Time,Distance,Speed,Throttle,Brake,Steering,Gear,RPM,LatG,LongG,TyreTemp_FL,TyreTemp_FR,TyreTemp_RL,TyreTemp_RR,Press_FL,Press_FR,Press_RL,Press_RR
0,0,180.1,100,0,0.5,4,6482,0,0.04,84.2,87.5,81.8,84.6,26.9,27.3,26.7,27.1
0.04,2,180.1,100,0,0.1,4,6484,0.02,0.04,84.2,87.5,81.8,84.6,26.9,27.3,26.7,27.1
0.08,4,180.2,100,0,-0.4,4,6486,-0.02,0.04,84.2,87.5,81.8,84.6,26.9,27.3,26.7,27.1
0.12,6,180.2,100,0,-0.5,4,6488,-0.01,0.04,84.2,87.5,81.8,84.6,26.9,27.3,26.7,27.1
0.16,8,180.3,100,0,-0.3,4,6490,0,0.04,84.1,87.4,81.7,84.5,26.9,27.3,26.7,27.1
0.2,10,180.3,100,0,0.3,4,6492,-0.03,0.04,84.1,87.4,81.7,84.5,26.89,27.29,26.69,27.09
0.24,12,180.4,100,0,-0.2,4,6495,-0.03,0.04,84.1,87.4,81.7,84.5,26.89,27.29,26.69,27.09
0.28,14,180.5,100,0,-0.3,4,6497,-0.04,0.04,84.1,87.4,81.7,84.5,26.89,27.29,26.69,27.09
0.32,16,180.5,100,0,0.3,4,6499,0,0.04,84.1,87.4,81.7,84.5,26.89,27.29,26.69,27.09
0.36,18,180.6,100,0,-0.5,4,6501,0.02,0.04,84.1,87.4,81.7,84.5,26.89,27.29,26.69,27.09
0.4,20,180.6,100,0,0,4,6503,0.01,0.04,84.1,87.4,81.7,84.5,26.89,27.29,26.69,27.09
0.44,22,180.7,100,0,-0.1,4,6505,-0.01,0.04,84.1,87.4,81.7,84.5,26.89,27.29,26.69,27.09
0.48,24,180.7,100,0,0,4,6507,0.02,0.04,84,87.3,81.6,84.4,26.89,27.29,26.69,27.09
0.52,26,180.8,100,0,0.9,4,6509,-0.01,0.04,84,87.3,81.6,84.4,26.89,27.29,26.69,27.09
0.56,28,180.9,100,0,-0.3,4,6511,0.02,0.04,84,87.3,81.6,84.4,26.89,27.29,26.69,27.09
0.6,30,180.9,100,0,-0.2,4,6513,0.02,0.04,84,87.3,81.6,84.4,26.89,27.29,26.69,27.09
0.64,32,181,100,0,0.3,4,6515,-0.03,0.04,84,87.3,81.6,84.4,26.88,27.28,26.68,27.08
0.68,34,181,100,0,-0.3,4,6517,0,0.04,84,87.3,81.6,84.4,26.88,27.28,26.68,27.08
0.72,36,181.1,100,0,-0.2,4,6519,0.03,0.04,84,87.3,81.6,84.4,26.88,27.28,26.68,27.08
0.76,38,181.2,100,0,0.3,4,6521,-0.01,0.04,84,87.3,81.6,84.4,26.88,27.28,26.68,27.08
0.8,40,181.2,100,0,1,4,6524,0.01,0.04,83.9,87.2,81.5,84.3,26.88,27.28,26.68,27.08
0.84,42,181.3,100,0,-0.3,4,6526,0.01,0.04,83.9,87.2,81.5,84.3,26.88,27.28,26.68,27.08
0.88,44,181.3,100,0,-0.5,4,6528,-0.02,0.04,83.9,87.2,81.5,84.3,26.88,27.28,26.68,27.08
0.92,46,181.4,100,0,0.7,4,6530,0.01,0.04,83.9,87.2,81.5,84.3,26.88,27.28,26.68,27.08
0.96,48,181.4,100,0,0.8,4,6532,0,0.04,83.9,87.2,81.5,84.3,26.88,27.28,26.68,27.08
1,50,181.5,100,0,1.1,4,6534,-0.04,0.04,83.9,87.2,81.5,84.3,26.88,27.28,26.68,27.08
1.04,52,181.6,100,0,-0.1,4,6536,0.01,0.04,83.9,87.2,81.5,84.3,26.88,27.28,26.68,27.08
1.08,54,181.6,100,0,0.2,4,6538,0.01,0.04,83.9,87.2,81.5,84.3,26.87,27.27,26.67,27.07
1.12,56,181.7,100,0,-0.3,4,6540,-0.01,0.04,83.9,87.2,81.5,84.3,26.87,27.27,26.67,27.07
1.16,58,181.7,100,0,0.9,4,6542,-0.02,0.04,83.8,87.1,81.4,84.2,26.87,27.27,26.67,27.07
1.2,60,181.8,100,0,-0.1,4,6544,0.03,0.04,83.8,87.1,81.4,84.2,26.87,27.27,26.67,27.07
1.24,62,181.8,100,0,-1.1,4,6546,-0.03,0.04,83.8,87.1,81.4,84.2,26.87,27.27,26.67,27.07
1.28,64,181.9,100,0,-0.1,4,6548,0.03,0.04,83.8,87.1,81.4,84.2,26.87,27.27,26.67,27.07
1.32,66,182,100,0,0.4,4,6551,-0.02,0.04,83.8,87.1,81.4,84.2,26.87,27.27,26.67,27.07
1.36,68,182,100,0,0,4,6553,-0.01,0.04,83.8,87.1,81.4,84.2,26.87,27.27,26.67,27.07
1.4,70,182.1,100,0,-0.8,4,6555,0,0.04,83.8,87.1,81.4,84.2,26.87,27.27,26.67,27.07
1.44,72,182.1,100,0,-0.1,4,6557,0,0.04,83.8,87.1,81.4,84.2,26.87,27.27,26.67,27.07
1.48,74,182.2,100,0,-0.1,4,6559,0.01,0.04,83.7,87,81.3,84.1,26.87,27.27,26.67,27.07
1.52,76,182.2,100,0,0.4,4,6561,-0.01,0.04,83.7,87,81.3,84.1,26.86,27.26,26.66,27.06
1.56,78,182.3,100,0,-0.5,4,6563,-0.02,0.04,83.7,87,81.3,84.1,26.86,27.26,26.66,27.06
1.6,81,182.4,100,0,-0.1,4,6565,-0.03,0.04,83.7,87,81.3,84.1,26.86,27.26,26.66,27.06
1.64,83,182.4,100,0,-0.5,4,6567,0.03,0.04,83.7,87,81.3,84.1,26.86,27.26,26.66,27.06
1.68,85,182.5,100,0,-0.4,4,6569,-0.01,0.04,83.7,87,81.3,84.1,26.86,27.26,26.66,27.06
1.72,87,182.5,100,0,-0.6,4,6571,-0.03,0.04,83.7,87,81.3,84.1,26.86,27.26,26.66,27.06
1.76,89,182.6,100,0,0,4,6573,0,0.04,83.7,87,81.3,84.1,26.86,27.26,26.66,27.06
1.8,91,182.6,100,0,0.5,4,6575,-0.06,0.04,83.6,86.9,81.2,84,26.86,27.26,26.66,27.06
1.84,93,182.7,100,0,-0.3,4,6577,0.04,0.04,83.6,86.9,81.2,84,26.86,27.26,26.66,27.06
1.88,95,182.8,100,0,-1,4,6580,0.01,0.04,83.6,86.9,81.2,84,26.86,27.26,26.66,27.06
1.92,97,182.8,100,0,0.1,4,6582,0.01,0.04,83.6,86.9,81.2,84,26.86,27.26,26.66,27.06
1.96,99,182.9,100,0,0.1,4,6584,-0.02,0.04,83.6,86.9,81.2,84,26.85,27.25,26.65,27.05
2,101,182.9,100,0,-1.1,4,6586,0,0.04,83.6,86.9,81.2,84,26.85,27.25,26.65,27.05
2.04,103,183,100,0,-0.5,4,6588,0.01,0.04,83.6,86.9,81.2,84,26.85,27.25,26.65,27.05
2.08,105,183.1,100,0,-0.4,4,6590,0,0.04,83.6,86.9,81.2,84,26.85,27.25,26.65,27.05
2.12,107,183.1,100,0,-0.5,4,6592,0.04,0.04,83.6,86.9,81.2,84,26.85,27.25,26.65,27.05
2.16,109,183.2,100,0,0.1,4,6594,0.01,0.04,83.5,86.8,81.1,83.9,26.85,27.25,26.65,27.05
2.2,111,183.2,100,0,0.3,4,6596,0,0.04,83.5,86.8,81.1,83.9,26.85,27.25,26.65,27.05
2.24,113,183.3,100,0,1,4,6598,0.01,0.04,83.5,86.8,81.1,83.9,26.85,27.25,26.65,27.05
2.28,115,183.3,100,0,0.7,4,6600,0.01,0.04,83.5,86.8,81.1,83.9,26.85,27.25,26.65,27.05
2.32,117,183.4,100,0,0,4,6602,0.01,0.04,83.5,86.8,81.1,83.9,26.85,27.25,26.65,27.05
2.36,119,183.5,100,0,0.5,4,6604,-0.04,0.04,83.5,86.8,81.1,83.9,26.85,27.25,26.65,27.05
2.4,121,183.5,100,0,0.6,4,6606,-0.05,0.04,83.5,86.8,81.1,83.9,26.85,27.25,26.65,27.05
2.44,123,183.6,100,0,-0.6,4,6609,-0.02,0.04,83.5,86.8,81.1,83.9,26.84,27.24,26.64,27.04
2.48,125,183.6,100,0,-0.6,4,6611,0.02,0.04,83.4,86.7,81,83.8,26.84,27.24,26.64,27.04
2.52,127,183.7,100,0,0.4,4,6613,0.05,0.04,83.4,86.7,81,83.8,26.84,27.24,26.64,27.04
2.56,129,183.7,100,0,-0.2,4,6615,0.01,0.04,83.4,86.7,81,83.8,26.84,27.24,26.64,27.04
2.6,131,183.8,100,0,-0.3,4,6617,0,0.04,83.4,86.7,81,83.8,26.84,27.24,26.64,27.04
2.64,133,183.9,100,0,0.6,4,6619,-0.02,0.04,83.4,86.7,81,83.8,26.84,27.24,26.64,27.04
2.68,135,183.9,100,0,0.3,4,6621,0,0.04,83.4,86.7,81,83.8,26.84,27.24,26.64,27.04
2.72,138,184,100,0,0.3,4,6623,-0.03,0.04,83.4,86.7,81,83.8,26.84,27.24,26.64,27.04
2.76,140,184,100,0,0,4,6625,0.02,0.04,83.4,86.7,81,83.8,26.84,27.24,26.64,27.04
2.8,142,184.1,100,0,0,4,6627,0.01,0.04,83.3,86.6,80.9,83.7,26.84,27.24,26.64,27.04
2.84,144,184.1,100,0,0,4,6629,-0.03,0.04,83.3,86.6,80.9,83.7,26.84,27.24,26.64,27.04
2.88,146,184.2,100,0,-0.4,4,6631,0.01,0.04,83.3,86.6,80.9,83.7,26.83,27.23,26.63,27.03
2.92,148,184.3,100,0,0.4,4,6633,0.02,0.04,83.3,86.6,80.9,83.7,26.83,27.23,26.63,27.03
2.96,150,184.3,100,0,-0.6,4,6636,0,0.04,83.3,86.6,80.9,83.7,26.83,27.23,26.63,27.03
3,152,184.4,100,0,-0.2,4,6638,0.02,0.04,83.3,86.6,80.9,83.7,26.83,27.23,26.63,27.03
3.04,154,184.4,100,0,-0.4,4,6640,-0.01,0.04,83.3,86.6,80.9,83.7,26.83,27.23,26.63,27.03
3.08,156,184.5,100,0,0.4,4,6642,-0.01,0.04,83.3,86.6,80.9,83.7,26.83,27.23,26.63,27.03
3.12,158,184.6,100,0,0.9,4,6644,-0.01,0.04,83.3,86.6,80.9,83.7,26.83,27.23,26.63,27.03
3.16,160,184.6,100,0,-0.2,4,6646,-0.04,0.04,83.2,86.5,80.8,83.6,26.83,27.23,26.63,27.03
3.2,162,184.7,100,0,-0.1,4,6648,0.01,0.04,83.2,86.5,80.8,83.6,26.83,27.23,26.63,27.03
3.24,164,184.7,100,0,0.3,4,6650,0.01,0.04,83.2,86.5,80.8,83.6,26.83,27.23,26.63,27.03
3.28,166,184.8,100,0,-0.5,4,6652,0.01,0.04,83.2,86.5,80.8,83.6,26.83,27.23,26.63,27.03
3.32,168,184.8,100,0,-0.9,4,6654,-0.02,0.04,83.2,86.5,80.8,83.6,26.82,27.22,26.62,27.02
3.36,170,184.9,100,0,-0.4,4,6656,-0.03,0.04,83.2,86.5,80.8,83.6,26.82,27.22,26.62,27.02
3.4,172,185,100,0,0.1,4,6658,-0.02,0.04,83.2,86.5,80.8,83.6,26.82,27.22,26.62,27.02
3.44,174,185,100,0,-0.1,4,6660,0.02,0.04,83.2,86.5,80.8,83.6,26.82,27.22,26.62,27.02
3.48,176,185.1,100,0,-0.8,4,6662,-0.03,0.04,83.1,86.4,80.7,83.5,26.82,27.22,26.62,27.02
3.52,179,185.1,100,0,-0.4,4,6665,0.03,0.04,83.1,86.4,80.7,83.5,26.82,27.22,26.62,27.02
3.56,181,185.2,100,0,0.4,4,6667,0,0.04,83.1,86.4,80.7,83.5,26.82,27.22,26.62,27.02
3.6,183,185.2,100,0,0.1,4,6669,0.02,0.04,83.1,86.4,80.7,83.5,26.82,27.22,26.62,27.02
3.64,185,185.3,100,0,-0.4,4,6671,-0.01,0.04,83.1,86.4,80.7,83.5,26.82,27.22,26.62,27.02
3.68,187,185.4,100,0,0,4,6673,-0.01,0.04,83.1,86.4,80.7,83.5,26.82,27.22,26.62,27.02
3.72,189,185.4,100,0,1.2,4,6675,-0.01,0.04,83.1,86.4,80.7,83.5,26.82,27.22,26.62,27.02
3.76,191,185.5,100,0,-0.3,4,6677,0.01,0.04,83.1,86.4,80.7,83.5,26.81,27.21,26.61,27.01
3.8,193,185.5,100,0,0.8,4,6679,-0.03,0.04,83,86.3,80.6,83.4,26.81,27.21,26.61,27.01
3.84,195,185.6,100,0,0.3,4,6681,-0.02,0.04,83,86.3,80.6,83.4,26.81,27.21,26.61,27.01
3.88,197,185.6,100,0,-0.3,4,6683,0.01,0.04,83,86.3,80.6,83.4,26.81,27.21,26.61,27.01
3.92,199,185.7,100,0,0.3,4,6685,0.01,0.04,83,86.3,80.6,83.4,26.81,27.21,26.61,27.01
3.96,201,185.8,100,0,-0.1,4,6687,0.01,0.04,83,86.3,80.6,83.4,26.81,27.21,26.61,27.01
4,203,185.8,100,0,0.1,4,6689,-0.01,0.04,83,86.3,80.6,83.4,26.81,27.21,26.61,27.01
4.04,205,185.9,100,0,-0.8,4,6692,-0.01,0.04,83,86.3,80.6,83.4,26.81,27.21,26.61,27.01
4.08,207,185.9,100,0,0,4,6694,0.01,0.04,83,86.3,80.6,83.4,26.81,27.21,26.61,27.01
4.12,209,186,100,0,0.2,4,6696,0.01,0.04,83,86.3,80.6,83.4,26.81,27.21,26.61,27.01
4.16,211,186,100,0,0,4,6698,0.01,0.04,82.9,86.2,80.5,83.3,26.81,27.21,26.61,27.01
4.2,214,186.1,100,0,0.1,4,6700,-0.03,0.04,82.9,86.2,80.5,83.3,26.8,27.2,26.6,27
4.24,216,186.2,100,0,-0.1,4,6702,-0.04,0.04,82.9,86.2,80.5,83.3,26.8,27.2,26.6,27
4.28,218,186.2,100,0,0.2,4,6704,0.01,0.04,82.9,86.2,80.5,83.3,26.8,27.2,26.6,27
4.32,220,186.3,100,0,0.2,4,6706,-0.01,0.04,82.9,86.2,80.5,83.3,26.8,27.2,26.6,27
4.36,222,186.3,100,0,0.2,4,6708,0.02,0.04,82.9,86.2,80.5,83.3,26.8,27.2,26.6,27
4.4,224,186.4,100,0,-0.2,4,6710,0,0.04,82.9,86.2,80.5,83.3,26.8,27.2,26.6,27
4.44,226,186.5,100,0,0.5,4,6712,-0.01,0.04,82.9,86.2,80.5,83.3,26.8,27.2,26.6,27
4.48,228,186.5,100,0,-0.1,4,6714,-0.01,0.04,82.8,86.1,80.4,83.2,26.8,27.2,26.6,27
4.52,230,186.6,100,0,-0.4,4,6716,0.02,0.04,82.8,86.1,80.4,83.2,26.8,27.2,26.6,27
4.56,232,186.6,100,0,0,4,6718,-0.01,0.04,82.8,86.1,80.4,83.2,26.8,27.2,26.6,27
4.6,234,186.7,100,0,0.5,4,6721,0.02,0.04,82.8,86.1,80.4,83.2,26.8,27.2,26.6,27
4.64,236,186.7,100,0,-0.4,4,6723,-0.02,0.04,82.8,86.1,80.4,83.2,26.79,27.19,26.59,26.99
4.68,238,186.8,100,0,0,4,6725,0.02,0.04,82.8,86.1,80.4,83.2,26.79,27.19,26.59,26.99
4.72,240,186.9,100,0,0.1,4,6727,-0.01,0.04,82.8,86.1,80.4,83.2,26.79,27.19,26.59,26.99
4.76,243,186.9,100,0,-0.8,4,6729,0.02,0.04,82.8,86.1,80.4,83.2,26.79,27.19,26.59,26.99
4.8,245,187,100,0,0.3,4,6731,0,0.04,82.7,86,80.3,83.1,26.79,27.19,26.59,26.99
4.84,247,187,100,0,0.7,4,6733,0.03,0.04,82.7,86,80.3,83.1,26.79,27.19,26.59,26.99
4.88,249,187.1,100,0,0.1,4,6735,0,0.04,82.7,86,80.3,83.1,26.79,27.19,26.59,26.99
4.92,251,187.1,100,0,-0.7,4,6737,-0.01,0.04,82.7,86,80.3,83.1,26.79,27.19,26.59,26.99
4.96,253,187.2,100,0,0.2,4,6739,0.02,0.04,82.7,86,80.3,83.1,26.79,27.19,26.59,26.99
5,255,187.3,100,0,0.8,4,6741,0.04,0.04,82.7,86,80.3,83.1,26.79,27.19,26.59,26.99
5.04,257,187.3,100,0,-0.4,4,6743,-0.03,0.04,82.7,86,80.3,83.1,26.79,27.19,26.59,26.99
5.08,259,187.4,100,0,0.2,4,6745,-0.01,0.04,82.7,86,80.3,83.1,26.78,27.18,26.58,26.98
5.12,261,187.4,100,0,-0.5,4,6747,-0.01,0.04,82.7,86,80.3,83.1,26.78,27.18,26.58,26.98
5.16,263,187.5,100,0,-0.5,4,6750,-0.02,0.04,82.6,85.9,80.2,83,26.78,27.18,26.58,26.98
5.2,265,187.5,100,0,0.1,4,6752,0.01,0.04,82.6,85.9,80.2,83,26.78,27.18,26.58,26.98
5.24,268,187.6,100,0,-0.4,4,6754,0.02,0.04,82.6,85.9,80.2,83,26.78,27.18,26.58,26.98
5.28,270,187.7,100,0,-0.2,4,6756,0,0.04,82.6,85.9,80.2,83,26.78,27.18,26.58,26.98
5.32,272,187.7,100,0,0.5,4,6758,0,0.04,82.6,85.9,80.2,83,26.78,27.18,26.58,26.98
5.36,274,187.8,100,0,-0.2,4,6760,-0.03,0.04,82.6,85.9,80.2,83,26.78,27.18,26.58,26.98
5.4,276,187.8,100,0,0,4,6762,0.02,0.04,82.6,85.9,80.2,83,26.78,27.18,26.58,26.98
5.44,278,187.9,100,0,0.4,4,6764,0.02,0.04,82.6,85.9,80.2,83,26.78,27.18,26.58,26.98
5.48,280,187.9,100,0,0.3,4,6766,-0.01,0.04,82.5,85.8,80.1,82.9,26.78,27.18,26.58,26.98
5.52,282,188,100,0,-0.5,4,6768,-0.02,0.04,82.5,85.8,80.1,82.9,26.77,27.17,26.57,26.97
5.56,284,188.1,100,0,0.4,4,6770,0,0.04,82.5,85.8,80.1,82.9,26.77,27.17,26.57,26.97
5.6,286,188.1,100,0,0.3,4,6772,0.01,0.04,82.5,85.8,80.1,82.9,26.77,27.17,26.57,26.97
5.64,288,188.2,100,0,0.3,4,6774,0,0.04,82.5,85.8,80.1,82.9,26.77,27.17,26.57,26.97
5.68,290,188.2,100,0,0,4,6777,-0.01,0.04,82.5,85.8,80.1,82.9,26.77,27.17,26.57,26.97
5.72,293,188.3,100,0,0,4,6779,0.02,0.04,82.5,85.8,80.1,82.9,26.77,27.17,26.57,26.97
5.76,295,188.4,100,0,-0.3,4,6781,0.02,0.04,82.5,85.8,80.1,82.9,26.77,27.17,26.57,26.97
5.8,297,188.4,100,0,-0.2,4,6783,-0.01,0.04,82.4,85.7,80,82.8,26.77,27.17,26.57,26.97
5.84,299,188.5,100,0,-0.5,4,6785,0,0.04,82.4,85.7,80,82.8,26.77,27.17,26.57,26.97
5.88,301,188.5,100,0,-0.3,4,6787,-0.01,0.04,82.4,85.7,80,82.8,26.77,27.17,26.57,26.97
5.92,303,188.6,100,0,-0.3,4,6789,0.02,0.04,82.4,85.7,80,82.8,26.77,27.17,26.57,26.97
5.96,305,188.6,100,0,-0.1,4,6791,0.02,0.04,82.4,85.7,80,82.8,26.76,27.16,26.56,26.96
6,307,188.7,100,0,-1.1,4,6793,0.03,0.04,82.4,85.7,80,82.8,26.76,27.16,26.56,26.96
6.04,309,188.8,100,0,0.4,4,6795,-0.02,0.04,82.4,85.7,80,82.8,26.76,27.16,26.56,26.96
6.08,311,188.8,100,0,-0.5,4,6797,0.01,0.04,82.4,85.7,80,82.8,26.76,27.16,26.56,26.96
6.12,314,188.9,100,0,0.1,4,6799,0.03,0.04,82.4,85.7,80,82.8,26.76,27.16,26.56,26.96
6.16,316,188.9,100,0,0.5,4,6801,-0.01,0.04,82.3,85.6,79.9,82.7,26.76,27.16,26.56,26.96
6.2,318,189,100,0,-0.1,4,6803,-0.01,0.04,82.3,85.6,79.9,82.7,26.76,27.16,26.56,26.96
6.24,320,189,100,0,-0.1,4,6806,0.01,0.04,82.3,85.6,79.9,82.7,26.76,27.16,26.56,26.96
6.28,322,189.1,100,0,-0.4,4,6808,0.03,0.04,82.3,85.6,79.9,82.7,26.76,27.16,26.56,26.96
6.32,324,189.2,100,0,0.2,4,6810,0,0.04,82.3,85.6,79.9,82.7,26.76,27.16,26.56,26.96
6.36,326,189.2,100,0,0.1,4,6812,0.01,0.04,82.3,85.6,79.9,82.7,26.76,27.16,26.56,26.96
6.4,328,189.3,100,0,0.6,4,6814,0.01,0.04,82.3,85.6,79.9,82.7,26.76,27.16,26.56,26.96
6.44,330,189.3,100,0,-0.1,4,6816,-0.04,0.04,82.3,85.6,79.9,82.7,26.75,27.15,26.55,26.95
6.48,332,189.4,100,0,0.3,4,6818,-0.03,0.04,82.2,85.5,79.8,82.6,26.75,27.15,26.55,26.95
6.52,335,189.4,100,0,-0.4,4,6820,0.01,0.04,82.2,85.5,79.8,82.6,26.75,27.15,26.55,26.95
6.56,337,189.5,100,0,-0.1,4,6822,0.04,0.04,82.2,85.5,79.8,82.6,26.75,27.15,26.55,26.95
6.6,339,189.6,100,0,0.3,4,6824,-0.01,0.04,82.2,85.5,79.8,82.6,26.75,27.15,26.55,26.95
6.64,341,189.6,100,0,-0.3,4,6826,-0.01,0.04,82.2,85.5,79.8,82.6,26.75,27.15,26.55,26.95
6.68,343,189.7,100,0,0.4,4,6828,-0.02,0.04,82.2,85.5,79.8,82.6,26.75,27.15,26.55,26.95
6.72,345,189.7,100,0,-0.2,4,6830,-0.03,0.04,82.2,85.5,79.8,82.6,26.75,27.15,26.55,26.95
6.76,347,189.8,100,0,0.5,4,6833,0,0.04,82.2,85.5,79.8,82.6,26.75,27.15,26.55,26.95
6.8,349,189.8,100,0,-0.5,4,6835,-0.03,0.04,82.2,85.5,79.8,82.6,26.75,27.15,26.55,26.95
6.84,351,189.9,100,0,1.5,4,6837,-0.02,0.04,82.2,85.5,79.8,82.6,26.75,27.15,26.55,26.95
6.88,354,190,100,0,0.1,4,6839,-0.02,0.04,82.2,85.5,79.8,82.6,26.75,27.15,26.55,26.95
6.92,356,190,100,0,0.4,4,6841,0.01,0.04,82.2,85.5,79.8,82.6,26.75,27.15,26.55,26.95
6.96,358,190.1,100,0,0.1,4,6843,-0.01,0.04,82.2,85.5,79.8,82.6,26.75,27.15,26.55,26.95
7,360,190.1,100,0,0.2,4,6845,0,0.04,82.2,85.5,79.8,82.6,26.75,27.15,26.55,26.95
7.04,362,190.2,100,0,0.2,4,6847,0.02,0.04,82.2,85.5,79.8,82.6,26.75,27.15,26.55,26.95
7.08,364,190.3,100,0,-0.4,4,6849,0.02,0.04,82.2,85.5,79.8,82.6,26.75,27.15,26.55,26.95
7.12,366,190.3,100,0,-0.5,4,6851,-0.01,0.04,82.2,85.5,79.8,82.6,26.75,27.15,26.55,26.95
7.16,368,190.4,100,0,0.2,4,6853,0.02,0.04,82.2,85.5,79.8,82.6,26.75,27.15,26.55,26.95
7.2,370,190.4,100,0,0.2,4,6855,0.03,0.04,82.2,85.5,79.8,82.6,26.75,27.15,26.55,26.95
7.24,373,190.5,100,0,0.6,4,6857,0.01,0.04,82.2,85.5,79.8,82.6,26.75,27.15,26.55,26.95
7.28,375,190.5,100,0,0.6,4,6859,0.05,0.04,82.2,85.5,79.8,82.6,26.75,27.15,26.55,26.95
7.32,377,190.6,100,0,-0.4,4,6862,-0.01,0.04,82.2,85.5,79.8,82.6,26.75,27.15,26.55,26.95
7.36,379,190.7,100,0,0,4,6864,0.03,0.04,82.2,85.5,79.8,82.6,26.75,27.15,26.55,26.95
7.4,381,190.7,100,0,0.1,4,6866,0.03,0.04,82.2,85.5,79.8,82.6,26.75,27.15,26.55,26.95
7.44,383,190.8,100,0,0.7,4,6868,0.02,0.04,82.2,85.5,79.8,82.6,26.75,27.15,26.55,26.95
7.48,385,190.8,100,0,0,4,6870,0.01,0.04,82.2,85.5,79.8,82.6,26.75,27.15,26.55,26.95
7.52,387,190.9,100,0,-0.1,4,6872,0.02,0.04,82.2,85.5,79.8,82.6,26.75,27.15,26.55,26.95
7.56,389,190.9,100,0,0.6,4,6874,-0.02,0.04,82.2,85.5,79.8,82.6,26.75,27.15,26.55,26.95
7.6,392,191,100,0,-0.4,4,6876,0.01,0.04,82.2,85.5,79.8,82.6,26.75,27.15,26.55,26.95
7.64,394,191.1,100,0,-0.2,4,6878,-0.01,0.04,82.2,85.5,79.8,82.6,26.75,27.15,26.55,26.95
7.68,396,191.1,100,0,0.1,4,6880,0.02,0.04,82.2,85.5,79.8,82.6,26.75,27.15,26.55,26.95
7.72,398,191.2,100,0,-0.2,4,6882,0.01,0.04,82.2,85.5,79.8,82.6,26.75,27.15,26.55,26.95
7.76,400,191.2,100,0,0,4,6884,-0.02,0.04,82.2,85.5,79.8,82.6,26.75,27.15,26.55,26.95
7.8,402,191.3,100,0,-0.1,4,6886,-0.01,0.04,82.2,85.5,79.8,82.6,26.75,27.15,26.55,26.95
7.84,404,191.3,100,0,-0.4,4,6888,0.03,0.04,82.2,85.5,79.8,82.6,26.75,27.15,26.55,26.95
7.88,406,191.4,100,0,0,4,6891,0,0.04,82.2,85.5,79.8,82.6,26.75,27.15,26.55,26.95
7.92,409,191.5,100,0,0.6,4,6893,0.02,0.04,82.2,85.5,79.8,82.6,26.75,27.15,26.55,26.95
7.96,411,191.5,100,0,0.5,4,6895,0.02,0.04,82.2,85.5,79.8,82.6,26.75,27.15,26.55,26.95
8,413,191.6,100,0,0.6,4,6897,0.02,0.04,82.2,85.5,79.8,82.6,26.75,27.15,26.55,26.95
8.04,415,191.6,100,0,-0.2,4,6899,0.02,0.04,82.2,85.5,79.8,82.6,26.75,27.15,26.55,26.95
8.08,417,191.7,100,0,-0.3,4,6901,0.01,0.04,82.2,85.5,79.8,82.6,26.75,27.15,26.55,26.95
8.12,419,191.8,100,0,-0.3,4,6903,-0.01,0.04,82.2,85.5,79.8,82.6,26.75,27.15,26.55,26.95
8.16,421,191.8,100,0,0.2,4,6905,-0.01,0.04,82.2,85.5,79.8,82.6,26.75,27.15,26.55,26.95
8.2,424,191.9,100,0,0.4,4,6907,0,0.04,82.2,85.5,79.8,82.6,26.75,27.15,26.55,26.95
8.24,426,191.9,100,0,0.3,4,6909,0.01,0.04,82.2,85.5,79.8,82.6,26.75,27.15,26.55,26.95
8.28,428,192,100,0,-0.1,4,6911,0.01,0.04,82.2,85.5,79.8,82.6,26.75,27.15,26.55,26.95
8.32,430,192,100,0,0.3,4,6913,-0.01,0.04,82.2,85.5,79.8,82.6,26.75,27.15,26.55,26.95
8.36,432,192.1,100,0,0.3,4,6915,0.02,0.04,82.2,85.5,79.8,82.6,26.75,27.15,26.55,26.95
8.4,434,192.2,100,0,0.1,4,6918,0,0.04,82.2,85.5,79.8,82.6,26.75,27.15,26.55,26.95
8.44,436,192.2,100,0,0.7,4,6920,-0.04,0.04,82.2,85.5,79.8,82.6,26.75,27.15,26.55,26.95
8.48,438,192.3,100,0,0,4,6922,0.01,0.04,82.2,85.5,79.8,82.6,26.75,27.15,26.55,26.95
8.52,441,192.3,100,0,-0.5,4,6924,0.06,0.04,82.2,85.5,79.8,82.6,26.75,27.15,26.55,26.95
8.56,443,192.4,100,0,0.1,4,6926,-0.01,0.04,82.2,85.5,79.8,82.6,26.75,27.15,26.55,26.95
8.6,445,192.4,100,0,-0.6,4,6928,-0.03,0.04,82.2,85.5,79.8,82.6,26.75,27.15,26.55,26.95
8.64,447,192.5,100,0,0.5,4,6930,-0.04,0.04,82.2,85.5,79.8,82.6,26.75,27.15,26.55,26.95
8.68,449,192.6,100,0,0,4,6932,-0.01,0.04,82.2,85.5,79.8,82.6,26.75,27.15,26.55,26.95
8.72,451,192.6,100,0,0.8,4,6934,0.06,0.04,82.2,85.5,79.8,82.6,26.75,27.15,26.55,26.95
8.76,453,192.7,100,0,-0.1,4,6936,0,0.04,82.2,85.5,79.8,82.6,26.75,27.15,26.55,26.95
8.8,456,192.7,100,0,0.2,4,6938,0,0.04,82.2,85.5,79.8,82.6,26.75,27.15,26.55,26.95
8.84,458,192.8,100,0,0.4,4,6940,-0.01,0.04,82.2,85.5,79.8,82.6,26.75,27.15,26.55,26.95
8.88,460,192.8,100,0,0.3,4,6942,0.02,0.04,82.2,85.5,79.8,82.6,26.75,27.15,26.55,26.95
8.92,462,192.9,100,0,0.6,4,6944,-0.03,0.04,82.2,85.5,79.8,82.6,26.75,27.15,26.55,26.95
8.96,464,193,100,0,-0.4,4,6947,0.03,0.04,82.2,85.5,79.8,82.6,26.75,27.15,26.55,26.95
9,466,193,100,0,-0.5,4,6949,-0.02,0.04,82.2,85.5,79.8,82.6,26.75,27.15,26.55,26.95
9.04,468,193.1,100,0,-0.4,4,6951,-0.02,0.04,82.2,85.5,79.8,82.6,26.75,27.15,26.55,26.95
9.08,471,193.1,100,0,0.8,4,6953,0.04,0.04,82.2,85.5,79.8,82.6,26.75,27.15,26.55,26.95
9.12,473,193.2,100,0,0,4,6955,-0.01,0.04,82.2,85.5,79.8,82.6,26.75,27.15,26.55,26.95
9.16,475,193.2,100,0,0.2,4,6957,-0.01,0.04,82.2,85.5,79.8,82.6,26.75,27.15,26.55,26.95
9.2,477,193.3,100,0,0.5,4,6959,-0.02,0.04,82.2,85.5,79.8,82.6,26.75,27.15,26.55,26.95
9.24,479,193.4,100,0,0.9,4,6961,0.01,0.04,82.2,85.5,79.8,82.6,26.75,27.15,26.55,26.95
9.28,481,193.4,100,0,0.1,4,6963,0,0.04,82.2,85.5,79.8,82.6,26.75,27.15,26.55,26.95
9.32,483,193.5,100,0,-0.3,4,6965,0.01,0.04,82.2,85.5,79.8,82.6,26.75,27.15,26.55,26.95
9.36,486,193.5,100,0,0.8,4,6967,-0.02,0.04,82.2,85.5,79.8,82.6,26.75,27.15,26.55,26.95
9.4,488,193.6,100,0,0.2,4,6969,-0.01,0.04,82.2,85.5,79.8,82.6,26.75,27.15,26.55,26.95
9.44,490,193.7,100,0,-0.2,4,6971,-0.03,0.04,82.2,85.5,79.8,82.6,26.75,27.15,26.55,26.95
9.48,492,193.7,100,0,0.5,4,6974,-0.02,0.04,82.2,85.5,79.8,82.6,26.75,27.15,26.55,26.95
9.52,494,193.8,100,0,-0.7,4,6976,-0.02,0.04,82.2,85.5,79.8,82.6,26.75,27.15,26.55,26.95
9.56,496,193.8,100,0,0.3,4,6978,-0.01,0.04,82.2,85.5,79.8,82.6,26.75,27.15,26.55,26.95
9.6,499,193.9,100,0,-0.5,4,6980,0.01,0.04,82.2,85.5,79.8,82.6,26.75,27.15,26.55,26.95
9.64,501,193.9,100,0,-0.1,4,6982,0,0.04,82.2,85.5,79.8,82.6,26.75,27.15,26.55,26.95
9.68,503,194,100,0,0.1,4,6984,-0.08,0.04,82.2,85.5,79.8,82.6,26.75,27.15,26.55,26.95
9.72,505,194.1,100,0,-0.3,4,6986,0,0.04,82.2,85.5,79.8,82.6,26.75,27.15,26.55,26.95
9.76,507,194.1,100,0,0.6,4,6988,-0.01,0.04,82.2,85.5,79.8,82.6,26.75,27.15,26.55,26.95
9.8,509,194.2,100,0,-0.5,4,6990,-0.01,0.04,82.2,85.5,79.8,82.6,26.75,27.15,26.55,26.95
9.84,511,194.2,100,0,0.3,4,6992,0.01,0.04,82.2,85.5,79.8,82.6,26.75,27.15,26.55,26.95
9.88,514,194.3,100,0,0,4,6994,-0.03,0.04,82.2,85.5,79.8,82.6,26.75,27.15,26.55,26.95
9.92,516,194.3,100,0,-0.6,4,6996,-0.03,0.04,82.2,85.5,79.8,82.6,26.75,27.15,26.55,26.95
9.96,518,194.4,100,0,-0.2,4,6998,-0.01,0.04,82.2,85.5,79.8,82.6,26.75,27.15,26.55,26.95
10,520,194.4,0,0,0.9,4,6998,0,-1.85,82.2,85.6,79.8,82.6,26.75,27.16,26.55,26.95
10.04,522,194.1,0,9,-0.4,4,6989,0,-1.85,82.3,85.7,79.8,82.6,26.76,27.17,26.55,26.95
10.08,524,193.6,0,17,1.1,4,6970,0,-1.85,82.3,85.9,79.8,82.6,26.76,27.18,26.55,26.95
10.12,527,192.9,0,25,-0.9,4,6943,0,-1.85,82.4,86,79.8,82.6,26.76,27.19,26.55,26.95
10.16,529,191.9,0,33,0.9,4,6908,0,-1.85,82.4,86.1,79.8,82.6,26.77,27.2,26.55,26.95
10.2,531,190.7,0,41,-0.3,4,6863,0,-1.85,82.4,86.2,79.8,82.6,26.77,27.2,26.55,26.95
10.24,533,189.2,0,50,0.8,4,6809,0,-1.85,82.5,86.3,79.8,82.6,26.77,27.21,26.55,26.95
10.28,535,187.4,0,58,0.8,4,6747,0,-1.85,82.5,86.5,79.8,82.6,26.77,27.22,26.55,26.95
10.32,537,185.4,0,66,-0.7,4,6675,0,-1.85,82.6,86.6,79.8,82.6,26.78,27.23,26.55,26.95
10.36,539,183.2,0,74,-0.4,4,6596,0,-1.85,82.6,86.7,79.8,82.6,26.78,27.24,26.55,26.95
10.4,541,180.8,0,81,-0.1,4,6508,0,-1.85,82.6,86.8,79.8,82.6,26.78,27.25,26.55,26.95
10.44,543,178.1,0,89,0.8,4,6412,0,-1.85,82.7,86.9,79.8,82.6,26.79,27.26,26.55,26.95
10.48,545,175.4,0,92,1.3,4,6313,0,-1.85,82.7,87.1,79.8,82.6,26.79,27.27,26.55,26.95
10.52,547,172.6,0,92,0.4,3,7594,0,-1.85,82.8,87.2,79.8,82.6,26.79,27.28,26.55,26.95
10.56,549,169.8,0,92,-0.2,3,7473,0,-1.85,82.8,87.3,79.8,82.6,26.8,27.29,26.55,26.95
10.6,551,167.1,0,92,-0.3,3,7351,0,-1.85,82.8,87.4,79.8,82.6,26.8,27.29,26.55,26.95
10.64,553,164.3,0,92,-1.4,3,7230,0,-1.85,82.9,87.5,79.8,82.6,26.8,27.3,26.55,26.95
10.68,555,161.6,0,92,-0.1,3,7108,0,-1.85,82.9,87.7,79.8,82.6,26.8,27.31,26.55,26.95
10.72,556,158.8,0,92,0.9,3,6987,0,-1.85,83,87.8,79.8,82.6,26.81,27.32,26.55,26.95
10.76,558,156,0,92,-0.9,3,6865,0,-1.85,83,87.9,79.8,82.6,26.81,27.33,26.55,26.95
10.8,560,153.3,0,92,-1.1,3,6744,0,-1.85,83,88,79.8,82.6,26.81,27.34,26.55,26.95
10.84,562,150.5,0,92,-1.4,3,6622,0,-1.85,83.1,88.1,79.8,82.6,26.82,27.35,26.55,26.95
10.88,563,147.8,0,92,1,3,6501,0,-1.85,83.1,88.3,79.8,82.6,26.82,27.36,26.55,26.95
10.92,565,145,0,92,0.4,3,6380,0,-1.85,83.2,88.4,79.8,82.6,26.82,27.37,26.55,26.95
10.96,567,142.2,0,92,0.9,3,6258,0,-1.85,83.2,88.5,79.8,82.6,26.83,27.38,26.55,26.95
11,568,139.5,0,92,-1.3,3,6137,0,-1.85,83.2,88.6,79.8,82.6,26.83,27.38,26.55,26.95
11.04,570,136.7,0,92,-0.8,3,6015,0,-1.85,83.3,88.7,79.8,82.6,26.83,27.39,26.55,26.95
11.08,571,134,0,92,-0.3,2,7635,0,-1.85,83.3,88.9,79.8,82.6,26.83,27.4,26.55,26.95
11.12,573,132,0,92,0,2,7524,0,-1.85,83.4,89,79.8,82.6,26.84,27.41,26.55,26.95
11.16,574,132,0,92,-0.8,2,7524,0,-1.85,83.4,89.1,79.8,82.6,26.84,27.42,26.55,26.95
11.2,576,132,0,92,0.4,2,7524,0,-1.85,83.4,89.2,79.8,82.6,26.84,27.43,26.55,26.95
11.24,577,132,0,92,-0.6,2,7524,0,-1.85,83.5,89.3,79.8,82.6,26.85,27.44,26.55,26.95
11.28,579,132,0,92,-1,2,7524,0,-1.85,83.5,89.5,79.8,82.6,26.85,27.45,26.55,26.95
11.32,580,132,0,92,2.2,2,7524,0,-1.85,83.6,89.6,79.8,82.6,26.85,27.46,26.55,26.95
11.36,582,132,0,92,-1.2,2,7524,0,-1.85,83.6,89.7,79.8,82.6,26.86,27.47,26.55,26.95
11.4,583,132,0,92,0.9,2,7524,0,-1.85,83.6,89.8,79.8,82.6,26.86,27.47,26.55,26.95
11.44,584,132,0,92,0.7,2,7524,0,-1.85,83.7,89.9,79.8,82.6,26.86,27.48,26.55,26.95
11.48,586,132,0,92,0.5,2,7524,0,-1.85,83.7,90.1,79.8,82.6,26.86,27.49,26.55,26.95
11.52,587,132,0,92,-1.6,2,7524,0,-1.85,83.8,90.2,79.8,82.6,26.87,27.5,26.55,26.95
11.56,589,132,0,92,-0.9,2,7524,0,-1.85,83.8,90.3,79.8,82.6,26.87,27.51,26.55,26.95
11.6,590,132,0,92,0.4,2,7524,0,-1.85,83.8,90.4,79.8,82.6,26.87,27.52,26.55,26.95
11.64,592,132,0,92,-1,2,7524,0,-1.85,83.9,90.5,79.8,82.6,26.88,27.53,26.55,26.95
11.68,593,132,0,90,-1.3,2,7524,-0.03,-1.38,83.9,90.7,79.8,82.6,26.88,27.54,26.55,26.95
11.72,595,132,0,88,-2.1,2,7524,-0.06,-1.36,84,90.8,79.8,82.6,26.88,27.55,26.55,26.95
11.76,596,132,0,86,-4.6,2,7524,-0.1,-1.33,84,90.9,79.8,82.6,26.89,27.56,26.55,26.95
11.8,598,132,0,84,-5.3,2,7524,-0.13,-1.31,84,91,79.8,82.6,26.89,27.56,26.55,26.95
11.84,599,132,0,82,-6.4,2,7524,-0.17,-1.29,84.1,91.1,79.8,82.6,26.89,27.57,26.55,26.95
11.88,601,132,0,80,-8.1,2,7524,-0.2,-1.26,84.1,91.3,79.8,82.6,26.89,27.58,26.55,26.95
11.92,602,132,0,78,-10,2,7524,-0.24,-1.24,84.2,91.4,79.8,82.6,26.9,27.59,26.55,26.95
11.96,604,132,0,76,-11.3,2,7524,-0.27,-1.22,84.2,91.5,79.8,82.6,26.9,27.6,26.55,26.95
12,605,132,0,74,-12.4,2,7524,-0.31,-1.19,84.2,91.6,79.8,82.6,26.9,27.61,26.55,26.95
12.04,606,132,0,72,-12.8,2,7524,-0.34,-1.17,84.3,91.7,79.8,82.6,26.91,27.62,26.55,26.95
12.08,608,132,0,70,-14.7,2,7524,-0.38,-1.15,84.3,91.9,79.8,82.6,26.91,27.63,26.55,26.95
12.12,609,132,0,68,-16,2,7524,-0.41,-1.12,84.4,92,79.8,82.6,26.91,27.64,26.55,26.95
12.16,611,132,0,66,-16.8,2,7524,-0.45,-1.1,84.4,92.1,79.8,82.6,26.92,27.65,26.55,26.95
12.2,612,132,0,64,-18.7,2,7524,-0.48,-1.08,84.4,92.2,79.8,82.6,26.92,27.65,26.55,26.95
12.24,614,132,0,62,-19.8,2,7524,-0.52,-1.05,84.5,92.3,79.8,82.6,26.92,27.66,26.55,26.95
12.28,615,132,0,60,-20.6,2,7524,-0.55,-1.03,84.5,92.5,79.8,82.6,26.92,27.67,26.55,26.95
12.32,617,132,0,58,-21.8,2,7524,-0.59,-1.01,84.6,92.6,79.8,82.6,26.93,27.68,26.55,26.95
12.36,618,132,0,56,-23.8,2,7524,-0.62,-0.98,84.6,92.7,79.8,82.6,26.93,27.69,26.55,26.95
12.4,620,132,0,54,-25.1,2,7524,-0.66,-0.96,84.6,92.8,79.8,82.6,26.93,27.7,26.55,26.95
12.44,621,132,0,52,-26,2,7524,-0.69,-0.94,84.7,92.9,79.8,82.6,26.94,27.71,26.55,26.95
12.48,623,132,0,51,-26.7,2,7524,-0.73,-0.91,84.7,93.1,79.8,82.6,26.94,27.72,26.55,26.95
12.52,624,132,0,49,-28.2,2,7524,-0.76,-0.89,84.8,93.2,79.8,82.6,26.94,27.73,26.55,26.95
12.56,626,132,0,47,-29.3,2,7524,-0.8,-0.87,84.8,93.3,79.8,82.6,26.95,27.74,26.55,26.95
12.6,627,132,0,45,-31,2,7524,-0.83,-0.84,84.8,93.4,79.8,82.6,26.95,27.74,26.55,26.95
12.64,628,132,0,44,-32.6,2,7524,-0.87,-0.82,84.9,93.5,79.8,82.6,26.95,27.75,26.55,26.95
12.68,630,132,0,42,-33.6,2,7524,-0.9,-0.8,84.9,93.7,79.8,82.6,26.95,27.76,26.55,26.95
12.72,631,132,0,40,-33.4,2,7524,-0.94,-0.77,85,93.8,79.8,82.6,26.96,27.77,26.55,26.95
12.76,633,132,0,38,-35.8,2,7524,-0.97,-0.75,85,93.9,79.8,82.6,26.96,27.78,26.55,26.95
12.8,634,132,0,37,-36.1,2,7524,-1.01,-0.73,85,94,79.8,82.6,26.96,27.79,26.55,26.95
12.84,636,132,0,35,-36.2,2,7524,-1.04,-0.7,85.1,94.1,79.8,82.6,26.97,27.8,26.55,26.95
12.88,637,132,0,33,-38.5,2,7524,-1.08,-0.68,85.1,94.3,79.8,82.6,26.97,27.81,26.55,26.95
12.92,639,132,0,32,-38.7,2,7524,-1.11,-0.66,85.2,94.4,79.8,82.6,26.97,27.82,26.55,26.95
12.96,640,132,0,30,-39.5,2,7524,-1.15,-0.63,85.2,94.5,79.8,82.6,26.98,27.83,26.55,26.95
13,642,132,0,29,-40,2,7524,-1.18,-0.61,85.2,94.6,79.8,82.6,26.98,27.83,26.55,26.95
13.04,643,132,0,27,-41.9,2,7524,-1.22,-0.59,85.3,94.7,79.8,82.6,26.98,27.84,26.55,26.95
13.08,645,132,0,26,-42.6,2,7524,-1.25,-0.56,85.3,94.9,79.8,82.6,26.98,27.85,26.55,26.95
13.12,646,132,0,24,-43,2,7524,-1.29,-0.54,85.4,95,79.8,82.6,26.99,27.86,26.55,26.95
13.16,648,132,0,23,-43.3,2,7524,-1.32,-0.52,85.4,95.1,79.8,82.6,26.99,27.87,26.55,26.95
13.2,649,132,0,21,-43.9,2,7524,-1.36,-0.49,85.4,95.2,79.8,82.6,26.99,27.88,26.55,26.95
13.24,650,132,0,20,-44.9,2,7524,-1.39,-0.47,85.5,95.3,79.8,82.6,27,27.89,26.55,26.95
13.28,652,132,0,19,-45.5,2,7524,-1.43,-0.45,85.5,95.5,79.8,82.6,27,27.9,26.55,26.95
13.32,653,132,0,17,-45.9,2,7524,-1.46,-0.42,85.6,95.6,79.8,82.6,27,27.91,26.55,26.95
13.36,655,132,0,16,-46.8,2,7524,-1.5,-0.4,85.6,95.7,79.8,82.6,27.01,27.92,26.55,26.95
13.4,656,132,0,15,-47.3,2,7524,-1.53,-0.38,85.6,95.8,79.8,82.6,27.01,27.92,26.55,26.95
13.44,658,132,0,13,-48,2,7524,-1.57,-0.35,85.7,95.9,79.8,82.6,27.01,27.93,26.55,26.95
13.48,659,132,0,12,-48.4,2,7524,-1.6,-0.33,85.7,96.1,79.8,82.6,27.01,27.94,26.55,26.95
13.52,661,132,0,11,-48.6,2,7524,-1.64,-0.31,85.8,96.2,79.8,82.6,27.02,27.95,26.55,26.95
13.56,662,132,0,10,-49.1,2,7524,-1.67,-0.28,85.8,96.3,79.8,82.6,27.02,27.96,26.55,26.95
13.6,664,132,0,9,-49.6,2,7524,-1.71,-0.26,85.8,96.4,79.8,82.6,27.02,27.97,26.55,26.95
13.64,665,132,0,8,-49.9,2,7524,-1.74,-0.24,85.9,96.5,79.8,82.6,27.03,27.98,26.55,26.95
13.68,667,132,0,7,-49.7,2,7524,-1.78,-0.21,85.9,96.7,79.8,82.6,27.03,27.99,26.55,26.95
13.72,668,132,0,6,-50.9,2,7524,-1.81,-0.19,86,96.8,79.8,82.6,27.03,28,26.55,26.95
13.76,670,132,0,5,-51.2,2,7524,-1.85,-0.17,86,96.9,79.8,82.6,27.04,28.01,26.55,26.95
13.8,671,132,0,4,-50.7,2,7524,-1.88,-0.14,86,97,79.8,82.6,27.04,28.01,26.55,26.95
13.84,672,132,0,3,-52.4,2,7524,-1.92,-0.12,86.1,97.1,79.8,82.6,27.04,28.02,26.55,26.95
13.88,674,132,0,2,-51.7,2,7524,-1.95,-0.1,86.1,97.3,79.8,82.6,27.04,28.03,26.55,26.95
13.92,675,132,0,1,-52.6,2,7524,-1.99,-0.07,86.2,97.4,79.8,82.6,27.05,28.04,26.55,26.95
13.96,677,132,0,1,-52.6,2,7524,-2.02,-0.05,86.2,97.5,79.8,82.6,27.05,28.05,26.55,26.95
14,678,132,0,0,-51.4,2,7524,-2.06,-0.03,86.2,97.6,79.8,82.6,27.05,28.06,26.55,26.95
14.04,680,132,0,0,-51.3,2,7524,-2.09,0,86.3,97.7,79.8,82.6,27.06,28.07,26.55,26.95
14.08,681,132,2,0,-51.7,2,7524,-1.94,0.01,86.3,97.7,79.8,82.6,27.06,28.07,26.55,26.95
14.12,683,132,3,0,-50.4,2,7524,-1.92,0.01,86.3,97.7,79.9,82.7,27.06,28.07,26.56,26.96
14.16,684,132,5,0,-50.4,2,7525,-1.9,0.02,86.3,97.7,79.9,82.7,27.06,28.07,26.56,26.96
14.2,686,132,7,0,-49.4,2,7525,-1.89,0.03,86.3,97.7,79.9,82.7,27.06,28.07,26.56,26.96
14.24,687,132,8,0,-48.9,2,7526,-1.87,0.03,86.3,97.7,80,82.8,27.06,28.07,26.56,26.96
14.28,689,132,9,0,-48.2,2,7526,-1.85,0.04,86.3,97.7,80,82.8,27.06,28.07,26.57,26.97
14.32,690,132,11,0,-48.4,2,7527,-1.84,0.05,86.3,97.7,80,82.8,27.06,28.07,26.57,26.97
14.36,692,132.1,12,0,-48.3,2,7528,-1.82,0.05,86.3,97.7,80.1,82.9,27.06,28.07,26.57,26.97
14.4,693,132.1,13,0,-47,2,7528,-1.81,0.06,86.3,97.7,80.1,82.9,27.06,28.07,26.57,26.97
14.44,694,132.1,15,0,-46.8,2,7529,-1.79,0.07,86.3,97.7,80.1,82.9,27.06,28.07,26.58,26.98
14.48,696,132.1,16,0,-45.9,2,7530,-1.77,0.07,86.3,97.7,80.2,83,27.06,28.07,26.58,26.98
14.52,697,132.1,17,0,-45.5,2,7531,-1.76,0.08,86.3,97.7,80.2,83,27.06,28.07,26.58,26.98
14.56,699,132.1,18,0,-45,2,7533,-1.74,0.09,86.3,97.7,80.3,83.1,27.06,28.07,26.58,26.98
14.6,700,132.2,19,0,-44.3,2,7534,-1.72,0.09,86.3,97.7,80.3,83.1,27.06,28.07,26.59,26.99
14.64,702,132.2,21,0,-44.6,2,7535,-1.71,0.1,86.3,97.7,80.3,83.1,27.06,28.07,26.59,26.99
14.68,703,132.2,22,0,-42.5,2,7536,-1.69,0.11,86.3,97.7,80.4,83.2,27.06,28.07,26.59,26.99
14.72,705,132.2,23,0,-43.1,2,7538,-1.67,0.11,86.3,97.7,80.4,83.2,27.06,28.07,26.59,26.99
14.76,706,132.3,24,0,-41.8,2,7539,-1.66,0.12,86.3,97.7,80.4,83.2,27.06,28.07,26.6,27
14.8,708,132.3,25,0,-42.5,2,7541,-1.64,0.13,86.3,97.7,80.5,83.3,27.06,28.07,26.6,27
14.84,709,132.3,26,0,-40.9,2,7543,-1.63,0.14,86.3,97.7,80.5,83.3,27.06,28.07,26.6,27
14.88,711,132.4,27,0,-40,2,7544,-1.61,0.14,86.3,97.7,80.5,83.3,27.06,28.07,26.61,27.01
14.92,712,132.4,29,0,-39.2,2,7546,-1.59,0.15,86.3,97.7,80.6,83.4,27.06,28.07,26.61,27.01
14.96,714,132.4,30,0,-39.1,2,7548,-1.58,0.16,86.3,97.7,80.6,83.4,27.06,28.07,26.61,27.01
15,715,132.5,31,0,-39.1,2,7550,-1.56,0.16,86.3,97.7,80.6,83.4,27.06,28.07,26.61,27.01
15.04,716,132.5,32,0,-38.2,2,7552,-1.54,0.17,86.3,97.7,80.7,83.5,27.06,28.07,26.62,27.02
15.08,718,132.5,33,0,-37.8,2,7554,-1.53,0.18,86.3,97.7,80.7,83.5,27.06,28.07,26.62,27.02
15.12,719,132.6,34,0,-37.3,2,7556,-1.51,0.18,86.3,97.7,80.7,83.5,27.06,28.07,26.62,27.02
15.16,721,132.6,35,0,-36.5,2,7558,-1.49,0.19,86.3,97.7,80.8,83.6,27.06,28.07,26.62,27.02
15.2,722,132.6,36,0,-36.3,2,7560,-1.48,0.2,86.3,97.7,80.8,83.6,27.06,28.07,26.63,27.03
15.24,724,132.7,37,0,-36.2,2,7563,-1.46,0.2,86.3,97.7,80.8,83.6,27.06,28.07,26.63,27.03
15.28,725,132.7,38,0,-35.1,2,7565,-1.45,0.21,86.3,97.7,80.9,83.7,27.06,28.07,26.63,27.03
15.32,727,132.8,39,0,-34.4,2,7568,-1.43,0.22,86.3,97.7,80.9,83.7,27.06,28.07,26.63,27.03
15.36,728,132.8,40,0,-33.7,2,7570,-1.41,0.22,86.3,97.7,81,83.8,27.06,28.07,26.64,27.04
15.4,730,132.9,41,0,-33,2,7573,-1.4,0.23,86.3,97.7,81,83.8,27.06,28.07,26.64,27.04
15.44,731,132.9,43,0,-33.1,2,7575,-1.38,0.24,86.3,97.7,81,83.8,27.06,28.07,26.64,27.04
15.48,733,132.9,44,0,-32.3,2,7578,-1.36,0.24,86.3,97.7,81.1,83.9,27.06,28.07,26.64,27.04
15.52,734,133,45,0,-31.8,2,7581,-1.35,0.25,86.3,97.7,81.1,83.9,27.06,28.07,26.65,27.05
15.56,736,133,46,0,-31.4,2,7584,-1.33,0.26,86.3,97.7,81.1,83.9,27.06,28.07,26.65,27.05
15.6,737,133.1,47,0,-31,2,7587,-1.31,0.27,86.3,97.7,81.2,84,27.06,28.07,26.65,27.05
15.64,739,133.2,48,0,-30.5,2,7590,-1.3,0.27,86.3,97.7,81.2,84,27.06,28.07,26.65,27.05
15.68,740,133.2,49,0,-30.2,2,7593,-1.28,0.28,86.3,97.7,81.2,84,27.06,28.07,26.66,27.06
15.72,742,133.3,50,0,-29.2,2,7596,-1.26,0.29,86.3,97.7,81.3,84.1,27.06,28.07,26.66,27.06
15.76,743,133.3,51,0,-28.6,2,7599,-1.25,0.29,86.3,97.7,81.3,84.1,27.06,28.07,26.66,27.06
15.8,745,133.4,52,0,-27.5,2,7602,-1.23,0.3,86.3,97.7,81.3,84.1,27.06,28.07,26.67,27.07
15.84,746,133.4,53,0,-27.7,2,7605,-1.21,0.31,86.3,97.7,81.4,84.2,27.06,28.07,26.67,27.07
15.88,747,133.5,54,0,-26.9,2,7609,-1.2,0.31,86.3,97.7,81.4,84.2,27.06,28.07,26.67,27.07
15.92,749,133.5,55,0,-26.5,2,7612,-1.18,0.32,86.3,97.7,81.4,84.2,27.06,28.07,26.67,27.07
15.96,750,133.6,56,0,-26.3,2,7616,-1.16,0.33,86.3,97.7,81.5,84.3,27.06,28.07,26.68,27.08
16,752,133.7,57,0,-25.4,2,7619,-1.15,0.33,86.3,97.7,81.5,84.3,27.06,28.07,26.68,27.08
16.04,753,133.7,58,0,-25,2,7623,-1.13,0.34,86.3,97.7,81.5,84.3,27.06,28.07,26.68,27.08
16.08,755,133.8,59,0,-24.5,2,7626,-1.12,0.35,86.3,97.7,81.6,84.4,27.06,28.07,26.68,27.08
16.12,756,133.9,60,0,-23.8,2,7630,-1.1,0.35,86.3,97.7,81.6,84.4,27.06,28.07,26.69,27.09
16.16,758,133.9,61,0,-22.3,2,7634,-1.08,0.36,86.3,97.7,81.7,84.5,27.06,28.07,26.69,27.09
16.2,759,134,62,0,-21.9,2,7638,-1.07,0.37,86.3,97.7,81.7,84.5,27.06,28.07,26.69,27.09
16.24,761,134.1,63,0,-21.9,2,7642,-1.05,0.38,86.3,97.7,81.7,84.5,27.06,28.07,26.69,27.09
16.28,762,134.1,64,0,-20.7,2,7646,-1.03,0.38,86.3,97.7,81.8,84.6,27.06,28.07,26.7,27.1
16.32,764,134.2,65,0,-21,2,7650,-1.02,0.39,86.3,97.7,81.8,84.6,27.06,28.07,26.7,27.1
16.36,765,134.3,66,0,-20.9,2,7654,-1,0.4,86.3,97.7,81.8,84.6,27.06,28.07,26.7,27.1
16.4,767,134.3,67,0,-19.5,2,7658,-0.98,0.4,86.3,97.7,81.9,84.7,27.06,28.07,26.7,27.1
16.44,768,134.4,68,0,-19.5,2,7662,-0.97,0.41,86.3,97.7,81.9,84.7,27.06,28.07,26.71,27.11
16.48,770,134.5,69,0,-18.4,2,7666,-0.95,0.42,86.3,97.7,81.9,84.7,27.06,28.07,26.71,27.11
16.52,771,134.6,70,0,-18,2,7671,-0.93,0.42,86.3,97.7,82,84.8,27.06,28.07,26.71,27.11
16.56,773,134.6,71,0,-17,2,7675,-0.92,0.43,86.3,97.7,82,84.8,27.06,28.07,26.72,27.12
16.6,774,134.7,71,0,-17.2,2,7679,-0.9,0.44,86.3,97.7,82,84.8,27.06,28.07,26.72,27.12
16.64,776,134.8,72,0,-16.2,2,7684,-0.88,0.44,86.3,97.7,82.1,84.9,27.06,28.07,26.72,27.12
16.68,777,134.9,73,0,-15.8,2,7688,-0.87,0.45,86.3,97.7,82.1,84.9,27.06,28.07,26.72,27.12
16.72,779,135,74,0,-15,2,7693,-0.85,0.46,86.3,97.7,82.1,84.9,27.06,28.07,26.73,27.13
16.76,780,135,75,0,-14.8,3,5942,-0.83,0.47,86.3,97.7,82.2,85,27.06,28.07,26.73,27.13
16.8,782,135.1,76,0,-13.9,3,5945,-0.82,0.47,86.3,97.7,82.2,85,27.06,28.07,26.73,27.13
16.84,783,135.2,77,0,-13.7,3,5949,-0.8,0.48,86.3,97.7,82.2,85,27.06,28.07,26.73,27.13
16.88,785,135.3,78,0,-12.8,3,5953,-0.78,0.49,86.3,97.7,82.3,85.1,27.06,28.07,26.74,27.14
16.92,786,135.4,79,0,-12.4,3,5956,-0.77,0.49,86.3,97.7,82.3,85.1,27.06,28.07,26.74,27.14
16.96,788,135.5,80,0,-12.1,3,5960,-0.75,0.5,86.3,97.7,82.4,85.2,27.06,28.07,26.74,27.14
17,789,135.5,81,0,-11.4,3,5964,-0.73,0.51,86.3,97.7,82.4,85.2,27.06,28.07,26.74,27.14
17.04,791,135.6,82,0,-11,3,5968,-0.72,0.51,86.3,97.7,82.4,85.2,27.06,28.07,26.75,27.15
17.08,792,135.7,83,0,-9.8,3,5972,-0.7,0.52,86.3,97.7,82.5,85.3,27.06,28.07,26.75,27.15
17.12,794,135.8,84,0,-10.1,3,5976,-0.68,0.53,86.3,97.7,82.5,85.3,27.06,28.07,26.75,27.15
17.16,795,135.9,85,0,-9.4,3,5980,-0.66,0.54,86.3,97.7,82.5,85.3,27.06,28.07,26.75,27.15
17.2,797,136,86,0,-8.6,3,5984,-0.65,0.54,86.3,97.7,82.6,85.4,27.06,28.07,26.76,27.16
17.24,798,136.1,87,0,-8.1,3,5988,-0.63,0.55,86.3,97.7,82.6,85.4,27.06,28.07,26.76,27.16
17.28,800,136.2,88,0,-7.2,3,5992,-0.61,0.56,86.3,97.7,82.6,85.4,27.06,28.07,26.76,27.16
17.32,801,136.3,89,0,-6.8,3,5996,-0.6,0.56,86.3,97.7,82.7,85.5,27.06,28.07,26.77,27.17
17.36,803,136.4,90,0,-6.1,3,6000,-0.58,0.57,86.3,97.7,82.7,85.5,27.06,28.07,26.77,27.17
17.4,804,136.5,90,0,-6.1,3,6005,-0.56,0.58,86.3,97.7,82.7,85.5,27.06,28.07,26.77,27.17
17.44,806,136.6,91,0,-6,3,6009,-0.55,0.58,86.3,97.7,82.8,85.6,27.06,28.07,26.77,27.17
17.48,807,136.7,92,0,-4.1,3,6013,-0.53,0.59,86.3,97.7,82.8,85.6,27.06,28.07,26.78,27.18
17.52,809,136.8,93,0,-4.2,3,6018,-0.51,0.6,86.3,97.7,82.8,85.6,27.06,28.07,26.78,27.18
17.56,810,136.9,94,0,-3.3,3,6022,-0.5,0.61,86.3,97.7,82.9,85.7,27.06,28.07,26.78,27.18
17.6,812,137,95,0,-2.8,3,6026,-0.48,0.61,86.3,97.7,82.9,85.7,27.06,28.07,26.78,27.18
17.64,814,137.1,96,0,-2.4,3,6031,-0.46,0.62,86.3,97.7,82.9,85.7,27.06,28.07,26.79,27.19
17.68,815,137.2,97,0,-1.5,3,6035,-0.45,0.63,86.3,97.7,83,85.8,27.06,28.07,26.79,27.19
17.72,817,137.3,98,0,-1.5,3,6040,-0.43,0.63,86.3,97.7,83,85.8,27.06,28.07,26.79,27.19
17.76,818,137.4,99,0,0.1,3,6044,-0.41,0.64,86.3,97.7,83.1,85.9,27.06,28.07,26.79,27.19
17.8,820,137.5,100,0,-0.7,3,6049,-0.39,0.65,86.3,97.7,83.1,85.9,27.06,28.07,26.8,27.2
17.84,821,137.5,100,0,0,3,6052,-0.02,0.04,86.3,97.7,83.1,85.9,27.06,28.07,26.8,27.2
17.88,823,137.6,100,0,-0.2,3,6054,0.03,0.04,86.3,97.7,83.1,85.9,27.05,28.07,26.79,27.19
17.92,824,137.7,100,0,-0.3,3,6057,0,0.04,86.2,97.7,83.1,85.9,27.05,28.07,26.79,27.19
17.96,826,137.7,100,0,0.2,3,6059,0.01,0.04,86.2,97.7,83,85.8,27.05,28.06,26.79,27.19
18,827,137.8,100,0,0.2,3,6062,0.01,0.04,86.2,97.7,83,85.8,27.05,28.06,26.79,27.19
18.04,829,137.8,100,0,0.5,3,6064,0.02,0.04,86.2,97.7,83,85.8,27.05,28.06,26.79,27.19
18.08,830,137.9,100,0,1,3,6067,0.02,0.04,86.2,97.7,83,85.8,27.05,28.06,26.79,27.19
18.12,832,137.9,100,0,0.9,3,6069,0.01,0.04,86.2,97.6,83,85.8,27.05,28.06,26.79,27.19
18.16,833,138,100,0,-0.9,3,6072,0.06,0.04,86.2,97.6,83,85.8,27.05,28.06,26.79,27.19
18.2,835,138.1,100,0,-0.1,3,6074,0.02,0.04,86.2,97.6,83,85.8,27.05,28.06,26.79,27.19
18.24,836,138.1,100,0,-0.6,3,6077,0,0.04,86.1,97.6,83,85.8,27.05,28.06,26.79,27.19
18.28,838,138.2,100,0,0.5,3,6080,0,0.04,86.1,97.6,82.9,85.7,27.05,28.06,26.79,27.19
18.32,840,138.2,100,0,0.5,3,6082,-0.01,0.04,86.1,97.6,82.9,85.7,27.04,28.06,26.79,27.19
18.36,841,138.3,100,0,-0.4,3,6085,-0.02,0.04,86.1,97.6,82.9,85.7,27.04,28.06,26.78,27.18
18.4,843,138.3,100,0,0,3,6087,0.02,0.04,86.1,97.6,82.9,85.7,27.04,28.05,26.78,27.18
18.44,844,138.4,100,0,0.3,3,6090,0.01,0.04,86.1,97.5,82.9,85.7,27.04,28.05,26.78,27.18
18.48,846,138.5,100,0,0.1,3,6092,0.02,0.04,86.1,97.5,82.9,85.7,27.04,28.05,26.78,27.18
18.52,847,138.5,100,0,1.1,3,6095,0,0.04,86.1,97.5,82.9,85.7,27.04,28.05,26.78,27.18
18.56,849,138.6,100,0,0.2,3,6097,-0.03,0.04,86.1,97.5,82.9,85.7,27.04,28.05,26.78,27.18
18.6,850,138.6,100,0,0,3,6100,0.02,0.04,86,97.5,82.8,85.6,27.04,28.05,26.78,27.18
18.64,852,138.7,100,0,-0.5,3,6102,-0.01,0.04,86,97.5,82.8,85.6,27.04,28.05,26.78,27.18
18.68,853,138.7,100,0,0.1,3,6105,0.01,0.04,86,97.5,82.8,85.6,27.04,28.05,26.78,27.18
18.72,855,138.8,100,0,0.2,3,6107,-0.02,0.04,86,97.5,82.8,85.6,27.04,28.05,26.78,27.18
18.76,856,138.9,100,0,0,3,6110,0.04,0.04,86,97.5,82.8,85.6,27.03,28.05,26.78,27.18
18.8,858,138.9,100,0,0,3,6113,-0.02,0.04,86,97.4,82.8,85.6,27.03,28.05,26.77,27.17
18.84,860,139,100,0,0.2,3,6115,-0.01,0.04,86,97.4,82.8,85.6,27.03,28.04,26.77,27.17
18.88,861,139,100,0,-1,3,6118,0.04,0.04,86,97.4,82.8,85.6,27.03,28.04,26.77,27.17
18.92,863,139.1,100,0,-0.4,3,6120,-0.04,0.04,85.9,97.4,82.8,85.6,27.03,28.04,26.77,27.17
18.96,864,139.2,100,0,-1,3,6123,0.02,0.04,85.9,97.4,82.7,85.5,27.03,28.04,26.77,27.17
19,866,139.2,100,0,-0.1,3,6125,0.03,0.04,85.9,97.4,82.7,85.5,27.03,28.04,26.77,27.17
19.04,867,139.3,100,0,-0.1,3,6128,0,0.04,85.9,97.4,82.7,85.5,27.03,28.04,26.77,27.17
19.08,869,139.3,100,0,-0.2,3,6130,0.01,0.04,85.9,97.4,82.7,85.5,27.03,28.04,26.77,27.17
19.12,870,139.4,100,0,0.1,3,6133,-0.02,0.04,85.9,97.3,82.7,85.5,27.03,28.04,26.77,27.17
19.16,872,139.4,100,0,0.2,3,6135,-0.04,0.04,85.9,97.3,82.7,85.5,27.03,28.04,26.77,27.17
19.2,873,139.5,100,0,-0.2,3,6138,-0.04,0.04,85.9,97.3,82.7,85.5,27.02,28.04,26.77,27.17
19.24,875,139.6,100,0,-0.6,3,6140,-0.01,0.04,85.8,97.3,82.7,85.5,27.02,28.04,26.76,27.16
19.28,877,139.6,100,0,-0.1,3,6143,0.02,0.04,85.8,97.3,82.6,85.4,27.02,28.03,26.76,27.16
19.32,878,139.7,100,0,-0.1,3,6145,0.01,0.04,85.8,97.3,82.6,85.4,27.02,28.03,26.76,27.16
19.36,880,139.7,100,0,-0.6,3,6148,0.02,0.04,85.8,97.3,82.6,85.4,27.02,28.03,26.76,27.16
19.4,881,139.8,100,0,-1.2,3,6151,0,0.04,85.8,97.3,82.6,85.4,27.02,28.03,26.76,27.16
19.44,883,139.8,100,0,-0.3,3,6153,0,0.04,85.8,97.2,82.6,85.4,27.02,28.03,26.76,27.16
19.48,884,139.9,100,0,-0.1,3,6156,0,0.04,85.8,97.2,82.6,85.4,27.02,28.03,26.76,27.16
19.52,886,140,100,0,0.3,3,6158,-0.01,0.04,85.8,97.2,82.6,85.4,27.02,28.03,26.76,27.16
19.56,887,140,100,0,0.6,3,6161,0.01,0.04,85.8,97.2,82.6,85.4,27.02,28.03,26.76,27.16
19.6,889,140.1,100,0,-0.1,3,6163,0.02,0.04,85.7,97.2,82.5,85.3,27.02,28.03,26.76,27.16
19.64,891,140.1,100,0,-0.1,3,6166,0.06,0.04,85.7,97.2,82.5,85.3,27.01,28.03,26.76,27.16
19.68,892,140.2,100,0,0,3,6168,0,0.04,85.7,97.2,82.5,85.3,27.01,28.03,26.75,27.15
19.72,894,140.2,100,0,-0.3,3,6171,0.01,0.04,85.7,97.2,82.5,85.3,27.01,28.02,26.75,27.15
19.76,895,140.3,100,0,0.2,3,6173,0.02,0.04,85.7,97.2,82.5,85.3,27.01,28.02,26.75,27.15
19.8,897,140.4,100,0,0.8,3,6176,0,0.04,85.7,97.1,82.5,85.3,27.01,28.02,26.75,27.15
19.84,898,140.4,100,0,0.4,3,6178,0.01,0.04,85.7,97.1,82.5,85.3,27.01,28.02,26.75,27.15
19.88,900,140.5,100,0,0,3,6181,-0.02,0.04,85.7,97.1,82.5,85.3,27.01,28.02,26.75,27.15
19.92,901,140.5,100,0,-0.6,3,6183,0,0.04,85.6,97.1,82.5,85.3,27.01,28.02,26.75,27.15
19.96,903,140.6,100,0,-0.2,3,6186,0.01,0.04,85.6,97.1,82.4,85.2,27.01,28.02,26.75,27.15
20,905,140.6,100,0,-0.1,3,6189,-0.04,0.04,85.6,97.1,82.4,85.2,27.01,28.02,26.75,27.15
20.04,906,140.7,100,0,0.4,3,6191,-0.01,0.04,85.6,97.1,82.4,85.2,27.01,28.02,26.75,27.15
20.08,908,140.8,100,0,-0.5,3,6194,-0.01,0.04,85.6,97.1,82.4,85.2,27,28.02,26.75,27.15
20.12,909,140.8,100,0,-0.3,3,6196,-0.02,0.04,85.6,97,82.4,85.2,27,28.02,26.74,27.14
20.16,911,140.9,100,0,0.1,3,6199,0,0.04,85.6,97,82.4,85.2,27,28.01,26.74,27.14
20.2,912,140.9,100,0,-0.2,3,6201,-0.04,0.04,85.6,97,82.4,85.2,27,28.01,26.74,27.14
20.24,914,141,100,0,0,3,6204,-0.01,0.04,85.5,97,82.4,85.2,27,28.01,26.74,27.14
20.28,916,141.1,100,0,-0.1,3,6206,-0.03,0.04,85.5,97,82.3,85.1,27,28.01,26.74,27.14
20.32,917,141.1,100,0,0.3,3,6209,0,0.04,85.5,97,82.3,85.1,27,28.01,26.74,27.14
20.36,919,141.2,100,0,0.1,3,6211,0,0.04,85.5,97,82.3,85.1,27,28.01,26.74,27.14
20.4,920,141.2,100,0,0.8,3,6214,0.05,0.04,85.5,97,82.3,85.1,27,28.01,26.74,27.14
20.44,922,141.3,100,0,0,3,6216,0.02,0.04,85.5,96.9,82.3,85.1,27,28.01,26.74,27.14
20.48,923,141.3,100,0,-0.1,3,6219,-0.02,0.04,85.5,96.9,82.3,85.1,27,28.01,26.74,27.14
20.52,925,141.4,100,0,-0.3,3,6221,0.03,0.04,85.5,96.9,82.3,85.1,26.99,28.01,26.74,27.14
20.56,927,141.5,100,0,-0.3,3,6224,-0.04,0.04,85.5,96.9,82.3,85.1,26.99,28.01,26.73,27.13
20.6,928,141.5,100,0,-0.5,3,6227,0,0.04,85.4,96.9,82.2,85,26.99,28.01,26.73,27.13
20.64,930,141.6,100,0,0.9,3,6229,0.02,0.04,85.4,96.9,82.2,85,26.99,28,26.73,27.13
20.68,931,141.6,100,0,-0.2,3,6232,-0.02,0.04,85.4,96.9,82.2,85,26.99,28,26.73,27.13
20.72,933,141.7,100,0,-0.2,3,6234,0,0.04,85.4,96.9,82.2,85,26.99,28,26.73,27.13
20.76,934,141.7,100,0,0.4,3,6237,-0.02,0.04,85.4,96.9,82.2,85,26.99,28,26.73,27.13
20.8,936,141.8,100,0,-0.3,3,6239,0,0.04,85.4,96.8,82.2,85,26.99,28,26.73,27.13
20.84,938,141.9,100,0,-0.6,3,6242,0.02,0.04,85.4,96.8,82.2,85,26.99,28,26.73,27.13
20.88,939,141.9,100,0,0.1,3,6244,-0.03,0.04,85.4,96.8,82.2,85,26.99,28,26.73,27.13
20.92,941,142,100,0,0.4,3,6247,0.01,0.04,85.3,96.8,82.2,85,26.99,28,26.73,27.13
20.96,942,142,100,0,0.1,3,6249,-0.01,0.04,85.3,96.8,82.1,84.9,26.98,28,26.73,27.13
21,944,142.1,100,0,0,3,6252,0,0.04,85.3,96.8,82.1,84.9,26.98,28,26.72,27.12
21.04,945,142.1,100,0,-0.5,3,6254,0.03,0.04,85.3,96.8,82.1,84.9,26.98,28,26.72,27.12
21.08,947,142.2,100,0,0,3,6257,0.01,0.04,85.3,96.8,82.1,84.9,26.98,27.99,26.72,27.12
21.12,949,142.3,100,0,-0.6,3,6259,0.01,0.04,85.3,96.7,82.1,84.9,26.98,27.99,26.72,27.12
21.16,950,142.3,100,0,-0.2,3,6262,-0.01,0.04,85.3,96.7,82.1,84.9,26.98,27.99,26.72,27.12
21.2,952,142.4,100,0,-0.5,3,6265,0.01,0.04,85.3,96.7,82.1,84.9,26.98,27.99,26.72,27.12
21.24,953,142.4,100,0,0.1,3,6267,0.03,0.04,85.2,96.7,82.1,84.9,26.98,27.99,26.72,27.12
21.28,955,142.5,100,0,0.3,3,6270,-0.02,0.04,85.2,96.7,82,84.8,26.98,27.99,26.72,27.12
21.32,957,142.5,100,0,0.7,3,6272,0.03,0.04,85.2,96.7,82,84.8,26.98,27.99,26.72,27.12
21.36,958,142.6,100,0,-0.1,3,6275,0,0.04,85.2,96.7,82,84.8,26.98,27.99,26.72,27.12
21.4,960,142.7,100,0,0.1,3,6277,-0.01,0.04,85.2,96.7,82,84.8,26.98,27.99,26.72,27.12
21.44,961,142.7,100,0,-0.1,3,6280,0.02,0.04,85.2,96.6,82,84.8,26.97,27.99,26.71,27.11
21.48,963,142.8,100,0,0.3,3,6282,-0.02,0.04,85.2,96.6,82,84.8,26.97,27.99,26.71,27.11
21.52,964,142.8,100,0,-0.6,3,6285,0.04,0.04,85.2,96.6,82,84.8,26.97,27.98,26.71,27.11
21.56,966,142.9,100,0,0.2,3,6287,-0.01,0.04,85.2,96.6,82,84.8,26.97,27.98,26.71,27.11
21.6,968,143,100,0,0.2,3,6290,0,0.04,85.1,96.6,81.9,84.7,26.97,27.98,26.71,27.11
21.64,969,143,100,0,0.3,3,6292,0.02,0.04,85.1,96.6,81.9,84.7,26.97,27.98,26.71,27.11
21.68,971,143.1,100,0,-1,3,6295,0.02,0.04,85.1,96.6,81.9,84.7,26.97,27.98,26.71,27.11
21.72,972,143.1,100,0,1,3,6298,-0.01,0.04,85.1,96.6,81.9,84.7,26.97,27.98,26.71,27.11
21.76,974,143.2,100,0,-0.3,3,6300,0.05,0.04,85.1,96.6,81.9,84.7,26.97,27.98,26.71,27.11
21.8,976,143.2,100,0,0.3,3,6303,0.03,0.04,85.1,96.5,81.9,84.7,26.97,27.98,26.71,27.11
21.84,977,143.3,100,0,-0.4,3,6305,0.03,0.04,85.1,96.5,81.9,84.7,26.97,27.98,26.71,27.11
21.88,979,143.4,100,0,-0.2,3,6308,-0.02,0.04,85.1,96.5,81.9,84.7,26.96,27.98,26.7,27.1
21.92,980,143.4,100,0,0,3,6310,0.02,0.04,85,96.5,81.9,84.7,26.96,27.98,26.7,27.1
21.96,982,143.5,100,0,-0.2,3,6313,-0.04,0.04,85,96.5,81.8,84.6,26.96,27.97,26.7,27.1
22,984,143.5,100,0,-0.1,3,6315,-0.01,0.04,85,96.5,81.8,84.6,26.96,27.97,26.7,27.1
22.04,985,143.6,100,0,0.1,3,6318,0.02,0.04,85,96.5,81.8,84.6,26.96,27.97,26.7,27.1
22.08,987,143.6,100,0,0.1,3,6320,-0.01,0.04,85,96.5,81.8,84.6,26.96,27.97,26.7,27.1
22.12,988,143.7,100,0,0,3,6323,-0.01,0.04,85,96.4,81.8,84.6,26.96,27.97,26.7,27.1
22.16,990,143.8,100,0,-0.2,3,6325,-0.01,0.04,85,96.4,81.8,84.6,26.96,27.97,26.7,27.1
22.2,992,143.8,100,0,0.5,3,6328,0.01,0.04,85,96.4,81.8,84.6,26.96,27.97,26.7,27.1
22.24,993,143.9,100,0,0,3,6330,-0.02,0.04,84.9,96.4,81.8,84.6,26.96,27.97,26.7,27.1
22.28,995,143.9,100,0,-0.1,3,6333,0.04,0.04,84.9,96.4,81.7,84.5,26.96,27.97,26.7,27.1
22.32,996,144,100,0,0.4,3,6336,0.02,0.04,84.9,96.4,81.7,84.5,26.95,27.97,26.7,27.1
22.36,998,144,100,0,0.6,3,6338,0.04,0.04,84.9,96.4,81.7,84.5,26.95,27.97,26.69,27.09
22.4,999,144.1,100,0,-0.1,3,6341,0.02,0.04,84.9,96.4,81.7,84.5,26.95,27.96,26.69,27.09
22.44,1001,144.2,100,0,0.3,3,6343,-0.04,0.04,84.9,96.3,81.7,84.5,26.95,27.96,26.69,27.09
22.48,1003,144.2,100,0,0,3,6346,0.02,0.04,84.9,96.3,81.7,84.5,26.95,27.96,26.69,27.09
22.52,1004,144.3,100,0,-0.3,3,6348,0.02,0.04,84.9,96.3,81.7,84.5,26.95,27.96,26.69,27.09
22.56,1006,144.3,100,0,-0.4,3,6351,0.02,0.04,84.9,96.3,81.7,84.5,26.95,27.96,26.69,27.09
22.6,1008,144.4,100,0,-0.1,3,6353,-0.01,0.04,84.8,96.3,81.6,84.4,26.95,27.96,26.69,27.09
22.64,1009,144.5,100,0,0.1,3,6356,0,0.04,84.8,96.3,81.6,84.4,26.95,27.96,26.69,27.09
22.68,1011,144.5,100,0,0.3,3,6358,0.01,0.04,84.8,96.3,81.6,84.4,26.95,27.96,26.69,27.09
22.72,1012,144.6,100,0,-0.1,3,6361,0.03,0.04,84.8,96.3,81.6,84.4,26.95,27.96,26.69,27.09
22.76,1014,144.6,100,0,-0.1,3,6363,0.01,0.04,84.8,96.3,81.6,84.4,26.94,27.96,26.69,27.09
22.8,1016,144.7,100,0,0,3,6366,0.02,0.04,84.8,96.2,81.6,84.4,26.94,27.96,26.68,27.08
22.84,1017,144.7,100,0,-0.3,3,6368,0.03,0.04,84.8,96.2,81.6,84.4,26.94,27.95,26.68,27.08
22.88,1019,144.8,100,0,-0.3,3,6371,0,0.04,84.8,96.2,81.6,84.4,26.94,27.95,26.68,27.08
22.92,1020,144.9,100,0,0.1,3,6374,0.04,0.04,84.7,96.2,81.6,84.4,26.94,27.95,26.68,27.08
22.96,1022,144.9,100,0,0.1,3,6376,0.03,0.04,84.7,96.2,81.5,84.3,26.94,27.95,26.68,27.08
23,1024,145,100,0,-0.1,3,6379,0,0.04,84.7,96.2,81.5,84.3,26.94,27.95,26.68,27.08
23.04,1025,145,100,0,-0.1,3,6381,-0.02,0.04,84.7,96.2,81.5,84.3,26.94,27.95,26.68,27.08
23.08,1027,145.1,100,0,0.2,3,6384,0,0.04,84.7,96.2,81.5,84.3,26.94,27.95,26.68,27.08
23.12,1028,145.1,100,0,-0.4,3,6386,0.01,0.04,84.7,96.1,81.5,84.3,26.94,27.95,26.68,27.08
23.16,1030,145.2,100,0,0.1,3,6389,0.01,0.04,84.7,96.1,81.5,84.3,26.94,27.95,26.68,27.08
23.2,1032,145.3,100,0,0.3,3,6391,0,0.04,84.7,96.1,81.5,84.3,26.93,27.95,26.68,27.08
23.24,1033,145.3,100,0,-0.3,3,6394,0.01,0.04,84.6,96.1,81.5,84.3,26.93,27.95,26.67,27.07
23.28,1035,145.4,100,0,0.7,3,6396,-0.01,0.04,84.6,96.1,81.4,84.2,26.93,27.94,26.67,27.07
23.32,1036,145.4,100,0,0.6,3,6399,-0.03,0.04,84.6,96.1,81.4,84.2,26.93,27.94,26.67,27.07
23.36,1038,145.5,100,0,1,3,6401,0,0.04,84.6,96.1,81.4,84.2,26.93,27.94,26.67,27.07
23.4,1040,145.5,100,0,0.1,3,6404,-0.01,0.04,84.6,96.1,81.4,84.2,26.93,27.94,26.67,27.07
23.44,1041,145.6,100,0,-0.1,3,6406,-0.04,0.04,84.6,96,81.4,84.2,26.93,27.94,26.67,27.07
23.48,1043,145.7,100,0,0.4,3,6409,0,0.04,84.6,96,81.4,84.2,26.93,27.94,26.67,27.07
23.52,1045,145.7,100,0,0.4,3,6412,0,0.04,84.6,96,81.4,84.2,26.93,27.94,26.67,27.07
23.56,1046,145.8,100,0,-0.4,3,6414,-0.01,0.04,84.6,96,81.4,84.2,26.93,27.94,26.67,27.07
23.6,1048,145.8,100,0,-0.3,3,6417,-0.01,0.04,84.5,96,81.3,84.1,26.93,27.94,26.67,27.07
23.64,1049,145.9,100,0,-0.2,3,6419,0,0.04,84.5,96,81.3,84.1,26.92,27.94,26.67,27.07
23.68,1051,145.9,100,0,0.2,3,6422,0.01,0.04,84.5,96,81.3,84.1,26.92,27.94,26.66,27.06
23.72,1053,146,100,0,-0.1,3,6424,-0.02,0.04,84.5,96,81.3,84.1,26.92,27.93,26.66,27.06
23.76,1054,146.1,100,0,0.5,3,6427,0.01,0.04,84.5,96,81.3,84.1,26.92,27.93,26.66,27.06
23.8,1056,146.1,100,0,-0.3,3,6429,0.01,0.04,84.5,95.9,81.3,84.1,26.92,27.93,26.66,27.06
23.84,1058,146.2,100,0,0,3,6432,-0.01,0.04,84.5,95.9,81.3,84.1,26.92,27.93,26.66,27.06
23.88,1059,146.2,100,0,-0.6,3,6434,0,0.04,84.5,95.9,81.3,84.1,26.92,27.93,26.66,27.06
23.92,1061,146.3,100,0,0.3,3,6437,-0.02,0.04,84.4,95.9,81.3,84.1,26.92,27.93,26.66,27.06
23.96,1062,146.4,100,0,0,3,6439,0.02,0.04,84.4,95.9,81.2,84,26.92,27.93,26.66,27.06
24,1064,146.4,100,0,0.6,3,6442,0,0.04,84.4,95.9,81.2,84,26.92,27.93,26.66,27.06
24.04,1066,146.5,100,0,-0.7,3,6445,0.04,0.04,84.4,95.9,81.2,84,26.92,27.93,26.66,27.06
24.08,1067,146.5,100,0,-0.9,3,6447,0.05,0.04,84.4,95.9,81.2,84,26.91,27.93,26.66,27.06
24.12,1069,146.6,100,0,0.3,3,6450,-0.02,0.04,84.4,95.8,81.2,84,26.91,27.93,26.65,27.05
24.16,1071,146.6,100,0,0,3,6452,-0.02,0.04,84.4,95.8,81.2,84,26.91,27.92,26.65,27.05
24.2,1072,146.7,100,0,-0.3,3,6455,-0.01,0.04,84.4,95.8,81.2,84,26.91,27.92,26.65,27.05
24.24,1074,146.8,100,0,0.2,3,6457,-0.01,0.04,84.3,95.8,81.2,84,26.91,27.92,26.65,27.05
24.28,1075,146.8,100,0,0.3,3,6460,-0.01,0.04,84.3,95.8,81.1,83.9,26.91,27.92,26.65,27.05
24.32,1077,146.9,100,0,0.4,3,6462,0.02,0.04,84.3,95.8,81.1,83.9,26.91,27.92,26.65,27.05
24.36,1079,146.9,100,0,0.1,3,6465,-0.04,0.04,84.3,95.8,81.1,83.9,26.91,27.92,26.65,27.05
24.4,1080,147,100,0,0,3,6467,0.03,0.04,84.3,95.8,81.1,83.9,26.91,27.92,26.65,27.05
24.44,1082,147,100,0,0.3,3,6470,-0.02,0.04,84.3,95.7,81.1,83.9,26.91,27.92,26.65,27.05
24.48,1084,147.1,100,0,0.5,3,6472,-0.03,0.04,84.3,95.7,81.1,83.9,26.91,27.92,26.65,27.05
24.52,1085,147.2,100,0,0,3,6475,0,0.04,84.3,95.7,81.1,83.9,26.9,27.92,26.65,27.05
24.56,1087,147.2,100,0,0.3,3,6477,-0.01,0.04,84.3,95.7,81.1,83.9,26.9,27.92,26.64,27.04
24.6,1089,147.3,100,0,0.1,3,6480,0.03,0.04,84.2,95.7,81,83.8,26.9,27.92,26.64,27.04
24.64,1090,147.3,100,0,-0.3,3,6483,0.02,0.04,84.2,95.7,81,83.8,26.9,27.91,26.64,27.04
24.68,1092,147.4,100,0,0.2,3,6485,0,0.04,84.2,95.7,81,83.8,26.9,27.91,26.64,27.04
24.72,1093,147.4,100,0,0.1,3,6488,0.01,0.04,84.2,95.7,81,83.8,26.9,27.91,26.64,27.04
24.76,1095,147.5,100,0,-0.2,3,6490,-0.02,0.04,84.2,95.7,81,83.8,26.9,27.91,26.64,27.04
24.8,1097,147.6,100,0,0.3,3,6493,-0.02,0.04,84.2,95.6,81,83.8,26.9,27.91,26.64,27.04
24.84,1098,147.6,100,0,0.4,3,6495,0.03,0.04,84.2,95.6,81,83.8,26.9,27.91,26.64,27.04
24.88,1100,147.7,100,0,0.7,3,6498,0,0.04,84.2,95.6,81,83.8,26.9,27.91,26.64,27.04
24.92,1102,147.7,100,0,-0.2,3,6500,0.01,0.04,84.1,95.6,81,83.8,26.9,27.91,26.64,27.04
24.96,1103,147.8,100,0,0,3,6503,0.02,0.04,84.1,95.6,80.9,83.7,26.89,27.91,26.64,27.04
25,1105,147.8,100,0,0.1,3,6505,-0.01,0.04,84.1,95.6,80.9,83.7,26.89,27.91,26.63,27.03
25.04,1107,147.9,100,0,0.1,3,6508,0.01,0.04,84.1,95.6,80.9,83.7,26.89,27.91,26.63,27.03
25.08,1108,148,100,0,-0.2,3,6510,0,0.04,84.1,95.6,80.9,83.7,26.89,27.9,26.63,27.03
25.12,1110,148,100,0,-0.6,3,6513,0.01,0.04,84.1,95.5,80.9,83.7,26.89,27.9,26.63,27.03
25.16,1111,148.1,100,0,-0.7,3,6515,0.01,0.04,84.1,95.5,80.9,83.7,26.89,27.9,26.63,27.03
25.2,1113,148.1,100,0,0.5,3,6518,-0.03,0.04,84.1,95.5,80.9,83.7,26.89,27.9,26.63,27.03
25.24,1115,148.2,100,0,-0.4,3,6521,-0.03,0.04,84,95.5,80.9,83.7,26.89,27.9,26.63,27.03
25.28,1116,148.3,100,0,0.3,3,6523,0.04,0.04,84,95.5,80.8,83.6,26.89,27.9,26.63,27.03
25.32,1118,148.3,100,0,1,3,6526,0,0.04,84,95.5,80.8,83.6,26.89,27.9,26.63,27.03
25.36,1120,148.4,100,0,0,3,6528,-0.01,0.04,84,95.5,80.8,83.6,26.89,27.9,26.63,27.03
25.4,1121,158,0,5,0.8,3,6952,0,-1.85,84.1,95.6,80.8,83.6,26.89,27.91,26.63,27.03
25.44,1123,158,0,12,0.6,3,6952,0,-1.85,84.1,95.7,80.8,83.6,26.89,27.92,26.63,27.03
25.48,1125,158,0,19,0.6,3,6952,0,-1.85,84.1,95.8,80.8,83.6,26.89,27.92,26.63,27.03
25.52,1127,158,0,26,0.5,3,6952,0,-1.85,84.2,96,80.8,83.6,26.9,27.93,26.63,27.03
25.56,1128,158,0,33,0.1,3,6952,0,-1.85,84.2,96.1,80.8,83.6,26.9,27.94,26.63,27.03
25.6,1130,158,0,40,0.9,3,6952,0,-1.85,84.3,96.2,80.8,83.6,26.9,27.95,26.63,27.03
25.64,1132,158,0,46,-0.3,3,6952,0,-1.85,84.3,96.3,80.8,83.6,26.91,27.96,26.63,27.03
25.68,1134,158,0,53,-0.5,3,6952,0,-1.85,84.3,96.4,80.8,83.6,26.91,27.97,26.63,27.03
25.72,1135,158,0,60,0,3,6952,0,-1.85,84.4,96.6,80.8,83.6,26.91,27.98,26.63,27.03
25.76,1137,158,0,67,0.3,3,6952,0,-1.85,84.4,96.7,80.8,83.6,26.92,27.99,26.63,27.03
25.8,1139,158,0,74,-0.7,3,6952,0,-1.85,84.5,96.8,80.8,83.6,26.92,28,26.63,27.03
25.84,1141,158,0,81,0.6,3,6952,0,-1.85,84.5,96.9,80.8,83.6,26.92,28.01,26.63,27.03
25.88,1142,158,0,82,-0.6,3,6952,0,-1.85,84.5,97,80.8,83.6,26.92,28.01,26.63,27.03
25.92,1144,158,0,82,-0.1,3,6952,0,-1.85,84.6,97.2,80.8,83.6,26.93,28.02,26.63,27.03
25.96,1146,158,0,82,0.5,3,6952,0,-1.85,84.6,97.3,80.8,83.6,26.93,28.03,26.63,27.03
26,1148,158,0,82,-0.5,3,6952,0,-1.85,84.7,97.4,80.8,83.6,26.93,28.04,26.63,27.03
26.04,1149,158,0,82,0,3,6952,0,-1.85,84.7,97.5,80.8,83.6,26.94,28.05,26.63,27.03
26.08,1151,158,0,82,0.5,3,6952,0,-1.85,84.7,97.6,80.8,83.6,26.94,28.06,26.63,27.03
26.12,1153,158,0,82,0.9,3,6952,0,-1.85,84.8,97.8,80.8,83.6,26.94,28.07,26.63,27.03
26.16,1155,158,0,82,0.2,3,6952,0,-1.85,84.8,97.9,80.8,83.6,26.95,28.08,26.63,27.03
26.2,1156,158,0,82,0.4,3,6952,0,-1.85,84.9,98,80.8,83.6,26.95,28.09,26.63,27.03
26.24,1158,158,0,82,0,3,6952,0,-1.85,84.9,98.1,80.8,83.6,26.95,28.1,26.63,27.03
26.28,1160,158,0,82,0.3,3,6952,0,-1.85,84.9,98.2,80.8,83.6,26.95,28.1,26.63,27.03
26.32,1162,158,0,82,-0.1,3,6952,0,-1.85,85,98.4,80.8,83.6,26.96,28.11,26.63,27.03
26.36,1163,158,0,82,1.6,3,6952,0,-1.85,85,98.5,80.8,83.6,26.96,28.12,26.63,27.03
26.4,1165,158,0,82,-0.6,3,6952,0,-1.85,85.1,98.6,80.8,83.6,26.96,28.13,26.63,27.03
26.44,1167,158,0,82,0,3,6952,0,-1.85,85.1,98.7,80.8,83.6,26.97,28.14,26.63,27.03
26.48,1169,158,0,82,0.5,3,6952,0,-1.85,85.1,98.8,80.8,83.6,26.97,28.15,26.63,27.03
26.52,1171,158,0,82,-0.2,3,6952,0,-1.85,85.2,99,80.8,83.6,26.97,28.16,26.63,27.03
26.56,1172,158,0,82,0.6,3,6952,0,-1.85,85.2,99.1,80.8,83.6,26.98,28.17,26.63,27.03
26.6,1174,158,0,82,-0.3,3,6952,0,-1.85,85.3,99.2,80.8,83.6,26.98,28.18,26.63,27.03
26.64,1176,158,0,82,0.6,3,6952,0,-1.85,85.3,99.3,80.8,83.6,26.98,28.19,26.63,27.03
26.68,1178,158,0,82,-0.5,3,6952,0,-1.85,85.3,99.4,80.8,83.6,26.98,28.19,26.63,27.03
26.72,1179,158,0,82,0.7,3,6952,0,-1.85,85.4,99.6,80.8,83.6,26.99,28.2,26.63,27.03
26.76,1181,158,0,82,0.9,3,6952,0,-1.85,85.4,99.7,80.8,83.6,26.99,28.21,26.63,27.03
26.8,1183,158,0,82,0.4,3,6952,0,-1.85,85.5,99.8,80.8,83.6,26.99,28.22,26.63,27.03
26.84,1185,158,0,80,-2,3,6952,-0.04,-1.37,85.5,99.9,80.8,83.6,27,28.23,26.63,27.03
26.88,1186,158,0,77,-3.4,3,6952,-0.09,-1.34,85.5,100,80.8,83.6,27,28.24,26.63,27.03
26.92,1188,158,0,75,-4.5,3,6952,-0.14,-1.31,85.6,100.2,80.8,83.6,27,28.25,26.63,27.03
26.96,1190,158,0,72,-6,3,6952,-0.19,-1.28,85.6,100.3,80.8,83.6,27.01,28.26,26.63,27.03
27,1192,158,0,69,-8.3,3,6952,-0.23,-1.24,85.7,100.4,80.8,83.6,27.01,28.27,26.63,27.03
27.04,1193,158,0,67,-8.9,3,6952,-0.28,-1.21,85.7,100.5,80.8,83.6,27.01,28.28,26.63,27.03
27.08,1195,158,0,65,-10.9,3,6952,-0.33,-1.18,85.7,100.6,80.8,83.6,27.01,28.28,26.63,27.03
27.12,1197,158,0,62,-11.7,3,6952,-0.38,-1.15,85.8,100.8,80.8,83.6,27.02,28.29,26.63,27.03
27.16,1199,158,0,60,-13.6,3,6952,-0.43,-1.12,85.8,100.9,80.8,83.6,27.02,28.3,26.63,27.03
27.2,1200,158,0,57,-15.9,3,6952,-0.47,-1.08,85.9,101,80.8,83.6,27.02,28.31,26.63,27.03
27.24,1202,158,0,55,-16.6,3,6952,-0.52,-1.05,85.9,101.1,80.8,83.6,27.03,28.32,26.63,27.03
27.28,1204,158,0,53,-18.7,3,6952,-0.57,-1.02,85.9,101.2,80.8,83.6,27.03,28.33,26.63,27.03
27.32,1206,158,0,50,-19.1,3,6952,-0.62,-0.99,86,101.4,80.8,83.6,27.03,28.34,26.63,27.03
27.36,1207,158,0,48,-21.4,3,6952,-0.67,-0.96,86,101.5,80.8,83.6,27.04,28.35,26.63,27.03
27.4,1209,158,0,46,-22.1,3,6952,-0.71,-0.92,86.1,101.6,80.8,83.6,27.04,28.36,26.63,27.03
27.44,1211,158,0,44,-23.8,3,6952,-0.76,-0.89,86.1,101.7,80.8,83.6,27.04,28.37,26.63,27.03
27.48,1213,158,0,42,-25.7,3,6952,-0.81,-0.86,86.1,101.8,80.8,83.6,27.04,28.37,26.63,27.03
27.52,1214,158,0,39,-26.2,3,6952,-0.86,-0.83,86.2,102,80.8,83.6,27.05,28.38,26.63,27.03
27.56,1216,158,0,37,-28.1,3,6952,-0.9,-0.8,86.2,102.1,80.8,83.6,27.05,28.39,26.63,27.03
27.6,1218,158,0,35,-29,3,6952,-0.95,-0.77,86.3,102.2,80.8,83.6,27.05,28.4,26.63,27.03
27.64,1220,158,0,33,-29.6,3,6952,-1,-0.73,86.3,102.3,80.8,83.6,27.06,28.41,26.63,27.03
27.68,1221,158,0,31,-31,3,6952,-1.05,-0.7,86.3,102.4,80.8,83.6,27.06,28.42,26.63,27.03
27.72,1223,158,0,29,-32.5,3,6952,-1.1,-0.67,86.4,102.6,80.8,83.6,27.06,28.43,26.63,27.03
27.76,1225,158,0,27,-32.9,3,6952,-1.14,-0.64,86.4,102.7,80.8,83.6,27.07,28.44,26.63,27.03
27.8,1227,158,0,25,-34.2,3,6952,-1.19,-0.61,86.5,102.8,80.8,83.6,27.07,28.45,26.63,27.03
27.84,1228,158,0,24,-34.8,3,6952,-1.24,-0.57,86.5,102.9,80.8,83.6,27.07,28.46,26.63,27.03
27.88,1230,158,0,22,-35,3,6952,-1.29,-0.54,86.5,103,80.8,83.6,27.07,28.46,26.63,27.03
27.92,1232,158,0,20,-37.2,3,6952,-1.34,-0.51,86.6,103.2,80.8,83.6,27.08,28.47,26.63,27.03
27.96,1234,158,0,18,-38.1,3,6952,-1.38,-0.48,86.6,103.3,80.8,83.6,27.08,28.48,26.63,27.03
28,1235,158,0,17,-39,3,6952,-1.43,-0.45,86.7,103.4,80.8,83.6,27.08,28.49,26.63,27.03
28.04,1237,158,0,15,-39.3,3,6952,-1.48,-0.41,86.7,103.5,80.8,83.6,27.09,28.5,26.63,27.03
28.08,1239,158,0,13,-41.2,3,6952,-1.53,-0.38,86.7,103.6,80.8,83.6,27.09,28.51,26.63,27.03
28.12,1241,158,0,12,-40.8,3,6952,-1.57,-0.35,86.8,103.8,80.8,83.6,27.09,28.52,26.63,27.03
28.16,1242,158,0,10,-41.4,3,6952,-1.62,-0.32,86.8,103.9,80.8,83.6,27.1,28.53,26.63,27.03
28.2,1244,158,0,9,-41.9,3,6952,-1.67,-0.29,86.9,104,80.8,83.6,27.1,28.54,26.63,27.03
28.24,1246,158,0,8,-41.9,3,6952,-1.72,-0.25,86.9,104.1,80.8,83.6,27.1,28.55,26.63,27.03
28.28,1248,158,0,6,-43,3,6952,-1.77,-0.22,86.9,104.2,80.8,83.6,27.1,28.55,26.63,27.03
28.32,1250,158,0,5,-42.6,3,6952,-1.81,-0.19,87,104.4,80.8,83.6,27.11,28.56,26.63,27.03
28.36,1251,158,0,4,-43.4,3,6952,-1.86,-0.16,87,104.5,80.8,83.6,27.11,28.57,26.63,27.03
28.4,1253,158,0,3,-44.4,3,6952,-1.91,-0.13,87.1,104.6,80.8,83.6,27.11,28.58,26.63,27.03
28.44,1255,158,0,2,-43.1,3,6952,-1.96,-0.09,87.1,104.7,80.8,83.6,27.12,28.59,26.63,27.03
28.48,1257,158,0,1,-43.6,3,6952,-2.01,-0.06,87.1,104.8,80.8,83.6,27.12,28.6,26.63,27.03
28.52,1258,158,0,0,-44.7,3,6952,-2.05,-0.03,87.2,105,80.8,83.6,27.12,28.61,26.63,27.03
28.56,1260,158,0,0,-43.3,3,6952,-1.95,0,87.2,105,80.9,83.7,27.12,28.61,26.63,27.03
28.6,1262,158,3,0,-42.5,3,6952,-1.93,0.01,87.2,105,80.9,83.7,27.12,28.61,26.63,27.03
28.64,1264,158,5,0,-43.1,3,6952,-1.9,0.02,87.2,105,80.9,83.7,27.12,28.61,26.63,27.03
28.68,1265,158,7,0,-41.2,3,6953,-1.88,0.03,87.2,105,81,83.8,27.12,28.61,26.64,27.04
28.72,1267,158,9,0,-41.2,3,6953,-1.86,0.04,87.2,105,81,83.8,27.12,28.61,26.64,27.04
28.76,1269,158,11,0,-41,3,6953,-1.84,0.05,87.2,105,81,83.8,27.12,28.61,26.64,27.04
28.8,1271,158,13,0,-39.2,3,6954,-1.81,0.06,87.2,105,81.1,83.9,27.12,28.61,26.65,27.05
28.84,1272,158.1,14,0,-39.1,3,6955,-1.79,0.07,87.2,105,81.1,83.9,27.12,28.61,26.65,27.05
28.88,1274,158.1,16,0,-39.3,3,6955,-1.77,0.08,87.2,105,81.1,83.9,27.12,28.61,26.65,27.05
28.92,1276,158.1,18,0,-38.1,3,6956,-1.74,0.09,87.2,105,81.2,84,27.12,28.61,26.65,27.05
28.96,1278,158.1,20,0,-37.4,3,6957,-1.72,0.1,87.2,105,81.2,84,27.12,28.61,26.66,27.06
29,1279,158.1,21,0,-36.9,3,6958,-1.7,0.1,87.2,105,81.2,84,27.12,28.61,26.66,27.06
29.04,1281,158.1,23,0,-36.3,3,6958,-1.68,0.11,87.2,105,81.3,84.1,27.12,28.61,26.66,27.06
29.08,1283,158.2,24,0,-36.3,3,6959,-1.65,0.12,87.2,105,81.3,84.1,27.12,28.61,26.66,27.06
29.12,1285,158.2,26,0,-35.5,3,6960,-1.63,0.13,87.2,105,81.3,84.1,27.12,28.61,26.67,27.07
29.16,1286,158.2,28,0,-34.5,3,6962,-1.61,0.14,87.2,105,81.4,84.2,27.12,28.61,26.67,27.07
29.2,1288,158.2,29,0,-33.9,3,6963,-1.58,0.15,87.2,105,81.4,84.2,27.12,28.61,26.67,27.07
29.24,1290,158.3,31,0,-33.2,3,6964,-1.56,0.16,87.2,105,81.5,84.3,27.12,28.61,26.67,27.07
29.28,1292,158.3,32,0,-31.9,3,6965,-1.54,0.17,87.2,105,81.5,84.3,27.12,28.61,26.68,27.08
29.32,1293,158.3,34,0,-31.5,3,6967,-1.52,0.18,87.2,105,81.5,84.3,27.12,28.61,26.68,27.08
29.36,1295,158.4,35,0,-30.8,3,6968,-1.49,0.19,87.2,105,81.6,84.4,27.12,28.61,26.68,27.08
29.4,1297,158.4,37,0,-30.9,3,6970,-1.47,0.2,87.2,105,81.6,84.4,27.12,28.61,26.68,27.08
29.44,1299,158.4,38,0,-29.5,3,6971,-1.45,0.21,87.2,105,81.6,84.4,27.12,28.61,26.69,27.09
29.48,1300,158.5,40,0,-30,3,6973,-1.42,0.22,87.2,105,81.7,84.5,27.12,28.61,26.69,27.09
29.52,1302,158.5,41,0,-28.5,3,6974,-1.4,0.23,87.2,105,81.7,84.5,27.12,28.61,26.69,27.09
29.56,1304,158.5,43,0,-27.5,3,6976,-1.38,0.24,87.2,105,81.7,84.5,27.12,28.61,26.69,27.09
29.6,1306,158.6,44,0,-27.9,3,6978,-1.36,0.25,87.2,105,81.8,84.6,27.12,28.61,26.7,27.1
29.64,1308,158.6,45,0,-26.4,3,6980,-1.33,0.26,87.2,105,81.8,84.6,27.12,28.61,26.7,27.1
29.68,1309,158.7,47,0,-26.3,3,6982,-1.31,0.27,87.2,105,81.8,84.6,27.12,28.61,26.7,27.1
29.72,1311,158.7,48,0,-25.1,3,6984,-1.29,0.28,87.2,105,81.9,84.7,27.12,28.61,26.71,27.11
29.76,1313,158.8,50,0,-24.9,3,6986,-1.26,0.29,87.2,105,81.9,84.7,27.12,28.61,26.71,27.11
29.8,1315,158.8,51,0,-23.2,3,6988,-1.24,0.3,87.2,105,81.9,84.7,27.12,28.61,26.71,27.11
29.84,1316,158.9,53,0,-23.5,3,6990,-1.22,0.31,87.2,105,82,84.8,27.12,28.61,26.71,27.11
29.88,1318,158.9,54,0,-22.6,3,6992,-1.19,0.31,87.2,105,82,84.8,27.12,28.61,26.72,27.12
29.92,1320,159,55,0,-21.8,3,6994,-1.17,0.32,87.2,105,82,84.8,27.12,28.61,26.72,27.12
29.96,1322,159,57,0,-21.3,3,6996,-1.15,0.33,87.2,105,82.1,84.9,27.12,28.61,26.72,27.12
30,1323,159.1,58,0,-21.2,3,6999,-1.13,0.34,87.2,105,82.1,84.9,27.12,28.61,26.72,27.12
30.04,1325,159.1,60,0,-20.2,3,7001,-1.1,0.35,87.2,105,82.2,85,27.12,28.61,26.73,27.13
30.08,1327,159.2,61,0,-20.5,3,7004,-1.08,0.36,87.2,105,82.2,85,27.12,28.61,26.73,27.13
30.12,1329,159.2,62,0,-18.7,3,7006,-1.06,0.37,87.2,105,82.2,85,27.12,28.61,26.73,27.13
30.16,1330,159.3,64,0,-18,3,7009,-1.03,0.38,87.2,105,82.3,85.1,27.12,28.61,26.73,27.13
30.2,1332,159.3,65,0,-17.5,3,7011,-1.01,0.39,87.2,105,82.3,85.1,27.12,28.61,26.74,27.14
30.24,1334,159.4,66,0,-16.2,3,7014,-0.99,0.4,87.2,105,82.3,85.1,27.12,28.61,26.74,27.14
30.28,1336,159.5,68,0,-16.3,3,7017,-0.96,0.41,87.2,105,82.4,85.2,27.12,28.61,26.74,27.14
30.32,1338,159.5,69,0,-15.8,3,7019,-0.94,0.42,87.2,105,82.4,85.2,27.12,28.61,26.74,27.14
30.36,1339,159.6,70,0,-14.5,3,7022,-0.92,0.43,87.2,105,82.4,85.2,27.12,28.61,26.75,27.15
30.4,1341,159.7,72,0,-13.5,3,7025,-0.9,0.44,87.2,105,82.5,85.3,27.12,28.61,26.75,27.15
30.44,1343,159.7,73,0,-13.7,3,7028,-0.87,0.45,87.2,105,82.5,85.3,27.12,28.61,26.75,27.15
30.48,1345,159.8,74,0,-13.5,3,7031,-0.85,0.46,87.2,105,82.5,85.3,27.12,28.61,26.76,27.16
30.52,1346,159.9,76,0,-11.7,3,7034,-0.83,0.47,87.2,105,82.6,85.4,27.12,28.61,26.76,27.16
30.56,1348,159.9,77,0,-11.4,3,7037,-0.8,0.48,87.2,105,82.6,85.4,27.12,28.61,26.76,27.16
30.6,1350,160,78,0,-10.8,3,7040,-0.78,0.49,87.2,105,82.6,85.4,27.12,28.61,26.76,27.16
30.64,1352,160.1,80,0,-10.8,3,7043,-0.76,0.5,87.2,105,82.7,85.5,27.12,28.61,26.77,27.17
30.68,1354,160.2,81,0,-9.3,3,7047,-0.73,0.51,87.2,105,82.7,85.5,27.12,28.61,26.77,27.17
30.72,1355,160.2,82,0,-9,3,7050,-0.71,0.52,87.2,105,82.7,85.5,27.12,28.61,26.77,27.17
30.76,1357,160.3,84,0,-8.2,3,7053,-0.69,0.53,87.2,105,82.8,85.6,27.12,28.61,26.77,27.17
30.8,1359,160.4,85,0,-7.6,3,7057,-0.66,0.54,87.2,105,82.8,85.6,27.12,28.61,26.78,27.18
30.84,1361,160.5,86,0,-7,3,7060,-0.64,0.55,87.2,105,82.9,85.7,27.12,28.61,26.78,27.18
30.88,1362,160.5,87,0,-6.7,3,7063,-0.62,0.55,87.2,105,82.9,85.7,27.12,28.61,26.78,27.18
30.92,1364,160.6,89,0,-5.1,3,7067,-0.6,0.56,87.2,105,82.9,85.7,27.12,28.61,26.78,27.18
30.96,1366,160.7,90,0,-5.4,3,7071,-0.57,0.57,87.2,105,83,85.8,27.12,28.61,26.79,27.19
31,1368,160.8,91,0,-4.7,3,6225,-0.55,0.58,87.2,105,83,85.8,27.12,28.61,26.79,27.19
31.04,1370,160.9,93,0,-3.7,3,6229,-0.53,0.59,87.2,105,83,85.8,27.12,28.61,26.79,27.19
31.08,1371,160.9,94,0,-2.7,3,6232,-0.5,0.6,87.2,105,83.1,85.9,27.12,28.61,26.79,27.19
31.12,1373,161,95,0,-2.6,3,6235,-0.48,0.61,87.2,105,83.1,85.9,27.12,28.61,26.8,27.2
31.16,1375,161.1,96,0,-2.2,3,6238,-0.46,0.62,87.2,105,83.1,85.9,27.12,28.61,26.8,27.2
31.2,1377,161.2,98,0,-1.1,3,7093,-0.43,0.63,87.2,105,83.2,86,27.12,28.61,26.8,27.2
31.24,1379,161.3,99,0,-0.2,3,7097,-0.41,0.64,87.2,105,83.2,86,27.12,28.61,26.81,27.21
31.28,1380,161.4,100,0,0.6,3,7100,-0.03,0.04,87.2,104.9,83.2,86,27.12,28.61,26.8,27.2
31.32,1382,161.4,100,0,-0.3,3,7102,0,0.04,87.1,104.9,83.2,86,27.12,28.61,26.8,27.2
31.36,1384,161.5,100,0,0.3,3,7105,-0.02,0.04,87.1,104.9,83.2,86,27.12,28.61,26.8,27.2
31.4,1386,161.5,100,0,0.5,3,7107,0.01,0.04,87.1,104.9,83.2,86,27.12,28.61,26.8,27.2
31.44,1387,161.6,100,0,-0.2,3,7110,0.02,0.04,87.1,104.9,83.1,85.9,27.12,28.6,26.8,27.2
31.48,1389,161.6,100,0,-0.3,3,7112,0.02,0.04,87.1,104.9,83.1,85.9,27.12,28.6,26.8,27.2
31.52,1391,161.7,100,0,-0.9,3,7115,0.03,0.04,87.1,104.9,83.1,85.9,27.12,28.6,26.8,27.2
31.56,1393,161.8,100,0,0.1,3,7117,0.02,0.04,87.1,104.9,83.1,85.9,27.12,28.6,26.8,27.2
31.6,1395,161.8,100,0,0,3,7120,0.01,0.04,87.1,104.8,83.1,85.9,27.11,28.6,26.8,27.2
31.64,1396,161.9,100,0,-0.1,3,7122,0,0.04,87.1,104.8,83.1,85.9,27.11,28.6,26.8,27.2
31.68,1398,161.9,100,0,0.2,3,7125,-0.02,0.04,87,104.8,83.1,85.9,27.11,28.6,26.8,27.2
31.72,1400,162,100,0,-0.2,3,7127,0,0.04,87,104.8,83.1,85.9,27.11,28.6,26.79,27.19
31.76,1402,162,100,0,0.4,3,7130,-0.03,0.04,87,104.8,83,85.8,27.11,28.6,26.79,27.19
31.8,1404,162.1,100,0,0.3,3,7133,0.02,0.04,87,104.8,83,85.8,27.11,28.6,26.79,27.19
31.84,1405,162.2,100,0,-1,3,7135,0,0.04,87,104.8,83,85.8,27.11,28.6,26.79,27.19
31.88,1407,162.2,100,0,0,3,7138,0,0.04,87,104.8,83,85.8,27.11,28.59,26.79,27.19
31.92,1409,162.3,100,0,0,3,7140,-0.01,0.04,87,104.7,83,85.8,27.11,28.59,26.79,27.19
31.96,1411,162.3,100,0,0.2,3,7143,-0.02,0.04,87,104.7,83,85.8,27.11,28.59,26.79,27.19
32,1413,162.4,100,0,-0.7,3,7145,0.02,0.04,86.9,104.7,83,85.8,27.11,28.59,26.79,27.19
32.04,1414,162.4,100,0,-0.8,3,7148,0.03,0.04,86.9,104.7,83,85.8,27.1,28.59,26.79,27.19
32.08,1416,162.5,100,0,-0.4,3,7150,-0.01,0.04,86.9,104.7,82.9,85.7,27.1,28.59,26.79,27.19
32.12,1418,162.6,100,0,0.6,3,7153,0.01,0.04,86.9,104.7,82.9,85.7,27.1,28.59,26.79,27.19
32.16,1420,162.6,100,0,-0.3,3,7155,0.01,0.04,86.9,104.7,82.9,85.7,27.1,28.59,26.78,27.18
32.2,1422,162.7,100,0,0.1,3,7158,-0.03,0.04,86.9,104.7,82.9,85.7,27.1,28.59,26.78,27.18
32.24,1424,162.7,100,0,-0.2,3,7160,0.01,0.04,86.9,104.7,82.9,85.7,27.1,28.59,26.78,27.18
32.28,1425,162.8,100,0,-0.4,3,7163,0,0.04,86.9,104.6,82.9,85.7,27.1,28.59,26.78,27.18
32.32,1427,162.9,100,0,-0.3,3,7165,0.05,0.04,86.8,104.6,82.9,85.7,27.1,28.58,26.78,27.18
32.36,1429,162.9,100,0,-0.5,3,7168,0,0.04,86.8,104.6,82.9,85.7,27.1,28.58,26.78,27.18
32.4,1431,163,100,0,0.2,3,7171,-0.01,0.04,86.8,104.6,82.9,85.7,27.1,28.58,26.78,27.18
32.44,1433,163,100,0,0.3,3,7173,0.02,0.04,86.8,104.6,82.8,85.6,27.1,28.58,26.78,27.18
32.48,1434,163.1,100,0,-0.8,3,7176,-0.02,0.04,86.8,104.6,82.8,85.6,27.1,28.58,26.78,27.18
32.52,1436,163.1,100,0,-0.3,3,7178,0,0.04,86.8,104.6,82.8,85.6,27.09,28.58,26.78,27.18
32.56,1438,163.2,100,0,-0.3,3,7181,0.01,0.04,86.8,104.6,82.8,85.6,27.09,28.58,26.78,27.18
32.6,1440,163.3,100,0,-0.6,3,7183,-0.04,0.04,86.8,104.5,82.8,85.6,27.09,28.58,26.77,27.17
32.64,1442,163.3,100,0,0.2,3,7186,-0.01,0.04,86.8,104.5,82.8,85.6,27.09,28.58,26.77,27.17
32.68,1443,163.4,100,0,0.5,3,7188,0,0.04,86.7,104.5,82.8,85.6,27.09,28.58,26.77,27.17
32.72,1445,163.4,100,0,0.6,3,7191,-0.03,0.04,86.7,104.5,82.8,85.6,27.09,28.58,26.77,27.17
32.76,1447,163.5,100,0,0.3,3,7193,-0.01,0.04,86.7,104.5,82.7,85.5,27.09,28.57,26.77,27.17
32.8,1449,163.5,100,0,0,3,7196,0.01,0.04,86.7,104.5,82.7,85.5,27.09,28.57,26.77,27.17
32.84,1451,163.6,100,0,0,3,7198,-0.01,0.04,86.7,104.5,82.7,85.5,27.09,28.57,26.77,27.17
32.88,1453,163.7,100,0,0.1,3,7201,0,0.04,86.7,104.5,82.7,85.5,27.09,28.57,26.77,27.17
32.92,1454,163.7,100,0,-0.4,3,7203,0.01,0.04,86.7,104.4,82.7,85.5,27.09,28.57,26.77,27.17
32.96,1456,163.8,100,0,1.2,3,7206,-0.02,0.04,86.7,104.4,82.7,85.5,27.08,28.57,26.77,27.17
33,1458,163.8,100,0,0.7,3,7209,0.03,0.04,86.6,104.4,82.7,85.5,27.08,28.57,26.77,27.17
33.04,1460,163.9,100,0,-0.2,3,7211,0.05,0.04,86.6,104.4,82.7,85.5,27.08,28.57,26.76,27.16
33.08,1462,163.9,100,0,-0.1,3,7214,-0.01,0.04,86.6,104.4,82.6,85.4,27.08,28.57,26.76,27.16
33.12,1463,164,100,0,0.5,3,7216,0.01,0.04,86.6,104.4,82.6,85.4,27.08,28.57,26.76,27.16
33.16,1465,164.1,100,0,0.2,3,7219,0,0.04,86.6,104.4,82.6,85.4,27.08,28.57,26.76,27.16
33.2,1467,164.1,100,0,-0.2,3,7221,-0.01,0.04,86.6,104.4,82.6,85.4,27.08,28.56,26.76,27.16
33.24,1469,164.2,100,0,-0.6,3,7224,-0.03,0.04,86.6,104.4,82.6,85.4,27.08,28.56,26.76,27.16
33.28,1471,164.2,100,0,-0.4,3,7226,-0.01,0.04,86.6,104.3,82.6,85.4,27.08,28.56,26.76,27.16
33.32,1473,164.3,100,0,-0.1,3,7229,0.02,0.04,86.5,104.3,82.6,85.4,27.08,28.56,26.76,27.16
33.36,1474,164.3,100,0,0.1,3,7231,0.02,0.04,86.5,104.3,82.6,85.4,27.08,28.56,26.76,27.16
33.4,1476,164.4,100,0,0.2,3,7234,0.03,0.04,86.5,104.3,82.6,85.4,27.07,28.56,26.76,27.16
33.44,1478,164.5,100,0,-0.1,3,7236,-0.04,0.04,86.5,104.3,82.5,85.3,27.07,28.56,26.76,27.16
33.48,1480,164.5,100,0,0,3,7239,0.04,0.04,86.5,104.3,82.5,85.3,27.07,28.56,26.75,27.15
33.52,1482,164.6,100,0,0.3,3,7242,0.01,0.04,86.5,104.3,82.5,85.3,27.07,28.56,26.75,27.15
33.56,1484,164.6,100,0,-0.4,3,7244,-0.04,0.04,86.5,104.3,82.5,85.3,27.07,28.56,26.75,27.15
33.6,1485,164.7,100,0,-0.3,3,7247,-0.02,0.04,86.5,104.2,82.5,85.3,27.07,28.56,26.75,27.15
33.64,1487,164.8,100,0,-1,3,7249,0.02,0.04,86.5,104.2,82.5,85.3,27.07,28.55,26.75,27.15
33.68,1489,164.8,100,0,-0.3,3,7252,0.02,0.04,86.4,104.2,82.5,85.3,27.07,28.55,26.75,27.15
33.72,1491,164.9,100,0,-0.1,3,7254,-0.01,0.04,86.4,104.2,82.5,85.3,27.07,28.55,26.75,27.15
33.76,1493,164.9,100,0,-0.4,3,7257,0.03,0.04,86.4,104.2,82.4,85.2,27.07,28.55,26.75,27.15
33.8,1495,165,100,0,0.4,3,7259,0.05,0.04,86.4,104.2,82.4,85.2,27.07,28.55,26.75,27.15
33.84,1496,165,100,0,-0.4,3,7262,0,0.04,86.4,104.2,82.4,85.2,27.06,28.55,26.75,27.15
33.88,1498,165.1,100,0,-0.4,3,7264,0.01,0.04,86.4,104.2,82.4,85.2,27.06,28.55,26.75,27.15
33.92,1500,165.2,100,0,-0.1,3,7267,0.02,0.04,86.4,104.1,82.4,85.2,27.06,28.55,26.74,27.14
33.96,1502,165.2,100,0,0.2,3,7269,-0.01,0.04,86.4,104.1,82.4,85.2,27.06,28.55,26.74,27.14
34,1504,165.3,100,0,0.3,3,7272,-0.02,0.04,86.3,104.1,82.4,85.2,27.06,28.55,26.74,27.14
34.04,1506,165.3,100,0,0.3,3,7274,0,0.04,86.3,104.1,82.4,85.2,27.06,28.55,26.74,27.14
34.08,1507,165.4,100,0,1.4,3,7277,0.01,0.04,86.3,104.1,82.3,85.1,27.06,28.55,26.74,27.14
34.12,1509,165.4,100,0,0,3,7280,-0.03,0.04,86.3,104.1,82.3,85.1,27.06,28.54,26.74,27.14
34.16,1511,165.5,100,0,0,3,7282,-0.02,0.04,86.3,104.1,82.3,85.1,27.06,28.54,26.74,27.14
34.2,1513,165.6,100,0,-0.1,3,7285,0,0.04,86.3,104.1,82.3,85.1,27.06,28.54,26.74,27.14
34.24,1515,165.6,100,0,0.1,3,7287,0.03,0.04,86.3,104.1,82.3,85.1,27.06,28.54,26.74,27.14
34.28,1517,165.7,100,0,0,3,7290,-0.02,0.04,86.3,104,82.3,85.1,27.05,28.54,26.74,27.14
34.32,1518,165.7,100,0,-0.2,3,7292,-0.02,0.04,86.2,104,82.3,85.1,27.05,28.54,26.74,27.14
34.36,1520,165.7,0,1,-0.2,3,7291,0,-1.85,86.3,104.1,82.3,85.1,27.06,28.55,26.74,27.14
34.4,1522,165.4,0,10,0.2,3,7278,0,-1.85,86.3,104.3,82.3,85.1,27.06,28.56,26.74,27.14
34.44,1524,164.8,0,19,0.2,3,7253,0,-1.85,86.4,104.4,82.3,85.1,27.06,28.57,26.74,27.14
34.48,1526,164,0,28,-0.3,3,7216,0,-1.85,86.4,104.5,82.3,85.1,27.07,28.58,26.74,27.14
34.52,1528,162.9,0,37,0.4,3,7167,0,-1.85,86.4,104.6,82.3,85.1,27.07,28.58,26.74,27.14
34.56,1529,161.5,0,46,-1.7,3,7106,0,-1.85,86.5,104.7,82.3,85.1,27.07,28.59,26.74,27.14
34.6,1531,159.9,0,55,1.3,3,7033,0,-1.85,86.5,104.9,82.3,85.1,27.07,28.6,26.74,27.14
34.64,1533,157.9,0,64,0,3,6949,0,-1.85,86.6,105,82.3,85.1,27.08,28.61,26.74,27.14
34.68,1535,155.8,0,72,-0.5,3,6854,0,-1.85,86.6,105.1,82.3,85.1,27.08,28.62,26.74,27.14
34.72,1536,153.3,0,81,-0.6,3,6747,0,-1.85,86.6,105.2,82.3,85.1,27.08,28.63,26.74,27.14
34.76,1538,150.7,0,89,-0.1,3,6630,0,-1.85,86.7,105.3,82.3,85.1,27.09,28.64,26.74,27.14
34.8,1540,147.8,0,96,-1,3,6503,0,-1.85,86.7,105.5,82.3,85.1,27.09,28.65,26.74,27.14
34.84,1541,144.9,0,96,1.2,3,6376,0,-1.85,86.8,105.6,82.3,85.1,27.09,28.66,26.74,27.14
34.88,1543,142,0,96,-0.6,3,6249,0,-1.85,86.8,105.7,82.3,85.1,27.1,28.67,26.74,27.14
34.92,1545,139.2,0,96,-0.5,3,6123,0,-1.85,86.8,105.8,82.3,85.1,27.1,28.67,26.74,27.14
34.96,1546,136.3,0,96,-0.3,3,5996,0,-1.85,86.9,105.9,82.3,85.1,27.1,28.68,26.74,27.14
35,1548,133.4,0,96,0.2,2,7603,0,-1.85,86.9,106.1,82.3,85.1,27.1,28.69,26.74,27.14
35.04,1549,130.5,0,96,0.2,2,7439,0,-1.85,87,106.2,82.3,85.1,27.11,28.7,26.74,27.14
35.08,1551,127.6,0,96,1.2,2,7275,0,-1.85,87,106.3,82.3,85.1,27.11,28.71,26.74,27.14
35.12,1552,124.8,0,96,-0.7,2,7111,0,-1.85,87,106.4,82.3,85.1,27.11,28.72,26.74,27.14
35.16,1553,121.9,0,96,-1.4,2,6947,0,-1.85,87.1,106.5,82.3,85.1,27.12,28.73,26.74,27.14
35.2,1555,119,0,96,-0.5,2,6783,0,-1.85,87.1,106.7,82.3,85.1,27.12,28.74,26.74,27.14
35.24,1556,116.1,0,96,1.6,2,6618,0,-1.85,87.2,106.8,82.3,85.1,27.12,28.75,26.74,27.14
35.28,1557,113.2,0,96,-1.2,2,6454,0,-1.85,87.2,106.9,82.3,85.1,27.13,28.76,26.74,27.14
35.32,1559,110.4,0,96,-1.2,2,6290,0,-1.85,87.2,107,82.3,85.1,27.13,28.76,26.74,27.14
35.36,1560,107.5,0,96,0.9,2,6126,0,-1.85,87.3,107.1,82.3,85.1,27.13,28.77,26.74,27.14
35.4,1561,104.6,0,96,-0.2,2,5962,0,-1.85,87.3,107.3,82.3,85.1,27.13,28.78,26.74,27.14
35.44,1562,101.7,0,96,0.3,2,5798,0,-1.85,87.4,107.4,82.3,85.1,27.14,28.79,26.74,27.14
35.48,1563,98.8,0,96,0.9,2,5633,0,-1.85,87.4,107.5,82.3,85.1,27.14,28.8,26.74,27.14
35.52,1564,96,0,96,-0.7,2,5469,0,-1.85,87.4,107.6,82.3,85.1,27.14,28.81,26.74,27.14
35.56,1566,93.1,0,96,0.2,1,7260,0,-1.85,87.5,107.7,82.3,85.1,27.15,28.82,26.74,27.14
35.6,1567,90.2,0,96,-0.4,1,7035,0,-1.85,87.5,107.9,82.3,85.1,27.15,28.83,26.74,27.14
35.64,1568,88,0,96,0.5,1,6864,0,-1.85,87.6,108,82.3,85.1,27.15,28.84,26.74,27.14
35.68,1569,88,0,96,-0.6,1,6864,0,-1.85,87.6,108.1,82.3,85.1,27.16,28.85,26.74,27.14
35.72,1570,88,0,96,0.8,1,6864,0,-1.85,87.6,108.2,82.3,85.1,27.16,28.85,26.74,27.14
35.76,1571,88,0,96,0,1,6864,0,-1.85,87.7,108.3,82.3,85.1,27.16,28.86,26.74,27.14
35.8,1571,88,0,96,-0.2,1,6864,0,-1.85,87.7,108.5,82.3,85.1,27.16,28.87,26.74,27.14
35.84,1572,88,0,96,-0.1,1,6864,0,-1.85,87.8,108.6,82.3,85.1,27.17,28.88,26.74,27.14
35.88,1573,88,0,96,0.6,1,6864,0,-1.85,87.8,108.7,82.3,85.1,27.17,28.89,26.74,27.14
35.92,1574,88,0,96,1,1,6864,0,-1.85,87.8,108.8,82.3,85.1,27.17,28.9,26.74,27.14
35.96,1575,88,0,96,1.9,1,6864,0,-1.85,87.9,108.9,82.3,85.1,27.18,28.91,26.74,27.14
36,1576,88,0,96,1,1,6864,0,-1.85,87.9,109.1,82.3,85.1,27.18,28.92,26.74,27.14
36.04,1577,88,0,96,0.6,1,6864,0,-1.85,88,109.2,82.3,85.1,27.18,28.93,26.74,27.14
36.08,1578,88,0,96,0.1,1,6864,0,-1.85,88,109.3,82.3,85.1,27.19,28.94,26.74,27.14
36.12,1579,88,0,94,-0.9,1,6864,-0.02,-1.38,88,109.4,82.3,85.1,27.19,28.94,26.74,27.14
36.16,1580,88,0,93,-2.1,1,6864,-0.05,-1.36,88.1,109.5,82.3,85.1,27.19,28.95,26.74,27.14
36.2,1581,88,0,91,-4.6,1,6864,-0.08,-1.35,88.1,109.7,82.3,85.1,27.19,28.96,26.74,27.14
36.24,1582,88,0,89,-6,1,6864,-0.11,-1.33,88.2,109.8,82.3,85.1,27.2,28.97,26.74,27.14
36.28,1583,88,0,87,-7.5,1,6864,-0.13,-1.31,88.2,109.9,82.3,85.1,27.2,28.98,26.74,27.14
36.32,1584,88,0,85,-9.6,1,6864,-0.16,-1.29,88.2,110,82.3,85.1,27.2,28.99,26.74,27.14
36.36,1585,88,0,84,-10.4,1,6864,-0.19,-1.27,88.3,110.1,82.3,85.1,27.21,29,26.74,27.14
36.4,1586,88,0,82,-11.8,1,6864,-0.22,-1.25,88.3,110.3,82.3,85.1,27.21,29.01,26.74,27.14
36.44,1587,88,0,80,-14.2,1,6864,-0.25,-1.23,88.4,110.4,82.3,85.1,27.21,29.02,26.74,27.14
36.48,1588,88,0,78,-14.4,1,6864,-0.27,-1.21,88.4,110.5,82.3,85.1,27.22,29.03,26.74,27.14
36.52,1589,88,0,77,-17.6,1,6864,-0.3,-1.19,88.4,110.6,82.3,85.1,27.22,29.03,26.74,27.14
36.56,1590,88,0,75,-18.6,1,6864,-0.33,-1.17,88.5,110.7,82.3,85.1,27.22,29.04,26.74,27.14
36.6,1591,88,0,73,-19,1,6864,-0.36,-1.15,88.5,110.9,82.3,85.1,27.22,29.05,26.74,27.14
36.64,1592,88,0,72,-20.4,1,6864,-0.38,-1.14,88.6,111,82.3,85.1,27.23,29.06,26.74,27.14
36.68,1593,88,0,70,-23.8,1,6864,-0.41,-1.12,88.6,111.1,82.3,85.1,27.23,29.07,26.74,27.14
36.72,1594,88,0,68,-25.1,1,6864,-0.44,-1.1,88.6,111.2,82.3,85.1,27.23,29.08,26.74,27.14
36.76,1595,88,0,67,-25.6,1,6864,-0.47,-1.08,88.7,111.3,82.3,85.1,27.24,29.09,26.74,27.14
36.8,1596,88,0,65,-26.5,1,6864,-0.5,-1.06,88.7,111.5,82.3,85.1,27.24,29.1,26.74,27.14
36.84,1597,88,0,63,-28.4,1,6864,-0.52,-1.04,88.8,111.6,82.3,85.1,27.24,29.11,26.74,27.14
36.88,1598,88,0,62,-30.4,1,6864,-0.55,-1.02,88.8,111.7,82.3,85.1,27.25,29.12,26.74,27.14
36.92,1599,88,0,60,-31.5,1,6864,-0.58,-1,88.8,111.8,82.3,85.1,27.25,29.12,26.74,27.14
36.96,1600,88,0,58,-31.9,1,6864,-0.61,-0.98,88.9,111.9,82.3,85.1,27.25,29.13,26.74,27.14
37,1601,88,0,57,-33.5,1,6864,-0.63,-0.96,88.9,112.1,82.3,85.1,27.25,29.14,26.74,27.14
37.04,1602,88,0,55,-35.3,1,6864,-0.66,-0.94,89,112.2,82.3,85.1,27.26,29.15,26.74,27.14
37.08,1603,88,0,54,-36.1,1,6864,-0.69,-0.92,89,112.3,82.3,85.1,27.26,29.16,26.74,27.14
37.12,1604,88,0,52,-38.4,1,6864,-0.72,-0.91,89,112.4,82.3,85.1,27.26,29.17,26.74,27.14
37.16,1605,88,0,51,-39.2,1,6864,-0.74,-0.89,89.1,112.5,82.3,85.1,27.27,29.18,26.74,27.14
37.2,1606,88,0,49,-40.8,1,6864,-0.77,-0.87,89.1,112.7,82.3,85.1,27.27,29.19,26.74,27.14
37.24,1607,88,0,48,-40.9,1,6864,-0.8,-0.85,89.2,112.8,82.3,85.1,27.27,29.2,26.74,27.14
37.28,1608,88,0,46,-42.3,1,6864,-0.83,-0.83,89.2,112.9,82.3,85.1,27.28,29.21,26.74,27.14
37.32,1609,88,0,45,-44.2,1,6864,-0.86,-0.81,89.2,113,82.3,85.1,27.28,29.21,26.74,27.14
37.36,1610,88,0,43,-46.3,1,6864,-0.88,-0.79,89.3,113.1,82.3,85.1,27.28,29.22,26.74,27.14
37.4,1611,88,0,42,-45.6,1,6864,-0.91,-0.77,89.3,113.3,82.3,85.1,27.28,29.23,26.74,27.14
37.44,1612,88,0,40,-46.8,1,6864,-0.94,-0.75,89.4,113.4,82.3,85.1,27.29,29.24,26.74,27.14
37.48,1613,88,0,39,-49.2,1,6864,-0.97,-0.73,89.4,113.5,82.3,85.1,27.29,29.25,26.74,27.14
37.52,1614,88,0,37,-50.8,1,6864,-0.99,-0.71,89.4,113.6,82.3,85.1,27.29,29.26,26.74,27.14
37.56,1615,88,0,36,-50.2,1,6864,-1.02,-0.69,89.5,113.7,82.3,85.1,27.3,29.27,26.74,27.14
37.6,1615,88,0,35,-52.3,1,6864,-1.05,-0.68,89.5,113.9,82.3,85.1,27.3,29.28,26.74,27.14
37.64,1616,88,0,33,-53.2,1,6864,-1.08,-0.66,89.6,114,82.3,85.1,27.3,29.29,26.74,27.14
37.68,1617,88,0,32,-53.6,1,6864,-1.11,-0.64,89.6,114.1,82.3,85.1,27.31,29.3,26.74,27.14
37.72,1618,88,0,31,-55.9,1,6864,-1.13,-0.62,89.6,114.2,82.3,85.1,27.31,29.3,26.74,27.14
37.76,1619,88,0,29,-55.6,1,6864,-1.16,-0.6,89.7,114.3,82.3,85.1,27.31,29.31,26.74,27.14
37.8,1620,88,0,28,-57.5,1,6864,-1.19,-0.58,89.7,114.5,82.3,85.1,27.31,29.32,26.74,27.14
37.84,1621,88,0,27,-57.7,1,6864,-1.22,-0.56,89.8,114.6,82.3,85.1,27.32,29.33,26.74,27.14
37.88,1622,88,0,25,-59.3,1,6864,-1.24,-0.54,89.8,114.7,82.3,85.1,27.32,29.34,26.74,27.14
37.92,1623,88,0,24,-59.8,1,6864,-1.27,-0.52,89.8,114.8,82.3,85.1,27.32,29.35,26.74,27.14
37.96,1624,88,0,23,-61.5,1,6864,-1.3,-0.5,89.9,114.9,82.3,85.1,27.33,29.36,26.74,27.14
38,1625,88,0,22,-61.3,1,6864,-1.33,-0.48,89.9,115.1,82.3,85.1,27.33,29.37,26.74,27.14
38.04,1626,88,0,21,-62.1,1,6864,-1.36,-0.47,90,115.2,82.3,85.1,27.33,29.38,26.74,27.14
38.08,1627,88,0,19,-62.2,1,6864,-1.38,-0.45,90,115.3,82.3,85.1,27.34,29.39,26.74,27.14
38.12,1628,88,0,18,-64,1,6864,-1.41,-0.43,90,115.4,82.3,85.1,27.34,29.39,26.74,27.14
38.16,1629,88,0,17,-63.8,1,6864,-1.44,-0.41,90.1,115.5,82.3,85.1,27.34,29.4,26.74,27.14
38.2,1630,88,0,16,-65.2,1,6864,-1.47,-0.39,90.1,115.7,82.3,85.1,27.34,29.41,26.74,27.14
38.24,1631,88,0,15,-65.1,1,6864,-1.49,-0.37,90.2,115.8,82.3,85.1,27.35,29.42,26.74,27.14
38.28,1632,88,0,14,-66.4,1,6864,-1.52,-0.35,90.2,115.9,82.3,85.1,27.35,29.43,26.74,27.14
38.32,1633,88,0,13,-67.3,1,6864,-1.55,-0.33,90.2,116,82.3,85.1,27.35,29.44,26.74,27.14
38.36,1634,88,0,12,-66.8,1,6864,-1.58,-0.31,90.3,116.1,82.3,85.1,27.36,29.45,26.74,27.14
38.4,1635,88,0,11,-68.3,1,6864,-1.61,-0.29,90.3,116.3,82.3,85.1,27.36,29.46,26.74,27.14
38.44,1636,88,0,10,-69.7,1,6864,-1.63,-0.27,90.4,116.4,82.3,85.1,27.36,29.47,26.74,27.14
38.48,1637,88,0,9,-69.6,1,6864,-1.66,-0.25,90.4,116.5,82.3,85.1,27.37,29.48,26.74,27.14
38.52,1638,88,0,8,-70,1,6864,-1.69,-0.24,90.4,116.6,82.3,85.1,27.37,29.48,26.74,27.14
38.56,1639,88,0,7,-69.6,1,6864,-1.72,-0.22,90.5,116.7,82.3,85.1,27.37,29.49,26.74,27.14
38.6,1640,88,0,6,-71.3,1,6864,-1.74,-0.2,90.5,116.9,82.3,85.1,27.37,29.5,26.74,27.14
38.64,1641,88,0,5,-71.3,1,6864,-1.77,-0.18,90.6,117,82.3,85.1,27.38,29.51,26.74,27.14
38.68,1642,88,0,5,-71,1,6864,-1.8,-0.16,90.6,117.1,82.3,85.1,27.38,29.52,26.74,27.14
38.72,1643,88,0,4,-70.9,1,6864,-1.83,-0.14,90.6,117.2,82.3,85.1,27.38,29.53,26.74,27.14
38.76,1644,88,0,3,-71.5,1,6864,-1.86,-0.12,90.7,117.3,82.3,85.1,27.39,29.54,26.74,27.14
38.8,1645,88,0,2,-71.3,1,6864,-1.88,-0.1,90.7,117.5,82.3,85.1,27.39,29.55,26.74,27.14
38.84,1646,88,0,2,-71.9,1,6864,-1.91,-0.08,90.8,117.6,82.3,85.1,27.39,29.56,26.74,27.14
38.88,1647,88,0,1,-72.2,1,6864,-1.94,-0.06,90.8,117.7,82.3,85.1,27.4,29.57,26.74,27.14
38.92,1648,88,0,1,-72.1,1,6864,-1.97,-0.04,90.8,117.8,82.3,85.1,27.4,29.57,26.74,27.14
38.96,1649,88,0,0,-72.3,1,6864,-1.99,-0.02,90.9,117.9,82.3,85.1,27.4,29.58,26.74,27.14
39,1650,88,0,0,-71.9,1,6864,-2.02,-0.01,90.9,118.1,82.3,85.1,27.4,29.59,26.74,27.14
39.04,1651,88,1,0,-71.2,1,6864,-1.94,0,90.9,118.1,82.3,85.1,27.4,29.59,26.74,27.14
39.08,1652,88,2,0,-70.6,1,6864,-1.93,0.01,90.9,118.1,82.3,85.1,27.4,29.59,26.74,27.14
39.12,1653,88,4,0,-70.4,1,6865,-1.92,0.01,90.9,118.1,82.4,85.2,27.4,29.59,26.74,27.14
39.16,1654,88,5,0,-70.7,1,6866,-1.91,0.02,90.9,118.1,82.4,85.2,27.4,29.59,26.75,27.15
39.2,1655,88,6,0,-69.5,1,6866,-1.89,0.02,90.9,118.1,82.5,85.3,27.4,29.59,26.75,27.15
39.24,1656,88,7,0,-69,1,6867,-1.88,0.03,90.9,118.1,82.5,85.3,27.4,29.59,26.75,27.15
39.28,1657,88.1,8,0,-68.3,1,6868,-1.87,0.03,90.9,118.1,82.5,85.3,27.4,29.59,26.75,27.15
39.32,1658,88.1,9,0,-67.3,1,6869,-1.86,0.04,90.9,118.1,82.6,85.4,27.4,29.59,26.76,27.16
39.36,1659,88.1,10,0,-67.2,1,6871,-1.85,0.04,90.9,118.1,82.6,85.4,27.4,29.59,26.76,27.16
39.4,1659,88.1,11,0,-67.2,1,6872,-1.84,0.05,90.9,118.1,82.6,85.4,27.4,29.59,26.76,27.16
39.44,1660,88.1,12,0,-66.9,1,6874,-1.82,0.05,90.9,118.1,82.7,85.5,27.4,29.59,26.76,27.16
39.48,1661,88.1,13,0,-65.2,1,6875,-1.81,0.06,90.9,118.1,82.7,85.5,27.4,29.59,26.77,27.17
39.52,1662,88.2,14,0,-65,1,6877,-1.8,0.06,90.9,118.1,82.7,85.5,27.4,29.59,26.77,27.17
39.56,1663,88.2,15,0,-64.2,1,6879,-1.79,0.07,90.9,118.1,82.8,85.6,27.4,29.59,26.77,27.17
39.6,1664,88.2,15,0,-63.1,1,6881,-1.78,0.07,90.9,118.1,82.8,85.6,27.4,29.59,26.78,27.18
39.64,1665,88.2,16,0,-63.8,1,6883,-1.77,0.08,90.9,118.1,82.8,85.6,27.4,29.59,26.78,27.18
39.68,1666,88.3,17,0,-63.2,1,6885,-1.75,0.08,90.9,118.1,82.9,85.7,27.4,29.59,26.78,27.18
39.72,1667,88.3,18,0,-62,1,6888,-1.74,0.09,90.9,118.1,82.9,85.7,27.4,29.59,26.78,27.18
39.76,1668,88.3,19,0,-61.7,1,6890,-1.73,0.09,90.9,118.1,82.9,85.7,27.4,29.59,26.79,27.19
39.8,1669,88.4,20,0,-61.5,1,6893,-1.72,0.1,90.9,118.1,83,85.8,27.4,29.59,26.79,27.19
39.84,1670,88.4,21,0,-60.5,1,6895,-1.71,0.1,90.9,118.1,83,85.8,27.4,29.59,26.79,27.19
39.88,1671,88.4,21,0,-59.9,1,6898,-1.69,0.11,90.9,118.1,83,85.8,27.4,29.59,26.79,27.19
39.92,1672,88.5,22,0,-59.4,1,6901,-1.68,0.11,90.9,118.1,83.1,85.9,27.4,29.59,26.8,27.2
39.96,1673,88.5,23,0,-59.1,1,6904,-1.67,0.12,90.9,118.1,83.1,85.9,27.4,29.59,26.8,27.2
40,1674,88.5,24,0,-58.9,1,6907,-1.66,0.12,90.9,118.1,83.2,86,27.4,29.59,26.8,27.2
40.04,1675,88.6,25,0,-57.8,1,6910,-1.65,0.13,90.9,118.1,83.2,86,27.4,29.59,26.8,27.2
40.08,1676,88.6,26,0,-57.7,1,6913,-1.64,0.13,90.9,118.1,83.2,86,27.4,29.59,26.81,27.21
40.12,1677,88.7,26,0,-56.7,1,6917,-1.62,0.14,90.9,118.1,83.3,86.1,27.4,29.59,26.81,27.21
40.16,1678,88.7,27,0,-57.1,1,6920,-1.61,0.14,90.9,118.1,83.3,86.1,27.4,29.59,26.81,27.21
40.2,1679,88.8,28,0,-55.4,1,6924,-1.6,0.15,90.9,118.1,83.3,86.1,27.4,29.59,26.81,27.21
40.24,1680,88.8,29,0,-55.9,1,6927,-1.59,0.15,90.9,118.1,83.4,86.2,27.4,29.59,26.82,27.22
40.28,1681,88.9,30,0,-54.5,1,6931,-1.58,0.16,90.9,118.1,83.4,86.2,27.4,29.59,26.82,27.22
40.32,1682,88.9,30,0,-53.7,1,6935,-1.56,0.16,90.9,118.1,83.4,86.2,27.4,29.59,26.82,27.22
40.36,1683,89,31,0,-53.2,1,6939,-1.55,0.17,90.9,118.1,83.5,86.3,27.4,29.59,26.83,27.23
40.4,1684,89,32,0,-53.2,1,6943,-1.54,0.17,90.9,118.1,83.5,86.3,27.4,29.59,26.83,27.23
40.44,1685,89.1,33,0,-52.9,1,6947,-1.53,0.18,90.9,118.1,83.5,86.3,27.4,29.59,26.83,27.23
40.48,1686,89.1,34,0,-51.7,1,6951,-1.52,0.18,90.9,118.1,83.6,86.4,27.4,29.59,26.83,27.23
40.52,1687,89.2,34,0,-51.2,1,6956,-1.51,0.19,90.9,118.1,83.6,86.4,27.4,29.59,26.84,27.24
40.56,1688,89.2,35,0,-51.3,1,6960,-1.49,0.19,90.9,118.1,83.6,86.4,27.4,29.59,26.84,27.24
40.6,1689,89.3,36,0,-50.4,1,6965,-1.48,0.2,90.9,118.1,83.7,86.5,27.4,29.59,26.84,27.24
40.64,1690,89.4,37,0,-49.6,1,6969,-1.47,0.2,90.9,118.1,83.7,86.5,27.4,29.59,26.84,27.24
40.68,1691,89.4,38,0,-49.7,1,6974,-1.46,0.21,90.9,118.1,83.7,86.5,27.4,29.59,26.85,27.25
40.72,1692,89.5,38,0,-49.3,1,6979,-1.45,0.21,90.9,118.1,83.8,86.6,27.4,29.59,26.85,27.25
40.76,1693,89.5,39,0,-48.7,1,6984,-1.43,0.21,90.9,118.1,83.8,86.6,27.4,29.59,26.85,27.25
40.8,1694,89.6,40,0,-48.5,1,6989,-1.42,0.22,90.9,118.1,83.9,86.7,27.4,29.59,26.85,27.25
40.84,1695,89.7,41,0,-46.7,1,6994,-1.41,0.22,90.9,118.1,83.9,86.7,27.4,29.59,26.86,27.26
40.88,1696,89.7,41,0,-46.9,1,6999,-1.4,0.23,90.9,118.1,83.9,86.7,27.4,29.59,26.86,27.26
40.92,1697,89.8,42,0,-45.6,1,7005,-1.39,0.23,90.9,118.1,84,86.8,27.4,29.59,26.86,27.26
40.96,1698,89.9,43,0,-45,1,7010,-1.37,0.24,90.9,118.1,84,86.8,27.4,29.59,26.86,27.26
41,1699,89.9,44,0,-44.5,1,7016,-1.36,0.24,90.9,118.1,84,86.8,27.4,29.59,26.87,27.27
41.04,1700,90,44,0,-44.5,1,7021,-1.35,0.25,90.9,118.1,84.1,86.9,27.4,29.59,26.87,27.27
41.08,1701,90.1,45,0,-44,1,7027,-1.34,0.25,90.9,118.1,84.1,86.9,27.4,29.59,26.87,27.27
41.12,1702,90.2,46,0,-43.5,1,7033,-1.33,0.26,90.9,118.1,84.1,86.9,27.4,29.59,26.87,27.27
41.16,1703,90.2,47,0,-42.1,1,7039,-1.31,0.26,90.9,118.1,84.2,87,27.4,29.59,26.88,27.28
41.2,1704,90.3,47,0,-42.9,1,7045,-1.3,0.27,90.9,118.1,84.2,87,27.4,29.59,26.88,27.28
41.24,1705,90.4,48,0,-41.6,1,7051,-1.29,0.27,90.9,118.1,84.2,87,27.4,29.59,26.88,27.28
41.28,1706,90.5,49,0,-40.1,1,7057,-1.28,0.28,90.9,118.1,84.3,87.1,27.4,29.59,26.89,27.29
41.32,1707,90.6,50,0,-40,1,7063,-1.27,0.28,90.9,118.1,84.3,87.1,27.4,29.59,26.89,27.29
41.36,1708,90.6,50,0,-40,1,7069,-1.25,0.29,90.9,118.1,84.3,87.1,27.4,29.59,26.89,27.29
41.4,1709,90.7,51,0,-39.8,1,7076,-1.24,0.3,90.9,118.1,84.4,87.2,27.4,29.59,26.89,27.29
41.44,1710,90.8,52,0,-39.1,1,7082,-1.23,0.3,90.9,118.1,84.4,87.2,27.4,29.59,26.9,27.3
41.48,1711,90.9,53,0,-38,1,7089,-1.22,0.31,90.9,118.1,84.4,87.2,27.4,29.59,26.9,27.3
41.52,1712,91,53,0,-36.8,1,7095,-1.21,0.31,90.9,118.1,84.5,87.3,27.4,29.59,26.9,27.3
41.56,1713,91.1,54,0,-36.7,1,7102,-1.19,0.32,90.9,118.1,84.5,87.3,27.4,29.59,26.9,27.3
41.6,1714,91.1,55,0,-36.1,1,7109,-1.18,0.32,90.9,118.1,84.6,87.4,27.4,29.59,26.91,27.31
41.64,1715,91.2,56,0,-35.8,1,7116,-1.17,0.33,90.9,118.1,84.6,87.4,27.4,29.59,26.91,27.31
41.68,1716,91.3,56,0,-34.7,1,7123,-1.16,0.33,90.9,118.1,84.6,87.4,27.4,29.59,26.91,27.31
41.72,1717,91.4,57,0,-35.4,1,7130,-1.14,0.34,90.9,118.1,84.7,87.5,27.4,29.59,26.91,27.31
41.76,1718,91.5,58,0,-33.9,1,7137,-1.13,0.34,90.9,118.1,84.7,87.5,27.4,29.59,26.92,27.32
41.8,1719,91.6,58,0,-34,1,7144,-1.12,0.35,90.9,118.1,84.7,87.5,27.4,29.59,26.92,27.32
41.84,1720,91.7,59,0,-33.4,1,7151,-1.11,0.35,90.9,118.1,84.8,87.6,27.4,29.59,26.92,27.32
41.88,1721,91.8,60,0,-32.7,1,7159,-1.1,0.36,90.9,118.1,84.8,87.6,27.4,29.59,26.92,27.32
41.92,1722,91.9,61,0,-32.3,1,7166,-1.08,0.36,90.9,118.1,84.8,87.6,27.4,29.59,26.93,27.33
41.96,1723,92,61,0,-31.8,1,7174,-1.07,0.37,90.9,118.1,84.9,87.7,27.4,29.59,26.93,27.33
42,1724,92.1,62,0,-30.6,1,7182,-1.06,0.37,90.9,118.1,84.9,87.7,27.4,29.59,26.93,27.33
42.04,1725,92.2,63,0,-29.7,1,7189,-1.05,0.38,90.9,118.1,84.9,87.7,27.4,29.59,26.94,27.34
42.08,1726,92.3,64,0,-29.7,1,7197,-1.03,0.38,90.9,118.1,85,87.8,27.4,29.59,26.94,27.34
42.12,1727,92.4,64,0,-28.7,1,7205,-1.02,0.39,90.9,118.1,85,87.8,27.4,29.59,26.94,27.34
42.16,1728,92.5,65,0,-28.3,1,7213,-1.01,0.39,90.9,118.1,85,87.8,27.4,29.59,26.94,27.34
42.2,1729,92.6,66,0,-27.6,1,7221,-1,0.4,90.9,118.1,85.1,87.9,27.4,29.59,26.95,27.35
42.24,1730,92.7,66,0,-27.4,1,7229,-0.99,0.4,90.9,118.1,85.1,87.9,27.4,29.59,26.95,27.35
42.28,1731,92.8,67,0,-26,1,7237,-0.97,0.41,90.9,118.1,85.1,87.9,27.4,29.59,26.95,27.35
42.32,1732,92.9,68,0,-25.9,1,7246,-0.96,0.41,90.9,118.1,85.2,88,27.4,29.59,26.95,27.35
42.36,1733,93,69,0,-25.6,1,7254,-0.95,0.42,90.9,118.1,85.2,88,27.4,29.59,26.96,27.36
42.4,1735,93.1,69,0,-25.3,1,7262,-0.94,0.42,90.9,118.1,85.3,88.1,27.4,29.59,26.96,27.36
42.44,1736,93.2,70,0,-25.3,1,7271,-0.92,0.43,90.9,118.1,85.3,88.1,27.4,29.59,26.96,27.36
42.48,1737,93.3,71,0,-24.4,1,7280,-0.91,0.43,90.9,118.1,85.3,88.1,27.4,29.59,26.96,27.36
42.52,1738,93.4,72,0,-23.1,1,7288,-0.9,0.44,90.9,118.1,85.4,88.2,27.4,29.59,26.97,27.37
42.56,1739,93.6,72,0,-22.9,1,7297,-0.89,0.44,90.9,118.1,85.4,88.2,27.4,29.59,26.97,27.37
42.6,1740,93.7,73,0,-23.1,1,7306,-0.87,0.45,90.9,118.1,85.4,88.2,27.4,29.59,26.97,27.37
42.64,1741,93.8,74,0,-22,1,7315,-0.86,0.45,90.9,118.1,85.5,88.3,27.4,29.59,26.97,27.37
42.68,1742,93.9,74,0,-21,1,7324,-0.85,0.46,90.9,118.1,85.5,88.3,27.4,29.59,26.98,27.38
42.72,1743,94,75,0,-20.7,1,7333,-0.84,0.46,90.9,118.1,85.5,88.3,27.4,29.59,26.98,27.38
42.76,1744,94.1,76,0,-20.2,1,7342,-0.82,0.47,90.9,118.1,85.6,88.4,27.4,29.59,26.98,27.38
42.8,1745,94.2,77,0,-19.8,1,7351,-0.81,0.47,90.9,118.1,85.6,88.4,27.4,29.59,26.99,27.39
42.84,1746,94.4,77,0,-19.3,1,7360,-0.8,0.48,90.9,118.1,85.6,88.4,27.4,29.59,26.99,27.39
42.88,1747,94.5,78,0,-18.5,1,7370,-0.79,0.49,90.9,118.1,85.7,88.5,27.4,29.59,26.99,27.39
42.92,1748,94.6,79,0,-17.9,1,7379,-0.77,0.49,90.9,118.1,85.7,88.5,27.4,29.59,26.99,27.39
42.96,1749,94.7,79,0,-17.6,1,7389,-0.76,0.5,90.9,118.1,85.7,88.5,27.4,29.59,27,27.4
43,1750,94.8,80,0,-16.6,1,7398,-0.75,0.5,90.9,118.1,85.8,88.6,27.4,29.59,27,27.4
43.04,1751,95,81,0,-15.7,1,7408,-0.74,0.51,90.9,118.1,85.8,88.6,27.4,29.59,27,27.4
43.08,1752,95.1,82,0,-15.5,2,5421,-0.72,0.51,90.9,118.1,85.8,88.6,27.4,29.59,27,27.4
43.12,1753,95.2,82,0,-14.4,2,5428,-0.71,0.52,90.9,118.1,85.9,88.7,27.4,29.59,27.01,27.41
43.16,1754,95.4,83,0,-13.9,2,5435,-0.7,0.52,90.9,118.1,85.9,88.7,27.4,29.59,27.01,27.41
43.2,1755,95.5,84,0,-13.5,2,5442,-0.68,0.53,90.9,118.1,86,88.8,27.4,29.59,27.01,27.41
43.24,1756,95.6,84,0,-13.1,2,5450,-0.67,0.53,90.9,118.1,86,88.8,27.4,29.59,27.01,27.41
43.28,1758,95.7,85,0,-12.7,2,5457,-0.66,0.54,90.9,118.1,86,88.8,27.4,29.59,27.02,27.42
43.32,1759,95.9,86,0,-12.4,2,5464,-0.65,0.54,90.9,118.1,86.1,88.9,27.4,29.59,27.02,27.42
43.36,1760,96,87,0,-10.8,2,5472,-0.63,0.55,90.9,118.1,86.1,88.9,27.4,29.59,27.02,27.42
43.4,1761,96.1,87,0,-10.6,2,5479,-0.62,0.55,90.9,118.1,86.1,88.9,27.4,29.59,27.02,27.42
43.44,1762,96.3,88,0,-9.7,2,5487,-0.61,0.56,90.9,118.1,86.2,89,27.4,29.59,27.03,27.43
43.48,1763,96.4,89,0,-9.7,2,5495,-0.6,0.56,90.9,118.1,86.2,89,27.4,29.59,27.03,27.43
43.52,1764,96.5,89,0,-9.3,2,5502,-0.58,0.57,90.9,118.1,86.2,89,27.4,29.59,27.03,27.43
43.56,1765,96.7,90,0,-8.1,2,5510,-0.57,0.58,90.9,118.1,86.3,89.1,27.4,29.59,27.04,27.44
43.6,1766,96.8,91,0,-7.7,2,5518,-0.56,0.58,90.9,118.1,86.3,89.1,27.4,29.59,27.04,27.44
43.64,1767,96.9,92,0,-6.9,2,5526,-0.54,0.59,90.9,118.1,86.3,89.1,27.4,29.59,27.04,27.44
43.68,1768,97.1,92,0,-6.6,2,5533,-0.53,0.59,90.9,118.1,86.4,89.2,27.4,29.59,27.04,27.44
43.72,1769,97.2,93,0,-5.8,2,5541,-0.52,0.6,90.9,118.1,86.4,89.2,27.4,29.59,27.05,27.45
43.76,1770,97.4,94,0,-5.6,2,5549,-0.5,0.6,90.9,118.1,86.4,89.2,27.4,29.59,27.05,27.45
43.8,1772,97.5,94,0,-5.7,2,5557,-0.49,0.61,90.9,118.1,86.5,89.3,27.4,29.59,27.05,27.45
43.84,1773,97.6,95,0,-4.3,2,5565,-0.48,0.61,90.9,118.1,86.5,89.3,27.4,29.59,27.05,27.45
43.88,1774,97.8,96,0,-3.5,2,5574,-0.47,0.62,90.9,118.1,86.5,89.3,27.4,29.59,27.06,27.46
43.92,1775,97.9,97,0,-2.7,2,5582,-0.45,0.62,90.9,118.1,86.6,89.4,27.4,29.59,27.06,27.46
43.96,1776,98.1,97,0,-2.6,2,5590,-0.44,0.63,90.9,118.1,86.6,89.4,27.4,29.59,27.06,27.46
44,1777,98.2,98,0,-1.4,2,5598,-0.43,0.63,90.9,118.1,86.7,89.5,27.4,29.59,27.06,27.46
44.04,1778,98.4,99,0,-0.9,2,5607,-0.41,0.64,90.9,118.1,86.7,89.5,27.4,29.59,27.07,27.47
44.08,1779,98.5,99,0,-0.5,2,5615,-0.4,0.65,90.9,118.1,86.7,89.5,27.4,29.59,27.07,27.47
44.12,1780,98.6,100,0,0.5,2,5620,-0.01,0.06,90.9,118.1,86.7,89.5,27.4,29.59,27.07,27.47
44.16,1781,98.7,100,0,-0.2,2,5625,-0.01,0.06,90.9,118,86.7,89.5,27.4,29.59,27.07,27.47
44.2,1782,98.8,100,0,0.2,2,5630,-0.02,0.06,90.9,118,86.7,89.5,27.4,29.59,27.07,27.47
44.24,1784,98.9,100,0,-0.1,2,5635,0.02,0.06,90.9,118,86.7,89.5,27.4,29.59,27.07,27.47
44.28,1785,98.9,100,0,0,2,5640,0.01,0.06,90.9,118,86.7,89.5,27.4,29.59,27.06,27.46
44.32,1786,99,100,0,0.2,2,5645,0.01,0.06,90.9,118,86.7,89.5,27.4,29.59,27.06,27.46
44.36,1787,99.1,100,0,-0.8,2,5650,0.02,0.06,90.8,118,86.6,89.4,27.4,29.59,27.06,27.46
44.4,1788,99.2,100,0,-0.1,2,5655,-0.02,0.06,90.8,118,86.6,89.4,27.4,29.59,27.06,27.46
44.44,1789,99.3,100,0,-0.4,2,5660,-0.01,0.06,90.8,118,86.6,89.4,27.4,29.58,27.06,27.46
44.48,1790,99.4,100,0,0.2,2,5665,0,0.06,90.8,117.9,86.6,89.4,27.4,29.58,27.06,27.46
44.52,1791,99.5,100,0,0,2,5670,0,0.06,90.8,117.9,86.6,89.4,27.39,29.58,27.06,27.46
44.56,1792,99.6,100,0,0,2,5674,0,0.06,90.8,117.9,86.6,89.4,27.39,29.58,27.06,27.46
44.6,1793,99.6,100,0,-0.5,2,5679,-0.01,0.06,90.8,117.9,86.6,89.4,27.39,29.58,27.06,27.46
44.64,1795,99.7,100,0,0.1,2,5684,0.03,0.06,90.8,117.9,86.6,89.4,27.39,29.58,27.06,27.46
44.68,1796,99.8,100,0,0.7,2,5689,0,0.06,90.7,117.9,86.5,89.3,27.39,29.58,27.06,27.46
44.72,1797,99.9,100,0,0.5,2,5694,0,0.06,90.7,117.9,86.5,89.3,27.39,29.58,27.05,27.45
44.76,1798,100,100,0,0,2,5699,-0.04,0.06,90.7,117.9,86.5,89.3,27.39,29.58,27.05,27.45
44.8,1799,100.1,100,0,-0.8,2,5704,-0.01,0.06,90.7,117.9,86.5,89.3,27.39,29.58,27.05,27.45
44.84,1800,100.1,100,0,0.6,2,5708,-0.01,0.06,90.7,117.8,86.5,89.3,27.39,29.58,27.05,27.45
44.88,1801,100.2,100,0,0.3,2,5713,0.01,0.06,90.7,117.8,86.5,89.3,27.39,29.57,27.05,27.45
44.92,1802,100.3,100,0,0.2,2,5718,-0.03,0.06,90.7,117.8,86.5,89.3,27.39,29.57,27.05,27.45
44.96,1803,100.4,100,0,0.8,2,5723,0,0.06,90.7,117.8,86.5,89.3,27.38,29.57,27.05,27.45
45,1805,100.5,100,0,0.4,2,5728,0,0.06,90.7,117.8,86.4,89.2,27.38,29.57,27.05,27.45
45.04,1806,100.6,100,0,-0.5,2,5732,0.03,0.06,90.6,117.8,86.4,89.2,27.38,29.57,27.05,27.45
45.08,1807,100.7,100,0,0.1,2,5737,0,0.06,90.6,117.8,86.4,89.2,27.38,29.57,27.05,27.45
45.12,1808,100.7,100,0,-0.1,2,5742,0,0.06,90.6,117.8,86.4,89.2,27.38,29.57,27.05,27.45
45.16,1809,100.8,100,0,-0.1,2,5747,0,0.06,90.6,117.7,86.4,89.2,27.38,29.57,27.04,27.44
45.2,1810,100.9,100,0,-0.3,2,5751,0.01,0.06,90.6,117.7,86.4,89.2,27.38,29.57,27.04,27.44
45.24,1811,101,100,0,0.3,2,5756,0.01,0.06,90.6,117.7,86.4,89.2,27.38,29.57,27.04,27.44
45.28,1812,101.1,100,0,-0.5,2,5761,-0.01,0.06,90.6,117.7,86.4,89.2,27.38,29.57,27.04,27.44
45.32,1813,101.1,100,0,-0.3,2,5766,0.03,0.06,90.6,117.7,86.4,89.2,27.38,29.56,27.04,27.44
45.36,1815,101.2,100,0,-0.4,2,5770,-0.01,0.06,90.5,117.7,86.3,89.1,27.38,29.56,27.04,27.44
45.4,1816,101.3,100,0,-0.1,2,5775,0.01,0.06,90.5,117.7,86.3,89.1,27.37,29.56,27.04,27.44
45.44,1817,101.4,100,0,-0.4,2,5780,-0.01,0.06,90.5,117.7,86.3,89.1,27.37,29.56,27.04,27.44
45.48,1818,101.5,100,0,0.3,2,5784,0.01,0.06,90.5,117.6,86.3,89.1,27.37,29.56,27.04,27.44
45.52,1819,101.6,100,0,1,2,5789,0.02,0.06,90.5,117.6,86.3,89.1,27.37,29.56,27.04,27.44
45.56,1820,101.6,100,0,0.4,2,5793,-0.02,0.06,90.5,117.6,86.3,89.1,27.37,29.56,27.04,27.44
45.6,1821,101.7,100,0,0,2,5798,-0.01,0.06,90.5,117.6,86.3,89.1,27.37,29.56,27.04,27.44
45.64,1823,101.8,100,0,-0.1,2,5803,0.02,0.06,90.5,117.6,86.3,89.1,27.37,29.56,27.03,27.43
45.68,1824,101.9,100,0,0.5,2,5807,-0.01,0.06,90.4,117.6,86.2,89,27.37,29.56,27.03,27.43
45.72,1825,102,100,0,0.4,2,5812,-0.01,0.06,90.4,117.6,86.2,89,27.37,29.56,27.03,27.43
45.76,1826,102,100,0,0.5,2,5816,0,0.06,90.4,117.6,86.2,89,27.37,29.55,27.03,27.43
45.8,1827,102.1,100,0,-0.2,2,5821,-0.01,0.06,90.4,117.6,86.2,89,27.37,29.55,27.03,27.43
45.84,1828,102.2,100,0,-0.1,2,5825,0.01,0.06,90.4,117.5,86.2,89,27.37,29.55,27.03,27.43
45.88,1829,102.3,100,0,0.4,2,5830,-0.05,0.06,90.4,117.5,86.2,89,27.36,29.55,27.03,27.43
45.92,1830,102.4,100,0,-0.3,2,5835,0,0.06,90.4,117.5,86.2,89,27.36,29.55,27.03,27.43
45.96,1832,102.4,100,0,0.3,2,5839,0.01,0.06,90.4,117.5,86.2,89,27.36,29.55,27.03,27.43
46,1833,102.5,100,0,0,2,5844,0,0.06,90.4,117.5,86.1,88.9,27.36,29.55,27.03,27.43
46.04,1834,102.6,100,0,0.2,2,5848,-0.02,0.06,90.3,117.5,86.1,88.9,27.36,29.55,27.03,27.43
46.08,1835,102.7,100,0,-0.3,2,5853,-0.02,0.06,90.3,117.5,86.1,88.9,27.36,29.55,27.02,27.42
46.12,1836,102.8,100,0,0.1,2,5857,-0.01,0.06,90.3,117.5,86.1,88.9,27.36,29.55,27.02,27.42
46.16,1837,102.8,100,0,0.5,2,5862,-0.03,0.06,90.3,117.4,86.1,88.9,27.36,29.55,27.02,27.42
46.2,1838,102.9,100,0,0.4,2,5866,0,0.06,90.3,117.4,86.1,88.9,27.36,29.54,27.02,27.42
46.24,1840,103,100,0,-1.2,2,5870,0,0.06,90.3,117.4,86.1,88.9,27.36,29.54,27.02,27.42
46.28,1841,103.1,100,0,-0.3,2,5875,0.02,0.06,90.3,117.4,86.1,88.9,27.36,29.54,27.02,27.42
46.32,1842,103.1,100,0,-0.1,2,5879,0.01,0.05,90.3,117.4,86.1,88.9,27.35,29.54,27.02,27.42
46.36,1843,103.2,100,0,0.1,2,5884,-0.02,0.05,90.2,117.4,86,88.8,27.35,29.54,27.02,27.42
46.4,1844,103.3,100,0,0.6,2,5888,0,0.05,90.2,117.4,86,88.8,27.35,29.54,27.02,27.42
46.44,1845,103.4,100,0,-0.2,2,5893,0,0.05,90.2,117.4,86,88.8,27.35,29.54,27.02,27.42
46.48,1846,103.5,100,0,-0.2,2,5897,-0.01,0.05,90.2,117.3,86,88.8,27.35,29.54,27.02,27.42
46.52,1848,103.5,100,0,-0.1,2,5901,0.03,0.05,90.2,117.3,86,88.8,27.35,29.54,27.01,27.41
46.56,1849,103.6,100,0,0.2,2,5906,-0.01,0.05,90.2,117.3,86,88.8,27.35,29.54,27.01,27.41
46.6,1850,103.7,100,0,-0.6,2,5910,0,0.05,90.2,117.3,86,88.8,27.35,29.54,27.01,27.41
46.64,1851,103.8,100,0,-0.3,2,5914,-0.03,0.05,90.2,117.3,86,88.8,27.35,29.54,27.01,27.41
46.68,1852,103.8,100,0,-0.3,2,5919,0.04,0.05,90.1,117.3,85.9,88.7,27.35,29.53,27.01,27.41
46.72,1853,103.9,100,0,-0.2,2,5923,0.02,0.05,90.1,117.3,85.9,88.7,27.35,29.53,27.01,27.41
46.76,1855,104,100,0,-0.1,2,5927,0.02,0.05,90.1,117.3,85.9,88.7,27.34,29.53,27.01,27.41
46.8,1856,104.1,100,0,-0.2,2,5932,-0.01,0.05,90.1,117.3,85.9,88.7,27.34,29.53,27.01,27.41
46.84,1857,104.1,100,0,1,2,5936,0.02,0.05,90.1,117.2,85.9,88.7,27.34,29.53,27.01,27.41
46.88,1858,104.2,100,0,0.1,2,5940,0.02,0.05,90.1,117.2,85.9,88.7,27.34,29.53,27.01,27.41
46.92,1859,104.3,100,0,0.1,2,5944,-0.01,0.05,90.1,117.2,85.9,88.7,27.34,29.53,27.01,27.41
46.96,1860,104.4,100,0,-0.3,2,5949,0.01,0.05,90.1,117.2,85.9,88.7,27.34,29.53,27,27.4
47,1861,104.4,100,0,0.2,2,5953,0.03,0.05,90.1,117.2,85.8,88.6,27.34,29.53,27,27.4
47.04,1863,104.5,100,0,-0.1,2,5957,0,0.05,90,117.2,85.8,88.6,27.34,29.53,27,27.4
47.08,1864,104.6,100,0,-0.9,2,5961,0.01,0.05,90,117.2,85.8,88.6,27.34,29.53,27,27.4
47.12,1865,104.7,100,0,-0.1,2,5966,0.02,0.05,90,117.2,85.8,88.6,27.34,29.52,27,27.4
47.16,1866,104.7,100,0,-0.2,2,5970,0,0.05,90,117.1,85.8,88.6,27.34,29.52,27,27.4
47.2,1867,104.8,100,0,0.6,2,5974,0.04,0.05,90,117.1,85.8,88.6,27.33,29.52,27,27.4
47.24,1868,104.9,100,0,0,2,5978,0,0.05,90,117.1,85.8,88.6,27.33,29.52,27,27.4
47.28,1870,105,100,0,0,2,5983,0.01,0.05,90,117.1,85.8,88.6,27.33,29.52,27,27.4
47.32,1871,105,100,0,0.3,2,5987,0.02,0.05,90,117.1,85.8,88.6,27.33,29.52,27,27.4
47.36,1872,105.1,100,0,0.4,2,5991,0,0.05,89.9,117.1,85.7,88.5,27.33,29.52,27,27.4
47.4,1873,105.2,100,0,0.5,2,5995,-0.01,0.05,89.9,117.1,85.7,88.5,27.33,29.52,26.99,27.39
47.44,1874,105.2,100,0,0,2,5999,-0.03,0.05,89.9,117.1,85.7,88.5,27.33,29.52,26.99,27.39
47.48,1875,105.3,100,0,-0.2,2,6003,0,0.05,89.9,117,85.7,88.5,27.33,29.52,26.99,27.39
47.52,1877,105.4,100,0,-0.6,2,6007,0.05,0.05,89.9,117,85.7,88.5,27.33,29.52,26.99,27.39
47.56,1878,105.5,100,0,0,2,6012,0,0.05,89.9,117,85.7,88.5,27.33,29.51,26.99,27.39
47.6,1879,105.5,100,0,-0.5,2,6016,-0.02,0.05,89.9,117,85.7,88.5,27.33,29.51,26.99,27.39
47.64,1880,105.6,100,0,-0.7,2,6020,-0.02,0.05,89.9,117,85.7,88.5,27.32,29.51,26.99,27.39
47.68,1881,105.7,100,0,0.1,2,6024,-0.01,0.05,89.8,117,85.6,88.4,27.32,29.51,26.99,27.39
47.72,1882,105.8,100,0,-0.6,2,6028,-0.03,0.05,89.8,117,85.6,88.4,27.32,29.51,26.99,27.39
47.76,1884,105.8,100,0,-0.1,2,6032,0,0.05,89.8,117,85.6,88.4,27.32,29.51,26.99,27.39
47.8,1885,105.9,100,0,-0.1,2,6036,0.03,0.05,89.8,117,85.6,88.4,27.32,29.51,26.99,27.39
47.84,1886,106,100,0,0.4,2,6040,-0.02,0.05,89.8,116.9,85.6,88.4,27.32,29.51,26.98,27.38
47.88,1887,106,100,0,0.6,2,6044,0,0.05,89.8,116.9,85.6,88.4,27.32,29.51,26.98,27.38
47.92,1888,106.1,100,0,-0.1,2,6048,0.01,0.05,89.8,116.9,85.6,88.4,27.32,29.51,26.98,27.38
47.96,1890,106.2,100,0,0,2,6052,0,0.05,89.8,116.9,85.6,88.4,27.32,29.51,26.98,27.38
48,1891,106.3,100,0,-0.3,2,6056,0.03,0.05,89.8,116.9,85.5,88.3,27.32,29.5,26.98,27.38
48.04,1892,106.3,100,0,-0.1,2,6060,0,0.05,89.7,116.9,85.5,88.3,27.32,29.5,26.98,27.38
48.08,1893,106.4,100,0,-0.2,2,6064,-0.01,0.05,89.7,116.9,85.5,88.3,27.31,29.5,26.98,27.38
48.12,1894,106.5,100,0,-0.3,2,6068,-0.01,0.05,89.7,116.9,85.5,88.3,27.31,29.5,26.98,27.38
48.16,1895,106.5,100,0,0.3,2,6072,-0.06,0.05,89.7,116.8,85.5,88.3,27.31,29.5,26.98,27.38
48.2,1897,106.6,100,0,0.3,2,6076,-0.01,0.05,89.7,116.8,85.5,88.3,27.31,29.5,26.98,27.38
48.24,1898,106.7,100,0,0.4,2,6080,0.02,0.05,89.7,116.8,85.5,88.3,27.31,29.5,26.98,27.38
48.28,1899,106.7,100,0,0.4,2,6084,-0.01,0.05,89.7,116.8,85.5,88.3,27.31,29.5,26.97,27.37
48.32,1900,106.8,100,0,0.3,2,6088,-0.04,0.05,89.7,116.8,85.5,88.3,27.31,29.5,26.97,27.37
48.36,1901,106.9,100,0,-0.1,2,6092,0.02,0.05,89.6,116.8,85.4,88.2,27.31,29.5,26.97,27.37
48.4,1903,106.9,100,0,0.3,2,6096,0.02,0.05,89.6,116.8,85.4,88.2,27.31,29.5,26.97,27.37
48.44,1904,107,100,0,-0.2,2,6100,0.02,0.05,89.6,116.8,85.4,88.2,27.31,29.49,26.97,27.37
48.48,1905,107.1,100,0,-0.4,2,6104,0.02,0.05,89.6,116.7,85.4,88.2,27.31,29.49,26.97,27.37
48.52,1906,107.2,100,0,0.2,2,6108,-0.02,0.05,89.6,116.7,85.4,88.2,27.3,29.49,26.97,27.37
48.56,1907,107.2,100,0,0,2,6112,-0.01,0.05,89.6,116.7,85.4,88.2,27.3,29.49,26.97,27.37
48.6,1909,107.3,100,0,-0.4,2,6116,0,0.05,89.6,116.7,85.4,88.2,27.3,29.49,26.97,27.37
48.64,1910,107.4,100,0,0.4,2,6119,0.01,0.05,89.6,116.7,85.4,88.2,27.3,29.49,26.97,27.37
48.68,1911,107.4,100,0,-0.3,2,6123,0.04,0.05,89.5,116.7,85.3,88.1,27.3,29.49,26.97,27.37
48.72,1912,107.5,100,0,0,2,6127,-0.02,0.05,89.5,116.7,85.3,88.1,27.3,29.49,26.96,27.36
48.76,1913,107.6,100,0,-0.2,2,6131,-0.03,0.05,89.5,116.7,85.3,88.1,27.3,29.49,26.96,27.36
48.8,1914,107.6,100,0,0,2,6135,-0.01,0.05,89.5,116.7,85.3,88.1,27.3,29.49,26.96,27.36
48.84,1916,107.7,100,0,-0.5,2,6139,0,0.05,89.5,116.6,85.3,88.1,27.3,29.49,26.96,27.36
48.88,1917,107.8,100,0,0.9,2,6143,0.03,0.05,89.5,116.6,85.3,88.1,27.3,29.48,26.96,27.36
48.92,1918,107.8,100,0,-0.2,2,6146,0.04,0.05,89.5,116.6,85.3,88.1,27.3,29.48,26.96,27.36
48.96,1919,107.9,100,0,0.1,2,6150,0.04,0.05,89.5,116.6,85.3,88.1,27.29,29.48,26.96,27.36
49,1920,108,100,0,0.8,2,6154,-0.02,0.05,89.5,116.6,85.2,88,27.29,29.48,26.96,27.36
49.04,1922,108,100,0,0.2,2,6158,-0.02,0.05,89.4,116.6,85.2,88,27.29,29.48,26.96,27.36
49.08,1923,108.1,100,0,0.4,2,6162,0,0.05,89.4,116.6,85.2,88,27.29,29.48,26.96,27.36
49.12,1924,108.2,100,0,0.2,2,6165,-0.01,0.05,89.4,116.6,85.2,88,27.29,29.48,26.96,27.36
49.16,1925,108.2,100,0,-0.1,2,6169,0.02,0.05,89.4,116.5,85.2,88,27.29,29.48,26.95,27.35
49.2,1926,108.3,100,0,0,2,6173,0,0.05,89.4,116.5,85.2,88,27.29,29.48,26.95,27.35
49.24,1928,108.4,100,0,-0.3,2,6177,-0.03,0.05,89.4,116.5,85.2,88,27.29,29.48,26.95,27.35
49.28,1929,108.4,100,0,-0.1,2,6180,0.01,0.05,89.4,116.5,85.2,88,27.29,29.48,26.95,27.35
49.32,1930,108.5,100,0,-0.1,2,6184,0.01,0.05,89.4,116.5,85.2,88,27.29,29.47,26.95,27.35
49.36,1931,108.6,100,0,0.7,2,6188,0,0.05,89.3,116.5,85.1,87.9,27.29,29.47,26.95,27.35
49.4,1932,108.6,100,0,-0.8,2,6192,-0.01,0.05,89.3,116.5,85.1,87.9,27.28,29.47,26.95,27.35
49.44,1934,108.7,100,0,0.1,2,6195,0.01,0.05,89.3,116.5,85.1,87.9,27.28,29.47,26.95,27.35
49.48,1935,108.8,100,0,-0.5,2,6199,0.01,0.05,89.3,116.4,85.1,87.9,27.28,29.47,26.95,27.35
49.52,1936,108.8,100,0,0.6,2,6203,-0.01,0.05,89.3,116.4,85.1,87.9,27.28,29.47,26.95,27.35
49.56,1937,108.9,100,0,0.2,2,6206,0.04,0.05,89.3,116.4,85.1,87.9,27.28,29.47,26.95,27.35
49.6,1939,108.9,100,0,0,2,6210,0,0.05,89.3,116.4,85.1,87.9,27.28,29.47,26.95,27.35
49.64,1940,109,100,0,0,2,6214,0.02,0.05,89.3,116.4,85.1,87.9,27.28,29.47,26.94,27.34
49.68,1941,109.1,100,0,0.1,2,6217,0,0.05,89.2,116.4,85,87.8,27.28,29.47,26.94,27.34
49.72,1942,109.1,100,0,0,2,6221,-0.01,0.05,89.2,116.4,85,87.8,27.28,29.47,26.94,27.34
49.76,1943,109.2,100,0,0.6,2,6225,-0.01,0.05,89.2,116.4,85,87.8,27.28,29.46,26.94,27.34
49.8,1945,109.3,100,0,0.6,2,6228,-0.01,0.05,89.2,116.4,85,87.8,27.28,29.46,26.94,27.34
49.84,1946,109.3,100,0,-0.3,2,6232,0,0.05,89.2,116.3,85,87.8,27.28,29.46,26.94,27.34
49.88,1947,109.4,100,0,0.7,2,6236,-0.01,0.04,89.2,116.3,85,87.8,27.27,29.46,26.94,27.34
49.92,1948,109.5,100,0,-0.2,2,6239,0,0.04,89.2,116.3,85,87.8,27.27,29.46,26.94,27.34
49.96,1949,109.5,100,0,0.6,2,6243,0.01,0.04,89.2,116.3,85,87.8,27.27,29.46,26.94,27.34
50,1951,109.6,100,0,-0.1,2,6246,0.03,0.04,89.2,116.3,84.9,87.7,27.27,29.46,26.94,27.34
50.04,1952,109.6,100,0,-1,2,6250,0,0.04,89.1,116.3,84.9,87.7,27.27,29.46,26.94,27.34
50.08,1953,109.7,100,0,0.7,2,6254,0.01,0.04,89.1,116.3,84.9,87.7,27.27,29.46,26.93,27.33
50.12,1954,109.8,100,0,-0.2,2,6257,-0.01,0.04,89.1,116.3,84.9,87.7,27.27,29.46,26.93,27.33
50.16,1956,109.8,100,0,-0.2,2,6261,0.02,0.04,89.1,116.2,84.9,87.7,27.27,29.46,26.93,27.33
50.2,1957,109.9,100,0,-0.2,2,6264,0,0.04,89.1,116.2,84.9,87.7,27.27,29.45,26.93,27.33
50.24,1958,110,100,0,-0.8,2,6268,-0.02,0.04,89.1,116.2,84.9,87.7,27.27,29.45,26.93,27.33
50.28,1959,110,100,0,-0.5,2,6271,0,0.04,89.1,116.2,84.9,87.7,27.27,29.45,26.93,27.33
50.32,1960,110.1,100,0,-0.1,2,6275,0.03,0.04,89.1,116.2,84.9,87.7,27.26,29.45,26.93,27.33
50.36,1962,110.1,100,0,-0.3,2,6278,-0.01,0.04,89,116.2,84.8,87.6,27.26,29.45,26.93,27.33
50.4,1963,110.2,100,0,0.1,2,6282,-0.01,0.04,89,116.2,84.8,87.6,27.26,29.45,26.93,27.33
50.44,1964,110.3,100,0,-0.7,2,6285,0.01,0.04,89,116.2,84.8,87.6,27.26,29.45,26.93,27.33
50.48,1965,110.3,100,0,-0.4,2,6289,-0.03,0.04,89,116.1,84.8,87.6,27.26,29.45,26.93,27.33
50.52,1967,110.4,100,0,0.7,2,6292,0.02,0.04,89,116.1,84.8,87.6,27.26,29.45,26.92,27.32
50.56,1968,110.5,100,0,0.7,2,6296,-0.04,0.04,89,116.1,84.8,87.6,27.26,29.45,26.92,27.32
50.6,1969,110.5,100,0,-0.3,2,6299,0.01,0.04,89,116.1,84.8,87.6,27.26,29.45,26.92,27.32
50.64,1970,110.6,100,0,-0.9,2,6303,0.01,0.04,89,116.1,84.8,87.6,27.26,29.45,26.92,27.32
50.68,1971,110.6,100,0,-0.3,2,6306,0.02,0.04,88.9,116.1,84.7,87.5,27.26,29.44,26.92,27.32
50.72,1973,110.7,100,0,0.2,2,6310,-0.01,0.04,88.9,116.1,84.7,87.5,27.26,29.44,26.92,27.32
50.76,1974,110.8,100,0,0.6,2,6313,0,0.04,88.9,116.1,84.7,87.5,27.25,29.44,26.92,27.32
50.8,1975,110.8,100,0,0.4,2,6317,0.01,0.04,88.9,116.1,84.7,87.5,27.25,29.44,26.92,27.32
50.84,1976,110.9,100,0,-0.2,2,6320,-0.02,0.04,88.9,116,84.7,87.5,27.25,29.44,26.92,27.32
50.88,1978,110.9,100,0,-0.1,2,6323,-0.03,0.04,88.9,116,84.7,87.5,27.25,29.44,26.92,27.32
50.92,1979,111,100,0,0.4,2,6327,0,0.04,88.9,116,84.7,87.5,27.25,29.44,26.92,27.32
50.96,1980,111.1,100,0,-0.2,2,6330,0.04,0.04,88.9,116,84.7,87.5,27.25,29.44,26.91,27.31
51,1981,111.1,100,0,0,2,6334,0.01,0.04,88.9,116,84.6,87.4,27.25,29.44,26.91,27.31
51.04,1983,111.2,100,0,0.6,2,6337,-0.01,0.04,88.8,116,84.6,87.4,27.25,29.44,26.91,27.31
51.08,1984,111.2,100,0,0.1,2,6341,0.01,0.04,88.8,116,84.6,87.4,27.25,29.44,26.91,27.31
51.12,1985,111.3,100,0,0.3,2,6344,-0.01,0.04,88.8,116,84.6,87.4,27.25,29.43,26.91,27.31
51.16,1986,111.4,100,0,0.4,2,6347,0,0.04,88.8,115.9,84.6,87.4,27.25,29.43,26.91,27.31
51.2,1987,111.4,100,0,-0.2,2,6351,0,0.04,88.8,115.9,84.6,87.4,27.24,29.43,26.91,27.31
51.24,1989,111.5,100,0,0,2,6354,-0.01,0.04,88.8,115.9,84.6,87.4,27.24,29.43,26.91,27.31
51.28,1990,111.5,100,0,-0.3,2,6357,0,0.04,88.8,115.9,84.6,87.4,27.24,29.43,26.91,27.31
51.32,1991,111.6,100,0,-0.1,2,6361,-0.04,0.04,88.8,115.9,84.6,87.4,27.24,29.43,26.91,27.31
51.36,1992,111.6,100,0,0.8,2,6364,0.03,0.04,88.7,115.9,84.5,87.3,27.24,29.43,26.91,27.31
51.4,1994,111.7,100,0,0.1,2,6367,0,0.04,88.7,115.9,84.5,87.3,27.24,29.43,26.9,27.3
51.44,1995,111.8,100,0,0,2,6371,-0.02,0.04,88.7,115.9,84.5,87.3,27.24,29.43,26.9,27.3
51.48,1996,111.8,100,0,0.3,2,6374,-0.01,0.04,88.7,115.8,84.5,87.3,27.24,29.43,26.9,27.3
51.52,1997,111.9,100,0,-0.2,2,6377,0.01,0.04,88.7,115.8,84.5,87.3,27.24,29.43,26.9,27.3
51.56,1999,111.9,100,0,-0.6,2,6381,-0.01,0.04,88.7,115.8,84.5,87.3,27.24,29.42,26.9,27.3
51.6,2000,112,100,0,0.1,2,6384,0,0.04,88.7,115.8,84.5,87.3,27.24,29.42,26.9,27.3
51.64,2001,112.1,100,0,-0.3,2,6387,0.01,0.04,88.7,115.8,84.5,87.3,27.23,29.42,26.9,27.3
51.68,2002,112.1,100,0,-0.3,2,6390,0.02,0.04,88.6,115.8,84.4,87.2,27.23,29.42,26.9,27.3
51.72,2004,112.2,100,0,0.2,2,6394,0.01,0.04,88.6,115.8,84.4,87.2,27.23,29.42,26.9,27.3
51.76,2005,112.2,100,0,0,2,6397,0.01,0.04,88.6,115.8,84.4,87.2,27.23,29.42,26.9,27.3
51.8,2006,112.3,100,0,0,2,6400,0.05,0.04,88.6,115.8,84.4,87.2,27.23,29.42,26.9,27.3
51.84,2007,112.3,100,0,-0.1,2,6404,0.02,0.04,88.6,115.7,84.4,87.2,27.23,29.42,26.89,27.29
51.88,2009,112.4,100,0,-0.3,2,6407,-0.04,0.04,88.6,115.7,84.4,87.2,27.23,29.42,26.89,27.29
51.92,2010,112.5,100,0,0.4,2,6410,0.03,0.04,88.6,115.7,84.4,87.2,27.23,29.42,26.89,27.29
51.96,2011,112.5,100,0,0.5,2,6413,0.01,0.04,88.6,115.7,84.4,87.2,27.23,29.42,26.89,27.29
52,2012,112.6,100,0,0.4,2,6417,-0.02,0.04,88.6,115.7,84.3,87.1,27.23,29.41,26.89,27.29
52.04,2014,112.6,100,0,0.1,2,6420,-0.03,0.04,88.5,115.7,84.3,87.1,27.23,29.41,26.89,27.29
52.08,2015,112.7,100,0,-1.2,2,6423,-0.02,0.04,88.5,115.7,84.3,87.1,27.22,29.41,26.89,27.29
52.12,2016,112.7,100,0,0.2,2,6427,0.03,0.04,88.5,115.7,84.3,87.1,27.22,29.41,26.89,27.29
52.16,2017,112.8,100,0,0,2,6430,-0.01,0.04,88.5,115.6,84.3,87.1,27.22,29.41,26.89,27.29
52.2,2019,112.9,100,0,0.5,2,6433,0,0.04,88.5,115.6,84.3,87.1,27.22,29.41,26.89,27.29
52.24,2020,112.9,100,0,0.4,2,6436,0.01,0.04,88.5,115.6,84.3,87.1,27.22,29.41,26.89,27.29
52.28,2021,113,100,0,0.4,2,6440,0.01,0.04,88.5,115.6,84.3,87.1,27.22,29.41,26.88,27.28
52.32,2022,113,100,0,-0.4,2,6443,0.02,0.04,88.5,115.6,84.3,87.1,27.22,29.41,26.88,27.28
52.36,2024,113.1,100,0,0.4,2,6446,0,0.04,88.4,115.6,84.2,87,27.22,29.41,26.88,27.28
52.4,2025,113.1,100,0,0.2,2,6450,-0.02,0.04,88.4,115.6,84.2,87,27.22,29.41,26.88,27.28
52.44,2026,113.2,100,0,-0.1,2,6453,-0.01,0.04,88.4,115.6,84.2,87,27.22,29.4,26.88,27.28
52.48,2027,113.3,100,0,-0.1,2,6456,-0.01,0.04,88.4,115.5,84.2,87,27.22,29.4,26.88,27.28
52.52,2029,113.3,100,0,-0.6,2,6459,0.01,0.04,88.4,115.5,84.2,87,27.21,29.4,26.88,27.28
52.56,2030,113.4,100,0,0.3,2,6463,-0.04,0.04,88.4,115.5,84.2,87,27.21,29.4,26.88,27.28
52.6,2031,113.4,100,0,0.4,2,6466,-0.01,0.04,88.4,115.5,84.2,87,27.21,29.4,26.88,27.28
52.64,2032,113.5,100,0,0.7,2,6469,0.01,0.04,88.4,115.5,84.2,87,27.21,29.4,26.88,27.28
52.68,2034,113.6,100,0,0.3,2,6473,0,0.04,88.3,115.5,84.1,86.9,27.21,29.4,26.88,27.28
52.72,2035,113.6,100,0,0.2,2,6476,0.03,0.04,88.3,115.5,84.1,86.9,27.21,29.4,26.87,27.27
52.76,2036,113.7,100,0,-0.1,2,6479,0.04,0.04,88.3,115.5,84.1,86.9,27.21,29.4,26.87,27.27
52.8,2038,113.7,100,0,-0.5,2,6482,0.01,0.04,88.3,115.5,84.1,86.9,27.21,29.4,26.87,27.27
52.84,2039,113.8,100,0,0.2,2,6486,-0.02,0.04,88.3,115.4,84.1,86.9,27.21,29.4,26.87,27.27
52.88,2040,113.8,100,0,-0.6,2,6489,-0.02,0.04,88.3,115.4,84.1,86.9,27.21,29.39,26.87,27.27
52.92,2041,113.9,100,0,-0.4,2,6492,-0.02,0.04,88.3,115.4,84.1,86.9,27.21,29.39,26.87,27.27
52.96,2043,114,100,0,0.5,2,6496,0.01,0.04,88.3,115.4,84.1,86.9,27.2,29.39,26.87,27.27
53,2044,114,100,0,-0.6,2,6499,0.02,0.04,88.3,115.4,84,86.8,27.2,29.39,26.87,27.27
53.04,2045,114.1,100,0,0.3,2,6502,0.02,0.04,88.2,115.4,84,86.8,27.2,29.39,26.87,27.27
53.08,2046,114.1,100,0,-0.3,2,6505,0.04,0.04,88.2,115.4,84,86.8,27.2,29.39,26.87,27.27
53.12,2048,114.2,100,0,-0.5,2,6509,0.03,0.04,88.2,115.4,84,86.8,27.2,29.39,26.87,27.27
53.16,2049,114.2,100,0,0,2,6512,0.01,0.04,88.2,115.3,84,86.8,27.2,29.39,26.86,27.26
53.2,2050,182,0,1,0.7,4,6552,0,-1.85,88.2,115.5,84,86.8,27.2,29.4,26.86,27.26
53.24,2052,182,0,6,-1.2,4,6552,0,-1.85,88.3,115.6,84,86.8,27.21,29.41,26.86,27.26
53.28,2054,182,0,12,-0.7,4,6552,0,-1.85,88.3,115.7,84,86.8,27.21,29.42,26.86,27.26
53.32,2056,182,0,18,-1.2,4,6552,0,-1.85,88.4,115.8,84,86.8,27.21,29.42,26.86,27.26
53.36,2058,182,0,23,0.4,4,6552,0,-1.85,88.4,115.9,84,86.8,27.22,29.43,26.86,27.26
53.4,2060,182,0,29,-0.3,4,6552,0,-1.85,88.4,116.1,84,86.8,27.22,29.44,26.86,27.26
53.44,2062,182,0,35,0.2,4,6552,0,-1.85,88.5,116.2,84,86.8,27.22,29.45,26.86,27.26
53.48,2064,182,0,40,-0.2,4,6552,0,-1.85,88.5,116.3,84,86.8,27.22,29.46,26.86,27.26
53.52,2066,182,0,46,0.3,4,6552,0,-1.85,88.6,116.4,84,86.8,27.23,29.47,26.86,27.26
53.56,2068,182,0,52,0.6,4,6552,0,-1.85,88.6,116.5,84,86.8,27.23,29.48,26.86,27.26
53.6,2070,182,0,55,0.7,4,6552,0,-1.85,88.6,116.7,84,86.8,27.23,29.49,26.86,27.26
53.64,2072,182,0,55,1.3,4,6552,0,-1.85,88.7,116.8,84,86.8,27.24,29.5,26.86,27.26
53.68,2074,182,0,55,0.1,4,6552,0,-1.85,88.7,116.9,84,86.8,27.24,29.51,26.86,27.26
53.72,2076,182,0,55,0.3,4,6552,0,-1.85,88.8,117,84,86.8,27.24,29.51,26.86,27.26
53.76,2078,182,0,55,-0.1,4,6552,0,-1.85,88.8,117.1,84,86.8,27.25,29.52,26.86,27.26
53.8,2081,182,0,55,-0.4,4,6552,0,-1.85,88.8,117.3,84,86.8,27.25,29.53,26.86,27.26
53.84,2083,182,0,55,0.3,4,6552,0,-1.85,88.9,117.4,84,86.8,27.25,29.54,26.86,27.26
53.88,2085,182,0,55,-0.9,4,6552,0,-1.85,88.9,117.5,84,86.8,27.25,29.55,26.86,27.26
53.92,2087,182,0,55,-0.6,4,6552,0,-1.85,89,117.6,84,86.8,27.26,29.56,26.86,27.26
53.96,2089,182,0,55,0.7,4,6552,0,-1.85,89,117.7,84,86.8,27.26,29.57,26.86,27.26
54,2091,182,0,55,-0.7,4,6552,0,-1.85,89,117.9,84,86.8,27.26,29.58,26.86,27.26
54.04,2093,182,0,55,-0.7,4,6552,0,-1.85,89.1,118,84,86.8,27.27,29.59,26.86,27.26
54.08,2095,182,0,55,-1.4,4,6552,0,-1.85,89.1,118.1,84,86.8,27.27,29.6,26.86,27.26
54.12,2097,182,0,55,0.4,4,6552,0,-1.85,89.2,118.2,84,86.8,27.27,29.6,26.86,27.26
54.16,2099,182,0,55,0.3,4,6552,0,-1.85,89.2,118.3,84,86.8,27.28,29.61,26.86,27.26
54.2,2101,182,0,55,0,4,6552,0,-1.85,89.2,118.5,84,86.8,27.28,29.62,26.86,27.26
54.24,2103,182,0,55,0.2,4,6552,0,-1.85,89.3,118.6,84,86.8,27.28,29.63,26.86,27.26
54.28,2105,182,0,55,0,4,6552,0,-1.85,89.3,118.7,84,86.8,27.28,29.64,26.86,27.26
54.32,2107,182,0,55,-1.3,4,6552,0,-1.85,89.4,118.8,84,86.8,27.29,29.65,26.86,27.26
54.36,2109,182,0,55,0.5,4,6552,-0.01,-1.39,89.4,118.9,84,86.8,27.29,29.66,26.86,27.26
54.4,2111,182,0,52,-2.1,4,6552,-0.07,-1.35,89.4,119.1,84,86.8,27.29,29.67,26.86,27.26
54.44,2113,182,0,50,-3.4,4,6552,-0.13,-1.31,89.5,119.2,84,86.8,27.3,29.68,26.86,27.26
54.48,2115,182,0,48,-5.8,4,6552,-0.19,-1.27,89.5,119.3,84,86.8,27.3,29.69,26.86,27.26
54.52,2117,182,0,46,-6.9,4,6552,-0.25,-1.24,89.6,119.4,84,86.8,27.3,29.69,26.86,27.26
54.56,2119,182,0,44,-8.6,4,6552,-0.31,-1.2,89.6,119.5,84,86.8,27.31,29.7,26.86,27.26
54.6,2121,182,0,42,-9.2,4,6552,-0.37,-1.16,89.6,119.7,84,86.8,27.31,29.71,26.86,27.26
54.64,2123,182,0,40,-11.6,4,6552,-0.43,-1.12,89.7,119.8,84,86.8,27.31,29.72,26.86,27.26
54.68,2125,182,0,38,-14.2,4,6552,-0.48,-1.08,89.7,119.9,84,86.8,27.31,29.73,26.86,27.26
54.72,2127,182,0,36,-15.2,4,6552,-0.54,-1.04,89.8,120,84,86.8,27.32,29.74,26.86,27.26
54.76,2129,182,0,34,-17,4,6552,-0.6,-1,89.8,120.1,84,86.8,27.32,29.75,26.86,27.26
54.8,2131,182,0,32,-18.7,4,6552,-0.66,-0.96,89.8,120.3,84,86.8,27.32,29.76,26.86,27.26
54.84,2133,182,0,30,-19.4,4,6552,-0.72,-0.92,89.9,120.4,84,86.8,27.33,29.77,26.86,27.26
54.88,2135,182,0,29,-21.1,4,6552,-0.78,-0.88,89.9,120.5,84,86.8,27.33,29.78,26.86,27.26
54.92,2137,182,0,27,-22.4,4,6552,-0.84,-0.84,90,120.6,84,86.8,27.33,29.78,26.86,27.26
54.96,2139,182,0,25,-22.5,4,6552,-0.9,-0.8,90,120.7,84,86.8,27.34,29.79,26.86,27.26
55,2141,182,0,23,-25.2,4,6552,-0.96,-0.76,90,120.9,84,86.8,27.34,29.8,26.86,27.26
55.04,2143,182,0,22,-26.7,4,6552,-1.02,-0.72,90.1,121,84,86.8,27.34,29.81,26.86,27.26
55.08,2145,182,0,20,-27.1,4,6552,-1.08,-0.68,90.1,121.1,84,86.8,27.34,29.82,26.86,27.26
55.12,2147,182,0,18,-28.3,4,6552,-1.14,-0.64,90.2,121.2,84,86.8,27.35,29.83,26.86,27.26
55.16,2149,182,0,17,-29.8,4,6552,-1.2,-0.6,90.2,121.3,84,86.8,27.35,29.84,26.86,27.26
55.2,2151,182,0,15,-30.2,4,6552,-1.26,-0.56,90.2,121.5,84,86.8,27.35,29.85,26.86,27.26
55.24,2153,182,0,14,-32.2,4,6552,-1.32,-0.52,90.3,121.6,84,86.8,27.36,29.86,26.86,27.26
55.28,2155,182,0,12,-32.1,4,6552,-1.38,-0.48,90.3,121.7,84,86.8,27.36,29.87,26.86,27.26
55.32,2157,182,0,11,-32.9,4,6552,-1.44,-0.44,90.4,121.8,84,86.8,27.36,29.87,26.86,27.26
55.36,2159,182,0,10,-34,4,6552,-1.49,-0.4,90.4,121.9,84,86.8,27.37,29.88,26.86,27.26
55.4,2161,182,0,8,-34.8,4,6552,-1.55,-0.36,90.4,122.1,84,86.8,27.37,29.89,26.86,27.26
55.44,2163,182,0,7,-36,4,6552,-1.61,-0.32,90.5,122.2,84,86.8,27.37,29.9,26.86,27.26
55.48,2165,182,0,6,-35.5,4,6552,-1.67,-0.28,90.5,122.3,84,86.8,27.37,29.91,26.86,27.26
55.52,2167,182,0,5,-36.3,4,6552,-1.73,-0.25,90.6,122.4,84,86.8,27.38,29.92,26.86,27.26
55.56,2169,182,0,4,-35.8,4,6552,-1.79,-0.21,90.6,122.5,84,86.8,27.38,29.93,26.86,27.26
55.6,2172,182,0,3,-37.2,4,6552,-1.85,-0.17,90.6,122.7,84,86.8,27.38,29.94,26.86,27.26
55.64,2174,182,0,2,-37.9,4,6552,-1.91,-0.13,90.7,122.8,84,86.8,27.39,29.95,26.86,27.26
55.68,2176,182,0,1,-38.1,4,6552,-1.97,-0.09,90.7,122.9,84,86.8,27.39,29.96,26.86,27.26
55.72,2178,182,0,0,-38.5,4,6552,-2.03,-0.05,90.8,123,84,86.8,27.39,29.96,26.86,27.26
55.76,2180,182,0,0,-38,4,6552,-2.09,-0.01,90.8,123.1,84,86.8,27.4,29.97,26.86,27.26
55.8,2182,182,3,0,-37.8,4,6552,-1.93,0.01,90.8,123.1,84,86.8,27.4,29.97,26.87,27.27
55.84,2184,182,5,0,-37.2,4,6552,-1.9,0.02,90.8,123.1,84.1,86.9,27.4,29.97,26.87,27.27
55.88,2186,182,7,0,-36.6,4,6552,-1.88,0.03,90.8,123.1,84.1,86.9,27.4,29.97,26.87,27.27
55.92,2188,182,10,0,-35.6,4,6553,-1.85,0.04,90.8,123.1,84.1,86.9,27.4,29.97,26.88,27.28
55.96,2190,182,12,0,-35.6,4,6553,-1.82,0.05,90.8,123.1,84.2,87,27.4,29.97,26.88,27.28
56,2192,182,14,0,-33.8,4,6553,-1.8,0.06,90.8,123.1,84.2,87,27.4,29.97,26.88,27.28
56.04,2194,182.1,16,0,-33.5,4,6554,-1.77,0.07,90.8,123.1,84.2,87,27.4,29.97,26.88,27.28
56.08,2196,182.1,18,0,-33.3,4,6554,-1.74,0.09,90.8,123.1,84.3,87.1,27.4,29.97,26.89,27.29
56.12,2198,182.1,20,0,-32.5,4,6555,-1.72,0.1,90.8,123.1,84.3,87.1,27.4,29.97,26.89,27.29
56.16,2200,182.1,22,0,-32.3,4,6556,-1.69,0.11,90.8,123.1,84.3,87.1,27.4,29.97,26.89,27.29
56.2,2202,182.1,24,0,-31.7,4,6556,-1.67,0.12,90.8,123.1,84.4,87.2,27.4,29.97,26.89,27.29
56.24,2204,182.1,25,0,-31.1,4,6557,-1.64,0.13,90.8,123.1,84.4,87.2,27.4,29.97,26.9,27.3
56.28,2206,182.2,27,0,-29.6,4,6558,-1.61,0.14,90.8,123.1,84.5,87.3,27.4,29.97,26.9,27.3
56.32,2208,182.2,29,0,-29.2,4,6559,-1.59,0.15,90.8,123.1,84.5,87.3,27.4,29.97,26.9,27.3
56.36,2210,182.2,31,0,-28.6,4,6560,-1.56,0.16,90.8,123.1,84.5,87.3,27.4,29.97,26.9,27.3
56.4,2212,182.2,32,0,-27.5,4,6560,-1.53,0.17,90.8,123.1,84.6,87.4,27.4,29.97,26.91,27.31
56.44,2214,182.3,34,0,-27.3,4,6561,-1.51,0.18,90.8,123.1,84.6,87.4,27.4,29.97,26.91,27.31
56.48,2216,182.3,36,0,-26.7,4,6562,-1.48,0.2,90.8,123.1,84.6,87.4,27.4,29.97,26.91,27.31
56.52,2218,182.3,38,0,-26,4,6564,-1.46,0.21,90.8,123.1,84.7,87.5,27.4,29.97,26.91,27.31
56.56,2220,182.4,39,0,-25.2,4,6565,-1.43,0.22,90.8,123.1,84.7,87.5,27.4,29.97,26.92,27.32
56.6,2222,182.4,41,0,-24.3,4,6566,-1.4,0.23,90.8,123.1,84.7,87.5,27.4,29.97,26.92,27.32
56.64,2224,182.4,43,0,-24.3,4,6567,-1.38,0.24,90.8,123.1,84.8,87.6,27.4,29.97,26.92,27.32
56.68,2226,182.5,44,0,-23.4,4,6568,-1.35,0.25,90.8,123.1,84.8,87.6,27.4,29.97,26.93,27.33
56.72,2228,182.5,46,0,-23.1,4,6570,-1.32,0.26,90.8,123.1,84.8,87.6,27.4,29.97,26.93,27.33
56.76,2230,182.5,48,0,-22.2,4,6571,-1.3,0.27,90.8,123.1,84.9,87.7,27.4,29.97,26.93,27.33
56.8,2232,182.6,49,0,-20.6,4,6572,-1.27,0.28,90.8,123.1,84.9,87.7,27.4,29.97,26.93,27.33
56.84,2234,182.6,51,0,-20.6,4,6574,-1.24,0.29,90.8,123.1,84.9,87.7,27.4,29.97,26.94,27.34
56.88,2236,182.7,53,0,-19.5,4,6575,-1.22,0.3,90.8,123.1,85,87.8,27.4,29.97,26.94,27.34
56.92,2238,182.7,54,0,-19.1,4,6577,-1.19,0.32,90.8,123.1,85,87.8,27.4,29.97,26.94,27.34
56.96,2240,182.7,56,0,-19.3,4,6579,-1.17,0.33,90.8,123.1,85,87.8,27.4,29.97,26.94,27.34
57,2242,182.8,57,0,-17.7,4,6580,-1.14,0.34,90.8,123.1,85.1,87.9,27.4,29.97,26.95,27.35
57.04,2244,182.8,59,0,-18,4,6582,-1.11,0.35,90.8,123.1,85.1,87.9,27.4,29.97,26.95,27.35
57.08,2246,182.9,61,0,-17,4,6584,-1.09,0.36,90.8,123.1,85.2,88,27.4,29.97,26.95,27.35
57.12,2248,182.9,62,0,-16,4,6585,-1.06,0.37,90.8,123.1,85.2,88,27.4,29.97,26.95,27.35
57.16,2251,183,64,0,-15.8,4,6587,-1.03,0.38,90.8,123.1,85.2,88,27.4,29.97,26.96,27.36
57.2,2253,183,65,0,-15.6,4,6589,-1.01,0.39,90.8,123.1,85.3,88.1,27.4,29.97,26.96,27.36
57.24,2255,183.1,67,0,-14.4,4,6591,-0.98,0.4,90.8,123.1,85.3,88.1,27.4,29.97,26.96,27.36
57.28,2257,183.1,68,0,-14.5,4,6593,-0.95,0.41,90.8,123.1,85.3,88.1,27.4,29.97,26.96,27.36
57.32,2259,183.2,70,0,-12.7,4,6595,-0.93,0.43,90.8,123.1,85.4,88.2,27.4,29.97,26.97,27.37
57.36,2261,183.2,71,0,-12.5,4,6597,-0.9,0.44,90.8,123.1,85.4,88.2,27.4,29.97,26.97,27.37
57.4,2263,183.3,73,0,-11.9,4,6599,-0.87,0.45,90.8,123.1,85.4,88.2,27.4,29.97,26.97,27.37
57.44,2265,183.4,74,0,-11.7,4,6601,-0.85,0.46,90.8,123.1,85.5,88.3,27.4,29.97,26.98,27.38
57.48,2267,183.4,76,0,-10.5,4,6603,-0.82,0.47,90.8,123.1,85.5,88.3,27.4,29.97,26.98,27.38
57.52,2269,183.5,77,0,-10.6,4,6606,-0.8,0.48,90.8,123.1,85.5,88.3,27.4,29.97,26.98,27.38
57.56,2271,183.5,79,0,-9.2,4,6608,-0.77,0.49,90.8,123.1,85.6,88.4,27.4,29.97,26.98,27.38
57.6,2273,183.6,80,0,-7.9,4,6610,-0.74,0.5,90.8,123.1,85.6,88.4,27.4,29.97,26.99,27.39
57.64,2275,183.7,82,0,-7.8,4,6612,-0.72,0.51,90.8,123.1,85.6,88.4,27.4,29.97,26.99,27.39
57.68,2277,183.7,83,0,-7.9,4,6615,-0.69,0.53,90.8,123.1,85.7,88.5,27.4,29.97,26.99,27.39
57.72,2279,183.8,85,0,-6.9,4,6617,-0.66,0.54,90.8,123.1,85.7,88.5,27.4,29.97,26.99,27.39
57.76,2281,183.9,86,0,-5.6,4,6620,-0.64,0.55,90.8,123.1,85.7,88.5,27.4,29.97,27,27.4
57.8,2283,183.9,88,0,-5.8,4,6622,-0.61,0.56,90.8,123.1,85.8,88.6,27.4,29.97,27,27.4
57.84,2285,184,89,0,-4.7,4,6625,-0.58,0.57,90.8,123.1,85.8,88.6,27.4,29.97,27,27.4
57.88,2287,184.1,91,0,-4,4,6627,-0.56,0.58,90.8,123.1,85.9,88.7,27.4,29.97,27,27.4
57.92,2289,184.2,92,0,-3.4,4,6630,-0.53,0.59,90.8,123.1,85.9,88.7,27.4,29.97,27.01,27.41
57.96,2291,184.2,94,0,-2.6,4,6632,-0.5,0.6,90.8,123.1,85.9,88.7,27.4,29.97,27.01,27.41
58,2293,184.3,95,0,-2.9,4,6635,-0.48,0.61,90.8,123.1,86,88.8,27.4,29.97,27.01,27.41
58.04,2295,184.4,97,0,-2,4,6638,-0.45,0.63,90.8,123.1,86,88.8,27.4,29.97,27.01,27.41
58.08,2297,184.5,98,0,-1.2,4,6641,-0.42,0.64,90.8,123.1,86,88.8,27.4,29.97,27.02,27.42
58.12,2299,184.5,100,0,-0.5,4,6644,-0.4,0.65,90.8,123.1,86.1,88.9,27.4,29.97,27.02,27.42
58.16,2302,184.6,100,0,0,4,6646,0.01,0.04,90.8,123.1,86.1,88.9,27.39,29.97,27.02,27.42
58.2,2304,184.7,100,0,0.4,4,6648,0.01,0.04,90.8,123.1,86,88.8,27.39,29.97,27.02,27.42
58.24,2306,184.7,100,0,-0.2,4,6650,-0.03,0.04,90.8,123.1,86,88.8,27.39,29.97,27.02,27.42
58.28,2308,184.8,100,0,0.2,4,6652,0.01,0.04,90.8,123.1,86,88.8,27.39,29.97,27.02,27.42
58.32,2310,184.8,100,0,-0.9,4,6654,-0.06,0.04,90.7,123.1,86,88.8,27.39,29.97,27.02,27.42
58.36,2312,184.9,100,0,-0.9,4,6656,-0.02,0.04,90.7,123.1,86,88.8,27.39,29.97,27.01,27.41
58.4,2314,184.9,100,0,-0.1,4,6658,0.04,0.04,90.7,123.1,86,88.8,27.39,29.97,27.01,27.41
58.44,2316,185,100,0,-0.1,4,6660,-0.02,0.04,90.7,123,86,88.8,27.39,29.97,27.01,27.41
58.48,2318,185.1,100,0,-0.2,4,6662,0.03,0.04,90.7,123,86,88.8,27.39,29.97,27.01,27.41
58.52,2320,185.1,100,0,-0.4,4,6664,-0.02,0.04,90.7,123,85.9,88.7,27.39,29.96,27.01,27.41
58.56,2322,185.2,100,0,-0.4,4,6666,0.01,0.04,90.7,123,85.9,88.7,27.39,29.96,27.01,27.41
58.6,2324,185.2,100,0,0.2,4,6668,0,0.04,90.7,123,85.9,88.7,27.38,29.96,27.01,27.41
58.64,2326,185.3,100,0,0.1,4,6670,0,0.04,90.6,123,85.9,88.7,27.38,29.96,27.01,27.41
58.68,2328,185.3,100,0,0,4,6673,-0.01,0.04,90.6,123,85.9,88.7,27.38,29.96,27.01,27.41
58.72,2330,185.4,100,0,0.5,4,6675,0.01,0.04,90.6,123,85.9,88.7,27.38,29.96,27.01,27.41
58.76,2332,185.5,100,0,0.6,4,6677,0.02,0.04,90.6,123,85.9,88.7,27.38,29.96,27.01,27.41
58.8,2334,185.5,100,0,-0.2,4,6679,-0.01,0.04,90.6,122.9,85.9,88.7,27.38,29.96,27,27.4
58.84,2336,185.6,100,0,0.7,4,6681,-0.01,0.04,90.6,122.9,85.8,88.6,27.38,29.96,27,27.4
58.88,2339,185.6,100,0,0,4,6683,-0.01,0.04,90.6,122.9,85.8,88.6,27.38,29.96,27,27.4
58.92,2341,185.7,100,0,-0.8,4,6685,-0.01,0.04,90.6,122.9,85.8,88.6,27.38,29.96,27,27.4
58.96,2343,185.8,100,0,0.9,4,6687,0.01,0.04,90.6,122.9,85.8,88.6,27.38,29.95,27,27.4
59,2345,185.8,100,0,0,4,6689,0.01,0.04,90.5,122.9,85.8,88.6,27.38,29.95,27,27.4
59.04,2347,185.9,100,0,0,4,6691,0.01,0.04,90.5,122.9,85.8,88.6,27.37,29.95,27,27.4
59.08,2349,185.9,100,0,0.3,4,6693,-0.01,0.04,90.5,122.9,85.8,88.6,27.37,29.95,27,27.4
59.12,2351,186,100,0,0.2,4,6695,0.02,0.04,90.5,122.8,85.8,88.6,27.37,29.95,27,27.4
59.16,2353,186,100,0,0.3,4,6697,0.04,0.04,90.5,122.8,85.8,88.6,27.37,29.95,27,27.4
59.2,2355,186.1,100,0,-0.7,4,6700,-0.02,0.04,90.5,122.8,85.7,88.5,27.37,29.95,27,27.4
59.24,2357,186.2,100,0,-0.5,4,6702,0.01,0.04,90.5,122.8,85.7,88.5,27.37,29.95,26.99,27.39
59.28,2359,186.2,100,0,-0.4,4,6704,0.01,0.04,90.5,122.8,85.7,88.5,27.37,29.95,26.99,27.39
59.32,2361,186.3,100,0,0.7,4,6706,0,0.04,90.4,122.8,85.7,88.5,27.37,29.95,26.99,27.39
59.36,2363,186.3,100,0,0.2,4,6708,-0.01,0.04,90.4,122.8,85.7,88.5,27.37,29.95,26.99,27.39
59.4,2365,186.4,100,0,0,4,6710,0.01,0.04,90.4,122.8,85.7,88.5,27.37,29.94,26.99,27.39
59.44,2367,186.4,100,0,-0.8,4,6712,0.04,0.04,90.4,122.7,85.7,88.5,27.37,29.94,26.99,27.39
59.48,2370,186.5,100,0,-1,4,6714,-0.02,0.04,90.4,122.7,85.7,88.5,27.36,29.94,26.99,27.39
59.52,2372,186.6,100,0,-0.3,4,6716,-0.04,0.04,90.4,122.7,85.6,88.4,27.36,29.94,26.99,27.39
59.56,2374,186.6,100,0,-0.9,4,6718,-0.01,0.04,90.4,122.7,85.6,88.4,27.36,29.94,26.99,27.39
59.6,2376,186.7,100,0,-0.6,4,6720,-0.02,0.04,90.4,122.7,85.6,88.4,27.36,29.94,26.99,27.39
59.64,2378,186.7,100,0,0.2,4,6722,0.01,0.04,90.3,122.7,85.6,88.4,27.36,29.94,26.99,27.39
59.68,2380,186.8,100,0,-0.1,4,6724,-0.01,0.04,90.3,122.7,85.6,88.4,27.36,29.94,26.98,27.38
59.72,2382,186.8,100,0,0,4,6726,-0.01,0.04,90.3,122.7,85.6,88.4,27.36,29.94,26.98,27.38
59.76,2384,186.9,100,0,-0.6,4,6729,0.02,0.04,90.3,122.7,85.6,88.4,27.36,29.94,26.98,27.38
59.8,2386,187,100,0,0.2,4,6731,-0.01,0.04,90.3,122.6,85.6,88.4,27.36,29.94,26.98,27.38
59.84,2388,187,100,0,0.2,4,6733,0,0.04,90.3,122.6,85.5,88.3,27.36,29.93,26.98,27.38
59.88,2390,187.1,100,0,0.5,4,6735,-0.02,0.04,90.3,122.6,85.5,88.3,27.36,29.93,26.98,27.38
59.92,2392,187.1,100,0,-0.6,4,6737,0.02,0.04,90.3,122.6,85.5,88.3,27.35,29.93,26.98,27.38
59.96,2394,187.2,100,0,0.5,4,6739,0.01,0.04,90.3,122.6,85.5,88.3,27.35,29.93,26.98,27.38
60,2397,187.2,100,0,0.5,4,6741,-0.01,0.04,90.2,122.6,85.5,88.3,27.35,29.93,26.98,27.38
60.04,2399,187.3,100,0,0,4,6743,0,0.04,90.2,122.6,85.5,88.3,27.35,29.93,26.98,27.38
60.08,2401,187.4,100,0,-0.3,4,6745,0,0.04,90.2,122.6,85.5,88.3,27.35,29.93,26.98,27.38
60.12,2403,187.4,100,0,0.1,4,6747,0,0.04,90.2,122.5,85.5,88.3,27.35,29.93,26.97,27.37
60.16,2405,187.5,100,0,0.1,4,6749,-0.03,0.04,90.2,122.5,85.5,88.3,27.35,29.93,26.97,27.37
60.2,2407,187.5,100,0,0.2,4,6751,0,0.04,90.2,122.5,85.4,88.2,27.35,29.93,26.97,27.37
60.24,2409,187.6,100,0,0.7,4,6753,-0.01,0.04,90.2,122.5,85.4,88.2,27.35,29.93,26.97,27.37
60.28,2411,187.7,100,0,-0.2,4,6756,0,0.04,90.2,122.5,85.4,88.2,27.35,29.92,26.97,27.37
60.32,2413,187.7,100,0,0,4,6758,-0.01,0.04,90.1,122.5,85.4,88.2,27.35,29.92,26.97,27.37
60.36,2415,187.8,100,0,-0.6,4,6760,-0.01,0.04,90.1,122.5,85.4,88.2,27.34,29.92,26.97,27.37
60.4,2417,187.8,100,0,0.8,4,6762,0.02,0.04,90.1,122.5,85.4,88.2,27.34,29.92,26.97,27.37
60.44,2419,187.9,100,0,0.1,4,6764,0,0.04,90.1,122.4,85.4,88.2,27.34,29.92,26.97,27.37
60.48,2422,187.9,100,0,0.2,4,6766,0.01,0.04,90.1,122.4,85.4,88.2,27.34,29.92,26.97,27.37
60.52,2424,188,100,0,-0.3,4,6768,0,0.04,90.1,122.4,85.3,88.1,27.34,29.92,26.97,27.37
60.56,2426,188.1,100,0,-0.1,4,6770,0.01,0.04,90.1,122.4,85.3,88.1,27.34,29.92,26.96,27.36
60.6,2428,188.1,100,0,-0.1,4,6772,-0.02,0.04,90.1,122.4,85.3,88.1,27.34,29.92,26.96,27.36
60.64,2430,188.2,100,0,0.1,4,6774,0,0.04,90,122.4,85.3,88.1,27.34,29.92,26.96,27.36
60.68,2432,188.2,100,0,-0.4,4,6776,-0.01,0.04,90,122.4,85.3,88.1,27.34,29.92,26.96,27.36
60.72,2434,188.3,100,0,0.2,4,6778,-0.02,0.04,90,122.4,85.3,88.1,27.34,29.91,26.96,27.36
60.76,2436,188.3,100,0,-0.2,4,6780,-0.01,0.04,90,122.4,85.3,88.1,27.34,29.91,26.96,27.36
60.8,2438,188.4,100,0,0.4,4,6782,0.05,0.04,90,122.3,85.3,88.1,27.34,29.91,26.96,27.36
60.84,2440,188.5,100,0,0.2,4,6785,0.01,0.04,90,122.3,85.2,88,27.33,29.91,26.96,27.36
60.88,2442,188.5,100,0,-0.1,4,6787,-0.03,0.04,90,122.3,85.2,88,27.33,29.91,26.96,27.36
60.92,2445,188.6,100,0,-0.7,4,6789,-0.01,0.04,90,122.3,85.2,88,27.33,29.91,26.96,27.36
60.96,2447,188.6,100,0,0.8,4,6791,-0.02,0.04,90,122.3,85.2,88,27.33,29.91,26.96,27.36
61,2449,188.7,100,0,0.1,4,6793,0.01,0.04,89.9,122.3,85.2,88,27.33,29.91,26.95,27.35
61.04,2451,188.7,100,0,0.5,4,6795,-0.03,0.04,89.9,122.3,85.2,88,27.33,29.91,26.95,27.35
61.08,2453,188.8,100,0,-0.6,4,6797,0.01,0.04,89.9,122.3,85.2,88,27.33,29.91,26.95,27.35
61.12,2455,188.9,100,0,-0.1,4,6799,0.02,0.04,89.9,122.2,85.2,88,27.33,29.91,26.95,27.35
61.16,2457,188.9,100,0,-0.1,4,6801,-0.01,0.04,89.9,122.2,85.2,88,27.33,29.9,26.95,27.35
61.2,2459,189,100,0,0.2,4,6803,0.03,0.04,89.9,122.2,85.1,87.9,27.33,29.9,26.95,27.35
61.24,2461,189,100,0,0.3,4,6805,0.03,0.04,89.9,122.2,85.1,87.9,27.33,29.9,26.95,27.35
61.28,2463,189.1,100,0,0.1,4,6807,-0.02,0.04,89.9,122.2,85.1,87.9,27.32,29.9,26.95,27.35
61.32,2466,189.2,100,0,-0.6,4,6809,-0.02,0.04,89.8,122.2,85.1,87.9,27.32,29.9,26.95,27.35
61.36,2468,189.2,100,0,0.2,4,6811,0.03,0.04,89.8,122.2,85.1,87.9,27.32,29.9,26.95,27.35
61.4,2470,189.3,100,0,-0.1,4,6814,-0.05,0.04,89.8,122.2,85.1,87.9,27.32,29.9,26.95,27.35
61.44,2472,189.3,100,0,-0.3,4,6816,-0.06,0.04,89.8,122.1,85.1,87.9,27.32,29.9,26.95,27.35
61.48,2474,189.4,100,0,-0.5,4,6818,0,0.04,89.8,122.1,85.1,87.9,27.32,29.9,26.94,27.34
61.52,2476,189.4,100,0,0.3,4,6820,0,0.04,89.8,122.1,85,87.8,27.32,29.9,26.94,27.34
61.56,2478,189.5,100,0,0.3,4,6822,0,0.04,89.8,122.1,85,87.8,27.32,29.9,26.94,27.34
61.6,2480,189.6,100,0,-1,4,6824,0.01,0.04,89.8,122.1,85,87.8,27.32,29.9,26.94,27.34
61.64,2482,189.6,100,0,-0.3,4,6826,-0.02,0.04,89.7,122.1,85,87.8,27.32,29.89,26.94,27.34
61.68,2484,189.7,100,0,-0.1,4,6828,0,0.04,89.7,122.1,85,87.8,27.32,29.89,26.94,27.34
61.72,2487,189.7,100,0,0.2,4,6830,-0.01,0.04,89.7,122.1,85,87.8,27.31,29.89,26.94,27.34
61.76,2489,189.8,100,0,0.2,4,6832,0.01,0.04,89.7,122.1,85,87.8,27.31,29.89,26.94,27.34
61.8,2491,189.8,100,0,-0.5,4,6834,-0.01,0.04,89.7,122,85,87.8,27.31,29.89,26.94,27.34
61.84,2493,189.9,100,0,0.1,4,6836,0.03,0.04,89.7,122,84.9,87.7,27.31,29.89,26.94,27.34
61.88,2495,190,100,0,0.3,4,6838,-0.04,0.04,89.7,122,84.9,87.7,27.31,29.89,26.94,27.34
61.92,2497,190,100,0,-0.5,4,6841,-0.02,0.04,89.7,122,84.9,87.7,27.31,29.89,26.93,27.33
61.96,2499,190.1,100,0,-0.3,4,6843,0,0.04,89.7,122,84.9,87.7,27.31,29.89,26.93,27.33
62,2501,190.1,100,0,0.8,4,6845,0.02,0.04,89.6,122,84.9,87.7,27.31,29.89,26.93,27.33
62.04,2503,190.2,100,0,0,4,6847,0.03,0.04,89.6,122,84.9,87.7,27.31,29.89,26.93,27.33
62.08,2506,190.2,100,0,0.1,4,6849,0,0.04,89.6,122,84.9,87.7,27.31,29.88,26.93,27.33
62.12,2508,190.3,100,0,0.1,4,6851,-0.02,0.04,89.6,121.9,84.9,87.7,27.31,29.88,26.93,27.33
62.16,2510,190.4,100,0,-0.6,4,6853,0.01,0.04,89.6,121.9,84.9,87.7,27.3,29.88,26.93,27.33
62.2,2512,190.4,100,0,-0.4,4,6855,0.05,0.04,89.6,121.9,84.8,87.6,27.3,29.88,26.93,27.33
62.24,2514,190.5,100,0,0.3,4,6857,0.01,0.04,89.6,121.9,84.8,87.6,27.3,29.88,26.93,27.33
62.28,2516,190.5,100,0,0.4,4,6859,0.03,0.04,89.6,121.9,84.8,87.6,27.3,29.88,26.93,27.33
62.32,2518,190.6,100,0,-0.5,4,6861,0.01,0.04,89.5,121.9,84.8,87.6,27.3,29.88,26.93,27.33
62.36,2520,190.6,100,0,0,4,6863,-0.01,0.04,89.5,121.9,84.8,87.6,27.3,29.88,26.92,27.32
62.4,2523,190.7,100,0,-0.4,4,6865,-0.02,0.04,89.5,121.9,84.8,87.6,27.3,29.88,26.92,27.32
62.44,2525,190.8,100,0,0.1,4,6867,0.02,0.04,89.5,121.8,84.8,87.6,27.3,29.88,26.92,27.32
62.48,2527,190.8,100,0,-0.1,4,6870,0.02,0.04,89.5,121.8,84.8,87.6,27.3,29.88,26.92,27.32
62.52,2529,190.9,100,0,0,4,6872,0.01,0.04,89.5,121.8,84.7,87.5,27.3,29.87,26.92,27.32
62.56,2531,190.9,100,0,-0.1,4,6874,0.01,0.04,89.5,121.8,84.7,87.5,27.3,29.87,26.92,27.32
62.6,2533,191,100,0,0.9,4,6876,0.01,0.04,89.5,121.8,84.7,87.5,27.29,29.87,26.92,27.32
62.64,2535,191.1,100,0,-0.3,4,6878,-0.05,0.04,89.4,121.8,84.7,87.5,27.29,29.87,26.92,27.32
62.68,2537,191.1,100,0,0.2,4,6880,0,0.04,89.4,121.8,84.7,87.5,27.29,29.87,26.92,27.32
62.72,2539,191.2,100,0,0,4,6882,0.01,0.04,89.4,121.8,84.7,87.5,27.29,29.87,26.92,27.32
62.76,2542,191.2,100,0,-0.6,4,6884,-0.01,0.04,89.4,121.8,84.7,87.5,27.29,29.87,26.92,27.32
62.8,2544,191.3,100,0,0.1,4,6886,-0.01,0.04,89.4,121.7,84.7,87.5,27.29,29.87,26.91,27.31
62.84,2546,191.3,100,0,0.3,4,6888,-0.04,0.04,89.4,121.7,84.6,87.4,27.29,29.87,26.91,27.31
62.88,2548,191.4,100,0,0.5,4,6890,0.01,0.04,89.4,121.7,84.6,87.4,27.29,29.87,26.91,27.31
62.92,2550,191.5,100,0,-0.7,4,6892,0,0.04,89.4,121.7,84.6,87.4,27.29,29.87,26.91,27.31
62.96,2552,191.5,100,0,-0.5,4,6894,0,0.04,89.4,121.7,84.6,87.4,27.29,29.86,26.91,27.31
63,2554,191.6,100,0,-0.2,4,6897,0.01,0.04,89.3,121.7,84.6,87.4,27.29,29.86,26.91,27.31
63.04,2557,191.6,100,0,-0.1,4,6899,-0.01,0.04,89.3,121.7,84.6,87.4,27.28,29.86,26.91,27.31
63.08,2559,191.7,100,0,0.3,4,6901,0.01,0.04,89.3,121.7,84.6,87.4,27.28,29.86,26.91,27.31
63.12,2561,191.7,100,0,-0.3,4,6903,0.01,0.04,89.3,121.6,84.6,87.4,27.28,29.86,26.91,27.31
63.16,2563,191.8,100,0,0,4,6905,0.02,0.04,89.3,121.6,84.6,87.4,27.28,29.86,26.91,27.31
63.2,2565,191.9,100,0,-0.5,4,6907,0,0.04,89.3,121.6,84.5,87.3,27.28,29.86,26.91,27.31
63.24,2567,191.9,100,0,-0.4,4,6909,0.01,0.04,89.3,121.6,84.5,87.3,27.28,29.86,26.9,27.3
63.28,2569,192,100,0,-0.8,4,6911,-0.02,0.04,89.3,121.6,84.5,87.3,27.28,29.86,26.9,27.3
63.32,2571,192,100,0,0.1,4,6913,0,0.04,89.2,121.6,84.5,87.3,27.28,29.86,26.9,27.3
63.36,2574,192.1,100,0,0.4,4,6915,0.01,0.04,89.2,121.6,84.5,87.3,27.28,29.86,26.9,27.3
63.4,2576,192.1,100,0,-0.6,4,6917,-0.02,0.04,89.2,121.6,84.5,87.3,27.28,29.85,26.9,27.3
63.44,2578,192.2,100,0,0.1,4,6919,0.01,0.04,89.2,121.5,84.5,87.3,27.28,29.85,26.9,27.3
63.48,2580,192.3,100,0,-0.2,4,6921,-0.04,0.04,89.2,121.5,84.5,87.3,27.27,29.85,26.9,27.3
63.52,2582,192,0,9,1.6,4,6912,0,-1.85,89.3,121.6,84.5,87.3,27.28,29.86,26.9,27.3
63.56,2584,191.5,0,18,0.1,4,6892,0,-1.85,89.4,121.6,84.5,87.3,27.29,29.86,26.9,27.3
63.6,2586,190.6,0,27,0.2,4,6863,0,-1.85,89.6,121.7,84.5,87.3,27.3,29.86,26.9,27.3
63.64,2588,189.6,0,36,-0.1,4,6824,0,-1.85,89.7,121.7,84.5,87.3,27.31,29.86,26.9,27.3
63.68,2591,188.2,0,45,1,4,6776,0,-1.85,89.8,121.7,84.5,87.3,27.32,29.87,26.9,27.3
63.72,2593,186.6,0,54,-1.1,4,6717,0,-1.85,89.9,121.8,84.5,87.3,27.33,29.87,26.9,27.3
63.76,2595,184.7,0,63,0.6,4,6649,0,-1.85,90,121.8,84.5,87.3,27.34,29.87,26.9,27.3
63.8,2597,182.5,0,72,-0.3,4,6571,0,-1.85,90.2,121.9,84.5,87.3,27.35,29.88,26.9,27.3
63.84,2599,180.1,0,81,-0.2,4,6484,0,-1.85,90.3,121.9,84.5,87.3,27.36,29.88,26.9,27.3
63.88,2601,177.4,0,89,-0.1,4,6388,0,-1.85,90.4,121.9,84.5,87.3,27.36,29.88,26.9,27.3
63.92,2603,174.7,0,90,-0.8,3,7689,0,-1.85,90.5,122,84.5,87.3,27.37,29.89,26.9,27.3
63.96,2605,172,0,90,-1.2,3,7570,0,-1.85,90.6,122,84.5,87.3,27.38,29.89,26.9,27.3
64,2607,169.3,0,90,0.9,3,7451,0,-1.85,90.8,122.1,84.5,87.3,27.39,29.89,26.9,27.3
64.04,2609,166.6,0,90,1.4,3,7332,0,-1.85,90.9,122.1,84.5,87.3,27.4,29.89,26.9,27.3
64.08,2610,163.9,0,90,-0.9,3,7213,0,-1.85,91,122.1,84.5,87.3,27.41,29.9,26.9,27.3
64.12,2612,161.2,0,90,-0.2,3,7095,0,-1.85,91.1,122.2,84.5,87.3,27.42,29.9,26.9,27.3
64.16,2614,158.5,0,90,1.3,3,6976,0,-1.85,91.2,122.2,84.5,87.3,27.43,29.9,26.9,27.3
64.2,2616,155.8,0,90,-0.4,3,6857,0,-1.85,91.4,122.3,84.5,87.3,27.44,29.91,26.9,27.3
64.24,2617,153.1,0,90,-1,3,6738,0,-1.85,91.5,122.3,84.5,87.3,27.45,29.91,26.9,27.3
64.28,2619,150.4,0,90,-1.4,3,6619,0,-1.85,91.6,122.3,84.5,87.3,27.45,29.91,26.9,27.3
64.32,2621,147.7,0,90,-0.1,3,6501,0,-1.85,91.7,122.4,84.5,87.3,27.46,29.92,26.9,27.3
64.36,2623,145,0,90,-1.2,3,6382,0,-1.85,91.8,122.4,84.5,87.3,27.47,29.92,26.9,27.3
64.4,2624,142.3,0,90,-0.2,3,6263,0,-1.85,92,122.5,84.5,87.3,27.48,29.92,26.9,27.3
64.44,2626,139.6,0,90,0.4,3,6144,0,-1.85,92.1,122.5,84.5,87.3,27.49,29.92,26.9,27.3
64.48,2627,136.9,0,90,1.4,3,6025,0,-1.85,92.2,122.5,84.5,87.3,27.5,29.93,26.9,27.3
64.52,2629,134.2,0,90,-0.8,2,7652,0,-1.85,92.3,122.6,84.5,87.3,27.51,29.93,26.9,27.3
64.56,2630,131.5,0,90,-1.4,2,7498,0,-1.85,92.4,122.6,84.5,87.3,27.52,29.93,26.9,27.3
64.6,2632,128.8,0,90,0.7,2,7344,0,-1.85,92.6,122.7,84.5,87.3,27.53,29.94,26.9,27.3
64.64,2633,128,0,90,0.2,2,7296,0,-1.85,92.7,122.7,84.5,87.3,27.54,29.94,26.9,27.3
64.68,2635,128,0,90,1.2,2,7296,0,-1.85,92.8,122.7,84.5,87.3,27.54,29.94,26.9,27.3
64.72,2636,128,0,90,-0.2,2,7296,0,-1.85,92.9,122.8,84.5,87.3,27.55,29.95,26.9,27.3
64.76,2637,128,0,90,0.2,2,7296,0,-1.85,93,122.8,84.5,87.3,27.56,29.95,26.9,27.3
64.8,2639,128,0,90,-0.3,2,7296,0,-1.85,93.2,122.9,84.5,87.3,27.57,29.95,26.9,27.3
64.84,2640,128,0,90,-0.3,2,7296,0,-1.85,93.3,122.9,84.5,87.3,27.58,29.95,26.9,27.3
64.88,2642,128,0,90,0.5,2,7296,0,-1.85,93.4,122.9,84.5,87.3,27.59,29.96,26.9,27.3
64.92,2643,128,0,90,-0.1,2,7296,0,-1.4,93.5,123,84.5,87.3,27.6,29.96,26.9,27.3
64.96,2645,128,0,88,1.5,2,7296,0.04,-1.37,93.6,123,84.5,87.3,27.61,29.96,26.9,27.3
65,2646,128,0,85,3.3,2,7296,0.08,-1.35,93.8,123.1,84.5,87.3,27.62,29.97,26.9,27.3
65.04,2647,128,0,83,4.9,2,7296,0.12,-1.32,93.9,123.1,84.5,87.3,27.63,29.97,26.9,27.3
65.08,2649,128,0,81,7.2,2,7296,0.16,-1.29,94,123.1,84.5,87.3,27.63,29.97,26.9,27.3
65.12,2650,128,0,78,8.2,2,7296,0.2,-1.27,94.1,123.2,84.5,87.3,27.64,29.98,26.9,27.3
65.16,2652,128,0,76,9.3,2,7296,0.24,-1.24,94.2,123.2,84.5,87.3,27.65,29.98,26.9,27.3
65.2,2653,128,0,74,11.6,2,7296,0.27,-1.22,94.4,123.3,84.5,87.3,27.66,29.98,26.9,27.3
65.24,2654,128,0,72,12.2,2,7296,0.31,-1.19,94.5,123.3,84.5,87.3,27.67,29.98,26.9,27.3
65.28,2656,128,0,70,13.9,2,7296,0.35,-1.17,94.6,123.3,84.5,87.3,27.68,29.99,26.9,27.3
65.32,2657,128,0,67,15.8,2,7296,0.39,-1.14,94.7,123.4,84.5,87.3,27.69,29.99,26.9,27.3
65.36,2659,128,0,65,17,2,7296,0.43,-1.11,94.8,123.4,84.5,87.3,27.7,29.99,26.9,27.3
65.4,2660,128,0,63,18.7,2,7296,0.47,-1.09,95,123.5,84.5,87.3,27.71,30,26.9,27.3
65.44,2662,128,0,61,20.5,2,7296,0.51,-1.06,95.1,123.5,84.5,87.3,27.72,30,26.9,27.3
65.48,2663,128,0,59,21.8,2,7296,0.55,-1.04,95.2,123.5,84.5,87.3,27.72,30,26.9,27.3
65.52,2664,128,0,57,23.8,2,7296,0.58,-1.01,95.3,123.6,84.5,87.3,27.73,30.01,26.9,27.3
65.56,2666,128,0,55,24.1,2,7296,0.62,-0.98,95.4,123.6,84.5,87.3,27.74,30.01,26.9,27.3
65.6,2667,128,0,53,25.7,2,7296,0.66,-0.96,95.6,123.7,84.5,87.3,27.75,30.01,26.9,27.3
65.64,2669,128,0,51,28.7,2,7296,0.7,-0.93,95.7,123.7,84.5,87.3,27.76,30.01,26.9,27.3
65.68,2670,128,0,49,28.9,2,7296,0.74,-0.91,95.8,123.7,84.5,87.3,27.77,30.02,26.9,27.3
65.72,2672,128,0,47,30.5,2,7296,0.78,-0.88,95.9,123.8,84.5,87.3,27.78,30.02,26.9,27.3
65.76,2673,128,0,45,31,2,7296,0.82,-0.85,96,123.8,84.5,87.3,27.79,30.02,26.9,27.3
65.8,2674,128,0,43,32.5,2,7296,0.86,-0.83,96.2,123.9,84.5,87.3,27.8,30.03,26.9,27.3
65.84,2676,128,0,41,34.7,2,7296,0.9,-0.8,96.3,123.9,84.5,87.3,27.81,30.03,26.9,27.3
65.88,2677,128,0,39,35.5,2,7296,0.93,-0.78,96.4,123.9,84.5,87.3,27.81,30.03,26.9,27.3
65.92,2679,128,0,38,36.3,2,7296,0.97,-0.75,96.5,124,84.5,87.3,27.82,30.04,26.9,27.3
65.96,2680,128,0,36,37.9,2,7296,1.01,-0.73,96.6,124,84.5,87.3,27.83,30.04,26.9,27.3
66,2682,128,0,34,38.6,2,7296,1.05,-0.7,96.8,124.1,84.5,87.3,27.84,30.04,26.9,27.3
66.04,2683,128,0,32,39.5,2,7296,1.09,-0.67,96.9,124.1,84.5,87.3,27.85,30.04,26.9,27.3
66.08,2684,128,0,31,41.2,2,7296,1.13,-0.65,97,124.1,84.5,87.3,27.86,30.05,26.9,27.3
66.12,2686,128,0,29,42.2,2,7296,1.17,-0.62,97.1,124.2,84.5,87.3,27.87,30.05,26.9,27.3
66.16,2687,128,0,27,43.2,2,7296,1.21,-0.6,97.2,124.2,84.5,87.3,27.88,30.05,26.9,27.3
66.2,2689,128,0,26,43.6,2,7296,1.24,-0.57,97.4,124.3,84.5,87.3,27.89,30.06,26.9,27.3
66.24,2690,128,0,24,45.2,2,7296,1.28,-0.54,97.5,124.3,84.5,87.3,27.9,30.06,26.9,27.3
66.28,2691,128,0,22,46.3,2,7296,1.32,-0.52,97.6,124.3,84.5,87.3,27.9,30.06,26.9,27.3
66.32,2693,128,0,21,46.7,2,7296,1.36,-0.49,97.7,124.4,84.5,87.3,27.91,30.07,26.9,27.3
66.36,2694,128,0,19,47.5,2,7296,1.4,-0.47,97.8,124.4,84.5,87.3,27.92,30.07,26.9,27.3
66.4,2696,128,0,18,48.6,2,7296,1.44,-0.44,98,124.5,84.5,87.3,27.93,30.07,26.9,27.3
66.44,2697,128,0,16,49.3,2,7296,1.48,-0.42,98.1,124.5,84.5,87.3,27.94,30.07,26.9,27.3
66.48,2699,128,0,15,49.4,2,7296,1.52,-0.39,98.2,124.5,84.5,87.3,27.95,30.08,26.9,27.3
66.52,2700,128,0,14,50.1,2,7296,1.55,-0.36,98.3,124.6,84.5,87.3,27.96,30.08,26.9,27.3
66.56,2701,128,0,12,50.8,2,7296,1.59,-0.34,98.4,124.6,84.5,87.3,27.97,30.08,26.9,27.3
66.6,2703,128,0,11,52.1,2,7296,1.63,-0.31,98.6,124.7,84.5,87.3,27.98,30.09,26.9,27.3
66.64,2704,128,0,10,52.6,2,7296,1.67,-0.29,98.7,124.7,84.5,87.3,27.99,30.09,26.9,27.3
66.68,2706,128,0,9,52.6,2,7296,1.71,-0.26,98.8,124.7,84.5,87.3,27.99,30.09,26.9,27.3
66.72,2707,128,0,7,53.7,2,7296,1.75,-0.23,98.9,124.8,84.5,87.3,28,30.1,26.9,27.3
66.76,2709,128,0,6,53.9,2,7296,1.79,-0.21,99,124.8,84.5,87.3,28.01,30.1,26.9,27.3
66.8,2710,128,0,5,53.9,2,7296,1.83,-0.18,99.2,124.9,84.5,87.3,28.02,30.1,26.9,27.3
66.84,2711,128,0,4,53.8,2,7296,1.86,-0.16,99.3,124.9,84.5,87.3,28.03,30.1,26.9,27.3
66.88,2713,128,0,3,54,2,7296,1.9,-0.13,99.4,124.9,84.5,87.3,28.04,30.11,26.9,27.3
66.92,2714,128,0,2,54.3,2,7296,1.94,-0.11,99.5,125,84.5,87.3,28.05,30.11,26.9,27.3
66.96,2716,128,0,2,54.7,2,7296,1.98,-0.08,99.6,125,84.5,87.3,28.06,30.11,26.9,27.3
67,2717,128,0,1,54.9,2,7296,2.02,-0.05,99.8,125.1,84.5,87.3,28.07,30.12,26.9,27.3
67.04,2718,128,0,0,54.8,2,7296,2.06,-0.03,99.9,125.1,84.5,87.3,28.08,30.12,26.9,27.3
67.08,2720,128,0,0,55.2,2,7296,2.1,0,100,125.1,84.5,87.3,28.08,30.12,26.9,27.3
67.12,2721,128,2,0,54.8,2,7296,1.94,0,100,125.1,84.5,87.3,28.08,30.12,26.9,27.3
67.16,2723,128,3,0,53.7,2,7296,1.93,0.01,100,125.1,84.5,87.3,28.08,30.12,26.9,27.3
67.2,2724,128,4,0,53.7,2,7297,1.91,0.02,100,125.1,84.6,87.4,28.08,30.12,26.91,27.31
67.24,2726,128,5,0,53.8,2,7297,1.9,0.02,100,125.1,84.6,87.4,28.08,30.12,26.91,27.31
67.28,2727,128,6,0,53,2,7297,1.89,0.03,100,125.1,84.6,87.4,28.08,30.12,26.91,27.31
67.32,2728,128,7,0,52.2,2,7298,1.88,0.03,100,125.1,84.7,87.5,28.08,30.12,26.91,27.31
67.36,2730,128,8,0,52.5,2,7298,1.86,0.04,100,125.1,84.7,87.5,28.08,30.12,26.92,27.32
67.4,2731,128.1,10,0,51.3,2,7299,1.85,0.04,100,125.1,84.7,87.5,28.08,30.12,26.92,27.32
67.44,2733,128.1,11,0,50.8,2,7300,1.84,0.05,100,125.1,84.8,87.6,28.08,30.12,26.92,27.32
67.48,2734,128.1,12,0,51.3,2,7300,1.83,0.05,100,125.1,84.8,87.6,28.08,30.12,26.93,27.33
67.52,2736,128.1,12,0,50.4,2,7301,1.82,0.06,100,125.1,84.8,87.6,28.08,30.12,26.93,27.33
67.56,2737,128.1,13,0,49.9,2,7302,1.8,0.06,100,125.1,84.9,87.7,28.08,30.12,26.93,27.33
67.6,2738,128.1,14,0,49.8,2,7303,1.79,0.07,100,125.1,84.9,87.7,28.08,30.12,26.93,27.33
67.64,2740,128.1,15,0,49.4,2,7304,1.78,0.07,100,125.1,84.9,87.7,28.08,30.12,26.94,27.34
67.68,2741,128.2,16,0,48.4,2,7305,1.77,0.08,100,125.1,85,87.8,28.08,30.12,26.94,27.34
67.72,2743,128.2,17,0,48.6,2,7306,1.75,0.08,100,125.1,85,87.8,28.08,30.12,26.94,27.34
67.76,2744,128.2,18,0,47.6,2,7307,1.74,0.09,100,125.1,85.1,87.9,28.08,30.12,26.94,27.34
67.8,2746,128.2,19,0,46.9,2,7308,1.73,0.09,100,125.1,85.1,87.9,28.08,30.12,26.95,27.35
67.84,2747,128.2,20,0,46.9,2,7310,1.72,0.1,100,125.1,85.1,87.9,28.08,30.12,26.95,27.35
67.88,2748,128.3,21,0,46.2,2,7311,1.7,0.1,100,125.1,85.2,88,28.08,30.12,26.95,27.35
67.92,2750,128.3,22,0,46,2,7312,1.69,0.11,100,125.1,85.2,88,28.08,30.12,26.95,27.35
67.96,2751,128.3,23,0,46.2,2,7314,1.68,0.11,100,125.1,85.2,88,28.08,30.12,26.96,27.36
68,2753,128.3,23,0,45.6,2,7315,1.67,0.12,100,125.1,85.3,88.1,28.08,30.12,26.96,27.36
68.04,2754,128.4,24,0,44.1,2,7317,1.65,0.12,100,125.1,85.3,88.1,28.08,30.12,26.96,27.36
68.08,2756,128.4,25,0,44.1,2,7319,1.64,0.13,100,125.1,85.3,88.1,28.08,30.12,26.96,27.36
68.12,2757,128.4,26,0,44,2,7320,1.63,0.13,100,125.1,85.4,88.2,28.08,30.12,26.97,27.37
68.16,2758,128.5,27,0,42.8,2,7322,1.62,0.14,100,125.1,85.4,88.2,28.08,30.12,26.97,27.37
68.2,2760,128.5,28,0,42.9,2,7324,1.61,0.14,100,125.1,85.4,88.2,28.08,30.12,26.97,27.37
68.24,2761,128.5,29,0,42.5,2,7326,1.59,0.15,100,125.1,85.5,88.3,28.08,30.12,26.98,27.38
68.28,2763,128.6,29,0,42.2,2,7328,1.58,0.15,100,125.1,85.5,88.3,28.08,30.12,26.98,27.38
68.32,2764,128.6,30,0,41.4,2,7329,1.57,0.16,100,125.1,85.5,88.3,28.08,30.12,26.98,27.38
68.36,2765,128.6,31,0,42,2,7331,1.56,0.16,100,125.1,85.6,88.4,28.08,30.12,26.98,27.38
68.4,2767,128.7,32,0,40.4,2,7334,1.54,0.17,100,125.1,85.6,88.4,28.08,30.12,26.99,27.39
68.44,2768,128.7,33,0,40.1,2,7336,1.53,0.17,100,125.1,85.6,88.4,28.08,30.12,26.99,27.39
68.48,2770,128.7,34,0,39.5,2,7338,1.52,0.18,100,125.1,85.7,88.5,28.08,30.12,26.99,27.39
68.52,2771,128.8,34,0,39.4,2,7340,1.51,0.18,100,125.1,85.7,88.5,28.08,30.12,26.99,27.39
68.56,2773,128.8,35,0,38.6,2,7342,1.49,0.19,100,125.1,85.8,88.6,28.08,30.12,27,27.4
68.6,2774,128.9,36,0,38.5,2,7345,1.48,0.2,100,125.1,85.8,88.6,28.08,30.12,27,27.4
68.64,2776,128.9,37,0,38,2,7347,1.47,0.2,100,125.1,85.8,88.6,28.08,30.12,27,27.4
68.68,2777,128.9,38,0,37.8,2,7349,1.46,0.21,100,125.1,85.9,88.7,28.08,30.12,27,27.4
68.72,2778,129,38,0,36.8,2,7352,1.44,0.21,100,125.1,85.9,88.7,28.08,30.12,27.01,27.41
68.76,2780,129,39,0,36.8,2,7354,1.43,0.22,100,125.1,85.9,88.7,28.08,30.12,27.01,27.41
68.8,2781,129.1,40,0,35.9,2,7357,1.42,0.22,100,125.1,86,88.8,28.08,30.12,27.01,27.41
68.84,2783,129.1,41,0,35.5,2,7360,1.41,0.23,100,125.1,86,88.8,28.08,30.12,27.01,27.41
68.88,2784,129.2,42,0,35.5,2,7362,1.39,0.23,100,125.1,86,88.8,28.08,30.12,27.02,27.42
68.92,2786,129.2,42,0,35,2,7365,1.38,0.24,100,125.1,86.1,88.9,28.08,30.12,27.02,27.42
68.96,2787,129.3,43,0,34.6,2,7368,1.37,0.24,100,125.1,86.1,88.9,28.08,30.12,27.02,27.42
69,2788,129.3,44,0,34.5,2,7370,1.36,0.25,100,125.1,86.1,88.9,28.08,30.12,27.03,27.43
69.04,2790,129.4,45,0,33.3,2,7373,1.34,0.25,100,125.1,86.2,89,28.08,30.12,27.03,27.43
69.08,2791,129.4,46,0,33.2,2,7376,1.33,0.26,100,125.1,86.2,89,28.08,30.12,27.03,27.43
69.12,2793,129.5,46,0,32.7,2,7379,1.32,0.26,100,125.1,86.2,89,28.08,30.12,27.03,27.43
69.16,2794,129.5,47,0,32.4,2,7382,1.31,0.27,100,125.1,86.3,89.1,28.08,30.12,27.04,27.44
69.2,2796,129.6,48,0,31.1,2,7385,1.29,0.27,100,125.1,86.3,89.1,28.08,30.12,27.04,27.44
69.24,2797,129.6,49,0,31.5,2,7388,1.28,0.28,100,125.1,86.3,89.1,28.08,30.12,27.04,27.44
69.28,2798,129.7,49,0,31.1,2,7392,1.27,0.28,100,125.1,86.4,89.2,28.08,30.12,27.04,27.44
69.32,2800,129.7,50,0,31.1,2,7395,1.26,0.29,100,125.1,86.4,89.2,28.08,30.12,27.05,27.45
69.36,2801,129.8,51,0,30.2,2,7398,1.24,0.29,100,125.1,86.5,89.3,28.08,30.12,27.05,27.45
69.4,2803,129.8,52,0,29.6,2,7401,1.23,0.3,100,125.1,86.5,89.3,28.08,30.12,27.05,27.45
69.44,2804,129.9,52,0,29,2,7405,1.22,0.3,100,125.1,86.5,89.3,28.08,30.12,27.05,27.45
69.48,2806,130,53,0,28.1,2,7408,1.21,0.31,100,125.1,86.6,89.4,28.08,30.12,27.06,27.46
69.52,2807,130,54,0,28.9,2,7411,1.19,0.31,100,125.1,86.6,89.4,28.08,30.12,27.06,27.46
69.56,2809,130.1,55,0,27.9,2,7415,1.18,0.32,100,125.1,86.6,89.4,28.08,30.12,27.06,27.46
69.6,2810,130.1,55,0,27.5,2,7418,1.17,0.33,100,125.1,86.7,89.5,28.08,30.12,27.06,27.46
69.64,2811,130.2,56,0,27.3,2,7422,1.16,0.33,100,125.1,86.7,89.5,28.08,30.12,27.07,27.47
69.68,2813,130.3,57,0,27.1,2,7426,1.14,0.34,100,125.1,86.7,89.5,28.08,30.12,27.07,27.47
69.72,2814,130.3,58,0,25.2,2,7429,1.13,0.34,100,125.1,86.8,89.6,28.08,30.12,27.07,27.47
69.76,2816,130.4,59,0,25.2,2,7433,1.12,0.35,100,125.1,86.8,89.6,28.08,30.12,27.08,27.48
69.8,2817,130.5,59,0,25,2,7437,1.11,0.35,100,125.1,86.8,89.6,28.08,30.12,27.08,27.48
69.84,2819,130.5,60,0,24.8,2,7441,1.09,0.36,100,125.1,86.9,89.7,28.08,30.12,27.08,27.48
69.88,2820,130.6,61,0,24.7,2,7444,1.08,0.36,100,125.1,86.9,89.7,28.08,30.12,27.08,27.48
69.92,2822,130.7,62,0,23.9,2,7448,1.07,0.37,100,125.1,86.9,89.7,28.08,30.12,27.09,27.49
69.96,2823,130.7,62,0,23.2,2,7452,1.06,0.37,100,125.1,87,89.8,28.08,30.12,27.09,27.49
70,2825,130.8,63,0,23.9,2,7456,1.04,0.38,100,125.1,87,89.8,28.08,30.12,27.09,27.49
70.04,2826,130.9,64,0,22.7,2,7460,1.03,0.38,100,125.1,87,89.8,28.08,30.12,27.09,27.49
70.08,2827,131,64,0,22.5,2,7464,1.02,0.39,100,125.1,87.1,89.9,28.08,30.12,27.1,27.5
70.12,2829,131,65,0,21.2,2,7469,1.01,0.39,100,125.1,87.1,89.9,28.08,30.12,27.1,27.5
70.16,2830,131.1,66,0,21.6,2,7473,0.99,0.4,100,125.1,87.2,90,28.08,30.12,27.1,27.5
70.2,2832,131.2,67,0,20.7,2,7477,0.98,0.4,100,125.1,87.2,90,28.08,30.12,27.1,27.5
70.24,2833,131.2,67,0,20.5,2,7481,0.97,0.41,100,125.1,87.2,90,28.08,30.12,27.11,27.51
70.28,2835,131.3,68,0,20.1,2,7485,0.96,0.41,100,125.1,87.3,90.1,28.08,30.12,27.11,27.51
70.32,2836,131.4,69,0,18.8,2,7490,0.94,0.42,100,125.1,87.3,90.1,28.08,30.12,27.11,27.51
70.36,2838,131.5,70,0,18.9,2,7494,0.93,0.42,100,125.1,87.3,90.1,28.08,30.12,27.11,27.51
70.4,2839,131.6,70,0,18.6,2,7499,0.92,0.43,100,125.1,87.4,90.2,28.08,30.12,27.12,27.52
70.44,2841,131.6,71,0,18.6,2,7503,0.91,0.44,100,125.1,87.4,90.2,28.08,30.12,27.12,27.52
70.48,2842,131.7,72,0,17.5,2,7508,0.89,0.44,100,125.1,87.4,90.2,28.08,30.12,27.12,27.52
70.52,2843,131.8,73,0,17.2,2,7512,0.88,0.45,100,125.1,87.5,90.3,28.08,30.12,27.12,27.52
70.56,2845,131.9,73,0,16.6,2,7517,0.87,0.45,100,125.1,87.5,90.3,28.08,30.12,27.13,27.53
70.6,2846,132,74,0,16.5,2,7521,0.85,0.46,100,125.1,87.5,90.3,28.08,30.12,27.13,27.53
70.64,2848,132,75,0,15.6,2,7526,0.84,0.46,100,125.1,87.6,90.4,28.08,30.12,27.13,27.53
70.68,2849,132.1,76,0,15.5,2,7531,0.83,0.47,100,125.1,87.6,90.4,28.08,30.12,27.14,27.54
70.72,2851,132.2,76,0,14.1,2,7536,0.82,0.47,100,125.1,87.6,90.4,28.08,30.12,27.14,27.54
70.76,2852,132.3,77,0,15,2,7540,0.8,0.48,100,125.1,87.7,90.5,28.08,30.12,27.14,27.54
70.8,2854,132.4,78,0,14.1,2,7545,0.79,0.48,100,125.1,87.7,90.5,28.08,30.12,27.14,27.54
70.84,2855,132.5,78,0,14.1,2,7550,0.78,0.49,100,125.1,87.7,90.5,28.08,30.12,27.15,27.55
70.88,2857,132.5,79,0,12.8,2,7555,0.77,0.49,100,125.1,87.8,90.6,28.08,30.12,27.15,27.55
70.92,2858,132.6,80,0,12.6,2,7560,0.75,0.5,100,125.1,87.8,90.6,28.08,30.12,27.15,27.55
70.96,2860,132.7,81,0,12.3,2,7565,0.74,0.5,100,125.1,87.9,90.7,28.08,30.12,27.15,27.55
71,2861,132.8,81,0,12.3,2,7570,0.73,0.51,100,125.1,87.9,90.7,28.08,30.12,27.16,27.56
71.04,2863,132.9,82,0,11.1,2,7575,0.71,0.51,100,125.1,87.9,90.7,28.08,30.12,27.16,27.56
71.08,2864,133,83,0,10.9,2,7580,0.7,0.52,100,125.1,88,90.8,28.08,30.12,27.16,27.56
71.12,2866,133.1,83,0,11.2,2,7586,0.69,0.53,100,125.1,88,90.8,28.08,30.12,27.16,27.56
71.16,2867,133.2,84,0,9.5,2,7591,0.68,0.53,100,125.1,88,90.8,28.08,30.12,27.17,27.57
71.2,2869,133.3,85,0,9.1,2,7596,0.66,0.54,100,125.1,88.1,90.9,28.08,30.12,27.17,27.57
71.24,2870,133.4,86,0,9.1,2,7601,0.65,0.54,100,125.1,88.1,90.9,28.08,30.12,27.17,27.57
71.28,2871,133.5,86,0,8.2,2,7607,0.64,0.55,100,125.1,88.1,90.9,28.08,30.12,27.17,27.57
71.32,2873,133.5,87,0,8.7,2,7612,0.62,0.55,100,125.1,88.2,91,28.08,30.12,27.18,27.58
71.36,2874,133.6,88,0,8.4,2,7618,0.61,0.56,100,125.1,88.2,91,28.08,30.12,27.18,27.58
71.4,2876,133.7,89,0,7.2,2,7623,0.6,0.56,100,125.1,88.2,91,28.08,30.12,27.18,27.58
71.44,2877,133.8,89,0,7.1,2,7629,0.59,0.57,100,125.1,88.3,91.1,28.08,30.12,27.19,27.59
71.48,2879,133.9,90,0,5.9,2,7634,0.57,0.57,100,125.1,88.3,91.1,28.08,30.12,27.19,27.59
71.52,2880,134,91,0,6.4,2,7640,0.56,0.58,100,125.1,88.3,91.1,28.08,30.12,27.19,27.59
71.56,2882,134.1,91,0,5.5,2,7645,0.55,0.58,100,125.1,88.4,91.2,28.08,30.12,27.19,27.59
71.6,2883,134.2,92,0,5.1,2,7651,0.53,0.59,100,125.1,88.4,91.2,28.08,30.12,27.2,27.6
71.64,2885,134.3,93,0,5,2,7657,0.52,0.6,100,125.1,88.4,91.2,28.08,30.12,27.2,27.6
71.68,2886,134.4,94,0,4.2,2,7663,0.51,0.6,100,125.1,88.5,91.3,28.08,30.12,27.2,27.6
71.72,2888,134.5,94,0,3.5,2,7668,0.5,0.61,100,125.1,88.5,91.3,28.08,30.12,27.2,27.6
71.76,2889,134.6,95,0,3.4,2,7674,0.48,0.61,100,125.1,88.6,91.4,28.08,30.12,27.21,27.61
71.8,2891,134.7,96,0,2.6,2,7680,0.47,0.62,100,125.1,88.6,91.4,28.08,30.12,27.21,27.61
71.84,2892,134.8,96,0,2.1,2,7686,0.46,0.62,100,125.1,88.6,91.4,28.08,30.12,27.21,27.61
71.88,2894,134.9,97,0,2.1,2,7692,0.44,0.63,100,125.1,88.7,91.5,28.08,30.12,27.21,27.61
71.92,2895,135.1,98,0,1.5,3,5942,0.43,0.63,100,125.1,88.7,91.5,28.08,30.12,27.22,27.62
71.96,2897,135.2,98,0,1.1,3,5947,0.42,0.64,100,125.1,88.7,91.5,28.08,30.12,27.22,27.62
72,2898,135.3,99,0,1,3,5952,0.4,0.64,100,125.1,88.8,91.6,28.08,30.12,27.22,27.62
72.04,2900,135.4,100,0,0.1,3,5956,0.39,0.65,100,125.1,88.8,91.6,28.08,30.12,27.22,27.62
72.08,2901,135.4,100,0,-0.3,3,5959,-0.01,0.04,100,125.1,88.8,91.6,28.08,30.12,27.22,27.62
72.12,2903,135.5,100,0,-0.2,3,5961,0.03,0.04,100,125.1,88.8,91.6,28.08,30.12,27.22,27.62
72.16,2904,135.5,100,0,-0.1,3,5964,-0.01,0.04,100,125.1,88.8,91.6,28.08,30.12,27.22,27.62
72.2,2906,135.6,100,0,0.1,3,5967,-0.02,0.04,99.9,125.1,88.7,91.5,28.08,30.12,27.22,27.62
72.24,2907,135.7,100,0,0.4,3,5969,-0.01,0.04,99.9,125.1,88.7,91.5,28.08,30.12,27.22,27.62
72.28,2909,135.7,100,0,0.3,3,5972,-0.02,0.04,99.9,125.1,88.7,91.5,28.08,30.12,27.22,27.62
72.32,2910,135.8,100,0,-0.1,3,5974,0,0.04,99.9,125.1,88.7,91.5,28.08,30.12,27.22,27.62
72.36,2912,135.8,100,0,0.5,3,5977,0.02,0.04,99.9,125,88.7,91.5,28.08,30.12,27.22,27.62
72.4,2913,135.9,100,0,0,3,5979,-0.01,0.04,99.9,125,88.7,91.5,28.08,30.11,27.22,27.62
72.44,2915,135.9,100,0,-0.9,3,5982,-0.03,0.04,99.9,125,88.7,91.5,28.08,30.11,27.22,27.62
72.48,2916,136,100,0,-0.2,3,5984,0.02,0.04,99.9,125,88.7,91.5,28.07,30.11,27.21,27.61
72.52,2918,136.1,100,0,0.1,3,5987,-0.02,0.04,99.9,125,88.7,91.5,28.07,30.11,27.21,27.61
72.56,2919,136.1,100,0,-0.4,3,5989,0,0.04,99.8,125,88.6,91.4,28.07,30.11,27.21,27.61
72.6,2921,136.2,100,0,0,3,5992,-0.01,0.04,99.8,125,88.6,91.4,28.07,30.11,27.21,27.61
72.64,2922,136.2,100,0,0,3,5994,-0.02,0.04,99.8,125,88.6,91.4,28.07,30.11,27.21,27.61
72.68,2924,136.3,100,0,0.7,3,5997,-0.02,0.04,99.8,124.9,88.6,91.4,28.07,30.11,27.21,27.61
72.72,2925,136.4,100,0,0.5,3,5999,-0.02,0.04,99.8,124.9,88.6,91.4,28.07,30.11,27.21,27.61
72.76,2927,136.4,100,0,-0.9,3,6002,-0.02,0.04,99.8,124.9,88.6,91.4,28.07,30.11,27.21,27.61
72.8,2929,136.5,100,0,-0.7,3,6005,0.01,0.04,99.8,124.9,88.6,91.4,28.07,30.11,27.21,27.61
72.84,2930,136.5,100,0,0.1,3,6007,0,0.04,99.8,124.9,88.6,91.4,28.07,30.1,27.21,27.61
72.88,2932,136.6,100,0,-0.4,3,6010,0.02,0.04,99.7,124.9,88.5,91.3,28.07,30.1,27.21,27.61
72.92,2933,136.6,100,0,0,3,6012,-0.03,0.04,99.7,124.9,88.5,91.3,28.06,30.1,27.2,27.6
72.96,2935,136.7,100,0,0.1,3,6015,0,0.04,99.7,124.9,88.5,91.3,28.06,30.1,27.2,27.6
73,2936,136.8,100,0,0.5,3,6017,-0.05,0.04,99.7,124.8,88.5,91.3,28.06,30.1,27.2,27.6
73.04,2938,136.8,100,0,0,3,6020,-0.01,0.04,99.7,124.8,88.5,91.3,28.06,30.1,27.2,27.6
73.08,2939,136.9,100,0,-0.1,3,6022,0.02,0.04,99.7,124.8,88.5,91.3,28.06,30.1,27.2,27.6
73.12,2941,136.9,100,0,-0.5,3,6025,0,0.04,99.7,124.8,88.5,91.3,28.06,30.1,27.2,27.6
73.16,2942,137,100,0,0.1,3,6027,0.01,0.04,99.7,124.8,88.5,91.3,28.06,30.1,27.2,27.6
73.2,2944,137,100,0,-0.5,3,6030,0.02,0.04,99.6,124.8,88.4,91.2,28.06,30.1,27.2,27.6
73.24,2945,137.1,100,0,-0.4,3,6032,-0.04,0.04,99.6,124.8,88.4,91.2,28.06,30.1,27.2,27.6
73.28,2947,137.2,100,0,1.2,3,6035,0,0.04,99.6,124.8,88.4,91.2,28.06,30.09,27.2,27.6
73.32,2948,137.2,100,0,0,3,6038,-0.01,0.04,99.6,124.8,88.4,91.2,28.06,30.09,27.2,27.6
73.36,2950,137.3,100,0,0,3,6040,-0.02,0.04,99.6,124.7,88.4,91.2,28.06,30.09,27.19,27.59
73.4,2951,137.3,100,0,-0.5,3,6043,-0.03,0.04,99.6,124.7,88.4,91.2,28.05,30.09,27.19,27.59
73.44,2953,137.4,100,0,-0.5,3,6045,0,0.04,99.6,124.7,88.4,91.2,28.05,30.09,27.19,27.59
73.48,2954,137.4,100,0,0.3,3,6048,0.03,0.04,99.6,124.7,88.4,91.2,28.05,30.09,27.19,27.59
73.52,2956,137.5,100,0,0,3,6050,0.02,0.04,99.6,124.7,88.4,91.2,28.05,30.09,27.19,27.59
73.56,2957,137.6,100,0,-0.1,3,6053,-0.02,0.04,99.5,124.7,88.3,91.1,28.05,30.09,27.19,27.59
73.6,2959,137.6,100,0,0.3,3,6055,0,0.04,99.5,124.7,88.3,91.1,28.05,30.09,27.19,27.59
73.64,2960,137.7,100,0,-0.4,3,6058,0,0.04,99.5,124.7,88.3,91.1,28.05,30.09,27.19,27.59
73.68,2962,137.7,100,0,0.1,3,6060,0,0.04,99.5,124.6,88.3,91.1,28.05,30.09,27.19,27.59
73.72,2964,137.8,100,0,-0.1,3,6063,0.04,0.04,99.5,124.6,88.3,91.1,28.05,30.08,27.19,27.59
73.76,2965,137.8,100,0,0.6,3,6065,0.01,0.04,99.5,124.6,88.3,91.1,28.05,30.08,27.19,27.59
73.8,2967,137.9,100,0,0.1,3,6068,-0.04,0.04,99.5,124.6,88.3,91.1,28.05,30.08,27.19,27.59
73.84,2968,138,100,0,-0.1,3,6070,-0.03,0.04,99.5,124.6,88.3,91.1,28.04,30.08,27.18,27.58
73.88,2970,138,100,0,0.6,3,6073,-0.01,0.04,99.4,124.6,88.2,91,28.04,30.08,27.18,27.58
73.92,2971,138.1,100,0,0,3,6076,0,0.04,99.4,124.6,88.2,91,28.04,30.08,27.18,27.58
73.96,2973,138.1,100,0,-0.2,3,6078,0.03,0.04,99.4,124.6,88.2,91,28.04,30.08,27.18,27.58
74,2974,138.2,100,0,-0.6,3,6081,-0.01,0.04,99.4,124.5,88.2,91,28.04,30.08,27.18,27.58
74.04,2976,138.3,100,0,0,3,6083,-0.01,0.04,99.4,124.5,88.2,91,28.04,30.08,27.18,27.58
74.08,2977,138.3,100,0,0.9,3,6086,0,0.04,99.4,124.5,88.2,91,28.04,30.08,27.18,27.58
74.12,2979,138.4,100,0,0.2,3,6088,0,0.04,99.4,124.5,88.2,91,28.04,30.08,27.18,27.58
74.16,2980,138.4,100,0,-0.3,3,6091,-0.02,0.04,99.4,124.5,88.2,91,28.04,30.08,27.18,27.58
74.2,2982,138.5,100,0,-0.4,3,6093,0.01,0.04,99.3,124.5,88.1,90.9,28.04,30.07,27.18,27.58
74.24,2984,138.5,100,0,0.5,3,6096,0.02,0.04,99.3,124.5,88.1,90.9,28.04,30.07,27.18,27.58
74.28,2985,138.6,100,0,0.5,3,6098,0,0.04,99.3,124.5,88.1,90.9,28.03,30.07,27.17,27.57
74.32,2987,138.7,100,0,0.3,3,6101,-0.01,0.04,99.3,124.5,88.1,90.9,28.03,30.07,27.17,27.57
74.36,2988,138.7,100,0,0.7,3,6103,0,0.04,99.3,124.4,88.1,90.9,28.03,30.07,27.17,27.57
74.4,2990,138.8,100,0,0.1,3,6106,-0.03,0.04,99.3,124.4,88.1,90.9,28.03,30.07,27.17,27.57
74.44,2991,138.8,100,0,0.4,3,6108,-0.02,0.04,99.3,124.4,88.1,90.9,28.03,30.07,27.17,27.57
74.48,2993,138.9,100,0,0.4,3,6111,-0.01,0.04,99.3,124.4,88.1,90.9,28.03,30.07,27.17,27.57
74.52,2994,138.9,100,0,0.6,3,6114,-0.01,0.04,99.3,124.4,88.1,90.9,28.03,30.07,27.17,27.57
74.56,2996,139,100,0,-0.6,3,6116,0.02,0.04,99.2,124.4,88,90.8,28.03,30.07,27.17,27.57
74.6,2997,139.1,100,0,-0.1,3,6119,0.03,0.04,99.2,124.4,88,90.8,28.03,30.07,27.17,27.57
74.64,2999,139.1,100,0,-0.8,3,6121,-0.02,0.04,99.2,124.4,88,90.8,28.03,30.06,27.17,27.57
74.68,3000,139.2,100,0,-0.3,3,6124,-0.01,0.04,99.2,124.3,88,90.8,28.03,30.06,27.17,27.57
74.72,3002,139.2,100,0,-0.2,3,6126,0,0.04,99.2,124.3,88,90.8,28.02,30.06,27.16,27.56
74.76,3004,139.3,100,0,0.2,3,6129,0.01,0.04,99.2,124.3,88,90.8,28.02,30.06,27.16,27.56
74.8,3005,139.3,100,0,0.3,3,6131,-0.01,0.04,99.2,124.3,88,90.8,28.02,30.06,27.16,27.56
74.84,3007,139.4,100,0,-0.2,3,6134,-0.01,0.04,99.2,124.3,88,90.8,28.02,30.06,27.16,27.56
74.88,3008,139.5,100,0,0.9,3,6136,-0.01,0.04,99.1,124.3,87.9,90.7,28.02,30.06,27.16,27.56
74.92,3010,139.5,100,0,-0.1,3,6139,-0.01,0.04,99.1,124.3,87.9,90.7,28.02,30.06,27.16,27.56
74.96,3011,139.6,100,0,-0.2,3,6141,0.01,0.04,99.1,124.3,87.9,90.7,28.02,30.06,27.16,27.56
75,3013,139.6,100,0,0,3,6144,0.03,0.04,99.1,124.2,87.9,90.7,28.02,30.06,27.16,27.56
75.04,3014,139.7,100,0,-0.3,3,6146,0.02,0.04,99.1,124.2,87.9,90.7,28.02,30.06,27.16,27.56
75.08,3016,139.8,100,0,0.1,3,6149,0.01,0.04,99.1,124.2,87.9,90.7,28.02,30.05,27.16,27.56
75.12,3018,139.8,100,0,0,3,6152,-0.04,0.04,99.1,124.2,87.9,90.7,28.02,30.05,27.16,27.56
75.16,3019,139.9,100,0,0.2,3,6154,-0.03,0.04,99.1,124.2,87.9,90.7,28.01,30.05,27.15,27.55
75.2,3021,139.9,100,0,0.1,3,6157,-0.01,0.04,99,124.2,87.8,90.6,28.01,30.05,27.15,27.55
75.24,3022,140,100,0,0,3,6159,-0.02,0.04,99,124.2,87.8,90.6,28.01,30.05,27.15,27.55
75.28,3024,140,100,0,0.3,3,6162,0.02,0.04,99,124.2,87.8,90.6,28.01,30.05,27.15,27.55
75.32,3025,140.1,100,0,-0.3,3,6164,-0.01,0.04,99,124.2,87.8,90.6,28.01,30.05,27.15,27.55
75.36,3027,140.2,100,0,-0.4,3,6167,0,0.04,99,124.1,87.8,90.6,28.01,30.05,27.15,27.55
75.4,3028,140.2,100,0,-0.4,3,6169,0.02,0.04,99,124.1,87.8,90.6,28.01,30.05,27.15,27.55
75.44,3030,140.3,100,0,0,3,6172,-0.02,0.04,99,124.1,87.8,90.6,28.01,30.05,27.15,27.55
75.48,3032,140.3,100,0,0,3,6174,-0.01,0.04,99,124.1,87.8,90.6,28.01,30.05,27.15,27.55
75.52,3033,140.4,100,0,-0.9,3,6177,0.03,0.04,99,124.1,87.8,90.6,28.01,30.04,27.15,27.55
75.56,3035,140.4,100,0,0.7,3,6179,-0.02,0.04,98.9,124.1,87.7,90.5,28.01,30.04,27.15,27.55
75.6,3036,140.5,100,0,1.1,3,6182,0,0.04,98.9,124.1,87.7,90.5,28,30.04,27.14,27.54
75.64,3038,140.6,100,0,-0.3,3,6185,-0.01,0.04,98.9,124.1,87.7,90.5,28,30.04,27.14,27.54
75.68,3039,140.6,100,0,0.1,3,6187,-0.01,0.04,98.9,124,87.7,90.5,28,30.04,27.14,27.54
75.72,3041,140.7,100,0,0.4,3,6190,0.01,0.04,98.9,124,87.7,90.5,28,30.04,27.14,27.54
75.76,3042,140.7,100,0,0.1,3,6192,0.01,0.04,98.9,124,87.7,90.5,28,30.04,27.14,27.54
75.8,3044,140.8,100,0,-0.7,3,6195,0.05,0.04,98.9,124,87.7,90.5,28,30.04,27.14,27.54
75.84,3046,140.8,100,0,0.2,3,6197,0.01,0.04,98.9,124,87.7,90.5,28,30.04,27.14,27.54
75.88,3047,140.9,100,0,-0.1,3,6200,0,0.04,98.8,124,87.6,90.4,28,30.04,27.14,27.54
75.92,3049,141,100,0,0.3,3,6202,0.03,0.04,98.8,124,87.6,90.4,28,30.04,27.14,27.54
75.96,3050,141,100,0,0.2,3,6205,0.01,0.04,98.8,124,87.6,90.4,28,30.03,27.14,27.54
76,3052,141.1,100,0,0.2,3,6207,0.02,0.04,98.8,123.9,87.6,90.4,28,30.03,27.14,27.54
76.04,3053,141.1,100,0,-0.1,3,6210,-0.02,0.04,98.8,123.9,87.6,90.4,27.99,30.03,27.13,27.53
76.08,3055,141.2,100,0,0.6,3,6212,-0.01,0.04,98.8,123.9,87.6,90.4,27.99,30.03,27.13,27.53
76.12,3057,141.2,100,0,-0.2,3,6215,-0.03,0.04,98.8,123.9,87.6,90.4,27.99,30.03,27.13,27.53
76.16,3058,141.3,100,0,0.1,3,6217,-0.02,0.04,98.8,123.9,87.6,90.4,27.99,30.03,27.13,27.53
76.2,3060,141.4,100,0,-0.4,3,6220,-0.03,0.04,98.7,123.9,87.5,90.3,27.99,30.03,27.13,27.53
76.24,3061,141.4,100,0,0.3,3,6223,0.02,0.04,98.7,123.9,87.5,90.3,27.99,30.03,27.13,27.53
76.28,3063,141.5,100,0,0.1,3,6225,-0.02,0.04,98.7,123.9,87.5,90.3,27.99,30.03,27.13,27.53
76.32,3064,141.5,100,0,0.1,3,6228,0.01,0.04,98.7,123.9,87.5,90.3,27.99,30.03,27.13,27.53
76.36,3066,141.6,100,0,0,3,6230,0,0.04,98.7,123.8,87.5,90.3,27.99,30.03,27.13,27.53
76.4,3068,141.7,100,0,-0.2,3,6233,0.02,0.04,98.7,123.8,87.5,90.3,27.99,30.02,27.13,27.53
76.44,3069,141.7,100,0,-0.7,3,6235,0,0.04,98.7,123.8,87.5,90.3,27.99,30.02,27.13,27.53
76.48,3071,141.8,100,0,-0.5,3,6238,0.01,0.04,98.7,123.8,87.5,90.3,27.98,30.02,27.12,27.52
76.52,3072,141.8,100,0,-0.4,3,6240,0.01,0.04,98.7,123.8,87.5,90.3,27.98,30.02,27.12,27.52
76.56,3074,141.9,100,0,0.4,3,6243,-0.02,0.04,98.6,123.8,87.4,90.2,27.98,30.02,27.12,27.52
76.6,3075,141.9,100,0,0.1,3,6245,0.01,0.04,98.6,123.8,87.4,90.2,27.98,30.02,27.12,27.52
76.64,3077,142,100,0,0.5,3,6248,0,0.04,98.6,123.8,87.4,90.2,27.98,30.02,27.12,27.52
76.68,3079,142.1,100,0,0.4,3,6250,0.02,0.04,98.6,123.7,87.4,90.2,27.98,30.02,27.12,27.52
76.72,3080,142.1,100,0,-0.1,3,6253,-0.02,0.04,98.6,123.7,87.4,90.2,27.98,30.02,27.12,27.52
76.76,3082,142.2,100,0,0,3,6255,0.01,0.04,98.6,123.7,87.4,90.2,27.98,30.02,27.12,27.52
76.8,3083,142.2,100,0,-0.5,3,6258,0.01,0.04,98.6,123.7,87.4,90.2,27.98,30.02,27.12,27.52
76.84,3085,142.3,100,0,-0.1,3,6261,-0.03,0.04,98.6,123.7,87.4,90.2,27.98,30.01,27.12,27.52
76.88,3086,142.3,100,0,0,3,6263,-0.01,0.04,98.5,123.7,87.3,90.1,27.98,30.01,27.12,27.52
76.92,3088,142.4,100,0,-0.2,3,6266,0,0.04,98.5,123.7,87.3,90.1,27.97,30.01,27.11,27.51
76.96,3090,142.5,100,0,-0.1,3,6268,0.01,0.04,98.5,123.7,87.3,90.1,27.97,30.01,27.11,27.51
77,3091,142.5,100,0,-0.1,3,6271,0.02,0.04,98.5,123.6,87.3,90.1,27.97,30.01,27.11,27.51
77.04,3093,142.6,100,0,-0.2,3,6273,-0.02,0.04,98.5,123.6,87.3,90.1,27.97,30.01,27.11,27.51
77.08,3094,142.6,100,0,-0.7,3,6276,-0.04,0.04,98.5,123.6,87.3,90.1,27.97,30.01,27.11,27.51
77.12,3096,142.7,100,0,-0.4,3,6278,-0.01,0.04,98.5,123.6,87.3,90.1,27.97,30.01,27.11,27.51
77.16,3098,142.7,100,0,-0.2,3,6281,-0.03,0.04,98.5,123.6,87.3,90.1,27.97,30.01,27.11,27.51
77.2,3099,142.8,100,0,1.1,3,6283,-0.02,0.04,98.4,123.6,87.2,90,27.97,30.01,27.11,27.51
77.24,3101,142.9,100,0,0,3,6286,0.01,0.04,98.4,123.6,87.2,90,27.97,30.01,27.11,27.51
77.28,3102,142.9,100,0,-0.4,3,6288,-0.02,0.04,98.4,123.6,87.2,90,27.97,30,27.11,27.51
77.32,3104,143,100,0,0.1,3,6291,-0.02,0.04,98.4,123.6,87.2,90,27.97,30,27.11,27.51
77.36,3105,143,100,0,0.2,3,6293,0.05,0.04,98.4,123.5,87.2,90,27.97,30,27.1,27.5
77.4,3107,143.1,100,0,0,3,6296,-0.01,0.04,98.4,123.5,87.2,90,27.96,30,27.1,27.5
77.44,3109,143.1,100,0,0,3,6299,0.02,0.04,98.4,123.5,87.2,90,27.96,30,27.1,27.5
77.48,3110,143.2,100,0,0.3,3,6301,0.04,0.04,98.4,123.5,87.2,90,27.96,30,27.1,27.5
77.52,3112,143.3,100,0,0.1,3,6304,-0.02,0.04,98.4,123.5,87.2,90,27.96,30,27.1,27.5
77.56,3113,143.3,100,0,-0.8,3,6306,0.01,0.04,98.3,123.5,87.1,89.9,27.96,30,27.1,27.5
77.6,3115,143.4,100,0,0.6,3,6309,0,0.04,98.3,123.5,87.1,89.9,27.96,30,27.1,27.5
77.64,3117,143.4,100,0,0,3,6311,0,0.04,98.3,123.5,87.1,89.9,27.96,30,27.1,27.5
77.68,3118,143.5,100,0,0.1,3,6314,0.02,0.04,98.3,123.4,87.1,89.9,27.96,30,27.1,27.5
77.72,3120,143.6,100,0,-0.1,3,6316,0.01,0.04,98.3,123.4,87.1,89.9,27.96,29.99,27.1,27.5
77.76,3121,143.6,100,0,-0.6,3,6319,0,0.04,98.3,123.4,87.1,89.9,27.96,29.99,27.1,27.5
77.8,3123,143.7,100,0,0.1,3,6321,-0.03,0.04,98.3,123.4,87.1,89.9,27.96,29.99,27.1,27.5
77.84,3125,143.7,100,0,0.3,3,6324,0.02,0.04,98.3,123.4,87.1,89.9,27.95,29.99,27.09,27.49
77.88,3126,143.8,100,0,0.6,3,6326,0.02,0.04,98.2,123.4,87,89.8,27.95,29.99,27.09,27.49
77.92,3128,143.8,100,0,0.4,3,6329,-0.01,0.04,98.2,123.4,87,89.8,27.95,29.99,27.09,27.49
77.96,3129,143.9,100,0,-0.1,3,6331,0,0.04,98.2,123.4,87,89.8,27.95,29.99,27.09,27.49
78,3131,144,100,0,0.5,3,6334,-0.01,0.04,98.2,123.3,87,89.8,27.95,29.99,27.09,27.49
78.04,3133,144,100,0,0.1,3,6337,0,0.04,98.2,123.3,87,89.8,27.95,29.99,27.09,27.49
78.08,3134,144.1,100,0,-0.6,3,6339,0.01,0.04,98.2,123.3,87,89.8,27.95,29.99,27.09,27.49
78.12,3136,144.1,100,0,-0.2,3,6342,0,0.04,98.2,123.3,87,89.8,27.95,29.99,27.09,27.49
78.16,3137,144.2,100,0,0.3,3,6344,0.05,0.04,98.2,123.3,87,89.8,27.95,29.99,27.09,27.49
78.2,3139,144.2,100,0,-0.6,3,6347,0.02,0.04,98.1,123.3,86.9,89.7,27.95,29.98,27.09,27.49
78.24,3141,144.3,100,0,0.4,3,6349,0,0.04,98.1,123.3,86.9,89.7,27.95,29.98,27.09,27.49
78.28,3142,144.4,100,0,-0.2,3,6352,0.03,0.04,98.1,123.3,86.9,89.7,27.94,29.98,27.08,27.48
78.32,3144,144.4,100,0,0.3,3,6354,-0.01,0.04,98.1,123.3,86.9,89.7,27.94,29.98,27.08,27.48
78.36,3145,144.5,100,0,-0.2,3,6357,0.02,0.04,98.1,123.2,86.9,89.7,27.94,29.98,27.08,27.48
78.4,3147,144.5,100,0,-0.3,3,6359,-0.01,0.04,98.1,123.2,86.9,89.7,27.94,29.98,27.08,27.48
78.44,3149,144.6,100,0,0.2,3,6362,0.02,0.04,98.1,123.2,86.9,89.7,27.94,29.98,27.08,27.48
78.48,3150,144.6,100,0,-0.8,3,6364,-0.01,0.04,98.1,123.2,86.9,89.7,27.94,29.98,27.08,27.48
78.52,3152,144.7,100,0,0,3,6367,-0.01,0.04,98.1,123.2,86.9,89.7,27.94,29.98,27.08,27.48
78.56,3153,144.8,100,0,0.3,3,6370,-0.02,0.04,98,123.2,86.8,89.6,27.94,29.98,27.08,27.48
78.6,3155,144.8,100,0,-0.7,3,6372,-0.01,0.04,98,123.2,86.8,89.6,27.94,29.98,27.08,27.48
78.64,3157,144.9,100,0,-0.8,3,6375,0.01,0.04,98,123.2,86.8,89.6,27.94,29.97,27.08,27.48
78.68,3158,144.9,100,0,-0.2,3,6377,0,0.04,98,123.1,86.8,89.6,27.94,29.97,27.08,27.48
78.72,3160,145,100,0,0,3,6380,0.01,0.04,98,123.1,86.8,89.6,27.93,29.97,27.07,27.47
78.76,3162,145,100,0,-0.4,3,6382,0.02,0.04,98,123.1,86.8,89.6,27.93,29.97,27.07,27.47
78.8,3163,145.1,100,0,0.3,3,6385,-0.01,0.04,98,123.1,86.8,89.6,27.93,29.97,27.07,27.47
78.84,3165,145.2,100,0,0.3,3,6387,-0.03,0.04,98,123.1,86.8,89.6,27.93,29.97,27.07,27.47
78.88,3166,145.2,100,0,0.3,3,6390,0.01,0.04,97.9,123.1,86.7,89.5,27.93,29.97,27.07,27.47
78.92,3168,145.3,100,0,-1.2,3,6392,-0.02,0.04,97.9,123.1,86.7,89.5,27.93,29.97,27.07,27.47
78.96,3170,145.3,100,0,0.7,3,6395,-0.02,0.04,97.9,123.1,86.7,89.5,27.93,29.97,27.07,27.47
79,3171,145.4,100,0,-0.2,3,6397,-0.01,0.04,97.9,123,86.7,89.5,27.93,29.97,27.07,27.47
79.04,3173,145.5,100,0,-0.7,3,6400,-0.01,0.04,97.9,123,86.7,89.5,27.93,29.97,27.07,27.47
79.08,3174,145.5,100,0,0,3,6402,-0.01,0.04,97.9,123,86.7,89.5,27.93,29.96,27.07,27.47
79.12,3176,145.6,100,0,0.2,3,6405,0,0.04,97.9,123,86.7,89.5,27.93,29.96,27.07,27.47
79.16,3178,145.6,100,0,-0.2,3,6408,-0.01,0.04,97.9,123,86.7,89.5,27.92,29.96,27.06,27.46
79.2,3179,145.7,100,0,0.6,3,6410,0,0.04,97.8,123,86.6,89.4,27.92,29.96,27.06,27.46
79.24,3181,145.7,100,0,-0.2,3,6413,0.02,0.04,97.8,123,86.6,89.4,27.92,29.96,27.06,27.46
79.28,3183,145.8,100,0,0.6,3,6415,0.02,0.04,97.8,123,86.6,89.4,27.92,29.96,27.06,27.46
79.32,3184,145.9,100,0,0.1,3,6418,-0.02,0.04,97.8,123,86.6,89.4,27.92,29.96,27.06,27.46
79.36,3186,145.9,100,0,0.3,3,6420,0.02,0.04,97.8,122.9,86.6,89.4,27.92,29.96,27.06,27.46
79.4,3187,146,100,0,0.1,3,6423,-0.03,0.04,97.8,122.9,86.6,89.4,27.92,29.96,27.06,27.46
79.44,3189,146,100,0,-0.4,3,6425,0.01,0.04,97.8,122.9,86.6,89.4,27.92,29.96,27.06,27.46
79.48,3191,146.1,100,0,0.4,3,6428,0.02,0.04,97.8,122.9,86.6,89.4,27.92,29.96,27.06,27.46
79.52,3192,146.1,100,0,0.5,3,6430,0,0.04,97.8,122.9,86.6,89.4,27.92,29.95,27.06,27.46
79.56,3194,146.2,100,0,-0.1,3,6433,-0.04,0.04,97.7,122.9,86.5,89.3,27.92,29.95,27.06,27.46
79.6,3195,146.3,100,0,-1,3,6435,-0.02,0.04,97.7,122.9,86.5,89.3,27.91,29.95,27.05,27.45
79.64,3197,146.3,100,0,-0.4,3,6438,0.02,0.04,97.7,122.9,86.5,89.3,27.91,29.95,27.05,27.45
79.68,3199,146.4,100,0,-0.2,3,6440,-0.02,0.04,97.7,122.8,86.5,89.3,27.91,29.95,27.05,27.45
79.72,3200,146.4,100,0,0.1,3,6443,0.01,0.04,97.7,122.8,86.5,89.3,27.91,29.95,27.05,27.45
79.76,3202,146.5,100,0,0,3,6446,-0.01,0.04,97.7,122.8,86.5,89.3,27.91,29.95,27.05,27.45
79.8,3204,146.5,100,0,-0.3,3,6448,0.02,0.04,97.7,122.8,86.5,89.3,27.91,29.95,27.05,27.45
79.84,3205,146.6,100,0,-0.4,3,6451,-0.01,0.04,97.7,122.8,86.5,89.3,27.91,29.95,27.05,27.45
79.88,3207,146.7,100,0,-0.5,3,6453,-0.02,0.04,97.6,122.8,86.4,89.2,27.91,29.95,27.05,27.45
79.92,3209,146.7,100,0,0.5,3,6456,0.02,0.04,97.6,122.8,86.4,89.2,27.91,29.95,27.05,27.45
79.96,3210,146.8,100,0,0.1,3,6458,0.01,0.04,97.6,122.8,86.4,89.2,27.91,29.94,27.05,27.45
80,3212,146.8,100,0,0.2,3,6461,-0.02,0.04,97.6,122.7,86.4,89.2,27.91,29.94,27.05,27.45
80.04,3213,146.9,100,0,0.1,3,6463,-0.01,0.04,97.6,122.7,86.4,89.2,27.9,29.94,27.04,27.44
80.08,3215,147,100,0,-0.2,3,6466,0.01,0.04,97.6,122.7,86.4,89.2,27.9,29.94,27.04,27.44
80.12,3217,147,100,0,0.9,3,6468,-0.01,0.04,97.6,122.7,86.4,89.2,27.9,29.94,27.04,27.44
80.16,3218,147.1,100,0,-0.7,3,6471,0.01,0.04,97.6,122.7,86.4,89.2,27.9,29.94,27.04,27.44
80.2,3220,147.1,100,0,-0.3,3,6473,0.02,0.04,97.5,122.7,86.3,89.1,27.9,29.94,27.04,27.44
80.24,3222,147.2,100,0,-0.6,3,6476,0.01,0.04,97.5,122.7,86.3,89.1,27.9,29.94,27.04,27.44
80.28,3223,147.2,100,0,0.9,3,6478,0.01,0.04,97.5,122.7,86.3,89.1,27.9,29.94,27.04,27.44
80.32,3225,147.3,100,0,-0.2,3,6481,0.01,0.04,97.5,122.7,86.3,89.1,27.9,29.94,27.04,27.44
80.36,3226,147.4,100,0,-0.1,3,6484,0,0.04,97.5,122.6,86.3,89.1,27.9,29.94,27.04,27.44
80.4,3228,147.4,100,0,0.2,3,6486,0,0.04,97.5,122.6,86.3,89.1,27.9,29.93,27.04,27.44
80.44,3230,147.5,100,0,0.2,3,6489,0,0.04,97.5,122.6,86.3,89.1,27.9,29.93,27.04,27.44
80.48,3231,147.5,100,0,0.6,3,6491,0.02,0.04,97.5,122.6,86.3,89.1,27.89,29.93,27.03,27.43
80.52,3233,147.6,100,0,-0.3,3,6494,-0.02,0.04,97.5,122.6,86.3,89.1,27.89,29.93,27.03,27.43
80.56,3235,147.6,100,0,-0.1,3,6496,-0.02,0.04,97.4,122.6,86.2,89,27.89,29.93,27.03,27.43
80.6,3236,147.7,100,0,0.1,3,6499,0,0.04,97.4,122.6,86.2,89,27.89,29.93,27.03,27.43
80.64,3238,147.8,100,0,0.1,3,6501,0,0.04,97.4,122.6,86.2,89,27.89,29.93,27.03,27.43
80.68,3240,147.8,100,0,0.5,3,6504,0,0.04,97.4,122.5,86.2,89,27.89,29.93,27.03,27.43
80.72,3241,147.9,100,0,0,3,6506,-0.01,0.04,97.4,122.5,86.2,89,27.89,29.93,27.03,27.43
80.76,3243,147.9,100,0,-0.1,3,6509,0.01,0.04,97.4,122.5,86.2,89,27.89,29.93,27.03,27.43
80.8,3245,148,100,0,0,3,6511,0,0.04,97.4,122.5,86.2,89,27.89,29.93,27.03,27.43
80.84,3246,148,100,0,0,3,6514,-0.01,0.04,97.4,122.5,86.2,89,27.89,29.92,27.03,27.43
80.88,3248,148.1,100,0,-0.1,3,6517,0.01,0.04,97.3,122.5,86.1,88.9,27.89,29.92,27.03,27.43
80.92,3249,148.2,100,0,0.3,3,6519,-0.01,0.04,97.3,122.5,86.1,88.9,27.88,29.92,27.02,27.42
80.96,3251,148.2,100,0,-0.7,3,6522,0.05,0.04,97.3,122.5,86.1,88.9,27.88,29.92,27.02,27.42
81,3253,148.3,100,0,0,3,6524,0.01,0.04,97.3,122.4,86.1,88.9,27.88,29.92,27.02,27.42
81.04,3254,148.3,100,0,0.1,3,6527,-0.02,0.04,97.3,122.4,86.1,88.9,27.88,29.92,27.02,27.42
81.08,3256,148.4,100,0,-0.3,3,6529,-0.01,0.04,97.3,122.4,86.1,88.9,27.88,29.92,27.02,27.42
81.12,3258,148.4,100,0,-0.9,3,6532,0,0.04,97.3,122.4,86.1,88.9,27.88,29.92,27.02,27.42
81.16,3259,148.5,100,0,-0.1,3,6534,0.01,0.04,97.3,122.4,86.1,88.9,27.88,29.92,27.02,27.42
81.2,3261,148.6,100,0,0.1,3,6537,-0.02,0.04,97.2,122.4,86,88.8,27.88,29.92,27.02,27.42
81.24,3263,148.6,100,0,-0.1,3,6539,0,0.04,97.2,122.4,86,88.8,27.88,29.92,27.02,27.42
81.28,3264,148.7,100,0,-0.3,3,6542,0.01,0.04,97.2,122.4,86,88.8,27.88,29.91,27.02,27.42
81.32,3266,148.7,100,0,0.1,3,6544,-0.04,0.04,97.2,122.4,86,88.8,27.88,29.91,27.02,27.42
81.36,3268,148.8,100,0,-0.4,3,6547,0.02,0.04,97.2,122.3,86,88.8,27.88,29.91,27.01,27.41
81.4,3269,148.9,100,0,1,3,6549,-0.01,0.04,97.2,122.3,86,88.8,27.87,29.91,27.01,27.41
81.44,3271,148.9,100,0,-0.4,3,6552,0.02,0.04,97.2,122.3,86,88.8,27.87,29.91,27.01,27.41
81.48,3273,149,100,0,-0.5,3,6555,-0.01,0.04,97.2,122.3,86,88.8,27.87,29.91,27.01,27.41
81.52,3274,149,100,0,0,3,6557,0,0.04,97.2,122.3,86,88.8,27.87,29.91,27.01,27.41
81.56,3276,149.1,100,0,-0.6,3,6560,-0.01,0.04,97.1,122.3,85.9,88.7,27.87,29.91,27.01,27.41
81.6,3278,149.1,100,0,0.7,3,6562,0.02,0.04,97.1,122.3,85.9,88.7,27.87,29.91,27.01,27.41
81.64,3279,149.2,100,0,0.6,3,6565,-0.01,0.04,97.1,122.3,85.9,88.7,27.87,29.91,27.01,27.41
81.68,3281,149.3,100,0,0.5,3,6567,-0.03,0.04,97.1,122.2,85.9,88.7,27.87,29.91,27.01,27.41
81.72,3282,149.3,100,0,-0.1,3,6570,0,0.04,97.1,122.2,85.9,88.7,27.87,29.9,27.01,27.41
81.76,3284,149.4,100,0,-0.3,3,6572,0.01,0.04,97.1,122.2,85.9,88.7,27.87,29.9,27.01,27.41
81.8,3286,149.4,100,0,0,3,6575,0.03,0.04,97.1,122.2,85.9,88.7,27.87,29.9,27.01,27.41
81.84,3287,149.5,100,0,-0.1,3,6577,0.01,0.04,97.1,122.2,85.9,88.7,27.86,29.9,27,27.4
81.88,3289,149.5,100,0,-1,3,6580,-0.03,0.04,97,122.2,85.8,88.6,27.86,29.9,27,27.4
81.92,3291,149.6,100,0,0.1,3,6582,0.01,0.04,97,122.2,85.8,88.6,27.86,29.9,27,27.4
81.96,3292,149.7,100,0,0.3,3,6585,-0.01,0.04,97,122.2,85.8,88.6,27.86,29.9,27,27.4
82,3294,149.7,100,0,-0.5,3,6587,0.01,0.04,97,122.1,85.8,88.6,27.86,29.9,27,27.4
82.04,3296,149.8,100,0,0.1,3,6590,0.02,0.04,97,122.1,85.8,88.6,27.86,29.9,27,27.4
82.08,3297,149.8,100,0,-0.4,3,6593,-0.03,0.04,97,122.1,85.8,88.6,27.86,29.9,27,27.4
82.12,3299,149.9,100,0,0.4,3,6595,0,0.04,97,122.1,85.8,88.6,27.86,29.9,27,27.4
82.16,3301,149.9,100,0,-0.2,3,6598,0,0.04,97,122.1,85.8,88.6,27.86,29.9,27,27.4
82.2,3302,150,100,0,0,3,6600,0,0.04,96.9,122.1,85.7,88.5,27.86,29.89,27,27.4
82.24,3304,150.1,100,0,-0.8,3,6603,-0.02,0.04,96.9,122.1,85.7,88.5,27.86,29.89,27,27.4
82.28,3306,150.1,100,0,0.2,3,6605,0.04,0.04,96.9,122.1,85.7,88.5,27.85,29.89,26.99,27.39
82.32,3307,150.2,100,0,0.2,3,6608,0,0.04,96.9,122.1,85.7,88.5,27.85,29.89,26.99,27.39
82.36,3309,150.2,100,0,-0.3,3,6610,0,0.04,96.9,122,85.7,88.5,27.85,29.89,26.99,27.39
82.4,3311,150.3,100,0,-0.3,3,6613,0.02,0.04,96.9,122,85.7,88.5,27.85,29.89,26.99,27.39
82.44,3312,150.3,100,0,-0.5,3,6615,0,0.04,96.9,122,85.7,88.5,27.85,29.89,26.99,27.39
82.48,3314,150.4,100,0,-0.4,3,6618,-0.01,0.04,96.9,122,85.7,88.5,27.85,29.89,26.99,27.39
82.52,3316,150.5,100,0,0.1,3,6620,0,0.04,96.9,122,85.7,88.5,27.85,29.89,26.99,27.39
82.56,3317,150.5,100,0,0.1,3,6623,-0.02,0.04,96.8,122,85.6,88.4,27.85,29.89,26.99,27.39
82.6,3319,150.6,100,0,0.2,3,6625,-0.01,0.04,96.8,122,85.6,88.4,27.85,29.89,26.99,27.39
82.64,3321,150.6,100,0,-0.2,3,6628,0.01,0.04,96.8,122,85.6,88.4,27.85,29.88,26.99,27.39
82.68,3322,150.7,100,0,0.4,3,6631,-0.01,0.04,96.8,121.9,85.6,88.4,27.85,29.88,26.99,27.39
82.72,3324,150.8,100,0,-0.7,3,6633,0,0.04,96.8,121.9,85.6,88.4,27.84,29.88,26.98,27.38
82.76,3326,150.8,100,0,0.1,3,6636,0,0.04,96.8,121.9,85.6,88.4,27.84,29.88,26.98,27.38
82.8,3328,150.9,100,0,0.4,3,6638,0.01,0.04,96.8,121.9,85.6,88.4,27.84,29.88,26.98,27.38
82.84,3329,150.9,100,0,-0.3,3,6641,0.03,0.04,96.8,121.9,85.6,88.4,27.84,29.88,26.98,27.38
82.88,3331,151,100,0,-0.2,3,6643,0.01,0.04,96.7,121.9,85.5,88.3,27.84,29.88,26.98,27.38
82.92,3333,151,100,0,0.3,3,6646,0.02,0.04,96.7,121.9,85.5,88.3,27.84,29.88,26.98,27.38
82.96,3334,151.1,100,0,0.5,3,6648,-0.01,0.04,96.7,121.9,85.5,88.3,27.84,29.88,26.98,27.38
83,3336,151.2,100,0,0.7,3,6651,0.03,0.04,96.7,121.8,85.5,88.3,27.84,29.88,26.98,27.38
83.04,3338,151.2,100,0,0.6,3,6653,-0.02,0.04,96.7,121.8,85.5,88.3,27.84,29.88,26.98,27.38
83.08,3339,151.3,100,0,-0.3,3,6656,0,0.04,96.7,121.8,85.5,88.3,27.84,29.87,26.98,27.38
83.12,3341,151.3,100,0,0.6,3,6658,-0.01,0.04,96.7,121.8,85.5,88.3,27.84,29.87,26.98,27.38
83.16,3343,151.4,100,0,-0.5,3,6661,-0.03,0.04,96.7,121.8,85.5,88.3,27.83,29.87,26.97,27.37
83.2,3344,151.4,100,0,-0.3,3,6664,-0.01,0.04,96.6,121.8,85.4,88.2,27.83,29.87,26.97,27.37
83.24,3346,151.5,100,0,0.6,3,6666,-0.01,0.04,96.6,121.8,85.4,88.2,27.83,29.87,26.97,27.37
83.28,3348,151.6,100,0,-0.2,3,6669,-0.03,0.04,96.6,121.8,85.4,88.2,27.83,29.87,26.97,27.37
83.32,3349,151.6,100,0,-0.3,3,6671,0.01,0.04,96.6,121.8,85.4,88.2,27.83,29.87,26.97,27.37
83.36,3351,151.5,0,5,-1.1,3,6665,0,-1.85,96.7,121.8,85.4,88.2,27.84,29.87,26.97,27.37
83.4,3353,151.1,0,12,-0.2,3,6649,0,-1.85,96.9,121.8,85.4,88.2,27.85,29.87,26.97,27.37
83.44,3354,150.5,0,20,-0.1,3,6622,0,-1.85,97,121.9,85.4,88.2,27.86,29.88,26.97,27.37
83.48,3356,149.7,0,27,1,3,6587,0,-1.85,97.1,121.9,85.4,88.2,27.87,29.88,26.97,27.37
83.52,3358,148.6,0,35,0.6,3,6540,0,-1.85,97.2,122,85.4,88.2,27.88,29.88,26.97,27.37
83.56,3359,147.4,0,42,0.3,3,6485,0,-1.85,97.3,122,85.4,88.2,27.88,29.89,26.97,27.37
83.6,3361,145.9,0,50,1.4,3,6419,0,-1.85,97.5,122,85.4,88.2,27.89,29.89,26.97,27.37
83.64,3363,144.2,0,57,-1.9,3,6344,0,-1.85,97.6,122.1,85.4,88.2,27.9,29.89,26.97,27.37
83.68,3364,142.3,0,64,0.3,3,6259,0,-1.85,97.7,122.1,85.4,88.2,27.91,29.9,26.97,27.37
83.72,3366,140.1,0,71,-1.2,3,6166,0,-1.85,97.8,122.2,85.4,88.2,27.92,29.9,26.97,27.37
83.76,3367,137.8,0,78,0.2,3,6063,0,-1.85,97.9,122.2,85.4,88.2,27.93,29.9,26.97,27.37
83.8,3369,135.2,0,85,0.1,3,5950,0,-1.85,98.1,122.2,85.4,88.2,27.94,29.9,26.97,27.37
83.84,3370,132.6,0,88,0.2,2,7558,0,-1.85,98.2,122.3,85.4,88.2,27.95,29.91,26.97,27.37
83.88,3372,130,0,88,-0.2,2,7407,0,-1.85,98.3,122.3,85.4,88.2,27.96,29.91,26.97,27.37
83.92,3373,127.3,0,88,-1.4,2,7257,0,-1.85,98.4,122.4,85.4,88.2,27.97,29.91,26.97,27.37
83.96,3375,124.7,0,88,0,2,7107,0,-1.85,98.5,122.4,85.4,88.2,27.97,29.92,26.97,27.37
84,3376,122,0,88,-0.1,2,6956,0,-1.85,98.7,122.4,85.4,88.2,27.98,29.92,26.97,27.37
84.04,3377,120,0,88,-1,2,6840,0,-1.85,98.8,122.5,85.4,88.2,27.99,29.92,26.97,27.37
84.08,3379,120,0,88,-1.1,2,6840,0,-1.85,98.9,122.5,85.4,88.2,28,29.93,26.97,27.37
84.12,3380,120,0,88,-0.6,2,6840,0,-1.85,99,122.6,85.4,88.2,28.01,29.93,26.97,27.37
84.16,3381,120,0,88,-0.6,2,6840,0,-1.85,99.1,122.6,85.4,88.2,28.02,29.93,26.97,27.37
84.2,3383,120,0,88,-0.9,2,6840,0,-1.85,99.3,122.6,85.4,88.2,28.03,29.93,26.97,27.37
84.24,3384,120,0,88,0,2,6840,0,-1.85,99.4,122.7,85.4,88.2,28.04,29.94,26.97,27.37
84.28,3385,120,0,88,-0.6,2,6840,0,-1.85,99.5,122.7,85.4,88.2,28.05,29.94,26.97,27.37
84.32,3387,120,0,88,0.3,2,6840,0,-1.85,99.6,122.8,85.4,88.2,28.06,29.94,26.97,27.37
84.36,3388,120,0,88,0.1,2,6840,0,-1.85,99.7,122.8,85.4,88.2,28.06,29.95,26.97,27.37
84.4,3389,120,0,88,-0.7,2,6840,0,-1.85,99.9,122.8,85.4,88.2,28.07,29.95,26.97,27.37
84.44,3391,120,0,88,1.4,2,6840,0,-1.85,100,122.9,85.4,88.2,28.08,29.95,26.97,27.37
84.48,3392,120,0,88,0,2,6840,0,-1.85,100.1,122.9,85.4,88.2,28.09,29.96,26.97,27.37
84.52,3393,120,0,88,0.5,2,6840,0,-1.85,100.2,123,85.4,88.2,28.1,29.96,26.97,27.37
84.56,3395,120,0,88,1.2,2,6840,0,-1.85,100.3,123,85.4,88.2,28.11,29.96,26.97,27.37
84.6,3396,120,0,88,1.6,2,6840,0,-1.85,100.5,123,85.4,88.2,28.12,29.96,26.97,27.37
84.64,3397,120,0,88,0.1,2,6840,0,-1.85,100.6,123.1,85.4,88.2,28.13,29.97,26.97,27.37
84.68,3399,120,0,88,-0.7,2,6840,0,-1.85,100.7,123.1,85.4,88.2,28.14,29.97,26.97,27.37
84.72,3400,120,0,88,-0.1,2,6840,0,-1.85,100.8,123.2,85.4,88.2,28.15,29.97,26.97,27.37
84.76,3401,120,0,88,-1.3,2,6840,0,-1.85,100.9,123.2,85.4,88.2,28.15,29.98,26.97,27.37
84.8,3403,120,0,88,0,2,6840,0,-1.85,101.1,123.2,85.4,88.2,28.16,29.98,26.97,27.37
84.84,3404,120,0,88,0.5,2,6840,0,-1.85,101.2,123.3,85.4,88.2,28.17,29.98,26.97,27.37
84.88,3405,120,0,88,-0.4,2,6840,0,-1.85,101.3,123.3,85.4,88.2,28.18,29.99,26.97,27.37
84.92,3407,120,0,88,-0.2,2,6840,0,-1.85,101.4,123.4,85.4,88.2,28.19,29.99,26.97,27.37
84.96,3408,120,0,88,0.4,2,6840,0,-1.85,101.5,123.4,85.4,88.2,28.2,29.99,26.97,27.37
85,3409,120,0,86,1.5,2,6840,0.03,-1.38,101.7,123.4,85.4,88.2,28.21,29.99,26.97,27.37
85.04,3411,120,0,84,3.3,2,6840,0.07,-1.35,101.8,123.5,85.4,88.2,28.22,30,26.97,27.37
85.08,3412,120,0,82,4.9,2,6840,0.11,-1.33,101.9,123.5,85.4,88.2,28.23,30,26.97,27.37
85.12,3413,120,0,80,6.9,2,6840,0.15,-1.3,102,123.6,85.4,88.2,28.24,30,26.97,27.37
85.16,3415,120,0,77,7.6,2,6840,0.19,-1.28,102.1,123.6,85.4,88.2,28.24,30.01,26.97,27.37
85.2,3416,120,0,75,9.5,2,6840,0.22,-1.25,102.3,123.6,85.4,88.2,28.25,30.01,26.97,27.37
85.24,3417,120,0,73,11.7,2,6840,0.26,-1.22,102.4,123.7,85.4,88.2,28.26,30.01,26.97,27.37
85.28,3419,120,0,71,13.2,2,6840,0.3,-1.2,102.5,123.7,85.4,88.2,28.27,30.02,26.97,27.37
85.32,3420,120,0,69,14.9,2,6840,0.34,-1.17,102.6,123.8,85.4,88.2,28.28,30.02,26.97,27.37
85.36,3421,120,0,66,16.3,2,6840,0.38,-1.15,102.7,123.8,85.4,88.2,28.29,30.02,26.97,27.37
85.4,3423,120,0,64,17.6,2,6840,0.42,-1.12,102.9,123.8,85.4,88.2,28.3,30.02,26.97,27.37
85.44,3424,120,0,62,18.6,2,6840,0.46,-1.09,103,123.9,85.4,88.2,28.31,30.03,26.97,27.37
85.48,3425,120,0,60,21.5,2,6840,0.5,-1.07,103.1,123.9,85.4,88.2,28.32,30.03,26.97,27.37
85.52,3427,120,0,58,22.6,2,6840,0.54,-1.04,103.2,124,85.4,88.2,28.33,30.03,26.97,27.37
85.56,3428,120,0,56,24.1,2,6840,0.58,-1.02,103.3,124,85.4,88.2,28.33,30.04,26.97,27.37
85.6,3429,120,0,54,24.9,2,6840,0.62,-0.99,103.5,124,85.4,88.2,28.34,30.04,26.97,27.37
85.64,3431,120,0,52,27.1,2,6840,0.66,-0.96,103.6,124.1,85.4,88.2,28.35,30.04,26.97,27.37
85.68,3432,120,0,50,27.5,2,6840,0.69,-0.94,103.7,124.1,85.4,88.2,28.36,30.05,26.97,27.37
85.72,3433,120,0,48,28.6,2,6840,0.73,-0.91,103.8,124.2,85.4,88.2,28.37,30.05,26.97,27.37
85.76,3435,120,0,46,30.5,2,6840,0.77,-0.88,103.9,124.2,85.4,88.2,28.38,30.05,26.97,27.37
85.8,3436,120,0,44,31.2,2,6840,0.81,-0.86,104.1,124.2,85.4,88.2,28.39,30.05,26.97,27.37
85.84,3437,120,0,42,33.4,2,6840,0.85,-0.83,104.2,124.3,85.4,88.2,28.4,30.06,26.97,27.37
85.88,3439,120,0,41,35.7,2,6840,0.89,-0.81,104.3,124.3,85.4,88.2,28.41,30.06,26.97,27.37
85.92,3440,120,0,39,35.5,2,6840,0.93,-0.78,104.4,124.4,85.4,88.2,28.42,30.06,26.97,27.37
85.96,3441,120,0,37,37.1,2,6840,0.97,-0.75,104.5,124.4,85.4,88.2,28.42,30.07,26.97,27.37
86,3443,120,0,35,38,2,6840,1.01,-0.73,104.7,124.4,85.4,88.2,28.43,30.07,26.97,27.37
86.04,3444,120,0,33,39.7,2,6840,1.05,-0.7,104.8,124.5,85.4,88.2,28.44,30.07,26.97,27.37
86.08,3445,120,0,32,40.9,2,6840,1.09,-0.68,104.9,124.5,85.4,88.2,28.45,30.08,26.97,27.37
86.12,3447,120,0,30,41.8,2,6840,1.13,-0.65,105,124.6,85.4,88.2,28.46,30.08,26.97,27.37
86.16,3448,120,0,28,42.6,2,6840,1.16,-0.62,105.1,124.6,85.4,88.2,28.47,30.08,26.97,27.37
86.2,3449,120,0,27,43.9,2,6840,1.2,-0.6,105.3,124.6,85.4,88.2,28.48,30.08,26.97,27.37
86.24,3451,120,0,25,44.3,2,6840,1.24,-0.57,105.4,124.7,85.4,88.2,28.49,30.09,26.97,27.37
86.28,3452,120,0,23,46.7,2,6840,1.28,-0.55,105.5,124.7,85.4,88.2,28.5,30.09,26.97,27.37
86.32,3453,120,0,22,47,2,6840,1.32,-0.52,105.6,124.8,85.4,88.2,28.51,30.09,26.97,27.37
86.36,3455,120,0,20,47.1,2,6840,1.36,-0.49,105.7,124.8,85.4,88.2,28.51,30.1,26.97,27.37
86.4,3456,120,0,19,48.8,2,6840,1.4,-0.47,105.9,124.8,85.4,88.2,28.52,30.1,26.97,27.37
86.44,3457,120,0,17,48.4,2,6840,1.44,-0.44,106,124.9,85.4,88.2,28.53,30.1,26.97,27.37
86.48,3459,120,0,16,49.6,2,6840,1.48,-0.41,106.1,124.9,85.4,88.2,28.54,30.11,26.97,27.37
86.52,3460,120,0,15,51,2,6840,1.52,-0.39,106.2,125,85.4,88.2,28.55,30.11,26.97,27.37
86.56,3461,120,0,13,51,2,6840,1.56,-0.36,106.3,125,85.4,88.2,28.56,30.11,26.97,27.37
86.6,3463,120,0,12,52.6,2,6840,1.6,-0.34,106.5,125,85.4,88.2,28.57,30.11,26.97,27.37
86.64,3464,120,0,11,51.7,2,6840,1.63,-0.31,106.6,125.1,85.4,88.2,28.58,30.12,26.97,27.37
86.68,3465,120,0,9,53.7,2,6840,1.67,-0.28,106.7,125.1,85.4,88.2,28.59,30.12,26.97,27.37
86.72,3467,120,0,8,53.4,2,6840,1.71,-0.26,106.8,125.2,85.4,88.2,28.6,30.12,26.97,27.37
86.76,3468,120,0,7,54.5,2,6840,1.75,-0.23,106.9,125.2,85.4,88.2,28.6,30.13,26.97,27.37
86.8,3469,120,0,6,54.6,2,6840,1.79,-0.21,107.1,125.2,85.4,88.2,28.61,30.13,26.97,27.37
86.84,3471,120,0,5,54.6,2,6840,1.83,-0.18,107.2,125.3,85.4,88.2,28.62,30.13,26.97,27.37
86.88,3472,120,0,4,54.6,2,6840,1.87,-0.15,107.3,125.3,85.4,88.2,28.63,30.14,26.97,27.37
86.92,3473,120,0,3,55.7,2,6840,1.91,-0.13,107.4,125.4,85.4,88.2,28.64,30.14,26.97,27.37
86.96,3475,120,0,2,55.9,2,6840,1.95,-0.1,107.5,125.4,85.4,88.2,28.65,30.14,26.97,27.37
87,3476,120,0,1,55.8,2,6840,1.99,-0.08,107.7,125.4,85.4,88.2,28.66,30.14,26.97,27.37
87.04,3477,120,0,1,56.4,2,6840,2.03,-0.05,107.8,125.5,85.4,88.2,28.67,30.15,26.97,27.37
87.08,3479,120,0,0,55.4,2,6840,2.07,-0.02,107.9,125.5,85.4,88.2,28.68,30.15,26.97,27.37
87.12,3480,120,0,0,55.7,2,6840,1.95,0,107.9,125.5,85.4,88.2,28.68,30.15,26.97,27.37
87.16,3481,120,2,0,55,2,6840,1.93,0.01,107.9,125.5,85.5,88.3,28.68,30.15,26.98,27.38
87.2,3483,120,4,0,54.3,2,6840,1.91,0.02,107.9,125.5,85.5,88.3,28.68,30.15,26.98,27.38
87.24,3484,120,6,0,54,2,6841,1.9,0.02,107.9,125.5,85.6,88.4,28.68,30.15,26.98,27.38
87.28,3485,120,7,0,52.8,2,6841,1.88,0.03,107.9,125.5,85.6,88.4,28.68,30.15,26.98,27.38
87.32,3487,120,9,0,52.3,2,6842,1.86,0.04,107.9,125.5,85.6,88.4,28.68,30.15,26.99,27.39
87.36,3488,120,10,0,52,2,6843,1.84,0.04,107.9,125.5,85.7,88.5,28.68,30.15,26.99,27.39
87.4,3489,120.1,12,0,50.9,2,6843,1.83,0.05,107.9,125.5,85.7,88.5,28.68,30.15,26.99,27.39
87.44,3491,120.1,13,0,50.8,2,6844,1.81,0.06,107.9,125.5,85.7,88.5,28.68,30.15,26.99,27.39
87.48,3492,120.1,14,0,50.4,2,6845,1.79,0.07,107.9,125.5,85.8,88.6,28.68,30.15,27,27.4
87.52,3493,120.1,16,0,49.5,2,6846,1.77,0.07,107.9,125.5,85.8,88.6,28.68,30.15,27,27.4
87.56,3495,120.1,17,0,49.1,2,6848,1.76,0.08,107.9,125.5,85.8,88.6,28.68,30.15,27,27.4
87.6,3496,120.2,18,0,47.7,2,6849,1.74,0.09,107.9,125.5,85.9,88.7,28.68,30.15,27.01,27.41
87.64,3498,120.2,19,0,47.6,2,6850,1.72,0.09,107.9,125.5,85.9,88.7,28.68,30.15,27.01,27.41
87.68,3499,120.2,21,0,47.3,2,6852,1.71,0.1,107.9,125.5,85.9,88.7,28.68,30.15,27.01,27.41
87.72,3500,120.2,22,0,46,2,6853,1.69,0.11,107.9,125.5,86,88.8,28.68,30.15,27.01,27.41
87.76,3502,120.3,23,0,46.3,2,6855,1.67,0.12,107.9,125.5,86,88.8,28.68,30.15,27.02,27.42
87.8,3503,120.3,24,0,45.2,2,6856,1.65,0.12,107.9,125.5,86,88.8,28.68,30.15,27.02,27.42
87.84,3504,120.3,26,0,44.1,2,6858,1.64,0.13,107.9,125.5,86.1,88.9,28.68,30.15,27.02,27.42
87.88,3506,120.4,27,0,44.2,2,6860,1.62,0.14,107.9,125.5,86.1,88.9,28.68,30.15,27.02,27.42
87.92,3507,120.4,28,0,43.7,2,6862,1.6,0.15,107.9,125.5,86.1,88.9,28.68,30.15,27.03,27.43
87.96,3508,120.4,29,0,43.1,2,6864,1.58,0.15,107.9,125.5,86.2,89,28.68,30.15,27.03,27.43
88,3510,120.5,30,0,42.7,2,6866,1.57,0.16,107.9,125.5,86.2,89,28.68,30.15,27.03,27.43
88.04,3511,120.5,32,0,41.4,2,6868,1.55,0.17,107.9,125.5,86.3,89.1,28.68,30.15,27.03,27.43
88.08,3512,120.5,33,0,40.9,2,6870,1.53,0.17,107.9,125.5,86.3,89.1,28.68,30.15,27.04,27.44
88.12,3514,120.6,34,0,40.3,2,6873,1.51,0.18,107.9,125.5,86.3,89.1,28.68,30.15,27.04,27.44
88.16,3515,120.6,35,0,39.3,2,6875,1.5,0.19,107.9,125.5,86.4,89.2,28.68,30.15,27.04,27.44
88.2,3516,120.7,36,0,39.1,2,6878,1.48,0.2,107.9,125.5,86.4,89.2,28.68,30.15,27.04,27.44
88.24,3518,120.7,37,0,39.1,2,6880,1.46,0.2,107.9,125.5,86.4,89.2,28.68,30.15,27.05,27.45
88.28,3519,120.8,38,0,37.6,2,6883,1.44,0.21,107.9,125.5,86.5,89.3,28.68,30.15,27.05,27.45
88.32,3520,120.8,40,0,37.8,2,6885,1.43,0.22,107.9,125.5,86.5,89.3,28.68,30.15,27.05,27.45
88.36,3522,120.8,41,0,36.8,2,6888,1.41,0.23,107.9,125.5,86.5,89.3,28.68,30.15,27.05,27.45
88.4,3523,120.9,42,0,36.1,2,6891,1.39,0.23,107.9,125.5,86.6,89.4,28.68,30.15,27.06,27.46
88.44,3524,120.9,43,0,35.5,2,6894,1.37,0.24,107.9,125.5,86.6,89.4,28.68,30.15,27.06,27.46
88.48,3526,121,44,0,34.5,2,6897,1.36,0.25,107.9,125.5,86.6,89.4,28.68,30.15,27.06,27.46
88.52,3527,121.1,45,0,34.7,2,6900,1.34,0.25,107.9,125.5,86.7,89.5,28.68,30.15,27.07,27.47
88.56,3528,121.1,46,0,32.9,2,6903,1.32,0.26,107.9,125.5,86.7,89.5,28.68,30.15,27.07,27.47
88.6,3530,121.2,47,0,32.8,2,6907,1.3,0.27,107.9,125.5,86.7,89.5,28.68,30.15,27.07,27.47
88.64,3531,121.2,48,0,32.4,2,6910,1.29,0.28,107.9,125.5,86.8,89.6,28.68,30.15,27.07,27.47
88.68,3532,121.3,49,0,31.8,2,6913,1.27,0.28,107.9,125.5,86.8,89.6,28.68,30.15,27.08,27.48
88.72,3534,121.3,50,0,31.8,2,6917,1.25,0.29,107.9,125.5,86.8,89.6,28.68,30.15,27.08,27.48
88.76,3535,121.4,52,0,30.9,2,6920,1.23,0.3,107.9,125.5,86.9,89.7,28.68,30.15,27.08,27.48
88.8,3536,121.5,53,0,30.1,2,6924,1.22,0.31,107.9,125.5,86.9,89.7,28.68,30.15,27.08,27.48
88.84,3538,121.5,54,0,29.3,2,6927,1.2,0.31,107.9,125.5,87,89.8,28.68,30.15,27.09,27.49
88.88,3539,121.6,55,0,28.9,2,6931,1.18,0.32,107.9,125.5,87,89.8,28.68,30.15,27.09,27.49
88.92,3540,121.7,56,0,27.5,2,6935,1.16,0.33,107.9,125.5,87,89.8,28.68,30.15,27.09,27.49
88.96,3542,121.7,57,0,26.4,2,6939,1.15,0.33,107.9,125.5,87.1,89.9,28.68,30.15,27.09,27.49
89,3543,121.8,58,0,27.1,2,6943,1.13,0.34,107.9,125.5,87.1,89.9,28.68,30.15,27.1,27.5
89.04,3545,121.9,59,0,25.9,2,6947,1.11,0.35,107.9,125.5,87.1,89.9,28.68,30.15,27.1,27.5
89.08,3546,121.9,60,0,25.3,2,6951,1.09,0.36,107.9,125.5,87.2,90,28.68,30.15,27.1,27.5
89.12,3547,122,61,0,24.7,2,6955,1.08,0.36,107.9,125.5,87.2,90,28.68,30.15,27.1,27.5
89.16,3549,122.1,62,0,24.3,2,6959,1.06,0.37,107.9,125.5,87.2,90,28.68,30.15,27.11,27.51
89.2,3550,122.2,63,0,23.2,2,6963,1.04,0.38,107.9,125.5,87.3,90.1,28.68,30.15,27.11,27.51
89.24,3551,122.2,64,0,22.2,2,6968,1.02,0.39,107.9,125.5,87.3,90.1,28.68,30.15,27.11,27.51
89.28,3553,122.3,65,0,22.3,2,6972,1.01,0.39,107.9,125.5,87.3,90.1,28.68,30.15,27.12,27.52
89.32,3554,122.4,66,0,21.8,2,6977,0.99,0.4,107.9,125.5,87.4,90.2,28.68,30.15,27.12,27.52
89.36,3555,122.5,67,0,20.5,2,6981,0.97,0.41,107.9,125.5,87.4,90.2,28.68,30.15,27.12,27.52
89.4,3557,122.6,68,0,20.2,2,6986,0.95,0.42,107.9,125.5,87.4,90.2,28.68,30.15,27.12,27.52
89.44,3558,122.6,69,0,19.1,2,6990,0.93,0.42,107.9,125.5,87.5,90.3,28.68,30.15,27.13,27.53
89.48,3559,122.7,70,0,19.3,2,6995,0.92,0.43,107.9,125.5,87.5,90.3,28.68,30.15,27.13,27.53
89.52,3561,122.8,71,0,18,2,7000,0.9,0.44,107.9,125.5,87.5,90.3,28.68,30.15,27.13,27.53
89.56,3562,122.9,72,0,17.2,2,7005,0.88,0.45,107.9,125.5,87.6,90.4,28.68,30.15,27.13,27.53
89.6,3564,123,74,0,16.9,2,7010,0.86,0.45,107.9,125.5,87.6,90.4,28.68,30.15,27.14,27.54
89.64,3565,123.1,75,0,16.3,2,7015,0.85,0.46,107.9,125.5,87.7,90.5,28.68,30.15,27.14,27.54
89.68,3566,123.2,76,0,15.5,2,7020,0.83,0.47,107.9,125.5,87.7,90.5,28.68,30.15,27.14,27.54
89.72,3568,123.2,77,0,14.3,2,7025,0.81,0.47,107.9,125.5,87.7,90.5,28.68,30.15,27.14,27.54
89.76,3569,123.3,78,0,14.7,2,7030,0.79,0.48,107.9,125.5,87.8,90.6,28.68,30.15,27.15,27.55
89.8,3570,123.4,79,0,13.4,2,7036,0.78,0.49,107.9,125.5,87.8,90.6,28.68,30.15,27.15,27.55
89.84,3572,123.5,80,0,13.1,2,7041,0.76,0.5,107.9,125.5,87.8,90.6,28.68,30.15,27.15,27.55
89.88,3573,123.6,81,0,12.1,2,7046,0.74,0.5,107.9,125.5,87.9,90.7,28.68,30.15,27.15,27.55
89.92,3574,123.7,82,0,12,2,7052,0.72,0.51,107.9,125.5,87.9,90.7,28.68,30.15,27.16,27.56
89.96,3576,123.8,83,0,11.5,2,7058,0.7,0.52,107.9,125.5,87.9,90.7,28.68,30.15,27.16,27.56
90,3577,123.9,84,0,11.4,2,7063,0.69,0.53,107.9,125.5,88,90.8,28.68,30.15,27.16,27.56
90.04,3579,124,85,0,8.7,2,7069,0.67,0.53,107.9,125.5,88,90.8,28.68,30.15,27.17,27.57
90.08,3580,124.1,86,0,9.6,2,7075,0.65,0.54,107.9,125.5,88,90.8,28.68,30.15,27.17,27.57
90.12,3581,124.2,87,0,8.8,2,7080,0.63,0.55,107.9,125.5,88.1,90.9,28.68,30.15,27.17,27.57
90.16,3583,124.3,88,0,8.5,2,7086,0.61,0.56,107.9,125.5,88.1,90.9,28.68,30.15,27.17,27.57
90.2,3584,124.4,89,0,6.7,2,7092,0.6,0.56,107.9,125.5,88.1,90.9,28.68,30.15,27.18,27.58
90.24,3586,124.5,90,0,6.8,2,7098,0.58,0.57,107.9,125.5,88.2,91,28.68,30.15,27.18,27.58
90.28,3587,124.6,91,0,6.5,2,7104,0.56,0.58,107.9,125.5,88.2,91,28.68,30.15,27.18,27.58
90.32,3588,124.7,92,0,5.3,2,7110,0.54,0.59,107.9,125.5,88.2,91,28.68,30.15,27.18,27.58
90.36,3590,124.8,93,0,5.2,2,7116,0.52,0.59,107.9,125.5,88.3,91.1,28.68,30.15,27.19,27.59
90.4,3591,125,94,0,3.8,2,7123,0.51,0.6,107.9,125.5,88.3,91.1,28.68,30.15,27.19,27.59
90.44,3592,125.1,95,0,2.8,2,7129,0.49,0.61,107.9,125.5,88.4,91.2,28.68,30.15,27.19,27.59
90.48,3594,125.2,96,0,2.7,2,7135,0.47,0.62,107.9,125.5,88.4,91.2,28.68,30.15,27.19,27.59
90.52,3595,125.3,97,0,2.1,2,7142,0.45,0.62,107.9,125.5,88.4,91.2,28.68,30.15,27.2,27.6
90.56,3597,125.4,98,0,1.7,2,7148,0.43,0.63,107.9,125.5,88.5,91.3,28.68,30.15,27.2,27.6
90.6,3598,125.5,99,0,1.1,2,7155,0.42,0.64,107.9,125.5,88.5,91.3,28.68,30.15,27.2,27.6
90.64,3599,125.6,100,0,0.1,2,7161,0.4,0.65,107.9,125.5,88.5,91.3,28.68,30.15,27.2,27.6
90.68,3601,125.7,100,0,0.3,2,7165,0.01,0.04,107.9,125.5,88.5,91.3,28.68,30.15,27.2,27.6
90.72,3602,125.8,100,0,-0.3,2,7168,0.01,0.04,107.9,125.5,88.5,91.3,28.68,30.15,27.2,27.6
90.76,3604,125.8,100,0,0,2,7171,-0.02,0.04,107.9,125.5,88.5,91.3,28.67,30.15,27.2,27.6
90.8,3605,125.9,100,0,-1,2,7174,0,0.04,107.8,125.5,88.5,91.3,28.67,30.15,27.2,27.6
90.84,3606,125.9,100,0,-0.3,2,7178,0.01,0.04,107.8,125.5,88.5,91.3,28.67,30.15,27.2,27.6
90.88,3608,126,100,0,1.1,2,7181,0.03,0.04,107.8,125.4,88.5,91.3,28.67,30.15,27.2,27.6
90.92,3609,126,100,0,-0.7,2,7184,0.03,0.04,107.8,125.4,88.4,91.2,28.67,30.14,27.2,27.6
90.96,3611,126.1,100,0,0.5,2,7188,-0.01,0.04,107.8,125.4,88.4,91.2,28.67,30.14,27.2,27.6
91,3612,126.2,100,0,0.9,2,7191,-0.01,0.04,107.8,125.4,88.4,91.2,28.67,30.14,27.2,27.6
91.04,3613,126.2,100,0,0.5,2,7194,-0.02,0.04,107.8,125.4,88.4,91.2,28.67,30.14,27.2,27.6
91.08,3615,126.3,100,0,0.3,2,7197,0.02,0.04,107.8,125.4,88.4,91.2,28.67,30.14,27.19,27.59
91.12,3616,126.3,100,0,0.6,2,7201,-0.04,0.04,107.7,125.4,88.4,91.2,28.67,30.14,27.19,27.59
91.16,3618,126.4,100,0,0.1,2,7204,-0.03,0.04,107.7,125.4,88.4,91.2,28.67,30.14,27.19,27.59
91.2,3619,126.4,100,0,-0.3,2,7207,0.01,0.04,107.7,125.3,88.4,91.2,28.66,30.14,27.19,27.59
91.24,3620,126.5,100,0,0,2,7211,0.01,0.04,107.7,125.3,88.3,91.1,28.66,30.14,27.19,27.59
91.28,3622,126.6,100,0,-0.1,2,7214,-0.01,0.04,107.7,125.3,88.3,91.1,28.66,30.14,27.19,27.59
91.32,3623,126.6,100,0,0.8,2,7217,0,0.04,107.7,125.3,88.3,91.1,28.66,30.14,27.19,27.59
91.36,3625,126.7,100,0,0.1,2,7220,-0.04,0.04,107.7,125.3,88.3,91.1,28.66,30.13,27.19,27.59
91.4,3626,126.7,100,0,0.9,2,7224,-0.02,0.04,107.7,125.3,88.3,91.1,28.66,30.13,27.19,27.59
91.44,3627,126.8,100,0,0,2,7227,0.02,0.04,107.7,125.3,88.3,91.1,28.66,30.13,27.19,27.59
91.48,3629,126.8,100,0,-0.4,2,7230,0.01,0.04,107.6,125.3,88.3,91.1,28.66,30.13,27.19,27.59
91.52,3630,126.9,100,0,-0.3,2,7234,0,0.04,107.6,125.2,88.3,91.1,28.66,30.13,27.18,27.58
91.56,3632,127,100,0,0.2,2,7237,-0.01,0.04,107.6,125.2,88.3,91.1,28.66,30.13,27.18,27.58
91.6,3633,127,100,0,-0.3,2,7240,-0.01,0.04,107.6,125.2,88.2,91,28.66,30.13,27.18,27.58
91.64,3635,127.1,100,0,-0.2,2,7243,-0.02,0.04,107.6,125.2,88.2,91,28.65,30.13,27.18,27.58
91.68,3636,127.1,100,0,0.1,2,7247,0.02,0.04,107.6,125.2,88.2,91,28.65,30.13,27.18,27.58
91.72,3637,127.2,100,0,0.3,2,7250,0.02,0.04,107.6,125.2,88.2,91,28.65,30.13,27.18,27.58
91.76,3639,127.2,100,0,0.3,2,7253,0.01,0.04,107.6,125.2,88.2,91,28.65,30.13,27.18,27.58
91.8,3640,127.3,100,0,-0.1,2,7257,0.01,0.04,107.5,125.2,88.2,91,28.65,30.12,27.18,27.58
91.84,3642,127.4,100,0,0.3,2,7260,0,0.04,107.5,125.2,88.2,91,28.65,30.12,27.18,27.58
91.88,3643,127.4,100,0,-0.4,2,7263,0.03,0.04,107.5,125.1,88.2,91,28.65,30.12,27.18,27.58
91.92,3644,127.5,100,0,0.4,2,7266,-0.01,0.04,107.5,125.1,88.1,90.9,28.65,30.12,27.18,27.58
91.96,3646,127.5,100,0,0,2,7270,0.03,0.04,107.5,125.1,88.1,90.9,28.65,30.12,27.17,27.57
92,3647,127.6,100,0,0.5,2,7273,-0.03,0.04,107.5,125.1,88.1,90.9,28.65,30.12,27.17,27.57
92.04,3649,127.7,100,0,-0.1,2,7276,0.01,0.04,107.5,125.1,88.1,90.9,28.65,30.12,27.17,27.57
92.08,3650,127.7,100,0,-0.4,2,7279,0.01,0.04,107.5,125.1,88.1,90.9,28.64,30.12,27.17,27.57
92.12,3651,127.8,100,0,0.6,2,7283,0.02,0.04,107.4,125.1,88.1,90.9,28.64,30.12,27.17,27.57
92.16,3653,127.8,100,0,0.1,2,7286,0.03,0.04,107.4,125.1,88.1,90.9,28.64,30.12,27.17,27.57
92.2,3654,127.9,100,0,-0.3,2,7289,0.04,0.04,107.4,125,88.1,90.9,28.64,30.12,27.17,27.57
92.24,3656,127.9,100,0,-0.1,2,7293,-0.01,0.04,107.4,125,88,90.8,28.64,30.11,27.17,27.57
92.28,3657,128,100,0,-0.7,2,7296,0.05,0.04,107.4,125,88,90.8,28.64,30.11,27.17,27.57
92.32,3659,128.1,100,0,0.1,2,7299,-0.01,0.04,107.4,125,88,90.8,28.64,30.11,27.17,27.57
92.36,3660,128.1,100,0,-0.2,2,7302,0,0.04,107.4,125,88,90.8,28.64,30.11,27.17,27.57
92.4,3661,128.2,100,0,0,2,7306,-0.02,0.04,107.4,125,88,90.8,28.64,30.11,27.16,27.56
92.44,3663,128.2,100,0,0.2,2,7309,0.03,0.04,107.4,125,88,90.8,28.64,30.11,27.16,27.56
92.48,3664,128.3,100,0,-0.6,2,7312,0.02,0.04,107.3,125,88,90.8,28.64,30.11,27.16,27.56
92.52,3666,128.3,100,0,-0.4,2,7316,-0.02,0.04,107.3,124.9,88,90.8,28.63,30.11,27.16,27.56
92.56,3667,128.4,100,0,0.6,2,7319,0.03,0.04,107.3,124.9,88,90.8,28.63,30.11,27.16,27.56
92.6,3669,128.5,100,0,0.5,2,7322,0,0.04,107.3,124.9,87.9,90.7,28.63,30.11,27.16,27.56
92.64,3670,128.5,100,0,0.2,2,7325,0.04,0.04,107.3,124.9,87.9,90.7,28.63,30.11,27.16,27.56
92.68,3671,128.6,100,0,-0.2,2,7329,0.05,0.04,107.3,124.9,87.9,90.7,28.63,30.11,27.16,27.56
92.72,3673,128.6,100,0,-0.5,2,7332,-0.02,0.04,107.3,124.9,87.9,90.7,28.63,30.1,27.16,27.56
92.76,3674,128.7,100,0,0,2,7335,0,0.04,107.3,124.9,87.9,90.7,28.63,30.1,27.16,27.56
92.8,3676,128.7,100,0,-0.2,2,7339,-0.01,0.04,107.2,124.9,87.9,90.7,28.63,30.1,27.16,27.56
92.84,3677,128.8,100,0,0.9,2,7342,-0.01,0.04,107.2,124.9,87.9,90.7,28.63,30.1,27.16,27.56
92.88,3679,128.9,100,0,0.1,2,7345,0,0.04,107.2,124.8,87.9,90.7,28.63,30.1,27.15,27.55
92.92,3680,128.9,100,0,0.6,2,7348,-0.04,0.04,107.2,124.8,87.8,90.6,28.63,30.1,27.15,27.55
92.96,3681,129,100,0,0,2,7352,0.01,0.04,107.2,124.8,87.8,90.6,28.62,30.1,27.15,27.55
93,3683,129,100,0,0.2,2,7355,0,0.04,107.2,124.8,87.8,90.6,28.62,30.1,27.15,27.55
93.04,3684,129.1,100,0,-0.9,2,7358,-0.01,0.04,107.2,124.8,87.8,90.6,28.62,30.1,27.15,27.55
93.08,3686,129.2,100,0,0.9,2,7362,-0.01,0.04,107.2,124.8,87.8,90.6,28.62,30.1,27.15,27.55
93.12,3687,129.2,100,0,0.6,2,7365,-0.01,0.04,107.1,124.8,87.8,90.6,28.62,30.1,27.15,27.55
93.16,3689,129.3,100,0,-0.3,2,7368,0.01,0.04,107.1,124.8,87.8,90.6,28.62,30.09,27.15,27.55
93.2,3690,129.3,100,0,-0.9,2,7371,0,0.04,107.1,124.7,87.8,90.6,28.62,30.09,27.15,27.55
93.24,3691,129.4,100,0,0.4,2,7375,0.01,0.04,107.1,124.7,87.7,90.5,28.62,30.09,27.15,27.55
93.28,3693,129.4,100,0,-0.4,2,7378,-0.02,0.04,107.1,124.7,87.7,90.5,28.62,30.09,27.15,27.55
93.32,3694,129.5,100,0,0.2,2,7381,0.01,0.04,107.1,124.7,87.7,90.5,28.62,30.09,27.14,27.54
93.36,3696,129.6,100,0,0.5,2,7385,0,0.04,107.1,124.7,87.7,90.5,28.62,30.09,27.14,27.54
93.4,3697,129.6,100,0,0.6,2,7388,0.01,0.04,107.1,124.7,87.7,90.5,28.61,30.09,27.14,27.54
93.44,3699,129.7,100,0,0.1,2,7391,-0.01,0.04,107.1,124.7,87.7,90.5,28.61,30.09,27.14,27.54
93.48,3700,129.7,100,0,0.8,2,7394,0,0.04,107,124.7,87.7,90.5,28.61,30.09,27.14,27.54
93.52,3702,129.8,100,0,0.5,2,7398,0,0.04,107,124.6,87.7,90.5,28.61,30.09,27.14,27.54
93.56,3703,129.8,100,0,0.1,2,7401,-0.01,0.04,107,124.6,87.7,90.5,28.61,30.09,27.14,27.54
93.6,3704,129.9,100,0,-0.5,2,7404,-0.03,0.04,107,124.6,87.6,90.4,28.61,30.08,27.14,27.54
93.64,3706,130,100,0,0.2,2,7408,0.02,0.04,107,124.6,87.6,90.4,28.61,30.08,27.14,27.54
93.68,3707,130,100,0,-0.2,2,7411,-0.02,0.04,107,124.6,87.6,90.4,28.61,30.08,27.14,27.54
93.72,3709,130.1,100,0,-0.3,2,7414,-0.01,0.04,107,124.6,87.6,90.4,28.61,30.08,27.14,27.54
93.76,3710,130.1,100,0,-0.1,2,7417,0.02,0.04,107,124.6,87.6,90.4,28.61,30.08,27.13,27.53
93.8,3712,130.2,100,0,-0.2,2,7421,0.02,0.04,106.9,124.6,87.6,90.4,28.61,30.08,27.13,27.53
93.84,3713,130.2,100,0,0,2,7424,0.02,0.04,106.9,124.6,87.6,90.4,28.6,30.08,27.13,27.53
93.88,3715,130.3,100,0,0.4,2,7427,0.02,0.04,106.9,124.5,87.6,90.4,28.6,30.08,27.13,27.53
93.92,3716,130.4,100,0,0.4,2,7431,-0.02,0.04,106.9,124.5,87.5,90.3,28.6,30.08,27.13,27.53
93.96,3717,130.4,100,0,0.1,2,7434,-0.01,0.04,106.9,124.5,87.5,90.3,28.6,30.08,27.13,27.53
94,3719,130.5,100,0,-0.2,2,7437,0,0.04,106.9,124.5,87.5,90.3,28.6,30.08,27.13,27.53
94.04,3720,130.5,100,0,-0.6,2,7440,0.02,0.04,106.9,124.5,87.5,90.3,28.6,30.07,27.13,27.53
94.08,3722,130.6,100,0,0.1,2,7444,0.01,0.04,106.9,124.5,87.5,90.3,28.6,30.07,27.13,27.53
94.12,3723,130.6,100,0,0.1,2,7447,-0.02,0.04,106.8,124.5,87.5,90.3,28.6,30.07,27.13,27.53
94.16,3725,130.7,100,0,-0.3,2,7450,0.01,0.04,106.8,124.5,87.5,90.3,28.6,30.07,27.13,27.53
94.2,3726,130.8,100,0,-0.1,2,7454,0.02,0.04,106.8,124.4,87.5,90.3,28.6,30.07,27.12,27.52
94.24,3728,130.8,100,0,0,2,7457,0,0.04,106.8,124.4,87.4,90.2,28.6,30.07,27.12,27.52
94.28,3729,130.9,100,0,0.2,2,7460,0,0.04,106.8,124.4,87.4,90.2,28.6,30.07,27.12,27.52
94.32,3731,130.9,100,0,0.4,2,7463,0.05,0.04,106.8,124.4,87.4,90.2,28.59,30.07,27.12,27.52
94.36,3732,131,100,0,-0.7,2,7467,0,0.04,106.8,124.4,87.4,90.2,28.59,30.07,27.12,27.52
94.4,3733,131.1,100,0,-0.2,2,7470,0.01,0.04,106.8,124.4,87.4,90.2,28.59,30.07,27.12,27.52
94.44,3735,131.1,100,0,0.1,2,7473,0.01,0.04,106.8,124.4,87.4,90.2,28.59,30.07,27.12,27.52
94.48,3736,131.2,100,0,-0.2,2,7476,0,0.04,106.7,124.4,87.4,90.2,28.59,30.06,27.12,27.52
94.52,3738,131.2,100,0,0.2,2,7480,0.01,0.04,106.7,124.3,87.4,90.2,28.59,30.06,27.12,27.52
94.56,3739,131.3,100,0,-0.1,2,7483,-0.04,0.04,106.7,124.3,87.4,90.2,28.59,30.06,27.12,27.52
94.6,3741,131.3,100,0,0.3,2,7486,-0.02,0.04,106.7,124.3,87.3,90.1,28.59,30.06,27.12,27.52
94.64,3742,131.4,100,0,-0.7,2,7490,0.01,0.04,106.7,124.3,87.3,90.1,28.59,30.06,27.11,27.51
94.68,3744,131.5,100,0,0.1,2,7493,0.02,0.04,106.7,124.3,87.3,90.1,28.59,30.06,27.11,27.51
94.72,3745,131.5,100,0,0.3,2,7496,0.01,0.04,106.7,124.3,87.3,90.1,28.59,30.06,27.11,27.51
94.76,3747,131.6,100,0,0.2,2,7499,0.02,0.04,106.7,124.3,87.3,90.1,28.58,30.06,27.11,27.51
94.8,3748,131.6,100,0,0.3,2,7503,0,0.04,106.6,124.3,87.3,90.1,28.58,30.06,27.11,27.51
94.84,3749,131.7,100,0,-0.4,2,7506,-0.02,0.04,106.6,124.3,87.3,90.1,28.58,30.06,27.11,27.51
94.88,3751,131.7,100,0,-0.5,2,7509,0,0.04,106.6,124.2,87.3,90.1,28.58,30.06,27.11,27.51
94.92,3752,131.8,100,0,0.4,2,7513,0.03,0.04,106.6,124.2,87.2,90,28.58,30.05,27.11,27.51
94.96,3754,131.9,100,0,-0.6,2,7516,0.01,0.04,106.6,124.2,87.2,90,28.58,30.05,27.11,27.51
95,3755,131.9,100,0,0,2,7519,0.02,0.04,106.6,124.2,87.2,90,28.58,30.05,27.11,27.51
95.04,3757,132,100,0,0.2,2,7522,0,0.04,106.6,124.2,87.2,90,28.58,30.05,27.11,27.51
95.08,3758,132,100,0,-0.4,2,7526,0.05,0.04,106.6,124.2,87.2,90,28.58,30.05,27.1,27.5
95.12,3760,132.1,100,0,-0.4,2,7529,0.01,0.04,106.5,124.2,87.2,90,28.58,30.05,27.1,27.5
95.16,3761,132.1,100,0,0.6,2,7532,-0.01,0.04,106.5,124.2,87.2,90,28.58,30.05,27.1,27.5
95.2,3763,132.2,100,0,-0.2,2,7536,-0.01,0.04,106.5,124.1,87.2,90,28.57,30.05,27.1,27.5
95.24,3764,132.3,100,0,-0.2,2,7539,-0.02,0.04,106.5,124.1,87.1,89.9,28.57,30.05,27.1,27.5
95.28,3766,132.3,100,0,-0.6,2,7542,0.03,0.04,106.5,124.1,87.1,89.9,28.57,30.05,27.1,27.5
95.32,3767,132.4,100,0,-0.5,2,7545,-0.01,0.04,106.5,124.1,87.1,89.9,28.57,30.05,27.1,27.5
95.36,3769,132.4,100,0,0.7,2,7549,0.01,0.04,106.5,124.1,87.1,89.9,28.57,30.04,27.1,27.5
95.4,3770,132.5,100,0,0.3,2,7552,0,0.04,106.5,124.1,87.1,89.9,28.57,30.04,27.1,27.5
95.44,3772,132.5,100,0,0.6,2,7555,0.01,0.04,106.5,124.1,87.1,89.9,28.57,30.04,27.1,27.5
95.48,3773,132.6,100,0,0.6,2,7559,0.03,0.04,106.4,124.1,87.1,89.9,28.57,30.04,27.1,27.5
95.52,3774,132.7,100,0,0.1,2,7562,0,0.04,106.4,124,87.1,89.9,28.57,30.04,27.09,27.49
95.56,3776,132.7,100,0,-0.4,2,7565,-0.01,0.04,106.4,124,87.1,89.9,28.57,30.04,27.09,27.49
95.6,3777,132.8,100,0,-0.3,2,7568,-0.03,0.04,106.4,124,87,89.8,28.57,30.04,27.09,27.49
95.64,3779,132.8,100,0,-0.3,2,7572,-0.01,0.04,106.4,124,87,89.8,28.56,30.04,27.09,27.49
95.68,3780,132.9,100,0,0,2,7575,0,0.04,106.4,124,87,89.8,28.56,30.04,27.09,27.49
95.72,3782,133,100,0,1,2,7578,-0.01,0.04,106.4,124,87,89.8,28.56,30.04,27.09,27.49
95.76,3783,133,100,0,0.1,2,7582,0.03,0.04,106.4,124,87,89.8,28.56,30.04,27.09,27.49
95.8,3785,133.1,100,0,-0.5,2,7585,0.02,0.04,106.3,124,87,89.8,28.56,30.03,27.09,27.49
95.84,3786,133.1,100,0,0.3,2,7588,0.01,0.04,106.3,124,87,89.8,28.56,30.03,27.09,27.49
95.88,3788,133.2,100,0,-0.3,2,7591,0,0.04,106.3,123.9,87,89.8,28.56,30.03,27.09,27.49
95.92,3789,133.2,100,0,-0.3,2,7595,-0.01,0.04,106.3,123.9,86.9,89.7,28.56,30.03,27.09,27.49
95.96,3791,133.3,100,0,-0.3,2,7598,0.02,0.04,106.3,123.9,86.9,89.7,28.56,30.03,27.08,27.48
96,3792,133.4,100,0,1.1,2,7601,-0.01,0.04,106.3,123.9,86.9,89.7,28.56,30.03,27.08,27.48
96.04,3794,133.4,100,0,0.1,2,7605,0.03,0.04,106.3,123.9,86.9,89.7,28.56,30.03,27.08,27.48
96.08,3795,133.5,100,0,-0.2,2,7608,0.02,0.04,106.3,123.9,86.9,89.7,28.55,30.03,27.08,27.48
96.12,3797,133.5,100,0,-0.2,2,7611,0.02,0.04,106.2,123.9,86.9,89.7,28.55,30.03,27.08,27.48
96.16,3798,133.6,100,0,-0.8,2,7614,-0.01,0.04,106.2,123.9,86.9,89.7,28.55,30.03,27.08,27.48
96.2,3800,133.6,100,0,0.4,2,7618,-0.01,0.04,106.2,123.8,86.9,89.7,28.55,30.03,27.08,27.48
96.24,3801,133.7,100,0,-0.5,2,7621,0,0.04,106.2,123.8,86.8,89.6,28.55,30.02,27.08,27.48
96.28,3803,133.8,100,0,0.1,2,7624,0.01,0.04,106.2,123.8,86.8,89.6,28.55,30.02,27.08,27.48
96.32,3804,133.8,100,0,-0.3,2,7628,0.01,0.04,106.2,123.8,86.8,89.6,28.55,30.02,27.08,27.48
96.36,3806,133.9,100,0,-0.2,2,7631,-0.03,0.04,106.2,123.8,86.8,89.6,28.55,30.02,27.08,27.48
96.4,3807,133.9,100,0,0.1,2,7634,-0.01,0.04,106.2,123.8,86.8,89.6,28.55,30.02,27.07,27.47
96.44,3809,134,100,0,0.3,2,7637,-0.03,0.04,106.2,123.8,86.8,89.6,28.55,30.02,27.07,27.47
96.48,3810,134,100,0,-0.2,2,7641,-0.02,0.04,106.1,123.8,86.8,89.6,28.55,30.02,27.07,27.47
96.52,3811,134.1,100,0,0.5,2,7644,0,0.04,106.1,123.7,86.8,89.6,28.54,30.02,27.07,27.47
96.56,3813,134.2,100,0,-0.8,2,7647,-0.02,0.04,106.1,123.7,86.8,89.6,28.54,30.02,27.07,27.47
96.6,3814,134.2,100,0,0.2,2,7650,-0.03,0.04,106.1,123.7,86.7,89.5,28.54,30.02,27.07,27.47
96.64,3816,134.3,100,0,0.5,2,7654,-0.01,0.04,106.1,123.7,86.7,89.5,28.54,30.02,27.07,27.47
96.68,3817,134.3,100,0,0.3,2,7657,0.01,0.04,106.1,123.7,86.7,89.5,28.54,30.02,27.07,27.47
96.72,3819,134.4,100,0,-0.5,2,7660,-0.02,0.04,106.1,123.7,86.7,89.5,28.54,30.01,27.07,27.47
96.76,3820,134.4,100,0,-0.1,2,7664,-0.02,0.04,106.1,123.7,86.7,89.5,28.54,30.01,27.07,27.47
96.8,3822,134.5,100,0,-0.2,2,7667,0,0.04,106,123.7,86.7,89.5,28.54,30.01,27.07,27.47
96.84,3823,134.6,100,0,0.6,2,7670,-0.03,0.04,106,123.7,86.7,89.5,28.54,30.01,27.07,27.47
96.88,3825,134.6,100,0,0.4,2,7673,-0.01,0.04,106,123.6,86.7,89.5,28.54,30.01,27.06,27.46
96.92,3826,134.7,100,0,-0.3,2,7677,0,0.04,106,123.6,86.6,89.4,28.54,30.01,27.06,27.46
96.96,3828,134.7,100,0,0,2,7680,0,0.04,106,123.6,86.6,89.4,28.53,30.01,27.06,27.46
97,3829,134.8,100,0,0,2,7683,0.03,0.04,106,123.6,86.6,89.4,28.53,30.01,27.06,27.46
97.04,3831,134.9,100,0,0.5,2,7687,-0.01,0.04,106,123.6,86.6,89.4,28.53,30.01,27.06,27.46
97.08,3832,134.9,100,0,0.4,2,7690,0,0.04,106,123.6,86.6,89.4,28.53,30.01,27.06,27.46
97.12,3834,135,100,0,-0.5,2,7693,-0.03,0.04,105.9,123.6,86.6,89.4,28.53,30.01,27.06,27.46
97.16,3835,135,100,0,0.3,3,5941,-0.01,0.04,105.9,123.6,86.6,89.4,28.53,30,27.06,27.46
97.2,3837,135.1,100,0,0.5,3,5944,0.02,0.04,105.9,123.5,86.6,89.4,28.53,30,27.06,27.46
97.24,3838,135.1,100,0,0,3,5946,0.01,0.04,105.9,123.5,86.5,89.3,28.53,30,27.06,27.46
97.28,3840,135.2,100,0,0.2,3,5949,0.02,0.04,105.9,123.5,86.5,89.3,28.53,30,27.06,27.46
97.32,3841,135.3,100,0,0,3,5951,0,0.04,105.9,123.5,86.5,89.3,28.53,30,27.05,27.45
97.36,3843,135.3,100,0,0.5,3,5954,0.03,0.04,105.9,123.5,86.5,89.3,28.53,30,27.05,27.45
97.4,3844,135.4,100,0,0,3,5956,0,0.04,105.9,123.5,86.5,89.3,28.52,30,27.05,27.45
97.44,3846,135.4,100,0,-0.2,3,5959,0.01,0.04,105.9,123.5,86.5,89.3,28.52,30,27.05,27.45
97.48,3847,135.5,100,0,0.1,3,5961,0.01,0.04,105.8,123.5,86.5,89.3,28.52,30,27.05,27.45
97.52,3849,135.5,100,0,0.5,3,5964,0,0.04,105.8,123.4,86.5,89.3,28.52,30,27.05,27.45
97.56,3850,135.6,100,0,0.6,3,5966,0.02,0.04,105.8,123.4,86.5,89.3,28.52,30,27.05,27.45
97.6,3852,135.7,100,0,0,3,5969,-0.04,0.04,105.8,123.4,86.4,89.2,28.52,29.99,27.05,27.45
97.64,3853,135.7,100,0,-0.3,3,5972,-0.01,0.04,105.8,123.4,86.4,89.2,28.52,29.99,27.05,27.45
97.68,3855,135.8,100,0,-0.2,3,5974,-0.02,0.04,105.8,123.4,86.4,89.2,28.52,29.99,27.05,27.45
97.72,3856,135.8,100,0,0,3,5977,0.01,0.04,105.8,123.4,86.4,89.2,28.52,29.99,27.05,27.45
97.76,3858,135.9,100,0,-0.4,3,5979,0.02,0.04,105.8,123.4,86.4,89.2,28.52,29.99,27.04,27.44
97.8,3859,135.9,100,0,0,3,5982,0.01,0.04,105.7,123.4,86.4,89.2,28.52,29.99,27.04,27.44
97.84,3861,136,100,0,-0.8,3,5984,0,0.04,105.7,123.4,86.4,89.2,28.51,29.99,27.04,27.44
97.88,3863,136.1,100,0,0.1,3,5987,0.04,0.04,105.7,123.3,86.4,89.2,28.51,29.99,27.04,27.44
97.92,3864,136.1,100,0,-0.1,3,5989,0,0.04,105.7,123.3,86.3,89.1,28.51,29.99,27.04,27.44
97.96,3866,136.2,100,0,0.5,3,5992,0,0.04,105.7,123.3,86.3,89.1,28.51,29.99,27.04,27.44
98,3867,136.2,100,0,0.4,3,5994,0.05,0.04,105.7,123.3,86.3,89.1,28.51,29.99,27.04,27.44
98.04,3869,136.3,100,0,0.2,3,5997,-0.01,0.04,105.7,123.3,86.3,89.1,28.51,29.98,27.04,27.44
98.08,3870,136.4,100,0,0,3,5999,0,0.04,105.7,123.3,86.3,89.1,28.51,29.98,27.04,27.44
98.12,3872,136.4,100,0,-0.3,3,6002,0,0.04,105.6,123.3,86.3,89.1,28.51,29.98,27.04,27.44
98.16,3873,136.5,100,0,-0.2,3,6004,-0.01,0.04,105.6,123.3,86.3,89.1,28.51,29.98,27.04,27.44
98.2,3875,136.5,100,0,0.1,3,6007,0,0.04,105.6,123.2,86.3,89.1,28.51,29.98,27.03,27.43
98.24,3876,136.6,100,0,-0.6,3,6010,-0.03,0.04,105.6,123.2,86.2,89,28.51,29.98,27.03,27.43
98.28,3878,136.6,100,0,-0.8,3,6012,-0.01,0.04,105.6,123.2,86.2,89,28.51,29.98,27.03,27.43
98.32,3879,136.7,100,0,-0.3,3,6015,0.02,0.04,105.6,123.2,86.2,89,28.5,29.98,27.03,27.43
98.36,3881,136.8,100,0,0.2,3,6017,0,0.04,105.6,123.2,86.2,89,28.5,29.98,27.03,27.43
98.4,3882,136.8,100,0,0,3,6020,-0.02,0.04,105.6,123.2,86.2,89,28.5,29.98,27.03,27.43
98.44,3884,136.9,100,0,-0.3,3,6022,0,0.04,105.6,123.2,86.2,89,28.5,29.98,27.03,27.43
98.48,3885,136.9,100,0,0,3,6025,-0.01,0.04,105.5,123.2,86.2,89,28.5,29.97,27.03,27.43
98.52,3887,137,100,0,-0.4,3,6027,0,0.04,105.5,123.1,86.2,89,28.5,29.97,27.03,27.43
98.56,3888,137,100,0,0.4,3,6030,0,0.04,105.5,123.1,86.2,89,28.5,29.97,27.03,27.43
98.6,3890,137.1,100,0,0.3,3,6032,0.01,0.04,105.5,123.1,86.1,88.9,28.5,29.97,27.03,27.43
98.64,3891,137.2,100,0,-0.1,3,6035,-0.01,0.04,105.5,123.1,86.1,88.9,28.5,29.97,27.02,27.42
98.68,3893,137.2,100,0,0.3,3,6037,0.02,0.04,105.5,123.1,86.1,88.9,28.5,29.97,27.02,27.42
98.72,3894,137.3,100,0,0.3,3,6040,-0.02,0.04,105.5,123.1,86.1,88.9,28.5,29.97,27.02,27.42
98.76,3896,137.3,100,0,0.6,3,6043,0.01,0.04,105.5,123.1,86.1,88.9,28.49,29.97,27.02,27.42
98.8,3897,137.4,100,0,0.3,3,6045,0.03,0.04,105.4,123.1,86.1,88.9,28.49,29.97,27.02,27.42
98.84,3899,137.4,100,0,0.4,3,6048,-0.04,0.04,105.4,123.1,86.1,88.9,28.49,29.97,27.02,27.42
98.88,3901,137.5,100,0,-0.6,3,6050,-0.01,0.04,105.4,123,86.1,88.9,28.49,29.97,27.02,27.42
98.92,3902,137.6,100,0,-0.2,3,6053,-0.02,0.04,105.4,123,86,88.8,28.49,29.96,27.02,27.42
98.96,3904,137.6,100,0,-0.4,3,6055,0.01,0.04,105.4,123,86,88.8,28.49,29.96,27.02,27.42
99,3905,137.7,100,0,0.2,3,6058,0.02,0.04,105.4,123,86,88.8,28.49,29.96,27.02,27.42
99.04,3907,137.7,100,0,0.2,3,6060,0.01,0.04,105.4,123,86,88.8,28.49,29.96,27.02,27.42
99.08,3908,137.8,100,0,0,3,6063,-0.01,0.04,105.4,123,86,88.8,28.49,29.96,27.01,27.41
99.12,3910,137.8,100,0,-0.4,3,6065,0,0.04,105.3,123,86,88.8,28.49,29.96,27.01,27.41
99.16,3911,137.9,100,0,-0.3,3,6068,-0.02,0.04,105.3,123,86,88.8,28.49,29.96,27.01,27.41
99.2,3913,138,100,0,-0.6,3,6070,0.01,0.04,105.3,122.9,86,88.8,28.48,29.96,27.01,27.41
99.24,3914,138,100,0,-0.5,3,6073,-0.02,0.04,105.3,122.9,85.9,88.7,28.48,29.96,27.01,27.41
99.28,3916,138.1,100,0,-0.4,3,6075,0.06,0.04,105.3,122.9,85.9,88.7,28.48,29.96,27.01,27.41
99.32,3917,138.1,100,0,0.1,3,6078,-0.03,0.04,105.3,122.9,85.9,88.7,28.48,29.96,27.01,27.41
99.36,3919,138.2,100,0,-0.4,3,6081,-0.01,0.04,105.3,122.9,85.9,88.7,28.48,29.95,27.01,27.41
99.4,3920,138.3,100,0,0,3,6083,-0.03,0.04,105.3,122.9,85.9,88.7,28.48,29.95,27.01,27.41
99.44,3922,138.3,100,0,0,3,6086,-0.02,0.04,105.3,122.9,85.9,88.7,28.48,29.95,27.01,27.41
99.48,3923,138.4,100,0,0,3,6088,-0.01,0.04,105.2,122.9,85.9,88.7,28.48,29.95,27.01,27.41
99.52,3925,138.4,100,0,0.1,3,6091,0.03,0.04,105.2,122.8,85.9,88.7,28.48,29.95,27,27.4
99.56,3927,138.5,100,0,0,3,6093,0.01,0.04,105.2,122.8,85.9,88.7,28.48,29.95,27,27.4
99.6,3928,138.5,100,0,0,3,6096,0,0.04,105.2,122.8,85.8,88.6,28.48,29.95,27,27.4
99.64,3930,138.6,100,0,0.2,3,6098,0.01,0.04,105.2,122.8,85.8,88.6,28.47,29.95,27,27.4
99.68,3931,138.7,100,0,-0.1,3,6101,-0.03,0.04,105.2,122.8,85.8,88.6,28.47,29.95,27,27.4
99.72,3933,138.7,100,0,-0.1,3,6103,0,0.04,105.2,122.8,85.8,88.6,28.47,29.95,27,27.4
99.76,3934,138.8,100,0,-0.1,3,6106,0.02,0.04,105.2,122.8,85.8,88.6,28.47,29.95,27,27.4
99.8,3936,138.8,100,0,-0.1,3,6108,-0.02,0.04,105.1,122.8,85.8,88.6,28.47,29.94,27,27.4
99.84,3937,138.9,100,0,0.3,3,6111,0.01,0.04,105.1,122.8,85.8,88.6,28.47,29.94,27,27.4
99.88,3939,138.9,100,0,0.1,3,6113,0.02,0.04,105.1,122.7,85.8,88.6,28.47,29.94,27,27.4
99.92,3940,139,100,0,0.2,3,6116,-0.03,0.04,105.1,122.7,85.7,88.5,28.47,29.94,27,27.4
99.96,3942,139.1,100,0,-0.3,3,6119,-0.01,0.04,105.1,122.7,85.7,88.5,28.47,29.94,26.99,27.39
100,3944,139.1,100,0,-0.4,3,6121,0,0.04,105.1,122.7,85.7,88.5,28.47,29.94,26.99,27.39
100.04,3945,139.2,100,0,0.3,3,6124,-0.02,0.04,105.1,122.7,85.7,88.5,28.47,29.94,26.99,27.39
100.08,3947,139.2,100,0,-0.2,3,6126,-0.01,0.04,105.1,122.7,85.7,88.5,28.46,29.94,26.99,27.39
100.12,3948,139.3,100,0,0.3,3,6129,0,0.04,105,122.7,85.7,88.5,28.46,29.94,26.99,27.39
100.16,3950,139.3,100,0,-0.3,3,6131,-0.02,0.04,105,122.7,85.7,88.5,28.46,29.94,26.99,27.39
100.2,3951,139.4,100,0,0.5,3,6134,-0.02,0.04,105,122.6,85.7,88.5,28.46,29.94,26.99,27.39
100.24,3953,139.5,100,0,-0.2,3,6136,0.03,0.04,105,122.6,85.6,88.4,28.46,29.93,26.99,27.39
100.28,3954,139.5,100,0,0.3,3,6139,0.05,0.04,105,122.6,85.6,88.4,28.46,29.93,26.99,27.39
100.32,3956,139.6,100,0,-0.1,3,6141,0,0.04,105,122.6,85.6,88.4,28.46,29.93,26.99,27.39
100.36,3957,139.6,100,0,0.3,3,6144,0,0.04,105,122.6,85.6,88.4,28.46,29.93,26.99,27.39
100.4,3959,139.7,100,0,0.6,3,6146,-0.01,0.04,105,122.6,85.6,88.4,28.46,29.93,26.98,27.38
100.44,3961,139.7,100,0,-0.3,3,6149,0,0.04,105,122.6,85.6,88.4,28.46,29.93,26.98,27.38
100.48,3962,139.8,100,0,0.5,3,6151,0.03,0.04,104.9,122.6,85.6,88.4,28.46,29.93,26.98,27.38
100.52,3964,139.9,100,0,0.1,3,6154,0,0.04,104.9,122.5,85.6,88.4,28.45,29.93,26.98,27.38
100.56,3965,139.9,100,0,0.2,3,6157,0.01,0.04,104.9,122.5,85.6,88.4,28.45,29.93,26.98,27.38
100.6,3967,140,100,0,-0.9,3,6159,-0.02,0.04,104.9,122.5,85.5,88.3,28.45,29.93,26.98,27.38
100.64,3968,140,100,0,0.1,3,6162,0.05,0.04,104.9,122.5,85.5,88.3,28.45,29.93,26.98,27.38
100.68,3970,140.1,100,0,0.4,3,6164,-0.01,0.04,104.9,122.5,85.5,88.3,28.45,29.93,26.98,27.38
100.72,3971,140.2,100,0,-0.2,3,6167,-0.02,0.04,104.9,122.5,85.5,88.3,28.45,29.92,26.98,27.38
100.76,3973,140.2,100,0,0.5,3,6169,0.01,0.04,104.9,122.5,85.5,88.3,28.45,29.92,26.98,27.38
100.8,3975,140.3,100,0,-0.2,3,6172,-0.02,0.04,104.8,122.5,85.5,88.3,28.45,29.92,26.98,27.38
100.84,3976,140.3,100,0,0.2,3,6174,-0.01,0.04,104.8,122.5,85.5,88.3,28.45,29.92,26.98,27.38
100.88,3978,140.4,100,0,0.1,3,6177,0.01,0.04,104.8,122.4,85.5,88.3,28.45,29.92,26.97,27.37
100.92,3979,140.4,100,0,0.3,3,6179,-0.02,0.04,104.8,122.4,85.4,88.2,28.45,29.92,26.97,27.37
100.96,3981,140.5,100,0,0.3,3,6182,0.01,0.04,104.8,122.4,85.4,88.2,28.44,29.92,26.97,27.37
101,3982,140.6,100,0,0.5,3,6184,-0.01,0.04,104.8,122.4,85.4,88.2,28.44,29.92,26.97,27.37
101.04,3984,140.6,100,0,0.6,3,6187,-0.01,0.04,104.8,122.4,85.4,88.2,28.44,29.92,26.97,27.37
101.08,3985,140.7,100,0,0.2,3,6190,-0.01,0.04,104.8,122.4,85.4,88.2,28.44,29.92,26.97,27.37
101.12,3987,140.7,100,0,-0.6,3,6192,0.02,0.04,104.7,122.4,85.4,88.2,28.44,29.92,26.97,27.37
101.16,3989,140.8,100,0,-0.1,3,6195,-0.04,0.04,104.7,122.4,85.4,88.2,28.44,29.91,26.97,27.37
101.2,3990,140.8,100,0,0.1,3,6197,-0.02,0.04,104.7,122.3,85.4,88.2,28.44,29.91,26.97,27.37
101.24,3992,140.9,100,0,0.2,3,6200,-0.01,0.04,104.7,122.3,85.3,88.1,28.44,29.91,26.97,27.37
101.28,3993,141,100,0,0.3,3,6202,0.01,0.04,104.7,122.3,85.3,88.1,28.44,29.91,26.97,27.37
101.32,3995,141,100,0,-0.5,3,6205,0.01,0.04,104.7,122.3,85.3,88.1,28.44,29.91,26.96,27.36
101.36,3996,141.1,100,0,0.4,3,6207,-0.02,0.04,104.7,122.3,85.3,88.1,28.44,29.91,26.96,27.36
101.4,3998,141.1,100,0,-0.3,3,6210,0,0.04,104.7,122.3,85.3,88.1,28.43,29.91,26.96,27.36
101.44,4000,141.2,100,0,0.1,3,6212,-0.02,0.04,104.7,122.3,85.3,88.1,28.43,29.91,26.96,27.36
101.48,4001,141.2,100,0,-0.1,3,6215,0.03,0.04,104.6,122.3,85.3,88.1,28.43,29.91,26.96,27.36
101.52,4003,141.3,100,0,0,3,6217,-0.01,0.04,104.6,122.2,85.3,88.1,28.43,29.91,26.96,27.36
101.56,4004,141.4,100,0,0.5,3,6220,0,0.04,104.6,122.2,85.3,88.1,28.43,29.91,26.96,27.36
101.6,4006,141.4,100,0,0,3,6222,-0.01,0.04,104.6,122.2,85.2,88,28.43,29.9,26.96,27.36
101.64,4007,141.5,100,0,-0.4,3,6225,-0.01,0.04,104.6,122.2,85.2,88,28.43,29.9,26.96,27.36
101.68,4009,141.5,100,0,-0.3,3,6228,0.04,0.04,104.6,122.2,85.2,88,28.43,29.9,26.96,27.36
101.72,4011,141.6,100,0,-0.2,3,6230,-0.02,0.04,104.6,122.2,85.2,88,28.43,29.9,26.96,27.36
101.76,4012,141.6,100,0,-0.4,3,6233,0.02,0.04,104.6,122.2,85.2,88,28.43,29.9,26.95,27.35
101.8,4014,141.7,100,0,-0.2,3,6235,-0.02,0.04,104.5,122.2,85.2,88,28.43,29.9,26.95,27.35
101.84,4015,141.8,100,0,-0.2,3,6238,0.01,0.04,104.5,122.2,85.2,88,28.42,29.9,26.95,27.35
101.88,4017,141.8,100,0,0.2,3,6240,0,0.04,104.5,122.1,85.2,88,28.42,29.9,26.95,27.35
101.92,4018,141.9,100,0,-0.5,3,6243,-0.02,0.04,104.5,122.1,85.1,87.9,28.42,29.9,26.95,27.35
101.96,4020,141.9,100,0,-0.2,3,6245,-0.04,0.04,104.5,122.1,85.1,87.9,28.42,29.9,26.95,27.35
102,4022,142,100,0,0.2,3,6248,0.02,0.04,104.5,122.1,85.1,87.9,28.42,29.9,26.95,27.35
102.04,4023,142.1,100,0,-0.4,3,6250,0.02,0.04,104.5,122.1,85.1,87.9,28.42,29.89,26.95,27.35
102.08,4025,142.1,100,0,0.7,3,6253,0,0.04,104.5,122.1,85.1,87.9,28.42,29.89,26.95,27.35
102.12,4026,142.2,100,0,0,3,6255,0,0.04,104.4,122.1,85.1,87.9,28.42,29.89,26.95,27.35
102.16,4028,142.2,100,0,0,3,6258,0.03,0.04,104.4,122.1,85.1,87.9,28.42,29.89,26.95,27.35
102.2,4029,142.3,100,0,-0.2,3,6260,0.03,0.04,104.4,122,85.1,87.9,28.42,29.89,26.94,27.34
102.24,4031,142.3,100,0,0.3,3,6263,0,0.04,104.4,122,85,87.8,28.42,29.89,26.94,27.34
102.28,4033,142.4,100,0,-0.8,3,6266,-0.03,0.04,104.4,122,85,87.8,28.42,29.89,26.94,27.34
102.32,4034,142.5,100,0,0.4,3,6268,0,0.04,104.4,122,85,87.8,28.41,29.89,26.94,27.34
102.36,4036,142.5,100,0,-0.4,3,6271,-0.03,0.04,104.4,122,85,87.8,28.41,29.89,26.94,27.34
102.4,4037,142.6,100,0,0.1,3,6273,0,0.04,104.4,122,85,87.8,28.41,29.89,26.94,27.34
102.44,4039,142.6,100,0,0.8,3,6276,0.01,0.04,104.4,122,85,87.8,28.41,29.89,26.94,27.34
102.48,4041,142.7,100,0,-0.8,3,6278,0.02,0.04,104.3,122,85,87.8,28.41,29.88,26.94,27.34
102.52,4042,142.7,100,0,-0.2,3,6281,-0.02,0.04,104.3,121.9,85,87.8,28.41,29.88,26.94,27.34
102.56,4044,142.8,100,0,-0.1,3,6283,0.03,0.04,104.3,121.9,85,87.8,28.41,29.88,26.94,27.34
102.6,4045,142.9,100,0,1,3,6286,0,0.04,104.3,121.9,84.9,87.7,28.41,29.88,26.94,27.34
102.64,4047,142.9,100,0,-0.1,3,6288,0.01,0.04,104.3,121.9,84.9,87.7,28.41,29.88,26.93,27.33
102.68,4048,143,100,0,-0.1,3,6291,0,0.04,104.3,121.9,84.9,87.7,28.41,29.88,26.93,27.33
102.72,4050,143,100,0,0.1,3,6293,0.03,0.04,104.3,121.9,84.9,87.7,28.41,29.88,26.93,27.33
102.76,4052,143.1,100,0,0.4,3,6296,0.04,0.04,104.3,121.9,84.9,87.7,28.4,29.88,26.93,27.33
102.8,4053,143.1,100,0,0,3,6298,0.01,0.04,104.2,121.9,84.9,87.7,28.4,29.88,26.93,27.33
102.84,4055,143.2,100,0,0.2,3,6301,-0.01,0.04,104.2,121.9,84.9,87.7,28.4,29.88,26.93,27.33
102.88,4056,143.3,100,0,0.2,3,6304,0.01,0.04,104.2,121.8,84.9,87.7,28.4,29.88,26.93,27.33
102.92,4058,143.3,100,0,-0.1,3,6306,0.01,0.04,104.2,121.8,84.8,87.6,28.4,29.87,26.93,27.33
102.96,4060,143.4,100,0,-0.2,3,6309,-0.02,0.04,104.2,121.8,84.8,87.6,28.4,29.87,26.93,27.33
103,4061,143.4,100,0,-0.2,3,6311,0.01,0.04,104.2,121.8,84.8,87.6,28.4,29.87,26.93,27.33
103.04,4063,143.5,100,0,-0.4,3,6314,0.03,0.04,104.2,121.8,84.8,87.6,28.4,29.87,26.93,27.33
103.08,4064,143.6,100,0,0,3,6316,-0.02,0.04,104.2,121.8,84.8,87.6,28.4,29.87,26.92,27.32
103.12,4066,143.6,100,0,0.2,3,6319,-0.01,0.04,104.1,121.8,84.8,87.6,28.4,29.87,26.92,27.32
103.16,4068,143.7,100,0,-0.3,3,6321,0.01,0.04,104.1,121.8,84.8,87.6,28.4,29.87,26.92,27.32
103.2,4069,143.7,100,0,-1.1,3,6324,0.02,0.04,104.1,121.7,84.8,87.6,28.39,29.87,26.92,27.32
103.24,4071,143.8,100,0,0.1,3,6326,-0.01,0.04,104.1,121.7,84.7,87.5,28.39,29.87,26.92,27.32
103.28,4072,143.8,100,0,-0.1,3,6329,-0.02,0.04,104.1,121.7,84.7,87.5,28.39,29.87,26.92,27.32
103.32,4074,143.9,100,0,-0.3,3,6331,-0.02,0.04,104.1,121.7,84.7,87.5,28.39,29.87,26.92,27.32
103.36,4076,144,100,0,0.2,3,6334,0.04,0.04,104.1,121.7,84.7,87.5,28.39,29.86,26.92,27.32
103.4,4077,144,100,0,-0.2,3,6336,0.02,0.04,104.1,121.7,84.7,87.5,28.39,29.86,26.92,27.32
103.44,4079,144.1,100,0,0.2,3,6339,0.01,0.04,104.1,121.7,84.7,87.5,28.39,29.86,26.92,27.32
103.48,4080,144.1,100,0,0.3,3,6342,-0.01,0.04,104,121.7,84.7,87.5,28.39,29.86,26.92,27.32
103.52,4082,144.2,100,0,0.4,3,6344,0.02,0.04,104,121.6,84.7,87.5,28.39,29.86,26.91,27.31
103.56,4084,144.2,100,0,0.2,3,6347,-0.01,0.04,104,121.6,84.7,87.5,28.39,29.86,26.91,27.31
103.6,4085,144.3,100,0,0.4,3,6349,0.03,0.04,104,121.6,84.6,87.4,28.39,29.86,26.91,27.31
103.64,4087,144.4,100,0,-0.1,3,6352,-0.01,0.04,104,121.6,84.6,87.4,28.38,29.86,26.91,27.31
103.68,4088,144.4,100,0,-0.1,3,6354,0.01,0.04,104,121.6,84.6,87.4,28.38,29.86,26.91,27.31
103.72,4090,144.5,100,0,-1.2,3,6357,0.01,0.04,104,121.6,84.6,87.4,28.38,29.86,26.91,27.31
103.76,4092,144.5,100,0,0,3,6359,0.04,0.04,104,121.6,84.6,87.4,28.38,29.86,26.91,27.31
103.8,4093,144.6,100,0,-0.3,3,6362,0.01,0.04,103.9,121.6,84.6,87.4,28.38,29.85,26.91,27.31
103.84,4095,144.6,100,0,0.6,3,6364,0.01,0.04,103.9,121.6,84.6,87.4,28.38,29.85,26.91,27.31
103.88,4096,144.7,100,0,0.1,3,6367,-0.02,0.04,103.9,121.5,84.6,87.4,28.38,29.85,26.91,27.31
103.92,4098,144.8,100,0,0.1,3,6369,0.03,0.04,103.9,121.5,84.5,87.3,28.38,29.85,26.91,27.31
103.96,4100,144.8,100,0,-0.3,3,6372,0.01,0.04,103.9,121.5,84.5,87.3,28.38,29.85,26.9,27.3
104,4101,144.9,100,0,-0.3,3,6375,-0.01,0.04,103.9,121.5,84.5,87.3,28.38,29.85,26.9,27.3
104.04,4103,144.9,100,0,0.5,3,6377,0.01,0.04,103.9,121.5,84.5,87.3,28.38,29.85,26.9,27.3
104.08,4104,145,100,0,-0.2,3,6380,-0.01,0.04,103.9,121.5,84.5,87.3,28.37,29.85,26.9,27.3
104.12,4106,145,100,0,-0.4,3,6382,0.02,0.04,103.8,121.5,84.5,87.3,28.37,29.85,26.9,27.3
104.16,4108,145.1,100,0,-0.4,3,6385,0.03,0.04,103.8,121.5,84.5,87.3,28.37,29.85,26.9,27.3
104.2,4109,145.2,100,0,1.2,3,6387,-0.03,0.04,103.8,121.4,84.5,87.3,28.37,29.85,26.9,27.3
104.24,4111,145.2,100,0,-0.4,3,6390,0.03,0.04,103.8,121.4,84.4,87.2,28.37,29.84,26.9,27.3
104.28,4113,145.3,100,0,-0.1,3,6392,-0.04,0.04,103.8,121.4,84.4,87.2,28.37,29.84,26.9,27.3
104.32,4114,145.3,100,0,0.7,3,6395,0,0.04,103.8,121.4,84.4,87.2,28.37,29.84,26.9,27.3
104.36,4116,145.4,100,0,-0.4,3,6397,0.02,0.04,103.8,121.4,84.4,87.2,28.37,29.84,26.9,27.3
104.4,4117,145.5,100,0,0.2,3,6400,-0.02,0.04,103.8,121.4,84.4,87.2,28.37,29.84,26.89,27.29
104.44,4119,145.5,100,0,-0.3,3,6402,-0.02,0.04,103.8,121.4,84.4,87.2,28.37,29.84,26.89,27.29
104.48,4121,145.4,0,3,0.3,3,6398,0,-1.85,103.8,121.5,84.4,87.2,28.37,29.85,26.89,27.29
104.52,4122,145.1,0,11,-1.1,3,6384,0,-1.85,103.8,121.6,84.4,87.2,28.37,29.86,26.89,27.29
104.56,4124,144.5,0,20,-0.1,3,6358,0,-1.85,103.9,121.7,84.4,87.2,28.38,29.87,26.89,27.29
104.6,4125,143.6,0,28,0.6,3,6321,0,-1.85,103.9,121.9,84.4,87.2,28.38,29.88,26.89,27.29
104.64,4127,142.6,0,36,1.8,3,6273,0,-1.85,104,122,84.4,87.2,28.38,29.89,26.89,27.29
104.68,4129,141.2,0,44,-0.9,3,6215,0,-1.85,104,122.1,84.4,87.2,28.38,29.89,26.89,27.29
104.72,4130,139.7,0,52,-2.2,3,6146,0,-1.85,104,122.2,84.4,87.2,28.39,29.9,26.89,27.29
104.76,4132,137.9,0,60,-0.2,3,6067,0,-1.85,104.1,122.3,84.4,87.2,28.39,29.91,26.89,27.29
104.8,4133,135.8,0,68,0.1,3,5977,0,-1.85,104.1,122.5,84.4,87.2,28.39,29.92,26.89,27.29
104.84,4135,133.6,0,76,1.3,2,7613,0,-1.85,104.2,122.6,84.4,87.2,28.4,29.93,26.89,27.29
104.88,4136,131.1,0,83,0.9,2,7471,0,-1.85,104.2,122.7,84.4,87.2,28.4,29.94,26.89,27.29
104.92,4138,128.3,0,91,0.6,2,7316,0,-1.85,104.2,122.8,84.4,87.2,28.4,29.95,26.89,27.29
104.96,4139,125.6,0,92,2.2,2,7159,0,-1.85,104.3,122.9,84.4,87.2,28.41,29.96,26.89,27.29
105,4141,122.8,0,92,0.7,2,7001,0,-1.85,104.3,123.1,84.4,87.2,28.41,29.97,26.89,27.29
105.04,4142,120.1,0,92,-1.1,2,6844,0,-1.85,104.4,123.2,84.4,87.2,28.41,29.98,26.89,27.29
105.08,4143,118,0,92,0.2,2,6726,0,-1.85,104.4,123.3,84.4,87.2,28.41,29.98,26.89,27.29
105.12,4145,118,0,92,-0.1,2,6726,0,-1.85,104.4,123.4,84.4,87.2,28.42,29.99,26.89,27.29
105.16,4146,118,0,92,-0.5,2,6726,0,-1.85,104.5,123.5,84.4,87.2,28.42,30,26.89,27.29
105.2,4147,118,0,92,-1.4,2,6726,0,-1.85,104.5,123.7,84.4,87.2,28.42,30.01,26.89,27.29
105.24,4149,118,0,92,-0.2,2,6726,0,-1.85,104.6,123.8,84.4,87.2,28.43,30.02,26.89,27.29
105.28,4150,118,0,92,0.7,2,6726,0,-1.85,104.6,123.9,84.4,87.2,28.43,30.03,26.89,27.29
105.32,4151,118,0,92,1,2,6726,0,-1.85,104.6,124,84.4,87.2,28.43,30.04,26.89,27.29
105.36,4152,118,0,92,1.8,2,6726,0,-1.85,104.7,124.1,84.4,87.2,28.44,30.05,26.89,27.29
105.4,4154,118,0,92,0.9,2,6726,0,-1.85,104.7,124.3,84.4,87.2,28.44,30.06,26.89,27.29
105.44,4155,118,0,92,0.3,2,6726,0,-1.85,104.8,124.4,84.4,87.2,28.44,30.07,26.89,27.29
105.48,4156,118,0,92,-0.4,2,6726,0,-1.85,104.8,124.5,84.4,87.2,28.44,30.07,26.89,27.29
105.52,4158,118,0,92,0.2,2,6726,0,-1.85,104.8,124.6,84.4,87.2,28.45,30.08,26.89,27.29
105.56,4159,118,0,92,-0.7,2,6726,0,-1.85,104.9,124.7,84.4,87.2,28.45,30.09,26.89,27.29
105.6,4160,118,0,92,-1.4,2,6726,0,-1.85,104.9,124.9,84.4,87.2,28.45,30.1,26.89,27.29
105.64,4162,118,0,92,-0.1,2,6726,0,-1.85,105,125,84.4,87.2,28.46,30.11,26.89,27.29
105.68,4163,118,0,92,-0.9,2,6726,0,-1.85,105,125.1,84.4,87.2,28.46,30.12,26.89,27.29
105.72,4164,118,0,92,-0.2,2,6726,0,-1.85,105,125.2,84.4,87.2,28.46,30.13,26.89,27.29
105.76,4166,118,0,92,0.6,2,6726,0,-1.85,105.1,125.3,84.4,87.2,28.47,30.14,26.89,27.29
105.8,4167,118,0,92,-0.3,2,6726,0,-1.85,105.1,125.5,84.4,87.2,28.47,30.15,26.89,27.29
105.84,4168,118,0,92,-0.2,2,6726,0,-1.85,105.2,125.6,84.4,87.2,28.47,30.16,26.89,27.29
105.88,4169,118,0,92,-0.7,2,6726,0,-1.85,105.2,125.7,84.4,87.2,28.47,30.16,26.89,27.29
105.92,4171,118,0,92,0.7,2,6726,0,-1.85,105.2,125.8,84.4,87.2,28.48,30.17,26.89,27.29
105.96,4172,118,0,92,-0.9,2,6726,0,-1.85,105.3,125.9,84.4,87.2,28.48,30.18,26.89,27.29
106,4173,118,0,92,1.2,2,6726,0,-1.85,105.3,126.1,84.4,87.2,28.48,30.19,26.89,27.29
106.04,4175,118,0,91,-0.3,2,6726,-0.02,-1.38,105.4,126.2,84.4,87.2,28.49,30.2,26.89,27.29
106.08,4176,118,0,88,-2.1,2,6726,-0.06,-1.36,105.4,126.3,84.4,87.2,28.49,30.21,26.89,27.29
106.12,4177,118,0,86,-5.1,2,6726,-0.11,-1.33,105.4,126.4,84.4,87.2,28.49,30.22,26.89,27.29
106.16,4179,118,0,83,-6.2,2,6726,-0.15,-1.3,105.5,126.5,84.4,87.2,28.5,30.23,26.89,27.29
106.2,4180,118,0,81,-8,2,6726,-0.19,-1.27,105.5,126.7,84.4,87.2,28.5,30.24,26.89,27.29
106.24,4181,118,0,78,-9.9,2,6726,-0.23,-1.25,105.6,126.8,84.4,87.2,28.5,30.25,26.89,27.29
106.28,4183,118,0,76,-11.7,2,6726,-0.27,-1.22,105.6,126.9,84.4,87.2,28.5,30.25,26.89,27.29
106.32,4184,118,0,73,-13.6,2,6726,-0.32,-1.19,105.6,127,84.4,87.2,28.51,30.26,26.89,27.29
106.36,4185,118,0,71,-15.9,2,6726,-0.36,-1.16,105.7,127.1,84.4,87.2,28.51,30.27,26.89,27.29
106.4,4187,118,0,69,-16.8,2,6726,-0.4,-1.13,105.7,127.3,84.4,87.2,28.51,30.28,26.89,27.29
106.44,4188,118,0,66,-19.2,2,6726,-0.44,-1.11,105.8,127.4,84.4,87.2,28.52,30.29,26.89,27.29
106.48,4189,118,0,64,-20.5,2,6726,-0.48,-1.08,105.8,127.5,84.4,87.2,28.52,30.3,26.89,27.29
106.52,4190,118,0,62,-22.2,2,6726,-0.52,-1.05,105.8,127.6,84.4,87.2,28.52,30.31,26.89,27.29
106.56,4192,118,0,59,-24.2,2,6726,-0.57,-1.02,105.9,127.7,84.4,87.2,28.53,30.32,26.89,27.29
106.6,4193,118,0,57,-24.6,2,6726,-0.61,-1,105.9,127.9,84.4,87.2,28.53,30.33,26.89,27.29
106.64,4194,118,0,55,-27.2,2,6726,-0.65,-0.97,106,128,84.4,87.2,28.53,30.34,26.89,27.29
106.68,4196,118,0,53,-28.4,2,6726,-0.69,-0.94,106,128.1,84.4,87.2,28.53,30.34,26.89,27.29
106.72,4197,118,0,50,-30.3,2,6726,-0.73,-0.91,106,128.2,84.4,87.2,28.54,30.35,26.89,27.29
106.76,4198,118,0,48,-31.4,2,6726,-0.77,-0.88,106.1,128.3,84.4,87.2,28.54,30.36,26.89,27.29
106.8,4200,118,0,46,-33.2,2,6726,-0.82,-0.86,106.1,128.5,84.4,87.2,28.54,30.37,26.89,27.29
106.84,4201,118,0,44,-34.7,2,6726,-0.86,-0.83,106.2,128.6,84.4,87.2,28.55,30.38,26.89,27.29
106.88,4202,118,0,42,-36.3,2,6726,-0.9,-0.8,106.2,128.7,84.4,87.2,28.55,30.39,26.89,27.29
106.92,4204,118,0,40,-37.7,2,6726,-0.94,-0.77,106.2,128.8,84.4,87.2,28.55,30.4,26.89,27.29
106.96,4205,118,0,38,-39,2,6726,-0.98,-0.74,106.3,128.9,84.4,87.2,28.56,30.41,26.89,27.29
107,4206,118,0,36,-39.8,2,6726,-1.02,-0.72,106.3,129.1,84.4,87.2,28.56,30.42,26.89,27.29
107.04,4208,118,0,34,-41.5,2,6726,-1.07,-0.69,106.4,129.2,84.4,87.2,28.56,30.43,26.89,27.29
107.08,4209,118,0,32,-42.6,2,6726,-1.11,-0.66,106.4,129.3,84.4,87.2,28.56,30.43,26.89,27.29
107.12,4210,118,0,30,-43.6,2,6726,-1.15,-0.63,106.4,129.4,84.4,87.2,28.57,30.44,26.89,27.29
107.16,4211,118,0,28,-44.9,2,6726,-1.19,-0.61,106.5,129.5,84.4,87.2,28.57,30.45,26.89,27.29
107.2,4213,118,0,27,-46.3,2,6726,-1.23,-0.58,106.5,129.7,84.4,87.2,28.57,30.46,26.89,27.29
107.24,4214,118,0,25,-47.4,2,6726,-1.27,-0.55,106.6,129.8,84.4,87.2,28.58,30.47,26.89,27.29
107.28,4215,118,0,23,-49,2,6726,-1.32,-0.52,106.6,129.9,84.4,87.2,28.58,30.48,26.89,27.29
107.32,4217,118,0,21,-48.8,2,6726,-1.36,-0.49,106.6,130,84.4,87.2,28.58,30.49,26.89,27.29
107.36,4218,118,0,20,-50.5,2,6726,-1.4,-0.47,106.7,130.1,84.4,87.2,28.59,30.5,26.89,27.29
107.4,4219,118,0,18,-51.1,2,6726,-1.44,-0.44,106.7,130.3,84.4,87.2,28.59,30.51,26.89,27.29
107.44,4221,118,0,17,-52.1,2,6726,-1.48,-0.41,106.8,130.4,84.4,87.2,28.59,30.52,26.89,27.29
107.48,4222,118,0,15,-51.1,2,6726,-1.52,-0.38,106.8,130.5,84.4,87.2,28.59,30.52,26.89,27.29
107.52,4223,118,0,14,-54,2,6726,-1.57,-0.36,106.8,130.6,84.4,87.2,28.6,30.53,26.89,27.29
107.56,4225,118,0,12,-53.6,2,6726,-1.61,-0.33,106.9,130.7,84.4,87.2,28.6,30.54,26.89,27.29
107.6,4226,118,0,11,-55.1,2,6726,-1.65,-0.3,106.9,130.9,84.4,87.2,28.6,30.55,26.89,27.29
107.64,4227,118,0,9,-55.1,2,6726,-1.69,-0.27,107,131,84.4,87.2,28.61,30.56,26.89,27.29
107.68,4228,118,0,8,-55.7,2,6726,-1.73,-0.24,107,131.1,84.4,87.2,28.61,30.57,26.89,27.29
107.72,4230,118,0,7,-56.8,2,6726,-1.78,-0.22,107,131.2,84.4,87.2,28.61,30.58,26.89,27.29
107.76,4231,118,0,6,-56.4,2,6726,-1.82,-0.19,107.1,131.3,84.4,87.2,28.62,30.59,26.89,27.29
107.8,4232,118,0,4,-57.5,2,6726,-1.86,-0.16,107.1,131.5,84.4,87.2,28.62,30.6,26.89,27.29
107.84,4234,118,0,3,-57.9,2,6726,-1.9,-0.13,107.2,131.6,84.4,87.2,28.62,30.61,26.89,27.29
107.88,4235,118,0,2,-57.2,2,6726,-1.94,-0.11,107.2,131.7,84.4,87.2,28.62,30.61,26.89,27.29
107.92,4236,118,0,2,-57.7,2,6726,-1.98,-0.08,107.2,131.8,84.4,87.2,28.63,30.62,26.89,27.29
107.96,4238,118,0,1,-57.6,2,6726,-2.03,-0.05,107.3,131.9,84.4,87.2,28.63,30.63,26.89,27.29
108,4239,118,0,0,-58.5,2,6726,-2.07,-0.02,107.3,132.1,84.4,87.2,28.63,30.64,26.89,27.29
108.04,4240,118,1,0,-57.7,2,6726,-1.95,0,107.3,132.1,84.4,87.2,28.63,30.64,26.9,27.3
108.08,4242,118,3,0,-57.2,2,6726,-1.93,0.01,107.3,132.1,84.5,87.3,28.63,30.64,26.9,27.3
108.12,4243,118,5,0,-57,2,6727,-1.91,0.02,107.3,132.1,84.5,87.3,28.63,30.64,26.9,27.3
108.16,4244,118,6,0,-55.3,2,6727,-1.89,0.02,107.3,132.1,84.5,87.3,28.63,30.64,26.9,27.3
108.2,4246,118,8,0,-55,2,6728,-1.87,0.03,107.3,132.1,84.6,87.4,28.63,30.64,26.91,27.31
108.24,4247,118,9,0,-54.3,2,6728,-1.85,0.04,107.3,132.1,84.6,87.4,28.63,30.64,26.91,27.31
108.28,4248,118.1,11,0,-53.5,2,6729,-1.83,0.05,107.3,132.1,84.6,87.4,28.63,30.64,26.91,27.31
108.32,4249,118.1,12,0,-52.8,2,6730,-1.82,0.06,107.3,132.1,84.7,87.5,28.63,30.64,26.92,27.32
108.36,4251,118.1,14,0,-52.5,2,6731,-1.8,0.06,107.3,132.1,84.7,87.5,28.63,30.64,26.92,27.32
108.4,4252,118.1,15,0,-51.1,2,6732,-1.78,0.07,107.3,132.1,84.7,87.5,28.63,30.64,26.92,27.32
108.44,4253,118.1,17,0,-50.3,2,6733,-1.76,0.08,107.3,132.1,84.8,87.6,28.63,30.64,26.92,27.32
108.48,4255,118.1,18,0,-49.9,2,6734,-1.74,0.09,107.3,132.1,84.8,87.6,28.63,30.64,26.93,27.33
108.52,4256,118.2,19,0,-49.7,2,6736,-1.72,0.09,107.3,132.1,84.8,87.6,28.63,30.64,26.93,27.33
108.56,4257,118.2,21,0,-49.6,2,6737,-1.7,0.1,107.3,132.1,84.9,87.7,28.63,30.64,26.93,27.33
108.6,4259,118.2,22,0,-48.3,2,6739,-1.69,0.11,107.3,132.1,84.9,87.7,28.63,30.64,26.93,27.33
108.64,4260,118.3,23,0,-47.6,2,6740,-1.67,0.12,107.3,132.1,84.9,87.7,28.63,30.64,26.94,27.34
108.68,4261,118.3,25,0,-46.7,2,6742,-1.65,0.13,107.3,132.1,85,87.8,28.63,30.64,26.94,27.34
108.72,4263,118.3,26,0,-45.6,2,6744,-1.63,0.13,107.3,132.1,85,87.8,28.63,30.64,26.94,27.34
108.76,4264,118.3,27,0,-45.9,2,6746,-1.61,0.14,107.3,132.1,85.1,87.9,28.63,30.64,26.94,27.34
108.8,4265,118.4,29,0,-44.8,2,6748,-1.59,0.15,107.3,132.1,85.1,87.9,28.63,30.64,26.95,27.35
108.84,4267,118.4,30,0,-44.6,2,6750,-1.57,0.16,107.3,132.1,85.1,87.9,28.63,30.64,26.95,27.35
108.88,4268,118.5,31,0,-43.8,2,6752,-1.56,0.16,107.3,132.1,85.2,88,28.63,30.64,26.95,27.35
108.92,4269,118.5,32,0,-43.2,2,6754,-1.54,0.17,107.3,132.1,85.2,88,28.63,30.64,26.95,27.35
108.96,4270,118.5,34,0,-42.1,2,6757,-1.52,0.18,107.3,132.1,85.2,88,28.63,30.64,26.96,27.36
109,4272,118.6,35,0,-41.9,2,6759,-1.5,0.19,107.3,132.1,85.3,88.1,28.63,30.64,26.96,27.36
109.04,4273,118.6,36,0,-40.4,2,6762,-1.48,0.2,107.3,132.1,85.3,88.1,28.63,30.64,26.96,27.36
109.08,4274,118.7,37,0,-39.6,2,6764,-1.46,0.2,107.3,132.1,85.3,88.1,28.63,30.64,26.96,27.36
109.12,4276,118.7,38,0,-38.9,2,6767,-1.44,0.21,107.3,132.1,85.4,88.2,28.63,30.64,26.97,27.37
109.16,4277,118.8,40,0,-38.5,2,6770,-1.42,0.22,107.3,132.1,85.4,88.2,28.63,30.64,26.97,27.37
109.2,4278,118.8,41,0,-37.8,2,6772,-1.41,0.23,107.3,132.1,85.4,88.2,28.63,30.64,26.97,27.37
109.24,4280,118.9,42,0,-37.4,2,6775,-1.39,0.23,107.3,132.1,85.5,88.3,28.63,30.64,26.98,27.38
109.28,4281,118.9,43,0,-36.3,2,6778,-1.37,0.24,107.3,132.1,85.5,88.3,28.63,30.64,26.98,27.38
109.32,4282,119,44,0,-35.5,2,6781,-1.35,0.25,107.3,132.1,85.5,88.3,28.63,30.64,26.98,27.38
109.36,4284,119,46,0,-34.7,2,6785,-1.33,0.26,107.3,132.1,85.6,88.4,28.63,30.64,26.98,27.38
109.4,4285,119.1,47,0,-34.7,2,6788,-1.31,0.27,107.3,132.1,85.6,88.4,28.63,30.64,26.99,27.39
109.44,4286,119.1,48,0,-33.2,2,6791,-1.29,0.27,107.3,132.1,85.6,88.4,28.63,30.64,26.99,27.39
109.48,4288,119.2,49,0,-32.9,2,6795,-1.27,0.28,107.3,132.1,85.7,88.5,28.63,30.64,26.99,27.39
109.52,4289,119.3,50,0,-32,2,6798,-1.26,0.29,107.3,132.1,85.7,88.5,28.63,30.64,26.99,27.39
109.56,4290,119.3,51,0,-32.1,2,6802,-1.24,0.3,107.3,132.1,85.8,88.6,28.63,30.64,27,27.4
109.6,4292,119.4,53,0,-30.6,2,6805,-1.22,0.31,107.3,132.1,85.8,88.6,28.63,30.64,27,27.4
109.64,4293,119.5,54,0,-29.9,2,6809,-1.2,0.31,107.3,132.1,85.8,88.6,28.63,30.64,27,27.4
109.68,4294,119.5,55,0,-30.1,2,6813,-1.18,0.32,107.3,132.1,85.9,88.7,28.63,30.64,27,27.4
109.72,4296,119.6,56,0,-27.9,2,6817,-1.16,0.33,107.3,132.1,85.9,88.7,28.63,30.64,27.01,27.41
109.76,4297,119.7,57,0,-28,2,6821,-1.14,0.34,107.3,132.1,85.9,88.7,28.63,30.64,27.01,27.41
109.8,4298,119.7,58,0,-27,2,6825,-1.12,0.34,107.3,132.1,86,88.8,28.63,30.64,27.01,27.41
109.84,4300,119.8,59,0,-27.3,2,6829,-1.1,0.35,107.3,132.1,86,88.8,28.63,30.64,27.01,27.41
109.88,4301,119.9,61,0,-26,2,6833,-1.09,0.36,107.3,132.1,86,88.8,28.63,30.64,27.02,27.42
109.92,4302,120,62,0,-24.3,2,6837,-1.07,0.37,107.3,132.1,86.1,88.9,28.63,30.64,27.02,27.42
109.96,4304,120,63,0,-24.2,2,6842,-1.05,0.38,107.3,132.1,86.1,88.9,28.63,30.64,27.02,27.42
110,4305,120.1,64,0,-23.8,2,6846,-1.03,0.38,107.3,132.1,86.1,88.9,28.63,30.64,27.03,27.43
110.04,4306,120.2,65,0,-22.9,2,6851,-1.01,0.39,107.3,132.1,86.2,89,28.63,30.64,27.03,27.43
110.08,4308,120.3,66,0,-22.5,2,6855,-0.99,0.4,107.3,132.1,86.2,89,28.63,30.64,27.03,27.43
110.12,4309,120.3,67,0,-21.7,2,6860,-0.97,0.41,107.3,132.1,86.2,89,28.63,30.64,27.03,27.43
110.16,4310,120.4,68,0,-20.7,2,6864,-0.95,0.42,107.3,132.1,86.3,89.1,28.63,30.64,27.04,27.44
110.2,4312,120.5,69,0,-20.2,2,6869,-0.93,0.42,107.3,132.1,86.3,89.1,28.63,30.64,27.04,27.44
110.24,4313,120.6,71,0,-19.7,2,6874,-0.92,0.43,107.3,132.1,86.3,89.1,28.63,30.64,27.04,27.44
110.28,4314,120.7,72,0,-18.5,2,6879,-0.9,0.44,107.3,132.1,86.4,89.2,28.63,30.64,27.04,27.44
110.32,4316,120.8,73,0,-17.8,2,6884,-0.88,0.45,107.3,132.1,86.4,89.2,28.63,30.64,27.05,27.45
110.36,4317,120.9,74,0,-17.8,2,6889,-0.86,0.45,107.3,132.1,86.5,89.3,28.63,30.64,27.05,27.45
110.4,4318,120.9,75,0,-16.7,2,6894,-0.84,0.46,107.3,132.1,86.5,89.3,28.63,30.64,27.05,27.45
110.44,4320,121,76,0,-16.1,2,6899,-0.82,0.47,107.3,132.1,86.5,89.3,28.63,30.64,27.05,27.45
110.48,4321,121.1,77,0,-14.8,2,6905,-0.8,0.48,107.3,132.1,86.6,89.4,28.63,30.64,27.06,27.46
110.52,4322,121.2,78,0,-14.3,2,6910,-0.78,0.49,107.3,132.1,86.6,89.4,28.63,30.64,27.06,27.46
110.56,4324,121.3,79,0,-14.4,2,6915,-0.76,0.49,107.3,132.1,86.6,89.4,28.63,30.64,27.06,27.46
110.6,4325,121.4,80,0,-12.2,2,6921,-0.74,0.5,107.3,132.1,86.7,89.5,28.63,30.64,27.06,27.46
110.64,4326,121.5,81,0,-12.6,2,6926,-0.72,0.51,107.3,132.1,86.7,89.5,28.63,30.64,27.07,27.47
110.68,4328,121.6,83,0,-12.3,2,6932,-0.71,0.52,107.3,132.1,86.7,89.5,28.63,30.64,27.07,27.47
110.72,4329,121.7,84,0,-10.5,2,6938,-0.69,0.53,107.3,132.1,86.8,89.6,28.63,30.64,27.07,27.47
110.76,4330,121.8,85,0,-10.3,2,6943,-0.67,0.53,107.3,132.1,86.8,89.6,28.63,30.64,27.08,27.48
110.8,4332,121.9,86,0,-9.5,2,6949,-0.65,0.54,107.3,132.1,86.8,89.6,28.63,30.64,27.08,27.48
110.84,4333,122,87,0,-9.3,2,6955,-0.63,0.55,107.3,132.1,86.9,89.7,28.63,30.64,27.08,27.48
110.88,4335,122.1,88,0,-8.5,2,6961,-0.61,0.56,107.3,132.1,86.9,89.7,28.63,30.64,27.08,27.48
110.92,4336,122.2,89,0,-7.2,2,6967,-0.59,0.57,107.3,132.1,86.9,89.7,28.63,30.64,27.09,27.49
110.96,4337,122.3,90,0,-6.8,2,6973,-0.57,0.57,107.3,132.1,87,89.8,28.63,30.64,27.09,27.49
111,4339,122.4,91,0,-5.9,2,6979,-0.55,0.58,107.3,132.1,87,89.8,28.63,30.64,27.09,27.49
111.04,4340,122.6,92,0,-5.3,2,6986,-0.53,0.59,107.3,132.1,87,89.8,28.63,30.64,27.09,27.49
111.08,4341,122.7,93,0,-4.7,2,6992,-0.51,0.6,107.3,132.1,87.1,89.9,28.63,30.64,27.1,27.5
111.12,4343,122.8,94,0,-3.9,2,6998,-0.49,0.61,107.3,132.1,87.1,89.9,28.63,30.64,27.1,27.5
111.16,4344,122.9,95,0,-2.8,2,7005,-0.47,0.61,107.3,132.1,87.2,90,28.63,30.64,27.1,27.5
111.2,4345,123,96,0,-2.5,2,7011,-0.46,0.62,107.3,132.1,87.2,90,28.63,30.64,27.1,27.5
111.24,4347,123.1,97,0,-1.6,2,7018,-0.44,0.63,107.3,132.1,87.2,90,28.63,30.64,27.11,27.51
111.28,4348,123.2,99,0,-0.9,2,7024,-0.42,0.64,107.3,132.1,87.3,90.1,28.63,30.64,27.11,27.51
111.32,4349,123.4,100,0,-0.4,2,7031,-0.4,0.65,107.3,132.1,87.3,90.1,28.63,30.64,27.11,27.51
111.36,4351,123.4,100,0,-0.1,2,7034,0,0.04,107.3,132,87.3,90.1,28.63,30.64,27.11,27.51
111.4,4352,123.5,100,0,-0.4,2,7038,0.01,0.04,107.3,132,87.3,90.1,28.63,30.64,27.11,27.51
111.44,4354,123.5,100,0,-0.1,2,7041,-0.01,0.04,107.3,132,87.3,90.1,28.63,30.64,27.11,27.51
111.48,4355,123.6,100,0,0.4,2,7044,0.02,0.04,107.3,132,87.2,90,28.63,30.64,27.11,27.51
111.52,4356,123.6,100,0,-0.8,2,7047,0,0.04,107.3,132,87.2,90,28.63,30.64,27.11,27.51
111.56,4358,123.7,100,0,-0.4,2,7051,0.01,0.04,107.2,132,87.2,90,28.63,30.64,27.11,27.51
111.6,4359,123.8,100,0,0,2,7054,0,0.04,107.2,132,87.2,90,28.63,30.64,27.11,27.51
111.64,4360,124,0,1,0.3,2,7068,0,-1.85,107.3,132.1,87.2,90,28.63,30.64,27.11,27.51
111.68,4362,124,0,4,1.8,2,7068,0,-1.85,107.3,132.2,87.2,90,28.63,30.65,27.11,27.51
111.72,4363,124,0,6,-1.1,2,7068,0,-1.85,107.3,132.3,87.2,90,28.64,30.66,27.11,27.51
111.76,4365,124,0,9,-0.2,2,7068,0,-1.85,107.4,132.4,87.2,90,28.64,30.67,27.11,27.51
111.8,4366,124,0,12,-1,2,7068,0,-1.85,107.4,132.6,87.2,90,28.64,30.68,27.11,27.51
111.84,4367,124,0,15,0,2,7068,0,-1.85,107.5,132.7,87.2,90,28.65,30.69,27.11,27.51
111.88,4369,124,0,17,0.5,2,7068,0,-1.85,107.5,132.8,87.2,90,28.65,30.7,27.11,27.51
111.92,4370,124,0,20,-1,2,7068,0,-1.85,107.5,132.9,87.2,90,28.65,30.71,27.11,27.51
111.96,4372,124,0,23,0.2,2,7068,0,-1.85,107.6,133,87.2,90,28.65,30.72,27.11,27.51
112,4373,124,0,26,-1.3,2,7068,0,-1.85,107.6,133.2,87.2,90,28.66,30.73,27.11,27.51
112.04,4374,124,0,29,-1.1,2,7068,0,-1.85,107.7,133.3,87.2,90,28.66,30.73,27.11,27.51
112.08,4376,124,0,30,0.8,2,7068,0,-1.85,107.7,133.4,87.2,90,28.66,30.74,27.11,27.51
112.12,4377,124,0,30,-1.1,2,7068,0,-1.85,107.7,133.5,87.2,90,28.67,30.75,27.11,27.51
112.16,4378,124,0,30,0.7,2,7068,0,-1.85,107.8,133.6,87.2,90,28.67,30.76,27.11,27.51
112.2,4380,124,0,30,1.4,2,7068,0,-1.85,107.8,133.8,87.2,90,28.67,30.77,27.11,27.51
112.24,4381,124,0,30,-1.3,2,7068,0,-1.85,107.9,133.9,87.2,90,28.68,30.78,27.11,27.51
112.28,4383,124,0,30,0.4,2,7068,0,-1.85,107.9,134,87.2,90,28.68,30.79,27.11,27.51
112.32,4384,124,0,30,-1.4,2,7068,0,-1.85,107.9,134.1,87.2,90,28.68,30.8,27.11,27.51
112.36,4385,124,0,30,-0.9,2,7068,0,-1.85,108,134.2,87.2,90,28.68,30.81,27.11,27.51
112.4,4387,124,0,30,-1.1,2,7068,0,-1.85,108,134.4,87.2,90,28.69,30.82,27.11,27.51
112.44,4388,124,0,30,-0.3,2,7068,0,-1.85,108.1,134.5,87.2,90,28.69,30.82,27.11,27.51
112.48,4389,124,0,30,-1.6,2,7068,0,-1.85,108.1,134.6,87.2,90,28.69,30.83,27.11,27.51
112.52,4391,124,0,30,0.3,2,7068,0,-1.85,108.1,134.7,87.2,90,28.7,30.84,27.11,27.51
112.56,4392,124,0,30,0.5,2,7068,0,-1.85,108.2,134.8,87.2,90,28.7,30.85,27.11,27.51
112.6,4394,124,0,30,-0.8,2,7068,0,-1.85,108.2,135,87.2,90,28.7,30.86,27.11,27.51
112.64,4395,124,0,30,0.4,2,7068,0,-1.85,108.3,135.1,87.2,90,28.71,30.87,27.11,27.51
112.68,4396,124,0,30,0.1,2,7068,0,-1.85,108.3,135.2,87.2,90,28.71,30.88,27.11,27.51
112.72,4398,124,0,30,0.6,2,7068,0,-1.85,108.3,135.3,87.2,90,28.71,30.89,27.11,27.51
112.76,4399,124,0,30,-1.4,2,7068,0,-1.85,108.4,135.4,87.2,90,28.71,30.9,27.11,27.51
112.8,4400,124,0,30,0.3,2,7068,0,-1.85,108.4,135.6,87.2,90,28.72,30.91,27.11,27.51
112.84,4402,124,0,30,-0.3,2,7068,0,-1.85,108.5,135.7,87.2,90,28.72,30.91,27.11,27.51
112.88,4403,124,0,30,-0.8,2,7068,0,-1.85,108.5,135.8,87.2,90,28.72,30.92,27.11,27.51
112.92,4405,124,0,30,-0.4,2,7068,0,-1.85,108.5,135.9,87.2,90,28.73,30.93,27.11,27.51
112.96,4406,124,0,29,-2.1,2,7068,-0.04,-1.38,108.6,136,87.2,90,28.73,30.94,27.11,27.51
113,4407,124,0,28,-3.2,2,7068,-0.09,-1.34,108.6,136.2,87.2,90,28.73,30.95,27.11,27.51
113.04,4409,124,0,27,-6.2,2,7068,-0.14,-1.31,108.7,136.3,87.2,90,28.74,30.96,27.11,27.51
113.08,4410,124,0,26,-8.5,2,7068,-0.19,-1.27,108.7,136.4,87.2,90,28.74,30.97,27.11,27.51
113.12,4411,124,0,25,-8.8,2,7068,-0.25,-1.24,108.7,136.5,87.2,90,28.74,30.98,27.11,27.51
113.16,4413,124,0,24,-12.3,2,7068,-0.3,-1.2,108.8,136.6,87.2,90,28.74,30.99,27.11,27.51
113.2,4414,124,0,23,-13.8,2,7068,-0.35,-1.17,108.8,136.8,87.2,90,28.75,31,27.11,27.51
113.24,4416,124,0,22,-15.2,2,7068,-0.4,-1.13,108.9,136.9,87.2,90,28.75,31,27.11,27.51
113.28,4417,124,0,21,-18.3,2,7068,-0.46,-1.1,108.9,137,87.2,90,28.75,31.01,27.11,27.51
113.32,4418,124,0,20,-20.2,2,7068,-0.51,-1.06,108.9,137.1,87.2,90,28.76,31.02,27.11,27.51
113.36,4420,124,0,19,-22,2,7068,-0.56,-1.03,109,137.2,87.2,90,28.76,31.03,27.11,27.51
113.4,4421,124,0,18,-23.5,2,7068,-0.61,-0.99,109,137.4,87.2,90,28.76,31.04,27.11,27.51
113.44,4422,124,0,18,-26.6,2,7068,-0.67,-0.96,109.1,137.5,87.2,90,28.77,31.05,27.11,27.51
113.48,4424,124,0,17,-27.6,2,7068,-0.72,-0.92,109.1,137.6,87.2,90,28.77,31.06,27.11,27.51
113.52,4425,124,0,16,-29.1,2,7068,-0.77,-0.88,109.1,137.7,87.2,90,28.77,31.07,27.11,27.51
113.56,4427,124,0,15,-31.1,2,7068,-0.83,-0.85,109.2,137.8,87.2,90,28.77,31.08,27.11,27.51
113.6,4428,124,0,14,-32.7,2,7068,-0.88,-0.81,109.2,138,87.2,90,28.78,31.09,27.11,27.51
113.64,4429,124,0,13,-34.5,2,7068,-0.93,-0.78,109.3,138.1,87.2,90,28.78,31.09,27.11,27.51
113.68,4431,124,0,12,-35.8,2,7068,-0.98,-0.74,109.3,138.2,87.2,90,28.78,31.1,27.11,27.51
113.72,4432,124,0,12,-37.5,2,7068,-1.04,-0.71,109.3,138.3,87.2,90,28.79,31.11,27.11,27.51
113.76,4434,124,0,11,-39.2,2,7068,-1.09,-0.67,109.4,138.4,87.2,90,28.79,31.12,27.11,27.51
113.8,4435,124,0,10,-41,2,7068,-1.14,-0.64,109.4,138.6,87.2,90,28.79,31.13,27.11,27.51
113.84,4436,124,0,9,-42.3,2,7068,-1.19,-0.6,109.5,138.7,87.2,90,28.8,31.14,27.11,27.51
113.88,4438,124,0,9,-43.3,2,7068,-1.25,-0.57,109.5,138.8,87.2,90,28.8,31.15,27.11,27.51
113.92,4439,124,0,8,-43,2,7068,-1.3,-0.53,109.5,138.9,87.2,90,28.8,31.16,27.11,27.51
113.96,4440,124,0,7,-46.1,2,7068,-1.35,-0.5,109.6,139,87.2,90,28.8,31.17,27.11,27.51
114,4442,124,0,6,-47,2,7068,-1.4,-0.46,109.6,139.2,87.2,90,28.81,31.18,27.11,27.51
114.04,4443,124,0,6,-48.9,2,7068,-1.46,-0.43,109.7,139.3,87.2,90,28.81,31.18,27.11,27.51
114.08,4445,124,0,5,-48.6,2,7068,-1.51,-0.39,109.7,139.4,87.2,90,28.81,31.19,27.11,27.51
114.12,4446,124,0,4,-49.9,2,7068,-1.56,-0.36,109.7,139.5,87.2,90,28.82,31.2,27.11,27.51
114.16,4447,124,0,4,-49.9,2,7068,-1.61,-0.32,109.8,139.6,87.2,90,28.82,31.21,27.11,27.51
114.2,4449,124,0,3,-50.8,2,7068,-1.67,-0.29,109.8,139.8,87.2,90,28.82,31.22,27.11,27.51
114.24,4450,124,0,3,-52.1,2,7068,-1.72,-0.25,109.9,139.9,87.2,90,28.83,31.23,27.11,27.51
114.28,4451,124,0,2,-52.2,2,7068,-1.77,-0.22,109.9,140,87.2,90,28.83,31.24,27.11,27.51
114.32,4453,124,0,2,-52.5,2,7068,-1.82,-0.18,109.9,140.1,87.2,90,28.83,31.25,27.11,27.51
114.36,4454,124,0,1,-52.7,2,7068,-1.88,-0.15,110,140.2,87.2,90,28.83,31.26,27.11,27.51
114.4,4456,124,0,1,-54,2,7068,-1.93,-0.11,110,140.4,87.2,90,28.84,31.27,27.11,27.51
114.44,4457,124,0,1,-53.4,2,7068,-1.98,-0.08,110.1,140.5,87.2,90,28.84,31.27,27.11,27.51
114.48,4458,124,0,0,-54.1,2,7068,-2.04,-0.04,110.1,140.6,87.2,90,28.84,31.28,27.11,27.51
114.52,4460,124,0,0,-53.1,2,7068,-2.09,-0.01,110.1,140.7,87.2,90,28.85,31.29,27.11,27.51
114.56,4461,124,2,0,-53.6,2,7068,-1.94,0.01,110.1,140.7,87.2,90,28.85,31.29,27.11,27.51
114.6,4462,124,4,0,-51.9,2,7068,-1.92,0.01,110.1,140.7,87.3,90.1,28.85,31.29,27.11,27.51
114.64,4464,124,5,0,-51.7,2,7069,-1.9,0.02,110.1,140.7,87.3,90.1,28.85,31.29,27.11,27.51
114.68,4465,124,7,0,-51.7,2,7069,-1.88,0.03,110.1,140.7,87.3,90.1,28.85,31.29,27.12,27.52
114.72,4467,124,8,0,-51.3,2,7070,-1.86,0.04,110.1,140.7,87.4,90.2,28.85,31.29,27.12,27.52
114.76,4468,124,10,0,-50.1,2,7070,-1.85,0.04,110.1,140.7,87.4,90.2,28.85,31.29,27.12,27.52
114.8,4469,124.1,11,0,-50,2,7071,-1.83,0.05,110.1,140.7,87.5,90.3,28.85,31.29,27.12,27.52
114.84,4471,124.1,13,0,-49.5,2,7072,-1.81,0.06,110.1,140.7,87.5,90.3,28.85,31.29,27.13,27.53
114.88,4472,124.1,14,0,-48.4,2,7073,-1.79,0.07,110.1,140.7,87.5,90.3,28.85,31.29,27.13,27.53
114.92,4473,124.1,16,0,-48,2,7074,-1.77,0.07,110.1,140.7,87.6,90.4,28.85,31.29,27.13,27.53
114.96,4475,124.1,17,0,-47.7,2,7075,-1.76,0.08,110.1,140.7,87.6,90.4,28.85,31.29,27.13,27.53
115,4476,124.1,18,0,-46.1,2,7076,-1.74,0.09,110.1,140.7,87.6,90.4,28.85,31.29,27.14,27.54
115.04,4478,124.2,20,0,-45.4,2,7078,-1.72,0.1,110.1,140.7,87.7,90.5,28.85,31.29,27.14,27.54
115.08,4479,124.2,21,0,-45.9,2,7079,-1.7,0.1,110.1,140.7,87.7,90.5,28.85,31.29,27.14,27.54
115.12,4480,124.2,22,0,-45.3,2,7081,-1.69,0.11,110.1,140.7,87.7,90.5,28.85,31.29,27.14,27.54
115.16,4482,124.2,23,0,-44.2,2,7082,-1.67,0.12,110.1,140.7,87.8,90.6,28.85,31.29,27.15,27.55
115.2,4483,124.3,25,0,-43.1,2,7084,-1.65,0.13,110.1,140.7,87.8,90.6,28.85,31.29,27.15,27.55
115.24,4485,124.3,26,0,-42.9,2,7085,-1.63,0.13,110.1,140.7,87.8,90.6,28.85,31.29,27.15,27.55
115.28,4486,124.3,27,0,-42.3,2,7087,-1.61,0.14,110.1,140.7,87.9,90.7,28.85,31.29,27.16,27.56
115.32,4487,124.4,28,0,-41.6,2,7089,-1.6,0.15,110.1,140.7,87.9,90.7,28.85,31.29,27.16,27.56
115.36,4489,124.4,30,0,-40.3,2,7091,-1.58,0.16,110.1,140.7,87.9,90.7,28.85,31.29,27.16,27.56
115.4,4490,124.4,31,0,-40.3,2,7093,-1.56,0.16,110.1,140.7,88,90.8,28.85,31.29,27.16,27.56
115.44,4491,124.5,32,0,-39.4,2,7095,-1.54,0.17,110.1,140.7,88,90.8,28.85,31.29,27.17,27.57
115.48,4493,124.5,33,0,-39.2,2,7097,-1.52,0.18,110.1,140.7,88,90.8,28.85,31.29,27.17,27.57
115.52,4494,124.6,34,0,-38.3,2,7100,-1.51,0.19,110.1,140.7,88.1,90.9,28.85,31.29,27.17,27.57
115.56,4496,124.6,36,0,-38.4,2,7102,-1.49,0.19,110.1,140.7,88.1,90.9,28.85,31.29,27.17,27.57
115.6,4497,124.6,37,0,-37.5,2,7105,-1.47,0.2,110.1,140.7,88.2,91,28.85,31.29,27.18,27.58
115.64,4498,124.7,38,0,-36.2,2,7107,-1.45,0.21,110.1,140.7,88.2,91,28.85,31.29,27.18,27.58
115.68,4500,124.7,39,0,-36.4,2,7110,-1.43,0.22,110.1,140.7,88.2,91,28.85,31.29,27.18,27.58
115.72,4501,124.8,40,0,-35.8,2,7112,-1.42,0.22,110.1,140.7,88.3,91.1,28.85,31.29,27.18,27.58
115.76,4502,124.8,41,0,-35,2,7115,-1.4,0.23,110.1,140.7,88.3,91.1,28.85,31.29,27.19,27.59
115.8,4504,124.9,43,0,-33.6,2,7118,-1.38,0.24,110.1,140.7,88.3,91.1,28.85,31.29,27.19,27.59
115.84,4505,124.9,44,0,-33.7,2,7121,-1.36,0.25,110.1,140.7,88.4,91.2,28.85,31.29,27.19,27.59
115.88,4507,125,45,0,-32.7,2,7124,-1.34,0.25,110.1,140.7,88.4,91.2,28.85,31.29,27.19,27.59
115.92,4508,125,46,0,-32.5,2,7127,-1.33,0.26,110.1,140.7,88.4,91.2,28.85,31.29,27.2,27.6
115.96,4509,125.1,47,0,-32.1,2,7130,-1.31,0.27,110.1,140.7,88.5,91.3,28.85,31.29,27.2,27.6
116,4511,125.1,48,0,-31.2,2,7133,-1.29,0.28,110.1,140.7,88.5,91.3,28.85,31.29,27.2,27.6
116.04,4512,125.2,49,0,-30.5,2,7136,-1.27,0.28,110.1,140.7,88.5,91.3,28.85,31.29,27.21,27.61
116.08,4514,125.3,50,0,-29.9,2,7140,-1.25,0.29,110.1,140.7,88.6,91.4,28.85,31.29,27.21,27.61
116.12,4515,125.3,52,0,-29.6,2,7143,-1.24,0.3,110.1,140.7,88.6,91.4,28.85,31.29,27.21,27.61
116.16,4516,125.4,53,0,-28.7,2,7147,-1.22,0.31,110.1,140.7,88.6,91.4,28.85,31.29,27.21,27.61
116.2,4518,125.4,54,0,-28.1,2,7150,-1.2,0.31,110.1,140.7,88.7,91.5,28.85,31.29,27.22,27.62
116.24,4519,125.5,55,0,-27.8,2,7154,-1.18,0.32,110.1,140.7,88.7,91.5,28.85,31.29,27.22,27.62
116.28,4521,125.6,56,0,-27.3,2,7158,-1.16,0.33,110.1,140.7,88.7,91.5,28.85,31.29,27.22,27.62
116.32,4522,125.6,57,0,-26.7,2,7161,-1.14,0.34,110.1,140.7,88.8,91.6,28.85,31.29,27.22,27.62
116.36,4523,125.7,58,0,-25.7,2,7165,-1.13,0.34,110.1,140.7,88.8,91.6,28.85,31.29,27.23,27.63
116.4,4525,125.8,59,0,-24.7,2,7169,-1.11,0.35,110.1,140.7,88.9,91.7,28.85,31.29,27.23,27.63
116.44,4526,125.8,60,0,-23.9,2,7173,-1.09,0.36,110.1,140.7,88.9,91.7,28.85,31.29,27.23,27.63
116.48,4528,125.9,61,0,-23.9,2,7177,-1.07,0.37,110.1,140.7,88.9,91.7,28.85,31.29,27.23,27.63
116.52,4529,126,62,0,-22.9,2,7181,-1.05,0.37,110.1,140.7,89,91.8,28.85,31.29,27.24,27.64
116.56,4530,126.1,64,0,-21.6,2,7185,-1.04,0.38,110.1,140.7,89,91.8,28.85,31.29,27.24,27.64
116.6,4532,126.1,65,0,-22.2,2,7189,-1.02,0.39,110.1,140.7,89,91.8,28.85,31.29,27.24,27.64
116.64,4533,126.2,66,0,-20.3,2,7194,-1,0.4,110.1,140.7,89.1,91.9,28.85,31.29,27.24,27.64
116.68,4535,126.3,67,0,-21.4,2,7198,-0.98,0.4,110.1,140.7,89.1,91.9,28.85,31.29,27.25,27.65
116.72,4536,126.4,68,0,-19.7,2,7203,-0.96,0.41,110.1,140.7,89.1,91.9,28.85,31.29,27.25,27.65
116.76,4537,126.4,69,0,-19.5,2,7207,-0.94,0.42,110.1,140.7,89.2,92,28.85,31.29,27.25,27.65
116.8,4539,126.5,70,0,-19.1,2,7212,-0.93,0.43,110.1,140.7,89.2,92,28.85,31.29,27.26,27.66
116.84,4540,126.6,71,0,-18.3,2,7216,-0.91,0.43,110.1,140.7,89.2,92,28.85,31.29,27.26,27.66
116.88,4542,126.7,72,0,-17.2,2,7221,-0.89,0.44,110.1,140.7,89.3,92.1,28.85,31.29,27.26,27.66
116.92,4543,126.8,73,0,-16.7,2,7226,-0.87,0.45,110.1,140.7,89.3,92.1,28.85,31.29,27.26,27.66
116.96,4544,126.9,74,0,-16.3,2,7231,-0.85,0.46,110.1,140.7,89.3,92.1,28.85,31.29,27.27,27.67
117,4546,126.9,75,0,-15,2,7236,-0.83,0.46,110.1,140.7,89.4,92.2,28.85,31.29,27.27,27.67
117.04,4547,127,76,0,-14.6,2,7241,-0.82,0.47,110.1,140.7,89.4,92.2,28.85,31.29,27.27,27.67
117.08,4549,127.1,77,0,-14.1,2,7246,-0.8,0.48,110.1,140.7,89.4,92.2,28.85,31.29,27.27,27.67
117.12,4550,127.2,78,0,-13.4,2,7251,-0.78,0.49,110.1,140.7,89.5,92.3,28.85,31.29,27.28,27.68
117.16,4551,127.3,79,0,-13.2,2,7256,-0.76,0.5,110.1,140.7,89.5,92.3,28.85,31.29,27.28,27.68
117.2,4553,127.4,80,0,-11.6,2,7261,-0.74,0.5,110.1,140.7,89.6,92.4,28.85,31.29,27.28,27.68
117.24,4554,127.5,81,0,-11.7,2,7266,-0.72,0.51,110.1,140.7,89.6,92.4,28.85,31.29,27.28,27.68
117.28,4556,127.6,83,0,-11,2,7272,-0.71,0.52,110.1,140.7,89.6,92.4,28.85,31.29,27.29,27.69
117.32,4557,127.7,84,0,-10.1,2,7277,-0.69,0.53,110.1,140.7,89.7,92.5,28.85,31.29,27.29,27.69
117.36,4559,127.8,85,0,-10.1,2,7283,-0.67,0.53,110.1,140.7,89.7,92.5,28.85,31.29,27.29,27.69
117.4,4560,127.9,86,0,-9.3,2,7288,-0.65,0.54,110.1,140.7,89.7,92.5,28.85,31.29,27.29,27.69
117.44,4561,128,87,0,-8.5,2,7294,-0.63,0.55,110.1,140.7,89.8,92.6,28.85,31.29,27.3,27.7
117.48,4563,128.1,88,0,-7.3,2,7299,-0.61,0.56,110.1,140.7,89.8,92.6,28.85,31.29,27.3,27.7
117.52,4564,128.2,89,0,-7,2,7305,-0.6,0.56,110.1,140.7,89.8,92.6,28.85,31.29,27.3,27.7
117.56,4566,128.3,90,0,-6.1,2,7311,-0.58,0.57,110.1,140.7,89.9,92.7,28.85,31.29,27.31,27.71
117.6,4567,128.4,91,0,-6,2,7317,-0.56,0.58,110.1,140.7,89.9,92.7,28.85,31.29,27.31,27.71
117.64,4568,128.5,92,0,-4.6,2,7323,-0.54,0.59,110.1,140.7,89.9,92.7,28.85,31.29,27.31,27.71
117.68,4570,128.6,93,0,-4.4,2,7329,-0.52,0.6,110.1,140.7,90,92.8,28.85,31.29,27.31,27.71
117.72,4571,128.7,94,0,-4,2,7335,-0.5,0.6,110.1,140.7,90,92.8,28.85,31.29,27.32,27.72
117.76,4573,128.8,95,0,-2.3,2,7341,-0.48,0.61,110.1,140.7,90,92.8,28.85,31.29,27.32,27.72
117.8,4574,128.9,96,0,-3.4,2,7347,-0.47,0.62,110.1,140.7,90.1,92.9,28.85,31.29,27.32,27.72
117.84,4576,129,97,0,-2.1,2,7353,-0.45,0.63,110.1,140.7,90.1,92.9,28.85,31.29,27.32,27.72
117.88,4577,129.1,98,0,-2.1,2,7360,-0.43,0.63,110.1,140.7,90.1,92.9,28.85,31.29,27.33,27.73
117.92,4579,129.2,99,0,-0.8,2,7366,-0.41,0.64,110.1,140.7,90.2,93,28.85,31.29,27.33,27.73
117.96,4580,129.3,100,0,-0.3,2,7372,-0.39,0.65,110.1,140.7,90.2,93,28.85,31.29,27.33,27.73
118,4581,129.4,100,0,0.1,2,7376,0.03,0.04,110.1,140.7,90.2,93,28.85,31.29,27.33,27.73
118.04,4583,129.5,100,0,-1.1,2,7379,-0.01,0.04,110.1,140.7,90.2,93,28.84,31.29,27.33,27.73
118.08,4584,129.5,100,0,0.5,2,7382,0.02,0.04,110.1,140.7,90.2,93,28.84,31.29,27.33,27.73
118.12,4586,129.6,100,0,-0.6,2,7386,0,0.04,110.1,140.7,90.2,93,28.84,31.29,27.33,27.73
118.16,4587,129.6,100,0,-0.3,2,7389,0,0.04,110.1,140.7,90.2,93,28.84,31.29,27.33,27.73
118.2,4589,129.7,100,0,0,2,7392,0,0.04,110.1,140.7,90.1,92.9,28.84,31.29,27.33,27.73
118.24,4590,129.7,100,0,-0.4,2,7395,0.01,0.04,110.1,140.6,90.1,92.9,28.84,31.29,27.33,27.73
118.28,4591,129.8,100,0,-0.2,2,7399,0.01,0.04,110.1,140.6,90.1,92.9,28.84,31.28,27.32,27.72
118.32,4593,129.9,100,0,-0.1,2,7402,-0.01,0.04,110,140.6,90.1,92.9,28.84,31.28,27.32,27.72
118.36,4594,129.9,100,0,-0.7,2,7405,0,0.04,110,140.6,90.1,92.9,28.84,31.28,27.32,27.72
118.4,4596,130,100,0,-0.4,2,7409,-0.05,0.04,110,140.6,90.1,92.9,28.84,31.28,27.32,27.72
118.44,4597,130,100,0,-0.7,2,7412,0.02,0.04,110,140.6,90.1,92.9,28.84,31.28,27.32,27.72
118.48,4599,130.1,100,0,-0.3,2,7415,-0.01,0.04,110,140.6,90.1,92.9,28.83,31.28,27.32,27.72
118.52,4600,130.1,100,0,-0.2,2,7418,0,0.04,110,140.6,90,92.8,28.83,31.28,27.32,27.72
118.56,4602,130.2,100,0,0.2,2,7422,0.02,0.04,110,140.5,90,92.8,28.83,31.28,27.32,27.72
118.6,4603,130.3,100,0,-0.2,2,7425,-0.02,0.04,110,140.5,90,92.8,28.83,31.28,27.32,27.72
118.64,4604,130.3,100,0,-0.1,2,7428,-0.01,0.04,109.9,140.5,90,92.8,28.83,31.28,27.32,27.72
118.68,4606,130.4,100,0,-0.4,2,7432,0.01,0.04,109.9,140.5,90,92.8,28.83,31.28,27.32,27.72
118.72,4607,130.4,100,0,0.5,2,7435,0.05,0.04,109.9,140.5,90,92.8,28.83,31.28,27.31,27.71
118.76,4609,130.5,100,0,-0.5,2,7438,0.01,0.04,109.9,140.5,90,92.8,28.83,31.27,27.31,27.71
118.8,4610,130.6,100,0,0.5,2,7441,-0.02,0.04,109.9,140.5,90,92.8,28.83,31.27,27.31,27.71
118.84,4612,130.6,100,0,-0.2,2,7445,0.02,0.04,109.9,140.5,90,92.8,28.83,31.27,27.31,27.71
118.88,4613,130.7,100,0,0.2,2,7448,0.02,0.04,109.9,140.5,89.9,92.7,28.83,31.27,27.31,27.71
118.92,4615,130.7,100,0,-0.4,2,7451,0,0.04,109.9,140.4,89.9,92.7,28.82,31.27,27.31,27.71
118.96,4616,130.8,100,0,-0.2,2,7454,0.01,0.04,109.8,140.4,89.9,92.7,28.82,31.27,27.31,27.71
119,4618,130.8,100,0,0,2,7458,0.01,0.04,109.8,140.4,89.9,92.7,28.82,31.27,27.31,27.71
119.04,4619,130.9,100,0,-0.1,2,7461,0.02,0.04,109.8,140.4,89.9,92.7,28.82,31.27,27.31,27.71
119.08,4620,131,100,0,0.2,2,7464,0,0.04,109.8,140.4,89.9,92.7,28.82,31.27,27.31,27.71
119.12,4622,131,100,0,0.1,2,7468,-0.01,0.04,109.8,140.4,89.9,92.7,28.82,31.27,27.31,27.71
119.16,4623,131.1,100,0,0,2,7471,0.04,0.04,109.8,140.4,89.9,92.7,28.82,31.27,27.3,27.7
119.2,4625,131.1,100,0,-0.5,2,7474,0.01,0.04,109.8,140.4,89.8,92.6,28.82,31.26,27.3,27.7
119.24,4626,131.2,100,0,0.2,2,7477,-0.01,0.04,109.8,140.3,89.8,92.6,28.82,31.26,27.3,27.7
119.28,4628,131.2,100,0,0.4,2,7481,0.01,0.04,109.8,140.3,89.8,92.6,28.82,31.26,27.3,27.7
119.32,4629,131.3,100,0,0.5,2,7484,0.04,0.04,109.7,140.3,89.8,92.6,28.82,31.26,27.3,27.7
119.36,4631,131.4,100,0,-0.3,2,7487,-0.05,0.04,109.7,140.3,89.8,92.6,28.81,31.26,27.3,27.7
119.4,4632,131.4,100,0,0.2,2,7491,-0.02,0.04,109.7,140.3,89.8,92.6,28.81,31.26,27.3,27.7
119.44,4634,131.5,100,0,0.6,2,7494,0.01,0.04,109.7,140.3,89.8,92.6,28.81,31.26,27.3,27.7
119.48,4635,131.5,100,0,0.4,2,7497,-0.01,0.04,109.7,140.3,89.8,92.6,28.81,31.26,27.3,27.7
119.52,4636,131.6,100,0,0.6,2,7500,-0.01,0.04,109.7,140.3,89.7,92.5,28.81,31.26,27.3,27.7
119.56,4638,131.6,100,0,0.1,2,7504,0.01,0.04,109.7,140.2,89.7,92.5,28.81,31.26,27.3,27.7
119.6,4639,131.7,100,0,0.3,2,7507,0,0.04,109.7,140.2,89.7,92.5,28.81,31.26,27.29,27.69
119.64,4641,131.8,100,0,0.5,2,7510,0.01,0.04,109.6,140.2,89.7,92.5,28.81,31.25,27.29,27.69
119.68,4642,131.8,100,0,-0.5,2,7514,0.01,0.04,109.6,140.2,89.7,92.5,28.81,31.25,27.29,27.69
119.72,4644,131.9,100,0,-0.1,2,7517,-0.02,0.04,109.6,140.2,89.7,92.5,28.81,31.25,27.29,27.69
119.76,4645,131.9,100,0,0.3,2,7520,0,0.04,109.6,140.2,89.7,92.5,28.81,31.25,27.29,27.69
119.8,4647,132,100,0,0.2,2,7523,0.03,0.04,109.6,140.2,89.7,92.5,28.8,31.25,27.29,27.69
119.84,4648,132,100,0,-0.7,2,7527,0.03,0.04,109.6,140.2,89.7,92.5,28.8,31.25,27.29,27.69
119.88,4650,132.1,100,0,1,2,7530,0,0.04,109.6,140.2,89.6,92.4,28.8,31.25,27.29,27.69
119.92,4651,132.2,100,0,-0.2,2,7533,0.02,0.04,109.6,140.1,89.6,92.4,28.8,31.25,27.29,27.69
119.96,4653,132.2,100,0,0,2,7537,0,0.04,109.5,140.1,89.6,92.4,28.8,31.25,27.29,27.69
120,4654,132.3,100,0,1,2,7540,0,0.04,109.5,140.1,89.6,92.4,28.8,31.25,27.29,27.69
120.04,4656,132.3,100,0,0.5,2,7543,0.02,0.04,109.5,140.1,89.6,92.4,28.8,31.25,27.28,27.68
120.08,4657,132.4,100,0,-0.3,2,7546,0.02,0.04,109.5,140.1,89.6,92.4,28.8,31.24,27.28,27.68
120.12,4658,132.5,100,0,-0.3,2,7550,0.01,0.04,109.5,140.1,89.6,92.4,28.8,31.24,27.28,27.68
120.16,4660,132.5,100,0,-0.3,2,7553,-0.04,0.04,109.5,140.1,89.6,92.4,28.8,31.24,27.28,27.68
120.2,4661,132.6,100,0,0.1,2,7556,0.02,0.04,109.5,140.1,89.5,92.3,28.8,31.24,27.28,27.68
120.24,4663,132.6,100,0,-0.5,2,7560,0,0.04,109.5,140,89.5,92.3,28.79,31.24,27.28,27.68
120.28,4664,132.7,100,0,0,2,7563,-0.02,0.04,109.5,140,89.5,92.3,28.79,31.24,27.28,27.68
120.32,4666,132.7,100,0,0.4,2,7566,0.01,0.04,109.4,140,89.5,92.3,28.79,31.24,27.28,27.68
120.36,4667,132.8,100,0,0.8,2,7569,-0.02,0.04,109.4,140,89.5,92.3,28.79,31.24,27.28,27.68
120.4,4669,132.9,100,0,-0.5,2,7573,0.02,0.04,109.4,140,89.5,92.3,28.79,31.24,27.28,27.68
120.44,4670,132.9,100,0,0,2,7576,0.01,0.04,109.4,140,89.5,92.3,28.79,31.24,27.28,27.68
120.48,4672,133,100,0,0.5,2,7579,0.03,0.04,109.4,140,89.5,92.3,28.79,31.24,27.27,27.67
120.52,4673,133,100,0,0.3,2,7583,0,0.04,109.4,140,89.4,92.2,28.79,31.23,27.27,27.67
120.56,4675,133.1,100,0,0.6,2,7586,-0.03,0.04,109.4,139.9,89.4,92.2,28.79,31.23,27.27,27.67
120.6,4676,133.1,100,0,0,2,7589,0.03,0.04,109.4,139.9,89.4,92.2,28.79,31.23,27.27,27.67
120.64,4678,133.2,100,0,-0.4,2,7592,0.03,0.04,109.3,139.9,89.4,92.2,28.79,31.23,27.27,27.67
120.68,4679,133.3,100,0,0.5,2,7596,0.02,0.04,109.3,139.9,89.4,92.2,28.78,31.23,27.27,27.67
120.72,4681,133.3,100,0,-0.1,2,7599,-0.01,0.04,109.3,139.9,89.4,92.2,28.78,31.23,27.27,27.67
120.76,4682,133.4,100,0,0.5,2,7602,0.04,0.04,109.3,139.9,89.4,92.2,28.78,31.23,27.27,27.67
120.8,4684,133.4,100,0,0.1,2,7606,0,0.04,109.3,139.9,89.4,92.2,28.78,31.23,27.27,27.67
120.84,4685,133.5,100,0,-0.1,2,7609,0,0.04,109.3,139.9,89.4,92.2,28.78,31.23,27.27,27.67
120.88,4687,133.5,100,0,0.5,2,7612,0.02,0.04,109.3,139.9,89.3,92.1,28.78,31.23,27.27,27.67
120.92,4688,133.6,100,0,-0.1,2,7615,0.01,0.04,109.3,139.8,89.3,92.1,28.78,31.23,27.26,27.66
120.96,4690,133.7,100,0,-0.4,2,7619,0,0.04,109.2,139.8,89.3,92.1,28.78,31.22,27.26,27.66
121,4691,133.7,100,0,-0.4,2,7622,0,0.04,109.2,139.8,89.3,92.1,28.78,31.22,27.26,27.66
121.04,4692,133.8,100,0,-0.4,2,7625,0.02,0.04,109.2,139.8,89.3,92.1,28.78,31.22,27.26,27.66
121.08,4694,133.8,100,0,-0.2,2,7628,0.03,0.04,109.2,139.8,89.3,92.1,28.78,31.22,27.26,27.66
121.12,4695,133.9,100,0,0.1,2,7632,0.03,0.04,109.2,139.8,89.3,92.1,28.78,31.22,27.26,27.66
121.16,4697,133.9,100,0,-0.2,2,7635,0,0.04,109.2,139.8,89.3,92.1,28.77,31.22,27.26,27.66
121.2,4698,134,100,0,0.1,2,7638,0.01,0.04,109.2,139.8,89.2,92,28.77,31.22,27.26,27.66
121.24,4700,134.1,100,0,1.1,2,7642,0.01,0.04,109.2,139.7,89.2,92,28.77,31.22,27.26,27.66
121.28,4701,134.1,100,0,0.4,2,7645,0.01,0.04,109.2,139.7,89.2,92,28.77,31.22,27.26,27.66
121.32,4703,134.2,100,0,0.2,2,7648,0.01,0.04,109.1,139.7,89.2,92,28.77,31.22,27.26,27.66
121.36,4704,134.2,100,0,-0.4,2,7651,0.01,0.04,109.1,139.7,89.2,92,28.77,31.22,27.25,27.65
121.4,4706,134.3,100,0,-0.3,2,7655,0,0.04,109.1,139.7,89.2,92,28.77,31.21,27.25,27.65
121.44,4707,134.4,100,0,0.5,2,7658,0,0.04,109.1,139.7,89.2,92,28.77,31.21,27.25,27.65
121.48,4709,134.4,100,0,0.7,2,7661,-0.02,0.04,109.1,139.7,89.2,92,28.77,31.21,27.25,27.65
121.52,4710,134.5,100,0,0.5,2,7665,0.03,0.04,109.1,139.7,89.1,91.9,28.77,31.21,27.25,27.65
121.56,4712,134.5,100,0,0.1,2,7668,0,0.04,109.1,139.6,89.1,91.9,28.77,31.21,27.25,27.65
121.6,4713,134.6,100,0,0.6,2,7671,-0.01,0.04,109.1,139.6,89.1,91.9,28.76,31.21,27.25,27.65
121.64,4715,134.6,100,0,0.8,2,7674,0.02,0.04,109,139.6,89.1,91.9,28.76,31.21,27.25,27.65
121.68,4716,134.7,100,0,-0.7,2,7678,0.02,0.04,109,139.6,89.1,91.9,28.76,31.21,27.25,27.65
121.72,4718,134.8,100,0,0.4,2,7681,0.01,0.04,109,139.6,89.1,91.9,28.76,31.21,27.25,27.65
121.76,4719,134.8,100,0,0.1,2,7684,0,0.04,109,139.6,89.1,91.9,28.76,31.21,27.25,27.65
121.8,4721,134.9,100,0,-0.4,2,7688,-0.04,0.04,109,139.6,89.1,91.9,28.76,31.21,27.24,27.64
121.84,4722,134.9,100,0,0.4,2,7691,0.02,0.04,109,139.6,89.1,91.9,28.76,31.2,27.24,27.64
121.88,4724,135,100,0,-0.7,2,7694,0.01,0.04,109,139.6,89,91.8,28.76,31.2,27.24,27.64
121.92,4725,135,100,0,0.2,3,5942,-0.01,0.04,109,139.5,89,91.8,28.76,31.2,27.24,27.64
121.96,4727,135.1,100,0,0.6,3,5944,0.02,0.04,108.9,139.5,89,91.8,28.76,31.2,27.24,27.64
122,4728,135.2,100,0,-0.7,3,5947,0.02,0.04,108.9,139.5,89,91.8,28.76,31.2,27.24,27.64
122.04,4730,135.2,100,0,0.2,3,5949,0,0.04,108.9,139.5,89,91.8,28.75,31.2,27.24,27.64
122.08,4731,135.3,100,0,0.2,3,5952,0.01,0.04,108.9,139.5,89,91.8,28.75,31.2,27.24,27.64
122.12,4733,135.3,100,0,-0.3,3,5955,0.01,0.04,108.9,139.5,89,91.8,28.75,31.2,27.24,27.64
122.16,4734,135.4,100,0,-1,3,5957,-0.02,0.04,108.9,139.5,89,91.8,28.75,31.2,27.24,27.64
122.2,4736,135.4,100,0,-0.2,3,5960,-0.04,0.04,108.9,139.5,88.9,91.7,28.75,31.2,27.24,27.64
122.24,4737,135.5,100,0,0.2,3,5962,0,0.04,108.9,139.4,88.9,91.7,28.75,31.2,27.24,27.64
122.28,4739,135.6,100,0,-0.7,3,5965,0,0.04,108.9,139.4,88.9,91.7,28.75,31.19,27.23,27.63
122.32,4740,135.6,100,0,0.8,3,5967,0.02,0.04,108.8,139.4,88.9,91.7,28.75,31.19,27.23,27.63
122.36,4742,135.7,100,0,0.7,3,5970,0,0.04,108.8,139.4,88.9,91.7,28.75,31.19,27.23,27.63
122.4,4743,135.7,100,0,-1.5,3,5972,-0.04,0.04,108.8,139.4,88.9,91.7,28.75,31.19,27.23,27.63
122.44,4745,135.8,100,0,0.4,3,5975,0.02,0.04,108.8,139.4,88.9,91.7,28.75,31.19,27.23,27.63
122.48,4746,135.8,100,0,0.9,3,5977,-0.03,0.04,108.8,139.4,88.9,91.7,28.74,31.19,27.23,27.63
122.52,4748,135.9,100,0,-0.6,3,5980,-0.01,0.04,108.8,139.4,88.8,91.6,28.74,31.19,27.23,27.63
122.56,4749,136,100,0,0.7,3,5982,0,0.04,108.8,139.3,88.8,91.6,28.74,31.19,27.23,27.63
122.6,4751,136,100,0,-0.6,3,5985,0.01,0.04,108.8,139.3,88.8,91.6,28.74,31.19,27.23,27.63
122.64,4752,136.1,100,0,0.1,3,5988,0,0.04,108.7,139.3,88.8,91.6,28.74,31.19,27.23,27.63
122.68,4754,136.1,100,0,-0.7,3,5990,0.02,0.04,108.7,139.3,88.8,91.6,28.74,31.19,27.23,27.63
122.72,4755,136.2,100,0,-0.3,3,5993,-0.03,0.04,108.7,139.3,88.8,91.6,28.74,31.19,27.22,27.62
122.76,4757,136.3,100,0,0.2,3,5995,0,0.04,108.7,139.3,88.8,91.6,28.74,31.18,27.22,27.62
122.8,4758,136.3,100,0,-0.1,3,5998,-0.02,0.04,108.7,139.3,88.8,91.6,28.74,31.18,27.22,27.62
122.84,4760,136.4,100,0,-0.5,3,6000,0.02,0.04,108.7,139.3,88.8,91.6,28.74,31.18,27.22,27.62
122.88,4762,136.4,100,0,-0.1,3,6003,0.03,0.04,108.7,139.3,88.7,91.5,28.74,31.18,27.22,27.62
122.92,4763,136.5,100,0,0.2,3,6005,0.01,0.04,108.7,139.2,88.7,91.5,28.73,31.18,27.22,27.62
122.96,4765,136.5,100,0,0.3,3,6008,0,0.04,108.6,139.2,88.7,91.5,28.73,31.18,27.22,27.62
123,4766,136.6,100,0,-0.2,3,6010,0,0.04,108.6,139.2,88.7,91.5,28.73,31.18,27.22,27.62
123.04,4768,136.7,100,0,-0.6,3,6013,0.02,0.04,108.6,139.2,88.7,91.5,28.73,31.18,27.22,27.62
123.08,4769,136.7,100,0,0.4,3,6015,-0.02,0.04,108.6,139.2,88.7,91.5,28.73,31.18,27.22,27.62
123.12,4771,136.8,100,0,-0.1,3,6018,-0.03,0.04,108.6,139.2,88.7,91.5,28.73,31.18,27.22,27.62
123.16,4772,136.8,100,0,0.2,3,6020,0,0.04,108.6,139.2,88.7,91.5,28.73,31.18,27.21,27.61
123.2,4774,136.9,100,0,0.1,3,6023,0.01,0.04,108.6,139.2,88.6,91.4,28.73,31.17,27.21,27.61
123.24,4775,136.9,100,0,0.2,3,6026,0.02,0.04,108.6,139.1,88.6,91.4,28.73,31.17,27.21,27.61
123.28,4777,137,100,0,-0.4,3,6028,0.02,0.04,108.6,139.1,88.6,91.4,28.73,31.17,27.21,27.61
123.32,4778,137.1,100,0,-1.1,3,6031,0,0.04,108.5,139.1,88.6,91.4,28.73,31.17,27.21,27.61
123.36,4780,137.1,100,0,0.1,3,6033,-0.02,0.04,108.5,139.1,88.6,91.4,28.72,31.17,27.21,27.61
123.4,4781,137.2,100,0,-0.2,3,6036,-0.02,0.04,108.5,139.1,88.6,91.4,28.72,31.17,27.21,27.61
123.44,4783,137.2,100,0,0,3,6038,0.01,0.04,108.5,139.1,88.6,91.4,28.72,31.17,27.21,27.61
123.48,4784,137.3,100,0,-0.5,3,6041,-0.02,0.04,108.5,139.1,88.6,91.4,28.72,31.17,27.21,27.61
123.52,4786,137.3,100,0,0,3,6043,-0.03,0.04,108.5,139.1,88.5,91.3,28.72,31.17,27.21,27.61
123.56,4787,137.4,100,0,0.3,3,6046,-0.02,0.04,108.5,139,88.5,91.3,28.72,31.17,27.21,27.61
123.6,4789,137.5,100,0,-0.1,3,6048,-0.03,0.04,108.5,139,88.5,91.3,28.72,31.17,27.2,27.6
123.64,4790,137.5,100,0,0.6,3,6051,0.01,0.04,108.4,139,88.5,91.3,28.72,31.16,27.2,27.6
123.68,4792,137.6,100,0,-0.1,3,6053,-0.01,0.04,108.4,139,88.5,91.3,28.72,31.16,27.2,27.6
123.72,4793,137.6,100,0,0.1,3,6056,0,0.04,108.4,139,88.5,91.3,28.72,31.16,27.2,27.6
123.76,4795,137.7,100,0,-0.7,3,6058,-0.03,0.04,108.4,139,88.5,91.3,28.72,31.16,27.2,27.6
123.8,4797,137.8,100,0,0.7,3,6061,0,0.04,108.4,139,88.5,91.3,28.71,31.16,27.2,27.6
123.84,4798,137.8,100,0,-0.2,3,6064,-0.03,0.04,108.4,139,88.5,91.3,28.71,31.16,27.2,27.6
123.88,4800,137.9,100,0,0.4,3,6066,-0.01,0.04,108.4,139,88.4,91.2,28.71,31.16,27.2,27.6
123.92,4801,137.9,100,0,-0.5,3,6069,0.02,0.04,108.4,138.9,88.4,91.2,28.71,31.16,27.2,27.6
123.96,4803,138,100,0,-0.1,3,6071,0.02,0.04,108.3,138.9,88.4,91.2,28.71,31.16,27.2,27.6
124,4804,138,100,0,0.6,3,6074,-0.02,0.04,108.3,138.9,88.4,91.2,28.71,31.16,27.2,27.6
124.04,4806,138.1,100,0,-0.7,3,6076,0.02,0.04,108.3,138.9,88.4,91.2,28.71,31.16,27.19,27.59
124.08,4807,138.2,100,0,0.3,3,6079,-0.01,0.04,108.3,138.9,88.4,91.2,28.71,31.15,27.19,27.59
124.12,4809,138.2,100,0,1,3,6081,0.02,0.04,108.3,138.9,88.4,91.2,28.71,31.15,27.19,27.59
124.16,4810,138.3,100,0,0.3,3,6084,0,0.04,108.3,138.9,88.4,91.2,28.71,31.15,27.19,27.59
124.2,4812,138.3,100,0,-0.4,3,6086,-0.04,0.04,108.3,138.9,88.3,91.1,28.71,31.15,27.19,27.59
124.24,4813,138.4,100,0,-0.4,3,6089,-0.01,0.04,108.3,138.8,88.3,91.1,28.7,31.15,27.19,27.59
124.28,4815,138.4,100,0,0.1,3,6091,0.01,0.04,108.3,138.8,88.3,91.1,28.7,31.15,27.19,27.59
124.32,4816,138.5,100,0,0.2,3,6094,0.02,0.04,108.2,138.8,88.3,91.1,28.7,31.15,27.19,27.59
124.36,4818,138.6,100,0,0.5,3,6096,0.03,0.04,108.2,138.8,88.3,91.1,28.7,31.15,27.19,27.59
124.4,4820,138.6,100,0,-0.2,3,6099,-0.03,0.04,108.2,138.8,88.3,91.1,28.7,31.15,27.19,27.59
124.44,4821,138.7,100,0,-0.1,3,6102,-0.03,0.04,108.2,138.8,88.3,91.1,28.7,31.15,27.19,27.59
124.48,4823,138.7,100,0,0.5,3,6104,-0.02,0.04,108.2,138.8,88.3,91.1,28.7,31.15,27.18,27.58
124.52,4824,138.8,100,0,0,3,6107,0.01,0.04,108.2,138.8,88.2,91,28.7,31.14,27.18,27.58
124.56,4826,138.8,100,0,-0.1,3,6109,0.02,0.04,108.2,138.7,88.2,91,28.7,31.14,27.18,27.58
124.6,4827,138.9,100,0,0.7,3,6112,-0.01,0.04,108.2,138.7,88.2,91,28.7,31.14,27.18,27.58
124.64,4829,139,100,0,-0.1,3,6114,-0.01,0.04,108.1,138.7,88.2,91,28.7,31.14,27.18,27.58
124.68,4830,139,100,0,0.3,3,6117,-0.03,0.04,108.1,138.7,88.2,91,28.69,31.14,27.18,27.58
124.72,4832,139.1,100,0,0.3,3,6119,0,0.04,108.1,138.7,88.2,91,28.69,31.14,27.18,27.58
124.76,4833,139.1,100,0,0.3,3,6122,0.03,0.04,108.1,138.7,88.2,91,28.69,31.14,27.18,27.58
124.8,4835,139.2,100,0,0.6,3,6124,-0.01,0.04,108.1,138.7,88.2,91,28.69,31.14,27.18,27.58
124.84,4837,139.2,100,0,-0.6,3,6127,0.02,0.04,108.1,138.7,88.2,91,28.69,31.14,27.18,27.58
124.88,4838,139.3,100,0,-0.2,3,6129,-0.04,0.04,108.1,138.7,88.1,90.9,28.69,31.14,27.18,27.58
124.92,4840,139.4,100,0,-0.4,3,6132,-0.03,0.04,108.1,138.6,88.1,90.9,28.69,31.14,27.17,27.57
124.96,4841,139.4,100,0,0.6,3,6134,0.01,0.04,108,138.6,88.1,90.9,28.69,31.13,27.17,27.57
125,4843,139.5,100,0,-0.5,3,6137,-0.02,0.04,108,138.6,88.1,90.9,28.69,31.13,27.17,27.57
125.04,4844,139.5,100,0,-0.4,3,6140,0.05,0.04,108,138.6,88.1,90.9,28.69,31.13,27.17,27.57
125.08,4846,139.6,100,0,0.3,3,6142,0.02,0.04,108,138.6,88.1,90.9,28.69,31.13,27.17,27.57
125.12,4847,139.7,100,0,0.2,3,6145,-0.02,0.04,108,138.6,88.1,90.9,28.69,31.13,27.17,27.57
125.16,4849,139.7,100,0,-0.2,3,6147,0,0.04,108,138.6,88.1,90.9,28.68,31.13,27.17,27.57
125.2,4850,139.8,100,0,-0.4,3,6150,0.02,0.04,108,138.6,88,90.8,28.68,31.13,27.17,27.57
125.24,4852,139.8,100,0,0.2,3,6152,0.01,0.04,108,138.5,88,90.8,28.68,31.13,27.17,27.57
125.28,4854,139.9,100,0,0.5,3,6155,0.03,0.04,108,138.5,88,90.8,28.68,31.13,27.17,27.57
125.32,4855,139.9,100,0,0.2,3,6157,0.01,0.04,107.9,138.5,88,90.8,28.68,31.13,27.17,27.57
125.36,4857,140,100,0,-0.8,3,6160,-0.02,0.04,107.9,138.5,88,90.8,28.68,31.13,27.16,27.56
125.4,4858,140.1,100,0,0.1,3,6162,0.04,0.04,107.9,138.5,88,90.8,28.68,31.12,27.16,27.56
125.44,4860,140.1,100,0,0.4,3,6165,0.01,0.04,107.9,138.5,88,90.8,28.68,31.12,27.16,27.56
125.48,4861,140.2,100,0,-0.3,3,6167,0,0.04,107.9,138.5,88,90.8,28.68,31.12,27.16,27.56
125.52,4863,140.2,100,0,0.5,3,6170,0.03,0.04,107.9,138.5,87.9,90.7,28.68,31.12,27.16,27.56
125.56,4864,140.3,100,0,-1,3,6173,-0.03,0.04,107.9,138.4,87.9,90.7,28.68,31.12,27.16,27.56
125.6,4866,140.3,100,0,0.5,3,6175,0,0.04,107.9,138.4,87.9,90.7,28.67,31.12,27.16,27.56
125.64,4868,140.4,100,0,-0.2,3,6178,0.01,0.04,107.8,138.4,87.9,90.7,28.67,31.12,27.16,27.56
125.68,4869,140.5,100,0,-0.2,3,6180,-0.01,0.04,107.8,138.4,87.9,90.7,28.67,31.12,27.16,27.56
125.72,4871,140.5,100,0,0.3,3,6183,0.01,0.04,107.8,138.4,87.9,90.7,28.67,31.12,27.16,27.56
125.76,4872,140.6,100,0,-0.3,3,6185,-0.02,0.04,107.8,138.4,87.9,90.7,28.67,31.12,27.16,27.56
125.8,4874,140.6,100,0,0.1,3,6188,-0.01,0.04,107.8,138.4,87.9,90.7,28.67,31.12,27.15,27.55
125.84,4875,140.7,100,0,-0.7,3,6190,0,0.04,107.8,138.4,87.9,90.7,28.67,31.11,27.15,27.55
125.88,4877,140.7,100,0,-0.2,3,6193,-0.02,0.04,107.8,138.4,87.8,90.6,28.67,31.11,27.15,27.55
125.92,4879,140.8,100,0,-0.3,3,6195,0.01,0.04,107.8,138.3,87.8,90.6,28.67,31.11,27.15,27.55
125.96,4880,140.9,100,0,0.3,3,6198,0.03,0.04,107.7,138.3,87.8,90.6,28.67,31.11,27.15,27.55
126,4882,140.9,100,0,-0.7,3,6200,-0.02,0.04,107.7,138.3,87.8,90.6,28.67,31.11,27.15,27.55
126.04,4883,141,100,0,0.6,3,6203,0.01,0.04,107.7,138.3,87.8,90.6,28.66,31.11,27.15,27.55
126.08,4885,141,100,0,0,3,6205,-0.01,0.04,107.7,138.3,87.8,90.6,28.66,31.11,27.15,27.55
126.12,4886,141.1,100,0,0.4,3,6208,-0.01,0.04,107.7,138.3,87.8,90.6,28.66,31.11,27.15,27.55
126.16,4888,141.1,100,0,0.2,3,6211,-0.03,0.04,107.7,138.3,87.8,90.6,28.66,31.11,27.15,27.55
126.2,4890,141.2,100,0,0,3,6213,-0.02,0.04,107.7,138.3,87.7,90.5,28.66,31.11,27.15,27.55
126.24,4891,141.3,100,0,-0.5,3,6216,0.02,0.04,107.7,138.2,87.7,90.5,28.66,31.11,27.15,27.55
126.28,4893,141.3,100,0,0.3,3,6218,-0.02,0.04,107.7,138.2,87.7,90.5,28.66,31.1,27.14,27.54
126.32,4894,141.4,100,0,-0.3,3,6221,0,0.04,107.6,138.2,87.7,90.5,28.66,31.1,27.14,27.54
126.36,4896,141.4,100,0,-0.4,3,6223,0.01,0.04,107.6,138.2,87.7,90.5,28.66,31.1,27.14,27.54
126.4,4897,141.5,100,0,-0.1,3,6226,-0.01,0.04,107.6,138.2,87.7,90.5,28.66,31.1,27.14,27.54
126.44,4899,141.6,100,0,0,3,6228,0.02,0.04,107.6,138.2,87.7,90.5,28.66,31.1,27.14,27.54
126.48,4901,141.6,100,0,0.4,3,6231,-0.01,0.04,107.6,138.2,87.7,90.5,28.65,31.1,27.14,27.54
126.52,4902,141.7,100,0,0,3,6233,-0.02,0.04,107.6,138.2,87.6,90.4,28.65,31.1,27.14,27.54
126.56,4904,141.7,100,0,-0.1,3,6236,0,0.04,107.6,138.1,87.6,90.4,28.65,31.1,27.14,27.54
126.6,4905,141.8,100,0,0,3,6238,-0.03,0.04,107.6,138.1,87.6,90.4,28.65,31.1,27.14,27.54
126.64,4907,141.8,100,0,1.3,3,6241,-0.01,0.04,107.5,138.1,87.6,90.4,28.65,31.1,27.14,27.54
126.68,4908,141.9,100,0,0,3,6243,0.01,0.04,107.5,138.1,87.6,90.4,28.65,31.1,27.14,27.54