Time,Distance,Speed,Throttle,Brake,Steering,Gear,RPM,LatG,LongG,TyreTemp_FL,TyreTemp_FR,TyreTemp_RL,TyreTemp_RR,Press_FL,Press_FR,Press_RL,Press_RR
0,0,180.1,100,0,-0.2,4,10443,0.02,0.04,97,100,93,96,23.1,23.5,21.1,21.5
0.04,2,180.1,100,0,0,4,10447,0.01,0.04,97,100,93,96,23.1,23.5,21.1,21.5
0.08,4,180.2,100,0,0.2,4,10450,0.01,0.04,97,100,93,96,23.1,23.5,21.1,21.5
0.12,6,180.2,100,0,0.3,4,10453,-0.02,0.04,97,100,93,96,23.1,23.5,21.1,21.5
0.16,8,180.3,100,0,0.4,4,10457,0,0.04,96.9,99.9,92.9,95.9,23.1,23.5,21.1,21.5
0.2,10,180.3,100,0,-0.2,4,10460,0,0.04,96.9,99.9,92.9,95.9,23.09,23.49,21.09,21.49
0.24,12,180.4,100,0,0.2,4,10463,-0.01,0.04,96.9,99.9,92.9,95.9,23.09,23.49,21.09,21.49
0.28,14,180.5,100,0,0.3,4,10467,-0.05,0.04,96.9,99.9,92.9,95.9,23.09,23.49,21.09,21.49
0.32,16,180.5,100,0,0.5,4,10470,-0.03,0.04,96.9,99.9,92.9,95.9,23.09,23.49,21.09,21.49
0.36,18,180.6,100,0,-0.4,4,10473,0.02,0.04,96.9,99.9,92.9,95.9,23.09,23.49,21.09,21.49
0.4,20,180.6,100,0,-0.6,4,10477,0.03,0.04,96.9,99.9,92.9,95.9,23.09,23.49,21.09,21.49
0.44,22,180.7,100,0,0.1,4,10480,-0.03,0.04,96.9,99.9,92.9,95.9,23.09,23.49,21.09,21.49
0.48,24,180.7,100,0,0.6,4,10483,0.01,0.04,96.8,99.8,92.8,95.8,23.09,23.49,21.09,21.49
0.52,26,180.8,100,0,0.6,4,10487,0.01,0.04,96.8,99.8,92.8,95.8,23.09,23.49,21.09,21.49
0.56,28,180.9,100,0,-0.6,4,10490,0.01,0.04,96.8,99.8,92.8,95.8,23.09,23.49,21.09,21.49
0.6,30,180.9,100,0,0.1,4,10493,0,0.04,96.8,99.8,92.8,95.8,23.09,23.49,21.09,21.49
0.64,32,181,100,0,0,4,10497,-0.02,0.04,96.8,99.8,92.8,95.8,23.08,23.48,21.08,21.48
0.68,34,181,100,0,0.3,4,10500,-0.01,0.04,96.8,99.8,92.8,95.8,23.08,23.48,21.08,21.48
0.72,36,181.1,100,0,0,4,10503,-0.02,0.04,96.8,99.8,92.8,95.8,23.08,23.48,21.08,21.48
0.76,38,181.2,100,0,-0.3,4,10507,0.04,0.04,96.8,99.8,92.8,95.8,23.08,23.48,21.08,21.48
0.8,40,181.2,100,0,0.4,4,10510,-0.02,0.04,96.7,99.7,92.7,95.7,23.08,23.48,21.08,21.48
0.84,42,181.3,100,0,-0.3,4,10513,-0.01,0.04,96.7,99.7,92.7,95.7,23.08,23.48,21.08,21.48
0.88,44,181.3,100,0,0.4,4,10517,0.03,0.04,96.7,99.7,92.7,95.7,23.08,23.48,21.08,21.48
0.92,46,181.4,100,0,0,4,10520,0.04,0.04,96.7,99.7,92.7,95.7,23.08,23.48,21.08,21.48
0.96,48,181.4,100,0,-0.1,4,10524,0,0.04,96.7,99.7,92.7,95.7,23.08,23.48,21.08,21.48
1,50,181.5,100,0,-0.1,4,10527,0.01,0.04,96.7,99.7,92.7,95.7,23.08,23.48,21.08,21.48
1.04,52,181.6,100,0,0.5,4,10530,0.03,0.04,96.7,99.7,92.7,95.7,23.08,23.48,21.08,21.48
1.08,54,181.6,100,0,0,4,10534,0.01,0.04,96.7,99.7,92.7,95.7,23.07,23.47,21.07,21.47
1.12,56,181.7,100,0,-0.4,4,10537,0.03,0.04,96.7,99.7,92.7,95.7,23.07,23.47,21.07,21.47
1.16,58,181.7,100,0,-0.2,4,10540,-0.01,0.04,96.6,99.6,92.6,95.6,23.07,23.47,21.07,21.47
1.2,60,181.8,100,0,0.5,4,10544,0.03,0.04,96.6,99.6,92.6,95.6,23.07,23.47,21.07,21.47
1.24,62,181.8,100,0,0,4,10547,0,0.04,96.6,99.6,92.6,95.6,23.07,23.47,21.07,21.47
1.28,64,181.9,100,0,-0.2,4,10550,0,0.04,96.6,99.6,92.6,95.6,23.07,23.47,21.07,21.47
1.32,66,182,100,0,-0.1,4,10554,0.01,0.04,96.6,99.6,92.6,95.6,23.07,23.47,21.07,21.47
1.36,68,182,100,0,0.1,4,10557,0.02,0.04,96.6,99.6,92.6,95.6,23.07,23.47,21.07,21.47
1.4,70,182.1,100,0,-0.7,4,10560,-0.03,0.04,96.6,99.6,92.6,95.6,23.07,23.47,21.07,21.47
1.44,72,182.1,100,0,-0.1,4,10564,-0.03,0.04,96.6,99.6,92.6,95.6,23.07,23.47,21.07,21.47
1.48,74,182.2,100,0,-0.8,4,10567,0.02,0.04,96.5,99.5,92.5,95.5,23.07,23.47,21.07,21.47
1.52,76,182.2,100,0,0.1,4,10570,-0.01,0.04,96.5,99.5,92.5,95.5,23.06,23.46,21.06,21.46
1.56,78,182.3,100,0,-0.1,4,10574,0.01,0.04,96.5,99.5,92.5,95.5,23.06,23.46,21.06,21.46
1.6,81,182.4,100,0,0.3,4,10577,-0.01,0.04,96.5,99.5,92.5,95.5,23.06,23.46,21.06,21.46
1.64,83,182.4,100,0,-0.4,4,10580,-0.01,0.04,96.5,99.5,92.5,95.5,23.06,23.46,21.06,21.46
1.68,85,182.5,100,0,-0.5,4,10584,0.02,0.04,96.5,99.5,92.5,95.5,23.06,23.46,21.06,21.46
1.72,87,182.5,100,0,-0.3,4,10587,0,0.04,96.5,99.5,92.5,95.5,23.06,23.46,21.06,21.46
1.76,89,182.6,100,0,0.5,4,10590,-0.01,0.04,96.5,99.5,92.5,95.5,23.06,23.46,21.06,21.46
1.8,91,182.6,100,0,-1,4,10594,0,0.04,96.4,99.4,92.4,95.4,23.06,23.46,21.06,21.46
1.84,93,182.7,100,0,0,4,10597,0.01,0.04,96.4,99.4,92.4,95.4,23.06,23.46,21.06,21.46
1.88,95,182.8,100,0,-0.1,4,10600,0,0.04,96.4,99.4,92.4,95.4,23.06,23.46,21.06,21.46
1.92,97,182.8,100,0,-0.4,4,10604,0.01,0.04,96.4,99.4,92.4,95.4,23.06,23.46,21.06,21.46
1.96,99,182.9,100,0,-0.3,4,10607,-0.02,0.04,96.4,99.4,92.4,95.4,23.05,23.45,21.05,21.45
2,101,182.9,100,0,0.2,4,10610,-0.01,0.04,96.4,99.4,92.4,95.4,23.05,23.45,21.05,21.45
2.04,103,183,100,0,-0.4,4,10614,0,0.04,96.4,99.4,92.4,95.4,23.05,23.45,21.05,21.45
2.08,105,183.1,100,0,-0.2,4,10617,0.01,0.04,96.4,99.4,92.4,95.4,23.05,23.45,21.05,21.45
2.12,107,183.1,100,0,0.5,4,10620,-0.02,0.04,96.4,99.4,92.4,95.4,23.05,23.45,21.05,21.45
2.16,109,183.2,100,0,0.3,4,10624,0.02,0.04,96.3,99.3,92.3,95.3,23.05,23.45,21.05,21.45
2.2,111,183.2,100,0,-0.6,4,10627,0,0.04,96.3,99.3,92.3,95.3,23.05,23.45,21.05,21.45
2.24,113,183.3,100,0,1.4,4,10630,0,0.04,96.3,99.3,92.3,95.3,23.05,23.45,21.05,21.45
2.28,115,183.3,100,0,0.9,4,10634,0,0.04,96.3,99.3,92.3,95.3,23.05,23.45,21.05,21.45
2.32,117,183.4,100,0,0.1,4,10637,0.02,0.04,96.3,99.3,92.3,95.3,23.05,23.45,21.05,21.45
2.36,119,183.5,100,0,0,4,10640,0,0.04,96.3,99.3,92.3,95.3,23.05,23.45,21.05,21.45
2.4,121,183.5,100,0,0.3,4,10644,-0.02,0.04,96.3,99.3,92.3,95.3,23.05,23.45,21.05,21.45
2.44,123,183.6,100,0,0.6,4,10647,-0.01,0.04,96.3,99.3,92.3,95.3,23.04,23.44,21.04,21.44
2.48,125,183.6,100,0,0.3,4,10650,-0.02,0.04,96.2,99.2,92.2,95.2,23.04,23.44,21.04,21.44
2.52,127,183.7,100,0,0.3,4,10654,-0.01,0.04,96.2,99.2,92.2,95.2,23.04,23.44,21.04,21.44
2.56,129,183.7,100,0,-0.1,4,10657,0.04,0.04,96.2,99.2,92.2,95.2,23.04,23.44,21.04,21.44
2.6,131,183.8,100,0,-0.1,4,10660,0.01,0.04,96.2,99.2,92.2,95.2,23.04,23.44,21.04,21.44
2.64,133,183.9,100,0,0.2,4,10664,0.02,0.04,96.2,99.2,92.2,95.2,23.04,23.44,21.04,21.44
2.68,135,183.9,100,0,0,4,10667,-0.01,0.04,96.2,99.2,92.2,95.2,23.04,23.44,21.04,21.44
2.72,138,184,100,0,1,4,10671,0.02,0.04,96.2,99.2,92.2,95.2,23.04,23.44,21.04,21.44
2.76,140,184,100,0,0.7,4,10674,-0.01,0.04,96.2,99.2,92.2,95.2,23.04,23.44,21.04,21.44
2.8,142,184.1,100,0,-0.1,4,10677,-0.05,0.04,96.1,99.1,92.1,95.1,23.04,23.44,21.04,21.44
2.84,144,184.1,100,0,0.6,4,10681,0.05,0.04,96.1,99.1,92.1,95.1,23.04,23.44,21.04,21.44
2.88,146,184.2,100,0,-0.5,4,10684,0.02,0.04,96.1,99.1,92.1,95.1,23.03,23.43,21.03,21.43
2.92,148,184.3,100,0,0.7,4,10687,-0.01,0.04,96.1,99.1,92.1,95.1,23.03,23.43,21.03,21.43
2.96,150,184.3,100,0,-0.4,4,10691,0.02,0.04,96.1,99.1,92.1,95.1,23.03,23.43,21.03,21.43
3,152,184.4,100,0,-1.1,4,10694,0,0.04,96.1,99.1,92.1,95.1,23.03,23.43,21.03,21.43
3.04,154,184.4,100,0,0.2,4,10697,-0.01,0.04,96.1,99.1,92.1,95.1,23.03,23.43,21.03,21.43
3.08,156,184.5,100,0,0,4,10701,0.02,0.04,96.1,99.1,92.1,95.1,23.03,23.43,21.03,21.43
3.12,158,184.6,100,0,-0.2,4,10704,0.03,0.04,96.1,99.1,92.1,95.1,23.03,23.43,21.03,21.43
3.16,160,184.6,100,0,-0.5,4,10707,-0.01,0.04,96,99,92,95,23.03,23.43,21.03,21.43
3.2,162,184.7,100,0,0.1,4,10711,-0.02,0.04,96,99,92,95,23.03,23.43,21.03,21.43
3.24,164,184.7,100,0,0,4,10714,0,0.04,96,99,92,95,23.03,23.43,21.03,21.43
3.28,166,184.8,100,0,-0.1,4,10717,0.02,0.04,96,99,92,95,23.03,23.43,21.03,21.43
3.32,168,184.8,100,0,0.2,4,10721,0,0.04,96,99,92,95,23.02,23.42,21.02,21.42
3.36,170,184.9,100,0,0.7,4,10724,-0.02,0.04,96,99,92,95,23.02,23.42,21.02,21.42
3.4,172,185,100,0,0.7,4,10727,0.01,0.04,96,99,92,95,23.02,23.42,21.02,21.42
3.44,174,185,100,0,-1,4,10731,-0.01,0.04,96,99,92,95,23.02,23.42,21.02,21.42
3.48,176,185.1,100,0,-0.5,4,10734,0.04,0.04,95.9,98.9,91.9,94.9,23.02,23.42,21.02,21.42
3.52,179,185.1,100,0,-0.4,4,10737,0,0.04,95.9,98.9,91.9,94.9,23.02,23.42,21.02,21.42
3.56,181,185.2,100,0,-0.3,4,10741,-0.01,0.04,95.9,98.9,91.9,94.9,23.02,23.42,21.02,21.42
3.6,183,185.2,100,0,-0.1,4,10744,-0.02,0.04,95.9,98.9,91.9,94.9,23.02,23.42,21.02,21.42
3.64,185,185.3,100,0,-0.1,4,10747,0.03,0.04,95.9,98.9,91.9,94.9,23.02,23.42,21.02,21.42
3.68,187,185.4,100,0,0.6,4,10751,0,0.04,95.9,98.9,91.9,94.9,23.02,23.42,21.02,21.42
3.72,189,185.4,100,0,0.2,4,10754,0.03,0.04,95.9,98.9,91.9,94.9,23.02,23.42,21.02,21.42
3.76,191,185.5,100,0,0.6,4,10757,-0.01,0.04,95.9,98.9,91.9,94.9,23.01,23.41,21.01,21.41
3.8,193,185.5,100,0,0.9,4,10761,-0.01,0.04,95.8,98.8,91.8,94.8,23.01,23.41,21.01,21.41
3.84,195,185.6,100,0,-0.9,4,10764,0,0.04,95.8,98.8,91.8,94.8,23.01,23.41,21.01,21.41
3.88,197,185.6,100,0,0.5,4,10767,0,0.04,95.8,98.8,91.8,94.8,23.01,23.41,21.01,21.41
3.92,199,185.7,100,0,0.4,4,10771,0,0.04,95.8,98.8,91.8,94.8,23.01,23.41,21.01,21.41
3.96,201,185.8,100,0,-0.7,4,10774,0,0.04,95.8,98.8,91.8,94.8,23.01,23.41,21.01,21.41
4,203,185.8,100,0,0.1,4,10777,0,0.04,95.8,98.8,91.8,94.8,23.01,23.41,21.01,21.41
4.04,205,185.9,100,0,0.2,4,10781,0,0.04,95.8,98.8,91.8,94.8,23.01,23.41,21.01,21.41
4.08,207,185.9,100,0,-0.3,4,10784,0.01,0.04,95.8,98.8,91.8,94.8,23.01,23.41,21.01,21.41
4.12,209,186,100,0,0.1,4,10787,0.01,0.04,95.8,98.8,91.8,94.8,23.01,23.41,21.01,21.41
4.16,211,186,100,0,0.5,4,10791,0.01,0.04,95.7,98.7,91.7,94.7,23.01,23.41,21.01,21.41
4.2,214,186.1,100,0,0.1,4,10794,-0.02,0.04,95.7,98.7,91.7,94.7,23,23.4,21,21.4
4.24,216,186.2,100,0,0.1,4,10797,0.02,0.04,95.7,98.7,91.7,94.7,23,23.4,21,21.4
4.28,218,186.2,100,0,-0.1,4,10801,0,0.04,95.7,98.7,91.7,94.7,23,23.4,21,21.4
4.32,220,186.3,100,0,-0.5,4,10804,-0.02,0.04,95.7,98.7,91.7,94.7,23,23.4,21,21.4
4.36,222,186.3,100,0,-0.2,4,10807,-0.04,0.04,95.7,98.7,91.7,94.7,23,23.4,21,21.4
4.4,224,186.4,100,0,0,4,10811,-0.03,0.04,95.7,98.7,91.7,94.7,23,23.4,21,21.4
4.44,226,186.5,100,0,0.1,4,10814,-0.01,0.04,95.7,98.7,91.7,94.7,23,23.4,21,21.4
4.48,228,186.5,100,0,0.4,4,10818,0.02,0.04,95.6,98.6,91.6,94.6,23,23.4,21,21.4
4.52,230,186.6,100,0,0.6,4,10821,0,0.04,95.6,98.6,91.6,94.6,23,23.4,21,21.4
4.56,232,186.6,100,0,-0.7,4,10824,0,0.04,95.6,98.6,91.6,94.6,23,23.4,21,21.4
4.6,234,186.7,100,0,0.3,4,10828,-0.02,0.04,95.6,98.6,91.6,94.6,23,23.4,21,21.4
4.64,236,186.7,100,0,-0.7,4,10831,0,0.04,95.6,98.6,91.6,94.6,22.99,23.39,20.99,21.39
4.68,238,186.8,100,0,0,4,10834,0.01,0.04,95.6,98.6,91.6,94.6,22.99,23.39,20.99,21.39
4.72,240,186.9,100,0,-0.5,4,10838,-0.01,0.04,95.6,98.6,91.6,94.6,22.99,23.39,20.99,21.39
4.76,243,186.9,100,0,0.5,4,10841,0.01,0.04,95.6,98.6,91.6,94.6,22.99,23.39,20.99,21.39
4.8,245,187,100,0,-0.7,4,10844,-0.02,0.04,95.5,98.5,91.5,94.5,22.99,23.39,20.99,21.39
4.84,247,187,100,0,-0.2,4,10848,0.03,0.04,95.5,98.5,91.5,94.5,22.99,23.39,20.99,21.39
4.88,249,187.1,100,0,-0.1,4,10851,0.03,0.04,95.5,98.5,91.5,94.5,22.99,23.39,20.99,21.39
4.92,251,187.1,100,0,0.2,4,10854,0,0.04,95.5,98.5,91.5,94.5,22.99,23.39,20.99,21.39
4.96,253,187.2,100,0,0.2,4,10858,-0.03,0.04,95.5,98.5,91.5,94.5,22.99,23.39,20.99,21.39
5,255,187.3,100,0,0.5,4,10861,-0.01,0.04,95.5,98.5,91.5,94.5,22.99,23.39,20.99,21.39
5.04,257,187.3,100,0,-0.3,4,10864,0,0.04,95.5,98.5,91.5,94.5,22.99,23.39,20.99,21.39
5.08,259,187.4,100,0,0,4,10868,-0.01,0.04,95.5,98.5,91.5,94.5,22.98,23.38,20.98,21.38
5.12,261,187.4,100,0,0.2,4,10871,-0.01,0.04,95.5,98.5,91.5,94.5,22.98,23.38,20.98,21.38
5.16,263,187.5,100,0,-0.1,4,10874,-0.02,0.04,95.4,98.4,91.4,94.4,22.98,23.38,20.98,21.38
5.2,265,187.5,100,0,-0.8,4,10878,-0.04,0.04,95.4,98.4,91.4,94.4,22.98,23.38,20.98,21.38
5.24,268,187.6,100,0,0.3,4,10881,0.04,0.04,95.4,98.4,91.4,94.4,22.98,23.38,20.98,21.38
5.28,270,187.7,100,0,0.2,4,10884,-0.01,0.04,95.4,98.4,91.4,94.4,22.98,23.38,20.98,21.38
5.32,272,187.7,100,0,0,4,10888,0.01,0.04,95.4,98.4,91.4,94.4,22.98,23.38,20.98,21.38
5.36,274,187.8,100,0,0,4,10891,-0.02,0.04,95.4,98.4,91.4,94.4,22.98,23.38,20.98,21.38
5.4,276,187.8,100,0,-0.4,4,10894,0.03,0.04,95.4,98.4,91.4,94.4,22.98,23.38,20.98,21.38
5.44,278,187.9,100,0,-0.1,4,10898,0.04,0.04,95.4,98.4,91.4,94.4,22.98,23.38,20.98,21.38
5.48,280,187.9,100,0,-0.4,4,10901,0.01,0.04,95.3,98.3,91.3,94.3,22.98,23.38,20.98,21.38
5.52,282,188,100,0,0.1,4,10904,-0.03,0.04,95.3,98.3,91.3,94.3,22.97,23.37,20.97,21.37
5.56,284,188.1,100,0,0.5,4,10908,0.02,0.04,95.3,98.3,91.3,94.3,22.97,23.37,20.97,21.37
5.6,286,188.1,100,0,0.3,4,10911,0.01,0.04,95.3,98.3,91.3,94.3,22.97,23.37,20.97,21.37
5.64,288,188.2,100,0,0.4,4,10914,-0.01,0.04,95.3,98.3,91.3,94.3,22.97,23.37,20.97,21.37
5.68,290,188.2,100,0,0.5,4,10918,-0.02,0.04,95.3,98.3,91.3,94.3,22.97,23.37,20.97,21.37
5.72,293,188.3,100,0,-0.8,4,10921,-0.02,0.04,95.3,98.3,91.3,94.3,22.97,23.37,20.97,21.37
5.76,295,188.4,100,0,-0.1,4,10924,-0.02,0.04,95.3,98.3,91.3,94.3,22.97,23.37,20.97,21.37
5.8,297,188.4,100,0,0.5,4,10928,-0.01,0.04,95.2,98.2,91.2,94.2,22.97,23.37,20.97,21.37
5.84,299,188.5,100,0,-0.3,4,10931,0,0.04,95.2,98.2,91.2,94.2,22.97,23.37,20.97,21.37
5.88,301,188.5,100,0,0.9,4,10934,0,0.04,95.2,98.2,91.2,94.2,22.97,23.37,20.97,21.37
5.92,303,188.6,100,0,-0.8,4,10938,0.03,0.04,95.2,98.2,91.2,94.2,22.97,23.37,20.97,21.37
5.96,305,188.6,100,0,-0.6,4,10941,-0.01,0.04,95.2,98.2,91.2,94.2,22.96,23.36,20.96,21.36
6,307,188.7,100,0,0.4,4,10944,0,0.04,95.2,98.2,91.2,94.2,22.96,23.36,20.96,21.36
6.04,309,188.8,100,0,0.2,4,10948,0.02,0.04,95.2,98.2,91.2,94.2,22.96,23.36,20.96,21.36
6.08,311,188.8,100,0,-0.2,4,10951,0.04,0.04,95.2,98.2,91.2,94.2,22.96,23.36,20.96,21.36
6.12,314,188.9,100,0,0,4,10954,-0.02,0.04,95.2,98.2,91.2,94.2,22.96,23.36,20.96,21.36
6.16,316,188.9,100,0,-0.2,4,10958,0.01,0.04,95.1,98.1,91.1,94.1,22.96,23.36,20.96,21.36
6.2,318,189,100,0,0.1,4,10961,0.01,0.04,95.1,98.1,91.1,94.1,22.96,23.36,20.96,21.36
6.24,320,189,100,0,-0.4,4,10965,0.03,0.04,95.1,98.1,91.1,94.1,22.96,23.36,20.96,21.36
6.28,322,189.1,100,0,-0.6,4,10968,-0.01,0.04,95.1,98.1,91.1,94.1,22.96,23.36,20.96,21.36
6.32,324,189.2,100,0,-0.1,4,10971,-0.02,0.04,95.1,98.1,91.1,94.1,22.96,23.36,20.96,21.36
6.36,326,189.2,100,0,-0.5,4,10975,0,0.04,95.1,98.1,91.1,94.1,22.96,23.36,20.96,21.36
6.4,328,189.3,100,0,0.8,4,10978,0.02,0.04,95.1,98.1,91.1,94.1,22.96,23.36,20.96,21.36
6.44,330,189.3,100,0,0.5,4,10981,-0.01,0.04,95.1,98.1,91.1,94.1,22.95,23.35,20.95,21.35
6.48,332,189.4,100,0,0.1,4,10985,0.03,0.04,95,98,91,94,22.95,23.35,20.95,21.35
6.52,335,189.4,100,0,-0.1,4,10988,-0.01,0.04,95,98,91,94,22.95,23.35,20.95,21.35
6.56,337,189.5,100,0,-0.2,4,10991,0,0.04,95,98,91,94,22.95,23.35,20.95,21.35
6.6,339,189.6,100,0,0.4,4,10995,0.01,0.04,95,98,91,94,22.95,23.35,20.95,21.35
6.64,341,189.6,100,0,0.2,4,10998,-0.03,0.04,95,98,91,94,22.95,23.35,20.95,21.35
6.68,343,189.7,100,0,-0.3,4,11001,-0.02,0.04,95,98,91,94,22.95,23.35,20.95,21.35
6.72,345,189.7,100,0,0.5,4,11005,-0.01,0.04,95,98,91,94,22.95,23.35,20.95,21.35
6.76,347,189.8,100,0,-0.2,4,11008,0.01,0.04,95,98,91,94,22.95,23.35,20.95,21.35
6.8,349,189.8,100,0,-0.2,4,11011,0.01,0.04,95,98,91,94,22.95,23.35,20.95,21.35
6.84,351,189.9,100,0,-0.1,4,11015,-0.02,0.04,95,98,91,94,22.95,23.35,20.95,21.35
6.88,354,190,100,0,0.5,4,11018,0.01,0.04,95,98,91,94,22.95,23.35,20.95,21.35
6.92,356,190,100,0,-0.2,4,11021,0.02,0.04,95,98,91,94,22.95,23.35,20.95,21.35
6.96,358,190.1,100,0,-0.3,4,11025,-0.01,0.04,95,98,91,94,22.95,23.35,20.95,21.35
7,360,190.1,100,0,-0.2,4,11028,-0.01,0.04,95,98,91,94,22.95,23.35,20.95,21.35
7.04,362,190.2,100,0,0.5,4,11031,-0.02,0.04,95,98,91,94,22.95,23.35,20.95,21.35
7.08,364,190.3,100,0,0.4,4,11035,-0.02,0.04,95,98,91,94,22.95,23.35,20.95,21.35
7.12,366,190.3,100,0,0.8,4,11038,0,0.04,95,98,91,94,22.95,23.35,20.95,21.35
7.16,368,190.4,100,0,1.2,4,11041,0,0.04,95,98,91,94,22.95,23.35,20.95,21.35
7.2,370,190.4,100,0,0.4,4,11045,-0.01,0.04,95,98,91,94,22.95,23.35,20.95,21.35
7.24,373,190.5,100,0,0.4,4,11048,0.01,0.04,95,98,91,94,22.95,23.35,20.95,21.35
7.28,375,190.5,100,0,0.1,4,11051,-0.01,0.04,95,98,91,94,22.95,23.35,20.95,21.35
7.32,377,190.6,100,0,-0.1,4,11055,0,0.04,95,98,91,94,22.95,23.35,20.95,21.35
7.36,379,190.7,100,0,0.3,4,11058,0.01,0.04,95,98,91,94,22.95,23.35,20.95,21.35
7.4,381,190.7,100,0,-0.2,4,11061,-0.01,0.04,95,98,91,94,22.95,23.35,20.95,21.35
7.44,383,190.8,100,0,0.3,4,11065,0.01,0.04,95,98,91,94,22.95,23.35,20.95,21.35
7.48,385,190.8,100,0,-0.4,4,11068,-0.02,0.04,95,98,91,94,22.95,23.35,20.95,21.35
7.52,387,190.9,100,0,-0.1,4,11071,-0.01,0.04,95,98,91,94,22.95,23.35,20.95,21.35
7.56,389,190.9,100,0,0.1,4,11075,0.01,0.04,95,98,91,94,22.95,23.35,20.95,21.35
7.6,392,191,100,0,0.1,4,11078,0.02,0.04,95,98,91,94,22.95,23.35,20.95,21.35
7.64,394,191.1,100,0,-0.4,4,11081,0.02,0.04,95,98,91,94,22.95,23.35,20.95,21.35
7.68,396,191.1,100,0,-0.7,4,11085,-0.02,0.04,95,98,91,94,22.95,23.35,20.95,21.35
7.72,398,191.2,100,0,-0.1,4,11088,0.03,0.04,95,98,91,94,22.95,23.35,20.95,21.35
7.76,400,191.2,100,0,-0.1,4,11091,-0.02,0.04,95,98,91,94,22.95,23.35,20.95,21.35
7.8,402,191.3,100,0,-0.1,4,11095,-0.06,0.04,95,98,91,94,22.95,23.35,20.95,21.35
7.84,404,191.3,100,0,-0.1,4,11098,0.01,0.04,95,98,91,94,22.95,23.35,20.95,21.35
7.88,406,191.4,100,0,0.3,4,11101,-0.01,0.04,95,98,91,94,22.95,23.35,20.95,21.35
7.92,409,191.5,100,0,-0.2,4,11105,-0.01,0.04,95,98,91,94,22.95,23.35,20.95,21.35
7.96,411,191.5,100,0,0.1,4,11108,-0.01,0.04,95,98,91,94,22.95,23.35,20.95,21.35
8,413,191.6,100,0,0,4,11112,0.02,0.04,95,98,91,94,22.95,23.35,20.95,21.35
8.04,415,191.6,100,0,-0.6,4,11115,0,0.04,95,98,91,94,22.95,23.35,20.95,21.35
8.08,417,191.7,100,0,0.5,4,11118,0.03,0.04,95,98,91,94,22.95,23.35,20.95,21.35
8.12,419,191.8,100,0,0.2,4,11122,0,0.04,95,98,91,94,22.95,23.35,20.95,21.35
8.16,421,191.8,100,0,-0.3,4,11125,-0.01,0.04,95,98,91,94,22.95,23.35,20.95,21.35
8.2,424,191.9,100,0,0.4,4,11128,0.02,0.04,95,98,91,94,22.95,23.35,20.95,21.35
8.24,426,191.9,100,0,-0.4,4,11132,-0.01,0.04,95,98,91,94,22.95,23.35,20.95,21.35
8.28,428,192,100,0,0.3,4,11135,0.02,0.04,95,98,91,94,22.95,23.35,20.95,21.35
8.32,430,192,100,0,0.2,4,11138,-0.02,0.04,95,98,91,94,22.95,23.35,20.95,21.35
8.36,432,192.1,100,0,0.5,4,11142,0,0.04,95,98,91,94,22.95,23.35,20.95,21.35
8.4,434,192.2,100,0,-0.4,4,11145,-0.02,0.04,95,98,91,94,22.95,23.35,20.95,21.35
8.44,436,192.2,100,0,1.1,4,11148,0.01,0.04,95,98,91,94,22.95,23.35,20.95,21.35
8.48,438,192.3,100,0,0.2,4,11152,0,0.04,95,98,91,94,22.95,23.35,20.95,21.35
8.52,441,192.3,100,0,-0.2,4,11155,-0.01,0.04,95,98,91,94,22.95,23.35,20.95,21.35
8.56,443,192.4,100,0,0.1,4,11158,0.04,0.04,95,98,91,94,22.95,23.35,20.95,21.35
8.6,445,192.4,100,0,0,4,11162,-0.01,0.04,95,98,91,94,22.95,23.35,20.95,21.35
8.64,447,192.5,100,0,0,4,11165,-0.02,0.04,95,98,91,94,22.95,23.35,20.95,21.35
8.68,449,192.6,100,0,-0.5,4,11168,-0.01,0.04,95,98,91,94,22.95,23.35,20.95,21.35
8.72,451,192.2,0,6,-0.1,4,11146,0,-4.2,95,98.1,91,94,22.95,23.36,20.95,21.35
8.76,453,191.1,0,17,0.2,4,11083,0,-4.2,95.1,98.2,91,94,22.96,23.37,20.95,21.35
8.8,456,189.3,0,28,-0.5,4,10979,0,-4.2,95.1,98.4,91,94,22.96,23.38,20.95,21.35
8.84,458,186.9,0,38,-0.6,4,10838,0,-4.2,95.2,98.5,91,94,22.96,23.39,20.95,21.35
8.88,460,183.7,0,49,0.2,4,10656,0,-4.2,95.2,98.6,91,94,22.97,23.4,20.95,21.35
8.92,462,179.9,0,59,0.2,4,10437,0,-4.2,95.2,98.7,91,94,22.97,23.4,20.95,21.35
8.96,464,175.5,0,69,-0.4,4,10181,0,-4.2,95.3,98.8,91,94,22.97,23.41,20.95,21.35
9,466,170.5,0,79,-1.3,4,9888,0,-4.2,95.3,99,91,94,22.97,23.42,20.95,21.35
9.04,468,164.8,0,88,-0.3,3,11539,0,-4.2,95.4,99.1,91,94,22.98,23.43,20.95,21.35
9.08,469,158.6,0,98,0.9,3,11100,0,-4.2,95.4,99.2,91,94,22.98,23.44,20.95,21.35
9.12,471,152.3,0,98,-1.1,3,10661,0,-4.2,95.4,99.3,91,94,22.98,23.45,20.95,21.35
9.16,473,146,0,98,-1.5,3,10222,0,-4.2,95.5,99.4,91,94,22.99,23.46,20.95,21.35
9.2,475,139.8,0,98,-0.4,3,9783,0,-4.2,95.5,99.6,91,94,22.99,23.47,20.95,21.35
9.24,476,133.5,0,98,-0.4,2,11747,0,-4.2,95.6,99.7,91,94,22.99,23.48,20.95,21.35
9.28,478,127.2,0,98,-0.4,2,11195,0,-4.2,95.6,99.8,91,94,23,23.49,20.95,21.35
9.32,479,120.9,0,98,-0.2,2,10643,0,-4.2,95.6,99.9,91,94,23,23.49,20.95,21.35
9.36,480,114.7,0,98,-0.4,2,10091,0,-4.2,95.7,100,91,94,23,23.5,20.95,21.35
9.4,482,108.4,0,98,1.1,2,9539,0,-4.2,95.7,100.2,91,94,23,23.51,20.95,21.35
9.44,483,105,0,98,0.7,2,9240,0,-4.2,95.8,100.3,91,94,23.01,23.52,20.95,21.35
9.48,484,105,0,98,0.3,2,9240,0,-4.2,95.8,100.4,91,94,23.01,23.53,20.95,21.35
9.52,485,105,0,98,0,2,9240,0,-4.2,95.8,100.5,91,94,23.01,23.54,20.95,21.35
9.56,486,105,0,98,-1.2,2,9240,0,-4.2,95.9,100.6,91,94,23.02,23.55,20.95,21.35
9.6,487,105,0,98,0.6,2,9240,0,-4.2,95.9,100.8,91,94,23.02,23.56,20.95,21.35
9.64,489,105,0,98,0.4,2,9240,0,-4.2,96,100.9,91,94,23.02,23.57,20.95,21.35
9.68,490,105,0,98,2.1,2,9240,0,-4.2,96,101,91,94,23.03,23.58,20.95,21.35
9.72,491,105,0,98,1.8,2,9240,0,-4.2,96,101.1,91,94,23.03,23.58,20.95,21.35
9.76,492,105,0,98,-0.5,2,9240,0,-4.2,96.1,101.2,91,94,23.03,23.59,20.95,21.35
9.8,493,105,0,98,0.4,2,9240,0,-4.2,96.1,101.4,91,94,23.03,23.6,20.95,21.35
9.84,494,105,0,98,-0.8,2,9240,0,-4.2,96.2,101.5,91,94,23.04,23.61,20.95,21.35
9.88,496,105,0,98,1.8,2,9240,0,-4.2,96.2,101.6,91,94,23.04,23.62,20.95,21.35
9.92,497,105,0,98,0.1,2,9240,0,-4.2,96.2,101.7,91,94,23.04,23.63,20.95,21.35
9.96,498,105,0,98,-1,2,9240,0,-4.2,96.3,101.8,91,94,23.05,23.64,20.95,21.35
10,499,105,0,98,0,2,9240,0,-4.2,96.3,102,91,94,23.05,23.65,20.95,21.35
10.04,500,105,0,98,1.4,2,9240,0,-4.2,96.4,102.1,91,94,23.05,23.66,20.95,21.35
10.08,501,105,0,98,1.5,2,9240,0,-4.2,96.4,102.2,91,94,23.06,23.67,20.95,21.35
10.12,503,105,0,98,0.3,2,9240,0,-4.2,96.4,102.3,91,94,23.06,23.67,20.95,21.35
10.16,504,105,0,98,0.3,2,9240,0,-4.2,96.5,102.4,91,94,23.06,23.68,20.95,21.35
10.2,505,105,0,98,0.5,2,9240,0,-4.2,96.5,102.6,91,94,23.06,23.69,20.95,21.35
10.24,506,105,0,98,-0.7,2,9240,0,-4.2,96.6,102.7,91,94,23.07,23.7,20.95,21.35
10.28,507,105,0,98,-0.7,2,9240,0,-4.2,96.6,102.8,91,94,23.07,23.71,20.95,21.35
10.32,508,105,0,98,0.1,2,9240,0,-4.2,96.6,102.9,91,94,23.07,23.72,20.95,21.35
10.36,510,105,0,96,-1.9,2,9240,-0.04,-1.38,96.7,103,91,94,23.08,23.73,20.95,21.35
10.4,511,105,0,94,-2.5,2,9240,-0.08,-1.36,96.7,103.2,91,94,23.08,23.74,20.95,21.35
10.44,512,105,0,91,-4.9,2,9240,-0.12,-1.33,96.8,103.3,91,94,23.08,23.75,20.95,21.35
10.48,513,105,0,89,-7.1,2,9240,-0.16,-1.31,96.8,103.4,91,94,23.09,23.76,20.95,21.35
10.52,514,105,0,87,-8.5,2,9240,-0.2,-1.29,96.8,103.5,91,94,23.09,23.76,20.95,21.35
10.56,515,105,0,85,-11.2,2,9240,-0.24,-1.26,96.9,103.6,91,94,23.09,23.77,20.95,21.35
10.6,517,105,0,83,-11.3,2,9240,-0.28,-1.24,96.9,103.8,91,94,23.09,23.78,20.95,21.35
10.64,518,105,0,81,-14.1,2,9240,-0.32,-1.22,97,103.9,91,94,23.1,23.79,20.95,21.35
10.68,519,105,0,79,-15.4,2,9240,-0.36,-1.2,97,104,91,94,23.1,23.8,20.95,21.35
10.72,520,105,0,76,-18.4,2,9240,-0.4,-1.17,97,104.1,91,94,23.1,23.81,20.95,21.35
10.76,521,105,0,74,-19,2,9240,-0.44,-1.15,97.1,104.2,91,94,23.11,23.82,20.95,21.35
10.8,522,105,0,72,-21.3,2,9240,-0.48,-1.13,97.1,104.4,91,94,23.11,23.83,20.95,21.35
10.84,524,105,0,70,-21.3,2,9240,-0.52,-1.1,97.2,104.5,91,94,23.11,23.84,20.95,21.35
10.88,525,105,0,68,-24.5,2,9240,-0.56,-1.08,97.2,104.6,91,94,23.12,23.85,20.95,21.35
10.92,526,105,0,66,-25,2,9240,-0.6,-1.06,97.2,104.7,91,94,23.12,23.85,20.95,21.35
10.96,527,105,0,64,-26.7,2,9240,-0.65,-1.04,97.3,104.8,91,94,23.12,23.86,20.95,21.35
11,528,105,0,62,-28.7,2,9240,-0.69,-1.01,97.3,105,91,94,23.12,23.87,20.95,21.35
11.04,529,105,0,60,-30.5,2,9240,-0.73,-0.99,97.4,105.1,91,94,23.13,23.88,20.95,21.35
11.08,531,105,0,58,-31.3,2,9240,-0.77,-0.97,97.4,105.2,91,94,23.13,23.89,20.95,21.35
11.12,532,105,0,56,-32.8,2,9240,-0.81,-0.94,97.4,105.3,91,94,23.13,23.9,20.95,21.35
11.16,533,105,0,55,-34,2,9240,-0.85,-0.92,97.5,105.4,91,94,23.14,23.91,20.95,21.35
11.2,534,105,0,53,-36.4,2,9240,-0.89,-0.9,97.5,105.6,91,94,23.14,23.92,20.95,21.35
11.24,535,105,0,51,-37.4,2,9240,-0.93,-0.88,97.6,105.7,91,94,23.14,23.93,20.95,21.35
11.28,536,105,0,49,-38.6,2,9240,-0.97,-0.85,97.6,105.8,91,94,23.15,23.94,20.95,21.35
11.32,538,105,0,47,-40.9,2,9240,-1.01,-0.83,97.6,105.9,91,94,23.15,23.94,20.95,21.35
11.36,539,105,0,45,-41.1,2,9240,-1.05,-0.81,97.7,106,91,94,23.15,23.95,20.95,21.35
11.4,540,105,0,44,-42.7,2,9240,-1.09,-0.78,97.7,106.2,91,94,23.15,23.96,20.95,21.35
11.44,541,105,0,42,-44,2,9240,-1.13,-0.76,97.8,106.3,91,94,23.16,23.97,20.95,21.35
11.48,542,105,0,40,-46.7,2,9240,-1.17,-0.74,97.8,106.4,91,94,23.16,23.98,20.95,21.35
11.52,543,105,0,38,-46.3,2,9240,-1.21,-0.72,97.8,106.5,91,94,23.16,23.99,20.95,21.35
11.56,545,105,0,37,-48.7,2,9240,-1.25,-0.69,97.9,106.6,91,94,23.17,24,20.95,21.35
11.6,546,105,0,35,-49.1,2,9240,-1.29,-0.67,97.9,106.8,91,94,23.17,24.01,20.95,21.35
11.64,547,105,0,33,-50.7,2,9240,-1.33,-0.65,98,106.9,91,94,23.17,24.02,20.95,21.35
11.68,548,105,0,32,-52.1,2,9240,-1.37,-0.62,98,107,91,94,23.18,24.03,20.95,21.35
11.72,549,105,0,30,-54.1,2,9240,-1.41,-0.6,98,107.1,91,94,23.18,24.03,20.95,21.35
11.76,550,105,0,28,-54.5,2,9240,-1.45,-0.58,98.1,107.2,91,94,23.18,24.04,20.95,21.35
11.8,552,105,0,27,-55.7,2,9240,-1.49,-0.56,98.1,107.4,91,94,23.18,24.05,20.95,21.35
11.84,553,105,0,25,-56.4,2,9240,-1.53,-0.53,98.2,107.5,91,94,23.19,24.06,20.95,21.35
11.88,554,105,0,24,-57,2,9240,-1.57,-0.51,98.2,107.6,91,94,23.19,24.07,20.95,21.35
11.92,555,105,0,22,-57.8,2,9240,-1.62,-0.49,98.2,107.7,91,94,23.19,24.08,20.95,21.35
11.96,556,105,0,21,-59.8,2,9240,-1.66,-0.46,98.3,107.8,91,94,23.2,24.09,20.95,21.35
12,557,105,0,19,-58.5,2,9240,-1.7,-0.44,98.3,108,91,94,23.2,24.1,20.95,21.35
12.04,559,105,0,18,-59.7,2,9240,-1.74,-0.42,98.4,108.1,91,94,23.2,24.11,20.95,21.35
12.08,560,105,0,17,-61,2,9240,-1.78,-0.4,98.4,108.2,91,94,23.21,24.12,20.95,21.35
12.12,561,105,0,15,-63.3,2,9240,-1.82,-0.37,98.4,108.3,91,94,23.21,24.12,20.95,21.35
12.16,562,105,0,14,-62.9,2,9240,-1.86,-0.35,98.5,108.4,91,94,23.21,24.13,20.95,21.35
12.2,563,105,0,13,-63.3,2,9240,-1.9,-0.33,98.5,108.6,91,94,23.21,24.14,20.95,21.35
12.24,564,105,0,12,-64.1,2,9240,-1.94,-0.3,98.6,108.7,91,94,23.22,24.15,20.95,21.35
12.28,566,105,0,10,-64.1,2,9240,-1.98,-0.28,98.6,108.8,91,94,23.22,24.16,20.95,21.35
12.32,567,105,0,9,-65.7,2,9240,-2.02,-0.26,98.6,108.9,91,94,23.22,24.17,20.95,21.35
12.36,568,105,0,8,-64.8,2,9240,-2.06,-0.24,98.7,109,91,94,23.23,24.18,20.95,21.35
12.4,569,105,0,7,-66.3,2,9240,-2.1,-0.21,98.7,109.2,91,94,23.23,24.19,20.95,21.35
12.44,570,105,0,6,-66,2,9240,-2.14,-0.19,98.8,109.3,91,94,23.23,24.2,20.95,21.35
12.48,571,105,0,5,-65.9,2,9240,-2.18,-0.17,98.8,109.4,91,94,23.24,24.21,20.95,21.35
12.52,573,105,0,4,-66.9,2,9240,-2.22,-0.14,98.8,109.5,91,94,23.24,24.21,20.95,21.35
12.56,574,105,0,3,-66.9,2,9240,-2.26,-0.12,98.9,109.6,91,94,23.24,24.22,20.95,21.35
12.6,575,105,0,2,-66.5,2,9240,-2.3,-0.1,98.9,109.8,91,94,23.24,24.23,20.95,21.35
12.64,576,105,0,2,-68.3,2,9240,-2.34,-0.08,99,109.9,91,94,23.25,24.24,20.95,21.35
12.68,577,105,0,1,-68.2,2,9240,-2.38,-0.05,99,110,91,94,23.25,24.25,20.95,21.35
12.72,578,105,0,0,-67.8,2,9240,-2.42,-0.03,99,110.1,91,94,23.25,24.26,20.95,21.35
12.76,580,105,0,0,-67.7,2,9240,-2.46,-0.01,99.1,110.2,91,94,23.26,24.27,20.95,21.35
12.8,581,105,1,0,-67.4,2,9240,-3.38,0,99.1,110.2,91,94,23.26,24.27,20.95,21.35
12.84,582,105,3,0,-67.1,2,9240,-3.36,0.01,99.1,110.2,91.1,94.1,23.26,24.27,20.96,21.36
12.88,583,105,4,0,-66.7,2,9241,-3.34,0.01,99.1,110.2,91.1,94.1,23.26,24.27,20.96,21.36
12.92,584,105,5,0,-65.6,2,9242,-3.32,0.02,99.1,110.2,91.1,94.1,23.26,24.27,20.96,21.36
12.96,585,105,6,0,-65.3,2,9242,-3.29,0.03,99.1,110.2,91.2,94.2,23.26,24.27,20.96,21.36
13,587,105,7,0,-65.1,2,9243,-3.27,0.03,99.1,110.2,91.2,94.2,23.26,24.27,20.97,21.37
13.04,588,105,9,0,-64.2,2,9244,-3.25,0.04,99.1,110.2,91.2,94.2,23.26,24.27,20.97,21.37
13.08,589,105.1,10,0,-63.2,2,9245,-3.23,0.04,99.1,110.2,91.3,94.3,23.26,24.27,20.97,21.37
13.12,590,105.1,11,0,-63.3,2,9247,-3.2,0.05,99.1,110.2,91.3,94.3,23.26,24.27,20.97,21.37
13.16,591,105.1,12,0,-63.1,2,9248,-3.18,0.05,99.1,110.2,91.3,94.3,23.26,24.27,20.98,21.38
13.2,592,105.1,13,0,-63,2,9250,-3.16,0.06,99.1,110.2,91.4,94.4,23.26,24.27,20.98,21.38
13.24,594,105.1,14,0,-62.1,2,9252,-3.14,0.06,99.1,110.2,91.4,94.4,23.26,24.27,20.98,21.38
13.28,595,105.2,15,0,-61.4,2,9253,-3.11,0.07,99.1,110.2,91.5,94.5,23.26,24.27,20.98,21.38
13.32,596,105.2,16,0,-60.6,2,9255,-3.09,0.07,99.1,110.2,91.5,94.5,23.26,24.27,20.99,21.39
13.36,597,105.2,17,0,-59.2,2,9257,-3.07,0.08,99.1,110.2,91.5,94.5,23.26,24.27,20.99,21.39
13.4,598,105.2,18,0,-58.8,2,9260,-3.04,0.08,99.1,110.2,91.6,94.6,23.26,24.27,20.99,21.39
13.44,599,105.2,19,0,-58.2,2,9262,-3.02,0.09,99.1,110.2,91.6,94.6,23.26,24.27,20.99,21.39
13.48,601,105.3,20,0,-57.8,2,9264,-3,0.1,99.1,110.2,91.6,94.6,23.26,24.27,21,21.4
13.52,602,105.3,21,0,-58,2,9267,-2.98,0.1,99.1,110.2,91.7,94.7,23.26,24.27,21,21.4
13.56,603,105.3,22,0,-57.4,2,9270,-2.95,0.11,99.1,110.2,91.7,94.7,23.26,24.27,21,21.4
13.6,604,105.4,22,0,-56.2,2,9272,-2.93,0.11,99.1,110.2,91.7,94.7,23.26,24.27,21.01,21.41
13.64,605,105.4,23,0,-55.3,2,9275,-2.91,0.12,99.1,110.2,91.8,94.8,23.26,24.27,21.01,21.41
13.68,606,105.4,24,0,-55.2,2,9278,-2.89,0.12,99.1,110.2,91.8,94.8,23.26,24.27,21.01,21.41
13.72,608,105.5,25,0,-54.2,2,9281,-2.86,0.13,99.1,110.2,91.8,94.8,23.26,24.27,21.01,21.41
13.76,609,105.5,26,0,-53.9,2,9284,-2.84,0.13,99.1,110.2,91.9,94.9,23.26,24.27,21.02,21.42
13.8,610,105.5,27,0,-53.3,2,9287,-2.82,0.14,99.1,110.2,91.9,94.9,23.26,24.27,21.02,21.42
13.84,611,105.6,28,0,-52.8,2,9291,-2.79,0.14,99.1,110.2,91.9,94.9,23.26,24.27,21.02,21.42
13.88,612,105.6,29,0,-52.4,2,9294,-2.77,0.15,99.1,110.2,92,95,23.26,24.27,21.02,21.42
13.92,614,105.7,30,0,-52.1,2,9298,-2.75,0.16,99.1,110.2,92,95,23.26,24.27,21.03,21.43
13.96,615,105.7,31,0,-51.4,2,9302,-2.73,0.16,99.1,110.2,92,95,23.26,24.27,21.03,21.43
14,616,105.7,31,0,-50.2,2,9305,-2.7,0.17,99.1,110.2,92.1,95.1,23.26,24.27,21.03,21.43
14.04,617,105.8,32,0,-50.1,2,9309,-2.68,0.17,99.1,110.2,92.1,95.1,23.26,24.27,21.03,21.43
14.08,618,105.8,33,0,-49.9,2,9313,-2.66,0.18,99.1,110.2,92.2,95.2,23.26,24.27,21.04,21.44
14.12,619,105.9,34,0,-48.6,2,9317,-2.63,0.18,99.1,110.2,92.2,95.2,23.26,24.27,21.04,21.44
14.16,621,105.9,35,0,-48.7,2,9322,-2.61,0.19,99.1,110.2,92.2,95.2,23.26,24.27,21.04,21.44
14.2,622,106,36,0,-47.9,2,9326,-2.59,0.19,99.1,110.2,92.3,95.3,23.26,24.27,21.04,21.44
14.24,623,106,37,0,-47,2,9330,-2.57,0.2,99.1,110.2,92.3,95.3,23.26,24.27,21.05,21.45
14.28,624,106.1,37,0,-46.3,2,9335,-2.54,0.2,99.1,110.2,92.3,95.3,23.26,24.27,21.05,21.45
14.32,625,106.1,38,0,-45.2,2,9339,-2.52,0.21,99.1,110.2,92.4,95.4,23.26,24.27,21.05,21.45
14.36,626,106.2,39,0,-45.5,2,9344,-2.5,0.22,99.1,110.2,92.4,95.4,23.26,24.27,21.05,21.45
14.4,628,106.2,40,0,-44.7,2,9349,-2.47,0.22,99.1,110.2,92.4,95.4,23.26,24.27,21.06,21.46
14.44,629,106.3,41,0,-44.4,2,9354,-2.45,0.23,99.1,110.2,92.5,95.5,23.26,24.27,21.06,21.46
14.48,630,106.4,42,0,-43.6,2,9359,-2.43,0.23,99.1,110.2,92.5,95.5,23.26,24.27,21.06,21.46
14.52,631,106.4,43,0,-42.9,2,9364,-2.41,0.24,99.1,110.2,92.5,95.5,23.26,24.27,21.07,21.47
14.56,632,106.5,43,0,-42.7,2,9369,-2.38,0.24,99.1,110.2,92.6,95.6,23.26,24.27,21.07,21.47
14.6,634,106.5,44,0,-41.5,2,9374,-2.36,0.25,99.1,110.2,92.6,95.6,23.26,24.27,21.07,21.47
14.64,635,106.6,45,0,-40.7,2,9380,-2.34,0.25,99.1,110.2,92.6,95.6,23.26,24.27,21.07,21.47
14.68,636,106.7,46,0,-41,2,9385,-2.31,0.26,99.1,110.2,92.7,95.7,23.26,24.27,21.08,21.48
14.72,637,106.7,47,0,-40.2,2,9391,-2.29,0.27,99.1,110.2,92.7,95.7,23.26,24.27,21.08,21.48
14.76,638,106.8,47,0,-39.5,2,9397,-2.27,0.27,99.1,110.2,92.7,95.7,23.26,24.27,21.08,21.48
14.8,639,106.8,48,0,-39.1,2,9402,-2.24,0.28,99.1,110.2,92.8,95.8,23.26,24.27,21.08,21.48
14.84,641,106.9,49,0,-38.5,2,9408,-2.22,0.28,99.1,110.2,92.8,95.8,23.26,24.27,21.09,21.49
14.88,642,107,50,0,-38,2,9414,-2.2,0.29,99.1,110.2,92.9,95.9,23.26,24.27,21.09,21.49
14.92,643,107,51,0,-37.7,2,9420,-2.18,0.29,99.1,110.2,92.9,95.9,23.26,24.27,21.09,21.49
14.96,644,107.1,52,0,-36.5,2,9426,-2.15,0.3,99.1,110.2,92.9,95.9,23.26,24.27,21.09,21.49
15,645,107.2,52,0,-36.5,2,9433,-2.13,0.3,99.1,110.2,93,96,23.26,24.27,21.1,21.5
15.04,647,107.3,53,0,-35.5,2,9439,-2.11,0.31,99.1,110.2,93,96,23.26,24.27,21.1,21.5
15.08,648,107.3,54,0,-34.8,2,9445,-2.08,0.31,99.1,110.2,93,96,23.26,24.27,21.1,21.5
15.12,649,107.4,55,0,-35,2,9452,-2.06,0.32,99.1,110.2,93.1,96.1,23.26,24.27,21.1,21.5
15.16,650,107.5,56,0,-33.8,2,9459,-2.04,0.33,99.1,110.2,93.1,96.1,23.26,24.27,21.11,21.51
15.2,651,107.6,56,0,-33,2,9465,-2.01,0.33,99.1,110.2,93.1,96.1,23.26,24.27,21.11,21.51
15.24,653,107.6,57,0,-32.4,2,9472,-1.99,0.34,99.1,110.2,93.2,96.2,23.26,24.27,21.11,21.51
15.28,654,107.7,58,0,-32.5,2,9479,-1.97,0.34,99.1,110.2,93.2,96.2,23.26,24.27,21.12,21.52
15.32,655,107.8,59,0,-32.3,2,9486,-1.94,0.35,99.1,110.2,93.2,96.2,23.26,24.27,21.12,21.52
15.36,656,107.9,60,0,-31.1,2,9493,-1.92,0.35,99.1,110.2,93.3,96.3,23.26,24.27,21.12,21.52
15.4,657,108,60,0,-29.9,2,9500,-1.9,0.36,99.1,110.2,93.3,96.3,23.26,24.27,21.12,21.52
15.44,659,108,61,0,-29.9,2,9507,-1.87,0.36,99.1,110.2,93.3,96.3,23.26,24.27,21.13,21.53
15.48,660,108.1,62,0,-28.6,2,9515,-1.85,0.37,99.1,110.2,93.4,96.4,23.26,24.27,21.13,21.53
15.52,661,108.2,63,0,-28.4,2,9522,-1.83,0.38,99.1,110.2,93.4,96.4,23.26,24.27,21.13,21.53
15.56,662,108.3,64,0,-27.9,2,9530,-1.8,0.38,99.1,110.2,93.4,96.4,23.26,24.27,21.13,21.53
15.6,663,108.4,64,0,-27.6,2,9537,-1.78,0.39,99.1,110.2,93.5,96.5,23.26,24.27,21.14,21.54
15.64,665,108.5,65,0,-26.9,2,9545,-1.76,0.39,99.1,110.2,93.5,96.5,23.26,24.27,21.14,21.54
15.68,666,108.6,66,0,-26.9,2,9553,-1.73,0.4,99.1,110.2,93.6,96.6,23.26,24.27,21.14,21.54
15.72,667,108.6,67,0,-26,2,9561,-1.71,0.4,99.1,110.2,93.6,96.6,23.26,24.27,21.14,21.54
15.76,668,108.7,68,0,-24.6,2,9569,-1.69,0.41,99.1,110.2,93.6,96.6,23.26,24.27,21.15,21.55
15.8,669,108.8,68,0,-24.6,2,9577,-1.66,0.42,99.1,110.2,93.7,96.7,23.26,24.27,21.15,21.55
15.84,671,108.9,69,0,-24.3,2,9585,-1.64,0.42,99.1,110.2,93.7,96.7,23.26,24.27,21.15,21.55
15.88,672,109,70,0,-24,2,9593,-1.62,0.43,99.1,110.2,93.7,96.7,23.26,24.27,21.15,21.55
15.92,673,109.1,71,0,-22.7,2,9601,-1.59,0.43,99.1,110.2,93.8,96.8,23.26,24.27,21.16,21.56
15.96,674,109.2,71,0,-22.6,2,9609,-1.57,0.44,99.1,110.2,93.8,96.8,23.26,24.27,21.16,21.56
16,675,109.3,72,0,-21.5,2,9618,-1.55,0.44,99.1,110.2,93.8,96.8,23.26,24.27,21.16,21.56
16.04,677,109.4,73,0,-20.8,2,9626,-1.52,0.45,99.1,110.2,93.9,96.9,23.26,24.27,21.17,21.57
16.08,678,109.5,74,0,-20,2,9635,-1.5,0.45,99.1,110.2,93.9,96.9,23.26,24.27,21.17,21.57
16.12,679,109.6,75,0,-19.5,2,9644,-1.47,0.46,99.1,110.2,93.9,96.9,23.26,24.27,21.17,21.57
16.16,680,109.7,75,0,-18.9,2,9653,-1.45,0.47,99.1,110.2,94,97,23.26,24.27,21.17,21.57
16.2,682,109.8,76,0,-19.1,2,9661,-1.43,0.47,99.1,110.2,94,97,23.26,24.27,21.18,21.58
16.24,683,109.9,77,0,-18.2,2,9670,-1.4,0.48,99.1,110.2,94,97,23.26,24.27,21.18,21.58
16.28,684,110,78,0,-17.8,2,9679,-1.38,0.48,99.1,110.2,94.1,97.1,23.26,24.27,21.18,21.58
16.32,685,110.1,78,0,-16.8,2,9689,-1.36,0.49,99.1,110.2,94.1,97.1,23.26,24.27,21.18,21.58
16.36,686,110.2,79,0,-15.9,2,9698,-1.33,0.49,99.1,110.2,94.1,97.1,23.26,24.27,21.19,21.59
16.4,688,110.3,80,0,-15.5,2,9707,-1.31,0.5,99.1,110.2,94.2,97.2,23.26,24.27,21.19,21.59
16.44,689,110.4,81,0,-15.3,2,9716,-1.28,0.51,99.1,110.2,94.2,97.2,23.26,24.27,21.19,21.59
16.48,690,110.5,82,0,-14.4,2,9726,-1.26,0.51,99.1,110.2,94.3,97.3,23.26,24.27,21.19,21.59
16.52,691,110.6,82,0,-14.4,2,9735,-1.24,0.52,99.1,110.2,94.3,97.3,23.26,24.27,21.2,21.6
16.56,693,110.7,83,0,-12.5,2,9745,-1.21,0.52,99.1,110.2,94.3,97.3,23.26,24.27,21.2,21.6
16.6,694,110.8,84,0,-12,2,9755,-1.19,0.53,99.1,110.2,94.4,97.4,23.26,24.27,21.2,21.6
16.64,695,111,85,0,-12.3,2,9764,-1.17,0.53,99.1,110.2,94.4,97.4,23.26,24.27,21.2,21.6
16.68,696,111.1,85,0,-11.2,2,9774,-1.14,0.54,99.1,110.2,94.4,97.4,23.26,24.27,21.21,21.61
16.72,697,111.2,86,0,-10.4,2,9784,-1.12,0.55,99.1,110.2,94.5,97.5,23.26,24.27,21.21,21.61
16.76,699,111.3,87,0,-10.3,2,9794,-1.09,0.55,99.1,110.2,94.5,97.5,23.26,24.27,21.21,21.61
16.8,700,111.4,88,0,-9.2,2,9804,-1.07,0.56,99.1,110.2,94.5,97.5,23.26,24.27,21.22,21.62
16.84,701,111.5,88,0,-8.6,2,9814,-1.05,0.56,99.1,110.2,94.6,97.6,23.26,24.27,21.22,21.62
16.88,702,111.6,89,0,-8.6,2,9824,-1.02,0.57,99.1,110.2,94.6,97.6,23.26,24.27,21.22,21.62
16.92,704,111.8,90,0,-7.9,2,9835,-1,0.57,99.1,110.2,94.6,97.6,23.26,24.27,21.22,21.62
16.96,705,111.9,91,0,-6.8,2,9845,-0.97,0.58,99.1,110.2,94.7,97.7,23.26,24.27,21.23,21.63
17,706,112,92,0,-6.5,2,9856,-0.95,0.59,99.1,110.2,94.7,97.7,23.26,24.27,21.23,21.63
17.04,707,112.1,92,0,-5.5,2,9866,-0.92,0.59,99.1,110.2,94.7,97.7,23.26,24.27,21.23,21.63
17.08,709,112.2,93,0,-5.1,2,9877,-0.9,0.6,99.1,110.2,94.8,97.8,23.26,24.27,21.23,21.63
17.12,710,112.4,94,0,-4.6,2,9887,-0.88,0.6,99.1,110.2,94.8,97.8,23.26,24.27,21.24,21.64
17.16,711,112.5,95,0,-4.3,2,9898,-0.85,0.61,99.1,110.2,94.8,97.8,23.26,24.27,21.24,21.64
17.2,712,112.6,95,0,-3.3,2,9909,-0.83,0.61,99.1,110.2,94.9,97.9,23.26,24.27,21.24,21.64
17.24,714,112.7,96,0,-3.6,2,9920,-0.8,0.62,99.1,110.2,94.9,97.9,23.26,24.27,21.24,21.64
17.28,715,112.9,97,0,-2.1,2,9931,-0.78,0.63,99.1,110.2,95,98,23.26,24.27,21.25,21.65
17.32,716,113,98,0,-2,2,9942,-0.75,0.63,99.1,110.2,95,98,23.26,24.27,21.25,21.65
17.36,717,113.1,98,0,-1.1,2,9953,-0.73,0.64,99.1,110.2,95,98,23.26,24.27,21.25,21.65
17.4,719,113.2,99,0,-0.8,2,9964,-0.71,0.64,99.1,110.2,95.1,98.1,23.26,24.27,21.25,21.65
17.44,720,113.4,100,0,-0.3,2,9975,-0.68,0.65,99.1,110.2,95.1,98.1,23.26,24.27,21.26,21.66
17.48,721,113.5,100,0,0.1,2,9990,-0.01,0.12,99.1,110.2,95.1,98.1,23.26,24.27,21.26,21.66
17.52,722,113.7,100,0,0.1,2,10005,0.04,0.12,99.1,110.2,95.1,98.1,23.25,24.27,21.26,21.66
17.56,724,113.9,100,0,0,2,10020,0.02,0.12,99,110.2,95.1,98.1,23.25,24.27,21.25,21.65
17.6,725,114,100,0,-0.7,2,10035,0.03,0.12,99,110.2,95,98,23.25,24.26,21.25,21.65
17.64,726,114.2,100,0,0.3,2,10050,-0.01,0.12,99,110.2,95,98,23.25,24.26,21.25,21.65
17.68,728,114.4,100,0,0.6,2,10064,0.01,0.12,99,110.2,95,98,23.25,24.26,21.25,21.65
17.72,729,114.5,100,0,-0.1,2,10079,0,0.12,99,110.2,95,98,23.25,24.26,21.25,21.65
17.76,730,114.7,100,0,-0.5,2,10094,0.03,0.12,99,110.1,95,98,23.25,24.26,21.25,21.65
17.8,731,114.9,100,0,-0.1,2,10108,0,0.12,99,110.1,95,98,23.25,24.26,21.25,21.65
17.84,733,115,100,0,0,2,10123,-0.01,0.12,99,110.1,95,98,23.25,24.26,21.25,21.65
17.88,734,115.2,100,0,0.7,2,10137,-0.01,0.12,98.9,110.1,95,98,23.25,24.26,21.25,21.65
17.92,735,115.4,100,0,0.4,2,10152,0.02,0.12,98.9,110.1,95,98,23.25,24.26,21.25,21.65
17.96,736,115.5,100,0,-0.2,2,10166,0.03,0.12,98.9,110.1,94.9,97.9,23.24,24.26,21.25,21.65
18,738,115.7,100,0,-0.1,2,10181,0.02,0.12,98.9,110.1,94.9,97.9,23.24,24.26,21.24,21.64
18.04,739,115.9,100,0,0.3,2,10195,-0.01,0.12,98.9,110.1,94.9,97.9,23.24,24.25,21.24,21.64
18.08,740,116,100,0,-0.1,2,10209,-0.04,0.12,98.9,110,94.9,97.9,23.24,24.25,21.24,21.64
18.12,742,116.2,100,0,0.6,2,10224,-0.01,0.11,98.9,110,94.9,97.9,23.24,24.25,21.24,21.64
18.16,743,116.3,100,0,0.2,2,10238,-0.01,0.11,98.9,110,94.9,97.9,23.24,24.25,21.24,21.64
18.2,744,116.5,100,0,0.3,2,10252,0.01,0.11,98.9,110,94.9,97.9,23.24,24.25,21.24,21.64
18.24,745,116.7,100,0,-0.3,2,10266,-0.02,0.11,98.8,110,94.9,97.9,23.24,24.25,21.24,21.64
18.28,747,116.8,100,0,0.2,2,10280,-0.01,0.11,98.8,110,94.8,97.8,23.24,24.25,21.24,21.64
18.32,748,117,100,0,-0.9,2,10294,-0.02,0.11,98.8,110,94.8,97.8,23.24,24.25,21.24,21.64
18.36,749,117.1,100,0,0.4,2,10308,0,0.11,98.8,110,94.8,97.8,23.24,24.25,21.24,21.64
18.4,751,117.3,100,0,-0.6,2,10322,-0.03,0.11,98.8,110,94.8,97.8,23.23,24.25,21.24,21.64
18.44,752,117.5,100,0,-0.1,2,10336,-0.02,0.11,98.8,109.9,94.8,97.8,23.23,24.25,21.23,21.63
18.48,753,117.6,100,0,-0.5,2,10350,-0.02,0.11,98.8,109.9,94.8,97.8,23.23,24.24,21.23,21.63
18.52,755,117.8,100,0,0,2,10364,-0.04,0.11,98.8,109.9,94.8,97.8,23.23,24.24,21.23,21.63
18.56,756,117.9,100,0,0.4,2,10378,0,0.11,98.7,109.9,94.8,97.8,23.23,24.24,21.23,21.63
18.6,757,118.1,100,0,0.3,2,10392,-0.02,0.11,98.7,109.9,94.7,97.7,23.23,24.24,21.23,21.63
18.64,759,118.2,100,0,-0.2,2,10406,-0.01,0.11,98.7,109.9,94.7,97.7,23.23,24.24,21.23,21.63
18.68,760,118.4,100,0,0.1,2,10419,0,0.11,98.7,109.9,94.7,97.7,23.23,24.24,21.23,21.63
18.72,761,118.6,100,0,-0.3,2,10433,0.01,0.11,98.7,109.9,94.7,97.7,23.23,24.24,21.23,21.63
18.76,762,118.7,100,0,0.5,2,10447,-0.05,0.11,98.7,109.8,94.7,97.7,23.23,24.24,21.23,21.63
18.8,764,118.9,100,0,-0.7,2,10460,0,0.11,98.7,109.8,94.7,97.7,23.23,24.24,21.23,21.63
18.84,765,119,100,0,0.3,2,10474,0.05,0.11,98.7,109.8,94.7,97.7,23.22,24.24,21.23,21.63
18.88,766,119.2,100,0,-0.6,2,10487,0,0.11,98.6,109.8,94.7,97.7,23.22,24.24,21.22,21.62
18.92,768,119.3,100,0,0.4,2,10501,0.02,0.11,98.6,109.8,94.7,97.7,23.22,24.23,21.22,21.62
18.96,769,119.5,100,0,-0.2,2,10514,-0.03,0.11,98.6,109.8,94.6,97.6,23.22,24.23,21.22,21.62
19,770,119.6,100,0,-0.1,2,10528,0.01,0.11,98.6,109.8,94.6,97.6,23.22,24.23,21.22,21.62
19.04,772,119.8,100,0,-0.5,2,10541,0,0.11,98.6,109.8,94.6,97.6,23.22,24.23,21.22,21.62
19.08,773,119.9,100,0,0.1,2,10555,0,0.11,98.6,109.7,94.6,97.6,23.22,24.23,21.22,21.62
19.12,774,120.1,100,0,0,2,9300,-0.01,0.11,98.6,109.7,94.6,97.6,23.22,24.23,21.22,21.62
19.16,776,120.2,100,0,-0.2,2,9311,-0.01,0.11,98.6,109.7,94.6,97.6,23.22,24.23,21.22,21.62
19.2,777,120.4,100,0,-0.2,2,9323,0.02,0.11,98.6,109.7,94.6,97.6,23.22,24.23,21.22,21.62
19.24,778,120.5,100,0,0.2,2,9335,-0.01,0.11,98.5,109.7,94.6,97.6,23.22,24.23,21.22,21.62
19.28,780,120.7,100,0,0.2,2,9346,-0.01,0.11,98.5,109.7,94.5,97.5,23.21,24.23,21.22,21.62
19.32,781,120.8,100,0,0.2,2,9358,0.03,0.11,98.5,109.7,94.5,97.5,23.21,24.23,21.21,21.61
19.36,782,121,100,0,0,2,9369,-0.01,0.11,98.5,109.7,94.5,97.5,23.21,24.22,21.21,21.61
19.4,784,121.1,100,0,-0.2,2,9381,-0.02,0.11,98.5,109.7,94.5,97.5,23.21,24.22,21.21,21.61
19.44,785,121.3,100,0,-0.2,2,10673,0.04,0.11,98.5,109.6,94.5,97.5,23.21,24.22,21.21,21.61
19.48,786,121.4,100,0,-0.2,2,10686,0,0.1,98.5,109.6,94.5,97.5,23.21,24.22,21.21,21.61
19.52,788,121.6,100,0,-0.2,2,10699,0.03,0.1,98.5,109.6,94.5,97.5,23.21,24.22,21.21,21.61
19.56,789,121.7,100,0,-0.3,2,10712,-0.05,0.1,98.4,109.6,94.5,97.5,23.21,24.22,21.21,21.61
19.6,791,121.9,100,0,0.6,2,10725,-0.02,0.1,98.4,109.6,94.4,97.4,23.21,24.22,21.21,21.61
19.64,792,122,100,0,-0.6,2,10738,-0.01,0.1,98.4,109.6,94.4,97.4,23.21,24.22,21.21,21.61
19.68,793,122.2,100,0,0.1,2,10751,0,0.1,98.4,109.6,94.4,97.4,23.21,24.22,21.21,21.61
19.72,795,122.3,100,0,-0.4,2,10764,-0.02,0.1,98.4,109.6,94.4,97.4,23.2,24.22,21.21,21.61
19.76,796,122.5,100,0,-0.7,2,10777,0.01,0.1,98.4,109.5,94.4,97.4,23.2,24.22,21.2,21.6
19.8,797,122.6,100,0,-0.5,2,10789,-0.01,0.1,98.4,109.5,94.4,97.4,23.2,24.21,21.2,21.6
19.84,799,122.7,100,0,0,2,10802,0,0.1,98.4,109.5,94.4,97.4,23.2,24.21,21.2,21.6
19.88,800,122.9,100,0,0.8,2,10815,0.02,0.1,98.3,109.5,94.4,97.4,23.2,24.21,21.2,21.6
19.92,801,123,100,0,0.1,2,10827,0.01,0.1,98.3,109.5,94.4,97.4,23.2,24.21,21.2,21.6
19.96,803,123.2,100,0,0.8,2,10840,0.01,0.1,98.3,109.5,94.3,97.3,23.2,24.21,21.2,21.6
20,804,123.3,100,0,-0.1,2,10853,0.02,0.1,98.3,109.5,94.3,97.3,23.2,24.21,21.2,21.6
20.04,805,123.5,100,0,-0.1,2,10865,-0.02,0.1,98.3,109.5,94.3,97.3,23.2,24.21,21.2,21.6
20.08,807,123.6,100,0,-0.5,2,10878,0,0.1,98.3,109.4,94.3,97.3,23.2,24.21,21.2,21.6
20.12,808,123.8,100,0,-0.1,2,10890,-0.05,0.1,98.3,109.4,94.3,97.3,23.2,24.21,21.2,21.6
20.16,810,123.9,100,0,0.5,2,10903,0.01,0.1,98.3,109.4,94.3,97.3,23.19,24.21,21.2,21.6
20.2,811,124,100,0,0.5,2,10915,-0.02,0.1,98.3,109.4,94.3,97.3,23.19,24.21,21.2,21.6
20.24,812,124.2,100,0,-0.3,2,10927,0,0.1,98.2,109.4,94.3,97.3,23.19,24.21,21.19,21.59
20.28,814,124.3,100,0,-0.8,2,10940,0.03,0.1,98.2,109.4,94.2,97.2,23.19,24.2,21.19,21.59
20.32,815,124.5,100,0,0,2,10952,0.02,0.1,98.2,109.4,94.2,97.2,23.19,24.2,21.19,21.59
20.36,817,124.6,100,0,-0.1,2,10964,0,0.1,98.2,109.4,94.2,97.2,23.19,24.2,21.19,21.59
20.4,818,124.7,100,0,0.4,2,10977,0.01,0.1,98.2,109.4,94.2,97.2,23.19,24.2,21.19,21.59
20.44,819,124.9,100,0,-0.2,2,10989,0,0.1,98.2,109.3,94.2,97.2,23.19,24.2,21.19,21.59
20.48,821,125,100,0,0.3,2,11001,-0.01,0.1,98.2,109.3,94.2,97.2,23.19,24.2,21.19,21.59
20.52,822,125.1,100,0,-0.7,2,11013,-0.01,0.1,98.2,109.3,94.2,97.2,23.19,24.2,21.19,21.59
20.56,823,125.3,100,0,-0.2,2,11025,0,0.1,98.1,109.3,94.2,97.2,23.19,24.2,21.19,21.59
20.6,825,125.4,100,0,0.1,2,11037,-0.04,0.1,98.1,109.3,94.1,97.1,23.18,24.2,21.19,21.59
20.64,826,125.6,100,0,-0.2,2,11049,-0.01,0.1,98.1,109.3,94.1,97.1,23.18,24.2,21.19,21.59
20.68,828,125.7,100,0,-0.3,2,11062,0.01,0.1,98.1,109.3,94.1,97.1,23.18,24.2,21.18,21.58
20.72,829,125.8,100,0,-0.4,2,11074,0.03,0.1,98.1,109.3,94.1,97.1,23.18,24.19,21.18,21.58
20.76,830,126,100,0,-0.1,2,11086,-0.03,0.1,98.1,109.2,94.1,97.1,23.18,24.19,21.18,21.58
20.8,832,126.1,100,0,0.5,2,11097,-0.07,0.1,98.1,109.2,94.1,97.1,23.18,24.19,21.18,21.58
20.84,833,126.2,100,0,-0.2,2,11109,0.04,0.1,98.1,109.2,94.1,97.1,23.18,24.19,21.18,21.58
20.88,835,126.4,100,0,0.1,2,11121,0,0.1,98,109.2,94.1,97.1,23.18,24.19,21.18,21.58
20.92,836,126.5,100,0,0.2,2,11133,0,0.1,98,109.2,94.1,97.1,23.18,24.19,21.18,21.58
20.96,837,126.6,100,0,0.6,2,11145,0.03,0.1,98,109.2,94,97,23.18,24.19,21.18,21.58
21,839,126.8,100,0,0.5,2,11157,0,0.09,98,109.2,94,97,23.18,24.19,21.18,21.58
21.04,840,126.9,100,0,-0.1,2,11169,-0.02,0.09,98,109.2,94,97,23.18,24.19,21.18,21.58
21.08,842,127,100,0,0.2,2,11180,-0.01,0.09,98,109.1,94,97,23.17,24.19,21.18,21.58
21.12,843,127.2,100,0,-0.4,2,11192,-0.02,0.09,98,109.1,94,97,23.17,24.19,21.17,21.57
21.16,844,127.3,100,0,0.2,2,11204,-0.04,0.09,98,109.1,94,97,23.17,24.18,21.17,21.57
21.2,846,127.4,100,0,0.2,2,11215,-0.02,0.09,98,109.1,94,97,23.17,24.18,21.17,21.57
21.24,847,127.6,100,0,0.1,2,11227,0.01,0.09,97.9,109.1,94,97,23.17,24.18,21.17,21.57
21.28,849,127.7,100,0,-0.1,2,11239,0,0.09,97.9,109.1,93.9,96.9,23.17,24.18,21.17,21.57
21.32,850,127.8,100,0,-0.2,2,11250,0.03,0.09,97.9,109.1,93.9,96.9,23.17,24.18,21.17,21.57
21.36,852,128,100,0,-0.6,2,11262,-0.02,0.09,97.9,109.1,93.9,96.9,23.17,24.18,21.17,21.57
21.4,853,128.1,100,0,-1,2,11273,0,0.09,97.9,109.1,93.9,96.9,23.17,24.18,21.17,21.57
21.44,854,128.2,100,0,-0.5,2,11285,0.06,0.09,97.9,109,93.9,96.9,23.17,24.18,21.17,21.57
21.48,856,128.4,100,0,-0.2,2,11296,0.02,0.09,97.9,109,93.9,96.9,23.17,24.18,21.17,21.57
21.52,857,128.5,100,0,0.5,2,11308,0,0.09,97.9,109,93.9,96.9,23.16,24.18,21.17,21.57
21.56,859,128.6,100,0,0.9,2,11319,-0.01,0.09,97.8,109,93.9,96.9,23.16,24.18,21.16,21.56
21.6,860,128.8,100,0,0.2,2,11330,0,0.09,97.8,109,93.8,96.8,23.16,24.17,21.16,21.56
21.64,862,128.9,100,0,0.2,2,11342,-0.04,0.09,97.8,109,93.8,96.8,23.16,24.17,21.16,21.56
21.68,863,129,100,0,-0.4,2,11353,0.02,0.09,97.8,109,93.8,96.8,23.16,24.17,21.16,21.56
21.72,864,129.1,100,0,-0.2,2,11364,-0.01,0.09,97.8,109,93.8,96.8,23.16,24.17,21.16,21.56
21.76,866,129.3,100,0,-0.5,2,11375,-0.01,0.09,97.8,108.9,93.8,96.8,23.16,24.17,21.16,21.56
21.8,867,129.4,100,0,-0.6,2,11387,-0.03,0.09,97.8,108.9,93.8,96.8,23.16,24.17,21.16,21.56
21.84,869,129.5,100,0,0.7,2,11398,0.04,0.09,97.8,108.9,93.8,96.8,23.16,24.17,21.16,21.56
21.88,870,129.6,100,0,-0.2,2,11409,0.01,0.09,97.7,108.9,93.8,96.8,23.16,24.17,21.16,21.56
21.92,872,129.8,100,0,-0.5,2,11420,0.02,0.09,97.7,108.9,93.8,96.8,23.16,24.17,21.16,21.56
21.96,873,129.9,100,0,-0.3,2,11431,-0.01,0.09,97.7,108.9,93.7,96.7,23.15,24.17,21.16,21.56
22,875,130,100,0,-0.4,2,11442,0.01,0.09,97.7,108.9,93.7,96.7,23.15,24.17,21.15,21.55
22.04,876,130.2,100,0,-0.6,2,11453,-0.02,0.09,97.7,108.9,93.7,96.7,23.15,24.16,21.15,21.55
22.08,877,130.3,100,0,-0.9,2,11464,0,0.09,97.7,108.8,93.7,96.7,23.15,24.16,21.15,21.55
22.12,879,130.4,100,0,0.5,2,11475,0.02,0.09,97.7,108.8,93.7,96.7,23.15,24.16,21.15,21.55
22.16,880,130.5,100,0,0.4,2,11486,-0.01,0.09,97.7,108.8,93.7,96.7,23.15,24.16,21.15,21.55
22.2,882,130.7,100,0,-0.2,2,11497,-0.04,0.09,97.7,108.8,93.7,96.7,23.15,24.16,21.15,21.55
22.24,883,130.8,100,0,0.1,2,11508,-0.02,0.09,97.6,108.8,93.7,96.7,23.15,24.16,21.15,21.55
22.28,885,130.9,100,0,0.1,2,11519,-0.01,0.09,97.6,108.8,93.6,96.6,23.15,24.16,21.15,21.55
22.32,886,131,100,0,-0.1,2,11530,-0.03,0.09,97.6,108.8,93.6,96.6,23.15,24.16,21.15,21.55
22.36,888,131.1,100,0,-0.4,2,11541,-0.01,0.09,97.6,108.8,93.6,96.6,23.15,24.16,21.15,21.55
22.4,889,131.3,100,0,-0.1,2,11552,0,0.09,97.6,108.8,93.6,96.6,23.14,24.16,21.15,21.55
22.44,890,131.4,100,0,0.4,2,11562,0.04,0.09,97.6,108.7,93.6,96.6,23.14,24.16,21.14,21.54
22.48,892,131.5,100,0,0.9,2,11573,-0.02,0.09,97.6,108.7,93.6,96.6,23.14,24.15,21.14,21.54
22.52,893,131.6,100,0,-0.2,2,11584,-0.01,0.09,97.6,108.7,93.6,96.6,23.14,24.15,21.14,21.54
22.56,895,131.8,100,0,0.1,2,11595,0.02,0.09,97.5,108.7,93.6,96.6,23.14,24.15,21.14,21.54
22.6,896,131.9,100,0,-0.7,2,11605,0,0.09,97.5,108.7,93.5,96.5,23.14,24.15,21.14,21.54
22.64,898,132,100,0,0.2,2,11616,-0.01,0.09,97.5,108.7,93.5,96.5,23.14,24.15,21.14,21.54
22.68,899,132.1,100,0,0,2,11627,0,0.09,97.5,108.7,93.5,96.5,23.14,24.15,21.14,21.54
22.72,901,132.2,100,0,0,2,11637,0.01,0.09,97.5,108.7,93.5,96.5,23.14,24.15,21.14,21.54
22.76,902,132.4,100,0,0.5,2,11648,0.01,0.09,97.5,108.6,93.5,96.5,23.14,24.15,21.14,21.54
22.8,904,132.5,100,0,0.4,2,11658,-0.02,0.08,97.5,108.6,93.5,96.5,23.14,24.15,21.14,21.54
22.84,905,132.6,100,0,-0.1,2,11669,0.04,0.08,97.5,108.6,93.5,96.5,23.13,24.15,21.14,21.54
22.88,907,132.7,100,0,-0.1,2,11679,0,0.08,97.4,108.6,93.5,96.5,23.13,24.15,21.13,21.53
22.92,908,132.8,100,0,-0.3,2,11690,0.02,0.08,97.4,108.6,93.5,96.5,23.13,24.14,21.13,21.53
22.96,910,133,100,0,-0.2,2,11700,-0.03,0.08,97.4,108.6,93.4,96.4,23.13,24.14,21.13,21.53
23,911,133.1,100,0,0,2,11711,0,0.08,97.4,108.6,93.4,96.4,23.13,24.14,21.13,21.53
23.04,913,133.2,100,0,-0.1,2,11721,0.02,0.08,97.4,108.6,93.4,96.4,23.13,24.14,21.13,21.53
23.08,914,133.3,100,0,0.2,2,11731,0.04,0.08,97.4,108.5,93.4,96.4,23.13,24.14,21.13,21.53
23.12,915,133.4,100,0,-0.3,2,11742,-0.04,0.08,97.4,108.5,93.4,96.4,23.13,24.14,21.13,21.53
23.16,917,133.5,100,0,0,2,11752,-0.02,0.08,97.4,108.5,93.4,96.4,23.13,24.14,21.13,21.53
23.2,918,133.7,100,0,0,2,11762,0,0.08,97.4,108.5,93.4,96.4,23.13,24.14,21.13,21.53
23.24,920,133.8,100,0,0,2,11773,-0.02,0.08,97.3,108.5,93.4,96.4,23.13,24.14,21.13,21.53
23.28,921,133.9,100,0,-0.8,2,11783,0,0.08,97.3,108.5,93.3,96.3,23.12,24.14,21.13,21.53
23.32,923,134,100,0,-0.3,2,11793,-0.01,0.08,97.3,108.5,93.3,96.3,23.12,24.14,21.12,21.52
23.36,924,134.1,100,0,0,2,11803,-0.01,0.08,97.3,108.5,93.3,96.3,23.12,24.13,21.12,21.52
23.4,926,134.2,100,0,-0.3,2,11813,0,0.08,97.3,108.5,93.3,96.3,23.12,24.13,21.12,21.52
23.44,927,134.4,100,0,0.1,2,11824,0.01,0.08,97.3,108.4,93.3,96.3,23.12,24.13,21.12,21.52
23.48,929,134.5,100,0,0,2,11834,0.02,0.08,97.3,108.4,93.3,96.3,23.12,24.13,21.12,21.52
23.52,930,134.6,100,0,0.8,2,11844,-0.02,0.08,97.3,108.4,93.3,96.3,23.12,24.13,21.12,21.52
23.56,932,134.7,100,0,-0.2,2,11854,0,0.08,97.2,108.4,93.3,96.3,23.12,24.13,21.12,21.52
23.6,933,134.8,100,0,-0.8,2,11864,-0.03,0.08,97.2,108.4,93.2,96.2,23.12,24.13,21.12,21.52
23.64,935,134.9,100,0,0.2,2,11874,0.01,0.08,97.2,108.4,93.2,96.2,23.12,24.13,21.12,21.52
23.68,936,135,100,0,-0.2,3,9453,0,0.08,97.2,108.4,93.2,96.2,23.12,24.13,21.12,21.52
23.72,938,135.2,100,0,-0.3,3,9461,0.03,0.08,97.2,108.4,93.2,96.2,23.11,24.13,21.12,21.52
23.76,939,135.3,100,0,0.5,3,9469,-0.03,0.08,97.2,108.3,93.2,96.2,23.11,24.13,21.11,21.51
23.8,941,135.4,100,0,0.1,3,9477,0,0.08,97.2,108.3,93.2,96.2,23.11,24.12,21.11,21.51
23.84,942,135.5,100,0,-0.3,3,9485,-0.01,0.08,97.2,108.3,93.2,96.2,23.11,24.12,21.11,21.51
23.88,944,135.6,100,0,-0.3,3,9493,-0.02,0.08,97.1,108.3,93.2,96.2,23.11,24.12,21.11,21.51
23.92,945,135.7,100,0,-0.2,3,9500,0.01,0.08,97.1,108.3,93.2,96.2,23.11,24.12,21.11,21.51
23.96,947,135.8,100,0,0.1,3,9508,-0.02,0.08,97.1,108.3,93.1,96.1,23.11,24.12,21.11,21.51
24,948,135.9,100,0,-0.2,3,9516,-0.04,0.08,97.1,108.3,93.1,96.1,23.11,24.12,21.11,21.51
24.04,950,136.1,100,0,-0.1,3,9524,0.01,0.08,97.1,108.3,93.1,96.1,23.11,24.12,21.11,21.51
24.08,951,136.2,100,0,0.7,3,9532,0.03,0.08,97.1,108.2,93.1,96.1,23.11,24.12,21.11,21.51
24.12,953,136.3,100,0,0.4,3,9539,0.01,0.08,97.1,108.2,93.1,96.1,23.11,24.12,21.11,21.51
24.16,954,136.4,100,0,-0.5,3,9547,-0.02,0.08,97.1,108.2,93.1,96.1,23.1,24.12,21.11,21.51
24.2,956,136.5,100,0,0.3,3,9555,-0.05,0.08,97.1,108.2,93.1,96.1,23.1,24.12,21.11,21.51
24.24,957,136.6,100,0,-0.4,3,9563,0.02,0.08,97,108.2,93.1,96.1,23.1,24.12,21.1,21.5
24.28,959,136.7,100,0,0.3,3,9570,0,0.08,97,108.2,93,96,23.1,24.11,21.1,21.5
24.32,961,136.8,100,0,0.4,3,9578,0.01,0.08,97,108.2,93,96,23.1,24.11,21.1,21.5
24.36,962,136.9,100,0,0,3,9585,0.01,0.08,97,108.2,93,96,23.1,24.11,21.1,21.5
24.4,964,137,100,0,-0.1,3,9593,-0.01,0.08,97,108.2,93,96,23.1,24.11,21.1,21.5
24.44,965,137.2,100,0,-1,3,9601,-0.02,0.08,97,108.1,93,96,23.1,24.11,21.1,21.5
24.48,967,137.3,100,0,-0.4,3,9608,-0.03,0.08,97,108.1,93,96,23.1,24.11,21.1,21.5
24.52,968,137.4,100,0,-0.1,3,9616,0.01,0.08,97,108.1,93,96,23.1,24.11,21.1,21.5
24.56,970,137.5,100,0,0.4,3,9623,0.03,0.08,96.9,108.1,93,96,23.1,24.11,21.1,21.5
24.6,971,137.6,100,0,0.2,3,9631,-0.03,0.08,96.9,108.1,92.9,95.9,23.09,24.11,21.1,21.5
24.64,973,137.7,100,0,-0.1,3,9638,0,0.08,96.9,108.1,92.9,95.9,23.09,24.11,21.1,21.5
24.68,974,137.8,100,0,-0.5,3,9646,-0.01,0.08,96.9,108.1,92.9,95.9,23.09,24.11,21.09,21.49
24.72,976,137.9,100,0,-0.6,3,9653,-0.02,0.08,96.9,108.1,92.9,95.9,23.09,24.1,21.09,21.49
24.76,977,138,100,0,0.6,3,9661,-0.01,0.08,96.9,108,92.9,95.9,23.09,24.1,21.09,21.49
24.8,979,138.1,100,0,-0.4,3,9668,0.03,0.08,96.9,108,92.9,95.9,23.09,24.1,21.09,21.49
24.84,980,138.2,100,0,-0.2,3,9676,0.03,0.08,96.9,108,92.9,95.9,23.09,24.1,21.09,21.49
24.88,982,138.3,100,0,-0.2,3,9683,0,0.07,96.8,108,92.9,95.9,23.09,24.1,21.09,21.49
24.92,983,138.4,100,0,-0.2,3,9690,-0.02,0.07,96.8,108,92.9,95.9,23.09,24.1,21.09,21.49
24.96,985,138.5,100,0,-0.7,3,9698,-0.01,0.07,96.8,108,92.8,95.8,23.09,24.1,21.09,21.49
25,987,138.6,100,0,0.4,3,9705,0.01,0.07,96.8,108,92.8,95.8,23.09,24.1,21.09,21.49
25.04,988,138.7,100,0,0.2,3,9712,0,0.07,96.8,108,92.8,95.8,23.09,24.1,21.09,21.49
25.08,990,138.9,100,0,-0.2,3,9720,0.03,0.07,96.8,107.9,92.8,95.8,23.08,24.1,21.09,21.49
25.12,991,139,100,0,0.5,3,9727,-0.02,0.07,96.8,107.9,92.8,95.8,23.08,24.1,21.08,21.48
25.16,993,139.1,100,0,-0.1,3,9734,0,0.07,96.8,107.9,92.8,95.8,23.08,24.09,21.08,21.48
25.2,994,139.2,100,0,0.2,3,9742,-0.01,0.07,96.8,107.9,92.8,95.8,23.08,24.09,21.08,21.48
25.24,996,139.3,100,0,-0.2,3,9749,-0.01,0.07,96.7,107.9,92.8,95.8,23.08,24.09,21.08,21.48
25.28,997,139.4,100,0,-0.1,3,9756,-0.01,0.07,96.7,107.9,92.7,95.7,23.08,24.09,21.08,21.48
25.32,999,139.5,100,0,-0.1,3,9763,0.03,0.07,96.7,107.9,92.7,95.7,23.08,24.09,21.08,21.48
25.36,1000,139.6,100,0,-0.6,3,9771,0.02,0.07,96.7,107.9,92.7,95.7,23.08,24.09,21.08,21.48
25.4,1002,139.7,100,0,0.5,3,9778,-0.05,0.07,96.7,107.9,92.7,95.7,23.08,24.09,21.08,21.48
25.44,1004,139.8,100,0,0.1,3,9785,-0.01,0.07,96.7,107.8,92.7,95.7,23.08,24.09,21.08,21.48
25.48,1005,139.9,100,0,0.1,3,9792,-0.02,0.07,96.7,107.8,92.7,95.7,23.08,24.09,21.08,21.48
25.52,1007,140,100,0,1.2,3,9799,0,0.07,96.7,107.8,92.7,95.7,23.07,24.09,21.08,21.48
25.56,1008,140.1,100,0,0.1,3,9806,-0.01,0.07,96.6,107.8,92.7,95.7,23.07,24.09,21.07,21.47
25.6,1010,140.2,100,0,-0.5,3,9813,0,0.07,96.6,107.8,92.6,95.6,23.07,24.08,21.07,21.47
25.64,1011,140.3,100,0,-0.1,3,9820,-0.01,0.07,96.6,107.8,92.6,95.6,23.07,24.08,21.07,21.47
25.68,1013,140.4,100,0,0.5,3,9827,-0.03,0.07,96.6,107.8,92.6,95.6,23.07,24.08,21.07,21.47
25.72,1014,140.5,100,0,-0.2,3,9834,0.03,0.07,96.6,107.8,92.6,95.6,23.07,24.08,21.07,21.47
25.76,1016,140.6,100,0,0.5,3,9842,-0.01,0.07,96.6,107.7,92.6,95.6,23.07,24.08,21.07,21.47
25.8,1018,140.7,100,0,0.5,3,9849,0.01,0.07,96.6,107.7,92.6,95.6,23.07,24.08,21.07,21.47
25.84,1019,140.8,100,0,0,3,9856,-0.01,0.07,96.6,107.7,92.6,95.6,23.07,24.08,21.07,21.47
25.88,1021,140.9,100,0,-0.1,3,9862,0.01,0.07,96.5,107.7,92.6,95.6,23.07,24.08,21.07,21.47
25.92,1022,141,100,0,-0.8,3,9869,0.03,0.07,96.5,107.7,92.6,95.6,23.07,24.08,21.07,21.47
25.96,1024,141.1,100,0,0,3,9876,-0.01,0.07,96.5,107.7,92.5,95.5,23.06,24.08,21.07,21.47
26,1025,141.2,100,0,-0.7,3,9883,0.04,0.07,96.5,107.7,92.5,95.5,23.06,24.08,21.06,21.46
26.04,1027,141.3,100,0,-0.3,3,9890,0.01,0.07,96.5,107.7,92.5,95.5,23.06,24.07,21.06,21.46
26.08,1029,141.4,100,0,-0.9,3,9897,-0.03,0.07,96.5,107.6,92.5,95.5,23.06,24.07,21.06,21.46
26.12,1030,141.5,100,0,0.4,3,9904,0.02,0.07,96.5,107.6,92.5,95.5,23.06,24.07,21.06,21.46
26.16,1032,141.6,100,0,0.6,3,9911,-0.02,0.07,96.5,107.6,92.5,95.5,23.06,24.07,21.06,21.46
26.2,1033,141.7,100,0,0.4,3,9918,0.02,0.07,96.5,107.6,92.5,95.5,23.06,24.07,21.06,21.46
26.24,1035,141.8,100,0,0.3,3,9925,0.03,0.07,96.4,107.6,92.5,95.5,23.06,24.07,21.06,21.46
26.28,1036,141.9,100,0,-0.1,3,9931,0,0.07,96.4,107.6,92.4,95.4,23.06,24.07,21.06,21.46
26.32,1038,142,100,0,0.3,3,9938,-0.02,0.07,96.4,107.6,92.4,95.4,23.06,24.07,21.06,21.46
26.36,1040,142.1,100,0,0.2,3,9945,-0.01,0.07,96.4,107.6,92.4,95.4,23.06,24.07,21.06,21.46
26.4,1041,142.2,100,0,0.5,3,9952,0,0.07,96.4,107.6,92.4,95.4,23.05,24.07,21.06,21.46
26.44,1043,142.3,100,0,0.3,3,9958,-0.02,0.07,96.4,107.5,92.4,95.4,23.05,24.07,21.05,21.45
26.48,1044,142.4,100,0,-0.7,3,9965,-0.03,0.07,96.4,107.5,92.4,95.4,23.05,24.06,21.05,21.45
26.52,1046,142.5,100,0,0.4,3,9972,-0.01,0.07,96.4,107.5,92.4,95.4,23.05,24.06,21.05,21.45
26.56,1047,142.6,100,0,-0.2,3,9979,0,0.07,96.3,107.5,92.4,95.4,23.05,24.06,21.05,21.45
26.6,1049,142.6,100,0,-0.3,3,9985,0.05,0.07,96.3,107.5,92.3,95.3,23.05,24.06,21.05,21.45
26.64,1051,142.7,100,0,-0.2,3,9992,0,0.07,96.3,107.5,92.3,95.3,23.05,24.06,21.05,21.45
26.68,1052,142.8,100,0,0.5,3,9999,-0.02,0.07,96.3,107.5,92.3,95.3,23.05,24.06,21.05,21.45
26.72,1054,142.9,100,0,0.3,3,10005,-0.01,0.07,96.3,107.5,92.3,95.3,23.05,24.06,21.05,21.45
26.76,1055,143,100,0,0.9,3,10012,0,0.07,96.3,107.4,92.3,95.3,23.05,24.06,21.05,21.45
26.8,1057,143.1,100,0,0.1,3,10018,-0.05,0.07,96.3,107.4,92.3,95.3,23.05,24.06,21.05,21.45
26.84,1059,143.2,100,0,0.3,3,10025,-0.01,0.07,96.3,107.4,92.3,95.3,23.04,24.06,21.05,21.45
26.88,1060,143.3,100,0,-0.1,3,10032,-0.02,0.07,96.2,107.4,92.3,95.3,23.04,24.06,21.04,21.44
26.92,1062,143.4,100,0,0,3,10038,0.02,0.07,96.2,107.4,92.3,95.3,23.04,24.05,21.04,21.44
26.96,1063,143.5,100,0,0.2,3,10045,0,0.07,96.2,107.4,92.2,95.2,23.04,24.05,21.04,21.44
27,1065,143.6,100,0,-0.2,3,10051,-0.01,0.07,96.2,107.4,92.2,95.2,23.04,24.05,21.04,21.44
27.04,1067,143.7,100,0,-0.7,3,10058,0.03,0.07,96.2,107.4,92.2,95.2,23.04,24.05,21.04,21.44
27.08,1068,143.8,100,0,-0.3,3,10064,-0.01,0.07,96.2,107.3,92.2,95.2,23.04,24.05,21.04,21.44
27.12,1070,143.9,100,0,0.2,3,10071,0.03,0.07,96.2,107.3,92.2,95.2,23.04,24.05,21.04,21.44
27.16,1071,144,100,0,-0.3,3,10077,-0.01,0.07,96.2,107.3,92.2,95.2,23.04,24.05,21.04,21.44
27.2,1073,144.1,100,0,0.1,3,10084,0.01,0.07,96.2,107.3,92.2,95.2,23.04,24.05,21.04,21.44
27.24,1074,144.1,100,0,0.3,3,10090,0.01,0.07,96.1,107.3,92.2,95.2,23.04,24.05,21.04,21.44
27.28,1076,144.2,100,0,-0.2,3,10097,0.02,0.07,96.1,107.3,92.1,95.1,23.03,24.05,21.04,21.44
27.32,1078,144.3,100,0,0.9,3,10103,-0.04,0.06,96.1,107.3,92.1,95.1,23.03,24.05,21.03,21.43
27.36,1079,144.4,100,0,-0.1,3,10109,0,0.06,96.1,107.3,92.1,95.1,23.03,24.04,21.03,21.43
27.4,1081,144.5,100,0,0.2,3,10116,0.01,0.06,96.1,107.3,92.1,95.1,23.03,24.04,21.03,21.43
27.44,1083,144.6,100,0,-0.4,3,10122,-0.01,0.06,96.1,107.2,92.1,95.1,23.03,24.04,21.03,21.43
27.48,1084,144.7,100,0,0,3,10129,-0.04,0.06,96.1,107.2,92.1,95.1,23.03,24.04,21.03,21.43
27.52,1086,144.8,100,0,0.5,3,10135,0.03,0.06,96.1,107.2,92.1,95.1,23.03,24.04,21.03,21.43
27.56,1087,144.9,100,0,0.4,3,10141,0,0.06,96,107.2,92.1,95.1,23.03,24.04,21.03,21.43
27.6,1089,145,100,0,0.2,3,10147,-0.02,0.06,96,107.2,92,95,23.03,24.04,21.03,21.43
27.64,1091,145.1,100,0,0.3,3,10154,-0.04,0.06,96,107.2,92,95,23.03,24.04,21.03,21.43
27.68,1092,145.1,100,0,0.1,3,10160,0.03,0.06,96,107.2,92,95,23.03,24.04,21.03,21.43
27.72,1094,145.2,100,0,0,3,10166,0,0.06,96,107.2,92,95,23.02,24.04,21.03,21.43
27.76,1095,145.3,100,0,0.3,3,10173,-0.05,0.06,96,107.1,92,95,23.02,24.04,21.02,21.42
27.8,1097,145.4,100,0,-0.2,3,10179,-0.01,0.06,96,107.1,92,95,23.02,24.03,21.02,21.42
27.84,1099,145.5,100,0,0.3,3,10185,-0.01,0.06,96,107.1,92,95,23.02,24.03,21.02,21.42
27.88,1100,235,0,0,-0.7,5,11280,0,-4.2,96.1,107.2,92,95,23.03,24.04,21.02,21.42
27.92,1103,235,0,3,-0.3,5,11280,0,-4.2,96.2,107.2,92,95,23.04,24.04,21.02,21.42
27.96,1105,235,0,6,-0.4,5,11280,0,-4.2,96.3,107.2,92,95,23.05,24.04,21.02,21.42
28,1108,235,0,9,0.8,5,11280,0,-4.2,96.4,107.3,92,95,23.06,24.05,21.02,21.42
28.04,1111,235,0,11,-0.6,5,11280,0,-4.2,96.6,107.3,92,95,23.07,24.05,21.02,21.42
28.08,1113,235,0,14,-0.2,5,11280,0,-4.2,96.7,107.4,92,95,23.08,24.05,21.02,21.42
28.12,1116,235,0,17,1,5,11280,0,-4.2,96.8,107.4,92,95,23.09,24.06,21.02,21.42
28.16,1119,235,0,20,0.6,5,11280,0,-4.2,96.9,107.4,92,95,23.09,24.06,21.02,21.42
28.2,1121,235,0,23,-0.8,5,11280,0,-4.2,97,107.5,92,95,23.1,24.06,21.02,21.42
28.24,1124,235,0,25,0.6,5,11280,0,-4.2,97.2,107.5,92,95,23.11,24.06,21.02,21.42
28.28,1126,235,0,28,0.6,5,11280,0,-4.2,97.3,107.6,92,95,23.12,24.07,21.02,21.42
28.32,1129,235,0,31,1.7,5,11280,0,-4.2,97.4,107.6,92,95,23.13,24.07,21.02,21.42
28.36,1132,235,0,34,0.5,5,11280,0,-4.2,97.5,107.6,92,95,23.14,24.07,21.02,21.42
28.4,1134,235,0,36,0.2,5,11280,0,-4.2,97.6,107.7,92,95,23.15,24.08,21.02,21.42
28.44,1137,235,0,39,0,5,11280,0,-4.2,97.8,107.7,92,95,23.16,24.08,21.02,21.42
28.48,1139,235,0,40,-1.2,5,11280,0,-4.2,97.9,107.8,92,95,23.17,24.08,21.02,21.42
28.52,1142,235,0,40,0.2,5,11280,0,-4.2,98,107.8,92,95,23.18,24.09,21.02,21.42
28.56,1145,235,0,40,0.2,5,11280,0,-4.2,98.1,107.8,92,95,23.18,24.09,21.02,21.42
28.6,1147,235,0,40,-0.4,5,11280,0,-4.2,98.2,107.9,92,95,23.19,24.09,21.02,21.42
28.64,1150,235,0,40,-0.5,5,11280,0,-4.2,98.4,107.9,92,95,23.2,24.09,21.02,21.42
28.68,1152,235,0,40,0.8,5,11280,0,-4.2,98.5,108,92,95,23.21,24.1,21.02,21.42
28.72,1155,235,0,40,-0.1,5,11280,0,-4.2,98.6,108,92,95,23.22,24.1,21.02,21.42
28.76,1158,235,0,40,0.3,5,11280,0,-4.2,98.7,108,92,95,23.23,24.1,21.02,21.42
28.8,1160,235,0,40,-0.1,5,11280,0,-4.2,98.8,108.1,92,95,23.24,24.11,21.02,21.42
28.84,1163,235,0,40,-0.1,5,11280,0,-4.2,99,108.1,92,95,23.25,24.11,21.02,21.42
28.88,1166,235,0,40,0.5,5,11280,0,-4.2,99.1,108.2,92,95,23.26,24.11,21.02,21.42
28.92,1168,235,0,40,-0.2,5,11280,0,-4.2,99.2,108.2,92,95,23.27,24.12,21.02,21.42
28.96,1171,235,0,40,-0.8,5,11280,0,-4.2,99.3,108.2,92,95,23.27,24.12,21.02,21.42
29,1173,235,0,40,-0.3,5,11280,0,-4.2,99.4,108.3,92,95,23.28,24.12,21.02,21.42
29.04,1176,235,0,40,0.2,5,11280,0,-4.2,99.6,108.3,92,95,23.29,24.12,21.02,21.42
29.08,1179,235,0,40,-0.2,5,11280,0,-4.2,99.7,108.4,92,95,23.3,24.13,21.02,21.42
29.12,1181,235,0,40,-0.5,5,11280,0,-4.2,99.8,108.4,92,95,23.31,24.13,21.02,21.42
29.16,1184,235,0,40,0,5,11280,0,-4.2,99.9,108.4,92,95,23.32,24.13,21.02,21.42
29.2,1186,235,0,40,-0.4,5,11280,0,-4.2,100,108.5,92,95,23.33,24.14,21.02,21.42
29.24,1189,235,0,40,0.8,5,11280,0,-4.2,100.2,108.5,92,95,23.34,24.14,21.02,21.42
29.28,1192,235,0,40,-0.3,5,11280,0,-4.2,100.3,108.6,92,95,23.35,24.14,21.02,21.42
29.32,1194,235,0,40,-1,5,11280,0,-4.2,100.4,108.6,92,95,23.36,24.15,21.02,21.42
29.36,1197,235,0,40,-0.3,5,11280,0,-4.2,100.5,108.6,92,95,23.36,24.15,21.02,21.42
29.4,1199,235,0,40,-0.4,5,11280,0,-4.2,100.6,108.7,92,95,23.37,24.15,21.02,21.42
29.44,1202,235,0,40,0.9,5,11280,0,-4.2,100.8,108.7,92,95,23.38,24.15,21.02,21.42
29.48,1205,235,0,40,0.2,5,11280,0,-4.2,100.9,108.8,92,95,23.39,24.16,21.02,21.42
29.52,1207,235,0,40,0.4,5,11280,0,-4.2,101,108.8,92,95,23.4,24.16,21.02,21.42
29.56,1210,235,0,40,0.8,5,11280,0,-4.2,101.1,108.8,92,95,23.41,24.16,21.02,21.42
29.6,1213,235,0,40,0.3,5,11280,0,-1.4,101.2,108.9,92,95,23.42,24.17,21.02,21.42
29.64,1215,235,0,39,1.8,5,11280,0.07,-1.37,101.4,108.9,92,95,23.43,24.17,21.02,21.42
29.68,1218,235,0,38,2.3,5,11280,0.14,-1.35,101.5,109,92,95,23.44,24.17,21.02,21.42
29.72,1220,235,0,37,3.9,5,11280,0.22,-1.32,101.6,109,92,95,23.45,24.18,21.02,21.42
29.76,1223,235,0,36,4.7,5,11280,0.29,-1.29,101.7,109,92,95,23.45,24.18,21.02,21.42
29.8,1226,235,0,35,5.2,5,11280,0.36,-1.27,101.8,109.1,92,95,23.46,24.18,21.02,21.42
29.84,1228,235,0,34,5.8,5,11280,0.43,-1.24,102,109.1,92,95,23.47,24.18,21.02,21.42
29.88,1231,235,0,33,7.1,5,11280,0.51,-1.21,102.1,109.2,92,95,23.48,24.19,21.02,21.42
29.92,1233,235,0,32,8.2,5,11280,0.58,-1.19,102.2,109.2,92,95,23.49,24.19,21.02,21.42
29.96,1236,235,0,31,8.9,5,11280,0.65,-1.16,102.3,109.2,92,95,23.5,24.19,21.02,21.42
30,1239,235,0,30,10.8,5,11280,0.72,-1.13,102.4,109.3,92,95,23.51,24.2,21.02,21.42
30.04,1241,235,0,29,12,5,11280,0.79,-1.11,102.6,109.3,92,95,23.52,24.2,21.02,21.42
30.08,1244,235,0,28,11.2,5,11280,0.87,-1.08,102.7,109.4,92,95,23.53,24.2,21.02,21.42
30.12,1246,235,0,27,13.1,5,11280,0.94,-1.05,102.8,109.4,92,95,23.54,24.21,21.02,21.42
30.16,1249,235,0,26,13.5,5,11280,1.01,-1.03,102.9,109.4,92,95,23.54,24.21,21.02,21.42
30.2,1252,235,0,25,15.2,5,11280,1.08,-1,103,109.5,92,95,23.55,24.21,21.02,21.42
30.24,1254,235,0,24,15.3,5,11280,1.16,-0.97,103.2,109.5,92,95,23.56,24.21,21.02,21.42
30.28,1257,235,0,23,17.7,5,11280,1.23,-0.95,103.3,109.6,92,95,23.57,24.22,21.02,21.42
30.32,1260,235,0,22,18,5,11280,1.3,-0.92,103.4,109.6,92,95,23.58,24.22,21.02,21.42
30.36,1262,235,0,21,18.8,5,11280,1.37,-0.89,103.5,109.6,92,95,23.59,24.22,21.02,21.42
30.4,1265,235,0,20,19.4,5,11280,1.44,-0.87,103.6,109.7,92,95,23.6,24.23,21.02,21.42
30.44,1267,235,0,20,20.7,5,11280,1.52,-0.84,103.8,109.7,92,95,23.61,24.23,21.02,21.42
30.48,1270,235,0,19,21.3,5,11280,1.59,-0.81,103.9,109.8,92,95,23.62,24.23,21.02,21.42
30.52,1273,235,0,18,22.6,5,11280,1.66,-0.79,104,109.8,92,95,23.63,24.24,21.02,21.42
30.56,1275,235,0,17,22.4,5,11280,1.73,-0.76,104.1,109.8,92,95,23.63,24.24,21.02,21.42
30.6,1278,235,0,16,24.9,5,11280,1.8,-0.74,104.2,109.9,92,95,23.64,24.24,21.02,21.42
30.64,1280,235,0,15,23.9,5,11280,1.88,-0.71,104.4,109.9,92,95,23.65,24.24,21.02,21.42
30.68,1283,235,0,15,25,5,11280,1.95,-0.68,104.5,110,92,95,23.66,24.25,21.02,21.42
30.72,1286,235,0,14,26.5,5,11280,2.02,-0.66,104.6,110,92,95,23.67,24.25,21.02,21.42
30.76,1288,235,0,13,26,5,11280,2.09,-0.63,104.7,110,92,95,23.68,24.25,21.02,21.42
30.8,1291,235,0,12,27.5,5,11280,2.17,-0.6,104.8,110.1,92,95,23.69,24.26,21.02,21.42
30.84,1293,235,0,12,28.1,5,11280,2.24,-0.58,105,110.1,92,95,23.7,24.26,21.02,21.42
30.88,1296,235,0,11,28.2,5,11280,2.31,-0.55,105.1,110.2,92,95,23.71,24.26,21.02,21.42
30.92,1299,235,0,10,29,5,11280,2.38,-0.52,105.2,110.2,92,95,23.72,24.27,21.02,21.42
30.96,1301,235,0,9,30.1,5,11280,2.45,-0.5,105.3,110.2,92,95,23.72,24.27,21.02,21.42
31,1304,235,0,9,29.4,5,11280,2.53,-0.47,105.4,110.3,92,95,23.73,24.27,21.02,21.42
31.04,1307,235,0,8,31,5,11280,2.6,-0.44,105.6,110.3,92,95,23.74,24.27,21.02,21.42
31.08,1309,235,0,7,31.3,5,11280,2.67,-0.42,105.7,110.4,92,95,23.75,24.28,21.02,21.42
31.12,1312,235,0,7,31.7,5,11280,2.74,-0.39,105.8,110.4,92,95,23.76,24.28,21.02,21.42
31.16,1314,235,0,6,31.9,5,11280,2.81,-0.36,105.9,110.4,92,95,23.77,24.28,21.02,21.42
31.2,1317,235,0,5,33.5,5,11280,2.89,-0.34,106,110.5,92,95,23.78,24.29,21.02,21.42
31.24,1320,235,0,5,33.3,5,11280,2.96,-0.31,106.2,110.5,92,95,23.79,24.29,21.02,21.42
31.28,1322,235,0,4,33.9,5,11280,3.03,-0.28,106.3,110.6,92,95,23.8,24.29,21.02,21.42
31.32,1325,235,0,4,33.7,5,11280,3.1,-0.26,106.4,110.6,92,95,23.81,24.3,21.02,21.42
31.36,1327,235,0,3,34.6,5,11280,3.18,-0.23,106.5,110.6,92,95,23.81,24.3,21.02,21.42
31.4,1330,235,0,3,34.1,5,11280,3.25,-0.2,106.6,110.7,92,95,23.82,24.3,21.02,21.42
31.44,1333,235,0,2,34.2,5,11280,3.32,-0.18,106.8,110.7,92,95,23.83,24.3,21.02,21.42
31.48,1335,235,0,2,34.8,5,11280,3.39,-0.15,106.9,110.8,92,95,23.84,24.31,21.02,21.42
31.52,1338,235,0,1,35.1,5,11280,3.46,-0.12,107,110.8,92,95,23.85,24.31,21.02,21.42
31.56,1340,235,0,1,34.8,5,11280,3.54,-0.1,107.1,110.8,92,95,23.86,24.31,21.02,21.42
31.6,1343,235,0,1,35.3,5,11280,3.61,-0.07,107.2,110.9,92,95,23.87,24.32,21.02,21.42
31.64,1346,235,0,0,34.9,5,11280,3.68,-0.04,107.4,110.9,92,95,23.88,24.32,21.02,21.42
31.68,1348,235,0,0,34.8,5,11280,3.75,-0.02,107.5,111,92,95,23.89,24.32,21.02,21.42
31.72,1351,235,1,0,34.6,5,11280,3.39,0,107.5,111,92,95,23.89,24.32,21.03,21.43
31.76,1354,235,3,0,34.4,5,11280,3.35,0.01,107.5,111,92,95,23.89,24.32,21.03,21.43
31.8,1356,235,5,0,34.2,5,11280,3.32,0.02,107.5,111,92.1,95.1,23.89,24.32,21.03,21.43
31.84,1359,235,7,0,33.5,5,11280,3.28,0.03,107.5,111,92.1,95.1,23.89,24.32,21.03,21.43
31.88,1361,235,9,0,33.7,5,11281,3.25,0.04,107.5,111,92.1,95.1,23.89,24.32,21.04,21.44
31.92,1364,235,10,0,32.1,5,11281,3.21,0.05,107.5,111,92.2,95.2,23.89,24.32,21.04,21.44
31.96,1367,235,12,0,32.4,5,11281,3.17,0.05,107.5,111,92.2,95.2,23.89,24.32,21.04,21.44
32,1369,235,14,0,31.6,5,11282,3.14,0.06,107.5,111,92.3,95.3,23.89,24.32,21.04,21.44
32.04,1372,235,15,0,30.5,5,11282,3.1,0.07,107.5,111,92.3,95.3,23.89,24.32,21.05,21.45
32.08,1374,235.1,17,0,30.8,5,11283,3.07,0.08,107.5,111,92.3,95.3,23.89,24.32,21.05,21.45
32.12,1377,235.1,18,0,30.1,5,11283,3.03,0.09,107.5,111,92.4,95.4,23.89,24.32,21.05,21.45
32.16,1380,235.1,20,0,29.8,5,11284,3,0.1,107.5,111,92.4,95.4,23.89,24.32,21.05,21.45
32.2,1382,235.1,21,0,29.3,5,11285,2.96,0.1,107.5,111,92.4,95.4,23.89,24.32,21.06,21.46
32.24,1385,235.1,23,0,28.7,5,11285,2.93,0.11,107.5,111,92.5,95.5,23.89,24.32,21.06,21.46
32.28,1387,235.1,24,0,29,5,11286,2.89,0.12,107.5,111,92.5,95.5,23.89,24.32,21.06,21.46
32.32,1390,235.1,26,0,27.6,5,11287,2.85,0.13,107.5,111,92.5,95.5,23.89,24.32,21.07,21.47
32.36,1393,235.2,27,0,27.9,5,11287,2.82,0.14,107.5,111,92.6,95.6,23.89,24.32,21.07,21.47
32.4,1395,235.2,28,0,27,5,11288,2.78,0.15,107.5,111,92.6,95.6,23.89,24.32,21.07,21.47
32.44,1398,235.2,30,0,26.7,5,11289,2.75,0.16,107.5,111,92.6,95.6,23.89,24.32,21.07,21.47
32.48,1401,235.2,31,0,26,5,11290,2.71,0.16,107.5,111,92.7,95.7,23.89,24.32,21.08,21.48
32.52,1403,235.2,32,0,25.4,5,11291,2.68,0.17,107.5,111,92.7,95.7,23.89,24.32,21.08,21.48
32.56,1406,235.3,34,0,25.5,5,11292,2.64,0.18,107.5,111,92.7,95.7,23.89,24.32,21.08,21.48
32.6,1408,235.3,35,0,24.4,5,11293,2.61,0.19,107.5,111,92.8,95.8,23.89,24.32,21.08,21.48
32.64,1411,235.3,36,0,24.4,5,11294,2.57,0.2,107.5,111,92.8,95.8,23.89,24.32,21.09,21.49
32.68,1414,235.3,38,0,23,5,11295,2.53,0.21,107.5,111,92.8,95.8,23.89,24.32,21.09,21.49
32.72,1416,235.3,39,0,23.1,5,11296,2.5,0.22,107.5,111,92.9,95.9,23.89,24.32,21.09,21.49
32.76,1419,235.4,40,0,22.5,5,11298,2.46,0.22,107.5,111,92.9,95.9,23.89,24.32,21.09,21.49
32.8,1421,235.4,42,0,22.7,5,11299,2.43,0.23,107.5,111,93,96,23.89,24.32,21.1,21.5
32.84,1424,235.4,43,0,22.6,5,11300,2.39,0.24,107.5,111,93,96,23.89,24.32,21.1,21.5
32.88,1427,235.4,44,0,21.6,5,11301,2.36,0.25,107.5,111,93,96,23.89,24.32,21.1,21.5
32.92,1429,235.5,46,0,21.7,5,11303,2.32,0.26,107.5,111,93.1,96.1,23.89,24.32,21.1,21.5
32.96,1432,235.5,47,0,21.1,5,11304,2.29,0.27,107.5,111,93.1,96.1,23.89,24.32,21.11,21.51
33,1435,235.5,48,0,20.5,5,11306,2.25,0.27,107.5,111,93.1,96.1,23.89,24.32,21.11,21.51
33.04,1437,235.6,49,0,20.1,5,11307,2.21,0.28,107.5,111,93.2,96.2,23.89,24.32,21.11,21.51
33.08,1440,235.6,51,0,19.4,5,11309,2.18,0.29,107.5,111,93.2,96.2,23.89,24.32,21.11,21.51
33.12,1442,235.6,52,0,18.4,5,11310,2.14,0.3,107.5,111,93.2,96.2,23.89,24.32,21.12,21.52
33.16,1445,235.7,53,0,18.8,5,11312,2.11,0.31,107.5,111,93.3,96.3,23.89,24.32,21.12,21.52
33.2,1448,235.7,54,0,17.7,5,11313,2.07,0.32,107.5,111,93.3,96.3,23.89,24.32,21.12,21.52
33.24,1450,235.7,56,0,17.2,5,11315,2.04,0.33,107.5,111,93.3,96.3,23.89,24.32,21.13,21.53
33.28,1453,235.8,57,0,16.7,5,11317,2,0.33,107.5,111,93.4,96.4,23.89,24.32,21.13,21.53
33.32,1455,235.8,58,0,16.3,5,11318,1.97,0.34,107.5,111,93.4,96.4,23.89,24.32,21.13,21.53
33.36,1458,235.8,59,0,16.5,5,11320,1.93,0.35,107.5,111,93.4,96.4,23.89,24.32,21.13,21.53
33.4,1461,235.9,60,0,15.7,5,11322,1.89,0.36,107.5,111,93.5,96.5,23.89,24.32,21.14,21.54
33.44,1463,235.9,62,0,15.5,5,11324,1.86,0.37,107.5,111,93.5,96.5,23.89,24.32,21.14,21.54
33.48,1466,235.9,63,0,14.9,5,11326,1.82,0.38,107.5,111,93.5,96.5,23.89,24.32,21.14,21.54
33.52,1469,236,64,0,14.3,5,11327,1.79,0.39,107.5,111,93.6,96.6,23.89,24.32,21.14,21.54
33.56,1471,236,65,0,13.6,5,11329,1.75,0.39,107.5,111,93.6,96.6,23.89,24.32,21.15,21.55
33.6,1474,236.1,67,0,13.4,5,11331,1.72,0.4,107.5,111,93.7,96.7,23.89,24.32,21.15,21.55
33.64,1476,236.1,68,0,13.1,5,11333,1.68,0.41,107.5,111,93.7,96.7,23.89,24.32,21.15,21.55
33.68,1479,236.2,69,0,12,5,11335,1.64,0.42,107.5,111,93.7,96.7,23.89,24.32,21.15,21.55
33.72,1482,236.2,70,0,12.8,5,11337,1.61,0.43,107.5,111,93.8,96.8,23.89,24.32,21.16,21.56
33.76,1484,236.2,71,0,11.2,5,11340,1.57,0.44,107.5,111,93.8,96.8,23.89,24.32,21.16,21.56
33.8,1487,236.3,72,0,10.8,5,11342,1.54,0.45,107.5,111,93.8,96.8,23.89,24.32,21.16,21.56
33.84,1490,236.3,74,0,10.3,5,11344,1.5,0.45,107.5,111,93.9,96.9,23.89,24.32,21.16,21.56
33.88,1492,236.4,75,0,9.4,5,11346,1.47,0.46,107.5,111,93.9,96.9,23.89,24.32,21.17,21.57
33.92,1495,236.4,76,0,9.2,5,11348,1.43,0.47,107.5,111,93.9,96.9,23.89,24.32,21.17,21.57
33.96,1497,236.5,77,0,9,5,11351,1.39,0.48,107.5,111,94,97,23.89,24.32,21.17,21.57
34,1500,236.5,78,0,8.5,5,11353,1.36,0.49,107.5,111,94,97,23.89,24.32,21.18,21.58
34.04,1503,236.6,80,0,8.5,5,11355,1.32,0.5,107.5,111,94,97,23.89,24.32,21.18,21.58
34.08,1505,236.6,81,0,7.9,5,11358,1.29,0.5,107.5,111,94.1,97.1,23.89,24.32,21.18,21.58
34.12,1508,236.7,82,0,7.5,5,11360,1.25,0.51,107.5,111,94.1,97.1,23.89,24.32,21.18,21.58
34.16,1511,236.7,83,0,6.9,5,11362,1.22,0.52,107.5,111,94.1,97.1,23.89,24.32,21.19,21.59
34.2,1513,236.8,84,0,6.6,5,11365,1.18,0.53,107.5,111,94.2,97.2,23.89,24.32,21.19,21.59
34.24,1516,236.8,85,0,5.8,5,11367,1.14,0.54,107.5,111,94.2,97.2,23.89,24.32,21.19,21.59
34.28,1518,236.9,86,0,5.3,5,11370,1.11,0.55,107.5,111,94.2,97.2,23.89,24.32,21.19,21.59
34.32,1521,236.9,88,0,3.6,5,11373,1.07,0.56,107.5,111,94.3,97.3,23.89,24.32,21.2,21.6
34.36,1524,237,89,0,4.2,5,11375,1.04,0.56,107.5,111,94.3,97.3,23.89,24.32,21.2,21.6
34.4,1526,237,90,0,4,5,11378,1,0.57,107.5,111,94.4,97.4,23.89,24.32,21.2,21.6
34.44,1529,237.1,91,0,3.9,5,11380,0.97,0.58,107.5,111,94.4,97.4,23.89,24.32,21.2,21.6
34.48,1532,237.1,92,0,3.9,5,11383,0.93,0.59,107.5,111,94.4,97.4,23.89,24.32,21.21,21.61
34.52,1534,237.2,93,0,3,5,11386,0.89,0.6,107.5,111,94.5,97.5,23.89,24.32,21.21,21.61
34.56,1537,237.3,94,0,2.1,5,11389,0.86,0.61,107.5,111,94.5,97.5,23.89,24.32,21.21,21.61
34.6,1540,237.3,96,0,1.9,5,11391,0.82,0.62,107.5,111,94.5,97.5,23.89,24.32,21.21,21.61
34.64,1542,237.4,97,0,2.1,5,11394,0.79,0.62,107.5,111,94.6,97.6,23.89,24.32,21.22,21.62
34.68,1545,237.4,98,0,1.6,5,11397,0.75,0.63,107.5,111,94.6,97.6,23.89,24.32,21.22,21.62
34.72,1547,237.5,99,0,0.6,5,11400,0.71,0.64,107.5,111,94.6,97.6,23.89,24.32,21.22,21.62
34.76,1550,237.6,100,0,-0.1,5,11403,-0.04,0.04,107.5,110.9,94.6,97.6,23.89,24.32,21.22,21.62
34.8,1553,237.6,100,0,-0.2,5,11406,-0.03,0.04,107.5,110.9,94.6,97.6,23.88,24.32,21.22,21.62
34.84,1555,237.7,100,0,0,5,11408,-0.03,0.04,107.4,110.9,94.6,97.6,23.88,24.32,21.22,21.62
34.88,1558,237.7,100,0,0.3,5,11411,0.01,0.04,107.4,110.9,94.6,97.6,23.88,24.32,21.22,21.62
34.92,1561,237.8,100,0,0.2,5,11414,-0.03,0.04,107.4,110.9,94.6,97.6,23.88,24.32,21.22,21.62
34.96,1563,237.8,100,0,0.5,5,11417,0,0.04,107.4,110.9,94.6,97.6,23.88,24.32,21.22,21.62
35,1566,237.9,100,0,0.4,5,11419,-0.01,0.04,107.4,110.9,94.6,97.6,23.88,24.32,21.22,21.62
35.04,1569,238,100,0,0.2,5,11422,0,0.04,107.4,110.9,94.5,97.5,23.88,24.31,21.22,21.62
35.08,1571,238,100,0,0.3,5,11425,-0.01,0.04,107.4,110.9,94.5,97.5,23.88,24.31,21.21,21.61
35.12,1574,238.1,100,0,-0.2,5,11428,-0.02,0.04,107.4,110.8,94.5,97.5,23.88,24.31,21.21,21.61
35.16,1577,238.1,100,0,0,5,11431,0,0.04,107.3,110.8,94.5,97.5,23.88,24.31,21.21,21.61
35.2,1579,238.2,100,0,-0.1,5,11433,0.03,0.04,107.3,110.8,94.5,97.5,23.88,24.31,21.21,21.61
35.24,1582,238.3,100,0,0.4,5,11436,0.02,0.04,107.3,110.8,94.5,97.5,23.87,24.31,21.21,21.61
35.28,1584,238.3,100,0,0.1,5,11439,0,0.04,107.3,110.8,94.5,97.5,23.87,24.31,21.21,21.61
35.32,1587,238.4,100,0,0.4,5,11442,0.03,0.04,107.3,110.8,94.5,97.5,23.87,24.31,21.21,21.61
35.36,1590,238.4,100,0,-0.2,5,11444,0.02,0.04,107.3,110.8,94.4,97.4,23.87,24.31,21.21,21.61
35.4,1592,238.5,100,0,0.2,5,11447,0,0.04,107.3,110.8,94.4,97.4,23.87,24.31,21.21,21.61
35.44,1595,238.5,100,0,-0.1,5,11450,0.03,0.04,107.3,110.7,94.4,97.4,23.87,24.31,21.21,21.61
35.48,1598,238.6,100,0,0.8,5,11453,0.02,0.04,107.3,110.7,94.4,97.4,23.87,24.3,21.21,21.61
35.52,1600,238.7,100,0,-0.8,5,11455,0.01,0.04,107.2,110.7,94.4,97.4,23.87,24.3,21.2,21.6
35.56,1603,238.7,100,0,0.3,5,11458,0.02,0.04,107.2,110.7,94.4,97.4,23.87,24.3,21.2,21.6
35.6,1606,238.8,100,0,0,5,11461,0,0.04,107.2,110.7,94.4,97.4,23.87,24.3,21.2,21.6
35.64,1608,238.8,100,0,-0.3,5,11464,0.01,0.04,107.2,110.7,94.4,97.4,23.87,24.3,21.2,21.6
35.68,1611,238.9,100,0,-0.2,5,11466,0.02,0.04,107.2,110.7,94.3,97.3,23.86,24.3,21.2,21.6
35.72,1614,238.9,100,0,-0.4,5,11469,-0.05,0.04,107.2,110.7,94.3,97.3,23.86,24.3,21.2,21.6
35.76,1616,239,100,0,0.2,5,11472,0.04,0.04,107.2,110.6,94.3,97.3,23.86,24.3,21.2,21.6
35.8,1619,239.1,100,0,-1.2,5,11475,-0.01,0.04,107.2,110.6,94.3,97.3,23.86,24.3,21.2,21.6
35.84,1622,239.1,100,0,-0.5,5,11478,-0.02,0.04,107.1,110.6,94.3,97.3,23.86,24.3,21.2,21.6
35.88,1624,239.2,100,0,0.8,5,11480,0.02,0.04,107.1,110.6,94.3,97.3,23.86,24.3,21.2,21.6
35.92,1627,239.2,100,0,-0.2,5,11483,-0.02,0.04,107.1,110.6,94.3,97.3,23.86,24.3,21.2,21.6
35.96,1630,239.3,100,0,-0.5,5,11486,0,0.04,107.1,110.6,94.3,97.3,23.86,24.29,21.19,21.59
36,1632,239.3,100,0,0.2,5,11489,0.03,0.04,107.1,110.6,94.3,97.3,23.86,24.29,21.19,21.59
36.04,1635,239.4,100,0,-0.3,5,11491,-0.04,0.04,107.1,110.6,94.2,97.2,23.86,24.29,21.19,21.59
36.08,1638,239.5,100,0,-0.1,5,11494,0.01,0.04,107.1,110.6,94.2,97.2,23.86,24.29,21.19,21.59
36.12,1640,239.5,100,0,-0.1,5,11497,-0.02,0.04,107.1,110.5,94.2,97.2,23.85,24.29,21.19,21.59
36.16,1643,239.6,100,0,0.3,5,11500,0.01,0.04,107,110.5,94.2,97.2,23.85,24.29,21.19,21.59
36.2,1646,239.6,100,0,-0.4,5,11502,0.01,0.04,107,110.5,94.2,97.2,23.85,24.29,21.19,21.59
36.24,1648,239.7,100,0,-0.1,5,11505,0.02,0.04,107,110.5,94.2,97.2,23.85,24.29,21.19,21.59
36.28,1651,239.7,100,0,1.6,5,11508,-0.03,0.04,107,110.5,94.2,97.2,23.85,24.29,21.19,21.59
36.32,1654,239.8,100,0,0.1,5,11511,-0.03,0.04,107,110.5,94.2,97.2,23.85,24.29,21.19,21.59
36.36,1656,239.9,100,0,-0.2,5,11513,0.04,0.04,107,110.5,94.1,97.1,23.85,24.29,21.19,21.59
36.4,1659,239.9,100,0,-0.7,5,11516,0,0.04,107,110.5,94.1,97.1,23.85,24.28,21.18,21.58
36.44,1662,240,100,0,-0.1,5,11519,0.01,0.04,107,110.4,94.1,97.1,23.85,24.28,21.18,21.58
36.48,1664,240,100,0,0.3,5,10139,0.06,0.04,107,110.4,94.1,97.1,23.85,24.28,21.18,21.58
36.52,1667,240.1,100,0,-0.1,5,10142,0.01,0.04,106.9,110.4,94.1,97.1,23.85,24.28,21.18,21.58
36.56,1670,240.2,100,0,-0.8,5,10144,-0.02,0.04,106.9,110.4,94.1,97.1,23.84,24.28,21.18,21.58
36.6,1672,240.2,100,0,0.5,5,10146,0.01,0.04,106.9,110.4,94.1,97.1,23.84,24.28,21.18,21.58
36.64,1675,240.3,100,0,0.2,5,10149,0.01,0.04,106.9,110.4,94.1,97.1,23.84,24.28,21.18,21.58
36.68,1678,240.3,100,0,-0.2,5,10152,0.02,0.04,106.9,110.4,94,97,23.84,24.28,21.18,21.58
36.72,1680,240.4,100,0,0.6,5,10153,-0.01,0.04,106.9,110.4,94,97,23.84,24.28,21.18,21.58
36.76,1683,240.4,100,0,-0.1,5,10156,-0.03,0.04,106.9,110.3,94,97,23.84,24.28,21.18,21.58
36.8,1686,240.5,100,0,-0.1,5,10159,0.01,0.04,106.9,110.3,94,97,23.84,24.28,21.18,21.58
36.84,1688,240.6,100,0,-0.5,5,10161,-0.03,0.04,106.8,110.3,94,97,23.84,24.27,21.17,21.57
36.88,1691,240.6,100,0,-0.3,5,10163,-0.02,0.04,106.8,110.3,94,97,23.84,24.27,21.17,21.57
36.92,1694,240.7,100,0,0.4,5,10166,-0.01,0.04,106.8,110.3,94,97,23.84,24.27,21.17,21.57
36.96,1696,240.7,100,0,-0.4,5,10168,-0.01,0.04,106.8,110.3,94,97,23.84,24.27,21.17,21.57
37,1699,240.8,100,0,0.7,5,10171,0.03,0.04,106.8,110.3,94,97,23.83,24.27,21.17,21.57
37.04,1702,240.8,100,0,-0.5,5,10173,0.03,0.04,106.8,110.3,93.9,96.9,23.83,24.27,21.17,21.57
37.08,1704,240.9,100,0,-0.2,5,10175,0.02,0.04,106.8,110.3,93.9,96.9,23.83,24.27,21.17,21.57
37.12,1707,241,100,0,0.6,5,10178,0.01,0.04,106.8,110.2,93.9,96.9,23.83,24.27,21.17,21.57
37.16,1710,241,100,0,0,5,10181,0,0.04,106.7,110.2,93.9,96.9,23.83,24.27,21.17,21.57
37.2,1712,241.1,100,0,-0.1,5,10183,-0.02,0.04,106.7,110.2,93.9,96.9,23.83,24.27,21.17,21.57
37.24,1715,241.1,100,0,-0.5,5,10185,-0.01,0.04,106.7,110.2,93.9,96.9,23.83,24.27,21.17,21.57
37.28,1718,241.2,100,0,0.4,5,10188,0,0.04,106.7,110.2,93.9,96.9,23.83,24.26,21.17,21.57
37.32,1720,241.2,100,0,0.1,5,11580,-0.03,0.04,106.7,110.2,93.9,96.9,23.83,24.26,21.16,21.56
37.36,1723,241.3,100,0,-0.5,5,11583,0,0.04,106.7,110.2,93.8,96.8,23.83,24.26,21.16,21.56
37.4,1726,241.4,100,0,-0.2,5,11585,0,0.04,106.7,110.2,93.8,96.8,23.83,24.26,21.16,21.56
37.44,1728,241.4,100,0,-0.2,5,11588,-0.01,0.04,106.7,110.1,93.8,96.8,23.82,24.26,21.16,21.56
37.48,1731,241.5,100,0,-0.3,5,11591,-0.01,0.04,106.7,110.1,93.8,96.8,23.82,24.26,21.16,21.56
37.52,1734,241.5,100,0,0.2,5,11594,0.02,0.04,106.6,110.1,93.8,96.8,23.82,24.26,21.16,21.56
37.56,1736,241.6,100,0,-0.2,5,11596,-0.04,0.04,106.6,110.1,93.8,96.8,23.82,24.26,21.16,21.56
37.6,1739,241.6,100,0,0.1,5,11599,-0.03,0.04,106.6,110.1,93.8,96.8,23.82,24.26,21.16,21.56
37.64,1742,241.7,100,0,0.5,5,11602,-0.04,0.04,106.6,110.1,93.8,96.8,23.82,24.26,21.16,21.56
37.68,1744,241.8,100,0,0,5,11605,-0.02,0.04,106.6,110.1,93.7,96.7,23.82,24.26,21.16,21.56
37.72,1747,241.8,100,0,0,5,11607,0.01,0.04,106.6,110.1,93.7,96.7,23.82,24.25,21.16,21.56
37.76,1750,241.9,100,0,0,5,11610,0.01,0.04,106.6,110,93.7,96.7,23.82,24.25,21.15,21.55
37.8,1753,245,0,2,-0.7,5,11760,0,-4.2,106.6,110.2,93.7,96.7,23.82,24.26,21.15,21.55
37.84,1755,245,0,5,-2.1,5,11760,0,-4.2,106.6,110.3,93.7,96.7,23.82,24.27,21.15,21.55
37.88,1758,245,0,7,-0.5,5,11760,0,-4.2,106.7,110.4,93.7,96.7,23.83,24.28,21.15,21.55
37.92,1761,245,0,9,2.3,5,11760,0,-4.2,106.7,110.5,93.7,96.7,23.83,24.29,21.15,21.55
37.96,1763,245,0,12,0.4,5,11760,0,-4.2,106.8,110.6,93.7,96.7,23.83,24.3,21.15,21.55
38,1766,245,0,14,1.4,5,11760,0,-4.2,106.8,110.8,93.7,96.7,23.84,24.31,21.15,21.55
38.04,1769,245,0,16,1.1,5,11760,0,-4.2,106.8,110.9,93.7,96.7,23.84,24.32,21.15,21.55
38.08,1772,245,0,19,0.7,5,11760,0,-4.2,106.9,111,93.7,96.7,23.84,24.33,21.15,21.55
38.12,1774,245,0,21,0.3,5,11760,0,-4.2,106.9,111.1,93.7,96.7,23.84,24.33,21.15,21.55
38.16,1777,245,0,24,0.9,5,11760,0,-4.2,107,111.2,93.7,96.7,23.85,24.34,21.15,21.55
38.2,1780,245,0,26,-0.8,5,11760,0,-4.2,107,111.4,93.7,96.7,23.85,24.35,21.15,21.55
38.24,1782,245,0,28,0.8,5,11760,0,-4.2,107,111.5,93.7,96.7,23.85,24.36,21.15,21.55
38.28,1785,245,0,30,0.8,5,11760,0,-4.2,107.1,111.6,93.7,96.7,23.86,24.37,21.15,21.55
38.32,1788,245,0,30,0.1,5,11760,0,-4.2,107.1,111.7,93.7,96.7,23.86,24.38,21.15,21.55
38.36,1791,245,0,30,-0.7,5,11760,0,-4.2,107.2,111.8,93.7,96.7,23.86,24.39,21.15,21.55
38.4,1793,245,0,30,1.1,5,11760,0,-4.2,107.2,112,93.7,96.7,23.87,24.4,21.15,21.55
38.44,1796,245,0,30,0.1,5,11760,0,-4.2,107.2,112.1,93.7,96.7,23.87,24.41,21.15,21.55
38.48,1799,245,0,30,0.1,5,11760,0,-4.2,107.3,112.2,93.7,96.7,23.87,24.42,21.15,21.55
38.52,1802,245,0,30,-0.2,5,11760,0,-4.2,107.3,112.3,93.7,96.7,23.87,24.42,21.15,21.55
38.56,1804,245,0,30,-0.5,5,11760,0,-4.2,107.4,112.4,93.7,96.7,23.88,24.43,21.15,21.55
38.6,1807,245,0,30,-0.9,5,11760,0,-4.2,107.4,112.6,93.7,96.7,23.88,24.44,21.15,21.55
38.64,1810,245,0,30,0.3,5,11760,0,-4.2,107.4,112.7,93.7,96.7,23.88,24.45,21.15,21.55
38.68,1812,245,0,30,-0.2,5,11760,0,-4.2,107.5,112.8,93.7,96.7,23.89,24.46,21.15,21.55
38.72,1815,245,0,30,0.2,5,11760,0,-4.2,107.5,112.9,93.7,96.7,23.89,24.47,21.15,21.55
38.76,1818,245,0,30,-0.9,5,11760,0,-4.2,107.6,113,93.7,96.7,23.89,24.48,21.15,21.55
38.8,1821,245,0,30,0.3,5,11760,0,-4.2,107.6,113.2,93.7,96.7,23.9,24.49,21.15,21.55
38.84,1823,245,0,30,-0.5,5,11760,0,-4.2,107.6,113.3,93.7,96.7,23.9,24.5,21.15,21.55
38.88,1826,245,0,30,-0.6,5,11760,0,-4.2,107.7,113.4,93.7,96.7,23.9,24.51,21.15,21.55
38.92,1829,245,0,30,-1.2,5,11760,0,-4.2,107.7,113.5,93.7,96.7,23.9,24.51,21.15,21.55
38.96,1831,245,0,30,-0.7,5,11760,0,-4.2,107.8,113.6,93.7,96.7,23.91,24.52,21.15,21.55
39,1834,245,0,30,0,5,11760,0,-4.2,107.8,113.8,93.7,96.7,23.91,24.53,21.15,21.55
39.04,1837,245,0,30,-0.6,5,11760,0,-4.2,107.8,113.9,93.7,96.7,23.91,24.54,21.15,21.55
39.08,1840,245,0,30,1.8,5,11760,0,-4.2,107.9,114,93.7,96.7,23.92,24.55,21.15,21.55
39.12,1842,245,0,30,-0.9,5,11760,0,-4.2,107.9,114.1,93.7,96.7,23.92,24.56,21.15,21.55
39.16,1845,245,0,30,-0.9,5,11760,0,-4.2,108,114.2,93.7,96.7,23.92,24.57,21.15,21.55
39.2,1848,245,0,30,-1.4,5,11760,0,-4.2,108,114.4,93.7,96.7,23.93,24.58,21.15,21.55
39.24,1851,245,0,30,-0.1,5,11760,0,-4.2,108,114.5,93.7,96.7,23.93,24.59,21.15,21.55
39.28,1853,245,0,30,1.5,5,11760,0,-4.2,108.1,114.6,93.7,96.7,23.93,24.6,21.15,21.55
39.32,1856,245,0,29,-0.9,5,11760,-0.07,-1.37,108.1,114.7,93.7,96.7,23.93,24.6,21.15,21.55
39.36,1859,245,0,28,-2.3,5,11760,-0.16,-1.34,108.2,114.8,93.7,96.7,23.94,24.61,21.15,21.55
39.4,1861,245,0,27,-2.5,5,11760,-0.24,-1.31,108.2,115,93.7,96.7,23.94,24.62,21.15,21.55
39.44,1864,245,0,27,-4.7,5,11760,-0.32,-1.28,108.2,115.1,93.7,96.7,23.94,24.63,21.15,21.55
39.48,1867,245,0,26,-5.9,5,11760,-0.4,-1.25,108.3,115.2,93.7,96.7,23.95,24.64,21.15,21.55
39.52,1870,245,0,25,-6,5,11760,-0.48,-1.22,108.3,115.3,93.7,96.7,23.95,24.65,21.15,21.55
39.56,1872,245,0,24,-8,5,11760,-0.57,-1.19,108.4,115.4,93.7,96.7,23.95,24.66,21.15,21.55
39.6,1875,245,0,23,-8.8,5,11760,-0.65,-1.16,108.4,115.6,93.7,96.7,23.96,24.67,21.15,21.55
39.64,1878,245,0,22,-10.2,5,11760,-0.73,-1.13,108.4,115.7,93.7,96.7,23.96,24.68,21.15,21.55
39.68,1880,245,0,21,-10.7,5,11760,-0.81,-1.1,108.5,115.8,93.7,96.7,23.96,24.69,21.15,21.55
39.72,1883,245,0,21,-11.3,5,11760,-0.89,-1.07,108.5,115.9,93.7,96.7,23.96,24.69,21.15,21.55
39.76,1886,245,0,20,-12.1,5,11760,-0.97,-1.04,108.6,116,93.7,96.7,23.97,24.7,21.15,21.55
39.8,1889,245,0,19,-12.9,5,11760,-1.06,-1.01,108.6,116.2,93.7,96.7,23.97,24.71,21.15,21.55
39.84,1891,245,0,18,-14.8,5,11760,-1.14,-0.98,108.6,116.3,93.7,96.7,23.97,24.72,21.15,21.55
39.88,1894,245,0,17,-15.6,5,11760,-1.22,-0.95,108.7,116.4,93.7,96.7,23.98,24.73,21.15,21.55
39.92,1897,245,0,17,-16.4,5,11760,-1.3,-0.92,108.7,116.5,93.7,96.7,23.98,24.74,21.15,21.55
39.96,1900,245,0,16,-17.1,5,11760,-1.38,-0.89,108.8,116.6,93.7,96.7,23.98,24.75,21.15,21.55
40,1902,245,0,15,-19.1,5,11760,-1.46,-0.86,108.8,116.8,93.7,96.7,23.99,24.76,21.15,21.55
40.04,1905,245,0,14,-19.9,5,11760,-1.55,-0.83,108.8,116.9,93.7,96.7,23.99,24.77,21.15,21.55
40.08,1908,245,0,14,-20.7,5,11760,-1.63,-0.8,108.9,117,93.7,96.7,23.99,24.78,21.15,21.55
40.12,1910,245,0,13,-21.4,5,11760,-1.71,-0.77,108.9,117.1,93.7,96.7,23.99,24.78,21.15,21.55
40.16,1913,245,0,12,-21,5,11760,-1.79,-0.74,109,117.2,93.7,96.7,24,24.79,21.15,21.55
40.2,1916,245,0,12,-22.8,5,11760,-1.87,-0.71,109,117.4,93.7,96.7,24,24.8,21.15,21.55
40.24,1919,245,0,11,-23.6,5,11760,-1.96,-0.68,109,117.5,93.7,96.7,24,24.81,21.15,21.55
40.28,1921,245,0,10,-24.1,5,11760,-2.04,-0.65,109.1,117.6,93.7,96.7,24.01,24.82,21.15,21.55
40.32,1924,245,0,10,-24,5,11760,-2.12,-0.62,109.1,117.7,93.7,96.7,24.01,24.83,21.15,21.55
40.36,1927,245,0,9,-25.7,5,11760,-2.2,-0.59,109.2,117.8,93.7,96.7,24.01,24.84,21.15,21.55
40.4,1929,245,0,8,-25.9,5,11760,-2.28,-0.56,109.2,118,93.7,96.7,24.02,24.85,21.15,21.55
40.44,1932,245,0,8,-26.4,5,11760,-2.36,-0.53,109.2,118.1,93.7,96.7,24.02,24.86,21.15,21.55
40.48,1935,245,0,7,-27.5,5,11760,-2.45,-0.5,109.3,118.2,93.7,96.7,24.02,24.87,21.15,21.55
40.52,1938,245,0,6,-27.3,5,11760,-2.53,-0.47,109.3,118.3,93.7,96.7,24.02,24.87,21.15,21.55
40.56,1940,245,0,6,-27.8,5,11760,-2.61,-0.44,109.4,118.4,93.7,96.7,24.03,24.88,21.15,21.55
40.6,1943,245,0,5,-28.3,5,11760,-2.69,-0.41,109.4,118.6,93.7,96.7,24.03,24.89,21.15,21.55
40.64,1946,245,0,5,-28.9,5,11760,-2.77,-0.38,109.4,118.7,93.7,96.7,24.03,24.9,21.15,21.55
40.68,1949,245,0,4,-29.1,5,11760,-2.86,-0.35,109.5,118.8,93.7,96.7,24.04,24.91,21.15,21.55
40.72,1951,245,0,4,-30.1,5,11760,-2.94,-0.32,109.5,118.9,93.7,96.7,24.04,24.92,21.15,21.55
40.76,1954,245,0,3,-30.5,5,11760,-3.02,-0.29,109.6,119,93.7,96.7,24.04,24.93,21.15,21.55
40.8,1957,245,0,3,-29.3,5,11760,-3.1,-0.26,109.6,119.2,93.7,96.7,24.05,24.94,21.15,21.55
40.84,1959,245,0,2,-30.5,5,11760,-3.18,-0.23,109.6,119.3,93.7,96.7,24.05,24.95,21.15,21.55
40.88,1962,245,0,2,-31.8,5,11760,-3.26,-0.2,109.7,119.4,93.7,96.7,24.05,24.96,21.15,21.55
40.92,1965,245,0,2,-32,5,11760,-3.35,-0.17,109.7,119.5,93.7,96.7,24.05,24.96,21.15,21.55
40.96,1968,245,0,1,-30.7,5,11760,-3.43,-0.14,109.8,119.6,93.7,96.7,24.06,24.97,21.15,21.55
41,1970,245,0,1,-31.8,5,11760,-3.51,-0.11,109.8,119.8,93.7,96.7,24.06,24.98,21.15,21.55
41.04,1973,245,0,1,-31.8,5,11760,-3.59,-0.08,109.8,119.9,93.7,96.7,24.06,24.99,21.15,21.55
41.08,1976,245,0,0,-31.2,5,11760,-3.67,-0.05,109.9,120,93.7,96.7,24.07,25,21.15,21.55
41.12,1978,245,0,0,-32.2,5,11760,-3.75,-0.02,109.9,120.1,93.7,96.7,24.07,25.01,21.15,21.55
41.16,1981,245,1,0,-31.5,5,11760,-3.38,0,109.9,120.1,93.8,96.8,24.07,25.01,21.16,21.56
41.2,1984,245,4,0,-31.3,5,11760,-3.35,0.01,109.9,120.1,93.8,96.8,24.07,25.01,21.16,21.56
41.24,1987,245,6,0,-31.2,5,11760,-3.31,0.02,109.9,120.1,93.8,96.8,24.07,25.01,21.16,21.56
41.28,1989,245,7,0,-31.1,5,11761,-3.27,0.03,109.9,120.1,93.9,96.9,24.07,25.01,21.16,21.56
41.32,1992,245,9,0,-29.9,5,11761,-3.24,0.04,109.9,120.1,93.9,96.9,24.07,25.01,21.17,21.57
41.36,1995,245,11,0,-29.6,5,11761,-3.2,0.05,109.9,120.1,93.9,96.9,24.07,25.01,21.17,21.57
41.4,1998,245,13,0,-29.5,5,11761,-3.16,0.06,109.9,120.1,94,97,24.07,25.01,21.17,21.57
41.44,2000,245,14,0,-29,5,11762,-3.12,0.07,109.9,120.1,94,97,24.07,25.01,21.18,21.58
41.48,2003,245,16,0,-28.1,5,11762,-3.09,0.07,109.9,120.1,94,97,24.07,25.01,21.18,21.58
41.52,2006,245.1,17,0,-27.5,5,11763,-3.05,0.08,109.9,120.1,94.1,97.1,24.07,25.01,21.18,21.58
41.56,2008,245.1,19,0,-27.9,5,11763,-3.01,0.09,109.9,120.1,94.1,97.1,24.07,25.01,21.18,21.58
41.6,2011,245.1,21,0,-27.4,5,11764,-2.98,0.1,109.9,120.1,94.1,97.1,24.07,25.01,21.19,21.59
41.64,2014,245.1,22,0,-26.5,5,11765,-2.94,0.11,109.9,120.1,94.2,97.2,24.07,25.01,21.19,21.59
41.68,2017,245.1,24,0,-26,5,11765,-2.9,0.12,109.9,120.1,94.2,97.2,24.07,25.01,21.19,21.59
41.72,2019,245.1,25,0,-25.3,5,11766,-2.87,0.13,109.9,120.1,94.2,97.2,24.07,25.01,21.19,21.59
41.76,2022,245.1,27,0,-25.3,5,11767,-2.83,0.14,109.9,120.1,94.3,97.3,24.07,25.01,21.2,21.6
41.8,2025,245.2,28,0,-24.7,5,11768,-2.79,0.15,109.9,120.1,94.3,97.3,24.07,25.01,21.2,21.6
41.84,2027,245.2,29,0,-24.4,5,11768,-2.75,0.15,109.9,120.1,94.4,97.4,24.07,25.01,21.2,21.6
41.88,2030,245.2,31,0,-24.1,5,11769,-2.72,0.16,109.9,120.1,94.4,97.4,24.07,25.01,21.2,21.6
41.92,2033,245.2,32,0,-24.2,5,11770,-2.68,0.17,109.9,120.1,94.4,97.4,24.07,25.01,21.21,21.61
41.96,2036,245.2,34,0,-22.3,5,11771,-2.64,0.18,109.9,120.1,94.5,97.5,24.07,25.01,21.21,21.61
42,2038,245.3,35,0,-23.2,5,11772,-2.61,0.19,109.9,120.1,94.5,97.5,24.07,25.01,21.21,21.61
42.04,2041,245.3,37,0,-22.7,5,11773,-2.57,0.2,109.9,120.1,94.5,97.5,24.07,25.01,21.21,21.61
42.08,2044,245.3,38,0,-21.9,5,11774,-2.53,0.21,109.9,120.1,94.6,97.6,24.07,25.01,21.22,21.62
42.12,2047,245.3,39,0,-21.4,5,11775,-2.49,0.22,109.9,120.1,94.6,97.6,24.07,25.01,21.22,21.62
42.16,2049,245.3,41,0,-21.6,5,11776,-2.46,0.23,109.9,120.1,94.6,97.6,24.07,25.01,21.22,21.62
42.2,2052,245.4,42,0,-20.4,5,11778,-2.42,0.23,109.9,120.1,94.7,97.7,24.07,25.01,21.23,21.63
42.24,2055,245.4,43,0,-21,5,11779,-2.38,0.24,109.9,120.1,94.7,97.7,24.07,25.01,21.23,21.63
42.28,2057,245.4,45,0,-19.8,5,11780,-2.35,0.25,109.9,120.1,94.7,97.7,24.07,25.01,21.23,21.63
42.32,2060,245.4,46,0,-19.7,5,11781,-2.31,0.26,109.9,120.1,94.8,97.8,24.07,25.01,21.23,21.63
42.36,2063,245.5,47,0,-18.9,5,11783,-2.27,0.27,109.9,120.1,94.8,97.8,24.07,25.01,21.24,21.64
42.4,2066,245.5,49,0,-18.5,5,11784,-2.24,0.28,109.9,120.1,94.8,97.8,24.07,25.01,21.24,21.64
42.44,2068,245.5,50,0,-17.8,5,11786,-2.2,0.29,109.9,120.1,94.9,97.9,24.07,25.01,21.24,21.64
42.48,2071,245.6,51,0,-17.4,5,11787,-2.16,0.3,109.9,120.1,94.9,97.9,24.07,25.01,21.24,21.64
42.52,2074,245.6,53,0,-16.3,5,11789,-2.12,0.3,109.9,120.1,94.9,97.9,24.07,25.01,21.25,21.65
42.56,2077,245.6,54,0,-16.9,5,11790,-2.09,0.31,109.9,120.1,95,98,24.07,25.01,21.25,21.65
42.6,2079,245.7,55,0,-16.1,5,11792,-2.05,0.32,109.9,120.1,95,98,24.07,25.01,21.25,21.65
42.64,2082,245.7,56,0,-15.8,5,11793,-2.01,0.33,109.9,120.1,95.1,98.1,24.07,25.01,21.25,21.65
42.68,2085,245.7,58,0,-15,5,11795,-1.98,0.34,109.9,120.1,95.1,98.1,24.07,25.01,21.26,21.66
42.72,2087,245.8,59,0,-15,5,11797,-1.94,0.35,109.9,120.1,95.1,98.1,24.07,25.01,21.26,21.66
42.76,2090,245.8,60,0,-13.9,5,11798,-1.9,0.36,109.9,120.1,95.2,98.2,24.07,25.01,21.26,21.66
42.8,2093,245.8,62,0,-13.7,5,11800,-1.86,0.37,109.9,120.1,95.2,98.2,24.07,25.01,21.26,21.66
42.84,2096,245.9,63,0,-13.6,5,11802,-1.83,0.38,109.9,120.1,95.2,98.2,24.07,25.01,21.27,21.67
42.88,2098,245.9,64,0,-13.3,5,11804,-1.79,0.38,109.9,120.1,95.3,98.3,24.07,25.01,21.27,21.67
42.92,2101,245.9,65,0,-12.3,5,11805,-1.75,0.39,109.9,120.1,95.3,98.3,24.07,25.01,21.27,21.67
42.96,2104,246,67,0,-12.2,5,11807,-1.72,0.4,109.9,120.1,95.3,98.3,24.07,25.01,21.27,21.67
43,2107,246,68,0,-11.7,5,11809,-1.68,0.41,109.9,120.1,95.4,98.4,24.07,25.01,21.28,21.68
43.04,2109,246.1,69,0,-11.7,5,11811,-1.64,0.42,109.9,120.1,95.4,98.4,24.07,25.01,21.28,21.68
43.08,2112,246.1,70,0,-11.2,5,11813,-1.6,0.43,109.9,120.1,95.4,98.4,24.07,25.01,21.28,21.68
43.12,2115,246.2,72,0,-10.8,5,11815,-1.57,0.44,109.9,120.1,95.5,98.5,24.07,25.01,21.29,21.69
43.16,2118,246.2,73,0,-9.9,5,11817,-1.53,0.45,109.9,120.1,95.5,98.5,24.07,25.01,21.29,21.69
43.2,2120,246.2,74,0,-9.9,5,11819,-1.49,0.46,109.9,120.1,95.5,98.5,24.07,25.01,21.29,21.69
43.24,2123,246.3,75,0,-9,5,11822,-1.45,0.46,109.9,120.1,95.6,98.6,24.07,25.01,21.29,21.69
43.28,2126,246.3,76,0,-8.4,5,11824,-1.42,0.47,109.9,120.1,95.6,98.6,24.07,25.01,21.3,21.7
43.32,2128,246.4,78,0,-8.8,5,11826,-1.38,0.48,109.9,120.1,95.6,98.6,24.07,25.01,21.3,21.7
43.36,2131,246.4,79,0,-7.7,5,11828,-1.34,0.49,109.9,120.1,95.7,98.7,24.07,25.01,21.3,21.7
43.4,2134,246.5,80,0,-7.4,5,11830,-1.31,0.5,109.9,120.1,95.7,98.7,24.07,25.01,21.3,21.7
43.44,2137,246.5,81,0,-7.6,5,11833,-1.27,0.51,109.9,120.1,95.8,98.8,24.07,25.01,21.31,21.71
43.48,2139,246.6,82,0,-6.6,5,11835,-1.23,0.52,109.9,120.1,95.8,98.8,24.07,25.01,21.31,21.71
43.52,2142,246.6,84,0,-5.4,5,11837,-1.19,0.53,109.9,120.1,95.8,98.8,24.07,25.01,21.31,21.71
43.56,2145,246.7,85,0,-5.9,5,11840,-1.16,0.54,109.9,120.1,95.9,98.9,24.07,25.01,21.31,21.71
43.6,2148,246.7,86,0,-5.6,5,11842,-1.12,0.54,109.9,120.1,95.9,98.9,24.07,25.01,21.32,21.72
43.64,2150,246.8,87,0,-4.8,5,11845,-1.08,0.55,109.9,120.1,95.9,98.9,24.07,25.01,21.32,21.72
43.68,2153,246.8,88,0,-4.6,5,11847,-1.05,0.56,109.9,120.1,96,99,24.07,25.01,21.32,21.72
43.72,2156,246.9,90,0,-3.3,5,11850,-1.01,0.57,109.9,120.1,96,99,24.07,25.01,21.32,21.72
43.76,2159,246.9,91,0,-2.9,5,11852,-0.97,0.58,109.9,120.1,96,99,24.07,25.01,21.33,21.73
43.8,2161,247,92,0,-3,5,11855,-0.93,0.59,109.9,120.1,96.1,99.1,24.07,25.01,21.33,21.73
43.84,2164,247,93,0,-3.1,5,11857,-0.9,0.6,109.9,120.1,96.1,99.1,24.07,25.01,21.33,21.73
43.88,2167,247.1,94,0,-1.2,5,11860,-0.86,0.61,109.9,120.1,96.1,99.1,24.07,25.01,21.34,21.74
43.92,2170,247.1,96,0,-0.8,5,11863,-0.82,0.62,109.9,120.1,96.2,99.2,24.07,25.01,21.34,21.74
43.96,2172,247.2,97,0,-1.1,5,11866,-0.78,0.63,109.9,120.1,96.2,99.2,24.07,25.01,21.34,21.74
44,2175,247.3,98,0,-1.1,5,11868,-0.75,0.63,109.9,120.1,96.2,99.2,24.07,25.01,21.34,21.74
44.04,2178,247.3,99,0,-0.3,5,11871,-0.71,0.64,109.9,120.1,96.3,99.3,24.07,25.01,21.35,21.75
44.08,2181,247.4,100,0,-0.4,5,11874,0.01,0.04,109.9,120.1,96.3,99.3,24.07,25.01,21.34,21.74
44.12,2183,247.4,100,0,-0.1,5,11877,0.01,0.04,109.9,120.1,96.3,99.3,24.07,25.01,21.34,21.74
44.16,2186,247.5,100,0,-0.4,5,11879,0.01,0.04,109.9,120.1,96.2,99.2,24.07,25.01,21.34,21.74
44.2,2189,247.5,100,0,-0.5,5,11882,0.01,0.04,109.9,120.1,96.2,99.2,24.07,25.01,21.34,21.74
44.24,2192,247.6,100,0,0.3,5,11885,-0.02,0.04,109.9,120.1,96.2,99.2,24.07,25.01,21.34,21.74
44.28,2194,247.7,100,0,0.2,5,11888,-0.03,0.04,109.9,120.1,96.2,99.2,24.06,25,21.34,21.74
44.32,2197,247.7,100,0,0,5,11890,0.01,0.04,109.8,120,96.2,99.2,24.06,25,21.34,21.74
44.36,2200,247.8,100,0,0,5,11893,0.02,0.04,109.8,120,96.2,99.2,24.06,25,21.34,21.74
44.4,2203,247.8,100,0,-0.7,5,11896,0.01,0.04,109.8,120,96.2,99.2,24.06,25,21.34,21.74
44.44,2205,247.9,100,0,-0.4,5,11899,0,0.04,109.8,120,96.2,99.2,24.06,25,21.34,21.74
44.48,2208,247.9,100,0,-0.1,5,11902,0.04,0.04,109.8,120,96.1,99.1,24.06,25,21.34,21.74
44.52,2211,248,100,0,-0.6,5,11904,0.03,0.04,109.8,120,96.1,99.1,24.06,25,21.34,21.74
44.56,2214,248.1,100,0,0.7,5,11907,-0.02,0.04,109.8,120,96.1,99.1,24.06,25,21.33,21.73
44.6,2216,248.1,100,0,-0.7,5,11910,-0.01,0.04,109.8,120,96.1,99.1,24.06,25,21.33,21.73
44.64,2219,248.2,100,0,0,5,11913,0.03,0.04,109.7,119.9,96.1,99.1,24.06,25,21.33,21.73
44.68,2222,248.2,100,0,-0.1,5,11915,-0.02,0.04,109.7,119.9,96.1,99.1,24.06,25,21.33,21.73
44.72,2225,248.3,100,0,0.6,5,11918,0,0.04,109.7,119.9,96.1,99.1,24.05,24.99,21.33,21.73
44.76,2227,248.4,100,0,-0.2,5,11921,-0.01,0.04,109.7,119.9,96.1,99.1,24.05,24.99,21.33,21.73
44.8,2230,248.4,100,0,-0.1,5,11924,0,0.04,109.7,119.9,96,99,24.05,24.99,21.33,21.73
44.84,2233,248.5,100,0,0.4,5,11926,0,0.04,109.7,119.9,96,99,24.05,24.99,21.33,21.73
44.88,2236,248.5,100,0,-0.4,5,11929,-0.01,0.04,109.7,119.9,96,99,24.05,24.99,21.33,21.73
44.92,2238,248.6,100,0,0.5,5,11932,-0.01,0.04,109.7,119.9,96,99,24.05,24.99,21.33,21.73
44.96,2241,248.6,100,0,0.2,5,11935,0.01,0.04,109.7,119.9,96,99,24.05,24.99,21.33,21.73
45,2244,248.7,100,0,0.2,5,11937,0.05,0.04,109.6,119.8,96,99,24.05,24.99,21.32,21.72
45.04,2247,248.8,100,0,-0.5,5,11940,0,0.04,109.6,119.8,96,99,24.05,24.99,21.32,21.72
45.08,2250,248.8,100,0,0,5,11943,-0.01,0.04,109.6,119.8,96,99,24.05,24.99,21.32,21.72
45.12,2252,248.9,100,0,0.5,5,11946,-0.01,0.04,109.6,119.8,96,99,24.05,24.99,21.32,21.72
45.16,2255,248.9,100,0,-0.1,5,11949,0.01,0.04,109.6,119.8,95.9,98.9,24.04,24.98,21.32,21.72
45.2,2258,249,100,0,-0.4,5,11951,0,0.04,109.6,119.8,95.9,98.9,24.04,24.98,21.32,21.72
45.24,2261,249,100,0,-0.4,5,11954,-0.03,0.04,109.6,119.8,95.9,98.9,24.04,24.98,21.32,21.72
45.28,2263,249.1,100,0,-0.2,5,11957,-0.04,0.04,109.6,119.8,95.9,98.9,24.04,24.98,21.32,21.72
45.32,2266,249.2,100,0,0.4,5,11960,0,0.04,109.5,119.7,95.9,98.9,24.04,24.98,21.32,21.72
45.36,2269,249.2,100,0,0.5,5,11962,-0.01,0.04,109.5,119.7,95.9,98.9,24.04,24.98,21.32,21.72
45.4,2272,249.3,100,0,-0.4,5,11965,0.05,0.04,109.5,119.7,95.9,98.9,24.04,24.98,21.32,21.72
45.44,2274,249.3,100,0,-0.9,5,11968,-0.01,0.04,109.5,119.7,95.9,98.9,24.04,24.98,21.31,21.71
45.48,2277,249.4,100,0,0.1,5,11971,0.03,0.04,109.5,119.7,95.8,98.8,24.04,24.98,21.31,21.71
45.52,2280,249.4,100,0,0,5,11973,0.02,0.04,109.5,119.7,95.8,98.8,24.04,24.98,21.31,21.71
45.56,2283,249.5,100,0,0.1,5,11976,0.01,0.04,109.5,119.7,95.8,98.8,24.04,24.98,21.31,21.71
45.6,2286,249.6,100,0,-0.1,5,11979,-0.02,0.04,109.5,119.7,95.8,98.8,24.03,24.97,21.31,21.71
45.64,2288,249.6,100,0,-0.1,5,11982,-0.02,0.04,109.4,119.6,95.8,98.8,24.03,24.97,21.31,21.71
45.68,2291,249.7,100,0,-0.1,5,11984,0,0.04,109.4,119.6,95.8,98.8,24.03,24.97,21.31,21.71
45.72,2294,249.7,100,0,0.2,5,11987,0.03,0.04,109.4,119.6,95.8,98.8,24.03,24.97,21.31,21.71
45.76,2297,249.8,100,0,0.6,5,11990,0.03,0.04,109.4,119.6,95.8,98.8,24.03,24.97,21.31,21.71
45.8,2299,249.8,100,0,-0.4,5,11993,-0.01,0.04,109.4,119.6,95.7,98.7,24.03,24.97,21.31,21.71
45.84,2302,249.9,100,0,0.1,5,11996,-0.01,0.04,109.4,119.6,95.7,98.7,24.03,24.97,21.31,21.71
45.88,2305,250,100,0,0.1,5,11998,0.03,0.04,109.4,119.6,95.7,98.7,24.03,24.97,21.3,21.7
45.92,2308,250,100,0,0,6,10251,0.04,0.04,109.4,119.6,95.7,98.7,24.03,24.97,21.3,21.7
45.96,2310,250.1,100,0,0.3,6,10253,-0.02,0.04,109.4,119.6,95.7,98.7,24.03,24.97,21.3,21.7
46,2313,250.1,100,0,0.8,6,10256,0.02,0.04,109.3,119.5,95.7,98.7,24.03,24.97,21.3,21.7
46.04,2316,250.2,100,0,-0.4,6,10258,0.05,0.04,109.3,119.5,95.7,98.7,24.02,24.96,21.3,21.7
46.08,2319,250.3,100,0,0.2,6,10260,0.03,0.04,109.3,119.5,95.7,98.7,24.02,24.96,21.3,21.7
46.12,2322,250.3,100,0,-0.2,6,10263,0.02,0.04,109.3,119.5,95.7,98.7,24.02,24.96,21.3,21.7
46.16,2324,250.4,100,0,-0.3,6,10265,0,0.04,109.3,119.5,95.6,98.6,24.02,24.96,21.3,21.7
46.2,2327,250.4,100,0,-0.3,6,10267,-0.02,0.04,109.3,119.5,95.6,98.6,24.02,24.96,21.3,21.7
46.24,2330,250.5,100,0,-0.5,6,10270,0.02,0.04,109.3,119.5,95.6,98.6,24.02,24.96,21.3,21.7
46.28,2333,250.5,100,0,-0.6,6,10272,0.01,0.04,109.3,119.5,95.6,98.6,24.02,24.96,21.3,21.7
46.32,2336,250.6,100,0,-0.6,6,10275,0.04,0.04,109.2,119.4,95.6,98.6,24.02,24.96,21.29,21.69
46.36,2338,250.7,100,0,0,6,10277,0,0.04,109.2,119.4,95.6,98.6,24.02,24.96,21.29,21.69
46.4,2341,250.7,100,0,0.5,6,10279,0,0.04,109.2,119.4,95.6,98.6,24.02,24.96,21.29,21.69
46.44,2344,250.8,100,0,-0.6,6,10282,-0.02,0.04,109.2,119.4,95.6,98.6,24.02,24.96,21.29,21.69
46.48,2347,250.8,100,0,0.2,6,10284,-0.03,0.04,109.2,119.4,95.5,98.5,24.01,24.95,21.29,21.69
46.52,2349,250.9,100,0,-0.2,6,10286,-0.03,0.04,109.2,119.4,95.5,98.5,24.01,24.95,21.29,21.69
46.56,2352,250.9,100,0,-0.4,6,10289,0,0.04,109.2,119.4,95.5,98.5,24.01,24.95,21.29,21.69
46.6,2355,251,100,0,0.3,6,10291,-0.01,0.04,109.2,119.4,95.5,98.5,24.01,24.95,21.29,21.69
46.64,2358,251.1,100,0,-0.3,6,10293,-0.01,0.04,109.1,119.3,95.5,98.5,24.01,24.95,21.29,21.69
46.68,2361,251.1,100,0,0.9,6,10296,-0.03,0.04,109.1,119.3,95.5,98.5,24.01,24.95,21.29,21.69
46.72,2363,251.2,100,0,0.1,6,10298,-0.01,0.04,109.1,119.3,95.5,98.5,24.01,24.95,21.29,21.69
46.76,2366,251.2,100,0,0,6,10301,0.01,0.04,109.1,119.3,95.5,98.5,24.01,24.95,21.28,21.68
46.8,2369,251.3,100,0,0.1,6,10303,-0.01,0.04,109.1,119.3,95.4,98.4,24.01,24.95,21.28,21.68
46.84,2372,251.3,100,0,0.4,6,10305,0.01,0.04,109.1,119.3,95.4,98.4,24.01,24.95,21.28,21.68
46.88,2375,251.4,100,0,0.2,6,10308,-0.03,0.04,109.1,119.3,95.4,98.4,24.01,24.95,21.28,21.68
46.92,2377,251.5,100,0,0.1,6,10310,0.01,0.04,109.1,119.3,95.4,98.4,24,24.94,21.28,21.68
46.96,2380,251.5,100,0,0.4,6,10312,0.03,0.04,109.1,119.3,95.4,98.4,24,24.94,21.28,21.68
47,2383,251.6,100,0,-0.2,6,10315,0.01,0.04,109,119.2,95.4,98.4,24,24.94,21.28,21.68
47.04,2386,251.6,100,0,-0.1,6,10317,-0.01,0.04,109,119.2,95.4,98.4,24,24.94,21.28,21.68
47.08,2389,251.7,100,0,-0.6,6,10319,-0.04,0.04,109,119.2,95.4,98.4,24,24.94,21.28,21.68
47.12,2391,251.8,100,0,0,6,10322,0.03,0.04,109,119.2,95.4,98.4,24,24.94,21.28,21.68
47.16,2394,251.8,100,0,-0.5,6,10324,0.01,0.04,109,119.2,95.3,98.3,24,24.94,21.28,21.68
47.2,2397,251.9,100,0,-0.3,6,10326,0.01,0.04,109,119.2,95.3,98.3,24,24.94,21.27,21.67
47.24,2400,251.9,100,0,-0.5,6,10329,0.02,0.04,109,119.2,95.3,98.3,24,24.94,21.27,21.67
47.28,2403,252,100,0,0.6,6,10331,-0.04,0.04,109,119.2,95.3,98.3,24,24.94,21.27,21.67
47.32,2405,252,100,0,0.3,6,10334,-0.02,0.04,108.9,119.1,95.3,98.3,24,24.94,21.27,21.67
47.36,2408,252.1,100,0,-0.2,6,10336,-0.01,0.04,108.9,119.1,95.3,98.3,23.99,24.93,21.27,21.67
47.4,2411,252.2,100,0,0.1,6,10338,0.01,0.04,108.9,119.1,95.3,98.3,23.99,24.93,21.27,21.67
47.44,2414,252.2,100,0,-0.3,6,10341,-0.03,0.04,108.9,119.1,95.3,98.3,23.99,24.93,21.27,21.67
47.48,2417,252.3,100,0,0.1,6,10343,-0.03,0.04,108.9,119.1,95.2,98.2,23.99,24.93,21.27,21.67
47.52,2419,252.3,100,0,-0.1,6,10345,0,0.04,108.9,119.1,95.2,98.2,23.99,24.93,21.27,21.67
47.56,2422,252.4,100,0,0.1,6,10348,-0.04,0.04,108.9,119.1,95.2,98.2,23.99,24.93,21.27,21.67
47.6,2425,252.4,100,0,-0.5,6,10350,-0.01,0.04,108.9,119.1,95.2,98.2,23.99,24.93,21.27,21.67
47.64,2428,252.5,100,0,0.2,6,10352,-0.01,0.04,108.8,119,95.2,98.2,23.99,24.93,21.26,21.66
47.68,2431,252.6,100,0,0.4,6,10355,0.03,0.04,108.8,119,95.2,98.2,23.99,24.93,21.26,21.66
47.72,2433,252.6,100,0,-0.2,6,10357,0.01,0.04,108.8,119,95.2,98.2,23.99,24.93,21.26,21.66
47.76,2436,252.7,100,0,-0.7,6,10360,0.01,0.04,108.8,119,95.2,98.2,23.99,24.93,21.26,21.66
47.8,2439,252.7,100,0,-0.2,6,10362,-0.02,0.04,108.8,119,95.1,98.1,23.99,24.93,21.26,21.66
47.84,2442,252.8,100,0,0,6,10364,0.01,0.04,108.8,119,95.1,98.1,23.98,24.92,21.26,21.66
47.88,2445,252.8,100,0,-0.6,6,10367,0.02,0.04,108.8,119,95.1,98.1,23.98,24.92,21.26,21.66
47.92,2447,252.9,100,0,0.4,6,10369,0.01,0.04,108.8,119,95.1,98.1,23.98,24.92,21.26,21.66
47.96,2450,253,100,0,0.1,6,10371,-0.04,0.04,108.8,119,95.1,98.1,23.98,24.92,21.26,21.66
48,2453,253,100,0,0.7,6,10374,-0.02,0.04,108.7,118.9,95.1,98.1,23.98,24.92,21.26,21.66
48.04,2456,253.1,100,0,0,6,10376,0.03,0.04,108.7,118.9,95.1,98.1,23.98,24.92,21.26,21.66
48.08,2459,253.1,100,0,-0.6,6,10378,-0.01,0.04,108.7,118.9,95.1,98.1,23.98,24.92,21.25,21.65
48.12,2461,253.2,100,0,1,6,10381,0,0.04,108.7,118.9,95.1,98.1,23.98,24.92,21.25,21.65
48.16,2464,253.2,100,0,-0.5,6,10383,0.01,0.04,108.7,118.9,95,98,23.98,24.92,21.25,21.65
48.2,2467,253.3,100,0,-0.5,6,10386,-0.02,0.04,108.7,118.9,95,98,23.98,24.92,21.25,21.65
48.24,2470,253.4,100,0,0,6,10388,0,0.04,108.7,118.9,95,98,23.98,24.92,21.25,21.65
48.28,2473,253.4,100,0,-0.3,6,10390,0.01,0.04,108.7,118.9,95,98,23.97,24.91,21.25,21.65
48.32,2476,253.5,100,0,-0.4,6,10393,-0.02,0.04,108.6,118.8,95,98,23.97,24.91,21.25,21.65
48.36,2478,253.5,100,0,0.4,6,10395,-0.02,0.04,108.6,118.8,95,98,23.97,24.91,21.25,21.65
48.4,2481,253.6,100,0,0.5,6,10397,0.01,0.04,108.6,118.8,95,98,23.97,24.91,21.25,21.65
48.44,2484,253.7,100,0,-0.2,6,10400,-0.01,0.04,108.6,118.8,95,98,23.97,24.91,21.25,21.65
48.48,2487,253.7,100,0,-0.3,6,10402,0.01,0.04,108.6,118.8,94.9,97.9,23.97,24.91,21.25,21.65
48.52,2490,253.8,100,0,-0.5,6,10404,-0.01,0.04,108.6,118.8,94.9,97.9,23.97,24.91,21.25,21.65
48.56,2492,253.8,100,0,0.1,6,10407,0.01,0.04,108.6,118.8,94.9,97.9,23.97,24.91,21.24,21.64
48.6,2495,253.9,100,0,-0.5,6,10409,-0.01,0.04,108.6,118.8,94.9,97.9,23.97,24.91,21.24,21.64
48.64,2498,253.9,100,0,0.6,6,10412,-0.01,0.04,108.5,118.7,94.9,97.9,23.97,24.91,21.24,21.64
48.68,2501,254,100,0,-0.1,6,10414,0.04,0.04,108.5,118.7,94.9,97.9,23.97,24.91,21.24,21.64
48.72,2504,254.1,100,0,0.3,6,10416,0,0.04,108.5,118.7,94.9,97.9,23.96,24.9,21.24,21.64
48.76,2507,254.1,100,0,-0.2,6,10419,0.01,0.04,108.5,118.7,94.9,97.9,23.96,24.9,21.24,21.64
48.8,2509,254.2,100,0,0.1,6,10421,-0.01,0.04,108.5,118.7,94.8,97.8,23.96,24.9,21.24,21.64
48.84,2512,254.2,100,0,-0.9,6,10423,0,0.04,108.5,118.7,94.8,97.8,23.96,24.9,21.24,21.64
48.88,2515,254.3,100,0,0.3,6,10426,-0.01,0.04,108.5,118.7,94.8,97.8,23.96,24.9,21.24,21.64
48.92,2518,254.3,100,0,-0.3,6,10428,0,0.04,108.5,118.7,94.8,97.8,23.96,24.9,21.24,21.64
48.96,2521,254.4,100,0,-0.3,6,10430,0.01,0.04,108.5,118.7,94.8,97.8,23.96,24.9,21.24,21.64
49,2523,254.5,100,0,0.6,6,10433,0.02,0.04,108.4,118.6,94.8,97.8,23.96,24.9,21.23,21.63
49.04,2526,254.5,100,0,0,6,10435,0.01,0.04,108.4,118.6,94.8,97.8,23.96,24.9,21.23,21.63
49.08,2529,254.6,100,0,0.2,6,10437,0.01,0.04,108.4,118.6,94.8,97.8,23.96,24.9,21.23,21.63
49.12,2532,254.6,100,0,0.8,6,10440,-0.02,0.04,108.4,118.6,94.8,97.8,23.96,24.9,21.23,21.63
49.16,2535,254.7,100,0,0.6,6,10442,0,0.04,108.4,118.6,94.7,97.7,23.95,24.89,21.23,21.63
49.2,2538,254.7,100,0,-0.6,6,10445,-0.02,0.04,108.4,118.6,94.7,97.7,23.95,24.89,21.23,21.63
49.24,2540,254.8,100,0,0.3,6,10447,-0.02,0.04,108.4,118.6,94.7,97.7,23.95,24.89,21.23,21.63
49.28,2543,254.9,100,0,0.6,6,10449,0,0.04,108.4,118.6,94.7,97.7,23.95,24.89,21.23,21.63
49.32,2546,254.9,100,0,0.8,6,10452,-0.02,0.04,108.3,118.5,94.7,97.7,23.95,24.89,21.23,21.63
49.36,2549,255,100,0,-0.2,6,10454,0,0.04,108.3,118.5,94.7,97.7,23.95,24.89,21.23,21.63
49.4,2552,254.6,0,6,0,6,10438,0,-4.2,108.4,118.7,94.7,97.7,23.95,24.9,21.23,21.63
49.44,2555,253.6,0,15,1.4,6,10399,0,-4.2,108.4,118.8,94.7,97.7,23.96,24.91,21.23,21.63
49.48,2557,252,0,25,1,6,10333,0,-4.2,108.5,118.9,94.7,97.7,23.96,24.92,21.23,21.63
49.52,2560,249.9,0,34,-0.5,5,11993,0,-4.2,108.5,119,94.7,97.7,23.96,24.93,21.23,21.63
49.56,2563,247.1,0,43,0.4,5,11861,0,-4.2,108.5,119.1,94.7,97.7,23.96,24.93,21.23,21.63
49.6,2566,243.7,0,53,1,5,11698,0,-4.2,108.6,119.3,94.7,97.7,23.97,24.94,21.23,21.63
49.64,2568,239.7,0,62,-0.3,5,11508,0,-4.2,108.6,119.4,94.7,97.7,23.97,24.95,21.23,21.63
49.68,2571,235.3,0,70,-0.3,5,11293,0,-4.2,108.7,119.5,94.7,97.7,23.97,24.96,21.23,21.63
49.72,2574,230.2,0,79,-0.1,5,11050,0,-4.2,108.7,119.6,94.7,97.7,23.98,24.97,21.23,21.63
49.76,2576,224.8,0,85,-1,5,10789,0,-4.2,108.7,119.7,94.7,97.7,23.98,24.98,21.23,21.63
49.8,2579,219.3,0,85,0.3,5,10528,0,-4.2,108.8,119.9,94.7,97.7,23.98,24.99,21.23,21.63
49.84,2581,213.9,0,85,-0.7,5,10267,0,-4.2,108.8,120,94.7,97.7,23.99,25,21.23,21.63
49.88,2584,208.4,0,85,-1.5,4,12090,0,-4.2,108.9,120.1,94.7,97.7,23.99,25.01,21.23,21.63
49.92,2586,203,0,85,-0.7,4,11774,0,-4.2,108.9,120.2,94.7,97.7,23.99,25.02,21.23,21.63
49.96,2588,197.6,0,85,-0.8,4,11459,0,-4.2,108.9,120.3,94.7,97.7,23.99,25.02,21.23,21.63
50,2590,192.1,0,85,0.5,4,11143,0,-4.2,109,120.5,94.7,97.7,24,25.03,21.23,21.63
50.04,2593,186.7,0,85,0.5,4,10828,0,-4.2,109,120.6,94.7,97.7,24,25.04,21.23,21.63
50.08,2595,181.2,0,85,0.4,4,10512,0,-4.2,109.1,120.7,94.7,97.7,24,25.05,21.23,21.63
50.12,2597,175.8,0,85,0.4,4,10197,0,-4.2,109.1,120.8,94.7,97.7,24.01,25.06,21.23,21.63
50.16,2599,170.4,0,85,0.9,4,9881,0,-4.2,109.1,120.9,94.7,97.7,24.01,25.07,21.23,21.63
50.2,2600,164.9,0,85,-0.6,3,11545,0,-4.2,109.2,121.1,94.7,97.7,24.01,25.08,21.23,21.63
50.24,2602,159.5,0,85,1.5,3,11164,0,-4.2,109.2,121.2,94.7,97.7,24.02,25.09,21.23,21.63
50.28,2604,154,0,85,0.1,3,10783,0,-4.2,109.3,121.3,94.7,97.7,24.02,25.1,21.23,21.63
50.32,2606,148.6,0,85,0.2,3,10403,0,-4.2,109.3,121.4,94.7,97.7,24.02,25.11,21.23,21.63
50.36,2607,145,0,85,-0.7,3,10150,0,-4.2,109.3,121.5,94.7,97.7,24.02,25.11,21.23,21.63
50.4,2609,145,0,85,-0.4,3,10150,0,-4.2,109.4,121.7,94.7,97.7,24.03,25.12,21.23,21.63
50.44,2611,145,0,85,1.1,3,10150,0,-4.2,109.4,121.8,94.7,97.7,24.03,25.13,21.23,21.63
50.48,2612,145,0,85,-0.7,3,10150,0,-4.2,109.5,121.9,94.7,97.7,24.03,25.14,21.23,21.63
50.52,2614,145,0,85,-0.6,3,10150,0,-4.2,109.5,122,94.7,97.7,24.04,25.15,21.23,21.63
50.56,2615,145,0,85,0.2,3,10150,0,-4.2,109.5,122.1,94.7,97.7,24.04,25.16,21.23,21.63
50.6,2617,145,0,85,0.4,3,10150,0,-4.2,109.6,122.3,94.7,97.7,24.04,25.17,21.23,21.63
50.64,2619,145,0,85,-0.1,3,10150,0,-4.2,109.6,122.4,94.7,97.7,24.05,25.18,21.23,21.63
50.68,2620,145,0,85,-1.2,3,10150,0,-4.2,109.7,122.5,94.7,97.7,24.05,25.19,21.23,21.63
50.72,2622,145,0,85,0.9,3,10150,0,-4.2,109.7,122.6,94.7,97.7,24.05,25.2,21.23,21.63
50.76,2624,145,0,85,-0.5,3,10150,0,-4.2,109.7,122.7,94.7,97.7,24.05,25.2,21.23,21.63
50.8,2625,145,0,85,-0.7,3,10150,0,-4.2,109.8,122.9,94.7,97.7,24.06,25.21,21.23,21.63
50.84,2627,145,0,85,-0.2,3,10150,-0.01,-1.4,109.8,123,94.7,97.7,24.06,25.22,21.23,21.63
50.88,2628,145,0,83,-1,3,10150,-0.05,-1.37,109.9,123.1,94.7,97.7,24.06,25.23,21.23,21.63
50.92,2630,145,0,81,-2.9,3,10150,-0.1,-1.35,109.9,123.2,94.7,97.7,24.07,25.24,21.23,21.63
50.96,2632,145,0,79,-4.7,3,10150,-0.15,-1.32,109.9,123.3,94.7,97.7,24.07,25.25,21.23,21.63
51,2633,145,0,77,-5.3,3,10150,-0.2,-1.3,110,123.5,94.7,97.7,24.07,25.26,21.23,21.63
51.04,2635,145,0,75,-7.5,3,10150,-0.24,-1.28,110,123.6,94.7,97.7,24.08,25.27,21.23,21.63
51.08,2636,145,0,73,-8.7,3,10150,-0.29,-1.25,110.1,123.7,94.7,97.7,24.08,25.28,21.23,21.63
51.12,2638,145,0,71,-9.7,3,10150,-0.34,-1.23,110.1,123.8,94.7,97.7,24.08,25.29,21.23,21.63
51.16,2640,145,0,69,-11.1,3,10150,-0.39,-1.2,110.1,123.9,94.7,97.7,24.08,25.29,21.23,21.63
51.2,2641,145,0,67,-12.3,3,10150,-0.43,-1.18,110.2,124.1,94.7,97.7,24.09,25.3,21.23,21.63
51.24,2643,145,0,65,-14.1,3,10150,-0.48,-1.16,110.2,124.2,94.7,97.7,24.09,25.31,21.23,21.63
51.28,2644,145,0,63,-14.8,3,10150,-0.53,-1.13,110.3,124.3,94.7,97.7,24.09,25.32,21.23,21.63
51.32,2646,145,0,61,-17,3,10150,-0.58,-1.11,110.3,124.4,94.7,97.7,24.1,25.33,21.23,21.63
51.36,2648,145,0,59,-17.8,3,10150,-0.62,-1.08,110.3,124.5,94.7,97.7,24.1,25.34,21.23,21.63
51.4,2649,145,0,57,-19.2,3,10150,-0.67,-1.06,110.4,124.7,94.7,97.7,24.1,25.35,21.23,21.63
51.44,2651,145,0,56,-21.2,3,10150,-0.72,-1.03,110.4,124.8,94.7,97.7,24.11,25.36,21.23,21.63
51.48,2653,145,0,54,-21.8,3,10150,-0.77,-1.01,110.5,124.9,94.7,97.7,24.11,25.37,21.23,21.63
51.52,2654,145,0,52,-24,3,10150,-0.81,-0.99,110.5,125,94.7,97.7,24.11,25.38,21.23,21.63
51.56,2656,145,0,50,-25,3,10150,-0.86,-0.96,110.5,125.1,94.7,97.7,24.11,25.38,21.23,21.63
51.6,2657,145,0,49,-25.8,3,10150,-0.91,-0.94,110.6,125.3,94.7,97.7,24.12,25.39,21.23,21.63
51.64,2659,145,0,47,-26.9,3,10150,-0.96,-0.91,110.6,125.4,94.7,97.7,24.12,25.4,21.23,21.63
51.68,2661,145,0,45,-28.6,3,10150,-1,-0.89,110.7,125.5,94.7,97.7,24.12,25.41,21.23,21.63
51.72,2662,145,0,43,-29.1,3,10150,-1.05,-0.87,110.7,125.6,94.7,97.7,24.13,25.42,21.23,21.63
51.76,2664,145,0,42,-30.5,3,10150,-1.1,-0.84,110.7,125.7,94.7,97.7,24.13,25.43,21.23,21.63
51.8,2665,145,0,40,-31.5,3,10150,-1.15,-0.82,110.8,125.9,94.7,97.7,24.13,25.44,21.23,21.63
51.84,2667,145,0,38,-32.7,3,10150,-1.19,-0.79,110.8,126,94.7,97.7,24.14,25.45,21.23,21.63
51.88,2669,145,0,37,-34.3,3,10150,-1.24,-0.77,110.9,126.1,94.7,97.7,24.14,25.46,21.23,21.63
51.92,2670,145,0,35,-34.6,3,10150,-1.29,-0.75,110.9,126.2,94.7,97.7,24.14,25.47,21.23,21.63
51.96,2672,145,0,34,-36.1,3,10150,-1.34,-0.72,110.9,126.3,94.7,97.7,24.14,25.47,21.23,21.63
52,2673,145,0,32,-36.5,3,10150,-1.38,-0.7,111,126.5,94.7,97.7,24.15,25.48,21.23,21.63
52.04,2675,145,0,30,-37.3,3,10150,-1.43,-0.67,111,126.6,94.7,97.7,24.15,25.49,21.23,21.63
52.08,2677,145,0,29,-38.1,3,10150,-1.48,-0.65,111.1,126.7,94.7,97.7,24.15,25.5,21.23,21.63
52.12,2678,145,0,27,-40.4,3,10150,-1.53,-0.62,111.1,126.8,94.7,97.7,24.16,25.51,21.23,21.63
52.16,2680,145,0,26,-40.6,3,10150,-1.57,-0.6,111.1,126.9,94.7,97.7,24.16,25.52,21.23,21.63
52.2,2682,145,0,25,-42,3,10150,-1.62,-0.58,111.2,127.1,94.7,97.7,24.16,25.53,21.23,21.63
52.24,2683,145,0,23,-42.5,3,10150,-1.67,-0.55,111.2,127.2,94.7,97.7,24.17,25.54,21.23,21.63
52.28,2685,145,0,22,-43.5,3,10150,-1.72,-0.53,111.3,127.3,94.7,97.7,24.17,25.55,21.23,21.63
52.32,2686,145,0,20,-44.1,3,10150,-1.76,-0.5,111.3,127.4,94.7,97.7,24.17,25.56,21.23,21.63
52.36,2688,145,0,19,-44.4,3,10150,-1.81,-0.48,111.3,127.5,94.7,97.7,24.17,25.56,21.23,21.63
52.4,2690,145,0,18,-45.9,3,10150,-1.86,-0.46,111.4,127.7,94.7,97.7,24.18,25.57,21.23,21.63
52.44,2691,145,0,16,-46.2,3,10150,-1.91,-0.43,111.4,127.8,94.7,97.7,24.18,25.58,21.23,21.63
52.48,2693,145,0,15,-46.7,3,10150,-1.95,-0.41,111.5,127.9,94.7,97.7,24.18,25.59,21.23,21.63
52.52,2694,145,0,14,-47.8,3,10150,-2,-0.38,111.5,128,94.7,97.7,24.19,25.6,21.23,21.63
52.56,2696,145,0,13,-47.8,3,10150,-2.05,-0.36,111.5,128.1,94.7,97.7,24.19,25.61,21.23,21.63
52.6,2698,145,0,11,-48.8,3,10150,-2.1,-0.33,111.6,128.3,94.7,97.7,24.19,25.62,21.23,21.63
52.64,2699,145,0,10,-49.5,3,10150,-2.14,-0.31,111.6,128.4,94.7,97.7,24.2,25.63,21.23,21.63
52.68,2701,145,0,9,-49.9,3,10150,-2.19,-0.29,111.7,128.5,94.7,97.7,24.2,25.64,21.23,21.63
52.72,2702,145,0,8,-49.5,3,10150,-2.24,-0.26,111.7,128.6,94.7,97.7,24.2,25.65,21.23,21.63
52.76,2704,145,0,7,-49.7,3,10150,-2.29,-0.24,111.7,128.7,94.7,97.7,24.2,25.65,21.23,21.63
52.8,2706,145,0,6,-50.5,3,10150,-2.33,-0.21,111.8,128.9,94.7,97.7,24.21,25.66,21.23,21.63
52.84,2707,145,0,5,-50.7,3,10150,-2.38,-0.19,111.8,129,94.7,97.7,24.21,25.67,21.23,21.63
52.88,2709,145,0,4,-51.3,3,10150,-2.43,-0.17,111.9,129.1,94.7,97.7,24.21,25.68,21.23,21.63
52.92,2711,145,0,3,-51.8,3,10150,-2.48,-0.14,111.9,129.2,94.7,97.7,24.22,25.69,21.23,21.63
52.96,2712,145,0,3,-51.5,3,10150,-2.52,-0.12,111.9,129.3,94.7,97.7,24.22,25.7,21.23,21.63
53,2714,145,0,2,-52.6,3,10150,-2.57,-0.09,112,129.5,94.7,97.7,24.22,25.71,21.23,21.63
53.04,2715,145,0,1,-51.8,3,10150,-2.62,-0.07,112,129.6,94.7,97.7,24.23,25.72,21.23,21.63
53.08,2717,145,0,1,-52.2,3,10150,-2.67,-0.05,112.1,129.7,94.7,97.7,24.23,25.73,21.23,21.63
53.12,2719,145,0,0,-52.4,3,10150,-2.71,-0.02,112.1,129.8,94.7,97.7,24.23,25.74,21.23,21.63
53.16,2720,145,0,0,-52,3,10150,-3.4,0,112.1,129.8,94.7,97.7,24.23,25.74,21.23,21.63
53.2,2722,145,2,0,-51.2,3,10150,-3.37,0.01,112.1,129.8,94.8,97.8,24.23,25.74,21.23,21.63
53.24,2723,145,3,0,-51.8,3,10150,-3.35,0.01,112.1,129.8,94.8,97.8,24.23,25.74,21.23,21.63
53.28,2725,145,5,0,-51.3,3,10151,-3.32,0.02,112.1,129.8,94.8,97.8,24.23,25.74,21.24,21.64
53.32,2727,145,6,0,-50.4,3,10151,-3.3,0.02,112.1,129.8,94.9,97.9,24.23,25.74,21.24,21.64
53.36,2728,145,7,0,-49.3,3,10152,-3.28,0.03,112.1,129.8,94.9,97.9,24.23,25.74,21.24,21.64
53.4,2730,145,8,0,-48.7,3,10152,-3.25,0.04,112.1,129.8,94.9,97.9,24.23,25.74,21.24,21.64
53.44,2731,145,10,0,-48.9,3,10153,-3.23,0.04,112.1,129.8,95,98,24.23,25.74,21.25,21.65
53.48,2733,145.1,11,0,-48.2,3,10154,-3.2,0.05,112.1,129.8,95,98,24.23,25.74,21.25,21.65
53.52,2735,145.1,12,0,-47.5,3,10154,-3.18,0.05,112.1,129.8,95,98,24.23,25.74,21.25,21.65
53.56,2736,145.1,13,0,-47.1,3,10155,-3.15,0.06,112.1,129.8,95.1,98.1,24.23,25.74,21.26,21.66
53.6,2738,145.1,14,0,-46.9,3,10156,-3.13,0.06,112.1,129.8,95.1,98.1,24.23,25.74,21.26,21.66
53.64,2740,145.1,15,0,-45.9,3,10157,-3.1,0.07,112.1,129.8,95.1,98.1,24.23,25.74,21.26,21.66
53.68,2741,145.1,16,0,-45.6,3,10159,-3.08,0.08,112.1,129.8,95.2,98.2,24.23,25.74,21.26,21.66
53.72,2743,145.1,17,0,-45.5,3,10160,-3.06,0.08,112.1,129.8,95.2,98.2,24.23,25.74,21.27,21.67
53.76,2744,145.2,18,0,-44.6,3,10161,-3.03,0.09,112.1,129.8,95.2,98.2,24.23,25.74,21.27,21.67
53.8,2746,145.2,19,0,-44.4,3,10162,-3.01,0.09,112.1,129.8,95.3,98.3,24.23,25.74,21.27,21.67
53.84,2748,145.2,20,0,-44.2,3,10164,-2.98,0.1,112.1,129.8,95.3,98.3,24.23,25.74,21.27,21.67
53.88,2749,145.2,21,0,-43.6,3,10165,-2.96,0.11,112.1,129.8,95.3,98.3,24.23,25.74,21.28,21.68
53.92,2751,145.2,22,0,-43.1,3,10167,-2.93,0.11,112.1,129.8,95.4,98.4,24.23,25.74,21.28,21.68
53.96,2752,145.3,23,0,-41.5,3,10168,-2.91,0.12,112.1,129.8,95.4,98.4,24.23,25.74,21.28,21.68
54,2754,145.3,24,0,-41.8,3,10170,-2.89,0.12,112.1,129.8,95.5,98.5,24.23,25.74,21.28,21.68
54.04,2756,145.3,25,0,-41.2,3,10172,-2.86,0.13,112.1,129.8,95.5,98.5,24.23,25.74,21.29,21.69
54.08,2757,145.3,26,0,-41.4,3,10174,-2.84,0.13,112.1,129.8,95.5,98.5,24.23,25.74,21.29,21.69
54.12,2759,145.4,27,0,-40.9,3,10175,-2.81,0.14,112.1,129.8,95.6,98.6,24.23,25.74,21.29,21.69
54.16,2761,145.4,28,0,-40.4,3,10177,-2.79,0.15,112.1,129.8,95.6,98.6,24.23,25.74,21.29,21.69
54.2,2762,145.4,29,0,-40.1,3,10179,-2.76,0.15,112.1,129.8,95.6,98.6,24.23,25.74,21.3,21.7
54.24,2764,145.5,30,0,-39.7,3,10182,-2.74,0.16,112.1,129.8,95.7,98.7,24.23,25.74,21.3,21.7
54.28,2765,145.5,31,0,-39.2,3,10184,-2.71,0.16,112.1,129.8,95.7,98.7,24.23,25.74,21.3,21.7
54.32,2767,145.5,32,0,-37.8,3,10186,-2.69,0.17,112.1,129.8,95.7,98.7,24.23,25.74,21.3,21.7
54.36,2769,145.5,33,0,-37.3,3,10188,-2.67,0.18,112.1,129.8,95.8,98.8,24.23,25.74,21.31,21.71
54.4,2770,145.6,34,0,-37.7,3,10191,-2.64,0.18,112.1,129.8,95.8,98.8,24.23,25.74,21.31,21.71
54.44,2772,145.6,35,0,-37.2,3,10193,-2.62,0.19,112.1,129.8,95.8,98.8,24.23,25.74,21.31,21.71
54.48,2773,145.7,36,0,-36.3,3,10196,-2.59,0.19,112.1,129.8,95.9,98.9,24.23,25.74,21.32,21.72
54.52,2775,145.7,37,0,-36.6,3,10198,-2.57,0.2,112.1,129.8,95.9,98.9,24.23,25.74,21.32,21.72
54.56,2777,145.7,37,0,-35.4,3,10201,-2.54,0.2,112.1,129.8,95.9,98.9,24.23,25.74,21.32,21.72
54.6,2778,145.8,38,0,-34.4,3,10203,-2.52,0.21,112.1,129.8,96,99,24.23,25.74,21.32,21.72
54.64,2780,145.8,39,0,-34.3,3,10206,-2.49,0.22,112.1,129.8,96,99,24.23,25.74,21.33,21.73
54.68,2782,145.8,40,0,-34.2,3,10209,-2.47,0.22,112.1,129.8,96,99,24.23,25.74,21.33,21.73
54.72,2783,145.9,41,0,-33.9,3,10212,-2.45,0.23,112.1,129.8,96.1,99.1,24.23,25.74,21.33,21.73
54.76,2785,145.9,42,0,-33.4,3,10215,-2.42,0.23,112.1,129.8,96.1,99.1,24.23,25.74,21.33,21.73
54.8,2786,146,43,0,-32.2,3,10218,-2.4,0.24,112.1,129.8,96.2,99.2,24.23,25.74,21.34,21.74
54.84,2788,146,44,0,-32.4,3,10221,-2.37,0.25,112.1,129.8,96.2,99.2,24.23,25.74,21.34,21.74
54.88,2790,146.1,45,0,-31.4,3,10224,-2.35,0.25,112.1,129.8,96.2,99.2,24.23,25.74,21.34,21.74
54.92,2791,146.1,45,0,-31.4,3,10227,-2.32,0.26,112.1,129.8,96.3,99.3,24.23,25.74,21.34,21.74
54.96,2793,146.1,46,0,-31.2,3,10230,-2.3,0.26,112.1,129.8,96.3,99.3,24.23,25.74,21.35,21.75
55,2795,146.2,47,0,-30.6,3,10233,-2.27,0.27,112.1,129.8,96.3,99.3,24.23,25.74,21.35,21.75
55.04,2796,146.2,48,0,-30.2,3,10237,-2.25,0.27,112.1,129.8,96.4,99.4,24.23,25.74,21.35,21.75
55.08,2798,146.3,49,0,-29.7,3,10240,-2.22,0.28,112.1,129.8,96.4,99.4,24.23,25.74,21.35,21.75
55.12,2799,146.3,50,0,-29.1,3,10244,-2.2,0.29,112.1,129.8,96.4,99.4,24.23,25.74,21.36,21.76
55.16,2801,146.4,51,0,-28.7,3,10247,-2.18,0.29,112.1,129.8,96.5,99.5,24.23,25.74,21.36,21.76
55.2,2803,146.4,52,0,-27.8,3,10251,-2.15,0.3,112.1,129.8,96.5,99.5,24.23,25.74,21.36,21.76
55.24,2804,146.5,52,0,-27,3,10254,-2.13,0.3,112.1,129.8,96.5,99.5,24.23,25.74,21.37,21.77
55.28,2806,146.5,53,0,-27.1,3,10258,-2.1,0.31,112.1,129.8,96.6,99.6,24.23,25.74,21.37,21.77
55.32,2808,146.6,54,0,-26.8,3,10262,-2.08,0.32,112.1,129.8,96.6,99.6,24.23,25.74,21.37,21.77
55.36,2809,146.7,55,0,-26.4,3,10266,-2.05,0.32,112.1,129.8,96.6,99.6,24.23,25.74,21.37,21.77
55.4,2811,146.7,56,0,-25.6,3,10270,-2.03,0.33,112.1,129.8,96.7,99.7,24.23,25.74,21.38,21.78
55.44,2812,146.8,57,0,-25.6,3,10274,-2,0.33,112.1,129.8,96.7,99.7,24.23,25.74,21.38,21.78
55.48,2814,146.8,58,0,-25.3,3,10278,-1.98,0.34,112.1,129.8,96.7,99.7,24.23,25.74,21.38,21.78
55.52,2816,146.9,58,0,-24.4,3,10282,-1.95,0.35,112.1,129.8,96.8,99.8,24.23,25.74,21.38,21.78
55.56,2817,146.9,59,0,-23.7,3,10286,-1.93,0.35,112.1,129.8,96.8,99.8,24.23,25.74,21.39,21.79
55.6,2819,147,60,0,-22.8,3,10290,-1.9,0.36,112.1,129.8,96.9,99.9,24.23,25.74,21.39,21.79
55.64,2821,147.1,61,0,-22.9,3,10294,-1.88,0.36,112.1,129.8,96.9,99.9,24.23,25.74,21.39,21.79
55.68,2822,147.1,62,0,-22.1,3,10298,-1.86,0.37,112.1,129.8,96.9,99.9,24.23,25.74,21.39,21.79
55.72,2824,147.2,63,0,-22.5,3,10303,-1.83,0.37,112.1,129.8,97,100,24.23,25.74,21.4,21.8
55.76,2825,147.2,63,0,-21.2,3,10307,-1.81,0.38,112.1,129.8,97,100,24.23,25.74,21.4,21.8
55.8,2827,147.3,64,0,-20.6,3,10311,-1.78,0.39,112.1,129.8,97,100,24.23,25.74,21.4,21.8
55.84,2829,147.4,65,0,-20.5,3,10316,-1.76,0.39,112.1,129.8,97.1,100.1,24.23,25.74,21.4,21.8
55.88,2830,147.4,66,0,-19.5,3,10320,-1.73,0.4,112.1,129.8,97.1,100.1,24.23,25.74,21.41,21.81
55.92,2832,147.5,67,0,-20.2,3,10325,-1.71,0.4,112.1,129.8,97.1,100.1,24.23,25.74,21.41,21.81
55.96,2834,147.6,68,0,-18.9,3,10330,-1.68,0.41,112.1,129.8,97.2,100.2,24.23,25.74,21.41,21.81
56,2835,147.6,68,0,-18.8,3,10334,-1.66,0.42,112.1,129.8,97.2,100.2,24.23,25.74,21.42,21.82
56.04,2837,147.7,69,0,-18,3,10339,-1.63,0.42,112.1,129.8,97.2,100.2,24.23,25.74,21.42,21.82
56.08,2839,147.8,70,0,-17.7,3,10344,-1.61,0.43,112.1,129.8,97.3,100.3,24.23,25.74,21.42,21.82
56.12,2840,147.8,71,0,-17,3,10349,-1.58,0.43,112.1,129.8,97.3,100.3,24.23,25.74,21.42,21.82
56.16,2842,147.9,72,0,-16.9,3,10354,-1.56,0.44,112.1,129.8,97.3,100.3,24.23,25.74,21.43,21.83
56.2,2844,148,73,0,-16.1,3,10359,-1.53,0.45,112.1,129.8,97.4,100.4,24.23,25.74,21.43,21.83
56.24,2845,148.1,73,0,-16.2,3,10364,-1.51,0.45,112.1,129.8,97.4,100.4,24.23,25.74,21.43,21.83
56.28,2847,148.1,74,0,-15.3,3,10369,-1.48,0.46,112.1,129.8,97.4,100.4,24.23,25.74,21.43,21.83
56.32,2848,148.2,75,0,-15.4,3,10374,-1.46,0.46,112.1,129.8,97.5,100.5,24.23,25.74,21.44,21.84
56.36,2850,148.3,76,0,-14.2,3,10379,-1.43,0.47,112.1,129.8,97.5,100.5,24.23,25.74,21.44,21.84
56.4,2852,148.4,77,0,-13.8,3,10385,-1.41,0.48,112.1,129.8,97.6,100.6,24.23,25.74,21.44,21.84
56.44,2853,148.4,78,0,-13.8,3,10390,-1.38,0.48,112.1,129.8,97.6,100.6,24.23,25.74,21.44,21.84
56.48,2855,148.5,78,0,-13,3,10395,-1.36,0.49,112.1,129.8,97.6,100.6,24.23,25.74,21.45,21.85
56.52,2857,148.6,79,0,-12.6,3,10401,-1.33,0.49,112.1,129.8,97.7,100.7,24.23,25.74,21.45,21.85
56.56,2858,148.7,80,0,-12.4,3,10406,-1.31,0.5,112.1,129.8,97.7,100.7,24.23,25.74,21.45,21.85
56.6,2860,148.7,81,0,-11.8,3,10412,-1.28,0.51,112.1,129.8,97.7,100.7,24.23,25.74,21.45,21.85
56.64,2862,148.8,82,0,-10.8,3,10417,-1.26,0.51,112.1,129.8,97.8,100.8,24.23,25.74,21.46,21.86
56.68,2863,148.9,82,0,-10.9,3,10423,-1.23,0.52,112.1,129.8,97.8,100.8,24.23,25.74,21.46,21.86
56.72,2865,149,83,0,-10.4,3,10428,-1.21,0.52,112.1,129.8,97.8,100.8,24.23,25.74,21.46,21.86
56.76,2867,149.1,84,0,-10,3,10434,-1.18,0.53,112.1,129.8,97.9,100.9,24.23,25.74,21.47,21.87
56.8,2868,149.1,85,0,-9.2,3,10440,-1.16,0.54,112.1,129.8,97.9,100.9,24.23,25.74,21.47,21.87
56.84,2870,149.2,86,0,-8,3,10446,-1.13,0.54,112.1,129.8,97.9,100.9,24.23,25.74,21.47,21.87
56.88,2872,149.3,86,0,-8.6,3,10452,-1.11,0.55,112.1,129.8,98,101,24.23,25.74,21.47,21.87
56.92,2873,149.4,87,0,-8,3,10458,-1.08,0.55,112.1,129.8,98,101,24.23,25.74,21.48,21.88
56.96,2875,149.5,88,0,-8,3,10464,-1.06,0.56,112.1,129.8,98,101,24.23,25.74,21.48,21.88
57,2877,149.6,89,0,-6.7,3,10470,-1.03,0.57,112.1,129.8,98.1,101.1,24.23,25.74,21.48,21.88
57.04,2878,149.7,90,0,-6.3,3,10476,-1.01,0.57,112.1,129.8,98.1,101.1,24.23,25.74,21.48,21.88
57.08,2880,149.7,90,0,-6.1,3,10482,-0.98,0.58,112.1,129.8,98.1,101.1,24.23,25.74,21.49,21.89
57.12,2882,149.8,91,0,-6.1,3,10488,-0.96,0.58,112.1,129.8,98.2,101.2,24.23,25.74,21.49,21.89
57.16,2883,149.9,92,0,-4.8,3,10494,-0.93,0.59,112.1,129.8,98.2,101.2,24.23,25.74,21.49,21.89
57.2,2885,150,93,0,-5.3,3,10501,-0.91,0.6,112.1,129.8,98.3,101.3,24.23,25.74,21.49,21.89
57.24,2887,150.1,94,0,-3.7,3,10507,-0.88,0.6,112.1,129.8,98.3,101.3,24.23,25.74,21.5,21.9
57.28,2888,150.2,94,0,-3.6,3,10513,-0.86,0.61,112.1,129.8,98.3,101.3,24.23,25.74,21.5,21.9
57.32,2890,150.3,95,0,-3.5,3,10520,-0.83,0.61,112.1,129.8,98.4,101.4,24.23,25.74,21.5,21.9
57.36,2892,150.4,96,0,-2.3,3,10526,-0.81,0.62,112.1,129.8,98.4,101.4,24.23,25.74,21.5,21.9
57.4,2893,150.5,97,0,-1.7,3,10533,-0.78,0.63,112.1,129.8,98.4,101.4,24.23,25.74,21.51,21.91
57.44,2895,150.6,98,0,-1.4,3,10539,-0.76,0.63,112.1,129.8,98.5,101.5,24.23,25.74,21.51,21.91
57.48,2897,150.7,98,0,-0.7,3,10546,-0.73,0.64,112.1,129.8,98.5,101.5,24.23,25.74,21.51,21.91
57.52,2898,150.8,99,0,-1.3,3,10553,-0.71,0.64,112.1,129.8,98.5,101.5,24.23,25.74,21.51,21.91
57.56,2900,150.8,100,0,-0.6,3,10559,-0.68,0.65,112.1,129.8,98.6,101.6,24.23,25.74,21.52,21.92
57.6,2902,150.9,100,0,0.1,3,10565,0.01,0.05,112.1,129.8,98.6,101.6,24.23,25.74,21.52,21.92
57.64,2903,151,100,0,0.3,3,10570,-0.01,0.05,112.1,129.8,98.5,101.5,24.23,25.73,21.52,21.92
57.68,2905,151.1,100,0,-0.5,3,10575,0.02,0.05,112.1,129.8,98.5,101.5,24.23,25.73,21.51,21.91
57.72,2907,151.2,100,0,-0.2,3,10581,-0.03,0.05,112,129.8,98.5,101.5,24.23,25.73,21.51,21.91
57.76,2908,151.2,100,0,0.4,3,10586,-0.03,0.05,112,129.8,98.5,101.5,24.23,25.73,21.51,21.91
57.8,2910,151.3,100,0,0.3,3,10591,0.03,0.05,112,129.7,98.5,101.5,24.23,25.73,21.51,21.91
57.84,2912,151.4,100,0,-0.6,3,10597,0,0.05,112,129.7,98.5,101.5,24.23,25.73,21.51,21.91
57.88,2913,151.5,100,0,-0.2,3,10602,0.01,0.05,112,129.7,98.5,101.5,24.22,25.73,21.51,21.91
57.92,2915,151.5,100,0,-0.5,3,10607,-0.01,0.05,112,129.7,98.5,101.5,24.22,25.73,21.51,21.91
57.96,2917,151.6,100,0,0,3,10612,0.03,0.05,112,129.7,98.4,101.4,24.22,25.73,21.51,21.91
58,2918,151.7,100,0,-0.2,3,10618,0.04,0.05,112,129.7,98.4,101.4,24.22,25.73,21.51,21.91
58.04,2920,151.8,100,0,-0.6,3,10623,0.02,0.05,111.9,129.7,98.4,101.4,24.22,25.73,21.51,21.91
58.08,2922,151.8,100,0,-0.4,3,10628,0,0.05,111.9,129.7,98.4,101.4,24.22,25.72,21.51,21.91
58.12,2923,151.9,100,0,0.2,3,10633,0,0.05,111.9,129.6,98.4,101.4,24.22,25.72,21.5,21.9
58.16,2925,152,100,0,0,3,10638,0.05,0.05,111.9,129.6,98.4,101.4,24.22,25.72,21.5,21.9
58.2,2927,152.1,100,0,-0.5,3,10644,0.01,0.05,111.9,129.6,98.4,101.4,24.22,25.72,21.5,21.9
58.24,2929,152.1,100,0,-0.7,3,10649,0.01,0.05,111.9,129.6,98.4,101.4,24.22,25.72,21.5,21.9
58.28,2930,152.2,100,0,0,3,10654,-0.01,0.05,111.9,129.6,98.4,101.4,24.22,25.72,21.5,21.9
58.32,2932,152.3,100,0,0.3,3,10659,0,0.05,111.9,129.6,98.3,101.3,24.21,25.72,21.5,21.9
58.36,2934,152.3,100,0,-0.1,3,10664,0.01,0.05,111.9,129.6,98.3,101.3,24.21,25.72,21.5,21.9
58.4,2935,152.4,100,0,-0.7,3,10669,0.03,0.05,111.8,129.6,98.3,101.3,24.21,25.72,21.5,21.9
58.44,2937,152.5,100,0,0,3,10674,0.06,0.05,111.8,129.5,98.3,101.3,24.21,25.72,21.5,21.9
58.48,2939,152.6,100,0,0,3,10680,-0.01,0.05,111.8,129.5,98.3,101.3,24.21,25.72,21.5,21.9
58.52,2940,152.6,100,0,-0.3,3,10685,0.01,0.05,111.8,129.5,98.3,101.3,24.21,25.71,21.5,21.9
58.56,2942,152.7,100,0,-0.1,3,10690,-0.02,0.05,111.8,129.5,98.3,101.3,24.21,25.71,21.5,21.9
58.6,2944,152.8,100,0,0.1,3,10695,0.02,0.05,111.8,129.5,98.3,101.3,24.21,25.71,21.49,21.89
58.64,2945,152.9,100,0,-0.3,3,10700,0,0.05,111.8,129.5,98.2,101.2,24.21,25.71,21.49,21.89
58.68,2947,152.9,100,0,0.8,3,10705,-0.02,0.05,111.8,129.5,98.2,101.2,24.21,25.71,21.49,21.89
58.72,2949,153,100,0,0.3,3,10710,0.04,0.05,111.7,129.5,98.2,101.2,24.21,25.71,21.49,21.89
58.76,2951,153.1,100,0,0.1,3,10715,0,0.05,111.7,129.5,98.2,101.2,24.2,25.71,21.49,21.89
58.8,2952,153.1,100,0,0.1,3,10720,0.02,0.05,111.7,129.4,98.2,101.2,24.2,25.71,21.49,21.89
58.84,2954,153.2,100,0,0.3,3,10725,0,0.05,111.7,129.4,98.2,101.2,24.2,25.71,21.49,21.89
58.88,2956,153.3,100,0,-0.5,3,10730,-0.05,0.05,111.7,129.4,98.2,101.2,24.2,25.71,21.49,21.89
58.92,2957,153.4,100,0,0.2,3,10735,0.02,0.05,111.7,129.4,98.2,101.2,24.2,25.71,21.49,21.89
58.96,2959,153.4,100,0,-0.1,3,10740,-0.02,0.05,111.7,129.4,98.1,101.1,24.2,25.7,21.49,21.89
59,2961,153.5,100,0,0.1,3,10745,0.01,0.05,111.7,129.4,98.1,101.1,24.2,25.7,21.49,21.89
59.04,2962,153.6,100,0,-0.5,3,10750,-0.02,0.05,111.6,129.4,98.1,101.1,24.2,25.7,21.48,21.88
59.08,2964,153.6,100,0,-0.5,3,10755,-0.02,0.05,111.6,129.4,98.1,101.1,24.2,25.7,21.48,21.88
59.12,2966,153.7,100,0,0.3,3,10759,0.02,0.05,111.6,129.3,98.1,101.1,24.2,25.7,21.48,21.88
59.16,2968,153.8,100,0,0.4,3,10764,0.01,0.05,111.6,129.3,98.1,101.1,24.2,25.7,21.48,21.88
59.2,2969,153.8,100,0,0.3,3,10769,0.02,0.05,111.6,129.3,98.1,101.1,24.2,25.7,21.48,21.88
59.24,2971,153.9,100,0,-0.2,3,10774,0.02,0.05,111.6,129.3,98.1,101.1,24.19,25.7,21.48,21.88
59.28,2973,154,100,0,-0.4,3,10779,0.01,0.05,111.6,129.3,98.1,101.1,24.19,25.7,21.48,21.88
59.32,2974,154.1,100,0,0.3,3,10784,-0.01,0.05,111.6,129.3,98,101,24.19,25.7,21.48,21.88
59.36,2976,154.1,100,0,0.2,3,10789,0,0.05,111.6,129.3,98,101,24.19,25.7,21.48,21.88
59.4,2978,154.2,100,0,-0.5,3,10794,0.01,0.05,111.5,129.3,98,101,24.19,25.69,21.48,21.88
59.44,2980,154.3,100,0,-0.6,3,10798,-0.01,0.05,111.5,129.2,98,101,24.19,25.69,21.48,21.88
59.48,2981,154.3,100,0,-0.4,3,10803,0,0.05,111.5,129.2,98,101,24.19,25.69,21.47,21.87
59.52,2983,154.4,100,0,0.4,3,10808,0.03,0.05,111.5,129.2,98,101,24.19,25.69,21.47,21.87
59.56,2985,154.5,100,0,-0.2,3,10813,-0.02,0.05,111.5,129.2,98,101,24.19,25.69,21.47,21.87
59.6,2986,154.5,100,0,0.1,3,10818,0,0.05,111.5,129.2,98,101,24.19,25.69,21.47,21.87
59.64,2988,154.6,100,0,0.3,3,10822,0,0.05,111.5,129.2,97.9,100.9,24.19,25.69,21.47,21.87
59.68,2990,154.7,100,0,0.9,3,10827,0,0.05,111.5,129.2,97.9,100.9,24.18,25.69,21.47,21.87
59.72,2992,154.7,100,0,-0.3,3,10832,0.01,0.05,111.4,129.2,97.9,100.9,24.18,25.69,21.47,21.87
59.76,2993,154.8,100,0,0,3,10837,0,0.05,111.4,129.2,97.9,100.9,24.18,25.69,21.47,21.87
59.8,2995,154.9,100,0,-0.2,3,10841,-0.03,0.05,111.4,129.1,97.9,100.9,24.18,25.69,21.47,21.87
59.84,2997,154.9,100,0,0.6,3,10846,0.03,0.05,111.4,129.1,97.9,100.9,24.18,25.68,21.47,21.87
59.88,2998,155,100,0,0.4,3,10851,-0.01,0.05,111.4,129.1,97.9,100.9,24.18,25.68,21.47,21.87
59.92,3000,155.1,100,0,-0.4,3,10855,-0.01,0.05,111.4,129.1,97.9,100.9,24.18,25.68,21.46,21.86
59.96,3002,155.1,100,0,-0.2,3,10860,0.02,0.05,111.4,129.1,97.8,100.8,24.18,25.68,21.46,21.86
60,3004,155.2,100,0,0.2,3,10865,0,0.05,111.4,129.1,97.8,100.8,24.18,25.68,21.46,21.86
60.04,3005,155.3,100,0,1,3,10869,0.02,0.05,111.3,129.1,97.8,100.8,24.18,25.68,21.46,21.86
60.08,3007,155.3,100,0,0.9,3,10874,-0.01,0.05,111.3,129.1,97.8,100.8,24.18,25.68,21.46,21.86
60.12,3009,155.4,100,0,-0.2,3,10879,0.01,0.05,111.3,129,97.8,100.8,24.17,25.68,21.46,21.86
60.16,3011,155.5,100,0,-0.1,3,10883,0.01,0.05,111.3,129,97.8,100.8,24.17,25.68,21.46,21.86
60.2,3012,155.5,100,0,-0.1,3,10888,0,0.05,111.3,129,97.8,100.8,24.17,25.68,21.46,21.86
60.24,3014,155.6,100,0,-0.2,3,10893,0.01,0.05,111.3,129,97.8,100.8,24.17,25.68,21.46,21.86
60.28,3016,155.7,100,0,0.5,3,10897,0.01,0.05,111.3,129,97.8,100.8,24.17,25.67,21.46,21.86
60.32,3017,155.7,100,0,0.1,3,10902,-0.01,0.05,111.3,129,97.7,100.7,24.17,25.67,21.46,21.86
60.36,3019,155.8,100,0,-0.4,3,10906,0.02,0.05,111.3,129,97.7,100.7,24.17,25.67,21.45,21.85
60.4,3021,155.9,100,0,0.3,3,10911,0,0.05,111.2,129,97.7,100.7,24.17,25.67,21.45,21.85
60.44,3023,155.9,100,0,0.1,3,10916,-0.01,0.05,111.2,128.9,97.7,100.7,24.17,25.67,21.45,21.85
60.48,3024,156,100,0,0,3,10920,0.01,0.05,111.2,128.9,97.7,100.7,24.17,25.67,21.45,21.85
60.52,3026,156.1,100,0,-0.3,3,10925,0,0.05,111.2,128.9,97.7,100.7,24.17,25.67,21.45,21.85
60.56,3028,156.1,100,0,0.4,3,10929,0.01,0.05,111.2,128.9,97.7,100.7,24.16,25.67,21.45,21.85
60.6,3030,156.2,100,0,0.3,3,10934,-0.02,0.05,111.2,128.9,97.7,100.7,24.16,25.67,21.45,21.85
60.64,3031,156.3,100,0,-0.4,3,10938,0,0.05,111.2,128.9,97.6,100.6,24.16,25.67,21.45,21.85
60.68,3033,156.3,100,0,0.6,3,10943,0.01,0.05,111.2,128.9,97.6,100.6,24.16,25.67,21.45,21.85
60.72,3035,156.4,100,0,-0.2,3,10947,0,0.05,111.1,128.9,97.6,100.6,24.16,25.66,21.45,21.85
60.76,3037,156.5,100,0,0.3,3,10952,0.02,0.05,111.1,128.9,97.6,100.6,24.16,25.66,21.45,21.85
60.8,3038,156.5,100,0,-0.2,3,10956,-0.04,0.05,111.1,128.8,97.6,100.6,24.16,25.66,21.44,21.84
60.84,3040,156.6,100,0,0.4,3,10961,0.02,0.05,111.1,128.8,97.6,100.6,24.16,25.66,21.44,21.84
60.88,3042,156.6,100,0,-0.1,3,10965,0.02,0.05,111.1,128.8,97.6,100.6,24.16,25.66,21.44,21.84
60.92,3043,156.7,100,0,-0.3,3,10969,-0.01,0.04,111.1,128.8,97.6,100.6,24.16,25.66,21.44,21.84
60.96,3045,156.8,100,0,-0.1,3,10974,0.02,0.04,111.1,128.8,97.5,100.5,24.16,25.66,21.44,21.84
61,3047,156.8,100,0,-0.4,3,10978,-0.01,0.04,111.1,128.8,97.5,100.5,24.15,25.66,21.44,21.84
61.04,3049,156.9,100,0,0.4,3,10983,0.03,0.04,111,128.8,97.5,100.5,24.15,25.66,21.44,21.84
61.08,3050,157,100,0,-0.2,3,10987,0,0.04,111,128.8,97.5,100.5,24.15,25.66,21.44,21.84
61.12,3052,157,100,0,-0.3,3,10992,0,0.04,111,128.7,97.5,100.5,24.15,25.66,21.44,21.84
61.16,3054,157.1,100,0,0.7,3,10996,0.02,0.04,111,128.7,97.5,100.5,24.15,25.65,21.44,21.84
61.2,3056,157.1,100,0,-0.2,3,11000,0.03,0.04,111,128.7,97.5,100.5,24.15,25.65,21.44,21.84
61.24,3057,157.2,100,0,0.2,3,11005,-0.02,0.04,111,128.7,97.5,100.5,24.15,25.65,21.43,21.83
61.28,3059,157.3,100,0,-0.4,3,11009,-0.02,0.04,111,128.7,97.5,100.5,24.15,25.65,21.43,21.83
61.32,3061,157.3,100,0,-0.4,3,11013,0.01,0.04,111,128.7,97.4,100.4,24.15,25.65,21.43,21.83
61.36,3063,157.4,100,0,-0.2,3,11018,0,0.04,111,128.7,97.4,100.4,24.15,25.65,21.43,21.83
61.4,3064,157.5,100,0,-0.3,3,11022,0.02,0.04,110.9,128.7,97.4,100.4,24.15,25.65,21.43,21.83
61.44,3066,157.5,100,0,0.1,3,11026,0,0.04,110.9,128.6,97.4,100.4,24.14,25.65,21.43,21.83
61.48,3068,157.6,100,0,0,3,11031,0.02,0.04,110.9,128.6,97.4,100.4,24.14,25.65,21.43,21.83
61.52,3070,157.6,100,0,-0.7,3,11035,-0.03,0.04,110.9,128.6,97.4,100.4,24.14,25.65,21.43,21.83
61.56,3071,157.7,100,0,-0.7,3,11039,-0.01,0.04,110.9,128.6,97.4,100.4,24.14,25.65,21.43,21.83
61.6,3073,157.8,100,0,-0.3,3,11043,-0.01,0.04,110.9,128.6,97.4,100.4,24.14,25.65,21.43,21.83
61.64,3075,157.8,100,0,0.1,3,11048,0,0.04,110.9,128.6,97.3,100.3,24.14,25.64,21.43,21.83
61.68,3077,157.9,100,0,-0.6,3,11052,0,0.04,110.9,128.6,97.3,100.3,24.14,25.64,21.42,21.82
61.72,3078,157.9,100,0,-0.4,3,11056,0,0.04,110.8,128.6,97.3,100.3,24.14,25.64,21.42,21.82
61.76,3080,158,100,0,0.8,3,11060,0,0.04,110.8,128.6,97.3,100.3,24.14,25.64,21.42,21.82
61.8,3082,158.1,100,0,0.7,3,11065,-0.03,0.04,110.8,128.5,97.3,100.3,24.14,25.64,21.42,21.82
61.84,3084,158.1,100,0,-0.8,3,11069,-0.01,0.04,110.8,128.5,97.3,100.3,24.14,25.64,21.42,21.82
61.88,3085,158.2,100,0,-0.5,3,11073,0.01,0.04,110.8,128.5,97.3,100.3,24.13,25.64,21.42,21.82
61.92,3087,158.2,100,0,0.3,3,11077,0.03,0.04,110.8,128.5,97.3,100.3,24.13,25.64,21.42,21.82
61.96,3089,158.3,100,0,-0.3,3,11082,-0.01,0.04,110.8,128.5,97.2,100.2,24.13,25.64,21.42,21.82
62,3091,158.4,100,0,0.1,3,11086,-0.01,0.04,110.8,128.5,97.2,100.2,24.13,25.64,21.42,21.82
62.04,3093,158.4,100,0,-0.5,3,11090,0,0.04,110.7,128.5,97.2,100.2,24.13,25.64,21.42,21.82
62.08,3094,158.5,100,0,0.3,3,11094,0.03,0.04,110.7,128.5,97.2,100.2,24.13,25.63,21.42,21.82
62.12,3096,158.5,100,0,-0.2,3,11098,-0.01,0.04,110.7,128.4,97.2,100.2,24.13,25.63,21.41,21.81
62.16,3098,158.6,100,0,0.2,3,11102,0.02,0.04,110.7,128.4,97.2,100.2,24.13,25.63,21.41,21.81
62.2,3100,158.7,100,0,-0.7,3,11106,0.01,0.04,110.7,128.4,97.2,100.2,24.13,25.63,21.41,21.81
62.24,3101,158.7,100,0,-0.2,3,11111,-0.02,0.04,110.7,128.4,97.2,100.2,24.13,25.63,21.41,21.81
62.28,3103,158.8,100,0,0.1,3,11115,-0.04,0.04,110.7,128.4,97.2,100.2,24.13,25.63,21.41,21.81
62.32,3105,158.8,100,0,-0.6,3,11119,0.06,0.04,110.7,128.4,97.1,100.1,24.12,25.63,21.41,21.81
62.36,3107,158.9,100,0,0.6,3,11123,0,0.04,110.7,128.4,97.1,100.1,24.12,25.63,21.41,21.81
62.4,3108,159,100,0,0,3,11127,-0.01,0.04,110.6,128.4,97.1,100.1,24.12,25.63,21.41,21.81
62.44,3110,159,100,0,-0.7,3,11131,0.03,0.04,110.6,128.3,97.1,100.1,24.12,25.63,21.41,21.81
62.48,3112,159.1,100,0,0.5,3,11135,0.01,0.04,110.6,128.3,97.1,100.1,24.12,25.63,21.41,21.81
62.52,3114,159.1,100,0,-0.9,3,11139,-0.02,0.04,110.6,128.3,97.1,100.1,24.12,25.62,21.41,21.81
62.56,3115,159.2,100,0,0.2,3,11143,-0.01,0.04,110.6,128.3,97.1,100.1,24.12,25.62,21.41,21.81
62.6,3117,159.2,100,0,0.3,3,11147,-0.01,0.04,110.6,128.3,97.1,100.1,24.12,25.62,21.4,21.8
62.64,3119,159.3,100,0,0.9,3,11151,0.03,0.04,110.6,128.3,97,100,24.12,25.62,21.4,21.8
62.68,3121,159.4,100,0,0.4,3,11155,-0.01,0.04,110.6,128.3,97,100,24.12,25.62,21.4,21.8
62.72,3123,159.4,100,0,-0.4,3,11159,-0.03,0.04,110.5,128.3,97,100,24.12,25.62,21.4,21.8
62.76,3124,159.5,100,0,-0.2,3,11163,0.01,0.04,110.5,128.3,97,100,24.11,25.62,21.4,21.8
62.8,3126,159.5,100,0,0.2,3,11167,0.03,0.04,110.5,128.2,97,100,24.11,25.62,21.4,21.8
62.84,3128,159.6,100,0,-0.3,3,11171,0.02,0.04,110.5,128.2,97,100,24.11,25.62,21.4,21.8
62.88,3130,159.7,100,0,-0.6,3,11176,-0.01,0.04,110.5,128.2,97,100,24.11,25.62,21.4,21.8
62.92,3131,159.7,100,0,0.3,3,11180,-0.02,0.04,110.5,128.2,97,100,24.11,25.62,21.4,21.8
62.96,3133,159.8,100,0,0.1,3,11184,0.01,0.04,110.5,128.2,96.9,99.9,24.11,25.61,21.4,21.8
63,3135,159.8,100,0,0.8,3,11188,0.02,0.04,110.5,128.2,96.9,99.9,24.11,25.61,21.4,21.8
63.04,3137,159.9,100,0,0.1,3,11192,-0.01,0.04,110.4,128.2,96.9,99.9,24.11,25.61,21.39,21.79
63.08,3138,159.9,100,0,0.6,3,11196,-0.01,0.04,110.4,128.2,96.9,99.9,24.11,25.61,21.39,21.79
63.12,3140,160,100,0,0.3,3,11200,0.02,0.04,110.4,128.1,96.9,99.9,24.11,25.61,21.39,21.79
63.16,3142,160.1,100,0,-0.7,3,9860,0,0.04,110.4,128.1,96.9,99.9,24.11,25.61,21.39,21.79
63.2,3144,160.1,100,0,0.6,3,9863,0.01,0.04,110.4,128.1,96.9,99.9,24.11,25.61,21.39,21.79
63.24,3146,160.2,100,0,0.1,3,9867,0.03,0.04,110.4,128.1,96.9,99.9,24.1,25.61,21.39,21.79
63.28,3147,160.2,100,0,-0.6,3,9870,-0.03,0.04,110.4,128.1,96.9,99.9,24.1,25.61,21.39,21.79
63.32,3149,160.3,100,0,0.6,3,9874,0,0.04,110.4,128.1,96.8,99.8,24.1,25.61,21.39,21.79
63.36,3151,160.3,100,0,0,3,9877,0.02,0.04,110.4,128.1,96.8,99.8,24.1,25.61,21.39,21.79
63.4,3153,160.4,100,0,-0.1,3,9881,0.02,0.04,110.3,128.1,96.8,99.8,24.1,25.6,21.39,21.79
63.44,3155,160.5,100,0,-0.7,3,9884,0.04,0.04,110.3,128,96.8,99.8,24.1,25.6,21.39,21.79
63.48,3156,160.5,100,0,-0.2,3,9888,0,0.04,110.3,128,96.8,99.8,24.1,25.6,21.38,21.78
63.52,3158,160.6,100,0,0.4,3,9891,-0.01,0.04,110.3,128,96.8,99.8,24.1,25.6,21.38,21.78
63.56,3160,160.6,100,0,0,3,9895,0.01,0.04,110.3,128,96.8,99.8,24.1,25.6,21.38,21.78
63.6,3162,160.7,100,0,0.5,3,9898,0.01,0.04,110.3,128,96.8,99.8,24.1,25.6,21.38,21.78
63.64,3163,160.7,100,0,-0.4,3,9902,-0.01,0.04,110.3,128,96.7,99.7,24.1,25.6,21.38,21.78
63.68,3165,160.8,100,0,-0.5,3,9905,0.01,0.04,110.3,128,96.7,99.7,24.09,25.6,21.38,21.78
63.72,3167,160.9,100,0,-0.3,3,9909,0,0.04,110.2,128,96.7,99.7,24.09,25.6,21.38,21.78
63.76,3169,160.9,100,0,-0.3,3,9912,0.01,0.04,110.2,128,96.7,99.7,24.09,25.6,21.38,21.78
63.8,3171,161,100,0,0,3,9916,0,0.04,110.2,127.9,96.7,99.7,24.09,25.6,21.38,21.78
63.84,3172,161,100,0,0.8,3,9919,0.03,0.04,110.2,127.9,96.7,99.7,24.09,25.59,21.38,21.78
63.88,3174,161.1,100,0,-0.2,3,9923,0.02,0.04,110.2,127.9,96.7,99.7,24.09,25.59,21.38,21.78
63.92,3176,161.1,100,0,0.8,3,9926,-0.01,0.04,110.2,127.9,96.7,99.7,24.09,25.59,21.37,21.77
63.96,3178,161.2,100,0,-0.4,3,11284,-0.03,0.04,110.2,127.9,96.6,99.6,24.09,25.59,21.37,21.77
64,3180,161.3,100,0,-0.7,3,11288,0.01,0.04,110.2,127.9,96.6,99.6,24.09,25.59,21.37,21.77
64.04,3181,161.3,100,0,-0.3,3,11292,-0.02,0.04,110.1,127.9,96.6,99.6,24.09,25.59,21.37,21.77
64.08,3183,161.4,100,0,-0.5,3,11296,0,0.04,110.1,127.9,96.6,99.6,24.09,25.59,21.37,21.77
64.12,3185,161.4,100,0,0.1,3,11301,0.01,0.04,110.1,127.8,96.6,99.6,24.08,25.59,21.37,21.77
64.16,3187,161.5,100,0,-0.7,3,11305,0,0.04,110.1,127.8,96.6,99.6,24.08,25.59,21.37,21.77
64.2,3188,161.6,100,0,-0.2,3,11309,0.01,0.04,110.1,127.8,96.6,99.6,24.08,25.59,21.37,21.77
64.24,3190,161.6,100,0,-0.4,3,11313,0.01,0.04,110.1,127.8,96.6,99.6,24.08,25.59,21.37,21.77
64.28,3192,161.7,100,0,-0.1,3,11317,-0.07,0.04,110.1,127.8,96.6,99.6,24.08,25.58,21.37,21.77
64.32,3194,161.7,100,0,-0.1,3,11321,-0.03,0.04,110.1,127.8,96.5,99.5,24.08,25.58,21.37,21.77
64.36,3196,161.8,100,0,0.6,3,11325,0.01,0.04,110.1,127.8,96.5,99.5,24.08,25.58,21.36,21.76
64.4,3197,161.8,100,0,0.5,3,11329,0,0.04,110,127.8,96.5,99.5,24.08,25.58,21.36,21.76
64.44,3199,161.9,100,0,0,3,11333,0.02,0.04,110,127.7,96.5,99.5,24.08,25.58,21.36,21.76
64.48,3201,162,100,0,-0.2,3,11337,-0.01,0.04,110,127.7,96.5,99.5,24.08,25.58,21.36,21.76
64.52,3203,162,100,0,0.1,3,11341,0.01,0.04,110,127.7,96.5,99.5,24.08,25.58,21.36,21.76
64.56,3205,162.1,100,0,0.5,3,11345,0,0.04,110,127.7,96.5,99.5,24.07,25.58,21.36,21.76
64.6,3206,162.1,100,0,0.2,3,11349,-0.03,0.04,110,127.7,96.5,99.5,24.07,25.58,21.36,21.76
64.64,3208,162.2,100,0,0,3,11353,0.01,0.04,110,127.7,96.4,99.4,24.07,25.58,21.36,21.76
64.68,3210,162.2,100,0,0.2,3,11357,-0.01,0.04,110,127.7,96.4,99.4,24.07,25.58,21.36,21.76
64.72,3212,162.3,100,0,0.2,3,11361,-0.02,0.04,109.9,127.7,96.4,99.4,24.07,25.57,21.36,21.76
64.76,3214,162.4,100,0,0.5,3,11365,-0.02,0.04,109.9,127.7,96.4,99.4,24.07,25.57,21.36,21.76
64.8,3215,162.4,100,0,0.7,3,11369,-0.02,0.04,109.9,127.6,96.4,99.4,24.07,25.57,21.35,21.75
64.84,3217,162.5,100,0,0,3,11373,-0.03,0.04,109.9,127.6,96.4,99.4,24.07,25.57,21.35,21.75
64.88,3219,162.5,100,0,-0.1,3,11377,0,0.04,109.9,127.6,96.4,99.4,24.07,25.57,21.35,21.75
64.92,3221,162.6,100,0,-0.1,3,11381,-0.02,0.04,109.9,127.6,96.4,99.4,24.07,25.57,21.35,21.75
64.96,3223,162.6,100,0,-0.3,3,11385,-0.04,0.04,109.9,127.6,96.3,99.3,24.07,25.57,21.35,21.75
65,3225,162.7,100,0,-0.2,3,11389,-0.03,0.04,109.9,127.6,96.3,99.3,24.06,25.57,21.35,21.75
65.04,3226,162.8,100,0,-1,3,11393,-0.02,0.04,109.8,127.6,96.3,99.3,24.06,25.57,21.35,21.75
65.08,3228,162.8,100,0,0.1,3,11397,0.04,0.04,109.8,127.6,96.3,99.3,24.06,25.57,21.35,21.75
65.12,3230,162.9,100,0,-0.4,3,11401,-0.01,0.04,109.8,127.5,96.3,99.3,24.06,25.57,21.35,21.75
65.16,3232,162.9,100,0,0.2,3,11405,-0.01,0.04,109.8,127.5,96.3,99.3,24.06,25.56,21.35,21.75
65.2,3234,163,100,0,-0.3,3,11409,0.02,0.04,109.8,127.5,96.3,99.3,24.06,25.56,21.35,21.75
65.24,3235,163,100,0,-0.1,3,11413,-0.01,0.04,109.8,127.5,96.3,99.3,24.06,25.56,21.34,21.74
65.28,3237,163.1,100,0,0.3,3,11417,0.06,0.04,109.8,127.5,96.3,99.3,24.06,25.56,21.34,21.74
65.32,3239,163.2,100,0,0.3,3,11421,-0.03,0.04,109.8,127.5,96.2,99.2,24.06,25.56,21.34,21.74
65.36,3241,163.2,100,0,0,3,11426,0.01,0.04,109.8,127.5,96.2,99.2,24.06,25.56,21.34,21.74
65.4,3243,163.3,100,0,-0.2,3,11430,0.01,0.04,109.7,127.5,96.2,99.2,24.06,25.56,21.34,21.74
65.44,3244,163.3,100,0,0.1,3,11434,-0.02,0.04,109.7,127.4,96.2,99.2,24.05,25.56,21.34,21.74
65.48,3246,163.4,100,0,0.3,3,11438,-0.02,0.04,109.7,127.4,96.2,99.2,24.05,25.56,21.34,21.74
65.52,3248,163.5,100,0,-0.2,3,11442,0,0.04,109.7,127.4,96.2,99.2,24.05,25.56,21.34,21.74
65.56,3250,163.5,100,0,0.1,3,11446,0,0.04,109.7,127.4,96.2,99.2,24.05,25.56,21.34,21.74
65.6,3252,163.6,100,0,-0.3,3,11450,0,0.04,109.7,127.4,96.2,99.2,24.05,25.56,21.34,21.74
65.64,3254,163.6,100,0,0,3,11454,0,0.04,109.7,127.4,96.1,99.1,24.05,25.55,21.34,21.74
65.68,3255,163.7,100,0,-0.1,3,11458,-0.02,0.04,109.7,127.4,96.1,99.1,24.05,25.55,21.33,21.73
65.72,3257,163.7,100,0,-0.2,3,11462,0,0.04,109.6,127.4,96.1,99.1,24.05,25.55,21.33,21.73
65.76,3259,163.8,100,0,0.2,3,11466,0.01,0.04,109.6,127.4,96.1,99.1,24.05,25.55,21.33,21.73
65.8,3261,163.9,100,0,0,3,11470,0.03,0.04,109.6,127.3,96.1,99.1,24.05,25.55,21.33,21.73
65.84,3263,163.9,100,0,0.4,3,11474,0.02,0.04,109.6,127.3,96.1,99.1,24.05,25.55,21.33,21.73
65.88,3264,164,100,0,0.8,3,11478,-0.01,0.04,109.6,127.3,96.1,99.1,24.04,25.55,21.33,21.73
65.92,3266,164,100,0,0,3,11482,0.02,0.04,109.6,127.3,96.1,99.1,24.04,25.55,21.33,21.73
65.96,3268,164.1,100,0,-0.3,3,11486,-0.02,0.04,109.6,127.3,96,99,24.04,25.55,21.33,21.73
66,3270,164.1,100,0,0.9,3,11490,-0.02,0.04,109.6,127.3,96,99,24.04,25.55,21.33,21.73
66.04,3272,164.2,100,0,0.4,3,11494,0,0.04,109.5,127.3,96,99,24.04,25.55,21.33,21.73
66.08,3274,164.3,100,0,0.5,3,11498,-0.03,0.04,109.5,127.3,96,99,24.04,25.54,21.33,21.73
66.12,3275,164.3,100,0,-0.6,3,11502,0,0.04,109.5,127.2,96,99,24.04,25.54,21.32,21.72
66.16,3277,164.4,100,0,-0.4,3,11506,-0.01,0.04,109.5,127.2,96,99,24.04,25.54,21.32,21.72
66.2,3279,164.4,100,0,-0.1,3,11510,0,0.04,109.5,127.2,96,99,24.04,25.54,21.32,21.72
66.24,3281,164.5,100,0,0,3,11514,-0.01,0.04,109.5,127.2,96,99,24.04,25.54,21.32,21.72
66.28,3283,164.5,100,0,0.6,3,11518,-0.02,0.04,109.5,127.2,96,99,24.04,25.54,21.32,21.72
66.32,3285,164.6,100,0,0.7,3,11522,0.02,0.04,109.5,127.2,95.9,98.9,24.03,25.54,21.32,21.72
66.36,3286,164.7,100,0,0.3,3,11526,-0.01,0.04,109.5,127.2,95.9,98.9,24.03,25.54,21.32,21.72
66.4,3288,164.7,100,0,0.4,3,11530,-0.05,0.04,109.4,127.2,95.9,98.9,24.03,25.54,21.32,21.72
66.44,3290,164.8,100,0,0.6,3,11534,0,0.04,109.4,127.1,95.9,98.9,24.03,25.54,21.32,21.72
66.48,3292,164.8,100,0,-0.1,3,11538,0,0.04,109.4,127.1,95.9,98.9,24.03,25.54,21.32,21.72
66.52,3294,164.9,100,0,0.1,3,11542,0.01,0.04,109.4,127.1,95.9,98.9,24.03,25.53,21.32,21.72
66.56,3295,164.9,100,0,-0.3,3,11546,0,0.04,109.4,127.1,95.9,98.9,24.03,25.53,21.32,21.72
66.6,3297,165,100,0,-0.4,3,11550,0.01,0.04,109.4,127.1,95.9,98.9,24.03,25.53,21.31,21.71
66.64,3299,165.1,100,0,-0.2,3,11555,0.02,0.04,109.4,127.1,95.8,98.8,24.03,25.53,21.31,21.71
66.68,3301,165.1,100,0,0.2,3,11559,0.02,0.04,109.4,127.1,95.8,98.8,24.03,25.53,21.31,21.71
66.72,3303,165.2,100,0,-0.5,3,11563,0.01,0.04,109.3,127.1,95.8,98.8,24.03,25.53,21.31,21.71
66.76,3305,165.2,100,0,0,3,11567,0.01,0.04,109.3,127.1,95.8,98.8,24.02,25.53,21.31,21.71
66.8,3306,165.3,100,0,0,3,11571,-0.02,0.04,109.3,127,95.8,98.8,24.02,25.53,21.31,21.71
66.84,3308,165.4,100,0,-0.2,3,11575,-0.04,0.04,109.3,127,95.8,98.8,24.02,25.53,21.31,21.71
66.88,3310,165.4,100,0,0.3,3,11579,-0.02,0.04,109.3,127,95.8,98.8,24.02,25.53,21.31,21.71
66.92,3312,165.5,100,0,-0.2,3,11583,-0.01,0.04,109.3,127,95.8,98.8,24.02,25.53,21.31,21.71
66.96,3314,165.5,100,0,0,3,11587,0.03,0.04,109.3,127,95.7,98.7,24.02,25.52,21.31,21.71
67,3316,165.6,100,0,0.3,3,11591,-0.02,0.04,109.3,127,95.7,98.7,24.02,25.52,21.31,21.71
67.04,3318,165.6,100,0,0.1,3,11595,-0.01,0.04,109.2,127,95.7,98.7,24.02,25.52,21.3,21.7
67.08,3319,165.7,100,0,0.5,3,11599,0,0.04,109.2,127,95.7,98.7,24.02,25.52,21.3,21.7
67.12,3321,165.8,100,0,-0.2,3,11603,-0.01,0.04,109.2,126.9,95.7,98.7,24.02,25.52,21.3,21.7
67.16,3323,165.8,100,0,0.2,3,11607,0.02,0.04,109.2,126.9,95.7,98.7,24.02,25.52,21.3,21.7
67.2,3325,165.9,100,0,-0.4,3,11611,0.02,0.04,109.2,126.9,95.7,98.7,24.02,25.52,21.3,21.7
67.24,3327,165.9,100,0,-0.3,3,11615,-0.03,0.04,109.2,126.9,95.7,98.7,24.01,25.52,21.3,21.7
67.28,3329,166,100,0,-0.4,3,11619,0,0.04,109.2,126.9,95.7,98.7,24.01,25.52,21.3,21.7
67.32,3330,166,100,0,-0.3,3,11623,0.03,0.04,109.2,126.9,95.6,98.6,24.01,25.52,21.3,21.7
67.36,3332,166.1,100,0,0,3,11627,0,0.04,109.2,126.9,95.6,98.6,24.01,25.52,21.3,21.7
67.4,3334,166.2,100,0,0.1,3,11631,0.02,0.04,109.1,126.9,95.6,98.6,24.01,25.51,21.3,21.7
67.44,3336,166.2,100,0,0.7,3,11635,0.01,0.04,109.1,126.8,95.6,98.6,24.01,25.51,21.3,21.7
67.48,3338,166.3,100,0,-0.1,3,11639,0.01,0.04,109.1,126.8,95.6,98.6,24.01,25.51,21.29,21.69
67.52,3340,166.3,100,0,0.2,3,11643,-0.01,0.04,109.1,126.8,95.6,98.6,24.01,25.51,21.29,21.69
67.56,3341,166.4,100,0,-0.3,3,11647,-0.03,0.04,109.1,126.8,95.6,98.6,24.01,25.51,21.29,21.69
67.6,3343,166.4,100,0,0.1,3,11651,-0.01,0.04,109.1,126.8,95.6,98.6,24.01,25.51,21.29,21.69
67.64,3345,166.5,100,0,-0.2,3,11655,0.01,0.04,109.1,126.8,95.5,98.5,24.01,25.51,21.29,21.69
67.68,3347,166.6,100,0,-0.4,3,11659,0.02,0.04,109.1,126.8,95.5,98.5,24,25.51,21.29,21.69
67.72,3349,166.6,100,0,0.5,3,11663,0.04,0.04,109,126.8,95.5,98.5,24,25.51,21.29,21.69
67.76,3351,166.7,100,0,-0.4,3,11667,0.04,0.04,109,126.8,95.5,98.5,24,25.51,21.29,21.69
67.8,3353,166.7,100,0,0.1,3,11671,0.01,0.04,109,126.7,95.5,98.5,24,25.51,21.29,21.69
67.84,3354,166.8,100,0,0.7,3,11675,-0.04,0.04,109,126.7,95.5,98.5,24,25.5,21.29,21.69
67.88,3356,166.9,100,0,0.8,3,11680,0.01,0.04,109,126.7,95.5,98.5,24,25.5,21.29,21.69
67.92,3358,166.9,100,0,0.6,3,11684,0.01,0.04,109,126.7,95.5,98.5,24,25.5,21.28,21.68
67.96,3360,167,100,0,0,3,11688,-0.01,0.04,109,126.7,95.4,98.4,24,25.5,21.28,21.68
68,3362,167,100,0,0,3,11692,0.02,0.04,109,126.7,95.4,98.4,24,25.5,21.28,21.68
68.04,3364,167.1,100,0,-0.5,3,11696,0.01,0.04,108.9,126.7,95.4,98.4,24,25.5,21.28,21.68
68.08,3366,167.1,100,0,-0.3,3,11700,-0.03,0.04,108.9,126.7,95.4,98.4,24,25.5,21.28,21.68
68.12,3367,167.2,100,0,0.1,3,11704,-0.02,0.04,108.9,126.6,95.4,98.4,23.99,25.5,21.28,21.68
68.16,3369,167.3,100,0,0,3,11708,0.01,0.04,108.9,126.6,95.4,98.4,23.99,25.5,21.28,21.68
68.2,3371,167.3,100,0,0,3,11712,0.02,0.04,108.9,126.6,95.4,98.4,23.99,25.5,21.28,21.68
68.24,3373,167.4,100,0,-0.6,3,11716,-0.04,0.04,108.9,126.6,95.4,98.4,23.99,25.5,21.28,21.68
68.28,3375,167.4,100,0,-0.8,3,11720,0.01,0.04,108.9,126.6,95.4,98.4,23.99,25.49,21.28,21.68
68.32,3377,167.5,100,0,-0.5,3,11724,0.02,0.04,108.9,126.6,95.3,98.3,23.99,25.49,21.28,21.68
68.36,3379,167.5,100,0,0.3,3,11728,0.03,0.04,108.9,126.6,95.3,98.3,23.99,25.49,21.27,21.67
68.4,3380,167.6,100,0,0,3,11732,-0.01,0.04,108.8,126.6,95.3,98.3,23.99,25.49,21.27,21.67
68.44,3382,167.7,100,0,0.6,3,11736,0,0.04,108.8,126.5,95.3,98.3,23.99,25.49,21.27,21.67
68.48,3384,167.7,100,0,0.2,3,11740,0.05,0.04,108.8,126.5,95.3,98.3,23.99,25.49,21.27,21.67
68.52,3386,167.8,100,0,0.3,3,11744,0.03,0.04,108.8,126.5,95.3,98.3,23.99,25.49,21.27,21.67
68.56,3388,167.8,100,0,-0.4,3,11748,0,0.04,108.8,126.5,95.3,98.3,23.98,25.49,21.27,21.67
68.6,3390,167.9,100,0,-1.1,3,11752,-0.01,0.04,108.8,126.5,95.3,98.3,23.98,25.49,21.27,21.67
68.64,3392,167.9,100,0,0.2,3,11756,0,0.04,108.8,126.5,95.2,98.2,23.98,25.49,21.27,21.67
68.68,3394,168,100,0,-0.6,3,11760,0.02,0.04,108.8,126.5,95.2,98.2,23.98,25.49,21.27,21.67
68.72,3395,168.1,100,0,0.6,3,11764,-0.02,0.04,108.7,126.5,95.2,98.2,23.98,25.48,21.27,21.67
68.76,3397,168.1,100,0,-0.1,3,11768,0,0.04,108.7,126.5,95.2,98.2,23.98,25.48,21.27,21.67
68.8,3399,168.2,100,0,0.2,3,11772,-0.01,0.04,108.7,126.4,95.2,98.2,23.98,25.48,21.26,21.66
68.84,3401,168.2,100,0,0.2,3,11776,-0.04,0.04,108.7,126.4,95.2,98.2,23.98,25.48,21.26,21.66
68.88,3403,168.3,100,0,-0.1,3,11780,-0.02,0.04,108.7,126.4,95.2,98.2,23.98,25.48,21.26,21.66
68.92,3405,168.3,100,0,0.3,3,11784,0.03,0.04,108.7,126.4,95.2,98.2,23.98,25.48,21.26,21.66
68.96,3407,168.4,100,0,0.3,3,11788,-0.04,0.04,108.7,126.4,95.1,98.1,23.98,25.48,21.26,21.66
69,3408,168.5,100,0,0.4,3,11792,-0.01,0.04,108.7,126.4,95.1,98.1,23.97,25.48,21.26,21.66
69.04,3410,168.5,100,0,0,3,11796,-0.01,0.04,108.6,126.4,95.1,98.1,23.97,25.48,21.26,21.66
69.08,3412,168.6,100,0,0.4,3,11800,-0.03,0.04,108.6,126.4,95.1,98.1,23.97,25.48,21.26,21.66
69.12,3414,168.6,100,0,-0.4,3,11805,-0.03,0.04,108.6,126.3,95.1,98.1,23.97,25.48,21.26,21.66
69.16,3416,168.7,100,0,-0.2,3,11809,-0.01,0.04,108.6,126.3,95.1,98.1,23.97,25.47,21.26,21.66
69.2,3418,168.8,100,0,-0.5,3,11813,0.02,0.04,108.6,126.3,95.1,98.1,23.97,25.47,21.26,21.66
69.24,3420,168.8,100,0,-0.2,3,11817,-0.02,0.04,108.6,126.3,95.1,98.1,23.97,25.47,21.25,21.65
69.28,3422,168.9,100,0,0,3,11821,-0.02,0.04,108.6,126.3,95.1,98.1,23.97,25.47,21.25,21.65
69.32,3423,168.9,100,0,0.9,3,11825,0,0.04,108.6,126.3,95,98,23.97,25.47,21.25,21.65
69.36,3425,169,100,0,-0.3,3,11829,-0.01,0.04,108.6,126.3,95,98,23.97,25.47,21.25,21.65
69.4,3427,169,100,0,0.1,3,11833,0.02,0.04,108.5,126.3,95,98,23.97,25.47,21.25,21.65
69.44,3429,169.1,100,0,-0.2,3,11837,-0.01,0.04,108.5,126.2,95,98,23.96,25.47,21.25,21.65
69.48,3431,169.2,100,0,-0.2,3,11841,0.01,0.04,108.5,126.2,95,98,23.96,25.47,21.25,21.65
69.52,3433,169.2,100,0,0.1,3,11845,-0.02,0.04,108.5,126.2,95,98,23.96,25.47,21.25,21.65
69.56,3435,169.3,100,0,0.6,3,11849,-0.03,0.04,108.5,126.2,95,98,23.96,25.47,21.25,21.65
69.6,3437,169.3,100,0,-0.1,3,11853,-0.02,0.04,108.5,126.2,95,98,23.96,25.47,21.25,21.65
69.64,3438,169.4,100,0,-0.5,3,11857,-0.02,0.04,108.5,126.2,94.9,97.9,23.96,25.46,21.25,21.65
69.68,3440,169.4,100,0,0.1,3,11861,0.02,0.04,108.5,126.2,94.9,97.9,23.96,25.46,21.24,21.64
69.72,3442,169.5,100,0,0.2,3,11865,0.01,0.04,108.4,126.2,94.9,97.9,23.96,25.46,21.24,21.64
69.76,3444,169.6,100,0,0,3,11869,-0.02,0.04,108.4,126.2,94.9,97.9,23.96,25.46,21.24,21.64
69.8,3446,169.6,100,0,-1,3,11873,0.02,0.04,108.4,126.1,94.9,97.9,23.96,25.46,21.24,21.64
69.84,3448,169.7,100,0,0.1,3,11877,0.01,0.04,108.4,126.1,94.9,97.9,23.96,25.46,21.24,21.64
69.88,3450,169.7,100,0,0,3,11881,0,0.04,108.4,126.1,94.9,97.9,23.95,25.46,21.24,21.64
69.92,3452,230,0,3,-0.6,5,11040,0,-4.2,108.5,126.2,94.9,97.9,23.96,25.46,21.24,21.64
69.96,3454,230,0,7,0.1,5,11040,0,-4.2,108.6,126.2,94.9,97.9,23.97,25.46,21.24,21.64
70,3457,230,0,12,0,5,11040,0,-4.2,108.8,126.2,94.9,97.9,23.98,25.47,21.24,21.64
70.04,3459,230,0,16,1,5,11040,0,-4.2,108.9,126.3,94.9,97.9,23.99,25.47,21.24,21.64
70.08,3462,230,0,21,0.4,5,11040,0,-4.2,109,126.3,94.9,97.9,24,25.47,21.24,21.64
70.12,3464,230,0,25,-0.2,5,11040,0,-4.2,109.1,126.4,94.9,97.9,24.01,25.48,21.24,21.64
70.16,3467,230,0,30,-0.1,5,11040,0,-4.2,109.2,126.4,94.9,97.9,24.02,25.48,21.24,21.64
70.2,3470,230,0,35,0.5,5,11040,0,-4.2,109.4,126.4,94.9,97.9,24.03,25.48,21.24,21.64
70.24,3472,230,0,39,0.8,5,11040,0,-4.2,109.5,126.5,94.9,97.9,24.04,25.49,21.24,21.64
70.28,3475,230,0,44,0.3,5,11040,0,-4.2,109.6,126.5,94.9,97.9,24.04,25.49,21.24,21.64
70.32,3477,230,0,45,0.3,5,11040,0,-4.2,109.7,126.6,94.9,97.9,24.05,25.49,21.24,21.64
70.36,3480,230,0,45,0.9,5,11040,0,-4.2,109.8,126.6,94.9,97.9,24.06,25.49,21.24,21.64
70.4,3482,230,0,45,0.2,5,11040,0,-4.2,110,126.6,94.9,97.9,24.07,25.5,21.24,21.64
70.44,3485,230,0,45,-0.6,5,11040,0,-4.2,110.1,126.7,94.9,97.9,24.08,25.5,21.24,21.64
70.48,3487,230,0,45,-0.5,5,11040,0,-4.2,110.2,126.7,94.9,97.9,24.09,25.5,21.24,21.64
70.52,3490,230,0,45,0.8,5,11040,0,-4.2,110.3,126.8,94.9,97.9,24.1,25.51,21.24,21.64
70.56,3493,230,0,45,-0.4,5,11040,0,-4.2,110.4,126.8,94.9,97.9,24.11,25.51,21.24,21.64
70.6,3495,230,0,45,0.3,5,11040,0,-4.2,110.6,126.8,94.9,97.9,24.12,25.51,21.24,21.64
70.64,3498,230,0,45,0.3,5,11040,0,-4.2,110.7,126.9,94.9,97.9,24.13,25.52,21.24,21.64
70.68,3500,230,0,45,0.7,5,11040,0,-4.2,110.8,126.9,94.9,97.9,24.13,25.52,21.24,21.64
70.72,3503,230,0,45,-0.9,5,11040,0,-4.2,110.9,127,94.9,97.9,24.14,25.52,21.24,21.64
70.76,3505,230,0,45,0,5,11040,0,-4.2,111,127,94.9,97.9,24.15,25.52,21.24,21.64
70.8,3508,230,0,45,-0.3,5,11040,0,-4.2,111.2,127,94.9,97.9,24.16,25.53,21.24,21.64
70.84,3510,230,0,45,0.1,5,11040,0,-4.2,111.3,127.1,94.9,97.9,24.17,25.53,21.24,21.64
70.88,3513,230,0,45,0,5,11040,0,-4.2,111.4,127.1,94.9,97.9,24.18,25.53,21.24,21.64
70.92,3516,230,0,45,0.3,5,11040,0,-4.2,111.5,127.2,94.9,97.9,24.19,25.54,21.24,21.64
70.96,3518,230,0,45,1.3,5,11040,0,-4.2,111.6,127.2,94.9,97.9,24.2,25.54,21.24,21.64
71,3521,230,0,45,1.3,5,11040,0,-4.2,111.8,127.2,94.9,97.9,24.21,25.54,21.24,21.64
71.04,3523,230,0,45,-1.2,5,11040,0,-4.2,111.9,127.3,94.9,97.9,24.22,25.55,21.24,21.64
71.08,3526,230,0,45,-0.5,5,11040,0,-4.2,112,127.3,94.9,97.9,24.22,25.55,21.24,21.64
71.12,3528,230,0,44,0.3,5,11040,0.07,-1.37,112.1,127.4,94.9,97.9,24.23,25.55,21.24,21.64
71.16,3531,230,0,42,2.8,5,11040,0.18,-1.33,112.2,127.4,94.9,97.9,24.24,25.55,21.24,21.64
71.2,3533,230,0,40,4.6,5,11040,0.28,-1.3,112.4,127.4,94.9,97.9,24.25,25.56,21.24,21.64
71.24,3536,230,0,39,5.5,5,11040,0.39,-1.26,112.5,127.5,94.9,97.9,24.26,25.56,21.24,21.64
71.28,3539,230,0,37,6.8,5,11040,0.49,-1.22,112.6,127.5,94.9,97.9,24.27,25.56,21.24,21.64
71.32,3541,230,0,35,8.6,5,11040,0.59,-1.18,112.7,127.6,94.9,97.9,24.28,25.57,21.24,21.64
71.36,3544,230,0,34,10.3,5,11040,0.7,-1.14,112.8,127.6,94.9,97.9,24.29,25.57,21.24,21.64
71.4,3546,230,0,32,12.3,5,11040,0.8,-1.1,113,127.6,94.9,97.9,24.3,25.57,21.24,21.64
71.44,3549,230,0,31,13.4,5,11040,0.91,-1.07,113.1,127.7,94.9,97.9,24.31,25.58,21.24,21.64
71.48,3551,230,0,29,14,5,11040,1.01,-1.03,113.2,127.7,94.9,97.9,24.31,25.58,21.24,21.64
71.52,3554,230,0,28,16,5,11040,1.11,-0.99,113.3,127.8,94.9,97.9,24.32,25.58,21.24,21.64
71.56,3556,230,0,26,17.8,5,11040,1.22,-0.95,113.4,127.8,94.9,97.9,24.33,25.58,21.24,21.64
71.6,3559,230,0,25,17.6,5,11040,1.32,-0.91,113.6,127.8,94.9,97.9,24.34,25.59,21.24,21.64
71.64,3562,230,0,23,19.4,5,11040,1.42,-0.88,113.7,127.9,94.9,97.9,24.35,25.59,21.24,21.64
71.68,3564,230,0,22,20.9,5,11040,1.53,-0.84,113.8,127.9,94.9,97.9,24.36,25.59,21.24,21.64
71.72,3567,230,0,21,22.2,5,11040,1.63,-0.8,113.9,128,94.9,97.9,24.37,25.6,21.24,21.64
71.76,3569,230,0,19,23.4,5,11040,1.74,-0.76,114,128,94.9,97.9,24.38,25.6,21.24,21.64
71.8,3572,230,0,18,25,5,11040,1.84,-0.72,114.2,128,94.9,97.9,24.39,25.6,21.24,21.64
71.84,3574,230,0,16,27.1,5,11040,1.94,-0.68,114.3,128.1,94.9,97.9,24.4,25.61,21.24,21.64
71.88,3577,230,0,15,27.8,5,11040,2.05,-0.65,114.4,128.1,94.9,97.9,24.4,25.61,21.24,21.64
71.92,3579,230,0,14,27.8,5,11040,2.15,-0.61,114.5,128.2,94.9,97.9,24.41,25.61,21.24,21.64
71.96,3582,230,0,13,28.9,5,11040,2.26,-0.57,114.6,128.2,94.9,97.9,24.42,25.61,21.24,21.64
72,3585,230,0,12,29.6,5,11040,2.36,-0.53,114.8,128.2,94.9,97.9,24.43,25.62,21.24,21.64
72.04,3587,230,0,10,30.5,5,11040,2.46,-0.49,114.9,128.3,94.9,97.9,24.44,25.62,21.24,21.64
72.08,3590,230,0,9,31.4,5,11040,2.57,-0.45,115,128.3,94.9,97.9,24.45,25.62,21.24,21.64
72.12,3592,230,0,8,31.8,5,11040,2.67,-0.42,115.1,128.4,94.9,97.9,24.46,25.63,21.24,21.64
72.16,3595,230,0,7,31.5,5,11040,2.78,-0.38,115.2,128.4,94.9,97.9,24.47,25.63,21.24,21.64
72.2,3597,230,0,6,33.3,5,11040,2.88,-0.34,115.4,128.4,94.9,97.9,24.48,25.63,21.24,21.64
72.24,3600,230,0,5,33.5,5,11040,2.98,-0.3,115.5,128.5,94.9,97.9,24.49,25.64,21.24,21.64
72.28,3602,230,0,4,34.2,5,11040,3.09,-0.26,115.6,128.5,94.9,97.9,24.49,25.64,21.24,21.64
72.32,3605,230,0,3,34.9,5,11040,3.19,-0.22,115.7,128.6,94.9,97.9,24.5,25.64,21.24,21.64
72.36,3608,230,0,3,35.7,5,11040,3.29,-0.19,115.8,128.6,94.9,97.9,24.51,25.64,21.24,21.64
72.4,3610,230,0,2,35.9,5,11040,3.4,-0.15,116,128.6,94.9,97.9,24.52,25.65,21.24,21.64
72.44,3613,230,0,1,36.8,5,11040,3.5,-0.11,116.1,128.7,94.9,97.9,24.53,25.65,21.24,21.64
72.48,3615,230,0,1,34.8,5,11040,3.61,-0.07,116.2,128.7,94.9,97.9,24.54,25.65,21.24,21.64
72.52,3618,230,0,0,36,5,11040,3.71,-0.03,116.3,128.8,94.9,97.9,24.55,25.66,21.24,21.64
72.56,3620,230,1,0,36.1,5,11040,3.39,0,116.3,128.8,94.9,97.9,24.55,25.66,21.24,21.64
72.6,3623,230,3,0,34.9,5,11040,3.35,0.01,116.3,128.8,94.9,97.9,24.55,25.66,21.25,21.65
72.64,3625,230,6,0,35.6,5,11040,3.31,0.02,116.3,128.8,95,98,24.55,25.66,21.25,21.65
72.68,3628,230,8,0,33.9,5,11041,3.26,0.03,116.3,128.8,95,98,24.55,25.66,21.25,21.65
72.72,3631,230,10,0,33.7,5,11041,3.22,0.04,116.3,128.8,95,98,24.55,25.66,21.25,21.65
72.76,3633,230,12,0,33.8,5,11041,3.18,0.05,116.3,128.8,95.1,98.1,24.55,25.66,21.26,21.66
72.8,3636,230,14,0,32.4,5,11042,3.13,0.06,116.3,128.8,95.1,98.1,24.55,25.66,21.26,21.66
72.84,3638,230,16,0,32,5,11042,3.09,0.07,116.3,128.8,95.2,98.2,24.55,25.66,21.26,21.66
72.88,3641,230.1,18,0,31.3,5,11043,3.05,0.08,116.3,128.8,95.2,98.2,24.55,25.66,21.26,21.66
72.92,3643,230.1,19,0,30.5,5,11043,3,0.09,116.3,128.8,95.2,98.2,24.55,25.66,21.27,21.67
72.96,3646,230.1,21,0,30.1,5,11044,2.96,0.11,116.3,128.8,95.3,98.3,24.55,25.66,21.27,21.67
73,3648,230.1,23,0,30.1,5,11045,2.92,0.12,116.3,128.8,95.3,98.3,24.55,25.66,21.27,21.67
73.04,3651,230.1,25,0,29.2,5,11045,2.87,0.13,116.3,128.8,95.3,98.3,24.55,25.66,21.27,21.67
73.08,3654,230.1,27,0,28.6,5,11046,2.83,0.14,116.3,128.8,95.4,98.4,24.55,25.66,21.28,21.68
73.12,3656,230.1,28,0,27.6,5,11047,2.79,0.15,116.3,128.8,95.4,98.4,24.55,25.66,21.28,21.68
73.16,3659,230.2,30,0,27.6,5,11048,2.74,0.16,116.3,128.8,95.4,98.4,24.55,25.66,21.28,21.68
73.2,3661,230.2,32,0,27.3,5,11049,2.7,0.17,116.3,128.8,95.5,98.5,24.55,25.66,21.28,21.68
73.24,3664,230.2,33,0,26.1,5,11050,2.66,0.18,116.3,128.8,95.5,98.5,24.55,25.66,21.29,21.69
73.28,3666,230.2,35,0,24.8,5,11051,2.61,0.19,116.3,128.8,95.5,98.5,24.55,25.66,21.29,21.69
73.32,3669,230.3,37,0,25.2,5,11052,2.57,0.2,116.3,128.8,95.6,98.6,24.55,25.66,21.29,21.69
73.36,3671,230.3,38,0,24.7,5,11053,2.53,0.21,116.3,128.8,95.6,98.6,24.55,25.66,21.3,21.7
73.4,3674,230.3,40,0,23.9,5,11054,2.48,0.22,116.3,128.8,95.6,98.6,24.55,25.66,21.3,21.7
73.44,3677,230.3,41,0,22.7,5,11056,2.44,0.23,116.3,128.8,95.7,98.7,24.55,25.66,21.3,21.7
73.48,3679,230.4,43,0,23.2,5,11057,2.39,0.24,116.3,128.8,95.7,98.7,24.55,25.66,21.3,21.7
73.52,3682,230.4,44,0,22,5,11058,2.35,0.25,116.3,128.8,95.7,98.7,24.55,25.66,21.31,21.71
73.56,3684,230.4,46,0,21.4,5,11060,2.31,0.26,116.3,128.8,95.8,98.8,24.55,25.66,21.31,21.71
73.6,3687,230.4,48,0,21.3,5,11061,2.26,0.27,116.3,128.8,95.8,98.8,24.55,25.66,21.31,21.71
73.64,3689,230.5,49,0,20.1,5,11063,2.22,0.28,116.3,128.8,95.9,98.9,24.55,25.66,21.31,21.71
73.68,3692,230.5,51,0,19.9,5,11064,2.18,0.29,116.3,128.8,95.9,98.9,24.55,25.66,21.32,21.72
73.72,3695,230.5,52,0,19.6,5,11066,2.13,0.3,116.3,128.8,95.9,98.9,24.55,25.66,21.32,21.72
73.76,3697,230.6,54,0,18.4,5,11067,2.09,0.31,116.3,128.8,96,99,24.55,25.66,21.32,21.72
73.8,3700,230.6,55,0,18.2,5,11069,2.05,0.32,116.3,128.8,96,99,24.55,25.66,21.32,21.72
73.84,3702,230.6,57,0,17.3,5,11071,2,0.33,116.3,128.8,96,99,24.55,25.66,21.33,21.73
73.88,3705,230.7,58,0,16.4,5,11072,1.96,0.34,116.3,128.8,96.1,99.1,24.55,25.66,21.33,21.73
73.92,3707,230.7,60,0,16.2,5,11074,1.92,0.35,116.3,128.8,96.1,99.1,24.55,25.66,21.33,21.73
73.96,3710,230.8,61,0,15.7,5,11076,1.87,0.37,116.3,128.8,96.1,99.1,24.55,25.66,21.33,21.73
74,3712,230.8,63,0,15.1,5,11078,1.83,0.38,116.3,128.8,96.2,99.2,24.55,25.66,21.34,21.74
74.04,3715,230.8,64,0,15,5,11080,1.78,0.39,116.3,128.8,96.2,99.2,24.55,25.66,21.34,21.74
74.08,3718,230.9,66,0,14.1,5,11082,1.74,0.4,116.3,128.8,96.2,99.2,24.55,25.66,21.34,21.74
74.12,3720,230.9,67,0,13.3,5,11084,1.7,0.41,116.3,128.8,96.3,99.3,24.55,25.66,21.35,21.75
74.16,3723,231,69,0,13.1,5,11086,1.65,0.42,116.3,128.8,96.3,99.3,24.55,25.66,21.35,21.75
74.2,3725,231,70,0,13.1,5,11088,1.61,0.43,116.3,128.8,96.3,99.3,24.55,25.66,21.35,21.75
74.24,3728,231,72,0,11.6,5,11090,1.57,0.44,116.3,128.8,96.4,99.4,24.55,25.66,21.35,21.75
74.28,3730,231.1,73,0,11.7,5,11093,1.52,0.45,116.3,128.8,96.4,99.4,24.55,25.66,21.36,21.76
74.32,3733,231.1,74,0,10.5,5,11095,1.48,0.46,116.3,128.8,96.4,99.4,24.55,25.66,21.36,21.76
74.36,3736,231.2,76,0,9.8,5,11097,1.44,0.47,116.3,128.8,96.5,99.5,24.55,25.66,21.36,21.76
74.4,3738,231.2,77,0,10.4,5,11099,1.39,0.48,116.3,128.8,96.5,99.5,24.55,25.66,21.36,21.76
74.44,3741,231.3,79,0,8.4,5,11102,1.35,0.49,116.3,128.8,96.6,99.6,24.55,25.66,21.37,21.77
74.48,3743,231.3,80,0,9.1,5,11104,1.3,0.5,116.3,128.8,96.6,99.6,24.55,25.66,21.37,21.77
74.52,3746,231.4,82,0,7.6,5,11107,1.26,0.51,116.3,128.8,96.6,99.6,24.55,25.66,21.37,21.77
74.56,3748,231.4,83,0,6.8,5,11109,1.22,0.52,116.3,128.8,96.7,99.7,24.55,25.66,21.37,21.77
74.6,3751,231.5,84,0,6,5,11112,1.17,0.53,116.3,128.8,96.7,99.7,24.55,25.66,21.38,21.78
74.64,3754,231.5,86,0,5.9,5,11114,1.13,0.54,116.3,128.8,96.7,99.7,24.55,25.66,21.38,21.78
74.68,3756,231.6,87,0,5.2,5,11117,1.09,0.55,116.3,128.8,96.8,99.8,24.55,25.66,21.38,21.78
74.72,3759,231.7,89,0,4.6,5,11120,1.04,0.56,116.3,128.8,96.8,99.8,24.55,25.66,21.38,21.78
74.76,3761,231.7,90,0,5,5,11122,1,0.57,116.3,128.8,96.8,99.8,24.55,25.66,21.39,21.79
74.8,3764,231.8,91,0,3.9,5,11125,0.95,0.58,116.3,128.8,96.9,99.9,24.55,25.66,21.39,21.79
74.84,3766,231.8,93,0,3.1,5,11128,0.91,0.59,116.3,128.8,96.9,99.9,24.55,25.66,21.39,21.79
74.88,3769,231.9,94,0,1.9,5,11131,0.87,0.61,116.3,128.8,96.9,99.9,24.55,25.66,21.4,21.8
74.92,3772,231.9,95,0,1.5,5,11133,0.82,0.62,116.3,128.8,97,100,24.55,25.66,21.4,21.8
74.96,3774,232,97,0,0.8,5,11136,0.78,0.63,116.3,128.8,97,100,24.55,25.66,21.4,21.8
75,3777,232.1,98,0,0.6,5,11139,0.74,0.64,116.3,128.8,97,100,24.55,25.66,21.4,21.8
75.04,3779,232.1,100,0,0,5,11142,0.69,0.65,116.3,128.8,97.1,100.1,24.55,25.66,21.41,21.81
75.08,3782,232.2,100,0,0,5,11145,0.01,0.04,116.3,128.7,97.1,100.1,24.55,25.66,21.4,21.8
75.12,3784,232.2,100,0,0.5,5,11148,-0.02,0.04,116.3,128.7,97.1,100.1,24.55,25.65,21.4,21.8
75.16,3787,232.3,100,0,0.1,5,11151,-0.01,0.04,116.3,128.7,97,100,24.55,25.65,21.4,21.8
75.2,3790,232.4,100,0,-0.3,5,11153,0.03,0.04,116.3,128.7,97,100,24.55,25.65,21.4,21.8
75.24,3792,232.4,100,0,0,5,11156,-0.01,0.04,116.3,128.7,97,100,24.54,25.65,21.4,21.8
75.28,3795,232.5,100,0,-0.1,5,11159,0.01,0.04,116.2,128.7,97,100,24.54,25.65,21.4,21.8
75.32,3797,232.5,100,0,0.7,5,11162,0,0.04,116.2,128.7,97,100,24.54,25.65,21.4,21.8
75.36,3800,232.6,100,0,-0.3,5,11164,0.02,0.04,116.2,128.7,97,100,24.54,25.65,21.4,21.8
75.4,3803,232.7,100,0,-0.8,5,11167,0,0.04,116.2,128.6,97,100,24.54,25.65,21.4,21.8
75.44,3805,232.7,100,0,-0.8,5,11170,0.02,0.04,116.2,128.6,97,100,24.54,25.65,21.4,21.8
75.48,3808,232.8,100,0,-0.2,5,11173,0.01,0.04,116.2,128.6,96.9,99.9,24.54,25.65,21.4,21.8
75.52,3810,232.8,100,0,0.4,5,11176,0,0.04,116.2,128.6,96.9,99.9,24.54,25.65,21.39,21.79
75.56,3813,232.9,100,0,0.3,5,11178,0.02,0.04,116.2,128.6,96.9,99.9,24.54,25.65,21.39,21.79
75.6,3815,232.9,100,0,0.8,5,11181,0.03,0.04,116.1,128.6,96.9,99.9,24.54,25.64,21.39,21.79
75.64,3818,233,100,0,0.1,5,11184,-0.01,0.04,116.1,128.6,96.9,99.9,24.54,25.64,21.39,21.79
75.68,3821,233.1,100,0,0.3,5,11187,0.04,0.04,116.1,128.6,96.9,99.9,24.53,25.64,21.39,21.79
75.72,3823,233.1,100,0,-0.2,5,11189,0.01,0.04,116.1,128.6,96.9,99.9,24.53,25.64,21.39,21.79
75.76,3826,233.2,100,0,0.1,5,11192,0.02,0.04,116.1,128.5,96.9,99.9,24.53,25.64,21.39,21.79
75.8,3828,233.2,100,0,-1.1,5,11195,0.01,0.04,116.1,128.5,96.8,99.8,24.53,25.64,21.39,21.79
75.84,3831,233.3,100,0,0,5,11198,-0.01,0.04,116.1,128.5,96.8,99.8,24.53,25.64,21.39,21.79
75.88,3834,233.3,100,0,0,5,11200,0,0.04,116.1,128.5,96.8,99.8,24.53,25.64,21.39,21.79
75.92,3836,233.4,100,0,0.2,5,11203,0.02,0.04,116.1,128.5,96.8,99.8,24.53,25.64,21.39,21.79
75.96,3839,233.5,100,0,0.1,5,11206,-0.02,0.04,116,128.5,96.8,99.8,24.53,25.64,21.38,21.78
76,3841,233.5,100,0,-0.1,5,11209,0.02,0.04,116,128.5,96.8,99.8,24.53,25.64,21.38,21.78
76.04,3844,233.6,100,0,0,5,11211,0.01,0.04,116,128.5,96.8,99.8,24.53,25.63,21.38,21.78
76.08,3847,233.6,100,0,-0.4,5,11214,0.02,0.04,116,128.4,96.8,99.8,24.53,25.63,21.38,21.78
76.12,3849,233.7,100,0,-0.1,5,11217,-0.01,0.04,116,128.4,96.8,99.8,24.52,25.63,21.38,21.78
76.16,3852,233.7,100,0,0.5,5,11220,-0.02,0.04,116,128.4,96.7,99.7,24.52,25.63,21.38,21.78
76.2,3854,233.8,100,0,0,5,11223,0,0.04,116,128.4,96.7,99.7,24.52,25.63,21.38,21.78
76.24,3857,233.9,100,0,0.2,5,11225,0.01,0.04,116,128.4,96.7,99.7,24.52,25.63,21.38,21.78
76.28,3860,233.9,100,0,-0.5,5,11228,-0.02,0.04,115.9,128.4,96.7,99.7,24.52,25.63,21.38,21.78
76.32,3862,234,100,0,-0.1,5,11231,0,0.04,115.9,128.4,96.7,99.7,24.52,25.63,21.38,21.78
76.36,3865,234,100,0,0.1,5,11234,0,0.04,115.9,128.4,96.7,99.7,24.52,25.63,21.38,21.78
76.4,3867,234.1,100,0,0.1,5,11236,0.03,0.04,115.9,128.3,96.7,99.7,24.52,25.63,21.38,21.78
76.44,3870,234.1,100,0,1,5,11239,-0.02,0.04,115.9,128.3,96.7,99.7,24.52,25.63,21.37,21.77
76.48,3873,234.2,100,0,0.8,5,11242,0,0.04,115.9,128.3,96.6,99.6,24.52,25.62,21.37,21.77
76.52,3875,234.3,100,0,0.1,5,11245,0.01,0.04,115.9,128.3,96.6,99.6,24.52,25.62,21.37,21.77
76.56,3878,234.3,100,0,-0.2,5,11247,0,0.04,115.9,128.3,96.6,99.6,24.51,25.62,21.37,21.77
76.6,3880,234.4,100,0,0.2,5,11250,-0.02,0.04,115.8,128.3,96.6,99.6,24.51,25.62,21.37,21.77
76.64,3883,234.4,100,0,0.5,5,11253,-0.01,0.04,115.8,128.3,96.6,99.6,24.51,25.62,21.37,21.77
76.68,3886,234.5,100,0,-0.2,5,11256,-0.01,0.04,115.8,128.3,96.6,99.6,24.51,25.62,21.37,21.77
76.72,3888,234.6,100,0,0.2,5,11258,0.02,0.04,115.8,128.3,96.6,99.6,24.51,25.62,21.37,21.77
76.76,3891,234.6,100,0,0,5,11261,-0.04,0.04,115.8,128.2,96.6,99.6,24.51,25.62,21.37,21.77
76.8,3893,234.7,100,0,-0.2,5,11264,0,0.04,115.8,128.2,96.5,99.5,24.51,25.62,21.37,21.77
76.84,3896,234.7,100,0,0.3,5,11267,-0.01,0.04,115.8,128.2,96.5,99.5,24.51,25.62,21.37,21.77
76.88,3899,234.8,100,0,-0.3,5,11270,0,0.04,115.8,128.2,96.5,99.5,24.51,25.62,21.36,21.76
76.92,3901,234.8,100,0,-0.2,5,11272,0,0.04,115.8,128.2,96.5,99.5,24.51,25.61,21.36,21.76
76.96,3904,234.9,100,0,0.2,5,11275,-0.01,0.04,115.7,128.2,96.5,99.5,24.51,25.61,21.36,21.76
77,3906,235,100,0,0.3,5,11278,0.03,0.04,115.7,128.2,96.5,99.5,24.5,25.61,21.36,21.76
77.04,3909,235,100,0,0.2,5,11281,0.04,0.04,115.7,128.2,96.5,99.5,24.5,25.61,21.36,21.76
77.08,3912,235.1,100,0,0.5,5,11283,-0.02,0.04,115.7,128.1,96.5,99.5,24.5,25.61,21.36,21.76
77.12,3914,235.1,100,0,-0.1,5,11286,0.04,0.04,115.7,128.1,96.5,99.5,24.5,25.61,21.36,21.76
77.16,3917,235.2,100,0,0.6,5,11289,0.01,0.04,115.7,128.1,96.4,99.4,24.5,25.61,21.36,21.76
77.2,3919,235.2,100,0,0.4,5,11292,-0.02,0.04,115.7,128.1,96.4,99.4,24.5,25.61,21.36,21.76
77.24,3922,235.3,100,0,-0.4,5,11294,0,0.04,115.7,128.1,96.4,99.4,24.5,25.61,21.36,21.76
77.28,3925,235.4,100,0,-0.1,5,11297,-0.02,0.04,115.6,128.1,96.4,99.4,24.5,25.61,21.36,21.76
77.32,3927,235.4,100,0,-0.3,5,11300,0.01,0.04,115.6,128.1,96.4,99.4,24.5,25.61,21.35,21.75
77.36,3930,235.5,100,0,-0.1,5,11303,-0.01,0.04,115.6,128.1,96.4,99.4,24.5,25.6,21.35,21.75
77.4,3933,235.5,100,0,0.3,5,11305,0.01,0.04,115.6,128,96.4,99.4,24.5,25.6,21.35,21.75
77.44,3935,235.6,100,0,0.5,5,11308,0.02,0.04,115.6,128,96.4,99.4,24.49,25.6,21.35,21.75
77.48,3938,235.6,100,0,-0.4,5,11311,0,0.04,115.6,128,96.3,99.3,24.49,25.6,21.35,21.75
77.52,3940,235.7,100,0,0.1,5,11314,-0.02,0.04,115.6,128,96.3,99.3,24.49,25.6,21.35,21.75
77.56,3943,235.8,100,0,-0.1,5,11317,0.02,0.04,115.6,128,96.3,99.3,24.49,25.6,21.35,21.75
77.6,3946,235.8,100,0,-0.5,5,11319,0.04,0.04,115.5,128,96.3,99.3,24.49,25.6,21.35,21.75
77.64,3948,235.9,100,0,-0.4,5,11322,-0.05,0.04,115.5,128,96.3,99.3,24.49,25.6,21.35,21.75
77.68,3951,235.9,100,0,0.1,5,11325,0,0.04,115.5,128,96.3,99.3,24.49,25.6,21.35,21.75
77.72,3954,236,100,0,0.2,5,11328,-0.04,0.04,115.5,128,96.3,99.3,24.49,25.6,21.35,21.75
77.76,3956,236,100,0,-0.3,5,11330,0.02,0.04,115.5,127.9,96.3,99.3,24.49,25.6,21.34,21.74
77.8,3959,236.1,100,0,0.1,5,11333,0,0.04,115.5,127.9,96.2,99.2,24.49,25.59,21.34,21.74
77.84,3961,236.2,100,0,0,5,11336,-0.02,0.04,115.5,127.9,96.2,99.2,24.49,25.59,21.34,21.74
77.88,3964,236.2,100,0,-0.1,5,11339,0,0.04,115.5,127.9,96.2,99.2,24.48,25.59,21.34,21.74
77.92,3967,236.3,100,0,0.4,5,11341,-0.05,0.04,115.5,127.9,96.2,99.2,24.48,25.59,21.34,21.74
77.96,3969,236.3,100,0,1.2,5,11344,0.01,0.04,115.4,127.9,96.2,99.2,24.48,25.59,21.34,21.74
78,3972,236.4,100,0,0.6,5,11347,0.01,0.04,115.4,127.9,96.2,99.2,24.48,25.59,21.34,21.74
78.04,3975,236.5,100,0,0.1,5,11350,-0.02,0.04,115.4,127.9,96.2,99.2,24.48,25.59,21.34,21.74
78.08,3977,236.5,100,0,0.3,5,11352,-0.01,0.04,115.4,127.8,96.2,99.2,24.48,25.59,21.34,21.74
78.12,3980,236.6,100,0,-0.2,5,11355,0,0.04,115.4,127.8,96.2,99.2,24.48,25.59,21.34,21.74
78.16,3982,236.6,100,0,0.1,5,11358,0.01,0.04,115.4,127.8,96.1,99.1,24.48,25.59,21.34,21.74
78.2,3985,236.7,100,0,-0.2,5,11361,0.01,0.04,115.4,127.8,96.1,99.1,24.48,25.59,21.33,21.73
78.24,3988,236.7,100,0,0.6,5,11364,0.04,0.04,115.4,127.8,96.1,99.1,24.48,25.58,21.33,21.73
78.28,3990,236.8,100,0,0.6,5,11366,0,0.04,115.3,127.8,96.1,99.1,24.48,25.58,21.33,21.73
78.32,3993,236.9,100,0,0,5,11369,0,0.04,115.3,127.8,96.1,99.1,24.47,25.58,21.33,21.73
78.36,3996,236.9,100,0,-0.4,5,11372,-0.01,0.04,115.3,127.8,96.1,99.1,24.47,25.58,21.33,21.73
78.4,3998,237,100,0,-0.1,5,11375,0.02,0.04,115.3,127.7,96.1,99.1,24.47,25.58,21.33,21.73
78.44,4001,237,100,0,0.4,5,11377,-0.03,0.04,115.3,127.7,96.1,99.1,24.47,25.58,21.33,21.73
78.48,4003,237.1,100,0,-0.1,5,11380,0.01,0.04,115.3,127.7,96,99,24.47,25.58,21.33,21.73
78.52,4006,237.1,100,0,-0.7,5,11383,-0.03,0.04,115.3,127.7,96,99,24.47,25.58,21.33,21.73
78.56,4009,237.2,100,0,-0.6,5,11386,0.02,0.04,115.3,127.7,96,99,24.47,25.58,21.33,21.73
78.6,4011,237.3,100,0,-0.3,5,11388,0.03,0.04,115.2,127.7,96,99,24.47,25.58,21.33,21.73
78.64,4014,237.3,100,0,-0.3,5,11391,-0.03,0.04,115.2,127.7,96,99,24.47,25.58,21.32,21.72
78.68,4017,237.4,100,0,0.1,5,11394,-0.02,0.04,115.2,127.7,96,99,24.47,25.57,21.32,21.72
78.72,4019,237.4,100,0,-0.2,5,11397,0.05,0.04,115.2,127.7,96,99,24.47,25.57,21.32,21.72
78.76,4022,237.5,100,0,-0.4,5,11399,-0.02,0.04,115.2,127.6,96,99,24.47,25.57,21.32,21.72
78.8,4025,237.5,100,0,-0.5,5,11402,-0.02,0.04,115.2,127.6,95.9,98.9,24.46,25.57,21.32,21.72
78.84,4027,237.6,100,0,-0.4,5,11405,0.04,0.04,115.2,127.6,95.9,98.9,24.46,25.57,21.32,21.72
78.88,4030,237.7,100,0,-0.1,5,11408,-0.02,0.04,115.2,127.6,95.9,98.9,24.46,25.57,21.32,21.72
78.92,4032,237.7,100,0,-0.1,5,11411,-0.02,0.04,115.2,127.6,95.9,98.9,24.46,25.57,21.32,21.72
78.96,4035,237.8,100,0,-0.1,5,11413,0,0.04,115.1,127.6,95.9,98.9,24.46,25.57,21.32,21.72
79,4038,237.8,100,0,0.4,5,11416,-0.01,0.04,115.1,127.6,95.9,98.9,24.46,25.57,21.32,21.72
79.04,4040,237.9,100,0,-0.2,5,11419,0.01,0.04,115.1,127.6,95.9,98.9,24.46,25.57,21.32,21.72
79.08,4043,237.9,100,0,-0.1,5,11422,-0.03,0.04,115.1,127.5,95.9,98.9,24.46,25.57,21.31,21.71
79.12,4046,238,100,0,0.1,5,11424,-0.01,0.04,115.1,127.5,95.9,98.9,24.46,25.56,21.31,21.71
79.16,4048,238.1,100,0,-0.2,5,11427,-0.05,0.04,115.1,127.5,95.8,98.8,24.46,25.56,21.31,21.71
79.2,4051,238.1,100,0,0.1,5,11430,-0.02,0.04,115.1,127.5,95.8,98.8,24.46,25.56,21.31,21.71
79.24,4054,238.2,100,0,-0.5,5,11433,-0.01,0.04,115.1,127.5,95.8,98.8,24.45,25.56,21.31,21.71
79.28,4056,238.2,100,0,0.3,5,11435,-0.01,0.04,115,127.5,95.8,98.8,24.45,25.56,21.31,21.71
79.32,4059,238.3,100,0,0.6,5,11438,0.01,0.04,115,127.5,95.8,98.8,24.45,25.56,21.31,21.71
79.36,4062,238.4,100,0,0.6,5,11441,-0.03,0.04,115,127.5,95.8,98.8,24.45,25.56,21.31,21.71
79.4,4064,238.4,100,0,0.2,5,11444,-0.02,0.04,115,127.4,95.8,98.8,24.45,25.56,21.31,21.71
79.44,4067,238.5,100,0,-0.5,5,11446,0,0.04,115,127.4,95.8,98.8,24.45,25.56,21.31,21.71
79.48,4069,238.5,100,0,-0.2,5,11449,0.01,0.04,115,127.4,95.7,98.7,24.45,25.56,21.31,21.71
79.52,4072,238.6,100,0,-0.2,5,11452,-0.02,0.04,115,127.4,95.7,98.7,24.45,25.56,21.3,21.7
79.56,4075,238.6,100,0,0.3,5,11455,0.01,0.04,115,127.4,95.7,98.7,24.45,25.56,21.3,21.7
79.6,4077,238.7,100,0,-0.3,5,11458,0.01,0.04,114.9,127.4,95.7,98.7,24.45,25.55,21.3,21.7
79.64,4080,238.8,100,0,-0.1,5,11460,0,0.04,114.9,127.4,95.7,98.7,24.45,25.55,21.3,21.7
79.68,4083,238.8,100,0,0.3,5,11463,0.05,0.04,114.9,127.4,95.7,98.7,24.44,25.55,21.3,21.7
79.72,4085,238.9,100,0,-0.4,5,11466,0,0.04,114.9,127.4,95.7,98.7,24.44,25.55,21.3,21.7
79.76,4088,238.9,100,0,-0.4,5,11469,-0.01,0.04,114.9,127.3,95.7,98.7,24.44,25.55,21.3,21.7
79.8,4091,239,100,0,-0.2,5,11471,0.02,0.04,114.9,127.3,95.6,98.6,24.44,25.55,21.3,21.7
79.84,4093,239,100,0,0.2,5,11474,0.02,0.04,114.9,127.3,95.6,98.6,24.44,25.55,21.3,21.7
79.88,4096,239.1,100,0,-0.3,5,11477,0.02,0.04,114.9,127.3,95.6,98.6,24.44,25.55,21.3,21.7
79.92,4099,239.2,100,0,-0.9,5,11480,-0.03,0.04,114.9,127.3,95.6,98.6,24.44,25.55,21.3,21.7
79.96,4101,239.2,100,0,0.7,5,11482,0,0.04,114.8,127.3,95.6,98.6,24.44,25.55,21.29,21.69
80,4104,239.3,100,0,-0.1,5,11485,0.02,0.04,114.8,127.3,95.6,98.6,24.44,25.55,21.29,21.69
80.04,4107,239.3,100,0,0.4,5,11488,0,0.04,114.8,127.3,95.6,98.6,24.44,25.54,21.29,21.69
80.08,4109,239.4,100,0,-0.1,5,11491,0,0.04,114.8,127.2,95.6,98.6,24.44,25.54,21.29,21.69
80.12,4112,239.4,100,0,0.2,5,11493,0.01,0.04,114.8,127.2,95.6,98.6,24.43,25.54,21.29,21.69
80.16,4115,239.5,100,0,0.2,5,11496,0.02,0.04,114.8,127.2,95.5,98.5,24.43,25.54,21.29,21.69
80.2,4117,239.6,100,0,-0.1,5,11499,-0.01,0.04,114.8,127.2,95.5,98.5,24.43,25.54,21.29,21.69
80.24,4120,239.6,100,0,0.2,5,11502,-0.02,0.04,114.8,127.2,95.5,98.5,24.43,25.54,21.29,21.69
80.28,4123,239.7,100,0,-0.5,5,11505,0,0.04,114.7,127.2,95.5,98.5,24.43,25.54,21.29,21.69
80.32,4125,239.7,100,0,0.1,5,11507,0.02,0.04,114.7,127.2,95.5,98.5,24.43,25.54,21.29,21.69
80.36,4128,239.8,100,0,0.2,5,11510,-0.02,0.04,114.7,127.2,95.5,98.5,24.43,25.54,21.29,21.69
80.4,4131,239.9,100,0,0.2,5,11513,-0.01,0.04,114.7,127.1,95.5,98.5,24.43,25.54,21.29,21.69
80.44,4133,239.9,100,0,0.7,5,11516,-0.01,0.04,114.7,127.1,95.5,98.5,24.43,25.54,21.28,21.68
80.48,4136,240,100,0,-0.9,5,11518,-0.06,0.04,114.7,127.1,95.4,98.4,24.43,25.53,21.28,21.68
80.52,4139,240,100,0,0,5,10138,-0.01,0.04,114.7,127.1,95.4,98.4,24.43,25.53,21.28,21.68
80.56,4141,240.1,100,0,0,5,10141,-0.01,0.04,114.7,127.1,95.4,98.4,24.42,25.53,21.28,21.68
80.6,4144,240.1,100,0,-0.9,5,10144,0,0.04,114.6,127.1,95.4,98.4,24.42,25.53,21.28,21.68
80.64,4147,240.2,100,0,-0.1,5,10146,-0.02,0.04,114.6,127.1,95.4,98.4,24.42,25.53,21.28,21.68
80.68,4149,240.3,100,0,-0.3,5,10148,0.02,0.04,114.6,127.1,95.4,98.4,24.42,25.53,21.28,21.68
80.72,4152,240.3,100,0,0.8,5,10151,-0.01,0.04,114.6,127.1,95.4,98.4,24.42,25.53,21.28,21.68
80.76,4155,240.4,100,0,0.4,5,10153,-0.03,0.04,114.6,127,95.4,98.4,24.42,25.53,21.28,21.68
80.8,4157,240.4,100,0,-0.2,5,10155,-0.02,0.04,114.6,127,95.3,98.3,24.42,25.53,21.28,21.68
80.84,4160,240.5,100,0,-0.5,5,10158,0,0.04,114.6,127,95.3,98.3,24.42,25.53,21.28,21.68
80.88,4163,240.5,100,0,-0.5,5,10160,-0.02,0.04,114.6,127,95.3,98.3,24.42,25.53,21.27,21.67
80.92,4165,240.6,100,0,-0.6,5,10163,0.03,0.04,114.6,127,95.3,98.3,24.42,25.52,21.27,21.67
80.96,4168,240.7,100,0,-0.1,5,10166,-0.01,0.04,114.5,127,95.3,98.3,24.42,25.52,21.27,21.67
81,4171,240.7,100,0,-0.9,5,10168,-0.01,0.04,114.5,127,95.3,98.3,24.41,25.52,21.27,21.67
81.04,4173,240.8,100,0,1,5,10170,0.01,0.04,114.5,127,95.3,98.3,24.41,25.52,21.27,21.67
81.08,4176,240.8,100,0,-0.4,5,10173,-0.02,0.04,114.5,126.9,95.3,98.3,24.41,25.52,21.27,21.67
81.12,4179,240.9,100,0,0.4,5,10175,-0.01,0.04,114.5,126.9,95.3,98.3,24.41,25.52,21.27,21.67
81.16,4181,240.9,100,0,-0.2,5,10177,-0.01,0.04,114.5,126.9,95.2,98.2,24.41,25.52,21.27,21.67
81.2,4184,241,100,0,-0.5,5,10180,0,0.04,114.5,126.9,95.2,98.2,24.41,25.52,21.27,21.67
81.24,4187,241.1,100,0,0,5,10182,-0.03,0.04,114.5,126.9,95.2,98.2,24.41,25.52,21.27,21.67
81.28,4189,241.1,100,0,0.1,5,10185,0.01,0.04,114.4,126.9,95.2,98.2,24.41,25.52,21.27,21.67
81.32,4192,241.2,100,0,-0.8,5,10187,0,0.04,114.4,126.9,95.2,98.2,24.41,25.52,21.26,21.66
81.36,4195,241.2,100,0,0.3,5,11579,0.03,0.04,114.4,126.9,95.2,98.2,24.41,25.51,21.26,21.66
81.4,4197,241.3,100,0,-0.4,5,11582,0.03,0.04,114.4,126.8,95.2,98.2,24.41,25.51,21.26,21.66
81.44,4200,241.3,100,0,-0.1,5,11585,-0.01,0.04,114.4,126.8,95.2,98.2,24.4,25.51,21.26,21.66
81.48,4203,241.4,100,0,-0.3,5,11587,0.01,0.04,114.4,126.8,95.1,98.1,24.4,25.51,21.26,21.66
81.52,4205,241.5,100,0,0,5,11590,0.02,0.04,114.4,126.8,95.1,98.1,24.4,25.51,21.26,21.66
81.56,4208,241.5,100,0,0.2,5,11593,-0.02,0.04,114.4,126.8,95.1,98.1,24.4,25.51,21.26,21.66
81.6,4211,241.6,100,0,-0.4,5,11596,-0.03,0.04,114.3,126.8,95.1,98.1,24.4,25.51,21.26,21.66
81.64,4214,241.6,100,0,0.9,5,11599,-0.01,0.04,114.3,126.8,95.1,98.1,24.4,25.51,21.26,21.66
81.68,4216,241.7,100,0,-0.2,5,11601,-0.01,0.04,114.3,126.8,95.1,98.1,24.4,25.51,21.26,21.66
81.72,4219,241.8,100,0,0.4,5,11604,0,0.04,114.3,126.8,95.1,98.1,24.4,25.51,21.26,21.66
81.76,4222,241.8,100,0,0,5,11607,0.02,0.04,114.3,126.7,95.1,98.1,24.4,25.51,21.25,21.65
81.8,4224,241.9,100,0,0.3,5,11610,0,0.04,114.3,126.7,95,98,24.4,25.5,21.25,21.65
81.84,4227,241.9,100,0,0.6,5,11612,0.01,0.04,114.3,126.7,95,98,24.4,25.5,21.25,21.65
81.88,4230,242,100,0,0.5,5,11615,-0.01,0.04,114.3,126.7,95,98,24.39,25.5,21.25,21.65
81.92,4232,242,100,0,0.1,5,11618,0.03,0.04,114.3,126.7,95,98,24.39,25.5,21.25,21.65
81.96,4235,242.1,100,0,0.1,5,11621,-0.02,0.04,114.2,126.7,95,98,24.39,25.5,21.25,21.65
82,4238,242.2,100,0,0.1,5,11623,0.03,0.04,114.2,126.7,95,98,24.39,25.5,21.25,21.65
82.04,4240,242.2,100,0,0.3,5,11626,-0.02,0.04,114.2,126.7,95,98,24.39,25.5,21.25,21.65
82.08,4243,242.3,100,0,0.2,5,11629,-0.04,0.04,114.2,126.6,95,98,24.39,25.5,21.25,21.65
82.12,4246,242.3,100,0,-0.9,5,11632,-0.01,0.04,114.2,126.6,95,98,24.39,25.5,21.25,21.65
82.16,4248,242.4,100,0,-0.7,5,11634,-0.02,0.04,114.2,126.6,94.9,97.9,24.39,25.5,21.25,21.65
82.2,4251,242.4,100,0,-0.6,5,11637,-0.05,0.04,114.2,126.6,94.9,97.9,24.39,25.5,21.24,21.64
82.24,4254,242.5,100,0,-0.2,5,11640,0,0.04,114.2,126.6,94.9,97.9,24.39,25.49,21.24,21.64
82.28,4257,242.6,100,0,0,5,11643,0.01,0.04,114.1,126.6,94.9,97.9,24.39,25.49,21.24,21.64
82.32,4259,242.6,100,0,0.1,5,11646,0.01,0.04,114.1,126.6,94.9,97.9,24.38,25.49,21.24,21.64
82.36,4262,242.7,100,0,-0.5,5,11648,-0.02,0.04,114.1,126.6,94.9,97.9,24.38,25.49,21.24,21.64
82.4,4265,242.7,100,0,-0.2,5,11651,0.02,0.04,114.1,126.5,94.9,97.9,24.38,25.49,21.24,21.64
82.44,4267,242.8,100,0,0.1,5,11654,-0.03,0.04,114.1,126.5,94.9,97.9,24.38,25.49,21.24,21.64
82.48,4270,242.8,100,0,0.5,5,11657,-0.03,0.04,114.1,126.5,94.8,97.8,24.38,25.49,21.24,21.64
82.52,4273,242.9,100,0,0.5,5,11659,0.01,0.04,114.1,126.5,94.8,97.8,24.38,25.49,21.24,21.64
82.56,4275,243,100,0,0.2,5,11662,0.01,0.04,114.1,126.5,94.8,97.8,24.38,25.49,21.24,21.64
82.6,4278,243,100,0,-0.8,5,11665,-0.02,0.04,114,126.5,94.8,97.8,24.38,25.49,21.24,21.64
82.64,4281,243.1,100,0,0.2,5,11668,-0.04,0.04,114,126.5,94.8,97.8,24.38,25.49,21.23,21.63
82.68,4284,243.1,100,0,1.2,5,11670,0.01,0.04,114,126.5,94.8,97.8,24.38,25.48,21.23,21.63
82.72,4286,243.2,100,0,0.2,5,11673,0,0.04,114,126.5,94.8,97.8,24.38,25.48,21.23,21.63
82.76,4289,243.2,100,0,0.7,5,11676,-0.01,0.04,114,126.4,94.8,97.8,24.38,25.48,21.23,21.63
82.8,4292,243.3,100,0,0.1,5,11679,0.01,0.04,114,126.4,94.7,97.7,24.37,25.48,21.23,21.63
82.84,4294,243.4,100,0,0.6,5,11681,0.01,0.04,114,126.4,94.7,97.7,24.37,25.48,21.23,21.63
82.88,4297,243.4,100,0,0,5,11684,0.03,0.04,114,126.4,94.7,97.7,24.37,25.48,21.23,21.63
82.92,4300,243.5,100,0,-0.4,5,11687,-0.04,0.04,114,126.4,94.7,97.7,24.37,25.48,21.23,21.63
82.96,4302,243.5,100,0,0.5,5,11690,-0.02,0.04,113.9,126.4,94.7,97.7,24.37,25.48,21.23,21.63
83,4305,243.6,100,0,-1.4,5,11693,0,0.04,113.9,126.4,94.7,97.7,24.37,25.48,21.23,21.63
83.04,4308,243.7,100,0,-0.1,5,11695,0,0.04,113.9,126.4,94.7,97.7,24.37,25.48,21.23,21.63
83.08,4311,243.7,100,0,-0.2,5,11698,0.02,0.04,113.9,126.3,94.7,97.7,24.37,25.48,21.22,21.62
83.12,4313,243.8,100,0,0.4,5,11701,-0.02,0.04,113.9,126.3,94.7,97.7,24.37,25.47,21.22,21.62
83.16,4316,243.8,100,0,-0.9,5,11704,-0.01,0.04,113.9,126.3,94.6,97.6,24.37,25.47,21.22,21.62
83.2,4319,243.9,100,0,-0.6,5,11706,-0.01,0.04,113.9,126.3,94.6,97.6,24.37,25.47,21.22,21.62
83.24,4321,243.9,100,0,0.7,5,11709,0.03,0.04,113.9,126.3,94.6,97.6,24.36,25.47,21.22,21.62
83.28,4324,244,100,0,0.3,5,11712,0.02,0.04,113.8,126.3,94.6,97.6,24.36,25.47,21.22,21.62
83.32,4327,244.1,100,0,0,5,11715,0.01,0.04,113.8,126.3,94.6,97.6,24.36,25.47,21.22,21.62
83.36,4330,244.1,100,0,1.1,5,11717,0,0.04,113.8,126.3,94.6,97.6,24.36,25.47,21.22,21.62
83.4,4332,244.2,100,0,0.6,5,11720,0.02,0.04,113.8,126.2,94.6,97.6,24.36,25.47,21.22,21.62
83.44,4335,244.2,100,0,0,5,11723,-0.03,0.04,113.8,126.2,94.6,97.6,24.36,25.47,21.22,21.62
83.48,4338,244.3,100,0,0,5,11726,0.01,0.04,113.8,126.2,94.5,97.5,24.36,25.47,21.22,21.62
83.52,4340,244.3,100,0,0.4,5,11728,-0.01,0.04,113.8,126.2,94.5,97.5,24.36,25.47,21.21,21.61
83.56,4343,244.4,100,0,-0.8,5,11731,0.02,0.04,113.8,126.2,94.5,97.5,24.36,25.47,21.21,21.61
83.6,4346,244.5,100,0,0.2,5,11734,-0.01,0.04,113.7,126.2,94.5,97.5,24.36,25.46,21.21,21.61
83.64,4349,244.5,100,0,0,5,11737,-0.03,0.04,113.7,126.2,94.5,97.5,24.36,25.46,21.21,21.61
83.68,4351,244.6,100,0,0.7,5,11740,0,0.04,113.7,126.2,94.5,97.5,24.35,25.46,21.21,21.61
83.72,4354,244.6,100,0,0,5,11742,-0.02,0.04,113.7,126.2,94.5,97.5,24.35,25.46,21.21,21.61
83.76,4357,244.7,100,0,0.3,5,11745,0.03,0.04,113.7,126.1,94.5,97.5,24.35,25.46,21.21,21.61
83.8,4359,244.7,100,0,-0.2,5,11748,-0.03,0.04,113.7,126.1,94.4,97.4,24.35,25.46,21.21,21.61
83.84,4362,244.8,100,0,-0.5,5,11751,0.01,0.04,113.7,126.1,94.4,97.4,24.35,25.46,21.21,21.61
83.88,4365,244.9,100,0,-0.1,5,11753,-0.02,0.04,113.7,126.1,94.4,97.4,24.35,25.46,21.21,21.61
83.92,4368,244.9,100,0,0.4,5,11756,0.02,0.04,113.7,126.1,94.4,97.4,24.35,25.46,21.21,21.61
83.96,4370,245,100,0,0.4,5,11759,-0.02,0.04,113.6,126.1,94.4,97.4,24.35,25.46,21.2,21.6
84,4373,245,100,0,0.3,5,11762,0.01,0.04,113.6,126.1,94.4,97.4,24.35,25.46,21.2,21.6
84.04,4376,245.1,100,0,0.2,5,11764,-0.03,0.04,113.6,126.1,94.4,97.4,24.35,25.45,21.2,21.6
84.08,4378,245.1,100,0,-0.1,5,11767,-0.02,0.04,113.6,126,94.4,97.4,24.35,25.45,21.2,21.6
84.12,4381,245.2,100,0,-0.2,5,11770,0.01,0.04,113.6,126,94.4,97.4,24.34,25.45,21.2,21.6
84.16,4384,245.3,100,0,0.6,5,11773,0,0.04,113.6,126,94.3,97.3,24.34,25.45,21.2,21.6
84.2,4387,245.3,100,0,-0.4,5,11775,-0.01,0.04,113.6,126,94.3,97.3,24.34,25.45,21.2,21.6
84.24,4389,245.4,100,0,0.3,5,11778,0,0.04,113.6,126,94.3,97.3,24.34,25.45,21.2,21.6
84.28,4392,245.4,100,0,0,5,11781,-0.01,0.04,113.5,126,94.3,97.3,24.34,25.45,21.2,21.6
84.32,4395,245.5,100,0,-0.2,5,11784,0.01,0.04,113.5,126,94.3,97.3,24.34,25.45,21.2,21.6
84.36,4398,245.6,100,0,0,5,11787,-0.01,0.04,113.5,126,94.3,97.3,24.34,25.45,21.2,21.6
84.4,4400,245.6,100,0,-0.5,5,11789,-0.03,0.04,113.5,125.9,94.3,97.3,24.34,25.45,21.2,21.6
84.44,4403,245.7,100,0,0.6,5,11792,0.02,0.04,113.5,125.9,94.3,97.3,24.34,25.45,21.19,21.59
84.48,4406,245.7,100,0,0.2,5,11795,0.02,0.04,113.5,125.9,94.2,97.2,24.34,25.44,21.19,21.59
84.52,4408,245.8,100,0,0.2,5,11798,-0.01,0.04,113.5,125.9,94.2,97.2,24.34,25.44,21.19,21.59
84.56,4411,245.8,100,0,-0.7,5,11800,-0.01,0.04,113.5,125.9,94.2,97.2,24.33,25.44,21.19,21.59
84.6,4414,245.9,100,0,-0.3,5,11803,0.03,0.04,113.4,125.9,94.2,97.2,24.33,25.44,21.19,21.59
84.64,4417,246,100,0,0.5,5,11806,0,0.04,113.4,125.9,94.2,97.2,24.33,25.44,21.19,21.59
84.68,4419,246,100,0,0.4,5,11809,-0.01,0.04,113.4,125.9,94.2,97.2,24.33,25.44,21.19,21.59
84.72,4422,246.1,100,0,-0.6,5,11811,0.06,0.04,113.4,125.9,94.2,97.2,24.33,25.44,21.19,21.59
84.76,4425,246.1,100,0,0.3,5,11814,-0.01,0.04,113.4,125.8,94.2,97.2,24.33,25.44,21.19,21.59
84.8,4428,246.2,100,0,-0.4,5,11817,0,0.04,113.4,125.8,94.1,97.1,24.33,25.44,21.19,21.59
84.84,4430,246.2,100,0,-0.1,5,11820,0.01,0.04,113.4,125.8,94.1,97.1,24.33,25.44,21.19,21.59
84.88,4433,246.3,100,0,-0.2,5,11822,-0.03,0.04,113.4,125.8,94.1,97.1,24.33,25.44,21.18,21.58
84.92,4436,246.4,100,0,-0.1,5,11825,0.04,0.04,113.4,125.8,94.1,97.1,24.33,25.43,21.18,21.58
84.96,4439,246.4,100,0,-0.3,5,11828,0.01,0.04,113.3,125.8,94.1,97.1,24.33,25.43,21.18,21.58
85,4441,246.5,100,0,-0.5,5,11831,-0.02,0.04,113.3,125.8,94.1,97.1,24.32,25.43,21.18,21.58
85.04,4444,246.5,100,0,0.3,5,11834,-0.03,0.04,113.3,125.8,94.1,97.1,24.32,25.43,21.18,21.58
85.08,4447,246.6,100,0,0.1,5,11836,-0.02,0.04,113.3,125.7,94.1,97.1,24.32,25.43,21.18,21.58
85.12,4450,246.6,100,0,1.1,5,11839,0.02,0.04,113.3,125.7,94.1,97.1,24.32,25.43,21.18,21.58
85.16,4452,246.7,100,0,0.1,5,11842,-0.04,0.04,113.3,125.7,94,97,24.32,25.43,21.18,21.58
85.2,4455,246.8,100,0,0.1,5,11845,0.01,0.04,113.3,125.7,94,97,24.32,25.43,21.18,21.58
85.24,4458,246.8,100,0,0.2,5,11847,0.01,0.04,113.3,125.7,94,97,24.32,25.43,21.18,21.58
85.28,4460,246.9,100,0,-0.2,5,11850,-0.02,0.04,113.2,125.7,94,97,24.32,25.43,21.18,21.58
85.32,4463,246.9,100,0,0,5,11853,0,0.04,113.2,125.7,94,97,24.32,25.43,21.17,21.57
85.36,4466,247,100,0,0.1,5,11856,-0.01,0.04,113.2,125.7,94,97,24.32,25.42,21.17,21.57
85.4,4469,247.1,100,0,0.3,5,11858,-0.01,0.04,113.2,125.6,94,97,24.32,25.42,21.17,21.57
85.44,4471,247.1,100,0,0.2,5,11861,0.01,0.04,113.2,125.6,94,97,24.31,25.42,21.17,21.57
85.48,4474,247.2,100,0,0.3,5,11864,-0.01,0.04,113.2,125.6,93.9,96.9,24.31,25.42,21.17,21.57
85.52,4477,247.2,100,0,0.8,5,11867,0.04,0.04,113.2,125.6,93.9,96.9,24.31,25.42,21.17,21.57
85.56,4480,247.3,100,0,0.1,5,11869,0.02,0.04,113.2,125.6,93.9,96.9,24.31,25.42,21.17,21.57
85.6,4482,247.3,100,0,-0.4,5,11872,0.04,0.04,113.1,125.6,93.9,96.9,24.31,25.42,21.17,21.57
85.64,4485,247.4,100,0,0,5,11875,-0.01,0.04,113.1,125.6,93.9,96.9,24.31,25.42,21.17,21.57
85.68,4488,247.5,100,0,-0.2,5,11878,-0.01,0.04,113.1,125.6,93.9,96.9,24.31,25.42,21.17,21.57
85.72,4491,247.5,100,0,0.6,5,11881,-0.01,0.04,113.1,125.6,93.9,96.9,24.31,25.42,21.17,21.57
85.76,4493,247.6,100,0,0.2,5,11883,-0.03,0.04,113.1,125.5,93.9,96.9,24.31,25.42,21.16,21.56
85.8,4496,247.6,100,0,0.5,5,11886,0,0.04,113.1,125.5,93.8,96.8,24.31,25.41,21.16,21.56
85.84,4499,247.7,100,0,0,5,11889,-0.01,0.04,113.1,125.5,93.8,96.8,24.31,25.41,21.16,21.56
85.88,4502,247.7,100,0,0.5,5,11892,0.02,0.04,113.1,125.5,93.8,96.8,24.3,25.41,21.16,21.56
85.92,4504,247.8,100,0,-0.5,5,11894,0.01,0.04,113.1,125.5,93.8,96.8,24.3,25.41,21.16,21.56
85.96,4507,247.9,100,0,-0.6,5,11897,0.03,0.04,113,125.5,93.8,96.8,24.3,25.41,21.16,21.56
86,4510,247.9,100,0,-0.2,5,11900,0.04,0.04,113,125.5,93.8,96.8,24.3,25.41,21.16,21.56
86.04,4513,248,100,0,0.4,5,11903,0,0.04,113,125.5,93.8,96.8,24.3,25.41,21.16,21.56
86.08,4515,248,100,0,0.3,5,11905,0.01,0.04,113,125.4,93.8,96.8,24.3,25.41,21.16,21.56
86.12,4518,248.1,100,0,-0.9,5,11908,0.02,0.04,113,125.4,93.8,96.8,24.3,25.41,21.16,21.56
86.16,4521,248.1,100,0,-0.5,5,11911,-0.01,0.04,113,125.4,93.7,96.7,24.3,25.41,21.16,21.56
86.2,4524,248.2,100,0,0.2,5,11914,0.02,0.04,113,125.4,93.7,96.7,24.3,25.41,21.15,21.55
86.24,4526,248.3,100,0,-0.4,5,11916,0.01,0.04,113,125.4,93.7,96.7,24.3,25.4,21.15,21.55
86.28,4529,248.3,100,0,0.7,5,11919,0.02,0.04,112.9,125.4,93.7,96.7,24.3,25.4,21.15,21.55
86.32,4532,248.4,100,0,-0.6,5,11922,0,0.04,112.9,125.4,93.7,96.7,24.29,25.4,21.15,21.55
86.36,4535,248.4,100,0,-0.1,5,11925,-0.01,0.04,112.9,125.4,93.7,96.7,24.29,25.4,21.15,21.55
86.4,4538,248.5,100,0,-0.7,5,11928,-0.01,0.04,112.9,125.3,93.7,96.7,24.29,25.4,21.15,21.55
86.44,4540,248.5,100,0,-0.2,5,11930,0.03,0.04,112.9,125.3,93.7,96.7,24.29,25.4,21.15,21.55
86.48,4543,248.6,100,0,0,5,11933,0,0.04,112.9,125.3,93.6,96.6,24.29,25.4,21.15,21.55
86.52,4546,248.7,100,0,-0.4,5,11936,0.01,0.04,112.9,125.3,93.6,96.6,24.29,25.4,21.15,21.55
86.56,4549,248.7,100,0,0.3,5,11939,-0.01,0.04,112.9,125.3,93.6,96.6,24.29,25.4,21.15,21.55
86.6,4551,248.8,100,0,0.2,5,11941,-0.01,0.04,112.8,125.3,93.6,96.6,24.29,25.4,21.15,21.55
86.64,4554,248.8,100,0,-0.8,5,11944,-0.02,0.04,112.8,125.3,93.6,96.6,24.29,25.4,21.14,21.54
86.68,4557,248.9,100,0,-0.2,5,11947,0.01,0.04,112.8,125.3,93.6,96.6,24.29,25.39,21.14,21.54
86.72,4560,249,100,0,-0.5,5,11950,0,0.04,112.8,125.3,93.6,96.6,24.29,25.39,21.14,21.54
86.76,4562,249,100,0,0.6,5,11952,-0.01,0.04,112.8,125.2,93.6,96.6,24.29,25.39,21.14,21.54
86.8,4565,249.1,100,0,0.4,5,11955,0,0.04,112.8,125.2,93.5,96.5,24.28,25.39,21.14,21.54
86.84,4568,249.1,100,0,0.4,5,11958,-0.01,0.04,112.8,125.2,93.5,96.5,24.28,25.39,21.14,21.54
86.88,4571,249.2,100,0,0,5,11961,0,0.04,112.8,125.2,93.5,96.5,24.28,25.39,21.14,21.54
86.92,4573,249.2,100,0,-0.3,5,11963,-0.03,0.04,112.8,125.2,93.5,96.5,24.28,25.39,21.14,21.54
86.96,4576,249.3,100,0,-0.5,5,11966,0.02,0.04,112.7,125.2,93.5,96.5,24.28,25.39,21.14,21.54
87,4579,249.4,100,0,0.2,5,11969,0,0.04,112.7,125.2,93.5,96.5,24.28,25.39,21.14,21.54
87.04,4582,249.4,100,0,-0.1,5,11972,0.02,0.04,112.7,125.2,93.5,96.5,24.28,25.39,21.14,21.54
87.08,4585,249.5,100,0,0.2,5,11975,0.01,0.04,112.7,125.1,93.5,96.5,24.28,25.39,21.13,21.53
87.12,4587,249.5,100,0,-0.4,5,11977,-0.07,0.04,112.7,125.1,93.5,96.5,24.28,25.38,21.13,21.53
87.16,4590,249.6,100,0,0,5,11980,-0.02,0.04,112.7,125.1,93.4,96.4,24.28,25.38,21.13,21.53
87.2,4593,249.6,100,0,-1,5,11983,-0.02,0.04,112.7,125.1,93.4,96.4,24.28,25.38,21.13,21.53
87.24,4596,249.7,100,0,-0.2,5,11986,0,0.04,112.7,125.1,93.4,96.4,24.27,25.38,21.13,21.53
87.28,4598,249.8,100,0,-0.2,5,11988,-0.01,0.04,112.6,125.1,93.4,96.4,24.27,25.38,21.13,21.53
87.32,4601,249.8,100,0,0.2,5,11991,-0.04,0.04,112.6,125.1,93.4,96.4,24.27,25.38,21.13,21.53
87.36,4604,249.9,100,0,-0.4,5,11994,-0.02,0.04,112.6,125.1,93.4,96.4,24.27,25.38,21.13,21.53
87.4,4607,249.9,100,0,0.2,5,11997,0,0.04,112.6,125,93.4,96.4,24.27,25.38,21.13,21.53
87.44,4610,250,100,0,0.2,5,11999,0.01,0.04,112.6,125,93.4,96.4,24.27,25.38,21.13,21.53
87.48,4612,250,100,0,-0.5,6,10252,0,0.04,112.6,125,93.3,96.3,24.27,25.38,21.13,21.53
87.52,4615,250.1,100,0,0,6,10254,-0.01,0.04,112.6,125,93.3,96.3,24.27,25.38,21.12,21.52
87.56,4618,250.2,100,0,-0.2,6,10257,-0.02,0.04,112.6,125,93.3,96.3,24.27,25.38,21.12,21.52
87.6,4621,250.2,100,0,-0.2,6,10259,0.04,0.04,112.5,125,93.3,96.3,24.27,25.37,21.12,21.52
87.64,4623,250.3,100,0,-0.3,6,10261,0.01,0.04,112.5,125,93.3,96.3,24.27,25.37,21.12,21.52
87.68,4626,250.3,100,0,-0.4,6,10264,0,0.04,112.5,125,93.3,96.3,24.26,25.37,21.12,21.52
87.72,4629,250.4,100,0,-0.1,6,10266,-0.04,0.04,112.5,125,93.3,96.3,24.26,25.37,21.12,21.52
87.76,4632,250.4,100,0,0.5,6,10268,0,0.04,112.5,124.9,93.3,96.3,24.26,25.37,21.12,21.52
87.8,4635,250.5,100,0,-0.5,6,10271,-0.02,0.04,112.5,124.9,93.2,96.2,24.26,25.37,21.12,21.52
87.84,4637,250.6,100,0,-0.1,6,10273,0.02,0.04,112.5,124.9,93.2,96.2,24.26,25.37,21.12,21.52
87.88,4640,250.6,100,0,0,6,10275,-0.02,0.04,112.5,124.9,93.2,96.2,24.26,25.37,21.12,21.52
87.92,4643,250.7,100,0,-0.3,6,10278,-0.01,0.04,112.5,124.9,93.2,96.2,24.26,25.37,21.12,21.52
87.96,4646,250.7,100,0,0.3,6,10280,-0.01,0.04,112.4,124.9,93.2,96.2,24.26,25.37,21.11,21.51
88,4648,250.8,100,0,-0.3,6,10283,-0.01,0.04,112.4,124.9,93.2,96.2,24.26,25.37,21.11,21.51
88.04,4651,250.9,100,0,-0.5,6,10285,0,0.04,112.4,124.9,93.2,96.2,24.26,25.36,21.11,21.51
88.08,4654,250.9,100,0,-0.4,6,10287,-0.02,0.04,112.4,124.8,93.2,96.2,24.26,25.36,21.11,21.51
88.12,4657,251,100,0,-0.6,6,10290,0.02,0.04,112.4,124.8,93.2,96.2,24.25,25.36,21.11,21.51
88.16,4660,251,100,0,-0.3,6,10292,-0.02,0.04,112.4,124.8,93.1,96.1,24.25,25.36,21.11,21.51
88.2,4662,251.1,100,0,-0.3,6,10294,0.02,0.04,112.4,124.8,93.1,96.1,24.25,25.36,21.11,21.51
88.24,4665,251.1,100,0,0.4,6,10297,-0.02,0.04,112.4,124.8,93.1,96.1,24.25,25.36,21.11,21.51
88.28,4668,251.2,100,0,-0.6,6,10299,0.01,0.04,112.3,124.8,93.1,96.1,24.25,25.36,21.11,21.51
88.32,4671,251.3,100,0,0.2,6,10301,0.03,0.04,112.3,124.8,93.1,96.1,24.25,25.36,21.11,21.51
88.36,4674,251.3,100,0,0.3,6,10304,-0.02,0.04,112.3,124.8,93.1,96.1,24.25,25.36,21.11,21.51
88.4,4676,251.4,100,0,-0.2,6,10306,0.02,0.04,112.3,124.7,93.1,96.1,24.25,25.36,21.11,21.51
88.44,4679,251.4,100,0,0,6,10309,0,0.04,112.3,124.7,93.1,96.1,24.25,25.36,21.1,21.5
88.48,4682,251.5,100,0,-0.3,6,10311,0,0.04,112.3,124.7,93,96,24.25,25.35,21.1,21.5
88.52,4685,251.5,100,0,0.6,6,10313,0.01,0.04,112.3,124.7,93,96,24.25,25.35,21.1,21.5
88.56,4688,251.6,100,0,-0.2,6,10316,-0.02,0.04,112.3,124.7,93,96,24.24,25.35,21.1,21.5
88.6,4690,251.7,100,0,0.1,6,10318,-0.02,0.04,112.2,124.7,93,96,24.24,25.35,21.1,21.5
88.64,4693,251.7,100,0,0.2,6,10320,0.01,0.04,112.2,124.7,93,96,24.24,25.35,21.1,21.5
88.68,4696,251.8,100,0,0,6,10323,0,0.04,112.2,124.7,93,96,24.24,25.35,21.1,21.5
88.72,4699,251.8,100,0,0.1,6,10325,-0.02,0.04,112.2,124.7,93,96,24.24,25.35,21.1,21.5
88.76,4702,251.9,100,0,0.1,6,10327,-0.01,0.04,112.2,124.6,93,96,24.24,25.35,21.1,21.5
88.8,4704,251.9,100,0,0.6,6,10330,-0.03,0.04,112.2,124.6,92.9,95.9,24.24,25.35,21.1,21.5
88.84,4707,252,100,0,0.1,6,10332,-0.01,0.04,112.2,124.6,92.9,95.9,24.24,25.35,21.1,21.5
88.88,4710,252.1,100,0,0.8,6,10335,0.01,0.04,112.2,124.6,92.9,95.9,24.24,25.35,21.09,21.49
88.92,4713,252.1,100,0,-0.5,6,10337,-0.06,0.04,112.2,124.6,92.9,95.9,24.24,25.34,21.09,21.49
88.96,4716,252.2,100,0,0,6,10339,0.02,0.04,112.1,124.6,92.9,95.9,24.24,25.34,21.09,21.49
89,4718,252.2,100,0,0.2,6,10342,0.02,0.04,112.1,124.6,92.9,95.9,24.23,25.34,21.09,21.49
89.04,4721,252.3,100,0,0.4,6,10344,0,0.04,112.1,124.6,92.9,95.9,24.23,25.34,21.09,21.49
89.08,4724,252.3,100,0,-0.2,6,10346,-0.05,0.04,112.1,124.5,92.9,95.9,24.23,25.34,21.09,21.49
89.12,4727,252.4,100,0,-0.3,6,10349,0.01,0.04,112.1,124.5,92.9,95.9,24.23,25.34,21.09,21.49
89.16,4730,252.5,100,0,0.1,6,10351,0,0.04,112.1,124.5,92.8,95.8,24.23,25.34,21.09,21.49
89.2,4732,252.5,100,0,-0.2,6,10353,0.01,0.04,112.1,124.5,92.8,95.8,24.23,25.34,21.09,21.49
89.24,4735,252.6,100,0,0.3,6,10356,-0.02,0.04,112.1,124.5,92.8,95.8,24.23,25.34,21.09,21.49
89.28,4738,252.6,100,0,0.4,6,10358,-0.01,0.04,112,124.5,92.8,95.8,24.23,25.34,21.09,21.49
89.32,4741,252.7,100,0,-0.2,6,10361,0.03,0.04,112,124.5,92.8,95.8,24.23,25.34,21.08,21.48
89.36,4744,252.8,100,0,0.9,6,10363,0.04,0.04,112,124.5,92.8,95.8,24.23,25.33,21.08,21.48
89.4,4746,252.8,100,0,-0.1,6,10365,0,0.04,112,124.4,92.8,95.8,24.23,25.33,21.08,21.48
89.44,4749,252.9,100,0,0.2,6,10368,0.01,0.04,112,124.4,92.8,95.8,24.22,25.33,21.08,21.48
89.48,4752,252.6,0,4,-0.2,6,10357,0,-4.2,112,124.6,92.8,95.8,24.23,25.34,21.08,21.48
89.52,4755,252,0,9,-0.6,6,10333,0,-4.2,112.1,124.7,92.8,95.8,24.23,25.35,21.08,21.48
89.56,4758,251.1,0,15,0.3,6,10294,0,-4.2,112.1,124.8,92.8,95.8,24.23,25.36,21.08,21.48
89.6,4760,249.8,0,20,1.8,5,11990,0,-4.2,112.2,124.9,92.8,95.8,24.24,25.37,21.08,21.48
89.64,4763,248.1,0,26,-0.1,5,11910,0,-4.2,112.2,125,92.8,95.8,24.24,25.38,21.08,21.48
89.68,4766,246.1,0,31,-0.5,5,11815,0,-4.2,112.2,125.2,92.8,95.8,24.24,25.39,21.08,21.48
89.72,4769,243.8,0,37,0.9,5,11701,0,-4.2,112.3,125.3,92.8,95.8,24.25,25.4,21.08,21.48
89.76,4771,241.1,0,42,-2,5,11572,0,-4.2,112.3,125.4,92.8,95.8,24.25,25.4,21.08,21.48
89.8,4774,238.1,0,47,0.4,5,11428,0,-4.2,112.4,125.5,92.8,95.8,24.25,25.41,21.08,21.48
89.84,4777,234.9,0,50,-0.5,5,11274,0,-4.2,112.4,125.6,92.8,95.8,24.25,25.42,21.08,21.48
89.88,4779,231.7,0,50,-0.2,5,11121,0,-4.2,112.4,125.8,92.8,95.8,24.26,25.43,21.08,21.48
89.92,4782,228.5,0,50,1.3,5,10967,0,-4.2,112.5,125.9,92.8,95.8,24.26,25.44,21.08,21.48
89.96,4784,225.3,0,50,-1,5,10814,0,-4.2,112.5,126,92.8,95.8,24.26,25.45,21.08,21.48
90,4787,222.1,0,50,1.3,5,10660,0,-4.2,112.6,126.1,92.8,95.8,24.27,25.46,21.08,21.48
90.04,4789,220,0,50,1.5,5,10560,0,-4.2,112.6,126.2,92.8,95.8,24.27,25.47,21.08,21.48
90.08,4792,220,0,50,0.7,5,10560,0,-4.2,112.6,126.4,92.8,95.8,24.27,25.48,21.08,21.48
90.12,4794,220,0,50,0,5,10560,0,-4.2,112.7,126.5,92.8,95.8,24.28,25.49,21.08,21.48
90.16,4797,220,0,50,0.4,5,10560,0,-4.2,112.7,126.6,92.8,95.8,24.28,25.49,21.08,21.48
90.2,4799,220,0,50,-0.1,5,10560,0,-4.2,112.8,126.7,92.8,95.8,24.28,25.5,21.08,21.48
90.24,4802,220,0,50,0.7,5,10560,0,-4.2,112.8,126.8,92.8,95.8,24.28,25.51,21.08,21.48
90.28,4804,220,0,50,-0.5,5,10560,0,-4.2,112.8,127,92.8,95.8,24.29,25.52,21.08,21.48
90.32,4806,220,0,50,-1.4,5,10560,0,-4.2,112.9,127.1,92.8,95.8,24.29,25.53,21.08,21.48
90.36,4809,220,0,50,2.5,5,10560,0,-4.2,112.9,127.2,92.8,95.8,24.29,25.54,21.08,21.48
90.4,4811,220,0,50,1,5,10560,0,-4.2,113,127.3,92.8,95.8,24.3,25.55,21.08,21.48
90.44,4814,220,0,50,-0.9,5,10560,0,-4.2,113,127.4,92.8,95.8,24.3,25.56,21.08,21.48
90.48,4816,220,0,50,1,5,10560,0,-4.2,113,127.6,92.8,95.8,24.3,25.57,21.08,21.48
90.52,4819,220,0,50,0.4,5,10560,0,-4.2,113.1,127.7,92.8,95.8,24.31,25.58,21.08,21.48
90.56,4821,220,0,50,1,5,10560,0,-4.2,113.1,127.8,92.8,95.8,24.31,25.58,21.08,21.48
90.6,4824,220,0,50,-0.4,5,10560,0,-4.2,113.2,127.9,92.8,95.8,24.31,25.59,21.08,21.48
90.64,4826,220,0,50,0.1,5,10560,0,-4.2,113.2,128,92.8,95.8,24.31,25.6,21.08,21.48
90.68,4828,220,0,49,-1.7,5,10560,-0.08,-1.37,113.2,128.2,92.8,95.8,24.32,25.61,21.08,21.48
90.72,4831,220,0,47,-3.1,5,10560,-0.18,-1.33,113.3,128.3,92.8,95.8,24.32,25.62,21.08,21.48
90.76,4833,220,0,45,-3.9,5,10560,-0.28,-1.3,113.3,128.4,92.8,95.8,24.32,25.63,21.08,21.48
90.8,4836,220,0,43,-6.2,5,10560,-0.38,-1.26,113.4,128.5,92.8,95.8,24.33,25.64,21.08,21.48
90.84,4838,220,0,41,-6.9,5,10560,-0.48,-1.22,113.4,128.6,92.8,95.8,24.33,25.65,21.08,21.48
90.88,4841,220,0,40,-8.3,5,10560,-0.58,-1.19,113.4,128.8,92.8,95.8,24.33,25.66,21.08,21.48
90.92,4843,220,0,38,-11,5,10560,-0.68,-1.15,113.5,128.9,92.8,95.8,24.34,25.67,21.08,21.48
90.96,4846,220,0,36,-12.7,5,10560,-0.78,-1.11,113.5,129,92.8,95.8,24.34,25.67,21.08,21.48
91,4848,220,0,35,-13.8,5,10560,-0.88,-1.08,113.6,129.1,92.8,95.8,24.34,25.68,21.08,21.48
91.04,4850,220,0,33,-14.3,5,10560,-0.97,-1.04,113.6,129.2,92.8,95.8,24.34,25.69,21.08,21.48
91.08,4853,220,0,31,-15.7,5,10560,-1.07,-1,113.6,129.4,92.8,95.8,24.35,25.7,21.08,21.48
91.12,4855,220,0,30,-17.8,5,10560,-1.17,-0.97,113.7,129.5,92.8,95.8,24.35,25.71,21.08,21.48
91.16,4858,220,0,28,-19.4,5,10560,-1.27,-0.93,113.7,129.6,92.8,95.8,24.35,25.72,21.08,21.48
91.2,4860,220,0,27,-20,5,10560,-1.37,-0.89,113.8,129.7,92.8,95.8,24.36,25.73,21.08,21.48
91.24,4863,220,0,25,-22.4,5,10560,-1.47,-0.86,113.8,129.8,92.8,95.8,24.36,25.74,21.08,21.48
91.28,4865,220,0,24,-24.1,5,10560,-1.57,-0.82,113.8,130,92.8,95.8,24.36,25.75,21.08,21.48
91.32,4868,220,0,22,-22.8,5,10560,-1.67,-0.78,113.9,130.1,92.8,95.8,24.37,25.76,21.08,21.48
91.36,4870,220,0,21,-25.1,5,10560,-1.77,-0.75,113.9,130.2,92.8,95.8,24.37,25.76,21.08,21.48
91.4,4872,220,0,19,-26.7,5,10560,-1.87,-0.71,114,130.3,92.8,95.8,24.37,25.77,21.08,21.48
91.44,4875,220,0,18,-27.8,5,10560,-1.97,-0.67,114,130.4,92.8,95.8,24.37,25.78,21.08,21.48
91.48,4877,220,0,17,-28.2,5,10560,-2.07,-0.64,114,130.6,92.8,95.8,24.38,25.79,21.08,21.48
91.52,4880,220,0,15,-30.3,5,10560,-2.17,-0.6,114.1,130.7,92.8,95.8,24.38,25.8,21.08,21.48
91.56,4882,220,0,14,-30.5,5,10560,-2.27,-0.56,114.1,130.8,92.8,95.8,24.38,25.81,21.08,21.48
91.6,4885,220,0,13,-31.8,5,10560,-2.37,-0.53,114.2,130.9,92.8,95.8,24.39,25.82,21.08,21.48
91.64,4887,220,0,12,-32.3,5,10560,-2.47,-0.49,114.2,131,92.8,95.8,24.39,25.83,21.08,21.48
91.68,4890,220,0,10,-32.8,5,10560,-2.56,-0.46,114.2,131.2,92.8,95.8,24.39,25.84,21.08,21.48
91.72,4892,220,0,9,-33.8,5,10560,-2.66,-0.42,114.3,131.3,92.8,95.8,24.4,25.85,21.08,21.48
91.76,4894,220,0,8,-34.5,5,10560,-2.76,-0.38,114.3,131.4,92.8,95.8,24.4,25.85,21.08,21.48
91.8,4897,220,0,7,-35.7,5,10560,-2.86,-0.35,114.4,131.5,92.8,95.8,24.4,25.86,21.08,21.48
91.84,4899,220,0,6,-35.3,5,10560,-2.96,-0.31,114.4,131.6,92.8,95.8,24.4,25.87,21.08,21.48
91.88,4902,220,0,5,-36.8,5,10560,-3.06,-0.27,114.4,131.8,92.8,95.8,24.41,25.88,21.08,21.48
91.92,4904,220,0,4,-36.4,5,10560,-3.16,-0.24,114.5,131.9,92.8,95.8,24.41,25.89,21.08,21.48
91.96,4907,220,0,3,-37.2,5,10560,-3.26,-0.2,114.5,132,92.8,95.8,24.41,25.9,21.08,21.48
92,4909,220,0,2,-37.6,5,10560,-3.36,-0.16,114.6,132.1,92.8,95.8,24.42,25.91,21.08,21.48
92.04,4912,220,0,2,-37.5,5,10560,-3.46,-0.13,114.6,132.2,92.8,95.8,24.42,25.92,21.08,21.48
92.08,4914,220,0,1,-37.4,5,10560,-3.56,-0.09,114.6,132.4,92.8,95.8,24.42,25.93,21.08,21.48
92.12,4916,220,0,1,-38.9,5,10560,-3.66,-0.05,114.7,132.5,92.8,95.8,24.43,25.94,21.08,21.48
92.16,4919,220,0,0,-37.5,5,10560,-3.76,-0.02,114.7,132.6,92.8,95.8,24.43,25.94,21.08,21.48
92.2,4921,220,2,0,-37.5,5,10560,-3.38,0,114.7,132.6,92.8,95.8,24.43,25.94,21.08,21.48
92.24,4924,220,4,0,-37.6,5,10560,-3.34,0.01,114.7,132.6,92.8,95.8,24.43,25.94,21.09,21.49
92.28,4926,220,6,0,-36.7,5,10560,-3.31,0.02,114.7,132.6,92.9,95.9,24.43,25.94,21.09,21.49
92.32,4929,220,8,0,-36.1,5,10561,-3.27,0.03,114.7,132.6,92.9,95.9,24.43,25.94,21.09,21.49
92.36,4931,220,9,0,-36,5,10561,-3.23,0.04,114.7,132.6,92.9,95.9,24.43,25.94,21.09,21.49
92.4,4934,220,11,0,-34.8,5,10561,-3.19,0.05,114.7,132.6,93,96,24.43,25.94,21.1,21.5
92.44,4936,220,13,0,-34.8,5,10562,-3.16,0.06,114.7,132.6,93,96,24.43,25.94,21.1,21.5
92.48,4938,220,14,0,-33.2,5,10562,-3.12,0.07,114.7,132.6,93,96,24.43,25.94,21.1,21.5
92.52,4941,220.1,16,0,-33.6,5,10563,-3.08,0.08,114.7,132.6,93.1,96.1,24.43,25.94,21.11,21.51
92.56,4943,220.1,18,0,-32.9,5,10563,-3.05,0.08,114.7,132.6,93.1,96.1,24.43,25.94,21.11,21.51
92.6,4946,220.1,19,0,-32.5,5,10564,-3.01,0.09,114.7,132.6,93.1,96.1,24.43,25.94,21.11,21.51
92.64,4948,220.1,21,0,-31.8,5,10564,-2.97,0.1,114.7,132.6,93.2,96.2,24.43,25.94,21.11,21.51
92.68,4951,220.1,22,0,-32.6,5,10565,-2.94,0.11,114.7,132.6,93.2,96.2,24.43,25.94,21.12,21.52
92.72,4953,220.1,24,0,-30.5,5,10566,-2.9,0.12,114.7,132.6,93.2,96.2,24.43,25.94,21.12,21.52
92.76,4956,220.1,25,0,-31.3,5,10567,-2.86,0.13,114.7,132.6,93.3,96.3,24.43,25.94,21.12,21.52
92.8,4958,220.2,27,0,-30.2,5,10568,-2.82,0.14,114.7,132.6,93.3,96.3,24.43,25.94,21.12,21.52
92.84,4960,220.2,28,0,-29.3,5,10568,-2.79,0.15,114.7,132.6,93.4,96.4,24.43,25.94,21.13,21.53
92.88,4963,220.2,30,0,-29.1,5,10569,-2.75,0.16,114.7,132.6,93.4,96.4,24.43,25.94,21.13,21.53
92.92,4965,220.2,31,0,-28.1,5,10570,-2.71,0.16,114.7,132.6,93.4,96.4,24.43,25.94,21.13,21.53
92.96,4968,220.2,32,0,-27.9,5,10571,-2.68,0.17,114.7,132.6,93.5,96.5,24.43,25.94,21.13,21.53
93,4970,220.3,34,0,-27.1,5,10572,-2.64,0.18,114.7,132.6,93.5,96.5,24.43,25.94,21.14,21.54
93.04,4973,220.3,35,0,-27.1,5,10574,-2.6,0.19,114.7,132.6,93.5,96.5,24.43,25.94,21.14,21.54
93.08,4975,220.3,37,0,-26.6,5,10575,-2.57,0.2,114.7,132.6,93.6,96.6,24.43,25.94,21.14,21.54
93.12,4978,220.3,38,0,-26.5,5,10576,-2.53,0.21,114.7,132.6,93.6,96.6,24.43,25.94,21.14,21.54
93.16,4980,220.4,39,0,-24.9,5,10577,-2.49,0.22,114.7,132.6,93.6,96.6,24.43,25.94,21.15,21.55
93.2,4983,220.4,41,0,-24.8,5,10578,-2.46,0.23,114.7,132.6,93.7,96.7,24.43,25.94,21.15,21.55
93.24,4985,220.4,42,0,-24.7,5,10580,-2.42,0.23,114.7,132.6,93.7,96.7,24.43,25.94,21.15,21.55
93.28,4987,220.4,43,0,-23.6,5,10581,-2.38,0.24,114.7,132.6,93.7,96.7,24.43,25.94,21.16,21.56
93.32,4990,220.5,45,0,-23.3,5,10583,-2.34,0.25,114.7,132.6,93.8,96.8,24.43,25.94,21.16,21.56
93.36,4992,220.5,46,0,-23,5,10584,-2.31,0.26,114.7,132.6,93.8,96.8,24.43,25.94,21.16,21.56
93.4,4995,220.5,47,0,-22.7,5,10586,-2.27,0.27,114.7,132.6,93.8,96.8,24.43,25.94,21.16,21.56
93.44,4997,220.6,49,0,-21.6,5,10587,-2.23,0.28,114.7,132.6,93.9,96.9,24.43,25.94,21.17,21.57
93.48,5000,220.6,50,0,-21.1,5,10589,-2.2,0.29,114.7,132.6,93.9,96.9,24.43,25.94,21.17,21.57
93.52,5002,220.6,51,0,-20.2,5,10590,-2.16,0.3,114.7,132.6,93.9,96.9,24.43,25.94,21.17,21.57
93.56,5005,220.7,53,0,-19.8,5,10592,-2.12,0.31,114.7,132.6,94,97,24.43,25.94,21.17,21.57
93.6,5007,220.7,54,0,-19.8,5,10594,-2.08,0.31,114.7,132.6,94,97,24.43,25.94,21.18,21.58
93.64,5009,220.7,55,0,-19.5,5,10595,-2.05,0.32,114.7,132.6,94.1,97.1,24.43,25.94,21.18,21.58
93.68,5012,220.8,56,0,-18.7,5,10597,-2.01,0.33,114.7,132.6,94.1,97.1,24.43,25.94,21.18,21.58
93.72,5014,220.8,58,0,-18.9,5,10599,-1.97,0.34,114.7,132.6,94.1,97.1,24.43,25.94,21.18,21.58
93.76,5017,220.9,59,0,-17.5,5,10601,-1.94,0.35,114.7,132.6,94.2,97.2,24.43,25.94,21.19,21.59
93.8,5019,220.9,60,0,-17,5,10603,-1.9,0.36,114.7,132.6,94.2,97.2,24.43,25.94,21.19,21.59
93.84,5022,220.9,62,0,-16.9,5,10605,-1.86,0.37,114.7,132.6,94.2,97.2,24.43,25.94,21.19,21.59
93.88,5024,221,63,0,-15.4,5,10607,-1.83,0.38,114.7,132.6,94.3,97.3,24.43,25.94,21.19,21.59
93.92,5027,221,64,0,-16.7,5,10609,-1.79,0.39,114.7,132.6,94.3,97.3,24.43,25.94,21.2,21.6
93.96,5029,221.1,65,0,-15.1,5,10611,-1.75,0.39,114.7,132.6,94.3,97.3,24.43,25.94,21.2,21.6
94,5032,221.1,67,0,-14.5,5,10613,-1.71,0.4,114.7,132.6,94.4,97.4,24.43,25.94,21.2,21.6
94.04,5034,221.1,68,0,-13.8,5,10615,-1.68,0.41,114.7,132.6,94.4,97.4,24.43,25.94,21.21,21.61
94.08,5036,221.2,69,0,-13.4,5,10617,-1.64,0.42,114.7,132.6,94.4,97.4,24.43,25.94,21.21,21.61
94.12,5039,221.2,70,0,-12.4,5,10619,-1.6,0.43,114.7,132.6,94.5,97.5,24.43,25.94,21.21,21.61
94.16,5041,221.3,72,0,-12.5,5,10622,-1.57,0.44,114.7,132.6,94.5,97.5,24.43,25.94,21.21,21.61
94.2,5044,221.3,73,0,-11.7,5,10624,-1.53,0.45,114.7,132.6,94.5,97.5,24.43,25.94,21.22,21.62
94.24,5046,221.4,74,0,-11.3,5,10626,-1.49,0.46,114.7,132.6,94.6,97.6,24.43,25.94,21.22,21.62
94.28,5049,221.4,75,0,-10.9,5,10629,-1.45,0.47,114.7,132.6,94.6,97.6,24.43,25.94,21.22,21.62
94.32,5051,221.5,76,0,-11,5,10631,-1.42,0.47,114.7,132.6,94.6,97.6,24.43,25.94,21.22,21.62
94.36,5054,221.5,78,0,-9.7,5,10633,-1.38,0.48,114.7,132.6,94.7,97.7,24.43,25.94,21.23,21.63
94.4,5056,221.6,79,0,-9.2,5,10636,-1.34,0.49,114.7,132.6,94.7,97.7,24.43,25.94,21.23,21.63
94.44,5059,221.6,80,0,-9.1,5,10638,-1.31,0.5,114.7,132.6,94.8,97.8,24.43,25.94,21.23,21.63
94.48,5061,221.7,81,0,-8.4,5,10641,-1.27,0.51,114.7,132.6,94.8,97.8,24.43,25.94,21.23,21.63
94.52,5064,221.7,83,0,-7.3,5,10644,-1.23,0.52,114.7,132.6,94.8,97.8,24.43,25.94,21.24,21.64
94.56,5066,221.8,84,0,-6.6,5,10646,-1.19,0.53,114.7,132.6,94.9,97.9,24.43,25.94,21.24,21.64
94.6,5068,221.9,85,0,-6.8,5,10649,-1.16,0.54,114.7,132.6,94.9,97.9,24.43,25.94,21.24,21.64
94.64,5071,221.9,86,0,-6.1,5,10652,-1.12,0.55,114.7,132.6,94.9,97.9,24.43,25.94,21.24,21.64
94.68,5073,222,87,0,-5.2,5,10654,-1.08,0.55,114.7,132.6,95,98,24.43,25.94,21.25,21.65
94.72,5076,222,88,0,-5.9,5,10657,-1.04,0.56,114.7,132.6,95,98,24.43,25.94,21.25,21.65
94.76,5078,222.1,90,0,-4.9,5,10660,-1.01,0.57,114.7,132.6,95,98,24.43,25.94,21.25,21.65
94.8,5081,222.1,91,0,-5.1,5,10663,-0.97,0.58,114.7,132.6,95.1,98.1,24.43,25.94,21.25,21.65
94.84,5083,222.2,92,0,-4.3,5,10666,-0.93,0.59,114.7,132.6,95.1,98.1,24.43,25.94,21.26,21.66
94.88,5086,222.3,93,0,-3.3,5,10669,-0.9,0.6,114.7,132.6,95.1,98.1,24.43,25.94,21.26,21.66
94.92,5088,222.3,94,0,-2.8,5,10672,-0.86,0.61,114.7,132.6,95.2,98.2,24.43,25.94,21.26,21.66
94.96,5091,222.4,96,0,-2.4,5,10675,-0.82,0.62,114.7,132.6,95.2,98.2,24.43,25.94,21.27,21.67
95,5093,222.5,97,0,-2.2,5,10678,-0.78,0.63,114.7,132.6,95.2,98.2,24.43,25.94,21.27,21.67
95.04,5096,222.5,98,0,-0.1,5,10681,-0.75,0.63,114.7,132.6,95.3,98.3,24.43,25.94,21.27,21.67
95.08,5098,222.6,99,0,0.1,5,10684,-0.71,0.64,114.7,132.6,95.3,98.3,24.43,25.94,21.27,21.67
95.12,5101,222.6,100,0,0.5,5,10687,-0.02,0.04,114.7,132.6,95.3,98.3,24.43,25.94,21.27,21.67
95.16,5103,222.7,100,0,-0.5,5,10689,-0.03,0.04,114.7,132.6,95.3,98.3,24.43,25.94,21.27,21.67
95.2,5106,222.8,100,0,0,5,10692,0.01,0.04,114.7,132.6,95.3,98.3,24.43,25.94,21.27,21.67
95.24,5108,222.8,100,0,-0.2,5,10695,-0.01,0.04,114.7,132.5,95.3,98.3,24.43,25.94,21.27,21.67
95.28,5110,222.9,100,0,0.6,5,10698,-0.02,0.04,114.7,132.5,95.3,98.3,24.42,25.94,21.27,21.67
95.32,5113,222.9,100,0,-0.2,5,10700,0.01,0.04,114.6,132.5,95.2,98.2,24.42,25.94,21.27,21.67
95.36,5115,223,100,0,0.3,5,10703,0.03,0.04,114.6,132.5,95.2,98.2,24.42,25.94,21.27,21.67
95.4,5118,223,100,0,0.1,5,10706,-0.03,0.04,114.6,132.5,95.2,98.2,24.42,25.94,21.27,21.67
95.44,5120,223.1,100,0,0.2,5,10709,-0.04,0.04,114.6,132.5,95.2,98.2,24.42,25.94,21.27,21.67
95.48,5123,223.2,100,0,0.2,5,10711,0.01,0.04,114.6,132.5,95.2,98.2,24.42,25.94,21.26,21.66
95.52,5125,223.2,100,0,-0.2,5,10714,0.02,0.04,114.6,132.5,95.2,98.2,24.42,25.93,21.26,21.66
95.56,5128,223.3,100,0,-0.2,5,10717,-0.01,0.04,114.6,132.5,95.2,98.2,24.42,25.93,21.26,21.66
95.6,5130,223.3,100,0,-0.2,5,10720,-0.02,0.04,114.6,132.4,95.2,98.2,24.42,25.93,21.26,21.66
95.64,5133,223.4,100,0,0,5,10722,0,0.04,114.5,132.4,95.1,98.1,24.42,25.93,21.26,21.66
95.68,5135,223.4,100,0,0.3,5,10725,-0.04,0.04,114.5,132.4,95.1,98.1,24.42,25.93,21.26,21.66
95.72,5138,223.5,100,0,-0.8,5,10728,-0.01,0.04,114.5,132.4,95.1,98.1,24.41,25.93,21.26,21.66
95.76,5140,223.6,100,0,-0.6,5,10731,-0.03,0.04,114.5,132.4,95.1,98.1,24.41,25.93,21.26,21.66
95.8,5143,223.6,100,0,-0.4,5,10734,-0.01,0.04,114.5,132.4,95.1,98.1,24.41,25.93,21.26,21.66
95.84,5145,223.7,100,0,0.1,5,10736,0,0.04,114.5,132.4,95.1,98.1,24.41,25.93,21.26,21.66
95.88,5148,223.7,100,0,-0.2,5,10739,-0.04,0.04,114.5,132.4,95.1,98.1,24.41,25.93,21.26,21.66
95.92,5150,223.8,100,0,-0.2,5,10742,0.01,0.04,114.5,132.3,95.1,98.1,24.41,25.93,21.25,21.65
95.96,5153,223.8,100,0,-0.8,5,10745,0.02,0.04,114.5,132.3,95,98,24.41,25.92,21.25,21.65
96,5155,223.9,100,0,0.4,5,10747,0,0.04,114.4,132.3,95,98,24.41,25.92,21.25,21.65
96.04,5158,224,100,0,0.2,5,10750,0.01,0.04,114.4,132.3,95,98,24.41,25.92,21.25,21.65
96.08,5160,224,100,0,-0.5,5,10753,0.05,0.04,114.4,132.3,95,98,24.41,25.92,21.25,21.65
96.12,5163,224.1,100,0,0.8,5,10756,-0.03,0.04,114.4,132.3,95,98,24.41,25.92,21.25,21.65
96.16,5165,224.1,100,0,0,5,10758,0.01,0.04,114.4,132.3,95,98,24.4,25.92,21.25,21.65
96.2,5168,224.2,100,0,0.4,5,10761,-0.01,0.04,114.4,132.3,95,98,24.4,25.92,21.25,21.65
96.24,5170,224.2,100,0,0.1,5,10764,0,0.04,114.4,132.2,95,98,24.4,25.92,21.25,21.65
96.28,5173,224.3,100,0,-0.1,5,10767,0.02,0.04,114.4,132.2,95,98,24.4,25.92,21.25,21.65
96.32,5175,224.4,100,0,0,5,10769,0.01,0.04,114.3,132.2,94.9,97.9,24.4,25.92,21.25,21.65
96.36,5178,224.4,100,0,-0.3,5,10772,0.03,0.04,114.3,132.2,94.9,97.9,24.4,25.92,21.24,21.64
96.4,5180,224.5,100,0,0.4,5,10775,0.01,0.04,114.3,132.2,94.9,97.9,24.4,25.92,21.24,21.64
96.44,5183,224.5,100,0,0.2,5,10778,-0.01,0.04,114.3,132.2,94.9,97.9,24.4,25.91,21.24,21.64
96.48,5185,224.6,100,0,0.2,5,10781,-0.01,0.04,114.3,132.2,94.9,97.9,24.4,25.91,21.24,21.64
96.52,5188,224.7,100,0,-0.5,5,10783,-0.01,0.04,114.3,132.2,94.9,97.9,24.4,25.91,21.24,21.64
96.56,5190,224.7,100,0,0,5,10786,0.01,0.04,114.3,132.2,94.9,97.9,24.4,25.91,21.24,21.64
96.6,5193,224.8,100,0,-0.5,5,10789,0.01,0.04,114.3,132.1,94.9,97.9,24.39,25.91,21.24,21.64
96.64,5195,224.8,100,0,0,5,10792,0,0.04,114.2,132.1,94.8,97.8,24.39,25.91,21.24,21.64
96.68,5198,224.9,100,0,0,5,10794,-0.03,0.04,114.2,132.1,94.8,97.8,24.39,25.91,21.24,21.64
96.72,5200,224.9,100,0,-0.4,5,10797,0.02,0.04,114.2,132.1,94.8,97.8,24.39,25.91,21.24,21.64
96.76,5203,225,100,0,0.3,5,10800,0.01,0.04,114.2,132.1,94.8,97.8,24.39,25.91,21.24,21.64
96.8,5205,225.1,100,0,-0.4,5,10803,0,0.04,114.2,132.1,94.8,97.8,24.39,25.91,21.23,21.63
96.84,5208,225.1,100,0,-0.4,5,10805,-0.01,0.04,114.2,132.1,94.8,97.8,24.39,25.91,21.23,21.63
96.88,5210,225.2,100,0,-0.1,5,10808,-0.04,0.04,114.2,132.1,94.8,97.8,24.39,25.9,21.23,21.63
96.92,5213,225.2,100,0,0.3,5,10811,0,0.04,114.2,132,94.8,97.8,24.39,25.9,21.23,21.63
96.96,5215,225.3,100,0,-0.1,5,10814,0.01,0.04,114.2,132,94.7,97.7,24.39,25.9,21.23,21.63
97,5218,225.3,100,0,0.5,5,10816,0,0.04,114.1,132,94.7,97.7,24.39,25.9,21.23,21.63
97.04,5220,225.4,100,0,0.1,5,10819,0,0.04,114.1,132,94.7,97.7,24.38,25.9,21.23,21.63
97.08,5223,225.5,100,0,-0.9,5,10822,0.01,0.04,114.1,132,94.7,97.7,24.38,25.9,21.23,21.63
97.12,5225,225.5,100,0,-0.4,5,10825,0.02,0.04,114.1,132,94.7,97.7,24.38,25.9,21.23,21.63
97.16,5228,225.6,100,0,0.2,5,10828,0.04,0.04,114.1,132,94.7,97.7,24.38,25.9,21.23,21.63
97.2,5230,225.6,100,0,0.1,5,10830,0.01,0.04,114.1,132,94.7,97.7,24.38,25.9,21.23,21.63
97.24,5233,225.7,100,0,0.1,5,10833,0.04,0.04,114.1,131.9,94.7,97.7,24.38,25.9,21.22,21.62
97.28,5235,225.7,100,0,-0.1,5,10836,0.02,0.04,114.1,131.9,94.7,97.7,24.38,25.9,21.22,21.62
97.32,5238,225.8,100,0,0.6,5,10839,0.01,0.04,114,131.9,94.6,97.6,24.38,25.89,21.22,21.62
97.36,5240,225.9,100,0,0.5,5,10841,-0.01,0.04,114,131.9,94.6,97.6,24.38,25.89,21.22,21.62
97.4,5243,225.9,100,0,0.1,5,10844,0.03,0.04,114,131.9,94.6,97.6,24.38,25.89,21.22,21.62
97.44,5245,226,100,0,0.5,5,10847,-0.01,0.04,114,131.9,94.6,97.6,24.38,25.89,21.22,21.62
97.48,5248,226,100,0,-0.1,5,10850,-0.01,0.04,114,131.9,94.6,97.6,24.37,25.89,21.22,21.62
97.52,5250,226.1,100,0,-0.3,5,10852,0.01,0.04,114,131.9,94.6,97.6,24.37,25.89,21.22,21.62
97.56,5253,226.1,100,0,-0.4,5,10855,-0.04,0.04,114,131.9,94.6,97.6,24.37,25.89,21.22,21.62
97.6,5255,226.2,100,0,-0.3,5,10858,-0.01,0.04,114,131.8,94.6,97.6,24.37,25.89,21.22,21.62
97.64,5258,226.3,100,0,-0.1,5,10861,-0.02,0.04,113.9,131.8,94.5,97.5,24.37,25.89,21.22,21.62
97.68,5260,226.3,100,0,-1,5,10863,-0.01,0.04,113.9,131.8,94.5,97.5,24.37,25.89,21.21,21.61
97.72,5263,226.4,100,0,0.1,5,10866,0.01,0.04,113.9,131.8,94.5,97.5,24.37,25.89,21.21,21.61
97.76,5265,226.4,100,0,-0.1,5,10869,-0.01,0.04,113.9,131.8,94.5,97.5,24.37,25.88,21.21,21.61
97.8,5268,226.5,100,0,0.1,5,10872,0,0.04,113.9,131.8,94.5,97.5,24.37,25.88,21.21,21.61
97.84,5270,226.6,100,0,-0.1,5,10875,0.01,0.04,113.9,131.8,94.5,97.5,24.37,25.88,21.21,21.61
97.88,5273,226.6,100,0,0.8,5,10877,-0.01,0.04,113.9,131.8,94.5,97.5,24.37,25.88,21.21,21.61
97.92,5275,226.7,100,0,-0.6,5,10880,0.04,0.04,113.9,131.7,94.5,97.5,24.36,25.88,21.21,21.61
97.96,5278,226.7,100,0,0.3,5,10883,0,0.04,113.9,131.7,94.4,97.4,24.36,25.88,21.21,21.61
98,5280,226.8,100,0,-0.4,5,10886,-0.03,0.04,113.8,131.7,94.4,97.4,24.36,25.88,21.21,21.61
98.04,5283,226.8,100,0,0.7,5,10888,-0.02,0.04,113.8,131.7,94.4,97.4,24.36,25.88,21.21,21.61
98.08,5285,226.9,100,0,-0.1,5,10891,-0.03,0.04,113.8,131.7,94.4,97.4,24.36,25.88,21.21,21.61
98.12,5288,227,100,0,-0.1,5,10894,0.01,0.04,113.8,131.7,94.4,97.4,24.36,25.88,21.2,21.6
98.16,5290,227,100,0,-0.1,5,10897,0.01,0.04,113.8,131.7,94.4,97.4,24.36,25.88,21.2,21.6
98.2,5293,227.1,100,0,0.1,5,10899,0.02,0.04,113.8,131.7,94.4,97.4,24.36,25.87,21.2,21.6
98.24,5295,227.1,100,0,0.1,5,10902,-0.01,0.04,113.8,131.6,94.4,97.4,24.36,25.87,21.2,21.6
98.28,5298,227.2,100,0,0.4,5,10905,0.04,0.04,113.8,131.6,94.4,97.4,24.36,25.87,21.2,21.6
98.32,5300,227.2,100,0,-0.3,5,10908,0.01,0.04,113.7,131.6,94.3,97.3,24.36,25.87,21.2,21.6
98.36,5303,227.3,100,0,0.1,5,10910,0,0.04,113.7,131.6,94.3,97.3,24.35,25.87,21.2,21.6
98.4,5306,227.4,100,0,0.2,5,10913,-0.05,0.04,113.7,131.6,94.3,97.3,24.35,25.87,21.2,21.6
98.44,5308,227.4,100,0,-0.6,5,10916,-0.01,0.04,113.7,131.6,94.3,97.3,24.35,25.87,21.2,21.6
98.48,5311,227.5,100,0,-0.4,5,10919,0.04,0.04,113.7,131.6,94.3,97.3,24.35,25.87,21.2,21.6
98.52,5313,227.5,100,0,0.2,5,10922,-0.06,0.04,113.7,131.6,94.3,97.3,24.35,25.87,21.2,21.6
98.56,5316,227.6,100,0,0.2,5,10924,0,0.04,113.7,131.6,94.3,97.3,24.35,25.87,21.2,21.6
98.6,5318,227.6,100,0,1.1,5,10927,-0.03,0.04,113.7,131.5,94.3,97.3,24.35,25.87,21.19,21.59
98.64,5321,227.7,100,0,0,5,10930,-0.04,0.04,113.6,131.5,94.2,97.2,24.35,25.86,21.19,21.59
98.68,5323,227.8,100,0,-0.4,5,10933,0.01,0.04,113.6,131.5,94.2,97.2,24.35,25.86,21.19,21.59
98.72,5326,227.8,100,0,0.2,5,10935,-0.01,0.04,113.6,131.5,94.2,97.2,24.35,25.86,21.19,21.59
98.76,5328,227.9,100,0,-0.1,5,10938,0.01,0.04,113.6,131.5,94.2,97.2,24.35,25.86,21.19,21.59
98.8,5331,227.9,100,0,0,5,10941,-0.03,0.04,113.6,131.5,94.2,97.2,24.35,25.86,21.19,21.59
98.84,5333,228,100,0,-0.1,5,10944,-0.02,0.04,113.6,131.5,94.2,97.2,24.34,25.86,21.19,21.59
98.88,5336,228.1,100,0,0,5,10946,-0.02,0.04,113.6,131.5,94.2,97.2,24.34,25.86,21.19,21.59
98.92,5338,228.1,100,0,0,5,10949,0.01,0.04,113.6,131.4,94.2,97.2,24.34,25.86,21.19,21.59
98.96,5341,228.2,100,0,0.4,5,10952,-0.04,0.04,113.6,131.4,94.1,97.1,24.34,25.86,21.19,21.59
99,5344,228.2,100,0,-0.3,5,10955,-0.02,0.04,113.5,131.4,94.1,97.1,24.34,25.86,21.19,21.59
99.04,5346,228.3,100,0,-0.5,5,10957,0.01,0.04,113.5,131.4,94.1,97.1,24.34,25.86,21.18,21.58
99.08,5349,228.3,100,0,0.5,5,10960,-0.01,0.04,113.5,131.4,94.1,97.1,24.34,25.85,21.18,21.58
99.12,5351,228.4,100,0,-0.2,5,10963,-0.02,0.04,113.5,131.4,94.1,97.1,24.34,25.85,21.18,21.58
99.16,5354,228.5,100,0,0.5,5,10966,0,0.04,113.5,131.4,94.1,97.1,24.34,25.85,21.18,21.58
99.2,5356,228.5,100,0,0.3,5,10969,0.04,0.04,113.5,131.4,94.1,97.1,24.34,25.85,21.18,21.58
99.24,5359,228.6,100,0,0.1,5,10971,0.01,0.04,113.5,131.3,94.1,97.1,24.34,25.85,21.18,21.58
99.28,5361,228.6,100,0,-0.6,5,10974,-0.04,0.04,113.5,131.3,94.1,97.1,24.33,25.85,21.18,21.58
99.32,5364,228.7,100,0,0,5,10977,-0.01,0.04,113.4,131.3,94,97,24.33,25.85,21.18,21.58
99.36,5366,228.7,100,0,-0.3,5,10980,0,0.04,113.4,131.3,94,97,24.33,25.85,21.18,21.58
99.4,5369,228.8,100,0,0.1,5,10982,0,0.04,113.4,131.3,94,97,24.33,25.85,21.18,21.58
99.44,5371,228.9,100,0,-0.3,5,10985,0.03,0.04,113.4,131.3,94,97,24.33,25.85,21.18,21.58
99.48,5374,228.9,100,0,0.1,5,10988,-0.02,0.04,113.4,131.3,94,97,24.33,25.85,21.17,21.57
99.52,5377,229,100,0,-0.3,5,10991,0.01,0.04,113.4,131.3,94,97,24.33,25.84,21.17,21.57
99.56,5379,229,100,0,-0.8,5,10993,0.01,0.04,113.4,131.3,94,97,24.33,25.84,21.17,21.57
99.6,5382,229.1,100,0,-0.3,5,10996,-0.01,0.04,113.4,131.2,94,97,24.33,25.84,21.17,21.57
99.64,5384,229.1,100,0,-0.4,5,10999,-0.01,0.04,113.3,131.2,93.9,96.9,24.33,25.84,21.17,21.57
99.68,5387,229.2,100,0,0.2,5,11002,0.01,0.04,113.3,131.2,93.9,96.9,24.33,25.84,21.17,21.57
99.72,5389,229.3,100,0,0,5,11004,-0.01,0.04,113.3,131.2,93.9,96.9,24.32,25.84,21.17,21.57
99.76,5392,229.3,100,0,-0.1,5,11007,-0.03,0.04,113.3,131.2,93.9,96.9,24.32,25.84,21.17,21.57
99.8,5394,229.4,100,0,0.5,5,11010,-0.01,0.04,113.3,131.2,93.9,96.9,24.32,25.84,21.17,21.57
99.84,5397,229.4,100,0,0.3,5,11013,0.02,0.04,113.3,131.2,93.9,96.9,24.32,25.84,21.17,21.57
99.88,5399,229.5,100,0,0.6,5,11016,0,0.04,113.3,131.2,93.9,96.9,24.32,25.84,21.17,21.57
99.92,5402,229.5,100,0,-0.8,5,11018,0,0.04,113.3,131.1,93.9,96.9,24.32,25.84,21.16,21.56
99.96,5405,229.6,100,0,0.4,5,11021,-0.01,0.04,113.3,131.1,93.8,96.8,24.32,25.83,21.16,21.56
100,5407,229.7,100,0,-0.3,5,11024,0,0.04,113.2,131.1,93.8,96.8,24.32,25.83,21.16,21.56
100.04,5410,229.7,100,0,0.2,5,11027,-0.05,0.04,113.2,131.1,93.8,96.8,24.32,25.83,21.16,21.56
100.08,5412,229.8,100,0,-0.2,5,11029,-0.01,0.04,113.2,131.1,93.8,96.8,24.32,25.83,21.16,21.56
100.12,5415,229.8,100,0,0.7,5,11032,-0.02,0.04,113.2,131.1,93.8,96.8,24.32,25.83,21.16,21.56
100.16,5417,229.9,100,0,0,5,11035,0.01,0.04,113.2,131.1,93.8,96.8,24.31,25.83,21.16,21.56
100.2,5420,230,100,0,0.7,5,11038,0.03,0.04,113.2,131.1,93.8,96.8,24.31,25.83,21.16,21.56
100.24,5422,230,100,0,0.8,5,11040,-0.01,0.04,113.2,131,93.8,96.8,24.31,25.83,21.16,21.56
100.28,5425,230.1,100,0,0.4,5,11043,0,0.04,113.2,131,93.8,96.8,24.31,25.83,21.16,21.56
100.32,5428,230.1,100,0,0.1,5,11046,-0.01,0.04,113.1,131,93.7,96.7,24.31,25.83,21.16,21.56
100.36,5430,230.2,100,0,-0.6,5,11049,0.01,0.04,113.1,131,93.7,96.7,24.31,25.83,21.15,21.55
100.4,5433,230.2,100,0,0.4,5,11051,0.02,0.04,113.1,131,93.7,96.7,24.31,25.83,21.15,21.55
100.44,5435,230.3,100,0,0,5,11054,0,0.04,113.1,131,93.7,96.7,24.31,25.82,21.15,21.55
100.48,5438,230.4,100,0,-0.1,5,11057,-0.04,0.04,113.1,131,93.7,96.7,24.31,25.82,21.15,21.55
100.52,5440,230.4,100,0,0.2,5,11060,-0.01,0.04,113.1,131,93.7,96.7,24.31,25.82,21.15,21.55
100.56,5443,230.5,100,0,0.3,5,11063,0.01,0.04,113.1,131,93.7,96.7,24.31,25.82,21.15,21.55
100.6,5445,230.5,100,0,-0.2,5,11065,0.01,0.04,113.1,130.9,93.7,96.7,24.3,25.82,21.15,21.55
100.64,5448,230.6,100,0,-0.1,5,11068,0,0.04,113,130.9,93.6,96.6,24.3,25.82,21.15,21.55
100.68,5451,230.6,100,0,-0.3,5,11071,-0.02,0.04,113,130.9,93.6,96.6,24.3,25.82,21.15,21.55
100.72,5453,230.7,100,0,0.5,5,11074,-0.01,0.04,113,130.9,93.6,96.6,24.3,25.82,21.15,21.55
100.76,5456,230.8,100,0,-0.3,5,11076,0.01,0.04,113,130.9,93.6,96.6,24.3,25.82,21.15,21.55
100.8,5458,230.8,100,0,0.5,5,11079,-0.01,0.04,113,130.9,93.6,96.6,24.3,25.82,21.14,21.54
100.84,5461,230.9,100,0,0,5,11082,0,0.04,113,130.9,93.6,96.6,24.3,25.82,21.14,21.54
100.88,5463,230.9,100,0,0,5,11085,0.04,0.04,113,130.9,93.6,96.6,24.3,25.81,21.14,21.54
100.92,5466,231,100,0,-0.2,5,11087,-0.03,0.04,113,130.8,93.6,96.6,24.3,25.81,21.14,21.54
100.96,5469,231,100,0,0,5,11090,0.01,0.04,113,130.8,93.5,96.5,24.3,25.81,21.14,21.54
101,5471,231.1,100,0,-0.1,5,11093,0.03,0.04,112.9,130.8,93.5,96.5,24.3,25.81,21.14,21.54
101.04,5474,231.2,100,0,-0.5,5,11096,0.03,0.04,112.9,130.8,93.5,96.5,24.29,25.81,21.14,21.54
101.08,5476,231.2,100,0,-0.6,5,11099,-0.01,0.04,112.9,130.8,93.5,96.5,24.29,25.81,21.14,21.54
101.12,5479,231.3,100,0,0.2,5,11101,0,0.04,112.9,130.8,93.5,96.5,24.29,25.81,21.14,21.54
101.16,5481,231.3,100,0,-0.2,5,11104,0,0.04,112.9,130.8,93.5,96.5,24.29,25.81,21.14,21.54
101.2,5484,231.4,100,0,-0.2,5,11107,0.01,0.04,112.9,130.8,93.5,96.5,24.29,25.81,21.14,21.54
101.24,5486,231.4,100,0,0.8,5,11110,0.01,0.04,112.9,130.7,93.5,96.5,24.29,25.81,21.13,21.53
101.28,5489,231.5,100,0,-1.5,5,11112,0.01,0.04,112.9,130.7,93.5,96.5,24.29,25.81,21.13,21.53
101.32,5492,231.6,100,0,-0.8,5,11115,0.01,0.04,112.8,130.7,93.4,96.4,24.29,25.8,21.13,21.53
101.36,5494,231.6,100,0,-0.6,5,11118,-0.01,0.04,112.8,130.7,93.4,96.4,24.29,25.8,21.13,21.53
101.4,5497,231.7,100,0,-0.4,5,11121,0.01,0.04,112.8,130.7,93.4,96.4,24.29,25.8,21.13,21.53
101.44,5499,231.7,100,0,0.6,5,11123,0,0.04,112.8,130.7,93.4,96.4,24.29,25.8,21.13,21.53
101.48,5502,231.8,100,0,-0.7,5,11126,0.01,0.04,112.8,130.7,93.4,96.4,24.28,25.8,21.13,21.53
101.52,5505,231.9,100,0,0.7,5,11129,0,0.04,112.8,130.7,93.4,96.4,24.28,25.8,21.13,21.53
101.56,5507,231.9,100,0,0.1,5,11132,0,0.04,112.8,130.7,93.4,96.4,24.28,25.8,21.13,21.53
101.6,5510,232,100,0,-0.2,5,11134,0.01,0.04,112.8,130.6,93.4,96.4,24.28,25.8,21.13,21.53
101.64,5512,232,100,0,0.3,5,11137,-0.03,0.04,112.7,130.6,93.3,96.3,24.28,25.8,21.13,21.53
101.68,5515,232.1,100,0,0.3,5,11140,0,0.04,112.7,130.6,93.3,96.3,24.28,25.8,21.12,21.52
101.72,5517,232.1,100,0,0.6,5,11143,0.01,0.04,112.7,130.6,93.3,96.3,24.28,25.8,21.12,21.52
101.76,5520,232.2,100,0,0.1,5,11146,-0.05,0.04,112.7,130.6,93.3,96.3,24.28,25.79,21.12,21.52
101.8,5523,232.3,100,0,1.1,5,11148,0,0.04,112.7,130.6,93.3,96.3,24.28,25.79,21.12,21.52
101.84,5525,232.3,100,0,0.1,5,11151,-0.01,0.04,112.7,130.6,93.3,96.3,24.28,25.79,21.12,21.52
101.88,5528,232.4,100,0,0.3,5,11154,0.03,0.04,112.7,130.6,93.3,96.3,24.28,25.79,21.12,21.52
101.92,5530,232.4,100,0,0,5,11157,0.02,0.04,112.7,130.5,93.3,96.3,24.27,25.79,21.12,21.52
101.96,5533,232.5,100,0,-0.2,5,11159,0.03,0.04,112.7,130.5,93.2,96.2,24.27,25.79,21.12,21.52
102,5535,232.5,100,0,-0.5,5,11162,0.02,0.04,112.6,130.5,93.2,96.2,24.27,25.79,21.12,21.52
102.04,5538,232.6,100,0,-0.1,5,11165,-0.01,0.04,112.6,130.5,93.2,96.2,24.27,25.79,21.12,21.52
102.08,5541,232.7,100,0,0,5,11168,0,0.04,112.6,130.5,93.2,96.2,24.27,25.79,21.12,21.52
102.12,5543,232.7,100,0,-0.3,5,11170,-0.02,0.04,112.6,130.5,93.2,96.2,24.27,25.79,21.11,21.51
102.16,5546,232.8,100,0,-0.4,5,11173,-0.04,0.04,112.6,130.5,93.2,96.2,24.27,25.79,21.11,21.51
102.2,5548,232.8,100,0,-0.7,5,11176,-0.02,0.04,112.6,130.5,93.2,96.2,24.27,25.78,21.11,21.51
102.24,5551,232.9,100,0,0.1,5,11179,-0.02,0.04,112.6,130.4,93.2,96.2,24.27,25.78,21.11,21.51
102.28,5554,232.9,100,0,0.1,5,11181,0,0.04,112.6,130.4,93.2,96.2,24.27,25.78,21.11,21.51
102.32,5556,233,100,0,0.4,5,11184,0.04,0.04,112.5,130.4,93.1,96.1,24.27,25.78,21.11,21.51
102.36,5559,233.1,100,0,0.9,5,11187,0,0.04,112.5,130.4,93.1,96.1,24.26,25.78,21.11,21.51
102.4,5561,233.1,100,0,-0.4,5,11190,-0.02,0.04,112.5,130.4,93.1,96.1,24.26,25.78,21.11,21.51
102.44,5564,233.2,100,0,0,5,11193,0.03,0.04,112.5,130.4,93.1,96.1,24.26,25.78,21.11,21.51
102.48,5567,233.2,100,0,-1.1,5,11195,0,0.04,112.5,130.4,93.1,96.1,24.26,25.78,21.11,21.51
102.52,5569,233.3,100,0,0.3,5,11198,-0.04,0.04,112.5,130.4,93.1,96.1,24.26,25.78,21.11,21.51
102.56,5572,233.3,100,0,-0.1,5,11201,0.01,0.04,112.5,130.4,93.1,96.1,24.26,25.78,21.11,21.51
102.6,5574,233.4,100,0,0.2,5,11204,0.02,0.04,112.5,130.3,93.1,96.1,24.26,25.78,21.1,21.5
102.64,5577,233.5,100,0,0.3,5,11206,-0.01,0.04,112.4,130.3,93,96,24.26,25.77,21.1,21.5
102.68,5579,233.5,100,0,0.4,5,11209,0.01,0.04,112.4,130.3,93,96,24.26,25.77,21.1,21.5
102.72,5582,233.6,100,0,0.2,5,11212,0.02,0.04,112.4,130.3,93,96,24.26,25.77,21.1,21.5
102.76,5585,233.6,100,0,0.4,5,11215,-0.02,0.04,112.4,130.3,93,96,24.26,25.77,21.1,21.5
102.8,5587,233.7,100,0,0.2,5,11217,0.02,0.04,112.4,130.3,93,96,24.26,25.77,21.1,21.5
102.84,5590,233.8,100,0,-1.1,5,11220,0.01,0.04,112.4,130.3,93,96,24.25,25.77,21.1,21.5
102.88,5592,233.8,100,0,-0.4,5,11223,0.01,0.04,112.4,130.3,93,96,24.25,25.77,21.1,21.5
102.92,5595,233.9,100,0,0.3,5,11226,-0.04,0.04,112.4,130.2,93,96,24.25,25.77,21.1,21.5
102.96,5598,233.9,100,0,0.3,5,11228,0.01,0.04,112.4,130.2,92.9,95.9,24.25,25.77,21.1,21.5
103,5600,234,100,0,0.8,5,11231,0.02,0.04,112.3,130.2,92.9,95.9,24.25,25.77,21.1,21.5
103.04,5603,234,100,0,-0.6,5,11234,0.03,0.04,112.3,130.2,92.9,95.9,24.25,25.77,21.09,21.49
103.08,5605,234.1,100,0,-0.1,5,11237,0.01,0.04,112.3,130.2,92.9,95.9,24.25,25.76,21.09,21.49
103.12,5608,234.2,100,0,-0.1,5,11240,0.02,0.04,112.3,130.2,92.9,95.9,24.25,25.76,21.09,21.49
103.16,5611,234.2,100,0,0.1,5,11242,0.01,0.04,112.3,130.2,92.9,95.9,24.25,25.76,21.09,21.49
103.2,5613,234.3,100,0,0.3,5,11245,-0.01,0.04,112.3,130.2,92.9,95.9,24.25,25.76,21.09,21.49
103.24,5616,234.3,100,0,-0.3,5,11248,0.02,0.04,112.3,130.1,92.9,95.9,24.25,25.76,21.09,21.49
103.28,5618,234.4,100,0,-0.1,5,11251,0.01,0.04,112.3,130.1,92.9,95.9,24.24,25.76,21.09,21.49
103.32,5621,234.4,100,0,0.1,5,11253,0,0.04,112.2,130.1,92.8,95.8,24.24,25.76,21.09,21.49
103.36,5624,234.5,100,0,0.4,5,11256,0,0.04,112.2,130.1,92.8,95.8,24.24,25.76,21.09,21.49
103.4,5626,234.6,100,0,0.2,5,11259,0,0.04,112.2,130.1,92.8,95.8,24.24,25.76,21.09,21.49
103.44,5629,234.6,100,0,-0.2,5,11262,0.02,0.04,112.2,130.1,92.8,95.8,24.24,25.76,21.09,21.49
103.48,5631,234.7,100,0,0.7,5,11264,0.01,0.04,112.2,130.1,92.8,95.8,24.24,25.76,21.08,21.48
103.52,5634,234.7,100,0,0.2,5,11267,-0.01,0.04,112.2,130.1,92.8,95.8,24.24,25.75,21.08,21.48
103.56,5637,234.8,100,0,0.2,5,11270,0.01,0.04,112.2,130.1,92.8,95.8,24.24,25.75,21.08,21.48
103.6,5639,234.8,100,0,0.1,5,11273,0.04,0.04,112.2,130,92.8,95.8,24.24,25.75,21.08,21.48
103.64,5642,234.9,100,0,-0.3,5,11275,-0.02,0.04,112.1,130,92.7,95.7,24.24,25.75,21.08,21.48
103.68,5645,235,100,0,0.1,5,11278,0.02,0.04,112.1,130,92.7,95.7,24.24,25.75,21.08,21.48
103.72,5647,235,100,0,0.2,5,11281,-0.01,0.04,112.1,130,92.7,95.7,24.23,25.75,21.08,21.48
103.76,5650,235.1,100,0,0.3,5,11284,0,0.04,112.1,130,92.7,95.7,24.23,25.75,21.08,21.48
103.8,5652,235.1,100,0,-0.2,5,11287,0,0.04,112.1,130,92.7,95.7,24.23,25.75,21.08,21.48
103.84,5655,235.2,100,0,-0.4,5,11289,-0.01,0.04,112.1,130,92.7,95.7,24.23,25.75,21.08,21.48
103.88,5658,235.3,100,0,0.1,5,11292,0.01,0.04,112.1,130,92.7,95.7,24.23,25.75,21.08,21.48
103.92,5660,235.3,100,0,-0.3,5,11295,-0.02,0.04,112.1,129.9,92.7,95.7,24.23,25.75,21.07,21.47
103.96,5663,235.4,100,0,0.6,5,11298,0.03,0.04,112.1,129.9,92.6,95.6,24.23,25.74,21.07,21.47
104,5665,235.4,100,0,0,5,11300,0.02,0.04,112,129.9,92.6,95.6,24.23,25.74,21.07,21.47
104.04,5668,235.5,100,0,-0.2,5,11303,-0.02,0.04,112,129.9,92.6,95.6,24.23,25.74,21.07,21.47
104.08,5671,235.5,100,0,-0.2,5,11306,0.02,0.04,112,129.9,92.6,95.6,24.23,25.74,21.07,21.47
104.12,5673,235.6,100,0,-0.9,5,11309,-0.03,0.04,112,129.9,92.6,95.6,24.23,25.74,21.07,21.47
104.16,5676,235.7,100,0,0,5,11311,0.01,0.04,112,129.9,92.6,95.6,24.22,25.74,21.07,21.47
104.2,5679,235.7,100,0,0,5,11314,0.04,0.04,112,129.9,92.6,95.6,24.22,25.74,21.07,21.47
104.24,5681,235.8,100,0,-0.2,5,11317,0.01,0.04,112,129.8,92.6,95.6,24.22,25.74,21.07,21.47
104.28,5684,235.8,100,0,0.6,5,11320,-0.03,0.04,112,129.8,92.6,95.6,24.22,25.74,21.07,21.47
104.32,5686,235.9,100,0,0.2,5,11322,0.01,0.04,111.9,129.8,92.5,95.5,24.22,25.74,21.07,21.47
104.36,5689,235.9,100,0,0.3,5,11325,0.02,0.04,111.9,129.8,92.5,95.5,24.22,25.74,21.06,21.46
104.4,5692,236,100,0,0.4,5,11328,0.03,0.04,111.9,129.8,92.5,95.5,24.22,25.74,21.06,21.46
104.44,5694,236.1,100,0,0,5,11331,-0.01,0.04,111.9,129.8,92.5,95.5,24.22,25.73,21.06,21.46
104.48,5697,236.1,100,0,0.7,5,11334,-0.01,0.04,111.9,129.8,92.5,95.5,24.22,25.73,21.06,21.46
104.52,5699,236.2,100,0,-0.1,5,11336,0,0.04,111.9,129.8,92.5,95.5,24.22,25.73,21.06,21.46
104.56,5702,236.2,100,0,-0.3,5,11339,0.01,0.04,111.9,129.8,92.5,95.5,24.22,25.73,21.06,21.46
104.6,5705,236.3,100,0,0.7,5,11342,0.02,0.04,111.9,129.7,92.5,95.5,24.21,25.73,21.06,21.46
104.64,5707,236.3,100,0,-0.1,5,11345,0,0.04,111.8,129.7,92.4,95.4,24.21,25.73,21.06,21.46
104.68,5710,236.4,100,0,0.4,5,11347,-0.03,0.04,111.8,129.7,92.4,95.4,24.21,25.73,21.06,21.46
104.72,5713,236.5,100,0,0.4,5,11350,0,0.04,111.8,129.7,92.4,95.4,24.21,25.73,21.06,21.46
104.76,5715,236.5,100,0,0.6,5,11353,-0.02,0.04,111.8,129.7,92.4,95.4,24.21,25.73,21.06,21.46
104.8,5718,236.6,100,0,0.7,5,11356,-0.02,0.04,111.8,129.7,92.4,95.4,24.21,25.73,21.05,21.45
104.84,5721,236.6,100,0,0.2,5,11358,0,0.04,111.8,129.7,92.4,95.4,24.21,25.73,21.05,21.45
104.88,5723,236.7,100,0,0.3,5,11361,0,0.04,111.8,129.7,92.4,95.4,24.21,25.72,21.05,21.45
104.92,5726,236.7,100,0,0.2,5,11364,0.03,0.04,111.8,129.6,92.4,95.4,24.21,25.72,21.05,21.45
104.96,5728,236.8,100,0,0.6,5,11367,-0.02,0.04,111.8,129.6,92.3,95.3,24.21,25.72,21.05,21.45
105,5731,236.9,100,0,0.8,5,11369,0,0.04,111.7,129.6,92.3,95.3,24.21,25.72,21.05,21.45
105.04,5734,236.9,100,0,0.7,5,11372,-0.01,0.04,111.7,129.6,92.3,95.3,24.2,25.72,21.05,21.45
105.08,5736,237,100,0,-0.6,5,11375,0.01,0.04,111.7,129.6,92.3,95.3,24.2,25.72,21.05,21.45
105.12,5739,237,100,0,-0.3,5,11378,0,0.04,111.7,129.6,92.3,95.3,24.2,25.72,21.05,21.45
105.16,5742,237.1,100,0,-0.2,5,11381,-0.04,0.04,111.7,129.6,92.3,95.3,24.2,25.72,21.05,21.45
105.2,5744,237.2,100,0,-0.2,5,11383,-0.02,0.04,111.7,129.6,92.3,95.3,24.2,25.72,21.05,21.45
105.24,5747,237.2,100,0,-0.3,5,11386,0,0.04,111.7,129.5,92.3,95.3,24.2,25.72,21.04,21.44
105.28,5749,237.3,100,0,0.2,5,11389,-0.03,0.04,111.7,129.5,92.3,95.3,24.2,25.72,21.04,21.44
105.32,5752,237.3,100,0,-0.5,5,11392,0,0.04,111.6,129.5,92.2,95.2,24.2,25.71,21.04,21.44
105.36,5755,237.4,100,0,0.1,5,11394,0,0.04,111.6,129.5,92.2,95.2,24.2,25.71,21.04,21.44
105.4,5757,237.4,100,0,-0.2,5,11397,-0.04,0.04,111.6,129.5,92.2,95.2,24.2,25.71,21.04,21.44
105.44,5760,237.5,100,0,0.3,5,11400,0,0.04,111.6,129.5,92.2,95.2,24.2,25.71,21.04,21.44
105.48,5763,237.6,100,0,0.3,5,11403,-0.02,0.04,111.6,129.5,92.2,95.2,24.19,25.71,21.04,21.44
105.52,5765,237.6,100,0,-0.5,5,11405,0,0.04,111.6,129.5,92.2,95.2,24.19,25.71,21.04,21.44
105.56,5768,237.7,100,0,-0.1,5,11408,-0.01,0.04,111.6,129.5,92.2,95.2,24.19,25.71,21.04,21.44
105.6,5771,237.7,100,0,0.2,5,11411,0.01,0.04,111.6,129.4,92.2,95.2,24.19,25.71,21.04,21.44
105.64,5773,237.8,100,0,-0.9,5,11414,-0.05,0.04,111.5,129.4,92.1,95.1,24.19,25.71,21.04,21.44
105.68,5776,237.8,100,0,0.2,5,11416,0.04,0.04,111.5,129.4,92.1,95.1,24.19,25.71,21.03,21.43
105.72,5779,237.9,100,0,-0.1,5,11419,-0.03,0.04,111.5,129.4,92.1,95.1,24.19,25.71,21.03,21.43
105.76,5781,238,100,0,0.1,5,11422,0.02,0.04,111.5,129.4,92.1,95.1,24.19,25.7,21.03,21.43
105.8,5784,238,100,0,0.7,5,11425,-0.02,0.04,111.5,129.4,92.1,95.1,24.19,25.7,21.03,21.43
105.84,5786,238.1,100,0,0.1,5,11428,-0.01,0.04,111.5,129.4,92.1,95.1,24.19,25.7,21.03,21.43
105.88,5789,238.1,100,0,0,5,11430,-0.02,0.04,111.5,129.4,92.1,95.1,24.19,25.7,21.03,21.43
105.92,5792,238.2,100,0,0.1,5,11433,0.01,0.04,111.5,129.3,92.1,95.1,24.18,25.7,21.03,21.43
105.96,5794,238.2,100,0,0.6,5,11436,-0.01,0.04,111.5,129.3,92,95,24.18,25.7,21.03,21.43
106,5797,238.3,100,0,-0.9,5,11439,0,0.04,111.4,129.3,92,95,24.18,25.7,21.03,21.43
106.04,5800,238.4,100,0,0,5,11441,0,0.04,111.4,129.3,92,95,24.18,25.7,21.03,21.43
106.08,5802,238.4,100,0,-0.1,5,11444,0,0.04,111.4,129.3,92,95,24.18,25.7,21.03,21.43
106.12,5805,238.5,100,0,0.5,5,11447,-0.01,0.04,111.4,129.3,92,95,24.18,25.7,21.02,21.42
106.16,5808,238.5,100,0,-0.7,5,11450,0.01,0.04,111.4,129.3,92,95,24.18,25.7,21.02,21.42
106.2,5810,238.6,100,0,0.3,5,11452,-0.01,0.04,111.4,129.3,92,95,24.18,25.69,21.02,21.42
106.24,5813,238.6,100,0,-0.6,5,11455,-0.01,0.04,111.4,129.2,92,95,24.18,25.69,21.02,21.42
106.28,5816,238.7,100,0,0,5,11458,0.02,0.04,111.4,129.2,92,95,24.18,25.69,21.02,21.42
106.32,5818,238.8,100,0,0,5,11461,-0.01,0.04,111.3,129.2,91.9,94.9,24.18,25.69,21.02,21.42
106.36,5821,238.5,0,4,-0.9,5,11448,0,-4.2,111.4,129.3,91.9,94.9,24.18,25.7,21.02,21.42
106.4,5824,237.6,0,14,-1,5,11405,0,-4.2,111.4,129.5,91.9,94.9,24.18,25.71,21.02,21.42
106.44,5826,236,0,25,-0.5,5,11329,0,-4.2,111.5,129.6,91.9,94.9,24.18,25.72,21.02,21.42
106.48,5829,233.7,0,36,1.2,5,11218,0,-4.2,111.5,129.7,91.9,94.9,24.19,25.73,21.02,21.42
106.52,5831,230.8,0,46,0.7,5,11077,0,-4.2,111.5,129.8,91.9,94.9,24.19,25.74,21.02,21.42
106.56,5834,227.1,0,57,0.7,5,10902,0,-4.2,111.6,129.9,91.9,94.9,24.19,25.75,21.02,21.42
106.6,5836,222.8,0,67,-0.7,5,10696,0,-4.2,111.6,130.1,91.9,94.9,24.2,25.75,21.02,21.42
106.64,5839,217.9,0,77,0.8,5,10459,0,-4.2,111.7,130.2,91.9,94.9,24.2,25.76,21.02,21.42
106.68,5841,212.3,0,87,-0.2,5,10192,0,-4.2,111.7,130.3,91.9,94.9,24.2,25.77,21.02,21.42
106.72,5844,206.1,0,97,-0.1,4,11955,0,-4.2,111.7,130.4,91.9,94.9,24.21,25.78,21.02,21.42
106.76,5846,199.9,0,98,-0.2,4,11591,0,-4.2,111.8,130.5,91.9,94.9,24.21,25.79,21.02,21.42
106.8,5848,193.6,0,98,1.2,4,11228,0,-4.2,111.8,130.7,91.9,94.9,24.21,25.8,21.02,21.42
106.84,5850,187.3,0,98,0.3,4,10864,0,-4.2,111.9,130.8,91.9,94.9,24.21,25.81,21.02,21.42
106.88,5852,181,0,98,0.6,4,10500,0,-4.2,111.9,130.9,91.9,94.9,24.22,25.82,21.02,21.42
106.92,5854,174.8,0,98,-0.3,4,10136,0,-4.2,111.9,131,91.9,94.9,24.22,25.83,21.02,21.42
106.96,5856,168.5,0,98,0.3,3,11794,0,-4.2,112,131.1,91.9,94.9,24.22,25.84,21.02,21.42
107,5858,162.2,0,98,0.7,3,11355,0,-4.2,112,131.3,91.9,94.9,24.23,25.84,21.02,21.42
107.04,5860,155.9,0,98,-0.2,3,10916,0,-4.2,112.1,131.4,91.9,94.9,24.23,25.85,21.02,21.42
107.08,5862,149.7,0,98,1.4,3,10477,0,-4.2,112.1,131.5,91.9,94.9,24.23,25.86,21.02,21.42
107.12,5863,143.4,0,98,-0.4,3,10038,0,-4.2,112.1,131.6,91.9,94.9,24.24,25.87,21.02,21.42
107.16,5865,137.1,0,98,1.7,3,9599,0,-4.2,112.2,131.7,91.9,94.9,24.24,25.88,21.02,21.42
107.2,5867,130.9,0,98,1.5,2,11516,0,-4.2,112.2,131.9,91.9,94.9,24.24,25.89,21.02,21.42
107.24,5868,124.6,0,98,-0.3,2,10964,0,-4.2,112.3,132,91.9,94.9,24.24,25.9,21.02,21.42
107.28,5869,118.3,0,98,-1,2,10412,0,-4.2,112.3,132.1,91.9,94.9,24.25,25.91,21.02,21.42
107.32,5871,112,0,98,-0.9,2,9860,0,-4.2,112.3,132.2,91.9,94.9,24.25,25.92,21.02,21.42
107.36,5872,110,0,98,-0.2,2,9680,0,-4.2,112.4,132.3,91.9,94.9,24.25,25.93,21.02,21.42
107.4,5873,110,0,98,0,2,9680,0,-4.2,112.4,132.5,91.9,94.9,24.26,25.93,21.02,21.42
107.44,5874,110,0,98,0.6,2,9680,0,-4.2,112.5,132.6,91.9,94.9,24.26,25.94,21.02,21.42
107.48,5876,110,0,98,1.2,2,9680,0,-4.2,112.5,132.7,91.9,94.9,24.26,25.95,21.02,21.42
107.52,5877,110,0,98,-0.7,2,9680,0,-4.2,112.5,132.8,91.9,94.9,24.27,25.96,21.02,21.42
107.56,5878,110,0,98,0.2,2,9680,0,-4.2,112.6,132.9,91.9,94.9,24.27,25.97,21.02,21.42
107.6,5879,110,0,98,-0.2,2,9680,0,-4.2,112.6,133.1,91.9,94.9,24.27,25.98,21.02,21.42
107.64,5881,110,0,98,-1,2,9680,0,-4.2,112.7,133.2,91.9,94.9,24.27,25.99,21.02,21.42
107.68,5882,110,0,98,0.1,2,9680,0,-4.2,112.7,133.3,91.9,94.9,24.28,26,21.02,21.42
107.72,5883,110,0,98,1.4,2,9680,0,-4.2,112.7,133.4,91.9,94.9,24.28,26.01,21.02,21.42
107.76,5884,110,0,98,0.1,2,9680,0,-4.2,112.8,133.5,91.9,94.9,24.28,26.02,21.02,21.42
107.8,5885,110,0,98,-0.6,2,9680,0,-4.2,112.8,133.7,91.9,94.9,24.29,26.02,21.02,21.42
107.84,5887,110,0,98,-0.4,2,9680,0,-4.2,112.9,133.8,91.9,94.9,24.29,26.03,21.02,21.42
107.88,5888,110,0,98,-0.3,2,9680,0,-4.2,112.9,133.9,91.9,94.9,24.29,26.04,21.02,21.42
107.92,5889,110,0,98,-0.1,2,9680,0,-4.2,112.9,134,91.9,94.9,24.3,26.05,21.02,21.42
107.96,5890,110,0,98,-0.3,2,9680,0,-4.2,113,134.1,91.9,94.9,24.3,26.06,21.02,21.42
108,5892,110,0,98,0.5,2,9680,0,-4.2,113,134.3,91.9,94.9,24.3,26.07,21.02,21.42
108.04,5893,110,0,97,-1.1,2,9680,-0.02,-1.39,113.1,134.4,91.9,94.9,24.3,26.08,21.02,21.42
108.08,5894,110,0,95,-2,2,9680,-0.06,-1.37,113.1,134.5,91.9,94.9,24.31,26.09,21.02,21.42
108.12,5895,110,0,93,-3.8,2,9680,-0.09,-1.35,113.1,134.6,91.9,94.9,24.31,26.1,21.02,21.42
108.16,5896,110,0,91,-5.2,2,9680,-0.13,-1.33,113.2,134.7,91.9,94.9,24.31,26.11,21.02,21.42
108.2,5898,110,0,89,-6.7,2,9680,-0.16,-1.31,113.2,134.9,91.9,94.9,24.32,26.11,21.02,21.42
108.24,5899,110,0,87,-8.2,2,9680,-0.2,-1.29,113.3,135,91.9,94.9,24.32,26.12,21.02,21.42
108.28,5900,110,0,86,-9.7,2,9680,-0.23,-1.27,113.3,135.1,91.9,94.9,24.32,26.13,21.02,21.42
108.32,5901,110,0,84,-11.1,2,9680,-0.27,-1.25,113.3,135.2,91.9,94.9,24.33,26.14,21.02,21.42
108.36,5903,110,0,82,-12.5,2,9680,-0.3,-1.23,113.4,135.3,91.9,94.9,24.33,26.15,21.02,21.42
108.4,5904,110,0,80,-12.8,2,9680,-0.34,-1.21,113.4,135.5,91.9,94.9,24.33,26.16,21.02,21.42
108.44,5905,110,0,78,-14.1,2,9680,-0.37,-1.19,113.5,135.6,91.9,94.9,24.33,26.17,21.02,21.42
108.48,5906,110,0,77,-15.9,2,9680,-0.4,-1.17,113.5,135.7,91.9,94.9,24.34,26.18,21.02,21.42
108.52,5907,110,0,75,-17,2,9680,-0.44,-1.15,113.5,135.8,91.9,94.9,24.34,26.19,21.02,21.42
108.56,5909,110,0,73,-18.7,2,9680,-0.47,-1.13,113.6,135.9,91.9,94.9,24.34,26.2,21.02,21.42
108.6,5910,110,0,71,-20.3,2,9680,-0.51,-1.12,113.6,136.1,91.9,94.9,24.35,26.2,21.02,21.42
108.64,5911,110,0,70,-22.3,2,9680,-0.54,-1.1,113.7,136.2,91.9,94.9,24.35,26.21,21.02,21.42
108.68,5912,110,0,68,-22,2,9680,-0.58,-1.08,113.7,136.3,91.9,94.9,24.35,26.22,21.02,21.42
108.72,5914,110,0,66,-24.5,2,9680,-0.61,-1.06,113.7,136.4,91.9,94.9,24.36,26.23,21.02,21.42
108.76,5915,110,0,64,-25.1,2,9680,-0.65,-1.04,113.8,136.5,91.9,94.9,24.36,26.24,21.02,21.42
108.8,5916,110,0,63,-26.7,2,9680,-0.68,-1.02,113.8,136.7,91.9,94.9,24.36,26.25,21.02,21.42
108.84,5917,110,0,61,-28.6,2,9680,-0.72,-1,113.9,136.8,91.9,94.9,24.36,26.26,21.02,21.42
108.88,5918,110,0,59,-29.9,2,9680,-0.75,-0.98,113.9,136.9,91.9,94.9,24.37,26.27,21.02,21.42
108.92,5920,110,0,58,-31.5,2,9680,-0.79,-0.96,113.9,137,91.9,94.9,24.37,26.28,21.02,21.42
108.96,5921,110,0,56,-32.8,2,9680,-0.82,-0.94,114,137.1,91.9,94.9,24.37,26.29,21.02,21.42
109,5922,110,0,55,-33.6,2,9680,-0.86,-0.92,114,137.3,91.9,94.9,24.38,26.29,21.02,21.42
109.04,5923,110,0,53,-34.3,2,9680,-0.89,-0.9,114.1,137.4,91.9,94.9,24.38,26.3,21.02,21.42
109.08,5925,110,0,51,-36.3,2,9680,-0.93,-0.88,114.1,137.5,91.9,94.9,24.38,26.31,21.02,21.42
109.12,5926,110,0,50,-36.6,2,9680,-0.96,-0.86,114.1,137.6,91.9,94.9,24.39,26.32,21.02,21.42
109.16,5927,110,0,48,-38.1,2,9680,-1,-0.84,114.2,137.7,91.9,94.9,24.39,26.33,21.02,21.42
109.2,5928,110,0,47,-38.9,2,9680,-1.03,-0.82,114.2,137.9,91.9,94.9,24.39,26.34,21.02,21.42
109.24,5929,110,0,45,-40,2,9680,-1.07,-0.8,114.3,138,91.9,94.9,24.39,26.35,21.02,21.42
109.28,5931,110,0,44,-42.3,2,9680,-1.1,-0.78,114.3,138.1,91.9,94.9,24.4,26.36,21.02,21.42
109.32,5932,110,0,42,-42.4,2,9680,-1.14,-0.77,114.3,138.2,91.9,94.9,24.4,26.37,21.02,21.42
109.36,5933,110,0,41,-43.3,2,9680,-1.17,-0.75,114.4,138.3,91.9,94.9,24.4,26.38,21.02,21.42
109.4,5934,110,0,39,-45,2,9680,-1.2,-0.73,114.4,138.5,91.9,94.9,24.41,26.38,21.02,21.42
109.44,5936,110,0,38,-46.2,2,9680,-1.24,-0.71,114.5,138.6,91.9,94.9,24.41,26.39,21.02,21.42
109.48,5937,110,0,36,-47.5,2,9680,-1.27,-0.69,114.5,138.7,91.9,94.9,24.41,26.4,21.02,21.42
109.52,5938,110,0,35,-49,2,9680,-1.31,-0.67,114.5,138.8,91.9,94.9,24.42,26.41,21.02,21.42
109.56,5939,110,0,33,-48.5,2,9680,-1.34,-0.65,114.6,138.9,91.9,94.9,24.42,26.42,21.02,21.42
109.6,5940,110,0,32,-50.2,2,9680,-1.38,-0.63,114.6,139.1,91.9,94.9,24.42,26.43,21.02,21.42
109.64,5942,110,0,31,-51,2,9680,-1.41,-0.61,114.7,139.2,91.9,94.9,24.42,26.44,21.02,21.42
109.68,5943,110,0,29,-50.9,2,9680,-1.45,-0.59,114.7,139.3,91.9,94.9,24.43,26.45,21.02,21.42
109.72,5944,110,0,28,-51.8,2,9680,-1.48,-0.57,114.7,139.4,91.9,94.9,24.43,26.46,21.02,21.42
109.76,5945,110,0,27,-53,2,9680,-1.52,-0.55,114.8,139.5,91.9,94.9,24.43,26.47,21.02,21.42
109.8,5947,110,0,25,-53,2,9680,-1.55,-0.53,114.8,139.7,91.9,94.9,24.44,26.47,21.02,21.42
109.84,5948,110,0,24,-54.3,2,9680,-1.59,-0.51,114.9,139.8,91.9,94.9,24.44,26.48,21.02,21.42
109.88,5949,110,0,23,-55.8,2,9680,-1.62,-0.49,114.9,139.9,91.9,94.9,24.44,26.49,21.02,21.42
109.92,5950,110,0,21,-55.5,2,9680,-1.66,-0.47,114.9,140,91.9,94.9,24.45,26.5,21.02,21.42
109.96,5951,110,0,20,-56.7,2,9680,-1.69,-0.45,115,140.1,91.9,94.9,24.45,26.51,21.02,21.42
110,5953,110,0,19,-57.2,2,9680,-1.73,-0.43,115,140.3,91.9,94.9,24.45,26.52,21.02,21.42
110.04,5954,110,0,18,-58.1,2,9680,-1.76,-0.42,115.1,140.4,91.9,94.9,24.45,26.53,21.02,21.42
110.08,5955,110,0,17,-58.4,2,9680,-1.8,-0.4,115.1,140.5,91.9,94.9,24.46,26.54,21.02,21.42
110.12,5956,110,0,16,-58.7,2,9680,-1.83,-0.38,115.1,140.6,91.9,94.9,24.46,26.55,21.02,21.42
110.16,5958,110,0,14,-59.7,2,9680,-1.87,-0.36,115.2,140.7,91.9,94.9,24.46,26.56,21.02,21.42
110.2,5959,110,0,13,-61,2,9680,-1.9,-0.34,115.2,140.9,91.9,94.9,24.47,26.56,21.02,21.42
110.24,5960,110,0,12,-59.9,2,9680,-1.94,-0.32,115.3,141,91.9,94.9,24.47,26.57,21.02,21.42
110.28,5961,110,0,11,-61.2,2,9680,-1.97,-0.3,115.3,141.1,91.9,94.9,24.47,26.58,21.02,21.42
110.32,5962,110,0,10,-61.2,2,9680,-2.01,-0.28,115.3,141.2,91.9,94.9,24.48,26.59,21.02,21.42
110.36,5964,110,0,9,-62.1,2,9680,-2.04,-0.26,115.4,141.3,91.9,94.9,24.48,26.6,21.02,21.42
110.4,5965,110,0,8,-63.3,2,9680,-2.07,-0.24,115.4,141.5,91.9,94.9,24.48,26.61,21.02,21.42
110.44,5966,110,0,7,-62.3,2,9680,-2.11,-0.22,115.5,141.6,91.9,94.9,24.48,26.62,21.02,21.42
110.48,5967,110,0,6,-63.4,2,9680,-2.14,-0.2,115.5,141.7,91.9,94.9,24.49,26.63,21.02,21.42
110.52,5969,110,0,6,-63.9,2,9680,-2.18,-0.18,115.5,141.8,91.9,94.9,24.49,26.64,21.02,21.42
110.56,5970,110,0,5,-63.8,2,9680,-2.21,-0.16,115.6,141.9,91.9,94.9,24.49,26.65,21.02,21.42
110.6,5971,110,0,4,-64.3,2,9680,-2.25,-0.14,115.6,142.1,91.9,94.9,24.5,26.65,21.02,21.42
110.64,5972,110,0,3,-63.9,2,9680,-2.28,-0.12,115.7,142.2,91.9,94.9,24.5,26.66,21.02,21.42
110.68,5973,110,0,3,-65.2,2,9680,-2.32,-0.1,115.7,142.3,91.9,94.9,24.5,26.67,21.02,21.42
110.72,5975,110,0,2,-65,2,9680,-2.35,-0.08,115.7,142.4,91.9,94.9,24.51,26.68,21.02,21.42
110.76,5976,110,0,1,-65.1,2,9680,-2.39,-0.07,115.8,142.5,91.9,94.9,24.51,26.69,21.02,21.42
110.8,5977,110,0,1,-65.7,2,9680,-2.42,-0.05,115.8,142.7,91.9,94.9,24.51,26.7,21.02,21.42
110.84,5978,110,0,0,-64.1,2,9680,-2.46,-0.03,115.9,142.8,91.9,94.9,24.51,26.71,21.02,21.42
110.88,5980,110,0,0,-65.2,2,9680,-2.49,-0.01,115.9,142.9,91.9,94.9,24.52,26.72,21.02,21.42
110.92,5981,110,1,0,-65,2,9680,-3.38,0,115.9,142.9,92,95,24.52,26.72,21.02,21.42
110.96,5982,110,3,0,-64.4,2,9680,-3.36,0.01,115.9,142.9,92,95,24.52,26.72,21.03,21.43
111,5983,110,4,0,-63.4,2,9681,-3.34,0.01,115.9,142.9,92,95,24.52,26.72,21.03,21.43
111.04,5984,110,5,0,-63.3,2,9682,-3.31,0.02,115.9,142.9,92.1,95.1,24.52,26.72,21.03,21.43
111.08,5986,110,7,0,-62.2,2,9682,-3.29,0.03,115.9,142.9,92.1,95.1,24.52,26.72,21.03,21.43
111.12,5987,110,8,0,-61.4,2,9683,-3.27,0.03,115.9,142.9,92.1,95.1,24.52,26.72,21.04,21.44
111.16,5988,110,9,0,-61,2,9684,-3.24,0.04,115.9,142.9,92.2,95.2,24.52,26.72,21.04,21.44
111.2,5989,110.1,10,0,-60.3,2,9685,-3.22,0.04,115.9,142.9,92.2,95.2,24.52,26.72,21.04,21.44
111.24,5991,110.1,11,0,-59.6,2,9687,-3.19,0.05,115.9,142.9,92.3,95.3,24.52,26.72,21.04,21.44
111.28,5992,110.1,12,0,-59.7,2,9688,-3.17,0.05,115.9,142.9,92.3,95.3,24.52,26.72,21.05,21.45
111.32,5993,110.1,13,0,-59.1,2,9690,-3.15,0.06,115.9,142.9,92.3,95.3,24.52,26.72,21.05,21.45
111.36,5994,110.1,14,0,-58.5,2,9691,-3.12,0.07,115.9,142.9,92.4,95.4,24.52,26.72,21.05,21.45
111.4,5995,110.1,15,0,-57.4,2,9693,-3.1,0.07,115.9,142.9,92.4,95.4,24.52,26.72,21.05,21.45
111.44,5997,110.2,16,0,-57.4,2,9695,-3.08,0.08,115.9,142.9,92.4,95.4,24.52,26.72,21.06,21.46
111.48,5998,110.2,17,0,-57.1,2,9697,-3.05,0.08,115.9,142.9,92.5,95.5,24.52,26.72,21.06,21.46
111.52,5999,110.2,18,0,-55.6,2,9699,-3.03,0.09,115.9,142.9,92.5,95.5,24.52,26.72,21.06,21.46
111.56,6000,110.2,19,0,-55.6,2,9701,-3,0.09,115.9,142.9,92.5,95.5,24.52,26.72,21.07,21.47
111.6,6002,110.3,20,0,-55.6,2,9703,-2.98,0.1,115.9,142.9,92.6,95.6,24.52,26.72,21.07,21.47
111.64,6003,110.3,21,0,-54.4,2,9706,-2.96,0.11,115.9,142.9,92.6,95.6,24.52,26.72,21.07,21.47
111.68,6004,110.3,22,0,-53.7,2,9708,-2.93,0.11,115.9,142.9,92.6,95.6,24.52,26.72,21.07,21.47
111.72,6005,110.4,23,0,-53.8,2,9711,-2.91,0.12,115.9,142.9,92.7,95.7,24.52,26.72,21.08,21.48
111.76,6006,110.4,24,0,-53,2,9714,-2.89,0.12,115.9,142.9,92.7,95.7,24.52,26.72,21.08,21.48
111.8,6008,110.4,25,0,-51.9,2,9717,-2.86,0.13,115.9,142.9,92.7,95.7,24.52,26.72,21.08,21.48
111.84,6009,110.5,26,0,-51.2,2,9720,-2.84,0.13,115.9,142.9,92.8,95.8,24.52,26.72,21.08,21.48
111.88,6010,110.5,27,0,-51.1,2,9723,-2.81,0.14,115.9,142.9,92.8,95.8,24.52,26.72,21.09,21.49
111.92,6011,110.5,28,0,-49.7,2,9726,-2.79,0.15,115.9,142.9,92.8,95.8,24.52,26.72,21.09,21.49
111.96,6013,110.6,29,0,-50.1,2,9729,-2.77,0.15,115.9,142.9,92.9,95.9,24.52,26.72,21.09,21.49
112,6014,110.6,30,0,-49.2,2,9733,-2.74,0.16,115.9,142.9,92.9,95.9,24.52,26.72,21.09,21.49
112.04,6015,110.6,31,0,-48.6,2,9737,-2.72,0.16,115.9,142.9,93,96,24.52,26.72,21.1,21.5
112.08,6016,110.7,32,0,-47.8,2,9740,-2.69,0.17,115.9,142.9,93,96,24.52,26.72,21.1,21.5
112.12,6018,110.7,33,0,-47.4,2,9744,-2.67,0.17,115.9,142.9,93,96,24.52,26.72,21.1,21.5
112.16,6019,110.8,34,0,-46.5,2,9748,-2.65,0.18,115.9,142.9,93.1,96.1,24.52,26.72,21.1,21.5
112.2,6020,110.8,34,0,-46.3,2,9752,-2.62,0.19,115.9,142.9,93.1,96.1,24.52,26.72,21.11,21.51
112.24,6021,110.9,35,0,-46.1,2,9756,-2.6,0.19,115.9,142.9,93.1,96.1,24.52,26.72,21.11,21.51
112.28,6022,110.9,36,0,-45.3,2,9760,-2.58,0.2,115.9,142.9,93.2,96.2,24.52,26.72,21.11,21.51
112.32,6024,111,37,0,-45.3,2,9764,-2.55,0.2,115.9,142.9,93.2,96.2,24.52,26.72,21.11,21.51
112.36,6025,111,38,0,-43.9,2,9769,-2.53,0.21,115.9,142.9,93.2,96.2,24.52,26.72,21.12,21.52
112.4,6026,111.1,39,0,-43.1,2,9773,-2.5,0.21,115.9,142.9,93.3,96.3,24.52,26.72,21.12,21.52
112.44,6027,111.1,40,0,-42.7,2,9778,-2.48,0.22,115.9,142.9,93.3,96.3,24.52,26.72,21.12,21.52
112.48,6029,111.2,41,0,-42.8,2,9782,-2.46,0.23,115.9,142.9,93.3,96.3,24.52,26.72,21.13,21.53
112.52,6030,111.2,42,0,-41.2,2,9787,-2.43,0.23,115.9,142.9,93.4,96.4,24.52,26.72,21.13,21.53
112.56,6031,111.3,42,0,-40.7,2,9792,-2.41,0.24,115.9,142.9,93.4,96.4,24.52,26.72,21.13,21.53
112.6,6032,111.3,43,0,-40.7,2,9797,-2.38,0.24,115.9,142.9,93.4,96.4,24.52,26.72,21.13,21.53
112.64,6034,111.4,44,0,-40.1,2,9802,-2.36,0.25,115.9,142.9,93.5,96.5,24.52,26.72,21.14,21.54
112.68,6035,111.4,45,0,-39.2,2,9807,-2.34,0.25,115.9,142.9,93.5,96.5,24.52,26.72,21.14,21.54
112.72,6036,111.5,46,0,-39.1,2,9813,-2.31,0.26,115.9,142.9,93.5,96.5,24.52,26.72,21.14,21.54
112.76,6037,111.6,47,0,-38.7,2,9818,-2.29,0.27,115.9,142.9,93.6,96.6,24.52,26.72,21.14,21.54
112.8,6039,111.6,48,0,-37.4,2,9823,-2.26,0.27,115.9,142.9,93.6,96.6,24.52,26.72,21.15,21.55
112.84,6040,111.7,49,0,-36.9,2,9829,-2.24,0.28,115.9,142.9,93.7,96.7,24.52,26.72,21.15,21.55
112.88,6041,111.8,49,0,-37.1,2,9835,-2.21,0.28,115.9,142.9,93.7,96.7,24.52,26.72,21.15,21.55
112.92,6042,111.8,50,0,-35.8,2,9840,-2.19,0.29,115.9,142.9,93.7,96.7,24.52,26.72,21.15,21.55
112.96,6043,111.9,51,0,-35.2,2,9846,-2.17,0.29,115.9,142.9,93.8,96.8,24.52,26.72,21.16,21.56
113,6045,112,52,0,-34.8,2,9852,-2.14,0.3,115.9,142.9,93.8,96.8,24.52,26.72,21.16,21.56
113.04,6046,112,53,0,-34.5,2,9858,-2.12,0.31,115.9,142.9,93.8,96.8,24.52,26.72,21.16,21.56
113.08,6047,112.1,54,0,-33.7,2,9864,-2.09,0.31,115.9,142.9,93.9,96.9,24.52,26.72,21.16,21.56
113.12,6048,112.2,54,0,-32.8,2,9870,-2.07,0.32,115.9,142.9,93.9,96.9,24.52,26.72,21.17,21.57
113.16,6050,112.2,55,0,-32.6,2,9877,-2.05,0.32,115.9,142.9,93.9,96.9,24.52,26.72,21.17,21.57
113.2,6051,112.3,56,0,-31.9,2,9883,-2.02,0.33,115.9,142.9,94,97,24.52,26.72,21.17,21.57
113.24,6052,112.4,57,0,-31.8,2,9890,-2,0.34,115.9,142.9,94,97,24.52,26.72,21.18,21.58
113.28,6053,112.5,58,0,-31.6,2,9896,-1.97,0.34,115.9,142.9,94,97,24.52,26.72,21.18,21.58
113.32,6055,112.5,59,0,-30.7,2,9903,-1.95,0.35,115.9,142.9,94.1,97.1,24.52,26.72,21.18,21.58
113.36,6056,112.6,59,0,-29.9,2,9910,-1.92,0.35,115.9,142.9,94.1,97.1,24.52,26.72,21.18,21.58
113.4,6057,112.7,60,0,-28.5,2,9916,-1.9,0.36,115.9,142.9,94.1,97.1,24.52,26.72,21.19,21.59
113.44,6058,112.8,61,0,-28.2,2,9923,-1.88,0.36,115.9,142.9,94.2,97.2,24.52,26.72,21.19,21.59
113.48,6060,112.8,62,0,-28,2,9930,-1.85,0.37,115.9,142.9,94.2,97.2,24.52,26.72,21.19,21.59
113.52,6061,112.9,63,0,-27.6,2,9937,-1.83,0.38,115.9,142.9,94.2,97.2,24.52,26.72,21.19,21.59
113.56,6062,113,64,0,-27.6,2,9945,-1.8,0.38,115.9,142.9,94.3,97.3,24.52,26.72,21.2,21.6
113.6,6063,113.1,64,0,-25.7,2,9952,-1.78,0.39,115.9,142.9,94.3,97.3,24.52,26.72,21.2,21.6
113.64,6065,113.2,65,0,-25.4,2,9959,-1.75,0.39,115.9,142.9,94.4,97.4,24.52,26.72,21.2,21.6
113.68,6066,113.3,66,0,-24.6,2,9967,-1.73,0.4,115.9,142.9,94.4,97.4,24.52,26.72,21.2,21.6
113.72,6067,113.3,67,0,-24,2,9974,-1.7,0.41,115.9,142.9,94.4,97.4,24.52,26.72,21.21,21.61
113.76,6069,113.4,68,0,-23.8,2,9982,-1.68,0.41,115.9,142.9,94.5,97.5,24.52,26.72,21.21,21.61
113.8,6070,113.5,69,0,-23,2,9990,-1.66,0.42,115.9,142.9,94.5,97.5,24.52,26.72,21.21,21.61
113.84,6071,113.6,69,0,-23.2,2,9997,-1.63,0.42,115.9,142.9,94.5,97.5,24.52,26.72,21.21,21.61
113.88,6072,113.7,70,0,-22.1,2,10005,-1.61,0.43,115.9,142.9,94.6,97.6,24.52,26.72,21.22,21.62
113.92,6074,113.8,71,0,-21.6,2,10013,-1.58,0.43,115.9,142.9,94.6,97.6,24.52,26.72,21.22,21.62
113.96,6075,113.9,72,0,-20.7,2,10021,-1.56,0.44,115.9,142.9,94.6,97.6,24.52,26.72,21.22,21.62
114,6076,114,73,0,-20.2,2,10030,-1.53,0.45,115.9,142.9,94.7,97.7,24.52,26.72,21.23,21.63
114.04,6077,114.1,73,0,-19.8,2,10038,-1.51,0.45,115.9,142.9,94.7,97.7,24.52,26.72,21.23,21.63
114.08,6079,114.2,74,0,-19.4,2,10046,-1.48,0.46,115.9,142.9,94.7,97.7,24.52,26.72,21.23,21.63
114.12,6080,114.3,75,0,-18.4,2,10054,-1.46,0.46,115.9,142.9,94.8,97.8,24.52,26.72,21.23,21.63
114.16,6081,114.4,76,0,-17.8,2,10063,-1.43,0.47,115.9,142.9,94.8,97.8,24.52,26.72,21.24,21.64
114.2,6082,114.4,77,0,-17.4,2,10072,-1.41,0.48,115.9,142.9,94.8,97.8,24.52,26.72,21.24,21.64
114.24,6084,114.5,77,0,-16.9,2,10080,-1.39,0.48,115.9,142.9,94.9,97.9,24.52,26.72,21.24,21.64
114.28,6085,114.6,78,0,-16.2,2,10089,-1.36,0.49,115.9,142.9,94.9,97.9,24.52,26.72,21.24,21.64
114.32,6086,114.7,79,0,-15.8,2,10098,-1.34,0.49,115.9,142.9,94.9,97.9,24.52,26.72,21.25,21.65
114.36,6088,114.8,80,0,-14.9,2,10107,-1.31,0.5,115.9,142.9,95,98,24.52,26.72,21.25,21.65
114.4,6089,114.9,81,0,-13.9,2,10116,-1.29,0.51,115.9,142.9,95,98,24.52,26.72,21.25,21.65
114.44,6090,115.1,82,0,-13.9,2,10125,-1.26,0.51,115.9,142.9,95.1,98.1,24.52,26.72,21.25,21.65
114.48,6091,115.2,82,0,-13.2,2,10134,-1.24,0.52,115.9,142.9,95.1,98.1,24.52,26.72,21.26,21.66
114.52,6093,115.3,83,0,-13.3,2,10143,-1.21,0.52,115.9,142.9,95.1,98.1,24.52,26.72,21.26,21.66
114.56,6094,115.4,84,0,-11.4,2,10152,-1.19,0.53,115.9,142.9,95.2,98.2,24.52,26.72,21.26,21.66
114.6,6095,115.5,85,0,-11.7,2,10162,-1.16,0.53,115.9,142.9,95.2,98.2,24.52,26.72,21.26,21.66
114.64,6096,115.6,86,0,-11.1,2,10171,-1.14,0.54,115.9,142.9,95.2,98.2,24.52,26.72,21.27,21.67
114.68,6098,115.7,86,0,-9.6,2,10181,-1.11,0.55,115.9,142.9,95.3,98.3,24.52,26.72,21.27,21.67
114.72,6099,115.8,87,0,-9.9,2,10190,-1.09,0.55,115.9,142.9,95.3,98.3,24.52,26.72,21.27,21.67
114.76,6100,115.9,88,0,-8.8,2,10200,-1.06,0.56,115.9,142.9,95.3,98.3,24.52,26.72,21.28,21.68
114.8,6102,116,89,0,-9,2,10210,-1.04,0.56,115.9,142.9,95.4,98.4,24.52,26.72,21.28,21.68
114.84,6103,116.1,90,0,-8,2,10220,-1.01,0.57,115.9,142.9,95.4,98.4,24.52,26.72,21.28,21.68
114.88,6104,116.2,90,0,-6.6,2,10230,-0.99,0.58,115.9,142.9,95.4,98.4,24.52,26.72,21.28,21.68
114.92,6105,116.4,91,0,-6.9,2,10240,-0.96,0.58,115.9,142.9,95.5,98.5,24.52,26.72,21.29,21.69
114.96,6107,116.5,92,0,-5.5,2,10250,-0.94,0.59,115.9,142.9,95.5,98.5,24.52,26.72,21.29,21.69
115,6108,116.6,93,0,-5.1,2,10260,-0.91,0.59,115.9,142.9,95.5,98.5,24.52,26.72,21.29,21.69
115.04,6109,116.7,94,0,-4.7,2,10270,-0.89,0.6,115.9,142.9,95.6,98.6,24.52,26.72,21.29,21.69
115.08,6111,116.8,94,0,-4.9,2,10281,-0.86,0.61,115.9,142.9,95.6,98.6,24.52,26.72,21.3,21.7
115.12,6112,116.9,95,0,-3.6,2,10291,-0.84,0.61,115.9,142.9,95.6,98.6,24.52,26.72,21.3,21.7
115.16,6113,117.1,96,0,-3,2,10301,-0.81,0.62,115.9,142.9,95.7,98.7,24.52,26.72,21.3,21.7
115.2,6115,117.2,97,0,-2,2,10312,-0.79,0.62,115.9,142.9,95.7,98.7,24.52,26.72,21.3,21.7
115.24,6116,117.3,97,0,-2.3,2,10323,-0.76,0.63,115.9,142.9,95.8,98.8,24.52,26.72,21.31,21.71
115.28,6117,117.4,98,0,-0.2,2,10333,-0.73,0.64,115.9,142.9,95.8,98.8,24.52,26.72,21.31,21.71
115.32,6118,117.5,99,0,-1.1,2,10344,-0.71,0.64,115.9,142.9,95.8,98.8,24.52,26.72,21.31,21.71
115.36,6120,117.7,100,0,0.4,2,10355,-0.68,0.65,115.9,142.9,95.9,98.9,24.52,26.72,21.31,21.71
115.4,6121,117.8,100,0,-0.3,2,10369,-0.01,0.11,115.9,142.9,95.8,98.8,24.52,26.72,21.31,21.71
115.44,6122,118,100,0,0.6,2,10383,0,0.11,115.9,142.9,95.8,98.8,24.52,26.72,21.31,21.71
115.48,6124,118.1,100,0,-0.3,2,10396,-0.02,0.11,115.9,142.9,95.8,98.8,24.52,26.72,21.31,21.71
115.52,6125,118.3,100,0,0.1,2,10410,0,0.11,115.9,142.9,95.8,98.8,24.51,26.71,21.31,21.71
115.56,6126,118.5,100,0,-0.2,2,10424,0,0.11,115.8,142.8,95.8,98.8,24.51,26.71,21.31,21.71
115.6,6128,118.6,100,0,-0.2,2,10438,-0.04,0.11,115.8,142.8,95.8,98.8,24.51,26.71,21.31,21.71
115.64,6129,118.8,100,0,-0.5,2,10451,0,0.11,115.8,142.8,95.8,98.8,24.51,26.71,21.31,21.71
115.68,6130,118.9,100,0,-0.8,2,10465,0.01,0.11,115.8,142.8,95.8,98.8,24.51,26.71,21.31,21.71
115.72,6132,119.1,100,0,-0.5,2,10478,0,0.11,115.8,142.8,95.8,98.8,24.51,26.71,21.31,21.71
115.76,6133,119.2,100,0,0,2,10492,0.03,0.11,115.8,142.8,95.7,98.7,24.51,26.71,21.31,21.71
115.8,6134,119.4,100,0,-0.7,2,10505,-0.02,0.11,115.8,142.8,95.7,98.7,24.51,26.71,21.3,21.7
115.84,6136,119.5,100,0,-0.1,2,10519,-0.02,0.11,115.8,142.8,95.7,98.7,24.51,26.71,21.3,21.7
115.88,6137,119.7,100,0,0,2,10532,0.03,0.11,115.7,142.7,95.7,98.7,24.51,26.71,21.3,21.7
115.92,6138,119.8,100,0,-0.2,2,10546,-0.02,0.11,115.7,142.7,95.7,98.7,24.51,26.71,21.3,21.7
115.96,6140,120,100,0,-0.5,2,10559,0.01,0.11,115.7,142.7,95.7,98.7,24.5,26.7,21.3,21.7
116,6141,120.1,100,0,-0.1,2,9303,0,0.11,115.7,142.7,95.7,98.7,24.5,26.7,21.3,21.7
116.04,6142,120.3,100,0,0.5,2,9316,0.01,0.11,115.7,142.7,95.7,98.7,24.5,26.7,21.3,21.7
116.08,6144,120.4,100,0,0.4,2,9327,0.03,0.11,115.7,142.7,95.6,98.6,24.5,26.7,21.3,21.7
116.12,6145,120.6,100,0,0.2,2,9339,0.01,0.11,115.7,142.7,95.6,98.6,24.5,26.7,21.3,21.7
116.16,6146,120.7,100,0,0.7,2,9350,0.03,0.11,115.7,142.7,95.6,98.6,24.5,26.7,21.3,21.7
116.2,6148,120.9,100,0,0.5,2,9361,-0.03,0.11,115.7,142.7,95.6,98.6,24.5,26.7,21.3,21.7
116.24,6149,121,100,0,-0.4,2,9374,-0.01,0.11,115.6,142.6,95.6,98.6,24.5,26.7,21.29,21.69
116.28,6150,121.2,100,0,-0.2,2,9385,0,0.11,115.6,142.6,95.6,98.6,24.5,26.7,21.29,21.69
116.32,6152,121.3,100,0,0.3,2,10678,0,0.1,115.6,142.6,95.6,98.6,24.5,26.7,21.29,21.69
116.36,6153,121.5,100,0,-0.3,2,10691,-0.02,0.1,115.6,142.6,95.6,98.6,24.5,26.7,21.29,21.69
116.4,6154,121.6,100,0,-0.2,2,10704,-0.03,0.1,115.6,142.6,95.5,98.5,24.49,26.69,21.29,21.69
116.44,6156,121.8,100,0,0.4,2,10717,0,0.1,115.6,142.6,95.5,98.5,24.49,26.69,21.29,21.69
116.48,6157,121.9,100,0,0.8,2,10730,-0.01,0.1,115.6,142.6,95.5,98.5,24.49,26.69,21.29,21.69
116.52,6158,122.1,100,0,-0.2,2,10742,0.01,0.1,115.6,142.6,95.5,98.5,24.49,26.69,21.29,21.69
116.56,6160,122.2,100,0,-0.3,2,10755,0,0.1,115.5,142.5,95.5,98.5,24.49,26.69,21.29,21.69
116.6,6161,122.4,100,0,0.2,2,10768,0,0.1,115.5,142.5,95.5,98.5,24.49,26.69,21.29,21.69
116.64,6162,122.5,100,0,-0.1,2,10781,-0.02,0.1,115.5,142.5,95.5,98.5,24.49,26.69,21.29,21.69
116.68,6164,122.7,100,0,0,2,10794,0.02,0.1,115.5,142.5,95.5,98.5,24.49,26.69,21.28,21.68
116.72,6165,122.8,100,0,0.4,2,10806,0.01,0.1,115.5,142.5,95.5,98.5,24.49,26.69,21.28,21.68
116.76,6167,122.9,100,0,-0.4,2,10819,-0.05,0.1,115.5,142.5,95.4,98.4,24.49,26.69,21.28,21.68
116.8,6168,123.1,100,0,-0.5,2,10832,0.02,0.1,115.5,142.5,95.4,98.4,24.49,26.69,21.28,21.68
116.84,6169,123.2,100,0,0,2,10844,-0.01,0.1,115.5,142.5,95.4,98.4,24.48,26.68,21.28,21.68
116.88,6171,123.4,100,0,0.1,2,10857,-0.01,0.1,115.4,142.4,95.4,98.4,24.48,26.68,21.28,21.68
116.92,6172,123.5,100,0,-0.1,2,10869,0.04,0.1,115.4,142.4,95.4,98.4,24.48,26.68,21.28,21.68
116.96,6173,123.7,100,0,-0.2,2,10882,0,0.1,115.4,142.4,95.4,98.4,24.48,26.68,21.28,21.68