Time,Distance,Speed,Throttle,Brake,Steering,Gear,RPM,LatG,LongG,TyreTemp_FL,TyreTemp_FR,TyreTemp_RL,TyreTemp_RR,Press_FL,Press_FR,Press_RL,Press_RR
0,0,180.1,100,0,0.9,4,10443,-0.01,0.04,96,99,92.5,95.5,23,23.4,21,21.4
0.04,2,180.1,100,0,-0.6,4,10447,0.04,0.04,96,99,92.5,95.5,23,23.4,21,21.4
0.08,4,180.2,100,0,-0.1,4,10450,0,0.04,96,99,92.5,95.5,23,23.4,21,21.4
0.12,6,180.2,100,0,0.1,4,10453,0.02,0.04,96,99,92.5,95.5,23,23.4,21,21.4
0.16,8,180.3,100,0,0,4,10457,-0.01,0.04,95.9,98.9,92.4,95.4,23,23.4,21,21.4
0.2,10,180.3,100,0,-0.6,4,10460,0.02,0.04,95.9,98.9,92.4,95.4,22.99,23.39,20.99,21.39
0.24,12,180.4,100,0,-0.1,4,10463,0,0.04,95.9,98.9,92.4,95.4,22.99,23.39,20.99,21.39
0.28,14,180.5,100,0,-0.2,4,10467,0.04,0.04,95.9,98.9,92.4,95.4,22.99,23.39,20.99,21.39
0.32,16,180.5,100,0,-0.1,4,10470,-0.03,0.04,95.9,98.9,92.4,95.4,22.99,23.39,20.99,21.39
0.36,18,180.6,100,0,-0.4,4,10473,-0.01,0.04,95.9,98.9,92.4,95.4,22.99,23.39,20.99,21.39
0.4,20,180.6,100,0,-0.2,4,10477,0.03,0.04,95.9,98.9,92.4,95.4,22.99,23.39,20.99,21.39
0.44,22,180.7,100,0,-0.2,4,10480,-0.03,0.04,95.9,98.9,92.4,95.4,22.99,23.39,20.99,21.39
0.48,24,180.7,100,0,0.4,4,10483,0,0.04,95.8,98.8,92.3,95.3,22.99,23.39,20.99,21.39
0.52,26,180.8,100,0,-0.1,4,10487,0.03,0.04,95.8,98.8,92.3,95.3,22.99,23.39,20.99,21.39
0.56,28,180.9,100,0,-0.7,4,10490,0.01,0.04,95.8,98.8,92.3,95.3,22.99,23.39,20.99,21.39
0.6,30,180.9,100,0,0.6,4,10493,0.02,0.04,95.8,98.8,92.3,95.3,22.99,23.39,20.99,21.39
0.64,32,181,100,0,-0.2,4,10497,0.03,0.04,95.8,98.8,92.3,95.3,22.98,23.38,20.98,21.38
0.68,34,181,100,0,-0.2,4,10500,-0.02,0.04,95.8,98.8,92.3,95.3,22.98,23.38,20.98,21.38
0.72,36,181.1,100,0,0.5,4,10503,0,0.04,95.8,98.8,92.3,95.3,22.98,23.38,20.98,21.38
0.76,38,181.2,100,0,-0.2,4,10507,0,0.04,95.8,98.8,92.3,95.3,22.98,23.38,20.98,21.38
0.8,40,181.2,100,0,-0.2,4,10510,0.01,0.04,95.7,98.7,92.2,95.2,22.98,23.38,20.98,21.38
0.84,42,181.3,100,0,-0.5,4,10513,0.01,0.04,95.7,98.7,92.2,95.2,22.98,23.38,20.98,21.38
0.88,44,181.3,100,0,-0.1,4,10517,-0.04,0.04,95.7,98.7,92.2,95.2,22.98,23.38,20.98,21.38
0.92,46,181.4,100,0,0.4,4,10520,0.01,0.04,95.7,98.7,92.2,95.2,22.98,23.38,20.98,21.38
0.96,48,181.4,100,0,-0.5,4,10524,-0.03,0.04,95.7,98.7,92.2,95.2,22.98,23.38,20.98,21.38
1,50,181.5,100,0,-0.4,4,10527,-0.01,0.04,95.7,98.7,92.2,95.2,22.98,23.38,20.98,21.38
1.04,52,181.6,100,0,1.2,4,10530,0.02,0.04,95.7,98.7,92.2,95.2,22.98,23.38,20.98,21.38
1.08,54,181.6,100,0,-0.7,4,10534,-0.01,0.04,95.7,98.7,92.2,95.2,22.97,23.37,20.97,21.37
1.12,56,181.7,100,0,0.1,4,10537,0.05,0.04,95.7,98.7,92.2,95.2,22.97,23.37,20.97,21.37
1.16,58,181.7,100,0,-0.1,4,10540,-0.02,0.04,95.6,98.6,92.1,95.1,22.97,23.37,20.97,21.37
1.2,60,181.8,100,0,0.5,4,10544,0,0.04,95.6,98.6,92.1,95.1,22.97,23.37,20.97,21.37
1.24,62,181.8,100,0,0.1,4,10547,0.01,0.04,95.6,98.6,92.1,95.1,22.97,23.37,20.97,21.37
1.28,64,181.9,100,0,-0.1,4,10550,-0.01,0.04,95.6,98.6,92.1,95.1,22.97,23.37,20.97,21.37
1.32,66,182,100,0,-0.1,4,10554,0,0.04,95.6,98.6,92.1,95.1,22.97,23.37,20.97,21.37
1.36,68,182,100,0,0.2,4,10557,0.04,0.04,95.6,98.6,92.1,95.1,22.97,23.37,20.97,21.37
1.4,70,182.1,100,0,0.5,4,10560,-0.02,0.04,95.6,98.6,92.1,95.1,22.97,23.37,20.97,21.37
1.44,72,182.1,100,0,-0.2,4,10564,-0.01,0.04,95.6,98.6,92.1,95.1,22.97,23.37,20.97,21.37
1.48,74,182.2,100,0,0,4,10567,-0.02,0.04,95.5,98.5,92,95,22.97,23.37,20.97,21.37
1.52,76,182.2,100,0,0.6,4,10570,0,0.04,95.5,98.5,92,95,22.96,23.36,20.96,21.36
1.56,78,182.3,100,0,-0.8,4,10574,0.01,0.04,95.5,98.5,92,95,22.96,23.36,20.96,21.36
1.6,81,182.4,100,0,-0.2,4,10577,-0.01,0.04,95.5,98.5,92,95,22.96,23.36,20.96,21.36
1.64,83,182.4,100,0,-0.4,4,10580,-0.01,0.04,95.5,98.5,92,95,22.96,23.36,20.96,21.36
1.68,85,182.5,100,0,0.2,4,10584,0.01,0.04,95.5,98.5,92,95,22.96,23.36,20.96,21.36
1.72,87,182.5,100,0,-0.8,4,10587,0.02,0.04,95.5,98.5,92,95,22.96,23.36,20.96,21.36
1.76,89,182.6,100,0,-0.4,4,10590,0.02,0.04,95.5,98.5,92,95,22.96,23.36,20.96,21.36
1.8,91,182.6,100,0,-0.2,4,10594,0,0.04,95.4,98.4,91.9,94.9,22.96,23.36,20.96,21.36
1.84,93,182.7,100,0,0.5,4,10597,0,0.04,95.4,98.4,91.9,94.9,22.96,23.36,20.96,21.36
1.88,95,182.8,100,0,-0.7,4,10600,-0.01,0.04,95.4,98.4,91.9,94.9,22.96,23.36,20.96,21.36
1.92,97,182.8,100,0,-0.3,4,10604,-0.02,0.04,95.4,98.4,91.9,94.9,22.96,23.36,20.96,21.36
1.96,99,182.9,100,0,0.3,4,10607,-0.02,0.04,95.4,98.4,91.9,94.9,22.95,23.35,20.95,21.35
2,101,182.9,100,0,0.2,4,10610,0.02,0.04,95.4,98.4,91.9,94.9,22.95,23.35,20.95,21.35
2.04,103,183,100,0,-1.1,4,10614,0.01,0.04,95.4,98.4,91.9,94.9,22.95,23.35,20.95,21.35
2.08,105,183.1,100,0,-0.3,4,10617,0.02,0.04,95.4,98.4,91.9,94.9,22.95,23.35,20.95,21.35
2.12,107,183.1,100,0,0.3,4,10620,-0.03,0.04,95.4,98.4,91.9,94.9,22.95,23.35,20.95,21.35
2.16,109,183.2,100,0,-0.5,4,10624,0.02,0.04,95.3,98.3,91.8,94.8,22.95,23.35,20.95,21.35
2.2,111,183.2,100,0,0,4,10627,-0.02,0.04,95.3,98.3,91.8,94.8,22.95,23.35,20.95,21.35
2.24,113,183.3,100,0,-0.3,4,10630,0.01,0.04,95.3,98.3,91.8,94.8,22.95,23.35,20.95,21.35
2.28,115,183.3,100,0,0.4,4,10634,0,0.04,95.3,98.3,91.8,94.8,22.95,23.35,20.95,21.35
2.32,117,183.4,100,0,0,4,10637,0,0.04,95.3,98.3,91.8,94.8,22.95,23.35,20.95,21.35
2.36,119,183.5,100,0,-0.3,4,10640,0.01,0.04,95.3,98.3,91.8,94.8,22.95,23.35,20.95,21.35
2.4,121,183.5,100,0,0.2,4,10644,0.01,0.04,95.3,98.3,91.8,94.8,22.95,23.35,20.95,21.35
2.44,123,183.6,100,0,-0.2,4,10647,0,0.04,95.3,98.3,91.8,94.8,22.94,23.34,20.94,21.34
2.48,125,183.6,100,0,-0.1,4,10650,0.03,0.04,95.2,98.2,91.7,94.7,22.94,23.34,20.94,21.34
2.52,127,183.7,100,0,-0.6,4,10654,0,0.04,95.2,98.2,91.7,94.7,22.94,23.34,20.94,21.34
2.56,129,183.7,100,0,0.1,4,10657,0.03,0.04,95.2,98.2,91.7,94.7,22.94,23.34,20.94,21.34
2.6,131,183.8,100,0,-0.1,4,10660,-0.02,0.04,95.2,98.2,91.7,94.7,22.94,23.34,20.94,21.34
2.64,133,183.9,100,0,0.5,4,10664,-0.01,0.04,95.2,98.2,91.7,94.7,22.94,23.34,20.94,21.34
2.68,135,183.9,100,0,0,4,10667,0.02,0.04,95.2,98.2,91.7,94.7,22.94,23.34,20.94,21.34
2.72,138,184,100,0,-0.1,4,10671,0.01,0.04,95.2,98.2,91.7,94.7,22.94,23.34,20.94,21.34
2.76,140,184,100,0,-0.5,4,10674,0,0.04,95.2,98.2,91.7,94.7,22.94,23.34,20.94,21.34
2.8,142,184.1,100,0,0.2,4,10677,-0.01,0.04,95.1,98.1,91.6,94.6,22.94,23.34,20.94,21.34
2.84,144,184.1,100,0,0.2,4,10681,0.02,0.04,95.1,98.1,91.6,94.6,22.94,23.34,20.94,21.34
2.88,146,184.2,100,0,-0.3,4,10684,0,0.04,95.1,98.1,91.6,94.6,22.93,23.33,20.93,21.33
2.92,148,184.3,100,0,-0.2,4,10687,0.02,0.04,95.1,98.1,91.6,94.6,22.93,23.33,20.93,21.33
2.96,150,184.3,100,0,0.6,4,10691,0.02,0.04,95.1,98.1,91.6,94.6,22.93,23.33,20.93,21.33
3,152,184.4,100,0,0.1,4,10694,0.01,0.04,95.1,98.1,91.6,94.6,22.93,23.33,20.93,21.33
3.04,154,184.4,100,0,-0.1,4,10697,0,0.04,95.1,98.1,91.6,94.6,22.93,23.33,20.93,21.33
3.08,156,184.5,100,0,-0.6,4,10701,-0.02,0.04,95.1,98.1,91.6,94.6,22.93,23.33,20.93,21.33
3.12,158,184.6,100,0,-0.8,4,10704,-0.01,0.04,95.1,98.1,91.6,94.6,22.93,23.33,20.93,21.33
3.16,160,184.6,100,0,-0.4,4,10707,0.07,0.04,95,98,91.5,94.5,22.93,23.33,20.93,21.33
3.2,162,184.7,100,0,0.7,4,10711,0,0.04,95,98,91.5,94.5,22.93,23.33,20.93,21.33
3.24,164,184.7,100,0,-0.1,4,10714,0.01,0.04,95,98,91.5,94.5,22.93,23.33,20.93,21.33
3.28,166,184.8,100,0,-0.5,4,10717,0.04,0.04,95,98,91.5,94.5,22.93,23.33,20.93,21.33
3.32,168,184.8,100,0,-0.2,4,10721,0.01,0.04,95,98,91.5,94.5,22.92,23.32,20.92,21.32
3.36,170,184.9,100,0,-0.9,4,10724,0.02,0.04,95,98,91.5,94.5,22.92,23.32,20.92,21.32
3.4,172,185,100,0,0.6,4,10727,0,0.04,95,98,91.5,94.5,22.92,23.32,20.92,21.32
3.44,174,185,100,0,0.6,4,10731,0,0.04,95,98,91.5,94.5,22.92,23.32,20.92,21.32
3.48,176,185.1,100,0,0.4,4,10734,0.01,0.04,94.9,97.9,91.4,94.4,22.92,23.32,20.92,21.32
3.52,179,185.1,100,0,-0.4,4,10737,-0.02,0.04,94.9,97.9,91.4,94.4,22.92,23.32,20.92,21.32
3.56,181,185.2,100,0,0.2,4,10741,-0.02,0.04,94.9,97.9,91.4,94.4,22.92,23.32,20.92,21.32
3.6,183,185.2,100,0,-0.4,4,10744,-0.01,0.04,94.9,97.9,91.4,94.4,22.92,23.32,20.92,21.32
3.64,185,185.3,100,0,0.1,4,10747,0,0.04,94.9,97.9,91.4,94.4,22.92,23.32,20.92,21.32
3.68,187,185.4,100,0,0,4,10751,0.04,0.04,94.9,97.9,91.4,94.4,22.92,23.32,20.92,21.32
3.72,189,185.4,100,0,-0.8,4,10754,0.02,0.04,94.9,97.9,91.4,94.4,22.92,23.32,20.92,21.32
3.76,191,185.5,100,0,0.4,4,10757,-0.01,0.04,94.9,97.9,91.4,94.4,22.91,23.31,20.91,21.31
3.8,193,185.5,100,0,-0.7,4,10761,-0.02,0.04,94.8,97.8,91.3,94.3,22.91,23.31,20.91,21.31
3.84,195,185.6,100,0,-0.2,4,10764,0.02,0.04,94.8,97.8,91.3,94.3,22.91,23.31,20.91,21.31
3.88,197,185.6,100,0,-0.1,4,10767,0,0.04,94.8,97.8,91.3,94.3,22.91,23.31,20.91,21.31
3.92,199,185.7,100,0,-0.4,4,10771,-0.03,0.04,94.8,97.8,91.3,94.3,22.91,23.31,20.91,21.31
3.96,201,185.8,100,0,-0.2,4,10774,0.03,0.04,94.8,97.8,91.3,94.3,22.91,23.31,20.91,21.31
4,203,185.8,100,0,-0.1,4,10777,-0.04,0.04,94.8,97.8,91.3,94.3,22.91,23.31,20.91,21.31
4.04,205,185.9,100,0,0,4,10781,-0.01,0.04,94.8,97.8,91.3,94.3,22.91,23.31,20.91,21.31
4.08,207,185.9,100,0,-0.1,4,10784,-0.01,0.04,94.8,97.8,91.3,94.3,22.91,23.31,20.91,21.31
4.12,209,186,100,0,-0.3,4,10787,0.02,0.04,94.8,97.8,91.3,94.3,22.91,23.31,20.91,21.31
4.16,211,186,100,0,-0.5,4,10791,0,0.04,94.7,97.7,91.2,94.2,22.91,23.31,20.91,21.31
4.2,214,186.1,100,0,-0.6,4,10794,0.02,0.04,94.7,97.7,91.2,94.2,22.9,23.3,20.9,21.3
4.24,216,186.2,100,0,0.5,4,10797,0.01,0.04,94.7,97.7,91.2,94.2,22.9,23.3,20.9,21.3
4.28,218,186.2,100,0,0.1,4,10801,0.01,0.04,94.7,97.7,91.2,94.2,22.9,23.3,20.9,21.3
4.32,220,186.3,100,0,-0.4,4,10804,0.01,0.04,94.7,97.7,91.2,94.2,22.9,23.3,20.9,21.3
4.36,222,186.3,100,0,-0.1,4,10807,0,0.04,94.7,97.7,91.2,94.2,22.9,23.3,20.9,21.3
4.4,224,186.4,100,0,-0.1,4,10811,0.02,0.04,94.7,97.7,91.2,94.2,22.9,23.3,20.9,21.3
4.44,226,186.5,100,0,0,4,10814,-0.02,0.04,94.7,97.7,91.2,94.2,22.9,23.3,20.9,21.3
4.48,228,186.5,100,0,-0.1,4,10818,0.02,0.04,94.6,97.6,91.1,94.1,22.9,23.3,20.9,21.3
4.52,230,186.6,100,0,0.2,4,10821,0.03,0.04,94.6,97.6,91.1,94.1,22.9,23.3,20.9,21.3
4.56,232,186.6,100,0,0.5,4,10824,0.03,0.04,94.6,97.6,91.1,94.1,22.9,23.3,20.9,21.3
4.6,234,186.7,100,0,-0.7,4,10828,-0.06,0.04,94.6,97.6,91.1,94.1,22.9,23.3,20.9,21.3
4.64,236,186.7,100,0,-0.3,4,10831,0.01,0.04,94.6,97.6,91.1,94.1,22.89,23.29,20.89,21.29
4.68,238,186.8,100,0,-0.2,4,10834,0.02,0.04,94.6,97.6,91.1,94.1,22.89,23.29,20.89,21.29
4.72,240,186.9,100,0,-0.2,4,10838,-0.03,0.04,94.6,97.6,91.1,94.1,22.89,23.29,20.89,21.29
4.76,243,186.9,100,0,0.3,4,10841,0.02,0.04,94.6,97.6,91.1,94.1,22.89,23.29,20.89,21.29
4.8,245,187,100,0,0.8,4,10844,-0.05,0.04,94.5,97.5,91,94,22.89,23.29,20.89,21.29
4.84,247,187,100,0,0,4,10848,-0.01,0.04,94.5,97.5,91,94,22.89,23.29,20.89,21.29
4.88,249,187.1,100,0,-0.4,4,10851,-0.02,0.04,94.5,97.5,91,94,22.89,23.29,20.89,21.29
4.92,251,187.1,100,0,1,4,10854,-0.01,0.04,94.5,97.5,91,94,22.89,23.29,20.89,21.29
4.96,253,187.2,100,0,-0.6,4,10858,-0.03,0.04,94.5,97.5,91,94,22.89,23.29,20.89,21.29
5,255,187.3,100,0,-0.7,4,10861,-0.01,0.04,94.5,97.5,91,94,22.89,23.29,20.89,21.29
5.04,257,187.3,100,0,0.1,4,10864,-0.02,0.04,94.5,97.5,91,94,22.89,23.29,20.89,21.29
5.08,259,187.4,100,0,-0.3,4,10868,-0.03,0.04,94.5,97.5,91,94,22.88,23.28,20.88,21.28
5.12,261,187.4,100,0,0.1,4,10871,-0.01,0.04,94.5,97.5,91,94,22.88,23.28,20.88,21.28
5.16,263,187.5,100,0,-0.4,4,10874,0.04,0.04,94.4,97.4,90.9,93.9,22.88,23.28,20.88,21.28
5.2,265,187.5,100,0,0.4,4,10878,0.02,0.04,94.4,97.4,90.9,93.9,22.88,23.28,20.88,21.28
5.24,268,187.6,100,0,0.1,4,10881,0,0.04,94.4,97.4,90.9,93.9,22.88,23.28,20.88,21.28
5.28,270,187.7,100,0,-0.1,4,10884,-0.01,0.04,94.4,97.4,90.9,93.9,22.88,23.28,20.88,21.28
5.32,272,187.7,100,0,0.1,4,10888,0.01,0.04,94.4,97.4,90.9,93.9,22.88,23.28,20.88,21.28
5.36,274,187.8,100,0,0.3,4,10891,-0.01,0.04,94.4,97.4,90.9,93.9,22.88,23.28,20.88,21.28
5.4,276,187.8,100,0,-0.2,4,10894,0,0.04,94.4,97.4,90.9,93.9,22.88,23.28,20.88,21.28
5.44,278,187.9,100,0,-0.3,4,10898,-0.05,0.04,94.4,97.4,90.9,93.9,22.88,23.28,20.88,21.28
5.48,280,187.9,100,0,-0.2,4,10901,0.02,0.04,94.3,97.3,90.8,93.8,22.88,23.28,20.88,21.28
5.52,282,188,100,0,0.1,4,10904,0,0.04,94.3,97.3,90.8,93.8,22.87,23.27,20.87,21.27
5.56,284,188.1,100,0,-0.2,4,10908,0.02,0.04,94.3,97.3,90.8,93.8,22.87,23.27,20.87,21.27
5.6,286,188.1,100,0,0.4,4,10911,0.02,0.04,94.3,97.3,90.8,93.8,22.87,23.27,20.87,21.27
5.64,288,188.2,100,0,-0.3,4,10914,0.02,0.04,94.3,97.3,90.8,93.8,22.87,23.27,20.87,21.27
5.68,290,188.2,100,0,0.7,4,10918,-0.01,0.04,94.3,97.3,90.8,93.8,22.87,23.27,20.87,21.27
5.72,293,188.3,100,0,0,4,10921,-0.02,0.04,94.3,97.3,90.8,93.8,22.87,23.27,20.87,21.27
5.76,295,188.4,100,0,-0.5,4,10924,-0.01,0.04,94.3,97.3,90.8,93.8,22.87,23.27,20.87,21.27
5.8,297,188.4,100,0,0.1,4,10928,-0.01,0.04,94.2,97.2,90.7,93.7,22.87,23.27,20.87,21.27
5.84,299,188.5,100,0,-0.6,4,10931,0,0.04,94.2,97.2,90.7,93.7,22.87,23.27,20.87,21.27
5.88,301,188.5,100,0,0.4,4,10934,-0.03,0.04,94.2,97.2,90.7,93.7,22.87,23.27,20.87,21.27
5.92,303,188.6,100,0,-1,4,10938,0.01,0.04,94.2,97.2,90.7,93.7,22.87,23.27,20.87,21.27
5.96,305,188.6,100,0,0.5,4,10941,-0.01,0.04,94.2,97.2,90.7,93.7,22.86,23.26,20.86,21.26
6,307,188.7,100,0,0.1,4,10944,0.03,0.04,94.2,97.2,90.7,93.7,22.86,23.26,20.86,21.26
6.04,309,188.8,100,0,-0.1,4,10948,-0.06,0.04,94.2,97.2,90.7,93.7,22.86,23.26,20.86,21.26
6.08,311,188.8,100,0,0.4,4,10951,0.02,0.04,94.2,97.2,90.7,93.7,22.86,23.26,20.86,21.26
6.12,314,188.9,100,0,0.4,4,10954,0.03,0.04,94.2,97.2,90.7,93.7,22.86,23.26,20.86,21.26
6.16,316,188.9,100,0,0.1,4,10958,0,0.04,94.1,97.1,90.6,93.6,22.86,23.26,20.86,21.26
6.2,318,189,100,0,0,4,10961,-0.01,0.04,94.1,97.1,90.6,93.6,22.86,23.26,20.86,21.26
6.24,320,189,100,0,-0.2,4,10965,0.01,0.04,94.1,97.1,90.6,93.6,22.86,23.26,20.86,21.26
6.28,322,189.1,100,0,-0.9,4,10968,0.02,0.04,94.1,97.1,90.6,93.6,22.86,23.26,20.86,21.26
6.32,324,189.2,100,0,-0.1,4,10971,-0.01,0.04,94.1,97.1,90.6,93.6,22.86,23.26,20.86,21.26
6.36,326,189.2,100,0,0,4,10975,-0.03,0.04,94.1,97.1,90.6,93.6,22.86,23.26,20.86,21.26
6.4,328,189.3,100,0,0.2,4,10978,0.04,0.04,94.1,97.1,90.6,93.6,22.86,23.26,20.86,21.26
6.44,330,189.3,100,0,0.9,4,10981,0,0.04,94.1,97.1,90.6,93.6,22.85,23.25,20.85,21.25
6.48,332,189.4,100,0,-0.1,4,10985,0,0.04,94,97,90.5,93.5,22.85,23.25,20.85,21.25
6.52,335,189.4,100,0,-0.7,4,10988,0.01,0.04,94,97,90.5,93.5,22.85,23.25,20.85,21.25
6.56,337,189.5,100,0,-0.7,4,10991,-0.01,0.04,94,97,90.5,93.5,22.85,23.25,20.85,21.25
6.6,339,189.6,100,0,-0.5,4,10995,-0.01,0.04,94,97,90.5,93.5,22.85,23.25,20.85,21.25
6.64,341,189.6,100,0,-0.1,4,10998,0.02,0.04,94,97,90.5,93.5,22.85,23.25,20.85,21.25
6.68,343,189.7,100,0,0.9,4,11001,-0.01,0.04,94,97,90.5,93.5,22.85,23.25,20.85,21.25
6.72,345,189.7,100,0,0,4,11005,0,0.04,94,97,90.5,93.5,22.85,23.25,20.85,21.25
6.76,347,189.8,100,0,-0.7,4,11008,-0.01,0.04,94,97,90.5,93.5,22.85,23.25,20.85,21.25
6.8,349,189.8,100,0,0.2,4,11011,0,0.04,94,97,90.5,93.5,22.85,23.25,20.85,21.25
6.84,351,189.9,100,0,0.3,4,11015,0.02,0.04,94,97,90.5,93.5,22.85,23.25,20.85,21.25
6.88,354,190,100,0,0,4,11018,0.01,0.04,94,97,90.5,93.5,22.85,23.25,20.85,21.25
6.92,356,190,100,0,-0.6,4,11021,0.01,0.04,94,97,90.5,93.5,22.85,23.25,20.85,21.25
6.96,358,190.1,100,0,0.3,4,11025,-0.02,0.04,94,97,90.5,93.5,22.85,23.25,20.85,21.25
7,360,190.1,100,0,-0.1,4,11028,0.01,0.04,94,97,90.5,93.5,22.85,23.25,20.85,21.25
7.04,362,190.2,100,0,-0.2,4,11031,0,0.04,94,97,90.5,93.5,22.85,23.25,20.85,21.25
7.08,364,190.3,100,0,-0.5,4,11035,0,0.04,94,97,90.5,93.5,22.85,23.25,20.85,21.25
7.12,366,190.3,100,0,-0.5,4,11038,0.01,0.04,94,97,90.5,93.5,22.85,23.25,20.85,21.25
7.16,368,190.4,100,0,-0.1,4,11041,-0.03,0.04,94,97,90.5,93.5,22.85,23.25,20.85,21.25
7.2,370,190.4,100,0,0.7,4,11045,0.04,0.04,94,97,90.5,93.5,22.85,23.25,20.85,21.25
7.24,373,190.5,100,0,0.4,4,11048,-0.03,0.04,94,97,90.5,93.5,22.85,23.25,20.85,21.25
7.28,375,190.5,100,0,-0.1,4,11051,-0.03,0.04,94,97,90.5,93.5,22.85,23.25,20.85,21.25
7.32,377,190.6,100,0,-1,4,11055,-0.03,0.04,94,97,90.5,93.5,22.85,23.25,20.85,21.25
7.36,379,190.7,100,0,-0.3,4,11058,0.01,0.04,94,97,90.5,93.5,22.85,23.25,20.85,21.25
7.4,381,190.7,100,0,0.3,4,11061,0.04,0.04,94,97,90.5,93.5,22.85,23.25,20.85,21.25
7.44,383,190.8,100,0,0.4,4,11065,0.05,0.04,94,97,90.5,93.5,22.85,23.25,20.85,21.25
7.48,385,190.8,100,0,0,4,11068,-0.01,0.04,94,97,90.5,93.5,22.85,23.25,20.85,21.25
7.52,387,190.9,100,0,-0.3,4,11071,-0.02,0.04,94,97,90.5,93.5,22.85,23.25,20.85,21.25
7.56,389,190.9,100,0,0.2,4,11075,0.01,0.04,94,97,90.5,93.5,22.85,23.25,20.85,21.25
7.6,392,191,100,0,0,4,11078,-0.01,0.04,94,97,90.5,93.5,22.85,23.25,20.85,21.25
7.64,394,191.1,100,0,-0.2,4,11081,-0.04,0.04,94,97,90.5,93.5,22.85,23.25,20.85,21.25
7.68,396,191.1,100,0,0.2,4,11085,-0.04,0.04,94,97,90.5,93.5,22.85,23.25,20.85,21.25
7.72,398,191.2,100,0,0.4,4,11088,-0.02,0.04,94,97,90.5,93.5,22.85,23.25,20.85,21.25
7.76,400,191.2,100,0,0.4,4,11091,0,0.04,94,97,90.5,93.5,22.85,23.25,20.85,21.25
7.8,402,191.3,100,0,-0.2,4,11095,0,0.04,94,97,90.5,93.5,22.85,23.25,20.85,21.25
7.84,404,191.3,100,0,-0.8,4,11098,-0.01,0.04,94,97,90.5,93.5,22.85,23.25,20.85,21.25
7.88,406,191.4,100,0,-0.1,4,11101,-0.03,0.04,94,97,90.5,93.5,22.85,23.25,20.85,21.25
7.92,409,191.5,100,0,-0.3,4,11105,0.04,0.04,94,97,90.5,93.5,22.85,23.25,20.85,21.25
7.96,411,191.5,100,0,-0.4,4,11108,0.03,0.04,94,97,90.5,93.5,22.85,23.25,20.85,21.25
8,413,191.6,100,0,-0.2,4,11112,0.01,0.04,94,97,90.5,93.5,22.85,23.25,20.85,21.25
8.04,415,191.6,100,0,-0.1,4,11115,0,0.04,94,97,90.5,93.5,22.85,23.25,20.85,21.25
8.08,417,191.7,100,0,-0.2,4,11118,0,0.04,94,97,90.5,93.5,22.85,23.25,20.85,21.25
8.12,419,191.8,100,0,-0.2,4,11122,0.01,0.04,94,97,90.5,93.5,22.85,23.25,20.85,21.25
8.16,421,191.8,100,0,0.3,4,11125,-0.01,0.04,94,97,90.5,93.5,22.85,23.25,20.85,21.25
8.2,424,191.9,100,0,0.6,4,11128,-0.02,0.04,94,97,90.5,93.5,22.85,23.25,20.85,21.25
8.24,426,191.9,100,0,0.5,4,11132,0,0.04,94,97,90.5,93.5,22.85,23.25,20.85,21.25
8.28,428,192,100,0,0.5,4,11135,-0.01,0.04,94,97,90.5,93.5,22.85,23.25,20.85,21.25
8.32,430,192,100,0,-0.2,4,11138,0,0.04,94,97,90.5,93.5,22.85,23.25,20.85,21.25
8.36,432,192.1,100,0,-0.4,4,11142,-0.01,0.04,94,97,90.5,93.5,22.85,23.25,20.85,21.25
8.4,434,192.2,100,0,-0.2,4,11145,-0.02,0.04,94,97,90.5,93.5,22.85,23.25,20.85,21.25
8.44,436,192.2,100,0,0,4,11148,0.02,0.04,94,97,90.5,93.5,22.85,23.25,20.85,21.25
8.48,438,192.3,100,0,-0.1,4,11152,-0.02,0.04,94,97,90.5,93.5,22.85,23.25,20.85,21.25
8.52,441,192.3,100,0,0.5,4,11155,0,0.04,94,97,90.5,93.5,22.85,23.25,20.85,21.25
8.56,443,192.1,0,3,0.6,4,11144,0,-4.2,94,97.1,90.5,93.5,22.85,23.26,20.85,21.25
8.6,445,191.2,0,14,0.3,4,11092,0,-4.2,94.1,97.2,90.5,93.5,22.86,23.27,20.85,21.25
8.64,447,189.7,0,24,-0.3,4,11003,0,-4.2,94.1,97.4,90.5,93.5,22.86,23.28,20.85,21.25
8.68,449,187.5,0,34,1.7,4,10877,0,-4.2,94.2,97.5,90.5,93.5,22.86,23.29,20.85,21.25
8.72,451,184.8,0,43,0.7,4,10717,0,-4.2,94.2,97.6,90.5,93.5,22.87,23.3,20.85,21.25
8.76,453,181.4,0,53,0.8,4,10520,0,-4.2,94.2,97.7,90.5,93.5,22.87,23.3,20.85,21.25
8.8,455,177.4,0,63,-0.2,4,10286,0,-4.2,94.3,97.8,90.5,93.5,22.87,23.31,20.85,21.25
8.84,457,172.7,0,72,0.8,4,10019,0,-4.2,94.3,98,90.5,93.5,22.87,23.32,20.85,21.25
8.88,459,167.6,0,81,0.7,3,11729,0,-4.2,94.4,98.1,90.5,93.5,22.88,23.33,20.85,21.25
8.92,461,161.8,0,90,-1.2,3,11326,0,-4.2,94.4,98.2,90.5,93.5,22.88,23.34,20.85,21.25
8.96,463,155.5,0,98,0.6,3,10887,0,-4.2,94.4,98.3,90.5,93.5,22.88,23.35,20.85,21.25
9,465,149.3,0,98,0.2,3,10448,0,-4.2,94.5,98.4,90.5,93.5,22.89,23.36,20.85,21.25
9.04,466,143,0,98,0,3,10009,0,-4.2,94.5,98.6,90.5,93.5,22.89,23.37,20.85,21.25
9.08,468,136.7,0,98,0,3,9570,0,-4.2,94.6,98.7,90.5,93.5,22.89,23.38,20.85,21.25
9.12,469,130.4,0,98,0.1,2,11479,0,-4.2,94.6,98.8,90.5,93.5,22.9,23.39,20.85,21.25
9.16,471,124.2,0,98,0.4,2,10927,0,-4.2,94.6,98.9,90.5,93.5,22.9,23.39,20.85,21.25
9.2,472,117.9,0,98,-0.8,2,10375,0,-4.2,94.7,99,90.5,93.5,22.9,23.4,20.85,21.25
9.24,473,111.6,0,98,-0.7,2,9823,0,-4.2,94.7,99.2,90.5,93.5,22.9,23.41,20.85,21.25
9.28,475,105.4,0,98,0.5,2,9271,0,-4.2,94.8,99.3,90.5,93.5,22.91,23.42,20.85,21.25
9.32,476,101.5,0,98,-0.2,2,8932,0,-4.2,94.8,99.4,90.5,93.5,22.91,23.43,20.85,21.25
9.36,477,101.5,0,98,0.8,2,8932,0,-4.2,94.8,99.5,90.5,93.5,22.91,23.44,20.85,21.25
9.4,478,101.5,0,98,-0.6,2,8932,0,-4.2,94.9,99.6,90.5,93.5,22.92,23.45,20.85,21.25
9.44,479,101.5,0,98,1.1,2,8932,0,-4.2,94.9,99.8,90.5,93.5,22.92,23.46,20.85,21.25
9.48,480,101.5,0,98,-0.7,2,8932,0,-4.2,95,99.9,90.5,93.5,22.92,23.47,20.85,21.25
9.52,481,101.5,0,98,0.8,2,8932,0,-4.2,95,100,90.5,93.5,22.93,23.48,20.85,21.25
9.56,483,101.5,0,98,1.3,2,8932,0,-4.2,95,100.1,90.5,93.5,22.93,23.48,20.85,21.25
9.6,484,101.5,0,98,-0.1,2,8932,0,-4.2,95.1,100.2,90.5,93.5,22.93,23.49,20.85,21.25
9.64,485,101.5,0,98,1.2,2,8932,0,-4.2,95.1,100.4,90.5,93.5,22.93,23.5,20.85,21.25
9.68,486,101.5,0,98,0.4,2,8932,0,-4.2,95.2,100.5,90.5,93.5,22.94,23.51,20.85,21.25
9.72,487,101.5,0,98,-0.1,2,8932,0,-4.2,95.2,100.6,90.5,93.5,22.94,23.52,20.85,21.25
9.76,488,101.5,0,98,-0.8,2,8932,0,-4.2,95.2,100.7,90.5,93.5,22.94,23.53,20.85,21.25
9.8,489,101.5,0,98,0.7,2,8932,0,-4.2,95.3,100.8,90.5,93.5,22.95,23.54,20.85,21.25
9.84,490,101.5,0,98,0.1,2,8932,0,-4.2,95.3,101,90.5,93.5,22.95,23.55,20.85,21.25
9.88,492,101.5,0,98,0.2,2,8932,0,-4.2,95.4,101.1,90.5,93.5,22.95,23.56,20.85,21.25
9.92,493,101.5,0,98,-0.2,2,8932,0,-4.2,95.4,101.2,90.5,93.5,22.96,23.57,20.85,21.25
9.96,494,101.5,0,98,0.6,2,8932,0,-4.2,95.4,101.3,90.5,93.5,22.96,23.57,20.85,21.25
10,495,101.5,0,98,-1.7,2,8932,0,-4.2,95.5,101.4,90.5,93.5,22.96,23.58,20.85,21.25
10.04,496,101.5,0,98,1.1,2,8932,0,-4.2,95.5,101.6,90.5,93.5,22.96,23.59,20.85,21.25
10.08,497,101.5,0,98,0.7,2,8932,0,-4.2,95.6,101.7,90.5,93.5,22.97,23.6,20.85,21.25
10.12,498,101.5,0,98,-0.2,2,8932,0,-4.2,95.6,101.8,90.5,93.5,22.97,23.61,20.85,21.25
10.16,500,101.5,0,98,1.4,2,8932,0,-4.2,95.6,101.9,90.5,93.5,22.97,23.62,20.85,21.25
10.2,501,101.5,0,98,-0.5,2,8932,0,-4.2,95.7,102,90.5,93.5,22.98,23.63,20.85,21.25
10.24,502,101.5,0,98,-0.7,2,8932,0,-4.2,95.7,102.2,90.5,93.5,22.98,23.64,20.85,21.25
10.28,503,101.5,0,98,-0.9,2,8932,0,-4.2,95.8,102.3,90.5,93.5,22.98,23.65,20.85,21.25
10.32,504,101.5,0,98,-0.1,2,8932,0,-4.2,95.8,102.4,90.5,93.5,22.99,23.66,20.85,21.25
10.36,505,101.5,0,96,-2.2,2,8932,-0.03,-1.38,95.8,102.5,90.5,93.5,22.99,23.66,20.85,21.25
10.4,506,101.5,0,94,-4,2,8932,-0.07,-1.36,95.9,102.6,90.5,93.5,22.99,23.67,20.85,21.25
10.44,507,101.5,0,92,-4.5,2,8932,-0.1,-1.34,95.9,102.8,90.5,93.5,22.99,23.68,20.85,21.25
10.48,509,101.5,0,90,-6.7,2,8932,-0.14,-1.32,96,102.9,90.5,93.5,23,23.69,20.85,21.25
10.52,510,101.5,0,88,-9.3,2,8932,-0.17,-1.3,96,103,90.5,93.5,23,23.7,20.85,21.25
10.56,511,101.5,0,86,-11.1,2,8932,-0.2,-1.28,96,103.1,90.5,93.5,23,23.71,20.85,21.25
10.6,512,101.5,0,84,-13.2,2,8932,-0.24,-1.26,96.1,103.2,90.5,93.5,23.01,23.72,20.85,21.25
10.64,513,101.5,0,82,-15,2,8932,-0.27,-1.23,96.1,103.4,90.5,93.5,23.01,23.73,20.85,21.25
10.68,514,101.5,0,80,-16.9,2,8932,-0.31,-1.21,96.2,103.5,90.5,93.5,23.01,23.74,20.85,21.25
10.72,515,101.5,0,78,-18.1,2,8932,-0.34,-1.19,96.2,103.6,90.5,93.5,23.02,23.75,20.85,21.25
10.76,516,101.5,0,76,-20.2,2,8932,-0.38,-1.17,96.2,103.7,90.5,93.5,23.02,23.75,20.85,21.25
10.8,518,101.5,0,75,-21.8,2,8932,-0.41,-1.15,96.3,103.8,90.5,93.5,23.02,23.76,20.85,21.25
10.84,519,101.5,0,73,-24,2,8932,-0.45,-1.13,96.3,104,90.5,93.5,23.02,23.77,20.85,21.25
10.88,520,101.5,0,71,-24.6,2,8932,-0.48,-1.11,96.4,104.1,90.5,93.5,23.03,23.78,20.85,21.25
10.92,521,101.5,0,69,-28.2,2,8932,-0.51,-1.09,96.4,104.2,90.5,93.5,23.03,23.79,20.85,21.25
10.96,522,101.5,0,67,-29.6,2,8932,-0.55,-1.07,96.4,104.3,90.5,93.5,23.03,23.8,20.85,21.25
11,523,101.5,0,65,-31.2,2,8932,-0.58,-1.05,96.5,104.4,90.5,93.5,23.04,23.81,20.85,21.25
11.04,524,101.5,0,63,-32.4,2,8932,-0.62,-1.03,96.5,104.6,90.5,93.5,23.04,23.82,20.85,21.25
11.08,525,101.5,0,62,-34.3,2,8932,-0.65,-1.01,96.6,104.7,90.5,93.5,23.04,23.83,20.85,21.25
11.12,527,101.5,0,60,-36.6,2,8932,-0.69,-0.99,96.6,104.8,90.5,93.5,23.05,23.84,20.85,21.25
11.16,528,101.5,0,58,-38.1,2,8932,-0.72,-0.96,96.6,104.9,90.5,93.5,23.05,23.84,20.85,21.25
11.2,529,101.5,0,56,-39.6,2,8932,-0.75,-0.94,96.7,105,90.5,93.5,23.05,23.85,20.85,21.25
11.24,530,101.5,0,55,-41.6,2,8932,-0.79,-0.92,96.7,105.2,90.5,93.5,23.05,23.86,20.85,21.25
11.28,531,101.5,0,53,-42.2,2,8932,-0.82,-0.9,96.8,105.3,90.5,93.5,23.06,23.87,20.85,21.25
11.32,532,101.5,0,51,-43.5,2,8932,-0.86,-0.88,96.8,105.4,90.5,93.5,23.06,23.88,20.85,21.25
11.36,533,101.5,0,50,-45.5,2,8932,-0.89,-0.86,96.8,105.5,90.5,93.5,23.06,23.89,20.85,21.25
11.4,534,101.5,0,48,-48,2,8932,-0.93,-0.84,96.9,105.6,90.5,93.5,23.07,23.9,20.85,21.25
11.44,536,101.5,0,46,-48.2,2,8932,-0.96,-0.82,96.9,105.8,90.5,93.5,23.07,23.91,20.85,21.25
11.48,537,101.5,0,45,-50.3,2,8932,-1,-0.8,97,105.9,90.5,93.5,23.07,23.92,20.85,21.25
11.52,538,101.5,0,43,-50.9,2,8932,-1.03,-0.78,97,106,90.5,93.5,23.08,23.93,20.85,21.25
11.56,539,101.5,0,41,-53.6,2,8932,-1.06,-0.76,97,106.1,90.5,93.5,23.08,23.93,20.85,21.25
11.6,540,101.5,0,40,-54.4,2,8932,-1.1,-0.74,97.1,106.2,90.5,93.5,23.08,23.94,20.85,21.25
11.64,541,101.5,0,38,-55,2,8932,-1.13,-0.71,97.1,106.4,90.5,93.5,23.08,23.95,20.85,21.25
11.68,542,101.5,0,37,-57.4,2,8932,-1.17,-0.69,97.2,106.5,90.5,93.5,23.09,23.96,20.85,21.25
11.72,544,101.5,0,35,-58.1,2,8932,-1.2,-0.67,97.2,106.6,90.5,93.5,23.09,23.97,20.85,21.25
11.76,545,101.5,0,34,-60.6,2,8932,-1.24,-0.65,97.2,106.7,90.5,93.5,23.09,23.98,20.85,21.25
11.8,546,101.5,0,32,-60,2,8932,-1.27,-0.63,97.3,106.8,90.5,93.5,23.1,23.99,20.85,21.25
11.84,547,101.5,0,31,-62.3,2,8932,-1.31,-0.61,97.3,107,90.5,93.5,23.1,24,20.85,21.25
11.88,548,101.5,0,29,-62.8,2,8932,-1.34,-0.59,97.4,107.1,90.5,93.5,23.1,24.01,20.85,21.25
11.92,549,101.5,0,28,-64.7,2,8932,-1.37,-0.57,97.4,107.2,90.5,93.5,23.11,24.02,20.85,21.25
11.96,550,101.5,0,26,-66.3,2,8932,-1.41,-0.55,97.4,107.3,90.5,93.5,23.11,24.02,20.85,21.25
12,551,101.5,0,25,-66.6,2,8932,-1.44,-0.53,97.5,107.4,90.5,93.5,23.11,24.03,20.85,21.25
12.04,553,101.5,0,24,-66.9,2,8932,-1.48,-0.51,97.5,107.6,90.5,93.5,23.11,24.04,20.85,21.25
12.08,554,101.5,0,22,-67.4,2,8932,-1.51,-0.49,97.6,107.7,90.5,93.5,23.12,24.05,20.85,21.25
12.12,555,101.5,0,21,-69.3,2,8932,-1.55,-0.47,97.6,107.8,90.5,93.5,23.12,24.06,20.85,21.25
12.16,556,101.5,0,20,-70.3,2,8932,-1.58,-0.44,97.6,107.9,90.5,93.5,23.12,24.07,20.85,21.25
12.2,557,101.5,0,18,-70.7,2,8932,-1.61,-0.42,97.7,108,90.5,93.5,23.13,24.08,20.85,21.25
12.24,558,101.5,0,17,-72.5,2,8932,-1.65,-0.4,97.7,108.2,90.5,93.5,23.13,24.09,20.85,21.25
12.28,559,101.5,0,16,-73.1,2,8932,-1.68,-0.38,97.8,108.3,90.5,93.5,23.13,24.1,20.85,21.25
12.32,560,101.5,0,15,-73.4,2,8932,-1.72,-0.36,97.8,108.4,90.5,93.5,23.14,24.11,20.85,21.25
12.36,562,101.5,0,14,-73.8,2,8932,-1.75,-0.34,97.8,108.5,90.5,93.5,23.14,24.11,20.85,21.25
12.4,563,101.5,0,12,-75.3,2,8932,-1.79,-0.32,97.9,108.6,90.5,93.5,23.14,24.12,20.85,21.25
12.44,564,101.5,0,11,-75.8,2,8932,-1.82,-0.3,97.9,108.8,90.5,93.5,23.14,24.13,20.85,21.25
12.48,565,101.5,0,10,-76.2,2,8932,-1.86,-0.28,98,108.9,90.5,93.5,23.15,24.14,20.85,21.25
12.52,566,101.5,0,9,-76.3,2,8932,-1.89,-0.26,98,109,90.5,93.5,23.15,24.15,20.85,21.25
12.56,567,101.5,0,8,-77.9,2,8932,-1.92,-0.24,98,109.1,90.5,93.5,23.15,24.16,20.85,21.25
12.6,568,101.5,0,7,-78.2,2,8932,-1.96,-0.22,98.1,109.2,90.5,93.5,23.16,24.17,20.85,21.25
12.64,569,101.5,0,6,-78.1,2,8932,-1.99,-0.19,98.1,109.4,90.5,93.5,23.16,24.18,20.85,21.25
12.68,571,101.5,0,5,-78.6,2,8932,-2.03,-0.17,98.2,109.5,90.5,93.5,23.16,24.19,20.85,21.25
12.72,572,101.5,0,4,-78.6,2,8932,-2.06,-0.15,98.2,109.6,90.5,93.5,23.17,24.2,20.85,21.25
12.76,573,101.5,0,4,-79.5,2,8932,-2.1,-0.13,98.2,109.7,90.5,93.5,23.17,24.2,20.85,21.25
12.8,574,101.5,0,3,-79.1,2,8932,-2.13,-0.11,98.3,109.8,90.5,93.5,23.17,24.21,20.85,21.25
12.84,575,101.5,0,2,-79.7,2,8932,-2.17,-0.09,98.3,110,90.5,93.5,23.17,24.22,20.85,21.25
12.88,576,101.5,0,1,-79.7,2,8932,-2.2,-0.07,98.4,110.1,90.5,93.5,23.18,24.23,20.85,21.25
12.92,577,101.5,0,1,-80.3,2,8932,-2.23,-0.05,98.4,110.2,90.5,93.5,23.18,24.24,20.85,21.25
12.96,578,101.5,0,0,-80.5,2,8932,-2.27,-0.03,98.4,110.3,90.5,93.5,23.18,24.25,20.85,21.25
13,580,101.5,0,0,-80,2,8932,-2.3,-0.01,98.5,110.4,90.5,93.5,23.19,24.26,20.85,21.25
13.04,581,101.5,1,0,-79.4,2,8932,-3.39,0,98.5,110.4,90.5,93.5,23.19,24.26,20.85,21.25
13.08,582,101.5,2,0,-79.5,2,8932,-3.37,0.01,98.5,110.4,90.6,93.6,23.19,24.26,20.86,21.26
13.12,583,101.5,4,0,-78.8,2,8933,-3.34,0.01,98.5,110.4,90.6,93.6,23.19,24.26,20.86,21.26
13.16,584,101.5,5,0,-78,2,8934,-3.32,0.02,98.5,110.4,90.6,93.6,23.19,24.26,20.86,21.26
13.2,585,101.5,6,0,-77.9,2,8934,-3.3,0.02,98.5,110.4,90.7,93.7,23.19,24.26,20.86,21.26
13.24,586,101.5,7,0,-76.9,2,8935,-3.28,0.03,98.5,110.4,90.7,93.7,23.19,24.26,20.87,21.27
13.28,587,101.5,8,0,-76.2,2,8936,-3.26,0.03,98.5,110.4,90.7,93.7,23.19,24.26,20.87,21.27
13.32,589,101.6,9,0,-75.5,2,8937,-3.24,0.04,98.5,110.4,90.8,93.8,23.19,24.26,20.87,21.27
13.36,590,101.6,10,0,-74.9,2,8939,-3.22,0.04,98.5,110.4,90.8,93.8,23.19,24.26,20.87,21.27
13.4,591,101.6,11,0,-74.3,2,8940,-3.2,0.05,98.5,110.4,90.8,93.8,23.19,24.26,20.88,21.28
13.44,592,101.6,12,0,-72.8,2,8941,-3.18,0.05,98.5,110.4,90.9,93.9,23.19,24.26,20.88,21.28
13.48,593,101.6,13,0,-73.1,2,8943,-3.16,0.06,98.5,110.4,90.9,93.9,23.19,24.26,20.88,21.28
13.52,594,101.6,14,0,-72,2,8945,-3.13,0.06,98.5,110.4,91,94,23.19,24.26,20.88,21.28
13.56,595,101.7,15,0,-71.8,2,8947,-3.11,0.07,98.5,110.4,91,94,23.19,24.26,20.89,21.29
13.6,597,101.7,16,0,-71.2,2,8949,-3.09,0.07,98.5,110.4,91,94,23.19,24.26,20.89,21.29
13.64,598,101.7,17,0,-70.3,2,8951,-3.07,0.08,98.5,110.4,91.1,94.1,23.19,24.26,20.89,21.29
13.68,599,101.7,17,0,-69.7,2,8953,-3.05,0.08,98.5,110.4,91.1,94.1,23.19,24.26,20.89,21.29
13.72,600,101.8,18,0,-69.1,2,8955,-3.03,0.09,98.5,110.4,91.1,94.1,23.19,24.26,20.9,21.3
13.76,601,101.8,19,0,-69.1,2,8958,-3.01,0.09,98.5,110.4,91.2,94.2,23.19,24.26,20.9,21.3
13.8,602,101.8,20,0,-68.2,2,8960,-2.99,0.1,98.5,110.4,91.2,94.2,23.19,24.26,20.9,21.3
13.84,603,101.8,21,0,-67.1,2,8963,-2.97,0.1,98.5,110.4,91.2,94.2,23.19,24.26,20.91,21.31
13.88,604,101.9,22,0,-66.9,2,8966,-2.94,0.11,98.5,110.4,91.3,94.3,23.19,24.26,20.91,21.31
13.92,606,101.9,23,0,-65.4,2,8968,-2.92,0.11,98.5,110.4,91.3,94.3,23.19,24.26,20.91,21.31
13.96,607,101.9,24,0,-65,2,8971,-2.9,0.12,98.5,110.4,91.3,94.3,23.19,24.26,20.91,21.31
14,608,102,24,0,-65.4,2,8974,-2.88,0.12,98.5,110.4,91.4,94.4,23.19,24.26,20.92,21.32
14.04,609,102,25,0,-64.5,2,8978,-2.86,0.13,98.5,110.4,91.4,94.4,23.19,24.26,20.92,21.32
14.08,610,102.1,26,0,-63.5,2,8981,-2.84,0.13,98.5,110.4,91.4,94.4,23.19,24.26,20.92,21.32
14.12,611,102.1,27,0,-63.2,2,8984,-2.82,0.14,98.5,110.4,91.5,94.5,23.19,24.26,20.92,21.32
14.16,612,102.1,28,0,-62.3,2,8988,-2.8,0.14,98.5,110.4,91.5,94.5,23.19,24.26,20.93,21.33
14.2,614,102.2,29,0,-61.9,2,8991,-2.78,0.15,98.5,110.4,91.5,94.5,23.19,24.26,20.93,21.33
14.24,615,102.2,29,0,-61.6,2,8995,-2.75,0.15,98.5,110.4,91.6,94.6,23.19,24.26,20.93,21.33
14.28,616,102.3,30,0,-60.9,2,8999,-2.73,0.16,98.5,110.4,91.6,94.6,23.19,24.26,20.93,21.33
14.32,617,102.3,31,0,-59.9,2,9003,-2.71,0.16,98.5,110.4,91.7,94.7,23.19,24.26,20.94,21.34
14.36,618,102.3,32,0,-59.8,2,9007,-2.69,0.17,98.5,110.4,91.7,94.7,23.19,24.26,20.94,21.34
14.4,619,102.4,33,0,-58.2,2,9011,-2.67,0.17,98.5,110.4,91.7,94.7,23.19,24.26,20.94,21.34
14.44,620,102.4,33,0,-58.4,2,9015,-2.65,0.18,98.5,110.4,91.8,94.8,23.19,24.26,20.94,21.34
14.48,621,102.5,34,0,-57.3,2,9019,-2.63,0.18,98.5,110.4,91.8,94.8,23.19,24.26,20.95,21.35
14.52,623,102.5,35,0,-57.1,2,9023,-2.61,0.19,98.5,110.4,91.8,94.8,23.19,24.26,20.95,21.35
14.56,624,102.6,36,0,-55.7,2,9028,-2.59,0.19,98.5,110.4,91.9,94.9,23.19,24.26,20.95,21.35
14.6,625,102.6,37,0,-55.1,2,9033,-2.56,0.2,98.5,110.4,91.9,94.9,23.19,24.26,20.95,21.35
14.64,626,102.7,37,0,-55.3,2,9037,-2.54,0.2,98.5,110.4,91.9,94.9,23.19,24.26,20.96,21.36
14.68,627,102.7,38,0,-54.5,2,9042,-2.52,0.21,98.5,110.4,92,95,23.19,24.26,20.96,21.36
14.72,628,102.8,39,0,-53.4,2,9047,-2.5,0.22,98.5,110.4,92,95,23.19,24.26,20.96,21.36
14.76,629,102.9,40,0,-52.6,2,9052,-2.48,0.22,98.5,110.4,92,95,23.19,24.26,20.97,21.37
14.8,631,102.9,41,0,-52.5,2,9057,-2.46,0.23,98.5,110.4,92.1,95.1,23.19,24.26,20.97,21.37
14.84,632,103,41,0,-52.5,2,9062,-2.44,0.23,98.5,110.4,92.1,95.1,23.19,24.26,20.97,21.37
14.88,633,103,42,0,-50.8,2,9067,-2.41,0.24,98.5,110.4,92.1,95.1,23.19,24.26,20.97,21.37
14.92,634,103.1,43,0,-51.1,2,9072,-2.39,0.24,98.5,110.4,92.2,95.2,23.19,24.26,20.98,21.38
14.96,635,103.2,44,0,-50.2,2,9078,-2.37,0.25,98.5,110.4,92.2,95.2,23.19,24.26,20.98,21.38
15,636,103.2,44,0,-49.6,2,9083,-2.35,0.25,98.5,110.4,92.2,95.2,23.19,24.26,20.98,21.38
15.04,637,103.3,45,0,-48.6,2,9089,-2.33,0.26,98.5,110.4,92.3,95.3,23.19,24.26,20.98,21.38
15.08,639,103.3,46,0,-48,2,9095,-2.31,0.26,98.5,110.4,92.3,95.3,23.19,24.26,20.99,21.39
15.12,640,103.4,47,0,-47.6,2,9100,-2.29,0.27,98.5,110.4,92.4,95.4,23.19,24.26,20.99,21.39
15.16,641,103.5,48,0,-47.1,2,9106,-2.27,0.27,98.5,110.4,92.4,95.4,23.19,24.26,20.99,21.39
15.2,642,103.5,48,0,-45.4,2,9112,-2.24,0.28,98.5,110.4,92.4,95.4,23.19,24.26,20.99,21.39
15.24,643,103.6,49,0,-45.4,2,9118,-2.22,0.28,98.5,110.4,92.5,95.5,23.19,24.26,21,21.4
15.28,644,103.7,50,0,-44.7,2,9124,-2.2,0.29,98.5,110.4,92.5,95.5,23.19,24.26,21,21.4
15.32,646,103.8,51,0,-44.5,2,9131,-2.18,0.29,98.5,110.4,92.5,95.5,23.19,24.26,21,21.4
15.36,647,103.8,51,0,-43.5,2,9137,-2.16,0.3,98.5,110.4,92.6,95.6,23.19,24.26,21,21.4
15.4,648,103.9,52,0,-43.4,2,9143,-2.14,0.3,98.5,110.4,92.6,95.6,23.19,24.26,21.01,21.41
15.44,649,104,53,0,-42.4,2,9150,-2.12,0.31,98.5,110.4,92.6,95.6,23.19,24.26,21.01,21.41
15.48,650,104.1,54,0,-41.5,2,9157,-2.09,0.31,98.5,110.4,92.7,95.7,23.19,24.26,21.01,21.41
15.52,651,104.1,54,0,-41.4,2,9163,-2.07,0.32,98.5,110.4,92.7,95.7,23.19,24.26,21.02,21.42
15.56,652,104.2,55,0,-40.5,2,9170,-2.05,0.32,98.5,110.4,92.7,95.7,23.19,24.26,21.02,21.42
15.6,654,104.3,56,0,-38.8,2,9177,-2.03,0.33,98.5,110.4,92.8,95.8,23.19,24.26,21.02,21.42
15.64,655,104.4,57,0,-39,2,9184,-2.01,0.33,98.5,110.4,92.8,95.8,23.19,24.26,21.02,21.42
15.68,656,104.4,57,0,-38.3,2,9191,-1.99,0.34,98.5,110.4,92.8,95.8,23.19,24.26,21.03,21.43
15.72,657,104.5,58,0,-38.1,2,9198,-1.96,0.34,98.5,110.4,92.9,95.9,23.19,24.26,21.03,21.43
15.76,658,104.6,59,0,-36.7,2,9205,-1.94,0.35,98.5,110.4,92.9,95.9,23.19,24.26,21.03,21.43
15.8,659,104.7,60,0,-36.3,2,9212,-1.92,0.35,98.5,110.4,92.9,95.9,23.19,24.26,21.03,21.43
15.84,661,104.8,60,0,-36,2,9220,-1.9,0.36,98.5,110.4,93,96,23.19,24.26,21.04,21.44
15.88,662,104.9,61,0,-35.6,2,9227,-1.88,0.36,98.5,110.4,93,96,23.19,24.26,21.04,21.44
15.92,663,104.9,62,0,-34.5,2,9235,-1.86,0.37,98.5,110.4,93.1,96.1,23.19,24.26,21.04,21.44
15.96,664,105,63,0,-33.8,2,9242,-1.83,0.37,98.5,110.4,93.1,96.1,23.19,24.26,21.04,21.44
16,665,105.1,63,0,-32.9,2,9250,-1.81,0.38,98.5,110.4,93.1,96.1,23.19,24.26,21.05,21.45
16.04,666,105.2,64,0,-32.2,2,9258,-1.79,0.38,98.5,110.4,93.2,96.2,23.19,24.26,21.05,21.45
16.08,668,105.3,65,0,-31.9,2,9266,-1.77,0.39,98.5,110.4,93.2,96.2,23.19,24.26,21.05,21.45
16.12,669,105.4,65,0,-31.9,2,9274,-1.75,0.4,98.5,110.4,93.2,96.2,23.19,24.26,21.05,21.45
16.16,670,105.5,66,0,-31.9,2,9282,-1.73,0.4,98.5,110.4,93.3,96.3,23.19,24.26,21.06,21.46
16.2,671,105.6,67,0,-30,2,9290,-1.7,0.41,98.5,110.4,93.3,96.3,23.19,24.26,21.06,21.46
16.24,672,105.7,68,0,-29,2,9298,-1.68,0.41,98.5,110.4,93.3,96.3,23.19,24.26,21.06,21.46
16.28,673,105.8,68,0,-29.1,2,9306,-1.66,0.42,98.5,110.4,93.4,96.4,23.19,24.26,21.07,21.47
16.32,675,105.8,69,0,-28.6,2,9314,-1.64,0.42,98.5,110.4,93.4,96.4,23.19,24.26,21.07,21.47
16.36,676,105.9,70,0,-27.9,2,9323,-1.62,0.43,98.5,110.4,93.4,96.4,23.19,24.26,21.07,21.47
16.4,677,106,71,0,-27.7,2,9331,-1.59,0.43,98.5,110.4,93.5,96.5,23.19,24.26,21.07,21.47
16.44,678,106.1,71,0,-26.1,2,9340,-1.57,0.44,98.5,110.4,93.5,96.5,23.19,24.26,21.08,21.48
16.48,679,106.2,72,0,-26.1,2,9349,-1.55,0.44,98.5,110.4,93.5,96.5,23.19,24.26,21.08,21.48
16.52,680,106.3,73,0,-24.1,2,9357,-1.53,0.45,98.5,110.4,93.6,96.6,23.19,24.26,21.08,21.48
16.56,682,106.4,74,0,-23.8,2,9366,-1.51,0.45,98.5,110.4,93.6,96.6,23.19,24.26,21.08,21.48
16.6,683,106.5,74,0,-23.6,2,9375,-1.48,0.46,98.5,110.4,93.6,96.6,23.19,24.26,21.09,21.49
16.64,684,106.6,75,0,-23.7,2,9384,-1.46,0.46,98.5,110.4,93.7,96.7,23.19,24.26,21.09,21.49
16.68,685,106.7,76,0,-22.7,2,9393,-1.44,0.47,98.5,110.4,93.7,96.7,23.19,24.26,21.09,21.49
16.72,686,106.8,76,0,-22.1,2,9402,-1.42,0.47,98.5,110.4,93.8,96.8,23.19,24.26,21.09,21.49
16.76,688,107,77,0,-21.2,2,9412,-1.4,0.48,98.5,110.4,93.8,96.8,23.19,24.26,21.1,21.5
16.8,689,107.1,78,0,-20.5,2,9421,-1.37,0.48,98.5,110.4,93.8,96.8,23.19,24.26,21.1,21.5
16.84,690,107.2,79,0,-19.8,2,9430,-1.35,0.49,98.5,110.4,93.9,96.9,23.19,24.26,21.1,21.5
16.88,691,107.3,79,0,-18.8,2,9440,-1.33,0.49,98.5,110.4,93.9,96.9,23.19,24.26,21.1,21.5
16.92,692,107.4,80,0,-18.1,2,9449,-1.31,0.5,98.5,110.4,93.9,96.9,23.19,24.26,21.11,21.51
16.96,694,107.5,81,0,-17.7,2,9459,-1.28,0.51,98.5,110.4,94,97,23.19,24.26,21.11,21.51
17,695,107.6,81,0,-17.9,2,9469,-1.26,0.51,98.5,110.4,94,97,23.19,24.26,21.11,21.51
17.04,696,107.7,82,0,-16.5,2,9478,-1.24,0.52,98.5,110.4,94,97,23.19,24.26,21.12,21.52
17.08,697,107.8,83,0,-15.5,2,9488,-1.22,0.52,98.5,110.4,94.1,97.1,23.19,24.26,21.12,21.52
17.12,698,107.9,84,0,-14.7,2,9498,-1.2,0.53,98.5,110.4,94.1,97.1,23.19,24.26,21.12,21.52
17.16,700,108,84,0,-14.2,2,9508,-1.17,0.53,98.5,110.4,94.1,97.1,23.19,24.26,21.12,21.52
17.2,701,108.2,85,0,-14,2,9518,-1.15,0.54,98.5,110.4,94.2,97.2,23.19,24.26,21.13,21.53
17.24,702,108.3,86,0,-13.4,2,9528,-1.13,0.54,98.5,110.4,94.2,97.2,23.19,24.26,21.13,21.53
17.28,703,108.4,87,0,-12.3,2,9538,-1.11,0.55,98.5,110.4,94.2,97.2,23.19,24.26,21.13,21.53
17.32,704,108.5,87,0,-11.9,2,9549,-1.08,0.55,98.5,110.4,94.3,97.3,23.19,24.26,21.13,21.53
17.36,706,108.6,88,0,-11.3,2,9559,-1.06,0.56,98.5,110.4,94.3,97.3,23.19,24.26,21.14,21.54
17.4,707,108.7,89,0,-11.4,2,9570,-1.04,0.56,98.5,110.4,94.3,97.3,23.19,24.26,21.14,21.54
17.44,708,108.9,89,0,-10,2,9580,-1.02,0.57,98.5,110.4,94.4,97.4,23.19,24.26,21.14,21.54
17.48,709,109,90,0,-9.3,2,9591,-0.99,0.58,98.5,110.4,94.4,97.4,23.19,24.26,21.14,21.54
17.52,710,109.1,91,0,-8.5,2,9601,-0.97,0.58,98.5,110.4,94.5,97.5,23.19,24.26,21.15,21.55
17.56,712,109.2,92,0,-7.8,2,9612,-0.95,0.59,98.5,110.4,94.5,97.5,23.19,24.26,21.15,21.55
17.6,713,109.3,92,0,-7.5,2,9623,-0.93,0.59,98.5,110.4,94.5,97.5,23.19,24.26,21.15,21.55
17.64,714,109.5,93,0,-6.6,2,9634,-0.9,0.6,98.5,110.4,94.6,97.6,23.19,24.26,21.15,21.55
17.68,715,109.6,94,0,-6.8,2,9645,-0.88,0.6,98.5,110.4,94.6,97.6,23.19,24.26,21.16,21.56
17.72,716,109.7,94,0,-4.9,2,9656,-0.86,0.61,98.5,110.4,94.6,97.6,23.19,24.26,21.16,21.56
17.76,718,109.8,95,0,-4.8,2,9667,-0.84,0.61,98.5,110.4,94.7,97.7,23.19,24.26,21.16,21.56
17.8,719,110,96,0,-3.7,2,9678,-0.81,0.62,98.5,110.4,94.7,97.7,23.19,24.26,21.16,21.56
17.84,720,110.1,97,0,-3.1,2,9689,-0.79,0.62,98.5,110.4,94.7,97.7,23.19,24.26,21.17,21.57
17.88,721,110.2,97,0,-2.4,2,9700,-0.77,0.63,98.5,110.4,94.8,97.8,23.19,24.26,21.17,21.57
17.92,723,110.4,98,0,-2,2,9712,-0.74,0.63,98.5,110.4,94.8,97.8,23.19,24.26,21.17,21.57
17.96,724,110.5,99,0,-0.3,2,9723,-0.72,0.64,98.5,110.4,94.8,97.8,23.19,24.26,21.18,21.58
18,725,110.6,99,0,-0.9,2,9735,-0.7,0.65,98.5,110.4,94.9,97.9,23.19,24.26,21.18,21.58
18.04,726,110.8,100,0,0.1,2,9750,-0.01,0.13,98.5,110.4,94.9,97.9,23.19,24.26,21.18,21.58
18.08,727,111,100,0,0.1,2,9766,-0.04,0.13,98.5,110.4,94.9,97.9,23.18,24.26,21.18,21.58
18.12,729,111.2,100,0,0,2,9781,-0.01,0.12,98.4,110.4,94.8,97.8,23.18,24.26,21.18,21.58
18.16,730,111.3,100,0,-0.9,2,9797,0.02,0.12,98.4,110.4,94.8,97.8,23.18,24.25,21.17,21.57
18.2,731,111.5,100,0,-0.3,2,9812,-0.04,0.12,98.4,110.4,94.8,97.8,23.18,24.25,21.17,21.57
18.24,732,111.7,100,0,-0.4,2,9828,-0.03,0.12,98.4,110.4,94.8,97.8,23.18,24.25,21.17,21.57
18.28,734,111.9,100,0,0.4,2,9843,-0.04,0.12,98.4,110.4,94.8,97.8,23.18,24.25,21.17,21.57
18.32,735,112,100,0,0.4,2,9858,0.01,0.12,98.4,110.3,94.8,97.8,23.18,24.25,21.17,21.57
18.36,736,112.2,100,0,-0.4,2,9873,-0.02,0.12,98.4,110.3,94.8,97.8,23.18,24.25,21.17,21.57
18.4,737,112.4,100,0,-0.3,2,9889,0.01,0.12,98.4,110.3,94.8,97.8,23.18,24.25,21.17,21.57
18.44,739,112.5,100,0,-0.6,2,9904,0.02,0.12,98.3,110.3,94.7,97.7,23.18,24.25,21.17,21.57
18.48,740,112.7,100,0,-0.5,2,9919,0,0.12,98.3,110.3,94.7,97.7,23.18,24.25,21.17,21.57
18.52,741,112.9,100,0,0,2,9934,-0.01,0.12,98.3,110.3,94.7,97.7,23.17,24.25,21.17,21.57
18.56,742,113.1,100,0,-0.1,2,9949,0,0.12,98.3,110.3,94.7,97.7,23.17,24.25,21.17,21.57
18.6,744,113.2,100,0,-0.8,2,9964,-0.01,0.12,98.3,110.3,94.7,97.7,23.17,24.24,21.16,21.56
18.64,745,113.4,100,0,0.7,2,9979,0.02,0.12,98.3,110.2,94.7,97.7,23.17,24.24,21.16,21.56
18.68,746,113.6,100,0,-0.4,2,9994,0.02,0.12,98.3,110.2,94.7,97.7,23.17,24.24,21.16,21.56
18.72,747,113.7,100,0,-0.5,2,10009,-0.02,0.12,98.3,110.2,94.7,97.7,23.17,24.24,21.16,21.56
18.76,749,113.9,100,0,-0.1,2,10024,-0.01,0.12,98.3,110.2,94.6,97.6,23.17,24.24,21.16,21.56
18.8,750,114.1,100,0,-0.2,2,10038,0.01,0.12,98.2,110.2,94.6,97.6,23.17,24.24,21.16,21.56
18.84,751,114.2,100,0,0.3,2,10053,0,0.12,98.2,110.2,94.6,97.6,23.17,24.24,21.16,21.56
18.88,753,114.4,100,0,0.3,2,10068,0,0.12,98.2,110.2,94.6,97.6,23.17,24.24,21.16,21.56
18.92,754,114.6,100,0,-1,2,10082,0.03,0.12,98.2,110.2,94.6,97.6,23.17,24.24,21.16,21.56
18.96,755,114.7,100,0,-0.7,2,10097,0.02,0.12,98.2,110.2,94.6,97.6,23.16,24.24,21.16,21.56
19,756,114.9,100,0,0.2,2,10112,0.01,0.12,98.2,110.1,94.6,97.6,23.16,24.24,21.16,21.56
19.04,758,115.1,100,0,-0.2,2,10126,-0.03,0.12,98.2,110.1,94.6,97.6,23.16,24.23,21.15,21.55
19.08,759,115.2,100,0,-0.6,2,10141,-0.02,0.12,98.2,110.1,94.6,97.6,23.16,24.23,21.15,21.55
19.12,760,115.4,100,0,-0.1,2,10155,0.01,0.12,98.1,110.1,94.5,97.5,23.16,24.23,21.15,21.55
19.16,761,115.6,100,0,0.4,2,10170,0.03,0.12,98.1,110.1,94.5,97.5,23.16,24.23,21.15,21.55
19.2,763,115.7,100,0,0.6,2,10184,0.02,0.12,98.1,110.1,94.5,97.5,23.16,24.23,21.15,21.55
19.24,764,115.9,100,0,0,2,10198,-0.02,0.12,98.1,110.1,94.5,97.5,23.16,24.23,21.15,21.55
19.28,765,116.1,100,0,0.7,2,10213,0.01,0.12,98.1,110.1,94.5,97.5,23.16,24.23,21.15,21.55
19.32,767,116.2,100,0,0.1,2,10227,0.02,0.11,98.1,110,94.5,97.5,23.16,24.23,21.15,21.55
19.36,768,116.4,100,0,-0.5,2,10241,-0.01,0.11,98.1,110,94.5,97.5,23.16,24.23,21.15,21.55
19.4,769,116.5,100,0,-0.3,2,10255,-0.03,0.11,98.1,110,94.5,97.5,23.15,24.23,21.15,21.55
19.44,770,116.7,100,0,0.2,2,10269,0,0.11,98,110,94.4,97.4,23.15,24.23,21.15,21.55
19.48,772,116.9,100,0,0.1,2,10284,0.02,0.11,98,110,94.4,97.4,23.15,24.22,21.14,21.54
19.52,773,117,100,0,-0.1,2,10298,0,0.11,98,110,94.4,97.4,23.15,24.22,21.14,21.54
19.56,774,117.2,100,0,0.1,2,10312,-0.01,0.11,98,110,94.4,97.4,23.15,24.22,21.14,21.54
19.6,776,117.3,100,0,-0.2,2,10326,0,0.11,98,110,94.4,97.4,23.15,24.22,21.14,21.54
19.64,777,117.5,100,0,-0.3,2,10340,-0.02,0.11,98,109.9,94.4,97.4,23.15,24.22,21.14,21.54
19.68,778,117.7,100,0,0,2,10353,0.02,0.11,98,109.9,94.4,97.4,23.15,24.22,21.14,21.54
19.72,780,117.8,100,0,-0.5,2,10367,-0.02,0.11,98,109.9,94.4,97.4,23.15,24.22,21.14,21.54
19.76,781,118,100,0,0.2,2,10381,-0.01,0.11,98,109.9,94.3,97.3,23.15,24.22,21.14,21.54
19.8,782,118.1,100,0,-0.5,2,10395,0,0.11,97.9,109.9,94.3,97.3,23.15,24.22,21.14,21.54
19.84,784,118.3,100,0,-0.2,2,10409,-0.01,0.11,97.9,109.9,94.3,97.3,23.14,24.22,21.14,21.54
19.88,785,118.4,100,0,0.7,2,10422,0,0.11,97.9,109.9,94.3,97.3,23.14,24.22,21.14,21.54
19.92,786,118.6,100,0,0.7,2,10436,-0.01,0.11,97.9,109.9,94.3,97.3,23.14,24.21,21.13,21.53
19.96,787,118.7,100,0,-0.3,2,10450,0,0.11,97.9,109.9,94.3,97.3,23.14,24.21,21.13,21.53
20,789,118.9,100,0,-0.1,2,10463,-0.01,0.11,97.9,109.8,94.3,97.3,23.14,24.21,21.13,21.53
20.04,790,119.1,100,0,0.2,2,10477,0.04,0.11,97.9,109.8,94.3,97.3,23.14,24.21,21.13,21.53
20.08,791,119.2,100,0,0.5,2,10491,-0.01,0.11,97.9,109.8,94.3,97.3,23.14,24.21,21.13,21.53
20.12,793,119.4,100,0,-1.2,2,10504,-0.04,0.11,97.8,109.8,94.2,97.2,23.14,24.21,21.13,21.53
20.16,794,119.5,100,0,0.2,2,10517,-0.01,0.11,97.8,109.8,94.2,97.2,23.14,24.21,21.13,21.53
20.2,795,119.7,100,0,-0.4,2,10531,0.01,0.11,97.8,109.8,94.2,97.2,23.14,24.21,21.13,21.53
20.24,797,119.8,100,0,-0.1,2,10544,0.02,0.11,97.8,109.8,94.2,97.2,23.14,24.21,21.13,21.53
20.28,798,120,100,0,0.5,2,10558,0.02,0.11,97.8,109.8,94.2,97.2,23.13,24.21,21.13,21.53
20.32,799,120.1,100,0,0.3,2,9302,0.03,0.11,97.8,109.7,94.2,97.2,23.13,24.21,21.13,21.53
20.36,801,120.3,100,0,-0.5,2,9314,-0.01,0.11,97.8,109.7,94.2,97.2,23.13,24.2,21.13,21.53
20.4,802,120.4,100,0,0.4,2,9326,-0.01,0.11,97.8,109.7,94.2,97.2,23.13,24.2,21.12,21.52
20.44,803,120.6,100,0,0,2,9338,-0.03,0.11,97.7,109.7,94.1,97.1,23.13,24.2,21.12,21.52
20.48,805,120.7,100,0,0.2,2,9349,0.01,0.11,97.7,109.7,94.1,97.1,23.13,24.2,21.12,21.52
20.52,806,120.9,100,0,-0.5,2,9361,0.04,0.11,97.7,109.7,94.1,97.1,23.13,24.2,21.12,21.52
20.56,807,121,100,0,0,2,9372,-0.02,0.11,97.7,109.7,94.1,97.1,23.13,24.2,21.12,21.52
20.6,809,121.2,100,0,-0.3,2,9383,0.02,0.11,97.7,109.7,94.1,97.1,23.13,24.2,21.12,21.52
20.64,810,121.3,100,0,0.5,2,10676,0.02,0.1,97.7,109.6,94.1,97.1,23.13,24.2,21.12,21.52
20.68,811,121.5,100,0,0.5,2,10689,0,0.1,97.7,109.6,94.1,97.1,23.13,24.2,21.12,21.52
20.72,813,121.6,100,0,0.6,2,10702,-0.02,0.1,97.7,109.6,94.1,97.1,23.12,24.2,21.12,21.52
20.76,814,121.8,100,0,-0.1,2,10715,-0.03,0.1,97.7,109.6,94,97,23.12,24.2,21.12,21.52
20.8,816,121.9,100,0,0.1,2,10728,0,0.1,97.6,109.6,94,97,23.12,24.2,21.12,21.52
20.84,817,122.1,100,0,-0.3,2,10741,0.02,0.1,97.6,109.6,94,97,23.12,24.19,21.11,21.51
20.88,818,122.2,100,0,0.7,2,10754,-0.02,0.1,97.6,109.6,94,97,23.12,24.19,21.11,21.51
20.92,820,122.3,100,0,-0.2,2,10767,-0.01,0.1,97.6,109.6,94,97,23.12,24.19,21.11,21.51
20.96,821,122.5,100,0,0.4,2,10779,0.01,0.1,97.6,109.6,94,97,23.12,24.19,21.11,21.51
21,822,122.6,100,0,-0.2,2,10792,-0.03,0.1,97.6,109.5,94,97,23.12,24.19,21.11,21.51
21.04,824,122.8,100,0,0.1,2,10805,-0.01,0.1,97.6,109.5,94,97,23.12,24.19,21.11,21.51
21.08,825,122.9,100,0,0.4,2,10818,0.01,0.1,97.6,109.5,94,97,23.12,24.19,21.11,21.51
21.12,826,123.1,100,0,-0.2,2,10830,-0.02,0.1,97.5,109.5,93.9,96.9,23.12,24.19,21.11,21.51
21.16,828,123.2,100,0,0.5,2,10843,-0.02,0.1,97.5,109.5,93.9,96.9,23.11,24.19,21.11,21.51
21.2,829,123.4,100,0,-0.4,2,10855,-0.02,0.1,97.5,109.5,93.9,96.9,23.11,24.19,21.11,21.51
21.24,831,123.5,100,0,0.4,2,10868,0.02,0.1,97.5,109.5,93.9,96.9,23.11,24.19,21.11,21.51
21.28,832,123.6,100,0,-0.2,2,10880,-0.03,0.1,97.5,109.5,93.9,96.9,23.11,24.18,21.1,21.5
21.32,833,123.8,100,0,-0.3,2,10893,0,0.1,97.5,109.4,93.9,96.9,23.11,24.18,21.1,21.5
21.36,835,123.9,100,0,0.4,2,10905,0.04,0.1,97.5,109.4,93.9,96.9,23.11,24.18,21.1,21.5
21.4,836,124.1,100,0,0.3,2,10918,0.02,0.1,97.5,109.4,93.9,96.9,23.11,24.18,21.1,21.5
21.44,837,124.2,100,0,0.2,2,10930,-0.01,0.1,97.4,109.4,93.8,96.8,23.11,24.18,21.1,21.5
21.48,839,124.3,100,0,0.4,2,10943,0.02,0.1,97.4,109.4,93.8,96.8,23.11,24.18,21.1,21.5
21.52,840,124.5,100,0,-0.2,2,10955,-0.01,0.1,97.4,109.4,93.8,96.8,23.11,24.18,21.1,21.5
21.56,842,124.6,100,0,-0.3,2,10967,0.01,0.1,97.4,109.4,93.8,96.8,23.11,24.18,21.1,21.5
21.6,843,124.8,100,0,-0.4,2,10979,-0.02,0.1,97.4,109.4,93.8,96.8,23.11,24.18,21.1,21.5
21.64,844,124.9,100,0,-0.1,2,10992,0,0.1,97.4,109.3,93.8,96.8,23.1,24.18,21.1,21.5
21.68,846,125,100,0,-0.7,2,11004,-0.02,0.1,97.4,109.3,93.8,96.8,23.1,24.18,21.1,21.5
21.72,847,125.2,100,0,0,2,11016,-0.01,0.1,97.4,109.3,93.8,96.8,23.1,24.17,21.09,21.49
21.76,848,125.3,100,0,0.8,2,11028,0.02,0.1,97.4,109.3,93.7,96.7,23.1,24.17,21.09,21.49
21.8,850,125.5,100,0,0.5,2,11040,-0.02,0.1,97.3,109.3,93.7,96.7,23.1,24.17,21.09,21.49
21.84,851,125.6,100,0,0,2,11052,-0.02,0.1,97.3,109.3,93.7,96.7,23.1,24.17,21.09,21.49
21.88,853,125.7,100,0,0.4,2,11064,0,0.1,97.3,109.3,93.7,96.7,23.1,24.17,21.09,21.49
21.92,854,125.9,100,0,0.2,2,11076,-0.02,0.1,97.3,109.3,93.7,96.7,23.1,24.17,21.09,21.49
21.96,855,126,100,0,0.3,2,11088,-0.03,0.1,97.3,109.3,93.7,96.7,23.1,24.17,21.09,21.49
22,857,126.1,100,0,0.5,2,11100,-0.01,0.1,97.3,109.2,93.7,96.7,23.1,24.17,21.09,21.49
22.04,858,126.3,100,0,0.1,2,11112,0.03,0.1,97.3,109.2,93.7,96.7,23.1,24.17,21.09,21.49
22.08,860,126.4,100,0,-0.1,2,11124,-0.03,0.1,97.3,109.2,93.7,96.7,23.09,24.17,21.09,21.49
22.12,861,126.5,100,0,-0.1,2,11136,-0.03,0.1,97.2,109.2,93.6,96.6,23.09,24.17,21.09,21.49
22.16,862,126.7,100,0,-0.2,2,11148,0,0.1,97.2,109.2,93.6,96.6,23.09,24.16,21.08,21.48
22.2,864,126.8,100,0,-0.2,2,11160,0,0.09,97.2,109.2,93.6,96.6,23.09,24.16,21.08,21.48
22.24,865,126.9,100,0,0.7,2,11171,0,0.09,97.2,109.2,93.6,96.6,23.09,24.16,21.08,21.48
22.28,867,127.1,100,0,0.3,2,11183,0.01,0.09,97.2,109.2,93.6,96.6,23.09,24.16,21.08,21.48
22.32,868,127.2,100,0,-0.4,2,11195,0.03,0.09,97.2,109.1,93.6,96.6,23.09,24.16,21.08,21.48
22.36,870,127.3,100,0,0.2,2,11206,-0.06,0.09,97.2,109.1,93.6,96.6,23.09,24.16,21.08,21.48
22.4,871,127.5,100,0,-0.2,2,11218,0.03,0.09,97.2,109.1,93.6,96.6,23.09,24.16,21.08,21.48
22.44,872,127.6,100,0,0.4,2,11230,-0.03,0.09,97.1,109.1,93.5,96.5,23.09,24.16,21.08,21.48
22.48,874,127.7,100,0,-0.9,2,11241,0.03,0.09,97.1,109.1,93.5,96.5,23.09,24.16,21.08,21.48
22.52,875,127.9,100,0,-0.4,2,11253,0.01,0.09,97.1,109.1,93.5,96.5,23.08,24.16,21.08,21.48
22.56,877,128,100,0,0.6,2,11264,-0.02,0.09,97.1,109.1,93.5,96.5,23.08,24.16,21.08,21.48
22.6,878,128.1,100,0,0,2,11276,0.02,0.09,97.1,109.1,93.5,96.5,23.08,24.15,21.07,21.47
22.64,879,128.3,100,0,0.4,2,11287,0.03,0.09,97.1,109,93.5,96.5,23.08,24.15,21.07,21.47
22.68,881,128.4,100,0,0,2,11299,0.01,0.09,97.1,109,93.5,96.5,23.08,24.15,21.07,21.47
22.72,882,128.5,100,0,0.2,2,11310,0,0.09,97.1,109,93.5,96.5,23.08,24.15,21.07,21.47
22.76,884,128.7,100,0,0.3,2,11322,-0.02,0.09,97.1,109,93.4,96.4,23.08,24.15,21.07,21.47
22.8,885,128.8,100,0,-0.3,2,11333,-0.01,0.09,97,109,93.4,96.4,23.08,24.15,21.07,21.47
22.84,887,128.9,100,0,0.4,2,11344,-0.01,0.09,97,109,93.4,96.4,23.08,24.15,21.07,21.47
22.88,888,129,100,0,-0.6,2,11356,-0.02,0.09,97,109,93.4,96.4,23.08,24.15,21.07,21.47
22.92,889,129.2,100,0,-0.3,2,11367,0.01,0.09,97,109,93.4,96.4,23.08,24.15,21.07,21.47
22.96,891,129.3,100,0,-0.2,2,11378,0.01,0.09,97,109,93.4,96.4,23.07,24.15,21.07,21.47
23,892,129.4,100,0,-0.3,2,11389,-0.03,0.09,97,108.9,93.4,96.4,23.07,24.15,21.07,21.47
23.04,894,129.6,100,0,-0.1,2,11400,-0.04,0.09,97,108.9,93.4,96.4,23.07,24.14,21.06,21.46
23.08,895,129.7,100,0,-0.3,2,11412,0.03,0.09,97,108.9,93.4,96.4,23.07,24.14,21.06,21.46
23.12,897,129.8,100,0,-0.1,2,11423,0.02,0.09,96.9,108.9,93.3,96.3,23.07,24.14,21.06,21.46
23.16,898,129.9,100,0,0.5,2,11434,-0.01,0.09,96.9,108.9,93.3,96.3,23.07,24.14,21.06,21.46
23.2,900,130.1,100,0,-0.2,2,11445,0,0.09,96.9,108.9,93.3,96.3,23.07,24.14,21.06,21.46
23.24,901,130.2,100,0,-0.3,2,11456,0,0.09,96.9,108.9,93.3,96.3,23.07,24.14,21.06,21.46
23.28,902,130.3,100,0,0.1,2,11467,-0.01,0.09,96.9,108.9,93.3,96.3,23.07,24.14,21.06,21.46
23.32,904,130.4,100,0,0.1,2,11478,-0.01,0.09,96.9,108.8,93.3,96.3,23.07,24.14,21.06,21.46
23.36,905,130.6,100,0,-0.1,2,11489,0.02,0.09,96.9,108.8,93.3,96.3,23.07,24.14,21.06,21.46
23.4,907,130.7,100,0,-1,2,11500,0.04,0.09,96.9,108.8,93.3,96.3,23.06,24.14,21.06,21.46
23.44,908,130.8,100,0,0,2,11511,0.02,0.09,96.8,108.8,93.2,96.2,23.06,24.14,21.06,21.46
23.48,910,130.9,100,0,-0.8,2,11522,0.01,0.09,96.8,108.8,93.2,96.2,23.06,24.13,21.05,21.45
23.52,911,131.1,100,0,-0.1,2,11533,-0.02,0.09,96.8,108.8,93.2,96.2,23.06,24.13,21.05,21.45
23.56,913,131.2,100,0,-0.1,2,11543,0,0.09,96.8,108.8,93.2,96.2,23.06,24.13,21.05,21.45
23.6,914,131.3,100,0,0.7,2,11554,-0.01,0.09,96.8,108.8,93.2,96.2,23.06,24.13,21.05,21.45
23.64,916,131.4,100,0,-0.3,2,11565,0.02,0.09,96.8,108.7,93.2,96.2,23.06,24.13,21.05,21.45
23.68,917,131.5,100,0,0.1,2,11576,-0.01,0.09,96.8,108.7,93.2,96.2,23.06,24.13,21.05,21.45
23.72,918,131.7,100,0,-0.2,2,11586,0.04,0.09,96.8,108.7,93.2,96.2,23.06,24.13,21.05,21.45
23.76,920,131.8,100,0,0,2,11597,0.01,0.09,96.8,108.7,93.1,96.1,23.06,24.13,21.05,21.45
23.8,921,131.9,100,0,0.2,2,11608,-0.01,0.09,96.7,108.7,93.1,96.1,23.06,24.13,21.05,21.45
23.84,923,132,100,0,0,2,11618,-0.03,0.09,96.7,108.7,93.1,96.1,23.05,24.13,21.05,21.45
23.88,924,132.1,100,0,-0.1,2,11629,-0.01,0.09,96.7,108.7,93.1,96.1,23.05,24.13,21.05,21.45
23.92,926,132.3,100,0,0.8,2,11640,0,0.09,96.7,108.7,93.1,96.1,23.05,24.12,21.04,21.44
23.96,927,132.4,100,0,-0.1,2,11650,0,0.09,96.7,108.7,93.1,96.1,23.05,24.12,21.04,21.44
24,929,132.5,100,0,0.7,2,11661,-0.01,0.08,96.7,108.6,93.1,96.1,23.05,24.12,21.04,21.44
24.04,930,132.6,100,0,-0.4,2,11671,-0.01,0.08,96.7,108.6,93.1,96.1,23.05,24.12,21.04,21.44
24.08,932,132.7,100,0,0,2,11682,-0.01,0.08,96.7,108.6,93.1,96.1,23.05,24.12,21.04,21.44
24.12,933,132.9,100,0,0.1,2,11692,0.03,0.08,96.6,108.6,93,96,23.05,24.12,21.04,21.44
24.16,935,133,100,0,0.5,2,11703,-0.01,0.08,96.6,108.6,93,96,23.05,24.12,21.04,21.44
24.2,936,133.1,100,0,-0.3,2,11713,0.01,0.08,96.6,108.6,93,96,23.05,24.12,21.04,21.44
24.24,938,133.2,100,0,0.6,2,11723,-0.03,0.08,96.6,108.6,93,96,23.05,24.12,21.04,21.44
24.28,939,133.3,100,0,-0.7,2,11734,0,0.08,96.6,108.6,93,96,23.04,24.12,21.04,21.44
24.32,941,133.5,100,0,0.3,2,11744,-0.05,0.08,96.6,108.5,93,96,23.04,24.12,21.04,21.44
24.36,942,133.6,100,0,-0.3,2,11754,0.01,0.08,96.6,108.5,93,96,23.04,24.11,21.04,21.44
24.4,943,133.7,100,0,0,2,11765,0.02,0.08,96.6,108.5,93,96,23.04,24.11,21.03,21.43
24.44,945,133.8,100,0,0.4,2,11775,0,0.08,96.5,108.5,92.9,95.9,23.04,24.11,21.03,21.43
24.48,946,133.9,100,0,0.1,2,11785,-0.01,0.08,96.5,108.5,92.9,95.9,23.04,24.11,21.03,21.43
24.52,948,134,100,0,-0.6,2,11795,-0.02,0.08,96.5,108.5,92.9,95.9,23.04,24.11,21.03,21.43
24.56,949,134.2,100,0,-0.1,2,11806,0.02,0.08,96.5,108.5,92.9,95.9,23.04,24.11,21.03,21.43
24.6,951,134.3,100,0,0,2,11816,0,0.08,96.5,108.5,92.9,95.9,23.04,24.11,21.03,21.43
24.64,952,134.4,100,0,0.3,2,11826,-0.01,0.08,96.5,108.4,92.9,95.9,23.04,24.11,21.03,21.43
24.68,954,134.5,100,0,-0.2,2,11836,0,0.08,96.5,108.4,92.9,95.9,23.04,24.11,21.03,21.43
24.72,955,134.6,100,0,0.2,2,11846,0.01,0.08,96.5,108.4,92.9,95.9,23.03,24.11,21.03,21.43
24.76,957,134.7,100,0,0.4,2,11856,0.01,0.08,96.5,108.4,92.8,95.8,23.03,24.11,21.03,21.43
24.8,958,134.8,100,0,0.1,2,11866,0.03,0.08,96.4,108.4,92.8,95.8,23.03,24.11,21.03,21.43
24.84,960,135,100,0,-0.1,2,11876,-0.02,0.08,96.4,108.4,92.8,95.8,23.03,24.1,21.02,21.42
24.88,961,135.1,100,0,0.1,3,9455,0.01,0.08,96.4,108.4,92.8,95.8,23.03,24.1,21.02,21.42
24.92,963,135.2,100,0,0.5,3,9463,0,0.08,96.4,108.4,92.8,95.8,23.03,24.1,21.02,21.42
24.96,964,135.3,100,0,0.1,3,9471,0.02,0.08,96.4,108.4,92.8,95.8,23.03,24.1,21.02,21.42
25,966,135.4,100,0,-0.2,3,9479,-0.02,0.08,96.4,108.3,92.8,95.8,23.03,24.1,21.02,21.42
25.04,967,135.5,100,0,0.1,3,9487,0.01,0.08,96.4,108.3,92.8,95.8,23.03,24.1,21.02,21.42
25.08,969,135.6,100,0,-0.3,3,9494,-0.04,0.08,96.4,108.3,92.8,95.8,23.03,24.1,21.02,21.42
25.12,970,135.7,100,0,0.2,3,9502,0.01,0.08,96.3,108.3,92.7,95.7,23.03,24.1,21.02,21.42
25.16,972,135.9,100,0,-0.4,3,9510,-0.04,0.08,96.3,108.3,92.7,95.7,23.02,24.1,21.02,21.42
25.2,973,136,100,0,0.9,3,9518,0.04,0.08,96.3,108.3,92.7,95.7,23.02,24.1,21.02,21.42
25.24,975,136.1,100,0,-0.8,3,9526,-0.03,0.08,96.3,108.3,92.7,95.7,23.02,24.1,21.02,21.42
25.28,976,136.2,100,0,0.1,3,9533,0.02,0.08,96.3,108.3,92.7,95.7,23.02,24.09,21.01,21.41
25.32,978,136.3,100,0,0.4,3,9541,-0.03,0.08,96.3,108.2,92.7,95.7,23.02,24.09,21.01,21.41
25.36,979,136.4,100,0,-0.1,3,9549,-0.01,0.08,96.3,108.2,92.7,95.7,23.02,24.09,21.01,21.41
25.4,981,136.5,100,0,0.7,3,9557,-0.02,0.08,96.3,108.2,92.7,95.7,23.02,24.09,21.01,21.41
25.44,983,136.6,100,0,-0.4,3,9564,0.04,0.08,96.2,108.2,92.6,95.6,23.02,24.09,21.01,21.41
25.48,984,136.7,100,0,0.6,3,9572,0,0.08,96.2,108.2,92.6,95.6,23.02,24.09,21.01,21.41
25.52,986,136.9,100,0,0.6,3,9580,0.01,0.08,96.2,108.2,92.6,95.6,23.02,24.09,21.01,21.41
25.56,987,137,100,0,0,3,9587,0,0.08,96.2,108.2,92.6,95.6,23.02,24.09,21.01,21.41
25.6,989,137.1,100,0,0.3,3,9595,0,0.08,96.2,108.2,92.6,95.6,23.02,24.09,21.01,21.41
25.64,990,137.2,100,0,0,3,9602,0.01,0.08,96.2,108.1,92.6,95.6,23.01,24.09,21.01,21.41
25.68,992,137.3,100,0,-0.9,3,9610,-0.01,0.08,96.2,108.1,92.6,95.6,23.01,24.09,21.01,21.41
25.72,993,137.4,100,0,-0.4,3,9618,-0.02,0.08,96.2,108.1,92.6,95.6,23.01,24.08,21,21.4
25.76,995,137.5,100,0,-0.6,3,9625,-0.07,0.08,96.2,108.1,92.5,95.5,23.01,24.08,21,21.4
25.8,996,137.6,100,0,-0.2,3,9633,0.01,0.08,96.1,108.1,92.5,95.5,23.01,24.08,21,21.4
25.84,998,137.7,100,0,0.1,3,9640,0,0.08,96.1,108.1,92.5,95.5,23.01,24.08,21,21.4
25.88,999,137.8,100,0,0,3,9648,0.04,0.08,96.1,108.1,92.5,95.5,23.01,24.08,21,21.4
25.92,1001,137.9,100,0,-0.4,3,9655,0.01,0.08,96.1,108.1,92.5,95.5,23.01,24.08,21,21.4
25.96,1002,138,100,0,-0.4,3,9663,-0.02,0.08,96.1,108.1,92.5,95.5,23.01,24.08,21,21.4
26,1004,138.1,100,0,-0.2,3,9670,-0.01,0.08,96.1,108,92.5,95.5,23.01,24.08,21,21.4
26.04,1005,138.2,100,0,0.5,3,9677,0.06,0.07,96.1,108,92.5,95.5,23.01,24.08,21,21.4
26.08,1007,138.4,100,0,0.4,3,9685,0,0.07,96.1,108,92.5,95.5,23,24.08,21,21.4
26.12,1008,138.5,100,0,-0.3,3,9692,-0.01,0.07,96,108,92.4,95.4,23,24.08,21,21.4
26.16,1010,138.6,100,0,-0.5,3,9700,0.03,0.07,96,108,92.4,95.4,23,24.07,20.99,21.39
26.2,1012,138.7,100,0,0.6,3,9707,-0.05,0.07,96,108,92.4,95.4,23,24.07,20.99,21.39
26.24,1013,138.8,100,0,0.3,3,9714,0,0.07,96,108,92.4,95.4,23,24.07,20.99,21.39
26.28,1015,138.9,100,0,0.4,3,9722,-0.02,0.07,96,108,92.4,95.4,23,24.07,20.99,21.39
26.32,1016,139,100,0,0.1,3,9729,-0.02,0.07,96,107.9,92.4,95.4,23,24.07,20.99,21.39
26.36,1018,139.1,100,0,-0.2,3,9736,0,0.07,96,107.9,92.4,95.4,23,24.07,20.99,21.39
26.4,1019,139.2,100,0,-0.4,3,9743,0,0.07,96,107.9,92.4,95.4,23,24.07,20.99,21.39
26.44,1021,139.3,100,0,0.2,3,9751,0,0.07,95.9,107.9,92.3,95.3,23,24.07,20.99,21.39
26.48,1022,139.4,100,0,-0.7,3,9758,0.01,0.07,95.9,107.9,92.3,95.3,23,24.07,20.99,21.39
26.52,1024,139.5,100,0,0.2,3,9765,0.02,0.07,95.9,107.9,92.3,95.3,22.99,24.07,20.99,21.39
26.56,1025,139.6,100,0,-0.1,3,9772,0.03,0.07,95.9,107.9,92.3,95.3,22.99,24.07,20.99,21.39
26.6,1027,139.7,100,0,-0.1,3,9779,0.01,0.07,95.9,107.9,92.3,95.3,22.99,24.06,20.98,21.38
26.64,1029,139.8,100,0,0.2,3,9787,0.02,0.07,95.9,107.8,92.3,95.3,22.99,24.06,20.98,21.38
26.68,1030,139.9,100,0,0,3,9794,0.01,0.07,95.9,107.8,92.3,95.3,22.99,24.06,20.98,21.38
26.72,1032,140,100,0,0.1,3,9801,-0.01,0.07,95.9,107.8,92.3,95.3,22.99,24.06,20.98,21.38
26.76,1033,140.1,100,0,0.4,3,9808,0,0.07,95.9,107.8,92.2,95.2,22.99,24.06,20.98,21.38
26.8,1035,140.2,100,0,-0.1,3,9815,0,0.07,95.8,107.8,92.2,95.2,22.99,24.06,20.98,21.38
26.84,1036,140.3,100,0,0.1,3,9822,0,0.07,95.8,107.8,92.2,95.2,22.99,24.06,20.98,21.38
26.88,1038,140.4,100,0,0.3,3,9829,-0.06,0.07,95.8,107.8,92.2,95.2,22.99,24.06,20.98,21.38
26.92,1039,140.5,100,0,0.1,3,9836,0,0.07,95.8,107.8,92.2,95.2,22.99,24.06,20.98,21.38
26.96,1041,140.6,100,0,0.1,3,9843,-0.01,0.07,95.8,107.8,92.2,95.2,22.98,24.06,20.98,21.38
27,1043,140.7,100,0,0.9,3,9850,0,0.07,95.8,107.7,92.2,95.2,22.98,24.06,20.98,21.38
27.04,1044,140.8,100,0,0,3,9857,-0.01,0.07,95.8,107.7,92.2,95.2,22.98,24.05,20.97,21.37
27.08,1046,140.9,100,0,0.3,3,9864,0,0.07,95.8,107.7,92.2,95.2,22.98,24.05,20.97,21.37
27.12,1047,141,100,0,-0.3,3,9871,-0.03,0.07,95.7,107.7,92.1,95.1,22.98,24.05,20.97,21.37
27.16,1049,141.1,100,0,0.1,3,9878,-0.02,0.07,95.7,107.7,92.1,95.1,22.98,24.05,20.97,21.37
27.2,1050,141.2,100,0,0.2,3,9885,-0.01,0.07,95.7,107.7,92.1,95.1,22.98,24.05,20.97,21.37
27.24,1052,141.3,100,0,-0.2,3,9892,-0.01,0.07,95.7,107.7,92.1,95.1,22.98,24.05,20.97,21.37
27.28,1054,141.4,100,0,-0.7,3,9899,-0.02,0.07,95.7,107.7,92.1,95.1,22.98,24.05,20.97,21.37
27.32,1055,141.5,100,0,0.1,3,9906,-0.05,0.07,95.7,107.6,92.1,95.1,22.98,24.05,20.97,21.37
27.36,1057,141.6,100,0,-0.1,3,9912,0,0.07,95.7,107.6,92.1,95.1,22.98,24.05,20.97,21.37
27.4,1058,141.7,100,0,-0.6,3,9919,0,0.07,95.7,107.6,92.1,95.1,22.97,24.05,20.97,21.37
27.44,1060,141.8,100,0,0.7,3,9926,0,0.07,95.6,107.6,92,95,22.97,24.05,20.97,21.37
27.48,1061,141.9,100,0,-0.6,3,9933,0.02,0.07,95.6,107.6,92,95,22.97,24.04,20.96,21.36
27.52,1063,142,100,0,-0.3,3,9940,0,0.07,95.6,107.6,92,95,22.97,24.04,20.96,21.36
27.56,1065,142.1,100,0,0,3,9947,0.01,0.07,95.6,107.6,92,95,22.97,24.04,20.96,21.36
27.6,1066,142.2,100,0,0.5,3,9953,0,0.07,95.6,107.6,92,95,22.97,24.04,20.96,21.36
27.64,1068,142.3,100,0,0.1,3,9960,0,0.07,95.6,107.5,92,95,22.97,24.04,20.96,21.36
27.68,1069,142.4,100,0,0,3,9967,-0.02,0.07,95.6,107.5,92,95,22.97,24.04,20.96,21.36
27.72,1071,142.5,100,0,0.1,3,9973,0.04,0.07,95.6,107.5,92,95,22.97,24.04,20.96,21.36
27.76,1072,142.6,100,0,-0.4,3,9980,0,0.07,95.6,107.5,91.9,94.9,22.97,24.04,20.96,21.36
27.8,1074,142.7,100,0,-0.7,3,9987,-0.01,0.07,95.5,107.5,91.9,94.9,22.97,24.04,20.96,21.36
27.84,1076,142.8,100,0,-0.5,3,9994,0,0.07,95.5,107.5,91.9,94.9,22.96,24.04,20.96,21.36
27.88,1077,142.9,100,0,-0.2,3,10000,0.04,0.07,95.5,107.5,91.9,94.9,22.96,24.04,20.96,21.36
27.92,1079,143,100,0,0.2,3,10007,0.01,0.07,95.5,107.5,91.9,94.9,22.96,24.03,20.95,21.35
27.96,1080,143,100,0,0.2,3,10013,-0.01,0.07,95.5,107.5,91.9,94.9,22.96,24.03,20.95,21.35
28,1082,143.1,100,0,0,3,10020,0,0.07,95.5,107.4,91.9,94.9,22.96,24.03,20.95,21.35
28.04,1084,143.2,100,0,-0.1,3,10027,-0.02,0.07,95.5,107.4,91.9,94.9,22.96,24.03,20.95,21.35
28.08,1085,143.3,100,0,-0.1,3,10033,0.02,0.07,95.5,107.4,91.9,94.9,22.96,24.03,20.95,21.35
28.12,1087,143.4,100,0,-0.4,3,10040,-0.02,0.07,95.4,107.4,91.8,94.8,22.96,24.03,20.95,21.35
28.16,1088,143.5,100,0,0,3,10046,0,0.07,95.4,107.4,91.8,94.8,22.96,24.03,20.95,21.35
28.2,1090,143.6,100,0,0.2,3,10053,0.03,0.07,95.4,107.4,91.8,94.8,22.96,24.03,20.95,21.35
28.24,1092,143.7,100,0,0.4,3,10059,-0.02,0.07,95.4,107.4,91.8,94.8,22.96,24.03,20.95,21.35
28.28,1093,231.5,0,1,1.1,5,11112,0,-4.2,95.5,107.4,91.8,94.8,22.96,24.03,20.95,21.35
28.32,1096,231.5,0,4,-0.4,5,11112,0,-4.2,95.6,107.4,91.8,94.8,22.97,24.03,20.95,21.35
28.36,1098,231.5,0,7,-0.3,5,11112,0,-4.2,95.8,107.5,91.8,94.8,22.98,24.04,20.95,21.35
28.4,1101,231.5,0,9,0.2,5,11112,0,-4.2,95.9,107.5,91.8,94.8,22.99,24.04,20.95,21.35
28.44,1103,231.5,0,12,-1.3,5,11112,0,-4.2,96,107.6,91.8,94.8,23,24.04,20.95,21.35
28.48,1106,231.5,0,14,-0.8,5,11112,0,-4.2,96.1,107.6,91.8,94.8,23.01,24.05,20.95,21.35
28.52,1109,231.5,0,17,-0.5,5,11112,0,-4.2,96.2,107.6,91.8,94.8,23.02,24.05,20.95,21.35
28.56,1111,231.5,0,20,-1.2,5,11112,0,-4.2,96.4,107.7,91.8,94.8,23.03,24.05,20.95,21.35
28.6,1114,231.5,0,22,-1.2,5,11112,0,-4.2,96.5,107.7,91.8,94.8,23.04,24.05,20.95,21.35
28.64,1116,231.5,0,25,0.1,5,11112,0,-4.2,96.6,107.8,91.8,94.8,23.05,24.06,20.95,21.35
28.68,1119,231.5,0,28,-0.3,5,11112,0,-4.2,96.7,107.8,91.8,94.8,23.05,24.06,20.95,21.35
28.72,1121,231.5,0,30,0.1,5,11112,0,-4.2,96.8,107.8,91.8,94.8,23.06,24.06,20.95,21.35
28.76,1124,231.5,0,33,0.3,5,11112,0,-4.2,97,107.9,91.8,94.8,23.07,24.07,20.95,21.35
28.8,1127,231.5,0,36,-0.5,5,11112,0,-4.2,97.1,107.9,91.8,94.8,23.08,24.07,20.95,21.35
28.84,1129,231.5,0,38,0.8,5,11112,0,-4.2,97.2,108,91.8,94.8,23.09,24.07,20.95,21.35
28.88,1132,231.5,0,40,-0.5,5,11112,0,-4.2,97.3,108,91.8,94.8,23.1,24.08,20.95,21.35
28.92,1134,231.5,0,40,-0.5,5,11112,0,-4.2,97.4,108,91.8,94.8,23.11,24.08,20.95,21.35
28.96,1137,231.5,0,40,-0.5,5,11112,0,-4.2,97.6,108.1,91.8,94.8,23.12,24.08,20.95,21.35
29,1139,231.5,0,40,-2,5,11112,0,-4.2,97.7,108.1,91.8,94.8,23.13,24.08,20.95,21.35
29.04,1142,231.5,0,40,0.7,5,11112,0,-4.2,97.8,108.2,91.8,94.8,23.14,24.09,20.95,21.35
29.08,1145,231.5,0,40,-1.9,5,11112,0,-4.2,97.9,108.2,91.8,94.8,23.14,24.09,20.95,21.35
29.12,1147,231.5,0,40,0.2,5,11112,0,-4.2,98,108.2,91.8,94.8,23.15,24.09,20.95,21.35
29.16,1150,231.5,0,40,0.9,5,11112,0,-4.2,98.2,108.3,91.8,94.8,23.16,24.1,20.95,21.35
29.2,1152,231.5,0,40,0.7,5,11112,0,-4.2,98.3,108.3,91.8,94.8,23.17,24.1,20.95,21.35
29.24,1155,231.5,0,40,0.1,5,11112,0,-4.2,98.4,108.4,91.8,94.8,23.18,24.1,20.95,21.35
29.28,1157,231.5,0,40,1.2,5,11112,0,-4.2,98.5,108.4,91.8,94.8,23.19,24.11,20.95,21.35
29.32,1160,231.5,0,40,0.2,5,11112,0,-4.2,98.6,108.4,91.8,94.8,23.2,24.11,20.95,21.35
29.36,1163,231.5,0,40,-0.8,5,11112,0,-4.2,98.8,108.5,91.8,94.8,23.21,24.11,20.95,21.35
29.4,1165,231.5,0,40,-0.1,5,11112,0,-4.2,98.9,108.5,91.8,94.8,23.22,24.11,20.95,21.35
29.44,1168,231.5,0,40,0.2,5,11112,0,-4.2,99,108.6,91.8,94.8,23.23,24.12,20.95,21.35
29.48,1170,231.5,0,40,-0.4,5,11112,0,-4.2,99.1,108.6,91.8,94.8,23.23,24.12,20.95,21.35
29.52,1173,231.5,0,40,0.3,5,11112,0,-4.2,99.2,108.6,91.8,94.8,23.24,24.12,20.95,21.35
29.56,1175,231.5,0,40,-1.6,5,11112,0,-4.2,99.4,108.7,91.8,94.8,23.25,24.13,20.95,21.35
29.6,1178,231.5,0,40,-0.1,5,11112,0,-4.2,99.5,108.7,91.8,94.8,23.26,24.13,20.95,21.35
29.64,1181,231.5,0,40,0.1,5,11112,0,-4.2,99.6,108.8,91.8,94.8,23.27,24.13,20.95,21.35
29.68,1183,231.5,0,40,1.3,5,11112,0,-4.2,99.7,108.8,91.8,94.8,23.28,24.14,20.95,21.35
29.72,1186,231.5,0,40,0.5,5,11112,0,-4.2,99.8,108.8,91.8,94.8,23.29,24.14,20.95,21.35
29.76,1188,231.5,0,40,0.8,5,11112,0,-4.2,100,108.9,91.8,94.8,23.3,24.14,20.95,21.35
29.8,1191,231.5,0,40,-0.1,5,11112,0,-4.2,100.1,108.9,91.8,94.8,23.31,24.14,20.95,21.35
29.84,1193,231.5,0,40,-0.7,5,11112,0,-4.2,100.2,109,91.8,94.8,23.32,24.15,20.95,21.35
29.88,1196,231.5,0,40,0.8,5,11112,0,-4.2,100.3,109,91.8,94.8,23.32,24.15,20.95,21.35
29.92,1199,231.5,0,40,-1.1,5,11112,0,-4.2,100.4,109,91.8,94.8,23.33,24.15,20.95,21.35
29.96,1201,231.5,0,40,-1.3,5,11112,0,-4.2,100.6,109.1,91.8,94.8,23.34,24.16,20.95,21.35
30,1204,231.5,0,40,-0.7,5,11112,0,-4.2,100.7,109.1,91.8,94.8,23.35,24.16,20.95,21.35
30.04,1206,231.5,0,40,1,5,11112,0,-4.2,100.8,109.2,91.8,94.8,23.36,24.16,20.95,21.35
30.08,1209,231.5,0,40,0.1,5,11112,0.02,-1.39,100.9,109.2,91.8,94.8,23.37,24.17,20.95,21.35
30.12,1211,231.5,0,39,1.9,5,11112,0.09,-1.37,101,109.2,91.8,94.8,23.38,24.17,20.95,21.35
30.16,1214,231.5,0,38,2.9,5,11112,0.16,-1.34,101.2,109.3,91.8,94.8,23.39,24.17,20.95,21.35
30.2,1217,231.5,0,37,3.3,5,11112,0.23,-1.32,101.3,109.3,91.8,94.8,23.4,24.17,20.95,21.35
30.24,1219,231.5,0,36,5.3,5,11112,0.3,-1.29,101.4,109.4,91.8,94.8,23.41,24.18,20.95,21.35
30.28,1222,231.5,0,35,5.3,5,11112,0.37,-1.27,101.5,109.4,91.8,94.8,23.41,24.18,20.95,21.35
30.32,1224,231.5,0,34,7,5,11112,0.44,-1.24,101.6,109.4,91.8,94.8,23.42,24.18,20.95,21.35
30.36,1227,231.5,0,33,7.9,5,11112,0.5,-1.21,101.8,109.5,91.8,94.8,23.43,24.19,20.95,21.35
30.4,1229,231.5,0,32,9.5,5,11112,0.57,-1.19,101.9,109.5,91.8,94.8,23.44,24.19,20.95,21.35
30.44,1232,231.5,0,31,10,5,11112,0.64,-1.16,102,109.6,91.8,94.8,23.45,24.19,20.95,21.35
30.48,1235,231.5,0,30,12.6,5,11112,0.71,-1.14,102.1,109.6,91.8,94.8,23.46,24.2,20.95,21.35
30.52,1237,231.5,0,29,14.1,5,11112,0.78,-1.11,102.2,109.6,91.8,94.8,23.47,24.2,20.95,21.35
30.56,1240,231.5,0,28,14,5,11112,0.85,-1.09,102.4,109.7,91.8,94.8,23.48,24.2,20.95,21.35
30.6,1242,231.5,0,27,16,5,11112,0.92,-1.06,102.5,109.7,91.8,94.8,23.49,24.2,20.95,21.35
30.64,1245,231.5,0,26,16.9,5,11112,0.99,-1.04,102.6,109.8,91.8,94.8,23.5,24.21,20.95,21.35
30.68,1248,231.5,0,25,17.8,5,11112,1.06,-1.01,102.7,109.8,91.8,94.8,23.5,24.21,20.95,21.35
30.72,1250,231.5,0,24,18.5,5,11112,1.12,-0.99,102.8,109.8,91.8,94.8,23.51,24.21,20.95,21.35
30.76,1253,231.5,0,24,20.3,5,11112,1.19,-0.96,103,109.9,91.8,94.8,23.52,24.22,20.95,21.35
30.8,1255,231.5,0,23,21,5,11112,1.26,-0.94,103.1,109.9,91.8,94.8,23.53,24.22,20.95,21.35
30.84,1258,231.5,0,22,21.9,5,11112,1.33,-0.91,103.2,110,91.8,94.8,23.54,24.22,20.95,21.35
30.88,1260,231.5,0,21,22.6,5,11112,1.4,-0.88,103.3,110,91.8,94.8,23.55,24.23,20.95,21.35
30.92,1263,231.5,0,20,23.6,5,11112,1.47,-0.86,103.4,110,91.8,94.8,23.56,24.23,20.95,21.35
30.96,1266,231.5,0,19,23.8,5,11112,1.54,-0.83,103.6,110.1,91.8,94.8,23.57,24.23,20.95,21.35
31,1268,231.5,0,19,24.9,5,11112,1.61,-0.81,103.7,110.1,91.8,94.8,23.58,24.23,20.95,21.35
31.04,1271,231.5,0,18,27.8,5,11112,1.68,-0.78,103.8,110.2,91.8,94.8,23.59,24.24,20.95,21.35
31.08,1273,231.5,0,17,27.1,5,11112,1.74,-0.76,103.9,110.2,91.8,94.8,23.59,24.24,20.95,21.35
31.12,1276,231.5,0,16,28.5,5,11112,1.81,-0.73,104,110.2,91.8,94.8,23.6,24.24,20.95,21.35
31.16,1278,231.5,0,15,29.4,5,11112,1.88,-0.71,104.2,110.3,91.8,94.8,23.61,24.25,20.95,21.35
31.2,1281,231.5,0,15,29.6,5,11112,1.95,-0.68,104.3,110.3,91.8,94.8,23.62,24.25,20.95,21.35
31.24,1284,231.5,0,14,30.7,5,11112,2.02,-0.66,104.4,110.4,91.8,94.8,23.63,24.25,20.95,21.35
31.28,1286,231.5,0,13,31.8,5,11112,2.09,-0.63,104.5,110.4,91.8,94.8,23.64,24.26,20.95,21.35
31.32,1289,231.5,0,12,32.7,5,11112,2.16,-0.61,104.6,110.4,91.8,94.8,23.65,24.26,20.95,21.35
31.36,1291,231.5,0,12,32.1,5,11112,2.23,-0.58,104.8,110.5,91.8,94.8,23.66,24.26,20.95,21.35
31.4,1294,231.5,0,11,33.1,5,11112,2.3,-0.55,104.9,110.5,91.8,94.8,23.67,24.26,20.95,21.35
31.44,1296,231.5,0,10,33.9,5,11112,2.36,-0.53,105,110.6,91.8,94.8,23.68,24.27,20.95,21.35
31.48,1299,231.5,0,10,34.7,5,11112,2.43,-0.5,105.1,110.6,91.8,94.8,23.68,24.27,20.95,21.35
31.52,1302,231.5,0,9,35.5,5,11112,2.5,-0.48,105.2,110.6,91.8,94.8,23.69,24.27,20.95,21.35
31.56,1304,231.5,0,8,35.7,5,11112,2.57,-0.45,105.4,110.7,91.8,94.8,23.7,24.28,20.95,21.35
31.6,1307,231.5,0,8,36.1,5,11112,2.64,-0.43,105.5,110.7,91.8,94.8,23.71,24.28,20.95,21.35
31.64,1309,231.5,0,7,37.2,5,11112,2.71,-0.4,105.6,110.8,91.8,94.8,23.72,24.28,20.95,21.35
31.68,1312,231.5,0,6,38,5,11112,2.78,-0.38,105.7,110.8,91.8,94.8,23.73,24.29,20.95,21.35
31.72,1314,231.5,0,6,38.8,5,11112,2.85,-0.35,105.8,110.8,91.8,94.8,23.74,24.29,20.95,21.35
31.76,1317,231.5,0,5,39.4,5,11112,2.91,-0.33,106,110.9,91.8,94.8,23.75,24.29,20.95,21.35
31.8,1320,231.5,0,5,39.4,5,11112,2.98,-0.3,106.1,110.9,91.8,94.8,23.76,24.29,20.95,21.35
31.84,1322,231.5,0,4,38.9,5,11112,3.05,-0.28,106.2,111,91.8,94.8,23.77,24.3,20.95,21.35
31.88,1325,231.5,0,4,40.4,5,11112,3.12,-0.25,106.3,111,91.8,94.8,23.77,24.3,20.95,21.35
31.92,1327,231.5,0,3,40,5,11112,3.19,-0.22,106.4,111,91.8,94.8,23.78,24.3,20.95,21.35
31.96,1330,231.5,0,3,40.5,5,11112,3.26,-0.2,106.6,111.1,91.8,94.8,23.79,24.31,20.95,21.35
32,1332,231.5,0,2,40.2,5,11112,3.33,-0.17,106.7,111.1,91.8,94.8,23.8,24.31,20.95,21.35
32.04,1335,231.5,0,2,40.4,5,11112,3.4,-0.15,106.8,111.2,91.8,94.8,23.81,24.31,20.95,21.35
32.08,1338,231.5,0,1,41.1,5,11112,3.47,-0.12,106.9,111.2,91.8,94.8,23.82,24.32,20.95,21.35
32.12,1340,231.5,0,1,41.7,5,11112,3.53,-0.1,107,111.2,91.8,94.8,23.83,24.32,20.95,21.35
32.16,1343,231.5,0,1,40.7,5,11112,3.6,-0.07,107.2,111.3,91.8,94.8,23.84,24.32,20.95,21.35
32.2,1345,231.5,0,0,41.3,5,11112,3.67,-0.05,107.3,111.3,91.8,94.8,23.85,24.32,20.95,21.35
32.24,1348,231.5,0,0,40.7,5,11112,3.74,-0.02,107.4,111.4,91.8,94.8,23.86,24.33,20.95,21.35
32.28,1350,231.5,0,0,41.3,5,11112,3.39,0,107.4,111.4,91.8,94.8,23.86,24.33,20.95,21.35
32.32,1353,231.5,3,0,41.1,5,11112,3.36,0.01,107.4,111.4,91.9,94.9,23.86,24.33,20.95,21.35
32.36,1356,231.5,5,0,40,5,11112,3.33,0.02,107.4,111.4,91.9,94.9,23.86,24.33,20.96,21.36
32.4,1358,231.5,6,0,39.9,5,11112,3.29,0.03,107.4,111.4,91.9,94.9,23.86,24.33,20.96,21.36
32.44,1361,231.5,8,0,39.1,5,11113,3.26,0.03,107.4,111.4,92,95,23.86,24.33,20.96,21.36
32.48,1363,231.5,10,0,38.4,5,11113,3.23,0.04,107.4,111.4,92,95,23.86,24.33,20.96,21.36
32.52,1366,231.5,11,0,38.2,5,11113,3.19,0.05,107.4,111.4,92,95,23.86,24.33,20.97,21.37
32.56,1368,231.5,13,0,38.2,5,11114,3.16,0.06,107.4,111.4,92.1,95.1,23.86,24.33,20.97,21.37
32.6,1371,231.5,14,0,36.4,5,11114,3.12,0.07,107.4,111.4,92.1,95.1,23.86,24.33,20.97,21.37
32.64,1374,231.6,16,0,37.1,5,11115,3.09,0.07,107.4,111.4,92.2,95.2,23.86,24.33,20.97,21.37
32.68,1376,231.6,17,0,35.9,5,11115,3.06,0.08,107.4,111.4,92.2,95.2,23.86,24.33,20.98,21.38
32.72,1379,231.6,19,0,36,5,11116,3.02,0.09,107.4,111.4,92.2,95.2,23.86,24.33,20.98,21.38
32.76,1381,231.6,20,0,35.2,5,11116,2.99,0.1,107.4,111.4,92.3,95.3,23.86,24.33,20.98,21.38
32.8,1384,231.6,22,0,34.8,5,11117,2.95,0.11,107.4,111.4,92.3,95.3,23.86,24.33,20.98,21.38
32.84,1386,231.6,23,0,34.7,5,11118,2.92,0.11,107.4,111.4,92.3,95.3,23.86,24.33,20.99,21.39
32.88,1389,231.6,24,0,33.8,5,11118,2.89,0.12,107.4,111.4,92.4,95.4,23.86,24.33,20.99,21.39
32.92,1392,231.6,26,0,32.7,5,11119,2.85,0.13,107.4,111.4,92.4,95.4,23.86,24.33,20.99,21.39
32.96,1394,231.7,27,0,32.1,5,11120,2.82,0.14,107.4,111.4,92.4,95.4,23.86,24.33,20.99,21.39
33,1397,231.7,28,0,31.8,5,11121,2.78,0.15,107.4,111.4,92.5,95.5,23.86,24.33,21,21.4
33.04,1399,231.7,30,0,32.2,5,11122,2.75,0.16,107.4,111.4,92.5,95.5,23.86,24.33,21,21.4
33.08,1402,231.7,31,0,30.4,5,11123,2.72,0.16,107.4,111.4,92.5,95.5,23.86,24.33,21,21.4
33.12,1404,231.7,32,0,29.4,5,11124,2.68,0.17,107.4,111.4,92.6,95.6,23.86,24.33,21.01,21.41
33.16,1407,231.8,34,0,29.9,5,11125,2.65,0.18,107.4,111.4,92.6,95.6,23.86,24.33,21.01,21.41
33.2,1410,231.8,35,0,29,5,11126,2.61,0.19,107.4,111.4,92.6,95.6,23.86,24.33,21.01,21.41
33.24,1412,231.8,36,0,28.4,5,11127,2.58,0.2,107.4,111.4,92.7,95.7,23.86,24.33,21.01,21.41
33.28,1415,231.8,37,0,28.4,5,11128,2.55,0.2,107.4,111.4,92.7,95.7,23.86,24.33,21.02,21.42
33.32,1417,231.9,39,0,28.1,5,11129,2.51,0.21,107.4,111.4,92.7,95.7,23.86,24.33,21.02,21.42
33.36,1420,231.9,40,0,26.9,5,11130,2.48,0.22,107.4,111.4,92.8,95.8,23.86,24.33,21.02,21.42
33.4,1422,231.9,41,0,27.7,5,11131,2.44,0.23,107.4,111.4,92.8,95.8,23.86,24.33,21.02,21.42
33.44,1425,231.9,42,0,27,5,11133,2.41,0.24,107.4,111.4,92.9,95.9,23.86,24.33,21.03,21.43
33.48,1428,232,44,0,26.1,5,11134,2.38,0.24,107.4,111.4,92.9,95.9,23.86,24.33,21.03,21.43
33.52,1430,232,45,0,24.7,5,11135,2.34,0.25,107.4,111.4,92.9,95.9,23.86,24.33,21.03,21.43
33.56,1433,232,46,0,24.9,5,11137,2.31,0.26,107.4,111.4,93,96,23.86,24.33,21.03,21.43
33.6,1435,232,47,0,24.8,5,11138,2.27,0.27,107.4,111.4,93,96,23.86,24.33,21.04,21.44
33.64,1438,232.1,48,0,24.1,5,11140,2.24,0.28,107.4,111.4,93,96,23.86,24.33,21.04,21.44
33.68,1440,232.1,50,0,23.4,5,11141,2.21,0.29,107.4,111.4,93.1,96.1,23.86,24.33,21.04,21.44
33.72,1443,232.1,51,0,23,5,11143,2.17,0.29,107.4,111.4,93.1,96.1,23.86,24.33,21.04,21.44
33.76,1446,232.2,52,0,21.2,5,11144,2.14,0.3,107.4,111.4,93.1,96.1,23.86,24.33,21.05,21.45
33.8,1448,232.2,53,0,21,5,11146,2.1,0.31,107.4,111.4,93.2,96.2,23.86,24.33,21.05,21.45
33.84,1451,232.2,54,0,20.8,5,11147,2.07,0.32,107.4,111.4,93.2,96.2,23.86,24.33,21.05,21.45
33.88,1453,232.3,56,0,20,5,11149,2.03,0.33,107.4,111.4,93.2,96.2,23.86,24.33,21.06,21.46
33.92,1456,232.3,57,0,20.3,5,11151,2,0.33,107.4,111.4,93.3,96.3,23.86,24.33,21.06,21.46
33.96,1459,232.3,58,0,19.6,5,11153,1.97,0.34,107.4,111.4,93.3,96.3,23.86,24.33,21.06,21.46
34,1461,232.4,59,0,19.1,5,11154,1.93,0.35,107.4,111.4,93.3,96.3,23.86,24.33,21.06,21.46
34.04,1464,232.4,60,0,18,5,11156,1.9,0.36,107.4,111.4,93.4,96.4,23.86,24.33,21.07,21.47
34.08,1466,232.5,62,0,18.6,5,11158,1.86,0.37,107.4,111.4,93.4,96.4,23.86,24.33,21.07,21.47
34.12,1469,232.5,63,0,16.7,5,11160,1.83,0.38,107.4,111.4,93.4,96.4,23.86,24.33,21.07,21.47
34.16,1471,232.5,64,0,16.3,5,11162,1.8,0.38,107.4,111.4,93.5,96.5,23.86,24.33,21.07,21.47
34.2,1474,232.6,65,0,16.9,5,11164,1.76,0.39,107.4,111.4,93.5,96.5,23.86,24.33,21.08,21.48
34.24,1477,232.6,66,0,16.2,5,11166,1.73,0.4,107.4,111.4,93.6,96.6,23.86,24.33,21.08,21.48
34.28,1479,232.7,67,0,15.1,5,11168,1.69,0.41,107.4,111.4,93.6,96.6,23.86,24.33,21.08,21.48
34.32,1482,232.7,68,0,14.3,5,11170,1.66,0.42,107.4,111.4,93.6,96.6,23.86,24.33,21.08,21.48
34.36,1484,232.7,70,0,14.3,5,11172,1.63,0.42,107.4,111.4,93.7,96.7,23.86,24.33,21.09,21.49
34.4,1487,232.8,71,0,13.4,5,11174,1.59,0.43,107.4,111.4,93.7,96.7,23.86,24.33,21.09,21.49
34.44,1490,232.8,72,0,13.4,5,11176,1.56,0.44,107.4,111.4,93.7,96.7,23.86,24.33,21.09,21.49
34.48,1492,232.9,73,0,12.4,5,11178,1.52,0.45,107.4,111.4,93.8,96.8,23.86,24.33,21.09,21.49
34.52,1495,232.9,74,0,13,5,11181,1.49,0.46,107.4,111.4,93.8,96.8,23.86,24.33,21.1,21.5
34.56,1497,233,75,0,11.8,5,11183,1.45,0.46,107.4,111.4,93.8,96.8,23.86,24.33,21.1,21.5
34.6,1500,233,76,0,11.2,5,11185,1.42,0.47,107.4,111.4,93.9,96.9,23.86,24.33,21.1,21.5
34.64,1503,233.1,77,0,10.3,5,11187,1.39,0.48,107.4,111.4,93.9,96.9,23.86,24.33,21.11,21.51
34.68,1505,233.1,79,0,10.4,5,11190,1.35,0.49,107.4,111.4,93.9,96.9,23.86,24.33,21.11,21.51
34.72,1508,233.2,80,0,9.8,5,11192,1.32,0.5,107.4,111.4,94,97,23.86,24.33,21.11,21.51
34.76,1510,233.2,81,0,9.4,5,11195,1.28,0.51,107.4,111.4,94,97,23.86,24.33,21.11,21.51
34.8,1513,233.3,82,0,8.9,5,11197,1.25,0.51,107.4,111.4,94,97,23.86,24.33,21.12,21.52
34.84,1515,233.3,83,0,7.8,5,11199,1.22,0.52,107.4,111.4,94.1,97.1,23.86,24.33,21.12,21.52
34.88,1518,233.4,84,0,7.4,5,11202,1.18,0.53,107.4,111.4,94.1,97.1,23.86,24.33,21.12,21.52
34.92,1521,233.4,85,0,6.9,5,11204,1.15,0.54,107.4,111.4,94.1,97.1,23.86,24.33,21.12,21.52
34.96,1523,233.5,86,0,6.6,5,11207,1.11,0.55,107.4,111.4,94.2,97.2,23.86,24.33,21.13,21.53
35,1526,233.5,87,0,6.5,5,11210,1.08,0.55,107.4,111.4,94.2,97.2,23.86,24.33,21.13,21.53
35.04,1528,233.6,89,0,5.8,5,11212,1.04,0.56,107.4,111.4,94.3,97.3,23.86,24.33,21.13,21.53
35.08,1531,233.6,90,0,5.3,5,11215,1.01,0.57,107.4,111.4,94.3,97.3,23.86,24.33,21.13,21.53
35.12,1534,233.7,91,0,4.5,5,11218,0.98,0.58,107.4,111.4,94.3,97.3,23.86,24.33,21.14,21.54
35.16,1536,233.8,92,0,3.8,5,11220,0.94,0.59,107.4,111.4,94.4,97.4,23.86,24.33,21.14,21.54
35.2,1539,233.8,93,0,4.1,5,11223,0.91,0.6,107.4,111.4,94.4,97.4,23.86,24.33,21.14,21.54
35.24,1541,233.9,94,0,2.8,5,11226,0.87,0.6,107.4,111.4,94.4,97.4,23.86,24.33,21.14,21.54
35.28,1544,233.9,95,0,2.1,5,11229,0.84,0.61,107.4,111.4,94.5,97.5,23.86,24.33,21.15,21.55
35.32,1547,234,96,0,2,5,11232,0.8,0.62,107.4,111.4,94.5,97.5,23.86,24.33,21.15,21.55
35.36,1549,234.1,97,0,1.1,5,11235,0.77,0.63,107.4,111.4,94.5,97.5,23.86,24.33,21.15,21.55
35.4,1552,234.1,98,0,0.4,5,11238,0.74,0.64,107.4,111.4,94.6,97.6,23.86,24.33,21.16,21.56
35.44,1554,234.2,99,0,0.2,5,11240,0.7,0.64,107.4,111.4,94.6,97.6,23.86,24.33,21.16,21.56
35.48,1557,234.2,100,0,-0.1,5,11243,-0.03,0.04,107.4,111.4,94.6,97.6,23.85,24.33,21.16,21.56
35.52,1560,234.3,100,0,-0.7,5,11246,-0.02,0.04,107.4,111.3,94.6,97.6,23.85,24.33,21.16,21.56
35.56,1562,234.3,100,0,0.3,5,11249,0,0.04,107.4,111.3,94.6,97.6,23.85,24.32,21.16,21.56
35.6,1565,234.4,100,0,0.1,5,11252,-0.01,0.04,107.4,111.3,94.6,97.6,23.85,24.32,21.15,21.55
35.64,1567,234.5,100,0,-0.1,5,11254,0.04,0.04,107.3,111.3,94.5,97.5,23.85,24.32,21.15,21.55
35.68,1570,234.5,100,0,0.3,5,11257,-0.01,0.04,107.3,111.3,94.5,97.5,23.85,24.32,21.15,21.55
35.72,1573,234.6,100,0,0.2,5,11260,0.01,0.04,107.3,111.3,94.5,97.5,23.85,24.32,21.15,21.55
35.76,1575,234.6,100,0,-0.1,5,11263,0.03,0.04,107.3,111.3,94.5,97.5,23.85,24.32,21.15,21.55
35.8,1578,234.7,100,0,-0.2,5,11265,0.03,0.04,107.3,111.3,94.5,97.5,23.85,24.32,21.15,21.55
35.84,1580,234.8,100,0,-0.2,5,11268,0,0.04,107.3,111.2,94.5,97.5,23.85,24.32,21.15,21.55
35.88,1583,234.8,100,0,0.4,5,11271,0.02,0.04,107.3,111.2,94.5,97.5,23.85,24.32,21.15,21.55
35.92,1586,234.9,100,0,-0.4,5,11274,-0.01,0.04,107.3,111.2,94.5,97.5,23.84,24.32,21.15,21.55
35.96,1588,234.9,100,0,-0.2,5,11276,-0.01,0.04,107.3,111.2,94.4,97.4,23.84,24.32,21.15,21.55
36,1591,235,100,0,-0.6,5,11279,0.02,0.04,107.2,111.2,94.4,97.4,23.84,24.32,21.15,21.55
36.04,1594,235,100,0,-0.5,5,11282,0.01,0.04,107.2,111.2,94.4,97.4,23.84,24.31,21.14,21.54
36.08,1596,235.1,100,0,0.1,5,11285,0.01,0.04,107.2,111.2,94.4,97.4,23.84,24.31,21.14,21.54
36.12,1599,235.2,100,0,-0.5,5,11287,-0.02,0.04,107.2,111.2,94.4,97.4,23.84,24.31,21.14,21.54
36.16,1601,235.2,100,0,-0.1,5,11290,-0.04,0.04,107.2,111.2,94.4,97.4,23.84,24.31,21.14,21.54
36.2,1604,235.3,100,0,0,5,11293,0,0.04,107.2,111.1,94.4,97.4,23.84,24.31,21.14,21.54
36.24,1607,235.3,100,0,0.1,5,11296,-0.01,0.04,107.2,111.1,94.4,97.4,23.84,24.31,21.14,21.54
36.28,1609,235.4,100,0,-0.3,5,11299,0.01,0.04,107.2,111.1,94.4,97.4,23.84,24.31,21.14,21.54
36.32,1612,235.4,100,0,-0.3,5,11301,-0.02,0.04,107.1,111.1,94.3,97.3,23.84,24.31,21.14,21.54
36.36,1614,235.5,100,0,-0.5,5,11304,-0.01,0.04,107.1,111.1,94.3,97.3,23.83,24.31,21.14,21.54
36.4,1617,235.6,100,0,0.5,5,11307,0.01,0.04,107.1,111.1,94.3,97.3,23.83,24.31,21.14,21.54
36.44,1620,235.6,100,0,-0.3,5,11310,0,0.04,107.1,111.1,94.3,97.3,23.83,24.31,21.14,21.54
36.48,1622,235.7,100,0,0.2,5,11312,-0.02,0.04,107.1,111.1,94.3,97.3,23.83,24.3,21.13,21.53
36.52,1625,235.7,100,0,0.3,5,11315,-0.01,0.04,107.1,111,94.3,97.3,23.83,24.3,21.13,21.53
36.56,1628,235.8,100,0,-0.2,5,11318,0.01,0.04,107.1,111,94.3,97.3,23.83,24.3,21.13,21.53
36.6,1630,235.8,100,0,-0.2,5,11321,0.01,0.04,107.1,111,94.3,97.3,23.83,24.3,21.13,21.53
36.64,1633,235.9,100,0,0.2,5,11323,0,0.04,107,111,94.2,97.2,23.83,24.3,21.13,21.53
36.68,1635,236,100,0,0,5,11326,-0.01,0.04,107,111,94.2,97.2,23.83,24.3,21.13,21.53
36.72,1638,236,100,0,0.5,5,11329,0.04,0.04,107,111,94.2,97.2,23.83,24.3,21.13,21.53
36.76,1641,236.1,100,0,0.1,5,11332,-0.01,0.04,107,111,94.2,97.2,23.83,24.3,21.13,21.53
36.8,1643,236.1,100,0,-0.4,5,11334,0,0.04,107,111,94.2,97.2,23.83,24.3,21.13,21.53
36.84,1646,236.2,100,0,0.1,5,11337,0,0.04,107,110.9,94.2,97.2,23.82,24.3,21.13,21.53
36.88,1648,236.3,100,0,0.3,5,11340,-0.01,0.04,107,110.9,94.2,97.2,23.82,24.3,21.13,21.53
36.92,1651,236.3,100,0,-0.1,5,11343,-0.04,0.04,107,110.9,94.2,97.2,23.82,24.29,21.12,21.52
36.96,1654,236.4,100,0,-0.4,5,11346,0.03,0.04,107,110.9,94.1,97.1,23.82,24.29,21.12,21.52
37,1656,236.4,100,0,0.1,5,11348,0.01,0.04,106.9,110.9,94.1,97.1,23.82,24.29,21.12,21.52
37.04,1659,236.5,100,0,0.3,5,11351,-0.02,0.04,106.9,110.9,94.1,97.1,23.82,24.29,21.12,21.52
37.08,1662,236.5,100,0,0,5,11354,-0.02,0.04,106.9,110.9,94.1,97.1,23.82,24.29,21.12,21.52
37.12,1664,236.6,100,0,-0.6,5,11357,-0.02,0.04,106.9,110.9,94.1,97.1,23.82,24.29,21.12,21.52
37.16,1667,236.7,100,0,0.3,5,11359,-0.04,0.04,106.9,110.9,94.1,97.1,23.82,24.29,21.12,21.52
37.2,1670,236.7,100,0,0.3,5,11362,0,0.04,106.9,110.8,94.1,97.1,23.82,24.29,21.12,21.52
37.24,1672,236.8,100,0,-0.8,5,11365,0.01,0.04,106.9,110.8,94.1,97.1,23.82,24.29,21.12,21.52
37.28,1675,236.8,100,0,0.5,5,11368,0,0.04,106.9,110.8,94.1,97.1,23.81,24.29,21.12,21.52
37.32,1677,236.9,100,0,-0.4,5,11370,-0.03,0.04,106.8,110.8,94,97,23.81,24.29,21.12,21.52
37.36,1680,236.9,100,0,0.4,5,11373,0,0.04,106.8,110.8,94,97,23.81,24.28,21.11,21.51
37.4,1683,237,100,0,0.3,5,11376,0,0.04,106.8,110.8,94,97,23.81,24.28,21.11,21.51
37.44,1685,237.1,100,0,-0.7,5,11379,0.02,0.04,106.8,110.8,94,97,23.81,24.28,21.11,21.51
37.48,1688,237.1,100,0,0.3,5,11381,-0.02,0.04,106.8,110.8,94,97,23.81,24.28,21.11,21.51
37.52,1691,237.2,100,0,-0.6,5,11384,-0.02,0.04,106.8,110.7,94,97,23.81,24.28,21.11,21.51
37.56,1693,237.2,100,0,0.2,5,11387,0.02,0.04,106.8,110.7,94,97,23.81,24.28,21.11,21.51
37.6,1696,237.3,100,0,-0.2,5,11390,0,0.04,106.8,110.7,94,97,23.81,24.28,21.11,21.51
37.64,1698,237.3,100,0,0,5,11393,-0.01,0.04,106.7,110.7,93.9,96.9,23.81,24.28,21.11,21.51
37.68,1701,237.4,100,0,-0.3,5,11395,0.01,0.04,106.7,110.7,93.9,96.9,23.81,24.28,21.11,21.51
37.72,1704,237.5,100,0,-0.2,5,11398,0.01,0.04,106.7,110.7,93.9,96.9,23.8,24.28,21.11,21.51
37.76,1706,237.5,100,0,0.5,5,11401,-0.01,0.04,106.7,110.7,93.9,96.9,23.8,24.28,21.11,21.51
37.8,1709,237.6,100,0,0.1,5,11404,0.02,0.04,106.7,110.7,93.9,96.9,23.8,24.27,21.1,21.5
37.84,1712,237.6,100,0,-0.4,5,11406,0.03,0.04,106.7,110.6,93.9,96.9,23.8,24.27,21.1,21.5
37.88,1714,237.7,100,0,0.1,5,11409,-0.01,0.04,106.7,110.6,93.9,96.9,23.8,24.27,21.1,21.5
37.92,1717,237.7,100,0,-0.3,5,11412,0.02,0.04,106.7,110.6,93.9,96.9,23.8,24.27,21.1,21.5
37.96,1720,237.8,100,0,0.3,5,11415,0,0.04,106.7,110.6,93.8,96.8,23.8,24.27,21.1,21.5
38,1722,237.9,100,0,0.8,5,11417,0.03,0.04,106.6,110.6,93.8,96.8,23.8,24.27,21.1,21.5
38.04,1725,237.9,100,0,0.7,5,11420,-0.01,0.04,106.6,110.6,93.8,96.8,23.8,24.27,21.1,21.5
38.08,1728,238,100,0,0.3,5,11423,-0.01,0.04,106.6,110.6,93.8,96.8,23.8,24.27,21.1,21.5
38.12,1730,238,100,0,-0.1,5,11426,-0.01,0.04,106.6,110.6,93.8,96.8,23.8,24.27,21.1,21.5
38.16,1733,238.1,100,0,0.4,5,11428,-0.03,0.04,106.6,110.6,93.8,96.8,23.79,24.27,21.1,21.5
38.2,1735,238.2,100,0,-0.3,5,11431,-0.03,0.04,106.6,110.5,93.8,96.8,23.79,24.27,21.1,21.5
38.24,1738,238.2,100,0,0.1,5,11434,-0.02,0.04,106.6,110.5,93.8,96.8,23.79,24.26,21.09,21.49
38.28,1741,238.3,100,0,0.8,5,11437,0.02,0.04,106.6,110.5,93.8,96.8,23.79,24.26,21.09,21.49
38.32,1743,241.5,0,1,0.2,5,11592,0,-4.2,106.6,110.6,93.8,96.8,23.79,24.27,21.09,21.49
38.36,1746,241.5,0,3,0.1,5,11592,0,-4.2,106.6,110.8,93.8,96.8,23.8,24.28,21.09,21.49
38.4,1749,241.5,0,6,1,5,11592,0,-4.2,106.7,110.9,93.8,96.8,23.8,24.29,21.09,21.49
38.44,1751,241.5,0,8,1.2,5,11592,0,-4.2,106.7,111,93.8,96.8,23.8,24.3,21.09,21.49
38.48,1754,241.5,0,10,0.1,5,11592,0,-4.2,106.8,111.1,93.8,96.8,23.81,24.31,21.09,21.49
38.52,1757,241.5,0,12,-0.8,5,11592,0,-4.2,106.8,111.2,93.8,96.8,23.81,24.32,21.09,21.49
38.56,1759,241.5,0,15,-0.1,5,11592,0,-4.2,106.8,111.4,93.8,96.8,23.81,24.33,21.09,21.49
38.6,1762,241.5,0,17,0.5,5,11592,0,-4.2,106.9,111.5,93.8,96.8,23.82,24.34,21.09,21.49
38.64,1765,241.5,0,19,0.8,5,11592,0,-4.2,106.9,111.6,93.8,96.8,23.82,24.34,21.09,21.49
38.68,1768,241.5,0,21,0.5,5,11592,0,-4.2,107,111.7,93.8,96.8,23.82,24.35,21.09,21.49
38.72,1770,241.5,0,24,-0.7,5,11592,0,-4.2,107,111.8,93.8,96.8,23.82,24.36,21.09,21.49
38.76,1773,241.5,0,26,-0.6,5,11592,0,-4.2,107,112,93.8,96.8,23.83,24.37,21.09,21.49
38.8,1776,241.5,0,28,-0.3,5,11592,0,-4.2,107.1,112.1,93.8,96.8,23.83,24.38,21.09,21.49
38.84,1778,241.5,0,30,0.7,5,11592,0,-4.2,107.1,112.2,93.8,96.8,23.83,24.39,21.09,21.49
38.88,1781,241.5,0,30,1.5,5,11592,0,-4.2,107.2,112.3,93.8,96.8,23.84,24.4,21.09,21.49
38.92,1784,241.5,0,30,0,5,11592,0,-4.2,107.2,112.4,93.8,96.8,23.84,24.41,21.09,21.49
38.96,1786,241.5,0,30,0,5,11592,0,-4.2,107.2,112.6,93.8,96.8,23.84,24.42,21.09,21.49
39,1789,241.5,0,30,0.8,5,11592,0,-4.2,107.3,112.7,93.8,96.8,23.85,24.43,21.09,21.49
39.04,1792,241.5,0,30,-2.3,5,11592,0,-4.2,107.3,112.8,93.8,96.8,23.85,24.43,21.09,21.49
39.08,1794,241.5,0,30,0.3,5,11592,0,-4.2,107.4,112.9,93.8,96.8,23.85,24.44,21.09,21.49
39.12,1797,241.5,0,30,0.9,5,11592,0,-4.2,107.4,113,93.8,96.8,23.85,24.45,21.09,21.49
39.16,1800,241.5,0,30,0,5,11592,0,-4.2,107.4,113.2,93.8,96.8,23.86,24.46,21.09,21.49
39.2,1802,241.5,0,30,0.7,5,11592,0,-4.2,107.5,113.3,93.8,96.8,23.86,24.47,21.09,21.49
39.24,1805,241.5,0,30,1.3,5,11592,0,-4.2,107.5,113.4,93.8,96.8,23.86,24.48,21.09,21.49
39.28,1808,241.5,0,30,0.7,5,11592,0,-4.2,107.6,113.5,93.8,96.8,23.87,24.49,21.09,21.49
39.32,1810,241.5,0,30,1.1,5,11592,0,-4.2,107.6,113.6,93.8,96.8,23.87,24.5,21.09,21.49
39.36,1813,241.5,0,30,0.4,5,11592,0,-4.2,107.6,113.8,93.8,96.8,23.87,24.51,21.09,21.49
39.4,1816,241.5,0,30,-0.8,5,11592,0,-4.2,107.7,113.9,93.8,96.8,23.88,24.52,21.09,21.49
39.44,1819,241.5,0,30,-1.2,5,11592,0,-4.2,107.7,114,93.8,96.8,23.88,24.52,21.09,21.49
39.48,1821,241.5,0,30,-0.5,5,11592,0,-4.2,107.8,114.1,93.8,96.8,23.88,24.53,21.09,21.49
39.52,1824,241.5,0,30,-0.1,5,11592,0,-4.2,107.8,114.2,93.8,96.8,23.88,24.54,21.09,21.49
39.56,1827,241.5,0,30,-0.9,5,11592,0,-4.2,107.8,114.4,93.8,96.8,23.89,24.55,21.09,21.49
39.6,1829,241.5,0,30,-0.2,5,11592,0,-4.2,107.9,114.5,93.8,96.8,23.89,24.56,21.09,21.49
39.64,1832,241.5,0,30,0.3,5,11592,0,-4.2,107.9,114.6,93.8,96.8,23.89,24.57,21.09,21.49
39.68,1835,241.5,0,30,-0.4,5,11592,0,-4.2,108,114.7,93.8,96.8,23.9,24.58,21.09,21.49
39.72,1837,241.5,0,30,1.4,5,11592,0,-4.2,108,114.8,93.8,96.8,23.9,24.59,21.09,21.49
39.76,1840,241.5,0,30,-0.2,5,11592,0,-4.2,108,115,93.8,96.8,23.9,24.6,21.09,21.49
39.8,1843,241.5,0,30,0.1,5,11592,0,-4.2,108.1,115.1,93.8,96.8,23.91,24.61,21.09,21.49
39.84,1845,241.5,0,30,-0.1,5,11592,0,-4.2,108.1,115.2,93.8,96.8,23.91,24.61,21.09,21.49
39.88,1848,241.5,0,30,0.4,5,11592,0,-4.2,108.2,115.3,93.8,96.8,23.91,24.62,21.09,21.49
39.92,1851,241.5,0,29,-0.5,5,11592,-0.05,-1.38,108.2,115.4,93.8,96.8,23.91,24.63,21.09,21.49
39.96,1853,241.5,0,29,-1.6,5,11592,-0.13,-1.35,108.2,115.6,93.8,96.8,23.92,24.64,21.09,21.49
40,1856,241.5,0,28,-2.2,5,11592,-0.2,-1.33,108.3,115.7,93.8,96.8,23.92,24.65,21.09,21.49
40.04,1859,241.5,0,27,-4.8,5,11592,-0.28,-1.3,108.3,115.8,93.8,96.8,23.92,24.66,21.09,21.49
40.08,1861,241.5,0,26,-5.8,5,11592,-0.36,-1.27,108.4,115.9,93.8,96.8,23.93,24.67,21.09,21.49
40.12,1864,241.5,0,25,-6.7,5,11592,-0.44,-1.24,108.4,116,93.8,96.8,23.93,24.68,21.09,21.49
40.16,1867,241.5,0,24,-6.6,5,11592,-0.51,-1.21,108.4,116.2,93.8,96.8,23.93,24.69,21.09,21.49
40.2,1870,241.5,0,24,-8.9,5,11592,-0.59,-1.18,108.5,116.3,93.8,96.8,23.94,24.7,21.09,21.49
40.24,1872,241.5,0,23,-10.7,5,11592,-0.67,-1.15,108.5,116.4,93.8,96.8,23.94,24.7,21.09,21.49
40.28,1875,241.5,0,22,-10.9,5,11592,-0.75,-1.12,108.6,116.5,93.8,96.8,23.94,24.71,21.09,21.49
40.32,1878,241.5,0,21,-12.4,5,11592,-0.83,-1.1,108.6,116.6,93.8,96.8,23.94,24.72,21.09,21.49
40.36,1880,241.5,0,21,-13.2,5,11592,-0.9,-1.07,108.6,116.8,93.8,96.8,23.95,24.73,21.09,21.49
40.4,1883,241.5,0,20,-14.6,5,11592,-0.98,-1.04,108.7,116.9,93.8,96.8,23.95,24.74,21.09,21.49
40.44,1886,241.5,0,19,-15.9,5,11592,-1.06,-1.01,108.7,117,93.8,96.8,23.95,24.75,21.09,21.49
40.48,1888,241.5,0,18,-16.5,5,11592,-1.14,-0.98,108.8,117.1,93.8,96.8,23.96,24.76,21.09,21.49
40.52,1891,241.5,0,17,-18.3,5,11592,-1.22,-0.95,108.8,117.2,93.8,96.8,23.96,24.77,21.09,21.49
40.56,1894,241.5,0,17,-18.7,5,11592,-1.29,-0.92,108.8,117.4,93.8,96.8,23.96,24.78,21.09,21.49
40.6,1896,241.5,0,16,-20.1,5,11592,-1.37,-0.89,108.9,117.5,93.8,96.8,23.97,24.79,21.09,21.49
40.64,1899,241.5,0,15,-21,5,11592,-1.45,-0.87,108.9,117.6,93.8,96.8,23.97,24.79,21.09,21.49
40.68,1902,241.5,0,15,-21.9,5,11592,-1.53,-0.84,109,117.7,93.8,96.8,23.97,24.8,21.09,21.49
40.72,1904,241.5,0,14,-23.2,5,11592,-1.61,-0.81,109,117.8,93.8,96.8,23.97,24.81,21.09,21.49
40.76,1907,241.5,0,13,-25.4,5,11592,-1.68,-0.78,109,118,93.8,96.8,23.98,24.82,21.09,21.49
40.8,1910,241.5,0,13,-25.1,5,11592,-1.76,-0.75,109.1,118.1,93.8,96.8,23.98,24.83,21.09,21.49
40.84,1912,241.5,0,12,-26.5,5,11592,-1.84,-0.72,109.1,118.2,93.8,96.8,23.98,24.84,21.09,21.49
40.88,1915,241.5,0,11,-27.2,5,11592,-1.92,-0.69,109.2,118.3,93.8,96.8,23.99,24.85,21.09,21.49
40.92,1918,241.5,0,11,-28.3,5,11592,-1.99,-0.67,109.2,118.4,93.8,96.8,23.99,24.86,21.09,21.49
40.96,1920,241.5,0,10,-28.3,5,11592,-2.07,-0.64,109.2,118.6,93.8,96.8,23.99,24.87,21.09,21.49
41,1923,241.5,0,9,-28.6,5,11592,-2.15,-0.61,109.3,118.7,93.8,96.8,24,24.88,21.09,21.49
41.04,1926,241.5,0,9,-31.2,5,11592,-2.23,-0.58,109.3,118.8,93.8,96.8,24,24.88,21.09,21.49
41.08,1929,241.5,0,8,-30.9,5,11592,-2.31,-0.55,109.4,118.9,93.8,96.8,24,24.89,21.09,21.49
41.12,1931,241.5,0,8,-31.4,5,11592,-2.38,-0.52,109.4,119,93.8,96.8,24,24.9,21.09,21.49
41.16,1934,241.5,0,7,-32.4,5,11592,-2.46,-0.49,109.4,119.2,93.8,96.8,24.01,24.91,21.09,21.49
41.2,1937,241.5,0,6,-32.4,5,11592,-2.54,-0.46,109.5,119.3,93.8,96.8,24.01,24.92,21.09,21.49
41.24,1939,241.5,0,6,-33,5,11592,-2.62,-0.44,109.5,119.4,93.8,96.8,24.01,24.93,21.09,21.49
41.28,1942,241.5,0,5,-34.4,5,11592,-2.7,-0.41,109.6,119.5,93.8,96.8,24.02,24.94,21.09,21.49
41.32,1945,241.5,0,5,-34.5,5,11592,-2.77,-0.38,109.6,119.6,93.8,96.8,24.02,24.95,21.09,21.49
41.36,1947,241.5,0,4,-35.1,5,11592,-2.85,-0.35,109.6,119.8,93.8,96.8,24.02,24.96,21.09,21.49
41.4,1950,241.5,0,4,-35.8,5,11592,-2.93,-0.32,109.7,119.9,93.8,96.8,24.03,24.97,21.09,21.49
41.44,1953,241.5,0,3,-36,5,11592,-3.01,-0.29,109.7,120,93.8,96.8,24.03,24.97,21.09,21.49
41.48,1955,241.5,0,3,-36,5,11592,-3.09,-0.26,109.8,120.1,93.8,96.8,24.03,24.98,21.09,21.49
41.52,1958,241.5,0,2,-35.9,5,11592,-3.16,-0.23,109.8,120.2,93.8,96.8,24.03,24.99,21.09,21.49
41.56,1961,241.5,0,2,-37.1,5,11592,-3.24,-0.21,109.8,120.4,93.8,96.8,24.04,25,21.09,21.49
41.6,1963,241.5,0,2,-37.6,5,11592,-3.32,-0.18,109.9,120.5,93.8,96.8,24.04,25.01,21.09,21.49
41.64,1966,241.5,0,1,-37.5,5,11592,-3.4,-0.15,109.9,120.6,93.8,96.8,24.04,25.02,21.09,21.49
41.68,1969,241.5,0,1,-37.4,5,11592,-3.47,-0.12,110,120.7,93.8,96.8,24.05,25.03,21.09,21.49
41.72,1971,241.5,0,1,-38.1,5,11592,-3.55,-0.09,110,120.8,93.8,96.8,24.05,25.04,21.09,21.49
41.76,1974,241.5,0,0,-36.6,5,11592,-3.63,-0.06,110,121,93.8,96.8,24.05,25.05,21.09,21.49
41.8,1977,241.5,0,0,-37.4,5,11592,-3.71,-0.03,110.1,121.1,93.8,96.8,24.06,25.06,21.09,21.49
41.84,1980,241.5,0,0,-37.8,5,11592,-3.79,-0.01,110.1,121.2,93.8,96.8,24.06,25.06,21.09,21.49
41.88,1982,241.5,2,0,-37.1,5,11592,-3.37,0.01,110.1,121.2,93.8,96.8,24.06,25.06,21.1,21.5
41.92,1985,241.5,4,0,-37.1,5,11592,-3.34,0.02,110.1,121.2,93.8,96.8,24.06,25.06,21.1,21.5
41.96,1988,241.5,6,0,-36.9,5,11592,-3.3,0.02,110.1,121.2,93.9,96.9,24.06,25.06,21.1,21.5
42,1990,241.5,8,0,-36.2,5,11593,-3.26,0.03,110.1,121.2,93.9,96.9,24.06,25.06,21.1,21.5
42.04,1993,241.5,10,0,-35.4,5,11593,-3.23,0.04,110.1,121.2,93.9,96.9,24.06,25.06,21.11,21.51
42.08,1996,241.5,11,0,-35,5,11593,-3.19,0.05,110.1,121.2,94,97,24.06,25.06,21.11,21.51
42.12,1998,241.5,13,0,-34.6,5,11594,-3.16,0.06,110.1,121.2,94,97,24.06,25.06,21.11,21.51
42.16,2001,241.5,14,0,-34.2,5,11594,-3.12,0.07,110.1,121.2,94,97,24.06,25.06,21.11,21.51
42.2,2004,241.6,16,0,-32.9,5,11594,-3.09,0.07,110.1,121.2,94.1,97.1,24.06,25.06,21.12,21.52
42.24,2006,241.6,17,0,-32.1,5,11595,-3.05,0.08,110.1,121.2,94.1,97.1,24.06,25.06,21.12,21.52
42.28,2009,241.6,19,0,-32.4,5,11595,-3.02,0.09,110.1,121.2,94.1,97.1,24.06,25.06,21.12,21.52
42.32,2012,241.6,20,0,-31.3,5,11596,-2.98,0.1,110.1,121.2,94.2,97.2,24.06,25.06,21.13,21.53
42.36,2014,241.6,22,0,-32.1,5,11597,-2.95,0.11,110.1,121.2,94.2,97.2,24.06,25.06,21.13,21.53
42.4,2017,241.6,23,0,-30.8,5,11597,-2.91,0.12,110.1,121.2,94.2,97.2,24.06,25.06,21.13,21.53
42.44,2020,241.6,25,0,-31.1,5,11598,-2.87,0.13,110.1,121.2,94.3,97.3,24.06,25.06,21.13,21.53
42.48,2022,241.6,26,0,-29.9,5,11599,-2.84,0.13,110.1,121.2,94.3,97.3,24.06,25.06,21.14,21.54
42.52,2025,241.7,28,0,-30.2,5,11600,-2.8,0.14,110.1,121.2,94.3,97.3,24.06,25.06,21.14,21.54
42.56,2028,241.7,29,0,-28.9,5,11600,-2.77,0.15,110.1,121.2,94.4,97.4,24.06,25.06,21.14,21.54
42.6,2031,241.7,30,0,-28.3,5,11601,-2.73,0.16,110.1,121.2,94.4,97.4,24.06,25.06,21.14,21.54
42.64,2033,241.7,32,0,-28.4,5,11602,-2.7,0.17,110.1,121.2,94.5,97.5,24.06,25.06,21.15,21.55
42.68,2036,241.7,33,0,-27.2,5,11603,-2.66,0.18,110.1,121.2,94.5,97.5,24.06,25.06,21.15,21.55
42.72,2039,241.8,34,0,-26.8,5,11604,-2.63,0.18,110.1,121.2,94.5,97.5,24.06,25.06,21.15,21.55
42.76,2041,241.8,36,0,-26.3,5,11605,-2.59,0.19,110.1,121.2,94.6,97.6,24.06,25.06,21.15,21.55
42.8,2044,241.8,37,0,-26.1,5,11606,-2.56,0.2,110.1,121.2,94.6,97.6,24.06,25.06,21.16,21.56
42.84,2047,241.8,38,0,-25.1,5,11607,-2.52,0.21,110.1,121.2,94.6,97.6,24.06,25.06,21.16,21.56
42.88,2049,241.8,40,0,-24.9,5,11609,-2.48,0.22,110.1,121.2,94.7,97.7,24.06,25.06,21.16,21.56
42.92,2052,241.9,41,0,-25.1,5,11610,-2.45,0.23,110.1,121.2,94.7,97.7,24.06,25.06,21.16,21.56
42.96,2055,241.9,42,0,-24.7,5,11611,-2.41,0.24,110.1,121.2,94.7,97.7,24.06,25.06,21.17,21.57
43,2057,241.9,44,0,-23.7,5,11612,-2.38,0.24,110.1,121.2,94.8,97.8,24.06,25.06,21.17,21.57
43.04,2060,241.9,45,0,-22.9,5,11613,-2.34,0.25,110.1,121.2,94.8,97.8,24.06,25.06,21.17,21.57
43.08,2063,242,46,0,-22,5,11615,-2.31,0.26,110.1,121.2,94.8,97.8,24.06,25.06,21.18,21.58
43.12,2065,242,47,0,-22.1,5,11616,-2.27,0.27,110.1,121.2,94.9,97.9,24.06,25.06,21.18,21.58
43.16,2068,242,49,0,-21.3,5,11618,-2.24,0.28,110.1,121.2,94.9,97.9,24.06,25.06,21.18,21.58
43.2,2071,242.1,50,0,-20.8,5,11619,-2.2,0.29,110.1,121.2,94.9,97.9,24.06,25.06,21.18,21.58
43.24,2074,242.1,51,0,-21.3,5,11620,-2.17,0.3,110.1,121.2,95,98,24.06,25.06,21.19,21.59
43.28,2076,242.1,52,0,-19,5,11622,-2.13,0.3,110.1,121.2,95,98,24.06,25.06,21.19,21.59
43.32,2079,242.2,54,0,-20,5,11624,-2.09,0.31,110.1,121.2,95,98,24.06,25.06,21.19,21.59
43.36,2082,242.2,55,0,-20.5,5,11625,-2.06,0.32,110.1,121.2,95.1,98.1,24.06,25.06,21.19,21.59
43.4,2084,242.2,56,0,-18.7,5,11627,-2.02,0.33,110.1,121.2,95.1,98.1,24.06,25.06,21.2,21.6
43.44,2087,242.3,57,0,-17.4,5,11628,-1.99,0.34,110.1,121.2,95.2,98.2,24.06,25.06,21.2,21.6
43.48,2090,242.3,59,0,-17.9,5,11630,-1.95,0.35,110.1,121.2,95.2,98.2,24.06,25.06,21.2,21.6
43.52,2092,242.3,60,0,-17.4,5,11632,-1.92,0.35,110.1,121.2,95.2,98.2,24.06,25.06,21.2,21.6
43.56,2095,242.4,61,0,-17,5,11634,-1.88,0.36,110.1,121.2,95.3,98.3,24.06,25.06,21.21,21.61
43.6,2098,242.4,62,0,-16.4,5,11635,-1.85,0.37,110.1,121.2,95.3,98.3,24.06,25.06,21.21,21.61
43.64,2100,242.4,63,0,-15.6,5,11637,-1.81,0.38,110.1,121.2,95.3,98.3,24.06,25.06,21.21,21.61
43.68,2103,242.5,65,0,-14.4,5,11639,-1.77,0.39,110.1,121.2,95.4,98.4,24.06,25.06,21.21,21.61
43.72,2106,242.5,66,0,-14.4,5,11641,-1.74,0.4,110.1,121.2,95.4,98.4,24.06,25.06,21.22,21.62
43.76,2109,242.6,67,0,-14.3,5,11643,-1.7,0.41,110.1,121.2,95.4,98.4,24.06,25.06,21.22,21.62
43.8,2111,242.6,68,0,-13.8,5,11645,-1.67,0.41,110.1,121.2,95.5,98.5,24.06,25.06,21.22,21.62
43.84,2114,242.6,69,0,-12.5,5,11647,-1.63,0.42,110.1,121.2,95.5,98.5,24.06,25.06,21.23,21.63
43.88,2117,242.7,71,0,-12.7,5,11649,-1.6,0.43,110.1,121.2,95.5,98.5,24.06,25.06,21.23,21.63
43.92,2119,242.7,72,0,-11.9,5,11651,-1.56,0.44,110.1,121.2,95.6,98.6,24.06,25.06,21.23,21.63
43.96,2122,242.8,73,0,-11.9,5,11653,-1.53,0.45,110.1,121.2,95.6,98.6,24.06,25.06,21.23,21.63
44,2125,242.8,74,0,-10.8,5,11655,-1.49,0.46,110.1,121.2,95.6,98.6,24.06,25.06,21.24,21.64
44.04,2127,242.9,75,0,-10.3,5,11657,-1.45,0.47,110.1,121.2,95.7,98.7,24.06,25.06,21.24,21.64
44.08,2130,242.9,76,0,-11,5,11659,-1.42,0.47,110.1,121.2,95.7,98.7,24.06,25.06,21.24,21.64
44.12,2133,243,78,0,-9.1,5,11662,-1.38,0.48,110.1,121.2,95.7,98.7,24.06,25.06,21.24,21.64
44.16,2135,243,79,0,-9.1,5,11664,-1.35,0.49,110.1,121.2,95.8,98.8,24.06,25.06,21.25,21.65
44.2,2138,243,80,0,-8.7,5,11666,-1.31,0.5,110.1,121.2,95.8,98.8,24.06,25.06,21.25,21.65
44.24,2141,243.1,81,0,-8.7,5,11669,-1.28,0.51,110.1,121.2,95.9,98.9,24.06,25.06,21.25,21.65
44.28,2144,243.1,82,0,-7.6,5,11671,-1.24,0.52,110.1,121.2,95.9,98.9,24.06,25.06,21.25,21.65
44.32,2146,243.2,83,0,-7.7,5,11673,-1.2,0.52,110.1,121.2,95.9,98.9,24.06,25.06,21.26,21.66
44.36,2149,243.2,85,0,-7.2,5,11676,-1.17,0.53,110.1,121.2,96,99,24.06,25.06,21.26,21.66
44.4,2152,243.3,86,0,-6.2,5,11678,-1.13,0.54,110.1,121.2,96,99,24.06,25.06,21.26,21.66
44.44,2154,243.3,87,0,-5.4,5,11681,-1.1,0.55,110.1,121.2,96,99,24.06,25.06,21.26,21.66
44.48,2157,243.4,88,0,-5.6,5,11683,-1.06,0.56,110.1,121.2,96.1,99.1,24.06,25.06,21.27,21.67
44.52,2160,243.5,89,0,-5.3,5,11686,-1.03,0.57,110.1,121.2,96.1,99.1,24.06,25.06,21.27,21.67
44.56,2163,243.5,90,0,-4.7,5,11688,-0.99,0.58,110.1,121.2,96.1,99.1,24.06,25.06,21.27,21.67
44.6,2165,243.6,91,0,-3.8,5,11691,-0.95,0.58,110.1,121.2,96.2,99.2,24.06,25.06,21.27,21.67
44.64,2168,243.6,92,0,-3.6,5,11694,-0.92,0.59,110.1,121.2,96.2,99.2,24.06,25.06,21.28,21.68
44.68,2171,243.7,94,0,-3,5,11696,-0.88,0.6,110.1,121.2,96.2,99.2,24.06,25.06,21.28,21.68
44.72,2173,243.7,95,0,-3,5,11699,-0.85,0.61,110.1,121.2,96.3,99.3,24.06,25.06,21.28,21.68
44.76,2176,243.8,96,0,-2.4,5,11702,-0.81,0.62,110.1,121.2,96.3,99.3,24.06,25.06,21.29,21.69
44.8,2179,243.8,97,0,-1.1,5,11704,-0.78,0.63,110.1,121.2,96.3,99.3,24.06,25.06,21.29,21.69
44.84,2181,243.9,98,0,-0.5,5,11707,-0.74,0.64,110.1,121.2,96.4,99.4,24.06,25.06,21.29,21.69
44.88,2184,244,99,0,0.1,5,11710,-0.7,0.64,110.1,121.2,96.4,99.4,24.06,25.06,21.29,21.69
44.92,2187,244,100,0,0,5,11713,-0.03,0.04,110.1,121.2,96.4,99.4,24.06,25.06,21.29,21.69
44.96,2190,244.1,100,0,-0.8,5,11716,0.01,0.04,110.1,121.2,96.4,99.4,24.06,25.06,21.29,21.69
45,2192,244.1,100,0,0.9,5,11718,-0.01,0.04,110.1,121.2,96.4,99.4,24.06,25.06,21.29,21.69
45.04,2195,244.2,100,0,0.1,5,11721,0,0.04,110.1,121.1,96.4,99.4,24.06,25.06,21.29,21.69
45.08,2198,244.2,100,0,0,5,11724,-0.02,0.04,110.1,121.1,96.4,99.4,24.05,25.06,21.29,21.69
45.12,2200,244.3,100,0,-0.3,5,11727,-0.03,0.04,110,121.1,96.3,99.3,24.05,25.06,21.29,21.69
45.16,2203,244.4,100,0,-0.5,5,11729,-0.02,0.04,110,121.1,96.3,99.3,24.05,25.06,21.29,21.69
45.2,2206,244.4,100,0,0.4,5,11732,-0.01,0.04,110,121.1,96.3,99.3,24.05,25.06,21.29,21.69
45.24,2209,244.5,100,0,0.5,5,11735,-0.03,0.04,110,121.1,96.3,99.3,24.05,25.06,21.29,21.69
45.28,2211,244.5,100,0,0.2,5,11738,-0.01,0.04,110,121.1,96.3,99.3,24.05,25.06,21.28,21.68
45.32,2214,244.6,100,0,0.2,5,11740,0.02,0.04,110,121.1,96.3,99.3,24.05,25.05,21.28,21.68
45.36,2217,244.7,100,0,0.1,5,11743,-0.02,0.04,110,121.1,96.3,99.3,24.05,25.05,21.28,21.68
45.4,2219,244.7,100,0,0.2,5,11746,-0.02,0.04,110,121,96.3,99.3,24.05,25.05,21.28,21.68
45.44,2222,244.8,100,0,-0.2,5,11749,0,0.04,109.9,121,96.2,99.2,24.05,25.05,21.28,21.68
45.48,2225,244.8,100,0,0,5,11752,0.01,0.04,109.9,121,96.2,99.2,24.05,25.05,21.28,21.68
45.52,2228,244.9,100,0,-0.5,5,11754,-0.02,0.04,109.9,121,96.2,99.2,24.04,25.05,21.28,21.68
45.56,2230,244.9,100,0,0.5,5,11757,0.02,0.04,109.9,121,96.2,99.2,24.04,25.05,21.28,21.68
45.6,2233,245,100,0,-0.3,5,11760,-0.02,0.04,109.9,121,96.2,99.2,24.04,25.05,21.28,21.68
45.64,2236,245.1,100,0,-0.3,5,11763,0.01,0.04,109.9,121,96.2,99.2,24.04,25.05,21.28,21.68
45.68,2239,245.1,100,0,0.4,5,11765,0.01,0.04,109.9,121,96.2,99.2,24.04,25.05,21.28,21.68
45.72,2241,245.2,100,0,0.4,5,11768,-0.02,0.04,109.9,120.9,96.2,99.2,24.04,25.05,21.27,21.67
45.76,2244,245.2,100,0,0.9,5,11771,0,0.04,109.9,120.9,96.1,99.1,24.04,25.04,21.27,21.67
45.8,2247,245.3,100,0,0.5,5,11774,-0.01,0.04,109.8,120.9,96.1,99.1,24.04,25.04,21.27,21.67
45.84,2249,245.3,100,0,0.4,5,11776,0.03,0.04,109.8,120.9,96.1,99.1,24.04,25.04,21.27,21.67
45.88,2252,245.4,100,0,0.6,5,11779,0,0.04,109.8,120.9,96.1,99.1,24.04,25.04,21.27,21.67
45.92,2255,245.5,100,0,-0.1,5,11782,-0.02,0.04,109.8,120.9,96.1,99.1,24.04,25.04,21.27,21.67
45.96,2258,245.5,100,0,0.1,5,11785,-0.02,0.04,109.8,120.9,96.1,99.1,24.03,25.04,21.27,21.67
46,2260,245.6,100,0,0.4,5,11787,-0.02,0.04,109.8,120.9,96.1,99.1,24.03,25.04,21.27,21.67
46.04,2263,245.6,100,0,-0.6,5,11790,0,0.04,109.8,120.8,96.1,99.1,24.03,25.04,21.27,21.67
46.08,2266,245.7,100,0,0.3,5,11793,-0.03,0.04,109.8,120.8,96.1,99.1,24.03,25.04,21.27,21.67
46.12,2269,245.7,100,0,-0.5,5,11796,-0.02,0.04,109.7,120.8,96,99,24.03,25.04,21.27,21.67
46.16,2271,245.8,100,0,-0.5,5,11799,-0.01,0.04,109.7,120.8,96,99,24.03,25.04,21.26,21.66
46.2,2274,245.9,100,0,0.9,5,11801,0,0.04,109.7,120.8,96,99,24.03,25.04,21.26,21.66
46.24,2277,245.9,100,0,-0.1,5,11804,-0.01,0.04,109.7,120.8,96,99,24.03,25.03,21.26,21.66
46.28,2279,246,100,0,-0.2,5,11807,0.02,0.04,109.7,120.8,96,99,24.03,25.03,21.26,21.66
46.32,2282,246,100,0,-0.9,5,11810,-0.04,0.04,109.7,120.8,96,99,24.03,25.03,21.26,21.66
46.36,2285,246.1,100,0,-0.1,5,11812,-0.04,0.04,109.7,120.8,96,99,24.03,25.03,21.26,21.66
46.4,2288,246.1,100,0,0,5,11815,-0.02,0.04,109.7,120.7,96,99,24.02,25.03,21.26,21.66
46.44,2290,246.2,100,0,-0.4,5,11818,-0.03,0.04,109.6,120.7,95.9,98.9,24.02,25.03,21.26,21.66
46.48,2293,246.3,100,0,-0.8,5,11821,-0.01,0.04,109.6,120.7,95.9,98.9,24.02,25.03,21.26,21.66
46.52,2296,246.3,100,0,-0.6,5,11823,0,0.04,109.6,120.7,95.9,98.9,24.02,25.03,21.26,21.66
46.56,2299,246.4,100,0,-0.7,5,11826,-0.02,0.04,109.6,120.7,95.9,98.9,24.02,25.03,21.26,21.66
46.6,2301,246.4,100,0,-0.1,5,11829,0,0.04,109.6,120.7,95.9,98.9,24.02,25.03,21.25,21.65
46.64,2304,246.5,100,0,0.6,5,11832,-0.01,0.04,109.6,120.7,95.9,98.9,24.02,25.03,21.25,21.65
46.68,2307,246.6,100,0,-0.8,5,11834,0.05,0.04,109.6,120.7,95.9,98.9,24.02,25.02,21.25,21.65
46.72,2310,246.6,100,0,0.5,5,11837,0,0.04,109.6,120.6,95.9,98.9,24.02,25.02,21.25,21.65
46.76,2312,246.7,100,0,-0.3,5,11840,0.02,0.04,109.6,120.6,95.8,98.8,24.02,25.02,21.25,21.65
46.8,2315,246.7,100,0,0.2,5,11843,-0.01,0.04,109.5,120.6,95.8,98.8,24.02,25.02,21.25,21.65
46.84,2318,246.8,100,0,-0.2,5,11846,-0.01,0.04,109.5,120.6,95.8,98.8,24.01,25.02,21.25,21.65
46.88,2320,246.8,100,0,0.7,5,11848,0.03,0.04,109.5,120.6,95.8,98.8,24.01,25.02,21.25,21.65
46.92,2323,246.9,100,0,0.1,5,11851,-0.03,0.04,109.5,120.6,95.8,98.8,24.01,25.02,21.25,21.65
46.96,2326,247,100,0,0.1,5,11854,0.01,0.04,109.5,120.6,95.8,98.8,24.01,25.02,21.25,21.65
47,2329,247,100,0,0.6,5,11857,0,0.04,109.5,120.6,95.8,98.8,24.01,25.02,21.25,21.65
47.04,2331,247.1,100,0,0.4,5,11859,0.02,0.04,109.5,120.5,95.8,98.8,24.01,25.02,21.24,21.64
47.08,2334,247.1,100,0,-0.5,5,11862,-0.01,0.04,109.5,120.5,95.8,98.8,24.01,25.02,21.24,21.64
47.12,2337,247.2,100,0,0.2,5,11865,-0.01,0.04,109.4,120.5,95.7,98.7,24.01,25.01,21.24,21.64
47.16,2340,247.2,100,0,-0.7,5,11868,-0.01,0.04,109.4,120.5,95.7,98.7,24.01,25.01,21.24,21.64
47.2,2342,247.3,100,0,0.1,5,11870,0.01,0.04,109.4,120.5,95.7,98.7,24.01,25.01,21.24,21.64
47.24,2345,247.4,100,0,0,5,11873,-0.01,0.04,109.4,120.5,95.7,98.7,24.01,25.01,21.24,21.64
47.28,2348,247.4,100,0,0.2,5,11876,0.02,0.04,109.4,120.5,95.7,98.7,24,25.01,21.24,21.64
47.32,2351,247.5,100,0,0.4,5,11879,-0.01,0.04,109.4,120.5,95.7,98.7,24,25.01,21.24,21.64
47.36,2353,247.5,100,0,0.2,5,11881,-0.02,0.04,109.4,120.5,95.7,98.7,24,25.01,21.24,21.64
47.4,2356,247.6,100,0,0.2,5,11884,-0.01,0.04,109.4,120.4,95.7,98.7,24,25.01,21.24,21.64
47.44,2359,247.6,100,0,-0.2,5,11887,-0.01,0.04,109.3,120.4,95.6,98.6,24,25.01,21.24,21.64
47.48,2362,247.7,100,0,0.2,5,11890,0.05,0.04,109.3,120.4,95.6,98.6,24,25.01,21.23,21.63
47.52,2364,247.8,100,0,0.1,5,11893,-0.02,0.04,109.3,120.4,95.6,98.6,24,25.01,21.23,21.63
47.56,2367,247.8,100,0,0,5,11895,-0.01,0.04,109.3,120.4,95.6,98.6,24,25,21.23,21.63
47.6,2370,247.9,100,0,-0.4,5,11898,0.02,0.04,109.3,120.4,95.6,98.6,24,25,21.23,21.63
47.64,2373,247.9,100,0,-0.5,5,11901,0.02,0.04,109.3,120.4,95.6,98.6,24,25,21.23,21.63
47.68,2375,248,100,0,-0.1,5,11904,0,0.04,109.3,120.4,95.6,98.6,24,25,21.23,21.63
47.72,2378,248,100,0,-0.2,5,11906,0.01,0.04,109.3,120.3,95.6,98.6,23.99,25,21.23,21.63
47.76,2381,248.1,100,0,-0.3,5,11909,0.04,0.04,109.3,120.3,95.5,98.5,23.99,25,21.23,21.63
47.8,2384,248.2,100,0,0,5,11912,-0.02,0.04,109.2,120.3,95.5,98.5,23.99,25,21.23,21.63
47.84,2386,248.2,100,0,0.1,5,11915,-0.01,0.04,109.2,120.3,95.5,98.5,23.99,25,21.23,21.63
47.88,2389,248.3,100,0,-0.2,5,11917,0,0.04,109.2,120.3,95.5,98.5,23.99,25,21.23,21.63
47.92,2392,248.3,100,0,0.4,5,11920,0.03,0.04,109.2,120.3,95.5,98.5,23.99,25,21.22,21.62
47.96,2395,248.4,100,0,0.2,5,11923,-0.02,0.04,109.2,120.3,95.5,98.5,23.99,25,21.22,21.62
48,2398,248.5,100,0,0,5,11926,-0.03,0.04,109.2,120.3,95.5,98.5,23.99,24.99,21.22,21.62
48.04,2400,248.5,100,0,0.5,5,11928,-0.01,0.04,109.2,120.2,95.5,98.5,23.99,24.99,21.22,21.62
48.08,2403,248.6,100,0,0.2,5,11931,0.02,0.04,109.2,120.2,95.5,98.5,23.99,24.99,21.22,21.62
48.12,2406,248.6,100,0,0.5,5,11934,0.02,0.04,109.1,120.2,95.4,98.4,23.99,24.99,21.22,21.62
48.16,2409,248.7,100,0,0.3,5,11937,-0.01,0.04,109.1,120.2,95.4,98.4,23.98,24.99,21.22,21.62
48.2,2411,248.7,100,0,0.2,5,11940,-0.02,0.04,109.1,120.2,95.4,98.4,23.98,24.99,21.22,21.62
48.24,2414,248.8,100,0,0.3,5,11942,0.02,0.04,109.1,120.2,95.4,98.4,23.98,24.99,21.22,21.62
48.28,2417,248.9,100,0,-0.4,5,11945,0,0.04,109.1,120.2,95.4,98.4,23.98,24.99,21.22,21.62
48.32,2420,248.9,100,0,-0.1,5,11948,0,0.04,109.1,120.2,95.4,98.4,23.98,24.99,21.22,21.62
48.36,2422,249,100,0,0.6,5,11951,0.04,0.04,109.1,120.2,95.4,98.4,23.98,24.99,21.22,21.62
48.4,2425,249,100,0,0,5,11953,-0.01,0.04,109.1,120.1,95.4,98.4,23.98,24.99,21.21,21.61
48.44,2428,249.1,100,0,0.3,5,11956,-0.03,0.04,109,120.1,95.3,98.3,23.98,24.98,21.21,21.61
48.48,2431,249.1,100,0,-0.3,5,11959,-0.01,0.04,109,120.1,95.3,98.3,23.98,24.98,21.21,21.61
48.52,2433,249.2,100,0,-0.2,5,11962,0,0.04,109,120.1,95.3,98.3,23.98,24.98,21.21,21.61
48.56,2436,249.3,100,0,0.3,5,11964,-0.01,0.04,109,120.1,95.3,98.3,23.98,24.98,21.21,21.61
48.6,2439,249.3,100,0,-0.2,5,11967,-0.02,0.04,109,120.1,95.3,98.3,23.98,24.98,21.21,21.61
48.64,2442,249.4,100,0,0.2,5,11970,-0.01,0.04,109,120.1,95.3,98.3,23.97,24.98,21.21,21.61
48.68,2445,249.4,100,0,0.6,5,11973,0.03,0.04,109,120.1,95.3,98.3,23.97,24.98,21.21,21.61
48.72,2447,249.5,100,0,-0.3,5,11975,-0.01,0.04,109,120,95.3,98.3,23.97,24.98,21.21,21.61
48.76,2450,249.5,100,0,0.3,5,11978,-0.03,0.04,109,120,95.2,98.2,23.97,24.98,21.21,21.61
48.8,2453,249.6,100,0,-0.3,5,11981,0.01,0.04,108.9,120,95.2,98.2,23.97,24.98,21.21,21.61
48.84,2456,249.7,100,0,-0.4,5,11984,-0.01,0.04,108.9,120,95.2,98.2,23.97,24.98,21.2,21.6
48.88,2458,249.7,100,0,-0.1,5,11987,0,0.04,108.9,120,95.2,98.2,23.97,24.97,21.2,21.6
48.92,2461,249.8,100,0,-0.1,5,11989,0.02,0.04,108.9,120,95.2,98.2,23.97,24.97,21.2,21.6
48.96,2464,249.8,100,0,0.1,5,11992,0.03,0.04,108.9,120,95.2,98.2,23.97,24.97,21.2,21.6
49,2467,249.9,100,0,-0.2,5,11995,-0.02,0.04,108.9,120,95.2,98.2,23.97,24.97,21.2,21.6
49.04,2470,250,100,0,0.6,5,11998,-0.01,0.04,108.9,119.9,95.2,98.2,23.97,24.97,21.2,21.6
49.08,2472,250,100,0,0.2,6,10250,0,0.04,108.9,119.9,95.2,98.2,23.96,24.97,21.2,21.6
49.12,2475,250.1,100,0,0,6,10253,-0.02,0.04,108.8,119.9,95.1,98.1,23.96,24.97,21.2,21.6
49.16,2478,250.1,100,0,-0.2,6,10255,0,0.04,108.8,119.9,95.1,98.1,23.96,24.97,21.2,21.6
49.2,2481,250.2,100,0,0.3,6,10257,0.02,0.04,108.8,119.9,95.1,98.1,23.96,24.97,21.2,21.6
49.24,2483,250.2,100,0,0.9,6,10260,-0.02,0.04,108.8,119.9,95.1,98.1,23.96,24.97,21.2,21.6
49.28,2486,250.3,100,0,0.1,6,10262,-0.03,0.04,108.8,119.9,95.1,98.1,23.96,24.97,21.19,21.59
49.32,2489,250.4,100,0,0.8,6,10264,0.04,0.04,108.8,119.9,95.1,98.1,23.96,24.96,21.19,21.59
49.36,2492,250.4,100,0,-0.3,6,10267,0,0.04,108.8,119.9,95.1,98.1,23.96,24.96,21.19,21.59
49.4,2495,250.5,100,0,0.4,6,10269,0.02,0.04,108.8,119.8,95.1,98.1,23.96,24.96,21.19,21.59
49.44,2497,250.5,100,0,-0.7,6,10272,-0.01,0.04,108.7,119.8,95,98,23.96,24.96,21.19,21.59
49.48,2500,250.6,100,0,-0.2,6,10274,0.04,0.04,108.7,119.8,95,98,23.96,24.96,21.19,21.59
49.52,2503,250.6,100,0,0.2,6,10276,0,0.04,108.7,119.8,95,98,23.95,24.96,21.19,21.59
49.56,2506,250.7,100,0,0.5,6,10279,0,0.04,108.7,119.8,95,98,23.95,24.96,21.19,21.59
49.6,2508,250.8,100,0,-0.2,6,10281,-0.01,0.04,108.7,119.8,95,98,23.95,24.96,21.19,21.59
49.64,2511,250.8,100,0,0.1,6,10283,0.02,0.04,108.7,119.8,95,98,23.95,24.96,21.19,21.59
49.68,2514,250.9,100,0,0.4,6,10286,0,0.04,108.7,119.8,95,98,23.95,24.96,21.19,21.59
49.72,2517,250.9,100,0,-0.1,6,10288,-0.03,0.04,108.7,119.7,95,98,23.95,24.96,21.18,21.58
49.76,2520,251,100,0,0.4,6,10290,-0.04,0.04,108.7,119.7,94.9,97.9,23.95,24.95,21.18,21.58
49.8,2522,251,100,0,0.8,6,10293,0,0.04,108.6,119.7,94.9,97.9,23.95,24.95,21.18,21.58
49.84,2525,251.1,100,0,0.2,6,10295,0.01,0.04,108.6,119.7,94.9,97.9,23.95,24.95,21.18,21.58
49.88,2528,251.2,100,0,-0.1,6,10298,-0.02,0.04,108.6,119.7,94.9,97.9,23.95,24.95,21.18,21.58
49.92,2531,251.2,100,0,-0.2,6,10300,0,0.04,108.6,119.7,94.9,97.9,23.95,24.95,21.18,21.58
49.96,2534,251.3,100,0,0.2,6,10302,-0.02,0.04,108.6,119.7,94.9,97.9,23.94,24.95,21.18,21.58
50,2536,251.3,100,0,0.2,6,10305,0.01,0.04,108.6,119.7,94.9,97.9,23.94,24.95,21.18,21.58
50.04,2539,251.4,100,0,-0.5,6,10307,0,0.04,108.6,119.6,94.9,97.9,23.94,24.95,21.18,21.58
50.08,2542,251.4,100,0,0.2,6,10309,0,0.04,108.6,119.6,94.9,97.9,23.94,24.95,21.18,21.58
50.12,2545,250.9,0,9,-0.4,6,10286,0,-4.2,108.6,119.8,94.9,97.9,23.94,24.96,21.18,21.58
50.16,2548,249.7,0,18,-0.8,5,11987,0,-4.2,108.6,119.9,94.9,97.9,23.95,24.97,21.18,21.58
50.2,2550,248.1,0,26,0.1,5,11907,0,-4.2,108.7,120,94.9,97.9,23.95,24.97,21.18,21.58
50.24,2553,245.8,0,35,-1.3,5,11799,0,-4.2,108.7,120.1,94.9,97.9,23.95,24.98,21.18,21.58
50.28,2556,243,0,44,0.4,5,11664,0,-4.2,108.8,120.2,94.9,97.9,23.96,24.99,21.18,21.58
50.32,2558,239.7,0,52,-0.5,5,11504,0,-4.2,108.8,120.4,94.9,97.9,23.96,25,21.18,21.58
50.36,2561,235.8,0,61,0.5,5,11317,0,-4.2,108.8,120.5,94.9,97.9,23.96,25.01,21.18,21.58
50.4,2564,231.4,0,69,0.1,5,11105,0,-4.2,108.9,120.6,94.9,97.9,23.97,25.02,21.18,21.58
50.44,2566,226.4,0,77,0.4,5,10868,0,-4.2,108.9,120.7,94.9,97.9,23.97,25.03,21.18,21.58
50.48,2569,221,0,85,1,5,10607,0,-4.2,109,120.8,94.9,97.9,23.97,25.04,21.18,21.58
50.52,2571,215.5,0,85,0,5,10346,0,-4.2,109,121,94.9,97.9,23.97,25.05,21.18,21.58
50.56,2574,210.1,0,85,-1,5,10085,0,-4.2,109,121.1,94.9,97.9,23.98,25.06,21.18,21.58
50.6,2576,204.7,0,85,1.2,4,11870,0,-4.2,109.1,121.2,94.9,97.9,23.98,25.06,21.18,21.58
50.64,2578,199.2,0,85,-2.7,4,11555,0,-4.2,109.1,121.3,94.9,97.9,23.98,25.07,21.18,21.58
50.68,2581,193.8,0,85,0.7,4,11239,0,-4.2,109.2,121.4,94.9,97.9,23.99,25.08,21.18,21.58
50.72,2583,188.3,0,85,-1.2,4,10924,0,-4.2,109.2,121.6,94.9,97.9,23.99,25.09,21.18,21.58
50.76,2585,182.9,0,85,-0.1,4,10608,0,-4.2,109.2,121.7,94.9,97.9,23.99,25.1,21.18,21.58
50.8,2587,177.5,0,85,0.8,4,10293,0,-4.2,109.3,121.8,94.9,97.9,24,25.11,21.18,21.58
50.84,2589,172,0,85,0.1,4,9977,0,-4.2,109.3,121.9,94.9,97.9,24,25.12,21.18,21.58
50.88,2591,166.6,0,85,0.3,3,11661,0,-4.2,109.4,122,94.9,97.9,24,25.13,21.18,21.58
50.92,2593,161.1,0,85,-1,3,11280,0,-4.2,109.4,122.2,94.9,97.9,24,25.14,21.18,21.58
50.96,2594,155.7,0,85,0,3,10899,0,-4.2,109.4,122.3,94.9,97.9,24.01,25.15,21.18,21.58
51,2596,150.3,0,85,-0.3,3,10518,0,-4.2,109.5,122.4,94.9,97.9,24.01,25.15,21.18,21.58
51.04,2598,144.8,0,85,1.1,3,10138,0,-4.2,109.5,122.5,94.9,97.9,24.01,25.16,21.18,21.58
51.08,2599,141.5,0,85,0.7,3,9905,0,-4.2,109.6,122.6,94.9,97.9,24.02,25.17,21.18,21.58
51.12,2601,141.5,0,85,0.2,3,9905,0,-4.2,109.6,122.8,94.9,97.9,24.02,25.18,21.18,21.58
51.16,2602,141.5,0,85,0.4,3,9905,0,-4.2,109.6,122.9,94.9,97.9,24.02,25.19,21.18,21.58
51.2,2604,141.5,0,85,-1.2,3,9905,0,-4.2,109.7,123,94.9,97.9,24.03,25.2,21.18,21.58
51.24,2606,141.5,0,85,-1.3,3,9905,0,-4.2,109.7,123.1,94.9,97.9,24.03,25.21,21.18,21.58
51.28,2607,141.5,0,85,-0.3,3,9905,0,-4.2,109.8,123.2,94.9,97.9,24.03,25.22,21.18,21.58
51.32,2609,141.5,0,85,0.1,3,9905,0,-4.2,109.8,123.4,94.9,97.9,24.03,25.23,21.18,21.58
51.36,2610,141.5,0,85,1.6,3,9905,0,-4.2,109.8,123.5,94.9,97.9,24.04,25.24,21.18,21.58
51.4,2612,141.5,0,85,0.8,3,9905,0,-4.2,109.9,123.6,94.9,97.9,24.04,25.24,21.18,21.58
51.44,2613,141.5,0,85,0.4,3,9905,0,-4.2,109.9,123.7,94.9,97.9,24.04,25.25,21.18,21.58
51.48,2615,141.5,0,85,-0.4,3,9905,0,-4.2,110,123.8,94.9,97.9,24.05,25.26,21.18,21.58
51.52,2617,141.5,0,85,-0.4,3,9905,0,-4.2,110,124,94.9,97.9,24.05,25.27,21.18,21.58
51.56,2618,141.5,0,85,-1.2,3,9905,0,-4.2,110,124.1,94.9,97.9,24.05,25.28,21.18,21.58
51.6,2620,141.5,0,85,1.2,3,9905,0,-4.2,110.1,124.2,94.9,97.9,24.06,25.29,21.18,21.58
51.64,2621,141.5,0,85,-0.3,3,9905,0,-4.2,110.1,124.3,94.9,97.9,24.06,25.3,21.18,21.58
51.68,2623,141.5,0,84,-1.4,3,9905,-0.02,-1.39,110.2,124.4,94.9,97.9,24.06,25.31,21.18,21.58
51.72,2624,141.5,0,82,-2.6,3,9905,-0.06,-1.37,110.2,124.6,94.9,97.9,24.06,25.32,21.18,21.58
51.76,2626,141.5,0,80,-3.8,3,9905,-0.11,-1.34,110.2,124.7,94.9,97.9,24.07,25.33,21.18,21.58
51.8,2628,141.5,0,78,-4.6,3,9905,-0.15,-1.32,110.3,124.8,94.9,97.9,24.07,25.33,21.18,21.58
51.84,2629,141.5,0,77,-7.2,3,9905,-0.19,-1.3,110.3,124.9,94.9,97.9,24.07,25.34,21.18,21.58
51.88,2631,141.5,0,75,-8.4,3,9905,-0.23,-1.28,110.4,125,94.9,97.9,24.08,25.35,21.18,21.58
51.92,2632,141.5,0,73,-9.3,3,9905,-0.27,-1.25,110.4,125.2,94.9,97.9,24.08,25.36,21.18,21.58
51.96,2634,141.5,0,71,-11.5,3,9905,-0.32,-1.23,110.4,125.3,94.9,97.9,24.08,25.37,21.18,21.58
52,2635,141.5,0,69,-13.3,3,9905,-0.36,-1.21,110.5,125.4,94.9,97.9,24.09,25.38,21.18,21.58
52.04,2637,141.5,0,67,-14.5,3,9905,-0.4,-1.19,110.5,125.5,94.9,97.9,24.09,25.39,21.18,21.58
52.08,2639,141.5,0,66,-16.9,3,9905,-0.44,-1.16,110.6,125.6,94.9,97.9,24.09,25.4,21.18,21.58
52.12,2640,141.5,0,64,-18.1,3,9905,-0.49,-1.14,110.6,125.8,94.9,97.9,24.09,25.41,21.18,21.58
52.16,2642,141.5,0,62,-19.2,3,9905,-0.53,-1.12,110.6,125.9,94.9,97.9,24.1,25.42,21.18,21.58
52.2,2643,141.5,0,60,-19.9,3,9905,-0.57,-1.1,110.7,126,94.9,97.9,24.1,25.42,21.18,21.58
52.24,2645,141.5,0,59,-21.7,3,9905,-0.61,-1.07,110.7,126.1,94.9,97.9,24.1,25.43,21.18,21.58
52.28,2646,141.5,0,57,-23.3,3,9905,-0.65,-1.05,110.8,126.2,94.9,97.9,24.11,25.44,21.18,21.58
52.32,2648,141.5,0,55,-24.8,3,9905,-0.7,-1.03,110.8,126.4,94.9,97.9,24.11,25.45,21.18,21.58
52.36,2650,141.5,0,54,-26.5,3,9905,-0.74,-1.01,110.8,126.5,94.9,97.9,24.11,25.46,21.18,21.58
52.4,2651,141.5,0,52,-27.5,3,9905,-0.78,-0.98,110.9,126.6,94.9,97.9,24.12,25.47,21.18,21.58
52.44,2653,141.5,0,50,-29,3,9905,-0.82,-0.96,110.9,126.7,94.9,97.9,24.12,25.48,21.18,21.58
52.48,2654,141.5,0,49,-31,3,9905,-0.86,-0.94,111,126.8,94.9,97.9,24.12,25.49,21.18,21.58
52.52,2656,141.5,0,47,-31.9,3,9905,-0.91,-0.92,111,127,94.9,97.9,24.12,25.5,21.18,21.58
52.56,2657,141.5,0,45,-33.7,3,9905,-0.95,-0.89,111,127.1,94.9,97.9,24.13,25.51,21.18,21.58
52.6,2659,141.5,0,44,-34,3,9905,-0.99,-0.87,111.1,127.2,94.9,97.9,24.13,25.51,21.18,21.58
52.64,2661,141.5,0,42,-34.4,3,9905,-1.03,-0.85,111.1,127.3,94.9,97.9,24.13,25.52,21.18,21.58
52.68,2662,141.5,0,41,-36.9,3,9905,-1.08,-0.83,111.2,127.4,94.9,97.9,24.14,25.53,21.18,21.58
52.72,2664,141.5,0,39,-37.5,3,9905,-1.12,-0.8,111.2,127.6,94.9,97.9,24.14,25.54,21.18,21.58
52.76,2665,141.5,0,38,-39,3,9905,-1.16,-0.78,111.2,127.7,94.9,97.9,24.14,25.55,21.18,21.58
52.8,2667,141.5,0,36,-41.1,3,9905,-1.2,-0.76,111.3,127.8,94.9,97.9,24.15,25.56,21.18,21.58
52.84,2669,141.5,0,35,-41.9,3,9905,-1.24,-0.74,111.3,127.9,94.9,97.9,24.15,25.57,21.18,21.58
52.88,2670,141.5,0,33,-42.6,3,9905,-1.29,-0.71,111.4,128,94.9,97.9,24.15,25.58,21.18,21.58
52.92,2672,141.5,0,32,-43.9,3,9905,-1.33,-0.69,111.4,128.2,94.9,97.9,24.15,25.59,21.18,21.58
52.96,2673,141.5,0,30,-44.8,3,9905,-1.37,-0.67,111.4,128.3,94.9,97.9,24.16,25.6,21.18,21.58
53,2675,141.5,0,29,-45.8,3,9905,-1.41,-0.65,111.5,128.4,94.9,97.9,24.16,25.6,21.18,21.58
53.04,2676,141.5,0,27,-47.1,3,9905,-1.45,-0.62,111.5,128.5,94.9,97.9,24.16,25.61,21.18,21.58
53.08,2678,141.5,0,26,-47.7,3,9905,-1.5,-0.6,111.6,128.6,94.9,97.9,24.17,25.62,21.18,21.58
53.12,2680,141.5,0,25,-48.4,3,9905,-1.54,-0.58,111.6,128.8,94.9,97.9,24.17,25.63,21.18,21.58
53.16,2681,141.5,0,23,-50,3,9905,-1.58,-0.56,111.6,128.9,94.9,97.9,24.17,25.64,21.18,21.58
53.2,2683,141.5,0,22,-50.4,3,9905,-1.62,-0.53,111.7,129,94.9,97.9,24.18,25.65,21.18,21.58
53.24,2684,141.5,0,21,-51.3,3,9905,-1.67,-0.51,111.7,129.1,94.9,97.9,24.18,25.66,21.18,21.58
53.28,2686,141.5,0,19,-52.3,3,9905,-1.71,-0.49,111.8,129.2,94.9,97.9,24.18,25.67,21.18,21.58
53.32,2687,141.5,0,18,-53,3,9905,-1.75,-0.47,111.8,129.4,94.9,97.9,24.18,25.68,21.18,21.58
53.36,2689,141.5,0,17,-53.7,3,9905,-1.79,-0.44,111.8,129.5,94.9,97.9,24.19,25.69,21.18,21.58
53.4,2691,141.5,0,16,-54.3,3,9905,-1.83,-0.42,111.9,129.6,94.9,97.9,24.19,25.69,21.18,21.58
53.44,2692,141.5,0,15,-55.3,3,9905,-1.88,-0.4,111.9,129.7,94.9,97.9,24.19,25.7,21.18,21.58
53.48,2694,141.5,0,14,-54.9,3,9905,-1.92,-0.38,112,129.8,94.9,97.9,24.2,25.71,21.18,21.58
53.52,2695,141.5,0,12,-56.4,3,9905,-1.96,-0.35,112,130,94.9,97.9,24.2,25.72,21.18,21.58
53.56,2697,141.5,0,11,-57.3,3,9905,-2,-0.33,112,130.1,94.9,97.9,24.2,25.73,21.18,21.58
53.6,2698,141.5,0,10,-57.9,3,9905,-2.04,-0.31,112.1,130.2,94.9,97.9,24.21,25.74,21.18,21.58
53.64,2700,141.5,0,9,-58.1,3,9905,-2.09,-0.29,112.1,130.3,94.9,97.9,24.21,25.75,21.18,21.58
53.68,2702,141.5,0,8,-59,3,9905,-2.13,-0.26,112.2,130.4,94.9,97.9,24.21,25.76,21.18,21.58
53.72,2703,141.5,0,7,-60.2,3,9905,-2.17,-0.24,112.2,130.6,94.9,97.9,24.21,25.77,21.18,21.58
53.76,2705,141.5,0,6,-58.7,3,9905,-2.21,-0.22,112.2,130.7,94.9,97.9,24.22,25.78,21.18,21.58
53.8,2706,141.5,0,5,-60.6,3,9905,-2.26,-0.2,112.3,130.8,94.9,97.9,24.22,25.78,21.18,21.58
53.84,2708,141.5,0,5,-60.6,3,9905,-2.3,-0.17,112.3,130.9,94.9,97.9,24.22,25.79,21.18,21.58
53.88,2709,141.5,0,4,-61.1,3,9905,-2.34,-0.15,112.4,131,94.9,97.9,24.23,25.8,21.18,21.58
53.92,2711,141.5,0,3,-61.1,3,9905,-2.38,-0.13,112.4,131.2,94.9,97.9,24.23,25.81,21.18,21.58
53.96,2713,141.5,0,2,-60.4,3,9905,-2.42,-0.11,112.4,131.3,94.9,97.9,24.23,25.82,21.18,21.58
54,2714,141.5,0,2,-61.1,3,9905,-2.47,-0.08,112.5,131.4,94.9,97.9,24.24,25.83,21.18,21.58
54.04,2716,141.5,0,1,-61.9,3,9905,-2.51,-0.06,112.5,131.5,94.9,97.9,24.24,25.84,21.18,21.58
54.08,2717,141.5,0,1,-62,3,9905,-2.55,-0.04,112.6,131.6,94.9,97.9,24.24,25.85,21.18,21.58
54.12,2719,141.5,0,0,-61.2,3,9905,-2.59,-0.02,112.6,131.8,94.9,97.9,24.24,25.86,21.18,21.58
54.16,2720,141.5,1,0,-60.8,3,9905,-3.39,0,112.6,131.8,94.9,97.9,24.24,25.86,21.18,21.58
54.2,2722,141.5,2,0,-61.5,3,9905,-3.37,0.01,112.6,131.8,94.9,97.9,24.24,25.86,21.18,21.58
54.24,2724,141.5,3,0,-59.7,3,9905,-3.35,0.01,112.6,131.8,95,98,24.24,25.86,21.18,21.58
54.28,2725,141.5,5,0,-59.4,3,9906,-3.33,0.02,112.6,131.8,95,98,24.24,25.86,21.19,21.59
54.32,2727,141.5,6,0,-58.9,3,9906,-3.3,0.02,112.6,131.8,95,98,24.24,25.86,21.19,21.59
54.36,2728,141.5,7,0,-58.3,3,9907,-3.28,0.03,112.6,131.8,95.1,98.1,24.24,25.86,21.19,21.59
54.4,2730,141.5,8,0,-58.5,3,9907,-3.26,0.03,112.6,131.8,95.1,98.1,24.24,25.86,21.19,21.59
54.44,2731,141.5,9,0,-57.2,3,9908,-3.23,0.04,112.6,131.8,95.1,98.1,24.24,25.86,21.2,21.6
54.48,2733,141.6,10,0,-57.2,3,9909,-3.21,0.05,112.6,131.8,95.2,98.2,24.24,25.86,21.2,21.6
54.52,2735,141.6,11,0,-56.3,3,9909,-3.19,0.05,112.6,131.8,95.2,98.2,24.24,25.86,21.2,21.6
54.56,2736,141.6,13,0,-55.2,3,9910,-3.16,0.06,112.6,131.8,95.2,98.2,24.24,25.86,21.21,21.61
54.6,2738,141.6,14,0,-56.1,3,9911,-3.14,0.06,112.6,131.8,95.3,98.3,24.24,25.86,21.21,21.61
54.64,2739,141.6,15,0,-54.5,3,9912,-3.12,0.07,112.6,131.8,95.3,98.3,24.24,25.86,21.21,21.61
54.68,2741,141.6,16,0,-54.8,3,9914,-3.1,0.07,112.6,131.8,95.3,98.3,24.24,25.86,21.21,21.61
54.72,2742,141.6,17,0,-54.9,3,9915,-3.07,0.08,112.6,131.8,95.4,98.4,24.24,25.86,21.22,21.62
54.76,2744,141.7,18,0,-53.5,3,9916,-3.05,0.08,112.6,131.8,95.4,98.4,24.24,25.86,21.22,21.62
54.8,2746,141.7,19,0,-53.4,3,9917,-3.03,0.09,112.6,131.8,95.4,98.4,24.24,25.86,21.22,21.62
54.84,2747,141.7,19,0,-53.2,3,9919,-3,0.09,112.6,131.8,95.5,98.5,24.24,25.86,21.22,21.62
54.88,2749,141.7,20,0,-52.6,3,9920,-2.98,0.1,112.6,131.8,95.5,98.5,24.24,25.86,21.23,21.63
54.92,2750,141.7,21,0,-50.9,3,9922,-2.96,0.11,112.6,131.8,95.6,98.6,24.24,25.86,21.23,21.63
54.96,2752,141.8,22,0,-51.7,3,9923,-2.93,0.11,112.6,131.8,95.6,98.6,24.24,25.86,21.23,21.63
55,2753,141.8,23,0,-50.1,3,9925,-2.91,0.12,112.6,131.8,95.6,98.6,24.24,25.86,21.23,21.63
55.04,2755,141.8,24,0,-50.3,3,9927,-2.89,0.12,112.6,131.8,95.7,98.7,24.24,25.86,21.24,21.64
55.08,2757,141.8,25,0,-49.1,3,9929,-2.87,0.13,112.6,131.8,95.7,98.7,24.24,25.86,21.24,21.64
55.12,2758,141.9,26,0,-48.6,3,9930,-2.84,0.13,112.6,131.8,95.7,98.7,24.24,25.86,21.24,21.64
55.16,2760,141.9,27,0,-48.5,3,9932,-2.82,0.14,112.6,131.8,95.8,98.8,24.24,25.86,21.24,21.64
55.2,2761,141.9,28,0,-47.3,3,9934,-2.8,0.14,112.6,131.8,95.8,98.8,24.24,25.86,21.25,21.65
55.24,2763,141.9,29,0,-47.3,3,9936,-2.77,0.15,112.6,131.8,95.8,98.8,24.24,25.86,21.25,21.65
55.28,2764,142,30,0,-46.7,3,9939,-2.75,0.16,112.6,131.8,95.9,98.9,24.24,25.86,21.25,21.65
55.32,2766,142,31,0,-46.6,3,9941,-2.73,0.16,112.6,131.8,95.9,98.9,24.24,25.86,21.26,21.66
55.36,2768,142,31,0,-46.6,3,9943,-2.7,0.17,112.6,131.8,95.9,98.9,24.24,25.86,21.26,21.66
55.4,2769,142.1,32,0,-45.4,3,9945,-2.68,0.17,112.6,131.8,96,99,24.24,25.86,21.26,21.66
55.44,2771,142.1,33,0,-43.9,3,9948,-2.66,0.18,112.6,131.8,96,99,24.24,25.86,21.26,21.66
55.48,2772,142.1,34,0,-43.6,3,9950,-2.63,0.18,112.6,131.8,96,99,24.24,25.86,21.27,21.67
55.52,2774,142.2,35,0,-43.8,3,9953,-2.61,0.19,112.6,131.8,96.1,99.1,24.24,25.86,21.27,21.67
55.56,2776,142.2,36,0,-43.6,3,9955,-2.59,0.19,112.6,131.8,96.1,99.1,24.24,25.86,21.27,21.67
55.6,2777,142.3,37,0,-42.6,3,9958,-2.57,0.2,112.6,131.8,96.1,99.1,24.24,25.86,21.27,21.67
55.64,2779,142.3,38,0,-42.4,3,9960,-2.54,0.21,112.6,131.8,96.2,99.2,24.24,25.86,21.28,21.68
55.68,2780,142.3,38,0,-41.4,3,9963,-2.52,0.21,112.6,131.8,96.2,99.2,24.24,25.86,21.28,21.68
55.72,2782,142.4,39,0,-41.1,3,9966,-2.5,0.22,112.6,131.8,96.3,99.3,24.24,25.86,21.28,21.68
55.76,2783,142.4,40,0,-40.6,3,9969,-2.47,0.22,112.6,131.8,96.3,99.3,24.24,25.86,21.28,21.68
55.8,2785,142.5,41,0,-40.3,3,9972,-2.45,0.23,112.6,131.8,96.3,99.3,24.24,25.86,21.29,21.69
55.84,2787,142.5,42,0,-39.2,3,9975,-2.43,0.23,112.6,131.8,96.4,99.4,24.24,25.86,21.29,21.69
55.88,2788,142.5,43,0,-38.8,3,9978,-2.4,0.24,112.6,131.8,96.4,99.4,24.24,25.86,21.29,21.69
55.92,2790,142.6,43,0,-38.5,3,9981,-2.38,0.24,112.6,131.8,96.4,99.4,24.24,25.86,21.29,21.69
55.96,2791,142.6,44,0,-37.5,3,9984,-2.36,0.25,112.6,131.8,96.5,99.5,24.24,25.86,21.3,21.7
56,2793,142.7,45,0,-37.6,3,9987,-2.33,0.25,112.6,131.8,96.5,99.5,24.24,25.86,21.3,21.7
56.04,2795,142.7,46,0,-36.2,3,9991,-2.31,0.26,112.6,131.8,96.5,99.5,24.24,25.86,21.3,21.7
56.08,2796,142.8,47,0,-36.5,3,9994,-2.29,0.27,112.6,131.8,96.6,99.6,24.24,25.86,21.3,21.7
56.12,2798,142.8,48,0,-35.9,3,9997,-2.26,0.27,112.6,131.8,96.6,99.6,24.24,25.86,21.31,21.71
56.16,2799,142.9,48,0,-34.9,3,10001,-2.24,0.28,112.6,131.8,96.6,99.6,24.24,25.86,21.31,21.71
56.2,2801,142.9,49,0,-34.5,3,10004,-2.22,0.28,112.6,131.8,96.7,99.7,24.24,25.86,21.31,21.71
56.24,2802,143,50,0,-34.1,3,10008,-2.19,0.29,112.6,131.8,96.7,99.7,24.24,25.86,21.32,21.72
56.28,2804,143,51,0,-33.5,3,10011,-2.17,0.29,112.6,131.8,96.7,99.7,24.24,25.86,21.32,21.72
56.32,2806,143.1,52,0,-33.6,3,10015,-2.15,0.3,112.6,131.8,96.8,99.8,24.24,25.86,21.32,21.72
56.36,2807,143.1,53,0,-32.7,3,10019,-2.12,0.3,112.6,131.8,96.8,99.8,24.24,25.86,21.32,21.72
56.4,2809,143.2,53,0,-31.8,3,10023,-2.1,0.31,112.6,131.8,96.8,99.8,24.24,25.86,21.33,21.73
56.44,2810,143.2,54,0,-31.1,3,10026,-2.08,0.32,112.6,131.8,96.9,99.9,24.24,25.86,21.33,21.73
56.48,2812,143.3,55,0,-30.8,3,10030,-2.05,0.32,112.6,131.8,96.9,99.9,24.24,25.86,21.33,21.73
56.52,2814,143.3,56,0,-30.4,3,10034,-2.03,0.33,112.6,131.8,97,100,24.24,25.86,21.33,21.73
56.56,2815,143.4,57,0,-29.3,3,10038,-2.01,0.33,112.6,131.8,97,100,24.24,25.86,21.34,21.74
56.6,2817,143.5,57,0,-29.9,3,10042,-1.99,0.34,112.6,131.8,97,100,24.24,25.86,21.34,21.74
56.64,2818,143.5,58,0,-27.9,3,10046,-1.96,0.34,112.6,131.8,97.1,100.1,24.24,25.86,21.34,21.74
56.68,2820,143.6,59,0,-28.2,3,10051,-1.94,0.35,112.6,131.8,97.1,100.1,24.24,25.86,21.34,21.74
56.72,2822,143.6,60,0,-27.8,3,10055,-1.92,0.35,112.6,131.8,97.1,100.1,24.24,25.86,21.35,21.75
56.76,2823,143.7,61,0,-27.5,3,10059,-1.89,0.36,112.6,131.8,97.2,100.2,24.24,25.86,21.35,21.75
56.8,2825,143.8,61,0,-26.6,3,10064,-1.87,0.37,112.6,131.8,97.2,100.2,24.24,25.86,21.35,21.75
56.84,2826,143.8,62,0,-26.1,3,10068,-1.85,0.37,112.6,131.8,97.2,100.2,24.24,25.86,21.35,21.75
56.88,2828,143.9,63,0,-25.5,3,10072,-1.82,0.38,112.6,131.8,97.3,100.3,24.24,25.86,21.36,21.76
56.92,2830,144,64,0,-25.6,3,10077,-1.8,0.38,112.6,131.8,97.3,100.3,24.24,25.86,21.36,21.76
56.96,2831,144,65,0,-24.9,3,10081,-1.77,0.39,112.6,131.8,97.3,100.3,24.24,25.86,21.36,21.76
57,2833,144.1,65,0,-24.3,3,10086,-1.75,0.39,112.6,131.8,97.4,100.4,24.24,25.86,21.37,21.77
57.04,2834,144.2,66,0,-23.7,3,10091,-1.73,0.4,112.6,131.8,97.4,100.4,24.24,25.86,21.37,21.77
57.08,2836,144.2,67,0,-23.1,3,10095,-1.7,0.41,112.6,131.8,97.4,100.4,24.24,25.86,21.37,21.77
57.12,2838,144.3,68,0,-21.7,3,10100,-1.68,0.41,112.6,131.8,97.5,100.5,24.24,25.86,21.37,21.77
57.16,2839,144.4,68,0,-22.4,3,10105,-1.66,0.42,112.6,131.8,97.5,100.5,24.24,25.86,21.38,21.78
57.2,2841,144.4,69,0,-21.7,3,10110,-1.63,0.42,112.6,131.8,97.5,100.5,24.24,25.86,21.38,21.78
57.24,2842,144.5,70,0,-21,3,10115,-1.61,0.43,112.6,131.8,97.6,100.6,24.24,25.86,21.38,21.78
57.28,2844,144.6,71,0,-20.7,3,10120,-1.59,0.43,112.6,131.8,97.6,100.6,24.24,25.86,21.38,21.78
57.32,2846,144.6,72,0,-20.2,3,10125,-1.56,0.44,112.6,131.8,97.7,100.7,24.24,25.86,21.39,21.79
57.36,2847,144.7,72,0,-19,3,10130,-1.54,0.44,112.6,131.8,97.7,100.7,24.24,25.86,21.39,21.79
57.4,2849,144.8,73,0,-18.7,3,10135,-1.52,0.45,112.6,131.8,97.7,100.7,24.24,25.86,21.39,21.79
57.44,2850,144.9,74,0,-18.3,3,10140,-1.49,0.46,112.6,131.8,97.8,100.8,24.24,25.86,21.39,21.79
57.48,2852,144.9,75,0,-17.6,3,10145,-1.47,0.46,112.6,131.8,97.8,100.8,24.24,25.86,21.4,21.8
57.52,2854,145,75,0,-16.8,3,10151,-1.45,0.47,112.6,131.8,97.8,100.8,24.24,25.86,21.4,21.8
57.56,2855,145.1,76,0,-16.4,3,10156,-1.42,0.47,112.6,131.8,97.9,100.9,24.24,25.86,21.4,21.8
57.6,2857,145.2,77,0,-16.9,3,10161,-1.4,0.48,112.6,131.8,97.9,100.9,24.24,25.86,21.4,21.8
57.64,2858,145.2,78,0,-16,3,10167,-1.38,0.48,112.6,131.8,97.9,100.9,24.24,25.86,21.41,21.81
57.68,2860,145.3,79,0,-14.7,3,10172,-1.35,0.49,112.6,131.8,98,101,24.24,25.86,21.41,21.81
57.72,2862,145.4,79,0,-14.7,3,10178,-1.33,0.5,112.6,131.8,98,101,24.24,25.86,21.41,21.81
57.76,2863,145.5,80,0,-14,3,10184,-1.3,0.5,112.6,131.8,98,101,24.24,25.86,21.42,21.82
57.8,2865,145.6,81,0,-13.8,3,10189,-1.28,0.51,112.6,131.8,98.1,101.1,24.24,25.86,21.42,21.82
57.84,2867,145.6,82,0,-13.2,3,10195,-1.26,0.51,112.6,131.8,98.1,101.1,24.24,25.86,21.42,21.82
57.88,2868,145.7,82,0,-12.4,3,10201,-1.23,0.52,112.6,131.8,98.1,101.1,24.24,25.86,21.42,21.82
57.92,2870,145.8,83,0,-12.4,3,10206,-1.21,0.52,112.6,131.8,98.2,101.2,24.24,25.86,21.43,21.83
57.96,2871,145.9,84,0,-11.8,3,10212,-1.19,0.53,112.6,131.8,98.2,101.2,24.24,25.86,21.43,21.83
58,2873,146,85,0,-10.9,3,10218,-1.16,0.53,112.6,131.8,98.2,101.2,24.24,25.86,21.43,21.83
58.04,2875,146.1,85,0,-10,3,10224,-1.14,0.54,112.6,131.8,98.3,101.3,24.24,25.86,21.43,21.83
58.08,2876,146.1,86,0,-10.4,3,10230,-1.12,0.55,112.6,131.8,98.3,101.3,24.24,25.86,21.44,21.84
58.12,2878,146.2,87,0,-9.6,3,10236,-1.09,0.55,112.6,131.8,98.4,101.4,24.24,25.86,21.44,21.84
58.16,2879,146.3,88,0,-8.9,3,10242,-1.07,0.56,112.6,131.8,98.4,101.4,24.24,25.86,21.44,21.84
58.2,2881,146.4,89,0,-8.6,3,10248,-1.04,0.56,112.6,131.8,98.4,101.4,24.24,25.86,21.44,21.84
58.24,2883,146.5,89,0,-7.6,3,10255,-1.02,0.57,112.6,131.8,98.5,101.5,24.24,25.86,21.45,21.85
58.28,2884,146.6,90,0,-6.2,3,10261,-1,0.57,112.6,131.8,98.5,101.5,24.24,25.86,21.45,21.85
58.32,2886,146.7,91,0,-6.1,3,10267,-0.97,0.58,112.6,131.8,98.5,101.5,24.24,25.86,21.45,21.85
58.36,2888,146.8,92,0,-6.3,3,10274,-0.95,0.59,112.6,131.8,98.6,101.6,24.24,25.86,21.45,21.85
58.4,2889,146.9,92,0,-6.3,3,10280,-0.92,0.59,112.6,131.8,98.6,101.6,24.24,25.86,21.46,21.86
58.44,2891,146.9,93,0,-5.1,3,10286,-0.9,0.6,112.6,131.8,98.6,101.6,24.24,25.86,21.46,21.86
58.48,2893,147,94,0,-5.1,3,10293,-0.88,0.6,112.6,131.8,98.7,101.7,24.24,25.86,21.46,21.86
58.52,2894,147.1,95,0,-3.7,3,10299,-0.85,0.61,112.6,131.8,98.7,101.7,24.24,25.86,21.47,21.87
58.56,2896,147.2,95,0,-2.9,3,10306,-0.83,0.61,112.6,131.8,98.7,101.7,24.24,25.86,21.47,21.87
58.6,2897,147.3,96,0,-2.4,3,10313,-0.81,0.62,112.6,131.8,98.8,101.8,24.24,25.86,21.47,21.87
58.64,2899,147.4,97,0,-2.3,3,10319,-0.78,0.63,112.6,131.8,98.8,101.8,24.24,25.86,21.47,21.87
58.68,2901,147.5,98,0,-1.6,3,10326,-0.76,0.63,112.6,131.8,98.8,101.8,24.24,25.86,21.48,21.88
58.72,2902,147.6,98,0,-0.5,3,10333,-0.73,0.64,112.6,131.8,98.9,101.9,24.24,25.86,21.48,21.88
58.76,2904,147.7,99,0,-0.3,3,10340,-0.71,0.64,112.6,131.8,98.9,101.9,24.24,25.86,21.48,21.88
58.8,2906,147.8,100,0,-0.1,3,10346,-0.69,0.65,112.6,131.8,98.9,101.9,24.24,25.86,21.48,21.88
58.84,2907,147.9,100,0,-0.2,3,10352,0.01,0.06,112.6,131.7,98.9,101.9,24.24,25.86,21.48,21.88
58.88,2909,148,100,0,-0.3,3,10358,0.01,0.06,112.6,131.7,98.9,101.9,24.24,25.85,21.48,21.88
58.92,2911,148.1,100,0,0.4,3,10364,0,0.06,112.6,131.7,98.9,101.9,24.24,25.85,21.48,21.88
58.96,2912,148.1,100,0,-0.2,3,10370,-0.01,0.06,112.5,131.7,98.9,101.9,24.24,25.85,21.48,21.88
59,2914,148.2,100,0,0,3,10376,0.02,0.06,112.5,131.7,98.9,101.9,24.24,25.85,21.48,21.88
59.04,2915,148.3,100,0,0.1,3,10381,-0.03,0.06,112.5,131.7,98.9,101.9,24.24,25.85,21.48,21.88
59.08,2917,148.4,100,0,-0.4,3,10387,-0.01,0.06,112.5,131.7,98.9,101.9,24.24,25.85,21.48,21.88
59.12,2919,148.5,100,0,0.5,3,10393,0,0.06,112.5,131.7,98.8,101.8,24.24,25.85,21.48,21.88
59.16,2920,148.6,100,0,-0.5,3,10399,-0.01,0.06,112.5,131.6,98.8,101.8,24.24,25.85,21.48,21.88
59.2,2922,148.6,100,0,0.5,3,10404,-0.02,0.06,112.5,131.6,98.8,101.8,24.24,25.85,21.47,21.87
59.24,2924,148.7,100,0,-0.1,3,10410,-0.02,0.06,112.5,131.6,98.8,101.8,24.23,25.85,21.47,21.87
59.28,2925,148.8,100,0,-0.2,3,10416,-0.01,0.06,112.5,131.6,98.8,101.8,24.23,25.85,21.47,21.87
59.32,2927,148.9,100,0,0.1,3,10421,-0.03,0.06,112.4,131.6,98.8,101.8,24.23,25.85,21.47,21.87
59.36,2929,149,100,0,-0.1,3,10427,0.01,0.06,112.4,131.6,98.8,101.8,24.23,25.84,21.47,21.87
59.4,2930,149,100,0,0,3,10433,0,0.06,112.4,131.6,98.8,101.8,24.23,25.84,21.47,21.87
59.44,2932,149.1,100,0,-0.4,3,10438,0.01,0.06,112.4,131.6,98.8,101.8,24.23,25.84,21.47,21.87
59.48,2934,149.2,100,0,0.4,3,10444,-0.01,0.06,112.4,131.6,98.7,101.7,24.23,25.84,21.47,21.87
59.52,2935,149.3,100,0,-0.6,3,10450,0.03,0.06,112.4,131.5,98.7,101.7,24.23,25.84,21.47,21.87
59.56,2937,149.4,100,0,-0.5,3,10455,0.01,0.06,112.4,131.5,98.7,101.7,24.23,25.84,21.47,21.87
59.6,2939,149.4,100,0,0.4,3,10461,-0.02,0.06,112.4,131.5,98.7,101.7,24.23,25.84,21.47,21.87
59.64,2940,149.5,100,0,-0.1,3,10466,-0.02,0.06,112.3,131.5,98.7,101.7,24.23,25.84,21.46,21.86
59.68,2942,149.6,100,0,-0.4,3,10472,-0.01,0.06,112.3,131.5,98.7,101.7,24.22,25.84,21.46,21.86
59.72,2944,149.7,100,0,0.5,3,10477,-0.01,0.06,112.3,131.5,98.7,101.7,24.22,25.84,21.46,21.86
59.76,2945,149.8,100,0,-0.4,3,10483,0,0.06,112.3,131.5,98.7,101.7,24.22,25.84,21.46,21.86
59.8,2947,149.8,100,0,0,3,10489,-0.03,0.06,112.3,131.5,98.6,101.6,24.22,25.83,21.46,21.86
59.84,2949,149.9,100,0,0.2,3,10494,0.01,0.06,112.3,131.4,98.6,101.6,24.22,25.83,21.46,21.86
59.88,2950,150,100,0,0.6,3,10500,0,0.06,112.3,131.4,98.6,101.6,24.22,25.83,21.46,21.86
59.92,2952,150.1,100,0,-1.2,3,10505,0.01,0.06,112.3,131.4,98.6,101.6,24.22,25.83,21.46,21.86
59.96,2954,150.1,100,0,0,3,10510,0,0.06,112.2,131.4,98.6,101.6,24.22,25.83,21.46,21.86
60,2955,150.2,100,0,0.2,3,10516,0.01,0.06,112.2,131.4,98.6,101.6,24.22,25.83,21.46,21.86
60.04,2957,150.3,100,0,-0.3,3,10521,0,0.06,112.2,131.4,98.6,101.6,24.22,25.83,21.46,21.86
60.08,2959,150.4,100,0,0.3,3,10527,0.02,0.05,112.2,131.4,98.6,101.6,24.22,25.83,21.45,21.85
60.12,2960,150.5,100,0,0.3,3,10532,-0.03,0.05,112.2,131.4,98.5,101.5,24.22,25.83,21.45,21.85
60.16,2962,150.5,100,0,-0.3,3,10538,-0.01,0.05,112.2,131.3,98.5,101.5,24.21,25.83,21.45,21.85
60.2,2964,150.6,100,0,-0.7,3,10543,0.05,0.05,112.2,131.3,98.5,101.5,24.21,25.83,21.45,21.85
60.24,2965,150.7,100,0,0,3,10548,0.04,0.05,112.2,131.3,98.5,101.5,24.21,25.82,21.45,21.85
60.28,2967,150.8,100,0,0.2,3,10554,-0.01,0.05,112.2,131.3,98.5,101.5,24.21,25.82,21.45,21.85
60.32,2969,150.8,100,0,0.2,3,10559,-0.02,0.05,112.1,131.3,98.5,101.5,24.21,25.82,21.45,21.85
60.36,2970,150.9,100,0,-0.2,3,10565,-0.02,0.05,112.1,131.3,98.5,101.5,24.21,25.82,21.45,21.85
60.4,2972,151,100,0,-0.1,3,10570,-0.02,0.05,112.1,131.3,98.5,101.5,24.21,25.82,21.45,21.85
60.44,2974,151.1,100,0,-0.5,3,10575,-0.02,0.05,112.1,131.3,98.5,101.5,24.21,25.82,21.45,21.85
60.48,2975,151.2,100,0,-0.6,3,10581,-0.01,0.05,112.1,131.3,98.4,101.4,24.21,25.82,21.45,21.85
60.52,2977,151.2,100,0,0,3,10586,-0.02,0.05,112.1,131.2,98.4,101.4,24.21,25.82,21.44,21.84
60.56,2979,151.3,100,0,-0.7,3,10591,-0.02,0.05,112.1,131.2,98.4,101.4,24.21,25.82,21.44,21.84
60.6,2980,151.4,100,0,0.2,3,10596,0.02,0.05,112.1,131.2,98.4,101.4,24.2,25.82,21.44,21.84
60.64,2982,151.5,100,0,0,3,10602,0.01,0.05,112,131.2,98.4,101.4,24.2,25.82,21.44,21.84
60.68,2984,151.5,100,0,-0.5,3,10607,0.04,0.05,112,131.2,98.4,101.4,24.2,25.81,21.44,21.84
60.72,2985,151.6,100,0,0.3,3,10612,-0.01,0.05,112,131.2,98.4,101.4,24.2,25.81,21.44,21.84
60.76,2987,151.7,100,0,0.3,3,10617,-0.02,0.05,112,131.2,98.4,101.4,24.2,25.81,21.44,21.84
60.8,2989,151.8,100,0,0.4,3,10623,-0.02,0.05,112,131.2,98.3,101.3,24.2,25.81,21.44,21.84
60.84,2991,151.8,100,0,0.4,3,10628,0.01,0.05,112,131.1,98.3,101.3,24.2,25.81,21.44,21.84
60.88,2992,151.9,100,0,-0.1,3,10633,0.02,0.05,112,131.1,98.3,101.3,24.2,25.81,21.44,21.84
60.92,2994,152,100,0,0.1,3,10638,-0.01,0.05,112,131.1,98.3,101.3,24.2,25.81,21.44,21.84
60.96,2996,152,100,0,-0.5,3,10643,0.01,0.05,111.9,131.1,98.3,101.3,24.2,25.81,21.43,21.83
61,2997,152.1,100,0,0.3,3,10649,0,0.05,111.9,131.1,98.3,101.3,24.2,25.81,21.43,21.83
61.04,2999,152.2,100,0,-0.3,3,10654,0.03,0.05,111.9,131.1,98.3,101.3,24.19,25.81,21.43,21.83
61.08,3001,152.3,100,0,0.3,3,10659,-0.03,0.05,111.9,131.1,98.3,101.3,24.19,25.81,21.43,21.83
61.12,3002,152.3,100,0,-0.2,3,10664,0.02,0.05,111.9,131.1,98.2,101.2,24.19,25.8,21.43,21.83
61.16,3004,152.4,100,0,0.7,3,10669,-0.02,0.05,111.9,131,98.2,101.2,24.19,25.8,21.43,21.83
61.2,3006,152.5,100,0,-0.6,3,10674,0.01,0.05,111.9,131,98.2,101.2,24.19,25.8,21.43,21.83
61.24,3007,152.6,100,0,-0.1,3,10679,-0.01,0.05,111.9,131,98.2,101.2,24.19,25.8,21.43,21.83
61.28,3009,152.6,100,0,-0.1,3,10684,0,0.05,111.9,131,98.2,101.2,24.19,25.8,21.43,21.83
61.32,3011,152.7,100,0,0.1,3,10689,-0.01,0.05,111.8,131,98.2,101.2,24.19,25.8,21.43,21.83
61.36,3013,152.8,100,0,0.1,3,10695,0,0.05,111.8,131,98.2,101.2,24.19,25.8,21.43,21.83
61.4,3014,152.9,100,0,-0.2,3,10700,0.01,0.05,111.8,131,98.2,101.2,24.19,25.8,21.42,21.82
61.44,3016,152.9,100,0,0,3,10705,-0.02,0.05,111.8,131,98.2,101.2,24.19,25.8,21.42,21.82
61.48,3018,153,100,0,-0.4,3,10710,0.01,0.05,111.8,131,98.1,101.1,24.18,25.8,21.42,21.82
61.52,3019,153.1,100,0,-0.1,3,10715,-0.03,0.05,111.8,130.9,98.1,101.1,24.18,25.8,21.42,21.82
61.56,3021,153.1,100,0,-0.9,3,10720,0.01,0.05,111.8,130.9,98.1,101.1,24.18,25.79,21.42,21.82
61.6,3023,153.2,100,0,-0.2,3,10725,0.01,0.05,111.8,130.9,98.1,101.1,24.18,25.79,21.42,21.82
61.64,3024,153.3,100,0,0.4,3,10730,0.02,0.05,111.7,130.9,98.1,101.1,24.18,25.79,21.42,21.82
61.68,3026,153.4,100,0,-0.2,3,10735,-0.02,0.05,111.7,130.9,98.1,101.1,24.18,25.79,21.42,21.82
61.72,3028,153.4,100,0,0.2,3,10740,0.01,0.05,111.7,130.9,98.1,101.1,24.18,25.79,21.42,21.82
61.76,3030,153.5,100,0,0.3,3,10744,0.01,0.05,111.7,130.9,98.1,101.1,24.18,25.79,21.42,21.82
61.8,3031,153.6,100,0,-0.3,3,10749,-0.01,0.05,111.7,130.9,98,101,24.18,25.79,21.42,21.82
61.84,3033,153.6,100,0,-0.2,3,10754,0.03,0.05,111.7,130.8,98,101,24.18,25.79,21.42,21.82
61.88,3035,153.7,100,0,0,3,10759,0,0.05,111.7,130.8,98,101,24.18,25.79,21.41,21.81
61.92,3036,153.8,100,0,-0.3,3,10764,0,0.05,111.7,130.8,98,101,24.17,25.79,21.41,21.81
61.96,3038,153.8,100,0,-0.3,3,10769,0,0.05,111.6,130.8,98,101,24.17,25.79,21.41,21.81
62,3040,153.9,100,0,0.6,3,10774,0,0.05,111.6,130.8,98,101,24.17,25.78,21.41,21.81
62.04,3041,154,100,0,-0.6,3,10779,0.01,0.05,111.6,130.8,98,101,24.17,25.78,21.41,21.81
62.08,3043,154.1,100,0,0,3,10784,0.03,0.05,111.6,130.8,98,101,24.17,25.78,21.41,21.81
62.12,3045,154.1,100,0,0.4,3,10788,0,0.05,111.6,130.8,97.9,100.9,24.17,25.78,21.41,21.81
62.16,3047,154.2,100,0,-0.9,3,10793,0.01,0.05,111.6,130.7,97.9,100.9,24.17,25.78,21.41,21.81
62.2,3048,154.3,100,0,-0.3,3,10798,-0.02,0.05,111.6,130.7,97.9,100.9,24.17,25.78,21.41,21.81
62.24,3050,154.3,100,0,-0.2,3,10803,-0.01,0.05,111.6,130.7,97.9,100.9,24.17,25.78,21.41,21.81
62.28,3052,154.4,100,0,-0.6,3,10808,-0.01,0.05,111.6,130.7,97.9,100.9,24.17,25.78,21.41,21.81
62.32,3053,154.5,100,0,-0.3,3,10813,0.02,0.05,111.5,130.7,97.9,100.9,24.17,25.78,21.4,21.8
62.36,3055,154.5,100,0,0,3,10817,0,0.05,111.5,130.7,97.9,100.9,24.16,25.78,21.4,21.8
62.4,3057,154.6,100,0,-1.5,3,10822,-0.03,0.05,111.5,130.7,97.9,100.9,24.16,25.78,21.4,21.8
62.44,3059,154.7,100,0,-0.1,3,10827,-0.02,0.05,111.5,130.7,97.9,100.9,24.16,25.77,21.4,21.8
62.48,3060,154.7,100,0,-0.1,3,10832,-0.02,0.05,111.5,130.7,97.8,100.8,24.16,25.77,21.4,21.8
62.52,3062,154.8,100,0,-0.2,3,10836,0,0.05,111.5,130.6,97.8,100.8,24.16,25.77,21.4,21.8
62.56,3064,154.9,100,0,0.5,3,10841,0,0.05,111.5,130.6,97.8,100.8,24.16,25.77,21.4,21.8
62.6,3065,154.9,100,0,-0.2,3,10846,0,0.05,111.5,130.6,97.8,100.8,24.16,25.77,21.4,21.8
62.64,3067,155,100,0,-0.3,3,10851,0.01,0.05,111.4,130.6,97.8,100.8,24.16,25.77,21.4,21.8
62.68,3069,155.1,100,0,-0.3,3,10855,0.01,0.05,111.4,130.6,97.8,100.8,24.16,25.77,21.4,21.8
62.72,3071,155.1,100,0,0.4,3,10860,0.01,0.05,111.4,130.6,97.8,100.8,24.16,25.77,21.4,21.8
62.76,3072,155.2,100,0,-0.2,3,10865,0.01,0.05,111.4,130.6,97.8,100.8,24.16,25.77,21.39,21.79
62.8,3074,155.3,100,0,0,3,10869,-0.01,0.05,111.4,130.6,97.7,100.7,24.15,25.77,21.39,21.79
62.84,3076,155.3,100,0,0.2,3,10874,0.01,0.05,111.4,130.5,97.7,100.7,24.15,25.77,21.39,21.79
62.88,3078,155.4,100,0,-0.3,3,10879,-0.01,0.05,111.4,130.5,97.7,100.7,24.15,25.76,21.39,21.79
62.92,3079,155.5,100,0,0.6,3,10883,0.02,0.05,111.4,130.5,97.7,100.7,24.15,25.76,21.39,21.79
62.96,3081,155.5,100,0,0.2,3,10888,0.01,0.05,111.3,130.5,97.7,100.7,24.15,25.76,21.39,21.79
63,3083,155.6,100,0,0.5,3,10892,0,0.05,111.3,130.5,97.7,100.7,24.15,25.76,21.39,21.79
63.04,3084,155.7,100,0,0.9,3,10897,0.01,0.05,111.3,130.5,97.7,100.7,24.15,25.76,21.39,21.79
63.08,3086,155.7,100,0,0,3,10902,-0.02,0.05,111.3,130.5,97.7,100.7,24.15,25.76,21.39,21.79
63.12,3088,155.8,100,0,0.4,3,10906,0.01,0.05,111.3,130.5,97.6,100.6,24.15,25.76,21.39,21.79
63.16,3090,155.9,100,0,0.1,3,10911,-0.01,0.05,111.3,130.4,97.6,100.6,24.15,25.76,21.39,21.79
63.2,3091,155.9,100,0,0.1,3,10915,0.01,0.05,111.3,130.4,97.6,100.6,24.15,25.76,21.38,21.78
63.24,3093,156,100,0,0.1,3,10920,0,0.05,111.3,130.4,97.6,100.6,24.14,25.76,21.38,21.78
63.28,3095,156.1,100,0,-0.1,3,10924,0,0.05,111.3,130.4,97.6,100.6,24.14,25.76,21.38,21.78
63.32,3097,156.1,100,0,0,3,10929,0.01,0.05,111.2,130.4,97.6,100.6,24.14,25.76,21.38,21.78
63.36,3098,156.2,100,0,0.3,3,10933,0,0.05,111.2,130.4,97.6,100.6,24.14,25.75,21.38,21.78
63.4,3100,156.3,100,0,-0.1,3,10938,0.02,0.05,111.2,130.4,97.6,100.6,24.14,25.75,21.38,21.78
63.44,3102,156.3,100,0,0.3,3,10942,0.02,0.05,111.2,130.4,97.6,100.6,24.14,25.75,21.38,21.78
63.48,3104,156.4,100,0,0.3,3,10947,0,0.05,111.2,130.4,97.5,100.5,24.14,25.75,21.38,21.78
63.52,3105,156.4,100,0,-0.1,3,10951,0,0.05,111.2,130.3,97.5,100.5,24.14,25.75,21.38,21.78
63.56,3107,156.5,100,0,0.1,3,10956,-0.02,0.05,111.2,130.3,97.5,100.5,24.14,25.75,21.38,21.78
63.6,3109,156.6,100,0,0,3,10960,0.01,0.05,111.2,130.3,97.5,100.5,24.14,25.75,21.38,21.78
63.64,3110,156.6,100,0,0.3,3,10965,0,0.05,111.1,130.3,97.5,100.5,24.14,25.75,21.37,21.77
63.68,3112,156.7,100,0,-0.1,3,10969,0,0.04,111.1,130.3,97.5,100.5,24.13,25.75,21.37,21.77
63.72,3114,156.8,100,0,-0.2,3,10974,-0.03,0.04,111.1,130.3,97.5,100.5,24.13,25.75,21.37,21.77
63.76,3116,156.8,100,0,-0.4,3,10978,-0.02,0.04,111.1,130.3,97.5,100.5,24.13,25.75,21.37,21.77
63.8,3117,156.9,100,0,0.3,3,10983,0.03,0.04,111.1,130.3,97.4,100.4,24.13,25.74,21.37,21.77
63.84,3119,157,100,0,0.1,3,10987,-0.02,0.04,111.1,130.2,97.4,100.4,24.13,25.74,21.37,21.77
63.88,3121,157,100,0,-0.6,3,10991,-0.01,0.04,111.1,130.2,97.4,100.4,24.13,25.74,21.37,21.77
63.92,3123,157.1,100,0,-0.1,3,10996,-0.01,0.04,111.1,130.2,97.4,100.4,24.13,25.74,21.37,21.77
63.96,3124,157.1,100,0,0.6,3,11000,0,0.04,111,130.2,97.4,100.4,24.13,25.74,21.37,21.77
64,3126,157.2,100,0,0.2,3,11004,-0.04,0.04,111,130.2,97.4,100.4,24.13,25.74,21.37,21.77
64.04,3128,157.3,100,0,0.1,3,11009,-0.02,0.04,111,130.2,97.4,100.4,24.13,25.74,21.37,21.77
64.08,3130,157.3,100,0,0.3,3,11013,0.05,0.04,111,130.2,97.4,100.4,24.13,25.74,21.36,21.76
64.12,3131,157.4,100,0,0.3,3,11017,0.01,0.04,111,130.2,97.3,100.3,24.13,25.74,21.36,21.76
64.16,3133,157.5,100,0,0.8,3,11022,-0.01,0.04,111,130.1,97.3,100.3,24.12,25.74,21.36,21.76
64.2,3135,157.5,100,0,0.3,3,11026,0,0.04,111,130.1,97.3,100.3,24.12,25.74,21.36,21.76
64.24,3137,157.6,100,0,-0.2,3,11030,-0.01,0.04,111,130.1,97.3,100.3,24.12,25.73,21.36,21.76
64.28,3138,157.6,100,0,-0.4,3,11035,-0.04,0.04,111,130.1,97.3,100.3,24.12,25.73,21.36,21.76
64.32,3140,157.7,100,0,-0.3,3,11039,0.01,0.04,110.9,130.1,97.3,100.3,24.12,25.73,21.36,21.76
64.36,3142,157.8,100,0,0.3,3,11043,0.02,0.04,110.9,130.1,97.3,100.3,24.12,25.73,21.36,21.76
64.4,3144,157.8,100,0,0.3,3,11048,0,0.04,110.9,130.1,97.3,100.3,24.12,25.73,21.36,21.76
64.44,3145,157.9,100,0,0.1,3,11052,0.01,0.04,110.9,130.1,97.3,100.3,24.12,25.73,21.36,21.76
64.48,3147,157.9,100,0,0.2,3,11056,-0.01,0.04,110.9,130.1,97.2,100.2,24.12,25.73,21.36,21.76
64.52,3149,158,100,0,-0.1,3,11060,0.01,0.04,110.9,130,97.2,100.2,24.12,25.73,21.35,21.75
64.56,3151,158.1,100,0,0.3,3,11064,-0.03,0.04,110.9,130,97.2,100.2,24.12,25.73,21.35,21.75
64.6,3152,158.1,100,0,-0.2,3,11069,0,0.04,110.9,130,97.2,100.2,24.11,25.73,21.35,21.75
64.64,3154,158.2,100,0,0.1,3,11073,-0.01,0.04,110.8,130,97.2,100.2,24.11,25.73,21.35,21.75
64.68,3156,158.2,100,0,0.7,3,11077,-0.01,0.04,110.8,130,97.2,100.2,24.11,25.72,21.35,21.75
64.72,3158,158.3,100,0,-0.7,3,11081,-0.01,0.04,110.8,130,97.2,100.2,24.11,25.72,21.35,21.75
64.76,3159,158.4,100,0,0.2,3,11085,0,0.04,110.8,130,97.2,100.2,24.11,25.72,21.35,21.75
64.8,3161,158.4,100,0,0.5,3,11090,0.02,0.04,110.8,130,97.1,100.1,24.11,25.72,21.35,21.75
64.84,3163,158.5,100,0,-0.5,3,11094,0.01,0.04,110.8,129.9,97.1,100.1,24.11,25.72,21.35,21.75
64.88,3165,158.5,100,0,0.2,3,11098,0.01,0.04,110.8,129.9,97.1,100.1,24.11,25.72,21.35,21.75
64.92,3167,158.6,100,0,-0.5,3,11102,0.01,0.04,110.8,129.9,97.1,100.1,24.11,25.72,21.35,21.75
64.96,3168,158.7,100,0,0.1,3,11106,0.03,0.04,110.7,129.9,97.1,100.1,24.11,25.72,21.34,21.74
65,3170,158.7,100,0,0,3,11110,0.02,0.04,110.7,129.9,97.1,100.1,24.11,25.72,21.34,21.74
65.04,3172,158.8,100,0,0.4,3,11114,0.03,0.04,110.7,129.9,97.1,100.1,24.1,25.72,21.34,21.74
65.08,3174,158.8,100,0,0.2,3,11119,-0.03,0.04,110.7,129.9,97.1,100.1,24.1,25.72,21.34,21.74
65.12,3175,158.9,100,0,0.1,3,11123,0,0.04,110.7,129.9,97,100,24.1,25.71,21.34,21.74
65.16,3177,159,100,0,0,3,11127,-0.03,0.04,110.7,129.8,97,100,24.1,25.71,21.34,21.74
65.2,3179,159,100,0,-0.1,3,11131,0.02,0.04,110.7,129.8,97,100,24.1,25.71,21.34,21.74
65.24,3181,159.1,100,0,0.2,3,11135,-0.01,0.04,110.7,129.8,97,100,24.1,25.71,21.34,21.74
65.28,3182,159.1,100,0,0.7,3,11139,0.03,0.04,110.7,129.8,97,100,24.1,25.71,21.34,21.74
65.32,3184,159.2,100,0,-0.3,3,11143,0.01,0.04,110.6,129.8,97,100,24.1,25.71,21.34,21.74
65.36,3186,159.2,100,0,-0.2,3,11147,-0.01,0.04,110.6,129.8,97,100,24.1,25.71,21.34,21.74
65.4,3188,159.3,100,0,0.1,3,11151,-0.01,0.04,110.6,129.8,97,100,24.1,25.71,21.33,21.73
65.44,3189,159.4,100,0,-0.3,3,11155,0,0.04,110.6,129.8,97,100,24.1,25.71,21.33,21.73
65.48,3191,159.4,100,0,0.3,3,11159,0.01,0.04,110.6,129.8,96.9,99.9,24.09,25.71,21.33,21.73
65.52,3193,159.5,100,0,0.6,3,11163,0.01,0.04,110.6,129.7,96.9,99.9,24.09,25.71,21.33,21.73
65.56,3195,159.5,100,0,0,3,11167,0,0.04,110.6,129.7,96.9,99.9,24.09,25.7,21.33,21.73
65.6,3197,159.6,100,0,-0.1,3,11171,-0.01,0.04,110.6,129.7,96.9,99.9,24.09,25.7,21.33,21.73
65.64,3198,159.6,100,0,0.1,3,11175,-0.02,0.04,110.5,129.7,96.9,99.9,24.09,25.7,21.33,21.73
65.68,3200,159.7,100,0,0.5,3,11179,0.04,0.04,110.5,129.7,96.9,99.9,24.09,25.7,21.33,21.73
65.72,3202,159.8,100,0,0.4,3,11183,0,0.04,110.5,129.7,96.9,99.9,24.09,25.7,21.33,21.73
65.76,3204,159.8,100,0,0.5,3,11187,0,0.04,110.5,129.7,96.9,99.9,24.09,25.7,21.33,21.73
65.8,3205,159.9,100,0,-0.1,3,11191,0.01,0.04,110.5,129.7,96.8,99.8,24.09,25.7,21.33,21.73
65.84,3207,159.9,100,0,0.2,3,11195,0,0.04,110.5,129.6,96.8,99.8,24.09,25.7,21.33,21.73
65.88,3209,160,100,0,0.6,3,11200,-0.01,0.04,110.5,129.6,96.8,99.8,24.09,25.7,21.32,21.72
65.92,3211,160.1,100,0,0,3,9860,-0.02,0.04,110.5,129.6,96.8,99.8,24.08,25.7,21.32,21.72
65.96,3213,160.1,100,0,-0.7,3,9863,0.01,0.04,110.4,129.6,96.8,99.8,24.08,25.7,21.32,21.72
66,3214,160.2,100,0,-0.6,3,9867,-0.02,0.04,110.4,129.6,96.8,99.8,24.08,25.69,21.32,21.72
66.04,3216,160.2,100,0,-0.4,3,9870,-0.02,0.04,110.4,129.6,96.8,99.8,24.08,25.69,21.32,21.72
66.08,3218,160.3,100,0,-0.3,3,9874,0,0.04,110.4,129.6,96.8,99.8,24.08,25.69,21.32,21.72
66.12,3220,160.3,100,0,-0.3,3,9877,-0.02,0.04,110.4,129.6,96.7,99.7,24.08,25.69,21.32,21.72
66.16,3221,160.4,100,0,0.4,3,9881,0,0.04,110.4,129.5,96.7,99.7,24.08,25.69,21.32,21.72
66.2,3223,160.5,100,0,0.1,3,9884,-0.02,0.04,110.4,129.5,96.7,99.7,24.08,25.69,21.32,21.72
66.24,3225,160.5,100,0,0.2,3,9888,0,0.04,110.4,129.5,96.7,99.7,24.08,25.69,21.32,21.72
66.28,3227,160.6,100,0,0.1,3,9891,0,0.04,110.4,129.5,96.7,99.7,24.08,25.69,21.32,21.72
66.32,3229,160.6,100,0,0.6,3,9895,0.01,0.04,110.3,129.5,96.7,99.7,24.08,25.69,21.31,21.71
66.36,3230,160.7,100,0,0.3,3,9898,0.02,0.04,110.3,129.5,96.7,99.7,24.07,25.69,21.31,21.71
66.4,3232,160.7,100,0,-0.8,3,9902,-0.01,0.04,110.3,129.5,96.7,99.7,24.07,25.69,21.31,21.71
66.44,3234,160.8,100,0,0.1,3,9905,-0.01,0.04,110.3,129.5,96.7,99.7,24.07,25.68,21.31,21.71
66.48,3236,160.9,100,0,-0.3,3,9909,-0.02,0.04,110.3,129.5,96.6,99.6,24.07,25.68,21.31,21.71
66.52,3238,160.9,100,0,-0.6,3,9912,0.01,0.04,110.3,129.4,96.6,99.6,24.07,25.68,21.31,21.71
66.56,3239,161,100,0,0.6,3,9916,0.02,0.04,110.3,129.4,96.6,99.6,24.07,25.68,21.31,21.71
66.6,3241,161,100,0,0.4,3,9919,0.02,0.04,110.3,129.4,96.6,99.6,24.07,25.68,21.31,21.71
66.64,3243,161.1,100,0,-0.4,3,9923,0,0.04,110.2,129.4,96.6,99.6,24.07,25.68,21.31,21.71
66.68,3245,161.1,100,0,0.6,3,9926,0,0.04,110.2,129.4,96.6,99.6,24.07,25.68,21.31,21.71
66.72,3246,161.2,100,0,0,3,11284,-0.02,0.04,110.2,129.4,96.6,99.6,24.07,25.68,21.31,21.71
66.76,3248,161.3,100,0,0,3,11288,-0.01,0.04,110.2,129.4,96.6,99.6,24.07,25.68,21.3,21.7
66.8,3250,161.3,100,0,0.5,3,11292,0,0.04,110.2,129.4,96.5,99.5,24.06,25.68,21.3,21.7
66.84,3252,161.4,100,0,0.2,3,11296,-0.01,0.04,110.2,129.3,96.5,99.5,24.06,25.68,21.3,21.7
66.88,3254,161.4,100,0,-0.1,3,11300,0.01,0.04,110.2,129.3,96.5,99.5,24.06,25.67,21.3,21.7
66.92,3255,161.5,100,0,0.2,3,11304,0.02,0.04,110.2,129.3,96.5,99.5,24.06,25.67,21.3,21.7
66.96,3257,161.5,100,0,-0.4,3,11308,0,0.04,110.1,129.3,96.5,99.5,24.06,25.67,21.3,21.7
67,3259,161.6,100,0,0.2,3,11312,0.01,0.04,110.1,129.3,96.5,99.5,24.06,25.67,21.3,21.7
67.04,3261,161.7,100,0,-0.2,3,11316,0,0.04,110.1,129.3,96.5,99.5,24.06,25.67,21.3,21.7
67.08,3263,161.7,100,0,0.3,3,11320,0.01,0.04,110.1,129.3,96.5,99.5,24.06,25.67,21.3,21.7
67.12,3264,161.8,100,0,0,3,11325,0,0.04,110.1,129.3,96.4,99.4,24.06,25.67,21.3,21.7
67.16,3266,161.8,100,0,0.2,3,11329,-0.02,0.04,110.1,129.2,96.4,99.4,24.06,25.67,21.3,21.7
67.2,3268,161.9,100,0,-0.6,3,11333,0.03,0.04,110.1,129.2,96.4,99.4,24.06,25.67,21.29,21.69
67.24,3270,162,100,0,0.9,3,11337,-0.01,0.04,110.1,129.2,96.4,99.4,24.05,25.67,21.29,21.69
67.28,3272,162,100,0,0,3,11341,-0.01,0.04,110.1,129.2,96.4,99.4,24.05,25.67,21.29,21.69
67.32,3273,162.1,100,0,0.3,3,11345,0.05,0.04,110,129.2,96.4,99.4,24.05,25.67,21.29,21.69
67.36,3275,162.1,100,0,-0.2,3,11349,0,0.04,110,129.2,96.4,99.4,24.05,25.66,21.29,21.69
67.4,3277,162.2,100,0,-0.3,3,11353,-0.06,0.04,110,129.2,96.4,99.4,24.05,25.66,21.29,21.69
67.44,3279,162.2,100,0,-0.3,3,11357,-0.02,0.04,110,129.2,96.4,99.4,24.05,25.66,21.29,21.69
67.48,3281,162.3,100,0,0.6,3,11361,0.02,0.04,110,129.2,96.3,99.3,24.05,25.66,21.29,21.69
67.52,3282,162.4,100,0,0.4,3,11365,0.02,0.04,110,129.1,96.3,99.3,24.05,25.66,21.29,21.69
67.56,3284,162.4,100,0,-0.1,3,11369,0,0.04,110,129.1,96.3,99.3,24.05,25.66,21.29,21.69
67.6,3286,162.5,100,0,0.4,3,11373,0.01,0.04,110,129.1,96.3,99.3,24.05,25.66,21.29,21.69
67.64,3288,162.5,100,0,-0.1,3,11377,0.04,0.04,109.9,129.1,96.3,99.3,24.05,25.66,21.28,21.68
67.68,3290,162.6,100,0,0,3,11381,-0.01,0.04,109.9,129.1,96.3,99.3,24.04,25.66,21.28,21.68
67.72,3291,162.6,100,0,-0.5,3,11385,-0.01,0.04,109.9,129.1,96.3,99.3,24.04,25.66,21.28,21.68
67.76,3293,162.7,100,0,0.5,3,11389,0,0.04,109.9,129.1,96.3,99.3,24.04,25.66,21.28,21.68
67.8,3295,162.8,100,0,0,3,11393,0.02,0.04,109.9,129.1,96.2,99.2,24.04,25.65,21.28,21.68
67.84,3297,162.8,100,0,0.5,3,11397,-0.02,0.04,109.9,129,96.2,99.2,24.04,25.65,21.28,21.68
67.88,3299,162.9,100,0,0.1,3,11401,0.03,0.04,109.9,129,96.2,99.2,24.04,25.65,21.28,21.68
67.92,3300,162.9,100,0,0.3,3,11405,0.05,0.04,109.9,129,96.2,99.2,24.04,25.65,21.28,21.68
67.96,3302,163,100,0,0.6,3,11409,-0.03,0.04,109.8,129,96.2,99.2,24.04,25.65,21.28,21.68
68,3304,163,100,0,-0.4,3,11413,0.01,0.04,109.8,129,96.2,99.2,24.04,25.65,21.28,21.68
68.04,3306,163.1,100,0,-0.2,3,11417,0.03,0.04,109.8,129,96.2,99.2,24.04,25.65,21.28,21.68
68.08,3308,163.2,100,0,0.2,3,11421,0,0.04,109.8,129,96.2,99.2,24.04,25.65,21.27,21.67
68.12,3310,163.2,100,0,0.5,3,11425,0.05,0.04,109.8,129,96.1,99.1,24.04,25.65,21.27,21.67
68.16,3311,163.3,100,0,0.1,3,11429,0.02,0.04,109.8,128.9,96.1,99.1,24.03,25.65,21.27,21.67
68.2,3313,163.3,100,0,0.1,3,11433,0,0.04,109.8,128.9,96.1,99.1,24.03,25.65,21.27,21.67
68.24,3315,163.4,100,0,-0.3,3,11437,0.02,0.04,109.8,128.9,96.1,99.1,24.03,25.64,21.27,21.67
68.28,3317,163.4,100,0,-0.1,3,11441,-0.03,0.04,109.8,128.9,96.1,99.1,24.03,25.64,21.27,21.67
68.32,3319,163.5,100,0,0.6,3,11445,-0.01,0.04,109.7,128.9,96.1,99.1,24.03,25.64,21.27,21.67
68.36,3320,163.6,100,0,-0.3,3,11449,-0.01,0.04,109.7,128.9,96.1,99.1,24.03,25.64,21.27,21.67
68.4,3322,163.6,100,0,-0.1,3,11454,0.01,0.04,109.7,128.9,96.1,99.1,24.03,25.64,21.27,21.67
68.44,3324,163.7,100,0,0.3,3,11458,-0.03,0.04,109.7,128.9,96.1,99.1,24.03,25.64,21.27,21.67
68.48,3326,163.7,100,0,0,3,11462,0.03,0.04,109.7,128.9,96,99,24.03,25.64,21.27,21.67
68.52,3328,163.8,100,0,0.2,3,11466,0.02,0.04,109.7,128.8,96,99,24.03,25.64,21.26,21.66
68.56,3330,163.9,100,0,-0.1,3,11470,-0.01,0.04,109.7,128.8,96,99,24.03,25.64,21.26,21.66
68.6,3331,163.9,100,0,-0.1,3,11474,-0.02,0.04,109.7,128.8,96,99,24.02,25.64,21.26,21.66
68.64,3333,164,100,0,0,3,11478,0,0.04,109.6,128.8,96,99,24.02,25.64,21.26,21.66
68.68,3335,164,100,0,0,3,11482,0.03,0.04,109.6,128.8,96,99,24.02,25.63,21.26,21.66
68.72,3337,164.1,100,0,-0.1,3,11486,-0.01,0.04,109.6,128.8,96,99,24.02,25.63,21.26,21.66
68.76,3339,164.1,100,0,0,3,11490,0.01,0.04,109.6,128.8,96,99,24.02,25.63,21.26,21.66
68.8,3340,164.2,100,0,-0.1,3,11494,0.02,0.04,109.6,128.8,95.9,98.9,24.02,25.63,21.26,21.66
68.84,3342,164.3,100,0,-0.1,3,11498,-0.02,0.04,109.6,128.7,95.9,98.9,24.02,25.63,21.26,21.66
68.88,3344,164.3,100,0,0.2,3,11502,-0.01,0.04,109.6,128.7,95.9,98.9,24.02,25.63,21.26,21.66
68.92,3346,164.4,100,0,-0.4,3,11506,-0.03,0.04,109.6,128.7,95.9,98.9,24.02,25.63,21.26,21.66
68.96,3348,164.4,100,0,-0.1,3,11510,0,0.04,109.5,128.7,95.9,98.9,24.02,25.63,21.25,21.65
69,3350,164.5,100,0,0.2,3,11514,-0.01,0.04,109.5,128.7,95.9,98.9,24.02,25.63,21.25,21.65
69.04,3351,164.5,100,0,0.4,3,11518,0,0.04,109.5,128.7,95.9,98.9,24.01,25.63,21.25,21.65
69.08,3353,164.6,100,0,0.3,3,11522,0.01,0.04,109.5,128.7,95.9,98.9,24.01,25.63,21.25,21.65
69.12,3355,164.7,100,0,0.1,3,11526,0.01,0.04,109.5,128.7,95.8,98.8,24.01,25.62,21.25,21.65
69.16,3357,164.7,100,0,0.3,3,11530,0.01,0.04,109.5,128.6,95.8,98.8,24.01,25.62,21.25,21.65
69.2,3359,164.8,100,0,-0.4,3,11534,0,0.04,109.5,128.6,95.8,98.8,24.01,25.62,21.25,21.65
69.24,3361,164.8,100,0,0.4,3,11538,-0.02,0.04,109.5,128.6,95.8,98.8,24.01,25.62,21.25,21.65
69.28,3362,164.9,100,0,-1,3,11542,0.05,0.04,109.5,128.6,95.8,98.8,24.01,25.62,21.25,21.65
69.32,3364,164.9,100,0,-0.7,3,11546,0.02,0.04,109.4,128.6,95.8,98.8,24.01,25.62,21.25,21.65
69.36,3366,165,100,0,0.1,3,11550,-0.02,0.04,109.4,128.6,95.8,98.8,24.01,25.62,21.25,21.65
69.4,3368,165.1,100,0,-0.8,3,11554,0,0.04,109.4,128.6,95.8,98.8,24.01,25.62,21.24,21.64
69.44,3370,165.1,100,0,0,3,11558,0,0.04,109.4,128.6,95.8,98.8,24.01,25.62,21.24,21.64
69.48,3372,165.2,100,0,0,3,11562,-0.01,0.04,109.4,128.6,95.7,98.7,24,25.62,21.24,21.64
69.52,3373,165.2,100,0,0,3,11566,0.02,0.04,109.4,128.5,95.7,98.7,24,25.62,21.24,21.64
69.56,3375,165.3,100,0,-0.1,3,11570,0.01,0.04,109.4,128.5,95.7,98.7,24,25.61,21.24,21.64
69.6,3377,165.3,100,0,0.3,3,11574,-0.03,0.04,109.4,128.5,95.7,98.7,24,25.61,21.24,21.64
69.64,3379,165.4,100,0,0.1,3,11579,0.02,0.04,109.3,128.5,95.7,98.7,24,25.61,21.24,21.64
69.68,3381,165.5,100,0,-0.2,3,11583,0.01,0.04,109.3,128.5,95.7,98.7,24,25.61,21.24,21.64
69.72,3383,165.5,100,0,0.8,3,11587,0,0.04,109.3,128.5,95.7,98.7,24,25.61,21.24,21.64
69.76,3384,165.6,100,0,0.1,3,11591,-0.02,0.04,109.3,128.5,95.7,98.7,24,25.61,21.24,21.64
69.8,3386,165.6,100,0,0.6,3,11595,-0.03,0.04,109.3,128.5,95.6,98.6,24,25.61,21.24,21.64
69.84,3388,165.7,100,0,0.1,3,11599,0.01,0.04,109.3,128.4,95.6,98.6,24,25.61,21.24,21.64
69.88,3390,165.8,100,0,0.1,3,11603,0,0.04,109.3,128.4,95.6,98.6,24,25.61,21.23,21.63
69.92,3392,165.8,100,0,-0.6,3,11607,0.01,0.04,109.3,128.4,95.6,98.6,23.99,25.61,21.23,21.63
69.96,3394,165.9,100,0,0.2,3,11611,0,0.04,109.2,128.4,95.6,98.6,23.99,25.61,21.23,21.63
70,3395,165.9,100,0,0.2,3,11615,0,0.04,109.2,128.4,95.6,98.6,23.99,25.6,21.23,21.63
70.04,3397,166,100,0,-0.2,3,11619,0.03,0.04,109.2,128.4,95.6,98.6,23.99,25.6,21.23,21.63
70.08,3399,166,100,0,0,3,11623,-0.03,0.04,109.2,128.4,95.6,98.6,23.99,25.6,21.23,21.63
70.12,3401,166.1,100,0,-0.1,3,11627,0,0.04,109.2,128.4,95.5,98.5,23.99,25.6,21.23,21.63
70.16,3403,166.2,100,0,0.4,3,11631,0,0.04,109.2,128.3,95.5,98.5,23.99,25.6,21.23,21.63
70.2,3405,166.2,100,0,0.8,3,11635,0.01,0.04,109.2,128.3,95.5,98.5,23.99,25.6,21.23,21.63
70.24,3407,166.3,100,0,0.2,3,11639,0.03,0.04,109.2,128.3,95.5,98.5,23.99,25.6,21.23,21.63
70.28,3408,166.3,100,0,0.4,3,11643,0,0.04,109.2,128.3,95.5,98.5,23.99,25.6,21.23,21.63
70.32,3410,166.4,100,0,0.6,3,11647,0,0.04,109.1,128.3,95.5,98.5,23.99,25.6,21.22,21.62
70.36,3412,166.4,100,0,0,3,11651,0,0.04,109.1,128.3,95.5,98.5,23.98,25.6,21.22,21.62
70.4,3414,166.5,100,0,-0.1,3,11655,0.02,0.04,109.1,128.3,95.5,98.5,23.98,25.6,21.22,21.62
70.44,3416,166.6,100,0,-0.7,3,11659,0,0.04,109.1,128.3,95.5,98.5,23.98,25.59,21.22,21.62
70.48,3418,166.6,100,0,0.1,3,11663,-0.01,0.04,109.1,128.3,95.4,98.4,23.98,25.59,21.22,21.62
70.52,3419,166.7,100,0,-0.7,3,11667,-0.02,0.04,109.1,128.2,95.4,98.4,23.98,25.59,21.22,21.62
70.56,3421,166.7,100,0,0.3,3,11671,-0.02,0.04,109.1,128.2,95.4,98.4,23.98,25.59,21.22,21.62
70.6,3423,166.8,100,0,-0.2,3,11675,0.03,0.04,109.1,128.2,95.4,98.4,23.98,25.59,21.22,21.62
70.64,3425,166.8,100,0,-0.3,3,11679,-0.06,0.04,109,128.2,95.4,98.4,23.98,25.59,21.22,21.62
70.68,3427,166.9,100,0,-0.4,3,11683,0,0.04,109,128.2,95.4,98.4,23.98,25.59,21.22,21.62
70.72,3429,167,100,0,-0.5,3,11687,0.02,0.04,109,128.2,95.4,98.4,23.98,25.59,21.22,21.62
70.76,3431,167,100,0,0.3,3,11691,0.04,0.04,109,128.2,95.4,98.4,23.98,25.59,21.21,21.61
70.8,3432,167.1,100,0,0.1,3,11695,0.03,0.04,109,128.2,95.3,98.3,23.97,25.59,21.21,21.61
70.84,3434,167.1,100,0,-0.2,3,11699,-0.02,0.04,109,128.1,95.3,98.3,23.97,25.59,21.21,21.61
70.88,3436,167.2,100,0,0,3,11704,0.02,0.04,109,128.1,95.3,98.3,23.97,25.58,21.21,21.61
70.92,3438,167.3,100,0,0.2,3,11708,0.01,0.04,109,128.1,95.3,98.3,23.97,25.58,21.21,21.61
70.96,3440,167.3,100,0,0.1,3,11712,-0.01,0.04,108.9,128.1,95.3,98.3,23.97,25.58,21.21,21.61
71,3442,167.4,100,0,0.5,3,11716,0.02,0.04,108.9,128.1,95.3,98.3,23.97,25.58,21.21,21.61
71.04,3444,226.5,0,3,-0.9,5,10872,0,-4.2,109.1,128.1,95.3,98.3,23.98,25.59,21.21,21.61
71.08,3446,226.5,0,7,0.4,5,10872,0,-4.2,109.2,128.2,95.3,98.3,23.99,25.59,21.21,21.61
71.12,3449,226.5,0,11,0.2,5,10872,0,-4.2,109.3,128.2,95.3,98.3,24,25.59,21.21,21.61
71.16,3451,226.5,0,15,0.8,5,10872,0,-4.2,109.4,128.3,95.3,98.3,24.01,25.59,21.21,21.61
71.2,3454,226.5,0,20,0.1,5,10872,0,-4.2,109.5,128.3,95.3,98.3,24.02,25.6,21.21,21.61
71.24,3456,226.5,0,24,-0.4,5,10872,0,-4.2,109.7,128.3,95.3,98.3,24.02,25.6,21.21,21.61
71.28,3459,226.5,0,28,-1.1,5,10872,0,-4.2,109.8,128.4,95.3,98.3,24.03,25.6,21.21,21.61
71.32,3461,226.5,0,32,1.2,5,10872,0,-4.2,109.9,128.4,95.3,98.3,24.04,25.61,21.21,21.61
71.36,3464,226.5,0,37,0.8,5,10872,0,-4.2,110,128.5,95.3,98.3,24.05,25.61,21.21,21.61
71.4,3466,226.5,0,41,1.1,5,10872,0,-4.2,110.1,128.5,95.3,98.3,24.06,25.61,21.21,21.61
71.44,3469,226.5,0,45,-0.3,5,10872,0,-4.2,110.3,128.5,95.3,98.3,24.07,25.62,21.21,21.61
71.48,3471,226.5,0,45,0.2,5,10872,0,-4.2,110.4,128.6,95.3,98.3,24.08,25.62,21.21,21.61
71.52,3474,226.5,0,45,-0.1,5,10872,0,-4.2,110.5,128.6,95.3,98.3,24.09,25.62,21.21,21.61
71.56,3476,226.5,0,45,-0.3,5,10872,0,-4.2,110.6,128.7,95.3,98.3,24.1,25.62,21.21,21.61
71.6,3479,226.5,0,45,1,5,10872,0,-4.2,110.7,128.7,95.3,98.3,24.11,25.63,21.21,21.61
71.64,3481,226.5,0,45,-0.4,5,10872,0,-4.2,110.9,128.7,95.3,98.3,24.11,25.63,21.21,21.61
71.68,3484,226.5,0,45,-0.4,5,10872,0,-4.2,111,128.8,95.3,98.3,24.12,25.63,21.21,21.61
71.72,3486,226.5,0,45,0.9,5,10872,0,-4.2,111.1,128.8,95.3,98.3,24.13,25.64,21.21,21.61
71.76,3489,226.5,0,45,-0.3,5,10872,0,-4.2,111.2,128.9,95.3,98.3,24.14,25.64,21.21,21.61
71.8,3491,226.5,0,45,-0.2,5,10872,0,-4.2,111.3,128.9,95.3,98.3,24.15,25.64,21.21,21.61
71.84,3494,226.5,0,45,-1.1,5,10872,0,-4.2,111.5,128.9,95.3,98.3,24.16,25.65,21.21,21.61
71.88,3496,226.5,0,45,0.5,5,10872,0,-4.2,111.6,129,95.3,98.3,24.17,25.65,21.21,21.61
71.92,3499,226.5,0,45,1.4,5,10872,0,-4.2,111.7,129,95.3,98.3,24.18,25.65,21.21,21.61
71.96,3501,226.5,0,45,-0.1,5,10872,0,-4.2,111.8,129.1,95.3,98.3,24.19,25.65,21.21,21.61
72,3504,226.5,0,45,-0.4,5,10872,0,-4.2,111.9,129.1,95.3,98.3,24.2,25.66,21.21,21.61
72.04,3507,226.5,0,45,-0.8,5,10872,0,-4.2,112.1,129.1,95.3,98.3,24.2,25.66,21.21,21.61
72.08,3509,226.5,0,45,0.6,5,10872,0,-4.2,112.2,129.2,95.3,98.3,24.21,25.66,21.21,21.61
72.12,3512,226.5,0,45,-0.1,5,10872,0,-4.2,112.3,129.2,95.3,98.3,24.22,25.67,21.21,21.61
72.16,3514,226.5,0,45,0.1,5,10872,0,-4.2,112.4,129.3,95.3,98.3,24.23,25.67,21.21,21.61
72.2,3517,226.5,0,45,0.8,5,10872,0,-4.2,112.5,129.3,95.3,98.3,24.24,25.67,21.21,21.61
72.24,3519,226.5,0,45,1.3,5,10872,0,-4.2,112.7,129.3,95.3,98.3,24.25,25.68,21.21,21.61
72.28,3522,226.5,0,45,0.5,5,10872,0,-4.2,112.8,129.4,95.3,98.3,24.26,25.68,21.21,21.61
72.32,3524,226.5,0,44,1.5,5,10872,0.08,-1.37,112.9,129.4,95.3,98.3,24.27,25.68,21.21,21.61
72.36,3527,226.5,0,42,3.8,5,10872,0.18,-1.33,113,129.5,95.3,98.3,24.28,25.68,21.21,21.61
72.4,3529,226.5,0,41,4.4,5,10872,0.27,-1.3,113.1,129.5,95.3,98.3,24.29,25.69,21.21,21.61
72.44,3532,226.5,0,39,6,5,10872,0.37,-1.26,113.3,129.5,95.3,98.3,24.29,25.69,21.21,21.61
72.48,3534,226.5,0,37,8.2,5,10872,0.47,-1.23,113.4,129.6,95.3,98.3,24.3,25.69,21.21,21.61
72.52,3537,226.5,0,36,9.7,5,10872,0.57,-1.19,113.5,129.6,95.3,98.3,24.31,25.7,21.21,21.61
72.56,3539,226.5,0,34,12.1,5,10872,0.67,-1.15,113.6,129.7,95.3,98.3,24.32,25.7,21.21,21.61
72.6,3542,226.5,0,33,13.2,5,10872,0.76,-1.12,113.7,129.7,95.3,98.3,24.33,25.7,21.21,21.61
72.64,3544,226.5,0,31,14.9,5,10872,0.86,-1.08,113.9,129.7,95.3,98.3,24.34,25.71,21.21,21.61
72.68,3547,226.5,0,30,15.2,5,10872,0.96,-1.05,114,129.8,95.3,98.3,24.35,25.71,21.21,21.61
72.72,3549,226.5,0,29,18.2,5,10872,1.06,-1.01,114.1,129.8,95.3,98.3,24.36,25.71,21.21,21.61
72.76,3552,226.5,0,27,19.3,5,10872,1.15,-0.97,114.2,129.9,95.3,98.3,24.37,25.71,21.21,21.61
72.8,3554,226.5,0,26,19.9,5,10872,1.25,-0.94,114.3,129.9,95.3,98.3,24.38,25.72,21.21,21.61
72.84,3557,226.5,0,24,21.8,5,10872,1.35,-0.9,114.5,129.9,95.3,98.3,24.38,25.72,21.21,21.61
72.88,3559,226.5,0,23,23.9,5,10872,1.45,-0.87,114.6,130,95.3,98.3,24.39,25.72,21.21,21.61
72.92,3562,226.5,0,22,25.1,5,10872,1.54,-0.83,114.7,130,95.3,98.3,24.4,25.73,21.21,21.61
72.96,3564,226.5,0,20,26.7,5,10872,1.64,-0.79,114.8,130.1,95.3,98.3,24.41,25.73,21.21,21.61
73,3567,226.5,0,19,28.3,5,10872,1.74,-0.76,114.9,130.1,95.3,98.3,24.42,25.73,21.21,21.61
73.04,3569,226.5,0,18,29,5,10872,1.84,-0.72,115.1,130.1,95.3,98.3,24.43,25.74,21.21,21.61
73.08,3572,226.5,0,17,30.8,5,10872,1.94,-0.69,115.2,130.2,95.3,98.3,24.44,25.74,21.21,21.61
73.12,3574,226.5,0,15,31.7,5,10872,2.03,-0.65,115.3,130.2,95.3,98.3,24.45,25.74,21.21,21.61
73.16,3577,226.5,0,14,33.1,5,10872,2.13,-0.62,115.4,130.3,95.3,98.3,24.46,25.74,21.21,21.61
73.2,3580,226.5,0,13,34,5,10872,2.23,-0.58,115.5,130.3,95.3,98.3,24.47,25.75,21.21,21.61
73.24,3582,226.5,0,12,35.1,5,10872,2.33,-0.54,115.7,130.3,95.3,98.3,24.47,25.75,21.21,21.61
73.28,3585,226.5,0,11,35.6,5,10872,2.42,-0.51,115.8,130.4,95.3,98.3,24.48,25.75,21.21,21.61
73.32,3587,226.5,0,10,37.8,5,10872,2.52,-0.47,115.9,130.4,95.3,98.3,24.49,25.76,21.21,21.61
73.36,3590,226.5,0,9,37.7,5,10872,2.62,-0.44,116,130.5,95.3,98.3,24.5,25.76,21.21,21.61
73.4,3592,226.5,0,8,38.3,5,10872,2.72,-0.4,116.1,130.5,95.3,98.3,24.51,25.76,21.21,21.61
73.44,3595,226.5,0,7,38.4,5,10872,2.81,-0.36,116.3,130.5,95.3,98.3,24.52,25.77,21.21,21.61
73.48,3597,226.5,0,6,39.5,5,10872,2.91,-0.33,116.4,130.6,95.3,98.3,24.53,25.77,21.21,21.61
73.52,3600,226.5,0,5,40.7,5,10872,3.01,-0.29,116.5,130.6,95.3,98.3,24.54,25.77,21.21,21.61
73.56,3602,226.5,0,4,40.6,5,10872,3.11,-0.26,116.6,130.7,95.3,98.3,24.55,25.77,21.21,21.61
73.6,3605,226.5,0,3,41.2,5,10872,3.21,-0.22,116.7,130.7,95.3,98.3,24.56,25.78,21.21,21.61
73.64,3607,226.5,0,3,41.3,5,10872,3.3,-0.18,116.9,130.7,95.3,98.3,24.56,25.78,21.21,21.61
73.68,3610,226.5,0,2,41.4,5,10872,3.4,-0.15,117,130.8,95.3,98.3,24.57,25.78,21.21,21.61
73.72,3612,226.5,0,1,42.2,5,10872,3.5,-0.11,117.1,130.8,95.3,98.3,24.58,25.79,21.21,21.61
73.76,3615,226.5,0,1,42.8,5,10872,3.6,-0.08,117.2,130.9,95.3,98.3,24.59,25.79,21.21,21.61
73.8,3617,226.5,0,0,43.2,5,10872,3.69,-0.04,117.3,130.9,95.3,98.3,24.6,25.79,21.21,21.61
73.84,3620,226.5,0,0,43.5,5,10872,3.79,0,117.5,130.9,95.3,98.3,24.61,25.8,21.21,21.61
73.88,3622,226.5,3,0,41.2,5,10872,3.36,0.01,117.5,130.9,95.3,98.3,24.61,25.8,21.21,21.61
73.92,3625,226.5,5,0,41.4,5,10872,3.32,0.02,117.5,130.9,95.4,98.4,24.61,25.8,21.21,21.61
73.96,3627,226.5,7,0,40.2,5,10872,3.28,0.03,117.5,130.9,95.4,98.4,24.61,25.8,21.22,21.62
74,3630,226.5,9,0,40.1,5,10873,3.24,0.04,117.5,130.9,95.4,98.4,24.61,25.8,21.22,21.62
74.04,3632,226.5,11,0,38.7,5,10873,3.2,0.05,117.5,130.9,95.5,98.5,24.61,25.8,21.22,21.62
74.08,3635,226.5,13,0,39.4,5,10873,3.16,0.06,117.5,130.9,95.5,98.5,24.61,25.8,21.22,21.62
74.12,3637,226.5,15,0,37.6,5,10874,3.11,0.07,117.5,130.9,95.5,98.5,24.61,25.8,21.23,21.63
74.16,3640,226.6,16,0,37.2,5,10874,3.07,0.08,117.5,130.9,95.6,98.6,24.61,25.8,21.23,21.63
74.2,3642,226.6,18,0,36.8,5,10875,3.03,0.09,117.5,130.9,95.6,98.6,24.61,25.8,21.23,21.63
74.24,3645,226.6,20,0,36.7,5,10876,2.99,0.1,117.5,130.9,95.6,98.6,24.61,25.8,21.24,21.64
74.28,3647,226.6,22,0,35.7,5,10876,2.95,0.11,117.5,130.9,95.7,98.7,24.61,25.8,21.24,21.64
74.32,3650,226.6,23,0,34.9,5,10877,2.91,0.12,117.5,130.9,95.7,98.7,24.61,25.8,21.24,21.64
74.36,3652,226.6,25,0,34.8,5,10878,2.87,0.13,117.5,130.9,95.7,98.7,24.61,25.8,21.24,21.64
74.4,3655,226.6,27,0,33.2,5,10879,2.83,0.14,117.5,130.9,95.8,98.8,24.61,25.8,21.25,21.65
74.44,3658,226.7,28,0,32.5,5,10879,2.78,0.15,117.5,130.9,95.8,98.8,24.61,25.8,21.25,21.65
74.48,3660,226.7,30,0,32.5,5,10880,2.74,0.16,117.5,130.9,95.8,98.8,24.61,25.8,21.25,21.65
74.52,3663,226.7,31,0,32.1,5,10881,2.7,0.17,117.5,130.9,95.9,98.9,24.61,25.8,21.25,21.65
74.56,3665,226.7,33,0,30.7,5,10882,2.66,0.18,117.5,130.9,95.9,98.9,24.61,25.8,21.26,21.66
74.6,3668,226.7,35,0,30.5,5,10883,2.62,0.19,117.5,130.9,96,99,24.61,25.8,21.26,21.66
74.64,3670,226.8,36,0,29.5,5,10885,2.58,0.2,117.5,130.9,96,99,24.61,25.8,21.26,21.66
74.68,3673,226.8,38,0,28.6,5,10886,2.54,0.21,117.5,130.9,96,99,24.61,25.8,21.26,21.66
74.72,3675,226.8,39,0,28.1,5,10887,2.5,0.22,117.5,130.9,96.1,99.1,24.61,25.8,21.27,21.67
74.76,3678,226.8,41,0,27.7,5,10888,2.45,0.23,117.5,130.9,96.1,99.1,24.61,25.8,21.27,21.67
74.8,3680,226.9,42,0,27.1,5,10889,2.41,0.24,117.5,130.9,96.1,99.1,24.61,25.8,21.27,21.67
74.84,3683,226.9,44,0,26.1,5,10891,2.37,0.25,117.5,130.9,96.2,99.2,24.61,25.8,21.27,21.67
74.88,3685,226.9,45,0,25.7,5,10892,2.33,0.26,117.5,130.9,96.2,99.2,24.61,25.8,21.28,21.68
74.92,3688,227,47,0,24.8,5,10894,2.29,0.27,117.5,130.9,96.2,99.2,24.61,25.8,21.28,21.68
74.96,3690,227,48,0,23.7,5,10895,2.25,0.28,117.5,130.9,96.3,99.3,24.61,25.8,21.28,21.68
75,3693,227,50,0,23.3,5,10897,2.21,0.29,117.5,130.9,96.3,99.3,24.61,25.8,21.29,21.69
75.04,3695,227,51,0,23.5,5,10898,2.17,0.29,117.5,130.9,96.3,99.3,24.61,25.8,21.29,21.69
75.08,3698,227.1,53,0,22.1,5,10900,2.12,0.3,117.5,130.9,96.4,99.4,24.61,25.8,21.29,21.69
75.12,3700,227.1,54,0,21,5,10901,2.08,0.31,117.5,130.9,96.4,99.4,24.61,25.8,21.29,21.69
75.16,3703,227.1,55,0,21.3,5,10903,2.04,0.32,117.5,130.9,96.4,99.4,24.61,25.8,21.3,21.7
75.2,3705,227.2,57,0,20.9,5,10905,2,0.33,117.5,130.9,96.5,99.5,24.61,25.8,21.3,21.7
75.24,3708,227.2,58,0,19.6,5,10907,1.96,0.34,117.5,130.9,96.5,99.5,24.61,25.8,21.3,21.7
75.28,3710,227.3,60,0,18.9,5,10909,1.92,0.35,117.5,130.9,96.5,99.5,24.61,25.8,21.3,21.7
75.32,3713,227.3,61,0,18.8,5,10910,1.88,0.36,117.5,130.9,96.6,99.6,24.61,25.8,21.31,21.71
75.36,3716,227.3,63,0,18,5,10912,1.83,0.37,117.5,130.9,96.6,99.6,24.61,25.8,21.31,21.71
75.4,3718,227.4,64,0,17,5,10914,1.79,0.38,117.5,130.9,96.7,99.7,24.61,25.8,21.31,21.71
75.44,3721,227.4,65,0,17.4,5,10916,1.75,0.39,117.5,130.9,96.7,99.7,24.61,25.8,21.31,21.71
75.48,3723,227.5,67,0,16.5,5,10918,1.71,0.4,117.5,130.9,96.7,99.7,24.61,25.8,21.32,21.72
75.52,3726,227.5,68,0,15.6,5,10920,1.67,0.41,117.5,130.9,96.8,99.8,24.61,25.8,21.32,21.72
75.56,3728,227.6,69,0,14.6,5,10923,1.63,0.42,117.5,130.9,96.8,99.8,24.61,25.8,21.32,21.72
75.6,3731,227.6,71,0,13.7,5,10925,1.59,0.43,117.5,130.9,96.8,99.8,24.61,25.8,21.32,21.72
75.64,3733,227.6,72,0,13.4,5,10927,1.54,0.44,117.5,130.9,96.9,99.9,24.61,25.8,21.33,21.73
75.68,3736,227.7,74,0,12.4,5,10929,1.5,0.45,117.5,130.9,96.9,99.9,24.61,25.8,21.33,21.73
75.72,3738,227.7,75,0,12.6,5,10931,1.46,0.46,117.5,130.9,96.9,99.9,24.61,25.8,21.33,21.73
75.76,3741,227.8,76,0,11.7,5,10934,1.42,0.47,117.5,130.9,97,100,24.61,25.8,21.33,21.73
75.8,3743,227.8,78,0,10.3,5,10936,1.38,0.48,117.5,130.9,97,100,24.61,25.8,21.34,21.74
75.84,3746,227.9,79,0,11.1,5,10939,1.34,0.49,117.5,130.9,97,100,24.61,25.8,21.34,21.74
75.88,3748,227.9,80,0,9.7,5,10941,1.3,0.5,117.5,130.9,97.1,100.1,24.61,25.8,21.34,21.74
75.92,3751,228,82,0,9.6,5,10944,1.25,0.51,117.5,130.9,97.1,100.1,24.61,25.8,21.35,21.75
75.96,3753,228,83,0,8,5,10946,1.21,0.52,117.5,130.9,97.1,100.1,24.61,25.8,21.35,21.75
76,3756,228.1,84,0,7.7,5,10949,1.17,0.53,117.5,130.9,97.2,100.2,24.61,25.8,21.35,21.75
76.04,3759,228.2,86,0,7.1,5,10951,1.13,0.54,117.5,130.9,97.2,100.2,24.61,25.8,21.35,21.75
76.08,3761,228.2,87,0,6.3,5,10954,1.09,0.55,117.5,130.9,97.2,100.2,24.61,25.8,21.36,21.76
76.12,3764,228.3,88,0,5.5,5,10957,1.05,0.56,117.5,130.9,97.3,100.3,24.61,25.8,21.36,21.76
76.16,3766,228.3,90,0,5.3,5,10959,1.01,0.57,117.5,130.9,97.3,100.3,24.61,25.8,21.36,21.76
76.2,3769,228.4,91,0,5.1,5,10962,0.96,0.58,117.5,130.9,97.4,100.4,24.61,25.8,21.36,21.76
76.24,3771,228.4,92,0,3.8,5,10965,0.92,0.59,117.5,130.9,97.4,100.4,24.61,25.8,21.37,21.77
76.28,3774,228.5,94,0,2.8,5,10968,0.88,0.6,117.5,130.9,97.4,100.4,24.61,25.8,21.37,21.77
76.32,3776,228.6,95,0,3.5,5,10971,0.84,0.61,117.5,130.9,97.5,100.5,24.61,25.8,21.37,21.77
76.36,3779,228.6,96,0,2.5,5,10974,0.8,0.62,117.5,130.9,97.5,100.5,24.61,25.8,21.37,21.77
76.4,3781,228.7,98,0,1.5,5,10977,0.76,0.63,117.5,130.9,97.5,100.5,24.61,25.8,21.38,21.78
76.44,3784,228.7,99,0,0.5,5,10980,0.71,0.64,117.5,130.9,97.6,100.6,24.61,25.8,21.38,21.78
76.48,3786,228.8,100,0,-0.6,5,10982,0,0.04,117.4,130.9,97.5,100.5,24.61,25.79,21.38,21.78
76.52,3789,228.9,100,0,-0.4,5,10985,-0.01,0.04,117.4,130.9,97.5,100.5,24.61,25.79,21.38,21.78
76.56,3792,228.9,100,0,-0.1,5,10988,0,0.04,117.4,130.9,97.5,100.5,24.61,25.79,21.38,21.78
76.6,3794,229,100,0,0.3,5,10991,-0.04,0.04,117.4,130.9,97.5,100.5,24.61,25.79,21.38,21.78
76.64,3797,229,100,0,0.7,5,10993,-0.02,0.04,117.4,130.9,97.5,100.5,24.6,25.79,21.38,21.78
76.68,3799,229.1,100,0,0.1,5,10996,0.01,0.04,117.4,130.9,97.5,100.5,24.6,25.79,21.37,21.77
76.72,3802,229.1,100,0,0,5,10999,0.02,0.04,117.4,130.9,97.5,100.5,24.6,25.79,21.37,21.77
76.76,3804,229.2,100,0,0.7,5,11002,0,0.04,117.4,130.8,97.5,100.5,24.6,25.79,21.37,21.77
76.8,3807,229.3,100,0,-0.6,5,11005,-0.01,0.04,117.3,130.8,97.5,100.5,24.6,25.79,21.37,21.77
76.84,3809,229.3,100,0,-0.2,5,11007,0.01,0.04,117.3,130.8,97.4,100.4,24.6,25.79,21.37,21.77
76.88,3812,229.4,100,0,0.7,5,11010,0.01,0.04,117.3,130.8,97.4,100.4,24.6,25.79,21.37,21.77
76.92,3814,229.4,100,0,-0.7,5,11013,-0.01,0.04,117.3,130.8,97.4,100.4,24.6,25.78,21.37,21.77
76.96,3817,229.5,100,0,-0.1,5,11016,0.01,0.04,117.3,130.8,97.4,100.4,24.6,25.78,21.37,21.77
77,3820,229.5,100,0,0.2,5,11018,0.01,0.04,117.3,130.8,97.4,100.4,24.6,25.78,21.37,21.77
77.04,3822,229.6,100,0,0.2,5,11021,-0.04,0.04,117.3,130.8,97.4,100.4,24.6,25.78,21.37,21.77
77.08,3825,229.7,100,0,-0.1,5,11024,0.02,0.04,117.3,130.7,97.4,100.4,24.59,25.78,21.37,21.77
77.12,3827,229.7,100,0,0.4,5,11027,-0.03,0.04,117.3,130.7,97.4,100.4,24.59,25.78,21.36,21.76
77.16,3830,229.8,100,0,0.1,5,11029,0.05,0.04,117.2,130.7,97.3,100.3,24.59,25.78,21.36,21.76
77.2,3832,229.8,100,0,-0.4,5,11032,-0.02,0.04,117.2,130.7,97.3,100.3,24.59,25.78,21.36,21.76
77.24,3835,229.9,100,0,-0.1,5,11035,0.02,0.04,117.2,130.7,97.3,100.3,24.59,25.78,21.36,21.76
77.28,3837,230,100,0,-0.6,5,11038,-0.04,0.04,117.2,130.7,97.3,100.3,24.59,25.78,21.36,21.76
77.32,3840,230,100,0,0,5,11040,0.01,0.04,117.2,130.7,97.3,100.3,24.59,25.78,21.36,21.76
77.36,3843,230.1,100,0,0.1,5,11043,0.01,0.04,117.2,130.7,97.3,100.3,24.59,25.77,21.36,21.76
77.4,3845,230.1,100,0,-0.6,5,11046,0.02,0.04,117.2,130.6,97.3,100.3,24.59,25.77,21.36,21.76
77.44,3848,230.2,100,0,-0.1,5,11049,-0.01,0.04,117.2,130.6,97.3,100.3,24.59,25.77,21.36,21.76
77.48,3850,230.2,100,0,0.3,5,11052,-0.01,0.04,117.1,130.6,97.2,100.2,24.59,25.77,21.36,21.76
77.52,3853,230.3,100,0,0,5,11054,0.02,0.04,117.1,130.6,97.2,100.2,24.58,25.77,21.36,21.76
77.56,3855,230.4,100,0,0.3,5,11057,0.02,0.04,117.1,130.6,97.2,100.2,24.58,25.77,21.35,21.75
77.6,3858,230.4,100,0,0.1,5,11060,0.02,0.04,117.1,130.6,97.2,100.2,24.58,25.77,21.35,21.75
77.64,3860,230.5,100,0,-0.4,5,11063,-0.01,0.04,117.1,130.6,97.2,100.2,24.58,25.77,21.35,21.75
77.68,3863,230.5,100,0,0.3,5,11065,-0.01,0.04,117.1,130.6,97.2,100.2,24.58,25.77,21.35,21.75
77.72,3866,230.6,100,0,0.2,5,11068,0.01,0.04,117.1,130.6,97.2,100.2,24.58,25.77,21.35,21.75
77.76,3868,230.6,100,0,0.1,5,11071,-0.04,0.04,117.1,130.5,97.2,100.2,24.58,25.77,21.35,21.75
77.8,3871,230.7,100,0,-0.1,5,11074,-0.01,0.04,117,130.5,97.2,100.2,24.58,25.76,21.35,21.75
77.84,3873,230.8,100,0,0.5,5,11076,-0.06,0.04,117,130.5,97.1,100.1,24.58,25.76,21.35,21.75
77.88,3876,230.8,100,0,0.2,5,11079,-0.01,0.04,117,130.5,97.1,100.1,24.58,25.76,21.35,21.75
77.92,3878,230.9,100,0,-0.4,5,11082,-0.01,0.04,117,130.5,97.1,100.1,24.58,25.76,21.35,21.75
77.96,3881,230.9,100,0,-0.5,5,11085,-0.02,0.04,117,130.5,97.1,100.1,24.58,25.76,21.35,21.75
78,3884,231,100,0,-0.1,5,11087,0.01,0.04,117,130.5,97.1,100.1,24.57,25.76,21.34,21.74
78.04,3886,231,100,0,-0.2,5,11090,-0.03,0.04,117,130.5,97.1,100.1,24.57,25.76,21.34,21.74
78.08,3889,231.1,100,0,-0.2,5,11093,0.01,0.04,117,130.4,97.1,100.1,24.57,25.76,21.34,21.74
78.12,3891,231.2,100,0,-0.1,5,11096,-0.01,0.04,117,130.4,97.1,100.1,24.57,25.76,21.34,21.74
78.16,3894,231.2,100,0,0.6,5,11099,-0.01,0.04,116.9,130.4,97,100,24.57,25.76,21.34,21.74
78.2,3896,231.3,100,0,0.6,5,11101,0.02,0.04,116.9,130.4,97,100,24.57,25.76,21.34,21.74
78.24,3899,231.3,100,0,-0.2,5,11104,-0.02,0.04,116.9,130.4,97,100,24.57,25.75,21.34,21.74
78.28,3901,231.4,100,0,0,5,11107,-0.01,0.04,116.9,130.4,97,100,24.57,25.75,21.34,21.74
78.32,3904,231.4,100,0,0.1,5,11110,-0.02,0.04,116.9,130.4,97,100,24.57,25.75,21.34,21.74
78.36,3907,231.5,100,0,-0.3,5,11112,-0.02,0.04,116.9,130.4,97,100,24.57,25.75,21.34,21.74
78.4,3909,231.6,100,0,-0.3,5,11115,0.01,0.04,116.9,130.3,97,100,24.57,25.75,21.34,21.74
78.44,3912,231.6,100,0,-0.5,5,11118,0.02,0.04,116.9,130.3,97,100,24.56,25.75,21.33,21.73
78.48,3914,231.7,100,0,0.6,5,11121,0,0.04,116.8,130.3,96.9,99.9,24.56,25.75,21.33,21.73
78.52,3917,231.7,100,0,0.2,5,11123,-0.03,0.04,116.8,130.3,96.9,99.9,24.56,25.75,21.33,21.73
78.56,3920,231.8,100,0,0.7,5,11126,0.02,0.04,116.8,130.3,96.9,99.9,24.56,25.75,21.33,21.73
78.6,3922,231.9,100,0,-0.1,5,11129,0.02,0.04,116.8,130.3,96.9,99.9,24.56,25.75,21.33,21.73
78.64,3925,231.9,100,0,0.5,5,11132,0.01,0.04,116.8,130.3,96.9,99.9,24.56,25.75,21.33,21.73
78.68,3927,232,100,0,0.1,5,11134,-0.02,0.04,116.8,130.3,96.9,99.9,24.56,25.74,21.33,21.73
78.72,3930,232,100,0,0,5,11137,0.02,0.04,116.8,130.3,96.9,99.9,24.56,25.74,21.33,21.73
78.76,3932,232.1,100,0,0.8,5,11140,-0.01,0.04,116.8,130.2,96.9,99.9,24.56,25.74,21.33,21.73
78.8,3935,232.1,100,0,-0.5,5,11143,-0.01,0.04,116.7,130.2,96.9,99.9,24.56,25.74,21.33,21.73
78.84,3938,232.2,100,0,0.2,5,11146,-0.01,0.04,116.7,130.2,96.8,99.8,24.56,25.74,21.33,21.73
78.88,3940,232.3,100,0,-0.1,5,11148,-0.03,0.04,116.7,130.2,96.8,99.8,24.55,25.74,21.32,21.72
78.92,3943,232.3,100,0,-0.5,5,11151,0,0.04,116.7,130.2,96.8,99.8,24.55,25.74,21.32,21.72
78.96,3945,232.4,100,0,-0.2,5,11154,0.03,0.04,116.7,130.2,96.8,99.8,24.55,25.74,21.32,21.72
79,3948,232.4,100,0,-0.3,5,11157,0,0.04,116.7,130.2,96.8,99.8,24.55,25.74,21.32,21.72
79.04,3950,232.5,100,0,0.3,5,11159,-0.03,0.04,116.7,130.2,96.8,99.8,24.55,25.74,21.32,21.72
79.08,3953,232.5,100,0,0,5,11162,0.04,0.04,116.7,130.1,96.8,99.8,24.55,25.74,21.32,21.72
79.12,3956,232.6,100,0,-0.3,5,11165,0.01,0.04,116.7,130.1,96.8,99.8,24.55,25.73,21.32,21.72
79.16,3958,232.7,100,0,-0.3,5,11168,-0.01,0.04,116.6,130.1,96.7,99.7,24.55,25.73,21.32,21.72
79.2,3961,232.7,100,0,0.2,5,11170,-0.01,0.04,116.6,130.1,96.7,99.7,24.55,25.73,21.32,21.72
79.24,3963,232.8,100,0,-0.3,5,11173,0,0.04,116.6,130.1,96.7,99.7,24.55,25.73,21.32,21.72
79.28,3966,232.8,100,0,0.5,5,11176,-0.01,0.04,116.6,130.1,96.7,99.7,24.55,25.73,21.32,21.72
79.32,3969,232.9,100,0,1.5,5,11179,0.01,0.04,116.6,130.1,96.7,99.7,24.54,25.73,21.31,21.71
79.36,3971,232.9,100,0,0.3,5,11181,0.02,0.04,116.6,130.1,96.7,99.7,24.54,25.73,21.31,21.71
79.4,3974,233,100,0,0.9,5,11184,-0.03,0.04,116.6,130,96.7,99.7,24.54,25.73,21.31,21.71
79.44,3976,233.1,100,0,-0.3,5,11187,0,0.04,116.6,130,96.7,99.7,24.54,25.73,21.31,21.71
79.48,3979,233.1,100,0,0.4,5,11190,0,0.04,116.5,130,96.6,99.6,24.54,25.73,21.31,21.71
79.52,3981,233.2,100,0,0.2,5,11193,0.01,0.04,116.5,130,96.6,99.6,24.54,25.73,21.31,21.71
79.56,3984,233.2,100,0,-0.4,5,11195,0.02,0.04,116.5,130,96.6,99.6,24.54,25.73,21.31,21.71
79.6,3987,233.3,100,0,0.5,5,11198,0.04,0.04,116.5,130,96.6,99.6,24.54,25.72,21.31,21.71
79.64,3989,233.4,100,0,0.1,5,11201,0,0.04,116.5,130,96.6,99.6,24.54,25.72,21.31,21.71
79.68,3992,233.4,100,0,-0.3,5,11204,0.01,0.04,116.5,130,96.6,99.6,24.54,25.72,21.31,21.71
79.72,3994,233.5,100,0,0.2,5,11206,0.03,0.04,116.5,130,96.6,99.6,24.54,25.72,21.31,21.71
79.76,3997,233.5,100,0,-0.2,5,11209,-0.03,0.04,116.5,129.9,96.6,99.6,24.53,25.72,21.3,21.7
79.8,4000,233.6,100,0,0,5,11212,-0.01,0.04,116.4,129.9,96.6,99.6,24.53,25.72,21.3,21.7
79.84,4002,233.6,100,0,0.1,5,11215,0.01,0.04,116.4,129.9,96.5,99.5,24.53,25.72,21.3,21.7
79.88,4005,233.7,100,0,0.6,5,11217,-0.03,0.04,116.4,129.9,96.5,99.5,24.53,25.72,21.3,21.7
79.92,4007,233.8,100,0,-0.1,5,11220,0.01,0.04,116.4,129.9,96.5,99.5,24.53,25.72,21.3,21.7
79.96,4010,233.8,100,0,0,5,11223,0.02,0.04,116.4,129.9,96.5,99.5,24.53,25.72,21.3,21.7
80,4013,233.9,100,0,-0.2,5,11226,0,0.04,116.4,129.9,96.5,99.5,24.53,25.72,21.3,21.7
80.04,4015,233.9,100,0,0.9,5,11228,0,0.04,116.4,129.9,96.5,99.5,24.53,25.71,21.3,21.7
80.08,4018,234,100,0,-0.1,5,11231,-0.01,0.04,116.4,129.8,96.5,99.5,24.53,25.71,21.3,21.7
80.12,4020,234,100,0,0.1,5,11234,0.01,0.04,116.4,129.8,96.5,99.5,24.53,25.71,21.3,21.7
80.16,4023,234.1,100,0,-0.2,5,11237,0.01,0.04,116.3,129.8,96.4,99.4,24.53,25.71,21.3,21.7
80.2,4026,234.2,100,0,-1.3,5,11240,0.03,0.04,116.3,129.8,96.4,99.4,24.52,25.71,21.29,21.69
80.24,4028,234.2,100,0,0.4,5,11242,0.02,0.04,116.3,129.8,96.4,99.4,24.52,25.71,21.29,21.69
80.28,4031,234.3,100,0,0.2,5,11245,-0.01,0.04,116.3,129.8,96.4,99.4,24.52,25.71,21.29,21.69
80.32,4033,234.3,100,0,-0.1,5,11248,0.01,0.04,116.3,129.8,96.4,99.4,24.52,25.71,21.29,21.69
80.36,4036,234.4,100,0,0.3,5,11251,-0.01,0.04,116.3,129.8,96.4,99.4,24.52,25.71,21.29,21.69
80.4,4039,234.4,100,0,-0.4,5,11253,-0.04,0.04,116.3,129.7,96.4,99.4,24.52,25.71,21.29,21.69
80.44,4041,234.5,100,0,-0.1,5,11256,-0.01,0.04,116.3,129.7,96.4,99.4,24.52,25.71,21.29,21.69
80.48,4044,234.6,100,0,0.2,5,11259,-0.01,0.04,116.2,129.7,96.3,99.3,24.52,25.7,21.29,21.69
80.52,4046,234.6,100,0,0,5,11262,0.01,0.04,116.2,129.7,96.3,99.3,24.52,25.7,21.29,21.69
80.56,4049,234.7,100,0,-0.6,5,11264,0.03,0.04,116.2,129.7,96.3,99.3,24.52,25.7,21.29,21.69
80.6,4052,234.7,100,0,0.6,5,11267,-0.01,0.04,116.2,129.7,96.3,99.3,24.52,25.7,21.29,21.69
80.64,4054,234.8,100,0,0.1,5,11270,0.02,0.04,116.2,129.7,96.3,99.3,24.51,25.7,21.29,21.69
80.68,4057,234.8,100,0,0.6,5,11273,0.01,0.04,116.2,129.7,96.3,99.3,24.51,25.7,21.28,21.68
80.72,4059,234.9,100,0,0.2,5,11275,0,0.04,116.2,129.7,96.3,99.3,24.51,25.7,21.28,21.68
80.76,4062,235,100,0,0,5,11278,-0.04,0.04,116.2,129.6,96.3,99.3,24.51,25.7,21.28,21.68
80.8,4065,235,100,0,-0.2,5,11281,-0.01,0.04,116.1,129.6,96.3,99.3,24.51,25.7,21.28,21.68
80.84,4067,235.1,100,0,0.2,5,11284,-0.02,0.04,116.1,129.6,96.2,99.2,24.51,25.7,21.28,21.68
80.88,4070,235.1,100,0,0.4,5,11287,-0.02,0.04,116.1,129.6,96.2,99.2,24.51,25.7,21.28,21.68
80.92,4073,235.2,100,0,-0.4,5,11289,-0.01,0.04,116.1,129.6,96.2,99.2,24.51,25.69,21.28,21.68
80.96,4075,235.3,100,0,0.7,5,11292,0,0.04,116.1,129.6,96.2,99.2,24.51,25.69,21.28,21.68
81,4078,235.3,100,0,-0.1,5,11295,-0.02,0.04,116.1,129.6,96.2,99.2,24.51,25.69,21.28,21.68
81.04,4080,235.4,100,0,-0.1,5,11298,0.01,0.04,116.1,129.6,96.2,99.2,24.51,25.69,21.28,21.68
81.08,4083,235.4,100,0,-0.1,5,11300,0.01,0.04,116.1,129.5,96.2,99.2,24.5,25.69,21.28,21.68
81.12,4086,235.5,100,0,-0.1,5,11303,0.02,0.04,116.1,129.5,96.2,99.2,24.5,25.69,21.27,21.67
81.16,4088,235.5,100,0,-0.3,5,11306,0.03,0.04,116,129.5,96.1,99.1,24.5,25.69,21.27,21.67
81.2,4091,235.6,100,0,-0.1,5,11309,0.03,0.04,116,129.5,96.1,99.1,24.5,25.69,21.27,21.67
81.24,4093,235.7,100,0,0,5,11311,0,0.04,116,129.5,96.1,99.1,24.5,25.69,21.27,21.67
81.28,4096,235.7,100,0,-0.7,5,11314,0.01,0.04,116,129.5,96.1,99.1,24.5,25.69,21.27,21.67
81.32,4099,235.8,100,0,-0.6,5,11317,0.03,0.04,116,129.5,96.1,99.1,24.5,25.69,21.27,21.67
81.36,4101,235.8,100,0,-0.3,5,11320,-0.01,0.04,116,129.5,96.1,99.1,24.5,25.68,21.27,21.67
81.4,4104,235.9,100,0,0.2,5,11322,-0.02,0.04,116,129.4,96.1,99.1,24.5,25.68,21.27,21.67
81.44,4107,235.9,100,0,0.3,5,11325,0.01,0.04,116,129.4,96.1,99.1,24.5,25.68,21.27,21.67
81.48,4109,236,100,0,-0.1,5,11328,0,0.04,115.9,129.4,96,99,24.5,25.68,21.27,21.67
81.52,4112,236.1,100,0,-0.1,5,11331,0.01,0.04,115.9,129.4,96,99,24.49,25.68,21.27,21.67
81.56,4114,236.1,100,0,1.1,5,11334,-0.02,0.04,115.9,129.4,96,99,24.49,25.68,21.26,21.66
81.6,4117,236.2,100,0,0.3,5,11336,0.02,0.04,115.9,129.4,96,99,24.49,25.68,21.26,21.66
81.64,4120,236.2,100,0,0.1,5,11339,0.01,0.04,115.9,129.4,96,99,24.49,25.68,21.26,21.66
81.68,4122,236.3,100,0,0,5,11342,0,0.04,115.9,129.4,96,99,24.49,25.68,21.26,21.66
81.72,4125,236.3,100,0,-0.1,5,11345,0,0.04,115.9,129.4,96,99,24.49,25.68,21.26,21.66
81.76,4128,236.4,100,0,0.2,5,11347,0.02,0.04,115.9,129.3,96,99,24.49,25.68,21.26,21.66
81.8,4130,236.5,100,0,0.6,5,11350,-0.03,0.04,115.8,129.3,96,99,24.49,25.67,21.26,21.66
81.84,4133,236.5,100,0,-0.7,5,11353,0,0.04,115.8,129.3,95.9,98.9,24.49,25.67,21.26,21.66
81.88,4135,236.6,100,0,-0.1,5,11356,0.04,0.04,115.8,129.3,95.9,98.9,24.49,25.67,21.26,21.66
81.92,4138,236.6,100,0,0.4,5,11358,-0.02,0.04,115.8,129.3,95.9,98.9,24.49,25.67,21.26,21.66
81.96,4141,236.7,100,0,-0.3,5,11361,0.01,0.04,115.8,129.3,95.9,98.9,24.49,25.67,21.26,21.66
82,4143,236.7,100,0,0.1,5,11364,0.01,0.04,115.8,129.3,95.9,98.9,24.48,25.67,21.25,21.65
82.04,4146,236.8,100,0,-0.3,5,11367,-0.04,0.04,115.8,129.3,95.9,98.9,24.48,25.67,21.25,21.65
82.08,4149,236.9,100,0,0.5,5,11369,-0.01,0.04,115.8,129.2,95.9,98.9,24.48,25.67,21.25,21.65
82.12,4151,236.9,100,0,0.6,5,11372,0.01,0.04,115.8,129.2,95.9,98.9,24.48,25.67,21.25,21.65
82.16,4154,237,100,0,-0.8,5,11375,-0.01,0.04,115.7,129.2,95.8,98.8,24.48,25.67,21.25,21.65
82.2,4156,237,100,0,0.1,5,11378,0,0.04,115.7,129.2,95.8,98.8,24.48,25.67,21.25,21.65
82.24,4159,237.1,100,0,0.7,5,11381,0,0.04,115.7,129.2,95.8,98.8,24.48,25.66,21.25,21.65
82.28,4162,237.2,100,0,0.2,5,11383,-0.02,0.04,115.7,129.2,95.8,98.8,24.48,25.66,21.25,21.65
82.32,4164,237.2,100,0,-0.2,5,11386,-0.03,0.04,115.7,129.2,95.8,98.8,24.48,25.66,21.25,21.65
82.36,4167,237.3,100,0,-0.3,5,11389,-0.01,0.04,115.7,129.2,95.8,98.8,24.48,25.66,21.25,21.65
82.4,4170,237.3,100,0,0.7,5,11392,0.02,0.04,115.7,129.1,95.8,98.8,24.48,25.66,21.25,21.65
82.44,4172,237.4,100,0,0,5,11394,0.01,0.04,115.7,129.1,95.8,98.8,24.47,25.66,21.24,21.64
82.48,4175,237.4,100,0,-1.1,5,11397,-0.01,0.04,115.6,129.1,95.7,98.7,24.47,25.66,21.24,21.64
82.52,4178,237.5,100,0,-0.3,5,11400,0.01,0.04,115.6,129.1,95.7,98.7,24.47,25.66,21.24,21.64
82.56,4180,237.6,100,0,0.6,5,11403,0,0.04,115.6,129.1,95.7,98.7,24.47,25.66,21.24,21.64
82.6,4183,237.6,100,0,0.4,5,11405,-0.02,0.04,115.6,129.1,95.7,98.7,24.47,25.66,21.24,21.64
82.64,4186,237.7,100,0,0,5,11408,0,0.04,115.6,129.1,95.7,98.7,24.47,25.66,21.24,21.64
82.68,4188,237.7,100,0,-0.1,5,11411,-0.01,0.04,115.6,129.1,95.7,98.7,24.47,25.65,21.24,21.64
82.72,4191,237.8,100,0,-0.3,5,11414,0,0.04,115.6,129.1,95.7,98.7,24.47,25.65,21.24,21.64
82.76,4193,237.8,100,0,-0.3,5,11416,-0.04,0.04,115.6,129,95.7,98.7,24.47,25.65,21.24,21.64
82.8,4196,237.9,100,0,0.1,5,11419,-0.02,0.04,115.5,129,95.7,98.7,24.47,25.65,21.24,21.64
82.84,4199,238,100,0,0.2,5,11422,0.05,0.04,115.5,129,95.6,98.6,24.47,25.65,21.24,21.64
82.88,4201,238,100,0,0.3,5,11425,-0.04,0.04,115.5,129,95.6,98.6,24.46,25.65,21.23,21.63
82.92,4204,238.1,100,0,-0.3,5,11428,0,0.04,115.5,129,95.6,98.6,24.46,25.65,21.23,21.63
82.96,4207,238.1,100,0,0.5,5,11430,0,0.04,115.5,129,95.6,98.6,24.46,25.65,21.23,21.63
83,4209,238.2,100,0,-0.1,5,11433,-0.03,0.04,115.5,129,95.6,98.6,24.46,25.65,21.23,21.63
83.04,4212,238.2,100,0,-0.2,5,11436,0.01,0.04,115.5,129,95.6,98.6,24.46,25.65,21.23,21.63
83.08,4215,238.3,100,0,0.1,5,11439,-0.01,0.04,115.5,128.9,95.6,98.6,24.46,25.65,21.23,21.63
83.12,4217,238.4,100,0,0.1,5,11441,0.03,0.04,115.5,128.9,95.6,98.6,24.46,25.64,21.23,21.63
83.16,4220,238.4,100,0,0,5,11444,0.01,0.04,115.4,128.9,95.5,98.5,24.46,25.64,21.23,21.63
83.2,4223,238.5,100,0,0.3,5,11447,0.01,0.04,115.4,128.9,95.5,98.5,24.46,25.64,21.23,21.63
83.24,4225,238.5,100,0,0.3,5,11450,0.02,0.04,115.4,128.9,95.5,98.5,24.46,25.64,21.23,21.63
83.28,4228,238.6,100,0,0.4,5,11452,0.03,0.04,115.4,128.9,95.5,98.5,24.46,25.64,21.23,21.63
83.32,4230,238.6,100,0,0.8,5,11455,0.02,0.04,115.4,128.9,95.5,98.5,24.45,25.64,21.22,21.62
83.36,4233,238.7,100,0,0.1,5,11458,-0.01,0.04,115.4,128.9,95.5,98.5,24.45,25.64,21.22,21.62
83.4,4236,238.8,100,0,0.3,5,11461,0.01,0.04,115.4,128.8,95.5,98.5,24.45,25.64,21.22,21.62
83.44,4238,238.8,100,0,-0.8,5,11463,0,0.04,115.4,128.8,95.5,98.5,24.45,25.64,21.22,21.62
83.48,4241,238.9,100,0,0,5,11466,0.01,0.04,115.3,128.8,95.4,98.4,24.45,25.64,21.22,21.62
83.52,4244,238.9,100,0,0.5,5,11469,-0.02,0.04,115.3,128.8,95.4,98.4,24.45,25.64,21.22,21.62
83.56,4246,239,100,0,0.6,5,11472,-0.02,0.04,115.3,128.8,95.4,98.4,24.45,25.64,21.22,21.62
83.6,4249,239.1,100,0,0.3,5,11475,-0.01,0.04,115.3,128.8,95.4,98.4,24.45,25.63,21.22,21.62
83.64,4252,239.1,100,0,0,5,11477,0.04,0.04,115.3,128.8,95.4,98.4,24.45,25.63,21.22,21.62
83.68,4254,239.2,100,0,0.8,5,11480,0,0.04,115.3,128.8,95.4,98.4,24.45,25.63,21.22,21.62
83.72,4257,239.2,100,0,1.1,5,11483,-0.01,0.04,115.3,128.8,95.4,98.4,24.45,25.63,21.22,21.62
83.76,4260,239.3,100,0,-0.1,5,11486,0.01,0.04,115.3,128.7,95.4,98.4,24.44,25.63,21.21,21.61
83.8,4262,239.3,100,0,-0.2,5,11488,0,0.04,115.2,128.7,95.4,98.4,24.44,25.63,21.21,21.61
83.84,4265,239.4,100,0,-0.2,5,11491,0.03,0.04,115.2,128.7,95.3,98.3,24.44,25.63,21.21,21.61
83.88,4268,239.5,100,0,-0.9,5,11494,0,0.04,115.2,128.7,95.3,98.3,24.44,25.63,21.21,21.61
83.92,4270,239.5,100,0,0.1,5,11497,0.02,0.04,115.2,128.7,95.3,98.3,24.44,25.63,21.21,21.61
83.96,4273,239.6,100,0,-0.4,5,11499,0,0.04,115.2,128.7,95.3,98.3,24.44,25.63,21.21,21.61
84,4276,239.6,100,0,0.5,5,11502,0.01,0.04,115.2,128.7,95.3,98.3,24.44,25.63,21.21,21.61
84.04,4278,239.7,100,0,0.1,5,11505,0,0.04,115.2,128.7,95.3,98.3,24.44,25.62,21.21,21.61
84.08,4281,239.7,100,0,0.6,5,11508,0.01,0.04,115.2,128.6,95.3,98.3,24.44,25.62,21.21,21.61
84.12,4284,239.8,100,0,-0.4,5,11510,0.01,0.04,115.2,128.6,95.3,98.3,24.44,25.62,21.21,21.61
84.16,4286,239.9,100,0,0.1,5,11513,-0.01,0.04,115.1,128.6,95.2,98.2,24.44,25.62,21.21,21.61
84.2,4289,239.9,100,0,-0.4,5,11516,0.02,0.04,115.1,128.6,95.2,98.2,24.43,25.62,21.2,21.6
84.24,4292,240,100,0,0.2,5,11519,-0.04,0.04,115.1,128.6,95.2,98.2,24.43,25.62,21.2,21.6
84.28,4294,240,100,0,-0.1,5,10139,-0.03,0.04,115.1,128.6,95.2,98.2,24.43,25.62,21.2,21.6
84.32,4297,240.1,100,0,0.2,5,10141,0.02,0.04,115.1,128.6,95.2,98.2,24.43,25.62,21.2,21.6
84.36,4300,240.1,100,0,-0.4,5,10144,-0.01,0.04,115.1,128.6,95.2,98.2,24.43,25.62,21.2,21.6
84.4,4302,240.2,100,0,-0.4,5,10146,0.04,0.04,115.1,128.5,95.2,98.2,24.43,25.62,21.2,21.6
84.44,4305,240.3,100,0,0.7,5,10149,-0.02,0.04,115.1,128.5,95.2,98.2,24.43,25.62,21.2,21.6
84.48,4308,240.3,100,0,0.5,5,10151,-0.02,0.04,115,128.5,95.1,98.1,24.43,25.61,21.2,21.6
84.52,4310,240.4,100,0,-0.6,5,10153,0,0.04,115,128.5,95.1,98.1,24.43,25.61,21.2,21.6
84.56,4313,240.4,100,0,0.1,5,10156,-0.01,0.04,115,128.5,95.1,98.1,24.43,25.61,21.2,21.6
84.6,4316,240.5,100,0,0.2,5,10159,-0.04,0.04,115,128.5,95.1,98.1,24.43,25.61,21.2,21.6
84.64,4318,240.6,100,0,0.3,5,10160,0.03,0.04,115,128.5,95.1,98.1,24.42,25.61,21.2,21.6
84.68,4321,240.6,100,0,0.2,5,10163,-0.01,0.04,115,128.5,95.1,98.1,24.42,25.61,21.19,21.59
84.72,4324,240.7,100,0,-0.1,5,10166,-0.02,0.04,115,128.5,95.1,98.1,24.42,25.61,21.19,21.59
84.76,4326,240.7,100,0,-0.4,5,10168,0.01,0.04,115,128.4,95.1,98.1,24.42,25.61,21.19,21.59
84.8,4329,240.8,100,0,0.2,5,10170,0.01,0.04,114.9,128.4,95.1,98.1,24.42,25.61,21.19,21.59
84.84,4332,240.8,100,0,0.5,5,10173,-0.02,0.04,114.9,128.4,95,98,24.42,25.61,21.19,21.59
84.88,4334,240.9,100,0,0.2,5,10175,-0.01,0.04,114.9,128.4,95,98,24.42,25.61,21.19,21.59
84.92,4337,241,100,0,0.4,5,10178,-0.01,0.04,114.9,128.4,95,98,24.42,25.6,21.19,21.59
84.96,4340,241,100,0,0.7,5,10181,0.01,0.04,114.9,128.4,95,98,24.42,25.6,21.19,21.59
85,4342,241.1,100,0,0,5,10182,0.01,0.04,114.9,128.4,95,98,24.42,25.6,21.19,21.59
85.04,4345,241.1,100,0,0,5,10185,0.05,0.04,114.9,128.4,95,98,24.42,25.6,21.19,21.59
85.08,4348,241.2,100,0,0.2,5,10188,0.01,0.04,114.9,128.3,95,98,24.41,25.6,21.19,21.59
85.12,4350,241.2,100,0,0.5,5,11580,-0.03,0.04,114.9,128.3,95,98,24.41,25.6,21.18,21.58
85.16,4353,241.3,100,0,-0.1,5,11582,0.01,0.04,114.8,128.3,94.9,97.9,24.41,25.6,21.18,21.58
85.2,4356,241.4,100,0,0.5,5,11585,-0.03,0.04,114.8,128.3,94.9,97.9,24.41,25.6,21.18,21.58
85.24,4358,241.4,100,0,0.3,5,11588,0,0.04,114.8,128.3,94.9,97.9,24.41,25.6,21.18,21.58
85.28,4361,241.5,100,0,-1.1,5,11591,-0.05,0.04,114.8,128.3,94.9,97.9,24.41,25.6,21.18,21.58
85.32,4364,241.5,100,0,0.9,5,11593,0.03,0.04,114.8,128.3,94.9,97.9,24.41,25.6,21.18,21.58
85.36,4367,241.6,100,0,0.3,5,11596,0.04,0.04,114.8,128.3,94.9,97.9,24.41,25.59,21.18,21.58
85.4,4369,241.6,100,0,-0.1,5,11599,0.02,0.04,114.8,128.2,94.9,97.9,24.41,25.59,21.18,21.58
85.44,4372,241.7,100,0,-0.5,5,11602,-0.03,0.04,114.8,128.2,94.9,97.9,24.41,25.59,21.18,21.58
85.48,4375,241.8,100,0,0.2,5,11604,-0.01,0.04,114.7,128.2,94.8,97.8,24.41,25.59,21.18,21.58
85.52,4377,241.8,100,0,0.5,5,11607,-0.02,0.04,114.7,128.2,94.8,97.8,24.4,25.59,21.18,21.58
85.56,4380,241.9,100,0,-0.3,5,11610,-0.01,0.04,114.7,128.2,94.8,97.8,24.4,25.59,21.17,21.57
85.6,4383,241.9,100,0,-0.1,5,11613,-0.01,0.04,114.7,128.2,94.8,97.8,24.4,25.59,21.17,21.57
85.64,4385,242,100,0,-0.3,5,11616,-0.02,0.04,114.7,128.2,94.8,97.8,24.4,25.59,21.17,21.57
85.68,4388,242,100,0,-0.7,5,11618,0.03,0.04,114.7,128.2,94.8,97.8,24.4,25.59,21.17,21.57
85.72,4391,242.1,100,0,0,5,11621,0.01,0.04,114.7,128.2,94.8,97.8,24.4,25.59,21.17,21.57
85.76,4393,242.2,100,0,-0.3,5,11624,0.02,0.04,114.7,128.1,94.8,97.8,24.4,25.59,21.17,21.57
85.8,4396,242.2,100,0,0.4,5,11627,0,0.04,114.6,128.1,94.8,97.8,24.4,25.58,21.17,21.57
85.84,4399,242.3,100,0,-0.4,5,11629,0.01,0.04,114.6,128.1,94.7,97.7,24.4,25.58,21.17,21.57
85.88,4401,242.3,100,0,0.2,5,11632,0.02,0.04,114.6,128.1,94.7,97.7,24.4,25.58,21.17,21.57
85.92,4404,242.4,100,0,0,5,11635,0,0.04,114.6,128.1,94.7,97.7,24.4,25.58,21.17,21.57
85.96,4407,242.5,100,0,0.2,5,11638,-0.01,0.04,114.6,128.1,94.7,97.7,24.4,25.58,21.17,21.57
86,4410,242.5,100,0,0.1,5,11640,-0.01,0.04,114.6,128.1,94.7,97.7,24.39,25.58,21.16,21.56
86.04,4412,242.6,100,0,1.1,5,11643,0,0.04,114.6,128.1,94.7,97.7,24.39,25.58,21.16,21.56
86.08,4415,242.6,100,0,0.3,5,11646,-0.01,0.04,114.6,128,94.7,97.7,24.39,25.58,21.16,21.56
86.12,4418,242.7,100,0,-0.3,5,11649,0.01,0.04,114.6,128,94.7,97.7,24.39,25.58,21.16,21.56
86.16,4420,242.7,100,0,0.4,5,11651,-0.01,0.04,114.5,128,94.6,97.6,24.39,25.58,21.16,21.56
86.2,4423,242.8,100,0,0,5,11654,-0.01,0.04,114.5,128,94.6,97.6,24.39,25.58,21.16,21.56
86.24,4426,242.9,100,0,0.2,5,11657,0.03,0.04,114.5,128,94.6,97.6,24.39,25.57,21.16,21.56
86.28,4428,242.9,100,0,0.2,5,11660,-0.03,0.04,114.5,128,94.6,97.6,24.39,25.57,21.16,21.56
86.32,4431,243,100,0,-0.1,5,11663,-0.03,0.04,114.5,128,94.6,97.6,24.39,25.57,21.16,21.56
86.36,4434,243,100,0,-0.4,5,11665,0,0.04,114.5,128,94.6,97.6,24.39,25.57,21.16,21.56
86.4,4437,243.1,100,0,0.6,5,11668,0,0.04,114.5,127.9,94.6,97.6,24.39,25.57,21.16,21.56
86.44,4439,243.1,100,0,0,5,11671,0.01,0.04,114.5,127.9,94.6,97.6,24.38,25.57,21.15,21.55
86.48,4442,243.2,100,0,0.1,5,11674,0.01,0.04,114.4,127.9,94.5,97.5,24.38,25.57,21.15,21.55
86.52,4445,243.3,100,0,-0.8,5,11676,0,0.04,114.4,127.9,94.5,97.5,24.38,25.57,21.15,21.55
86.56,4447,243.3,100,0,-0.4,5,11679,-0.01,0.04,114.4,127.9,94.5,97.5,24.38,25.57,21.15,21.55
86.6,4450,243.4,100,0,-0.4,5,11682,0,0.04,114.4,127.9,94.5,97.5,24.38,25.57,21.15,21.55
86.64,4453,243.4,100,0,0.7,5,11685,-0.05,0.04,114.4,127.9,94.5,97.5,24.38,25.57,21.15,21.55
86.68,4455,243.5,100,0,-0.1,5,11687,-0.03,0.04,114.4,127.9,94.5,97.5,24.38,25.56,21.15,21.55
86.72,4458,243.5,100,0,0.6,5,11690,-0.01,0.04,114.4,127.9,94.5,97.5,24.38,25.56,21.15,21.55
86.76,4461,243.6,100,0,0.4,5,11693,0.01,0.04,114.4,127.8,94.5,97.5,24.38,25.56,21.15,21.55
86.8,4464,243.7,100,0,0.4,5,11696,0.01,0.04,114.3,127.8,94.5,97.5,24.38,25.56,21.15,21.55
86.84,4466,243.7,100,0,0.1,5,11698,-0.04,0.04,114.3,127.8,94.4,97.4,24.38,25.56,21.15,21.55
86.88,4469,243.8,100,0,-0.3,5,11701,0,0.04,114.3,127.8,94.4,97.4,24.37,25.56,21.14,21.54
86.92,4472,243.8,100,0,0.1,5,11704,0,0.04,114.3,127.8,94.4,97.4,24.37,25.56,21.14,21.54
86.96,4474,243.9,100,0,0,5,11707,-0.02,0.04,114.3,127.8,94.4,97.4,24.37,25.56,21.14,21.54
87,4477,243.9,100,0,-0.6,5,11710,0.03,0.04,114.3,127.8,94.4,97.4,24.37,25.56,21.14,21.54
87.04,4480,244,100,0,0.3,5,11712,0,0.04,114.3,127.8,94.4,97.4,24.37,25.56,21.14,21.54
87.08,4483,244.1,100,0,0.5,5,11715,-0.03,0.04,114.3,127.7,94.4,97.4,24.37,25.56,21.14,21.54
87.12,4485,244.1,100,0,0.6,5,11718,0,0.04,114.3,127.7,94.4,97.4,24.37,25.55,21.14,21.54
87.16,4488,244.2,100,0,0.1,5,11721,0.01,0.04,114.2,127.7,94.3,97.3,24.37,25.55,21.14,21.54
87.2,4491,244.2,100,0,0.4,5,11723,-0.01,0.04,114.2,127.7,94.3,97.3,24.37,25.55,21.14,21.54
87.24,4493,244.3,100,0,-0.3,5,11726,-0.03,0.04,114.2,127.7,94.3,97.3,24.37,25.55,21.14,21.54
87.28,4496,244.4,100,0,0.4,5,11729,-0.01,0.04,114.2,127.7,94.3,97.3,24.37,25.55,21.14,21.54
87.32,4499,244.4,100,0,-0.1,5,11732,0,0.04,114.2,127.7,94.3,97.3,24.36,25.55,21.13,21.53
87.36,4502,244.5,100,0,-0.4,5,11734,0.03,0.04,114.2,127.7,94.3,97.3,24.36,25.55,21.13,21.53
87.4,4504,244.5,100,0,0,5,11737,-0.01,0.04,114.2,127.6,94.3,97.3,24.36,25.55,21.13,21.53
87.44,4507,244.6,100,0,0.1,5,11740,0.03,0.04,114.2,127.6,94.3,97.3,24.36,25.55,21.13,21.53
87.48,4510,244.6,100,0,-0.2,5,11743,-0.01,0.04,114.1,127.6,94.2,97.2,24.36,25.55,21.13,21.53
87.52,4512,244.7,100,0,0.1,5,11745,0.03,0.04,114.1,127.6,94.2,97.2,24.36,25.55,21.13,21.53
87.56,4515,244.8,100,0,0.1,5,11748,-0.01,0.04,114.1,127.6,94.2,97.2,24.36,25.55,21.13,21.53
87.6,4518,244.8,100,0,-0.5,5,11751,-0.01,0.04,114.1,127.6,94.2,97.2,24.36,25.54,21.13,21.53
87.64,4521,244.9,100,0,0.5,5,11754,0.01,0.04,114.1,127.6,94.2,97.2,24.36,25.54,21.13,21.53
87.68,4523,244.9,100,0,0,5,11757,-0.01,0.04,114.1,127.6,94.2,97.2,24.36,25.54,21.13,21.53
87.72,4526,245,100,0,0.2,5,11759,0.01,0.04,114.1,127.6,94.2,97.2,24.36,25.54,21.13,21.53
87.76,4529,245,100,0,0.4,5,11762,0.02,0.04,114.1,127.5,94.2,97.2,24.35,25.54,21.12,21.52
87.8,4531,245.1,100,0,0.5,5,11765,0.04,0.04,114,127.5,94.2,97.2,24.35,25.54,21.12,21.52
87.84,4534,245.2,100,0,0,5,11768,0.03,0.04,114,127.5,94.1,97.1,24.35,25.54,21.12,21.52
87.88,4537,245.2,100,0,-0.3,5,11770,0.02,0.04,114,127.5,94.1,97.1,24.35,25.54,21.12,21.52
87.92,4540,245.3,100,0,-0.8,5,11773,0.02,0.04,114,127.5,94.1,97.1,24.35,25.54,21.12,21.52
87.96,4542,245.3,100,0,0.1,5,11776,-0.02,0.04,114,127.5,94.1,97.1,24.35,25.54,21.12,21.52
88,4545,245.4,100,0,0.2,5,11779,0,0.04,114,127.5,94.1,97.1,24.35,25.54,21.12,21.52
88.04,4548,245.4,100,0,0.1,5,11781,0.02,0.04,114,127.5,94.1,97.1,24.35,25.53,21.12,21.52
88.08,4551,245.5,100,0,-0.8,5,11784,0.04,0.04,114,127.4,94.1,97.1,24.35,25.53,21.12,21.52
88.12,4553,245.6,100,0,0.1,5,11787,0.02,0.04,114,127.4,94.1,97.1,24.35,25.53,21.12,21.52
88.16,4556,245.6,100,0,0.1,5,11790,-0.02,0.04,113.9,127.4,94,97,24.35,25.53,21.12,21.52
88.2,4559,245.7,100,0,-0.1,5,11792,0,0.04,113.9,127.4,94,97,24.34,25.53,21.11,21.51
88.24,4561,245.7,100,0,-0.6,5,11795,0,0.04,113.9,127.4,94,97,24.34,25.53,21.11,21.51
88.28,4564,245.8,100,0,0.6,5,11798,-0.01,0.04,113.9,127.4,94,97,24.34,25.53,21.11,21.51
88.32,4567,245.8,100,0,0,5,11801,0,0.04,113.9,127.4,94,97,24.34,25.53,21.11,21.51
88.36,4570,245.9,100,0,0.7,5,11804,0,0.04,113.9,127.4,94,97,24.34,25.53,21.11,21.51
88.4,4572,246,100,0,0.6,5,11806,0.01,0.04,113.9,127.3,94,97,24.34,25.53,21.11,21.51
88.44,4575,246,100,0,0.5,5,11809,-0.02,0.04,113.9,127.3,94,97,24.34,25.53,21.11,21.51
88.48,4578,246.1,100,0,-0.9,5,11812,-0.01,0.04,113.8,127.3,93.9,96.9,24.34,25.52,21.11,21.51
88.52,4581,246.1,100,0,0.1,5,11815,0.01,0.04,113.8,127.3,93.9,96.9,24.34,25.52,21.11,21.51
88.56,4583,246.2,100,0,-0.1,5,11817,0,0.04,113.8,127.3,93.9,96.9,24.34,25.52,21.11,21.51
88.6,4586,246.3,100,0,0.3,5,11820,0.01,0.04,113.8,127.3,93.9,96.9,24.34,25.52,21.11,21.51
88.64,4589,246.3,100,0,0.6,5,11823,0.02,0.04,113.8,127.3,93.9,96.9,24.33,25.52,21.11,21.51
88.68,4592,246.4,100,0,-0.4,5,11826,-0.03,0.04,113.8,127.3,93.9,96.9,24.33,25.52,21.1,21.5
88.72,4594,246.4,100,0,-0.3,5,11828,0,0.04,113.8,127.3,93.9,96.9,24.33,25.52,21.1,21.5
88.76,4597,246.5,100,0,0.6,5,11831,0.04,0.04,113.8,127.2,93.9,96.9,24.33,25.52,21.1,21.5
88.8,4600,246.5,100,0,-0.3,5,11834,0.03,0.04,113.7,127.2,93.9,96.9,24.33,25.52,21.1,21.5
88.84,4602,246.6,100,0,-0.4,5,11837,0,0.04,113.7,127.2,93.8,96.8,24.33,25.52,21.1,21.5
88.88,4605,246.7,100,0,0.8,5,11839,-0.02,0.04,113.7,127.2,93.8,96.8,24.33,25.52,21.1,21.5
88.92,4608,246.7,100,0,-0.5,5,11842,-0.04,0.04,113.7,127.2,93.8,96.8,24.33,25.51,21.1,21.5
88.96,4611,246.8,100,0,-0.3,5,11845,0.01,0.04,113.7,127.2,93.8,96.8,24.33,25.51,21.1,21.5
89,4613,246.8,100,0,-0.6,5,11848,0.04,0.04,113.7,127.2,93.8,96.8,24.33,25.51,21.1,21.5
89.04,4616,246.9,100,0,-0.2,5,11851,-0.01,0.04,113.7,127.2,93.8,96.8,24.33,25.51,21.1,21.5
89.08,4619,246.9,100,0,0.4,5,11853,0,0.04,113.7,127.1,93.8,96.8,24.32,25.51,21.1,21.5
89.12,4622,247,100,0,-0.4,5,11856,-0.02,0.04,113.7,127.1,93.8,96.8,24.32,25.51,21.09,21.49
89.16,4624,247.1,100,0,0.5,5,11859,0,0.04,113.6,127.1,93.7,96.7,24.32,25.51,21.09,21.49
89.2,4627,247.1,100,0,-0.3,5,11862,-0.07,0.04,113.6,127.1,93.7,96.7,24.32,25.51,21.09,21.49
89.24,4630,247.2,100,0,0.4,5,11864,0.02,0.04,113.6,127.1,93.7,96.7,24.32,25.51,21.09,21.49
89.28,4633,247.2,100,0,0.1,5,11867,0.04,0.04,113.6,127.1,93.7,96.7,24.32,25.51,21.09,21.49
89.32,4635,247.3,100,0,-0.2,5,11870,0,0.04,113.6,127.1,93.7,96.7,24.32,25.51,21.09,21.49
89.36,4638,247.3,100,0,0.6,5,11873,0,0.04,113.6,127.1,93.7,96.7,24.32,25.5,21.09,21.49
89.4,4641,247.4,100,0,0.2,5,11875,0.01,0.04,113.6,127,93.7,96.7,24.32,25.5,21.09,21.49
89.44,4644,247.5,100,0,-0.2,5,11878,-0.01,0.04,113.6,127,93.7,96.7,24.32,25.5,21.09,21.49
89.48,4646,247.5,100,0,0.2,5,11881,-0.02,0.04,113.5,127,93.6,96.6,24.32,25.5,21.09,21.49
89.52,4649,247.6,100,0,-0.6,5,11884,0.02,0.04,113.5,127,93.6,96.6,24.31,25.5,21.09,21.49
89.56,4652,247.6,100,0,-0.6,5,11886,-0.06,0.04,113.5,127,93.6,96.6,24.31,25.5,21.08,21.48
89.6,4655,247.7,100,0,0.1,5,11889,-0.01,0.04,113.5,127,93.6,96.6,24.31,25.5,21.08,21.48
89.64,4657,247.8,100,0,-0.2,5,11892,0.01,0.04,113.5,127,93.6,96.6,24.31,25.5,21.08,21.48
89.68,4660,247.8,100,0,-0.1,5,11895,-0.04,0.04,113.5,127,93.6,96.6,24.31,25.5,21.08,21.48
89.72,4663,247.9,100,0,0.4,5,11898,0,0.04,113.5,127,93.6,96.6,24.31,25.5,21.08,21.48
89.76,4666,247.9,100,0,0.1,5,11900,0.03,0.04,113.5,126.9,93.6,96.6,24.31,25.5,21.08,21.48
89.8,4668,248,100,0,0,5,11903,0.02,0.04,113.4,126.9,93.6,96.6,24.31,25.49,21.08,21.48
89.84,4671,248,100,0,-0.4,5,11906,0,0.04,113.4,126.9,93.5,96.5,24.31,25.49,21.08,21.48
89.88,4674,248.1,100,0,-0.3,5,11909,0.01,0.04,113.4,126.9,93.5,96.5,24.31,25.49,21.08,21.48
89.92,4677,248.2,100,0,0.3,5,11911,0.01,0.04,113.4,126.9,93.5,96.5,24.31,25.49,21.08,21.48
89.96,4679,248.2,100,0,0.8,5,11914,0.01,0.04,113.4,126.9,93.5,96.5,24.31,25.49,21.08,21.48
90,4682,248.3,100,0,-0.8,5,11917,0.03,0.04,113.4,126.9,93.5,96.5,24.3,25.49,21.07,21.47
90.04,4685,248.3,100,0,0.4,5,11920,0.01,0.04,113.4,126.9,93.5,96.5,24.3,25.49,21.07,21.47
90.08,4688,248.4,100,0,0.1,5,11922,0.01,0.04,113.4,126.8,93.5,96.5,24.3,25.49,21.07,21.47
90.12,4690,248.4,100,0,0,5,11925,-0.02,0.04,113.4,126.8,93.5,96.5,24.3,25.49,21.07,21.47
90.16,4693,248.5,100,0,0.8,5,11928,-0.01,0.04,113.3,126.8,93.4,96.4,24.3,25.49,21.07,21.47
90.2,4696,248.6,100,0,0.1,5,11931,0.01,0.04,113.3,126.8,93.4,96.4,24.3,25.49,21.07,21.47
90.24,4699,248.6,100,0,0.2,5,11933,-0.02,0.04,113.3,126.8,93.4,96.4,24.3,25.48,21.07,21.47
90.28,4702,248.7,100,0,-0.2,5,11936,0.03,0.04,113.3,126.8,93.4,96.4,24.3,25.48,21.07,21.47
90.32,4704,248.7,100,0,0.2,5,11939,0,0.04,113.3,126.8,93.4,96.4,24.3,25.48,21.07,21.47
90.36,4707,248.8,100,0,-0.1,5,11942,-0.01,0.04,113.3,126.8,93.4,96.4,24.3,25.48,21.07,21.47
90.4,4710,248.8,100,0,0.2,5,11945,-0.05,0.04,113.3,126.7,93.4,96.4,24.3,25.48,21.07,21.47
90.44,4713,248.9,100,0,0.9,5,11947,0,0.04,113.3,126.7,93.4,96.4,24.29,25.48,21.06,21.46
90.48,4715,249,100,0,0.4,5,11950,0.01,0.04,113.2,126.7,93.3,96.3,24.29,25.48,21.06,21.46
90.52,4718,249,100,0,0.5,5,11953,-0.04,0.04,113.2,126.7,93.3,96.3,24.29,25.48,21.06,21.46
90.56,4721,249.1,100,0,-0.2,5,11956,-0.03,0.04,113.2,126.7,93.3,96.3,24.29,25.48,21.06,21.46
90.6,4724,249.1,100,0,-0.6,5,11958,0,0.04,113.2,126.7,93.3,96.3,24.29,25.48,21.06,21.46
90.64,4726,249.2,100,0,-0.2,5,11961,-0.01,0.04,113.2,126.7,93.3,96.3,24.29,25.48,21.06,21.46
90.68,4729,249.2,100,0,-0.4,5,11964,-0.02,0.04,113.2,126.7,93.3,96.3,24.29,25.47,21.06,21.46
90.72,4732,249.3,100,0,0.6,5,11967,-0.04,0.04,113.2,126.7,93.3,96.3,24.29,25.47,21.06,21.46
90.76,4735,249.4,100,0,0.8,5,11969,-0.01,0.04,113.2,126.6,93.3,96.3,24.29,25.47,21.06,21.46
90.8,4737,249.4,100,0,-0.4,5,11972,-0.05,0.04,113.1,126.6,93.3,96.3,24.29,25.47,21.06,21.46
90.84,4740,249.5,100,0,-0.1,5,11975,0.01,0.04,113.1,126.6,93.2,96.2,24.29,25.47,21.06,21.46
90.88,4743,249.4,0,2,-0.3,5,11969,0,-4.2,113.2,126.7,93.2,96.2,24.29,25.48,21.06,21.46
90.92,4746,248.9,0,7,0.9,5,11947,0,-4.2,113.2,126.9,93.2,96.2,24.29,25.49,21.06,21.46
90.96,4749,248.1,0,12,0.8,5,11910,0,-4.2,113.3,127,93.2,96.2,24.29,25.5,21.06,21.46
91,4751,247,0,17,0.2,5,11858,0,-4.2,113.3,127.1,93.2,96.2,24.3,25.51,21.06,21.46
91.04,4754,245.6,0,23,0.8,5,11788,0,-4.2,113.3,127.2,93.2,96.2,24.3,25.52,21.06,21.46
91.08,4757,243.8,0,28,-0.3,5,11702,0,-4.2,113.4,127.3,93.2,96.2,24.3,25.53,21.06,21.46
91.12,4759,241.7,0,33,-0.4,5,11600,0,-4.2,113.4,127.5,93.2,96.2,24.31,25.53,21.06,21.46
91.16,4762,239.2,0,38,0.6,5,11483,0,-4.2,113.5,127.6,93.2,96.2,24.31,25.54,21.06,21.46
91.2,4765,236.5,0,43,1.1,5,11351,0,-4.2,113.5,127.7,93.2,96.2,24.31,25.55,21.06,21.46
91.24,4767,233.4,0,48,-0.5,5,11204,0,-4.2,113.5,127.8,93.2,96.2,24.32,25.56,21.06,21.46
91.28,4770,230.2,0,50,1,5,11050,0,-4.2,113.6,127.9,93.2,96.2,24.32,25.57,21.06,21.46
91.32,4773,227,0,50,0.1,5,10897,0,-4.2,113.6,128.1,93.2,96.2,24.32,25.58,21.06,21.46
91.36,4775,223.8,0,50,-0.9,5,10743,0,-4.2,113.7,128.2,93.2,96.2,24.32,25.59,21.06,21.46
91.4,4778,220.6,0,50,-0.1,5,10589,0,-4.2,113.7,128.3,93.2,96.2,24.33,25.6,21.06,21.46
91.44,4780,217.4,0,50,1.1,5,10436,0,-4.2,113.7,128.4,93.2,96.2,24.33,25.61,21.06,21.46
91.48,4782,216.5,0,50,0.1,5,10392,0,-4.2,113.8,128.5,93.2,96.2,24.33,25.62,21.06,21.46
91.52,4785,216.5,0,50,0.1,5,10392,0,-4.2,113.8,128.7,93.2,96.2,24.34,25.62,21.06,21.46
91.56,4787,216.5,0,50,1.6,5,10392,0,-4.2,113.9,128.8,93.2,96.2,24.34,25.63,21.06,21.46
91.6,4790,216.5,0,50,-1.2,5,10392,0,-4.2,113.9,128.9,93.2,96.2,24.34,25.64,21.06,21.46
91.64,4792,216.5,0,50,-0.1,5,10392,0,-4.2,113.9,129,93.2,96.2,24.35,25.65,21.06,21.46
91.68,4795,216.5,0,50,1,5,10392,0,-4.2,114,129.1,93.2,96.2,24.35,25.66,21.06,21.46
91.72,4797,216.5,0,50,0.1,5,10392,0,-4.2,114,129.3,93.2,96.2,24.35,25.67,21.06,21.46
91.76,4799,216.5,0,50,-0.4,5,10392,0,-4.2,114.1,129.4,93.2,96.2,24.35,25.68,21.06,21.46
91.8,4802,216.5,0,50,0.6,5,10392,0,-4.2,114.1,129.5,93.2,96.2,24.36,25.69,21.06,21.46
91.84,4804,216.5,0,50,0.7,5,10392,0,-4.2,114.1,129.6,93.2,96.2,24.36,25.7,21.06,21.46
91.88,4807,216.5,0,50,0,5,10392,0,-4.2,114.2,129.7,93.2,96.2,24.36,25.71,21.06,21.46
91.92,4809,216.5,0,50,-1.7,5,10392,0,-4.2,114.2,129.9,93.2,96.2,24.37,25.71,21.06,21.46
91.96,4811,216.5,0,50,-0.4,5,10392,0,-4.2,114.3,130,93.2,96.2,24.37,25.72,21.06,21.46
92,4814,216.5,0,50,-0.3,5,10392,0,-4.2,114.3,130.1,93.2,96.2,24.37,25.73,21.06,21.46
92.04,4816,216.5,0,50,0.9,5,10392,0,-4.2,114.3,130.2,93.2,96.2,24.38,25.74,21.06,21.46
92.08,4819,216.5,0,50,-0.4,5,10392,0,-4.2,114.4,130.3,93.2,96.2,24.38,25.75,21.06,21.46
92.12,4821,216.5,0,50,-1.6,5,10392,0,-4.2,114.4,130.5,93.2,96.2,24.38,25.76,21.06,21.46
92.16,4823,216.5,0,49,-0.7,5,10392,-0.05,-1.38,114.5,130.6,93.2,96.2,24.38,25.77,21.06,21.46
92.2,4826,216.5,0,47,-3.2,5,10392,-0.14,-1.35,114.5,130.7,93.2,96.2,24.39,25.78,21.06,21.46
92.24,4828,216.5,0,46,-3.7,5,10392,-0.24,-1.31,114.5,130.8,93.2,96.2,24.39,25.79,21.06,21.46
92.28,4831,216.5,0,44,-5.9,5,10392,-0.33,-1.28,114.6,130.9,93.2,96.2,24.39,25.8,21.06,21.46
92.32,4833,216.5,0,42,-6.7,5,10392,-0.42,-1.24,114.6,131.1,93.2,96.2,24.4,25.8,21.06,21.46
92.36,4835,216.5,0,41,-9.4,5,10392,-0.52,-1.21,114.7,131.2,93.2,96.2,24.4,25.81,21.06,21.46
92.4,4838,216.5,0,39,-11.9,5,10392,-0.61,-1.18,114.7,131.3,93.2,96.2,24.4,25.82,21.06,21.46
92.44,4840,216.5,0,38,-13,5,10392,-0.7,-1.14,114.7,131.4,93.2,96.2,24.41,25.83,21.06,21.46
92.48,4843,216.5,0,36,-14.2,5,10392,-0.8,-1.11,114.8,131.5,93.2,96.2,24.41,25.84,21.06,21.46
92.52,4845,216.5,0,34,-16.7,5,10392,-0.89,-1.07,114.8,131.7,93.2,96.2,24.41,25.85,21.06,21.46
92.56,4847,216.5,0,33,-17.7,5,10392,-0.98,-1.04,114.9,131.8,93.2,96.2,24.41,25.86,21.06,21.46
92.6,4850,216.5,0,31,-19.4,5,10392,-1.08,-1,114.9,131.9,93.2,96.2,24.42,25.87,21.06,21.46
92.64,4852,216.5,0,30,-20.9,5,10392,-1.17,-0.97,114.9,132,93.2,96.2,24.42,25.88,21.06,21.46
92.68,4855,216.5,0,28,-22.2,5,10392,-1.26,-0.93,115,132.1,93.2,96.2,24.42,25.89,21.06,21.46
92.72,4857,216.5,0,27,-23.6,5,10392,-1.36,-0.9,115,132.3,93.2,96.2,24.43,25.89,21.06,21.46
92.76,4859,216.5,0,26,-25.9,5,10392,-1.45,-0.87,115.1,132.4,93.2,96.2,24.43,25.9,21.06,21.46
92.8,4862,216.5,0,24,-27,5,10392,-1.54,-0.83,115.1,132.5,93.2,96.2,24.43,25.91,21.06,21.46
92.84,4864,216.5,0,23,-28.3,5,10392,-1.64,-0.8,115.1,132.6,93.2,96.2,24.44,25.92,21.06,21.46
92.88,4867,216.5,0,21,-29.7,5,10392,-1.73,-0.76,115.2,132.7,93.2,96.2,24.44,25.93,21.06,21.46
92.92,4869,216.5,0,20,-30.7,5,10392,-1.82,-0.73,115.2,132.9,93.2,96.2,24.44,25.94,21.06,21.46
92.96,4871,216.5,0,19,-31.8,5,10392,-1.92,-0.69,115.3,133,93.2,96.2,24.44,25.95,21.06,21.46
93,4874,216.5,0,17,-33,5,10392,-2.01,-0.66,115.3,133.1,93.2,96.2,24.45,25.96,21.06,21.46
93.04,4876,216.5,0,16,-34.2,5,10392,-2.1,-0.62,115.3,133.2,93.2,96.2,24.45,25.97,21.06,21.46
93.08,4879,216.5,0,15,-35.6,5,10392,-2.2,-0.59,115.4,133.3,93.2,96.2,24.45,25.98,21.06,21.46
93.12,4881,216.5,0,14,-36.3,5,10392,-2.29,-0.56,115.4,133.5,93.2,96.2,24.46,25.98,21.06,21.46
93.16,4884,216.5,0,13,-37.9,5,10392,-2.38,-0.52,115.5,133.6,93.2,96.2,24.46,25.99,21.06,21.46
93.2,4886,216.5,0,11,-38.8,5,10392,-2.48,-0.49,115.5,133.7,93.2,96.2,24.46,26,21.06,21.46
93.24,4888,216.5,0,10,-38.1,5,10392,-2.57,-0.45,115.5,133.8,93.2,96.2,24.47,26.01,21.06,21.46
93.28,4891,216.5,0,9,-40.4,5,10392,-2.66,-0.42,115.6,133.9,93.2,96.2,24.47,26.02,21.06,21.46
93.32,4893,216.5,0,8,-41.1,5,10392,-2.76,-0.38,115.6,134.1,93.2,96.2,24.47,26.03,21.06,21.46
93.36,4896,216.5,0,7,-41.9,5,10392,-2.85,-0.35,115.7,134.2,93.2,96.2,24.47,26.04,21.06,21.46
93.4,4898,216.5,0,6,-41.6,5,10392,-2.94,-0.32,115.7,134.3,93.2,96.2,24.48,26.05,21.06,21.46
93.44,4900,216.5,0,5,-42.3,5,10392,-3.04,-0.28,115.7,134.4,93.2,96.2,24.48,26.06,21.06,21.46
93.48,4903,216.5,0,4,-42.6,5,10392,-3.13,-0.25,115.8,134.5,93.2,96.2,24.48,26.07,21.06,21.46
93.52,4905,216.5,0,4,-43.4,5,10392,-3.22,-0.21,115.8,134.7,93.2,96.2,24.49,26.07,21.06,21.46
93.56,4908,216.5,0,3,-43.8,5,10392,-3.32,-0.18,115.9,134.8,93.2,96.2,24.49,26.08,21.06,21.46
93.6,4910,216.5,0,2,-43.7,5,10392,-3.41,-0.14,115.9,134.9,93.2,96.2,24.49,26.09,21.06,21.46
93.64,4912,216.5,0,1,-45.1,5,10392,-3.5,-0.11,115.9,135,93.2,96.2,24.5,26.1,21.06,21.46
93.68,4915,216.5,0,1,-44.6,5,10392,-3.6,-0.07,116,135.1,93.2,96.2,24.5,26.11,21.06,21.46
93.72,4917,216.5,0,0,-45.6,5,10392,-3.69,-0.04,116,135.3,93.2,96.2,24.5,26.12,21.06,21.46
93.76,4920,216.5,0,0,-44.2,5,10392,-3.78,-0.01,116.1,135.4,93.2,96.2,24.5,26.13,21.06,21.46
93.8,4922,216.5,2,0,-44.9,5,10392,-3.37,0.01,116.1,135.4,93.3,96.3,24.5,26.13,21.06,21.46
93.84,4924,216.5,4,0,-43.8,5,10392,-3.34,0.02,116.1,135.4,93.3,96.3,24.5,26.13,21.06,21.46
93.88,4927,216.5,6,0,-42.9,5,10392,-3.3,0.02,116.1,135.4,93.3,96.3,24.5,26.13,21.06,21.46
93.92,4929,216.5,8,0,-43.2,5,10393,-3.26,0.03,116.1,135.4,93.4,96.4,24.5,26.13,21.07,21.47
93.96,4932,216.5,9,0,-41.9,5,10393,-3.23,0.04,116.1,135.4,93.4,96.4,24.5,26.13,21.07,21.47
94,4934,216.5,11,0,-42,5,10393,-3.19,0.05,116.1,135.4,93.5,96.5,24.5,26.13,21.07,21.47
94.04,4936,216.5,13,0,-40.7,5,10394,-3.16,0.06,116.1,135.4,93.5,96.5,24.5,26.13,21.07,21.47
94.08,4939,216.5,14,0,-39.6,5,10394,-3.12,0.07,116.1,135.4,93.5,96.5,24.5,26.13,21.08,21.48
94.12,4941,216.6,16,0,-39.6,5,10395,-3.09,0.07,116.1,135.4,93.6,96.6,24.5,26.13,21.08,21.48
94.16,4944,216.6,17,0,-39.1,5,10395,-3.05,0.08,116.1,135.4,93.6,96.6,24.5,26.13,21.08,21.48
94.2,4946,216.6,19,0,-38.5,5,10396,-3.02,0.09,116.1,135.4,93.6,96.6,24.5,26.13,21.08,21.48
94.24,4948,216.6,20,0,-37.6,5,10396,-2.98,0.1,116.1,135.4,93.7,96.7,24.5,26.13,21.09,21.49
94.28,4951,216.6,22,0,-37.5,5,10397,-2.95,0.11,116.1,135.4,93.7,96.7,24.5,26.13,21.09,21.49
94.32,4953,216.6,23,0,-37.2,5,10398,-2.91,0.12,116.1,135.4,93.7,96.7,24.5,26.13,21.09,21.49
94.36,4956,216.6,25,0,-35.8,5,10399,-2.88,0.12,116.1,135.4,93.8,96.8,24.5,26.13,21.09,21.49
94.4,4958,216.7,26,0,-35.2,5,10400,-2.84,0.13,116.1,135.4,93.8,96.8,24.5,26.13,21.1,21.5
94.44,4961,216.7,27,0,-34.7,5,10400,-2.81,0.14,116.1,135.4,93.8,96.8,24.5,26.13,21.1,21.5
94.48,4963,216.7,29,0,-33.9,5,10401,-2.77,0.15,116.1,135.4,93.9,96.9,24.5,26.13,21.1,21.5
94.52,4965,216.7,30,0,-33.6,5,10402,-2.74,0.16,116.1,135.4,93.9,96.9,24.5,26.13,21.11,21.51
94.56,4968,216.7,31,0,-33.2,5,10403,-2.7,0.17,116.1,135.4,93.9,96.9,24.5,26.13,21.11,21.51
94.6,4970,216.8,33,0,-32,5,10404,-2.67,0.18,116.1,135.4,94,97,24.5,26.13,21.11,21.51
94.64,4973,216.8,34,0,-32.2,5,10405,-2.63,0.18,116.1,135.4,94,97,24.5,26.13,21.11,21.51
94.68,4975,216.8,35,0,-32.5,5,10407,-2.6,0.19,116.1,135.4,94,97,24.5,26.13,21.12,21.52
94.72,4977,216.8,37,0,-31.2,5,10408,-2.56,0.2,116.1,135.4,94.1,97.1,24.5,26.13,21.12,21.52
94.76,4980,216.9,38,0,-30.2,5,10409,-2.53,0.21,116.1,135.4,94.1,97.1,24.5,26.13,21.12,21.52
94.8,4982,216.9,39,0,-29.9,5,10410,-2.49,0.22,116.1,135.4,94.2,97.2,24.5,26.13,21.12,21.52
94.84,4985,216.9,41,0,-29.3,5,10412,-2.46,0.23,116.1,135.4,94.2,97.2,24.5,26.13,21.13,21.53
94.88,4987,216.9,42,0,-29.1,5,10413,-2.42,0.23,116.1,135.4,94.2,97.2,24.5,26.13,21.13,21.53
94.92,4989,217,43,0,-28,5,10414,-2.38,0.24,116.1,135.4,94.3,97.3,24.5,26.13,21.13,21.53
94.96,4992,217,45,0,-26.5,5,10416,-2.35,0.25,116.1,135.4,94.3,97.3,24.5,26.13,21.13,21.53
95,4994,217,46,0,-26.8,5,10417,-2.31,0.26,116.1,135.4,94.3,97.3,24.5,26.13,21.14,21.54
95.04,4997,217.1,47,0,-26.4,5,10419,-2.28,0.27,116.1,135.4,94.4,97.4,24.5,26.13,21.14,21.54
95.08,4999,217.1,48,0,-25.3,5,10420,-2.24,0.28,116.1,135.4,94.4,97.4,24.5,26.13,21.14,21.54
95.12,5001,217.1,50,0,-25.8,5,10422,-2.21,0.28,116.1,135.4,94.4,97.4,24.5,26.13,21.14,21.54
95.16,5004,217.2,51,0,-25,5,10424,-2.17,0.29,116.1,135.4,94.5,97.5,24.5,26.13,21.15,21.55
95.2,5006,217.2,52,0,-24.2,5,10425,-2.14,0.3,116.1,135.4,94.5,97.5,24.5,26.13,21.15,21.55
95.24,5009,217.2,53,0,-23.6,5,10427,-2.1,0.31,116.1,135.4,94.5,97.5,24.5,26.13,21.15,21.55
95.28,5011,217.3,55,0,-22.7,5,10429,-2.07,0.32,116.1,135.4,94.6,97.6,24.5,26.13,21.16,21.56
95.32,5014,217.3,56,0,-22.6,5,10430,-2.03,0.33,116.1,135.4,94.6,97.6,24.5,26.13,21.16,21.56
95.36,5016,217.3,57,0,-21.3,5,10432,-2,0.34,116.1,135.4,94.6,97.6,24.5,26.13,21.16,21.56
95.4,5018,217.4,58,0,-20.5,5,10434,-1.96,0.34,116.1,135.4,94.7,97.7,24.5,26.13,21.16,21.56
95.44,5021,217.4,59,0,-20.8,5,10436,-1.93,0.35,116.1,135.4,94.7,97.7,24.5,26.13,21.17,21.57
95.48,5023,217.5,61,0,-19.9,5,10438,-1.89,0.36,116.1,135.4,94.7,97.7,24.5,26.13,21.17,21.57
95.52,5026,217.5,62,0,-18.8,5,10440,-1.86,0.37,116.1,135.4,94.8,97.8,24.5,26.13,21.17,21.57
95.56,5028,217.5,63,0,-19.1,5,10442,-1.82,0.38,116.1,135.4,94.8,97.8,24.5,26.13,21.17,21.57
95.6,5030,217.6,64,0,-18.3,5,10444,-1.78,0.39,116.1,135.4,94.9,97.9,24.5,26.13,21.18,21.58
95.64,5033,217.6,65,0,-17.4,5,10446,-1.75,0.39,116.1,135.4,94.9,97.9,24.5,26.13,21.18,21.58
95.68,5035,217.7,67,0,-17,5,10448,-1.71,0.4,116.1,135.4,94.9,97.9,24.5,26.13,21.18,21.58
95.72,5038,217.7,68,0,-16.5,5,10450,-1.68,0.41,116.1,135.4,95,98,24.5,26.13,21.18,21.58
95.76,5040,217.8,69,0,-16,5,10453,-1.64,0.42,116.1,135.4,95,98,24.5,26.13,21.19,21.59
95.8,5043,217.8,70,0,-15.7,5,10455,-1.61,0.43,116.1,135.4,95,98,24.5,26.13,21.19,21.59
95.84,5045,217.9,71,0,-14.6,5,10457,-1.57,0.44,116.1,135.4,95.1,98.1,24.5,26.13,21.19,21.59
95.88,5047,217.9,72,0,-14.3,5,10459,-1.54,0.45,116.1,135.4,95.1,98.1,24.5,26.13,21.19,21.59
95.92,5050,218,74,0,-13.2,5,10462,-1.5,0.45,116.1,135.4,95.1,98.1,24.5,26.13,21.2,21.6
95.96,5052,218,75,0,-14,5,10464,-1.47,0.46,116.1,135.4,95.2,98.2,24.5,26.13,21.2,21.6
96,5055,218.1,76,0,-12.4,5,10467,-1.43,0.47,116.1,135.4,95.2,98.2,24.5,26.13,21.2,21.6
96.04,5057,218.1,77,0,-11.6,5,10469,-1.4,0.48,116.1,135.4,95.2,98.2,24.5,26.13,21.21,21.61
96.08,5059,218.2,78,0,-11.2,5,10472,-1.36,0.49,116.1,135.4,95.3,98.3,24.5,26.13,21.21,21.61
96.12,5062,218.2,79,0,-11.2,5,10474,-1.32,0.5,116.1,135.4,95.3,98.3,24.5,26.13,21.21,21.61
96.16,5064,218.3,81,0,-9.8,5,10477,-1.29,0.5,116.1,135.4,95.3,98.3,24.5,26.13,21.21,21.61
96.2,5067,218.3,82,0,-9.2,5,10479,-1.25,0.51,116.1,135.4,95.4,98.4,24.5,26.13,21.22,21.62
96.24,5069,218.4,83,0,-9,5,10482,-1.22,0.52,116.1,135.4,95.4,98.4,24.5,26.13,21.22,21.62
96.28,5072,218.4,84,0,-8,5,10485,-1.18,0.53,116.1,135.4,95.4,98.4,24.5,26.13,21.22,21.62
96.32,5074,218.5,85,0,-7.6,5,10487,-1.15,0.54,116.1,135.4,95.5,98.5,24.5,26.13,21.22,21.62
96.36,5076,218.5,86,0,-6.7,5,10490,-1.11,0.55,116.1,135.4,95.5,98.5,24.5,26.13,21.23,21.63
96.4,5079,218.6,87,0,-6.9,5,10493,-1.08,0.56,116.1,135.4,95.6,98.6,24.5,26.13,21.23,21.63
96.44,5081,218.7,89,0,-6,5,10496,-1.04,0.56,116.1,135.4,95.6,98.6,24.5,26.13,21.23,21.63
96.48,5084,218.7,90,0,-4.9,5,10499,-1.01,0.57,116.1,135.4,95.6,98.6,24.5,26.13,21.23,21.63
96.52,5086,218.8,91,0,-4.8,5,10501,-0.97,0.58,116.1,135.4,95.7,98.7,24.5,26.13,21.24,21.64
96.56,5089,218.8,92,0,-4.2,5,10504,-0.93,0.59,116.1,135.4,95.7,98.7,24.5,26.13,21.24,21.64
96.6,5091,218.9,93,0,-4,5,10507,-0.9,0.6,116.1,135.4,95.7,98.7,24.5,26.13,21.24,21.64
96.64,5093,219,94,0,-3.1,5,10510,-0.86,0.61,116.1,135.4,95.8,98.8,24.5,26.13,21.24,21.64
96.68,5096,219,95,0,-2.4,5,10513,-0.83,0.61,116.1,135.4,95.8,98.8,24.5,26.13,21.25,21.65
96.72,5098,219.1,96,0,-1.3,5,10516,-0.79,0.62,116.1,135.4,95.8,98.8,24.5,26.13,21.25,21.65
96.76,5101,219.2,98,0,-1.4,5,10520,-0.76,0.63,116.1,135.4,95.9,98.9,24.5,26.13,21.25,21.65
96.8,5103,219.2,99,0,-1.2,5,10523,-0.72,0.64,116.1,135.4,95.9,98.9,24.5,26.13,21.26,21.66
96.84,5106,219.3,100,0,-0.3,5,10526,-0.68,0.65,116.1,135.4,95.9,98.9,24.5,26.13,21.26,21.66
96.88,5108,219.3,100,0,0.2,5,10529,0.01,0.04,116,135.4,95.9,98.9,24.5,26.13,21.26,21.66
96.92,5111,219.4,100,0,-0.1,5,10531,-0.02,0.04,116,135.4,95.9,98.9,24.5,26.13,21.26,21.66
96.96,5113,219.5,100,0,0.6,5,10534,-0.04,0.04,116,135.3,95.9,98.9,24.5,26.13,21.25,21.65
97,5115,219.5,100,0,-0.1,5,10537,-0.01,0.04,116,135.3,95.9,98.9,24.5,26.12,21.25,21.65
97.04,5118,219.6,100,0,-0.2,5,10540,-0.02,0.04,116,135.3,95.9,98.9,24.5,26.12,21.25,21.65
97.08,5120,219.6,100,0,0.4,5,10542,0,0.04,116,135.3,95.9,98.9,24.5,26.12,21.25,21.65
97.12,5123,219.7,100,0,-0.3,5,10545,0,0.04,116,135.3,95.9,98.9,24.5,26.12,21.25,21.65
97.16,5125,219.8,100,0,-0.3,5,10548,0.01,0.04,116,135.3,95.8,98.8,24.5,26.12,21.25,21.65
97.2,5128,219.8,100,0,-0.1,5,10551,-0.02,0.04,115.9,135.3,95.8,98.8,24.5,26.12,21.25,21.65
97.24,5130,219.9,100,0,-0.2,5,10554,0.02,0.04,115.9,135.3,95.8,98.8,24.5,26.12,21.25,21.65
97.28,5133,219.9,100,0,0.1,5,10556,0,0.04,115.9,135.2,95.8,98.8,24.49,26.12,21.25,21.65
97.32,5135,220,100,0,-0.6,5,10559,0.03,0.04,115.9,135.2,95.8,98.8,24.49,26.12,21.25,21.65
97.36,5137,220,100,0,0.3,5,10562,0.01,0.04,115.9,135.2,95.8,98.8,24.49,26.12,21.25,21.65
97.4,5140,220.1,100,0,0.4,5,10565,-0.01,0.04,115.9,135.2,95.8,98.8,24.49,26.12,21.25,21.65
97.44,5142,220.2,100,0,0.8,5,10567,0.02,0.04,115.9,135.2,95.8,98.8,24.49,26.11,21.24,21.64
97.48,5145,220.2,100,0,0.6,5,10570,-0.03,0.04,115.9,135.2,95.7,98.7,24.49,26.11,21.24,21.64
97.52,5147,220.3,100,0,0.1,5,10573,0.01,0.04,115.9,135.2,95.7,98.7,24.49,26.11,21.24,21.64
97.56,5150,220.3,100,0,0.5,5,10576,0.01,0.04,115.8,135.2,95.7,98.7,24.49,26.11,21.24,21.64
97.6,5152,220.4,100,0,0.3,5,10578,0.03,0.04,115.8,135.1,95.7,98.7,24.49,26.11,21.24,21.64
97.64,5155,220.4,100,0,-0.1,5,10581,-0.02,0.04,115.8,135.1,95.7,98.7,24.49,26.11,21.24,21.64
97.68,5157,220.5,100,0,-0.4,5,10584,0.01,0.04,115.8,135.1,95.7,98.7,24.49,26.11,21.24,21.64
97.72,5159,220.6,100,0,0.2,5,10587,0.02,0.04,115.8,135.1,95.7,98.7,24.48,26.11,21.24,21.64
97.76,5162,220.6,100,0,-0.2,5,10589,0.03,0.04,115.8,135.1,95.7,98.7,24.48,26.11,21.24,21.64
97.8,5164,220.7,100,0,-0.5,5,10592,-0.02,0.04,115.8,135.1,95.6,98.6,24.48,26.11,21.24,21.64
97.84,5167,220.7,100,0,-0.2,5,10595,0,0.04,115.8,135.1,95.6,98.6,24.48,26.11,21.24,21.64
97.88,5169,220.8,100,0,0.1,5,10598,0.01,0.04,115.7,135.1,95.6,98.6,24.48,26.1,21.23,21.63
97.92,5172,220.8,100,0,0.1,5,10601,0.02,0.04,115.7,135.1,95.6,98.6,24.48,26.1,21.23,21.63
97.96,5174,220.9,100,0,-0.3,5,10603,0,0.04,115.7,135,95.6,98.6,24.48,26.1,21.23,21.63
98,5177,221,100,0,0.9,5,10606,-0.02,0.04,115.7,135,95.6,98.6,24.48,26.1,21.23,21.63
98.04,5179,221,100,0,0.6,5,10609,0.02,0.04,115.7,135,95.6,98.6,24.48,26.1,21.23,21.63
98.08,5181,221.1,100,0,0.4,5,10612,-0.01,0.04,115.7,135,95.6,98.6,24.48,26.1,21.23,21.63
98.12,5184,221.1,100,0,0.4,5,10614,0,0.04,115.7,135,95.6,98.6,24.48,26.1,21.23,21.63
98.16,5186,221.2,100,0,0.7,5,10617,0.04,0.04,115.7,135,95.5,98.5,24.47,26.1,21.23,21.63
98.2,5189,221.2,100,0,0.7,5,10620,-0.02,0.04,115.6,135,95.5,98.5,24.47,26.1,21.23,21.63
98.24,5191,221.3,100,0,-0.8,5,10623,-0.01,0.04,115.6,135,95.5,98.5,24.47,26.1,21.23,21.63
98.28,5194,221.4,100,0,-0.1,5,10625,0.02,0.04,115.6,134.9,95.5,98.5,24.47,26.1,21.23,21.63
98.32,5196,221.4,100,0,-0.1,5,10628,-0.01,0.04,115.6,134.9,95.5,98.5,24.47,26.09,21.22,21.62
98.36,5199,221.5,100,0,0.2,5,10631,0,0.04,115.6,134.9,95.5,98.5,24.47,26.09,21.22,21.62
98.4,5201,221.5,100,0,-0.1,5,10634,-0.01,0.04,115.6,134.9,95.5,98.5,24.47,26.09,21.22,21.62
98.44,5204,221.6,100,0,0.6,5,10636,-0.01,0.04,115.6,134.9,95.5,98.5,24.47,26.09,21.22,21.62
98.48,5206,221.7,100,0,0.2,5,10639,-0.04,0.04,115.6,134.9,95.4,98.4,24.47,26.09,21.22,21.62
98.52,5209,221.7,100,0,-1,5,10642,0,0.04,115.6,134.9,95.4,98.4,24.47,26.09,21.22,21.62
98.56,5211,221.8,100,0,0.3,5,10645,-0.01,0.04,115.5,134.9,95.4,98.4,24.47,26.09,21.22,21.62
98.6,5213,221.8,100,0,1.1,5,10648,-0.02,0.04,115.5,134.8,95.4,98.4,24.46,26.09,21.22,21.62
98.64,5216,221.9,100,0,0.1,5,10650,-0.01,0.04,115.5,134.8,95.4,98.4,24.46,26.09,21.22,21.62
98.68,5218,221.9,100,0,-0.1,5,10653,-0.03,0.04,115.5,134.8,95.4,98.4,24.46,26.09,21.22,21.62
98.72,5221,222,100,0,0.2,5,10656,-0.04,0.04,115.5,134.8,95.4,98.4,24.46,26.09,21.22,21.62
98.76,5223,222.1,100,0,-0.2,5,10659,0.05,0.04,115.5,134.8,95.4,98.4,24.46,26.09,21.21,21.61
98.8,5226,222.1,100,0,0.6,5,10661,-0.01,0.04,115.5,134.8,95.3,98.3,24.46,26.08,21.21,21.61
98.84,5228,222.2,100,0,0.6,5,10664,-0.03,0.04,115.5,134.8,95.3,98.3,24.46,26.08,21.21,21.61
98.88,5231,222.2,100,0,-0.4,5,10667,0.03,0.04,115.4,134.8,95.3,98.3,24.46,26.08,21.21,21.61
98.92,5233,222.3,100,0,0.5,5,10670,-0.01,0.04,115.4,134.8,95.3,98.3,24.46,26.08,21.21,21.61
98.96,5236,222.3,100,0,0.4,5,10672,0,0.04,115.4,134.7,95.3,98.3,24.46,26.08,21.21,21.61
99,5238,222.4,100,0,-0.3,5,10675,0.01,0.04,115.4,134.7,95.3,98.3,24.46,26.08,21.21,21.61
99.04,5241,222.5,100,0,-0.7,5,10678,0.03,0.04,115.4,134.7,95.3,98.3,24.45,26.08,21.21,21.61
99.08,5243,222.5,100,0,-0.4,5,10681,0.01,0.04,115.4,134.7,95.3,98.3,24.45,26.08,21.21,21.61
99.12,5246,222.6,100,0,0.1,5,10683,0.02,0.04,115.4,134.7,95.3,98.3,24.45,26.08,21.21,21.61
99.16,5248,222.6,100,0,0.1,5,10686,0,0.04,115.4,134.7,95.2,98.2,24.45,26.08,21.21,21.61
99.2,5251,222.7,100,0,-0.3,5,10689,0.03,0.04,115.3,134.7,95.2,98.2,24.45,26.08,21.2,21.6
99.24,5253,222.7,100,0,-0.4,5,10692,0,0.04,115.3,134.7,95.2,98.2,24.45,26.07,21.2,21.6
99.28,5255,222.8,100,0,0.3,5,10695,-0.02,0.04,115.3,134.6,95.2,98.2,24.45,26.07,21.2,21.6
99.32,5258,222.9,100,0,-0.3,5,10697,0,0.04,115.3,134.6,95.2,98.2,24.45,26.07,21.2,21.6
99.36,5260,222.9,100,0,0.8,5,10700,0.03,0.04,115.3,134.6,95.2,98.2,24.45,26.07,21.2,21.6
99.4,5263,223,100,0,0.2,5,10703,0,0.04,115.3,134.6,95.2,98.2,24.45,26.07,21.2,21.6
99.44,5265,223,100,0,0.2,5,10706,-0.01,0.04,115.3,134.6,95.2,98.2,24.45,26.07,21.2,21.6
99.48,5268,223.1,100,0,0.5,5,10708,0.01,0.04,115.3,134.6,95.1,98.1,24.44,26.07,21.2,21.6
99.52,5270,223.1,100,0,0.1,5,10711,0.02,0.04,115.3,134.6,95.1,98.1,24.44,26.07,21.2,21.6
99.56,5273,223.2,100,0,-0.1,5,10714,0,0.04,115.2,134.6,95.1,98.1,24.44,26.07,21.2,21.6
99.6,5275,223.3,100,0,1.1,5,10717,-0.03,0.04,115.2,134.5,95.1,98.1,24.44,26.07,21.2,21.6
99.64,5278,223.3,100,0,-0.7,5,10719,0.02,0.04,115.2,134.5,95.1,98.1,24.44,26.07,21.19,21.59
99.68,5280,223.4,100,0,0,5,10722,-0.03,0.04,115.2,134.5,95.1,98.1,24.44,26.06,21.19,21.59
99.72,5283,223.4,100,0,0.9,5,10725,-0.02,0.04,115.2,134.5,95.1,98.1,24.44,26.06,21.19,21.59
99.76,5285,223.5,100,0,-0.5,5,10728,0.03,0.04,115.2,134.5,95.1,98.1,24.44,26.06,21.19,21.59
99.8,5288,223.6,100,0,0.3,5,10730,0.02,0.04,115.2,134.5,95,98,24.44,26.06,21.19,21.59
99.84,5290,223.6,100,0,-0.9,5,10733,0,0.04,115.2,134.5,95,98,24.44,26.06,21.19,21.59
99.88,5293,223.7,100,0,0.2,5,10736,-0.04,0.04,115.1,134.5,95,98,24.44,26.06,21.19,21.59
99.92,5295,223.7,100,0,0.1,5,10739,0,0.04,115.1,134.5,95,98,24.43,26.06,21.19,21.59
99.96,5298,223.8,100,0,-0.4,5,10742,0.01,0.04,115.1,134.4,95,98,24.43,26.06,21.19,21.59
100,5300,223.8,100,0,1,5,10744,-0.01,0.04,115.1,134.4,95,98,24.43,26.06,21.19,21.59
100.04,5303,223.9,100,0,0,5,10747,0.02,0.04,115.1,134.4,95,98,24.43,26.06,21.19,21.59
100.08,5305,224,100,0,0.4,5,10750,0,0.04,115.1,134.4,95,98,24.43,26.06,21.18,21.58
100.12,5308,224,100,0,0.3,5,10753,0.02,0.04,115.1,134.4,95,98,24.43,26.05,21.18,21.58
100.16,5310,224.1,100,0,-0.1,5,10755,0.02,0.04,115.1,134.4,94.9,97.9,24.43,26.05,21.18,21.58
100.2,5313,224.1,100,0,-0.4,5,10758,0.01,0.04,115,134.4,94.9,97.9,24.43,26.05,21.18,21.58
100.24,5315,224.2,100,0,-0.2,5,10761,0.01,0.04,115,134.4,94.9,97.9,24.43,26.05,21.18,21.58
100.28,5318,224.2,100,0,1.1,5,10764,0.01,0.04,115,134.3,94.9,97.9,24.43,26.05,21.18,21.58
100.32,5320,224.3,100,0,0.3,5,10766,0.03,0.04,115,134.3,94.9,97.9,24.43,26.05,21.18,21.58
100.36,5323,224.4,100,0,-0.3,5,10769,0.05,0.04,115,134.3,94.9,97.9,24.43,26.05,21.18,21.58
100.4,5325,224.4,100,0,0.2,5,10772,0,0.04,115,134.3,94.9,97.9,24.42,26.05,21.18,21.58
100.44,5328,224.5,100,0,0,5,10775,-0.02,0.04,115,134.3,94.9,97.9,24.42,26.05,21.18,21.58
100.48,5330,224.5,100,0,0.6,5,10777,0.05,0.04,115,134.3,94.8,97.8,24.42,26.05,21.18,21.58
100.52,5333,224.6,100,0,-0.3,5,10780,0.03,0.04,115,134.3,94.8,97.8,24.42,26.05,21.17,21.57
100.56,5335,224.6,100,0,0.2,5,10783,-0.01,0.04,114.9,134.3,94.8,97.8,24.42,26.04,21.17,21.57
100.6,5337,224.7,100,0,0.4,5,10786,0.02,0.04,114.9,134.2,94.8,97.8,24.42,26.04,21.17,21.57
100.64,5340,224.8,100,0,-0.7,5,10789,0.01,0.04,114.9,134.2,94.8,97.8,24.42,26.04,21.17,21.57
100.68,5342,224.8,100,0,-0.4,5,10791,-0.02,0.04,114.9,134.2,94.8,97.8,24.42,26.04,21.17,21.57
100.72,5345,224.9,100,0,0.4,5,10794,0,0.04,114.9,134.2,94.8,97.8,24.42,26.04,21.17,21.57
100.76,5347,224.9,100,0,0.4,5,10797,0.02,0.04,114.9,134.2,94.8,97.8,24.42,26.04,21.17,21.57
100.8,5350,225,100,0,0.3,5,10800,0.03,0.04,114.9,134.2,94.7,97.7,24.42,26.04,21.17,21.57
100.84,5352,225,100,0,0.1,5,10802,0,0.04,114.9,134.2,94.7,97.7,24.41,26.04,21.17,21.57
100.88,5355,225.1,100,0,0,5,10805,-0.05,0.04,114.8,134.2,94.7,97.7,24.41,26.04,21.17,21.57
100.92,5357,225.2,100,0,-0.2,5,10808,0.04,0.04,114.8,134.2,94.7,97.7,24.41,26.04,21.17,21.57
100.96,5360,225.2,100,0,-0.1,5,10811,-0.03,0.04,114.8,134.1,94.7,97.7,24.41,26.04,21.16,21.56
101,5362,225.3,100,0,-0.3,5,10813,-0.01,0.04,114.8,134.1,94.7,97.7,24.41,26.03,21.16,21.56
101.04,5365,225.3,100,0,-0.7,5,10816,0.01,0.04,114.8,134.1,94.7,97.7,24.41,26.03,21.16,21.56
101.08,5367,225.4,100,0,-0.5,5,10819,0,0.04,114.8,134.1,94.7,97.7,24.41,26.03,21.16,21.56
101.12,5370,225.5,100,0,-0.1,5,10822,0.01,0.04,114.8,134.1,94.7,97.7,24.41,26.03,21.16,21.56
101.16,5373,225.5,100,0,-0.2,5,10824,-0.04,0.04,114.8,134.1,94.6,97.6,24.41,26.03,21.16,21.56
101.2,5375,225.6,100,0,-0.5,5,10827,-0.02,0.04,114.7,134.1,94.6,97.6,24.41,26.03,21.16,21.56
101.24,5378,225.6,100,0,-0.8,5,10830,0,0.04,114.7,134.1,94.6,97.6,24.41,26.03,21.16,21.56
101.28,5380,225.7,100,0,0,5,10833,0,0.04,114.7,134,94.6,97.6,24.4,26.03,21.16,21.56
101.32,5383,225.7,100,0,-0.2,5,10836,-0.02,0.04,114.7,134,94.6,97.6,24.4,26.03,21.16,21.56
101.36,5385,225.8,100,0,0.4,5,10838,-0.02,0.04,114.7,134,94.6,97.6,24.4,26.03,21.16,21.56
101.4,5388,225.9,100,0,-0.8,5,10841,0.01,0.04,114.7,134,94.6,97.6,24.4,26.03,21.16,21.56
101.44,5390,225.9,100,0,-0.4,5,10844,0.05,0.04,114.7,134,94.6,97.6,24.4,26.02,21.15,21.55
101.48,5393,226,100,0,0.3,5,10847,0.02,0.04,114.7,134,94.5,97.5,24.4,26.02,21.15,21.55
101.52,5395,226,100,0,-0.6,5,10849,0.01,0.04,114.7,134,94.5,97.5,24.4,26.02,21.15,21.55
101.56,5398,226.1,100,0,-0.2,5,10852,0.01,0.04,114.6,134,94.5,97.5,24.4,26.02,21.15,21.55
101.6,5400,226.1,100,0,-0.1,5,10855,0.02,0.04,114.6,133.9,94.5,97.5,24.4,26.02,21.15,21.55
101.64,5403,226.2,100,0,-0.1,5,10858,-0.02,0.04,114.6,133.9,94.5,97.5,24.4,26.02,21.15,21.55
101.68,5405,226.3,100,0,0.4,5,10860,-0.02,0.04,114.6,133.9,94.5,97.5,24.4,26.02,21.15,21.55
101.72,5408,226.3,100,0,0,5,10863,0.02,0.04,114.6,133.9,94.5,97.5,24.39,26.02,21.15,21.55
101.76,5410,226.4,100,0,0.1,5,10866,0,0.04,114.6,133.9,94.5,97.5,24.39,26.02,21.15,21.55
101.8,5413,226.4,100,0,0.1,5,10869,0,0.04,114.6,133.9,94.4,97.4,24.39,26.02,21.15,21.55
101.84,5415,226.5,100,0,0.1,5,10871,-0.03,0.04,114.6,133.9,94.4,97.4,24.39,26.02,21.15,21.55
101.88,5418,226.5,100,0,0.1,5,10874,-0.02,0.04,114.5,133.9,94.4,97.4,24.39,26.01,21.14,21.54
101.92,5420,226.6,100,0,0.4,5,10877,-0.01,0.04,114.5,133.9,94.4,97.4,24.39,26.01,21.14,21.54
101.96,5423,226.7,100,0,0.1,5,10880,0.01,0.04,114.5,133.8,94.4,97.4,24.39,26.01,21.14,21.54
102,5425,226.7,100,0,0.1,5,10883,0.03,0.04,114.5,133.8,94.4,97.4,24.39,26.01,21.14,21.54
102.04,5428,226.8,100,0,-0.1,5,10885,0,0.04,114.5,133.8,94.4,97.4,24.39,26.01,21.14,21.54
102.08,5430,226.8,100,0,-0.5,5,10888,-0.02,0.04,114.5,133.8,94.4,97.4,24.39,26.01,21.14,21.54
102.12,5433,226.9,100,0,0.2,5,10891,-0.04,0.04,114.5,133.8,94.4,97.4,24.39,26.01,21.14,21.54
102.16,5435,227,100,0,0.1,5,10894,0.01,0.04,114.5,133.8,94.3,97.3,24.38,26.01,21.14,21.54
102.2,5438,227,100,0,0.2,5,10896,0.02,0.04,114.4,133.8,94.3,97.3,24.38,26.01,21.14,21.54
102.24,5440,227.1,100,0,-0.4,5,10899,-0.04,0.04,114.4,133.8,94.3,97.3,24.38,26.01,21.14,21.54
102.28,5443,227.1,100,0,-0.1,5,10902,-0.02,0.04,114.4,133.7,94.3,97.3,24.38,26.01,21.14,21.54
102.32,5445,227.2,100,0,-0.7,5,10905,-0.04,0.04,114.4,133.7,94.3,97.3,24.38,26,21.13,21.53
102.36,5448,227.2,100,0,-0.6,5,10907,-0.03,0.04,114.4,133.7,94.3,97.3,24.38,26,21.13,21.53
102.4,5450,227.3,100,0,0.7,5,10910,0.03,0.04,114.4,133.7,94.3,97.3,24.38,26,21.13,21.53
102.44,5453,227.4,100,0,0,5,10913,0,0.04,114.4,133.7,94.3,97.3,24.38,26,21.13,21.53
102.48,5456,227.4,100,0,0.2,5,10916,-0.04,0.04,114.4,133.7,94.2,97.2,24.38,26,21.13,21.53
102.52,5458,227.5,100,0,0.1,5,10918,0,0.04,114.4,133.7,94.2,97.2,24.38,26,21.13,21.53
102.56,5461,227.5,100,0,0.1,5,10921,0.02,0.04,114.3,133.7,94.2,97.2,24.38,26,21.13,21.53
102.6,5463,227.6,100,0,-0.4,5,10924,0.04,0.04,114.3,133.6,94.2,97.2,24.37,26,21.13,21.53
102.64,5466,227.6,100,0,-0.8,5,10927,-0.01,0.04,114.3,133.6,94.2,97.2,24.37,26,21.13,21.53
102.68,5468,227.7,100,0,0,5,10930,0.03,0.04,114.3,133.6,94.2,97.2,24.37,26,21.13,21.53
102.72,5471,227.8,100,0,0.2,5,10932,0.02,0.04,114.3,133.6,94.2,97.2,24.37,26,21.13,21.53
102.76,5473,227.8,100,0,0.6,5,10935,-0.02,0.04,114.3,133.6,94.2,97.2,24.37,26,21.12,21.52
102.8,5476,227.9,100,0,-0.1,5,10938,0.05,0.04,114.3,133.6,94.1,97.1,24.37,25.99,21.12,21.52
102.84,5478,227.9,100,0,-0.1,5,10941,-0.03,0.04,114.3,133.6,94.1,97.1,24.37,25.99,21.12,21.52
102.88,5481,228,100,0,0.4,5,10943,-0.04,0.04,114.2,133.6,94.1,97.1,24.37,25.99,21.12,21.52
102.92,5483,228,100,0,-0.3,5,10946,0,0.04,114.2,133.6,94.1,97.1,24.37,25.99,21.12,21.52
102.96,5486,228.1,100,0,0,5,10949,-0.01,0.04,114.2,133.5,94.1,97.1,24.37,25.99,21.12,21.52
103,5488,228.2,100,0,-0.6,5,10952,-0.02,0.04,114.2,133.5,94.1,97.1,24.37,25.99,21.12,21.52
103.04,5491,228.2,100,0,-0.2,5,10954,-0.01,0.04,114.2,133.5,94.1,97.1,24.36,25.99,21.12,21.52
103.08,5494,228.3,100,0,0.6,5,10957,-0.01,0.04,114.2,133.5,94.1,97.1,24.36,25.99,21.12,21.52
103.12,5496,228.3,100,0,-0.3,5,10960,0.02,0.04,114.2,133.5,94.1,97.1,24.36,25.99,21.12,21.52
103.16,5499,228.4,100,0,-0.3,5,10963,0.02,0.04,114.2,133.5,94,97,24.36,25.99,21.12,21.52
103.2,5501,228.4,100,0,0.4,5,10965,0.02,0.04,114.1,133.5,94,97,24.36,25.99,21.11,21.51
103.24,5504,228.5,100,0,-0.4,5,10968,0,0.04,114.1,133.5,94,97,24.36,25.98,21.11,21.51
103.28,5506,228.6,100,0,0.2,5,10971,-0.03,0.04,114.1,133.4,94,97,24.36,25.98,21.11,21.51
103.32,5509,228.6,100,0,0.6,5,10974,-0.02,0.04,114.1,133.4,94,97,24.36,25.98,21.11,21.51
103.36,5511,228.7,100,0,0.3,5,10977,0.01,0.04,114.1,133.4,94,97,24.36,25.98,21.11,21.51
103.4,5514,228.7,100,0,0.4,5,10979,-0.01,0.04,114.1,133.4,94,97,24.36,25.98,21.11,21.51
103.44,5516,228.8,100,0,0.1,5,10982,-0.03,0.04,114.1,133.4,94,97,24.36,25.98,21.11,21.51
103.48,5519,228.9,100,0,0,5,10985,-0.01,0.04,114.1,133.4,93.9,96.9,24.35,25.98,21.11,21.51
103.52,5521,228.9,100,0,-0.2,5,10988,-0.03,0.04,114.1,133.4,93.9,96.9,24.35,25.98,21.11,21.51
103.56,5524,229,100,0,0.7,5,10990,0,0.04,114,133.4,93.9,96.9,24.35,25.98,21.11,21.51
103.6,5527,229,100,0,0,5,10993,0.01,0.04,114,133.3,93.9,96.9,24.35,25.98,21.11,21.51
103.64,5529,229.1,100,0,0.6,5,10996,0.01,0.04,114,133.3,93.9,96.9,24.35,25.98,21.1,21.5
103.68,5532,229.1,100,0,-0.3,5,10999,0.01,0.04,114,133.3,93.9,96.9,24.35,25.97,21.1,21.5
103.72,5534,229.2,100,0,0.1,5,11001,0.05,0.04,114,133.3,93.9,96.9,24.35,25.97,21.1,21.5
103.76,5537,229.3,100,0,0.5,5,11004,0.02,0.04,114,133.3,93.9,96.9,24.35,25.97,21.1,21.5
103.8,5539,229.3,100,0,-0.5,5,11007,0.02,0.04,114,133.3,93.8,96.8,24.35,25.97,21.1,21.5
103.84,5542,229.4,100,0,0.2,5,11010,-0.04,0.04,114,133.3,93.8,96.8,24.35,25.97,21.1,21.5
103.88,5544,229.4,100,0,-0.6,5,11013,0.02,0.04,113.9,133.3,93.8,96.8,24.35,25.97,21.1,21.5
103.92,5547,229.5,100,0,0.5,5,11015,0.02,0.04,113.9,133.3,93.8,96.8,24.34,25.97,21.1,21.5
103.96,5549,229.5,100,0,-0.8,5,11018,0,0.04,113.9,133.2,93.8,96.8,24.34,25.97,21.1,21.5
104,5552,229.6,100,0,-0.9,5,11021,-0.01,0.04,113.9,133.2,93.8,96.8,24.34,25.97,21.1,21.5
104.04,5555,229.7,100,0,-0.4,5,11024,0.01,0.04,113.9,133.2,93.8,96.8,24.34,25.97,21.1,21.5
104.08,5557,229.7,100,0,-0.1,5,11026,-0.01,0.04,113.9,133.2,93.8,96.8,24.34,25.97,21.09,21.49
104.12,5560,229.8,100,0,0.5,5,11029,-0.02,0.04,113.9,133.2,93.8,96.8,24.34,25.96,21.09,21.49
104.16,5562,229.8,100,0,0,5,11032,-0.01,0.04,113.9,133.2,93.7,96.7,24.34,25.96,21.09,21.49
104.2,5565,229.9,100,0,-0.2,5,11035,-0.01,0.04,113.8,133.2,93.7,96.7,24.34,25.96,21.09,21.49
104.24,5567,229.9,100,0,-0.3,5,11037,-0.03,0.04,113.8,133.2,93.7,96.7,24.34,25.96,21.09,21.49
104.28,5570,230,100,0,-0.2,5,11040,-0.01,0.04,113.8,133.1,93.7,96.7,24.34,25.96,21.09,21.49
104.32,5572,230.1,100,0,0.3,5,11043,0.03,0.04,113.8,133.1,93.7,96.7,24.34,25.96,21.09,21.49
104.36,5575,230.1,100,0,0.5,5,11046,0,0.04,113.8,133.1,93.7,96.7,24.34,25.96,21.09,21.49
104.4,5578,230.2,100,0,0.5,5,11048,0.02,0.04,113.8,133.1,93.7,96.7,24.33,25.96,21.09,21.49
104.44,5580,230.2,100,0,0.3,5,11051,-0.01,0.04,113.8,133.1,93.7,96.7,24.33,25.96,21.09,21.49
104.48,5583,230.3,100,0,0.4,5,11054,0.04,0.04,113.8,133.1,93.6,96.6,24.33,25.96,21.09,21.49
104.52,5585,230.3,100,0,-0.1,5,11057,-0.01,0.04,113.8,133.1,93.6,96.6,24.33,25.96,21.08,21.48
104.56,5588,230.4,100,0,-0.5,5,11060,0,0.04,113.7,133.1,93.6,96.6,24.33,25.95,21.08,21.48
104.6,5590,230.5,100,0,0.5,5,11062,0.02,0.04,113.7,133,93.6,96.6,24.33,25.95,21.08,21.48
104.64,5593,230.5,100,0,-0.1,5,11065,-0.01,0.04,113.7,133,93.6,96.6,24.33,25.95,21.08,21.48
104.68,5595,230.6,100,0,-0.4,5,11068,-0.02,0.04,113.7,133,93.6,96.6,24.33,25.95,21.08,21.48
104.72,5598,230.6,100,0,0.5,5,11071,-0.02,0.04,113.7,133,93.6,96.6,24.33,25.95,21.08,21.48
104.76,5601,230.7,100,0,-0.8,5,11073,-0.01,0.04,113.7,133,93.6,96.6,24.33,25.95,21.08,21.48
104.8,5603,230.8,100,0,0.2,5,11076,-0.01,0.04,113.7,133,93.5,96.5,24.33,25.95,21.08,21.48
104.84,5606,230.8,100,0,-0.2,5,11079,0,0.04,113.7,133,93.5,96.5,24.32,25.95,21.08,21.48
104.88,5608,230.9,100,0,-0.1,5,11082,-0.01,0.04,113.6,133,93.5,96.5,24.32,25.95,21.08,21.48
104.92,5611,230.9,100,0,0.5,5,11084,0.06,0.04,113.6,133,93.5,96.5,24.32,25.95,21.08,21.48
104.96,5613,231,100,0,0.3,5,11087,0,0.04,113.6,132.9,93.5,96.5,24.32,25.95,21.07,21.47
105,5616,231,100,0,-0.3,5,11090,0.01,0.04,113.6,132.9,93.5,96.5,24.32,25.94,21.07,21.47
105.04,5619,231.1,100,0,0.1,5,11093,0.01,0.04,113.6,132.9,93.5,96.5,24.32,25.94,21.07,21.47
105.08,5621,231.2,100,0,-0.2,5,11095,-0.04,0.04,113.6,132.9,93.5,96.5,24.32,25.94,21.07,21.47
105.12,5624,231.2,100,0,-0.1,5,11098,-0.04,0.04,113.6,132.9,93.5,96.5,24.32,25.94,21.07,21.47
105.16,5626,231.3,100,0,0.4,5,11101,-0.03,0.04,113.6,132.9,93.4,96.4,24.32,25.94,21.07,21.47
105.2,5629,231.3,100,0,0.7,5,11104,0,0.04,113.5,132.9,93.4,96.4,24.32,25.94,21.07,21.47
105.24,5631,231.4,100,0,-0.6,5,11107,-0.03,0.04,113.5,132.9,93.4,96.4,24.32,25.94,21.07,21.47
105.28,5634,231.4,100,0,0,5,11109,-0.05,0.04,113.5,132.8,93.4,96.4,24.31,25.94,21.07,21.47
105.32,5637,231.5,100,0,0.5,5,11112,0.06,0.04,113.5,132.8,93.4,96.4,24.31,25.94,21.07,21.47
105.36,5639,231.6,100,0,0.5,5,11115,0.01,0.04,113.5,132.8,93.4,96.4,24.31,25.94,21.07,21.47
105.4,5642,231.6,100,0,-0.2,5,11118,0.03,0.04,113.5,132.8,93.4,96.4,24.31,25.94,21.07,21.47
105.44,5644,231.7,100,0,-0.4,5,11120,-0.02,0.04,113.5,132.8,93.4,96.4,24.31,25.93,21.06,21.46
105.48,5647,231.7,100,0,0,5,11123,0.02,0.04,113.5,132.8,93.3,96.3,24.31,25.93,21.06,21.46
105.52,5649,231.8,100,0,0.1,5,11126,0,0.04,113.5,132.8,93.3,96.3,24.31,25.93,21.06,21.46
105.56,5652,231.8,100,0,0.7,5,11129,0.01,0.04,113.4,132.8,93.3,96.3,24.31,25.93,21.06,21.46
105.6,5655,231.9,100,0,0.4,5,11131,-0.01,0.04,113.4,132.7,93.3,96.3,24.31,25.93,21.06,21.46
105.64,5657,232,100,0,0,5,11134,-0.01,0.04,113.4,132.7,93.3,96.3,24.31,25.93,21.06,21.46
105.68,5660,232,100,0,-0.2,5,11137,-0.02,0.04,113.4,132.7,93.3,96.3,24.31,25.93,21.06,21.46
105.72,5662,232.1,100,0,0,5,11140,0,0.04,113.4,132.7,93.3,96.3,24.3,25.93,21.06,21.46
105.76,5665,232.1,100,0,-0.6,5,11142,-0.02,0.04,113.4,132.7,93.3,96.3,24.3,25.93,21.06,21.46
105.8,5667,232.2,100,0,-0.2,5,11145,-0.02,0.04,113.4,132.7,93.2,96.2,24.3,25.93,21.06,21.46
105.84,5670,232.2,100,0,0.2,5,11148,-0.03,0.04,113.4,132.7,93.2,96.2,24.3,25.93,21.06,21.46
105.88,5673,232.3,100,0,0,5,11151,0,0.04,113.3,132.7,93.2,96.2,24.3,25.92,21.05,21.45
105.92,5675,232.4,100,0,0.9,5,11154,0.03,0.04,113.3,132.7,93.2,96.2,24.3,25.92,21.05,21.45
105.96,5678,232.4,100,0,0.4,5,11156,0,0.04,113.3,132.6,93.2,96.2,24.3,25.92,21.05,21.45
106,5680,232.5,100,0,0.3,5,11159,0.05,0.04,113.3,132.6,93.2,96.2,24.3,25.92,21.05,21.45
106.04,5683,232.5,100,0,-0.2,5,11162,-0.02,0.04,113.3,132.6,93.2,96.2,24.3,25.92,21.05,21.45
106.08,5686,232.6,100,0,1,5,11165,-0.05,0.04,113.3,132.6,93.2,96.2,24.3,25.92,21.05,21.45
106.12,5688,232.7,100,0,0.1,5,11167,0,0.04,113.3,132.6,93.2,96.2,24.3,25.92,21.05,21.45
106.16,5691,232.7,100,0,0.4,5,11170,-0.01,0.04,113.3,132.6,93.1,96.1,24.29,25.92,21.05,21.45
106.2,5693,232.8,100,0,0.1,5,11173,0.03,0.04,113.2,132.6,93.1,96.1,24.29,25.92,21.05,21.45
106.24,5696,232.8,100,0,0.1,5,11176,-0.03,0.04,113.2,132.6,93.1,96.1,24.29,25.92,21.05,21.45
106.28,5698,232.9,100,0,-0.1,5,11178,-0.01,0.04,113.2,132.5,93.1,96.1,24.29,25.92,21.05,21.45
106.32,5701,232.9,100,0,0,5,11181,0.01,0.04,113.2,132.5,93.1,96.1,24.29,25.91,21.04,21.44
106.36,5704,233,100,0,0.1,5,11184,-0.01,0.04,113.2,132.5,93.1,96.1,24.29,25.91,21.04,21.44
106.4,5706,233.1,100,0,-0.1,5,11187,0.03,0.04,113.2,132.5,93.1,96.1,24.29,25.91,21.04,21.44
106.44,5709,233.1,100,0,-0.4,5,11189,-0.02,0.04,113.2,132.5,93.1,96.1,24.29,25.91,21.04,21.44
106.48,5711,233.2,100,0,-0.2,5,11192,0,0.04,113.2,132.5,93,96,24.29,25.91,21.04,21.44
106.52,5714,233.2,100,0,-0.8,5,11195,0,0.04,113.2,132.5,93,96,24.29,25.91,21.04,21.44
106.56,5717,233.3,100,0,0.1,5,11198,0.02,0.04,113.1,132.5,93,96,24.29,25.91,21.04,21.44
106.6,5719,233.3,100,0,-0.1,5,11201,0.02,0.04,113.1,132.4,93,96,24.28,25.91,21.04,21.44
106.64,5722,233.4,100,0,-0.1,5,11203,0.01,0.04,113.1,132.4,93,96,24.28,25.91,21.04,21.44
106.68,5724,233.5,100,0,0.3,5,11206,-0.02,0.04,113.1,132.4,93,96,24.28,25.91,21.04,21.44
106.72,5727,233.5,100,0,-0.2,5,11209,0.03,0.04,113.1,132.4,93,96,24.28,25.91,21.04,21.44
106.76,5730,233.6,100,0,0.2,5,11212,0.02,0.04,113.1,132.4,93,96,24.28,25.91,21.03,21.43
106.8,5732,233.6,100,0,0.1,5,11214,0,0.04,113.1,132.4,92.9,95.9,24.28,25.9,21.03,21.43
106.84,5735,233.7,100,0,-0.2,5,11217,-0.02,0.04,113.1,132.4,92.9,95.9,24.28,25.9,21.03,21.43
106.88,5737,233.7,100,0,0.1,5,11220,-0.02,0.04,113,132.4,92.9,95.9,24.28,25.9,21.03,21.43
106.92,5740,233.8,100,0,0.2,5,11223,0.01,0.04,113,132.4,92.9,95.9,24.28,25.9,21.03,21.43
106.96,5743,233.9,100,0,0.1,5,11225,0.01,0.04,113,132.3,92.9,95.9,24.28,25.9,21.03,21.43
107,5745,233.9,100,0,0,5,11228,-0.03,0.04,113,132.3,92.9,95.9,24.28,25.9,21.03,21.43
107.04,5748,234,100,0,-0.3,5,11231,-0.02,0.04,113,132.3,92.9,95.9,24.27,25.9,21.03,21.43
107.08,5750,234,100,0,0,5,11234,-0.02,0.04,113,132.3,92.9,95.9,24.27,25.9,21.03,21.43
107.12,5753,234.1,100,0,0.1,5,11236,-0.04,0.04,113,132.3,92.9,95.9,24.27,25.9,21.03,21.43
107.16,5756,234.2,100,0,-0.1,5,11239,-0.04,0.04,113,132.3,92.8,95.8,24.27,25.9,21.03,21.43
107.2,5758,234.2,100,0,-0.1,5,11242,0.01,0.04,112.9,132.3,92.8,95.8,24.27,25.9,21.02,21.42
107.24,5761,234.3,100,0,0.4,5,11245,-0.01,0.04,112.9,132.3,92.8,95.8,24.27,25.89,21.02,21.42
107.28,5763,234.3,100,0,-1.1,5,11248,0.01,0.04,112.9,132.2,92.8,95.8,24.27,25.89,21.02,21.42
107.32,5766,234.4,100,0,0.6,5,11250,0,0.04,112.9,132.2,92.8,95.8,24.27,25.89,21.02,21.42
107.36,5769,234.4,100,0,0.1,5,11253,-0.02,0.04,112.9,132.2,92.8,95.8,24.27,25.89,21.02,21.42
107.4,5771,234.5,100,0,0.1,5,11256,0.02,0.04,112.9,132.2,92.8,95.8,24.27,25.89,21.02,21.42
107.44,5774,234.6,100,0,-0.2,5,11259,-0.01,0.04,112.9,132.2,92.8,95.8,24.27,25.89,21.02,21.42
107.48,5776,234.6,100,0,0.1,5,11261,0,0.04,112.9,132.2,92.7,95.7,24.26,25.89,21.02,21.42
107.52,5779,234.7,100,0,0.3,5,11264,-0.04,0.04,112.9,132.2,92.7,95.7,24.26,25.89,21.02,21.42
107.56,5782,234.7,100,0,0.6,5,11267,-0.04,0.04,112.8,132.2,92.7,95.7,24.26,25.89,21.02,21.42
107.6,5784,234.8,100,0,-0.2,5,11270,-0.01,0.04,112.8,132.1,92.7,95.7,24.26,25.89,21.02,21.42
107.64,5787,234.8,100,0,0.4,5,11272,0.02,0.04,112.8,132.1,92.7,95.7,24.26,25.89,21.01,21.41
107.68,5789,234.9,100,0,-0.4,5,11275,0.02,0.04,112.8,132.1,92.7,95.7,24.26,25.88,21.01,21.41
107.72,5792,235,100,0,0.1,5,11278,-0.01,0.04,112.8,132.1,92.7,95.7,24.26,25.88,21.01,21.41
107.76,5795,235,100,0,-0.4,5,11281,0,0.04,112.8,132.1,92.7,95.7,24.26,25.88,21.01,21.41
107.8,5797,235.1,100,0,0.4,5,11283,0.02,0.04,112.8,132.1,92.6,95.6,24.26,25.88,21.01,21.41
107.84,5800,235.1,100,0,-0.2,5,11286,-0.02,0.04,112.8,132.1,92.6,95.6,24.26,25.88,21.01,21.41
107.88,5802,235.2,100,0,-0.1,5,11289,0,0.04,112.7,132.1,92.6,95.6,24.26,25.88,21.01,21.41
107.92,5805,235.2,100,0,-0.6,5,11292,0.03,0.04,112.7,132.1,92.6,95.6,24.25,25.88,21.01,21.41
107.96,5808,235.3,100,0,-0.1,5,11295,-0.01,0.04,112.7,132,92.6,95.6,24.25,25.88,21.01,21.41
108,5810,235.4,100,0,0,5,11297,0.02,0.04,112.7,132,92.6,95.6,24.25,25.88,21.01,21.41
108.04,5813,235.2,0,3,1.5,5,11288,0,-4.2,112.7,132.1,92.6,95.6,24.26,25.89,21.01,21.41
108.08,5816,234.3,0,14,0.6,5,11245,0,-4.2,112.8,132.3,92.6,95.6,24.26,25.9,21.01,21.41
108.12,5818,232.7,0,24,0.5,5,11171,0,-4.2,112.8,132.4,92.6,95.6,24.26,25.9,21.01,21.41
108.16,5821,230.6,0,34,0.2,5,11067,0,-4.2,112.9,132.5,92.6,95.6,24.27,25.91,21.01,21.41
108.2,5823,227.7,0,44,1.5,5,10932,0,-4.2,112.9,132.6,92.6,95.6,24.27,25.92,21.01,21.41
108.24,5826,224.3,0,54,-0.3,5,10766,0,-4.2,112.9,132.7,92.6,95.6,24.27,25.93,21.01,21.41
108.28,5828,220.3,0,63,0.7,5,10572,0,-4.2,113,132.9,92.6,95.6,24.27,25.94,21.01,21.41
108.32,5831,215.6,0,73,0.5,5,10348,0,-4.2,113,133,92.6,95.6,24.28,25.95,21.01,21.41
108.36,5833,210.3,0,82,1.6,5,10096,0,-4.2,113.1,133.1,92.6,95.6,24.28,25.96,21.01,21.41
108.4,5835,204.5,0,91,0.8,4,11862,0,-4.2,113.1,133.2,92.6,95.6,24.28,25.97,21.01,21.41
108.44,5838,198.2,0,98,0.7,4,11498,0,-4.2,113.1,133.3,92.6,95.6,24.29,25.98,21.01,21.41
108.48,5840,192,0,98,0.7,4,11134,0,-4.2,113.2,133.5,92.6,95.6,24.29,25.99,21.01,21.41
108.52,5842,185.7,0,98,-0.1,4,10770,0,-4.2,113.2,133.6,92.6,95.6,24.29,25.99,21.01,21.41
108.56,5844,179.4,0,98,-0.3,4,10407,0,-4.2,113.3,133.7,92.6,95.6,24.3,26,21.01,21.41
108.6,5846,173.2,0,98,-1.2,4,10043,0,-4.2,113.3,133.8,92.6,95.6,24.3,26.01,21.01,21.41
108.64,5848,166.9,0,98,-0.8,3,11682,0,-4.2,113.3,133.9,92.6,95.6,24.3,26.02,21.01,21.41
108.68,5850,160.6,0,98,-0.6,3,11243,0,-4.2,113.4,134.1,92.6,95.6,24.3,26.03,21.01,21.41
108.72,5852,154.3,0,98,0,3,10804,0,-4.2,113.4,134.2,92.6,95.6,24.31,26.04,21.01,21.41
108.76,5853,148.1,0,98,1.5,3,10364,0,-4.2,113.5,134.3,92.6,95.6,24.31,26.05,21.01,21.41
108.8,5855,141.8,0,98,0.8,3,9925,0,-4.2,113.5,134.4,92.6,95.6,24.31,26.06,21.01,21.41
108.84,5857,135.5,0,98,1.2,3,9486,0,-4.2,113.5,134.5,92.6,95.6,24.32,26.07,21.01,21.41
108.88,5858,129.2,0,98,0.2,2,11374,0,-4.2,113.6,134.7,92.6,95.6,24.32,26.08,21.01,21.41
108.92,5860,123,0,98,0.4,2,10822,0,-4.2,113.6,134.8,92.6,95.6,24.32,26.08,21.01,21.41
108.96,5861,116.7,0,98,-0.2,2,10270,0,-4.2,113.7,134.9,92.6,95.6,24.33,26.09,21.01,21.41
109,5862,110.4,0,98,0.8,2,9718,0,-4.2,113.7,135,92.6,95.6,24.33,26.1,21.01,21.41
109.04,5863,106.5,0,98,0.4,2,9372,0,-4.2,113.7,135.1,92.6,95.6,24.33,26.11,21.01,21.41
109.08,5865,106.5,0,98,0.7,2,9372,0,-4.2,113.8,135.3,92.6,95.6,24.33,26.12,21.01,21.41
109.12,5866,106.5,0,98,1.3,2,9372,0,-4.2,113.8,135.4,92.6,95.6,24.34,26.13,21.01,21.41
109.16,5867,106.5,0,98,0.4,2,9372,0,-4.2,113.9,135.5,92.6,95.6,24.34,26.14,21.01,21.41
109.2,5868,106.5,0,98,1.1,2,9372,0,-4.2,113.9,135.6,92.6,95.6,24.34,26.15,21.01,21.41
109.24,5869,106.5,0,98,-1.2,2,9372,0,-4.2,113.9,135.7,92.6,95.6,24.35,26.16,21.01,21.41
109.28,5871,106.5,0,98,1.3,2,9372,0,-4.2,114,135.9,92.6,95.6,24.35,26.17,21.01,21.41
109.32,5872,106.5,0,98,0.2,2,9372,0,-4.2,114,136,92.6,95.6,24.35,26.17,21.01,21.41
109.36,5873,106.5,0,98,-0.1,2,9372,0,-4.2,114.1,136.1,92.6,95.6,24.36,26.18,21.01,21.41
109.4,5874,106.5,0,98,0,2,9372,0,-4.2,114.1,136.2,92.6,95.6,24.36,26.19,21.01,21.41
109.44,5875,106.5,0,98,0.5,2,9372,0,-4.2,114.1,136.3,92.6,95.6,24.36,26.2,21.01,21.41
109.48,5876,106.5,0,98,-0.1,2,9372,0,-4.2,114.2,136.5,92.6,95.6,24.36,26.21,21.01,21.41
109.52,5878,106.5,0,98,-0.4,2,9372,0,-4.2,114.2,136.6,92.6,95.6,24.37,26.22,21.01,21.41
109.56,5879,106.5,0,98,1.3,2,9372,0,-4.2,114.3,136.7,92.6,95.6,24.37,26.23,21.01,21.41
109.6,5880,106.5,0,98,-1.1,2,9372,0,-4.2,114.3,136.8,92.6,95.6,24.37,26.24,21.01,21.41
109.64,5881,106.5,0,98,0.6,2,9372,0,-4.2,114.3,136.9,92.6,95.6,24.38,26.25,21.01,21.41
109.68,5882,106.5,0,98,0.6,2,9372,0,-4.2,114.4,137.1,92.6,95.6,24.38,26.26,21.01,21.41
109.72,5884,106.5,0,98,0.2,2,9372,0,-4.2,114.4,137.2,92.6,95.6,24.38,26.26,21.01,21.41
109.76,5885,106.5,0,98,-1.4,2,9372,0,-4.2,114.5,137.3,92.6,95.6,24.39,26.27,21.01,21.41
109.8,5886,106.5,0,98,-0.4,2,9372,0,-4.2,114.5,137.4,92.6,95.6,24.39,26.28,21.01,21.41
109.84,5887,106.5,0,98,-0.2,2,9372,0,-4.2,114.5,137.5,92.6,95.6,24.39,26.29,21.01,21.41
109.88,5888,106.5,0,97,-0.8,2,9372,-0.02,-1.39,114.6,137.7,92.6,95.6,24.39,26.3,21.01,21.41
109.92,5889,106.5,0,95,-2.3,2,9372,-0.05,-1.37,114.6,137.8,92.6,95.6,24.4,26.31,21.01,21.41
109.96,5891,106.5,0,93,-2.9,2,9372,-0.08,-1.35,114.7,137.9,92.6,95.6,24.4,26.32,21.01,21.41
110,5892,106.5,0,92,-6,2,9372,-0.11,-1.34,114.7,138,92.6,95.6,24.4,26.33,21.01,21.41
110.04,5893,106.5,0,90,-6.7,2,9372,-0.14,-1.32,114.7,138.1,92.6,95.6,24.41,26.34,21.01,21.41
110.08,5894,106.5,0,88,-8.7,2,9372,-0.17,-1.3,114.8,138.3,92.6,95.6,24.41,26.35,21.01,21.41
110.12,5895,106.5,0,87,-9.7,2,9372,-0.2,-1.28,114.8,138.4,92.6,95.6,24.41,26.35,21.01,21.41
110.16,5897,106.5,0,85,-12.7,2,9372,-0.23,-1.26,114.9,138.5,92.6,95.6,24.42,26.36,21.01,21.41
110.2,5898,106.5,0,83,-13.9,2,9372,-0.26,-1.25,114.9,138.6,92.6,95.6,24.42,26.37,21.01,21.41
110.24,5899,106.5,0,82,-15.3,2,9372,-0.29,-1.23,114.9,138.7,92.6,95.6,24.42,26.38,21.01,21.41
110.28,5900,106.5,0,80,-15.2,2,9372,-0.32,-1.21,115,138.9,92.6,95.6,24.42,26.39,21.01,21.41
110.32,5901,106.5,0,78,-17,2,9372,-0.35,-1.19,115,139,92.6,95.6,24.43,26.4,21.01,21.41
110.36,5903,106.5,0,77,-18.8,2,9372,-0.38,-1.17,115.1,139.1,92.6,95.6,24.43,26.41,21.01,21.41
110.4,5904,106.5,0,75,-20.5,2,9372,-0.41,-1.16,115.1,139.2,92.6,95.6,24.43,26.42,21.01,21.41
110.44,5905,106.5,0,73,-23.7,2,9372,-0.44,-1.14,115.1,139.3,92.6,95.6,24.44,26.43,21.01,21.41
110.48,5906,106.5,0,72,-22.8,2,9372,-0.47,-1.12,115.2,139.5,92.6,95.6,24.44,26.44,21.01,21.41
110.52,5907,106.5,0,70,-25.3,2,9372,-0.5,-1.1,115.2,139.6,92.6,95.6,24.44,26.44,21.01,21.41
110.56,5908,106.5,0,69,-26.5,2,9372,-0.53,-1.08,115.3,139.7,92.6,95.6,24.45,26.45,21.01,21.41
110.6,5910,106.5,0,67,-27.9,2,9372,-0.56,-1.07,115.3,139.8,92.6,95.6,24.45,26.46,21.01,21.41
110.64,5911,106.5,0,65,-29.3,2,9372,-0.59,-1.05,115.3,139.9,92.6,95.6,24.45,26.47,21.01,21.41
110.68,5912,106.5,0,64,-31.4,2,9372,-0.62,-1.03,115.4,140.1,92.6,95.6,24.45,26.48,21.01,21.41
110.72,5913,106.5,0,62,-31.6,2,9372,-0.65,-1.01,115.4,140.2,92.6,95.6,24.46,26.49,21.01,21.41
110.76,5914,106.5,0,61,-33.3,2,9372,-0.68,-0.99,115.5,140.3,92.6,95.6,24.46,26.5,21.01,21.41
110.8,5916,106.5,0,59,-35.3,2,9372,-0.71,-0.98,115.5,140.4,92.6,95.6,24.46,26.51,21.01,21.41
110.84,5917,106.5,0,58,-35.4,2,9372,-0.74,-0.96,115.5,140.5,92.6,95.6,24.47,26.52,21.01,21.41
110.88,5918,106.5,0,56,-37.5,2,9372,-0.77,-0.94,115.6,140.7,92.6,95.6,24.47,26.53,21.01,21.41
110.92,5919,106.5,0,55,-39.1,2,9372,-0.8,-0.92,115.6,140.8,92.6,95.6,24.47,26.53,21.01,21.41
110.96,5920,106.5,0,53,-40.3,2,9372,-0.83,-0.91,115.7,140.9,92.6,95.6,24.48,26.54,21.01,21.41
111,5921,106.5,0,52,-41.9,2,9372,-0.86,-0.89,115.7,141,92.6,95.6,24.48,26.55,21.01,21.41
111.04,5923,106.5,0,50,-42.9,2,9372,-0.89,-0.87,115.7,141.1,92.6,95.6,24.48,26.56,21.01,21.41
111.08,5924,106.5,0,49,-44.9,2,9372,-0.92,-0.85,115.8,141.3,92.6,95.6,24.48,26.57,21.01,21.41
111.12,5925,106.5,0,47,-46,2,9372,-0.95,-0.83,115.8,141.4,92.6,95.6,24.49,26.58,21.01,21.41
111.16,5926,106.5,0,46,-46.6,2,9372,-0.98,-0.82,115.9,141.5,92.6,95.6,24.49,26.59,21.01,21.41
111.2,5927,106.5,0,45,-48,2,9372,-1.01,-0.8,115.9,141.6,92.6,95.6,24.49,26.6,21.01,21.41
111.24,5929,106.5,0,43,-48.9,2,9372,-1.04,-0.78,115.9,141.7,92.6,95.6,24.5,26.61,21.01,21.41
111.28,5930,106.5,0,42,-50.5,2,9372,-1.07,-0.76,116,141.9,92.6,95.6,24.5,26.62,21.01,21.41
111.32,5931,106.5,0,40,-51,2,9372,-1.1,-0.74,116,142,92.6,95.6,24.5,26.62,21.01,21.41
111.36,5932,106.5,0,39,-52.7,2,9372,-1.13,-0.73,116.1,142.1,92.6,95.6,24.51,26.63,21.01,21.41
111.4,5933,106.5,0,38,-53.7,2,9372,-1.16,-0.71,116.1,142.2,92.6,95.6,24.51,26.64,21.01,21.41
111.44,5934,106.5,0,36,-54.4,2,9372,-1.19,-0.69,116.1,142.3,92.6,95.6,24.51,26.65,21.01,21.41
111.48,5936,106.5,0,35,-55.8,2,9372,-1.22,-0.67,116.2,142.5,92.6,95.6,24.51,26.66,21.01,21.41
111.52,5937,106.5,0,34,-57.1,2,9372,-1.25,-0.65,116.2,142.6,92.6,95.6,24.52,26.67,21.01,21.41
111.56,5938,106.5,0,32,-58,2,9372,-1.28,-0.64,116.3,142.7,92.6,95.6,24.52,26.68,21.01,21.41
111.6,5939,106.5,0,31,-59.5,2,9372,-1.31,-0.62,116.3,142.8,92.6,95.6,24.52,26.69,21.01,21.41
111.64,5940,106.5,0,30,-60.4,2,9372,-1.34,-0.6,116.3,142.9,92.6,95.6,24.53,26.7,21.01,21.41
111.68,5942,106.5,0,29,-60.8,2,9372,-1.37,-0.58,116.4,143.1,92.6,95.6,24.53,26.71,21.01,21.41
111.72,5943,106.5,0,27,-61.9,2,9372,-1.4,-0.56,116.4,143.2,92.6,95.6,24.53,26.71,21.01,21.41
111.76,5944,106.5,0,26,-61.8,2,9372,-1.43,-0.55,116.5,143.3,92.6,95.6,24.54,26.72,21.01,21.41
111.8,5945,106.5,0,25,-63.8,2,9372,-1.46,-0.53,116.5,143.4,92.6,95.6,24.54,26.73,21.01,21.41
111.84,5946,106.5,0,24,-64.4,2,9372,-1.49,-0.51,116.5,143.5,92.6,95.6,24.54,26.74,21.01,21.41
111.88,5947,106.5,0,23,-66.4,2,9372,-1.52,-0.49,116.6,143.7,92.6,95.6,24.54,26.75,21.01,21.41
111.92,5949,106.5,0,22,-66.2,2,9372,-1.55,-0.47,116.6,143.8,92.6,95.6,24.55,26.76,21.01,21.41
111.96,5950,106.5,0,20,-66.9,2,9372,-1.58,-0.46,116.7,143.9,92.6,95.6,24.55,26.77,21.01,21.41
112,5951,106.5,0,19,-67.7,2,9372,-1.61,-0.44,116.7,144,92.6,95.6,24.55,26.78,21.01,21.41
112.04,5952,106.5,0,18,-68.6,2,9372,-1.64,-0.42,116.7,144.1,92.6,95.6,24.56,26.79,21.01,21.41
112.08,5953,106.5,0,17,-68.9,2,9372,-1.67,-0.4,116.8,144.3,92.6,95.6,24.56,26.8,21.01,21.41
112.12,5955,106.5,0,16,-69.5,2,9372,-1.7,-0.39,116.8,144.4,92.6,95.6,24.56,26.8,21.01,21.41
112.16,5956,106.5,0,15,-70.1,2,9372,-1.73,-0.37,116.9,144.5,92.6,95.6,24.57,26.81,21.01,21.41
112.2,5957,106.5,0,14,-70.5,2,9372,-1.76,-0.35,116.9,144.6,92.6,95.6,24.57,26.82,21.01,21.41
112.24,5958,106.5,0,13,-72.3,2,9372,-1.79,-0.33,116.9,144.7,92.6,95.6,24.57,26.83,21.01,21.41
112.28,5959,106.5,0,12,-72.9,2,9372,-1.82,-0.31,117,144.9,92.6,95.6,24.57,26.84,21.01,21.41
112.32,5960,106.5,0,11,-71.8,2,9372,-1.85,-0.3,117,145,92.6,95.6,24.58,26.85,21.01,21.41
112.36,5962,106.5,0,10,-72,2,9372,-1.88,-0.28,117.1,145.1,92.6,95.6,24.58,26.86,21.01,21.41
112.4,5963,106.5,0,9,-73.4,2,9372,-1.91,-0.26,117.1,145.2,92.6,95.6,24.58,26.87,21.01,21.41
112.44,5964,106.5,0,8,-73.7,2,9372,-1.94,-0.24,117.1,145.3,92.6,95.6,24.59,26.88,21.01,21.41
112.48,5965,106.5,0,8,-74.3,2,9372,-1.97,-0.22,117.2,145.5,92.6,95.6,24.59,26.89,21.01,21.41
112.52,5966,106.5,0,7,-75.3,2,9372,-2,-0.21,117.2,145.6,92.6,95.6,24.59,26.89,21.01,21.41
112.56,5968,106.5,0,6,-74.4,2,9372,-2.03,-0.19,117.3,145.7,92.6,95.6,24.6,26.9,21.01,21.41
112.6,5969,106.5,0,5,-74.5,2,9372,-2.06,-0.17,117.3,145.8,92.6,95.6,24.6,26.91,21.01,21.41
112.64,5970,106.5,0,4,-76.1,2,9372,-2.09,-0.15,117.3,145.9,92.6,95.6,24.6,26.92,21.01,21.41
112.68,5971,106.5,0,4,-75.4,2,9372,-2.12,-0.13,117.4,146.1,92.6,95.6,24.6,26.93,21.01,21.41
112.72,5972,106.5,0,3,-76.4,2,9372,-2.15,-0.12,117.4,146.2,92.6,95.6,24.61,26.94,21.01,21.41
112.76,5974,106.5,0,2,-76.6,2,9372,-2.18,-0.1,117.5,146.3,92.6,95.6,24.61,26.95,21.01,21.41
112.8,5975,106.5,0,2,-76.6,2,9372,-2.21,-0.08,117.5,146.4,92.6,95.6,24.61,26.96,21.01,21.41
112.84,5976,106.5,0,1,-77.1,2,9372,-2.24,-0.06,117.5,146.5,92.6,95.6,24.62,26.97,21.01,21.41
112.88,5977,106.5,0,1,-76.6,2,9372,-2.27,-0.04,117.6,146.7,92.6,95.6,24.62,26.98,21.01,21.41
112.92,5978,106.5,0,0,-77.3,2,9372,-2.3,-0.03,117.6,146.8,92.6,95.6,24.62,26.98,21.01,21.41
112.96,5979,106.5,0,0,-76.9,2,9372,-2.33,-0.01,117.7,146.9,92.6,95.6,24.63,26.99,21.01,21.41
113,5981,106.5,1,0,-75.9,2,9372,-3.39,0,117.7,146.9,92.6,95.6,24.63,26.99,21.01,21.41
113.04,5982,106.5,2,0,-75.7,2,9372,-3.37,0.01,117.7,146.9,92.7,95.7,24.63,26.99,21.01,21.41
113.08,5983,106.5,4,0,-74.5,2,9373,-3.34,0.01,117.7,146.9,92.7,95.7,24.63,26.99,21.01,21.41
113.12,5984,106.5,5,0,-75,2,9373,-3.32,0.02,117.7,146.9,92.7,95.7,24.63,26.99,21.02,21.42
113.16,5985,106.5,6,0,-73.8,2,9374,-3.3,0.02,117.7,146.9,92.8,95.8,24.63,26.99,21.02,21.42
113.2,5987,106.5,7,0,-73.2,2,9375,-3.28,0.03,117.7,146.9,92.8,95.8,24.63,26.99,21.02,21.42
113.24,5988,106.5,8,0,-72.1,2,9376,-3.26,0.03,117.7,146.9,92.8,95.8,24.63,26.99,21.02,21.42
113.28,5989,106.6,9,0,-71.5,2,9377,-3.23,0.04,117.7,146.9,92.9,95.9,24.63,26.99,21.03,21.43
113.32,5990,106.6,10,0,-71.5,2,9378,-3.21,0.04,117.7,146.9,92.9,95.9,24.63,26.99,21.03,21.43
113.36,5991,106.6,11,0,-71.1,2,9380,-3.19,0.05,117.7,146.9,92.9,95.9,24.63,26.99,21.03,21.43
113.4,5992,106.6,12,0,-70.5,2,9381,-3.17,0.06,117.7,146.9,93,96,24.63,26.99,21.04,21.44
113.44,5994,106.6,13,0,-69.5,2,9383,-3.15,0.06,117.7,146.9,93,96,24.63,26.99,21.04,21.44
113.48,5995,106.6,14,0,-69.6,2,9384,-3.12,0.07,117.7,146.9,93,96,24.63,26.99,21.04,21.44
113.52,5996,106.7,15,0,-68.2,2,9386,-3.1,0.07,117.7,146.9,93.1,96.1,24.63,26.99,21.04,21.44
113.56,5997,106.7,16,0,-67.5,2,9388,-3.08,0.08,117.7,146.9,93.1,96.1,24.63,26.99,21.05,21.45
113.6,5998,106.7,17,0,-66.8,2,9390,-3.06,0.08,117.7,146.9,93.1,96.1,24.63,26.99,21.05,21.45
113.64,6000,106.7,18,0,-66.7,2,9392,-3.04,0.09,117.7,146.9,93.2,96.2,24.63,26.99,21.05,21.45
113.68,6001,106.8,19,0,-67,2,9394,-3.01,0.09,117.7,146.9,93.2,96.2,24.63,26.99,21.05,21.45
113.72,6002,106.8,20,0,-65.4,2,9397,-2.99,0.1,117.7,146.9,93.3,96.3,24.63,26.99,21.06,21.46
113.76,6003,106.8,21,0,-64.8,2,9399,-2.97,0.1,117.7,146.9,93.3,96.3,24.63,26.99,21.06,21.46
113.8,6004,106.8,22,0,-63.4,2,9402,-2.95,0.11,117.7,146.9,93.3,96.3,24.63,26.99,21.06,21.46
113.84,6005,106.9,23,0,-63.7,2,9405,-2.93,0.11,117.7,146.9,93.4,96.4,24.63,26.99,21.06,21.46
113.88,6007,106.9,24,0,-63,2,9408,-2.9,0.12,117.7,146.9,93.4,96.4,24.63,26.99,21.07,21.47
113.92,6008,106.9,24,0,-61.5,2,9410,-2.88,0.12,117.7,146.9,93.4,96.4,24.63,26.99,21.07,21.47
113.96,6009,107,25,0,-61.5,2,9413,-2.86,0.13,117.7,146.9,93.5,96.5,24.63,26.99,21.07,21.47
114,6010,107,26,0,-60.2,2,9417,-2.84,0.13,117.7,146.9,93.5,96.5,24.63,26.99,21.07,21.47
114.04,6011,107,27,0,-59.8,2,9420,-2.81,0.14,117.7,146.9,93.5,96.5,24.63,26.99,21.08,21.48
114.08,6013,107.1,28,0,-59.4,2,9423,-2.79,0.15,117.7,146.9,93.6,96.6,24.63,26.99,21.08,21.48
114.12,6014,107.1,29,0,-59.1,2,9427,-2.77,0.15,117.7,146.9,93.6,96.6,24.63,26.99,21.08,21.48
114.16,6015,107.2,30,0,-58.2,2,9430,-2.75,0.16,117.7,146.9,93.6,96.6,24.63,26.99,21.09,21.49
114.2,6016,107.2,31,0,-57.7,2,9434,-2.73,0.16,117.7,146.9,93.7,96.7,24.63,26.99,21.09,21.49
114.24,6017,107.2,31,0,-57.2,2,9438,-2.7,0.17,117.7,146.9,93.7,96.7,24.63,26.99,21.09,21.49
114.28,6019,107.3,32,0,-56.9,2,9441,-2.68,0.17,117.7,146.9,93.7,96.7,24.63,26.99,21.09,21.49
114.32,6020,107.3,33,0,-55.9,2,9445,-2.66,0.18,117.7,146.9,93.8,96.8,24.63,26.99,21.1,21.5
114.36,6021,107.4,34,0,-55.9,2,9449,-2.64,0.18,117.7,146.9,93.8,96.8,24.63,26.99,21.1,21.5
114.4,6022,107.4,35,0,-54.7,2,9453,-2.61,0.19,117.7,146.9,93.8,96.8,24.63,26.99,21.1,21.5
114.44,6023,107.5,36,0,-54.2,2,9458,-2.59,0.19,117.7,146.9,93.9,96.9,24.63,26.99,21.1,21.5
114.48,6025,107.5,36,0,-53.4,2,9462,-2.57,0.2,117.7,146.9,93.9,96.9,24.63,26.99,21.11,21.51
114.52,6026,107.6,37,0,-52.3,2,9466,-2.55,0.2,117.7,146.9,94,97,24.63,26.99,21.11,21.51
114.56,6027,107.6,38,0,-51.9,2,9471,-2.53,0.21,117.7,146.9,94,97,24.63,26.99,21.11,21.51
114.6,6028,107.7,39,0,-51.5,2,9476,-2.5,0.21,117.7,146.9,94,97,24.63,26.99,21.11,21.51
114.64,6029,107.7,40,0,-51.1,2,9480,-2.48,0.22,117.7,146.9,94.1,97.1,24.63,26.99,21.12,21.52
114.68,6031,107.8,41,0,-50.5,2,9485,-2.46,0.22,117.7,146.9,94.1,97.1,24.63,26.99,21.12,21.52
114.72,6032,107.8,41,0,-49.9,2,9490,-2.44,0.23,117.7,146.9,94.1,97.1,24.63,26.99,21.12,21.52
114.76,6033,107.9,42,0,-48.2,2,9495,-2.41,0.24,117.7,146.9,94.2,97.2,24.63,26.99,21.12,21.52
114.8,6034,108,43,0,-48.4,2,9500,-2.39,0.24,117.7,146.9,94.2,97.2,24.63,26.99,21.13,21.53
114.84,6035,108,44,0,-47.7,2,9505,-2.37,0.25,117.7,146.9,94.2,97.2,24.63,26.99,21.13,21.53
114.88,6037,108.1,45,0,-46.9,2,9511,-2.35,0.25,117.7,146.9,94.3,97.3,24.63,26.99,21.13,21.53
114.92,6038,108.1,45,0,-46.6,2,9516,-2.32,0.26,117.7,146.9,94.3,97.3,24.63,26.99,21.14,21.54
114.96,6039,108.2,46,0,-46.5,2,9521,-2.3,0.26,117.7,146.9,94.3,97.3,24.63,26.99,21.14,21.54
115,6040,108.3,47,0,-45.1,2,9527,-2.28,0.27,117.7,146.9,94.4,97.4,24.63,26.99,21.14,21.54
115.04,6041,108.3,48,0,-44,2,9533,-2.26,0.27,117.7,146.9,94.4,97.4,24.63,26.99,21.14,21.54
115.08,6043,108.4,49,0,-44,2,9538,-2.24,0.28,117.7,146.9,94.4,97.4,24.63,26.99,21.15,21.55
115.12,6044,108.5,49,0,-42.5,2,9544,-2.21,0.28,117.7,146.9,94.5,97.5,24.63,26.99,21.15,21.55
115.16,6045,108.5,50,0,-42.1,2,9550,-2.19,0.29,117.7,146.9,94.5,97.5,24.63,26.99,21.15,21.55
115.2,6046,108.6,51,0,-42.2,2,9556,-2.17,0.29,117.7,146.9,94.5,97.5,24.63,26.99,21.15,21.55
115.24,6047,108.7,52,0,-41.6,2,9562,-2.15,0.3,117.7,146.9,94.6,97.6,24.63,26.99,21.16,21.56
115.28,6049,108.7,53,0,-40.6,2,9568,-2.12,0.31,117.7,146.9,94.6,97.6,24.63,26.99,21.16,21.56
115.32,6050,108.8,53,0,-39.8,2,9575,-2.1,0.31,117.7,146.9,94.7,97.7,24.63,26.99,21.16,21.56
115.36,6051,108.9,54,0,-39.5,2,9581,-2.08,0.32,117.7,146.9,94.7,97.7,24.63,26.99,21.16,21.56
115.4,6052,108.9,55,0,-38.5,2,9587,-2.06,0.32,117.7,146.9,94.7,97.7,24.63,26.99,21.17,21.57
115.44,6053,109,56,0,-38.7,2,9594,-2.03,0.33,117.7,146.9,94.8,97.8,24.63,26.99,21.17,21.57
115.48,6055,109.1,57,0,-37.9,2,9601,-2.01,0.33,117.7,146.9,94.8,97.8,24.63,26.99,21.17,21.57
115.52,6056,109.2,57,0,-37.4,2,9607,-1.99,0.34,117.7,146.9,94.8,97.8,24.63,26.99,21.17,21.57
115.56,6057,109.3,58,0,-35.8,2,9614,-1.97,0.34,117.7,146.9,94.9,97.9,24.63,26.99,21.18,21.58
115.6,6058,109.3,59,0,-36,2,9621,-1.94,0.35,117.7,146.9,94.9,97.9,24.63,26.99,21.18,21.58
115.64,6059,109.4,60,0,-34.5,2,9628,-1.92,0.35,117.7,146.9,94.9,97.9,24.63,26.99,21.18,21.58
115.68,6061,109.5,60,0,-34.1,2,9635,-1.9,0.36,117.7,146.9,95,98,24.63,26.99,21.19,21.59
115.72,6062,109.6,61,0,-33.7,2,9642,-1.87,0.36,117.7,146.9,95,98,24.63,26.99,21.19,21.59
115.76,6063,109.7,62,0,-33.5,2,9649,-1.85,0.37,117.7,146.9,95,98,24.63,26.99,21.19,21.59
115.8,6064,109.7,63,0,-32.2,2,9657,-1.83,0.38,117.7,146.9,95.1,98.1,24.63,26.99,21.19,21.59
115.84,6066,109.8,63,0,-32.4,2,9664,-1.81,0.38,117.7,146.9,95.1,98.1,24.63,26.99,21.2,21.6
115.88,6067,109.9,64,0,-31,2,9671,-1.78,0.39,117.7,146.9,95.1,98.1,24.63,26.99,21.2,21.6
115.92,6068,110,65,0,-30.2,2,9679,-1.76,0.39,117.7,146.9,95.2,98.2,24.63,26.99,21.2,21.6
115.96,6069,110.1,66,0,-29.8,2,9687,-1.74,0.4,117.7,146.9,95.2,98.2,24.63,26.99,21.2,21.6
116,6070,110.2,67,0,-29.2,2,9694,-1.72,0.4,117.7,146.9,95.2,98.2,24.63,26.99,21.21,21.61
116.04,6072,110.3,67,0,-29.4,2,9702,-1.69,0.41,117.7,146.9,95.3,98.3,24.63,26.99,21.21,21.61
116.08,6073,110.3,68,0,-28.2,2,9710,-1.67,0.41,117.7,146.9,95.3,98.3,24.63,26.99,21.21,21.61
116.12,6074,110.4,69,0,-27.1,2,9718,-1.65,0.42,117.7,146.9,95.4,98.4,24.63,26.99,21.21,21.61
116.16,6075,110.5,70,0,-26.5,2,9726,-1.62,0.42,117.7,146.9,95.4,98.4,24.63,26.99,21.22,21.62
116.2,6077,110.6,70,0,-25.9,2,9734,-1.6,0.43,117.7,146.9,95.4,98.4,24.63,26.99,21.22,21.62
116.24,6078,110.7,71,0,-25.1,2,9742,-1.58,0.44,117.7,146.9,95.5,98.5,24.63,26.99,21.22,21.62
116.28,6079,110.8,72,0,-24.8,2,9751,-1.56,0.44,117.7,146.9,95.5,98.5,24.63,26.99,21.22,21.62
116.32,6080,110.9,73,0,-23.9,2,9759,-1.53,0.45,117.7,146.9,95.5,98.5,24.63,26.99,21.23,21.63
116.36,6081,111,73,0,-23.3,2,9768,-1.51,0.45,117.7,146.9,95.6,98.6,24.63,26.99,21.23,21.63
116.4,6083,111.1,74,0,-22.8,2,9776,-1.49,0.46,117.7,146.9,95.6,98.6,24.63,26.99,21.23,21.63
116.44,6084,111.2,75,0,-22.1,2,9785,-1.46,0.46,117.7,146.9,95.6,98.6,24.63,26.99,21.23,21.63
116.48,6085,111.3,76,0,-21.9,2,9793,-1.44,0.47,117.7,146.9,95.7,98.7,24.63,26.99,21.24,21.64
116.52,6086,111.4,76,0,-20.6,2,9802,-1.42,0.47,117.7,146.9,95.7,98.7,24.63,26.99,21.24,21.64
116.56,6088,111.5,77,0,-19.4,2,9811,-1.39,0.48,117.7,146.9,95.7,98.7,24.63,26.99,21.24,21.64
116.6,6089,111.6,78,0,-19.8,2,9820,-1.37,0.48,117.7,146.9,95.8,98.8,24.63,26.99,21.25,21.65
116.64,6090,111.7,79,0,-18.6,2,9829,-1.35,0.49,117.7,146.9,95.8,98.8,24.63,26.99,21.25,21.65
116.68,6091,111.8,79,0,-18,2,9838,-1.33,0.5,117.7,146.9,95.8,98.8,24.63,26.99,21.25,21.65
116.72,6093,111.9,80,0,-17.9,2,9847,-1.3,0.5,117.7,146.9,95.9,98.9,24.63,26.99,21.25,21.65
116.76,6094,112,81,0,-16.6,2,9856,-1.28,0.51,117.7,146.9,95.9,98.9,24.63,26.99,21.26,21.66
116.8,6095,112.1,82,0,-16.2,2,9866,-1.26,0.51,117.7,146.9,95.9,98.9,24.63,26.99,21.26,21.66
116.84,6096,112.2,82,0,-15.1,2,9875,-1.23,0.52,117.7,146.9,96,99,24.63,26.99,21.26,21.66
116.88,6098,112.3,83,0,-14.9,2,9885,-1.21,0.52,117.7,146.9,96,99,24.63,26.99,21.26,21.66
116.92,6099,112.4,84,0,-14,2,9894,-1.19,0.53,117.7,146.9,96.1,99.1,24.63,26.99,21.27,21.67
116.96,6100,112.5,85,0,-13.9,2,9904,-1.16,0.53,117.7,146.9,96.1,99.1,24.63,26.99,21.27,21.67
117,6101,112.7,85,0,-12.8,2,9913,-1.14,0.54,117.7,146.9,96.1,99.1,24.63,26.99,21.27,21.67
117.04,6103,112.8,86,0,-12.1,2,9923,-1.12,0.55,117.7,146.9,96.2,99.2,24.63,26.99,21.27,21.67
117.08,6104,112.9,87,0,-12,2,9933,-1.09,0.55,117.7,146.9,96.2,99.2,24.63,26.99,21.28,21.68
117.12,6105,113,88,0,-11.1,2,9943,-1.07,0.56,117.7,146.9,96.2,99.2,24.63,26.99,21.28,21.68
117.16,6106,113.1,88,0,-10.3,2,9953,-1.05,0.56,117.7,146.9,96.3,99.3,24.63,26.99,21.28,21.68
117.2,6108,113.2,89,0,-9.5,2,9963,-1.02,0.57,117.7,146.9,96.3,99.3,24.63,26.99,21.28,21.68
117.24,6109,113.3,90,0,-8.8,2,9973,-1,0.57,117.7,146.9,96.3,99.3,24.63,26.99,21.29,21.69
117.28,6110,113.4,91,0,-8.5,2,9983,-0.98,0.58,117.7,146.9,96.4,99.4,24.63,26.99,21.29,21.69
117.32,6111,113.6,91,0,-7.7,2,9994,-0.95,0.58,117.7,146.9,96.4,99.4,24.63,26.99,21.29,21.69
117.36,6113,113.7,92,0,-7.3,2,10004,-0.93,0.59,117.7,146.9,96.4,99.4,24.63,26.99,21.3,21.7
117.4,6114,113.8,93,0,-7,2,10014,-0.91,0.6,117.7,146.9,96.5,99.5,24.63,26.99,21.3,21.7
117.44,6115,113.9,94,0,-6.1,2,10025,-0.88,0.6,117.7,146.9,96.5,99.5,24.63,26.99,21.3,21.7
117.48,6116,114,94,0,-5.6,2,10036,-0.86,0.61,117.7,146.9,96.5,99.5,24.63,26.99,21.3,21.7
117.52,6118,114.2,95,0,-4.5,2,10046,-0.83,0.61,117.7,146.9,96.6,99.6,24.63,26.99,21.31,21.71
117.56,6119,114.3,96,0,-3.7,2,10057,-0.81,0.62,117.7,146.9,96.6,99.6,24.63,26.99,21.31,21.71
117.6,6120,114.4,97,0,-3.6,2,10068,-0.79,0.62,117.7,146.9,96.6,99.6,24.63,26.99,21.31,21.71
117.64,6122,114.5,97,0,-2.4,2,10079,-0.76,0.63,117.7,146.9,96.7,99.7,24.63,26.99,21.31,21.71
117.68,6123,114.7,98,0,-2,2,10090,-0.74,0.64,117.7,146.9,96.7,99.7,24.63,26.99,21.32,21.72
117.72,6124,114.8,99,0,-0.6,2,10101,-0.72,0.64,117.7,146.9,96.8,99.8,24.63,26.99,21.32,21.72
117.76,6125,114.9,100,0,-0.1,2,10112,-0.69,0.65,117.7,146.9,96.8,99.8,24.63,26.99,21.32,21.72
117.8,6127,115.1,100,0,-0.3,2,10126,-0.03,0.12,117.7,146.9,96.8,99.8,24.62,26.99,21.32,21.72
117.84,6128,115.2,100,0,0.4,2,10141,0.03,0.12,117.6,146.9,96.8,99.8,24.62,26.99,21.32,21.72
117.88,6129,115.4,100,0,-0.6,2,10155,0,0.12,117.6,146.9,96.8,99.8,24.62,26.99,21.32,21.72
117.92,6130,115.6,100,0,-0.3,2,10170,0.01,0.12,117.6,146.9,96.7,99.7,24.62,26.99,21.32,21.72
117.96,6132,115.7,100,0,0.1,2,10184,0,0.12,117.6,146.8,96.7,99.7,24.62,26.99,21.32,21.72
118,6133,115.9,100,0,0,2,10198,0.01,0.12,117.6,146.8,96.7,99.7,24.62,26.99,21.32,21.72
118.04,6134,116.1,100,0,-0.4,2,10213,0.01,0.12,117.6,146.8,96.7,99.7,24.62,26.99,21.32,21.72
118.08,6136,116.2,100,0,0,2,10227,0.01,0.11,117.6,146.8,96.7,99.7,24.62,26.99,21.31,21.71
118.12,6137,116.4,100,0,-1.3,2,10241,0.02,0.11,117.6,146.8,96.7,99.7,24.62,26.99,21.31,21.71
118.16,6138,116.5,100,0,0.4,2,10255,0,0.11,117.5,146.8,96.7,99.7,24.62,26.98,21.31,21.71
118.2,6139,116.7,100,0,-0.3,2,10269,-0.02,0.11,117.5,146.8,96.7,99.7,24.62,26.98,21.31,21.71
118.24,6141,116.9,100,0,-0.4,2,10284,-0.01,0.11,117.5,146.8,96.6,99.6,24.61,26.98,21.31,21.71
118.28,6142,117,100,0,0.1,2,10298,0.01,0.11,117.5,146.8,96.6,99.6,24.61,26.98,21.31,21.71
118.32,6143,117.2,100,0,0.4,2,10312,0,0.11,117.5,146.7,96.6,99.6,24.61,26.98,21.31,21.71
118.36,6145,117.3,100,0,-0.1,2,10326,-0.01,0.11,117.5,146.7,96.6,99.6,24.61,26.98,21.31,21.71
118.4,6146,117.5,100,0,0,2,10340,-0.01,0.11,117.5,146.7,96.6,99.6,24.61,26.98,21.31,21.71
118.44,6147,117.7,100,0,0.2,2,10353,-0.02,0.11,117.5,146.7,96.6,99.6,24.61,26.98,21.31,21.71
118.48,6149,117.8,100,0,-0.1,2,10367,0,0.11,117.5,146.7,96.6,99.6,24.61,26.98,21.31,21.71
118.52,6150,118,100,0,-0.3,2,10381,-0.02,0.11,117.4,146.7,96.6,99.6,24.61,26.98,21.3,21.7
118.56,6151,118.1,100,0,-0.1,2,10395,0,0.11,117.4,146.7,96.5,99.5,24.61,26.98,21.3,21.7
118.6,6153,118.3,100,0,-0.1,2,10409,0.01,0.11,117.4,146.7,96.5,99.5,24.61,26.97,21.3,21.7
118.64,6154,118.4,100,0,0.3,2,10422,0.01,0.11,117.4,146.6,96.5,99.5,24.61,26.97,21.3,21.7
118.68,6155,118.6,100,0,-0.3,2,10436,0,0.11,117.4,146.6,96.5,99.5,24.6,26.97,21.3,21.7
118.72,6156,118.7,100,0,0.3,2,10450,0,0.11,117.4,146.6,96.5,99.5,24.6,26.97,21.3,21.7
118.76,6158,118.9,100,0,-0.2,2,10463,0,0.11,117.4,146.6,96.5,99.5,24.6,26.97,21.3,21.7
118.8,6159,119.1,100,0,-0.1,2,10477,-0.05,0.11,117.4,146.6,96.5,99.5,24.6,26.97,21.3,21.7
118.84,6160,119.2,100,0,-0.7,2,10491,0.01,0.11,117.3,146.6,96.5,99.5,24.6,26.97,21.3,21.7
118.88,6162,119.4,100,0,0,2,10504,0.02,0.11,117.3,146.6,96.5,99.5,24.6,26.97,21.3,21.7
118.92,6163,119.5,100,0,0,2,10517,0.03,0.11,117.3,146.6,96.4,99.4,24.6,26.97,21.3,21.7
118.96,6164,119.7,100,0,-0.4,2,10531,0.03,0.11,117.3,146.5,96.4,99.4,24.6,26.97,21.29,21.69
119,6166,119.8,100,0,0.5,2,10544,0.02,0.11,117.3,146.5,96.4,99.4,24.6,26.97,21.29,21.69
119.04,6167,120,100,0,0.4,2,10558,0.01,0.11,117.3,146.5,96.4,99.4,24.6,26.96,21.29,21.69
119.08,6168,120.1,100,0,0,2,9302,-0.04,0.11,117.3,146.5,96.4,99.4,24.6,26.96,21.29,21.69
119.12,6170,120.3,100,0,-0.3,2,9314,0.02,0.11,117.3,146.5,96.4,99.4,24.59,26.96,21.29,21.69
119.16,6171,120.4,100,0,-0.6,2,9326,0.02,0.11,117.2,146.5,96.4,99.4,24.59,26.96,21.29,21.69
119.2,6172,120.6,100,0,-0.5,2,9338,0.02,0.11,117.2,146.5,96.4,99.4,24.59,26.96,21.29,21.69
119.24,6174,120.7,100,0,0.3,2,9349,-0.02,0.11,117.2,146.5,96.3,99.3,24.59,26.96,21.29,21.69