Time,Distance,Speed,Throttle,Brake,Steering,Gear,RPM,LatG,LongG,TyreTemp_FL,TyreTemp_FR,TyreTemp_RL,TyreTemp_RR,Press_FL,Press_FR,Press_RL,Press_RR
0,0,180.1,100,0,-0.9,4,6482,0.02,0.04,85.8,87,83.8,85,27.15,27.25,26.85,27.05
0.04,2,180.1,100,0,-0.1,4,6484,0,0.04,85.8,87,83.8,85,27.15,27.25,26.85,27.05
0.08,4,180.2,100,0,0.3,4,6486,-0.02,0.04,85.8,87,83.8,85,27.15,27.25,26.85,27.05
0.12,6,180.2,100,0,0.3,4,6488,0.01,0.04,85.8,87,83.8,85,27.15,27.25,26.85,27.05
0.16,8,180.3,100,0,0.5,4,6490,-0.01,0.04,85.7,86.9,83.7,84.9,27.15,27.25,26.85,27.05
0.2,10,180.3,100,0,-0.3,4,6492,0,0.04,85.7,86.9,83.7,84.9,27.14,27.24,26.84,27.04
0.24,12,180.4,100,0,0.2,4,6495,0,0.04,85.7,86.9,83.7,84.9,27.14,27.24,26.84,27.04
0.28,14,180.5,100,0,-0.5,4,6497,0,0.04,85.7,86.9,83.7,84.9,27.14,27.24,26.84,27.04
0.32,16,180.5,100,0,0.2,4,6499,-0.02,0.04,85.7,86.9,83.7,84.9,27.14,27.24,26.84,27.04
0.36,18,180.6,100,0,0,4,6501,-0.01,0.04,85.7,86.9,83.7,84.9,27.14,27.24,26.84,27.04
0.4,20,180.6,100,0,0.1,4,6503,-0.02,0.04,85.7,86.9,83.7,84.9,27.14,27.24,26.84,27.04
0.44,22,180.7,100,0,-0.7,4,6505,0.01,0.04,85.7,86.9,83.7,84.9,27.14,27.24,26.84,27.04
0.48,24,180.7,100,0,-0.6,4,6507,-0.01,0.04,85.6,86.8,83.6,84.8,27.14,27.24,26.84,27.04
0.52,26,180.8,100,0,0,4,6509,0.01,0.04,85.6,86.8,83.6,84.8,27.14,27.24,26.84,27.04
0.56,28,180.9,100,0,-0.7,4,6511,0,0.04,85.6,86.8,83.6,84.8,27.14,27.24,26.84,27.04
0.6,30,180.9,100,0,-0.1,4,6513,-0.02,0.04,85.6,86.8,83.6,84.8,27.14,27.24,26.84,27.04
0.64,32,181,100,0,-0.6,4,6515,0.04,0.04,85.6,86.8,83.6,84.8,27.13,27.23,26.83,27.03
0.68,34,181,100,0,-0.1,4,6517,-0.01,0.04,85.6,86.8,83.6,84.8,27.13,27.23,26.83,27.03
0.72,36,181.1,100,0,-0.2,4,6519,-0.03,0.04,85.6,86.8,83.6,84.8,27.13,27.23,26.83,27.03
0.76,38,181.2,100,0,0.3,4,6521,0,0.04,85.6,86.8,83.6,84.8,27.13,27.23,26.83,27.03
0.8,40,181.2,100,0,-0.4,4,6524,-0.02,0.04,85.5,86.7,83.5,84.7,27.13,27.23,26.83,27.03
0.84,42,181.3,100,0,-0.3,4,6526,0.02,0.04,85.5,86.7,83.5,84.7,27.13,27.23,26.83,27.03
0.88,44,181.3,100,0,0.4,4,6528,-0.01,0.04,85.5,86.7,83.5,84.7,27.13,27.23,26.83,27.03
0.92,46,181.4,100,0,-0.7,4,6530,0,0.04,85.5,86.7,83.5,84.7,27.13,27.23,26.83,27.03
0.96,48,181.4,100,0,0.1,4,6532,0.02,0.04,85.5,86.7,83.5,84.7,27.13,27.23,26.83,27.03
1,50,181.5,100,0,0.1,4,6534,-0.02,0.04,85.5,86.7,83.5,84.7,27.13,27.23,26.83,27.03
1.04,52,181.6,100,0,-0.7,4,6536,0,0.04,85.5,86.7,83.5,84.7,27.13,27.23,26.83,27.03
1.08,54,181.6,100,0,0.2,4,6538,0,0.04,85.5,86.7,83.5,84.7,27.12,27.22,26.82,27.02
1.12,56,181.7,100,0,-0.1,4,6540,-0.01,0.04,85.5,86.7,83.5,84.7,27.12,27.22,26.82,27.02
1.16,58,181.7,100,0,-1,4,6542,0.01,0.04,85.4,86.6,83.4,84.6,27.12,27.22,26.82,27.02
1.2,60,181.8,100,0,0.5,4,6544,0.04,0.04,85.4,86.6,83.4,84.6,27.12,27.22,26.82,27.02
1.24,62,181.8,100,0,-0.1,4,6546,0,0.04,85.4,86.6,83.4,84.6,27.12,27.22,26.82,27.02
1.28,64,181.9,100,0,0.1,4,6548,-0.01,0.04,85.4,86.6,83.4,84.6,27.12,27.22,26.82,27.02
1.32,66,182,100,0,-0.6,4,6551,0.03,0.04,85.4,86.6,83.4,84.6,27.12,27.22,26.82,27.02
1.36,68,182,100,0,0.1,4,6553,0.02,0.04,85.4,86.6,83.4,84.6,27.12,27.22,26.82,27.02
1.4,70,182.1,100,0,0,4,6555,-0.02,0.04,85.4,86.6,83.4,84.6,27.12,27.22,26.82,27.02
1.44,72,182.1,100,0,-0.3,4,6557,0.03,0.04,85.4,86.6,83.4,84.6,27.12,27.22,26.82,27.02
1.48,74,182.2,100,0,-0.4,4,6559,0.02,0.04,85.3,86.5,83.3,84.5,27.12,27.22,26.82,27.02
1.52,76,182.2,100,0,-0.2,4,6561,0.01,0.04,85.3,86.5,83.3,84.5,27.11,27.21,26.81,27.01
1.56,78,182.3,100,0,0.3,4,6563,0,0.04,85.3,86.5,83.3,84.5,27.11,27.21,26.81,27.01
1.6,81,182.4,100,0,0.6,4,6565,0.02,0.04,85.3,86.5,83.3,84.5,27.11,27.21,26.81,27.01
1.64,83,182.4,100,0,-0.5,4,6567,0,0.04,85.3,86.5,83.3,84.5,27.11,27.21,26.81,27.01
1.68,85,182.5,100,0,0,4,6569,-0.01,0.04,85.3,86.5,83.3,84.5,27.11,27.21,26.81,27.01
1.72,87,182.5,100,0,-1,4,6571,-0.01,0.04,85.3,86.5,83.3,84.5,27.11,27.21,26.81,27.01
1.76,89,182.6,100,0,0.4,4,6573,0.02,0.04,85.3,86.5,83.3,84.5,27.11,27.21,26.81,27.01
1.8,91,182.6,100,0,-0.1,4,6575,-0.02,0.04,85.2,86.4,83.2,84.4,27.11,27.21,26.81,27.01
1.84,93,182.7,100,0,0.1,4,6577,-0.03,0.04,85.2,86.4,83.2,84.4,27.11,27.21,26.81,27.01
1.88,95,182.8,100,0,-0.3,4,6580,0.03,0.04,85.2,86.4,83.2,84.4,27.11,27.21,26.81,27.01
1.92,97,182.8,100,0,0.1,4,6582,0.03,0.04,85.2,86.4,83.2,84.4,27.11,27.21,26.81,27.01
1.96,99,182.9,100,0,0.5,4,6584,0.02,0.04,85.2,86.4,83.2,84.4,27.1,27.2,26.8,27
2,101,182.9,100,0,0.6,4,6586,-0.01,0.04,85.2,86.4,83.2,84.4,27.1,27.2,26.8,27
2.04,103,183,100,0,0.6,4,6588,-0.01,0.04,85.2,86.4,83.2,84.4,27.1,27.2,26.8,27
2.08,105,183.1,100,0,0.1,4,6590,0.01,0.04,85.2,86.4,83.2,84.4,27.1,27.2,26.8,27
2.12,107,183.1,100,0,-0.6,4,6592,-0.02,0.04,85.2,86.4,83.2,84.4,27.1,27.2,26.8,27
2.16,109,183.2,100,0,0.5,4,6594,-0.02,0.04,85.1,86.3,83.1,84.3,27.1,27.2,26.8,27
2.2,111,183.2,100,0,0.3,4,6596,-0.03,0.04,85.1,86.3,83.1,84.3,27.1,27.2,26.8,27
2.24,113,183.3,100,0,-0.3,4,6598,-0.02,0.04,85.1,86.3,83.1,84.3,27.1,27.2,26.8,27
2.28,115,183.3,100,0,0,4,6600,-0.01,0.04,85.1,86.3,83.1,84.3,27.1,27.2,26.8,27
2.32,117,183.4,100,0,0.4,4,6602,0.01,0.04,85.1,86.3,83.1,84.3,27.1,27.2,26.8,27
2.36,119,183.5,100,0,1.1,4,6604,0.04,0.04,85.1,86.3,83.1,84.3,27.1,27.2,26.8,27
2.4,121,183.5,100,0,-0.3,4,6606,-0.03,0.04,85.1,86.3,83.1,84.3,27.1,27.2,26.8,27
2.44,123,183.6,100,0,0.2,4,6609,0.02,0.04,85.1,86.3,83.1,84.3,27.09,27.19,26.79,26.99
2.48,125,183.6,100,0,-0.3,4,6611,0,0.04,85,86.2,83,84.2,27.09,27.19,26.79,26.99
2.52,127,183.7,100,0,0.2,4,6613,0,0.04,85,86.2,83,84.2,27.09,27.19,26.79,26.99
2.56,129,183.7,100,0,-0.8,4,6615,-0.01,0.04,85,86.2,83,84.2,27.09,27.19,26.79,26.99
2.6,131,183.8,100,0,-0.5,4,6617,0,0.04,85,86.2,83,84.2,27.09,27.19,26.79,26.99
2.64,133,183.9,100,0,0.3,4,6619,-0.02,0.04,85,86.2,83,84.2,27.09,27.19,26.79,26.99
2.68,135,183.9,100,0,0.4,4,6621,-0.02,0.04,85,86.2,83,84.2,27.09,27.19,26.79,26.99
2.72,138,184,100,0,0.2,4,6623,0.02,0.04,85,86.2,83,84.2,27.09,27.19,26.79,26.99
2.76,140,184,100,0,-0.5,4,6625,0.02,0.04,85,86.2,83,84.2,27.09,27.19,26.79,26.99
2.8,142,184.1,100,0,0.3,4,6627,0,0.04,84.9,86.1,82.9,84.1,27.09,27.19,26.79,26.99
2.84,144,184.1,100,0,-0.5,4,6629,0.04,0.04,84.9,86.1,82.9,84.1,27.09,27.19,26.79,26.99
2.88,146,184.2,100,0,0,4,6631,0,0.04,84.9,86.1,82.9,84.1,27.08,27.18,26.78,26.98
2.92,148,184.3,100,0,-0.6,4,6633,0,0.04,84.9,86.1,82.9,84.1,27.08,27.18,26.78,26.98
2.96,150,184.3,100,0,-0.2,4,6636,0.01,0.04,84.9,86.1,82.9,84.1,27.08,27.18,26.78,26.98
3,152,184.4,100,0,-0.7,4,6638,0.01,0.04,84.9,86.1,82.9,84.1,27.08,27.18,26.78,26.98
3.04,154,184.4,100,0,0,4,6640,-0.01,0.04,84.9,86.1,82.9,84.1,27.08,27.18,26.78,26.98
3.08,156,184.5,100,0,0.8,4,6642,-0.01,0.04,84.9,86.1,82.9,84.1,27.08,27.18,26.78,26.98
3.12,158,184.6,100,0,-0.3,4,6644,0.01,0.04,84.9,86.1,82.9,84.1,27.08,27.18,26.78,26.98
3.16,160,184.6,100,0,0.8,4,6646,0.01,0.04,84.8,86,82.8,84,27.08,27.18,26.78,26.98
3.2,162,184.7,100,0,-0.2,4,6648,0.02,0.04,84.8,86,82.8,84,27.08,27.18,26.78,26.98
3.24,164,184.7,100,0,-0.7,4,6650,0.03,0.04,84.8,86,82.8,84,27.08,27.18,26.78,26.98
3.28,166,184.8,100,0,-0.4,4,6652,0,0.04,84.8,86,82.8,84,27.08,27.18,26.78,26.98
3.32,168,184.8,100,0,-0.8,4,6654,-0.01,0.04,84.8,86,82.8,84,27.07,27.17,26.77,26.97
3.36,170,184.9,100,0,-0.1,4,6656,-0.03,0.04,84.8,86,82.8,84,27.07,27.17,26.77,26.97
3.4,172,185,100,0,-0.3,4,6658,0.02,0.04,84.8,86,82.8,84,27.07,27.17,26.77,26.97
3.44,174,185,100,0,-0.3,4,6660,-0.01,0.04,84.8,86,82.8,84,27.07,27.17,26.77,26.97
3.48,176,185.1,100,0,0.3,4,6662,-0.02,0.04,84.7,85.9,82.7,83.9,27.07,27.17,26.77,26.97
3.52,179,185.1,100,0,0.1,4,6665,0,0.04,84.7,85.9,82.7,83.9,27.07,27.17,26.77,26.97
3.56,181,185.2,100,0,0.1,4,6667,-0.01,0.04,84.7,85.9,82.7,83.9,27.07,27.17,26.77,26.97
3.6,183,185.2,100,0,0,4,6669,0,0.04,84.7,85.9,82.7,83.9,27.07,27.17,26.77,26.97
3.64,185,185.3,100,0,0.6,4,6671,0.02,0.04,84.7,85.9,82.7,83.9,27.07,27.17,26.77,26.97
3.68,187,185.4,100,0,-0.6,4,6673,0,0.04,84.7,85.9,82.7,83.9,27.07,27.17,26.77,26.97
3.72,189,185.4,100,0,-0.2,4,6675,0,0.04,84.7,85.9,82.7,83.9,27.07,27.17,26.77,26.97
3.76,191,185.5,100,0,-0.3,4,6677,0.05,0.04,84.7,85.9,82.7,83.9,27.06,27.16,26.76,26.96
3.8,193,185.5,100,0,-0.6,4,6679,-0.01,0.04,84.6,85.8,82.6,83.8,27.06,27.16,26.76,26.96
3.84,195,185.6,100,0,0.2,4,6681,-0.02,0.04,84.6,85.8,82.6,83.8,27.06,27.16,26.76,26.96
3.88,197,185.6,100,0,-0.7,4,6683,0,0.04,84.6,85.8,82.6,83.8,27.06,27.16,26.76,26.96
3.92,199,185.7,100,0,0,4,6685,0,0.04,84.6,85.8,82.6,83.8,27.06,27.16,26.76,26.96
3.96,201,185.8,100,0,-0.5,4,6687,0.01,0.04,84.6,85.8,82.6,83.8,27.06,27.16,26.76,26.96
4,203,185.8,100,0,-0.9,4,6689,-0.01,0.04,84.6,85.8,82.6,83.8,27.06,27.16,26.76,26.96
4.04,205,185.9,100,0,-0.3,4,6692,-0.01,0.04,84.6,85.8,82.6,83.8,27.06,27.16,26.76,26.96
4.08,207,185.9,100,0,-0.3,4,6694,-0.02,0.04,84.6,85.8,82.6,83.8,27.06,27.16,26.76,26.96
4.12,209,186,100,0,0,4,6696,-0.04,0.04,84.6,85.8,82.6,83.8,27.06,27.16,26.76,26.96
4.16,211,186,100,0,-0.9,4,6698,0,0.04,84.5,85.7,82.5,83.7,27.06,27.16,26.76,26.96
4.2,214,186.1,100,0,-0.6,4,6700,0.03,0.04,84.5,85.7,82.5,83.7,27.05,27.15,26.75,26.95
4.24,216,186.2,100,0,-0.1,4,6702,-0.01,0.04,84.5,85.7,82.5,83.7,27.05,27.15,26.75,26.95
4.28,218,186.2,100,0,-0.4,4,6704,0.02,0.04,84.5,85.7,82.5,83.7,27.05,27.15,26.75,26.95
4.32,220,186.3,100,0,0.4,4,6706,0.01,0.04,84.5,85.7,82.5,83.7,27.05,27.15,26.75,26.95
4.36,222,186.3,100,0,0.4,4,6708,0,0.04,84.5,85.7,82.5,83.7,27.05,27.15,26.75,26.95
4.4,224,186.4,100,0,0.3,4,6710,-0.01,0.04,84.5,85.7,82.5,83.7,27.05,27.15,26.75,26.95
4.44,226,186.5,100,0,0.2,4,6712,0.02,0.04,84.5,85.7,82.5,83.7,27.05,27.15,26.75,26.95
4.48,228,186.5,100,0,-0.4,4,6714,-0.01,0.04,84.4,85.6,82.4,83.6,27.05,27.15,26.75,26.95
4.52,230,186.6,100,0,0.1,4,6716,-0.02,0.04,84.4,85.6,82.4,83.6,27.05,27.15,26.75,26.95
4.56,232,186.6,100,0,0.9,4,6718,0.01,0.04,84.4,85.6,82.4,83.6,27.05,27.15,26.75,26.95
4.6,234,186.7,100,0,-0.2,4,6721,-0.02,0.04,84.4,85.6,82.4,83.6,27.05,27.15,26.75,26.95
4.64,236,186.7,100,0,0.1,4,6723,0.01,0.04,84.4,85.6,82.4,83.6,27.04,27.14,26.74,26.94
4.68,238,186.8,100,0,-0.3,4,6725,0.01,0.04,84.4,85.6,82.4,83.6,27.04,27.14,26.74,26.94
4.72,240,186.9,100,0,0.1,4,6727,0,0.04,84.4,85.6,82.4,83.6,27.04,27.14,26.74,26.94
4.76,243,186.9,100,0,0.1,4,6729,0.01,0.04,84.4,85.6,82.4,83.6,27.04,27.14,26.74,26.94
4.8,245,187,100,0,0,4,6731,-0.01,0.04,84.3,85.5,82.3,83.5,27.04,27.14,26.74,26.94
4.84,247,187,100,0,0.5,4,6733,-0.01,0.04,84.3,85.5,82.3,83.5,27.04,27.14,26.74,26.94
4.88,249,187.1,100,0,-0.7,4,6735,0.01,0.04,84.3,85.5,82.3,83.5,27.04,27.14,26.74,26.94
4.92,251,187.1,100,0,-0.5,4,6737,0.01,0.04,84.3,85.5,82.3,83.5,27.04,27.14,26.74,26.94
4.96,253,187.2,100,0,0,4,6739,0.01,0.04,84.3,85.5,82.3,83.5,27.04,27.14,26.74,26.94
5,255,187.3,100,0,-0.3,4,6741,-0.01,0.04,84.3,85.5,82.3,83.5,27.04,27.14,26.74,26.94
5.04,257,187.3,100,0,-0.3,4,6743,0.01,0.04,84.3,85.5,82.3,83.5,27.04,27.14,26.74,26.94
5.08,259,187.4,100,0,-0.3,4,6745,-0.02,0.04,84.3,85.5,82.3,83.5,27.03,27.13,26.73,26.93
5.12,261,187.4,100,0,0.4,4,6747,-0.01,0.04,84.3,85.5,82.3,83.5,27.03,27.13,26.73,26.93
5.16,263,187.5,100,0,0.2,4,6750,0.02,0.04,84.2,85.4,82.2,83.4,27.03,27.13,26.73,26.93
5.2,265,187.5,100,0,0,4,6752,0,0.04,84.2,85.4,82.2,83.4,27.03,27.13,26.73,26.93
5.24,268,187.6,100,0,-0.3,4,6754,0.03,0.04,84.2,85.4,82.2,83.4,27.03,27.13,26.73,26.93
5.28,270,187.7,100,0,-0.6,4,6756,0.02,0.04,84.2,85.4,82.2,83.4,27.03,27.13,26.73,26.93
5.32,272,187.7,100,0,0.2,4,6758,-0.01,0.04,84.2,85.4,82.2,83.4,27.03,27.13,26.73,26.93
5.36,274,187.8,100,0,0.4,4,6760,0.03,0.04,84.2,85.4,82.2,83.4,27.03,27.13,26.73,26.93
5.4,276,187.8,100,0,0.7,4,6762,-0.01,0.04,84.2,85.4,82.2,83.4,27.03,27.13,26.73,26.93
5.44,278,187.9,100,0,0.5,4,6764,0.02,0.04,84.2,85.4,82.2,83.4,27.03,27.13,26.73,26.93
5.48,280,187.9,100,0,-0.2,4,6766,-0.01,0.04,84.1,85.3,82.1,83.3,27.03,27.13,26.73,26.93
5.52,282,188,100,0,-0.2,4,6768,0.03,0.04,84.1,85.3,82.1,83.3,27.02,27.12,26.72,26.92
5.56,284,188.1,100,0,-0.9,4,6770,0.02,0.04,84.1,85.3,82.1,83.3,27.02,27.12,26.72,26.92
5.6,286,188.1,100,0,0.5,4,6772,0.01,0.04,84.1,85.3,82.1,83.3,27.02,27.12,26.72,26.92
5.64,288,188.2,100,0,0.7,4,6774,0.01,0.04,84.1,85.3,82.1,83.3,27.02,27.12,26.72,26.92
5.68,290,188.2,100,0,0.2,4,6777,-0.01,0.04,84.1,85.3,82.1,83.3,27.02,27.12,26.72,26.92
5.72,293,188.3,100,0,0.5,4,6779,-0.02,0.04,84.1,85.3,82.1,83.3,27.02,27.12,26.72,26.92
5.76,295,188.4,100,0,1.1,4,6781,0.03,0.04,84.1,85.3,82.1,83.3,27.02,27.12,26.72,26.92
5.8,297,188.4,100,0,-0.1,4,6783,-0.02,0.04,84,85.2,82,83.2,27.02,27.12,26.72,26.92
5.84,299,188.5,100,0,0.6,4,6785,-0.01,0.04,84,85.2,82,83.2,27.02,27.12,26.72,26.92
5.88,301,188.5,100,0,-0.7,4,6787,0,0.04,84,85.2,82,83.2,27.02,27.12,26.72,26.92
5.92,303,188.6,100,0,0.3,4,6789,-0.01,0.04,84,85.2,82,83.2,27.02,27.12,26.72,26.92
5.96,305,188.6,100,0,-0.3,4,6791,0,0.04,84,85.2,82,83.2,27.01,27.11,26.71,26.91
6,307,188.7,100,0,-0.4,4,6793,-0.03,0.04,84,85.2,82,83.2,27.01,27.11,26.71,26.91
6.04,309,188.8,100,0,0.2,4,6795,0,0.04,84,85.2,82,83.2,27.01,27.11,26.71,26.91
6.08,311,188.8,100,0,-0.4,4,6797,0,0.04,84,85.2,82,83.2,27.01,27.11,26.71,26.91
6.12,314,188.9,100,0,0.3,4,6799,0.04,0.04,84,85.2,82,83.2,27.01,27.11,26.71,26.91
6.16,316,188.9,100,0,-0.6,4,6801,0,0.04,83.9,85.1,81.9,83.1,27.01,27.11,26.71,26.91
6.2,318,189,100,0,0.2,4,6803,0,0.04,83.9,85.1,81.9,83.1,27.01,27.11,26.71,26.91
6.24,320,189,100,0,0.1,4,6806,-0.01,0.04,83.9,85.1,81.9,83.1,27.01,27.11,26.71,26.91
6.28,322,189.1,100,0,0.5,4,6808,0.02,0.04,83.9,85.1,81.9,83.1,27.01,27.11,26.71,26.91
6.32,324,189.2,100,0,0.1,4,6810,0.01,0.04,83.9,85.1,81.9,83.1,27.01,27.11,26.71,26.91
6.36,326,189.2,100,0,0,4,6812,0,0.04,83.9,85.1,81.9,83.1,27.01,27.11,26.71,26.91
6.4,328,189.3,100,0,0.6,4,6814,0.04,0.04,83.9,85.1,81.9,83.1,27.01,27.11,26.71,26.91
6.44,330,189.3,100,0,-0.6,4,6816,-0.01,0.04,83.9,85.1,81.9,83.1,27,27.1,26.7,26.9
6.48,332,189.4,100,0,0.6,4,6818,0,0.04,83.8,85,81.8,83,27,27.1,26.7,26.9
6.52,335,189.4,100,0,0.2,4,6820,0.02,0.04,83.8,85,81.8,83,27,27.1,26.7,26.9
6.56,337,189.5,100,0,0,4,6822,0,0.04,83.8,85,81.8,83,27,27.1,26.7,26.9
6.6,339,189.6,100,0,0,4,6824,0.01,0.04,83.8,85,81.8,83,27,27.1,26.7,26.9
6.64,341,189.6,100,0,0.5,4,6826,-0.02,0.04,83.8,85,81.8,83,27,27.1,26.7,26.9
6.68,343,189.7,100,0,0.5,4,6828,-0.04,0.04,83.8,85,81.8,83,27,27.1,26.7,26.9
6.72,345,189.7,100,0,-0.4,4,6830,-0.05,0.04,83.8,85,81.8,83,27,27.1,26.7,26.9
6.76,347,189.8,100,0,-0.1,4,6833,-0.01,0.04,83.8,85,81.8,83,27,27.1,26.7,26.9
6.8,349,189.8,100,0,0.3,4,6835,-0.01,0.04,83.8,85,81.8,83,27,27.1,26.7,26.9
6.84,351,189.9,100,0,0.1,4,6837,-0.01,0.04,83.8,85,81.8,83,27,27.1,26.7,26.9
6.88,354,190,100,0,-0.1,4,6839,-0.01,0.04,83.8,85,81.8,83,27,27.1,26.7,26.9
6.92,356,190,100,0,-0.2,4,6841,0,0.04,83.8,85,81.8,83,27,27.1,26.7,26.9
6.96,358,190.1,100,0,0.1,4,6843,0,0.04,83.8,85,81.8,83,27,27.1,26.7,26.9
7,360,190.1,100,0,0.5,4,6845,-0.03,0.04,83.8,85,81.8,83,27,27.1,26.7,26.9
7.04,362,190.2,100,0,0.5,4,6847,0.02,0.04,83.8,85,81.8,83,27,27.1,26.7,26.9
7.08,364,190.3,100,0,0.6,4,6849,-0.03,0.04,83.8,85,81.8,83,27,27.1,26.7,26.9
7.12,366,190.3,100,0,-0.4,4,6851,0.01,0.04,83.8,85,81.8,83,27,27.1,26.7,26.9
7.16,368,190.4,100,0,0,4,6853,-0.02,0.04,83.8,85,81.8,83,27,27.1,26.7,26.9
7.2,370,190.4,100,0,0.6,4,6855,0,0.04,83.8,85,81.8,83,27,27.1,26.7,26.9
7.24,373,190.5,100,0,0,4,6857,0.01,0.04,83.8,85,81.8,83,27,27.1,26.7,26.9
7.28,375,190.5,100,0,-0.6,4,6859,-0.02,0.04,83.8,85,81.8,83,27,27.1,26.7,26.9
7.32,377,190.6,100,0,0.2,4,6862,-0.03,0.04,83.8,85,81.8,83,27,27.1,26.7,26.9
7.36,379,190.7,100,0,-0.1,4,6864,0.02,0.04,83.8,85,81.8,83,27,27.1,26.7,26.9
7.4,381,190.7,100,0,0.3,4,6866,0.03,0.04,83.8,85,81.8,83,27,27.1,26.7,26.9
7.44,383,190.8,100,0,1,4,6868,-0.02,0.04,83.8,85,81.8,83,27,27.1,26.7,26.9
7.48,385,190.8,100,0,0.1,4,6870,0.03,0.04,83.8,85,81.8,83,27,27.1,26.7,26.9
7.52,387,190.9,100,0,0,4,6872,0.01,0.04,83.8,85,81.8,83,27,27.1,26.7,26.9
7.56,389,190.9,100,0,-0.8,4,6874,0.02,0.04,83.8,85,81.8,83,27,27.1,26.7,26.9
7.6,392,191,100,0,0.4,4,6876,0.01,0.04,83.8,85,81.8,83,27,27.1,26.7,26.9
7.64,394,191.1,100,0,0.7,4,6878,0.04,0.04,83.8,85,81.8,83,27,27.1,26.7,26.9
7.68,396,191.1,100,0,0.4,4,6880,-0.02,0.04,83.8,85,81.8,83,27,27.1,26.7,26.9
7.72,398,191.2,100,0,-0.1,4,6882,0.02,0.04,83.8,85,81.8,83,27,27.1,26.7,26.9
7.76,400,191.2,100,0,1.1,4,6884,0.06,0.04,83.8,85,81.8,83,27,27.1,26.7,26.9
7.8,402,191.3,100,0,-0.2,4,6886,0.01,0.04,83.8,85,81.8,83,27,27.1,26.7,26.9
7.84,404,191.3,100,0,0.4,4,6888,-0.03,0.04,83.8,85,81.8,83,27,27.1,26.7,26.9
7.88,406,191.4,100,0,-0.2,4,6891,0,0.04,83.8,85,81.8,83,27,27.1,26.7,26.9
7.92,409,191.5,100,0,0.1,4,6893,0.02,0.04,83.8,85,81.8,83,27,27.1,26.7,26.9
7.96,411,191.5,100,0,0.7,4,6895,0,0.04,83.8,85,81.8,83,27,27.1,26.7,26.9
8,413,191.6,100,0,0.6,4,6897,-0.02,0.04,83.8,85,81.8,83,27,27.1,26.7,26.9
8.04,415,191.6,100,0,0.1,4,6899,0,0.04,83.8,85,81.8,83,27,27.1,26.7,26.9
8.08,417,191.7,100,0,0.3,4,6901,-0.02,0.04,83.8,85,81.8,83,27,27.1,26.7,26.9
8.12,419,191.8,100,0,-0.3,4,6903,0.04,0.04,83.8,85,81.8,83,27,27.1,26.7,26.9
8.16,421,191.8,100,0,0.6,4,6905,-0.01,0.04,83.8,85,81.8,83,27,27.1,26.7,26.9
8.2,424,191.9,100,0,-0.1,4,6907,-0.05,0.04,83.8,85,81.8,83,27,27.1,26.7,26.9
8.24,426,191.9,100,0,0.7,4,6909,-0.02,0.04,83.8,85,81.8,83,27,27.1,26.7,26.9
8.28,428,192,100,0,0,4,6911,-0.01,0.04,83.8,85,81.8,83,27,27.1,26.7,26.9
8.32,430,192,100,0,-0.3,4,6913,0.01,0.04,83.8,85,81.8,83,27,27.1,26.7,26.9
8.36,432,192.1,100,0,0,4,6915,-0.02,0.04,83.8,85,81.8,83,27,27.1,26.7,26.9
8.4,434,192.2,100,0,0.6,4,6918,0.03,0.04,83.8,85,81.8,83,27,27.1,26.7,26.9
8.44,436,192.2,100,0,-0.4,4,6920,0.02,0.04,83.8,85,81.8,83,27,27.1,26.7,26.9
8.48,438,192.3,100,0,0.4,4,6922,-0.02,0.04,83.8,85,81.8,83,27,27.1,26.7,26.9
8.52,441,192.3,100,0,0.1,4,6924,-0.01,0.04,83.8,85,81.8,83,27,27.1,26.7,26.9
8.56,443,192.4,100,0,0.2,4,6926,0.01,0.04,83.8,85,81.8,83,27,27.1,26.7,26.9
8.6,445,192.4,100,0,0.3,4,6928,0.02,0.04,83.8,85,81.8,83,27,27.1,26.7,26.9
8.64,447,192.5,100,0,0.5,4,6930,0.01,0.04,83.8,85,81.8,83,27,27.1,26.7,26.9
8.68,449,192.6,100,0,-1.1,4,6932,0.01,0.04,83.8,85,81.8,83,27,27.1,26.7,26.9
8.72,451,192.6,100,0,0.6,4,6934,0.01,0.04,83.8,85,81.8,83,27,27.1,26.7,26.9
8.76,453,192.7,100,0,-0.3,4,6936,0.03,0.04,83.8,85,81.8,83,27,27.1,26.7,26.9
8.8,456,192.7,100,0,0.2,4,6938,0,0.04,83.8,85,81.8,83,27,27.1,26.7,26.9
8.84,458,192.8,100,0,-1.1,4,6940,0.01,0.04,83.8,85,81.8,83,27,27.1,26.7,26.9
8.88,460,192.8,100,0,0.1,4,6942,0.01,0.04,83.8,85,81.8,83,27,27.1,26.7,26.9
8.92,462,192.9,100,0,0,4,6944,-0.01,0.04,83.8,85,81.8,83,27,27.1,26.7,26.9
8.96,464,193,100,0,-0.1,4,6947,0.03,0.04,83.8,85,81.8,83,27,27.1,26.7,26.9
9,466,193,100,0,0.6,4,6949,0.01,0.04,83.8,85,81.8,83,27,27.1,26.7,26.9
9.04,468,193.1,100,0,0.1,4,6951,0.01,0.04,83.8,85,81.8,83,27,27.1,26.7,26.9
9.08,471,193.1,100,0,0.3,4,6953,-0.02,0.04,83.8,85,81.8,83,27,27.1,26.7,26.9
9.12,473,193.2,100,0,0.5,4,6955,0,0.04,83.8,85,81.8,83,27,27.1,26.7,26.9
9.16,475,193.2,100,0,1.3,4,6957,0,0.04,83.8,85,81.8,83,27,27.1,26.7,26.9
9.2,477,193.3,100,0,0.1,4,6959,-0.01,0.04,83.8,85,81.8,83,27,27.1,26.7,26.9
9.24,479,193.4,100,0,0.2,4,6961,0.02,0.04,83.8,85,81.8,83,27,27.1,26.7,26.9
9.28,481,193.4,100,0,-0.2,4,6963,0,0.04,83.8,85,81.8,83,27,27.1,26.7,26.9
9.32,483,193.5,100,0,-0.2,4,6965,0,0.04,83.8,85,81.8,83,27,27.1,26.7,26.9
9.36,486,193.5,100,0,0,4,6967,0.02,0.04,83.8,85,81.8,83,27,27.1,26.7,26.9
9.4,488,193.6,100,0,-0.5,4,6969,-0.01,0.04,83.8,85,81.8,83,27,27.1,26.7,26.9
9.44,490,193.7,100,0,0.3,4,6971,-0.03,0.04,83.8,85,81.8,83,27,27.1,26.7,26.9
9.48,492,193.7,100,0,-0.2,4,6974,0.01,0.04,83.8,85,81.8,83,27,27.1,26.7,26.9
9.52,494,193.8,100,0,0.4,4,6976,0,0.04,83.8,85,81.8,83,27,27.1,26.7,26.9
9.56,496,193.8,100,0,-0.3,4,6978,-0.03,0.04,83.8,85,81.8,83,27,27.1,26.7,26.9
9.6,499,193.9,100,0,-0.1,4,6980,0,0.04,83.8,85,81.8,83,27,27.1,26.7,26.9
9.64,501,193.9,100,0,0.1,4,6982,-0.01,0.04,83.8,85,81.8,83,27,27.1,26.7,26.9
9.68,503,194,100,0,0,4,6984,-0.01,0.04,83.8,85,81.8,83,27,27.1,26.7,26.9
9.72,505,194.1,100,0,-0.7,4,6986,0.01,0.04,83.8,85,81.8,83,27,27.1,26.7,26.9
9.76,507,194.1,100,0,-0.7,4,6988,-0.02,0.04,83.8,85,81.8,83,27,27.1,26.7,26.9
9.8,509,194.2,100,0,0.3,4,6990,0.01,0.04,83.8,85,81.8,83,27,27.1,26.7,26.9
9.84,511,194.2,100,0,0.4,4,6992,0.01,0.04,83.8,85,81.8,83,27,27.1,26.7,26.9
9.88,514,194.3,100,0,-0.1,4,6994,0,0.04,83.8,85,81.8,83,27,27.1,26.7,26.9
9.92,516,194.3,100,0,-0.1,4,6996,-0.01,0.04,83.8,85,81.8,83,27,27.1,26.7,26.9
9.96,518,194.4,100,0,-0.2,4,6998,0.02,0.04,83.8,85,81.8,83,27,27.1,26.7,26.9
10,520,194.5,100,0,-0.2,4,7000,-0.01,0.04,83.8,85,81.8,83,27,27.1,26.7,26.9
10.04,522,194.5,100,0,0.3,4,7003,0.01,0.04,83.8,85,81.8,83,27,27.1,26.7,26.9
10.08,524,194.6,100,0,0.5,4,7005,-0.01,0.04,83.8,85,81.8,83,27,27.1,26.7,26.9
10.12,527,194.6,100,0,0.3,4,7007,-0.01,0.04,83.8,85,81.8,83,27,27.1,26.7,26.9
10.16,529,194.7,100,0,0,4,7009,-0.01,0.04,83.8,85,81.8,83,27,27.1,26.7,26.9
10.2,531,194.7,100,0,0,4,7011,-0.01,0.04,83.8,85,81.8,83,27,27.1,26.7,26.9
10.24,533,194.8,100,0,-0.2,4,7013,0.03,0.04,83.8,85,81.8,83,27,27.1,26.7,26.9
10.28,535,194.9,100,0,0.3,4,7015,-0.01,0.04,83.8,85,81.8,83,27,27.1,26.7,26.9
10.32,537,194.9,100,0,-0.1,4,7017,0.03,0.04,83.8,85,81.8,83,27,27.1,26.7,26.9
10.36,540,195,100,0,0.3,4,7019,0,0.04,83.8,85,81.8,83,27,27.1,26.7,26.9
10.4,542,195,100,0,0.1,4,7021,0.04,0.04,83.8,85,81.8,83,27,27.1,26.7,26.9
10.44,544,195.1,100,0,0.1,4,7023,-0.01,0.04,83.8,85,81.8,83,27,27.1,26.7,26.9
10.48,546,195.1,100,0,0.3,4,7025,0,0.04,83.8,85,81.8,83,27,27.1,26.7,26.9
10.52,548,195.2,100,0,0.4,4,7027,-0.03,0.04,83.8,85,81.8,83,27,27.1,26.7,26.9
10.56,550,195.3,100,0,-0.5,4,7030,0.02,0.04,83.8,85,81.8,83,27,27.1,26.7,26.9
10.6,553,195.3,100,0,-0.3,4,7032,-0.01,0.04,83.8,85,81.8,83,27,27.1,26.7,26.9
10.64,555,195.4,100,0,0.3,4,7034,-0.01,0.04,83.8,85,81.8,83,27,27.1,26.7,26.9
10.68,557,195.4,100,0,0.1,4,7036,-0.03,0.04,83.8,85,81.8,83,27,27.1,26.7,26.9
10.72,559,195.5,100,0,-0.1,4,7038,0.05,0.04,83.8,85,81.8,83,27,27.1,26.7,26.9
10.76,561,195.6,100,0,-0.4,4,7040,-0.01,0.04,83.8,85,81.8,83,27,27.1,26.7,26.9
10.8,563,195.6,100,0,-0.4,4,7042,-0.02,0.04,83.8,85,81.8,83,27,27.1,26.7,26.9
10.84,566,195.7,100,0,0.4,4,7044,0.03,0.04,83.8,85,81.8,83,27,27.1,26.7,26.9
10.88,568,195.7,100,0,0.3,4,7046,0,0.04,83.8,85,81.8,83,27,27.1,26.7,26.9
10.92,570,195.8,100,0,0,4,7048,-0.01,0.04,83.8,85,81.8,83,27,27.1,26.7,26.9
10.96,572,195.8,100,0,-0.1,4,7050,0,0.04,83.8,85,81.8,83,27,27.1,26.7,26.9
11,574,195.9,100,0,0.1,4,7052,-0.01,0.04,83.8,85,81.8,83,27,27.1,26.7,26.9
11.04,576,196,100,0,0.1,4,7054,0.03,0.04,83.8,85,81.8,83,27,27.1,26.7,26.9
11.08,579,196,100,0,-0.4,4,7056,0.01,0.04,83.8,85,81.8,83,27,27.1,26.7,26.9
11.12,581,196.1,100,0,0,4,7059,0.01,0.04,83.8,85,81.8,83,27,27.1,26.7,26.9
11.16,583,196.1,100,0,-0.5,4,7061,0.02,0.04,83.8,85,81.8,83,27,27.1,26.7,26.9
11.2,585,196.2,100,0,0.7,4,7063,0,0.04,83.8,85,81.8,83,27,27.1,26.7,26.9
11.24,587,196.2,100,0,-0.5,4,7065,0,0.04,83.8,85,81.8,83,27,27.1,26.7,26.9
11.28,590,196.3,100,0,0.3,4,7067,0.02,0.04,83.8,85,81.8,83,27,27.1,26.7,26.9
11.32,592,196.4,100,0,0.1,4,7069,0.01,0.04,83.8,85,81.8,83,27,27.1,26.7,26.9
11.36,594,196.4,100,0,0.6,4,7071,0.02,0.04,83.8,85,81.8,83,27,27.1,26.7,26.9
11.4,596,196.5,100,0,0.1,4,7073,0,0.04,83.8,85,81.8,83,27,27.1,26.7,26.9
11.44,598,196.5,100,0,-0.5,4,7075,0.04,0.04,83.8,85,81.8,83,27,27.1,26.7,26.9
11.48,600,196.6,100,0,0.1,4,7077,-0.03,0.04,83.8,85,81.8,83,27,27.1,26.7,26.9
11.52,603,196.6,100,0,-0.3,4,7079,-0.04,0.04,83.8,85,81.8,83,27,27.1,26.7,26.9
11.56,605,196.7,100,0,0,4,7081,0.02,0.04,83.8,85,81.8,83,27,27.1,26.7,26.9
11.6,607,196.8,100,0,0.1,4,7083,0.03,0.04,83.8,85,81.8,83,27,27.1,26.7,26.9
11.64,609,196.8,100,0,0.4,4,7085,0,0.04,83.8,85,81.8,83,27,27.1,26.7,26.9
11.68,611,196.9,100,0,0.3,4,7088,0.03,0.04,83.8,85,81.8,83,27,27.1,26.7,26.9
11.72,614,196.9,100,0,-0.3,4,7090,-0.01,0.04,83.8,85,81.8,83,27,27.1,26.7,26.9
11.76,616,197,100,0,0.4,4,7092,-0.01,0.04,83.8,85,81.8,83,27,27.1,26.7,26.9
11.8,618,197,100,0,-0.4,4,7094,0.03,0.04,83.8,85,81.8,83,27,27.1,26.7,26.9
11.84,620,197.1,100,0,0,4,7096,0,0.04,83.8,85,81.8,83,27,27.1,26.7,26.9
11.88,622,197.2,100,0,0.3,4,7098,0,0.04,83.8,85,81.8,83,27,27.1,26.7,26.9
11.92,625,197.2,100,0,-0.2,4,7100,0.02,0.04,83.8,85,81.8,83,27,27.1,26.7,26.9
11.96,627,197.3,100,0,0,4,7102,-0.02,0.04,83.8,85,81.8,83,27,27.1,26.7,26.9
12,629,197.3,100,0,-0.3,4,7104,0.01,0.04,83.8,85,81.8,83,27,27.1,26.7,26.9
12.04,631,197.4,100,0,0.1,4,7106,0.01,0.04,83.8,85,81.8,83,27,27.1,26.7,26.9
12.08,633,197.5,100,0,-0.3,4,7108,0.02,0.04,83.8,85,81.8,83,27,27.1,26.7,26.9
12.12,635,197.5,100,0,0.1,4,7110,-0.03,0.04,83.8,85,81.8,83,27,27.1,26.7,26.9
12.16,638,197.6,100,0,0,4,7112,-0.02,0.04,83.8,85,81.8,83,27,27.1,26.7,26.9
12.2,640,197.6,100,0,0.1,4,7115,0,0.04,83.8,85,81.8,83,27,27.1,26.7,26.9
12.24,642,197.7,100,0,-0.3,4,7117,0.01,0.04,83.8,85,81.8,83,27,27.1,26.7,26.9
12.28,644,197.7,100,0,0,4,7119,-0.03,0.04,83.8,85,81.8,83,27,27.1,26.7,26.9
12.32,646,197.8,100,0,-0.1,4,7121,-0.02,0.04,83.8,85,81.8,83,27,27.1,26.7,26.9
12.36,649,197.9,100,0,0.6,4,7123,0,0.04,83.8,85,81.8,83,27,27.1,26.7,26.9
12.4,651,197.9,100,0,-1,4,7125,0,0.04,83.8,85,81.8,83,27,27.1,26.7,26.9
12.44,653,198,100,0,-0.5,4,7127,-0.02,0.04,83.8,85,81.8,83,27,27.1,26.7,26.9
12.48,655,198,100,0,-0.3,4,7129,-0.01,0.04,83.8,85,81.8,83,27,27.1,26.7,26.9
12.52,657,198.1,100,0,0.3,4,7131,0,0.04,83.8,85,81.8,83,27,27.1,26.7,26.9
12.56,660,198.1,100,0,0,4,7133,-0.01,0.04,83.8,85,81.8,83,27,27.1,26.7,26.9
12.6,662,198.2,100,0,0.4,4,7135,-0.01,0.04,83.8,85,81.8,83,27,27.1,26.7,26.9
12.64,664,198.3,100,0,0,4,7137,0,0.04,83.8,85,81.8,83,27,27.1,26.7,26.9
12.68,666,198.3,100,0,-0.3,4,7139,0,0.04,83.8,85,81.8,83,27,27.1,26.7,26.9
12.72,668,198.4,100,0,0.3,4,7141,0,0.04,83.8,85,81.8,83,27,27.1,26.7,26.9
12.76,671,198.4,100,0,-0.3,4,7144,0,0.04,83.8,85,81.8,83,27,27.1,26.7,26.9
12.8,673,198.5,100,0,0.4,4,7146,-0.06,0.04,83.8,85,81.8,83,27,27.1,26.7,26.9
12.84,675,198.5,100,0,-0.7,4,7148,-0.02,0.04,83.8,85,81.8,83,27,27.1,26.7,26.9
12.88,677,198.6,100,0,-0.1,4,7150,0,0.04,83.8,85,81.8,83,27,27.1,26.7,26.9
12.92,679,198.7,100,0,0.3,4,7152,-0.01,0.04,83.8,85,81.8,83,27,27.1,26.7,26.9
12.96,682,198.7,100,0,-0.5,4,7154,0.02,0.04,83.8,85,81.8,83,27,27.1,26.7,26.9
13,684,198.8,100,0,0.2,4,7156,-0.01,0.04,83.8,85,81.8,83,27,27.1,26.7,26.9
13.04,686,198.8,100,0,-0.3,4,7158,-0.02,0.04,83.8,85,81.8,83,27,27.1,26.7,26.9
13.08,688,198.9,100,0,0.6,4,7160,0.03,0.04,83.8,85,81.8,83,27,27.1,26.7,26.9
13.12,691,199,100,0,-0.3,4,7162,0,0.04,83.8,85,81.8,83,27,27.1,26.7,26.9
13.16,693,199,100,0,-0.6,4,7164,0.02,0.04,83.8,85,81.8,83,27,27.1,26.7,26.9
13.2,695,199.1,100,0,-0.1,4,7166,-0.04,0.04,83.8,85,81.8,83,27,27.1,26.7,26.9
13.24,697,199.1,100,0,0.2,4,7168,-0.04,0.04,83.8,85,81.8,83,27,27.1,26.7,26.9
13.28,699,199.2,100,0,0.2,4,7171,-0.01,0.04,83.8,85,81.8,83,27,27.1,26.7,26.9
13.32,702,199.2,100,0,0,4,7173,-0.02,0.04,83.8,85,81.8,83,27,27.1,26.7,26.9
13.36,704,199.3,100,0,-0.6,4,7175,-0.01,0.04,83.8,85,81.8,83,27,27.1,26.7,26.9
13.4,706,199.4,100,0,-0.7,4,7177,0,0.04,83.8,85,81.8,83,27,27.1,26.7,26.9
13.44,708,199.4,100,0,-0.6,4,7179,0,0.04,83.8,85,81.8,83,27,27.1,26.7,26.9
13.48,710,199.5,100,0,-0.5,4,7181,-0.01,0.04,83.8,85,81.8,83,27,27.1,26.7,26.9
13.52,713,199.5,100,0,0.7,4,7183,-0.03,0.04,83.8,85,81.8,83,27,27.1,26.7,26.9
13.56,715,199.6,100,0,0.3,4,7185,0.02,0.04,83.8,85,81.8,83,27,27.1,26.7,26.9
13.6,717,199.6,100,0,1.1,4,7187,0.01,0.04,83.8,85,81.8,83,27,27.1,26.7,26.9
13.64,719,199.7,100,0,-0.2,4,7189,-0.03,0.04,83.8,85,81.8,83,27,27.1,26.7,26.9
13.68,722,199.8,100,0,0.8,4,7191,-0.01,0.04,83.8,85,81.8,83,27,27.1,26.7,26.9
13.72,724,199.8,100,0,0.5,4,7193,0.01,0.04,83.8,85,81.8,83,27,27.1,26.7,26.9
13.76,726,199.9,100,0,0.1,4,7195,0.01,0.04,83.8,85,81.8,83,27,27.1,26.7,26.9
13.8,728,199.9,100,0,-0.2,4,7197,0.01,0.04,83.8,85,81.8,83,27,27.1,26.7,26.9
13.84,730,200,100,0,0.5,4,7200,0,0.04,83.8,85,81.8,83,27,27.1,26.7,26.9
13.88,733,200,100,0,0.5,4,6338,-0.02,0.04,83.8,85,81.8,83,27,27.1,26.7,26.9
13.92,735,200.1,100,0,0.4,4,6340,0.01,0.04,83.8,85,81.8,83,27,27.1,26.7,26.9
13.96,737,200.2,100,0,0.4,4,6341,0.01,0.04,83.8,85,81.8,83,27,27.1,26.7,26.9
14,739,200.2,100,0,-0.1,4,6343,0.02,0.04,83.8,85,81.8,83,27,27.1,26.7,26.9
14.04,742,200.3,100,0,-0.3,4,6345,0.03,0.04,83.8,85,81.8,83,27,27.1,26.7,26.9
14.08,744,200.3,100,0,-0.4,4,6347,-0.03,0.04,83.8,85,81.8,83,27,27.1,26.7,26.9
14.12,746,200.4,100,0,-0.2,4,6348,0.03,0.04,83.8,85,81.8,83,27,27.1,26.7,26.9
14.16,748,200.4,100,0,0.1,4,6350,-0.02,0.04,83.8,85,81.8,83,27,27.1,26.7,26.9
14.2,750,200.5,100,0,0.5,4,6352,-0.01,0.04,83.8,85,81.8,83,27,27.1,26.7,26.9
14.24,753,200.6,100,0,-0.2,4,6354,-0.01,0.04,83.8,85,81.8,83,27,27.1,26.7,26.9
14.28,755,200.6,100,0,0.5,4,6355,-0.04,0.04,83.8,85,81.8,83,27,27.1,26.7,26.9
14.32,757,200.7,100,0,0.2,4,6357,-0.02,0.04,83.8,85,81.8,83,27,27.1,26.7,26.9
14.36,759,200.7,100,0,-0.6,4,6359,0.02,0.04,83.8,85,81.8,83,27,27.1,26.7,26.9
14.4,762,200.8,100,0,0.1,4,6362,0,0.04,83.8,85,81.8,83,27,27.1,26.7,26.9
14.44,764,200.9,100,0,0.2,4,6363,0,0.04,83.8,85,81.8,83,27,27.1,26.7,26.9
14.48,766,200.9,100,0,-0.4,4,6365,-0.02,0.04,83.8,85,81.8,83,27,27.1,26.7,26.9
14.52,768,201,100,0,0.3,4,6367,0,0.04,83.8,85,81.8,83,27,27.1,26.7,26.9
14.56,771,201,100,0,-0.1,4,6369,0.03,0.04,83.8,85,81.8,83,27,27.1,26.7,26.9
14.6,773,201.1,100,0,-0.1,4,6370,0.05,0.04,83.8,85,81.8,83,27,27.1,26.7,26.9
14.64,775,201.1,100,0,-0.3,4,6372,0,0.04,83.8,85,81.8,83,27,27.1,26.7,26.9
14.68,777,201.2,100,0,-0.1,4,6374,0.03,0.04,83.8,85,81.8,83,27,27.1,26.7,26.9
14.72,779,201.3,100,0,0,4,7245,0,0.04,83.8,85,81.8,83,27,27.1,26.7,26.9
14.76,782,201.3,100,0,-0.3,4,7247,0.04,0.04,83.8,85,81.8,83,27,27.1,26.7,26.9
14.8,784,201.4,100,0,0.4,4,7249,0.01,0.04,83.8,85,81.8,83,27,27.1,26.7,26.9
14.84,786,201.4,100,0,-0.8,4,7251,0.02,0.04,83.8,85,81.8,83,27,27.1,26.7,26.9
14.88,788,201.5,100,0,0.3,4,7253,0.01,0.04,83.8,85,81.8,83,27,27.1,26.7,26.9
14.92,791,201.5,100,0,-0.2,4,7256,0.05,0.04,83.8,85,81.8,83,27,27.1,26.7,26.9
14.96,793,201.6,100,0,0.6,4,7258,-0.01,0.04,83.8,85,81.8,83,27,27.1,26.7,26.9
15,795,201.7,100,0,-0.7,4,7260,-0.03,0.04,83.8,85,81.8,83,27,27.1,26.7,26.9
15.04,797,201.7,100,0,-0.8,4,7262,0.01,0.04,83.8,85,81.8,83,27,27.1,26.7,26.9
15.08,800,201.8,100,0,0.2,4,7264,0,0.04,83.8,85,81.8,83,27,27.1,26.7,26.9
15.12,802,201.8,100,0,0.4,4,7266,-0.03,0.04,83.8,85,81.8,83,27,27.1,26.7,26.9
15.16,804,201.9,100,0,-0.4,4,7268,0,0.04,83.8,85,81.8,83,27,27.1,26.7,26.9
15.2,806,201.9,100,0,0.3,4,7270,0.04,0.04,83.8,85,81.8,83,27,27.1,26.7,26.9
15.24,809,202,100,0,-0.4,4,7272,-0.02,0.04,83.8,85,81.8,83,27,27.1,26.7,26.9
15.28,811,202.1,100,0,0.2,4,7274,0.01,0.04,83.8,85,81.8,83,27,27.1,26.7,26.9
15.32,813,202.1,100,0,0.8,4,7276,0.05,0.04,83.8,85,81.8,83,27,27.1,26.7,26.9
15.36,815,202.2,100,0,-0.7,4,7278,0,0.04,83.8,85,81.8,83,27,27.1,26.7,26.9
15.4,818,202.2,100,0,-0.7,4,7280,-0.02,0.04,83.8,85,81.8,83,27,27.1,26.7,26.9
15.44,820,202.3,100,0,-0.1,4,7282,0,0.04,83.8,85,81.8,83,27,27.1,26.7,26.9
15.48,822,202.3,100,0,0.2,4,7285,0.04,0.04,83.8,85,81.8,83,27,27.1,26.7,26.9
15.52,824,202.4,100,0,-1,4,7287,0.03,0.04,83.8,85,81.8,83,27,27.1,26.7,26.9
15.56,827,202.5,100,0,0.1,4,7289,0.02,0.04,83.8,85,81.8,83,27,27.1,26.7,26.9
15.6,829,202.5,100,0,0.5,4,7291,0,0.04,83.8,85,81.8,83,27,27.1,26.7,26.9
15.64,831,202.6,100,0,0.3,4,7293,-0.05,0.04,83.8,85,81.8,83,27,27.1,26.7,26.9
15.68,833,202.6,100,0,0.2,4,7295,-0.01,0.04,83.8,85,81.8,83,27,27.1,26.7,26.9
15.72,836,202.7,100,0,0.4,4,7297,-0.01,0.04,83.8,85,81.8,83,27,27.1,26.7,26.9
15.76,838,202.8,100,0,-0.1,4,7299,0.02,0.04,83.8,85,81.8,83,27,27.1,26.7,26.9
15.8,840,202.8,100,0,-0.7,4,7301,0,0.04,83.8,85,81.8,83,27,27.1,26.7,26.9
15.84,842,202.9,100,0,0.7,4,7303,-0.01,0.04,83.8,85,81.8,83,27,27.1,26.7,26.9
15.88,845,202.9,100,0,-0.5,4,7305,-0.02,0.04,83.8,85,81.8,83,27,27.1,26.7,26.9
15.92,847,203,100,0,0.6,4,7307,0.03,0.04,83.8,85,81.8,83,27,27.1,26.7,26.9
15.96,849,203,100,0,-0.5,4,7309,-0.02,0.04,83.8,85,81.8,83,27,27.1,26.7,26.9
16,851,203.1,100,0,-0.7,4,7312,0.02,0.04,83.8,85,81.8,83,27,27.1,26.7,26.9
16.04,854,203.2,100,0,-0.7,4,7314,-0.02,0.04,83.8,85,81.8,83,27,27.1,26.7,26.9
16.08,856,203.2,100,0,-0.9,4,7316,-0.04,0.04,83.8,85,81.8,83,27,27.1,26.7,26.9
16.12,858,203.3,100,0,0.2,4,7318,-0.01,0.04,83.8,85,81.8,83,27,27.1,26.7,26.9
16.16,860,203.3,100,0,-0.2,4,7320,0.02,0.04,83.8,85,81.8,83,27,27.1,26.7,26.9
16.2,863,203.4,100,0,0.1,4,7322,-0.03,0.04,83.8,85,81.8,83,27,27.1,26.7,26.9
16.24,865,203.4,100,0,0.1,4,7324,-0.01,0.04,83.8,85,81.8,83,27,27.1,26.7,26.9
16.28,867,203.5,100,0,-0.3,4,7326,0,0.04,83.8,85,81.8,83,27,27.1,26.7,26.9
16.32,869,203.6,100,0,0.6,4,7328,0,0.04,83.8,85,81.8,83,27,27.1,26.7,26.9
16.36,872,203.6,100,0,-0.2,4,7330,0,0.04,83.8,85,81.8,83,27,27.1,26.7,26.9
16.4,874,203.7,100,0,-0.7,4,7332,0.06,0.04,83.8,85,81.8,83,27,27.1,26.7,26.9
16.44,876,203.7,100,0,0,4,7334,-0.02,0.04,83.8,85,81.8,83,27,27.1,26.7,26.9
16.48,878,203.8,100,0,-0.2,4,7336,0.01,0.04,83.8,85,81.8,83,27,27.1,26.7,26.9
16.52,881,203.8,100,0,-0.1,4,7338,0.03,0.04,83.8,85,81.8,83,27,27.1,26.7,26.9
16.56,883,203.9,100,0,0.3,4,7341,-0.02,0.04,83.8,85,81.8,83,27,27.1,26.7,26.9
16.6,885,204,100,0,0.1,4,7343,0,0.04,83.8,85,81.8,83,27,27.1,26.7,26.9
16.64,888,204,100,0,0,4,7345,-0.03,0.04,83.8,85,81.8,83,27,27.1,26.7,26.9
16.68,890,204.1,100,0,0.1,4,7347,0.01,0.04,83.8,85,81.8,83,27,27.1,26.7,26.9
16.72,892,204.1,100,0,0.1,4,7349,0,0.04,83.8,85,81.8,83,27,27.1,26.7,26.9
16.76,894,204.2,100,0,0.6,4,7351,0,0.04,83.8,85,81.8,83,27,27.1,26.7,26.9
16.8,897,204.2,100,0,0.5,4,7353,0.05,0.04,83.8,85,81.8,83,27,27.1,26.7,26.9
16.84,899,204.3,100,0,0,4,7355,-0.01,0.04,83.8,85,81.8,83,27,27.1,26.7,26.9
16.88,901,204.4,100,0,0,4,7357,0.01,0.04,83.8,85,81.8,83,27,27.1,26.7,26.9
16.92,903,204.4,100,0,0.1,4,7359,0,0.04,83.8,85,81.8,83,27,27.1,26.7,26.9
16.96,906,204.5,100,0,0.4,4,7361,0,0.04,83.8,85,81.8,83,27,27.1,26.7,26.9
17,908,204.5,100,0,-0.3,4,7363,-0.02,0.04,83.8,85,81.8,83,27,27.1,26.7,26.9
17.04,910,204.6,100,0,0.4,4,7365,0.03,0.04,83.8,85,81.8,83,27,27.1,26.7,26.9
17.08,912,204.7,100,0,0.6,4,7368,0,0.04,83.8,85,81.8,83,27,27.1,26.7,26.9
17.12,915,204.7,100,0,-0.6,4,7370,-0.03,0.04,83.8,85,81.8,83,27,27.1,26.7,26.9
17.16,917,204.8,100,0,-0.6,4,7372,-0.01,0.04,83.8,85,81.8,83,27,27.1,26.7,26.9
17.2,919,204.8,100,0,0,4,7374,-0.03,0.04,83.8,85,81.8,83,27,27.1,26.7,26.9
17.24,922,204.9,100,0,0.1,4,7376,0,0.04,83.8,85,81.8,83,27,27.1,26.7,26.9
17.28,924,204.9,100,0,0,4,7378,-0.02,0.04,83.8,85,81.8,83,27,27.1,26.7,26.9
17.32,926,205,100,0,-0.2,4,7380,0.01,0.04,83.8,85,81.8,83,27,27.1,26.7,26.9
17.36,928,205.1,100,0,0.1,4,7382,-0.03,0.04,83.8,85,81.8,83,27,27.1,26.7,26.9
17.4,931,205.1,100,0,0,4,7384,0.02,0.04,83.8,85,81.8,83,27,27.1,26.7,26.9
17.44,933,205.2,100,0,0.2,4,7386,0.02,0.04,83.8,85,81.8,83,27,27.1,26.7,26.9
17.48,935,205.2,100,0,-0.3,4,7388,0.02,0.04,83.8,85,81.8,83,27,27.1,26.7,26.9
17.52,938,205.3,100,0,-0.1,4,7390,-0.04,0.04,83.8,85,81.8,83,27,27.1,26.7,26.9
17.56,940,205.3,100,0,0,4,7392,-0.01,0.04,83.8,85,81.8,83,27,27.1,26.7,26.9
17.6,942,205.4,100,0,-0.5,4,7394,0,0.04,83.8,85,81.8,83,27,27.1,26.7,26.9
17.64,944,205.5,100,0,1,4,7397,0.02,0.04,83.8,85,81.8,83,27,27.1,26.7,26.9
17.68,947,205.5,100,0,0.5,4,7399,0.06,0.04,83.8,85,81.8,83,27,27.1,26.7,26.9
17.72,949,205.6,100,0,0,4,7401,-0.05,0.04,83.8,85,81.8,83,27,27.1,26.7,26.9
17.76,951,205.6,100,0,0.4,4,7403,0.01,0.04,83.8,85,81.8,83,27,27.1,26.7,26.9
17.8,954,205.7,100,0,0,4,7405,0.01,0.04,83.8,85,81.8,83,27,27.1,26.7,26.9
17.84,956,205.7,100,0,-0.4,4,7407,0,0.04,83.8,85,81.8,83,27,27.1,26.7,26.9
17.88,958,205.8,100,0,0.5,4,7409,0.02,0.04,83.8,85,81.8,83,27,27.1,26.7,26.9
17.92,960,205.9,100,0,0.2,4,7411,-0.01,0.04,83.8,85,81.8,83,27,27.1,26.7,26.9
17.96,963,205.9,100,0,-0.1,4,7413,0.02,0.04,83.8,85,81.8,83,27,27.1,26.7,26.9
18,965,206,100,0,0.3,4,7415,0.04,0.04,83.8,85,81.8,83,27,27.1,26.7,26.9
18.04,967,206,100,0,0.1,4,7417,0.02,0.04,83.8,85,81.8,83,27,27.1,26.7,26.9
18.08,970,206.1,100,0,0.1,4,7419,0,0.04,83.8,85,81.8,83,27,27.1,26.7,26.9
18.12,972,206.2,100,0,-0.1,4,7421,0,0.04,83.8,85,81.8,83,27,27.1,26.7,26.9
18.16,974,206.2,100,0,0.2,4,7423,0.02,0.04,83.8,85,81.8,83,27,27.1,26.7,26.9
18.2,976,206.3,100,0,-0.1,4,7426,0,0.04,83.8,85,81.8,83,27,27.1,26.7,26.9
18.24,979,206.3,100,0,0.5,4,7428,0.03,0.04,83.8,85,81.8,83,27,27.1,26.7,26.9
18.28,981,206.2,0,4,0.2,4,7423,0,-1.85,83.9,85,81.8,83,27.01,27.1,26.7,26.9
18.32,983,205.8,0,13,-0.1,4,7409,0,-1.85,84,85.1,81.8,83,27.02,27.11,26.7,26.9
18.36,986,205.2,0,22,0,4,7386,0,-1.85,84.2,85.1,81.8,83,27.03,27.11,26.7,26.9
18.4,988,204.2,0,31,0.7,4,7352,0,-1.85,84.3,85.2,81.8,83,27.04,27.11,26.7,26.9
18.44,990,203,0,40,1.4,4,7309,0,-1.85,84.4,85.2,81.8,83,27.05,27.12,26.7,26.9
18.48,992,201.6,0,48,-1,4,7257,0,-1.85,84.5,85.2,81.8,83,27.05,27.12,26.7,26.9
18.52,995,199.9,0,57,0.3,4,7195,0,-1.85,84.6,85.3,81.8,83,27.06,27.12,26.7,26.9
18.56,997,197.9,0,66,0.1,4,7124,0,-1.85,84.8,85.3,81.8,83,27.07,27.12,26.7,26.9
18.6,999,195.6,0,75,0.1,4,7043,0,-1.85,84.9,85.4,81.8,83,27.08,27.13,26.7,26.9
18.64,1001,193.2,0,83,-0.3,4,6954,0,-1.85,85,85.4,81.8,83,27.09,27.13,26.7,26.9
18.68,1003,190.4,0,92,0.5,4,6854,0,-1.85,85.1,85.4,81.8,83,27.1,27.13,26.7,26.9
18.72,1005,187.4,0,100,0.3,4,6746,0,-1.85,85.2,85.5,81.8,83,27.11,27.14,26.7,26.9
18.76,1008,184.4,0,100,0.6,4,6638,0,-1.85,85.4,85.5,81.8,83,27.12,27.14,26.7,26.9
18.8,1010,181.4,0,100,0.3,4,6530,0,-1.85,85.5,85.6,81.8,83,27.13,27.14,26.7,26.9
18.84,1012,178.4,0,100,-1,4,6422,0,-1.85,85.6,85.6,81.8,83,27.14,27.15,26.7,26.9
18.88,1014,175.4,0,100,0.4,4,6314,0,-1.85,85.7,85.6,81.8,83,27.14,27.15,26.7,26.9
18.92,1016,172.4,0,100,-0.4,3,7585,0,-1.85,85.8,85.7,81.8,83,27.15,27.15,26.7,26.9
18.96,1017,169.4,0,100,-1.5,3,7453,0,-1.85,86,85.7,81.8,83,27.16,27.15,26.7,26.9
19,1019,166.4,0,100,0.4,3,7321,0,-1.85,86.1,85.8,81.8,83,27.17,27.16,26.7,26.9
19.04,1021,163.4,0,100,0.3,3,7189,0,-1.85,86.2,85.8,81.8,83,27.18,27.16,26.7,26.9
19.08,1023,160.4,0,100,-0.3,3,7057,0,-1.85,86.3,85.8,81.8,83,27.19,27.16,26.7,26.9
19.12,1025,157.4,0,100,0.3,3,6925,0,-1.85,86.4,85.9,81.8,83,27.2,27.17,26.7,26.9
19.16,1027,154.4,0,100,-0.2,3,6793,0,-1.85,86.6,85.9,81.8,83,27.21,27.17,26.7,26.9
19.2,1028,151.4,0,100,0.1,3,6661,0,-1.85,86.7,86,81.8,83,27.22,27.17,26.7,26.9
19.24,1030,148.4,0,100,-0.2,3,6529,0,-1.85,86.8,86,81.8,83,27.23,27.18,26.7,26.9
19.28,1032,145.4,0,100,0.4,3,6397,0,-1.85,86.9,86,81.8,83,27.23,27.18,26.7,26.9
19.32,1033,142.4,0,100,-1.1,3,6265,0,-1.85,87,86.1,81.8,83,27.24,27.18,26.7,26.9
19.36,1035,139.4,0,100,0.5,3,6133,0,-1.85,87.2,86.1,81.8,83,27.25,27.18,26.7,26.9
19.4,1036,136.4,0,100,0,3,6001,0,-1.85,87.3,86.2,81.8,83,27.26,27.19,26.7,26.9
19.44,1038,133.4,0,100,0.9,2,7603,0,-1.85,87.4,86.2,81.8,83,27.27,27.19,26.7,26.9
19.48,1039,130.4,0,100,-0.3,2,7432,0,-1.85,87.5,86.2,81.8,83,27.28,27.19,26.7,26.9
19.52,1041,127.4,0,100,-0.2,2,7261,0,-1.85,87.6,86.3,81.8,83,27.29,27.2,26.7,26.9
19.56,1042,124.4,0,100,-0.7,2,7090,0,-1.85,87.8,86.3,81.8,83,27.3,27.2,26.7,26.9
19.6,1044,121.4,0,100,-0.6,2,6919,0,-1.85,87.9,86.4,81.8,83,27.31,27.2,26.7,26.9
19.64,1045,118.4,0,100,0.1,2,6748,0,-1.85,88,86.4,81.8,83,27.32,27.21,26.7,26.9
19.68,1046,115.4,0,100,-0.4,2,6577,0,-1.85,88.1,86.4,81.8,83,27.32,27.21,26.7,26.9
19.72,1048,112.4,0,100,0.3,2,6406,0,-1.85,88.2,86.5,81.8,83,27.33,27.21,26.7,26.9
19.76,1049,109.4,0,100,-0.7,2,6235,0,-1.85,88.4,86.5,81.8,83,27.34,27.21,26.7,26.9
19.8,1050,106.4,0,100,-0.1,2,6064,0,-1.85,88.5,86.6,81.8,83,27.35,27.22,26.7,26.9
19.84,1051,103.4,0,100,-0.7,2,5893,0,-1.85,88.6,86.6,81.8,83,27.36,27.22,26.7,26.9
19.88,1052,100.4,0,100,0,2,5722,0,-1.85,88.7,86.6,81.8,83,27.37,27.22,26.7,26.9
19.92,1053,97.4,0,100,-0.4,2,5551,0,-1.85,88.8,86.7,81.8,83,27.38,27.23,26.7,26.9
19.96,1055,94.4,0,100,0,1,7363,0,-1.85,89,86.7,81.8,83,27.39,27.23,26.7,26.9
20,1056,91.4,0,100,0,1,7129,0,-1.85,89.1,86.8,81.8,83,27.4,27.23,26.7,26.9
20.04,1057,88.4,0,100,-0.1,1,6895,0,-1.4,89.2,86.8,81.8,83,27.41,27.24,26.7,26.9
20.08,1058,85.5,0,98,2,1,6665,0.02,-1.38,89.3,86.8,81.8,83,27.41,27.24,26.7,26.9
20.12,1058,82.5,0,97,1.6,1,6438,0.04,-1.37,89.4,86.9,81.8,83,27.42,27.24,26.7,26.9
20.16,1059,79.7,0,96,3.2,1,6214,0.06,-1.36,89.6,86.9,81.8,83,27.43,27.24,26.7,26.9
20.2,1060,76.8,0,94,4.9,1,5994,0.08,-1.34,89.7,87,81.8,83,27.44,27.25,26.7,26.9
20.24,1061,74.1,0,93,5.4,1,5776,0.09,-1.33,89.8,87,81.8,83,27.45,27.25,26.7,26.9
20.28,1062,72,0,92,6.7,1,5616,0.1,-1.32,89.9,87,81.8,83,27.46,27.25,26.7,26.9
20.32,1063,72,0,91,7.5,1,5616,0.11,-1.31,90,87.1,81.8,83,27.47,27.26,26.7,26.9
20.36,1064,72,0,90,9.4,1,5616,0.12,-1.29,90.2,87.1,81.8,83,27.48,27.26,26.7,26.9
20.4,1064,72,0,88,9.7,1,5616,0.13,-1.28,90.3,87.2,81.8,83,27.49,27.26,26.7,26.9
20.44,1065,72,0,87,11.4,1,5616,0.15,-1.27,90.4,87.2,81.8,83,27.5,27.27,26.7,26.9
20.48,1066,72,0,86,11.8,1,5616,0.16,-1.26,90.5,87.2,81.8,83,27.5,27.27,26.7,26.9
20.52,1067,72,0,85,13.5,1,5616,0.17,-1.25,90.6,87.3,81.8,83,27.51,27.27,26.7,26.9
20.56,1068,72,0,84,14.3,1,5616,0.19,-1.23,90.8,87.3,81.8,83,27.52,27.27,26.7,26.9
20.6,1068,72,0,83,14.8,1,5616,0.2,-1.22,90.9,87.4,81.8,83,27.53,27.28,26.7,26.9
20.64,1069,72,0,82,17.4,1,5616,0.21,-1.21,91,87.4,81.8,83,27.54,27.28,26.7,26.9
20.68,1070,72,0,80,17.6,1,5616,0.23,-1.2,91.1,87.4,81.8,83,27.55,27.28,26.7,26.9
20.72,1071,72,0,79,18.6,1,5616,0.24,-1.19,91.2,87.5,81.8,83,27.56,27.29,26.7,26.9
20.76,1072,72,0,78,19.9,1,5616,0.25,-1.17,91.4,87.5,81.8,83,27.57,27.29,26.7,26.9
20.8,1072,72,0,77,21.5,1,5616,0.27,-1.16,91.5,87.6,81.8,83,27.58,27.29,26.7,26.9
20.84,1073,72,0,76,21.3,1,5616,0.28,-1.15,91.6,87.6,81.8,83,27.59,27.3,26.7,26.9
20.88,1074,72,0,75,22.4,1,5616,0.29,-1.14,91.7,87.6,81.8,83,27.59,27.3,26.7,26.9
20.92,1075,72,0,74,23.5,1,5616,0.31,-1.13,91.8,87.7,81.8,83,27.6,27.3,26.7,26.9
20.96,1076,72,0,73,25.4,1,5616,0.32,-1.11,92,87.7,81.8,83,27.61,27.3,26.7,26.9
21,1076,72,0,72,25,1,5616,0.33,-1.1,92.1,87.8,81.8,83,27.62,27.31,26.7,26.9
21.04,1077,72,0,70,25.9,1,5616,0.35,-1.09,92.2,87.8,81.8,83,27.63,27.31,26.7,26.9
21.08,1078,72,0,69,28.2,1,5616,0.36,-1.08,92.3,87.8,81.8,83,27.64,27.31,26.7,26.9
21.12,1079,72,0,68,28.4,1,5616,0.37,-1.07,92.4,87.9,81.8,83,27.65,27.32,26.7,26.9
21.16,1080,72,0,67,29.7,1,5616,0.39,-1.05,92.6,87.9,81.8,83,27.66,27.32,26.7,26.9
21.2,1080,72,0,66,30.4,1,5616,0.4,-1.04,92.7,88,81.8,83,27.67,27.32,26.7,26.9
21.24,1081,72,0,65,30.9,1,5616,0.41,-1.03,92.8,88,81.8,83,27.68,27.33,26.7,26.9
21.28,1082,72,0,64,32.4,1,5616,0.43,-1.02,92.9,88,81.8,83,27.68,27.33,26.7,26.9
21.32,1083,72,0,63,33.5,1,5616,0.44,-1.01,93,88.1,81.8,83,27.69,27.33,26.7,26.9
21.36,1084,72,0,62,35,1,5616,0.45,-0.99,93.2,88.1,81.8,83,27.7,27.33,26.7,26.9
21.4,1084,72,0,61,34.9,1,5616,0.47,-0.98,93.3,88.2,81.8,83,27.71,27.34,26.7,26.9
21.44,1085,72,0,60,35.9,1,5616,0.48,-0.97,93.4,88.2,81.8,83,27.72,27.34,26.7,26.9
21.48,1086,72,0,59,37.4,1,5616,0.49,-0.96,93.5,88.2,81.8,83,27.73,27.34,26.7,26.9
21.52,1087,72,0,58,38.5,1,5616,0.51,-0.95,93.6,88.3,81.8,83,27.74,27.35,26.7,26.9
21.56,1088,72,0,57,39.1,1,5616,0.52,-0.93,93.8,88.3,81.8,83,27.75,27.35,26.7,26.9
21.6,1088,72,0,56,40.4,1,5616,0.53,-0.92,93.9,88.4,81.8,83,27.76,27.35,26.7,26.9
21.64,1089,72,0,55,40.5,1,5616,0.55,-0.91,94,88.4,81.8,83,27.77,27.36,26.7,26.9
21.68,1090,72,0,54,41.9,1,5616,0.56,-0.9,94.1,88.4,81.8,83,27.77,27.36,26.7,26.9
21.72,1091,72,0,53,42.7,1,5616,0.57,-0.89,94.2,88.5,81.8,83,27.78,27.36,26.7,26.9
21.76,1092,72,0,52,43.1,1,5616,0.59,-0.87,94.4,88.5,81.8,83,27.79,27.36,26.7,26.9
21.8,1092,72,0,51,44.8,1,5616,0.6,-0.86,94.5,88.6,81.8,83,27.8,27.37,26.7,26.9
21.84,1093,72,0,50,45.7,1,5616,0.62,-0.85,94.6,88.6,81.8,83,27.81,27.37,26.7,26.9
21.88,1094,72,0,49,46.2,1,5616,0.63,-0.84,94.7,88.6,81.8,83,27.82,27.37,26.7,26.9
21.92,1095,72,0,48,45.5,1,5616,0.64,-0.83,94.8,88.7,81.8,83,27.83,27.38,26.7,26.9
21.96,1096,72,0,47,47.3,1,5616,0.66,-0.81,95,88.7,81.8,83,27.84,27.38,26.7,26.9
22,1096,72,0,46,48.2,1,5616,0.67,-0.8,95.1,88.8,81.8,83,27.85,27.38,26.7,26.9
22.04,1097,72,0,45,48.5,1,5616,0.68,-0.79,95.2,88.8,81.8,83,27.86,27.39,26.7,26.9
22.08,1098,72,0,44,49.5,1,5616,0.7,-0.78,95.3,88.8,81.8,83,27.86,27.39,26.7,26.9
22.12,1099,72,0,43,51.5,1,5616,0.71,-0.77,95.4,88.9,81.8,83,27.87,27.39,26.7,26.9
22.16,1100,72,0,42,52.7,1,5616,0.72,-0.76,95.6,88.9,81.8,83,27.88,27.39,26.7,26.9
22.2,1100,72,0,41,52.8,1,5616,0.74,-0.74,95.7,89,81.8,83,27.89,27.4,26.7,26.9
22.24,1101,72,0,40,52.9,1,5616,0.75,-0.73,95.8,89,81.8,83,27.9,27.4,26.7,26.9
22.28,1102,72,0,39,54,1,5616,0.76,-0.72,95.9,89,81.8,83,27.91,27.4,26.7,26.9
22.32,1103,72,0,38,54.6,1,5616,0.78,-0.71,96,89.1,81.8,83,27.92,27.41,26.7,26.9
22.36,1104,72,0,38,55.4,1,5616,0.79,-0.7,96.2,89.1,81.8,83,27.93,27.41,26.7,26.9
22.4,1104,72,0,37,56.5,1,5616,0.8,-0.68,96.3,89.2,81.8,83,27.94,27.41,26.7,26.9
22.44,1105,72,0,36,56.8,1,5616,0.82,-0.67,96.4,89.2,81.8,83,27.95,27.42,26.7,26.9
22.48,1106,72,0,35,57.6,1,5616,0.83,-0.66,96.5,89.2,81.8,83,27.95,27.42,26.7,26.9
22.52,1107,72,0,34,59,1,5616,0.84,-0.65,96.6,89.3,81.8,83,27.96,27.42,26.7,26.9
22.56,1108,72,0,33,58.9,1,5616,0.86,-0.64,96.8,89.3,81.8,83,27.97,27.42,26.7,26.9
22.6,1108,72,0,32,59.7,1,5616,0.87,-0.62,96.9,89.4,81.8,83,27.98,27.43,26.7,26.9
22.64,1109,72,0,31,60.2,1,5616,0.88,-0.61,97,89.4,81.8,83,27.99,27.43,26.7,26.9
22.68,1110,72,0,30,61.7,1,5616,0.9,-0.6,97.1,89.4,81.8,83,28,27.43,26.7,26.9
22.72,1111,72,0,30,61.8,1,5616,0.91,-0.59,97.2,89.5,81.8,83,28.01,27.44,26.7,26.9
22.76,1112,72,0,29,62,1,5616,0.92,-0.58,97.4,89.5,81.8,83,28.02,27.44,26.7,26.9
22.8,1112,72,0,28,63.4,1,5616,0.94,-0.56,97.5,89.6,81.8,83,28.03,27.44,26.7,26.9
22.84,1113,72,0,27,63.6,1,5616,0.95,-0.55,97.6,89.6,81.8,83,28.04,27.45,26.7,26.9
22.88,1114,72,0,26,64,1,5616,0.96,-0.54,97.7,89.6,81.8,83,28.04,27.45,26.7,26.9
22.92,1115,72,0,25,64.6,1,5616,0.98,-0.53,97.8,89.7,81.8,83,28.05,27.45,26.7,26.9
22.96,1116,72,0,25,64.5,1,5616,0.99,-0.52,98,89.7,81.8,83,28.06,27.45,26.7,26.9
23,1116,72,0,24,67.3,1,5616,1,-0.5,98.1,89.8,81.8,83,28.07,27.46,26.7,26.9
23.04,1117,72,0,23,66.6,1,5616,1.02,-0.49,98.2,89.8,81.8,83,28.08,27.46,26.7,26.9
23.08,1118,72,0,22,67.4,1,5616,1.03,-0.48,98.3,89.8,81.8,83,28.09,27.46,26.7,26.9
23.12,1119,72,0,22,67.7,1,5616,1.04,-0.47,98.4,89.9,81.8,83,28.1,27.47,26.7,26.9
23.16,1120,72,0,21,67.8,1,5616,1.06,-0.46,98.6,89.9,81.8,83,28.11,27.47,26.7,26.9
23.2,1120,72,0,20,68,1,5616,1.07,-0.44,98.7,90,81.8,83,28.12,27.47,26.7,26.9
23.24,1121,72,0,19,68.1,1,5616,1.08,-0.43,98.8,90,81.8,83,28.13,27.48,26.7,26.9
23.28,1122,72,0,19,70.2,1,5616,1.1,-0.42,98.9,90,81.8,83,28.13,27.48,26.7,26.9
23.32,1123,72,0,18,69.7,1,5616,1.11,-0.41,99,90.1,81.8,83,28.14,27.48,26.7,26.9
23.36,1124,72,0,17,70.9,1,5616,1.13,-0.4,99.2,90.1,81.8,83,28.15,27.48,26.7,26.9
23.4,1124,72,0,16,71.1,1,5616,1.14,-0.38,99.3,90.2,81.8,83,28.16,27.49,26.7,26.9
23.44,1125,72,0,16,71.4,1,5616,1.15,-0.37,99.4,90.2,81.8,83,28.17,27.49,26.7,26.9
23.48,1126,72,0,15,72.5,1,5616,1.17,-0.36,99.5,90.2,81.8,83,28.18,27.49,26.7,26.9
23.52,1127,72,0,14,72.5,1,5616,1.18,-0.35,99.6,90.3,81.8,83,28.19,27.5,26.7,26.9
23.56,1128,72,0,14,72.1,1,5616,1.19,-0.34,99.8,90.3,81.8,83,28.2,27.5,26.7,26.9
23.6,1128,72,0,13,73.8,1,5616,1.21,-0.32,99.9,90.4,81.8,83,28.21,27.5,26.7,26.9
23.64,1129,72,0,12,73.4,1,5616,1.22,-0.31,100,90.4,81.8,83,28.22,27.51,26.7,26.9
23.68,1130,72,0,12,73.9,1,5616,1.23,-0.3,100.1,90.4,81.8,83,28.22,27.51,26.7,26.9
23.72,1131,72,0,11,73.9,1,5616,1.25,-0.29,100.2,90.5,81.8,83,28.23,27.51,26.7,26.9
23.76,1132,72,0,10,74.1,1,5616,1.26,-0.28,100.4,90.5,81.8,83,28.24,27.51,26.7,26.9
23.8,1132,72,0,10,75.4,1,5616,1.27,-0.26,100.5,90.6,81.8,83,28.25,27.52,26.7,26.9
23.84,1133,72,0,9,74.9,1,5616,1.29,-0.25,100.6,90.6,81.8,83,28.26,27.52,26.7,26.9
23.88,1134,72,0,8,74.8,1,5616,1.3,-0.24,100.7,90.6,81.8,83,28.27,27.52,26.7,26.9
23.92,1135,72,0,8,75.4,1,5616,1.31,-0.23,100.8,90.7,81.8,83,28.28,27.53,26.7,26.9
23.96,1136,72,0,7,76.1,1,5616,1.33,-0.22,101,90.7,81.8,83,28.29,27.53,26.7,26.9
24,1136,72,0,7,76.3,1,5616,1.34,-0.2,101.1,90.8,81.8,83,28.3,27.53,26.7,26.9
24.04,1137,72,0,6,76.8,1,5616,1.35,-0.19,101.2,90.8,81.8,83,28.31,27.54,26.7,26.9
24.08,1138,72,0,6,75.9,1,5616,1.37,-0.18,101.3,90.8,81.8,83,28.31,27.54,26.7,26.9
24.12,1139,72,0,5,76.3,1,5616,1.38,-0.17,101.4,90.9,81.8,83,28.32,27.54,26.7,26.9
24.16,1140,72,0,5,76.8,1,5616,1.39,-0.16,101.6,90.9,81.8,83,28.33,27.54,26.7,26.9
24.2,1140,72,0,4,77.5,1,5616,1.41,-0.14,101.7,91,81.8,83,28.34,27.55,26.7,26.9
24.24,1141,72,0,4,77,1,5616,1.42,-0.13,101.8,91,81.8,83,28.35,27.55,26.7,26.9
24.28,1142,72,0,3,76.5,1,5616,1.43,-0.12,101.9,91,81.8,83,28.36,27.55,26.7,26.9
24.32,1143,72,0,3,77.6,1,5616,1.45,-0.11,102,91.1,81.8,83,28.37,27.56,26.7,26.9
24.36,1144,72,0,2,78.2,1,5616,1.46,-0.1,102.2,91.1,81.8,83,28.38,27.56,26.7,26.9
24.4,1144,72,0,2,77.2,1,5616,1.47,-0.08,102.3,91.2,81.8,83,28.39,27.56,26.7,26.9
24.44,1145,72,0,2,77.8,1,5616,1.49,-0.07,102.4,91.2,81.8,83,28.4,27.57,26.7,26.9
24.48,1146,72,0,1,78.2,1,5616,1.5,-0.06,102.5,91.2,81.8,83,28.4,27.57,26.7,26.9
24.52,1147,72,0,1,78.7,1,5616,1.51,-0.05,102.6,91.3,81.8,83,28.41,27.57,26.7,26.9
24.56,1148,72,0,1,78.1,1,5616,1.53,-0.04,102.8,91.3,81.8,83,28.42,27.57,26.7,26.9
24.6,1148,72,0,0,78.3,1,5616,1.54,-0.02,102.9,91.4,81.8,83,28.43,27.58,26.7,26.9
24.64,1149,72,0,0,78.4,1,5616,1.55,-0.01,103,91.4,81.8,83,28.44,27.58,26.7,26.9
24.68,1150,72,0,0,77.7,1,5616,1.57,0,103.1,91.4,81.8,83,28.45,27.58,26.7,26.9
24.72,1151,72,1,0,76.8,1,5616,1.94,0,103.1,91.4,81.8,83,28.45,27.58,26.7,26.9
24.76,1152,72,2,0,77.5,1,5616,1.93,0.01,103.1,91.4,81.9,83.1,28.45,27.58,26.71,26.91
24.8,1152,72,3,0,77.1,1,5617,1.93,0.01,103.1,91.4,81.9,83.1,28.45,27.58,26.71,26.91
24.84,1153,72,4,0,76.8,1,5618,1.92,0.01,103.1,91.4,81.9,83.1,28.45,27.58,26.71,26.91
24.88,1154,72,5,0,75.9,1,5618,1.91,0.02,103.1,91.4,82,83.2,28.45,27.58,26.71,26.91
24.92,1155,72,5,0,75.1,1,5619,1.9,0.02,103.1,91.4,82,83.2,28.45,27.58,26.72,26.92
24.96,1156,72.1,6,0,75.3,1,5620,1.89,0.02,103.1,91.4,82,83.2,28.45,27.58,26.72,26.92
25,1156,72.1,7,0,74.2,1,5621,1.88,0.03,103.1,91.4,82.1,83.3,28.45,27.58,26.72,26.92
25.04,1157,72.1,8,0,74.7,1,5622,1.88,0.03,103.1,91.4,82.1,83.3,28.45,27.58,26.72,26.92
25.08,1158,72.1,8,0,74,1,5624,1.87,0.03,103.1,91.4,82.1,83.3,28.45,27.58,26.73,26.93
25.12,1159,72.1,9,0,74,1,5625,1.86,0.04,103.1,91.4,82.2,83.4,28.45,27.58,26.73,26.93
25.16,1160,72.1,10,0,72.9,1,5627,1.85,0.04,103.1,91.4,82.2,83.4,28.45,27.58,26.73,26.93
25.2,1160,72.2,10,0,72.1,1,5628,1.84,0.04,103.1,91.4,82.3,83.5,28.45,27.58,26.73,26.93
25.24,1161,72.2,11,0,73.1,1,5630,1.83,0.05,103.1,91.4,82.3,83.5,28.45,27.58,26.74,26.94
25.28,1162,72.2,12,0,71.8,1,5632,1.83,0.05,103.1,91.4,82.3,83.5,28.45,27.58,26.74,26.94
25.32,1163,72.2,12,0,71.7,1,5634,1.82,0.06,103.1,91.4,82.4,83.6,28.45,27.58,26.74,26.94
25.36,1164,72.3,13,0,70.9,1,5636,1.81,0.06,103.1,91.4,82.4,83.6,28.45,27.58,26.74,26.94
25.4,1164,72.3,14,0,70.4,1,5638,1.8,0.06,103.1,91.4,82.4,83.6,28.45,27.58,26.75,26.95
25.44,1165,72.3,14,0,70.3,1,5640,1.79,0.07,103.1,91.4,82.5,83.7,28.45,27.58,26.75,26.95
25.48,1166,72.3,15,0,69.7,1,5643,1.78,0.07,103.1,91.4,82.5,83.7,28.45,27.58,26.75,26.95
25.52,1167,72.4,16,0,69.5,1,5645,1.78,0.07,103.1,91.4,82.5,83.7,28.45,27.58,26.76,26.96
25.56,1168,72.4,16,0,69.1,1,5648,1.77,0.08,103.1,91.4,82.6,83.8,28.45,27.58,26.76,26.96
25.6,1168,72.4,17,0,68.7,1,5650,1.76,0.08,103.1,91.4,82.6,83.8,28.45,27.58,26.76,26.96
25.64,1169,72.5,17,0,67.7,1,5653,1.75,0.08,103.1,91.4,82.6,83.8,28.45,27.58,26.76,26.96
25.68,1170,72.5,18,0,67.4,1,5656,1.74,0.09,103.1,91.4,82.7,83.9,28.45,27.58,26.77,26.97
25.72,1171,72.5,19,0,66.8,1,5659,1.73,0.09,103.1,91.4,82.7,83.9,28.45,27.58,26.77,26.97
25.76,1172,72.6,19,0,66.5,1,5662,1.72,0.09,103.1,91.4,82.7,83.9,28.45,27.58,26.77,26.97
25.8,1172,72.6,20,0,66.7,1,5665,1.72,0.1,103.1,91.4,82.8,84,28.45,27.58,26.77,26.97
25.84,1173,72.7,21,0,66.1,1,5668,1.71,0.1,103.1,91.4,82.8,84,28.45,27.58,26.78,26.98
25.88,1174,72.7,21,0,65.6,1,5671,1.7,0.1,103.1,91.4,82.8,84,28.45,27.58,26.78,26.98
25.92,1175,72.8,22,0,65.8,1,5675,1.69,0.11,103.1,91.4,82.9,84.1,28.45,27.58,26.78,26.98
25.96,1176,72.8,22,0,64.7,1,5678,1.68,0.11,103.1,91.4,82.9,84.1,28.45,27.58,26.78,26.98
26,1176,72.8,23,0,63.8,1,5682,1.67,0.11,103.1,91.4,83,84.2,28.45,27.58,26.79,26.99
26.04,1177,72.9,23,0,63,1,5685,1.67,0.12,103.1,91.4,83,84.2,28.45,27.58,26.79,26.99
26.08,1178,72.9,24,0,63,1,5689,1.66,0.12,103.1,91.4,83,84.2,28.45,27.58,26.79,26.99
26.12,1179,73,25,0,62.7,1,5693,1.65,0.13,103.1,91.4,83.1,84.3,28.45,27.58,26.79,26.99
26.16,1180,73,25,0,62.6,1,5697,1.64,0.13,103.1,91.4,83.1,84.3,28.45,27.58,26.8,27
26.2,1181,73.1,26,0,62,1,5701,1.63,0.13,103.1,91.4,83.1,84.3,28.45,27.58,26.8,27
26.24,1181,73.1,26,0,61.5,1,5705,1.62,0.14,103.1,91.4,83.2,84.4,28.45,27.58,26.8,27
26.28,1182,73.2,27,0,61.5,1,5709,1.62,0.14,103.1,91.4,83.2,84.4,28.45,27.58,26.8,27
26.32,1183,73.2,28,0,60.9,1,5713,1.61,0.14,103.1,91.4,83.2,84.4,28.45,27.58,26.81,27.01
26.36,1184,73.3,28,0,60.8,1,5718,1.6,0.15,103.1,91.4,83.3,84.5,28.45,27.58,26.81,27.01
26.4,1185,73.4,29,0,60.5,1,5722,1.59,0.15,103.1,91.4,83.3,84.5,28.45,27.58,26.81,27.01
26.44,1185,73.4,29,0,59.5,1,5727,1.58,0.15,103.1,91.4,83.3,84.5,28.45,27.58,26.82,27.02
26.48,1186,73.5,30,0,60.2,1,5731,1.57,0.16,103.1,91.4,83.4,84.6,28.45,27.58,26.82,27.02
26.52,1187,73.5,30,0,58.9,1,5736,1.56,0.16,103.1,91.4,83.4,84.6,28.45,27.58,26.82,27.02
26.56,1188,73.6,31,0,58.5,1,5741,1.56,0.16,103.1,91.4,83.4,84.6,28.45,27.58,26.82,27.02
26.6,1189,73.7,32,0,57.7,1,5746,1.55,0.17,103.1,91.4,83.5,84.7,28.45,27.58,26.83,27.03
26.64,1190,73.7,32,0,57.3,1,5750,1.54,0.17,103.1,91.4,83.5,84.7,28.45,27.58,26.83,27.03
26.68,1190,73.8,33,0,56.6,1,5756,1.53,0.17,103.1,91.4,83.5,84.7,28.45,27.58,26.83,27.03
26.72,1191,73.9,33,0,56.6,1,5761,1.52,0.18,103.1,91.4,83.6,84.8,28.45,27.58,26.83,27.03
26.76,1192,73.9,34,0,56.2,1,5766,1.51,0.18,103.1,91.4,83.6,84.8,28.45,27.58,26.84,27.04
26.8,1193,74,34,0,55,1,5771,1.51,0.19,103.1,91.4,83.7,84.9,28.45,27.58,26.84,27.04
26.84,1194,74.1,35,0,55.2,1,5776,1.5,0.19,103.1,91.4,83.7,84.9,28.45,27.58,26.84,27.04
26.88,1194,74.1,36,0,54.6,1,5782,1.49,0.19,103.1,91.4,83.7,84.9,28.45,27.58,26.84,27.04
26.92,1195,74.2,36,0,54.2,1,5787,1.48,0.2,103.1,91.4,83.8,85,28.45,27.58,26.85,27.05
26.96,1196,74.3,37,0,54.6,1,5793,1.47,0.2,103.1,91.4,83.8,85,28.45,27.58,26.85,27.05
27,1197,74.3,37,0,53.7,1,5799,1.46,0.2,103.1,91.4,83.8,85,28.45,27.58,26.85,27.05
27.04,1198,74.4,38,0,53.2,1,5804,1.45,0.21,103.1,91.4,83.9,85.1,28.45,27.58,26.85,27.05
27.08,1199,74.5,38,0,52.5,1,5810,1.45,0.21,103.1,91.4,83.9,85.1,28.45,27.58,26.86,27.06
27.12,1199,74.6,39,0,53,1,5816,1.44,0.21,103.1,91.4,83.9,85.1,28.45,27.58,26.86,27.06
27.16,1200,74.6,39,0,52,1,5822,1.43,0.22,103.1,91.4,84,85.2,28.45,27.58,26.86,27.06
27.2,1201,74.7,40,0,51.2,1,5828,1.42,0.22,103.1,91.4,84,85.2,28.45,27.58,26.87,27.07
27.24,1202,74.8,41,0,51.6,1,5834,1.41,0.22,103.1,91.4,84,85.2,28.45,27.58,26.87,27.07
27.28,1203,74.9,41,0,51.2,1,5841,1.4,0.23,103.1,91.4,84.1,85.3,28.45,27.58,26.87,27.07
27.32,1204,75,42,0,50.2,1,5847,1.39,0.23,103.1,91.4,84.1,85.3,28.45,27.58,26.87,27.07
27.36,1204,75,42,0,50.4,1,5853,1.38,0.24,103.1,91.4,84.1,85.3,28.45,27.58,26.88,27.08
27.4,1205,75.1,43,0,49.4,1,5860,1.38,0.24,103.1,91.4,84.2,85.4,28.45,27.58,26.88,27.08
27.44,1206,75.2,43,0,48.7,1,5866,1.37,0.24,103.1,91.4,84.2,85.4,28.45,27.58,26.88,27.08
27.48,1207,75.3,44,0,48.1,1,5873,1.36,0.25,103.1,91.4,84.2,85.4,28.45,27.58,26.88,27.08
27.52,1208,75.4,44,0,48,1,5879,1.35,0.25,103.1,91.4,84.3,85.5,28.45,27.58,26.89,27.09
27.56,1209,75.5,45,0,47.8,1,5886,1.34,0.25,103.1,91.4,84.3,85.5,28.45,27.58,26.89,27.09
27.6,1209,75.6,45,0,47.1,1,5893,1.33,0.26,103.1,91.4,84.4,85.6,28.45,27.58,26.89,27.09
27.64,1210,75.6,46,0,47,1,5900,1.32,0.26,103.1,91.4,84.4,85.6,28.45,27.58,26.89,27.09
27.68,1211,75.7,47,0,46.3,1,5907,1.31,0.26,103.1,91.4,84.4,85.6,28.45,27.58,26.9,27.1
27.72,1212,75.8,47,0,45.6,1,5914,1.31,0.27,103.1,91.4,84.5,85.7,28.45,27.58,26.9,27.1
27.76,1213,75.9,48,0,44.6,1,5921,1.3,0.27,103.1,91.4,84.5,85.7,28.45,27.58,26.9,27.1
27.8,1214,76,48,0,45.1,1,5928,1.29,0.28,103.1,91.4,84.5,85.7,28.45,27.58,26.9,27.1
27.84,1214,76.1,49,0,44.5,1,5936,1.28,0.28,103.1,91.4,84.6,85.8,28.45,27.58,26.91,27.11
27.88,1215,76.2,49,0,44.5,1,5943,1.27,0.28,103.1,91.4,84.6,85.8,28.45,27.58,26.91,27.11
27.92,1216,76.3,50,0,43.2,1,5950,1.26,0.29,103.1,91.4,84.6,85.8,28.45,27.58,26.91,27.11
27.96,1217,76.4,50,0,42.6,1,5958,1.25,0.29,103.1,91.4,84.7,85.9,28.45,27.58,26.92,27.12
28,1218,76.5,51,0,43.1,1,5965,1.24,0.29,103.1,91.4,84.7,85.9,28.45,27.58,26.92,27.12
28.04,1219,76.6,51,0,42.5,1,5973,1.24,0.3,103.1,91.4,84.7,85.9,28.45,27.58,26.92,27.12
28.08,1220,76.7,52,0,41.3,1,5980,1.23,0.3,103.1,91.4,84.8,86,28.45,27.58,26.92,27.12
28.12,1220,76.8,53,0,41.5,1,5988,1.22,0.3,103.1,91.4,84.8,86,28.45,27.58,26.93,27.13
28.16,1221,76.9,53,0,40.7,1,5996,1.21,0.31,103.1,91.4,84.8,86,28.45,27.58,26.93,27.13
28.2,1222,77,54,0,40.5,1,6004,1.2,0.31,103.1,91.4,84.9,86.1,28.45,27.58,26.93,27.13
28.24,1223,77.1,54,0,39.6,1,6012,1.19,0.32,103.1,91.4,84.9,86.1,28.45,27.58,26.93,27.13
28.28,1224,77.2,55,0,39.6,1,6020,1.18,0.32,103.1,91.4,84.9,86.1,28.45,27.58,26.94,27.14
28.32,1225,77.3,55,0,39,1,6028,1.17,0.32,103.1,91.4,85,86.2,28.45,27.58,26.94,27.14
28.36,1226,77.4,56,0,37.9,1,6036,1.16,0.33,103.1,91.4,85,86.2,28.45,27.58,26.94,27.14
28.4,1226,77.5,56,0,38.3,1,6045,1.16,0.33,103.1,91.4,85.1,86.3,28.45,27.58,26.94,27.14
28.44,1227,77.6,57,0,38.1,1,6053,1.15,0.33,103.1,91.4,85.1,86.3,28.45,27.58,26.95,27.15
28.48,1228,77.7,57,0,36.9,1,6061,1.14,0.34,103.1,91.4,85.1,86.3,28.45,27.58,26.95,27.15
28.52,1229,77.8,58,0,36.7,1,6070,1.13,0.34,103.1,91.4,85.2,86.4,28.45,27.58,26.95,27.15
28.56,1230,77.9,58,0,36.8,1,6078,1.12,0.35,103.1,91.4,85.2,86.4,28.45,27.58,26.95,27.15
28.6,1231,78,59,0,36.4,1,6087,1.11,0.35,103.1,91.4,85.2,86.4,28.45,27.58,26.96,27.16
28.64,1232,78.1,60,0,35.9,1,6095,1.1,0.35,103.1,91.4,85.3,86.5,28.45,27.58,26.96,27.16
28.68,1232,78.3,60,0,34.7,1,6104,1.09,0.36,103.1,91.4,85.3,86.5,28.45,27.58,26.96,27.16
28.72,1233,78.4,61,0,34.3,1,6113,1.08,0.36,103.1,91.4,85.3,86.5,28.45,27.58,26.97,27.17
28.76,1234,78.5,61,0,34.7,1,6122,1.07,0.36,103.1,91.4,85.4,86.6,28.45,27.58,26.97,27.17
28.8,1235,78.6,62,0,33.5,1,6131,1.07,0.37,103.1,91.4,85.4,86.6,28.45,27.58,26.97,27.17
28.84,1236,78.7,62,0,33.7,1,6140,1.06,0.37,103.1,91.4,85.4,86.6,28.45,27.58,26.97,27.17
28.88,1237,78.8,63,0,32.8,1,6149,1.05,0.38,103.1,91.4,85.5,86.7,28.45,27.58,26.98,27.18
28.92,1238,78.9,63,0,32.2,1,6158,1.04,0.38,103.1,91.4,85.5,86.7,28.45,27.58,26.98,27.18
28.96,1239,79.1,64,0,30.9,1,6167,1.03,0.38,103.1,91.4,85.5,86.7,28.45,27.58,26.98,27.18
29,1239,79.2,64,0,32,1,6176,1.02,0.39,103.1,91.4,85.6,86.8,28.45,27.58,26.98,27.18
29.04,1240,79.3,65,0,30.6,1,6185,1.01,0.39,103.1,91.4,85.6,86.8,28.45,27.58,26.99,27.19
29.08,1241,79.4,65,0,30.5,1,6195,1,0.4,103.1,91.4,85.6,86.8,28.45,27.58,26.99,27.19
29.12,1242,79.5,66,0,29.9,1,6204,0.99,0.4,103.1,91.4,85.7,86.9,28.45,27.58,26.99,27.19
29.16,1243,79.7,67,0,29.5,1,6214,0.98,0.4,103.1,91.4,85.7,86.9,28.45,27.58,26.99,27.19
29.2,1244,79.8,67,0,29.1,1,6223,0.97,0.41,103.1,91.4,85.8,87,28.45,27.58,27,27.2
29.24,1245,79.9,68,0,29.5,1,6233,0.96,0.41,103.1,91.4,85.8,87,28.45,27.58,27,27.2
29.28,1246,80,68,0,28,1,6242,0.96,0.41,103.1,91.4,85.8,87,28.45,27.58,27,27.2
29.32,1246,80.2,69,0,28.5,1,6252,0.95,0.42,103.1,91.4,85.9,87.1,28.45,27.58,27,27.2
29.36,1247,80.3,69,0,26.8,1,6262,0.94,0.42,103.1,91.4,85.9,87.1,28.45,27.58,27.01,27.21
29.4,1248,80.4,70,0,26.6,1,6272,0.93,0.43,103.1,91.4,85.9,87.1,28.45,27.58,27.01,27.21
29.44,1249,80.5,70,0,26,1,6282,0.92,0.43,103.1,91.4,86,87.2,28.45,27.58,27.01,27.21
29.48,1250,80.7,71,0,26.3,1,6292,0.91,0.43,103.1,91.4,86,87.2,28.45,27.58,27.01,27.21
29.52,1251,80.8,71,0,25.8,1,6302,0.9,0.44,103.1,91.4,86,87.2,28.45,27.58,27.02,27.22
29.56,1252,80.9,72,0,25.1,1,6312,0.89,0.44,103.1,91.4,86.1,87.3,28.45,27.58,27.02,27.22
29.6,1253,81,73,0,25,1,6322,0.88,0.45,103.1,91.4,86.1,87.3,28.45,27.58,27.02,27.22
29.64,1254,81.2,73,0,24,1,6332,0.87,0.45,103.1,91.4,86.1,87.3,28.45,27.58,27.03,27.23
29.68,1255,81.3,74,0,23.7,1,6342,0.86,0.45,103.1,91.4,86.2,87.4,28.45,27.58,27.03,27.23
29.72,1255,81.4,74,0,23.2,1,6353,0.85,0.46,103.1,91.4,86.2,87.4,28.45,27.58,27.03,27.23
29.76,1256,81.6,75,0,22.7,1,6363,0.84,0.46,103.1,91.4,86.2,87.4,28.45,27.58,27.03,27.23
29.8,1257,81.7,75,0,21.9,1,6374,0.83,0.46,103.1,91.4,86.3,87.5,28.45,27.58,27.04,27.24
29.84,1258,81.8,76,0,21.5,1,6384,0.82,0.47,103.1,91.4,86.3,87.5,28.45,27.58,27.04,27.24
29.88,1259,82,76,0,21.1,1,6395,0.82,0.47,103.1,91.4,86.3,87.5,28.45,27.58,27.04,27.24
29.92,1260,82.1,77,0,21.1,1,6405,0.81,0.48,103.1,91.4,86.4,87.6,28.45,27.58,27.04,27.24
29.96,1261,82.3,77,0,20.8,1,6416,0.8,0.48,103.1,91.4,86.4,87.6,28.45,27.58,27.05,27.25
30,1262,82.4,78,0,19.9,1,6427,0.79,0.48,103.1,91.4,86.5,87.7,28.45,27.58,27.05,27.25
30.04,1263,82.5,78,0,19.4,1,6437,0.78,0.49,103.1,91.4,86.5,87.7,28.45,27.58,27.05,27.25
30.08,1264,82.7,79,0,19.2,1,6448,0.77,0.49,103.1,91.4,86.5,87.7,28.45,27.58,27.05,27.25
30.12,1265,82.8,80,0,18.1,1,6459,0.76,0.5,103.1,91.4,86.6,87.8,28.45,27.58,27.06,27.26
30.16,1265,82.9,80,0,18.5,1,6470,0.75,0.5,103.1,91.4,86.6,87.8,28.45,27.58,27.06,27.26
30.2,1266,83.1,81,0,17.2,1,6481,0.74,0.5,103.1,91.4,86.6,87.8,28.45,27.58,27.06,27.26
30.24,1267,83.2,81,0,18,1,6492,0.73,0.51,103.1,91.4,86.7,87.9,28.45,27.58,27.06,27.26
30.28,1268,83.4,82,0,16.3,1,6503,0.72,0.51,103.1,91.4,86.7,87.9,28.45,27.58,27.07,27.27
30.32,1269,83.5,82,0,15.3,1,6514,0.71,0.52,103.1,91.4,86.7,87.9,28.45,27.58,27.07,27.27
30.36,1270,83.7,83,0,15.5,1,6526,0.7,0.52,103.1,91.4,86.8,88,28.45,27.58,27.07,27.27
30.4,1271,83.8,83,0,15,1,6537,0.69,0.52,103.1,91.4,86.8,88,28.45,27.58,27.08,27.28
30.44,1272,84,84,0,14.2,1,6548,0.68,0.53,103.1,91.4,86.8,88,28.45,27.58,27.08,27.28
30.48,1273,84.1,84,0,14.8,1,6560,0.67,0.53,103.1,91.4,86.9,88.1,28.45,27.58,27.08,27.28
30.52,1274,84.2,85,0,13.7,1,6571,0.66,0.54,103.1,91.4,86.9,88.1,28.45,27.58,27.08,27.28
30.56,1275,84.4,86,0,13.6,1,6583,0.65,0.54,103.1,91.4,86.9,88.1,28.45,27.58,27.09,27.29
30.6,1276,84.5,86,0,12.4,1,6594,0.64,0.54,103.1,91.4,87,88.2,28.45,27.58,27.09,27.29
30.64,1277,84.7,87,0,12.2,1,6606,0.63,0.55,103.1,91.4,87,88.2,28.45,27.58,27.09,27.29
30.68,1278,84.8,87,0,11.7,1,6617,0.62,0.55,103.1,91.4,87,88.2,28.45,27.58,27.09,27.29
30.72,1279,85,88,0,11.1,1,6629,0.61,0.56,103.1,91.4,87.1,88.3,28.45,27.58,27.1,27.3
30.76,1279,85.1,88,0,11.2,1,6641,0.6,0.56,103.1,91.4,87.1,88.3,28.45,27.58,27.1,27.3
30.8,1280,85.3,89,0,10.3,1,6653,0.59,0.57,103.1,91.4,87.2,88.4,28.45,27.58,27.1,27.3
30.84,1281,85.4,89,0,9.2,1,6664,0.58,0.57,103.1,91.4,87.2,88.4,28.45,27.58,27.1,27.3
30.88,1282,85.6,90,0,8.6,1,6676,0.57,0.57,103.1,91.4,87.2,88.4,28.45,27.58,27.11,27.31
30.92,1283,85.7,90,0,8.8,1,6688,0.56,0.58,103.1,91.4,87.3,88.5,28.45,27.58,27.11,27.31
30.96,1284,85.9,91,0,8.8,1,6700,0.55,0.58,103.1,91.4,87.3,88.5,28.45,27.58,27.11,27.31
31,1285,86.1,92,0,7.4,1,6712,0.54,0.59,103.1,91.4,87.3,88.5,28.45,27.58,27.11,27.31
31.04,1286,86.2,92,0,6.8,1,6725,0.53,0.59,103.1,91.4,87.4,88.6,28.45,27.58,27.12,27.32
31.08,1287,86.4,93,0,7,1,6737,0.52,0.59,103.1,91.4,87.4,88.6,28.45,27.58,27.12,27.32
31.12,1288,86.5,93,0,5.8,1,6749,0.51,0.6,103.1,91.4,87.4,88.6,28.45,27.58,27.12,27.32
31.16,1289,86.7,94,0,5.3,1,6761,0.5,0.6,103.1,91.4,87.5,88.7,28.45,27.58,27.13,27.33
31.2,1290,86.8,94,0,5.9,1,6774,0.49,0.61,103.1,91.4,87.5,88.7,28.45,27.58,27.13,27.33
31.24,1291,87,95,0,4.5,1,6786,0.48,0.61,103.1,91.4,87.5,88.7,28.45,27.58,27.13,27.33
31.28,1292,87.2,95,0,4,1,6798,0.47,0.61,103.1,91.4,87.6,88.8,28.45,27.58,27.13,27.33
31.32,1293,87.3,96,0,3.3,1,6811,0.46,0.62,103.1,91.4,87.6,88.8,28.45,27.58,27.14,27.34
31.36,1294,87.5,97,0,3.2,1,6823,0.45,0.62,103.1,91.4,87.6,88.8,28.45,27.58,27.14,27.34
31.4,1295,87.6,97,0,2.9,1,6836,0.44,0.63,103.1,91.4,87.7,88.9,28.45,27.58,27.14,27.34
31.44,1296,87.8,98,0,2.4,1,6849,0.43,0.63,103.1,91.4,87.7,88.9,28.45,27.58,27.14,27.34
31.48,1297,88,98,0,1.9,1,6861,0.42,0.64,103.1,91.4,87.7,88.9,28.45,27.58,27.15,27.35
31.52,1298,88.1,99,0,1.2,1,6874,0.41,0.64,103.1,91.4,87.8,89,28.45,27.58,27.15,27.35
31.56,1299,88.3,99,0,1.1,1,6887,0.4,0.64,103.1,91.4,87.8,89,28.45,27.58,27.15,27.35
31.6,1300,88.5,100,0,-0.1,1,6899,0.39,0.65,103.1,91.4,87.9,89.1,28.45,27.58,27.15,27.35
31.64,1301,88.6,100,0,0.2,1,6908,0,0.08,103.1,91.4,87.8,89,28.45,27.58,27.15,27.35
31.68,1302,88.7,100,0,-0.2,1,6917,-0.05,0.08,103.1,91.4,87.8,89,28.45,27.58,27.15,27.35
31.72,1303,88.8,100,0,0.1,1,6926,-0.04,0.08,103.1,91.4,87.8,89,28.45,27.58,27.15,27.35
31.76,1304,88.9,100,0,0,1,6935,-0.02,0.08,103.1,91.4,87.8,89,28.45,27.58,27.15,27.35
31.8,1305,89,100,0,-0.1,1,6943,0.01,0.08,103.1,91.4,87.8,89,28.44,27.58,27.15,27.35
31.84,1306,89.1,100,0,-0.5,1,6952,0.02,0.08,103,91.4,87.8,89,28.44,27.58,27.15,27.35
31.88,1307,89.2,100,0,0,1,6961,0,0.08,103,91.4,87.8,89,28.44,27.58,27.15,27.35
31.92,1308,89.4,100,0,-0.3,1,6969,-0.02,0.08,103,91.3,87.8,89,28.44,27.58,27.15,27.35
31.96,1309,89.5,100,0,0.8,1,6978,-0.02,0.08,103,91.3,87.7,88.9,28.44,27.57,27.15,27.35
32,1310,89.6,100,0,-0.4,1,6987,-0.01,0.08,103,91.3,87.7,88.9,28.44,27.57,27.15,27.35
32.04,1311,89.7,100,0,0.7,1,6995,0.07,0.08,103,91.3,87.7,88.9,28.44,27.57,27.14,27.34
32.08,1312,89.8,100,0,0.3,1,7004,0,0.08,103,91.3,87.7,88.9,28.44,27.57,27.14,27.34
32.12,1313,89.9,100,0,-0.3,1,7013,-0.01,0.08,103,91.3,87.7,88.9,28.44,27.57,27.14,27.34
32.16,1314,90,100,0,-0.2,1,7021,-0.01,0.08,103,91.3,87.7,88.9,28.44,27.57,27.14,27.34
32.2,1315,90.1,100,0,-0.3,1,7030,0.02,0.08,102.9,91.3,87.7,88.9,28.44,27.57,27.14,27.34
32.24,1316,90.2,100,0,0,1,7038,-0.01,0.08,102.9,91.2,87.7,88.9,28.43,27.57,27.14,27.34
32.28,1317,90.3,100,0,0.2,1,7047,-0.02,0.08,102.9,91.2,87.7,88.9,28.43,27.57,27.14,27.34
32.32,1318,90.4,100,0,-0.4,1,7055,0.01,0.08,102.9,91.2,87.6,88.8,28.43,27.57,27.14,27.34
32.36,1319,90.6,100,0,-0.4,1,7063,-0.02,0.08,102.9,91.2,87.6,88.8,28.43,27.57,27.14,27.34
32.4,1320,90.7,100,0,0.2,1,7072,0.01,0.08,102.9,91.2,87.6,88.8,28.43,27.57,27.14,27.34
32.44,1321,90.8,100,0,0.7,1,7080,0,0.08,102.9,91.2,87.6,88.8,28.43,27.56,27.14,27.34
32.48,1322,90.9,100,0,-0.6,1,7089,-0.01,0.08,102.9,91.2,87.6,88.8,28.43,27.56,27.13,27.33
32.52,1323,91,100,0,0.5,1,7097,-0.03,0.08,102.8,91.2,87.6,88.8,28.43,27.56,27.13,27.33
32.56,1324,91.1,100,0,-0.3,1,7105,-0.01,0.08,102.8,91.2,87.6,88.8,28.43,27.56,27.13,27.33
32.6,1325,91.2,100,0,-0.2,1,7114,0.03,0.08,102.8,91.1,87.6,88.8,28.43,27.56,27.13,27.33
32.64,1326,91.3,100,0,0.3,1,7122,0.03,0.08,102.8,91.1,87.5,88.7,28.43,27.56,27.13,27.33
32.68,1327,91.4,100,0,0.6,1,7130,-0.01,0.07,102.8,91.1,87.5,88.7,28.42,27.56,27.13,27.33
32.72,1328,91.5,100,0,-0.3,1,7138,0.01,0.07,102.8,91.1,87.5,88.7,28.42,27.56,27.13,27.33
32.76,1329,91.6,100,0,-0.9,1,7147,0.05,0.07,102.8,91.1,87.5,88.7,28.42,27.56,27.13,27.33
32.8,1330,91.7,100,0,0.3,1,7155,-0.01,0.07,102.8,91.1,87.5,88.7,28.42,27.56,27.13,27.33
32.84,1331,91.8,100,0,-0.4,1,7163,0.02,0.07,102.7,91.1,87.5,88.7,28.42,27.56,27.13,27.33
32.88,1332,91.9,100,0,0.3,1,7171,-0.01,0.07,102.7,91.1,87.5,88.7,28.42,27.55,27.13,27.33
32.92,1333,92,100,0,-0.2,1,7179,-0.02,0.07,102.7,91,87.5,88.7,28.42,27.55,27.12,27.32
32.96,1334,92.1,100,0,0.1,1,7187,-0.03,0.07,102.7,91,87.4,88.6,28.42,27.55,27.12,27.32
33,1335,92.3,100,0,0.6,1,7196,-0.01,0.07,102.7,91,87.4,88.6,28.42,27.55,27.12,27.32
33.04,1336,92.4,100,0,0.1,1,7204,0,0.07,102.7,91,87.4,88.6,28.42,27.55,27.12,27.32
33.08,1337,92.5,100,0,0.3,1,7212,-0.01,0.07,102.7,91,87.4,88.6,28.42,27.55,27.12,27.32
33.12,1338,92.6,100,0,0.9,1,7220,0.01,0.07,102.7,91,87.4,88.6,28.41,27.55,27.12,27.32
33.16,1339,92.7,100,0,0.6,1,7228,0.01,0.07,102.7,91,87.4,88.6,28.41,27.55,27.12,27.32
33.2,1340,92.8,100,0,0.5,1,7236,0.04,0.07,102.6,91,87.4,88.6,28.41,27.55,27.12,27.32
33.24,1341,92.9,100,0,-0.3,1,7244,-0.03,0.07,102.6,90.9,87.4,88.6,28.41,27.55,27.12,27.32
33.28,1342,93,100,0,-0.3,1,7252,0,0.07,102.6,90.9,87.4,88.6,28.41,27.55,27.12,27.32
33.32,1343,93.1,100,0,0,1,7260,-0.01,0.07,102.6,90.9,87.3,88.5,28.41,27.54,27.12,27.32
33.36,1344,93.2,100,0,-0.3,1,7267,0,0.07,102.6,90.9,87.3,88.5,28.41,27.54,27.11,27.31
33.4,1345,93.3,100,0,0.2,1,7275,-0.01,0.07,102.6,90.9,87.3,88.5,28.41,27.54,27.11,27.31
33.44,1346,93.4,100,0,-0.5,1,7283,-0.02,0.07,102.6,90.9,87.3,88.5,28.41,27.54,27.11,27.31
33.48,1347,93.5,100,0,-0.1,1,7291,-0.01,0.07,102.6,90.9,87.3,88.5,28.41,27.54,27.11,27.31
33.52,1348,93.6,100,0,0.4,1,7299,-0.01,0.07,102.5,90.9,87.3,88.5,28.41,27.54,27.11,27.31
33.56,1349,93.7,100,0,0.6,1,7307,-0.01,0.07,102.5,90.9,87.3,88.5,28.4,27.54,27.11,27.31
33.6,1350,93.8,100,0,-0.1,1,7315,0.02,0.07,102.5,90.8,87.3,88.5,28.4,27.54,27.11,27.31
33.64,1351,93.9,100,0,-0.3,1,7322,0.03,0.07,102.5,90.8,87.2,88.4,28.4,27.54,27.11,27.31
33.68,1352,94,100,0,0.5,1,7330,0.01,0.07,102.5,90.8,87.2,88.4,28.4,27.54,27.11,27.31
33.72,1353,94.1,100,0,-0.3,1,7338,0,0.07,102.5,90.8,87.2,88.4,28.4,27.54,27.11,27.31
33.76,1355,94.2,100,0,0.4,1,7346,0,0.07,102.5,90.8,87.2,88.4,28.4,27.53,27.11,27.31
33.8,1356,94.3,100,0,-0.4,1,7353,-0.01,0.07,102.5,90.8,87.2,88.4,28.4,27.53,27.1,27.3
33.84,1357,94.4,100,0,0.4,1,7361,-0.01,0.07,102.4,90.8,87.2,88.4,28.4,27.53,27.1,27.3
33.88,1358,94.5,100,0,0,1,7369,0,0.07,102.4,90.8,87.2,88.4,28.4,27.53,27.1,27.3
33.92,1359,94.6,100,0,0.9,1,7376,0,0.07,102.4,90.7,87.2,88.4,28.4,27.53,27.1,27.3
33.96,1360,94.7,100,0,-0.1,1,7384,0.01,0.07,102.4,90.7,87.1,88.3,28.4,27.53,27.1,27.3
34,1361,94.8,100,0,0.4,1,7392,-0.01,0.07,102.4,90.7,87.1,88.3,28.4,27.53,27.1,27.3
34.04,1362,94.9,100,0,0.6,1,7399,-0.02,0.07,102.4,90.7,87.1,88.3,28.39,27.53,27.1,27.3
34.08,1363,95,100,0,-0.2,1,7407,-0.02,0.07,102.4,90.7,87.1,88.3,28.39,27.53,27.1,27.3
34.12,1364,95.1,100,0,0.2,2,5418,0.01,0.07,102.4,90.7,87.1,88.3,28.39,27.53,27.1,27.3
34.16,1365,95.2,100,0,-0.2,2,5424,-0.02,0.07,102.4,90.7,87.1,88.3,28.39,27.53,27.1,27.3
34.2,1366,95.2,100,0,-0.6,2,5429,-0.01,0.07,102.3,90.7,87.1,88.3,28.39,27.52,27.1,27.3
34.24,1367,95.3,100,0,0.3,2,5435,0.01,0.07,102.3,90.6,87.1,88.3,28.39,27.52,27.09,27.29
34.28,1368,95.4,100,0,0.2,2,5440,-0.01,0.07,102.3,90.6,87.1,88.3,28.39,27.52,27.09,27.29
34.32,1369,95.5,100,0,0.2,2,5446,0.01,0.07,102.3,90.6,87,88.2,28.39,27.52,27.09,27.29
34.36,1370,95.6,100,0,-0.4,2,5451,0.02,0.07,102.3,90.6,87,88.2,28.39,27.52,27.09,27.29
34.4,1371,95.7,100,0,0.1,2,5456,0,0.07,102.3,90.6,87,88.2,28.39,27.52,27.09,27.29
34.44,1372,95.8,100,0,0.4,2,5462,0,0.07,102.3,90.6,87,88.2,28.39,27.52,27.09,27.29
34.48,1374,95.9,100,0,0.9,2,5467,0.01,0.07,102.3,90.6,87,88.2,28.38,27.52,27.09,27.29
34.52,1375,96,100,0,-0.3,2,5473,-0.03,0.07,102.2,90.6,87,88.2,28.38,27.52,27.09,27.29
34.56,1376,96.1,100,0,0,2,5478,0.01,0.07,102.2,90.6,87,88.2,28.38,27.52,27.09,27.29
34.6,1377,96.2,100,0,0,2,5483,0.02,0.07,102.2,90.5,87,88.2,28.38,27.52,27.09,27.29
34.64,1378,96.3,100,0,0.7,2,5489,0.02,0.07,102.2,90.5,86.9,88.1,28.38,27.51,27.09,27.29
34.68,1379,96.4,100,0,-0.6,2,5494,0.02,0.07,102.2,90.5,86.9,88.1,28.38,27.51,27.08,27.28
34.72,1380,96.5,100,0,-0.3,2,5499,0.01,0.07,102.2,90.5,86.9,88.1,28.38,27.51,27.08,27.28
34.76,1381,96.6,100,0,0.9,2,5505,0.04,0.07,102.2,90.5,86.9,88.1,28.38,27.51,27.08,27.28
34.8,1382,96.7,100,0,-0.1,2,5510,0,0.07,102.2,90.5,86.9,88.1,28.38,27.51,27.08,27.28
34.84,1383,96.8,100,0,-0.2,2,5515,-0.01,0.07,102.1,90.5,86.9,88.1,28.38,27.51,27.08,27.28
34.88,1384,96.9,100,0,0,2,5520,-0.04,0.07,102.1,90.5,86.9,88.1,28.38,27.51,27.08,27.28
34.92,1385,96.9,100,0,-0.2,2,5526,-0.01,0.07,102.1,90.4,86.9,88.1,28.37,27.51,27.08,27.28
34.96,1386,97,100,0,0.6,2,5531,0.03,0.07,102.1,90.4,86.8,88,28.37,27.51,27.08,27.28
35,1387,97.1,100,0,0.3,2,5536,0,0.07,102.1,90.4,86.8,88,28.37,27.51,27.08,27.28
35.04,1389,97.2,100,0,0,2,5541,-0.01,0.06,102.1,90.4,86.8,88,28.37,27.51,27.08,27.28
35.08,1390,97.3,100,0,0.6,2,5547,-0.04,0.06,102.1,90.4,86.8,88,28.37,27.5,27.08,27.28
35.12,1391,97.4,100,0,0.1,2,5552,0.03,0.06,102.1,90.4,86.8,88,28.37,27.5,27.07,27.27
35.16,1392,97.5,100,0,0,2,5557,0.01,0.06,102.1,90.4,86.8,88,28.37,27.5,27.07,27.27
35.2,1393,97.6,100,0,0.7,2,5562,0,0.06,102,90.4,86.8,88,28.37,27.5,27.07,27.27
35.24,1394,97.7,100,0,-0.2,2,5567,0,0.06,102,90.3,86.8,88,28.37,27.5,27.07,27.27
35.28,1395,97.8,100,0,0.2,2,5573,-0.02,0.06,102,90.3,86.8,88,28.37,27.5,27.07,27.27
35.32,1396,97.9,100,0,0.5,2,5578,0,0.06,102,90.3,86.7,87.9,28.37,27.5,27.07,27.27
35.36,1397,97.9,100,0,-0.3,2,5583,0.02,0.06,102,90.3,86.7,87.9,28.36,27.5,27.07,27.27
35.4,1398,98,100,0,0.3,2,5588,-0.01,0.06,102,90.3,86.7,87.9,28.36,27.5,27.07,27.27
35.44,1399,98.1,100,0,0,2,5593,0,0.06,102,90.3,86.7,87.9,28.36,27.5,27.07,27.27
35.48,1400,98.2,100,0,-0.1,2,5598,-0.01,0.06,102,90.3,86.7,87.9,28.36,27.5,27.07,27.27
35.52,1402,98.3,100,0,-0.4,2,5603,0.01,0.06,101.9,90.3,86.7,87.9,28.36,27.49,27.07,27.27
35.56,1403,98.4,100,0,-0.6,2,5608,0.03,0.06,101.9,90.3,86.7,87.9,28.36,27.49,27.07,27.27
35.6,1404,98.5,100,0,0.3,2,5613,0.04,0.06,101.9,90.2,86.7,87.9,28.36,27.49,27.06,27.26
35.64,1405,98.6,100,0,0.5,2,5618,-0.01,0.06,101.9,90.2,86.6,87.8,28.36,27.49,27.06,27.26
35.68,1406,98.7,100,0,-0.5,2,5623,-0.01,0.06,101.9,90.2,86.6,87.8,28.36,27.49,27.06,27.26
35.72,1407,98.7,100,0,-0.6,2,5628,0,0.06,101.9,90.2,86.6,87.8,28.36,27.49,27.06,27.26
35.76,1408,98.8,100,0,0.1,2,5633,-0.01,0.06,101.9,90.2,86.6,87.8,28.36,27.49,27.06,27.26
35.8,1409,98.9,100,0,1.3,2,5638,-0.03,0.06,101.9,90.2,86.6,87.8,28.35,27.49,27.06,27.26
35.84,1410,99,100,0,0.1,2,5643,0,0.06,101.8,90.2,86.6,87.8,28.35,27.49,27.06,27.26
35.88,1411,99.1,100,0,-0.1,2,5648,0.02,0.06,101.8,90.2,86.6,87.8,28.35,27.49,27.06,27.26
35.92,1413,99.2,100,0,0.4,2,5653,0.02,0.06,101.8,90.1,86.6,87.8,28.35,27.49,27.06,27.26
35.96,1414,99.3,100,0,0.2,2,5658,0,0.06,101.8,90.1,86.5,87.7,28.35,27.48,27.06,27.26
36,1415,99.4,100,0,0.3,2,5663,0,0.06,101.8,90.1,86.5,87.7,28.35,27.48,27.06,27.26
36.04,1416,99.4,100,0,0.6,2,5668,-0.01,0.06,101.8,90.1,86.5,87.7,28.35,27.48,27.05,27.25
36.08,1417,99.5,100,0,0,2,5673,0.03,0.06,101.8,90.1,86.5,87.7,28.35,27.48,27.05,27.25
36.12,1418,99.6,100,0,0.4,2,5678,-0.01,0.06,101.8,90.1,86.5,87.7,28.35,27.48,27.05,27.25
36.16,1419,99.7,100,0,-0.3,2,5683,0.01,0.06,101.8,90.1,86.5,87.7,28.35,27.48,27.05,27.25
36.2,1420,99.8,100,0,0.1,2,5688,0,0.06,101.7,90.1,86.5,87.7,28.35,27.48,27.05,27.25
36.24,1421,99.9,100,0,0.3,2,5692,0.01,0.06,101.7,90,86.5,87.7,28.34,27.48,27.05,27.25
36.28,1422,100,100,0,0.3,2,5697,-0.02,0.06,101.7,90,86.5,87.7,28.34,27.48,27.05,27.25
36.32,1424,100,100,0,0.3,2,5702,0.01,0.06,101.7,90,86.4,87.6,28.34,27.48,27.05,27.25
36.36,1425,100.1,100,0,0.1,2,5707,0.01,0.06,101.7,90,86.4,87.6,28.34,27.48,27.05,27.25
36.4,1426,100.2,100,0,0.2,2,5712,-0.04,0.06,101.7,90,86.4,87.6,28.34,27.48,27.05,27.25
36.44,1427,100.3,100,0,0.3,2,5717,-0.01,0.06,101.7,90,86.4,87.6,28.34,27.47,27.05,27.25
36.48,1428,100.4,100,0,0.5,2,5721,-0.02,0.06,101.7,90,86.4,87.6,28.34,27.47,27.04,27.24
36.52,1429,100.5,100,0,-0.7,2,5726,-0.01,0.06,101.6,90,86.4,87.6,28.34,27.47,27.04,27.24
36.56,1430,100.5,100,0,-0.2,2,5731,-0.03,0.06,101.6,90,86.4,87.6,28.34,27.47,27.04,27.24
36.6,1431,100.6,100,0,0.1,2,5736,-0.02,0.06,101.6,89.9,86.4,87.6,28.34,27.47,27.04,27.24
36.64,1433,100.7,100,0,-0.3,2,5740,-0.02,0.06,101.6,89.9,86.3,87.5,28.34,27.47,27.04,27.24
36.68,1434,100.8,100,0,-0.1,2,5745,0.01,0.06,101.6,89.9,86.3,87.5,28.33,27.47,27.04,27.24
36.72,1435,100.9,100,0,0.3,2,5750,-0.02,0.06,101.6,89.9,86.3,87.5,28.33,27.47,27.04,27.24
36.76,1436,101,100,0,-0.4,2,5755,-0.02,0.06,101.6,89.9,86.3,87.5,28.33,27.47,27.04,27.24
36.8,1437,101,100,0,-0.7,2,5759,0.02,0.06,101.6,89.9,86.3,87.5,28.33,27.47,27.04,27.24
36.84,1438,101.1,100,0,-0.7,2,5764,-0.01,0.06,101.5,89.9,86.3,87.5,28.33,27.47,27.04,27.24
36.88,1439,101.2,100,0,-0.3,2,5769,0,0.06,101.5,89.9,86.3,87.5,28.33,27.46,27.04,27.24
36.92,1440,101.3,100,0,-0.3,2,5773,0.03,0.06,101.5,89.8,86.3,87.5,28.33,27.46,27.03,27.23
36.96,1441,101.4,100,0,-0.1,2,5778,0,0.06,101.5,89.8,86.2,87.4,28.33,27.46,27.03,27.23
37,1443,101.5,100,0,-0.8,2,5783,0,0.06,101.5,89.8,86.2,87.4,28.33,27.46,27.03,27.23
37.04,1444,101.5,100,0,-1.7,2,5787,-0.01,0.06,101.5,89.8,86.2,87.4,28.33,27.46,27.03,27.23
37.08,1445,101.6,100,0,-0.1,2,5792,-0.02,0.06,101.5,89.8,86.2,87.4,28.33,27.46,27.03,27.23
37.12,1446,101.7,100,0,-1.2,2,5797,0.01,0.06,101.5,89.8,86.2,87.4,28.32,27.46,27.03,27.23
37.16,1447,101.8,100,0,-0.4,2,5801,-0.02,0.06,101.5,89.8,86.2,87.4,28.32,27.46,27.03,27.23
37.2,1448,101.9,100,0,-0.2,2,5806,0.03,0.06,101.4,89.8,86.2,87.4,28.32,27.46,27.03,27.23
37.24,1449,101.9,100,0,-0.3,2,5810,-0.02,0.06,101.4,89.7,86.2,87.4,28.32,27.46,27.03,27.23
37.28,1451,102,100,0,-0.5,2,5815,0.04,0.06,101.4,89.7,86.2,87.4,28.32,27.46,27.03,27.23
37.32,1452,102.1,100,0,-0.1,2,5819,-0.01,0.06,101.4,89.7,86.1,87.3,28.32,27.45,27.03,27.23
37.36,1453,102.2,100,0,-0.1,2,5824,0.03,0.06,101.4,89.7,86.1,87.3,28.32,27.45,27.02,27.22
37.4,1454,102.3,100,0,0,2,5829,0.02,0.06,101.4,89.7,86.1,87.3,28.32,27.45,27.02,27.22
37.44,1455,102.3,100,0,0.4,2,5833,0.02,0.06,101.4,89.7,86.1,87.3,28.32,27.45,27.02,27.22
37.48,1456,102.4,100,0,-0.5,2,5838,0,0.06,101.4,89.7,86.1,87.3,28.32,27.45,27.02,27.22
37.52,1457,102.5,100,0,-0.4,2,5842,0,0.06,101.3,89.7,86.1,87.3,28.32,27.45,27.02,27.22
37.56,1458,102.6,100,0,0.1,2,5847,0,0.06,101.3,89.7,86.1,87.3,28.31,27.45,27.02,27.22
37.6,1460,102.7,100,0,-0.4,2,5851,-0.02,0.06,101.3,89.6,86.1,87.3,28.31,27.45,27.02,27.22
37.64,1461,102.7,100,0,0.2,2,5856,-0.01,0.06,101.3,89.6,86,87.2,28.31,27.45,27.02,27.22
37.68,1462,102.8,100,0,0.1,2,5860,0.03,0.06,101.3,89.6,86,87.2,28.31,27.45,27.02,27.22
37.72,1463,102.9,100,0,0.7,2,5865,-0.02,0.06,101.3,89.6,86,87.2,28.31,27.45,27.02,27.22
37.76,1464,103,100,0,-0.4,2,5869,0.02,0.06,101.3,89.6,86,87.2,28.31,27.44,27.02,27.22
37.8,1465,103,100,0,0.1,2,5873,0,0.06,101.3,89.6,86,87.2,28.31,27.44,27.01,27.21
37.84,1466,103.1,100,0,-0.4,2,5878,-0.01,0.06,101.2,89.6,86,87.2,28.31,27.44,27.01,27.21
37.88,1468,103.2,100,0,-0.6,2,5882,0,0.05,101.2,89.6,86,87.2,28.31,27.44,27.01,27.21
37.92,1469,103.3,100,0,-0.3,2,5887,0,0.05,101.2,89.5,86,87.2,28.31,27.44,27.01,27.21
37.96,1470,103.4,100,0,-0.1,2,5891,0.01,0.05,101.2,89.5,85.9,87.1,28.31,27.44,27.01,27.21
38,1471,103.4,100,0,0.4,2,5895,0.02,0.05,101.2,89.5,85.9,87.1,28.31,27.44,27.01,27.21
38.04,1472,103.5,100,0,0.4,2,5900,0.01,0.05,101.2,89.5,85.9,87.1,28.3,27.44,27.01,27.21
38.08,1473,103.6,100,0,0.3,2,5904,0,0.05,101.2,89.5,85.9,87.1,28.3,27.44,27.01,27.21
38.12,1475,103.7,100,0,0,2,5909,0,0.05,101.2,89.5,85.9,87.1,28.3,27.44,27.01,27.21
38.16,1476,103.7,100,0,0.3,2,5913,0,0.05,101.2,89.5,85.9,87.1,28.3,27.44,27.01,27.21
38.2,1477,103.8,100,0,0.3,2,5917,0,0.05,101.1,89.5,85.9,87.1,28.3,27.43,27.01,27.21
38.24,1478,103.9,100,0,0,2,5922,0,0.05,101.1,89.4,85.9,87.1,28.3,27.43,27,27.2
38.28,1479,104,100,0,-0.4,2,5926,0.01,0.05,101.1,89.4,85.9,87.1,28.3,27.43,27,27.2
38.32,1480,104,100,0,0.7,2,5930,-0.02,0.05,101.1,89.4,85.8,87,28.3,27.43,27,27.2
38.36,1481,104.1,100,0,-0.1,2,5935,0.03,0.05,101.1,89.4,85.8,87,28.3,27.43,27,27.2
38.4,1483,104.2,100,0,0.1,2,5939,0.03,0.05,101.1,89.4,85.8,87,28.3,27.43,27,27.2
38.44,1484,104.3,100,0,0.7,2,5943,0.03,0.05,101.1,89.4,85.8,87,28.3,27.43,27,27.2
38.48,1485,104.3,100,0,-0.2,2,5947,-0.01,0.05,101.1,89.4,85.8,87,28.29,27.43,27,27.2
38.52,1486,104.4,100,0,0.2,2,5952,0,0.05,101,89.4,85.8,87,28.29,27.43,27,27.2
38.56,1487,104.5,100,0,1,2,5956,0.02,0.05,101,89.4,85.8,87,28.29,27.43,27,27.2
38.6,1488,104.6,100,0,0,2,5960,0,0.05,101,89.3,85.8,87,28.29,27.43,27,27.2
38.64,1490,104.6,100,0,0.3,2,5964,0,0.05,101,89.3,85.7,86.9,28.29,27.42,27,27.2
38.68,1491,104.7,100,0,0,2,5969,0.02,0.05,101,89.3,85.7,86.9,28.29,27.42,26.99,27.19
38.72,1492,104.8,100,0,0,2,5973,-0.01,0.05,101,89.3,85.7,86.9,28.29,27.42,26.99,27.19
38.76,1493,104.9,100,0,-0.6,2,5977,-0.02,0.05,101,89.3,85.7,86.9,28.29,27.42,26.99,27.19
38.8,1494,104.9,100,0,-0.4,2,5981,-0.04,0.05,101,89.3,85.7,86.9,28.29,27.42,26.99,27.19
38.84,1495,105,100,0,0.2,2,5985,-0.01,0.05,100.9,89.3,85.7,86.9,28.29,27.42,26.99,27.19
38.88,1497,105.1,100,0,-0.3,2,5990,0.02,0.05,100.9,89.3,85.7,86.9,28.29,27.42,26.99,27.19
38.92,1498,105.2,100,0,-0.8,2,5994,-0.01,0.05,100.9,89.2,85.7,86.9,28.28,27.42,26.99,27.19
38.96,1499,105.2,100,0,0.1,2,5998,-0.01,0.05,100.9,89.2,85.6,86.8,28.28,27.42,26.99,27.19
39,1500,105.3,100,0,0,2,6002,-0.02,0.05,100.9,89.2,85.6,86.8,28.28,27.42,26.99,27.19
39.04,1501,105.4,100,0,0.3,2,6006,-0.03,0.05,100.9,89.2,85.6,86.8,28.28,27.42,26.99,27.19
39.08,1502,105.4,100,0,0.1,2,6010,0.01,0.05,100.9,89.2,85.6,86.8,28.28,27.41,26.99,27.19
39.12,1504,105.5,100,0,0.1,2,6014,0,0.05,100.9,89.2,85.6,86.8,28.28,27.41,26.98,27.18
39.16,1505,105.6,100,0,0.2,2,6019,-0.01,0.05,100.9,89.2,85.6,86.8,28.28,27.41,26.98,27.18
39.2,1506,105.7,100,0,0,2,6023,0,0.05,100.8,89.2,85.6,86.8,28.28,27.41,26.98,27.18
39.24,1507,105.7,100,0,0.2,2,6027,0.01,0.05,100.8,89.1,85.6,86.8,28.28,27.41,26.98,27.18
39.28,1508,105.8,100,0,-0.5,2,6031,0.05,0.05,100.8,89.1,85.6,86.8,28.28,27.41,26.98,27.18
39.32,1509,105.9,100,0,-0.1,2,6035,-0.03,0.05,100.8,89.1,85.5,86.7,28.28,27.41,26.98,27.18
39.36,1511,105.9,100,0,0.8,2,6039,-0.01,0.05,100.8,89.1,85.5,86.7,28.27,27.41,26.98,27.18
39.4,1512,106,100,0,0.4,2,6043,-0.02,0.05,100.8,89.1,85.5,86.7,28.27,27.41,26.98,27.18
39.44,1513,106.1,100,0,-0.6,2,6047,-0.01,0.05,100.8,89.1,85.5,86.7,28.27,27.41,26.98,27.18
39.48,1514,106.2,100,0,0.9,2,6051,-0.01,0.05,100.8,89.1,85.5,86.7,28.27,27.41,26.98,27.18
39.52,1515,106.2,100,0,0,2,6055,0.02,0.05,100.7,89.1,85.5,86.7,28.27,27.4,26.98,27.18
39.56,1516,106.3,100,0,-0.2,2,6059,-0.01,0.05,100.7,89.1,85.5,86.7,28.27,27.4,26.98,27.18
39.6,1518,106.4,100,0,0,2,6063,-0.03,0.05,100.7,89,85.5,86.7,28.27,27.4,26.97,27.17
39.64,1519,106.4,100,0,-0.1,2,6067,-0.01,0.05,100.7,89,85.4,86.6,28.27,27.4,26.97,27.17
39.68,1520,255,0,0,-0.4,6,6630,0,-1.85,100.8,89.1,85.4,86.6,28.28,27.41,26.97,27.17
39.72,1523,255,0,0,-0.5,6,6630,0,-1.85,100.9,89.1,85.4,86.6,28.29,27.41,26.97,27.17
39.76,1526,255,0,0,0.6,6,6630,0,-1.85,101.1,89.1,85.4,86.6,28.3,27.41,26.97,27.17
39.8,1529,255,0,0,-0.7,6,6630,0,-1.85,101.2,89.2,85.4,86.6,28.3,27.41,26.97,27.17
39.84,1531,255,0,0,0.9,6,6630,0,-1.85,101.3,89.2,85.4,86.6,28.31,27.42,26.97,27.17
39.88,1534,255,0,0,-2.1,6,6630,0,-1.85,101.4,89.3,85.4,86.6,28.32,27.42,26.97,27.17
39.92,1537,255,0,0,-0.4,6,6630,0,-1.85,101.5,89.3,85.4,86.6,28.33,27.42,26.97,27.17
39.96,1540,255,0,0,-1.8,6,6630,0,-1.85,101.7,89.3,85.4,86.6,28.34,27.43,26.97,27.17
40,1543,255,0,0,-1,6,6630,0,-1.85,101.8,89.4,85.4,86.6,28.35,27.43,26.97,27.17
40.04,1546,255,0,0,0.3,6,6630,0,-1.85,101.9,89.4,85.4,86.6,28.36,27.43,26.97,27.17
40.08,1548,255,0,0,-1.1,6,6630,0,-1.85,102,89.5,85.4,86.6,28.37,27.44,26.97,27.17
40.12,1551,255,0,0,-0.3,6,6630,0,-1.85,102.1,89.5,85.4,86.6,28.38,27.44,26.97,27.17
40.16,1554,255,0,0,-0.1,6,6630,0,-1.85,102.3,89.5,85.4,86.6,28.39,27.44,26.97,27.17
40.2,1557,255,0,0,1.5,6,6630,0,-1.85,102.4,89.6,85.4,86.6,28.39,27.44,26.97,27.17
40.24,1560,255,0,0,0.5,6,6630,0,-1.85,102.5,89.6,85.4,86.6,28.4,27.45,26.97,27.17
40.28,1563,255,0,0,1,6,6630,0,-1.85,102.6,89.7,85.4,86.6,28.41,27.45,26.97,27.17
40.32,1565,255,0,0,-0.8,6,6630,0,-1.85,102.7,89.7,85.4,86.6,28.42,27.45,26.97,27.17
40.36,1568,255,0,0,-0.3,6,6630,0,-1.85,102.9,89.7,85.4,86.6,28.43,27.46,26.97,27.17
40.4,1571,255,0,0,-0.6,6,6630,0,-1.85,103,89.8,85.4,86.6,28.44,27.46,26.97,27.17
40.44,1574,255,0,0,1.6,6,6630,0,-1.85,103.1,89.8,85.4,86.6,28.45,27.46,26.97,27.17
40.48,1577,255,0,0,-0.7,6,6630,0,-1.85,103.2,89.9,85.4,86.6,28.46,27.47,26.97,27.17
40.52,1580,255,0,0,-0.1,6,6630,0,-1.85,103.3,89.9,85.4,86.6,28.47,27.47,26.97,27.17
40.56,1582,255,0,0,-0.6,6,6630,0,-1.85,103.5,89.9,85.4,86.6,28.48,27.47,26.97,27.17
40.6,1585,255,0,0,1.8,6,6630,0,-1.85,103.6,90,85.4,86.6,28.48,27.47,26.97,27.17
40.64,1588,255,0,0,-0.1,6,6630,0,-1.85,103.7,90,85.4,86.6,28.49,27.48,26.97,27.17
40.68,1591,255,0,0,0,6,6630,0,-1.85,103.8,90.1,85.4,86.6,28.5,27.48,26.97,27.17
40.72,1594,255,0,0,0.2,6,6630,0,-1.85,103.9,90.1,85.4,86.6,28.51,27.48,26.97,27.17
40.76,1597,255,0,0,0.5,6,6630,0,-1.85,104.1,90.1,85.4,86.6,28.52,27.49,26.97,27.17
40.8,1599,255,0,0,1.2,6,6630,0,-1.85,104.2,90.2,85.4,86.6,28.53,27.49,26.97,27.17
40.84,1602,255,0,0,0.2,6,6630,0,-1.85,104.3,90.2,85.4,86.6,28.54,27.49,26.97,27.17
40.88,1605,255,0,0,-0.6,6,6630,0,-1.85,104.4,90.3,85.4,86.6,28.55,27.5,26.97,27.17
40.92,1608,255,0,0,-0.2,6,6630,0,-1.85,104.5,90.3,85.4,86.6,28.56,27.5,26.97,27.17
40.96,1611,255,0,0,-0.3,6,6630,0,-1.85,104.7,90.3,85.4,86.6,28.57,27.5,26.97,27.17
41,1614,255,0,0,1,6,6630,0,-1.85,104.8,90.4,85.4,86.6,28.57,27.5,26.97,27.17
41.04,1616,255,0,0,0.6,6,6630,0,-1.85,104.9,90.4,85.4,86.6,28.58,27.51,26.97,27.17
41.08,1619,255,0,0,-1.8,6,6630,0,-1.85,105,90.5,85.4,86.6,28.59,27.51,26.97,27.17
41.12,1622,255,0,0,1.3,6,6630,0,-1.85,105.1,90.5,85.4,86.6,28.6,27.51,26.97,27.17
41.16,1625,255,0,0,0.4,6,6630,0.02,-1.38,105.3,90.5,85.4,86.6,28.61,27.52,26.97,27.17
41.2,1628,255,0,0,0.5,6,6630,0.07,-1.35,105.4,90.6,85.4,86.6,28.62,27.52,26.97,27.17
41.24,1631,255,0,0,1.9,6,6630,0.12,-1.32,105.5,90.6,85.4,86.6,28.63,27.52,26.97,27.17
41.28,1633,255,0,0,2.3,6,6630,0.16,-1.29,105.6,90.7,85.4,86.6,28.64,27.53,26.97,27.17
41.32,1636,255,0,0,2.3,6,6630,0.21,-1.26,105.7,90.7,85.4,86.6,28.65,27.53,26.97,27.17
41.36,1639,255,0,0,3.9,6,6630,0.26,-1.23,105.9,90.7,85.4,86.6,28.66,27.53,26.97,27.17
41.4,1642,255,0,0,4.3,6,6630,0.3,-1.2,106,90.8,85.4,86.6,28.66,27.53,26.97,27.17
41.44,1645,255,0,0,6.4,6,6630,0.35,-1.17,106.1,90.8,85.4,86.6,28.67,27.54,26.97,27.17
41.48,1648,255,0,0,6.2,6,6630,0.4,-1.13,106.2,90.9,85.4,86.6,28.68,27.54,26.97,27.17
41.52,1650,255,0,0,7.6,6,6630,0.45,-1.1,106.3,90.9,85.4,86.6,28.69,27.54,26.97,27.17
41.56,1653,255,0,0,8.7,6,6630,0.49,-1.07,106.5,90.9,85.4,86.6,28.7,27.55,26.97,27.17
41.6,1656,255,0,0,8.4,6,6630,0.54,-1.04,106.6,91,85.4,86.6,28.71,27.55,26.97,27.17
41.64,1659,255,0,0,9.9,6,6630,0.59,-1.01,106.7,91,85.4,86.6,28.72,27.55,26.97,27.17
41.68,1662,255,0,0,10.6,6,6630,0.63,-0.98,106.8,91.1,85.4,86.6,28.73,27.56,26.97,27.17
41.72,1665,255,0,0,10.7,6,6630,0.68,-0.95,106.9,91.1,85.4,86.6,28.74,27.56,26.97,27.17
41.76,1667,255,0,0,11.2,6,6630,0.73,-0.91,107.1,91.1,85.4,86.6,28.75,27.56,26.97,27.17
41.8,1670,255,0,0,12.4,6,6630,0.78,-0.88,107.2,91.2,85.4,86.6,28.75,27.56,26.97,27.17
41.84,1673,255,0,0,12.3,6,6630,0.82,-0.85,107.3,91.2,85.4,86.6,28.76,27.57,26.97,27.17
41.88,1676,255,0,0,13.3,6,6630,0.87,-0.82,107.4,91.3,85.4,86.6,28.77,27.57,26.97,27.17
41.92,1679,255,0,0,14.6,6,6630,0.92,-0.79,107.5,91.3,85.4,86.6,28.78,27.57,26.97,27.17
41.96,1682,255,0,0,14.9,6,6630,0.96,-0.76,107.7,91.3,85.4,86.6,28.79,27.58,26.97,27.17
42,1684,255,0,0,16,6,6630,1.01,-0.73,107.8,91.4,85.4,86.6,28.8,27.58,26.97,27.17
42.04,1687,255,0,0,16.9,6,6630,1.06,-0.69,107.9,91.4,85.4,86.6,28.81,27.58,26.97,27.17
42.08,1690,255,0,0,16.4,6,6630,1.1,-0.66,108,91.5,85.4,86.6,28.82,27.59,26.97,27.17
42.12,1693,255,0,0,15.9,6,6630,1.15,-0.63,108.1,91.5,85.4,86.6,28.83,27.59,26.97,27.17
42.16,1696,255,0,0,18.2,6,6630,1.2,-0.6,108.3,91.5,85.4,86.6,28.84,27.59,26.97,27.17
42.2,1699,255,0,0,17.8,6,6630,1.25,-0.57,108.4,91.6,85.4,86.6,28.84,27.59,26.97,27.17
42.24,1701,255,0,0,17.8,6,6630,1.29,-0.54,108.5,91.6,85.4,86.6,28.85,27.6,26.97,27.17
42.28,1704,255,0,0,18.7,6,6630,1.34,-0.51,108.6,91.7,85.4,86.6,28.86,27.6,26.97,27.17
42.32,1707,255,0,0,19.3,6,6630,1.39,-0.48,108.7,91.7,85.4,86.6,28.87,27.6,26.97,27.17
42.36,1710,255,0,0,19.6,6,6630,1.43,-0.44,108.9,91.7,85.4,86.6,28.88,27.61,26.97,27.17
42.4,1713,255,0,0,19.6,6,6630,1.48,-0.41,109,91.8,85.4,86.6,28.89,27.61,26.97,27.17
42.44,1716,255,0,0,19.9,6,6630,1.53,-0.38,109.1,91.8,85.4,86.6,28.9,27.61,26.97,27.17
42.48,1718,255,0,0,20.2,6,6630,1.57,-0.35,109.2,91.9,85.4,86.6,28.91,27.62,26.97,27.17
42.52,1721,255,0,0,20.1,6,6630,1.62,-0.32,109.3,91.9,85.4,86.6,28.92,27.62,26.97,27.17
42.56,1724,255,0,0,20.7,6,6630,1.67,-0.29,109.5,91.9,85.4,86.6,28.93,27.62,26.97,27.17
42.6,1727,255,0,0,20.6,6,6630,1.72,-0.26,109.6,92,85.4,86.6,28.93,27.62,26.97,27.17
42.64,1730,255,0,0,21.9,6,6630,1.76,-0.22,109.7,92,85.4,86.6,28.94,27.63,26.97,27.17
42.68,1733,255,0,0,21.7,6,6630,1.81,-0.19,109.8,92.1,85.4,86.6,28.95,27.63,26.97,27.17
42.72,1735,255,0,0,21.8,6,6630,1.86,-0.16,109.9,92.1,85.4,86.6,28.96,27.63,26.97,27.17
42.76,1738,255,0,0,21.9,6,6630,1.9,-0.13,110.1,92.1,85.4,86.6,28.97,27.64,26.97,27.17
42.8,1741,255,0,0,22.4,6,6630,1.95,-0.1,110.2,92.2,85.4,86.6,28.98,27.64,26.97,27.17
42.84,1744,255,0,0,22,6,6630,2,-0.07,110.3,92.2,85.4,86.6,28.99,27.64,26.97,27.17
42.88,1747,255,0,0,21.6,6,6630,2.05,-0.04,110.4,92.3,85.4,86.6,29,27.65,26.97,27.17
42.92,1750,255,0,0,21.7,6,6630,2.09,-0.01,110.5,92.3,85.4,86.6,29.01,27.65,26.97,27.17
42.96,1752,255,2,0,21.3,6,6630,1.93,0.01,110.5,92.3,85.5,86.7,29.01,27.65,26.98,27.18
43,1755,255,4,0,20.8,6,6630,1.91,0.01,110.5,92.3,85.5,86.7,29.01,27.65,26.98,27.18
43.04,1758,255,6,0,21.2,6,6630,1.9,0.02,110.5,92.3,85.5,86.7,29.01,27.65,26.98,27.18
43.08,1761,255,7,0,21.7,6,6630,1.88,0.03,110.5,92.3,85.6,86.8,29.01,27.65,26.98,27.18
43.12,1764,255,9,0,21,6,6630,1.86,0.04,110.5,92.3,85.6,86.8,29.01,27.65,26.99,27.19
43.16,1767,255,11,0,20.1,6,6631,1.84,0.05,110.5,92.3,85.7,86.9,29.01,27.65,26.99,27.19
43.2,1769,255,12,0,20.1,6,6631,1.82,0.05,110.5,92.3,85.7,86.9,29.01,27.65,26.99,27.19
43.24,1772,255,14,0,20,6,6631,1.8,0.06,110.5,92.3,85.7,86.9,29.01,27.65,26.99,27.19
43.28,1775,255,15,0,19.6,6,6631,1.78,0.07,110.5,92.3,85.8,87,29.01,27.65,27,27.2
43.32,1778,255.1,17,0,18.9,6,6631,1.76,0.08,110.5,92.3,85.8,87,29.01,27.65,27,27.2
43.36,1781,255.1,18,0,19.1,6,6632,1.74,0.09,110.5,92.3,85.8,87,29.01,27.65,27,27.2
43.4,1784,255.1,19,0,18.9,6,6632,1.72,0.09,110.5,92.3,85.9,87.1,29.01,27.65,27,27.2
43.44,1786,255.1,21,0,17.7,6,6632,1.7,0.1,110.5,92.3,85.9,87.1,29.01,27.65,27.01,27.21
43.48,1789,255.1,22,0,17.9,6,6633,1.68,0.11,110.5,92.3,85.9,87.1,29.01,27.65,27.01,27.21
43.52,1792,255.1,24,0,17.6,6,6633,1.66,0.12,110.5,92.3,86,87.2,29.01,27.65,27.01,27.21
43.56,1795,255.1,25,0,18.3,6,6633,1.65,0.13,110.5,92.3,86,87.2,29.01,27.65,27.02,27.22
43.6,1798,255.1,26,0,17.2,6,6634,1.63,0.13,110.5,92.3,86,87.2,29.01,27.65,27.02,27.22
43.64,1801,255.2,28,0,17.5,6,6634,1.61,0.14,110.5,92.3,86.1,87.3,29.01,27.65,27.02,27.22
43.68,1803,255.2,29,0,17.3,6,6635,1.59,0.15,110.5,92.3,86.1,87.3,29.01,27.65,27.02,27.22
43.72,1806,255.2,30,0,16.4,6,6635,1.57,0.16,110.5,92.3,86.1,87.3,29.01,27.65,27.03,27.23
43.76,1809,255.2,31,0,16.9,6,6635,1.55,0.17,110.5,92.3,86.2,87.4,29.01,27.65,27.03,27.23
43.8,1812,255.2,33,0,16.2,6,6636,1.53,0.17,110.5,92.3,86.2,87.4,29.01,27.65,27.03,27.23
43.84,1815,255.2,34,0,15.9,6,6636,1.51,0.18,110.5,92.3,86.2,87.4,29.01,27.65,27.03,27.23
43.88,1818,255.3,35,0,15.7,6,6637,1.49,0.19,110.5,92.3,86.3,87.5,29.01,27.65,27.04,27.24
43.92,1820,255.3,37,0,15.3,6,6638,1.47,0.2,110.5,92.3,86.3,87.5,29.01,27.65,27.04,27.24
43.96,1823,255.3,38,0,14,6,6638,1.45,0.21,110.5,92.3,86.4,87.6,29.01,27.65,27.04,27.24
44,1826,255.3,39,0,14.7,6,6639,1.43,0.21,110.5,92.3,86.4,87.6,29.01,27.65,27.04,27.24
44.04,1829,255.4,40,0,14.5,6,6639,1.41,0.22,110.5,92.3,86.4,87.6,29.01,27.65,27.05,27.25
44.08,1832,255.4,42,0,14.1,6,6640,1.4,0.23,110.5,92.3,86.5,87.7,29.01,27.65,27.05,27.25
44.12,1835,255.4,43,0,13.6,6,6641,1.38,0.24,110.5,92.3,86.5,87.7,29.01,27.65,27.05,27.25
44.16,1837,255.4,44,0,13.1,6,6641,1.36,0.25,110.5,92.3,86.5,87.7,29.01,27.65,27.05,27.25
44.2,1840,255.5,45,0,13.7,6,6642,1.34,0.26,110.5,92.3,86.6,87.8,29.01,27.65,27.06,27.26
44.24,1843,255.5,46,0,13.1,6,6643,1.32,0.26,110.5,92.3,86.6,87.8,29.01,27.65,27.06,27.26
44.28,1846,255.5,48,0,12.1,6,6643,1.3,0.27,110.5,92.3,86.6,87.8,29.01,27.65,27.06,27.26
44.32,1849,255.5,49,0,13.1,6,6644,1.28,0.28,110.5,92.3,86.7,87.9,29.01,27.65,27.07,27.27
44.36,1852,255.6,50,0,11.2,6,6645,1.26,0.29,110.5,92.3,86.7,87.9,29.01,27.65,27.07,27.27
44.4,1854,255.6,51,0,11.4,6,6645,1.24,0.3,110.5,92.3,86.7,87.9,29.01,27.65,27.07,27.27
44.44,1857,255.6,52,0,11.4,6,6646,1.22,0.3,110.5,92.3,86.8,88,29.01,27.65,27.07,27.27
44.48,1860,255.7,53,0,10.7,6,6647,1.2,0.31,110.5,92.3,86.8,88,29.01,27.65,27.08,27.28
44.52,1863,255.7,55,0,11.4,6,6648,1.18,0.32,110.5,92.3,86.8,88,29.01,27.65,27.08,27.28
44.56,1866,255.7,56,0,11.1,6,6649,1.16,0.33,110.5,92.3,86.9,88.1,29.01,27.65,27.08,27.28
44.6,1869,255.7,57,0,10.9,6,6649,1.15,0.34,110.5,92.3,86.9,88.1,29.01,27.65,27.08,27.28
44.64,1871,255.8,58,0,9.4,6,6650,1.13,0.34,110.5,92.3,86.9,88.1,29.01,27.65,27.09,27.29
44.68,1874,255.8,59,0,9.7,6,6651,1.11,0.35,110.5,92.3,87,88.2,29.01,27.65,27.09,27.29
44.72,1877,255.8,60,0,9.8,6,6652,1.09,0.36,110.5,92.3,87,88.2,29.01,27.65,27.09,27.29
44.76,1880,255.9,62,0,9.1,6,6653,1.07,0.37,110.5,92.3,87.1,88.3,29.01,27.65,27.09,27.29
44.8,1883,255.9,63,0,9.5,6,6654,1.05,0.38,110.5,92.3,87.1,88.3,29.01,27.65,27.1,27.3
44.84,1886,256,64,0,8.9,6,6655,1.03,0.38,110.5,92.3,87.1,88.3,29.01,27.65,27.1,27.3
44.88,1889,256,65,0,8.3,6,6656,1.01,0.39,110.5,92.3,87.2,88.4,29.01,27.65,27.1,27.3
44.92,1891,256,66,0,8.7,6,6657,0.99,0.4,110.5,92.3,87.2,88.4,29.01,27.65,27.1,27.3
44.96,1894,256.1,67,0,8.6,6,6658,0.97,0.41,110.5,92.3,87.2,88.4,29.01,27.65,27.11,27.31
45,1897,256.1,68,0,8.5,6,6659,0.95,0.42,110.5,92.3,87.3,88.5,29.01,27.65,27.11,27.31
45.04,1900,256.1,70,0,8.4,6,6660,0.93,0.42,110.5,92.3,87.3,88.5,29.01,27.65,27.11,27.31
45.08,1903,256.2,71,0,7.4,6,6661,0.91,0.43,110.5,92.3,87.3,88.5,29.01,27.65,27.11,27.31
45.12,1906,256.2,72,0,6.9,6,6662,0.89,0.44,110.5,92.3,87.4,88.6,29.01,27.65,27.12,27.32
45.16,1908,256.3,73,0,7.5,6,6663,0.88,0.45,110.5,92.3,87.4,88.6,29.01,27.65,27.12,27.32
45.2,1911,256.3,74,0,6.7,6,6664,0.86,0.46,110.5,92.3,87.4,88.6,29.01,27.65,27.12,27.32
45.24,1914,256.4,75,0,6.7,6,6665,0.84,0.46,110.5,92.3,87.5,88.7,29.01,27.65,27.13,27.33
45.28,1917,256.4,76,0,6.2,6,6666,0.82,0.47,110.5,92.3,87.5,88.7,29.01,27.65,27.13,27.33
45.32,1920,256.4,77,0,6,6,6667,0.8,0.48,110.5,92.3,87.5,88.7,29.01,27.65,27.13,27.33
45.36,1923,256.5,78,0,6.1,6,6669,0.78,0.49,110.5,92.3,87.6,88.8,29.01,27.65,27.13,27.33
45.4,1926,256.5,79,0,5.2,6,6670,0.76,0.5,110.5,92.3,87.6,88.8,29.01,27.65,27.14,27.34
45.44,1928,256.6,81,0,5,6,6671,0.74,0.5,110.5,92.3,87.6,88.8,29.01,27.65,27.14,27.34
45.48,1931,256.6,82,0,4.4,6,6672,0.72,0.51,110.5,92.3,87.7,88.9,29.01,27.65,27.14,27.34
45.52,1934,256.7,83,0,5.2,6,6673,0.7,0.52,110.5,92.3,87.7,88.9,29.01,27.65,27.14,27.34
45.56,1937,256.7,84,0,4.5,6,6675,0.68,0.53,110.5,92.3,87.8,89,29.01,27.65,27.15,27.35
45.6,1940,256.8,85,0,3.5,6,6676,0.66,0.54,110.5,92.3,87.8,89,29.01,27.65,27.15,27.35
45.64,1943,256.8,86,0,3.7,6,6677,0.64,0.54,110.5,92.3,87.8,89,29.01,27.65,27.15,27.35
45.68,1946,256.9,87,0,3.6,6,6678,0.62,0.55,110.5,92.3,87.9,89.1,29.01,27.65,27.15,27.35
45.72,1948,256.9,88,0,3.4,6,6680,0.6,0.56,110.5,92.3,87.9,89.1,29.01,27.65,27.16,27.36
45.76,1951,257,89,0,2.7,6,6681,0.59,0.57,110.5,92.3,87.9,89.1,29.01,27.65,27.16,27.36
45.8,1954,257,90,0,3,6,6682,0.57,0.58,110.5,92.3,88,89.2,29.01,27.65,27.16,27.36
45.84,1957,257.1,91,0,2.6,6,6684,0.55,0.58,110.5,92.3,88,89.2,29.01,27.65,27.16,27.36
45.88,1960,257.1,92,0,2.1,6,6685,0.53,0.59,110.5,92.3,88,89.2,29.01,27.65,27.17,27.37
45.92,1963,257.2,94,0,2.5,6,6686,0.51,0.6,110.5,92.3,88.1,89.3,29.01,27.65,27.17,27.37
45.96,1966,257.2,95,0,1.2,6,6688,0.49,0.61,110.5,92.3,88.1,89.3,29.01,27.65,27.17,27.37
46,1968,257.3,96,0,1.1,6,6689,0.47,0.62,110.5,92.3,88.1,89.3,29.01,27.65,27.18,27.38
46.04,1971,257.3,97,0,1,6,6691,0.45,0.63,110.5,92.3,88.2,89.4,29.01,27.65,27.18,27.38
46.08,1974,257.4,98,0,1.2,6,6692,0.43,0.63,110.5,92.3,88.2,89.4,29.01,27.65,27.18,27.38
46.12,1977,257.4,99,0,0.3,6,6694,0.41,0.64,110.5,92.3,88.2,89.4,29.01,27.65,27.18,27.38
46.16,1980,257.5,100,0,0.5,6,6695,0.39,0.65,110.5,92.3,88.3,89.5,29.01,27.65,27.19,27.39
46.2,1983,257.6,100,0,0.1,6,6696,0.02,0.04,110.5,92.3,88.3,89.5,29.01,27.65,27.18,27.38
46.24,1986,257.6,100,0,-0.9,6,6698,0.02,0.04,110.5,92.3,88.3,89.5,29,27.65,27.18,27.38
46.28,1988,257.7,100,0,-0.1,6,6699,-0.05,0.04,110.5,92.3,88.2,89.4,29,27.65,27.18,27.38
46.32,1991,257.7,100,0,0.7,6,6701,0.01,0.04,110.5,92.3,88.2,89.4,29,27.64,27.18,27.38
46.36,1994,257.8,100,0,-0.4,6,6702,0.02,0.04,110.5,92.2,88.2,89.4,29,27.64,27.18,27.38
46.4,1997,257.8,100,0,0.1,6,6704,-0.03,0.04,110.5,92.2,88.2,89.4,29,27.64,27.18,27.38
46.44,2000,257.9,100,0,0.1,6,6705,-0.02,0.04,110.5,92.2,88.2,89.4,29,27.64,27.18,27.38
46.48,2003,258,100,0,-0.1,6,6707,-0.01,0.04,110.5,92.2,88.2,89.4,29,27.64,27.18,27.38
46.52,2006,258,100,0,0.5,6,6708,0,0.04,110.4,92.2,88.2,89.4,29,27.64,27.18,27.38
46.56,2008,258.1,100,0,0.1,6,6710,0,0.04,110.4,92.2,88.2,89.4,29,27.64,27.18,27.38
46.6,2011,258.1,100,0,0,6,6711,0.06,0.04,110.4,92.2,88.1,89.3,29,27.64,27.18,27.38
46.64,2014,258.2,100,0,-0.1,6,6713,-0.01,0.04,110.4,92.2,88.1,89.3,29,27.64,27.18,27.38
46.68,2017,258.2,100,0,0.1,6,6714,-0.01,0.04,110.4,92.2,88.1,89.3,28.99,27.64,27.17,27.37
46.72,2020,258.3,100,0,0.4,6,6716,-0.02,0.04,110.4,92.1,88.1,89.3,28.99,27.64,27.17,27.37
46.76,2023,258.4,100,0,0,6,6717,0.04,0.04,110.4,92.1,88.1,89.3,28.99,27.63,27.17,27.37
46.8,2026,258.4,100,0,-0.5,6,6719,0,0.04,110.4,92.1,88.1,89.3,28.99,27.63,27.17,27.37
46.84,2029,258.5,100,0,0.1,6,6720,0,0.04,110.3,92.1,88.1,89.3,28.99,27.63,27.17,27.37
46.88,2031,258.5,100,0,0.4,6,6722,0,0.04,110.3,92.1,88.1,89.3,28.99,27.63,27.17,27.37
46.92,2034,258.6,100,0,0.2,6,6723,-0.02,0.04,110.3,92.1,88,89.2,28.99,27.63,27.17,27.37
46.96,2037,258.7,100,0,0.2,6,6725,-0.03,0.04,110.3,92.1,88,89.2,28.99,27.63,27.17,27.37
47,2040,258.7,100,0,0.1,6,6726,0,0.04,110.3,92.1,88,89.2,28.99,27.63,27.17,27.37
47.04,2043,258.8,100,0,0.7,6,6728,-0.01,0.04,110.3,92,88,89.2,28.99,27.63,27.17,27.37
47.08,2046,258.8,100,0,-0.2,6,6729,0.04,0.04,110.3,92,88,89.2,28.99,27.63,27.17,27.37
47.12,2049,258.9,100,0,0.3,6,6731,0.02,0.04,110.3,92,88,89.2,28.98,27.63,27.16,27.36
47.16,2052,258.9,100,0,-0.1,6,6732,-0.03,0.04,110.2,92,88,89.2,28.98,27.63,27.16,27.36
47.2,2054,259,100,0,0,6,6734,0.01,0.04,110.2,92,88,89.2,28.98,27.62,27.16,27.36
47.24,2057,259.1,100,0,-0.9,6,6735,-0.02,0.04,110.2,92,88,89.2,28.98,27.62,27.16,27.36
47.28,2060,259.1,100,0,-0.4,6,6737,-0.02,0.04,110.2,92,87.9,89.1,28.98,27.62,27.16,27.36
47.32,2063,259.2,100,0,0.4,6,6738,0.01,0.04,110.2,92,87.9,89.1,28.98,27.62,27.16,27.36
47.36,2066,259.2,100,0,0.4,6,6740,0.03,0.04,110.2,91.9,87.9,89.1,28.98,27.62,27.16,27.36
47.4,2069,259.3,100,0,0.4,6,6741,0.05,0.04,110.2,91.9,87.9,89.1,28.98,27.62,27.16,27.36
47.44,2072,259.3,100,0,0.5,6,6743,-0.03,0.04,110.2,91.9,87.9,89.1,28.98,27.62,27.16,27.36
47.48,2075,259.4,100,0,-0.5,6,6744,0.01,0.04,110.2,91.9,87.9,89.1,28.98,27.62,27.16,27.36
47.52,2077,259.5,100,0,-0.7,6,6746,0.01,0.04,110.1,91.9,87.9,89.1,28.98,27.62,27.16,27.36
47.56,2080,259.5,100,0,-0.2,6,6747,-0.01,0.04,110.1,91.9,87.9,89.1,28.97,27.62,27.15,27.35
47.6,2083,259.6,100,0,-1,6,6749,-0.01,0.04,110.1,91.9,87.8,89,28.97,27.62,27.15,27.35
47.64,2086,259.6,100,0,-0.3,6,6750,-0.02,0.04,110.1,91.9,87.8,89,28.97,27.61,27.15,27.35
47.68,2089,259.7,100,0,-0.3,6,6752,0.01,0.04,110.1,91.9,87.8,89,28.97,27.61,27.15,27.35
47.72,2092,259.7,100,0,0,6,6753,-0.02,0.04,110.1,91.8,87.8,89,28.97,27.61,27.15,27.35
47.76,2095,259.8,100,0,0.2,6,6755,0.01,0.04,110.1,91.8,87.8,89,28.97,27.61,27.15,27.35
47.8,2098,259.9,100,0,0.2,6,6756,0,0.04,110.1,91.8,87.8,89,28.97,27.61,27.15,27.35
47.84,2101,259.9,100,0,0.2,6,6758,-0.02,0.04,110,91.8,87.8,89,28.97,27.61,27.15,27.35
47.88,2103,260,100,0,-0.2,6,6759,0.02,0.04,110,91.8,87.8,89,28.97,27.61,27.15,27.35
47.92,2106,260,100,0,-0.1,6,6761,0,0.04,110,91.8,87.7,88.9,28.97,27.61,27.15,27.35
47.96,2109,260.1,100,0,0.2,6,6762,0.01,0.04,110,91.8,87.7,88.9,28.97,27.61,27.15,27.35
48,2112,260.1,100,0,-0.1,6,6764,-0.02,0.04,110,91.8,87.7,88.9,28.96,27.61,27.14,27.34
48.04,2115,260.2,100,0,0.5,6,6765,-0.01,0.04,110,91.7,87.7,88.9,28.96,27.61,27.14,27.34
48.08,2118,260.3,100,0,0.1,6,6767,0.02,0.04,110,91.7,87.7,88.9,28.96,27.6,27.14,27.34
48.12,2121,260.3,100,0,-0.2,6,6768,0.01,0.04,110,91.7,87.7,88.9,28.96,27.6,27.14,27.34
48.16,2124,260.4,100,0,0.2,6,6770,-0.05,0.04,109.9,91.7,87.7,88.9,28.96,27.6,27.14,27.34
48.2,2127,260.4,100,0,0.4,6,6771,0,0.04,109.9,91.7,87.7,88.9,28.96,27.6,27.14,27.34
48.24,2129,260.5,100,0,-0.5,6,6773,-0.02,0.04,109.9,91.7,87.7,88.9,28.96,27.6,27.14,27.34
48.28,2132,260.6,100,0,-0.6,6,6774,-0.05,0.04,109.9,91.7,87.6,88.8,28.96,27.6,27.14,27.34
48.32,2135,260.6,100,0,0.2,6,6776,-0.02,0.04,109.9,91.7,87.6,88.8,28.96,27.6,27.14,27.34
48.36,2138,260.7,100,0,0.4,6,6777,-0.01,0.04,109.9,91.6,87.6,88.8,28.96,27.6,27.14,27.34
48.4,2141,260.7,100,0,-0.6,6,6779,0.04,0.04,109.9,91.6,87.6,88.8,28.96,27.6,27.14,27.34
48.44,2144,260.8,100,0,-0.1,6,6780,0,0.04,109.9,91.6,87.6,88.8,28.95,27.6,27.13,27.33
48.48,2147,260.8,100,0,0.8,6,6782,-0.01,0.04,109.9,91.6,87.6,88.8,28.95,27.6,27.13,27.33
48.52,2150,260.9,100,0,0.6,6,6783,0.02,0.04,109.8,91.6,87.6,88.8,28.95,27.6,27.13,27.33
48.56,2153,261,100,0,-0.5,6,6785,0.02,0.04,109.8,91.6,87.6,88.8,28.95,27.59,27.13,27.33
48.6,2156,261,100,0,0,6,6786,-0.01,0.04,109.8,91.6,87.5,88.7,28.95,27.59,27.13,27.33
48.64,2158,261.1,100,0,0,6,6788,-0.01,0.04,109.8,91.6,87.5,88.7,28.95,27.59,27.13,27.33
48.68,2161,261.1,100,0,0.8,6,6789,0.03,0.04,109.8,91.6,87.5,88.7,28.95,27.59,27.13,27.33
48.72,2164,261.2,100,0,0.8,6,6791,0.01,0.04,109.8,91.5,87.5,88.7,28.95,27.59,27.13,27.33
48.76,2167,261.2,100,0,0.7,6,6792,-0.02,0.04,109.8,91.5,87.5,88.7,28.95,27.59,27.13,27.33
48.8,2170,261.3,100,0,0,6,6794,-0.02,0.04,109.8,91.5,87.5,88.7,28.95,27.59,27.13,27.33
48.84,2173,261.4,100,0,0.1,6,6795,-0.02,0.04,109.7,91.5,87.5,88.7,28.95,27.59,27.13,27.33
48.88,2176,261.4,100,0,-0.1,6,6797,-0.01,0.04,109.7,91.5,87.5,88.7,28.94,27.59,27.12,27.32
48.92,2179,261.5,100,0,0.3,6,6798,0.02,0.04,109.7,91.5,87.4,88.6,28.94,27.59,27.12,27.32
48.96,2182,261.3,0,7,-0.7,6,6793,0,-1.85,109.8,91.6,87.4,88.6,28.95,27.6,27.12,27.32
49,2185,260.7,0,20,1,6,6777,0,-1.85,109.8,91.7,87.4,88.6,28.95,27.6,27.12,27.32
49.04,2187,259.7,0,33,0.1,6,6752,0,-1.85,109.8,91.8,87.4,88.6,28.95,27.61,27.12,27.32
49.08,2190,258.3,0,46,-1.7,6,6716,0,-1.85,109.9,92,87.4,88.6,28.96,27.62,27.12,27.32
49.12,2193,256.5,0,59,0.7,6,6670,0,-1.85,109.9,92.1,87.4,88.6,28.96,27.63,27.12,27.32
49.16,2196,254.4,0,72,0.2,6,6613,0,-1.85,110,92.2,87.4,88.6,28.96,27.64,27.12,27.32
49.2,2199,251.8,0,84,0.6,6,6548,0,-1.85,110,92.3,87.4,88.6,28.97,27.65,27.12,27.32
49.24,2202,249,0,94,-0.4,5,7471,0,-1.85,110,92.4,87.4,88.6,28.97,27.66,27.12,27.32
49.28,2204,246.2,0,94,1.1,5,7386,0,-1.85,110.1,92.6,87.4,88.6,28.97,27.67,27.12,27.32
49.32,2207,243.4,0,94,0.5,5,7301,0,-1.85,110.1,92.7,87.4,88.6,28.97,27.68,27.12,27.32
49.36,2210,240.6,0,94,-0.7,5,7217,0,-1.85,110.2,92.8,87.4,88.6,28.98,27.69,27.12,27.32
49.4,2213,237.7,0,94,-0.1,5,7132,0,-1.85,110.2,92.9,87.4,88.6,28.98,27.69,27.12,27.32
49.44,2215,234.9,0,94,0.6,5,7048,0,-1.85,110.2,93,87.4,88.6,28.98,27.7,27.12,27.32
49.48,2218,232.1,0,94,0.5,5,6963,0,-1.85,110.3,93.2,87.4,88.6,28.99,27.71,27.12,27.32
49.52,2220,229.3,0,94,-1,5,6878,0,-1.85,110.3,93.3,87.4,88.6,28.99,27.72,27.12,27.32
49.56,2223,226.5,0,94,-0.6,5,6794,0,-1.85,110.4,93.4,87.4,88.6,28.99,27.73,27.12,27.32
49.6,2225,223.6,0,94,0.8,5,6709,0,-1.85,110.4,93.5,87.4,88.6,29,27.74,27.12,27.32
49.64,2228,220.8,0,94,0,5,6625,0,-1.85,110.4,93.6,87.4,88.6,29,27.75,27.12,27.32
49.68,2230,218,0,94,0,5,6540,0,-1.85,110.5,93.8,87.4,88.6,29,27.76,27.12,27.32
49.72,2233,215.2,0,94,0.6,5,6455,0,-1.85,110.5,93.9,87.4,88.6,29,27.77,27.12,27.32
49.76,2235,212.4,0,94,1,4,7645,0,-1.85,110.6,94,87.4,88.6,29.01,27.78,27.12,27.32
49.8,2238,209.5,0,94,1.7,4,7544,0,-1.85,110.6,94.1,87.4,88.6,29.01,27.78,27.12,27.32
49.84,2240,206.7,0,94,-0.5,4,7442,0,-1.85,110.6,94.2,87.4,88.6,29.01,27.79,27.12,27.32
49.88,2242,203.9,0,94,0.1,4,7341,0,-1.85,110.7,94.4,87.4,88.6,29.02,27.8,27.12,27.32
49.92,2244,201.1,0,92,-2.6,4,7241,-0.04,-1.37,110.7,94.5,87.4,88.6,29.02,27.81,27.12,27.32
49.96,2247,198.5,0,88,-4.4,4,7146,-0.1,-1.33,110.8,94.6,87.4,88.6,29.02,27.82,27.12,27.32
50,2249,196,0,84,-7,4,7055,-0.16,-1.29,110.8,94.7,87.4,88.6,29.03,27.83,27.12,27.32
50.04,2251,193.6,0,81,-8.4,4,6968,-0.22,-1.25,110.8,94.8,87.4,88.6,29.03,27.84,27.12,27.32
50.08,2253,191.2,0,77,-12.4,4,6885,-0.28,-1.21,110.9,95,87.4,88.6,29.03,27.85,27.12,27.32
50.12,2255,189,0,74,-13.3,4,6805,-0.34,-1.18,110.9,95.1,87.4,88.6,29.03,27.86,27.12,27.32
50.16,2257,186.9,0,70,-17.2,4,6729,-0.39,-1.14,111,95.2,87.4,88.6,29.04,27.87,27.12,27.32
50.2,2260,184.9,0,67,-18.5,4,6657,-0.45,-1.1,111,95.3,87.4,88.6,29.04,27.87,27.12,27.32
50.24,2262,183,0,64,-20.8,4,6588,-0.51,-1.06,111,95.4,87.4,88.6,29.04,27.88,27.12,27.32
50.28,2264,181.2,0,61,-23.4,4,6522,-0.56,-1.03,111.1,95.6,87.4,88.6,29.05,27.89,27.12,27.32
50.32,2266,179.4,0,58,-25.2,4,6459,-0.62,-0.99,111.1,95.7,87.4,88.6,29.05,27.9,27.12,27.32
50.36,2268,177.8,0,55,-28.4,4,6400,-0.67,-0.95,111.2,95.8,87.4,88.6,29.05,27.91,27.12,27.32
50.4,2270,176.2,0,52,-30.2,4,6344,-0.73,-0.92,111.2,95.9,87.4,88.6,29.06,27.92,27.12,27.32
50.44,2272,174.7,0,49,-31.8,3,7689,-0.78,-0.88,111.2,96,87.4,88.6,29.06,27.93,27.12,27.32
50.48,2273,173.4,0,46,-33.4,3,7628,-0.83,-0.85,111.3,96.2,87.4,88.6,29.06,27.94,27.12,27.32
50.52,2275,172,0,44,-36.2,3,7570,-0.88,-0.81,111.3,96.3,87.4,88.6,29.06,27.95,27.12,27.32
50.56,2277,170.8,0,41,-37.4,3,7516,-0.94,-0.78,111.4,96.4,87.4,88.6,29.07,27.96,27.12,27.32
50.6,2279,169.6,0,39,-38.3,3,7464,-0.99,-0.74,111.4,96.5,87.4,88.6,29.07,27.96,27.12,27.32
50.64,2281,168.6,0,36,-40.6,3,7417,-1.04,-0.71,111.4,96.6,87.4,88.6,29.07,27.97,27.12,27.32
50.68,2283,167.5,0,34,-42.6,3,7372,-1.09,-0.67,111.5,96.8,87.4,88.6,29.08,27.98,27.12,27.32
50.72,2285,166.6,0,31,-44,3,7331,-1.14,-0.64,111.5,96.9,87.4,88.6,29.08,27.99,27.12,27.32
50.76,2287,165.7,0,29,-45.2,3,7293,-1.19,-0.61,111.6,97,87.4,88.6,29.08,28,27.12,27.32
50.8,2289,164.9,0,27,-47.8,3,7257,-1.24,-0.57,111.6,97.1,87.4,88.6,29.09,28.01,27.12,27.32
50.84,2290,164.2,0,25,-46.9,3,7224,-1.29,-0.54,111.6,97.2,87.4,88.6,29.09,28.02,27.12,27.32
50.88,2292,163.5,0,23,-48.4,3,7194,-1.34,-0.51,111.7,97.4,87.4,88.6,29.09,28.03,27.12,27.32
50.92,2294,162.9,0,21,-49.7,3,7166,-1.39,-0.47,111.7,97.5,87.4,88.6,29.09,28.04,27.12,27.32
50.96,2296,162.3,0,19,-51.3,3,7141,-1.44,-0.44,111.8,97.6,87.4,88.6,29.1,28.05,27.12,27.32
51,2298,161.8,0,17,-51.9,3,7118,-1.49,-0.41,111.8,97.7,87.4,88.6,29.1,28.05,27.12,27.32
51.04,2299,161.3,0,15,-53.5,3,7099,-1.54,-0.37,111.8,97.8,87.4,88.6,29.1,28.06,27.12,27.32
51.08,2301,160.9,0,13,-54.1,3,7082,-1.59,-0.34,111.9,98,87.4,88.6,29.11,28.07,27.12,27.32
51.12,2303,160.6,0,11,-55.1,3,7067,-1.64,-0.31,111.9,98.1,87.4,88.6,29.11,28.08,27.12,27.32
51.16,2305,160.3,0,10,-55.1,3,7054,-1.68,-0.28,112,98.2,87.4,88.6,29.11,28.09,27.12,27.32
51.2,2307,160.1,0,8,-56.4,3,7043,-1.73,-0.24,112,98.3,87.4,88.6,29.12,28.1,27.12,27.32
51.24,2308,159.9,0,7,-56.5,3,7034,-1.78,-0.21,112,98.4,87.4,88.6,29.12,28.11,27.12,27.32
51.28,2310,159.7,0,5,-56.4,3,7027,-1.83,-0.18,112.1,98.6,87.4,88.6,29.12,28.12,27.12,27.32
51.32,2312,159.6,0,4,-57.4,3,7022,-1.88,-0.15,112.1,98.7,87.4,88.6,29.12,28.13,27.12,27.32
51.36,2314,159.5,0,3,-57.7,3,7018,-1.93,-0.12,112.2,98.8,87.4,88.6,29.13,28.14,27.12,27.32
51.4,2315,159.4,0,2,-58.2,3,7016,-1.98,-0.08,112.2,98.9,87.4,88.6,29.13,28.14,27.12,27.32
51.44,2317,159.4,0,1,-58.3,3,7014,-2.02,-0.05,112.2,99,87.4,88.6,29.13,28.15,27.12,27.32
51.48,2319,159.4,0,0,-58.1,3,7014,-2.07,-0.02,112.3,99.2,87.4,88.6,29.14,28.16,27.12,27.32
51.52,2321,159.4,1,0,-57.1,3,7014,-1.94,0,112.3,99.2,87.5,88.7,29.14,28.16,27.13,27.33
51.56,2323,159.4,4,0,-56.2,3,7014,-1.92,0.01,112.3,99.2,87.5,88.7,29.14,28.16,27.13,27.33
51.6,2324,159.4,6,0,-56.1,3,7015,-1.9,0.02,112.3,99.2,87.6,88.8,29.14,28.16,27.13,27.33
51.64,2326,159.4,7,0,-55.6,3,7015,-1.88,0.03,112.3,99.2,87.6,88.8,29.14,28.16,27.13,27.33
51.68,2328,159.4,9,0,-54,3,7015,-1.86,0.04,112.3,99.2,87.6,88.8,29.14,28.16,27.14,27.34
51.72,2330,159.4,11,0,-54.5,3,7016,-1.83,0.05,112.3,99.2,87.7,88.9,29.14,28.16,27.14,27.34
51.76,2331,159.5,13,0,-53.4,3,7016,-1.81,0.06,112.3,99.2,87.7,88.9,29.14,28.16,27.14,27.34
51.8,2333,159.5,14,0,-52.7,3,7017,-1.79,0.07,112.3,99.2,87.7,88.9,29.14,28.16,27.14,27.34
51.84,2335,159.5,16,0,-51.9,3,7017,-1.77,0.07,112.3,99.2,87.8,89,29.14,28.16,27.15,27.35
51.88,2337,159.5,17,0,-50.6,3,7018,-1.75,0.08,112.3,99.2,87.8,89,29.14,28.16,27.15,27.35
51.92,2338,159.5,19,0,-50,3,7019,-1.73,0.09,112.3,99.2,87.8,89,29.14,28.16,27.15,27.35
51.96,2340,159.5,21,0,-48.7,3,7020,-1.71,0.1,112.3,99.2,87.9,89.1,29.14,28.16,27.16,27.36
52,2342,159.6,22,0,-48,3,7021,-1.69,0.11,112.3,99.2,87.9,89.1,29.14,28.16,27.16,27.36
52.04,2344,159.6,24,0,-47.4,3,7022,-1.66,0.12,112.3,99.2,87.9,89.1,29.14,28.16,27.16,27.36
52.08,2346,159.6,25,0,-46.3,3,7023,-1.64,0.13,112.3,99.2,88,89.2,29.14,28.16,27.16,27.36
52.12,2347,159.6,27,0,-45.2,3,7024,-1.62,0.14,112.3,99.2,88,89.2,29.14,28.16,27.17,27.37
52.16,2349,159.7,28,0,-44,3,7025,-1.6,0.15,112.3,99.2,88,89.2,29.14,28.16,27.17,27.37
52.2,2351,159.7,29,0,-44.2,3,7026,-1.58,0.15,112.3,99.2,88.1,89.3,29.14,28.16,27.17,27.37
52.24,2353,159.7,31,0,-43.6,3,7027,-1.56,0.16,112.3,99.2,88.1,89.3,29.14,28.16,27.17,27.37
52.28,2354,159.7,32,0,-42.2,3,7028,-1.54,0.17,112.3,99.2,88.1,89.3,29.14,28.16,27.18,27.38
52.32,2356,159.8,34,0,-42.1,3,7030,-1.52,0.18,112.3,99.2,88.2,89.4,29.14,28.16,27.18,27.38
52.36,2358,159.8,35,0,-40,3,7031,-1.49,0.19,112.3,99.2,88.2,89.4,29.14,28.16,27.18,27.38
52.4,2360,159.8,37,0,-40.2,3,7033,-1.47,0.2,112.3,99.2,88.3,89.5,29.14,28.16,27.18,27.38
52.44,2362,159.9,38,0,-39.8,3,7034,-1.45,0.21,112.3,99.2,88.3,89.5,29.14,28.16,27.19,27.39
52.48,2363,159.9,39,0,-38.5,3,7036,-1.43,0.22,112.3,99.2,88.3,89.5,29.14,28.16,27.19,27.39
52.52,2365,159.9,41,0,-38.1,3,7037,-1.41,0.23,112.3,99.2,88.4,89.6,29.14,28.16,27.19,27.39
52.56,2367,160,42,0,-37.1,3,7039,-1.39,0.23,112.3,99.2,88.4,89.6,29.14,28.16,27.19,27.39
52.6,2369,160,43,0,-36.6,3,7041,-1.37,0.24,112.3,99.2,88.4,89.6,29.14,28.16,27.2,27.4
52.64,2370,160.1,45,0,-36.2,3,7043,-1.34,0.25,112.3,99.2,88.5,89.7,29.14,28.16,27.2,27.4
52.68,2372,160.1,46,0,-34.3,3,7044,-1.32,0.26,112.3,99.2,88.5,89.7,29.14,28.16,27.2,27.4
52.72,2374,160.1,47,0,-33.3,3,7046,-1.3,0.27,112.3,99.2,88.5,89.7,29.14,28.16,27.21,27.41
52.76,2376,160.2,49,0,-33.3,3,7048,-1.28,0.28,112.3,99.2,88.6,89.8,29.14,28.16,27.21,27.41
52.8,2378,160.2,50,0,-32.9,3,7050,-1.26,0.29,112.3,99.2,88.6,89.8,29.14,28.16,27.21,27.41
52.84,2379,160.3,51,0,-31.8,3,7052,-1.24,0.3,112.3,99.2,88.6,89.8,29.14,28.16,27.21,27.41
52.88,2381,160.3,53,0,-30.5,3,7054,-1.22,0.31,112.3,99.2,88.7,89.9,29.14,28.16,27.22,27.42
52.92,2383,160.4,54,0,-30.3,3,7057,-1.2,0.31,112.3,99.2,88.7,89.9,29.14,28.16,27.22,27.42
52.96,2385,160.4,55,0,-29.6,3,7059,-1.17,0.32,112.3,99.2,88.7,89.9,29.14,28.16,27.22,27.42
53,2386,160.5,57,0,-28,3,7061,-1.15,0.33,112.3,99.2,88.8,90,29.14,28.16,27.22,27.42
53.04,2388,160.5,58,0,-27.2,3,7063,-1.13,0.34,112.3,99.2,88.8,90,29.14,28.16,27.23,27.43
53.08,2390,160.6,59,0,-26.4,3,7066,-1.11,0.35,112.3,99.2,88.8,90,29.14,28.16,27.23,27.43
53.12,2392,160.6,60,0,-26.3,3,7068,-1.09,0.36,112.3,99.2,88.9,90.1,29.14,28.16,27.23,27.43
53.16,2394,160.7,62,0,-24.9,3,7070,-1.07,0.37,112.3,99.2,88.9,90.1,29.14,28.16,27.23,27.43
53.2,2395,160.7,63,0,-24.7,3,7073,-1.05,0.38,112.3,99.2,89,90.2,29.14,28.16,27.24,27.44
53.24,2397,160.8,64,0,-23.7,3,7076,-1.02,0.39,112.3,99.2,89,90.2,29.14,28.16,27.24,27.44
53.28,2399,160.9,65,0,-23.4,3,7078,-1,0.39,112.3,99.2,89,90.2,29.14,28.16,27.24,27.44
53.32,2401,160.9,67,0,-23.2,3,7081,-0.98,0.4,112.3,99.2,89.1,90.3,29.14,28.16,27.24,27.44
53.36,2403,161,68,0,-21.1,3,7083,-0.96,0.41,112.3,99.2,89.1,90.3,29.14,28.16,27.25,27.45
53.4,2404,161.1,69,0,-20.2,3,7086,-0.94,0.42,112.3,99.2,89.1,90.3,29.14,28.16,27.25,27.45
53.44,2406,161.1,70,0,-19.6,3,7089,-0.92,0.43,112.3,99.2,89.2,90.4,29.14,28.16,27.25,27.45
53.48,2408,161.2,72,0,-18.3,3,7092,-0.9,0.44,112.3,99.2,89.2,90.4,29.14,28.16,27.25,27.45
53.52,2410,161.2,73,0,-17.9,3,7095,-0.87,0.45,112.3,99.2,89.2,90.4,29.14,28.16,27.26,27.46
53.56,2411,161.3,74,0,-16.9,3,7098,-0.85,0.46,112.3,99.2,89.3,90.5,29.14,28.16,27.26,27.46
53.6,2413,161.4,75,0,-17.1,3,7101,-0.83,0.47,112.3,99.2,89.3,90.5,29.14,28.16,27.26,27.46
53.64,2415,161.4,77,0,-15.8,3,7104,-0.81,0.48,112.3,99.2,89.3,90.5,29.14,28.16,27.27,27.47
53.68,2417,161.5,78,0,-14.9,3,7107,-0.79,0.48,112.3,99.2,89.4,90.6,29.14,28.16,27.27,27.47
53.72,2419,161.6,79,0,-14.1,3,7110,-0.77,0.49,112.3,99.2,89.4,90.6,29.14,28.16,27.27,27.47
53.76,2420,161.7,80,0,-13.6,3,7113,-0.74,0.5,112.3,99.2,89.4,90.6,29.14,28.16,27.27,27.47
53.8,2422,161.7,82,0,-13.4,3,7116,-0.72,0.51,112.3,99.2,89.5,90.7,29.14,28.16,27.28,27.48
53.84,2424,161.8,83,0,-11.8,3,7120,-0.7,0.52,112.3,99.2,89.5,90.7,29.14,28.16,27.28,27.48
53.88,2426,161.9,84,0,-10.6,3,7123,-0.68,0.53,112.3,99.2,89.5,90.7,29.14,28.16,27.28,27.48
53.92,2428,162,85,0,-10.1,3,7126,-0.66,0.54,112.3,99.2,89.6,90.8,29.14,28.16,27.28,27.48
53.96,2429,162,86,0,-9.5,3,7130,-0.64,0.55,112.3,99.2,89.6,90.8,29.14,28.16,27.29,27.49
54,2431,162.1,88,0,-8.9,3,7133,-0.62,0.56,112.3,99.2,89.7,90.9,29.14,28.16,27.29,27.49
54.04,2433,162.2,89,0,-7.6,3,7137,-0.59,0.57,112.3,99.2,89.7,90.9,29.14,28.16,27.29,27.49
54.08,2435,162.3,90,0,-6.9,3,7140,-0.57,0.57,112.3,99.2,89.7,90.9,29.14,28.16,27.29,27.49
54.12,2437,162.4,91,0,-6.2,3,7144,-0.55,0.58,112.3,99.2,89.8,91,29.14,28.16,27.3,27.5
54.16,2438,162.4,92,0,-5.4,3,7147,-0.53,0.59,112.3,99.2,89.8,91,29.14,28.16,27.3,27.5
54.2,2440,162.5,94,0,-4.2,3,7151,-0.51,0.6,112.3,99.2,89.8,91,29.14,28.16,27.3,27.5
54.24,2442,162.6,95,0,-3.9,3,7155,-0.49,0.61,112.3,99.2,89.9,91.1,29.14,28.16,27.3,27.5
54.28,2444,162.7,96,0,-2.7,3,7159,-0.46,0.62,112.3,99.2,89.9,91.1,29.14,28.16,27.31,27.51
54.32,2446,162.8,97,0,-1.7,3,7162,-0.44,0.63,112.3,99.2,89.9,91.1,29.14,28.16,27.31,27.51
54.36,2447,162.9,98,0,-1.1,3,7166,-0.42,0.64,112.3,99.2,90,91.2,29.14,28.16,27.31,27.51
54.4,2449,163,100,0,-0.6,3,7170,-0.4,0.65,112.3,99.2,90,91.2,29.14,28.16,27.32,27.52
54.44,2451,163,100,0,0.2,3,7173,0.01,0.04,112.3,99.1,90,91.2,29.14,28.16,27.31,27.51
54.48,2453,163.1,100,0,0.1,3,7175,0.01,0.04,112.3,99.1,90,91.2,29.13,28.16,27.31,27.51
54.52,2455,163.1,100,0,-0.6,3,7178,0,0.04,112.2,99.1,90,91.2,29.13,28.16,27.31,27.51
54.56,2457,163.2,100,0,-0.4,3,7180,0.02,0.04,112.2,99.1,90,91.2,29.13,28.16,27.31,27.51
54.6,2458,163.2,100,0,0,3,7183,0.01,0.04,112.2,99.1,89.9,91.1,29.13,28.16,27.31,27.51
54.64,2460,163.3,100,0,0.2,3,7185,-0.02,0.04,112.2,99.1,89.9,91.1,29.13,28.16,27.31,27.51
54.68,2462,163.4,100,0,-0.1,3,7188,-0.02,0.04,112.2,99.1,89.9,91.1,29.13,28.16,27.31,27.51
54.72,2464,163.4,100,0,0.5,3,7190,0.01,0.04,112.2,99.1,89.9,91.1,29.13,28.15,27.31,27.51
54.76,2466,163.5,100,0,0.5,3,7193,0,0.04,112.2,99.1,89.9,91.1,29.13,28.15,27.31,27.51
54.8,2467,163.5,100,0,0.3,3,7195,-0.02,0.04,112.2,99,89.9,91.1,29.13,28.15,27.31,27.51
54.84,2469,163.6,100,0,-0.8,3,7198,0,0.04,112.1,99,89.9,91.1,29.13,28.15,27.31,27.51
54.88,2471,163.6,100,0,0.8,3,7201,-0.03,0.04,112.1,99,89.9,91.1,29.13,28.15,27.3,27.5
54.92,2473,163.7,100,0,0.2,3,7203,0,0.04,112.1,99,89.8,91,29.12,28.15,27.3,27.5
54.96,2475,163.8,100,0,0.3,3,7206,0,0.04,112.1,99,89.8,91,29.12,28.15,27.3,27.5
55,2477,163.8,100,0,0.2,3,7208,0,0.04,112.1,99,89.8,91,29.12,28.15,27.3,27.5
55.04,2478,163.9,100,0,-0.4,3,7211,-0.01,0.04,112.1,99,89.8,91,29.12,28.15,27.3,27.5
55.08,2480,163.9,100,0,-0.4,3,7213,-0.02,0.04,112.1,99,89.8,91,29.12,28.15,27.3,27.5
55.12,2482,164,100,0,-0.1,3,7216,-0.01,0.04,112.1,98.9,89.8,91,29.12,28.15,27.3,27.5
55.16,2484,164.1,100,0,-0.5,3,7218,0.01,0.04,112.1,98.9,89.8,91,29.12,28.14,27.3,27.5
55.2,2486,164.1,100,0,0,3,7221,-0.02,0.04,112,98.9,89.8,91,29.12,28.14,27.3,27.5
55.24,2487,164.2,100,0,-0.2,3,7223,-0.02,0.04,112,98.9,89.8,91,29.12,28.14,27.3,27.5
55.28,2489,164.2,100,0,-0.7,3,7226,-0.04,0.04,112,98.9,89.7,90.9,29.12,28.14,27.3,27.5
55.32,2491,164.3,100,0,-0.6,3,7228,-0.02,0.04,112,98.9,89.7,90.9,29.12,28.14,27.29,27.49
55.36,2493,164.3,100,0,0.3,3,7231,0.01,0.04,112,98.9,89.7,90.9,29.11,28.14,27.29,27.49
55.4,2495,164.4,100,0,-0.2,3,7233,-0.02,0.04,112,98.9,89.7,90.9,29.11,28.14,27.29,27.49
55.44,2497,164.5,100,0,0.4,3,7236,0.01,0.04,112,98.8,89.7,90.9,29.11,28.14,27.29,27.49
55.48,2498,164.5,100,0,-0.2,3,7239,0.04,0.04,112,98.8,89.7,90.9,29.11,28.14,27.29,27.49
55.52,2500,164.6,100,0,0,3,7241,0.02,0.04,111.9,98.8,89.7,90.9,29.11,28.14,27.29,27.49
55.56,2502,164.6,100,0,0.2,3,7244,0.01,0.04,111.9,98.8,89.7,90.9,29.11,28.14,27.29,27.49
55.6,2504,164.7,100,0,-0.4,3,7246,-0.01,0.04,111.9,98.8,89.6,90.8,29.11,28.14,27.29,27.49
55.64,2506,164.7,100,0,0.3,3,7249,-0.01,0.04,111.9,98.8,89.6,90.8,29.11,28.13,27.29,27.49
55.68,2508,164.8,100,0,-0.1,3,7251,-0.01,0.04,111.9,98.8,89.6,90.8,29.11,28.13,27.29,27.49
55.72,2509,164.9,100,0,0.5,3,7254,-0.01,0.04,111.9,98.8,89.6,90.8,29.11,28.13,27.29,27.49
55.76,2511,164.9,100,0,-0.4,3,7256,-0.04,0.04,111.9,98.8,89.6,90.8,29.11,28.13,27.28,27.48
55.8,2513,165,100,0,0.4,3,7259,0.01,0.04,111.9,98.7,89.6,90.8,29.1,28.13,27.28,27.48
55.84,2515,165,100,0,0.1,3,7261,0.03,0.04,111.8,98.7,89.6,90.8,29.1,28.13,27.28,27.48
55.88,2517,165.1,100,0,0.4,3,7264,0,0.04,111.8,98.7,89.6,90.8,29.1,28.13,27.28,27.48
55.92,2519,165.1,100,0,0.1,3,7266,-0.02,0.04,111.8,98.7,89.5,90.7,29.1,28.13,27.28,27.48
55.96,2520,165.2,100,0,0.2,3,7269,0.03,0.04,111.8,98.7,89.5,90.7,29.1,28.13,27.28,27.48
56,2522,165.3,100,0,0.1,3,7272,0.02,0.04,111.8,98.7,89.5,90.7,29.1,28.13,27.28,27.48
56.04,2524,165.3,100,0,-0.5,3,7274,0,0.04,111.8,98.7,89.5,90.7,29.1,28.13,27.28,27.48
56.08,2526,165.4,100,0,0.2,3,7277,-0.01,0.04,111.8,98.7,89.5,90.7,29.1,28.12,27.28,27.48
56.12,2528,165.4,100,0,-0.3,3,7279,0.02,0.04,111.8,98.6,89.5,90.7,29.1,28.12,27.28,27.48
56.16,2530,165.5,100,0,-0.9,3,7282,0.01,0.04,111.8,98.6,89.5,90.7,29.1,28.12,27.28,27.48
56.2,2531,165.5,100,0,0.1,3,7284,0.01,0.04,111.7,98.6,89.5,90.7,29.1,28.12,27.27,27.47
56.24,2533,165.6,100,0,-0.3,3,7287,0.02,0.04,111.7,98.6,89.5,90.7,29.09,28.12,27.27,27.47
56.28,2535,165.7,100,0,0.2,3,7289,0.03,0.04,111.7,98.6,89.4,90.6,29.09,28.12,27.27,27.47
56.32,2537,165.7,100,0,0,3,7292,0.01,0.04,111.7,98.6,89.4,90.6,29.09,28.12,27.27,27.47
56.36,2539,165.8,100,0,0.4,3,7294,0,0.04,111.7,98.6,89.4,90.6,29.09,28.12,27.27,27.47
56.4,2541,165.8,100,0,0.1,3,7297,0,0.04,111.7,98.6,89.4,90.6,29.09,28.12,27.27,27.47
56.44,2542,165.9,100,0,0.4,3,7299,-0.01,0.04,111.7,98.5,89.4,90.6,29.09,28.12,27.27,27.47
56.48,2544,166,100,0,0.3,3,7302,0.03,0.04,111.7,98.5,89.4,90.6,29.09,28.12,27.27,27.47
56.52,2546,166,100,0,-0.2,3,7304,0,0.04,111.6,98.5,89.4,90.6,29.09,28.11,27.27,27.47
56.56,2548,166.1,100,0,-0.4,3,7307,0.02,0.04,111.6,98.5,89.4,90.6,29.09,28.11,27.27,27.47
56.6,2550,166.1,100,0,-0.4,3,7310,-0.03,0.04,111.6,98.5,89.3,90.5,29.09,28.11,27.27,27.47
56.64,2552,166.2,100,0,0.3,3,7312,-0.03,0.04,111.6,98.5,89.3,90.5,29.09,28.11,27.26,27.46
56.68,2554,166.2,100,0,0,3,7315,0.03,0.04,111.6,98.5,89.3,90.5,29.08,28.11,27.26,27.46
56.72,2555,166.3,100,0,0.1,3,7317,0.04,0.04,111.6,98.5,89.3,90.5,29.08,28.11,27.26,27.46
56.76,2557,166.4,100,0,-0.5,3,7320,0,0.04,111.6,98.5,89.3,90.5,29.08,28.11,27.26,27.46
56.8,2559,166.4,100,0,0.3,3,7322,0.01,0.04,111.6,98.4,89.3,90.5,29.08,28.11,27.26,27.46
56.84,2561,166.5,100,0,0.5,3,7325,-0.03,0.04,111.5,98.4,89.3,90.5,29.08,28.11,27.26,27.46
56.88,2563,166.5,100,0,-0.3,3,7327,0.01,0.04,111.5,98.4,89.3,90.5,29.08,28.11,27.26,27.46
56.92,2565,166.6,100,0,0,3,7330,-0.03,0.04,111.5,98.4,89.2,90.4,29.08,28.11,27.26,27.46
56.96,2566,166.6,100,0,0.3,3,7332,0.02,0.04,111.5,98.4,89.2,90.4,29.08,28.1,27.26,27.46
57,2568,166.7,100,0,0.4,3,7335,-0.02,0.04,111.5,98.4,89.2,90.4,29.08,28.1,27.26,27.46
57.04,2570,166.8,100,0,0.4,3,7337,0,0.04,111.5,98.4,89.2,90.4,29.08,28.1,27.26,27.46
57.08,2572,166.8,100,0,-0.6,3,7340,0.02,0.04,111.5,98.4,89.2,90.4,29.08,28.1,27.26,27.46
57.12,2574,166.9,100,0,-0.2,3,7342,0.01,0.04,111.5,98.3,89.2,90.4,29.07,28.1,27.25,27.45
57.16,2576,166.9,100,0,-0.4,3,7345,0,0.04,111.5,98.3,89.2,90.4,29.07,28.1,27.25,27.45
57.2,2578,167,100,0,-0.5,3,7348,-0.01,0.04,111.4,98.3,89.2,90.4,29.07,28.1,27.25,27.45
57.24,2579,167,100,0,0.4,3,7350,0.01,0.04,111.4,98.3,89.2,90.4,29.07,28.1,27.25,27.45
57.28,2581,167.1,100,0,0.1,3,7353,-0.02,0.04,111.4,98.3,89.1,90.3,29.07,28.1,27.25,27.45
57.32,2583,167.2,100,0,-0.2,3,7355,-0.02,0.04,111.4,98.3,89.1,90.3,29.07,28.1,27.25,27.45
57.36,2585,167.2,100,0,0.6,3,7358,-0.02,0.04,111.4,98.3,89.1,90.3,29.07,28.1,27.25,27.45
57.4,2587,167.3,100,0,0.1,3,7360,0,0.04,111.4,98.3,89.1,90.3,29.07,28.09,27.25,27.45
57.44,2589,167.3,100,0,-0.3,3,7363,0.02,0.04,111.4,98.2,89.1,90.3,29.07,28.09,27.25,27.45
57.48,2591,167.4,100,0,-0.1,3,7365,0,0.04,111.4,98.2,89.1,90.3,29.07,28.09,27.25,27.45
57.52,2592,167.5,100,0,-0.2,3,7368,0.02,0.04,111.3,98.2,89.1,90.3,29.07,28.09,27.25,27.45
57.56,2594,167.5,100,0,-0.3,3,7370,0.01,0.04,111.3,98.2,89.1,90.3,29.06,28.09,27.24,27.44
57.6,2596,167.6,100,0,0.4,3,7373,-0.01,0.04,111.3,98.2,89,90.2,29.06,28.09,27.24,27.44
57.64,2598,167.6,100,0,0.4,3,7375,0.02,0.04,111.3,98.2,89,90.2,29.06,28.09,27.24,27.44
57.68,2600,167.7,100,0,-0.3,3,7378,-0.02,0.04,111.3,98.2,89,90.2,29.06,28.09,27.24,27.44
57.72,2602,167.7,100,0,0,3,7380,0.04,0.04,111.3,98.2,89,90.2,29.06,28.09,27.24,27.44
57.76,2604,167.8,100,0,0,3,7383,0,0.04,111.3,98.2,89,90.2,29.06,28.09,27.24,27.44
57.8,2605,167.9,100,0,0.3,3,7386,0,0.04,111.3,98.1,89,90.2,29.06,28.09,27.24,27.44
57.84,2607,167.9,100,0,0.1,3,7388,-0.05,0.04,111.2,98.1,89,90.2,29.06,28.08,27.24,27.44
57.88,2609,168,100,0,-0.6,3,7391,-0.01,0.04,111.2,98.1,89,90.2,29.06,28.08,27.24,27.44
57.92,2611,168,100,0,0,3,7393,-0.02,0.04,111.2,98.1,88.9,90.1,29.06,28.08,27.24,27.44
57.96,2613,168.1,100,0,0.1,3,7396,0,0.04,111.2,98.1,88.9,90.1,29.06,28.08,27.24,27.44
58,2615,168.1,100,0,-0.3,3,7398,0.02,0.04,111.2,98.1,88.9,90.1,29.06,28.08,27.23,27.43
58.04,2617,168.2,100,0,0.2,3,7401,-0.01,0.04,111.2,98.1,88.9,90.1,29.05,28.08,27.23,27.43
58.08,2619,168.3,100,0,0.1,3,7403,0.01,0.04,111.2,98.1,88.9,90.1,29.05,28.08,27.23,27.43
58.12,2620,168.3,100,0,0,3,7406,-0.01,0.04,111.2,98,88.9,90.1,29.05,28.08,27.23,27.43
58.16,2622,168.4,100,0,-0.1,3,7408,0.02,0.04,111.2,98,88.9,90.1,29.05,28.08,27.23,27.43
58.2,2624,168.4,100,0,-0.6,3,7411,0.01,0.04,111.1,98,88.9,90.1,29.05,28.08,27.23,27.43
58.24,2626,168.5,100,0,0.1,3,7413,0.02,0.04,111.1,98,88.9,90.1,29.05,28.08,27.23,27.43
58.28,2628,168.5,100,0,-0.1,3,7416,0.03,0.04,111.1,98,88.8,90,29.05,28.07,27.23,27.43
58.32,2630,168.6,100,0,-0.4,3,7418,-0.01,0.04,111.1,98,88.8,90,29.05,28.07,27.23,27.43
58.36,2632,168.7,100,0,-0.5,3,7421,0.05,0.04,111.1,98,88.8,90,29.05,28.07,27.23,27.43
58.4,2634,168.7,100,0,-0.2,3,7424,0.01,0.04,111.1,98,88.8,90,29.05,28.07,27.23,27.43
58.44,2635,168.8,100,0,-0.4,3,7426,-0.04,0.04,111.1,97.9,88.8,90,29.05,28.07,27.22,27.42
58.48,2637,168.8,100,0,0,3,7429,0.03,0.04,111.1,97.9,88.8,90,29.04,28.07,27.22,27.42
58.52,2639,168.9,100,0,-0.4,3,7431,-0.01,0.04,111,97.9,88.8,90,29.04,28.07,27.22,27.42
58.56,2641,168.9,100,0,-0.1,3,7434,0,0.04,111,97.9,88.8,90,29.04,28.07,27.22,27.42
58.6,2643,169,100,0,-0.1,3,7436,0,0.04,111,97.9,88.7,89.9,29.04,28.07,27.22,27.42
58.64,2645,169.1,100,0,-0.3,3,7439,0.02,0.04,111,97.9,88.7,89.9,29.04,28.07,27.22,27.42
58.68,2647,169.1,100,0,0.5,3,7441,0,0.04,111,97.9,88.7,89.9,29.04,28.07,27.22,27.42
58.72,2649,169.2,100,0,-0.6,3,7444,0.02,0.04,111,97.9,88.7,89.9,29.04,28.06,27.22,27.42
58.76,2650,169.2,100,0,0,3,7446,0.02,0.04,111,97.9,88.7,89.9,29.04,28.06,27.22,27.42
58.8,2652,169.3,100,0,-0.6,3,7449,0.01,0.04,111,97.8,88.7,89.9,29.04,28.06,27.22,27.42
58.84,2654,169.4,100,0,-0.3,3,7451,0.01,0.04,110.9,97.8,88.7,89.9,29.04,28.06,27.22,27.42
58.88,2656,169.4,100,0,0.2,3,7454,0.01,0.04,110.9,97.8,88.7,89.9,29.04,28.06,27.21,27.41
58.92,2658,169.5,100,0,-0.1,3,7457,0.01,0.04,110.9,97.8,88.6,89.8,29.03,28.06,27.21,27.41
58.96,2660,169.5,100,0,0,3,7459,0.02,0.04,110.9,97.8,88.6,89.8,29.03,28.06,27.21,27.41
59,2662,169.6,100,0,0,3,7462,-0.03,0.04,110.9,97.8,88.6,89.8,29.03,28.06,27.21,27.41
59.04,2664,169.6,100,0,-0.2,3,7464,-0.03,0.04,110.9,97.8,88.6,89.8,29.03,28.06,27.21,27.41
59.08,2665,169.7,100,0,-0.1,3,7467,0,0.04,110.9,97.8,88.6,89.8,29.03,28.06,27.21,27.41
59.12,2667,169.8,100,0,-0.1,3,7469,0.03,0.04,110.9,97.7,88.6,89.8,29.03,28.06,27.21,27.41
59.16,2669,169.8,100,0,-0.2,3,7472,-0.02,0.04,110.9,97.7,88.6,89.8,29.03,28.05,27.21,27.41
59.2,2671,169.9,100,0,0.2,3,7474,-0.02,0.04,110.8,97.7,88.6,89.8,29.03,28.05,27.21,27.41
59.24,2673,169.9,100,0,-0.3,3,7477,-0.01,0.04,110.8,97.7,88.6,89.8,29.03,28.05,27.21,27.41
59.28,2675,170,100,0,0.2,3,7479,0,0.04,110.8,97.7,88.5,89.7,29.03,28.05,27.21,27.41
59.32,2677,170,100,0,-0.2,3,7482,-0.01,0.04,110.8,97.7,88.5,89.7,29.03,28.05,27.2,27.4
59.36,2679,170.1,100,0,0.4,3,7484,0.03,0.04,110.8,97.7,88.5,89.7,29.02,28.05,27.2,27.4
59.4,2681,170.2,100,0,-0.1,3,7487,-0.04,0.04,110.8,97.7,88.5,89.7,29.02,28.05,27.2,27.4
59.44,2682,170.2,100,0,-0.2,3,7489,-0.03,0.04,110.8,97.6,88.5,89.7,29.02,28.05,27.2,27.4
59.48,2684,170.3,100,0,-0.1,3,7492,0,0.04,110.8,97.6,88.5,89.7,29.02,28.05,27.2,27.4
59.52,2686,170.3,100,0,-0.2,3,7495,0.02,0.04,110.7,97.6,88.5,89.7,29.02,28.05,27.2,27.4
59.56,2688,170.4,100,0,0.4,3,7497,-0.01,0.04,110.7,97.6,88.5,89.7,29.02,28.05,27.2,27.4
59.6,2690,170.4,100,0,-0.1,3,7500,-0.01,0.04,110.7,97.6,88.4,89.6,29.02,28.05,27.2,27.4
59.64,2692,170.5,100,0,-0.1,3,7502,0.04,0.04,110.7,97.6,88.4,89.6,29.02,28.04,27.2,27.4
59.68,2694,170.6,100,0,-0.4,3,7505,0.01,0.04,110.7,97.6,88.4,89.6,29.02,28.04,27.2,27.4
59.72,2696,170.6,100,0,-0.4,3,7507,0.02,0.04,110.7,97.6,88.4,89.6,29.02,28.04,27.2,27.4
59.76,2698,170.7,100,0,0,3,7510,0,0.04,110.7,97.6,88.4,89.6,29.02,28.04,27.19,27.39
59.8,2699,170.7,100,0,-0.2,3,7512,-0.02,0.04,110.7,97.5,88.4,89.6,29.01,28.04,27.19,27.39
59.84,2701,170.8,100,0,0.5,3,7515,-0.01,0.04,110.6,97.5,88.4,89.6,29.01,28.04,27.19,27.39
59.88,2703,170.8,100,0,0.3,3,7517,-0.04,0.04,110.6,97.5,88.4,89.6,29.01,28.04,27.19,27.39
59.92,2705,170.9,100,0,0.2,3,7520,0,0.04,110.6,97.5,88.3,89.5,29.01,28.04,27.19,27.39
59.96,2707,171,100,0,-0.5,3,7522,-0.02,0.04,110.6,97.5,88.3,89.5,29.01,28.04,27.19,27.39
60,2709,171,100,0,0.4,3,7525,-0.01,0.04,110.6,97.5,88.3,89.5,29.01,28.04,27.19,27.39
60.04,2711,171.1,100,0,0,3,7527,0,0.04,110.6,97.5,88.3,89.5,29.01,28.04,27.19,27.39
60.08,2713,171.1,100,0,0.4,3,7530,0.02,0.04,110.6,97.5,88.3,89.5,29.01,28.03,27.19,27.39
60.12,2715,171.2,100,0,0.1,3,7533,0.02,0.04,110.6,97.4,88.3,89.5,29.01,28.03,27.19,27.39
60.16,2717,171.3,100,0,0,3,7535,-0.01,0.04,110.6,97.4,88.3,89.5,29.01,28.03,27.19,27.39
60.2,2718,171.3,100,0,-0.1,3,7538,-0.01,0.04,110.5,97.4,88.3,89.5,29.01,28.03,27.18,27.38
60.24,2720,171.2,0,2,0.1,3,7535,0,-1.85,110.7,97.5,88.3,89.5,29.01,28.03,27.18,27.38
60.28,2722,170.9,0,10,0.3,3,7522,0,-1.85,110.8,97.5,88.3,89.5,29.02,28.04,27.18,27.38
60.32,2724,170.4,0,18,1.6,3,7498,0,-1.85,110.9,97.5,88.3,89.5,29.03,28.04,27.18,27.38
60.36,2726,169.7,0,25,0.9,3,7465,0,-1.85,111,97.6,88.3,89.5,29.04,28.04,27.18,27.38
60.4,2728,168.7,0,33,-0.2,3,7421,0,-1.85,111.1,97.6,88.3,89.5,29.05,28.05,27.18,27.38
60.44,2730,167.4,0,41,-0.2,3,7367,0,-1.85,111.3,97.7,88.3,89.5,29.06,28.05,27.18,27.38
60.48,2732,166,0,49,0.2,3,7303,0,-1.85,111.4,97.7,88.3,89.5,29.07,28.05,27.18,27.38
60.52,2734,164.3,0,57,-1.8,3,7227,0,-1.85,111.5,97.7,88.3,89.5,29.08,28.06,27.18,27.38
60.56,2735,162.3,0,64,0.3,3,7143,0,-1.85,111.6,97.8,88.3,89.5,29.09,28.06,27.18,27.38
60.6,2737,160.2,0,72,1.2,3,7048,0,-1.85,111.7,97.8,88.3,89.5,29.1,28.06,27.18,27.38
60.64,2739,158,0,75,0,3,6952,0,-1.85,111.9,97.9,88.3,89.5,29.1,28.06,27.18,27.38
60.68,2741,158,0,75,1.2,3,6952,0,-1.85,112,97.9,88.3,89.5,29.11,28.07,27.18,27.38
60.72,2742,158,0,75,0,3,6952,0,-1.85,112.1,97.9,88.3,89.5,29.12,28.07,27.18,27.38
60.76,2744,158,0,75,-0.8,3,6952,0,-1.85,112.2,98,88.3,89.5,29.13,28.07,27.18,27.38
60.8,2746,158,0,75,-1.1,3,6952,0,-1.85,112.3,98,88.3,89.5,29.14,28.08,27.18,27.38
60.84,2748,158,0,75,-0.7,3,6952,0,-1.85,112.5,98.1,88.3,89.5,29.15,28.08,27.18,27.38
60.88,2750,158,0,75,-0.8,3,6952,0,-1.85,112.6,98.1,88.3,89.5,29.16,28.08,27.18,27.38
60.92,2751,158,0,75,-0.2,3,6952,0,-1.85,112.7,98.1,88.3,89.5,29.17,28.09,27.18,27.38
60.96,2753,158,0,75,0.2,3,6952,0,-1.85,112.8,98.2,88.3,89.5,29.18,28.09,27.18,27.38
61,2755,158,0,75,0.1,3,6952,0,-1.85,112.9,98.2,88.3,89.5,29.19,28.09,27.18,27.38
61.04,2757,158,0,75,0.6,3,6952,0,-1.85,113.1,98.3,88.3,89.5,29.19,28.09,27.18,27.38
61.08,2758,158,0,75,-0.7,3,6952,0,-1.85,113.2,98.3,88.3,89.5,29.2,28.1,27.18,27.38
61.12,2760,158,0,75,1.3,3,6952,0,-1.85,113.3,98.3,88.3,89.5,29.21,28.1,27.18,27.38
61.16,2762,158,0,75,-0.5,3,6952,0,-1.85,113.4,98.4,88.3,89.5,29.22,28.1,27.18,27.38
61.2,2764,158,0,75,-0.5,3,6952,0,-1.85,113.5,98.4,88.3,89.5,29.23,28.11,27.18,27.38
61.24,2765,158,0,75,-0.9,3,6952,0,-1.85,113.7,98.5,88.3,89.5,29.24,28.11,27.18,27.38
61.28,2767,158,0,75,1.4,3,6952,0,-1.85,113.8,98.5,88.3,89.5,29.25,28.11,27.18,27.38
61.32,2769,158,0,75,0.4,3,6952,0,-1.85,113.9,98.5,88.3,89.5,29.26,28.12,27.18,27.38
61.36,2771,158,0,75,-0.1,3,6952,0,-1.85,114,98.6,88.3,89.5,29.27,28.12,27.18,27.38
61.4,2772,158,0,75,-0.2,3,6952,0,-1.85,114.1,98.6,88.3,89.5,29.28,28.12,27.18,27.38
61.44,2774,158,0,75,0,3,6952,0,-1.4,114.3,98.7,88.3,89.5,29.28,28.12,27.18,27.38
61.48,2776,158,0,72,1.4,3,6952,0.06,-1.36,114.4,98.7,88.3,89.5,29.29,28.13,27.18,27.38
61.52,2778,158,0,69,4.2,3,6952,0.11,-1.32,114.5,98.7,88.3,89.5,29.3,28.13,27.18,27.38
61.56,2779,158,0,67,5.5,3,6952,0.17,-1.29,114.6,98.8,88.3,89.5,29.31,28.13,27.18,27.38
61.6,2781,158,0,64,7.5,3,6952,0.23,-1.25,114.7,98.8,88.3,89.5,29.32,28.14,27.18,27.38
61.64,2783,158,0,61,9.5,3,6952,0.28,-1.21,114.9,98.9,88.3,89.5,29.33,28.14,27.18,27.38
61.68,2785,158,0,59,11.1,3,6952,0.34,-1.17,115,98.9,88.3,89.5,29.34,28.14,27.18,27.38
61.72,2786,158,0,56,12.4,3,6952,0.39,-1.14,115.1,98.9,88.3,89.5,29.35,28.15,27.18,27.38
61.76,2788,158,0,54,14.8,3,6952,0.45,-1.1,115.2,99,88.3,89.5,29.36,28.15,27.18,27.38
61.8,2790,158,0,51,16.3,3,6952,0.51,-1.06,115.3,99,88.3,89.5,29.37,28.15,27.18,27.38
61.84,2792,158,0,49,18,3,6952,0.56,-1.03,115.5,99.1,88.3,89.5,29.37,28.15,27.18,27.38
61.88,2793,158,0,46,19.9,3,6952,0.62,-0.99,115.6,99.1,88.3,89.5,29.38,28.16,27.18,27.38
61.92,2795,158,0,44,22,3,6952,0.67,-0.95,115.7,99.1,88.3,89.5,29.39,28.16,27.18,27.38
61.96,2797,158,0,41,22.3,3,6952,0.73,-0.91,115.8,99.2,88.3,89.5,29.4,28.16,27.18,27.38
62,2799,158,0,39,24.2,3,6952,0.78,-0.88,115.9,99.2,88.3,89.5,29.41,28.17,27.18,27.38
62.04,2800,158,0,37,26.3,3,6952,0.84,-0.84,116.1,99.3,88.3,89.5,29.42,28.17,27.18,27.38
62.08,2802,158,0,34,27.1,3,6952,0.9,-0.8,116.2,99.3,88.3,89.5,29.43,28.17,27.18,27.38
62.12,2804,158,0,32,28.7,3,6952,0.95,-0.77,116.3,99.3,88.3,89.5,29.44,28.18,27.18,27.38
62.16,2806,158,0,30,30.6,3,6952,1.01,-0.73,116.4,99.4,88.3,89.5,29.45,28.18,27.18,27.38
62.2,2807,158,0,28,32.6,3,6952,1.06,-0.69,116.5,99.4,88.3,89.5,29.46,28.18,27.18,27.38
62.24,2809,158,0,26,32.5,3,6952,1.12,-0.65,116.7,99.5,88.3,89.5,29.46,28.18,27.18,27.38
62.28,2811,158,0,24,34.2,3,6952,1.18,-0.62,116.8,99.5,88.3,89.5,29.47,28.19,27.18,27.38
62.32,2813,158,0,22,35,3,6952,1.23,-0.58,116.9,99.5,88.3,89.5,29.48,28.19,27.18,27.38
62.36,2814,158,0,20,35.8,3,6952,1.29,-0.54,117,99.6,88.3,89.5,29.49,28.19,27.18,27.38
62.4,2816,158,0,18,37.6,3,6952,1.34,-0.5,117.1,99.6,88.3,89.5,29.5,28.2,27.18,27.38
62.44,2818,158,0,16,38.9,3,6952,1.4,-0.47,117.3,99.7,88.3,89.5,29.51,28.2,27.18,27.38
62.48,2820,158,0,14,38,3,6952,1.45,-0.43,117.4,99.7,88.3,89.5,29.52,28.2,27.18,27.38
62.52,2821,158,0,13,39.5,3,6952,1.51,-0.39,117.5,99.7,88.3,89.5,29.53,28.21,27.18,27.38
62.56,2823,158,0,11,40.2,3,6952,1.57,-0.36,117.6,99.8,88.3,89.5,29.54,28.21,27.18,27.38
62.6,2825,158,0,9,40.7,3,6952,1.62,-0.32,117.7,99.8,88.3,89.5,29.55,28.21,27.18,27.38
62.64,2827,158,0,8,42.5,3,6952,1.68,-0.28,117.9,99.9,88.3,89.5,29.55,28.21,27.18,27.38
62.68,2829,158,0,6,42.8,3,6952,1.73,-0.24,118,99.9,88.3,89.5,29.56,28.22,27.18,27.38
62.72,2830,158,0,5,43.2,3,6952,1.79,-0.21,118.1,99.9,88.3,89.5,29.57,28.22,27.18,27.38
62.76,2832,158,0,4,43.9,3,6952,1.85,-0.17,118.2,100,88.3,89.5,29.58,28.22,27.18,27.38
62.8,2834,158,0,3,44,3,6952,1.9,-0.13,118.3,100,88.3,89.5,29.59,28.23,27.18,27.38
62.84,2836,158,0,2,43.5,3,6952,1.96,-0.09,118.5,100.1,88.3,89.5,29.6,28.23,27.18,27.38
62.88,2837,158,0,1,43.4,3,6952,2.01,-0.06,118.6,100.1,88.3,89.5,29.61,28.23,27.18,27.38
62.92,2839,158,0,0,45,3,6952,2.07,-0.02,118.7,100.1,88.3,89.5,29.62,28.24,27.18,27.38
62.96,2841,158,2,0,43.5,3,6952,1.94,0,118.7,100.1,88.3,89.5,29.62,28.24,27.19,27.39
63,2843,158,4,0,43.6,3,6952,1.91,0.02,118.7,100.1,88.3,89.5,29.62,28.24,27.19,27.39
63.04,2844,158,6,0,42.3,3,6952,1.89,0.03,118.7,100.1,88.4,89.6,29.62,28.24,27.19,27.39
63.08,2846,158,9,0,41.4,3,6953,1.86,0.04,118.7,100.1,88.4,89.6,29.62,28.24,27.2,27.4
63.12,2848,158,11,0,40.8,3,6953,1.84,0.05,118.7,100.1,88.4,89.6,29.62,28.24,27.2,27.4
63.16,2850,158,13,0,39.6,3,6954,1.81,0.06,118.7,100.1,88.5,89.7,29.62,28.24,27.2,27.4
63.2,2851,158.1,14,0,39.3,3,6954,1.79,0.07,118.7,100.1,88.5,89.7,29.62,28.24,27.2,27.4
63.24,2853,158.1,16,0,39.1,3,6955,1.76,0.08,118.7,100.1,88.5,89.7,29.62,28.24,27.21,27.41
63.28,2855,158.1,18,0,38.1,3,6956,1.74,0.09,118.7,100.1,88.6,89.8,29.62,28.24,27.21,27.41
63.32,2857,158.1,20,0,37.5,3,6957,1.71,0.1,118.7,100.1,88.6,89.8,29.62,28.24,27.21,27.41
63.36,2858,158.1,22,0,36.5,3,6957,1.69,0.11,118.7,100.1,88.6,89.8,29.62,28.24,27.21,27.41
63.4,2860,158.1,24,0,35.5,3,6958,1.66,0.12,118.7,100.1,88.7,89.9,29.62,28.24,27.22,27.42
63.44,2862,158.2,25,0,34.5,3,6959,1.64,0.13,118.7,100.1,88.7,89.9,29.62,28.24,27.22,27.42
63.48,2864,158.2,27,0,34.3,3,6961,1.61,0.14,118.7,100.1,88.8,90,29.62,28.24,27.22,27.42
63.52,2865,158.2,29,0,33.5,3,6962,1.59,0.15,118.7,100.1,88.8,90,29.62,28.24,27.22,27.42
63.56,2867,158.2,30,0,33.6,3,6963,1.57,0.16,118.7,100.1,88.8,90,29.62,28.24,27.23,27.43
63.6,2869,158.3,32,0,32.3,3,6964,1.54,0.17,118.7,100.1,88.9,90.1,29.62,28.24,27.23,27.43
63.64,2871,158.3,34,0,31.6,3,6966,1.52,0.18,118.7,100.1,88.9,90.1,29.62,28.24,27.23,27.43
63.68,2872,158.3,35,0,30.8,3,6967,1.49,0.19,118.7,100.1,88.9,90.1,29.62,28.24,27.23,27.43
63.72,2874,158.4,37,0,30.4,3,6968,1.47,0.2,118.7,100.1,89,90.2,29.62,28.24,27.24,27.44
63.76,2876,158.4,39,0,29.1,3,6970,1.44,0.21,118.7,100.1,89,90.2,29.62,28.24,27.24,27.44
63.8,2878,158.4,40,0,29,3,6972,1.42,0.22,118.7,100.1,89,90.2,29.62,28.24,27.24,27.44
63.84,2879,158.5,42,0,29.1,3,6973,1.39,0.23,118.7,100.1,89.1,90.3,29.62,28.24,27.25,27.45
63.88,2881,158.5,43,0,27.5,3,6975,1.37,0.24,118.7,100.1,89.1,90.3,29.62,28.24,27.25,27.45
63.92,2883,158.6,45,0,27.1,3,6977,1.34,0.25,118.7,100.1,89.1,90.3,29.62,28.24,27.25,27.45
63.96,2885,158.6,47,0,26.1,3,6979,1.32,0.26,118.7,100.1,89.2,90.4,29.62,28.24,27.25,27.45
64,2887,158.7,48,0,26.1,3,6981,1.29,0.27,118.7,100.1,89.2,90.4,29.62,28.24,27.26,27.46
64.04,2888,158.7,50,0,25,3,6983,1.27,0.29,118.7,100.1,89.2,90.4,29.62,28.24,27.26,27.46
64.08,2890,158.7,51,0,24.1,3,6985,1.24,0.3,118.7,100.1,89.3,90.5,29.62,28.24,27.26,27.46
64.12,2892,158.8,53,0,23.9,3,6987,1.22,0.31,118.7,100.1,89.3,90.5,29.62,28.24,27.26,27.46
64.16,2894,158.8,54,0,22.4,3,6989,1.19,0.32,118.7,100.1,89.3,90.5,29.62,28.24,27.27,27.47
64.2,2895,158.9,56,0,22.3,3,6991,1.17,0.33,118.7,100.1,89.4,90.6,29.62,28.24,27.27,27.47
64.24,2897,158.9,57,0,20.7,3,6994,1.14,0.34,118.7,100.1,89.4,90.6,29.62,28.24,27.27,27.47
64.28,2899,159,59,0,21,3,6996,1.12,0.35,118.7,100.1,89.5,90.7,29.62,28.24,27.27,27.47
64.32,2901,159.1,60,0,20.6,3,6998,1.09,0.36,118.7,100.1,89.5,90.7,29.62,28.24,27.28,27.48
64.36,2902,159.1,62,0,19.8,3,7001,1.07,0.37,118.7,100.1,89.5,90.7,29.62,28.24,27.28,27.48
64.4,2904,159.2,63,0,18.3,3,7003,1.04,0.38,118.7,100.1,89.6,90.8,29.62,28.24,27.28,27.48
64.44,2906,159.2,65,0,17.4,3,7006,1.02,0.39,118.7,100.1,89.6,90.8,29.62,28.24,27.28,27.48
64.48,2908,159.3,66,0,17.6,3,7009,0.99,0.4,118.7,100.1,89.6,90.8,29.62,28.24,27.29,27.49
64.52,2909,159.4,68,0,16.2,3,7011,0.96,0.41,118.7,100.1,89.7,90.9,29.62,28.24,27.29,27.49
64.56,2911,159.4,69,0,15.2,3,7014,0.94,0.42,118.7,100.1,89.7,90.9,29.62,28.24,27.29,27.49
64.6,2913,159.5,71,0,14.5,3,7017,0.91,0.43,118.7,100.1,89.7,90.9,29.62,28.24,27.3,27.5
64.64,2915,159.5,72,0,13.8,3,7020,0.89,0.44,118.7,100.1,89.8,91,29.62,28.24,27.3,27.5
64.68,2917,159.6,73,0,13.2,3,7023,0.86,0.45,118.7,100.1,89.8,91,29.62,28.24,27.3,27.5
64.72,2918,159.7,75,0,12.9,3,7026,0.84,0.46,118.7,100.1,89.8,91,29.62,28.24,27.3,27.5
64.76,2920,159.7,76,0,11.7,3,7029,0.81,0.47,118.7,100.1,89.9,91.1,29.62,28.24,27.31,27.51
64.8,2922,159.8,78,0,11.6,3,7032,0.79,0.48,118.7,100.1,89.9,91.1,29.62,28.24,27.31,27.51
64.84,2924,159.9,79,0,10.8,3,7035,0.76,0.49,118.7,100.1,89.9,91.1,29.62,28.24,27.31,27.51
64.88,2925,160,81,0,9.5,3,7038,0.74,0.5,118.7,100.1,90,91.2,29.62,28.24,27.31,27.51
64.92,2927,160,82,0,8.7,3,7042,0.71,0.52,118.7,100.1,90,91.2,29.62,28.24,27.32,27.52
64.96,2929,160.1,84,0,8.9,3,7045,0.69,0.53,118.7,100.1,90,91.2,29.62,28.24,27.32,27.52
65,2931,160.2,85,0,7.1,3,7048,0.66,0.54,118.7,100.1,90.1,91.3,29.62,28.24,27.32,27.52
65.04,2933,160.3,86,0,6.7,3,7052,0.64,0.55,118.7,100.1,90.1,91.3,29.62,28.24,27.32,27.52
65.08,2934,160.3,88,0,6.1,3,7055,0.61,0.56,118.7,100.1,90.2,91.4,29.62,28.24,27.33,27.53
65.12,2936,160.4,89,0,5.8,3,7059,0.59,0.57,118.7,100.1,90.2,91.4,29.62,28.24,27.33,27.53
65.16,2938,160.5,91,0,5.3,3,6215,0.56,0.58,118.7,100.1,90.2,91.4,29.62,28.24,27.33,27.53
65.2,2940,160.6,92,0,3.7,3,6218,0.54,0.59,118.7,100.1,90.3,91.5,29.62,28.24,27.33,27.53
65.24,2941,160.7,93,0,2.8,3,6222,0.51,0.6,118.7,100.1,90.3,91.5,29.62,28.24,27.34,27.54
65.28,2943,160.8,95,0,2.6,3,6225,0.49,0.61,118.7,100.1,90.3,91.5,29.62,28.24,27.34,27.54
65.32,2945,160.9,96,0,2,3,6228,0.46,0.62,118.7,100.1,90.4,91.6,29.62,28.24,27.34,27.54
65.36,2947,160.9,98,0,1.3,3,6231,0.44,0.63,118.7,100.1,90.4,91.6,29.62,28.24,27.34,27.54
65.4,2949,161,99,0,0.2,3,6235,0.41,0.64,118.7,100.1,90.4,91.6,29.62,28.24,27.35,27.55
65.44,2950,161.1,100,0,0.2,3,6237,0.01,0.04,118.7,100.1,90.4,91.6,29.62,28.23,27.35,27.55
65.48,2952,161.1,100,0,-0.2,3,6239,0.01,0.04,118.7,100.1,90.4,91.6,29.62,28.23,27.35,27.55
65.52,2954,161.2,100,0,-0.5,3,7093,-0.06,0.04,118.7,100.1,90.4,91.6,29.61,28.23,27.34,27.54
65.56,2956,161.3,100,0,0.4,3,7095,0,0.04,118.7,100.1,90.4,91.6,29.61,28.23,27.34,27.54
65.6,2958,161.3,100,0,-0.8,3,7098,0.01,0.04,118.6,100.1,90.4,91.6,29.61,28.23,27.34,27.54
65.64,2959,161.4,100,0,0.2,3,7100,-0.01,0.04,118.6,100.1,90.4,91.6,29.61,28.23,27.34,27.54
65.68,2961,161.4,100,0,0.4,3,7103,-0.01,0.04,118.6,100.1,90.4,91.6,29.61,28.23,27.34,27.54
65.72,2963,161.5,100,0,0.6,3,7106,-0.01,0.04,118.6,100,90.3,91.5,29.61,28.23,27.34,27.54
65.76,2965,161.5,100,0,0,3,7108,0,0.04,118.6,100,90.3,91.5,29.61,28.23,27.34,27.54
65.8,2967,161.6,100,0,-0.3,3,7111,0.03,0.04,118.6,100,90.3,91.5,29.61,28.23,27.34,27.54
65.84,2968,161.7,100,0,0.3,3,7113,0,0.04,118.6,100,90.3,91.5,29.61,28.23,27.34,27.54
65.88,2970,161.7,100,0,-0.3,3,7116,-0.03,0.04,118.6,100,90.3,91.5,29.61,28.22,27.34,27.54
65.92,2972,161.8,100,0,0.5,3,7118,-0.01,0.04,118.5,100,90.3,91.5,29.61,28.22,27.34,27.54
65.96,2974,161.8,100,0,-0.2,3,7121,0,0.04,118.5,100,90.3,91.5,29.6,28.22,27.34,27.54
66,2976,161.9,100,0,0.1,3,7123,0,0.04,118.5,100,90.3,91.5,29.6,28.22,27.33,27.53
66.04,2977,162,100,0,0.3,3,7126,0,0.04,118.5,99.9,90.2,91.4,29.6,28.22,27.33,27.53
66.08,2979,162,100,0,-0.6,3,7128,-0.01,0.04,118.5,99.9,90.2,91.4,29.6,28.22,27.33,27.53
66.12,2981,162.1,100,0,-0.4,3,7131,-0.01,0.04,118.5,99.9,90.2,91.4,29.6,28.22,27.33,27.53
66.16,2983,162.1,100,0,0.2,3,7133,-0.03,0.04,118.5,99.9,90.2,91.4,29.6,28.22,27.33,27.53
66.2,2985,162.2,100,0,0.4,3,7136,-0.03,0.04,118.5,99.9,90.2,91.4,29.6,28.22,27.33,27.53
66.24,2986,162.2,100,0,0.1,3,7138,-0.03,0.04,118.4,99.9,90.2,91.4,29.6,28.22,27.33,27.53
66.28,2988,162.3,100,0,0.2,3,7141,-0.01,0.04,118.4,99.9,90.2,91.4,29.6,28.22,27.33,27.53
66.32,2990,162.4,100,0,-0.3,3,7144,-0.01,0.04,118.4,99.9,90.2,91.4,29.6,28.21,27.33,27.53
66.36,2992,162.4,100,0,-0.2,3,7146,-0.01,0.04,118.4,99.9,90.1,91.3,29.6,28.21,27.33,27.53
66.4,2994,162.5,100,0,-0.4,3,7149,0.04,0.04,118.4,99.8,90.1,91.3,29.6,28.21,27.33,27.53
66.44,2995,162.5,100,0,-0.1,3,7151,0.02,0.04,118.4,99.8,90.1,91.3,29.59,28.21,27.32,27.52
66.48,2997,162.6,100,0,0.2,3,7154,-0.04,0.04,118.4,99.8,90.1,91.3,29.59,28.21,27.32,27.52
66.52,2999,162.6,100,0,-0.5,3,7156,-0.02,0.04,118.4,99.8,90.1,91.3,29.59,28.21,27.32,27.52
66.56,3001,162.7,100,0,-0.1,3,7159,-0.01,0.04,118.4,99.8,90.1,91.3,29.59,28.21,27.32,27.52
66.6,3003,162.8,100,0,-0.8,3,7161,0.03,0.04,118.3,99.8,90.1,91.3,29.59,28.21,27.32,27.52
66.64,3004,162.8,100,0,-0.3,3,7164,0.02,0.04,118.3,99.8,90.1,91.3,29.59,28.21,27.32,27.52
66.68,3006,162.9,100,0,0.2,3,7166,-0.01,0.04,118.3,99.8,90.1,91.3,29.59,28.21,27.32,27.52
66.72,3008,162.9,100,0,0,3,7169,0,0.04,118.3,99.7,90,91.2,29.59,28.21,27.32,27.52
66.76,3010,163,100,0,-0.7,3,7171,-0.01,0.04,118.3,99.7,90,91.2,29.59,28.2,27.32,27.52
66.8,3012,163,100,0,0.1,3,7174,0,0.04,118.3,99.7,90,91.2,29.59,28.2,27.32,27.52
66.84,3013,163.1,100,0,0.5,3,7177,0.04,0.04,118.3,99.7,90,91.2,29.59,28.2,27.32,27.52
66.88,3015,163.2,100,0,0,3,7179,-0.02,0.04,118.3,99.7,90,91.2,29.58,28.2,27.31,27.51
66.92,3017,163.2,100,0,0.2,3,7182,0.05,0.04,118.2,99.7,90,91.2,29.58,28.2,27.31,27.51
66.96,3019,163.3,100,0,-0.2,3,7184,0.01,0.04,118.2,99.7,90,91.2,29.58,28.2,27.31,27.51
67,3021,163.3,100,0,-0.1,3,7187,-0.01,0.04,118.2,99.7,90,91.2,29.58,28.2,27.31,27.51
67.04,3022,163.4,100,0,-0.2,3,7189,-0.01,0.04,118.2,99.6,89.9,91.1,29.58,28.2,27.31,27.51
67.08,3024,163.4,100,0,0.3,3,7192,0.03,0.04,118.2,99.6,89.9,91.1,29.58,28.2,27.31,27.51
67.12,3026,163.5,100,0,-0.3,3,7194,-0.02,0.04,118.2,99.6,89.9,91.1,29.58,28.2,27.31,27.51
67.16,3028,163.6,100,0,0.7,3,7197,0,0.04,118.2,99.6,89.9,91.1,29.58,28.2,27.31,27.51
67.2,3030,163.6,100,0,0.6,3,7199,-0.03,0.04,118.2,99.6,89.9,91.1,29.58,28.2,27.31,27.51
67.24,3032,163.7,100,0,-0.5,3,7202,-0.04,0.04,118.1,99.6,89.9,91.1,29.58,28.19,27.31,27.51
67.28,3033,163.7,100,0,-0.4,3,7204,-0.02,0.04,118.1,99.6,89.9,91.1,29.58,28.19,27.31,27.51
67.32,3035,163.8,100,0,-0.1,3,7207,0.02,0.04,118.1,99.6,89.9,91.1,29.57,28.19,27.3,27.5
67.36,3037,163.9,100,0,1,3,7209,-0.02,0.04,118.1,99.6,89.8,91,29.57,28.19,27.3,27.5
67.4,3039,163.9,100,0,-0.2,3,7212,0.02,0.04,118.1,99.5,89.8,91,29.57,28.19,27.3,27.5
67.44,3041,164,100,0,0,3,7215,-0.02,0.04,118.1,99.5,89.8,91,29.57,28.19,27.3,27.5
67.48,3042,164,100,0,0.2,3,7217,-0.06,0.04,118.1,99.5,89.8,91,29.57,28.19,27.3,27.5
67.52,3044,164.1,100,0,-0.1,3,7220,-0.02,0.04,118.1,99.5,89.8,91,29.57,28.19,27.3,27.5
67.56,3046,164.1,100,0,-0.1,3,7222,0.01,0.04,118.1,99.5,89.8,91,29.57,28.19,27.3,27.5
67.6,3048,164.2,100,0,-0.1,3,7225,0.02,0.04,118,99.5,89.8,91,29.57,28.19,27.3,27.5
67.64,3050,164.3,100,0,0.6,3,7227,0.02,0.04,118,99.5,89.8,91,29.57,28.19,27.3,27.5
67.68,3052,164.3,100,0,0,3,7230,-0.01,0.04,118,99.5,89.8,91,29.57,28.18,27.3,27.5
67.72,3053,164.4,100,0,-0.5,3,7232,-0.02,0.04,118,99.4,89.7,90.9,29.57,28.18,27.3,27.5
67.76,3055,164.4,100,0,-0.2,3,7235,0.01,0.04,118,99.4,89.7,90.9,29.56,28.18,27.29,27.49
67.8,3057,164.5,100,0,0.5,3,7237,0.04,0.04,118,99.4,89.7,90.9,29.56,28.18,27.29,27.49
67.84,3059,164.5,100,0,-0.2,3,7240,0.01,0.04,118,99.4,89.7,90.9,29.56,28.18,27.29,27.49
67.88,3061,164.6,100,0,0.6,3,7242,-0.01,0.04,118,99.4,89.7,90.9,29.56,28.18,27.29,27.49
67.92,3063,164.7,100,0,-0.6,3,7245,-0.01,0.04,117.9,99.4,89.7,90.9,29.56,28.18,27.29,27.49
67.96,3064,164.7,100,0,-0.2,3,7247,0.02,0.04,117.9,99.4,89.7,90.9,29.56,28.18,27.29,27.49
68,3066,164.8,100,0,-0.9,3,7250,-0.03,0.04,117.9,99.4,89.7,90.9,29.56,28.18,27.29,27.49
68.04,3068,164.8,100,0,0.5,3,7253,-0.02,0.04,117.9,99.3,89.6,90.8,29.56,28.18,27.29,27.49
68.08,3070,164.9,100,0,-0.1,3,7255,0.01,0.04,117.9,99.3,89.6,90.8,29.56,28.18,27.29,27.49
68.12,3072,164.9,100,0,0.2,3,7258,0.03,0.04,117.9,99.3,89.6,90.8,29.56,28.17,27.29,27.49
68.16,3074,165,100,0,-0.1,3,7260,0.02,0.04,117.9,99.3,89.6,90.8,29.56,28.17,27.29,27.49
68.2,3075,165.1,100,0,0.5,3,7263,0.01,0.04,117.9,99.3,89.6,90.8,29.55,28.17,27.28,27.48
68.24,3077,165.1,100,0,0.3,3,7265,-0.02,0.04,117.8,99.3,89.6,90.8,29.55,28.17,27.28,27.48
68.28,3079,165.2,100,0,-0.1,3,7268,0.02,0.04,117.8,99.3,89.6,90.8,29.55,28.17,27.28,27.48
68.32,3081,165.2,100,0,0.2,3,7270,-0.02,0.04,117.8,99.3,89.6,90.8,29.55,28.17,27.28,27.48
68.36,3083,165.3,100,0,-0.4,3,7273,-0.01,0.04,117.8,99.3,89.5,90.7,29.55,28.17,27.28,27.48
68.4,3085,165.3,100,0,0.1,3,7275,0,0.04,117.8,99.2,89.5,90.7,29.55,28.17,27.28,27.48
68.44,3086,165.4,100,0,0.7,3,7278,0.03,0.04,117.8,99.2,89.5,90.7,29.55,28.17,27.28,27.48
68.48,3088,165.5,100,0,0.5,3,7280,-0.01,0.04,117.8,99.2,89.5,90.7,29.55,28.17,27.28,27.48
68.52,3090,165.5,100,0,0.3,3,7283,0.01,0.04,117.8,99.2,89.5,90.7,29.55,28.17,27.28,27.48
68.56,3092,165.6,100,0,0.1,3,7285,0.05,0.04,117.8,99.2,89.5,90.7,29.55,28.16,27.28,27.48
68.6,3094,165.6,100,0,0.1,3,7288,-0.03,0.04,117.7,99.2,89.5,90.7,29.55,28.16,27.28,27.48
68.64,3096,165.7,100,0,-0.3,3,7291,-0.05,0.04,117.7,99.2,89.5,90.7,29.54,28.16,27.27,27.47
68.68,3097,165.8,100,0,0.1,3,7293,0.02,0.04,117.7,99.2,89.5,90.7,29.54,28.16,27.27,27.47
68.72,3099,165.8,100,0,0.1,3,7296,-0.02,0.04,117.7,99.1,89.4,90.6,29.54,28.16,27.27,27.47
68.76,3101,165.7,0,5,0.2,3,7289,0,-1.85,117.8,99.2,89.4,90.6,29.55,28.16,27.27,27.47
68.8,3103,165.3,0,13,0.7,3,7272,0,-1.85,117.9,99.2,89.4,90.6,29.56,28.17,27.27,27.47
68.84,3105,164.6,0,21,-0.2,3,7244,0,-1.85,118.1,99.3,89.4,90.6,29.57,28.17,27.27,27.47
68.88,3107,163.8,0,29,1,3,7206,0,-1.85,118.2,99.3,89.4,90.6,29.58,28.17,27.27,27.47
68.92,3108,162.6,0,38,0.1,3,7156,0,-1.85,118.3,99.3,89.4,90.6,29.59,28.18,27.27,27.47
68.96,3110,161.2,0,46,-1,3,7095,0,-1.85,118.4,99.4,89.4,90.6,29.6,28.18,27.27,27.47
69,3112,159.6,0,54,-0.3,3,7024,0,-1.85,118.5,99.4,89.4,90.6,29.61,28.18,27.27,27.47
69.04,3114,157.8,0,61,0.1,3,6943,0,-1.85,118.7,99.5,89.4,90.6,29.61,28.18,27.27,27.47
69.08,3116,155.7,0,69,-0.5,3,6852,0,-1.85,118.8,99.5,89.4,90.6,29.62,28.19,27.27,27.47
69.12,3117,153.4,0,77,0.8,3,6750,0,-1.85,118.9,99.5,89.4,90.6,29.63,28.19,27.27,27.47
69.16,3119,151,0,80,-0.7,3,6645,0,-1.85,119,99.6,89.4,90.6,29.64,28.19,27.27,27.47
69.2,3121,148.6,0,80,-1,3,6539,0,-1.85,119.1,99.6,89.4,90.6,29.65,28.2,27.27,27.47
69.24,3122,146.2,0,80,1.2,3,6434,0,-1.85,119.3,99.7,89.4,90.6,29.66,28.2,27.27,27.47
69.28,3124,145,0,80,0.9,3,6380,0,-1.85,119.4,99.7,89.4,90.6,29.67,28.2,27.27,27.47
69.32,3126,145,0,80,-0.1,3,6380,0,-1.85,119.5,99.7,89.4,90.6,29.68,28.21,27.27,27.47
69.36,3127,145,0,80,-0.2,3,6380,0,-1.85,119.6,99.8,89.4,90.6,29.69,28.21,27.27,27.47
69.4,3129,145,0,80,-0.5,3,6380,0,-1.85,119.7,99.8,89.4,90.6,29.7,28.21,27.27,27.47
69.44,3130,145,0,80,0.4,3,6380,0,-1.85,119.9,99.9,89.4,90.6,29.7,28.21,27.27,27.47
69.48,3132,145,0,80,0.9,3,6380,0,-1.85,120,99.9,89.4,90.6,29.71,28.22,27.27,27.47
69.52,3134,145,0,80,-0.5,3,6380,0,-1.85,120.1,99.9,89.4,90.6,29.72,28.22,27.27,27.47
69.56,3135,145,0,80,0.6,3,6380,0,-1.85,120.2,100,89.4,90.6,29.73,28.22,27.27,27.47
69.6,3137,145,0,80,-0.9,3,6380,0,-1.85,120.3,100,89.4,90.6,29.74,28.23,27.27,27.47
69.64,3138,145,0,80,-0.2,3,6380,0,-1.85,120.5,100.1,89.4,90.6,29.75,28.23,27.27,27.47
69.68,3140,145,0,80,-0.2,3,6380,0,-1.85,120.6,100.1,89.4,90.6,29.76,28.23,27.27,27.47
69.72,3142,145,0,80,-0.6,3,6380,0,-1.85,120.7,100.1,89.4,90.6,29.77,28.24,27.27,27.47
69.76,3143,145,0,80,-1.6,3,6380,0,-1.85,120.8,100.2,89.4,90.6,29.78,28.24,27.27,27.47
69.8,3145,145,0,80,0.7,3,6380,0,-1.85,120.9,100.2,89.4,90.6,29.79,28.24,27.27,27.47
69.84,3147,145,0,80,-0.4,3,6380,0,-1.85,121.1,100.3,89.4,90.6,29.79,28.24,27.27,27.47
69.88,3148,145,0,80,-2.6,3,6380,0,-1.85,121.2,100.3,89.4,90.6,29.8,28.25,27.27,27.47
69.92,3150,145,0,80,-1.2,3,6380,0,-1.85,121.3,100.3,89.4,90.6,29.81,28.25,27.27,27.47
69.96,3151,145,0,80,-0.3,3,6380,0,-1.85,121.4,100.4,89.4,90.6,29.82,28.25,27.27,27.47
70,3153,145,0,80,-0.1,3,6380,0,-1.85,121.5,100.4,89.4,90.6,29.83,28.26,27.27,27.47
70.04,3155,145,0,79,1,3,6380,0.02,-1.39,121.7,100.5,89.4,90.6,29.84,28.26,27.27,27.47
70.08,3156,145,0,76,2.2,3,6380,0.07,-1.35,121.8,100.5,89.4,90.6,29.85,28.26,27.27,27.47
70.12,3158,145,0,74,4.3,3,6380,0.12,-1.32,121.9,100.5,89.4,90.6,29.86,28.27,27.27,27.47
70.16,3159,145,0,71,7.2,3,6380,0.17,-1.29,122,100.6,89.4,90.6,29.87,28.27,27.27,27.47
70.2,3161,145,0,68,8,3,6380,0.22,-1.25,122.1,100.6,89.4,90.6,29.88,28.27,27.27,27.47
70.24,3163,145,0,66,9.7,3,6380,0.27,-1.22,122.3,100.7,89.4,90.6,29.88,28.27,27.27,27.47
70.28,3164,145,0,63,12.1,3,6380,0.33,-1.18,122.4,100.7,89.4,90.6,29.89,28.28,27.27,27.47
70.32,3166,145,0,61,13.9,3,6380,0.38,-1.15,122.5,100.7,89.4,90.6,29.9,28.28,27.27,27.47
70.36,3167,145,0,58,15.2,3,6380,0.43,-1.11,122.6,100.8,89.4,90.6,29.91,28.28,27.27,27.47
70.4,3169,145,0,56,16.8,3,6380,0.48,-1.08,122.7,100.8,89.4,90.6,29.92,28.29,27.27,27.47
70.44,3171,145,0,53,18.6,3,6380,0.53,-1.05,122.9,100.9,89.4,90.6,29.93,28.29,27.27,27.47
70.48,3172,145,0,51,20.4,3,6380,0.58,-1.01,123,100.9,89.4,90.6,29.94,28.29,27.27,27.47
70.52,3174,145,0,48,22.7,3,6380,0.63,-0.98,123.1,100.9,89.4,90.6,29.95,28.3,27.27,27.47
70.56,3176,145,0,46,23,3,6380,0.68,-0.94,123.2,101,89.4,90.6,29.96,28.3,27.27,27.47
70.6,3177,145,0,44,24.9,3,6380,0.74,-0.91,123.3,101,89.4,90.6,29.97,28.3,27.27,27.47
70.64,3179,145,0,41,26.5,3,6380,0.79,-0.88,123.5,101.1,89.4,90.6,29.97,28.3,27.27,27.47
70.68,3180,145,0,39,28.1,3,6380,0.84,-0.84,123.6,101.1,89.4,90.6,29.98,28.31,27.27,27.47
70.72,3182,145,0,37,30.6,3,6380,0.89,-0.81,123.7,101.1,89.4,90.6,29.99,28.31,27.27,27.47
70.76,3184,145,0,35,31.4,3,6380,0.94,-0.77,123.8,101.2,89.4,90.6,30,28.31,27.27,27.47
70.8,3185,145,0,33,32.6,3,6380,0.99,-0.74,123.9,101.2,89.4,90.6,30.01,28.32,27.27,27.47
70.84,3187,145,0,31,33.8,3,6380,1.04,-0.7,124.1,101.3,89.4,90.6,30.02,28.32,27.27,27.47
70.88,3188,145,0,29,35.5,3,6380,1.09,-0.67,124.2,101.3,89.4,90.6,30.03,28.32,27.27,27.47
70.92,3190,145,0,27,36.8,3,6380,1.15,-0.64,124.3,101.3,89.4,90.6,30.04,28.33,27.27,27.47
70.96,3192,145,0,25,37.4,3,6380,1.2,-0.6,124.4,101.4,89.4,90.6,30.05,28.33,27.27,27.47
71,3193,145,0,23,38.8,3,6380,1.25,-0.57,124.5,101.4,89.4,90.6,30.06,28.33,27.27,27.47
71.04,3195,145,0,21,39.3,3,6380,1.3,-0.53,124.7,101.5,89.4,90.6,30.06,28.33,27.27,27.47
71.08,3196,145,0,19,40.9,3,6380,1.35,-0.5,124.8,101.5,89.4,90.6,30.07,28.34,27.27,27.47
71.12,3198,145,0,17,40.8,3,6380,1.4,-0.47,124.9,101.5,89.4,90.6,30.08,28.34,27.27,27.47
71.16,3200,145,0,15,42,3,6380,1.45,-0.43,125,101.6,89.4,90.6,30.09,28.34,27.27,27.47
71.2,3201,145,0,14,43.3,3,6380,1.5,-0.4,125.1,101.6,89.4,90.6,30.1,28.35,27.27,27.47
71.24,3203,145,0,12,43.9,3,6380,1.56,-0.36,125.3,101.7,89.4,90.6,30.11,28.35,27.27,27.47
71.28,3205,145,0,11,45.2,3,6380,1.61,-0.33,125.4,101.7,89.4,90.6,30.12,28.35,27.27,27.47
71.32,3206,145,0,9,45.1,3,6380,1.66,-0.29,125.5,101.7,89.4,90.6,30.13,28.36,27.27,27.47
71.36,3208,145,0,8,46.5,3,6380,1.71,-0.26,125.6,101.8,89.4,90.6,30.14,28.36,27.27,27.47
71.4,3209,145,0,6,45.9,3,6380,1.76,-0.23,125.7,101.8,89.4,90.6,30.15,28.36,27.27,27.47
71.44,3211,145,0,5,46.6,3,6380,1.81,-0.19,125.9,101.9,89.4,90.6,30.15,28.36,27.27,27.47
71.48,3213,145,0,4,47,3,6380,1.86,-0.16,126,101.9,89.4,90.6,30.16,28.37,27.27,27.47
71.52,3214,145,0,3,47.3,3,6380,1.91,-0.12,126.1,101.9,89.4,90.6,30.17,28.37,27.27,27.47
71.56,3216,145,0,2,47.6,3,6380,1.97,-0.09,126.2,102,89.4,90.6,30.18,28.37,27.27,27.47
71.6,3217,145,0,1,46.9,3,6380,2.02,-0.05,126.3,102,89.4,90.6,30.19,28.38,27.27,27.47
71.64,3219,145,0,0,47.8,3,6380,2.07,-0.02,126.5,102.1,89.4,90.6,30.2,28.38,27.27,27.47
71.68,3221,145,1,0,48.5,3,6380,1.94,0,126.5,102.1,89.5,90.7,30.2,28.38,27.28,27.48
71.72,3222,145,3,0,47.1,3,6380,1.92,0.01,126.5,102.1,89.5,90.7,30.2,28.38,27.28,27.48
71.76,3224,145,5,0,46.5,3,6380,1.9,0.02,126.5,102.1,89.5,90.7,30.2,28.38,27.28,27.48
71.8,3225,145,7,0,46.3,3,6381,1.88,0.03,126.5,102.1,89.6,90.8,30.2,28.38,27.28,27.48
71.84,3227,145,9,0,45,3,6381,1.86,0.04,126.5,102.1,89.6,90.8,30.2,28.38,27.29,27.49
71.88,3229,145,11,0,44.1,3,6382,1.84,0.05,126.5,102.1,89.6,90.8,30.2,28.38,27.29,27.49
71.92,3230,145,12,0,44.1,3,6382,1.82,0.06,126.5,102.1,89.7,90.9,30.2,28.38,27.29,27.49
71.96,3232,145.1,14,0,43.7,3,6383,1.8,0.06,126.5,102.1,89.7,90.9,30.2,28.38,27.29,27.49
72,3234,145.1,16,0,41.6,3,6383,1.77,0.07,126.5,102.1,89.8,91,30.2,28.38,27.3,27.5
72.04,3235,145.1,17,0,41.6,3,6384,1.75,0.08,126.5,102.1,89.8,91,30.2,28.38,27.3,27.5
72.08,3237,145.1,19,0,40.5,3,6385,1.73,0.09,126.5,102.1,89.8,91,30.2,28.38,27.3,27.5
72.12,3238,145.1,20,0,40.9,3,6386,1.71,0.1,126.5,102.1,89.9,91.1,30.2,28.38,27.3,27.5
72.16,3240,145.2,22,0,40.2,3,6387,1.69,0.11,126.5,102.1,89.9,91.1,30.2,28.38,27.31,27.51
72.2,3242,145.2,23,0,39.7,3,6388,1.67,0.12,126.5,102.1,89.9,91.1,30.2,28.38,27.31,27.51
72.24,3243,145.2,25,0,38.6,3,6389,1.65,0.13,126.5,102.1,90,91.2,30.2,28.38,27.31,27.51
72.28,3245,145.2,26,0,38.3,3,6390,1.63,0.13,126.5,102.1,90,91.2,30.2,28.38,27.31,27.51
72.32,3246,145.3,28,0,37.7,3,6391,1.61,0.14,126.5,102.1,90,91.2,30.2,28.38,27.32,27.52
72.36,3248,145.3,29,0,36.9,3,6393,1.59,0.15,126.5,102.1,90.1,91.3,30.2,28.38,27.32,27.52
72.4,3250,145.3,30,0,36.1,3,6394,1.56,0.16,126.5,102.1,90.1,91.3,30.2,28.38,27.32,27.52
72.44,3251,145.3,32,0,35.9,3,6395,1.54,0.17,126.5,102.1,90.1,91.3,30.2,28.38,27.33,27.53
72.48,3253,145.4,33,0,34.9,3,6397,1.52,0.18,126.5,102.1,90.2,91.4,30.2,28.38,27.33,27.53
72.52,3254,145.4,35,0,33.3,3,6398,1.5,0.19,126.5,102.1,90.2,91.4,30.2,28.38,27.33,27.53
72.56,3256,145.5,36,0,34.3,3,6400,1.48,0.2,126.5,102.1,90.2,91.4,30.2,28.38,27.33,27.53
72.6,3258,145.5,37,0,32.4,3,6402,1.46,0.2,126.5,102.1,90.3,91.5,30.2,28.38,27.34,27.54
72.64,3259,145.5,39,0,32.3,3,6403,1.44,0.21,126.5,102.1,90.3,91.5,30.2,28.38,27.34,27.54
72.68,3261,145.6,40,0,31.9,3,6405,1.42,0.22,126.5,102.1,90.3,91.5,30.2,28.38,27.34,27.54
72.72,3263,145.6,41,0,30.9,3,6407,1.4,0.23,126.5,102.1,90.4,91.6,30.2,28.38,27.34,27.54
72.76,3264,145.7,43,0,30.2,3,6409,1.38,0.24,126.5,102.1,90.4,91.6,30.2,28.38,27.35,27.55
72.8,3266,145.7,44,0,30,3,6411,1.35,0.25,126.5,102.1,90.5,91.7,30.2,28.38,27.35,27.55
72.84,3267,145.7,45,0,29.5,3,6413,1.33,0.26,126.5,102.1,90.5,91.7,30.2,28.38,27.35,27.55
72.88,3269,145.8,47,0,27.9,3,6415,1.31,0.27,126.5,102.1,90.5,91.7,30.2,28.38,27.35,27.55
72.92,3271,145.8,48,0,27.5,3,6417,1.29,0.27,126.5,102.1,90.6,91.8,30.2,28.38,27.36,27.56
72.96,3272,145.9,49,0,26.9,3,6419,1.27,0.28,126.5,102.1,90.6,91.8,30.2,28.38,27.36,27.56
73,3274,145.9,51,0,26.3,3,6421,1.25,0.29,126.5,102.1,90.6,91.8,30.2,28.38,27.36,27.56
73.04,3276,146,52,0,25.6,3,6423,1.23,0.3,126.5,102.1,90.7,91.9,30.2,28.38,27.36,27.56
73.08,3277,146,53,0,24.7,3,6426,1.21,0.31,126.5,102.1,90.7,91.9,30.2,28.38,27.37,27.57
73.12,3279,146.1,55,0,24.8,3,6428,1.19,0.32,126.5,102.1,90.7,91.9,30.2,28.38,27.37,27.57
73.16,3280,146.1,56,0,23.1,3,6431,1.16,0.33,126.5,102.1,90.8,92,30.2,28.38,27.37,27.57
73.2,3282,146.2,57,0,22.3,3,6433,1.14,0.34,126.5,102.1,90.8,92,30.2,28.38,27.38,27.58
73.24,3284,146.3,58,0,22,3,6436,1.12,0.34,126.5,102.1,90.8,92,30.2,28.38,27.38,27.58
73.28,3285,146.3,60,0,21.1,3,6438,1.1,0.35,126.5,102.1,90.9,92.1,30.2,28.38,27.38,27.58
73.32,3287,146.4,61,0,21.5,3,6441,1.08,0.36,126.5,102.1,90.9,92.1,30.2,28.38,27.38,27.58
73.36,3289,146.4,62,0,21.2,3,6444,1.06,0.37,126.5,102.1,90.9,92.1,30.2,28.38,27.39,27.59
73.4,3290,146.5,63,0,19.7,3,6446,1.04,0.38,126.5,102.1,91,92.2,30.2,28.38,27.39,27.59
73.44,3292,146.6,65,0,19.6,3,6449,1.02,0.39,126.5,102.1,91,92.2,30.2,28.38,27.39,27.59
73.48,3293,146.6,66,0,18.7,3,6452,1,0.4,126.5,102.1,91,92.2,30.2,28.38,27.39,27.59
73.52,3295,146.7,67,0,16.7,3,6455,0.97,0.41,126.5,102.1,91.1,92.3,30.2,28.38,27.4,27.6
73.56,3297,146.8,68,0,17,3,6458,0.95,0.42,126.5,102.1,91.1,92.3,30.2,28.38,27.4,27.6
73.6,3298,146.8,70,0,16.6,3,6461,0.93,0.42,126.5,102.1,91.2,92.4,30.2,28.38,27.4,27.6
73.64,3300,146.9,71,0,16.6,3,6464,0.91,0.43,126.5,102.1,91.2,92.4,30.2,28.38,27.4,27.6
73.68,3302,147,72,0,15.3,3,6467,0.89,0.44,126.5,102.1,91.2,92.4,30.2,28.38,27.41,27.61
73.72,3303,147.1,73,0,15,3,6470,0.87,0.45,126.5,102.1,91.3,92.5,30.2,28.38,27.41,27.61
73.76,3305,147.1,74,0,14.5,3,6474,0.85,0.46,126.5,102.1,91.3,92.5,30.2,28.38,27.41,27.61
73.8,3306,147.2,76,0,14,3,6477,0.83,0.47,126.5,102.1,91.3,92.5,30.2,28.38,27.41,27.61
73.84,3308,147.3,77,0,13.7,3,6480,0.8,0.48,126.5,102.1,91.4,92.6,30.2,28.38,27.42,27.62
73.88,3310,147.4,78,0,11.8,3,6484,0.78,0.49,126.5,102.1,91.4,92.6,30.2,28.38,27.42,27.62
73.92,3311,147.4,79,0,11.6,3,6487,0.76,0.49,126.5,102.1,91.4,92.6,30.2,28.38,27.42,27.62
73.96,3313,147.5,81,0,10.6,3,6491,0.74,0.5,126.5,102.1,91.5,92.7,30.2,28.38,27.43,27.63
74,3315,147.6,82,0,9.9,3,6494,0.72,0.51,126.5,102.1,91.5,92.7,30.2,28.38,27.43,27.63
74.04,3316,147.7,83,0,9.6,3,6498,0.7,0.52,126.5,102.1,91.5,92.7,30.2,28.38,27.43,27.63
74.08,3318,147.8,84,0,7.8,3,6501,0.68,0.53,126.5,102.1,91.6,92.8,30.2,28.38,27.43,27.63
74.12,3320,147.8,85,0,8.6,3,6505,0.66,0.54,126.5,102.1,91.6,92.8,30.2,28.38,27.44,27.64
74.16,3321,147.9,87,0,7.5,3,6509,0.63,0.55,126.5,102.1,91.6,92.8,30.2,28.38,27.44,27.64
74.2,3323,148,88,0,6.9,3,6513,0.61,0.56,126.5,102.1,91.7,92.9,30.2,28.38,27.44,27.64
74.24,3325,148.1,89,0,5.8,3,6516,0.59,0.57,126.5,102.1,91.7,92.9,30.2,28.38,27.44,27.64
74.28,3326,148.2,90,0,5.7,3,6520,0.57,0.58,126.5,102.1,91.7,92.9,30.2,28.38,27.45,27.65
74.32,3328,148.3,91,0,4.7,3,6524,0.55,0.58,126.5,102.1,91.8,93,30.2,28.38,27.45,27.65
74.36,3329,148.4,92,0,4.4,3,6528,0.53,0.59,126.5,102.1,91.8,93,30.2,28.38,27.45,27.65
74.4,3331,148.5,94,0,4.3,3,6532,0.51,0.6,126.5,102.1,91.9,93.1,30.2,28.38,27.45,27.65
74.44,3333,148.6,95,0,2.8,3,6536,0.48,0.61,126.5,102.1,91.9,93.1,30.2,28.38,27.46,27.66
74.48,3334,148.6,96,0,1.9,3,6540,0.46,0.62,126.5,102.1,91.9,93.1,30.2,28.38,27.46,27.66
74.52,3336,148.7,97,0,2.1,3,6545,0.44,0.63,126.5,102.1,92,93.2,30.2,28.38,27.46,27.66
74.56,3338,148.8,98,0,0.9,3,6549,0.42,0.64,126.5,102.1,92,93.2,30.2,28.38,27.46,27.66
74.6,3339,148.9,100,0,0.2,3,6553,0.4,0.65,126.5,102.1,92,93.2,30.2,28.38,27.47,27.67
74.64,3341,149,100,0,0.6,3,6556,-0.01,0.04,126.5,102.1,92,93.2,30.2,28.38,27.47,27.67
74.68,3343,149,100,0,0.2,3,6558,0.01,0.04,126.4,102,92,93.2,30.2,28.38,27.47,27.67
74.72,3344,149.1,100,0,-0.1,3,6561,0,0.04,126.4,102,92,93.2,30.2,28.38,27.46,27.66
74.76,3346,149.2,100,0,-0.3,3,6563,0,0.04,126.4,102,92,93.2,30.2,28.38,27.46,27.66
74.8,3348,149.2,100,0,-0.7,3,6566,-0.01,0.04,126.4,102,92,93.2,30.2,28.38,27.46,27.66
74.84,3349,149.3,100,0,0,3,6568,0.05,0.04,126.4,102,92,93.2,30.19,28.37,27.46,27.66
74.88,3351,149.3,100,0,0.2,3,6571,0.01,0.04,126.4,102,91.9,93.1,30.19,28.37,27.46,27.66
74.92,3353,149.4,100,0,-0.4,3,6573,0,0.04,126.4,102,91.9,93.1,30.19,28.37,27.46,27.66
74.96,3354,149.5,100,0,0,3,6576,0.02,0.04,126.4,102,91.9,93.1,30.19,28.37,27.46,27.66
75,3356,149.5,100,0,-0.1,3,6578,0.02,0.04,126.3,101.9,91.9,93.1,30.19,28.37,27.46,27.66
75.04,3358,149.6,100,0,0,3,6581,-0.02,0.04,126.3,101.9,91.9,93.1,30.19,28.37,27.46,27.66
75.08,3359,149.6,100,0,0.3,3,6583,0.01,0.04,126.3,101.9,91.9,93.1,30.19,28.37,27.46,27.66
75.12,3361,149.7,100,0,0.3,3,6586,0.01,0.04,126.3,101.9,91.9,93.1,30.19,28.37,27.46,27.66
75.16,3363,149.7,100,0,0.6,3,6589,0,0.04,126.3,101.9,91.9,93.1,30.19,28.37,27.45,27.65
75.2,3364,149.8,100,0,0.1,3,6591,-0.01,0.04,126.3,101.9,91.8,93,30.19,28.37,27.45,27.65
75.24,3366,149.9,100,0,0.5,3,6594,-0.01,0.04,126.3,101.9,91.8,93,30.19,28.37,27.45,27.65
75.28,3368,149.9,100,0,0,3,6596,0.01,0.04,126.3,101.9,91.8,93,30.18,28.36,27.45,27.65
75.32,3369,150,100,0,0.3,3,6599,0.01,0.04,126.2,101.8,91.8,93,30.18,28.36,27.45,27.65
75.36,3371,150,100,0,0.2,3,6601,0.01,0.04,126.2,101.8,91.8,93,30.18,28.36,27.45,27.65
75.4,3373,150.1,100,0,0.8,3,6604,-0.01,0.04,126.2,101.8,91.8,93,30.18,28.36,27.45,27.65
75.44,3374,150.1,100,0,-0.9,3,6606,0,0.04,126.2,101.8,91.8,93,30.18,28.36,27.45,27.65
75.48,3376,150.2,100,0,0.1,3,6609,0.05,0.04,126.2,101.8,91.8,93,30.18,28.36,27.45,27.65
75.52,3378,150.3,100,0,0.4,3,6611,-0.03,0.04,126.2,101.8,91.8,93,30.18,28.36,27.45,27.65
75.56,3379,150.3,100,0,-0.6,3,6614,-0.05,0.04,126.2,101.8,91.7,92.9,30.18,28.36,27.45,27.65
75.6,3381,150.4,100,0,-0.2,3,6616,0,0.04,126.2,101.8,91.7,92.9,30.18,28.36,27.44,27.64
75.64,3383,150.4,100,0,-0.5,3,6619,-0.01,0.04,126.2,101.8,91.7,92.9,30.18,28.36,27.44,27.64
75.68,3384,150.5,100,0,0.7,3,6622,-0.01,0.04,126.1,101.7,91.7,92.9,30.18,28.36,27.44,27.64
75.72,3386,150.5,100,0,-0.5,3,6624,0.03,0.04,126.1,101.7,91.7,92.9,30.17,28.35,27.44,27.64
75.76,3388,150.6,100,0,-0.2,3,6627,-0.04,0.04,126.1,101.7,91.7,92.9,30.17,28.35,27.44,27.64
75.8,3389,150.7,100,0,0,3,6629,-0.08,0.04,126.1,101.7,91.7,92.9,30.17,28.35,27.44,27.64
75.84,3391,150.7,100,0,-0.1,3,6632,-0.03,0.04,126.1,101.7,91.7,92.9,30.17,28.35,27.44,27.64
75.88,3393,150.8,100,0,-0.5,3,6634,-0.01,0.04,126.1,101.7,91.6,92.8,30.17,28.35,27.44,27.64
75.92,3394,150.8,100,0,-0.2,3,6637,0.02,0.04,126.1,101.7,91.6,92.8,30.17,28.35,27.44,27.64
75.96,3396,150.9,100,0,-0.4,3,6639,-0.01,0.04,126.1,101.7,91.6,92.8,30.17,28.35,27.44,27.64
76,3398,150.9,100,0,0.4,3,6642,0.03,0.04,126,101.6,91.6,92.8,30.17,28.35,27.44,27.64
76.04,3399,151,100,0,-0.6,3,6644,-0.01,0.04,126,101.6,91.6,92.8,30.17,28.35,27.43,27.63
76.08,3401,151.1,100,0,0,3,6647,-0.03,0.04,126,101.6,91.6,92.8,30.17,28.35,27.43,27.63
76.12,3403,151.1,100,0,0.2,3,6649,-0.02,0.04,126,101.6,91.6,92.8,30.17,28.35,27.43,27.63
76.16,3404,151.2,100,0,0,3,6652,-0.02,0.04,126,101.6,91.6,92.8,30.16,28.34,27.43,27.63
76.2,3406,151.2,100,0,-0.3,3,6654,0.01,0.04,126,101.6,91.5,92.7,30.16,28.34,27.43,27.63
76.24,3408,151.3,100,0,-0.6,3,6657,0.05,0.04,126,101.6,91.5,92.7,30.16,28.34,27.43,27.63
76.28,3409,151.4,100,0,0.3,3,6660,0,0.04,126,101.6,91.5,92.7,30.16,28.34,27.43,27.63
76.32,3411,151.4,100,0,-0.5,3,6662,0.01,0.04,125.9,101.5,91.5,92.7,30.16,28.34,27.43,27.63
76.36,3413,151.5,100,0,-0.5,3,6665,0,0.04,125.9,101.5,91.5,92.7,30.16,28.34,27.43,27.63
76.4,3414,151.5,100,0,-0.1,3,6667,0,0.04,125.9,101.5,91.5,92.7,30.16,28.34,27.43,27.63
76.44,3416,151.6,100,0,-0.1,3,6670,0.02,0.04,125.9,101.5,91.5,92.7,30.16,28.34,27.43,27.63
76.48,3418,151.6,100,0,0,3,6672,0,0.04,125.9,101.5,91.5,92.7,30.16,28.34,27.42,27.62
76.52,3420,151.7,100,0,-0.1,3,6675,0.04,0.04,125.9,101.5,91.5,92.7,30.16,28.34,27.42,27.62
76.56,3421,151.8,100,0,0.2,3,6677,0.03,0.04,125.9,101.5,91.4,92.6,30.16,28.34,27.42,27.62
76.6,3423,151.8,100,0,0.1,3,6680,0,0.04,125.9,101.5,91.4,92.6,30.15,28.33,27.42,27.62
76.64,3425,151.9,100,0,0.8,3,6682,0,0.04,125.9,101.5,91.4,92.6,30.15,28.33,27.42,27.62
76.68,3426,151.9,100,0,-0.4,3,6685,0,0.04,125.8,101.4,91.4,92.6,30.15,28.33,27.42,27.62
76.72,3428,152,100,0,0.1,3,6687,-0.02,0.04,125.8,101.4,91.4,92.6,30.15,28.33,27.42,27.62
76.76,3430,152,100,0,0.4,3,6690,0.01,0.04,125.8,101.4,91.4,92.6,30.15,28.33,27.42,27.62
76.8,3431,152.1,100,0,-0.3,3,6692,0.01,0.04,125.8,101.4,91.4,92.6,30.15,28.33,27.42,27.62
76.84,3433,152.2,100,0,0.2,3,6695,-0.01,0.04,125.8,101.4,91.4,92.6,30.15,28.33,27.42,27.62
76.88,3435,152.2,100,0,-0.6,3,6698,-0.02,0.04,125.8,101.4,91.3,92.5,30.15,28.33,27.42,27.62
76.92,3436,152.3,100,0,0,3,6700,0.01,0.04,125.8,101.4,91.3,92.5,30.15,28.33,27.41,27.61
76.96,3438,152.3,100,0,0,3,6703,0.01,0.04,125.8,101.4,91.3,92.5,30.15,28.33,27.41,27.61
77,3440,152.4,100,0,-0.6,3,6705,0.02,0.04,125.7,101.3,91.3,92.5,30.15,28.33,27.41,27.61
77.04,3441,152.4,100,0,0,3,6708,0.02,0.04,125.7,101.3,91.3,92.5,30.14,28.32,27.41,27.61
77.08,3443,152.5,100,0,-0.2,3,6710,0.05,0.04,125.7,101.3,91.3,92.5,30.14,28.32,27.41,27.61
77.12,3445,152.6,100,0,0.2,3,6713,0.01,0.04,125.7,101.3,91.3,92.5,30.14,28.32,27.41,27.61
77.16,3447,152.6,100,0,0,3,6715,0.02,0.04,125.7,101.3,91.3,92.5,30.14,28.32,27.41,27.61
77.2,3448,152.7,100,0,0.1,3,6718,-0.01,0.04,125.7,101.3,91.2,92.4,30.14,28.32,27.41,27.61
77.24,3450,152.7,100,0,0.1,3,6720,-0.03,0.04,125.7,101.3,91.2,92.4,30.14,28.32,27.41,27.61
77.28,3452,152.8,100,0,0,3,6723,0.02,0.04,125.7,101.3,91.2,92.4,30.14,28.32,27.41,27.61
77.32,3453,152.9,100,0,0.6,3,6725,0,0.04,125.6,101.2,91.2,92.4,30.14,28.32,27.41,27.61
77.36,3455,152.9,100,0,0.6,3,6728,0,0.04,125.6,101.2,91.2,92.4,30.14,28.32,27.41,27.61
77.4,3457,153,100,0,0.7,3,6730,0,0.04,125.6,101.2,91.2,92.4,30.14,28.32,27.4,27.6
77.44,3458,153,100,0,-0.4,3,6733,-0.01,0.04,125.6,101.2,91.2,92.4,30.14,28.32,27.4,27.6
77.48,3460,153.1,100,0,0,3,6736,-0.02,0.04,125.6,101.2,91.2,92.4,30.14,28.32,27.4,27.6
77.52,3462,153.1,100,0,-0.4,3,6738,-0.01,0.04,125.6,101.2,91.2,92.4,30.13,28.31,27.4,27.6
77.56,3464,153.2,100,0,-0.2,3,6741,0.02,0.04,125.6,101.2,91.1,92.3,30.13,28.31,27.4,27.6
77.6,3465,153.3,100,0,-0.4,3,6743,0,0.04,125.6,101.2,91.1,92.3,30.13,28.31,27.4,27.6
77.64,3467,153.3,100,0,-0.1,3,6746,0,0.04,125.6,101.2,91.1,92.3,30.13,28.31,27.4,27.6
77.68,3469,153.4,100,0,-0.6,3,6748,0.02,0.04,125.5,101.1,91.1,92.3,30.13,28.31,27.4,27.6
77.72,3470,153.4,100,0,-0.2,3,6751,-0.04,0.04,125.5,101.1,91.1,92.3,30.13,28.31,27.4,27.6
77.76,3472,153.5,100,0,-0.2,3,6753,0.02,0.04,125.5,101.1,91.1,92.3,30.13,28.31,27.4,27.6
77.8,3474,153.5,100,0,0.2,3,6756,-0.01,0.04,125.5,101.1,91.1,92.3,30.13,28.31,27.4,27.6
77.84,3475,153.6,100,0,0.8,3,6758,0,0.04,125.5,101.1,91.1,92.3,30.13,28.31,27.39,27.59
77.88,3477,153.7,100,0,-0.1,3,6761,0.01,0.04,125.5,101.1,91,92.2,30.13,28.31,27.39,27.59
77.92,3479,153.7,100,0,0.2,3,6763,0,0.04,125.5,101.1,91,92.2,30.13,28.31,27.39,27.59
77.96,3481,153.8,100,0,0,3,6766,0,0.04,125.5,101.1,91,92.2,30.12,28.3,27.39,27.59
78,3482,153.8,100,0,-0.2,3,6769,-0.02,0.04,125.4,101,91,92.2,30.12,28.3,27.39,27.59
78.04,3484,153.9,100,0,-0.6,3,6771,0,0.04,125.4,101,91,92.2,30.12,28.3,27.39,27.59
78.08,3486,153.9,100,0,0.1,3,6774,0,0.04,125.4,101,91,92.2,30.12,28.3,27.39,27.59
78.12,3487,154,100,0,-0.2,3,6776,-0.01,0.04,125.4,101,91,92.2,30.12,28.3,27.39,27.59
78.16,3489,154.1,100,0,-0.4,3,6779,-0.02,0.04,125.4,101,91,92.2,30.12,28.3,27.39,27.59
78.2,3491,154.1,100,0,-0.4,3,6781,0.03,0.04,125.4,101,90.9,92.1,30.12,28.3,27.39,27.59
78.24,3493,154.2,100,0,0.6,3,6784,-0.02,0.04,125.4,101,90.9,92.1,30.12,28.3,27.39,27.59
78.28,3494,154.2,100,0,0.2,3,6786,0,0.04,125.4,101,90.9,92.1,30.12,28.3,27.38,27.58
78.32,3496,154.3,100,0,-0.8,3,6789,0.01,0.04,125.3,100.9,90.9,92.1,30.12,28.3,27.38,27.58
78.36,3498,154.3,100,0,-0.7,3,6791,-0.01,0.04,125.3,100.9,90.9,92.1,30.12,28.3,27.38,27.58
78.4,3499,154.4,100,0,-0.3,3,6794,0,0.04,125.3,100.9,90.9,92.1,30.11,28.29,27.38,27.58
78.44,3501,154.5,100,0,0.1,3,6796,0.01,0.04,125.3,100.9,90.9,92.1,30.11,28.29,27.38,27.58
78.48,3503,154.5,100,0,0.2,3,6799,-0.03,0.04,125.3,100.9,90.9,92.1,30.11,28.29,27.38,27.58
78.52,3505,154.6,100,0,0.2,3,6801,0.02,0.04,125.3,100.9,90.9,92.1,30.11,28.29,27.38,27.58
78.56,3506,154.6,100,0,0.5,3,6804,-0.02,0.04,125.3,100.9,90.8,92,30.11,28.29,27.38,27.58
78.6,3508,154.7,100,0,0.4,3,6807,0.01,0.04,125.3,100.9,90.8,92,30.11,28.29,27.38,27.58
78.64,3510,154.8,100,0,0.9,3,6809,0.04,0.04,125.3,100.9,90.8,92,30.11,28.29,27.38,27.58
78.68,3511,154.8,100,0,-0.3,3,6812,-0.04,0.04,125.2,100.8,90.8,92,30.11,28.29,27.38,27.58
78.72,3513,154.9,100,0,0.1,3,6814,-0.02,0.04,125.2,100.8,90.8,92,30.11,28.29,27.37,27.57
78.76,3515,154.9,100,0,0.2,3,6817,-0.01,0.04,125.2,100.8,90.8,92,30.11,28.29,27.37,27.57
78.8,3517,155,100,0,-1,3,6819,0.02,0.04,125.2,100.8,90.8,92,30.11,28.29,27.37,27.57
78.84,3518,155,100,0,-0.3,3,6822,-0.01,0.04,125.2,100.8,90.8,92,30.1,28.28,27.37,27.57
78.88,3520,155.1,100,0,0.2,3,6824,0.04,0.04,125.2,100.8,90.7,91.9,30.1,28.28,27.37,27.57
78.92,3522,155.2,100,0,-0.2,3,6827,-0.03,0.04,125.2,100.8,90.7,91.9,30.1,28.28,27.37,27.57
78.96,3523,155.2,100,0,0.2,3,6829,-0.01,0.04,125.2,100.8,90.7,91.9,30.1,28.28,27.37,27.57
79,3525,155.3,100,0,-0.5,3,6832,-0.01,0.04,125.1,100.7,90.7,91.9,30.1,28.28,27.37,27.57
79.04,3527,155.3,100,0,-0.2,3,6834,-0.02,0.04,125.1,100.7,90.7,91.9,30.1,28.28,27.37,27.57
79.08,3529,155.4,100,0,-0.1,3,6837,0,0.04,125.1,100.7,90.7,91.9,30.1,28.28,27.37,27.57
79.12,3530,155.4,100,0,0.7,3,6839,0.01,0.04,125.1,100.7,90.7,91.9,30.1,28.28,27.37,27.57
79.16,3532,155.5,100,0,0.8,3,6842,-0.01,0.04,125.1,100.7,90.7,91.9,30.1,28.28,27.36,27.56
79.2,3534,155.6,100,0,-0.3,3,6845,0.01,0.04,125.1,100.7,90.6,91.8,30.1,28.28,27.36,27.56
79.24,3536,155.6,100,0,0.3,3,6847,0.06,0.04,125.1,100.7,90.6,91.8,30.1,28.28,27.36,27.56
79.28,3537,155.7,100,0,-0.5,3,6850,0,0.04,125.1,100.7,90.6,91.8,30.09,28.27,27.36,27.56
79.32,3539,155.7,100,0,-1,3,6852,-0.04,0.04,125,100.6,90.6,91.8,30.09,28.27,27.36,27.56
79.36,3541,155.8,100,0,-0.1,3,6855,0.01,0.04,125,100.6,90.6,91.8,30.09,28.27,27.36,27.56
79.4,3543,155.8,100,0,0.8,3,6857,0,0.04,125,100.6,90.6,91.8,30.09,28.27,27.36,27.56
79.44,3544,155.9,100,0,-0.6,3,6860,0,0.04,125,100.6,90.6,91.8,30.09,28.27,27.36,27.56
79.48,3546,156,100,0,0.2,3,6862,-0.02,0.04,125,100.6,90.6,91.8,30.09,28.27,27.36,27.56
79.52,3548,156,100,0,0.2,3,6865,-0.02,0.04,125,100.6,90.6,91.8,30.09,28.27,27.36,27.56
79.56,3549,156.1,100,0,0.6,3,6867,-0.02,0.04,125,100.6,90.5,91.7,30.09,28.27,27.36,27.56
79.6,3551,156.1,100,0,-0.5,3,6870,0,0.04,125,100.6,90.5,91.7,30.09,28.27,27.35,27.55
79.64,3553,156.2,100,0,0.4,3,6872,-0.01,0.04,125,100.6,90.5,91.7,30.09,28.27,27.35,27.55
79.68,3555,156.2,100,0,0.8,3,6875,-0.02,0.04,124.9,100.5,90.5,91.7,30.09,28.27,27.35,27.55
79.72,3556,156.3,100,0,0,3,6877,0,0.04,124.9,100.5,90.5,91.7,30.08,28.26,27.35,27.55
79.76,3558,156.4,100,0,0.1,3,6880,0,0.04,124.9,100.5,90.5,91.7,30.08,28.26,27.35,27.55
79.8,3560,156.4,100,0,0.9,3,6883,-0.01,0.04,124.9,100.5,90.5,91.7,30.08,28.26,27.35,27.55
79.84,3562,156.5,100,0,-0.2,3,6885,0.01,0.04,124.9,100.5,90.5,91.7,30.08,28.26,27.35,27.55
79.88,3563,156.5,100,0,0.2,3,6888,0.01,0.04,124.9,100.5,90.4,91.6,30.08,28.26,27.35,27.55
79.92,3565,156.6,100,0,-0.1,3,6890,0.01,0.04,124.9,100.5,90.4,91.6,30.08,28.26,27.35,27.55
79.96,3567,156.7,100,0,0.2,3,6893,0,0.04,124.9,100.5,90.4,91.6,30.08,28.26,27.35,27.55
80,3569,156.7,100,0,-0.7,3,6895,0.02,0.04,124.8,100.4,90.4,91.6,30.08,28.26,27.35,27.55
80.04,3570,156.8,100,0,-0.2,3,6898,0,0.04,124.8,100.4,90.4,91.6,30.08,28.26,27.34,27.54
80.08,3572,156.8,100,0,0.2,3,6900,-0.01,0.04,124.8,100.4,90.4,91.6,30.08,28.26,27.34,27.54
80.12,3574,156.9,100,0,0.2,3,6903,0.03,0.04,124.8,100.4,90.4,91.6,30.08,28.26,27.34,27.54
80.16,3576,156.9,100,0,0.9,3,6905,-0.01,0.04,124.8,100.4,90.4,91.6,30.07,28.25,27.34,27.54
80.2,3577,157,100,0,0,3,6908,0.01,0.04,124.8,100.4,90.3,91.5,30.07,28.25,27.34,27.54
80.24,3579,157.1,100,0,0.2,3,6910,0.03,0.04,124.8,100.4,90.3,91.5,30.07,28.25,27.34,27.54
80.28,3581,157.1,100,0,0.8,3,6913,0.01,0.04,124.8,100.4,90.3,91.5,30.07,28.25,27.34,27.54
80.32,3582,157.2,100,0,0,3,6916,-0.01,0.04,124.7,100.3,90.3,91.5,30.07,28.25,27.34,27.54
80.36,3584,157.2,100,0,0,3,6918,-0.01,0.04,124.7,100.3,90.3,91.5,30.07,28.25,27.34,27.54
80.4,3586,157.3,100,0,0.3,3,6921,0,0.04,124.7,100.3,90.3,91.5,30.07,28.25,27.34,27.54
80.44,3588,157.3,100,0,0.1,3,6923,0,0.04,124.7,100.3,90.3,91.5,30.07,28.25,27.34,27.54
80.48,3589,157.4,100,0,0.5,3,6926,-0.05,0.04,124.7,100.3,90.3,91.5,30.07,28.25,27.33,27.53
80.52,3591,157.5,100,0,0.2,3,6928,-0.02,0.04,124.7,100.3,90.3,91.5,30.07,28.25,27.33,27.53
80.56,3593,157.5,100,0,0.5,3,6931,0.01,0.04,124.7,100.3,90.2,91.4,30.07,28.25,27.33,27.53
80.6,3595,157.6,100,0,-0.9,3,6933,-0.01,0.04,124.7,100.3,90.2,91.4,30.06,28.24,27.33,27.53
80.64,3596,157.6,100,0,0,3,6936,0.01,0.04,124.7,100.3,90.2,91.4,30.06,28.24,27.33,27.53
80.68,3598,157.7,100,0,0.6,3,6938,-0.01,0.04,124.6,100.2,90.2,91.4,30.06,28.24,27.33,27.53
80.72,3600,157.7,100,0,-0.1,3,6941,-0.03,0.04,124.6,100.2,90.2,91.4,30.06,28.24,27.33,27.53
80.76,3602,157.8,100,0,-0.3,3,6943,-0.01,0.04,124.6,100.2,90.2,91.4,30.06,28.24,27.33,27.53
80.8,3603,157.9,100,0,0.3,3,6946,0.03,0.04,124.6,100.2,90.2,91.4,30.06,28.24,27.33,27.53
80.84,3605,157.9,100,0,-0.2,3,6948,0,0.04,124.6,100.2,90.2,91.4,30.06,28.24,27.33,27.53
80.88,3607,158,100,0,-0.6,3,6951,0.01,0.04,124.6,100.2,90.1,91.3,30.06,28.24,27.33,27.53
80.92,3609,158,100,0,0,3,6954,-0.03,0.04,124.6,100.2,90.1,91.3,30.06,28.24,27.32,27.52
80.96,3611,158.1,100,0,0.2,3,6956,0.02,0.04,124.6,100.2,90.1,91.3,30.06,28.24,27.32,27.52
81,3612,158.1,100,0,0.7,3,6959,-0.02,0.04,124.5,100.1,90.1,91.3,30.06,28.24,27.32,27.52
81.04,3614,158.2,100,0,-0.2,3,6961,-0.01,0.04,124.5,100.1,90.1,91.3,30.05,28.23,27.32,27.52
81.08,3616,158.3,100,0,0.8,3,6964,0.01,0.04,124.5,100.1,90.1,91.3,30.05,28.23,27.32,27.52
81.12,3618,158.3,100,0,0,3,6966,0,0.04,124.5,100.1,90.1,91.3,30.05,28.23,27.32,27.52
81.16,3619,158.4,100,0,0.3,3,6969,0.03,0.04,124.5,100.1,90.1,91.3,30.05,28.23,27.32,27.52
81.2,3621,158.4,100,0,0.3,3,6971,0.03,0.04,124.5,100.1,90,91.2,30.05,28.23,27.32,27.52
81.24,3623,158.5,100,0,-0.1,3,6974,0.02,0.04,124.5,100.1,90,91.2,30.05,28.23,27.32,27.52
81.28,3625,158.6,100,0,-0.1,3,6976,-0.02,0.04,124.5,100.1,90,91.2,30.05,28.23,27.32,27.52
81.32,3626,158.6,100,0,0.5,3,6979,0.02,0.04,124.4,100,90,91.2,30.05,28.23,27.32,27.52
81.36,3628,158.7,100,0,0,3,6981,-0.02,0.04,124.4,100,90,91.2,30.05,28.23,27.32,27.52
81.4,3630,158.7,100,0,-1.2,3,6984,0.02,0.04,124.4,100,90,91.2,30.05,28.23,27.31,27.51
81.44,3632,158.8,100,0,-0.2,3,6986,0,0.04,124.4,100,90,91.2,30.05,28.23,27.31,27.51
81.48,3633,158.8,100,0,-0.4,3,6989,-0.04,0.04,124.4,100,90,91.2,30.05,28.23,27.31,27.51
81.52,3635,158.9,100,0,0,3,6992,-0.01,0.04,124.4,100,90,91.2,30.04,28.22,27.31,27.51
81.56,3637,159,100,0,0.1,3,6994,-0.01,0.04,124.4,100,89.9,91.1,30.04,28.22,27.31,27.51
81.6,3639,159,100,0,0.6,3,6997,0,0.04,124.4,100,89.9,91.1,30.04,28.22,27.31,27.51
81.64,3640,159.1,100,0,0,3,6999,0.01,0.04,124.4,100,89.9,91.1,30.04,28.22,27.31,27.51
81.68,3642,159.1,100,0,-0.4,3,7002,-0.01,0.04,124.3,99.9,89.9,91.1,30.04,28.22,27.31,27.51
81.72,3644,159.2,100,0,-0.4,3,7004,0.05,0.04,124.3,99.9,89.9,91.1,30.04,28.22,27.31,27.51
81.76,3646,159.2,100,0,-0.9,3,7007,-0.01,0.04,124.3,99.9,89.9,91.1,30.04,28.22,27.31,27.51
81.8,3648,159.3,100,0,0.3,3,7009,0.01,0.04,124.3,99.9,89.9,91.1,30.04,28.22,27.31,27.51
81.84,3649,159.4,100,0,-0.2,3,7012,0,0.04,124.3,99.9,89.9,91.1,30.04,28.22,27.3,27.5
81.88,3651,159.4,100,0,-0.4,3,7014,-0.03,0.04,124.3,99.9,89.8,91,30.04,28.22,27.3,27.5
81.92,3653,159.5,100,0,0,3,7017,0,0.04,124.3,99.9,89.8,91,30.04,28.22,27.3,27.5
81.96,3655,159.5,100,0,0.1,3,7019,-0.01,0.04,124.3,99.9,89.8,91,30.03,28.21,27.3,27.5
82,3656,159.6,100,0,0,3,7022,0,0.04,124.2,99.8,89.8,91,30.03,28.21,27.3,27.5
82.04,3658,159.6,100,0,0.4,3,7024,0,0.04,124.2,99.8,89.8,91,30.03,28.21,27.3,27.5
82.08,3660,159.7,100,0,-0.7,3,7027,0,0.04,124.2,99.8,89.8,91,30.03,28.21,27.3,27.5
82.12,3662,159.8,100,0,-0.4,3,7030,0.04,0.04,124.2,99.8,89.8,91,30.03,28.21,27.3,27.5
82.16,3663,159.8,100,0,0,3,7032,-0.01,0.04,124.2,99.8,89.8,91,30.03,28.21,27.3,27.5
82.2,3665,159.9,100,0,-0.3,3,7035,-0.01,0.04,124.2,99.8,89.7,90.9,30.03,28.21,27.3,27.5
82.24,3667,159.9,100,0,0.3,3,7037,-0.01,0.04,124.2,99.8,89.7,90.9,30.03,28.21,27.3,27.5
82.28,3669,160,100,0,0.4,3,7040,0.02,0.04,124.2,99.8,89.7,90.9,30.03,28.21,27.29,27.49
82.32,3671,160.1,100,0,-0.8,3,6197,0.02,0.04,124.1,99.7,89.7,90.9,30.03,28.21,27.29,27.49
82.36,3672,160.1,100,0,0.2,3,6200,0.01,0.04,124.1,99.7,89.7,90.9,30.03,28.21,27.29,27.49
82.4,3674,160.2,100,0,0.2,3,6201,0,0.04,124.1,99.7,89.7,90.9,30.02,28.2,27.29,27.49
82.44,3676,160.2,100,0,-0.1,3,6204,0.01,0.04,124.1,99.7,89.7,90.9,30.02,28.2,27.29,27.49
82.48,3678,160.3,100,0,0.1,3,6206,0.02,0.04,124.1,99.7,89.7,90.9,30.02,28.2,27.29,27.49
82.52,3679,160.3,100,0,0.6,3,6208,0.02,0.04,124.1,99.7,89.7,90.9,30.02,28.2,27.29,27.49
82.56,3681,160.4,100,0,-0.2,3,6210,0.01,0.04,124.1,99.7,89.6,90.8,30.02,28.2,27.29,27.49
82.6,3683,160.5,100,0,0.5,3,6213,0.03,0.04,124.1,99.7,89.6,90.8,30.02,28.2,27.29,27.49
82.64,3685,160.5,100,0,0.2,3,6215,-0.01,0.04,124.1,99.7,89.6,90.8,30.02,28.2,27.29,27.49
82.68,3687,160.6,100,0,0.8,3,6217,0,0.04,124,99.6,89.6,90.8,30.02,28.2,27.29,27.49
82.72,3688,160.6,100,0,0,3,6220,0.02,0.04,124,99.6,89.6,90.8,30.02,28.2,27.28,27.48
82.76,3690,160.7,100,0,-0.1,3,6222,0.01,0.04,124,99.6,89.6,90.8,30.02,28.2,27.28,27.48
82.8,3692,160.7,100,0,0.3,3,6224,0.01,0.04,124,99.6,89.6,90.8,30.02,28.2,27.28,27.48
82.84,3694,160.8,100,0,0.3,3,6226,-0.01,0.04,124,99.6,89.6,90.8,30.01,28.19,27.28,27.48
82.88,3696,160.9,100,0,-0.2,3,6229,0.02,0.04,124,99.6,89.5,90.7,30.01,28.19,27.28,27.48
82.92,3697,160.9,100,0,-0.2,3,6230,-0.01,0.04,124,99.6,89.5,90.7,30.01,28.19,27.28,27.48
82.96,3699,161,100,0,0.5,3,6233,0.04,0.04,124,99.6,89.5,90.7,30.01,28.19,27.28,27.48
83,3701,161,100,0,0.2,3,6235,-0.01,0.04,123.9,99.5,89.5,90.7,30.01,28.19,27.28,27.48
83.04,3703,161.1,100,0,1,3,6237,0,0.04,123.9,99.5,89.5,90.7,30.01,28.19,27.28,27.48
83.08,3704,161.1,100,0,0.2,3,6239,0,0.04,123.9,99.5,89.5,90.7,30.01,28.19,27.28,27.48
83.12,3706,161.2,100,0,0.4,3,7093,0,0.04,123.9,99.5,89.5,90.7,30.01,28.19,27.28,27.48
83.16,3708,161.3,100,0,0.3,3,7095,-0.01,0.04,123.9,99.5,89.5,90.7,30.01,28.19,27.27,27.47
83.2,3710,161.3,100,0,0,3,7098,0,0.04,123.9,99.5,89.4,90.6,30.01,28.19,27.27,27.47
83.24,3712,161.4,100,0,0.3,3,7101,-0.02,0.04,123.9,99.5,89.4,90.6,30.01,28.19,27.27,27.47
83.28,3713,161.4,100,0,0.1,3,7103,0,0.04,123.9,99.5,89.4,90.6,30,28.18,27.27,27.47
83.32,3715,161.5,100,0,0,3,7106,-0.01,0.04,123.8,99.4,89.4,90.6,30,28.18,27.27,27.47
83.36,3717,161.5,100,0,-0.2,3,7108,-0.01,0.04,123.8,99.4,89.4,90.6,30,28.18,27.27,27.47
83.4,3719,161.6,100,0,0.4,3,7111,0.03,0.04,123.8,99.4,89.4,90.6,30,28.18,27.27,27.47
83.44,3721,161.7,100,0,0.2,3,7113,-0.02,0.04,123.8,99.4,89.4,90.6,30,28.18,27.27,27.47
83.48,3722,161.7,100,0,0.3,3,7116,0.03,0.04,123.8,99.4,89.4,90.6,30,28.18,27.27,27.47
83.52,3724,161.8,100,0,0,3,7118,-0.01,0.04,123.8,99.4,89.4,90.6,30,28.18,27.27,27.47
83.56,3726,161.8,100,0,-0.2,3,7121,0.05,0.04,123.8,99.4,89.3,90.5,30,28.18,27.27,27.47
83.6,3728,161.9,100,0,0,3,7123,0,0.04,123.8,99.4,89.3,90.5,30,28.18,27.26,27.46
83.64,3730,162,100,0,0.2,3,7126,0.02,0.04,123.8,99.4,89.3,90.5,30,28.18,27.26,27.46
83.68,3731,162,100,0,0.3,3,7128,-0.02,0.04,123.7,99.3,89.3,90.5,30,28.18,27.26,27.46
83.72,3733,162.1,100,0,-0.4,3,7131,-0.01,0.04,123.7,99.3,89.3,90.5,29.99,28.17,27.26,27.46
83.76,3735,162.1,100,0,-0.8,3,7133,0.02,0.04,123.7,99.3,89.3,90.5,29.99,28.17,27.26,27.46
83.8,3737,162.2,100,0,-0.3,3,7136,-0.01,0.04,123.7,99.3,89.3,90.5,29.99,28.17,27.26,27.46
83.84,3739,162.2,100,0,0.2,3,7139,0,0.04,123.7,99.3,89.3,90.5,29.99,28.17,27.26,27.46
83.88,3740,162.3,100,0,0.4,3,7141,-0.02,0.04,123.7,99.3,89.2,90.4,29.99,28.17,27.26,27.46
83.92,3742,162.4,100,0,0.3,3,7144,0.02,0.04,123.7,99.3,89.2,90.4,29.99,28.17,27.26,27.46
83.96,3744,162.4,100,0,0.3,3,7146,-0.05,0.04,123.7,99.3,89.2,90.4,29.99,28.17,27.26,27.46
84,3746,162.5,100,0,-0.4,3,7149,0.01,0.04,123.6,99.2,89.2,90.4,29.99,28.17,27.26,27.46
84.04,3748,162.5,100,0,0.4,3,7151,0,0.04,123.6,99.2,89.2,90.4,29.99,28.17,27.25,27.45
84.08,3749,162.6,100,0,0.2,3,7154,-0.04,0.04,123.6,99.2,89.2,90.4,29.99,28.17,27.25,27.45
84.12,3751,162.6,100,0,0.7,3,7156,-0.03,0.04,123.6,99.2,89.2,90.4,29.99,28.17,27.25,27.45
84.16,3753,162.7,100,0,-0.3,3,7159,-0.03,0.04,123.6,99.2,89.2,90.4,29.98,28.16,27.25,27.45
84.2,3755,162.8,100,0,-0.1,3,7161,0,0.04,123.6,99.2,89.1,90.3,29.98,28.16,27.25,27.45
84.24,3757,162.8,100,0,0.1,3,7164,-0.01,0.04,123.6,99.2,89.1,90.3,29.98,28.16,27.25,27.45
84.28,3758,162.9,100,0,0.3,3,7166,-0.03,0.04,123.6,99.2,89.1,90.3,29.98,28.16,27.25,27.45
84.32,3760,162.9,100,0,0,3,7169,0.01,0.04,123.5,99.1,89.1,90.3,29.98,28.16,27.25,27.45
84.36,3762,163,100,0,-0.4,3,7171,0,0.04,123.5,99.1,89.1,90.3,29.98,28.16,27.25,27.45
84.4,3764,163,100,0,-0.1,3,7174,-0.02,0.04,123.5,99.1,89.1,90.3,29.98,28.16,27.25,27.45
84.44,3766,163.1,100,0,-0.8,3,7177,0,0.04,123.5,99.1,89.1,90.3,29.98,28.16,27.25,27.45
84.48,3768,163.2,100,0,0.2,3,7179,-0.04,0.04,123.5,99.1,89.1,90.3,29.98,28.16,27.24,27.44
84.52,3769,163.2,100,0,0.7,3,7182,-0.02,0.04,123.5,99.1,89.1,90.3,29.98,28.16,27.24,27.44
84.56,3771,163.3,100,0,-0.5,3,7184,-0.02,0.04,123.5,99.1,89,90.2,29.98,28.16,27.24,27.44
84.6,3773,163.3,100,0,0.5,3,7187,0,0.04,123.5,99.1,89,90.2,29.97,28.15,27.24,27.44
84.64,3775,163.4,100,0,0.2,3,7189,0.01,0.04,123.5,99.1,89,90.2,29.97,28.15,27.24,27.44
84.68,3777,163.4,100,0,0,3,7192,0.02,0.04,123.4,99,89,90.2,29.97,28.15,27.24,27.44
84.72,3778,163.5,100,0,0.1,3,7194,-0.02,0.04,123.4,99,89,90.2,29.97,28.15,27.24,27.44
84.76,3780,163.6,100,0,-0.2,3,7197,0.02,0.04,123.4,99,89,90.2,29.97,28.15,27.24,27.44
84.8,3782,163.6,100,0,1.2,3,7199,-0.01,0.04,123.4,99,89,90.2,29.97,28.15,27.24,27.44
84.84,3784,163.7,100,0,0.7,3,7202,0,0.04,123.4,99,89,90.2,29.97,28.15,27.24,27.44
84.88,3786,163.7,100,0,0.1,3,7204,0.02,0.04,123.4,99,88.9,90.1,29.97,28.15,27.24,27.44
84.92,3788,163.8,100,0,-0.2,3,7207,-0.02,0.04,123.4,99,88.9,90.1,29.97,28.15,27.23,27.43
84.96,3789,163.9,100,0,-0.2,3,7209,-0.04,0.04,123.4,99,88.9,90.1,29.97,28.15,27.23,27.43
85,3791,163.9,100,0,-0.3,3,7212,0.02,0.04,123.3,98.9,88.9,90.1,29.97,28.15,27.23,27.43
85.04,3793,164,100,0,0,3,7215,-0.02,0.04,123.3,98.9,88.9,90.1,29.96,28.14,27.23,27.43
85.08,3795,164,100,0,-0.4,3,7217,-0.01,0.04,123.3,98.9,88.9,90.1,29.96,28.14,27.23,27.43
85.12,3797,164.1,100,0,0.2,3,7220,-0.01,0.04,123.3,98.9,88.9,90.1,29.96,28.14,27.23,27.43
85.16,3798,164.1,100,0,-0.1,3,7222,0.01,0.04,123.3,98.9,88.9,90.1,29.96,28.14,27.23,27.43
85.2,3800,164.2,100,0,0.2,3,7225,-0.03,0.04,123.3,98.9,88.8,90,29.96,28.14,27.23,27.43
85.24,3802,164.3,100,0,0.9,3,7227,0.03,0.04,123.3,98.9,88.8,90,29.96,28.14,27.23,27.43
85.28,3804,164.3,100,0,0.2,3,7230,0.02,0.04,123.3,98.9,88.8,90,29.96,28.14,27.23,27.43
85.32,3806,164.4,100,0,-0.2,3,7232,-0.02,0.04,123.2,98.8,88.8,90,29.96,28.14,27.23,27.43
85.36,3808,164.4,100,0,0.4,3,7235,-0.01,0.04,123.2,98.8,88.8,90,29.96,28.14,27.23,27.43
85.4,3809,164.5,100,0,0.2,3,7237,0,0.04,123.2,98.8,88.8,90,29.96,28.14,27.22,27.42
85.44,3811,164.5,100,0,-0.2,3,7240,-0.02,0.04,123.2,98.8,88.8,90,29.96,28.14,27.22,27.42
85.48,3813,164.6,100,0,-0.1,3,7242,-0.02,0.04,123.2,98.8,88.8,90,29.96,28.14,27.22,27.42
85.52,3815,164.7,100,0,-0.4,3,7245,-0.02,0.04,123.2,98.8,88.8,90,29.95,28.13,27.22,27.42
85.56,3817,164.7,100,0,0.6,3,7248,-0.03,0.04,123.2,98.8,88.7,89.9,29.95,28.13,27.22,27.42
85.6,3819,164.8,100,0,0.1,3,7250,0.03,0.04,123.2,98.8,88.7,89.9,29.95,28.13,27.22,27.42
85.64,3820,164.8,100,0,0.7,3,7253,0.01,0.04,123.2,98.8,88.7,89.9,29.95,28.13,27.22,27.42
85.68,3822,164.9,100,0,-0.2,3,7255,0.05,0.04,123.1,98.7,88.7,89.9,29.95,28.13,27.22,27.42
85.72,3824,164.9,100,0,-0.2,3,7258,0.02,0.04,123.1,98.7,88.7,89.9,29.95,28.13,27.22,27.42
85.76,3826,165,100,0,0,3,7260,0.04,0.04,123.1,98.7,88.7,89.9,29.95,28.13,27.22,27.42
85.8,3828,165.1,100,0,-0.1,3,7263,-0.02,0.04,123.1,98.7,88.7,89.9,29.95,28.13,27.22,27.42
85.84,3830,165.1,100,0,0.1,3,7265,-0.01,0.04,123.1,98.7,88.7,89.9,29.95,28.13,27.21,27.41
85.88,3831,165.2,100,0,-0.3,3,7268,0.02,0.04,123.1,98.7,88.6,89.8,29.95,28.13,27.21,27.41
85.92,3833,165.2,100,0,0.4,3,7270,0,0.04,123.1,98.7,88.6,89.8,29.95,28.13,27.21,27.41
85.96,3835,165.3,100,0,-0.2,3,7273,-0.01,0.04,123.1,98.7,88.6,89.8,29.94,28.12,27.21,27.41
86,3837,165.3,100,0,-0.1,3,7275,-0.01,0.04,123,98.6,88.6,89.8,29.94,28.12,27.21,27.41
86.04,3839,165.4,100,0,0.4,3,7278,-0.02,0.04,123,98.6,88.6,89.8,29.94,28.12,27.21,27.41
86.08,3841,165.5,100,0,0.1,3,7280,0.01,0.04,123,98.6,88.6,89.8,29.94,28.12,27.21,27.41
86.12,3842,165.5,100,0,-0.5,3,7283,0.02,0.04,123,98.6,88.6,89.8,29.94,28.12,27.21,27.41
86.16,3844,165.6,100,0,-0.5,3,7286,0,0.04,123,98.6,88.6,89.8,29.94,28.12,27.21,27.41
86.2,3846,165.6,100,0,0,3,7288,0,0.04,123,98.6,88.5,89.7,29.94,28.12,27.21,27.41
86.24,3848,165.7,100,0,-0.3,3,7291,0.01,0.04,123,98.6,88.5,89.7,29.94,28.12,27.21,27.41
86.28,3850,165.8,100,0,0.1,3,7293,-0.04,0.04,123,98.6,88.5,89.7,29.94,28.12,27.2,27.4
86.32,3852,165.8,100,0,-1.1,3,7296,0.02,0.04,122.9,98.5,88.5,89.7,29.94,28.12,27.2,27.4
86.36,3853,165.9,100,0,-0.1,3,7298,-0.01,0.04,122.9,98.5,88.5,89.7,29.94,28.12,27.2,27.4
86.4,3855,165.9,100,0,-0.8,3,7301,0,0.04,122.9,98.5,88.5,89.7,29.93,28.11,27.2,27.4
86.44,3857,166,100,0,-0.6,3,7303,-0.02,0.04,122.9,98.5,88.5,89.7,29.93,28.11,27.2,27.4
86.48,3859,166,100,0,-0.6,3,7306,0.01,0.04,122.9,98.5,88.5,89.7,29.93,28.11,27.2,27.4
86.52,3861,166.1,100,0,0.3,3,7308,-0.01,0.04,122.9,98.5,88.5,89.7,29.93,28.11,27.2,27.4
86.56,3863,166.2,100,0,-0.4,3,7311,-0.01,0.04,122.9,98.5,88.4,89.6,29.93,28.11,27.2,27.4
86.6,3865,166.2,100,0,0.5,3,7313,-0.02,0.04,122.9,98.5,88.4,89.6,29.93,28.11,27.2,27.4
86.64,3866,166.3,100,0,-0.1,3,7316,-0.03,0.04,122.9,98.5,88.4,89.6,29.93,28.11,27.2,27.4
86.68,3868,166.3,100,0,0.3,3,7318,0.01,0.04,122.8,98.4,88.4,89.6,29.93,28.11,27.2,27.4
86.72,3870,166.4,100,0,-0.2,3,7321,-0.02,0.04,122.8,98.4,88.4,89.6,29.93,28.11,27.19,27.39
86.76,3872,166.4,100,0,-0.6,3,7324,0.02,0.04,122.8,98.4,88.4,89.6,29.93,28.11,27.19,27.39
86.8,3874,166.5,100,0,0.2,3,7326,-0.04,0.04,122.8,98.4,88.4,89.6,29.93,28.11,27.19,27.39
86.84,3876,166.6,100,0,0.3,3,7329,-0.03,0.04,122.8,98.4,88.4,89.6,29.92,28.1,27.19,27.39
86.88,3877,166.6,100,0,0.5,3,7331,0,0.04,122.8,98.4,88.3,89.5,29.92,28.1,27.19,27.39
86.92,3879,166.7,100,0,0.6,3,7334,0.01,0.04,122.8,98.4,88.3,89.5,29.92,28.1,27.19,27.39
86.96,3881,166.7,100,0,0.4,3,7336,0.02,0.04,122.8,98.4,88.3,89.5,29.92,28.1,27.19,27.39
87,3883,166.8,100,0,1,3,7339,-0.01,0.04,122.7,98.3,88.3,89.5,29.92,28.1,27.19,27.39
87.04,3885,166.8,100,0,0.5,3,7341,0.03,0.04,122.7,98.3,88.3,89.5,29.92,28.1,27.19,27.39
87.08,3887,166.9,100,0,-0.2,3,7344,0.02,0.04,122.7,98.3,88.3,89.5,29.92,28.1,27.19,27.39
87.12,3889,167,100,0,-0.4,3,7346,0.01,0.04,122.7,98.3,88.3,89.5,29.92,28.1,27.19,27.39
87.16,3890,167,100,0,0,3,7349,-0.03,0.04,122.7,98.3,88.3,89.5,29.92,28.1,27.18,27.38
87.2,3892,167.1,100,0,-0.3,3,7351,-0.01,0.04,122.7,98.3,88.2,89.4,29.92,28.1,27.18,27.38
87.24,3894,167.1,100,0,-0.2,3,7354,-0.03,0.04,122.7,98.3,88.2,89.4,29.92,28.1,27.18,27.38
87.28,3896,167.2,100,0,0.5,3,7356,0,0.04,122.7,98.3,88.2,89.4,29.91,28.09,27.18,27.38
87.32,3898,167.3,100,0,0.1,3,7359,-0.02,0.04,122.6,98.2,88.2,89.4,29.91,28.09,27.18,27.38
87.36,3900,167.3,100,0,-0.1,3,7362,0,0.04,122.6,98.2,88.2,89.4,29.91,28.09,27.18,27.38
87.4,3902,167.4,100,0,0,3,7364,0,0.04,122.6,98.2,88.2,89.4,29.91,28.09,27.18,27.38
87.44,3903,167.4,100,0,0.6,3,7367,0,0.04,122.6,98.2,88.2,89.4,29.91,28.09,27.18,27.38
87.48,3905,167.5,100,0,0.3,3,7369,0,0.04,122.6,98.2,88.2,89.4,29.91,28.09,27.18,27.38
87.52,3907,167.5,100,0,0,3,7372,-0.02,0.04,122.6,98.2,88.2,89.4,29.91,28.09,27.18,27.38
87.56,3909,167.6,100,0,0,3,7374,0,0.04,122.6,98.2,88.1,89.3,29.91,28.09,27.18,27.38
87.6,3911,167.7,100,0,-0.4,3,7377,0,0.04,122.6,98.2,88.1,89.3,29.91,28.09,27.17,27.37
87.64,3913,167.7,100,0,0.1,3,7379,-0.04,0.04,122.6,98.2,88.1,89.3,29.91,28.09,27.17,27.37
87.68,3915,167.8,100,0,-0.1,3,7382,0.02,0.04,122.5,98.1,88.1,89.3,29.91,28.09,27.17,27.37
87.72,3916,167.8,100,0,0.5,3,7384,0.03,0.04,122.5,98.1,88.1,89.3,29.9,28.08,27.17,27.37
87.76,3918,167.9,100,0,0.1,3,7387,-0.03,0.04,122.5,98.1,88.1,89.3,29.9,28.08,27.17,27.37
87.8,3920,167.9,100,0,0,3,7389,-0.03,0.04,122.5,98.1,88.1,89.3,29.9,28.08,27.17,27.37
87.84,3922,168,100,0,0.3,3,7392,0.02,0.04,122.5,98.1,88.1,89.3,29.9,28.08,27.17,27.37
87.88,3924,168.1,100,0,0,3,7395,-0.02,0.04,122.5,98.1,88,89.2,29.9,28.08,27.17,27.37
87.92,3926,168.1,100,0,0.2,3,7397,-0.04,0.04,122.5,98.1,88,89.2,29.9,28.08,27.17,27.37
87.96,3928,168.2,100,0,-0.5,3,7400,0.04,0.04,122.5,98.1,88,89.2,29.9,28.08,27.17,27.37
88,3930,168.2,100,0,-0.3,3,7402,-0.03,0.04,122.4,98,88,89.2,29.9,28.08,27.17,27.37
88.04,3931,168.3,100,0,0.3,3,7405,0,0.04,122.4,98,88,89.2,29.9,28.08,27.16,27.36
88.08,3933,168.3,100,0,-1.1,3,7407,0.01,0.04,122.4,98,88,89.2,29.9,28.08,27.16,27.36
88.12,3935,168.4,100,0,0.4,3,7410,0.02,0.04,122.4,98,88,89.2,29.9,28.08,27.16,27.36
88.16,3937,168.5,100,0,-0.7,3,7412,-0.05,0.04,122.4,98,88,89.2,29.89,28.07,27.16,27.36
88.2,3939,168.5,100,0,0.3,3,7415,0,0.04,122.4,98,87.9,89.1,29.89,28.07,27.16,27.36
88.24,3941,168.6,100,0,0.1,3,7417,0.02,0.04,122.4,98,87.9,89.1,29.89,28.07,27.16,27.36
88.28,3943,168.6,100,0,-0.3,3,7420,-0.01,0.04,122.4,98,87.9,89.1,29.89,28.07,27.16,27.36
88.32,3944,168.7,100,0,0.1,3,7422,0,0.04,122.3,97.9,87.9,89.1,29.89,28.07,27.16,27.36
88.36,3946,168.7,100,0,0.7,3,7425,-0.02,0.04,122.3,97.9,87.9,89.1,29.89,28.07,27.16,27.36
88.4,3948,168.8,100,0,0.3,3,7427,-0.04,0.04,122.3,97.9,87.9,89.1,29.89,28.07,27.16,27.36
88.44,3950,168.9,100,0,0.6,3,7430,-0.01,0.04,122.3,97.9,87.9,89.1,29.89,28.07,27.16,27.36
88.48,3952,168.9,100,0,-0.6,3,7433,-0.02,0.04,122.3,97.9,87.9,89.1,29.89,28.07,27.15,27.35
88.52,3954,169,100,0,0,3,7435,-0.02,0.04,122.3,97.9,87.9,89.1,29.89,28.07,27.15,27.35
88.56,3956,169,100,0,-0.2,3,7438,-0.01,0.04,122.3,97.9,87.8,89,29.89,28.07,27.15,27.35
88.6,3958,169.1,100,0,0,3,7440,0,0.04,122.3,97.9,87.8,89,29.88,28.06,27.15,27.35
88.64,3960,169.2,100,0,-0.5,3,7443,-0.04,0.04,122.3,97.9,87.8,89,29.88,28.06,27.15,27.35
88.68,3961,169.2,100,0,-0.7,3,7445,0.01,0.04,122.2,97.8,87.8,89,29.88,28.06,27.15,27.35
88.72,3963,169.3,100,0,0.5,3,7448,0.01,0.04,122.2,97.8,87.8,89,29.88,28.06,27.15,27.35
88.76,3965,169.3,100,0,-0.7,3,7450,-0.03,0.04,122.2,97.8,87.8,89,29.88,28.06,27.15,27.35
88.8,3967,169.4,100,0,0.4,3,7453,0.01,0.04,122.2,97.8,87.8,89,29.88,28.06,27.15,27.35
88.84,3969,169.4,100,0,0.3,3,7455,0,0.04,122.2,97.8,87.8,89,29.88,28.06,27.15,27.35
88.88,3971,169.5,100,0,-0.1,3,7458,-0.02,0.04,122.2,97.8,87.7,88.9,29.88,28.06,27.15,27.35
88.92,3973,169.6,100,0,-0.2,3,7460,0.05,0.04,122.2,97.8,87.7,88.9,29.88,28.06,27.14,27.34
88.96,3975,169.6,100,0,-0.4,3,7463,-0.01,0.04,122.2,97.8,87.7,88.9,29.88,28.06,27.14,27.34
89,3976,169.7,100,0,0.1,3,7465,0.01,0.04,122.1,97.7,87.7,88.9,29.88,28.06,27.14,27.34
89.04,3978,169.7,100,0,0.1,3,7468,-0.02,0.04,122.1,97.7,87.7,88.9,29.87,28.05,27.14,27.34
89.08,3980,169.8,100,0,0,3,7471,0.03,0.04,122.1,97.7,87.7,88.9,29.87,28.05,27.14,27.34
89.12,3982,169.8,100,0,-0.3,3,7473,0.03,0.04,122.1,97.7,87.7,88.9,29.87,28.05,27.14,27.34
89.16,3984,169.9,100,0,0.9,3,7476,-0.04,0.04,122.1,97.7,87.7,88.9,29.87,28.05,27.14,27.34
89.2,3986,170,100,0,-0.5,3,7478,-0.02,0.04,122.1,97.7,87.6,88.8,29.87,28.05,27.14,27.34
89.24,3988,170,100,0,0,3,7481,0.01,0.04,122.1,97.7,87.6,88.8,29.87,28.05,27.14,27.34
89.28,3990,170.1,100,0,0.6,3,7483,-0.02,0.04,122.1,97.7,87.6,88.8,29.87,28.05,27.14,27.34
89.32,3992,170.1,100,0,-0.7,3,7486,0.01,0.04,122,97.6,87.6,88.8,29.87,28.05,27.14,27.34
89.36,3993,170.2,100,0,0.3,3,7488,0.01,0.04,122,97.6,87.6,88.8,29.87,28.05,27.14,27.34
89.4,3995,170.2,100,0,0.1,3,7491,0.01,0.04,122,97.6,87.6,88.8,29.87,28.05,27.13,27.33
89.44,3997,170.3,100,0,-0.3,3,7493,-0.02,0.04,122,97.6,87.6,88.8,29.87,28.05,27.13,27.33
89.48,3999,170.4,100,0,-0.2,3,7496,-0.03,0.04,122,97.6,87.6,88.8,29.87,28.05,27.13,27.33
89.52,4001,170.4,100,0,-1.5,3,7498,-0.03,0.04,122,97.6,87.6,88.8,29.86,28.04,27.13,27.33
89.56,4003,170.5,100,0,0.5,3,7501,0,0.04,122,97.6,87.5,88.7,29.86,28.04,27.13,27.33
89.6,4005,170.5,100,0,-0.2,3,7503,0.01,0.04,122,97.6,87.5,88.7,29.86,28.04,27.13,27.33
89.64,4007,170.6,100,0,-0.6,3,7506,0.04,0.04,122,97.6,87.5,88.7,29.86,28.04,27.13,27.33
89.68,4009,170.6,100,0,-0.5,3,7509,0,0.04,121.9,97.5,87.5,88.7,29.86,28.04,27.13,27.33
89.72,4010,170.7,100,0,0.3,3,7511,-0.04,0.04,121.9,97.5,87.5,88.7,29.86,28.04,27.13,27.33
89.76,4012,170.8,100,0,-0.6,3,7514,0.01,0.04,121.9,97.5,87.5,88.7,29.86,28.04,27.13,27.33
89.8,4014,170.8,100,0,0.2,3,7516,0,0.04,121.9,97.5,87.5,88.7,29.86,28.04,27.13,27.33
89.84,4016,170.9,100,0,-0.1,3,7519,0,0.04,121.9,97.5,87.5,88.7,29.86,28.04,27.12,27.32
89.88,4018,170.9,100,0,0,3,7521,0.02,0.04,121.9,97.5,87.4,88.6,29.86,28.04,27.12,27.32
89.92,4020,171,100,0,0.7,3,7524,0.01,0.04,121.9,97.5,87.4,88.6,29.86,28.04,27.12,27.32
89.96,4022,171.1,100,0,0.1,3,7526,-0.02,0.04,121.9,97.5,87.4,88.6,29.85,28.03,27.12,27.32
90,4024,171.1,100,0,-0.1,3,7529,0,0.04,121.8,97.4,87.4,88.6,29.85,28.03,27.12,27.32
90.04,4026,171.2,100,0,-0.1,3,7531,-0.01,0.04,121.8,97.4,87.4,88.6,29.85,28.03,27.12,27.32
90.08,4028,171.2,100,0,-0.1,3,7534,-0.01,0.04,121.8,97.4,87.4,88.6,29.85,28.03,27.12,27.32
90.12,4029,171.3,100,0,0.7,3,7536,0.02,0.04,121.8,97.4,87.4,88.6,29.85,28.03,27.12,27.32
90.16,4031,171.3,100,0,0.3,3,7539,0.01,0.04,121.8,97.4,87.4,88.6,29.85,28.03,27.12,27.32
90.2,4033,171.4,100,0,-0.2,3,7542,0.02,0.04,121.8,97.4,87.3,88.5,29.85,28.03,27.12,27.32
90.24,4035,171.5,100,0,-0.2,3,7544,0.01,0.04,121.8,97.4,87.3,88.5,29.85,28.03,27.12,27.32
90.28,4037,171.5,100,0,-0.2,3,7547,-0.02,0.04,121.8,97.4,87.3,88.5,29.85,28.03,27.11,27.31
90.32,4039,171.6,100,0,0.5,3,7549,0,0.04,121.7,97.3,87.3,88.5,29.85,28.03,27.11,27.31
90.36,4041,171.6,100,0,0.3,3,7552,-0.02,0.04,121.7,97.3,87.3,88.5,29.85,28.03,27.11,27.31
90.4,4043,171.7,100,0,-0.5,3,7554,-0.01,0.04,121.7,97.3,87.3,88.5,29.84,28.02,27.11,27.31
90.44,4045,171.7,100,0,-0.1,3,7557,-0.01,0.04,121.7,97.3,87.3,88.5,29.84,28.02,27.11,27.31
90.48,4047,171.8,100,0,0.2,3,7559,0.01,0.04,121.7,97.3,87.3,88.5,29.84,28.02,27.11,27.31
90.52,4049,171.9,100,0,0.3,3,7562,-0.02,0.04,121.7,97.3,87.3,88.5,29.84,28.02,27.11,27.31
90.56,4050,171.9,100,0,-0.4,3,7564,-0.02,0.04,121.7,97.3,87.2,88.4,29.84,28.02,27.11,27.31
90.6,4052,172,100,0,-0.2,3,7567,-0.03,0.04,121.7,97.3,87.2,88.4,29.84,28.02,27.11,27.31
90.64,4054,172,100,0,0.3,3,7569,0,0.04,121.7,97.3,87.2,88.4,29.84,28.02,27.11,27.31
90.68,4056,172.1,100,0,-0.3,3,7572,0.02,0.04,121.6,97.2,87.2,88.4,29.84,28.02,27.11,27.31
90.72,4058,172.1,100,0,0.1,3,7574,0.01,0.04,121.6,97.2,87.2,88.4,29.84,28.02,27.1,27.3
90.76,4060,172.2,100,0,0.7,3,7577,0,0.04,121.6,97.2,87.2,88.4,29.84,28.02,27.1,27.3
90.8,4062,172.3,100,0,0.7,3,7580,-0.02,0.04,121.6,97.2,87.2,88.4,29.84,28.02,27.1,27.3
90.84,4064,172.3,100,0,0.1,3,7582,0,0.04,121.6,97.2,87.2,88.4,29.83,28.01,27.1,27.3
90.88,4066,172.4,100,0,-0.2,3,7585,0.01,0.04,121.6,97.2,87.1,88.3,29.83,28.01,27.1,27.3
90.92,4068,172.4,100,0,-0.3,3,7587,-0.02,0.04,121.6,97.2,87.1,88.3,29.83,28.01,27.1,27.3
90.96,4070,172.5,100,0,0.2,3,7590,0,0.04,121.6,97.2,87.1,88.3,29.83,28.01,27.1,27.3
91,4071,172.5,100,0,0,3,7592,0,0.04,121.5,97.1,87.1,88.3,29.83,28.01,27.1,27.3
91.04,4073,172.6,100,0,0.6,3,7595,0.02,0.04,121.5,97.1,87.1,88.3,29.83,28.01,27.1,27.3
91.08,4075,172.7,100,0,0.1,3,7597,0,0.04,121.5,97.1,87.1,88.3,29.83,28.01,27.1,27.3
91.12,4077,172.7,100,0,0.3,3,7600,-0.03,0.04,121.5,97.1,87.1,88.3,29.83,28.01,27.1,27.3
91.16,4079,172.8,100,0,-0.1,3,7602,0.04,0.04,121.5,97.1,87.1,88.3,29.83,28.01,27.09,27.29
91.2,4081,172.8,100,0,-0.4,3,7605,0.02,0.04,121.5,97.1,87,88.2,29.83,28.01,27.09,27.29
91.24,4083,172.9,100,0,-0.6,3,7607,-0.01,0.04,121.5,97.1,87,88.2,29.83,28.01,27.09,27.29
91.28,4085,173,100,0,0.3,3,7610,0.01,0.04,121.5,97.1,87,88.2,29.82,28,27.09,27.29
91.32,4087,173,100,0,0.4,3,7612,0.01,0.04,121.4,97,87,88.2,29.82,28,27.09,27.29
91.36,4089,173.1,100,0,-1,3,7615,0.01,0.04,121.4,97,87,88.2,29.82,28,27.09,27.29
91.4,4091,173.1,100,0,-0.7,3,7618,-0.03,0.04,121.4,97,87,88.2,29.82,28,27.09,27.29
91.44,4093,173.2,100,0,-0.4,3,7620,-0.04,0.04,121.4,97,87,88.2,29.82,28,27.09,27.29
91.48,4095,173.2,100,0,-0.3,3,7623,-0.02,0.04,121.4,97,87,88.2,29.82,28,27.09,27.29
91.52,4096,173.3,100,0,0.3,3,7625,-0.03,0.04,121.4,97,87,88.2,29.82,28,27.09,27.29
91.56,4098,173.4,100,0,-0.3,3,7628,-0.01,0.04,121.4,97,86.9,88.1,29.82,28,27.09,27.29
91.6,4100,173.4,100,0,0.2,3,7630,-0.02,0.04,121.4,97,86.9,88.1,29.82,28,27.08,27.28
91.64,4102,173.5,100,0,0.5,3,7633,-0.02,0.04,121.4,97,86.9,88.1,29.82,28,27.08,27.28
91.68,4104,173.5,100,0,0.8,3,7635,0,0.04,121.3,96.9,86.9,88.1,29.82,28,27.08,27.28
91.72,4106,173.6,100,0,0,3,7638,-0.03,0.04,121.3,96.9,86.9,88.1,29.81,27.99,27.08,27.28
91.76,4108,173.6,100,0,0,3,7640,-0.01,0.04,121.3,96.9,86.9,88.1,29.81,27.99,27.08,27.28
91.8,4110,173.7,100,0,0,3,7643,0.03,0.04,121.3,96.9,86.9,88.1,29.81,27.99,27.08,27.28
91.84,4112,173.8,100,0,0.2,3,7645,0.01,0.04,121.3,96.9,86.9,88.1,29.81,27.99,27.08,27.28
91.88,4114,173.8,100,0,0.4,3,7648,-0.01,0.04,121.3,96.9,86.8,88,29.81,27.99,27.08,27.28
91.92,4116,173.9,100,0,0.2,3,7650,-0.01,0.04,121.3,96.9,86.8,88,29.81,27.99,27.08,27.28
91.96,4118,173.9,100,0,-0.1,3,7653,0,0.04,121.3,96.9,86.8,88,29.81,27.99,27.08,27.28
92,4120,174,100,0,-0.1,3,7656,0,0.04,121.2,96.8,86.8,88,29.81,27.99,27.08,27.28
92.04,4122,174,100,0,0.2,3,7658,0.03,0.04,121.2,96.8,86.8,88,29.81,27.99,27.07,27.27
92.08,4123,174.1,100,0,0.3,3,7661,0,0.04,121.2,96.8,86.8,88,29.81,27.99,27.07,27.27
92.12,4125,174.2,100,0,0.5,3,7663,-0.03,0.04,121.2,96.8,86.8,88,29.81,27.99,27.07,27.27
92.16,4127,174.2,100,0,-0.2,3,7666,-0.02,0.04,121.2,96.8,86.8,88,29.8,27.98,27.07,27.27
92.2,4129,174.3,100,0,0.9,3,7668,0.01,0.04,121.2,96.8,86.7,87.9,29.8,27.98,27.07,27.27
92.24,4131,174.3,100,0,0.6,3,7671,0,0.04,121.2,96.8,86.7,87.9,29.8,27.98,27.07,27.27
92.28,4133,174.4,100,0,-0.1,3,7673,0.01,0.04,121.2,96.8,86.7,87.9,29.8,27.98,27.07,27.27
92.32,4135,174.5,100,0,0.8,3,7676,0.03,0.04,121.1,96.7,86.7,87.9,29.8,27.98,27.07,27.27
92.36,4137,174.5,100,0,-0.4,3,7678,-0.02,0.04,121.1,96.7,86.7,87.9,29.8,27.98,27.07,27.27
92.4,4139,174.6,100,0,-0.1,3,7681,-0.03,0.04,121.1,96.7,86.7,87.9,29.8,27.98,27.07,27.27
92.44,4141,174.6,100,0,0.1,3,7683,0.02,0.04,121.1,96.7,86.7,87.9,29.8,27.98,27.07,27.27
92.48,4143,174.7,100,0,0,3,7686,0.01,0.04,121.1,96.7,86.7,87.9,29.8,27.98,27.06,27.26
92.52,4145,174.7,100,0,-0.4,3,7688,0.05,0.04,121.1,96.7,86.7,87.9,29.8,27.98,27.06,27.26
92.56,4147,174.8,100,0,0,3,7691,0,0.04,121.1,96.7,86.6,87.8,29.8,27.98,27.06,27.26
92.6,4149,174.9,100,0,0.1,3,7694,0,0.04,121.1,96.7,86.6,87.8,29.79,27.97,27.06,27.26
92.64,4151,174.9,100,0,-0.2,3,7696,0,0.04,121.1,96.7,86.6,87.8,29.79,27.97,27.06,27.26
92.68,4153,175,100,0,0,3,7699,0.01,0.04,121,96.6,86.6,87.8,29.79,27.97,27.06,27.26
92.72,4155,175,100,0,0.6,4,6301,0.01,0.04,121,96.6,86.6,87.8,29.79,27.97,27.06,27.26
92.76,4156,175.1,100,0,-0.1,4,6303,0.01,0.04,121,96.6,86.6,87.8,29.79,27.97,27.06,27.26
92.8,4158,175.1,100,0,0.1,4,6305,0.04,0.04,121,96.6,86.6,87.8,29.79,27.97,27.06,27.26
92.84,4160,175.2,100,0,-0.1,4,6307,-0.02,0.04,121,96.6,86.6,87.8,29.79,27.97,27.06,27.26
92.88,4162,175.3,100,0,0.4,4,6309,0,0.04,121,96.6,86.5,87.7,29.79,27.97,27.06,27.26
92.92,4164,175.3,100,0,-0.7,4,6311,0.01,0.04,121,96.6,86.5,87.7,29.79,27.97,27.05,27.25
92.96,4166,175.4,100,0,0.6,4,6313,0.02,0.04,121,96.6,86.5,87.7,29.79,27.97,27.05,27.25
93,4168,175.4,100,0,-0.1,4,6315,0,0.04,120.9,96.5,86.5,87.7,29.79,27.97,27.05,27.25
93.04,4170,175.5,100,0,0.2,4,6318,0,0.04,120.9,96.5,86.5,87.7,29.78,27.96,27.05,27.25
93.08,4172,175.5,100,0,-0.2,4,6320,0.03,0.04,120.9,96.5,86.5,87.7,29.78,27.96,27.05,27.25
93.12,4174,175.6,100,0,-0.1,4,6322,0,0.04,120.9,96.5,86.5,87.7,29.78,27.96,27.05,27.25
93.16,4176,175.7,100,0,0.4,4,6324,-0.01,0.04,120.9,96.5,86.5,87.7,29.78,27.96,27.05,27.25
93.2,4178,175.7,100,0,-0.3,4,6326,0.02,0.04,120.9,96.5,86.4,87.6,29.78,27.96,27.05,27.25
93.24,4180,175.8,100,0,-0.1,4,6328,0.04,0.04,120.9,96.5,86.4,87.6,29.78,27.96,27.05,27.25
93.28,4182,175.6,0,7,-0.7,4,6320,0,-1.85,120.9,96.6,86.4,87.6,29.78,27.97,27.05,27.25
93.32,4184,175.1,0,14,-0.5,4,6305,0,-1.85,121,96.7,86.4,87.6,29.79,27.98,27.05,27.25
93.36,4186,174.5,0,21,-1.4,3,7679,0,-1.85,121,96.8,86.4,87.6,29.79,27.99,27.05,27.25
93.4,4188,173.7,0,28,-0.4,3,7642,0,-1.85,121,97,86.4,87.6,29.79,28,27.05,27.25
93.44,4190,172.6,0,35,-1,3,7596,0,-1.85,121.1,97.1,86.4,87.6,29.8,28.01,27.05,27.25
93.48,4191,171.4,0,42,-0.5,3,7540,0,-1.85,121.1,97.2,86.4,87.6,29.8,28.01,27.05,27.25
93.52,4193,169.9,0,49,-0.3,3,7475,0,-1.85,121.2,97.3,86.4,87.6,29.8,28.02,27.05,27.25
93.56,4195,168.2,0,56,0.9,3,7401,0,-1.85,121.2,97.4,86.4,87.6,29.8,28.03,27.05,27.25
93.6,4197,166.3,0,63,1.1,3,7318,0,-1.85,121.2,97.6,86.4,87.6,29.81,28.04,27.05,27.25
93.64,4199,164.2,0,70,-0.4,3,7226,0,-1.85,121.3,97.7,86.4,87.6,29.81,28.05,27.05,27.25
93.68,4201,161.9,0,76,-0.8,3,7126,0,-1.85,121.3,97.8,86.4,87.6,29.81,28.06,27.05,27.25
93.72,4203,159.5,0,83,-0.2,3,7016,0,-1.85,121.4,97.9,86.4,87.6,29.82,28.07,27.05,27.25
93.76,4204,158,0,88,0.2,3,6952,0,-1.85,121.4,98,86.4,87.6,29.82,28.08,27.05,27.25
93.8,4206,158,0,88,0.3,3,6952,0,-1.85,121.4,98.2,86.4,87.6,29.82,28.09,27.05,27.25
93.84,4208,158,0,88,-0.9,3,6952,0,-1.85,121.5,98.3,86.4,87.6,29.83,28.1,27.05,27.25
93.88,4210,158,0,88,0.4,3,6952,0,-1.85,121.5,98.4,86.4,87.6,29.83,28.1,27.05,27.25
93.92,4211,158,0,88,0.5,3,6952,0,-1.85,121.6,98.5,86.4,87.6,29.83,28.11,27.05,27.25
93.96,4213,158,0,88,-1.7,3,6952,0,-1.85,121.6,98.6,86.4,87.6,29.83,28.12,27.05,27.25
94,4215,158,0,88,0.4,3,6952,0,-1.85,121.6,98.8,86.4,87.6,29.84,28.13,27.05,27.25
94.04,4217,158,0,88,-0.9,3,6952,0,-1.85,121.7,98.9,86.4,87.6,29.84,28.14,27.05,27.25
94.08,4218,158,0,88,-0.1,3,6952,0,-1.85,121.7,99,86.4,87.6,29.84,28.15,27.05,27.25
94.12,4220,158,0,88,0.3,3,6952,0,-1.85,121.8,99.1,86.4,87.6,29.85,28.16,27.05,27.25
94.16,4222,158,0,88,-1.4,3,6952,0,-1.85,121.8,99.2,86.4,87.6,29.85,28.17,27.05,27.25
94.2,4224,158,0,88,-1.1,3,6952,0,-1.85,121.8,99.4,86.4,87.6,29.85,28.18,27.05,27.25
94.24,4225,158,0,88,0,3,6952,0,-1.85,121.9,99.5,86.4,87.6,29.86,28.19,27.05,27.25
94.28,4227,158,0,88,1.1,3,6952,0,-1.85,121.9,99.6,86.4,87.6,29.86,28.19,27.05,27.25
94.32,4229,158,0,88,0.4,3,6952,0,-1.85,122,99.7,86.4,87.6,29.86,28.2,27.05,27.25
94.36,4231,158,0,88,-0.3,3,6952,0,-1.85,122,99.8,86.4,87.6,29.86,28.21,27.05,27.25
94.4,4232,158,0,88,1.8,3,6952,0,-1.85,122,100,86.4,87.6,29.87,28.22,27.05,27.25
94.44,4234,158,0,88,1.5,3,6952,0,-1.85,122.1,100.1,86.4,87.6,29.87,28.23,27.05,27.25
94.48,4236,158,0,88,-0.7,3,6952,0,-1.85,122.1,100.2,86.4,87.6,29.87,28.24,27.05,27.25
94.52,4238,158,0,88,-0.8,3,6952,0,-1.85,122.2,100.3,86.4,87.6,29.88,28.25,27.05,27.25
94.56,4239,158,0,88,-0.3,3,6952,0,-1.85,122.2,100.4,86.4,87.6,29.88,28.26,27.05,27.25
94.6,4241,158,0,88,0.4,3,6952,0,-1.85,122.2,100.6,86.4,87.6,29.88,28.27,27.05,27.25
94.64,4243,158,0,88,0.2,3,6952,0,-1.85,122.3,100.7,86.4,87.6,29.89,28.28,27.05,27.25
94.68,4245,158,0,88,-1,3,6952,0,-1.85,122.3,100.8,86.4,87.6,29.89,28.28,27.05,27.25
94.72,4247,158,0,88,-0.6,3,6952,0,-1.85,122.4,100.9,86.4,87.6,29.89,28.29,27.05,27.25
94.76,4248,158,0,88,1.4,3,6952,0,-1.85,122.4,101,86.4,87.6,29.89,28.3,27.05,27.25
94.8,4250,158,0,88,0,3,6952,0,-1.85,122.4,101.2,86.4,87.6,29.9,28.31,27.05,27.25
94.84,4252,158,0,88,-0.2,3,6952,0,-1.85,122.5,101.3,86.4,87.6,29.9,28.32,27.05,27.25
94.88,4254,158,0,86,-0.9,3,6952,-0.04,-1.38,122.5,101.4,86.4,87.6,29.9,28.33,27.05,27.25
94.92,4255,158,0,83,-3.2,3,6952,-0.08,-1.35,122.6,101.5,86.4,87.6,29.91,28.34,27.05,27.25
94.96,4257,158,0,81,-3.4,3,6952,-0.12,-1.32,122.6,101.6,86.4,87.6,29.91,28.35,27.05,27.25
95,4259,158,0,79,-4.8,3,6952,-0.16,-1.29,122.6,101.8,86.4,87.6,29.91,28.36,27.05,27.25
95.04,4261,158,0,76,-7.5,3,6952,-0.2,-1.26,122.7,101.9,86.4,87.6,29.92,28.37,27.05,27.25
95.08,4262,158,0,74,-8.2,3,6952,-0.25,-1.24,122.7,102,86.4,87.6,29.92,28.37,27.05,27.25
95.12,4264,158,0,72,-10.1,3,6952,-0.29,-1.21,122.8,102.1,86.4,87.6,29.92,28.38,27.05,27.25
95.16,4266,158,0,69,-12.3,3,6952,-0.33,-1.18,122.8,102.2,86.4,87.6,29.92,28.39,27.05,27.25
95.2,4268,158,0,67,-12.2,3,6952,-0.37,-1.15,122.8,102.4,86.4,87.6,29.93,28.4,27.05,27.25
95.24,4269,158,0,65,-14.7,3,6952,-0.41,-1.12,122.9,102.5,86.4,87.6,29.93,28.41,27.05,27.25
95.28,4271,158,0,62,-15.3,3,6952,-0.46,-1.1,122.9,102.6,86.4,87.6,29.93,28.42,27.05,27.25
95.32,4273,158,0,60,-15.7,3,6952,-0.5,-1.07,123,102.7,86.4,87.6,29.94,28.43,27.05,27.25
95.36,4275,158,0,58,-18.7,3,6952,-0.54,-1.04,123,102.8,86.4,87.6,29.94,28.44,27.05,27.25
95.4,4276,158,0,56,-19.5,3,6952,-0.58,-1.01,123,103,86.4,87.6,29.94,28.45,27.05,27.25
95.44,4278,158,0,54,-21.2,3,6952,-0.62,-0.98,123.1,103.1,86.4,87.6,29.95,28.46,27.05,27.25
95.48,4280,158,0,52,-23.1,3,6952,-0.67,-0.96,123.1,103.2,86.4,87.6,29.95,28.46,27.05,27.25
95.52,4282,158,0,50,-22.7,3,6952,-0.71,-0.93,123.2,103.3,86.4,87.6,29.95,28.47,27.05,27.25
95.56,4283,158,0,47,-24.4,3,6952,-0.75,-0.9,123.2,103.4,86.4,87.6,29.95,28.48,27.05,27.25
95.6,4285,158,0,45,-26.3,3,6952,-0.79,-0.87,123.2,103.6,86.4,87.6,29.96,28.49,27.05,27.25
95.64,4287,158,0,43,-26.9,3,6952,-0.83,-0.84,123.3,103.7,86.4,87.6,29.96,28.5,27.05,27.25
95.68,4289,158,0,41,-27.8,3,6952,-0.87,-0.82,123.3,103.8,86.4,87.6,29.96,28.51,27.05,27.25
95.72,4290,158,0,39,-30.3,3,6952,-0.92,-0.79,123.4,103.9,86.4,87.6,29.97,28.52,27.05,27.25
95.76,4292,158,0,37,-30.1,3,6952,-0.96,-0.76,123.4,104,86.4,87.6,29.97,28.53,27.05,27.25
95.8,4294,158,0,36,-32.3,3,6952,-1,-0.73,123.4,104.2,86.4,87.6,29.97,28.54,27.05,27.25
95.84,4296,158,0,34,-32.6,3,6952,-1.04,-0.71,123.5,104.3,86.4,87.6,29.98,28.55,27.05,27.25
95.88,4297,158,0,32,-33.3,3,6952,-1.08,-0.68,123.5,104.4,86.4,87.6,29.98,28.55,27.05,27.25
95.92,4299,158,0,30,-33.1,3,6952,-1.13,-0.65,123.6,104.5,86.4,87.6,29.98,28.56,27.05,27.25
95.96,4301,158,0,28,-35.3,3,6952,-1.17,-0.62,123.6,104.6,86.4,87.6,29.98,28.57,27.05,27.25
96,4303,158,0,26,-35.6,3,6952,-1.21,-0.59,123.6,104.8,86.4,87.6,29.99,28.58,27.05,27.25
96.04,4304,158,0,25,-35.8,3,6952,-1.25,-0.57,123.7,104.9,86.4,87.6,29.99,28.59,27.05,27.25
96.08,4306,158,0,23,-37.9,3,6952,-1.29,-0.54,123.7,105,86.4,87.6,29.99,28.6,27.05,27.25
96.12,4308,158,0,21,-38.4,3,6952,-1.34,-0.51,123.8,105.1,86.4,87.6,30,28.61,27.05,27.25
96.16,4310,158,0,20,-39.4,3,6952,-1.38,-0.48,123.8,105.2,86.4,87.6,30,28.62,27.05,27.25
96.2,4311,158,0,18,-39.7,3,6952,-1.42,-0.45,123.8,105.4,86.4,87.6,30,28.63,27.05,27.25
96.24,4313,158,0,17,-41.3,3,6952,-1.46,-0.43,123.9,105.5,86.4,87.6,30.01,28.64,27.05,27.25
96.28,4315,158,0,15,-41.6,3,6952,-1.5,-0.4,123.9,105.6,86.4,87.6,30.01,28.64,27.05,27.25
96.32,4317,158,0,14,-42.1,3,6952,-1.54,-0.37,124,105.7,86.4,87.6,30.01,28.65,27.05,27.25
96.36,4318,158,0,12,-41.7,3,6952,-1.59,-0.34,124,105.8,86.4,87.6,30.01,28.66,27.05,27.25
96.4,4320,158,0,11,-43.4,3,6952,-1.63,-0.31,124,106,86.4,87.6,30.02,28.67,27.05,27.25
96.44,4322,158,0,10,-44.1,3,6952,-1.67,-0.29,124.1,106.1,86.4,87.6,30.02,28.68,27.05,27.25
96.48,4324,158,0,8,-43.8,3,6952,-1.71,-0.26,124.1,106.2,86.4,87.6,30.02,28.69,27.05,27.25
96.52,4326,158,0,7,-43.9,3,6952,-1.75,-0.23,124.2,106.3,86.4,87.6,30.03,28.7,27.05,27.25
96.56,4327,158,0,6,-44.9,3,6952,-1.8,-0.2,124.2,106.4,86.4,87.6,30.03,28.71,27.05,27.25
96.6,4329,158,0,5,-44.7,3,6952,-1.84,-0.17,124.2,106.6,86.4,87.6,30.03,28.72,27.05,27.25
96.64,4331,158,0,4,-45.4,3,6952,-1.88,-0.15,124.3,106.7,86.4,87.6,30.04,28.73,27.05,27.25
96.68,4333,158,0,3,-45.6,3,6952,-1.92,-0.12,124.3,106.8,86.4,87.6,30.04,28.73,27.05,27.25
96.72,4334,158,0,2,-44.9,3,6952,-1.96,-0.09,124.4,106.9,86.4,87.6,30.04,28.74,27.05,27.25
96.76,4336,158,0,1,-45.7,3,6952,-2.01,-0.06,124.4,107,86.4,87.6,30.04,28.75,27.05,27.25
96.8,4338,158,0,1,-44.2,3,6952,-2.05,-0.03,124.4,107.2,86.4,87.6,30.05,28.76,27.05,27.25
96.84,4340,158,0,0,-46.5,3,6952,-2.09,-0.01,124.5,107.3,86.4,87.6,30.05,28.77,27.05,27.25
96.88,4341,158,1,0,-45.6,3,6952,-1.94,0,124.5,107.3,86.5,87.7,30.05,28.77,27.05,27.25
96.92,4343,158,3,0,-45.6,3,6952,-1.93,0.01,124.5,107.3,86.5,87.7,30.05,28.77,27.05,27.25
96.96,4345,158,4,0,-44.8,3,6952,-1.91,0.01,124.5,107.3,86.5,87.7,30.05,28.77,27.06,27.26
97,4347,158,5,0,-44.8,3,6953,-1.9,0.02,124.5,107.3,86.6,87.8,30.05,28.77,27.06,27.26
97.04,4348,158,6,0,-44.2,3,6953,-1.89,0.03,124.5,107.3,86.6,87.8,30.05,28.77,27.06,27.26
97.08,4350,158,8,0,-44.6,3,6953,-1.88,0.03,124.5,107.3,86.6,87.8,30.05,28.77,27.06,27.26
97.12,4352,158,9,0,-42.4,3,6953,-1.86,0.04,124.5,107.3,86.7,87.9,30.05,28.77,27.07,27.27
97.16,4354,158,10,0,-43.3,3,6954,-1.85,0.04,124.5,107.3,86.7,87.9,30.05,28.77,27.07,27.27
97.2,4355,158.1,11,0,-43.3,3,6954,-1.84,0.05,124.5,107.3,86.8,88,30.05,28.77,27.07,27.27
97.24,4357,158.1,12,0,-42.3,3,6955,-1.82,0.05,124.5,107.3,86.8,88,30.05,28.77,27.07,27.27
97.28,4359,158.1,13,0,-42.8,3,6955,-1.81,0.06,124.5,107.3,86.8,88,30.05,28.77,27.08,27.28
97.32,4361,158.1,14,0,-41.6,3,6956,-1.8,0.06,124.5,107.3,86.9,88.1,30.05,28.77,27.08,27.28
97.36,4362,158.1,15,0,-41.1,3,6956,-1.78,0.07,124.5,107.3,86.9,88.1,30.05,28.77,27.08,27.28
97.4,4364,158.1,16,0,-41.2,3,6957,-1.77,0.07,124.5,107.3,86.9,88.1,30.05,28.77,27.08,27.28
97.44,4366,158.1,17,0,-40,3,6958,-1.76,0.08,124.5,107.3,87,88.2,30.05,28.77,27.09,27.29
97.48,4368,158.1,18,0,-40,3,6959,-1.74,0.09,124.5,107.3,87,88.2,30.05,28.77,27.09,27.29
97.52,4369,158.2,19,0,-39.5,3,6959,-1.73,0.09,124.5,107.3,87,88.2,30.05,28.77,27.09,27.29
97.56,4371,158.2,20,0,-39.6,3,6960,-1.72,0.1,124.5,107.3,87.1,88.3,30.05,28.77,27.1,27.3
97.6,4373,158.2,21,0,-38.9,3,6961,-1.71,0.1,124.5,107.3,87.1,88.3,30.05,28.77,27.1,27.3
97.64,4375,158.2,22,0,-38.6,3,6962,-1.69,0.11,124.5,107.3,87.1,88.3,30.05,28.77,27.1,27.3
97.68,4376,158.2,23,0,-36.9,3,6963,-1.68,0.11,124.5,107.3,87.2,88.4,30.05,28.77,27.1,27.3
97.72,4378,158.3,23,0,-37.5,3,6964,-1.67,0.12,124.5,107.3,87.2,88.4,30.05,28.77,27.11,27.31
97.76,4380,158.3,24,0,-36.9,3,6965,-1.65,0.12,124.5,107.3,87.2,88.4,30.05,28.77,27.11,27.31
97.8,4382,158.3,25,0,-37.2,3,6966,-1.64,0.13,124.5,107.3,87.3,88.5,30.05,28.77,27.11,27.31
97.84,4383,158.3,26,0,-35.8,3,6967,-1.63,0.13,124.5,107.3,87.3,88.5,30.05,28.77,27.11,27.31
97.88,4385,158.4,27,0,-35.8,3,6968,-1.61,0.14,124.5,107.3,87.3,88.5,30.05,28.77,27.12,27.32
97.92,4387,158.4,28,0,-35.9,3,6969,-1.6,0.15,124.5,107.3,87.4,88.6,30.05,28.77,27.12,27.32
97.96,4389,158.4,29,0,-35.4,3,6970,-1.59,0.15,124.5,107.3,87.4,88.6,30.05,28.77,27.12,27.32
98,4391,158.4,30,0,-35.2,3,6971,-1.57,0.16,124.5,107.3,87.5,88.7,30.05,28.77,27.12,27.32
98.04,4392,158.5,31,0,-34.5,3,6973,-1.56,0.16,124.5,107.3,87.5,88.7,30.05,28.77,27.13,27.33
98.08,4394,158.5,32,0,-33.9,3,6974,-1.55,0.17,124.5,107.3,87.5,88.7,30.05,28.77,27.13,27.33
98.12,4396,158.5,32,0,-32.7,3,6975,-1.54,0.17,124.5,107.3,87.6,88.8,30.05,28.77,27.13,27.33
98.16,4398,158.6,33,0,-33.5,3,6976,-1.52,0.18,124.5,107.3,87.6,88.8,30.05,28.77,27.13,27.33
98.2,4399,158.6,34,0,-33,3,6978,-1.51,0.18,124.5,107.3,87.6,88.8,30.05,28.77,27.14,27.34
98.24,4401,158.6,35,0,-32.9,3,6979,-1.5,0.19,124.5,107.3,87.7,88.9,30.05,28.77,27.14,27.34
98.28,4403,158.7,36,0,-31.9,3,6981,-1.48,0.19,124.5,107.3,87.7,88.9,30.05,28.77,27.14,27.34
98.32,4405,158.7,37,0,-31.8,3,6982,-1.47,0.2,124.5,107.3,87.7,88.9,30.05,28.77,27.14,27.34
98.36,4406,158.7,38,0,-31.1,3,6984,-1.46,0.21,124.5,107.3,87.8,89,30.05,28.77,27.15,27.35
98.4,4408,158.8,38,0,-30.7,3,6985,-1.44,0.21,124.5,107.3,87.8,89,30.05,28.77,27.15,27.35
98.44,4410,158.8,39,0,-30.8,3,6987,-1.43,0.22,124.5,107.3,87.8,89,30.05,28.77,27.15,27.35
98.48,4412,158.8,40,0,-30.3,3,6988,-1.42,0.22,124.5,107.3,87.9,89.1,30.05,28.77,27.16,27.36
98.52,4413,158.9,41,0,-29.1,3,6990,-1.4,0.23,124.5,107.3,87.9,89.1,30.05,28.77,27.16,27.36
98.56,4415,158.9,42,0,-30,3,6992,-1.39,0.23,124.5,107.3,87.9,89.1,30.05,28.77,27.16,27.36
98.6,4417,158.9,43,0,-29.7,3,6994,-1.38,0.24,124.5,107.3,88,89.2,30.05,28.77,27.16,27.36
98.64,4419,159,43,0,-29.1,3,6995,-1.37,0.24,124.5,107.3,88,89.2,30.05,28.77,27.17,27.37
98.68,4420,159,44,0,-28.3,3,6997,-1.35,0.25,124.5,107.3,88,89.2,30.05,28.77,27.17,27.37
98.72,4422,159.1,45,0,-28.5,3,6999,-1.34,0.25,124.5,107.3,88.1,89.3,30.05,28.77,27.17,27.37
98.76,4424,159.1,46,0,-27.2,3,7001,-1.33,0.26,124.5,107.3,88.1,89.3,30.05,28.77,27.17,27.37
98.8,4426,159.1,47,0,-27.9,3,7003,-1.31,0.27,124.5,107.3,88.2,89.4,30.05,28.77,27.18,27.38
98.84,4428,159.2,48,0,-27.5,3,7004,-1.3,0.27,124.5,107.3,88.2,89.4,30.05,28.77,27.18,27.38
98.88,4429,159.2,48,0,-25.8,3,7006,-1.29,0.28,124.5,107.3,88.2,89.4,30.05,28.77,27.18,27.38
98.92,4431,159.3,49,0,-25.7,3,7008,-1.27,0.28,124.5,107.3,88.3,89.5,30.05,28.77,27.18,27.38
98.96,4433,159.3,50,0,-25.7,3,7010,-1.26,0.29,124.5,107.3,88.3,89.5,30.05,28.77,27.19,27.39
99,4435,159.4,51,0,-25.2,3,7012,-1.25,0.29,124.5,107.3,88.3,89.5,30.05,28.77,27.19,27.39
99.04,4436,159.4,52,0,-24.8,3,7015,-1.23,0.3,124.5,107.3,88.4,89.6,30.05,28.77,27.19,27.39
99.08,4438,159.5,52,0,-24.6,3,7017,-1.22,0.3,124.5,107.3,88.4,89.6,30.05,28.77,27.19,27.39
99.12,4440,159.5,53,0,-24.7,3,7019,-1.21,0.31,124.5,107.3,88.4,89.6,30.05,28.77,27.2,27.4
99.16,4442,159.6,54,0,-23.5,3,7021,-1.19,0.31,124.5,107.3,88.5,89.7,30.05,28.77,27.2,27.4
99.2,4444,159.6,55,0,-22.9,3,7023,-1.18,0.32,124.5,107.3,88.5,89.7,30.05,28.77,27.2,27.4
99.24,4445,159.7,56,0,-23.1,3,7025,-1.17,0.33,124.5,107.3,88.5,89.7,30.05,28.77,27.21,27.41
99.28,4447,159.7,56,0,-22.6,3,7028,-1.15,0.33,124.5,107.3,88.6,89.8,30.05,28.77,27.21,27.41
99.32,4449,159.8,57,0,-21.5,3,7030,-1.14,0.34,124.5,107.3,88.6,89.8,30.05,28.77,27.21,27.41
99.36,4451,159.8,58,0,-22.3,3,7032,-1.13,0.34,124.5,107.3,88.6,89.8,30.05,28.77,27.21,27.41
99.4,4452,159.9,59,0,-20.9,3,7035,-1.12,0.35,124.5,107.3,88.7,89.9,30.05,28.77,27.22,27.42
99.44,4454,159.9,60,0,-21.2,3,7037,-1.1,0.35,124.5,107.3,88.7,89.9,30.05,28.77,27.22,27.42
99.48,4456,160,60,0,-20.7,3,7039,-1.09,0.36,124.5,107.3,88.7,89.9,30.05,28.77,27.22,27.42
99.52,4458,160,61,0,-20.7,3,7042,-1.08,0.36,124.5,107.3,88.8,90,30.05,28.77,27.22,27.42
99.56,4459,160.1,62,0,-20.2,3,7044,-1.06,0.37,124.5,107.3,88.8,90,30.05,28.77,27.23,27.43
99.6,4461,160.2,63,0,-18.9,3,7047,-1.05,0.38,124.5,107.3,88.9,90.1,30.05,28.77,27.23,27.43
99.64,4463,160.2,63,0,-19.6,3,7049,-1.04,0.38,124.5,107.3,88.9,90.1,30.05,28.77,27.23,27.43
99.68,4465,160.3,64,0,-18.7,3,7052,-1.02,0.39,124.5,107.3,88.9,90.1,30.05,28.77,27.23,27.43
99.72,4467,160.3,65,0,-17.8,3,7054,-1.01,0.39,124.5,107.3,89,90.2,30.05,28.77,27.24,27.44
99.76,4468,160.4,66,0,-17.7,3,7057,-1,0.4,124.5,107.3,89,90.2,30.05,28.77,27.24,27.44
99.8,4470,160.4,67,0,-17.6,3,7060,-0.98,0.4,124.5,107.3,89,90.2,30.05,28.77,27.24,27.44
99.84,4472,160.5,67,0,-16.8,3,7062,-0.97,0.41,124.5,107.3,89.1,90.3,30.05,28.77,27.24,27.44
99.88,4474,160.6,68,0,-16.6,3,7065,-0.96,0.41,124.5,107.3,89.1,90.3,30.05,28.77,27.25,27.45
99.92,4476,160.6,69,0,-16.1,3,7068,-0.94,0.42,124.5,107.3,89.1,90.3,30.05,28.77,27.25,27.45
99.96,4477,160.7,70,0,-15.5,3,7071,-0.93,0.42,124.5,107.3,89.2,90.4,30.05,28.77,27.25,27.45
100,4479,160.8,70,0,-14.9,3,7073,-0.92,0.43,124.5,107.3,89.2,90.4,30.05,28.77,27.26,27.46
100.04,4481,160.8,71,0,-15.3,3,7076,-0.9,0.44,124.5,107.3,89.2,90.4,30.05,28.77,27.26,27.46
100.08,4483,160.9,72,0,-14.8,3,7079,-0.89,0.44,124.5,107.3,89.3,90.5,30.05,28.77,27.26,27.46
100.12,4484,161,73,0,-14.8,3,7082,-0.88,0.45,124.5,107.3,89.3,90.5,30.05,28.77,27.26,27.46
100.16,4486,161,74,0,-13.9,3,7085,-0.86,0.45,124.5,107.3,89.3,90.5,30.05,28.77,27.27,27.47
100.2,4488,161.1,74,0,-14,3,7088,-0.85,0.46,124.5,107.3,89.4,90.6,30.05,28.77,27.27,27.47
100.24,4490,161.2,75,0,-12.7,3,7091,-0.84,0.46,124.5,107.3,89.4,90.6,30.05,28.77,27.27,27.47
100.28,4492,161.2,76,0,-12.4,3,7094,-0.82,0.47,124.5,107.3,89.4,90.6,30.05,28.77,27.27,27.47
100.32,4493,161.3,77,0,-12.4,3,7097,-0.81,0.47,124.5,107.3,89.5,90.7,30.05,28.77,27.28,27.48
100.36,4495,161.4,77,0,-11.6,3,7100,-0.8,0.48,124.5,107.3,89.5,90.7,30.05,28.77,27.28,27.48
100.4,4497,161.4,78,0,-11.2,3,7103,-0.78,0.49,124.5,107.3,89.6,90.8,30.05,28.77,27.28,27.48
100.44,4499,161.5,79,0,-11.1,3,7106,-0.77,0.49,124.5,107.3,89.6,90.8,30.05,28.77,27.28,27.48
100.48,4501,161.6,80,0,-10.8,3,7109,-0.76,0.5,124.5,107.3,89.6,90.8,30.05,28.77,27.29,27.49
100.52,4502,161.6,80,0,-10.5,3,7112,-0.74,0.5,124.5,107.3,89.7,90.9,30.05,28.77,27.29,27.49
100.56,4504,161.7,81,0,-10.4,3,7116,-0.73,0.51,124.5,107.3,89.7,90.9,30.05,28.77,27.29,27.49
100.6,4506,161.8,82,0,-9.4,3,7119,-0.72,0.51,124.5,107.3,89.7,90.9,30.05,28.77,27.29,27.49
100.64,4508,161.9,83,0,-8.8,3,7122,-0.7,0.52,124.5,107.3,89.8,91,30.05,28.77,27.3,27.5
100.68,4510,161.9,83,0,-9.3,3,7125,-0.69,0.52,124.5,107.3,89.8,91,30.05,28.77,27.3,27.5
100.72,4511,162,84,0,-7.9,3,7129,-0.68,0.53,124.5,107.3,89.8,91,30.05,28.77,27.3,27.5
100.76,4513,162.1,85,0,-7.4,3,7132,-0.66,0.54,124.5,107.3,89.9,91.1,30.05,28.77,27.31,27.51
100.8,4515,162.2,86,0,-7.1,3,7135,-0.65,0.54,124.5,107.3,89.9,91.1,30.05,28.77,27.31,27.51
100.84,4517,162.2,86,0,-7.4,3,7139,-0.64,0.55,124.5,107.3,89.9,91.1,30.05,28.77,27.31,27.51
100.88,4519,162.3,87,0,-6.8,3,7142,-0.62,0.55,124.5,107.3,90,91.2,30.05,28.77,27.31,27.51
100.92,4520,162.4,88,0,-6.7,3,7146,-0.61,0.56,124.5,107.3,90,91.2,30.05,28.77,27.32,27.52
100.96,4522,162.5,89,0,-5.8,3,7149,-0.6,0.56,124.5,107.3,90,91.2,30.05,28.77,27.32,27.52
101,4524,162.6,89,0,-5.7,3,7153,-0.58,0.57,124.5,107.3,90.1,91.3,30.05,28.77,27.32,27.52
101.04,4526,162.6,90,0,-5.5,3,7156,-0.57,0.58,124.5,107.3,90.1,91.3,30.05,28.77,27.32,27.52
101.08,4528,162.7,91,0,-5.2,3,7160,-0.56,0.58,124.5,107.3,90.1,91.3,30.05,28.77,27.33,27.53
101.12,4529,162.8,92,0,-4,3,7163,-0.54,0.59,124.5,107.3,90.2,91.4,30.05,28.77,27.33,27.53
101.16,4531,162.9,92,0,-4.1,3,7167,-0.53,0.59,124.5,107.3,90.2,91.4,30.05,28.77,27.33,27.53
101.2,4533,163,93,0,-3.9,3,7171,-0.52,0.6,124.5,107.3,90.3,91.5,30.05,28.77,27.33,27.53
101.24,4535,163.1,94,0,-3.5,3,7174,-0.5,0.6,124.5,107.3,90.3,91.5,30.05,28.77,27.34,27.54
101.28,4537,163.1,95,0,-3.5,3,7178,-0.49,0.61,124.5,107.3,90.3,91.5,30.05,28.77,27.34,27.54
101.32,4538,163.2,95,0,-3.2,3,7182,-0.48,0.61,124.5,107.3,90.4,91.6,30.05,28.77,27.34,27.54
101.36,4540,163.3,96,0,-3.1,3,7186,-0.46,0.62,124.5,107.3,90.4,91.6,30.05,28.77,27.34,27.54
101.4,4542,163.4,97,0,-1.1,3,7189,-0.45,0.63,124.5,107.3,90.4,91.6,30.05,28.77,27.35,27.55
101.44,4544,163.5,98,0,-1.9,3,7193,-0.44,0.63,124.5,107.3,90.5,91.7,30.05,28.77,27.35,27.55
101.48,4546,163.6,98,0,-0.9,3,7197,-0.42,0.64,124.5,107.3,90.5,91.7,30.05,28.77,27.35,27.55
101.52,4548,163.7,99,0,0.1,3,7201,-0.41,0.64,124.5,107.3,90.5,91.7,30.05,28.77,27.35,27.55
101.56,4549,163.7,100,0,-0.8,3,7205,-0.39,0.65,124.5,107.3,90.6,91.8,30.05,28.77,27.36,27.56
101.6,4551,163.8,100,0,0,3,7207,-0.05,0.04,124.5,107.3,90.6,91.8,30.05,28.77,27.36,27.56
101.64,4553,163.9,100,0,-0.1,3,7210,-0.02,0.04,124.4,107.2,90.5,91.7,30.05,28.77,27.36,27.56
101.68,4555,163.9,100,0,0.4,3,7212,0.02,0.04,124.4,107.2,90.5,91.7,30.05,28.77,27.35,27.55
101.72,4557,164,100,0,-0.4,3,7215,0,0.04,124.4,107.2,90.5,91.7,30.05,28.77,27.35,27.55
101.76,4558,164,100,0,-0.6,3,7217,0,0.04,124.4,107.2,90.5,91.7,30.05,28.77,27.35,27.55
101.8,4560,164.1,100,0,-0.3,3,7220,0,0.04,124.4,107.2,90.5,91.7,30.05,28.77,27.35,27.55
101.84,4562,164.1,100,0,0.6,3,7223,0.02,0.04,124.4,107.2,90.5,91.7,30.04,28.76,27.35,27.55
101.88,4564,164.2,100,0,0,3,7225,0.01,0.04,124.4,107.2,90.5,91.7,30.04,28.76,27.35,27.55
101.92,4566,164.3,100,0,-0.2,3,7228,0.04,0.04,124.4,107.2,90.5,91.7,30.04,28.76,27.35,27.55
101.96,4568,164.3,100,0,-0.3,3,7230,-0.01,0.04,124.4,107.2,90.4,91.6,30.04,28.76,27.35,27.55
102,4569,164.4,100,0,-0.3,3,7233,-0.03,0.04,124.3,107.1,90.4,91.6,30.04,28.76,27.35,27.55
102.04,4571,164.4,100,0,-0.5,3,7235,-0.03,0.04,124.3,107.1,90.4,91.6,30.04,28.76,27.35,27.55
102.08,4573,164.5,100,0,0.1,3,7238,0,0.04,124.3,107.1,90.4,91.6,30.04,28.76,27.35,27.55
102.12,4575,164.6,100,0,-0.2,3,7240,-0.01,0.04,124.3,107.1,90.4,91.6,30.04,28.76,27.34,27.54
102.16,4577,164.6,100,0,-0.5,3,7243,-0.03,0.04,124.3,107.1,90.4,91.6,30.04,28.76,27.34,27.54
102.2,4579,164.7,100,0,-0.2,3,7245,0,0.04,124.3,107.1,90.4,91.6,30.04,28.76,27.34,27.54
102.24,4580,164.7,100,0,0.4,3,7248,0.01,0.04,124.3,107.1,90.4,91.6,30.04,28.76,27.34,27.54
102.28,4582,164.8,100,0,0,3,7250,0.02,0.04,124.3,107.1,90.4,91.6,30.03,28.75,27.34,27.54
102.32,4584,164.8,100,0,-0.5,3,7253,0,0.04,124.2,107,90.3,91.5,30.03,28.75,27.34,27.54
102.36,4586,164.9,100,0,0.4,3,7256,-0.03,0.04,124.2,107,90.3,91.5,30.03,28.75,27.34,27.54
102.4,4588,165,100,0,-0.1,3,7258,0,0.04,124.2,107,90.3,91.5,30.03,28.75,27.34,27.54
102.44,4590,165,100,0,0,3,7261,-0.01,0.04,124.2,107,90.3,91.5,30.03,28.75,27.34,27.54
102.48,4591,165.1,100,0,-0.4,3,7263,-0.01,0.04,124.2,107,90.3,91.5,30.03,28.75,27.34,27.54
102.52,4593,165.1,100,0,0.2,3,7266,0.03,0.04,124.2,107,90.3,91.5,30.03,28.75,27.34,27.54
102.56,4595,165.2,100,0,-0.1,3,7268,0,0.04,124.2,107,90.3,91.5,30.03,28.75,27.34,27.54
102.6,4597,165.2,100,0,0.2,3,7271,0.01,0.04,124.2,107,90.3,91.5,30.03,28.75,27.33,27.53
102.64,4599,165.3,100,0,-0.6,3,7273,-0.04,0.04,124.1,106.9,90.2,91.4,30.03,28.75,27.33,27.53
102.68,4601,165.4,100,0,0.5,3,7276,-0.01,0.04,124.1,106.9,90.2,91.4,30.03,28.75,27.33,27.53
102.72,4602,165.4,100,0,-0.1,3,7278,0,0.04,124.1,106.9,90.2,91.4,30.02,28.74,27.33,27.53
102.76,4604,165.5,100,0,0.2,3,7281,-0.05,0.04,124.1,106.9,90.2,91.4,30.02,28.74,27.33,27.53
102.8,4606,165.5,100,0,0.6,3,7283,-0.02,0.04,124.1,106.9,90.2,91.4,30.02,28.74,27.33,27.53
102.84,4608,165.6,100,0,0.5,3,7286,0.01,0.04,124.1,106.9,90.2,91.4,30.02,28.74,27.33,27.53
102.88,4610,165.6,100,0,0.1,3,7288,0.05,0.04,124.1,106.9,90.2,91.4,30.02,28.74,27.33,27.53
102.92,4612,165.7,100,0,-0.4,3,7291,0.02,0.04,124.1,106.9,90.2,91.4,30.02,28.74,27.33,27.53
102.96,4613,165.8,100,0,0.4,3,7294,0,0.04,124.1,106.9,90.1,91.3,30.02,28.74,27.33,27.53
103,4615,165.8,100,0,-0.7,3,7296,0,0.04,124,106.8,90.1,91.3,30.02,28.74,27.33,27.53
103.04,4617,165.9,100,0,-0.6,3,7299,0,0.04,124,106.8,90.1,91.3,30.02,28.74,27.32,27.52
103.08,4619,165.9,100,0,0.3,3,7301,-0.01,0.04,124,106.8,90.1,91.3,30.02,28.74,27.32,27.52
103.12,4621,166,100,0,0.1,3,7304,-0.01,0.04,124,106.8,90.1,91.3,30.02,28.74,27.32,27.52
103.16,4623,166,100,0,0.7,3,7306,-0.03,0.04,124,106.8,90.1,91.3,30.01,28.73,27.32,27.52
103.2,4624,166.1,100,0,-0.6,3,7309,-0.01,0.04,124,106.8,90.1,91.3,30.01,28.73,27.32,27.52
103.24,4626,166.2,100,0,-0.4,3,7311,0.01,0.04,124,106.8,90.1,91.3,30.01,28.73,27.32,27.52
103.28,4628,166.2,100,0,0.2,3,7314,0.02,0.04,124,106.8,90.1,91.3,30.01,28.73,27.32,27.52
103.32,4630,166.3,100,0,0.5,3,7316,0,0.04,123.9,106.7,90,91.2,30.01,28.73,27.32,27.52
103.36,4632,166.3,100,0,-0.7,3,7319,-0.01,0.04,123.9,106.7,90,91.2,30.01,28.73,27.32,27.52
103.4,4634,166.4,100,0,-0.1,3,7321,0.01,0.04,123.9,106.7,90,91.2,30.01,28.73,27.32,27.52
103.44,4636,166.5,100,0,0,3,7324,0.01,0.04,123.9,106.7,90,91.2,30.01,28.73,27.32,27.52
103.48,4637,166.5,100,0,0.8,3,7326,-0.01,0.04,123.9,106.7,90,91.2,30.01,28.73,27.31,27.51
103.52,4639,166.6,100,0,-0.1,3,7329,-0.03,0.04,123.9,106.7,90,91.2,30.01,28.73,27.31,27.51
103.56,4641,166.6,100,0,0.5,3,7332,0,0.04,123.9,106.7,90,91.2,30.01,28.73,27.31,27.51
103.6,4643,166.7,100,0,-0.2,3,7334,0.02,0.04,123.9,106.7,90,91.2,30,28.72,27.31,27.51
103.64,4645,166.7,100,0,-0.1,3,7337,0,0.04,123.8,106.6,89.9,91.1,30,28.72,27.31,27.51
103.68,4647,166.8,100,0,-0.1,3,7339,-0.01,0.04,123.8,106.6,89.9,91.1,30,28.72,27.31,27.51
103.72,4649,166.9,100,0,0.3,3,7342,0.01,0.04,123.8,106.6,89.9,91.1,30,28.72,27.31,27.51
103.76,4650,166.9,100,0,0.5,3,7344,0.01,0.04,123.8,106.6,89.9,91.1,30,28.72,27.31,27.51
103.8,4652,167,100,0,0.6,3,7347,0.03,0.04,123.8,106.6,89.9,91.1,30,28.72,27.31,27.51
103.84,4654,167,100,0,0.8,3,7349,0.01,0.04,123.8,106.6,89.9,91.1,30,28.72,27.31,27.51
103.88,4656,167.1,100,0,0.7,3,7352,0.02,0.04,123.8,106.6,89.9,91.1,30,28.72,27.31,27.51
103.92,4658,167.1,100,0,0.7,3,7354,-0.01,0.04,123.8,106.6,89.9,91.1,30,28.72,27.3,27.5
103.96,4660,167.2,100,0,-0.3,3,7357,0.02,0.04,123.8,106.6,89.8,91,30,28.72,27.3,27.5
104,4662,167.3,100,0,-0.4,3,7359,-0.01,0.04,123.7,106.5,89.8,91,30,28.72,27.3,27.5
104.04,4663,167.3,100,0,0.4,3,7362,0.02,0.04,123.7,106.5,89.8,91,29.99,28.71,27.3,27.5
104.08,4665,167.4,100,0,0.1,3,7364,-0.02,0.04,123.7,106.5,89.8,91,29.99,28.71,27.3,27.5
104.12,4667,167.4,100,0,0.1,3,7367,0.05,0.04,123.7,106.5,89.8,91,29.99,28.71,27.3,27.5
104.16,4669,167.5,100,0,0.5,3,7370,-0.01,0.04,123.7,106.5,89.8,91,29.99,28.71,27.3,27.5
104.2,4671,167.5,100,0,0,3,7372,-0.02,0.04,123.7,106.5,89.8,91,29.99,28.71,27.3,27.5
104.24,4673,167.6,100,0,0.2,3,7375,0.01,0.04,123.7,106.5,89.8,91,29.99,28.71,27.3,27.5
104.28,4675,167.7,100,0,-0.3,3,7377,0,0.04,123.7,106.5,89.8,91,29.99,28.71,27.3,27.5
104.32,4676,167.7,100,0,-0.1,3,7380,0.02,0.04,123.6,106.4,89.7,90.9,29.99,28.71,27.3,27.5
104.36,4678,167.8,100,0,-0.1,3,7382,-0.01,0.04,123.6,106.4,89.7,90.9,29.99,28.71,27.29,27.49
104.4,4680,167.8,100,0,0.2,3,7385,0.01,0.04,123.6,106.4,89.7,90.9,29.99,28.71,27.29,27.49
104.44,4682,167.9,100,0,-0.4,3,7387,-0.06,0.04,123.6,106.4,89.7,90.9,29.99,28.71,27.29,27.49
104.48,4684,168,100,0,0.6,3,7390,-0.02,0.04,123.6,106.4,89.7,90.9,29.98,28.7,27.29,27.49
104.52,4686,168,100,0,-0.4,3,7392,0.01,0.04,123.6,106.4,89.7,90.9,29.98,28.7,27.29,27.49
104.56,4688,168.1,100,0,0.5,3,7395,0.03,0.04,123.6,106.4,89.7,90.9,29.98,28.7,27.29,27.49
104.6,4689,168.1,100,0,0.2,3,7397,-0.01,0.04,123.6,106.4,89.7,90.9,29.98,28.7,27.29,27.49
104.64,4691,168.2,100,0,-0.2,3,7400,-0.01,0.04,123.5,106.3,89.6,90.8,29.98,28.7,27.29,27.49
104.68,4693,168.2,100,0,0.2,3,7403,-0.01,0.04,123.5,106.3,89.6,90.8,29.98,28.7,27.29,27.49
104.72,4695,168.3,100,0,-0.1,3,7405,0.03,0.04,123.5,106.3,89.6,90.8,29.98,28.7,27.29,27.49
104.76,4697,168.4,100,0,0,3,7408,-0.03,0.04,123.5,106.3,89.6,90.8,29.98,28.7,27.29,27.49
104.8,4699,168.4,100,0,0.9,3,7410,-0.01,0.04,123.5,106.3,89.6,90.8,29.98,28.7,27.28,27.48
104.84,4701,168.5,100,0,0.1,3,7413,0,0.04,123.5,106.3,89.6,90.8,29.98,28.7,27.28,27.48
104.88,4703,168.5,100,0,-0.3,3,7415,0,0.04,123.5,106.3,89.6,90.8,29.98,28.7,27.28,27.48
104.92,4704,168.6,100,0,-0.9,3,7418,-0.02,0.04,123.5,106.3,89.6,90.8,29.97,28.69,27.28,27.48
104.96,4706,168.6,100,0,-0.3,3,7420,0,0.04,123.5,106.3,89.5,90.7,29.97,28.69,27.28,27.48
105,4708,168.7,100,0,0.4,3,7423,-0.01,0.04,123.4,106.2,89.5,90.7,29.97,28.69,27.28,27.48
105.04,4710,168.8,100,0,-0.1,3,7425,0,0.04,123.4,106.2,89.5,90.7,29.97,28.69,27.28,27.48
105.08,4712,168.8,100,0,0,3,7428,-0.01,0.04,123.4,106.2,89.5,90.7,29.97,28.69,27.28,27.48
105.12,4714,168.9,100,0,0,3,7430,-0.01,0.04,123.4,106.2,89.5,90.7,29.97,28.69,27.28,27.48
105.16,4716,168.9,100,0,-0.3,3,7433,0.03,0.04,123.4,106.2,89.5,90.7,29.97,28.69,27.28,27.48
105.2,4718,169,100,0,-0.6,3,7435,0.02,0.04,123.4,106.2,89.5,90.7,29.97,28.69,27.28,27.48
105.24,4719,169,100,0,0.2,3,7438,0.01,0.04,123.4,106.2,89.5,90.7,29.97,28.69,27.27,27.47
105.28,4721,169.1,100,0,-0.5,3,7441,-0.01,0.04,123.4,106.2,89.5,90.7,29.97,28.69,27.27,27.47
105.32,4723,169.2,100,0,-0.1,3,7443,-0.01,0.04,123.3,106.1,89.4,90.6,29.97,28.69,27.27,27.47
105.36,4725,169.2,100,0,0.1,3,7446,0.02,0.04,123.3,106.1,89.4,90.6,29.96,28.68,27.27,27.47
105.4,4727,169.3,100,0,0.2,3,7448,0.01,0.04,123.3,106.1,89.4,90.6,29.96,28.68,27.27,27.47
105.44,4729,169.3,100,0,0.5,3,7451,0.04,0.04,123.3,106.1,89.4,90.6,29.96,28.68,27.27,27.47
105.48,4731,169.4,100,0,0.5,3,7453,-0.01,0.04,123.3,106.1,89.4,90.6,29.96,28.68,27.27,27.47
105.52,4733,169.4,100,0,-0.2,3,7456,-0.02,0.04,123.3,106.1,89.4,90.6,29.96,28.68,27.27,27.47
105.56,4734,169.5,100,0,-0.4,3,7458,0.03,0.04,123.3,106.1,89.4,90.6,29.96,28.68,27.27,27.47
105.6,4736,169.6,100,0,-0.1,3,7461,-0.03,0.04,123.3,106.1,89.4,90.6,29.96,28.68,27.27,27.47
105.64,4738,169.6,100,0,0.1,3,7463,0,0.04,123.2,106,89.3,90.5,29.96,28.68,27.27,27.47
105.68,4740,169.7,100,0,0.5,3,7466,0,0.04,123.2,106,89.3,90.5,29.96,28.68,27.26,27.46
105.72,4742,169.7,100,0,-0.1,3,7468,0,0.04,123.2,106,89.3,90.5,29.96,28.68,27.26,27.46
105.76,4744,169.8,100,0,0.8,3,7471,0,0.04,123.2,106,89.3,90.5,29.96,28.68,27.26,27.46
105.8,4746,169.9,100,0,0.3,3,7473,-0.01,0.04,123.2,106,89.3,90.5,29.96,28.68,27.26,27.46
105.84,4748,169.9,100,0,-0.6,3,7476,-0.03,0.04,123.2,106,89.3,90.5,29.95,28.67,27.26,27.46
105.88,4750,170,100,0,-0.1,3,7479,0.01,0.04,123.2,106,89.3,90.5,29.95,28.67,27.26,27.46
105.92,4751,170,100,0,-0.1,3,7481,-0.02,0.04,123.2,106,89.3,90.5,29.95,28.67,27.26,27.46
105.96,4753,170.1,100,0,0.8,3,7484,-0.02,0.04,123.2,106,89.2,90.4,29.95,28.67,27.26,27.46
106,4755,170.1,100,0,0.2,3,7486,0.02,0.04,123.1,105.9,89.2,90.4,29.95,28.67,27.26,27.46
106.04,4757,170.2,100,0,-0.3,3,7489,0,0.04,123.1,105.9,89.2,90.4,29.95,28.67,27.26,27.46
106.08,4759,170.3,100,0,-0.7,3,7491,0.04,0.04,123.1,105.9,89.2,90.4,29.95,28.67,27.26,27.46
106.12,4761,170.3,100,0,0.1,3,7494,-0.03,0.04,123.1,105.9,89.2,90.4,29.95,28.67,27.25,27.45
106.16,4763,170.4,100,0,-1,3,7496,0.02,0.04,123.1,105.9,89.2,90.4,29.95,28.67,27.25,27.45
106.2,4765,170.4,100,0,0,3,7499,-0.02,0.04,123.1,105.9,89.2,90.4,29.95,28.67,27.25,27.45
106.24,4767,170.5,100,0,0.7,3,7501,-0.01,0.04,123.1,105.9,89.2,90.4,29.95,28.67,27.25,27.45
106.28,4768,170.5,100,0,-0.1,3,7504,-0.02,0.04,123.1,105.9,89.2,90.4,29.94,28.66,27.25,27.45
106.32,4770,170.6,100,0,0.2,3,7506,-0.02,0.04,123,105.8,89.1,90.3,29.94,28.66,27.25,27.45
106.36,4772,170.7,100,0,0.1,3,7509,-0.04,0.04,123,105.8,89.1,90.3,29.94,28.66,27.25,27.45
106.4,4774,170.7,100,0,0.5,3,7511,0.01,0.04,123,105.8,89.1,90.3,29.94,28.66,27.25,27.45
106.44,4776,170.8,100,0,0.3,3,7514,-0.02,0.04,123,105.8,89.1,90.3,29.94,28.66,27.25,27.45
106.48,4778,170.8,100,0,-0.4,3,7517,-0.03,0.04,123,105.8,89.1,90.3,29.94,28.66,27.25,27.45
106.52,4780,170.9,100,0,0.5,3,7519,0,0.04,123,105.8,89.1,90.3,29.94,28.66,27.25,27.45
106.56,4782,170.9,100,0,0,3,7522,0,0.04,123,105.8,89.1,90.3,29.94,28.66,27.25,27.45
106.6,4784,171,100,0,-0.2,3,7524,-0.04,0.04,123,105.8,89.1,90.3,29.94,28.66,27.24,27.44
106.64,4786,171.1,100,0,-0.3,3,7527,0,0.04,122.9,105.7,89,90.2,29.94,28.66,27.24,27.44
106.68,4787,171.1,100,0,0.1,3,7529,0,0.04,122.9,105.7,89,90.2,29.94,28.66,27.24,27.44
106.72,4789,171.2,100,0,0.2,3,7532,-0.02,0.04,122.9,105.7,89,90.2,29.93,28.65,27.24,27.44
106.76,4791,171.2,100,0,0.3,3,7534,-0.01,0.04,122.9,105.7,89,90.2,29.93,28.65,27.24,27.44
106.8,4793,171.3,100,0,0.3,3,7537,-0.04,0.04,122.9,105.7,89,90.2,29.93,28.65,27.24,27.44
106.84,4795,171.3,100,0,0,3,7539,0.02,0.04,122.9,105.7,89,90.2,29.93,28.65,27.24,27.44
106.88,4797,171.4,100,0,0.2,3,7542,0.01,0.04,122.9,105.7,89,90.2,29.93,28.65,27.24,27.44
106.92,4799,171.5,100,0,-0.3,3,7544,-0.02,0.04,122.9,105.7,89,90.2,29.93,28.65,27.24,27.44
106.96,4801,171.5,100,0,-0.6,3,7547,0.02,0.04,122.9,105.7,88.9,90.1,29.93,28.65,27.24,27.44
107,4803,171.6,100,0,0,3,7549,0.03,0.04,122.8,105.6,88.9,90.1,29.93,28.65,27.24,27.44
107.04,4805,171.6,100,0,0,3,7552,-0.04,0.04,122.8,105.6,88.9,90.1,29.93,28.65,27.23,27.43
107.08,4806,171.7,100,0,0.3,3,7555,0,0.04,122.8,105.6,88.9,90.1,29.93,28.65,27.23,27.43
107.12,4808,171.8,100,0,0.6,3,7557,0.02,0.04,122.8,105.6,88.9,90.1,29.93,28.65,27.23,27.43
107.16,4810,171.8,100,0,0.1,3,7560,-0.04,0.04,122.8,105.6,88.9,90.1,29.92,28.64,27.23,27.43
107.2,4812,171.9,100,0,0.2,3,7562,-0.01,0.04,122.8,105.6,88.9,90.1,29.92,28.64,27.23,27.43
107.24,4814,171.9,100,0,0.4,3,7565,0.01,0.04,122.8,105.6,88.9,90.1,29.92,28.64,27.23,27.43
107.28,4816,172,100,0,0,3,7567,-0.01,0.04,122.8,105.6,88.9,90.1,29.92,28.64,27.23,27.43
107.32,4818,172,100,0,-0.1,3,7570,0,0.04,122.7,105.5,88.8,90,29.92,28.64,27.23,27.43
107.36,4820,172.1,100,0,-0.2,3,7572,-0.01,0.04,122.7,105.5,88.8,90,29.92,28.64,27.23,27.43
107.4,4822,172.2,100,0,0,3,7575,-0.02,0.04,122.7,105.5,88.8,90,29.92,28.64,27.23,27.43
107.44,4824,172.2,100,0,0.5,3,7577,0.04,0.04,122.7,105.5,88.8,90,29.92,28.64,27.23,27.43
107.48,4826,172.3,100,0,0.6,3,7580,0,0.04,122.7,105.5,88.8,90,29.92,28.64,27.22,27.42
107.52,4827,172.3,100,0,0,3,7582,-0.03,0.04,122.7,105.5,88.8,90,29.92,28.64,27.22,27.42
107.56,4829,172.4,100,0,-0.3,3,7585,-0.02,0.04,122.7,105.5,88.8,90,29.92,28.64,27.22,27.42
107.6,4831,172.4,100,0,-0.1,3,7588,0,0.04,122.7,105.5,88.8,90,29.91,28.63,27.22,27.42
107.64,4833,172.5,100,0,-0.1,3,7590,-0.05,0.04,122.6,105.4,88.7,89.9,29.91,28.63,27.22,27.42
107.68,4835,172.6,100,0,0.6,3,7593,-0.01,0.04,122.6,105.4,88.7,89.9,29.91,28.63,27.22,27.42
107.72,4837,172.6,100,0,-0.2,3,7595,-0.02,0.04,122.6,105.4,88.7,89.9,29.91,28.63,27.22,27.42
107.76,4839,172.7,100,0,0.3,3,7598,0,0.04,122.6,105.4,88.7,89.9,29.91,28.63,27.22,27.42
107.8,4841,172.7,100,0,-0.2,3,7600,0.02,0.04,122.6,105.4,88.7,89.9,29.91,28.63,27.22,27.42
107.84,4843,172.8,100,0,0.1,3,7603,0.02,0.04,122.6,105.4,88.7,89.9,29.91,28.63,27.22,27.42
107.88,4845,172.8,100,0,0.1,3,7605,0,0.04,122.6,105.4,88.7,89.9,29.91,28.63,27.22,27.42
107.92,4847,172.9,100,0,-0.6,3,7608,-0.01,0.04,122.6,105.4,88.7,89.9,29.91,28.63,27.21,27.41
107.96,4849,173,100,0,0.7,3,7610,0.03,0.04,122.6,105.4,88.6,89.8,29.91,28.63,27.21,27.41
108,4851,173,100,0,0.6,3,7613,-0.01,0.04,122.5,105.3,88.6,89.8,29.91,28.63,27.21,27.41
108.04,4852,173.1,100,0,0.1,3,7615,-0.06,0.04,122.5,105.3,88.6,89.8,29.9,28.62,27.21,27.41
108.08,4854,173.1,100,0,0.4,3,7618,-0.01,0.04,122.5,105.3,88.6,89.8,29.9,28.62,27.21,27.41
108.12,4856,173.2,100,0,0.1,3,7620,-0.01,0.04,122.5,105.3,88.6,89.8,29.9,28.62,27.21,27.41
108.16,4858,173.2,100,0,0.9,3,7623,0,0.04,122.5,105.3,88.6,89.8,29.9,28.62,27.21,27.41
108.2,4860,173.3,100,0,-0.6,3,7626,-0.01,0.04,122.5,105.3,88.6,89.8,29.9,28.62,27.21,27.41
108.24,4862,173.4,100,0,0.4,3,7628,0.03,0.04,122.5,105.3,88.6,89.8,29.9,28.62,27.21,27.41
108.28,4864,173.4,100,0,0,3,7631,-0.01,0.04,122.5,105.3,88.6,89.8,29.9,28.62,27.21,27.41
108.32,4866,173.5,100,0,-0.4,3,7633,0,0.04,122.4,105.2,88.5,89.7,29.9,28.62,27.21,27.41
108.36,4868,173.5,100,0,-0.7,3,7636,0.05,0.04,122.4,105.2,88.5,89.7,29.9,28.62,27.2,27.4
108.4,4870,173.6,100,0,0.3,3,7638,0.02,0.04,122.4,105.2,88.5,89.7,29.9,28.62,27.2,27.4
108.44,4872,173.7,100,0,0.7,3,7641,0,0.04,122.4,105.2,88.5,89.7,29.9,28.62,27.2,27.4
108.48,4874,173.7,100,0,0.4,3,7643,0,0.04,122.4,105.2,88.5,89.7,29.89,28.61,27.2,27.4
108.52,4876,173.8,100,0,0.4,3,7646,-0.01,0.04,122.4,105.2,88.5,89.7,29.89,28.61,27.2,27.4
108.56,4877,173.8,100,0,0.2,3,7648,-0.01,0.04,122.4,105.2,88.5,89.7,29.89,28.61,27.2,27.4
108.6,4879,173.9,100,0,-0.1,3,7651,-0.04,0.04,122.4,105.2,88.5,89.7,29.89,28.61,27.2,27.4
108.64,4881,173.9,100,0,0.3,3,7653,-0.01,0.04,122.3,105.1,88.4,89.6,29.89,28.61,27.2,27.4
108.68,4883,174,100,0,-0.2,3,7656,0,0.04,122.3,105.1,88.4,89.6,29.89,28.61,27.2,27.4
108.72,4885,174.1,100,0,0.4,3,7658,-0.01,0.04,122.3,105.1,88.4,89.6,29.89,28.61,27.2,27.4
108.76,4887,174.1,100,0,0.2,3,7661,0.02,0.04,122.3,105.1,88.4,89.6,29.89,28.61,27.2,27.4
108.8,4889,174.2,100,0,0.5,3,7664,-0.03,0.04,122.3,105.1,88.4,89.6,29.89,28.61,27.19,27.39
108.84,4891,174.2,100,0,0.3,3,7666,-0.03,0.04,122.3,105.1,88.4,89.6,29.89,28.61,27.19,27.39
108.88,4893,174.3,100,0,0,3,7669,0,0.04,122.3,105.1,88.4,89.6,29.89,28.61,27.19,27.39
108.92,4895,174.3,100,0,0.2,3,7671,0.03,0.04,122.3,105.1,88.4,89.6,29.88,28.6,27.19,27.39
108.96,4897,174.4,100,0,-0.2,3,7674,-0.04,0.04,122.3,105.1,88.3,89.5,29.88,28.6,27.19,27.39
109,4899,174.5,100,0,-0.7,3,7676,0.01,0.04,122.2,105,88.3,89.5,29.88,28.6,27.19,27.39
109.04,4901,174.5,100,0,0.2,3,7679,0.02,0.04,122.2,105,88.3,89.5,29.88,28.6,27.19,27.39
109.08,4903,174.6,100,0,-0.1,3,7681,-0.01,0.04,122.2,105,88.3,89.5,29.88,28.6,27.19,27.39
109.12,4905,174.6,100,0,-0.1,3,7684,-0.01,0.04,122.2,105,88.3,89.5,29.88,28.6,27.19,27.39
109.16,4907,174.7,100,0,-0.3,3,7686,0.04,0.04,122.2,105,88.3,89.5,29.88,28.6,27.19,27.39
109.2,4908,174.7,100,0,0.2,3,7689,0.03,0.04,122.2,105,88.3,89.5,29.88,28.6,27.19,27.39
109.24,4910,174.8,100,0,0.4,3,7691,-0.01,0.04,122.2,105,88.3,89.5,29.88,28.6,27.18,27.38
109.28,4912,174.9,100,0,-0.5,3,7694,0.01,0.04,122.2,105,88.3,89.5,29.88,28.6,27.18,27.38
109.32,4914,174.9,100,0,0,3,7696,-0.01,0.04,122.1,104.9,88.2,89.4,29.88,28.6,27.18,27.38
109.36,4916,175,100,0,0.4,3,7699,-0.05,0.04,122.1,104.9,88.2,89.4,29.87,28.59,27.18,27.38
109.4,4918,175,100,0,-0.7,4,6301,0.01,0.04,122.1,104.9,88.2,89.4,29.87,28.59,27.18,27.38
109.44,4920,175.1,100,0,-0.1,4,6303,-0.04,0.04,122.1,104.9,88.2,89.4,29.87,28.59,27.18,27.38
109.48,4922,175.2,100,0,0.2,4,6305,-0.01,0.04,122.1,104.9,88.2,89.4,29.87,28.59,27.18,27.38
109.52,4924,175.2,100,0,0.8,4,6307,0.01,0.04,122.1,104.9,88.2,89.4,29.87,28.59,27.18,27.38
109.56,4926,175.3,100,0,0.2,4,6310,0.04,0.04,122.1,104.9,88.2,89.4,29.87,28.59,27.18,27.38
109.6,4928,175.3,100,0,0.1,4,6312,-0.03,0.04,122.1,104.9,88.2,89.4,29.87,28.59,27.18,27.38
109.64,4930,175.4,100,0,0.1,4,6314,0.03,0.04,122,104.8,88.1,89.3,29.87,28.59,27.18,27.38
109.68,4932,175.4,100,0,0.3,4,6316,0,0.04,122,104.8,88.1,89.3,29.87,28.59,27.17,27.37
109.72,4934,175.5,100,0,0.3,4,6318,0.02,0.04,122,104.8,88.1,89.3,29.87,28.59,27.17,27.37
109.76,4936,175.6,100,0,-0.2,4,6320,-0.04,0.04,122,104.8,88.1,89.3,29.87,28.59,27.17,27.37
109.8,4938,175.6,100,0,-0.4,4,6322,0.02,0.04,122,104.8,88.1,89.3,29.87,28.59,27.17,27.37
109.84,4940,175.7,100,0,0.3,4,6324,-0.02,0.04,122,104.8,88.1,89.3,29.86,28.58,27.17,27.37
109.88,4942,175.7,100,0,0.4,4,6326,0.01,0.04,122,104.8,88.1,89.3,29.86,28.58,27.17,27.37
109.92,4944,175.8,100,0,-0.1,4,6328,0,0.04,122,104.8,88.1,89.3,29.86,28.58,27.17,27.37
109.96,4945,175.8,100,0,0.2,4,6330,-0.01,0.04,122,104.8,88,89.2,29.86,28.58,27.17,27.37
110,4947,175.9,100,0,0.6,4,6332,0.01,0.04,121.9,104.7,88,89.2,29.86,28.58,27.17,27.37
110.04,4949,176,100,0,-0.4,4,6334,0,0.04,121.9,104.7,88,89.2,29.86,28.58,27.17,27.37
110.08,4951,176,100,0,0.1,4,6337,-0.01,0.04,121.9,104.7,88,89.2,29.86,28.58,27.17,27.37
110.12,4953,176.1,100,0,0.6,4,6339,0,0.04,121.9,104.7,88,89.2,29.86,28.58,27.16,27.36
110.16,4955,176.1,100,0,-0.2,4,6341,0.01,0.04,121.9,104.7,88,89.2,29.86,28.58,27.16,27.36
110.2,4957,176.2,100,0,-0.4,4,6343,-0.01,0.04,121.9,104.7,88,89.2,29.86,28.58,27.16,27.36
110.24,4959,176.2,100,0,-0.3,4,6345,-0.03,0.04,121.9,104.7,88,89.2,29.86,28.58,27.16,27.36
110.28,4961,176.3,100,0,-0.1,4,6347,0,0.04,121.9,104.7,88,89.2,29.85,28.57,27.16,27.36
110.32,4963,176.4,100,0,0.2,4,6349,0.02,0.04,121.8,104.6,87.9,89.1,29.85,28.57,27.16,27.36
110.36,4965,176.4,100,0,-0.2,4,6351,0.04,0.04,121.8,104.6,87.9,89.1,29.85,28.57,27.16,27.36
110.4,4967,176.5,100,0,-0.4,4,6353,-0.01,0.04,121.8,104.6,87.9,89.1,29.85,28.57,27.16,27.36
110.44,4969,176.5,100,0,-0.4,4,6355,-0.01,0.04,121.8,104.6,87.9,89.1,29.85,28.57,27.16,27.36
110.48,4971,176.6,100,0,-0.2,4,6357,-0.04,0.04,121.8,104.6,87.9,89.1,29.85,28.57,27.16,27.36
110.52,4973,176.6,100,0,-0.5,4,6359,-0.02,0.04,121.8,104.6,87.9,89.1,29.85,28.57,27.16,27.36
110.56,4975,176.7,100,0,-0.5,4,6361,-0.02,0.04,121.8,104.6,87.9,89.1,29.85,28.57,27.16,27.36
110.6,4977,176.8,100,0,-0.3,4,6363,-0.04,0.04,121.8,104.6,87.9,89.1,29.85,28.57,27.15,27.35
110.64,4979,176.8,100,0,-0.9,4,6366,0.02,0.04,121.7,104.5,87.8,89,29.85,28.57,27.15,27.35
110.68,4981,176.9,100,0,-0.1,4,6368,0.01,0.04,121.7,104.5,87.8,89,29.85,28.57,27.15,27.35
110.72,4983,176.9,100,0,0,4,6370,-0.02,0.04,121.7,104.5,87.8,89,29.84,28.56,27.15,27.35
110.76,4985,177,100,0,0.3,4,6372,0.02,0.04,121.7,104.5,87.8,89,29.84,28.56,27.15,27.35
110.8,4987,177.1,100,0,0,4,6374,0.01,0.04,121.7,104.5,87.8,89,29.84,28.56,27.15,27.35
110.84,4989,177.1,100,0,0.7,4,6376,0.02,0.04,121.7,104.5,87.8,89,29.84,28.56,27.15,27.35
110.88,4991,177.2,100,0,0.1,4,6378,-0.01,0.04,121.7,104.5,87.8,89,29.84,28.56,27.15,27.35
110.92,4993,177.2,100,0,-0.6,4,6380,-0.01,0.04,121.7,104.5,87.8,89,29.84,28.56,27.15,27.35
110.96,4995,177.3,100,0,-0.2,4,6382,0,0.04,121.7,104.5,87.7,88.9,29.84,28.56,27.15,27.35
111,4996,177.3,100,0,-0.5,4,6384,0.02,0.04,121.6,104.4,87.7,88.9,29.84,28.56,27.15,27.35
111.04,4998,177.4,100,0,-0.4,4,6386,0.01,0.04,121.6,104.4,87.7,88.9,29.84,28.56,27.14,27.34
111.08,5000,177.5,100,0,-0.1,4,6388,0.01,0.04,121.6,104.4,87.7,88.9,29.84,28.56,27.14,27.34
111.12,5002,177.5,100,0,0,4,6390,-0.01,0.04,121.6,104.4,87.7,88.9,29.84,28.56,27.14,27.34
111.16,5004,177.6,100,0,-0.1,4,6393,0,0.04,121.6,104.4,87.7,88.9,29.83,28.55,27.14,27.34
111.2,5006,177.6,100,0,0.3,4,6395,0,0.04,121.6,104.4,87.7,88.9,29.83,28.55,27.14,27.34
111.24,5008,177.7,100,0,-0.4,4,6397,0,0.04,121.6,104.4,87.7,88.9,29.83,28.55,27.14,27.34
111.28,5010,177.7,100,0,0,4,6399,0,0.04,121.6,104.4,87.7,88.9,29.83,28.55,27.14,27.34
111.32,5012,177.8,100,0,-0.7,4,6401,0.03,0.04,121.5,104.3,87.6,88.8,29.83,28.55,27.14,27.34
111.36,5014,177.9,100,0,-0.4,4,6403,0.04,0.04,121.5,104.3,87.6,88.8,29.83,28.55,27.14,27.34
111.4,5016,177.9,100,0,0.5,4,6405,0.01,0.04,121.5,104.3,87.6,88.8,29.83,28.55,27.14,27.34
111.44,5018,178,100,0,-0.4,4,6407,-0.02,0.04,121.5,104.3,87.6,88.8,29.83,28.55,27.14,27.34
111.48,5020,178,100,0,0,4,6409,0.01,0.04,121.5,104.3,87.6,88.8,29.83,28.55,27.13,27.33
111.52,5022,178.1,100,0,-1,4,6411,-0.02,0.04,121.5,104.3,87.6,88.8,29.83,28.55,27.13,27.33
111.56,5024,178.1,100,0,0,4,6413,-0.01,0.04,121.5,104.3,87.6,88.8,29.83,28.55,27.13,27.33
111.6,5026,178.2,100,0,-0.2,4,6415,-0.05,0.04,121.5,104.3,87.6,88.8,29.82,28.54,27.13,27.33
111.64,5028,178.3,100,0,-0.6,4,6417,0,0.04,121.4,104.2,87.5,88.7,29.82,28.54,27.13,27.33
111.68,5030,178.3,100,0,-0.4,4,6419,0,0.04,121.4,104.2,87.5,88.7,29.82,28.54,27.13,27.33
111.72,5032,178.4,100,0,-0.5,4,6422,-0.01,0.04,121.4,104.2,87.5,88.7,29.82,28.54,27.13,27.33
111.76,5034,178.4,100,0,0.3,4,6424,0.01,0.04,121.4,104.2,87.5,88.7,29.82,28.54,27.13,27.33
111.8,5036,178.5,100,0,0.6,4,6426,-0.01,0.04,121.4,104.2,87.5,88.7,29.82,28.54,27.13,27.33
111.84,5038,178.5,100,0,-0.4,4,6428,-0.01,0.04,121.4,104.2,87.5,88.7,29.82,28.54,27.13,27.33
111.88,5040,178.6,100,0,0.5,4,6430,0.01,0.04,121.4,104.2,87.5,88.7,29.82,28.54,27.13,27.33
111.92,5042,178.7,100,0,0.7,4,6432,0,0.04,121.4,104.2,87.5,88.7,29.82,28.54,27.12,27.32
111.96,5044,178.7,100,0,0.3,4,6434,0,0.04,121.4,104.2,87.4,88.6,29.82,28.54,27.12,27.32
112,5046,178.8,100,0,-0.2,4,6436,-0.02,0.04,121.3,104.1,87.4,88.6,29.82,28.54,27.12,27.32
112.04,5048,178.8,100,0,-0.9,4,6438,0.01,0.04,121.3,104.1,87.4,88.6,29.81,28.53,27.12,27.32
112.08,5050,178.9,100,0,0.3,4,6440,-0.01,0.04,121.3,104.1,87.4,88.6,29.81,28.53,27.12,27.32
112.12,5052,179,100,0,-0.5,4,6442,-0.03,0.04,121.3,104.1,87.4,88.6,29.81,28.53,27.12,27.32
112.16,5054,179,100,0,0.1,4,6444,0.01,0.04,121.3,104.1,87.4,88.6,29.81,28.53,27.12,27.32
112.2,5056,179.1,100,0,-0.4,4,6446,0,0.04,121.3,104.1,87.4,88.6,29.81,28.53,27.12,27.32
112.24,5058,179.1,100,0,0.5,4,6449,0.01,0.04,121.3,104.1,87.4,88.6,29.81,28.53,27.12,27.32
112.28,5060,179.2,100,0,-0.2,4,6451,0.03,0.04,121.3,104.1,87.4,88.6,29.81,28.53,27.12,27.32
112.32,5062,179.2,100,0,-0.1,4,6453,-0.02,0.04,121.2,104,87.3,88.5,29.81,28.53,27.12,27.32
112.36,5064,179.3,100,0,-0.5,4,6455,0.01,0.04,121.2,104,87.3,88.5,29.81,28.53,27.11,27.31
112.4,5066,179.4,100,0,0,4,6457,0.03,0.04,121.2,104,87.3,88.5,29.81,28.53,27.11,27.31
112.44,5068,179.4,100,0,-0.4,4,6459,-0.01,0.04,121.2,104,87.3,88.5,29.81,28.53,27.11,27.31
112.48,5070,179.5,100,0,0.3,4,6461,0.01,0.04,121.2,104,87.3,88.5,29.8,28.52,27.11,27.31
112.52,5072,179.5,100,0,0,4,6463,-0.01,0.04,121.2,104,87.3,88.5,29.8,28.52,27.11,27.31
112.56,5074,179.6,100,0,-0.2,4,6465,0,0.04,121.2,104,87.3,88.5,29.8,28.52,27.11,27.31
112.6,5076,179.6,100,0,0.8,4,6467,-0.01,0.04,121.2,104,87.3,88.5,29.8,28.52,27.11,27.31
112.64,5078,179.7,100,0,0,4,6469,-0.01,0.04,121.1,103.9,87.2,88.4,29.8,28.52,27.11,27.31
112.68,5080,179.8,100,0,0.6,4,6471,-0.01,0.04,121.1,103.9,87.2,88.4,29.8,28.52,27.11,27.31
112.72,5082,179.8,100,0,0.5,4,6473,0.01,0.04,121.1,103.9,87.2,88.4,29.8,28.52,27.11,27.31
112.76,5084,179.9,100,0,-0.3,4,6475,0.04,0.04,121.1,103.9,87.2,88.4,29.8,28.52,27.11,27.31
112.8,5086,179.9,100,0,0.7,4,6478,-0.02,0.04,121.1,103.9,87.2,88.4,29.8,28.52,27.1,27.3
112.84,5088,180,100,0,0.1,4,6480,0.01,0.04,121.1,103.9,87.2,88.4,29.8,28.52,27.1,27.3
112.88,5090,180,100,0,-0.4,4,6482,-0.01,0.04,121.1,103.9,87.2,88.4,29.8,28.52,27.1,27.3
112.92,5092,180.1,100,0,0.2,4,6484,0.01,0.04,121.1,103.9,87.2,88.4,29.79,28.51,27.1,27.3
112.96,5094,180.2,100,0,0.2,4,6486,-0.01,0.04,121.1,103.9,87.1,88.3,29.79,28.51,27.1,27.3
113,5096,180.2,100,0,-0.7,4,6488,-0.01,0.04,121,103.8,87.1,88.3,29.79,28.51,27.1,27.3
113.04,5098,180.3,100,0,0.5,4,6490,0.04,0.04,121,103.8,87.1,88.3,29.79,28.51,27.1,27.3
113.08,5100,180.3,100,0,-0.2,4,6492,-0.02,0.04,121,103.8,87.1,88.3,29.79,28.51,27.1,27.3
113.12,5102,180.4,100,0,-0.2,4,6494,0.01,0.04,121,103.8,87.1,88.3,29.79,28.51,27.1,27.3
113.16,5104,180.4,100,0,-0.2,4,6496,-0.02,0.04,121,103.8,87.1,88.3,29.79,28.51,27.1,27.3
113.2,5106,180.5,100,0,0,4,6498,0.01,0.04,121,103.8,87.1,88.3,29.79,28.51,27.1,27.3
113.24,5108,180.6,100,0,-0.1,4,6500,0.02,0.04,121,103.8,87.1,88.3,29.79,28.51,27.09,27.29
113.28,5110,180.6,100,0,0.1,4,6502,0.01,0.04,121,103.8,87.1,88.3,29.79,28.51,27.09,27.29
113.32,5112,180.7,100,0,-0.4,4,6504,0,0.04,120.9,103.7,87,88.2,29.79,28.51,27.09,27.29
113.36,5114,180.7,100,0,-0.2,4,6507,0,0.04,120.9,103.7,87,88.2,29.78,28.5,27.09,27.29
113.4,5116,180.8,100,0,-0.2,4,6509,0,0.04,120.9,103.7,87,88.2,29.78,28.5,27.09,27.29
113.44,5118,180.9,100,0,-0.3,4,6511,-0.03,0.04,120.9,103.7,87,88.2,29.78,28.5,27.09,27.29
113.48,5120,180.9,100,0,0.5,4,6513,-0.03,0.04,120.9,103.7,87,88.2,29.78,28.5,27.09,27.29
113.52,5122,181,100,0,-0.4,4,6515,0.02,0.04,120.9,103.7,87,88.2,29.78,28.5,27.09,27.29
113.56,5124,181,100,0,-0.1,4,6517,0,0.04,120.9,103.7,87,88.2,29.78,28.5,27.09,27.29
113.6,5126,181.1,100,0,-0.1,4,6519,-0.03,0.04,120.9,103.7,87,88.2,29.78,28.5,27.09,27.29
113.64,5128,181.1,100,0,-0.3,4,6521,0.01,0.04,120.8,103.6,86.9,88.1,29.78,28.5,27.09,27.29
113.68,5130,181.2,100,0,0.1,4,6523,-0.02,0.04,120.8,103.6,86.9,88.1,29.78,28.5,27.08,27.28
113.72,5132,181.3,100,0,0.1,4,6525,0.03,0.04,120.8,103.6,86.9,88.1,29.78,28.5,27.08,27.28
113.76,5134,181.3,100,0,0.1,4,6527,0.01,0.04,120.8,103.6,86.9,88.1,29.78,28.5,27.08,27.28
113.8,5136,181.4,100,0,-0.1,4,6529,0.01,0.04,120.8,103.6,86.9,88.1,29.78,28.5,27.08,27.28
113.84,5138,181.4,100,0,0.1,4,6531,-0.03,0.04,120.8,103.6,86.9,88.1,29.77,28.49,27.08,27.28
113.88,5140,181.5,100,0,0.6,4,6534,0.01,0.04,120.8,103.6,86.9,88.1,29.77,28.49,27.08,27.28
113.92,5142,181.5,100,0,0,4,6536,0.05,0.04,120.8,103.6,86.9,88.1,29.77,28.49,27.08,27.28
113.96,5144,181.6,100,0,-0.4,4,6538,0,0.04,120.8,103.6,86.8,88,29.77,28.49,27.08,27.28
114,5146,181.7,100,0,0.7,4,6540,0,0.04,120.7,103.5,86.8,88,29.77,28.49,27.08,27.28
114.04,5148,181.7,100,0,0.1,4,6542,0,0.04,120.7,103.5,86.8,88,29.77,28.49,27.08,27.28
114.08,5150,181.8,100,0,0.1,4,6544,-0.02,0.04,120.7,103.5,86.8,88,29.77,28.49,27.08,27.28
114.12,5152,181.8,100,0,-0.1,4,6546,0,0.04,120.7,103.5,86.8,88,29.77,28.49,27.07,27.27
114.16,5154,181.9,100,0,-0.2,4,6548,-0.01,0.04,120.7,103.5,86.8,88,29.77,28.49,27.07,27.27
114.2,5156,181.9,100,0,-0.1,4,6550,0.01,0.04,120.7,103.5,86.8,88,29.77,28.49,27.07,27.27
114.24,5158,182,100,0,0.1,4,6552,0,0.04,120.7,103.5,86.8,88,29.77,28.49,27.07,27.27
114.28,5160,182.1,100,0,0.5,4,6554,0.01,0.04,120.7,103.5,86.8,88,29.76,28.48,27.07,27.27
114.32,5162,182.1,100,0,-0.3,4,6556,0,0.04,120.6,103.4,86.7,87.9,29.76,28.48,27.07,27.27
114.36,5164,182.2,100,0,0,4,6558,-0.01,0.04,120.6,103.4,86.7,87.9,29.76,28.48,27.07,27.27
114.4,5166,182.2,100,0,-0.2,4,6560,-0.01,0.04,120.6,103.4,86.7,87.9,29.76,28.48,27.07,27.27
114.44,5168,182.3,100,0,0.2,4,6563,0,0.04,120.6,103.4,86.7,87.9,29.76,28.48,27.07,27.27
114.48,5170,182.4,100,0,0.3,4,6565,-0.02,0.04,120.6,103.4,86.7,87.9,29.76,28.48,27.07,27.27
114.52,5172,182.4,100,0,0.1,4,6567,0.03,0.04,120.6,103.4,86.7,87.9,29.76,28.48,27.07,27.27
114.56,5174,182.5,100,0,0.2,4,6569,0,0.04,120.6,103.4,86.7,87.9,29.76,28.48,27.07,27.27
114.6,5176,182.5,100,0,-0.4,4,6571,0,0.04,120.6,103.4,86.7,87.9,29.76,28.48,27.06,27.26
114.64,5178,182.6,100,0,-0.2,4,6573,-0.02,0.04,120.5,103.3,86.6,87.8,29.76,28.48,27.06,27.26
114.68,5180,182.6,100,0,0.5,4,6575,0,0.04,120.5,103.3,86.6,87.8,29.76,28.48,27.06,27.26
114.72,5182,182.7,100,0,0.1,4,6577,0.01,0.04,120.5,103.3,86.6,87.8,29.75,28.47,27.06,27.26
114.76,5184,182.8,100,0,-0.2,4,6579,-0.01,0.04,120.5,103.3,86.6,87.8,29.75,28.47,27.06,27.26
114.8,5187,182.8,100,0,-0.2,4,6581,-0.01,0.04,120.5,103.3,86.6,87.8,29.75,28.47,27.06,27.26
114.84,5189,182.9,100,0,-0.8,4,6583,0.01,0.04,120.5,103.3,86.6,87.8,29.75,28.47,27.06,27.26
114.88,5191,182.9,100,0,0,4,6585,0.01,0.04,120.5,103.3,86.6,87.8,29.75,28.47,27.06,27.26
114.92,5193,183,100,0,-0.2,4,6587,-0.01,0.04,120.5,103.3,86.6,87.8,29.75,28.47,27.06,27.26
114.96,5195,183,100,0,-0.1,4,6590,-0.01,0.04,120.5,103.3,86.5,87.7,29.75,28.47,27.06,27.26
115,5197,183.1,100,0,0.3,4,6592,0,0.04,120.4,103.2,86.5,87.7,29.75,28.47,27.06,27.26
115.04,5199,183.2,100,0,0,4,6594,0.02,0.04,120.4,103.2,86.5,87.7,29.75,28.47,27.05,27.25
115.08,5201,183.1,0,2,-0.8,4,6591,0,-1.85,120.5,103.3,86.5,87.7,29.76,28.47,27.05,27.25
115.12,5203,182.9,0,8,1.1,4,6583,0,-1.85,120.7,103.3,86.5,87.7,29.77,28.47,27.05,27.25
115.16,5205,182.4,0,15,-0.9,4,6567,0,-1.85,120.8,103.3,86.5,87.7,29.77,28.48,27.05,27.25
115.2,5207,181.8,0,21,0.9,4,6544,0,-1.85,120.9,103.4,86.5,87.7,29.78,28.48,27.05,27.25
115.24,5209,181,0,27,-2,4,6515,0,-1.85,121,103.4,86.5,87.7,29.79,28.48,27.05,27.25
115.28,5211,180,0,33,-0.1,4,6479,0,-1.85,121.1,103.5,86.5,87.7,29.8,28.49,27.05,27.25
115.32,5213,178.8,0,39,0.9,4,6437,0,-1.85,121.3,103.5,86.5,87.7,29.81,28.49,27.05,27.25
115.36,5215,177.5,0,45,0.7,4,6388,0,-1.85,121.4,103.5,86.5,87.7,29.82,28.49,27.05,27.25
115.4,5217,175.9,0,51,-0.5,4,6333,0,-1.85,121.5,103.6,86.5,87.7,29.83,28.49,27.05,27.25
115.44,5219,174.2,0,57,-0.5,3,7666,0,-1.85,121.6,103.6,86.5,87.7,29.84,28.5,27.05,27.25
115.48,5221,172.3,0,63,-0.1,3,7582,0,-1.85,121.7,103.7,86.5,87.7,29.85,28.5,27.05,27.25
115.52,5223,170.3,0,69,0.6,3,7491,0,-1.85,121.9,103.7,86.5,87.7,29.86,28.5,27.05,27.25
115.56,5225,168,0,75,0.5,3,7392,0,-1.85,122,103.7,86.5,87.7,29.86,28.51,27.05,27.25
115.6,5226,165.6,0,80,-0.9,3,7287,0,-1.85,122.1,103.8,86.5,87.7,29.87,28.51,27.05,27.25
115.64,5228,165,0,82,-0.3,3,7260,0,-1.85,122.2,103.8,86.5,87.7,29.88,28.51,27.05,27.25
115.68,5230,165,0,82,0.7,3,7260,0,-1.85,122.3,103.9,86.5,87.7,29.89,28.52,27.05,27.25
115.72,5232,165,0,82,-0.4,3,7260,0,-1.85,122.5,103.9,86.5,87.7,29.9,28.52,27.05,27.25
115.76,5234,165,0,82,1.3,3,7260,0,-1.85,122.6,103.9,86.5,87.7,29.91,28.52,27.05,27.25
115.8,5236,165,0,82,0.3,3,7260,0,-1.85,122.7,104,86.5,87.7,29.92,28.52,27.05,27.25
115.84,5237,165,0,82,0.9,3,7260,0,-1.85,122.8,104,86.5,87.7,29.93,28.53,27.05,27.25
115.88,5239,165,0,82,-1.4,3,7260,0,-1.85,122.9,104.1,86.5,87.7,29.94,28.53,27.05,27.25
115.92,5241,165,0,82,-1.1,3,7260,0,-1.85,123.1,104.1,86.5,87.7,29.95,28.53,27.05,27.25
115.96,5243,165,0,82,0.7,3,7260,0,-1.85,123.2,104.1,86.5,87.7,29.95,28.54,27.05,27.25
116,5245,165,0,82,1.1,3,7260,0,-1.85,123.3,104.2,86.5,87.7,29.96,28.54,27.05,27.25
116.04,5247,165,0,82,0.4,3,7260,0,-1.85,123.4,104.2,86.5,87.7,29.97,28.54,27.05,27.25
116.08,5248,165,0,82,0.3,3,7260,0,-1.85,123.5,104.3,86.5,87.7,29.98,28.55,27.05,27.25
116.12,5250,165,0,82,-0.4,3,7260,0,-1.85,123.7,104.3,86.5,87.7,29.99,28.55,27.05,27.25
116.16,5252,165,0,82,-0.4,3,7260,0,-1.85,123.8,104.3,86.5,87.7,30,28.55,27.05,27.25
116.2,5254,165,0,82,0.4,3,7260,0,-1.85,123.9,104.4,86.5,87.7,30.01,28.55,27.05,27.25
116.24,5256,165,0,82,-1.4,3,7260,0,-1.85,124,104.4,86.5,87.7,30.02,28.56,27.05,27.25
116.28,5258,165,0,82,0.8,3,7260,0,-1.85,124.1,104.5,86.5,87.7,30.03,28.56,27.05,27.25
116.32,5259,165,0,82,0.1,3,7260,0,-1.85,124.3,104.5,86.5,87.7,30.04,28.56,27.05,27.25
116.36,5261,165,0,82,-0.7,3,7260,0,-1.85,124.4,104.5,86.5,87.7,30.04,28.57,27.05,27.25
116.4,5263,165,0,82,0.2,3,7260,0,-1.85,124.5,104.6,86.5,87.7,30.05,28.57,27.05,27.25
116.44,5265,165,0,82,0.6,3,7260,0,-1.85,124.6,104.6,86.5,87.7,30.06,28.57,27.05,27.25
116.48,5267,165,0,82,1.2,3,7260,0,-1.85,124.7,104.7,86.5,87.7,30.07,28.58,27.05,27.25
116.52,5269,165,0,82,1.2,3,7260,0,-1.85,124.9,104.7,86.5,87.7,30.08,28.58,27.05,27.25
116.56,5270,165,0,82,-1.5,3,7260,0,-1.85,125,104.7,86.5,87.7,30.09,28.58,27.05,27.25
116.6,5272,165,0,82,0.9,3,7260,0,-1.85,125.1,104.8,86.5,87.7,30.1,28.58,27.05,27.25
116.64,5274,165,0,82,-0.3,3,7260,0,-1.85,125.2,104.8,86.5,87.7,30.11,28.59,27.05,27.25
116.68,5276,165,0,82,0,3,7260,0,-1.85,125.3,104.9,86.5,87.7,30.12,28.59,27.05,27.25
116.72,5278,165,0,82,-1.4,3,7260,0,-1.85,125.5,104.9,86.5,87.7,30.13,28.59,27.05,27.25
116.76,5280,165,0,82,0.1,3,7260,0,-1.85,125.6,104.9,86.5,87.7,30.13,28.6,27.05,27.25
116.8,5281,165,0,82,0.6,3,7260,0.01,-1.39,125.7,105,86.5,87.7,30.14,28.6,27.05,27.25
116.84,5283,165,0,79,1.6,3,7260,0.05,-1.37,125.8,105,86.5,87.7,30.15,28.6,27.05,27.25
116.88,5285,165,0,77,2.6,3,7260,0.09,-1.34,125.9,105.1,86.5,87.7,30.16,28.61,27.05,27.25
116.92,5287,165,0,75,3.5,3,7260,0.13,-1.32,126.1,105.1,86.5,87.7,30.17,28.61,27.05,27.25
116.96,5289,165,0,73,5.6,3,7260,0.16,-1.29,126.2,105.1,86.5,87.7,30.18,28.61,27.05,27.25
117,5291,165,0,71,6.3,3,7260,0.2,-1.26,126.3,105.2,86.5,87.7,30.19,28.61,27.05,27.25
117.04,5292,165,0,69,8.2,3,7260,0.24,-1.24,126.4,105.2,86.5,87.7,30.2,28.62,27.05,27.25
117.08,5294,165,0,67,8.6,3,7260,0.28,-1.21,126.5,105.3,86.5,87.7,30.21,28.62,27.05,27.25
117.12,5296,165,0,65,9.4,3,7260,0.32,-1.19,126.7,105.3,86.5,87.7,30.22,28.62,27.05,27.25
117.16,5298,165,0,63,11,3,7260,0.36,-1.16,126.8,105.3,86.5,87.7,30.22,28.63,27.05,27.25
117.2,5300,165,0,61,11.9,3,7260,0.4,-1.13,126.9,105.4,86.5,87.7,30.23,28.63,27.05,27.25
117.24,5302,165,0,59,12.7,3,7260,0.44,-1.11,127,105.4,86.5,87.7,30.24,28.63,27.05,27.25
117.28,5303,165,0,57,15.2,3,7260,0.48,-1.08,127.1,105.5,86.5,87.7,30.25,28.64,27.05,27.25
117.32,5305,165,0,55,15.4,3,7260,0.51,-1.06,127.3,105.5,86.5,87.7,30.26,28.64,27.05,27.25
117.36,5307,165,0,53,17.3,3,7260,0.55,-1.03,127.4,105.5,86.5,87.7,30.27,28.64,27.05,27.25
117.4,5309,165,0,52,18.6,3,7260,0.59,-1.01,127.5,105.6,86.5,87.7,30.28,28.64,27.05,27.25
117.44,5311,165,0,50,20.5,3,7260,0.63,-0.98,127.6,105.6,86.5,87.7,30.29,28.65,27.05,27.25
117.48,5313,165,0,48,20.3,3,7260,0.67,-0.95,127.7,105.7,86.5,87.7,30.3,28.65,27.05,27.25
117.52,5314,165,0,46,21.3,3,7260,0.71,-0.93,127.9,105.7,86.5,87.7,30.31,28.65,27.05,27.25
117.56,5316,165,0,44,22,3,7260,0.75,-0.9,128,105.7,86.5,87.7,30.31,28.66,27.05,27.25
117.6,5318,165,0,43,23.4,3,7260,0.79,-0.88,128.1,105.8,86.5,87.7,30.32,28.66,27.05,27.25
117.64,5320,165,0,41,24.1,3,7260,0.83,-0.85,128.2,105.8,86.5,87.7,30.33,28.66,27.05,27.25
117.68,5322,165,0,39,25.9,3,7260,0.86,-0.82,128.3,105.9,86.5,87.7,30.34,28.67,27.05,27.25
117.72,5324,165,0,37,26.4,3,7260,0.9,-0.8,128.5,105.9,86.5,87.7,30.35,28.67,27.05,27.25
117.76,5325,165,0,36,26.8,3,7260,0.94,-0.77,128.6,105.9,86.5,87.7,30.36,28.67,27.05,27.25
117.8,5327,165,0,34,28.1,3,7260,0.98,-0.75,128.7,106,86.5,87.7,30.37,28.67,27.05,27.25
117.84,5329,165,0,32,29.8,3,7260,1.02,-0.72,128.8,106,86.5,87.7,30.38,28.68,27.05,27.25
117.88,5331,165,0,31,29.8,3,7260,1.06,-0.69,128.9,106.1,86.5,87.7,30.39,28.68,27.05,27.25
117.92,5333,165,0,29,30.7,3,7260,1.1,-0.67,129.1,106.1,86.5,87.7,30.4,28.68,27.05,27.25
117.96,5335,165,0,28,31.8,3,7260,1.14,-0.64,129.2,106.1,86.5,87.7,30.4,28.69,27.05,27.25
118,5336,165,0,26,32.5,3,7260,1.18,-0.62,129.3,106.2,86.5,87.7,30.41,28.69,27.05,27.25
118.04,5338,165,0,24,33.1,3,7260,1.21,-0.59,129.4,106.2,86.5,87.7,30.42,28.69,27.05,27.25
118.08,5340,165,0,23,33,3,7260,1.25,-0.56,129.5,106.3,86.5,87.7,30.43,28.7,27.05,27.25
118.12,5342,165,0,22,34.7,3,7260,1.29,-0.54,129.7,106.3,86.5,87.7,30.44,28.7,27.05,27.25
118.16,5344,165,0,20,35,3,7260,1.33,-0.51,129.8,106.3,86.5,87.7,30.45,28.7,27.05,27.25
118.2,5346,165,0,19,36.9,3,7260,1.37,-0.49,129.9,106.4,86.5,87.7,30.46,28.7,27.05,27.25
118.24,5347,165,0,17,36.4,3,7260,1.41,-0.46,130,106.4,86.5,87.7,30.47,28.71,27.05,27.25
118.28,5349,165,0,16,36.7,3,7260,1.45,-0.43,130.1,106.5,86.5,87.7,30.48,28.71,27.05,27.25
118.32,5351,165,0,15,36.8,3,7260,1.49,-0.41,130.3,106.5,86.5,87.7,30.49,28.71,27.05,27.25
118.36,5353,165,0,13,38.3,3,7260,1.53,-0.38,130.4,106.5,86.5,87.7,30.49,28.72,27.05,27.25
118.4,5355,165,0,12,37.7,3,7260,1.56,-0.36,130.5,106.6,86.5,87.7,30.5,28.72,27.05,27.25
118.44,5357,165,0,11,40.1,3,7260,1.6,-0.33,130.6,106.6,86.5,87.7,30.51,28.72,27.05,27.25
118.48,5358,165,0,10,39.6,3,7260,1.64,-0.31,130.7,106.7,86.5,87.7,30.52,28.73,27.05,27.25
118.52,5360,165,0,9,39.7,3,7260,1.68,-0.28,130.9,106.7,86.5,87.7,30.53,28.73,27.05,27.25
118.56,5362,165,0,7,40.9,3,7260,1.72,-0.25,131,106.7,86.5,87.7,30.54,28.73,27.05,27.25
118.6,5364,165,0,6,40.7,3,7260,1.76,-0.23,131.1,106.8,86.5,87.7,30.55,28.73,27.05,27.25
118.64,5366,165,0,5,40.7,3,7260,1.8,-0.2,131.2,106.8,86.5,87.7,30.56,28.74,27.05,27.25
118.68,5368,165,0,4,41.1,3,7260,1.84,-0.18,131.3,106.9,86.5,87.7,30.57,28.74,27.05,27.25
118.72,5369,165,0,4,42.4,3,7260,1.88,-0.15,131.5,106.9,86.5,87.7,30.58,28.74,27.05,27.25
118.76,5371,165,0,3,41.8,3,7260,1.91,-0.12,131.6,106.9,86.5,87.7,30.58,28.75,27.05,27.25
118.8,5373,165,0,2,41.6,3,7260,1.95,-0.1,131.7,107,86.5,87.7,30.59,28.75,27.05,27.25
118.84,5375,165,0,1,41.8,3,7260,1.99,-0.07,131.8,107,86.5,87.7,30.6,28.75,27.05,27.25
118.88,5377,165,0,1,41.6,3,7260,2.03,-0.05,131.9,107.1,86.5,87.7,30.61,28.76,27.05,27.25
118.92,5379,165,0,0,42.1,3,7260,2.07,-0.02,132.1,107.1,86.5,87.7,30.62,28.76,27.05,27.25
118.96,5380,165,0,0,42,3,7260,1.95,0,132.1,107.1,86.6,87.8,30.62,28.76,27.06,27.26
119,5382,165,2,0,42,3,7260,1.94,0,132.1,107.1,86.6,87.8,30.62,28.76,27.06,27.26
119.04,5384,165,3,0,41.3,3,7260,1.93,0.01,132.1,107.1,86.6,87.8,30.62,28.76,27.06,27.26
119.08,5386,165,4,0,40.8,3,7260,1.92,0.01,132.1,107.1,86.7,87.9,30.62,28.76,27.06,27.26
119.12,5388,165,4,0,40.6,3,7261,1.91,0.02,132.1,107.1,86.7,87.9,30.62,28.76,27.07,27.27
119.16,5390,165,5,0,41,3,7261,1.9,0.02,132.1,107.1,86.7,87.9,30.62,28.76,27.07,27.27
119.2,5391,165,6,0,40.3,3,7261,1.89,0.02,132.1,107.1,86.8,88,30.62,28.76,27.07,27.27
119.24,5393,165,7,0,39.8,3,7261,1.88,0.03,132.1,107.1,86.8,88,30.62,28.76,27.08,27.28
119.28,5395,165,8,0,40.6,3,7262,1.87,0.03,132.1,107.1,86.8,88,30.62,28.76,27.08,27.28
119.32,5397,165,9,0,39.3,3,7262,1.86,0.04,132.1,107.1,86.9,88.1,30.62,28.76,27.08,27.28
119.36,5399,165.1,9,0,39.3,3,7262,1.85,0.04,132.1,107.1,86.9,88.1,30.62,28.76,27.08,27.28
119.4,5401,165.1,10,0,38.2,3,7263,1.84,0.04,132.1,107.1,86.9,88.1,30.62,28.76,27.09,27.29
119.44,5402,165.1,11,0,38.3,3,7263,1.83,0.05,132.1,107.1,87,88.2,30.62,28.76,27.09,27.29
119.48,5404,165.1,12,0,38.5,3,7263,1.82,0.05,132.1,107.1,87,88.2,30.62,28.76,27.09,27.29
119.52,5406,165.1,13,0,38.7,3,7264,1.81,0.06,132.1,107.1,87,88.2,30.62,28.76,27.09,27.29
119.56,5408,165.1,13,0,38.4,3,7264,1.8,0.06,132.1,107.1,87.1,88.3,30.62,28.76,27.1,27.3
119.6,5410,165.1,14,0,37.8,3,7265,1.8,0.06,132.1,107.1,87.1,88.3,30.62,28.76,27.1,27.3
119.64,5412,165.1,15,0,38.4,3,7266,1.79,0.07,132.1,107.1,87.2,88.4,30.62,28.76,27.1,27.3
119.68,5413,165.1,15,0,37.5,3,7266,1.78,0.07,132.1,107.1,87.2,88.4,30.62,28.76,27.1,27.3
119.72,5415,165.2,16,0,36.3,3,7267,1.77,0.08,132.1,107.1,87.2,88.4,30.62,28.76,27.11,27.31
119.76,5417,165.2,17,0,37.3,3,7267,1.76,0.08,132.1,107.1,87.3,88.5,30.62,28.76,27.11,27.31
119.8,5419,165.2,18,0,36.2,3,7268,1.75,0.08,132.1,107.1,87.3,88.5,30.62,28.76,27.11,27.31
119.84,5421,165.2,18,0,36.7,3,7269,1.74,0.09,132.1,107.1,87.3,88.5,30.62,28.76,27.11,27.31
119.88,5423,165.2,19,0,36.1,3,7270,1.73,0.09,132.1,107.1,87.4,88.6,30.62,28.76,27.12,27.32
119.92,5424,165.2,20,0,36.1,3,7270,1.72,0.1,132.1,107.1,87.4,88.6,30.62,28.76,27.12,27.32
119.96,5426,165.3,20,0,35.5,3,7271,1.71,0.1,132.1,107.1,87.4,88.6,30.62,28.76,27.12,27.32
120,5428,165.3,21,0,35.3,3,7272,1.7,0.1,132.1,107.1,87.5,88.7,30.62,28.76,27.13,27.33
120.04,5430,165.3,22,0,35.3,3,7273,1.69,0.11,132.1,107.1,87.5,88.7,30.62,28.76,27.13,27.33
120.08,5432,165.3,22,0,34.8,3,7274,1.68,0.11,132.1,107.1,87.5,88.7,30.62,28.76,27.13,27.33
120.12,5434,165.3,23,0,34.6,3,7275,1.67,0.12,132.1,107.1,87.6,88.8,30.62,28.76,27.13,27.33
120.16,5435,165.4,24,0,34.4,3,7275,1.66,0.12,132.1,107.1,87.6,88.8,30.62,28.76,27.14,27.34
120.2,5437,165.4,24,0,33.7,3,7276,1.65,0.12,132.1,107.1,87.6,88.8,30.62,28.76,27.14,27.34
120.24,5439,165.4,25,0,33.7,3,7277,1.64,0.13,132.1,107.1,87.7,88.9,30.62,28.76,27.14,27.34
120.28,5441,165.4,26,0,33.8,3,7278,1.63,0.13,132.1,107.1,87.7,88.9,30.62,28.76,27.14,27.34
120.32,5443,165.4,26,0,33.5,3,7279,1.62,0.14,132.1,107.1,87.7,88.9,30.62,28.76,27.15,27.35
120.36,5445,165.5,27,0,33.1,3,7280,1.61,0.14,132.1,107.1,87.8,89,30.62,28.76,27.15,27.35
120.4,5446,165.5,28,0,32.7,3,7281,1.6,0.14,132.1,107.1,87.8,89,30.62,28.76,27.15,27.35
120.44,5448,165.5,28,0,32.3,3,7283,1.59,0.15,132.1,107.1,87.9,89.1,30.62,28.76,27.15,27.35
120.48,5450,165.5,29,0,32.2,3,7284,1.59,0.15,132.1,107.1,87.9,89.1,30.62,28.76,27.16,27.36
120.52,5452,165.6,30,0,31.7,3,7285,1.58,0.16,132.1,107.1,87.9,89.1,30.62,28.76,27.16,27.36
120.56,5454,165.6,30,0,32.2,3,7286,1.57,0.16,132.1,107.1,88,89.2,30.62,28.76,27.16,27.36
120.6,5456,165.6,31,0,31.3,3,7287,1.56,0.16,132.1,107.1,88,89.2,30.62,28.76,27.16,27.36
120.64,5458,165.6,32,0,31.2,3,7288,1.55,0.17,132.1,107.1,88,89.2,30.62,28.76,27.17,27.37
120.68,5459,165.7,32,0,31.6,3,7290,1.54,0.17,132.1,107.1,88.1,89.3,30.62,28.76,27.17,27.37
120.72,5461,165.7,33,0,30.6,3,7291,1.53,0.18,132.1,107.1,88.1,89.3,30.62,28.76,27.17,27.37
120.76,5463,165.7,34,0,30.5,3,7292,1.52,0.18,132.1,107.1,88.1,89.3,30.62,28.76,27.17,27.37
120.8,5465,165.8,34,0,30,3,7294,1.51,0.18,132.1,107.1,88.2,89.4,30.62,28.76,27.18,27.38
120.84,5467,165.8,35,0,29.6,3,7295,1.5,0.19,132.1,107.1,88.2,89.4,30.62,28.76,27.18,27.38
120.88,5469,165.8,35,0,29.8,3,7296,1.49,0.19,132.1,107.1,88.2,89.4,30.62,28.76,27.18,27.38
120.92,5470,165.9,36,0,29.2,3,7298,1.48,0.2,132.1,107.1,88.3,89.5,30.62,28.76,27.19,27.39
120.96,5472,165.9,37,0,29.2,3,7299,1.47,0.2,132.1,107.1,88.3,89.5,30.62,28.76,27.19,27.39
121,5474,165.9,37,0,28.3,3,7300,1.46,0.2,132.1,107.1,88.3,89.5,30.62,28.76,27.19,27.39
121.04,5476,166,38,0,29.2,3,7302,1.45,0.21,132.1,107.1,88.4,89.6,30.62,28.76,27.19,27.39
121.08,5478,166,39,0,28.2,3,7303,1.44,0.21,132.1,107.1,88.4,89.6,30.62,28.76,27.2,27.4
121.12,5480,166,39,0,28.4,3,7305,1.43,0.22,132.1,107.1,88.4,89.6,30.62,28.76,27.2,27.4
121.16,5481,166.1,40,0,27.3,3,7306,1.42,0.22,132.1,107.1,88.5,89.7,30.62,28.76,27.2,27.4
121.2,5483,166.1,40,0,27,3,7308,1.41,0.22,132.1,107.1,88.5,89.7,30.62,28.76,27.2,27.4
121.24,5485,166.1,41,0,26.9,3,7310,1.4,0.23,132.1,107.1,88.6,89.8,30.62,28.76,27.21,27.41
121.28,5487,166.2,42,0,26.7,3,7311,1.39,0.23,132.1,107.1,88.6,89.8,30.62,28.76,27.21,27.41
121.32,5489,166.2,42,0,26.2,3,7313,1.38,0.24,132.1,107.1,88.6,89.8,30.62,28.76,27.21,27.41
121.36,5491,166.2,43,0,26,3,7314,1.37,0.24,132.1,107.1,88.7,89.9,30.62,28.76,27.21,27.41
121.4,5493,166.3,43,0,26,3,7316,1.36,0.24,132.1,107.1,88.7,89.9,30.62,28.76,27.22,27.42
121.44,5494,166.3,44,0,26.1,3,7318,1.36,0.25,132.1,107.1,88.7,89.9,30.62,28.76,27.22,27.42
121.48,5496,166.4,45,0,25.2,3,7320,1.35,0.25,132.1,107.1,88.8,90,30.62,28.76,27.22,27.42
121.52,5498,166.4,45,0,25.4,3,7321,1.34,0.26,132.1,107.1,88.8,90,30.62,28.76,27.22,27.42
121.56,5500,166.4,46,0,24.9,3,7323,1.33,0.26,132.1,107.1,88.8,90,30.62,28.76,27.23,27.43
121.6,5502,166.5,46,0,24.7,3,7325,1.32,0.26,132.1,107.1,88.9,90.1,30.62,28.76,27.23,27.43
121.64,5504,166.5,47,0,24.2,3,7327,1.31,0.27,132.1,107.1,88.9,90.1,30.62,28.76,27.23,27.43
121.68,5505,166.6,48,0,24.1,3,7328,1.3,0.27,132.1,107.1,88.9,90.1,30.62,28.76,27.24,27.44
121.72,5507,166.6,48,0,24.5,3,7330,1.29,0.28,132.1,107.1,89,90.2,30.62,28.76,27.24,27.44
121.76,5509,166.6,49,0,23.7,3,7332,1.28,0.28,132.1,107.1,89,90.2,30.62,28.76,27.24,27.44
121.8,5511,166.7,49,0,23.6,3,7334,1.27,0.28,132.1,107.1,89,90.2,30.62,28.76,27.24,27.44
121.84,5513,166.7,50,0,23,3,7336,1.26,0.29,132.1,107.1,89.1,90.3,30.62,28.76,27.25,27.45
121.88,5515,166.8,51,0,23.5,3,7338,1.25,0.29,132.1,107.1,89.1,90.3,30.62,28.76,27.25,27.45
121.92,5517,166.8,51,0,22.5,3,7340,1.24,0.3,132.1,107.1,89.1,90.3,30.62,28.76,27.25,27.45
121.96,5518,166.9,52,0,23.2,3,7342,1.23,0.3,132.1,107.1,89.2,90.4,30.62,28.76,27.25,27.45
122,5520,166.9,52,0,22.3,3,7344,1.22,0.3,132.1,107.1,89.2,90.4,30.62,28.76,27.26,27.46
122.04,5522,167,53,0,22.2,3,7346,1.21,0.31,132.1,107.1,89.3,90.5,30.62,28.76,27.26,27.46
122.08,5524,167,54,0,22,3,7348,1.2,0.31,132.1,107.1,89.3,90.5,30.62,28.76,27.26,27.46
122.12,5526,167,54,0,22.1,3,7350,1.19,0.32,132.1,107.1,89.3,90.5,30.62,28.76,27.26,27.46
122.16,5528,167.1,55,0,21.8,3,7352,1.18,0.32,132.1,107.1,89.4,90.6,30.62,28.76,27.27,27.47
122.2,5530,167.1,55,0,21.2,3,7354,1.17,0.32,132.1,107.1,89.4,90.6,30.62,28.76,27.27,27.47
122.24,5531,167.2,56,0,21,3,7356,1.16,0.33,132.1,107.1,89.4,90.6,30.62,28.76,27.27,27.47
122.28,5533,167.2,57,0,20.3,3,7359,1.15,0.33,132.1,107.1,89.5,90.7,30.62,28.76,27.27,27.47
122.32,5535,167.3,57,0,20.3,3,7361,1.14,0.34,132.1,107.1,89.5,90.7,30.62,28.76,27.28,27.48
122.36,5537,167.3,58,0,20.6,3,7363,1.13,0.34,132.1,107.1,89.5,90.7,30.62,28.76,27.28,27.48
122.4,5539,167.4,58,0,20.1,3,7365,1.12,0.34,132.1,107.1,89.6,90.8,30.62,28.76,27.28,27.48
122.44,5541,167.4,59,0,19.6,3,7367,1.11,0.35,132.1,107.1,89.6,90.8,30.62,28.76,27.29,27.49
122.48,5543,167.5,59,0,19.1,3,7370,1.1,0.35,132.1,107.1,89.6,90.8,30.62,28.76,27.29,27.49
122.52,5544,167.5,60,0,18.8,3,7372,1.09,0.36,132.1,107.1,89.7,90.9,30.62,28.76,27.29,27.49
122.56,5546,167.6,61,0,19.1,3,7374,1.09,0.36,132.1,107.1,89.7,90.9,30.62,28.76,27.29,27.49
122.6,5548,167.6,61,0,19,3,7377,1.08,0.36,132.1,107.1,89.7,90.9,30.62,28.76,27.3,27.5
122.64,5550,167.7,62,0,18.4,3,7379,1.07,0.37,132.1,107.1,89.8,91,30.62,28.76,27.3,27.5
122.68,5552,167.8,62,0,17.5,3,7381,1.06,0.37,132.1,107.1,89.8,91,30.62,28.76,27.3,27.5
122.72,5554,167.8,63,0,17.7,3,7384,1.05,0.38,132.1,107.1,89.8,91,30.62,28.76,27.3,27.5
122.76,5556,167.9,63,0,17.3,3,7386,1.04,0.38,132.1,107.1,89.9,91.1,30.62,28.76,27.31,27.51
122.8,5557,167.9,64,0,17.1,3,7389,1.03,0.38,132.1,107.1,89.9,91.1,30.62,28.76,27.31,27.51
122.84,5559,168,65,0,17.1,3,7391,1.02,0.39,132.1,107.1,90,91.2,30.62,28.76,27.31,27.51
122.88,5561,168,65,0,15.9,3,7393,1.01,0.39,132.1,107.1,90,91.2,30.62,28.76,27.31,27.51
122.92,5563,168.1,66,0,16.8,3,7396,1,0.4,132.1,107.1,90,91.2,30.62,28.76,27.32,27.52
122.96,5565,168.1,66,0,15.3,3,7399,0.99,0.4,132.1,107.1,90.1,91.3,30.62,28.76,27.32,27.52
123,5567,168.2,67,0,15.5,3,7401,0.98,0.4,132.1,107.1,90.1,91.3,30.62,28.76,27.32,27.52
123.04,5569,168.3,67,0,15.3,3,7404,0.97,0.41,132.1,107.1,90.1,91.3,30.62,28.76,27.32,27.52
123.08,5571,168.3,68,0,14.7,3,7406,0.96,0.41,132.1,107.1,90.2,91.4,30.62,28.76,27.33,27.53
123.12,5572,168.4,69,0,14.7,3,7409,0.95,0.42,132.1,107.1,90.2,91.4,30.62,28.76,27.33,27.53
123.16,5574,168.4,69,0,14.6,3,7411,0.94,0.42,132.1,107.1,90.2,91.4,30.62,28.76,27.33,27.53
123.2,5576,168.5,70,0,15,3,7414,0.93,0.43,132.1,107.1,90.3,91.5,30.62,28.76,27.34,27.54
123.24,5578,168.6,70,0,14.2,3,7417,0.92,0.43,132.1,107.1,90.3,91.5,30.62,28.76,27.34,27.54
123.28,5580,168.6,71,0,13.9,3,7419,0.91,0.43,132.1,107.1,90.3,91.5,30.62,28.76,27.34,27.54
123.32,5582,168.7,71,0,13.6,3,7422,0.9,0.44,132.1,107.1,90.4,91.6,30.62,28.76,27.34,27.54
123.36,5584,168.7,72,0,13.3,3,7425,0.89,0.44,132.1,107.1,90.4,91.6,30.62,28.76,27.35,27.55
123.4,5586,168.8,73,0,12.7,3,7428,0.88,0.45,132.1,107.1,90.4,91.6,30.62,28.76,27.35,27.55
123.44,5587,168.9,73,0,13.4,3,7430,0.87,0.45,132.1,107.1,90.5,91.7,30.62,28.76,27.35,27.55
123.48,5589,168.9,74,0,12.4,3,7433,0.86,0.45,132.1,107.1,90.5,91.7,30.62,28.76,27.35,27.55
123.52,5591,169,74,0,12,3,7436,0.85,0.46,132.1,107.1,90.5,91.7,30.62,28.76,27.36,27.56
123.56,5593,169.1,75,0,11.9,3,7439,0.84,0.46,132.1,107.1,90.6,91.8,30.62,28.76,27.36,27.56
123.6,5595,169.1,75,0,12,3,7442,0.83,0.47,132.1,107.1,90.6,91.8,30.62,28.76,27.36,27.56
123.64,5597,169.2,76,0,11.4,3,7444,0.82,0.47,132.1,107.1,90.7,91.9,30.62,28.76,27.36,27.56
123.68,5599,169.3,76,0,12.1,3,7447,0.81,0.47,132.1,107.1,90.7,91.9,30.62,28.76,27.37,27.57
123.72,5601,169.3,77,0,11.5,3,7450,0.8,0.48,132.1,107.1,90.7,91.9,30.62,28.76,27.37,27.57
123.76,5602,169.4,78,0,10.4,3,7453,0.79,0.48,132.1,107.1,90.8,92,30.62,28.76,27.37,27.57
123.8,5604,169.5,78,0,10.2,3,7456,0.78,0.49,132.1,107.1,90.8,92,30.62,28.76,27.37,27.57
123.84,5606,169.5,79,0,9.7,3,7459,0.77,0.49,132.1,107.1,90.8,92,30.62,28.76,27.38,27.58
123.88,5608,169.6,79,0,9.8,3,7462,0.76,0.49,132.1,107.1,90.9,92.1,30.62,28.76,27.38,27.58
123.92,5610,169.7,80,0,9.7,3,7465,0.75,0.5,132.1,107.1,90.9,92.1,30.62,28.76,27.38,27.58
123.96,5612,169.7,80,0,9.4,3,7468,0.74,0.5,132.1,107.1,90.9,92.1,30.62,28.76,27.38,27.58
124,5614,169.8,81,0,9.4,3,7471,0.73,0.51,132.1,107.1,91,92.2,30.62,28.76,27.39,27.59
124.04,5616,169.9,81,0,8.4,3,7474,0.72,0.51,132.1,107.1,91,92.2,30.62,28.76,27.39,27.59
124.08,5618,169.9,82,0,8.7,3,7477,0.71,0.51,132.1,107.1,91,92.2,30.62,28.76,27.39,27.59
124.12,5619,170,83,0,7.5,3,7480,0.71,0.52,132.1,107.1,91.1,92.3,30.62,28.76,27.4,27.6
124.16,5621,170.1,83,0,9,3,7484,0.7,0.52,132.1,107.1,91.1,92.3,30.62,28.76,27.4,27.6
124.2,5623,170.2,84,0,7.8,3,7487,0.69,0.53,132.1,107.1,91.1,92.3,30.62,28.76,27.4,27.6
124.24,5625,170.2,84,0,8,3,7490,0.68,0.53,132.1,107.1,91.2,92.4,30.62,28.76,27.4,27.6
124.28,5627,170.3,85,0,7.1,3,7493,0.67,0.54,132.1,107.1,91.2,92.4,30.62,28.76,27.41,27.61
124.32,5629,170.4,85,0,7.4,3,7496,0.66,0.54,132.1,107.1,91.2,92.4,30.62,28.76,27.41,27.61
124.36,5631,170.4,86,0,7.3,3,7499,0.65,0.54,132.1,107.1,91.3,92.5,30.62,28.76,27.41,27.61
124.4,5633,170.5,86,0,6.8,3,7503,0.64,0.55,132.1,107.1,91.3,92.5,30.62,28.76,27.41,27.61
124.44,5635,170.6,87,0,6.5,3,7506,0.63,0.55,132.1,107.1,91.4,92.6,30.62,28.76,27.42,27.62
124.48,5636,170.7,88,0,6.4,3,7509,0.62,0.56,132.1,107.1,91.4,92.6,30.62,28.76,27.42,27.62
124.52,5638,170.7,88,0,5.3,3,7513,0.61,0.56,132.1,107.1,91.4,92.6,30.62,28.76,27.42,27.62
124.56,5640,170.8,89,0,4.7,3,7516,0.6,0.56,132.1,107.1,91.5,92.7,30.62,28.76,27.42,27.62
124.6,5642,170.9,89,0,6,3,7519,0.59,0.57,132.1,107.1,91.5,92.7,30.62,28.76,27.43,27.63
124.64,5644,171,90,0,4.7,3,7523,0.58,0.57,132.1,107.1,91.5,92.7,30.62,28.76,27.43,27.63
124.68,5646,171,90,0,5.2,3,7526,0.57,0.58,132.1,107.1,91.6,92.8,30.62,28.76,27.43,27.63
124.72,5648,171.1,91,0,4.4,3,7529,0.56,0.58,132.1,107.1,91.6,92.8,30.62,28.76,27.43,27.63
124.76,5650,171.2,91,0,4.5,3,7533,0.55,0.58,132.1,107.1,91.6,92.8,30.62,28.76,27.44,27.64
124.8,5652,171.3,92,0,3.6,3,7536,0.54,0.59,132.1,107.1,91.7,92.9,30.62,28.76,27.44,27.64
124.84,5654,171.4,92,0,5.1,3,7540,0.53,0.59,132.1,107.1,91.7,92.9,30.62,28.76,27.44,27.64
124.88,5655,171.4,93,0,3.3,3,7543,0.52,0.6,132.1,107.1,91.7,92.9,30.62,28.76,27.45,27.65
124.92,5657,171.5,94,0,3,3,7547,0.51,0.6,132.1,107.1,91.8,93,30.62,28.76,27.45,27.65
124.96,5659,171.6,94,0,3.7,3,7550,0.5,0.61,132.1,107.1,91.8,93,30.62,28.76,27.45,27.65
125,5661,171.7,95,0,2.5,3,7554,0.49,0.61,132.1,107.1,91.8,93,30.62,28.76,27.45,27.65
125.04,5663,171.8,95,0,2.4,3,7557,0.48,0.61,132.1,107.1,91.9,93.1,30.62,28.76,27.46,27.66
125.08,5665,171.8,96,0,2.2,3,7561,0.47,0.62,132.1,107.1,91.9,93.1,30.62,28.76,27.46,27.66
125.12,5667,171.9,96,0,1.8,3,7564,0.46,0.62,132.1,107.1,91.9,93.1,30.62,28.76,27.46,27.66
125.16,5669,172,97,0,1.6,3,7568,0.45,0.63,132.1,107.1,92,93.2,30.62,28.76,27.46,27.66
125.2,5671,172.1,97,0,1.9,3,7571,0.44,0.63,132.1,107.1,92,93.2,30.62,28.76,27.47,27.67
125.24,5673,172.2,98,0,1.5,3,7575,0.43,0.63,132.1,107.1,92.1,93.3,30.62,28.76,27.47,27.67
125.28,5675,172.2,98,0,0.4,3,7579,0.42,0.64,132.1,107.1,92.1,93.3,30.62,28.76,27.47,27.67
125.32,5676,172.3,99,0,0.7,3,7582,0.41,0.64,132.1,107.1,92.1,93.3,30.62,28.76,27.47,27.67
125.36,5678,172.4,100,0,0.5,3,7586,0.4,0.65,132.1,107.1,92.2,93.4,30.62,28.76,27.48,27.68
125.4,5680,172.5,100,0,-0.9,3,7589,0.01,0.04,132.1,107.1,92.1,93.3,30.62,28.76,27.48,27.68
125.44,5682,172.5,100,0,0.4,3,7591,-0.03,0.04,132,107.1,92.1,93.3,30.62,28.76,27.48,27.68
125.48,5684,172.6,100,0,0.5,3,7594,0.02,0.04,132,107.1,92.1,93.3,30.62,28.76,27.47,27.67
125.52,5686,172.6,100,0,-0.1,3,7596,0,0.04,132,107.1,92.1,93.3,30.62,28.75,27.47,27.67
125.56,5688,172.7,100,0,-0.1,3,7599,0,0.04,132,107,92.1,93.3,30.62,28.75,27.47,27.67
125.6,5690,172.8,100,0,-0.5,3,7601,0.01,0.04,132,107,92.1,93.3,30.61,28.75,27.47,27.67
125.64,5692,172.8,100,0,-0.1,3,7604,-0.03,0.04,132,107,92.1,93.3,30.61,28.75,27.47,27.67
125.68,5694,172.9,100,0,-0.1,3,7606,0.01,0.04,132,107,92.1,93.3,30.61,28.75,27.47,27.67
125.72,5696,172.9,100,0,-0.1,3,7609,0.04,0.04,132,107,92,93.2,30.61,28.75,27.47,27.67
125.76,5698,173,100,0,0.3,3,7611,0,0.04,131.9,107,92,93.2,30.61,28.75,27.47,27.67
125.8,5699,173,100,0,-0.2,3,7614,-0.05,0.04,131.9,107,92,93.2,30.61,28.75,27.47,27.67
125.84,5701,173.1,100,0,0.2,3,7616,-0.01,0.04,131.9,107,92,93.2,30.61,28.75,27.47,27.67
125.88,5703,173.2,100,0,-0.3,3,7619,0.06,0.04,131.9,107,92,93.2,30.61,28.75,27.47,27.67
125.92,5705,173.2,100,0,-0.2,3,7622,0.01,0.04,131.9,106.9,92,93.2,30.61,28.75,27.46,27.66
125.96,5707,173.3,100,0,0.5,3,7624,-0.02,0.04,131.9,106.9,92,93.2,30.61,28.74,27.46,27.66
126,5709,173.3,100,0,0.2,3,7627,-0.02,0.04,131.9,106.9,92,93.2,30.61,28.74,27.46,27.66
126.04,5711,173.4,100,0,0.3,3,7629,-0.02,0.04,131.9,106.9,92,93.2,30.6,28.74,27.46,27.66
126.08,5713,173.4,100,0,0.6,3,7632,-0.01,0.04,131.9,106.9,91.9,93.1,30.6,28.74,27.46,27.66
126.12,5715,173.5,100,0,0.2,3,7634,-0.01,0.04,131.8,106.9,91.9,93.1,30.6,28.74,27.46,27.66
126.16,5717,173.6,100,0,0.2,3,7637,-0.01,0.04,131.8,106.9,91.9,93.1,30.6,28.74,27.46,27.66
126.2,5719,173.6,100,0,0,3,7639,-0.01,0.04,131.8,106.9,91.9,93.1,30.6,28.74,27.46,27.66
126.24,5721,173.7,100,0,0.9,3,7642,0.02,0.04,131.8,106.8,91.9,93.1,30.6,28.74,27.46,27.66
126.28,5723,173.7,100,0,-0.4,3,7644,-0.02,0.04,131.8,106.8,91.9,93.1,30.6,28.74,27.46,27.66
126.32,5725,173.8,100,0,-0.7,3,7647,-0.01,0.04,131.8,106.8,91.9,93.1,30.6,28.74,27.46,27.66
126.36,5726,173.9,100,0,0,3,7649,0.04,0.04,131.8,106.8,91.9,93.1,30.6,28.74,27.45,27.65
126.4,5728,173.9,100,0,-0.2,3,7652,0,0.04,131.8,106.8,91.8,93,30.6,28.73,27.45,27.65
126.44,5730,174,100,0,0.2,3,7655,0,0.04,131.7,106.8,91.8,93,30.6,28.73,27.45,27.65
126.48,5732,174,100,0,-0.2,3,7657,-0.01,0.04,131.7,106.8,91.8,93,30.59,28.73,27.45,27.65
126.52,5734,174.1,100,0,0,3,7660,-0.01,0.04,131.7,106.8,91.8,93,30.59,28.73,27.45,27.65
126.56,5736,174.1,100,0,0.3,3,7662,-0.01,0.04,131.7,106.7,91.8,93,30.59,28.73,27.45,27.65
126.6,5738,174.2,100,0,0.4,3,7665,0,0.04,131.7,106.7,91.8,93,30.59,28.73,27.45,27.65
126.64,5740,174.3,100,0,-0.1,3,7667,0.01,0.04,131.7,106.7,91.8,93,30.59,28.73,27.45,27.65
126.68,5742,174.3,100,0,0.3,3,7670,0.02,0.04,131.7,106.7,91.8,93,30.59,28.73,27.45,27.65
126.72,5744,174.4,100,0,0.2,3,7672,0,0.04,131.7,106.7,91.7,92.9,30.59,28.73,27.45,27.65
126.76,5746,174.4,100,0,0.4,3,7675,0.01,0.04,131.6,106.7,91.7,92.9,30.59,28.73,27.45,27.65
126.8,5748,174.5,100,0,0.2,3,7677,0.05,0.04,131.6,106.7,91.7,92.9,30.59,28.73,27.44,27.64
126.84,5750,174.5,100,0,0.5,3,7680,0.01,0.04,131.6,106.7,91.7,92.9,30.59,28.72,27.44,27.64
126.88,5752,174.6,100,0,-0.4,3,7682,-0.03,0.04,131.6,106.7,91.7,92.9,30.59,28.72,27.44,27.64
126.92,5754,174.7,100,0,-0.6,3,7685,-0.03,0.04,131.6,106.6,91.7,92.9,30.59,28.72,27.44,27.64
126.96,5755,174.7,100,0,0.7,3,7687,0.01,0.04,131.6,106.6,91.7,92.9,30.58,28.72,27.44,27.64
127,5757,174.8,100,0,-0.2,3,7690,0.02,0.04,131.6,106.6,91.7,92.9,30.58,28.72,27.44,27.64
127.04,5759,174.8,100,0,-0.7,3,7693,0.01,0.04,131.6,106.6,91.7,92.9,30.58,28.72,27.44,27.64
127.08,5761,174.9,100,0,-0.6,3,7695,0,0.04,131.6,106.6,91.6,92.8,30.58,28.72,27.44,27.64
127.12,5763,174.9,100,0,-0.7,3,7698,0.03,0.04,131.5,106.6,91.6,92.8,30.58,28.72,27.44,27.64
127.16,5765,175,100,0,0.3,4,6300,-0.01,0.04,131.5,106.6,91.6,92.8,30.58,28.72,27.44,27.64
127.2,5767,175.1,100,0,0.8,4,6302,0.04,0.04,131.5,106.6,91.6,92.8,30.58,28.72,27.44,27.64
127.24,5769,175.1,100,0,-0.9,4,6304,0.01,0.04,131.5,106.5,91.6,92.8,30.58,28.72,27.43,27.63
127.28,5771,175.2,100,0,-0.7,4,6306,0,0.04,131.5,106.5,91.6,92.8,30.58,28.71,27.43,27.63
127.32,5773,175.2,100,0,0.2,4,6308,-0.01,0.04,131.5,106.5,91.6,92.8,30.58,28.71,27.43,27.63
127.36,5775,175.3,100,0,-0.1,4,6310,-0.02,0.04,131.5,106.5,91.6,92.8,30.58,28.71,27.43,27.63
127.4,5777,175.3,100,0,0.1,4,6313,0,0.04,131.5,106.5,91.5,92.7,30.57,28.71,27.43,27.63
127.44,5779,175.4,100,0,-0.4,4,6315,0,0.04,131.4,106.5,91.5,92.7,30.57,28.71,27.43,27.63
127.48,5781,175.5,100,0,0.1,4,6317,0.02,0.04,131.4,106.5,91.5,92.7,30.57,28.71,27.43,27.63
127.52,5783,175.5,100,0,-0.5,4,6319,-0.01,0.04,131.4,106.5,91.5,92.7,30.57,28.71,27.43,27.63
127.56,5785,175.6,100,0,-0.2,4,6321,-0.01,0.04,131.4,106.4,91.5,92.7,30.57,28.71,27.43,27.63
127.6,5787,175.6,100,0,0.5,4,6323,0,0.04,131.4,106.4,91.5,92.7,30.57,28.71,27.43,27.63
127.64,5789,175.7,100,0,0,4,6325,0,0.04,131.4,106.4,91.5,92.7,30.57,28.71,27.43,27.63
127.68,5791,175.8,100,0,-0.1,4,6327,0.02,0.04,131.4,106.4,91.5,92.7,30.57,28.71,27.42,27.62
127.72,5792,175.8,100,0,0.2,4,6329,0,0.04,131.4,106.4,91.4,92.6,30.57,28.71,27.42,27.62