Time,Distance,Speed,Throttle,Brake,Steering,Gear,RPM,LatG,LongG,TyreTemp_FL,TyreTemp_FR,TyreTemp_RL,TyreTemp_RR,Press_FL,Press_FR,Press_RL,Press_RR
0.0,236.5,0.0,0.0,100.0,-5.7,1,1100,-0.01,-0.01,48.0,48.0,48.0,48.0,23.5,23.5,24.5,24.5
0.017,236.5,0.0,0.0,100.0,-5.7,1,1100,-0.01,-0.01,48.0,48.0,48.0,48.0,23.5,23.5,24.5,24.5
0.033,236.5,0.0,0.0,100.0,-5.7,1,1100,-0.01,-0.01,48.0,48.0,48.0,48.0,23.5,23.5,24.5,24.5
0.05,236.5,0.0,0.0,100.0,-5.7,1,1100,-0.01,-0.01,48.0,48.0,48.0,48.0,23.5,23.5,24.5,24.5
0.067,236.5,0.0,0.0,100.0,-5.7,1,1100,-0.01,-0.01,48.0,48.0,48.0,48.0,23.5,23.5,24.5,24.5
0.1,236.5,0.0,0.0,100.0,-5.7,1,1100,-0.01,-0.01,48.0,48.0,48.0,48.0,23.5,23.5,24.5,24.5
0.117,236.5,0.0,0.0,100.0,-5.7,1,1100,-0.01,-0.01,48.0,48.0,48.0,48.0,23.5,23.5,24.5,24.5
0.133,236.5,0.0,0.0,100.0,-5.7,1,1100,-0.02,-0.01,48.0,48.0,48.0,48.0,23.5,23.5,24.5,24.5
0.15,236.5,0.0,0.0,100.0,-5.7,1,1100,-0.02,-0.01,48.0,48.0,48.0,48.0,23.5,23.5,24.5,24.5
0.167,236.5,0.0,0.0,100.0,-5.7,1,1100,-0.01,-0.01,48.0,48.0,48.0,48.0,23.5,23.5,24.5,24.5
0.183,236.5,0.0,0.0,100.0,-5.7,1,1100,-0.01,-0.01,48.0,48.0,48.0,48.0,23.5,23.5,24.5,24.5
0.2,236.5,0.0,0.0,100.0,-5.7,1,1100,-0.01,-0.01,48.0,48.0,48.0,48.0,23.5,23.5,24.5,24.5
0.217,236.5,0.0,0.0,100.0,-5.7,1,1100,-0.01,-0.01,48.0,48.0,48.0,48.0,23.5,23.5,24.5,24.5
0.233,236.5,0.0,0.0,100.0,-5.7,1,1100,-0.02,-0.01,48.0,48.0,48.0,48.0,23.5,23.5,24.5,24.5
0.25,236.5,0.0,0.0,100.0,-5.7,1,1100,-0.01,-0.01,48.0,48.0,48.0,48.0,23.5,23.5,24.5,24.5
0.267,236.5,0.0,0.0,100.0,-5.7,1,1100,-0.01,-0.01,48.0,48.0,48.0,48.0,23.5,23.5,24.5,24.5
0.283,236.5,0.0,0.0,100.0,-5.7,1,1100,-0.01,-0.01,48.0,48.0,48.0,48.0,23.5,23.5,24.5,24.5
0.3,236.5,0.0,0.0,100.0,-5.7,1,1100,-0.01,-0.01,48.0,48.0,48.0,48.0,23.5,23.5,24.5,24.5
0.317,236.5,0.0,0.0,100.0,-5.7,1,1100,-0.01,-0.01,48.0,48.0,48.0,48.0,23.5,23.5,24.5,24.5
0.333,236.5,0.0,0.0,100.0,-5.7,1,1100,-0.01,-0.01,48.0,48.0,48.0,48.0,23.5,23.5,24.5,24.5
0.35,236.5,0.0,0.0,100.0,-5.7,1,1100,-0.01,-0.01,48.0,48.0,48.0,48.0,23.5,23.5,24.5,24.5
0.367,236.5,0.0,0.0,100.0,-5.7,1,1100,-0.01,-0.01,48.0,48.0,48.0,48.0,23.5,23.5,24.5,24.5
0.383,236.5,0.0,0.0,100.0,-5.7,1,1100,-0.01,-0.01,48.0,48.0,48.0,48.0,23.5,23.5,24.5,24.5
0.4,236.5,0.0,0.0,100.0,-5.7,1,1100,-0.02,-0.01,48.0,48.0,48.0,48.0,23.5,23.5,24.5,24.5
0.417,236.5,0.0,0.0,100.0,-5.7,1,1100,-0.01,-0.01,48.0,48.0,48.0,48.0,23.5,23.5,24.5,24.5
0.433,236.5,0.0,0.0,100.0,-5.7,1,1100,-0.01,-0.01,48.0,48.0,48.0,48.0,23.5,23.5,24.5,24.5
0.45,236.5,0.0,0.0,100.0,-5.7,1,1100,-0.02,-0.01,48.0,48.0,48.0,48.0,23.5,23.5,24.5,24.5
0.467,236.5,0.0,0.0,100.0,-5.7,1,1100,-0.02,-0.01,48.0,48.0,48.0,48.0,23.5,23.5,24.5,24.5
0.483,236.5,0.0,0.0,100.0,-5.7,1,1100,-0.01,-0.01,48.0,48.0,48.0,48.0,23.5,23.5,24.5,24.5
0.5,236.5,0.0,0.0,100.0,-5.7,1,1100,-0.01,-0.01,48.0,48.0,48.0,48.0,23.5,23.5,24.5,24.5
0.517,236.5,0.0,0.0,100.0,-5.7,1,1100,-0.01,-0.01,48.0,48.0,48.0,48.0,23.5,23.5,24.5,24.5
0.533,236.5,0.0,0.0,100.0,-5.7,1,1100,-0.02,-0.01,48.0,48.0,48.0,48.0,23.5,23.5,24.5,24.5
0.55,236.5,0.0,0.0,100.0,-5.7,1,1100,-0.01,-0.01,48.0,48.0,48.0,48.0,23.5,23.5,24.5,24.5
0.567,236.5,0.0,0.0,100.0,-5.7,1,1100,-0.01,-0.01,48.0,48.0,48.0,48.0,23.5,23.5,24.5,24.5
0.583,236.5,0.0,0.0,100.0,-5.7,1,1100,-0.02,-0.01,48.0,48.0,48.0,48.0,23.5,23.5,24.5,24.5
0.6,236.5,0.0,0.0,100.0,-5.7,1,1100,-0.01,-0.01,48.0,48.0,48.0,48.0,23.5,23.5,24.5,24.5
0.617,236.5,0.0,0.0,100.0,-5.7,1,1100,-0.01,-0.01,48.0,48.0,48.0,48.0,23.5,23.5,24.5,24.5
0.633,236.5,0.0,0.0,100.0,-5.7,1,1100,-0.01,-0.01,48.0,48.0,48.0,48.0,23.5,23.5,24.5,24.5
0.65,236.5,0.0,0.0,100.0,-5.7,1,1100,-0.01,-0.01,48.0,48.0,48.0,48.0,23.5,23.5,24.5,24.5
0.667,236.5,0.0,0.0,100.0,-5.7,1,1100,-0.01,-0.01,48.0,48.0,48.0,48.0,23.5,23.5,24.5,24.5
0.683,236.5,0.0,0.0,100.0,-5.7,1,1100,-0.02,-0.01,48.0,48.0,48.0,48.0,23.5,23.5,24.5,24.5
0.7,236.5,0.0,0.0,100.0,-5.7,1,1100,-0.01,-0.01,48.0,48.0,48.0,48.0,23.5,23.5,24.5,24.5
0.717,236.5,0.0,0.0,100.0,-5.7,1,1100,-0.01,-0.01,48.0,48.0,48.0,48.0,23.5,23.5,24.5,24.5
0.733,236.5,0.0,0.0,100.0,-5.7,1,1100,-0.01,-0.01,48.0,48.0,48.0,48.0,23.5,23.5,24.5,24.5
0.75,236.5,0.0,0.0,100.0,-5.7,1,1100,-0.01,-0.01,48.0,48.0,48.0,48.0,23.5,23.5,24.5,24.5
0.767,236.5,0.0,0.0,100.0,-5.7,1,1100,-0.01,-0.01,48.0,48.0,48.0,48.0,23.5,23.5,24.5,24.5
0.783,236.5,0.0,0.0,100.0,-5.7,1,1100,-0.01,-0.01,48.0,48.0,48.0,48.0,23.5,23.5,24.5,24.5
0.8,236.5,0.0,0.0,100.0,-5.7,1,1100,-0.01,-0.01,48.0,48.0,48.0,48.0,23.5,23.5,24.5,24.5
0.817,236.5,0.0,0.0,100.0,-5.7,1,1100,-0.01,-0.01,48.0,48.0,48.0,48.0,23.5,23.5,24.5,24.5
0.833,236.5,0.0,0.0,100.0,-5.7,1,1100,-0.01,-0.01,48.0,48.0,48.0,48.0,23.5,23.5,24.5,24.5
0.85,236.5,0.0,0.0,100.0,-5.7,1,1100,-0.01,-0.01,48.0,48.0,48.0,48.0,23.5,23.5,24.5,24.5
0.867,236.5,0.0,0.0,100.0,-5.7,1,1100,-0.01,-0.01,48.0,48.0,48.0,48.0,23.5,23.5,24.5,24.5
0.883,236.5,0.0,0.0,100.0,-5.7,1,1100,-0.02,-0.01,48.0,48.0,48.0,48.0,23.5,23.5,24.5,24.5
0.9,236.5,0.0,0.0,100.0,-5.7,1,1100,-0.01,-0.01,48.0,48.0,48.0,48.0,23.5,23.5,24.5,24.5
0.917,236.5,0.0,0.0,100.0,-5.7,1,1100,-0.01,-0.01,48.0,48.0,48.0,48.0,23.5,23.5,24.5,24.5
0.933,236.5,0.0,0.0,100.0,-5.7,1,1100,-0.01,-0.01,48.0,48.0,48.0,48.0,23.5,23.5,24.5,24.5
0.95,236.5,0.0,0.0,100.0,-5.7,1,1100,-0.01,-0.01,48.0,48.0,48.0,48.0,23.5,23.5,24.5,24.5
0.967,236.5,0.0,0.0,100.0,-5.7,1,1100,-0.01,-0.01,48.0,48.0,48.0,48.0,23.5,23.5,24.5,24.5
0.983,236.5,0.0,0.0,100.0,-5.7,1,1100,-0.02,-0.01,48.0,48.0,48.0,48.0,23.5,23.5,24.5,24.5
1.0,236.5,0.0,0.0,100.0,-5.7,1,1100,-0.01,-0.01,48.0,48.0,48.0,48.0,23.5,23.5,24.5,24.5
1.017,236.5,0.0,0.0,100.0,-5.7,1,1100,-0.01,-0.01,48.0,48.0,48.0,48.0,23.5,23.5,24.5,24.5
1.033,236.5,0.0,0.0,100.0,-5.7,1,1100,-0.02,-0.01,48.0,48.0,48.0,48.0,23.5,23.5,24.5,24.5
1.05,236.5,0.0,0.0,100.0,-5.7,1,1100,-0.01,-0.01,48.0,48.0,48.0,48.0,23.5,23.5,24.5,24.5
1.067,236.5,0.0,0.0,100.0,-5.7,1,1100,-0.01,-0.01,48.0,48.0,48.0,48.0,23.5,23.5,24.5,24.5
1.083,236.5,0.0,0.0,100.0,-5.7,1,1100,-0.01,-0.01,48.0,48.0,48.0,48.0,23.5,23.5,24.5,24.5
1.117,236.5,0.0,0.0,100.0,-5.7,1,1100,-0.01,-0.01,48.0,48.0,48.0,48.0,23.5,23.5,24.5,24.5
1.133,236.5,0.0,0.0,100.0,-5.7,1,1100,-0.02,-0.01,48.0,48.0,48.0,48.0,23.5,23.5,24.5,24.5
1.15,236.5,0.0,0.0,100.0,-5.7,1,1100,-0.01,-0.01,48.0,48.0,48.0,48.0,23.5,23.5,24.5,24.5
1.167,236.5,0.0,0.0,100.0,-5.7,1,1100,-0.01,-0.01,48.0,48.0,48.0,48.0,23.5,23.5,24.5,24.5
1.183,236.5,0.0,0.0,100.0,-5.7,1,1100,-0.02,-0.01,48.0,48.0,48.0,48.0,23.5,23.5,24.5,24.5
1.2,236.5,0.0,0.0,100.0,-5.7,1,1100,-0.02,-0.01,48.0,48.0,48.0,48.0,23.5,23.5,24.5,24.5
1.217,236.5,0.0,0.0,100.0,-5.7,1,1100,-0.01,-0.01,48.0,48.0,48.0,48.0,23.5,23.5,24.5,24.5
1.233,236.5,0.0,0.0,100.0,-5.7,1,1100,-0.01,-0.01,48.0,48.0,48.0,48.0,23.5,23.5,24.5,24.5
1.25,236.5,0.0,0.0,100.0,-5.7,1,1100,-0.01,-0.01,48.0,48.0,48.0,48.0,23.5,23.5,24.5,24.5
1.267,236.5,0.0,0.0,100.0,-5.7,1,1100,-0.02,-0.01,48.0,48.0,48.0,48.0,23.5,23.5,24.5,24.5
1.283,236.5,0.0,0.0,100.0,-5.7,1,1100,-0.02,-0.01,48.0,48.0,48.0,48.0,23.5,23.5,24.5,24.5
1.3,236.5,0.0,0.0,100.0,-5.7,1,1100,-0.01,-0.01,48.0,48.0,48.0,48.0,23.5,23.5,24.5,24.5
1.317,236.5,0.0,0.0,100.0,-5.7,1,1100,-0.01,-0.01,48.0,48.0,48.0,48.0,23.5,23.5,24.5,24.5
1.333,236.5,0.0,0.0,100.0,-5.7,1,1100,-0.01,-0.01,48.0,48.0,48.0,48.0,23.5,23.5,24.5,24.5
1.35,236.5,0.0,0.0,100.0,-5.7,1,1100,-0.01,-0.01,48.0,48.0,48.0,48.0,23.5,23.5,24.5,24.5
1.367,236.5,0.0,0.0,100.0,-5.7,1,1100,-0.01,-0.01,48.0,48.0,48.0,48.0,23.5,23.5,24.5,24.5
1.383,236.5,0.0,0.0,100.0,-5.7,1,1100,-0.02,-0.01,48.0,48.0,48.0,48.0,23.5,23.5,24.5,24.5
1.4,236.5,0.0,0.0,100.0,-5.7,1,1100,-0.01,-0.01,48.0,48.0,48.0,48.0,23.5,23.5,24.5,24.5
1.417,236.5,0.0,0.0,100.0,-5.7,1,1100,-0.01,-0.01,48.0,48.0,48.0,48.0,23.5,23.5,24.5,24.5
1.433,236.5,0.0,0.0,100.0,-5.7,1,1100,-0.02,-0.01,48.0,48.0,48.0,48.0,23.5,23.5,24.5,24.5
1.45,236.5,0.0,0.0,100.0,-5.7,1,1100,-0.01,-0.01,48.0,48.0,48.0,48.0,23.5,23.5,24.5,24.5
1.467,236.5,0.0,0.0,100.0,-5.7,1,1100,-0.01,-0.01,48.0,48.0,48.0,48.0,23.5,23.5,24.5,24.5
1.483,236.5,0.0,0.0,100.0,-5.7,1,1100,-0.01,-0.01,48.0,48.0,48.0,48.0,23.5,23.5,24.5,24.5
1.5,236.5,0.0,0.0,100.0,-5.7,1,1100,-0.01,-0.01,48.0,48.0,48.0,48.0,23.5,23.5,24.5,24.5
1.517,236.5,0.0,0.0,100.0,-5.7,1,1100,-0.01,-0.01,48.0,48.0,48.0,48.0,23.5,23.5,24.5,24.5
1.533,236.5,0.0,0.0,100.0,-5.7,1,1100,-0.01,-0.01,48.0,48.0,48.0,48.0,23.5,23.5,24.5,24.5
1.55,236.5,0.0,0.0,100.0,-5.7,1,1100,-0.01,-0.01,48.0,48.0,48.0,48.0,23.5,23.5,24.5,24.5
1.567,236.5,0.0,0.0,100.0,-5.7,1,1100,-0.01,-0.01,48.0,48.0,48.0,48.0,23.5,23.5,24.5,24.5
1.583,236.5,0.0,0.0,100.0,-5.7,1,1100,-0.01,-0.01,48.0,48.0,48.0,48.0,23.5,23.5,24.5,24.5
1.6,236.5,0.0,0.0,100.0,-5.7,1,1100,-0.01,-0.01,48.0,48.0,48.0,48.0,23.5,23.5,24.5,24.5
1.617,236.5,0.0,0.0,100.0,-5.7,1,1100,-0.01,-0.01,48.0,48.0,48.0,48.0,23.5,23.5,24.5,24.5
1.633,236.5,0.0,0.0,100.0,-5.7,1,1100,-0.01,-0.01,48.0,48.0,48.0,48.0,23.5,23.5,24.5,24.5
1.65,236.5,0.0,0.0,100.0,-5.7,1,1100,-0.01,-0.01,48.0,48.0,48.0,48.0,23.5,23.5,24.5,24.5
1.667,236.5,0.0,0.0,100.0,-5.7,1,1100,-0.01,-0.01,48.0,48.0,48.0,48.0,23.5,23.5,24.5,24.5
1.683,236.5,0.0,0.0,100.0,-5.7,1,1100,-0.01,-0.01,48.0,48.0,48.0,48.0,23.5,23.5,24.5,24.5
1.7,236.5,0.0,0.0,100.0,-5.7,1,1100,-0.01,-0.01,48.0,48.0,48.0,48.0,23.5,23.5,24.5,24.5
1.717,236.5,0.0,0.0,100.0,-5.7,1,1100,-0.01,-0.01,48.0,48.0,48.0,48.0,23.5,23.5,24.5,24.5
1.733,236.5,0.0,0.0,100.0,-5.7,1,1100,-0.01,-0.01,48.0,48.0,48.0,48.0,23.5,23.5,24.5,24.5
1.75,236.5,0.0,0.0,100.0,-5.7,1,1100,-0.02,-0.01,48.0,48.0,48.0,48.0,23.5,23.5,24.5,24.5
1.767,236.5,0.0,0.0,100.0,-5.7,1,1100,-0.01,-0.01,48.0,48.0,48.0,48.0,23.5,23.5,24.5,24.5
1.783,236.5,0.0,2.4,100.0,-5.7,1,1103,-0.02,-0.01,48.0,48.0,48.0,48.0,23.5,23.5,24.5,24.5
1.8,236.5,0.0,7.8,100.0,-5.7,1,1129,-0.02,-0.01,48.0,48.0,48.0,48.0,23.5,23.5,24.5,24.5
1.817,236.5,0.0,12.9,100.0,-5.7,1,1193,-0.01,-0.01,48.0,48.0,48.0,48.0,23.5,23.5,24.5,24.5
1.833,236.5,0.0,17.8,100.0,-5.7,1,1286,-0.01,-0.01,48.0,48.0,48.0,48.0,23.5,23.5,24.5,24.5
1.85,236.5,0.0,22.9,100.0,-5.7,1,1404,-0.01,-0.01,48.0,48.0,48.0,48.0,23.5,23.5,24.5,24.5
1.867,236.5,0.0,26.3,100.0,-5.7,1,1539,-0.01,-0.01,48.0,48.0,48.0,48.0,23.5,23.5,24.5,24.5
1.883,236.5,0.0,28.6,100.0,-5.7,1,1684,-0.01,-0.01,48.0,48.0,48.0,48.0,23.5,23.5,24.5,24.5
1.9,236.5,0.0,30.4,100.0,-5.7,1,1835,-0.01,-0.01,48.0,48.0,48.0,48.0,23.5,23.5,24.5,24.5
1.917,236.5,0.0,31.3,100.0,-5.7,1,1982,-0.01,-0.01,48.0,48.0,48.0,48.0,23.5,23.5,24.5,24.5
1.933,236.5,0.0,31.8,100.0,-5.7,1,2123,-0.01,-0.01,48.0,48.0,48.0,48.0,23.5,23.5,24.5,24.5
1.95,236.5,0.0,31.9,100.0,-5.7,1,2258,-0.02,-0.01,48.0,48.0,48.0,48.0,23.5,23.5,24.5,24.5
1.967,236.5,0.0,32.2,100.0,-5.7,1,2388,-0.02,-0.01,48.0,48.0,48.0,48.0,23.5,23.5,24.5,24.5
1.983,236.5,0.0,32.2,100.0,-5.7,1,2513,-0.01,-0.01,48.0,48.0,48.0,48.0,23.5,23.5,24.5,24.5
2.0,236.5,0.0,32.3,100.0,-5.7,1,2638,-0.02,-0.01,48.0,48.0,48.0,48.0,23.5,23.5,24.5,24.5
2.017,236.5,0.0,32.2,100.0,-5.7,1,2763,-0.01,-0.01,48.0,48.0,48.0,48.0,23.5,23.5,24.5,24.5
2.033,236.5,0.0,32.2,100.0,-5.7,1,2891,-0.02,-0.01,48.0,48.0,48.0,48.0,23.5,23.5,24.5,24.5
2.05,236.5,0.0,32.2,100.0,-5.7,1,3021,-0.02,-0.01,48.0,48.0,48.0,48.0,23.5,23.5,24.5,24.5
2.067,236.5,0.0,32.2,100.0,-5.7,1,3157,-0.02,-0.01,48.0,48.0,48.0,48.0,23.5,23.5,24.5,24.5
2.083,236.5,0.0,32.2,100.0,-5.7,1,3298,-0.01,-0.01,48.0,48.0,48.0,48.0,23.5,23.5,24.5,24.5
2.1,236.5,0.0,32.2,100.0,-5.7,1,3447,-0.01,-0.01,48.0,48.0,48.0,48.0,23.5,23.5,24.5,24.5
2.133,236.5,0.0,32.1,100.0,-5.7,1,3599,-0.01,-0.01,48.0,48.0,48.0,48.0,23.5,23.5,24.5,24.5
2.15,236.5,0.0,32.1,100.0,-5.7,1,3752,-0.01,-0.01,48.0,48.0,48.0,48.0,23.5,23.5,24.5,24.5
2.167,236.5,0.0,31.7,100.0,-5.7,1,3903,-0.02,-0.01,48.0,48.0,48.0,48.0,23.5,23.5,24.5,24.5
2.183,236.5,0.0,31.3,100.0,-5.7,1,4051,-0.01,-0.01,48.0,48.0,48.0,48.0,23.5,23.5,24.5,24.5
2.2,236.5,0.0,30.1,100.0,-5.7,1,4189,-0.02,-0.01,48.0,48.0,48.0,48.0,23.5,23.5,24.5,24.5
2.217,236.5,0.0,28.0,100.0,-5.7,1,4311,-0.02,-0.01,48.0,48.0,48.0,48.0,23.5,23.5,24.5,24.5
2.233,236.5,0.0,26.2,100.0,-5.7,1,4415,-0.02,-0.01,48.0,48.0,48.0,48.0,23.5,23.5,24.5,24.5
2.25,236.5,0.0,24.7,100.0,-5.5,1,4504,-0.02,-0.01,48.0,48.0,48.0,48.0,23.5,23.5,24.5,24.5
2.267,236.5,0.0,23.0,100.0,-5.2,1,4579,-0.02,-0.01,48.0,48.0,48.0,48.0,23.5,23.5,24.5,24.5
2.283,236.5,0.0,21.5,100.0,-4.7,1,4640,-0.02,-0.01,48.0,48.0,48.0,48.0,23.5,23.5,24.5,24.5
2.3,236.5,0.0,19.7,100.0,-4.1,1,4686,-0.02,-0.01,48.0,48.0,48.0,48.0,23.5,23.5,24.5,24.5
2.317,236.5,0.0,18.0,100.0,-3.6,1,4718,-0.01,-0.01,48.0,48.0,48.0,48.0,23.5,23.5,24.5,24.5
2.333,236.5,0.0,16.1,100.0,-3.2,1,4736,-0.01,-0.01,48.0,48.0,48.0,48.0,23.5,23.5,24.5,24.5
2.35,236.5,0.0,15.0,100.0,-2.9,1,4742,-0.02,-0.01,48.0,48.0,48.0,48.0,23.5,23.5,24.5,24.5
2.367,236.5,0.0,14.5,100.0,-2.9,1,4742,-0.02,-0.01,48.0,48.0,48.0,48.0,23.5,23.5,24.5,24.5
2.383,236.5,0.0,14.3,100.0,-3.0,1,4739,-0.02,-0.01,48.0,48.0,48.0,48.0,23.5,23.5,24.5,24.5
2.4,236.5,0.0,14.3,100.0,-3.1,1,4736,-0.02,-0.01,48.0,48.0,48.0,48.0,23.5,23.5,24.5,24.5
2.417,236.5,0.0,14.5,100.0,-3.3,1,4734,-0.02,-0.01,48.0,48.0,48.0,48.0,23.5,23.5,24.5,24.5
2.433,236.5,0.0,14.6,100.0,-3.5,1,4733,-0.02,-0.01,48.0,48.0,48.0,48.0,23.5,23.5,24.5,24.5
2.45,236.5,0.0,14.7,100.0,-3.9,1,4732,-0.02,-0.01,48.0,48.0,48.0,48.0,23.5,23.5,24.5,24.5
2.467,236.5,0.0,14.9,100.0,-4.3,1,4733,-0.02,-0.01,48.0,48.0,48.0,48.0,23.5,23.5,24.5,24.5
2.483,236.5,0.0,15.3,100.0,-4.6,1,4736,-0.02,-0.01,48.0,48.0,48.0,48.0,23.5,23.5,24.5,24.5
2.5,236.5,0.0,15.9,100.0,-4.9,1,4742,-0.02,-0.01,48.0,48.0,48.0,48.0,23.5,23.5,24.5,24.5
2.517,236.5,0.0,16.6,100.0,-5.3,1,4753,-0.02,-0.01,48.0,48.0,48.0,48.0,23.5,23.5,24.5,24.5
2.533,236.5,0.0,17.6,100.0,-5.8,1,4770,-0.02,-0.01,48.0,48.0,48.0,48.0,23.5,23.5,24.5,24.5
2.55,236.5,0.0,18.3,100.0,-6.2,1,4792,-0.02,-0.01,48.0,48.0,48.0,48.0,23.5,23.5,24.5,24.5
2.567,236.5,0.0,18.8,100.0,-6.8,1,4818,-0.02,-0.01,48.0,48.0,48.0,48.0,23.5,23.5,24.5,24.5
2.583,236.5,0.0,19.2,100.0,-7.5,1,4845,-0.02,-0.01,48.0,48.0,48.0,48.0,23.5,23.5,24.5,24.5
2.6,236.5,0.0,19.4,100.0,-8.2,1,4875,-0.02,-0.01,48.0,48.0,48.0,48.0,23.5,23.5,24.5,24.5
2.617,236.5,0.0,19.6,100.0,-8.6,1,4904,-0.02,-0.01,48.0,48.0,48.0,48.0,23.5,23.5,24.5,24.5
2.633,236.5,0.0,19.7,74.8,-9.0,1,4934,-0.02,-0.01,48.0,48.0,48.0,48.0,23.5,23.5,24.5,24.5
2.65,236.5,0.0,19.8,49.5,-9.3,1,4963,-0.02,-0.01,48.0,48.0,48.0,48.0,23.5,23.5,24.5,24.5
2.667,236.5,0.0,20.0,24.0,-9.5,1,4992,-0.02,-0.01,48.0,48.0,48.0,48.0,23.5,23.5,24.5,24.5
2.683,236.5,0.0,20.2,-0.0,-9.7,1,5022,-0.02,-0.01,48.0,48.0,48.0,48.0,23.5,23.5,24.5,24.5
2.7,236.5,0.0,20.6,0.0,-9.8,1,5053,-0.02,-0.02,48.0,48.0,48.0,48.0,23.5,23.5,24.5,24.5
2.717,236.5,0.0,21.5,0.0,-10.0,1,5082,-0.02,-0.01,48.0,48.0,48.0,48.0,23.5,23.5,24.5,24.5
2.733,236.5,0.0,22.6,0.0,-10.1,1,5029,0.01,0.02,48.0,48.0,48.0,48.0,23.5,23.5,24.5,24.5
2.75,236.5,0.2,24.0,0.0,-10.2,1,4821,-0.02,0.41,48.0,48.0,48.0,48.0,23.5,23.5,24.5,24.5
2.767,236.5,0.4,25.2,0.0,-10.4,1,4415,-0.03,0.55,48.0,48.0,48.0,48.0,23.5,23.5,24.5,24.5
2.783,236.5,0.9,26.2,0.0,-11.0,1,3776,-0.0,0.82,48.0,48.0,48.0,48.0,23.5,23.5,24.5,24.5
2.8,236.5,1.4,27.5,0.0,-11.5,1,2928,-0.04,0.81,48.0,48.0,48.0,48.0,23.5,23.5,24.5,24.5
2.817,236.5,1.8,29.4,0.0,-11.6,1,1944,-0.05,0.64,48.0,48.0,48.2,48.2,23.5,23.5,24.5,24.5
2.833,236.6,2.2,30.9,0.0,-11.3,1,1130,0.02,0.6,47.9,47.9,48.8,48.8,23.5,23.5,24.5,24.5
2.85,236.6,2.5,32.0,0.0,-10.5,1,1194,-0.01,0.59,47.9,47.9,49.2,49.2,23.5,23.5,24.5,24.5
2.867,236.6,2.9,33.2,0.0,-9.6,1,1193,0.1,0.14,47.9,47.9,49.2,49.2,23.5,23.5,24.5,24.5
2.883,236.6,2.9,34.4,0.0,-8.0,1,1191,-0.03,0.15,47.9,47.9,49.3,49.3,23.5,23.5,24.5,24.5
2.9,236.6,3.1,35.6,0.0,-6.2,1,1190,0.01,0.24,47.9,47.9,49.4,49.4,23.5,23.5,24.5,24.5
2.917,236.6,3.2,36.8,0.0,-4.6,1,1188,0.02,0.19,47.9,47.9,49.4,49.4,23.5,23.5,24.5,24.5
2.933,236.6,3.3,38.0,0.0,-3.1,1,1187,-0.02,0.21,47.8,47.8,49.4,49.5,23.5,23.5,24.5,24.5
2.95,236.6,3.4,39.3,0.0,-1.1,1,1185,-0.03,0.22,47.8,47.8,49.5,49.5,23.5,23.5,24.5,24.5
2.967,236.7,3.6,40.7,0.0,0.8,1,1183,-0.03,0.22,47.8,47.8,49.5,49.5,23.5,23.5,24.5,24.5
2.983,236.7,3.7,41.5,0.0,3.3,1,1182,-0.03,0.22,47.8,47.8,49.5,49.6,23.5,23.5,24.5,24.5
3.0,236.7,3.8,42.0,0.0,5.5,1,1181,-0.02,0.22,47.8,47.8,49.5,49.6,23.5,23.5,24.5,24.5
3.017,236.7,4.0,42.3,0.0,7.8,1,1181,-0.01,0.22,47.8,47.8,49.6,49.6,23.5,23.5,24.5,24.5
3.033,236.7,4.1,42.6,0.0,10.2,1,1181,-0.01,0.22,47.7,47.7,49.6,49.6,23.5,23.5,24.5,24.5
3.05,236.8,4.2,42.9,0.0,13.1,1,1180,-0.01,0.22,47.7,47.7,49.6,49.6,23.5,23.5,24.5,24.5
3.067,236.8,4.4,42.9,0.0,15.9,1,1180,-0.0,0.22,47.7,47.7,49.6,49.6,23.5,23.5,24.5,24.5
3.083,236.8,4.5,42.9,0.0,18.2,1,1180,0.0,0.22,47.7,47.7,49.6,49.6,23.5,23.5,24.5,24.5
3.1,236.8,4.6,42.9,0.0,21.1,1,1180,0.0,0.22,47.7,47.7,49.5,49.6,23.5,23.5,24.5,24.5
3.117,236.8,4.8,42.9,0.0,24.1,1,1180,0.0,0.22,47.7,47.7,49.5,49.6,23.5,23.5,24.5,24.5
3.15,236.9,4.9,42.9,0.0,26.9,1,1180,0.01,0.22,47.7,47.7,49.5,49.6,23.5,23.5,24.5,24.5
3.167,236.9,5.0,42.7,0.0,29.5,1,1180,0.01,0.22,47.7,47.7,49.5,49.5,23.5,23.5,24.5,24.5
3.183,236.9,5.2,42.7,0.0,32.5,1,1180,0.01,0.21,47.6,47.6,49.5,49.5,23.5,23.5,24.5,24.5
3.2,236.9,5.3,42.7,0.0,35.4,1,1180,0.01,0.22,47.6,47.6,49.5,49.5,23.5,23.5,24.5,24.5
3.217,237.0,5.4,42.6,0.0,38.4,1,1181,0.01,0.21,47.6,47.6,49.5,49.5,23.5,23.5,24.5,24.5
3.233,237.0,5.6,42.6,0.0,41.3,1,1181,0.01,0.22,47.6,47.6,49.4,49.5,23.5,23.5,24.5,24.5
3.25,237.0,5.7,42.5,0.0,43.9,1,1181,0.01,0.21,47.6,47.6,49.4,49.4,23.5,23.5,24.5,24.5
3.267,237.0,5.8,42.5,0.0,47.4,1,1181,0.01,0.22,47.6,47.6,49.4,49.4,23.5,23.5,24.5,24.5
3.283,237.1,6.0,42.3,0.0,50.2,1,1181,0.01,0.21,47.6,47.6,49.4,49.4,23.5,23.5,24.5,24.5
3.3,237.1,6.1,42.3,0.0,53.3,1,1181,0.01,0.21,47.6,47.5,49.4,49.4,23.5,23.5,24.5,24.5
3.317,237.1,6.2,42.3,0.0,56.0,1,1181,0.01,0.21,47.5,47.5,49.3,49.4,23.5,23.5,24.5,24.5
3.333,237.1,6.4,42.2,0.0,58.7,1,1181,0.01,0.21,47.5,47.5,49.3,49.3,23.5,23.5,24.5,24.5
3.35,237.2,6.5,42.2,0.0,61.7,1,1181,0.01,0.21,47.5,47.5,49.3,49.3,23.5,23.5,24.5,24.5
3.367,237.2,6.6,42.1,0.0,64.4,1,1181,0.01,0.21,47.5,47.5,49.3,49.3,23.5,23.5,24.5,24.5
3.383,237.2,6.8,41.6,0.0,67.1,1,1182,0.02,0.21,47.5,47.5,49.3,49.3,23.5,23.5,24.5,24.5
3.4,237.3,6.9,41.2,0.0,70.2,1,1182,0.01,0.21,47.5,47.5,49.2,49.3,23.5,23.5,24.5,24.5
3.417,237.3,7.0,40.3,0.0,73.0,1,1184,0.02,0.2,47.5,47.5,49.2,49.2,23.5,23.5,24.5,24.5
3.433,237.3,7.1,39.7,0.0,75.9,1,1184,0.02,0.2,47.4,47.4,49.2,49.2,23.5,23.5,24.5,24.5
3.45,237.4,7.3,38.9,0.0,78.5,1,1186,0.02,0.2,47.4,47.4,49.2,49.2,23.5,23.5,24.5,24.5
3.467,237.4,7.4,37.2,0.0,81.1,1,1188,0.02,0.19,47.4,47.4,49.2,49.2,23.5,23.5,24.5,24.5
3.483,237.4,7.5,35.6,0.0,83.6,1,1190,0.02,0.18,47.4,47.4,49.1,49.1,23.5,23.5,24.5,24.5
3.5,237.5,7.6,34.2,0.0,85.8,1,1191,0.02,0.18,47.4,47.4,49.1,49.1,23.5,23.5,24.5,24.5
3.517,237.5,7.7,33.1,0.0,88.1,1,1193,0.02,0.18,47.4,47.4,49.1,49.1,23.5,23.5,24.5,24.5
3.533,237.5,7.8,32.3,0.0,89.9,1,1194,0.02,0.17,47.4,47.4,49.1,49.1,23.5,23.5,24.5,24.5
3.55,237.6,7.9,32.3,0.0,92.0,1,1194,0.02,0.17,47.4,47.3,49.1,49.1,23.5,23.5,24.5,24.5
3.567,237.6,8.0,32.3,0.0,93.5,1,1194,0.02,0.17,47.3,47.3,49.0,49.0,23.5,23.5,24.5,24.5
3.583,237.7,8.2,32.3,0.0,95.0,1,1194,0.02,0.17,47.3,47.3,49.0,49.0,23.5,23.5,24.5,24.5
3.6,237.7,8.3,32.4,0.0,96.9,1,1194,0.03,0.17,47.3,47.3,49.0,49.0,23.5,23.5,24.5,24.5
3.617,237.7,8.4,32.4,0.0,98.3,1,1194,0.03,0.17,47.3,47.3,49.0,49.0,23.5,23.5,24.5,24.5
3.633,237.8,8.5,32.5,0.0,99.6,1,1193,0.03,0.17,47.3,47.3,49.0,49.0,23.5,23.5,24.5,24.5
3.65,237.8,8.6,32.5,0.0,100.8,1,1193,0.03,0.17,47.3,47.3,48.9,48.9,23.5,23.5,24.5,24.5
3.667,237.8,8.7,32.7,0.0,101.8,1,1193,0.02,0.17,47.3,47.2,48.9,48.9,23.5,23.5,24.5,24.5
3.683,237.9,8.8,32.9,0.0,102.8,1,1193,0.02,0.17,47.3,47.2,48.9,48.9,23.5,23.5,24.5,24.5
3.7,237.9,8.9,33.3,0.0,103.7,1,1192,0.02,0.18,47.2,47.2,48.9,48.9,23.5,23.5,24.5,24.5
3.717,238.0,9.0,34.5,0.0,104.4,1,1191,0.02,0.18,47.2,47.2,48.9,48.8,23.5,23.5,24.5,24.5
3.733,238.0,9.2,36.6,0.0,105.0,1,1188,0.02,0.19,47.2,47.2,48.8,48.8,23.5,23.5,24.5,24.5
3.75,238.1,9.3,38.4,0.0,105.4,1,1186,0.02,0.2,47.2,47.2,48.8,48.8,23.5,23.5,24.5,24.5
3.767,238.1,9.4,40.1,0.0,105.6,1,1184,0.02,0.2,47.2,47.2,48.8,48.8,23.5,23.5,24.5,24.5
3.783,238.1,9.5,41.5,0.0,105.5,1,1182,0.02,0.21,47.2,47.1,48.8,48.7,23.5,23.5,24.5,24.5
3.8,238.2,9.7,43.1,0.0,105.4,1,1180,0.02,0.21,47.2,47.1,48.8,48.7,23.5,23.5,24.5,24.5
3.817,238.2,9.8,44.2,0.0,105.1,1,1178,0.03,0.22,47.1,47.1,48.7,48.7,23.5,23.5,24.5,24.5
3.833,238.3,9.9,45.4,0.0,104.8,1,1177,0.03,0.21,47.1,47.1,48.7,48.7,23.5,23.5,24.5,24.5
3.85,238.3,10.1,46.6,0.0,104.3,1,1175,0.02,0.22,47.1,47.1,48.7,48.7,23.5,23.5,24.5,24.5
3.867,238.4,10.2,48.0,0.0,103.8,1,1173,0.02,0.22,47.1,47.1,48.7,48.6,23.5,23.5,24.5,24.5
3.883,238.4,10.3,48.8,0.0,103.3,1,1172,0.02,0.22,47.1,47.1,48.7,48.6,23.5,23.5,24.5,24.5
3.9,238.5,10.5,49.6,0.0,102.8,1,1171,0.02,0.23,47.1,47.1,48.6,48.6,23.5,23.5,24.5,24.5
3.917,238.5,10.6,50.5,0.0,102.0,1,1169,0.02,0.23,47.1,47.0,48.6,48.6,23.5,23.5,24.5,24.5
3.933,238.6,10.8,51.7,0.0,101.1,1,1168,0.02,0.23,47.1,47.0,48.6,48.5,23.5,23.5,24.5,24.5
3.95,238.6,10.9,53.2,0.0,100.2,1,1165,0.02,0.24,47.0,47.0,48.6,48.5,23.5,23.5,24.5,24.5
3.967,238.7,11.1,55.6,0.0,99.2,1,1159,0.02,0.25,47.0,47.0,48.6,48.5,23.5,23.5,24.5,24.5
3.983,238.7,11.2,57.5,0.0,98.2,1,1152,0.02,0.25,47.0,47.0,48.5,48.5,23.5,23.5,24.5,24.5
4.0,238.8,11.4,58.7,0.0,97.1,1,1146,0.02,0.24,47.0,47.0,48.5,48.5,23.5,23.5,24.5,24.5
4.017,238.8,11.5,59.7,0.0,96.0,1,1141,0.02,0.25,47.0,47.0,48.5,48.4,23.5,23.5,24.5,24.5
4.033,238.9,11.7,60.6,0.0,94.9,1,1135,0.02,0.25,47.0,46.9,48.5,48.4,23.5,23.5,24.5,24.5
4.05,238.9,11.8,60.7,0.0,93.7,1,1131,0.02,0.25,47.0,46.9,48.5,48.4,23.5,23.5,24.5,24.5
4.067,239.0,12.0,60.7,0.0,92.4,1,1127,0.02,0.25,46.9,46.9,48.5,48.4,23.5,23.5,24.5,24.5
4.083,239.0,12.1,60.7,0.0,90.7,1,1123,0.02,0.25,46.9,46.9,48.4,48.3,23.5,23.5,24.5,24.5
4.1,239.1,12.3,60.7,0.0,89.3,1,1119,0.02,0.25,46.9,46.9,48.4,48.3,23.5,23.5,24.5,24.5
4.117,239.1,12.4,60.7,0.0,87.9,1,1114,0.02,0.25,46.9,46.9,48.4,48.3,23.5,23.5,24.5,24.5
4.133,239.2,12.6,60.6,0.0,86.3,1,1110,0.01,0.25,46.9,46.9,48.4,48.3,23.5,23.5,24.5,24.5
4.167,239.3,12.7,60.6,0.0,84.6,1,1106,0.02,0.25,46.9,46.9,48.4,48.3,23.5,23.5,24.5,24.5
4.183,239.3,12.9,60.5,0.0,82.9,1,1102,0.02,0.25,46.9,46.8,48.3,48.2,23.5,23.5,24.5,24.5
4.2,239.4,13.0,60.5,0.0,81.3,1,1094,0.01,0.26,46.9,46.8,48.3,48.2,23.5,23.5,24.5,24.5
4.217,239.4,13.2,60.3,0.0,79.7,1,1098,0.01,0.23,46.8,46.8,48.3,48.2,23.5,23.5,24.5,24.5
4.233,239.5,13.3,60.3,0.0,78.0,1,1092,0.01,0.23,46.8,46.8,48.3,48.2,23.5,23.5,24.5,24.5
4.25,239.6,13.5,60.1,0.0,76.4,1,1089,0.02,0.26,46.8,46.8,48.3,48.1,23.5,23.5,24.5,24.5
4.267,239.6,13.6,59.8,0.0,74.9,1,1070,0.02,0.25,46.8,46.8,48.3,48.1,23.5,23.5,24.5,24.5
4.283,239.7,13.8,58.9,0.0,73.0,1,1076,0.01,0.25,46.8,46.8,48.2,48.1,23.5,23.5,24.5,24.5
4.3,239.8,13.9,57.4,0.0,71.3,1,1088,0.01,0.23,46.8,46.7,48.2,48.1,23.5,23.5,24.5,24.5
4.317,239.8,14.1,54.9,0.0,69.3,1,1085,0.01,0.24,46.8,46.7,48.2,48.1,23.5,23.5,24.5,24.5
4.333,239.9,14.2,53.1,0.0,67.4,1,1077,0.01,0.24,46.8,46.7,48.2,48.0,23.5,23.5,24.5,24.5
4.35,239.9,14.4,51.3,0.0,65.3,1,1063,0.01,0.23,46.7,46.7,48.2,48.0,23.5,23.5,24.5,24.5
4.367,240.0,14.5,50.1,0.0,63.1,1,1062,0.0,0.23,46.7,46.7,48.2,48.0,23.5,23.5,24.5,24.5
4.383,240.1,14.7,49.2,0.0,61.1,1,1070,-0.01,0.22,46.7,46.7,48.1,48.0,23.5,23.5,24.5,24.5
4.4,240.1,14.8,48.9,0.0,58.7,1,1079,-0.0,0.22,46.7,46.7,48.1,47.9,23.5,23.5,24.5,24.5
4.417,240.2,14.9,48.9,0.0,56.7,1,1083,0.0,0.22,46.7,46.7,48.1,47.9,23.5,23.5,24.5,24.5
4.433,240.3,15.1,48.9,0.0,54.3,1,1083,0.0,0.21,46.7,46.6,48.1,47.9,23.5,23.5,24.5,24.5
4.45,240.4,15.2,49.1,0.0,52.0,1,1108,-0.0,0.21,46.7,46.6,48.1,47.9,23.5,23.5,24.5,24.5
4.467,240.4,15.3,49.1,0.0,49.9,1,1126,-0.01,0.21,46.6,46.6,48.0,47.9,23.5,23.5,24.5,24.5
4.483,240.5,15.4,49.1,0.0,48.2,1,1142,-0.01,0.21,46.6,46.6,48.0,47.8,23.5,23.5,24.5,24.5
4.5,240.6,15.6,48.9,0.0,45.4,1,1157,-0.01,0.21,46.6,46.6,48.0,47.8,23.5,23.5,24.5,24.5
4.517,240.6,15.7,48.7,0.0,43.3,1,1168,-0.01,0.22,46.6,46.6,48.0,47.8,23.5,23.5,24.5,24.5
4.533,240.7,15.8,47.8,0.0,41.1,1,1175,-0.01,0.22,46.6,46.6,48.0,47.8,23.5,23.5,24.5,24.5
4.55,240.8,16.0,46.5,0.0,39.1,1,1177,-0.01,0.22,46.6,46.5,47.9,47.7,23.5,23.5,24.5,24.5
4.567,240.9,16.1,45.3,0.0,36.9,1,1176,-0.01,0.22,46.6,46.5,47.9,47.7,23.5,23.5,24.5,24.5
4.583,240.9,16.3,44.3,0.0,34.9,1,1175,-0.01,0.22,46.6,46.5,47.9,47.7,23.5,23.5,24.5,24.5
4.6,241.0,16.4,43.0,0.0,33.0,1,1175,-0.02,0.21,46.5,46.5,47.9,47.7,23.5,23.5,24.5,24.5
4.617,241.1,16.5,41.6,0.0,30.8,1,1178,-0.02,0.2,46.5,46.5,47.9,47.7,23.5,23.5,24.5,24.5
4.633,241.2,16.6,39.9,0.0,29.1,1,1184,-0.02,0.2,46.5,46.5,47.8,47.6,23.5,23.5,24.5,24.5
4.65,241.2,16.8,38.4,0.0,27.3,1,1193,-0.02,0.19,46.5,46.5,47.8,47.6,23.5,23.5,24.5,24.5
4.667,241.3,16.9,37.0,0.0,25.7,1,1205,-0.02,0.18,46.5,46.5,47.8,47.6,23.5,23.5,24.5,24.5
4.683,241.4,17.0,35.8,0.0,24.2,1,1218,-0.02,0.18,46.5,46.4,47.8,47.6,23.5,23.5,24.5,24.5
4.7,241.5,17.1,35.3,0.0,22.5,1,1234,-0.02,0.17,46.5,46.4,47.8,47.5,23.5,23.5,24.5,24.5
4.717,241.5,17.2,34.8,0.0,21.4,1,1250,-0.02,0.17,46.5,46.4,47.7,47.5,23.5,23.5,24.5,24.5
4.733,241.6,17.3,34.1,0.0,20.3,1,1265,-0.01,0.17,46.4,46.4,47.7,47.5,23.5,23.5,24.5,24.5
4.75,241.7,17.4,33.2,0.0,19.3,1,1277,-0.01,0.17,46.4,46.4,47.7,47.5,23.5,23.5,24.5,24.5
4.767,241.8,17.5,32.5,0.0,18.8,1,1284,-0.01,0.17,46.4,46.4,47.7,47.5,23.5,23.5,24.5,24.5
4.783,241.9,17.6,32.0,0.0,18.6,1,1289,-0.01,0.17,46.4,46.4,47.6,47.4,23.5,23.5,24.5,24.5
4.8,241.9,17.7,31.7,0.0,18.7,1,1292,0.0,0.17,46.4,46.4,47.6,47.4,23.5,23.5,24.5,24.5
4.817,242.0,17.8,31.6,0.0,19.1,1,1295,0.0,0.17,46.4,46.3,47.6,47.4,23.5,23.5,24.5,24.5
4.833,242.1,17.9,31.3,0.0,19.5,1,1300,0.01,0.16,46.4,46.3,47.6,47.4,23.5,23.5,24.5,24.5
4.85,242.2,18.0,30.6,0.0,20.1,1,1305,0.01,0.16,46.4,46.3,47.6,47.4,23.5,23.5,24.5,24.5
4.867,242.3,18.1,29.4,0.0,20.7,1,1309,0.02,0.16,46.3,46.3,47.5,47.3,23.5,23.5,24.5,24.5
4.883,242.4,18.2,28.6,0.0,21.4,1,1313,0.02,0.15,46.3,46.3,47.5,47.3,23.5,23.5,24.5,24.5
4.9,242.4,18.3,28.0,0.0,22.1,1,1317,0.02,0.15,46.3,46.3,47.5,47.3,23.5,23.5,24.5,24.5
4.917,242.5,18.4,27.8,0.0,22.8,1,1325,0.02,0.14,46.3,46.3,47.5,47.3,23.5,23.5,24.5,24.5
4.933,242.6,18.5,27.8,0.0,23.5,1,1336,0.02,0.14,46.3,46.3,47.5,47.3,23.5,23.5,24.5,24.5
4.95,242.7,18.6,27.8,0.0,24.2,1,1350,0.03,0.13,46.3,46.2,47.4,47.2,23.5,23.5,24.5,24.5
4.967,242.8,18.7,28.0,0.0,24.9,1,1364,0.03,0.13,46.3,46.2,47.4,47.2,23.5,23.5,24.5,24.5
4.983,242.9,18.8,28.0,0.0,25.9,1,1378,0.02,0.14,46.3,46.2,47.4,47.2,23.5,23.5,24.5,24.5
5.0,243.0,18.8,28.0,0.0,26.9,1,1389,0.03,0.14,46.2,46.2,47.4,47.2,23.5,23.5,24.5,24.5
5.017,243.0,18.9,28.0,0.0,28.0,1,1397,0.03,0.14,46.2,46.2,47.4,47.2,23.5,23.5,24.5,24.5
5.033,243.1,19.0,28.0,0.0,29.3,1,1402,0.03,0.14,46.2,46.2,47.3,47.1,23.5,23.5,24.5,24.5
5.05,243.2,19.1,27.7,0.0,30.2,1,1403,0.03,0.15,46.2,46.2,47.3,47.1,23.5,23.5,24.5,24.5
5.067,243.3,19.2,27.7,0.0,31.1,1,1403,0.04,0.15,46.2,46.2,47.3,47.1,23.5,23.5,24.5,24.5
5.083,243.4,19.3,27.4,0.0,32.4,1,1402,0.04,0.14,46.2,46.1,47.3,47.1,23.5,23.5,24.5,24.5
5.1,243.5,19.4,26.9,0.0,33.7,1,1402,0.04,0.14,46.2,46.1,47.3,47.1,23.5,23.5,24.5,24.5
5.117,243.6,19.5,25.8,0.0,34.7,1,1402,0.05,0.14,46.2,46.1,47.3,47.0,23.5,23.5,24.5,24.5
5.133,243.7,19.6,24.9,0.0,35.6,1,1403,0.05,0.13,46.1,46.1,47.2,47.0,23.5,23.5,24.5,24.5
5.15,243.8,19.6,23.7,0.0,36.3,1,1405,0.04,0.12,46.1,46.1,47.2,47.0,23.5,23.5,24.5,24.5
5.183,243.8,19.7,22.6,0.0,36.9,1,1410,0.04,0.12,46.1,46.1,47.2,47.0,23.5,23.5,24.5,24.5
5.2,243.9,19.8,21.1,0.0,37.5,1,1416,0.03,0.11,46.1,46.1,47.2,47.0,23.5,23.5,24.5,24.5
5.217,244.0,19.9,20.4,0.0,37.9,1,1423,0.02,0.1,46.1,46.1,47.2,46.9,23.5,23.5,24.5,24.5
5.233,244.1,19.9,19.8,0.0,38.2,1,1433,0.03,0.09,46.1,46.0,47.1,46.9,23.5,23.5,24.5,24.5
5.25,244.2,20.0,19.8,0.0,38.5,1,1446,0.03,0.08,46.1,46.0,47.1,46.9,23.5,23.5,24.5,24.5
5.267,244.3,20.0,19.8,0.0,38.7,1,1462,0.03,0.08,46.1,46.0,47.1,46.9,23.5,23.5,24.5,24.5
5.283,244.4,20.1,19.8,0.0,38.8,1,1477,0.03,0.09,46.0,46.0,47.1,46.9,23.5,23.5,24.5,24.5
5.3,244.5,20.1,19.9,0.0,38.9,1,1491,0.03,0.09,46.0,46.0,47.1,46.8,23.5,23.5,24.5,24.5
5.317,244.6,20.2,20.0,0.0,38.9,1,1500,0.03,0.09,46.0,46.0,47.1,46.8,23.5,23.5,24.5,24.5
5.333,244.7,20.3,20.0,0.0,38.8,1,1506,0.03,0.1,46.0,46.0,47.0,46.8,23.5,23.5,24.5,24.5
5.35,244.8,20.3,20.2,0.0,38.6,1,1507,0.03,0.1,46.0,46.0,47.0,46.8,23.5,23.5,24.5,24.5
5.367,244.9,20.4,20.2,0.0,38.4,1,1506,0.03,0.11,46.0,45.9,47.0,46.8,23.5,23.5,24.5,24.5
5.383,244.9,20.5,20.2,0.0,38.1,1,1503,0.03,0.11,46.0,45.9,47.0,46.8,23.5,23.5,24.5,24.5
5.4,245.0,20.5,20.2,0.0,37.9,1,1500,0.03,0.11,46.0,45.9,47.0,46.7,23.5,23.5,24.5,24.5
5.417,245.1,20.6,20.2,0.0,37.6,1,1499,0.03,0.1,45.9,45.9,47.0,46.7,23.5,23.5,24.5,24.5
5.433,245.2,20.7,20.2,0.0,37.2,1,1501,0.03,0.1,45.9,45.9,46.9,46.7,23.5,23.5,24.5,24.5
5.45,245.3,20.7,20.2,0.0,36.9,1,1506,0.03,0.1,45.9,45.9,46.9,46.7,23.5,23.5,24.5,24.5
5.467,245.4,20.8,20.2,0.0,36.6,1,1513,0.03,0.09,45.9,45.9,46.9,46.7,23.5,23.5,24.5,24.5
5.483,245.5,20.8,20.1,0.0,36.3,1,1521,0.03,0.09,45.9,45.9,46.9,46.6,23.5,23.5,24.5,24.5
5.5,245.6,20.9,20.0,0.0,36.0,1,1530,0.03,0.09,45.9,45.9,46.9,46.6,23.5,23.5,24.5,24.5
5.517,245.7,21.0,19.8,0.0,35.7,1,1537,0.03,0.09,45.9,45.8,46.9,46.6,23.5,23.5,24.5,24.5
5.533,245.8,21.0,19.7,0.0,35.4,1,1543,0.03,0.09,45.9,45.8,46.8,46.6,23.5,23.5,24.5,24.5
5.55,245.9,21.1,19.7,0.0,35.1,1,1548,0.03,0.09,45.9,45.8,46.8,46.6,23.5,23.5,24.5,24.5
5.567,246.0,21.1,19.7,0.0,34.7,1,1551,0.03,0.09,45.8,45.8,46.8,46.6,23.5,23.5,24.5,24.5
5.583,246.1,21.2,19.6,0.0,34.3,1,1554,0.03,0.09,45.8,45.8,46.8,46.5,23.5,23.5,24.5,24.5
5.6,246.2,21.3,19.2,0.0,33.8,1,1555,0.03,0.09,45.8,45.8,46.8,46.5,23.5,23.5,24.5,24.5
5.617,246.3,21.3,18.8,0.0,33.4,1,1555,0.02,0.09,45.8,45.8,46.8,46.5,23.5,23.5,24.5,24.5
5.633,246.4,21.4,18.3,0.0,32.8,1,1553,0.03,0.09,45.8,45.8,46.7,46.5,23.5,23.5,24.5,24.5
5.65,246.5,21.4,18.0,0.0,32.3,1,1553,0.03,0.09,45.8,45.7,46.7,46.5,23.5,23.5,24.5,24.5
5.667,246.6,21.5,18.0,0.0,31.7,1,1555,0.02,0.08,45.8,45.7,46.7,46.4,23.5,23.5,24.5,24.5
5.683,246.7,21.5,18.0,0.0,31.2,1,1561,0.02,0.08,45.8,45.7,46.7,46.4,23.5,23.5,24.5,24.5
5.7,246.8,21.6,18.0,0.0,30.8,1,1569,0.02,0.08,45.7,45.7,46.7,46.4,23.5,23.5,24.5,24.5
5.717,246.9,21.6,18.0,0.0,30.3,1,1580,0.02,0.07,45.7,45.7,46.7,46.4,23.5,23.5,24.5,24.5
5.733,247.0,21.7,18.0,0.0,29.9,1,1589,0.02,0.08,45.7,45.7,46.6,46.4,23.5,23.5,24.5,24.5
5.75,247.1,21.7,17.9,0.0,29.5,1,1598,0.02,0.08,45.7,45.7,46.6,46.4,23.5,23.5,24.5,24.5
5.767,247.2,21.8,17.8,0.0,29.2,1,1603,0.03,0.08,45.7,45.7,46.6,46.3,23.5,23.5,24.5,24.5
5.783,247.3,21.8,17.6,0.0,28.9,1,1605,0.02,0.08,45.7,45.7,46.6,46.3,23.5,23.5,24.5,24.5
5.8,247.4,21.9,17.5,0.0,28.6,1,1605,0.02,0.08,45.7,45.6,46.6,46.3,23.5,23.5,24.5,24.5
5.817,247.5,21.9,17.5,0.0,28.3,1,1604,0.03,0.08,45.7,45.6,46.6,46.3,23.5,23.5,24.5,24.5
5.833,247.6,22.0,17.5,0.0,28.1,1,1603,0.03,0.08,45.7,45.6,46.5,46.3,23.5,23.5,24.5,24.5
5.85,247.7,22.0,17.5,0.0,27.9,1,1604,0.03,0.08,45.6,45.6,46.5,46.3,23.5,23.5,24.5,24.5
5.867,247.8,22.1,17.5,0.0,27.7,1,1607,0.03,0.07,45.6,45.6,46.5,46.2,23.5,23.5,24.5,24.5
5.883,247.9,22.1,17.5,0.0,27.6,1,1611,0.03,0.07,45.6,45.6,46.5,46.2,23.5,23.5,24.5,24.5
5.9,248.0,22.2,17.5,0.0,27.4,1,1617,0.03,0.07,45.6,45.6,46.5,46.2,23.5,23.5,24.5,24.5
5.917,248.1,22.2,17.5,0.0,27.1,1,1624,0.03,0.08,45.6,45.6,46.5,46.2,23.5,23.5,24.5,24.5
5.933,248.2,22.3,17.5,0.0,26.8,1,1630,0.03,0.07,45.6,45.6,46.4,46.2,23.5,23.5,24.5,24.5
5.95,248.3,22.3,17.5,0.0,26.4,1,1636,0.03,0.07,45.6,45.5,46.4,46.2,23.5,23.5,24.5,24.5
5.967,248.4,22.3,17.5,0.0,25.9,1,1641,0.02,0.08,45.6,45.5,46.4,46.1,23.5,23.5,24.5,24.5
5.983,248.5,22.4,17.2,0.0,25.3,1,1644,0.02,0.08,45.6,45.5,46.4,46.1,23.5,23.5,24.5,24.5
6.0,248.6,22.4,16.7,0.0,24.5,1,1643,0.02,0.08,45.5,45.5,46.4,46.1,23.5,23.5,24.5,24.5
6.017,248.7,22.5,16.2,0.0,23.6,1,1638,0.02,0.08,45.5,45.5,46.4,46.1,23.5,23.5,24.5,24.5
6.033,248.8,22.5,15.5,0.0,22.7,1,1633,0.01,0.07,45.5,45.5,46.4,46.1,23.5,23.5,24.5,24.5
6.05,248.9,22.6,15.1,0.0,21.9,1,1627,0.01,0.07,45.5,45.5,46.3,46.1,23.5,23.5,24.5,24.5
6.067,249.0,22.6,14.7,0.0,21.2,1,1624,0.01,0.07,45.5,45.5,46.3,46.0,23.5,23.5,24.5,24.5
6.083,249.1,22.6,14.7,0.0,20.3,1,1626,0.01,0.05,45.5,45.5,46.3,46.0,23.5,23.5,24.5,24.5
6.1,249.2,22.7,14.7,0.0,19.6,1,1634,0.01,0.05,45.5,45.4,46.3,46.0,23.5,23.5,24.5,24.5
6.117,249.3,22.7,14.7,0.0,18.9,1,1646,0.01,0.05,45.5,45.4,46.3,46.0,23.5,23.5,24.5,24.5
6.133,249.4,22.7,14.5,0.0,18.3,1,1659,0.01,0.04,45.5,45.4,46.3,46.0,23.5,23.5,24.5,24.5
6.15,249.5,22.8,14.5,0.0,17.7,1,1672,0.0,0.05,45.5,45.4,46.2,46.0,23.5,23.5,24.5,24.5
6.167,249.6,22.8,14.4,0.0,17.2,1,1681,0.01,0.05,45.4,45.4,46.2,45.9,23.5,23.5,24.5,24.5
6.2,249.7,22.8,14.4,0.0,16.8,1,1685,0.01,0.06,45.4,45.4,46.2,45.9,23.5,23.5,24.5,24.5
6.217,249.8,22.9,14.3,0.0,16.3,1,1685,0.01,0.06,45.4,45.4,46.2,45.9,23.5,23.5,24.5,24.5
6.233,249.9,22.9,14.1,0.0,15.8,1,1681,0.01,0.06,45.4,45.4,46.2,45.9,23.5,23.5,24.5,24.5
6.25,250.0,22.9,14.0,0.0,15.3,1,1675,0.01,0.06,45.4,45.4,46.2,45.9,23.5,23.5,24.5,24.5
6.267,250.1,23.0,13.9,0.0,14.7,1,1669,0.01,0.06,45.4,45.4,46.1,45.9,23.5,23.5,24.5,24.5
6.283,250.2,23.0,13.4,0.0,14.2,1,1662,0.01,0.06,45.4,45.3,46.1,45.8,23.5,23.5,24.5,24.5
6.3,250.3,23.0,13.1,0.0,13.7,1,1658,0.01,0.05,45.4,45.3,46.1,45.8,23.5,23.5,24.5,24.5
6.317,250.4,23.0,13.0,0.0,13.3,1,1657,0.01,0.05,45.4,45.3,46.1,45.8,23.5,23.5,24.5,24.5
6.333,250.5,23.1,13.0,0.0,12.8,1,1662,0.01,0.04,45.3,45.3,46.1,45.8,23.5,23.5,24.5,24.5
6.35,250.7,23.1,13.0,0.0,12.4,1,1670,0.0,0.04,45.3,45.3,46.1,45.8,23.5,23.5,24.5,24.5
6.367,250.8,23.1,13.1,0.0,11.9,1,1682,0.01,0.03,45.3,45.3,46.0,45.8,23.5,23.5,24.5,24.5
6.383,250.9,23.1,13.1,0.0,11.6,1,1694,0.01,0.04,45.3,45.3,46.0,45.7,23.5,23.5,24.5,24.5
6.4,251.0,23.1,13.2,0.0,11.2,1,1704,0.01,0.04,45.3,45.3,46.0,45.7,23.5,23.5,24.5,24.5
6.417,251.1,23.2,13.3,0.0,10.8,1,1711,0.01,0.04,45.3,45.3,46.0,45.7,23.5,23.5,24.5,24.5
6.433,251.2,23.2,13.3,0.0,10.5,1,1715,0.01,0.05,45.3,45.3,46.0,45.7,23.5,23.5,24.5,24.5
6.45,251.3,23.2,13.5,0.0,10.3,1,1714,0.01,0.05,45.3,45.2,46.0,45.7,23.5,23.5,24.5,24.5
6.467,251.4,23.2,13.4,0.0,10.2,1,1709,0.0,0.06,45.3,45.2,46.0,45.7,23.5,23.5,24.5,24.5
6.483,251.5,23.3,13.4,0.0,10.2,1,1703,0.01,0.06,45.3,45.2,45.9,45.7,23.5,23.5,24.5,24.5
6.5,251.6,23.3,13.4,0.0,10.2,1,1696,0.01,0.06,45.2,45.2,45.9,45.6,23.5,23.5,24.5,24.5
6.517,251.7,23.3,13.3,0.0,10.2,1,1691,0.01,0.06,45.2,45.2,45.9,45.6,23.5,23.5,24.5,24.5
6.533,251.8,23.4,13.3,0.0,10.4,1,1689,0.02,0.05,45.2,45.2,45.9,45.6,23.5,23.5,24.5,24.5
6.55,251.9,23.4,13.4,0.0,10.5,1,1691,0.02,0.05,45.2,45.2,45.9,45.6,23.5,23.5,24.5,24.5
6.567,252.0,23.4,13.4,0.0,10.7,1,1696,0.02,0.04,45.2,45.2,45.9,45.6,23.5,23.5,24.5,24.5
6.583,252.1,23.4,13.3,0.0,11.0,1,1704,0.02,0.03,45.2,45.2,45.8,45.6,23.5,23.5,24.5,24.5
6.6,252.2,23.4,13.3,0.0,11.3,1,1711,0.03,0.05,45.2,45.2,45.8,45.6,23.5,23.5,24.5,24.5
6.617,252.3,23.5,13.3,0.0,11.6,1,1718,0.02,0.04,45.2,45.1,45.8,45.5,23.5,23.5,24.5,24.5
6.633,252.5,23.5,13.3,0.0,12.0,1,1724,0.02,0.04,45.2,45.1,45.8,45.5,23.5,23.5,24.5,24.5
6.65,252.6,23.5,13.3,0.0,12.4,1,1726,0.03,0.05,45.2,45.1,45.8,45.5,23.5,23.5,24.5,24.5
6.667,252.7,23.5,13.3,0.0,12.8,1,1727,0.03,0.05,45.1,45.1,45.8,45.5,23.5,23.5,24.5,24.5
6.683,252.8,23.5,13.3,0.0,13.3,1,1725,0.03,0.05,45.1,45.1,45.8,45.5,23.5,23.5,24.5,24.5
6.7,252.9,23.6,13.1,0.0,14.0,1,1722,0.03,0.06,45.1,45.1,45.7,45.5,23.5,23.5,24.5,24.5
6.717,253.0,23.6,13.1,0.0,14.5,1,1719,0.03,0.05,45.1,45.1,45.7,45.5,23.5,23.5,24.5,24.5
6.733,253.1,23.6,13.1,0.0,15.1,1,1716,0.04,0.04,45.1,45.1,45.7,45.4,23.5,23.5,24.5,24.5
6.75,253.2,23.6,13.1,0.0,15.7,1,1716,0.04,0.05,45.1,45.1,45.7,45.4,23.5,23.5,24.5,24.5
6.767,253.3,23.6,13.1,0.0,16.1,1,1718,0.04,0.04,45.1,45.1,45.7,45.4,23.5,23.5,24.5,24.5
6.783,253.4,23.7,13.1,0.0,16.5,1,1721,0.04,0.04,45.1,45.0,45.7,45.4,23.5,23.5,24.5,24.5
6.8,253.5,23.7,13.3,0.0,16.9,1,1726,0.03,0.04,45.1,45.0,45.7,45.4,23.5,23.5,24.5,24.5
6.817,253.6,23.7,13.3,0.0,17.1,1,1732,0.04,0.04,45.1,45.0,45.6,45.4,23.5,23.5,24.5,24.5
6.833,253.7,23.7,13.3,0.0,17.4,1,1737,0.04,0.05,45.0,45.0,45.6,45.4,23.5,23.5,24.5,24.5
6.85,253.8,23.7,13.4,0.0,17.5,1,1741,0.04,0.04,45.0,45.0,45.6,45.3,23.5,23.5,24.5,24.5
6.867,254.0,23.7,13.5,0.0,17.6,1,1743,0.04,0.05,45.0,45.0,45.6,45.3,23.5,23.5,24.5,24.5
6.883,254.1,23.8,13.7,0.0,17.6,1,1745,0.03,0.05,45.0,45.0,45.6,45.3,23.5,23.5,24.5,24.5
6.9,254.2,23.8,14.2,0.0,17.6,1,1747,0.03,0.05,45.0,45.0,45.6,45.3,23.5,23.5,24.5,24.5
6.917,254.3,23.8,15.3,0.0,17.5,1,1752,0.03,0.05,45.0,45.0,45.6,45.3,23.5,23.5,24.5,24.5
6.933,254.4,23.8,16.8,0.0,17.4,1,1763,0.03,0.06,45.0,45.0,45.5,45.3,23.5,23.5,24.5,24.5
6.95,254.5,23.8,18.5,0.0,17.3,1,1777,0.03,0.06,45.0,45.0,45.5,45.3,23.5,23.5,24.5,24.5
6.967,254.6,23.9,20.3,0.0,17.1,1,1793,0.03,0.07,45.0,44.9,45.5,45.2,23.5,23.5,24.5,24.5
6.983,254.7,23.9,21.8,0.0,16.9,1,1807,0.03,0.09,45.0,44.9,45.5,45.2,23.5,23.5,24.5,24.5
7.0,254.8,24.0,24.3,0.0,16.7,1,1818,0.02,0.1,45.0,44.9,45.5,45.2,23.5,23.5,24.5,24.5
7.017,254.9,24.0,25.9,0.0,16.5,1,1825,0.03,0.12,44.9,44.9,45.5,45.2,23.5,23.5,24.5,24.5
7.033,255.0,24.1,27.6,0.0,16.3,1,1826,0.03,0.13,44.9,44.9,45.5,45.2,23.5,23.5,24.5,24.5
7.05,255.1,24.1,28.3,0.0,16.1,1,1820,0.02,0.15,44.9,44.9,45.5,45.2,23.5,23.5,24.5,24.5
7.067,255.3,24.2,28.8,0.0,15.9,1,1809,0.02,0.15,44.9,44.9,45.4,45.2,23.5,23.5,24.5,24.5
7.083,255.4,24.3,29.4,0.0,15.7,1,1796,0.02,0.16,44.9,44.9,45.4,45.2,23.5,23.5,24.5,24.5
7.1,255.5,24.4,29.7,0.0,15.4,1,1785,0.03,0.15,44.9,44.9,45.4,45.1,23.5,23.5,24.5,24.5
7.117,255.6,24.4,30.0,0.0,15.2,1,1779,0.02,0.15,44.9,44.9,45.4,45.1,23.5,23.5,24.5,24.5
7.133,255.7,24.5,30.3,0.0,14.9,1,1778,0.03,0.14,44.9,44.9,45.4,45.1,23.5,23.5,24.5,24.5
7.15,255.8,24.6,30.7,0.0,14.6,1,1784,0.03,0.14,44.9,44.8,45.4,45.1,23.5,23.5,24.5,24.5
7.167,255.9,24.6,31.0,0.0,14.3,1,1796,0.03,0.14,44.9,44.8,45.4,45.1,23.5,23.5,24.5,24.5
7.183,256.0,24.7,31.3,0.0,14.1,1,1810,0.02,0.13,44.9,44.8,45.4,45.1,23.5,23.5,24.5,24.5
7.2,256.1,24.8,31.7,0.0,13.8,1,1825,0.03,0.13,44.8,44.8,45.3,45.1,23.5,23.5,24.5,24.5
7.217,256.3,24.8,32.3,0.0,13.5,1,1839,0.02,0.14,44.8,44.8,45.3,45.0,23.5,23.5,24.5,24.5
7.233,256.4,24.9,32.9,0.0,13.1,1,1851,0.03,0.14,44.8,44.8,45.3,45.0,23.5,23.5,24.5,24.5
7.25,256.5,25.0,33.6,0.0,12.8,1,1859,0.02,0.15,44.8,44.8,45.3,45.0,23.5,23.5,24.5,24.5
7.267,256.6,25.0,34.4,0.0,12.6,1,1865,0.02,0.15,44.8,44.8,45.3,45.0,23.5,23.5,24.5,24.5
7.283,256.7,25.1,35.1,0.0,12.3,1,1867,0.02,0.16,44.8,44.8,45.3,45.0,23.5,23.5,24.5,24.5
7.3,256.8,25.2,35.8,0.0,12.1,1,1868,0.02,0.16,44.8,44.8,45.3,45.0,23.5,23.5,24.5,24.5
7.317,256.9,25.3,36.3,0.0,11.9,1,1868,0.02,0.17,44.8,44.8,45.3,45.0,23.5,23.5,24.5,24.5
7.333,257.1,25.4,36.6,0.0,11.7,1,1868,0.02,0.17,44.8,44.7,45.3,45.0,23.5,23.5,24.5,24.5
7.35,257.2,25.4,36.7,0.0,11.4,1,1868,0.02,0.17,44.8,44.7,45.2,45.0,23.5,23.5,24.5,24.5
7.367,257.3,25.5,37.0,0.0,11.2,1,1869,0.02,0.17,44.8,44.7,45.2,44.9,23.5,23.5,24.5,24.5
7.383,257.4,25.6,37.0,0.0,10.9,1,1872,0.02,0.16,44.7,44.7,45.2,44.9,23.5,23.5,24.5,24.5
7.4,257.5,25.7,37.1,0.0,10.6,1,1877,0.02,0.16,44.7,44.7,45.2,44.9,23.5,23.5,24.5,24.5
7.417,257.6,25.7,37.2,0.0,10.3,1,1884,0.02,0.16,44.7,44.7,45.2,44.9,23.5,23.5,24.5,24.5
7.433,257.7,25.8,37.4,0.0,9.9,1,1893,0.02,0.16,44.7,44.7,45.2,44.9,23.5,23.5,24.5,24.5
7.45,257.9,25.9,37.5,0.0,9.6,1,1902,0.02,0.16,44.7,44.7,45.2,44.9,23.5,23.5,24.5,24.5
7.467,258.0,26.0,37.8,0.0,9.3,1,1910,0.02,0.16,44.7,44.7,45.2,44.9,23.5,23.5,24.5,24.5
7.483,258.1,26.0,38.8,0.0,9.0,1,1920,0.01,0.16,44.7,44.7,45.2,44.9,23.5,23.5,24.5,24.5
7.5,258.2,26.1,40.0,0.0,8.7,1,1931,0.01,0.16,44.7,44.7,45.1,44.8,23.5,23.5,24.5,24.5
7.517,258.3,26.2,41.8,0.0,8.4,1,1942,0.01,0.17,44.7,44.7,45.1,44.8,23.5,23.5,24.5,24.5
7.533,258.5,26.3,43.1,0.0,8.1,1,1954,0.02,0.17,44.7,44.6,45.1,44.8,23.5,23.5,24.5,24.5
7.55,258.6,26.3,44.2,0.0,7.8,1,1963,0.01,0.18,44.7,44.6,45.1,44.8,23.5,23.5,24.5,24.5
7.567,258.7,26.4,45.0,0.0,7.5,1,1968,0.01,0.19,44.6,44.6,45.1,44.8,23.5,23.5,24.5,24.5
7.583,258.8,26.5,45.8,0.0,7.1,1,1971,0.01,0.19,44.6,44.6,45.1,44.8,23.5,23.5,24.5,24.5
7.6,258.9,26.6,46.0,0.0,6.8,1,1970,0.01,0.19,44.6,44.6,45.1,44.8,23.5,23.5,24.5,24.5
7.617,259.0,26.7,46.2,0.0,6.5,1,1968,0.01,0.2,44.6,44.6,45.1,44.8,23.5,23.5,24.5,24.5
7.633,259.2,26.8,46.4,0.0,6.2,1,1967,0.0,0.2,44.6,44.6,45.1,44.8,23.5,23.5,24.5,24.5
7.65,259.3,26.9,46.4,0.0,5.8,1,1967,0.0,0.19,44.6,44.6,45.0,44.7,23.5,23.5,24.5,24.5
7.667,259.4,27.0,46.6,0.0,5.4,1,1970,0.01,0.19,44.6,44.6,45.0,44.7,23.5,23.5,24.5,24.5
7.683,259.5,27.1,46.9,0.0,5.0,1,1976,0.0,0.19,44.6,44.6,45.0,44.7,23.5,23.5,24.5,24.5
7.7,259.7,27.1,47.4,0.0,4.7,1,1986,0.0,0.18,44.6,44.6,45.0,44.7,23.5,23.5,24.5,24.5
7.717,259.8,27.2,48.5,0.0,4.3,1,1999,0.0,0.18,44.6,44.6,45.0,44.7,23.5,23.5,24.5,24.5
7.733,259.9,27.3,49.1,0.0,4.1,1,2014,0.0,0.18,44.6,44.5,45.0,44.7,23.5,23.5,24.5,24.5
7.75,260.0,27.4,49.7,0.0,3.8,1,2027,0.01,0.18,44.5,44.5,45.0,44.7,23.5,23.5,24.5,24.5
7.767,260.2,27.5,50.3,0.0,3.6,1,2038,0.01,0.19,44.5,44.5,45.0,44.7,23.5,23.5,24.5,24.5
7.783,260.3,27.6,50.7,0.0,3.3,1,2046,-0.0,0.19,44.5,44.5,45.0,44.7,23.5,23.5,24.5,24.5
7.8,260.4,27.7,50.9,0.0,3.1,1,2050,-0.0,0.2,44.5,44.5,44.9,44.6,23.5,23.5,24.5,24.5
7.817,260.5,27.8,51.0,0.0,2.8,1,2051,0.0,0.2,44.5,44.5,44.9,44.6,23.5,23.5,24.5,24.5
7.833,260.7,27.9,51.1,0.0,2.6,1,2050,0.0,0.2,44.5,44.5,44.9,44.6,23.5,23.5,24.5,24.5
7.85,260.8,28.0,51.1,0.0,2.5,1,2050,0.0,0.2,44.5,44.5,44.9,44.6,23.5,23.5,24.5,24.5
7.867,260.9,28.0,51.3,0.0,2.3,1,2052,-0.0,0.2,44.5,44.5,44.9,44.6,23.5,23.5,24.5,24.5
7.883,261.0,28.1,51.3,0.0,2.1,1,2056,-0.0,0.2,44.5,44.5,44.9,44.6,23.5,23.5,24.5,24.5
7.9,261.2,28.2,51.3,0.0,2.0,1,2062,0.0,0.19,44.5,44.5,44.9,44.6,23.5,23.5,24.5,24.5
7.917,261.3,28.3,51.3,0.0,1.8,1,2070,0.0,0.19,44.5,44.5,44.9,44.6,23.5,23.5,24.5,24.5
7.933,261.4,28.4,51.3,0.0,1.6,1,2081,-0.01,0.19,44.4,44.4,44.9,44.6,23.5,23.5,24.5,24.5
7.95,261.5,28.5,51.3,0.0,1.5,1,2091,-0.0,0.19,44.4,44.4,44.8,44.6,23.5,23.5,24.5,24.5
7.967,261.7,28.6,51.3,0.0,1.3,1,2101,0.0,0.19,44.4,44.4,44.8,44.5,23.5,23.5,24.5,24.5
7.983,261.8,28.7,51.3,0.0,1.1,1,2110,0.0,0.19,44.4,44.4,44.8,44.5,23.5,23.5,24.5,24.5
8.0,261.9,28.7,51.1,0.0,0.8,1,2117,-0.01,0.19,44.4,44.4,44.8,44.5,23.5,23.5,24.5,24.5
8.017,262.1,28.8,51.0,0.0,0.5,1,2122,-0.01,0.19,44.4,44.4,44.8,44.5,23.5,23.5,24.5,24.5
8.033,262.2,28.9,50.9,0.0,0.2,1,2125,-0.01,0.19,44.4,44.4,44.8,44.5,23.5,23.5,24.5,24.5
8.05,262.3,29.0,50.7,0.0,-0.2,1,2129,-0.01,0.19,44.4,44.4,44.8,44.5,23.5,23.5,24.5,24.5
8.067,262.5,29.1,50.6,0.0,-0.6,1,2132,-0.02,0.19,44.4,44.4,44.8,44.5,23.5,23.5,24.5,24.5
8.083,262.6,29.2,50.6,0.0,-1.0,1,2136,-0.01,0.19,44.4,44.4,44.7,44.5,23.5,23.5,24.5,24.5
8.1,262.7,29.3,50.6,0.0,-1.6,1,2141,-0.01,0.19,44.4,44.4,44.7,44.5,23.5,23.5,24.5,24.5
8.117,262.8,29.4,50.5,0.0,-2.2,1,2148,-0.02,0.19,44.4,44.4,44.7,44.4,23.5,23.5,24.5,24.5
8.133,263.0,29.4,50.5,0.0,-2.9,1,2155,-0.02,0.19,44.3,44.3,44.7,44.4,23.5,23.5,24.5,24.5
8.15,263.1,29.5,50.5,0.0,-3.6,1,2163,-0.03,0.18,44.3,44.3,44.7,44.4,23.5,23.5,24.5,24.5
8.167,263.2,29.6,50.5,0.0,-4.2,1,2171,-0.03,0.19,44.3,44.3,44.7,44.4,23.5,23.5,24.5,24.5
8.183,263.4,29.7,50.5,0.0,-4.9,1,2179,-0.03,0.18,44.3,44.3,44.7,44.4,23.5,23.5,24.5,24.5
8.2,263.5,29.8,50.5,0.0,-5.6,1,2186,-0.03,0.18,44.3,44.3,44.7,44.4,23.5,23.5,24.5,24.5
8.217,263.7,29.9,50.5,0.0,-6.4,1,2192,-0.04,0.19,44.3,44.3,44.7,44.4,23.5,23.5,24.5,24.5
8.233,263.8,29.9,50.5,0.0,-7.1,1,2198,-0.04,0.19,44.3,44.3,44.6,44.4,23.5,23.5,24.5,24.5
8.25,263.9,30.0,50.5,0.0,-7.9,1,2203,-0.04,0.18,44.3,44.3,44.6,44.4,23.5,23.5,24.5,24.5
8.267,264.1,30.1,50.5,0.0,-8.7,1,2207,-0.04,0.19,44.3,44.3,44.6,44.4,23.5,23.5,24.5,24.5
8.283,264.2,30.2,50.5,0.0,-9.5,1,2212,-0.05,0.19,44.3,44.3,44.6,44.3,23.5,23.5,24.5,24.5
8.3,264.3,30.3,50.3,0.0,-10.2,1,2217,-0.05,0.18,44.3,44.3,44.6,44.3,23.5,23.5,24.5,24.5
8.317,264.5,30.3,50.3,0.0,-11.0,1,2222,-0.05,0.19,44.3,44.2,44.6,44.3,23.5,23.5,24.5,24.5
8.333,264.6,30.4,50.3,0.0,-11.9,1,2227,-0.06,0.18,44.2,44.2,44.6,44.3,23.5,23.5,24.5,24.5
8.35,264.7,30.5,50.3,0.0,-12.8,1,2234,-0.06,0.19,44.2,44.2,44.6,44.3,23.5,23.5,24.5,24.5
8.367,264.9,30.6,50.3,0.0,-13.4,1,2240,-0.06,0.18,44.2,44.2,44.5,44.3,23.5,23.5,24.5,24.4
8.383,265.0,30.7,50.3,0.0,-14.2,1,2247,-0.06,0.18,44.2,44.2,44.5,44.3,23.5,23.5,24.5,24.4
8.4,265.2,30.8,50.3,0.0,-14.9,1,2254,-0.06,0.18,44.2,44.2,44.5,44.3,23.5,23.5,24.5,24.4
8.417,265.3,30.8,50.3,0.0,-15.6,1,2260,-0.07,0.18,44.2,44.2,44.5,44.3,23.5,23.5,24.4,24.4
8.433,265.4,30.9,50.3,0.0,-16.2,1,2266,-0.07,0.19,44.2,44.2,44.5,44.3,23.5,23.5,24.4,24.4
8.45,265.6,31.0,50.5,0.0,-16.8,1,2272,-0.07,0.18,44.2,44.2,44.5,44.2,23.5,23.5,24.4,24.4
8.467,265.7,31.1,50.5,0.0,-17.4,1,2277,-0.06,0.18,44.2,44.2,44.5,44.2,23.5,23.5,24.4,24.4
8.483,265.9,31.2,50.6,0.0,-17.9,1,2283,-0.07,0.18,44.2,44.2,44.5,44.2,23.5,23.5,24.4,24.4
8.5,266.0,31.2,50.6,0.0,-18.3,1,2288,-0.07,0.18,44.2,44.2,44.4,44.2,23.5,23.5,24.4,24.4
8.517,266.1,31.3,50.7,0.0,-18.7,1,2294,-0.07,0.18,44.2,44.1,44.4,44.2,23.5,23.5,24.4,24.4
8.533,266.3,31.4,50.7,0.0,-19.1,1,2299,-0.06,0.18,44.1,44.1,44.4,44.2,23.5,23.5,24.4,24.4
8.55,266.4,31.5,51.0,0.0,-19.4,1,2305,-0.07,0.18,44.1,44.1,44.4,44.2,23.5,23.5,24.4,24.4
8.567,266.6,31.5,51.2,0.0,-19.6,1,2311,-0.07,0.18,44.1,44.1,44.4,44.2,23.5,23.5,24.4,24.4
8.583,266.7,31.6,51.8,0.0,-19.7,1,2318,-0.07,0.18,44.1,44.1,44.4,44.2,23.5,23.5,24.4,24.4
8.6,266.9,31.7,52.9,0.0,-19.8,1,2327,-0.07,0.18,44.1,44.1,44.4,44.2,23.5,23.5,24.4,24.4
8.617,267.0,31.8,54.0,0.0,-19.9,1,2337,-0.07,0.18,44.1,44.1,44.4,44.2,23.5,23.5,24.4,24.4
8.633,267.1,31.9,55.0,0.0,-19.9,1,2347,-0.07,0.19,44.1,44.1,44.3,44.1,23.5,23.5,24.4,24.4
8.65,267.3,32.0,56.2,0.0,-19.8,1,2357,-0.08,0.19,44.1,44.1,44.3,44.1,23.5,23.5,24.4,24.4
8.667,267.4,32.0,57.6,0.0,-19.7,1,2366,-0.07,0.19,44.1,44.1,44.3,44.1,23.5,23.5,24.4,24.4
8.683,267.6,32.1,59.1,0.0,-19.6,1,2374,-0.07,0.2,44.1,44.1,44.3,44.1,23.5,23.5,24.4,24.4
8.7,267.7,32.2,60.7,0.0,-19.4,1,2381,-0.06,0.2,44.1,44.1,44.3,44.1,23.5,23.5,24.4,24.4
8.717,267.9,32.3,62.5,0.0,-19.3,1,2388,-0.05,0.21,44.1,44.1,44.3,44.1,23.5,23.5,24.4,24.4
8.733,268.0,32.4,65.6,0.0,-19.1,1,2395,-0.06,0.21,44.1,44.0,44.3,44.1,23.5,23.5,24.4,24.4
8.75,268.2,32.5,68.2,0.0,-19.0,1,2403,-0.05,0.21,44.0,44.0,44.3,44.1,23.5,23.5,24.4,24.4
8.767,268.3,32.6,70.8,0.0,-18.9,1,2413,-0.04,0.22,44.0,44.0,44.2,44.1,23.5,23.5,24.4,24.4
8.783,268.5,32.7,73.1,0.0,-18.8,1,2422,-0.07,0.22,44.0,44.0,44.2,44.1,23.5,23.5,24.4,24.4
8.8,268.6,32.8,76.4,0.0,-18.7,1,2431,-0.06,0.23,44.0,44.0,44.2,44.1,23.5,23.5,24.4,24.4
8.817,268.8,32.9,78.8,0.0,-18.7,1,2440,-0.07,0.23,44.0,44.0,44.2,44.1,23.5,23.5,24.4,24.4
8.833,268.9,33.0,81.1,0.0,-18.6,1,2448,-0.08,0.24,44.0,44.0,44.2,44.1,23.5,23.5,24.4,24.4
8.85,269.1,33.2,83.0,0.0,-18.6,1,2454,-0.08,0.24,44.0,44.0,44.2,44.1,23.5,23.5,24.4,24.4
8.867,269.2,33.3,85.1,0.0,-18.6,1,2459,-0.08,0.25,44.0,44.0,44.2,44.0,23.5,23.5,24.4,24.4
8.883,269.4,33.4,85.9,0.0,-18.5,1,2463,-0.07,0.25,44.0,44.0,44.2,44.0,23.5,23.5,24.4,24.4
8.9,269.5,33.5,86.4,0.0,-18.5,1,2466,-0.08,0.25,44.0,44.0,44.2,44.0,23.5,23.5,24.4,24.4
8.917,269.7,33.6,86.6,0.0,-18.5,1,2470,-0.06,0.25,44.0,44.0,44.1,44.0,23.5,23.5,24.4,24.4
8.933,269.8,33.8,86.7,0.0,-18.4,1,2475,-0.05,0.25,44.0,44.0,44.1,44.0,23.5,23.5,24.4,24.4
8.95,270.0,33.9,87.3,0.0,-18.4,1,2481,-0.06,0.25,44.0,43.9,44.1,44.0,23.5,23.5,24.4,24.4
8.967,270.1,34.0,87.9,0.0,-18.4,1,2490,-0.06,0.25,43.9,43.9,44.1,44.0,23.5,23.5,24.4,24.4
8.983,270.3,34.1,89.0,0.0,-18.4,1,2501,-0.06,0.25,43.9,43.9,44.1,44.0,23.5,23.5,24.4,24.4
9.0,270.4,34.2,90.2,0.0,-18.4,1,2514,-0.05,0.25,43.9,43.9,44.1,44.0,23.5,23.5,24.4,24.4
9.017,270.6,34.3,91.4,0.0,-18.4,1,2528,-0.06,0.25,43.9,43.9,44.1,44.0,23.5,23.5,24.4,24.4
9.033,270.8,34.5,92.2,0.0,-18.5,1,2541,-0.05,0.25,43.9,43.9,44.1,44.0,23.5,23.5,24.4,24.4
9.05,270.9,34.6,92.6,0.0,-18.5,1,2554,-0.05,0.25,43.9,43.9,44.0,44.0,23.5,23.5,24.4,24.4
9.067,271.1,34.7,93.9,0.0,-18.5,1,2564,-0.07,0.25,43.9,43.9,44.0,44.0,23.5,23.5,24.4,24.4
9.083,271.2,34.8,94.7,0.0,-18.5,1,2572,-0.08,0.26,43.9,43.9,44.0,44.0,23.5,23.5,24.4,24.4
9.1,271.4,34.9,95.7,0.0,-18.5,1,2579,-0.08,0.26,43.9,43.9,44.0,44.0,23.5,23.5,24.4,24.4
9.117,271.5,35.1,96.8,0.0,-18.5,1,2585,-0.09,0.26,43.9,43.9,44.0,44.0,23.5,23.5,24.4,24.4
9.133,271.7,35.2,98.0,0.0,-18.5,1,2590,-0.11,0.27,43.9,43.9,44.0,44.0,23.5,23.5,24.4,24.4
9.15,271.9,35.3,99.0,0.0,-18.5,1,2596,-0.08,0.27,43.9,43.9,44.0,44.0,23.5,23.5,24.4,24.4
9.167,272.0,35.5,99.8,0.0,-18.5,1,2603,-0.07,0.27,43.9,43.8,44.0,43.9,23.5,23.5,24.4,24.4
9.183,272.2,35.6,100.0,0.0,-18.5,1,2612,-0.07,0.27,43.8,43.8,44.0,43.9,23.5,23.5,24.4,24.4
9.2,272.4,35.7,100.0,0.0,-18.5,1,2622,-0.05,0.27,43.8,43.8,44.0,43.9,23.5,23.5,24.4,24.4
9.217,272.5,35.9,100.0,0.0,-18.5,1,2635,-0.05,0.27,43.8,43.8,43.9,43.9,23.5,23.5,24.4,24.4
9.233,272.7,36.0,100.0,0.0,-18.5,1,2649,-0.04,0.27,43.8,43.8,43.9,43.9,23.5,23.5,24.4,24.4
9.25,272.8,36.1,100.0,0.0,-18.5,1,2664,-0.05,0.27,43.8,43.8,43.9,43.9,23.5,23.5,24.4,24.4
9.267,273.0,36.3,100.0,0.0,-18.6,1,2679,-0.05,0.28,43.8,43.8,43.9,43.9,23.5,23.5,24.4,24.4
9.283,273.2,36.4,100.0,0.0,-18.6,1,2693,-0.06,0.29,43.8,43.8,43.9,43.9,23.5,23.5,24.4,24.4
9.3,273.3,36.6,100.0,0.0,-18.7,1,2705,-0.07,0.28,43.8,43.8,43.9,43.9,23.5,23.5,24.4,24.4
9.317,273.5,36.7,100.0,0.0,-18.8,1,2715,-0.06,0.3,43.8,43.8,43.9,43.9,23.5,23.5,24.4,24.4
9.333,273.7,36.8,100.0,0.0,-18.9,1,2723,-0.07,0.3,43.8,43.8,43.9,43.9,23.5,23.5,24.4,24.4
9.35,273.9,37.0,100.0,0.0,-19.0,1,2731,-0.08,0.3,43.8,43.8,43.9,43.9,23.5,23.5,24.4,24.4
9.367,274.0,37.1,100.0,0.0,-19.1,1,2738,-0.07,0.3,43.8,43.8,43.8,43.9,23.5,23.5,24.4,24.4
9.383,274.2,37.3,100.0,0.0,-19.2,1,2746,-0.06,0.3,43.8,43.7,43.8,43.9,23.5,23.5,24.4,24.4
9.4,274.4,37.5,100.0,0.0,-19.3,1,2756,-0.07,0.31,43.7,43.7,43.8,43.9,23.5,23.5,24.4,24.4
9.417,274.5,37.6,100.0,0.0,-19.4,1,2768,-0.07,0.3,43.7,43.7,43.8,43.9,23.5,23.5,24.4,24.4
9.433,274.7,37.8,100.0,0.0,-19.4,1,2782,-0.06,0.3,43.7,43.7,43.8,43.9,23.5,23.5,24.4,24.4
9.45,274.9,37.9,100.0,0.0,-19.5,1,2798,-0.06,0.31,43.7,43.7,43.8,43.8,23.5,23.5,24.4,24.4
9.467,275.1,38.1,100.0,0.0,-19.6,1,2815,-0.05,0.31,43.7,43.7,43.8,43.8,23.5,23.5,24.4,24.4
9.483,275.2,38.2,100.0,0.0,-19.7,1,2830,-0.05,0.32,43.7,43.7,43.8,43.8,23.5,23.5,24.4,24.4
9.5,275.4,38.4,100.0,0.0,-19.8,1,2840,-0.05,0.33,43.7,43.7,43.8,43.8,23.5,23.5,24.4,24.4
9.517,275.6,38.6,100.0,0.0,-19.9,1,2843,-0.04,0.34,43.7,43.7,43.7,43.8,23.5,23.5,24.4,24.4
9.533,275.8,38.7,100.0,0.0,-20.1,1,2840,-0.05,0.34,43.7,43.7,43.7,43.8,23.5,23.5,24.4,24.4
9.55,275.9,38.9,100.0,0.0,-20.2,1,2836,-0.05,0.35,43.7,43.7,43.7,43.8,23.5,23.5,24.4,24.4
9.567,276.1,39.1,100.0,0.0,-20.3,1,2834,-0.06,0.34,43.7,43.7,43.7,43.8,23.5,23.5,24.4,24.4
9.583,276.3,39.3,100.0,0.0,-20.4,1,2838,-0.05,0.34,43.7,43.7,43.7,43.8,23.5,23.5,24.4,24.4
9.6,276.5,39.4,100.0,0.0,-20.4,1,2850,-0.04,0.33,43.7,43.6,43.7,43.8,23.5,23.5,24.4,24.4
9.617,276.7,39.6,100.0,0.0,-20.4,1,2870,-0.07,0.33,43.6,43.6,43.7,43.8,23.5,23.5,24.4,24.4
9.633,276.8,39.7,100.0,0.0,-20.4,1,2896,-0.07,0.33,43.6,43.6,43.7,43.7,23.5,23.5,24.4,24.4
9.65,277.0,39.9,100.0,0.0,-20.5,1,2927,-0.08,0.33,43.6,43.6,43.6,43.7,23.5,23.5,24.4,24.4
9.667,277.2,40.1,100.0,0.0,-20.5,1,2957,-0.08,0.34,43.6,43.6,43.6,43.7,23.5,23.5,24.4,24.4
9.683,277.4,40.3,100.0,0.0,-20.5,1,2984,-0.07,0.35,43.6,43.6,43.6,43.7,23.5,23.5,24.4,24.4
9.7,277.6,40.4,100.0,0.0,-20.4,1,3005,-0.06,0.36,43.6,43.6,43.6,43.7,23.5,23.5,24.4,24.4
9.717,277.8,40.6,100.0,0.0,-20.4,1,3019,-0.07,0.38,43.6,43.6,43.6,43.7,23.5,23.5,24.4,24.4
9.733,277.9,40.8,100.0,0.0,-20.4,1,3026,-0.06,0.39,43.6,43.6,43.6,43.7,23.5,23.5,24.4,24.4
9.75,278.1,41.0,100.0,0.0,-20.3,1,3028,-0.07,0.4,43.6,43.6,43.6,43.7,23.5,23.5,24.4,24.4
9.767,278.3,41.2,100.0,0.0,-20.3,1,3027,-0.07,0.4,43.6,43.6,43.6,43.7,23.5,23.5,24.4,24.4
9.783,278.5,41.5,100.0,0.0,-20.3,1,3026,-0.08,0.4,43.6,43.6,43.5,43.7,23.5,23.5,24.4,24.4
9.8,278.7,41.7,100.0,0.0,-20.2,1,3030,-0.06,0.4,43.6,43.5,43.5,43.6,23.5,23.5,24.4,24.4
9.817,278.9,41.9,100.0,0.0,-20.2,1,3040,-0.08,0.39,43.5,43.5,43.5,43.6,23.5,23.5,24.4,24.4
9.833,279.1,42.1,100.0,0.0,-20.2,1,3061,-0.08,0.39,43.5,43.5,43.5,43.6,23.5,23.5,24.4,24.4
9.85,279.3,42.3,100.0,0.0,-20.2,1,3093,-0.08,0.39,43.5,43.5,43.5,43.6,23.5,23.5,24.4,24.4
9.867,279.5,42.5,100.0,0.0,-20.2,1,3137,-0.09,0.4,43.5,43.5,43.5,43.6,23.5,23.5,24.4,24.4
9.883,279.7,42.7,100.0,0.0,-20.2,1,3187,-0.09,0.41,43.5,43.5,43.5,43.6,23.5,23.5,24.4,24.4
9.9,279.9,42.9,100.0,0.0,-20.3,1,3235,-0.08,0.42,43.5,43.5,43.5,43.6,23.5,23.5,24.4,24.4
9.917,280.1,43.1,100.0,0.0,-20.3,1,3273,-0.09,0.45,43.5,43.5,43.4,43.6,23.5,23.5,24.4,24.4
9.933,280.3,43.4,100.0,0.0,-20.3,1,3295,-0.09,0.48,43.5,43.5,43.4,43.6,23.5,23.5,24.4,24.4
9.95,280.5,43.6,100.0,0.0,-20.3,1,3297,-0.09,0.5,43.5,43.5,43.4,43.6,23.5,23.5,24.4,24.4
9.967,280.7,43.9,100.0,0.0,-20.3,1,3280,-0.08,0.52,43.5,43.5,43.4,43.6,23.5,23.5,24.4,24.4
9.983,280.9,44.2,100.0,0.0,-20.2,1,3251,-0.08,0.53,43.5,43.5,43.4,43.6,23.5,23.5,24.4,24.4
10.0,281.1,44.4,100.0,0.0,-20.2,1,3217,-0.08,0.52,43.4,43.4,43.4,43.6,23.5,23.5,24.4,24.4
10.017,281.3,44.7,100.0,0.0,-20.1,1,3193,-0.09,0.5,43.4,43.4,43.4,43.6,23.5,23.5,24.4,24.4
10.033,281.5,45.0,100.0,0.0,-20.0,1,3187,-0.08,0.48,43.4,43.4,43.4,43.5,23.5,23.5,24.4,24.4
10.05,281.7,45.2,100.0,0.0,-19.9,1,3208,-0.08,0.45,43.4,43.4,43.3,43.5,23.5,23.5,24.4,24.4
10.067,281.9,45.4,100.0,0.0,-19.8,1,3259,-0.08,0.44,43.4,43.4,43.3,43.5,23.5,23.5,24.4,24.4
10.083,282.1,45.7,100.0,0.0,-19.7,1,3337,-0.08,0.43,43.4,43.4,43.3,43.5,23.5,23.5,24.4,24.4
10.1,282.3,45.9,100.0,0.0,-19.6,1,3432,-0.08,0.45,43.4,43.4,43.3,43.5,23.5,23.5,24.4,24.4
10.117,282.5,46.1,100.0,0.0,-19.4,1,3523,-0.08,0.48,43.4,43.4,43.3,43.5,23.5,23.5,24.4,24.4
10.133,282.7,46.4,100.0,0.0,-19.3,1,3594,-0.08,0.52,43.4,43.4,43.3,43.5,23.5,23.5,24.4,24.4
10.15,283.0,46.7,100.0,0.0,-19.3,1,3632,-0.08,0.57,43.4,43.4,43.3,43.5,23.5,23.5,24.4,24.4
10.167,283.2,47.0,100.0,0.0,-19.2,1,3632,-0.08,0.61,43.4,43.4,43.3,43.5,23.5,23.5,24.4,24.4
10.183,283.4,47.3,100.0,0.0,-19.1,1,3602,-0.09,0.64,43.3,43.4,43.3,43.5,23.5,23.5,24.4,24.4
10.2,283.6,47.7,100.0,0.0,-19.0,1,3552,-0.09,0.66,43.3,43.3,43.3,43.5,23.5,23.5,24.4,24.4
10.217,283.8,48.0,100.0,0.0,-19.0,1,3498,-0.1,0.65,43.3,43.3,43.2,43.5,23.5,23.5,24.4,24.4
10.233,284.0,48.4,100.0,0.0,-19.0,1,3457,-0.1,0.63,43.3,43.3,43.2,43.5,23.5,23.5,24.4,24.4
10.25,284.3,48.7,100.0,0.0,-19.0,1,3442,-0.11,0.59,43.3,43.3,43.2,43.5,23.5,23.5,24.4,24.4
10.267,284.5,49.0,100.0,0.0,-19.0,1,3463,-0.11,0.55,43.3,43.3,43.2,43.5,23.5,23.5,24.4,24.4
10.283,284.7,49.3,100.0,0.0,-18.9,1,3520,-0.11,0.53,43.3,43.3,43.2,43.5,23.5,23.5,24.4,24.4
10.3,284.9,49.5,100.0,0.0,-18.9,1,3608,-0.11,0.51,43.3,43.3,43.2,43.5,23.5,23.5,24.4,24.4
10.317,285.2,49.8,100.0,0.0,-18.8,1,3709,-0.1,0.52,43.3,43.3,43.2,43.5,23.5,23.5,24.4,24.4
10.333,285.4,50.1,100.0,0.0,-18.7,1,3800,-0.1,0.55,43.3,43.3,43.2,43.5,23.5,23.5,24.4,24.4
10.35,285.6,50.4,100.0,0.0,-18.5,1,3869,-0.1,0.59,43.3,43.3,43.2,43.5,23.5,23.5,24.4,24.4
10.367,285.9,50.7,100.0,0.0,-18.3,1,3906,-0.1,0.63,43.3,43.3,43.2,43.5,23.5,23.5,24.4,24.4
10.383,286.1,51.0,100.0,0.0,-17.9,1,3910,-0.1,0.66,43.2,43.2,43.1,43.5,23.5,23.5,24.4,24.4
10.4,286.3,51.4,100.0,0.0,-17.6,1,3888,-0.11,0.68,43.2,43.2,43.1,43.5,23.5,23.5,24.4,24.4
10.417,286.6,51.8,100.0,0.0,-17.0,1,3852,-0.11,0.69,43.2,43.2,43.1,43.5,23.5,23.5,24.4,24.4
10.433,286.8,52.1,100.0,0.0,-16.3,1,3815,-0.1,0.69,43.2,43.2,43.1,43.5,23.5,23.5,24.4,24.4
10.45,287.1,52.5,100.0,0.0,-15.6,1,3791,-0.1,0.66,43.2,43.2,43.1,43.5,23.5,23.5,24.4,24.4
10.467,287.3,52.9,100.0,0.0,-14.9,1,3787,-0.1,0.64,43.2,43.2,43.1,43.5,23.5,23.5,24.4,24.4
10.483,287.5,53.2,100.0,0.0,-14.1,1,3811,-0.09,0.61,43.2,43.2,43.1,43.5,23.5,23.5,24.4,24.4
10.5,287.8,53.5,100.0,0.0,-13.3,1,3859,-0.08,0.59,43.2,43.2,43.1,43.5,23.5,23.5,24.4,24.4
10.517,288.0,53.8,100.0,0.0,-12.6,1,3927,-0.08,0.58,43.2,43.2,43.1,43.5,23.5,23.5,24.4,24.4
10.533,288.3,54.1,100.0,0.0,-11.8,1,4003,-0.07,0.58,43.2,43.2,43.1,43.5,23.5,23.5,24.4,24.4
10.55,288.5,54.4,100.0,0.0,-11.0,1,4072,-0.06,0.6,43.2,43.2,43.1,43.5,23.5,23.5,24.4,24.4
10.567,288.8,54.7,100.0,0.0,-10.3,1,4123,-0.06,0.62,43.1,43.2,43.1,43.5,23.5,23.5,24.4,24.4
10.583,289.0,55.1,100.0,0.0,-9.7,1,4153,-0.06,0.64,43.1,43.1,43.1,43.5,23.5,23.5,24.4,24.4
10.6,289.3,55.4,100.0,0.0,-9.2,1,4163,-0.06,0.66,43.1,43.1,43.1,43.5,23.5,23.5,24.4,24.4
10.617,289.6,55.8,100.0,0.0,-8.6,1,4160,-0.05,0.67,43.1,43.1,43.1,43.5,23.5,23.5,24.4,24.4
10.633,289.8,56.1,100.0,0.0,-8.1,1,4150,-0.05,0.68,43.1,43.1,43.1,43.5,23.5,23.5,24.4,24.4
10.65,290.1,56.5,100.0,0.0,-7.6,1,4143,-0.05,0.67,43.1,43.1,43.0,43.5,23.5,23.5,24.4,24.4
10.667,290.3,56.8,100.0,0.0,-7.0,1,4144,-0.05,0.66,43.1,43.1,43.0,43.5,23.5,23.5,24.4,24.4
10.683,290.6,57.2,100.0,0.0,-6.6,1,4157,-0.05,0.64,43.1,43.1,43.0,43.5,23.5,23.5,24.4,24.4
10.7,290.9,57.5,100.0,0.0,-6.1,1,4184,-0.04,0.63,43.1,43.1,43.0,43.5,23.5,23.5,24.4,24.4
10.717,291.1,57.8,100.0,0.0,-5.7,1,4222,-0.04,0.62,43.1,43.1,43.0,43.5,23.5,23.5,24.4,24.4
10.733,291.4,58.2,100.0,0.0,-5.4,1,4266,-0.04,0.61,43.0,43.1,43.0,43.5,23.5,23.5,24.4,24.4
10.75,291.7,58.5,100.0,0.0,-5.1,1,4313,-0.03,0.61,43.0,43.1,43.0,43.5,23.5,23.5,24.4,24.4
10.767,291.9,58.8,100.0,0.0,-4.7,1,4356,-0.03,0.62,43.0,43.0,43.0,43.4,23.5,23.5,24.4,24.4
10.783,292.2,59.1,100.0,0.0,-4.5,1,4392,-0.03,0.63,43.0,43.0,43.0,43.4,23.5,23.5,24.4,24.4
10.8,292.5,59.5,100.0,0.0,-4.2,1,4421,-0.03,0.63,43.0,43.0,43.0,43.4,23.5,23.5,24.4,24.4
10.817,292.8,59.8,100.0,0.0,-3.9,1,4441,-0.03,0.64,43.0,43.0,43.0,43.4,23.5,23.5,24.4,24.4
10.833,293.0,60.2,100.0,0.0,-3.6,1,4456,-0.03,0.65,43.0,43.0,43.0,43.4,23.5,23.5,24.4,24.4
10.85,293.3,60.5,100.0,0.0,-3.4,1,4467,-0.02,0.65,43.0,43.0,43.0,43.4,23.5,23.5,24.4,24.4
10.867,293.6,60.8,100.0,0.0,-3.2,1,4479,-0.02,0.65,43.0,43.0,43.0,43.4,23.5,23.5,24.4,24.4
10.883,293.9,61.2,100.0,0.0,-3.1,1,4494,-0.02,0.64,43.0,43.0,43.0,43.4,23.5,23.5,24.4,24.4
10.9,294.1,61.5,100.0,0.0,-3.1,1,4513,-0.02,0.64,43.0,43.0,43.0,43.4,23.5,23.5,24.4,24.4
10.917,294.4,61.9,100.0,0.0,-3.2,1,4538,-0.02,0.63,42.9,43.0,43.0,43.4,23.5,23.5,24.4,24.4
10.933,294.7,62.2,100.0,0.0,-3.3,1,4566,-0.02,0.63,42.9,43.0,43.0,43.4,23.5,23.5,24.4,24.4
10.95,295.0,62.5,100.0,0.0,-3.6,1,4598,-0.03,0.62,42.9,42.9,42.9,43.4,23.5,23.5,24.4,24.4
10.967,295.3,62.8,100.0,0.0,-3.9,1,4631,-0.03,0.62,42.9,42.9,42.9,43.4,23.5,23.5,24.4,24.4
10.983,295.6,63.2,100.0,0.0,-4.4,1,4662,-0.03,0.62,42.9,42.9,42.9,43.4,23.5,23.5,24.4,24.4
11.0,295.9,63.5,100.0,0.0,-4.8,1,4691,-0.04,0.63,42.9,42.9,42.9,43.4,23.5,23.5,24.4,24.4
11.017,296.2,63.8,100.0,0.0,-5.3,1,4718,-0.04,0.63,42.9,42.9,42.9,43.4,23.5,23.5,24.4,24.4
11.033,296.5,64.2,100.0,0.0,-5.8,1,4742,-0.04,0.63,42.9,42.9,42.9,43.4,23.5,23.5,24.4,24.4
11.05,296.8,64.5,100.0,0.0,-6.4,1,4763,-0.05,0.63,42.9,42.9,42.9,43.4,23.5,23.5,24.4,24.4
11.067,297.1,64.8,100.0,0.0,-6.8,1,4784,-0.05,0.63,42.9,42.9,42.9,43.4,23.5,23.5,24.4,24.4
11.083,297.4,65.2,100.0,0.0,-7.3,1,4804,-0.06,0.63,42.8,42.9,42.9,43.4,23.5,23.5,24.4,24.4
11.1,297.7,65.5,100.0,0.0,-7.7,1,4825,-0.06,0.63,42.8,42.8,42.9,43.4,23.5,23.5,24.4,24.4
11.117,298.0,65.8,100.0,0.0,-8.0,1,4847,-0.07,0.63,42.8,42.8,42.9,43.4,23.5,23.5,24.4,24.4
11.133,298.3,66.2,100.0,0.0,-8.3,1,4872,-0.07,0.62,42.8,42.8,42.9,43.4,23.5,23.5,24.4,24.4
11.15,298.6,66.5,100.0,0.0,-8.4,1,4897,-0.07,0.62,42.8,42.8,42.9,43.3,23.5,23.5,24.4,24.4
11.167,298.9,66.8,100.0,0.0,-8.5,1,4924,-0.07,0.62,42.8,42.8,42.9,43.3,23.5,23.5,24.4,24.4
11.183,299.2,67.2,99.8,0.0,-8.6,1,4951,-0.07,0.62,42.8,42.8,42.9,43.3,23.5,23.5,24.4,24.4
11.2,299.5,67.5,99.2,0.0,-8.6,1,4978,-0.08,0.62,42.8,42.8,42.9,43.3,23.5,23.5,24.4,24.4
11.217,299.8,67.8,98.5,0.0,-8.5,1,5004,-0.08,0.62,42.8,42.8,42.9,43.3,23.5,23.5,24.4,24.4
11.233,300.1,68.2,97.6,0.0,-8.4,1,5029,-0.08,0.62,42.8,42.8,42.8,43.3,23.5,23.5,24.4,24.4
11.25,300.4,68.5,96.5,0.0,-8.3,1,5053,-0.08,0.62,42.7,42.8,42.8,43.3,23.5,23.5,24.4,24.4
11.267,300.8,68.8,95.4,0.0,-8.2,1,5075,-0.08,0.62,42.7,42.8,42.8,43.3,23.5,23.5,24.4,24.4
11.283,301.1,69.1,93.9,0.0,-8.1,1,5095,-0.08,0.62,42.7,42.7,42.8,43.3,23.5,23.5,24.4,24.4
11.3,301.4,69.5,92.8,0.0,-8.0,1,5114,-0.08,0.62,42.7,42.7,42.8,43.3,23.5,23.5,24.4,24.4
11.317,301.7,69.8,92.2,0.0,-7.8,1,5133,-0.08,0.62,42.7,42.7,42.8,43.3,23.5,23.5,24.4,24.4
11.333,302.1,70.1,91.6,0.0,-7.7,1,5153,-0.08,0.61,42.7,42.7,42.8,43.3,23.5,23.5,24.4,24.4
11.35,302.4,70.5,91.5,0.0,-7.5,1,5176,-0.08,0.61,42.7,42.7,42.8,43.3,23.5,23.5,24.4,24.4
11.367,302.7,70.8,91.5,0.0,-7.4,1,5201,-0.08,0.61,42.7,42.7,42.8,43.3,23.5,23.5,24.4,24.4
11.383,303.0,71.1,91.5,0.0,-7.2,1,5227,-0.08,0.61,42.7,42.7,42.8,43.3,23.5,23.5,24.4,24.4
11.4,303.4,71.4,91.5,0.0,-7.0,1,5255,-0.07,0.61,42.6,42.7,42.8,43.3,23.5,23.5,24.4,24.4
11.417,303.7,71.7,91.5,0.0,-6.7,1,5282,-0.07,0.61,42.6,42.7,42.8,43.3,23.5,23.5,24.4,24.4
11.433,304.0,72.1,91.5,0.0,-6.5,1,5309,-0.07,0.61,42.6,42.7,42.8,43.3,23.5,23.5,24.4,24.4
11.45,304.4,72.4,91.5,0.0,-6.2,1,5334,-0.07,0.61,42.6,42.6,42.7,43.3,23.5,23.5,24.4,24.4
11.467,304.7,72.7,91.5,0.0,-5.9,1,5357,-0.06,0.61,42.6,42.6,42.7,43.3,23.5,23.5,24.4,24.4
11.483,305.0,73.0,91.6,0.0,-5.6,1,5380,-0.06,0.61,42.6,42.6,42.7,43.3,23.5,23.5,24.4,24.4
11.5,305.4,73.4,91.6,0.0,-5.2,1,5401,-0.06,0.61,42.6,42.6,42.7,43.2,23.5,23.5,24.4,24.4
11.517,305.7,73.7,91.6,0.0,-4.9,1,5422,-0.06,0.61,42.6,42.6,42.7,43.2,23.5,23.5,24.4,24.4
11.533,306.0,74.0,91.8,0.0,-4.6,1,5443,-0.05,0.61,42.6,42.6,42.7,43.2,23.5,23.5,24.4,24.4
11.55,306.4,74.3,91.8,0.0,-4.3,1,5465,-0.05,0.61,42.5,42.6,42.7,43.2,23.5,23.5,24.4,24.4
11.567,306.7,74.7,91.9,0.0,-3.9,1,5487,-0.04,0.61,42.5,42.6,42.7,43.2,23.5,23.5,24.4,24.4
11.583,307.1,75.0,92.1,0.0,-3.7,1,5510,-0.04,0.61,42.5,42.6,42.7,43.2,23.5,23.5,24.4,24.4
11.6,307.4,75.3,92.4,0.0,-3.4,1,5534,-0.04,0.61,42.5,42.6,42.7,43.2,23.5,23.5,24.4,24.4
11.617,307.8,75.6,92.8,0.0,-3.1,1,5559,-0.03,0.61,42.5,42.5,42.6,43.2,23.5,23.5,24.4,24.4
11.633,308.1,75.9,93.7,0.0,-2.9,1,5584,-0.03,0.61,42.5,42.5,42.6,43.2,23.5,23.5,24.4,24.4
11.65,308.5,76.3,94.7,0.0,-2.6,1,5610,-0.03,0.61,42.5,42.5,42.6,43.2,23.5,23.5,24.4,24.4
11.667,308.8,76.6,96.3,0.0,-2.4,1,5635,-0.02,0.61,42.5,42.5,42.6,43.2,23.5,23.5,24.4,24.4
11.683,309.2,76.9,98.2,0.0,-2.2,1,5660,-0.02,0.61,42.5,42.5,42.6,43.2,23.5,23.5,24.4,24.4
11.7,309.5,77.2,100.0,0.0,-2.0,1,5682,-0.01,0.61,42.5,42.5,42.6,43.1,23.5,23.5,24.4,24.4
11.717,309.9,77.6,100.0,0.0,-1.8,1,5704,-0.01,0.61,42.4,42.5,42.6,43.1,23.5,23.5,24.4,24.4
11.733,310.3,77.9,100.0,0.0,-1.5,1,5725,-0.01,0.61,42.4,42.5,42.6,43.1,23.5,23.5,24.4,24.4
11.75,310.6,78.2,100.0,0.0,-1.4,1,5748,-0.0,0.61,42.4,42.5,42.6,43.1,23.5,23.5,24.4,24.4
11.767,311.0,78.5,100.0,0.0,-1.2,1,5772,-0.0,0.61,42.4,42.5,42.6,43.1,23.5,23.5,24.4,24.4
11.783,311.3,78.8,100.0,0.0,-1.0,1,5798,0.0,0.6,42.4,42.5,42.6,43.1,23.5,23.5,24.4,24.4
11.8,311.7,79.2,100.0,0.0,-0.9,1,5825,0.01,0.6,42.4,42.4,42.6,43.1,23.5,23.5,24.4,24.4
11.817,312.1,79.5,100.0,0.0,-0.8,1,5852,0.01,0.6,42.4,42.4,42.6,43.1,23.5,23.5,24.4,24.4
11.833,312.4,79.8,100.0,0.0,-0.7,1,5878,0.02,0.6,42.4,42.4,42.6,43.1,23.5,23.5,24.4,24.4
11.85,312.8,80.1,100.0,0.0,-0.6,1,5903,0.03,0.6,42.4,42.4,42.5,43.1,23.5,23.5,24.4,24.4
11.867,313.2,80.4,100.0,0.0,-0.5,1,5926,0.03,0.6,42.3,42.4,42.5,43.1,23.5,23.5,24.4,24.4
11.883,313.6,80.7,100.0,0.0,-0.5,1,5948,0.03,0.6,42.3,42.4,42.5,43.1,23.5,23.5,24.4,24.4
11.9,313.9,81.1,100.0,0.0,-0.4,1,5968,0.03,0.6,42.3,42.4,42.5,43.1,23.5,23.5,24.4,24.4
11.917,314.3,81.4,100.0,0.0,-0.4,1,5987,0.04,0.6,42.3,42.4,42.5,43.1,23.5,23.5,24.4,24.4
11.933,314.7,81.7,100.0,0.0,-0.4,1,6007,0.03,0.6,42.3,42.4,42.5,43.1,23.5,23.5,24.4,24.4
11.95,315.1,82.0,100.0,0.0,-0.5,1,6026,0.04,0.6,42.3,42.4,42.5,43.1,23.5,23.5,24.4,24.4
11.967,315.4,82.3,100.0,0.0,-0.6,1,6045,0.04,0.59,42.3,42.4,42.5,43.0,23.5,23.5,24.4,24.4
11.983,315.8,82.6,100.0,0.0,-0.7,1,6065,0.04,0.59,42.3,42.3,42.5,43.0,23.5,23.5,24.4,24.4
12.0,316.2,83.0,100.0,0.0,-0.9,1,6086,0.04,0.59,42.3,42.3,42.5,43.0,23.5,23.5,24.4,24.4
12.017,316.6,83.3,100.0,0.0,-1.2,1,6108,0.03,0.58,42.2,42.3,42.5,43.0,23.5,23.5,24.4,24.4
12.033,317.0,83.6,100.0,0.0,-1.5,1,6131,0.03,0.58,42.2,42.3,42.5,43.0,23.5,23.5,24.4,24.4
12.05,317.4,83.9,100.0,0.0,-1.8,1,6153,0.03,0.58,42.2,42.3,42.5,43.0,23.5,23.5,24.4,24.4
12.067,317.7,84.2,100.0,0.0,-2.3,1,6176,0.02,0.58,42.2,42.3,42.4,43.0,23.5,23.5,24.4,24.4
12.083,318.1,84.5,100.0,0.0,-2.7,1,6198,0.02,0.57,42.2,42.3,42.4,43.0,23.5,23.5,24.4,24.4
12.1,318.5,84.8,100.0,0.0,-3.1,1,6220,0.01,0.57,42.2,42.3,42.4,43.0,23.5,23.5,24.4,24.4
12.117,318.9,85.1,100.0,0.0,-3.6,1,6242,-0.0,0.57,42.2,42.3,42.4,43.0,23.5,23.5,24.4,24.4
12.133,319.3,85.4,100.0,0.0,-4.0,1,6263,-0.01,0.57,42.2,42.3,42.4,42.9,23.5,23.5,24.4,24.4
12.15,319.7,85.7,100.0,0.0,-4.4,1,6284,-0.02,0.57,42.2,42.2,42.4,42.9,23.5,23.5,24.4,24.4
12.167,320.1,86.0,100.0,0.0,-4.6,1,6304,-0.03,0.56,42.2,42.2,42.4,42.9,23.5,23.5,24.4,24.4
12.183,320.5,85.9,100.0,0.0,-4.9,1,6483,0.03,-0.28,42.1,42.2,42.4,42.9,23.5,23.5,24.4,24.4
12.2,320.9,85.9,100.0,0.0,-5.1,2,6181,0.03,0.18,42.1,42.2,42.4,42.9,23.5,23.5,24.4,24.4
12.217,321.3,86.2,100.0,0.0,-5.3,2,5693,-0.12,0.67,42.1,42.2,42.4,42.9,23.5,23.5,24.4,24.4
12.233,321.7,86.6,100.0,0.0,-5.4,2,5337,-0.08,0.79,42.1,42.2,42.4,43.0,23.5,23.5,24.4,24.4
12.25,322.1,87.0,100.0,0.0,-5.4,2,5032,-0.04,0.69,42.1,42.2,42.5,43.0,23.5,23.5,24.4,24.4
12.267,322.5,87.4,100.0,0.0,-5.3,2,4737,-0.06,0.7,42.1,42.2,42.5,43.0,23.5,23.5,24.4,24.4
12.283,322.9,87.7,100.0,0.0,-5.2,2,4524,-0.08,0.62,42.1,42.2,42.5,43.0,23.5,23.5,24.4,24.4
12.3,323.3,88.0,100.0,0.0,-5.0,2,4450,-0.07,0.49,42.1,42.2,42.5,43.0,23.5,23.5,24.4,24.4
12.317,323.7,88.2,100.0,0.0,-4.8,2,4520,-0.07,0.37,42.1,42.1,42.4,43.0,23.5,23.5,24.4,24.4
12.333,324.1,88.4,100.0,0.0,-4.6,2,4688,-0.06,0.31,42.0,42.1,42.4,43.0,23.5,23.5,24.4,24.4
12.35,324.5,88.6,100.0,0.0,-4.4,2,4881,-0.05,0.32,42.0,42.1,42.4,43.0,23.5,23.5,24.4,24.4
12.367,324.9,88.7,100.0,0.0,-4.2,2,5026,-0.05,0.37,42.0,42.1,42.4,42.9,23.5,23.5,24.4,24.4
12.383,325.3,88.9,100.0,0.0,-4.1,2,5087,-0.06,0.44,42.0,42.1,42.4,42.9,23.5,23.5,24.4,24.4
12.4,325.8,89.2,100.0,0.0,-3.9,2,5064,-0.06,0.5,42.0,42.1,42.4,42.9,23.5,23.5,24.4,24.4
12.417,326.2,89.5,100.0,0.0,-3.6,2,4991,-0.06,0.54,42.0,42.1,42.4,42.9,23.5,23.5,24.4,24.4
12.433,326.6,89.8,100.0,0.0,-3.4,2,4915,-0.06,0.54,42.0,42.1,42.4,42.9,23.5,23.5,24.4,24.4
12.45,327.0,90.0,100.0,0.0,-3.2,2,4866,-0.06,0.52,42.0,42.1,42.4,42.9,23.5,23.5,24.4,24.4
12.467,327.4,90.3,100.0,0.0,-2.9,2,4857,-0.06,0.48,42.0,42.1,42.3,42.9,23.5,23.5,24.4,24.4
12.483,327.8,90.5,100.0,0.0,-2.6,2,4882,-0.06,0.44,42.0,42.1,42.3,42.9,23.5,23.5,24.4,24.4
12.5,328.2,90.8,100.0,0.0,-2.4,2,4927,-0.05,0.43,41.9,42.0,42.3,42.9,23.5,23.5,24.4,24.4
12.517,328.7,91.0,100.0,0.0,-2.2,2,4975,-0.05,0.43,41.9,42.0,42.3,42.9,23.5,23.5,24.4,24.4
12.533,329.1,91.2,100.0,0.0,-1.9,2,5012,-0.04,0.44,41.9,42.0,42.3,42.8,23.5,23.5,24.4,24.4
12.55,329.5,91.5,100.0,0.0,-1.7,2,5030,-0.03,0.46,41.9,42.0,42.3,42.8,23.5,23.5,24.4,24.4
12.567,329.9,91.7,100.0,0.0,-1.4,2,5030,-0.03,0.47,41.9,42.0,42.2,42.8,23.5,23.5,24.4,24.4
12.583,330.4,91.9,100.0,0.0,-1.2,2,5020,-0.02,0.47,41.9,42.0,42.2,42.8,23.5,23.5,24.4,24.4
12.6,330.8,92.2,100.0,0.0,-0.9,2,5012,-0.02,0.47,41.9,42.0,42.2,42.8,23.5,23.5,24.4,24.4
12.617,331.2,92.4,100.0,0.0,-0.7,2,5011,-0.01,0.46,41.9,42.0,42.2,42.7,23.5,23.5,24.4,24.4
12.633,331.6,92.7,100.0,0.0,-0.4,2,5023,-0.0,0.45,41.8,42.0,42.2,42.7,23.5,23.5,24.4,24.4
12.65,332.1,92.9,100.0,0.0,-0.2,2,5046,0.0,0.44,41.8,42.0,42.1,42.7,23.5,23.5,24.4,24.4
12.667,332.5,93.1,100.0,0.0,0.1,2,5074,0.01,0.44,41.8,41.9,42.1,42.7,23.5,23.5,24.4,24.4
12.683,332.9,93.4,100.0,0.0,0.4,2,5101,0.02,0.44,41.8,41.9,42.1,42.7,23.5,23.5,24.4,24.4
12.7,333.4,93.6,100.0,0.0,0.8,2,5121,0.03,0.45,41.8,41.9,42.1,42.7,23.5,23.5,24.4,24.4
12.717,333.8,93.8,100.0,0.0,1.2,2,5135,0.03,0.46,41.8,41.9,42.1,42.6,23.5,23.5,24.4,24.4
12.733,334.2,94.1,100.0,0.0,1.6,2,5141,0.04,0.46,41.8,41.9,42.0,42.6,23.5,23.5,24.4,24.4
12.75,334.7,94.3,100.0,0.0,2.1,2,5145,0.05,0.46,41.8,41.9,42.0,42.6,23.5,23.5,24.4,24.4
12.767,335.1,94.6,100.0,0.0,2.5,2,5150,0.06,0.46,41.8,41.9,42.0,42.6,23.5,23.5,24.4,24.4
12.783,335.5,94.8,100.0,0.0,2.9,2,5158,0.06,0.45,41.8,41.9,42.0,42.6,23.5,23.5,24.4,24.4
12.8,336.0,95.0,100.0,0.0,3.3,2,5172,0.07,0.45,41.7,41.9,42.0,42.5,23.5,23.5,24.4,24.4
12.817,336.4,95.3,100.0,0.0,3.6,2,5189,0.08,0.45,41.7,41.9,42.0,42.5,23.5,23.5,24.4,24.4
12.833,336.8,95.5,100.0,0.0,3.8,2,5207,0.08,0.45,41.7,41.9,42.0,42.5,23.5,23.5,24.4,24.4
12.85,337.3,95.7,100.0,0.0,4.0,2,5225,0.09,0.45,41.7,41.8,41.9,42.5,23.5,23.5,24.4,24.4
12.867,337.7,96.0,100.0,0.0,4.1,2,5240,0.09,0.45,41.7,41.8,41.9,42.5,23.5,23.5,24.4,24.4
12.883,338.2,96.2,100.0,0.0,4.1,2,5252,0.1,0.45,41.7,41.8,41.9,42.5,23.5,23.5,24.4,24.4
12.9,338.6,96.4,100.0,0.0,4.0,2,5263,0.1,0.45,41.7,41.8,41.9,42.4,23.5,23.5,24.4,24.4
12.917,339.1,96.7,100.0,0.0,3.9,2,5272,0.1,0.45,41.7,41.8,41.9,42.4,23.5,23.5,24.4,24.4
12.933,339.5,96.9,100.0,0.0,3.7,2,5282,0.1,0.45,41.7,41.8,41.9,42.4,23.5,23.5,24.4,24.4
12.95,340.0,97.1,100.0,0.0,3.5,2,5294,0.1,0.45,41.7,41.8,41.9,42.4,23.5,23.5,24.4,24.4
12.967,340.4,97.4,100.0,0.0,3.2,2,5307,0.1,0.45,41.6,41.8,41.8,42.4,23.5,23.5,24.4,24.4
12.983,340.9,97.6,100.0,0.0,3.0,2,5321,0.1,0.45,41.6,41.8,41.8,42.4,23.5,23.5,24.4,24.4
13.0,341.3,97.8,100.0,0.0,2.7,2,5336,0.1,0.45,41.6,41.8,41.8,42.3,23.5,23.5,24.4,24.4
13.017,341.8,98.1,100.0,0.0,2.5,2,5351,0.09,0.45,41.6,41.7,41.8,42.3,23.5,23.5,24.4,24.4
13.033,342.2,98.3,100.0,0.0,2.2,2,5364,0.09,0.45,41.6,41.7,41.8,42.3,23.5,23.5,24.4,24.4
13.05,342.7,98.5,100.0,0.0,1.9,2,5376,0.08,0.45,41.6,41.7,41.8,42.3,23.5,23.5,24.4,24.4
13.067,343.1,98.8,100.0,0.0,1.6,2,5388,0.08,0.45,41.6,41.7,41.8,42.3,23.5,23.5,24.4,24.4
13.083,343.6,99.0,100.0,0.0,1.3,2,5399,0.07,0.45,41.6,41.7,41.8,42.3,23.5,23.5,24.4,24.4
13.1,344.0,99.2,100.0,0.0,1.1,2,5411,0.06,0.45,41.6,41.7,41.7,42.2,23.5,23.5,24.4,24.4
13.117,344.5,99.5,100.0,0.0,0.8,2,5423,0.06,0.45,41.6,41.7,41.7,42.2,23.5,23.5,24.4,24.4
13.133,345.0,99.7,100.0,0.0,0.6,2,5436,0.05,0.45,41.6,41.7,41.7,42.2,23.5,23.5,24.4,24.4
13.15,345.4,99.9,100.0,0.0,0.3,2,5449,0.05,0.45,41.5,41.7,41.7,42.2,23.5,23.5,24.4,24.4
13.167,345.9,100.2,100.0,0.0,0.0,2,5462,0.04,0.45,41.5,41.7,41.7,42.2,23.5,23.5,24.4,24.4
13.183,346.4,100.4,100.0,0.0,-0.2,2,5476,0.03,0.45,41.5,41.7,41.7,42.2,23.5,23.5,24.4,24.4
13.217,346.8,100.6,100.0,0.0,-0.4,2,5489,0.03,0.45,41.5,41.6,41.7,42.1,23.5,23.5,24.4,24.4
13.233,347.3,100.9,100.0,0.0,-0.7,2,5501,0.02,0.45,41.5,41.6,41.6,42.1,23.5,23.5,24.4,24.4
13.25,347.8,101.1,100.0,0.0,-0.9,2,5514,0.01,0.45,41.5,41.6,41.6,42.1,23.5,23.5,24.4,24.4
13.267,348.2,101.3,100.0,0.0,-1.2,2,5526,0.01,0.45,41.5,41.6,41.6,42.1,23.5,23.5,24.4,24.4
13.283,348.7,101.6,100.0,0.0,-1.4,2,5538,-0.0,0.45,41.5,41.6,41.6,42.1,23.5,23.5,24.4,24.4
13.3,349.2,101.8,100.0,0.0,-1.7,2,5550,-0.01,0.45,41.5,41.6,41.6,42.1,23.5,23.5,24.4,24.4
13.317,349.6,102.0,100.0,0.0,-2.0,2,5562,-0.01,0.45,41.4,41.6,41.6,42.0,23.5,23.5,24.4,24.4
13.333,350.1,102.3,100.0,0.0,-2.3,2,5575,-0.02,0.45,41.4,41.6,41.5,42.0,23.5,23.5,24.4,24.4
13.35,350.6,102.5,100.0,0.0,-2.6,2,5587,-0.03,0.45,41.4,41.6,41.5,42.0,23.5,23.5,24.4,24.4
13.367,351.1,102.7,100.0,0.0,-2.8,2,5600,-0.04,0.45,41.4,41.6,41.5,42.0,23.5,23.5,24.4,24.4
13.383,351.5,103.0,100.0,0.0,-3.1,2,5613,-0.04,0.45,41.4,41.6,41.5,42.0,23.5,23.5,24.4,24.4
13.4,352.0,103.2,100.0,0.0,-3.3,2,5625,-0.05,0.45,41.4,41.5,41.5,42.0,23.5,23.5,24.4,24.4
13.417,352.5,103.4,100.0,0.0,-3.5,2,5637,-0.06,0.45,41.4,41.5,41.5,42.0,23.5,23.5,24.4,24.4
13.433,353.0,103.6,100.0,0.0,-3.5,2,5649,-0.06,0.45,41.4,41.5,41.4,41.9,23.5,23.5,24.4,24.4
13.45,353.5,103.9,100.0,0.0,-3.6,2,5661,-0.07,0.45,41.4,41.5,41.4,41.9,23.5,23.5,24.4,24.4
13.467,353.9,104.1,100.0,0.0,-3.5,2,5674,-0.07,0.45,41.3,41.5,41.4,41.9,23.5,23.5,24.4,24.4
13.483,354.4,104.3,95.9,0.0,-3.4,2,5685,-0.07,0.45,41.3,41.5,41.4,41.9,23.5,23.5,24.4,24.4
13.5,354.9,104.6,90.0,0.0,-3.2,2,5691,-0.07,0.44,41.3,41.5,41.4,41.9,23.5,23.5,24.4,24.4
13.517,355.4,104.8,82.5,0.0,-2.9,2,5681,-0.07,0.44,41.3,41.5,41.4,41.9,23.5,23.5,24.4,24.4
13.533,355.9,105.0,74.6,0.0,-2.7,2,5652,-0.07,0.42,41.3,41.5,41.3,41.9,23.5,23.5,24.4,24.4
13.55,356.4,105.2,66.2,0.0,-2.4,2,5606,-0.07,0.39,41.3,41.5,41.3,41.8,23.5,23.5,24.4,24.4
13.567,356.9,105.4,58.7,0.0,-2.1,2,5555,-0.06,0.34,41.3,41.5,41.3,41.8,23.5,23.5,24.4,24.4
13.583,357.3,105.5,54.2,0.0,-1.7,2,5528,-0.06,0.28,41.3,41.5,41.3,41.8,23.5,23.5,24.4,24.4
13.6,357.8,105.6,50.8,0.0,-1.3,2,5543,-0.05,0.21,41.3,41.4,41.3,41.8,23.5,23.5,24.4,24.4
13.617,358.3,105.7,46.4,0.0,-1.0,2,5588,-0.04,0.16,41.3,41.4,41.3,41.8,23.5,23.5,24.4,24.4
13.633,358.8,105.7,42.9,0.0,-0.7,2,5638,-0.03,0.13,41.3,41.4,41.2,41.7,23.5,23.5,24.4,24.4
13.65,359.3,105.8,38.6,0.0,-0.3,2,5672,-0.02,0.12,41.2,41.4,41.2,41.7,23.5,23.5,24.4,24.4
13.667,359.8,105.8,33.5,0.0,-0.0,2,5672,-0.01,0.11,41.2,41.4,41.2,41.7,23.5,23.5,24.4,24.4
13.683,360.3,105.8,26.8,0.0,0.3,2,5635,-0.0,0.09,41.2,41.4,41.2,41.7,23.5,23.5,24.4,24.4
13.7,360.8,105.8,22.4,5.7,0.6,2,5582,0.01,0.05,41.2,41.4,41.2,41.7,23.5,23.5,24.4,24.4
13.717,361.3,105.8,18.7,7.5,0.9,2,5545,0.02,-0.17,41.2,41.4,41.2,41.7,23.5,23.5,24.4,24.4
13.733,361.8,105.6,15.5,9.8,1.2,2,5534,0.03,-0.21,41.2,41.4,41.1,41.6,23.5,23.5,24.4,24.4
13.75,362.2,105.4,12.5,10.6,1.5,2,5532,0.04,-0.29,41.2,41.4,41.1,41.6,23.5,23.5,24.4,24.4
13.767,362.7,105.2,9.2,12.1,1.8,2,5497,0.04,-0.29,41.2,41.4,41.1,41.6,23.5,23.5,24.4,24.4
13.783,363.2,105.0,7.1,14.6,2.0,2,5439,0.05,-0.33,41.2,41.4,41.1,41.6,23.5,23.5,24.4,24.4
13.8,363.7,104.7,5.3,16.4,2.3,2,5365,0.06,-0.4,41.2,41.3,41.1,41.6,23.5,23.5,24.4,24.4
13.817,364.2,104.4,3.8,17.0,2.5,2,5338,0.06,-0.54,41.2,41.3,41.1,41.6,23.5,23.5,24.4,24.4
13.833,364.7,104.1,2.2,17.9,2.6,2,5371,0.08,-0.62,41.2,41.3,41.1,41.5,23.5,23.5,24.4,24.4
13.85,365.2,103.6,0.7,19.2,2.7,2,5435,0.08,-0.68,41.1,41.3,41.1,41.5,23.5,23.5,24.4,24.4
13.867,365.6,103.2,-0.0,19.9,2.7,2,5499,0.08,-0.72,41.1,41.3,41.0,41.5,23.5,23.5,24.4,24.4
13.883,366.1,102.7,0.0,20.9,2.8,2,5539,0.09,-0.69,41.1,41.3,41.0,41.5,23.5,23.5,24.4,24.4
13.9,366.6,102.3,0.0,21.1,2.8,2,5542,0.09,-0.67,41.1,41.3,41.0,41.5,23.5,23.5,24.4,24.4
13.917,367.1,101.9,0.0,21.7,2.7,2,5509,0.09,-0.62,41.1,41.3,41.0,41.5,23.5,23.5,24.4,24.4
13.933,367.5,101.5,0.0,22.0,2.6,2,5450,0.09,-0.61,41.1,41.3,41.0,41.5,23.5,23.5,24.4,24.4
13.95,368.0,101.1,0.0,22.1,2.5,2,5383,0.09,-0.61,41.1,41.3,41.0,41.5,23.5,23.5,24.4,24.4
13.967,368.5,100.7,0.0,22.3,2.4,2,5322,0.09,-0.62,41.1,41.3,41.0,41.4,23.5,23.5,24.4,24.4
13.983,369.0,100.3,0.0,22.8,2.3,2,5278,0.09,-0.65,41.1,41.3,40.9,41.4,23.5,23.5,24.4,24.4
14.0,369.4,99.9,0.0,23.5,2.1,2,5253,0.09,-0.69,41.1,41.3,40.9,41.4,23.5,23.5,24.4,24.4
14.017,369.9,99.4,0.0,23.8,2.0,2,5243,0.09,-0.72,41.1,41.3,40.9,41.4,23.5,23.5,24.4,24.4
14.033,370.3,99.0,0.0,24.3,1.8,2,5241,0.09,-0.73,41.1,41.2,40.9,41.4,23.5,23.5,24.4,24.4
14.05,370.8,98.5,0.0,25.0,1.6,2,5238,0.08,-0.74,41.1,41.2,40.9,41.4,23.5,23.5,24.4,24.4
14.067,371.3,98.0,0.0,25.1,1.4,2,5227,0.08,-0.74,41.1,41.2,40.9,41.4,23.5,23.5,24.4,24.4
14.083,371.7,97.6,0.0,25.6,1.2,2,5207,0.07,-0.73,41.0,41.2,40.9,41.4,23.5,23.5,24.4,24.4
14.1,372.2,97.1,0.0,26.6,1.0,2,5176,0.07,-0.73,41.0,41.2,40.9,41.3,23.5,23.5,24.4,24.4
14.117,372.6,96.6,0.0,26.8,0.8,2,5140,0.06,-0.75,41.0,41.2,40.9,41.3,23.5,23.5,24.4,24.4
14.133,373.0,96.2,0.0,27.6,0.6,2,5101,0.06,-0.75,41.0,41.2,40.8,41.3,23.5,23.5,24.4,24.4
14.15,373.5,95.7,0.0,28.4,0.3,2,5065,0.05,-0.77,41.0,41.2,40.8,41.3,23.5,23.5,24.4,24.4
14.167,373.9,95.2,0.0,28.7,0.1,2,5032,0.05,-0.79,41.0,41.2,40.8,41.3,23.5,23.5,24.4,24.4
14.183,374.3,94.7,0.0,29.4,-0.1,2,5004,0.04,-0.8,41.0,41.2,40.8,41.3,23.5,23.5,24.4,24.4
14.2,374.8,94.2,0.0,30.9,-0.3,2,4979,0.04,-0.82,41.0,41.2,40.8,41.3,23.5,23.5,24.4,24.4
14.217,375.2,93.7,0.0,31.4,-0.4,2,4955,0.03,-0.86,41.0,41.2,40.8,41.3,23.5,23.5,24.4,24.4
14.233,375.6,93.1,0.0,32.7,-0.6,2,4929,0.03,-0.86,41.0,41.2,40.8,41.3,23.5,23.5,24.4,24.4
14.25,376.0,92.6,0.0,33.9,-0.7,2,4901,0.03,-0.89,41.0,41.2,40.8,41.2,23.5,23.5,24.4,24.4
14.267,376.4,92.0,0.0,34.5,-0.9,2,4868,0.02,-0.91,41.0,41.2,40.8,41.2,23.5,23.5,24.4,24.4
14.283,376.8,91.4,0.0,34.7,-0.9,2,4833,0.02,-0.92,41.0,41.2,40.8,41.2,23.5,23.5,24.4,24.4
14.3,377.3,90.9,0.0,35.4,-1.0,2,4796,0.02,-0.92,41.0,41.2,40.8,41.2,23.5,23.5,24.4,24.4
14.317,377.7,90.3,0.0,36.2,-1.0,2,4759,0.01,-0.94,41.0,41.2,40.8,41.2,23.5,23.5,24.4,24.4
14.333,378.1,89.7,0.0,36.5,-1.0,2,4723,0.01,-0.96,41.0,41.2,40.8,41.2,23.5,23.5,24.4,24.4
14.35,378.5,89.1,0.0,37.4,-1.0,2,4688,0.01,-0.96,41.0,41.2,40.8,41.2,23.5,23.5,24.4,24.4
14.367,378.9,88.5,0.0,37.8,-0.9,2,4654,0.01,-0.99,41.0,41.2,40.8,41.2,23.5,23.5,24.4,24.4
14.383,379.3,87.9,0.0,38.1,-0.8,2,4621,0.01,-0.99,41.0,41.2,40.8,41.2,23.5,23.5,24.4,24.4
14.4,379.7,87.2,0.0,38.4,-0.8,2,4588,0.01,-1.0,41.0,41.2,40.8,41.2,23.5,23.5,24.4,24.4
14.417,380.1,86.6,0.0,38.6,-0.7,2,4554,0.01,-1.0,41.0,41.2,40.8,41.2,23.5,23.5,24.4,24.4
14.433,380.5,86.0,0.0,38.4,-0.6,2,4520,0.01,-1.01,41.0,41.2,40.8,41.2,23.5,23.5,24.4,24.4
14.45,380.9,85.4,0.0,38.4,-0.6,2,4486,0.01,-1.0,41.0,41.2,40.8,41.2,23.5,23.5,24.4,24.4
14.467,381.2,84.8,0.0,38.5,-0.5,2,4453,0.01,-1.0,41.0,41.2,40.8,41.2,23.5,23.5,24.4,24.4
14.483,381.6,84.1,0.0,38.4,-0.5,2,4420,0.01,-1.0,41.0,41.2,40.7,41.2,23.5,23.5,24.4,24.4
14.5,382.0,83.5,0.0,38.5,-0.5,2,4388,0.02,-1.0,41.0,41.2,40.7,41.2,23.5,23.5,24.4,24.4
14.517,382.4,82.9,0.0,38.8,-0.5,2,4356,0.02,-1.0,41.0,41.2,40.7,41.2,23.5,23.5,24.4,24.4
14.533,382.8,82.3,0.0,38.6,-0.5,2,4324,0.02,-1.01,41.0,41.2,40.7,41.2,23.5,23.5,24.4,24.4
14.55,383.2,81.6,0.0,38.5,-0.4,2,4292,0.02,-1.0,41.0,41.2,40.7,41.2,23.5,23.5,24.4,24.4
14.567,383.5,81.0,0.0,38.6,-0.4,2,4260,0.02,-1.0,41.0,41.2,40.7,41.2,23.5,23.5,24.4,24.4
14.583,383.9,80.4,0.0,38.9,-0.3,2,4228,0.02,-1.0,41.0,41.2,40.7,41.2,23.5,23.5,24.4,24.4
14.6,384.3,79.8,0.0,38.9,-0.3,2,4196,0.03,-1.01,41.0,41.2,40.7,41.2,23.5,23.5,24.4,24.4
14.617,384.6,79.1,0.0,39.4,-0.2,2,4163,0.03,-1.01,41.0,41.2,40.7,41.2,23.5,23.5,24.4,24.4
14.633,385.0,78.5,0.0,39.7,-0.2,2,4131,0.03,-1.02,41.0,41.2,40.7,41.2,23.5,23.5,24.4,24.4
14.65,385.4,77.9,0.0,39.4,-0.2,2,4098,0.03,-1.02,41.0,41.2,40.7,41.2,23.5,23.5,24.4,24.4
14.667,385.7,77.2,0.0,39.7,-0.1,2,4064,0.03,-1.01,41.0,41.2,40.7,41.2,23.5,23.5,24.4,24.4
14.683,386.1,76.6,0.0,39.7,-0.1,2,4030,0.03,-1.02,41.0,41.2,40.7,41.2,23.5,23.5,24.4,24.4
14.7,386.5,76.0,0.0,39.6,-0.0,2,3996,0.03,-1.02,41.0,41.3,40.7,41.2,23.5,23.5,24.4,24.4
14.717,386.8,75.4,0.0,39.6,0.0,2,3962,0.03,-1.01,41.0,41.3,40.7,41.2,23.5,23.5,24.4,24.4
14.733,387.2,74.7,0.0,39.4,0.1,2,3929,0.03,-1.01,41.0,41.3,40.7,41.2,23.5,23.5,24.4,24.4
14.75,387.5,74.1,0.0,39.2,0.2,2,3895,0.04,-1.01,41.0,41.3,40.7,41.2,23.5,23.5,24.4,24.4
14.767,387.8,73.5,0.0,39.0,0.3,2,3863,0.04,-1.0,41.0,41.3,40.7,41.2,23.5,23.5,24.4,24.4
14.783,388.2,72.8,0.0,38.4,0.4,2,3831,0.04,-1.0,41.0,41.3,40.7,41.1,23.5,23.5,24.4,24.4
14.8,388.5,72.2,0.0,37.8,0.6,2,3799,0.04,-0.98,41.0,41.3,40.7,41.1,23.5,23.5,24.4,24.4
14.817,388.9,71.6,0.0,37.0,0.8,2,3769,0.04,-0.97,41.0,41.3,40.7,41.1,23.5,23.5,24.4,24.4
14.833,389.2,71.0,0.0,36.9,1.0,2,3740,0.05,-0.95,41.0,41.3,40.7,41.1,23.5,23.5,24.4,24.4
14.85,389.5,70.4,0.0,36.2,1.2,2,3711,0.05,-0.95,41.0,41.3,40.7,41.1,23.5,23.5,24.4,24.4
14.867,389.9,69.8,0.0,35.6,1.2,2,3682,0.05,-0.93,41.1,41.3,40.7,41.1,23.5,23.5,24.4,24.4
14.883,390.2,69.3,0.0,35.4,1.2,2,3654,0.05,-0.92,41.1,41.3,40.7,41.1,23.5,23.5,24.4,24.4
14.9,390.5,68.7,0.0,34.6,1.1,2,3627,0.05,-0.91,41.1,41.3,40.7,41.1,23.5,23.5,24.4,24.4
14.917,390.9,68.1,0.0,33.9,0.9,2,3599,0.05,-0.89,41.1,41.3,40.7,41.1,23.5,23.5,24.4,24.4
14.933,391.2,67.6,0.0,32.7,0.6,2,3571,0.04,-0.87,41.1,41.3,40.7,41.1,23.5,23.5,24.4,24.4
14.95,391.5,67.0,0.0,32.3,0.1,2,3544,0.04,-0.84,41.1,41.3,40.7,41.1,23.5,23.5,24.4,24.4
14.967,391.8,66.5,0.0,32.1,-0.3,2,3517,0.03,-0.84,41.1,41.3,40.7,41.1,23.5,23.5,24.4,24.4
14.983,392.1,66.0,0.0,31.9,-0.9,2,3492,0.02,-0.83,41.1,41.3,40.7,41.1,23.5,23.5,24.4,24.4
15.0,392.4,65.5,0.0,31.8,-1.5,2,3466,0.02,-0.83,41.1,41.3,40.7,41.1,23.5,23.5,24.4,24.4
15.017,392.7,64.9,0.0,31.4,-2.1,2,3440,0.01,-0.82,41.1,41.3,40.7,41.1,23.5,23.5,24.4,24.4
15.033,393.1,64.4,0.0,31.8,-2.7,2,3413,0.0,-0.81,41.1,41.3,40.7,41.1,23.5,23.5,24.4,24.4
15.05,393.4,63.9,0.0,32.1,-3.3,2,3386,-0.0,-0.83,41.1,41.3,40.7,41.1,23.5,23.5,24.4,24.4
15.067,393.7,63.4,0.0,32.3,-3.8,2,3358,-0.01,-0.83,41.1,41.3,40.7,41.1,23.5,23.5,24.4,24.4
15.083,394.0,62.9,0.0,33.0,-4.4,2,3330,-0.01,-0.83,41.1,41.3,40.7,41.1,23.5,23.5,24.4,24.4
15.1,394.3,62.3,0.0,33.4,-4.9,2,3300,-0.02,-0.85,41.1,41.3,40.7,41.1,23.5,23.5,24.4,24.4
15.117,394.6,61.8,0.0,33.4,-5.4,2,3270,-0.02,-0.86,41.1,41.3,40.7,41.1,23.5,23.5,24.4,24.4
15.133,394.9,61.2,0.0,33.9,-5.9,2,3240,-0.03,-0.85,41.1,41.3,40.7,41.1,23.5,23.5,24.4,24.4
15.15,395.2,60.7,0.0,34.2,-6.3,2,3210,-0.03,-0.87,41.1,41.3,40.7,41.1,23.5,23.5,24.4,24.4
15.167,395.4,60.2,0.0,34.4,-6.7,2,3180,-0.03,-0.87,41.1,41.3,40.7,41.1,23.5,23.5,24.4,24.4
15.183,395.7,59.6,0.0,34.6,-7.0,2,3150,-0.04,-0.87,41.1,41.3,40.7,41.1,23.5,23.5,24.4,24.4
15.2,396.0,59.1,0.0,35.0,-7.2,2,3121,-0.04,-0.88,41.1,41.3,40.7,41.1,23.5,23.5,24.4,24.4
15.217,396.3,58.5,0.0,35.1,-7.4,2,3091,-0.04,-0.89,41.1,41.3,40.6,41.1,23.5,23.5,24.4,24.4
15.233,396.6,57.9,0.0,35.0,-7.5,2,3061,-0.04,-0.89,41.1,41.3,40.6,41.1,23.5,23.5,24.4,24.4
15.25,396.9,57.4,0.0,35.3,-7.6,2,3031,-0.04,-0.88,41.1,41.3,40.6,41.1,23.5,23.5,24.4,24.4
15.267,397.1,56.8,0.0,35.4,-7.7,2,3001,-0.04,-0.89,41.1,41.3,40.6,41.1,23.5,23.5,24.4,24.4
15.283,397.4,56.3,0.0,35.6,-7.7,2,2971,-0.04,-0.89,41.1,41.3,40.6,41.1,23.5,23.5,24.4,24.4
15.3,397.7,55.7,0.0,35.8,-7.7,2,2941,-0.03,-0.9,41.1,41.3,40.6,41.1,23.5,23.5,24.4,24.4
15.317,398.0,55.1,0.0,36.4,-7.7,2,2911,-0.03,-0.9,41.1,41.3,40.6,41.1,23.5,23.5,24.4,24.4
15.333,398.2,54.6,0.0,36.1,-7.7,2,2881,-0.03,-0.91,41.1,41.3,40.6,41.1,23.5,23.5,24.4,24.4
15.35,398.5,54.0,0.0,36.4,-7.8,2,2850,-0.03,-0.9,41.1,41.3,40.6,41.1,23.5,23.5,24.4,24.4
15.367,398.8,53.4,0.0,36.4,-7.8,2,2819,-0.03,-0.91,41.1,41.3,40.6,41.1,23.5,23.5,24.4,24.4
15.383,399.0,52.8,0.0,36.2,-7.9,2,2789,-0.03,-0.91,41.1,41.3,40.6,41.1,23.5,23.5,24.4,24.4
15.4,399.3,52.3,0.0,36.1,-8.1,2,2758,-0.03,-0.91,41.1,41.3,40.6,41.1,23.5,23.5,24.4,24.4
15.417,399.5,51.7,0.0,36.1,-8.2,2,2728,-0.03,-0.9,41.1,41.4,40.6,41.1,23.5,23.5,24.4,24.4
15.433,399.8,51.1,0.0,35.8,-8.4,2,2698,-0.03,-0.9,41.1,41.4,40.6,41.1,23.5,23.5,24.4,24.4
15.45,400.0,50.6,0.0,35.7,-8.5,2,2669,-0.03,-0.89,41.1,41.4,40.6,41.1,23.5,23.5,24.4,24.4
15.467,400.3,50.0,0.0,35.6,-8.7,2,2640,-0.03,-0.89,41.1,41.4,40.7,41.1,23.5,23.5,24.4,24.4
15.483,400.5,49.5,0.0,35.0,-8.9,2,2611,-0.03,-0.89,41.1,41.4,40.7,41.1,23.5,23.5,24.4,24.4
15.5,400.8,48.9,0.0,34.7,-9.1,2,2583,-0.03,-0.87,41.1,41.4,40.7,41.1,23.5,23.5,24.4,24.4
15.517,401.0,48.3,0.0,34.4,-9.3,2,2554,-0.03,-0.87,41.1,41.4,40.7,41.1,23.5,23.5,24.4,24.4
15.533,401.2,47.8,0.0,34.1,-9.6,2,2526,-0.03,-0.86,41.1,41.4,40.7,41.1,23.5,23.5,24.4,24.4
15.55,401.5,47.3,0.0,33.7,-9.9,2,2499,-0.03,-0.85,41.1,41.4,40.7,41.1,23.5,23.5,24.4,24.4
15.567,401.7,46.7,0.0,33.7,-10.2,2,2471,-0.03,-0.84,41.1,41.4,40.7,41.1,23.5,23.5,24.4,24.4
15.583,401.9,46.2,0.0,33.3,-10.6,2,2444,-0.03,-0.84,41.1,41.4,40.7,41.1,23.5,23.5,24.4,24.4
15.6,402.2,45.7,0.0,33.0,-10.9,2,2417,-0.03,-0.83,41.1,41.4,40.7,41.1,23.5,23.5,24.4,24.4
15.617,402.4,45.1,0.0,32.9,-11.0,2,2389,-0.03,-0.83,41.1,41.4,40.7,41.1,23.5,23.5,24.4,24.4
15.633,402.6,44.6,0.0,32.7,-11.2,2,2362,-0.03,-0.82,41.1,41.4,40.7,41.1,23.5,23.5,24.4,24.4
15.65,402.8,44.1,0.0,32.6,-11.3,2,2335,-0.03,-0.82,41.1,41.4,40.7,41.1,23.5,23.5,24.4,24.4
15.667,403.0,43.6,0.0,32.7,-11.4,2,2308,-0.03,-0.81,41.1,41.4,40.7,41.1,23.5,23.5,24.4,24.4
15.683,403.3,43.1,0.0,32.6,-11.5,2,2281,-0.03,-0.82,41.1,41.4,40.7,41.1,23.5,23.5,24.4,24.4
15.7,403.5,42.6,0.0,32.5,-11.5,2,2253,-0.02,-0.81,41.1,41.4,40.7,41.1,23.5,23.5,24.4,24.4
15.717,403.7,42.0,0.0,32.3,-11.5,2,2226,-0.02,-0.81,41.1,41.4,40.7,41.1,23.5,23.5,24.4,24.4
15.733,403.9,41.5,0.0,32.3,-11.5,2,2199,-0.02,-0.81,41.1,41.4,40.7,41.1,23.5,23.5,24.4,24.4
15.75,404.1,41.0,0.0,32.2,-11.4,2,2172,-0.02,-0.81,41.1,41.4,40.7,41.1,23.5,23.5,24.4,24.4
15.767,404.3,40.5,0.0,31.9,-11.2,2,2145,-0.01,-0.8,41.1,41.4,40.7,41.1,23.5,23.5,24.4,24.4
15.783,404.5,40.0,0.0,32.2,-11.1,2,2118,-0.01,-0.79,41.1,41.4,40.7,41.1,23.5,23.5,24.4,24.4
15.8,404.7,39.5,0.0,31.9,-10.9,2,2092,-0.01,-0.81,41.2,41.4,40.7,41.1,23.5,23.5,24.4,24.4
15.817,404.9,39.0,0.0,31.8,-10.7,2,2067,-0.01,-0.82,41.2,41.4,40.7,41.1,23.5,23.5,24.4,24.4
15.833,405.1,38.5,0.0,31.7,-10.4,2,2047,-0.0,-0.79,41.2,41.4,40.7,41.1,23.5,23.5,24.4,24.4
15.85,405.3,38.0,0.0,31.4,-10.1,2,2028,-0.0,-0.8,41.2,41.4,40.7,41.1,23.5,23.5,24.4,24.4
15.867,405.5,37.5,0.0,31.4,-9.8,2,2007,0.0,-0.79,41.2,41.4,40.7,41.1,23.5,23.5,24.4,24.4
15.883,405.7,37.0,0.0,31.3,-9.3,2,1984,0.0,-0.78,41.2,41.4,40.7,41.1,23.5,23.5,24.4,24.4
15.9,405.8,36.5,0.0,31.0,-8.9,2,1957,0.01,-0.77,41.2,41.4,40.7,41.1,23.5,23.5,24.4,24.4
15.917,406.0,36.0,0.0,30.7,-8.2,2,1928,0.02,-0.76,41.2,41.5,40.7,41.1,23.5,23.5,24.4,24.4
15.933,406.2,35.5,0.0,30.7,-7.5,2,1897,0.02,-0.75,41.2,41.5,40.7,41.1,23.5,23.5,24.4,24.4
15.95,406.4,35.0,0.0,30.5,-6.7,2,1866,0.03,-0.76,41.2,41.5,40.7,41.1,23.5,23.5,24.4,24.4
15.967,406.6,34.5,0.0,30.0,-5.9,2,1837,0.03,-0.75,41.2,41.5,40.7,41.1,23.5,23.5,24.4,24.4
15.983,406.7,34.1,0.0,30.0,-5.2,2,1810,0.03,-0.74,41.2,41.5,40.7,41.1,23.5,23.5,24.4,24.4
16.0,406.9,33.6,0.0,29.8,-4.6,2,1786,0.03,-0.75,41.2,41.5,40.7,41.1,23.5,23.5,24.4,24.4
16.017,407.1,33.1,0.0,29.4,-4.1,2,1764,0.04,-0.74,41.2,41.5,40.7,41.1,23.5,23.5,24.4,24.4
16.033,407.2,32.6,0.0,29.0,-3.7,2,1742,0.04,-0.73,41.2,41.5,40.7,41.1,23.5,23.5,24.4,24.4
16.05,407.4,32.2,0.0,28.8,-3.4,2,1721,0.04,-0.72,41.2,41.5,40.7,41.1,23.5,23.5,24.4,24.4
16.067,407.6,31.7,0.0,28.3,-3.3,2,1698,0.04,-0.72,41.2,41.5,40.7,41.1,23.5,23.5,24.4,24.4
16.083,407.7,31.3,0.0,28.2,-3.2,2,1674,0.03,-0.7,41.2,41.5,40.7,41.1,23.5,23.5,24.4,24.4
16.1,407.9,30.8,0.0,27.8,-3.3,2,1649,0.03,-0.7,41.2,41.5,40.7,41.1,23.5,23.5,24.4,24.4
16.117,408.0,30.4,0.0,27.2,-3.3,2,1623,0.03,-0.69,41.2,41.5,40.7,41.1,23.5,23.5,24.4,24.4
16.133,408.2,29.9,0.0,27.1,-3.4,2,1597,0.03,-0.67,41.2,41.5,40.7,41.1,23.5,23.5,24.4,24.4
16.15,408.3,29.5,0.0,27.2,-3.4,2,1573,0.02,-0.67,41.2,41.5,40.7,41.1,23.5,23.5,24.4,24.4
16.167,408.5,29.1,0.0,27.0,-3.3,2,1551,0.02,-0.68,41.2,41.5,40.7,41.1,23.5,23.5,24.4,24.4
16.183,408.6,28.6,0.0,26.7,-3.1,2,1530,0.02,-0.67,41.2,41.5,40.8,41.1,23.5,23.5,24.4,24.4
16.2,408.8,28.2,0.0,26.4,-2.9,2,1510,0.02,-0.66,41.2,41.5,40.8,41.1,23.5,23.5,24.4,24.4
16.217,408.9,27.8,0.0,25.9,-2.5,2,1490,0.03,-0.65,41.2,41.5,40.8,41.1,23.5,23.5,24.4,24.4
16.233,409.0,27.4,0.0,25.2,-2.0,2,1470,0.03,-0.63,41.2,41.5,40.8,41.1,23.5,23.5,24.4,24.4
16.25,409.2,27.0,0.0,25.1,-1.4,2,1448,0.03,-0.61,41.2,41.5,40.8,41.1,23.5,23.5,24.4,24.4
16.267,409.3,26.6,0.0,24.3,-0.8,2,1426,0.04,-0.61,41.2,41.5,40.8,41.1,23.5,23.5,24.4,24.4
16.283,409.5,26.2,0.0,23.6,-0.2,2,1404,0.04,-0.59,41.2,41.5,40.8,41.1,23.5,23.5,24.4,24.4
16.3,409.6,25.8,0.0,22.5,0.4,2,1383,0.04,-0.57,41.2,41.5,40.8,41.1,23.5,23.5,24.4,24.4
16.317,409.7,25.4,0.0,22.0,1.1,2,1362,0.04,-0.54,41.3,41.5,40.8,41.2,23.5,23.5,24.4,24.4
16.333,409.8,25.1,0.0,21.1,1.6,2,1344,0.05,-0.53,41.3,41.5,40.8,41.2,23.5,23.5,24.4,24.4
16.35,410.0,24.7,0.0,20.3,2.1,2,1326,0.05,-0.51,41.3,41.5,40.8,41.2,23.5,23.5,24.4,24.4
16.367,410.1,24.4,0.0,20.0,2.5,2,1310,0.05,-0.49,41.3,41.5,40.8,41.2,23.5,23.5,24.4,24.4
16.383,410.2,24.1,0.0,18.9,2.8,2,1295,0.04,-0.49,41.3,41.5,40.8,41.2,23.5,23.5,24.4,24.4
16.4,410.3,23.7,0.0,18.4,3.0,2,1280,0.04,-0.46,41.3,41.5,40.8,41.2,23.5,23.5,24.4,24.4
16.417,410.5,23.4,0.0,17.3,3.1,2,1267,0.04,-0.45,41.3,41.6,40.8,41.2,23.5,23.5,24.4,24.4
16.433,410.6,23.2,0.0,16.6,3.1,2,1255,0.04,-0.42,41.3,41.6,40.8,41.2,23.5,23.5,24.4,24.4
16.45,410.7,22.9,0.0,16.6,3.1,2,1243,0.03,-0.4,41.3,41.6,40.8,41.2,23.5,23.5,24.4,24.4
16.467,410.8,22.6,0.0,16.6,2.9,2,1232,0.03,-0.41,41.3,41.6,40.8,41.2,23.5,23.5,24.4,24.4
16.483,410.9,22.3,0.0,16.8,2.8,2,1222,0.03,-0.41,41.3,41.6,40.8,41.2,23.5,23.5,24.4,24.4
16.5,411.0,22.0,0.0,16.8,2.7,2,1213,0.03,-0.41,41.3,41.6,40.8,41.2,23.5,23.5,24.4,24.4
16.517,411.2,21.7,0.0,17.0,2.5,2,1204,0.03,-0.41,41.3,41.6,40.9,41.2,23.5,23.5,24.4,24.4
16.533,411.3,21.5,0.0,17.3,2.5,2,1196,0.03,-0.42,41.3,41.6,40.9,41.2,23.5,23.5,24.4,24.4
16.55,411.4,21.2,0.0,17.9,2.4,2,1188,0.03,-0.43,41.3,41.6,40.9,41.2,23.5,23.5,24.4,24.4
16.567,411.5,20.9,0.0,18.7,2.4,2,1181,0.03,-0.44,41.3,41.6,40.9,41.2,23.5,23.5,24.4,24.4
16.583,411.6,20.6,0.0,19.5,2.4,2,1174,0.03,-0.46,41.3,41.6,40.9,41.2,23.5,23.5,24.4,24.4
16.6,411.7,20.3,0.0,20.0,2.5,2,1168,0.03,-0.48,41.3,41.6,40.9,41.2,23.5,23.5,24.4,24.4
16.617,411.8,19.9,0.0,21.9,2.6,2,1162,0.03,-0.49,41.3,41.6,40.9,41.2,23.5,23.5,24.4,24.4
16.633,412.0,19.6,0.0,22.7,2.7,2,1148,0.04,-0.54,41.3,41.6,40.9,41.2,23.5,23.5,24.4,24.4
16.65,412.1,19.2,0.0,23.9,2.8,2,1096,0.03,-0.52,41.3,41.6,40.9,41.2,23.5,23.5,24.4,24.4
16.667,412.2,18.9,0.0,24.4,2.9,2,1030,0.03,-0.52,41.4,41.6,40.9,41.3,23.5,23.5,24.4,24.4
16.683,412.3,18.5,0.0,24.7,2.9,2,967,0.03,-0.54,41.4,41.6,40.9,41.3,23.5,23.5,24.4,24.4
16.7,412.4,18.2,0.0,24.4,2.9,2,933,0.03,-0.57,41.4,41.6,40.9,41.3,23.5,23.5,24.4,24.4
16.717,412.5,17.8,0.0,24.3,2.8,2,942,0.03,-0.61,41.4,41.6,40.9,41.3,23.5,23.5,24.4,24.4
16.733,412.6,17.4,0.0,24.3,2.8,2,955,0.04,-0.58,41.4,41.6,40.9,41.3,23.5,23.5,24.4,24.4
16.75,412.7,17.0,0.0,24.0,2.7,2,966,0.03,-0.59,41.4,41.7,40.9,41.3,23.5,23.5,24.4,24.4
16.767,412.7,16.6,0.0,24.2,2.6,2,976,0.03,-0.58,41.4,41.7,41.0,41.3,23.5,23.5,24.4,24.4
16.783,412.8,16.2,0.0,23.8,2.5,2,984,0.03,-0.58,41.4,41.7,41.0,41.3,23.5,23.5,24.4,24.4
16.8,412.9,15.9,0.0,23.4,2.4,2,989,0.03,-0.58,41.4,41.7,41.0,41.3,23.5,23.5,24.4,24.4
16.817,413.0,15.5,0.0,23.1,2.2,2,992,0.03,-0.56,41.4,41.7,41.0,41.3,23.5,23.5,24.4,24.4
16.833,413.1,15.1,0.0,23.2,2.2,2,995,0.03,-0.56,41.4,41.7,41.0,41.3,23.5,23.5,24.4,24.4
16.85,413.2,14.8,0.0,23.2,2.1,2,1000,0.03,-0.56,41.4,41.7,41.0,41.3,23.5,23.5,24.4,24.4
16.867,413.3,14.4,0.0,23.2,2.1,2,1010,0.02,-0.56,41.4,41.7,41.0,41.3,23.5,23.5,24.4,24.4
16.883,413.3,14.0,0.0,23.4,2.1,2,1022,0.02,-0.56,41.4,41.7,41.0,41.3,23.5,23.5,24.4,24.4
16.9,413.4,13.7,0.0,23.1,2.1,2,1033,0.02,-0.57,41.4,41.7,41.0,41.3,23.5,23.5,24.4,24.4
16.917,413.5,13.3,0.0,22.9,2.1,2,1039,0.03,-0.56,41.4,41.7,41.0,41.4,23.5,23.5,24.4,24.4
16.933,413.5,12.9,0.0,23.1,2.1,2,1038,0.03,-0.55,41.5,41.7,41.0,41.4,23.5,23.5,24.4,24.4
16.95,413.6,12.5,0.0,23.1,2.1,2,1034,0.03,-0.57,41.5,41.7,41.0,41.4,23.5,23.5,24.4,24.4
16.967,413.7,12.2,0.0,22.9,2.1,2,1035,0.03,-0.55,41.5,41.7,41.0,41.4,23.5,23.5,24.4,24.4
16.983,413.7,11.8,0.0,22.9,2.1,2,1044,0.02,-0.55,41.5,41.7,41.0,41.4,23.5,23.5,24.4,24.4
17.0,413.8,11.4,0.0,22.9,2.1,2,1057,0.02,-0.56,41.5,41.7,41.1,41.4,23.5,23.5,24.4,24.4
17.017,413.9,11.1,0.0,22.9,2.1,2,1063,0.03,-0.55,41.5,41.7,41.1,41.4,23.5,23.5,24.4,24.4
17.033,413.9,10.7,0.0,23.1,2.1,2,1061,0.04,-0.56,41.5,41.8,41.1,41.4,23.5,23.5,24.4,24.4
17.05,414.0,10.3,0.0,23.2,2.1,2,1054,0.04,-0.56,41.5,41.8,41.1,41.4,23.5,23.5,24.4,24.4
17.067,414.0,10.0,0.0,23.1,2.2,2,1055,0.03,-0.56,41.5,41.8,41.1,41.4,23.5,23.5,24.4,24.4
17.083,414.1,9.6,0.0,23.1,2.2,2,1065,0.02,-0.56,41.5,41.8,41.1,41.4,23.5,23.5,24.4,24.4
17.1,414.2,9.2,0.0,22.8,2.2,2,1076,0.03,-0.56,41.5,41.8,41.1,41.4,23.5,23.5,24.4,24.4
17.117,414.2,8.9,0.0,22.7,2.2,2,1077,0.03,-0.55,41.5,41.8,41.1,41.4,23.5,23.5,24.4,24.4
17.133,414.3,8.5,0.0,22.8,2.3,2,1069,0.04,-0.55,41.5,41.8,41.1,41.5,23.5,23.5,24.4,24.4
17.15,414.3,8.2,0.0,22.5,2.4,2,1065,0.03,-0.55,41.5,41.8,41.1,41.5,23.5,23.5,24.4,24.4
17.167,414.3,7.8,0.0,22.1,2.4,2,1072,0.02,-0.54,41.6,41.8,41.1,41.5,23.5,23.5,24.4,24.4
17.183,414.4,7.4,0.0,21.7,2.5,2,1084,0.02,-0.53,41.6,41.8,41.1,41.5,23.5,23.5,24.4,24.4
17.2,414.4,7.1,0.0,21.5,2.5,2,1087,0.03,-0.52,41.6,41.8,41.2,41.5,23.5,23.5,24.4,24.4
17.217,414.5,6.7,0.0,21.1,2.6,2,1079,0.03,-0.52,41.6,41.8,41.2,41.5,23.5,23.5,24.4,24.4
17.233,414.5,6.4,0.0,20.4,2.7,2,1072,0.03,-0.51,41.6,41.8,41.2,41.5,23.5,23.5,24.4,24.4
17.25,414.5,6.1,0.0,20.1,2.7,2,1079,0.02,-0.49,41.6,41.8,41.2,41.5,23.5,23.5,24.4,24.4
17.267,414.6,5.7,0.0,18.7,2.6,2,1091,0.02,-0.49,41.6,41.9,41.2,41.5,23.5,23.5,24.4,24.4
17.283,414.6,5.4,0.0,17.7,2.6,2,1093,0.03,-0.44,41.6,41.9,41.2,41.5,23.5,23.5,24.4,24.4
17.3,414.6,5.1,0.0,15.4,2.5,2,1086,0.03,-0.42,41.6,41.9,41.2,41.5,23.5,23.5,24.4,24.4
17.317,414.7,4.9,0.0,14.0,2.4,2,1080,0.03,-0.36,41.6,41.9,41.2,41.6,23.5,23.5,24.4,24.4
17.333,414.7,4.6,0.0,10.7,2.2,2,1088,0.02,-0.33,41.6,41.9,41.2,41.6,23.5,23.5,24.4,24.4
17.35,414.7,4.4,0.0,9.4,2.1,2,1098,0.03,-0.24,41.7,41.9,41.2,41.6,23.5,23.5,24.4,24.4
17.367,414.7,4.3,0.0,6.6,1.9,2,1100,0.03,-0.23,41.7,41.9,41.3,41.6,23.5,23.5,24.4,24.4
17.383,414.8,4.1,0.0,3.9,1.7,2,1100,0.03,-0.15,41.7,41.9,41.3,41.6,23.5,23.5,24.4,24.4
17.4,414.8,4.0,0.0,2.7,1.4,2,1100,0.03,-0.09,41.7,41.9,41.3,41.6,23.5,23.5,24.4,24.4
17.417,414.8,3.9,4.2,0.4,1.2,2,1109,0.02,-0.08,41.7,41.9,41.3,41.6,23.5,23.5,24.4,24.4
17.433,414.8,3.9,10.0,0.0,0.9,2,1156,0.03,-0.01,41.7,42.0,41.3,41.6,23.5,23.5,24.4,24.4
17.45,414.9,3.8,16.3,0.0,0.6,2,1211,0.02,-0.01,41.7,42.0,41.3,41.6,23.5,23.5,24.4,24.4
17.467,414.9,3.8,24.8,0.0,0.3,2,1229,0.08,0.04,41.7,42.0,41.3,41.6,23.5,23.5,24.4,24.4
17.483,414.9,3.9,31.3,0.0,-0.1,2,1195,-0.03,0.45,41.7,42.0,41.4,41.7,23.5,23.5,24.4,24.4
17.5,414.9,3.9,38.0,0.0,-0.5,2,1186,0.04,-0.06,41.8,42.0,41.4,41.7,23.5,23.5,24.4,24.4
17.517,414.9,4.0,44.6,0.0,-0.9,2,1177,0.04,0.23,41.8,42.0,41.4,41.8,23.5,23.5,24.4,24.4
17.533,415.0,4.1,50.7,0.0,-1.3,2,1169,0.01,0.18,41.8,42.0,41.5,41.8,23.5,23.5,24.4,24.4
17.55,415.0,4.1,57.9,0.0,-1.9,2,1159,0.03,0.17,41.8,42.0,41.5,41.8,23.5,23.5,24.4,24.4
17.567,415.0,4.2,62.2,0.0,-2.4,2,1152,0.03,0.2,41.8,42.0,41.5,41.9,23.5,23.5,24.4,24.4
17.583,415.0,4.3,64.8,0.0,-3.1,2,1148,0.02,0.19,41.8,42.0,41.6,41.9,23.5,23.5,24.4,24.4
17.6,415.1,4.3,68.8,0.0,-3.6,2,1142,0.02,0.2,41.8,42.0,41.6,41.9,23.5,23.5,24.4,24.4
17.617,415.1,4.4,71.6,0.0,-4.2,2,1137,0.02,0.2,41.8,42.1,41.6,41.9,23.5,23.5,24.4,24.4
17.633,415.1,4.5,76.1,0.0,-4.7,2,1130,0.02,0.2,41.8,42.1,41.6,42.0,23.5,23.5,24.4,24.4
17.65,415.1,4.6,80.0,0.0,-5.1,2,1124,0.02,0.2,41.8,42.1,41.7,42.0,23.5,23.5,24.4,24.4
17.667,415.2,4.6,83.9,0.0,-5.6,2,1117,0.02,0.2,41.8,42.1,41.7,42.0,23.5,23.5,24.4,24.4
17.683,415.2,4.7,87.5,0.0,-6.0,2,1111,0.02,0.2,41.9,42.1,41.7,42.0,23.5,23.5,24.4,24.4
17.7,415.2,4.8,91.1,0.0,-6.5,2,1105,0.02,0.2,41.9,42.1,41.7,42.0,23.5,23.5,24.4,24.4
17.717,415.2,4.9,92.6,0.0,-6.8,2,1102,0.03,0.2,41.9,42.1,41.7,42.0,23.5,23.5,24.4,24.4
17.733,415.3,4.9,93.5,0.0,-7.1,2,1101,0.03,0.2,41.9,42.1,41.7,42.0,23.5,23.5,24.4,24.4
17.75,415.3,5.0,94.1,0.0,-7.4,2,1091,0.04,0.18,41.9,42.1,41.7,42.0,23.5,23.5,24.4,24.4
17.767,415.3,5.1,94.2,0.0,-7.5,2,1091,0.03,0.19,41.9,42.1,41.7,42.1,23.5,23.5,24.4,24.4
17.783,415.4,5.2,94.2,0.0,-7.7,2,1106,0.02,0.2,41.9,42.1,41.8,42.1,23.5,23.5,24.4,24.4
17.8,415.4,5.2,94.2,0.0,-7.8,2,1103,0.02,0.19,41.9,42.1,41.8,42.1,23.5,23.5,24.4,24.4
17.817,415.4,5.3,94.3,0.0,-7.8,2,1095,0.03,0.18,41.9,42.1,41.8,42.1,23.5,23.5,24.4,24.4
17.833,415.4,5.4,94.3,0.0,-7.8,2,1088,0.04,0.18,41.9,42.2,41.8,42.1,23.5,23.5,24.4,24.4
17.85,415.5,5.4,94.5,0.0,-7.8,2,1095,0.03,0.19,41.9,42.2,41.8,42.1,23.5,23.5,24.4,24.4
17.867,415.5,5.5,94.8,0.0,-7.8,2,1102,0.02,0.2,41.9,42.2,41.8,42.1,23.5,23.5,24.4,24.4
17.883,415.5,5.6,95.4,0.0,-7.8,2,1098,0.02,0.18,41.9,42.2,41.8,42.1,23.5,23.5,24.4,24.4
17.9,415.6,5.6,96.5,0.0,-7.7,2,1089,0.04,0.18,42.0,42.2,41.8,42.1,23.5,23.5,24.4,24.4
17.917,415.6,5.7,97.4,0.0,-7.7,2,1083,0.04,0.19,42.0,42.2,41.8,42.1,23.5,23.5,24.4,24.4
17.933,415.6,5.8,98.3,0.0,-7.6,2,1095,0.02,0.21,42.0,42.2,41.8,42.1,23.5,23.5,24.4,24.4
17.95,415.7,5.8,99.2,0.0,-7.6,2,1098,0.02,0.2,42.0,42.2,41.8,42.1,23.5,23.5,24.4,24.4
17.967,415.7,5.9,100.0,0.0,-7.5,2,1092,0.02,0.2,42.0,42.2,41.8,42.1,23.5,23.5,24.4,24.4
17.983,415.7,6.0,100.0,0.0,-7.3,2,1080,0.03,0.18,42.0,42.2,41.9,42.2,23.5,23.5,24.4,24.4
18.0,415.8,6.1,100.0,0.0,-7.0,2,1081,0.03,0.2,42.0,42.2,41.9,42.2,23.5,23.5,24.4,24.4
18.017,415.8,6.1,100.0,0.0,-6.6,2,1095,0.02,0.2,42.0,42.2,41.9,42.2,23.5,23.5,24.4,24.4
18.033,415.8,6.2,100.0,0.0,-5.9,2,1097,0.02,0.2,42.0,42.2,41.9,42.2,23.5,23.5,24.4,24.4
18.05,415.9,6.3,100.0,0.0,-5.1,2,1089,0.03,0.19,42.0,42.2,41.9,42.2,23.5,23.5,24.4,24.4
18.067,415.9,6.4,100.0,0.0,-4.2,2,1079,0.04,0.19,42.0,42.2,41.9,42.2,23.5,23.5,24.4,24.4
18.083,415.9,6.4,100.0,0.0,-3.1,2,1084,0.04,0.2,42.0,42.3,41.9,42.2,23.5,23.5,24.4,24.4
18.1,416.0,6.5,100.0,0.0,-1.8,2,1098,0.03,0.2,42.0,42.3,41.9,42.2,23.5,23.5,24.4,24.4
18.117,416.0,6.6,100.0,0.0,-0.3,2,1097,0.03,0.2,42.0,42.3,41.9,42.2,23.5,23.5,24.4,24.4
18.133,416.0,6.7,100.0,0.0,1.4,2,1086,0.05,0.19,42.0,42.3,41.9,42.2,23.5,23.5,24.4,24.4
18.15,416.1,6.7,100.0,0.0,2.9,2,1078,0.05,0.19,42.1,42.3,41.9,42.2,23.5,23.5,24.4,24.4
18.167,416.1,6.8,100.0,0.0,4.9,2,1087,0.04,0.2,42.1,42.3,41.9,42.2,23.5,23.5,24.4,24.4
18.183,416.2,6.9,100.0,0.0,6.8,2,1100,0.03,0.19,42.1,42.3,41.9,42.2,23.5,23.5,24.4,24.4
18.2,416.2,6.9,100.0,0.0,8.5,2,1090,0.04,0.19,42.1,42.3,41.9,42.2,23.5,23.5,24.4,24.4
18.217,416.2,7.0,100.0,0.0,10.3,2,1083,0.05,0.19,42.1,42.3,41.9,42.2,23.5,23.5,24.4,24.4
18.233,416.3,7.1,100.0,0.0,12.1,2,1079,0.05,0.19,42.1,42.3,42.0,42.2,23.5,23.5,24.4,24.4
18.25,416.3,7.2,100.0,0.0,13.9,2,1091,0.04,0.2,42.1,42.3,42.0,42.3,23.5,23.5,24.4,24.4
18.267,416.4,7.2,100.0,0.0,15.4,2,1096,0.03,0.2,42.1,42.3,42.0,42.3,23.5,23.5,24.4,24.4
18.283,416.4,7.3,100.0,0.0,17.0,2,1095,0.04,0.19,42.1,42.3,42.0,42.3,23.5,23.5,24.4,24.4
18.3,416.4,7.4,100.0,0.0,18.5,2,1081,0.05,0.19,42.1,42.3,42.0,42.3,23.5,23.5,24.4,24.4
18.317,416.5,7.4,100.0,0.0,20.3,2,1080,0.05,0.19,42.1,42.3,42.0,42.3,23.5,23.5,24.4,24.4
18.333,416.5,7.5,100.0,0.0,22.0,2,1094,0.04,0.2,42.1,42.3,42.0,42.3,23.5,23.5,24.4,24.4
18.35,416.6,7.6,100.0,0.0,23.3,2,1097,0.03,0.2,42.1,42.3,42.0,42.3,23.5,23.5,24.4,24.4
18.367,416.6,7.7,100.0,0.0,25.1,2,1090,0.04,0.19,42.1,42.4,42.0,42.3,23.5,23.5,24.4,24.4
18.383,416.6,7.7,100.0,0.0,26.4,2,1079,0.05,0.19,42.1,42.4,42.0,42.3,23.5,23.5,24.4,24.4
18.4,416.7,7.8,100.0,0.0,27.7,2,1083,0.05,0.19,42.1,42.4,42.0,42.3,23.5,23.5,24.4,24.4
18.417,416.7,7.9,100.0,0.0,29.1,2,1098,0.03,0.2,42.2,42.4,42.0,42.3,23.5,23.5,24.4,24.4
18.433,416.8,8.0,100.0,0.0,30.2,2,1097,0.03,0.2,42.2,42.4,42.0,42.3,23.5,23.5,24.4,24.4
18.45,416.8,8.0,100.0,0.0,31.1,2,1087,0.04,0.19,42.2,42.4,42.0,42.3,23.5,23.5,24.4,24.4
18.467,416.9,8.1,100.0,0.0,31.8,2,1078,0.05,0.19,42.2,42.4,42.0,42.3,23.5,23.5,24.4,24.4
18.483,416.9,8.2,100.0,0.0,32.4,2,1086,0.04,0.2,42.2,42.4,42.1,42.3,23.5,23.5,24.4,24.4
18.5,417.0,8.2,100.0,0.0,32.9,2,1100,0.03,0.2,42.2,42.4,42.1,42.3,23.5,23.5,24.4,24.4
18.517,417.0,8.3,100.0,0.0,33.1,2,1090,0.03,0.2,42.2,42.4,42.1,42.3,23.5,23.5,24.4,24.4
18.533,417.1,8.4,100.0,0.0,33.2,2,1083,0.04,0.18,42.2,42.4,42.1,42.3,23.5,23.5,24.4,24.4
18.55,417.1,8.5,100.0,0.0,33.1,2,1078,0.05,0.19,42.2,42.4,42.1,42.3,23.5,23.5,24.4,24.4
18.567,417.1,8.5,100.0,0.0,32.8,2,1089,0.03,0.2,42.2,42.4,42.1,42.4,23.5,23.5,24.4,24.4
18.583,417.2,8.6,100.0,0.0,32.4,2,1095,0.02,0.19,42.2,42.4,42.1,42.4,23.5,23.5,24.4,24.4
18.6,417.2,8.7,100.0,0.0,31.8,2,1095,0.02,0.2,42.2,42.4,42.1,42.4,23.5,23.5,24.4,24.4
18.617,417.3,8.7,100.0,0.0,31.1,2,1081,0.03,0.19,42.2,42.4,42.1,42.4,23.5,23.5,24.4,24.4
18.633,417.3,8.8,100.0,0.0,30.2,2,1079,0.03,0.19,42.2,42.4,42.1,42.4,23.5,23.5,24.4,24.4
18.65,417.4,8.9,100.0,0.0,29.3,2,1093,0.02,0.2,42.2,42.4,42.1,42.4,23.5,23.5,24.4,24.4
18.667,417.4,8.9,100.0,0.0,28.2,2,1096,0.01,0.19,42.2,42.4,42.1,42.4,23.5,23.5,24.4,24.4
18.683,417.5,9.0,100.0,0.0,27.0,2,1091,0.02,0.2,42.2,42.4,42.1,42.4,23.5,23.5,24.4,24.4
18.7,417.5,9.1,100.0,0.0,25.8,2,1079,0.03,0.19,42.3,42.5,42.1,42.4,23.5,23.5,24.4,24.4
18.717,417.6,9.2,100.0,0.0,24.6,2,1082,0.03,0.2,42.3,42.5,42.1,42.4,23.5,23.5,24.4,24.4
18.733,417.6,9.2,100.0,0.0,23.4,2,1096,0.01,0.2,42.3,42.5,42.1,42.4,23.5,23.5,24.4,24.4
18.75,417.7,9.3,100.0,0.0,21.9,2,1097,0.01,0.2,42.3,42.5,42.1,42.4,23.5,23.5,24.4,24.4
18.767,417.8,9.3,100.0,0.0,20.7,1,1337,0.04,-0.17,42.3,42.5,42.2,42.4,23.5,23.5,24.4,24.4
18.783,417.8,9.2,100.0,0.0,19.4,1,1609,0.04,0.04,42.3,42.5,42.2,42.4,23.5,23.5,24.4,24.4
18.8,417.9,9.3,100.0,0.0,18.1,1,1687,0.02,0.33,42.3,42.5,42.3,42.5,23.5,23.5,24.4,24.4
18.817,417.9,9.5,100.0,0.0,17.0,1,1541,0.0,0.49,42.3,42.5,42.3,42.5,23.5,23.5,24.4,24.4
18.833,418.0,9.8,100.0,0.0,15.9,1,1233,0.01,0.72,42.3,42.5,42.4,42.5,23.5,23.5,24.4,24.4
18.85,418.0,10.2,100.0,0.0,14.8,1,1078,-0.03,0.6,42.3,42.5,42.4,42.5,23.5,23.5,24.4,24.4
18.867,418.1,10.2,100.0,0.0,13.4,1,1086,0.06,-0.08,42.3,42.5,42.5,42.6,23.5,23.5,24.4,24.4
18.883,418.1,10.2,100.0,0.0,12.3,1,1102,0.05,0.32,42.3,42.5,42.6,42.7,23.5,23.5,24.4,24.4
18.9,418.2,10.4,100.0,0.0,11.1,1,1093,0.03,0.33,42.3,42.5,42.6,42.7,23.5,23.5,24.4,24.4
18.917,418.2,10.5,100.0,0.0,10.0,1,1082,0.03,0.23,42.3,42.5,42.6,42.8,23.5,23.5,24.4,24.4
18.933,418.3,10.6,100.0,0.0,8.9,1,1076,0.07,0.25,42.3,42.5,42.7,42.8,23.5,23.5,24.4,24.4
18.95,418.4,10.7,100.0,0.0,7.9,1,1089,0.02,0.27,42.3,42.5,42.7,42.8,23.5,23.5,24.4,24.4
18.967,418.4,10.9,100.0,0.0,6.8,1,1095,0.01,0.28,42.3,42.5,42.7,42.8,23.5,23.5,24.4,24.4
18.983,418.5,11.0,100.0,0.0,5.6,1,1092,0.01,0.25,42.3,42.5,42.7,42.8,23.5,23.5,24.4,24.4
19.0,418.6,11.1,100.0,0.0,4.6,1,1076,0.02,0.28,42.3,42.5,42.7,42.9,23.5,23.5,24.4,24.4
19.017,418.6,11.2,100.0,0.0,3.7,1,1073,0.01,0.28,42.3,42.5,42.7,42.9,23.5,23.5,24.4,24.4
19.033,418.7,11.3,100.0,0.0,2.6,1,1084,0.0,0.26,42.3,42.5,42.7,42.9,23.5,23.5,24.4,24.4
19.05,418.7,11.4,100.0,0.0,1.8,1,1090,-0.0,0.28,42.4,42.5,42.7,42.9,23.5,23.5,24.4,24.4
19.067,418.8,11.6,100.0,0.0,0.9,1,1080,0.01,0.27,42.4,42.5,42.8,42.9,23.5,23.5,24.4,24.4
19.083,418.9,11.7,100.0,0.0,0.3,1,1065,0.03,0.26,42.4,42.5,42.8,42.9,23.5,23.5,24.4,24.4
19.1,418.9,11.8,100.0,0.0,-0.4,1,1059,0.03,0.27,42.4,42.5,42.8,42.9,23.5,23.5,24.4,24.4
19.117,419.0,11.9,100.0,0.0,-1.0,1,1069,0.02,0.27,42.4,42.6,42.8,42.9,23.5,23.5,24.4,24.4
19.133,419.1,12.0,100.0,0.0,-1.7,1,1078,0.02,0.27,42.4,42.6,42.8,42.9,23.5,23.5,24.4,24.4
19.15,419.1,12.1,100.0,0.0,-2.3,1,1072,0.02,0.27,42.4,42.6,42.8,42.9,23.5,23.5,24.4,24.4
19.167,419.2,12.2,100.0,0.0,-2.8,1,1058,0.02,0.27,42.4,42.6,42.8,42.9,23.5,23.5,24.4,24.4
19.183,419.3,12.4,100.0,0.0,-3.3,1,1046,0.03,0.27,42.4,42.6,42.8,42.9,23.5,23.5,24.4,24.4
19.2,419.3,12.5,100.0,0.0,-3.6,1,1047,0.02,0.26,42.4,42.6,42.8,42.9,23.5,23.5,24.4,24.4
19.217,419.4,12.6,100.0,0.0,-3.9,1,1059,0.02,0.27,42.4,42.6,42.8,42.9,23.5,23.5,24.4,24.4
19.233,419.5,12.7,100.0,0.0,-4.1,1,1063,0.01,0.27,42.4,42.6,42.8,42.9,23.5,23.5,24.4,24.4
19.25,419.6,12.8,100.0,0.0,-4.2,1,1055,0.02,0.27,42.4,42.6,42.8,42.9,23.5,23.5,24.4,24.4
19.267,419.6,12.9,100.0,0.0,-4.2,1,1045,0.03,0.26,42.4,42.6,42.8,42.9,23.5,23.5,24.4,24.4
19.283,419.7,13.0,100.0,0.0,-4.1,1,1035,0.03,0.26,42.4,42.6,42.8,42.9,23.5,23.5,24.4,24.4
19.3,419.8,13.2,100.0,0.0,-3.9,1,1033,0.03,0.26,42.4,42.6,42.8,42.9,23.5,23.5,24.4,24.4
19.317,419.8,13.3,100.0,0.0,-3.8,1,1041,0.02,0.26,42.4,42.6,42.8,42.9,23.5,23.5,24.4,24.4
19.333,419.9,13.4,100.0,0.0,-3.6,1,1048,0.02,0.27,42.4,42.6,42.8,42.9,23.5,23.5,24.4,24.4
19.35,420.0,13.5,100.0,0.0,-3.3,1,1043,0.02,0.26,42.4,42.6,42.8,42.9,23.5,23.5,24.4,24.4
19.367,420.1,13.6,100.0,0.0,-3.0,1,1039,0.03,0.27,42.4,42.6,42.8,42.9,23.5,23.5,24.4,24.4
19.383,420.1,13.7,100.0,0.0,-2.6,1,1029,0.03,0.26,42.4,42.6,42.8,42.9,23.5,23.5,24.4,24.4
19.4,420.2,13.8,100.0,0.0,-2.3,1,1022,0.03,0.26,42.4,42.6,42.8,42.9,23.5,23.5,24.4,24.4
19.417,420.3,13.9,100.0,0.0,-1.9,1,1021,0.03,0.27,42.4,42.6,42.8,42.9,23.5,23.5,24.4,24.4
19.433,420.4,14.1,100.0,0.0,-1.5,1,1026,0.03,0.26,42.4,42.6,42.8,42.9,23.5,23.5,24.4,24.4
19.45,420.5,14.2,100.0,0.0,-1.2,1,1035,0.03,0.26,42.4,42.6,42.8,42.9,23.5,23.5,24.4,24.4
19.467,420.5,14.3,100.0,0.0,-0.8,1,1044,0.03,0.25,42.4,42.6,42.8,42.9,23.5,23.5,24.4,24.4
19.483,420.6,14.4,100.0,0.0,-0.4,1,1050,0.03,0.25,42.4,42.6,42.8,42.9,23.5,23.5,24.4,24.4
19.5,420.7,14.5,100.0,0.0,-0.1,1,1054,0.04,0.25,42.4,42.6,42.8,42.9,23.5,23.5,24.4,24.4
19.517,420.8,14.6,100.0,0.0,0.3,1,1064,0.03,0.25,42.4,42.6,42.8,42.9,23.5,23.5,24.4,24.4
19.533,420.9,14.7,100.0,0.0,0.6,1,1085,0.03,0.25,42.4,42.6,42.8,42.9,23.5,23.5,24.4,24.4
19.55,420.9,14.8,100.0,0.0,1.0,1,1111,0.03,0.25,42.4,42.6,42.8,42.9,23.5,23.5,24.4,24.4
19.567,421.0,14.9,100.0,0.0,1.4,1,1121,0.03,0.26,42.4,42.6,42.8,42.9,23.5,23.5,24.4,24.4
19.583,421.1,15.0,100.0,0.0,1.9,1,1127,0.03,0.27,42.4,42.6,42.8,42.9,23.5,23.5,24.4,24.4
19.6,421.2,15.1,100.0,0.0,2.2,1,1129,0.03,0.27,42.4,42.6,42.8,42.9,23.5,23.5,24.4,24.4
19.617,421.3,15.2,100.0,0.0,2.6,1,1127,0.03,0.27,42.5,42.6,42.8,42.9,23.5,23.5,24.4,24.4
19.633,421.4,15.3,100.0,0.0,3.0,1,1125,0.03,0.27,42.5,42.6,42.8,42.9,23.5,23.5,24.4,24.4
19.65,421.5,15.5,100.0,0.0,3.3,1,1125,0.03,0.27,42.5,42.6,42.8,42.9,23.5,23.5,24.4,24.4
19.667,421.5,15.6,100.0,0.0,3.6,1,1128,0.03,0.26,42.5,42.6,42.8,42.9,23.5,23.5,24.4,24.4
19.683,421.6,15.7,100.0,0.0,3.8,1,1136,0.03,0.26,42.5,42.6,42.8,42.9,23.5,23.5,24.4,24.4
19.7,421.7,15.8,100.0,0.0,3.9,1,1148,0.03,0.25,42.5,42.6,42.8,42.9,23.5,23.5,24.4,24.4
19.717,421.8,15.9,100.0,0.0,4.0,1,1162,0.03,0.25,42.5,42.6,42.8,42.9,23.5,23.5,24.4,24.4
19.733,421.9,16.0,100.0,0.0,4.0,1,1178,0.03,0.25,42.5,42.6,42.8,42.9,23.5,23.5,24.4,24.4
19.75,422.0,16.1,100.0,0.0,4.0,1,1194,0.03,0.25,42.5,42.6,42.8,42.9,23.5,23.5,24.4,24.4
19.767,422.1,16.2,100.0,0.0,3.8,1,1206,0.03,0.26,42.5,42.6,42.8,42.9,23.5,23.5,24.4,24.4
19.783,422.2,16.3,100.0,0.0,3.6,1,1216,0.03,0.26,42.5,42.6,42.8,42.9,23.5,23.5,24.4,24.4
19.8,422.3,16.4,100.0,0.0,3.3,1,1222,0.03,0.26,42.5,42.6,42.8,42.9,23.5,23.5,24.4,24.4
19.817,422.4,16.5,100.0,0.0,3.0,1,1225,0.02,0.27,42.5,42.6,42.8,42.9,23.5,23.5,24.4,24.4
19.833,422.4,16.6,100.0,0.0,2.6,1,1227,0.02,0.27,42.5,42.6,42.8,42.9,23.5,23.5,24.4,24.4
19.85,422.5,16.8,100.0,0.0,2.2,1,1228,0.02,0.27,42.5,42.6,42.8,42.9,23.5,23.5,24.4,24.4
19.867,422.6,16.9,100.0,0.0,1.7,1,1231,0.02,0.27,42.5,42.6,42.8,42.9,23.5,23.5,24.4,24.4
19.883,422.7,17.0,100.0,0.0,1.2,1,1236,0.02,0.26,42.5,42.7,42.8,42.9,23.5,23.5,24.4,24.4
19.9,422.8,17.1,100.0,0.0,0.5,1,1244,0.02,0.26,42.5,42.7,42.8,42.9,23.5,23.5,24.4,24.4
19.917,422.9,17.2,100.0,0.0,-0.2,1,1254,0.02,0.26,42.5,42.7,42.8,42.9,23.5,23.5,24.4,24.4
19.933,423.0,17.3,100.0,0.0,-0.9,1,1266,0.02,0.26,42.5,42.7,42.8,42.9,23.5,23.5,24.4,24.4
19.95,423.1,17.4,100.0,0.0,-2.0,1,1279,0.01,0.25,42.5,42.7,42.8,42.9,23.5,23.5,24.4,24.4
19.967,423.2,17.5,100.0,0.0,-3.1,1,1291,0.01,0.26,42.5,42.7,42.8,42.9,23.5,23.5,24.4,24.4
19.983,423.3,17.6,100.0,0.0,-4.3,1,1302,0.01,0.26,42.5,42.7,42.8,42.9,23.5,23.5,24.4,24.4
20.0,423.4,17.7,100.0,0.0,-5.5,1,1311,0.01,0.26,42.5,42.7,42.8,42.9,23.5,23.5,24.4,24.4
20.017,423.5,17.8,100.0,0.0,-6.7,1,1317,0.0,0.26,42.5,42.7,42.8,42.9,23.5,23.5,24.4,24.4
20.033,423.6,17.9,100.0,0.0,-8.2,1,1323,0.0,0.27,42.5,42.7,42.8,42.9,23.5,23.5,24.4,24.4
20.05,423.7,18.1,100.0,0.0,-9.5,1,1327,-0.0,0.26,42.5,42.7,42.8,42.9,23.5,23.5,24.4,24.4
20.067,423.8,18.2,100.0,0.0,-10.9,1,1331,-0.01,0.26,42.5,42.7,42.8,42.9,23.5,23.5,24.4,24.4
20.083,423.9,18.3,100.0,0.0,-12.4,1,1336,-0.01,0.26,42.5,42.7,42.8,42.9,23.5,23.5,24.4,24.4
20.1,424.0,18.4,100.0,0.0,-13.9,1,1342,-0.01,0.26,42.5,42.7,42.8,42.9,23.5,23.5,24.4,24.4
20.117,424.1,18.5,100.0,0.0,-15.3,1,1350,-0.01,0.26,42.5,42.7,42.8,42.9,23.5,23.5,24.4,24.4
20.133,424.2,18.6,100.0,0.0,-16.8,1,1359,-0.01,0.25,42.5,42.7,42.8,42.9,23.5,23.5,24.4,24.4
20.15,424.3,18.7,100.0,0.0,-18.4,1,1369,-0.02,0.26,42.5,42.7,42.8,42.9,23.5,23.5,24.4,24.4
20.167,424.4,18.8,100.0,0.0,-20.1,1,1380,-0.01,0.25,42.5,42.7,42.8,42.9,23.5,23.5,24.4,24.4
20.183,424.5,18.9,100.0,0.0,-21.7,1,1390,-0.01,0.26,42.5,42.7,42.8,42.9,23.5,23.5,24.4,24.4
20.2,424.6,19.0,100.0,0.0,-23.1,1,1400,-0.02,0.26,42.5,42.7,42.8,42.9,23.5,23.5,24.4,24.4
20.217,424.8,19.1,100.0,0.0,-24.8,1,1408,-0.03,0.26,42.5,42.7,42.8,42.9,23.5,23.5,24.4,24.4
20.233,424.9,19.2,100.0,0.0,-26.3,1,1416,-0.03,0.26,42.5,42.7,42.8,42.9,23.5,23.5,24.4,24.4
20.25,425.0,19.3,100.0,0.0,-27.8,1,1422,-0.03,0.26,42.5,42.7,42.8,42.9,23.5,23.5,24.4,24.4
20.267,425.1,19.4,100.0,0.0,-29.3,1,1428,-0.03,0.26,42.5,42.7,42.8,42.9,23.5,23.5,24.4,24.4
20.283,425.2,19.5,100.0,0.0,-30.8,1,1435,-0.03,0.26,42.5,42.7,42.8,42.9,23.5,23.5,24.4,24.4
20.3,425.3,19.7,100.0,0.0,-32.2,1,1443,-0.02,0.24,42.5,42.7,42.8,42.9,23.5,23.5,24.4,24.4
20.317,425.4,19.8,100.0,0.0,-33.5,1,1453,-0.02,0.26,42.5,42.7,42.8,42.9,23.5,23.5,24.4,24.4
20.333,425.5,19.9,100.0,0.0,-34.8,1,1467,-0.02,0.25,42.5,42.7,42.8,42.9,23.5,23.5,24.4,24.4
20.35,425.6,20.0,100.0,0.0,-36.2,1,1480,-0.02,0.25,42.5,42.7,42.8,42.9,23.5,23.5,24.4,24.4
20.367,425.7,20.1,100.0,0.0,-37.5,1,1493,-0.03,0.25,42.5,42.7,42.8,42.9,23.5,23.5,24.4,24.4
20.383,425.9,20.2,100.0,0.0,-38.7,1,1504,-0.03,0.25,42.5,42.7,42.8,42.9,23.5,23.5,24.4,24.4
20.4,426.0,20.3,100.0,0.0,-40.1,1,1512,-0.03,0.26,42.5,42.7,42.8,42.9,23.5,23.5,24.4,24.4
20.417,426.1,20.4,100.0,0.0,-41.3,1,1519,-0.03,0.26,42.5,42.7,42.8,42.9,23.5,23.5,24.4,24.4
20.433,426.2,20.5,100.0,0.0,-42.6,1,1523,-0.04,0.26,42.5,42.7,42.8,42.9,23.5,23.5,24.4,24.4
20.45,426.3,20.6,100.0,0.0,-43.9,1,1527,-0.04,0.26,42.5,42.7,42.8,42.9,23.5,23.5,24.4,24.4
20.467,426.4,20.7,100.0,0.0,-45.2,1,1530,-0.04,0.26,42.5,42.7,42.8,42.9,23.5,23.5,24.4,24.4
20.483,426.5,20.8,100.0,0.0,-46.5,1,1535,-0.05,0.26,42.5,42.7,42.8,42.9,23.5,23.5,24.4,24.4
20.5,426.7,20.9,100.0,0.0,-47.9,1,1541,-0.05,0.26,42.5,42.7,42.8,43.0,23.5,23.5,24.4,24.4
20.517,426.8,21.0,100.0,0.0,-49.5,1,1549,-0.06,0.25,42.5,42.7,42.8,43.0,23.5,23.5,24.4,24.4
20.533,426.9,21.1,100.0,0.0,-50.7,1,1559,-0.06,0.26,42.5,42.7,42.8,43.0,23.5,23.5,24.4,24.4
20.55,427.0,21.2,100.0,0.0,-52.3,1,1569,-0.06,0.25,42.5,42.7,42.7,43.0,23.5,23.5,24.4,24.4
20.567,427.1,21.3,100.0,0.0,-53.9,1,1580,-0.06,0.25,42.5,42.7,42.7,43.0,23.5,23.5,24.4,24.4
20.583,427.3,21.4,100.0,0.0,-55.3,1,1590,-0.07,0.25,42.5,42.7,42.7,43.0,23.5,23.5,24.4,24.4
20.6,427.4,21.5,100.0,0.0,-57.0,1,1599,-0.06,0.25,42.5,42.7,42.7,43.0,23.5,23.5,24.4,24.4
20.617,427.5,21.6,100.0,0.0,-58.4,1,1607,-0.07,0.25,42.5,42.7,42.7,43.0,23.5,23.5,24.4,24.4
20.633,427.6,21.7,100.0,0.0,-59.7,1,1614,-0.07,0.25,42.5,42.7,42.7,43.0,23.5,23.5,24.4,24.4
20.65,427.8,21.8,100.0,0.0,-61.2,1,1620,-0.07,0.26,42.5,42.7,42.7,43.0,23.5,23.5,24.4,24.4
20.667,427.9,21.9,100.0,0.0,-62.4,1,1625,-0.07,0.25,42.5,42.7,42.7,43.0,23.5,23.5,24.4,24.4
20.683,428.0,22.0,100.0,0.0,-63.9,1,1630,-0.07,0.25,42.5,42.7,42.7,43.0,23.5,23.5,24.4,24.4
20.7,428.1,22.2,100.0,0.0,-65.2,1,1636,-0.08,0.25,42.5,42.7,42.7,43.0,23.5,23.5,24.4,24.4
20.717,428.3,22.3,100.0,0.0,-66.6,1,1642,-0.08,0.25,42.5,42.7,42.7,43.0,23.5,23.5,24.4,24.4
20.733,428.4,22.4,100.0,0.0,-67.7,1,1650,-0.08,0.25,42.5,42.7,42.7,43.0,23.5,23.5,24.4,24.4
20.75,428.5,22.5,100.0,0.0,-68.6,1,1658,-0.08,0.25,42.5,42.7,42.7,43.0,23.5,23.5,24.4,24.4
20.767,428.6,22.6,100.0,0.0,-69.8,1,1666,-0.08,0.25,42.5,42.7,42.7,43.0,23.5,23.5,24.4,24.4
20.783,428.8,22.7,100.0,0.0,-70.8,1,1675,-0.09,0.25,42.5,42.7,42.7,43.1,23.5,23.5,24.4,24.4
20.8,428.9,22.8,100.0,0.0,-71.7,1,1684,-0.09,0.25,42.5,42.7,42.7,43.1,23.5,23.5,24.4,24.4
20.817,429.0,22.9,100.0,0.0,-72.4,1,1693,-0.09,0.25,42.5,42.7,42.7,43.1,23.5,23.5,24.4,24.4
20.833,429.1,23.0,100.0,0.0,-73.2,1,1700,-0.09,0.25,42.5,42.7,42.7,43.1,23.5,23.5,24.4,24.4
20.85,429.3,23.1,100.0,0.0,-74.0,1,1707,-0.09,0.25,42.5,42.7,42.7,43.1,23.5,23.5,24.4,24.4
20.867,429.4,23.2,100.0,0.0,-74.9,1,1714,-0.1,0.25,42.5,42.7,42.7,43.1,23.5,23.5,24.4,24.4
20.883,429.5,23.3,100.0,0.0,-75.7,1,1720,-0.1,0.25,42.5,42.7,42.7,43.1,23.5,23.5,24.4,24.4
20.9,429.7,23.4,100.0,0.0,-76.6,1,1726,-0.1,0.25,42.5,42.7,42.7,43.1,23.5,23.5,24.4,24.4
20.917,429.8,23.5,100.0,0.0,-77.4,1,1733,-0.1,0.25,42.5,42.7,42.7,43.1,23.5,23.5,24.4,24.4
20.933,429.9,23.6,100.0,0.0,-78.3,1,1740,-0.11,0.25,42.5,42.7,42.7,43.1,23.5,23.5,24.4,24.4
20.95,430.1,23.7,100.0,0.0,-79.0,1,1747,-0.11,0.24,42.5,42.7,42.7,43.1,23.5,23.5,24.4,24.4
20.967,430.2,23.8,100.0,0.0,-79.5,1,1755,-0.11,0.25,42.5,42.7,42.7,43.1,23.5,23.5,24.4,24.4
20.983,430.4,23.9,100.0,0.0,-80.0,1,1763,-0.11,0.24,42.5,42.7,42.7,43.1,23.5,23.5,24.4,24.4
21.0,430.5,24.0,100.0,0.0,-80.4,1,1771,-0.11,0.25,42.5,42.7,42.7,43.1,23.5,23.5,24.4,24.4
21.017,430.6,24.1,100.0,0.0,-80.6,1,1779,-0.11,0.24,42.5,42.7,42.7,43.1,23.5,23.5,24.4,24.4
21.033,430.8,24.2,100.0,0.0,-80.7,1,1787,-0.11,0.25,42.5,42.7,42.7,43.1,23.5,23.5,24.4,24.4
21.05,430.9,24.3,100.0,0.0,-80.7,1,1794,-0.1,0.25,42.5,42.7,42.7,43.1,23.5,23.5,24.4,24.4
21.067,431.0,24.4,100.0,0.0,-80.5,1,1801,-0.1,0.25,42.5,42.7,42.7,43.1,23.5,23.5,24.4,24.4
21.083,431.2,24.5,100.0,0.0,-80.3,1,1808,-0.11,0.25,42.5,42.7,42.7,43.1,23.5,23.5,24.4,24.4
21.1,431.3,24.6,100.0,0.0,-80.0,1,1815,-0.11,0.25,42.5,42.7,42.7,43.1,23.5,23.5,24.4,24.4
21.117,431.5,24.7,100.0,0.0,-79.7,1,1822,-0.1,0.25,42.5,42.7,42.7,43.1,23.5,23.5,24.4,24.4
21.133,431.6,24.8,100.0,0.0,-79.2,1,1828,-0.1,0.25,42.5,42.7,42.7,43.1,23.5,23.5,24.4,24.4
21.15,431.8,24.9,100.0,0.0,-78.7,1,1835,-0.1,0.25,42.5,42.7,42.7,43.1,23.5,23.5,24.4,24.4
21.167,431.9,25.0,100.0,0.0,-78.1,1,1842,-0.1,0.25,42.5,42.7,42.7,43.1,23.5,23.5,24.4,24.4
21.183,432.0,25.1,100.0,0.0,-77.4,1,1850,-0.1,0.25,42.5,42.7,42.7,43.2,23.5,23.5,24.4,24.4
21.2,432.2,25.2,100.0,0.0,-76.7,1,1857,-0.1,0.25,42.5,42.7,42.7,43.2,23.5,23.5,24.4,24.4
21.217,432.3,25.2,100.0,0.0,-76.0,1,1864,-0.1,0.25,42.5,42.7,42.7,43.2,23.5,23.5,24.4,24.4
21.233,432.5,25.3,100.0,0.0,-75.4,1,1871,-0.09,0.25,42.5,42.7,42.6,43.2,23.5,23.5,24.4,24.4
21.25,432.6,25.4,100.0,0.0,-75.0,1,1879,-0.09,0.25,42.5,42.7,42.6,43.2,23.5,23.5,24.4,24.4
21.267,432.8,25.5,100.0,0.0,-74.6,1,1886,-0.1,0.25,42.5,42.7,42.6,43.2,23.5,23.5,24.4,24.4
21.283,432.9,25.6,100.0,0.0,-74.5,1,1893,-0.1,0.25,42.5,42.7,42.6,43.2,23.5,23.5,24.4,24.4
21.3,433.1,25.7,100.0,0.0,-74.5,1,1899,-0.1,0.25,42.5,42.7,42.6,43.2,23.5,23.5,24.4,24.4
21.317,433.2,25.8,100.0,0.0,-74.6,1,1906,-0.11,0.25,42.5,42.7,42.6,43.2,23.5,23.5,24.4,24.4
21.333,433.4,25.9,100.0,0.0,-74.9,1,1913,-0.11,0.25,42.5,42.7,42.6,43.2,23.5,23.5,24.4,24.4
21.35,433.5,26.0,100.0,0.0,-75.3,1,1920,-0.11,0.25,42.5,42.7,42.6,43.2,23.5,23.5,24.4,24.4
21.367,433.7,26.1,100.0,0.0,-75.7,1,1927,-0.12,0.24,42.5,42.7,42.6,43.2,23.5,23.5,24.4,24.4
21.383,433.8,26.2,100.0,0.0,-76.1,1,1935,-0.12,0.25,42.5,42.7,42.6,43.2,23.5,23.5,24.4,24.4
21.4,434.0,26.3,100.0,0.0,-76.5,1,1942,-0.12,0.24,42.5,42.7,42.6,43.2,23.5,23.5,24.4,24.4
21.417,434.1,26.4,100.0,0.0,-76.9,1,1949,-0.12,0.24,42.5,42.7,42.6,43.2,23.5,23.5,24.4,24.4
21.433,434.3,26.5,100.0,0.0,-77.4,1,1957,-0.13,0.24,42.5,42.7,42.6,43.2,23.5,23.5,24.4,24.4
21.45,434.5,26.6,100.0,0.0,-77.8,1,1964,-0.13,0.24,42.5,42.7,42.6,43.2,23.5,23.5,24.4,24.4
21.467,434.6,26.7,100.0,0.0,-78.2,1,1971,-0.13,0.24,42.5,42.7,42.6,43.2,23.5,23.5,24.4,24.4
21.483,434.8,26.8,100.0,0.0,-78.6,1,1978,-0.14,0.24,42.5,42.7,42.6,43.2,23.5,23.5,24.4,24.4
21.5,434.9,26.9,100.0,0.0,-78.9,1,1985,-0.14,0.24,42.5,42.7,42.6,43.2,23.5,23.5,24.4,24.4
21.517,435.1,27.0,100.0,0.0,-79.2,1,1991,-0.13,0.25,42.5,42.7,42.6,43.2,23.5,23.5,24.4,24.4
21.533,435.2,27.1,100.0,0.0,-79.5,1,1997,-0.13,0.25,42.5,42.7,42.6,43.2,23.5,23.5,24.4,24.4
21.55,435.4,27.2,100.0,0.0,-79.8,1,2004,-0.14,0.25,42.5,42.7,42.6,43.2,23.5,23.5,24.4,24.4
21.567,435.6,27.3,100.0,0.0,-80.0,1,2010,-0.14,0.25,42.5,42.7,42.6,43.2,23.5,23.5,24.4,24.4
21.583,435.7,27.4,100.0,0.0,-80.4,1,2016,-0.15,0.25,42.5,42.7,42.6,43.2,23.5,23.5,24.4,24.4
21.6,435.9,27.5,100.0,0.0,-80.7,1,2022,-0.15,0.25,42.5,42.7,42.6,43.2,23.5,23.5,24.4,24.4
21.617,436.0,27.6,100.0,0.0,-81.1,1,2028,-0.15,0.25,42.5,42.7,42.6,43.2,23.5,23.5,24.4,24.4
21.633,436.2,27.7,100.0,0.0,-81.6,1,2035,-0.16,0.25,42.5,42.7,42.6,43.2,23.5,23.5,24.4,24.4
21.65,436.4,27.8,100.0,0.0,-82.2,1,2043,-0.16,0.25,42.5,42.7,42.6,43.2,23.5,23.5,24.4,24.4
21.667,436.5,27.9,100.0,0.0,-82.9,1,2050,-0.17,0.24,42.5,42.7,42.6,43.2,23.5,23.5,24.4,24.4
21.683,436.7,28.0,100.0,0.0,-83.6,1,2058,-0.15,0.24,42.5,42.7,42.6,43.2,23.5,23.5,24.4,24.4
21.7,436.9,28.0,100.0,0.0,-84.4,1,2067,-0.17,0.24,42.5,42.7,42.6,43.2,23.5,23.5,24.4,24.4
21.717,437.0,28.1,100.0,0.0,-85.3,1,2075,-0.16,0.24,42.5,42.7,42.6,43.2,23.5,23.5,24.4,24.4
21.733,437.2,28.2,100.0,0.0,-86.1,1,2084,-0.17,0.24,42.5,42.7,42.6,43.2,23.5,23.5,24.4,24.4
21.75,437.4,28.3,100.0,0.0,-87.0,1,2091,-0.17,0.23,42.5,42.7,42.6,43.2,23.5,23.5,24.4,24.4
21.767,437.5,28.4,100.0,0.0,-88.1,1,2099,-0.18,0.24,42.5,42.7,42.5,43.2,23.5,23.5,24.4,24.4
21.783,437.7,28.5,100.0,0.0,-89.1,1,2106,-0.18,0.24,42.5,42.7,42.5,43.2,23.5,23.5,24.4,24.4
21.8,437.9,28.6,100.0,0.0,-89.9,1,2113,-0.18,0.24,42.5,42.7,42.5,43.2,23.5,23.5,24.4,24.4
21.817,438.0,28.7,100.0,0.0,-90.9,1,2119,-0.2,0.24,42.5,42.7,42.5,43.2,23.5,23.5,24.4,24.4
21.833,438.2,28.8,100.0,0.0,-91.8,1,2125,-0.2,0.24,42.5,42.7,42.5,43.2,23.5,23.5,24.4,24.4
21.85,438.4,28.9,100.0,0.0,-92.6,1,2130,-0.2,0.24,42.5,42.7,42.5,43.2,23.5,23.5,24.4,24.4
21.867,438.6,29.0,100.0,0.0,-93.3,1,2134,-0.2,0.24,42.5,42.7,42.5,43.2,23.5,23.5,24.4,24.4
21.883,438.7,29.1,100.0,0.0,-94.0,1,2139,-0.21,0.25,42.5,42.7,42.5,43.2,23.5,23.5,24.4,24.4
21.9,438.9,29.2,100.0,0.0,-94.4,1,2143,-0.21,0.25,42.5,42.7,42.5,43.2,23.5,23.5,24.4,24.4
21.917,439.1,29.3,100.0,0.0,-94.9,1,2148,-0.22,0.25,42.5,42.7,42.5,43.2,23.5,23.5,24.4,24.4
21.933,439.3,29.3,100.0,0.0,-95.3,1,2155,-0.22,0.24,42.5,42.6,42.5,43.2,23.5,23.5,24.4,24.4
21.95,439.4,29.4,100.0,0.0,-95.7,1,2162,-0.22,0.24,42.5,42.6,42.5,43.2,23.5,23.5,24.4,24.4
21.967,439.6,29.5,100.0,0.0,-96.0,1,2171,-0.22,0.24,42.5,42.6,42.5,43.2,23.5,23.5,24.4,24.4
21.983,439.8,29.6,100.0,0.0,-96.3,1,2181,-0.22,0.24,42.5,42.6,42.5,43.2,23.5,23.5,24.4,24.4
22.0,440.0,29.7,100.0,0.0,-96.6,1,2191,-0.22,0.23,42.5,42.6,42.5,43.2,23.5,23.5,24.4,24.4
22.017,440.2,29.8,100.0,0.0,-96.9,1,2200,-0.22,0.23,42.5,42.6,42.5,43.2,23.5,23.5,24.4,24.4
22.033,440.3,29.9,100.0,0.0,-97.1,1,2210,-0.22,0.23,42.5,42.6,42.5,43.2,23.5,23.5,24.4,24.4
22.05,440.5,30.0,100.0,0.0,-97.3,1,2218,-0.22,0.24,42.5,42.6,42.5,43.2,23.5,23.5,24.4,24.4
22.067,440.7,30.1,100.0,0.0,-97.5,1,2225,-0.21,0.23,42.5,42.6,42.5,43.2,23.5,23.5,24.4,24.4
22.083,440.9,30.1,100.0,0.0,-97.7,1,2230,-0.22,0.23,42.5,42.6,42.5,43.2,23.5,23.5,24.4,24.4
22.1,441.1,30.2,100.0,0.0,-97.9,1,2234,-0.21,0.24,42.5,42.6,42.5,43.2,23.5,23.5,24.4,24.4
22.117,441.3,30.3,100.0,0.0,-98.3,1,2237,-0.22,0.24,42.5,42.6,42.5,43.2,23.5,23.5,24.4,24.4
22.133,441.4,30.4,100.0,0.0,-98.8,1,2240,-0.22,0.25,42.5,42.6,42.5,43.2,23.5,23.5,24.4,24.4
22.15,441.6,30.5,100.0,0.0,-99.4,1,2242,-0.22,0.25,42.5,42.6,42.5,43.2,23.5,23.5,24.4,24.4
22.167,441.8,30.6,100.0,0.0,-100.1,1,2245,-0.24,0.24,42.5,42.6,42.5,43.2,23.5,23.5,24.4,24.4
22.183,442.0,30.7,100.0,0.0,-101.1,1,2249,-0.25,0.24,42.5,42.6,42.5,43.2,23.5,23.5,24.4,24.4
22.2,442.2,30.8,100.0,0.0,-102.2,1,2256,-0.26,0.24,42.5,42.6,42.5,43.2,23.5,23.5,24.4,24.4
22.217,442.4,30.9,100.0,0.0,-103.4,1,2263,-0.26,0.24,42.5,42.6,42.5,43.2,23.5,23.5,24.4,24.4
22.233,442.6,30.9,100.0,0.0,-104.7,1,2272,-0.28,0.23,42.5,42.6,42.5,43.2,23.5,23.5,24.4,24.4
22.25,442.8,31.0,100.0,0.0,-105.9,1,2282,-0.28,0.23,42.5,42.6,42.5,43.2,23.5,23.5,24.4,24.4
22.267,443.0,31.1,100.0,0.0,-107.2,1,2292,-0.29,0.23,42.5,42.6,42.5,43.2,23.5,23.5,24.4,24.4
22.283,443.1,31.2,100.0,0.0,-108.4,1,2302,-0.29,0.23,42.5,42.6,42.4,43.2,23.5,23.5,24.4,24.4
22.3,443.3,31.3,100.0,0.0,-109.4,1,2310,-0.31,0.23,42.5,42.6,42.4,43.2,23.5,23.5,24.4,24.4
22.317,443.5,31.4,100.0,0.0,-110.5,1,2317,-0.3,0.23,42.5,42.6,42.4,43.2,23.5,23.5,24.4,24.4
22.333,443.7,31.4,100.0,0.0,-111.5,1,2322,-0.29,0.23,42.5,42.6,42.4,43.2,23.5,23.5,24.4,24.4
22.35,443.9,31.5,100.0,0.0,-112.3,1,2327,-0.31,0.23,42.5,42.6,42.4,43.2,23.5,23.5,24.4,24.4
22.367,444.1,31.6,100.0,0.0,-113.0,1,2331,-0.3,0.23,42.5,42.6,42.4,43.2,23.5,23.5,24.4,24.4
22.383,444.3,31.7,100.0,0.0,-113.6,1,2334,-0.3,0.23,42.5,42.6,42.4,43.2,23.5,23.5,24.4,24.4
22.4,444.5,31.8,100.0,0.0,-114.1,1,2339,-0.3,0.23,42.5,42.6,42.4,43.2,23.5,23.5,24.4,24.4
22.417,444.7,31.9,100.0,0.0,-114.5,1,2343,-0.29,0.23,42.5,42.6,42.4,43.2,23.5,23.5,24.4,24.4
22.433,444.9,31.9,100.0,0.0,-114.7,1,2349,-0.31,0.23,42.5,42.6,42.4,43.2,23.5,23.5,24.4,24.4
22.45,445.2,32.0,100.0,0.0,-114.9,1,2355,-0.32,0.23,42.5,42.6,42.4,43.2,23.5,23.5,24.4,24.4
22.467,445.4,32.1,100.0,0.0,-114.9,1,2362,-0.31,0.23,42.5,42.6,42.4,43.2,23.5,23.5,24.4,24.4
22.483,445.6,32.2,100.0,0.0,-114.9,1,2368,-0.31,0.23,42.5,42.6,42.4,43.2,23.5,23.5,24.4,24.4
22.5,445.8,32.3,100.0,0.0,-114.8,1,2375,-0.31,0.23,42.5,42.6,42.4,43.2,23.5,23.5,24.4,24.4
22.517,446.0,32.4,100.0,0.0,-114.7,1,2381,-0.31,0.23,42.5,42.6,42.4,43.2,23.5,23.5,24.4,24.4
22.533,446.2,32.4,100.0,0.0,-114.5,1,2386,-0.32,0.24,42.5,42.6,42.4,43.2,23.5,23.5,24.4,24.4
22.55,446.4,32.5,100.0,0.0,-114.3,1,2392,-0.3,0.24,42.5,42.6,42.4,43.2,23.5,23.5,24.4,24.4
22.567,446.6,32.6,100.0,0.0,-114.2,1,2397,-0.31,0.24,42.5,42.6,42.4,43.2,23.5,23.5,24.4,24.4
22.583,446.8,32.7,100.0,0.0,-114.2,1,2402,-0.31,0.23,42.5,42.6,42.4,43.2,23.5,23.5,24.4,24.4
22.6,447.1,32.8,100.0,0.0,-114.2,1,2408,-0.31,0.23,42.5,42.6,42.4,43.2,23.5,23.5,24.4,24.4
22.617,447.3,32.9,100.0,0.0,-114.4,1,2415,-0.32,0.22,42.5,42.6,42.4,43.2,23.5,23.5,24.4,24.4
22.633,447.5,32.9,100.0,0.0,-114.7,1,2423,-0.31,0.23,42.5,42.6,42.4,43.2,23.5,23.5,24.4,24.4
22.65,447.7,33.0,100.0,0.0,-115.0,1,2432,-0.3,0.22,42.5,42.6,42.4,43.2,23.5,23.5,24.4,24.4
22.667,447.9,33.1,100.0,0.0,-115.3,1,2440,-0.32,0.23,42.5,42.6,42.4,43.2,23.5,23.5,24.4,24.4
22.683,448.1,33.2,100.0,0.0,-115.7,1,2448,-0.33,0.23,42.5,42.6,42.4,43.2,23.5,23.5,24.4,24.4
22.7,448.3,33.3,100.0,0.0,-116.1,1,2454,-0.33,0.23,42.5,42.6,42.4,43.2,23.5,23.5,24.4,24.4
22.717,448.5,33.3,100.0,0.0,-116.4,1,2458,-0.33,0.24,42.5,42.6,42.4,43.2,23.5,23.5,24.4,24.4
22.733,448.7,33.4,100.0,0.0,-116.7,1,2461,-0.33,0.24,42.5,42.6,42.4,43.2,23.5,23.5,24.4,24.4
22.75,449.0,33.5,100.0,0.0,-117.0,1,2463,-0.34,0.24,42.5,42.6,42.4,43.2,23.5,23.5,24.4,24.4
22.767,449.2,33.6,100.0,0.0,-117.2,1,2465,-0.35,0.24,42.5,42.6,42.4,43.2,23.5,23.5,24.4,24.4
22.783,449.4,33.7,100.0,0.0,-117.4,1,2468,-0.36,0.24,42.5,42.6,42.4,43.2,23.5,23.5,24.4,24.4
22.8,449.6,33.8,100.0,0.0,-117.4,1,2473,-0.36,0.23,42.5,42.6,42.4,43.2,23.5,23.5,24.4,24.4
22.817,449.8,33.9,100.0,0.0,-117.4,1,2479,-0.36,0.23,42.5,42.6,42.3,43.2,23.5,23.5,24.4,24.4
22.833,450.0,34.0,100.0,0.0,-117.3,1,2488,-0.37,0.23,42.5,42.6,42.3,43.2,23.5,23.5,24.4,24.4
22.85,450.2,34.0,100.0,0.0,-117.0,1,2499,-0.35,0.23,42.5,42.6,42.3,43.2,23.5,23.5,24.4,24.4
22.867,450.5,34.1,100.0,0.0,-116.7,1,2510,-0.35,0.23,42.5,42.6,42.3,43.2,23.5,23.5,24.4,24.4
22.883,450.7,34.2,100.0,0.0,-116.4,1,2521,-0.35,0.23,42.5,42.6,42.3,43.2,23.5,23.5,24.4,24.4
22.9,450.9,34.3,100.0,0.0,-116.0,1,2531,-0.34,0.23,42.4,42.6,42.3,43.2,23.5,23.5,24.4,24.4
22.917,451.1,34.4,100.0,0.0,-115.8,1,2540,-0.34,0.24,42.4,42.6,42.3,43.2,23.5,23.5,24.4,24.4
22.933,451.3,34.5,100.0,0.0,-115.5,1,2547,-0.35,0.24,42.4,42.6,42.3,43.2,23.5,23.5,24.4,24.4
22.95,451.5,34.6,100.0,0.0,-115.3,1,2551,-0.34,0.24,42.4,42.6,42.3,43.2,23.5,23.5,24.4,24.4
22.967,451.7,34.6,100.0,0.0,-115.2,1,2554,-0.35,0.24,42.4,42.6,42.3,43.2,23.5,23.5,24.4,24.4
22.983,451.9,34.7,100.0,0.0,-115.1,1,2556,-0.35,0.25,42.4,42.6,42.3,43.2,23.5,23.5,24.4,24.4
23.0,452.2,34.8,100.0,0.0,-115.1,1,2559,-0.35,0.24,42.4,42.6,42.3,43.2,23.5,23.5,24.4,24.4
23.017,452.4,34.9,100.0,0.0,-115.1,1,2563,-0.36,0.24,42.4,42.6,42.3,43.2,23.5,23.5,24.4,24.4
23.033,452.6,35.0,100.0,0.0,-115.2,1,2569,-0.35,0.24,42.4,42.6,42.3,43.2,23.5,23.5,24.4,24.4
23.05,452.8,35.1,100.0,0.0,-115.4,1,2577,-0.36,0.24,42.4,42.6,42.3,43.2,23.5,23.5,24.4,24.4
23.067,453.0,35.2,100.0,0.0,-115.5,1,2587,-0.37,0.24,42.4,42.6,42.3,43.2,23.5,23.5,24.4,24.4
23.083,453.2,35.3,100.0,0.0,-115.7,1,2597,-0.37,0.24,42.4,42.6,42.3,43.2,23.5,23.5,24.4,24.4
23.1,453.4,35.4,100.0,0.0,-115.8,1,2609,-0.37,0.24,42.4,42.6,42.3,43.2,23.5,23.5,24.4,24.4
23.117,453.7,35.5,100.0,0.0,-115.9,1,2620,-0.37,0.25,42.4,42.6,42.3,43.2,23.5,23.5,24.4,24.4
23.133,453.9,35.6,100.0,0.0,-116.0,1,2630,-0.38,0.25,42.4,42.6,42.3,43.2,23.5,23.5,24.4,24.4
23.15,454.1,35.7,100.0,0.0,-116.2,1,2639,-0.38,0.25,42.4,42.6,42.3,43.2,23.5,23.5,24.4,24.4
23.167,454.3,35.8,100.0,0.0,-116.3,1,2645,-0.38,0.25,42.4,42.6,42.3,43.2,23.5,23.5,24.4,24.4
23.183,454.5,35.9,100.0,0.0,-116.4,1,2651,-0.39,0.26,42.4,42.6,42.3,43.1,23.5,23.5,24.4,24.4
23.2,454.7,36.0,100.0,0.0,-116.5,1,2655,-0.39,0.26,42.4,42.6,42.3,43.1,23.5,23.5,24.4,24.4
23.217,454.9,36.1,100.0,0.0,-116.6,1,2658,-0.39,0.27,42.4,42.6,42.3,43.1,23.5,23.5,24.4,24.4
23.233,455.2,36.2,100.0,0.0,-116.8,1,2663,-0.39,0.26,42.4,42.6,42.3,43.1,23.5,23.5,24.4,24.4
23.25,455.4,36.3,100.0,0.0,-116.9,1,2668,-0.4,0.26,42.4,42.6,42.3,43.1,23.5,23.5,24.4,24.4
23.267,455.6,36.4,100.0,0.0,-116.9,1,2675,-0.4,0.26,42.4,42.6,42.3,43.1,23.5,23.5,24.4,24.4
23.283,455.8,36.5,100.0,0.0,-117.0,1,2685,-0.4,0.26,42.4,42.6,42.3,43.1,23.5,23.5,24.4,24.4
23.3,456.0,36.6,100.0,0.0,-117.0,1,2696,-0.4,0.26,42.4,42.6,42.3,43.1,23.5,23.5,24.4,24.4
23.317,456.2,36.7,100.0,0.0,-117.0,1,2708,-0.41,0.27,42.4,42.6,42.3,43.1,23.5,23.5,24.4,24.4
23.333,456.4,36.8,100.0,0.0,-117.0,1,2721,-0.41,0.27,42.4,42.6,42.3,43.1,23.5,23.5,24.4,24.4
23.35,456.7,36.9,100.0,0.0,-116.9,1,2732,-0.41,0.27,42.4,42.6,42.3,43.1,23.5,23.5,24.4,24.4
23.367,456.9,37.0,100.0,0.0,-116.8,1,2742,-0.41,0.28,42.4,42.6,42.3,43.1,23.5,23.5,24.4,24.4
23.383,457.1,37.1,100.0,0.0,-116.8,1,2750,-0.41,0.29,42.4,42.5,42.3,43.1,23.5,23.5,24.4,24.4
23.4,457.3,37.2,100.0,0.0,-116.6,1,2754,-0.43,0.28,42.4,42.5,42.2,43.1,23.5,23.5,24.4,24.4
23.417,457.5,37.4,100.0,0.0,-116.5,1,2755,-0.43,0.3,42.4,42.5,42.2,43.1,23.5,23.5,24.4,24.4
23.433,457.7,37.5,100.0,0.0,-116.4,1,2754,-0.42,0.3,42.4,42.5,42.2,43.1,23.5,23.5,24.4,24.4
23.45,458.0,37.6,100.0,0.0,-116.2,1,2751,-0.43,0.3,42.4,42.5,42.2,43.1,23.5,23.5,24.4,24.4
23.467,458.2,37.7,100.0,0.0,-116.1,1,2749,-0.42,0.3,42.4,42.5,42.2,43.1,23.5,23.5,24.4,24.4
23.483,458.4,37.9,100.0,0.0,-116.0,1,2750,-0.42,0.29,42.4,42.5,42.2,43.1,23.5,23.5,24.4,24.4
23.5,458.6,38.0,100.0,0.0,-115.7,1,2755,-0.42,0.29,42.4,42.5,42.2,43.1,23.5,23.5,24.4,24.4
23.517,458.8,38.1,100.0,0.0,-115.4,1,2767,-0.43,0.29,42.4,42.5,42.2,43.1,23.5,23.5,24.4,24.4
23.533,459.1,38.2,100.0,0.0,-115.2,1,2783,-0.42,0.28,42.4,42.5,42.2,43.1,23.5,23.5,24.4,24.4
23.55,459.3,38.3,100.0,0.0,-114.8,1,2804,-0.42,0.28,42.4,42.5,42.2,43.1,23.5,23.5,24.4,24.4
23.567,459.5,38.5,100.0,0.0,-114.5,1,2826,-0.42,0.29,42.4,42.5,42.2,43.1,23.5,23.5,24.4,24.4
23.583,459.7,38.6,100.0,0.0,-114.1,1,2847,-0.42,0.3,42.4,42.5,42.2,43.1,23.5,23.5,24.4,24.4
23.6,459.9,38.7,100.0,0.0,-113.8,1,2864,-0.42,0.3,42.4,42.5,42.2,43.1,23.5,23.5,24.4,24.4
23.617,460.2,38.9,100.0,0.0,-113.6,1,2876,-0.43,0.31,42.4,42.5,42.2,43.1,23.5,23.5,24.4,24.4
23.633,460.4,39.0,100.0,0.0,-113.2,1,2883,-0.43,0.32,42.4,42.5,42.2,43.1,23.5,23.5,24.4,24.4
23.65,460.6,39.1,100.0,0.0,-112.9,1,2886,-0.41,0.3,42.4,42.5,42.2,43.1,23.5,23.5,24.4,24.4
23.667,460.8,39.3,100.0,0.0,-112.5,1,2900,-0.4,0.33,42.4,42.5,42.2,43.2,23.5,23.5,24.4,24.4
23.683,461.1,39.4,100.0,0.0,-112.0,1,2922,-0.42,0.31,42.4,42.5,42.2,43.2,23.5,23.5,24.4,24.4
23.7,461.3,39.6,100.0,0.0,-111.5,1,2949,-0.42,0.31,42.4,42.5,42.2,43.2,23.5,23.5,24.4,24.4
23.717,461.5,39.7,100.0,0.0,-110.8,1,2982,-0.45,0.33,42.4,42.5,42.2,43.3,23.5,23.5,24.4,24.4
23.733,461.7,39.9,100.0,0.0,-110.0,1,3015,-0.45,0.33,42.4,42.5,42.2,43.3,23.5,23.5,24.4,24.4
23.75,462.0,40.0,100.0,0.0,-109.3,1,3046,-0.45,0.35,42.4,42.5,42.2,43.4,23.5,23.5,24.4,24.4
23.767,462.2,40.2,100.0,0.0,-108.2,1,3071,-0.42,0.37,42.4,42.5,42.2,43.4,23.5,23.5,24.4,24.4
23.783,462.4,40.4,100.0,0.0,-107.3,1,3086,-0.43,0.38,42.4,42.5,42.1,43.4,23.5,23.5,24.4,24.4
23.8,462.6,40.5,100.0,0.0,-106.1,1,3090,-0.43,0.4,42.4,42.5,42.1,43.5,23.5,23.5,24.4,24.4
23.817,462.9,40.7,100.0,0.0,-104.9,1,3083,-0.42,0.41,42.4,42.5,42.1,43.5,23.5,23.5,24.4,24.4
23.833,463.1,40.9,100.0,0.0,-103.7,1,3068,-0.42,0.42,42.4,42.5,42.1,43.5,23.5,23.5,24.4,24.4
23.85,463.3,41.1,100.0,0.0,-102.6,1,3050,-0.4,0.42,42.4,42.5,42.1,43.6,23.5,23.5,24.4,24.4
23.867,463.6,41.3,100.0,0.0,-101.0,1,3035,-0.4,0.41,42.4,42.5,42.1,43.6,23.5,23.5,24.4,24.4
23.883,463.8,41.5,100.0,0.0,-99.5,1,3032,-0.38,0.4,42.4,42.5,42.1,43.6,23.5,23.5,24.4,24.4
23.9,464.0,41.7,100.0,0.0,-98.0,1,3042,-0.39,0.39,42.4,42.5,42.1,43.7,23.5,23.5,24.4,24.4
23.917,464.3,41.9,100.0,0.0,-96.4,1,3069,-0.38,0.38,42.4,42.5,42.1,43.7,23.5,23.5,24.4,24.4
23.933,464.5,42.1,100.0,0.0,-95.0,1,3110,-0.36,0.37,42.4,42.5,42.1,43.7,23.5,23.5,24.4,24.4
23.95,464.7,42.2,100.0,0.0,-93.5,1,3161,-0.36,0.38,42.3,42.5,42.1,43.7,23.5,23.5,24.4,24.4
23.967,465.0,42.4,100.0,0.0,-91.8,1,3213,-0.37,0.4,42.3,42.5,42.1,43.8,23.5,23.5,24.4,24.4
23.983,465.2,42.6,100.0,0.0,-90.3,1,3260,-0.36,0.42,42.3,42.5,42.1,43.8,23.5,23.5,24.4,24.4
24.0,465.4,42.8,100.0,0.0,-88.8,1,3293,-0.34,0.45,42.3,42.5,42.1,43.8,23.5,23.5,24.4,24.4
24.017,465.7,43.1,100.0,0.0,-87.3,1,3308,-0.33,0.48,42.3,42.5,42.1,43.8,23.5,23.5,24.4,24.4
24.033,465.9,43.3,100.0,0.0,-86.1,1,3305,-0.34,0.51,42.3,42.5,42.1,43.9,23.5,23.5,24.4,24.4
24.05,466.1,43.6,100.0,0.0,-84.7,1,3287,-0.34,0.52,42.3,42.5,42.1,43.9,23.5,23.5,24.4,24.4
24.067,466.4,43.8,100.0,0.0,-83.4,1,3262,-0.32,0.53,42.3,42.5,42.1,43.9,23.5,23.5,24.4,24.4
24.083,466.6,44.1,100.0,0.0,-82.1,1,3238,-0.34,0.52,42.3,42.5,42.1,44.0,23.5,23.5,24.4,24.4
24.1,466.9,44.3,100.0,0.0,-80.9,1,3225,-0.35,0.5,42.3,42.5,42.1,44.0,23.5,23.5,24.4,24.4
24.117,467.1,44.6,100.0,0.0,-79.9,1,3230,-0.36,0.48,42.3,42.5,42.1,44.0,23.5,23.5,24.4,24.4
24.133,467.4,44.8,100.0,0.0,-78.7,1,3259,-0.35,0.46,42.3,42.5,42.1,44.0,23.5,23.5,24.4,24.4
24.15,467.6,45.0,100.0,0.0,-77.8,1,3311,-0.37,0.45,42.3,42.5,42.0,44.1,23.5,23.5,24.4,24.4
24.167,467.9,45.3,100.0,0.0,-76.9,1,3381,-0.38,0.45,42.3,42.5,42.0,44.1,23.5,23.5,24.4,24.4
24.183,468.1,45.5,100.0,0.0,-75.8,1,3460,-0.36,0.47,42.3,42.5,42.0,44.1,23.5,23.5,24.4,24.4
24.2,468.4,45.7,100.0,0.0,-74.9,1,3530,-0.35,0.5,42.3,42.5,42.0,44.1,23.5,23.5,24.4,24.4
24.217,468.6,46.0,100.0,0.0,-73.9,1,3581,-0.38,0.54,42.3,42.5,42.0,44.1,23.5,23.5,24.4,24.4
24.233,468.9,46.3,100.0,0.0,-72.9,1,3606,-0.36,0.57,42.3,42.5,42.0,44.2,23.5,23.5,24.4,24.4
24.25,469.1,46.6,100.0,0.0,-72.1,1,3603,-0.35,0.61,42.3,42.5,42.0,44.2,23.5,23.5,24.4,24.4
24.267,469.4,46.9,100.0,0.0,-71.2,1,3578,-0.37,0.63,42.3,42.5,42.0,44.3,23.5,23.5,24.4,24.4
24.283,469.6,47.2,100.0,0.0,-70.3,1,3541,-0.37,0.63,42.3,42.5,42.0,44.3,23.5,23.5,24.4,24.4
24.3,469.9,47.6,100.0,0.0,-69.2,1,3505,-0.37,0.63,42.3,42.5,42.0,44.3,23.5,23.5,24.4,24.4
24.317,470.1,47.9,100.0,0.0,-68.3,1,3482,-0.38,0.61,42.3,42.5,42.0,44.4,23.5,23.5,24.4,24.4
24.333,470.4,48.2,100.0,0.0,-67.4,1,3483,-0.4,0.58,42.3,42.5,42.0,44.4,23.5,23.5,24.4,24.4
24.35,470.7,48.5,100.0,0.0,-66.3,1,3513,-0.4,0.55,42.3,42.5,42.0,44.4,23.5,23.5,24.4,24.4
24.367,470.9,48.8,100.0,0.0,-65.2,1,3571,-0.39,0.54,42.3,42.4,42.0,44.4,23.5,23.5,24.4,24.4
24.383,471.2,49.1,100.0,0.0,-64.0,1,3650,-0.39,0.53,42.3,42.4,42.0,44.5,23.5,23.5,24.4,24.4
24.4,471.5,49.3,100.0,0.0,-62.8,1,3732,-0.38,0.54,42.3,42.4,42.0,44.5,23.5,23.5,24.4,24.4
24.417,471.7,49.6,100.0,0.0,-61.4,1,3804,-0.37,0.57,42.3,42.4,42.0,44.5,23.5,23.5,24.4,24.4
24.433,472.0,49.9,100.0,0.0,-60.1,1,3857,-0.36,0.6,42.3,42.4,42.0,44.5,23.5,23.5,24.4,24.4
24.45,472.3,50.3,100.0,0.0,-58.7,1,3885,-0.35,0.63,42.3,42.4,42.0,44.6,23.5,23.5,24.4,24.4
24.467,472.6,50.6,100.0,0.0,-57.0,1,3888,-0.35,0.65,42.3,42.4,42.0,44.6,23.5,23.5,24.4,24.4
24.483,472.8,51.0,100.0,0.0,-55.3,1,3874,-0.34,0.67,42.3,42.4,42.0,44.6,23.5,23.5,24.4,24.4
24.5,473.1,51.3,100.0,0.0,-53.4,1,3851,-0.34,0.68,42.3,42.4,42.1,44.7,23.5,23.5,24.4,24.4
24.517,473.4,51.7,100.0,0.0,-51.5,1,3828,-0.34,0.67,42.3,42.4,42.1,44.7,23.5,23.5,24.4,24.4
24.533,473.7,52.0,100.0,0.0,-49.4,1,3813,-0.35,0.65,42.3,42.4,42.1,44.7,23.5,23.5,24.4,24.4
24.55,474.0,52.4,100.0,0.0,-47.5,1,3813,-0.33,0.64,42.2,42.4,42.1,44.7,23.5,23.5,24.4,24.4
24.567,474.3,52.7,100.0,0.0,-45.4,1,3833,-0.32,0.62,42.2,42.4,42.1,44.8,23.5,23.5,24.4,24.4
24.583,474.5,53.0,100.0,0.0,-43.0,1,3871,-0.3,0.6,42.2,42.4,42.1,44.8,23.5,23.5,24.4,24.4
24.6,474.8,53.3,100.0,0.0,-40.6,1,3923,-0.28,0.59,42.2,42.4,42.0,44.8,23.5,23.5,24.4,24.4
24.617,475.1,53.7,100.0,0.0,-38.5,1,3983,-0.26,0.59,42.2,42.4,42.0,44.8,23.5,23.5,24.4,24.4
24.633,475.4,54.0,100.0,0.0,-35.7,1,4040,-0.23,0.6,42.2,42.4,42.0,44.8,23.5,23.5,24.4,24.4
24.65,475.7,54.3,100.0,0.0,-33.2,1,4085,-0.21,0.62,42.2,42.4,42.0,44.8,23.5,23.5,24.4,24.4
24.667,476.0,54.6,100.0,0.0,-30.5,1,4115,-0.18,0.64,42.2,42.4,42.0,44.8,23.5,23.5,24.4,24.4
24.683,476.3,55.0,100.0,0.0,-27.8,1,4131,-0.16,0.65,42.2,42.4,42.0,44.8,23.5,23.5,24.4,24.4
24.7,476.6,55.3,100.0,0.0,-25.4,1,4136,-0.14,0.66,42.2,42.4,42.0,44.8,23.5,23.5,24.4,24.4
24.717,476.9,55.7,100.0,0.0,-22.3,1,4136,-0.13,0.66,42.2,42.4,42.0,44.8,23.5,23.5,24.4,24.4
24.733,477.2,56.0,100.0,0.0,-19.3,1,4138,-0.1,0.66,42.2,42.4,42.0,44.8,23.5,23.5,24.4,24.4
24.75,477.6,56.4,100.0,0.0,-16.5,1,4145,-0.09,0.65,42.2,42.4,42.0,44.8,23.5,23.5,24.4,24.4
24.767,477.9,56.7,100.0,0.0,-12.9,1,4160,-0.07,0.64,42.2,42.4,42.0,44.8,23.5,23.5,24.4,24.4
24.783,478.2,57.1,100.0,0.0,-9.7,1,4185,-0.03,0.63,42.2,42.4,42.0,44.8,23.5,23.5,24.4,24.4
24.8,478.5,57.4,100.0,0.0,-6.4,1,4218,-0.01,0.63,42.2,42.4,42.0,44.8,23.5,23.5,24.4,24.4
24.817,478.8,57.7,100.0,0.0,-3.4,1,4255,0.02,0.62,42.2,42.3,42.1,44.8,23.5,23.5,24.4,24.4
24.833,479.1,58.1,100.0,0.0,-0.2,1,4295,0.02,0.62,42.2,42.3,42.1,44.8,23.5,23.5,24.4,24.4
24.85,479.4,58.4,100.0,0.0,2.7,1,4333,0.05,0.62,42.2,42.3,42.1,44.8,23.5,23.5,24.4,24.4
24.867,479.8,58.7,100.0,0.0,5.6,1,4367,0.08,0.62,42.2,42.3,42.1,44.8,23.5,23.5,24.4,24.4
24.883,480.1,59.1,100.0,0.0,8.5,1,4396,0.1,0.63,42.2,42.3,42.1,44.8,23.5,23.5,24.4,24.4
24.9,480.4,59.4,100.0,0.0,11.2,1,4420,0.12,0.63,42.2,42.3,42.1,44.8,23.5,23.5,24.4,24.4
24.917,480.7,59.7,100.0,0.0,14.0,1,4440,0.14,0.64,42.2,42.3,42.1,44.8,23.5,23.5,24.4,24.4
24.933,481.1,60.1,100.0,0.0,16.4,1,4459,0.17,0.64,42.2,42.3,42.1,44.8,23.5,23.5,24.4,24.4
24.95,481.4,60.4,100.0,0.0,18.8,1,4478,0.18,0.64,42.2,42.3,42.1,44.8,23.5,23.5,24.4,24.4
24.967,481.7,60.8,100.0,0.0,21.2,1,4500,0.22,0.63,42.2,42.3,42.1,44.8,23.5,23.5,24.4,24.4
24.983,482.1,61.1,100.0,0.0,23.1,1,4526,0.24,0.63,42.2,42.3,42.1,44.8,23.5,23.5,24.4,24.4
25.0,482.4,61.5,100.0,0.0,25.3,1,4557,0.27,0.62,42.1,42.3,42.2,44.8,23.5,23.5,24.4,24.4
25.017,482.7,61.8,100.0,0.0,27.1,1,4592,0.29,0.62,42.1,42.3,42.2,44.8,23.5,23.5,24.4,24.4
25.033,483.1,62.1,100.0,0.0,29.1,1,4627,0.34,0.62,42.1,42.3,42.2,44.7,23.5,23.5,24.4,24.4
25.05,483.4,62.5,100.0,0.0,30.6,1,4660,0.36,0.62,42.1,42.3,42.2,44.7,23.5,23.5,24.4,24.4
25.067,483.7,62.8,100.0,0.0,32.1,1,4691,0.35,0.62,42.1,42.3,42.3,44.7,23.5,23.5,24.4,24.4
25.083,484.1,63.2,100.0,0.0,33.7,1,4717,0.39,0.62,42.1,42.3,42.3,44.7,23.5,23.5,24.4,24.4
25.1,484.4,63.5,100.0,0.0,35.3,1,4738,0.39,0.63,42.1,42.3,42.3,44.7,23.5,23.5,24.4,24.4
25.117,484.8,63.8,100.0,0.0,36.6,1,4756,0.42,0.63,42.1,42.3,42.3,44.7,23.5,23.5,24.4,24.4
25.133,485.1,64.2,100.0,0.0,38.5,1,4772,0.46,0.63,42.1,42.2,42.4,44.7,23.5,23.5,24.4,24.4
25.15,485.5,64.5,100.0,0.0,40.3,1,4788,0.47,0.63,42.1,42.2,42.4,44.7,23.5,23.5,24.4,24.4
25.167,485.8,64.9,100.0,0.0,42.1,1,4805,0.48,0.63,42.1,42.2,42.4,44.7,23.5,23.5,24.4,24.4
25.183,486.2,65.2,100.0,0.0,43.7,1,4821,0.53,0.63,42.1,42.2,42.4,44.7,23.5,23.5,24.4,24.4
25.2,486.5,65.6,100.0,0.0,45.1,1,4832,0.54,0.62,42.1,42.2,42.5,44.6,23.5,23.5,24.4,24.4
25.217,486.8,65.9,100.0,0.0,46.8,1,4841,0.52,0.61,42.1,42.2,42.5,44.6,23.5,23.5,24.4,24.4
25.233,487.2,66.2,100.0,0.0,48.3,1,4860,0.5,0.61,42.1,42.2,42.5,44.6,23.5,23.5,24.4,24.4
25.25,487.5,66.6,100.0,0.0,49.5,1,4893,0.51,0.6,42.1,42.2,42.5,44.6,23.5,23.5,24.4,24.4
25.267,487.9,66.9,100.0,0.0,50.4,1,4936,0.54,0.59,42.1,42.2,42.6,44.6,23.5,23.5,24.4,24.4
25.283,488.3,67.2,100.0,0.0,51.3,1,4984,0.54,0.58,42.1,42.2,42.6,44.6,23.5,23.5,24.4,24.4
25.3,488.6,67.5,100.0,0.0,51.7,1,5031,0.57,0.58,42.1,42.2,42.6,44.6,23.5,23.5,24.4,24.4
25.317,489.0,67.8,100.0,0.0,51.7,1,5073,0.57,0.59,42.1,42.2,42.7,44.5,23.5,23.5,24.4,24.4
25.333,489.3,68.2,100.0,0.0,51.2,1,5110,0.57,0.6,42.1,42.2,42.7,44.5,23.5,23.5,24.4,24.4
25.35,489.7,68.5,100.0,0.0,50.3,1,5141,0.59,0.6,42.1,42.2,42.7,44.5,23.5,23.5,24.4,24.4
25.367,490.0,68.8,100.0,0.0,49.0,1,5167,0.59,0.61,42.1,42.2,42.8,44.5,23.5,23.5,24.4,24.4
25.383,490.4,69.2,100.0,0.0,47.5,1,5188,0.6,0.61,42.1,42.2,42.8,44.5,23.5,23.5,24.4,24.4
25.4,490.8,69.5,100.0,0.0,45.2,1,5207,0.6,0.62,42.1,42.2,42.9,44.5,23.5,23.5,24.4,24.4
25.417,491.1,69.8,100.0,0.0,42.8,1,5226,0.59,0.62,42.1,42.2,43.0,44.5,23.5,23.5,24.4,24.4
25.433,491.5,70.2,100.0,0.0,40.0,1,5246,0.59,0.62,42.1,42.2,43.0,44.5,23.5,23.5,24.4,24.4
25.45,491.9,70.5,100.0,0.0,36.7,1,5267,0.56,0.62,42.1,42.2,43.1,44.5,23.5,23.5,24.4,24.4
25.467,492.2,70.8,100.0,0.0,33.5,1,5290,0.56,0.62,42.1,42.2,43.1,44.5,23.5,23.5,24.4,24.4
25.483,492.6,71.2,100.0,0.0,30.1,1,5313,0.53,0.62,42.1,42.2,43.1,44.5,23.5,23.5,24.4,24.4
25.5,492.9,71.5,100.0,0.0,25.9,1,5334,0.51,0.62,42.1,42.1,43.2,44.5,23.5,23.5,24.4,24.4
25.517,493.3,71.9,100.0,0.0,22.2,1,5351,0.47,0.63,42.1,42.1,43.2,44.5,23.5,23.5,24.4,24.4
25.533,493.7,72.2,100.0,0.0,18.9,1,5366,0.43,0.63,42.1,42.1,43.2,44.5,23.5,23.5,24.4,24.4
25.55,494.0,72.6,100.0,0.0,14.5,1,5379,0.38,0.63,42.1,42.1,43.3,44.5,23.5,23.5,24.4,24.4
25.567,494.4,72.9,100.0,0.0,11.0,1,5393,0.32,0.63,42.1,42.1,43.3,44.5,23.5,23.5,24.4,24.4
25.583,494.8,73.3,100.0,0.0,7.2,1,5409,0.27,0.63,42.1,42.1,43.3,44.5,23.5,23.5,24.4,24.4
25.6,495.2,73.6,100.0,0.0,3.6,1,5430,0.2,0.62,42.1,42.1,43.3,44.5,23.5,23.5,24.4,24.4
25.617,495.5,73.9,100.0,0.0,0.7,1,5456,0.16,0.62,42.0,42.1,43.3,44.5,23.5,23.5,24.4,24.4
25.633,495.9,74.3,100.0,0.0,-2.9,1,5486,0.1,0.61,42.0,42.1,43.3,44.5,23.5,23.5,24.4,24.4
25.65,496.3,74.6,100.0,0.0,-5.8,1,5520,0.06,0.61,42.0,42.1,43.3,44.5,23.5,23.5,24.4,24.4
25.667,496.6,75.0,100.0,0.0,-8.5,1,5556,0.02,0.61,42.0,42.1,43.3,44.5,23.5,23.5,24.4,24.4
25.683,497.0,75.3,100.0,0.0,-10.8,1,5589,-0.03,0.61,42.0,42.1,43.3,44.5,23.5,23.5,24.4,24.4
25.7,497.4,75.6,100.0,0.0,-13.0,1,5620,-0.07,0.61,42.0,42.1,43.3,44.5,23.5,23.5,24.4,24.4
25.717,497.8,76.0,100.0,0.0,-15.0,1,5646,-0.11,0.62,42.0,42.1,43.3,44.5,23.5,23.5,24.4,24.4
25.733,498.1,76.3,100.0,0.0,-16.6,1,5668,-0.14,0.62,42.0,42.1,43.3,44.5,23.5,23.5,24.4,24.4
25.75,498.5,76.7,100.0,0.0,-17.9,1,5686,-0.17,0.62,42.0,42.0,43.3,44.5,23.5,23.5,24.4,24.4
25.767,498.9,77.0,100.0,0.0,-18.9,1,5702,-0.18,0.62,42.0,42.0,43.3,44.5,23.4,23.4,24.4,24.4
25.783,499.3,77.4,100.0,0.0,-19.5,1,5719,-0.23,0.62,42.0,42.0,43.3,44.5,23.4,23.4,24.4,24.4
25.8,499.6,77.7,100.0,0.0,-19.8,1,5738,-0.24,0.61,42.0,42.0,43.3,44.5,23.4,23.4,24.4,24.4
25.817,500.0,78.0,100.0,0.0,-19.9,1,5759,-0.26,0.61,42.0,42.0,43.3,44.5,23.4,23.4,24.4,24.4
25.833,500.4,78.4,100.0,0.0,-19.6,1,5782,-0.26,0.6,42.0,42.0,43.3,44.5,23.4,23.4,24.4,24.4
25.85,500.8,78.7,100.0,0.0,-19.0,1,5808,-0.27,0.6,42.0,42.0,43.3,44.5,23.4,23.4,24.4,24.4
25.867,501.2,79.0,100.0,0.0,-18.2,1,5834,-0.28,0.6,41.9,42.0,43.3,44.5,23.4,23.4,24.4,24.4
25.883,501.5,79.4,100.0,0.0,-17.2,1,5862,-0.28,0.6,41.9,42.0,43.3,44.5,23.4,23.4,24.4,24.4
25.9,501.9,79.7,100.0,0.0,-15.9,1,5889,-0.27,0.6,41.9,42.0,43.3,44.5,23.4,23.4,24.4,24.4
25.917,502.3,80.1,100.0,0.0,-14.3,1,5917,-0.27,0.6,41.9,42.0,43.3,44.5,23.4,23.4,24.4,24.4
25.933,502.7,80.4,100.0,0.0,-12.7,1,5945,-0.26,0.59,41.9,42.0,43.3,44.5,23.4,23.4,24.4,24.4
25.95,503.1,80.7,100.0,0.0,-10.9,1,5974,-0.24,0.59,41.9,42.0,43.3,44.5,23.4,23.4,24.4,24.4
25.967,503.5,81.0,100.0,0.0,-9.1,1,6003,-0.22,0.59,41.9,41.9,43.3,44.5,23.4,23.4,24.4,24.4
25.983,503.9,81.4,100.0,0.0,-7.3,1,6031,-0.21,0.59,41.9,41.9,43.3,44.5,23.4,23.4,24.4,24.4
26.0,504.2,81.7,100.0,0.0,-5.1,1,6053,-0.19,0.59,41.9,41.9,43.2,44.5,23.4,23.4,24.4,24.4
26.017,504.6,82.1,100.0,0.0,-3.3,1,6069,-0.17,0.6,41.9,41.9,43.2,44.5,23.4,23.4,24.4,24.4
26.033,505.0,82.4,100.0,0.0,-1.3,1,6080,-0.14,0.6,41.8,41.9,43.2,44.5,23.4,23.4,24.4,24.4
26.05,505.4,82.7,100.0,0.0,0.4,1,6088,-0.1,0.6,41.8,41.9,43.2,44.4,23.4,23.4,24.4,24.4
26.067,505.8,83.1,100.0,0.0,2.0,1,6098,-0.07,0.6,41.8,41.9,43.2,44.4,23.4,23.4,24.4,24.4
26.083,506.2,83.4,100.0,0.0,3.7,1,6111,-0.03,0.59,41.8,41.9,43.2,44.4,23.4,23.4,24.4,24.4
26.1,506.6,83.7,100.0,0.0,5.0,1,6133,0.01,0.58,41.8,41.9,43.2,44.4,23.4,23.4,24.4,24.4
26.117,507.0,83.7,100.0,0.0,6.2,1,6322,0.1,-0.3,41.8,41.9,43.2,44.4,23.4,23.4,24.4,24.4
26.133,507.4,83.7,100.0,0.0,7.5,2,6031,0.11,0.2,41.8,41.9,43.2,44.4,23.4,23.4,24.4,24.4
26.15,507.8,84.0,100.0,0.0,8.3,2,5568,0.02,0.65,41.8,41.8,43.2,44.4,23.4,23.4,24.4,24.4
26.167,508.2,84.4,100.0,0.0,9.0,2,5214,0.09,0.79,41.8,41.8,43.2,44.4,23.4,23.4,24.4,24.4
26.183,508.6,84.8,100.0,0.0,9.5,2,4912,0.15,0.71,41.8,41.8,43.3,44.4,23.4,23.4,24.4,24.4
26.2,509.0,85.2,100.0,0.0,9.9,2,4621,0.15,0.7,41.7,41.8,43.3,44.4,23.4,23.4,24.4,24.4
26.217,509.4,85.6,100.0,0.0,10.1,2,4413,0.16,0.63,41.7,41.8,43.3,44.4,23.4,23.4,24.4,24.4
26.233,509.8,85.9,100.0,0.0,10.2,2,4342,0.2,0.49,41.7,41.8,43.3,44.4,23.4,23.4,24.4,24.4
26.25,510.2,86.2,100.0,0.0,10.2,2,4414,0.22,0.38,41.7,41.8,43.2,44.4,23.4,23.4,24.4,24.4
26.267,510.6,86.3,100.0,0.0,10.0,2,4584,0.22,0.32,41.7,41.8,43.2,44.3,23.4,23.4,24.4,24.4
26.283,511.0,86.5,100.0,0.0,9.7,2,4777,0.22,0.32,41.7,41.8,43.2,44.3,23.4,23.4,24.4,24.4
26.3,511.4,86.7,100.0,0.0,9.2,2,4922,0.2,0.37,41.7,41.7,43.2,44.3,23.4,23.4,24.4,24.4
26.317,511.8,86.9,100.0,0.0,8.7,2,4980,0.19,0.45,41.7,41.7,43.2,44.2,23.4,23.4,24.4,24.4
26.333,512.2,87.2,100.0,0.0,8.0,2,4953,0.18,0.51,41.7,41.7,43.2,44.2,23.4,23.4,24.4,24.4
26.35,512.6,87.5,100.0,0.0,7.2,2,4874,0.17,0.54,41.7,41.7,43.2,44.2,23.4,23.4,24.4,24.4
26.367,513.0,87.8,100.0,0.0,6.4,2,4790,0.17,0.54,41.7,41.7,43.1,44.2,23.4,23.4,24.4,24.4
26.383,513.4,88.1,100.0,0.0,5.5,2,4735,0.17,0.51,41.6,41.7,43.1,44.2,23.4,23.4,24.4,24.4
26.4,513.8,88.4,100.0,0.0,4.8,2,4726,0.17,0.47,41.6,41.7,43.1,44.2,23.4,23.4,24.4,24.4
26.417,514.2,88.6,100.0,0.0,3.9,2,4761,0.17,0.43,41.6,41.7,43.1,44.1,23.4,23.4,24.4,24.4
26.433,514.6,88.9,100.0,0.0,3.2,2,4824,0.16,0.42,41.6,41.7,43.1,44.1,23.4,23.4,24.4,24.4
26.45,515.1,89.1,100.0,0.0,2.6,2,4890,0.15,0.42,41.6,41.7,43.1,44.1,23.4,23.4,24.4,24.4
26.467,515.5,89.4,100.0,0.0,2.0,2,4940,0.13,0.44,41.6,41.6,43.0,44.0,23.4,23.4,24.4,24.4
26.483,515.9,89.6,100.0,0.0,1.5,2,4962,0.1,0.46,41.6,41.6,43.0,44.0,23.4,23.4,24.4,24.4
26.5,516.3,89.9,100.0,0.0,1.0,2,4960,0.1,0.47,41.6,41.6,43.0,44.0,23.4,23.4,24.4,24.4
26.517,516.7,90.1,100.0,0.0,0.7,2,4943,0.08,0.48,41.6,41.6,43.0,44.0,23.4,23.4,24.4,24.4
26.533,517.1,90.4,100.0,0.0,0.4,2,4926,0.07,0.48,41.6,41.6,43.0,43.9,23.4,23.4,24.4,24.4
26.55,517.6,90.7,100.0,0.0,0.2,2,4919,0.07,0.47,41.6,41.6,42.9,43.9,23.4,23.4,24.4,24.4
26.567,518.0,90.9,100.0,0.0,0.1,2,4928,0.06,0.45,41.5,41.6,42.9,43.9,23.4,23.4,24.4,24.4
26.583,518.4,91.2,100.0,0.0,0.1,2,4952,0.06,0.44,41.5,41.6,42.9,43.9,23.4,23.4,24.4,24.4
26.6,518.8,91.4,100.0,0.0,0.1,2,4985,0.05,0.44,41.5,41.6,42.9,43.8,23.4,23.4,24.4,24.4
26.617,519.3,91.7,100.0,0.0,0.2,2,5022,0.04,0.44,41.5,41.6,42.9,43.8,23.4,23.4,24.4,24.4
26.633,519.7,91.9,100.0,0.0,0.4,2,5055,0.04,0.44,41.5,41.5,42.9,43.8,23.4,23.4,24.4,24.4
26.65,520.1,92.2,100.0,0.0,0.6,2,5080,0.04,0.45,41.5,41.5,42.8,43.8,23.4,23.4,24.4,24.4
26.667,520.5,92.4,100.0,0.0,0.9,2,5095,0.04,0.46,41.5,41.5,42.8,43.8,23.4,23.4,24.4,24.4
26.683,521.0,92.7,100.0,0.0,1.3,2,5101,0.06,0.47,41.5,41.5,42.8,43.7,23.4,23.4,24.4,24.4
26.7,521.4,93.0,100.0,0.0,1.8,2,5102,0.06,0.47,41.5,41.5,42.8,43.7,23.4,23.4,24.4,24.4
26.717,521.8,93.2,100.0,0.0,2.3,2,5101,0.06,0.47,41.5,41.5,42.8,43.7,23.4,23.4,24.4,24.4
26.733,522.3,93.5,100.0,0.0,2.8,2,5102,0.07,0.46,41.5,41.5,42.8,43.7,23.4,23.4,24.4,24.4
26.75,522.7,93.8,100.0,0.0,3.4,2,5107,0.07,0.46,41.4,41.5,42.7,43.6,23.4,23.4,24.4,24.4
26.767,523.1,94.0,100.0,0.0,3.9,2,5120,0.08,0.45,41.4,41.5,42.7,43.6,23.4,23.4,24.4,24.4
26.783,523.6,94.3,100.0,0.0,4.5,2,5138,0.09,0.45,41.4,41.5,42.7,43.6,23.4,23.4,24.4,24.4
26.8,524.0,94.5,100.0,0.0,5.0,2,5160,0.1,0.44,41.4,41.4,42.7,43.6,23.4,23.4,24.4,24.4
26.817,524.5,94.8,100.0,0.0,5.6,2,5183,0.11,0.44,41.4,41.4,42.7,43.5,23.4,23.4,24.4,24.4
26.833,524.9,95.0,100.0,0.0,6.2,2,5203,0.12,0.45,41.4,41.4,42.6,43.5,23.4,23.4,24.4,24.4
26.85,525.3,95.3,100.0,0.0,6.8,2,5219,0.13,0.45,41.4,41.4,42.6,43.5,23.4,23.4,24.4,24.4
26.867,525.8,95.6,100.0,0.0,7.4,2,5232,0.14,0.45,41.4,41.4,42.6,43.5,23.4,23.4,24.4,24.4
26.883,526.2,95.8,100.0,0.0,8.0,2,5242,0.15,0.45,41.4,41.4,42.6,43.4,23.4,23.4,24.4,24.4
26.9,526.7,96.1,100.0,0.0,8.6,2,5253,0.16,0.45,41.4,41.4,42.6,43.4,23.4,23.4,24.4,24.4
26.917,527.1,96.3,100.0,0.0,9.0,2,5264,0.18,0.45,41.4,41.4,42.6,43.4,23.4,23.4,24.4,24.4
26.933,527.6,96.6,100.0,0.0,9.5,2,5278,0.19,0.45,41.3,41.4,42.6,43.4,23.4,23.4,24.4,24.4
26.95,528.0,96.9,100.0,0.0,9.9,2,5293,0.2,0.45,41.3,41.4,42.5,43.3,23.4,23.4,24.4,24.4
26.967,528.5,97.1,100.0,0.0,10.3,2,5310,0.22,0.45,41.3,41.3,42.5,43.3,23.4,23.4,24.4,24.4
26.983,528.9,97.4,100.0,0.0,10.5,2,5326,0.23,0.45,41.3,41.3,42.5,43.3,23.4,23.4,24.4,24.4
27.0,529.3,97.6,100.0,0.0,10.6,2,5342,0.24,0.45,41.3,41.3,42.5,43.3,23.4,23.4,24.4,24.4
27.017,529.8,97.9,100.0,0.0,10.6,2,5357,0.25,0.45,41.3,41.3,42.5,43.3,23.4,23.4,24.4,24.4
27.033,530.3,98.2,100.0,0.0,10.6,2,5371,0.25,0.45,41.3,41.3,42.5,43.2,23.4,23.4,24.4,24.4
27.05,530.7,98.4,100.0,0.0,10.3,2,5384,0.26,0.45,41.3,41.3,42.5,43.2,23.4,23.4,24.4,24.4
27.067,531.2,98.7,100.0,0.0,10.1,2,5397,0.26,0.45,41.3,41.3,42.4,43.2,23.4,23.4,24.4,24.4
27.083,531.6,98.9,100.0,0.0,9.7,2,5410,0.26,0.45,41.3,41.3,42.4,43.2,23.4,23.4,24.4,24.4
27.1,532.1,99.2,100.0,0.0,9.3,2,5423,0.27,0.45,41.3,41.3,42.4,43.1,23.4,23.4,24.4,24.4
27.117,532.5,99.5,100.0,0.0,8.8,2,5434,0.25,0.45,41.2,41.3,42.4,43.1,23.4,23.4,24.4,24.4
27.133,533.0,99.7,100.0,0.0,8.2,2,5446,0.26,0.45,41.2,41.2,42.4,43.1,23.4,23.4,24.4,24.4
27.15,533.4,100.0,100.0,0.0,7.6,2,5458,0.24,0.45,41.2,41.2,42.4,43.1,23.4,23.4,24.4,24.4
27.167,533.9,100.2,100.0,0.0,6.8,2,5472,0.22,0.45,41.2,41.2,42.4,43.0,23.4,23.4,24.4,24.4
27.183,534.4,100.5,100.0,0.0,6.0,2,5487,0.22,0.45,41.2,41.2,42.3,43.0,23.4,23.4,24.4,24.4
27.2,534.8,100.8,100.0,0.0,5.1,2,5504,0.2,0.45,41.2,41.2,42.3,43.0,23.4,23.4,24.4,24.4
27.217,535.3,101.0,100.0,0.0,4.3,2,5523,0.19,0.45,41.2,41.2,42.3,43.0,23.4,23.4,24.4,24.4
27.233,535.8,101.3,100.0,0.0,3.3,2,5541,0.17,0.45,41.2,41.2,42.3,43.0,23.4,23.4,24.4,24.4
27.25,536.2,101.5,100.0,0.0,2.4,2,5559,0.15,0.45,41.2,41.2,42.3,42.9,23.4,23.4,24.4,24.4
27.267,536.7,101.8,100.0,0.0,1.5,2,5577,0.13,0.45,41.2,41.2,42.3,42.9,23.4,23.4,24.4,24.4
27.283,537.2,102.1,100.0,0.0,0.5,2,5592,0.12,0.45,41.2,41.2,42.3,42.9,23.4,23.4,24.4,24.4
27.3,537.6,102.3,100.0,0.0,-0.4,2,5605,0.11,0.45,41.2,41.2,42.2,42.9,23.4,23.4,24.4,24.4
27.317,538.1,102.6,100.0,0.0,-1.3,2,5614,0.08,0.46,41.1,41.1,42.2,42.9,23.4,23.4,24.4,24.4
27.333,538.6,102.8,100.0,0.0,-2.3,2,5622,0.06,0.45,41.1,41.1,42.2,42.8,23.4,23.4,24.4,24.4
27.35,539.0,103.1,100.0,0.0,-3.1,2,5630,0.04,0.45,41.1,41.1,42.2,42.8,23.4,23.4,24.4,24.4
27.367,539.5,103.4,100.0,0.0,-3.9,2,5639,0.02,0.45,41.1,41.1,42.2,42.8,23.4,23.4,24.4,24.4
27.383,540.0,103.6,100.0,0.0,-4.6,2,5652,-0.0,0.45,41.1,41.1,42.2,42.8,23.4,23.4,24.4,24.4
27.4,540.5,103.9,100.0,0.0,-5.1,2,5666,-0.02,0.44,41.1,41.1,42.1,42.8,23.4,23.4,24.4,24.4
27.417,540.9,104.1,100.0,0.0,-5.6,2,5682,-0.04,0.44,41.1,41.1,42.1,42.7,23.4,23.4,24.4,24.4
27.433,541.4,104.4,100.0,0.0,-6.0,2,5698,-0.06,0.44,41.1,41.1,42.1,42.7,23.4,23.4,24.4,24.4
27.45,541.9,104.7,100.0,0.0,-6.3,2,5714,-0.08,0.44,41.1,41.1,42.1,42.7,23.4,23.4,24.4,24.4
27.467,542.4,104.9,100.0,0.0,-6.5,2,5728,-0.09,0.44,41.1,41.1,42.1,42.7,23.4,23.4,24.4,24.4
27.483,542.8,105.2,100.0,0.0,-6.7,2,5741,-0.11,0.44,41.1,41.1,42.0,42.7,23.4,23.4,24.4,24.4
27.5,543.3,105.4,100.0,0.0,-6.7,2,5754,-0.12,0.44,41.0,41.0,42.0,42.6,23.4,23.4,24.4,24.4
27.517,543.8,105.7,100.0,0.0,-6.7,2,5766,-0.12,0.44,41.0,41.0,42.0,42.6,23.4,23.4,24.4,24.4
27.533,544.3,105.9,100.0,0.0,-6.6,2,5779,-0.13,0.44,41.0,41.0,42.0,42.6,23.4,23.4,24.4,24.4
27.55,544.8,106.2,100.0,0.0,-6.4,2,5792,-0.13,0.44,41.0,41.0,42.0,42.6,23.4,23.4,24.4,24.4
27.567,545.3,106.5,100.0,0.0,-6.2,2,5806,-0.14,0.44,41.0,41.0,42.0,42.6,23.4,23.4,24.4,24.4
27.583,545.8,106.7,100.0,0.0,-6.0,2,5822,-0.15,0.44,41.0,41.0,41.9,42.5,23.4,23.4,24.4,24.4
27.6,546.2,107.0,100.0,0.0,-5.7,2,5840,-0.15,0.43,41.0,41.0,41.9,42.5,23.4,23.4,24.4,24.4
27.617,546.7,107.2,100.0,0.0,-5.4,2,5859,-0.14,0.43,41.0,41.0,41.9,42.5,23.4,23.4,24.4,24.4
27.633,547.2,107.5,100.0,0.0,-5.1,2,5878,-0.15,0.43,41.0,41.0,41.9,42.5,23.4,23.4,24.4,24.4
27.65,547.7,107.7,100.0,0.0,-4.8,2,5893,-0.14,0.43,41.0,41.0,41.9,42.5,23.4,23.4,24.4,24.4
27.667,548.2,108.0,100.0,0.0,-4.5,2,5902,-0.15,0.44,40.9,41.0,41.8,42.5,23.4,23.4,24.4,24.4
27.683,548.7,108.2,100.0,0.0,-4.2,2,5908,-0.15,0.44,40.9,40.9,41.8,42.4,23.4,23.4,24.4,24.4
27.7,549.2,108.5,100.0,0.0,-3.9,2,5913,-0.15,0.44,40.9,40.9,41.8,42.4,23.4,23.4,24.4,24.4
27.717,549.7,108.7,100.0,0.0,-3.7,2,5922,-0.14,0.43,40.9,40.9,41.8,42.4,23.4,23.4,24.4,24.4
27.733,550.2,109.0,100.0,0.0,-3.5,2,5936,-0.13,0.43,40.9,40.9,41.8,42.4,23.4,23.4,24.4,24.4
27.75,550.7,109.2,100.0,0.0,-3.2,2,5955,-0.13,0.43,40.9,40.9,41.8,42.4,23.4,23.4,24.4,24.4
27.767,551.2,109.5,100.0,0.0,-3.0,2,5976,-0.12,0.42,40.9,40.9,41.7,42.3,23.4,23.4,24.4,24.4
27.783,551.7,109.7,100.0,0.0,-2.8,2,5996,-0.12,0.42,40.9,40.9,41.7,42.3,23.4,23.4,24.4,24.4
27.8,552.2,110.0,100.0,0.0,-2.6,2,6014,-0.11,0.43,40.9,40.9,41.7,42.3,23.4,23.4,24.4,24.4
27.817,552.7,110.2,100.0,0.0,-2.5,2,6026,-0.11,0.43,40.9,40.9,41.7,42.3,23.4,23.4,24.4,24.4
27.833,553.2,110.5,100.0,0.0,-2.3,2,6036,-0.11,0.43,40.9,40.9,41.7,42.3,23.4,23.4,24.4,24.4
27.85,553.7,110.7,100.0,0.0,-2.2,2,6044,-0.1,0.43,40.8,40.9,41.7,42.2,23.4,23.4,24.4,24.4
27.867,554.2,111.0,100.0,0.0,-2.1,2,6052,-0.09,0.43,40.8,40.8,41.6,42.2,23.4,23.4,24.4,24.4
27.883,554.7,111.2,100.0,0.0,-2.0,2,6061,-0.09,0.42,40.8,40.8,41.6,42.2,23.4,23.4,24.4,24.4
27.9,555.2,111.5,100.0,0.0,-2.0,2,6072,-0.09,0.42,40.8,40.8,41.6,42.2,23.4,23.4,24.4,24.4
27.917,555.8,111.7,100.0,0.0,-1.9,2,6085,-0.07,0.42,40.8,40.8,41.6,42.2,23.4,23.4,24.4,24.4
27.933,556.3,112.0,100.0,0.0,-1.9,2,6100,-0.07,0.42,40.8,40.8,41.6,42.2,23.4,23.4,24.4,24.4
27.95,556.8,112.2,100.0,0.0,-1.9,2,6116,-0.07,0.41,40.8,40.8,41.6,42.1,23.4,23.4,24.4,24.4
27.967,557.3,112.5,100.0,0.0,-1.9,2,6133,-0.06,0.41,40.8,40.8,41.5,42.1,23.4,23.4,24.4,24.4
27.983,557.8,112.7,100.0,0.0,-2.0,2,6150,-0.05,0.41,40.8,40.8,41.5,42.1,23.4,23.4,24.4,24.4
28.0,558.3,112.9,100.0,0.0,-2.0,2,6166,-0.05,0.41,40.8,40.8,41.5,42.1,23.4,23.4,24.4,24.4
28.017,558.8,113.2,100.0,0.0,-2.0,2,6181,-0.05,0.41,40.8,40.8,41.5,42.1,23.4,23.4,24.4,24.4
28.033,559.4,113.4,100.0,0.0,-2.1,2,6195,-0.05,0.41,40.7,40.8,41.5,42.0,23.4,23.4,24.4,24.4
28.05,559.9,113.7,100.0,0.0,-2.1,2,6207,-0.05,0.41,40.7,40.8,41.5,42.0,23.4,23.4,24.4,24.4
28.067,560.4,113.9,100.0,0.0,-2.0,2,6219,-0.05,0.41,40.7,40.7,41.5,42.0,23.4,23.4,24.4,24.4
28.083,560.9,114.2,100.0,0.0,-2.0,2,6230,-0.05,0.41,40.7,40.7,41.4,42.0,23.4,23.4,24.4,24.4
28.1,561.5,114.4,100.0,0.0,-1.9,2,6241,-0.05,0.41,40.7,40.7,41.4,42.0,23.4,23.4,24.4,24.4
28.117,562.0,114.7,100.0,0.0,-1.8,2,6253,-0.05,0.41,40.7,40.7,41.4,41.9,23.4,23.4,24.4,24.4
28.133,562.5,114.9,100.0,0.0,-1.7,2,6265,-0.05,0.41,40.7,40.7,41.4,41.9,23.4,23.4,24.4,24.4
28.15,563.0,115.1,100.0,0.0,-1.7,2,6277,-0.04,0.41,40.7,40.7,41.4,41.9,23.4,23.4,24.4,24.4
28.167,563.6,115.4,100.0,0.0,-1.6,2,6289,-0.05,0.4,40.7,40.7,41.4,41.9,23.4,23.4,24.4,24.4
28.183,564.1,115.6,100.0,0.0,-1.6,2,6301,-0.05,0.4,40.7,40.7,41.3,41.9,23.4,23.4,24.4,24.4
28.2,564.6,115.9,100.0,0.0,-1.6,2,6314,-0.05,0.4,40.7,40.7,41.3,41.9,23.4,23.4,24.4,24.4
28.217,565.1,116.1,100.0,0.0,-1.6,2,6326,-0.05,0.4,40.6,40.7,41.3,41.8,23.4,23.4,24.4,24.4
28.233,565.7,116.3,100.0,0.0,-1.6,2,6338,-0.04,0.4,40.6,40.7,41.3,41.8,23.4,23.4,24.4,24.4
28.25,566.2,116.6,100.0,0.0,-1.7,2,6348,-0.06,0.4,40.6,40.6,41.3,41.8,23.4,23.4,24.4,24.4
28.267,566.8,116.8,100.0,0.0,-1.7,2,6358,-0.05,0.4,40.6,40.6,41.3,41.8,23.4,23.4,24.4,24.4
28.283,567.3,117.0,100.0,0.0,-1.8,2,6370,-0.05,0.4,40.6,40.6,41.2,41.8,23.4,23.4,24.4,24.4
28.3,567.8,117.3,100.0,0.0,-1.8,2,6384,-0.05,0.39,40.6,40.6,41.2,41.7,23.4,23.4,24.4,24.4
28.317,568.4,117.5,100.0,0.0,-1.9,2,6399,-0.05,0.39,40.6,40.6,41.2,41.7,23.4,23.4,24.4,24.4
28.333,568.9,117.7,100.0,0.0,-2.0,2,6411,-0.06,0.39,40.6,40.6,41.2,41.7,23.4,23.4,24.4,24.4
28.35,569.4,118.0,100.0,0.0,-2.0,2,6419,-0.06,0.39,40.6,40.6,41.2,41.7,23.4,23.4,24.4,24.4
28.367,570.0,118.2,100.0,0.0,-2.1,2,6424,-0.05,0.39,40.6,40.6,41.1,41.7,23.4,23.4,24.4,24.4
28.383,570.5,118.4,100.0,0.0,-2.1,2,6429,-0.06,0.39,40.6,40.6,41.1,41.6,23.4,23.4,24.4,24.4
28.4,571.1,118.7,100.0,0.0,-2.1,2,6438,-0.06,0.38,40.6,40.6,41.1,41.6,23.4,23.4,24.4,24.4
28.417,571.6,118.9,100.0,0.0,-2.2,2,6453,-0.05,0.38,40.5,40.6,41.1,41.6,23.4,23.4,24.4,24.4
28.433,572.2,119.1,100.0,0.0,-2.2,2,6471,-0.05,0.38,40.5,40.6,41.1,41.6,23.4,23.4,24.4,24.4
28.45,572.7,119.3,100.0,0.0,-2.2,2,6492,-0.06,0.38,40.5,40.5,41.1,41.6,23.4,23.4,24.4,24.4
28.467,573.3,119.6,100.0,0.0,-2.2,2,6512,-0.06,0.38,40.5,40.5,41.0,41.5,23.4,23.4,24.4,24.4
28.483,573.8,119.8,100.0,0.0,-2.2,2,6529,-0.07,0.38,40.5,40.5,41.0,41.5,23.4,23.4,24.4,24.4
28.5,574.4,120.0,100.0,0.0,-2.2,2,6543,-0.07,0.38,40.5,40.5,41.0,41.5,23.4,23.4,24.4,24.4
28.517,574.9,120.2,100.0,0.0,-2.2,2,6554,-0.09,0.38,40.5,40.5,41.0,41.5,23.4,23.4,24.4,24.4
28.533,575.5,120.2,100.0,0.0,-2.2,1,6717,-0.03,-0.24,40.5,40.5,41.0,41.5,23.4,23.4,24.4,24.4
28.55,576.0,120.3,100.0,0.0,-2.2,3,6262,-0.01,0.3,40.5,40.5,41.0,41.4,23.4,23.4,24.4,24.4
28.567,576.6,120.6,100.0,0.0,-2.3,3,5567,-0.15,0.61,40.5,40.5,41.0,41.5,23.4,23.4,24.4,24.4
28.583,577.1,120.9,100.0,0.0,-2.3,3,5253,-0.05,0.48,40.5,40.5,41.0,41.4,23.4,23.4,24.4,24.4
28.6,577.7,121.2,100.0,0.0,-2.4,3,4944,-0.07,0.51,40.5,40.5,41.0,41.4,23.4,23.4,24.4,24.4
28.617,578.2,121.5,100.0,0.0,-2.4,3,4787,-0.08,0.39,40.4,40.5,41.0,41.4,23.4,23.4,24.4,24.4
28.633,578.8,121.6,100.0,0.0,-2.5,3,4840,-0.06,0.26,40.4,40.5,40.9,41.4,23.4,23.4,24.4,24.4
28.65,579.4,121.8,100.0,0.0,-2.5,3,5028,-0.04,0.2,40.4,40.4,40.9,41.4,23.4,23.4,24.4,24.4
28.667,579.9,121.9,100.0,0.0,-2.5,3,5211,-0.04,0.23,40.4,40.4,40.9,41.4,23.4,23.4,24.4,24.4
28.683,580.5,122.1,100.0,0.0,-2.5,3,5287,-0.05,0.31,40.4,40.4,40.9,41.3,23.4,23.4,24.4,24.4
28.7,581.0,122.3,100.0,0.0,-2.5,3,5242,-0.06,0.38,40.4,40.4,40.9,41.3,23.4,23.4,24.4,24.4
28.717,581.6,122.5,100.0,0.0,-2.5,3,5140,-0.06,0.4,40.4,40.4,40.9,41.3,23.4,23.4,24.4,24.4
28.733,582.2,122.8,100.0,0.0,-2.4,3,5058,-0.07,0.38,40.4,40.4,40.8,41.3,23.4,23.4,24.4,24.4
28.75,582.7,123.0,100.0,0.0,-2.4,3,5043,-0.07,0.33,40.4,40.4,40.8,41.3,23.4,23.4,24.4,24.4
28.767,583.3,123.2,100.0,0.0,-2.3,3,5088,-0.07,0.29,40.4,40.4,40.8,41.3,23.4,23.4,24.4,24.4
28.783,583.9,123.3,100.0,0.0,-2.2,3,5157,-0.07,0.29,40.4,40.4,40.8,41.2,23.4,23.4,24.4,24.4
28.8,584.4,123.5,100.0,0.0,-2.1,3,5207,-0.07,0.3,40.4,40.4,40.8,41.2,23.4,23.4,24.4,24.4
28.817,585.0,123.7,100.0,0.0,-2.0,3,5217,-0.07,0.33,40.3,40.4,40.8,41.2,23.4,23.4,24.4,24.4
28.833,585.6,123.9,100.0,0.0,-1.8,3,5196,-0.07,0.35,40.3,40.4,40.7,41.2,23.4,23.4,24.4,24.4
28.85,586.1,124.1,100.0,0.0,-1.7,3,5168,-0.07,0.34,40.3,40.3,40.7,41.2,23.4,23.4,24.4,24.4
28.867,586.7,124.3,100.0,0.0,-1.6,3,5157,-0.07,0.33,40.3,40.3,40.7,41.1,23.4,23.4,24.4,24.4
28.883,587.3,124.5,100.0,0.0,-1.5,3,5170,-0.06,0.31,40.3,40.3,40.7,41.1,23.4,23.4,24.4,24.4
28.9,587.9,124.7,100.0,0.0,-1.3,3,5197,-0.06,0.31,40.3,40.3,40.7,41.1,23.4,23.4,24.4,24.4
28.917,588.4,124.9,100.0,0.0,-1.2,3,5225,-0.05,0.31,40.3,40.3,40.7,41.1,23.4,23.4,24.4,24.4
28.933,589.0,125.1,100.0,0.0,-1.1,3,5241,-0.05,0.32,40.3,40.3,40.6,41.1,23.4,23.4,24.4,24.4
28.95,589.6,125.3,100.0,0.0,-1.0,3,5244,-0.04,0.33,40.3,40.3,40.6,41.1,23.4,23.4,24.4,24.4
28.967,590.2,125.5,100.0,0.0,-1.0,3,5240,-0.04,0.33,40.3,40.3,40.6,41.0,23.4,23.4,24.4,24.4
28.983,590.7,125.7,100.0,0.0,-0.9,3,5240,-0.04,0.33,40.3,40.3,40.6,41.0,23.4,23.4,24.4,24.4
29.0,591.3,125.9,100.0,0.0,-1.0,3,5247,-0.03,0.32,40.3,40.3,40.6,41.0,23.4,23.4,24.4,24.4
29.017,591.9,126.1,100.0,0.0,-1.1,3,5260,-0.04,0.32,40.2,40.3,40.6,41.0,23.4,23.4,24.4,24.4
29.033,592.5,126.3,100.0,0.0,-1.2,3,5275,-0.04,0.32,40.2,40.3,40.5,41.0,23.4,23.4,24.4,24.4
29.05,593.1,126.4,100.0,0.0,-1.5,3,5288,-0.04,0.32,40.2,40.2,40.5,40.9,23.4,23.4,24.4,24.4
29.067,593.6,126.6,100.0,0.0,-1.8,3,5296,-0.04,0.32,40.2,40.2,40.5,40.9,23.4,23.4,24.4,24.4
29.083,594.2,126.8,100.0,0.0,-2.1,3,5300,-0.04,0.32,40.2,40.2,40.5,40.9,23.4,23.4,24.4,24.4
29.1,594.8,127.0,100.0,0.0,-2.5,3,5304,-0.05,0.32,40.2,40.2,40.5,40.9,23.4,23.4,24.4,24.4
29.117,595.4,127.2,100.0,0.0,-2.7,3,5310,-0.05,0.32,40.2,40.2,40.5,40.9,23.4,23.4,24.4,24.4
29.133,596.0,127.4,100.0,0.0,-2.9,3,5319,-0.06,0.32,40.2,40.2,40.4,40.9,23.4,23.4,24.4,24.4
29.15,596.6,127.6,100.0,0.0,-3.2,3,5330,-0.07,0.32,40.2,40.2,40.4,40.8,23.4,23.4,24.4,24.4
29.167,597.2,127.8,100.0,0.0,-3.4,3,5340,-0.07,0.32,40.2,40.2,40.4,40.8,23.4,23.4,24.4,24.4
29.183,597.7,128.0,100.0,0.0,-3.6,3,5349,-0.08,0.32,40.2,40.2,40.4,40.8,23.4,23.4,24.4,24.4
29.2,598.3,128.2,100.0,0.0,-3.7,3,5357,-0.09,0.32,40.2,40.2,40.4,40.8,23.4,23.4,24.4,24.4
29.217,598.9,128.4,100.0,0.0,-3.8,3,5363,-0.1,0.32,40.1,40.2,40.4,40.8,23.4,23.4,24.4,24.4
29.233,599.5,128.6,100.0,0.0,-3.8,3,5371,-0.1,0.32,40.1,40.2,40.4,40.8,23.4,23.4,24.4,24.4
29.25,600.1,128.8,100.0,0.0,-3.9,3,5379,-0.11,0.32,40.1,40.2,40.3,40.7,23.4,23.4,24.4,24.4
29.267,600.7,129.0,100.0,0.0,-3.9,3,5388,-0.11,0.32,40.1,40.1,40.3,40.7,23.4,23.4,24.4,24.4
29.283,601.3,129.2,100.0,0.0,-4.0,3,5397,-0.12,0.32,40.1,40.1,40.3,40.7,23.4,23.4,24.4,24.4
29.3,601.9,129.4,100.0,0.0,-4.1,3,5406,-0.12,0.32,40.1,40.1,40.3,40.7,23.4,23.4,24.4,24.4
29.317,602.5,129.6,100.0,0.0,-4.1,3,5414,-0.13,0.32,40.1,40.1,40.3,40.7,23.4,23.4,24.4,24.4
29.333,603.1,129.8,100.0,0.0,-4.3,3,5421,-0.13,0.32,40.1,40.1,40.3,40.7,23.4,23.4,24.4,24.4
29.35,603.7,130.0,100.0,0.0,-4.4,3,5429,-0.14,0.32,40.1,40.1,40.3,40.6,23.4,23.4,24.4,24.4
29.367,604.3,130.2,100.0,0.0,-4.6,3,5437,-0.15,0.32,40.1,40.1,40.2,40.6,23.4,23.4,24.4,24.4
29.383,604.9,130.4,100.0,0.0,-4.7,3,5445,-0.15,0.32,40.1,40.1,40.2,40.6,23.4,23.4,24.4,24.4
29.4,605.5,130.6,100.0,0.0,-4.8,3,5453,-0.16,0.32,40.1,40.1,40.2,40.6,23.4,23.4,24.4,24.4
29.417,606.1,130.8,100.0,0.0,-4.9,3,5462,-0.16,0.32,40.1,40.1,40.2,40.6,23.4,23.4,24.4,24.4
29.433,606.7,131.0,100.0,0.0,-5.0,3,5470,-0.17,0.32,40.0,40.1,40.2,40.6,23.4,23.4,24.4,24.4
29.45,607.3,131.2,100.0,0.0,-5.1,3,5478,-0.17,0.32,40.0,40.1,40.2,40.6,23.4,23.4,24.4,24.4
29.467,607.9,131.4,100.0,0.0,-5.1,3,5487,-0.17,0.32,40.0,40.1,40.2,40.5,23.4,23.4,24.4,24.4
29.483,608.5,131.6,100.0,0.0,-5.1,3,5495,-0.18,0.32,40.0,40.1,40.1,40.5,23.4,23.4,24.4,24.4
29.5,609.1,131.8,100.0,0.0,-5.2,3,5503,-0.18,0.32,40.0,40.0,40.1,40.5,23.4,23.4,24.4,24.4
29.517,609.7,132.0,100.0,0.0,-5.2,3,5511,-0.19,0.32,40.0,40.0,40.1,40.5,23.4,23.4,24.4,24.4
29.533,610.3,132.2,100.0,0.0,-5.2,3,5519,-0.19,0.32,40.0,40.0,40.1,40.5,23.4,23.4,24.4,24.4
29.55,611.0,132.4,100.0,0.0,-5.1,3,5528,-0.19,0.32,40.0,40.0,40.1,40.5,23.4,23.4,24.4,24.4
29.567,611.6,132.6,100.0,0.0,-5.0,3,5536,-0.19,0.32,40.0,40.0,40.1,40.5,23.4,23.4,24.4,24.4
29.583,612.2,132.8,100.0,0.0,-4.9,3,5544,-0.19,0.32,40.0,40.0,40.1,40.4,23.4,23.4,24.4,24.4
29.6,612.8,133.0,100.0,0.0,-4.8,3,5552,-0.19,0.32,40.0,40.0,40.0,40.4,23.4,23.4,24.4,24.4
29.617,613.4,133.2,100.0,0.0,-4.6,3,5560,-0.19,0.32,40.0,40.0,40.0,40.4,23.4,23.4,24.4,24.4
29.633,614.0,133.4,100.0,0.0,-4.5,3,5568,-0.19,0.32,40.0,40.0,40.0,40.4,23.4,23.4,24.4,24.4
29.65,614.6,133.6,100.0,0.0,-4.4,3,5577,-0.19,0.32,40.0,40.0,40.0,40.4,23.4,23.4,24.4,24.4
29.667,615.3,133.8,100.0,0.0,-4.3,3,5585,-0.19,0.32,39.9,40.0,40.0,40.4,23.4,23.4,24.4,24.4
29.683,615.9,134.0,100.0,0.0,-4.2,3,5593,-0.19,0.32,39.9,40.0,40.0,40.4,23.4,23.4,24.4,24.4
29.7,616.5,134.1,100.0,0.0,-4.1,3,5601,-0.19,0.32,39.9,40.0,40.0,40.3,23.4,23.4,24.4,24.4
29.717,617.1,134.3,100.0,0.0,-3.9,3,5609,-0.18,0.32,39.9,40.0,40.0,40.3,23.4,23.4,24.4,24.4
29.733,617.7,134.5,100.0,0.0,-3.8,3,5617,-0.18,0.32,39.9,39.9,39.9,40.3,23.4,23.4,24.4,24.4
29.75,618.4,134.7,100.0,0.0,-3.7,3,5625,-0.17,0.32,39.9,39.9,39.9,40.3,23.4,23.4,24.4,24.4
29.767,619.0,134.9,100.0,0.0,-3.6,3,5633,-0.17,0.32,39.9,39.9,39.9,40.3,23.4,23.4,24.4,24.4
29.783,619.6,135.1,100.0,0.0,-3.4,3,5641,-0.17,0.32,39.9,39.9,39.9,40.3,23.4,23.4,24.4,24.4
29.8,620.2,135.3,100.0,0.0,-3.4,3,5649,-0.17,0.32,39.9,39.9,39.9,40.3,23.4,23.4,24.4,24.4
29.817,620.9,135.5,100.0,0.0,-3.3,3,5657,-0.16,0.31,39.9,39.9,39.9,40.2,23.4,23.4,24.4,24.4
29.833,621.5,135.7,100.0,0.0,-3.3,3,5665,-0.16,0.31,39.9,39.9,39.9,40.2,23.4,23.4,24.4,24.4
29.85,622.1,135.9,100.0,0.0,-3.3,3,5673,-0.16,0.31,39.9,39.9,39.8,40.2,23.4,23.4,24.4,24.4
29.867,622.7,136.1,100.0,0.0,-3.3,3,5682,-0.15,0.31,39.9,39.9,39.8,40.2,23.4,23.4,24.4,24.4
29.883,623.4,136.3,100.0,0.0,-3.4,3,5690,-0.15,0.31,39.8,39.9,39.8,40.2,23.4,23.4,24.4,24.4
29.9,624.0,136.5,100.0,0.0,-3.4,3,5698,-0.15,0.31,39.8,39.9,39.8,40.2,23.4,23.4,24.4,24.4
29.917,624.6,136.7,100.0,0.0,-3.4,3,5706,-0.15,0.31,39.8,39.9,39.8,40.2,23.4,23.4,24.4,24.4
29.933,625.3,136.9,100.0,0.0,-3.5,3,5714,-0.15,0.31,39.8,39.9,39.8,40.1,23.4,23.4,24.4,24.4
29.95,625.9,137.1,100.0,0.0,-3.4,3,5722,-0.15,0.31,39.8,39.8,39.8,40.1,23.4,23.4,24.4,24.4
29.967,626.5,137.3,100.0,0.0,-3.4,3,5730,-0.14,0.31,39.8,39.8,39.8,40.1,23.4,23.4,24.4,24.4
29.983,627.2,137.5,100.0,0.0,-3.3,3,5738,-0.14,0.31,39.8,39.8,39.7,40.1,23.4,23.4,24.4,24.4
30.0,627.8,137.7,100.0,0.0,-3.1,3,5746,-0.14,0.31,39.8,39.8,39.7,40.1,23.4,23.4,24.4,24.4
30.017,628.4,137.9,100.0,0.0,-3.0,3,5754,-0.14,0.31,39.8,39.8,39.7,40.1,23.4,23.4,24.4,24.4
30.033,629.1,138.1,100.0,0.0,-2.8,3,5762,-0.13,0.31,39.8,39.8,39.7,40.1,23.4,23.4,24.4,24.4
30.05,629.7,138.3,100.0,0.0,-2.6,3,5770,-0.13,0.31,39.8,39.8,39.7,40.0,23.4,23.4,24.4,24.4
30.067,630.4,138.5,100.0,0.0,-2.4,3,5778,-0.13,0.31,39.8,39.8,39.7,40.0,23.4,23.4,24.4,24.4
30.083,631.0,138.6,100.0,0.0,-2.1,3,5786,-0.12,0.31,39.8,39.8,39.7,40.0,23.4,23.4,24.4,24.4
30.1,631.6,138.8,100.0,0.0,-1.8,3,5794,-0.12,0.31,39.8,39.8,39.7,40.0,23.4,23.4,24.4,24.4
30.117,632.3,139.0,100.0,0.0,-1.5,3,5801,-0.11,0.31,39.7,39.8,39.6,40.0,23.4,23.4,24.4,24.4
30.133,632.9,139.2,100.0,0.0,-1.3,3,5808,-0.1,0.31,39.7,39.8,39.6,40.0,23.4,23.4,24.4,24.4
30.15,633.6,139.4,100.0,0.0,-1.0,3,5815,-0.1,0.31,39.7,39.8,39.6,40.0,23.4,23.4,24.4,24.4
30.167,634.2,139.6,100.0,0.0,-0.8,3,5822,-0.09,0.31,39.7,39.8,39.6,39.9,23.4,23.4,24.4,24.4
30.183,634.9,139.8,100.0,0.0,-0.6,3,5830,-0.08,0.3,39.7,39.7,39.6,39.9,23.4,23.4,24.4,24.4
30.2,635.5,140.0,100.0,0.0,-0.5,3,5838,-0.07,0.3,39.7,39.7,39.6,39.9,23.4,23.4,24.4,24.4
30.217,636.2,140.2,100.0,0.0,-0.3,3,5846,-0.06,0.3,39.7,39.7,39.6,39.9,23.4,23.4,24.4,24.4
30.233,636.8,140.4,100.0,0.0,-0.2,3,5854,-0.05,0.3,39.7,39.7,39.6,39.9,23.4,23.4,24.4,24.4
30.25,637.4,140.6,100.0,0.0,-0.2,3,5862,-0.05,0.3,39.7,39.7,39.5,39.9,23.4,23.4,24.4,24.4
30.267,638.1,140.8,100.0,0.0,-0.1,3,5870,-0.04,0.3,39.7,39.7,39.5,39.9,23.4,23.4,24.4,24.4
30.283,638.8,141.0,100.0,0.0,-0.1,3,5878,-0.03,0.3,39.7,39.7,39.5,39.8,23.4,23.4,24.4,24.4
30.3,639.4,141.1,100.0,0.0,-0.1,3,5885,-0.03,0.3,39.7,39.7,39.5,39.8,23.4,23.4,24.4,24.4
30.317,640.1,141.3,100.0,0.0,-0.1,3,5893,-0.02,0.3,39.7,39.7,39.5,39.8,23.4,23.4,24.4,24.4
30.333,640.7,141.5,100.0,0.0,-0.1,3,5901,-0.02,0.3,39.7,39.7,39.5,39.8,23.4,23.4,24.4,24.4
30.35,641.4,141.7,100.0,0.0,-0.1,3,5909,-0.01,0.3,39.6,39.7,39.5,39.8,23.4,23.4,24.4,24.4
30.367,642.0,141.9,100.0,0.0,-0.1,3,5917,-0.01,0.3,39.6,39.7,39.5,39.8,23.4,23.4,24.4,24.4
30.383,642.7,142.1,100.0,0.0,-0.2,3,5924,-0.0,0.3,39.6,39.7,39.5,39.8,23.4,23.4,24.4,24.4
30.4,643.3,142.3,100.0,0.0,-0.2,3,5932,-0.0,0.3,39.6,39.7,39.4,39.7,23.4,23.4,24.4,24.4
30.417,644.0,142.5,100.0,0.0,-0.3,3,5940,-0.0,0.3,39.6,39.7,39.4,39.7,23.4,23.4,24.4,24.4
30.433,644.7,142.7,100.0,0.0,-0.4,3,5948,0.0,0.3,39.6,39.6,39.4,39.7,23.4,23.4,24.4,24.4
30.45,645.3,142.8,100.0,0.0,-0.4,3,5955,0.01,0.3,39.6,39.6,39.4,39.7,23.4,23.4,24.4,24.4
30.467,646.0,143.0,100.0,0.0,-0.5,3,5963,-0.0,0.29,39.6,39.6,39.4,39.7,23.4,23.4,24.4,24.4
30.483,646.6,143.2,100.0,0.0,-0.6,3,5970,-0.0,0.29,39.6,39.6,39.4,39.7,23.4,23.4,24.4,24.4
30.5,647.3,143.4,100.0,0.0,-0.7,3,5978,-0.0,0.29,39.6,39.6,39.4,39.7,23.4,23.4,24.4,24.4
30.517,648.0,143.6,100.0,0.0,-0.8,3,5985,-0.01,0.3,39.6,39.6,39.4,39.7,23.4,23.4,24.4,24.4
30.533,648.6,143.8,100.0,0.0,-0.9,3,5994,-0.01,0.3,39.6,39.6,39.3,39.6,23.4,23.4,24.4,24.4
30.55,649.3,144.0,100.0,0.0,-1.0,3,6005,-0.01,0.29,39.6,39.6,39.3,39.6,23.4,23.4,24.4,24.4
30.567,650.0,144.1,100.0,0.0,-1.1,3,6015,-0.02,0.29,39.6,39.6,39.3,39.6,23.4,23.4,24.4,24.4
30.583,650.6,144.3,100.0,0.0,-1.2,3,6024,-0.02,0.29,39.6,39.6,39.3,39.6,23.4,23.4,24.4,24.4
30.6,651.3,144.5,100.0,0.0,-1.3,3,6031,-0.02,0.3,39.6,39.6,39.3,39.6,23.4,23.4,24.4,24.4
30.617,652.0,144.7,100.0,0.0,-1.3,3,6038,-0.03,0.29,39.5,39.6,39.3,39.6,23.4,23.4,24.4,24.4
30.633,652.6,144.9,100.0,0.0,-1.4,3,6044,-0.03,0.29,39.5,39.6,39.3,39.6,23.4,23.4,24.4,24.4
30.65,653.3,145.1,100.0,0.0,-1.5,3,6050,-0.03,0.29,39.5,39.6,39.3,39.6,23.4,23.4,24.4,24.4
30.667,654.0,145.3,100.0,0.0,-1.6,3,6057,-0.04,0.29,39.5,39.6,39.3,39.5,23.4,23.4,24.4,24.4
30.683,654.7,145.4,100.0,0.0,-1.7,3,6065,-0.04,0.29,39.5,39.6,39.3,39.5,23.4,23.4,24.4,24.4
30.7,655.3,145.6,100.0,0.0,-1.8,3,6072,-0.05,0.29,39.5,39.5,39.2,39.5,23.4,23.4,24.4,24.4
30.717,656.0,145.8,100.0,0.0,-1.9,3,6079,-0.05,0.29,39.5,39.5,39.2,39.5,23.4,23.4,24.4,24.4
30.733,656.7,146.0,100.0,0.0,-2.0,3,6086,-0.06,0.29,39.5,39.5,39.2,39.5,23.4,23.4,24.4,24.4
30.75,657.3,146.2,100.0,0.0,-2.1,3,6094,-0.06,0.29,39.5,39.5,39.2,39.5,23.4,23.4,24.4,24.4
30.767,658.0,146.4,100.0,0.0,-2.3,3,6101,-0.07,0.29,39.5,39.5,39.2,39.5,23.4,23.4,24.4,24.4
30.783,658.7,146.5,100.0,0.0,-2.4,3,6108,-0.07,0.29,39.5,39.5,39.2,39.5,23.4,23.4,24.4,24.4
30.8,659.4,146.7,100.0,0.0,-2.5,3,6115,-0.08,0.29,39.5,39.5,39.2,39.5,23.4,23.4,24.4,24.4
30.817,660.1,146.9,100.0,0.0,-2.5,3,6123,-0.08,0.29,39.5,39.5,39.2,39.4,23.4,23.4,24.4,24.4
30.833,660.7,147.1,100.0,0.0,-2.7,3,6130,-0.09,0.29,39.5,39.5,39.2,39.4,23.4,23.4,24.4,24.4
30.85,661.4,147.3,100.0,0.0,-2.8,3,6138,-0.1,0.28,39.5,39.5,39.1,39.4,23.4,23.4,24.4,24.4
30.867,662.1,147.4,100.0,0.0,-2.9,3,6145,-0.1,0.28,39.5,39.5,39.1,39.4,23.4,23.4,24.4,24.4
30.883,662.8,147.6,100.0,0.0,-3.0,3,6152,-0.11,0.28,39.5,39.5,39.1,39.4,23.4,23.4,24.4,24.4
30.9,663.5,147.8,100.0,0.0,-3.1,3,6159,-0.11,0.28,39.4,39.5,39.1,39.4,23.4,23.4,24.4,24.4
30.917,664.2,148.0,100.0,0.0,-3.3,3,6166,-0.12,0.28,39.4,39.5,39.1,39.4,23.4,23.4,24.4,24.4
30.933,664.8,148.2,100.0,0.0,-3.4,3,6174,-0.13,0.28,39.4,39.5,39.1,39.4,23.4,23.4,24.4,24.4
30.95,665.5,148.3,100.0,0.0,-3.5,3,6181,-0.13,0.28,39.4,39.5,39.1,39.4,23.4,23.4,24.4,24.4
30.967,666.2,148.5,100.0,0.0,-3.6,3,6188,-0.14,0.28,39.4,39.4,39.1,39.3,23.4,23.4,24.4,24.4
30.983,666.9,148.7,100.0,0.0,-3.7,3,6195,-0.15,0.28,39.4,39.4,39.1,39.3,23.4,23.4,24.4,24.4
31.0,667.6,148.9,100.0,0.0,-3.8,3,6202,-0.15,0.28,39.4,39.4,39.1,39.3,23.4,23.4,24.4,24.4
31.017,668.3,149.0,100.0,0.0,-3.9,3,6209,-0.16,0.28,39.4,39.4,39.0,39.3,23.4,23.4,24.4,24.4
31.033,669.0,149.2,100.0,0.0,-3.9,3,6217,-0.16,0.28,39.4,39.4,39.0,39.3,23.4,23.4,24.4,24.4
31.05,669.7,149.4,100.0,0.0,-4.0,3,6224,-0.17,0.28,39.4,39.4,39.0,39.3,23.4,23.4,24.4,24.4
31.067,670.3,149.6,100.0,0.0,-4.0,3,6231,-0.17,0.28,39.4,39.4,39.0,39.3,23.4,23.4,24.4,24.4
31.083,671.0,149.7,100.0,0.0,-3.9,3,6238,-0.18,0.28,39.4,39.4,39.0,39.3,23.4,23.4,24.4,24.4
31.1,671.7,149.9,100.0,0.0,-3.9,3,6245,-0.18,0.28,39.4,39.4,39.0,39.3,23.4,23.4,24.4,24.4
31.117,672.4,150.1,100.0,0.0,-3.8,3,6252,-0.18,0.28,39.4,39.4,39.0,39.2,23.4,23.4,24.4,24.4
31.133,673.1,150.3,100.0,0.0,-3.7,3,6259,-0.18,0.27,39.4,39.4,39.0,39.2,23.4,23.4,24.4,24.4
31.15,673.8,150.4,100.0,0.0,-3.6,3,6266,-0.19,0.27,39.4,39.4,39.0,39.2,23.4,23.4,24.4,24.4
31.167,674.5,150.6,100.0,0.0,-3.5,3,6273,-0.19,0.27,39.4,39.4,39.0,39.2,23.4,23.4,24.4,24.4
31.183,675.2,150.8,100.0,0.0,-3.4,3,6279,-0.18,0.27,39.3,39.4,39.0,39.2,23.4,23.4,24.4,24.4
31.2,675.9,150.9,100.0,0.0,-3.2,3,6286,-0.18,0.27,39.3,39.4,38.9,39.2,23.4,23.4,24.4,24.4
31.217,676.6,151.1,100.0,0.0,-3.1,3,6293,-0.18,0.27,39.3,39.4,38.9,39.2,23.4,23.4,24.4,24.4
31.233,677.3,151.3,100.0,0.0,-3.0,3,6300,-0.18,0.27,39.3,39.4,38.9,39.2,23.4,23.4,24.4,24.4
31.25,678.0,151.5,100.0,0.0,-2.8,3,6307,-0.17,0.27,39.3,39.4,38.9,39.2,23.4,23.4,24.4,24.4
31.267,678.7,151.6,100.0,0.0,-2.7,3,6314,-0.17,0.27,39.3,39.4,38.9,39.2,23.4,23.4,24.4,24.4
31.283,679.4,151.8,100.0,0.0,-2.5,3,6320,-0.17,0.27,39.3,39.3,38.9,39.1,23.4,23.4,24.4,24.4
31.3,680.1,152.0,100.0,0.0,-2.3,3,6327,-0.16,0.27,39.3,39.3,38.9,39.1,23.4,23.4,24.4,24.4
31.317,680.8,152.1,100.0,0.0,-2.1,3,6334,-0.15,0.27,39.3,39.3,38.9,39.1,23.4,23.4,24.4,24.4
31.333,681.5,152.3,100.0,0.0,-1.8,3,6340,-0.15,0.27,39.3,39.3,38.9,39.1,23.4,23.4,24.4,24.4
31.35,682.2,152.5,100.0,0.0,-1.7,3,6347,-0.14,0.27,39.3,39.3,38.9,39.1,23.4,23.4,24.4,24.4
31.367,682.9,152.6,100.0,0.0,-1.5,3,6354,-0.13,0.27,39.3,39.3,38.9,39.1,23.4,23.4,24.4,24.4
31.383,683.6,152.8,100.0,0.0,-1.3,3,6361,-0.12,0.27,39.3,39.3,38.8,39.1,23.4,23.4,24.4,24.4
31.4,684.3,153.0,100.0,0.0,-1.2,3,6369,-0.11,0.26,39.3,39.3,38.8,39.1,23.4,23.4,24.4,24.4
31.417,685.1,153.1,100.0,0.0,-1.1,3,6376,-0.1,0.26,39.3,39.3,38.8,39.1,23.4,23.4,24.4,24.4
31.433,685.8,153.3,100.0,0.0,-1.0,3,6383,-0.1,0.26,39.3,39.3,38.8,39.1,23.4,23.4,24.4,24.4
31.45,686.5,153.4,100.0,0.0,-0.9,3,6390,-0.09,0.26,39.3,39.3,38.8,39.1,23.4,23.4,24.4,24.4
31.467,687.2,153.6,100.0,0.0,-0.9,3,6396,-0.08,0.26,39.3,39.3,38.8,39.0,23.4,23.4,24.4,24.4
31.483,687.9,153.8,100.0,0.0,-0.9,3,6403,-0.08,0.26,39.3,39.3,38.8,39.0,23.4,23.4,24.4,24.4
31.5,688.6,153.9,100.0,0.0,-0.9,3,6410,-0.07,0.26,39.3,39.3,38.8,39.0,23.4,23.4,24.4,24.4
31.517,689.3,154.1,100.0,0.0,-0.9,3,6416,-0.07,0.26,39.2,39.3,38.8,39.0,23.4,23.4,24.4,24.4
31.533,690.0,154.3,100.0,0.0,-0.9,3,6423,-0.06,0.26,39.2,39.3,38.8,39.0,23.4,23.4,24.4,24.4
31.55,690.7,154.4,100.0,0.0,-1.0,3,6430,-0.06,0.26,39.2,39.3,38.8,39.0,23.4,23.4,24.4,24.4
31.567,691.5,154.6,100.0,0.0,-1.1,3,6436,-0.05,0.26,39.2,39.3,38.8,39.0,23.4,23.4,24.4,24.4
31.583,692.2,154.7,100.0,0.0,-1.2,3,6443,-0.05,0.26,39.2,39.3,38.7,39.0,23.4,23.4,24.4,24.4
31.6,692.9,154.9,100.0,0.0,-1.3,3,6450,-0.06,0.26,39.2,39.3,38.7,39.0,23.4,23.4,24.4,24.4
31.617,693.6,155.1,100.0,0.0,-1.4,3,6456,-0.06,0.26,39.2,39.2,38.7,39.0,23.4,23.4,24.4,24.4
31.633,694.3,155.2,100.0,0.0,-1.5,3,6463,-0.06,0.26,39.2,39.2,38.7,38.9,23.4,23.4,24.4,24.4
31.65,695.0,155.4,100.0,0.0,-1.6,3,6469,-0.06,0.26,39.2,39.2,38.7,38.9,23.4,23.4,24.4,24.4
31.667,695.8,155.5,100.0,0.0,-1.8,3,6476,-0.06,0.26,39.2,39.2,38.7,38.9,23.4,23.4,24.4,24.4
31.683,696.5,155.7,100.0,0.0,-1.9,3,6482,-0.06,0.26,39.2,39.2,38.7,38.9,23.4,23.4,24.4,24.4
31.7,697.2,155.9,100.0,0.0,-2.0,3,6489,-0.07,0.26,39.2,39.2,38.7,38.9,23.4,23.4,24.4,24.4
31.717,697.9,156.0,100.0,0.0,-2.1,3,6495,-0.07,0.25,39.2,39.2,38.7,38.9,23.4,23.4,24.4,24.4
31.733,698.7,156.2,100.0,0.0,-2.2,3,6502,-0.08,0.25,39.2,39.2,38.7,38.9,23.4,23.4,24.4,24.4
31.75,699.4,156.3,100.0,0.0,-2.4,3,6508,-0.08,0.25,39.2,39.2,38.7,38.9,23.4,23.4,24.4,24.4
31.767,700.1,156.5,100.0,0.0,-2.5,3,6515,-0.09,0.25,39.2,39.2,38.7,38.9,23.4,23.4,24.4,24.4
31.783,700.8,156.6,100.0,0.0,-2.6,3,6521,-0.09,0.25,39.2,39.2,38.7,38.9,23.4,23.4,24.4,24.4
31.8,701.5,156.8,100.0,0.0,-2.6,3,6528,-0.1,0.25,39.2,39.2,38.6,38.9,23.4,23.4,24.4,24.4
31.817,702.3,156.9,100.0,0.0,-2.7,3,6534,-0.1,0.25,39.2,39.2,38.6,38.8,23.4,23.4,24.4,24.4
31.833,703.0,157.1,100.0,0.0,-2.8,3,6540,-0.11,0.25,39.2,39.2,38.6,38.8,23.4,23.4,24.4,24.4
31.85,703.7,157.2,100.0,0.0,-2.9,3,6547,-0.11,0.25,39.2,39.2,38.6,38.8,23.4,23.4,24.4,24.4
31.867,704.5,157.4,100.0,0.0,-2.9,3,6553,-0.12,0.25,39.1,39.2,38.6,38.8,23.4,23.4,24.4,24.4
31.883,705.2,157.6,100.0,0.0,-2.9,3,6559,-0.13,0.25,39.1,39.2,38.6,38.8,23.4,23.4,24.4,24.4
31.9,705.9,157.7,100.0,0.0,-3.0,3,6566,-0.13,0.25,39.1,39.2,38.6,38.8,23.4,23.4,24.4,24.4
31.917,706.6,157.9,100.0,0.0,-3.0,3,6572,-0.13,0.25,39.1,39.2,38.6,38.8,23.4,23.4,24.4,24.4
31.933,707.4,158.0,100.0,0.0,-3.0,3,6578,-0.14,0.25,39.1,39.2,38.6,38.8,23.4,23.4,24.4,24.4
31.95,708.1,158.2,100.0,0.0,-2.9,3,6585,-0.14,0.25,39.1,39.2,38.6,38.8,23.4,23.4,24.4,24.4
31.967,708.8,158.1,100.0,0.0,-2.9,1,6744,-0.1,-0.22,39.1,39.1,38.6,38.8,23.4,23.4,24.4,24.4
31.983,709.6,158.1,100.0,0.0,-2.9,4,6231,-0.09,0.26,39.1,39.1,38.6,38.8,23.4,23.4,24.4,24.4
32.0,710.3,158.4,100.0,0.0,-2.9,4,5507,-0.25,0.43,39.1,39.1,38.6,38.8,23.4,23.4,24.4,24.4
32.017,711.0,158.6,100.0,0.0,-2.9,4,5212,-0.13,0.36,39.1,39.1,38.6,38.8,23.4,23.4,24.4,24.4
32.033,711.8,158.8,100.0,0.0,-2.8,4,5120,-0.16,0.23,39.1,39.1,38.6,38.8,23.4,23.4,24.4,24.4
32.05,712.5,158.9,100.0,0.0,-2.8,4,5249,-0.15,0.13,39.1,39.1,38.5,38.8,23.4,23.4,24.4,24.4
32.067,713.2,159.0,100.0,0.0,-2.8,4,5426,-0.14,0.14,39.1,39.1,38.5,38.7,23.4,23.4,24.4,24.4
32.083,714.0,159.1,100.0,0.0,-2.8,4,5488,-0.14,0.22,39.1,39.1,38.5,38.7,23.4,23.4,24.4,24.4
32.1,714.7,159.3,100.0,0.0,-2.8,4,5422,-0.15,0.27,39.1,39.1,38.5,38.7,23.4,23.4,24.4,24.4
32.117,715.5,159.4,100.0,0.0,-2.9,4,5327,-0.16,0.27,39.1,39.1,38.5,38.7,23.4,23.4,24.4,24.4
32.133,716.2,159.6,100.0,0.0,-2.9,4,5296,-0.16,0.23,39.1,39.1,38.5,38.7,23.4,23.4,24.4,24.4
32.15,716.9,159.7,100.0,0.0,-3.0,4,5340,-0.16,0.2,39.1,39.1,38.5,38.7,23.4,23.4,24.4,24.4
32.167,717.7,159.8,100.0,0.0,-3.1,4,5403,-0.16,0.2,39.1,39.1,38.5,38.7,23.4,23.4,24.4,24.4
32.183,718.4,160.0,100.0,0.0,-3.3,4,5429,-0.16,0.22,39.1,39.1,38.5,38.7,23.4,23.4,24.4,24.4
32.2,719.1,160.1,100.0,0.0,-3.4,4,5411,-0.17,0.24,39.1,39.1,38.5,38.7,23.4,23.4,24.4,24.4
32.217,719.9,160.2,100.0,0.0,-3.6,4,5382,-0.17,0.24,39.1,39.1,38.5,38.7,23.4,23.4,24.4,24.4
32.233,720.6,160.4,100.0,0.0,-3.7,4,5374,-0.17,0.23,39.1,39.1,38.5,38.7,23.4,23.4,24.4,24.4
32.25,721.4,160.5,100.0,0.0,-3.8,4,5391,-0.18,0.22,39.0,39.1,38.5,38.7,23.4,23.4,24.4,24.4
32.267,722.1,160.6,100.0,0.0,-4.0,4,5415,-0.18,0.22,39.0,39.1,38.5,38.7,23.4,23.4,24.4,24.4
32.283,722.9,160.8,100.0,0.0,-4.1,4,5427,-0.19,0.22,39.0,39.1,38.4,38.6,23.4,23.4,24.4,24.4
32.3,723.6,160.9,100.0,0.0,-4.2,4,5425,-0.19,0.23,39.0,39.1,38.4,38.6,23.4,23.4,24.4,24.4
32.317,724.4,161.1,100.0,0.0,-4.3,4,5418,-0.2,0.23,39.0,39.1,38.4,38.6,23.4,23.4,24.4,24.4
32.333,725.1,161.2,100.0,0.0,-4.4,4,5418,-0.21,0.23,39.0,39.1,38.4,38.6,23.4,23.4,24.4,24.4
32.35,725.8,161.3,100.0,0.0,-4.4,4,5427,-0.21,0.22,39.0,39.0,38.4,38.6,23.4,23.4,24.4,24.4
32.367,726.6,161.5,100.0,0.0,-4.5,4,5437,-0.22,0.22,39.0,39.0,38.4,38.6,23.4,23.4,24.4,24.4
32.383,727.3,161.6,100.0,0.0,-4.5,4,5445,-0.23,0.22,39.0,39.0,38.4,38.6,23.4,23.4,24.4,24.4
32.4,728.1,161.7,100.0,0.0,-4.6,4,5447,-0.23,0.23,39.0,39.0,38.4,38.6,23.4,23.4,24.4,24.4
32.417,728.8,161.9,100.0,0.0,-4.6,4,5449,-0.23,0.23,39.0,39.0,38.4,38.6,23.4,23.4,24.4,24.4
32.433,729.6,162.0,100.0,0.0,-4.6,4,5451,-0.24,0.23,39.0,39.0,38.4,38.6,23.4,23.4,24.4,24.4
32.45,730.3,162.1,100.0,0.0,-4.6,4,5457,-0.25,0.22,39.0,39.0,38.4,38.6,23.4,23.4,24.4,24.4
32.467,731.1,162.3,100.0,0.0,-4.6,4,5463,-0.25,0.22,39.0,39.0,38.4,38.6,23.4,23.4,24.4,24.4
32.483,731.8,162.4,100.0,0.0,-4.6,4,5468,-0.25,0.22,39.0,39.0,38.4,38.6,23.4,23.4,24.4,24.4
32.5,732.6,162.5,100.0,0.0,-4.5,4,5472,-0.25,0.22,39.0,39.0,38.4,38.6,23.4,23.4,24.4,24.4
32.517,733.3,162.7,100.0,0.0,-4.4,4,5476,-0.26,0.23,39.0,39.0,38.4,38.5,23.4,23.4,24.4,24.4
32.533,734.1,162.8,100.0,0.0,-4.2,4,5480,-0.26,0.22,39.0,39.0,38.4,38.5,23.4,23.4,24.4,24.4
32.55,734.8,162.9,100.0,0.0,-4.1,4,5485,-0.25,0.22,39.0,39.0,38.3,38.5,23.4,23.4,24.4,24.4
32.567,735.6,163.1,100.0,0.0,-3.9,4,5490,-0.25,0.22,39.0,39.0,38.3,38.5,23.4,23.4,24.4,24.4
32.583,736.4,163.2,100.0,0.0,-3.7,4,5495,-0.25,0.22,39.0,39.0,38.3,38.5,23.4,23.4,24.4,24.4
32.6,737.1,163.3,100.0,0.0,-3.6,4,5499,-0.25,0.22,39.0,39.0,38.3,38.5,23.4,23.4,24.4,24.4
32.617,737.9,163.5,100.0,0.0,-3.4,4,5503,-0.25,0.22,39.0,39.0,38.3,38.5,23.4,23.4,24.4,24.4
32.633,738.6,163.6,100.0,0.0,-3.2,4,5507,-0.24,0.22,39.0,39.0,38.3,38.5,23.4,23.4,24.4,24.4
32.65,739.4,163.7,100.0,0.0,-3.0,4,5512,-0.24,0.22,38.9,39.0,38.3,38.5,23.4,23.4,24.4,24.4
32.667,740.1,163.9,100.0,0.0,-2.8,4,5516,-0.23,0.22,38.9,39.0,38.3,38.5,23.4,23.4,24.4,24.4
32.683,740.9,164.0,100.0,0.0,-2.6,4,5520,-0.22,0.22,38.9,39.0,38.3,38.5,23.4,23.4,24.4,24.4
32.7,741.7,164.1,100.0,0.0,-2.5,4,5525,-0.22,0.22,38.9,39.0,38.3,38.5,23.4,23.4,24.4,24.4
32.717,742.4,164.3,100.0,0.0,-2.4,4,5529,-0.21,0.22,38.9,39.0,38.3,38.5,23.4,23.4,24.4,24.4
32.733,743.2,164.4,100.0,0.0,-2.2,4,5533,-0.2,0.22,38.9,39.0,38.3,38.5,23.4,23.4,24.4,24.4
32.75,743.9,164.5,100.0,0.0,-2.1,4,5538,-0.19,0.22,38.9,39.0,38.3,38.5,23.4,23.4,24.4,24.4
32.767,744.7,164.7,100.0,0.0,-2.0,4,5542,-0.19,0.22,38.9,39.0,38.3,38.4,23.4,23.4,24.4,24.4
32.783,745.5,164.8,100.0,0.0,-2.0,4,5546,-0.18,0.22,38.9,38.9,38.3,38.4,23.4,23.4,24.4,24.4
32.8,746.2,164.9,100.0,0.0,-2.0,4,5551,-0.17,0.22,38.9,38.9,38.3,38.4,23.4,23.4,24.4,24.4
32.817,747.0,165.1,100.0,0.0,-2.0,4,5555,-0.16,0.22,38.9,38.9,38.2,38.4,23.4,23.4,24.4,24.4
32.833,747.7,165.2,100.0,0.0,-2.1,4,5559,-0.16,0.22,38.9,38.9,38.2,38.4,23.4,23.4,24.4,24.4
32.85,748.5,165.3,100.0,0.0,-2.2,4,5563,-0.16,0.22,38.9,38.9,38.2,38.4,23.4,23.4,24.4,24.4
32.867,749.3,165.5,100.0,0.0,-2.3,4,5568,-0.15,0.22,38.9,38.9,38.2,38.4,23.4,23.4,24.4,24.4
32.883,750.0,165.6,100.0,0.0,-2.3,4,5573,-0.15,0.22,38.9,38.9,38.2,38.4,23.4,23.4,24.4,24.4
32.9,750.8,165.7,100.0,0.0,-2.4,4,5577,-0.15,0.22,38.9,38.9,38.2,38.4,23.4,23.4,24.4,24.4
32.917,751.6,165.9,100.0,0.0,-2.5,4,5582,-0.14,0.22,38.9,38.9,38.2,38.4,23.4,23.4,24.4,24.4
32.933,752.3,166.0,100.0,0.0,-2.5,4,5586,-0.15,0.22,38.9,38.9,38.2,38.4,23.4,23.4,24.4,24.4
32.95,753.1,166.1,100.0,0.0,-2.5,4,5590,-0.15,0.22,38.9,38.9,38.2,38.4,23.4,23.4,24.4,24.4
32.967,753.9,166.2,100.0,0.0,-2.5,4,5594,-0.14,0.22,38.9,38.9,38.2,38.4,23.4,23.4,24.4,24.4
32.983,754.7,166.4,100.0,0.0,-2.5,4,5599,-0.15,0.22,38.9,38.9,38.2,38.4,23.4,23.4,24.4,24.4
33.0,755.4,166.5,100.0,0.0,-2.5,4,5603,-0.15,0.22,38.9,38.9,38.2,38.4,23.4,23.4,24.4,24.4
33.017,756.2,166.6,100.0,0.0,-2.5,4,5607,-0.15,0.22,38.9,38.9,38.2,38.4,23.4,23.4,24.4,24.4
33.033,757.0,166.8,100.0,0.0,-2.5,4,5611,-0.15,0.22,38.9,38.9,38.2,38.3,23.4,23.4,24.4,24.4
33.05,757.7,166.9,100.0,0.0,-2.5,4,5615,-0.15,0.22,38.9,38.9,38.2,38.3,23.4,23.4,24.4,24.4
33.067,758.5,167.0,100.0,0.0,-2.4,4,5620,-0.15,0.22,38.9,38.9,38.2,38.3,23.4,23.4,24.4,24.4
33.083,759.3,167.1,100.0,0.0,-2.4,4,5624,-0.14,0.22,38.9,38.9,38.2,38.3,23.4,23.4,24.4,24.4
33.1,760.1,167.3,100.0,0.0,-2.4,4,5628,-0.15,0.22,38.9,38.9,38.2,38.3,23.4,23.4,24.4,24.4
33.117,760.8,167.4,100.0,0.0,-2.4,4,5632,-0.15,0.22,38.9,38.9,38.2,38.3,23.4,23.4,24.4,24.4
33.133,761.6,167.5,100.0,0.0,-2.3,4,5637,-0.14,0.22,38.9,38.9,38.2,38.3,23.4,23.4,24.4,24.4
33.15,762.4,167.6,100.0,0.0,-2.3,4,5641,-0.15,0.22,38.8,38.9,38.1,38.3,23.4,23.4,24.4,24.4
33.167,763.2,167.8,100.0,0.0,-2.4,4,5645,-0.15,0.22,38.8,38.9,38.1,38.3,23.4,23.4,24.4,24.4
33.183,763.9,167.9,100.0,0.0,-2.4,4,5649,-0.15,0.22,38.8,38.9,38.1,38.3,23.4,23.4,24.4,24.4
33.2,764.7,168.0,100.0,0.0,-2.5,4,5653,-0.15,0.22,38.8,38.9,38.1,38.3,23.4,23.4,24.4,24.4
33.217,765.5,168.2,100.0,0.0,-2.6,4,5658,-0.15,0.22,38.8,38.9,38.1,38.3,23.4,23.4,24.4,24.4
33.233,766.3,168.3,100.0,0.0,-2.8,4,5662,-0.15,0.22,38.8,38.9,38.1,38.3,23.4,23.4,24.4,24.4
33.25,767.0,168.4,100.0,0.0,-2.9,4,5666,-0.16,0.22,38.8,38.9,38.1,38.3,23.4,23.4,24.4,24.4
33.267,767.8,168.5,100.0,0.0,-3.1,4,5670,-0.16,0.22,38.8,38.8,38.1,38.3,23.4,23.4,24.4,24.4
33.283,768.6,168.7,100.0,0.0,-3.3,4,5674,-0.16,0.22,38.8,38.8,38.1,38.3,23.4,23.4,24.4,24.4
33.3,769.4,168.8,100.0,0.0,-3.4,4,5678,-0.17,0.22,38.8,38.8,38.1,38.3,23.4,23.4,24.4,24.4
33.317,770.2,168.9,100.0,0.0,-3.6,4,5682,-0.18,0.22,38.8,38.8,38.1,38.3,23.4,23.4,24.4,24.4
33.333,770.9,169.0,100.0,0.0,-3.7,4,5687,-0.18,0.22,38.8,38.8,38.1,38.2,23.4,23.4,24.4,24.4
33.35,771.7,169.1,100.0,0.0,-3.8,4,5691,-0.19,0.22,38.8,38.8,38.1,38.2,23.4,23.4,24.4,24.4
33.367,772.5,169.3,100.0,0.0,-3.8,4,5695,-0.19,0.21,38.8,38.8,38.1,38.2,23.4,23.4,24.4,24.4
33.383,773.3,169.4,100.0,0.0,-3.8,4,5699,-0.19,0.21,38.8,38.8,38.1,38.2,23.4,23.4,24.4,24.4
33.4,774.1,169.5,100.0,0.0,-3.8,4,5704,-0.2,0.21,38.8,38.8,38.1,38.2,23.4,23.4,24.4,24.4
33.417,774.9,169.6,100.0,0.0,-3.8,4,5708,-0.2,0.21,38.8,38.8,38.1,38.2,23.4,23.4,24.4,24.4
33.433,775.6,169.8,100.0,0.0,-3.7,4,5712,-0.2,0.21,38.8,38.8,38.1,38.2,23.4,23.4,24.4,24.4
33.45,776.4,169.9,100.0,0.0,-3.6,4,5717,-0.2,0.21,38.8,38.8,38.1,38.2,23.4,23.4,24.4,24.4
33.467,777.2,170.0,100.0,0.0,-3.5,4,5722,-0.2,0.21,38.8,38.8,38.1,38.2,23.4,23.4,24.4,24.4
33.483,778.0,170.1,100.0,0.0,-3.4,4,5726,-0.21,0.22,38.8,38.8,38.0,38.2,23.4,23.4,24.4,24.4
33.5,778.8,170.2,100.0,0.0,-3.3,4,5731,-0.21,0.22,38.8,38.8,38.0,38.2,23.4,23.4,24.4,24.4
33.517,779.6,170.4,100.0,0.0,-3.2,4,5736,-0.21,0.22,38.8,38.8,38.0,38.2,23.4,23.4,24.4,24.4
33.533,780.4,170.5,100.0,0.0,-3.1,4,5741,-0.22,0.22,38.8,38.8,38.0,38.2,23.4,23.4,24.4,24.4
33.55,781.2,170.6,100.0,0.0,-3.1,4,5745,-0.22,0.21,38.8,38.8,38.0,38.2,23.4,23.4,24.4,24.4
33.567,781.9,170.7,100.0,0.0,-3.0,4,5746,-0.23,0.21,38.8,38.8,38.0,38.2,23.4,23.4,24.4,24.4
33.583,782.7,170.8,100.0,0.0,-2.9,4,5746,-0.23,0.21,38.8,38.8,38.0,38.2,23.4,23.4,24.4,24.4
33.6,783.5,171.0,100.0,0.0,-2.8,4,5747,-0.22,0.21,38.8,38.8,38.0,38.2,23.4,23.4,24.4,24.4
33.617,784.3,171.1,100.0,0.0,-2.8,4,5750,-0.21,0.21,38.8,38.8,38.0,38.2,23.4,23.4,24.4,24.4
33.633,785.1,171.2,100.0,0.0,-2.7,4,5756,-0.21,0.21,38.8,38.8,38.0,38.2,23.4,23.4,24.4,24.4
33.65,785.9,171.3,100.0,0.0,-2.6,4,5764,-0.2,0.21,38.7,38.8,38.0,38.2,23.4,23.4,24.4,24.4
33.667,786.7,171.4,100.0,0.0,-2.5,4,5771,-0.19,0.21,38.7,38.8,38.0,38.1,23.4,23.4,24.4,24.4
33.683,787.5,171.6,100.0,0.0,-2.4,4,5774,-0.19,0.21,38.7,38.8,38.0,38.1,23.4,23.4,24.4,24.4
33.7,788.3,171.7,100.0,0.0,-2.4,4,5777,-0.19,0.21,38.7,38.8,38.0,38.1,23.4,23.4,24.4,24.4
33.717,789.1,171.8,100.0,0.0,-2.3,4,5779,-0.18,0.21,38.7,38.8,38.0,38.1,23.5,23.4,24.4,24.4
33.733,789.9,171.9,100.0,0.0,-2.3,4,5781,-0.18,0.21,38.7,38.8,38.0,38.1,23.5,23.4,24.4,24.4
33.75,790.7,172.0,100.0,0.0,-2.3,4,5785,-0.17,0.21,38.7,38.8,38.0,38.1,23.5,23.4,24.4,24.4
33.767,791.5,172.1,100.0,0.0,-2.3,4,5789,-0.17,0.21,38.7,38.8,38.0,38.1,23.5,23.4,24.4,24.4
33.783,792.3,172.2,100.0,0.0,-2.3,4,5794,-0.17,0.21,38.7,38.7,38.0,38.1,23.5,23.4,24.4,24.4
33.8,793.0,172.4,100.0,0.0,-2.4,4,5802,-0.16,0.21,38.7,38.7,38.0,38.1,23.5,23.4,24.4,24.4
33.817,793.8,172.5,100.0,0.0,-2.4,4,5809,-0.16,0.21,38.7,38.7,38.0,38.1,23.5,23.4,24.4,24.4
33.833,794.6,172.6,100.0,0.0,-2.5,4,5815,-0.17,0.21,38.7,38.7,38.0,38.1,23.5,23.4,24.4,24.4
33.85,795.4,172.7,100.0,0.0,-2.5,4,5817,-0.16,0.21,38.7,38.7,38.0,38.1,23.5,23.4,24.4,24.4
33.867,796.2,172.8,100.0,0.0,-2.6,4,5816,-0.16,0.21,38.7,38.7,37.9,38.1,23.5,23.4,24.4,24.4
33.883,797.0,172.9,100.0,0.0,-2.6,4,5815,-0.16,0.21,38.7,38.7,37.9,38.1,23.5,23.4,24.4,24.4
33.9,797.8,173.1,100.0,0.0,-2.7,4,5819,-0.16,0.21,38.7,38.7,37.9,38.1,23.5,23.4,24.4,24.4
33.917,798.6,173.2,100.0,0.0,-2.7,4,5830,-0.15,0.21,38.7,38.7,37.9,38.1,23.5,23.4,24.4,24.4
33.933,799.4,173.3,100.0,0.0,-2.7,4,5841,-0.16,0.21,38.7,38.7,37.9,38.1,23.5,23.4,24.4,24.4
33.95,800.2,173.4,100.0,0.0,-2.7,4,5847,-0.16,0.21,38.7,38.7,37.9,38.1,23.5,23.4,24.4,24.4
33.967,801.0,173.5,100.0,0.0,-2.6,4,5847,-0.16,0.21,38.7,38.7,37.9,38.1,23.5,23.4,24.4,24.4
33.983,801.8,173.6,100.0,0.0,-2.6,4,5845,-0.16,0.21,38.7,38.7,37.9,38.1,23.5,23.4,24.4,24.4
34.0,802.7,173.8,100.0,0.0,-2.5,4,5847,-0.17,0.21,38.7,38.7,37.9,38.1,23.5,23.4,24.4,24.4
34.017,803.5,173.9,100.0,0.0,-2.5,4,5851,-0.17,0.21,38.7,38.7,37.9,38.1,23.5,23.4,24.4,24.4
34.033,804.3,174.0,100.0,0.0,-2.4,4,5857,-0.17,0.2,38.7,38.7,37.9,38.0,23.5,23.4,24.4,24.4
34.05,805.1,174.1,100.0,0.0,-2.3,4,5862,-0.17,0.21,38.7,38.7,37.9,38.0,23.5,23.4,24.4,24.4
34.067,805.9,174.2,100.0,0.0,-2.3,4,5865,-0.16,0.21,38.7,38.7,37.9,38.0,23.5,23.5,24.4,24.4
34.083,806.7,174.3,100.0,0.0,-2.3,4,5867,-0.16,0.21,38.7,38.7,37.9,38.0,23.5,23.5,24.4,24.4
34.1,807.5,174.4,100.0,0.0,-2.3,4,5871,-0.16,0.2,38.7,38.7,37.9,38.0,23.5,23.5,24.4,24.4
34.117,808.3,174.6,100.0,0.0,-2.3,4,5876,-0.16,0.2,38.7,38.7,37.9,38.0,23.5,23.5,24.4,24.4
34.133,809.1,174.7,100.0,0.0,-2.3,4,5880,-0.16,0.21,38.7,38.7,37.9,38.0,23.5,23.5,24.4,24.4
34.15,809.9,174.8,100.0,0.0,-2.4,4,5885,-0.16,0.21,38.7,38.7,37.9,38.0,23.5,23.5,24.4,24.4
34.167,810.7,174.9,100.0,0.0,-2.5,4,5889,-0.16,0.21,38.7,38.7,37.9,38.0,23.5,23.5,24.4,24.4
34.183,811.5,175.0,100.0,0.0,-2.5,4,5894,-0.16,0.21,38.7,38.7,37.9,38.0,23.5,23.5,24.4,24.4
34.2,812.3,175.1,100.0,0.0,-2.6,4,5898,-0.17,0.21,38.7,38.7,37.9,38.0,23.5,23.5,24.4,24.4
34.217,813.1,175.2,100.0,0.0,-2.7,4,5901,-0.17,0.21,38.7,38.7,37.9,38.0,23.5,23.5,24.4,24.4
34.233,814.0,175.4,100.0,0.0,-2.8,4,5901,-0.18,0.2,38.7,38.7,37.9,38.0,23.5,23.5,24.4,24.4
34.25,814.8,175.5,100.0,0.0,-3.0,4,5900,-0.18,0.2,38.7,38.7,37.9,38.0,23.5,23.5,24.4,24.4
34.267,815.6,175.6,100.0,0.0,-3.1,4,5901,-0.18,0.2,38.6,38.7,37.9,38.0,23.5,23.5,24.4,24.4
34.283,816.4,175.7,100.0,0.0,-3.2,4,5906,-0.18,0.2,38.6,38.7,37.9,38.0,23.5,23.5,24.4,24.4
34.3,817.2,175.8,100.0,0.0,-3.3,4,5913,-0.18,0.2,38.6,38.7,37.9,38.0,23.5,23.5,24.4,24.4
34.317,818.0,175.9,100.0,0.0,-3.3,4,5919,-0.18,0.2,38.6,38.7,37.8,38.0,23.5,23.5,24.4,24.4
34.333,818.8,176.0,100.0,0.0,-3.3,4,5924,-0.19,0.2,38.6,38.7,37.8,38.0,23.5,23.5,24.4,24.4
34.35,819.6,176.1,100.0,0.0,-3.3,4,5928,-0.19,0.2,38.6,38.7,37.8,38.0,23.5,23.5,24.4,24.4
34.367,820.5,176.2,100.0,0.0,-3.3,4,5931,-0.19,0.2,38.6,38.7,37.8,38.0,23.5,23.5,24.4,24.4
34.383,821.3,176.4,100.0,0.0,-3.3,4,5935,-0.19,0.2,38.6,38.6,37.8,38.0,23.5,23.5,24.4,24.4
34.4,822.1,176.5,100.0,0.0,-3.2,4,5940,-0.19,0.2,38.6,38.6,37.8,38.0,23.5,23.5,24.4,24.4
34.417,822.9,176.6,100.0,0.0,-3.2,4,5945,-0.2,0.2,38.6,38.6,37.8,38.0,23.5,23.5,24.4,24.4
34.433,823.7,176.7,100.0,0.0,-3.1,4,5948,-0.2,0.2,38.6,38.6,37.8,37.9,23.5,23.5,24.4,24.4
34.45,824.5,176.8,100.0,0.0,-3.0,4,5952,-0.2,0.2,38.6,38.6,37.8,37.9,23.5,23.5,24.4,24.4
34.467,825.4,176.9,100.0,0.0,-3.0,4,5955,-0.2,0.2,38.6,38.6,37.8,37.9,23.5,23.5,24.4,24.4
34.483,826.2,177.0,100.0,0.0,-3.0,4,5959,-0.2,0.2,38.6,38.6,37.8,37.9,23.5,23.5,24.4,24.4
34.5,827.0,177.1,100.0,0.0,-3.0,4,5963,-0.21,0.2,38.6,38.6,37.8,37.9,23.5,23.5,24.4,24.4
34.517,827.8,177.2,100.0,0.0,-3.0,4,5967,-0.21,0.2,38.6,38.6,37.8,37.9,23.5,23.5,24.4,24.4
34.533,828.6,177.3,100.0,0.0,-3.0,4,5970,-0.21,0.2,38.6,38.6,37.8,37.9,23.5,23.5,24.4,24.4
34.55,829.5,177.5,100.0,0.0,-2.9,4,5974,-0.21,0.2,38.6,38.6,37.8,37.9,23.5,23.5,24.4,24.4
34.567,830.3,177.6,100.0,0.0,-2.9,4,5977,-0.21,0.2,38.6,38.6,37.8,37.9,23.5,23.5,24.4,24.4
34.583,831.1,177.7,100.0,0.0,-2.9,4,5981,-0.21,0.2,38.6,38.6,37.8,37.9,23.5,23.5,24.4,24.4
34.6,831.9,177.8,100.0,0.0,-2.8,4,5985,-0.21,0.2,38.6,38.6,37.8,37.9,23.5,23.5,24.4,24.4
34.617,832.7,177.9,100.0,0.0,-2.8,4,5989,-0.21,0.2,38.6,38.6,37.8,37.9,23.5,23.5,24.4,24.4
34.633,833.6,178.0,100.0,0.0,-2.6,4,5992,-0.2,0.2,38.6,38.6,37.8,37.9,23.5,23.5,24.4,24.4
34.65,834.4,178.1,100.0,0.0,-2.5,4,5996,-0.2,0.2,38.6,38.6,37.8,37.9,23.5,23.5,24.4,24.4
34.667,835.2,178.2,100.0,0.0,-2.4,4,6000,-0.2,0.2,38.6,38.6,37.8,37.9,23.5,23.5,24.4,24.4
34.683,836.0,178.3,100.0,0.0,-2.1,4,6003,-0.19,0.2,38.6,38.6,37.8,37.9,23.5,23.5,24.4,24.4
34.7,836.9,178.4,100.0,0.0,-2.0,4,6007,-0.18,0.2,38.6,38.6,37.8,37.9,23.5,23.5,24.4,24.4
34.717,837.7,178.6,100.0,0.0,-1.7,4,6011,-0.17,0.2,38.6,38.6,37.8,37.9,23.5,23.5,24.4,24.4
34.733,838.5,178.7,100.0,0.0,-1.4,4,6015,-0.18,0.2,38.6,38.6,37.8,37.9,23.5,23.5,24.4,24.4
34.75,839.4,178.8,100.0,0.0,-1.1,4,6019,-0.17,0.2,38.6,38.6,37.8,37.9,23.5,23.5,24.4,24.4
34.767,840.2,178.9,100.0,0.0,-0.8,4,6019,-0.18,0.19,38.6,38.6,37.8,37.9,23.5,23.5,24.4,24.4
34.783,841.0,179.0,100.0,0.0,-0.5,4,6014,-0.15,0.19,38.6,38.6,37.8,37.9,23.5,23.5,24.4,24.4
34.8,841.8,179.1,100.0,0.0,-0.2,4,6017,-0.13,0.19,38.6,38.6,37.8,37.9,23.5,23.5,24.4,24.4
34.817,842.7,179.2,100.0,0.0,0.0,4,6027,-0.11,0.19,38.6,38.6,37.8,37.9,23.5,23.5,24.4,24.4
34.833,843.5,179.3,100.0,0.0,0.3,4,6039,-0.1,0.19,38.6,38.6,37.7,37.9,23.5,23.5,24.4,24.4
34.85,844.3,179.4,100.0,0.0,0.5,4,6045,-0.09,0.2,38.6,38.6,37.7,37.9,23.5,23.5,24.4,24.4
34.867,845.2,179.5,100.0,0.0,0.7,4,6046,-0.08,0.2,38.6,38.6,37.7,37.9,23.5,23.5,24.4,24.4
34.883,846.0,179.6,100.0,0.0,0.9,4,6046,-0.06,0.2,38.6,38.6,37.7,37.8,23.5,23.5,24.4,24.4
34.9,846.8,179.7,100.0,0.0,1.0,4,6048,-0.05,0.2,38.6,38.6,37.7,37.8,23.5,23.5,24.4,24.4
34.917,847.6,179.8,100.0,0.0,1.1,4,6052,-0.04,0.19,38.5,38.6,37.7,37.8,23.5,23.5,24.4,24.4
34.933,848.5,179.9,100.0,0.0,1.2,4,6057,-0.02,0.19,38.5,38.6,37.7,37.8,23.5,23.5,24.4,24.4
34.95,849.3,180.1,100.0,0.0,1.2,4,6061,-0.01,0.19,38.5,38.6,37.7,37.8,23.5,23.5,24.4,24.4
34.967,850.1,180.2,100.0,0.0,1.2,4,6064,0.0,0.19,38.5,38.6,37.7,37.8,23.5,23.5,24.4,24.4
34.983,851.0,180.3,100.0,0.0,1.2,4,6066,0.01,0.19,38.5,38.5,37.7,37.8,23.5,23.5,24.4,24.4
35.0,851.8,180.4,100.0,0.0,1.2,4,6070,0.02,0.19,38.5,38.5,37.7,37.8,23.5,23.5,24.4,24.4
35.017,852.6,180.5,100.0,0.0,1.1,4,6074,0.03,0.19,38.5,38.5,37.7,37.8,23.5,23.5,24.4,24.4
35.033,853.5,180.6,100.0,0.0,1.0,4,6078,0.04,0.19,38.5,38.5,37.7,37.8,23.5,23.5,24.4,24.4
35.05,854.3,180.7,100.0,0.0,1.0,4,6081,0.05,0.19,38.5,38.5,37.7,37.8,23.5,23.5,24.4,24.4
35.067,855.2,180.8,100.0,0.0,0.9,4,6084,0.06,0.19,38.5,38.5,37.7,37.8,23.5,23.5,24.4,24.4
35.083,856.0,180.9,100.0,0.0,0.9,4,6087,0.06,0.19,38.5,38.5,37.7,37.8,23.5,23.5,24.4,24.4
35.1,856.8,181.0,100.0,0.0,0.9,4,6090,0.07,0.19,38.5,38.5,37.7,37.8,23.5,23.5,24.4,24.4
35.117,857.7,181.1,100.0,0.0,0.9,4,6094,0.07,0.19,38.5,38.5,37.7,37.8,23.5,23.5,24.4,24.4
35.133,858.5,181.2,100.0,0.0,0.9,4,6097,0.08,0.19,38.5,38.5,37.7,37.8,23.5,23.5,24.4,24.4
35.15,859.3,181.3,100.0,0.0,0.9,4,6101,0.08,0.19,38.5,38.5,37.7,37.8,23.5,23.5,24.4,24.4
35.167,860.2,181.4,100.0,0.0,0.9,4,6104,0.08,0.19,38.5,38.5,37.7,37.8,23.5,23.5,24.4,24.4
35.183,861.0,181.5,100.0,0.0,0.9,4,6108,0.08,0.19,38.5,38.5,37.7,37.8,23.5,23.5,24.4,24.4
35.2,861.9,181.6,100.0,0.0,0.9,4,6111,0.08,0.19,38.5,38.5,37.7,37.8,23.5,23.5,24.4,24.4
35.217,862.7,181.7,100.0,0.0,0.9,4,6115,0.09,0.19,38.5,38.5,37.7,37.8,23.5,23.5,24.4,24.4
35.233,863.5,181.8,100.0,0.0,0.9,4,6119,0.08,0.19,38.5,38.5,37.7,37.8,23.5,23.5,24.4,24.4
35.25,864.4,181.9,100.0,0.0,0.9,4,6122,0.09,0.19,38.5,38.5,37.7,37.8,23.5,23.5,24.4,24.4
35.267,865.2,182.0,100.0,0.0,0.9,4,6125,0.08,0.19,38.5,38.5,37.7,37.7,23.5,23.5,24.4,24.4
35.283,866.1,182.1,100.0,0.0,0.8,4,6129,0.08,0.19,38.5,38.5,37.7,37.7,23.5,23.5,24.4,24.4
35.3,866.9,182.3,100.0,0.0,0.7,4,6132,0.08,0.19,38.5,38.5,37.7,37.7,23.5,23.5,24.4,24.4
35.317,867.8,182.4,100.0,0.0,0.6,4,6136,0.08,0.19,38.5,38.5,37.6,37.7,23.5,23.5,24.4,24.4
35.333,868.6,182.5,100.0,0.0,0.5,4,6139,0.08,0.19,38.5,38.5,37.6,37.7,23.5,23.5,24.4,24.4
35.35,869.5,182.6,100.0,0.0,0.3,4,6143,0.07,0.19,38.5,38.5,37.6,37.7,23.5,23.5,24.4,24.4
35.367,870.3,182.7,100.0,0.0,0.2,4,6146,0.07,0.19,38.5,38.5,37.6,37.7,23.5,23.5,24.4,24.4
35.383,871.1,182.8,100.0,0.0,0.1,4,6150,0.07,0.19,38.5,38.5,37.6,37.7,23.5,23.5,24.4,24.4
35.4,872.0,182.9,100.0,0.0,0.0,4,6153,0.06,0.19,38.5,38.5,37.6,37.7,23.5,23.5,24.4,24.4
35.417,872.8,183.0,100.0,0.0,-0.0,4,6157,0.06,0.18,38.5,38.5,37.6,37.7,23.5,23.5,24.4,24.4
35.433,873.7,183.1,100.0,0.0,-0.1,4,6160,0.05,0.18,38.5,38.5,37.6,37.7,23.5,23.5,24.4,24.4
35.45,874.5,183.2,100.0,0.0,-0.1,4,6163,0.05,0.18,38.5,38.5,37.6,37.7,23.5,23.5,24.4,24.4
35.467,875.4,183.3,100.0,0.0,-0.0,4,6167,0.05,0.18,38.5,38.5,37.6,37.7,23.5,23.5,24.4,24.4
35.483,876.2,183.4,100.0,0.0,0.0,4,6170,0.04,0.18,38.5,38.5,37.6,37.7,23.5,23.5,24.4,24.4
35.5,877.1,183.5,100.0,0.0,0.1,4,6173,0.04,0.18,38.5,38.5,37.6,37.7,23.5,23.5,24.4,24.4
35.517,877.9,183.6,100.0,0.0,0.2,4,6177,0.04,0.18,38.5,38.5,37.6,37.7,23.5,23.5,24.4,24.4
35.533,878.8,183.7,100.0,0.0,0.2,4,6180,0.04,0.18,38.5,38.5,37.6,37.7,23.5,23.5,24.4,24.4
35.55,879.6,183.8,100.0,0.0,0.3,4,6184,0.04,0.18,38.5,38.4,37.6,37.7,23.5,23.5,24.4,24.4
35.567,880.5,183.9,100.0,0.0,0.3,4,6188,0.04,0.18,38.4,38.4,37.6,37.7,23.5,23.5,24.4,24.4
35.583,881.3,184.0,100.0,0.0,0.2,4,6191,0.04,0.18,38.4,38.4,37.6,37.7,23.5,23.5,24.4,24.4
35.6,882.2,184.1,100.0,0.0,0.1,4,6194,0.03,0.18,38.4,38.4,37.6,37.7,23.5,23.5,24.4,24.4
35.617,883.0,184.2,100.0,0.0,-0.1,4,6197,0.03,0.18,38.4,38.4,37.6,37.7,23.5,23.5,24.4,24.4
35.633,883.9,184.3,100.0,0.0,-0.3,4,6200,0.03,0.18,38.4,38.4,37.6,37.7,23.5,23.5,24.4,24.4
35.65,884.7,184.4,100.0,0.0,-0.6,4,6204,0.02,0.18,38.4,38.4,37.6,37.7,23.5,23.5,24.4,24.4
35.667,885.6,184.5,100.0,0.0,-0.9,4,6207,0.02,0.18,38.4,38.4,37.6,37.7,23.5,23.5,24.4,24.4
35.683,886.4,184.6,100.0,0.0,-1.4,4,6210,0.0,0.18,38.4,38.4,37.6,37.7,23.5,23.5,24.4,24.4
35.7,887.3,184.7,100.0,0.0,-1.9,4,6213,-0.01,0.18,38.4,38.4,37.6,37.6,23.5,23.5,24.4,24.4
35.717,888.2,184.8,100.0,0.0,-2.3,4,6217,-0.02,0.18,38.4,38.4,37.6,37.6,23.5,23.5,24.4,24.4
35.733,889.0,184.9,100.0,0.0,-2.7,4,6220,-0.04,0.18,38.4,38.4,37.6,37.6,23.5,23.5,24.4,24.4
35.75,889.9,185.0,100.0,0.0,-3.1,4,6224,-0.06,0.18,38.4,38.4,37.6,37.6,23.5,23.5,24.4,24.4
35.767,890.7,185.1,100.0,0.0,-3.5,4,6228,-0.08,0.18,38.4,38.4,37.6,37.6,23.5,23.5,24.4,24.4
35.783,891.6,185.2,100.0,0.0,-3.7,4,6232,-0.09,0.18,38.4,38.4,37.6,37.6,23.5,23.5,24.4,24.4
35.8,892.4,185.3,100.0,0.0,-3.9,4,6235,-0.11,0.18,38.4,38.4,37.6,37.6,23.5,23.5,24.4,24.4
35.817,893.3,185.4,100.0,0.0,-4.0,4,6238,-0.13,0.18,38.4,38.4,37.6,37.6,23.5,23.5,24.4,24.4
35.833,894.1,185.5,100.0,0.0,-4.0,4,6239,-0.15,0.18,38.4,38.4,37.6,37.6,23.5,23.5,24.4,24.4
35.85,895.0,185.6,100.0,0.0,-3.9,4,6240,-0.16,0.18,38.4,38.4,37.5,37.6,23.5,23.5,24.4,24.4
35.867,895.9,185.6,100.0,0.0,-3.7,4,6242,-0.17,0.18,38.4,38.4,37.5,37.6,23.5,23.5,24.4,24.4
35.883,896.7,185.7,100.0,0.0,-3.5,4,6244,-0.18,0.18,38.4,38.4,37.5,37.6,23.5,23.5,24.4,24.4
35.9,897.6,185.8,100.0,0.0,-3.3,4,6249,-0.19,0.18,38.4,38.4,37.5,37.6,23.5,23.5,24.4,24.4
35.917,898.4,185.9,100.0,0.0,-2.9,4,6254,-0.19,0.18,38.4,38.4,37.5,37.6,23.5,23.5,24.4,24.4
35.933,899.3,186.0,100.0,0.0,-2.6,4,6258,-0.19,0.18,38.4,38.4,37.5,37.6,23.5,23.5,24.4,24.4
35.95,900.2,186.1,100.0,0.0,-2.3,4,6262,-0.19,0.18,38.4,38.4,37.5,37.6,23.5,23.5,24.4,24.4
35.967,901.0,186.2,100.0,0.0,-2.0,4,6266,-0.2,0.18,38.4,38.4,37.5,37.6,23.5,23.5,24.4,24.4
35.983,901.9,186.3,100.0,0.0,-1.8,4,6269,-0.19,0.18,38.4,38.4,37.5,37.6,23.5,23.5,24.4,24.4
36.0,902.8,186.4,100.0,0.0,-1.5,4,6272,-0.19,0.18,38.4,38.4,37.5,37.6,23.5,23.5,24.4,24.4
36.017,903.6,186.5,100.0,0.0,-1.3,4,6276,-0.19,0.18,38.4,38.4,37.5,37.6,23.5,23.5,24.4,24.4
36.033,904.5,186.6,100.0,0.0,-1.2,4,6279,-0.18,0.18,38.4,38.4,37.5,37.6,23.5,23.5,24.4,24.4
36.05,905.3,186.7,100.0,0.0,-1.0,4,6282,-0.17,0.18,38.4,38.4,37.5,37.6,23.5,23.5,24.4,24.4
36.067,906.2,186.8,100.0,0.0,-0.8,4,6285,-0.17,0.17,38.4,38.4,37.5,37.6,23.5,23.5,24.4,24.4
36.083,907.1,186.9,100.0,0.0,-0.6,4,6288,-0.16,0.18,38.4,38.4,37.5,37.6,23.5,23.5,24.4,24.4
36.1,907.9,187.0,100.0,0.0,-0.5,4,6291,-0.15,0.18,38.4,38.4,37.5,37.6,23.5,23.5,24.4,24.4
36.117,908.8,187.1,100.0,0.0,-0.3,4,6294,-0.14,0.17,38.4,38.4,37.5,37.6,23.5,23.5,24.4,24.4
36.133,909.7,187.2,100.0,0.0,-0.2,4,6297,-0.13,0.17,38.4,38.4,37.5,37.6,23.5,23.5,24.4,24.4
36.15,910.5,187.3,100.0,0.0,0.0,4,6301,-0.11,0.17,38.4,38.4,37.5,37.6,23.5,23.5,24.5,24.4
36.167,911.4,187.4,100.0,0.0,0.2,4,6304,-0.1,0.17,38.4,38.4,37.5,37.6,23.5,23.5,24.5,24.4
36.183,912.3,187.5,100.0,0.0,0.3,4,6307,-0.09,0.17,38.4,38.4,37.5,37.6,23.5,23.5,24.5,24.4
36.2,913.1,187.6,100.0,0.0,0.4,4,6310,-0.08,0.17,38.4,38.4,37.5,37.6,23.5,23.5,24.5,24.4
36.217,914.0,187.6,100.0,0.0,0.6,4,6313,-0.07,0.17,38.4,38.4,37.5,37.6,23.5,23.5,24.5,24.5
36.233,914.9,187.7,100.0,0.0,0.6,4,6316,-0.06,0.17,38.4,38.4,37.5,37.6,23.5,23.5,24.5,24.5
36.25,915.7,187.8,100.0,0.0,0.7,4,6319,-0.04,0.17,38.4,38.4,37.5,37.6,23.5,23.5,24.5,24.5
36.267,916.6,187.9,100.0,0.0,0.7,4,6322,-0.03,0.17,38.4,38.4,37.5,37.6,23.5,23.5,24.5,24.5
36.283,917.5,188.0,100.0,0.0,0.7,4,6325,-0.02,0.17,38.4,38.4,37.5,37.6,23.5,23.5,24.5,24.5
36.3,918.4,188.1,100.0,0.0,0.7,4,6328,-0.01,0.17,38.4,38.4,37.5,37.6,23.5,23.5,24.5,24.5
36.317,919.2,188.2,100.0,0.0,0.7,4,6332,-0.0,0.17,38.4,38.4,37.5,37.6,23.5,23.5,24.5,24.5
36.333,920.1,188.3,100.0,0.0,0.7,4,6335,0.0,0.17,38.4,38.4,37.5,37.6,23.5,23.5,24.5,24.5
36.35,921.0,188.4,100.0,0.0,0.6,4,6338,0.01,0.17,38.4,38.3,37.5,37.5,23.5,23.5,24.5,24.5
36.367,921.8,188.5,100.0,0.0,0.6,4,6341,0.02,0.17,38.4,38.3,37.5,37.5,23.5,23.5,24.5,24.5
36.383,922.7,188.6,100.0,0.0,0.6,4,6344,0.02,0.17,38.3,38.3,37.5,37.5,23.5,23.5,24.5,24.5
36.4,923.6,188.7,100.0,0.0,0.6,4,6347,0.03,0.17,38.3,38.3,37.5,37.5,23.5,23.5,24.5,24.5
36.417,924.5,188.8,100.0,0.0,0.6,4,6350,0.04,0.17,38.3,38.3,37.5,37.5,23.5,23.5,24.5,24.5
36.433,925.3,188.9,100.0,0.0,0.6,4,6353,0.04,0.17,38.3,38.3,37.5,37.5,23.5,23.5,24.5,24.5
36.45,926.2,188.9,100.0,0.0,0.6,4,6356,0.04,0.17,38.3,38.3,37.5,37.5,23.5,23.5,24.5,24.5
36.467,927.1,189.0,100.0,0.0,0.6,4,6359,0.05,0.17,38.3,38.3,37.5,37.5,23.5,23.5,24.5,24.5
36.483,928.0,189.1,100.0,0.0,0.7,4,6362,0.05,0.17,38.3,38.3,37.5,37.5,23.5,23.5,24.5,24.5
36.5,928.8,189.2,100.0,0.0,0.7,4,6365,0.05,0.17,38.3,38.3,37.5,37.5,23.5,23.5,24.5,24.5
36.517,929.7,189.3,100.0,0.0,0.8,4,6368,0.06,0.17,38.3,38.3,37.5,37.5,23.5,23.5,24.5,24.5
36.533,930.6,189.4,100.0,0.0,0.9,4,6371,0.06,0.17,38.3,38.3,37.5,37.5,23.5,23.5,24.5,24.5
36.55,931.5,189.5,100.0,0.0,1.0,4,6374,0.07,0.17,38.3,38.3,37.5,37.5,23.5,23.5,24.5,24.5
36.567,932.3,189.6,100.0,0.0,1.0,4,6377,0.07,0.17,38.3,38.3,37.5,37.5,23.5,23.5,24.5,24.5
36.583,933.2,189.7,100.0,0.0,1.1,4,6380,0.07,0.17,38.3,38.3,37.5,37.5,23.5,23.5,24.5,24.5
36.6,934.1,189.8,100.0,0.0,1.2,4,6383,0.08,0.17,38.3,38.3,37.5,37.5,23.5,23.5,24.5,24.5
36.617,935.0,189.9,100.0,0.0,1.2,4,6386,0.08,0.17,38.3,38.3,37.5,37.5,23.5,23.5,24.5,24.5
36.633,935.9,190.0,100.0,0.0,1.3,4,6389,0.08,0.17,38.3,38.3,37.4,37.5,23.5,23.5,24.5,24.5
36.65,936.7,190.0,100.0,0.0,1.3,4,6392,0.09,0.17,38.3,38.3,37.4,37.5,23.5,23.5,24.5,24.5
36.667,937.6,190.1,100.0,0.0,1.3,4,6395,0.09,0.17,38.3,38.3,37.4,37.5,23.5,23.5,24.5,24.5
36.683,938.5,190.2,100.0,0.0,1.3,4,6398,0.09,0.17,38.3,38.3,37.4,37.5,23.5,23.5,24.5,24.5
36.7,939.4,190.3,100.0,0.0,1.3,4,6401,0.1,0.17,38.3,38.3,37.4,37.5,23.5,23.5,24.5,24.5
36.717,940.3,190.4,100.0,0.0,1.3,4,6404,0.1,0.17,38.3,38.3,37.4,37.5,23.5,23.5,24.5,24.5
36.733,941.1,190.5,100.0,0.0,1.3,4,6407,0.1,0.16,38.3,38.3,37.4,37.5,23.5,23.5,24.5,24.5
36.75,942.0,190.6,100.0,0.0,1.2,4,6410,0.11,0.16,38.3,38.3,37.4,37.5,23.5,23.5,24.5,24.5
36.767,942.9,190.7,100.0,0.0,1.2,4,6413,0.11,0.16,38.3,38.3,37.4,37.5,23.5,23.5,24.5,24.5
36.783,943.8,190.8,100.0,0.0,1.2,4,6416,0.11,0.16,38.3,38.3,37.4,37.5,23.5,23.5,24.5,24.5
36.8,944.7,190.8,100.0,0.0,1.2,4,6419,0.11,0.16,38.3,38.3,37.4,37.5,23.5,23.5,24.5,24.5
36.817,945.5,190.9,100.0,0.0,1.2,4,6422,0.11,0.16,38.3,38.3,37.4,37.5,23.5,23.5,24.5,24.5
36.833,946.4,191.0,100.0,0.0,1.2,4,6425,0.12,0.16,38.3,38.3,37.4,37.5,23.5,23.5,24.5,24.5
36.85,947.3,191.1,100.0,0.0,1.3,4,6428,0.12,0.16,38.3,38.3,37.4,37.5,23.5,23.5,24.5,24.5
36.867,948.2,191.2,100.0,0.0,1.4,4,6431,0.13,0.16,38.3,38.3,37.4,37.5,23.5,23.5,24.5,24.5
36.883,949.1,191.3,100.0,0.0,1.6,4,6433,0.13,0.16,38.3,38.3,37.4,37.5,23.5,23.5,24.5,24.5
36.9,950.0,191.4,100.0,0.0,1.8,4,6435,0.13,0.16,38.3,38.3,37.4,37.5,23.5,23.5,24.5,24.5
36.917,950.9,191.5,100.0,0.0,1.9,4,6437,0.14,0.16,38.3,38.3,37.4,37.5,23.5,23.5,24.5,24.5
36.933,951.7,191.5,100.0,0.0,2.1,4,6441,0.14,0.16,38.3,38.3,37.4,37.5,23.5,23.5,24.5,24.5
36.95,952.6,191.6,100.0,0.0,2.3,4,6445,0.15,0.16,38.3,38.3,37.4,37.5,23.5,23.5,24.5,24.5
36.967,953.5,191.7,100.0,0.0,2.4,4,6448,0.15,0.16,38.3,38.3,37.4,37.5,23.5,23.5,24.5,24.5
36.983,954.4,191.8,100.0,0.0,2.5,4,6452,0.16,0.16,38.3,38.3,37.4,37.5,23.5,23.5,24.5,24.5
37.0,955.3,191.9,100.0,0.0,2.6,4,6456,0.16,0.16,38.3,38.3,37.4,37.4,23.5,23.5,24.5,24.5
37.017,956.2,192.0,100.0,0.0,2.6,4,6459,0.17,0.16,38.3,38.3,37.4,37.4,23.5,23.5,24.5,24.5
37.033,957.1,192.1,100.0,0.0,2.6,4,6461,0.17,0.16,38.3,38.3,37.4,37.4,23.5,23.5,24.5,24.5
37.05,958.0,192.2,100.0,0.0,2.5,4,6461,0.18,0.16,38.3,38.3,37.4,37.4,23.5,23.5,24.5,24.5
37.067,958.8,192.2,100.0,0.0,2.4,4,6462,0.17,0.16,38.3,38.3,37.4,37.4,23.5,23.5,24.5,24.5
37.083,959.7,192.3,100.0,0.0,2.2,4,6465,0.14,0.16,38.3,38.3,37.4,37.4,23.5,23.5,24.5,24.5
37.1,960.6,192.4,100.0,0.0,2.1,4,6471,0.2,0.17,38.3,38.3,37.4,37.4,23.5,23.5,24.5,24.5
37.117,961.5,192.5,100.0,0.0,1.9,4,6478,0.2,0.17,38.3,38.3,37.4,37.4,23.5,23.5,24.5,24.5
37.133,962.4,192.6,100.0,0.0,1.8,4,6486,0.19,0.17,38.3,38.3,37.4,37.4,23.5,23.5,24.5,24.5
37.15,963.3,192.7,100.0,0.0,1.6,4,6487,0.22,0.16,38.3,38.3,37.4,37.4,23.5,23.5,24.5,24.5
37.167,964.2,192.8,100.0,0.0,1.5,4,6472,0.23,0.15,38.3,38.3,37.4,37.4,23.5,23.5,24.5,24.5
37.183,965.1,192.9,100.0,0.0,1.5,4,6459,0.23,0.16,38.3,38.2,37.4,37.4,23.5,23.5,24.5,24.5
37.2,966.0,192.9,100.0,0.0,1.5,4,6463,0.2,0.15,38.3,38.2,37.4,37.4,23.5,23.5,24.5,24.5
37.217,966.9,193.0,100.0,0.0,1.6,4,6478,0.2,0.15,38.3,38.2,37.4,37.4,23.5,23.5,24.5,24.5
37.233,967.8,193.1,100.0,0.0,1.7,4,6493,0.19,0.15,38.3,38.2,37.4,37.4,23.5,23.5,24.5,24.5
37.25,968.7,193.2,100.0,0.0,1.9,4,6499,0.18,0.16,38.3,38.2,37.4,37.4,23.5,23.5,24.5,24.5
37.267,969.6,193.2,100.0,0.0,2.1,4,6498,0.18,0.16,38.3,38.2,37.4,37.4,23.5,23.5,24.5,24.5
37.283,970.4,193.3,100.0,0.0,2.4,4,6496,0.18,0.16,38.2,38.2,37.4,37.4,23.5,23.5,24.5,24.5
37.3,971.3,193.4,100.0,0.0,2.6,4,6499,0.18,0.16,38.2,38.2,37.4,37.4,23.5,23.5,24.5,24.5
37.317,972.2,193.5,100.0,0.0,2.8,4,6504,0.18,0.16,38.2,38.2,37.4,37.4,23.5,23.5,24.5,24.5
37.333,973.1,193.6,100.0,0.0,3.1,4,6510,0.18,0.16,38.2,38.2,37.4,37.4,23.5,23.5,24.5,24.5
37.35,974.0,193.7,100.0,0.0,3.3,4,6513,0.19,0.16,38.2,38.2,37.4,37.4,23.5,23.5,24.5,24.5
37.367,974.9,193.7,100.0,0.0,3.5,4,6514,0.19,0.16,38.2,38.2,37.4,37.4,23.5,23.5,24.5,24.5
37.383,975.8,193.8,100.0,0.0,3.7,4,6516,0.2,0.15,38.2,38.2,37.4,37.4,23.5,23.5,24.5,24.5
37.4,976.7,193.9,100.0,0.0,3.9,4,6518,0.2,0.16,38.2,38.2,37.4,37.4,23.5,23.5,24.5,24.5
37.417,977.6,194.0,100.0,0.0,4.1,4,6521,0.22,0.16,38.2,38.2,37.4,37.4,23.5,23.5,24.5,24.5
37.433,978.5,194.1,100.0,0.0,4.3,4,6524,0.23,0.16,38.2,38.2,37.4,37.4,23.5,23.5,24.5,24.5
37.45,979.4,194.1,100.0,0.0,4.4,4,6527,0.23,0.16,38.2,38.2,37.4,37.4,23.5,23.5,24.5,24.5
37.467,980.3,194.2,100.0,0.0,4.5,4,6529,0.25,0.16,38.2,38.2,37.4,37.4,23.5,23.5,24.5,24.5
37.483,981.2,194.3,100.0,0.0,4.6,4,6532,0.25,0.15,38.2,38.2,37.4,37.4,23.5,23.5,24.5,24.5
37.5,982.1,194.4,100.0,0.0,4.7,4,6534,0.27,0.15,38.2,38.2,37.4,37.4,23.5,23.5,24.5,24.5
37.517,983.0,194.5,100.0,0.0,4.8,4,6537,0.27,0.15,38.2,38.2,37.3,37.4,23.5,23.5,24.5,24.5
37.533,983.9,194.5,100.0,0.0,4.8,4,6540,0.28,0.15,38.2,38.2,37.3,37.4,23.5,23.5,24.5,24.5
37.55,984.8,194.6,100.0,0.0,4.8,4,6542,0.3,0.15,38.2,38.2,37.3,37.4,23.5,23.5,24.5,24.5
37.567,985.7,194.7,100.0,0.0,4.8,4,6545,0.3,0.15,38.2,38.2,37.3,37.4,23.5,23.5,24.5,24.5
37.583,986.6,194.8,100.0,0.0,4.7,4,6548,0.31,0.15,38.2,38.2,37.3,37.4,23.5,23.5,24.5,24.5
37.6,987.5,194.8,100.0,0.0,4.6,4,6550,0.3,0.15,38.2,38.2,37.3,37.4,23.5,23.5,24.5,24.5
37.617,988.4,194.9,100.0,0.0,4.6,4,6553,0.32,0.15,38.2,38.2,37.3,37.4,23.5,23.5,24.5,24.5
37.633,989.3,195.0,100.0,0.0,4.5,4,6555,0.33,0.15,38.2,38.2,37.3,37.4,23.5,23.5,24.5,24.5
37.65,990.2,195.1,100.0,0.0,4.5,4,6558,0.32,0.15,38.2,38.2,37.3,37.4,23.5,23.5,24.5,24.5
37.667,991.1,195.1,100.0,0.0,4.4,4,6561,0.33,0.15,38.2,38.2,37.3,37.4,23.5,23.5,24.5,24.5
37.683,992.0,195.2,100.0,0.0,4.4,4,6563,0.33,0.15,38.2,38.2,37.3,37.4,23.5,23.5,24.5,24.5
37.7,992.9,195.3,100.0,0.0,4.4,4,6565,0.33,0.15,38.2,38.2,37.3,37.4,23.5,23.5,24.5,24.5
37.717,993.8,195.4,100.0,0.0,4.3,4,6568,0.33,0.15,38.2,38.2,37.3,37.4,23.5,23.5,24.5,24.5
37.733,994.7,195.5,100.0,0.0,4.3,4,6570,0.33,0.15,38.2,38.2,37.3,37.4,23.5,23.5,24.5,24.5
37.75,995.6,195.5,100.0,0.0,4.4,4,6573,0.34,0.15,38.2,38.2,37.3,37.3,23.5,23.5,24.5,24.5
37.767,996.5,195.6,100.0,0.0,4.4,4,6575,0.34,0.15,38.2,38.2,37.3,37.3,23.5,23.5,24.5,24.5
37.783,997.4,195.7,100.0,0.0,4.4,4,6578,0.34,0.15,38.2,38.2,37.3,37.3,23.5,23.5,24.5,24.5
37.8,998.3,195.8,100.0,0.0,4.5,4,6580,0.33,0.15,38.2,38.2,37.3,37.3,23.5,23.5,24.5,24.5
37.817,999.3,195.8,100.0,0.0,4.5,4,6582,0.33,0.15,38.2,38.2,37.3,37.3,23.5,23.5,24.5,24.5
37.833,1000.2,195.9,100.0,0.0,4.5,4,6585,0.33,0.15,38.2,38.2,37.3,37.3,23.5,23.5,24.5,24.5
37.85,1001.1,196.0,100.0,0.0,4.5,4,6587,0.33,0.15,38.2,38.2,37.3,37.3,23.5,23.5,24.5,24.5
37.867,1002.0,196.0,100.0,0.0,4.5,4,6589,0.33,0.15,38.2,38.2,37.3,37.3,23.5,23.5,24.5,24.5
37.883,1002.9,196.1,100.0,0.0,4.5,4,6592,0.32,0.15,38.2,38.2,37.3,37.3,23.5,23.5,24.5,24.5
37.9,1003.8,196.2,100.0,0.0,4.5,4,6595,0.33,0.15,38.2,38.2,37.3,37.3,23.5,23.5,24.5,24.5
37.917,1004.7,196.3,100.0,0.0,4.6,4,6599,0.33,0.15,38.2,38.2,37.3,37.3,23.5,23.5,24.5,24.5
37.933,1005.6,196.3,100.0,0.0,4.6,4,6602,0.32,0.15,38.2,38.2,37.3,37.3,23.5,23.5,24.5,24.5
37.95,1006.5,196.4,100.0,0.0,4.6,4,6605,0.33,0.15,38.2,38.2,37.3,37.3,23.5,23.5,24.5,24.5
37.967,1007.4,196.5,100.0,0.0,4.6,4,6607,0.33,0.15,38.2,38.2,37.3,37.3,23.5,23.5,24.5,24.5
37.983,1008.3,196.6,100.0,0.0,4.6,4,6608,0.34,0.15,38.2,38.2,37.3,37.3,23.5,23.5,24.5,24.5
38.0,1009.2,196.6,100.0,0.0,4.6,4,6610,0.33,0.15,38.2,38.2,37.3,37.3,23.5,23.5,24.5,24.5
38.017,1010.1,196.7,100.0,0.0,4.6,4,6612,0.34,0.15,38.2,38.2,37.3,37.3,23.5,23.5,24.5,24.5
38.033,1011.1,196.8,100.0,0.0,4.5,4,6613,0.34,0.15,38.2,38.2,37.3,37.3,23.5,23.5,24.5,24.5
38.05,1012.0,196.8,100.0,0.0,4.5,4,6615,0.34,0.15,38.2,38.2,37.3,37.3,23.5,23.5,24.5,24.5
38.067,1012.9,196.9,100.0,0.0,4.4,4,6617,0.35,0.15,38.2,38.2,37.3,37.3,23.5,23.5,24.5,24.5
38.083,1013.8,197.0,100.0,0.0,4.3,4,6619,0.34,0.15,38.2,38.2,37.3,37.3,23.5,23.5,24.5,24.5
38.1,1014.7,197.1,100.0,0.0,4.3,4,6621,0.34,0.15,38.2,38.2,37.3,37.3,23.5,23.5,24.5,24.5
38.117,1015.6,197.1,100.0,0.0,4.3,4,6624,0.34,0.15,38.2,38.2,37.3,37.3,23.5,23.5,24.5,24.5
38.133,1016.5,197.2,100.0,0.0,4.3,4,6626,0.34,0.15,38.2,38.2,37.3,37.3,23.5,23.5,24.5,24.5
38.15,1017.4,197.3,100.0,0.0,4.3,4,6629,0.34,0.15,38.2,38.2,37.3,37.3,23.5,23.5,24.5,24.5
38.167,1018.3,197.3,100.0,0.0,4.3,4,6631,0.34,0.15,38.2,38.2,37.3,37.3,23.5,23.5,24.5,24.5
38.183,1019.3,197.4,100.0,0.0,4.4,4,6633,0.34,0.15,38.2,38.2,37.3,37.3,23.5,23.5,24.5,24.5
38.2,1020.2,197.5,100.0,0.0,4.5,4,6636,0.34,0.15,38.2,38.2,37.3,37.3,23.5,23.5,24.5,24.5
38.217,1021.1,197.5,100.0,0.0,4.6,4,6638,0.34,0.15,38.2,38.2,37.3,37.3,23.5,23.5,24.5,24.5
38.233,1022.0,197.6,100.0,0.0,4.6,4,6641,0.34,0.15,38.2,38.2,37.3,37.3,23.5,23.5,24.5,24.5
38.25,1022.9,197.7,100.0,0.0,4.7,4,6643,0.34,0.15,38.2,38.2,37.3,37.3,23.5,23.5,24.5,24.5
38.267,1023.8,197.7,100.0,0.0,4.7,4,6646,0.35,0.15,38.2,38.2,37.3,37.3,23.5,23.5,24.5,24.5
38.283,1024.7,197.8,100.0,0.0,4.8,4,6648,0.35,0.15,38.2,38.2,37.3,37.3,23.5,23.5,24.5,24.5
38.3,1025.7,197.9,100.0,0.0,4.8,4,6651,0.36,0.15,38.2,38.2,37.3,37.3,23.5,23.5,24.5,24.5
38.317,1026.6,197.9,100.0,0.0,4.7,4,6654,0.36,0.15,38.2,38.2,37.3,37.3,23.5,23.5,24.5,24.5
38.333,1027.5,198.0,100.0,0.0,4.6,4,6656,0.36,0.15,38.2,38.2,37.3,37.3,23.5,23.5,24.5,24.5
38.35,1028.4,198.1,100.0,0.0,4.5,4,6658,0.36,0.15,38.2,38.2,37.3,37.3,23.5,23.5,24.5,24.5
38.367,1029.3,198.2,100.0,0.0,4.4,4,6659,0.37,0.15,38.2,38.2,37.3,37.3,23.5,23.5,24.5,24.5
38.383,1030.2,198.2,100.0,0.0,4.2,4,6661,0.37,0.14,38.2,38.2,37.3,37.3,23.5,23.5,24.5,24.5
38.4,1031.2,198.3,100.0,0.0,4.0,4,6662,0.38,0.15,38.2,38.2,37.3,37.3,23.5,23.5,24.5,24.5
38.417,1032.1,198.4,100.0,0.0,3.8,4,6664,0.38,0.14,38.2,38.1,37.3,37.3,23.5,23.5,24.5,24.5
38.433,1033.0,198.4,100.0,0.0,3.6,4,6666,0.37,0.14,38.2,38.1,37.3,37.3,23.5,23.5,24.5,24.5
38.45,1033.9,198.5,100.0,0.0,3.4,4,6667,0.38,0.14,38.2,38.1,37.3,37.3,23.5,23.5,24.5,24.5
38.467,1034.8,198.5,100.0,0.0,3.2,4,6669,0.36,0.14,38.2,38.1,37.3,37.3,23.5,23.5,24.5,24.5
38.483,1035.7,198.6,100.0,0.0,3.1,4,6671,0.36,0.15,38.2,38.1,37.3,37.3,23.5,23.5,24.5,24.5
38.5,1036.7,198.7,100.0,0.0,3.0,4,6673,0.36,0.15,38.2,38.1,37.3,37.3,23.5,23.5,24.5,24.5
38.517,1037.6,198.7,100.0,0.0,2.9,4,6675,0.36,0.15,38.2,38.1,37.3,37.3,23.5,23.5,24.5,24.5
38.533,1038.5,198.8,100.0,0.0,2.8,4,6677,0.37,0.15,38.2,38.1,37.3,37.3,23.5,23.5,24.5,24.5
38.55,1039.4,198.9,100.0,0.0,2.8,4,6678,0.36,0.14,38.2,38.1,37.3,37.3,23.5,23.5,24.5,24.5
38.567,1040.3,198.9,100.0,0.0,2.8,4,6677,0.37,0.14,38.2,38.1,37.3,37.3,23.5,23.5,24.5,24.5
38.583,1041.3,199.0,100.0,0.0,2.9,4,6676,0.35,0.14,38.2,38.1,37.3,37.3,23.5,23.5,24.5,24.5
38.6,1042.2,199.1,100.0,0.0,3.0,4,6676,0.35,0.14,38.2,38.1,37.3,37.3,23.5,23.5,24.5,24.5
38.617,1043.1,199.1,100.0,0.0,3.1,4,6678,0.33,0.14,38.2,38.1,37.3,37.3,23.5,23.5,24.5,24.5
38.633,1044.0,199.2,100.0,0.0,3.2,4,6681,0.31,0.14,38.2,38.1,37.3,37.3,23.5,23.5,24.5,24.5
38.65,1044.9,199.2,100.0,0.0,3.3,4,6684,0.3,0.14,38.2,38.1,37.3,37.3,23.5,23.5,24.5,24.5
38.667,1045.9,199.3,100.0,0.0,3.5,4,6687,0.29,0.14,38.2,38.1,37.3,37.3,23.5,23.5,24.5,24.5
38.683,1046.8,199.3,100.0,0.0,3.6,4,6689,0.29,0.14,38.2,38.1,37.3,37.3,23.5,23.5,24.5,24.5
38.7,1047.7,199.4,100.0,0.0,3.8,4,6692,0.28,0.14,38.2,38.1,37.3,37.3,23.5,23.5,24.5,24.5
38.717,1048.6,199.5,100.0,0.0,3.9,4,6695,0.28,0.14,38.2,38.1,37.3,37.3,23.5,23.5,24.5,24.5
38.733,1049.6,199.5,100.0,0.0,4.1,4,6699,0.27,0.14,38.2,38.1,37.3,37.3,23.5,23.5,24.5,24.5
38.75,1050.5,199.6,100.0,0.0,4.3,4,6702,0.27,0.14,38.2,38.1,37.3,37.3,23.5,23.5,24.5,24.5
38.767,1051.4,199.6,100.0,0.0,4.5,4,6705,0.27,0.14,38.2,38.1,37.3,37.3,23.5,23.5,24.5,24.5
38.783,1052.3,199.7,100.0,0.0,4.7,4,6708,0.27,0.14,38.2,38.1,37.3,37.3,23.5,23.5,24.5,24.5
38.8,1053.2,199.7,100.0,0.0,4.9,4,6712,0.28,0.14,38.2,38.1,37.3,37.3,23.5,23.5,24.5,24.5
38.817,1054.2,199.8,100.0,0.0,5.0,4,6715,0.28,0.14,38.2,38.1,37.3,37.3,23.5,23.5,24.5,24.5
38.833,1055.1,199.8,100.0,0.0,5.2,4,6718,0.29,0.14,38.2,38.1,37.3,37.3,23.5,23.5,24.5,24.5
38.85,1056.0,199.9,100.0,0.0,5.3,4,6721,0.29,0.14,38.2,38.1,37.3,37.3,23.5,23.5,24.5,24.5
38.867,1056.9,199.9,100.0,0.0,5.4,4,6724,0.3,0.14,38.2,38.1,37.3,37.3,23.5,23.5,24.5,24.5
38.883,1057.9,200.0,100.0,0.0,5.6,4,6727,0.31,0.14,38.2,38.1,37.3,37.3,23.5,23.5,24.5,24.5
38.9,1058.8,200.1,100.0,0.0,5.7,4,6730,0.32,0.14,38.2,38.1,37.3,37.3,23.5,23.5,24.5,24.5
38.917,1059.7,200.1,100.0,0.0,5.8,4,6734,0.33,0.14,38.2,38.1,37.3,37.3,23.5,23.5,24.5,24.5
38.933,1060.6,200.2,100.0,0.0,5.9,4,6737,0.34,0.14,38.2,38.1,37.3,37.3,23.5,23.5,24.5,24.5
38.95,1061.6,200.2,100.0,0.0,6.0,4,6740,0.36,0.14,38.2,38.1,37.3,37.3,23.5,23.5,24.5,24.5
38.967,1062.5,200.3,100.0,0.0,6.0,4,6742,0.38,0.15,38.2,38.1,37.3,37.3,23.5,23.5,24.5,24.5
38.983,1063.4,200.3,100.0,0.0,6.1,4,6742,0.41,0.15,38.2,38.1,37.3,37.3,23.5,23.5,24.5,24.5
39.0,1064.3,200.4,100.0,0.0,6.0,4,6742,0.43,0.15,38.2,38.1,37.3,37.3,23.5,23.5,24.5,24.5
39.017,1065.3,200.5,100.0,0.0,5.9,4,6741,0.47,0.15,38.2,38.1,37.3,37.3,23.5,23.5,24.5,24.5
39.033,1066.2,200.5,100.0,0.0,5.8,4,6739,0.49,0.14,38.2,38.1,37.3,37.3,23.5,23.5,24.5,24.5
39.05,1067.1,200.6,100.0,0.0,5.6,4,6738,0.52,0.14,38.2,38.1,37.3,37.3,23.5,23.5,24.5,24.5
39.067,1068.1,200.6,100.0,0.0,5.4,4,6737,0.52,0.14,38.2,38.1,37.3,37.3,23.5,23.5,24.5,24.5
39.083,1069.0,200.7,100.0,0.0,5.1,4,6737,0.53,0.13,38.2,38.1,37.3,37.3,23.5,23.5,24.5,24.5
39.1,1069.9,200.7,100.0,0.0,4.9,4,6737,0.53,0.13,38.2,38.1,37.3,37.3,23.5,23.5,24.5,24.5
39.117,1070.8,200.8,100.0,0.0,4.8,4,6737,0.52,0.13,38.2,38.1,37.3,37.3,23.5,23.5,24.5,24.5
39.133,1071.8,200.8,100.0,0.0,4.6,4,6739,0.5,0.13,38.2,38.1,37.3,37.3,23.5,23.5,24.5,24.5
39.15,1072.7,200.9,100.0,0.0,4.6,4,6743,0.49,0.13,38.2,38.1,37.3,37.3,23.5,23.5,24.5,24.5
39.167,1073.6,200.9,100.0,0.0,4.6,4,6748,0.48,0.14,38.2,38.1,37.3,37.3,23.5,23.5,24.5,24.5
39.183,1074.5,201.0,100.0,0.0,4.7,4,6752,0.46,0.14,38.2,38.1,37.3,37.3,23.5,23.5,24.5,24.5
39.2,1075.5,201.0,100.0,0.0,5.0,4,6755,0.46,0.14,38.2,38.1,37.3,37.3,23.5,23.5,24.5,24.5
39.217,1076.4,201.1,100.0,0.0,5.3,4,6757,0.46,0.14,38.2,38.1,37.3,37.3,23.5,23.5,24.5,24.5
39.233,1077.3,201.1,100.0,0.0,5.7,4,6758,0.47,0.14,38.2,38.1,37.3,37.3,23.5,23.5,24.5,24.5
39.25,1078.3,201.2,100.0,0.0,6.1,4,6760,0.47,0.14,38.2,38.1,37.3,37.3,23.5,23.5,24.5,24.5
39.267,1079.2,201.2,100.0,0.0,6.5,4,6762,0.48,0.14,38.2,38.1,37.3,37.3,23.5,23.5,24.5,24.5
39.283,1080.1,201.3,100.0,0.0,6.9,4,6764,0.49,0.14,38.2,38.1,37.3,37.3,23.5,23.5,24.5,24.5
39.3,1081.1,201.3,100.0,0.0,7.3,4,6765,0.51,0.14,38.2,38.1,37.3,37.3,23.5,23.5,24.5,24.5
39.317,1082.0,201.4,100.0,0.0,7.6,4,6766,0.52,0.14,38.2,38.1,37.3,37.3,23.5,23.5,24.5,24.5
39.333,1082.9,201.4,100.0,0.0,8.0,4,6767,0.54,0.14,38.2,38.1,37.3,37.3,23.5,23.5,24.5,24.5
39.35,1083.9,201.5,100.0,0.0,8.2,4,6768,0.56,0.14,38.2,38.1,37.3,37.3,23.5,23.5,24.5,24.5
39.367,1084.8,201.5,100.0,0.0,8.6,4,6770,0.59,0.14,38.2,38.1,37.3,37.3,23.5,23.5,24.5,24.5
39.383,1085.7,201.4,100.0,0.0,8.8,1,6915,0.64,-0.22,38.2,38.1,37.3,37.3,23.5,23.5,24.5,24.5
39.4,1086.6,201.4,100.0,0.0,9.0,5,6325,0.65,0.21,38.2,38.1,37.3,37.3,23.5,23.5,24.5,24.5
39.417,1087.6,201.5,100.0,0.0,9.1,5,5607,0.53,0.27,38.2,38.1,37.4,37.3,23.5,23.5,24.5,24.5
39.433,1088.5,201.6,100.0,0.0,9.2,5,5463,0.63,0.16,38.2,38.1,37.4,37.3,23.5,23.5,24.5,24.5
39.45,1089.4,201.6,100.0,0.0,9.2,5,5593,0.67,0.05,38.2,38.1,37.4,37.3,23.5,23.5,24.5,24.5
39.467,1090.4,201.6,100.0,0.0,9.2,5,5746,0.67,0.07,38.2,38.1,37.4,37.3,23.5,23.5,24.5,24.5
39.483,1091.3,201.7,100.0,0.0,9.1,5,5741,0.67,0.15,38.2,38.1,37.4,37.3,23.5,23.5,24.5,24.5
39.5,1092.2,201.7,100.0,0.0,9.1,5,5649,0.67,0.17,38.2,38.1,37.4,37.3,23.5,23.5,24.5,24.5
39.517,1093.2,201.8,100.0,0.0,9.0,5,5609,0.69,0.14,38.2,38.1,37.4,37.3,23.5,23.5,24.5,24.5
39.533,1094.1,201.8,100.0,0.0,8.9,5,5646,0.7,0.11,38.2,38.1,37.4,37.3,23.5,23.5,24.5,24.5
39.55,1095.0,201.9,100.0,0.0,8.8,5,5689,0.71,0.12,38.2,38.1,37.4,37.3,23.5,23.5,24.5,24.5
39.567,1096.0,201.9,100.0,0.0,8.7,5,5690,0.72,0.14,38.2,38.1,37.4,37.3,23.5,23.5,24.5,24.5
39.583,1096.9,201.9,100.0,0.0,8.6,5,5665,0.74,0.15,38.2,38.1,37.4,37.4,23.5,23.5,24.5,24.5
39.6,1097.8,202.0,100.0,0.0,8.5,5,5655,0.74,0.14,38.2,38.1,37.4,37.4,23.5,23.5,24.5,24.5
39.617,1098.8,202.0,100.0,0.0,8.3,5,5665,0.75,0.13,38.2,38.1,37.4,37.4,23.5,23.5,24.5,24.5
39.633,1099.7,202.1,100.0,0.0,8.2,5,5677,0.76,0.13,38.2,38.1,37.4,37.4,23.5,23.5,24.5,24.5
39.65,1100.7,202.1,100.0,0.0,8.1,5,5677,0.75,0.13,38.2,38.1,37.4,37.4,23.5,23.5,24.5,24.5
39.667,1101.6,202.1,100.0,0.0,7.9,5,5671,0.76,0.14,38.2,38.1,37.4,37.4,23.5,23.5,24.5,24.5
39.683,1102.5,202.2,100.0,0.0,7.8,5,5669,0.75,0.13,38.2,38.1,37.5,37.4,23.5,23.5,24.5,24.5
39.7,1103.5,202.2,100.0,0.0,7.6,5,5673,0.75,0.13,38.2,38.1,37.5,37.4,23.5,23.5,24.5,24.5
39.717,1104.4,202.3,100.0,0.0,7.4,5,5678,0.75,0.14,38.2,38.1,37.5,37.4,23.5,23.5,24.5,24.5
39.733,1105.3,202.3,100.0,0.0,7.2,5,5679,0.77,0.13,38.2,38.1,37.5,37.4,23.5,23.5,24.5,24.5
39.75,1106.3,202.3,100.0,0.0,6.8,5,5678,0.73,0.14,38.3,38.1,37.5,37.4,23.5,23.5,24.5,24.5
39.767,1107.2,202.4,100.0,0.0,6.4,5,5677,0.73,0.14,38.3,38.2,37.5,37.4,23.5,23.5,24.5,24.5
39.783,1108.1,202.4,100.0,0.0,5.8,5,5678,0.74,0.13,38.3,38.2,37.5,37.4,23.5,23.5,24.5,24.5
39.8,1109.1,202.5,100.0,0.0,5.2,5,5682,0.59,0.13,38.3,38.2,37.5,37.4,23.5,23.5,24.5,24.5
39.817,1110.0,202.5,100.0,0.0,4.5,5,5685,0.53,0.13,38.3,38.2,37.5,37.4,23.5,23.5,24.5,24.5
39.833,1111.0,202.5,100.0,0.0,3.7,5,5686,0.61,0.13,38.3,38.2,37.5,37.4,23.5,23.5,24.5,24.5
39.85,1111.9,202.6,100.0,0.0,2.9,5,5684,0.49,0.12,38.3,38.2,37.5,37.4,23.5,23.5,24.5,24.5
39.867,1112.8,202.6,100.0,0.0,2.0,5,5686,0.45,0.13,38.3,38.2,37.5,37.4,23.5,23.5,24.5,24.5
39.883,1113.8,202.6,100.0,0.0,1.1,5,5696,0.42,0.13,38.3,38.2,37.5,37.4,23.5,23.5,24.5,24.5
39.9,1114.7,202.7,100.0,0.0,0.3,5,5703,0.47,0.15,38.3,38.2,37.5,37.5,23.5,23.5,24.5,24.5
39.917,1115.6,202.7,100.0,0.0,-0.6,5,5704,0.37,0.13,38.2,38.2,37.5,37.5,23.5,23.5,24.5,24.5
39.933,1116.6,202.8,100.0,0.0,-1.5,5,5697,0.43,0.13,38.2,38.2,37.5,37.5,23.5,23.5,24.5,24.5
39.95,1117.5,202.8,100.0,0.0,-2.4,5,5689,0.48,0.11,38.2,38.2,37.5,37.5,23.5,23.5,24.5,24.5
39.967,1118.5,202.8,100.0,0.0,-3.2,5,5691,0.35,0.15,38.2,38.2,37.5,37.5,23.5,23.5,24.5,24.5
39.983,1119.4,202.9,100.0,0.0,-3.9,5,5705,0.52,0.16,38.2,38.2,37.5,37.5,23.5,23.5,24.5,24.5
40.0,1120.3,202.9,100.0,0.0,-4.7,5,5715,0.17,0.13,38.2,38.2,37.5,37.5,23.5,23.5,24.5,24.5
40.017,1121.3,203.0,100.0,0.0,-5.4,5,5708,0.43,0.13,38.2,38.1,37.5,37.5,23.5,23.5,24.5,24.5
40.033,1122.2,203.0,100.0,0.0,-6.0,5,5691,0.39,0.12,38.2,38.1,37.5,37.5,23.5,23.5,24.5,24.5
40.05,1123.1,203.0,100.0,0.0,-6.3,5,5680,0.45,0.16,38.2,38.1,37.5,37.5,23.5,23.5,24.5,24.5
40.067,1124.1,203.1,100.0,0.0,-6.4,5,5700,0.02,0.13,38.2,38.1,37.5,37.5,23.5,23.5,24.5,24.5
40.083,1125.0,203.1,100.0,0.0,-6.5,5,5720,0.2,0.15,38.2,38.1,37.5,37.5,23.5,23.5,24.5,24.5
40.1,1126.0,203.1,100.0,0.0,-6.5,5,5721,0.21,0.13,38.2,38.1,37.5,37.5,23.5,23.5,24.5,24.5
40.117,1126.9,203.2,100.0,0.0,-6.3,5,5692,0.28,0.12,38.2,38.1,37.4,37.5,23.5,23.5,24.5,24.5
40.133,1127.8,203.2,100.0,0.0,-6.0,5,5679,0.34,0.13,38.2,38.1,37.4,37.5,23.5,23.5,24.5,24.5
40.15,1128.8,203.2,100.0,0.0,-5.6,5,5695,-0.04,0.15,38.2,38.1,37.4,37.5,23.5,23.5,24.5,24.5
40.167,1129.7,203.3,100.0,0.0,-5.1,5,5725,0.1,0.15,38.2,38.1,37.4,37.5,23.5,23.5,24.5,24.5
40.183,1130.7,203.3,100.0,0.0,-4.8,5,5732,0.08,0.14,38.2,38.1,37.4,37.5,23.5,23.5,24.5,24.5
40.2,1131.6,203.4,100.0,0.0,-4.4,5,5701,0.26,0.11,38.2,38.1,37.4,37.5,23.5,23.5,24.5,24.5
40.217,1132.6,203.4,100.0,0.0,-4.0,5,5679,-0.02,0.1,38.2,38.1,37.4,37.5,23.5,23.5,24.5,24.5
40.233,1133.5,203.4,100.0,0.0,-3.4,5,5683,0.24,0.14,38.2,38.1,37.4,37.5,23.5,23.5,24.5,24.5
40.25,1134.4,203.5,100.0,0.0,-2.6,5,5716,-0.12,0.15,38.2,38.1,37.4,37.5,23.5,23.5,24.5,24.5
40.267,1135.4,203.5,100.0,0.0,-2.1,5,5740,-0.03,0.18,38.2,38.1,37.4,37.5,23.5,23.5,24.5,24.5
40.283,1136.3,203.5,100.0,0.0,-1.3,5,5730,0.18,0.12,38.2,38.1,37.4,37.5,23.5,23.5,24.5,24.5
40.3,1137.3,203.6,100.0,0.0,-0.6,5,5692,0.09,0.11,38.2,38.1,37.4,37.5,23.5,23.5,24.5,24.5
40.317,1138.2,203.6,100.0,0.0,0.4,5,5680,0.16,0.1,38.2,38.1,37.4,37.5,23.5,23.5,24.5,24.5
40.333,1139.1,203.6,99.2,0.0,1.4,5,5703,0.16,0.15,38.2,38.1,37.4,37.5,23.5,23.5,24.5,24.5
40.35,1140.1,203.7,98.2,0.0,2.4,5,5736,0.03,0.14,38.2,38.1,37.4,37.5,23.5,23.5,24.5,24.5
40.367,1141.0,203.7,98.0,0.0,3.5,5,5746,0.16,0.16,38.2,38.1,37.4,37.5,23.5,23.5,24.5,24.5
40.383,1142.0,203.7,98.0,0.0,4.6,5,5722,0.33,0.1,38.2,38.1,37.4,37.5,23.5,23.5,24.5,24.5
40.4,1142.9,203.8,97.8,0.0,5.7,5,5695,0.21,0.12,38.2,38.1,37.4,37.5,23.5,23.5,24.5,24.5
40.417,1143.9,203.8,98.0,0.0,7.3,5,5698,0.5,0.13,38.2,38.1,37.4,37.5,23.5,23.5,24.5,24.5
40.433,1144.8,203.8,98.0,0.0,8.7,5,5728,0.15,0.15,38.2,38.1,37.4,37.5,23.5,23.5,24.5,24.5
40.45,1145.7,203.9,98.0,0.0,9.9,5,5751,0.42,0.15,38.2,38.1,37.4,37.5,23.5,23.5,24.5,24.5
40.467,1146.7,203.9,98.0,0.0,10.9,5,5747,0.41,0.12,38.2,38.1,37.4,37.5,23.5,23.5,24.5,24.5
40.483,1147.6,203.9,98.0,0.0,11.6,5,5718,0.69,0.12,38.2,38.1,37.4,37.5,23.5,23.5,24.5,24.5
40.5,1148.6,203.9,98.0,0.0,12.2,5,5707,0.53,0.12,38.2,38.1,37.4,37.5,23.5,23.5,24.5,24.5
40.517,1149.5,204.0,97.8,0.0,12.5,5,5723,0.6,0.12,38.2,38.2,37.4,37.5,23.5,23.5,24.5,24.5
40.533,1150.5,204.0,97.8,0.0,12.4,5,5753,0.8,0.14,38.2,38.2,37.4,37.6,23.5,23.5,24.5,24.5
40.55,1151.4,204.0,97.7,0.0,11.8,5,5765,0.62,0.14,38.2,38.2,37.4,37.6,23.5,23.5,24.5,24.5
40.567,1152.4,204.0,97.5,0.0,10.7,5,5758,0.77,0.12,38.2,38.2,37.4,37.6,23.5,23.5,24.5,24.5
40.583,1153.3,204.1,96.9,0.0,9.2,5,5737,0.89,0.12,38.2,38.2,37.4,37.7,23.5,23.5,24.5,24.5
40.6,1154.2,204.1,96.1,0.0,7.8,5,5723,1.08,0.12,38.2,38.2,37.4,37.7,23.5,23.5,24.5,24.5
40.617,1155.2,204.1,95.1,0.0,5.9,5,5742,0.66,0.14,38.2,38.2,37.4,37.8,23.5,23.5,24.5,24.5
40.633,1156.1,204.1,94.1,0.0,3.8,5,5774,0.99,0.14,38.2,38.3,37.4,37.9,23.5,23.5,24.5,24.5
40.65,1157.1,204.1,93.1,0.0,1.8,5,5788,0.88,0.15,38.2,38.3,37.4,38.0,23.5,23.5,24.5,24.5
40.667,1158.0,204.2,92.0,0.0,-0.6,5,5758,1.01,0.12,38.2,38.3,37.4,38.1,23.5,23.5,24.5,24.5
40.683,1159.0,204.2,90.6,0.0,-2.6,5,5721,1.08,0.12,38.2,38.3,37.4,38.2,23.5,23.5,24.5,24.5
40.7,1159.9,204.2,89.6,0.0,-4.9,5,5718,0.85,0.11,38.2,38.3,37.3,38.3,23.5,23.5,24.5,24.5
40.717,1160.9,204.2,88.6,0.0,-6.4,5,5754,0.79,0.12,38.2,38.3,37.3,38.4,23.5,23.5,24.5,24.5
40.733,1161.8,204.2,87.8,0.0,-7.8,5,5788,1.07,0.13,38.2,38.3,37.3,38.5,23.5,23.5,24.5,24.5
40.75,1162.8,204.2,87.2,0.0,-8.5,5,5787,0.76,0.14,38.2,38.3,37.3,38.6,23.5,23.5,24.5,24.5
40.767,1163.7,204.2,86.7,0.0,-8.8,5,5771,0.85,0.12,38.2,38.3,37.3,38.7,23.5,23.5,24.5,24.5
40.783,1164.6,204.2,86.1,0.0,-8.8,5,5758,1.14,0.14,38.2,38.3,37.3,38.8,23.5,23.5,24.5,24.5
40.8,1165.6,204.2,85.7,0.0,-8.3,5,5757,0.74,0.12,38.2,38.3,37.3,38.9,23.5,23.5,24.5,24.5
40.817,1166.5,204.3,85.1,0.0,-7.7,5,5769,0.94,0.13,38.2,38.3,37.3,39.0,23.5,23.5,24.5,24.5
40.833,1167.5,204.3,84.3,0.0,-7.0,5,5774,1.03,0.13,38.2,38.3,37.3,39.1,23.5,23.5,24.5,24.5
40.85,1168.4,204.3,83.3,0.0,-6.2,5,5753,1.01,0.13,38.2,38.4,37.3,39.2,23.5,23.5,24.5,24.5
40.867,1169.4,204.3,82.4,0.0,-5.3,5,5735,1.05,0.11,38.2,38.4,37.3,39.3,23.5,23.5,24.5,24.5
40.883,1170.3,204.3,81.8,0.0,-4.6,5,5737,1.0,0.11,38.2,38.4,37.3,39.3,23.5,23.5,24.5,24.5
40.9,1171.3,204.3,81.4,0.0,-4.1,5,5750,1.06,0.11,38.2,38.4,37.3,39.4,23.5,23.5,24.5,24.5
40.917,1172.2,204.3,81.2,0.0,-3.6,5,5751,1.17,0.13,38.2,38.4,37.4,39.5,23.5,23.5,24.5,24.5
40.933,1173.1,204.3,81.0,0.0,-3.3,5,5736,1.05,0.13,38.2,38.4,37.4,39.5,23.5,23.5,24.5,24.5
40.95,1174.1,204.3,81.0,0.0,-2.9,5,5728,0.97,0.12,38.2,38.4,37.5,39.5,23.5,23.5,24.5,24.5
40.967,1175.0,204.3,81.0,0.0,-2.6,5,5731,0.86,0.11,38.2,38.4,37.5,39.5,23.5,23.5,24.5,24.5
40.983,1176.0,204.3,81.0,0.0,-2.3,5,5733,0.91,0.11,38.2,38.4,37.5,39.5,23.5,23.5,24.5,24.5
41.0,1176.9,204.3,81.0,0.0,-1.8,5,5730,0.72,0.11,38.2,38.4,37.5,39.5,23.5,23.5,24.5,24.5
41.017,1177.9,204.3,81.0,0.0,-1.2,5,5731,0.65,0.12,38.2,38.4,37.5,39.5,23.5,23.5,24.5,24.5
41.033,1178.8,204.4,81.0,0.0,-0.8,5,5742,0.58,0.12,38.2,38.4,37.5,39.5,23.5,23.5,24.5,24.5
41.05,1179.8,204.4,81.2,0.0,-0.5,5,5746,0.63,0.12,38.2,38.4,37.5,39.5,23.5,23.5,24.5,24.5
41.067,1180.7,204.4,81.3,0.0,-0.4,5,5741,0.57,0.12,38.2,38.4,37.5,39.5,23.5,23.5,24.5,24.5
41.083,1181.6,204.4,81.3,0.0,-0.8,5,5734,0.46,0.12,38.2,38.4,37.5,39.4,23.5,23.5,24.5,24.5
41.1,1182.6,204.4,81.4,0.0,-1.6,5,5733,0.36,0.11,38.2,38.4,37.5,39.4,23.5,23.5,24.5,24.5
41.117,1183.5,204.4,81.6,0.0,-2.8,5,5733,0.26,0.1,38.2,38.4,37.5,39.4,23.5,23.5,24.5,24.5
41.133,1184.5,204.4,81.8,0.0,-4.1,5,5733,0.19,0.1,38.2,38.4,37.5,39.4,23.5,23.5,24.5,24.5
41.15,1185.4,204.4,82.0,0.0,-5.4,5,5732,0.11,0.1,38.2,38.4,37.5,39.4,23.5,23.5,24.5,24.5
41.167,1186.4,204.5,82.3,0.0,-6.6,5,5732,0.01,0.1,38.2,38.4,37.5,39.4,23.5,23.5,24.5,24.5
41.183,1187.3,204.5,82.4,0.0,-7.6,5,5734,-0.05,0.1,38.2,38.4,37.5,39.3,23.5,23.5,24.5,24.5
41.2,1188.3,204.5,82.7,0.0,-8.1,5,5737,-0.13,0.1,38.2,38.4,37.5,39.3,23.5,23.5,24.5,24.5
41.217,1189.2,204.5,82.8,0.0,-8.2,5,5741,-0.15,0.11,38.2,38.4,37.5,39.3,23.5,23.5,24.5,24.5
41.233,1190.1,204.5,83.2,0.0,-7.8,5,5744,-0.29,0.1,38.2,38.4,37.5,39.3,23.5,23.5,24.5,24.5
41.25,1191.1,204.5,83.4,0.0,-6.7,5,5748,-0.25,0.11,38.2,38.4,37.4,39.3,23.5,23.5,24.5,24.5
41.267,1192.0,204.5,83.6,0.0,-5.5,5,5752,-0.37,0.11,38.2,38.4,37.4,39.3,23.5,23.5,24.5,24.5
41.283,1193.0,204.5,84.1,0.0,-3.8,5,5753,-0.24,0.11,38.2,38.4,37.4,39.2,23.5,23.5,24.5,24.5
41.3,1193.9,204.5,84.5,0.0,-1.9,5,5755,-0.39,0.13,38.2,38.4,37.4,39.2,23.5,23.5,24.5,24.5
41.317,1194.9,204.5,85.1,0.0,0.2,5,5752,-0.31,0.12,38.2,38.4,37.4,39.2,23.5,23.5,24.5,24.5
41.333,1195.8,204.6,85.3,0.0,2.3,5,5756,-0.42,0.14,38.2,38.4,37.4,39.2,23.5,23.5,24.5,24.5
41.35,1196.7,204.6,85.7,0.0,4.0,5,5754,-0.25,0.12,38.2,38.4,37.4,39.2,23.5,23.5,24.5,24.5
41.367,1197.7,204.6,86.2,0.0,5.9,5,5749,-0.27,0.13,38.2,38.4,37.4,39.2,23.5,23.5,24.5,24.5
41.383,1198.6,204.6,86.7,0.0,7.5,5,5749,-0.26,0.1,38.2,38.4,37.4,39.2,23.5,23.5,24.5,24.5
41.4,1199.6,204.6,87.3,0.0,8.7,5,5753,-0.26,0.14,38.1,38.4,37.4,39.2,23.5,23.5,24.5,24.5
41.417,1200.5,204.6,87.9,0.0,9.9,5,5757,-0.28,0.1,38.1,38.4,37.4,39.1,23.5,23.5,24.5,24.5
41.433,1201.5,204.7,88.5,0.0,10.6,5,5757,0.06,0.15,38.1,38.3,37.4,39.1,23.5,23.5,24.5,24.5
41.45,1202.4,204.7,89.4,0.0,11.0,5,5758,-0.1,0.1,38.1,38.3,37.4,39.1,23.5,23.5,24.5,24.5
41.467,1203.3,204.7,89.9,0.0,10.8,5,5754,0.25,0.13,38.1,38.3,37.4,39.1,23.5,23.5,24.5,24.5
41.483,1204.3,204.7,90.4,0.0,10.3,5,5762,-0.01,0.1,38.1,38.3,37.4,39.1,23.5,23.5,24.5,24.5
41.5,1205.2,204.7,90.8,0.0,9.3,5,5761,0.33,0.14,38.1,38.3,37.4,39.1,23.5,23.5,24.5,24.5
41.517,1206.2,204.7,91.2,0.0,8.4,5,5764,0.1,0.12,38.1,38.3,37.4,39.1,23.5,23.5,24.5,24.5
41.533,1207.1,204.7,92.0,0.0,7.1,5,5758,0.36,0.14,38.1,38.3,37.4,39.0,23.5,23.5,24.5,24.5
41.55,1208.1,204.8,93.4,0.0,5.5,5,5765,0.23,0.13,38.1,38.3,37.4,39.0,23.5,23.5,24.5,24.5
41.567,1209.0,204.8,94.5,0.0,3.8,5,5761,0.49,0.13,38.1,38.3,37.4,39.0,23.5,23.5,24.5,24.5
41.583,1209.9,204.8,96.0,0.0,2.1,5,5764,0.35,0.13,38.1,38.3,37.4,39.0,23.5,23.5,24.5,24.5
41.6,1210.9,204.8,97.3,0.0,0.4,5,5760,0.47,0.12,38.1,38.3,37.4,39.0,23.5,23.5,24.5,24.5
41.617,1211.8,204.9,98.6,0.0,-1.2,5,5763,0.33,0.13,38.1,38.3,37.4,39.0,23.5,23.5,24.5,24.5
41.633,1212.8,204.9,99.5,0.0,-2.6,5,5760,0.36,0.12,38.1,38.3,37.4,39.0,23.5,23.5,24.5,24.5
41.65,1213.7,204.9,100.0,0.0,-4.0,5,5763,0.25,0.16,38.1,38.3,37.4,39.0,23.5,23.5,24.5,24.5
41.667,1214.7,204.9,100.0,0.0,-5.0,5,5762,0.27,0.11,38.1,38.3,37.4,38.9,23.5,23.5,24.5,24.5
41.683,1215.6,204.9,100.0,0.0,-5.7,5,5762,0.18,0.16,38.1,38.3,37.4,38.9,23.5,23.5,24.5,24.5
41.7,1216.5,204.9,100.0,0.0,-6.2,5,5764,0.14,0.1,38.1,38.3,37.4,38.9,23.5,23.5,24.5,24.5
41.717,1217.5,205.0,100.0,0.0,-6.4,5,5763,0.2,0.17,38.1,38.3,37.4,38.9,23.5,23.5,24.5,24.5
41.733,1218.4,205.0,100.0,0.0,-6.3,5,5763,-0.06,0.1,38.1,38.3,37.4,38.9,23.5,23.5,24.5,24.5
41.75,1219.4,205.0,100.0,0.0,-6.0,5,5760,0.06,0.16,38.1,38.3,37.4,38.9,23.5,23.5,24.5,24.5
41.767,1220.3,205.0,100.0,0.0,-5.4,5,5766,-0.18,0.11,38.1,38.3,37.3,38.9,23.5,23.5,24.5,24.5
41.783,1221.3,205.0,100.0,0.0,-4.6,5,5761,0.0,0.15,38.1,38.3,37.3,38.9,23.5,23.5,24.5,24.5
41.8,1222.2,205.1,100.0,0.0,-3.6,5,5766,-0.3,0.11,38.1,38.3,37.3,38.8,23.5,23.5,24.5,24.5
41.817,1223.1,205.1,100.0,0.0,-2.5,5,5764,-0.11,0.15,38.1,38.3,37.3,38.8,23.5,23.5,24.5,24.5
41.833,1224.1,205.1,100.0,0.0,-1.3,5,5771,-0.35,0.12,38.1,38.3,37.3,38.8,23.5,23.5,24.5,24.5
41.85,1225.0,205.1,100.0,0.0,-0.2,5,5768,-0.11,0.14,38.0,38.3,37.3,38.8,23.5,23.5,24.5,24.5
41.867,1226.0,205.1,100.0,0.0,1.0,5,5775,-0.34,0.14,38.0,38.3,37.3,38.8,23.5,23.5,24.5,24.5
41.883,1226.9,205.1,100.0,0.0,2.0,5,5768,-0.06,0.12,38.0,38.3,37.3,38.8,23.5,23.5,24.5,24.5
41.9,1227.9,205.2,100.0,0.0,2.8,5,5772,-0.24,0.13,38.0,38.3,37.3,38.8,23.5,23.5,24.5,24.5
41.917,1228.8,205.2,100.0,0.0,3.6,5,5773,-0.08,0.11,38.0,38.3,37.3,38.8,23.5,23.5,24.5,24.5
41.933,1229.8,205.2,100.0,0.0,4.2,5,5779,-0.21,0.15,38.0,38.3,37.3,38.8,23.5,23.5,24.5,24.5
41.95,1230.7,205.2,100.0,0.0,4.6,5,5774,-0.14,0.11,38.0,38.3,37.3,38.8,23.5,23.5,24.5,24.5
41.967,1231.6,205.2,100.0,0.0,4.8,5,5775,-0.12,0.17,38.0,38.3,37.3,38.7,23.5,23.5,24.5,24.5
41.983,1232.6,205.2,100.0,0.0,4.8,5,5777,-0.03,0.11,38.0,38.3,37.3,38.7,23.5,23.5,24.5,24.5
42.0,1233.5,205.3,100.0,0.0,4.5,5,5777,0.07,0.17,38.0,38.3,37.3,38.7,23.5,23.5,24.5,24.5
42.017,1234.5,205.3,100.0,0.0,4.1,5,5777,-0.01,0.1,38.0,38.3,37.3,38.7,23.5,23.5,24.5,24.5
42.033,1235.4,205.3,100.0,0.0,3.5,5,5772,0.19,0.17,38.0,38.3,37.3,38.7,23.5,23.5,24.5,24.5
42.05,1236.4,205.3,100.0,0.0,2.8,5,5772,-0.04,0.11,38.0,38.3,37.3,38.7,23.5,23.5,24.5,24.5
42.067,1237.3,205.3,100.0,0.0,2.0,5,5766,0.22,0.15,38.0,38.3,37.3,38.7,23.5,23.5,24.5,24.5
42.083,1238.2,205.4,100.0,0.0,1.2,5,5772,-0.01,0.11,38.0,38.3,37.3,38.7,23.5,23.5,24.5,24.5
42.1,1239.2,205.4,100.0,0.0,0.4,5,5767,0.27,0.14,38.0,38.3,37.3,38.7,23.5,23.5,24.5,24.5
42.117,1240.1,205.4,100.0,0.0,-0.5,5,5773,-0.02,0.11,38.0,38.3,37.3,38.6,23.5,23.5,24.5,24.5
42.133,1241.1,205.4,100.0,0.0,-1.2,5,5772,0.2,0.13,38.0,38.3,37.2,38.6,23.5,23.5,24.5,24.5
42.15,1242.0,205.4,100.0,0.0,-2.0,5,5782,-0.03,0.12,38.0,38.3,37.2,38.6,23.5,23.5,24.5,24.5
42.167,1243.0,205.4,100.0,0.0,-2.5,5,5779,0.15,0.11,38.0,38.3,37.2,38.6,23.5,23.5,24.5,24.5
42.183,1243.9,205.4,100.0,0.0,-2.9,5,5787,0.0,0.15,38.0,38.3,37.2,38.6,23.5,23.5,24.5,24.5
42.2,1244.9,205.4,100.0,0.0,-3.2,5,5784,0.16,0.11,38.0,38.3,37.2,38.6,23.5,23.5,24.5,24.5
42.217,1245.8,205.5,90.0,3.0,-3.3,5,5784,-0.01,0.15,38.0,38.3,37.2,38.6,23.5,23.5,24.5,24.5
42.233,1246.7,205.4,81.1,6.9,-3.1,5,5760,0.05,0.02,38.0,38.3,37.2,38.6,23.5,23.5,24.5,24.5
42.25,1247.7,205.4,71.8,14.8,-2.9,5,5733,-0.05,-0.03,38.0,38.3,37.2,38.6,23.5,23.5,24.5,24.5
42.267,1248.6,205.2,63.6,18.1,-2.5,5,5703,-0.03,-0.29,38.0,38.3,37.2,38.6,23.5,23.5,24.5,24.5
42.283,1249.6,204.9,55.8,23.8,-2.0,5,5681,-0.0,-0.38,38.0,38.3,37.2,38.5,23.5,23.5,24.5,24.5
42.3,1250.5,204.6,51.0,25.9,-1.4,5,5681,-0.04,-0.55,38.0,38.3,37.2,38.5,23.5,23.5,24.5,24.5
42.317,1251.5,204.2,47.7,28.4,-0.8,5,5686,0.01,-0.61,38.0,38.3,37.2,38.5,23.5,23.5,24.5,24.5
42.333,1252.4,203.7,46.0,29.1,-0.2,5,5684,-0.2,-0.65,38.0,38.3,37.2,38.5,23.5,23.5,24.5,24.5
42.35,1253.3,203.3,45.3,31.1,0.4,5,5668,0.0,-0.68,38.0,38.3,37.2,38.5,23.5,23.5,24.5,24.5
42.367,1254.3,202.8,45.4,32.1,1.0,5,5653,-0.22,-0.72,38.0,38.4,37.2,38.5,23.5,23.5,24.5,24.5
42.383,1255.2,202.3,45.4,33.9,1.6,5,5635,0.05,-0.77,38.0,38.4,37.2,38.5,23.5,23.5,24.5,24.5
42.4,1256.1,201.8,44.8,37.0,2.1,5,5617,-0.18,-0.79,38.0,38.4,37.2,38.5,23.5,23.5,24.5,24.5
42.417,1257.0,201.3,42.5,39.6,2.7,5,5588,0.08,-0.86,38.0,38.4,37.2,38.5,23.5,23.5,24.5,24.5
42.433,1258.0,200.6,36.7,42.1,3.2,5,5539,-0.11,-0.94,38.0,38.5,37.2,38.5,23.5,23.5,24.5,24.5
42.45,1258.9,200.0,31.5,48.1,3.6,5,5499,0.07,-0.97,38.1,38.5,37.2,38.4,23.5,23.5,24.5,24.5
42.467,1259.8,199.3,26.2,54.2,3.8,5,5461,-0.03,-1.25,38.2,38.6,37.2,38.4,23.5,23.5,24.5,24.5
42.483,1260.7,198.5,21.3,56.7,4.1,5,5434,0.09,-1.26,38.3,38.7,37.2,38.4,23.5,23.5,24.5,24.5
42.5,1261.6,197.7,16.8,59.1,4.1,5,5379,0.06,-1.36,38.4,38.8,37.2,38.5,23.5,23.5,24.5,24.5
42.517,1262.5,196.8,13.1,62.0,4.0,5,5312,0.07,-1.39,38.6,39.0,37.2,38.5,23.5,23.5,24.5,24.5
42.533,1263.4,195.9,9.6,63.0,3.7,5,5267,0.14,-1.52,38.7,39.2,37.3,38.5,23.5,23.5,24.5,24.5
42.55,1264.3,194.9,6.3,63.3,3.2,5,5212,-0.03,-1.5,38.8,39.4,37.3,38.6,23.5,23.5,24.5,24.5
42.567,1265.2,194.0,4.1,63.6,2.8,5,5136,0.23,-1.49,39.0,39.7,37.4,38.7,23.5,23.5,24.5,24.5
42.583,1266.1,193.1,2.0,63.6,2.1,5,5047,-0.03,-1.58,39.1,39.9,37.6,38.8,23.5,23.5,24.5,24.5
42.6,1267.0,192.1,0.4,63.0,1.5,5,4951,0.14,-1.48,39.4,40.2,37.5,38.9,23.5,23.5,24.5,24.5
42.617,1267.9,191.1,-0.0,62.5,0.9,5,4911,-0.09,-1.68,39.4,40.4,37.8,39.0,23.5,23.5,24.5,24.5
42.633,1268.8,190.1,0.0,60.6,0.2,5,5008,0.1,-1.56,39.7,40.5,37.9,39.2,23.5,23.5,24.5,24.5
42.65,1269.6,189.1,0.0,59.7,-0.6,5,5003,0.12,-1.6,39.7,40.6,38.2,39.5,23.5,23.5,24.5,24.5
42.667,1270.5,188.2,0.0,58.9,-1.2,5,4946,0.02,-1.5,39.8,40.7,38.3,39.6,23.5,23.5,24.5,24.5
42.683,1271.4,187.2,0.0,58.6,-1.7,5,4912,0.12,-1.5,39.9,40.8,38.4,39.9,23.5,23.5,24.5,24.5
42.7,1272.2,186.2,0.0,58.2,-2.3,5,4902,-0.1,-1.62,39.9,40.9,38.6,39.9,23.5,23.5,24.5,24.5
42.717,1273.1,185.3,0.0,58.2,-2.7,5,4960,0.15,-1.54,40.2,41.0,38.6,40.1,23.5,23.5,24.5,24.5
42.733,1273.9,184.3,0.0,58.1,-3.1,5,4945,-0.07,-1.6,40.2,41.1,38.8,40.2,23.5,23.5,24.5,24.5
42.75,1274.8,183.4,0.0,57.7,-3.2,5,4924,0.04,-1.42,40.4,41.1,38.8,40.2,23.5,23.5,24.5,24.5
42.767,1275.6,182.4,0.0,57.5,-3.3,5,4867,-0.07,-1.55,40.5,41.2,38.9,40.3,23.5,23.5,24.5,24.5
42.783,1276.5,181.5,0.0,58.1,-3.1,5,4822,-0.09,-1.48,40.6,41.3,39.0,40.4,23.5,23.5,24.5,24.5
42.8,1277.3,180.6,0.0,58.5,-3.0,5,4807,0.1,-1.45,40.7,41.4,39.1,40.5,23.5,23.5,24.5,24.5
42.817,1278.1,179.6,0.0,59.1,-2.6,5,4766,-0.16,-1.56,40.7,41.5,39.2,40.6,23.5,23.5,24.5,24.5
42.833,1278.9,178.7,0.0,60.1,-2.2,5,4782,0.08,-1.46,40.9,41.7,39.2,40.6,23.5,23.5,24.5,24.5
42.85,1279.8,177.7,0.0,60.1,-1.8,5,4741,-0.12,-1.63,41.0,41.8,39.4,40.8,23.5,23.5,24.5,24.5
42.867,1280.6,176.8,0.0,60.0,-1.2,5,4701,-0.02,-1.49,41.1,42.0,39.5,40.8,23.5,23.5,24.5,24.5
42.883,1281.4,175.9,0.0,59.8,-0.6,5,4652,-0.07,-1.49,41.2,42.1,39.6,41.0,23.5,23.5,24.5,24.5
42.9,1282.2,174.9,0.0,59.5,-0.1,5,4597,-0.13,-1.57,41.2,42.3,39.7,41.1,23.5,23.5,24.5,24.5
42.917,1283.0,173.9,0.0,59.5,0.4,5,4622,0.06,-1.45,41.4,42.4,39.8,41.2,23.5,23.5,24.5,24.5
42.933,1283.8,173.0,0.0,59.8,0.9,5,4595,-0.2,-1.64,41.5,42.6,40.0,41.3,23.5,23.5,24.5,24.5
42.95,1284.6,172.0,0.0,60.0,1.5,5,4574,-0.05,-1.52,41.6,42.8,40.0,41.4,23.5,23.5,24.5,24.5
42.967,1285.4,171.0,0.0,60.6,1.9,5,4527,0.0,-1.53,41.8,43.0,40.1,41.5,23.5,23.5,24.5,24.5
42.983,1286.2,170.0,0.0,61.3,2.4,5,4457,-0.19,-1.54,41.8,43.2,40.3,41.6,23.5,23.5,24.5,24.5
43.0,1286.9,169.1,0.0,62.1,2.7,5,4456,0.0,-1.5,42.1,43.4,40.4,41.8,23.5,23.5,24.5,24.5
43.017,1287.7,168.1,0.0,62.6,3.0,5,4411,-0.11,-1.67,42.2,43.7,40.6,42.0,23.5,23.5,24.5,24.5
43.033,1288.5,167.1,0.0,63.8,3.3,5,4373,-0.04,-1.52,42.3,44.0,40.7,42.1,23.5,23.5,24.5,24.5
43.05,1289.3,166.2,0.0,65.0,3.5,5,4319,0.02,-1.49,42.4,44.3,40.8,42.3,23.5,23.5,24.5,24.5
43.067,1290.0,165.2,0.0,65.6,3.6,5,4235,-0.2,-1.66,42.5,44.5,41.1,42.6,23.5,23.5,24.5,24.5
43.083,1290.8,164.2,0.0,67.1,3.7,5,4201,0.07,-1.54,42.7,44.7,41.2,42.8,23.5,23.5,24.5,24.5
43.1,1291.5,163.2,0.0,68.0,3.6,5,4186,-0.13,-1.58,42.8,44.9,41.4,43.1,23.5,23.5,24.5,24.5
43.117,1292.3,162.2,0.0,68.7,3.6,5,4186,-0.15,-1.64,42.9,45.1,41.6,43.2,23.5,23.5,24.5,24.5
43.133,1293.0,161.3,0.0,69.7,3.4,5,4252,0.06,-1.48,43.1,45.3,41.6,43.4,23.5,23.5,24.5,24.5
43.15,1293.8,160.2,0.0,70.8,3.1,5,4234,-0.19,-1.77,43.2,45.6,41.8,43.6,23.5,23.5,24.5,24.5
43.167,1294.5,159.2,0.0,71.1,2.9,5,4235,-0.05,-1.6,43.5,45.8,41.8,43.6,23.5,23.5,24.5,24.5
43.183,1295.2,158.2,0.0,71.5,2.6,5,4197,0.04,-1.6,43.7,46.1,41.9,43.8,23.5,23.5,24.5,24.5
43.2,1295.9,157.2,0.0,72.0,2.3,5,4120,-0.19,-1.78,43.8,46.4,42.3,44.0,23.5,23.5,24.5,24.5
43.217,1296.7,156.1,0.0,72.3,2.0,5,4045,0.02,-1.59,44.2,46.7,42.3,44.1,23.5,23.5,24.5,24.5
43.233,1297.4,155.1,0.0,72.3,1.7,5,3970,-0.09,-1.64,44.5,47.1,42.5,44.2,23.5,23.5,24.5,24.5
43.25,1298.1,154.1,0.0,72.0,1.4,5,3899,-0.1,-1.74,44.6,47.5,42.9,44.3,23.5,23.5,24.5,24.5
43.267,1298.8,153.1,0.0,71.6,1.3,5,3891,0.08,-1.45,44.9,47.9,42.9,44.5,23.5,23.5,24.5,24.5
43.283,1299.5,152.1,0.0,71.4,1.1,5,3884,-0.09,-1.68,45.2,48.4,43.1,44.7,23.5,23.5,24.5,24.5
43.3,1300.2,151.1,0.0,70.7,1.0,5,3871,-0.05,-1.6,45.4,48.9,43.4,44.9,23.5,23.5,24.5,24.5
43.317,1300.9,150.1,75.0,70.1,0.9,1,4108,0.08,-1.43,45.7,49.5,43.3,44.9,23.5,23.5,24.5,24.5
43.333,1301.6,149.2,22.9,69.9,0.9,4,4490,-0.07,-1.56,46.1,50.1,43.5,45.0,23.5,23.5,24.5,24.5
43.35,1302.3,148.3,0.0,70.3,0.9,4,4421,-0.0,-1.49,46.4,50.4,43.8,45.1,23.5,23.5,24.5,24.5
43.367,1302.9,147.4,0.0,70.4,0.8,4,4430,0.06,-1.41,47.0,50.6,43.9,45.3,23.5,23.5,24.5,24.5
43.383,1303.6,146.4,0.0,70.5,0.5,4,4435,0.0,-1.61,47.2,51.0,44.2,45.6,23.5,23.5,24.5,24.5
43.4,1304.3,145.4,0.0,70.7,0.5,4,4412,-0.01,-1.46,47.2,51.4,44.4,45.8,23.5,23.5,24.5,24.5
43.417,1305.0,144.5,0.0,70.4,0.5,4,4439,0.07,-1.51,47.6,51.9,44.4,46.0,23.5,23.5,24.5,24.5
43.433,1305.6,143.5,0.0,70.0,0.4,4,4420,0.02,-1.66,47.9,52.3,44.6,46.2,23.5,23.5,24.5,24.5
43.45,1306.3,142.5,0.0,70.0,0.4,4,4416,0.01,-1.66,48.1,52.8,44.8,46.3,23.5,23.5,24.5,24.5
43.467,1306.9,141.5,0.0,69.7,0.5,4,4427,0.14,-1.56,48.5,53.2,44.8,46.5,23.5,23.5,24.5,24.5
43.483,1307.6,140.5,0.0,69.5,0.4,4,4346,-0.03,-1.72,48.7,53.6,45.1,46.6,23.5,23.5,24.5,24.5
43.5,1308.2,139.4,0.0,69.5,0.4,4,4285,0.02,-1.72,49.0,54.0,45.2,46.7,23.5,23.5,24.5,24.5
43.517,1308.9,138.4,0.0,68.8,0.2,4,4320,0.18,-1.57,49.4,54.2,45.2,46.8,23.5,23.5,24.5,24.5
43.533,1309.5,137.4,0.0,68.1,-0.1,4,4304,-0.06,-1.73,49.6,54.4,45.4,47.0,23.5,23.5,24.5,24.5
43.55,1310.1,136.3,0.0,67.7,-0.4,4,4268,0.03,-1.65,49.8,54.6,45.4,47.1,23.5,23.5,24.5,24.5
43.567,1310.7,135.4,0.0,67.6,-0.9,4,4269,0.11,-1.44,50.1,54.7,45.4,47.3,23.5,23.5,24.5,24.5
43.583,1311.4,134.4,0.0,66.8,-1.3,4,4234,0.01,-1.64,50.4,54.8,45.4,47.4,23.5,23.5,24.5,24.5
43.6,1312.0,133.4,0.0,65.9,-1.9,4,4195,-0.01,-1.47,50.5,54.9,45.4,47.5,23.5,23.5,24.5,24.5
43.617,1312.6,132.5,0.0,65.4,-2.4,4,4235,0.12,-1.47,50.8,55.0,45.4,47.5,23.5,23.5,24.5,24.5
43.633,1313.2,131.6,0.0,64.8,-2.8,4,4254,-0.02,-1.44,51.0,55.1,45.4,47.6,23.5,23.5,24.5,24.5
43.65,1313.8,130.7,0.0,63.8,-3.2,4,4216,-0.06,-1.49,51.2,55.2,45.4,47.6,23.5,23.5,24.5,24.5
43.667,1314.4,129.8,0.0,62.5,-3.5,4,4187,0.01,-1.3,51.5,55.3,45.3,47.7,23.5,23.5,24.5,24.5
43.683,1315.0,129.0,0.0,61.8,-3.7,4,4148,0.02,-1.41,51.9,55.5,45.3,47.8,23.5,23.5,24.5,24.5
43.7,1315.6,128.1,0.0,60.2,-3.7,4,4081,-0.18,-1.51,52.1,55.6,45.3,47.8,23.5,23.5,24.5,24.5
43.717,1316.2,127.1,0.0,59.5,-3.7,4,4021,-0.08,-1.47,52.3,55.7,45.2,47.9,23.5,23.5,24.5,24.5
43.733,1316.8,126.2,0.0,58.5,-3.6,4,3980,0.01,-1.32,52.4,55.7,45.3,48.0,23.5,23.5,24.5,24.5
43.75,1317.3,125.4,0.0,57.9,-3.4,4,3905,-0.13,-1.51,52.5,55.9,45.4,48.2,23.5,23.5,24.5,24.5
43.767,1317.9,124.4,0.0,57.7,-3.2,4,3836,-0.17,-1.45,52.6,55.9,45.4,48.2,23.5,23.5,24.5,24.5
43.783,1318.5,123.5,75.0,57.8,-3.0,1,4059,-0.09,-1.38,52.7,56.0,45.3,48.3,23.5,23.5,24.5,24.5
43.8,1319.0,122.7,75.0,58.2,-2.8,1,4474,-0.1,-1.35,52.8,56.1,45.4,48.4,23.5,23.5,24.5,24.5
43.817,1319.6,121.8,0.0,58.6,-2.6,3,4515,-0.24,-1.54,52.8,56.2,45.5,48.5,23.5,23.5,24.5,24.5
43.833,1320.2,120.8,0.0,59.7,-2.5,3,4470,-0.14,-1.44,52.8,56.2,45.5,48.6,23.5,23.5,24.5,24.5
43.85,1320.7,120.0,0.0,59.8,-2.3,3,4517,-0.08,-1.39,52.9,56.4,45.6,48.7,23.5,23.5,24.5,24.5
43.867,1321.3,119.1,0.0,60.0,-2.2,3,4533,-0.17,-1.44,52.9,56.5,45.8,48.9,23.5,23.5,24.5,24.5
43.883,1321.8,118.1,0.0,60.2,-2.1,3,4508,-0.25,-1.57,52.9,56.7,46.0,49.0,23.5,23.5,24.5,24.5
43.9,1322.4,117.2,0.0,60.5,-2.1,3,4540,-0.11,-1.38,53.0,56.8,46.0,49.0,23.5,23.5,24.5,24.5
43.917,1322.9,116.3,0.0,60.6,-2.0,3,4566,-0.14,-1.38,53.0,57.0,46.1,49.1,23.5,23.5,24.5,24.5
43.933,1323.4,115.4,0.0,60.5,-2.1,3,4488,-0.2,-1.46,53.0,57.1,46.3,49.3,23.5,23.5,24.5,24.5
43.95,1324.0,114.5,0.0,60.2,-2.0,3,4404,-0.21,-1.57,53.0,57.3,46.4,49.3,23.5,23.5,24.5,24.5
43.967,1324.5,113.5,0.0,59.8,-2.1,3,4330,-0.1,-1.4,53.1,57.5,46.4,49.4,23.5,23.5,24.5,24.5
43.983,1325.0,112.7,0.0,59.8,-2.1,3,4277,-0.17,-1.35,53.1,57.7,46.5,49.5,23.5,23.5,24.5,24.5
44.0,1325.5,111.8,0.0,59.0,-2.1,3,4212,-0.24,-1.48,53.1,57.9,46.6,49.6,23.5,23.5,24.5,24.5
44.017,1326.0,110.8,0.0,58.6,-1.9,3,4192,-0.18,-1.53,53.1,58.0,46.7,49.7,23.5,23.5,24.5,24.5
44.033,1326.5,109.9,0.0,57.9,-1.8,3,4202,-0.1,-1.43,53.2,58.2,46.9,49.8,23.5,23.5,24.5,24.5
44.05,1327.0,109.0,0.0,57.4,-1.5,3,4176,-0.15,-1.44,53.3,58.4,47.0,49.9,23.5,23.5,24.5,24.5
44.067,1327.5,108.1,0.0,56.2,-1.2,3,4114,-0.32,-1.47,53.3,58.5,47.1,50.0,23.5,23.5,24.5,24.5
44.083,1328.0,107.2,0.0,55.4,-0.8,3,4113,-0.2,-1.44,53.2,58.6,47.1,50.0,23.5,23.5,24.5,24.5
44.1,1328.5,106.3,0.0,53.1,-0.4,3,4145,-0.13,-1.33,53.3,58.7,47.2,50.0,23.5,23.5,24.5,24.5
44.117,1329.0,105.5,0.0,51.6,0.0,3,4116,-0.16,-1.34,53.3,58.7,47.3,50.1,23.5,23.5,24.5,24.5
44.133,1329.5,104.6,0.0,47.8,0.5,3,4044,-0.26,-1.38,53.2,58.8,47.3,50.1,23.5,23.5,24.5,24.5
44.15,1330.0,103.8,0.0,45.5,1.0,3,4037,-0.24,-1.29,53.2,58.8,47.3,50.1,23.5,23.5,24.5,24.5
44.167,1330.4,103.0,0.0,42.1,1.5,3,4086,-0.14,-1.26,53.1,58.9,47.3,50.1,23.5,23.5,24.5,24.5
44.183,1330.9,102.2,0.0,40.5,1.8,3,4103,-0.17,-1.15,53.1,58.8,47.3,50.1,23.5,23.5,24.5,24.5
44.2,1331.4,101.5,0.0,40.0,2.1,3,4059,-0.26,-1.13,53.0,58.8,47.3,50.1,23.5,23.5,24.5,24.5
44.217,1331.9,100.8,0.0,38.9,2.2,3,4017,-0.21,-1.13,52.9,58.7,47.3,50.0,23.5,23.5,24.5,24.5
44.233,1332.3,100.1,75.0,37.3,2.3,1,4233,-0.19,-0.99,52.9,58.7,47.2,50.0,23.5,23.5,24.5,24.5
44.25,1332.8,99.5,75.0,36.2,2.2,1,4636,-0.14,-0.97,52.8,58.6,47.2,49.9,23.5,23.5,24.5,24.5
44.267,1333.2,98.8,49.0,35.8,1.9,1,5023,-0.16,-0.98,52.7,58.5,47.1,49.9,23.5,23.5,24.5,24.5
44.283,1333.7,98.2,0.0,36.2,1.6,2,4978,-0.18,-0.98,52.7,58.5,47.1,49.8,23.5,23.5,24.5,24.5
44.3,1334.1,97.6,0.0,36.6,1.2,2,4907,-0.16,-1.0,52.6,58.4,47.1,49.8,23.5,23.5,24.5,24.5
44.317,1334.6,96.9,0.0,37.0,0.6,2,4916,-0.08,-1.06,52.5,58.3,47.0,49.7,23.5,23.5,24.5,24.5
44.333,1335.0,96.2,0.0,37.2,0.0,2,4947,-0.12,-1.09,52.5,58.3,47.0,49.8,23.5,23.5,24.5,24.5
44.35,1335.5,95.5,0.0,37.7,-0.6,2,4959,-0.17,-1.14,52.4,58.2,47.0,49.8,23.5,23.5,24.5,24.5
44.367,1335.9,94.7,0.0,37.8,-1.3,2,4968,-0.07,-1.17,52.3,58.1,47.0,49.7,23.5,23.5,24.5,24.5
44.383,1336.3,94.0,0.0,38.0,-2.2,2,4969,-0.12,-1.09,52.3,58.1,47.0,49.7,23.5,23.5,24.5,24.5
44.4,1336.8,93.3,0.0,38.2,-3.2,2,4946,-0.1,-1.05,52.2,58.0,47.0,49.7,23.5,23.5,24.5,24.5
44.417,1337.2,92.7,0.0,38.0,-4.1,2,4882,-0.14,-1.06,52.2,57.9,46.9,49.6,23.5,23.5,24.5,24.5
44.433,1337.6,92.0,0.0,37.8,-5.0,2,4802,-0.19,-1.07,52.1,57.8,46.9,49.6,23.5,23.5,24.5,24.5
44.45,1338.0,91.3,0.0,37.7,-5.7,2,4744,-0.11,-1.04,52.0,57.8,46.9,49.5,23.5,23.5,24.5,24.5
44.467,1338.4,90.6,0.0,37.7,-6.3,2,4708,-0.16,-1.04,52.0,57.7,46.9,49.5,23.5,23.5,24.5,24.5
44.483,1338.9,90.0,0.0,37.2,-7.0,2,4681,-0.17,-1.05,51.9,57.6,46.8,49.5,23.5,23.5,24.5,24.5
44.5,1339.3,89.3,0.0,36.5,-7.5,2,4650,-0.13,-1.07,51.9,57.6,46.8,49.4,23.5,23.5,24.5,24.5
44.517,1339.7,88.6,0.0,36.5,-7.8,2,4620,-0.2,-1.07,51.8,57.5,46.8,49.4,23.5,23.5,24.5,24.5
44.533,1340.1,87.9,0.0,35.7,-8.1,2,4603,-0.18,-1.05,51.7,57.4,46.8,49.4,23.5,23.5,24.5,24.5
44.55,1340.5,87.3,0.0,34.6,-8.3,2,4589,-0.14,-0.99,51.7,57.4,46.7,49.3,23.5,23.5,24.5,24.5
44.567,1340.9,86.6,0.0,33.1,-8.4,2,4558,-0.22,-1.0,51.6,57.3,46.7,49.3,23.5,23.5,24.5,24.5
44.583,1341.3,86.0,0.0,31.9,-8.5,2,4519,-0.17,-0.94,51.5,57.2,46.7,49.2,23.5,23.5,24.5,24.5
44.6,1341.7,85.4,0.0,28.7,-8.6,2,4484,-0.24,-0.92,51.5,57.1,46.7,49.2,23.5,23.5,24.5,24.5
44.617,1342.1,84.8,0.0,27.4,-8.6,2,4461,-0.25,-0.85,51.4,57.1,46.6,49.2,23.5,23.5,24.5,24.5
44.633,1342.5,84.3,0.0,25.9,-8.6,2,4448,-0.19,-0.81,51.4,57.0,46.6,49.1,23.5,23.5,24.5,24.5
44.65,1342.8,83.8,0.0,23.9,-8.6,2,4436,-0.24,-0.75,51.3,56.9,46.6,49.1,23.5,23.5,24.5,24.5
44.667,1343.2,83.3,0.0,22.0,-8.7,2,4419,-0.24,-0.73,51.2,56.8,46.5,49.0,23.5,23.5,24.5,24.5
44.683,1343.6,82.8,0.0,21.2,-8.8,2,4403,-0.2,-0.66,51.2,56.7,46.5,49.0,23.5,23.5,24.5,24.5
44.7,1344.0,82.3,0.0,20.0,-8.9,2,4387,-0.26,-0.66,51.1,56.6,46.5,48.9,23.5,23.5,24.5,24.5
44.717,1344.4,81.9,0.0,19.7,-9.1,2,4371,-0.2,-0.61,51.0,56.6,46.4,48.9,23.5,23.5,24.5,24.5
44.733,1344.7,81.5,0.0,18.5,-9.2,2,4351,-0.23,-0.6,51.0,56.5,46.4,48.8,23.5,23.5,24.5,24.5
44.75,1345.1,81.1,0.0,17.6,-9.6,2,4328,-0.21,-0.58,50.9,56.4,46.3,48.8,23.5,23.5,24.5,24.5
44.767,1345.5,80.7,0.0,15.8,-9.9,2,4305,-0.22,-0.56,50.8,56.3,46.3,48.7,23.5,23.5,24.5,24.5
44.783,1345.9,80.3,0.0,15.3,-10.2,2,4285,-0.22,-0.5,50.8,56.2,46.3,48.7,23.5,23.5,24.5,24.5
44.8,1346.2,80.0,0.0,15.3,-10.6,2,4267,-0.23,-0.5,50.7,56.1,46.2,48.6,23.5,23.5,24.5,24.5
44.817,1346.6,79.6,0.0,15.6,-11.0,2,4250,-0.22,-0.5,50.7,56.1,46.2,48.6,23.5,23.5,24.5,24.5
44.833,1347.0,79.3,0.0,15.8,-11.4,2,4233,-0.21,-0.51,50.6,56.0,46.2,48.5,23.5,23.5,24.5,24.5
44.85,1347.3,78.9,75.0,15.7,-11.7,1,4439,-0.22,-0.42,50.6,55.9,46.1,48.5,23.5,23.5,24.5,24.5
44.867,1347.7,78.6,75.0,15.7,-11.9,1,4830,-0.19,-0.44,50.5,55.8,46.1,48.5,23.5,23.5,24.5,24.5
44.883,1348.0,78.3,75.0,15.3,-12.0,1,5218,-0.22,-0.43,50.4,55.7,46.1,48.4,23.5,23.5,24.5,24.5
44.9,1348.4,78.0,0.0,15.0,-12.1,1,5314,-0.22,-0.42,50.4,55.7,46.0,48.4,23.5,23.5,24.5,24.5
44.917,1348.8,77.7,0.0,14.8,-12.2,1,5215,-0.23,-0.42,50.3,55.6,46.0,48.3,23.5,23.5,24.5,24.5
44.933,1349.1,77.3,0.0,13.7,-12.4,1,5183,-0.21,-0.57,50.3,55.5,46.0,48.3,23.5,23.5,24.5,24.5
44.95,1349.5,76.9,0.0,12.6,-12.5,1,5208,-0.2,-0.61,50.2,55.4,45.9,48.2,23.5,23.5,24.5,24.5
44.967,1349.8,76.5,0.0,10.6,-12.9,1,5270,-0.21,-0.64,50.2,55.4,45.9,48.2,23.5,23.5,24.5,24.5
44.983,1350.2,76.1,0.0,9.3,-13.3,1,5346,-0.22,-0.6,50.1,55.3,45.9,48.2,23.5,23.5,24.5,24.5
45.0,1350.5,75.7,0.0,5.7,-13.9,1,5417,-0.22,-0.57,50.1,55.2,45.9,48.1,23.5,23.5,24.5,24.5
45.017,1350.9,75.3,0.0,2.2,-14.6,1,5469,-0.24,-0.43,50.0,55.1,45.8,48.1,23.5,23.5,24.5,24.5
45.033,1351.2,75.0,0.0,2.2,-15.6,1,5497,-0.25,-0.28,49.9,55.0,45.8,48.1,23.5,23.5,24.5,24.5
45.05,1351.6,74.8,0.0,0.0,-16.8,1,5497,-0.26,-0.27,49.9,55.0,45.8,48.0,23.5,23.5,24.5,24.5
45.067,1351.9,74.6,0.0,0.0,-18.2,1,5473,-0.27,-0.15,49.8,54.9,45.7,48.0,23.5,23.5,24.5,24.5
45.083,1352.3,74.5,0.0,0.0,-19.9,1,5431,-0.28,-0.15,49.8,54.8,45.7,47.9,23.5,23.5,24.5,24.5
45.1,1352.6,74.3,0.0,0.0,-21.6,1,5378,-0.3,-0.13,49.7,54.8,45.7,47.9,23.5,23.5,24.5,24.5
45.117,1353.0,74.2,0.0,0.0,-23.7,1,5325,-0.33,-0.13,49.7,54.7,45.7,47.9,23.5,23.5,24.5,24.5
45.133,1353.3,74.1,0.0,0.0,-26.1,1,5276,-0.33,-0.14,49.6,54.6,45.6,47.8,23.5,23.5,24.5,24.5
45.15,1353.6,73.9,0.0,0.0,-28.2,1,5239,-0.36,-0.16,49.6,54.5,45.6,47.8,23.5,23.5,24.5,24.5
45.167,1354.0,73.7,0.0,0.0,-31.2,1,5215,-0.38,-0.19,49.5,54.5,45.6,47.7,23.5,23.5,24.5,24.5
45.183,1354.3,73.6,0.0,0.0,-33.8,1,5205,-0.41,-0.21,49.5,54.4,45.5,47.7,23.5,23.5,24.5,24.5
45.2,1354.7,73.4,0.0,0.0,-36.7,1,5207,-0.44,-0.22,49.5,54.3,45.5,47.7,23.5,23.5,24.5,24.5
45.217,1355.0,73.2,0.0,0.0,-39.5,1,5214,-0.47,-0.23,49.4,54.3,45.5,47.6,23.5,23.5,24.5,24.5
45.233,1355.3,73.0,0.0,0.0,-41.9,1,5223,-0.5,-0.24,49.4,54.2,45.5,47.6,23.5,23.5,24.5,24.5
45.25,1355.7,72.8,0.0,0.0,-44.9,1,5230,-0.53,-0.23,49.3,54.1,45.4,47.5,23.5,23.5,24.5,24.5
45.267,1356.0,72.6,0.0,0.0,-47.5,1,5230,-0.57,-0.22,49.3,54.1,45.4,47.5,23.5,23.5,24.5,24.5
45.283,1356.3,72.4,0.0,0.0,-50.1,1,5224,-0.6,-0.21,49.2,54.0,45.4,47.5,23.5,23.5,24.5,24.5
45.3,1356.7,72.2,0.0,0.0,-53.0,1,5211,-0.63,-0.2,49.2,54.0,45.3,47.4,23.5,23.5,24.5,24.5
45.317,1357.0,72.0,0.0,0.0,-55.6,1,5193,-0.65,-0.2,49.1,53.9,45.3,47.4,23.5,23.5,24.5,24.5
45.333,1357.3,71.9,0.0,0.0,-58.2,1,5172,-0.69,-0.19,49.1,53.8,45.3,47.4,23.5,23.5,24.5,24.5
45.35,1357.7,71.7,0.0,0.0,-60.7,1,5149,-0.71,-0.19,49.1,53.8,45.3,47.3,23.5,23.5,24.5,24.5
45.367,1358.0,71.5,0.0,0.0,-63.4,1,5128,-0.74,-0.2,49.0,53.7,45.3,47.3,23.5,23.5,24.5,24.5
45.383,1358.3,71.3,0.0,0.0,-66.3,1,5109,-0.76,-0.2,49.0,53.7,45.2,47.3,23.5,23.5,24.5,24.5
45.4,1358.7,71.2,0.0,0.0,-68.9,1,5094,-0.78,-0.21,49.0,53.6,45.2,47.2,23.5,23.5,24.5,24.5
45.417,1359.0,71.0,0.0,0.0,-71.6,1,5081,-0.8,-0.22,49.0,53.6,45.2,47.2,23.5,23.5,24.5,24.5
45.433,1359.3,70.8,0.0,0.0,-74.0,1,5072,-0.82,-0.22,48.9,53.5,45.2,47.2,23.5,23.5,24.5,24.5
45.45,1359.7,70.6,0.0,0.0,-76.4,1,5065,-0.84,-0.23,48.9,53.5,45.1,47.1,23.5,23.5,24.5,24.5
45.467,1360.0,70.4,0.0,0.0,-79.0,1,5058,-0.86,-0.23,48.9,53.4,45.1,47.1,23.5,23.5,24.5,24.5
45.483,1360.3,70.2,0.0,0.0,-81.6,1,5051,-0.88,-0.23,48.9,53.4,45.1,47.1,23.5,23.5,24.5,24.5
45.5,1360.6,70.0,0.0,0.0,-84.3,1,5042,-0.91,-0.23,48.9,53.3,45.1,47.0,23.5,23.5,24.5,24.5
45.517,1360.9,69.8,0.0,0.0,-86.4,1,5032,-0.93,-0.23,48.9,53.3,45.1,47.0,23.5,23.5,24.5,24.5
45.533,1361.3,69.6,0.0,0.0,-88.9,1,5020,-0.95,-0.23,48.8,53.3,45.1,47.0,23.5,23.5,24.5,24.5
45.55,1361.6,69.4,0.0,0.0,-91.0,1,5006,-0.97,-0.22,48.8,53.2,45.0,47.0,23.5,23.5,24.5,24.5
45.567,1361.9,69.3,0.0,0.0,-93.1,1,4991,-1.0,-0.22,48.8,53.2,45.0,46.9,23.5,23.5,24.5,24.5
45.583,1362.2,69.1,0.0,0.0,-94.7,1,4975,-1.01,-0.22,48.8,53.1,45.0,46.9,23.5,23.5,24.5,24.5
45.6,1362.5,68.9,0.0,0.0,-96.2,1,4959,-1.03,-0.22,48.8,53.1,45.0,46.9,23.5,23.5,24.5,24.5
45.617,1362.8,68.7,0.0,0.0,-97.8,1,4943,-1.04,-0.23,48.9,53.1,45.0,46.9,23.5,23.5,24.5,24.5
45.633,1363.2,68.5,0.0,0.0,-99.1,1,4929,-1.06,-0.23,48.9,53.0,45.0,46.8,23.5,23.5,24.5,24.5
45.65,1363.5,68.3,0.0,0.0,-100.0,1,4916,-1.08,-0.23,48.9,53.0,45.0,46.8,23.5,23.5,24.5,24.5
45.667,1363.8,68.1,0.0,0.0,-101.2,1,4904,-1.12,-0.23,48.9,53.0,44.9,46.8,23.5,23.5,24.5,24.5
45.683,1364.1,67.9,0.0,0.0,-102.2,1,4893,-1.14,-0.24,48.9,52.9,44.9,46.8,23.5,23.5,24.5,24.5
45.7,1364.4,67.8,0.0,0.0,-103.2,1,4882,-1.12,-0.24,48.9,52.9,44.9,46.8,23.5,23.5,24.5,24.5
45.717,1364.7,67.6,0.0,0.0,-104.1,1,4872,-1.14,-0.24,48.9,52.8,44.9,46.7,23.5,23.5,24.5,24.5
45.733,1365.0,67.4,0.0,0.0,-105.0,1,4861,-1.14,-0.24,48.9,52.8,44.9,46.7,23.5,23.5,24.5,24.5
45.75,1365.3,67.2,0.0,0.0,-106.2,1,4849,-1.14,-0.23,48.9,52.8,44.9,46.7,23.5,23.5,24.5,24.5
45.767,1365.6,67.0,0.0,0.0,-107.3,1,4837,-1.16,-0.23,49.0,52.7,44.9,46.7,23.5,23.5,24.5,24.5
45.783,1365.9,66.8,0.0,0.0,-108.4,1,4823,-1.17,-0.23,49.0,52.7,44.9,46.7,23.5,23.5,24.5,24.5
45.8,1366.2,66.6,0.0,0.0,-109.5,1,4809,-1.19,-0.24,49.0,52.7,44.9,46.7,23.5,23.5,24.5,24.5
45.817,1366.5,66.4,0.0,0.0,-110.8,1,4795,-1.2,-0.23,49.0,52.6,44.9,46.6,23.5,23.5,24.5,24.5
45.833,1366.9,66.2,0.0,0.0,-112.0,1,4780,-1.21,-0.23,49.0,52.6,44.9,46.6,23.5,23.5,24.5,24.5
45.85,1367.2,66.1,0.0,0.0,-113.4,1,4764,-1.18,-0.23,49.1,52.6,44.9,46.6,23.5,23.5,24.5,24.5
45.867,1367.5,65.9,0.0,0.0,-114.8,1,4749,-1.17,-0.23,49.1,52.5,44.9,46.6,23.5,23.5,24.5,24.5
45.883,1367.8,65.7,0.0,0.0,-116.0,1,4736,-1.16,-0.23,49.1,52.5,44.9,46.6,23.5,23.5,24.5,24.5
45.9,1368.1,65.5,0.0,0.0,-117.4,1,4723,-1.18,-0.24,49.1,52.5,44.9,46.6,23.5,23.5,24.5,24.5
45.917,1368.4,65.3,0.0,0.0,-118.6,1,4711,-1.17,-0.24,49.2,52.5,44.9,46.5,23.5,23.5,24.5,24.5
45.933,1368.7,65.1,0.0,0.0,-119.9,1,4699,-1.2,-0.24,49.2,52.4,44.9,46.5,23.5,23.5,24.5,24.5
45.95,1369.0,64.9,0.0,0.0,-121.4,1,4687,-1.21,-0.24,49.2,52.4,44.9,46.5,23.5,23.5,24.5,24.5
45.967,1369.3,64.7,0.0,0.0,-122.6,1,4675,-1.27,-0.24,49.3,52.4,44.9,46.5,23.5,23.5,24.5,24.5
45.983,1369.6,64.6,0.8,0.0,-123.9,1,4662,-1.26,-0.24,49.3,52.3,44.9,46.5,23.5,23.5,24.5,24.5
46.0,1369.9,64.4,2.9,0.0,-125.1,1,4652,-1.28,-0.24,49.4,52.3,44.9,46.5,23.5,23.5,24.5,24.5
46.017,1370.2,64.2,4.3,0.0,-126.2,1,4648,-1.26,-0.24,49.4,52.3,44.9,46.4,23.5,23.5,24.5,24.5
46.033,1370.5,64.0,5.1,0.0,-127.5,1,4648,-1.24,-0.23,49.4,52.3,44.9,46.4,23.5,23.5,24.5,24.5
46.05,1370.8,63.8,5.5,0.0,-128.6,1,4648,-1.25,-0.22,49.5,52.2,44.9,46.4,23.5,23.5,24.5,24.5
46.067,1371.0,63.7,5.5,0.0,-129.9,1,4642,-1.25,-0.21,49.5,52.2,44.9,46.4,23.5,23.5,24.5,24.5
46.083,1371.3,63.5,5.5,0.0,-131.1,1,4631,-1.27,-0.2,49.5,52.2,44.9,46.4,23.5,23.5,24.5,24.5
46.1,1371.6,63.4,5.8,0.0,-132.1,1,4615,-1.32,-0.19,49.6,52.1,44.9,46.4,23.5,23.5,24.5,24.5
46.117,1371.9,63.2,6.3,0.0,-133.4,1,4596,-1.36,-0.18,49.6,52.1,44.9,46.3,23.5,23.5,24.5,24.5
46.133,1372.2,63.1,7.8,0.0,-134.5,1,4579,-1.39,-0.18,49.6,52.1,44.9,46.3,23.5,23.5,24.5,24.5
46.15,1372.5,62.9,9.1,0.0,-135.5,1,4569,-1.41,-0.17,49.7,52.1,44.9,46.3,23.5,23.5,24.5,24.5
46.167,1372.8,62.8,10.8,0.0,-136.6,1,4564,-1.38,-0.16,49.7,52.0,44.9,46.3,23.5,23.5,24.5,24.5
46.183,1373.1,62.7,12.5,0.0,-137.6,1,4565,-1.37,-0.15,49.8,52.0,44.9,46.3,23.5,23.5,24.5,24.5
46.2,1373.4,62.5,14.9,0.0,-138.6,1,4572,-1.35,-0.13,49.8,52.0,44.9,46.3,23.5,23.5,24.5,24.5
46.217,1373.7,62.4,16.8,0.0,-139.5,1,4583,-1.36,-0.11,49.8,51.9,44.9,46.3,23.5,23.5,24.5,24.5
46.233,1374.0,62.3,18.6,0.0,-140.2,1,4606,-1.38,-0.12,49.9,51.9,44.9,46.2,23.5,23.5,24.5,24.5
46.25,1374.3,62.2,21.1,0.0,-140.8,1,4644,-1.38,-0.12,49.9,51.9,44.9,46.2,23.5,23.5,24.5,24.5
46.267,1374.6,62.1,22.9,0.0,-141.2,1,4694,-1.41,-0.12,50.0,51.9,44.9,46.2,23.5,23.5,24.5,24.5
46.283,1374.9,62.0,24.8,0.0,-141.4,1,4755,-1.41,-0.12,50.0,51.8,45.0,46.2,23.5,23.5,24.5,24.5
46.3,1375.2,61.9,27.4,0.0,-141.5,1,4814,-1.41,-0.1,50.0,51.8,45.0,46.2,23.5,23.5,24.5,24.5
46.317,1375.5,61.9,31.6,0.0,-141.4,1,4817,-1.4,-0.02,50.0,51.8,45.0,46.2,23.5,23.5,24.5,24.5
46.333,1375.8,61.8,35.4,0.0,-141.1,1,4792,-1.37,0.03,50.1,51.7,45.0,46.1,23.5,23.5,24.5,24.5
46.35,1376.1,61.8,39.4,0.0,-140.7,1,4760,-1.37,0.1,50.1,51.7,45.0,46.1,23.5,23.5,24.5,24.5
46.367,1376.4,61.9,44.2,0.0,-140.3,1,4735,-1.37,0.12,50.1,51.7,45.0,46.1,23.5,23.5,24.5,24.5
46.383,1376.7,61.9,47.0,0.0,-139.9,1,4719,-1.38,0.14,50.2,51.6,45.1,46.1,23.5,23.5,24.5,24.5
46.4,1377.0,62.0,49.0,0.0,-139.5,1,4706,-1.38,0.16,50.2,51.6,45.1,46.1,23.5,23.5,24.5,24.5
46.417,1377.3,62.0,50.4,0.0,-139.2,1,4696,-1.39,0.17,50.2,51.6,45.1,46.1,23.5,23.5,24.5,24.5
46.433,1377.6,62.1,51.1,0.0,-139.0,1,4687,-1.39,0.18,50.2,51.6,45.1,46.1,23.5,23.5,24.5,24.5
46.45,1377.9,62.2,51.5,0.0,-138.9,1,4680,-1.41,0.18,50.3,51.5,45.1,46.1,23.5,23.5,24.5,24.5
46.467,1378.2,62.2,51.5,0.0,-138.9,1,4674,-1.42,0.18,50.3,51.5,45.1,46.0,23.5,23.5,24.5,24.5
46.483,1378.5,62.3,51.5,0.0,-138.9,1,4672,-1.46,0.18,50.3,51.5,45.2,46.0,23.5,23.5,24.5,24.5
46.5,1378.8,62.4,51.6,0.0,-138.9,1,4674,-1.48,0.17,50.4,51.4,45.2,46.0,23.5,23.5,24.5,24.5
46.517,1379.1,62.5,51.6,0.0,-138.8,1,4682,-1.51,0.17,50.4,51.4,45.2,46.0,23.5,23.5,24.5,24.5
46.533,1379.5,62.5,51.8,0.0,-138.7,1,4693,-1.52,0.16,50.4,51.4,45.2,46.0,23.5,23.5,24.5,24.5
46.55,1379.8,62.6,52.1,0.0,-138.5,1,4710,-1.52,0.16,50.4,51.3,45.2,46.0,23.5,23.5,24.5,24.5
46.567,1380.1,62.7,52.3,0.0,-138.1,1,4727,-1.26,0.19,50.4,51.3,45.2,46.0,23.5,23.5,24.5,24.5
46.583,1380.4,62.7,52.4,0.0,-137.7,1,4746,-1.46,0.19,50.4,51.3,45.2,46.0,23.5,23.5,24.5,24.5
46.6,1380.7,62.8,52.6,0.0,-137.6,1,4761,-1.46,0.2,50.5,51.2,45.2,45.9,23.5,23.5,24.5,24.5
46.617,1381.0,62.9,52.6,0.0,-137.8,1,4767,-1.57,0.2,50.5,51.2,45.3,46.0,23.5,23.5,24.5,24.5
46.633,1381.3,63.0,52.6,0.0,-137.9,1,4761,-1.64,0.2,50.5,51.2,45.3,46.0,23.5,23.5,24.5,24.5
46.65,1381.6,63.1,52.7,0.0,-137.8,1,4749,-1.61,0.21,50.5,51.2,45.3,46.1,23.5,23.5,24.5,24.5
46.667,1381.9,63.2,52.8,0.0,-137.4,1,4734,-1.31,0.25,50.5,51.1,45.3,46.2,23.5,23.5,24.5,24.5
46.683,1382.3,63.3,53.0,0.0,-136.9,1,4722,-1.46,0.23,50.5,51.1,45.2,46.3,23.5,23.5,24.5,24.5
46.7,1382.6,63.4,53.0,0.0,-136.8,1,4710,-1.38,0.26,50.6,51.1,45.2,46.3,23.5,23.5,24.5,24.5
46.717,1382.9,63.5,53.1,0.0,-136.9,1,4698,-1.74,0.12,50.6,51.0,45.2,46.3,23.5,23.5,24.5,24.5
46.733,1383.2,63.5,53.2,0.0,-137.0,1,4699,-1.49,0.19,50.6,51.0,45.2,46.3,23.5,23.5,24.5,24.5
46.75,1383.5,63.6,53.2,0.0,-136.1,1,4733,-1.37,0.2,50.5,51.0,45.2,46.3,23.5,23.5,24.5,24.5
46.767,1383.8,63.7,53.2,0.0,-134.8,1,4771,-1.47,0.19,50.5,51.0,45.2,46.3,23.5,23.5,24.5,24.5
46.783,1384.1,63.7,53.2,0.0,-133.4,1,4823,-1.66,0.18,50.5,50.9,45.2,46.3,23.5,23.5,24.5,24.5
46.8,1384.4,63.8,53.2,0.0,-132.1,1,4859,-1.19,0.2,50.4,50.9,45.2,46.3,23.5,23.5,24.5,24.5
46.817,1384.7,63.9,53.2,0.0,-131.1,1,4882,-1.48,0.18,50.4,50.9,45.2,46.2,23.5,23.5,24.5,24.5
46.833,1385.0,64.0,53.2,0.0,-130.5,1,4902,-1.2,0.21,50.3,50.8,45.2,46.2,23.5,23.5,24.5,24.5
46.85,1385.4,64.0,53.2,0.0,-130.1,1,4930,-1.01,0.31,50.3,50.8,45.2,46.2,23.5,23.5,24.5,24.5
46.867,1385.7,64.2,53.2,0.0,-129.8,1,4929,-1.75,-0.02,50.3,50.8,45.2,46.3,23.5,23.5,24.5,24.5
46.883,1386.0,64.3,53.4,0.0,-129.7,1,4890,-1.14,0.5,50.3,50.8,45.3,46.4,23.5,23.5,24.5,24.5
46.9,1386.3,64.4,53.4,0.0,-129.5,1,4824,-0.87,0.16,50.3,50.7,45.2,46.4,23.5,23.5,24.5,24.5
46.917,1386.6,64.5,53.6,0.0,-129.1,1,4778,-1.02,0.32,50.3,50.7,45.3,46.4,23.5,23.5,24.5,24.5
46.933,1386.9,64.6,53.9,0.0,-129.3,1,4768,-0.89,0.33,50.3,50.7,45.2,46.4,23.5,23.5,24.5,24.5
46.95,1387.2,64.7,54.4,0.0,-129.7,1,4779,-0.96,0.26,50.3,50.6,45.2,46.3,23.5,23.5,24.5,24.5
46.967,1387.5,64.8,55.3,0.0,-129.9,1,4801,-1.39,0.26,50.3,50.6,45.2,46.3,23.5,23.5,24.5,24.5
46.983,1387.8,64.9,56.5,0.0,-129.8,1,4830,-1.27,0.25,50.3,50.6,45.2,46.3,23.5,23.5,24.5,24.5
47.0,1388.1,64.9,58.1,0.0,-128.7,1,4863,-0.98,0.13,50.3,50.6,45.2,46.3,23.5,23.5,24.5,24.5
47.017,1388.4,65.1,59.7,0.0,-127.0,1,4924,-1.07,0.35,50.2,50.5,45.2,46.3,23.5,23.5,24.5,24.5
47.033,1388.7,65.1,61.3,0.0,-124.7,1,4976,-0.97,0.15,50.2,50.5,45.2,46.3,23.5,23.5,24.5,24.5
47.05,1389.0,65.2,63.4,0.0,-122.4,1,5037,-0.91,0.26,50.2,50.5,45.2,46.3,23.5,23.5,24.5,24.5
47.067,1389.3,65.3,67.1,0.0,-120.4,1,5121,-0.88,0.24,50.2,50.4,45.2,46.3,23.5,23.5,24.5,24.5
47.083,1389.7,65.3,69.9,0.0,-117.5,1,5239,-0.85,0.24,50.2,50.4,45.3,46.3,23.5,23.5,24.5,24.5
47.1,1390.0,65.4,72.5,0.0,-114.9,1,5386,-0.82,0.24,50.1,50.4,45.3,46.3,23.5,23.5,24.5,24.5
47.117,1390.3,65.5,74.6,0.0,-112.2,1,5546,-0.74,0.24,50.1,50.4,45.4,46.2,23.5,23.5,24.5,24.5
47.133,1390.6,65.6,76.9,0.0,-109.5,1,5710,-0.69,0.25,50.2,50.3,45.5,46.2,23.5,23.5,24.5,24.5
47.15,1390.9,65.6,78.2,0.0,-107.0,1,5867,-0.81,0.25,50.2,50.3,45.7,46.2,23.5,23.5,24.5,24.5
47.167,1391.2,65.8,78.8,0.0,-104.1,1,6000,-1.03,0.63,50.2,50.3,45.9,46.3,23.5,23.5,24.5,24.5
47.183,1391.5,66.1,78.9,0.0,-101.3,1,5990,-1.11,0.58,50.2,50.3,46.1,46.5,23.5,23.5,24.5,24.5
47.2,1391.8,66.4,78.8,0.0,-98.4,1,5832,-1.29,0.64,50.3,50.3,46.3,46.5,23.5,23.5,24.5,24.5
47.217,1392.1,66.7,78.8,0.0,-95.4,1,5565,-1.16,0.63,50.3,50.3,46.7,46.5,23.5,23.5,24.5,24.5
47.233,1392.5,66.9,78.8,0.0,-93.0,1,5324,-0.94,0.52,50.4,50.3,47.2,46.5,23.5,23.5,24.5,24.5
47.25,1392.8,67.1,78.8,0.0,-90.7,1,5111,-0.98,0.43,50.4,50.3,47.7,46.5,23.5,23.5,24.5,24.5
47.267,1393.1,67.3,78.8,0.0,-89.2,1,5100,-1.11,0.4,50.5,50.2,48.1,46.5,23.5,23.5,24.5,24.5
47.283,1393.4,67.4,78.8,0.0,-88.3,1,5258,-1.36,0.36,50.5,50.2,48.4,46.8,23.5,23.5,24.5,24.5
47.3,1393.8,67.5,78.7,0.0,-87.9,1,5410,-1.5,0.2,50.6,50.2,48.7,47.1,23.5,23.5,24.5,24.5
47.317,1394.1,67.5,78.7,0.0,-87.5,1,5562,-1.5,0.25,50.7,50.2,49.1,47.3,23.5,23.5,24.5,24.5
47.333,1394.4,67.5,78.7,0.0,-86.9,1,5623,-1.52,0.33,50.8,50.2,49.4,47.3,23.5,23.5,24.5,24.5
47.35,1394.7,67.6,78.5,0.0,-86.0,1,5644,-1.54,0.4,50.9,50.2,49.9,47.3,23.5,23.5,24.5,24.5
47.367,1395.0,67.8,78.3,0.0,-84.7,1,5582,-1.5,0.44,51.1,50.2,50.4,47.3,23.5,23.5,24.5,24.5
47.383,1395.4,67.9,77.9,0.0,-82.9,1,5413,-1.52,0.45,51.2,50.1,50.9,47.2,23.5,23.5,24.5,24.5
47.4,1395.7,68.0,77.5,0.0,-80.3,1,5200,-1.53,0.41,51.4,50.1,51.4,47.2,23.5,23.5,24.5,24.5
47.417,1396.0,68.1,76.7,0.0,-77.5,1,5066,-1.54,0.33,51.5,50.1,51.9,47.2,23.5,23.5,24.5,24.5
47.433,1396.3,68.2,75.9,0.0,-74.3,1,5090,-1.52,0.25,51.6,50.1,52.4,47.2,23.5,23.5,24.5,24.5
47.45,1396.6,68.1,75.2,0.0,-69.8,1,5177,-1.5,0.19,51.8,50.0,52.8,47.2,23.5,23.5,24.5,24.5
47.467,1396.9,68.1,74.6,0.0,-65.0,1,5331,-1.51,0.18,51.9,50.0,53.3,47.1,23.5,23.5,24.5,24.5
47.483,1397.2,68.1,73.7,0.0,-59.5,1,5452,-1.5,0.2,52.0,50.0,53.8,47.1,23.5,23.5,24.5,24.5
47.5,1397.6,68.1,73.0,0.0,-53.6,1,5456,-1.5,0.24,52.2,50.0,54.3,47.1,23.5,23.5,24.5,24.5
47.517,1397.9,68.1,71.8,0.0,-47.6,1,5353,-1.53,0.26,52.3,49.9,54.8,47.1,23.5,23.5,24.5,24.5
47.533,1398.2,68.1,69.3,0.0,-39.8,1,5235,-1.51,0.26,52.4,49.9,55.3,47.0,23.5,23.5,24.5,24.5
47.55,1398.5,68.0,66.9,0.0,-32.3,1,5184,-1.51,0.23,52.5,49.9,55.8,47.0,23.5,23.5,24.5,24.5
47.567,1398.8,68.0,64.6,0.0,-24.5,1,5154,-1.47,0.21,52.6,49.9,56.4,47.0,23.5,23.5,24.5,24.5
47.583,1399.1,68.0,62.0,0.0,-16.8,1,5187,-1.43,0.18,52.7,49.8,56.9,47.0,23.5,23.5,24.5,24.5
47.6,1399.5,67.9,60.3,0.0,-8.9,1,5216,-1.38,0.18,52.8,49.8,57.4,47.0,23.5,23.5,24.5,24.5
47.617,1399.8,67.9,58.9,0.0,0.0,1,5185,-1.34,0.17,52.8,49.8,57.9,46.9,23.5,23.5,24.5,24.5
47.633,1400.1,67.8,58.4,0.0,7.8,1,5102,-1.34,0.17,52.9,49.8,58.4,46.9,23.5,23.5,24.5,24.5
47.65,1400.4,67.7,57.9,0.0,16.1,1,5033,-1.33,0.14,52.9,49.7,58.9,46.9,23.5,23.5,24.5,24.5
47.667,1400.7,67.6,57.5,0.0,23.0,1,5030,-1.3,0.12,52.9,49.7,59.4,46.9,23.5,23.5,24.5,24.5
47.683,1401.0,67.5,56.7,0.0,30.0,1,5038,-1.28,0.11,53.0,49.7,59.9,46.9,23.5,23.5,24.5,24.5
47.7,1401.3,67.4,55.2,0.0,35.7,1,5085,-1.3,0.1,53.0,49.7,60.4,46.8,23.5,23.5,24.5,24.5
47.717,1401.6,67.3,53.0,0.0,41.8,1,5112,-1.26,0.12,53.0,49.6,60.9,46.8,23.5,23.5,24.5,24.5
47.733,1402.0,67.2,50.9,0.0,46.7,1,5071,-1.27,0.13,53.0,49.6,61.4,46.8,23.5,23.5,24.5,24.5
47.75,1402.3,67.2,48.1,0.0,51.1,1,4979,-1.27,0.13,53.0,49.6,61.8,46.8,23.5,23.5,24.5,24.5
47.767,1402.6,67.1,45.0,0.0,54.9,1,4896,-1.27,0.11,53.0,49.6,62.3,46.8,23.5,23.5,24.5,24.5
47.783,1402.9,66.9,40.3,0.0,57.8,1,4864,-1.26,0.08,53.0,49.5,62.8,46.7,23.5,23.5,24.5,24.5
47.8,1403.2,66.8,38.4,0.0,59.7,1,4842,-1.26,0.06,53.1,49.5,63.3,46.7,23.5,23.5,24.5,24.5
47.817,1403.5,66.7,36.1,0.0,61.6,1,4853,-1.27,0.05,53.1,49.5,63.8,46.7,23.5,23.5,24.5,24.5
47.833,1403.8,66.5,34.5,0.0,62.8,1,4856,-1.28,0.04,53.1,49.5,64.3,46.7,23.5,23.5,24.5,24.5
47.85,1404.1,66.4,33.9,0.0,63.8,1,4820,-1.29,0.04,53.1,49.5,64.8,46.7,23.5,23.5,24.5,24.5
47.867,1404.4,66.2,33.1,0.0,64.5,1,4754,-1.31,0.04,53.1,49.4,65.3,46.6,23.5,23.5,24.5,24.5
47.883,1404.7,66.0,32.0,0.0,64.9,1,4693,-1.31,0.03,53.2,49.4,65.8,46.6,23.5,23.5,24.5,24.5
47.9,1405.0,65.9,30.6,0.0,64.9,1,4655,-1.32,0.03,53.2,49.4,66.3,46.6,23.5,23.5,24.5,24.5
47.917,1405.3,65.7,29.5,0.0,64.5,1,4614,-1.33,0.03,53.3,49.4,66.8,46.6,23.5,23.5,24.5,24.5
47.933,1405.6,65.5,28.3,0.0,64.0,1,4592,-1.34,0.02,53.3,49.3,67.3,46.6,23.5,23.5,24.5,24.5
47.95,1405.9,65.3,26.9,0.0,63.5,1,4567,-1.35,0.02,53.4,49.3,67.8,46.6,23.5,23.5,24.5,24.5
47.967,1406.2,65.2,25.8,0.0,63.1,1,4512,-1.35,0.02,53.5,49.3,68.3,46.5,23.5,23.5,24.5,24.5
47.983,1406.5,65.0,24.1,0.0,62.9,1,4431,-1.34,0.02,53.6,49.3,68.8,46.5,23.5,23.5,24.5,24.5
48.0,1406.8,64.8,22.4,0.0,62.9,1,4373,-1.35,-0.02,53.7,49.2,69.3,46.5,23.5,23.5,24.5,24.5
48.017,1407.1,64.6,20.6,0.0,63.2,1,4366,-1.33,-0.06,53.8,49.2,69.8,46.5,23.5,23.5,24.5,24.5
48.033,1407.4,64.3,18.8,0.0,63.9,1,4369,-1.32,-0.09,53.9,49.2,70.4,46.5,23.5,23.5,24.5,24.5
48.05,1407.7,64.1,16.7,0.0,65.0,1,4382,-1.32,-0.1,54.0,49.2,70.9,46.5,23.5,23.5,24.5,24.5
48.067,1408.0,63.8,14.5,0.0,66.5,1,4383,-1.33,-0.09,54.1,49.2,71.4,46.4,23.5,23.5,24.5,24.5
48.083,1408.3,63.6,12.5,0.0,68.5,1,4358,-1.33,-0.07,54.2,49.1,72.0,46.4,23.5,23.5,24.5,24.5
48.1,1408.6,63.4,11.2,0.0,70.8,1,4318,-1.33,-0.07,54.3,49.1,72.5,46.4,23.5,23.5,24.5,24.5
48.117,1408.9,63.1,10.9,0.0,73.9,1,4280,-1.33,-0.06,54.4,49.1,73.0,46.4,23.5,23.5,24.5,24.5
48.133,1409.2,62.9,10.9,0.0,77.2,1,4257,-1.32,-0.07,54.5,49.1,73.6,46.4,23.5,23.5,24.5,24.5
48.15,1409.5,62.6,10.9,0.0,81.3,1,4236,-1.31,-0.07,54.6,49.0,74.1,46.4,23.5,23.5,24.5,24.5
48.167,1409.8,62.4,10.9,0.0,85.9,1,4226,-1.31,-0.07,54.7,49.0,74.7,46.3,23.5,23.5,24.5,24.5
48.183,1410.1,62.1,10.9,0.0,90.8,1,4213,-1.3,-0.06,54.8,49.0,75.2,46.3,23.5,23.5,24.5,24.5
48.2,1410.3,61.9,10.9,0.0,96.0,1,4189,-1.3,-0.05,54.9,49.0,75.8,46.3,23.5,23.5,24.5,24.5
48.217,1410.6,61.7,11.0,0.0,101.6,1,4153,-1.3,-0.05,54.9,49.0,76.3,46.3,23.5,23.5,24.5,24.5
48.233,1410.9,61.4,11.2,0.0,107.1,1,4120,-1.28,-0.05,55.0,48.9,76.9,46.3,23.5,23.5,24.5,24.5
48.25,1411.2,61.2,11.2,0.0,112.7,1,4099,-1.28,-0.05,55.0,48.9,77.5,46.3,23.5,23.5,24.5,24.5
48.267,1411.5,60.9,11.0,0.0,118.5,1,4080,-1.27,-0.04,55.1,48.9,78.0,46.3,23.5,23.5,24.5,24.5
48.283,1411.7,60.7,10.9,0.0,123.8,1,4068,-1.26,-0.04,55.2,48.9,78.6,46.2,23.5,23.5,24.5,24.5
48.3,1412.0,60.5,10.4,0.0,128.8,1,4053,-1.26,-0.03,55.2,48.9,79.2,46.2,23.5,23.5,24.5,24.5
48.317,1412.3,60.2,9.1,0.0,134.6,1,4025,-1.25,-0.02,55.2,48.8,79.8,46.2,23.5,23.5,24.5,24.5
48.333,1412.6,60.0,7.8,0.0,139.1,1,3987,-1.25,-0.02,55.3,48.8,80.4,46.2,23.5,23.5,24.5,24.5
48.35,1412.8,59.7,6.4,0.0,142.6,1,3951,-1.25,-0.02,55.3,48.8,81.0,46.2,23.5,23.5,24.5,24.5
48.367,1413.1,59.5,5.3,0.0,146.4,1,3923,-1.25,-0.02,55.4,48.8,81.6,46.2,23.5,23.5,24.5,24.5
48.383,1413.4,59.3,4.1,0.0,148.5,1,3895,-1.25,-0.02,55.4,48.8,82.2,46.2,23.5,23.5,24.5,24.5
48.4,1413.7,59.0,3.1,0.0,150.1,1,3893,-1.25,-0.01,55.5,48.7,82.8,46.1,23.5,23.5,24.5,24.5
48.417,1413.9,58.8,2.5,0.0,150.8,1,3883,-1.25,-0.01,55.6,48.7,83.5,46.1,23.5,23.5,24.5,24.5
48.433,1414.2,58.5,2.4,0.0,150.9,1,3866,-1.26,0.0,55.7,48.7,84.1,46.1,23.5,23.5,24.5,24.5
48.45,1414.5,58.3,2.4,0.0,150.3,1,3845,-1.26,0.01,55.8,48.7,84.7,46.1,23.5,23.5,24.5,24.5
48.467,1414.7,58.0,2.2,0.0,148.9,1,3823,-1.27,0.01,55.9,48.7,85.4,46.1,23.5,23.5,24.5,24.5
48.483,1415.0,57.7,2.2,0.0,146.9,1,3801,-1.26,0.02,56.0,48.7,86.0,46.1,23.5,23.5,24.5,24.5
48.5,1415.2,57.5,2.2,0.0,144.3,1,3779,-1.26,0.02,56.2,48.6,86.7,46.1,23.5,23.5,24.5,24.5
48.517,1415.5,57.2,2.2,0.0,141.7,1,3756,-1.25,0.02,56.4,48.6,87.3,46.1,23.5,23.5,24.5,24.5
48.533,1415.7,57.0,2.2,0.0,138.2,1,3732,-1.26,0.02,56.6,48.6,88.0,46.0,23.5,23.5,24.5,24.5
48.55,1416.0,56.7,2.1,0.0,134.1,1,3707,-1.25,0.02,56.8,48.6,88.7,46.0,23.5,23.5,24.5,24.5
48.567,1416.3,56.4,2.1,0.0,129.6,1,3680,-1.25,0.02,57.1,48.6,89.4,46.0,23.5,23.5,24.5,24.5
48.583,1416.5,56.1,2.2,0.0,125.5,1,3653,-1.24,0.02,57.3,48.5,90.1,46.0,23.5,23.5,24.5,24.5
48.6,1416.8,55.8,2.4,0.0,120.9,1,3627,-1.22,0.02,57.6,48.5,90.8,46.0,23.5,23.5,24.5,24.5
48.617,1417.0,55.5,2.5,0.0,116.1,1,3600,-1.23,0.02,58.0,48.5,91.5,46.0,23.5,23.5,24.5,24.5
48.633,1417.2,55.3,3.3,0.0,111.6,1,3575,-1.21,0.02,58.3,48.5,92.2,46.0,23.5,23.5,24.5,24.5
48.65,1417.5,55.0,5.1,0.0,106.7,1,3558,-1.2,0.02,58.7,48.5,92.9,46.0,23.5,23.5,24.5,24.5
48.667,1417.7,54.7,7.8,0.0,102.1,1,3515,-1.2,0.02,59.1,48.5,93.6,46.0,23.5,23.5,24.5,24.5
48.683,1418.0,54.4,11.4,0.0,97.5,1,3477,-1.18,0.02,59.5,48.4,94.3,46.0,23.5,23.5,24.5,24.5
48.7,1418.2,54.0,16.6,0.0,92.9,1,3438,-1.18,0.02,59.9,48.4,95.0,46.0,23.5,23.5,24.5,24.5
48.717,1418.4,53.7,22.1,0.0,88.0,1,3390,-1.17,0.01,60.3,48.4,95.7,46.0,23.5,23.5,24.5,24.5
48.733,1418.7,53.4,28.0,0.0,83.5,1,3345,-1.16,0.01,60.8,48.4,96.5,46.1,23.5,23.5,24.5,24.5
48.75,1418.9,53.1,33.4,0.0,79.6,1,3326,-1.14,0.01,61.3,48.4,97.2,46.2,23.5,23.5,24.5,24.5
48.767,1419.1,52.8,38.1,0.0,75.3,1,3308,-1.14,0.01,61.7,48.4,97.9,46.3,23.5,23.5,24.5,24.5
48.783,1419.3,52.4,42.3,0.0,71.6,1,3316,-1.13,0.02,62.2,48.3,98.7,46.4,23.5,23.5,24.5,24.5
48.8,1419.6,52.1,46.2,0.0,68.5,1,3322,-1.13,0.03,62.7,48.3,99.4,46.6,23.5,23.5,24.5,24.5
48.817,1419.8,51.8,48.9,0.0,64.9,1,3299,-1.12,0.03,63.3,48.3,100.1,46.8,23.5,23.5,24.5,24.5
48.833,1420.0,51.4,51.3,0.0,62.0,1,3241,-1.11,0.04,63.8,48.3,100.9,47.0,23.5,23.5,24.5,24.5
48.85,1420.2,51.1,52.8,0.0,59.6,1,3180,-1.11,0.04,64.3,48.3,101.6,47.3,23.5,23.5,24.5,24.5
48.867,1420.4,50.7,55.0,0.0,56.8,1,3156,-1.1,0.04,64.9,48.3,102.3,47.6,23.5,23.5,24.5,24.5
48.883,1420.6,50.4,56.4,0.0,54.9,1,3137,-1.1,0.04,65.4,48.3,103.1,47.9,23.5,23.5,24.5,24.5
48.9,1420.8,50.0,57.6,0.0,53.1,1,3154,-1.08,0.04,66.0,48.2,103.8,48.3,23.5,23.5,24.5,24.5
48.917,1421.0,49.7,58.5,0.0,51.6,1,3175,-1.08,0.04,66.6,48.2,104.5,48.7,23.5,23.5,24.5,24.5
48.933,1421.2,49.3,60.2,0.0,50.4,1,3170,-1.07,0.04,67.1,48.2,105.2,49.1,23.5,23.5,24.5,24.5
48.95,1421.4,49.0,61.7,0.0,49.1,1,3168,-1.07,0.04,67.7,48.2,105.9,49.5,23.5,23.5,24.5,24.5
48.967,1421.6,48.6,63.2,0.0,48.2,1,3178,-1.05,0.05,68.3,48.2,106.7,50.0,23.5,23.5,24.5,24.5
48.983,1421.8,48.2,64.8,0.0,47.2,1,3216,-1.06,0.08,68.9,48.2,107.4,50.6,23.5,23.5,24.5,24.5
49.0,1422.0,47.9,66.7,0.0,46.5,1,3261,-1.04,0.11,69.5,48.2,108.2,51.1,23.5,23.5,24.5,24.5
49.017,1422.2,47.5,67.9,0.0,45.9,1,3317,-1.03,0.13,70.0,48.1,108.9,51.8,23.5,23.5,24.5,24.5
49.033,1422.4,47.2,68.7,0.0,45.2,1,3312,-1.03,0.15,70.6,48.1,109.7,52.5,23.5,23.5,24.5,24.5
49.05,1422.6,46.8,69.2,0.0,44.5,1,3208,-1.02,0.16,71.2,48.1,110.4,53.4,23.5,23.5,24.5,24.5
49.067,1422.8,46.5,69.7,0.0,43.9,1,3062,-1.02,0.15,71.8,48.1,111.1,54.3,23.5,23.5,24.5,24.5
49.083,1423.0,46.1,70.4,0.0,43.0,1,2978,-1.02,0.14,72.4,48.1,111.8,55.3,23.5,23.5,24.5,24.5
49.1,1423.1,45.8,71.1,0.0,41.9,1,3027,-1.01,0.12,73.0,48.1,112.5,56.3,23.5,23.5,24.5,24.5
49.117,1423.3,45.4,71.8,0.0,40.8,1,3132,-1.01,0.12,73.6,48.1,113.2,57.2,23.5,23.5,24.5,24.5
49.133,1423.5,45.0,72.5,0.0,39.6,1,3230,-1.01,0.14,74.1,48.1,113.9,58.2,23.5,23.5,24.5,24.5
49.15,1423.7,44.7,73.2,0.0,38.2,1,3167,-1.0,0.17,74.7,48.0,114.6,59.2,23.5,23.5,24.5,24.5
49.167,1423.8,44.3,73.4,0.0,37.0,1,2979,-1.02,0.19,75.3,48.0,115.3,60.2,23.5,23.5,24.5,24.5
49.183,1424.0,43.9,73.7,0.0,35.8,1,2802,-1.01,0.19,75.9,48.0,116.0,61.2,23.5,23.5,24.5,24.5
49.2,1424.2,43.5,74.0,0.0,34.6,1,2691,-1.03,0.16,76.5,48.0,116.7,62.2,23.5,23.5,24.5,24.5
49.217,1424.3,43.1,74.9,0.0,33.5,1,2653,-1.03,0.14,77.1,48.0,117.3,63.2,23.5,23.5,24.5,24.5
49.233,1424.5,42.7,75.7,0.0,31.9,1,2646,-1.03,0.12,77.7,48.0,117.9,64.2,23.5,23.5,24.5,24.5
49.25,1424.6,42.2,76.4,0.0,30.8,1,2714,-1.03,0.12,78.2,48.0,118.6,65.1,23.5,23.5,24.5,24.5
49.267,1424.8,41.8,77.0,0.0,29.4,1,2710,-1.02,0.14,78.8,48.0,119.3,66.1,23.5,23.5,24.5,24.5
49.283,1424.9,41.4,77.7,0.0,27.9,1,2547,-1.04,0.16,79.3,48.0,119.9,67.1,23.5,23.5,24.5,24.5
49.3,1425.1,40.9,77.9,0.0,26.7,1,2370,-1.04,0.17,79.9,47.9,120.6,68.1,23.5,23.5,24.5,24.5
49.317,1425.2,40.5,78.1,0.0,25.3,1,2248,-1.05,0.15,80.4,47.9,121.2,69.0,23.5,23.5,24.5,24.5
49.333,1425.4,40.0,78.1,0.0,23.9,1,2203,-1.04,0.13,81.0,47.9,121.8,69.9,23.5,23.5,24.5,24.5
49.35,1425.5,39.5,78.1,0.0,22.5,1,2164,-1.04,0.12,81.5,47.9,122.4,70.8,23.5,23.5,24.5,24.5
49.367,1425.7,39.0,78.1,0.0,21.5,1,2171,-1.04,0.11,82.0,47.9,123.0,71.7,23.5,23.5,24.5,24.5
49.383,1425.8,38.6,77.8,0.0,20.5,1,2157,-1.04,0.12,82.6,47.9,123.6,72.5,23.5,23.5,24.5,24.5
49.4,1425.9,38.1,77.7,0.0,19.6,1,2036,-1.03,0.13,83.1,47.9,124.2,73.4,23.5,23.5,24.5,24.5
49.417,1426.1,37.6,77.5,0.0,18.7,1,1902,-1.02,0.14,83.6,47.9,124.8,74.3,23.5,23.5,24.5,24.5
49.433,1426.2,37.1,76.9,0.0,18.1,1,1842,-1.02,0.13,84.0,47.9,125.4,75.1,23.5,23.5,24.5,24.5
49.45,1426.3,36.6,75.5,0.0,17.4,1,1839,-1.02,0.13,84.5,47.9,125.9,76.0,23.5,23.5,24.5,24.5
49.467,1426.4,36.1,73.0,0.0,17.0,1,1830,-1.02,0.12,85.0,47.9,126.5,76.8,23.5,23.5,24.5,24.5
49.483,1426.5,35.6,69.4,0.0,16.6,1,1826,-1.01,0.13,85.5,47.9,127.0,77.6,23.5,23.5,24.5,24.5
49.5,1426.7,35.1,63.0,0.0,16.3,1,1803,-1.01,0.14,85.9,47.8,127.6,78.4,23.5,23.5,24.5,24.5
49.517,1426.8,34.4,57.3,0.0,16.1,1,1757,-1.29,0.15,86.2,47.8,128.2,79.3,23.5,23.5,24.5,24.5
49.533,1426.9,33.8,51.4,0.0,16.0,1,1707,-1.3,0.16,86.5,47.8,128.7,80.1,23.5,23.5,24.5,24.5
49.55,1427.0,33.0,43.8,0.0,16.2,1,1676,-1.37,0.16,86.8,47.8,129.3,80.8,23.5,23.5,24.5,24.5
49.567,1427.1,32.3,38.4,0.0,16.9,1,1663,-1.37,0.16,87.0,47.8,129.8,81.4,23.5,23.5,24.5,24.5
49.583,1427.2,31.6,32.5,0.0,17.8,1,1641,-1.36,0.16,87.2,47.8,130.4,81.9,23.5,23.5,24.5,24.5
49.6,1427.3,30.9,26.2,0.0,18.9,1,1613,-1.31,0.17,87.4,47.8,130.9,82.3,23.5,23.5,24.5,24.5
49.617,1427.4,30.2,18.3,0.0,20.6,1,1563,-1.2,0.17,87.6,47.8,131.5,82.7,23.5,23.5,24.5,24.5
49.633,1427.5,29.6,12.8,0.0,22.0,1,1489,-1.08,0.18,87.7,47.8,132.0,83.1,23.5,23.5,24.5,24.5
49.65,1427.6,29.0,8.0,0.0,23.5,1,1404,-1.1,0.19,87.8,47.8,132.5,83.5,23.5,23.5,24.5,24.5
49.667,1427.6,28.5,4.3,0.0,24.6,1,1310,-0.78,0.17,87.8,47.8,133.0,83.9,23.5,23.5,24.5,24.5
49.683,1427.7,28.1,1.0,0.0,25.6,1,1209,-0.82,0.18,87.8,47.8,133.4,84.2,23.5,23.5,24.5,24.5
49.7,1427.8,27.7,-0.0,0.0,25.9,1,1114,-0.8,0.17,87.8,47.8,133.8,84.4,23.5,23.5,24.5,24.5
49.717,1427.9,27.3,0.0,0.6,25.9,1,1029,-0.81,0.16,87.7,47.9,134.2,84.6,23.5,23.5,24.5,24.5
49.733,1428.0,26.7,0.0,1.4,25.2,1,952,-1.14,0.2,87.6,48.1,134.5,84.8,23.5,23.5,24.5,24.5
49.75,1428.0,26.0,0.0,2.0,24.4,1,858,-1.4,0.21,87.4,48.3,134.7,84.9,23.5,23.5,24.5,24.5
49.767,1428.1,25.2,0.0,2.4,23.2,1,809,-1.49,0.16,87.3,48.5,134.7,84.8,23.5,23.5,24.5,24.5
49.783,1428.2,24.3,0.0,3.0,21.9,1,806,-1.45,0.07,87.2,48.6,134.7,84.7,23.5,23.5,24.5,24.5
49.8,1428.3,23.5,0.0,3.2,20.6,1,803,-1.45,0.04,87.1,48.7,134.5,84.7,23.5,23.5,24.5,24.5
49.817,1428.3,22.7,0.0,3.5,18.7,1,802,-1.5,0.04,87.0,48.8,134.4,84.5,23.5,23.5,24.5,24.5
49.833,1428.4,21.9,0.0,3.4,17.2,1,802,-1.41,0.06,86.9,48.8,134.2,84.4,23.5,23.5,24.5,24.5
49.85,1428.5,21.3,0.0,3.5,16.0,1,804,-1.08,0.06,86.7,48.9,134.0,84.3,23.5,23.5,24.5,24.5
49.867,1428.5,20.8,0.0,3.4,14.7,1,817,-0.88,0.1,86.6,48.9,133.8,84.2,23.5,23.5,24.5,24.5
49.883,1428.6,20.3,0.0,3.0,13.8,1,836,-0.79,0.1,86.5,48.9,133.6,84.1,23.5,23.5,24.5,24.5
49.9,1428.6,19.9,0.0,2.4,13.1,1,854,-0.61,0.11,86.4,48.9,133.4,84.0,23.5,23.5,24.5,24.5
49.917,1428.7,19.6,0.0,2.4,12.8,1,870,-0.81,0.14,86.3,48.9,133.2,83.9,23.5,23.5,24.5,24.5
49.933,1428.8,19.1,0.0,2.0,12.3,1,886,-0.85,0.11,86.2,48.9,133.2,83.8,23.5,23.5,24.5,24.5
49.95,1428.8,18.7,0.0,1.8,11.9,1,902,-0.88,0.11,86.1,48.9,133.1,83.7,23.5,23.5,24.5,24.5
49.967,1428.9,18.2,0.0,1.4,11.4,1,916,-0.87,0.09,85.9,48.9,133.1,83.7,23.5,23.5,24.5,24.5
49.983,1428.9,17.8,0.0,1.0,10.6,1,930,-0.89,0.06,85.8,48.9,133.0,83.6,23.5,23.5,24.5,24.5
50.0,1429.0,17.3,0.0,0.7,9.6,1,942,-0.88,0.05,85.7,48.9,133.0,83.5,23.5,23.5,24.5,24.5
50.017,1429.0,16.9,0.0,0.2,8.4,1,953,-0.85,0.03,85.5,48.9,132.9,83.4,23.5,23.5,24.5,24.5
50.033,1429.1,16.5,0.0,0.0,6.8,1,963,-0.88,0.02,85.4,48.9,132.8,83.3,23.5,23.5,24.5,24.5
50.05,1429.1,16.1,0.0,0.0,5.0,1,971,-0.87,0.01,85.2,48.9,132.7,83.2,23.5,23.5,24.5,24.5
50.067,1429.2,15.8,0.0,0.0,3.2,1,977,-0.89,0.01,85.1,48.9,132.5,83.1,23.5,23.5,24.5,24.5
50.083,1429.3,15.4,0.0,0.0,0.9,1,981,-0.86,0.0,84.9,48.9,132.3,83.0,23.5,23.5,24.5,24.5
50.1,1429.3,15.1,0.0,0.0,-1.4,1,985,-0.83,0.0,84.8,48.9,132.1,82.9,23.5,23.5,24.5,24.5
50.117,1429.4,14.7,0.0,0.0,-3.7,1,991,-0.78,-0.0,84.6,48.9,131.9,82.8,23.5,23.5,24.5,24.5
50.133,1429.4,14.5,0.0,0.0,-6.0,1,1001,-0.65,-0.0,84.5,48.9,131.7,82.7,23.5,23.5,24.5,24.5
50.15,1429.5,14.2,0.0,0.0,-8.0,1,1012,-0.66,0.01,84.4,48.9,131.4,82.6,23.5,23.5,24.5,24.5
50.167,1429.5,14.0,0.0,1.2,-9.7,1,1024,-0.64,0.01,84.2,48.9,131.1,82.5,23.5,23.5,24.5,24.5
50.183,1429.6,13.8,0.0,2.2,-11.6,1,1031,-0.64,0.02,84.1,48.9,130.9,82.4,23.5,23.5,24.5,24.5
50.2,1429.6,13.6,0.0,4.2,-13.4,1,1033,-0.57,0.03,84.0,48.9,130.6,82.3,23.5,23.5,24.5,24.5
50.217,1429.7,13.4,0.0,5.3,-14.6,1,1031,-0.45,0.06,83.8,48.9,130.3,82.2,23.5,23.5,24.5,24.5
50.233,1429.7,13.2,0.0,7.4,-16.1,1,1030,-0.48,0.1,83.7,48.9,130.1,82.1,23.5,23.5,24.5,24.5
50.25,1429.8,13.0,0.0,8.5,-17.4,1,1036,-0.49,0.15,83.6,48.9,129.8,82.0,23.5,23.5,24.5,24.5
50.267,1429.8,12.8,0.0,10.7,-18.4,1,1048,-0.49,0.18,83.5,48.9,129.5,81.8,23.5,23.5,24.5,24.5
50.283,1429.9,12.7,0.0,11.7,-20.0,1,1058,-0.35,0.18,83.3,48.9,129.3,81.7,23.5,23.5,24.5,24.5
50.3,1429.9,12.5,0.0,13.2,-21.4,1,1060,-0.33,0.22,83.2,48.9,129.0,81.6,23.5,23.5,24.5,24.5
50.317,1430.0,12.3,0.0,14.1,-23.3,1,1055,-0.29,0.24,83.1,48.8,128.7,81.5,23.5,23.5,24.5,24.5
50.333,1430.0,12.1,0.0,16.0,-25.1,1,1050,-0.28,0.26,83.0,48.8,128.5,81.4,23.5,23.5,24.5,24.5
50.35,1430.1,11.9,0.0,17.3,-27.0,1,1056,-0.3,0.29,82.9,48.8,128.2,81.2,23.5,23.5,24.5,24.5
50.367,1430.1,11.1,0.0,17.9,-29.4,1,1063,-3.5,1.48,82.8,48.8,127.9,81.1,23.5,23.5,24.5,24.5
50.383,1430.2,9.4,0.0,19.5,-31.4,1,1073,-4.16,1.45,82.7,48.8,127.7,81.0,23.5,23.5,24.5,24.5
50.4,1430.2,9.1,0.0,20.4,-33.4,1,1074,-0.7,0.26,82.6,48.8,127.4,80.9,23.5,23.5,24.5,24.5
50.417,1430.3,9.1,0.0,22.7,-35.5,1,1064,-0.32,0.03,82.5,48.8,127.2,80.8,23.5,23.5,24.5,24.5
50.433,1430.3,9.0,0.0,23.8,-37.5,1,1066,-0.47,0.05,82.4,48.8,127.0,80.6,23.5,23.5,24.5,24.5
50.45,1430.4,9.0,0.0,25.6,-39.1,1,1079,-0.02,0.06,82.3,48.8,126.7,80.5,23.5,23.5,24.5,24.5
50.467,1430.4,9.0,0.0,26.2,-40.7,1,1086,-0.07,0.06,82.2,48.8,126.5,80.4,23.5,23.5,24.5,24.5
50.483,1430.4,8.9,0.0,27.5,-42.1,1,1086,-0.25,0.14,82.1,48.8,126.3,80.3,23.5,23.5,24.5,24.5
50.5,1430.5,8.8,0.0,28.3,-43.3,1,1076,-0.05,0.38,82.0,48.8,126.0,80.2,23.5,23.5,24.5,24.5
50.517,1430.5,8.6,0.0,28.8,-44.4,1,1072,-0.06,0.23,81.9,48.8,125.7,80.1,23.5,23.5,24.5,24.5
50.533,1430.6,8.5,0.0,29.9,-45.3,1,1082,-0.17,0.15,81.8,48.8,125.5,80.0,23.5,23.5,24.5,24.5
50.55,1430.6,8.3,0.0,30.9,-46.2,1,1092,-0.19,0.31,81.7,48.7,125.2,79.9,23.5,23.5,24.5,24.5
50.567,1430.7,8.2,0.0,31.1,-47.1,1,1088,-0.18,0.12,81.6,48.7,124.9,79.7,23.5,23.5,24.5,24.5
50.583,1430.7,8.0,0.0,31.9,-47.9,1,1078,-0.12,0.45,81.5,48.7,124.7,79.6,23.5,23.5,24.5,24.5
50.6,1430.7,7.7,0.0,33.1,-48.7,1,1077,-0.12,0.35,81.4,48.7,124.4,79.5,23.5,23.5,24.5,24.5
50.617,1430.8,7.5,0.0,34.6,-49.4,1,1088,-0.12,0.4,81.3,48.7,124.1,79.4,23.5,23.5,24.5,24.5
50.633,1430.8,7.2,0.0,35.3,-50.0,1,1094,-0.08,0.47,81.2,48.7,123.9,79.3,23.5,23.5,24.5,24.5
50.65,1430.8,7.0,0.0,36.1,-50.7,1,1089,-0.14,0.39,81.1,48.7,123.6,79.2,23.5,23.5,24.5,24.5
50.667,1430.9,6.7,0.0,36.1,-51.3,1,1079,-0.15,0.41,81.0,48.7,123.3,79.1,23.5,23.5,24.5,24.5
50.683,1430.9,6.5,0.0,36.5,-52.1,1,1079,-0.18,0.34,80.9,48.7,123.1,79.0,23.5,23.5,24.5,24.5
50.7,1430.9,6.3,0.0,36.6,-52.8,1,1092,-0.19,0.35,80.8,48.7,122.8,78.9,23.5,23.5,24.5,24.5
50.717,1431.0,6.1,0.0,36.1,-53.6,1,1099,-0.19,0.33,80.7,48.7,122.6,78.8,23.5,23.5,24.5,24.5
50.733,1431.0,5.9,0.0,35.8,-54.6,1,1100,-0.19,0.33,80.6,48.7,122.3,78.8,23.5,23.5,24.5,24.5
50.75,1431.0,5.7,0.0,35.1,-55.5,1,1100,-0.15,0.34,80.5,48.7,122.0,78.7,23.5,23.5,24.5,24.5
50.767,1431.1,5.4,0.0,34.7,-56.5,1,1100,-0.21,0.31,80.4,48.7,121.8,78.6,23.5,23.5,24.5,24.5
50.783,1431.1,5.3,0.0,33.7,-57.5,1,1100,-0.21,0.26,80.3,48.7,121.5,78.5,23.5,23.5,24.5,24.5
50.8,1431.1,5.0,0.0,33.5,-58.5,1,1100,-0.19,0.28,80.2,48.7,121.3,78.4,23.5,23.5,24.5,24.5
50.817,1431.1,4.9,0.0,32.7,-59.6,1,1100,-0.16,0.27,80.1,48.6,121.0,78.3,23.5,23.5,24.5,24.5
50.833,1431.2,4.7,0.0,32.3,-60.9,1,1100,-0.12,0.25,80.0,48.6,120.8,78.2,23.5,23.5,24.5,24.5
50.85,1431.2,4.6,0.0,31.9,-62.3,1,1093,-0.11,0.24,79.9,48.6,120.5,78.1,23.5,23.5,24.5,24.5
50.867,1431.2,4.5,0.0,30.9,-63.5,1,1105,-0.16,0.08,79.8,48.6,120.3,78.0,23.5,23.5,24.5,24.5
50.883,1431.2,4.4,0.0,30.2,-64.8,1,1105,-0.16,0.07,79.7,48.6,120.0,77.8,23.5,23.5,24.5,24.5
50.9,1431.3,4.3,0.0,29.8,-66.1,1,1105,-0.1,0.16,79.6,48.6,119.8,77.7,23.5,23.5,24.5,24.5
50.917,1431.3,4.2,0.0,28.6,-67.1,1,1104,-0.1,0.15,79.5,48.6,119.6,77.6,23.5,23.5,24.5,24.5
50.933,1431.3,4.2,0.0,26.7,-67.9,1,1101,-5.69,1.4,79.4,48.6,119.3,77.5,23.5,23.5,24.5,24.5
50.95,1431.3,4.7,0.0,25.5,-68.5,1,1102,-0.98,1.51,79.3,48.6,119.1,77.4,23.5,23.5,24.5,24.5
50.967,1431.3,4.4,0.0,21.9,-68.8,1,1102,0.43,0.6,79.2,48.6,118.9,77.3,23.5,23.5,24.5,24.5
50.983,1431.3,3.8,0.0,19.5,-69.0,1,1101,0.92,0.3,79.1,48.6,118.7,77.2,23.5,23.5,24.5,24.5
51.0,1431.4,3.2,0.0,14.5,-68.9,1,1102,1.09,0.31,79.0,48.6,118.5,77.2,23.5,23.5,24.5,24.5
51.017,1431.4,2.5,0.0,12.5,-68.1,1,1104,1.02,0.25,78.9,48.6,118.3,77.1,23.5,23.5,24.5,24.5
51.033,1431.4,1.9,0.0,8.7,-66.9,1,1104,1.0,0.19,78.9,48.6,118.1,77.0,23.5,23.5,24.5,24.5
51.05,1431.4,1.3,0.0,6.9,-65.7,1,1104,0.89,0.07,78.8,48.5,117.9,76.9,23.5,23.5,24.5,24.5
51.067,1431.4,1.0,0.0,3.8,-64.7,1,1104,0.71,0.01,78.7,48.5,117.8,76.8,23.5,23.5,24.5,24.5
51.083,1431.4,0.9,0.0,2.4,-64.0,1,1104,0.71,-0.21,78.6,48.5,117.6,76.7,23.5,23.5,24.5,24.5
51.1,1431.4,1.1,0.0,0.3,-63.8,1,1103,0.71,-0.08,78.5,48.5,117.4,76.6,23.5,23.5,24.5,24.5
51.117,1431.4,1.3,0.0,0.0,-64.0,1,1103,0.44,0.03,78.4,48.5,117.2,76.5,23.5,23.5,24.5,24.5
51.133,1431.4,1.4,1.8,0.0,-64.6,1,1106,0.17,0.01,78.3,48.5,117.0,76.4,23.5,23.5,24.5,24.5
51.15,1431.4,1.5,3.9,0.0,-65.3,1,1120,-0.13,-0.0,78.2,48.4,116.8,76.3,23.5,23.5,24.5,24.5
51.167,1431.4,1.4,6.3,0.0,-66.0,1,1154,-0.44,-0.01,78.1,48.4,116.6,76.2,23.5,23.5,24.5,24.5
51.183,1431.4,1.2,8.0,0.0,-66.7,1,1205,-0.62,-0.02,77.9,48.4,116.4,76.2,23.5,23.5,24.5,24.5
51.2,1431.4,1.0,9.2,0.0,-67.0,1,1268,-0.66,-0.03,77.8,48.4,116.1,76.1,23.5,23.5,24.5,24.5
51.217,1431.4,0.9,10.2,0.0,-67.1,1,1337,-0.8,0.02,77.7,48.4,115.9,76.0,23.5,23.5,24.5,24.5
51.233,1431.4,0.9,11.2,0.0,-67.1,1,1412,-0.64,-0.01,77.6,48.4,115.7,75.9,23.5,23.5,24.5,24.5
51.25,1431.4,1.0,12.1,0.0,-67.0,1,1492,-0.3,-0.02,77.5,48.4,115.5,75.8,23.5,23.5,24.5,24.5
51.267,1431.4,1.0,12.9,0.0,-66.9,1,1576,-0.16,-0.01,77.4,48.4,115.3,75.7,23.5,23.5,24.5,24.5
51.283,1431.4,1.0,14.1,0.0,-67.1,1,1667,-0.03,-0.0,77.3,48.4,115.2,75.6,23.5,23.5,24.5,24.5
51.3,1431.4,0.9,15.7,0.0,-67.5,1,1769,0.14,-0.0,77.2,48.3,115.0,75.6,23.5,23.5,24.5,24.5
51.317,1431.4,0.8,17.0,0.0,-68.2,1,1876,0.18,0.0,77.1,48.3,114.8,75.5,23.5,23.5,24.5,24.5
51.333,1431.4,0.8,18.6,0.0,-69.1,1,1988,0.17,-0.0,77.0,48.3,114.6,75.4,23.5,23.5,24.5,24.5
51.35,1431.5,0.8,21.4,0.0,-70.0,1,2107,0.13,0.02,76.9,48.3,114.4,75.3,23.5,23.5,24.5,24.5
51.367,1431.5,0.8,24.5,0.0,-71.5,1,2238,0.06,-0.03,76.9,48.3,114.2,75.2,23.5,23.5,24.5,24.5
51.383,1431.5,0.8,28.1,0.0,-72.6,1,2380,-0.03,-0.01,76.8,48.3,114.0,75.1,23.5,23.5,24.5,24.5
51.4,1431.5,0.8,31.9,0.0,-74.0,1,2536,-0.11,-0.02,76.7,48.3,113.8,75.1,23.5,23.5,24.5,24.5
51.417,1431.5,0.8,36.6,0.0,-75.5,1,2714,-0.16,-0.02,76.6,48.3,113.6,75.0,23.5,23.5,24.5,24.5
51.433,1431.5,0.7,39.7,0.0,-77.0,1,2916,-0.19,-0.02,76.5,48.3,113.4,74.9,23.5,23.5,24.5,24.5
51.45,1431.5,0.7,42.4,0.0,-78.8,1,3138,-0.21,-0.02,76.4,48.3,113.2,74.8,23.5,23.5,24.5,24.5
51.467,1431.5,0.7,45.0,0.0,-81.0,1,3304,-0.2,0.1,76.3,48.3,113.0,74.7,23.5,23.5,24.5,24.5
51.483,1431.5,0.5,49.7,0.0,-83.4,1,3331,-0.2,0.33,76.2,48.2,112.8,74.7,23.5,23.5,24.5,24.5
51.5,1431.5,0.2,54.6,0.0,-85.7,1,3161,-0.18,0.56,76.1,48.2,112.6,74.6,23.5,23.5,24.5,24.5
51.517,1431.5,0.2,59.8,0.0,-88.4,1,2720,-0.1,0.66,76.0,48.2,112.4,74.5,23.5,23.5,24.5,24.5
51.533,1431.5,0.6,65.0,0.0,-91.8,1,1943,-0.09,0.76,75.9,48.2,112.1,74.3,23.5,23.5,24.5,24.5
51.55,1431.5,1.1,69.8,0.0,-95.0,1,1180,-0.07,0.79,75.9,48.2,111.9,74.2,23.5,23.5,24.5,24.5
51.567,1431.5,1.6,74.0,0.0,-98.4,1,1140,-0.04,0.72,75.7,48.2,111.8,74.1,23.5,23.5,24.5,24.5
51.583,1431.5,1.9,78.9,0.0,-101.6,1,1132,-0.08,0.3,75.6,48.2,111.7,74.0,23.5,23.5,24.5,24.5
51.6,1431.4,2.1,82.0,0.0,-106.6,1,1128,-0.21,0.4,75.5,48.2,111.5,73.9,23.5,23.5,24.5,24.5
51.617,1431.4,2.3,84.6,0.0,-111.1,1,1123,-0.21,0.38,75.4,48.2,111.3,73.8,23.5,23.5,24.5,24.5
51.633,1431.4,2.6,86.6,0.0,-115.5,1,1120,-0.14,0.37,75.3,48.2,111.1,73.7,23.5,23.5,24.5,24.5
51.65,1431.4,2.8,87.9,0.0,-121.7,1,1118,-0.13,0.33,75.3,48.1,111.0,73.6,23.5,23.5,24.5,24.5
51.667,1431.4,3.0,89.7,0.0,-126.8,1,1115,-0.19,0.33,75.2,48.1,110.8,73.6,23.5,23.5,24.5,24.5
51.683,1431.4,3.2,91.1,0.0,-132.3,1,1112,-0.22,0.31,75.1,48.1,110.6,73.5,23.5,23.5,24.5,24.5
51.7,1431.4,3.4,92.8,0.0,-137.3,1,1110,-0.22,0.31,75.0,48.1,110.4,73.4,23.5,23.5,24.5,24.5
51.717,1431.3,3.6,95.2,0.0,-141.8,1,1106,-0.2,0.33,74.9,48.1,110.2,73.3,23.5,23.5,24.5,24.5
51.733,1431.3,3.8,97.8,0.0,-146.9,1,1101,-0.2,0.32,74.8,48.1,110.0,73.2,23.5,23.5,24.5,24.5
51.75,1431.3,4.0,100.0,0.0,-151.3,1,1100,-0.18,0.33,74.7,48.1,109.8,73.1,23.5,23.5,24.5,24.5
51.767,1431.3,4.2,100.0,0.0,-155.9,1,1098,-0.19,0.29,74.6,48.0,109.6,73.1,23.5,23.5,24.5,24.5
51.783,1431.3,4.4,100.0,0.0,-160.1,1,1092,-0.17,0.3,74.5,48.0,109.4,73.0,23.5,23.5,24.5,24.5
51.8,1431.2,4.6,100.0,0.0,-163.7,1,1087,-0.15,0.3,74.4,48.0,109.2,72.9,23.5,23.5,24.5,24.5
51.817,1431.2,4.8,100.0,0.0,-167.7,1,1099,-0.15,0.31,74.3,48.0,109.0,72.8,23.5,23.5,24.5,24.5
51.833,1431.2,5.0,100.0,0.0,-171.4,1,1104,-0.15,0.3,74.2,48.0,108.8,72.7,23.5,23.5,24.5,24.5
51.85,1431.2,5.2,100.0,0.0,-175.0,1,1095,-0.15,0.3,74.1,48.0,108.5,72.6,23.5,23.5,24.5,24.5
51.867,1431.1,5.4,100.0,0.0,-178.1,1,1088,-0.14,0.3,74.0,48.0,108.3,72.5,23.5,23.5,24.5,24.5
51.883,1431.1,5.6,100.0,0.0,-181.0,1,1089,-0.15,0.31,73.9,48.0,108.1,72.4,23.5,23.5,24.5,24.5
51.9,1431.1,5.7,100.0,0.0,-184.0,1,1104,-0.17,0.31,73.8,48.0,107.9,72.4,23.5,23.5,24.5,24.5
51.917,1431.1,5.9,100.0,0.0,-186.4,1,1100,-0.18,0.31,73.7,47.9,107.7,72.3,23.5,23.5,24.5,24.5
51.933,1431.0,6.1,100.0,0.0,-188.4,1,1093,-0.17,0.31,73.6,47.9,107.5,72.2,23.5,23.5,24.5,24.5
51.95,1431.0,6.3,100.0,0.0,-190.4,1,1086,-0.16,0.31,73.6,47.9,107.3,72.1,23.5,23.5,24.5,24.5
51.967,1431.0,6.5,100.0,0.0,-192.2,1,1095,-0.16,0.33,73.5,47.9,107.0,72.0,23.5,23.5,24.5,24.5
51.983,1430.9,6.7,100.0,0.0,-193.5,1,1102,-0.17,0.32,73.4,47.9,106.8,71.9,23.5,23.5,24.5,24.5
52.0,1430.9,6.9,100.0,0.0,-194.4,1,1097,-0.15,0.28,73.3,47.9,106.6,71.8,23.5,23.5,24.5,24.5
52.017,1430.9,7.1,100.0,0.0,-195.5,1,1090,-0.17,0.34,73.2,47.9,106.4,71.7,23.5,23.5,24.5,24.5
52.033,1430.8,7.3,100.0,0.0,-196.1,1,1087,-0.18,0.31,73.1,47.9,106.2,71.6,23.5,23.5,24.5,24.5
52.05,1430.8,7.5,100.0,0.0,-196.9,1,1101,-0.18,0.32,73.0,47.9,106.0,71.6,23.5,23.5,24.5,24.5
52.067,1430.8,7.7,100.0,0.0,-197.4,1,1102,-0.19,0.32,72.9,47.9,105.7,71.5,23.5,23.5,24.5,24.5
52.083,1430.7,7.9,100.0,0.0,-198.0,1,1094,-0.18,0.32,72.8,47.8,105.5,71.4,23.5,23.5,24.5,24.5
52.1,1430.7,8.1,100.0,0.0,-198.7,1,1087,-0.18,0.31,72.7,47.8,105.3,71.3,23.5,23.5,24.5,24.5
52.117,1430.6,8.3,100.0,0.0,-199.3,1,1091,-0.19,0.32,72.6,47.8,105.1,71.2,23.5,23.5,24.5,24.5
52.133,1430.6,8.5,100.0,0.0,-200.0,1,1099,-0.15,0.29,72.6,47.8,104.9,71.1,23.5,23.5,24.5,24.5
52.15,1430.6,8.6,100.0,0.0,-200.9,1,1105,-0.16,0.26,72.5,47.8,104.7,71.0,23.5,23.5,24.5,24.5
52.167,1430.5,8.8,100.0,0.0,-201.7,1,1093,-0.1,0.14,72.4,47.8,104.5,70.9,23.5,23.5,24.5,24.5
52.183,1430.5,8.9,100.0,0.0,-202.5,1,1084,-0.04,0.13,72.3,47.8,104.2,70.8,23.5,23.5,24.5,24.5
52.2,1430.4,8.9,100.0,0.0,-203.3,1,1093,-0.07,0.08,72.2,47.8,104.0,70.8,23.5,23.5,24.5,24.5
52.217,1430.4,9.0,100.0,0.0,-203.9,1,1120,-0.21,0.11,72.1,47.8,103.8,70.7,23.5,23.5,24.5,24.5
52.233,1430.3,9.0,100.0,0.0,-204.5,1,1189,-0.5,-0.05,72.0,47.7,103.6,70.6,23.5,23.5,24.5,24.5
52.25,1430.3,9.0,100.0,0.0,-205.0,1,1273,-0.74,-0.17,71.9,47.7,103.4,70.5,23.5,23.5,24.5,24.5
52.267,1430.2,8.9,100.0,0.0,-205.5,1,1356,-0.44,-0.01,71.8,47.7,103.2,70.4,23.5,23.5,24.5,24.5
52.283,1430.2,9.0,100.0,0.0,-206.2,1,1420,-0.27,0.04,71.8,47.7,103.0,70.3,23.5,23.5,24.5,24.5
52.3,1430.2,9.0,100.0,0.0,-206.8,1,1546,-0.22,0.07,71.7,47.7,102.8,70.2,23.5,23.5,24.5,24.5
52.317,1430.1,7.9,100.0,0.0,-207.7,1,1614,-1.53,-3.2,71.6,47.7,102.6,70.1,23.5,23.5,24.5,24.5
52.333,1430.1,6.5,100.0,0.0,-208.8,1,1637,-0.77,-2.96,71.5,47.7,102.4,70.0,23.5,23.5,24.5,24.5
52.35,1430.1,6.3,100.0,0.0,-210.8,1,1589,0.13,0.24,71.4,47.7,102.2,69.9,23.5,23.5,24.5,24.5
52.367,1430.0,6.4,100.0,0.0,-214.2,1,1503,-0.1,0.19,71.4,47.7,102.0,69.8,23.5,23.5,24.5,24.5
52.383,1430.0,6.5,100.0,0.0,-217.3,1,1429,-0.32,0.17,71.3,47.7,101.8,69.7,23.5,23.5,24.5,24.5
52.4,1430.0,6.7,100.0,0.0,-220.7,1,1383,-0.21,0.17,71.2,47.7,101.6,69.6,23.5,23.5,24.5,24.5
52.417,1430.0,6.8,100.0,0.0,-223.5,1,1386,-0.28,0.15,71.1,47.7,101.4,69.5,23.5,23.5,24.5,24.5
52.433,1429.9,6.9,100.0,0.0,-225.7,1,1429,-0.26,0.13,71.0,47.7,101.2,69.4,23.5,23.5,24.5,24.5
52.45,1429.9,7.0,100.0,0.0,-227.2,1,1485,-0.16,0.15,71.0,47.7,101.0,69.3,23.5,23.5,24.5,24.5
52.467,1429.9,7.1,100.0,0.0,-228.5,1,1528,-0.09,0.13,70.9,47.7,100.9,69.3,23.5,23.5,24.5,24.5
52.483,1429.8,7.2,100.0,0.0,-229.4,1,1554,-0.04,0.18,70.8,47.7,100.7,69.2,23.5,23.5,24.5,24.5
52.5,1429.8,7.2,100.0,0.0,-230.6,1,1571,0.01,0.16,70.7,47.6,100.5,69.1,23.5,23.5,24.5,24.5
52.517,1429.8,7.3,100.0,0.0,-231.7,1,1571,0.05,0.19,70.7,47.6,100.3,69.0,23.5,23.5,24.5,24.5
52.533,1429.8,7.4,100.0,0.0,-232.8,1,1575,0.08,0.2,70.6,47.6,100.1,68.9,23.5,23.5,24.5,24.5
52.55,1429.7,7.4,100.0,0.0,-233.9,1,1574,0.1,0.2,70.5,47.6,99.9,68.8,23.5,23.5,24.5,24.5
52.567,1429.7,7.5,100.0,0.0,-235.2,1,1564,0.11,0.21,70.4,47.6,99.7,68.7,23.5,23.5,24.5,24.5
52.583,1429.7,7.6,100.0,0.0,-236.4,1,1550,0.11,0.21,70.3,47.6,99.5,68.6,23.5,23.5,24.5,24.5
52.6,1429.6,7.7,100.0,0.0,-237.9,1,1545,0.09,0.19,70.3,47.6,99.3,68.5,23.5,23.5,24.5,24.5
52.617,1429.6,7.8,100.0,0.0,-239.2,1,1553,0.06,0.21,70.2,47.6,99.1,68.5,23.5,23.5,24.5,24.5
52.633,1429.6,7.9,100.0,0.0,-240.4,1,1554,0.03,0.19,70.1,47.5,99.0,68.4,23.5,23.5,24.5,24.5
52.65,1429.5,7.9,100.0,0.0,-241.6,1,1560,-0.01,0.18,70.0,47.5,98.8,68.3,23.5,23.5,24.5,24.5
52.667,1429.5,8.0,100.0,0.0,-242.7,1,1563,-0.04,0.18,69.9,47.5,98.6,68.2,23.5,23.5,24.5,24.5
52.683,1429.4,8.1,100.0,0.0,-243.6,1,1557,-0.06,0.17,69.9,47.5,98.4,68.1,23.5,23.5,24.5,24.5
52.7,1429.4,8.2,100.0,0.0,-244.2,1,1550,-0.07,0.17,69.8,47.5,98.2,68.0,23.5,23.5,24.5,24.5
52.717,1429.4,8.3,100.0,0.0,-244.5,1,1552,-0.05,0.29,69.7,47.5,98.0,68.0,23.5,23.5,24.5,24.5
52.733,1429.3,8.6,100.0,0.0,-244.5,1,1530,0.11,0.38,69.6,47.5,97.9,67.9,23.5,23.5,24.5,24.5
52.75,1429.3,8.7,100.0,0.0,-244.2,1,1434,0.12,0.37,69.5,47.4,97.7,67.9,23.5,23.5,24.5,24.5
52.767,1429.2,9.0,100.0,0.0,-243.7,1,1303,0.03,0.42,69.5,47.4,97.5,67.9,23.5,23.5,24.5,24.5
52.783,1429.2,9.2,100.0,0.0,-242.9,1,1143,-0.04,0.43,69.4,47.4,97.3,67.8,23.5,23.5,24.5,24.5
52.8,1429.2,9.4,100.0,0.0,-242.1,1,1089,-0.03,0.4,69.3,47.4,97.2,67.8,23.5,23.5,24.5,24.5
52.817,1429.1,9.6,100.0,0.0,-241.0,1,1086,0.19,0.27,69.2,47.4,97.0,67.8,23.5,23.5,24.5,24.5
52.833,1429.1,9.7,100.0,0.0,-239.8,1,1104,0.09,0.31,69.1,47.4,96.8,67.7,23.5,23.5,24.5,24.5
52.85,1429.0,9.9,100.0,0.0,-238.7,1,1101,0.0,0.29,69.1,47.3,96.7,67.6,23.5,23.5,24.5,24.5
52.867,1429.0,10.1,100.0,0.0,-237.3,1,1093,0.03,0.26,69.0,47.3,96.5,67.6,23.5,23.5,24.5,24.5
52.883,1428.9,10.3,100.0,0.0,-236.0,1,1085,-0.04,0.28,68.9,47.3,96.3,67.5,23.5,23.5,24.5,24.5
52.9,1428.9,10.4,100.0,0.0,-234.7,1,1091,-0.07,0.3,68.8,47.3,96.2,67.4,23.5,23.5,24.5,24.5
52.917,1428.8,10.6,100.0,0.0,-233.7,1,1099,-0.09,0.27,68.7,47.3,96.0,67.3,23.5,23.5,24.5,24.5
52.933,1428.8,10.8,100.0,0.0,-232.8,1,1104,-0.12,0.26,68.7,47.3,95.8,67.2,23.5,23.5,24.5,24.5
52.95,1428.7,10.9,100.0,0.0,-232.0,1,1091,-0.14,0.29,68.6,47.2,95.7,67.2,23.5,23.5,24.5,24.5
52.967,1428.7,11.1,100.0,0.0,-231.4,1,1081,-0.16,0.26,68.5,47.2,95.5,67.1,23.5,23.5,24.5,24.5
52.983,1428.6,11.3,100.0,0.0,-231.1,1,1090,-0.2,0.29,68.4,47.2,95.3,67.0,23.5,23.5,24.5,24.5
53.0,1428.5,11.5,100.0,0.0,-230.9,1,1098,-0.23,0.29,68.3,47.2,95.2,66.9,23.5,23.5,24.5,24.5
53.017,1428.5,11.6,100.0,0.0,-230.7,1,1088,-0.25,0.27,68.3,47.2,95.0,66.8,23.5,23.5,24.5,24.5
53.033,1428.4,11.8,100.0,0.0,-230.6,1,1071,-0.26,0.26,68.2,47.2,94.8,66.7,23.5,23.5,24.5,24.5
53.05,1428.4,12.0,100.0,0.0,-230.6,1,1062,-0.26,0.26,68.1,47.1,94.7,66.6,23.5,23.5,24.5,24.5
53.067,1428.3,12.1,100.0,0.0,-230.5,1,1071,-0.28,0.26,68.0,47.1,94.5,66.5,23.5,23.5,24.5,24.5
53.083,1428.3,12.3,100.0,0.0,-230.4,1,1079,-0.29,0.26,67.9,47.1,94.3,66.5,23.5,23.5,24.6,24.5
53.1,1428.2,12.5,100.0,0.0,-230.3,1,1073,-0.28,0.26,67.9,47.1,94.2,66.4,23.5,23.5,24.6,24.5
53.117,1428.1,12.6,100.0,0.0,-230.1,1,1059,-0.27,0.25,67.8,47.1,94.0,66.3,23.5,23.5,24.6,24.5
53.133,1428.1,12.8,100.0,0.0,-229.9,1,1046,-0.25,0.26,67.7,47.1,93.8,66.2,23.5,23.5,24.6,24.5
53.15,1428.0,13.0,100.0,0.0,-229.7,1,1044,-0.25,0.26,67.6,47.1,93.7,66.1,23.5,23.5,24.6,24.5
53.167,1427.9,13.1,100.0,0.0,-229.5,1,1054,-0.25,0.26,67.5,47.0,93.5,66.0,23.5,23.5,24.6,24.5
53.183,1427.9,13.3,100.0,0.0,-229.3,1,1058,-0.25,0.26,67.5,47.0,93.4,65.9,23.5,23.5,24.6,24.5
53.2,1427.8,13.4,100.0,0.0,-229.1,1,1050,-0.24,0.26,67.4,47.0,93.2,65.8,23.5,23.5,24.6,24.5
53.217,1427.8,13.6,100.0,0.0,-229.0,1,1044,-0.23,0.26,67.3,47.0,93.0,65.8,23.5,23.5,24.6,24.5
53.233,1427.7,13.8,100.0,0.0,-228.9,1,1033,-0.22,0.26,67.2,47.0,92.9,65.7,23.5,23.5,24.6,24.5
53.25,1427.6,13.9,100.0,0.0,-228.8,1,1025,-0.23,0.26,67.1,47.0,92.7,65.6,23.5,23.5,24.6,24.5
53.267,1427.6,14.1,100.0,0.0,-228.9,1,1027,-0.24,0.26,67.1,46.9,92.5,65.5,23.5,23.5,24.6,24.5
53.283,1427.5,14.3,100.0,0.0,-229.0,1,1033,-0.24,0.26,67.0,46.9,92.4,65.4,23.5,23.5,24.6,24.5
53.3,1427.4,14.4,100.0,0.0,-229.1,1,1045,-0.25,0.25,66.9,46.9,92.2,65.3,23.5,23.5,24.6,24.5
53.317,1427.4,14.6,100.0,0.0,-229.2,1,1057,-0.25,0.24,66.8,46.9,92.1,65.2,23.5,23.5,24.6,24.5
53.333,1427.3,14.7,100.0,0.0,-229.3,1,1066,-0.25,0.23,66.8,46.9,91.9,65.1,23.5,23.5,24.6,24.5
53.35,1427.2,14.9,100.0,0.0,-229.4,1,1077,-0.26,0.22,66.7,46.9,91.7,65.0,23.5,23.5,24.6,24.5
53.367,1427.1,15.0,100.0,0.0,-229.4,1,1118,-0.27,0.22,66.6,46.9,91.6,64.9,23.5,23.5,24.6,24.5
53.383,1427.1,15.2,100.0,0.0,-229.4,1,1140,-0.28,0.23,66.5,46.8,91.4,64.9,23.5,23.5,24.6,24.5
53.4,1427.0,15.3,100.0,0.0,-229.3,1,1156,-0.28,0.24,66.4,46.8,91.3,64.8,23.5,23.5,24.6,24.5
53.417,1426.9,15.5,100.0,0.0,-229.1,1,1166,-0.26,0.25,66.4,46.8,91.1,64.7,23.5,23.5,24.6,24.5
53.433,1426.9,15.6,100.0,0.0,-229.0,1,1170,-0.26,0.25,66.3,46.8,90.9,64.6,23.5,23.5,24.6,24.5
53.45,1426.8,15.8,100.0,0.0,-228.8,1,1170,-0.27,0.25,66.2,46.8,90.8,64.5,23.5,23.5,24.6,24.5
53.467,1426.7,16.0,100.0,0.0,-228.7,1,1170,-0.32,0.24,66.1,46.8,90.6,64.4,23.5,23.5,24.6,24.5
53.483,1426.6,16.1,100.0,0.0,-228.5,1,1171,-0.35,0.24,66.1,46.7,90.5,64.3,23.5,23.5,24.6,24.5
53.5,1426.6,16.3,100.0,0.0,-228.2,1,1175,-0.33,0.23,66.0,46.7,90.3,64.2,23.5,23.5,24.6,24.5
53.517,1426.5,16.4,100.0,0.0,-227.7,1,1184,-0.32,0.24,65.9,46.7,90.2,64.1,23.5,23.5,24.6,24.5
53.533,1426.4,16.6,100.0,0.0,-227.0,1,1199,-0.3,0.23,65.8,46.7,90.0,64.0,23.5,23.5,24.6,24.5
53.55,1426.4,16.7,100.0,0.0,-226.3,1,1217,-0.28,0.24,65.7,46.7,89.8,63.9,23.5,23.5,24.6,24.5
53.567,1426.3,16.9,100.0,0.0,-225.7,1,1237,-0.28,0.24,65.6,46.7,89.7,63.9,23.5,23.5,24.6,24.5
53.583,1426.2,17.0,100.0,0.0,-225.4,1,1257,-0.27,0.24,65.5,46.7,89.5,63.8,23.5,23.5,24.6,24.5
53.6,1426.1,17.2,100.0,0.0,-225.4,1,1276,-0.27,0.25,65.5,46.6,89.4,63.7,23.5,23.5,24.6,24.5
53.617,1426.1,17.4,100.0,0.0,-225.5,1,1291,-0.23,0.25,65.4,46.6,89.2,63.6,23.5,23.5,24.6,24.5
53.633,1426.0,17.5,100.0,0.0,-225.8,1,1302,-0.25,0.25,65.3,46.6,89.1,63.5,23.5,23.5,24.6,24.5
53.65,1425.9,17.7,100.0,0.0,-226.2,1,1309,-0.28,0.26,65.2,46.6,88.9,63.4,23.5,23.5,24.6,24.5
53.667,1425.8,17.8,100.0,0.0,-226.7,1,1314,-0.3,0.25,65.1,46.6,88.7,63.3,23.5,23.5,24.6,24.5
53.683,1425.8,18.0,100.0,0.0,-227.0,1,1318,-0.33,0.25,65.0,46.6,88.6,63.3,23.5,23.5,24.6,24.5
53.7,1425.7,18.2,100.0,0.0,-227.3,1,1323,-0.34,0.24,64.9,46.6,88.4,63.2,23.5,23.5,24.6,24.5
53.717,1425.6,18.3,100.0,0.0,-227.3,1,1330,-0.32,0.24,64.8,46.5,88.3,63.1,23.5,23.5,24.6,24.5
53.733,1425.5,18.5,100.0,0.0,-227.2,1,1340,-0.32,0.24,64.8,46.5,88.1,63.0,23.5,23.5,24.6,24.5
53.75,1425.4,18.6,100.0,0.0,-226.9,1,1354,-0.32,0.24,64.7,46.5,88.0,62.9,23.5,23.5,24.6,24.5
53.767,1425.4,18.8,100.0,0.0,-226.6,1,1370,-0.32,0.24,64.6,46.5,87.8,62.9,23.5,23.5,24.6,24.5
53.783,1425.3,18.9,100.0,0.0,-226.4,1,1388,-0.32,0.24,64.5,46.5,87.7,62.8,23.5,23.5,24.6,24.5
53.8,1425.2,19.1,100.0,0.0,-226.1,1,1406,-0.33,0.23,64.4,46.5,87.5,62.7,23.5,23.5,24.6,24.5
53.817,1425.1,19.2,100.0,0.0,-225.8,1,1422,-0.33,0.24,64.3,46.4,87.4,62.6,23.5,23.5,24.6,24.5
53.833,1425.1,19.4,100.0,0.0,-225.5,1,1435,-0.33,0.24,64.2,46.4,87.2,62.5,23.5,23.5,24.6,24.5
53.85,1425.0,19.5,100.0,0.0,-225.3,1,1446,-0.34,0.24,64.2,46.4,87.0,62.5,23.5,23.5,24.6,24.5
53.867,1424.9,19.7,100.0,0.0,-225.1,1,1455,-0.33,0.24,64.1,46.4,86.9,62.4,23.5,23.5,24.6,24.5
53.883,1424.8,19.8,100.0,0.0,-224.9,1,1461,-0.34,0.24,64.0,46.4,86.7,62.3,23.5,23.5,24.6,24.5
53.9,1424.7,20.0,100.0,0.0,-224.7,1,1466,-0.35,0.24,63.9,46.4,86.6,62.2,23.5,23.5,24.6,24.5
53.917,1424.7,20.2,100.0,0.0,-224.6,1,1472,-0.35,0.24,63.8,46.3,86.4,62.1,23.5,23.5,24.6,24.5
53.933,1424.6,20.3,98.9,0.0,-224.4,1,1480,-0.36,0.23,63.8,46.3,86.2,62.1,23.5,23.5,24.6,24.5
53.95,1424.5,20.5,91.8,0.0,-224.2,1,1490,-0.35,0.23,63.7,46.3,86.1,62.0,23.5,23.5,24.6,24.5
53.967,1424.4,20.6,84.7,0.0,-224.0,1,1501,-0.34,0.23,63.6,46.3,85.9,61.9,23.5,23.5,24.6,24.5
53.983,1424.3,20.8,75.6,0.0,-223.8,1,1512,-0.34,0.23,63.5,46.3,85.7,61.8,23.5,23.5,24.6,24.5
54.0,1424.3,20.9,69.9,0.0,-223.7,1,1520,-0.34,0.23,63.4,46.3,85.5,61.7,23.5,23.5,24.6,24.5
54.017,1424.2,21.1,65.5,0.0,-223.5,1,1529,-0.34,0.23,63.4,46.3,85.4,61.7,23.5,23.5,24.6,24.5
54.033,1424.1,21.2,62.6,0.0,-223.5,1,1540,-0.33,0.23,63.3,46.2,85.2,61.6,23.5,23.5,24.6,24.5
54.05,1424.0,21.3,61.3,0.2,-223.4,1,1552,-0.33,0.21,63.2,46.2,85.0,61.5,23.5,23.5,24.6,24.5
54.067,1423.9,21.5,61.1,0.2,-223.3,1,1568,-0.33,0.21,63.1,46.2,84.9,61.5,23.5,23.5,24.6,24.5
54.083,1423.9,21.6,61.0,0.0,-223.3,1,1586,-0.35,0.2,63.0,46.2,84.7,61.4,23.5,23.5,24.6,24.5
54.1,1423.8,21.7,60.2,0.3,-223.3,1,1605,-0.37,0.21,63.0,46.2,84.5,61.3,23.5,23.5,24.6,24.5
54.117,1423.7,21.9,57.9,0.2,-223.2,1,1621,-0.38,0.19,62.9,46.2,84.3,61.2,23.5,23.5,24.6,24.5
54.133,1423.6,22.0,54.6,0.2,-223.0,1,1629,-0.4,0.2,62.8,46.1,84.2,61.2,23.5,23.5,24.6,24.5
54.15,1423.6,22.1,49.3,0.4,-222.8,1,1628,-0.41,0.2,62.7,46.1,84.0,61.1,23.5,23.5,24.6,24.5
54.167,1423.5,22.2,45.0,1.2,-222.6,1,1616,-0.41,0.19,62.7,46.1,83.8,61.0,23.5,23.5,24.6,24.5
54.183,1423.4,22.4,40.5,1.8,-222.3,1,1597,-0.41,0.16,62.6,46.1,83.7,61.0,23.5,23.5,24.6,24.5
54.2,1423.3,22.4,36.4,2.7,-221.9,1,1574,-0.41,0.13,62.5,46.1,83.5,60.9,23.5,23.5,24.6,24.5
54.217,1423.3,22.5,33.0,4.6,-221.6,1,1556,-0.41,0.08,62.4,46.1,83.3,60.8,23.5,23.5,24.6,24.5
54.233,1423.2,22.6,29.4,7.1,-221.1,1,1542,-0.4,0.0,62.4,46.0,83.2,60.7,23.5,23.5,24.6,24.5
54.25,1423.1,22.5,24.1,9.5,-220.7,1,1529,-0.39,-0.08,62.3,46.0,83.0,60.7,23.5,23.5,24.6,24.5
54.267,1423.0,22.5,19.6,10.9,-220.2,1,1513,-0.38,-0.16,62.2,46.0,82.8,60.6,23.5,23.5,24.6,24.5
54.283,1423.0,22.4,15.1,11.8,-219.8,1,1493,-0.37,-0.22,62.1,46.0,82.7,60.5,23.5,23.5,24.6,24.5
54.3,1422.9,22.2,10.9,14.1,-219.4,1,1469,-0.36,-0.26,62.1,46.0,82.5,60.4,23.5,23.5,24.6,24.5
54.317,1422.8,22.1,7.7,15.4,-219.0,1,1442,-0.35,-0.36,62.0,46.0,82.3,60.4,23.5,23.5,24.6,24.5
54.333,1422.8,21.8,5.2,17.2,-218.7,1,1421,-0.34,-0.42,61.9,46.0,82.2,60.3,23.5,23.5,24.6,24.5
54.35,1422.7,21.6,2.2,18.0,-218.4,1,1405,-0.33,-0.48,61.8,45.9,82.0,60.2,23.5,23.5,24.6,24.5
54.367,1422.6,21.3,0.2,19.5,-218.2,1,1390,-0.32,-0.52,61.8,45.9,81.8,60.1,23.5,23.5,24.6,24.5
54.383,1422.6,21.0,0.0,19.9,-218.1,1,1369,-0.31,-0.52,61.7,45.9,81.7,60.1,23.5,23.5,24.6,24.5
54.4,1422.5,20.7,0.0,20.5,-218.0,1,1350,-0.31,-0.55,61.6,45.9,81.5,60.0,23.5,23.5,24.6,24.5
54.417,1422.4,20.3,0.0,21.7,-218.0,1,1332,-0.31,-0.55,61.5,45.9,81.4,59.9,23.5,23.5,24.6,24.5
54.433,1422.4,20.0,0.0,22.9,-218.0,1,1315,-0.31,-0.6,61.5,45.9,81.2,59.8,23.5,23.5,24.6,24.5
54.45,1422.3,19.6,0.0,24.4,-218.0,1,1300,-0.3,-0.62,61.4,45.9,81.1,59.8,23.5,23.5,24.6,24.5
54.467,1422.3,19.3,0.0,25.0,-218.1,1,1285,-0.28,-0.66,61.3,45.8,80.9,59.7,23.5,23.5,24.6,24.5
54.483,1422.2,18.9,0.0,25.5,-218.1,1,1277,-0.27,-0.68,61.3,45.8,80.8,59.6,23.5,23.5,24.6,24.5
54.5,1422.2,18.5,0.0,26.7,-218.2,1,1279,-0.24,-0.71,61.2,45.8,80.6,59.6,23.5,23.5,24.6,24.5
54.517,1422.1,18.0,0.0,27.4,-218.2,1,1284,-0.22,-0.75,61.1,45.8,80.5,59.5,23.5,23.5,24.6,24.5
54.533,1422.1,17.6,0.0,28.3,-218.1,1,1286,-0.23,-0.75,61.0,45.8,80.3,59.4,23.5,23.5,24.6,24.5
54.55,1422.0,17.2,0.0,28.8,-218.1,1,1281,-0.22,-0.75,61.0,45.8,80.2,59.4,23.5,23.5,24.6,24.5
54.567,1422.0,16.7,0.0,29.1,-218.1,1,1267,-0.2,-0.76,60.9,45.8,80.0,59.3,23.5,23.5,24.6,24.5
54.583,1421.9,16.3,0.0,29.8,-218.0,1,1255,-0.17,-0.76,60.8,45.7,79.9,59.2,23.5,23.5,24.6,24.5
54.6,1421.9,15.8,0.0,29.9,-217.9,1,1243,-0.14,-0.78,60.8,45.7,79.8,59.2,23.5,23.5,24.6,24.5
54.617,1421.9,15.3,0.0,30.0,-217.7,1,1233,-0.13,-0.77,60.7,45.7,79.6,59.1,23.5,23.5,24.6,24.5
54.633,1421.8,14.9,0.0,30.2,-217.6,1,1222,-0.11,-0.77,60.6,45.7,79.5,59.0,23.5,23.5,24.6,24.5
54.65,1421.8,14.4,0.0,29.9,-217.5,1,1213,-0.1,-0.77,60.6,45.7,79.4,59.0,23.5,23.5,24.6,24.5
54.667,1421.8,14.0,0.0,29.7,-217.5,1,1194,-0.09,-0.75,60.5,45.7,79.2,58.9,23.5,23.5,24.6,24.5
54.683,1421.7,13.6,0.0,29.9,-217.7,1,1134,-0.1,-0.66,60.4,45.7,79.1,58.9,23.5,23.5,24.6,24.5
54.7,1421.7,13.1,0.0,29.9,-217.8,1,1109,-0.11,-0.72,60.4,45.7,79.0,58.8,23.5,23.5,24.6,24.5
54.717,1421.7,12.7,0.0,30.2,-218.0,1,1108,-0.1,-0.84,60.3,45.7,78.8,58.8,23.5,23.5,24.6,24.5
54.733,1421.6,12.2,0.0,30.6,-218.2,1,1108,-0.09,-0.73,60.3,45.7,78.7,58.7,23.5,23.5,24.6,24.5
54.75,1421.6,11.7,0.0,30.7,-218.4,1,1107,-0.09,-0.8,60.2,45.6,78.6,58.7,23.5,23.5,24.6,24.5
54.767,1421.6,11.2,0.0,30.9,-218.5,1,1107,-0.07,-0.8,60.1,45.6,78.5,58.6,23.5,23.5,24.6,24.5
54.783,1421.6,10.8,0.0,30.9,-218.6,1,1106,-0.06,-0.76,60.1,45.6,78.3,58.6,23.5,23.5,24.6,24.5
54.8,1421.5,10.3,0.0,31.0,-218.6,1,1106,-0.05,-0.81,60.0,45.6,78.2,58.5,23.5,23.5,24.6,24.5
54.817,1421.5,9.8,0.0,31.0,-218.6,1,1105,-0.04,-0.77,60.0,45.6,78.1,58.5,23.5,23.5,24.6,24.5
54.833,1421.5,9.3,0.0,31.3,-218.6,1,1105,-0.03,-0.81,59.9,45.6,78.0,58.4,23.5,23.5,24.6,24.5
54.85,1421.5,8.9,0.0,31.5,-218.6,1,1105,-0.03,-0.79,59.8,45.6,77.9,58.4,23.5,23.5,24.6,24.5
54.867,1421.5,8.4,0.0,31.5,-218.5,1,1104,-0.03,-0.79,59.8,45.6,77.8,58.3,23.5,23.5,24.6,24.5
54.883,1421.4,7.9,0.0,31.8,-218.5,1,1104,-0.03,-0.81,59.7,45.6,77.7,58.3,23.5,23.5,24.6,24.5
54.9,1421.4,7.4,0.0,31.7,-218.5,1,1104,-0.02,-0.8,59.7,45.6,77.5,58.2,23.5,23.5,24.6,24.5
54.917,1421.4,6.9,0.0,31.7,-218.5,1,1103,-0.02,-0.8,59.6,45.6,77.4,58.2,23.5,23.5,24.6,24.5
54.933,1421.4,6.4,0.0,31.9,-218.5,1,1103,-0.01,-0.8,59.6,45.6,77.3,58.1,23.5,23.5,24.6,24.5
54.95,1421.4,6.0,0.0,32.6,-218.5,1,1103,-0.01,-0.81,59.5,45.6,77.2,58.1,23.5,23.5,24.6,24.5
54.967,1421.4,5.5,0.0,32.9,-218.5,1,1103,0.01,-0.83,59.5,45.6,77.1,58.1,23.5,23.5,24.6,24.5
54.983,1421.4,5.0,0.0,33.8,-218.5,1,1103,0.01,-0.83,59.4,45.6,77.0,58.0,23.5,23.5,24.6,24.5
55.0,1421.3,4.4,0.0,34.2,-218.5,1,1102,0.02,-0.85,59.4,45.6,76.9,58.0,23.5,23.5,24.6,24.5
55.017,1421.3,3.9,0.0,34.9,-218.5,1,1102,0.03,-0.86,59.3,45.5,76.8,57.9,23.5,23.5,24.6,24.5
55.033,1421.3,3.4,0.0,35.7,-218.4,1,1102,0.03,-0.86,59.3,45.5,76.7,57.9,23.5,23.5,24.6,24.5
55.05,1421.3,2.8,0.0,36.2,-218.4,1,1102,0.03,-0.9,59.3,45.5,76.6,57.9,23.5,23.5,24.6,24.5
55.067,1421.3,2.3,0.0,36.2,-218.2,1,1102,0.04,-0.91,59.2,45.5,76.5,57.8,23.5,23.5,24.6,24.5
55.083,1421.3,1.7,0.0,36.5,-218.1,1,1102,0.04,-0.9,59.2,45.5,76.5,57.8,23.5,23.5,24.6,24.5
55.1,1421.3,1.2,0.0,36.6,-217.9,1,1102,0.04,-0.91,59.1,45.5,76.4,57.7,23.5,23.5,24.6,24.5
55.117,1421.3,0.6,0.0,36.4,-217.7,1,1102,0.04,-0.92,59.1,45.5,76.3,57.7,23.5,23.5,24.6,24.5
55.133,1421.3,0.1,0.0,35.8,-217.4,1,1101,0.04,-0.9,59.1,45.6,76.2,57.7,23.5,23.5,24.6,24.5
55.15,1421.3,0.4,0.0,35.8,-217.1,1,1101,0.02,-0.8,59.0,45.6,76.1,57.7,23.5,23.5,24.6,24.5
55.167,1421.3,0.9,0.0,35.8,-216.8,1,1101,-0.01,-0.54,59.0,45.6,76.1,57.6,23.5,23.5,24.6,24.5
55.183,1421.3,1.1,0.0,35.8,-216.4,1,1101,-0.04,-0.2,59.0,45.6,76.0,57.6,23.5,23.5,24.6,24.5
55.2,1421.3,1.1,0.0,35.8,-216.0,1,1101,-0.07,0.16,58.9,45.6,75.9,57.6,23.5,23.5,24.6,24.5
55.217,1421.3,0.9,0.0,35.8,-215.7,1,1101,-0.09,0.4,58.9,45.6,75.8,57.6,23.5,23.5,24.6,24.5
55.233,1421.3,0.7,0.0,35.8,-215.3,1,1101,-0.1,0.46,58.9,45.6,75.7,57.5,23.5,23.5,24.6,24.5
55.25,1421.3,0.4,0.0,35.8,-214.8,1,1101,-0.11,0.5,58.8,45.6,75.7,57.5,23.5,23.5,24.6,24.5
55.267,1421.3,0.1,0.0,35.8,-214.4,1,1101,-0.11,0.52,58.8,45.6,75.6,57.5,23.5,23.5,24.6,24.5
55.283,1421.3,0.2,0.0,35.8,-213.8,1,1101,-0.1,0.47,58.8,45.6,75.5,57.4,23.5,23.5,24.6,24.5
55.3,1421.3,0.4,0.0,35.8,-212.9,1,1101,-0.09,0.35,58.7,45.6,75.4,57.4,23.5,23.5,24.6,24.5
55.317,1421.3,0.5,0.0,35.8,-211.7,1,1101,-0.08,0.18,58.7,45.6,75.4,57.4,23.5,23.5,24.6,24.5
55.333,1421.3,0.5,0.0,35.8,-210.3,1,1101,-0.07,0.01,58.7,45.6,75.3,57.4,23.5,23.5,24.6,24.5
55.35,1421.3,0.5,0.0,35.8,-208.3,1,1100,-0.07,-0.15,58.6,45.6,75.2,57.3,23.5,23.5,24.6,24.5
55.367,1421.3,0.3,0.0,35.8,-206.1,1,1100,-0.06,-0.26,58.6,45.6,75.2,57.3,23.5,23.5,24.6,24.5
55.383,1421.3,0.1,0.0,35.8,-202.8,1,1100,-0.05,-0.3,58.6,45.6,75.1,57.3,23.5,23.5,24.6,24.5
55.4,1421.3,0.1,0.0,35.8,-199.3,1,1100,-0.04,-0.28,58.6,45.6,75.0,57.3,23.5,23.5,24.6,24.5
55.417,1421.3,0.2,0.0,35.8,-195.2,1,1100,-0.03,-0.21,58.5,45.6,74.9,57.2,23.5,23.5,24.6,24.5
55.433,1421.3,0.3,0.0,35.8,-191.1,1,1100,-0.03,-0.11,58.5,45.6,74.9,57.2,23.5,23.5,24.6,24.5
55.45,1421.3,0.4,0.0,35.8,-187.0,1,1100,-0.03,0.01,58.5,45.6,74.8,57.2,23.5,23.5,24.6,24.5
55.467,1421.3,0.3,0.0,35.8,-182.9,1,1100,-0.04,0.12,58.4,45.6,74.7,57.2,23.5,23.5,24.6,24.5
55.483,1421.3,0.3,0.0,35.8,-179.3,1,1100,-0.05,0.2,58.4,45.6,74.6,57.1,23.5,23.5,24.6,24.5
55.5,1421.3,0.2,0.0,35.8,-175.7,1,1100,-0.06,0.24,58.4,45.6,74.6,57.1,23.5,23.5,24.6,24.5
55.517,1421.3,0.1,0.0,35.8,-172.9,1,1100,-0.07,0.24,58.3,45.6,74.5,57.1,23.5,23.5,24.6,24.5
55.533,1421.3,0.1,0.0,35.8,-170.4,1,1100,-0.09,0.21,58.3,45.6,74.4,57.1,23.5,23.5,24.6,24.5
55.55,1421.3,0.2,0.0,35.8,-167.4,1,1100,-0.09,0.14,58.3,45.6,74.4,57.0,23.5,23.5,24.6,24.5
55.567,1421.3,0.2,0.0,35.8,-164.4,1,1100,-0.09,0.07,58.2,45.6,74.3,57.0,23.5,23.5,24.6,24.5
55.583,1421.3,0.2,0.0,35.8,-161.2,1,1100,-0.08,-0.0,58.2,45.6,74.2,57.0,23.5,23.5,24.6,24.5
55.6,1421.3,0.2,0.0,35.8,-157.4,1,1100,-0.08,-0.06,58.2,45.6,74.2,57.0,23.5,23.5,24.6,24.5
55.617,1421.3,0.1,0.0,35.8,-153.8,1,1100,-0.07,-0.1,58.2,45.7,74.1,56.9,23.5,23.5,24.6,24.5
55.633,1421.3,0.0,0.0,35.8,-150.4,1,1100,-0.06,-0.11,58.1,45.7,74.0,56.9,23.5,23.5,24.6,24.5
55.65,1421.3,0.1,0.0,35.8,-146.5,1,1100,-0.05,-0.09,58.1,45.7,73.9,56.9,23.5,23.5,24.6,24.5
55.667,1421.3,0.1,0.0,35.8,-142.4,1,1100,-0.05,-0.06,58.1,45.7,73.9,56.9,23.5,23.5,24.6,24.5
55.683,1421.3,0.2,0.0,35.8,-138.2,1,1100,-0.05,-0.01,58.0,45.7,73.8,56.8,23.5,23.5,24.6,24.5
55.7,1421.3,0.2,0.0,35.8,-134.6,1,1100,-0.05,0.04,58.0,45.7,73.7,56.8,23.5,23.5,24.6,24.5
55.717,1421.3,0.1,0.0,35.8,-131.2,1,1100,-0.05,0.09,58.0,45.7,73.7,56.8,23.5,23.5,24.6,24.5
55.733,1421.3,0.1,0.0,35.8,-127.6,1,1100,-0.06,0.11,57.9,45.7,73.6,56.8,23.5,23.5,24.6,24.5
55.75,1421.3,0.1,0.0,35.8,-123.8,1,1100,-0.06,0.13,57.9,45.7,73.5,56.7,23.5,23.5,24.6,24.5
55.767,1421.3,0.0,0.0,35.8,-120.1,1,1100,-0.07,0.12,57.9,45.7,73.5,56.7,23.5,23.5,24.6,24.5
55.783,1421.3,0.1,0.0,35.8,-115.9,1,1100,-0.07,0.1,57.9,45.7,73.4,56.7,23.5,23.5,24.6,24.5
55.8,1421.3,0.1,0.0,35.8,-111.7,1,1100,-0.07,0.07,57.8,45.7,73.3,56.7,23.5,23.5,24.6,24.5
55.817,1421.3,0.1,0.0,35.8,-107.2,1,1100,-0.07,0.03,57.8,45.7,73.3,56.6,23.5,23.5,24.6,24.5
55.833,1421.3,0.1,0.0,35.8,-102.7,1,1100,-0.07,0.01,57.8,45.7,73.2,56.6,23.5,23.5,24.6,24.5
55.85,1421.3,0.1,0.0,35.8,-98.4,1,1100,-0.07,-0.01,57.7,45.7,73.1,56.6,23.5,23.5,24.6,24.5
55.867,1421.3,0.0,0.0,35.8,-94.3,1,1100,-0.07,-0.03,57.7,45.7,73.1,56.6,23.5,23.5,24.6,24.5
55.883,1421.3,0.0,0.0,35.8,-89.5,1,1100,-0.06,-0.03,57.7,45.7,73.0,56.6,23.5,23.5,24.6,24.5
55.9,1421.3,0.0,0.0,35.8,-85.5,1,1100,-0.06,-0.01,57.6,45.7,72.9,56.5,23.5,23.5,24.6,24.5
55.917,1421.3,0.1,0.0,35.8,-81.7,1,1100,-0.06,0.01,57.6,45.7,72.9,56.5,23.5,23.5,24.6,24.5
55.933,1421.3,0.1,0.0,35.8,-76.8,1,1096,-0.06,0.02,57.6,45.7,72.8,56.5,23.5,23.5,24.6,24.5
55.95,1421.3,0.1,0.0,35.8,-72.7,1,1101,-0.05,0.04,57.6,45.7,72.7,56.5,23.5,23.5,24.6,24.5
55.967,1421.3,0.1,0.0,35.8,-68.3,1,1101,-0.05,0.05,57.5,45.7,72.7,56.4,23.5,23.5,24.6,24.5
55.983,1421.3,0.1,0.0,35.8,-64.0,1,1101,-0.05,0.06,57.5,45.7,72.6,56.4,23.5,23.5,24.6,24.5
56.0,1421.3,0.0,0.0,35.8,-59.7,1,1101,-0.05,0.07,57.5,45.7,72.5,56.4,23.5,23.5,24.6,24.5
56.017,1421.3,0.0,0.0,35.8,-56.3,1,1101,-0.06,0.07,57.4,45.7,72.5,56.4,23.5,23.5,24.6,24.5
56.033,1421.3,0.0,0.0,35.8,-52.3,1,1101,-0.07,0.06,57.4,45.7,72.4,56.3,23.5,23.5,24.6,24.5
56.05,1421.3,0.0,0.0,35.8,-47.9,1,1101,-0.07,0.05,57.4,45.7,72.4,56.3,23.5,23.5,24.6,24.5
56.067,1421.3,0.0,0.0,35.8,-44.1,1,1101,-0.07,0.04,57.4,45.7,72.3,56.3,23.5,23.5,24.6,24.5
56.083,1421.3,0.0,0.0,35.8,-40.0,1,1101,-0.07,0.03,57.3,45.7,72.2,56.3,23.5,23.5,24.6,24.5
56.1,1421.3,0.0,0.0,35.8,-35.5,1,1101,-0.08,0.02,57.3,45.7,72.2,56.3,23.5,23.5,24.6,24.5
56.117,1421.3,0.0,0.0,35.8,-31.5,1,1101,-0.07,0.02,57.3,45.7,72.1,56.2,23.5,23.5,24.6,24.5
56.133,1421.3,0.0,0.0,35.8,-27.6,1,1101,-0.07,0.02,57.3,45.7,72.0,56.2,23.5,23.5,24.6,24.5
56.15,1421.3,0.0,0.0,35.8,-23.1,1,1101,-0.06,0.02,57.2,45.8,72.0,56.2,23.5,23.5,24.6,24.5
56.167,1421.3,0.0,0.0,35.8,-18.6,1,1101,-0.06,0.02,57.2,45.8,71.9,56.2,23.5,23.5,24.6,24.5
56.183,1421.3,0.0,0.0,35.8,-14.1,1,1101,-0.05,0.02,57.2,45.8,71.8,56.1,23.5,23.5,24.6,24.5
56.2,1421.3,0.0,0.0,35.8,-9.8,1,1100,-0.06,0.03,57.1,45.8,71.8,56.1,23.5,23.5,24.6,24.5
56.217,1421.3,0.0,0.0,35.8,-5.3,1,1100,-0.06,0.03,57.1,45.8,71.7,56.1,23.5,23.5,24.6,24.5
56.233,1421.3,0.0,0.0,35.8,-1.0,1,1100,-0.07,0.04,57.1,45.8,71.7,56.1,23.5,23.5,24.6,24.5
56.25,1421.3,0.0,0.0,35.8,3.1,1,1100,-0.06,0.04,57.1,45.8,71.6,56.1,23.5,23.5,24.6,24.5
56.267,1421.3,0.0,0.0,35.8,7.2,1,1100,-0.06,0.04,57.0,45.8,71.5,56.0,23.5,23.5,24.6,24.5
56.283,1421.3,0.0,0.0,35.8,11.4,1,1100,-0.05,0.04,57.0,45.8,71.5,56.0,23.5,23.5,24.6,24.5
56.3,1421.3,0.0,0.0,35.8,15.0,1,1100,-0.05,0.04,57.0,45.8,71.4,56.0,23.5,23.5,24.6,24.5
