Time,Distance,Speed,Throttle,Brake,Steering,Gear,RPM,LatG,LongG,TyreTemp_FL,TyreTemp_FR,TyreTemp_RL,TyreTemp_RR,Press_FL,Press_FR,Press_RL,Press_RR
0,0,180.1,100,0,1,4,6482,0,0.04,81,83.8,79.5,82,26.55,26.85,26.35,26.65
0.04,2,180.1,100,0,-0.1,4,6484,0.01,0.04,81,83.8,79.5,82,26.55,26.85,26.35,26.65
0.08,4,180.2,100,0,0.1,4,6486,0.02,0.04,81,83.8,79.5,82,26.55,26.85,26.35,26.65
0.12,6,180.2,100,0,-0.3,4,6488,0,0.04,81,83.8,79.5,82,26.55,26.85,26.35,26.65
0.16,8,180.3,100,0,0.5,4,6490,0.01,0.04,80.9,83.7,79.4,81.9,26.55,26.85,26.35,26.65
0.2,10,180.3,100,0,0.2,4,6492,0.01,0.04,80.9,83.7,79.4,81.9,26.54,26.84,26.34,26.64
0.24,12,180.4,100,0,0,4,6495,-0.02,0.04,80.9,83.7,79.4,81.9,26.54,26.84,26.34,26.64
0.28,14,180.5,100,0,-0.2,4,6497,0.02,0.04,80.9,83.7,79.4,81.9,26.54,26.84,26.34,26.64
0.32,16,180.5,100,0,0,4,6499,0.01,0.04,80.9,83.7,79.4,81.9,26.54,26.84,26.34,26.64
0.36,18,180.6,100,0,0.4,4,6501,-0.01,0.04,80.9,83.7,79.4,81.9,26.54,26.84,26.34,26.64
0.4,20,180.6,100,0,-0.5,4,6503,-0.03,0.04,80.9,83.7,79.4,81.9,26.54,26.84,26.34,26.64
0.44,22,180.7,100,0,0.2,4,6505,0,0.04,80.9,83.7,79.4,81.9,26.54,26.84,26.34,26.64
0.48,24,180.7,100,0,-0.1,4,6507,0.03,0.04,80.8,83.6,79.3,81.8,26.54,26.84,26.34,26.64
0.52,26,180.8,100,0,0.6,4,6509,0.04,0.04,80.8,83.6,79.3,81.8,26.54,26.84,26.34,26.64
0.56,28,180.9,100,0,0.2,4,6511,-0.02,0.04,80.8,83.6,79.3,81.8,26.54,26.84,26.34,26.64
0.6,30,180.9,100,0,-0.8,4,6513,0.02,0.04,80.8,83.6,79.3,81.8,26.54,26.84,26.34,26.64
0.64,32,181,100,0,0.6,4,6515,0.04,0.04,80.8,83.6,79.3,81.8,26.53,26.83,26.33,26.63
0.68,34,181,100,0,0.4,4,6517,0.02,0.04,80.8,83.6,79.3,81.8,26.53,26.83,26.33,26.63
0.72,36,181.1,100,0,0.7,4,6519,0.01,0.04,80.8,83.6,79.3,81.8,26.53,26.83,26.33,26.63
0.76,38,181.2,100,0,0.2,4,6521,-0.01,0.04,80.8,83.6,79.3,81.8,26.53,26.83,26.33,26.63
0.8,40,181.2,100,0,-0.3,4,6524,-0.02,0.04,80.7,83.5,79.2,81.7,26.53,26.83,26.33,26.63
0.84,42,181.3,100,0,0.1,4,6526,-0.02,0.04,80.7,83.5,79.2,81.7,26.53,26.83,26.33,26.63
0.88,44,181.3,100,0,-0.4,4,6528,0.01,0.04,80.7,83.5,79.2,81.7,26.53,26.83,26.33,26.63
0.92,46,181.4,100,0,-0.4,4,6530,0.01,0.04,80.7,83.5,79.2,81.7,26.53,26.83,26.33,26.63
0.96,48,181.4,100,0,-0.6,4,6532,0,0.04,80.7,83.5,79.2,81.7,26.53,26.83,26.33,26.63
1,50,181.5,100,0,-0.4,4,6534,0.02,0.04,80.7,83.5,79.2,81.7,26.53,26.83,26.33,26.63
1.04,52,181.6,100,0,0.1,4,6536,-0.01,0.04,80.7,83.5,79.2,81.7,26.53,26.83,26.33,26.63
1.08,54,181.6,100,0,0.1,4,6538,0,0.04,80.7,83.5,79.2,81.7,26.52,26.82,26.32,26.62
1.12,56,181.7,100,0,0.3,4,6540,-0.03,0.04,80.7,83.5,79.2,81.7,26.52,26.82,26.32,26.62
1.16,58,181.7,100,0,-0.1,4,6542,0.03,0.04,80.6,83.4,79.1,81.6,26.52,26.82,26.32,26.62
1.2,60,181.8,100,0,0.1,4,6544,-0.02,0.04,80.6,83.4,79.1,81.6,26.52,26.82,26.32,26.62
1.24,62,181.8,100,0,-0.9,4,6546,-0.01,0.04,80.6,83.4,79.1,81.6,26.52,26.82,26.32,26.62
1.28,64,181.9,100,0,-0.2,4,6548,-0.01,0.04,80.6,83.4,79.1,81.6,26.52,26.82,26.32,26.62
1.32,66,182,100,0,0.2,4,6551,0,0.04,80.6,83.4,79.1,81.6,26.52,26.82,26.32,26.62
1.36,68,182,100,0,0.1,4,6553,-0.04,0.04,80.6,83.4,79.1,81.6,26.52,26.82,26.32,26.62
1.4,70,182.1,100,0,0.2,4,6555,0,0.04,80.6,83.4,79.1,81.6,26.52,26.82,26.32,26.62
1.44,72,182.1,100,0,0.5,4,6557,-0.02,0.04,80.6,83.4,79.1,81.6,26.52,26.82,26.32,26.62
1.48,74,182.2,100,0,-0.2,4,6559,-0.01,0.04,80.5,83.3,79,81.5,26.52,26.82,26.32,26.62
1.52,76,182.2,100,0,0.7,4,6561,0,0.04,80.5,83.3,79,81.5,26.51,26.81,26.31,26.61
1.56,78,182.3,100,0,0,4,6563,-0.01,0.04,80.5,83.3,79,81.5,26.51,26.81,26.31,26.61
1.6,81,182.4,100,0,-0.5,4,6565,0.01,0.04,80.5,83.3,79,81.5,26.51,26.81,26.31,26.61
1.64,83,182.4,100,0,-0.1,4,6567,0.01,0.04,80.5,83.3,79,81.5,26.51,26.81,26.31,26.61
1.68,85,182.5,100,0,0.9,4,6569,-0.02,0.04,80.5,83.3,79,81.5,26.51,26.81,26.31,26.61
1.72,87,182.5,100,0,-1.1,4,6571,0,0.04,80.5,83.3,79,81.5,26.51,26.81,26.31,26.61
1.76,89,182.6,100,0,0.4,4,6573,-0.01,0.04,80.5,83.3,79,81.5,26.51,26.81,26.31,26.61
1.8,91,182.6,100,0,0.6,4,6575,-0.01,0.04,80.4,83.2,78.9,81.4,26.51,26.81,26.31,26.61
1.84,93,182.7,100,0,-0.2,4,6577,-0.03,0.04,80.4,83.2,78.9,81.4,26.51,26.81,26.31,26.61
1.88,95,182.8,100,0,0,4,6580,0.01,0.04,80.4,83.2,78.9,81.4,26.51,26.81,26.31,26.61
1.92,97,182.8,100,0,0.4,4,6582,0.01,0.04,80.4,83.2,78.9,81.4,26.51,26.81,26.31,26.61
1.96,99,182.9,100,0,-0.2,4,6584,-0.01,0.04,80.4,83.2,78.9,81.4,26.5,26.8,26.3,26.6
2,101,182.9,100,0,-0.7,4,6586,-0.02,0.04,80.4,83.2,78.9,81.4,26.5,26.8,26.3,26.6
2.04,103,183,100,0,-0.6,4,6588,0.01,0.04,80.4,83.2,78.9,81.4,26.5,26.8,26.3,26.6
2.08,105,183.1,100,0,0.2,4,6590,0,0.04,80.4,83.2,78.9,81.4,26.5,26.8,26.3,26.6
2.12,107,183.1,100,0,0.2,4,6592,0.02,0.04,80.4,83.2,78.9,81.4,26.5,26.8,26.3,26.6
2.16,109,183.2,100,0,-0.6,4,6594,-0.04,0.04,80.3,83.1,78.8,81.3,26.5,26.8,26.3,26.6
2.2,111,183.2,100,0,-0.7,4,6596,0,0.04,80.3,83.1,78.8,81.3,26.5,26.8,26.3,26.6
2.24,113,183.3,100,0,-0.1,4,6598,0.01,0.04,80.3,83.1,78.8,81.3,26.5,26.8,26.3,26.6
2.28,115,183.3,100,0,1.2,4,6600,-0.01,0.04,80.3,83.1,78.8,81.3,26.5,26.8,26.3,26.6
2.32,117,183.4,100,0,0,4,6602,-0.01,0.04,80.3,83.1,78.8,81.3,26.5,26.8,26.3,26.6
2.36,119,183.5,100,0,0.2,4,6604,0.01,0.04,80.3,83.1,78.8,81.3,26.5,26.8,26.3,26.6
2.4,121,183.5,100,0,0.6,4,6606,0,0.04,80.3,83.1,78.8,81.3,26.5,26.8,26.3,26.6
2.44,123,183.6,100,0,-0.3,4,6609,0.04,0.04,80.3,83.1,78.8,81.3,26.49,26.79,26.29,26.59
2.48,125,183.6,100,0,-0.5,4,6611,0,0.04,80.2,83,78.7,81.2,26.49,26.79,26.29,26.59
2.52,127,183.7,100,0,-0.5,4,6613,-0.02,0.04,80.2,83,78.7,81.2,26.49,26.79,26.29,26.59
2.56,129,183.7,100,0,0.2,4,6615,-0.05,0.04,80.2,83,78.7,81.2,26.49,26.79,26.29,26.59
2.6,131,183.8,100,0,0,4,6617,-0.01,0.04,80.2,83,78.7,81.2,26.49,26.79,26.29,26.59
2.64,133,183.9,100,0,0.2,4,6619,-0.01,0.04,80.2,83,78.7,81.2,26.49,26.79,26.29,26.59
2.68,135,183.9,100,0,0.3,4,6621,0,0.04,80.2,83,78.7,81.2,26.49,26.79,26.29,26.59
2.72,138,184,100,0,-0.8,4,6623,0,0.04,80.2,83,78.7,81.2,26.49,26.79,26.29,26.59
2.76,140,184,100,0,-0.4,4,6625,-0.02,0.04,80.2,83,78.7,81.2,26.49,26.79,26.29,26.59
2.8,142,184.1,100,0,-0.9,4,6627,-0.01,0.04,80.1,82.9,78.6,81.1,26.49,26.79,26.29,26.59
2.84,144,184.1,100,0,0.5,4,6629,0.01,0.04,80.1,82.9,78.6,81.1,26.49,26.79,26.29,26.59
2.88,146,184.2,100,0,-0.3,4,6631,0.05,0.04,80.1,82.9,78.6,81.1,26.48,26.78,26.28,26.58
2.92,148,184.3,100,0,0,4,6633,0.02,0.04,80.1,82.9,78.6,81.1,26.48,26.78,26.28,26.58
2.96,150,184.3,100,0,0,4,6636,0.01,0.04,80.1,82.9,78.6,81.1,26.48,26.78,26.28,26.58
3,152,184.4,100,0,0.1,4,6638,0.03,0.04,80.1,82.9,78.6,81.1,26.48,26.78,26.28,26.58
3.04,154,184.4,100,0,0.2,4,6640,0.03,0.04,80.1,82.9,78.6,81.1,26.48,26.78,26.28,26.58
3.08,156,184.5,100,0,0,4,6642,0.02,0.04,80.1,82.9,78.6,81.1,26.48,26.78,26.28,26.58
3.12,158,184.6,100,0,-0.4,4,6644,0.03,0.04,80.1,82.9,78.6,81.1,26.48,26.78,26.28,26.58
3.16,160,184.6,100,0,0.3,4,6646,0.03,0.04,80,82.8,78.5,81,26.48,26.78,26.28,26.58
3.2,162,184.7,100,0,0.6,4,6648,0.03,0.04,80,82.8,78.5,81,26.48,26.78,26.28,26.58
3.24,164,184.7,100,0,-0.2,4,6650,0.03,0.04,80,82.8,78.5,81,26.48,26.78,26.28,26.58
3.28,166,184.8,100,0,0.2,4,6652,-0.01,0.04,80,82.8,78.5,81,26.48,26.78,26.28,26.58
3.32,168,184.8,100,0,0.2,4,6654,0.03,0.04,80,82.8,78.5,81,26.47,26.77,26.27,26.57
3.36,170,184.9,100,0,0.2,4,6656,-0.01,0.04,80,82.8,78.5,81,26.47,26.77,26.27,26.57
3.4,172,185,100,0,0.5,4,6658,0,0.04,80,82.8,78.5,81,26.47,26.77,26.27,26.57
3.44,174,185,100,0,0.2,4,6660,-0.01,0.04,80,82.8,78.5,81,26.47,26.77,26.27,26.57
3.48,176,185.1,100,0,0,4,6662,0.02,0.04,79.9,82.7,78.4,80.9,26.47,26.77,26.27,26.57
3.52,179,185.1,100,0,-0.3,4,6665,0.02,0.04,79.9,82.7,78.4,80.9,26.47,26.77,26.27,26.57
3.56,181,185.2,100,0,0.5,4,6667,-0.01,0.04,79.9,82.7,78.4,80.9,26.47,26.77,26.27,26.57
3.6,183,185.2,100,0,0.1,4,6669,-0.03,0.04,79.9,82.7,78.4,80.9,26.47,26.77,26.27,26.57
3.64,185,185.3,100,0,0.5,4,6671,0,0.04,79.9,82.7,78.4,80.9,26.47,26.77,26.27,26.57
3.68,187,185.4,100,0,0.3,4,6673,-0.02,0.04,79.9,82.7,78.4,80.9,26.47,26.77,26.27,26.57
3.72,189,185.4,100,0,0.3,4,6675,-0.03,0.04,79.9,82.7,78.4,80.9,26.47,26.77,26.27,26.57
3.76,191,185.5,100,0,0.1,4,6677,0.01,0.04,79.9,82.7,78.4,80.9,26.46,26.76,26.26,26.56
3.8,193,185.5,100,0,-0.2,4,6679,0.02,0.04,79.8,82.6,78.3,80.8,26.46,26.76,26.26,26.56
3.84,195,185.6,100,0,-0.3,4,6681,-0.01,0.04,79.8,82.6,78.3,80.8,26.46,26.76,26.26,26.56
3.88,197,185.6,100,0,-0.4,4,6683,0.01,0.04,79.8,82.6,78.3,80.8,26.46,26.76,26.26,26.56
3.92,199,185.7,100,0,0,4,6685,0,0.04,79.8,82.6,78.3,80.8,26.46,26.76,26.26,26.56
3.96,201,185.8,100,0,-1,4,6687,0,0.04,79.8,82.6,78.3,80.8,26.46,26.76,26.26,26.56
4,203,185.8,100,0,-0.2,4,6689,-0.03,0.04,79.8,82.6,78.3,80.8,26.46,26.76,26.26,26.56
4.04,205,185.9,100,0,-0.1,4,6692,-0.03,0.04,79.8,82.6,78.3,80.8,26.46,26.76,26.26,26.56
4.08,207,185.9,100,0,0.8,4,6694,0,0.04,79.8,82.6,78.3,80.8,26.46,26.76,26.26,26.56
4.12,209,186,100,0,-0.3,4,6696,-0.02,0.04,79.8,82.6,78.3,80.8,26.46,26.76,26.26,26.56
4.16,211,186,100,0,-0.3,4,6698,-0.03,0.04,79.7,82.5,78.2,80.7,26.46,26.76,26.26,26.56
4.2,214,186.1,100,0,0.1,4,6700,-0.01,0.04,79.7,82.5,78.2,80.7,26.45,26.75,26.25,26.55
4.24,216,186.2,100,0,0.2,4,6702,0,0.04,79.7,82.5,78.2,80.7,26.45,26.75,26.25,26.55
4.28,218,186.2,100,0,-0.2,4,6704,-0.02,0.04,79.7,82.5,78.2,80.7,26.45,26.75,26.25,26.55
4.32,220,186.3,100,0,1.2,4,6706,0.01,0.04,79.7,82.5,78.2,80.7,26.45,26.75,26.25,26.55
4.36,222,186.3,100,0,-0.2,4,6708,0.03,0.04,79.7,82.5,78.2,80.7,26.45,26.75,26.25,26.55
4.4,224,186.4,100,0,-0.4,4,6710,0,0.04,79.7,82.5,78.2,80.7,26.45,26.75,26.25,26.55
4.44,226,186.5,100,0,-0.2,4,6712,0.01,0.04,79.7,82.5,78.2,80.7,26.45,26.75,26.25,26.55
4.48,228,186.5,100,0,0,4,6714,0.01,0.04,79.6,82.4,78.1,80.6,26.45,26.75,26.25,26.55
4.52,230,186.6,100,0,-0.3,4,6716,0,0.04,79.6,82.4,78.1,80.6,26.45,26.75,26.25,26.55
4.56,232,186.6,100,0,-0.5,4,6718,-0.02,0.04,79.6,82.4,78.1,80.6,26.45,26.75,26.25,26.55
4.6,234,186.7,100,0,0.1,4,6721,0.02,0.04,79.6,82.4,78.1,80.6,26.45,26.75,26.25,26.55
4.64,236,186.7,100,0,-0.1,4,6723,-0.03,0.04,79.6,82.4,78.1,80.6,26.44,26.74,26.24,26.54
4.68,238,186.8,100,0,-0.3,4,6725,0.01,0.04,79.6,82.4,78.1,80.6,26.44,26.74,26.24,26.54
4.72,240,186.9,100,0,0.1,4,6727,0.03,0.04,79.6,82.4,78.1,80.6,26.44,26.74,26.24,26.54
4.76,243,186.9,100,0,0.3,4,6729,0,0.04,79.6,82.4,78.1,80.6,26.44,26.74,26.24,26.54
4.8,245,187,100,0,-0.2,4,6731,-0.01,0.04,79.5,82.3,78,80.5,26.44,26.74,26.24,26.54
4.84,247,187,100,0,1.2,4,6733,0,0.04,79.5,82.3,78,80.5,26.44,26.74,26.24,26.54
4.88,249,187.1,100,0,0.6,4,6735,-0.01,0.04,79.5,82.3,78,80.5,26.44,26.74,26.24,26.54
4.92,251,187.1,100,0,0.1,4,6737,-0.01,0.04,79.5,82.3,78,80.5,26.44,26.74,26.24,26.54
4.96,253,187.2,100,0,-0.6,4,6739,0.05,0.04,79.5,82.3,78,80.5,26.44,26.74,26.24,26.54
5,255,187.3,100,0,0.9,4,6741,-0.01,0.04,79.5,82.3,78,80.5,26.44,26.74,26.24,26.54
5.04,257,187.3,100,0,-0.1,4,6743,-0.01,0.04,79.5,82.3,78,80.5,26.44,26.74,26.24,26.54
5.08,259,187.4,100,0,0.3,4,6745,0.02,0.04,79.5,82.3,78,80.5,26.43,26.73,26.23,26.53
5.12,261,187.4,100,0,0.3,4,6747,0.04,0.04,79.5,82.3,78,80.5,26.43,26.73,26.23,26.53
5.16,263,187.5,100,0,0,4,6750,0.05,0.04,79.4,82.2,77.9,80.4,26.43,26.73,26.23,26.53
5.2,265,187.5,100,0,0.4,4,6752,0,0.04,79.4,82.2,77.9,80.4,26.43,26.73,26.23,26.53
5.24,268,187.6,100,0,0.5,4,6754,-0.01,0.04,79.4,82.2,77.9,80.4,26.43,26.73,26.23,26.53
5.28,270,187.7,100,0,0.4,4,6756,0.02,0.04,79.4,82.2,77.9,80.4,26.43,26.73,26.23,26.53
5.32,272,187.7,100,0,0.1,4,6758,0.02,0.04,79.4,82.2,77.9,80.4,26.43,26.73,26.23,26.53
5.36,274,187.8,100,0,-0.1,4,6760,0,0.04,79.4,82.2,77.9,80.4,26.43,26.73,26.23,26.53
5.4,276,187.8,100,0,-0.1,4,6762,-0.05,0.04,79.4,82.2,77.9,80.4,26.43,26.73,26.23,26.53
5.44,278,187.9,100,0,-0.1,4,6764,0.01,0.04,79.4,82.2,77.9,80.4,26.43,26.73,26.23,26.53
5.48,280,187.9,100,0,-0.6,4,6766,0,0.04,79.3,82.1,77.8,80.3,26.43,26.73,26.23,26.53
5.52,282,188,100,0,-0.2,4,6768,0,0.04,79.3,82.1,77.8,80.3,26.42,26.72,26.22,26.52
5.56,284,188.1,100,0,-0.5,4,6770,-0.03,0.04,79.3,82.1,77.8,80.3,26.42,26.72,26.22,26.52
5.6,286,188.1,100,0,0.2,4,6772,0.01,0.04,79.3,82.1,77.8,80.3,26.42,26.72,26.22,26.52
5.64,288,188.2,100,0,0.3,4,6774,0.03,0.04,79.3,82.1,77.8,80.3,26.42,26.72,26.22,26.52
5.68,290,188.2,100,0,-0.2,4,6777,0,0.04,79.3,82.1,77.8,80.3,26.42,26.72,26.22,26.52
5.72,293,188.3,100,0,-0.1,4,6779,-0.01,0.04,79.3,82.1,77.8,80.3,26.42,26.72,26.22,26.52
5.76,295,188.4,100,0,-0.2,4,6781,-0.01,0.04,79.3,82.1,77.8,80.3,26.42,26.72,26.22,26.52
5.8,297,188.4,100,0,0.3,4,6783,-0.01,0.04,79.2,82,77.7,80.2,26.42,26.72,26.22,26.52
5.84,299,188.5,100,0,0.8,4,6785,-0.03,0.04,79.2,82,77.7,80.2,26.42,26.72,26.22,26.52
5.88,301,188.5,100,0,-0.2,4,6787,0.02,0.04,79.2,82,77.7,80.2,26.42,26.72,26.22,26.52
5.92,303,188.6,100,0,0.9,4,6789,0,0.04,79.2,82,77.7,80.2,26.42,26.72,26.22,26.52
5.96,305,188.6,100,0,0.6,4,6791,0,0.04,79.2,82,77.7,80.2,26.41,26.71,26.21,26.51
6,307,188.7,100,0,0.4,4,6793,0.02,0.04,79.2,82,77.7,80.2,26.41,26.71,26.21,26.51
6.04,309,188.8,100,0,0.9,4,6795,0,0.04,79.2,82,77.7,80.2,26.41,26.71,26.21,26.51
6.08,311,188.8,100,0,-0.1,4,6797,-0.01,0.04,79.2,82,77.7,80.2,26.41,26.71,26.21,26.51
6.12,314,188.9,100,0,0,4,6799,0.03,0.04,79.2,82,77.7,80.2,26.41,26.71,26.21,26.51
6.16,316,188.9,100,0,0.1,4,6801,0,0.04,79.1,81.9,77.6,80.1,26.41,26.71,26.21,26.51
6.2,318,189,100,0,0.4,4,6803,0.01,0.04,79.1,81.9,77.6,80.1,26.41,26.71,26.21,26.51
6.24,320,189,100,0,0.6,4,6806,0.02,0.04,79.1,81.9,77.6,80.1,26.41,26.71,26.21,26.51
6.28,322,189.1,100,0,-0.5,4,6808,0,0.04,79.1,81.9,77.6,80.1,26.41,26.71,26.21,26.51
6.32,324,189.2,100,0,-0.4,4,6810,-0.01,0.04,79.1,81.9,77.6,80.1,26.41,26.71,26.21,26.51
6.36,326,189.2,100,0,-0.3,4,6812,-0.03,0.04,79.1,81.9,77.6,80.1,26.41,26.71,26.21,26.51
6.4,328,189.3,100,0,0.5,4,6814,0.01,0.04,79.1,81.9,77.6,80.1,26.41,26.71,26.21,26.51
6.44,330,189.3,100,0,0,4,6816,0.03,0.04,79.1,81.9,77.6,80.1,26.4,26.7,26.2,26.5
6.48,332,189.4,100,0,-0.1,4,6818,0,0.04,79,81.8,77.5,80,26.4,26.7,26.2,26.5
6.52,335,189.4,100,0,-0.1,4,6820,0,0.04,79,81.8,77.5,80,26.4,26.7,26.2,26.5
6.56,337,189.5,100,0,0,4,6822,0,0.04,79,81.8,77.5,80,26.4,26.7,26.2,26.5
6.6,339,189.6,100,0,0.6,4,6824,0,0.04,79,81.8,77.5,80,26.4,26.7,26.2,26.5
6.64,341,189.4,0,4,-0.9,4,6820,0,-1.85,79.1,81.8,77.5,80,26.41,26.7,26.2,26.5
6.68,343,189.1,0,13,-0.7,4,6806,0,-1.85,79.2,81.9,77.5,80,26.42,26.71,26.2,26.5
6.72,345,188.4,0,22,0.1,4,6782,0,-1.85,79.4,81.9,77.5,80,26.43,26.71,26.2,26.5
6.76,347,187.5,0,31,0,4,6749,0,-1.85,79.5,82,77.5,80,26.44,26.71,26.2,26.5
6.8,349,186.2,0,41,0.8,4,6704,0,-1.85,79.6,82,77.5,80,26.45,26.72,26.2,26.5
6.84,351,184.7,0,50,-0.2,4,6650,0,-1.85,79.7,82,77.5,80,26.45,26.72,26.2,26.5
6.88,353,183,0,59,-0.4,4,6587,0,-1.85,79.8,82.1,77.5,80,26.46,26.72,26.2,26.5
6.92,355,181,0,67,0.9,4,6514,0,-1.85,80,82.1,77.5,80,26.47,26.72,26.2,26.5
6.96,357,178.7,0,76,0.5,4,6432,0,-1.85,80.1,82.2,77.5,80,26.48,26.73,26.2,26.5
7,359,176.1,0,85,0,4,6340,0,-1.85,80.2,82.2,77.5,80,26.49,26.73,26.2,26.5
7.04,361,173.4,0,92,0.4,3,7628,0,-1.85,80.3,82.2,77.5,80,26.5,26.73,26.2,26.5
7.08,363,170.6,0,92,0.2,3,7506,0,-1.85,80.4,82.3,77.5,80,26.51,26.74,26.2,26.5
7.12,365,167.8,0,92,-0.3,3,7385,0,-1.85,80.6,82.3,77.5,80,26.52,26.74,26.2,26.5
7.16,367,165.1,0,92,-0.1,3,7264,0,-1.85,80.7,82.4,77.5,80,26.53,26.74,26.2,26.5
7.2,369,162.3,0,92,0.8,3,7142,0,-1.85,80.8,82.4,77.5,80,26.54,26.75,26.2,26.5
7.24,371,159.6,0,92,0.2,3,7021,0,-1.85,80.9,82.4,77.5,80,26.54,26.75,26.2,26.5
7.28,372,156.8,0,92,-0.2,3,6899,0,-1.85,81,82.5,77.5,80,26.55,26.75,26.2,26.5
7.32,374,154,0,92,0.4,3,6778,0,-1.85,81.2,82.5,77.5,80,26.56,26.75,26.2,26.5
7.36,376,151.3,0,92,0,3,6656,0,-1.85,81.3,82.6,77.5,80,26.57,26.76,26.2,26.5
7.4,378,148.5,0,92,1.2,3,6535,0,-1.85,81.4,82.6,77.5,80,26.58,26.76,26.2,26.5
7.44,379,145.8,0,92,-0.8,3,6414,0,-1.85,81.5,82.6,77.5,80,26.59,26.76,26.2,26.5
7.48,381,143,0,92,-0.1,3,6292,0,-1.85,81.6,82.7,77.5,80,26.6,26.77,26.2,26.5
7.52,382,140.2,0,92,0.3,3,6171,0,-1.85,81.8,82.7,77.5,80,26.61,26.77,26.2,26.5
7.56,384,137.5,0,92,-0.3,3,6049,0,-1.85,81.9,82.8,77.5,80,26.62,26.77,26.2,26.5
7.6,386,134.7,0,92,0.1,2,7679,0,-1.85,82,82.8,77.5,80,26.63,26.78,26.2,26.5
7.64,387,132,0,92,0.1,2,7522,0,-1.85,82.1,82.8,77.5,80,26.63,26.78,26.2,26.5
7.68,388,129.2,0,92,-0.3,2,7364,0,-1.85,82.2,82.9,77.5,80,26.64,26.78,26.2,26.5
7.72,390,126.4,0,92,-0.7,2,7207,0,-1.85,82.4,82.9,77.5,80,26.65,26.78,26.2,26.5
7.76,391,123.7,0,92,0.3,2,7050,0,-1.85,82.5,83,77.5,80,26.66,26.79,26.2,26.5
7.8,393,120.9,0,92,-0.7,2,6893,0,-1.85,82.6,83,77.5,80,26.67,26.79,26.2,26.5
7.84,394,118.2,0,92,-0.6,2,6735,0,-1.85,82.7,83,77.5,80,26.68,26.79,26.2,26.5
7.88,395,115.4,0,92,-0.2,2,6578,0,-1.85,82.8,83.1,77.5,80,26.69,26.8,26.2,26.5
7.92,397,112.6,0,92,1.4,2,6421,0,-1.85,83,83.1,77.5,80,26.7,26.8,26.2,26.5
7.96,398,109.9,0,92,0.2,2,6263,0,-1.85,83.1,83.2,77.5,80,26.71,26.8,26.2,26.5
8,399,107.1,0,92,1.3,2,6106,0,-1.85,83.2,83.2,77.5,80,26.72,26.81,26.2,26.5
8.04,400,104.4,0,92,0.7,2,5949,0,-1.85,83.3,83.2,77.5,80,26.72,26.81,26.2,26.5
8.08,401,101.6,0,92,-0.2,2,5791,0,-1.85,83.4,83.3,77.5,80,26.73,26.81,26.2,26.5
8.12,403,98.8,0,92,0.1,2,5634,0,-1.85,83.6,83.3,77.5,80,26.74,26.81,26.2,26.5
8.16,404,96.1,0,91,0.3,2,5478,0.02,-1.39,83.7,83.4,77.5,80,26.75,26.82,26.2,26.5
8.2,405,96,0,89,2.5,2,5472,0.04,-1.37,83.8,83.4,77.5,80,26.76,26.82,26.2,26.5
8.24,406,96,0,87,3.5,2,5472,0.07,-1.35,83.9,83.4,77.5,80,26.77,26.82,26.2,26.5
8.28,407,96,0,86,5.1,2,5472,0.1,-1.33,84,83.5,77.5,80,26.78,26.83,26.2,26.5
8.32,408,96,0,84,7.7,2,5472,0.12,-1.31,84.2,83.5,77.5,80,26.79,26.83,26.2,26.5
8.36,409,96,0,82,7.6,2,5472,0.15,-1.29,84.3,83.6,77.5,80,26.8,26.83,26.2,26.5
8.4,410,96,0,80,9.6,2,5472,0.18,-1.27,84.4,83.6,77.5,80,26.81,26.84,26.2,26.5
8.44,411,96,0,79,10.5,2,5472,0.2,-1.25,84.5,83.6,77.5,80,26.81,26.84,26.2,26.5
8.48,412,96,0,77,12.1,2,5472,0.23,-1.23,84.6,83.7,77.5,80,26.82,26.84,26.2,26.5
8.52,413,96,0,75,13.7,2,5472,0.26,-1.21,84.8,83.7,77.5,80,26.83,26.84,26.2,26.5
8.56,414,96,0,74,14.4,2,5472,0.28,-1.19,84.9,83.8,77.5,80,26.84,26.85,26.2,26.5
8.6,415,96,0,72,16.1,2,5472,0.31,-1.17,85,83.8,77.5,80,26.85,26.85,26.2,26.5
8.64,417,96,0,70,17,2,5472,0.33,-1.15,85.1,83.8,77.5,80,26.86,26.85,26.2,26.5
8.68,418,96,0,69,18.8,2,5472,0.36,-1.14,85.2,83.9,77.5,80,26.87,26.86,26.2,26.5
8.72,419,96,0,67,20.3,2,5472,0.39,-1.12,85.4,83.9,77.5,80,26.88,26.86,26.2,26.5
8.76,420,96,0,65,20.6,2,5472,0.41,-1.1,85.5,84,77.5,80,26.89,26.86,26.2,26.5
8.8,421,96,0,64,22.7,2,5472,0.44,-1.08,85.6,84,77.5,80,26.9,26.87,26.2,26.5
8.84,422,96,0,62,24.3,2,5472,0.47,-1.06,85.7,84,77.5,80,26.9,26.87,26.2,26.5
8.88,423,96,0,61,25.1,2,5472,0.49,-1.04,85.8,84.1,77.5,80,26.91,26.87,26.2,26.5
8.92,424,96,0,59,27.4,2,5472,0.52,-1.02,86,84.1,77.5,80,26.92,26.87,26.2,26.5
8.96,425,96,0,57,28.1,2,5472,0.55,-1,86.1,84.2,77.5,80,26.93,26.88,26.2,26.5
9,426,96,0,56,28.3,2,5472,0.57,-0.98,86.2,84.2,77.5,80,26.94,26.88,26.2,26.5
9.04,427,96,0,54,31.1,2,5472,0.6,-0.96,86.3,84.2,77.5,80,26.95,26.88,26.2,26.5
9.08,428,96,0,53,31.1,2,5472,0.63,-0.94,86.4,84.3,77.5,80,26.96,26.89,26.2,26.5
9.12,429,96,0,51,32.6,2,5472,0.65,-0.92,86.6,84.3,77.5,80,26.97,26.89,26.2,26.5
9.16,430,96,0,50,34,2,5472,0.68,-0.9,86.7,84.4,77.5,80,26.98,26.89,26.2,26.5
9.2,431,96,0,48,35.4,2,5472,0.7,-0.88,86.8,84.4,77.5,80,26.99,26.9,26.2,26.5
9.24,433,96,0,47,36.9,2,5472,0.73,-0.86,86.9,84.4,77.5,80,26.99,26.9,26.2,26.5
9.28,434,96,0,45,37.9,2,5472,0.76,-0.84,87,84.5,77.5,80,27,26.9,26.2,26.5
9.32,435,96,0,44,39.6,2,5472,0.78,-0.82,87.2,84.5,77.5,80,27.01,26.9,26.2,26.5
9.36,436,96,0,42,40.1,2,5472,0.81,-0.81,87.3,84.6,77.5,80,27.02,26.91,26.2,26.5
9.4,437,96,0,41,41.3,2,5472,0.84,-0.79,87.4,84.6,77.5,80,27.03,26.91,26.2,26.5
9.44,438,96,0,40,42,2,5472,0.86,-0.77,87.5,84.6,77.5,80,27.04,26.91,26.2,26.5
9.48,439,96,0,38,43,2,5472,0.89,-0.75,87.6,84.7,77.5,80,27.05,26.92,26.2,26.5
9.52,440,96,0,37,45,2,5472,0.92,-0.73,87.8,84.7,77.5,80,27.06,26.92,26.2,26.5
9.56,441,96,0,35,46.2,2,5472,0.94,-0.71,87.9,84.8,77.5,80,27.07,26.92,26.2,26.5
9.6,442,96,0,34,46.2,2,5472,0.97,-0.69,88,84.8,77.5,80,27.08,26.93,26.2,26.5
9.64,443,96,0,33,48.5,2,5472,1,-0.67,88.1,84.8,77.5,80,27.08,26.93,26.2,26.5
9.68,444,96,0,31,48.7,2,5472,1.02,-0.65,88.2,84.9,77.5,80,27.09,26.93,26.2,26.5
9.72,445,96,0,30,49.5,2,5472,1.05,-0.63,88.4,84.9,77.5,80,27.1,26.93,26.2,26.5
9.76,446,96,0,29,50.4,2,5472,1.07,-0.61,88.5,85,77.5,80,27.11,26.94,26.2,26.5
9.8,447,96,0,28,52,2,5472,1.1,-0.59,88.6,85,77.5,80,27.12,26.94,26.2,26.5
9.84,449,96,0,26,52.5,2,5472,1.13,-0.57,88.7,85,77.5,80,27.13,26.94,26.2,26.5
9.88,450,96,0,25,53.2,2,5472,1.15,-0.55,88.8,85.1,77.5,80,27.14,26.95,26.2,26.5
9.92,451,96,0,24,53.6,2,5472,1.18,-0.53,89,85.1,77.5,80,27.15,26.95,26.2,26.5
9.96,452,96,0,23,54.7,2,5472,1.21,-0.51,89.1,85.2,77.5,80,27.16,26.95,26.2,26.5
10,453,96,0,21,55.3,2,5472,1.23,-0.5,89.2,85.2,77.5,80,27.17,26.96,26.2,26.5
10.04,454,96,0,20,56.6,2,5472,1.26,-0.48,89.3,85.2,77.5,80,27.17,26.96,26.2,26.5
10.08,455,96,0,19,56.9,2,5472,1.29,-0.46,89.4,85.3,77.5,80,27.18,26.96,26.2,26.5
10.12,456,96,0,18,56.9,2,5472,1.31,-0.44,89.6,85.3,77.5,80,27.19,26.96,26.2,26.5
10.16,457,96,0,17,59.2,2,5472,1.34,-0.42,89.7,85.4,77.5,80,27.2,26.97,26.2,26.5
10.2,458,96,0,16,58.7,2,5472,1.37,-0.4,89.8,85.4,77.5,80,27.21,26.97,26.2,26.5
10.24,459,96,0,15,58.9,2,5472,1.39,-0.38,89.9,85.4,77.5,80,27.22,26.97,26.2,26.5
10.28,460,96,0,14,60.3,2,5472,1.42,-0.36,90,85.5,77.5,80,27.23,26.98,26.2,26.5
10.32,461,96,0,13,60.5,2,5472,1.44,-0.34,90.2,85.5,77.5,80,27.24,26.98,26.2,26.5
10.36,462,96,0,12,61.5,2,5472,1.47,-0.32,90.3,85.6,77.5,80,27.25,26.98,26.2,26.5
10.4,463,96,0,11,60.8,2,5472,1.5,-0.3,90.4,85.6,77.5,80,27.26,26.99,26.2,26.5
10.44,465,96,0,10,63.1,2,5472,1.52,-0.28,90.5,85.6,77.5,80,27.26,26.99,26.2,26.5
10.48,466,96,0,9,61.7,2,5472,1.55,-0.26,90.6,85.7,77.5,80,27.27,26.99,26.2,26.5
10.52,467,96,0,8,63.2,2,5472,1.58,-0.24,90.8,85.7,77.5,80,27.28,26.99,26.2,26.5
10.56,468,96,0,7,63.4,2,5472,1.6,-0.22,90.9,85.8,77.5,80,27.29,27,26.2,26.5
10.6,469,96,0,6,62.9,2,5472,1.63,-0.2,91,85.8,77.5,80,27.3,27,26.2,26.5
10.64,470,96,0,5,64.2,2,5472,1.66,-0.18,91.1,85.8,77.5,80,27.31,27,26.2,26.5
10.68,471,96,0,5,63.4,2,5472,1.68,-0.17,91.2,85.9,77.5,80,27.32,27.01,26.2,26.5
10.72,472,96,0,4,64,2,5472,1.71,-0.15,91.4,85.9,77.5,80,27.33,27.01,26.2,26.5
10.76,473,96,0,3,63.9,2,5472,1.74,-0.13,91.5,86,77.5,80,27.34,27.01,26.2,26.5
10.8,474,96,0,3,64.3,2,5472,1.76,-0.11,91.6,86,77.5,80,27.35,27.02,26.2,26.5
10.84,475,96,0,2,65.1,2,5472,1.79,-0.09,91.7,86,77.5,80,27.35,27.02,26.2,26.5
10.88,476,96,0,1,64.5,2,5472,1.81,-0.07,91.8,86.1,77.5,80,27.36,27.02,26.2,26.5
10.92,477,96,0,1,64.8,2,5472,1.84,-0.05,92,86.1,77.5,80,27.37,27.02,26.2,26.5
10.96,478,96,0,0,64.3,2,5472,1.87,-0.03,92.1,86.2,77.5,80,27.38,27.03,26.2,26.5
11,479,96,0,0,64.2,2,5472,1.89,-0.01,92.2,86.2,77.5,80,27.39,27.03,26.2,26.5
11.04,481,96,1,0,64.6,2,5472,1.94,0,92.2,86.2,77.5,80,27.39,27.03,26.2,26.5
11.08,482,96,3,0,63.3,2,5472,1.93,0.01,92.2,86.2,77.6,80.1,27.39,27.03,26.21,26.51
11.12,483,96,4,0,63.5,2,5473,1.92,0.01,92.2,86.2,77.6,80.1,27.39,27.03,26.21,26.51
11.16,484,96,5,0,61.9,2,5473,1.9,0.02,92.2,86.2,77.6,80.1,27.39,27.03,26.21,26.51
11.2,485,96,6,0,63,2,5474,1.89,0.03,92.2,86.2,77.7,80.2,27.39,27.03,26.21,26.51
11.24,486,96,8,0,62.2,2,5474,1.87,0.03,92.2,86.2,77.7,80.2,27.39,27.03,26.22,26.52
11.28,487,96.1,9,0,60.9,2,5475,1.86,0.04,92.2,86.2,77.8,80.3,27.39,27.03,26.22,26.52
11.32,488,96.1,10,0,61.4,2,5476,1.85,0.04,92.2,86.2,77.8,80.3,27.39,27.03,26.22,26.52
11.36,489,96.1,11,0,59.5,2,5477,1.83,0.05,92.2,86.2,77.8,80.3,27.39,27.03,26.22,26.52
11.4,490,96.1,12,0,60,2,5478,1.82,0.05,92.2,86.2,77.9,80.4,27.39,27.03,26.23,26.53
11.44,491,96.1,13,0,59,2,5479,1.8,0.06,92.2,86.2,77.9,80.4,27.39,27.03,26.23,26.53
11.48,492,96.1,14,0,58.3,2,5480,1.79,0.07,92.2,86.2,77.9,80.4,27.39,27.03,26.23,26.53
11.52,493,96.2,15,0,57.5,2,5482,1.78,0.07,92.2,86.2,78,80.5,27.39,27.03,26.23,26.53
11.56,494,96.2,16,0,56.8,2,5483,1.76,0.08,92.2,86.2,78,80.5,27.39,27.03,26.24,26.54
11.6,495,96.2,18,0,55.8,2,5484,1.75,0.08,92.2,86.2,78,80.5,27.39,27.03,26.24,26.54
11.64,497,96.2,19,0,56.4,2,5486,1.74,0.09,92.2,86.2,78.1,80.6,27.39,27.03,26.24,26.54
11.68,498,96.3,20,0,55.8,2,5488,1.72,0.1,92.2,86.2,78.1,80.6,27.39,27.03,26.25,26.55
11.72,499,96.3,21,0,55.1,2,5490,1.71,0.1,92.2,86.2,78.1,80.6,27.39,27.03,26.25,26.55
11.76,500,96.3,22,0,55.3,2,5492,1.69,0.11,92.2,86.2,78.2,80.7,27.39,27.03,26.25,26.55
11.8,501,96.4,23,0,54.2,2,5494,1.68,0.11,92.2,86.2,78.2,80.7,27.39,27.03,26.25,26.55
11.84,502,96.4,24,0,53.2,2,5496,1.67,0.12,92.2,86.2,78.2,80.7,27.39,27.03,26.26,26.56
11.88,503,96.5,25,0,53.2,2,5498,1.65,0.12,92.2,86.2,78.3,80.8,27.39,27.03,26.26,26.56
11.92,504,96.5,25,0,51.5,2,5500,1.64,0.13,92.2,86.2,78.3,80.8,27.39,27.03,26.26,26.56
11.96,505,96.5,26,0,51.1,2,5502,1.62,0.14,92.2,86.2,78.3,80.8,27.39,27.03,26.26,26.56
12,506,96.6,27,0,50.2,2,5504,1.61,0.14,92.2,86.2,78.4,80.9,27.39,27.03,26.27,26.57
12.04,507,96.6,28,0,49.9,2,5507,1.6,0.15,92.2,86.2,78.4,80.9,27.39,27.03,26.27,26.57
12.08,508,96.7,29,0,49.4,2,5509,1.58,0.15,92.2,86.2,78.5,81,27.39,27.03,26.27,26.57
12.12,509,96.7,30,0,48.9,2,5512,1.57,0.16,92.2,86.2,78.5,81,27.39,27.03,26.27,26.57
12.16,510,96.7,31,0,47.7,2,5515,1.55,0.16,92.2,86.2,78.5,81,27.39,27.03,26.28,26.58
12.2,512,96.8,32,0,48.5,2,5517,1.54,0.17,92.2,86.2,78.6,81.1,27.39,27.03,26.28,26.58
12.24,513,96.8,33,0,47.1,2,5520,1.53,0.18,92.2,86.2,78.6,81.1,27.39,27.03,26.28,26.58
12.28,514,96.9,34,0,47.4,2,5523,1.51,0.18,92.2,86.2,78.6,81.1,27.39,27.03,26.28,26.58
12.32,515,96.9,35,0,46.1,2,5526,1.5,0.19,92.2,86.2,78.7,81.2,27.39,27.03,26.29,26.59
12.36,516,97,36,0,45.5,2,5529,1.48,0.19,92.2,86.2,78.7,81.2,27.39,27.03,26.29,26.59
12.4,517,97.1,37,0,45.5,2,5532,1.47,0.2,92.2,86.2,78.7,81.2,27.39,27.03,26.29,26.59
12.44,518,97.1,38,0,45.1,2,5535,1.46,0.21,92.2,86.2,78.8,81.3,27.39,27.03,26.3,26.6
12.48,519,97.2,39,0,43.7,2,5539,1.44,0.21,92.2,86.2,78.8,81.3,27.39,27.03,26.3,26.6
12.52,520,97.2,39,0,43.7,2,5542,1.43,0.22,92.2,86.2,78.8,81.3,27.39,27.03,26.3,26.6
12.56,521,97.3,40,0,42.3,2,5545,1.41,0.22,92.2,86.2,78.9,81.4,27.39,27.03,26.3,26.6
12.6,522,97.4,41,0,42,2,5549,1.4,0.23,92.2,86.2,78.9,81.4,27.39,27.03,26.31,26.61
12.64,523,97.4,42,0,41.5,2,5553,1.39,0.24,92.2,86.2,78.9,81.4,27.39,27.03,26.31,26.61
12.68,524,97.5,43,0,40.5,2,5556,1.37,0.24,92.2,86.2,79,81.5,27.39,27.03,26.31,26.61
12.72,526,97.5,44,0,40.2,2,5560,1.36,0.25,92.2,86.2,79,81.5,27.39,27.03,26.31,26.61
12.76,527,97.6,45,0,39.5,2,5564,1.34,0.25,92.2,86.2,79,81.5,27.39,27.03,26.32,26.62
12.8,528,97.7,46,0,38.8,2,5568,1.33,0.26,92.2,86.2,79.1,81.6,27.39,27.03,26.32,26.62
12.84,529,97.7,47,0,38.7,2,5572,1.32,0.26,92.2,86.2,79.1,81.6,27.39,27.03,26.32,26.62
12.88,530,97.8,47,0,37.7,2,5576,1.3,0.27,92.2,86.2,79.2,81.7,27.39,27.03,26.32,26.62
12.92,531,97.9,48,0,36.9,2,5580,1.29,0.28,92.2,86.2,79.2,81.7,27.39,27.03,26.33,26.63
12.96,532,98,49,0,37.1,2,5584,1.27,0.28,92.2,86.2,79.2,81.7,27.39,27.03,26.33,26.63
13,533,98,50,0,36.5,2,5588,1.26,0.29,92.2,86.2,79.3,81.8,27.39,27.03,26.33,26.63
13.04,534,98.1,51,0,35.4,2,5592,1.24,0.29,92.2,86.2,79.3,81.8,27.39,27.03,26.33,26.63
13.08,535,98.2,52,0,34.3,2,5597,1.23,0.3,92.2,86.2,79.3,81.8,27.39,27.03,26.34,26.64
13.12,536,98.3,53,0,34,2,5601,1.22,0.31,92.2,86.2,79.4,81.9,27.39,27.03,26.34,26.64
13.16,538,98.3,54,0,33.2,2,5606,1.2,0.31,92.2,86.2,79.4,81.9,27.39,27.03,26.34,26.64
13.2,539,98.4,54,0,33.4,2,5610,1.19,0.32,92.2,86.2,79.4,81.9,27.39,27.03,26.34,26.64
13.24,540,98.5,55,0,33.6,2,5615,1.17,0.32,92.2,86.2,79.5,82,27.39,27.03,26.35,26.65
13.28,541,98.6,56,0,32.4,2,5620,1.16,0.33,92.2,86.2,79.5,82,27.39,27.03,26.35,26.65
13.32,542,98.7,57,0,32.1,2,5624,1.15,0.34,92.2,86.2,79.5,82,27.39,27.03,26.35,26.65
13.36,543,98.8,58,0,31.5,2,5629,1.13,0.34,92.2,86.2,79.6,82.1,27.39,27.03,26.36,26.66
13.4,544,98.8,59,0,30.7,2,5634,1.12,0.35,92.2,86.2,79.6,82.1,27.39,27.03,26.36,26.66
13.44,545,98.9,60,0,29.9,2,5639,1.1,0.35,92.2,86.2,79.6,82.1,27.39,27.03,26.36,26.66
13.48,546,99,60,0,29.1,2,5644,1.09,0.36,92.2,86.2,79.7,82.2,27.39,27.03,26.36,26.66
13.52,547,99.1,61,0,28.1,2,5649,1.07,0.37,92.2,86.2,79.7,82.2,27.39,27.03,26.37,26.67
13.56,548,99.2,62,0,27.6,2,5654,1.06,0.37,92.2,86.2,79.7,82.2,27.39,27.03,26.37,26.67
13.6,550,99.3,63,0,27.6,2,5660,1.05,0.38,92.2,86.2,79.8,82.3,27.39,27.03,26.37,26.67
13.64,551,99.4,64,0,26.3,2,5665,1.03,0.38,92.2,86.2,79.8,82.3,27.39,27.03,26.37,26.67
13.68,552,99.5,65,0,25.8,2,5670,1.02,0.39,92.2,86.2,79.9,82.4,27.39,27.03,26.38,26.68
13.72,553,99.6,65,0,25.2,2,5676,1,0.39,92.2,86.2,79.9,82.4,27.39,27.03,26.38,26.68
13.76,554,99.7,66,0,25.5,2,5681,0.99,0.4,92.2,86.2,79.9,82.4,27.39,27.03,26.38,26.68
13.8,555,99.8,67,0,23.9,2,5687,0.97,0.41,92.2,86.2,80,82.5,27.39,27.03,26.38,26.68
13.84,556,99.9,68,0,23.9,2,5693,0.96,0.41,92.2,86.2,80,82.5,27.39,27.03,26.39,26.69
13.88,557,100,69,0,23,2,5698,0.94,0.42,92.2,86.2,80,82.5,27.39,27.03,26.39,26.69
13.92,558,100.1,70,0,21.8,2,5704,0.93,0.42,92.2,86.2,80.1,82.6,27.39,27.03,26.39,26.69
13.96,560,100.2,71,0,21.9,2,5710,0.92,0.43,92.2,86.2,80.1,82.6,27.39,27.03,26.39,26.69
14,561,100.3,71,0,21.4,2,5716,0.9,0.44,92.2,86.2,80.1,82.6,27.39,27.03,26.4,26.7
14.04,562,100.4,72,0,20.8,2,5722,0.89,0.44,92.2,86.2,80.2,82.7,27.39,27.03,26.4,26.7
14.08,563,100.5,73,0,20.1,2,5728,0.87,0.45,92.2,86.2,80.2,82.7,27.39,27.03,26.4,26.7
14.12,564,100.6,74,0,19.7,2,5734,0.86,0.46,92.2,86.2,80.2,82.7,27.39,27.03,26.41,26.71
14.16,565,100.7,75,0,18.2,2,5740,0.84,0.46,92.2,86.2,80.3,82.8,27.39,27.03,26.41,26.71
14.2,566,100.8,76,0,19.3,2,5746,0.83,0.47,92.2,86.2,80.3,82.8,27.39,27.03,26.41,26.71
14.24,567,100.9,76,0,18,2,5753,0.81,0.47,92.2,86.2,80.3,82.8,27.39,27.03,26.41,26.71
14.28,568,101,77,0,17.1,2,5759,0.8,0.48,92.2,86.2,80.4,82.9,27.39,27.03,26.42,26.72
14.32,570,101.1,78,0,15.5,2,5765,0.78,0.49,92.2,86.2,80.4,82.9,27.39,27.03,26.42,26.72
14.36,571,101.3,79,0,15.9,2,5772,0.77,0.49,92.2,86.2,80.4,82.9,27.39,27.03,26.42,26.72
14.4,572,101.4,80,0,15.8,2,5778,0.76,0.5,92.2,86.2,80.5,83,27.39,27.03,26.42,26.72
14.44,573,101.5,81,0,15.1,2,5785,0.74,0.5,92.2,86.2,80.5,83,27.39,27.03,26.43,26.73
14.48,574,101.6,81,0,13.8,2,5791,0.73,0.51,92.2,86.2,80.6,83.1,27.39,27.03,26.43,26.73
14.52,575,101.7,82,0,13.6,2,5798,0.71,0.52,92.2,86.2,80.6,83.1,27.39,27.03,26.43,26.73
14.56,576,101.8,83,0,12.8,2,5805,0.7,0.52,92.2,86.2,80.6,83.1,27.39,27.03,26.43,26.73
14.6,578,102,84,0,12.2,2,5812,0.68,0.53,92.2,86.2,80.7,83.2,27.39,27.03,26.44,26.74
14.64,579,102.1,85,0,11.1,2,5819,0.67,0.53,92.2,86.2,80.7,83.2,27.39,27.03,26.44,26.74
14.68,580,102.2,85,0,11,2,5825,0.65,0.54,92.2,86.2,80.7,83.2,27.39,27.03,26.44,26.74
14.72,581,102.3,86,0,10.1,2,5832,0.64,0.55,92.2,86.2,80.8,83.3,27.39,27.03,26.44,26.74
14.76,582,102.4,87,0,9.3,2,5839,0.62,0.55,92.2,86.2,80.8,83.3,27.39,27.03,26.45,26.75
14.8,583,102.6,88,0,8.6,2,5847,0.61,0.56,92.2,86.2,80.8,83.3,27.39,27.03,26.45,26.75
14.84,584,102.7,89,0,8.8,2,5854,0.59,0.57,92.2,86.2,80.9,83.4,27.39,27.03,26.45,26.75
14.88,585,102.8,90,0,8,2,5861,0.58,0.57,92.2,86.2,80.9,83.4,27.39,27.03,26.46,26.76
14.92,587,103,90,0,6.9,2,5868,0.56,0.58,92.2,86.2,80.9,83.4,27.39,27.03,26.46,26.76
14.96,588,103.1,91,0,5.9,2,5876,0.55,0.58,92.2,86.2,81,83.5,27.39,27.03,26.46,26.76
15,589,103.2,92,0,6.6,2,5883,0.53,0.59,92.2,86.2,81,83.5,27.39,27.03,26.46,26.76
15.04,590,103.3,93,0,5.4,2,5890,0.52,0.6,92.2,86.2,81,83.5,27.39,27.03,26.47,26.77
15.08,591,103.5,94,0,4.3,2,5898,0.5,0.6,92.2,86.2,81.1,83.6,27.39,27.03,26.47,26.77
15.12,592,103.6,95,0,3.7,2,5906,0.49,0.61,92.2,86.2,81.1,83.6,27.39,27.03,26.47,26.77
15.16,593,103.7,95,0,3,2,5913,0.47,0.61,92.2,86.2,81.1,83.6,27.39,27.03,26.47,26.77
15.2,595,103.9,96,0,3.4,2,5921,0.46,0.62,92.2,86.2,81.2,83.7,27.39,27.03,26.48,26.78
15.24,596,104,97,0,2.3,2,5928,0.44,0.63,92.2,86.2,81.2,83.7,27.39,27.03,26.48,26.78
15.28,597,104.1,98,0,1.1,2,5936,0.43,0.63,92.2,86.2,81.3,83.8,27.39,27.03,26.48,26.78
15.32,598,104.3,99,0,1.4,2,5944,0.41,0.64,92.2,86.2,81.3,83.8,27.39,27.03,26.48,26.78
15.36,599,104.4,99,0,-0.5,2,5952,0.4,0.65,92.2,86.2,81.3,83.8,27.39,27.03,26.49,26.79
15.4,600,104.5,100,0,-0.2,2,5956,0,0.05,92.2,86.2,81.3,83.8,27.39,27.03,26.49,26.79
15.44,602,104.6,100,0,0.1,2,5960,0,0.05,92.2,86.2,81.3,83.8,27.39,27.03,26.48,26.78
15.48,603,104.6,100,0,0.3,2,5965,0.03,0.05,92.2,86.2,81.3,83.8,27.39,27.03,26.48,26.78
15.52,604,104.7,100,0,-0.2,2,5969,0,0.05,92.2,86.2,81.3,83.8,27.39,27.03,26.48,26.78
15.56,605,104.8,100,0,-0.2,2,5973,0.02,0.05,92.1,86.1,81.3,83.8,27.39,27.03,26.48,26.78
15.6,606,104.9,100,0,0.8,2,5977,0,0.05,92.1,86.1,81.3,83.8,27.39,27.03,26.48,26.78
15.64,607,104.9,100,0,0.3,2,5982,-0.03,0.05,92.1,86.1,81.2,83.7,27.38,27.02,26.48,26.78
15.68,609,105,100,0,0,2,5986,-0.04,0.05,92.1,86.1,81.2,83.7,27.38,27.02,26.48,26.78
15.72,610,105.1,100,0,-0.2,2,5990,-0.03,0.05,92.1,86.1,81.2,83.7,27.38,27.02,26.48,26.78
15.76,611,105.2,100,0,0.3,2,5994,0.01,0.05,92.1,86.1,81.2,83.7,27.38,27.02,26.48,26.78
15.8,612,105.2,100,0,0.2,2,5998,-0.01,0.05,92.1,86.1,81.2,83.7,27.38,27.02,26.48,26.78
15.84,613,105.3,100,0,-0.1,2,6002,-0.01,0.05,92.1,86.1,81.2,83.7,27.38,27.02,26.48,26.78
15.88,614,105.4,100,0,-0.2,2,6007,0.01,0.05,92.1,86.1,81.2,83.7,27.38,27.02,26.48,26.78
15.92,616,105.4,100,0,0.2,2,6011,0.03,0.05,92,86,81.2,83.7,27.38,27.02,26.47,26.77
15.96,617,105.5,100,0,-0.2,2,6015,0.01,0.05,92,86,81.1,83.6,27.38,27.02,26.47,26.77
16,618,105.6,100,0,0.5,2,6019,0,0.05,92,86,81.1,83.6,27.38,27.02,26.47,26.77
16.04,619,105.7,100,0,-0.4,2,6023,-0.03,0.05,92,86,81.1,83.6,27.38,27.02,26.47,26.77
16.08,620,105.7,100,0,-0.4,2,6027,-0.01,0.05,92,86,81.1,83.6,27.37,27.01,26.47,26.77
16.12,621,105.8,100,0,0,2,6031,-0.01,0.05,92,86,81.1,83.6,27.37,27.01,26.47,26.77
16.16,623,105.9,100,0,0,2,6035,-0.01,0.05,92,86,81.1,83.6,27.37,27.01,26.47,26.77
16.2,624,106,100,0,-0.3,2,6039,0.01,0.05,92,86,81.1,83.6,27.37,27.01,26.47,26.77
16.24,625,106,100,0,-0.4,2,6043,-0.01,0.05,91.9,85.9,81.1,83.6,27.37,27.01,26.47,26.77
16.28,626,106.1,100,0,0.2,2,6047,-0.02,0.05,91.9,85.9,81,83.5,27.37,27.01,26.47,26.77
16.32,627,106.2,100,0,0.2,2,6051,-0.03,0.05,91.9,85.9,81,83.5,27.37,27.01,26.47,26.77
16.36,629,106.2,100,0,-0.3,2,6055,0,0.05,91.9,85.9,81,83.5,27.37,27.01,26.46,26.76
16.4,630,106.3,100,0,0.1,2,6059,0.03,0.05,91.9,85.9,81,83.5,27.37,27.01,26.46,26.76
16.44,631,106.4,100,0,0.3,2,6063,-0.01,0.05,91.9,85.9,81,83.5,27.37,27.01,26.46,26.76
16.48,632,106.4,100,0,0.4,2,6067,-0.02,0.05,91.9,85.9,81,83.5,27.37,27.01,26.46,26.76
16.52,633,106.5,100,0,-0.3,2,6071,-0.02,0.05,91.9,85.9,81,83.5,27.36,27,26.46,26.76
16.56,634,106.6,100,0,0.1,2,6075,0,0.05,91.8,85.8,81,83.5,27.36,27,26.46,26.76
16.6,636,106.7,100,0,-0.1,2,6079,0.01,0.05,91.8,85.8,81,83.5,27.36,27,26.46,26.76
16.64,637,106.7,100,0,0.4,2,6083,-0.01,0.05,91.8,85.8,80.9,83.4,27.36,27,26.46,26.76
16.68,638,106.8,100,0,0,2,6087,-0.01,0.05,91.8,85.8,80.9,83.4,27.36,27,26.46,26.76
16.72,639,106.9,100,0,0.2,2,6091,0.01,0.05,91.8,85.8,80.9,83.4,27.36,27,26.46,26.76
16.76,640,106.9,100,0,0.2,2,6095,-0.02,0.05,91.8,85.8,80.9,83.4,27.36,27,26.46,26.76
16.8,642,107,100,0,0,2,6099,0,0.05,91.8,85.8,80.9,83.4,27.36,27,26.45,26.75
16.84,643,107.1,100,0,0.1,2,6103,-0.02,0.05,91.8,85.8,80.9,83.4,27.36,27,26.45,26.75
16.88,644,107.1,100,0,-0.3,2,6107,0.03,0.05,91.8,85.8,80.9,83.4,27.36,27,26.45,26.75
16.92,645,107.2,100,0,-0.1,2,6111,0.02,0.05,91.7,85.7,80.9,83.4,27.36,27,26.45,26.75
16.96,646,107.3,100,0,0,2,6115,0.01,0.05,91.7,85.7,80.8,83.3,27.35,26.99,26.45,26.75
17,648,107.3,100,0,1.1,2,6119,0,0.05,91.7,85.7,80.8,83.3,27.35,26.99,26.45,26.75
17.04,649,107.4,100,0,0.3,2,6122,-0.03,0.05,91.7,85.7,80.8,83.3,27.35,26.99,26.45,26.75
17.08,650,107.5,100,0,0.1,2,6126,0,0.05,91.7,85.7,80.8,83.3,27.35,26.99,26.45,26.75
17.12,651,107.5,100,0,0.2,2,6130,-0.05,0.05,91.7,85.7,80.8,83.3,27.35,26.99,26.45,26.75
17.16,652,107.6,100,0,0.6,2,6134,0.02,0.05,91.7,85.7,80.8,83.3,27.35,26.99,26.45,26.75
17.2,653,107.7,100,0,-0.1,2,6138,-0.02,0.05,91.7,85.7,80.8,83.3,27.35,26.99,26.45,26.75
17.24,655,107.7,100,0,-0.2,2,6142,-0.01,0.05,91.6,85.6,80.8,83.3,27.35,26.99,26.44,26.74
17.28,656,107.8,100,0,0.4,2,6146,-0.01,0.05,91.6,85.6,80.7,83.2,27.35,26.99,26.44,26.74
17.32,657,107.9,100,0,-0.1,2,6149,0.01,0.05,91.6,85.6,80.7,83.2,27.35,26.99,26.44,26.74
17.36,658,107.9,100,0,0.2,2,6153,0,0.05,91.6,85.6,80.7,83.2,27.35,26.99,26.44,26.74
17.4,659,108,100,0,0.1,2,6157,0,0.05,91.6,85.6,80.7,83.2,27.34,26.98,26.44,26.74
17.44,661,108.1,100,0,-0.7,2,6161,0.01,0.05,91.6,85.6,80.7,83.2,27.34,26.98,26.44,26.74
17.48,662,108.1,100,0,0.1,2,6164,-0.01,0.05,91.6,85.6,80.7,83.2,27.34,26.98,26.44,26.74
17.52,663,108.2,100,0,0.4,2,6168,0,0.05,91.6,85.6,80.7,83.2,27.34,26.98,26.44,26.74
17.56,664,108.3,100,0,0.4,2,6172,-0.02,0.05,91.5,85.5,80.7,83.2,27.34,26.98,26.44,26.74
17.6,665,108.3,100,0,-0.1,2,6176,0,0.05,91.5,85.5,80.7,83.2,27.34,26.98,26.44,26.74
17.64,667,108.4,100,0,0.3,2,6180,-0.02,0.05,91.5,85.5,80.6,83.1,27.34,26.98,26.44,26.74
17.68,668,108.5,100,0,0,2,6183,0,0.05,91.5,85.5,80.6,83.1,27.34,26.98,26.43,26.73
17.72,669,108.5,100,0,-0.4,2,6187,0.02,0.05,91.5,85.5,80.6,83.1,27.34,26.98,26.43,26.73
17.76,670,108.6,100,0,-0.5,2,6191,-0.01,0.05,91.5,85.5,80.6,83.1,27.34,26.98,26.43,26.73
17.8,672,108.7,100,0,-0.4,2,6194,0.02,0.05,91.5,85.5,80.6,83.1,27.34,26.98,26.43,26.73
17.84,673,108.7,100,0,-0.7,2,6198,0,0.05,91.5,85.5,80.6,83.1,27.33,26.97,26.43,26.73
17.88,674,108.8,100,0,-0.7,2,6202,0.03,0.05,91.5,85.5,80.6,83.1,27.33,26.97,26.43,26.73
17.92,675,108.9,100,0,-0.2,2,6205,0.02,0.05,91.4,85.4,80.6,83.1,27.33,26.97,26.43,26.73
17.96,676,108.9,100,0,-0.1,2,6209,0.01,0.05,91.4,85.4,80.5,83,27.33,26.97,26.43,26.73
18,678,109,100,0,-0.2,2,6213,0.02,0.05,91.4,85.4,80.5,83,27.33,26.97,26.43,26.73
18.04,679,109.1,100,0,0.5,2,6217,0,0.05,91.4,85.4,80.5,83,27.33,26.97,26.43,26.73
18.08,680,109.1,100,0,-1,2,6220,0.01,0.05,91.4,85.4,80.5,83,27.33,26.97,26.43,26.73
18.12,681,109.2,100,0,0.4,2,6224,0,0.05,91.4,85.4,80.5,83,27.33,26.97,26.42,26.72
18.16,682,109.3,100,0,-0.3,2,6227,-0.04,0.05,91.4,85.4,80.5,83,27.33,26.97,26.42,26.72
18.2,684,109.3,100,0,0.6,2,6231,-0.01,0.05,91.4,85.4,80.5,83,27.33,26.97,26.42,26.72
18.24,685,109.4,100,0,-0.3,2,6235,-0.01,0.04,91.3,85.3,80.5,83,27.33,26.97,26.42,26.72
18.28,686,109.4,100,0,0.6,2,6238,0.03,0.04,91.3,85.3,80.4,82.9,27.32,26.96,26.42,26.72
18.32,687,109.5,100,0,0.6,2,6242,0.01,0.04,91.3,85.3,80.4,82.9,27.32,26.96,26.42,26.72
18.36,688,109.6,100,0,0.2,2,6246,-0.04,0.04,91.3,85.3,80.4,82.9,27.32,26.96,26.42,26.72
18.4,690,109.6,100,0,-0.7,2,6249,-0.02,0.04,91.3,85.3,80.4,82.9,27.32,26.96,26.42,26.72
18.44,691,109.7,100,0,-0.1,2,6253,0,0.04,91.3,85.3,80.4,82.9,27.32,26.96,26.42,26.72
18.48,692,109.8,100,0,0,2,6256,-0.01,0.04,91.3,85.3,80.4,82.9,27.32,26.96,26.42,26.72
18.52,693,109.8,100,0,0.2,2,6260,-0.01,0.04,91.3,85.3,80.4,82.9,27.32,26.96,26.42,26.72
18.56,695,109.9,100,0,0,2,6263,0.01,0.04,91.2,85.2,80.4,82.9,27.32,26.96,26.41,26.71
18.6,696,109.9,100,0,0,2,6267,0.01,0.04,91.2,85.2,80.4,82.9,27.32,26.96,26.41,26.71
18.64,697,110,100,0,0.5,2,6270,0.03,0.04,91.2,85.2,80.3,82.8,27.32,26.96,26.41,26.71
18.68,698,110.1,100,0,0,2,6274,0,0.04,91.2,85.2,80.3,82.8,27.32,26.96,26.41,26.71
18.72,699,110.1,100,0,-0.2,2,6278,-0.03,0.04,91.2,85.2,80.3,82.8,27.32,26.96,26.41,26.71
18.76,701,110.2,100,0,-0.3,2,6281,-0.06,0.04,91.2,85.2,80.3,82.8,27.31,26.95,26.41,26.71
18.8,702,110.3,100,0,0.2,2,6285,0,0.04,91.2,85.2,80.3,82.8,27.31,26.95,26.41,26.71
18.84,703,110.3,100,0,0.2,2,6288,-0.01,0.04,91.2,85.2,80.3,82.8,27.31,26.95,26.41,26.71
18.88,704,110.4,100,0,-0.4,2,6292,-0.02,0.04,91.2,85.2,80.3,82.8,27.31,26.95,26.41,26.71
18.92,706,110.4,100,0,-0.3,2,6295,-0.03,0.04,91.1,85.1,80.3,82.8,27.31,26.95,26.41,26.71
18.96,707,110.5,100,0,0.8,2,6299,0.02,0.04,91.1,85.1,80.2,82.7,27.31,26.95,26.41,26.71
19,708,110.6,100,0,-0.3,2,6302,-0.04,0.04,91.1,85.1,80.2,82.7,27.31,26.95,26.4,26.7
19.04,709,110.6,100,0,0.1,2,6305,0.02,0.04,91.1,85.1,80.2,82.7,27.31,26.95,26.4,26.7
19.08,710,110.7,100,0,0,2,6309,0.02,0.04,91.1,85.1,80.2,82.7,27.31,26.95,26.4,26.7
19.12,712,110.7,100,0,0,2,6312,-0.01,0.04,91.1,85.1,80.2,82.7,27.31,26.95,26.4,26.7
19.16,713,110.8,100,0,0.2,2,6316,0.01,0.04,91.1,85.1,80.2,82.7,27.31,26.95,26.4,26.7
19.2,714,110.9,100,0,0.4,2,6319,-0.02,0.04,91.1,85.1,80.2,82.7,27.3,26.94,26.4,26.7
19.24,715,110.9,100,0,0.4,2,6323,0.02,0.04,91,85,80.2,82.7,27.3,26.94,26.4,26.7
19.28,717,111,100,0,-0.3,2,6326,0,0.04,91,85,80.1,82.6,27.3,26.94,26.4,26.7
19.32,718,111,100,0,-0.5,2,6330,0.01,0.04,91,85,80.1,82.6,27.3,26.94,26.4,26.7
19.36,719,111.1,100,0,0.7,2,6333,0,0.04,91,85,80.1,82.6,27.3,26.94,26.4,26.7
19.4,720,111.2,100,0,0,2,6336,0,0.04,91,85,80.1,82.6,27.3,26.94,26.4,26.7
19.44,722,111.2,100,0,-0.7,2,6340,-0.02,0.04,91,85,80.1,82.6,27.3,26.94,26.39,26.69
19.48,723,111.3,100,0,-0.8,2,6343,0.03,0.04,91,85,80.1,82.6,27.3,26.94,26.39,26.69
19.52,724,111.3,100,0,-0.5,2,6346,0,0.04,91,85,80.1,82.6,27.3,26.94,26.39,26.69
19.56,725,111.4,100,0,-0.7,2,6350,0.01,0.04,90.9,84.9,80.1,82.6,27.3,26.94,26.39,26.69
19.6,727,111.5,100,0,-0.2,2,6353,-0.01,0.04,90.9,84.9,80.1,82.6,27.3,26.94,26.39,26.69
19.64,728,111.5,100,0,0.1,2,6357,0.02,0.04,90.9,84.9,80,82.5,27.29,26.93,26.39,26.69
19.68,729,111.6,100,0,0.7,2,6360,0.01,0.04,90.9,84.9,80,82.5,27.29,26.93,26.39,26.69
19.72,730,111.6,100,0,-0.3,2,6363,0.01,0.04,90.9,84.9,80,82.5,27.29,26.93,26.39,26.69
19.76,731,111.7,100,0,-0.2,2,6367,0,0.04,90.9,84.9,80,82.5,27.29,26.93,26.39,26.69
19.8,733,111.8,100,0,-0.4,2,6370,0,0.04,90.9,84.9,80,82.5,27.29,26.93,26.39,26.69
19.84,734,111.8,100,0,-0.1,2,6373,-0.01,0.04,90.9,84.9,80,82.5,27.29,26.93,26.39,26.69
19.88,735,111.9,100,0,0.5,2,6377,-0.02,0.04,90.9,84.9,80,82.5,27.29,26.93,26.39,26.69
19.92,736,111.9,100,0,-0.5,2,6380,0.02,0.04,90.8,84.8,80,82.5,27.29,26.93,26.38,26.68
19.96,738,112,100,0,0.4,2,6383,0.03,0.04,90.8,84.8,79.9,82.4,27.29,26.93,26.38,26.68
20,739,112,100,0,1.2,2,6386,-0.03,0.04,90.8,84.8,79.9,82.4,27.29,26.93,26.38,26.68
20.04,740,112.1,100,0,0.6,2,6390,0,0.04,90.8,84.8,79.9,82.4,27.29,26.93,26.38,26.68
20.08,741,112.2,100,0,0.4,2,6393,0.02,0.04,90.8,84.8,79.9,82.4,27.28,26.92,26.38,26.68
20.12,743,112.2,100,0,0.2,2,6396,0,0.04,90.8,84.8,79.9,82.4,27.28,26.92,26.38,26.68
20.16,744,112.3,100,0,-0.3,2,6400,0.04,0.04,90.8,84.8,79.9,82.4,27.28,26.92,26.38,26.68
20.2,745,112.3,100,0,0.7,2,6403,0.01,0.04,90.8,84.8,79.9,82.4,27.28,26.92,26.38,26.68
20.24,746,112.4,100,0,0.7,2,6406,0.01,0.04,90.7,84.7,79.9,82.4,27.28,26.92,26.38,26.68
20.28,748,112.4,100,0,0.2,2,6409,0.01,0.04,90.7,84.7,79.8,82.3,27.28,26.92,26.38,26.68
20.32,749,112.5,100,0,-0.5,2,6413,0.02,0.04,90.7,84.7,79.8,82.3,27.28,26.92,26.38,26.68
20.36,750,112.6,100,0,-0.1,2,6416,0.03,0.04,90.7,84.7,79.8,82.3,27.28,26.92,26.37,26.67
20.4,751,112.6,100,0,-0.2,2,6419,0.02,0.04,90.7,84.7,79.8,82.3,27.28,26.92,26.37,26.67
20.44,753,112.7,100,0,0.4,2,6423,-0.02,0.04,90.7,84.7,79.8,82.3,27.28,26.92,26.37,26.67
20.48,754,112.7,100,0,0.4,2,6426,0,0.04,90.7,84.7,79.8,82.3,27.28,26.92,26.37,26.67
20.52,755,112.8,100,0,-0.6,2,6429,-0.02,0.04,90.7,84.7,79.8,82.3,27.27,26.91,26.37,26.67
20.56,756,112.8,100,0,-0.6,2,6432,0.02,0.04,90.6,84.6,79.8,82.3,27.27,26.91,26.37,26.67
20.6,758,112.9,100,0,-0.3,2,6436,-0.04,0.04,90.6,84.6,79.8,82.3,27.27,26.91,26.37,26.67
20.64,759,113,100,0,-0.7,2,6439,0.03,0.04,90.6,84.6,79.7,82.2,27.27,26.91,26.37,26.67
20.68,760,113,100,0,0.4,2,6442,0,0.04,90.6,84.6,79.7,82.2,27.27,26.91,26.37,26.67
20.72,761,113.1,100,0,0.7,2,6445,-0.02,0.04,90.6,84.6,79.7,82.2,27.27,26.91,26.37,26.67
20.76,763,113.1,100,0,-0.3,2,6449,0.02,0.04,90.6,84.6,79.7,82.2,27.27,26.91,26.37,26.67
20.8,764,113.2,100,0,-0.1,2,6452,0,0.04,90.6,84.6,79.7,82.2,27.27,26.91,26.36,26.66
20.84,765,113.3,100,0,-1,2,6455,0.02,0.04,90.6,84.6,79.7,82.2,27.27,26.91,26.36,26.66
20.88,766,113.3,100,0,0.7,2,6459,-0.02,0.04,90.6,84.6,79.7,82.2,27.27,26.91,26.36,26.66
20.92,768,113.4,100,0,-0.6,2,6462,-0.05,0.04,90.5,84.5,79.7,82.2,27.27,26.91,26.36,26.66
20.96,769,113.4,100,0,0.2,2,6465,0.04,0.04,90.5,84.5,79.6,82.1,27.26,26.9,26.36,26.66
21,770,113.5,100,0,0.2,2,6468,0.01,0.04,90.5,84.5,79.6,82.1,27.26,26.9,26.36,26.66
21.04,772,113.5,100,0,0.3,2,6472,0,0.04,90.5,84.5,79.6,82.1,27.26,26.9,26.36,26.66
21.08,773,113.6,100,0,0,2,6475,-0.02,0.04,90.5,84.5,79.6,82.1,27.26,26.9,26.36,26.66
21.12,774,113.7,100,0,-0.5,2,6478,-0.02,0.04,90.5,84.5,79.6,82.1,27.26,26.9,26.36,26.66
21.16,775,113.7,100,0,-0.4,2,6482,-0.02,0.04,90.5,84.5,79.6,82.1,27.26,26.9,26.36,26.66
21.2,777,113.8,100,0,-0.4,2,6485,0.01,0.04,90.5,84.5,79.6,82.1,27.26,26.9,26.36,26.66
21.24,778,113.8,100,0,0.1,2,6488,0.01,0.04,90.4,84.4,79.6,82.1,27.26,26.9,26.35,26.65
21.28,779,113.9,100,0,0.3,2,6491,0.02,0.04,90.4,84.4,79.5,82,27.26,26.9,26.35,26.65
21.32,780,113.9,100,0,0.1,2,6495,0.01,0.04,90.4,84.4,79.5,82,27.26,26.9,26.35,26.65
21.36,782,114,100,0,0,2,6498,0.01,0.04,90.4,84.4,79.5,82,27.26,26.9,26.35,26.65
21.4,783,114.1,100,0,0.1,2,6501,-0.01,0.04,90.4,84.4,79.5,82,27.25,26.89,26.35,26.65
21.44,784,114.1,100,0,-0.3,2,6505,-0.05,0.04,90.4,84.4,79.5,82,27.25,26.89,26.35,26.65
21.48,785,114.2,100,0,0.7,2,6508,0.01,0.04,90.4,84.4,79.5,82,27.25,26.89,26.35,26.65
21.52,787,114.2,100,0,0.1,2,6511,-0.01,0.04,90.4,84.4,79.5,82,27.25,26.89,26.35,26.65
21.56,788,114.3,100,0,0.2,2,6514,-0.03,0.04,90.3,84.3,79.5,82,27.25,26.89,26.35,26.65
21.6,789,114.3,100,0,-0.4,2,6518,0.03,0.04,90.3,84.3,79.5,82,27.25,26.89,26.35,26.65
21.64,791,114.4,100,0,-0.5,2,6521,0.02,0.04,90.3,84.3,79.4,81.9,27.25,26.89,26.35,26.65
21.68,792,114.5,100,0,0.5,2,6524,0.04,0.04,90.3,84.3,79.4,81.9,27.25,26.89,26.34,26.64
21.72,793,114.5,100,0,-0.3,2,6528,0,0.04,90.3,84.3,79.4,81.9,27.25,26.89,26.34,26.64
21.76,794,114.6,100,0,-0.6,2,6531,-0.01,0.04,90.3,84.3,79.4,81.9,27.25,26.89,26.34,26.64
21.8,796,114.6,100,0,-0.9,2,6534,-0.01,0.04,90.3,84.3,79.4,81.9,27.25,26.89,26.34,26.64
21.84,797,114.7,100,0,0.2,2,6537,-0.01,0.04,90.3,84.3,79.4,81.9,27.24,26.88,26.34,26.64
21.88,798,114.7,100,0,0.8,2,6541,0,0.04,90.3,84.3,79.4,81.9,27.24,26.88,26.34,26.64
21.92,799,114.8,100,0,-0.3,2,6544,0.04,0.04,90.2,84.2,79.4,81.9,27.24,26.88,26.34,26.64
21.96,801,114.9,100,0,-0.5,2,6547,0,0.04,90.2,84.2,79.3,81.8,27.24,26.88,26.34,26.64
22,802,114.9,100,0,0.2,2,6551,-0.03,0.04,90.2,84.2,79.3,81.8,27.24,26.88,26.34,26.64
22.04,803,115,100,0,-0.5,2,6554,0,0.04,90.2,84.2,79.3,81.8,27.24,26.88,26.34,26.64
22.08,805,115,100,0,0.3,2,6557,0.01,0.04,90.2,84.2,79.3,81.8,27.24,26.88,26.34,26.64
22.12,806,115.1,100,0,-1.1,2,6560,0.03,0.04,90.2,84.2,79.3,81.8,27.24,26.88,26.33,26.63
22.16,807,115.2,100,0,0.2,2,6564,0.02,0.04,90.2,84.2,79.3,81.8,27.24,26.88,26.33,26.63
22.2,808,115.2,100,0,-0.1,2,6567,0,0.04,90.2,84.2,79.3,81.8,27.24,26.88,26.33,26.63
22.24,810,115.3,100,0,0.2,2,6570,0.06,0.04,90.1,84.1,79.3,81.8,27.24,26.88,26.33,26.63
22.28,811,115.3,100,0,0.1,2,6574,0.02,0.04,90.1,84.1,79.2,81.7,27.23,26.87,26.33,26.63
22.32,812,115.4,100,0,0,2,6577,-0.01,0.04,90.1,84.1,79.2,81.7,27.23,26.87,26.33,26.63
22.36,813,115.4,100,0,0.5,2,6580,-0.01,0.04,90.1,84.1,79.2,81.7,27.23,26.87,26.33,26.63
22.4,815,115.5,100,0,0.4,2,6583,0.02,0.04,90.1,84.1,79.2,81.7,27.23,26.87,26.33,26.63
22.44,816,115.6,100,0,-0.5,2,6587,-0.03,0.04,90.1,84.1,79.2,81.7,27.23,26.87,26.33,26.63
22.48,817,115.6,100,0,0.3,2,6590,0,0.04,90.1,84.1,79.2,81.7,27.23,26.87,26.33,26.63
22.52,819,115.7,100,0,0,2,6593,0,0.04,90.1,84.1,79.2,81.7,27.23,26.87,26.33,26.63
22.56,820,115.7,100,0,-0.5,2,6597,0.02,0.04,90,84,79.2,81.7,27.23,26.87,26.32,26.62
22.6,821,115.8,100,0,0,2,6600,0,0.04,90,84,79.2,81.7,27.23,26.87,26.32,26.62
22.64,822,115.8,100,0,-0.3,2,6603,-0.01,0.04,90,84,79.1,81.6,27.23,26.87,26.32,26.62
22.68,824,115.9,100,0,-0.2,2,6606,0.01,0.04,90,84,79.1,81.6,27.23,26.87,26.32,26.62
22.72,825,116,100,0,0,2,6610,0.01,0.04,90,84,79.1,81.6,27.23,26.87,26.32,26.62
22.76,826,116,100,0,-0.4,2,6613,0.02,0.04,90,84,79.1,81.6,27.22,26.86,26.32,26.62
22.8,828,116.1,100,0,-0.4,2,6616,-0.03,0.04,90,84,79.1,81.6,27.22,26.86,26.32,26.62
22.84,829,116.1,100,0,-0.4,2,6619,0,0.04,90,84,79.1,81.6,27.22,26.86,26.32,26.62
22.88,830,116.2,100,0,0.2,2,6623,0.01,0.04,90,84,79.1,81.6,27.22,26.86,26.32,26.62
22.92,832,116.2,100,0,-0.4,2,6626,0.04,0.04,89.9,83.9,79.1,81.6,27.22,26.86,26.32,26.62
22.96,833,116.3,100,0,-0.1,2,6629,-0.01,0.04,89.9,83.9,79,81.5,27.22,26.86,26.32,26.62
23,834,116.4,100,0,0.4,2,6633,0.02,0.04,89.9,83.9,79,81.5,27.22,26.86,26.31,26.61
23.04,835,116.4,100,0,-0.2,2,6636,-0.02,0.04,89.9,83.9,79,81.5,27.22,26.86,26.31,26.61
23.08,837,116.5,100,0,-1.3,2,6639,0,0.04,89.9,83.9,79,81.5,27.22,26.86,26.31,26.61
23.12,838,116.5,100,0,0.3,2,6642,0.02,0.04,89.9,83.9,79,81.5,27.22,26.86,26.31,26.61
23.16,839,116.6,100,0,0,2,6646,0.01,0.04,89.9,83.9,79,81.5,27.22,26.86,26.31,26.61
23.2,841,116.6,100,0,0.3,2,6649,-0.03,0.04,89.9,83.9,79,81.5,27.21,26.85,26.31,26.61
23.24,842,116.7,100,0,-0.4,2,6652,0,0.04,89.8,83.8,79,81.5,27.21,26.85,26.31,26.61
23.28,843,116.8,100,0,0.4,2,6656,0,0.04,89.8,83.8,78.9,81.4,27.21,26.85,26.31,26.61
23.32,844,116.8,100,0,0.1,2,6659,0,0.04,89.8,83.8,78.9,81.4,27.21,26.85,26.31,26.61
23.36,846,116.9,100,0,0.1,2,6662,-0.01,0.04,89.8,83.8,78.9,81.4,27.21,26.85,26.31,26.61
23.4,847,116.9,100,0,0,2,6665,0.04,0.04,89.8,83.8,78.9,81.4,27.21,26.85,26.31,26.61
23.44,848,117,100,0,0.5,2,6669,-0.02,0.04,89.8,83.8,78.9,81.4,27.21,26.85,26.3,26.6
23.48,850,117.1,100,0,-0.1,2,6672,-0.03,0.04,89.8,83.8,78.9,81.4,27.21,26.85,26.3,26.6
23.52,851,117.1,100,0,0,2,6675,0.03,0.04,89.8,83.8,78.9,81.4,27.21,26.85,26.3,26.6
23.56,852,117.2,100,0,-0.2,2,6679,0.02,0.04,89.7,83.7,78.9,81.4,27.21,26.85,26.3,26.6
23.6,854,117.2,100,0,0.2,2,6682,0.02,0.04,89.7,83.7,78.9,81.4,27.21,26.85,26.3,26.6
23.64,855,117.3,100,0,0,2,6685,-0.01,0.04,89.7,83.7,78.8,81.3,27.2,26.84,26.3,26.6
23.68,856,117.3,100,0,0.4,2,6688,-0.01,0.04,89.7,83.7,78.8,81.3,27.2,26.84,26.3,26.6
23.72,857,117.4,100,0,-0.3,2,6692,0.05,0.04,89.7,83.7,78.8,81.3,27.2,26.84,26.3,26.6
23.76,859,117.5,100,0,-0.1,2,6695,0.01,0.04,89.7,83.7,78.8,81.3,27.2,26.84,26.3,26.6
23.8,860,117.5,100,0,0.4,2,6698,0.03,0.04,89.7,83.7,78.8,81.3,27.2,26.84,26.3,26.6
23.84,861,117.6,100,0,0.2,2,6702,-0.01,0.04,89.7,83.7,78.8,81.3,27.2,26.84,26.3,26.6
23.88,863,117.6,100,0,-0.9,2,6705,-0.03,0.04,89.7,83.7,78.8,81.3,27.2,26.84,26.3,26.6
23.92,864,117.7,100,0,-0.4,2,6708,0,0.04,89.6,83.6,78.8,81.3,27.2,26.84,26.29,26.59
23.96,865,117.7,100,0,0.3,2,6711,-0.03,0.04,89.6,83.6,78.7,81.2,27.2,26.84,26.29,26.59
24,867,117.8,100,0,0.7,2,6715,0.03,0.04,89.6,83.6,78.7,81.2,27.2,26.84,26.29,26.59
24.04,868,117.9,100,0,0.2,2,6718,0,0.04,89.6,83.6,78.7,81.2,27.2,26.84,26.29,26.59
24.08,869,117.9,100,0,-0.7,2,6721,-0.01,0.04,89.6,83.6,78.7,81.2,27.19,26.83,26.29,26.59
24.12,871,118,100,0,0,2,6725,-0.01,0.04,89.6,83.6,78.7,81.2,27.19,26.83,26.29,26.59
24.16,872,118,100,0,0.6,2,6728,0,0.04,89.6,83.6,78.7,81.2,27.19,26.83,26.29,26.59
24.2,873,118.1,100,0,-0.1,2,6731,-0.01,0.04,89.6,83.6,78.7,81.2,27.19,26.83,26.29,26.59
24.24,874,118.1,100,0,0.1,2,6734,0.01,0.04,89.5,83.5,78.7,81.2,27.19,26.83,26.29,26.59
24.28,876,118.2,100,0,0.1,2,6738,-0.01,0.04,89.5,83.5,78.6,81.1,27.19,26.83,26.29,26.59
24.32,877,118.3,100,0,-0.6,2,6741,-0.04,0.04,89.5,83.5,78.6,81.1,27.19,26.83,26.29,26.59
24.36,878,118.3,100,0,-0.1,2,6744,0.01,0.04,89.5,83.5,78.6,81.1,27.19,26.83,26.28,26.58
24.4,880,118.4,100,0,0,2,6748,-0.04,0.04,89.5,83.5,78.6,81.1,27.19,26.83,26.28,26.58
24.44,881,118.4,100,0,-0.4,2,6751,0.01,0.04,89.5,83.5,78.6,81.1,27.19,26.83,26.28,26.58
24.48,882,118.5,100,0,0.1,2,6754,0.01,0.04,89.5,83.5,78.6,81.1,27.19,26.83,26.28,26.58
24.52,884,118.6,100,0,-0.1,2,6757,0.02,0.04,89.5,83.5,78.6,81.1,27.18,26.82,26.28,26.58
24.56,885,118.6,100,0,0.1,2,6761,0.01,0.04,89.4,83.4,78.6,81.1,27.18,26.82,26.28,26.58
24.6,886,118.7,100,0,-0.9,2,6764,0.01,0.04,89.4,83.4,78.6,81.1,27.18,26.82,26.28,26.58
24.64,888,118.7,100,0,-0.7,2,6767,-0.01,0.04,89.4,83.4,78.5,81,27.18,26.82,26.28,26.58
24.68,889,118.8,100,0,-0.4,2,6771,-0.01,0.04,89.4,83.4,78.5,81,27.18,26.82,26.28,26.58
24.72,890,118.8,100,0,0.1,2,6774,-0.04,0.04,89.4,83.4,78.5,81,27.18,26.82,26.28,26.58
24.76,892,118.9,100,0,-0.6,2,6777,0.01,0.04,89.4,83.4,78.5,81,27.18,26.82,26.28,26.58
24.8,893,119,100,0,-0.5,2,6780,0.01,0.04,89.4,83.4,78.5,81,27.18,26.82,26.27,26.57
24.84,894,119,100,0,0,2,6784,-0.02,0.04,89.4,83.4,78.5,81,27.18,26.82,26.27,26.57
24.88,896,119.1,100,0,-0.4,2,6787,0.01,0.04,89.4,83.4,78.5,81,27.18,26.82,26.27,26.57
24.92,897,119.1,100,0,0.4,2,6790,-0.02,0.04,89.3,83.3,78.5,81,27.18,26.82,26.27,26.57
24.96,898,119.2,100,0,-0.5,2,6794,0.01,0.04,89.3,83.3,78.4,80.9,27.17,26.81,26.27,26.57
25,900,119.2,100,0,0.3,2,6797,0.01,0.04,89.3,83.3,78.4,80.9,27.17,26.81,26.27,26.57
25.04,901,119.3,100,0,0,2,6800,0.01,0.04,89.3,83.3,78.4,80.9,27.17,26.81,26.27,26.57
25.08,902,119.4,100,0,-0.2,2,6803,0.04,0.04,89.3,83.3,78.4,80.9,27.17,26.81,26.27,26.57
25.12,903,119.4,100,0,0.5,2,6807,-0.01,0.04,89.3,83.3,78.4,80.9,27.17,26.81,26.27,26.57
25.16,905,119.5,100,0,0.7,2,6810,0.01,0.04,89.3,83.3,78.4,80.9,27.17,26.81,26.27,26.57
25.2,906,119.5,100,0,-0.4,2,6813,0.01,0.04,89.3,83.3,78.4,80.9,27.17,26.81,26.27,26.57
25.24,907,119.6,100,0,0.2,2,6816,0.02,0.04,89.2,83.2,78.4,80.9,27.17,26.81,26.26,26.56
25.28,909,119.6,100,0,-0.4,2,6820,-0.01,0.04,89.2,83.2,78.3,80.8,27.17,26.81,26.26,26.56
25.32,910,119.7,100,0,-0.2,2,6823,0.01,0.04,89.2,83.2,78.3,80.8,27.17,26.81,26.26,26.56
25.36,911,119.8,100,0,-1.7,2,6826,0.02,0.04,89.2,83.2,78.3,80.8,27.17,26.81,26.26,26.56
25.4,913,119.8,100,0,0.5,2,6830,0.04,0.04,89.2,83.2,78.3,80.8,27.16,26.8,26.26,26.56
25.44,914,119.9,100,0,1,2,6833,0.01,0.04,89.2,83.2,78.3,80.8,27.16,26.8,26.26,26.56
25.48,915,119.9,100,0,-0.5,2,6836,-0.03,0.04,89.2,83.2,78.3,80.8,27.16,26.8,26.26,26.56
25.52,917,120,100,0,0.2,2,6839,-0.01,0.04,89.2,83.2,78.3,80.8,27.16,26.8,26.26,26.56
25.56,918,120,100,0,-0.2,2,6022,-0.02,0.04,89.1,83.1,78.3,80.8,27.16,26.8,26.26,26.56
25.6,919,120.1,100,0,-0.4,2,6024,0.01,0.04,89.1,83.1,78.3,80.8,27.16,26.8,26.26,26.56
25.64,921,120.2,100,0,0.7,2,6027,-0.01,0.04,89.1,83.1,78.2,80.7,27.16,26.8,26.26,26.56
25.68,922,120.2,100,0,-0.1,2,6031,0.01,0.04,89.1,83.1,78.2,80.7,27.16,26.8,26.25,26.55
25.72,923,120.3,100,0,0.2,2,6033,0.02,0.04,89.1,83.1,78.2,80.7,27.16,26.8,26.25,26.55
25.76,925,120.3,100,0,0.7,2,6036,0,0.04,89.1,83.1,78.2,80.7,27.16,26.8,26.25,26.55
25.8,926,120.4,100,0,0.4,2,6039,-0.03,0.04,89.1,83.1,78.2,80.7,27.16,26.8,26.25,26.55
25.84,927,120.5,100,0,0.1,2,6042,-0.01,0.04,89.1,83.1,78.2,80.7,27.15,26.79,26.25,26.55
25.88,929,120.5,100,0,0.1,2,6045,0.03,0.04,89.1,83.1,78.2,80.7,27.15,26.79,26.25,26.55
25.92,930,120.6,100,0,0.1,2,6047,0,0.04,89,83,78.2,80.7,27.15,26.79,26.25,26.55
25.96,931,120.6,100,0,-0.1,2,6051,-0.02,0.04,89,83,78.1,80.6,27.15,26.79,26.25,26.55
26,933,120.7,100,0,-0.4,2,6054,0,0.04,89,83,78.1,80.6,27.15,26.79,26.25,26.55
26.04,934,120.7,100,0,1,2,6056,0.01,0.04,89,83,78.1,80.6,27.15,26.79,26.25,26.55
26.08,936,120.8,100,0,-0.6,2,6059,-0.02,0.04,89,83,78.1,80.6,27.15,26.79,26.25,26.55
26.12,937,120.9,100,0,0.8,2,6062,-0.02,0.04,89,83,78.1,80.6,27.15,26.79,26.24,26.54
26.16,938,120.9,100,0,0.8,2,6065,-0.04,0.04,89,83,78.1,80.6,27.15,26.79,26.24,26.54
26.2,940,121,100,0,0.2,2,6068,0,0.04,89,83,78.1,80.6,27.15,26.79,26.24,26.54
26.24,941,121,100,0,0.5,2,6071,-0.01,0.04,88.9,82.9,78.1,80.6,27.15,26.79,26.24,26.54
26.28,942,121.1,100,0,0.2,2,6074,-0.01,0.04,88.9,82.9,78,80.5,27.14,26.78,26.24,26.54
26.32,944,121.1,100,0,0.4,2,6076,-0.02,0.04,88.9,82.9,78,80.5,27.14,26.78,26.24,26.54
26.36,945,121.2,100,0,-0.2,2,6908,-0.01,0.04,88.9,82.9,78,80.5,27.14,26.78,26.24,26.54
26.4,946,121.3,100,0,-0.1,2,6912,-0.04,0.04,88.9,82.9,78,80.5,27.14,26.78,26.24,26.54
26.44,948,121.3,100,0,0.2,2,6915,0.04,0.04,88.9,82.9,78,80.5,27.14,26.78,26.24,26.54
26.48,949,121.4,100,0,-0.6,2,6918,0.01,0.04,88.9,82.9,78,80.5,27.14,26.78,26.24,26.54
26.52,950,121.4,100,0,0.9,2,6922,-0.02,0.04,88.9,82.9,78,80.5,27.14,26.78,26.24,26.54
26.56,952,121.5,100,0,-0.3,2,6925,0,0.04,88.8,82.8,78,80.5,27.14,26.78,26.23,26.53
26.6,953,121.5,100,0,0.1,2,6928,0.03,0.04,88.8,82.8,78,80.5,27.14,26.78,26.23,26.53
26.64,954,121.6,100,0,-0.4,2,6931,0,0.04,88.8,82.8,77.9,80.4,27.14,26.78,26.23,26.53
26.68,956,121.7,100,0,0,2,6935,-0.03,0.04,88.8,82.8,77.9,80.4,27.14,26.78,26.23,26.53
26.72,957,121.7,100,0,-0.2,2,6938,0,0.04,88.8,82.8,77.9,80.4,27.14,26.78,26.23,26.53
26.76,958,121.8,100,0,0.4,2,6941,-0.01,0.04,88.8,82.8,77.9,80.4,27.13,26.77,26.23,26.53
26.8,960,121.8,100,0,-0.2,2,6945,0.03,0.04,88.8,82.8,77.9,80.4,27.13,26.77,26.23,26.53
26.84,961,121.9,100,0,-0.2,2,6948,-0.01,0.04,88.8,82.8,77.9,80.4,27.13,26.77,26.23,26.53
26.88,962,121.9,100,0,0.1,2,6951,0.01,0.04,88.8,82.8,77.9,80.4,27.13,26.77,26.23,26.53
26.92,964,122,100,0,-0.4,2,6954,0.01,0.04,88.7,82.7,77.9,80.4,27.13,26.77,26.23,26.53
26.96,965,122.1,100,0,0.1,2,6958,-0.01,0.04,88.7,82.7,77.8,80.3,27.13,26.77,26.23,26.53
27,967,122.1,100,0,0.4,2,6961,0.03,0.04,88.7,82.7,77.8,80.3,27.13,26.77,26.22,26.52
27.04,968,122.2,100,0,-0.3,2,6964,-0.02,0.04,88.7,82.7,77.8,80.3,27.13,26.77,26.22,26.52
27.08,969,122.2,100,0,0.1,2,6968,0.03,0.04,88.7,82.7,77.8,80.3,27.13,26.77,26.22,26.52
27.12,971,122.3,100,0,0,2,6971,-0.02,0.04,88.7,82.7,77.8,80.3,27.13,26.77,26.22,26.52
27.16,972,122.4,100,0,0.6,2,6974,0.01,0.04,88.7,82.7,77.8,80.3,27.13,26.77,26.22,26.52
27.2,973,122.4,100,0,0.3,2,6977,0,0.04,88.7,82.7,77.8,80.3,27.12,26.76,26.22,26.52
27.24,975,122.5,100,0,-0.1,2,6981,0,0.04,88.6,82.6,77.8,80.3,27.12,26.76,26.22,26.52
27.28,976,122.5,100,0,0.8,2,6984,0.01,0.04,88.6,82.6,77.7,80.2,27.12,26.76,26.22,26.52
27.32,977,122.6,100,0,0.1,2,6987,0,0.04,88.6,82.6,77.7,80.2,27.12,26.76,26.22,26.52
27.36,979,122.6,100,0,0.3,2,6990,0.02,0.04,88.6,82.6,77.7,80.2,27.12,26.76,26.22,26.52
27.4,980,122.7,100,0,0.6,2,6994,0.01,0.04,88.6,82.6,77.7,80.2,27.12,26.76,26.22,26.52
27.44,982,122.8,100,0,0.1,2,6997,0.01,0.04,88.6,82.6,77.7,80.2,27.12,26.76,26.21,26.51
27.48,983,122.8,100,0,0.1,2,7000,-0.02,0.04,88.6,82.6,77.7,80.2,27.12,26.76,26.21,26.51
27.52,984,122.9,100,0,0.5,2,7004,0.01,0.04,88.6,82.6,77.7,80.2,27.12,26.76,26.21,26.51
27.56,986,122.9,100,0,-0.2,2,7007,-0.02,0.04,88.5,82.5,77.7,80.2,27.12,26.76,26.21,26.51
27.6,987,123,100,0,-0.3,2,7010,-0.03,0.04,88.5,82.5,77.7,80.2,27.12,26.76,26.21,26.51
27.64,988,123,100,0,-0.4,2,7013,0.01,0.04,88.5,82.5,77.6,80.1,27.11,26.75,26.21,26.51
27.68,990,123.1,100,0,-0.1,2,7017,0,0.04,88.5,82.5,77.6,80.1,27.11,26.75,26.21,26.51
27.72,991,123.2,100,0,0.4,2,7020,0.01,0.04,88.5,82.5,77.6,80.1,27.11,26.75,26.21,26.51
27.76,992,123.2,100,0,-0.2,2,7023,-0.01,0.04,88.5,82.5,77.6,80.1,27.11,26.75,26.21,26.51
27.8,994,123.3,100,0,-0.3,2,7027,-0.01,0.04,88.5,82.5,77.6,80.1,27.11,26.75,26.21,26.51
27.84,995,123.3,100,0,0.5,2,7030,0.02,0.04,88.5,82.5,77.6,80.1,27.11,26.75,26.21,26.51
27.88,997,123.4,100,0,0.8,2,7033,0,0.04,88.5,82.5,77.6,80.1,27.11,26.75,26.21,26.51
27.92,998,123.4,100,0,0,2,7036,0.02,0.04,88.4,82.4,77.6,80.1,27.11,26.75,26.2,26.5
27.96,999,123.5,100,0,0.5,2,7040,-0.02,0.04,88.4,82.4,77.5,80,27.11,26.75,26.2,26.5
28,1001,123.6,100,0,0,2,7043,0.02,0.04,88.4,82.4,77.5,80,27.11,26.75,26.2,26.5
28.04,1002,123.6,100,0,0.8,2,7046,-0.01,0.04,88.4,82.4,77.5,80,27.11,26.75,26.2,26.5
28.08,1003,123.7,100,0,-0.2,2,7050,0.01,0.04,88.4,82.4,77.5,80,27.1,26.74,26.2,26.5
28.12,1005,123.7,100,0,-0.7,2,7053,-0.03,0.04,88.4,82.4,77.5,80,27.1,26.74,26.2,26.5
28.16,1006,123.8,100,0,0.1,2,7056,0,0.04,88.4,82.4,77.5,80,27.1,26.74,26.2,26.5
28.2,1008,123.8,100,0,0.1,2,7059,-0.01,0.04,88.4,82.4,77.5,80,27.1,26.74,26.2,26.5
28.24,1009,123.9,100,0,-0.3,2,7063,0,0.04,88.3,82.3,77.5,80,27.1,26.74,26.2,26.5
28.28,1010,124,100,0,-0.3,2,7066,-0.01,0.04,88.3,82.3,77.5,80,27.1,26.74,26.2,26.5
28.32,1012,124,100,0,0,2,7069,0,0.04,88.3,82.3,77.5,80,27.1,26.74,26.2,26.5
28.36,1013,124.1,100,0,-0.1,2,7073,0,0.04,88.3,82.3,77.5,80,27.1,26.74,26.2,26.5
28.4,1014,124.1,100,0,0.2,2,7076,-0.04,0.04,88.3,82.3,77.5,80,27.1,26.74,26.2,26.5
28.44,1016,124.2,100,0,0.1,2,7079,-0.02,0.04,88.3,82.3,77.5,80,27.1,26.74,26.2,26.5
28.48,1017,124.3,100,0,0.1,2,7082,-0.01,0.04,88.3,82.3,77.5,80,27.1,26.74,26.2,26.5
28.52,1019,124.3,100,0,0.3,2,7086,0.01,0.04,88.3,82.3,77.5,80,27.09,26.73,26.2,26.5
28.56,1020,124.4,100,0,-0.3,2,7089,-0.01,0.04,88.2,82.2,77.5,80,27.09,26.73,26.2,26.5
28.6,1021,124.4,100,0,-0.1,2,7092,-0.02,0.04,88.2,82.2,77.5,80,27.09,26.73,26.2,26.5
28.64,1023,124.5,100,0,-0.3,2,7096,-0.01,0.04,88.2,82.2,77.5,80,27.09,26.73,26.2,26.5
28.68,1024,124.5,100,0,0.5,2,7099,-0.02,0.04,88.2,82.2,77.5,80,27.09,26.73,26.2,26.5
28.72,1025,124.6,100,0,0.1,2,7102,-0.02,0.04,88.2,82.2,77.5,80,27.09,26.73,26.2,26.5
28.76,1027,124.7,100,0,0.1,2,7105,0.01,0.04,88.2,82.2,77.5,80,27.09,26.73,26.2,26.5
28.8,1028,124.7,100,0,-0.2,2,7109,0.05,0.04,88.2,82.2,77.5,80,27.09,26.73,26.2,26.5
28.84,1030,124.8,100,0,0.1,2,7112,-0.02,0.04,88.2,82.2,77.5,80,27.09,26.73,26.2,26.5
28.88,1031,124.8,100,0,0.1,2,7115,-0.02,0.04,88.2,82.2,77.5,80,27.09,26.73,26.2,26.5
28.92,1032,124.9,100,0,-0.3,2,7119,0.02,0.04,88.1,82.1,77.5,80,27.09,26.73,26.2,26.5
28.96,1034,124.9,100,0,-0.2,2,7122,0,0.04,88.1,82.1,77.5,80,27.08,26.72,26.2,26.5
29,1035,125,100,0,-0.2,2,7125,0,0.04,88.1,82.1,77.5,80,27.08,26.72,26.2,26.5
29.04,1037,125.1,100,0,-0.7,2,7128,-0.02,0.04,88.1,82.1,77.5,80,27.08,26.72,26.2,26.5
29.08,1038,125.1,100,0,0.1,2,7132,0.03,0.04,88.1,82.1,77.5,80,27.08,26.72,26.2,26.5
29.12,1039,125.2,100,0,0.1,2,7135,0.03,0.04,88.1,82.1,77.5,80,27.08,26.72,26.2,26.5
29.16,1041,125.2,100,0,0.1,2,7138,-0.02,0.04,88.1,82.1,77.5,80,27.08,26.72,26.2,26.5
29.2,1042,125.3,100,0,-0.2,2,7142,-0.03,0.04,88.1,82.1,77.5,80,27.08,26.72,26.2,26.5
29.24,1044,125.3,100,0,-0.2,2,7145,0,0.04,88,82,77.5,80,27.08,26.72,26.2,26.5
29.28,1045,125.4,100,0,0.4,2,7148,-0.01,0.04,88,82,77.5,80,27.08,26.72,26.2,26.5
29.32,1046,125.5,100,0,0,2,7151,0,0.04,88,82,77.5,80,27.08,26.72,26.2,26.5
29.36,1048,125.5,100,0,-0.2,2,7155,0.02,0.04,88,82,77.5,80,27.08,26.72,26.2,26.5
29.4,1049,125.6,100,0,0.2,2,7158,0.01,0.04,88,82,77.5,80,27.07,26.71,26.2,26.5
29.44,1050,125.6,100,0,-0.7,2,7161,-0.01,0.04,88,82,77.5,80,27.07,26.71,26.2,26.5
29.48,1052,125.7,100,0,0.5,2,7165,0.03,0.04,88,82,77.5,80,27.07,26.71,26.2,26.5
29.52,1053,125.8,100,0,0.1,2,7168,-0.03,0.04,88,82,77.5,80,27.07,26.71,26.2,26.5
29.56,1055,125.8,100,0,-0.3,2,7171,-0.01,0.04,87.9,81.9,77.5,80,27.07,26.71,26.2,26.5
29.6,1056,125.9,100,0,0,2,7174,0.02,0.04,87.9,81.9,77.5,80,27.07,26.71,26.2,26.5
29.64,1057,125.9,100,0,0.8,2,7178,-0.03,0.04,87.9,81.9,77.5,80,27.07,26.71,26.2,26.5
29.68,1059,126,100,0,0.4,2,7181,-0.02,0.04,87.9,81.9,77.5,80,27.07,26.71,26.2,26.5
29.72,1060,126,100,0,0.5,2,7184,0,0.04,87.9,81.9,77.5,80,27.07,26.71,26.2,26.5
29.76,1062,126.1,100,0,0.6,2,7187,-0.06,0.04,87.9,81.9,77.5,80,27.07,26.71,26.2,26.5
29.8,1063,126.2,100,0,1.1,2,7191,-0.01,0.04,87.9,81.9,77.5,80,27.07,26.71,26.2,26.5
29.84,1064,126.2,100,0,-0.3,2,7194,0.02,0.04,87.9,81.9,77.5,80,27.06,26.7,26.2,26.5
29.88,1066,126.3,100,0,-0.3,2,7197,0,0.04,87.9,81.9,77.5,80,27.06,26.7,26.2,26.5
29.92,1067,126.3,100,0,0.3,2,7201,0,0.04,87.8,81.8,77.5,80,27.06,26.7,26.2,26.5
29.96,1069,126.4,100,0,-0.2,2,7204,0,0.04,87.8,81.8,77.5,80,27.06,26.7,26.2,26.5
30,1070,126.4,100,0,0,2,7207,-0.02,0.04,87.8,81.8,77.5,80,27.06,26.7,26.2,26.5
30.04,1071,126.5,100,0,0.3,2,7210,0.01,0.04,87.8,81.8,77.5,80,27.06,26.7,26.2,26.5
30.08,1073,126.6,100,0,-0.3,2,7214,0,0.04,87.8,81.8,77.5,80,27.06,26.7,26.2,26.5
30.12,1074,126.6,100,0,-0.1,2,7217,0,0.04,87.8,81.8,77.5,80,27.06,26.7,26.2,26.5
30.16,1076,126.7,100,0,0.6,2,7220,-0.01,0.04,87.8,81.8,77.5,80,27.06,26.7,26.2,26.5
30.2,1077,126.7,100,0,-0.7,2,7224,0,0.04,87.8,81.8,77.5,80,27.06,26.7,26.2,26.5
30.24,1079,126.8,100,0,0,2,7227,0,0.04,87.7,81.8,77.5,80,27.06,26.7,26.2,26.5
30.28,1080,126.8,100,0,-0.1,2,7230,-0.01,0.04,87.7,81.8,77.5,80,27.05,26.7,26.2,26.5
30.32,1081,126.9,100,0,-0.4,2,7233,0,0.04,87.7,81.8,77.5,80,27.05,26.7,26.2,26.5
30.36,1083,127,100,0,0.6,2,7237,-0.02,0.04,87.7,81.8,77.5,80,27.05,26.7,26.2,26.5
30.4,1084,127,100,0,0.9,2,7240,0,0.04,87.7,81.8,77.5,80,27.05,26.7,26.2,26.5
30.44,1086,127.1,100,0,0.1,2,7243,0,0.04,87.7,81.8,77.5,80,27.05,26.7,26.2,26.5
30.48,1087,127.1,100,0,-0.1,2,7247,0,0.04,87.7,81.8,77.5,80,27.05,26.7,26.2,26.5
30.52,1088,127.2,100,0,0,2,7250,0,0.04,87.7,81.8,77.5,80,27.05,26.7,26.2,26.5
30.56,1090,127.2,100,0,0.3,2,7253,-0.01,0.04,87.6,81.8,77.5,80,27.05,26.7,26.2,26.5
30.6,1091,127.3,100,0,0.1,2,7256,-0.01,0.04,87.6,81.8,77.5,80,27.05,26.7,26.2,26.5
30.64,1093,127.4,100,0,0.1,2,7260,0,0.04,87.6,81.8,77.5,80,27.05,26.7,26.2,26.5
30.68,1094,127.4,100,0,0.1,2,7263,0.01,0.04,87.6,81.8,77.5,80,27.05,26.7,26.2,26.5
30.72,1095,127.5,100,0,0,2,7266,0.03,0.04,87.6,81.8,77.5,80,27.05,26.7,26.2,26.5
30.76,1097,127.5,100,0,0.4,2,7270,0.01,0.04,87.6,81.8,77.5,80,27.04,26.7,26.2,26.5
30.8,1098,127.6,100,0,1.2,2,7273,0.02,0.04,87.6,81.8,77.5,80,27.04,26.7,26.2,26.5
30.84,1100,127.7,100,0,0.5,2,7276,0.03,0.04,87.6,81.8,77.5,80,27.04,26.7,26.2,26.5
30.88,1101,127.7,100,0,-0.1,2,7279,0.02,0.04,87.6,81.8,77.5,80,27.04,26.7,26.2,26.5
30.92,1103,127.8,100,0,-0.2,2,7283,0.03,0.04,87.5,81.8,77.5,80,27.04,26.7,26.2,26.5
30.96,1104,127.8,100,0,-0.2,2,7286,0.03,0.04,87.5,81.8,77.5,80,27.04,26.7,26.2,26.5
31,1105,127.9,100,0,0.1,2,7289,-0.02,0.04,87.5,81.8,77.5,80,27.04,26.7,26.2,26.5
31.04,1107,127.9,100,0,0.3,2,7293,-0.03,0.04,87.5,81.8,77.5,80,27.04,26.7,26.2,26.5
31.08,1108,128,100,0,-0.3,2,7296,-0.02,0.04,87.5,81.8,77.5,80,27.04,26.7,26.2,26.5
31.12,1110,128.1,100,0,-0.2,2,7299,0,0.04,87.5,81.8,77.5,80,27.04,26.7,26.2,26.5
31.16,1111,128.1,100,0,0.2,2,7302,0.05,0.04,87.5,81.8,77.5,80,27.04,26.7,26.2,26.5
31.2,1113,128.2,100,0,0.5,2,7306,0,0.04,87.5,81.8,77.5,80,27.03,26.7,26.2,26.5
31.24,1114,128.2,100,0,0.3,2,7309,0.03,0.04,87.4,81.8,77.5,80,27.03,26.7,26.2,26.5
31.28,1115,128.3,100,0,0.3,2,7312,0.02,0.04,87.4,81.8,77.5,80,27.03,26.7,26.2,26.5
31.32,1117,128.3,100,0,0,2,7316,-0.04,0.04,87.4,81.8,77.5,80,27.03,26.7,26.2,26.5
31.36,1118,128.4,100,0,0.1,2,7319,0.02,0.04,87.4,81.8,77.5,80,27.03,26.7,26.2,26.5
31.4,1120,128.5,100,0,0.7,2,7322,0.03,0.04,87.4,81.8,77.5,80,27.03,26.7,26.2,26.5
31.44,1121,128.5,100,0,0.4,2,7325,-0.01,0.04,87.4,81.8,77.5,80,27.03,26.7,26.2,26.5
31.48,1123,128.6,100,0,0.3,2,7329,-0.01,0.04,87.4,81.8,77.5,80,27.03,26.7,26.2,26.5
31.52,1124,128.6,100,0,0,2,7332,0,0.04,87.4,81.8,77.5,80,27.03,26.7,26.2,26.5
31.56,1125,128.7,100,0,0.6,2,7335,0.04,0.04,87.3,81.8,77.5,80,27.03,26.7,26.2,26.5
31.6,1127,128.7,100,0,-0.4,2,7339,-0.03,0.04,87.3,81.8,77.5,80,27.03,26.7,26.2,26.5
31.64,1128,128.8,100,0,-0.2,2,7342,0.01,0.04,87.3,81.8,77.5,80,27.02,26.7,26.2,26.5
31.68,1130,128.9,100,0,0.3,2,7345,-0.02,0.04,87.3,81.8,77.5,80,27.02,26.7,26.2,26.5
31.72,1131,128.9,100,0,0.7,2,7348,0,0.04,87.3,81.8,77.5,80,27.02,26.7,26.2,26.5
31.76,1133,129,100,0,-0.3,2,7352,-0.02,0.04,87.3,81.8,77.5,80,27.02,26.7,26.2,26.5
31.8,1134,129,100,0,0.6,2,7355,0.01,0.04,87.3,81.8,77.5,80,27.02,26.7,26.2,26.5
31.84,1135,129.1,100,0,1.2,2,7358,-0.04,0.04,87.3,81.8,77.5,80,27.02,26.7,26.2,26.5
31.88,1137,129.1,100,0,-0.4,2,7361,-0.02,0.04,87.3,81.8,77.5,80,27.02,26.7,26.2,26.5
31.92,1138,129.2,100,0,0.2,2,7365,0.02,0.04,87.2,81.8,77.5,80,27.02,26.7,26.2,26.5
31.96,1140,129.3,100,0,-0.2,2,7368,-0.02,0.04,87.2,81.8,77.5,80,27.02,26.7,26.2,26.5
32,1141,129.3,100,0,-0.1,2,7371,0,0.04,87.2,81.8,77.5,80,27.02,26.7,26.2,26.5
32.04,1143,129.4,100,0,-0.3,2,7375,0.01,0.04,87.2,81.8,77.5,80,27.02,26.7,26.2,26.5
32.08,1144,129.4,100,0,-0.1,2,7378,0.01,0.04,87.2,81.8,77.5,80,27.01,26.7,26.2,26.5
32.12,1145,129.5,100,0,-0.1,2,7381,-0.01,0.04,87.2,81.8,77.5,80,27.01,26.7,26.2,26.5
32.16,1147,129.6,100,0,-0.7,2,7384,-0.02,0.04,87.2,81.8,77.5,80,27.01,26.7,26.2,26.5
32.2,1148,129.6,100,0,0.1,2,7388,-0.03,0.04,87.2,81.8,77.5,80,27.01,26.7,26.2,26.5
32.24,1150,129.7,100,0,0,2,7391,0,0.04,87.1,81.8,77.5,80,27.01,26.7,26.2,26.5
32.28,1151,129.7,100,0,-0.8,2,7394,0.01,0.04,87.1,81.8,77.5,80,27.01,26.7,26.2,26.5
32.32,1153,129.8,100,0,-0.2,2,7398,-0.01,0.04,87.1,81.8,77.5,80,27.01,26.7,26.2,26.5
32.36,1154,129.8,100,0,0.3,2,7401,-0.01,0.04,87.1,81.8,77.5,80,27.01,26.7,26.2,26.5
32.4,1156,129.9,100,0,-0.2,2,7404,0.01,0.04,87.1,81.8,77.5,80,27.01,26.7,26.2,26.5
32.44,1157,130,100,0,0.4,2,7407,-0.01,0.04,87.1,81.8,77.5,80,27.01,26.7,26.2,26.5
32.48,1158,130,100,0,-0.8,2,7411,0,0.04,87.1,81.8,77.5,80,27.01,26.7,26.2,26.5
32.52,1160,130.1,100,0,0.1,2,7414,-0.01,0.04,87.1,81.8,77.5,80,27,26.7,26.2,26.5
32.56,1161,130.1,100,0,-0.6,2,7417,0.01,0.04,87,81.8,77.5,80,27,26.7,26.2,26.5
32.6,1163,130.2,100,0,0,2,7421,0.01,0.04,87,81.8,77.5,80,27,26.7,26.2,26.5
32.64,1164,130.2,100,0,0.2,2,7424,0.02,0.04,87,81.8,77.5,80,27,26.7,26.2,26.5
32.68,1166,130.3,100,0,-0.6,2,7427,0,0.04,87,81.8,77.5,80,27,26.7,26.2,26.5
32.72,1167,130.4,100,0,-0.3,2,7430,-0.01,0.04,87,81.8,77.5,80,27,26.7,26.2,26.5
32.76,1169,130.4,100,0,0.6,2,7434,0.05,0.04,87,81.8,77.5,80,27,26.7,26.2,26.5
32.8,1170,130.5,100,0,0.1,2,7437,0.01,0.04,87,81.8,77.5,80,27,26.7,26.2,26.5
32.84,1171,130.5,100,0,0.1,2,7440,-0.02,0.04,87,81.8,77.5,80,27,26.7,26.2,26.5
32.88,1173,130.6,100,0,0.4,2,7444,0.04,0.04,87,81.8,77.5,80,27,26.7,26.2,26.5
32.92,1174,130.6,100,0,0.3,2,7447,0,0.04,86.9,81.8,77.5,80,27,26.7,26.2,26.5
32.96,1176,130.7,100,0,-0.4,2,7450,-0.01,0.04,86.9,81.8,77.5,80,26.99,26.7,26.2,26.5
33,1177,130.8,100,0,0.2,2,7453,-0.02,0.04,86.9,81.8,77.5,80,26.99,26.7,26.2,26.5
33.04,1179,130.8,100,0,-0.4,2,7457,-0.02,0.04,86.9,81.8,77.5,80,26.99,26.7,26.2,26.5
33.08,1180,130.9,100,0,0.4,2,7460,-0.01,0.04,86.9,81.8,77.5,80,26.99,26.7,26.2,26.5
33.12,1182,130.9,100,0,-0.3,2,7463,-0.02,0.04,86.9,81.8,77.5,80,26.99,26.7,26.2,26.5
33.16,1183,131,100,0,0.3,2,7467,0,0.04,86.9,81.8,77.5,80,26.99,26.7,26.2,26.5
33.2,1185,131,100,0,-0.3,2,7470,-0.03,0.04,86.9,81.8,77.5,80,26.99,26.7,26.2,26.5
33.24,1186,131.1,100,0,0,2,7473,0.04,0.04,86.8,81.8,77.5,80,26.99,26.7,26.2,26.5
33.28,1187,131.2,100,0,-0.4,2,7476,-0.01,0.04,86.8,81.8,77.5,80,26.99,26.7,26.2,26.5
33.32,1189,131.2,100,0,-0.3,2,7480,0.01,0.04,86.8,81.8,77.5,80,26.99,26.7,26.2,26.5
33.36,1190,131.3,100,0,-0.8,2,7483,0.01,0.04,86.8,81.8,77.5,80,26.99,26.7,26.2,26.5
33.4,1192,131.3,100,0,0.5,2,7486,-0.04,0.04,86.8,81.8,77.5,80,26.98,26.7,26.2,26.5
33.44,1193,131.4,100,0,0.4,2,7490,-0.01,0.04,86.8,81.8,77.5,80,26.98,26.7,26.2,26.5
33.48,1195,131.5,100,0,0.4,2,7493,-0.01,0.04,86.8,81.8,77.5,80,26.98,26.7,26.2,26.5
33.52,1196,131.5,100,0,-0.3,2,7496,0.01,0.04,86.8,81.8,77.5,80,26.98,26.7,26.2,26.5
33.56,1198,131.6,100,0,0.6,2,7499,-0.01,0.04,86.7,81.8,77.5,80,26.98,26.7,26.2,26.5
33.6,1199,131.6,100,0,-0.5,2,7503,-0.02,0.04,86.7,81.8,77.5,80,26.98,26.7,26.2,26.5
33.64,1201,131.7,100,0,0.3,2,7506,0.03,0.04,86.7,81.8,77.5,80,26.98,26.7,26.2,26.5
33.68,1202,131.7,100,0,0.3,2,7509,0.03,0.04,86.7,81.8,77.5,80,26.98,26.7,26.2,26.5
33.72,1203,131.8,100,0,0.5,2,7513,-0.01,0.04,86.7,81.8,77.5,80,26.98,26.7,26.2,26.5
33.76,1205,131.9,100,0,-0.6,2,7516,0,0.04,86.7,81.8,77.5,80,26.98,26.7,26.2,26.5
33.8,1206,131.9,100,0,0.7,2,7519,0.03,0.04,86.7,81.8,77.5,80,26.98,26.7,26.2,26.5
33.84,1208,132,100,0,-0.4,2,7522,0,0.04,86.7,81.8,77.5,80,26.97,26.7,26.2,26.5
33.88,1209,132,100,0,-0.4,2,7526,-0.01,0.04,86.7,81.8,77.5,80,26.97,26.7,26.2,26.5
33.92,1211,132.1,100,0,0.2,2,7529,0.06,0.04,86.6,81.8,77.5,80,26.97,26.7,26.2,26.5
33.96,1212,132.1,100,0,-0.7,2,7532,-0.01,0.04,86.6,81.8,77.5,80,26.97,26.7,26.2,26.5
34,1214,132.2,100,0,-0.2,2,7536,0.04,0.04,86.6,81.8,77.5,80,26.97,26.7,26.2,26.5
34.04,1215,132.3,100,0,0,2,7539,0,0.04,86.6,81.8,77.5,80,26.97,26.7,26.2,26.5
34.08,1217,132.3,100,0,-0.1,2,7542,0.01,0.04,86.6,81.8,77.5,80,26.97,26.7,26.2,26.5
34.12,1218,132.4,100,0,-0.1,2,7545,0.01,0.04,86.6,81.8,77.5,80,26.97,26.7,26.2,26.5
34.16,1220,132.4,100,0,0,2,7549,-0.03,0.04,86.6,81.8,77.5,80,26.97,26.7,26.2,26.5
34.2,1221,132.3,0,5,-0.2,2,7540,0,-1.85,86.7,81.8,77.5,80,26.98,26.7,26.2,26.5
34.24,1223,132,0,11,1.4,2,7521,0,-1.85,86.8,81.9,77.5,80,26.99,26.71,26.2,26.5
34.28,1224,131.5,0,16,0.4,2,7494,0,-1.85,86.9,81.9,77.5,80,26.99,26.71,26.2,26.5
34.32,1225,130.8,0,22,0.5,2,7456,0,-1.85,87,82,77.5,80,27,26.71,26.2,26.5
34.36,1227,130,0,28,1.2,2,7408,0,-1.85,87.2,82,77.5,80,27.01,26.72,26.2,26.5
34.4,1228,129,0,34,0.1,2,7350,0,-1.85,87.3,82,77.5,80,27.02,26.72,26.2,26.5
34.44,1230,127.8,0,40,-0.5,2,7282,0,-1.85,87.4,82.1,77.5,80,27.03,26.72,26.2,26.5
34.48,1231,126.4,0,46,-0.3,2,7203,0,-1.85,87.5,82.1,77.5,80,27.04,26.72,26.2,26.5
34.52,1233,124.8,0,52,-1.3,2,7114,0,-1.85,87.6,82.2,77.5,80,27.05,26.73,26.2,26.5
34.56,1234,123.1,0,57,-0.7,2,7017,0,-1.85,87.8,82.2,77.5,80,27.06,26.73,26.2,26.5
34.6,1235,121.2,0,63,0.5,2,6909,0,-1.85,87.9,82.2,77.5,80,27.07,26.73,26.2,26.5
34.64,1237,119.2,0,68,0.9,2,6793,0,-1.85,88,82.3,77.5,80,27.08,26.74,26.2,26.5
34.68,1238,117,0,74,0.4,2,6666,0,-1.85,88.1,82.3,77.5,80,27.08,26.74,26.2,26.5
34.72,1239,114.6,0,79,-0.9,2,6531,0,-1.85,88.2,82.4,77.5,80,27.09,26.74,26.2,26.5
34.76,1241,112.1,0,84,0,2,6388,0,-1.85,88.4,82.4,77.5,80,27.1,26.75,26.2,26.5
34.8,1242,109.4,0,89,0,2,6235,0,-1.85,88.5,82.4,77.5,80,27.11,26.75,26.2,26.5
34.84,1243,106.6,0,94,-0.2,2,6075,0,-1.85,88.6,82.5,77.5,80,27.12,26.75,26.2,26.5
34.88,1244,103.6,0,98,0.6,2,5907,0,-1.85,88.7,82.5,77.5,80,27.13,26.75,26.2,26.5
34.92,1245,100.7,0,98,1.2,2,5739,0,-1.85,88.8,82.6,77.5,80,27.14,26.76,26.2,26.5
34.96,1247,97.8,0,98,0.4,2,5572,0,-1.85,89,82.6,77.5,80,27.15,26.76,26.2,26.5
35,1248,94.8,0,98,0.2,1,7395,0,-1.85,89.1,82.6,77.5,80,27.16,26.76,26.2,26.5
35.04,1249,91.9,0,98,0.1,1,7166,0,-1.85,89.2,82.7,77.5,80,27.17,26.77,26.2,26.5
35.08,1250,88.9,0,98,-0.3,1,6937,0,-1.85,89.3,82.7,77.5,80,27.17,26.77,26.2,26.5
35.12,1251,86,0,98,0,1,6707,0,-1.85,89.4,82.8,77.5,80,27.18,26.77,26.2,26.5
35.16,1252,83.1,0,98,0.8,1,6478,0,-1.85,89.6,82.8,77.5,80,27.19,26.78,26.2,26.5
35.2,1253,80.1,0,98,-1.1,1,6249,0,-1.85,89.7,82.8,77.5,80,27.2,26.78,26.2,26.5
35.24,1253,77.2,0,98,-0.3,1,6019,0,-1.85,89.8,82.9,77.5,80,27.21,26.78,26.2,26.5
35.28,1254,74.2,0,98,-0.6,1,5790,0,-1.85,89.9,82.9,77.5,80,27.22,26.78,26.2,26.5
35.32,1255,71.3,0,98,0.3,1,5561,0,-1.85,90,83,77.5,80,27.23,26.79,26.2,26.5
35.36,1256,68.4,0,98,0.9,1,5331,0,-1.85,90.2,83,77.5,80,27.24,26.79,26.2,26.5
35.4,1257,65.4,0,98,0.7,1,5102,0,-1.85,90.3,83,77.5,80,27.25,26.79,26.2,26.5
35.44,1257,64,0,98,-0.2,1,4992,0,-1.85,90.4,83.1,77.5,80,27.26,26.8,26.2,26.5
35.48,1258,64,0,98,0.4,1,4992,0,-1.85,90.5,83.1,77.5,80,27.26,26.8,26.2,26.5
35.52,1259,64,0,98,-0.2,1,4992,0,-1.85,90.6,83.2,77.5,80,27.27,26.8,26.2,26.5
35.56,1260,64,0,98,-0.5,1,4992,0,-1.85,90.8,83.2,77.5,80,27.28,26.81,26.2,26.5
35.6,1260,64,0,98,-0.3,1,4992,0,-1.85,90.9,83.2,77.5,80,27.29,26.81,26.2,26.5
35.64,1261,64,0,98,-0.1,1,4992,0,-1.85,91,83.3,77.5,80,27.3,26.81,26.2,26.5
35.68,1262,64,0,98,-0.2,1,4992,0,-1.85,91.1,83.3,77.5,80,27.31,26.81,26.2,26.5
35.72,1262,64,0,98,-0.3,1,4992,0,-1.85,91.2,83.4,77.5,80,27.32,26.82,26.2,26.5
35.76,1263,64,0,98,0.1,1,4992,0,-1.85,91.4,83.4,77.5,80,27.33,26.82,26.2,26.5
35.8,1264,64,0,98,1.5,1,4992,0,-1.85,91.5,83.4,77.5,80,27.34,26.82,26.2,26.5
35.84,1265,64,0,98,1.1,1,4992,0,-1.85,91.6,83.5,77.5,80,27.35,26.83,26.2,26.5
35.88,1265,64,0,98,0.2,1,4992,0,-1.85,91.7,83.5,77.5,80,27.35,26.83,26.2,26.5
35.92,1266,64,0,98,0,1,4992,0,-1.85,91.8,83.6,77.5,80,27.36,26.83,26.2,26.5
35.96,1267,64,0,98,-0.7,1,4992,0,-1.85,92,83.6,77.5,80,27.37,26.84,26.2,26.5
36,1267,64,0,98,0,1,4992,0,-1.85,92.1,83.6,77.5,80,27.38,26.84,26.2,26.5
36.04,1268,64,0,98,0.3,1,4992,0,-1.85,92.2,83.7,77.5,80,27.39,26.84,26.2,26.5
36.08,1269,64,0,98,0.2,1,4992,0,-1.85,92.3,83.7,77.5,80,27.4,26.84,26.2,26.5
36.12,1270,64,0,98,0.3,1,4992,0,-1.85,92.4,83.8,77.5,80,27.41,26.85,26.2,26.5
36.16,1270,64,0,98,-0.1,1,4992,0,-1.85,92.6,83.8,77.5,80,27.42,26.85,26.2,26.5
36.2,1271,64,0,98,-0.1,1,4992,0,-1.85,92.7,83.8,77.5,80,27.43,26.85,26.2,26.5
36.24,1272,64,0,98,-0.4,1,4992,0,-1.85,92.8,83.9,77.5,80,27.44,26.86,26.2,26.5
36.28,1272,64,0,98,0.3,1,4992,0,-1.85,92.9,83.9,77.5,80,27.44,26.86,26.2,26.5
36.32,1273,64,0,98,-0.2,1,4992,0,-1.85,93,84,77.5,80,27.45,26.86,26.2,26.5
36.36,1274,64,0,98,0.5,1,4992,0,-1.85,93.2,84,77.5,80,27.46,26.87,26.2,26.5
36.4,1275,64,0,98,-0.5,1,4992,0,-1.85,93.3,84,77.5,80,27.47,26.87,26.2,26.5
36.44,1275,64,0,98,0.3,1,4992,0,-1.85,93.4,84.1,77.5,80,27.48,26.87,26.2,26.5
36.48,1276,64,0,98,1.4,1,4992,0,-1.85,93.5,84.1,77.5,80,27.49,26.87,26.2,26.5
36.52,1277,64,0,98,0.1,1,4992,0,-1.85,93.6,84.2,77.5,80,27.5,26.88,26.2,26.5
36.56,1277,64,0,98,-1.6,1,4992,0,-1.85,93.8,84.2,77.5,80,27.51,26.88,26.2,26.5
36.6,1278,64,0,98,1.2,1,4992,0,-1.85,93.9,84.2,77.5,80,27.52,26.88,26.2,26.5
36.64,1279,64,0,98,-0.5,1,4992,0,-1.85,94,84.3,77.5,80,27.53,26.89,26.2,26.5
36.68,1279,64,0,98,-0.8,1,4992,0,-1.85,94.1,84.3,77.5,80,27.53,26.89,26.2,26.5
36.72,1280,64,0,98,1.6,1,4992,0,-1.85,94.2,84.4,77.5,80,27.54,26.89,26.2,26.5
36.76,1281,64,0,98,-0.4,1,4992,0,-1.85,94.4,84.4,77.5,80,27.55,26.9,26.2,26.5
36.8,1282,64,0,98,0,1,4992,0,-1.85,94.5,84.4,77.5,80,27.56,26.9,26.2,26.5
36.84,1282,64,0,98,0.7,1,4992,0,-1.85,94.6,84.5,77.5,80,27.57,26.9,26.2,26.5
36.88,1283,64,0,98,-0.8,1,4992,0,-1.85,94.7,84.5,77.5,80,27.58,26.9,26.2,26.5
36.92,1284,64,0,98,1,1,4992,0,-1.85,94.8,84.6,77.5,80,27.59,26.91,26.2,26.5
36.96,1284,64,0,98,0.6,1,4992,0,-1.85,95,84.6,77.5,80,27.6,26.91,26.2,26.5
37,1285,64,0,98,-0.2,1,4992,0,-1.85,95.1,84.6,77.5,80,27.61,26.91,26.2,26.5
37.04,1286,64,0,98,0.5,1,4992,0,-1.85,95.2,84.7,77.5,80,27.62,26.92,26.2,26.5
37.08,1287,64,0,98,1,1,4992,0,-1.85,95.3,84.7,77.5,80,27.62,26.92,26.2,26.5
37.12,1287,64,0,98,1.2,1,4992,0,-1.85,95.4,84.8,77.5,80,27.63,26.92,26.2,26.5
37.16,1288,64,0,98,2.2,1,4992,0,-1.85,95.6,84.8,77.5,80,27.64,26.93,26.2,26.5
37.2,1289,64,0,98,-0.9,1,4992,0,-1.85,95.7,84.8,77.5,80,27.65,26.93,26.2,26.5
37.24,1289,64,0,98,-1.5,1,4992,0,-1.85,95.8,84.9,77.5,80,27.66,26.93,26.2,26.5
37.28,1290,64,0,98,-0.5,1,4992,0,-1.85,95.9,84.9,77.5,80,27.67,26.93,26.2,26.5
37.32,1291,64,0,98,-0.1,1,4992,0,-1.85,96,85,77.5,80,27.68,26.94,26.2,26.5
37.36,1292,64,0,98,0,1,4992,0,-1.85,96.2,85,77.5,80,27.69,26.94,26.2,26.5
37.4,1292,64,0,98,0.9,1,4992,0,-1.4,96.3,85,77.5,80,27.7,26.94,26.2,26.5
37.44,1293,64,0,96,2.4,1,4992,0.02,-1.38,96.4,85.1,77.5,80,27.71,26.95,26.2,26.5
37.48,1294,64,0,95,2.3,1,4992,0.03,-1.37,96.5,85.1,77.5,80,27.71,26.95,26.2,26.5
37.52,1294,64,0,94,2.8,1,4992,0.04,-1.36,96.6,85.2,77.5,80,27.72,26.95,26.2,26.5
37.56,1295,64,0,93,3.5,1,4992,0.05,-1.35,96.8,85.2,77.5,80,27.73,26.96,26.2,26.5
37.6,1296,64,0,92,5.2,1,4992,0.06,-1.34,96.9,85.2,77.5,80,27.74,26.96,26.2,26.5
37.64,1297,64,0,91,6.7,1,4992,0.07,-1.33,97,85.3,77.5,80,27.75,26.96,26.2,26.5
37.68,1297,64,0,90,7.8,1,4992,0.08,-1.32,97.1,85.3,77.5,80,27.76,26.96,26.2,26.5
37.72,1298,64,0,89,9.1,1,4992,0.09,-1.3,97.2,85.4,77.5,80,27.77,26.97,26.2,26.5
37.76,1299,64,0,88,9.2,1,4992,0.1,-1.29,97.4,85.4,77.5,80,27.78,26.97,26.2,26.5
37.8,1299,64,0,87,9.9,1,4992,0.11,-1.28,97.5,85.4,77.5,80,27.79,26.97,26.2,26.5
37.84,1300,64,0,86,11.5,1,4992,0.12,-1.27,97.6,85.5,77.5,80,27.8,26.98,26.2,26.5
37.88,1301,64,0,85,12.1,1,4992,0.13,-1.26,97.7,85.5,77.5,80,27.8,26.98,26.2,26.5
37.92,1302,64,0,83,13.4,1,4992,0.15,-1.25,97.8,85.6,77.5,80,27.81,26.98,26.2,26.5
37.96,1302,64,0,82,14,1,4992,0.16,-1.24,98,85.6,77.5,80,27.82,26.99,26.2,26.5
38,1303,64,0,81,14.1,1,4992,0.17,-1.23,98.1,85.6,77.5,80,27.83,26.99,26.2,26.5
38.04,1304,64,0,80,15.3,1,4992,0.18,-1.21,98.2,85.7,77.5,80,27.84,26.99,26.2,26.5
38.08,1304,64,0,79,16.3,1,4992,0.19,-1.2,98.3,85.7,77.5,80,27.85,26.99,26.2,26.5
38.12,1305,64,0,78,18.6,1,4992,0.2,-1.19,98.4,85.8,77.5,80,27.86,27,26.2,26.5
38.16,1306,64,0,77,20.1,1,4992,0.21,-1.18,98.6,85.8,77.5,80,27.87,27,26.2,26.5
38.2,1307,64,0,76,19.6,1,4992,0.22,-1.17,98.7,85.8,77.5,80,27.88,27,26.2,26.5
38.24,1307,64,0,75,21.4,1,4992,0.23,-1.16,98.8,85.9,77.5,80,27.89,27.01,26.2,26.5
38.28,1308,64,0,74,21.9,1,4992,0.24,-1.15,98.9,85.9,77.5,80,27.89,27.01,26.2,26.5
38.32,1309,64,0,73,23.5,1,4992,0.25,-1.14,99,86,77.5,80,27.9,27.01,26.2,26.5
38.36,1309,64,0,72,23.8,1,4992,0.26,-1.12,99.2,86,77.5,80,27.91,27.02,26.2,26.5
38.4,1310,64,0,71,24.1,1,4992,0.28,-1.11,99.3,86,77.5,80,27.92,27.02,26.2,26.5
38.44,1311,64,0,70,25.3,1,4992,0.29,-1.1,99.4,86.1,77.5,80,27.93,27.02,26.2,26.5
38.48,1311,64,0,69,26.7,1,4992,0.3,-1.09,99.5,86.1,77.5,80,27.94,27.02,26.2,26.5
38.52,1312,64,0,68,27,1,4992,0.31,-1.08,99.6,86.2,77.5,80,27.95,27.03,26.2,26.5
38.56,1313,64,0,67,27.8,1,4992,0.32,-1.07,99.8,86.2,77.5,80,27.96,27.03,26.2,26.5
38.6,1314,64,0,66,28.4,1,4992,0.33,-1.06,99.9,86.2,77.5,80,27.97,27.03,26.2,26.5
38.64,1314,64,0,65,30.8,1,4992,0.34,-1.04,100,86.3,77.5,80,27.98,27.04,26.2,26.5
38.68,1315,64,0,64,30.1,1,4992,0.35,-1.03,100.1,86.3,77.5,80,27.98,27.04,26.2,26.5
38.72,1316,64,0,63,32.1,1,4992,0.36,-1.02,100.2,86.4,77.5,80,27.99,27.04,26.2,26.5
38.76,1316,64,0,62,32,1,4992,0.37,-1.01,100.4,86.4,77.5,80,28,27.05,26.2,26.5
38.8,1317,64,0,61,34.4,1,4992,0.38,-1,100.5,86.4,77.5,80,28.01,27.05,26.2,26.5
38.84,1318,64,0,60,35.6,1,4992,0.39,-0.99,100.6,86.5,77.5,80,28.02,27.05,26.2,26.5
38.88,1319,64,0,59,35.1,1,4992,0.41,-0.98,100.7,86.5,77.5,80,28.03,27.05,26.2,26.5
38.92,1319,64,0,58,35.6,1,4992,0.42,-0.97,100.8,86.6,77.5,80,28.04,27.06,26.2,26.5
38.96,1320,64,0,57,37.6,1,4992,0.43,-0.95,101,86.6,77.5,80,28.05,27.06,26.2,26.5
39,1321,64,0,56,38.8,1,4992,0.44,-0.94,101.1,86.6,77.5,80,28.06,27.06,26.2,26.5
39.04,1321,64,0,55,38.9,1,4992,0.45,-0.93,101.2,86.7,77.5,80,28.07,27.07,26.2,26.5
39.08,1322,64,0,54,40.3,1,4992,0.46,-0.92,101.3,86.7,77.5,80,28.07,27.07,26.2,26.5
39.12,1323,64,0,54,41.1,1,4992,0.47,-0.91,101.4,86.8,77.5,80,28.08,27.07,26.2,26.5
39.16,1324,64,0,53,41.1,1,4992,0.48,-0.9,101.6,86.8,77.5,80,28.09,27.08,26.2,26.5
39.2,1324,64,0,52,42.4,1,4992,0.49,-0.89,101.7,86.8,77.5,80,28.1,27.08,26.2,26.5
39.24,1325,64,0,51,44.1,1,4992,0.5,-0.88,101.8,86.9,77.5,80,28.11,27.08,26.2,26.5
39.28,1326,64,0,50,43.2,1,4992,0.51,-0.86,101.9,86.9,77.5,80,28.12,27.08,26.2,26.5
39.32,1326,64,0,49,44.9,1,4992,0.53,-0.85,102,87,77.5,80,28.13,27.09,26.2,26.5
39.36,1327,64,0,48,46.6,1,4992,0.54,-0.84,102.2,87,77.5,80,28.14,27.09,26.2,26.5
39.4,1328,64,0,47,46.4,1,4992,0.55,-0.83,102.3,87,77.5,80,28.15,27.09,26.2,26.5
39.44,1329,64,0,46,47,1,4992,0.56,-0.82,102.4,87.1,77.5,80,28.16,27.1,26.2,26.5
39.48,1329,64,0,45,47.5,1,4992,0.57,-0.81,102.5,87.1,77.5,80,28.16,27.1,26.2,26.5
39.52,1330,64,0,44,47.5,1,4992,0.58,-0.8,102.6,87.2,77.5,80,28.17,27.1,26.2,26.5
39.56,1331,64,0,44,49.6,1,4992,0.59,-0.78,102.8,87.2,77.5,80,28.18,27.11,26.2,26.5
39.6,1331,64,0,43,51.5,1,4992,0.6,-0.77,102.9,87.2,77.5,80,28.19,27.11,26.2,26.5
39.64,1332,64,0,42,50.6,1,4992,0.61,-0.76,103,87.3,77.5,80,28.2,27.11,26.2,26.5
39.68,1333,64,0,41,51.8,1,4992,0.62,-0.75,103.1,87.3,77.5,80,28.21,27.11,26.2,26.5
39.72,1334,64,0,40,52.6,1,4992,0.63,-0.74,103.2,87.4,77.5,80,28.22,27.12,26.2,26.5
39.76,1334,64,0,39,53.2,1,4992,0.64,-0.73,103.4,87.4,77.5,80,28.23,27.12,26.2,26.5
39.8,1335,64,0,38,54.5,1,4992,0.66,-0.72,103.5,87.4,77.5,80,28.24,27.12,26.2,26.5
39.84,1336,64,0,38,55.2,1,4992,0.67,-0.71,103.6,87.5,77.5,80,28.25,27.13,26.2,26.5
39.88,1336,64,0,37,55.6,1,4992,0.68,-0.69,103.7,87.5,77.5,80,28.25,27.13,26.2,26.5
39.92,1337,64,0,36,56.9,1,4992,0.69,-0.68,103.8,87.6,77.5,80,28.26,27.13,26.2,26.5
39.96,1338,64,0,35,57.3,1,4992,0.7,-0.67,104,87.6,77.5,80,28.27,27.14,26.2,26.5
40,1339,64,0,34,58,1,4992,0.71,-0.66,104.1,87.6,77.5,80,28.28,27.14,26.2,26.5
40.04,1339,64,0,33,58.3,1,4992,0.72,-0.65,104.2,87.7,77.5,80,28.29,27.14,26.2,26.5
40.08,1340,64,0,33,59,1,4992,0.73,-0.64,104.3,87.7,77.5,80,28.3,27.14,26.2,26.5
40.12,1341,64,0,32,60,1,4992,0.74,-0.63,104.4,87.8,77.5,80,28.31,27.15,26.2,26.5
40.16,1341,64,0,31,60.4,1,4992,0.75,-0.61,104.6,87.8,77.5,80,28.32,27.15,26.2,26.5
40.2,1342,64,0,30,60.5,1,4992,0.76,-0.6,104.7,87.8,77.5,80,28.33,27.15,26.2,26.5
40.24,1343,64,0,29,61.1,1,4992,0.77,-0.59,104.8,87.9,77.5,80,28.34,27.16,26.2,26.5
40.28,1343,64,0,29,62.2,1,4992,0.79,-0.58,104.9,87.9,77.5,80,28.34,27.16,26.2,26.5
40.32,1344,64,0,28,62,1,4992,0.8,-0.57,105,88,77.5,80,28.35,27.16,26.2,26.5
40.36,1345,64,0,27,62.9,1,4992,0.81,-0.56,105.2,88,77.5,80,28.36,27.17,26.2,26.5
40.4,1346,64,0,26,63.7,1,4992,0.82,-0.55,105.3,88,77.5,80,28.37,27.17,26.2,26.5
40.44,1346,64,0,26,64.3,1,4992,0.83,-0.54,105.4,88.1,77.5,80,28.38,27.17,26.2,26.5
40.48,1347,64,0,25,64.4,1,4992,0.84,-0.52,105.5,88.1,77.5,80,28.39,27.17,26.2,26.5
40.52,1348,64,0,24,66.1,1,4992,0.85,-0.51,105.6,88.2,77.5,80,28.4,27.18,26.2,26.5
40.56,1348,64,0,23,66.1,1,4992,0.86,-0.5,105.8,88.2,77.5,80,28.41,27.18,26.2,26.5
40.6,1349,64,0,23,66.2,1,4992,0.87,-0.49,105.9,88.2,77.5,80,28.42,27.18,26.2,26.5
40.64,1350,64,0,22,66.1,1,4992,0.88,-0.48,106,88.3,77.5,80,28.43,27.19,26.2,26.5
40.68,1351,64,0,21,67.3,1,4992,0.89,-0.47,106.1,88.3,77.5,80,28.43,27.19,26.2,26.5
40.72,1351,64,0,20,68.3,1,4992,0.9,-0.46,106.2,88.4,77.5,80,28.44,27.19,26.2,26.5
40.76,1352,64,0,20,67.8,1,4992,0.92,-0.45,106.4,88.4,77.5,80,28.45,27.2,26.2,26.5
40.8,1353,64,0,19,69.2,1,4992,0.93,-0.43,106.5,88.4,77.5,80,28.46,27.2,26.2,26.5
40.84,1353,64,0,18,69.8,1,4992,0.94,-0.42,106.6,88.5,77.5,80,28.47,27.2,26.2,26.5
40.88,1354,64,0,18,70.2,1,4992,0.95,-0.41,106.7,88.5,77.5,80,28.48,27.2,26.2,26.5
40.92,1355,64,0,17,70.6,1,4992,0.96,-0.4,106.8,88.6,77.5,80,28.49,27.21,26.2,26.5
40.96,1356,64,0,16,71.2,1,4992,0.97,-0.39,107,88.6,77.5,80,28.5,27.21,26.2,26.5
41,1356,64,0,16,70,1,4992,0.98,-0.38,107.1,88.6,77.5,80,28.51,27.21,26.2,26.5
41.04,1357,64,0,15,72.1,1,4992,0.99,-0.37,107.2,88.7,77.5,80,28.52,27.22,26.2,26.5
41.08,1358,64,0,14,71.4,1,4992,1,-0.35,107.3,88.7,77.5,80,28.52,27.22,26.2,26.5
41.12,1358,64,0,14,71.9,1,4992,1.01,-0.34,107.4,88.8,77.5,80,28.53,27.22,26.2,26.5
41.16,1359,64,0,13,72.5,1,4992,1.02,-0.33,107.6,88.8,77.5,80,28.54,27.23,26.2,26.5
41.2,1360,64,0,12,73.7,1,4992,1.03,-0.32,107.7,88.8,77.5,80,28.55,27.23,26.2,26.5
41.24,1361,64,0,12,74.3,1,4992,1.05,-0.31,107.8,88.9,77.5,80,28.56,27.23,26.2,26.5
41.28,1361,64,0,11,74.3,1,4992,1.06,-0.3,107.9,88.9,77.5,80,28.57,27.23,26.2,26.5
41.32,1362,64,0,11,74.9,1,4992,1.07,-0.29,108,89,77.5,80,28.58,27.24,26.2,26.5
41.36,1363,64,0,10,74.1,1,4992,1.08,-0.28,108.2,89,77.5,80,28.59,27.24,26.2,26.5
41.4,1363,64,0,9,75.6,1,4992,1.09,-0.26,108.3,89,77.5,80,28.6,27.24,26.2,26.5
41.44,1364,64,0,9,74.9,1,4992,1.1,-0.25,108.4,89.1,77.5,80,28.61,27.25,26.2,26.5
41.48,1365,64,0,8,74.5,1,4992,1.11,-0.24,108.5,89.1,77.5,80,28.61,27.25,26.2,26.5
41.52,1366,64,0,8,75.3,1,4992,1.12,-0.23,108.6,89.2,77.5,80,28.62,27.25,26.2,26.5
41.56,1366,64,0,7,74.5,1,4992,1.13,-0.22,108.8,89.2,77.5,80,28.63,27.26,26.2,26.5
41.6,1367,64,0,7,75.5,1,4992,1.14,-0.21,108.9,89.2,77.5,80,28.64,27.26,26.2,26.5
41.64,1368,64,0,6,75.8,1,4992,1.15,-0.2,109,89.3,77.5,80,28.65,27.26,26.2,26.5
41.68,1368,64,0,6,76.3,1,4992,1.17,-0.18,109.1,89.3,77.5,80,28.66,27.26,26.2,26.5
41.72,1369,64,0,5,77.3,1,4992,1.18,-0.17,109.2,89.4,77.5,80,28.67,27.27,26.2,26.5
41.76,1370,64,0,5,76.3,1,4992,1.19,-0.16,109.4,89.4,77.5,80,28.68,27.27,26.2,26.5
41.8,1371,64,0,4,78.2,1,4992,1.2,-0.15,109.5,89.4,77.5,80,28.69,27.27,26.2,26.5
41.84,1371,64,0,4,76.9,1,4992,1.21,-0.14,109.6,89.5,77.5,80,28.7,27.28,26.2,26.5
41.88,1372,64,0,3,76.7,1,4992,1.22,-0.13,109.7,89.5,77.5,80,28.7,27.28,26.2,26.5
41.92,1373,64,0,3,77.4,1,4992,1.23,-0.12,109.8,89.6,77.5,80,28.71,27.28,26.2,26.5
41.96,1373,64,0,3,76.8,1,4992,1.24,-0.11,110,89.6,77.5,80,28.72,27.29,26.2,26.5
42,1374,64,0,2,78.1,1,4992,1.25,-0.09,110.1,89.6,77.5,80,28.73,27.29,26.2,26.5
42.04,1375,64,0,2,77.2,1,4992,1.26,-0.08,110.2,89.7,77.5,80,28.74,27.29,26.2,26.5
42.08,1375,64,0,2,78,1,4992,1.27,-0.07,110.3,89.7,77.5,80,28.75,27.29,26.2,26.5
42.12,1376,64,0,1,77.1,1,4992,1.28,-0.06,110.4,89.8,77.5,80,28.76,27.3,26.2,26.5
42.16,1377,64,0,1,78,1,4992,1.3,-0.05,110.6,89.8,77.5,80,28.77,27.3,26.2,26.5
42.2,1378,64,0,1,78.4,1,4992,1.31,-0.04,110.7,89.8,77.5,80,28.78,27.3,26.2,26.5
42.24,1378,64,0,0,77.7,1,4992,1.32,-0.03,110.8,89.9,77.5,80,28.79,27.31,26.2,26.5
42.28,1379,64,0,0,77.8,1,4992,1.33,-0.02,110.9,89.9,77.5,80,28.79,27.31,26.2,26.5
42.32,1380,64,0,0,77.8,1,4992,1.34,0,111,90,77.5,80,28.8,27.31,26.2,26.5
42.36,1380,64,1,0,78.1,1,4992,1.94,0,111,90,77.5,80,28.8,27.31,26.2,26.5
42.4,1381,64,2,0,77.1,1,4993,1.94,0.01,111,90,77.6,80.1,28.8,27.31,26.21,26.51
42.44,1382,64,3,0,76.5,1,4993,1.93,0.01,111,90,77.6,80.1,28.8,27.31,26.21,26.51
42.48,1383,64,3,0,76.3,1,4994,1.92,0.01,111,90,77.6,80.1,28.8,27.31,26.21,26.51
42.52,1383,64,4,0,76.4,1,4994,1.91,0.02,111,90,77.7,80.2,28.8,27.31,26.21,26.51
42.56,1384,64,5,0,76,1,4995,1.91,0.02,111,90,77.7,80.2,28.8,27.31,26.22,26.52
42.6,1385,64.1,6,0,74.5,1,4996,1.9,0.02,111,90,77.7,80.2,28.8,27.31,26.22,26.52
42.64,1385,64.1,6,0,75.3,1,4997,1.89,0.03,111,90,77.8,80.3,28.8,27.31,26.22,26.52
42.68,1386,64.1,7,0,74.8,1,4999,1.88,0.03,111,90,77.8,80.3,28.8,27.31,26.22,26.52
42.72,1387,64.1,8,0,74.5,1,5000,1.87,0.03,111,90,77.8,80.3,28.8,27.31,26.23,26.53
42.76,1388,64.1,8,0,74.2,1,5001,1.87,0.04,111,90,77.9,80.4,28.8,27.31,26.23,26.53
42.8,1388,64.1,9,0,73.2,1,5003,1.86,0.04,111,90,77.9,80.4,28.8,27.31,26.23,26.53
42.84,1389,64.2,10,0,72.8,1,5005,1.85,0.04,111,90,78,80.5,28.8,27.31,26.23,26.53
42.88,1390,64.2,10,0,73.2,1,5006,1.84,0.05,111,90,78,80.5,28.8,27.31,26.24,26.54
42.92,1390,64.2,11,0,72.1,1,5008,1.83,0.05,111,90,78,80.5,28.8,27.31,26.24,26.54
42.96,1391,64.2,12,0,71.1,1,5011,1.83,0.05,111,90,78.1,80.6,28.8,27.31,26.24,26.54
43,1392,64.3,12,0,72,1,5013,1.82,0.06,111,90,78.1,80.6,28.8,27.31,26.24,26.54
43.04,1393,64.3,13,0,71.1,1,5015,1.81,0.06,111,90,78.1,80.6,28.8,27.31,26.25,26.55
43.08,1393,64.3,14,0,70.6,1,5017,1.8,0.06,111,90,78.2,80.7,28.8,27.31,26.25,26.55
43.12,1394,64.4,14,0,70.3,1,5020,1.79,0.07,111,90,78.2,80.7,28.8,27.31,26.25,26.55
43.16,1395,64.4,15,0,69.2,1,5023,1.79,0.07,111,90,78.2,80.7,28.8,27.31,26.26,26.56
43.2,1395,64.4,15,0,68.8,1,5025,1.78,0.07,111,90,78.3,80.8,28.8,27.31,26.26,26.56
43.24,1396,64.5,16,0,68.8,1,5028,1.77,0.07,111,90,78.3,80.8,28.8,27.31,26.26,26.56
43.28,1397,64.5,17,0,68.6,1,5031,1.76,0.08,111,90,78.3,80.8,28.8,27.31,26.26,26.56
43.32,1398,64.5,17,0,68,1,5034,1.75,0.08,111,90,78.4,80.9,28.8,27.31,26.27,26.57
43.36,1398,64.6,18,0,68.2,1,5037,1.75,0.08,111,90,78.4,80.9,28.8,27.31,26.27,26.57
43.4,1399,64.6,18,0,66.7,1,5040,1.74,0.09,111,90,78.4,80.9,28.8,27.31,26.27,26.57
43.44,1400,64.7,19,0,67.1,1,5044,1.73,0.09,111,90,78.5,81,28.8,27.31,26.27,26.57
43.48,1400,64.7,19,0,66.5,1,5047,1.72,0.09,111,90,78.5,81,28.8,27.31,26.28,26.58
43.52,1401,64.7,20,0,65.6,1,5050,1.71,0.1,111,90,78.5,81,28.8,27.31,26.28,26.58
43.56,1402,64.8,21,0,66.5,1,5054,1.71,0.1,111,90,78.6,81.1,28.8,27.31,26.28,26.58
43.6,1403,64.8,21,0,65.4,1,5058,1.7,0.1,111,90,78.6,81.1,28.8,27.31,26.28,26.58
43.64,1403,64.9,22,0,65.2,1,5062,1.69,0.11,111,90,78.7,81.2,28.8,27.31,26.29,26.59
43.68,1404,64.9,22,0,64.8,1,5065,1.68,0.11,111,90,78.7,81.2,28.8,27.31,26.29,26.59
43.72,1405,65,23,0,63.2,1,5069,1.67,0.12,111,90,78.7,81.2,28.8,27.31,26.29,26.59
43.76,1405,65,24,0,63.5,1,5074,1.67,0.12,111,90,78.8,81.3,28.8,27.31,26.29,26.59
43.8,1406,65.1,24,0,63,1,5078,1.66,0.12,111,90,78.8,81.3,28.8,27.31,26.3,26.6
43.84,1407,65.2,25,0,63,1,5082,1.65,0.13,111,90,78.8,81.3,28.8,27.31,26.3,26.6
43.88,1408,65.2,25,0,62.1,1,5086,1.64,0.13,111,90,78.9,81.4,28.8,27.31,26.3,26.6
43.92,1408,65.3,26,0,62.1,1,5091,1.63,0.13,111,90,78.9,81.4,28.8,27.31,26.3,26.6
43.96,1409,65.3,26,0,61.5,1,5096,1.63,0.14,111,90,78.9,81.4,28.8,27.31,26.31,26.61
44,1410,65.4,27,0,61.3,1,5100,1.62,0.14,111,90,79,81.5,28.8,27.31,26.31,26.61
44.04,1411,65.4,27,0,61.4,1,5105,1.61,0.14,111,90,79,81.5,28.8,27.31,26.31,26.61
44.08,1411,65.5,28,0,60.2,1,5110,1.6,0.15,111,90,79,81.5,28.8,27.31,26.32,26.62
44.12,1412,65.6,29,0,59.4,1,5115,1.59,0.15,111,90,79.1,81.6,28.8,27.31,26.32,26.62
44.16,1413,65.6,29,0,59.9,1,5120,1.59,0.15,111,90,79.1,81.6,28.8,27.31,26.32,26.62
44.2,1413,65.7,30,0,59.9,1,5125,1.58,0.16,111,90,79.1,81.6,28.8,27.31,26.32,26.62
44.24,1414,65.8,30,0,58.5,1,5130,1.57,0.16,111,90,79.2,81.7,28.8,27.31,26.33,26.63
44.28,1415,65.8,31,0,58.5,1,5135,1.56,0.16,111,90,79.2,81.7,28.8,27.31,26.33,26.63
44.32,1416,65.9,31,0,58,1,5141,1.55,0.17,111,90,79.2,81.7,28.8,27.31,26.33,26.63
44.36,1416,66,32,0,57.9,1,5146,1.54,0.17,111,90,79.3,81.8,28.8,27.31,26.33,26.63
44.4,1417,66,32,0,58.1,1,5152,1.54,0.17,111,90,79.3,81.8,28.8,27.31,26.34,26.64
44.44,1418,66.1,33,0,56.7,1,5157,1.53,0.18,111,90,79.4,81.9,28.8,27.31,26.34,26.64
44.48,1419,66.2,33,0,57,1,5163,1.52,0.18,111,90,79.4,81.9,28.8,27.31,26.34,26.64
44.52,1419,66.3,34,0,55.6,1,5169,1.51,0.18,111,90,79.4,81.9,28.8,27.31,26.34,26.64
44.56,1420,66.3,35,0,55.6,1,5175,1.5,0.19,111,90,79.5,82,28.8,27.31,26.35,26.65
44.6,1421,66.4,35,0,55.7,1,5181,1.5,0.19,111,90,79.5,82,28.8,27.31,26.35,26.65
44.64,1422,66.5,36,0,55,1,5187,1.49,0.19,111,90,79.5,82,28.8,27.31,26.35,26.65
44.68,1422,66.6,36,0,53.9,1,5193,1.48,0.2,111,90,79.6,82.1,28.8,27.31,26.35,26.65
44.72,1423,66.7,37,0,54.1,1,5199,1.47,0.2,111,90,79.6,82.1,28.8,27.31,26.36,26.66
44.76,1424,66.7,37,0,53.8,1,5206,1.46,0.2,111,90,79.6,82.1,28.8,27.31,26.36,26.66
44.8,1425,66.8,38,0,53.7,1,5212,1.45,0.21,111,90,79.7,82.2,28.8,27.31,26.36,26.66
44.84,1425,66.9,38,0,52.8,1,5219,1.45,0.21,111,90,79.7,82.2,28.8,27.31,26.37,26.67
44.88,1426,67,39,0,52.2,1,5225,1.44,0.21,111,90,79.7,82.2,28.8,27.31,26.37,26.67
44.92,1427,67.1,39,0,51.3,1,5232,1.43,0.22,111,90,79.8,82.3,28.8,27.31,26.37,26.67
44.96,1427,67.2,40,0,52.2,1,5238,1.42,0.22,111,90,79.8,82.3,28.8,27.31,26.37,26.67
45,1428,67.2,40,0,50.3,1,5245,1.41,0.22,111,90,79.8,82.3,28.8,27.31,26.38,26.68
45.04,1429,67.3,41,0,51.1,1,5252,1.4,0.23,111,90,79.9,82.4,28.8,27.31,26.38,26.68
45.08,1430,67.4,41,0,50,1,5259,1.4,0.23,111,90,79.9,82.4,28.8,27.31,26.38,26.68
45.12,1430,67.5,42,0,49.8,1,5266,1.39,0.23,111,90,79.9,82.4,28.8,27.31,26.38,26.68
45.16,1431,67.6,43,0,48.9,1,5273,1.38,0.24,111,90,80,82.5,28.8,27.31,26.39,26.69
45.2,1432,67.7,43,0,48.9,1,5280,1.37,0.24,111,90,80,82.5,28.8,27.31,26.39,26.69
45.24,1433,67.8,44,0,48.9,1,5288,1.36,0.24,111,90,80.1,82.6,28.8,27.31,26.39,26.69
45.28,1433,67.9,44,0,48.1,1,5295,1.35,0.25,111,90,80.1,82.6,28.8,27.31,26.39,26.69
45.32,1434,68,45,0,47.8,1,5303,1.35,0.25,111,90,80.1,82.6,28.8,27.31,26.4,26.7
45.36,1435,68.1,45,0,47.2,1,5310,1.34,0.26,111,90,80.2,82.7,28.8,27.31,26.4,26.7
45.4,1436,68.2,46,0,47.4,1,5318,1.33,0.26,111,90,80.2,82.7,28.8,27.31,26.4,26.7
45.44,1437,68.3,46,0,45.8,1,5325,1.32,0.26,111,90,80.2,82.7,28.8,27.31,26.4,26.7
45.48,1437,68.4,47,0,45.7,1,5333,1.31,0.27,111,90,80.3,82.8,28.8,27.31,26.41,26.71
45.52,1438,68.5,47,0,45.6,1,5341,1.3,0.27,111,90,80.3,82.8,28.8,27.31,26.41,26.71
45.56,1439,68.6,48,0,45.2,1,5349,1.29,0.27,111,90,80.3,82.8,28.8,27.31,26.41,26.71
45.6,1440,68.7,48,0,44.6,1,5357,1.29,0.28,111,90,80.4,82.9,28.8,27.31,26.42,26.72
45.64,1440,68.8,49,0,44.4,1,5365,1.28,0.28,111,90,80.4,82.9,28.8,27.31,26.42,26.72
45.68,1441,68.9,49,0,43.6,1,5373,1.27,0.28,111,90,80.4,82.9,28.8,27.31,26.42,26.72
45.72,1442,69,50,0,42.8,1,5381,1.26,0.29,111,90,80.5,83,28.8,27.31,26.42,26.72
45.76,1443,69.1,50,0,43.1,1,5389,1.25,0.29,111,90,80.5,83,28.8,27.31,26.43,26.73
45.8,1443,69.2,51,0,42.1,1,5398,1.24,0.29,111,90,80.5,83,28.8,27.31,26.43,26.73
45.84,1444,69.3,52,0,42.7,1,5406,1.24,0.3,111,90,80.6,83.1,28.8,27.31,26.43,26.73
45.88,1445,69.4,52,0,41.5,1,5415,1.23,0.3,111,90,80.6,83.1,28.8,27.31,26.43,26.73
45.92,1446,69.5,53,0,41.2,1,5423,1.22,0.3,111,90,80.6,83.1,28.8,27.31,26.44,26.74
45.96,1446,69.6,53,0,41,1,5432,1.21,0.31,111,90,80.7,83.2,28.8,27.31,26.44,26.74
46,1447,69.8,54,0,40.7,1,5441,1.2,0.31,111,90,80.7,83.2,28.8,27.31,26.44,26.74
46.04,1448,69.9,54,0,41.1,1,5450,1.19,0.32,111,90,80.8,83.3,28.8,27.31,26.44,26.74
46.08,1449,70,55,0,39.9,1,5459,1.18,0.32,111,90,80.8,83.3,28.8,27.31,26.45,26.75
46.12,1450,70.1,55,0,39.5,1,5467,1.17,0.32,111,90,80.8,83.3,28.8,27.31,26.45,26.75
46.16,1450,70.2,56,0,38.2,1,5477,1.17,0.33,111,90,80.9,83.4,28.8,27.31,26.45,26.75
46.2,1451,70.3,56,0,37.3,1,5486,1.16,0.33,111,90,80.9,83.4,28.8,27.31,26.45,26.75
46.24,1452,70.4,57,0,38.7,1,5495,1.15,0.33,111,90,80.9,83.4,28.8,27.31,26.46,26.76
46.28,1453,70.6,57,0,37.4,1,5504,1.14,0.34,111,90,81,83.5,28.8,27.31,26.46,26.76
46.32,1453,70.7,58,0,37.2,1,5513,1.13,0.34,111,90,81,83.5,28.8,27.31,26.46,26.76
46.36,1454,70.8,58,0,36.5,1,5522,1.12,0.34,111,90,81,83.5,28.8,27.31,26.47,26.77
46.4,1455,70.9,59,0,35.1,1,5532,1.11,0.35,111,90,81.1,83.6,28.8,27.31,26.47,26.77
46.44,1456,71,59,0,35.7,1,5541,1.1,0.35,111,90,81.1,83.6,28.8,27.31,26.47,26.77
46.48,1457,71.2,60,0,35.3,1,5551,1.1,0.36,111,90,81.1,83.6,28.8,27.31,26.47,26.77
46.52,1457,71.3,60,0,34.8,1,5560,1.09,0.36,111,90,81.2,83.7,28.8,27.31,26.48,26.78
46.56,1458,71.4,61,0,34.8,1,5570,1.08,0.36,111,90,81.2,83.7,28.8,27.31,26.48,26.78
46.6,1459,71.5,61,0,33.9,1,5580,1.07,0.37,111,90,81.2,83.7,28.8,27.31,26.48,26.78
46.64,1460,71.7,62,0,33.3,1,5590,1.06,0.37,111,90,81.3,83.8,28.8,27.31,26.48,26.78
46.68,1461,71.8,63,0,33.9,1,5600,1.05,0.37,111,90,81.3,83.8,28.8,27.31,26.49,26.79
46.72,1461,71.9,63,0,32.1,1,5609,1.04,0.38,111,90,81.3,83.8,28.8,27.31,26.49,26.79
46.76,1462,72,64,0,32.6,1,5620,1.03,0.38,111,90,81.4,83.9,28.8,27.31,26.49,26.79
46.8,1463,72.2,64,0,31.8,1,5630,1.03,0.39,111,90,81.4,83.9,28.8,27.31,26.49,26.79
46.84,1464,72.3,65,0,31.2,1,5640,1.02,0.39,111,90,81.5,84,28.8,27.31,26.5,26.8
46.88,1465,72.4,65,0,30.8,1,5650,1.01,0.39,111,90,81.5,84,28.8,27.31,26.5,26.8
46.92,1465,72.6,66,0,30.4,1,5660,1,0.4,111,90,81.5,84,28.8,27.31,26.5,26.8
46.96,1466,72.7,66,0,30.2,1,5671,0.99,0.4,111,90,81.6,84.1,28.8,27.31,26.5,26.8
47,1467,72.8,67,0,29.8,1,5681,0.98,0.4,111,90,81.6,84.1,28.8,27.31,26.51,26.81
47.04,1468,73,67,0,28.9,1,5691,0.97,0.41,111,90,81.6,84.1,28.8,27.31,26.51,26.81
47.08,1469,73.1,68,0,28,1,5702,0.96,0.41,111,90,81.7,84.2,28.8,27.31,26.51,26.81
47.12,1469,73.2,68,0,27.1,1,5713,0.95,0.42,111,90,81.7,84.2,28.8,27.31,26.51,26.81
47.16,1470,73.4,69,0,28.2,1,5723,0.94,0.42,111,90,81.7,84.2,28.8,27.31,26.52,26.82
47.2,1471,73.5,69,0,27.4,1,5734,0.94,0.42,111,90,81.8,84.3,28.8,27.31,26.52,26.82
47.24,1472,73.6,70,0,27.4,1,5745,0.93,0.43,111,90,81.8,84.3,28.8,27.31,26.52,26.82
47.28,1473,73.8,70,0,26.8,1,5755,0.92,0.43,111,90,81.8,84.3,28.8,27.31,26.53,26.83
47.32,1474,73.9,71,0,25.2,1,5766,0.91,0.43,111,90,81.9,84.4,28.8,27.31,26.53,26.83
47.36,1474,74.1,72,0,25.5,1,5777,0.9,0.44,111,90,81.9,84.4,28.8,27.31,26.53,26.83
47.4,1475,74.2,72,0,24.7,1,5788,0.89,0.44,111,90,81.9,84.4,28.8,27.31,26.53,26.83
47.44,1476,74.4,73,0,24.1,1,5799,0.88,0.45,111,90,82,84.5,28.8,27.31,26.54,26.84
47.48,1477,74.5,73,0,23.3,1,5811,0.87,0.45,111,90,82,84.5,28.8,27.31,26.54,26.84
47.52,1478,74.6,74,0,23.9,1,5822,0.86,0.45,111,90,82,84.5,28.8,27.31,26.54,26.84
47.56,1478,74.8,74,0,23.7,1,5833,0.85,0.46,111,90,82.1,84.6,28.8,27.31,26.54,26.84
47.6,1479,74.9,75,0,22.8,1,5844,0.84,0.46,111,90,82.1,84.6,28.8,27.31,26.55,26.85
47.64,1480,75.1,75,0,22.6,1,5856,0.83,0.46,111,90,82.2,84.7,28.8,27.31,26.55,26.85
47.68,1481,75.2,76,0,21.9,1,5867,0.82,0.47,111,90,82.2,84.7,28.8,27.31,26.55,26.85
47.72,1482,75.4,76,0,21.2,1,5879,0.82,0.47,111,90,82.2,84.7,28.8,27.31,26.55,26.85
47.76,1483,75.5,77,0,21,1,5890,0.81,0.48,111,90,82.3,84.8,28.8,27.31,26.56,26.86
47.8,1483,75.7,77,0,20.7,1,5902,0.8,0.48,111,90,82.3,84.8,28.8,27.31,26.56,26.86
47.84,1484,75.8,78,0,20.5,1,5913,0.79,0.48,111,90,82.3,84.8,28.8,27.31,26.56,26.86
47.88,1485,76,78,0,19.6,1,5925,0.78,0.49,111,90,82.4,84.9,28.8,27.31,26.56,26.86
47.92,1486,76.1,79,0,18.6,1,5937,0.77,0.49,111,90,82.4,84.9,28.8,27.31,26.57,26.87
47.96,1487,76.3,79,0,18.9,1,5949,0.76,0.5,111,90,82.4,84.9,28.8,27.31,26.57,26.87
48,1488,76.4,80,0,17.8,1,5960,0.75,0.5,111,90,82.5,85,28.8,27.31,26.57,26.87
48.04,1489,76.6,81,0,17.3,1,5972,0.74,0.5,111,90,82.5,85,28.8,27.31,26.58,26.88
48.08,1489,76.7,81,0,17.1,1,5984,0.73,0.51,111,90,82.5,85,28.8,27.31,26.58,26.88
48.12,1490,76.9,82,0,17.4,1,5997,0.72,0.51,111,90,82.6,85.1,28.8,27.31,26.58,26.88
48.16,1491,77,82,0,15.5,1,6009,0.71,0.52,111,90,82.6,85.1,28.8,27.31,26.58,26.88
48.2,1492,77.2,83,0,16.1,1,6021,0.7,0.52,111,90,82.6,85.1,28.8,27.31,26.59,26.89
48.24,1493,77.3,83,0,15.6,1,6033,0.69,0.52,111,90,82.7,85.2,28.8,27.31,26.59,26.89
48.28,1494,77.5,84,0,15.1,1,6045,0.68,0.53,111,90,82.7,85.2,28.8,27.31,26.59,26.89
48.32,1495,77.7,84,0,14.5,1,6058,0.67,0.53,111,90,82.7,85.2,28.8,27.31,26.59,26.89
48.36,1495,77.8,85,0,13,1,6070,0.66,0.54,111,90,82.8,85.3,28.8,27.31,26.6,26.9
48.4,1496,78,85,0,13.3,1,6082,0.65,0.54,111,90,82.8,85.3,28.8,27.31,26.6,26.9
48.44,1497,78.1,86,0,12.1,1,6095,0.64,0.54,111,90,82.9,85.4,28.8,27.31,26.6,26.9
48.48,1498,78.3,86,0,12.5,1,6107,0.63,0.55,111,90,82.9,85.4,28.8,27.31,26.6,26.9
48.52,1499,78.5,87,0,11.2,1,6120,0.63,0.55,111,90,82.9,85.4,28.8,27.31,26.61,26.91
48.56,1500,78.6,88,0,10.9,1,6133,0.62,0.56,111,90,83,85.5,28.8,27.31,26.61,26.91
48.6,1501,78.8,88,0,10.9,1,6145,0.61,0.56,111,90,83,85.5,28.8,27.31,26.61,26.91
48.64,1502,78.9,89,0,10.6,1,6158,0.6,0.56,111,90,83,85.5,28.8,27.31,26.61,26.91
48.68,1502,79.1,89,0,10.4,1,6171,0.59,0.57,111,90,83.1,85.6,28.8,27.31,26.62,26.92
48.72,1503,79.3,90,0,9.3,1,6184,0.58,0.57,111,90,83.1,85.6,28.8,27.31,26.62,26.92
48.76,1504,79.4,90,0,9.2,1,6197,0.57,0.58,111,90,83.1,85.6,28.8,27.31,26.62,26.92
48.8,1505,79.6,91,0,9.9,1,6209,0.56,0.58,111,90,83.2,85.7,28.8,27.31,26.63,26.93
48.84,1506,79.8,91,0,8.7,1,6222,0.55,0.58,111,90,83.2,85.7,28.8,27.31,26.63,26.93
48.88,1507,79.9,92,0,7.5,1,6235,0.54,0.59,111,90,83.2,85.7,28.8,27.31,26.63,26.93
48.92,1508,80.1,92,0,7.2,1,5499,0.53,0.59,111,90,83.3,85.8,28.8,27.31,26.63,26.93
48.96,1509,80.3,93,0,6.6,1,5511,0.52,0.6,111,90,83.3,85.8,28.8,27.31,26.64,26.94
49,1509,80.4,94,0,5.7,1,5522,0.51,0.6,111,90,83.3,85.8,28.8,27.31,26.64,26.94
49.04,1510,80.6,94,0,5.2,1,5533,0.5,0.61,111,90,83.4,85.9,28.8,27.31,26.64,26.94
49.08,1511,80.8,95,0,4.9,1,5545,0.49,0.61,111,90,83.4,85.9,28.8,27.31,26.64,26.94
49.12,1512,81,95,0,4.8,1,5557,0.48,0.61,111,90,83.4,85.9,28.8,27.31,26.65,26.95
49.16,1513,81.1,96,0,3.9,1,5569,0.47,0.62,111,90,83.5,86,28.8,27.31,26.65,26.95
49.2,1514,81.3,96,0,3.5,1,6342,0.46,0.62,111,90,83.5,86,28.8,27.31,26.65,26.95
49.24,1515,81.5,97,0,2.7,1,6355,0.45,0.63,111,90,83.6,86.1,28.8,27.31,26.65,26.95
49.28,1516,81.6,97,0,2.4,1,6369,0.44,0.63,111,90,83.6,86.1,28.8,27.31,26.66,26.96
49.32,1517,81.8,98,0,1.7,1,6382,0.43,0.63,111,90,83.6,86.1,28.8,27.31,26.66,26.96
49.36,1518,82,99,0,0.5,1,6396,0.42,0.64,111,90,83.7,86.2,28.8,27.31,26.66,26.96
49.4,1518,82.2,99,0,0.9,1,6410,0.41,0.64,111,90,83.7,86.2,28.8,27.31,26.66,26.96
49.44,1519,82.4,100,0,1.4,1,6423,0.4,0.65,111,90,83.7,86.2,28.8,27.31,26.67,26.97
49.48,1520,82.5,100,0,0.2,1,6433,-0.01,0.09,111,89.9,83.7,86.2,28.8,27.31,26.67,26.97
49.52,1521,82.6,100,0,-0.6,1,6444,0,0.09,111,89.9,83.7,86.2,28.8,27.31,26.67,26.97
49.56,1522,82.7,100,0,-0.4,1,6454,0.01,0.09,111,89.9,83.7,86.2,28.8,27.31,26.66,26.96
49.6,1523,82.9,100,0,0.2,1,6464,-0.04,0.09,111,89.9,83.7,86.2,28.8,27.31,26.66,26.96
49.64,1524,83,100,0,-0.3,1,6474,-0.01,0.09,111,89.9,83.7,86.2,28.8,27.31,26.66,26.96
49.68,1525,83.1,100,0,0.7,1,6484,0.02,0.09,111,89.9,83.7,86.2,28.8,27.31,26.66,26.96
49.72,1526,83.3,100,0,0.1,1,6494,0,0.09,111,89.9,83.6,86.1,28.8,27.31,26.66,26.96
49.76,1527,83.4,100,0,-0.2,1,6504,0.01,0.09,111,89.9,83.6,86.1,28.8,27.3,26.66,26.96
49.8,1528,83.5,100,0,0.6,1,6513,-0.04,0.09,110.9,89.9,83.6,86.1,28.8,27.3,26.66,26.96
49.84,1529,83.6,100,0,0,1,6523,-0.03,0.09,110.9,89.8,83.6,86.1,28.79,27.3,26.66,26.96
49.88,1530,83.8,100,0,-0.1,1,6533,0.01,0.09,110.9,89.8,83.6,86.1,28.79,27.3,26.66,26.96
49.92,1530,83.9,100,0,0.1,1,6543,0.01,0.09,110.9,89.8,83.6,86.1,28.79,27.3,26.66,26.96
49.96,1531,84,100,0,-0.4,1,6553,-0.01,0.09,110.9,89.8,83.6,86.1,28.79,27.3,26.66,26.96
50,1532,84.1,100,0,-0.1,1,6562,0.01,0.09,110.9,89.8,83.6,86.1,28.79,27.3,26.65,26.95
50.04,1533,84.3,100,0,0,1,6572,0,0.09,110.9,89.8,83.5,86,28.79,27.3,26.65,26.95
50.08,1534,84.4,100,0,0.4,1,6582,-0.04,0.09,110.9,89.8,83.5,86,28.79,27.3,26.65,26.95
50.12,1535,84.5,100,0,-0.5,1,6592,-0.01,0.09,110.8,89.8,83.5,86,28.79,27.3,26.65,26.95
50.16,1536,84.6,100,0,-0.4,1,6601,-0.01,0.09,110.8,89.7,83.5,86,28.79,27.3,26.65,26.95
50.2,1537,84.8,100,0,-0.2,1,6611,0.01,0.09,110.8,89.7,83.5,86,28.79,27.29,26.65,26.95
50.24,1538,84.9,100,0,-0.2,1,6621,0.01,0.09,110.8,89.7,83.5,86,28.79,27.29,26.65,26.95
50.28,1539,85,100,0,-0.7,1,6630,0.03,0.09,110.8,89.7,83.5,86,28.78,27.29,26.65,26.95
50.32,1540,85.1,100,0,-0.9,1,6640,-0.04,0.09,110.8,89.7,83.5,86,28.78,27.29,26.65,26.95
50.36,1541,85.2,100,0,-0.2,1,6649,-0.02,0.09,110.8,89.7,83.5,86,28.78,27.29,26.65,26.95
50.4,1542,85.4,100,0,0.7,1,6659,-0.02,0.09,110.8,89.7,83.4,85.9,28.78,27.29,26.65,26.95
50.44,1543,85.5,100,0,0.3,1,6668,0,0.09,110.7,89.7,83.4,85.9,28.78,27.29,26.64,26.94
50.48,1544,85.6,100,0,0.5,1,6678,0.01,0.09,110.7,89.6,83.4,85.9,28.78,27.29,26.64,26.94
50.52,1545,85.7,100,0,-0.2,1,6687,-0.01,0.09,110.7,89.6,83.4,85.9,28.78,27.29,26.64,26.94
50.56,1546,85.9,100,0,0.3,1,6696,-0.04,0.09,110.7,89.6,83.4,85.9,28.78,27.29,26.64,26.94
50.6,1547,86,100,0,-0.2,1,6706,0,0.09,110.7,89.6,83.4,85.9,28.78,27.29,26.64,26.94
50.64,1547,86.1,100,0,-0.7,1,6715,0,0.08,110.7,89.6,83.4,85.9,28.78,27.29,26.64,26.94
50.68,1548,86.2,100,0,0.5,1,6724,0.01,0.08,110.7,89.6,83.4,85.9,28.78,27.28,26.64,26.94
50.72,1549,86.3,100,0,-0.2,1,6734,0.02,0.08,110.7,89.6,83.3,85.8,28.77,27.28,26.64,26.94
50.76,1550,86.4,100,0,0,1,6743,0,0.08,110.7,89.6,83.3,85.8,28.77,27.28,26.64,26.94
50.8,1551,86.6,100,0,0.2,1,6752,0,0.08,110.6,89.6,83.3,85.8,28.77,27.28,26.64,26.94
50.84,1552,86.7,100,0,-0.2,1,6761,0.01,0.08,110.6,89.5,83.3,85.8,28.77,27.28,26.64,26.94
50.88,1553,86.8,100,0,0.6,1,6771,0.01,0.08,110.6,89.5,83.3,85.8,28.77,27.28,26.63,26.93
50.92,1554,86.9,100,0,0,1,6780,-0.01,0.08,110.6,89.5,83.3,85.8,28.77,27.28,26.63,26.93
50.96,1555,87,100,0,0,1,6789,0.01,0.08,110.6,89.5,83.3,85.8,28.77,27.28,26.63,26.93
51,1556,87.2,100,0,0.4,1,6798,-0.01,0.08,110.6,89.5,83.3,85.8,28.77,27.28,26.63,26.93
51.04,1557,87.3,100,0,-0.7,1,6807,0,0.08,110.6,89.5,83.2,85.7,28.77,27.28,26.63,26.93
51.08,1558,87.4,100,0,-0.4,1,6816,-0.01,0.08,110.6,89.5,83.2,85.7,28.77,27.28,26.63,26.93
51.12,1559,87.5,100,0,-0.5,1,6825,0.01,0.08,110.5,89.5,83.2,85.7,28.77,27.27,26.63,26.93
51.16,1560,87.6,100,0,0.1,1,6834,-0.01,0.08,110.5,89.4,83.2,85.7,28.76,27.27,26.63,26.93
51.2,1561,87.7,100,0,0.4,1,6843,0,0.08,110.5,89.4,83.2,85.7,28.76,27.27,26.63,26.93
51.24,1562,87.9,100,0,-0.7,1,6852,0.01,0.08,110.5,89.4,83.2,85.7,28.76,27.27,26.63,26.93
51.28,1563,88,100,0,-0.5,1,6861,0.01,0.08,110.5,89.4,83.2,85.7,28.76,27.27,26.63,26.93
51.32,1564,88.1,100,0,0.1,1,6870,0.02,0.08,110.5,89.4,83.2,85.7,28.76,27.27,26.62,26.92
51.36,1565,88.2,100,0,-0.7,1,6879,-0.03,0.08,110.5,89.4,83.2,85.7,28.76,27.27,26.62,26.92
51.4,1566,88.3,100,0,-0.3,1,6888,0.04,0.08,110.5,89.4,83.1,85.6,28.76,27.27,26.62,26.92
51.44,1567,88.4,100,0,0.4,1,6897,0.01,0.08,110.4,89.4,83.1,85.6,28.76,27.27,26.62,26.92
51.48,1568,88.5,100,0,0.6,1,6906,0.03,0.08,110.4,89.3,83.1,85.6,28.76,27.27,26.62,26.92
51.52,1569,88.6,100,0,0.2,1,6915,-0.01,0.08,110.4,89.3,83.1,85.6,28.76,27.27,26.62,26.92
51.56,1570,88.8,100,0,0.1,1,6923,0.02,0.08,110.4,89.3,83.1,85.6,28.76,27.26,26.62,26.92
51.6,1571,88.9,100,0,-0.5,1,6932,0.01,0.08,110.4,89.3,83.1,85.6,28.76,27.26,26.62,26.92
51.64,1572,89,100,0,-0.4,1,6941,0.02,0.08,110.4,89.3,83.1,85.6,28.75,27.26,26.62,26.92
51.68,1573,89.1,100,0,0.5,1,6950,0,0.08,110.4,89.3,83.1,85.6,28.75,27.26,26.62,26.92
51.72,1574,89.2,100,0,0.4,1,6958,0.01,0.08,110.4,89.3,83,85.5,28.75,27.26,26.62,26.92
51.76,1575,89.3,100,0,-0.1,1,6967,-0.02,0.08,110.4,89.3,83,85.5,28.75,27.26,26.62,26.92
51.8,1576,89.4,100,0,0.2,1,6976,0.03,0.08,110.3,89.3,83,85.5,28.75,27.26,26.61,26.91
51.84,1577,89.5,100,0,-0.2,1,6984,-0.01,0.08,110.3,89.2,83,85.5,28.75,27.26,26.61,26.91
51.88,1578,89.7,100,0,0.5,1,6993,-0.01,0.08,110.3,89.2,83,85.5,28.75,27.26,26.61,26.91
51.92,1579,89.8,100,0,0.6,1,7001,-0.03,0.08,110.3,89.2,83,85.5,28.75,27.26,26.61,26.91
51.96,1580,89.9,100,0,-0.6,1,7010,-0.03,0.08,110.3,89.2,83,85.5,28.75,27.26,26.61,26.91
52,1581,90,100,0,0.4,1,7019,0.01,0.08,110.3,89.2,83,85.5,28.75,27.25,26.61,26.91
52.04,1582,90.1,100,0,-0.5,1,7027,-0.01,0.08,110.3,89.2,82.9,85.4,28.75,27.25,26.61,26.91
52.08,1583,90.2,100,0,0.2,1,7036,-0.06,0.08,110.3,89.2,82.9,85.4,28.74,27.25,26.61,26.91
52.12,1584,90.3,100,0,-0.1,1,7044,0,0.08,110.2,89.2,82.9,85.4,28.74,27.25,26.61,26.91
52.16,1585,90.4,100,0,-0.5,1,7053,-0.04,0.08,110.2,89.1,82.9,85.4,28.74,27.25,26.61,26.91
52.2,1586,90.5,100,0,-0.6,1,7061,0.01,0.08,110.2,89.1,82.9,85.4,28.74,27.25,26.61,26.91
52.24,1587,90.6,100,0,0.5,1,7069,0.03,0.08,110.2,89.1,82.9,85.4,28.74,27.25,26.6,26.9
52.28,1588,90.7,100,0,-0.1,1,7078,-0.02,0.08,110.2,89.1,82.9,85.4,28.74,27.25,26.6,26.9
52.32,1589,90.8,100,0,-0.3,1,7086,-0.05,0.08,110.2,89.1,82.9,85.4,28.74,27.25,26.6,26.9
52.36,1590,91,100,0,-0.6,1,7095,0.01,0.08,110.2,89.1,82.9,85.4,28.74,27.25,26.6,26.9
52.4,1591,91.1,100,0,0.1,1,7103,0.03,0.08,110.2,89.1,82.8,85.3,28.74,27.25,26.6,26.9
52.44,1592,91.2,100,0,0.3,1,7111,0.01,0.08,110.1,89.1,82.8,85.3,28.74,27.24,26.6,26.9
52.48,1593,91.3,100,0,0.2,1,7119,0.03,0.08,110.1,89,82.8,85.3,28.74,27.24,26.6,26.9
52.52,1594,91.4,100,0,0.2,1,7128,-0.04,0.08,110.1,89,82.8,85.3,28.73,27.24,26.6,26.9
52.56,1595,91.5,100,0,0,1,7136,-0.02,0.07,110.1,89,82.8,85.3,28.73,27.24,26.6,26.9
52.6,1596,91.6,100,0,0.6,1,7144,0.02,0.07,110.1,89,82.8,85.3,28.73,27.24,26.6,26.9
52.64,1597,91.7,100,0,0.2,1,7152,-0.03,0.07,110.1,89,82.8,85.3,28.73,27.24,26.6,26.9
52.68,1598,91.8,100,0,0.8,1,7161,0,0.07,110.1,89,82.8,85.3,28.73,27.24,26.59,26.89
52.72,1599,91.9,100,0,0.9,1,7169,0.04,0.07,110.1,89,82.7,85.2,28.73,27.24,26.59,26.89
52.76,1600,92,100,0,0.8,1,7177,0.02,0.07,110.1,89,82.7,85.2,28.73,27.24,26.59,26.89
52.8,1601,92.1,100,0,0,1,7185,0.01,0.07,110,89,82.7,85.2,28.73,27.24,26.59,26.89
52.84,1602,92.2,100,0,-0.1,1,7193,-0.01,0.07,110,88.9,82.7,85.2,28.73,27.24,26.59,26.89
52.88,1603,92.3,100,0,0.8,1,7201,0,0.07,110,88.9,82.7,85.2,28.73,27.23,26.59,26.89
52.92,1604,92.4,100,0,-0.5,1,7209,0,0.07,110,88.9,82.7,85.2,28.73,27.23,26.59,26.89
52.96,1605,92.5,100,0,-0.2,1,7217,0,0.07,110,88.9,82.7,85.2,28.72,27.23,26.59,26.89
53,1606,92.6,100,0,-0.1,1,7225,0.01,0.07,110,88.9,82.7,85.2,28.72,27.23,26.59,26.89
53.04,1607,92.7,100,0,0.2,1,7233,0.01,0.07,110,88.9,82.6,85.1,28.72,27.23,26.59,26.89
53.08,1608,92.8,100,0,0.2,1,7241,-0.01,0.07,110,88.9,82.6,85.1,28.72,27.23,26.59,26.89
53.12,1609,92.9,100,0,0.7,1,7249,0.02,0.07,109.9,88.9,82.6,85.1,28.72,27.23,26.58,26.88
53.16,1610,93,100,0,-0.2,1,7257,0,0.07,109.9,88.8,82.6,85.1,28.72,27.23,26.58,26.88
53.2,1611,93.1,100,0,0.2,1,7265,-0.02,0.07,109.9,88.8,82.6,85.1,28.72,27.23,26.58,26.88
53.24,1612,93.2,100,0,0.1,1,7273,-0.01,0.07,109.9,88.8,82.6,85.1,28.72,27.23,26.58,26.88
53.28,1613,93.3,100,0,0.1,1,7281,-0.01,0.07,109.9,88.8,82.6,85.1,28.72,27.23,26.58,26.88
53.32,1614,93.4,100,0,-0.2,1,7289,-0.05,0.07,109.9,88.8,82.6,85.1,28.72,27.22,26.58,26.88
53.36,1615,93.5,100,0,0.3,1,7297,0.01,0.07,109.9,88.8,82.6,85.1,28.72,27.22,26.58,26.88
53.4,1616,93.6,100,0,0.4,1,7305,0.01,0.07,109.9,88.8,82.5,85,28.71,27.22,26.58,26.88
53.44,1617,93.7,100,0,0.5,1,7312,-0.02,0.07,109.8,88.8,82.5,85,28.71,27.22,26.58,26.88
53.48,1618,93.8,100,0,-0.1,1,7320,0,0.07,109.8,88.7,82.5,85,28.71,27.22,26.58,26.88
53.52,1620,93.9,100,0,-0.2,1,7328,0.03,0.07,109.8,88.7,82.5,85,28.71,27.22,26.58,26.88
53.56,1621,94,100,0,-0.4,1,7336,0.01,0.07,109.8,88.7,82.5,85,28.71,27.22,26.57,26.87
53.6,1622,94.1,100,0,-0.3,1,7343,0.03,0.07,109.8,88.7,82.5,85,28.71,27.22,26.57,26.87
53.64,1623,94.2,100,0,0.4,1,7351,0.02,0.07,109.8,88.7,82.5,85,28.71,27.22,26.57,26.87
53.68,1624,94.3,100,0,0,1,7359,0.03,0.07,109.8,88.7,82.5,85,28.71,27.22,26.57,26.87
53.72,1625,94.4,100,0,0.1,1,7366,0.02,0.07,109.8,88.7,82.4,84.9,28.71,27.22,26.57,26.87
53.76,1626,94.5,100,0,-0.2,1,7374,-0.01,0.07,109.8,88.7,82.4,84.9,28.71,27.21,26.57,26.87
53.8,1627,94.6,100,0,0.3,1,7382,0,0.07,109.7,88.7,82.4,84.9,28.71,27.21,26.57,26.87
53.84,1628,94.7,100,0,-0.8,1,7389,0,0.07,109.7,88.6,82.4,84.9,28.7,27.21,26.57,26.87
53.88,1629,94.8,100,0,-0.3,1,7397,0.01,0.07,109.7,88.6,82.4,84.9,28.7,27.21,26.57,26.87
53.92,1630,94.9,100,0,0,1,7405,0.02,0.07,109.7,88.6,82.4,84.9,28.7,27.21,26.57,26.87
53.96,1631,95,100,0,0.2,2,5417,0,0.07,109.7,88.6,82.4,84.9,28.7,27.21,26.57,26.87
54,1632,95.1,100,0,-0.2,2,5422,-0.01,0.07,109.7,88.6,82.4,84.9,28.7,27.21,26.56,26.86
54.04,1633,95.2,100,0,-0.1,2,5428,0.04,0.07,109.7,88.6,82.3,84.8,28.7,27.21,26.56,26.86
54.08,1634,95.3,100,0,0,2,5433,0,0.07,109.7,88.6,82.3,84.8,28.7,27.21,26.56,26.86
54.12,1635,95.4,100,0,-0.1,2,5438,-0.02,0.07,109.6,88.6,82.3,84.8,28.7,27.21,26.56,26.86
54.16,1636,95.5,100,0,0,2,5444,-0.01,0.07,109.6,88.5,82.3,84.8,28.7,27.21,26.56,26.86
54.2,1637,95.6,100,0,-0.4,2,5449,0.01,0.07,109.6,88.5,82.3,84.8,28.7,27.2,26.56,26.86
54.24,1638,95.7,100,0,0.6,2,5455,-0.02,0.07,109.6,88.5,82.3,84.8,28.7,27.2,26.56,26.86
54.28,1640,95.8,100,0,0.2,2,5460,0.05,0.07,109.6,88.5,82.3,84.8,28.69,27.2,26.56,26.86
54.32,1641,95.9,100,0,-0.2,2,5466,-0.02,0.07,109.6,88.5,82.3,84.8,28.69,27.2,26.56,26.86
54.36,1642,96,100,0,0,2,5471,0.02,0.07,109.6,88.5,82.3,84.8,28.69,27.2,26.56,26.86
54.4,1643,96.1,100,0,0.5,2,5476,0,0.07,109.6,88.5,82.2,84.7,28.69,27.2,26.56,26.86
54.44,1644,96.2,100,0,-0.7,2,5482,0,0.07,109.5,88.5,82.2,84.7,28.69,27.2,26.55,26.85
54.48,1645,96.3,100,0,0.5,2,5487,-0.02,0.07,109.5,88.4,82.2,84.7,28.69,27.2,26.55,26.85
54.52,1646,96.4,100,0,-0.4,2,5492,-0.01,0.07,109.5,88.4,82.2,84.7,28.69,27.2,26.55,26.85
54.56,1647,96.5,100,0,-0.1,2,5498,0.02,0.07,109.5,88.4,82.2,84.7,28.69,27.2,26.55,26.85
54.6,1648,96.5,100,0,0.2,2,5503,-0.04,0.07,109.5,88.4,82.2,84.7,28.69,27.2,26.55,26.85
54.64,1649,96.6,100,0,0.4,2,5508,-0.03,0.07,109.5,88.4,82.2,84.7,28.69,27.2,26.55,26.85
54.68,1650,96.7,100,0,-0.3,2,5514,-0.02,0.07,109.5,88.4,82.2,84.7,28.69,27.19,26.55,26.85
54.72,1651,96.8,100,0,-0.5,2,5519,-0.02,0.07,109.5,88.4,82.1,84.6,28.68,27.19,26.55,26.85
54.76,1652,96.9,100,0,0.6,2,5524,0.01,0.07,109.5,88.4,82.1,84.6,28.68,27.19,26.55,26.85
54.8,1653,97,100,0,-0.3,2,5529,0,0.07,109.4,88.4,82.1,84.6,28.68,27.19,26.55,26.85
54.84,1655,97.1,100,0,-0.3,2,5535,0.01,0.07,109.4,88.3,82.1,84.6,28.68,27.19,26.55,26.85
54.88,1656,97.2,100,0,-0.3,2,5540,0.02,0.06,109.4,88.3,82.1,84.6,28.68,27.19,26.54,26.84
54.92,1657,97.3,100,0,-0.7,2,5545,-0.02,0.06,109.4,88.3,82.1,84.6,28.68,27.19,26.54,26.84
54.96,1658,97.4,100,0,-0.1,2,5550,0,0.06,109.4,88.3,82.1,84.6,28.68,27.19,26.54,26.84
55,1659,97.5,100,0,0.6,2,5556,-0.01,0.06,109.4,88.3,82.1,84.6,28.68,27.19,26.54,26.84
55.04,1660,97.6,100,0,-0.1,2,5561,-0.02,0.06,109.4,88.3,82,84.5,28.68,27.19,26.54,26.84
55.08,1661,97.6,100,0,0,2,5566,0.01,0.06,109.4,88.3,82,84.5,28.68,27.19,26.54,26.84
55.12,1662,97.7,100,0,-0.3,2,5571,-0.02,0.06,109.3,88.3,82,84.5,28.68,27.18,26.54,26.84
55.16,1663,97.8,100,0,0.3,2,5576,0.01,0.06,109.3,88.2,82,84.5,28.67,27.18,26.54,26.84
55.2,1664,97.9,100,0,-0.2,2,5581,-0.02,0.06,109.3,88.2,82,84.5,28.67,27.18,26.54,26.84
55.24,1665,98,100,0,-0.4,2,5586,-0.02,0.06,109.3,88.2,82,84.5,28.67,27.18,26.54,26.84
55.28,1666,98.1,100,0,0.3,2,5592,-0.03,0.06,109.3,88.2,82,84.5,28.67,27.18,26.54,26.84
55.32,1668,98.2,100,0,-0.3,2,5597,-0.02,0.06,109.3,88.2,82,84.5,28.67,27.18,26.53,26.83
55.36,1669,98.3,100,0,0.6,2,5602,0.03,0.06,109.3,88.2,82,84.5,28.67,27.18,26.53,26.83
55.4,1670,98.4,100,0,0.3,2,5607,0,0.06,109.3,88.2,81.9,84.4,28.67,27.18,26.53,26.83
55.44,1671,98.5,100,0,-0.6,2,5612,-0.01,0.06,109.2,88.2,81.9,84.4,28.67,27.18,26.53,26.83
55.48,1672,98.5,100,0,-0.1,2,5617,0,0.06,109.2,88.1,81.9,84.4,28.67,27.18,26.53,26.83
55.52,1673,98.6,100,0,-0.1,2,5622,-0.02,0.06,109.2,88.1,81.9,84.4,28.67,27.18,26.53,26.83
55.56,1674,98.7,100,0,-0.6,2,5627,0.01,0.06,109.2,88.1,81.9,84.4,28.67,27.17,26.53,26.83
55.6,1675,98.8,100,0,-0.7,2,5632,0.01,0.06,109.2,88.1,81.9,84.4,28.67,27.17,26.53,26.83
55.64,1676,98.9,100,0,-0.2,2,5637,0.03,0.06,109.2,88.1,81.9,84.4,28.66,27.17,26.53,26.83
55.68,1677,99,100,0,0.4,2,5642,-0.04,0.06,109.2,88.1,81.9,84.4,28.66,27.17,26.53,26.83
55.72,1679,99.1,100,0,0.2,2,5647,-0.05,0.06,109.2,88.1,81.8,84.3,28.66,27.17,26.53,26.83
55.76,1680,99.2,100,0,-0.1,2,5652,0.02,0.06,109.2,88.1,81.8,84.3,28.66,27.17,26.53,26.83
55.8,1681,99.2,100,0,-0.5,2,5657,0.01,0.06,109.1,88.1,81.8,84.3,28.66,27.17,26.52,26.82
55.84,1682,99.3,100,0,0,2,5662,-0.01,0.06,109.1,88,81.8,84.3,28.66,27.17,26.52,26.82
55.88,1683,99.4,100,0,0.5,2,5667,0,0.06,109.1,88,81.8,84.3,28.66,27.17,26.52,26.82
55.92,1684,99.5,100,0,-0.6,2,5672,0.03,0.06,109.1,88,81.8,84.3,28.66,27.17,26.52,26.82
55.96,1685,99.6,100,0,-0.1,2,5676,0.03,0.06,109.1,88,81.8,84.3,28.66,27.17,26.52,26.82
56,1686,99.7,100,0,-0.3,2,5681,0.02,0.06,109.1,88,81.8,84.3,28.66,27.16,26.52,26.82
56.04,1687,99.8,100,0,0.8,2,5686,0.02,0.06,109.1,88,81.7,84.2,28.66,27.16,26.52,26.82
56.08,1688,99.8,100,0,-0.4,2,5691,0.02,0.06,109.1,88,81.7,84.2,28.65,27.16,26.52,26.82
56.12,1690,99.9,100,0,0.2,2,5696,0.01,0.06,109,88,81.7,84.2,28.65,27.16,26.52,26.82
56.16,1691,100,100,0,0.2,2,5701,-0.02,0.06,109,87.9,81.7,84.2,28.65,27.16,26.52,26.82
56.2,1692,100.1,100,0,-0.4,2,5706,-0.02,0.06,109,87.9,81.7,84.2,28.65,27.16,26.52,26.82
56.24,1693,100.2,100,0,-0.5,2,5710,0.02,0.06,109,87.9,81.7,84.2,28.65,27.16,26.51,26.81
56.28,1694,100.3,100,0,-0.3,2,5715,-0.02,0.06,109,87.9,81.7,84.2,28.65,27.16,26.51,26.81
56.32,1695,100.4,100,0,-0.5,2,5720,-0.01,0.06,109,87.9,81.7,84.2,28.65,27.16,26.51,26.81
56.36,1696,100.4,100,0,0.7,2,5725,0,0.06,109,87.9,81.7,84.2,28.65,27.16,26.51,26.81
56.4,1697,100.5,100,0,0,2,5730,0.01,0.06,109,87.9,81.6,84.1,28.65,27.16,26.51,26.81
56.44,1698,100.6,100,0,0.2,2,5734,0.02,0.06,108.9,87.9,81.6,84.1,28.65,27.15,26.51,26.81
56.48,1700,100.7,100,0,0.1,2,5739,0.01,0.06,108.9,87.8,81.6,84.1,28.65,27.15,26.51,26.81
56.52,1701,100.8,100,0,0.1,2,5744,0.02,0.06,108.9,87.8,81.6,84.1,28.64,27.15,26.51,26.81
56.56,1702,100.9,100,0,-0.8,2,5749,0.01,0.06,108.9,87.8,81.6,84.1,28.64,27.15,26.51,26.81
56.6,1703,100.9,100,0,0.2,2,5753,0,0.06,108.9,87.8,81.6,84.1,28.64,27.15,26.51,26.81
56.64,1704,101,100,0,0.6,2,5758,-0.02,0.06,108.9,87.8,81.6,84.1,28.64,27.15,26.51,26.81
56.68,1705,101.1,100,0,-0.5,2,5763,0.01,0.06,108.9,87.8,81.6,84.1,28.64,27.15,26.5,26.8
56.72,1706,101.2,100,0,0.4,2,5767,-0.04,0.06,108.9,87.8,81.5,84,28.64,27.15,26.5,26.8
56.76,1707,101.3,100,0,0.2,2,5772,-0.01,0.06,108.9,87.8,81.5,84,28.64,27.15,26.5,26.8
56.8,1709,101.3,100,0,0.4,2,5777,0.03,0.06,108.8,87.8,81.5,84,28.64,27.15,26.5,26.8
56.84,1710,101.4,100,0,0.6,2,5781,0.02,0.06,108.8,87.7,81.5,84,28.64,27.15,26.5,26.8
56.88,1711,101.5,100,0,-0.3,2,5786,-0.01,0.06,108.8,87.7,81.5,84,28.64,27.14,26.5,26.8
56.92,1712,101.6,100,0,0.3,2,5791,0.04,0.06,108.8,87.7,81.5,84,28.64,27.14,26.5,26.8
56.96,1713,101.7,100,0,-0.2,2,5795,-0.01,0.06,108.8,87.7,81.5,84,28.63,27.14,26.5,26.8
57,1714,101.8,100,0,0.7,2,5800,0.04,0.06,108.8,87.7,81.5,84,28.63,27.14,26.5,26.8
57.04,1715,101.8,100,0,-0.9,2,5804,0.01,0.06,108.8,87.7,81.4,83.9,28.63,27.14,26.5,26.8
57.08,1716,101.9,100,0,0.6,2,5809,0,0.06,108.8,87.7,81.4,83.9,28.63,27.14,26.5,26.8
57.12,1718,102,100,0,-0.1,2,5814,-0.03,0.06,108.7,87.7,81.4,83.9,28.63,27.14,26.49,26.79
57.16,1719,102.1,100,0,0.3,2,5818,-0.01,0.06,108.7,87.6,81.4,83.9,28.63,27.14,26.49,26.79
57.2,1720,102.2,100,0,-0.3,2,5823,0.03,0.06,108.7,87.6,81.4,83.9,28.63,27.14,26.49,26.79
57.24,1721,102.2,100,0,0.6,2,5827,-0.01,0.06,108.7,87.6,81.4,83.9,28.63,27.14,26.49,26.79
57.28,1722,102.3,100,0,-0.1,2,5832,-0.01,0.06,108.7,87.6,81.4,83.9,28.63,27.14,26.49,26.79
57.32,1723,102.4,100,0,0.3,2,5836,-0.01,0.06,108.7,87.6,81.4,83.9,28.63,27.13,26.49,26.79
57.36,1724,102.5,100,0,0.2,2,5841,0.01,0.06,108.7,87.6,81.4,83.9,28.63,27.13,26.49,26.79
57.4,1726,102.6,100,0,0.3,2,5845,0.04,0.06,108.7,87.6,81.3,83.8,28.62,27.13,26.49,26.79
57.44,1727,102.6,100,0,0.3,2,5850,0.02,0.06,108.6,87.6,81.3,83.8,28.62,27.13,26.49,26.79
57.48,1728,102.7,100,0,0.5,2,5854,-0.02,0.06,108.6,87.5,81.3,83.8,28.62,27.13,26.49,26.79
57.52,1729,102.8,100,0,0.1,2,5859,0.03,0.06,108.6,87.5,81.3,83.8,28.62,27.13,26.49,26.79
57.56,1730,102.9,100,0,-0.2,2,5863,0.01,0.06,108.6,87.5,81.3,83.8,28.62,27.13,26.48,26.78
57.6,1731,102.9,100,0,1,2,5868,0.01,0.06,108.6,87.5,81.3,83.8,28.62,27.13,26.48,26.78
57.64,1732,103,100,0,-0.6,2,5872,0.01,0.06,108.6,87.5,81.3,83.8,28.62,27.13,26.48,26.78
57.68,1734,103.1,100,0,-0.4,2,5877,0.02,0.06,108.6,87.5,81.3,83.8,28.62,27.13,26.48,26.78
57.72,1735,103.2,100,0,-0.3,2,5881,0.04,0.05,108.6,87.5,81.2,83.7,28.62,27.13,26.48,26.78
57.76,1736,103.3,100,0,-0.2,2,5885,0.01,0.05,108.6,87.5,81.2,83.7,28.62,27.12,26.48,26.78
57.8,1737,103.3,100,0,-0.8,2,5890,0.02,0.05,108.5,87.5,81.2,83.7,28.62,27.12,26.48,26.78
57.84,1738,103.4,100,0,0.6,2,5894,0,0.05,108.5,87.4,81.2,83.7,28.61,27.12,26.48,26.78
57.88,1739,103.5,100,0,-0.5,2,5899,0.01,0.05,108.5,87.4,81.2,83.7,28.61,27.12,26.48,26.78
57.92,1740,103.6,100,0,-0.1,2,5903,0,0.05,108.5,87.4,81.2,83.7,28.61,27.12,26.48,26.78
57.96,1742,103.6,100,0,0.2,2,5907,0.01,0.05,108.5,87.4,81.2,83.7,28.61,27.12,26.48,26.78
58,1743,103.7,100,0,-0.1,2,5912,0.02,0.05,108.5,87.4,81.2,83.7,28.61,27.12,26.47,26.77
58.04,1744,103.8,100,0,0,2,5916,0.03,0.05,108.5,87.4,81.1,83.6,28.61,27.12,26.47,26.77
58.08,1745,103.9,100,0,0,2,5920,-0.01,0.05,108.5,87.4,81.1,83.6,28.61,27.12,26.47,26.77
58.12,1746,103.9,100,0,-0.2,2,5925,-0.02,0.05,108.4,87.4,81.1,83.6,28.61,27.12,26.47,26.77
58.16,1747,104,100,0,0.4,2,5929,-0.01,0.05,108.4,87.3,81.1,83.6,28.61,27.12,26.47,26.77
58.2,1749,104.1,100,0,-0.4,2,5933,-0.03,0.05,108.4,87.3,81.1,83.6,28.61,27.11,26.47,26.77
58.24,1750,104.2,100,0,-0.6,2,5938,0,0.05,108.4,87.3,81.1,83.6,28.61,27.11,26.47,26.77
58.28,1751,104.2,100,0,0.5,2,5942,0,0.05,108.4,87.3,81.1,83.6,28.6,27.11,26.47,26.77
58.32,1752,104.3,100,0,0.1,2,5946,0.01,0.05,108.4,87.3,81.1,83.6,28.6,27.11,26.47,26.77
58.36,1753,104.4,100,0,0.2,2,5950,-0.03,0.05,108.4,87.3,81.1,83.6,28.6,27.11,26.47,26.77
58.4,1754,104.5,100,0,-0.7,2,5955,0.01,0.05,108.4,87.3,81,83.5,28.6,27.11,26.47,26.77
58.44,1755,104.5,100,0,-0.3,2,5959,-0.03,0.05,108.3,87.3,81,83.5,28.6,27.11,26.46,26.76
58.48,1757,104.6,100,0,0,2,5963,0.03,0.05,108.3,87.2,81,83.5,28.6,27.11,26.46,26.76
58.52,1758,104.7,100,0,-0.2,2,5967,-0.01,0.05,108.3,87.2,81,83.5,28.6,27.11,26.46,26.76
58.56,1759,104.8,100,0,-0.4,2,5972,0.01,0.05,108.3,87.2,81,83.5,28.6,27.11,26.46,26.76
58.6,1760,104.8,100,0,-0.3,2,5976,0.04,0.05,108.3,87.2,81,83.5,28.6,27.11,26.46,26.76
58.64,1761,104.9,100,0,-0.4,2,5980,-0.01,0.05,108.3,87.2,81,83.5,28.6,27.11,26.46,26.76
58.68,1762,105,100,0,-0.2,2,5984,-0.02,0.05,108.3,87.2,81,83.5,28.6,27.1,26.46,26.76
58.72,1764,105.1,100,0,0.5,2,5988,-0.01,0.05,108.3,87.2,80.9,83.4,28.59,27.1,26.46,26.76
58.76,1765,105.1,100,0,-0.3,2,5993,0,0.05,108.3,87.2,80.9,83.4,28.59,27.1,26.46,26.76
58.8,1766,105.2,100,0,-0.3,2,5997,-0.01,0.05,108.2,87.2,80.9,83.4,28.59,27.1,26.46,26.76
58.84,1767,105.3,100,0,1.4,2,6001,0,0.05,108.2,87.1,80.9,83.4,28.59,27.1,26.46,26.76
58.88,1768,105.4,100,0,-0.7,2,6005,0.02,0.05,108.2,87.1,80.9,83.4,28.59,27.1,26.45,26.75
58.92,1769,105.4,100,0,0.2,2,6009,0.01,0.05,108.2,87.1,80.9,83.4,28.59,27.1,26.45,26.75
58.96,1771,105.5,100,0,0.2,2,6013,0,0.05,108.2,87.1,80.9,83.4,28.59,27.1,26.45,26.75
59,1772,105.6,100,0,0.8,2,6017,-0.01,0.05,108.2,87.1,80.9,83.4,28.59,27.1,26.45,26.75
59.04,1773,105.6,100,0,-0.5,2,6021,0,0.05,108.2,87.1,80.8,83.3,28.59,27.1,26.45,26.75
59.08,1774,105.7,100,0,-0.5,2,6026,0.01,0.05,108.2,87.1,80.8,83.3,28.59,27.1,26.45,26.75
59.12,1775,105.8,100,0,-0.2,2,6030,0.03,0.05,108.1,87.1,80.8,83.3,28.59,27.09,26.45,26.75
59.16,1776,105.9,100,0,0.2,2,6034,-0.01,0.05,108.1,87,80.8,83.3,28.58,27.09,26.45,26.75
59.2,1778,105.9,100,0,-1,2,6038,0.02,0.05,108.1,87,80.8,83.3,28.58,27.09,26.45,26.75
59.24,1779,106,100,0,-0.1,2,6042,-0.02,0.05,108.1,87,80.8,83.3,28.58,27.09,26.45,26.75
59.28,1780,106.1,100,0,-0.1,2,6046,-0.01,0.05,108.1,87,80.8,83.3,28.58,27.09,26.45,26.75
59.32,1781,106.1,100,0,-1.1,2,6050,0,0.05,108.1,87,80.8,83.3,28.58,27.09,26.44,26.74
59.36,1782,106.2,100,0,0.1,2,6054,-0.03,0.05,108.1,87,80.8,83.3,28.58,27.09,26.44,26.74
59.4,1784,106.3,100,0,-0.2,2,6058,0,0.05,108.1,87,80.7,83.2,28.58,27.09,26.44,26.74
59.44,1785,106.3,100,0,0.2,2,6062,0,0.05,108,87,80.7,83.2,28.58,27.09,26.44,26.74
59.48,1786,106.4,100,0,0,2,6066,-0.04,0.05,108,86.9,80.7,83.2,28.58,27.09,26.44,26.74
59.52,1787,106.5,100,0,0.1,2,6070,-0.02,0.05,108,86.9,80.7,83.2,28.58,27.09,26.44,26.74
59.56,1788,106.6,100,0,0.3,2,6074,-0.06,0.05,108,86.9,80.7,83.2,28.58,27.08,26.44,26.74
59.6,1789,106.6,100,0,0.1,2,6078,0,0.05,108,86.9,80.7,83.2,28.58,27.08,26.44,26.74
59.64,1791,106.7,100,0,-0.7,2,6082,0,0.05,108,86.9,80.7,83.2,28.57,27.08,26.44,26.74
59.68,1792,106.8,100,0,-0.3,2,6086,0.04,0.05,108,86.9,80.7,83.2,28.57,27.08,26.44,26.74
59.72,1793,106.8,100,0,0.1,2,6090,0,0.05,108,86.9,80.6,83.1,28.57,27.08,26.44,26.74
59.76,1794,106.9,100,0,-0.4,2,6094,0.01,0.05,108,86.9,80.6,83.1,28.57,27.08,26.44,26.74
59.8,1795,107,100,0,-0.3,2,6098,-0.01,0.05,107.9,86.9,80.6,83.1,28.57,27.08,26.43,26.73
59.84,1797,107,100,0,0.2,2,6102,-0.01,0.05,107.9,86.8,80.6,83.1,28.57,27.08,26.43,26.73
59.88,1798,107.1,100,0,0.1,2,6105,-0.02,0.05,107.9,86.8,80.6,83.1,28.57,27.08,26.43,26.73
59.92,1799,107.2,100,0,-0.5,2,6109,-0.04,0.05,107.9,86.8,80.6,83.1,28.57,27.08,26.43,26.73
59.96,1800,107.3,100,0,0.7,2,6113,-0.01,0.05,107.9,86.8,80.6,83.1,28.57,27.08,26.43,26.73
60,1801,107.3,100,0,0.2,2,6117,-0.01,0.05,107.9,86.8,80.6,83.1,28.57,27.07,26.43,26.73
60.04,1803,107.4,100,0,-0.1,2,6121,0,0.05,107.9,86.8,80.5,83,28.57,27.07,26.43,26.73
60.08,1804,107.5,100,0,0.3,2,6125,-0.01,0.05,107.9,86.8,80.5,83,28.56,27.07,26.43,26.73
60.12,1805,107.5,100,0,-0.3,2,6129,0.01,0.05,107.8,86.8,80.5,83,28.56,27.07,26.43,26.73
60.16,1806,107.6,100,0,-0.8,2,6133,0,0.05,107.8,86.7,80.5,83,28.56,27.07,26.43,26.73
60.2,1807,107.7,100,0,-0.4,2,6136,-0.01,0.05,107.8,86.7,80.5,83,28.56,27.07,26.43,26.73
60.24,1809,107.7,100,0,-0.1,2,6140,0.01,0.05,107.8,86.7,80.5,83,28.56,27.07,26.42,26.72
60.28,1810,107.8,100,0,0.9,2,6144,0.01,0.05,107.8,86.7,80.5,83,28.56,27.07,26.42,26.72
60.32,1811,107.9,100,0,-0.2,2,6148,0.01,0.05,107.8,86.7,80.5,83,28.56,27.07,26.42,26.72
60.36,1812,107.9,100,0,-0.3,2,6152,-0.04,0.05,107.8,86.7,80.5,83,28.56,27.07,26.42,26.72
60.4,1813,108,100,0,-0.3,2,6156,-0.01,0.05,107.8,86.7,80.4,82.9,28.56,27.07,26.42,26.72
60.44,1815,108.1,100,0,0.4,2,6159,0.02,0.05,107.7,86.7,80.4,82.9,28.56,27.06,26.42,26.72
60.48,1816,108.1,100,0,0.4,2,6163,0.03,0.05,107.7,86.6,80.4,82.9,28.56,27.06,26.42,26.72
60.52,1817,108.2,100,0,0.4,2,6167,-0.01,0.05,107.7,86.6,80.4,82.9,28.55,27.06,26.42,26.72
60.56,1818,108.3,100,0,-0.5,2,6171,0.03,0.05,107.7,86.6,80.4,82.9,28.55,27.06,26.42,26.72
60.6,1819,108.3,100,0,0,2,6174,-0.01,0.05,107.7,86.6,80.4,82.9,28.55,27.06,26.42,26.72
60.64,1821,108.4,100,0,0.1,2,6178,0.01,0.05,107.7,86.6,80.4,82.9,28.55,27.06,26.42,26.72
60.68,1822,108.5,100,0,0.4,2,6182,0.01,0.05,107.7,86.6,80.4,82.9,28.55,27.06,26.41,26.71
60.72,1823,108.5,100,0,-0.3,2,6186,0,0.05,107.7,86.6,80.3,82.8,28.55,27.06,26.41,26.71
60.76,1824,108.6,100,0,-0.2,2,6189,0.04,0.05,107.7,86.6,80.3,82.8,28.55,27.06,26.41,26.71
60.8,1825,108.6,100,0,0.3,2,6193,0.01,0.05,107.6,86.6,80.3,82.8,28.55,27.06,26.41,26.71
60.84,1827,108.7,100,0,0,2,6197,0.01,0.05,107.6,86.5,80.3,82.8,28.55,27.06,26.41,26.71
60.88,1828,108.8,100,0,0.2,2,6200,-0.01,0.05,107.6,86.5,80.3,82.8,28.55,27.05,26.41,26.71
60.92,1829,108.8,100,0,-0.5,2,6204,0.01,0.05,107.6,86.5,80.3,82.8,28.55,27.05,26.41,26.71
60.96,1830,108.9,100,0,0.2,2,6208,-0.02,0.05,107.6,86.5,80.3,82.8,28.54,27.05,26.41,26.71
61,1831,109,100,0,0.1,2,6211,-0.02,0.05,107.6,86.5,80.3,82.8,28.54,27.05,26.41,26.71
61.04,1833,109,100,0,1,2,6215,0,0.05,107.6,86.5,80.2,82.7,28.54,27.05,26.41,26.71
61.08,1834,109.1,100,0,0,2,6219,0,0.05,107.6,86.5,80.2,82.7,28.54,27.05,26.41,26.71
61.12,1835,109.2,100,0,0.1,2,6222,0.03,0.05,107.5,86.5,80.2,82.7,28.54,27.05,26.4,26.7
61.16,1836,109.2,100,0,0.6,2,6226,0.03,0.05,107.5,86.4,80.2,82.7,28.54,27.05,26.4,26.7
61.2,1837,109.3,100,0,-0.6,2,6230,0.01,0.05,107.5,86.4,80.2,82.7,28.54,27.05,26.4,26.7
61.24,1839,109.4,100,0,0,2,6233,-0.01,0.05,107.5,86.4,80.2,82.7,28.54,27.05,26.4,26.7
61.28,1840,109.4,100,0,0,2,6237,-0.01,0.04,107.5,86.4,80.2,82.7,28.54,27.05,26.4,26.7
61.32,1841,109.5,100,0,0,2,6241,-0.03,0.04,107.5,86.4,80.2,82.7,28.54,27.04,26.4,26.7
61.36,1842,109.5,100,0,0.3,2,6244,0.01,0.04,107.5,86.4,80.2,82.7,28.54,27.04,26.4,26.7
61.4,1844,109.6,100,0,0,2,6248,0.03,0.04,107.5,86.4,80.1,82.6,28.53,27.04,26.4,26.7
61.44,1845,109.7,100,0,-0.5,2,6251,0,0.04,107.4,86.4,80.1,82.6,28.53,27.04,26.4,26.7
61.48,1846,109.7,100,0,-0.3,2,6255,0,0.04,107.4,86.3,80.1,82.6,28.53,27.04,26.4,26.7
61.52,1847,109.8,100,0,0.1,2,6259,0.01,0.04,107.4,86.3,80.1,82.6,28.53,27.04,26.4,26.7
61.56,1848,109.9,100,0,0.2,2,6262,0.02,0.04,107.4,86.3,80.1,82.6,28.53,27.04,26.39,26.69
61.6,1850,109.9,100,0,0.3,2,6266,0.02,0.04,107.4,86.3,80.1,82.6,28.53,27.04,26.39,26.69
61.64,1851,110,100,0,-0.1,2,6269,-0.01,0.04,107.4,86.3,80.1,82.6,28.53,27.04,26.39,26.69
61.68,1852,110,100,0,-0.6,2,6273,-0.02,0.04,107.4,86.3,80.1,82.6,28.53,27.04,26.39,26.69
61.72,1853,110.1,100,0,-0.3,2,6276,0.01,0.04,107.4,86.3,80,82.5,28.53,27.04,26.39,26.69
61.76,1855,110.2,100,0,0.5,2,6280,0,0.04,107.4,86.3,80,82.5,28.53,27.03,26.39,26.69
61.8,1856,110.2,100,0,-0.1,2,6283,0.02,0.04,107.3,86.3,80,82.5,28.53,27.03,26.39,26.69
61.84,1857,110.3,100,0,0.7,2,6287,0,0.04,107.3,86.2,80,82.5,28.52,27.03,26.39,26.69
61.88,1858,110.4,100,0,-0.1,2,6290,0.03,0.04,107.3,86.2,80,82.5,28.52,27.03,26.39,26.69
61.92,1859,110.4,100,0,0.8,2,6294,-0.01,0.04,107.3,86.2,80,82.5,28.52,27.03,26.39,26.69
61.96,1861,110.5,100,0,-0.3,2,6297,-0.01,0.04,107.3,86.2,80,82.5,28.52,27.03,26.39,26.69
62,1862,110.5,100,0,0.2,2,6301,0.03,0.04,107.3,86.2,80,82.5,28.52,27.03,26.38,26.68
62.04,1863,110.6,100,0,0.2,2,6304,0,0.04,107.3,86.2,79.9,82.4,28.52,27.03,26.38,26.68
62.08,1864,110.7,100,0,0.4,2,6308,0.01,0.04,107.3,86.2,79.9,82.4,28.52,27.03,26.38,26.68
62.12,1866,110.7,100,0,-0.3,2,6311,-0.02,0.04,107.2,86.2,79.9,82.4,28.52,27.03,26.38,26.68
62.16,1867,110.8,100,0,-0.3,2,6315,0.02,0.04,107.2,86.1,79.9,82.4,28.52,27.03,26.38,26.68
62.2,1868,110.8,100,0,0.9,2,6318,-0.01,0.04,107.2,86.1,79.9,82.4,28.52,27.02,26.38,26.68
62.24,1869,110.9,100,0,0.4,2,6321,-0.02,0.04,107.2,86.1,79.9,82.4,28.52,27.02,26.38,26.68
62.28,1870,111,100,0,0.3,2,6325,0.03,0.04,107.2,86.1,79.9,82.4,28.51,27.02,26.38,26.68
62.32,1872,111,100,0,0.6,2,6328,0.02,0.04,107.2,86.1,79.9,82.4,28.51,27.02,26.38,26.68
62.36,1873,111.1,100,0,0,2,6332,-0.02,0.04,107.2,86.1,79.9,82.4,28.51,27.02,26.38,26.68
62.4,1874,111.1,100,0,0.3,2,6335,0,0.04,107.2,86.1,79.8,82.3,28.51,27.02,26.38,26.68
62.44,1875,111.2,100,0,0.2,2,6338,-0.02,0.04,107.1,86.1,79.8,82.3,28.51,27.02,26.37,26.67
62.48,1877,111.3,100,0,0.3,2,6342,0,0.04,107.1,86,79.8,82.3,28.51,27.02,26.37,26.67
62.52,1878,111.3,100,0,-0.3,2,6345,-0.03,0.04,107.1,86,79.8,82.3,28.51,27.02,26.37,26.67
62.56,1879,111.4,100,0,-0.5,2,6349,0,0.04,107.1,86,79.8,82.3,28.51,27.02,26.37,26.67
62.6,1880,111.4,100,0,0.4,2,6352,0.04,0.04,107.1,86,79.8,82.3,28.51,27.02,26.37,26.67
62.64,1882,111.5,100,0,-0.5,2,6355,0,0.04,107.1,86,79.8,82.3,28.51,27.02,26.37,26.67
62.68,1883,111.6,100,0,0.4,2,6359,-0.04,0.04,107.1,86,79.8,82.3,28.51,27.01,26.37,26.67
62.72,1884,111.6,100,0,-0.4,2,6362,-0.02,0.04,107.1,86,79.7,82.2,28.5,27.01,26.37,26.67
62.76,1885,111.7,100,0,0.3,2,6365,0,0.04,107.1,86,79.7,82.2,28.5,27.01,26.37,26.67
62.8,1887,111.7,100,0,-0.3,2,6369,0.02,0.04,107,86,79.7,82.2,28.5,27.01,26.37,26.67
62.84,1888,111.8,100,0,-0.1,2,6372,-0.01,0.04,107,85.9,79.7,82.2,28.5,27.01,26.37,26.67
62.88,1889,111.8,100,0,0.7,2,6375,0,0.04,107,85.9,79.7,82.2,28.5,27.01,26.36,26.66
62.92,1890,111.9,100,0,-0.1,2,6379,-0.01,0.04,107,85.9,79.7,82.2,28.5,27.01,26.36,26.66
62.96,1892,112,100,0,0.3,2,6382,-0.01,0.04,107,85.9,79.7,82.2,28.5,27.01,26.36,26.66
63,1893,112,100,0,-0.4,2,6385,0.02,0.04,107,85.9,79.7,82.2,28.5,27.01,26.36,26.66
63.04,1894,112.1,100,0,0.5,2,6388,0,0.04,107,85.9,79.6,82.1,28.5,27.01,26.36,26.66
63.08,1895,112.1,100,0,1.3,2,6392,0.04,0.04,107,85.9,79.6,82.1,28.5,27.01,26.36,26.66
63.12,1897,112.2,100,0,0.2,2,6395,-0.01,0.04,106.9,85.9,79.6,82.1,28.5,27,26.36,26.66
63.16,1898,112.3,100,0,-0.7,2,6398,0.01,0.04,106.9,85.8,79.6,82.1,28.49,27,26.36,26.66
63.2,1899,112.3,100,0,0.1,2,6402,0.04,0.04,106.9,85.8,79.6,82.1,28.49,27,26.36,26.66
63.24,1900,112.4,100,0,-0.2,2,6405,0,0.04,106.9,85.8,79.6,82.1,28.49,27,26.36,26.66
63.28,1902,112.4,100,0,0.1,2,6408,-0.01,0.04,106.9,85.8,79.6,82.1,28.49,27,26.36,26.66
63.32,1903,112.5,100,0,0.5,2,6411,-0.01,0.04,106.9,85.8,79.6,82.1,28.49,27,26.35,26.65
63.36,1904,112.5,100,0,0.4,2,6415,0.01,0.04,106.9,85.8,79.6,82.1,28.49,27,26.35,26.65
63.4,1905,112.6,100,0,-0.1,2,6418,-0.02,0.04,106.9,85.8,79.5,82,28.49,27,26.35,26.65
63.44,1907,112.7,100,0,0.4,2,6421,-0.02,0.04,106.8,85.8,79.5,82,28.49,27,26.35,26.65
63.48,1908,112.7,100,0,-0.9,2,6425,-0.03,0.04,106.8,85.7,79.5,82,28.49,27,26.35,26.65
63.52,1909,112.8,100,0,-0.8,2,6428,0.02,0.04,106.8,85.7,79.5,82,28.49,27,26.35,26.65
63.56,1910,112.8,100,0,0.6,2,6431,-0.01,0.04,106.8,85.7,79.5,82,28.49,26.99,26.35,26.65
63.6,1912,112.9,100,0,0.8,2,6434,0.02,0.04,106.8,85.7,79.5,82,28.49,26.99,26.35,26.65
63.64,1913,112.9,100,0,-0.4,2,6438,0,0.04,106.8,85.7,79.5,82,28.48,26.99,26.35,26.65
63.68,1914,113,100,0,-0.5,2,6441,-0.02,0.04,106.8,85.7,79.5,82,28.48,26.99,26.35,26.65
63.72,1915,113.1,100,0,0.3,2,6444,-0.02,0.04,106.8,85.7,79.4,81.9,28.48,26.99,26.35,26.65
63.76,1917,113.1,100,0,0.1,2,6448,0.05,0.04,106.8,85.7,79.4,81.9,28.48,26.99,26.35,26.65
63.8,1918,113.2,100,0,-1,2,6451,-0.03,0.04,106.7,85.7,79.4,81.9,28.48,26.99,26.34,26.64
63.84,1919,113.2,100,0,0.2,2,6454,0.01,0.04,106.7,85.6,79.4,81.9,28.48,26.99,26.34,26.64
63.88,1920,113.3,100,0,0,2,6457,0,0.04,106.7,85.6,79.4,81.9,28.48,26.99,26.34,26.64
63.92,1922,113.3,100,0,-0.7,2,6461,-0.01,0.04,106.7,85.6,79.4,81.9,28.48,26.99,26.34,26.64
63.96,1923,113.4,100,0,0.6,2,6464,-0.03,0.04,106.7,85.6,79.4,81.9,28.48,26.99,26.34,26.64
64,1924,113.5,100,0,0.1,2,6467,-0.01,0.04,106.7,85.6,79.4,81.9,28.48,26.98,26.34,26.64
64.04,1925,113.5,100,0,0.6,2,6471,-0.01,0.04,106.7,85.6,79.3,81.8,28.48,26.98,26.34,26.64
64.08,1927,113.6,100,0,0.2,2,6474,0.02,0.04,106.7,85.6,79.3,81.8,28.47,26.98,26.34,26.64
64.12,1928,113.6,100,0,-0.3,2,6477,0.02,0.04,106.6,85.6,79.3,81.8,28.47,26.98,26.34,26.64
64.16,1929,113.7,100,0,-0.1,2,6480,0.03,0.04,106.6,85.5,79.3,81.8,28.47,26.98,26.34,26.64
64.2,1930,113.7,100,0,-0.4,2,6484,0.01,0.04,106.6,85.5,79.3,81.8,28.47,26.98,26.34,26.64
64.24,1932,113.8,100,0,0.1,2,6487,-0.02,0.04,106.6,85.5,79.3,81.8,28.47,26.98,26.33,26.63
64.28,1933,113.9,100,0,-0.2,2,6490,0.01,0.04,106.6,85.5,79.3,81.8,28.47,26.98,26.33,26.63
64.32,1934,113.9,100,0,0.9,2,6494,-0.01,0.04,106.6,85.5,79.3,81.8,28.47,26.98,26.33,26.63
64.36,1935,114,100,0,-0.5,2,6497,0,0.04,106.6,85.5,79.3,81.8,28.47,26.98,26.33,26.63
64.4,1937,114,100,0,-0.2,2,6500,-0.01,0.04,106.6,85.5,79.2,81.7,28.47,26.98,26.33,26.63
64.44,1938,114.1,100,0,-0.1,2,6503,0.02,0.04,106.5,85.5,79.2,81.7,28.47,26.97,26.33,26.63
64.48,1939,114.2,100,0,0,2,6507,0,0.04,106.5,85.4,79.2,81.7,28.47,26.97,26.33,26.63
64.52,1941,114.1,0,2,0.4,2,6503,0,-1.85,106.7,85.5,79.2,81.7,28.47,26.98,26.33,26.63
64.56,1942,113.9,0,7,-0.3,2,6491,0,-1.85,106.8,85.5,79.2,81.7,28.48,26.98,26.33,26.63
64.6,1943,113.6,0,11,0,2,6472,0,-1.85,106.9,85.6,79.2,81.7,28.49,26.98,26.33,26.63
64.64,1944,113.1,0,16,-0.5,2,6445,0,-1.85,107,85.6,79.2,81.7,28.5,26.99,26.33,26.63
64.68,1946,112.5,0,20,-0.6,2,6411,0,-1.85,107.1,85.6,79.2,81.7,28.51,26.99,26.33,26.63
64.72,1947,111.7,0,25,-0.5,2,6368,0,-1.85,107.3,85.7,79.2,81.7,28.52,26.99,26.33,26.63
64.76,1948,110.8,0,30,0.5,2,6317,0,-1.85,107.4,85.7,79.2,81.7,28.53,26.99,26.33,26.63
64.8,1949,109.8,0,34,1,2,6259,0,-1.85,107.5,85.8,79.2,81.7,28.54,27,26.33,26.63
64.84,1951,108.6,0,39,-0.6,2,6192,0,-1.85,107.6,85.8,79.2,81.7,28.55,27,26.33,26.63
64.88,1952,107.3,0,43,0.2,2,6118,0,-1.85,107.7,85.8,79.2,81.7,28.56,27,26.33,26.63
64.92,1953,105.9,0,47,0.4,2,6038,0,-1.85,107.9,85.9,79.2,81.7,28.56,27.01,26.33,26.63
64.96,1954,104.4,0,52,0,2,5949,0,-1.85,108,85.9,79.2,81.7,28.57,27.01,26.33,26.63
65,1955,102.7,0,56,-1.8,2,5853,0,-1.85,108.1,86,79.2,81.7,28.58,27.01,26.33,26.63
65.04,1956,100.9,0,60,-0.6,2,5751,0,-1.85,108.2,86,79.2,81.7,28.59,27.02,26.33,26.63
65.08,1958,99,0,64,1.7,2,5641,0,-1.85,108.3,86,79.2,81.7,28.6,27.02,26.33,26.63
65.12,1959,96.9,0,68,0.5,2,5525,0,-1.85,108.5,86.1,79.2,81.7,28.61,27.02,26.33,26.63
65.16,1960,94.8,0,72,0.5,1,7392,0,-1.85,108.6,86.1,79.2,81.7,28.62,27.02,26.33,26.63
65.2,1961,92.5,0,76,1.3,1,7214,0,-1.85,108.7,86.2,79.2,81.7,28.63,27.03,26.33,26.63
65.24,1962,92,0,80,1.8,1,7176,0,-1.85,108.8,86.2,79.2,81.7,28.64,27.03,26.33,26.63
65.28,1963,92,0,84,-0.6,1,7176,0,-1.85,108.9,86.2,79.2,81.7,28.65,27.03,26.33,26.63
65.32,1964,92,0,87,0.2,1,7176,0,-1.85,109.1,86.3,79.2,81.7,28.65,27.04,26.33,26.63
65.36,1965,92,0,88,-0.4,1,7176,0,-1.85,109.2,86.3,79.2,81.7,28.66,27.04,26.33,26.63
65.4,1966,92,0,88,-1.1,1,7176,0,-1.85,109.3,86.4,79.2,81.7,28.67,27.04,26.33,26.63
65.44,1967,92,0,88,0.6,1,7176,0,-1.85,109.4,86.4,79.2,81.7,28.68,27.05,26.33,26.63
65.48,1968,92,0,88,-1,1,7176,0,-1.85,109.5,86.4,79.2,81.7,28.69,27.05,26.33,26.63
65.52,1969,92,0,88,0.6,1,7176,0,-1.85,109.7,86.5,79.2,81.7,28.7,27.05,26.33,26.63
65.56,1970,92,0,88,-0.2,1,7176,0,-1.85,109.8,86.5,79.2,81.7,28.71,27.05,26.33,26.63
65.6,1971,92,0,88,-1,1,7176,0,-1.85,109.9,86.6,79.2,81.7,28.72,27.06,26.33,26.63
65.64,1972,92,0,88,-0.4,1,7176,0,-1.85,110,86.6,79.2,81.7,28.73,27.06,26.33,26.63
65.68,1973,92,0,88,-0.4,1,7176,0,-1.85,110.1,86.6,79.2,81.7,28.74,27.06,26.33,26.63
65.72,1974,92,0,88,0.3,1,7176,0,-1.85,110.3,86.7,79.2,81.7,28.74,27.07,26.33,26.63
65.76,1975,92,0,88,1,1,7176,0,-1.85,110.4,86.7,79.2,81.7,28.75,27.07,26.33,26.63
65.8,1976,92,0,88,-0.5,1,7176,0,-1.85,110.5,86.8,79.2,81.7,28.76,27.07,26.33,26.63
65.84,1977,92,0,88,0.8,1,7176,0,-1.85,110.6,86.8,79.2,81.7,28.77,27.08,26.33,26.63
65.88,1978,92,0,88,-0.9,1,7176,0,-1.85,110.7,86.8,79.2,81.7,28.78,27.08,26.33,26.63
65.92,1979,92,0,88,-1.3,1,7176,0,-1.85,110.9,86.9,79.2,81.7,28.79,27.08,26.33,26.63
65.96,1980,92,0,88,0.2,1,7176,0,-1.85,111,86.9,79.2,81.7,28.8,27.08,26.33,26.63
66,1981,92,0,88,0.2,1,7176,0,-1.85,111.1,87,79.2,81.7,28.81,27.09,26.33,26.63
66.04,1982,92,0,88,-0.1,1,7176,0,-1.85,111.2,87,79.2,81.7,28.82,27.09,26.33,26.63
66.08,1983,92,0,88,-0.4,1,7176,0,-1.85,111.3,87,79.2,81.7,28.83,27.09,26.33,26.63
66.12,1984,92,0,88,1.4,1,7176,0,-1.85,111.5,87.1,79.2,81.7,28.83,27.1,26.33,26.63
66.16,1985,92,0,88,0.3,1,7176,0,-1.85,111.6,87.1,79.2,81.7,28.84,27.1,26.33,26.63
66.2,1986,92,0,88,0.8,1,7176,0,-1.85,111.7,87.2,79.2,81.7,28.85,27.1,26.33,26.63
66.24,1987,92,0,88,0.4,1,7176,0,-1.85,111.8,87.2,79.2,81.7,28.86,27.11,26.33,26.63
66.28,1988,92,0,88,0.6,1,7176,0,-1.85,111.9,87.2,79.2,81.7,28.87,27.11,26.33,26.63
66.32,1989,92,0,88,0.5,1,7176,0,-1.85,112.1,87.3,79.2,81.7,28.88,27.11,26.33,26.63
66.36,1990,92,0,88,-0.2,1,7176,0,-1.85,112.2,87.3,79.2,81.7,28.89,27.11,26.33,26.63
66.4,1991,92,0,88,0.4,1,7176,0,-1.85,112.3,87.4,79.2,81.7,28.9,27.12,26.33,26.63
66.44,1992,92,0,88,0,1,7176,0,-1.85,112.4,87.4,79.2,81.7,28.91,27.12,26.33,26.63
66.48,1993,92,0,88,1.1,1,7176,0,-1.85,112.5,87.4,79.2,81.7,28.92,27.12,26.33,26.63
66.52,1994,92,0,88,-0.1,1,7176,0,-1.85,112.7,87.5,79.2,81.7,28.92,27.13,26.33,26.63
66.56,1996,92,0,88,0.5,1,7176,0,-1.85,112.8,87.5,79.2,81.7,28.93,27.13,26.33,26.63
66.6,1997,92,0,88,0,1,7176,0,-1.85,112.9,87.6,79.2,81.7,28.94,27.13,26.33,26.63
66.64,1998,92,0,88,0.8,1,7176,0,-1.85,113,87.6,79.2,81.7,28.95,27.14,26.33,26.63
66.68,1999,92,0,88,0.3,1,7176,0,-1.85,113.1,87.6,79.2,81.7,28.96,27.14,26.33,26.63
66.72,2000,92,0,88,0.6,1,7176,0,-1.85,113.3,87.7,79.2,81.7,28.97,27.14,26.33,26.63
66.76,2001,92,0,88,0.8,1,7176,0,-1.85,113.4,87.7,79.2,81.7,28.98,27.14,26.33,26.63
66.8,2002,92,0,88,-1.5,1,7176,0,-1.85,113.5,87.8,79.2,81.7,28.99,27.15,26.33,26.63
66.84,2003,92,0,88,0,1,7176,0,-1.85,113.6,87.8,79.2,81.7,29,27.15,26.33,26.63
66.88,2004,92,0,88,0.1,1,7176,0,-1.85,113.7,87.8,79.2,81.7,29.01,27.15,26.33,26.63
66.92,2005,92,0,88,-0.4,1,7176,0,-1.85,113.9,87.9,79.2,81.7,29.01,27.16,26.33,26.63
66.96,2006,92,0,88,1.7,1,7176,0,-1.85,114,87.9,79.2,81.7,29.02,27.16,26.33,26.63
67,2007,92,0,88,0.9,1,7176,0,-1.85,114.1,88,79.2,81.7,29.03,27.16,26.33,26.63
67.04,2008,92,0,88,-0.7,1,7176,0,-1.85,114.2,88,79.2,81.7,29.04,27.17,26.33,26.63
67.08,2009,92,0,88,-0.5,1,7176,0,-1.85,114.3,88,79.2,81.7,29.05,27.17,26.33,26.63
67.12,2010,92,0,88,-0.7,1,7176,0,-1.85,114.5,88.1,79.2,81.7,29.06,27.17,26.33,26.63
67.16,2011,92,0,88,-0.1,1,7176,0,-1.85,114.6,88.1,79.2,81.7,29.07,27.17,26.33,26.63
67.2,2012,92,0,88,0.4,1,7176,0,-1.85,114.7,88.2,79.2,81.7,29.08,27.18,26.33,26.63
67.24,2013,92,0,87,0.1,1,7176,0.02,-1.39,114.8,88.2,79.2,81.7,29.09,27.18,26.33,26.63
67.28,2014,92,0,85,1.5,1,7176,0.03,-1.37,114.9,88.2,79.2,81.7,29.1,27.18,26.33,26.63
67.32,2015,92,0,84,3.3,1,7176,0.05,-1.35,115.1,88.3,79.2,81.7,29.1,27.19,26.33,26.63
67.36,2016,92,0,83,4.6,1,7176,0.07,-1.34,115.2,88.3,79.2,81.7,29.11,27.19,26.33,26.63
67.4,2017,92,0,81,4.7,1,7176,0.09,-1.32,115.3,88.4,79.2,81.7,29.12,27.19,26.33,26.63
67.44,2018,92,0,80,6.6,1,7176,0.1,-1.3,115.4,88.4,79.2,81.7,29.13,27.2,26.33,26.63
67.48,2019,92,0,78,7.6,1,7176,0.12,-1.29,115.5,88.4,79.2,81.7,29.14,27.2,26.33,26.63
67.52,2020,92,0,77,8.1,1,7176,0.14,-1.27,115.7,88.5,79.2,81.7,29.15,27.2,26.33,26.63
67.56,2021,92,0,76,9.6,1,7176,0.16,-1.26,115.8,88.5,79.2,81.7,29.16,27.2,26.33,26.63
67.6,2022,92,0,74,10,1,7176,0.17,-1.24,115.9,88.6,79.2,81.7,29.17,27.21,26.33,26.63
67.64,2023,92,0,73,12.4,1,7176,0.19,-1.22,116,88.6,79.2,81.7,29.18,27.21,26.33,26.63
67.68,2024,92,0,72,12.7,1,7176,0.21,-1.21,116.1,88.6,79.2,81.7,29.19,27.21,26.33,26.63
67.72,2025,92,0,70,14.3,1,7176,0.23,-1.19,116.3,88.7,79.2,81.7,29.19,27.22,26.33,26.63
67.76,2026,92,0,69,15.3,1,7176,0.24,-1.17,116.4,88.7,79.2,81.7,29.2,27.22,26.33,26.63
67.8,2027,92,0,67,16.2,1,7176,0.26,-1.16,116.5,88.8,79.2,81.7,29.21,27.22,26.33,26.63
67.84,2028,92,0,66,17.5,1,7176,0.28,-1.14,116.6,88.8,79.2,81.7,29.22,27.23,26.33,26.63
67.88,2029,92,0,65,18.7,1,7176,0.3,-1.13,116.7,88.8,79.2,81.7,29.23,27.23,26.33,26.63
67.92,2030,92,0,64,19,1,7176,0.31,-1.11,116.9,88.9,79.2,81.7,29.24,27.23,26.33,26.63
67.96,2031,92,0,62,19.5,1,7176,0.33,-1.09,117,88.9,79.2,81.7,29.25,27.23,26.33,26.63
68,2032,92,0,61,20.4,1,7176,0.35,-1.08,117.1,89,79.2,81.7,29.26,27.24,26.33,26.63
68.04,2033,92,0,60,22.5,1,7176,0.37,-1.06,117.2,89,79.2,81.7,29.27,27.24,26.33,26.63
68.08,2034,92,0,58,23.8,1,7176,0.38,-1.04,117.3,89,79.2,81.7,29.28,27.24,26.33,26.63
68.12,2035,92,0,57,24.7,1,7176,0.4,-1.03,117.5,89.1,79.2,81.7,29.28,27.25,26.33,26.63
68.16,2036,92,0,56,26.1,1,7176,0.42,-1.01,117.6,89.1,79.2,81.7,29.29,27.25,26.33,26.63
68.2,2037,92,0,55,25.5,1,7176,0.44,-1,117.7,89.2,79.2,81.7,29.3,27.25,26.33,26.63
68.24,2038,92,0,53,27.4,1,7176,0.45,-0.98,117.8,89.2,79.2,81.7,29.31,27.26,26.33,26.63
68.28,2039,92,0,52,28.4,1,7176,0.47,-0.96,117.9,89.2,79.2,81.7,29.32,27.26,26.33,26.63
68.32,2040,92,0,51,29.4,1,7176,0.49,-0.95,118.1,89.3,79.2,81.7,29.33,27.26,26.33,26.63
68.36,2042,92,0,50,29.9,1,7176,0.51,-0.93,118.2,89.3,79.2,81.7,29.34,27.26,26.33,26.63
68.4,2043,92,0,48,29.9,1,7176,0.52,-0.91,118.3,89.4,79.2,81.7,29.35,27.27,26.33,26.63
68.44,2044,92,0,47,32,1,7176,0.54,-0.9,118.4,89.4,79.2,81.7,29.36,27.27,26.33,26.63
68.48,2045,92,0,46,32.9,1,7176,0.56,-0.88,118.5,89.4,79.2,81.7,29.37,27.27,26.33,26.63
68.52,2046,92,0,45,33.9,1,7176,0.58,-0.87,118.7,89.5,79.2,81.7,29.37,27.28,26.33,26.63
68.56,2047,92,0,44,34.5,1,7176,0.6,-0.85,118.8,89.5,79.2,81.7,29.38,27.28,26.33,26.63
68.6,2048,92,0,43,35.6,1,7176,0.61,-0.83,118.9,89.6,79.2,81.7,29.39,27.28,26.33,26.63
68.64,2049,92,0,41,37.5,1,7176,0.63,-0.82,119,89.6,79.2,81.7,29.4,27.29,26.33,26.63
68.68,2050,92,0,40,37.6,1,7176,0.65,-0.8,119.1,89.6,79.2,81.7,29.41,27.29,26.33,26.63
68.72,2051,92,0,39,38.4,1,7176,0.67,-0.78,119.3,89.7,79.2,81.7,29.42,27.29,26.33,26.63
68.76,2052,92,0,38,38.7,1,7176,0.68,-0.77,119.4,89.7,79.2,81.7,29.43,27.29,26.33,26.63
68.8,2053,92,0,37,39.7,1,7176,0.7,-0.75,119.5,89.8,79.2,81.7,29.44,27.3,26.33,26.63
68.84,2054,92,0,36,41.8,1,7176,0.72,-0.74,119.6,89.8,79.2,81.7,29.45,27.3,26.33,26.63
68.88,2055,92,0,35,42.1,1,7176,0.74,-0.72,119.7,89.8,79.2,81.7,29.46,27.3,26.33,26.63
68.92,2056,92,0,34,42.6,1,7176,0.75,-0.7,119.9,89.9,79.2,81.7,29.46,27.31,26.33,26.63
68.96,2057,92,0,32,43.3,1,7176,0.77,-0.69,120,89.9,79.2,81.7,29.47,27.31,26.33,26.63
69,2058,92,0,31,43.7,1,7176,0.79,-0.67,120.1,90,79.2,81.7,29.48,27.31,26.33,26.63
69.04,2059,92,0,30,44,1,7176,0.81,-0.65,120.2,90,79.2,81.7,29.49,27.32,26.33,26.63
69.08,2060,92,0,29,45.3,1,7176,0.82,-0.64,120.3,90,79.2,81.7,29.5,27.32,26.33,26.63
69.12,2061,92,0,28,46.3,1,7176,0.84,-0.62,120.5,90.1,79.2,81.7,29.51,27.32,26.33,26.63
69.16,2062,92,0,27,46.2,1,7176,0.86,-0.61,120.6,90.1,79.2,81.7,29.52,27.32,26.33,26.63
69.2,2063,92,0,26,47.4,1,7176,0.88,-0.59,120.7,90.2,79.2,81.7,29.53,27.33,26.33,26.63
69.24,2064,92,0,25,47.9,1,7176,0.89,-0.57,120.8,90.2,79.2,81.7,29.54,27.33,26.33,26.63
69.28,2065,92,0,24,48.7,1,7176,0.91,-0.56,120.9,90.2,79.2,81.7,29.55,27.33,26.33,26.63
69.32,2066,92,0,23,49.5,1,7176,0.93,-0.54,121.1,90.3,79.2,81.7,29.55,27.34,26.33,26.63
69.36,2067,92,0,22,50.2,1,7176,0.95,-0.52,121.2,90.3,79.2,81.7,29.56,27.34,26.33,26.63
69.4,2068,92,0,21,49.8,1,7176,0.96,-0.51,121.3,90.4,79.2,81.7,29.57,27.34,26.33,26.63
69.44,2069,92,0,20,50.7,1,7176,0.98,-0.49,121.4,90.4,79.2,81.7,29.58,27.35,26.33,26.63
69.48,2070,92,0,19,51.7,1,7176,1,-0.48,121.5,90.4,79.2,81.7,29.59,27.35,26.33,26.63
69.52,2071,92,0,18,52.5,1,7176,1.02,-0.46,121.7,90.5,79.2,81.7,29.6,27.35,26.33,26.63
69.56,2072,92,0,18,52.1,1,7176,1.03,-0.44,121.8,90.5,79.2,81.7,29.61,27.35,26.33,26.63
69.6,2073,92,0,17,53.6,1,7176,1.05,-0.43,121.9,90.6,79.2,81.7,29.62,27.36,26.33,26.63
69.64,2074,92,0,16,53.2,1,7176,1.07,-0.41,122,90.6,79.2,81.7,29.63,27.36,26.33,26.63
69.68,2075,92,0,15,53.4,1,7176,1.09,-0.39,122.1,90.6,79.2,81.7,29.64,27.36,26.33,26.63
69.72,2076,92,0,14,55.2,1,7176,1.1,-0.38,122.3,90.7,79.2,81.7,29.64,27.37,26.33,26.63
69.76,2077,92,0,13,56.1,1,7176,1.12,-0.36,122.4,90.7,79.2,81.7,29.65,27.37,26.33,26.63
69.8,2078,92,0,12,55.2,1,7176,1.14,-0.35,122.5,90.8,79.2,81.7,29.66,27.37,26.33,26.63
69.84,2079,92,0,12,56.5,1,7176,1.16,-0.33,122.6,90.8,79.2,81.7,29.67,27.38,26.33,26.63
69.88,2080,92,0,11,56,1,7176,1.18,-0.31,122.7,90.8,79.2,81.7,29.68,27.38,26.33,26.63
69.92,2081,92,0,10,57.2,1,7176,1.19,-0.3,122.9,90.9,79.2,81.7,29.69,27.38,26.33,26.63
69.96,2082,92,0,9,57.3,1,7176,1.21,-0.28,123,90.9,79.2,81.7,29.7,27.38,26.33,26.63
70,2083,92,0,9,56.5,1,7176,1.23,-0.26,123.1,91,79.2,81.7,29.71,27.39,26.33,26.63
70.04,2084,92,0,8,58.3,1,7176,1.25,-0.25,123.2,91,79.2,81.7,29.72,27.39,26.33,26.63
70.08,2085,92,0,7,58,1,7176,1.26,-0.23,123.3,91,79.2,81.7,29.73,27.39,26.33,26.63
70.12,2086,92,0,6,58.9,1,7176,1.28,-0.22,123.5,91.1,79.2,81.7,29.73,27.4,26.33,26.63
70.16,2088,92,0,6,58,1,7176,1.3,-0.2,123.6,91.1,79.2,81.7,29.74,27.4,26.33,26.63
70.2,2089,92,0,5,58.5,1,7176,1.32,-0.18,123.7,91.2,79.2,81.7,29.75,27.4,26.33,26.63
70.24,2090,92,0,4,59.3,1,7176,1.33,-0.17,123.8,91.2,79.2,81.7,29.76,27.41,26.33,26.63
70.28,2091,92,0,4,59.7,1,7176,1.35,-0.15,123.9,91.2,79.2,81.7,29.77,27.41,26.33,26.63
70.32,2092,92,0,3,59.4,1,7176,1.37,-0.13,124.1,91.3,79.2,81.7,29.78,27.41,26.33,26.63
70.36,2093,92,0,3,59.1,1,7176,1.39,-0.12,124.2,91.3,79.2,81.7,29.79,27.41,26.33,26.63
70.4,2094,92,0,2,59.4,1,7176,1.4,-0.1,124.3,91.4,79.2,81.7,29.8,27.42,26.33,26.63
70.44,2095,92,0,2,59.5,1,7176,1.42,-0.08,124.4,91.4,79.2,81.7,29.81,27.42,26.33,26.63
70.48,2096,92,0,1,60.1,1,7176,1.44,-0.07,124.5,91.4,79.2,81.7,29.82,27.42,26.33,26.63
70.52,2097,92,0,1,59.7,1,7176,1.46,-0.05,124.7,91.5,79.2,81.7,29.82,27.43,26.33,26.63
70.56,2098,92,0,1,59.5,1,7176,1.47,-0.04,124.8,91.5,79.2,81.7,29.83,27.43,26.33,26.63
70.6,2099,92,0,0,59.8,1,7176,1.49,-0.02,124.9,91.6,79.2,81.7,29.84,27.43,26.33,26.63
70.64,2100,92,0,0,60.7,1,7176,1.51,0,125,91.6,79.2,81.7,29.85,27.44,26.33,26.63
70.68,2101,92,1,0,59.5,1,7176,1.94,0,125,91.6,79.3,81.8,29.85,27.44,26.33,26.63
70.72,2102,92,2,0,59.4,1,7176,1.93,0.01,125,91.6,79.3,81.8,29.85,27.44,26.33,26.63
70.76,2103,92,3,0,59.7,1,7177,1.92,0.01,125,91.6,79.3,81.8,29.85,27.44,26.34,26.64
70.8,2104,92,4,0,59,1,7177,1.91,0.02,125,91.6,79.4,81.9,29.85,27.44,26.34,26.64
70.84,2105,92,5,0,58.7,1,7178,1.9,0.02,125,91.6,79.4,81.9,29.85,27.44,26.34,26.64
70.88,2106,92,6,0,57.7,1,7179,1.89,0.02,125,91.6,79.4,81.9,29.85,27.44,26.34,26.64
70.92,2107,92,7,0,56.9,1,7179,1.88,0.03,125,91.6,79.5,82,29.85,27.44,26.35,26.65
70.96,2108,92.1,8,0,57.1,1,7180,1.87,0.03,125,91.6,79.5,82,29.85,27.44,26.35,26.65
71,2109,92.1,9,0,56.5,1,7182,1.86,0.04,125,91.6,79.5,82,29.85,27.44,26.35,26.65
71.04,2110,92.1,9,0,55.5,1,7183,1.85,0.04,125,91.6,79.6,82.1,29.85,27.44,26.36,26.66
71.08,2111,92.1,10,0,55.9,1,7184,1.84,0.04,125,91.6,79.6,82.1,29.85,27.44,26.36,26.66
71.12,2112,92.1,11,0,55.6,1,7185,1.83,0.05,125,91.6,79.6,82.1,29.85,27.44,26.36,26.66
71.16,2113,92.1,12,0,56,1,7187,1.82,0.05,125,91.6,79.7,82.2,29.85,27.44,26.36,26.66
71.2,2114,92.2,13,0,54.7,1,7188,1.81,0.06,125,91.6,79.7,82.2,29.85,27.44,26.37,26.67
71.24,2115,92.2,13,0,53.8,1,7190,1.8,0.06,125,91.6,79.7,82.2,29.85,27.44,26.37,26.67
71.28,2116,92.2,14,0,54.1,1,7192,1.79,0.07,125,91.6,79.8,82.3,29.85,27.44,26.37,26.67
71.32,2117,92.2,15,0,53.5,1,7193,1.78,0.07,125,91.6,79.8,82.3,29.85,27.44,26.37,26.67
71.36,2118,92.2,16,0,53.7,1,7195,1.77,0.07,125,91.6,79.8,82.3,29.85,27.44,26.38,26.68
71.4,2119,92.3,17,0,53.2,1,7198,1.76,0.08,125,91.6,79.9,82.4,29.85,27.44,26.38,26.68
71.44,2120,92.3,17,0,52.7,1,7200,1.75,0.08,125,91.6,79.9,82.4,29.85,27.44,26.38,26.68
71.48,2121,92.3,18,0,52.2,1,7202,1.74,0.09,125,91.6,80,82.5,29.85,27.44,26.38,26.68
71.52,2122,92.4,19,0,51.3,1,7204,1.73,0.09,125,91.6,80,82.5,29.85,27.44,26.39,26.69
71.56,2123,92.4,19,0,50.8,1,7206,1.72,0.09,125,91.6,80,82.5,29.85,27.44,26.39,26.69
71.6,2124,92.4,20,0,51.2,1,7209,1.71,0.1,125,91.6,80.1,82.6,29.85,27.44,26.39,26.69
71.64,2125,92.5,21,0,49.6,1,7211,1.7,0.1,125,91.6,80.1,82.6,29.85,27.44,26.39,26.69
71.68,2126,92.5,22,0,50.3,1,7214,1.69,0.11,125,91.6,80.1,82.6,29.85,27.44,26.4,26.7
71.72,2127,92.5,22,0,49.7,1,7217,1.68,0.11,125,91.6,80.2,82.7,29.85,27.44,26.4,26.7
71.76,2128,92.6,23,0,49.8,1,7220,1.67,0.12,125,91.6,80.2,82.7,29.85,27.44,26.4,26.7
71.8,2129,92.6,24,0,49.1,1,7223,1.66,0.12,125,91.6,80.2,82.7,29.85,27.44,26.4,26.7
71.84,2131,92.6,24,0,48.4,1,7226,1.65,0.12,125,91.6,80.3,82.8,29.85,27.44,26.41,26.71
71.88,2132,92.7,25,0,48.5,1,7229,1.64,0.13,125,91.6,80.3,82.8,29.85,27.44,26.41,26.71
71.92,2133,92.7,26,0,48.2,1,7232,1.63,0.13,125,91.6,80.3,82.8,29.85,27.44,26.41,26.71
71.96,2134,92.8,27,0,46.7,1,7235,1.62,0.14,125,91.6,80.4,82.9,29.85,27.44,26.42,26.72
72,2135,92.8,27,0,47.5,1,7238,1.61,0.14,125,91.6,80.4,82.9,29.85,27.44,26.42,26.72
72.04,2136,92.8,28,0,45.6,1,7242,1.6,0.14,125,91.6,80.4,82.9,29.85,27.44,26.42,26.72
72.08,2137,92.9,29,0,46.2,1,7245,1.59,0.15,125,91.6,80.5,83,29.85,27.44,26.42,26.72
72.12,2138,92.9,29,0,46.4,1,7249,1.58,0.15,125,91.6,80.5,83,29.85,27.44,26.43,26.73
72.16,2139,93,30,0,45.8,1,7253,1.57,0.16,125,91.6,80.5,83,29.85,27.44,26.43,26.73
72.2,2140,93,31,0,45.6,1,7256,1.56,0.16,125,91.6,80.6,83.1,29.85,27.44,26.43,26.73
72.24,2141,93.1,31,0,44.1,1,7260,1.55,0.17,125,91.6,80.6,83.1,29.85,27.44,26.43,26.73
72.28,2142,93.1,32,0,44,1,7264,1.54,0.17,125,91.6,80.7,83.2,29.85,27.44,26.44,26.74
72.32,2143,93.2,33,0,43.6,1,7268,1.53,0.17,125,91.6,80.7,83.2,29.85,27.44,26.44,26.74
72.36,2144,93.2,33,0,43.9,1,7272,1.52,0.18,125,91.6,80.7,83.2,29.85,27.44,26.44,26.74
72.4,2145,93.3,34,0,43.3,1,7276,1.51,0.18,125,91.6,80.8,83.3,29.85,27.44,26.44,26.74
72.44,2146,93.3,35,0,43.5,1,7280,1.5,0.19,125,91.6,80.8,83.3,29.85,27.44,26.45,26.75
72.48,2147,93.4,35,0,41.5,1,7285,1.49,0.19,125,91.6,80.8,83.3,29.85,27.44,26.45,26.75
72.52,2148,93.4,36,0,41.5,1,7289,1.48,0.2,125,91.6,80.9,83.4,29.85,27.44,26.45,26.75
72.56,2149,93.5,37,0,41.7,1,7293,1.47,0.2,125,91.6,80.9,83.4,29.85,27.44,26.45,26.75
72.6,2150,93.6,37,0,41.7,1,7298,1.46,0.2,125,91.6,80.9,83.4,29.85,27.44,26.46,26.76
72.64,2151,93.6,38,0,40.7,1,7303,1.45,0.21,125,91.6,81,83.5,29.85,27.44,26.46,26.76
72.68,2152,93.7,39,0,39.7,1,7307,1.44,0.21,125,91.6,81,83.5,29.85,27.44,26.46,26.76
72.72,2153,93.7,39,0,40.5,1,7312,1.43,0.22,125,91.6,81,83.5,29.85,27.44,26.47,26.77
72.76,2154,93.8,40,0,39.6,1,7317,1.42,0.22,125,91.6,81.1,83.6,29.85,27.44,26.47,26.77
72.8,2155,93.9,41,0,38.9,1,7322,1.41,0.22,125,91.6,81.1,83.6,29.85,27.44,26.47,26.77
72.84,2156,93.9,41,0,38.5,1,7327,1.4,0.23,125,91.6,81.1,83.6,29.85,27.44,26.47,26.77
72.88,2157,94,42,0,37.8,1,7332,1.39,0.23,125,91.6,81.2,83.7,29.85,27.44,26.48,26.78
72.92,2158,94.1,43,0,38.3,1,7337,1.38,0.24,125,91.6,81.2,83.7,29.85,27.44,26.48,26.78
72.96,2160,94.1,43,0,38.3,1,7342,1.37,0.24,125,91.6,81.2,83.7,29.85,27.44,26.48,26.78
73,2161,94.2,44,0,37.5,1,7347,1.36,0.25,125,91.6,81.3,83.8,29.85,27.44,26.48,26.78
73.04,2162,94.3,44,0,36.5,1,7353,1.35,0.25,125,91.6,81.3,83.8,29.85,27.44,26.49,26.79
73.08,2163,94.3,45,0,37,1,7358,1.34,0.25,125,91.6,81.4,83.9,29.85,27.44,26.49,26.79
73.12,2164,94.4,46,0,36.2,1,7364,1.33,0.26,125,91.6,81.4,83.9,29.85,27.44,26.49,26.79
73.16,2165,94.5,46,0,34.9,1,7369,1.32,0.26,125,91.6,81.4,83.9,29.85,27.44,26.49,26.79
73.2,2166,94.5,47,0,34.7,1,7375,1.31,0.27,125,91.6,81.5,84,29.85,27.44,26.5,26.8
73.24,2167,94.6,48,0,35.4,1,7381,1.3,0.27,125,91.6,81.5,84,29.85,27.44,26.5,26.8
73.28,2168,94.7,48,0,34.5,1,7386,1.29,0.28,125,91.6,81.5,84,29.85,27.44,26.5,26.8
73.32,2169,94.8,49,0,34,1,7392,1.28,0.28,125,91.6,81.6,84.1,29.85,27.44,26.5,26.8
73.36,2170,94.8,50,0,33.7,1,7398,1.27,0.28,125,91.6,81.6,84.1,29.85,27.44,26.51,26.81
73.4,2171,94.9,50,0,33.5,1,7404,1.26,0.29,125,91.6,81.6,84.1,29.85,27.44,26.51,26.81
73.44,2172,95,51,0,33.9,2,5415,1.25,0.29,125,91.6,81.7,84.2,29.85,27.44,26.51,26.81
73.48,2173,95.1,51,0,32.3,2,5420,1.24,0.3,125,91.6,81.7,84.2,29.85,27.44,26.52,26.82
73.52,2174,95.2,52,0,32.6,2,5424,1.23,0.3,125,91.6,81.7,84.2,29.85,27.44,26.52,26.82
73.56,2175,95.2,53,0,32,2,5429,1.22,0.31,125,91.6,81.8,84.3,29.85,27.44,26.52,26.82
73.6,2176,95.3,53,0,31.1,2,5433,1.21,0.31,125,91.6,81.8,84.3,29.85,27.44,26.52,26.82
73.64,2177,95.4,54,0,30.1,2,5438,1.2,0.31,125,91.6,81.8,84.3,29.85,27.44,26.53,26.83
73.68,2178,95.5,55,0,30.4,2,5443,1.18,0.32,125,91.6,81.9,84.4,29.85,27.44,26.53,26.83
73.72,2180,95.6,55,0,30.1,2,5447,1.17,0.32,125,91.6,81.9,84.4,29.85,27.44,26.53,26.83
73.76,2181,95.7,56,0,30.3,2,5452,1.16,0.33,125,91.6,81.9,84.4,29.85,27.44,26.53,26.83
73.8,2182,95.7,56,0,29.4,2,5457,1.15,0.33,125,91.6,82,84.5,29.85,27.44,26.54,26.84
73.84,2183,95.8,57,0,29.2,2,5462,1.14,0.34,125,91.6,82,84.5,29.85,27.44,26.54,26.84
73.88,2184,95.9,58,0,28.6,2,5467,1.13,0.34,125,91.6,82.1,84.6,29.85,27.44,26.54,26.84
73.92,2185,96,58,0,27.7,2,5472,1.12,0.34,125,91.6,82.1,84.6,29.85,27.44,26.54,26.84
73.96,2186,96.1,59,0,27.7,2,5477,1.11,0.35,125,91.6,82.1,84.6,29.85,27.44,26.55,26.85
74,2187,96.2,60,0,27.2,2,5482,1.1,0.35,125,91.6,82.2,84.7,29.85,27.44,26.55,26.85
74.04,2188,96.3,60,0,27.4,2,5488,1.09,0.36,125,91.6,82.2,84.7,29.85,27.44,26.55,26.85
74.08,2189,96.4,61,0,26.5,2,5493,1.08,0.36,125,91.6,82.2,84.7,29.85,27.44,26.55,26.85
74.12,2190,96.5,61,0,25.8,2,5498,1.07,0.37,125,91.6,82.3,84.8,29.85,27.44,26.56,26.86
74.16,2191,96.5,62,0,25.7,2,5503,1.06,0.37,125,91.6,82.3,84.8,29.85,27.44,26.56,26.86
74.2,2192,96.6,63,0,26.2,2,5509,1.05,0.38,125,91.6,82.3,84.8,29.85,27.44,26.56,26.86
74.24,2193,96.7,63,0,23.9,2,5514,1.04,0.38,125,91.6,82.4,84.9,29.85,27.44,26.57,26.87
74.28,2194,96.8,64,0,24.7,2,5520,1.03,0.38,125,91.6,82.4,84.9,29.85,27.44,26.57,26.87
74.32,2196,96.9,65,0,24.4,2,5525,1.02,0.39,125,91.6,82.4,84.9,29.85,27.44,26.57,26.87
74.36,2197,97,65,0,22.9,2,5531,1.01,0.39,125,91.6,82.5,85,29.85,27.44,26.57,26.87
74.4,2198,97.1,66,0,23.4,2,5536,1,0.4,125,91.6,82.5,85,29.85,27.44,26.58,26.88
74.44,2199,97.2,66,0,22.8,2,5542,0.99,0.4,125,91.6,82.5,85,29.85,27.44,26.58,26.88
74.48,2200,97.3,67,0,22.7,2,5548,0.98,0.41,125,91.6,82.6,85.1,29.85,27.44,26.58,26.88
74.52,2201,97.4,68,0,21.8,2,5553,0.97,0.41,125,91.6,82.6,85.1,29.85,27.44,26.58,26.88
74.56,2202,97.5,68,0,22,2,5559,0.95,0.41,125,91.6,82.6,85.1,29.85,27.44,26.59,26.89
74.6,2203,97.6,69,0,21.6,2,5565,0.94,0.42,125,91.6,82.7,85.2,29.85,27.44,26.59,26.89
74.64,2204,97.7,69,0,21.1,2,5571,0.93,0.42,125,91.6,82.7,85.2,29.85,27.44,26.59,26.89
74.68,2205,97.8,70,0,20.7,2,5577,0.92,0.43,125,91.6,82.8,85.3,29.85,27.44,26.59,26.89
74.72,2206,97.9,71,0,20.2,2,5583,0.91,0.43,125,91.6,82.8,85.3,29.85,27.44,26.6,26.9
74.76,2207,98,71,0,20.4,2,5589,0.9,0.44,125,91.6,82.8,85.3,29.85,27.44,26.6,26.9
74.8,2209,98.2,72,0,18.7,2,5595,0.89,0.44,125,91.6,82.9,85.4,29.85,27.44,26.6,26.9
74.84,2210,98.3,73,0,18.4,2,5601,0.88,0.45,125,91.6,82.9,85.4,29.85,27.44,26.6,26.9
74.88,2211,98.4,73,0,17.7,2,5607,0.87,0.45,125,91.6,82.9,85.4,29.85,27.44,26.61,26.91
74.92,2212,98.5,74,0,18.9,2,5613,0.86,0.45,125,91.6,83,85.5,29.85,27.44,26.61,26.91
74.96,2213,98.6,74,0,16.8,2,5620,0.85,0.46,125,91.6,83,85.5,29.85,27.44,26.61,26.91
75,2214,98.7,75,0,16.8,2,5626,0.84,0.46,125,91.6,83,85.5,29.85,27.44,26.61,26.91
75.04,2215,98.8,76,0,17.4,2,5632,0.83,0.47,125,91.6,83.1,85.6,29.85,27.44,26.62,26.92
75.08,2216,98.9,76,0,15.7,2,5639,0.82,0.47,125,91.6,83.1,85.6,29.85,27.44,26.62,26.92
75.12,2217,99,77,0,15.6,2,5645,0.81,0.48,125,91.6,83.1,85.6,29.85,27.44,26.62,26.92
75.16,2218,99.2,77,0,14.6,2,5652,0.8,0.48,125,91.6,83.2,85.7,29.85,27.44,26.63,26.93
75.2,2220,99.3,78,0,15.2,2,5658,0.78,0.49,125,91.6,83.2,85.7,29.85,27.44,26.63,26.93
75.24,2221,99.4,79,0,14.9,2,5665,0.77,0.49,125,91.6,83.2,85.7,29.85,27.44,26.63,26.93
75.28,2222,99.5,79,0,14.2,2,5671,0.76,0.49,125,91.6,83.3,85.8,29.85,27.44,26.63,26.93
75.32,2223,99.6,80,0,13.9,2,5678,0.75,0.5,125,91.6,83.3,85.8,29.85,27.44,26.64,26.94
75.36,2224,99.7,80,0,13.1,2,5685,0.74,0.5,125,91.6,83.3,85.8,29.85,27.44,26.64,26.94
75.4,2225,99.8,81,0,13.5,2,5691,0.73,0.51,125,91.6,83.4,85.9,29.85,27.44,26.64,26.94
75.44,2226,100,82,0,12.6,2,5698,0.72,0.51,125,91.6,83.4,85.9,29.85,27.44,26.64,26.94
75.48,2227,100.1,82,0,12.5,2,5705,0.71,0.52,125,91.6,83.5,86,29.85,27.44,26.65,26.95
75.52,2228,100.2,83,0,11.7,2,5712,0.7,0.52,125,91.6,83.5,86,29.85,27.44,26.65,26.95
75.56,2230,100.3,84,0,11.6,2,5719,0.69,0.53,125,91.6,83.5,86,29.85,27.44,26.65,26.95
75.6,2231,100.4,84,0,11,2,5726,0.68,0.53,125,91.6,83.6,86.1,29.85,27.44,26.65,26.95
75.64,2232,100.6,85,0,10.7,2,5733,0.67,0.54,125,91.6,83.6,86.1,29.85,27.44,26.66,26.96
75.68,2233,100.7,85,0,10.6,2,5740,0.65,0.54,125,91.6,83.6,86.1,29.85,27.44,26.66,26.96
75.72,2234,100.8,86,0,10.1,2,5747,0.64,0.54,125,91.6,83.7,86.2,29.85,27.44,26.66,26.96
75.76,2235,100.9,87,0,9.6,2,5754,0.63,0.55,125,91.6,83.7,86.2,29.85,27.44,26.66,26.96
75.8,2236,101.1,87,0,8.9,2,5761,0.62,0.55,125,91.6,83.7,86.2,29.85,27.44,26.67,26.97
75.84,2237,101.2,88,0,8.6,2,5768,0.61,0.56,125,91.6,83.8,86.3,29.85,27.44,26.67,26.97
75.88,2238,101.3,88,0,7.5,2,5775,0.6,0.56,125,91.6,83.8,86.3,29.85,27.44,26.67,26.97
75.92,2240,101.4,89,0,7.8,2,5783,0.59,0.57,125,91.6,83.8,86.3,29.85,27.44,26.68,26.98
75.96,2241,101.6,90,0,6.9,2,5790,0.58,0.57,125,91.6,83.9,86.4,29.85,27.44,26.68,26.98
76,2242,101.7,90,0,6.4,2,5797,0.57,0.58,125,91.6,83.9,86.4,29.85,27.44,26.68,26.98
76.04,2243,101.8,91,0,6.2,2,5805,0.56,0.58,125,91.6,83.9,86.4,29.85,27.44,26.68,26.98
76.08,2244,102,91,0,6.4,2,5812,0.54,0.59,125,91.6,84,86.5,29.85,27.44,26.69,26.99
76.12,2245,102.1,92,0,5.7,2,5819,0.53,0.59,125,91.6,84,86.5,29.85,27.44,26.69,26.99
76.16,2246,102.2,93,0,4.9,2,5827,0.52,0.59,125,91.6,84,86.5,29.85,27.44,26.69,26.99
76.2,2248,102.4,93,0,4.9,2,5835,0.51,0.6,125,91.6,84.1,86.6,29.85,27.44,26.69,26.99
76.24,2249,102.5,94,0,4.7,2,5842,0.5,0.6,125,91.6,84.1,86.6,29.85,27.44,26.7,27
76.28,2250,102.6,95,0,3.4,2,5850,0.49,0.61,125,91.6,84.2,86.7,29.85,27.44,26.7,27
76.32,2251,102.8,95,0,3.6,2,5857,0.48,0.61,125,91.6,84.2,86.7,29.85,27.44,26.7,27
76.36,2252,102.9,96,0,3.1,2,5865,0.47,0.62,125,91.6,84.2,86.7,29.85,27.44,26.7,27
76.4,2253,103,96,0,2.6,2,5873,0.46,0.62,125,91.6,84.3,86.8,29.85,27.44,26.71,27.01
76.44,2254,103.2,97,0,2.2,2,5881,0.45,0.63,125,91.6,84.3,86.8,29.85,27.44,26.71,27.01
76.48,2256,103.3,98,0,1.5,2,5889,0.43,0.63,125,91.6,84.3,86.8,29.85,27.44,26.71,27.01
76.52,2257,103.4,98,0,1.3,2,5896,0.42,0.64,125,91.6,84.4,86.9,29.85,27.44,26.71,27.01
76.56,2258,103.6,99,0,0.7,2,5904,0.41,0.64,125,91.6,84.4,86.9,29.85,27.44,26.72,27.02
76.6,2259,103.7,99,0,0.2,2,5912,0.4,0.65,125,91.6,84.4,86.9,29.85,27.44,26.72,27.02
76.64,2260,103.8,100,0,0.1,2,5917,0,0.05,125,91.6,84.4,86.9,29.85,27.43,26.72,27.02
76.68,2261,103.9,100,0,0.2,2,5921,0,0.05,125,91.6,84.4,86.9,29.85,27.43,26.72,27.02
76.72,2262,104,100,0,0.1,2,5925,-0.01,0.05,125,91.6,84.4,86.9,29.85,27.43,26.72,27.02
76.76,2264,104,100,0,-0.1,2,5930,0,0.05,125,91.6,84.4,86.9,29.85,27.43,26.72,27.02
76.8,2265,104.1,100,0,-0.1,2,5934,-0.03,0.05,125,91.5,84.4,86.9,29.85,27.43,26.72,27.02
76.84,2266,104.2,100,0,0.3,2,5938,-0.02,0.05,124.9,91.5,84.4,86.9,29.85,27.43,26.71,27.01
76.88,2267,104.3,100,0,-0.4,2,5942,0.02,0.05,124.9,91.5,84.3,86.8,29.84,27.43,26.71,27.01
76.92,2268,104.3,100,0,0.6,2,5947,0.04,0.05,124.9,91.5,84.3,86.8,29.84,27.43,26.71,27.01
76.96,2269,104.4,100,0,0,2,5951,-0.01,0.05,124.9,91.5,84.3,86.8,29.84,27.43,26.71,27.01
77,2271,104.5,100,0,0.4,2,5955,0,0.05,124.9,91.5,84.3,86.8,29.84,27.43,26.71,27.01
77.04,2272,104.6,100,0,0.4,2,5959,0.01,0.05,124.9,91.5,84.3,86.8,29.84,27.43,26.71,27.01
77.08,2273,104.6,100,0,0.2,2,5964,0,0.05,124.9,91.5,84.3,86.8,29.84,27.42,26.71,27.01
77.12,2274,104.7,100,0,0,2,5968,-0.01,0.05,124.9,91.5,84.3,86.8,29.84,27.42,26.71,27.01
77.16,2275,104.8,100,0,-0.2,2,5972,0.01,0.05,124.8,91.4,84.3,86.8,29.84,27.42,26.71,27.01
77.2,2276,104.8,100,0,-0.2,2,5976,0.02,0.05,124.8,91.4,84.3,86.8,29.84,27.42,26.71,27.01
77.24,2277,104.9,100,0,0.6,2,5981,-0.03,0.05,124.8,91.4,84.2,86.7,29.84,27.42,26.71,27.01
77.28,2279,105,100,0,-0.4,2,5985,0,0.05,124.8,91.4,84.2,86.7,29.84,27.42,26.7,27
77.32,2280,105.1,100,0,-0.2,2,5989,-0.02,0.05,124.8,91.4,84.2,86.7,29.84,27.42,26.7,27
77.36,2281,105.1,100,0,0.3,2,5993,0.03,0.05,124.8,91.4,84.2,86.7,29.83,27.42,26.7,27
77.4,2282,105.2,100,0,0,2,5997,-0.01,0.05,124.8,91.4,84.2,86.7,29.83,27.42,26.7,27
77.44,2283,105.3,100,0,-0.2,2,6001,-0.02,0.05,124.8,91.4,84.2,86.7,29.83,27.42,26.7,27
77.48,2284,105.4,100,0,0.4,2,6005,0.04,0.05,124.8,91.3,84.2,86.7,29.83,27.42,26.7,27
77.52,2286,105.4,100,0,0.3,2,6010,-0.02,0.05,124.7,91.3,84.2,86.7,29.83,27.41,26.7,27
77.56,2287,105.5,100,0,0.1,2,6014,0,0.05,124.7,91.3,84.1,86.6,29.83,27.41,26.7,27
77.6,2288,105.6,100,0,-0.2,2,6018,0.02,0.05,124.7,91.3,84.1,86.6,29.83,27.41,26.7,27
77.64,2289,105.6,100,0,-0.1,2,6022,-0.01,0.05,124.7,91.3,84.1,86.6,29.83,27.41,26.7,27
77.68,2290,105.7,100,0,-0.2,2,6026,-0.01,0.05,124.7,91.3,84.1,86.6,29.83,27.41,26.7,27
77.72,2292,105.8,100,0,-0.2,2,6030,0.03,0.05,124.7,91.3,84.1,86.6,29.83,27.41,26.69,26.99
77.76,2293,105.9,100,0,0.3,2,6034,-0.02,0.05,124.7,91.3,84.1,86.6,29.83,27.41,26.69,26.99
77.8,2294,105.9,100,0,-0.3,2,6038,0.02,0.05,124.7,91.2,84.1,86.6,29.82,27.41,26.69,26.99
77.84,2295,106,100,0,-0.6,2,6042,-0.01,0.05,124.6,91.2,84.1,86.6,29.82,27.41,26.69,26.99
77.88,2296,106.1,100,0,-0.2,2,6046,-0.01,0.05,124.6,91.2,84,86.5,29.82,27.41,26.69,26.99
77.92,2297,106.1,100,0,-0.3,2,6050,-0.02,0.05,124.6,91.2,84,86.5,29.82,27.41,26.69,26.99
77.96,2299,106.2,100,0,0.5,2,6054,0.03,0.05,124.6,91.2,84,86.5,29.82,27.41,26.69,26.99
78,2300,106.3,100,0,-0.2,2,6058,0,0.05,124.6,91.2,84,86.5,29.82,27.4,26.69,26.99
78.04,2301,106.4,100,0,0.1,2,6062,0,0.05,124.6,91.2,84,86.5,29.82,27.4,26.69,26.99
78.08,2302,106.4,100,0,0.1,2,6066,0.02,0.05,124.6,91.2,84,86.5,29.82,27.4,26.69,26.99
78.12,2303,106.5,100,0,0.1,2,6070,0.02,0.05,124.6,91.2,84,86.5,29.82,27.4,26.69,26.99
78.16,2305,106.6,100,0,-0.3,2,6074,-0.02,0.05,124.5,91.1,84,86.5,29.82,27.4,26.68,26.98
78.2,2306,106.6,100,0,-0.1,2,6078,-0.02,0.05,124.5,91.1,84,86.5,29.82,27.4,26.68,26.98
78.24,2307,106.7,100,0,0.4,2,6082,0.01,0.05,124.5,91.1,83.9,86.4,29.81,27.4,26.68,26.98
78.28,2308,106.8,100,0,0.8,2,6086,-0.03,0.05,124.5,91.1,83.9,86.4,29.81,27.4,26.68,26.98
78.32,2309,106.8,100,0,0.4,2,6090,0.01,0.05,124.5,91.1,83.9,86.4,29.81,27.4,26.68,26.98
78.36,2310,106.9,100,0,0.6,2,6094,0.02,0.05,124.5,91.1,83.9,86.4,29.81,27.4,26.68,26.98
78.4,2312,107,100,0,0.5,2,6098,0.01,0.05,124.5,91.1,83.9,86.4,29.81,27.4,26.68,26.98
78.44,2313,107.1,100,0,-0.5,2,6102,0.01,0.05,124.5,91.1,83.9,86.4,29.81,27.39,26.68,26.98
78.48,2314,107.1,100,0,0.6,2,6106,0.02,0.05,124.5,91,83.9,86.4,29.81,27.39,26.68,26.98
78.52,2315,107.2,100,0,0,2,6110,0.03,0.05,124.4,91,83.9,86.4,29.81,27.39,26.68,26.98
78.56,2316,107.3,100,0,0,2,6114,-0.04,0.05,124.4,91,83.8,86.3,29.81,27.39,26.68,26.98
78.6,2318,107.3,100,0,1,2,6118,-0.01,0.05,124.4,91,83.8,86.3,29.81,27.39,26.67,26.97
78.64,2319,107.4,100,0,0.3,2,6121,0,0.05,124.4,91,83.8,86.3,29.81,27.39,26.67,26.97
78.68,2320,107.5,100,0,-1.2,2,6125,0,0.05,124.4,91,83.8,86.3,29.8,27.39,26.67,26.97
78.72,2321,107.5,100,0,0,2,6129,0.04,0.05,124.4,91,83.8,86.3,29.8,27.39,26.67,26.97
78.76,2322,107.6,100,0,-0.5,2,6133,-0.02,0.05,124.4,91,83.8,86.3,29.8,27.39,26.67,26.97
78.8,2324,107.7,100,0,-0.7,2,6137,0.03,0.05,124.4,90.9,83.8,86.3,29.8,27.39,26.67,26.97
78.84,2325,107.7,100,0,0.1,2,6141,0,0.05,124.3,90.9,83.8,86.3,29.8,27.39,26.67,26.97
78.88,2326,107.8,100,0,0,2,6145,-0.03,0.05,124.3,90.9,83.7,86.2,29.8,27.38,26.67,26.97
78.92,2327,107.9,100,0,-0.6,2,6148,-0.01,0.05,124.3,90.9,83.7,86.2,29.8,27.38,26.67,26.97
78.96,2328,107.9,100,0,0.1,2,6152,-0.02,0.05,124.3,90.9,83.7,86.2,29.8,27.38,26.67,26.97
79,2330,108,100,0,0.4,2,6156,0.02,0.05,124.3,90.9,83.7,86.2,29.8,27.38,26.67,26.97
79.04,2331,108.1,100,0,-0.4,2,6160,0.01,0.05,124.3,90.9,83.7,86.2,29.8,27.38,26.67,26.97
79.08,2332,108.1,100,0,0.1,2,6164,0.03,0.05,124.3,90.9,83.7,86.2,29.8,27.38,26.66,26.96
79.12,2333,108.2,100,0,0.1,2,6167,0.02,0.05,124.3,90.9,83.7,86.2,29.79,27.38,26.66,26.96
79.16,2334,108.3,100,0,-0.3,2,6171,0.01,0.05,124.2,90.8,83.7,86.2,29.79,27.38,26.66,26.96
79.2,2336,108.3,100,0,-0.2,2,6175,0,0.05,124.2,90.8,83.7,86.2,29.79,27.38,26.66,26.96
79.24,2337,108.4,100,0,-0.3,2,6179,0,0.05,124.2,90.8,83.6,86.1,29.79,27.38,26.66,26.96
79.28,2338,108.5,100,0,0,2,6182,-0.02,0.05,124.2,90.8,83.6,86.1,29.79,27.38,26.66,26.96
79.32,2339,108.5,100,0,0.6,2,6186,0,0.05,124.2,90.8,83.6,86.1,29.79,27.37,26.66,26.96
79.36,2340,108.6,100,0,-0.3,2,6190,0,0.05,124.2,90.8,83.6,86.1,29.79,27.37,26.66,26.96
79.4,2342,108.7,100,0,0.6,2,6193,-0.04,0.05,124.2,90.8,83.6,86.1,29.79,27.37,26.66,26.96
79.44,2343,108.7,100,0,-0.4,2,6197,0,0.05,124.2,90.8,83.6,86.1,29.79,27.37,26.66,26.96
79.48,2344,108.8,100,0,0.2,2,6201,-0.03,0.05,124.2,90.7,83.6,86.1,29.79,27.37,26.66,26.96
79.52,2345,108.9,100,0,0.5,2,6205,0.01,0.05,124.1,90.7,83.6,86.1,29.79,27.37,26.65,26.95
79.56,2346,108.9,100,0,0.2,2,6208,0.01,0.05,124.1,90.7,83.5,86,29.78,27.37,26.65,26.95
79.6,2348,109,100,0,0.3,2,6212,0.02,0.05,124.1,90.7,83.5,86,29.78,27.37,26.65,26.95
79.64,2349,109,100,0,0.4,2,6216,0,0.05,124.1,90.7,83.5,86,29.78,27.37,26.65,26.95
79.68,2350,109.1,100,0,0.7,2,6219,-0.02,0.05,124.1,90.7,83.5,86,29.78,27.37,26.65,26.95
79.72,2351,109.2,100,0,0.4,2,6223,0.01,0.05,124.1,90.7,83.5,86,29.78,27.37,26.65,26.95
79.76,2352,109.2,100,0,0.1,2,6227,-0.01,0.05,124.1,90.7,83.5,86,29.78,27.36,26.65,26.95
79.8,2354,109.3,100,0,0.1,2,6230,0.01,0.05,124.1,90.6,83.5,86,29.78,27.36,26.65,26.95
79.84,2355,109.4,100,0,0.5,2,6234,0.01,0.05,124,90.6,83.5,86,29.78,27.36,26.65,26.95
79.88,2356,109.4,100,0,0.2,2,6237,0.01,0.04,124,90.6,83.4,85.9,29.78,27.36,26.65,26.95
79.92,2357,109.5,100,0,-0.2,2,6241,-0.03,0.04,124,90.6,83.4,85.9,29.78,27.36,26.65,26.95
79.96,2359,109.6,100,0,0.3,2,6245,-0.02,0.04,124,90.6,83.4,85.9,29.78,27.36,26.64,26.94
80,2360,109.6,100,0,0,2,6248,-0.01,0.04,124,90.6,83.4,85.9,29.77,27.36,26.64,26.94
80.04,2361,109.7,100,0,0.1,2,6252,-0.01,0.04,124,90.6,83.4,85.9,29.77,27.36,26.64,26.94
80.08,2362,109.7,100,0,0.2,2,6255,-0.01,0.04,124,90.6,83.4,85.9,29.77,27.36,26.64,26.94
80.12,2363,109.8,100,0,-0.4,2,6259,-0.03,0.04,124,90.6,83.4,85.9,29.77,27.36,26.64,26.94
80.16,2365,109.9,100,0,0.1,2,6263,-0.02,0.04,123.9,90.5,83.4,85.9,29.77,27.36,26.64,26.94
80.2,2366,109.9,100,0,-0.4,2,6266,0.03,0.04,123.9,90.5,83.4,85.9,29.77,27.35,26.64,26.94
80.24,2367,110,100,0,-1.1,2,6270,-0.03,0.04,123.9,90.5,83.3,85.8,29.77,27.35,26.64,26.94
80.28,2368,110.1,100,0,0,2,6273,-0.01,0.04,123.9,90.5,83.3,85.8,29.77,27.35,26.64,26.94
80.32,2370,110.1,100,0,0.7,2,6277,0.01,0.04,123.9,90.5,83.3,85.8,29.77,27.35,26.64,26.94
80.36,2371,110.2,100,0,0.2,2,6280,0.01,0.04,123.9,90.5,83.3,85.8,29.77,27.35,26.64,26.94
80.4,2372,110.2,100,0,-0.6,2,6284,-0.01,0.04,123.9,90.5,83.3,85.8,29.77,27.35,26.63,26.93
80.44,2373,110.3,100,0,-0.5,2,6287,-0.03,0.04,123.9,90.5,83.3,85.8,29.76,27.35,26.63,26.93
80.48,2374,110.4,100,0,0.4,2,6291,0.02,0.04,123.9,90.4,83.3,85.8,29.76,27.35,26.63,26.93
80.52,2376,110.4,100,0,-0.4,2,6294,-0.03,0.04,123.8,90.4,83.3,85.8,29.76,27.35,26.63,26.93
80.56,2377,110.5,100,0,0.3,2,6298,-0.01,0.04,123.8,90.4,83.2,85.7,29.76,27.35,26.63,26.93
80.6,2378,110.5,100,0,0.2,2,6301,0,0.04,123.8,90.4,83.2,85.7,29.76,27.35,26.63,26.93
80.64,2379,110.6,100,0,0,2,6305,0,0.04,123.8,90.4,83.2,85.7,29.76,27.34,26.63,26.93
80.68,2381,110.7,100,0,0,2,6308,0,0.04,123.8,90.4,83.2,85.7,29.76,27.34,26.63,26.93
80.72,2382,110.7,100,0,0.2,2,6312,0,0.04,123.8,90.4,83.2,85.7,29.76,27.34,26.63,26.93
80.76,2383,110.8,100,0,0.4,2,6315,0.03,0.04,123.8,90.4,83.2,85.7,29.76,27.34,26.63,26.93
80.8,2384,110.8,100,0,-0.4,2,6318,-0.04,0.04,123.8,90.3,83.2,85.7,29.76,27.34,26.63,26.93
80.84,2385,110.9,100,0,-0.1,2,6322,0.01,0.04,123.7,90.3,83.2,85.7,29.76,27.34,26.62,26.92
80.88,2387,111,100,0,-0.2,2,6325,0.01,0.04,123.7,90.3,83.1,85.6,29.75,27.34,26.62,26.92
80.92,2388,111,100,0,0.5,2,6329,-0.01,0.04,123.7,90.3,83.1,85.6,29.75,27.34,26.62,26.92
80.96,2389,111.1,100,0,0,2,6332,0,0.04,123.7,90.3,83.1,85.6,29.75,27.34,26.62,26.92
81,2390,111.1,100,0,-0.4,2,6335,0,0.04,123.7,90.3,83.1,85.6,29.75,27.34,26.62,26.92
81.04,2392,111.2,100,0,0,2,6339,-0.03,0.04,123.7,90.3,83.1,85.6,29.75,27.34,26.62,26.92
81.08,2393,111.3,100,0,0.1,2,6342,0.02,0.04,123.7,90.3,83.1,85.6,29.75,27.33,26.62,26.92
81.12,2394,111.3,100,0,0.7,2,6346,-0.01,0.04,123.7,90.3,83.1,85.6,29.75,27.33,26.62,26.92
81.16,2395,111.4,100,0,0.5,2,6349,-0.02,0.04,123.6,90.2,83.1,85.6,29.75,27.33,26.62,26.92
81.2,2397,111.4,100,0,-0.9,2,6352,0.01,0.04,123.6,90.2,83.1,85.6,29.75,27.33,26.62,26.92
81.24,2398,111.5,100,0,-0.2,2,6356,-0.01,0.04,123.6,90.2,83,85.5,29.75,27.33,26.62,26.92
81.28,2399,111.6,100,0,0.2,2,6359,-0.01,0.04,123.6,90.2,83,85.5,29.75,27.33,26.61,26.91
81.32,2400,111.6,100,0,-0.4,2,6362,0.02,0.04,123.6,90.2,83,85.5,29.75,27.33,26.61,26.91
81.36,2402,111.7,100,0,-0.2,2,6366,0,0.04,123.6,90.2,83,85.5,29.74,27.33,26.61,26.91
81.4,2403,111.7,100,0,0,2,6369,0,0.04,123.6,90.2,83,85.5,29.74,27.33,26.61,26.91
81.44,2404,111.8,100,0,-0.9,2,6372,0.04,0.04,123.6,90.2,83,85.5,29.74,27.33,26.61,26.91
81.48,2405,111.9,100,0,-0.2,2,6376,0.01,0.04,123.6,90.1,83,85.5,29.74,27.33,26.61,26.91
81.52,2407,111.9,100,0,-0.3,2,6379,-0.01,0.04,123.5,90.1,83,85.5,29.74,27.32,26.61,26.91
81.56,2408,112,100,0,0.4,2,6382,-0.02,0.04,123.5,90.1,82.9,85.4,29.74,27.32,26.61,26.91
81.6,2409,112,100,0,-0.3,2,6386,-0.01,0.04,123.5,90.1,82.9,85.4,29.74,27.32,26.61,26.91
81.64,2410,112.1,100,0,-0.2,2,6389,0.05,0.04,123.5,90.1,82.9,85.4,29.74,27.32,26.61,26.91
81.68,2411,112.1,100,0,-0.4,2,6392,0,0.04,123.5,90.1,82.9,85.4,29.74,27.32,26.61,26.91
81.72,2413,112.2,100,0,0.2,2,6395,0.03,0.04,123.5,90.1,82.9,85.4,29.74,27.32,26.6,26.9
81.76,2414,112.3,100,0,0.4,2,6399,-0.01,0.04,123.5,90.1,82.9,85.4,29.74,27.32,26.6,26.9
81.8,2415,112.3,100,0,-0.6,2,6402,-0.02,0.04,123.5,90,82.9,85.4,29.73,27.32,26.6,26.9
81.84,2416,112.4,100,0,0.1,2,6405,-0.02,0.04,123.4,90,82.9,85.4,29.73,27.32,26.6,26.9
81.88,2418,112.4,100,0,-0.5,2,6409,-0.01,0.04,123.4,90,82.8,85.3,29.73,27.32,26.6,26.9
81.92,2419,112.5,100,0,0.2,2,6412,0,0.04,123.4,90,82.8,85.3,29.73,27.32,26.6,26.9
81.96,2420,112.5,100,0,0.4,2,6415,-0.03,0.04,123.4,90,82.8,85.3,29.73,27.32,26.6,26.9
82,2421,112.6,100,0,-0.7,2,6418,-0.03,0.04,123.4,90,82.8,85.3,29.73,27.31,26.6,26.9
82.04,2423,112.7,100,0,-0.2,2,6422,0.01,0.04,123.4,90,82.8,85.3,29.73,27.31,26.6,26.9
82.08,2424,112.7,100,0,0.2,2,6425,0,0.04,123.4,90,82.8,85.3,29.73,27.31,26.6,26.9
82.12,2425,112.8,100,0,-0.1,2,6428,0,0.04,123.4,90,82.8,85.3,29.73,27.31,26.6,26.9
82.16,2426,112.8,100,0,-0.1,2,6432,0.03,0.04,123.3,89.9,82.8,85.3,29.73,27.31,26.59,26.89
82.2,2428,112.9,100,0,-0.3,2,6435,0.01,0.04,123.3,89.9,82.8,85.3,29.73,27.31,26.59,26.89
82.24,2429,112.9,100,0,-0.4,2,6438,-0.03,0.04,123.3,89.9,82.7,85.2,29.72,27.31,26.59,26.89
82.28,2430,113,100,0,-0.3,2,6441,0.03,0.04,123.3,89.9,82.7,85.2,29.72,27.31,26.59,26.89
82.32,2432,113.1,100,0,-0.2,2,6445,0.02,0.04,123.3,89.9,82.7,85.2,29.72,27.31,26.59,26.89
82.36,2433,113.1,100,0,0.5,2,6448,-0.02,0.04,123.3,89.9,82.7,85.2,29.72,27.31,26.59,26.89
82.4,2434,113.2,100,0,0.2,2,6451,0.02,0.04,123.3,89.9,82.7,85.2,29.72,27.31,26.59,26.89
82.44,2435,113.2,100,0,0.1,2,6455,0,0.04,123.3,89.9,82.7,85.2,29.72,27.3,26.59,26.89
82.48,2437,113.3,100,0,-0.7,2,6458,-0.02,0.04,123.3,89.8,82.7,85.2,29.72,27.3,26.59,26.89
82.52,2438,113.4,100,0,0.1,2,6461,0.01,0.04,123.2,89.8,82.7,85.2,29.72,27.3,26.59,26.89
82.56,2439,113.4,100,0,0,2,6464,-0.01,0.04,123.2,89.8,82.6,85.1,29.72,27.3,26.59,26.89
82.6,2440,113.5,100,0,0,2,6468,-0.03,0.04,123.2,89.8,82.6,85.1,29.72,27.3,26.58,26.88
82.64,2442,113.5,100,0,-0.3,2,6471,-0.01,0.04,123.2,89.8,82.6,85.1,29.72,27.3,26.58,26.88
82.68,2443,113.6,100,0,-0.3,2,6474,-0.03,0.04,123.2,89.8,82.6,85.1,29.71,27.3,26.58,26.88
82.72,2444,113.6,100,0,-0.4,2,6478,0.03,0.04,123.2,89.8,82.6,85.1,29.71,27.3,26.58,26.88
82.76,2445,113.7,100,0,0,2,6481,0.01,0.04,123.2,89.8,82.6,85.1,29.71,27.3,26.58,26.88
82.8,2447,113.8,100,0,-0.2,2,6484,-0.02,0.04,123.2,89.7,82.6,85.1,29.71,27.3,26.58,26.88
82.84,2448,113.8,100,0,0.2,2,6487,0,0.04,123.1,89.7,82.6,85.1,29.71,27.3,26.58,26.88
82.88,2449,113.9,100,0,0.4,2,6491,-0.01,0.04,123.1,89.7,82.5,85,29.71,27.29,26.58,26.88
82.92,2450,113.9,100,0,-0.1,2,6494,-0.02,0.04,123.1,89.7,82.5,85,29.71,27.29,26.58,26.88
82.96,2452,114,100,0,0.2,2,6497,0.01,0.04,123.1,89.7,82.5,85,29.71,27.29,26.58,26.88
83,2453,114,100,0,-0.4,2,6500,-0.01,0.04,123.1,89.7,82.5,85,29.71,27.29,26.58,26.88
83.04,2454,114.1,100,0,-0.2,2,6504,-0.02,0.04,123.1,89.7,82.5,85,29.71,27.29,26.58,26.88
83.08,2455,114.2,100,0,0.5,2,6507,-0.02,0.04,123.1,89.7,82.5,85,29.71,27.29,26.57,26.87
83.12,2457,114.2,100,0,-0.1,2,6510,-0.02,0.04,123.1,89.7,82.5,85,29.7,27.29,26.57,26.87
83.16,2458,114.3,100,0,-0.7,2,6514,-0.01,0.04,123,89.6,82.5,85,29.7,27.29,26.57,26.87
83.2,2459,114.3,100,0,-0.5,2,6517,0,0.04,123,89.6,82.5,85,29.7,27.29,26.57,26.87
83.24,2461,114.4,100,0,-0.1,2,6520,0.02,0.04,123,89.6,82.4,84.9,29.7,27.29,26.57,26.87
83.28,2462,114.4,100,0,-0.4,2,6523,-0.01,0.04,123,89.6,82.4,84.9,29.7,27.29,26.57,26.87
83.32,2463,114.5,100,0,0.3,2,6527,0,0.04,123,89.6,82.4,84.9,29.7,27.28,26.57,26.87
83.36,2464,114.6,100,0,0.1,2,6530,-0.01,0.04,123,89.6,82.4,84.9,29.7,27.28,26.57,26.87
83.4,2466,114.6,100,0,-1.1,2,6533,-0.01,0.04,123,89.6,82.4,84.9,29.7,27.28,26.57,26.87
83.44,2467,114.7,100,0,-0.1,2,6537,-0.02,0.04,123,89.6,82.4,84.9,29.7,27.28,26.57,26.87
83.48,2468,114.7,100,0,-0.2,2,6540,0,0.04,123,89.5,82.4,84.9,29.7,27.28,26.57,26.87
83.52,2469,114.8,100,0,0.2,2,6543,0.03,0.04,122.9,89.5,82.4,84.9,29.7,27.28,26.56,26.86
83.56,2471,114.8,100,0,-0.1,2,6546,0.01,0.04,122.9,89.5,82.3,84.8,29.69,27.28,26.56,26.86
83.6,2472,114.9,100,0,0.2,2,6550,-0.02,0.04,122.9,89.5,82.3,84.8,29.69,27.28,26.56,26.86
83.64,2473,115,100,0,0.2,2,6553,0.04,0.04,122.9,89.5,82.3,84.8,29.69,27.28,26.56,26.86
83.68,2475,115,100,0,-0.1,2,6556,0.03,0.04,122.9,89.5,82.3,84.8,29.69,27.28,26.56,26.86
83.72,2476,115.1,100,0,-0.4,2,6560,0,0.04,122.9,89.5,82.3,84.8,29.69,27.28,26.56,26.86
83.76,2477,115.1,100,0,0.1,2,6563,-0.03,0.04,122.9,89.5,82.3,84.8,29.69,27.27,26.56,26.86
83.8,2478,115.2,100,0,0,2,6566,0.02,0.04,122.9,89.4,82.3,84.8,29.69,27.27,26.56,26.86
83.84,2480,115.3,100,0,-0.5,2,6569,-0.02,0.04,122.8,89.4,82.3,84.8,29.69,27.27,26.56,26.86
83.88,2481,115.3,100,0,-0.4,2,6573,0.02,0.04,122.8,89.4,82.2,84.7,29.69,27.27,26.56,26.86
83.92,2482,115.4,100,0,0,2,6576,0.02,0.04,122.8,89.4,82.2,84.7,29.69,27.27,26.56,26.86
83.96,2484,115.4,100,0,0.2,2,6579,0,0.04,122.8,89.4,82.2,84.7,29.69,27.27,26.55,26.85
84,2485,115.5,100,0,0.3,2,6583,-0.02,0.04,122.8,89.4,82.2,84.7,29.68,27.27,26.55,26.85
84.04,2486,115.5,100,0,-0.3,2,6586,0,0.04,122.8,89.4,82.2,84.7,29.68,27.27,26.55,26.85
84.08,2487,115.6,100,0,-0.1,2,6589,-0.03,0.04,122.8,89.4,82.2,84.7,29.68,27.27,26.55,26.85
84.12,2489,115.7,100,0,0.3,2,6592,-0.02,0.04,122.8,89.4,82.2,84.7,29.68,27.27,26.55,26.85
84.16,2490,115.7,100,0,-0.5,2,6596,0.01,0.04,122.7,89.3,82.2,84.7,29.68,27.27,26.55,26.85
84.2,2491,115.8,100,0,0.5,2,6599,0.01,0.04,122.7,89.3,82.2,84.7,29.68,27.26,26.55,26.85
84.24,2493,115.8,100,0,0.1,2,6602,0.01,0.04,122.7,89.3,82.1,84.6,29.68,27.26,26.55,26.85
84.28,2494,115.9,100,0,0.8,2,6606,0.01,0.04,122.7,89.3,82.1,84.6,29.68,27.26,26.55,26.85
84.32,2495,115.9,100,0,0.5,2,6609,-0.01,0.04,122.7,89.3,82.1,84.6,29.68,27.26,26.55,26.85
84.36,2496,116,100,0,-0.3,2,6612,0,0.04,122.7,89.3,82.1,84.6,29.68,27.26,26.55,26.85
84.4,2498,116.1,100,0,0.3,2,6615,-0.03,0.04,122.7,89.3,82.1,84.6,29.68,27.26,26.54,26.84
84.44,2499,116.1,100,0,0.8,2,6619,0.01,0.04,122.7,89.3,82.1,84.6,29.67,27.26,26.54,26.84
84.48,2500,116.2,100,0,0.1,2,6622,-0.02,0.04,122.7,89.2,82.1,84.6,29.67,27.26,26.54,26.84
84.52,2502,116.2,100,0,-0.1,2,6625,0.01,0.04,122.6,89.2,82.1,84.6,29.67,27.26,26.54,26.84
84.56,2503,116.3,100,0,-0.2,2,6629,0.02,0.04,122.6,89.2,82,84.5,29.67,27.26,26.54,26.84
84.6,2504,116.3,100,0,0.1,2,6632,-0.02,0.04,122.6,89.2,82,84.5,29.67,27.26,26.54,26.84
84.64,2505,116.4,100,0,-0.4,2,6635,-0.02,0.04,122.6,89.2,82,84.5,29.67,27.25,26.54,26.84
84.68,2507,116.5,100,0,0.4,2,6638,0.02,0.04,122.6,89.2,82,84.5,29.67,27.25,26.54,26.84
84.72,2508,116.5,100,0,-0.3,2,6642,-0.03,0.04,122.6,89.2,82,84.5,29.67,27.25,26.54,26.84
84.76,2509,116.6,100,0,0.1,2,6645,0.01,0.04,122.6,89.2,82,84.5,29.67,27.25,26.54,26.84
84.8,2511,116.6,100,0,0.1,2,6648,0.02,0.04,122.6,89.1,82,84.5,29.67,27.25,26.54,26.84
84.84,2512,116.7,100,0,-0.1,2,6652,0,0.04,122.5,89.1,82,84.5,29.67,27.25,26.53,26.83
84.88,2513,116.8,100,0,-0.7,2,6655,-0.02,0.04,122.5,89.1,81.9,84.4,29.66,27.25,26.53,26.83
84.92,2514,116.8,100,0,-0.6,2,6658,0,0.04,122.5,89.1,81.9,84.4,29.66,27.25,26.53,26.83
84.96,2516,116.9,100,0,-0.2,2,6661,0.01,0.04,122.5,89.1,81.9,84.4,29.66,27.25,26.53,26.83
85,2517,116.9,100,0,0.1,2,6665,-0.02,0.04,122.5,89.1,81.9,84.4,29.66,27.25,26.53,26.83
85.04,2518,117,100,0,-0.6,2,6668,-0.01,0.04,122.5,89.1,81.9,84.4,29.66,27.25,26.53,26.83
85.08,2520,117,100,0,0.2,2,6671,-0.01,0.04,122.5,89.1,81.9,84.4,29.66,27.24,26.53,26.83
85.12,2521,117.1,100,0,0,2,6674,-0.02,0.04,122.5,89.1,81.9,84.4,29.66,27.24,26.53,26.83
85.16,2522,117.2,100,0,0.3,2,6678,-0.01,0.04,122.4,89,81.9,84.4,29.66,27.24,26.53,26.83
85.2,2524,117.2,100,0,-0.1,2,6681,-0.02,0.04,122.4,89,81.9,84.4,29.66,27.24,26.53,26.83
85.24,2525,117.3,100,0,0,2,6684,0.01,0.04,122.4,89,81.8,84.3,29.66,27.24,26.53,26.83
85.28,2526,117.3,100,0,-0.4,2,6688,0,0.04,122.4,89,81.8,84.3,29.66,27.24,26.52,26.82
85.32,2527,117.4,100,0,0.1,2,6691,-0.02,0.04,122.4,89,81.8,84.3,29.66,27.24,26.52,26.82
85.36,2529,117.4,100,0,-0.4,2,6694,-0.02,0.04,122.4,89,81.8,84.3,29.65,27.24,26.52,26.82
85.4,2530,117.5,100,0,0.1,2,6697,0.03,0.04,122.4,89,81.8,84.3,29.65,27.24,26.52,26.82
85.44,2531,117.6,100,0,-0.1,2,6701,0,0.04,122.4,89,81.8,84.3,29.65,27.24,26.52,26.82
85.48,2533,117.6,100,0,0.2,2,6704,0,0.04,122.4,88.9,81.8,84.3,29.65,27.24,26.52,26.82
85.52,2534,117.7,100,0,0.2,2,6707,0,0.04,122.3,88.9,81.8,84.3,29.65,27.23,26.52,26.82
85.56,2535,117.7,100,0,0.1,2,6711,-0.04,0.04,122.3,88.9,81.7,84.2,29.65,27.23,26.52,26.82
85.6,2537,117.8,100,0,0,2,6714,0.01,0.04,122.3,88.9,81.7,84.2,29.65,27.23,26.52,26.82
85.64,2538,117.8,100,0,0.2,2,6717,0.03,0.04,122.3,88.9,81.7,84.2,29.65,27.23,26.52,26.82
85.68,2539,117.9,100,0,-0.8,2,6720,0,0.04,122.3,88.9,81.7,84.2,29.65,27.23,26.52,26.82
85.72,2541,118,100,0,0.1,2,6724,-0.01,0.04,122.3,88.9,81.7,84.2,29.65,27.23,26.51,26.81
85.76,2542,118,100,0,0,2,6727,-0.02,0.04,122.3,88.9,81.7,84.2,29.65,27.23,26.51,26.81
85.8,2543,118.1,100,0,-0.7,2,6730,0.04,0.04,122.3,88.8,81.7,84.2,29.64,27.23,26.51,26.81
85.84,2545,118.1,100,0,0.2,2,6734,0.02,0.04,122.2,88.8,81.7,84.2,29.64,27.23,26.51,26.81
85.88,2546,118.2,100,0,-0.1,2,6737,0.01,0.04,122.2,88.8,81.6,84.1,29.64,27.23,26.51,26.81
85.92,2547,118.2,100,0,0,2,6740,-0.01,0.04,122.2,88.8,81.6,84.1,29.64,27.23,26.51,26.81
85.96,2548,118.3,100,0,0.1,2,6743,-0.01,0.04,122.2,88.8,81.6,84.1,29.64,27.23,26.51,26.81
86,2550,118.4,100,0,-0.2,2,6747,-0.03,0.04,122.2,88.8,81.6,84.1,29.64,27.22,26.51,26.81
86.04,2551,118.4,100,0,0.7,2,6750,-0.01,0.04,122.2,88.8,81.6,84.1,29.64,27.22,26.51,26.81
86.08,2552,118.5,100,0,0,2,6753,-0.02,0.04,122.2,88.8,81.6,84.1,29.64,27.22,26.51,26.81
86.12,2554,118.5,100,0,0.2,2,6757,0,0.04,122.2,88.8,81.6,84.1,29.64,27.22,26.51,26.81
86.16,2555,118.6,100,0,0,2,6760,-0.01,0.04,122.1,88.7,81.6,84.1,29.64,27.22,26.5,26.8
86.2,2556,118.7,100,0,0,2,6763,0,0.04,122.1,88.7,81.6,84.1,29.64,27.22,26.5,26.8
86.24,2558,118.7,100,0,-0.1,2,6766,-0.03,0.04,122.1,88.7,81.5,84,29.63,27.22,26.5,26.8
86.28,2559,118.8,100,0,-0.1,2,6770,0.03,0.04,122.1,88.7,81.5,84,29.63,27.22,26.5,26.8
86.32,2560,118.8,100,0,0.3,2,6773,0.01,0.04,122.1,88.7,81.5,84,29.63,27.22,26.5,26.8
86.36,2562,118.9,100,0,-0.5,2,6776,0,0.04,122.1,88.7,81.5,84,29.63,27.22,26.5,26.8
86.4,2563,118.9,100,0,0.4,2,6780,-0.01,0.04,122.1,88.7,81.5,84,29.63,27.22,26.5,26.8
86.44,2564,119,100,0,-0.2,2,6783,0,0.04,122.1,88.7,81.5,84,29.63,27.21,26.5,26.8
86.48,2566,119.1,100,0,-0.1,2,6786,-0.01,0.04,122.1,88.6,81.5,84,29.63,27.21,26.5,26.8
86.52,2567,119.1,100,0,0.2,2,6789,0.01,0.04,122,88.6,81.5,84,29.63,27.21,26.5,26.8
86.56,2568,119.2,100,0,-0.1,2,6793,0.01,0.04,122,88.6,81.4,83.9,29.63,27.21,26.5,26.8
86.6,2570,119.2,100,0,0.7,2,6796,-0.01,0.04,122,88.6,81.4,83.9,29.63,27.21,26.49,26.79
86.64,2571,119.3,100,0,0.1,2,6799,-0.01,0.04,122,88.6,81.4,83.9,29.63,27.21,26.49,26.79
86.68,2572,119.3,100,0,0.1,2,6803,-0.01,0.04,122,88.6,81.4,83.9,29.62,27.21,26.49,26.79
86.72,2574,119.4,100,0,0.5,2,6806,-0.01,0.04,122,88.6,81.4,83.9,29.62,27.21,26.49,26.79
86.76,2575,119.5,100,0,-0.1,2,6809,0.03,0.04,122,88.6,81.4,83.9,29.62,27.21,26.49,26.79
86.8,2576,119.5,100,0,0.1,2,6812,0,0.04,122,88.5,81.4,83.9,29.62,27.21,26.49,26.79
86.84,2578,119.6,100,0,0.6,2,6816,-0.03,0.04,121.9,88.5,81.4,83.9,29.62,27.21,26.49,26.79
86.88,2579,119.6,100,0,0.4,2,6819,0.02,0.04,121.9,88.5,81.3,83.8,29.62,27.2,26.49,26.79
86.92,2580,119.7,100,0,-0.2,2,6822,-0.02,0.04,121.9,88.5,81.3,83.8,29.62,27.2,26.49,26.79
86.96,2581,119.7,100,0,0.6,2,6826,0.01,0.04,121.9,88.5,81.3,83.8,29.62,27.2,26.49,26.79
87,2583,119.8,100,0,-0.8,2,6829,-0.01,0.04,121.9,88.5,81.3,83.8,29.62,27.2,26.49,26.79
87.04,2584,119.9,100,0,0,2,6832,-0.01,0.04,121.9,88.5,81.3,83.8,29.62,27.2,26.49,26.79
87.08,2585,119.9,100,0,-0.6,2,6835,0,0.04,121.9,88.5,81.3,83.8,29.62,27.2,26.48,26.78
87.12,2587,120,100,0,0.2,2,6839,-0.02,0.04,121.9,88.5,81.3,83.8,29.61,27.2,26.48,26.78
87.16,2588,120,100,0,0.2,2,6021,0.02,0.04,121.8,88.4,81.3,83.8,29.61,27.2,26.48,26.78
87.2,2589,120.1,100,0,0.1,2,6024,-0.04,0.04,121.8,88.4,81.3,83.8,29.61,27.2,26.48,26.78
87.24,2591,120.1,100,0,0.2,2,6027,-0.01,0.04,121.8,88.4,81.2,83.7,29.61,27.2,26.48,26.78
87.28,2592,120.2,100,0,0.3,2,6030,0.01,0.04,121.8,88.4,81.2,83.7,29.61,27.2,26.48,26.78
87.32,2593,120.3,100,0,-0.4,2,6032,0.03,0.04,121.8,88.4,81.2,83.7,29.61,27.19,26.48,26.78
87.36,2595,120.3,100,0,-0.3,2,6035,-0.01,0.04,121.8,88.4,81.2,83.7,29.61,27.19,26.48,26.78
87.4,2596,120.4,100,0,0.3,2,6039,0.02,0.04,121.8,88.4,81.2,83.7,29.61,27.19,26.48,26.78
87.44,2598,120.4,100,0,0.1,2,6041,0,0.04,121.8,88.4,81.2,83.7,29.61,27.19,26.48,26.78
87.48,2599,120.5,100,0,-0.9,2,6044,-0.02,0.04,121.8,88.3,81.2,83.7,29.61,27.19,26.48,26.78
87.52,2600,120.6,100,0,-0.2,2,6046,0.02,0.04,121.7,88.3,81.2,83.7,29.61,27.19,26.47,26.77
87.56,2602,120.6,100,0,0.3,2,6050,-0.01,0.04,121.7,88.3,81.1,83.6,29.6,27.19,26.47,26.77
87.6,2603,120.7,100,0,1,2,6053,0,0.04,121.7,88.3,81.1,83.6,29.6,27.19,26.47,26.77
87.64,2604,120.7,100,0,-0.2,2,6055,0.02,0.04,121.7,88.3,81.1,83.6,29.6,27.19,26.47,26.77
87.68,2606,120.8,100,0,0.6,2,6059,-0.03,0.04,121.7,88.3,81.1,83.6,29.6,27.19,26.47,26.77
87.72,2607,120.8,100,0,-0.1,2,6061,0.02,0.04,121.7,88.3,81.1,83.6,29.6,27.19,26.47,26.77
87.76,2608,120.9,100,0,0,2,6064,0.02,0.04,121.7,88.3,81.1,83.6,29.6,27.18,26.47,26.77
87.8,2610,121,100,0,-0.4,2,6067,0,0.04,121.7,88.2,81.1,83.6,29.6,27.18,26.47,26.77
87.84,2611,121,100,0,-0.2,2,6070,0.01,0.04,121.6,88.2,81.1,83.6,29.6,27.18,26.47,26.77
87.88,2612,121.1,100,0,0.3,2,6073,0,0.04,121.6,88.2,81,83.5,29.6,27.18,26.47,26.77
87.92,2614,121.1,100,0,0,2,6076,-0.02,0.04,121.6,88.2,81,83.5,29.6,27.18,26.47,26.77
87.96,2615,121.2,100,0,0.4,2,6079,-0.01,0.04,121.6,88.2,81,83.5,29.6,27.18,26.46,26.76
88,2616,121.2,100,0,0.1,2,6911,0,0.04,121.6,88.2,81,83.5,29.59,27.18,26.46,26.76
88.04,2618,121.3,100,0,0.3,2,6914,0.02,0.04,121.6,88.2,81,83.5,29.59,27.18,26.46,26.76
88.08,2619,121.4,100,0,-0.1,2,6917,0,0.04,121.6,88.2,81,83.5,29.59,27.18,26.46,26.76
88.12,2620,121.3,0,1,0.4,2,6916,0,-1.85,121.6,88.3,81,83.5,29.6,27.19,26.46,26.76
88.16,2622,121.2,0,5,0.2,2,6907,0,-1.85,121.7,88.4,81,83.5,29.6,27.2,26.46,26.76
88.2,2623,120.9,0,9,-0.2,2,6892,0,-1.85,121.7,88.5,81,83.5,29.6,27.2,26.46,26.76
88.24,2624,120.5,0,14,0.1,2,6868,0,-1.85,121.7,88.6,81,83.5,29.6,27.21,26.46,26.76
88.28,2626,119.9,0,18,-0.4,2,6837,0,-1.85,121.8,88.8,81,83.5,29.61,27.22,26.46,26.76
88.32,2627,119.3,0,22,0.4,2,6799,0,-1.85,121.8,88.9,81,83.5,29.61,27.23,26.46,26.76
88.36,2628,118.5,0,26,0.1,2,6755,0,-1.85,121.9,89,81,83.5,29.61,27.24,26.46,26.76
88.4,2630,118,0,30,-0.5,2,6726,0,-1.85,121.9,89.1,81,83.5,29.62,27.25,26.46,26.76
88.44,2631,118,0,34,0.3,2,6726,0,-1.85,121.9,89.2,81,83.5,29.62,27.26,26.46,26.76
88.48,2632,118,0,38,0.2,2,6726,0,-1.85,122,89.4,81,83.5,29.62,27.27,26.46,26.76
88.52,2634,118,0,42,1.4,2,6726,0,-1.85,122,89.5,81,83.5,29.63,27.28,26.46,26.76
88.56,2635,118,0,46,0.3,2,6726,0,-1.85,122.1,89.6,81,83.5,29.63,27.29,26.46,26.76
88.6,2636,118,0,50,-0.1,2,6726,0,-1.85,122.1,89.7,81,83.5,29.63,27.29,26.46,26.76
88.64,2638,118,0,54,1,2,6726,0,-1.85,122.1,89.8,81,83.5,29.63,27.3,26.46,26.76
88.68,2639,118,0,58,0.7,2,6726,0,-1.85,122.2,90,81,83.5,29.64,27.31,26.46,26.76
88.72,2640,118,0,62,-1.1,2,6726,0,-1.85,122.2,90.1,81,83.5,29.64,27.32,26.46,26.76
88.76,2641,118,0,65,-0.1,2,6726,0,-1.85,122.3,90.2,81,83.5,29.64,27.33,26.46,26.76
88.8,2643,118,0,65,-0.3,2,6726,0,-1.85,122.3,90.3,81,83.5,29.65,27.34,26.46,26.76
88.84,2644,118,0,65,0.1,2,6726,0,-1.85,122.3,90.4,81,83.5,29.65,27.35,26.46,26.76
88.88,2645,118,0,65,-0.1,2,6726,0,-1.85,122.4,90.6,81,83.5,29.65,27.36,26.46,26.76
88.92,2647,118,0,65,-0.1,2,6726,0,-1.85,122.4,90.7,81,83.5,29.66,27.37,26.46,26.76
88.96,2648,118,0,65,-0.7,2,6726,0,-1.85,122.5,90.8,81,83.5,29.66,27.38,26.46,26.76
89,2649,118,0,65,-0.3,2,6726,0,-1.85,122.5,90.9,81,83.5,29.66,27.38,26.46,26.76
89.04,2651,118,0,65,0.3,2,6726,0,-1.85,122.5,91,81,83.5,29.66,27.39,26.46,26.76
89.08,2652,118,0,65,0.7,2,6726,0,-1.85,122.6,91.2,81,83.5,29.67,27.4,26.46,26.76
89.12,2653,118,0,65,1.6,2,6726,0,-1.85,122.6,91.3,81,83.5,29.67,27.41,26.46,26.76
89.16,2655,118,0,65,-0.6,2,6726,0,-1.85,122.7,91.4,81,83.5,29.67,27.42,26.46,26.76
89.2,2656,118,0,65,-0.6,2,6726,0,-1.85,122.7,91.5,81,83.5,29.68,27.43,26.46,26.76
89.24,2657,118,0,65,-0.9,2,6726,0,-1.85,122.7,91.6,81,83.5,29.68,27.44,26.46,26.76
89.28,2659,118,0,65,0.4,2,6726,0,-1.85,122.8,91.8,81,83.5,29.68,27.45,26.46,26.76
89.32,2660,118,0,65,-0.1,2,6726,0,-1.85,122.8,91.9,81,83.5,29.69,27.46,26.46,26.76
89.36,2661,118,0,65,-0.7,2,6726,0,-1.85,122.9,92,81,83.5,29.69,27.47,26.46,26.76
89.4,2662,118,0,65,0.1,2,6726,0,-1.85,122.9,92.1,81,83.5,29.69,27.47,26.46,26.76
89.44,2664,118,0,65,0.8,2,6726,0,-1.85,122.9,92.2,81,83.5,29.69,27.48,26.46,26.76
89.48,2665,118,0,65,-1.2,2,6726,0,-1.85,123,92.4,81,83.5,29.7,27.49,26.46,26.76
89.52,2666,118,0,65,1.4,2,6726,0,-1.85,123,92.5,81,83.5,29.7,27.5,26.46,26.76
89.56,2668,118,0,65,1,2,6726,0,-1.85,123.1,92.6,81,83.5,29.7,27.51,26.46,26.76
89.6,2669,118,0,65,0.8,2,6726,0,-1.85,123.1,92.7,81,83.5,29.71,27.52,26.46,26.76
89.64,2670,118,0,65,-0.1,2,6726,0,-1.85,123.1,92.8,81,83.5,29.71,27.53,26.46,26.76
89.68,2672,118,0,65,0.4,2,6726,0,-1.85,123.2,93,81,83.5,29.71,27.54,26.46,26.76
89.72,2673,118,0,65,0.8,2,6726,0,-1.85,123.2,93.1,81,83.5,29.72,27.55,26.46,26.76
89.76,2674,118,0,65,0.6,2,6726,0,-1.85,123.3,93.2,81,83.5,29.72,27.56,26.46,26.76
89.8,2676,118,0,65,-0.1,2,6726,0,-1.85,123.3,93.3,81,83.5,29.72,27.56,26.46,26.76
89.84,2677,118,0,65,0.2,2,6726,0,-1.85,123.3,93.4,81,83.5,29.72,27.57,26.46,26.76
89.88,2678,118,0,65,-0.6,2,6726,0,-1.85,123.4,93.6,81,83.5,29.73,27.58,26.46,26.76
89.92,2680,118,0,65,0.3,2,6726,0,-1.85,123.4,93.7,81,83.5,29.73,27.59,26.46,26.76
89.96,2681,118,0,65,-1.8,2,6726,0,-1.85,123.5,93.8,81,83.5,29.73,27.6,26.46,26.76
90,2682,118,0,65,-0.5,2,6726,0,-1.85,123.5,93.9,81,83.5,29.74,27.61,26.46,26.76
90.04,2683,118,0,64,-0.9,2,6726,-0.01,-1.39,123.5,94,81,83.5,29.74,27.62,26.46,26.76
90.08,2685,118,0,63,-2.4,2,6726,-0.04,-1.37,123.6,94.2,81,83.5,29.74,27.63,26.46,26.76
90.12,2686,118,0,61,-3.9,2,6726,-0.07,-1.34,123.6,94.3,81,83.5,29.75,27.64,26.46,26.76
90.16,2687,118,0,60,-4.4,2,6726,-0.1,-1.32,123.7,94.4,81,83.5,29.75,27.65,26.46,26.76
90.2,2689,118,0,58,-5.2,2,6726,-0.13,-1.3,123.7,94.5,81,83.5,29.75,27.65,26.46,26.76
90.24,2690,118,0,57,-7.9,2,6726,-0.16,-1.27,123.7,94.6,81,83.5,29.75,27.66,26.46,26.76
90.28,2691,118,0,55,-7.3,2,6726,-0.18,-1.25,123.8,94.8,81,83.5,29.76,27.67,26.46,26.76
90.32,2693,118,0,54,-8.5,2,6726,-0.21,-1.22,123.8,94.9,81,83.5,29.76,27.68,26.46,26.76
90.36,2694,118,0,52,-9.7,2,6726,-0.24,-1.2,123.9,95,81,83.5,29.76,27.69,26.46,26.76
90.4,2695,118,0,51,-12.3,2,6726,-0.27,-1.18,123.9,95.1,81,83.5,29.77,27.7,26.46,26.76
90.44,2697,118,0,50,-13,2,6726,-0.3,-1.15,123.9,95.2,81,83.5,29.77,27.71,26.46,26.76
90.48,2698,118,0,48,-13.9,2,6726,-0.33,-1.13,124,95.4,81,83.5,29.77,27.72,26.46,26.76
90.52,2699,118,0,47,-15.6,2,6726,-0.36,-1.11,124,95.5,81,83.5,29.78,27.73,26.46,26.76
90.56,2700,118,0,45,-16.1,2,6726,-0.39,-1.08,124.1,95.6,81,83.5,29.78,27.74,26.46,26.76
90.6,2702,118,0,44,-18.7,2,6726,-0.42,-1.06,124.1,95.7,81,83.5,29.78,27.74,26.46,26.76
90.64,2703,118,0,43,-20.5,2,6726,-0.45,-1.03,124.1,95.8,81,83.5,29.78,27.75,26.46,26.76
90.68,2704,118,0,41,-20.1,2,6726,-0.48,-1.01,124.2,96,81,83.5,29.79,27.76,26.46,26.76
90.72,2706,118,0,40,-20.9,2,6726,-0.51,-0.99,124.2,96.1,81,83.5,29.79,27.77,26.46,26.76
90.76,2707,118,0,38,-22.1,2,6726,-0.53,-0.96,124.3,96.2,81,83.5,29.79,27.78,26.46,26.76
90.8,2708,118,0,37,-23.9,2,6726,-0.56,-0.94,124.3,96.3,81,83.5,29.8,27.79,26.46,26.76
90.84,2710,118,0,36,-24.6,2,6726,-0.59,-0.92,124.3,96.4,81,83.5,29.8,27.8,26.46,26.76
90.88,2711,118,0,35,-25.1,2,6726,-0.62,-0.89,124.4,96.6,81,83.5,29.8,27.81,26.46,26.76
90.92,2712,118,0,33,-26.6,2,6726,-0.65,-0.87,124.4,96.7,81,83.5,29.81,27.82,26.46,26.76
90.96,2714,118,0,32,-28.1,2,6726,-0.68,-0.84,124.5,96.8,81,83.5,29.81,27.83,26.46,26.76
91,2715,118,0,31,-28.4,2,6726,-0.71,-0.82,124.5,96.9,81,83.5,29.81,27.83,26.46,26.76
91.04,2716,118,0,29,-29.7,2,6726,-0.74,-0.8,124.5,97,81,83.5,29.81,27.84,26.46,26.76
91.08,2718,118,0,28,-30.4,2,6726,-0.77,-0.77,124.6,97.2,81,83.5,29.82,27.85,26.46,26.76
91.12,2719,118,0,27,-31.7,2,6726,-0.8,-0.75,124.6,97.3,81,83.5,29.82,27.86,26.46,26.76
91.16,2720,118,0,26,-32.7,2,6726,-0.83,-0.72,124.7,97.4,81,83.5,29.82,27.87,26.46,26.76
91.2,2721,118,0,25,-33.1,2,6726,-0.86,-0.7,124.7,97.5,81,83.5,29.83,27.88,26.46,26.76
91.24,2723,118,0,23,-35.9,2,6726,-0.88,-0.68,124.7,97.6,81,83.5,29.83,27.89,26.46,26.76
91.28,2724,118,0,22,-34.7,2,6726,-0.91,-0.65,124.8,97.8,81,83.5,29.83,27.9,26.46,26.76
91.32,2725,118,0,21,-35.4,2,6726,-0.94,-0.63,124.8,97.9,81,83.5,29.84,27.91,26.46,26.76
91.36,2727,118,0,20,-37,2,6726,-0.97,-0.61,124.9,98,81,83.5,29.84,27.92,26.46,26.76
91.4,2728,118,0,19,-38,2,6726,-1,-0.58,124.9,98.1,81,83.5,29.84,27.92,26.46,26.76
91.44,2729,118,0,18,-38.3,2,6726,-1.03,-0.56,124.9,98.2,81,83.5,29.84,27.93,26.46,26.76
91.48,2731,118,0,17,-40,2,6726,-1.06,-0.53,125,98.4,81,83.5,29.85,27.94,26.46,26.76
91.52,2732,118,0,16,-39.8,2,6726,-1.09,-0.51,125,98.5,81,83.5,29.85,27.95,26.46,26.76
91.56,2733,118,0,15,-40.7,2,6726,-1.12,-0.49,125.1,98.6,81,83.5,29.85,27.96,26.46,26.76
91.6,2735,118,0,14,-41.6,2,6726,-1.15,-0.46,125.1,98.7,81,83.5,29.86,27.97,26.46,26.76
91.64,2736,118,0,13,-42,2,6726,-1.18,-0.44,125.1,98.8,81,83.5,29.86,27.98,26.46,26.76
91.68,2737,118,0,12,-42.6,2,6726,-1.2,-0.41,125.2,99,81,83.5,29.86,27.99,26.46,26.76
91.72,2739,118,0,11,-43,2,6726,-1.23,-0.39,125.2,99.1,81,83.5,29.87,28,26.46,26.76
91.76,2740,118,0,10,-44.3,2,6726,-1.26,-0.37,125.3,99.2,81,83.5,29.87,28.01,26.46,26.76
91.8,2741,118,0,9,-43.9,2,6726,-1.29,-0.34,125.3,99.3,81,83.5,29.87,28.01,26.46,26.76
91.84,2742,118,0,8,-44.4,2,6726,-1.32,-0.32,125.3,99.4,81,83.5,29.87,28.02,26.46,26.76
91.88,2744,118,0,7,-45.7,2,6726,-1.35,-0.3,125.4,99.6,81,83.5,29.88,28.03,26.46,26.76
91.92,2745,118,0,7,-46.4,2,6726,-1.38,-0.27,125.4,99.7,81,83.5,29.88,28.04,26.46,26.76
91.96,2746,118,0,6,-46.1,2,6726,-1.41,-0.25,125.5,99.8,81,83.5,29.88,28.05,26.46,26.76
92,2748,118,0,5,-47.3,2,6726,-1.44,-0.22,125.5,99.9,81,83.5,29.89,28.06,26.46,26.76
92.04,2749,118,0,4,-46.9,2,6726,-1.47,-0.2,125.5,100,81,83.5,29.89,28.07,26.46,26.76
92.08,2750,118,0,4,-47.8,2,6726,-1.5,-0.18,125.6,100.2,81,83.5,29.89,28.08,26.46,26.76
92.12,2752,118,0,3,-48.1,2,6726,-1.53,-0.15,125.6,100.3,81,83.5,29.9,28.09,26.46,26.76
92.16,2753,118,0,2,-47.3,2,6726,-1.55,-0.13,125.7,100.4,81,83.5,29.9,28.1,26.46,26.76
92.2,2754,118,0,2,-47.1,2,6726,-1.58,-0.1,125.7,100.5,81,83.5,29.9,28.1,26.46,26.76
92.24,2756,118,0,1,-48,2,6726,-1.61,-0.08,125.7,100.6,81,83.5,29.9,28.11,26.46,26.76
92.28,2757,118,0,1,-47.3,2,6726,-1.64,-0.06,125.8,100.8,81,83.5,29.91,28.12,26.46,26.76
92.32,2758,118,0,0,-47.7,2,6726,-1.67,-0.03,125.8,100.9,81,83.5,29.91,28.13,26.46,26.76
92.36,2759,118,0,0,-48,2,6726,-1.7,-0.01,125.9,101,81,83.5,29.91,28.14,26.46,26.76
92.4,2761,118,1,0,-47.6,2,6726,-1.94,0,125.9,101,81,83.5,29.91,28.14,26.46,26.76
92.44,2762,118,3,0,-47.3,2,6726,-1.93,0.01,125.9,101,81.1,83.6,29.91,28.14,26.47,26.77
92.48,2763,118,4,0,-46.5,2,6727,-1.91,0.02,125.9,101,81.1,83.6,29.91,28.14,26.47,26.77
92.52,2765,118,6,0,-46,2,6727,-1.9,0.02,125.9,101,81.1,83.6,29.91,28.14,26.47,26.77
92.56,2766,118,7,0,-45.5,2,6727,-1.88,0.03,125.9,101,81.2,83.7,29.91,28.14,26.47,26.77
92.6,2767,118,8,0,-45.5,2,6728,-1.87,0.03,125.9,101,81.2,83.7,29.91,28.14,26.48,26.78
92.64,2769,118,9,0,-44.2,2,6729,-1.85,0.04,125.9,101,81.2,83.7,29.91,28.14,26.48,26.78
92.68,2770,118.1,11,0,-44.3,2,6729,-1.84,0.05,125.9,101,81.3,83.8,29.91,28.14,26.48,26.78
92.72,2771,118.1,12,0,-43.1,2,6730,-1.82,0.05,125.9,101,81.3,83.8,29.91,28.14,26.49,26.79
92.76,2773,118.1,13,0,-44.1,2,6731,-1.81,0.06,125.9,101,81.3,83.8,29.91,28.14,26.49,26.79
92.8,2774,118.1,14,0,-43.3,2,6732,-1.79,0.06,125.9,101,81.4,83.9,29.91,28.14,26.49,26.79
92.84,2775,118.1,15,0,-42.7,2,6733,-1.78,0.07,125.9,101,81.4,83.9,29.91,28.14,26.49,26.79
92.88,2777,118.1,16,0,-42.4,2,6734,-1.77,0.08,125.9,101,81.4,83.9,29.91,28.14,26.5,26.8
92.92,2778,118.2,17,0,-42.2,2,6736,-1.75,0.08,125.9,101,81.5,84,29.91,28.14,26.5,26.8
92.96,2779,118.2,18,0,-41.4,2,6737,-1.74,0.09,125.9,101,81.5,84,29.91,28.14,26.5,26.8
93,2780,118.2,20,0,-41.1,2,6738,-1.72,0.1,125.9,101,81.5,84,29.91,28.14,26.5,26.8
93.04,2782,118.2,21,0,-40.6,2,6740,-1.71,0.1,125.9,101,81.6,84.1,29.91,28.14,26.51,26.81
93.08,2783,118.3,22,0,-40.5,2,6741,-1.69,0.11,125.9,101,81.6,84.1,29.91,28.14,26.51,26.81
93.12,2784,118.3,23,0,-39.8,2,6743,-1.68,0.11,125.9,101,81.7,84.2,29.91,28.14,26.51,26.81
93.16,2786,118.3,24,0,-39,2,6744,-1.66,0.12,125.9,101,81.7,84.2,29.91,28.14,26.51,26.81
93.2,2787,118.4,25,0,-38.4,2,6746,-1.65,0.13,125.9,101,81.7,84.2,29.91,28.14,26.52,26.82
93.24,2788,118.4,26,0,-38.8,2,6748,-1.63,0.13,125.9,101,81.8,84.3,29.91,28.14,26.52,26.82
93.28,2790,118.4,27,0,-38.2,2,6750,-1.62,0.14,125.9,101,81.8,84.3,29.91,28.14,26.52,26.82
93.32,2791,118.5,28,0,-37,2,6752,-1.6,0.14,125.9,101,81.8,84.3,29.91,28.14,26.52,26.82
93.36,2792,118.5,29,0,-36.6,2,6754,-1.59,0.15,125.9,101,81.9,84.4,29.91,28.14,26.53,26.83
93.4,2794,118.5,30,0,-36.7,2,6756,-1.58,0.16,125.9,101,81.9,84.4,29.91,28.14,26.53,26.83
93.44,2795,118.6,31,0,-35.7,2,6758,-1.56,0.16,125.9,101,81.9,84.4,29.91,28.14,26.53,26.83
93.48,2796,118.6,32,0,-35.5,2,6760,-1.55,0.17,125.9,101,82,84.5,29.91,28.14,26.54,26.84
93.52,2798,118.6,33,0,-35.2,2,6763,-1.53,0.17,125.9,101,82,84.5,29.91,28.14,26.54,26.84
93.56,2799,118.7,34,0,-34.9,2,6765,-1.52,0.18,125.9,101,82,84.5,29.91,28.14,26.54,26.84
93.6,2800,118.7,35,0,-34.6,2,6768,-1.5,0.19,125.9,101,82.1,84.6,29.91,28.14,26.54,26.84
93.64,2802,118.8,36,0,-34,2,6770,-1.49,0.19,125.9,101,82.1,84.6,29.91,28.14,26.55,26.85
93.68,2803,118.8,37,0,-32.8,2,6773,-1.47,0.2,125.9,101,82.1,84.6,29.91,28.14,26.55,26.85
93.72,2804,118.9,38,0,-32.8,2,6775,-1.46,0.21,125.9,101,82.2,84.7,29.91,28.14,26.55,26.85
93.76,2806,118.9,38,0,-32.6,2,6778,-1.44,0.21,125.9,101,82.2,84.7,29.91,28.14,26.55,26.85
93.8,2807,119,39,0,-32.1,2,6781,-1.43,0.22,125.9,101,82.2,84.7,29.91,28.14,26.56,26.86
93.84,2808,119,40,0,-31.7,2,6783,-1.41,0.22,125.9,101,82.3,84.8,29.91,28.14,26.56,26.86
93.88,2809,119.1,41,0,-31.5,2,6786,-1.4,0.23,125.9,101,82.3,84.8,29.91,28.14,26.56,26.86
93.92,2811,119.1,42,0,-30.7,2,6789,-1.38,0.24,125.9,101,82.4,84.9,29.91,28.14,26.56,26.86
93.96,2812,119.2,43,0,-29.9,2,6792,-1.37,0.24,125.9,101,82.4,84.9,29.91,28.14,26.57,26.87
94,2813,119.2,44,0,-30.3,2,6795,-1.35,0.25,125.9,101,82.4,84.9,29.91,28.14,26.57,26.87
94.04,2815,119.3,45,0,-29.6,2,6798,-1.34,0.25,125.9,101,82.5,85,29.91,28.14,26.57,26.87
94.08,2816,119.3,46,0,-29.2,2,6802,-1.33,0.26,125.9,101,82.5,85,29.91,28.14,26.57,26.87
94.12,2817,119.4,47,0,-28.4,2,6805,-1.31,0.27,125.9,101,82.5,85,29.91,28.14,26.58,26.88
94.16,2819,119.4,48,0,-27.5,2,6808,-1.3,0.27,125.9,101,82.6,85.1,29.91,28.14,26.58,26.88
94.2,2820,119.5,49,0,-27.8,2,6812,-1.28,0.28,125.9,101,82.6,85.1,29.91,28.14,26.58,26.88
94.24,2821,119.6,50,0,-27.8,2,6815,-1.27,0.29,125.9,101,82.6,85.1,29.91,28.14,26.59,26.89
94.28,2823,119.6,51,0,-26.3,2,6818,-1.25,0.29,125.9,101,82.7,85.2,29.91,28.14,26.59,26.89
94.32,2824,119.7,51,0,-26,2,6822,-1.24,0.3,125.9,101,82.7,85.2,29.91,28.14,26.59,26.89
94.36,2825,119.7,52,0,-25.9,2,6826,-1.22,0.3,125.9,101,82.7,85.2,29.91,28.14,26.59,26.89
94.4,2827,119.8,53,0,-24.7,2,6829,-1.21,0.31,125.9,101,82.8,85.3,29.91,28.14,26.6,26.9
94.44,2828,119.9,54,0,-24.5,2,6833,-1.19,0.32,125.9,101,82.8,85.3,29.91,28.14,26.6,26.9
94.48,2829,119.9,55,0,-24.4,2,6837,-1.18,0.32,125.9,101,82.8,85.3,29.91,28.14,26.6,26.9
94.52,2831,120,56,0,-24.4,2,6841,-1.16,0.33,125.9,101,82.9,85.4,29.91,28.14,26.6,26.9
94.56,2832,120.1,57,0,-23.8,2,6845,-1.15,0.33,125.9,101,82.9,85.4,29.91,28.14,26.61,26.91
94.6,2833,120.2,58,0,-23.3,2,6849,-1.13,0.34,125.9,101,82.9,85.4,29.91,28.14,26.61,26.91
94.64,2835,120.2,59,0,-22.4,2,6853,-1.12,0.35,125.9,101,83,85.5,29.91,28.14,26.61,26.91
94.68,2836,120.3,60,0,-20.6,2,6857,-1.1,0.35,125.9,101,83,85.5,29.91,28.14,26.61,26.91
94.72,2837,120.4,60,0,-21.1,2,6861,-1.09,0.36,125.9,101,83.1,85.6,29.91,28.14,26.62,26.92
94.76,2839,120.4,61,0,-21.2,2,6865,-1.07,0.37,125.9,101,83.1,85.6,29.91,28.14,26.62,26.92
94.8,2840,120.5,62,0,-21.1,2,6869,-1.06,0.37,125.9,101,83.1,85.6,29.91,28.14,26.62,26.92
94.84,2841,120.6,63,0,-20.6,2,6874,-1.04,0.38,125.9,101,83.2,85.7,29.91,28.14,26.62,26.92
94.88,2843,120.7,64,0,-20,2,6878,-1.03,0.38,125.9,101,83.2,85.7,29.91,28.14,26.63,26.93
94.92,2844,120.7,65,0,-18.9,2,6883,-1.01,0.39,125.9,101,83.2,85.7,29.91,28.14,26.63,26.93
94.96,2845,120.8,66,0,-18.6,2,6887,-1,0.4,125.9,101,83.3,85.8,29.91,28.14,26.63,26.93
95,2847,120.9,67,0,-18.9,2,6892,-0.98,0.4,125.9,101,83.3,85.8,29.91,28.14,26.63,26.93
95.04,2848,121,67,0,-17.2,2,6896,-0.97,0.41,125.9,101,83.3,85.8,29.91,28.14,26.64,26.94
95.08,2849,121.1,68,0,-17,2,6901,-0.95,0.42,125.9,101,83.4,85.9,29.91,28.14,26.64,26.94
95.12,2851,121.2,69,0,-17.2,2,6906,-0.94,0.42,125.9,101,83.4,85.9,29.91,28.14,26.64,26.94
95.16,2852,121.2,70,0,-17.1,2,6910,-0.92,0.43,125.9,101,83.4,85.9,29.91,28.14,26.65,26.95
95.2,2853,121.3,71,0,-15.3,2,6915,-0.91,0.43,125.9,101,83.5,86,29.91,28.14,26.65,26.95
95.24,2855,121.4,72,0,-15.9,2,6920,-0.89,0.44,125.9,101,83.5,86,29.91,28.14,26.65,26.95
95.28,2856,121.5,73,0,-14.5,2,6925,-0.88,0.45,125.9,101,83.5,86,29.91,28.14,26.65,26.95
95.32,2858,121.6,74,0,-14.4,2,6930,-0.86,0.45,125.9,101,83.6,86.1,29.91,28.14,26.66,26.96
95.36,2859,121.7,74,0,-13.5,2,6935,-0.85,0.46,125.9,101,83.6,86.1,29.91,28.14,26.66,26.96
95.4,2860,121.8,75,0,-14.2,2,6940,-0.83,0.47,125.9,101,83.6,86.1,29.91,28.14,26.66,26.96
95.44,2862,121.8,76,0,-13.4,2,6945,-0.82,0.47,125.9,101,83.7,86.2,29.91,28.14,26.66,26.96
95.48,2863,121.9,77,0,-13,2,6951,-0.8,0.48,125.9,101,83.7,86.2,29.91,28.14,26.67,26.97
95.52,2864,122,78,0,-11.7,2,6956,-0.79,0.48,125.9,101,83.8,86.3,29.91,28.14,26.67,26.97
95.56,2866,122.1,79,0,-12.2,2,6961,-0.77,0.49,125.9,101,83.8,86.3,29.91,28.14,26.67,26.97
95.6,2867,122.2,80,0,-11.8,2,6967,-0.76,0.5,125.9,101,83.8,86.3,29.91,28.14,26.67,26.97
95.64,2868,122.3,80,0,-10.6,2,6972,-0.74,0.5,125.9,101,83.9,86.4,29.91,28.14,26.68,26.98
95.68,2870,122.4,81,0,-10.3,2,6978,-0.73,0.51,125.9,101,83.9,86.4,29.91,28.14,26.68,26.98
95.72,2871,122.5,82,0,-9.4,2,6983,-0.71,0.52,125.9,101,83.9,86.4,29.91,28.14,26.68,26.98
95.76,2872,122.6,83,0,-9.7,2,6989,-0.7,0.52,125.9,101,84,86.5,29.91,28.14,26.68,26.98
95.8,2874,122.7,84,0,-8.9,2,6994,-0.68,0.53,125.9,101,84,86.5,29.91,28.14,26.69,26.99
95.84,2875,122.8,85,0,-8.4,2,7000,-0.67,0.53,125.9,101,84,86.5,29.91,28.14,26.69,26.99
95.88,2877,122.9,86,0,-9.2,2,7006,-0.65,0.54,125.9,101,84.1,86.6,29.91,28.14,26.69,26.99
95.92,2878,123,86,0,-8.2,2,7012,-0.64,0.55,125.9,101,84.1,86.6,29.91,28.14,26.7,27
95.96,2879,123.1,87,0,-7.3,2,7018,-0.62,0.55,125.9,101,84.1,86.6,29.91,28.14,26.7,27
96,2881,123.2,88,0,-6.6,2,7024,-0.61,0.56,125.9,101,84.2,86.7,29.91,28.14,26.7,27
96.04,2882,123.3,89,0,-6.1,2,7030,-0.59,0.57,125.9,101,84.2,86.7,29.91,28.14,26.7,27
96.08,2883,123.4,90,0,-5.7,2,7036,-0.58,0.57,125.9,101,84.2,86.7,29.91,28.14,26.71,27.01
96.12,2885,123.5,91,0,-5.4,2,7042,-0.56,0.58,125.9,101,84.3,86.8,29.91,28.14,26.71,27.01
96.16,2886,123.6,92,0,-4.9,2,7048,-0.54,0.59,125.9,101,84.3,86.8,29.91,28.14,26.71,27.01
96.2,2888,123.8,92,0,-4.4,2,7054,-0.53,0.59,125.9,101,84.3,86.8,29.91,28.14,26.71,27.01
96.24,2889,123.9,93,0,-3.4,2,7060,-0.51,0.6,125.9,101,84.4,86.9,29.91,28.14,26.72,27.02
96.28,2890,124,94,0,-3,2,7066,-0.5,0.6,125.9,101,84.4,86.9,29.91,28.14,26.72,27.02
96.32,2892,124.1,95,0,-2.6,2,7073,-0.48,0.61,125.9,101,84.5,87,29.91,28.14,26.72,27.02
96.36,2893,124.2,96,0,-2.4,2,7079,-0.47,0.62,125.9,101,84.5,87,29.91,28.14,26.72,27.02
96.4,2894,124.3,97,0,-1.8,2,7086,-0.45,0.62,125.9,101,84.5,87,29.91,28.14,26.73,27.03
96.44,2896,124.4,97,0,-1.8,2,7092,-0.44,0.63,125.9,101,84.6,87.1,29.91,28.14,26.73,27.03
96.48,2897,124.5,98,0,-0.8,2,7099,-0.42,0.64,125.9,101,84.6,87.1,29.91,28.14,26.73,27.03
96.52,2899,124.7,99,0,-0.8,2,7105,-0.41,0.64,125.9,101,84.6,87.1,29.91,28.14,26.73,27.03
96.56,2900,124.8,100,0,0.3,2,7112,-0.39,0.65,125.9,101,84.7,87.2,29.91,28.14,26.74,27.04
96.6,2901,124.8,100,0,-0.1,2,7115,0.01,0.04,125.8,101,84.7,87.2,29.91,28.14,26.74,27.04
96.64,2903,124.9,100,0,0.2,2,7118,0.03,0.04,125.8,101,84.6,87.1,29.91,28.14,26.74,27.04
96.68,2904,124.9,100,0,0.5,2,7122,0.02,0.04,125.8,101,84.6,87.1,29.91,28.14,26.73,27.03
96.72,2905,125,100,0,1,2,7125,0.01,0.04,125.8,101,84.6,87.1,29.91,28.14,26.73,27.03
96.76,2907,125.1,100,0,0.4,2,7128,-0.02,0.04,125.8,100.9,84.6,87.1,29.91,28.14,26.73,27.03
96.8,2908,125.1,100,0,-0.2,2,7132,0.02,0.04,125.8,100.9,84.6,87.1,29.91,28.13,26.73,27.03
96.84,2910,125.2,100,0,0.1,2,7135,-0.01,0.04,125.8,100.9,84.6,87.1,29.91,28.13,26.73,27.03
96.88,2911,125.2,100,0,0.6,2,7138,-0.02,0.04,125.8,100.9,84.6,87.1,29.91,28.13,26.73,27.03
96.92,2912,125.3,100,0,0.2,2,7141,0.02,0.04,125.7,100.9,84.6,87.1,29.91,28.13,26.73,27.03
96.96,2914,125.3,100,0,0,2,7145,0,0.04,125.7,100.9,84.5,87,29.9,28.13,26.73,27.03
97,2915,125.4,100,0,0,2,7148,-0.02,0.04,125.7,100.9,84.5,87,29.9,28.13,26.73,27.03
97.04,2917,125.5,100,0,-0.1,2,7151,0.02,0.04,125.7,100.9,84.5,87,29.9,28.13,26.73,27.03
97.08,2918,125.5,100,0,-0.3,2,7155,-0.04,0.04,125.7,100.8,84.5,87,29.9,28.13,26.73,27.03
97.12,2919,125.6,100,0,0.9,2,7158,-0.01,0.04,125.7,100.8,84.5,87,29.9,28.13,26.72,27.02
97.16,2921,125.6,100,0,-0.6,2,7161,0.01,0.04,125.7,100.8,84.5,87,29.9,28.13,26.72,27.02
97.2,2922,125.7,100,0,0.1,2,7164,-0.04,0.04,125.7,100.8,84.5,87,29.9,28.13,26.72,27.02
97.24,2924,125.7,100,0,0.2,2,7168,0,0.04,125.6,100.8,84.5,87,29.9,28.13,26.72,27.02
97.28,2925,125.8,100,0,-0.1,2,7171,-0.02,0.04,125.6,100.8,84.4,86.9,29.9,28.12,26.72,27.02
97.32,2926,125.9,100,0,0.5,2,7174,0.01,0.04,125.6,100.8,84.4,86.9,29.9,28.12,26.72,27.02
97.36,2928,125.9,100,0,-0.5,2,7178,0,0.04,125.6,100.8,84.4,86.9,29.9,28.12,26.72,27.02
97.4,2929,126,100,0,0,2,7181,0.01,0.04,125.6,100.8,84.4,86.9,29.9,28.12,26.72,27.02
97.44,2931,126,100,0,-0.2,2,7184,-0.01,0.04,125.6,100.7,84.4,86.9,29.89,28.12,26.72,27.02
97.48,2932,126.1,100,0,0.1,2,7187,-0.03,0.04,125.6,100.7,84.4,86.9,29.89,28.12,26.72,27.02
97.52,2933,126.2,100,0,0.7,2,7191,-0.01,0.04,125.6,100.7,84.4,86.9,29.89,28.12,26.72,27.02
97.56,2935,126.2,100,0,0.4,2,7194,-0.01,0.04,125.6,100.7,84.4,86.9,29.89,28.12,26.71,27.01
97.6,2936,126.3,100,0,0,2,7197,-0.01,0.04,125.5,100.7,84.4,86.9,29.89,28.12,26.71,27.01
97.64,2938,126.3,100,0,-0.5,2,7200,-0.01,0.04,125.5,100.7,84.3,86.8,29.89,28.12,26.71,27.01
97.68,2939,126.4,100,0,-0.5,2,7204,0,0.04,125.5,100.7,84.3,86.8,29.89,28.12,26.71,27.01
97.72,2940,126.4,100,0,-0.5,2,7207,-0.01,0.04,125.5,100.7,84.3,86.8,29.89,28.11,26.71,27.01
97.76,2942,126.5,100,0,0.3,2,7210,0.01,0.04,125.5,100.6,84.3,86.8,29.89,28.11,26.71,27.01
97.8,2943,126.6,100,0,0.2,2,7214,-0.01,0.04,125.5,100.6,84.3,86.8,29.89,28.11,26.71,27.01
97.84,2945,126.6,100,0,-0.5,2,7217,0,0.04,125.5,100.6,84.3,86.8,29.89,28.11,26.71,27.01
97.88,2946,126.7,100,0,-0.3,2,7220,-0.01,0.04,125.5,100.6,84.3,86.8,29.88,28.11,26.71,27.01
97.92,2947,126.7,100,0,-0.2,2,7223,0,0.04,125.4,100.6,84.3,86.8,29.88,28.11,26.71,27.01
97.96,2949,126.8,100,0,0.8,2,7227,0.01,0.04,125.4,100.6,84.2,86.7,29.88,28.11,26.71,27.01
98,2950,126.8,100,0,0.5,2,7230,0.04,0.04,125.4,100.6,84.2,86.7,29.88,28.11,26.7,27
98.04,2952,126.9,100,0,1,2,7233,0.06,0.04,125.4,100.6,84.2,86.7,29.88,28.11,26.7,27
98.08,2953,127,100,0,-0.6,2,7237,0.02,0.04,125.4,100.5,84.2,86.7,29.88,28.11,26.7,27
98.12,2954,127,100,0,-0.2,2,7240,0.01,0.04,125.4,100.5,84.2,86.7,29.88,28.11,26.7,27
98.16,2956,127.1,100,0,0.5,2,7243,-0.02,0.04,125.4,100.5,84.2,86.7,29.88,28.1,26.7,27
98.2,2957,127.1,100,0,0.6,2,7246,0.01,0.04,125.4,100.5,84.2,86.7,29.88,28.1,26.7,27
98.24,2959,127.2,100,0,-0.1,2,7250,-0.03,0.04,125.3,100.5,84.2,86.7,29.88,28.1,26.7,27
98.28,2960,127.2,100,0,-0.2,2,7253,-0.01,0.04,125.3,100.5,84.1,86.6,29.88,28.1,26.7,27
98.32,2962,127.3,100,0,0.3,2,7256,-0.01,0.04,125.3,100.5,84.1,86.6,29.87,28.1,26.7,27
98.36,2963,127.4,100,0,0.3,2,7260,-0.01,0.04,125.3,100.5,84.1,86.6,29.87,28.1,26.7,27
98.4,2964,127.4,100,0,-0.3,2,7263,0.01,0.04,125.3,100.5,84.1,86.6,29.87,28.1,26.7,27
98.44,2966,127.5,100,0,0.5,2,7266,-0.02,0.04,125.3,100.4,84.1,86.6,29.87,28.1,26.69,26.99
98.48,2967,127.5,100,0,0.3,2,7269,-0.02,0.04,125.3,100.4,84.1,86.6,29.87,28.1,26.69,26.99
98.52,2969,127.6,100,0,-0.3,2,7273,0,0.04,125.3,100.4,84.1,86.6,29.87,28.1,26.69,26.99
98.56,2970,127.6,100,0,0.1,2,7276,-0.02,0.04,125.3,100.4,84.1,86.6,29.87,28.1,26.69,26.99
98.6,2971,127.7,100,0,-0.2,2,7279,-0.02,0.04,125.2,100.4,84.1,86.6,29.87,28.09,26.69,26.99
98.64,2973,127.8,100,0,0.4,2,7283,0,0.04,125.2,100.4,84,86.5,29.87,28.09,26.69,26.99
98.68,2974,127.8,100,0,-0.4,2,7286,-0.02,0.04,125.2,100.4,84,86.5,29.87,28.09,26.69,26.99
98.72,2976,127.9,100,0,0,2,7289,-0.02,0.04,125.2,100.4,84,86.5,29.87,28.09,26.69,26.99
98.76,2977,127.9,100,0,0.5,2,7292,0.01,0.04,125.2,100.3,84,86.5,29.86,28.09,26.69,26.99
98.8,2979,128,100,0,0.5,2,7296,0.02,0.04,125.2,100.3,84,86.5,29.86,28.09,26.69,26.99
98.84,2980,128.1,100,0,0,2,7299,0.01,0.04,125.2,100.3,84,86.5,29.86,28.09,26.69,26.99
98.88,2981,128.1,100,0,-0.3,2,7302,-0.03,0.04,125.2,100.3,84,86.5,29.86,28.09,26.69,26.99
98.92,2983,128.2,100,0,-0.2,2,7306,0,0.04,125.1,100.3,84,86.5,29.86,28.09,26.68,26.98
98.96,2984,128.2,100,0,0.3,2,7309,-0.01,0.04,125.1,100.3,83.9,86.4,29.86,28.09,26.68,26.98
99,2986,128.3,100,0,0.4,2,7312,-0.02,0.04,125.1,100.3,83.9,86.4,29.86,28.09,26.68,26.98
99.04,2987,128.3,100,0,1,2,7315,0.01,0.04,125.1,100.3,83.9,86.4,29.86,28.08,26.68,26.98
99.08,2989,128.4,100,0,0.8,2,7319,0.01,0.04,125.1,100.2,83.9,86.4,29.86,28.08,26.68,26.98
99.12,2990,128.5,100,0,-0.3,2,7322,0.01,0.04,125.1,100.2,83.9,86.4,29.86,28.08,26.68,26.98
99.16,2991,128.5,100,0,0.3,2,7325,0,0.04,125.1,100.2,83.9,86.4,29.86,28.08,26.68,26.98
99.2,2993,128.6,100,0,0,2,7329,0,0.04,125.1,100.2,83.9,86.4,29.85,28.08,26.68,26.98
99.24,2994,128.6,100,0,-0.3,2,7332,0.02,0.04,125,100.2,83.9,86.4,29.85,28.08,26.68,26.98
99.28,2996,128.7,100,0,-0.5,2,7335,0.01,0.04,125,100.2,83.8,86.3,29.85,28.08,26.68,26.98
99.32,2997,128.7,100,0,-0.1,2,7338,0.01,0.04,125,100.2,83.8,86.3,29.85,28.08,26.68,26.98
99.36,2999,128.8,100,0,0.6,2,7342,0,0.04,125,100.2,83.8,86.3,29.85,28.08,26.67,26.97
99.4,3000,128.9,100,0,0.8,2,7345,-0.02,0.04,125,100.2,83.8,86.3,29.85,28.08,26.67,26.97
99.44,3001,128.9,100,0,0.1,2,7348,-0.05,0.04,125,100.1,83.8,86.3,29.85,28.08,26.67,26.97
99.48,3003,129,100,0,0.2,2,7352,0.03,0.04,125,100.1,83.8,86.3,29.85,28.07,26.67,26.97
99.52,3004,129,100,0,-0.2,2,7355,0.02,0.04,125,100.1,83.8,86.3,29.85,28.07,26.67,26.97
99.56,3006,129.1,100,0,-0.6,2,7358,-0.01,0.04,125,100.1,83.8,86.3,29.85,28.07,26.67,26.97
99.6,3007,129.1,100,0,0.2,2,7361,0,0.04,124.9,100.1,83.8,86.3,29.85,28.07,26.67,26.97
99.64,3009,129.2,100,0,-0.2,2,7365,0.01,0.04,124.9,100.1,83.7,86.2,29.84,28.07,26.67,26.97
99.68,3010,129.3,100,0,0.5,2,7368,0.03,0.04,124.9,100.1,83.7,86.2,29.84,28.07,26.67,26.97
99.72,3011,129.3,100,0,-0.7,2,7371,0.02,0.04,124.9,100.1,83.7,86.2,29.84,28.07,26.67,26.97
99.76,3013,129.4,100,0,1,2,7375,-0.02,0.04,124.9,100,83.7,86.2,29.84,28.07,26.67,26.97
99.8,3014,129.4,100,0,1.1,2,7378,0.01,0.04,124.9,100,83.7,86.2,29.84,28.07,26.66,26.96
99.84,3016,129.5,100,0,-0.3,2,7381,0.01,0.04,124.9,100,83.7,86.2,29.84,28.07,26.66,26.96
99.88,3017,129.6,100,0,0.5,2,7384,0,0.04,124.9,100,83.7,86.2,29.84,28.07,26.66,26.96
99.92,3019,129.6,100,0,0.2,2,7388,-0.05,0.04,124.8,100,83.7,86.2,29.84,28.06,26.66,26.96
99.96,3020,129.7,100,0,0.5,2,7391,0.01,0.04,124.8,100,83.6,86.1,29.84,28.06,26.66,26.96
100,3021,129.7,100,0,-0.4,2,7394,-0.05,0.04,124.8,100,83.6,86.1,29.84,28.06,26.66,26.96
100.04,3023,129.8,100,0,0.1,2,7397,-0.01,0.04,124.8,100,83.6,86.1,29.84,28.06,26.66,26.96
100.08,3024,129.8,100,0,0.3,2,7401,-0.02,0.04,124.8,99.9,83.6,86.1,29.83,28.06,26.66,26.96
100.12,3026,129.9,100,0,-0.1,2,7404,-0.01,0.04,124.8,99.9,83.6,86.1,29.83,28.06,26.66,26.96
100.16,3027,130,100,0,-0.1,2,7407,0.01,0.04,124.8,99.9,83.6,86.1,29.83,28.06,26.66,26.96
100.2,3029,130,100,0,0.2,2,7411,0,0.04,124.8,99.9,83.6,86.1,29.83,28.06,26.66,26.96
100.24,3030,130.1,100,0,0.3,2,7414,-0.01,0.04,124.7,99.9,83.6,86.1,29.83,28.06,26.65,26.95
100.28,3032,130.1,100,0,0.4,2,7417,-0.03,0.04,124.7,99.9,83.5,86,29.83,28.06,26.65,26.95
100.32,3033,130.2,100,0,-0.4,2,7420,0.01,0.04,124.7,99.9,83.5,86,29.83,28.06,26.65,26.95
100.36,3034,130.2,100,0,0.1,2,7424,-0.02,0.04,124.7,99.9,83.5,86,29.83,28.05,26.65,26.95
100.4,3036,130.3,100,0,0.2,2,7427,0.01,0.04,124.7,99.9,83.5,86,29.83,28.05,26.65,26.95
100.44,3037,130.4,100,0,0.5,2,7430,0,0.04,124.7,99.8,83.5,86,29.83,28.05,26.65,26.95
100.48,3039,130.4,100,0,0,2,7434,0.02,0.04,124.7,99.8,83.5,86,29.83,28.05,26.65,26.95
100.52,3040,130.5,100,0,0.6,2,7437,0,0.04,124.7,99.8,83.5,86,29.82,28.05,26.65,26.95
100.56,3042,130.5,100,0,0,2,7440,0.02,0.04,124.7,99.8,83.5,86,29.82,28.05,26.65,26.95
100.6,3043,130.6,100,0,0.2,2,7443,0.01,0.04,124.6,99.8,83.5,86,29.82,28.05,26.65,26.95
100.64,3045,130.6,100,0,-0.7,2,7447,0.01,0.04,124.6,99.8,83.4,85.9,29.82,28.05,26.65,26.95
100.68,3046,130.7,100,0,-0.4,2,7450,-0.03,0.04,124.6,99.8,83.4,85.9,29.82,28.05,26.64,26.94
100.72,3048,130.8,100,0,0.9,2,7453,0.02,0.04,124.6,99.8,83.4,85.9,29.82,28.05,26.64,26.94
100.76,3049,130.8,100,0,0,2,7457,0,0.04,124.6,99.7,83.4,85.9,29.82,28.05,26.64,26.94
100.8,3050,130.9,100,0,-0.5,2,7460,0.05,0.04,124.6,99.7,83.4,85.9,29.82,28.04,26.64,26.94
100.84,3052,130.9,100,0,0.3,2,7463,-0.01,0.04,124.6,99.7,83.4,85.9,29.82,28.04,26.64,26.94
100.88,3053,131,100,0,0.6,2,7466,0,0.04,124.6,99.7,83.4,85.9,29.82,28.04,26.64,26.94
100.92,3055,131,100,0,-0.2,2,7470,0,0.04,124.5,99.7,83.4,85.9,29.82,28.04,26.64,26.94
100.96,3056,131.1,100,0,-0.1,2,7473,-0.01,0.04,124.5,99.7,83.3,85.8,29.81,28.04,26.64,26.94
101,3058,131.2,100,0,0.8,2,7476,0.04,0.04,124.5,99.7,83.3,85.8,29.81,28.04,26.64,26.94
101.04,3059,131.2,100,0,0.7,2,7480,0.02,0.04,124.5,99.7,83.3,85.8,29.81,28.04,26.64,26.94
101.08,3061,131.3,100,0,-0.4,2,7483,-0.01,0.04,124.5,99.6,83.3,85.8,29.81,28.04,26.64,26.94
101.12,3062,131.3,100,0,0,2,7486,0,0.04,124.5,99.6,83.3,85.8,29.81,28.04,26.63,26.93
101.16,3064,131.4,100,0,-0.3,2,7489,0,0.04,124.5,99.6,83.3,85.8,29.81,28.04,26.63,26.93
101.2,3065,131.5,100,0,0,2,7493,-0.03,0.04,124.5,99.6,83.3,85.8,29.81,28.04,26.63,26.93
101.24,3066,131.5,100,0,0.1,2,7496,0.05,0.04,124.4,99.6,83.3,85.8,29.81,28.04,26.63,26.93
101.28,3068,131.6,100,0,-0.8,2,7499,0.04,0.04,124.4,99.6,83.2,85.7,29.81,28.03,26.63,26.93
101.32,3069,131.6,100,0,-0.1,2,7503,0.01,0.04,124.4,99.6,83.2,85.7,29.81,28.03,26.63,26.93
101.36,3071,131.7,100,0,-0.5,2,7506,-0.02,0.04,124.4,99.6,83.2,85.7,29.81,28.03,26.63,26.93
101.4,3072,131.7,100,0,0.6,2,7509,0.03,0.04,124.4,99.6,83.2,85.7,29.81,28.03,26.63,26.93
101.44,3074,131.8,100,0,0.1,2,7512,-0.01,0.04,124.4,99.5,83.2,85.7,29.8,28.03,26.63,26.93
101.48,3075,131.9,100,0,-0.5,2,7516,-0.04,0.04,124.4,99.5,83.2,85.7,29.8,28.03,26.63,26.93
101.52,3077,131.9,100,0,0,2,7519,0.01,0.04,124.4,99.5,83.2,85.7,29.8,28.03,26.63,26.93
101.56,3078,132,100,0,0.3,2,7522,0.01,0.04,124.4,99.5,83.2,85.7,29.8,28.03,26.62,26.92
101.6,3080,132,100,0,0.2,2,7526,-0.04,0.04,124.3,99.5,83.2,85.7,29.8,28.03,26.62,26.92
101.64,3081,131.9,0,3,1.4,2,7520,0,-1.85,124.4,99.6,83.2,85.7,29.8,28.04,26.62,26.92
101.68,3083,131.8,0,6,0.7,2,7510,0,-1.85,124.4,99.7,83.2,85.7,29.81,28.04,26.62,26.92
101.72,3084,131.5,0,10,-1.5,2,7493,0,-1.85,124.5,99.9,83.2,85.7,29.81,28.05,26.62,26.92
101.76,3085,131,0,14,1.6,2,7469,0,-1.85,124.5,100,83.2,85.7,29.81,28.06,26.62,26.92
101.8,3087,130.5,0,17,1.7,2,7440,0,-1.85,124.5,100.1,83.2,85.7,29.82,28.07,26.62,26.92
101.84,3088,130,0,21,1.2,2,7410,0,-1.85,124.6,100.2,83.2,85.7,29.82,28.08,26.62,26.92
101.88,3090,130,0,25,-0.4,2,7410,0,-1.85,124.6,100.3,83.2,85.7,29.82,28.09,26.62,26.92
101.92,3091,130,0,28,-0.4,2,7410,0,-1.85,124.7,100.5,83.2,85.7,29.82,28.1,26.62,26.92
101.96,3093,130,0,32,0.5,2,7410,0,-1.85,124.7,100.6,83.2,85.7,29.83,28.11,26.62,26.92
102,3094,130,0,35,0.2,2,7410,0,-1.85,124.7,100.7,83.2,85.7,29.83,28.12,26.62,26.92
102.04,3096,130,0,39,0.5,2,7410,0,-1.85,124.8,100.8,83.2,85.7,29.83,28.13,26.62,26.92
102.08,3097,130,0,43,-0.3,2,7410,0,-1.85,124.8,100.9,83.2,85.7,29.84,28.13,26.62,26.92
102.12,3099,130,0,45,0,2,7410,0,-1.85,124.9,101.1,83.2,85.7,29.84,28.14,26.62,26.92
102.16,3100,130,0,45,0.6,2,7410,0,-1.85,124.9,101.2,83.2,85.7,29.84,28.15,26.62,26.92
102.2,3101,130,0,45,-1,2,7410,0,-1.85,124.9,101.3,83.2,85.7,29.85,28.16,26.62,26.92
102.24,3103,130,0,45,0.8,2,7410,0,-1.85,125,101.4,83.2,85.7,29.85,28.17,26.62,26.92
102.28,3104,130,0,45,1.1,2,7410,0,-1.85,125,101.5,83.2,85.7,29.85,28.18,26.62,26.92
102.32,3106,130,0,45,-1.4,2,7410,0,-1.85,125.1,101.7,83.2,85.7,29.85,28.19,26.62,26.92
102.36,3107,130,0,45,-1.4,2,7410,0,-1.85,125.1,101.8,83.2,85.7,29.86,28.2,26.62,26.92
102.4,3109,130,0,45,0,2,7410,0,-1.85,125.1,101.9,83.2,85.7,29.86,28.21,26.62,26.92
102.44,3110,130,0,45,-0.3,2,7410,0,-1.85,125.2,102,83.2,85.7,29.86,28.22,26.62,26.92
102.48,3112,130,0,45,-0.2,2,7410,0,-1.85,125.2,102.1,83.2,85.7,29.87,28.22,26.62,26.92
102.52,3113,130,0,45,-1.2,2,7410,0,-1.85,125.3,102.3,83.2,85.7,29.87,28.23,26.62,26.92
102.56,3114,130,0,45,0,2,7410,0,-1.85,125.3,102.4,83.2,85.7,29.87,28.24,26.62,26.92
102.6,3116,130,0,45,0.6,2,7410,0,-1.85,125.3,102.5,83.2,85.7,29.88,28.25,26.62,26.92
102.64,3117,130,0,45,0.1,2,7410,0,-1.85,125.4,102.6,83.2,85.7,29.88,28.26,26.62,26.92
102.68,3119,130,0,45,0,2,7410,0,-1.85,125.4,102.7,83.2,85.7,29.88,28.27,26.62,26.92
102.72,3120,130,0,45,1.1,2,7410,0,-1.85,125.5,102.9,83.2,85.7,29.88,28.28,26.62,26.92
102.76,3122,130,0,45,-0.3,2,7410,0,-1.85,125.5,103,83.2,85.7,29.89,28.29,26.62,26.92
102.8,3123,130,0,45,1.5,2,7410,0,-1.85,125.5,103.1,83.2,85.7,29.89,28.3,26.62,26.92
102.84,3125,130,0,45,0.3,2,7410,0,-1.85,125.6,103.2,83.2,85.7,29.89,28.31,26.62,26.92
102.88,3126,130,0,45,-0.5,2,7410,0,-1.85,125.6,103.3,83.2,85.7,29.9,28.31,26.62,26.92
102.92,3127,130,0,45,1.8,2,7410,0,-1.85,125.7,103.5,83.2,85.7,29.9,28.32,26.62,26.92
102.96,3129,130,0,45,0.5,2,7410,0,-1.85,125.7,103.6,83.2,85.7,29.9,28.33,26.62,26.92
103,3130,130,0,45,1.2,2,7410,0,-1.85,125.7,103.7,83.2,85.7,29.91,28.34,26.62,26.92
103.04,3132,130,0,45,0.1,2,7410,0,-1.85,125.8,103.8,83.2,85.7,29.91,28.35,26.62,26.92
103.08,3133,130,0,45,1.2,2,7410,0,-1.85,125.8,103.9,83.2,85.7,29.91,28.36,26.62,26.92
103.12,3135,130,0,44,-1.2,2,7410,-0.02,-1.39,125.9,104.1,83.2,85.7,29.91,28.37,26.62,26.92
103.16,3136,130,0,43,-1.7,2,7410,-0.06,-1.36,125.9,104.2,83.2,85.7,29.92,28.38,26.62,26.92
103.2,3138,130,0,42,-3.3,2,7410,-0.1,-1.33,125.9,104.3,83.2,85.7,29.92,28.39,26.62,26.92
103.24,3139,130,0,40,-5.1,2,7410,-0.13,-1.29,126,104.4,83.2,85.7,29.92,28.4,26.62,26.92
103.28,3140,130,0,39,-6.5,2,7410,-0.17,-1.26,126,104.5,83.2,85.7,29.93,28.4,26.62,26.92
103.32,3142,130,0,38,-8.8,2,7410,-0.21,-1.23,126.1,104.7,83.2,85.7,29.93,28.41,26.62,26.92
103.36,3143,130,0,36,-10,2,7410,-0.25,-1.2,126.1,104.8,83.2,85.7,29.93,28.42,26.62,26.92
103.4,3145,130,0,35,-10.4,2,7410,-0.29,-1.17,126.1,104.9,83.2,85.7,29.94,28.43,26.62,26.92
103.44,3146,130,0,34,-13.4,2,7410,-0.33,-1.14,126.2,105,83.2,85.7,29.94,28.44,26.62,26.92
103.48,3148,130,0,33,-13.5,2,7410,-0.37,-1.11,126.2,105.1,83.2,85.7,29.94,28.45,26.62,26.92
103.52,3149,130,0,31,-15.1,2,7410,-0.41,-1.08,126.3,105.3,83.2,85.7,29.94,28.46,26.62,26.92
103.56,3151,130,0,30,-16.4,2,7410,-0.45,-1.05,126.3,105.4,83.2,85.7,29.95,28.47,26.62,26.92
103.6,3152,130,0,29,-18.2,2,7410,-0.49,-1.02,126.3,105.5,83.2,85.7,29.95,28.48,26.62,26.92
103.64,3153,130,0,28,-20.4,2,7410,-0.53,-0.99,126.4,105.6,83.2,85.7,29.95,28.49,26.62,26.92
103.68,3155,130,0,26,-21.4,2,7410,-0.57,-0.96,126.4,105.7,83.2,85.7,29.96,28.49,26.62,26.92
103.72,3156,130,0,25,-22.4,2,7410,-0.61,-0.93,126.5,105.9,83.2,85.7,29.96,28.5,26.62,26.92
103.76,3158,130,0,24,-23,2,7410,-0.65,-0.9,126.5,106,83.2,85.7,29.96,28.51,26.62,26.92
103.8,3159,130,0,23,-24.7,2,7410,-0.69,-0.87,126.5,106.1,83.2,85.7,29.97,28.52,26.62,26.92
103.84,3161,130,0,22,-25.8,2,7410,-0.72,-0.84,126.6,106.2,83.2,85.7,29.97,28.53,26.62,26.92
103.88,3162,130,0,21,-26,2,7410,-0.76,-0.8,126.6,106.3,83.2,85.7,29.97,28.54,26.62,26.92
103.92,3164,130,0,20,-28.2,2,7410,-0.8,-0.77,126.7,106.5,83.2,85.7,29.97,28.55,26.62,26.92
103.96,3165,130,0,19,-30.7,2,7410,-0.84,-0.74,126.7,106.6,83.2,85.7,29.98,28.56,26.62,26.92
104,3166,130,0,17,-31.4,2,7410,-0.88,-0.71,126.7,106.7,83.2,85.7,29.98,28.57,26.62,26.92
104.04,3168,130,0,16,-31.2,2,7410,-0.92,-0.68,126.8,106.8,83.2,85.7,29.98,28.58,26.62,26.92
104.08,3169,130,0,15,-33.6,2,7410,-0.96,-0.65,126.8,106.9,83.2,85.7,29.99,28.58,26.62,26.92
104.12,3171,130,0,14,-34.1,2,7410,-1,-0.62,126.9,107.1,83.2,85.7,29.99,28.59,26.62,26.92
104.16,3172,130,0,13,-34.4,2,7410,-1.04,-0.59,126.9,107.2,83.2,85.7,29.99,28.6,26.62,26.92
104.2,3174,130,0,12,-34.9,2,7410,-1.08,-0.56,126.9,107.3,83.2,85.7,30,28.61,26.62,26.92
104.24,3175,130,0,12,-36.5,2,7410,-1.12,-0.53,127,107.4,83.2,85.7,30,28.62,26.62,26.92
104.28,3177,130,0,11,-38,2,7410,-1.16,-0.5,127,107.5,83.2,85.7,30,28.63,26.62,26.92
104.32,3178,130,0,10,-38.2,2,7410,-1.2,-0.47,127.1,107.7,83.2,85.7,30,28.64,26.62,26.92
104.36,3179,130,0,9,-38.7,2,7410,-1.24,-0.44,127.1,107.8,83.2,85.7,30.01,28.65,26.62,26.92
104.4,3181,130,0,8,-39.4,2,7410,-1.28,-0.41,127.1,107.9,83.2,85.7,30.01,28.66,26.62,26.92
104.44,3182,130,0,7,-39.5,2,7410,-1.31,-0.38,127.2,108,83.2,85.7,30.01,28.67,26.62,26.92
104.48,3184,130,0,6,-39.2,2,7410,-1.35,-0.34,127.2,108.1,83.2,85.7,30.02,28.67,26.62,26.92
104.52,3185,130,0,6,-41.9,2,7410,-1.39,-0.31,127.3,108.3,83.2,85.7,30.02,28.68,26.62,26.92
104.56,3187,130,0,5,-42.1,2,7410,-1.43,-0.28,127.3,108.4,83.2,85.7,30.02,28.69,26.62,26.92
104.6,3188,130,0,4,-42.1,2,7410,-1.47,-0.25,127.3,108.5,83.2,85.7,30.03,28.7,26.62,26.92
104.64,3190,130,0,3,-42.4,2,7410,-1.51,-0.22,127.4,108.6,83.2,85.7,30.03,28.71,26.62,26.92
104.68,3191,130,0,3,-42.4,2,7410,-1.55,-0.19,127.4,108.7,83.2,85.7,30.03,28.72,26.62,26.92
104.72,3192,130,0,2,-43.8,2,7410,-1.59,-0.16,127.5,108.9,83.2,85.7,30.03,28.73,26.62,26.92
104.76,3194,130,0,2,-43.4,2,7410,-1.63,-0.13,127.5,109,83.2,85.7,30.04,28.74,26.62,26.92
104.8,3195,130,0,1,-43.8,2,7410,-1.67,-0.1,127.5,109.1,83.2,85.7,30.04,28.75,26.62,26.92
104.84,3197,130,0,1,-43.9,2,7410,-1.71,-0.07,127.6,109.2,83.2,85.7,30.04,28.76,26.62,26.92
104.88,3198,130,0,0,-44.2,2,7410,-1.75,-0.04,127.6,109.3,83.2,85.7,30.05,28.76,26.62,26.92
104.92,3200,130,0,0,-44.1,2,7410,-1.79,-0.01,127.7,109.5,83.2,85.7,30.05,28.77,26.62,26.92
104.96,3201,130,2,0,-43.6,2,7410,-1.94,0,127.7,109.5,83.2,85.7,30.05,28.77,26.63,26.93
105,3203,130,3,0,-43.2,2,7410,-1.92,0.01,127.7,109.5,83.2,85.7,30.05,28.77,26.63,26.93
105.04,3204,130,5,0,-42.4,2,7411,-1.91,0.02,127.7,109.5,83.3,85.8,30.05,28.77,26.63,26.93
105.08,3205,130,6,0,-42.1,2,7411,-1.89,0.03,127.7,109.5,83.3,85.8,30.05,28.77,26.63,26.93
105.12,3207,130,8,0,-42.1,2,7412,-1.87,0.03,127.7,109.5,83.3,85.8,30.05,28.77,26.64,26.94
105.16,3208,130,9,0,-41.6,2,7412,-1.86,0.04,127.7,109.5,83.4,85.9,30.05,28.77,26.64,26.94
105.2,3210,130,10,0,-41.6,2,7413,-1.84,0.05,127.7,109.5,83.4,85.9,30.05,28.77,26.64,26.94
105.24,3211,130.1,12,0,-39.9,2,7413,-1.83,0.05,127.7,109.5,83.4,85.9,30.05,28.77,26.64,26.94
105.28,3213,130.1,13,0,-40.5,2,7414,-1.81,0.06,127.7,109.5,83.5,86,30.05,28.77,26.65,26.95
105.32,3214,130.1,14,0,-39.5,2,7415,-1.79,0.07,127.7,109.5,83.5,86,30.05,28.77,26.65,26.95
105.36,3216,130.1,15,0,-39,2,7416,-1.78,0.07,127.7,109.5,83.5,86,30.05,28.77,26.65,26.95
105.4,3217,130.1,17,0,-38.7,2,7417,-1.76,0.08,127.7,109.5,83.6,86.1,30.05,28.77,26.66,26.96
105.44,3218,130.1,18,0,-39.2,2,7418,-1.74,0.09,127.7,109.5,83.6,86.1,30.05,28.77,26.66,26.96
105.48,3220,130.2,19,0,-37.7,2,7420,-1.73,0.09,127.7,109.5,83.6,86.1,30.05,28.77,26.66,26.96
105.52,3221,130.2,20,0,-37,2,7421,-1.71,0.1,127.7,109.5,83.7,86.2,30.05,28.77,26.66,26.96
105.56,3223,130.2,21,0,-36.6,2,7422,-1.7,0.11,127.7,109.5,83.7,86.2,30.05,28.77,26.67,26.97
105.6,3224,130.2,22,0,-36.9,2,7424,-1.68,0.11,127.7,109.5,83.7,86.2,30.05,28.77,26.67,26.97
105.64,3226,130.3,24,0,-36.3,2,7425,-1.66,0.12,127.7,109.5,83.8,86.3,30.05,28.77,26.67,26.97
105.68,3227,130.3,25,0,-35,2,7427,-1.65,0.13,127.7,109.5,83.8,86.3,30.05,28.77,26.67,26.97
105.72,3229,130.3,26,0,-35.3,2,7428,-1.63,0.13,127.7,109.5,83.9,86.4,30.05,28.77,26.68,26.98
105.76,3230,130.4,27,0,-34.2,2,7430,-1.62,0.14,127.7,109.5,83.9,86.4,30.05,28.77,26.68,26.98
105.8,3231,130.4,28,0,-34.2,2,7432,-1.6,0.15,127.7,109.5,83.9,86.4,30.05,28.77,26.68,26.98
105.84,3233,130.4,29,0,-33.4,2,7434,-1.58,0.15,127.7,109.5,84,86.5,30.05,28.77,26.68,26.98
105.88,3234,130.4,30,0,-32.7,2,7436,-1.57,0.16,127.7,109.5,84,86.5,30.05,28.77,26.69,26.99
105.92,3236,130.5,31,0,-32.7,2,7438,-1.55,0.17,127.7,109.5,84,86.5,30.05,28.77,26.69,26.99
105.96,3237,130.5,32,0,-31.7,2,7440,-1.54,0.17,127.7,109.5,84.1,86.6,30.05,28.77,26.69,26.99
106,3239,130.6,34,0,-32.5,2,7442,-1.52,0.18,127.7,109.5,84.1,86.6,30.05,28.77,26.69,26.99
106.04,3240,130.6,35,0,-30.7,2,7444,-1.5,0.19,127.7,109.5,84.1,86.6,30.05,28.77,26.7,27
106.08,3242,130.6,36,0,-30.7,2,7446,-1.49,0.19,127.7,109.5,84.2,86.7,30.05,28.77,26.7,27
106.12,3243,130.7,37,0,-30.9,2,7449,-1.47,0.2,127.7,109.5,84.2,86.7,30.05,28.77,26.7,27
106.16,3244,130.7,38,0,-29.1,2,7451,-1.45,0.21,127.7,109.5,84.2,86.7,30.05,28.77,26.71,27.01
106.2,3246,130.8,39,0,-29.9,2,7453,-1.44,0.21,127.7,109.5,84.3,86.8,30.05,28.77,26.71,27.01
106.24,3247,130.8,40,0,-29.7,2,7456,-1.42,0.22,127.7,109.5,84.3,86.8,30.05,28.77,26.71,27.01
106.28,3249,130.9,41,0,-28.4,2,7459,-1.41,0.23,127.7,109.5,84.3,86.8,30.05,28.77,26.71,27.01
106.32,3250,130.9,42,0,-28.6,2,7461,-1.39,0.23,127.7,109.5,84.4,86.9,30.05,28.77,26.72,27.02
106.36,3252,130.9,43,0,-27.5,2,7464,-1.37,0.24,127.7,109.5,84.4,86.9,30.05,28.77,26.72,27.02
106.4,3253,131,44,0,-27.3,2,7467,-1.36,0.25,127.7,109.5,84.4,86.9,30.05,28.77,26.72,27.02
106.44,3255,131,45,0,-26.8,2,7470,-1.34,0.25,127.7,109.5,84.5,87,30.05,28.77,26.72,27.02
106.48,3256,131.1,46,0,-26.4,2,7472,-1.32,0.26,127.7,109.5,84.5,87,30.05,28.77,26.73,27.03
106.52,3258,131.1,47,0,-26,2,7475,-1.31,0.27,127.7,109.5,84.6,87.1,30.05,28.77,26.73,27.03
106.56,3259,131.2,48,0,-25.2,2,7478,-1.29,0.27,127.7,109.5,84.6,87.1,30.05,28.77,26.73,27.03
106.6,3260,131.3,49,0,-25,2,7482,-1.28,0.28,127.7,109.5,84.6,87.1,30.05,28.77,26.73,27.03
106.64,3262,131.3,50,0,-24.3,2,7485,-1.26,0.29,127.7,109.5,84.7,87.2,30.05,28.77,26.74,27.04
106.68,3263,131.4,51,0,-24.4,2,7488,-1.24,0.29,127.7,109.5,84.7,87.2,30.05,28.77,26.74,27.04
106.72,3265,131.4,52,0,-23.4,2,7491,-1.23,0.3,127.7,109.5,84.7,87.2,30.05,28.77,26.74,27.04
106.76,3266,131.5,53,0,-22.9,2,7495,-1.21,0.31,127.7,109.5,84.8,87.3,30.05,28.77,26.74,27.04
106.8,3268,131.5,54,0,-23,2,7498,-1.19,0.31,127.7,109.5,84.8,87.3,30.05,28.77,26.75,27.05
106.84,3269,131.6,55,0,-22.1,2,7501,-1.18,0.32,127.7,109.5,84.8,87.3,30.05,28.77,26.75,27.05
106.88,3271,131.7,56,0,-22.1,2,7505,-1.16,0.33,127.7,109.5,84.9,87.4,30.05,28.77,26.75,27.05
106.92,3272,131.7,57,0,-22.1,2,7509,-1.15,0.34,127.7,109.5,84.9,87.4,30.05,28.77,26.76,27.06
106.96,3274,131.8,58,0,-21.3,2,7512,-1.13,0.34,127.7,109.5,84.9,87.4,30.05,28.77,26.76,27.06
107,3275,131.9,59,0,-20.7,2,7516,-1.11,0.35,127.7,109.5,85,87.5,30.05,28.77,26.76,27.06
107.04,3277,131.9,60,0,-19.7,2,7520,-1.1,0.36,127.7,109.5,85,87.5,30.05,28.77,26.76,27.06
107.08,3278,132,61,0,-19,2,7523,-1.08,0.36,127.7,109.5,85,87.5,30.05,28.77,26.77,27.07
107.12,3280,132.1,62,0,-18.5,2,7527,-1.06,0.37,127.7,109.5,85.1,87.6,30.05,28.77,26.77,27.07
107.16,3281,132.1,63,0,-18.7,2,7531,-1.05,0.38,127.7,109.5,85.1,87.6,30.05,28.77,26.77,27.07
107.2,3282,132.2,64,0,-18.2,2,7535,-1.03,0.38,127.7,109.5,85.1,87.6,30.05,28.77,26.77,27.07
107.24,3284,132.3,65,0,-17.3,2,7539,-1.02,0.39,127.7,109.5,85.2,87.7,30.05,28.77,26.78,27.08
107.28,3285,132.3,66,0,-16.2,2,7543,-1,0.4,127.7,109.5,85.2,87.7,30.05,28.77,26.78,27.08
107.32,3287,132.4,67,0,-16.8,2,7548,-0.98,0.4,127.7,109.5,85.3,87.8,30.05,28.77,26.78,27.08
107.36,3288,132.5,68,0,-16.4,2,7552,-0.97,0.41,127.7,109.5,85.3,87.8,30.05,28.77,26.78,27.08
107.4,3290,132.6,69,0,-15.9,2,7556,-0.95,0.42,127.7,109.5,85.3,87.8,30.05,28.77,26.79,27.09
107.44,3291,132.6,70,0,-15.3,2,7561,-0.93,0.42,127.7,109.5,85.4,87.9,30.05,28.77,26.79,27.09
107.48,3293,132.7,70,0,-14.9,2,7565,-0.92,0.43,127.7,109.5,85.4,87.9,30.05,28.77,26.79,27.09
107.52,3294,132.8,71,0,-14.3,2,7569,-0.9,0.44,127.7,109.5,85.4,87.9,30.05,28.77,26.79,27.09
107.56,3296,132.9,72,0,-13.6,2,7574,-0.88,0.44,127.7,109.5,85.5,88,30.05,28.77,26.8,27.1
107.6,3297,133,73,0,-13.9,2,7578,-0.87,0.45,127.7,109.5,85.5,88,30.05,28.77,26.8,27.1
107.64,3299,133,74,0,-12.2,2,7583,-0.85,0.46,127.7,109.5,85.5,88,30.05,28.77,26.8,27.1
107.68,3300,133.1,75,0,-12,2,7588,-0.83,0.46,127.7,109.5,85.6,88.1,30.05,28.77,26.81,27.11
107.72,3302,133.2,76,0,-11.8,2,7592,-0.82,0.47,127.7,109.5,85.6,88.1,30.05,28.77,26.81,27.11
107.76,3303,133.3,77,0,-11.4,2,7597,-0.8,0.48,127.7,109.5,85.6,88.1,30.05,28.77,26.81,27.11
107.8,3305,133.4,78,0,-10.9,2,7602,-0.78,0.49,127.7,109.5,85.7,88.2,30.05,28.77,26.81,27.11
107.84,3306,133.5,79,0,-10.1,2,7607,-0.77,0.49,127.7,109.5,85.7,88.2,30.05,28.77,26.82,27.12
107.88,3308,133.5,80,0,-10.5,2,7612,-0.75,0.5,127.7,109.5,85.7,88.2,30.05,28.77,26.82,27.12
107.92,3309,133.6,81,0,-9.9,2,7617,-0.74,0.51,127.7,109.5,85.8,88.3,30.05,28.77,26.82,27.12
107.96,3310,133.7,82,0,-9.7,2,7622,-0.72,0.51,127.7,109.5,85.8,88.3,30.05,28.77,26.82,27.12
108,3312,133.8,83,0,-9.2,2,7627,-0.7,0.52,127.7,109.5,85.8,88.3,30.05,28.77,26.83,27.13
108.04,3313,133.9,84,0,-8.5,2,7632,-0.69,0.53,127.7,109.5,85.9,88.4,30.05,28.77,26.83,27.13
108.08,3315,134,85,0,-8,2,7638,-0.67,0.53,127.7,109.5,85.9,88.4,30.05,28.77,26.83,27.13
108.12,3316,134.1,86,0,-7.1,2,7643,-0.65,0.54,127.7,109.5,86,88.5,30.05,28.77,26.83,27.13
108.16,3318,134.2,86,0,-7.1,2,7648,-0.64,0.55,127.7,109.5,86,88.5,30.05,28.77,26.84,27.14
108.2,3319,134.3,87,0,-6.2,2,7654,-0.62,0.55,127.7,109.5,86,88.5,30.05,28.77,26.84,27.14
108.24,3321,134.4,88,0,-5.5,2,7659,-0.6,0.56,127.7,109.5,86.1,88.6,30.05,28.77,26.84,27.14
108.28,3322,134.5,89,0,-5.1,2,7664,-0.59,0.57,127.7,109.5,86.1,88.6,30.05,28.77,26.84,27.14
108.32,3324,134.6,90,0,-5,2,7670,-0.57,0.58,127.7,109.5,86.1,88.6,30.05,28.77,26.85,27.15
108.36,3325,134.7,91,0,-4.1,2,7676,-0.55,0.58,127.7,109.5,86.2,88.7,30.05,28.77,26.85,27.15
108.4,3327,134.8,92,0,-3.9,2,7681,-0.54,0.59,127.7,109.5,86.2,88.7,30.05,28.77,26.85,27.15
108.44,3328,134.9,93,0,-3.8,2,7687,-0.52,0.6,127.7,109.5,86.2,88.7,30.05,28.77,26.85,27.15
108.48,3330,135,94,0,-3.2,2,7693,-0.5,0.6,127.7,109.5,86.3,88.8,30.05,28.77,26.86,27.16
108.52,3331,135.1,95,0,-2.5,3,5943,-0.49,0.61,127.7,109.5,86.3,88.8,30.05,28.77,26.86,27.16
108.56,3333,135.2,96,0,-2.4,3,5947,-0.47,0.62,127.7,109.5,86.3,88.8,30.05,28.77,26.86,27.16
108.6,3334,135.3,97,0,-1.5,3,5952,-0.45,0.62,127.7,109.5,86.4,88.9,30.05,28.77,26.87,27.17
108.64,3336,135.4,98,0,-1.7,3,5956,-0.44,0.63,127.7,109.5,86.4,88.9,30.05,28.77,26.87,27.17
108.68,3337,135.5,98,0,-0.8,3,5961,-0.42,0.64,127.7,109.5,86.4,88.9,30.05,28.77,26.87,27.17
108.72,3339,135.6,99,0,-1,3,5966,-0.4,0.64,127.7,109.5,86.5,89,30.05,28.77,26.87,27.17
108.76,3340,135.6,100,0,0.5,3,5968,0.01,0.04,127.6,109.4,86.5,89,30.05,28.77,26.87,27.17
108.8,3342,135.7,100,0,-0.6,3,5971,0.01,0.04,127.6,109.4,86.5,89,30.05,28.77,26.87,27.17
108.84,3343,135.8,100,0,0.6,3,5973,0,0.04,127.6,109.4,86.4,88.9,30.05,28.77,26.87,27.17
108.88,3345,135.8,100,0,-0.3,3,5976,0,0.04,127.6,109.4,86.4,88.9,30.05,28.77,26.87,27.17
108.92,3346,135.9,100,0,0.3,3,5978,0.01,0.04,127.6,109.4,86.4,88.9,30.05,28.77,26.87,27.17
108.96,3348,135.9,100,0,0.3,3,5981,0,0.04,127.6,109.4,86.4,88.9,30.04,28.77,26.87,27.17
109,3349,136,100,0,0.2,3,5984,0.01,0.04,127.6,109.4,86.4,88.9,30.04,28.77,26.87,27.17
109.04,3351,136,100,0,-0.7,3,5986,0.04,0.04,127.6,109.4,86.4,88.9,30.04,28.77,26.87,27.17
109.08,3352,136.1,100,0,0.5,3,5989,-0.01,0.04,127.6,109.3,86.4,88.9,30.04,28.77,26.87,27.17
109.12,3354,136.2,100,0,-0.5,3,5991,0,0.04,127.5,109.3,86.4,88.9,30.04,28.76,26.86,27.16
109.16,3356,136.2,100,0,0.7,3,5994,0.01,0.04,127.5,109.3,86.3,88.8,30.04,28.76,26.86,27.16
109.2,3357,136.3,100,0,0.1,3,5996,0.01,0.04,127.5,109.3,86.3,88.8,30.04,28.76,26.86,27.16
109.24,3359,136.3,100,0,-0.1,3,5999,-0.03,0.04,127.5,109.3,86.3,88.8,30.04,28.76,26.86,27.16
109.28,3360,136.4,100,0,0.6,3,6001,-0.01,0.04,127.5,109.3,86.3,88.8,30.04,28.76,26.86,27.16
109.32,3362,136.5,100,0,-0.7,3,6004,-0.01,0.04,127.5,109.3,86.3,88.8,30.04,28.76,26.86,27.16
109.36,3363,136.5,100,0,0.2,3,6006,-0.01,0.04,127.5,109.3,86.3,88.8,30.04,28.76,26.86,27.16
109.4,3365,136.6,100,0,-0.7,3,6009,-0.01,0.04,127.5,109.2,86.3,88.8,30.03,28.76,26.86,27.16
109.44,3366,136.6,100,0,-0.4,3,6011,-0.03,0.04,127.4,109.2,86.3,88.8,30.03,28.76,26.86,27.16
109.48,3368,136.7,100,0,0,3,6014,0.02,0.04,127.4,109.2,86.2,88.7,30.03,28.76,26.86,27.16
109.52,3369,136.7,100,0,-0.5,3,6016,0.01,0.04,127.4,109.2,86.2,88.7,30.03,28.76,26.86,27.16
109.56,3371,136.8,100,0,-0.5,3,6019,0.04,0.04,127.4,109.2,86.2,88.7,30.03,28.76,26.85,27.15
109.6,3372,136.9,100,0,-0.1,3,6022,-0.03,0.04,127.4,109.2,86.2,88.7,30.03,28.75,26.85,27.15
109.64,3374,136.9,100,0,0.5,3,6024,0,0.04,127.4,109.2,86.2,88.7,30.03,28.75,26.85,27.15
109.68,3375,137,100,0,0.1,3,6027,-0.01,0.04,127.4,109.2,86.2,88.7,30.03,28.75,26.85,27.15
109.72,3377,137,100,0,0,3,6029,0,0.04,127.4,109.2,86.2,88.7,30.03,28.75,26.85,27.15
109.76,3378,137.1,100,0,0.3,3,6032,-0.02,0.04,127.3,109.1,86.2,88.7,30.03,28.75,26.85,27.15
109.8,3380,137.1,100,0,0.2,3,6034,-0.01,0.04,127.3,109.1,86.2,88.7,30.03,28.75,26.85,27.15
109.84,3381,137.2,100,0,-0.2,3,6037,0.02,0.04,127.3,109.1,86.1,88.6,30.02,28.75,26.85,27.15
109.88,3383,137.3,100,0,0.3,3,6039,0,0.04,127.3,109.1,86.1,88.6,30.02,28.75,26.85,27.15
109.92,3384,137.3,100,0,0,3,6042,0.01,0.04,127.3,109.1,86.1,88.6,30.02,28.75,26.85,27.15
109.96,3386,137.4,100,0,-0.4,3,6044,-0.03,0.04,127.3,109.1,86.1,88.6,30.02,28.75,26.85,27.15
110,3387,137.4,100,0,0.2,3,6047,0.02,0.04,127.3,109.1,86.1,88.6,30.02,28.75,26.84,27.14
110.04,3389,137.5,100,0,-0.5,3,6049,0.03,0.04,127.3,109.1,86.1,88.6,30.02,28.74,26.84,27.14
110.08,3390,137.5,100,0,0.1,3,6052,0,0.04,127.3,109,86.1,88.6,30.02,28.74,26.84,27.14
110.12,3392,137.6,100,0,0.1,3,6054,-0.02,0.04,127.2,109,86.1,88.6,30.02,28.74,26.84,27.14
110.16,3394,137.7,100,0,-0.3,3,6057,0.01,0.04,127.2,109,86,88.5,30.02,28.74,26.84,27.14
110.2,3395,137.7,100,0,0.4,3,6060,0.01,0.04,127.2,109,86,88.5,30.02,28.74,26.84,27.14
110.24,3397,137.8,100,0,-0.1,3,6062,0,0.04,127.2,109,86,88.5,30.02,28.74,26.84,27.14
110.28,3398,137.8,100,0,-0.3,3,6065,0.01,0.04,127.2,109,86,88.5,30.01,28.74,26.84,27.14
110.32,3400,137.9,100,0,-0.1,3,6067,-0.02,0.04,127.2,109,86,88.5,30.01,28.74,26.84,27.14
110.36,3401,137.9,100,0,-0.4,3,6070,0.01,0.04,127.2,109,86,88.5,30.01,28.74,26.84,27.14
110.4,3403,138,100,0,-0.1,3,6072,0.01,0.04,127.2,108.9,86,88.5,30.01,28.74,26.84,27.14
110.44,3404,138.1,100,0,0.2,3,6075,0.03,0.04,127.1,108.9,86,88.5,30.01,28.74,26.83,27.13
110.48,3406,138.1,100,0,0.3,3,6077,0.05,0.04,127.1,108.9,85.9,88.4,30.01,28.73,26.83,27.13
110.52,3407,138.2,100,0,0.3,3,6080,0.01,0.04,127.1,108.9,85.9,88.4,30.01,28.73,26.83,27.13
110.56,3409,138.2,100,0,0.2,3,6082,0.02,0.04,127.1,108.9,85.9,88.4,30.01,28.73,26.83,27.13
110.6,3410,138.3,100,0,0.1,3,6085,-0.01,0.04,127.1,108.9,85.9,88.4,30.01,28.73,26.83,27.13
110.64,3412,138.4,100,0,-0.2,3,6087,-0.03,0.04,127.1,108.9,85.9,88.4,30.01,28.73,26.83,27.13
110.68,3413,138.4,100,0,0.3,3,6090,0,0.04,127.1,108.9,85.9,88.4,30.01,28.73,26.83,27.13
110.72,3415,138.5,100,0,0.5,3,6093,0.04,0.04,127.1,108.9,85.9,88.4,30,28.73,26.83,27.13
110.76,3417,138.5,100,0,0,3,6095,-0.01,0.04,127,108.8,85.9,88.4,30,28.73,26.83,27.13
110.8,3418,138.6,100,0,0.1,3,6098,0.03,0.04,127,108.8,85.9,88.4,30,28.73,26.83,27.13
110.84,3420,138.6,100,0,-0.2,3,6100,0,0.04,127,108.8,85.8,88.3,30,28.73,26.83,27.13
110.88,3421,138.7,100,0,0.9,3,6103,0.02,0.04,127,108.8,85.8,88.3,30,28.73,26.82,27.12
110.92,3423,138.8,100,0,-0.3,3,6105,-0.02,0.04,127,108.8,85.8,88.3,30,28.72,26.82,27.12
110.96,3424,138.8,100,0,-0.1,3,6108,-0.02,0.04,127,108.8,85.8,88.3,30,28.72,26.82,27.12
111,3426,138.9,100,0,0.3,3,6110,0,0.04,127,108.8,85.8,88.3,30,28.72,26.82,27.12
111.04,3427,138.9,100,0,0.1,3,6113,0,0.04,127,108.8,85.8,88.3,30,28.72,26.82,27.12
111.08,3429,139,100,0,-0.2,3,6115,-0.03,0.04,127,108.7,85.8,88.3,30,28.72,26.82,27.12
111.12,3430,139,100,0,-0.3,3,6118,0.01,0.04,126.9,108.7,85.8,88.3,30,28.72,26.82,27.12
111.16,3432,139.1,100,0,0.1,3,6120,0,0.04,126.9,108.7,85.7,88.2,29.99,28.72,26.82,27.12
111.2,3434,139.2,100,0,0,3,6123,0,0.04,126.9,108.7,85.7,88.2,29.99,28.72,26.82,27.12
111.24,3435,139.2,100,0,0,3,6125,0.01,0.04,126.9,108.7,85.7,88.2,29.99,28.72,26.82,27.12
111.28,3437,139.3,100,0,0.3,3,6128,-0.01,0.04,126.9,108.7,85.7,88.2,29.99,28.72,26.82,27.12
111.32,3438,139.3,100,0,-0.1,3,6131,-0.03,0.04,126.9,108.7,85.7,88.2,29.99,28.72,26.81,27.11
111.36,3440,139.4,100,0,0.4,3,6133,-0.03,0.04,126.9,108.7,85.7,88.2,29.99,28.71,26.81,27.11
111.4,3441,139.4,100,0,0.6,3,6136,0.03,0.04,126.9,108.6,85.7,88.2,29.99,28.71,26.81,27.11
111.44,3443,139.5,100,0,-0.3,3,6138,0,0.04,126.8,108.6,85.7,88.2,29.99,28.71,26.81,27.11
111.48,3444,139.6,100,0,-0.4,3,6141,-0.02,0.04,126.8,108.6,85.6,88.1,29.99,28.71,26.81,27.11
111.52,3446,139.6,100,0,-0.3,3,6143,-0.02,0.04,126.8,108.6,85.6,88.1,29.99,28.71,26.81,27.11
111.56,3447,139.7,100,0,-0.1,3,6146,-0.02,0.04,126.8,108.6,85.6,88.1,29.99,28.71,26.81,27.11
111.6,3449,139.7,100,0,-0.2,3,6148,-0.03,0.04,126.8,108.6,85.6,88.1,29.98,28.71,26.81,27.11
111.64,3451,139.8,100,0,-0.1,3,6151,0.02,0.04,126.8,108.6,85.6,88.1,29.98,28.71,26.81,27.11
111.68,3452,139.8,100,0,-0.1,3,6153,0.02,0.04,126.8,108.6,85.6,88.1,29.98,28.71,26.81,27.11
111.72,3454,139.9,100,0,0.2,3,6156,0.04,0.04,126.8,108.6,85.6,88.1,29.98,28.71,26.81,27.11
111.76,3455,140,100,0,-0.4,3,6158,0,0.04,126.7,108.5,85.6,88.1,29.98,28.71,26.8,27.1
111.8,3457,140,100,0,-0.1,3,6161,0.03,0.04,126.7,108.5,85.6,88.1,29.98,28.7,26.8,27.1
111.84,3458,140.1,100,0,-0.4,3,6163,-0.01,0.04,126.7,108.5,85.5,88,29.98,28.7,26.8,27.1
111.88,3460,140.1,100,0,-0.4,3,6166,0.01,0.04,126.7,108.5,85.5,88,29.98,28.7,26.8,27.1
111.92,3461,140.2,100,0,-0.6,3,6169,-0.02,0.04,126.7,108.5,85.5,88,29.98,28.7,26.8,27.1
111.96,3463,140.3,100,0,0,3,6171,0.03,0.04,126.7,108.5,85.5,88,29.98,28.7,26.8,27.1
112,3465,140.3,100,0,-0.1,3,6174,0,0.04,126.7,108.5,85.5,88,29.98,28.7,26.8,27.1
112.04,3466,140.4,100,0,0,3,6176,0.05,0.04,126.7,108.5,85.5,88,29.97,28.7,26.8,27.1
112.08,3468,140.4,100,0,0,3,6179,0,0.04,126.7,108.4,85.5,88,29.97,28.7,26.8,27.1
112.12,3469,140.5,100,0,0.1,3,6181,-0.02,0.04,126.6,108.4,85.5,88,29.97,28.7,26.8,27.1
112.16,3471,140.5,100,0,-0.1,3,6184,0.04,0.04,126.6,108.4,85.4,87.9,29.97,28.7,26.8,27.1
112.2,3472,140.6,100,0,-0.5,3,6186,0,0.04,126.6,108.4,85.4,87.9,29.97,28.7,26.79,27.09
112.24,3474,140.7,100,0,-0.3,3,6189,-0.01,0.04,126.6,108.4,85.4,87.9,29.97,28.69,26.79,27.09
112.28,3475,140.7,100,0,-0.5,3,6191,0.04,0.04,126.6,108.4,85.4,87.9,29.97,28.69,26.79,27.09
112.32,3477,140.8,100,0,-0.1,3,6194,-0.02,0.04,126.6,108.4,85.4,87.9,29.97,28.69,26.79,27.09
112.36,3479,140.8,100,0,-0.3,3,6196,0.03,0.04,126.6,108.4,85.4,87.9,29.97,28.69,26.79,27.09
112.4,3480,140.9,100,0,0.1,3,6199,0,0.04,126.6,108.3,85.4,87.9,29.97,28.69,26.79,27.09
112.44,3482,140.9,100,0,0,3,6201,0.02,0.04,126.5,108.3,85.4,87.9,29.97,28.69,26.79,27.09
112.48,3483,141,100,0,-0.7,3,6204,0,0.04,126.5,108.3,85.3,87.8,29.96,28.69,26.79,27.09
112.52,3485,141.1,100,0,-0.1,3,6207,0,0.04,126.5,108.3,85.3,87.8,29.96,28.69,26.79,27.09
112.56,3486,141.1,100,0,1.1,3,6209,0.01,0.04,126.5,108.3,85.3,87.8,29.96,28.69,26.79,27.09
112.6,3488,141.2,100,0,0.3,3,6212,0.01,0.04,126.5,108.3,85.3,87.8,29.96,28.69,26.79,27.09
112.64,3490,141.2,100,0,-0.4,3,6214,0.02,0.04,126.5,108.3,85.3,87.8,29.96,28.69,26.79,27.09
112.68,3491,141.3,100,0,-0.3,3,6217,-0.01,0.04,126.5,108.3,85.3,87.8,29.96,28.68,26.78,27.08
112.72,3493,141.3,100,0,0,3,6219,-0.02,0.04,126.5,108.3,85.3,87.8,29.96,28.68,26.78,27.08
112.76,3494,141.4,100,0,0,3,6222,0.02,0.04,126.4,108.2,85.3,87.8,29.96,28.68,26.78,27.08
112.8,3496,141.5,100,0,0.6,3,6224,-0.02,0.04,126.4,108.2,85.3,87.8,29.96,28.68,26.78,27.08
112.84,3497,141.5,100,0,0.1,3,6227,0.02,0.04,126.4,108.2,85.2,87.7,29.96,28.68,26.78,27.08
112.88,3499,141.6,100,0,0.3,3,6229,-0.04,0.04,126.4,108.2,85.2,87.7,29.96,28.68,26.78,27.08
112.92,3501,141.6,100,0,0.3,3,6232,0.01,0.04,126.4,108.2,85.2,87.7,29.96,28.68,26.78,27.08
112.96,3502,141.7,100,0,0.2,3,6234,0.04,0.04,126.4,108.2,85.2,87.7,29.95,28.68,26.78,27.08
113,3504,141.7,100,0,0.5,3,6237,-0.03,0.04,126.4,108.2,85.2,87.7,29.95,28.68,26.78,27.08
113.04,3505,141.8,100,0,-0.2,3,6240,-0.05,0.04,126.4,108.2,85.2,87.7,29.95,28.68,26.78,27.08
113.08,3507,141.9,100,0,0.2,3,6242,-0.01,0.04,126.4,108.1,85.2,87.7,29.95,28.68,26.78,27.08
113.12,3508,141.9,100,0,0.7,3,6245,-0.02,0.04,126.3,108.1,85.2,87.7,29.95,28.67,26.77,27.07
113.16,3510,142,100,0,0.2,3,6247,0.01,0.04,126.3,108.1,85.1,87.6,29.95,28.67,26.77,27.07
113.2,3512,142,100,0,-0.3,3,6250,-0.03,0.04,126.3,108.1,85.1,87.6,29.95,28.67,26.77,27.07
113.24,3513,142.1,100,0,-0.1,3,6252,0,0.04,126.3,108.1,85.1,87.6,29.95,28.67,26.77,27.07
113.28,3515,142.2,100,0,0.5,3,6255,-0.02,0.04,126.3,108.1,85.1,87.6,29.95,28.67,26.77,27.07
113.32,3516,142.2,100,0,0.2,3,6257,0.03,0.04,126.3,108.1,85.1,87.6,29.95,28.67,26.77,27.07
113.36,3518,142.3,100,0,-0.1,3,6260,0.02,0.04,126.3,108.1,85.1,87.6,29.95,28.67,26.77,27.07
113.4,3520,142.3,100,0,-0.5,3,6262,-0.05,0.04,126.3,108,85.1,87.6,29.94,28.67,26.77,27.07
113.44,3521,142.4,100,0,0.5,3,6265,0.01,0.04,126.2,108,85.1,87.6,29.94,28.67,26.77,27.07
113.48,3523,142.4,100,0,-0.7,3,6267,-0.02,0.04,126.2,108,85,87.5,29.94,28.67,26.77,27.07
113.52,3524,142.5,100,0,0.3,3,6270,0,0.04,126.2,108,85,87.5,29.94,28.67,26.77,27.07
113.56,3526,142.6,100,0,-0.6,3,6272,0,0.04,126.2,108,85,87.5,29.94,28.67,26.76,27.06
113.6,3527,142.6,100,0,-0.2,3,6275,-0.02,0.04,126.2,108,85,87.5,29.94,28.66,26.76,27.06
113.64,3529,142.7,100,0,0.2,3,6278,-0.02,0.04,126.2,108,85,87.5,29.94,28.66,26.76,27.06
113.68,3531,142.7,100,0,-0.1,3,6280,-0.01,0.04,126.2,108,85,87.5,29.94,28.66,26.76,27.06
113.72,3532,142.8,100,0,0.1,3,6283,0.02,0.04,126.2,108,85,87.5,29.94,28.66,26.76,27.06
113.76,3534,142.8,100,0,0.1,3,6285,0.03,0.04,126.1,107.9,85,87.5,29.94,28.66,26.76,27.06
113.8,3535,142.9,100,0,0,3,6288,0.02,0.04,126.1,107.9,85,87.5,29.94,28.66,26.76,27.06
113.84,3537,143,100,0,-0.2,3,6290,-0.02,0.04,126.1,107.9,84.9,87.4,29.93,28.66,26.76,27.06
113.88,3539,143,100,0,0.4,3,6293,0.04,0.04,126.1,107.9,84.9,87.4,29.93,28.66,26.76,27.06
113.92,3540,143.1,100,0,0.4,3,6295,0.01,0.04,126.1,107.9,84.9,87.4,29.93,28.66,26.76,27.06
113.96,3542,143.1,100,0,0.3,3,6298,0,0.04,126.1,107.9,84.9,87.4,29.93,28.66,26.76,27.06
114,3543,143.2,100,0,-0.1,3,6300,0,0.04,126.1,107.9,84.9,87.4,29.93,28.66,26.75,27.05
114.04,3545,143.2,100,0,0,3,6303,-0.01,0.04,126.1,107.9,84.9,87.4,29.93,28.65,26.75,27.05
114.08,3546,143.3,100,0,0.1,3,6305,0.02,0.04,126.1,107.8,84.9,87.4,29.93,28.65,26.75,27.05
114.12,3548,143.4,100,0,0.3,3,6308,0.01,0.04,126,107.8,84.9,87.4,29.93,28.65,26.75,27.05
114.16,3550,143.4,100,0,0,3,6310,-0.01,0.04,126,107.8,84.8,87.3,29.93,28.65,26.75,27.05
114.2,3551,143.5,100,0,-0.4,3,6313,-0.01,0.04,126,107.8,84.8,87.3,29.93,28.65,26.75,27.05
114.24,3553,143.5,100,0,-0.2,3,6316,-0.01,0.04,126,107.8,84.8,87.3,29.93,28.65,26.75,27.05
114.28,3554,143.6,100,0,0,3,6318,0.01,0.04,126,107.8,84.8,87.3,29.92,28.65,26.75,27.05
114.32,3556,143.7,100,0,0.3,3,6321,-0.05,0.04,126,107.8,84.8,87.3,29.92,28.65,26.75,27.05
114.36,3558,143.7,100,0,-0.9,3,6323,0.02,0.04,126,107.8,84.8,87.3,29.92,28.65,26.75,27.05
114.4,3559,143.8,100,0,-0.6,3,6326,0.04,0.04,126,107.7,84.8,87.3,29.92,28.65,26.75,27.05
114.44,3561,143.8,100,0,0.2,3,6328,-0.02,0.04,125.9,107.7,84.8,87.3,29.92,28.65,26.74,27.04
114.48,3562,143.9,100,0,0.3,3,6331,0.03,0.04,125.9,107.7,84.7,87.2,29.92,28.64,26.74,27.04
114.52,3564,143.9,100,0,0,3,6333,0.04,0.04,125.9,107.7,84.7,87.2,29.92,28.64,26.74,27.04
114.56,3566,144,100,0,0,3,6336,-0.01,0.04,125.9,107.7,84.7,87.2,29.92,28.64,26.74,27.04
114.6,3567,144.1,100,0,0.1,3,6338,0.03,0.04,125.9,107.7,84.7,87.2,29.92,28.64,26.74,27.04
114.64,3569,144.1,100,0,-0.4,3,6341,0,0.04,125.9,107.7,84.7,87.2,29.92,28.64,26.74,27.04
114.68,3570,144.2,100,0,0.4,3,6343,0,0.04,125.9,107.7,84.7,87.2,29.92,28.64,26.74,27.04
114.72,3572,144.2,100,0,-0.4,3,6346,-0.02,0.04,125.9,107.7,84.7,87.2,29.91,28.64,26.74,27.04
114.76,3574,144.3,100,0,0.6,3,6348,0,0.04,125.8,107.6,84.7,87.2,29.91,28.64,26.74,27.04
114.8,3575,144.3,100,0,0.4,3,6351,0.01,0.04,125.8,107.6,84.7,87.2,29.91,28.64,26.74,27.04
114.84,3577,144.4,100,0,0.1,3,6354,0.02,0.04,125.8,107.6,84.6,87.1,29.91,28.64,26.74,27.04
114.88,3578,144.5,100,0,-0.3,3,6356,0.01,0.04,125.8,107.6,84.6,87.1,29.91,28.64,26.73,27.03
114.92,3580,144.5,100,0,0.2,3,6359,-0.03,0.04,125.8,107.6,84.6,87.1,29.91,28.63,26.73,27.03
114.96,3582,144.6,100,0,0.9,3,6361,0.01,0.04,125.8,107.6,84.6,87.1,29.91,28.63,26.73,27.03
115,3583,144.6,100,0,0.9,3,6364,-0.01,0.04,125.8,107.6,84.6,87.1,29.91,28.63,26.73,27.03
115.04,3585,144.7,100,0,0.3,3,6366,0.02,0.04,125.8,107.6,84.6,87.1,29.91,28.63,26.73,27.03
115.08,3586,144.7,100,0,0.5,3,6369,0.03,0.04,125.8,107.5,84.6,87.1,29.91,28.63,26.73,27.03
115.12,3588,144.8,100,0,-1,3,6371,0.02,0.04,125.7,107.5,84.6,87.1,29.91,28.63,26.73,27.03
115.16,3590,144.9,100,0,-0.2,3,6374,0,0.04,125.7,107.5,84.5,87,29.9,28.63,26.73,27.03
115.2,3591,144.9,100,0,0.7,3,6376,-0.02,0.04,125.7,107.5,84.5,87,29.9,28.63,26.73,27.03
115.24,3593,145,100,0,0.5,3,6379,-0.04,0.04,125.7,107.5,84.5,87,29.9,28.63,26.73,27.03
115.28,3595,145,100,0,-0.5,3,6381,0,0.04,125.7,107.5,84.5,87,29.9,28.63,26.73,27.03
115.32,3596,145.1,100,0,0.5,3,6384,0.01,0.04,125.7,107.5,84.5,87,29.9,28.63,26.72,27.02
115.36,3598,145.1,100,0,0.2,3,6386,0,0.04,125.7,107.5,84.5,87,29.9,28.62,26.72,27.02
115.4,3599,145.2,100,0,0.2,3,6389,0.02,0.04,125.7,107.4,84.5,87,29.9,28.62,26.72,27.02
115.44,3601,145.3,100,0,0.4,3,6392,0.01,0.04,125.6,107.4,84.5,87,29.9,28.62,26.72,27.02
115.48,3603,145.3,100,0,-0.4,3,6394,0,0.04,125.6,107.4,84.4,86.9,29.9,28.62,26.72,27.02
115.52,3604,145.4,100,0,0.3,3,6397,0.01,0.04,125.6,107.4,84.4,86.9,29.9,28.62,26.72,27.02
115.56,3606,145.4,100,0,-0.2,3,6399,0.01,0.04,125.6,107.4,84.4,86.9,29.9,28.62,26.72,27.02
115.6,3607,145.5,100,0,0,3,6402,0.01,0.04,125.6,107.4,84.4,86.9,29.89,28.62,26.72,27.02
115.64,3609,145.6,100,0,-0.3,3,6404,-0.02,0.04,125.6,107.4,84.4,86.9,29.89,28.62,26.72,27.02
115.68,3611,145.6,100,0,0.1,3,6407,-0.02,0.04,125.6,107.4,84.4,86.9,29.89,28.62,26.72,27.02
115.72,3612,145.7,100,0,0.1,3,6409,-0.04,0.04,125.6,107.4,84.4,86.9,29.89,28.62,26.72,27.02
115.76,3614,145.7,100,0,-0.2,3,6412,0.01,0.04,125.5,107.3,84.4,86.9,29.89,28.62,26.71,27.01
115.8,3616,145.8,100,0,0.1,3,6414,0,0.04,125.5,107.3,84.4,86.9,29.89,28.61,26.71,27.01
115.84,3617,145.8,100,0,-0.1,3,6417,-0.01,0.04,125.5,107.3,84.3,86.8,29.89,28.61,26.71,27.01
115.88,3619,145.9,100,0,0.3,3,6419,0,0.04,125.5,107.3,84.3,86.8,29.89,28.61,26.71,27.01
115.92,3620,146,100,0,-0.7,3,6422,0.01,0.04,125.5,107.3,84.3,86.8,29.89,28.61,26.71,27.01
115.96,3622,146,100,0,0.5,3,6425,0.01,0.04,125.5,107.3,84.3,86.8,29.89,28.61,26.71,27.01
116,3624,146.1,100,0,0.4,3,6427,-0.01,0.04,125.5,107.3,84.3,86.8,29.89,28.61,26.71,27.01
116.04,3625,146.1,100,0,0.3,3,6430,-0.03,0.04,125.5,107.3,84.3,86.8,29.88,28.61,26.71,27.01
116.08,3627,146.2,100,0,-0.6,3,6432,0,0.04,125.5,107.2,84.3,86.8,29.88,28.61,26.71,27.01
116.12,3629,146.2,100,0,-0.2,3,6435,0,0.04,125.4,107.2,84.3,86.8,29.88,28.61,26.71,27.01
116.16,3630,146.3,100,0,0.2,3,6437,0,0.04,125.4,107.2,84.2,86.7,29.88,28.61,26.71,27.01
116.2,3632,146.4,100,0,0.5,3,6440,0.01,0.04,125.4,107.2,84.2,86.7,29.88,28.61,26.7,27
116.24,3633,146.4,100,0,0.5,3,6442,0.02,0.04,125.4,107.2,84.2,86.7,29.88,28.6,26.7,27
116.28,3635,146.5,100,0,0.6,3,6445,0.03,0.04,125.4,107.2,84.2,86.7,29.88,28.6,26.7,27
116.32,3637,146.5,100,0,-0.5,3,6447,0.01,0.04,125.4,107.2,84.2,86.7,29.88,28.6,26.7,27
116.36,3638,146.6,100,0,-0.4,3,6450,0.03,0.04,125.4,107.2,84.2,86.7,29.88,28.6,26.7,27
116.4,3640,146.6,100,0,0.1,3,6452,-0.02,0.04,125.4,107.1,84.2,86.7,29.88,28.6,26.7,27
116.44,3642,146.7,100,0,-0.5,3,6455,-0.02,0.04,125.3,107.1,84.2,86.7,29.88,28.6,26.7,27
116.48,3643,146.8,100,0,0.4,3,6457,-0.03,0.04,125.3,107.1,84.1,86.6,29.87,28.6,26.7,27
116.52,3645,146.8,100,0,0.3,3,6460,-0.03,0.04,125.3,107.1,84.1,86.6,29.87,28.6,26.7,27
116.56,3646,146.9,100,0,0.1,3,6463,-0.03,0.04,125.3,107.1,84.1,86.6,29.87,28.6,26.7,27
116.6,3648,146.9,100,0,-0.4,3,6465,-0.01,0.04,125.3,107.1,84.1,86.6,29.87,28.6,26.7,27
116.64,3650,147,100,0,0.5,3,6468,0,0.04,125.3,107.1,84.1,86.6,29.87,28.6,26.7,27
116.68,3651,147,100,0,0.3,3,6470,0,0.04,125.3,107.1,84.1,86.6,29.87,28.59,26.69,26.99
116.72,3653,147.1,100,0,-0.4,3,6473,-0.04,0.04,125.3,107.1,84.1,86.6,29.87,28.59,26.69,26.99
116.76,3655,147.2,100,0,-0.4,3,6475,0.01,0.04,125.2,107,84.1,86.6,29.87,28.59,26.69,26.99
116.8,3656,147.2,100,0,0.3,3,6478,-0.02,0.04,125.2,107,84.1,86.6,29.87,28.59,26.69,26.99
116.84,3658,147.3,100,0,0.8,3,6480,0,0.04,125.2,107,84,86.5,29.87,28.59,26.69,26.99
116.88,3659,147.3,100,0,-0.2,3,6483,-0.01,0.04,125.2,107,84,86.5,29.87,28.59,26.69,26.99
116.92,3661,147.2,0,4,1.2,3,6478,0,-1.85,125.3,107,84,86.5,29.87,28.59,26.69,26.99
116.96,3663,146.9,0,9,-0.8,3,6466,0,-1.85,125.5,107.1,84,86.5,29.88,28.6,26.69,26.99
117,3664,146.5,0,15,0.3,3,6446,0,-1.85,125.6,107.1,84,86.5,29.89,28.6,26.69,26.99
117.04,3666,145.9,0,21,1.1,3,6418,0,-1.85,125.7,107.2,84,86.5,29.9,28.6,26.69,26.99
117.08,3668,145.1,0,26,-0.9,3,6384,0,-1.85,125.8,107.2,84,86.5,29.91,28.61,26.69,26.99
117.12,3669,144.1,0,32,-0.1,3,6342,0,-1.85,125.9,107.2,84,86.5,29.92,28.61,26.69,26.99
117.16,3671,143,0,37,-0.5,3,6293,0,-1.85,126.1,107.3,84,86.5,29.93,28.61,26.69,26.99
117.2,3672,141.7,0,43,0.4,3,6236,0,-1.85,126.2,107.3,84,86.5,29.94,28.61,26.69,26.99
117.24,3674,140.3,0,48,0.6,3,6173,0,-1.85,126.3,107.4,84,86.5,29.95,28.62,26.69,26.99
117.28,3676,138.7,0,53,-0.2,3,6103,0,-1.85,126.4,107.4,84,86.5,29.96,28.62,26.69,26.99
117.32,3677,136.9,0,59,0.4,3,6025,0,-1.85,126.5,107.4,84,86.5,29.96,28.62,26.69,26.99
117.36,3679,135,0,64,-0.5,3,5940,0,-1.85,126.7,107.5,84,86.5,29.97,28.63,26.69,26.99
117.4,3680,132.9,0,69,-0.8,2,7577,0,-1.85,126.8,107.5,84,86.5,29.98,28.63,26.69,26.99
117.44,3682,130.8,0,72,-0.3,2,7454,0,-1.85,126.9,107.6,84,86.5,29.99,28.63,26.69,26.99
117.48,3683,128.6,0,72,0.8,2,7331,0,-1.85,127,107.6,84,86.5,30,28.64,26.69,26.99
117.52,3684,126.5,0,72,-0.6,2,7208,0,-1.85,127.1,107.6,84,86.5,30.01,28.64,26.69,26.99
117.56,3686,124.3,0,72,0,2,7085,0,-1.85,127.3,107.7,84,86.5,30.02,28.64,26.69,26.99
117.6,3687,122.1,0,72,0,2,6962,0,-1.85,127.4,107.7,84,86.5,30.03,28.64,26.69,26.99
117.64,3689,122,0,72,-1,2,6954,0,-1.85,127.5,107.8,84,86.5,30.04,28.65,26.69,26.99
117.68,3690,122,0,72,-0.2,2,6954,0,-1.85,127.6,107.8,84,86.5,30.05,28.65,26.69,26.99
117.72,3691,122,0,72,0.2,2,6954,0,-1.85,127.7,107.8,84,86.5,30.05,28.65,26.69,26.99
117.76,3693,122,0,72,2.3,2,6954,0,-1.85,127.9,107.9,84,86.5,30.06,28.66,26.69,26.99
117.8,3694,122,0,72,-1,2,6954,0,-1.85,128,107.9,84,86.5,30.07,28.66,26.69,26.99
117.84,3695,122,0,72,-1.9,2,6954,0,-1.85,128.1,108,84,86.5,30.08,28.66,26.69,26.99
117.88,3697,122,0,72,0.5,2,6954,0,-1.85,128.2,108,84,86.5,30.09,28.67,26.69,26.99
117.92,3698,122,0,72,0.2,2,6954,0,-1.85,128.3,108,84,86.5,30.1,28.67,26.69,26.99
117.96,3699,122,0,72,-0.4,2,6954,0,-1.85,128.5,108.1,84,86.5,30.11,28.67,26.69,26.99
118,3701,122,0,72,-0.4,2,6954,0,-1.85,128.6,108.1,84,86.5,30.12,28.67,26.69,26.99
118.04,3702,122,0,72,-0.2,2,6954,0,-1.85,128.7,108.2,84,86.5,30.13,28.68,26.69,26.99
118.08,3704,122,0,72,-1.6,2,6954,0,-1.85,128.8,108.2,84,86.5,30.14,28.68,26.69,26.99
118.12,3705,122,0,72,1.4,2,6954,0,-1.85,128.9,108.2,84,86.5,30.14,28.68,26.69,26.99
118.16,3706,122,0,72,-1.2,2,6954,0,-1.85,129.1,108.3,84,86.5,30.15,28.69,26.69,26.99
118.2,3708,122,0,72,0.4,2,6954,0,-1.85,129.2,108.3,84,86.5,30.16,28.69,26.69,26.99
118.24,3709,122,0,72,-0.1,2,6954,0,-1.85,129.3,108.4,84,86.5,30.17,28.69,26.69,26.99
118.28,3710,122,0,72,-1.2,2,6954,0,-1.85,129.4,108.4,84,86.5,30.18,28.7,26.69,26.99
118.32,3712,122,0,72,0.2,2,6954,0,-1.85,129.5,108.4,84,86.5,30.19,28.7,26.69,26.99
118.36,3713,122,0,72,0.9,2,6954,0,-1.85,129.7,108.5,84,86.5,30.2,28.7,26.69,26.99
118.4,3714,122,0,72,0.3,2,6954,0,-1.85,129.8,108.5,84,86.5,30.21,28.7,26.69,26.99
118.44,3716,122,0,72,-1.3,2,6954,0,-1.85,129.9,108.6,84,86.5,30.22,28.71,26.69,26.99
118.48,3717,122,0,72,-0.5,2,6954,0,-1.85,130,108.6,84,86.5,30.23,28.71,26.69,26.99
118.52,3718,122,0,72,-1.3,2,6954,0,-1.85,130.1,108.6,84,86.5,30.23,28.71,26.69,26.99
118.56,3720,122,0,72,-0.7,2,6954,0,-1.85,130.3,108.7,84,86.5,30.24,28.72,26.69,26.99
118.6,3721,122,0,72,0.2,2,6954,0,-1.85,130.4,108.7,84,86.5,30.25,28.72,26.69,26.99
118.64,3723,122,0,72,0.3,2,6954,0,-1.85,130.5,108.8,84,86.5,30.26,28.72,26.69,26.99
118.68,3724,122,0,71,1.6,2,6954,0.02,-1.38,130.6,108.8,84,86.5,30.27,28.73,26.69,26.99
118.72,3725,122,0,69,2.1,2,6954,0.05,-1.36,130.7,108.8,84,86.5,30.28,28.73,26.69,26.99
118.76,3727,122,0,67,2.6,2,6954,0.08,-1.33,130.9,108.9,84,86.5,30.29,28.73,26.69,26.99
118.8,3728,122,0,66,4.9,2,6954,0.11,-1.31,131,108.9,84,86.5,30.3,28.73,26.69,26.99
118.84,3729,122,0,64,6.3,2,6954,0.14,-1.29,131.1,109,84,86.5,30.31,28.74,26.69,26.99
118.88,3731,122,0,62,7.4,2,6954,0.17,-1.26,131.2,109,84,86.5,30.32,28.74,26.69,26.99
118.92,3732,122,0,60,8.6,2,6954,0.2,-1.24,131.3,109,84,86.5,30.32,28.74,26.69,26.99
118.96,3733,122,0,59,11,2,6954,0.23,-1.21,131.5,109.1,84,86.5,30.33,28.75,26.69,26.99
119,3735,122,0,57,11,2,6954,0.26,-1.19,131.6,109.1,84,86.5,30.34,28.75,26.69,26.99
119.04,3736,122,0,55,12.2,2,6954,0.29,-1.16,131.7,109.2,84,86.5,30.35,28.75,26.69,26.99
119.08,3737,122,0,54,14,2,6954,0.32,-1.14,131.8,109.2,84,86.5,30.36,28.76,26.69,26.99
119.12,3739,122,0,52,15.2,2,6954,0.35,-1.11,131.9,109.2,84,86.5,30.37,28.76,26.69,26.99
119.16,3740,122,0,51,16.2,2,6954,0.38,-1.09,132.1,109.3,84,86.5,30.38,28.76,26.69,26.99
119.2,3742,122,0,49,17.9,2,6954,0.41,-1.06,132.2,109.3,84,86.5,30.39,28.76,26.69,26.99
119.24,3743,122,0,47,19.2,2,6954,0.44,-1.04,132.3,109.4,84,86.5,30.4,28.77,26.69,26.99
119.28,3744,122,0,46,20.9,2,6954,0.47,-1.01,132.4,109.4,84,86.5,30.41,28.77,26.69,26.99
119.32,3746,122,0,44,20.9,2,6954,0.5,-0.99,132.5,109.4,84,86.5,30.41,28.77,26.69,26.99
119.36,3747,122,0,43,22,2,6954,0.53,-0.96,132.7,109.5,84,86.5,30.42,28.78,26.69,26.99
119.4,3748,122,0,41,23.7,2,6954,0.57,-0.94,132.8,109.5,84,86.5,30.43,28.78,26.69,26.99
119.44,3750,122,0,40,24.9,2,6954,0.6,-0.92,132.9,109.6,84,86.5,30.44,28.78,26.69,26.99
119.48,3751,122,0,38,26.1,2,6954,0.63,-0.89,133,109.6,84,86.5,30.45,28.79,26.69,26.99
119.52,3752,122,0,37,27.4,2,6954,0.66,-0.87,133.1,109.6,84,86.5,30.46,28.79,26.69,26.99
119.56,3754,122,0,35,27.2,2,6954,0.69,-0.84,133.3,109.7,84,86.5,30.47,28.79,26.69,26.99
119.6,3755,122,0,34,29.7,2,6954,0.72,-0.82,133.4,109.7,84,86.5,30.48,28.79,26.69,26.99
119.64,3756,122,0,32,29.9,2,6954,0.75,-0.79,133.5,109.8,84,86.5,30.49,28.8,26.69,26.99
119.68,3758,122,0,31,30.9,2,6954,0.78,-0.77,133.6,109.8,84,86.5,30.5,28.8,26.69,26.99
119.72,3759,122,0,30,31.5,2,6954,0.81,-0.74,133.7,109.8,84,86.5,30.5,28.8,26.69,26.99
119.76,3760,122,0,28,32.7,2,6954,0.84,-0.72,133.9,109.9,84,86.5,30.51,28.81,26.69,26.99
119.8,3762,122,0,27,34.7,2,6954,0.87,-0.69,134,109.9,84,86.5,30.52,28.81,26.69,26.99
119.84,3763,122,0,26,34.7,2,6954,0.9,-0.67,134.1,110,84,86.5,30.53,28.81,26.69,26.99
119.88,3765,122,0,24,35.9,2,6954,0.93,-0.64,134.2,110,84,86.5,30.54,28.82,26.69,26.99
119.92,3766,122,0,23,36.6,2,6954,0.96,-0.62,134.3,110,84,86.5,30.55,28.82,26.69,26.99
119.96,3767,122,0,22,37.9,2,6954,0.99,-0.6,134.5,110.1,84,86.5,30.56,28.82,26.69,26.99
120,3769,122,0,20,38.3,2,6954,1.02,-0.57,134.6,110.1,84,86.5,30.57,28.82,26.69,26.99
120.04,3770,122,0,19,39.9,2,6954,1.05,-0.55,134.7,110.2,84,86.5,30.58,28.83,26.69,26.99
120.08,3771,122,0,18,39.2,2,6954,1.08,-0.52,134.8,110.2,84,86.5,30.59,28.83,26.69,26.99
120.12,3773,122,0,17,40.9,2,6954,1.11,-0.5,134.9,110.2,84,86.5,30.59,28.83,26.69,26.99
120.16,3774,122,0,16,41.8,2,6954,1.14,-0.47,135.1,110.3,84,86.5,30.6,28.84,26.69,26.99
120.2,3775,122,0,15,42.2,2,6954,1.17,-0.45,135.2,110.3,84,86.5,30.61,28.84,26.69,26.99
120.24,3777,122,0,13,42.8,2,6954,1.2,-0.42,135.3,110.4,84,86.5,30.62,28.84,26.69,26.99
120.28,3778,122,0,12,44.3,2,6954,1.23,-0.4,135.4,110.4,84,86.5,30.63,28.85,26.69,26.99
120.32,3779,122,0,11,43.8,2,6954,1.26,-0.37,135.5,110.4,84,86.5,30.64,28.85,26.69,26.99
120.36,3781,122,0,10,43.9,2,6954,1.29,-0.35,135.7,110.5,84,86.5,30.65,28.85,26.69,26.99
120.4,3782,122,0,9,45.9,2,6954,1.32,-0.32,135.8,110.5,84,86.5,30.66,28.85,26.69,26.99
120.44,3784,122,0,8,45.1,2,6954,1.35,-0.3,135.9,110.6,84,86.5,30.67,28.86,26.69,26.99
120.48,3785,122,0,7,46.6,2,6954,1.38,-0.27,136,110.6,84,86.5,30.68,28.86,26.69,26.99
120.52,3786,122,0,6,46.4,2,6954,1.41,-0.25,136.1,110.6,84,86.5,30.68,28.86,26.69,26.99
120.56,3788,122,0,6,46.4,2,6954,1.44,-0.23,136.3,110.7,84,86.5,30.69,28.87,26.69,26.99
120.6,3789,122,0,5,46.8,2,6954,1.47,-0.2,136.4,110.7,84,86.5,30.7,28.87,26.69,26.99
120.64,3790,122,0,4,46.7,2,6954,1.5,-0.18,136.5,110.8,84,86.5,30.71,28.87,26.69,26.99
120.68,3792,122,0,3,47.7,2,6954,1.54,-0.15,136.6,110.8,84,86.5,30.72,28.88,26.69,26.99
120.72,3793,122,0,3,48.6,2,6954,1.57,-0.13,136.7,110.8,84,86.5,30.73,28.88,26.69,26.99
120.76,3794,122,0,2,47.1,2,6954,1.6,-0.1,136.9,110.9,84,86.5,30.74,28.88,26.69,26.99
120.8,3796,122,0,1,48,2,6954,1.63,-0.08,137,110.9,84,86.5,30.75,28.88,26.69,26.99
120.84,3797,122,0,1,47.8,2,6954,1.66,-0.05,137.1,111,84,86.5,30.76,28.89,26.69,26.99
120.88,3798,122,0,0,48,2,6954,1.69,-0.03,137.2,111,84,86.5,30.77,28.89,26.69,26.99
120.92,3800,122,0,0,47.9,2,6954,1.72,0,137.3,111,84,86.5,30.77,28.89,26.69,26.99
120.96,3801,122,2,0,47.9,2,6954,1.94,0.01,137.3,111,84.1,86.6,30.77,28.89,26.69,26.99
121,3803,122,3,0,47.7,2,6954,1.92,0.01,137.3,111,84.1,86.6,30.77,28.89,26.69,26.99
121.04,3804,122,5,0,46.1,2,6955,1.91,0.02,137.3,111,84.1,86.6,30.77,28.89,26.7,27
121.08,3805,122,6,0,46.1,2,6955,1.89,0.02,137.3,111,84.2,86.7,30.77,28.89,26.7,27
121.12,3807,122,7,0,45.4,2,6956,1.88,0.03,137.3,111,84.2,86.7,30.77,28.89,26.7,27
121.16,3808,122,9,0,45.4,2,6956,1.86,0.04,137.3,111,84.2,86.7,30.77,28.89,26.71,27.01
121.2,3809,122,10,0,44.8,2,6957,1.85,0.04,137.3,111,84.3,86.8,30.77,28.89,26.71,27.01
121.24,3811,122.1,11,0,44.3,2,6958,1.83,0.05,137.3,111,84.3,86.8,30.77,28.89,26.71,27.01
121.28,3812,122.1,12,0,43.9,2,6958,1.82,0.06,137.3,111,84.3,86.8,30.77,28.89,26.71,27.01
121.32,3813,122.1,14,0,43.7,2,6959,1.8,0.06,137.3,111,84.4,86.9,30.77,28.89,26.72,27.02
121.36,3815,122.1,15,0,42.7,2,6960,1.79,0.07,137.3,111,84.4,86.9,30.77,28.89,26.72,27.02
121.4,3816,122.1,16,0,42.1,2,6961,1.77,0.07,137.3,111,84.4,86.9,30.77,28.89,26.72,27.02
121.44,3817,122.2,17,0,42.2,2,6963,1.76,0.08,137.3,111,84.5,87,30.77,28.89,26.72,27.02
121.48,3819,122.2,18,0,41.2,2,6964,1.74,0.09,137.3,111,84.5,87,30.77,28.89,26.73,27.03
121.52,3820,122.2,19,0,41.9,2,6965,1.73,0.09,137.3,111,84.6,87.1,30.77,28.89,26.73,27.03
121.56,3821,122.2,20,0,40.8,2,6966,1.71,0.1,137.3,111,84.6,87.1,30.77,28.89,26.73,27.03
121.6,3823,122.2,21,0,40.2,2,6968,1.7,0.11,137.3,111,84.6,87.1,30.77,28.89,26.73,27.03
121.64,3824,122.3,23,0,38.8,2,6969,1.68,0.11,137.3,111,84.7,87.2,30.77,28.89,26.74,27.04
121.68,3826,122.3,24,0,39.9,2,6971,1.67,0.12,137.3,111,84.7,87.2,30.77,28.89,26.74,27.04
121.72,3827,122.3,25,0,38.8,2,6973,1.65,0.13,137.3,111,84.7,87.2,30.77,28.89,26.74,27.04
121.76,3828,122.4,26,0,38.4,2,6975,1.63,0.13,137.3,111,84.8,87.3,30.77,28.89,26.74,27.04
121.8,3830,122.4,27,0,37.6,2,6976,1.62,0.14,137.3,111,84.8,87.3,30.77,28.89,26.75,27.05
121.84,3831,122.4,28,0,37.6,2,6978,1.6,0.14,137.3,111,84.8,87.3,30.77,28.89,26.75,27.05
121.88,3832,122.5,29,0,36.7,2,6980,1.59,0.15,137.3,111,84.9,87.4,30.77,28.89,26.75,27.05
121.92,3834,122.5,30,0,36.9,2,6982,1.57,0.16,137.3,111,84.9,87.4,30.77,28.89,26.76,27.06
121.96,3835,122.5,31,0,35.5,2,6984,1.56,0.16,137.3,111,84.9,87.4,30.77,28.89,26.76,27.06
122,3836,122.6,32,0,35.7,2,6986,1.54,0.17,137.3,111,85,87.5,30.77,28.89,26.76,27.06
122.04,3838,122.6,33,0,34.3,2,6989,1.53,0.18,137.3,111,85,87.5,30.77,28.89,26.76,27.06
122.08,3839,122.6,34,0,34.7,2,6991,1.51,0.18,137.3,111,85,87.5,30.77,28.89,26.77,27.07
122.12,3841,122.7,35,0,34.2,2,6993,1.5,0.19,137.3,111,85.1,87.6,30.77,28.89,26.77,27.07
122.16,3842,122.7,36,0,33.3,2,6996,1.48,0.19,137.3,111,85.1,87.6,30.77,28.89,26.77,27.07
122.2,3843,122.8,37,0,33.5,2,6998,1.47,0.2,137.3,111,85.1,87.6,30.77,28.89,26.77,27.07
122.24,3845,122.8,38,0,32.7,2,7001,1.45,0.21,137.3,111,85.2,87.7,30.77,28.89,26.78,27.08
122.28,3846,122.9,39,0,32.3,2,7003,1.44,0.21,137.3,111,85.2,87.7,30.77,28.89,26.78,27.08
122.32,3847,122.9,40,0,32,2,7006,1.42,0.22,137.3,111,85.3,87.8,30.77,28.89,26.78,27.08
122.36,3849,123,41,0,31.5,2,7009,1.41,0.23,137.3,111,85.3,87.8,30.77,28.89,26.78,27.08
122.4,3850,123,42,0,30.3,2,7012,1.39,0.23,137.3,111,85.3,87.8,30.77,28.89,26.79,27.09
122.44,3851,123.1,43,0,30.6,2,7015,1.38,0.24,137.3,111,85.4,87.9,30.77,28.89,26.79,27.09
122.48,3853,123.1,44,0,29.4,2,7018,1.36,0.25,137.3,111,85.4,87.9,30.77,28.89,26.79,27.09
122.52,3854,123.2,45,0,29.5,2,7021,1.35,0.25,137.3,111,85.4,87.9,30.77,28.89,26.79,27.09
122.56,3856,123.2,46,0,29.1,2,7024,1.33,0.26,137.3,111,85.5,88,30.77,28.89,26.8,27.1
122.6,3857,123.3,47,0,28.4,2,7027,1.32,0.26,137.3,111,85.5,88,30.77,28.89,26.8,27.1
122.64,3858,123.3,47,0,27.9,2,7030,1.3,0.27,137.3,111,85.5,88,30.77,28.89,26.8,27.1
122.68,3860,123.4,48,0,27.5,2,7033,1.29,0.28,137.3,111,85.6,88.1,30.77,28.89,26.81,27.11
122.72,3861,123.4,49,0,26.4,2,7037,1.27,0.28,137.3,111,85.6,88.1,30.77,28.89,26.81,27.11
122.76,3862,123.5,50,0,26.6,2,7040,1.25,0.29,137.3,111,85.6,88.1,30.77,28.89,26.81,27.11
122.8,3864,123.6,51,0,26.5,2,7043,1.24,0.3,137.3,111,85.7,88.2,30.77,28.89,26.81,27.11
122.84,3865,123.6,52,0,25.3,2,7047,1.22,0.3,137.3,111,85.7,88.2,30.77,28.89,26.82,27.12
122.88,3867,123.7,53,0,25,2,7050,1.21,0.31,137.3,111,85.7,88.2,30.77,28.89,26.82,27.12
122.92,3868,123.8,54,0,25.5,2,7054,1.19,0.32,137.3,111,85.8,88.3,30.77,28.89,26.82,27.12
122.96,3869,123.8,55,0,24,2,7058,1.18,0.32,137.3,111,85.8,88.3,30.77,28.89,26.82,27.12
123,3871,123.9,56,0,24.1,2,7061,1.16,0.33,137.3,111,85.8,88.3,30.77,28.89,26.83,27.13
123.04,3872,124,57,0,23,2,7065,1.15,0.33,137.3,111,85.9,88.4,30.77,28.89,26.83,27.13
123.08,3873,124,58,0,23.1,2,7069,1.13,0.34,137.3,111,85.9,88.4,30.77,28.89,26.83,27.13
123.12,3875,124.1,59,0,22,2,7073,1.12,0.35,137.3,111,86,88.5,30.77,28.89,26.83,27.13
123.16,3876,124.2,60,0,22.7,2,7077,1.1,0.35,137.3,111,86,88.5,30.77,28.89,26.84,27.14
123.2,3878,124.2,61,0,21.4,2,7081,1.09,0.36,137.3,111,86,88.5,30.77,28.89,26.84,27.14
123.24,3879,124.3,61,0,21.3,2,7085,1.07,0.37,137.3,111,86.1,88.6,30.77,28.89,26.84,27.14
123.28,3880,124.4,62,0,20,2,7089,1.06,0.37,137.3,111,86.1,88.6,30.77,28.89,26.84,27.14
123.32,3882,124.4,63,0,19.9,2,7093,1.04,0.38,137.3,111,86.1,88.6,30.77,28.89,26.85,27.15
123.36,3883,124.5,64,0,19.7,2,7098,1.02,0.39,137.3,111,86.2,88.7,30.77,28.89,26.85,27.15
123.4,3884,124.6,65,0,18.8,2,7102,1.01,0.39,137.3,111,86.2,88.7,30.77,28.89,26.85,27.15
123.44,3886,124.7,66,0,18.3,2,7106,0.99,0.4,137.3,111,86.2,88.7,30.77,28.89,26.86,27.16
123.48,3887,124.8,67,0,19,2,7111,0.98,0.4,137.3,111,86.3,88.8,30.77,28.89,26.86,27.16
123.52,3889,124.8,68,0,17.2,2,7115,0.96,0.41,137.3,111,86.3,88.8,30.77,28.89,26.86,27.16
123.56,3890,124.9,69,0,17,2,7120,0.95,0.42,137.3,111,86.3,88.8,30.77,28.89,26.86,27.16
123.6,3891,125,70,0,17,2,7125,0.93,0.42,137.3,111,86.4,88.9,30.77,28.89,26.87,27.17
123.64,3893,125.1,70,0,16.1,2,7129,0.92,0.43,137.3,111,86.4,88.9,30.77,28.89,26.87,27.17
123.68,3894,125.2,71,0,15.2,2,7134,0.9,0.44,137.3,111,86.4,88.9,30.77,28.89,26.87,27.17
123.72,3896,125.2,72,0,15.1,2,7139,0.89,0.44,137.3,111,86.5,89,30.77,28.89,26.87,27.17
123.76,3897,125.3,73,0,14.7,2,7143,0.87,0.45,137.3,111,86.5,89,30.77,28.89,26.88,27.18
123.8,3898,125.4,74,0,13.6,2,7148,0.85,0.46,137.3,111,86.5,89,30.77,28.89,26.88,27.18
123.84,3900,125.5,75,0,14,2,7153,0.84,0.46,137.3,111,86.6,89.1,30.77,28.89,26.88,27.18
123.88,3901,125.6,76,0,13.1,2,7158,0.82,0.47,137.3,111,86.6,89.1,30.77,28.89,26.88,27.18
123.92,3903,125.7,77,0,12.5,2,7163,0.81,0.48,137.3,111,86.7,89.2,30.77,28.89,26.89,27.19
123.96,3904,125.8,78,0,12.6,2,7169,0.79,0.48,137.3,111,86.7,89.2,30.77,28.89,26.89,27.19
124,3905,125.9,79,0,11.9,2,7174,0.78,0.49,137.3,111,86.7,89.2,30.77,28.89,26.89,27.19
124.04,3907,125.9,79,0,11.8,2,7179,0.76,0.5,137.3,111,86.8,89.3,30.77,28.89,26.89,27.19
124.08,3908,126,80,0,11.1,2,7184,0.75,0.5,137.3,111,86.8,89.3,30.77,28.89,26.9,27.2
124.12,3910,126.1,81,0,10.3,2,7189,0.73,0.51,137.3,111,86.8,89.3,30.77,28.89,26.9,27.2
124.16,3911,126.2,82,0,10.4,2,7195,0.71,0.51,137.3,111,86.9,89.4,30.77,28.89,26.9,27.2
124.2,3912,126.3,83,0,9.7,2,7200,0.7,0.52,137.3,111,86.9,89.4,30.77,28.89,26.9,27.2
124.24,3914,126.4,84,0,8.9,2,7206,0.68,0.53,137.3,111,86.9,89.4,30.77,28.89,26.91,27.21
124.28,3915,126.5,85,0,8.6,2,7211,0.67,0.53,137.3,111,87,89.5,30.77,28.89,26.91,27.21
124.32,3917,126.6,86,0,8.2,2,7217,0.65,0.54,137.3,111,87,89.5,30.77,28.89,26.91,27.21
124.36,3918,126.7,86,0,7.9,2,7223,0.64,0.55,137.3,111,87,89.5,30.77,28.89,26.92,27.22
124.4,3919,126.8,87,0,6.4,2,7228,0.62,0.55,137.3,111,87.1,89.6,30.77,28.89,26.92,27.22
124.44,3921,126.9,88,0,6.3,2,7234,0.6,0.56,137.3,111,87.1,89.6,30.77,28.89,26.92,27.22
124.48,3922,127,89,0,5.7,2,7240,0.59,0.57,137.3,111,87.1,89.6,30.77,28.89,26.92,27.22
124.52,3924,127.1,90,0,5.6,2,7246,0.57,0.57,137.3,111,87.2,89.7,30.77,28.89,26.93,27.23
124.56,3925,127.2,91,0,5.4,2,7252,0.56,0.58,137.3,111,87.2,89.7,30.77,28.89,26.93,27.23
124.6,3926,127.3,92,0,4.3,2,7258,0.54,0.59,137.3,111,87.2,89.7,30.77,28.89,26.93,27.23
124.64,3928,127.4,93,0,4.1,2,7264,0.53,0.59,137.3,111,87.3,89.8,30.77,28.89,26.93,27.23
124.68,3929,127.5,93,0,3.9,2,7270,0.51,0.6,137.3,111,87.3,89.8,30.77,28.89,26.94,27.24
124.72,3931,127.6,94,0,3.5,2,7276,0.49,0.61,137.3,111,87.4,89.9,30.77,28.89,26.94,27.24
124.76,3932,127.8,95,0,2.6,2,7282,0.48,0.61,137.3,111,87.4,89.9,30.77,28.89,26.94,27.24
124.8,3933,127.9,96,0,2,2,7288,0.46,0.62,137.3,111,87.4,89.9,30.77,28.89,26.94,27.24
124.84,3935,128,97,0,1.7,2,7294,0.45,0.63,137.3,111,87.5,90,30.77,28.89,26.95,27.25
124.88,3936,128.1,98,0,1,2,7301,0.43,0.63,137.3,111,87.5,90,30.77,28.89,26.95,27.25
124.92,3938,128.2,99,0,0.5,2,7307,0.42,0.64,137.3,111,87.5,90,30.77,28.89,26.95,27.25
124.96,3939,128.3,100,0,-0.4,2,7314,0.4,0.65,137.3,111,87.6,90.1,30.77,28.89,26.95,27.25
125,3941,128.4,100,0,0.2,2,7317,0.01,0.04,137.3,111,87.6,90.1,30.77,28.89,26.95,27.25
125.04,3942,128.4,100,0,0.8,2,7320,0.04,0.04,137.3,111,87.5,90,30.77,28.89,26.95,27.25
125.08,3943,128.5,100,0,0.3,2,7323,-0.02,0.04,137.3,111,87.5,90,30.77,28.89,26.95,27.25
125.12,3945,128.5,100,0,0.3,2,7327,0.02,0.04,137.3,111,87.5,90,30.77,28.89,26.95,27.25
125.16,3946,128.6,100,0,-0.1,2,7330,-0.04,0.04,137.3,111,87.5,90,30.77,28.89,26.95,27.25
125.2,3948,128.7,100,0,-0.2,2,7333,0.03,0.04,137.3,111,87.5,90,30.77,28.89,26.95,27.25
125.24,3949,128.7,100,0,-0.2,2,7337,0.05,0.04,137.2,111,87.5,90,30.77,28.89,26.95,27.25
125.28,3951,128.8,100,0,0.4,2,7340,-0.01,0.04,137.2,110.9,87.5,90,30.77,28.89,26.95,27.25
125.32,3952,128.8,100,0,0.2,2,7343,-0.01,0.04,137.2,110.9,87.5,90,30.77,28.89,26.95,27.25
125.36,3953,128.9,100,0,0.7,2,7346,0,0.04,137.2,110.9,87.4,89.9,30.77,28.88,26.95,27.25
125.4,3955,128.9,100,0,-0.4,2,7350,0.01,0.04,137.2,110.9,87.4,89.9,30.77,28.88,26.94,27.24
125.44,3956,129,100,0,-1,2,7353,0,0.04,137.2,110.9,87.4,89.9,30.76,28.88,26.94,27.24
125.48,3958,129.1,100,0,0.4,2,7356,0,0.04,137.2,110.9,87.4,89.9,30.76,28.88,26.94,27.24
125.52,3959,129.1,100,0,-0.1,2,7360,0,0.04,137.2,110.9,87.4,89.9,30.76,28.88,26.94,27.24
125.56,3961,129.2,100,0,0.1,2,7363,0.02,0.04,137.2,110.9,87.4,89.9,30.76,28.88,26.94,27.24
125.6,3962,129.2,100,0,-0.6,2,7366,0.01,0.04,137.1,110.9,87.4,89.9,30.76,28.88,26.94,27.24
125.64,3964,129.3,100,0,0.3,2,7369,0.04,0.04,137.1,110.8,87.4,89.9,30.76,28.88,26.94,27.24
125.68,3965,129.3,100,0,-0.2,2,7373,-0.02,0.04,137.1,110.8,87.3,89.8,30.76,28.88,26.94,27.24
125.72,3966,129.4,100,0,-0.9,2,7376,0.02,0.04,137.1,110.8,87.3,89.8,30.76,28.88,26.94,27.24
125.76,3968,129.5,100,0,-0.5,2,7379,-0.01,0.04,137.1,110.8,87.3,89.8,30.76,28.88,26.94,27.24
125.8,3969,129.5,100,0,0.1,2,7383,0,0.04,137.1,110.8,87.3,89.8,30.76,28.87,26.94,27.24
125.84,3971,129.6,100,0,-0.2,2,7386,0.01,0.04,137.1,110.8,87.3,89.8,30.76,28.87,26.93,27.23
125.88,3972,129.6,100,0,0,2,7389,0,0.04,137.1,110.8,87.3,89.8,30.75,28.87,26.93,27.23
125.92,3974,129.7,100,0,-0.4,2,7392,0.01,0.04,137,110.8,87.3,89.8,30.75,28.87,26.93,27.23
125.96,3975,129.7,100,0,0,2,7396,0,0.04,137,110.7,87.3,89.8,30.75,28.87,26.93,27.23
126,3976,129.8,100,0,-0.5,2,7399,-0.01,0.04,137,110.7,87.3,89.8,30.75,28.87,26.93,27.23
126.04,3978,129.9,100,0,0,2,7402,0,0.04,137,110.7,87.2,89.7,30.75,28.87,26.93,27.23
126.08,3979,129.9,100,0,0.2,2,7406,0.01,0.04,137,110.7,87.2,89.7,30.75,28.87,26.93,27.23
126.12,3981,130,100,0,0.4,2,7409,0.01,0.04,137,110.7,87.2,89.7,30.75,28.87,26.93,27.23
126.16,3982,130,100,0,-0.1,2,7412,-0.01,0.04,137,110.7,87.2,89.7,30.75,28.87,26.93,27.23
126.2,3984,130.1,100,0,0.6,2,7415,-0.01,0.04,137,110.7,87.2,89.7,30.75,28.87,26.93,27.23
126.24,3985,130.2,100,0,-0.3,2,7419,0.02,0.04,136.9,110.7,87.2,89.7,30.75,28.86,26.93,27.23
126.28,3987,130.2,100,0,0.4,2,7422,-0.01,0.04,136.9,110.6,87.2,89.7,30.75,28.86,26.93,27.23
126.32,3988,130.3,100,0,-0.3,2,7425,-0.01,0.04,136.9,110.6,87.2,89.7,30.74,28.86,26.92,27.22
126.36,3989,130.3,100,0,-0.1,2,7429,0.04,0.04,136.9,110.6,87.1,89.6,30.74,28.86,26.92,27.22
126.4,3991,130.4,100,0,0,2,7432,0.02,0.04,136.9,110.6,87.1,89.6,30.74,28.86,26.92,27.22
126.44,3992,130.4,100,0,-0.4,2,7435,-0.01,0.04,136.9,110.6,87.1,89.6,30.74,28.86,26.92,27.22
126.48,3994,130.5,100,0,-0.4,2,7438,-0.01,0.04,136.9,110.6,87.1,89.6,30.74,28.86,26.92,27.22
126.52,3995,130.6,100,0,0,2,7442,0,0.04,136.9,110.6,87.1,89.6,30.74,28.86,26.92,27.22
126.56,3997,130.6,100,0,0.2,2,7445,-0.03,0.04,136.9,110.6,87.1,89.6,30.74,28.86,26.92,27.22
126.6,3998,130.7,100,0,-0.1,2,7448,0.04,0.04,136.8,110.6,87.1,89.6,30.74,28.86,26.92,27.22
126.64,4000,130.7,100,0,-0.3,2,7452,-0.05,0.04,136.8,110.5,87.1,89.6,30.74,28.86,26.92,27.22
126.68,4001,130.8,100,0,-0.1,2,7455,0,0.04,136.8,110.5,87,89.5,30.74,28.85,26.92,27.22
126.72,4003,130.8,100,0,0.3,2,7458,-0.02,0.04,136.8,110.5,87,89.5,30.74,28.85,26.92,27.22
126.76,4004,130.9,100,0,-0.1,2,7461,-0.01,0.04,136.8,110.5,87,89.5,30.73,28.85,26.91,27.21
126.8,4005,131,100,0,-0.4,2,7465,-0.03,0.04,136.8,110.5,87,89.5,30.73,28.85,26.91,27.21
126.84,4007,131,100,0,0.3,2,7468,0.01,0.04,136.8,110.5,87,89.5,30.73,28.85,26.91,27.21
126.88,4008,131.1,100,0,0.2,2,7471,0.01,0.04,136.8,110.5,87,89.5,30.73,28.85,26.91,27.21
126.92,4010,131.1,100,0,0.1,2,7474,-0.01,0.04,136.7,110.5,87,89.5,30.73,28.85,26.91,27.21
126.96,4011,131.2,100,0,-0.3,2,7478,0.01,0.04,136.7,110.4,87,89.5,30.73,28.85,26.91,27.21
127,4013,131.2,100,0,-0.2,2,7481,0.04,0.04,136.7,110.4,87,89.5,30.73,28.85,26.91,27.21
127.04,4014,131.3,100,0,-0.5,2,7484,0.03,0.04,136.7,110.4,86.9,89.4,30.73,28.85,26.91,27.21
127.08,4016,131.4,100,0,0,2,7488,0.01,0.04,136.7,110.4,86.9,89.4,30.73,28.85,26.91,27.21
127.12,4017,131.4,100,0,-0.2,2,7491,0,0.04,136.7,110.4,86.9,89.4,30.73,28.84,26.91,27.21
127.16,4019,131.5,100,0,0.3,2,7494,0.02,0.04,136.7,110.4,86.9,89.4,30.73,28.84,26.91,27.21
127.2,4020,131.5,0,0,0.6,2,7494,0,-1.85,136.8,110.4,86.9,89.4,30.73,28.85,26.91,27.21
127.24,4021,131.3,0,5,0.2,2,7486,0,-1.85,136.9,110.5,86.9,89.4,30.74,28.85,26.91,27.21
127.28,4023,131.1,0,9,-0.7,2,7470,0,-1.85,137,110.5,86.9,89.4,30.75,28.85,26.91,27.21
127.32,4024,130.6,0,14,0.4,2,7446,0,-1.85,137.2,110.5,86.9,89.4,30.76,28.86,26.91,27.21
127.36,4026,130.1,0,19,-0.7,2,7414,0,-1.85,137.3,110.6,86.9,89.4,30.77,28.86,26.91,27.21
127.4,4027,129.4,0,23,-1,2,7374,0,-1.85,137.4,110.6,86.9,89.4,30.78,28.86,26.91,27.21
127.44,4029,128.5,0,28,-0.5,2,7327,0,-1.85,137.5,110.7,86.9,89.4,30.79,28.86,26.91,27.21
127.48,4030,127.5,0,33,-0.2,2,7270,0,-1.85,137.6,110.7,86.9,89.4,30.8,28.87,26.91,27.21
127.52,4032,126.4,0,37,0.3,2,7207,0,-1.85,137.8,110.7,86.9,89.4,30.81,28.87,26.91,27.21
127.56,4033,125.2,0,42,-0.3,2,7135,0,-1.85,137.9,110.8,86.9,89.4,30.82,28.87,26.91,27.21
127.6,4034,123.8,0,46,-1.3,2,7056,0,-1.85,138,110.8,86.9,89.4,30.82,28.88,26.91,27.21
127.64,4036,122.3,0,51,-0.5,2,6969,0,-1.85,138.1,110.9,86.9,89.4,30.83,28.88,26.91,27.21
127.68,4037,120.6,0,55,0.3,2,6875,0,-1.85,138.2,110.9,86.9,89.4,30.84,28.88,26.91,27.21
127.72,4038,118.9,0,58,0.3,2,6776,0,-1.85,138.4,110.9,86.9,89.4,30.85,28.89,26.91,27.21
127.76,4040,117.1,0,58,-0.8,2,6677,0,-1.85,138.5,111,86.9,89.4,30.86,28.89,26.91,27.21
127.8,4041,116,0,58,-0.2,2,6612,0,-1.85,138.6,111,86.9,89.4,30.87,28.89,26.91,27.21
127.84,4042,116,0,58,1,2,6612,0,-1.85,138.7,111.1,86.9,89.4,30.88,28.89,26.91,27.21
127.88,4044,116,0,58,0.2,2,6612,0,-1.85,138.8,111.1,86.9,89.4,30.89,28.9,26.91,27.21
127.92,4045,116,0,58,-0.5,2,6612,0,-1.85,139,111.1,86.9,89.4,30.9,28.9,26.91,27.21
127.96,4046,116,0,58,0,2,6612,0,-1.85,139.1,111.2,86.9,89.4,30.91,28.9,26.91,27.21
128,4047,116,0,58,0.9,2,6612,0,-1.85,139.2,111.2,86.9,89.4,30.91,28.91,26.91,27.21
128.04,4049,116,0,58,1,2,6612,0,-1.85,139.3,111.3,86.9,89.4,30.92,28.91,26.91,27.21
128.08,4050,116,0,58,-0.8,2,6612,0,-1.85,139.4,111.3,86.9,89.4,30.93,28.91,26.91,27.21
128.12,4051,116,0,58,0,2,6612,0,-1.85,139.6,111.3,86.9,89.4,30.94,28.92,26.91,27.21
128.16,4053,116,0,58,-1.2,2,6612,0,-1.85,139.7,111.4,86.9,89.4,30.95,28.92,26.91,27.21
128.2,4054,116,0,58,0.1,2,6612,0,-1.85,139.8,111.4,86.9,89.4,30.96,28.92,26.91,27.21
128.24,4055,116,0,58,0.4,2,6612,0,-1.85,139.9,111.5,86.9,89.4,30.97,28.92,26.91,27.21
128.28,4057,116,0,58,-2.1,2,6612,0,-1.85,140,111.5,86.9,89.4,30.98,28.93,26.91,27.21
128.32,4058,116,0,58,-1.2,2,6612,0,-1.85,140.2,111.5,86.9,89.4,30.99,28.93,26.91,27.21
128.36,4059,116,0,58,0.7,2,6612,0,-1.85,140.3,111.6,86.9,89.4,31,28.93,26.91,27.21
128.4,4060,116,0,58,0.7,2,6612,0,-1.85,140.4,111.6,86.9,89.4,31,28.94,26.91,27.21
128.44,4062,116,0,58,0.4,2,6612,0,-1.85,140.5,111.7,86.9,89.4,31.01,28.94,26.91,27.21
128.48,4063,116,0,58,-0.6,2,6612,0,-1.85,140.6,111.7,86.9,89.4,31.02,28.94,26.91,27.21
128.52,4064,116,0,58,0.1,2,6612,0,-1.85,140.8,111.7,86.9,89.4,31.03,28.95,26.91,27.21
128.56,4066,116,0,58,0.2,2,6612,0,-1.85,140.9,111.8,86.9,89.4,31.04,28.95,26.91,27.21
128.6,4067,116,0,58,-0.4,2,6612,0,-1.85,141,111.8,86.9,89.4,31.05,28.95,26.91,27.21
128.64,4068,116,0,58,1.3,2,6612,0,-1.85,141.1,111.9,86.9,89.4,31.06,28.95,26.91,27.21
128.68,4069,116,0,58,0.3,2,6612,0,-1.85,141.2,111.9,86.9,89.4,31.07,28.96,26.91,27.21
128.72,4071,116,0,58,0,2,6612,0,-1.85,141.4,111.9,86.9,89.4,31.08,28.96,26.91,27.21
128.76,4072,116,0,58,0.2,2,6612,0,-1.85,141.5,112,86.9,89.4,31.09,28.96,26.91,27.21
128.8,4073,116,0,58,-0.5,2,6612,0,-1.85,141.6,112,86.9,89.4,31.09,28.97,26.91,27.21
128.84,4075,116,0,57,1.5,2,6612,0.01,-1.39,141.7,112.1,86.9,89.4,31.1,28.97,26.91,27.21
128.88,4076,116,0,56,2.1,2,6612,0.05,-1.36,141.8,112.1,86.9,89.4,31.11,28.97,26.91,27.21
128.92,4077,116,0,54,3.1,2,6612,0.08,-1.33,142,112.1,86.9,89.4,31.12,28.98,26.91,27.21
128.96,4078,116,0,53,5.7,2,6612,0.11,-1.31,142.1,112.2,86.9,89.4,31.13,28.98,26.91,27.21
129,4080,116,0,51,5.9,2,6612,0.14,-1.28,142.2,112.2,86.9,89.4,31.14,28.98,26.91,27.21
129.04,4081,116,0,50,7.6,2,6612,0.18,-1.25,142.3,112.3,86.9,89.4,31.15,28.98,26.91,27.21
129.08,4082,116,0,48,9.8,2,6612,0.21,-1.22,142.4,112.3,86.9,89.4,31.16,28.99,26.91,27.21
129.12,4084,116,0,47,11.4,2,6612,0.24,-1.2,142.6,112.3,86.9,89.4,31.17,28.99,26.91,27.21
129.16,4085,116,0,45,13,2,6612,0.27,-1.17,142.7,112.4,86.9,89.4,31.18,28.99,26.91,27.21
129.2,4086,116,0,44,14.3,2,6612,0.3,-1.14,142.8,112.4,86.9,89.4,31.18,29,26.91,27.21
129.24,4087,116,0,42,15.8,2,6612,0.34,-1.11,142.9,112.5,86.9,89.4,31.19,29,26.91,27.21
129.28,4089,116,0,41,17.8,2,6612,0.37,-1.09,143,112.5,86.9,89.4,31.2,29,26.91,27.21
129.32,4090,116,0,39,18.3,2,6612,0.4,-1.06,143.2,112.5,86.9,89.4,31.21,29.01,26.91,27.21
129.36,4091,116,0,38,19.7,2,6612,0.43,-1.03,143.3,112.6,86.9,89.4,31.22,29.01,26.91,27.21
129.4,4093,116,0,36,21.8,2,6612,0.47,-1.01,143.4,112.6,86.9,89.4,31.23,29.01,26.91,27.21
129.44,4094,116,0,35,22.5,2,6612,0.5,-0.98,143.5,112.7,86.9,89.4,31.24,29.01,26.91,27.21
129.48,4095,116,0,34,24,2,6612,0.53,-0.95,143.6,112.7,86.9,89.4,31.25,29.02,26.91,27.21
129.52,4096,116,0,32,25.9,2,6612,0.56,-0.92,143.8,112.7,86.9,89.4,31.26,29.02,26.91,27.21
129.56,4098,116,0,31,27.1,2,6612,0.6,-0.9,143.9,112.8,86.9,89.4,31.27,29.02,26.91,27.21
129.6,4099,116,0,30,28.3,2,6612,0.63,-0.87,144,112.8,86.9,89.4,31.27,29.03,26.91,27.21
129.64,4100,116,0,28,28.6,2,6612,0.66,-0.84,144.1,112.9,86.9,89.4,31.28,29.03,26.91,27.21
129.68,4102,116,0,27,30.8,2,6612,0.69,-0.81,144.2,112.9,86.9,89.4,31.29,29.03,26.91,27.21
129.72,4103,116,0,26,31.6,2,6612,0.72,-0.79,144.4,112.9,86.9,89.4,31.3,29.04,26.91,27.21
129.76,4104,116,0,25,32.7,2,6612,0.76,-0.76,144.5,113,86.9,89.4,31.31,29.04,26.91,27.21
129.8,4105,116,0,23,34.4,2,6612,0.79,-0.73,144.6,113,86.9,89.4,31.32,29.04,26.91,27.21
129.84,4107,116,0,22,35.5,2,6612,0.82,-0.7,144.7,113.1,86.9,89.4,31.33,29.04,26.91,27.21
129.88,4108,116,0,21,35.9,2,6612,0.85,-0.68,144.8,113.1,86.9,89.4,31.34,29.05,26.91,27.21
129.92,4109,116,0,20,37.5,2,6612,0.89,-0.65,145,113.1,86.9,89.4,31.35,29.05,26.91,27.21
129.96,4111,116,0,19,38.8,2,6612,0.92,-0.62,145.1,113.2,86.9,89.4,31.36,29.05,26.91,27.21
130,4112,116,0,18,38.1,2,6612,0.95,-0.6,145.2,113.2,86.9,89.4,31.36,29.06,26.91,27.21
130.04,4113,116,0,16,40.3,2,6612,0.98,-0.57,145.3,113.3,86.9,89.4,31.37,29.06,26.91,27.21
130.08,4115,116,0,15,40.5,2,6612,1.02,-0.54,145.4,113.3,86.9,89.4,31.38,29.06,26.91,27.21
130.12,4116,116,0,14,41.7,2,6612,1.05,-0.51,145.6,113.3,86.9,89.4,31.39,29.07,26.91,27.21
130.16,4117,116,0,13,42.2,2,6612,1.08,-0.49,145.7,113.4,86.9,89.4,31.4,29.07,26.91,27.21
130.2,4118,116,0,12,43.4,2,6612,1.11,-0.46,145.8,113.4,86.9,89.4,31.41,29.07,26.91,27.21
130.24,4120,116,0,11,44.3,2,6612,1.14,-0.43,145.9,113.5,86.9,89.4,31.42,29.07,26.91,27.21
130.28,4121,116,0,10,44.8,2,6612,1.18,-0.4,146,113.5,86.9,89.4,31.43,29.08,26.91,27.21
130.32,4122,116,0,9,46.4,2,6612,1.21,-0.38,146.2,113.5,86.9,89.4,31.44,29.08,26.91,27.21
130.36,4124,116,0,8,45.7,2,6612,1.24,-0.35,146.3,113.6,86.9,89.4,31.45,29.08,26.91,27.21
130.4,4125,116,0,7,47.5,2,6612,1.27,-0.32,146.4,113.6,86.9,89.4,31.45,29.09,26.91,27.21
130.44,4126,116,0,7,47.6,2,6612,1.31,-0.29,146.5,113.7,86.9,89.4,31.46,29.09,26.91,27.21
130.48,4127,116,0,6,48.5,2,6612,1.34,-0.27,146.6,113.7,86.9,89.4,31.47,29.09,26.91,27.21
130.52,4129,116,0,5,48.6,2,6612,1.37,-0.24,146.8,113.7,86.9,89.4,31.48,29.1,26.91,27.21
130.56,4130,116,0,4,48.2,2,6612,1.4,-0.21,146.9,113.8,86.9,89.4,31.49,29.1,26.91,27.21
130.6,4131,116,0,3,48.8,2,6612,1.44,-0.19,147,113.8,86.9,89.4,31.5,29.1,26.91,27.21
130.64,4133,116,0,3,49,2,6612,1.47,-0.16,147.1,113.9,86.9,89.4,31.51,29.1,26.91,27.21
130.68,4134,116,0,2,49.7,2,6612,1.5,-0.13,147.2,113.9,86.9,89.4,31.52,29.11,26.91,27.21
130.72,4135,116,0,2,48.7,2,6612,1.53,-0.1,147.4,113.9,86.9,89.4,31.53,29.11,26.91,27.21
130.76,4136,116,0,1,50.3,2,6612,1.56,-0.08,147.5,114,86.9,89.4,31.54,29.11,26.91,27.21
130.8,4138,116,0,1,49.7,2,6612,1.6,-0.05,147.6,114,86.9,89.4,31.54,29.12,26.91,27.21
130.84,4139,116,0,0,50.6,2,6612,1.63,-0.02,147.7,114.1,86.9,89.4,31.55,29.12,26.91,27.21
130.88,4140,116,1,0,50,2,6612,1.95,0,147.7,114.1,86.9,89.4,31.55,29.12,26.91,27.21
130.92,4142,116,2,0,49.7,2,6612,1.93,0.01,147.7,114.1,87,89.5,31.55,29.12,26.91,27.21
130.96,4143,116,4,0,49.6,2,6612,1.92,0.01,147.7,114.1,87,89.5,31.55,29.12,26.91,27.21
131,4144,116,5,0,49.1,2,6613,1.9,0.02,147.7,114.1,87,89.5,31.55,29.12,26.92,27.22
131.04,4145,116,6,0,48.1,2,6613,1.89,0.03,147.7,114.1,87.1,89.6,31.55,29.12,26.92,27.22
131.08,4147,116,8,0,48,2,6614,1.87,0.03,147.7,114.1,87.1,89.6,31.55,29.12,26.92,27.22
131.12,4148,116,9,0,47.5,2,6614,1.86,0.04,147.7,114.1,87.1,89.6,31.55,29.12,26.92,27.22
131.16,4149,116.1,10,0,46.4,2,6615,1.85,0.04,147.7,114.1,87.2,89.7,31.55,29.12,26.93,27.23
131.2,4151,116.1,11,0,46.4,2,6616,1.83,0.05,147.7,114.1,87.2,89.7,31.55,29.12,26.93,27.23
131.24,4152,116.1,12,0,45.9,2,6617,1.82,0.06,147.7,114.1,87.3,89.8,31.55,29.12,26.93,27.23
131.28,4153,116.1,13,0,44.6,2,6618,1.8,0.06,147.7,114.1,87.3,89.8,31.55,29.12,26.93,27.23
131.32,4154,116.1,15,0,44.3,2,6619,1.79,0.07,147.7,114.1,87.3,89.8,31.55,29.12,26.94,27.24
131.36,4156,116.1,16,0,44.1,2,6620,1.77,0.07,147.7,114.1,87.4,89.9,31.55,29.12,26.94,27.24
131.4,4157,116.2,17,0,43.4,2,6621,1.76,0.08,147.7,114.1,87.4,89.9,31.55,29.12,26.94,27.24
131.44,4158,116.2,18,0,43.9,2,6622,1.75,0.09,147.7,114.1,87.4,89.9,31.55,29.12,26.94,27.24
131.48,4160,116.2,19,0,43.3,2,6624,1.73,0.09,147.7,114.1,87.5,90,31.55,29.12,26.95,27.25
131.52,4161,116.2,20,0,42.4,2,6625,1.72,0.1,147.7,114.1,87.5,90,31.55,29.12,26.95,27.25
131.56,4162,116.3,21,0,41.9,2,6627,1.7,0.1,147.7,114.1,87.5,90,31.55,29.12,26.95,27.25
131.6,4164,116.3,22,0,42.2,2,6628,1.69,0.11,147.7,114.1,87.6,90.1,31.55,29.12,26.96,27.26
131.64,4165,116.3,23,0,41.3,2,6630,1.67,0.12,147.7,114.1,87.6,90.1,31.55,29.12,26.96,27.26
131.68,4166,116.3,24,0,40.9,2,6632,1.66,0.12,147.7,114.1,87.6,90.1,31.55,29.12,26.96,27.26
131.72,4167,116.4,25,0,40.4,2,6633,1.64,0.13,147.7,114.1,87.7,90.2,31.55,29.12,26.96,27.26
131.76,4169,116.4,26,0,40.3,2,6635,1.63,0.13,147.7,114.1,87.7,90.2,31.55,29.12,26.97,27.27
131.8,4170,116.4,27,0,39.4,2,6637,1.62,0.14,147.7,114.1,87.7,90.2,31.55,29.12,26.97,27.27
131.84,4171,116.5,28,0,39.3,2,6639,1.6,0.15,147.7,114.1,87.8,90.3,31.55,29.12,26.97,27.27
131.88,4173,116.5,29,0,38.5,2,6641,1.59,0.15,147.7,114.1,87.8,90.3,31.55,29.12,26.97,27.27
131.92,4174,116.6,30,0,38,2,6643,1.57,0.16,147.7,114.1,87.8,90.3,31.55,29.12,26.98,27.28
131.96,4175,116.6,31,0,37.2,2,6646,1.56,0.16,147.7,114.1,87.9,90.4,31.55,29.12,26.98,27.28
132,4176,116.6,32,0,37.3,2,6648,1.54,0.17,147.7,114.1,87.9,90.4,31.55,29.12,26.98,27.28
132.04,4178,116.7,33,0,36.7,2,6650,1.53,0.18,147.7,114.1,88,90.5,31.55,29.12,26.98,27.28
132.08,4179,116.7,34,0,36.3,2,6653,1.51,0.18,147.7,114.1,88,90.5,31.55,29.12,26.99,27.29
132.12,4180,116.8,35,0,35.5,2,6655,1.5,0.19,147.7,114.1,88,90.5,31.55,29.12,26.99,27.29
132.16,4182,116.8,36,0,35.6,2,6658,1.49,0.19,147.7,114.1,88.1,90.6,31.55,29.12,26.99,27.29
132.2,4183,116.8,37,0,34.1,2,6660,1.47,0.2,147.7,114.1,88.1,90.6,31.55,29.12,26.99,27.29
132.24,4184,116.9,38,0,34.4,2,6663,1.46,0.21,147.7,114.1,88.1,90.6,31.55,29.12,27,27.3
132.28,4186,116.9,38,0,33.7,2,6666,1.44,0.21,147.7,114.1,88.2,90.7,31.55,29.12,27,27.3
132.32,4187,117,39,0,32.8,2,6668,1.43,0.22,147.7,114.1,88.2,90.7,31.55,29.12,27,27.3
132.36,4188,117,40,0,33.3,2,6671,1.41,0.22,147.7,114.1,88.2,90.7,31.55,29.12,27.01,27.31
132.4,4189,117.1,41,0,32.6,2,6674,1.4,0.23,147.7,114.1,88.3,90.8,31.55,29.12,27.01,27.31
132.44,4191,117.1,42,0,32.5,2,6677,1.38,0.24,147.7,114.1,88.3,90.8,31.55,29.12,27.01,27.31
132.48,4192,117.2,43,0,31.9,2,6680,1.37,0.24,147.7,114.1,88.3,90.8,31.55,29.12,27.01,27.31
132.52,4193,117.2,44,0,31.3,2,6683,1.36,0.25,147.7,114.1,88.4,90.9,31.55,29.12,27.02,27.32
132.56,4195,117.3,45,0,30.2,2,6686,1.34,0.25,147.7,114.1,88.4,90.9,31.55,29.12,27.02,27.32
132.6,4196,117.4,46,0,30.5,2,6690,1.33,0.26,147.7,114.1,88.4,90.9,31.55,29.12,27.02,27.32
132.64,4197,117.4,47,0,29,2,6693,1.31,0.27,147.7,114.1,88.5,91,31.55,29.12,27.02,27.32
132.68,4199,117.5,48,0,29,2,6696,1.3,0.27,147.7,114.1,88.5,91,31.55,29.12,27.03,27.33
132.72,4200,117.5,49,0,28.1,2,6700,1.28,0.28,147.7,114.1,88.5,91,31.55,29.12,27.03,27.33
132.76,4201,117.6,49,0,28.1,2,6703,1.27,0.28,147.7,114.1,88.6,91.1,31.55,29.12,27.03,27.33
132.8,4202,117.7,50,0,27.7,2,6707,1.25,0.29,147.7,114.1,88.6,91.1,31.55,29.12,27.03,27.33
132.84,4204,117.7,51,0,26.7,2,6710,1.24,0.3,147.7,114.1,88.7,91.2,31.55,29.12,27.04,27.34
132.88,4205,117.8,52,0,26.2,2,6714,1.22,0.3,147.7,114.1,88.7,91.2,31.55,29.12,27.04,27.34
132.92,4206,117.9,53,0,26.3,2,6718,1.21,0.31,147.7,114.1,88.7,91.2,31.55,29.12,27.04,27.34
132.96,4208,117.9,54,0,25.9,2,6722,1.2,0.31,147.7,114.1,88.8,91.3,31.55,29.12,27.04,27.34
133,4209,118,55,0,25.3,2,6725,1.18,0.32,147.7,114.1,88.8,91.3,31.55,29.12,27.05,27.35
133.04,4210,118.1,56,0,25,2,6729,1.17,0.33,147.7,114.1,88.8,91.3,31.55,29.12,27.05,27.35
133.08,4212,118.1,57,0,24.3,2,6733,1.15,0.33,147.7,114.1,88.9,91.4,31.55,29.12,27.05,27.35
133.12,4213,118.2,57,0,23.7,2,6737,1.14,0.34,147.7,114.1,88.9,91.4,31.55,29.12,27.05,27.35
133.16,4214,118.3,58,0,24.2,2,6741,1.12,0.34,147.7,114.1,88.9,91.4,31.55,29.12,27.06,27.36
133.2,4216,118.3,59,0,22.4,2,6745,1.11,0.35,147.7,114.1,89,91.5,31.55,29.12,27.06,27.36
133.24,4217,118.4,60,0,22.2,2,6750,1.09,0.36,147.7,114.1,89,91.5,31.55,29.12,27.06,27.36
133.28,4218,118.5,61,0,21.7,2,6754,1.08,0.36,147.7,114.1,89,91.5,31.55,29.12,27.07,27.37
133.32,4220,118.6,62,0,22.1,2,6758,1.06,0.37,147.7,114.1,89.1,91.6,31.55,29.12,27.07,27.37
133.36,4221,118.6,63,0,21.3,2,6763,1.05,0.38,147.7,114.1,89.1,91.6,31.55,29.12,27.07,27.37
133.4,4222,118.7,64,0,20.5,2,6767,1.03,0.38,147.7,114.1,89.1,91.6,31.55,29.12,27.07,27.37
133.44,4223,118.8,64,0,20.3,2,6772,1.02,0.39,147.7,114.1,89.2,91.7,31.55,29.12,27.08,27.38
133.48,4225,118.9,65,0,19.4,2,6776,1.01,0.39,147.7,114.1,89.2,91.7,31.55,29.12,27.08,27.38
133.52,4226,119,66,0,19.2,2,6781,0.99,0.4,147.7,114.1,89.2,91.7,31.55,29.12,27.08,27.38
133.56,4227,119,67,0,18.7,2,6785,0.98,0.41,147.7,114.1,89.3,91.8,31.55,29.12,27.08,27.38
133.6,4229,119.1,68,0,18.4,2,6790,0.96,0.41,147.7,114.1,89.3,91.8,31.55,29.12,27.09,27.39
133.64,4230,119.2,69,0,18,2,6795,0.95,0.42,147.7,114.1,89.4,91.9,31.55,29.12,27.09,27.39
133.68,4231,119.3,70,0,17.1,2,6800,0.93,0.42,147.7,114.1,89.4,91.9,31.55,29.12,27.09,27.39
133.72,4233,119.4,70,0,16.4,2,6805,0.92,0.43,147.7,114.1,89.4,91.9,31.55,29.12,27.09,27.39
133.76,4234,119.5,71,0,16,2,6810,0.9,0.44,147.7,114.1,89.5,92,31.55,29.12,27.1,27.4
133.8,4235,119.6,72,0,15.7,2,6815,0.89,0.44,147.7,114.1,89.5,92,31.55,29.12,27.1,27.4
133.84,4237,119.6,73,0,15.2,2,6820,0.87,0.45,147.7,114.1,89.5,92,31.55,29.12,27.1,27.4
133.88,4238,119.7,74,0,14.3,2,6825,0.86,0.46,147.7,114.1,89.6,92.1,31.55,29.12,27.1,27.4
133.92,4239,119.8,75,0,14.6,2,6830,0.84,0.46,147.7,114.1,89.6,92.1,31.55,29.12,27.11,27.41
133.96,4241,119.9,76,0,13.5,2,6835,0.83,0.47,147.7,114.1,89.6,92.1,31.55,29.12,27.11,27.41
134,4242,120,76,0,13.4,2,6840,0.81,0.47,147.7,114.1,89.7,92.2,31.55,29.12,27.11,27.41
134.04,4243,120.1,77,0,13.3,2,6846,0.8,0.48,147.7,114.1,89.7,92.2,31.55,29.12,27.12,27.42
134.08,4245,120.2,78,0,12.6,2,6851,0.78,0.49,147.7,114.1,89.7,92.2,31.55,29.12,27.12,27.42
134.12,4246,120.3,79,0,12.9,2,6856,0.77,0.49,147.7,114.1,89.8,92.3,31.55,29.12,27.12,27.42
134.16,4247,120.4,80,0,12,2,6862,0.75,0.5,147.7,114.1,89.8,92.3,31.55,29.12,27.12,27.42
134.2,4249,120.5,81,0,11.2,2,6868,0.74,0.5,147.7,114.1,89.8,92.3,31.55,29.12,27.13,27.43
134.24,4250,120.6,82,0,10.7,2,6873,0.72,0.51,147.7,114.1,89.9,92.4,31.55,29.12,27.13,27.43
134.28,4251,120.7,82,0,10.5,2,6879,0.71,0.52,147.7,114.1,89.9,92.4,31.55,29.12,27.13,27.43
134.32,4253,120.8,83,0,10,2,6884,0.69,0.52,147.7,114.1,89.9,92.4,31.55,29.12,27.13,27.43
134.36,4254,120.9,84,0,9.4,2,6890,0.68,0.53,147.7,114.1,90,92.5,31.55,29.12,27.14,27.44
134.4,4255,121,85,0,8.6,2,6896,0.66,0.54,147.7,114.1,90,92.5,31.55,29.12,27.14,27.44
134.44,4257,121.1,86,0,8.5,2,6902,0.65,0.54,147.7,114.1,90.1,92.6,31.55,29.12,27.14,27.44
134.48,4258,121.2,87,0,7,2,6908,0.63,0.55,147.7,114.1,90.1,92.6,31.55,29.12,27.14,27.44
134.52,4259,121.3,87,0,7.1,2,6914,0.62,0.55,147.7,114.1,90.1,92.6,31.55,29.12,27.15,27.45
134.56,4261,121.4,88,0,6.8,2,6920,0.6,0.56,147.7,114.1,90.2,92.7,31.55,29.12,27.15,27.45
134.6,4262,121.5,89,0,5.9,2,6926,0.59,0.57,147.7,114.1,90.2,92.7,31.55,29.12,27.15,27.45
134.64,4264,121.6,90,0,5.2,2,6932,0.57,0.57,147.7,114.1,90.2,92.7,31.55,29.12,27.15,27.45
134.68,4265,121.7,91,0,5.3,2,6938,0.56,0.58,147.7,114.1,90.3,92.8,31.55,29.12,27.16,27.46
134.72,4266,121.8,92,0,5.8,2,6944,0.54,0.59,147.7,114.1,90.3,92.8,31.55,29.12,27.16,27.46
134.76,4268,121.9,92,0,5.2,2,6951,0.53,0.59,147.7,114.1,90.3,92.8,31.55,29.12,27.16,27.46
134.8,4269,122.1,93,0,2.9,2,6957,0.51,0.6,147.7,114.1,90.4,92.9,31.55,29.12,27.17,27.47
134.84,4270,122.2,94,0,3.6,2,6963,0.5,0.6,147.7,114.1,90.4,92.9,31.55,29.12,27.17,27.47
134.88,4272,122.3,95,0,3.1,2,6970,0.48,0.61,147.7,114.1,90.4,92.9,31.55,29.12,27.17,27.47
134.92,4273,122.4,96,0,2.5,2,6976,0.47,0.62,147.7,114.1,90.5,93,31.55,29.12,27.17,27.47
134.96,4274,122.5,97,0,2.9,2,6983,0.45,0.62,147.7,114.1,90.5,93,31.55,29.12,27.18,27.48
135,4276,122.6,97,0,1.6,2,6989,0.44,0.63,147.7,114.1,90.5,93,31.55,29.12,27.18,27.48
135.04,4277,122.7,98,0,0.4,2,6996,0.42,0.64,147.7,114.1,90.6,93.1,31.55,29.12,27.18,27.48
135.08,4278,122.9,99,0,0.5,2,7003,0.41,0.64,147.7,114.1,90.6,93.1,31.55,29.12,27.18,27.48
135.12,4280,123,100,0,-0.3,2,7009,0.39,0.65,147.7,114.1,90.6,93.1,31.55,29.12,27.19,27.49
135.16,4281,123,100,0,0.3,2,7013,0.02,0.04,147.7,114.1,90.6,93.1,31.55,29.12,27.19,27.49
135.2,4283,123.1,100,0,-0.9,2,7016,-0.02,0.04,147.7,114,90.6,93.1,31.55,29.12,27.18,27.48
135.24,4284,123.1,100,0,0.2,2,7019,-0.01,0.04,147.7,114,90.6,93.1,31.55,29.12,27.18,27.48
135.28,4285,123.2,100,0,0.2,2,7023,-0.02,0.04,147.7,114,90.6,93.1,31.55,29.12,27.18,27.48
135.32,4287,123.3,100,0,0.8,2,7026,0.03,0.04,147.7,114,90.6,93.1,31.55,29.12,27.18,27.48
135.36,4288,123.3,100,0,-0.4,2,7029,-0.01,0.04,147.6,114,90.6,93.1,31.55,29.11,27.18,27.48
135.4,4289,123.4,100,0,0.8,2,7032,-0.03,0.04,147.6,114,90.6,93.1,31.55,29.11,27.18,27.48
135.44,4291,123.4,100,0,-0.5,2,7036,0.01,0.04,147.6,114,90.6,93.1,31.55,29.11,27.18,27.48
135.48,4292,123.5,100,0,-0.6,2,7039,0.01,0.04,147.6,114,90.5,93,31.55,29.11,27.18,27.48
135.52,4293,123.5,100,0,0.3,2,7042,0.02,0.04,147.6,113.9,90.5,93,31.54,29.11,27.18,27.48
135.56,4295,123.6,100,0,-0.2,2,7046,0.05,0.04,147.6,113.9,90.5,93,31.54,29.11,27.18,27.48
135.6,4296,123.7,100,0,0,2,7049,0,0.04,147.6,113.9,90.5,93,31.54,29.11,27.18,27.48
135.64,4298,123.7,100,0,-0.4,2,7052,-0.01,0.04,147.6,113.9,90.5,93,31.54,29.11,27.17,27.47
135.68,4299,123.8,100,0,0.2,2,7055,0,0.04,147.5,113.9,90.5,93,31.54,29.11,27.17,27.47
135.72,4300,123.8,100,0,0,2,7059,0,0.04,147.5,113.9,90.5,93,31.54,29.11,27.17,27.47
135.76,4302,123.9,100,0,0.4,2,7062,-0.02,0.04,147.5,113.9,90.5,93,31.54,29.11,27.17,27.47
135.8,4303,124,100,0,-0.1,2,7065,0.03,0.04,147.5,113.9,90.4,92.9,31.54,29.1,27.17,27.47
135.84,4304,124,100,0,-0.3,2,7069,-0.06,0.04,147.5,113.8,90.4,92.9,31.54,29.1,27.17,27.47
135.88,4306,124.1,100,0,-0.2,2,7072,0,0.04,147.5,113.8,90.4,92.9,31.54,29.1,27.17,27.47
135.92,4307,124.1,100,0,-0.6,2,7075,-0.05,0.04,147.5,113.8,90.4,92.9,31.54,29.1,27.17,27.47
135.96,4309,124.2,100,0,-0.5,2,7078,0.03,0.04,147.5,113.8,90.4,92.9,31.53,29.1,27.17,27.47
136,4310,124.2,100,0,0.3,2,7082,-0.02,0.04,147.4,113.8,90.4,92.9,31.53,29.1,27.17,27.47
136.04,4311,124.3,100,0,0.5,2,7085,-0.05,0.04,147.4,113.8,90.4,92.9,31.53,29.1,27.17,27.47
136.08,4313,124.4,100,0,0.2,2,7088,0,0.04,147.4,113.8,90.4,92.9,31.53,29.1,27.16,27.46
136.12,4314,124.4,100,0,0.1,2,7092,0,0.04,147.4,113.8,90.3,92.8,31.53,29.1,27.16,27.46
136.16,4316,124.5,100,0,-0.9,2,7095,0.03,0.04,147.4,113.8,90.3,92.8,31.53,29.1,27.16,27.46
136.2,4317,124.5,100,0,0.6,2,7098,0,0.04,147.4,113.7,90.3,92.8,31.53,29.1,27.16,27.46