Time,Distance,Speed,Throttle,Brake,Steering,Gear,RPM,LatG,LongG,TyreTemp_FL,TyreTemp_FR,TyreTemp_RL,TyreTemp_RR,Press_FL,Press_FR,Press_RL,Press_RR
0,0,180.1,100,0,0.1,4,6482,0.01,0.04,84.8,88,83,85.5,26.95,27.35,26.75,27.15
0.04,2,180.1,100,0,0.4,4,6484,0.01,0.04,84.8,88,83,85.5,26.95,27.35,26.75,27.15
0.08,4,180.2,100,0,0,4,6486,0,0.04,84.8,88,83,85.5,26.95,27.35,26.75,27.15
0.12,6,180.2,100,0,-0.1,4,6488,-0.02,0.04,84.8,88,83,85.5,26.95,27.35,26.75,27.15
0.16,8,180.3,100,0,-0.5,4,6490,0,0.04,84.7,87.9,82.9,85.4,26.95,27.35,26.75,27.15
0.2,10,180.3,100,0,-0.3,4,6492,0.01,0.04,84.7,87.9,82.9,85.4,26.94,27.34,26.74,27.14
0.24,12,180.4,100,0,0.6,4,6495,0.01,0.04,84.7,87.9,82.9,85.4,26.94,27.34,26.74,27.14
0.28,14,180.5,100,0,0.6,4,6497,0,0.04,84.7,87.9,82.9,85.4,26.94,27.34,26.74,27.14
0.32,16,180.5,100,0,0.2,4,6499,0.01,0.04,84.7,87.9,82.9,85.4,26.94,27.34,26.74,27.14
0.36,18,180.6,100,0,-0.5,4,6501,0.01,0.04,84.7,87.9,82.9,85.4,26.94,27.34,26.74,27.14
0.4,20,180.6,100,0,0.8,4,6503,-0.02,0.04,84.7,87.9,82.9,85.4,26.94,27.34,26.74,27.14
0.44,22,180.7,100,0,-0.2,4,6505,0.04,0.04,84.7,87.9,82.9,85.4,26.94,27.34,26.74,27.14
0.48,24,180.7,100,0,-0.3,4,6507,0,0.04,84.6,87.8,82.8,85.3,26.94,27.34,26.74,27.14
0.52,26,180.8,100,0,0,4,6509,0.02,0.04,84.6,87.8,82.8,85.3,26.94,27.34,26.74,27.14
0.56,28,180.9,100,0,0.1,4,6511,-0.01,0.04,84.6,87.8,82.8,85.3,26.94,27.34,26.74,27.14
0.6,30,180.9,100,0,-0.1,4,6513,0,0.04,84.6,87.8,82.8,85.3,26.94,27.34,26.74,27.14
0.64,32,181,100,0,0,4,6515,-0.01,0.04,84.6,87.8,82.8,85.3,26.93,27.33,26.73,27.13
0.68,34,181,100,0,-0.1,4,6517,-0.01,0.04,84.6,87.8,82.8,85.3,26.93,27.33,26.73,27.13
0.72,36,181.1,100,0,0.2,4,6519,-0.02,0.04,84.6,87.8,82.8,85.3,26.93,27.33,26.73,27.13
0.76,38,181.2,100,0,0.2,4,6521,0.05,0.04,84.6,87.8,82.8,85.3,26.93,27.33,26.73,27.13
0.8,40,181.2,100,0,0.3,4,6524,-0.03,0.04,84.5,87.7,82.7,85.2,26.93,27.33,26.73,27.13
0.84,42,181.3,100,0,-0.7,4,6526,-0.01,0.04,84.5,87.7,82.7,85.2,26.93,27.33,26.73,27.13
0.88,44,181.3,100,0,0.1,4,6528,-0.01,0.04,84.5,87.7,82.7,85.2,26.93,27.33,26.73,27.13
0.92,46,181.4,100,0,-0.2,4,6530,-0.01,0.04,84.5,87.7,82.7,85.2,26.93,27.33,26.73,27.13
0.96,48,181.4,100,0,0.3,4,6532,0.03,0.04,84.5,87.7,82.7,85.2,26.93,27.33,26.73,27.13
1,50,181.5,100,0,-1,4,6534,-0.05,0.04,84.5,87.7,82.7,85.2,26.93,27.33,26.73,27.13
1.04,52,181.6,100,0,0.7,4,6536,-0.01,0.04,84.5,87.7,82.7,85.2,26.93,27.33,26.73,27.13
1.08,54,181.6,100,0,-0.8,4,6538,0.03,0.04,84.5,87.7,82.7,85.2,26.92,27.32,26.72,27.12
1.12,56,181.7,100,0,0,4,6540,0.02,0.04,84.5,87.7,82.7,85.2,26.92,27.32,26.72,27.12
1.16,58,181.7,100,0,-0.3,4,6542,0.03,0.04,84.4,87.6,82.6,85.1,26.92,27.32,26.72,27.12
1.2,60,181.8,100,0,-0.6,4,6544,-0.01,0.04,84.4,87.6,82.6,85.1,26.92,27.32,26.72,27.12
1.24,62,181.8,100,0,0.1,4,6546,-0.03,0.04,84.4,87.6,82.6,85.1,26.92,27.32,26.72,27.12
1.28,64,181.9,100,0,-0.6,4,6548,-0.02,0.04,84.4,87.6,82.6,85.1,26.92,27.32,26.72,27.12
1.32,66,182,100,0,0.6,4,6551,-0.04,0.04,84.4,87.6,82.6,85.1,26.92,27.32,26.72,27.12
1.36,68,182,100,0,-0.5,4,6553,-0.01,0.04,84.4,87.6,82.6,85.1,26.92,27.32,26.72,27.12
1.4,70,182.1,100,0,-0.6,4,6555,0.02,0.04,84.4,87.6,82.6,85.1,26.92,27.32,26.72,27.12
1.44,72,182.1,100,0,0,4,6557,0.03,0.04,84.4,87.6,82.6,85.1,26.92,27.32,26.72,27.12
1.48,74,182.2,100,0,0.9,4,6559,0.01,0.04,84.3,87.5,82.5,85,26.92,27.32,26.72,27.12
1.52,76,182.2,100,0,0.8,4,6561,0.01,0.04,84.3,87.5,82.5,85,26.91,27.31,26.71,27.11
1.56,78,182.3,100,0,-0.1,4,6563,0,0.04,84.3,87.5,82.5,85,26.91,27.31,26.71,27.11
1.6,81,182.4,100,0,0,4,6565,0,0.04,84.3,87.5,82.5,85,26.91,27.31,26.71,27.11
1.64,83,182.4,100,0,-0.3,4,6567,-0.01,0.04,84.3,87.5,82.5,85,26.91,27.31,26.71,27.11
1.68,85,182.5,100,0,-0.1,4,6569,0.03,0.04,84.3,87.5,82.5,85,26.91,27.31,26.71,27.11
1.72,87,182.5,100,0,-0.1,4,6571,-0.02,0.04,84.3,87.5,82.5,85,26.91,27.31,26.71,27.11
1.76,89,182.6,100,0,0.1,4,6573,0.01,0.04,84.3,87.5,82.5,85,26.91,27.31,26.71,27.11
1.8,91,182.6,100,0,-0.3,4,6575,-0.01,0.04,84.2,87.4,82.4,84.9,26.91,27.31,26.71,27.11
1.84,93,182.7,100,0,-0.5,4,6577,-0.02,0.04,84.2,87.4,82.4,84.9,26.91,27.31,26.71,27.11
1.88,95,182.8,100,0,-0.3,4,6580,-0.01,0.04,84.2,87.4,82.4,84.9,26.91,27.31,26.71,27.11
1.92,97,182.8,100,0,-0.3,4,6582,0,0.04,84.2,87.4,82.4,84.9,26.91,27.31,26.71,27.11
1.96,99,182.9,100,0,0.3,4,6584,0.01,0.04,84.2,87.4,82.4,84.9,26.9,27.3,26.7,27.1
2,101,182.9,100,0,0.7,4,6586,0.01,0.04,84.2,87.4,82.4,84.9,26.9,27.3,26.7,27.1
2.04,103,183,100,0,-0.1,4,6588,-0.01,0.04,84.2,87.4,82.4,84.9,26.9,27.3,26.7,27.1
2.08,105,183.1,100,0,0,4,6590,0.02,0.04,84.2,87.4,82.4,84.9,26.9,27.3,26.7,27.1
2.12,107,183.1,100,0,0,4,6592,0.02,0.04,84.2,87.4,82.4,84.9,26.9,27.3,26.7,27.1
2.16,109,183.2,100,0,-0.5,4,6594,-0.02,0.04,84.1,87.3,82.3,84.8,26.9,27.3,26.7,27.1
2.2,111,183.2,100,0,-0.2,4,6596,-0.01,0.04,84.1,87.3,82.3,84.8,26.9,27.3,26.7,27.1
2.24,113,183.3,100,0,-1,4,6598,-0.02,0.04,84.1,87.3,82.3,84.8,26.9,27.3,26.7,27.1
2.28,115,183.3,100,0,0.7,4,6600,0,0.04,84.1,87.3,82.3,84.8,26.9,27.3,26.7,27.1
2.32,117,183.4,100,0,0.4,4,6602,-0.02,0.04,84.1,87.3,82.3,84.8,26.9,27.3,26.7,27.1
2.36,119,183.5,100,0,0.8,4,6604,0.02,0.04,84.1,87.3,82.3,84.8,26.9,27.3,26.7,27.1
2.4,121,183.5,100,0,0,4,6606,-0.02,0.04,84.1,87.3,82.3,84.8,26.9,27.3,26.7,27.1
2.44,123,183.6,100,0,0.3,4,6609,-0.02,0.04,84.1,87.3,82.3,84.8,26.89,27.29,26.69,27.09
2.48,125,183.6,100,0,0.4,4,6611,-0.01,0.04,84,87.2,82.2,84.7,26.89,27.29,26.69,27.09
2.52,127,183.7,100,0,0,4,6613,-0.02,0.04,84,87.2,82.2,84.7,26.89,27.29,26.69,27.09
2.56,129,183.7,100,0,-0.8,4,6615,0.01,0.04,84,87.2,82.2,84.7,26.89,27.29,26.69,27.09
2.6,131,183.8,100,0,0.2,4,6617,-0.01,0.04,84,87.2,82.2,84.7,26.89,27.29,26.69,27.09
2.64,133,183.9,100,0,-0.3,4,6619,0.01,0.04,84,87.2,82.2,84.7,26.89,27.29,26.69,27.09
2.68,135,183.9,100,0,0.2,4,6621,-0.03,0.04,84,87.2,82.2,84.7,26.89,27.29,26.69,27.09
2.72,138,184,100,0,0.1,4,6623,-0.05,0.04,84,87.2,82.2,84.7,26.89,27.29,26.69,27.09
2.76,140,184,100,0,0.6,4,6625,0.01,0.04,84,87.2,82.2,84.7,26.89,27.29,26.69,27.09
2.8,142,184.1,100,0,0.3,4,6627,0,0.04,83.9,87.1,82.1,84.6,26.89,27.29,26.69,27.09
2.84,144,184.1,100,0,-0.5,4,6629,0.02,0.04,83.9,87.1,82.1,84.6,26.89,27.29,26.69,27.09
2.88,146,184.2,100,0,0,4,6631,0,0.04,83.9,87.1,82.1,84.6,26.88,27.28,26.68,27.08
2.92,148,184.3,100,0,-0.2,4,6633,-0.04,0.04,83.9,87.1,82.1,84.6,26.88,27.28,26.68,27.08
2.96,150,184.3,100,0,-0.4,4,6636,-0.01,0.04,83.9,87.1,82.1,84.6,26.88,27.28,26.68,27.08
3,152,184.4,100,0,-0.1,4,6638,0,0.04,83.9,87.1,82.1,84.6,26.88,27.28,26.68,27.08
3.04,154,184.4,100,0,0.1,4,6640,0.02,0.04,83.9,87.1,82.1,84.6,26.88,27.28,26.68,27.08
3.08,156,184.5,100,0,0.3,4,6642,0.02,0.04,83.9,87.1,82.1,84.6,26.88,27.28,26.68,27.08
3.12,158,184.6,100,0,-0.2,4,6644,0.02,0.04,83.9,87.1,82.1,84.6,26.88,27.28,26.68,27.08
3.16,160,184.6,100,0,-0.1,4,6646,0,0.04,83.8,87,82,84.5,26.88,27.28,26.68,27.08
3.2,162,184.7,100,0,0.5,4,6648,0.01,0.04,83.8,87,82,84.5,26.88,27.28,26.68,27.08
3.24,164,184.7,100,0,0.2,4,6650,0.03,0.04,83.8,87,82,84.5,26.88,27.28,26.68,27.08
3.28,166,184.8,100,0,-0.4,4,6652,0,0.04,83.8,87,82,84.5,26.88,27.28,26.68,27.08
3.32,168,184.8,100,0,0.1,4,6654,0.01,0.04,83.8,87,82,84.5,26.87,27.27,26.67,27.07
3.36,170,184.9,100,0,-0.1,4,6656,0.01,0.04,83.8,87,82,84.5,26.87,27.27,26.67,27.07
3.4,172,185,100,0,0.5,4,6658,0.02,0.04,83.8,87,82,84.5,26.87,27.27,26.67,27.07
3.44,174,185,100,0,0.1,4,6660,0.04,0.04,83.8,87,82,84.5,26.87,27.27,26.67,27.07
3.48,176,185.1,100,0,0.6,4,6662,0.02,0.04,83.7,86.9,81.9,84.4,26.87,27.27,26.67,27.07
3.52,179,185.1,100,0,0.8,4,6665,0.01,0.04,83.7,86.9,81.9,84.4,26.87,27.27,26.67,27.07
3.56,181,185.2,100,0,0,4,6667,-0.01,0.04,83.7,86.9,81.9,84.4,26.87,27.27,26.67,27.07
3.6,183,185.2,100,0,0,4,6669,0.02,0.04,83.7,86.9,81.9,84.4,26.87,27.27,26.67,27.07
3.64,185,185.3,100,0,-0.1,4,6671,0.01,0.04,83.7,86.9,81.9,84.4,26.87,27.27,26.67,27.07
3.68,187,185.4,100,0,0.2,4,6673,0,0.04,83.7,86.9,81.9,84.4,26.87,27.27,26.67,27.07
3.72,189,185.4,100,0,-0.4,4,6675,0.01,0.04,83.7,86.9,81.9,84.4,26.87,27.27,26.67,27.07
3.76,191,185.5,100,0,-0.4,4,6677,0.02,0.04,83.7,86.9,81.9,84.4,26.86,27.26,26.66,27.06
3.8,193,185.5,100,0,0.1,4,6679,0.01,0.04,83.6,86.8,81.8,84.3,26.86,27.26,26.66,27.06
3.84,195,185.6,100,0,0,4,6681,0.02,0.04,83.6,86.8,81.8,84.3,26.86,27.26,26.66,27.06
3.88,197,185.6,100,0,-0.2,4,6683,0.01,0.04,83.6,86.8,81.8,84.3,26.86,27.26,26.66,27.06
3.92,199,185.7,100,0,0.4,4,6685,-0.01,0.04,83.6,86.8,81.8,84.3,26.86,27.26,26.66,27.06
3.96,201,185.8,100,0,-0.1,4,6687,0.01,0.04,83.6,86.8,81.8,84.3,26.86,27.26,26.66,27.06
4,203,185.8,100,0,-0.2,4,6689,0,0.04,83.6,86.8,81.8,84.3,26.86,27.26,26.66,27.06
4.04,205,185.9,100,0,0.3,4,6692,0,0.04,83.6,86.8,81.8,84.3,26.86,27.26,26.66,27.06
4.08,207,185.9,100,0,0.1,4,6694,0.01,0.04,83.6,86.8,81.8,84.3,26.86,27.26,26.66,27.06
4.12,209,186,100,0,0.7,4,6696,-0.01,0.04,83.6,86.8,81.8,84.3,26.86,27.26,26.66,27.06
4.16,211,186,100,0,0.5,4,6698,0.02,0.04,83.5,86.7,81.7,84.2,26.86,27.26,26.66,27.06
4.2,214,186.1,100,0,-0.7,4,6700,0.02,0.04,83.5,86.7,81.7,84.2,26.85,27.25,26.65,27.05
4.24,216,186.2,100,0,0.1,4,6702,-0.02,0.04,83.5,86.7,81.7,84.2,26.85,27.25,26.65,27.05
4.28,218,186.2,100,0,0.3,4,6704,-0.01,0.04,83.5,86.7,81.7,84.2,26.85,27.25,26.65,27.05
4.32,220,186.3,100,0,0.6,4,6706,-0.03,0.04,83.5,86.7,81.7,84.2,26.85,27.25,26.65,27.05
4.36,222,186.3,100,0,0.3,4,6708,0.02,0.04,83.5,86.7,81.7,84.2,26.85,27.25,26.65,27.05
4.4,224,186.4,100,0,-0.6,4,6710,0.04,0.04,83.5,86.7,81.7,84.2,26.85,27.25,26.65,27.05
4.44,226,186.5,100,0,0.1,4,6712,0.02,0.04,83.5,86.7,81.7,84.2,26.85,27.25,26.65,27.05
4.48,228,186.5,100,0,0.6,4,6714,0.03,0.04,83.4,86.6,81.6,84.1,26.85,27.25,26.65,27.05
4.52,230,186.6,100,0,0.4,4,6716,0,0.04,83.4,86.6,81.6,84.1,26.85,27.25,26.65,27.05
4.56,232,186.6,100,0,0,4,6718,-0.01,0.04,83.4,86.6,81.6,84.1,26.85,27.25,26.65,27.05
4.6,234,186.7,100,0,0.4,4,6721,0.04,0.04,83.4,86.6,81.6,84.1,26.85,27.25,26.65,27.05
4.64,236,186.7,100,0,-0.7,4,6723,-0.02,0.04,83.4,86.6,81.6,84.1,26.84,27.24,26.64,27.04
4.68,238,186.8,100,0,0.2,4,6725,0,0.04,83.4,86.6,81.6,84.1,26.84,27.24,26.64,27.04
4.72,240,186.9,100,0,0.3,4,6727,-0.03,0.04,83.4,86.6,81.6,84.1,26.84,27.24,26.64,27.04
4.76,243,186.9,100,0,0.7,4,6729,-0.01,0.04,83.4,86.6,81.6,84.1,26.84,27.24,26.64,27.04
4.8,245,187,100,0,-0.3,4,6731,0,0.04,83.3,86.5,81.5,84,26.84,27.24,26.64,27.04
4.84,247,187,100,0,-0.2,4,6733,0,0.04,83.3,86.5,81.5,84,26.84,27.24,26.64,27.04
4.88,249,187.1,100,0,-0.5,4,6735,-0.04,0.04,83.3,86.5,81.5,84,26.84,27.24,26.64,27.04
4.92,251,187.1,100,0,0.4,4,6737,0.02,0.04,83.3,86.5,81.5,84,26.84,27.24,26.64,27.04
4.96,253,187.2,100,0,0.2,4,6739,-0.01,0.04,83.3,86.5,81.5,84,26.84,27.24,26.64,27.04
5,255,187.3,100,0,0.3,4,6741,0.02,0.04,83.3,86.5,81.5,84,26.84,27.24,26.64,27.04
5.04,257,187.3,100,0,0.6,4,6743,0.01,0.04,83.3,86.5,81.5,84,26.84,27.24,26.64,27.04
5.08,259,187.4,100,0,-0.1,4,6745,-0.01,0.04,83.3,86.5,81.5,84,26.83,27.23,26.63,27.03
5.12,261,187.4,100,0,0.5,4,6747,0.01,0.04,83.3,86.5,81.5,84,26.83,27.23,26.63,27.03
5.16,263,187.5,100,0,0.7,4,6750,0.02,0.04,83.2,86.4,81.4,83.9,26.83,27.23,26.63,27.03
5.2,265,187.5,100,0,0,4,6752,-0.01,0.04,83.2,86.4,81.4,83.9,26.83,27.23,26.63,27.03
5.24,268,187.6,100,0,-0.2,4,6754,0.02,0.04,83.2,86.4,81.4,83.9,26.83,27.23,26.63,27.03
5.28,270,187.7,100,0,0.4,4,6756,-0.01,0.04,83.2,86.4,81.4,83.9,26.83,27.23,26.63,27.03
5.32,272,187.7,100,0,0.2,4,6758,0.01,0.04,83.2,86.4,81.4,83.9,26.83,27.23,26.63,27.03
5.36,274,187.8,100,0,0,4,6760,0.01,0.04,83.2,86.4,81.4,83.9,26.83,27.23,26.63,27.03
5.4,276,187.8,100,0,0.6,4,6762,0.01,0.04,83.2,86.4,81.4,83.9,26.83,27.23,26.63,27.03
5.44,278,187.9,100,0,0,4,6764,-0.02,0.04,83.2,86.4,81.4,83.9,26.83,27.23,26.63,27.03
5.48,280,187.9,0,0,0.4,4,6764,0,-1.85,83.3,86.4,81.4,83.9,26.84,27.23,26.63,27.03
5.52,282,187.7,0,8,-0.8,4,6755,0,-1.85,83.4,86.4,81.4,83.9,26.84,27.23,26.63,27.03
5.56,284,187.2,0,15,-0.6,4,6739,0,-1.85,83.5,86.5,81.4,83.9,26.85,27.24,26.63,27.03
5.6,286,186.5,0,23,-1.4,4,6714,0,-1.85,83.6,86.5,81.4,83.9,26.86,27.24,26.63,27.03
5.64,288,185.6,0,30,1.6,4,6682,0,-1.85,83.8,86.6,81.4,83.9,26.87,27.24,26.63,27.03
5.68,290,184.5,0,37,0.4,4,6642,0,-1.85,83.9,86.6,81.4,83.9,26.88,27.24,26.63,27.03
5.72,292,183.2,0,45,0.4,4,6593,0,-1.85,84,86.6,81.4,83.9,26.89,27.25,26.63,27.03
5.76,295,181.6,0,52,-0.2,4,6537,0,-1.85,84.1,86.7,81.4,83.9,26.9,27.25,26.63,27.03
5.8,297,179.8,0,59,0.1,4,6474,0,-1.85,84.2,86.7,81.4,83.9,26.91,27.25,26.63,27.03
5.84,299,177.8,0,66,-0.9,4,6402,0,-1.85,84.4,86.8,81.4,83.9,26.92,27.26,26.63,27.03
5.88,301,175.7,0,73,0.2,4,6323,0,-1.85,84.5,86.8,81.4,83.9,26.93,27.26,26.63,27.03
5.92,302,173.4,0,75,0.2,3,7630,0,-1.85,84.6,86.8,81.4,83.9,26.93,27.26,26.63,27.03
5.96,304,172,0,75,0.6,3,7568,0,-1.85,84.7,86.9,81.4,83.9,26.94,27.27,26.63,27.03
6,306,172,0,75,0.2,3,7568,0,-1.85,84.8,86.9,81.4,83.9,26.95,27.27,26.63,27.03
6.04,308,172,0,75,0.2,3,7568,0,-1.85,85,87,81.4,83.9,26.96,27.27,26.63,27.03
6.08,310,172,0,75,0.7,3,7568,0,-1.85,85.1,87,81.4,83.9,26.97,27.27,26.63,27.03
6.12,312,172,0,75,0.6,3,7568,0,-1.85,85.2,87,81.4,83.9,26.98,27.28,26.63,27.03
6.16,314,172,0,75,1.5,3,7568,0,-1.85,85.3,87.1,81.4,83.9,26.99,27.28,26.63,27.03
6.2,316,172,0,75,-1.3,3,7568,0,-1.85,85.4,87.1,81.4,83.9,27,27.28,26.63,27.03
6.24,318,172,0,75,1,3,7568,0,-1.85,85.6,87.2,81.4,83.9,27.01,27.29,26.63,27.03
6.28,320,172,0,75,-0.2,3,7568,0,-1.85,85.7,87.2,81.4,83.9,27.02,27.29,26.63,27.03
6.32,322,172,0,75,2,3,7568,0,-1.85,85.8,87.2,81.4,83.9,27.02,27.29,26.63,27.03
6.36,324,172,0,75,-0.3,3,7568,0,-1.85,85.9,87.3,81.4,83.9,27.03,27.3,26.63,27.03
6.4,325,172,0,75,0.7,3,7568,0,-1.85,86,87.3,81.4,83.9,27.04,27.3,26.63,27.03
6.44,327,172,0,75,0.5,3,7568,0,-1.85,86.2,87.4,81.4,83.9,27.05,27.3,26.63,27.03
6.48,329,172,0,75,-0.2,3,7568,0,-1.85,86.3,87.4,81.4,83.9,27.06,27.3,26.63,27.03
6.52,331,172,0,75,0.2,3,7568,0,-1.85,86.4,87.4,81.4,83.9,27.07,27.31,26.63,27.03
6.56,333,172,0,75,0.8,3,7568,0,-1.85,86.5,87.5,81.4,83.9,27.08,27.31,26.63,27.03
6.6,335,172,0,75,-0.8,3,7568,0,-1.85,86.6,87.5,81.4,83.9,27.09,27.31,26.63,27.03
6.64,337,172,0,75,-0.6,3,7568,0,-1.85,86.8,87.6,81.4,83.9,27.1,27.32,26.63,27.03
6.68,339,172,0,75,-0.4,3,7568,0,-1.85,86.9,87.6,81.4,83.9,27.11,27.32,26.63,27.03
6.72,341,172,0,75,0.9,3,7568,0,-1.85,87,87.6,81.4,83.9,27.11,27.32,26.63,27.03
6.76,343,172,0,75,-1.6,3,7568,0,-1.85,87.1,87.7,81.4,83.9,27.12,27.33,26.63,27.03
6.8,345,172,0,73,0.8,3,7568,0.04,-1.37,87.2,87.7,81.4,83.9,27.13,27.33,26.63,27.03
6.84,346,172,0,70,3.8,3,7568,0.09,-1.34,87.4,87.8,81.4,83.9,27.14,27.33,26.63,27.03
6.88,348,172,0,68,4.4,3,7568,0.15,-1.3,87.5,87.8,81.4,83.9,27.15,27.33,26.63,27.03
6.92,350,172,0,65,6.9,3,7568,0.2,-1.27,87.6,87.8,81.4,83.9,27.16,27.34,26.63,27.03
6.96,352,172,0,63,6.9,3,7568,0.25,-1.23,87.7,87.9,81.4,83.9,27.17,27.34,26.63,27.03
7,354,172,0,60,9.5,3,7568,0.3,-1.2,87.8,87.9,81.4,83.9,27.18,27.34,26.63,27.03
7.04,356,172,0,58,10.9,3,7568,0.35,-1.16,88,88,81.4,83.9,27.19,27.35,26.63,27.03
7.08,358,172,0,55,12.6,3,7568,0.41,-1.13,88.1,88,81.4,83.9,27.2,27.35,26.63,27.03
7.12,360,172,0,53,14.9,3,7568,0.46,-1.09,88.2,88,81.4,83.9,27.2,27.35,26.63,27.03
7.16,362,172,0,51,15.1,3,7568,0.51,-1.06,88.3,88.1,81.4,83.9,27.21,27.36,26.63,27.03
7.2,364,172,0,48,17.2,3,7568,0.56,-1.02,88.4,88.1,81.4,83.9,27.22,27.36,26.63,27.03
7.24,366,172,0,46,18.9,3,7568,0.61,-0.99,88.6,88.2,81.4,83.9,27.23,27.36,26.63,27.03
7.28,367,172,0,44,19.4,3,7568,0.67,-0.96,88.7,88.2,81.4,83.9,27.24,27.36,26.63,27.03
7.32,369,172,0,42,21.3,3,7568,0.72,-0.92,88.8,88.2,81.4,83.9,27.25,27.37,26.63,27.03
7.36,371,172,0,40,23.6,3,7568,0.77,-0.89,88.9,88.3,81.4,83.9,27.26,27.37,26.63,27.03
7.4,373,172,0,37,24.4,3,7568,0.82,-0.85,89,88.3,81.4,83.9,27.27,27.37,26.63,27.03
7.44,375,172,0,35,25.9,3,7568,0.88,-0.82,89.2,88.4,81.4,83.9,27.28,27.38,26.63,27.03
7.48,377,172,0,33,26.5,3,7568,0.93,-0.78,89.3,88.4,81.4,83.9,27.29,27.38,26.63,27.03
7.52,379,172,0,31,27.8,3,7568,0.98,-0.75,89.4,88.4,81.4,83.9,27.29,27.38,26.63,27.03
7.56,381,172,0,29,29,3,7568,1.03,-0.71,89.5,88.5,81.4,83.9,27.3,27.39,26.63,27.03
7.6,383,172,0,27,31.2,3,7568,1.08,-0.68,89.6,88.5,81.4,83.9,27.31,27.39,26.63,27.03
7.64,385,172,0,25,32.5,3,7568,1.14,-0.64,89.8,88.6,81.4,83.9,27.32,27.39,26.63,27.03
7.68,387,172,0,23,32.3,3,7568,1.19,-0.61,89.9,88.6,81.4,83.9,27.33,27.39,26.63,27.03
7.72,388,172,0,21,33.8,3,7568,1.24,-0.57,90,88.6,81.4,83.9,27.34,27.4,26.63,27.03
7.76,390,172,0,20,34.8,3,7568,1.29,-0.54,90.1,88.7,81.4,83.9,27.35,27.4,26.63,27.03
7.8,392,172,0,18,36,3,7568,1.34,-0.5,90.2,88.7,81.4,83.9,27.36,27.4,26.63,27.03
7.84,394,172,0,16,35.9,3,7568,1.4,-0.47,90.4,88.8,81.4,83.9,27.37,27.41,26.63,27.03
7.88,396,172,0,15,36.9,3,7568,1.45,-0.43,90.5,88.8,81.4,83.9,27.38,27.41,26.63,27.03
7.92,398,172,0,13,37.3,3,7568,1.5,-0.4,90.6,88.8,81.4,83.9,27.38,27.41,26.63,27.03
7.96,400,172,0,11,38.1,3,7568,1.55,-0.36,90.7,88.9,81.4,83.9,27.39,27.42,26.63,27.03
8,402,172,0,10,40.5,3,7568,1.61,-0.33,90.8,88.9,81.4,83.9,27.4,27.42,26.63,27.03
8.04,404,172,0,8,39.2,3,7568,1.66,-0.3,91,89,81.4,83.9,27.41,27.42,26.63,27.03
8.08,406,172,0,7,40.6,3,7568,1.71,-0.26,91.1,89,81.4,83.9,27.42,27.42,26.63,27.03
8.12,408,172,0,6,39.9,3,7568,1.76,-0.23,91.2,89,81.4,83.9,27.43,27.43,26.63,27.03
8.16,410,172,0,5,41.7,3,7568,1.81,-0.19,91.3,89.1,81.4,83.9,27.44,27.43,26.63,27.03
8.2,411,172,0,3,40.6,3,7568,1.87,-0.16,91.4,89.1,81.4,83.9,27.45,27.43,26.63,27.03
8.24,413,172,0,2,42.8,3,7568,1.92,-0.12,91.6,89.2,81.4,83.9,27.46,27.44,26.63,27.03
8.28,415,172,0,2,41.5,3,7568,1.97,-0.09,91.7,89.2,81.4,83.9,27.47,27.44,26.63,27.03
8.32,417,172,0,1,41.8,3,7568,2.02,-0.05,91.8,89.2,81.4,83.9,27.47,27.44,26.63,27.03
8.36,419,172,0,0,41.6,3,7568,2.07,-0.02,91.9,89.3,81.4,83.9,27.48,27.45,26.63,27.03
8.4,421,172,2,0,41.1,3,7568,1.94,0.01,91.9,89.3,81.4,83.9,27.48,27.45,26.63,27.03
8.44,423,172,4,0,41.1,3,7568,1.91,0.02,91.9,89.3,81.4,83.9,27.48,27.45,26.63,27.03
8.48,425,172,6,0,40.5,3,7568,1.89,0.03,91.9,89.3,81.5,84,27.48,27.45,26.63,27.03
8.52,427,172,9,0,40.2,3,7569,1.86,0.04,91.9,89.3,81.5,84,27.48,27.45,26.64,27.04
8.56,429,172,11,0,39.3,3,7569,1.84,0.05,91.9,89.3,81.5,84,27.48,27.45,26.64,27.04
8.6,431,172,13,0,38.7,3,7570,1.81,0.06,91.9,89.3,81.6,84.1,27.48,27.45,26.64,27.04
8.64,432,172.1,15,0,36.8,3,7570,1.79,0.07,91.9,89.3,81.6,84.1,27.48,27.45,26.65,27.05
8.68,434,172.1,16,0,37.3,3,7571,1.76,0.08,91.9,89.3,81.6,84.1,27.48,27.45,26.65,27.05
8.72,436,172.1,18,0,35.4,3,7571,1.74,0.09,91.9,89.3,81.7,84.2,27.48,27.45,26.65,27.05
8.76,438,172.1,20,0,35.8,3,7572,1.71,0.1,91.9,89.3,81.7,84.2,27.48,27.45,26.65,27.05
8.8,440,172.1,22,0,36,3,7573,1.69,0.11,91.9,89.3,81.7,84.2,27.48,27.45,26.66,27.06
8.84,442,172.1,24,0,35.3,3,7574,1.66,0.12,91.9,89.3,81.8,84.3,27.48,27.45,26.66,27.06
8.88,444,172.2,25,0,32.9,3,7575,1.64,0.13,91.9,89.3,81.8,84.3,27.48,27.45,26.66,27.06
8.92,446,172.2,27,0,33.4,3,7576,1.61,0.14,91.9,89.3,81.8,84.3,27.48,27.45,26.66,27.06
8.96,448,172.2,29,0,32.3,3,7577,1.59,0.15,91.9,89.3,81.9,84.4,27.48,27.45,26.67,27.07
9,450,172.2,30,0,31.7,3,7578,1.56,0.16,91.9,89.3,81.9,84.4,27.48,27.45,26.67,27.07
9.04,452,172.3,32,0,30.7,3,7579,1.54,0.17,91.9,89.3,82,84.5,27.48,27.45,26.67,27.07
9.08,453,172.3,34,0,30.3,3,7581,1.51,0.18,91.9,89.3,82,84.5,27.48,27.45,26.67,27.07
9.12,455,172.3,35,0,29.9,3,7582,1.49,0.19,91.9,89.3,82,84.5,27.48,27.45,26.68,27.08
9.16,457,172.3,37,0,28.1,3,7583,1.47,0.2,91.9,89.3,82.1,84.6,27.48,27.45,26.68,27.08
9.2,459,172.4,39,0,28.7,3,7585,1.44,0.21,91.9,89.3,82.1,84.6,27.48,27.45,26.68,27.08
9.24,461,172.4,40,0,27,3,7586,1.42,0.22,91.9,89.3,82.1,84.6,27.48,27.45,26.68,27.08
9.28,463,172.4,42,0,27.5,3,7588,1.39,0.23,91.9,89.3,82.2,84.7,27.48,27.45,26.69,27.09
9.32,465,172.5,43,0,26.1,3,7589,1.37,0.24,91.9,89.3,82.2,84.7,27.48,27.45,26.69,27.09
9.36,467,172.5,45,0,25.3,3,7591,1.34,0.25,91.9,89.3,82.2,84.7,27.48,27.45,26.69,27.09
9.4,469,172.6,47,0,25,3,7593,1.32,0.26,91.9,89.3,82.3,84.8,27.48,27.45,26.69,27.09
9.44,471,172.6,48,0,24.6,3,7594,1.29,0.27,91.9,89.3,82.3,84.8,27.48,27.45,26.7,27.1
9.48,473,172.6,50,0,23.9,3,7596,1.27,0.29,91.9,89.3,82.3,84.8,27.48,27.45,26.7,27.1
9.52,475,172.7,51,0,22.3,3,7598,1.24,0.3,91.9,89.3,82.4,84.9,27.48,27.45,26.7,27.1
9.56,476,172.7,53,0,22.2,3,7600,1.22,0.31,91.9,89.3,82.4,84.9,27.48,27.45,26.71,27.11
9.6,478,172.8,54,0,21.7,3,7602,1.19,0.32,91.9,89.3,82.4,84.9,27.48,27.45,26.71,27.11
9.64,480,172.8,56,0,20.5,3,7604,1.17,0.33,91.9,89.3,82.5,85,27.48,27.45,26.71,27.11
9.68,482,172.9,57,0,20.1,3,7606,1.14,0.34,91.9,89.3,82.5,85,27.48,27.45,26.71,27.11
9.72,484,172.9,59,0,19.6,3,7608,1.12,0.35,91.9,89.3,82.5,85,27.48,27.45,26.72,27.12
9.76,486,173,60,0,19,3,7611,1.09,0.36,91.9,89.3,82.6,85.1,27.48,27.45,26.72,27.12
9.8,488,173,62,0,18.3,3,7613,1.07,0.37,91.9,89.3,82.6,85.1,27.48,27.45,26.72,27.12
9.84,490,173.1,63,0,17.3,3,7615,1.04,0.38,91.9,89.3,82.7,85.2,27.48,27.45,26.72,27.12
9.88,492,173.1,65,0,17.2,3,7618,1.02,0.39,91.9,89.3,82.7,85.2,27.48,27.45,26.73,27.13
9.92,494,173.2,66,0,16.3,3,7620,0.99,0.4,91.9,89.3,82.7,85.2,27.48,27.45,26.73,27.13
9.96,496,173.2,68,0,15.5,3,7623,0.97,0.41,91.9,89.3,82.8,85.3,27.48,27.45,26.73,27.13
10,498,173.3,69,0,14.2,3,7625,0.94,0.42,91.9,89.3,82.8,85.3,27.48,27.45,26.73,27.13
10.04,500,173.4,71,0,14.3,3,7628,0.92,0.43,91.9,89.3,82.8,85.3,27.48,27.45,26.74,27.14
10.08,501,173.4,72,0,13.2,3,7630,0.89,0.44,91.9,89.3,82.9,85.4,27.48,27.45,26.74,27.14
10.12,503,173.5,73,0,12.7,3,7633,0.87,0.45,91.9,89.3,82.9,85.4,27.48,27.45,26.74,27.14
10.16,505,173.5,75,0,12.7,3,7636,0.84,0.46,91.9,89.3,82.9,85.4,27.48,27.45,26.74,27.14
10.2,507,173.6,76,0,11.6,3,7639,0.82,0.47,91.9,89.3,83,85.5,27.48,27.45,26.75,27.15
10.24,509,173.7,78,0,11.5,3,7642,0.79,0.48,91.9,89.3,83,85.5,27.48,27.45,26.75,27.15
10.28,511,173.7,79,0,10.2,3,7644,0.77,0.49,91.9,89.3,83,85.5,27.48,27.45,26.75,27.15
10.32,513,173.8,81,0,9.4,3,7647,0.74,0.5,91.9,89.3,83.1,85.6,27.48,27.45,26.76,27.16
10.36,515,173.9,82,0,8.9,3,7650,0.72,0.51,91.9,89.3,83.1,85.6,27.48,27.45,26.76,27.16
10.4,517,173.9,83,0,8.5,3,7654,0.69,0.52,91.9,89.3,83.1,85.6,27.48,27.45,26.76,27.16
10.44,519,174,85,0,7.6,3,7657,0.67,0.54,91.9,89.3,83.2,85.7,27.48,27.45,26.76,27.16
10.48,521,174.1,86,0,6.7,3,7660,0.64,0.55,91.9,89.3,83.2,85.7,27.48,27.45,26.77,27.17
10.52,523,174.2,88,0,5.7,3,7663,0.61,0.56,91.9,89.3,83.2,85.7,27.48,27.45,26.77,27.17
10.56,525,174.2,89,0,6.1,3,7666,0.59,0.57,91.9,89.3,83.3,85.8,27.48,27.45,26.77,27.17
10.6,527,174.3,90,0,5,3,7670,0.56,0.58,91.9,89.3,83.3,85.8,27.48,27.45,26.77,27.17
10.64,529,174.4,92,0,3.9,3,7673,0.54,0.59,91.9,89.3,83.4,85.9,27.48,27.45,26.78,27.18
10.68,530,174.5,93,0,3.2,3,7676,0.51,0.6,91.9,89.3,83.4,85.9,27.48,27.45,26.78,27.18
10.72,532,174.5,95,0,2.9,3,7680,0.49,0.61,91.9,89.3,83.4,85.9,27.48,27.45,26.78,27.18
10.76,534,174.6,96,0,2,3,7683,0.46,0.62,91.9,89.3,83.5,86,27.48,27.45,26.78,27.18
10.8,536,174.7,97,0,1.6,3,7687,0.44,0.63,91.9,89.3,83.5,86,27.48,27.45,26.79,27.19
10.84,538,174.8,99,0,0.4,3,7691,0.41,0.64,91.9,89.3,83.5,86,27.48,27.45,26.79,27.19
10.88,540,174.8,100,0,0.4,3,7693,-0.04,0.04,91.9,89.3,83.5,86,27.48,27.44,26.79,27.19
10.92,542,174.9,100,0,-0.5,3,7696,0,0.04,91.9,89.3,83.5,86,27.48,27.44,26.79,27.19
10.96,544,175,100,0,0.2,3,7698,0.02,0.04,91.9,89.2,83.5,86,27.48,27.44,26.79,27.19
11,546,175,100,0,-0.1,4,6301,-0.01,0.04,91.9,89.2,83.5,86,27.48,27.44,26.79,27.19
11.04,548,175.1,100,0,0,4,6303,0.01,0.04,91.9,89.2,83.5,86,27.48,27.44,26.78,27.18
11.08,550,175.1,100,0,0.3,4,6305,0.04,0.04,91.8,89.2,83.5,86,27.48,27.44,26.78,27.18
11.12,552,175.2,100,0,0.6,4,6307,0.02,0.04,91.8,89.2,83.4,85.9,27.48,27.44,26.78,27.18
11.16,554,175.2,100,0,0.6,4,6309,0.01,0.04,91.8,89.2,83.4,85.9,27.48,27.44,26.78,27.18
11.2,556,175.3,100,0,0,4,6311,-0.01,0.04,91.8,89.2,83.4,85.9,27.48,27.44,26.78,27.18
11.24,558,175.4,100,0,-0.4,4,6313,0.04,0.04,91.8,89.2,83.4,85.9,27.47,27.44,26.78,27.18
11.28,560,175.4,100,0,0,4,6315,-0.02,0.04,91.8,89.1,83.4,85.9,27.47,27.44,26.78,27.18
11.32,562,175.5,100,0,-0.5,4,6317,-0.01,0.04,91.8,89.1,83.4,85.9,27.47,27.43,26.78,27.18
11.36,564,175.5,100,0,-0.6,4,6319,0.02,0.04,91.8,89.1,83.4,85.9,27.47,27.43,26.78,27.18
11.4,565,175.6,100,0,0.1,4,6321,0.04,0.04,91.7,89.1,83.4,85.9,27.47,27.43,26.78,27.18
11.44,567,175.6,100,0,-0.4,4,6323,-0.01,0.04,91.7,89.1,83.3,85.8,27.47,27.43,26.78,27.18
11.48,569,175.7,100,0,0.4,4,6325,0.01,0.04,91.7,89.1,83.3,85.8,27.47,27.43,26.78,27.18
11.52,571,175.8,100,0,0.1,4,6328,-0.02,0.04,91.7,89.1,83.3,85.8,27.47,27.43,26.77,27.17
11.56,573,175.8,100,0,0.4,4,6330,0.02,0.04,91.7,89.1,83.3,85.8,27.47,27.43,26.77,27.17
11.6,575,175.9,100,0,0.1,4,6332,0.02,0.04,91.7,89,83.3,85.8,27.47,27.43,26.77,27.17
11.64,577,175.9,100,0,-0.3,4,6334,0.03,0.04,91.7,89,83.3,85.8,27.47,27.43,26.77,27.17
11.68,579,176,100,0,0.3,4,6336,-0.01,0.04,91.7,89,83.3,85.8,27.46,27.43,26.77,27.17
11.72,581,176.1,100,0,-0.7,4,6338,0.02,0.04,91.7,89,83.3,85.8,27.46,27.43,26.77,27.17
11.76,583,176.1,100,0,-0.3,4,6340,-0.02,0.04,91.6,89,83.2,85.7,27.46,27.43,26.77,27.17
11.8,585,176.2,100,0,0.4,4,6342,-0.04,0.04,91.6,89,83.2,85.7,27.46,27.42,26.77,27.17
11.84,587,176.2,100,0,0,4,6344,0.01,0.04,91.6,89,83.2,85.7,27.46,27.42,26.77,27.17
11.88,589,176.3,100,0,0.3,4,6346,0.03,0.04,91.6,89,83.2,85.7,27.46,27.42,26.77,27.17
11.92,591,176.3,100,0,0.1,4,6348,-0.01,0.04,91.6,89,83.2,85.7,27.46,27.42,26.77,27.17
11.96,593,176.4,100,0,-0.1,4,6350,-0.02,0.04,91.6,88.9,83.2,85.7,27.46,27.42,26.76,27.16
12,595,176.5,100,0,-0.5,4,6352,-0.06,0.04,91.6,88.9,83.2,85.7,27.46,27.42,26.76,27.16
12.04,597,176.5,100,0,0,4,6354,-0.03,0.04,91.6,88.9,83.2,85.7,27.46,27.42,26.76,27.16
12.08,599,176.6,100,0,-0.2,4,6357,0.04,0.04,91.5,88.9,83.2,85.7,27.46,27.42,26.76,27.16
12.12,601,176.6,100,0,-0.7,4,6359,0.02,0.04,91.5,88.9,83.1,85.6,27.45,27.42,26.76,27.16
12.16,603,176.7,100,0,0.3,4,6361,-0.01,0.04,91.5,88.9,83.1,85.6,27.45,27.42,26.76,27.16
12.2,605,176.7,100,0,-0.7,4,6363,0,0.04,91.5,88.9,83.1,85.6,27.45,27.42,26.76,27.16
12.24,607,176.8,100,0,0,4,6365,0,0.04,91.5,88.9,83.1,85.6,27.45,27.41,26.76,27.16
12.28,609,176.9,100,0,0.3,4,6367,0.01,0.04,91.5,88.8,83.1,85.6,27.45,27.41,26.76,27.16
12.32,610,176.9,100,0,-0.3,4,6369,0.01,0.04,91.5,88.8,83.1,85.6,27.45,27.41,26.76,27.16
12.36,612,177,100,0,-0.5,4,6371,0.02,0.04,91.5,88.8,83.1,85.6,27.45,27.41,26.76,27.16
12.4,614,177,100,0,0.2,4,6373,0.01,0.04,91.4,88.8,83.1,85.6,27.45,27.41,26.75,27.15
12.44,616,177.1,100,0,0.1,4,6375,-0.01,0.04,91.4,88.8,83,85.5,27.45,27.41,26.75,27.15
12.48,618,177.1,100,0,0,4,6377,0.02,0.04,91.4,88.8,83,85.5,27.45,27.41,26.75,27.15
12.52,620,177.2,100,0,-0.1,4,6379,0.02,0.04,91.4,88.8,83,85.5,27.45,27.41,26.75,27.15
12.56,622,177.3,100,0,-0.1,4,6381,-0.02,0.04,91.4,88.8,83,85.5,27.45,27.41,26.75,27.15
12.6,624,177.3,100,0,0.3,4,6383,0.03,0.04,91.4,88.7,83,85.5,27.44,27.41,26.75,27.15
12.64,626,177.4,100,0,0,4,6386,0,0.04,91.4,88.7,83,85.5,27.44,27.41,26.75,27.15
12.68,628,177.4,100,0,-0.1,4,6388,-0.01,0.04,91.4,88.7,83,85.5,27.44,27.4,26.75,27.15
12.72,630,177.5,100,0,0.5,4,6390,0.02,0.04,91.4,88.7,83,85.5,27.44,27.4,26.75,27.15
12.76,632,177.5,100,0,0,4,6392,0.01,0.04,91.3,88.7,82.9,85.4,27.44,27.4,26.75,27.15
12.8,634,177.6,100,0,-0.3,4,6394,0.01,0.04,91.3,88.7,82.9,85.4,27.44,27.4,26.75,27.15
12.84,636,177.7,100,0,0.2,4,6396,0.01,0.04,91.3,88.7,82.9,85.4,27.44,27.4,26.74,27.14
12.88,638,177.7,100,0,0.2,4,6398,0,0.04,91.3,88.7,82.9,85.4,27.44,27.4,26.74,27.14
12.92,640,177.8,100,0,-0.1,4,6400,0.04,0.04,91.3,88.7,82.9,85.4,27.44,27.4,26.74,27.14
12.96,642,177.8,100,0,-0.1,4,6402,-0.02,0.04,91.3,88.6,82.9,85.4,27.44,27.4,26.74,27.14
13,644,177.9,100,0,0.2,4,6404,0,0.04,91.3,88.6,82.9,85.4,27.44,27.4,26.74,27.14
13.04,646,178,100,0,-0.1,4,6406,-0.03,0.04,91.3,88.6,82.9,85.4,27.43,27.4,26.74,27.14
13.08,648,178,100,0,0.2,4,6408,0.01,0.04,91.2,88.6,82.9,85.4,27.43,27.4,26.74,27.14
13.12,650,178.1,100,0,0.3,4,6410,0.01,0.04,91.2,88.6,82.8,85.3,27.43,27.39,26.74,27.14
13.16,652,178.1,100,0,-0.2,4,6413,0.01,0.04,91.2,88.6,82.8,85.3,27.43,27.39,26.74,27.14
13.2,654,178.2,100,0,0.4,4,6415,0,0.04,91.2,88.6,82.8,85.3,27.43,27.39,26.74,27.14
13.24,656,178.2,100,0,0,4,6417,-0.01,0.04,91.2,88.6,82.8,85.3,27.43,27.39,26.74,27.14
13.28,658,178.3,100,0,0,4,6419,-0.01,0.04,91.2,88.5,82.8,85.3,27.43,27.39,26.73,27.13
13.32,660,178.4,100,0,0,4,6421,-0.01,0.04,91.2,88.5,82.8,85.3,27.43,27.39,26.73,27.13
13.36,662,178.4,100,0,0.2,4,6423,0.02,0.04,91.2,88.5,82.8,85.3,27.43,27.39,26.73,27.13
13.4,664,178.5,100,0,0.6,4,6425,0,0.04,91.1,88.5,82.8,85.3,27.43,27.39,26.73,27.13
13.44,666,178.5,100,0,-0.3,4,6427,-0.05,0.04,91.1,88.5,82.7,85.2,27.43,27.39,26.73,27.13
13.48,668,178.6,100,0,-0.4,4,6429,-0.01,0.04,91.1,88.5,82.7,85.2,27.42,27.39,26.73,27.13
13.52,670,178.6,100,0,-0.4,4,6431,0,0.04,91.1,88.5,82.7,85.2,27.42,27.39,26.73,27.13
13.56,672,178.7,100,0,0.2,4,6433,0.01,0.04,91.1,88.5,82.7,85.2,27.42,27.38,26.73,27.13
13.6,674,178.8,100,0,0.1,4,6435,0,0.04,91.1,88.4,82.7,85.2,27.42,27.38,26.73,27.13
13.64,676,178.8,100,0,0.1,4,6437,0,0.04,91.1,88.4,82.7,85.2,27.42,27.38,26.73,27.13
13.68,678,178.9,100,0,-0.3,4,6439,-0.03,0.04,91.1,88.4,82.7,85.2,27.42,27.38,26.73,27.13
13.72,680,178.9,100,0,0,4,6442,0,0.04,91.1,88.4,82.7,85.2,27.42,27.38,26.72,27.12
13.76,682,179,100,0,0.6,4,6444,0.05,0.04,91,88.4,82.6,85.1,27.42,27.38,26.72,27.12
13.8,684,179,100,0,0.5,4,6446,0.01,0.04,91,88.4,82.6,85.1,27.42,27.38,26.72,27.12
13.84,686,179.1,100,0,-0.1,4,6448,0,0.04,91,88.4,82.6,85.1,27.42,27.38,26.72,27.12
13.88,688,179.2,100,0,0,4,6450,-0.01,0.04,91,88.4,82.6,85.1,27.42,27.38,26.72,27.12
13.92,690,179.2,100,0,0.6,4,6452,0.04,0.04,91,88.4,82.6,85.1,27.41,27.38,26.72,27.12
13.96,692,179.3,100,0,0.2,4,6454,-0.02,0.04,91,88.3,82.6,85.1,27.41,27.38,26.72,27.12
14,694,179.3,100,0,0.1,4,6456,-0.04,0.04,91,88.3,82.6,85.1,27.41,27.37,26.72,27.12
14.04,696,179.4,100,0,-0.6,4,6458,-0.03,0.04,91,88.3,82.6,85.1,27.41,27.37,26.72,27.12
14.08,698,179.5,100,0,0.1,4,6460,0.02,0.04,90.9,88.3,82.6,85.1,27.41,27.37,26.72,27.12
14.12,700,179.5,100,0,-0.2,4,6462,0.03,0.04,90.9,88.3,82.5,85,27.41,27.37,26.72,27.12
14.16,702,179.6,100,0,-0.5,4,6464,-0.01,0.04,90.9,88.3,82.5,85,27.41,27.37,26.71,27.11
14.2,704,179.6,100,0,0.4,4,6466,-0.04,0.04,90.9,88.3,82.5,85,27.41,27.37,26.71,27.11
14.24,706,179.7,100,0,-0.3,4,6469,0,0.04,90.9,88.3,82.5,85,27.41,27.37,26.71,27.11
14.28,708,179.7,100,0,-0.3,4,6471,0,0.04,90.9,88.2,82.5,85,27.41,27.37,26.71,27.11
14.32,710,179.8,100,0,0.2,4,6473,0,0.04,90.9,88.2,82.5,85,27.41,27.37,26.71,27.11
14.36,712,179.9,100,0,0.1,4,6475,-0.03,0.04,90.9,88.2,82.5,85,27.4,27.37,26.71,27.11
14.4,714,179.9,100,0,-0.3,4,6477,-0.02,0.04,90.8,88.2,82.5,85,27.4,27.37,26.71,27.11
14.44,716,180,100,0,0,4,6479,0,0.04,90.8,88.2,82.4,84.9,27.4,27.36,26.71,27.11
14.48,718,180,100,0,0.1,4,6481,-0.01,0.04,90.8,88.2,82.4,84.9,27.4,27.36,26.71,27.11
14.52,720,180.1,100,0,0.9,4,6483,0,0.04,90.8,88.2,82.4,84.9,27.4,27.36,26.71,27.11
14.56,722,215,0,2,1.5,5,6450,0,-1.85,90.9,88.3,82.4,84.9,27.4,27.37,26.71,27.11
14.6,724,215,0,4,-1,5,6450,0,-1.85,90.9,88.4,82.4,84.9,27.41,27.38,26.71,27.11
14.64,726,215,0,6,0.1,5,6450,0,-1.85,90.9,88.5,82.4,84.9,27.41,27.39,26.71,27.11
14.68,729,215,0,9,0.1,5,6450,0,-1.85,91,88.7,82.4,84.9,27.41,27.4,26.71,27.11
14.72,731,215,0,11,0.3,5,6450,0,-1.85,91,88.8,82.4,84.9,27.42,27.41,26.71,27.11
14.76,734,215,0,14,0.7,5,6450,0,-1.85,91.1,88.9,82.4,84.9,27.42,27.42,26.71,27.11
14.8,736,215,0,16,1,5,6450,0,-1.85,91.1,89,82.4,84.9,27.42,27.43,26.71,27.11
14.84,738,215,0,19,0,5,6450,0,-1.85,91.1,89.1,82.4,84.9,27.42,27.43,26.71,27.11
14.88,741,215,0,21,1,5,6450,0,-1.85,91.2,89.3,82.4,84.9,27.43,27.44,26.71,27.11
14.92,743,215,0,23,0.4,5,6450,0,-1.85,91.2,89.4,82.4,84.9,27.43,27.45,26.71,27.11
14.96,745,215,0,26,-0.3,5,6450,0,-1.85,91.3,89.5,82.4,84.9,27.43,27.46,26.71,27.11
15,748,215,0,28,-0.4,5,6450,0,-1.85,91.3,89.6,82.4,84.9,27.44,27.47,26.71,27.11
15.04,750,215,0,31,0.9,5,6450,0,-1.85,91.3,89.7,82.4,84.9,27.44,27.48,26.71,27.11
15.08,753,215,0,33,-1,5,6450,0,-1.85,91.4,89.9,82.4,84.9,27.44,27.49,26.71,27.11
15.12,755,215,0,35,-1.2,5,6450,0,-1.85,91.4,90,82.4,84.9,27.45,27.5,26.71,27.11
15.16,757,215,0,35,-0.4,5,6450,0,-1.85,91.5,90.1,82.4,84.9,27.45,27.51,26.71,27.11
15.2,760,215,0,35,-0.8,5,6450,0,-1.85,91.5,90.2,82.4,84.9,27.45,27.52,26.71,27.11
15.24,762,215,0,35,-0.8,5,6450,0,-1.85,91.5,90.3,82.4,84.9,27.45,27.52,26.71,27.11
15.28,765,215,0,35,1.3,5,6450,0,-1.85,91.6,90.5,82.4,84.9,27.46,27.53,26.71,27.11
15.32,767,215,0,35,-0.6,5,6450,0,-1.85,91.6,90.6,82.4,84.9,27.46,27.54,26.71,27.11
15.36,769,215,0,35,-0.6,5,6450,0,-1.85,91.7,90.7,82.4,84.9,27.46,27.55,26.71,27.11
15.4,772,215,0,35,0.1,5,6450,0,-1.85,91.7,90.8,82.4,84.9,27.47,27.56,26.71,27.11
15.44,774,215,0,35,0,5,6450,0,-1.85,91.7,90.9,82.4,84.9,27.47,27.57,26.71,27.11
15.48,777,215,0,35,1.3,5,6450,0,-1.85,91.8,91.1,82.4,84.9,27.47,27.58,26.71,27.11
15.52,779,215,0,35,-0.2,5,6450,0,-1.85,91.8,91.2,82.4,84.9,27.48,27.59,26.71,27.11
15.56,781,215,0,35,0.8,5,6450,0,-1.85,91.9,91.3,82.4,84.9,27.48,27.6,26.71,27.11
15.6,784,215,0,35,0.7,5,6450,0,-1.85,91.9,91.4,82.4,84.9,27.48,27.61,26.71,27.11
15.64,786,215,0,35,-0.6,5,6450,0,-1.85,91.9,91.5,82.4,84.9,27.48,27.61,26.71,27.11
15.68,788,215,0,35,0.1,5,6450,0,-1.85,92,91.7,82.4,84.9,27.49,27.62,26.71,27.11
15.72,791,215,0,35,0.3,5,6450,0,-1.85,92,91.8,82.4,84.9,27.49,27.63,26.71,27.11
15.76,793,215,0,35,-0.4,5,6450,0,-1.85,92.1,91.9,82.4,84.9,27.49,27.64,26.71,27.11
15.8,796,215,0,35,-0.2,5,6450,0,-1.85,92.1,92,82.4,84.9,27.5,27.65,26.71,27.11
15.84,798,215,0,35,1,5,6450,0,-1.85,92.1,92.1,82.4,84.9,27.5,27.66,26.71,27.11
15.88,800,215,0,35,0.9,5,6450,0,-1.85,92.2,92.3,82.4,84.9,27.5,27.67,26.71,27.11
15.92,803,215,0,35,1.1,5,6450,0,-1.85,92.2,92.4,82.4,84.9,27.51,27.68,26.71,27.11
15.96,805,215,0,35,0.6,5,6450,0,-1.85,92.3,92.5,82.4,84.9,27.51,27.69,26.71,27.11
16,808,215,0,35,-0.1,5,6450,0,-1.85,92.3,92.6,82.4,84.9,27.51,27.7,26.71,27.11
16.04,810,215,0,35,-0.2,5,6450,0,-1.85,92.3,92.7,82.4,84.9,27.51,27.7,26.71,27.11
16.08,812,215,0,35,-0.6,5,6450,0,-1.85,92.4,92.9,82.4,84.9,27.52,27.71,26.71,27.11
16.12,815,215,0,35,-0.2,5,6450,0,-1.85,92.4,93,82.4,84.9,27.52,27.72,26.71,27.11
16.16,817,215,0,35,-0.7,5,6450,0,-1.85,92.5,93.1,82.4,84.9,27.52,27.73,26.71,27.11
16.2,820,215,0,35,-0.2,5,6450,0,-1.85,92.5,93.2,82.4,84.9,27.53,27.74,26.71,27.11
16.24,822,215,0,35,1.3,5,6450,0,-1.85,92.5,93.3,82.4,84.9,27.53,27.75,26.71,27.11
16.28,824,215,0,35,-0.1,5,6450,-0.01,-1.39,92.6,93.5,82.4,84.9,27.53,27.76,26.71,27.11
16.32,827,215,0,34,-2.7,5,6450,-0.05,-1.36,92.6,93.6,82.4,84.9,27.54,27.77,26.71,27.11
16.36,829,215,0,33,-1.7,5,6450,-0.09,-1.34,92.7,93.7,82.4,84.9,27.54,27.78,26.71,27.11
16.4,831,215,0,32,-4,5,6450,-0.13,-1.31,92.7,93.8,82.4,84.9,27.54,27.79,26.71,27.11
16.44,834,215,0,31,-5.4,5,6450,-0.17,-1.29,92.7,93.9,82.4,84.9,27.54,27.79,26.71,27.11
16.48,836,215,0,30,-5.2,5,6450,-0.21,-1.26,92.8,94.1,82.4,84.9,27.55,27.8,26.71,27.11
16.52,839,215,0,29,-6.3,5,6450,-0.25,-1.23,92.8,94.2,82.4,84.9,27.55,27.81,26.71,27.11
16.56,841,215,0,28,-6.9,5,6450,-0.29,-1.21,92.9,94.3,82.4,84.9,27.55,27.82,26.71,27.11
16.6,843,215,0,28,-7.4,5,6450,-0.33,-1.18,92.9,94.4,82.4,84.9,27.56,27.83,26.71,27.11
16.64,846,215,0,27,-8.1,5,6450,-0.37,-1.15,92.9,94.5,82.4,84.9,27.56,27.84,26.71,27.11
16.68,848,215,0,26,-9.3,5,6450,-0.41,-1.13,93,94.7,82.4,84.9,27.56,27.85,26.71,27.11
16.72,851,215,0,25,-10.9,5,6450,-0.45,-1.1,93,94.8,82.4,84.9,27.57,27.86,26.71,27.11
16.76,853,215,0,24,-11,5,6450,-0.49,-1.07,93.1,94.9,82.4,84.9,27.57,27.87,26.71,27.11
16.8,855,215,0,23,-12.7,5,6450,-0.53,-1.05,93.1,95,82.4,84.9,27.57,27.88,26.71,27.11
16.84,858,215,0,23,-12.6,5,6450,-0.57,-1.02,93.1,95.1,82.4,84.9,27.57,27.88,26.71,27.11
16.88,860,215,0,22,-13.7,5,6450,-0.61,-0.99,93.2,95.3,82.4,84.9,27.58,27.89,26.71,27.11
16.92,863,215,0,21,-14.8,5,6450,-0.65,-0.97,93.2,95.4,82.4,84.9,27.58,27.9,26.71,27.11
16.96,865,215,0,20,-15.5,5,6450,-0.69,-0.94,93.3,95.5,82.4,84.9,27.58,27.91,26.71,27.11
17,867,215,0,19,-16.5,5,6450,-0.73,-0.92,93.3,95.6,82.4,84.9,27.59,27.92,26.71,27.11
17.04,870,215,0,19,-17.1,5,6450,-0.77,-0.89,93.3,95.7,82.4,84.9,27.59,27.93,26.71,27.11
17.08,872,215,0,18,-19.5,5,6450,-0.81,-0.86,93.4,95.9,82.4,84.9,27.59,27.94,26.71,27.11
17.12,874,215,0,17,-18.8,5,6450,-0.85,-0.84,93.4,96,82.4,84.9,27.6,27.95,26.71,27.11
17.16,877,215,0,16,-18.8,5,6450,-0.89,-0.81,93.5,96.1,82.4,84.9,27.6,27.96,26.71,27.11
17.2,879,215,0,16,-20.6,5,6450,-0.93,-0.78,93.5,96.2,82.4,84.9,27.6,27.97,26.71,27.11
17.24,882,215,0,15,-21.3,5,6450,-0.96,-0.76,93.5,96.3,82.4,84.9,27.6,27.97,26.71,27.11
17.28,884,215,0,14,-21.4,5,6450,-1,-0.73,93.6,96.5,82.4,84.9,27.61,27.98,26.71,27.11
17.32,886,215,0,13,-23,5,6450,-1.04,-0.7,93.6,96.6,82.4,84.9,27.61,27.99,26.71,27.11
17.36,889,215,0,13,-23.1,5,6450,-1.08,-0.68,93.7,96.7,82.4,84.9,27.61,28,26.71,27.11
17.4,891,215,0,12,-23.8,5,6450,-1.12,-0.65,93.7,96.8,82.4,84.9,27.62,28.01,26.71,27.11
17.44,894,215,0,11,-24.5,5,6450,-1.16,-0.62,93.7,96.9,82.4,84.9,27.62,28.02,26.71,27.11
17.48,896,215,0,11,-25.1,5,6450,-1.2,-0.6,93.8,97.1,82.4,84.9,27.62,28.03,26.71,27.11
17.52,898,215,0,10,-26.7,5,6450,-1.24,-0.57,93.8,97.2,82.4,84.9,27.63,28.04,26.71,27.11
17.56,901,215,0,9,-26,5,6450,-1.28,-0.55,93.9,97.3,82.4,84.9,27.63,28.05,26.71,27.11
17.6,903,215,0,9,-26.8,5,6450,-1.32,-0.52,93.9,97.4,82.4,84.9,27.63,28.06,26.71,27.11
17.64,906,215,0,8,-26.6,5,6450,-1.36,-0.49,93.9,97.5,82.4,84.9,27.63,28.06,26.71,27.11
17.68,908,215,0,8,-27.6,5,6450,-1.4,-0.47,94,97.7,82.4,84.9,27.64,28.07,26.71,27.11
17.72,910,215,0,7,-28.2,5,6450,-1.44,-0.44,94,97.8,82.4,84.9,27.64,28.08,26.71,27.11
17.76,913,215,0,6,-29.1,5,6450,-1.48,-0.41,94.1,97.9,82.4,84.9,27.64,28.09,26.71,27.11
17.8,915,215,0,6,-29.6,5,6450,-1.52,-0.39,94.1,98,82.4,84.9,27.65,28.1,26.71,27.11
17.84,917,215,0,5,-29.6,5,6450,-1.56,-0.36,94.1,98.1,82.4,84.9,27.65,28.11,26.71,27.11
17.88,920,215,0,5,-28.9,5,6450,-1.6,-0.33,94.2,98.3,82.4,84.9,27.65,28.12,26.71,27.11
17.92,922,215,0,4,-30.3,5,6450,-1.64,-0.31,94.2,98.4,82.4,84.9,27.66,28.13,26.71,27.11
17.96,925,215,0,4,-30.7,5,6450,-1.68,-0.28,94.3,98.5,82.4,84.9,27.66,28.14,26.71,27.11
18,927,215,0,3,-30.9,5,6450,-1.72,-0.25,94.3,98.6,82.4,84.9,27.66,28.15,26.71,27.11
18.04,929,215,0,3,-31.5,5,6450,-1.76,-0.23,94.3,98.7,82.4,84.9,27.66,28.15,26.71,27.11
18.08,932,215,0,2,-32.2,5,6450,-1.8,-0.2,94.4,98.9,82.4,84.9,27.67,28.16,26.71,27.11
18.12,934,215,0,2,-32.4,5,6450,-1.84,-0.18,94.4,99,82.4,84.9,27.67,28.17,26.71,27.11
18.16,937,215,0,2,-30.8,5,6450,-1.88,-0.15,94.5,99.1,82.4,84.9,27.67,28.18,26.71,27.11
18.2,939,215,0,1,-31.8,5,6450,-1.92,-0.12,94.5,99.2,82.4,84.9,27.68,28.19,26.71,27.11
18.24,941,215,0,1,-32.1,5,6450,-1.96,-0.1,94.5,99.3,82.4,84.9,27.68,28.2,26.71,27.11
18.28,944,215,0,1,-31.9,5,6450,-2,-0.07,94.6,99.5,82.4,84.9,27.68,28.21,26.71,27.11
18.32,946,215,0,0,-32.3,5,6450,-2.04,-0.04,94.6,99.6,82.4,84.9,27.69,28.22,26.71,27.11
18.36,949,215,0,0,-31.6,5,6450,-2.08,-0.02,94.7,99.7,82.4,84.9,27.69,28.23,26.71,27.11
18.4,951,215,1,0,-32.4,5,6450,-1.94,0,94.7,99.7,82.5,85,27.69,28.23,26.71,27.11
18.44,953,215,3,0,-31.5,5,6450,-1.92,0.01,94.7,99.7,82.5,85,27.69,28.23,26.71,27.11
18.48,956,215,5,0,-31,5,6450,-1.91,0.02,94.7,99.7,82.5,85,27.69,28.23,26.71,27.11
18.52,958,215,7,0,-30.7,5,6450,-1.89,0.03,94.7,99.7,82.6,85.1,27.69,28.23,26.72,27.12
18.56,960,215,8,0,-30.3,5,6450,-1.87,0.03,94.7,99.7,82.6,85.1,27.69,28.23,26.72,27.12
18.6,963,215,10,0,-30.1,5,6451,-1.85,0.04,94.7,99.7,82.6,85.1,27.69,28.23,26.72,27.12
18.64,965,215,11,0,-29.2,5,6451,-1.83,0.05,94.7,99.7,82.7,85.2,27.69,28.23,26.73,27.13
18.68,968,215,13,0,-29.6,5,6451,-1.81,0.06,94.7,99.7,82.7,85.2,27.69,28.23,26.73,27.13
18.72,970,215,14,0,-28.6,5,6451,-1.79,0.07,94.7,99.7,82.7,85.2,27.69,28.23,26.73,27.13
18.76,972,215.1,16,0,-28.9,5,6452,-1.78,0.07,94.7,99.7,82.8,85.3,27.69,28.23,26.73,27.13
18.8,975,215.1,17,0,-28.3,5,6452,-1.76,0.08,94.7,99.7,82.8,85.3,27.69,28.23,26.74,27.14
18.84,977,215.1,18,0,-27.3,5,6452,-1.74,0.09,94.7,99.7,82.8,85.3,27.69,28.23,26.74,27.14
18.88,980,215.1,20,0,-26.8,5,6453,-1.72,0.1,94.7,99.7,82.9,85.4,27.69,28.23,26.74,27.14
18.92,982,215.1,21,0,-26.2,5,6453,-1.7,0.1,94.7,99.7,82.9,85.4,27.69,28.23,26.74,27.14
18.96,984,215.1,22,0,-25.7,5,6454,-1.68,0.11,94.7,99.7,82.9,85.4,27.69,28.23,26.75,27.15
19,987,215.1,24,0,-26.6,5,6454,-1.66,0.12,94.7,99.7,83,85.5,27.69,28.23,26.75,27.15
19.04,989,215.2,25,0,-25.7,5,6455,-1.64,0.13,94.7,99.7,83,85.5,27.69,28.23,26.75,27.15
19.08,992,215.2,26,0,-25.4,5,6455,-1.63,0.13,94.7,99.7,83.1,85.6,27.69,28.23,26.75,27.15
19.12,994,215.2,28,0,-25.2,5,6456,-1.61,0.14,94.7,99.7,83.1,85.6,27.69,28.23,26.76,27.16
19.16,996,215.2,29,0,-24.8,5,6456,-1.59,0.15,94.7,99.7,83.1,85.6,27.69,28.23,26.76,27.16
19.2,999,215.2,30,0,-24,5,6457,-1.57,0.16,94.7,99.7,83.2,85.7,27.69,28.23,26.76,27.16
19.24,1001,215.3,31,0,-23.8,5,6458,-1.55,0.17,94.7,99.7,83.2,85.7,27.69,28.23,26.76,27.16
19.28,1003,215.3,33,0,-23.2,5,6458,-1.53,0.17,94.7,99.7,83.2,85.7,27.69,28.23,26.77,27.17
19.32,1006,215.3,34,0,-22.3,5,6459,-1.51,0.18,94.7,99.7,83.3,85.8,27.69,28.23,26.77,27.17
19.36,1008,215.3,35,0,-22.4,5,6460,-1.5,0.19,94.7,99.7,83.3,85.8,27.69,28.23,26.77,27.17
19.4,1011,215.3,36,0,-23,5,6460,-1.48,0.2,94.7,99.7,83.3,85.8,27.69,28.23,26.77,27.17
19.44,1013,215.4,37,0,-21,5,6461,-1.46,0.2,94.7,99.7,83.4,85.9,27.69,28.23,26.78,27.18
19.48,1015,215.4,39,0,-21.9,5,6462,-1.44,0.21,94.7,99.7,83.4,85.9,27.69,28.23,26.78,27.18
19.52,1018,215.4,40,0,-21.1,5,6463,-1.42,0.22,94.7,99.7,83.4,85.9,27.69,28.23,26.78,27.18
19.56,1020,215.5,41,0,-20.5,5,6464,-1.4,0.23,94.7,99.7,83.5,86,27.69,28.23,26.79,27.19
19.6,1023,215.5,42,0,-19.9,5,6464,-1.38,0.24,94.7,99.7,83.5,86,27.69,28.23,26.79,27.19
19.64,1025,215.5,43,0,-20.8,5,6465,-1.36,0.24,94.7,99.7,83.5,86,27.69,28.23,26.79,27.19
19.68,1027,215.5,45,0,-19.9,5,6466,-1.35,0.25,94.7,99.7,83.6,86.1,27.69,28.23,26.79,27.19
19.72,1030,215.6,46,0,-19.4,5,6467,-1.33,0.26,94.7,99.7,83.6,86.1,27.69,28.23,26.8,27.2
19.76,1032,215.6,47,0,-18.7,5,6468,-1.31,0.27,94.7,99.7,83.6,86.1,27.69,28.23,26.8,27.2
19.8,1035,215.6,48,0,-18,5,6469,-1.29,0.27,94.7,99.7,83.7,86.2,27.69,28.23,26.8,27.2
19.84,1037,215.7,49,0,-17.7,5,6470,-1.27,0.28,94.7,99.7,83.7,86.2,27.69,28.23,26.8,27.2
19.88,1039,215.7,50,0,-18.1,5,6471,-1.25,0.29,94.7,99.7,83.8,86.3,27.69,28.23,26.81,27.21
19.92,1042,215.7,52,0,-17,5,6472,-1.23,0.3,94.7,99.7,83.8,86.3,27.69,28.23,26.81,27.21
19.96,1044,215.8,53,0,-17.4,5,6473,-1.22,0.31,94.7,99.7,83.8,86.3,27.69,28.23,26.81,27.21
20,1047,215.8,54,0,-16.4,5,6474,-1.2,0.31,94.7,99.7,83.9,86.4,27.69,28.23,26.81,27.21
20.04,1049,215.8,55,0,-16.3,5,6475,-1.18,0.32,94.7,99.7,83.9,86.4,27.69,28.23,26.82,27.22
20.08,1051,215.9,56,0,-16.4,5,6477,-1.16,0.33,94.7,99.7,83.9,86.4,27.69,28.23,26.82,27.22
20.12,1054,215.9,57,0,-15.2,5,6478,-1.14,0.34,94.7,99.7,84,86.5,27.69,28.23,26.82,27.22
20.16,1056,216,58,0,-15.1,5,6479,-1.12,0.35,94.7,99.7,84,86.5,27.69,28.23,26.82,27.22
20.2,1059,216,59,0,-14.5,5,6480,-1.1,0.35,94.7,99.7,84,86.5,27.69,28.23,26.83,27.23
20.24,1061,216,61,0,-14.4,5,6481,-1.08,0.36,94.7,99.7,84.1,86.6,27.69,28.23,26.83,27.23
20.28,1063,216.1,62,0,-14.4,5,6483,-1.07,0.37,94.7,99.7,84.1,86.6,27.69,28.23,26.83,27.23
20.32,1066,216.1,63,0,-13.6,5,6484,-1.05,0.38,94.7,99.7,84.1,86.6,27.69,28.23,26.84,27.24
20.36,1068,216.2,64,0,-13.5,5,6485,-1.03,0.38,94.7,99.7,84.2,86.7,27.69,28.23,26.84,27.24
20.4,1071,216.2,65,0,-13.1,5,6486,-1.01,0.39,94.7,99.7,84.2,86.7,27.69,28.23,26.84,27.24
20.44,1073,216.3,66,0,-12.6,5,6488,-0.99,0.4,94.7,99.7,84.2,86.7,27.69,28.23,26.84,27.24
20.48,1075,216.3,67,0,-12.4,5,6489,-0.97,0.41,94.7,99.7,84.3,86.8,27.69,28.23,26.85,27.25
20.52,1078,216.3,68,0,-11.3,5,6490,-0.95,0.42,94.7,99.7,84.3,86.8,27.69,28.23,26.85,27.25
20.56,1080,216.4,69,0,-11.6,5,6492,-0.93,0.42,94.7,99.7,84.3,86.8,27.69,28.23,26.85,27.25
20.6,1083,216.4,71,0,-10.7,5,6493,-0.92,0.43,94.7,99.7,84.4,86.9,27.69,28.23,26.85,27.25
20.64,1085,216.5,72,0,-10.6,5,6495,-0.9,0.44,94.7,99.7,84.4,86.9,27.69,28.23,26.86,27.26
20.68,1087,216.5,73,0,-10,5,6496,-0.88,0.45,94.7,99.7,84.5,87,27.69,28.23,26.86,27.26
20.72,1090,216.6,74,0,-9,5,6498,-0.86,0.45,94.7,99.7,84.5,87,27.69,28.23,26.86,27.26
20.76,1092,216.6,75,0,-9.6,5,6499,-0.84,0.46,94.7,99.7,84.5,87,27.69,28.23,26.86,27.26
20.8,1095,216.7,76,0,-8.6,5,6501,-0.82,0.47,94.7,99.7,84.6,87.1,27.69,28.23,26.87,27.27
20.84,1097,216.7,77,0,-8.8,5,6502,-0.8,0.48,94.7,99.7,84.6,87.1,27.69,28.23,26.87,27.27
20.88,1099,216.8,78,0,-7.4,5,6504,-0.78,0.49,94.7,99.7,84.6,87.1,27.69,28.23,26.87,27.27
20.92,1102,216.8,79,0,-7.5,5,6505,-0.77,0.49,94.7,99.7,84.7,87.2,27.69,28.23,26.87,27.27
20.96,1104,216.9,80,0,-7.8,5,6507,-0.75,0.5,94.7,99.7,84.7,87.2,27.69,28.23,26.88,27.28
21,1107,217,81,0,-7.2,5,6509,-0.73,0.51,94.7,99.7,84.7,87.2,27.69,28.23,26.88,27.28
21.04,1109,217,82,0,-6,5,6510,-0.71,0.52,94.7,99.7,84.8,87.3,27.69,28.23,26.88,27.28
21.08,1111,217.1,83,0,-6.6,5,6512,-0.69,0.52,94.7,99.7,84.8,87.3,27.69,28.23,26.89,27.29
21.12,1114,217.1,84,0,-5.8,5,6514,-0.67,0.53,94.7,99.7,84.8,87.3,27.69,28.23,26.89,27.29
21.16,1116,217.2,85,0,-5.9,5,6515,-0.65,0.54,94.7,99.7,84.9,87.4,27.69,28.23,26.89,27.29
21.2,1119,217.2,87,0,-5.7,5,6517,-0.63,0.55,94.7,99.7,84.9,87.4,27.69,28.23,26.89,27.29
21.24,1121,217.3,88,0,-4.9,5,6519,-0.62,0.56,94.7,99.7,84.9,87.4,27.69,28.23,26.9,27.3
21.28,1124,217.4,89,0,-4,5,6521,-0.6,0.56,94.7,99.7,85,87.5,27.69,28.23,26.9,27.3
21.32,1126,217.4,90,0,-3.8,5,6522,-0.58,0.57,94.7,99.7,85,87.5,27.69,28.23,26.9,27.3
21.36,1128,217.5,91,0,-3.4,5,6524,-0.56,0.58,94.7,99.7,85,87.5,27.69,28.23,26.9,27.3
21.4,1131,217.5,92,0,-2.8,5,6526,-0.54,0.59,94.7,99.7,85.1,87.6,27.69,28.23,26.91,27.31
21.44,1133,217.6,93,0,-3.1,5,6528,-0.52,0.6,94.7,99.7,85.1,87.6,27.69,28.23,26.91,27.31
21.48,1136,217.7,94,0,-2.5,5,6530,-0.5,0.6,94.7,99.7,85.2,87.7,27.69,28.23,26.91,27.31
21.52,1138,217.7,95,0,-1.4,5,6532,-0.48,0.61,94.7,99.7,85.2,87.7,27.69,28.23,26.91,27.31
21.56,1140,217.8,96,0,-1,5,6534,-0.46,0.62,94.7,99.7,85.2,87.7,27.69,28.23,26.92,27.32
21.6,1143,217.9,97,0,-1.7,5,6536,-0.45,0.63,94.7,99.7,85.3,87.8,27.69,28.23,26.92,27.32
21.64,1145,217.9,98,0,-1.1,5,6538,-0.43,0.63,94.7,99.7,85.3,87.8,27.69,28.23,26.92,27.32
21.68,1148,218,99,0,-0.4,5,6540,-0.41,0.64,94.7,99.7,85.3,87.8,27.69,28.23,26.92,27.32
21.72,1150,218,100,0,-0.1,5,6541,0.01,0.04,94.6,99.7,85.3,87.8,27.69,28.23,26.92,27.32
21.76,1153,218.1,100,0,0.1,5,6543,0,0.04,94.6,99.7,85.3,87.8,27.69,28.23,26.92,27.32
21.8,1155,218.2,100,0,0.1,5,6545,0.01,0.04,94.6,99.7,85.3,87.8,27.69,28.22,26.92,27.32
21.84,1157,218.2,100,0,-0.2,5,6546,0.02,0.04,94.6,99.6,85.3,87.8,27.69,28.22,26.92,27.32
21.88,1160,218.3,100,0,0.4,5,6548,-0.02,0.04,94.6,99.6,85.3,87.8,27.68,28.22,26.92,27.32
21.92,1162,218.3,100,0,0.3,5,6550,0.04,0.04,94.6,99.6,85.3,87.8,27.68,28.22,26.92,27.32
21.96,1165,218.4,100,0,-0.6,5,6552,0,0.04,94.6,99.6,85.2,87.7,27.68,28.22,26.92,27.32
22,1167,218.4,100,0,-0.2,5,6553,0.03,0.04,94.6,99.6,85.2,87.7,27.68,28.22,26.92,27.32
22.04,1170,218.5,100,0,-0.3,5,6555,0.02,0.04,94.5,99.6,85.2,87.7,27.68,28.22,26.92,27.32
22.08,1172,218.6,100,0,0.4,5,6557,0,0.04,94.5,99.6,85.2,87.7,27.68,28.22,26.92,27.32
22.12,1174,218.6,100,0,0.6,5,6559,0.01,0.04,94.5,99.6,85.2,87.7,27.68,28.22,26.91,27.31
22.16,1177,218.7,100,0,-0.1,5,6560,0,0.04,94.5,99.5,85.2,87.7,27.68,28.22,26.91,27.31
22.2,1179,218.7,100,0,0.9,5,6562,-0.02,0.04,94.5,99.5,85.2,87.7,27.68,28.22,26.91,27.31
22.24,1182,218.8,100,0,0.4,5,6564,0.02,0.04,94.5,99.5,85.2,87.7,27.68,28.21,26.91,27.31
22.28,1184,218.8,100,0,0,5,6565,-0.01,0.04,94.5,99.5,85.1,87.6,27.68,28.21,26.91,27.31
22.32,1187,218.9,100,0,-0.4,5,6567,-0.01,0.04,94.5,99.5,85.1,87.6,27.67,28.21,26.91,27.31
22.36,1189,219,100,0,-0.2,5,6569,-0.04,0.04,94.4,99.5,85.1,87.6,27.67,28.21,26.91,27.31
22.4,1191,219,100,0,0.5,5,6571,-0.01,0.04,94.4,99.5,85.1,87.6,27.67,28.21,26.91,27.31
22.44,1194,219.1,100,0,0.6,5,6572,0,0.04,94.4,99.5,85.1,87.6,27.67,28.21,26.91,27.31
22.48,1196,219.1,100,0,0.3,5,6574,-0.01,0.04,94.4,99.5,85.1,87.6,27.67,28.21,26.91,27.31
22.52,1199,219.2,100,0,0,5,6576,0.02,0.04,94.4,99.4,85.1,87.6,27.67,28.21,26.91,27.31
22.56,1201,219.3,100,0,-0.3,5,6578,0.01,0.04,94.4,99.4,85.1,87.6,27.67,28.21,26.9,27.3
22.6,1204,219.3,100,0,-0.3,5,6579,0,0.04,94.4,99.4,85.1,87.6,27.67,28.21,26.9,27.3
22.64,1206,219.4,100,0,0.7,5,6581,0.02,0.04,94.4,99.4,85,87.5,27.67,28.21,26.9,27.3
22.68,1208,219.4,100,0,-0.4,5,6583,0.02,0.04,94.4,99.4,85,87.5,27.67,28.2,26.9,27.3
22.72,1211,219.5,100,0,-0.6,5,6584,0.02,0.04,94.3,99.4,85,87.5,27.67,28.2,26.9,27.3
22.76,1213,219.5,100,0,0,5,6586,-0.01,0.04,94.3,99.4,85,87.5,27.66,28.2,26.9,27.3
22.8,1216,219.6,100,0,0.3,5,6588,-0.01,0.04,94.3,99.4,85,87.5,27.66,28.2,26.9,27.3
22.84,1218,219.7,100,0,0,5,6590,0,0.04,94.3,99.3,85,87.5,27.66,28.2,26.9,27.3
22.88,1221,219.7,100,0,0.4,5,6591,-0.03,0.04,94.3,99.3,85,87.5,27.66,28.2,26.9,27.3
22.92,1223,219.8,100,0,-0.1,5,6593,-0.01,0.04,94.3,99.3,85,87.5,27.66,28.2,26.9,27.3
22.96,1226,219.8,100,0,0.3,5,6595,-0.02,0.04,94.3,99.3,84.9,87.4,27.66,28.2,26.9,27.3
23,1228,219.9,100,0,0.4,5,6597,0.02,0.04,94.3,99.3,84.9,87.4,27.66,28.2,26.89,27.29
23.04,1230,219.9,100,0,-0.2,5,6598,0,0.04,94.2,99.3,84.9,87.4,27.66,28.2,26.89,27.29
23.08,1233,220,100,0,-0.1,5,6600,-0.03,0.04,94.2,99.3,84.9,87.4,27.66,28.2,26.89,27.29
23.12,1235,220.1,100,0,-0.5,5,6602,-0.02,0.04,94.2,99.3,84.9,87.4,27.66,28.19,26.89,27.29
23.16,1238,220.1,100,0,0.5,5,6603,0.02,0.04,94.2,99.2,84.9,87.4,27.66,28.19,26.89,27.29
23.2,1240,220.2,100,0,0.2,5,6605,-0.02,0.04,94.2,99.2,84.9,87.4,27.65,28.19,26.89,27.29
23.24,1243,220.2,100,0,0.1,5,6607,-0.01,0.04,94.2,99.2,84.9,87.4,27.65,28.19,26.89,27.29
23.28,1245,220.3,100,0,-0.6,5,6609,-0.05,0.04,94.2,99.2,84.8,87.3,27.65,28.19,26.89,27.29
23.32,1248,220.3,100,0,-0.3,5,6610,0.02,0.04,94.2,99.2,84.8,87.3,27.65,28.19,26.89,27.29
23.36,1250,220.4,100,0,0.2,5,6612,-0.01,0.04,94.1,99.2,84.8,87.3,27.65,28.19,26.89,27.29
23.4,1252,220.5,100,0,0.1,5,6614,0.01,0.04,94.1,99.2,84.8,87.3,27.65,28.19,26.89,27.29
23.44,1255,220.5,100,0,-0.2,5,6616,0.01,0.04,94.1,99.2,84.8,87.3,27.65,28.19,26.88,27.28
23.48,1257,220.6,100,0,-0.1,5,6617,0.01,0.04,94.1,99.2,84.8,87.3,27.65,28.19,26.88,27.28
23.52,1260,220.6,100,0,-0.2,5,6619,0.02,0.04,94.1,99.1,84.8,87.3,27.65,28.19,26.88,27.28
23.56,1262,220.7,100,0,0.1,5,6621,0.04,0.04,94.1,99.1,84.8,87.3,27.65,28.18,26.88,27.28
23.6,1265,220.8,100,0,-0.3,5,6623,-0.03,0.04,94.1,99.1,84.8,87.3,27.65,28.18,26.88,27.28
23.64,1267,220.8,100,0,0.4,5,6624,0,0.04,94.1,99.1,84.7,87.2,27.64,28.18,26.88,27.28
23.68,1270,220.9,100,0,0.2,5,6626,-0.02,0.04,94.1,99.1,84.7,87.2,27.64,28.18,26.88,27.28
23.72,1272,220.9,100,0,-0.2,5,6628,0.02,0.04,94,99.1,84.7,87.2,27.64,28.18,26.88,27.28
23.76,1275,221,100,0,0.2,5,6629,0,0.04,94,99.1,84.7,87.2,27.64,28.18,26.88,27.28
23.8,1277,221,100,0,0.2,5,6631,0,0.04,94,99.1,84.7,87.2,27.64,28.18,26.88,27.28
23.84,1279,221.1,100,0,0.2,5,6633,-0.02,0.04,94,99,84.7,87.2,27.64,28.18,26.88,27.28
23.88,1282,220.8,0,10,0.7,5,6624,0,-1.85,94,99.2,84.7,87.2,27.64,28.19,26.88,27.28
23.92,1284,220.1,0,23,-1.2,5,6603,0,-1.85,94.1,99.3,84.7,87.2,27.65,28.2,26.88,27.28
23.96,1287,219.1,0,35,-0.4,5,6572,0,-1.85,94.1,99.4,84.7,87.2,27.65,28.21,26.88,27.28
24,1289,217.6,0,48,-0.8,5,6528,0,-1.85,94.2,99.5,84.7,87.2,27.65,28.21,26.88,27.28
24.04,1292,215.8,0,61,1.2,5,6474,0,-1.85,94.2,99.6,84.7,87.2,27.66,28.22,26.88,27.28
24.08,1294,213.6,0,73,-0.7,4,7689,0,-1.85,94.2,99.8,84.7,87.2,27.66,28.23,26.88,27.28
24.12,1296,211,0,86,-1,4,7597,0,-1.85,94.3,99.9,84.7,87.2,27.66,28.24,26.88,27.28
24.16,1299,208.2,0,94,0,4,7495,0,-1.85,94.3,100,84.7,87.2,27.66,28.25,26.88,27.28
24.2,1301,205.4,0,94,0,4,7394,0,-1.85,94.4,100.1,84.7,87.2,27.67,28.26,26.88,27.28
24.24,1303,202.6,0,94,1.2,4,7292,0,-1.85,94.4,100.2,84.7,87.2,27.67,28.27,26.88,27.28
24.28,1306,199.7,0,94,-0.4,4,7190,0,-1.85,94.4,100.4,84.7,87.2,27.67,28.28,26.88,27.28
24.32,1308,196.9,0,94,0.3,4,7089,0,-1.85,94.5,100.5,84.7,87.2,27.68,28.29,26.88,27.28
24.36,1310,194.1,0,94,1.1,4,6987,0,-1.85,94.5,100.6,84.7,87.2,27.68,28.3,26.88,27.28
24.4,1312,191.3,0,94,1.4,4,6886,0,-1.85,94.6,100.7,84.7,87.2,27.68,28.3,26.88,27.28
24.44,1314,188.5,0,94,1.6,4,6784,0,-1.85,94.6,100.8,84.7,87.2,27.69,28.31,26.88,27.28
24.48,1316,185.6,0,94,1.5,4,6683,0,-1.85,94.6,101,84.7,87.2,27.69,28.32,26.88,27.28
24.52,1318,182.8,0,94,-1.2,4,6581,0,-1.85,94.7,101.1,84.7,87.2,27.69,28.33,26.88,27.28
24.56,1320,180,0,94,-0.1,4,6480,0,-1.85,94.7,101.2,84.7,87.2,27.69,28.34,26.88,27.28
24.6,1322,177.2,0,94,-1.1,4,6378,0,-1.85,94.8,101.3,84.7,87.2,27.7,28.35,26.88,27.28
24.64,1324,174.4,0,94,0,3,7672,0,-1.85,94.8,101.4,84.7,87.2,27.7,28.36,26.88,27.28
24.68,1326,171.5,0,94,-0.7,3,7548,0,-1.85,94.8,101.6,84.7,87.2,27.7,28.37,26.88,27.28
24.72,1328,168.7,0,94,-0.7,3,7423,0,-1.85,94.9,101.7,84.7,87.2,27.71,28.38,26.88,27.28
24.76,1330,165.9,0,94,0.6,3,7299,0,-1.85,94.9,101.8,84.7,87.2,27.71,28.39,26.88,27.28
24.8,1332,163.1,0,94,-0.8,3,7175,0,-1.85,95,101.9,84.7,87.2,27.71,28.39,26.88,27.28
24.84,1334,160.3,0,94,-0.9,3,7051,0,-1.85,95,102,84.7,87.2,27.72,28.4,26.88,27.28
24.88,1336,157.5,0,91,-2.2,3,6931,-0.05,-1.37,95,102.2,84.7,87.2,27.72,28.41,26.88,27.28
24.92,1337,154.9,0,87,-5.1,3,6816,-0.11,-1.33,95.1,102.3,84.7,87.2,27.72,28.42,26.88,27.28
24.96,1339,152.4,0,84,-7.7,3,6705,-0.16,-1.29,95.1,102.4,84.7,87.2,27.72,28.43,26.88,27.28
25,1341,150,0,81,-9.7,3,6598,-0.22,-1.26,95.2,102.5,84.7,87.2,27.73,28.44,26.88,27.28
25.04,1342,147.6,0,78,-11.1,3,6496,-0.27,-1.22,95.2,102.6,84.7,87.2,27.73,28.45,26.88,27.28
25.08,1344,145.4,0,75,-14.1,3,6397,-0.32,-1.19,95.2,102.8,84.7,87.2,27.73,28.46,26.88,27.28
25.12,1346,143.2,0,72,-16.3,3,6301,-0.37,-1.15,95.3,102.9,84.7,87.2,27.74,28.47,26.88,27.28
25.16,1347,141.1,0,69,-18.2,3,6210,-0.42,-1.12,95.3,103,84.7,87.2,27.74,28.48,26.88,27.28
25.2,1349,139.2,0,66,-19.9,3,6123,-0.47,-1.09,95.4,103.1,84.7,87.2,27.74,28.48,26.88,27.28
25.24,1350,137.3,0,63,-22.7,3,6040,-0.52,-1.05,95.4,103.2,84.7,87.2,27.75,28.49,26.88,27.28
25.28,1352,135.5,0,60,-25.6,3,5961,-0.57,-1.02,95.4,103.4,84.7,87.2,27.75,28.5,26.88,27.28
25.32,1353,133.7,0,58,-27.4,2,7623,-0.62,-0.99,95.5,103.5,84.7,87.2,27.75,28.51,26.88,27.28
25.36,1355,132.1,0,55,-28.6,2,7529,-0.67,-0.96,95.5,103.6,84.7,87.2,27.75,28.52,26.88,27.28
25.4,1356,130.5,0,53,-30.3,2,7438,-0.71,-0.93,95.6,103.7,84.7,87.2,27.76,28.53,26.88,27.28
25.44,1358,129,0,50,-32.1,2,7353,-0.76,-0.89,95.6,103.8,84.7,87.2,27.76,28.54,26.88,27.28
25.48,1359,127.6,0,48,-34.2,2,7271,-0.8,-0.86,95.6,104,84.7,87.2,27.76,28.55,26.88,27.28
25.52,1361,126.2,0,46,-36.2,2,7192,-0.85,-0.83,95.7,104.1,84.7,87.2,27.77,28.56,26.88,27.28
25.56,1362,124.9,0,43,-37.4,2,7118,-0.89,-0.8,95.7,104.2,84.7,87.2,27.77,28.57,26.88,27.28
25.6,1363,123.7,0,41,-37.9,2,7048,-0.94,-0.77,95.8,104.3,84.7,87.2,27.77,28.57,26.88,27.28
25.64,1365,122.5,0,39,-40.1,2,6982,-0.98,-0.75,95.8,104.4,84.7,87.2,27.78,28.58,26.88,27.28
25.68,1366,121.4,0,37,-42.5,2,6918,-1.02,-0.72,95.8,104.6,84.7,87.2,27.78,28.59,26.88,27.28
25.72,1368,120.3,0,35,-43.8,2,6859,-1.07,-0.69,95.9,104.7,84.7,87.2,27.78,28.6,26.88,27.28
25.76,1369,119.3,0,33,-44.4,2,6802,-1.11,-0.66,95.9,104.8,84.7,87.2,27.78,28.61,26.88,27.28
25.8,1370,118.4,0,31,-45.1,2,6749,-1.15,-0.63,96,104.9,84.7,87.2,27.79,28.62,26.88,27.28
25.84,1372,117.5,0,29,-45.5,2,6700,-1.19,-0.6,96,105,84.7,87.2,27.79,28.63,26.88,27.28
25.88,1373,116.7,0,27,-47.3,2,6653,-1.24,-0.58,96,105.2,84.7,87.2,27.79,28.64,26.88,27.28
25.92,1374,116,0,25,-49.6,2,6612,-1.28,-0.55,96.1,105.3,84.7,87.2,27.8,28.65,26.88,27.28
25.96,1375,116,0,24,-50.2,2,6612,-1.32,-0.52,96.1,105.4,84.7,87.2,27.8,28.66,26.88,27.28
26,1377,116,0,22,-50.4,2,6612,-1.36,-0.49,96.2,105.5,84.7,87.2,27.8,28.66,26.88,27.28
26.04,1378,116,0,20,-51.7,2,6612,-1.4,-0.47,96.2,105.6,84.7,87.2,27.81,28.67,26.88,27.28
26.08,1379,116,0,19,-53.5,2,6612,-1.44,-0.44,96.2,105.8,84.7,87.2,27.81,28.68,26.88,27.28
26.12,1381,116,0,17,-53.7,2,6612,-1.48,-0.41,96.3,105.9,84.7,87.2,27.81,28.69,26.88,27.28
26.16,1382,116,0,15,-54.4,2,6612,-1.52,-0.38,96.3,106,84.7,87.2,27.81,28.7,26.88,27.28
26.2,1383,116,0,14,-55.5,2,6612,-1.56,-0.36,96.4,106.1,84.7,87.2,27.82,28.71,26.88,27.28
26.24,1384,116,0,12,-56.5,2,6612,-1.61,-0.33,96.4,106.2,84.7,87.2,27.82,28.72,26.88,27.28
26.28,1386,116,0,11,-55.7,2,6612,-1.65,-0.3,96.4,106.4,84.7,87.2,27.82,28.73,26.88,27.28
26.32,1387,116,0,10,-57,2,6612,-1.69,-0.28,96.5,106.5,84.7,87.2,27.83,28.74,26.88,27.28
26.36,1388,116,0,8,-57,2,6612,-1.73,-0.25,96.5,106.6,84.7,87.2,27.83,28.75,26.88,27.28
26.4,1390,116,0,7,-58,2,6612,-1.77,-0.22,96.6,106.7,84.7,87.2,27.83,28.75,26.88,27.28
26.44,1391,116,0,6,-57.9,2,6612,-1.81,-0.19,96.6,106.8,84.7,87.2,27.84,28.76,26.88,27.28
26.48,1392,116,0,5,-58.8,2,6612,-1.85,-0.17,96.6,107,84.7,87.2,27.84,28.77,26.88,27.28
26.52,1393,116,0,4,-59.7,2,6612,-1.89,-0.14,96.7,107.1,84.7,87.2,27.84,28.78,26.88,27.28
26.56,1395,116,0,3,-59.8,2,6612,-1.93,-0.11,96.7,107.2,84.7,87.2,27.84,28.79,26.88,27.28
26.6,1396,116,0,2,-60,2,6612,-1.97,-0.08,96.8,107.3,84.7,87.2,27.85,28.8,26.88,27.28
26.64,1397,116,0,1,-59.3,2,6612,-2.02,-0.06,96.8,107.4,84.7,87.2,27.85,28.81,26.88,27.28
26.68,1399,116,0,0,-60.1,2,6612,-2.06,-0.03,96.8,107.6,84.7,87.2,27.85,28.82,26.88,27.28
26.72,1400,116,0,0,-59.9,2,6612,-2.1,0,96.9,107.7,84.7,87.2,27.86,28.83,26.88,27.28
26.76,1401,116,2,0,-59.3,2,6612,-1.93,0.01,96.9,107.7,84.7,87.2,27.86,28.83,26.88,27.28
26.8,1402,116,4,0,-58.7,2,6612,-1.92,0.01,96.9,107.7,84.7,87.2,27.86,28.83,26.88,27.28
26.84,1404,116,5,0,-58.8,2,6613,-1.9,0.02,96.9,107.7,84.8,87.3,27.86,28.83,26.88,27.28
26.88,1405,116,7,0,-57.4,2,6613,-1.88,0.03,96.9,107.7,84.8,87.3,27.86,28.83,26.89,27.29
26.92,1406,116,8,0,-57.9,2,6614,-1.87,0.03,96.9,107.7,84.9,87.4,27.86,28.83,26.89,27.29
26.96,1408,116,10,0,-56.7,2,6615,-1.85,0.04,96.9,107.7,84.9,87.4,27.86,28.83,26.89,27.29
27,1409,116.1,11,0,-55.1,2,6615,-1.83,0.05,96.9,107.7,84.9,87.4,27.86,28.83,26.89,27.29
27.04,1410,116.1,12,0,-55.1,2,6616,-1.82,0.06,96.9,107.7,85,87.5,27.86,28.83,26.9,27.3
27.08,1412,116.1,14,0,-53.8,2,6617,-1.8,0.06,96.9,107.7,85,87.5,27.86,28.83,26.9,27.3
27.12,1413,116.1,15,0,-53.5,2,6618,-1.78,0.07,96.9,107.7,85,87.5,27.86,28.83,26.9,27.3
27.16,1414,116.1,16,0,-52.7,2,6619,-1.77,0.08,96.9,107.7,85.1,87.6,27.86,28.83,26.9,27.3
27.2,1415,116.2,17,0,-52.7,2,6621,-1.75,0.08,96.9,107.7,85.1,87.6,27.86,28.83,26.91,27.31
27.24,1417,116.2,19,0,-51.2,2,6622,-1.73,0.09,96.9,107.7,85.1,87.6,27.86,28.83,26.91,27.31
27.28,1418,116.2,20,0,-50.9,2,6623,-1.72,0.1,96.9,107.7,85.2,87.7,27.86,28.83,26.91,27.31
27.32,1419,116.2,21,0,-50.2,2,6625,-1.7,0.1,96.9,107.7,85.2,87.7,27.86,28.83,26.92,27.32
27.36,1421,116.3,22,0,-50,2,6626,-1.68,0.11,96.9,107.7,85.2,87.7,27.86,28.83,26.92,27.32
27.4,1422,116.3,24,0,-48.7,2,6628,-1.67,0.12,96.9,107.7,85.3,87.8,27.86,28.83,26.92,27.32
27.44,1423,116.3,25,0,-48.7,2,6630,-1.65,0.13,96.9,107.7,85.3,87.8,27.86,28.83,26.92,27.32
27.48,1424,116.3,26,0,-47.9,2,6632,-1.63,0.13,96.9,107.7,85.3,87.8,27.86,28.83,26.93,27.33
27.52,1426,116.4,27,0,-47.5,2,6634,-1.62,0.14,96.9,107.7,85.4,87.9,27.86,28.83,26.93,27.33
27.56,1427,116.4,28,0,-46.4,2,6636,-1.6,0.15,96.9,107.7,85.4,87.9,27.86,28.83,26.93,27.33
27.6,1428,116.5,29,0,-46.2,2,6638,-1.58,0.15,96.9,107.7,85.4,87.9,27.86,28.83,26.93,27.33
27.64,1430,116.5,30,0,-44.7,2,6640,-1.57,0.16,96.9,107.7,85.5,88,27.86,28.83,26.94,27.34
27.68,1431,116.5,32,0,-44.7,2,6642,-1.55,0.17,96.9,107.7,85.5,88,27.86,28.83,26.94,27.34
27.72,1432,116.6,33,0,-44.3,2,6645,-1.53,0.17,96.9,107.7,85.6,88.1,27.86,28.83,26.94,27.34
27.76,1433,116.6,34,0,-42.9,2,6647,-1.51,0.18,96.9,107.7,85.6,88.1,27.86,28.83,26.94,27.34
27.8,1435,116.7,35,0,-41.9,2,6649,-1.5,0.19,96.9,107.7,85.6,88.1,27.86,28.83,26.95,27.35
27.84,1436,116.7,36,0,-42.4,2,6652,-1.48,0.2,96.9,107.7,85.7,88.2,27.86,28.83,26.95,27.35
27.88,1437,116.7,37,0,-41.1,2,6655,-1.46,0.2,96.9,107.7,85.7,88.2,27.86,28.83,26.95,27.35
27.92,1439,116.8,38,0,-41.4,2,6657,-1.45,0.21,96.9,107.7,85.7,88.2,27.86,28.83,26.95,27.35
27.96,1440,116.8,39,0,-39.3,2,6660,-1.43,0.22,96.9,107.7,85.8,88.3,27.86,28.83,26.96,27.36
28,1441,116.9,40,0,-39.9,2,6663,-1.41,0.22,96.9,107.7,85.8,88.3,27.86,28.83,26.96,27.36
28.04,1443,116.9,41,0,-38,2,6666,-1.4,0.23,96.9,107.7,85.8,88.3,27.86,28.83,26.96,27.36
28.08,1444,117,43,0,-37.6,2,6669,-1.38,0.24,96.9,107.7,85.9,88.4,27.86,28.83,26.97,27.37
28.12,1445,117.1,44,0,-37.3,2,6672,-1.36,0.24,96.9,107.7,85.9,88.4,27.86,28.83,26.97,27.37
28.16,1446,117.1,45,0,-36.2,2,6675,-1.35,0.25,96.9,107.7,85.9,88.4,27.86,28.83,26.97,27.37
28.2,1448,117.2,46,0,-36.3,2,6678,-1.33,0.26,96.9,107.7,86,88.5,27.86,28.83,26.97,27.37
28.24,1449,117.2,47,0,-35.1,2,6682,-1.31,0.27,96.9,107.7,86,88.5,27.86,28.83,26.98,27.38
28.28,1450,117.3,48,0,-35.3,2,6685,-1.3,0.27,96.9,107.7,86,88.5,27.86,28.83,26.98,27.38
28.32,1452,117.3,49,0,-34.1,2,6689,-1.28,0.28,96.9,107.7,86.1,88.6,27.86,28.83,26.98,27.38
28.36,1453,117.4,50,0,-33.4,2,6692,-1.26,0.29,96.9,107.7,86.1,88.6,27.86,28.83,26.98,27.38
28.4,1454,117.5,51,0,-32.9,2,6696,-1.24,0.29,96.9,107.7,86.1,88.6,27.86,28.83,26.99,27.39
28.44,1456,117.5,52,0,-32.1,2,6699,-1.23,0.3,96.9,107.7,86.2,88.7,27.86,28.83,26.99,27.39
28.48,1457,117.6,53,0,-31.8,2,6703,-1.21,0.31,96.9,107.7,86.2,88.7,27.86,28.83,26.99,27.39
28.52,1458,117.7,54,0,-31.4,2,6707,-1.19,0.32,96.9,107.7,86.3,88.8,27.86,28.83,26.99,27.39
28.56,1460,117.7,55,0,-30.8,2,6711,-1.18,0.32,96.9,107.7,86.3,88.8,27.86,28.83,27,27.4
28.6,1461,117.8,56,0,-30.1,2,6715,-1.16,0.33,96.9,107.7,86.3,88.8,27.86,28.83,27,27.4
28.64,1462,117.9,57,0,-28.3,2,6719,-1.14,0.34,96.9,107.7,86.4,88.9,27.86,28.83,27,27.4
28.68,1463,117.9,58,0,-28.8,2,6723,-1.13,0.34,96.9,107.7,86.4,88.9,27.86,28.83,27,27.4
28.72,1465,118,59,0,-27.9,2,6727,-1.11,0.35,96.9,107.7,86.4,88.9,27.86,28.83,27.01,27.41
28.76,1466,118.1,60,0,-27.1,2,6731,-1.09,0.36,96.9,107.7,86.5,89,27.86,28.83,27.01,27.41
28.8,1467,118.2,61,0,-27,2,6735,-1.07,0.36,96.9,107.7,86.5,89,27.86,28.83,27.01,27.41
28.84,1469,118.2,62,0,-25.4,2,6740,-1.06,0.37,96.9,107.7,86.5,89,27.86,28.83,27.02,27.42
28.88,1470,118.3,63,0,-24.3,2,6744,-1.04,0.38,96.9,107.7,86.6,89.1,27.86,28.83,27.02,27.42
28.92,1471,118.4,64,0,-24.6,2,6749,-1.02,0.39,96.9,107.7,86.6,89.1,27.86,28.83,27.02,27.42
28.96,1473,118.5,65,0,-23.7,2,6753,-1.01,0.39,96.9,107.7,86.6,89.1,27.86,28.83,27.02,27.42
29,1474,118.6,66,0,-23.3,2,6758,-0.99,0.4,96.9,107.7,86.7,89.2,27.86,28.83,27.03,27.43
29.04,1475,118.6,67,0,-22.5,2,6762,-0.97,0.41,96.9,107.7,86.7,89.2,27.86,28.83,27.03,27.43
29.08,1477,118.7,68,0,-21.1,2,6767,-0.95,0.41,96.9,107.7,86.7,89.2,27.86,28.83,27.03,27.43
29.12,1478,118.8,69,0,-22,2,6772,-0.94,0.42,96.9,107.7,86.8,89.3,27.86,28.83,27.03,27.43
29.16,1479,118.9,70,0,-20.1,2,6777,-0.92,0.43,96.9,107.7,86.8,89.3,27.86,28.83,27.04,27.44
29.2,1481,119,71,0,-20.4,2,6782,-0.9,0.44,96.9,107.7,86.8,89.3,27.86,28.83,27.04,27.44
29.24,1482,119.1,72,0,-19.6,2,6787,-0.89,0.44,96.9,107.7,86.9,89.4,27.86,28.83,27.04,27.44
29.28,1483,119.2,73,0,-18.7,2,6792,-0.87,0.45,96.9,107.7,86.9,89.4,27.86,28.83,27.04,27.44
29.32,1485,119.2,74,0,-18.3,2,6797,-0.85,0.46,96.9,107.7,87,89.5,27.86,28.83,27.05,27.45
29.36,1486,119.3,75,0,-17,2,6802,-0.83,0.46,96.9,107.7,87,89.5,27.86,28.83,27.05,27.45
29.4,1487,119.4,76,0,-15.7,2,6807,-0.82,0.47,96.9,107.7,87,89.5,27.86,28.83,27.05,27.45
29.44,1488,119.5,77,0,-15.7,2,6813,-0.8,0.48,96.9,107.7,87.1,89.6,27.86,28.83,27.05,27.45
29.48,1490,119.6,78,0,-15.9,2,6818,-0.78,0.49,96.9,107.7,87.1,89.6,27.86,28.83,27.06,27.46
29.52,1491,119.7,79,0,-14.1,2,6824,-0.77,0.49,96.9,107.7,87.1,89.6,27.86,28.83,27.06,27.46
29.56,1492,119.8,80,0,-14.3,2,6829,-0.75,0.5,96.9,107.7,87.2,89.7,27.86,28.83,27.06,27.46
29.6,1494,119.9,81,0,-13.5,2,6835,-0.73,0.51,96.9,107.7,87.2,89.7,27.86,28.83,27.06,27.46
29.64,1495,120,82,0,-13.2,2,6840,-0.71,0.52,96.9,107.7,87.2,89.7,27.86,28.83,27.07,27.47
29.68,1496,120.1,83,0,-11.6,2,6846,-0.7,0.52,96.9,107.7,87.3,89.8,27.86,28.83,27.07,27.47
29.72,1498,120.2,84,0,-11.6,2,6852,-0.68,0.53,96.9,107.7,87.3,89.8,27.86,28.83,27.07,27.47
29.76,1499,120.3,85,0,-9.7,2,6858,-0.66,0.54,96.9,107.7,87.3,89.8,27.86,28.83,27.08,27.48
29.8,1500,120.4,86,0,-10.6,2,6864,-0.64,0.54,96.9,107.7,87.4,89.9,27.86,28.83,27.08,27.48
29.84,1502,120.5,87,0,-9.4,2,6870,-0.63,0.55,96.9,107.7,87.4,89.9,27.86,28.83,27.08,27.48
29.88,1503,120.6,88,0,-8.3,2,6876,-0.61,0.56,96.9,107.7,87.4,89.9,27.86,28.83,27.08,27.48
29.92,1504,120.7,89,0,-8.1,2,6882,-0.59,0.57,96.9,107.7,87.5,90,27.86,28.83,27.09,27.49
29.96,1506,120.8,90,0,-6.8,2,6888,-0.57,0.57,96.9,107.7,87.5,90,27.86,28.83,27.09,27.49
30,1507,121,91,0,-6.6,2,6067,-0.56,0.58,96.9,107.7,87.5,90,27.86,28.83,27.09,27.49
30.04,1509,121.1,92,0,-5.4,2,6073,-0.54,0.59,96.9,107.7,87.6,90.1,27.86,28.83,27.09,27.49
30.08,1510,121.2,93,0,-5.2,2,6078,-0.52,0.6,96.9,107.7,87.6,90.1,27.86,28.83,27.1,27.5
30.12,1511,121.3,94,0,-4.2,2,6913,-0.5,0.6,96.9,107.7,87.7,90.2,27.86,28.83,27.1,27.5
30.16,1513,121.4,95,0,-4.1,2,6920,-0.49,0.61,96.9,107.7,87.7,90.2,27.86,28.83,27.1,27.5
30.2,1514,121.5,96,0,-3.3,2,6926,-0.47,0.62,96.9,107.7,87.7,90.2,27.86,28.83,27.1,27.5
30.24,1515,121.6,97,0,-2.8,2,6933,-0.45,0.62,96.9,107.7,87.8,90.3,27.86,28.83,27.11,27.51
30.28,1517,121.7,98,0,-0.9,2,6940,-0.43,0.63,96.9,107.7,87.8,90.3,27.86,28.83,27.11,27.51
30.32,1518,121.9,99,0,-1.2,2,6946,-0.42,0.64,96.9,107.7,87.8,90.3,27.86,28.83,27.11,27.51
30.36,1519,122,100,0,-0.6,2,6953,-0.4,0.65,96.9,107.7,87.9,90.4,27.86,28.83,27.11,27.51
30.4,1521,122,100,0,-0.6,2,6956,0.01,0.04,96.9,107.7,87.9,90.4,27.86,28.83,27.11,27.51
30.44,1522,122.1,100,0,-0.3,2,6960,-0.03,0.04,96.9,107.7,87.8,90.3,27.85,28.82,27.11,27.51
30.48,1523,122.2,100,0,-0.2,2,6963,0,0.04,96.8,107.6,87.8,90.3,27.85,28.82,27.11,27.51
30.52,1525,122.2,100,0,-0.1,2,6966,0.01,0.04,96.8,107.6,87.8,90.3,27.85,28.82,27.11,27.51
30.56,1526,122.3,100,0,-0.3,2,6970,0,0.04,96.8,107.6,87.8,90.3,27.85,28.82,27.11,27.51
30.6,1527,122.3,100,0,-0.2,2,6973,-0.02,0.04,96.8,107.6,87.8,90.3,27.85,28.82,27.11,27.51
30.64,1529,122.4,100,0,0,2,6976,0.04,0.04,96.8,107.6,87.8,90.3,27.85,28.82,27.11,27.51
30.68,1530,122.4,100,0,0.2,2,6979,-0.04,0.04,96.8,107.6,87.8,90.3,27.85,28.82,27.11,27.51
30.72,1532,122.5,100,0,0.3,2,6983,0.02,0.04,96.8,107.6,87.8,90.3,27.85,28.82,27.11,27.51
30.76,1533,122.6,100,0,0.1,2,6986,-0.01,0.04,96.8,107.6,87.7,90.2,27.85,28.82,27.11,27.51
30.8,1534,122.6,100,0,0.1,2,6989,0.03,0.04,96.8,107.6,87.7,90.2,27.85,28.82,27.1,27.5
30.84,1536,122.7,100,0,-0.5,2,6992,0,0.04,96.7,107.5,87.7,90.2,27.85,28.82,27.1,27.5
30.88,1537,122.7,100,0,-0.4,2,6996,0.05,0.04,96.7,107.5,87.7,90.2,27.84,28.81,27.1,27.5
30.92,1538,122.8,100,0,0.3,2,6999,-0.01,0.04,96.7,107.5,87.7,90.2,27.84,28.81,27.1,27.5
30.96,1540,122.8,100,0,0,2,7002,0.01,0.04,96.7,107.5,87.7,90.2,27.84,28.81,27.1,27.5
31,1541,122.9,100,0,0.2,2,7006,0,0.04,96.7,107.5,87.7,90.2,27.84,28.81,27.1,27.5
31.04,1542,123,100,0,-0.3,2,7009,0,0.04,96.7,107.5,87.7,90.2,27.84,28.81,27.1,27.5
31.08,1544,123,100,0,0,2,7012,0.01,0.04,96.7,107.5,87.6,90.1,27.84,28.81,27.1,27.5
31.12,1545,123.1,100,0,0.2,2,7015,-0.01,0.04,96.7,107.5,87.6,90.1,27.84,28.81,27.1,27.5
31.16,1547,123.1,100,0,-0.1,2,7019,0.01,0.04,96.6,107.4,87.6,90.1,27.84,28.81,27.1,27.5
31.2,1548,123.2,100,0,0.2,2,7022,-0.03,0.04,96.6,107.4,87.6,90.1,27.84,28.81,27.1,27.5
31.24,1549,123.3,100,0,0.5,2,7025,0.02,0.04,96.6,107.4,87.6,90.1,27.84,28.81,27.09,27.49
31.28,1551,123.3,100,0,-0.3,2,7029,0.01,0.04,96.6,107.4,87.6,90.1,27.84,28.81,27.09,27.49
31.32,1552,123.4,100,0,-0.3,2,7032,0.01,0.04,96.6,107.4,87.6,90.1,27.83,28.8,27.09,27.49
31.36,1553,123.4,100,0,0.4,2,7035,0.01,0.04,96.6,107.4,87.6,90.1,27.83,28.8,27.09,27.49
31.4,1555,123.5,100,0,-0.4,2,7038,0.01,0.04,96.6,107.4,87.6,90.1,27.83,28.8,27.09,27.49
31.44,1556,123.5,100,0,0,2,7042,0.03,0.04,96.6,107.4,87.5,90,27.83,28.8,27.09,27.49
31.48,1558,123.6,100,0,-0.4,2,7045,0.01,0.04,96.5,107.3,87.5,90,27.83,28.8,27.09,27.49
31.52,1559,123.7,100,0,0.3,2,7048,-0.02,0.04,96.5,107.3,87.5,90,27.83,28.8,27.09,27.49
31.56,1560,123.7,100,0,0.2,2,7052,-0.03,0.04,96.5,107.3,87.5,90,27.83,28.8,27.09,27.49
31.6,1562,123.8,100,0,0,2,7055,0.01,0.04,96.5,107.3,87.5,90,27.83,28.8,27.09,27.49
31.64,1563,123.8,100,0,-0.6,2,7058,0.01,0.04,96.5,107.3,87.5,90,27.83,28.8,27.09,27.49
31.68,1564,123.9,100,0,-0.4,2,7061,-0.01,0.04,96.5,107.3,87.5,90,27.83,28.8,27.09,27.49
31.72,1566,123.9,100,0,0.2,2,7065,0,0.04,96.5,107.3,87.5,90,27.83,28.8,27.08,27.48
31.76,1567,124,100,0,0,2,7068,0,0.04,96.5,107.3,87.4,89.9,27.82,28.79,27.08,27.48
31.8,1569,124.1,100,0,0,2,7071,0,0.04,96.5,107.3,87.4,89.9,27.82,28.79,27.08,27.48
31.84,1570,124.1,100,0,-0.4,2,7075,0,0.04,96.4,107.2,87.4,89.9,27.82,28.79,27.08,27.48
31.88,1571,124.2,100,0,0.2,2,7078,0.03,0.04,96.4,107.2,87.4,89.9,27.82,28.79,27.08,27.48
31.92,1573,124.2,100,0,0.7,2,7081,-0.02,0.04,96.4,107.2,87.4,89.9,27.82,28.79,27.08,27.48
31.96,1574,124.3,100,0,-0.6,2,7084,-0.02,0.04,96.4,107.2,87.4,89.9,27.82,28.79,27.08,27.48
32,1575,124.3,100,0,0.3,2,7088,0,0.04,96.4,107.2,87.4,89.9,27.82,28.79,27.08,27.48
32.04,1577,124.4,100,0,-0.2,2,7091,-0.05,0.04,96.4,107.2,87.4,89.9,27.82,28.79,27.08,27.48
32.08,1578,124.5,100,0,-0.3,2,7094,0.02,0.04,96.4,107.2,87.3,89.8,27.82,28.79,27.08,27.48
32.12,1580,124.5,100,0,0.8,2,7098,0,0.04,96.4,107.2,87.3,89.8,27.82,28.79,27.08,27.48
32.16,1581,124.6,100,0,-0.3,2,7101,-0.01,0.04,96.3,107.1,87.3,89.8,27.82,28.79,27.07,27.47
32.2,1582,124.6,100,0,0,2,7104,0.03,0.04,96.3,107.1,87.3,89.8,27.81,28.78,27.07,27.47
32.24,1584,124.7,100,0,0.5,2,7107,-0.01,0.04,96.3,107.1,87.3,89.8,27.81,28.78,27.07,27.47
32.28,1585,124.7,100,0,0.3,2,7111,0.04,0.04,96.3,107.1,87.3,89.8,27.81,28.78,27.07,27.47
32.32,1586,124.8,100,0,-0.2,2,7114,0,0.04,96.3,107.1,87.3,89.8,27.81,28.78,27.07,27.47
32.36,1588,124.9,100,0,0,2,7117,0,0.04,96.3,107.1,87.3,89.8,27.81,28.78,27.07,27.47
32.4,1589,124.9,100,0,-0.5,2,7121,-0.01,0.04,96.3,107.1,87.3,89.8,27.81,28.78,27.07,27.47
32.44,1591,125,100,0,0,2,7124,-0.01,0.04,96.3,107.1,87.2,89.7,27.81,28.78,27.07,27.47
32.48,1592,125,100,0,0.3,2,7127,0,0.04,96.2,107,87.2,89.7,27.81,28.78,27.07,27.47
32.52,1593,125.1,100,0,0.3,2,7130,-0.01,0.04,96.2,107,87.2,89.7,27.81,28.78,27.07,27.47
32.56,1595,125.2,100,0,0.2,2,7134,0,0.04,96.2,107,87.2,89.7,27.81,28.78,27.07,27.47
32.6,1596,125.2,100,0,0.1,2,7137,-0.01,0.04,96.2,107,87.2,89.7,27.81,28.78,27.06,27.46
32.64,1598,125.3,100,0,0.1,2,7140,-0.02,0.04,96.2,107,87.2,89.7,27.81,28.78,27.06,27.46
32.68,1599,125.3,100,0,-0.4,2,7144,0,0.04,96.2,107,87.2,89.7,27.8,28.77,27.06,27.46
32.72,1600,125.4,100,0,0.5,2,7147,0,0.04,96.2,107,87.2,89.7,27.8,28.77,27.06,27.46
32.76,1602,125.4,100,0,0.3,2,7150,-0.02,0.04,96.2,107,87.1,89.6,27.8,28.77,27.06,27.46
32.8,1603,125.5,100,0,-0.1,2,7153,-0.01,0.04,96.2,107,87.1,89.6,27.8,28.77,27.06,27.46
32.84,1605,125.6,100,0,0.2,2,7157,0.01,0.04,96.1,106.9,87.1,89.6,27.8,28.77,27.06,27.46
32.88,1606,125.6,100,0,-0.1,2,7160,-0.02,0.04,96.1,106.9,87.1,89.6,27.8,28.77,27.06,27.46
32.92,1607,125.7,100,0,-0.1,2,7163,-0.02,0.04,96.1,106.9,87.1,89.6,27.8,28.77,27.06,27.46
32.96,1609,125.7,100,0,0.3,2,7167,0,0.04,96.1,106.9,87.1,89.6,27.8,28.77,27.06,27.46
33,1610,125.8,100,0,-0.4,2,7170,-0.02,0.04,96.1,106.9,87.1,89.6,27.8,28.77,27.06,27.46
33.04,1612,125.8,100,0,0.2,2,7173,-0.02,0.04,96.1,106.9,87.1,89.6,27.8,28.77,27.05,27.45
33.08,1613,125.9,100,0,-0.6,2,7176,-0.01,0.04,96.1,106.9,87,89.5,27.8,28.77,27.05,27.45
33.12,1614,126,100,0,0.6,2,7180,-0.03,0.04,96.1,106.9,87,89.5,27.79,28.76,27.05,27.45
33.16,1616,126,100,0,-0.2,2,7183,0.03,0.04,96,106.8,87,89.5,27.79,28.76,27.05,27.45
33.2,1617,126.1,100,0,0,2,7186,0.01,0.04,96,106.8,87,89.5,27.79,28.76,27.05,27.45
33.24,1619,126.1,100,0,-0.5,2,7189,-0.01,0.04,96,106.8,87,89.5,27.79,28.76,27.05,27.45
33.28,1620,126.2,100,0,0.1,2,7193,-0.01,0.04,96,106.8,87,89.5,27.79,28.76,27.05,27.45
33.32,1621,126.2,100,0,0.8,2,7196,0,0.04,96,106.8,87,89.5,27.79,28.76,27.05,27.45
33.36,1623,126.3,100,0,-0.2,2,7199,-0.01,0.04,96,106.8,87,89.5,27.79,28.76,27.05,27.45
33.4,1624,126.4,100,0,0.1,2,7203,-0.01,0.04,96,106.8,87,89.5,27.79,28.76,27.05,27.45
33.44,1626,126.4,100,0,-0.1,2,7206,0,0.04,96,106.8,86.9,89.4,27.79,28.76,27.05,27.45
33.48,1627,126.5,100,0,0.5,2,7209,-0.02,0.04,95.9,106.7,86.9,89.4,27.79,28.76,27.04,27.44
33.52,1628,126.5,100,0,-0.2,2,7212,0,0.04,95.9,106.7,86.9,89.4,27.79,28.76,27.04,27.44
33.56,1630,126.6,100,0,0.3,2,7216,0,0.04,95.9,106.7,86.9,89.4,27.78,28.75,27.04,27.44
33.6,1631,126.6,100,0,0.6,2,7219,0.01,0.04,95.9,106.7,86.9,89.4,27.78,28.75,27.04,27.44
33.64,1633,126.7,100,0,-0.2,2,7222,0.02,0.04,95.9,106.7,86.9,89.4,27.78,28.75,27.04,27.44
33.68,1634,126.8,100,0,-0.6,2,7226,0.02,0.04,95.9,106.7,86.9,89.4,27.78,28.75,27.04,27.44
33.72,1635,126.8,100,0,0.5,2,7229,0.01,0.04,95.9,106.7,86.9,89.4,27.78,28.75,27.04,27.44
33.76,1637,126.9,100,0,0.3,2,7232,-0.01,0.04,95.9,106.7,86.8,89.3,27.78,28.75,27.04,27.44
33.8,1638,126.9,100,0,0.4,2,7235,-0.01,0.04,95.9,106.7,86.8,89.3,27.78,28.75,27.04,27.44
33.84,1640,127,100,0,-1,2,7239,0.01,0.04,95.8,106.6,86.8,89.3,27.78,28.75,27.04,27.44
33.88,1641,127.1,100,0,0,2,7242,0.01,0.04,95.8,106.6,86.8,89.3,27.78,28.75,27.04,27.44
33.92,1642,127.1,100,0,-0.4,2,7245,-0.01,0.04,95.8,106.6,86.8,89.3,27.78,28.75,27.03,27.43
33.96,1644,127.2,100,0,-0.1,2,7249,0,0.04,95.8,106.6,86.8,89.3,27.78,28.75,27.03,27.43
34,1645,127.2,100,0,-0.4,2,7252,0.01,0.04,95.8,106.6,86.8,89.3,27.77,28.74,27.03,27.43
34.04,1647,127.3,100,0,0.4,2,7255,-0.01,0.04,95.8,106.6,86.8,89.3,27.77,28.74,27.03,27.43
34.08,1648,127.3,100,0,0.2,2,7258,-0.02,0.04,95.8,106.6,86.7,89.2,27.77,28.74,27.03,27.43
34.12,1650,127.4,100,0,-0.1,2,7262,0,0.04,95.8,106.6,86.7,89.2,27.77,28.74,27.03,27.43
34.16,1651,127.5,100,0,0.6,2,7265,0.01,0.04,95.7,106.5,86.7,89.2,27.77,28.74,27.03,27.43
34.2,1652,127.5,100,0,-0.2,2,7268,-0.03,0.04,95.7,106.5,86.7,89.2,27.77,28.74,27.03,27.43
34.24,1654,127.6,100,0,-0.4,2,7272,-0.05,0.04,95.7,106.5,86.7,89.2,27.77,28.74,27.03,27.43
34.28,1655,127.6,100,0,-0.2,2,7275,0.03,0.04,95.7,106.5,86.7,89.2,27.77,28.74,27.03,27.43
34.32,1657,127.7,100,0,-0.3,2,7278,0.01,0.04,95.7,106.5,86.7,89.2,27.77,28.74,27.03,27.43
34.36,1658,127.7,100,0,-0.6,2,7281,0.02,0.04,95.7,106.5,86.7,89.2,27.77,28.74,27.02,27.42
34.4,1659,127.8,100,0,-0.1,2,7285,0.02,0.04,95.7,106.5,86.7,89.2,27.77,28.74,27.02,27.42
34.44,1661,127.9,100,0,-1.1,2,7288,-0.01,0.04,95.7,106.5,86.6,89.1,27.76,28.73,27.02,27.42
34.48,1662,127.9,100,0,0,2,7291,-0.02,0.04,95.6,106.4,86.6,89.1,27.76,28.73,27.02,27.42
34.52,1664,128,100,0,-0.2,2,7295,0.03,0.04,95.6,106.4,86.6,89.1,27.76,28.73,27.02,27.42
34.56,1665,128,100,0,-0.1,2,7298,0.01,0.04,95.6,106.4,86.6,89.1,27.76,28.73,27.02,27.42
34.6,1667,128.1,100,0,0.3,2,7301,0.02,0.04,95.6,106.4,86.6,89.1,27.76,28.73,27.02,27.42
34.64,1668,128.1,100,0,0,2,7304,-0.01,0.04,95.6,106.4,86.6,89.1,27.76,28.73,27.02,27.42
34.68,1669,128.2,100,0,0.4,2,7308,-0.01,0.04,95.6,106.4,86.6,89.1,27.76,28.73,27.02,27.42
34.72,1671,128.3,100,0,-0.6,2,7311,0,0.04,95.6,106.4,86.6,89.1,27.76,28.73,27.02,27.42
34.76,1672,128.3,100,0,-0.1,2,7314,0.01,0.04,95.6,106.4,86.5,89,27.76,28.73,27.02,27.42
34.8,1674,128.4,100,0,-0.4,2,7318,-0.04,0.04,95.6,106.4,86.5,89,27.76,28.73,27.01,27.41
34.84,1675,128.4,100,0,0.1,2,7321,-0.01,0.04,95.5,106.3,86.5,89,27.76,28.73,27.01,27.41
34.88,1677,128.5,100,0,0.5,2,7324,0,0.04,95.5,106.3,86.5,89,27.75,28.72,27.01,27.41
34.92,1678,128.6,100,0,0.7,2,7327,-0.01,0.04,95.5,106.3,86.5,89,27.75,28.72,27.01,27.41
34.96,1679,128.6,100,0,0.2,2,7331,0,0.04,95.5,106.3,86.5,89,27.75,28.72,27.01,27.41
35,1681,128.7,100,0,0.3,2,7334,0.01,0.04,95.5,106.3,86.5,89,27.75,28.72,27.01,27.41
35.04,1682,128.7,100,0,-0.8,2,7337,-0.01,0.04,95.5,106.3,86.5,89,27.75,28.72,27.01,27.41
35.08,1684,128.8,100,0,0.4,2,7341,0.01,0.04,95.5,106.3,86.4,88.9,27.75,28.72,27.01,27.41
35.12,1685,128.8,100,0,0.6,2,7344,0.02,0.04,95.5,106.3,86.4,88.9,27.75,28.72,27.01,27.41
35.16,1687,128.9,100,0,0.3,2,7347,0.01,0.04,95.4,106.2,86.4,88.9,27.75,28.72,27.01,27.41
35.2,1688,129,100,0,-0.1,2,7350,0.03,0.04,95.4,106.2,86.4,88.9,27.75,28.72,27.01,27.41
35.24,1689,129,100,0,-0.1,2,7354,0.01,0.04,95.4,106.2,86.4,88.9,27.75,28.72,27,27.4
35.28,1691,129.1,100,0,-0.1,2,7357,0,0.04,95.4,106.2,86.4,88.9,27.75,28.72,27,27.4
35.32,1692,129.1,100,0,-0.5,2,7360,0.02,0.04,95.4,106.2,86.4,88.9,27.74,28.71,27,27.4
35.36,1694,129.2,100,0,0.4,2,7363,-0.02,0.04,95.4,106.2,86.4,88.9,27.74,28.71,27,27.4
35.4,1695,129.2,100,0,-0.6,2,7367,0,0.04,95.4,106.2,86.4,88.9,27.74,28.71,27,27.4
35.44,1697,129.3,100,0,0.2,2,7370,-0.03,0.04,95.4,106.2,86.3,88.8,27.74,28.71,27,27.4
35.48,1698,129.4,100,0,-0.1,2,7373,-0.02,0.04,95.3,106.1,86.3,88.8,27.74,28.71,27,27.4
35.52,1699,129.4,100,0,0,2,7377,0.05,0.04,95.3,106.1,86.3,88.8,27.74,28.71,27,27.4
35.56,1701,129.5,100,0,-0.1,2,7380,-0.02,0.04,95.3,106.1,86.3,88.8,27.74,28.71,27,27.4
35.6,1702,129.5,100,0,0.1,2,7383,0.02,0.04,95.3,106.1,86.3,88.8,27.74,28.71,27,27.4
35.64,1704,129.6,100,0,1,2,7386,-0.04,0.04,95.3,106.1,86.3,88.8,27.74,28.71,27,27.4
35.68,1705,129.6,100,0,0.1,2,7390,0.02,0.04,95.3,106.1,86.3,88.8,27.74,28.71,27,27.4
35.72,1707,129.7,100,0,0.1,2,7393,-0.02,0.04,95.3,106.1,86.3,88.8,27.74,28.71,26.99,27.39
35.76,1708,129.8,100,0,0.6,2,7396,0.02,0.04,95.3,106.1,86.2,88.7,27.73,28.7,26.99,27.39
35.8,1710,129.8,100,0,0.2,2,7400,0.02,0.04,95.3,106.1,86.2,88.7,27.73,28.7,26.99,27.39
35.84,1711,129.9,100,0,0,2,7403,0.02,0.04,95.2,106,86.2,88.7,27.73,28.7,26.99,27.39
35.88,1712,129.9,100,0,-0.3,2,7406,0.03,0.04,95.2,106,86.2,88.7,27.73,28.7,26.99,27.39
35.92,1714,130,100,0,-0.2,2,7409,-0.01,0.04,95.2,106,86.2,88.7,27.73,28.7,26.99,27.39
35.96,1715,130,100,0,0.1,2,7413,0.03,0.04,95.2,106,86.2,88.7,27.73,28.7,26.99,27.39
36,1717,130.1,100,0,-0.4,2,7416,0.04,0.04,95.2,106,86.2,88.7,27.73,28.7,26.99,27.39
36.04,1718,130.2,100,0,-0.5,2,7419,0.02,0.04,95.2,106,86.2,88.7,27.73,28.7,26.99,27.39
36.08,1720,130.2,100,0,0.7,2,7423,-0.03,0.04,95.2,106,86.1,88.6,27.73,28.7,26.99,27.39
36.12,1721,130.3,100,0,0.3,2,7426,-0.03,0.04,95.2,106,86.1,88.6,27.73,28.7,26.99,27.39
36.16,1723,130.3,100,0,0.6,2,7429,-0.03,0.04,95.1,105.9,86.1,88.6,27.73,28.7,26.98,27.38
36.2,1724,130.4,100,0,-0.5,2,7432,-0.01,0.04,95.1,105.9,86.1,88.6,27.72,28.69,26.98,27.38
36.24,1725,130.5,100,0,0.3,2,7436,-0.02,0.04,95.1,105.9,86.1,88.6,27.72,28.69,26.98,27.38
36.28,1727,130.5,100,0,0.2,2,7439,-0.04,0.04,95.1,105.9,86.1,88.6,27.72,28.69,26.98,27.38
36.32,1728,130.6,100,0,0,2,7442,0,0.04,95.1,105.9,86.1,88.6,27.72,28.69,26.98,27.38
36.36,1730,130.6,100,0,0.3,2,7446,-0.03,0.04,95.1,105.9,86.1,88.6,27.72,28.69,26.98,27.38
36.4,1731,130.7,100,0,-0.2,2,7449,-0.01,0.04,95.1,105.9,86.1,88.6,27.72,28.69,26.98,27.38
36.44,1733,130.7,100,0,-0.1,2,7452,0,0.04,95.1,105.9,86,88.5,27.72,28.69,26.98,27.38
36.48,1734,130.8,100,0,-0.4,2,7455,0.01,0.04,95,105.8,86,88.5,27.72,28.69,26.98,27.38
36.52,1736,130.9,100,0,-0.6,2,7459,-0.03,0.04,95,105.8,86,88.5,27.72,28.69,26.98,27.38
36.56,1737,130.9,100,0,0.3,2,7462,0.01,0.04,95,105.8,86,88.5,27.72,28.69,26.98,27.38
36.6,1738,131,100,0,0,2,7465,0.01,0.04,95,105.8,86,88.5,27.72,28.69,26.97,27.37
36.64,1740,131,100,0,-0.1,2,7469,-0.02,0.04,95,105.8,86,88.5,27.72,28.69,26.97,27.37
36.68,1741,131.1,100,0,0,2,7472,-0.01,0.04,95,105.8,86,88.5,27.71,28.68,26.97,27.37
36.72,1743,131.1,100,0,0,2,7475,0.01,0.04,95,105.8,86,88.5,27.71,28.68,26.97,27.37
36.76,1744,131.2,100,0,0.5,2,7478,-0.01,0.04,95,105.8,85.9,88.4,27.71,28.68,26.97,27.37
36.8,1746,131.3,100,0,-0.3,2,7482,0.03,0.04,95,105.8,85.9,88.4,27.71,28.68,26.97,27.37
36.84,1747,131.3,100,0,0.2,2,7485,0,0.04,94.9,105.7,85.9,88.4,27.71,28.68,26.97,27.37
36.88,1749,131.4,100,0,0.2,2,7488,-0.02,0.04,94.9,105.7,85.9,88.4,27.71,28.68,26.97,27.37
36.92,1750,131.4,100,0,0.4,2,7492,-0.02,0.04,94.9,105.7,85.9,88.4,27.71,28.68,26.97,27.37
36.96,1752,131.5,100,0,-0.5,2,7495,0,0.04,94.9,105.7,85.9,88.4,27.71,28.68,26.97,27.37
37,1753,131.5,100,0,0.5,2,7498,-0.02,0.04,94.9,105.7,85.9,88.4,27.71,28.68,26.97,27.37
37.04,1755,131.6,100,0,0.1,2,7501,0,0.04,94.9,105.7,85.9,88.4,27.71,28.68,26.96,27.36
37.08,1756,131.7,100,0,-0.8,2,7505,0,0.04,94.9,105.7,85.8,88.3,27.71,28.68,26.96,27.36
37.12,1757,131.7,100,0,0,2,7508,-0.05,0.04,94.9,105.7,85.8,88.3,27.7,28.67,26.96,27.36
37.16,1759,131.8,100,0,0.2,2,7511,0.01,0.04,94.8,105.6,85.8,88.3,27.7,28.67,26.96,27.36
37.2,1760,131.8,100,0,0.6,2,7515,0.01,0.04,94.8,105.6,85.8,88.3,27.7,28.67,26.96,27.36
37.24,1762,131.9,100,0,0.2,2,7518,0.03,0.04,94.8,105.6,85.8,88.3,27.7,28.67,26.96,27.36
37.28,1763,131.9,100,0,-0.1,2,7521,0.02,0.04,94.8,105.6,85.8,88.3,27.7,28.67,26.96,27.36
37.32,1765,132,100,0,0.4,2,7524,0.04,0.04,94.8,105.6,85.8,88.3,27.7,28.67,26.96,27.36
37.36,1766,132.1,100,0,-0.4,2,7528,0.02,0.04,94.8,105.6,85.8,88.3,27.7,28.67,26.96,27.36
37.4,1768,132.1,100,0,-0.4,2,7531,0.02,0.04,94.8,105.6,85.8,88.3,27.7,28.67,26.96,27.36
37.44,1769,132.2,100,0,-0.7,2,7534,0.01,0.04,94.8,105.6,85.7,88.2,27.7,28.67,26.96,27.36
37.48,1771,132.2,100,0,-0.4,2,7538,0,0.04,94.7,105.5,85.7,88.2,27.7,28.67,26.95,27.35
37.52,1772,132.3,100,0,0.2,2,7541,-0.03,0.04,94.7,105.5,85.7,88.2,27.7,28.67,26.95,27.35
37.56,1774,132.4,100,0,0.3,2,7544,-0.01,0.04,94.7,105.5,85.7,88.2,27.69,28.66,26.95,27.35
37.6,1775,132.4,100,0,0.3,2,7547,-0.02,0.04,94.7,105.5,85.7,88.2,27.69,28.66,26.95,27.35
37.64,1777,132.5,100,0,0.6,2,7551,0.02,0.04,94.7,105.5,85.7,88.2,27.69,28.66,26.95,27.35
37.68,1778,132.5,100,0,-0.1,2,7554,0.01,0.04,94.7,105.5,85.7,88.2,27.69,28.66,26.95,27.35
37.72,1779,132.6,100,0,0.2,2,7557,0.03,0.04,94.7,105.5,85.7,88.2,27.69,28.66,26.95,27.35
37.76,1781,132.5,0,4,-0.7,2,7550,0,-1.85,94.8,105.5,85.7,88.2,27.7,28.66,26.95,27.35
37.8,1782,132.1,0,11,0,2,7532,0,-1.85,94.9,105.6,85.7,88.2,27.71,28.67,26.95,27.35
37.84,1784,131.6,0,18,0.5,2,7501,0,-1.85,95,105.6,85.7,88.2,27.72,28.67,26.95,27.35
37.88,1785,130.9,0,24,1.2,2,7460,0,-1.85,95.2,105.6,85.7,88.2,27.73,28.67,26.95,27.35
37.92,1787,129.9,0,31,1.1,2,7407,0,-1.85,95.3,105.7,85.7,88.2,27.74,28.68,26.95,27.35
37.96,1788,128.8,0,38,0.9,2,7342,0,-1.85,95.4,105.7,85.7,88.2,27.74,28.68,26.95,27.35
38,1790,127.5,0,44,-0.4,2,7267,0,-1.85,95.5,105.8,85.7,88.2,27.75,28.68,26.95,27.35
38.04,1791,126,0,51,-1,2,7179,0,-1.85,95.6,105.8,85.7,88.2,27.76,28.68,26.95,27.35
38.08,1793,124.2,0,57,-0.3,2,7082,0,-1.85,95.8,105.8,85.7,88.2,27.77,28.69,26.95,27.35
38.12,1794,122.4,0,63,0.3,2,6974,0,-1.85,95.9,105.9,85.7,88.2,27.78,28.69,26.95,27.35
38.16,1795,120.3,0,70,-0.1,2,6854,0,-1.85,96,105.9,85.7,88.2,27.79,28.69,26.95,27.35
38.2,1797,118,0,76,0.2,2,6724,0,-1.85,96.1,106,85.7,88.2,27.8,28.7,26.95,27.35
38.24,1798,115.5,0,82,-1.7,2,6584,0,-1.85,96.2,106,85.7,88.2,27.81,28.7,26.95,27.35
38.28,1799,112.9,0,88,-0.6,2,6434,0,-1.85,96.4,106,85.7,88.2,27.82,28.7,26.95,27.35
38.32,1800,110.1,0,93,-2.6,2,6275,0,-1.85,96.5,106.1,85.7,88.2,27.83,28.71,26.95,27.35
38.36,1802,107.2,0,96,-0.9,2,6111,0,-1.85,96.6,106.1,85.7,88.2,27.83,28.71,26.95,27.35
38.4,1803,104.3,0,96,1,2,5946,0,-1.85,96.7,106.2,85.7,88.2,27.84,28.71,26.95,27.35
38.44,1804,101.4,0,96,-1.9,2,5782,0,-1.85,96.8,106.2,85.7,88.2,27.85,28.71,26.95,27.35
38.48,1805,98.6,0,96,1.1,2,5618,0,-1.85,97,106.2,85.7,88.2,27.86,28.72,26.95,27.35
38.52,1806,95.7,0,96,-0.7,2,5454,0,-1.85,97.1,106.3,85.7,88.2,27.87,28.72,26.95,27.35
38.56,1807,95,0,96,-0.7,2,5415,0,-1.85,97.2,106.3,85.7,88.2,27.88,28.72,26.95,27.35
38.6,1808,95,0,96,0,2,5415,0,-1.85,97.3,106.4,85.7,88.2,27.89,28.73,26.95,27.35
38.64,1809,95,0,96,-0.5,2,5415,0,-1.85,97.4,106.4,85.7,88.2,27.9,28.73,26.95,27.35
38.68,1810,95,0,96,-0.6,2,5415,0,-1.85,97.6,106.4,85.7,88.2,27.91,28.73,26.95,27.35
38.72,1812,95,0,96,-2.6,2,5415,0,-1.85,97.7,106.5,85.7,88.2,27.92,28.74,26.95,27.35
38.76,1813,95,0,96,0.6,2,5415,0,-1.85,97.8,106.5,85.7,88.2,27.92,28.74,26.95,27.35
38.8,1814,95,0,96,0.7,2,5415,0,-1.85,97.9,106.6,85.7,88.2,27.93,28.74,26.95,27.35
38.84,1815,95,0,96,0.7,2,5415,0,-1.85,98,106.6,85.7,88.2,27.94,28.74,26.95,27.35
38.88,1816,95,0,96,0.1,2,5415,0,-1.85,98.2,106.6,85.7,88.2,27.95,28.75,26.95,27.35
38.92,1817,95,0,96,-0.8,2,5415,0,-1.85,98.3,106.7,85.7,88.2,27.96,28.75,26.95,27.35
38.96,1818,95,0,96,-0.8,2,5415,0,-1.85,98.4,106.7,85.7,88.2,27.97,28.75,26.95,27.35
39,1819,95,0,96,-1.4,2,5415,0,-1.85,98.5,106.8,85.7,88.2,27.98,28.76,26.95,27.35
39.04,1820,95,0,96,-0.1,2,5415,0,-1.85,98.6,106.8,85.7,88.2,27.99,28.76,26.95,27.35
39.08,1821,95,0,96,2.2,2,5415,0,-1.85,98.8,106.8,85.7,88.2,28,28.76,26.95,27.35
39.12,1822,95,0,96,0.6,2,5415,0,-1.85,98.9,106.9,85.7,88.2,28.01,28.77,26.95,27.35
39.16,1823,95,0,96,-0.7,2,5415,0,-1.85,99,106.9,85.7,88.2,28.01,28.77,26.95,27.35
39.2,1824,95,0,96,1.3,2,5415,0,-1.85,99.1,107,85.7,88.2,28.02,28.77,26.95,27.35
39.24,1825,95,0,96,0.8,2,5415,0,-1.85,99.2,107,85.7,88.2,28.03,28.77,26.95,27.35
39.28,1826,95,0,96,-0.2,2,5415,0,-1.85,99.4,107,85.7,88.2,28.04,28.78,26.95,27.35
39.32,1827,95,0,96,-0.6,2,5415,0,-1.85,99.5,107.1,85.7,88.2,28.05,28.78,26.95,27.35
39.36,1828,95,0,96,-0.5,2,5415,0,-1.85,99.6,107.1,85.7,88.2,28.06,28.78,26.95,27.35
39.4,1829,95,0,96,0,2,5415,0,-1.85,99.7,107.2,85.7,88.2,28.07,28.79,26.95,27.35
39.44,1831,95,0,96,-0.3,2,5415,0,-1.85,99.8,107.2,85.7,88.2,28.08,28.79,26.95,27.35
39.48,1832,95,0,96,-0.9,2,5415,0,-1.85,100,107.2,85.7,88.2,28.09,28.79,26.95,27.35
39.52,1833,95,0,96,1.6,2,5415,0,-1.85,100.1,107.3,85.7,88.2,28.1,28.8,26.95,27.35
39.56,1834,95,0,96,-1.8,2,5415,0,-1.85,100.2,107.3,85.7,88.2,28.1,28.8,26.95,27.35
39.6,1835,95,0,96,-0.6,2,5415,0,-1.85,100.3,107.4,85.7,88.2,28.11,28.8,26.95,27.35
39.64,1836,95,0,96,0.1,2,5415,0,-1.85,100.4,107.4,85.7,88.2,28.12,28.8,26.95,27.35
39.68,1837,95,0,96,-0.7,2,5415,0,-1.85,100.6,107.4,85.7,88.2,28.13,28.81,26.95,27.35
39.72,1838,95,0,96,-0.4,2,5415,0,-1.85,100.7,107.5,85.7,88.2,28.14,28.81,26.95,27.35
39.76,1839,95,0,96,-0.5,2,5415,0,-1.85,100.8,107.5,85.7,88.2,28.15,28.81,26.95,27.35
39.8,1840,95,0,96,1,2,5415,0,-1.85,100.9,107.6,85.7,88.2,28.16,28.82,26.95,27.35
39.84,1841,95,0,96,1.3,2,5415,0,-1.85,101,107.6,85.7,88.2,28.17,28.82,26.95,27.35
39.88,1842,95,0,96,-0.6,2,5415,0,-1.85,101.2,107.6,85.7,88.2,28.18,28.82,26.95,27.35
39.92,1843,95,0,96,0.4,2,5415,0,-1.4,101.3,107.7,85.7,88.2,28.19,28.83,26.95,27.35
39.96,1844,95,0,94,1.5,2,5415,0.03,-1.38,101.4,107.7,85.7,88.2,28.19,28.83,26.95,27.35
40,1845,95,0,92,3,2,5415,0.06,-1.36,101.5,107.8,85.7,88.2,28.2,28.83,26.95,27.35
40.04,1846,95,0,90,3.6,2,5415,0.09,-1.34,101.6,107.8,85.7,88.2,28.21,28.83,26.95,27.35
40.08,1847,95,0,88,6.1,2,5415,0.12,-1.32,101.8,107.8,85.7,88.2,28.22,28.84,26.95,27.35
40.12,1848,95,0,87,7.7,2,5415,0.15,-1.3,101.9,107.9,85.7,88.2,28.23,28.84,26.95,27.35
40.16,1850,95,0,85,9,2,5415,0.18,-1.28,102,107.9,85.7,88.2,28.24,28.84,26.95,27.35
40.2,1851,95,0,83,10.8,2,5415,0.21,-1.26,102.1,108,85.7,88.2,28.25,28.85,26.95,27.35
40.24,1852,95,0,81,11.9,2,5415,0.23,-1.24,102.2,108,85.7,88.2,28.26,28.85,26.95,27.35
40.28,1853,95,0,80,12.9,2,5415,0.26,-1.22,102.4,108,85.7,88.2,28.27,28.85,26.95,27.35
40.32,1854,95,0,78,15,2,5415,0.29,-1.2,102.5,108.1,85.7,88.2,28.28,28.86,26.95,27.35
40.36,1855,95,0,76,16.5,2,5415,0.32,-1.19,102.6,108.1,85.7,88.2,28.28,28.86,26.95,27.35
40.4,1856,95,0,74,17.2,2,5415,0.35,-1.17,102.7,108.2,85.7,88.2,28.29,28.86,26.95,27.35
40.44,1857,95,0,73,19.1,2,5415,0.38,-1.15,102.8,108.2,85.7,88.2,28.3,28.86,26.95,27.35
40.48,1858,95,0,71,19.7,2,5415,0.41,-1.13,103,108.2,85.7,88.2,28.31,28.87,26.95,27.35
40.52,1859,95,0,69,22.1,2,5415,0.43,-1.11,103.1,108.3,85.7,88.2,28.32,28.87,26.95,27.35
40.56,1860,95,0,68,24.2,2,5415,0.46,-1.09,103.2,108.3,85.7,88.2,28.33,28.87,26.95,27.35
40.6,1861,95,0,66,23.7,2,5415,0.49,-1.07,103.3,108.4,85.7,88.2,28.34,28.88,26.95,27.35
40.64,1862,95,0,64,27.2,2,5415,0.52,-1.05,103.4,108.4,85.7,88.2,28.35,28.88,26.95,27.35
40.68,1863,95,0,63,27.6,2,5415,0.55,-1.03,103.6,108.4,85.7,88.2,28.36,28.88,26.95,27.35
40.72,1864,95,0,61,27.8,2,5415,0.58,-1.01,103.7,108.5,85.7,88.2,28.37,28.89,26.95,27.35
40.76,1865,95,0,59,29.6,2,5415,0.61,-0.99,103.8,108.5,85.7,88.2,28.37,28.89,26.95,27.35
40.8,1866,95,0,58,32.2,2,5415,0.63,-0.97,103.9,108.6,85.7,88.2,28.38,28.89,26.95,27.35
40.84,1867,95,0,56,32.4,2,5415,0.66,-0.96,104,108.6,85.7,88.2,28.39,28.89,26.95,27.35
40.88,1869,95,0,55,34.3,2,5415,0.69,-0.94,104.2,108.6,85.7,88.2,28.4,28.9,26.95,27.35
40.92,1870,95,0,53,35.8,2,5415,0.72,-0.92,104.3,108.7,85.7,88.2,28.41,28.9,26.95,27.35
40.96,1871,95,0,52,35.7,2,5415,0.75,-0.9,104.4,108.7,85.7,88.2,28.42,28.9,26.95,27.35
41,1872,95,0,50,37.4,2,5415,0.78,-0.88,104.5,108.8,85.7,88.2,28.43,28.91,26.95,27.35
41.04,1873,95,0,48,37.8,2,5415,0.81,-0.86,104.6,108.8,85.7,88.2,28.44,28.91,26.95,27.35
41.08,1874,95,0,47,39,2,5415,0.83,-0.84,104.8,108.8,85.7,88.2,28.45,28.91,26.95,27.35
41.12,1875,95,0,45,42,2,5415,0.86,-0.82,104.9,108.9,85.7,88.2,28.46,28.92,26.95,27.35
41.16,1876,95,0,44,42.7,2,5415,0.89,-0.8,105,108.9,85.7,88.2,28.46,28.92,26.95,27.35
41.2,1877,95,0,43,44.8,2,5415,0.92,-0.78,105.1,109,85.7,88.2,28.47,28.92,26.95,27.35
41.24,1878,95,0,41,44.4,2,5415,0.95,-0.76,105.2,109,85.7,88.2,28.48,28.92,26.95,27.35
41.28,1879,95,0,40,45.6,2,5415,0.98,-0.74,105.4,109,85.7,88.2,28.49,28.93,26.95,27.35
41.32,1880,95,0,38,46.6,2,5415,1.01,-0.73,105.5,109.1,85.7,88.2,28.5,28.93,26.95,27.35
41.36,1881,95,0,37,47.6,2,5415,1.04,-0.71,105.6,109.1,85.7,88.2,28.51,28.93,26.95,27.35
41.4,1882,95,0,35,49.1,2,5415,1.06,-0.69,105.7,109.2,85.7,88.2,28.52,28.94,26.95,27.35
41.44,1883,95,0,34,49.8,2,5415,1.09,-0.67,105.8,109.2,85.7,88.2,28.53,28.94,26.95,27.35
41.48,1884,95,0,33,50.7,2,5415,1.12,-0.65,106,109.2,85.7,88.2,28.54,28.94,26.95,27.35
41.52,1885,95,0,31,52.2,2,5415,1.15,-0.63,106.1,109.3,85.7,88.2,28.55,28.95,26.95,27.35
41.56,1886,95,0,30,52.4,2,5415,1.18,-0.61,106.2,109.3,85.7,88.2,28.55,28.95,26.95,27.35
41.6,1888,95,0,29,53.8,2,5415,1.21,-0.59,106.3,109.4,85.7,88.2,28.56,28.95,26.95,27.35
41.64,1889,95,0,27,54.3,2,5415,1.24,-0.57,106.4,109.4,85.7,88.2,28.57,28.95,26.95,27.35
41.68,1890,95,0,26,55.1,2,5415,1.26,-0.55,106.6,109.4,85.7,88.2,28.58,28.96,26.95,27.35
41.72,1891,95,0,25,56.2,2,5415,1.29,-0.53,106.7,109.5,85.7,88.2,28.59,28.96,26.95,27.35
41.76,1892,95,0,24,56.9,2,5415,1.32,-0.51,106.8,109.5,85.7,88.2,28.6,28.96,26.95,27.35
41.8,1893,95,0,22,58.2,2,5415,1.35,-0.49,106.9,109.6,85.7,88.2,28.61,28.97,26.95,27.35
41.84,1894,95,0,21,58.1,2,5415,1.38,-0.48,107,109.6,85.7,88.2,28.62,28.97,26.95,27.35
41.88,1895,95,0,20,59.7,2,5415,1.41,-0.46,107.2,109.6,85.7,88.2,28.63,28.97,26.95,27.35
41.92,1896,95,0,19,59.9,2,5415,1.44,-0.44,107.3,109.7,85.7,88.2,28.64,28.98,26.95,27.35
41.96,1897,95,0,18,61.3,2,5415,1.46,-0.42,107.4,109.7,85.7,88.2,28.64,28.98,26.95,27.35
42,1898,95,0,17,61.1,2,5415,1.49,-0.4,107.5,109.8,85.7,88.2,28.65,28.98,26.95,27.35
42.04,1899,95,0,15,61.4,2,5415,1.52,-0.38,107.6,109.8,85.7,88.2,28.66,28.98,26.95,27.35
42.08,1900,95,0,14,63.1,2,5415,1.55,-0.36,107.8,109.8,85.7,88.2,28.67,28.99,26.95,27.35
42.12,1901,95,0,13,62.6,2,5415,1.58,-0.34,107.9,109.9,85.7,88.2,28.68,28.99,26.95,27.35
42.16,1902,95,0,12,63.2,2,5415,1.61,-0.32,108,109.9,85.7,88.2,28.69,28.99,26.95,27.35
42.2,1903,95,0,11,64.4,2,5415,1.64,-0.3,108.1,110,85.7,88.2,28.7,29,26.95,27.35
42.24,1904,95,0,10,64.7,2,5415,1.66,-0.28,108.2,110,85.7,88.2,28.71,29,26.95,27.35
42.28,1905,95,0,9,64.5,2,5415,1.69,-0.26,108.4,110,85.7,88.2,28.72,29,26.95,27.35
42.32,1907,95,0,8,65.7,2,5415,1.72,-0.25,108.5,110.1,85.7,88.2,28.73,29.01,26.95,27.35
42.36,1908,95,0,7,66.4,2,5415,1.75,-0.23,108.6,110.1,85.7,88.2,28.73,29.01,26.95,27.35
42.4,1909,95,0,7,66.9,2,5415,1.78,-0.21,108.7,110.2,85.7,88.2,28.74,29.01,26.95,27.35
42.44,1910,95,0,6,66.9,2,5415,1.81,-0.19,108.8,110.2,85.7,88.2,28.75,29.01,26.95,27.35
42.48,1911,95,0,5,67.1,2,5415,1.84,-0.17,109,110.2,85.7,88.2,28.76,29.02,26.95,27.35
42.52,1912,95,0,4,66.9,2,5415,1.87,-0.15,109.1,110.3,85.7,88.2,28.77,29.02,26.95,27.35
42.56,1913,95,0,3,67.4,2,5415,1.89,-0.13,109.2,110.3,85.7,88.2,28.78,29.02,26.95,27.35
42.6,1914,95,0,3,66.8,2,5415,1.92,-0.11,109.3,110.4,85.7,88.2,28.79,29.03,26.95,27.35
42.64,1915,95,0,2,66.9,2,5415,1.95,-0.09,109.4,110.4,85.7,88.2,28.8,29.03,26.95,27.35
42.68,1916,95,0,2,67.1,2,5415,1.98,-0.07,109.6,110.4,85.7,88.2,28.81,29.03,26.95,27.35
42.72,1917,95,0,1,68.1,2,5415,2.01,-0.05,109.7,110.5,85.7,88.2,28.82,29.04,26.95,27.35
42.76,1918,95,0,1,68,2,5415,2.04,-0.03,109.8,110.5,85.7,88.2,28.82,29.04,26.95,27.35
42.8,1919,95,0,0,67.2,2,5415,2.07,-0.02,109.9,110.6,85.7,88.2,28.83,29.04,26.95,27.35
42.84,1920,95,0,0,67.7,2,5415,1.95,0,109.9,110.6,85.7,88.2,28.83,29.04,26.95,27.35
42.88,1921,95,2,0,67.7,2,5415,1.93,0.01,109.9,110.6,85.7,88.2,28.83,29.04,26.95,27.35
42.92,1922,95,3,0,67.2,2,5415,1.92,0.01,109.9,110.6,85.8,88.3,28.83,29.04,26.96,27.36
42.96,1923,95,5,0,65.6,2,5416,1.91,0.02,109.9,110.6,85.8,88.3,28.83,29.04,26.96,27.36
43,1924,95,6,0,66.4,2,5416,1.9,0.02,109.9,110.6,85.8,88.3,28.83,29.04,26.96,27.36
43.04,1926,95,7,0,65.6,2,5417,1.88,0.03,109.9,110.6,85.9,88.4,28.83,29.04,26.96,27.36
43.08,1927,95,8,0,64.2,2,5418,1.87,0.03,109.9,110.6,85.9,88.4,28.83,29.04,26.97,27.37
43.12,1928,95.1,9,0,64.6,2,5418,1.86,0.04,109.9,110.6,85.9,88.4,28.83,29.04,26.97,27.37
43.16,1929,95.1,10,0,63.6,2,5419,1.85,0.04,109.9,110.6,86,88.5,28.83,29.04,26.97,27.37
43.2,1930,95.1,11,0,62.8,2,5420,1.83,0.05,109.9,110.6,86,88.5,28.83,29.04,26.98,27.38
43.24,1931,95.1,12,0,62.5,2,5421,1.82,0.05,109.9,110.6,86,88.5,28.83,29.04,26.98,27.38
43.28,1932,95.1,13,0,61.3,2,5422,1.81,0.06,109.9,110.6,86.1,88.6,28.83,29.04,26.98,27.38
43.32,1933,95.2,14,0,60.7,2,5424,1.8,0.06,109.9,110.6,86.1,88.6,28.83,29.04,26.98,27.38
43.36,1934,95.2,15,0,60.4,2,5425,1.78,0.07,109.9,110.6,86.1,88.6,28.83,29.04,26.99,27.39
43.4,1935,95.2,16,0,60,2,5426,1.77,0.08,109.9,110.6,86.2,88.7,28.83,29.04,26.99,27.39
43.44,1936,95.2,17,0,59.4,2,5428,1.76,0.08,109.9,110.6,86.2,88.7,28.83,29.04,26.99,27.39
43.48,1937,95.3,18,0,59.1,2,5429,1.74,0.09,109.9,110.6,86.3,88.8,28.83,29.04,26.99,27.39
43.52,1938,95.3,19,0,58.7,2,5431,1.73,0.09,109.9,110.6,86.3,88.8,28.83,29.04,27,27.4
43.56,1939,95.3,20,0,58.3,2,5433,1.72,0.1,109.9,110.6,86.3,88.8,28.83,29.04,27,27.4
43.6,1940,95.3,21,0,57.6,2,5435,1.71,0.1,109.9,110.6,86.4,88.9,28.83,29.04,27,27.4
43.64,1941,95.4,22,0,56.7,2,5437,1.69,0.11,109.9,110.6,86.4,88.9,28.83,29.04,27,27.4
43.68,1942,95.4,22,0,56.3,2,5438,1.68,0.11,109.9,110.6,86.4,88.9,28.83,29.04,27.01,27.41
43.72,1943,95.4,23,0,55.7,2,5440,1.67,0.12,109.9,110.6,86.5,89,28.83,29.04,27.01,27.41
43.76,1945,95.5,24,0,55,2,5443,1.66,0.12,109.9,110.6,86.5,89,28.83,29.04,27.01,27.41
43.8,1946,95.5,25,0,54.4,2,5445,1.64,0.13,109.9,110.6,86.5,89,28.83,29.04,27.01,27.41
43.84,1947,95.6,26,0,54,2,5447,1.63,0.13,109.9,110.6,86.6,89.1,28.83,29.04,27.02,27.42
43.88,1948,95.6,27,0,53.1,2,5449,1.62,0.14,109.9,110.6,86.6,89.1,28.83,29.04,27.02,27.42
43.92,1949,95.6,28,0,52.7,2,5452,1.6,0.14,109.9,110.6,86.6,89.1,28.83,29.04,27.02,27.42
43.96,1950,95.7,29,0,52.1,2,5454,1.59,0.15,109.9,110.6,86.7,89.2,28.83,29.04,27.03,27.43
44,1951,95.7,30,0,52.2,2,5457,1.58,0.15,109.9,110.6,86.7,89.2,28.83,29.04,27.03,27.43
44.04,1952,95.8,30,0,51.4,2,5459,1.57,0.16,109.9,110.6,86.7,89.2,28.83,29.04,27.03,27.43
44.08,1953,95.8,31,0,51.3,2,5462,1.55,0.17,109.9,110.6,86.8,89.3,28.83,29.04,27.03,27.43
44.12,1954,95.9,32,0,50.2,2,5465,1.54,0.17,109.9,110.6,86.8,89.3,28.83,29.04,27.04,27.44
44.16,1955,95.9,33,0,49.1,2,5468,1.53,0.18,109.9,110.6,86.8,89.3,28.83,29.04,27.04,27.44
44.2,1956,96,34,0,49.3,2,5471,1.52,0.18,109.9,110.6,86.9,89.4,28.83,29.04,27.04,27.44
44.24,1957,96,35,0,48.3,2,5474,1.5,0.19,109.9,110.6,86.9,89.4,28.83,29.04,27.04,27.44
44.28,1958,96.1,35,0,47.8,2,5477,1.49,0.19,109.9,110.6,87,89.5,28.83,29.04,27.05,27.45
44.32,1959,96.1,36,0,47.6,2,5480,1.48,0.2,109.9,110.6,87,89.5,28.83,29.04,27.05,27.45
44.36,1961,96.2,37,0,46.4,2,5483,1.46,0.2,109.9,110.6,87,89.5,28.83,29.04,27.05,27.45
44.4,1962,96.2,38,0,46.5,2,5486,1.45,0.21,109.9,110.6,87.1,89.6,28.83,29.04,27.05,27.45
44.44,1963,96.3,39,0,45.9,2,5490,1.44,0.21,109.9,110.6,87.1,89.6,28.83,29.04,27.06,27.46
44.48,1964,96.4,40,0,45,2,5493,1.43,0.22,109.9,110.6,87.1,89.6,28.83,29.04,27.06,27.46
44.52,1965,96.4,40,0,44.7,2,5496,1.41,0.22,109.9,110.6,87.2,89.7,28.83,29.04,27.06,27.46
44.56,1966,96.5,41,0,43.9,2,5500,1.4,0.23,109.9,110.6,87.2,89.7,28.83,29.04,27.06,27.46
44.6,1967,96.6,42,0,43.2,2,5504,1.39,0.23,109.9,110.6,87.2,89.7,28.83,29.04,27.07,27.47
44.64,1968,96.6,43,0,43.8,2,5507,1.37,0.24,109.9,110.6,87.3,89.8,28.83,29.04,27.07,27.47
44.68,1969,96.7,44,0,42.1,2,5511,1.36,0.25,109.9,110.6,87.3,89.8,28.83,29.04,27.07,27.47
44.72,1970,96.8,45,0,41.9,2,5515,1.35,0.25,109.9,110.6,87.3,89.8,28.83,29.04,27.08,27.48
44.76,1971,96.8,45,0,41.4,2,5519,1.34,0.26,109.9,110.6,87.4,89.9,28.83,29.04,27.08,27.48
44.8,1972,96.9,46,0,40.7,2,5523,1.32,0.26,109.9,110.6,87.4,89.9,28.83,29.04,27.08,27.48
44.84,1973,97,47,0,40.3,2,5527,1.31,0.27,109.9,110.6,87.4,89.9,28.83,29.04,27.08,27.48
44.88,1974,97,48,0,40.2,2,5531,1.3,0.27,109.9,110.6,87.5,90,28.83,29.04,27.09,27.49
44.92,1976,97.1,49,0,38.8,2,5535,1.28,0.28,109.9,110.6,87.5,90,28.83,29.04,27.09,27.49
44.96,1977,97.2,49,0,38.1,2,5539,1.27,0.28,109.9,110.6,87.5,90,28.83,29.04,27.09,27.49
45,1978,97.3,50,0,37.7,2,5543,1.26,0.29,109.9,110.6,87.6,90.1,28.83,29.04,27.09,27.49
45.04,1979,97.3,51,0,38.2,2,5548,1.24,0.29,109.9,110.6,87.6,90.1,28.83,29.04,27.1,27.5
45.08,1980,97.4,52,0,37,2,5552,1.23,0.3,109.9,110.6,87.7,90.2,28.83,29.04,27.1,27.5
45.12,1981,97.5,53,0,36.7,2,5557,1.22,0.3,109.9,110.6,87.7,90.2,28.83,29.04,27.1,27.5
45.16,1982,97.6,53,0,35.2,2,5561,1.21,0.31,109.9,110.6,87.7,90.2,28.83,29.04,27.1,27.5
45.2,1983,97.6,54,0,35.1,2,5566,1.19,0.32,109.9,110.6,87.8,90.3,28.83,29.04,27.11,27.51
45.24,1984,97.7,55,0,34.2,2,5570,1.18,0.32,109.9,110.6,87.8,90.3,28.83,29.04,27.11,27.51
45.28,1985,97.8,56,0,33.4,2,5575,1.17,0.33,109.9,110.6,87.8,90.3,28.83,29.04,27.11,27.51
45.32,1986,97.9,56,0,32.4,2,5580,1.15,0.33,109.9,110.6,87.9,90.4,28.83,29.04,27.11,27.51
45.36,1987,98,57,0,32.5,2,5585,1.14,0.34,109.9,110.6,87.9,90.4,28.83,29.04,27.12,27.52
45.4,1989,98.1,58,0,32.8,2,5590,1.13,0.34,109.9,110.6,87.9,90.4,28.83,29.04,27.12,27.52
45.44,1990,98.1,59,0,31.3,2,5595,1.11,0.35,109.9,110.6,88,90.5,28.83,29.04,27.12,27.52
45.48,1991,98.2,60,0,31.2,2,5600,1.1,0.35,109.9,110.6,88,90.5,28.83,29.04,27.13,27.53
45.52,1992,98.3,60,0,30.4,2,5605,1.09,0.36,109.9,110.6,88,90.5,28.83,29.04,27.13,27.53
45.56,1993,98.4,61,0,29.9,2,5610,1.08,0.36,109.9,110.6,88.1,90.6,28.83,29.04,27.13,27.53
45.6,1994,98.5,62,0,29.2,2,5615,1.06,0.37,109.9,110.6,88.1,90.6,28.83,29.04,27.13,27.53
45.64,1995,98.6,63,0,28.2,2,5620,1.05,0.38,109.9,110.6,88.1,90.6,28.83,29.04,27.14,27.54
45.68,1996,98.7,63,0,28.8,2,5626,1.04,0.38,109.9,110.6,88.2,90.7,28.83,29.04,27.14,27.54
45.72,1997,98.8,64,0,27.8,2,5631,1.02,0.39,109.9,110.6,88.2,90.7,28.83,29.04,27.14,27.54
45.76,1998,98.9,65,0,27.1,2,5636,1.01,0.39,109.9,110.6,88.2,90.7,28.83,29.04,27.14,27.54
45.8,1999,99,66,0,27,2,5642,1,0.4,109.9,110.6,88.3,90.8,28.83,29.04,27.15,27.55
45.84,2001,99.1,67,0,25.6,2,5648,0.98,0.4,109.9,110.6,88.3,90.8,28.83,29.04,27.15,27.55
45.88,2002,99.2,67,0,25,2,5653,0.97,0.41,109.9,110.6,88.4,90.9,28.83,29.04,27.15,27.55
45.92,2003,99.3,68,0,25.3,2,5659,0.96,0.41,109.9,110.6,88.4,90.9,28.83,29.04,27.15,27.55
45.96,2004,99.4,69,0,23.5,2,5665,0.94,0.42,109.9,110.6,88.4,90.9,28.83,29.04,27.16,27.56
46,2005,99.5,70,0,23.5,2,5670,0.93,0.42,109.9,110.6,88.5,91,28.83,29.04,27.16,27.56
46.04,2006,99.6,70,0,23.1,2,5676,0.92,0.43,109.9,110.6,88.5,91,28.83,29.04,27.16,27.56
46.08,2007,99.7,71,0,22.4,2,5682,0.9,0.44,109.9,110.6,88.5,91,28.83,29.04,27.16,27.56
46.12,2008,99.8,72,0,21.8,2,5688,0.89,0.44,109.9,110.6,88.6,91.1,28.83,29.04,27.17,27.57
46.16,2009,99.9,73,0,21.6,2,5694,0.88,0.45,109.9,110.6,88.6,91.1,28.83,29.04,27.17,27.57
46.2,2011,100,74,0,21.1,2,5700,0.86,0.45,109.9,110.6,88.6,91.1,28.83,29.04,27.17,27.57
46.24,2012,100.1,74,0,19.9,2,5706,0.85,0.46,109.9,110.6,88.7,91.2,28.83,29.04,27.17,27.57
46.28,2013,100.2,75,0,19.1,2,5713,0.84,0.46,109.9,110.6,88.7,91.2,28.83,29.04,27.18,27.58
46.32,2014,100.3,76,0,19,2,5719,0.82,0.47,109.9,110.6,88.7,91.2,28.83,29.04,27.18,27.58
46.36,2015,100.4,77,0,18.3,2,5725,0.81,0.47,109.9,110.6,88.8,91.3,28.83,29.04,27.18,27.58
46.4,2016,100.6,77,0,17.9,2,5732,0.8,0.48,109.9,110.6,88.8,91.3,28.83,29.04,27.19,27.59
46.44,2017,100.7,78,0,16.6,2,5738,0.78,0.49,109.9,110.6,88.8,91.3,28.83,29.04,27.19,27.59
46.48,2018,100.8,79,0,18.3,2,5744,0.77,0.49,109.9,110.6,88.9,91.4,28.83,29.04,27.19,27.59
46.52,2019,100.9,80,0,15.3,2,5751,0.76,0.5,109.9,110.6,88.9,91.4,28.83,29.04,27.19,27.59
46.56,2021,101,80,0,15.4,2,5758,0.74,0.5,109.9,110.6,88.9,91.4,28.83,29.04,27.2,27.6
46.6,2022,101.1,81,0,14.7,2,5764,0.73,0.51,109.9,110.6,89,91.5,28.83,29.04,27.2,27.6
46.64,2023,101.2,82,0,14.2,2,5771,0.72,0.51,109.9,110.6,89,91.5,28.83,29.04,27.2,27.6
46.68,2024,101.4,83,0,13.7,2,5778,0.7,0.52,109.9,110.6,89.1,91.6,28.83,29.04,27.2,27.6
46.72,2025,101.5,83,0,12.1,2,5784,0.69,0.53,109.9,110.6,89.1,91.6,28.83,29.04,27.21,27.61
46.76,2026,101.6,84,0,12.5,2,5791,0.68,0.53,109.9,110.6,89.1,91.6,28.83,29.04,27.21,27.61
46.8,2027,101.7,85,0,11.9,2,5798,0.66,0.54,109.9,110.6,89.2,91.7,28.83,29.04,27.21,27.61
46.84,2028,101.8,86,0,11.6,2,5805,0.65,0.54,109.9,110.6,89.2,91.7,28.83,29.04,27.21,27.61
46.88,2030,102,86,0,10.4,2,5812,0.63,0.55,109.9,110.6,89.2,91.7,28.83,29.04,27.22,27.62
46.92,2031,102.1,87,0,9.7,2,5819,0.62,0.55,109.9,110.6,89.3,91.8,28.83,29.04,27.22,27.62
46.96,2032,102.2,88,0,9.9,2,5826,0.61,0.56,109.9,110.6,89.3,91.8,28.83,29.04,27.22,27.62
47,2033,102.3,89,0,8.4,2,5834,0.59,0.56,109.9,110.6,89.3,91.8,28.83,29.04,27.22,27.62
47.04,2034,102.5,90,0,9.4,2,5841,0.58,0.57,109.9,110.6,89.4,91.9,28.83,29.04,27.23,27.63
47.08,2035,102.6,90,0,7.3,2,5848,0.57,0.58,109.9,110.6,89.4,91.9,28.83,29.04,27.23,27.63
47.12,2036,102.7,91,0,7.2,2,5855,0.55,0.58,109.9,110.6,89.4,91.9,28.83,29.04,27.23,27.63
47.16,2038,102.9,92,0,6.9,2,5863,0.54,0.59,109.9,110.6,89.5,92,28.83,29.04,27.24,27.64
47.2,2039,103,93,0,6.3,2,5870,0.53,0.59,109.9,110.6,89.5,92,28.83,29.04,27.24,27.64
47.24,2040,103.1,93,0,5.7,2,5878,0.51,0.6,109.9,110.6,89.5,92,28.83,29.04,27.24,27.64
47.28,2041,103.3,94,0,5,2,5885,0.5,0.6,109.9,110.6,89.6,92.1,28.83,29.04,27.24,27.64
47.32,2042,103.4,95,0,4.7,2,5893,0.48,0.61,109.9,110.6,89.6,92.1,28.83,29.04,27.25,27.65
47.36,2043,103.5,96,0,4.2,2,5901,0.47,0.62,109.9,110.6,89.6,92.1,28.83,29.04,27.25,27.65
47.4,2044,103.7,96,0,2.7,2,5908,0.46,0.62,109.9,110.6,89.7,92.2,28.83,29.04,27.25,27.65
47.44,2046,103.8,97,0,2.6,2,5916,0.44,0.63,109.9,110.6,89.7,92.2,28.83,29.04,27.25,27.65
47.48,2047,103.9,98,0,1.7,2,5924,0.43,0.63,109.9,110.6,89.8,92.3,28.83,29.04,27.26,27.66
47.52,2048,104.1,99,0,1.9,2,5932,0.42,0.64,109.9,110.6,89.8,92.3,28.83,29.04,27.26,27.66
47.56,2049,104.2,99,0,0.7,2,5940,0.4,0.65,109.9,110.6,89.8,92.3,28.83,29.04,27.26,27.66
47.6,2050,104.3,100,0,0,2,5944,0.02,0.05,109.9,110.5,89.8,92.3,28.83,29.04,27.26,27.66
47.64,2051,104.4,100,0,-0.2,2,5948,0.02,0.05,109.9,110.5,89.8,92.3,28.83,29.04,27.26,27.66
47.68,2053,104.4,100,0,0.1,2,5952,-0.03,0.05,109.9,110.5,89.8,92.3,28.83,29.04,27.26,27.66
47.72,2054,104.5,100,0,0.1,2,5957,-0.04,0.05,109.9,110.5,89.8,92.3,28.83,29.04,27.26,27.66
47.76,2055,104.6,100,0,0.3,2,5961,-0.02,0.05,109.9,110.5,89.8,92.3,28.83,29.04,27.26,27.66
47.8,2056,104.7,100,0,0.2,2,5965,0.01,0.05,109.8,110.5,89.7,92.2,28.83,29.04,27.26,27.66
47.84,2057,104.7,100,0,-0.6,2,5969,0.01,0.05,109.8,110.5,89.7,92.2,28.83,29.04,27.26,27.66
47.88,2058,104.8,100,0,0.1,2,5974,0,0.05,109.8,110.5,89.7,92.2,28.83,29.03,27.25,27.65
47.92,2059,104.9,100,0,-0.5,2,5978,-0.01,0.05,109.8,110.4,89.7,92.2,28.83,29.03,27.25,27.65
47.96,2061,104.9,100,0,-0.2,2,5982,-0.01,0.05,109.8,110.4,89.7,92.2,28.82,29.03,27.25,27.65
48,2062,105,100,0,0.2,2,5986,-0.01,0.05,109.8,110.4,89.7,92.2,28.82,29.03,27.25,27.65
48.04,2063,105.1,100,0,0.4,2,5990,-0.03,0.05,109.8,110.4,89.7,92.2,28.82,29.03,27.25,27.65
48.08,2064,105.2,100,0,0.3,2,5995,-0.03,0.05,109.8,110.4,89.7,92.2,28.82,29.03,27.25,27.65
48.12,2065,105.2,100,0,0.1,2,5999,0.02,0.05,109.7,110.4,89.7,92.2,28.82,29.03,27.25,27.65
48.16,2067,105.3,100,0,0.4,2,6003,0.03,0.05,109.7,110.4,89.6,92.1,28.82,29.03,27.25,27.65
48.2,2068,105.4,100,0,0.7,2,6007,0,0.05,109.7,110.4,89.6,92.1,28.82,29.03,27.25,27.65
48.24,2069,105.5,100,0,-0.2,2,6011,0.05,0.05,109.7,110.4,89.6,92.1,28.82,29.03,27.25,27.65
48.28,2070,105.5,100,0,0,2,6015,0.04,0.05,109.7,110.3,89.6,92.1,28.82,29.03,27.25,27.65
48.32,2071,105.6,100,0,0.6,2,6019,0.02,0.05,109.7,110.3,89.6,92.1,28.82,29.02,27.24,27.64
48.36,2072,105.7,100,0,-0.8,2,6023,0.06,0.05,109.7,110.3,89.6,92.1,28.82,29.02,27.24,27.64
48.4,2074,105.7,100,0,0,2,6027,0.01,0.05,109.7,110.3,89.6,92.1,28.81,29.02,27.24,27.64
48.44,2075,105.8,100,0,-0.6,2,6032,0.05,0.05,109.7,110.3,89.6,92.1,28.81,29.02,27.24,27.64
48.48,2076,105.9,100,0,0.6,2,6036,0,0.05,109.6,110.3,89.5,92,28.81,29.02,27.24,27.64
48.52,2077,106,100,0,-0.3,2,6040,0,0.05,109.6,110.3,89.5,92,28.81,29.02,27.24,27.64
48.56,2078,106,100,0,-0.3,2,6044,-0.04,0.05,109.6,110.3,89.5,92,28.81,29.02,27.24,27.64
48.6,2079,106.1,100,0,-0.2,2,6048,-0.03,0.05,109.6,110.2,89.5,92,28.81,29.02,27.24,27.64
48.64,2081,106.2,100,0,-0.1,2,6052,-0.02,0.05,109.6,110.2,89.5,92,28.81,29.02,27.24,27.64
48.68,2082,106.2,100,0,-0.5,2,6056,-0.02,0.05,109.6,110.2,89.5,92,28.81,29.02,27.24,27.64
48.72,2083,106.3,100,0,0,2,6060,0.01,0.05,109.6,110.2,89.5,92,28.81,29.02,27.24,27.64
48.76,2084,106.4,100,0,0.2,2,6064,-0.02,0.05,109.6,110.2,89.5,92,28.81,29.01,27.23,27.63
48.8,2085,106.5,100,0,-0.1,2,6068,0.02,0.05,109.5,110.2,89.4,91.9,28.81,29.01,27.23,27.63
48.84,2087,106.5,100,0,0,2,6072,0.01,0.05,109.5,110.2,89.4,91.9,28.8,29.01,27.23,27.63
48.88,2088,106.6,100,0,-0.5,2,6076,0.02,0.05,109.5,110.2,89.4,91.9,28.8,29.01,27.23,27.63
48.92,2089,106.7,100,0,0,2,6080,-0.01,0.05,109.5,110.1,89.4,91.9,28.8,29.01,27.23,27.63
48.96,2090,106.7,100,0,0.4,2,6084,0.01,0.05,109.5,110.1,89.4,91.9,28.8,29.01,27.23,27.63
49,2091,106.8,100,0,-0.8,2,6088,0.03,0.05,109.5,110.1,89.4,91.9,28.8,29.01,27.23,27.63
49.04,2092,106.9,100,0,0.2,2,6092,0.02,0.05,109.5,110.1,89.4,91.9,28.8,29.01,27.23,27.63
49.08,2094,106.9,100,0,-0.3,2,6096,0,0.05,109.5,110.1,89.4,91.9,28.8,29.01,27.23,27.63
49.12,2095,107,100,0,0.1,2,6099,0.02,0.05,109.4,110.1,89.4,91.9,28.8,29.01,27.23,27.63
49.16,2096,107.1,100,0,0.2,2,6103,0,0.05,109.4,110.1,89.3,91.8,28.8,29.01,27.23,27.63
49.2,2097,107.1,100,0,-0.1,2,6107,0.03,0.05,109.4,110.1,89.3,91.8,28.8,29,27.22,27.62
49.24,2098,107.2,100,0,0.2,2,6111,-0.01,0.05,109.4,110.1,89.3,91.8,28.8,29,27.22,27.62
49.28,2100,107.3,100,0,0.1,2,6115,0,0.05,109.4,110,89.3,91.8,28.8,29,27.22,27.62
49.32,2101,107.4,100,0,-0.3,2,6119,0,0.05,109.4,110,89.3,91.8,28.79,29,27.22,27.62
49.36,2102,107.4,100,0,-0.5,2,6123,-0.01,0.05,109.4,110,89.3,91.8,28.79,29,27.22,27.62
49.4,2103,107.5,100,0,0.2,2,6127,-0.03,0.05,109.4,110,89.3,91.8,28.79,29,27.22,27.62
49.44,2104,107.6,100,0,0.3,2,6131,0.02,0.05,109.4,110,89.3,91.8,28.79,29,27.22,27.62
49.48,2106,107.6,100,0,-0.2,2,6134,0,0.05,109.3,110,89.2,91.7,28.79,29,27.22,27.62
49.52,2107,107.7,100,0,0.3,2,6138,0,0.05,109.3,110,89.2,91.7,28.79,29,27.22,27.62
49.56,2108,107.8,100,0,1.1,2,6142,0.03,0.05,109.3,110,89.2,91.7,28.79,29,27.22,27.62
49.6,2109,107.8,100,0,0.2,2,6146,0.02,0.05,109.3,109.9,89.2,91.7,28.79,29,27.22,27.62
49.64,2110,107.9,100,0,-0.1,2,6150,-0.01,0.05,109.3,109.9,89.2,91.7,28.79,28.99,27.21,27.61
49.68,2112,108,100,0,0,2,6154,0.03,0.05,109.3,109.9,89.2,91.7,28.79,28.99,27.21,27.61
49.72,2113,108,100,0,0.1,2,6157,0.01,0.05,109.3,109.9,89.2,91.7,28.79,28.99,27.21,27.61
49.76,2114,108.1,100,0,-0.2,2,6161,-0.03,0.05,109.3,109.9,89.2,91.7,28.78,28.99,27.21,27.61
49.8,2115,108.2,100,0,0.2,2,6165,0,0.05,109.2,109.9,89.1,91.6,28.78,28.99,27.21,27.61
49.84,2116,108.2,100,0,0.6,2,6169,0,0.05,109.2,109.9,89.1,91.6,28.78,28.99,27.21,27.61
49.88,2118,108.3,100,0,0.3,2,6172,-0.01,0.05,109.2,109.9,89.1,91.6,28.78,28.99,27.21,27.61
49.92,2119,108.4,100,0,0.1,2,6176,0,0.05,109.2,109.8,89.1,91.6,28.78,28.99,27.21,27.61
49.96,2120,108.4,100,0,-0.4,2,6180,-0.01,0.05,109.2,109.8,89.1,91.6,28.78,28.99,27.21,27.61
50,2121,108.5,100,0,0.4,2,6184,0,0.05,109.2,109.8,89.1,91.6,28.78,28.99,27.21,27.61
50.04,2122,108.6,100,0,0.3,2,6187,0.02,0.05,109.2,109.8,89.1,91.6,28.78,28.99,27.21,27.61
50.08,2124,108.6,100,0,-0.7,2,6191,0.01,0.05,109.2,109.8,89.1,91.6,28.78,28.99,27.2,27.6
50.12,2125,108.7,100,0,-0.1,2,6195,0.05,0.05,109.1,109.8,89.1,91.6,28.78,28.98,27.2,27.6
50.16,2126,108.7,100,0,-0.2,2,6199,-0.02,0.05,109.1,109.8,89,91.5,28.78,28.98,27.2,27.6
50.2,2127,108.8,100,0,0,2,6202,0,0.05,109.1,109.8,89,91.5,28.77,28.98,27.2,27.6
50.24,2128,108.9,100,0,0.3,2,6206,-0.02,0.05,109.1,109.8,89,91.5,28.77,28.98,27.2,27.6
50.28,2130,108.9,100,0,0,2,6210,0.02,0.05,109.1,109.7,89,91.5,28.77,28.98,27.2,27.6
50.32,2131,109,100,0,0.1,2,6213,-0.02,0.05,109.1,109.7,89,91.5,28.77,28.98,27.2,27.6
50.36,2132,109.1,100,0,0,2,6217,0,0.05,109.1,109.7,89,91.5,28.77,28.98,27.2,27.6
50.4,2133,109.1,100,0,0.1,2,6221,-0.01,0.05,109.1,109.7,89,91.5,28.77,28.98,27.2,27.6
50.44,2134,109.2,100,0,-0.4,2,6224,-0.01,0.05,109.1,109.7,89,91.5,28.77,28.98,27.2,27.6
50.48,2136,109.3,100,0,0.5,2,6228,0.03,0.05,109,109.7,88.9,91.4,28.77,28.98,27.2,27.6
50.52,2137,109.3,100,0,0.3,2,6231,0,0.05,109,109.7,88.9,91.4,28.77,28.98,27.19,27.59
50.56,2138,109.4,100,0,0.3,2,6235,-0.02,0.04,109,109.7,88.9,91.4,28.77,28.97,27.19,27.59
50.6,2139,109.5,100,0,0.7,2,6239,0.01,0.04,109,109.6,88.9,91.4,28.77,28.97,27.19,27.59
50.64,2141,109.5,100,0,-0.1,2,6242,0,0.04,109,109.6,88.9,91.4,28.76,28.97,27.19,27.59
50.68,2142,109.6,100,0,0.4,2,6246,0.03,0.04,109,109.6,88.9,91.4,28.76,28.97,27.19,27.59
50.72,2143,109.6,100,0,-0.2,2,6249,0,0.04,109,109.6,88.9,91.4,28.76,28.97,27.19,27.59
50.76,2144,109.7,100,0,0.6,2,6253,0.01,0.04,109,109.6,88.9,91.4,28.76,28.97,27.19,27.59
50.8,2145,109.8,100,0,0,2,6257,0.02,0.04,108.9,109.6,88.8,91.3,28.76,28.97,27.19,27.59
50.84,2147,109.8,100,0,0.2,2,6260,-0.04,0.04,108.9,109.6,88.8,91.3,28.76,28.97,27.19,27.59
50.88,2148,109.9,100,0,-0.1,2,6264,0.02,0.04,108.9,109.6,88.8,91.3,28.76,28.97,27.19,27.59
50.92,2149,110,100,0,0.2,2,6267,-0.05,0.04,108.9,109.5,88.8,91.3,28.76,28.97,27.19,27.59
50.96,2150,110,100,0,-0.3,2,6271,0.01,0.04,108.9,109.5,88.8,91.3,28.76,28.97,27.19,27.59
51,2151,110.1,100,0,-0.3,2,6274,-0.02,0.04,108.9,109.5,88.8,91.3,28.76,28.96,27.18,27.58
51.04,2153,110.1,100,0,-0.7,2,6278,0.04,0.04,108.9,109.5,88.8,91.3,28.76,28.96,27.18,27.58
51.08,2154,110.2,100,0,0.3,2,6281,-0.02,0.04,108.9,109.5,88.8,91.3,28.75,28.96,27.18,27.58
51.12,2155,110.3,100,0,0.3,2,6285,0,0.04,108.8,109.5,88.8,91.3,28.75,28.96,27.18,27.58
51.16,2156,110.3,100,0,0.1,2,6288,0.03,0.04,108.8,109.5,88.7,91.2,28.75,28.96,27.18,27.58
51.2,2158,110.4,100,0,0.6,2,6292,0.02,0.04,108.8,109.5,88.7,91.2,28.75,28.96,27.18,27.58
51.24,2159,110.4,100,0,0,2,6295,0,0.04,108.8,109.5,88.7,91.2,28.75,28.96,27.18,27.58
51.28,2160,110.5,100,0,-0.4,2,6299,0,0.04,108.8,109.4,88.7,91.2,28.75,28.96,27.18,27.58
51.32,2161,110.6,100,0,-0.1,2,6302,0,0.04,108.8,109.4,88.7,91.2,28.75,28.96,27.18,27.58
51.36,2163,110.6,100,0,-0.3,2,6306,-0.03,0.04,108.8,109.4,88.7,91.2,28.75,28.96,27.18,27.58
51.4,2164,110.7,100,0,-0.1,2,6309,0,0.04,108.8,109.4,88.7,91.2,28.75,28.96,27.18,27.58
51.44,2165,110.8,100,0,0.5,2,6313,-0.03,0.04,108.8,109.4,88.7,91.2,28.75,28.95,27.17,27.57
51.48,2166,110.8,100,0,0.2,2,6316,-0.03,0.04,108.7,109.4,88.6,91.1,28.75,28.95,27.17,27.57
51.52,2167,110.9,100,0,0.2,2,6320,-0.02,0.04,108.7,109.4,88.6,91.1,28.74,28.95,27.17,27.57
51.56,2169,110.9,100,0,-0.1,2,6323,0.01,0.04,108.7,109.4,88.6,91.1,28.74,28.95,27.17,27.57
51.6,2170,111,100,0,0.1,2,6326,0.04,0.04,108.7,109.3,88.6,91.1,28.74,28.95,27.17,27.57
51.64,2171,111.1,100,0,-0.6,2,6330,-0.04,0.04,108.7,109.3,88.6,91.1,28.74,28.95,27.17,27.57
51.68,2172,111.1,100,0,0.4,2,6333,-0.02,0.04,108.7,109.3,88.6,91.1,28.74,28.95,27.17,27.57
51.72,2174,111.2,100,0,-0.1,2,6337,0.01,0.04,108.7,109.3,88.6,91.1,28.74,28.95,27.17,27.57
51.76,2175,111.2,100,0,0.4,2,6340,-0.01,0.04,108.7,109.3,88.6,91.1,28.74,28.95,27.17,27.57
51.8,2176,111.3,100,0,0.1,2,6343,0.02,0.04,108.6,109.3,88.5,91,28.74,28.95,27.17,27.57
51.84,2177,111.3,100,0,0.1,2,6347,-0.02,0.04,108.6,109.3,88.5,91,28.74,28.95,27.17,27.57
51.88,2179,111.4,100,0,-0.7,2,6350,0.06,0.04,108.6,109.3,88.5,91,28.74,28.94,27.16,27.56
51.92,2180,111.5,100,0,0.3,2,6354,0.03,0.04,108.6,109.2,88.5,91,28.74,28.94,27.16,27.56
51.96,2181,111.5,100,0,0.2,2,6357,-0.03,0.04,108.6,109.2,88.5,91,28.73,28.94,27.16,27.56
52,2182,111.6,100,0,-0.1,2,6360,0.01,0.04,108.6,109.2,88.5,91,28.73,28.94,27.16,27.56
52.04,2184,111.6,100,0,-0.7,2,6364,-0.04,0.04,108.6,109.2,88.5,91,28.73,28.94,27.16,27.56
52.08,2185,111.7,100,0,0,2,6367,0.01,0.04,108.6,109.2,88.5,91,28.73,28.94,27.16,27.56
52.12,2186,111.8,100,0,0,2,6370,0.01,0.04,108.5,109.2,88.5,91,28.73,28.94,27.16,27.56
52.16,2187,111.8,100,0,0.1,2,6374,0.02,0.04,108.5,109.2,88.4,90.9,28.73,28.94,27.16,27.56
52.2,2188,111.9,100,0,0.9,2,6377,0.01,0.04,108.5,109.2,88.4,90.9,28.73,28.94,27.16,27.56
52.24,2190,111.9,100,0,-0.5,2,6380,-0.01,0.04,108.5,109.2,88.4,90.9,28.73,28.94,27.16,27.56
52.28,2191,112,100,0,-0.2,2,6383,-0.01,0.04,108.5,109.1,88.4,90.9,28.73,28.94,27.16,27.56
52.32,2192,112,100,0,0.2,2,6387,0.04,0.04,108.5,109.1,88.4,90.9,28.73,28.93,27.15,27.55
52.36,2193,112.1,100,0,-0.5,2,6390,-0.01,0.04,108.5,109.1,88.4,90.9,28.73,28.93,27.15,27.55
52.4,2195,112.2,100,0,0.6,2,6393,0.01,0.04,108.5,109.1,88.4,90.9,28.72,28.93,27.15,27.55
52.44,2196,112.2,100,0,1.3,2,6397,0.04,0.04,108.5,109.1,88.4,90.9,28.72,28.93,27.15,27.55
52.48,2197,112.3,100,0,0,2,6400,0.01,0.04,108.4,109.1,88.3,90.8,28.72,28.93,27.15,27.55
52.52,2198,112.3,100,0,-0.8,2,6403,-0.03,0.04,108.4,109.1,88.3,90.8,28.72,28.93,27.15,27.55
52.56,2200,112.4,100,0,0.7,2,6406,0,0.04,108.4,109.1,88.3,90.8,28.72,28.93,27.15,27.55
52.6,2201,112.5,100,0,0.8,2,6410,0,0.04,108.4,109,88.3,90.8,28.72,28.93,27.15,27.55
52.64,2202,112.5,100,0,-0.2,2,6413,-0.03,0.04,108.4,109,88.3,90.8,28.72,28.93,27.15,27.55
52.68,2203,112.6,100,0,-0.1,2,6416,0,0.04,108.4,109,88.3,90.8,28.72,28.93,27.15,27.55
52.72,2205,112.6,100,0,-0.1,2,6420,-0.04,0.04,108.4,109,88.3,90.8,28.72,28.93,27.15,27.55
52.76,2206,112.7,100,0,0.1,2,6423,0.01,0.04,108.4,109,88.3,90.8,28.72,28.92,27.14,27.54
52.8,2207,112.7,100,0,1,2,6426,0,0.04,108.3,109,88.2,90.7,28.72,28.92,27.14,27.54
52.84,2208,112.8,100,0,0.2,2,6429,0,0.04,108.3,109,88.2,90.7,28.71,28.92,27.14,27.54
52.88,2210,112.9,100,0,0.2,2,6433,-0.02,0.04,108.3,109,88.2,90.7,28.71,28.92,27.14,27.54
52.92,2211,112.9,100,0,-0.2,2,6436,0,0.04,108.3,108.9,88.2,90.7,28.71,28.92,27.14,27.54
52.96,2212,113,100,0,0.1,2,6439,-0.01,0.04,108.3,108.9,88.2,90.7,28.71,28.92,27.14,27.54
53,2213,113,100,0,-0.6,2,6443,0,0.04,108.3,108.9,88.2,90.7,28.71,28.92,27.14,27.54
53.04,2215,113.1,100,0,0.3,2,6446,0.05,0.04,108.3,108.9,88.2,90.7,28.71,28.92,27.14,27.54
53.08,2216,113.1,100,0,0.5,2,6449,0.03,0.04,108.3,108.9,88.2,90.7,28.71,28.92,27.14,27.54
53.12,2217,113.2,100,0,-0.9,2,6452,0,0.04,108.2,108.9,88.2,90.7,28.71,28.92,27.14,27.54
53.16,2218,113.3,100,0,-0.6,2,6456,-0.01,0.04,108.2,108.9,88.1,90.6,28.71,28.92,27.14,27.54
53.2,2220,113.3,100,0,0.1,2,6459,0.02,0.04,108.2,108.9,88.1,90.6,28.71,28.91,27.13,27.53
53.24,2221,113.4,100,0,-0.2,2,6462,-0.02,0.04,108.2,108.9,88.1,90.6,28.71,28.91,27.13,27.53
53.28,2222,113.4,100,0,0.4,2,6466,0.01,0.04,108.2,108.8,88.1,90.6,28.71,28.91,27.13,27.53
53.32,2224,113.5,100,0,-0.3,2,6469,0.02,0.04,108.2,108.8,88.1,90.6,28.7,28.91,27.13,27.53
53.36,2225,113.5,100,0,0.3,2,6472,0,0.04,108.2,108.8,88.1,90.6,28.7,28.91,27.13,27.53
53.4,2226,113.6,100,0,0,2,6475,0,0.04,108.2,108.8,88.1,90.6,28.7,28.91,27.13,27.53
53.44,2227,113.7,100,0,0.1,2,6479,0.02,0.04,108.2,108.8,88.1,90.6,28.7,28.91,27.13,27.53
53.48,2229,113.7,100,0,-0.5,2,6482,-0.03,0.04,108.1,108.8,88,90.5,28.7,28.91,27.13,27.53
53.52,2230,113.8,100,0,0.2,2,6485,0,0.04,108.1,108.8,88,90.5,28.7,28.91,27.13,27.53
53.56,2231,113.8,100,0,0.3,2,6489,-0.01,0.04,108.1,108.8,88,90.5,28.7,28.91,27.13,27.53
53.6,2232,113.9,100,0,0,2,6492,-0.03,0.04,108.1,108.7,88,90.5,28.7,28.91,27.13,27.53
53.64,2234,113.9,100,0,0.5,2,6495,-0.03,0.04,108.1,108.7,88,90.5,28.7,28.9,27.12,27.52
53.68,2235,114,100,0,0.4,2,6498,0.04,0.04,108.1,108.7,88,90.5,28.7,28.9,27.12,27.52
53.72,2236,114.1,100,0,-0.2,2,6502,-0.01,0.04,108.1,108.7,88,90.5,28.7,28.9,27.12,27.52
53.76,2237,114.1,100,0,0.2,2,6505,-0.01,0.04,108.1,108.7,88,90.5,28.69,28.9,27.12,27.52
53.8,2239,114.2,100,0,0.4,2,6508,0,0.04,108,108.7,87.9,90.4,28.69,28.9,27.12,27.52
53.84,2240,114.2,100,0,0.4,2,6512,-0.02,0.04,108,108.7,87.9,90.4,28.69,28.9,27.12,27.52
53.88,2241,114.3,100,0,-0.5,2,6515,0,0.04,108,108.7,87.9,90.4,28.69,28.9,27.12,27.52
53.92,2242,114.4,100,0,-0.1,2,6518,-0.02,0.04,108,108.6,87.9,90.4,28.69,28.9,27.12,27.52
53.96,2244,114.4,100,0,-0.6,2,6521,-0.01,0.04,108,108.6,87.9,90.4,28.69,28.9,27.12,27.52
54,2245,114.5,100,0,-0.1,2,6525,-0.03,0.04,108,108.6,87.9,90.4,28.69,28.9,27.12,27.52
54.04,2246,114.5,100,0,0,2,6528,0.02,0.04,108,108.6,87.9,90.4,28.69,28.9,27.12,27.52
54.08,2248,114.6,100,0,0,2,6531,0.02,0.04,108,108.6,87.9,90.4,28.69,28.9,27.11,27.51
54.12,2249,114.6,100,0,0.1,2,6534,-0.01,0.04,107.9,108.6,87.9,90.4,28.69,28.89,27.11,27.51
54.16,2250,114.7,100,0,0.8,2,6538,0.01,0.04,107.9,108.6,87.8,90.3,28.69,28.89,27.11,27.51
54.2,2251,114.8,100,0,-0.1,2,6541,0,0.04,107.9,108.6,87.8,90.3,28.68,28.89,27.11,27.51
54.24,2253,114.8,100,0,-1,2,6544,0,0.04,107.9,108.6,87.8,90.3,28.68,28.89,27.11,27.51
54.28,2254,114.9,100,0,-0.6,2,6548,-0.01,0.04,107.9,108.5,87.8,90.3,28.68,28.89,27.11,27.51
54.32,2255,114.9,100,0,-0.1,2,6551,0.04,0.04,107.9,108.5,87.8,90.3,28.68,28.89,27.11,27.51
54.36,2257,115,100,0,-0.3,2,6554,0,0.04,107.9,108.5,87.8,90.3,28.68,28.89,27.11,27.51
54.4,2258,115,100,0,-0.2,2,6557,0.02,0.04,107.9,108.5,87.8,90.3,28.68,28.89,27.11,27.51
54.44,2259,115.1,100,0,0.1,2,6561,-0.01,0.04,107.9,108.5,87.8,90.3,28.68,28.89,27.11,27.51
54.48,2260,115.2,100,0,-0.3,2,6564,0.01,0.04,107.8,108.5,87.7,90.2,28.68,28.89,27.11,27.51
54.52,2262,115.2,100,0,0.9,2,6567,0.03,0.04,107.8,108.5,87.7,90.2,28.68,28.89,27.1,27.5
54.56,2263,115.3,100,0,0.3,2,6571,0.01,0.04,107.8,108.5,87.7,90.2,28.68,28.88,27.1,27.5
54.6,2264,115.3,100,0,0.3,2,6574,0.01,0.04,107.8,108.4,87.7,90.2,28.68,28.88,27.1,27.5
54.64,2265,115.4,100,0,0.3,2,6577,-0.02,0.04,107.8,108.4,87.7,90.2,28.67,28.88,27.1,27.5
54.68,2267,115.4,100,0,0,2,6580,0,0.04,107.8,108.4,87.7,90.2,28.67,28.88,27.1,27.5
54.72,2268,115.5,100,0,-0.1,2,6584,-0.02,0.04,107.8,108.4,87.7,90.2,28.67,28.88,27.1,27.5
54.76,2269,115.6,100,0,-0.6,2,6587,0.01,0.04,107.8,108.4,87.7,90.2,28.67,28.88,27.1,27.5
54.8,2271,115.6,100,0,0.1,2,6590,-0.02,0.04,107.7,108.4,87.6,90.1,28.67,28.88,27.1,27.5
54.84,2272,115.7,100,0,0.5,2,6594,0,0.04,107.7,108.4,87.6,90.1,28.67,28.88,27.1,27.5
54.88,2273,115.7,100,0,0.8,2,6597,-0.01,0.04,107.7,108.4,87.6,90.1,28.67,28.88,27.1,27.5
54.92,2274,115.8,100,0,-0.1,2,6600,0.01,0.04,107.7,108.3,87.6,90.1,28.67,28.88,27.1,27.5
54.96,2276,115.8,100,0,-0.3,2,6603,0,0.04,107.7,108.3,87.6,90.1,28.67,28.88,27.1,27.5
55,2277,115.9,100,0,0.5,2,6607,0.03,0.04,107.7,108.3,87.6,90.1,28.67,28.87,27.09,27.49
55.04,2278,116,100,0,-0.4,2,6610,-0.02,0.04,107.7,108.3,87.6,90.1,28.67,28.87,27.09,27.49
55.08,2280,116,100,0,-0.3,2,6613,-0.01,0.04,107.7,108.3,87.6,90.1,28.66,28.87,27.09,27.49
55.12,2281,116.1,100,0,0,2,6617,0.01,0.04,107.6,108.3,87.6,90.1,28.66,28.87,27.09,27.49
55.16,2282,116.1,100,0,0.6,2,6620,0.05,0.04,107.6,108.3,87.5,90,28.66,28.87,27.09,27.49
55.2,2283,116.2,100,0,-0.2,2,6623,0.01,0.04,107.6,108.3,87.5,90,28.66,28.87,27.09,27.49
55.24,2285,116.3,100,0,-0.3,2,6626,0.01,0.04,107.6,108.3,87.5,90,28.66,28.87,27.09,27.49
55.28,2286,116.3,100,0,-0.1,2,6630,-0.03,0.04,107.6,108.2,87.5,90,28.66,28.87,27.09,27.49
55.32,2287,116.4,100,0,0.2,2,6633,0.02,0.04,107.6,108.2,87.5,90,28.66,28.87,27.09,27.49
55.36,2289,116.4,100,0,0.2,2,6636,0.02,0.04,107.6,108.2,87.5,90,28.66,28.87,27.09,27.49
55.4,2290,116.5,100,0,0.2,2,6640,-0.01,0.04,107.6,108.2,87.5,90,28.66,28.87,27.09,27.49
55.44,2291,116.5,100,0,0,2,6643,-0.02,0.04,107.6,108.2,87.5,90,28.66,28.86,27.08,27.48
55.48,2293,116.6,100,0,-0.4,2,6646,0,0.04,107.5,108.2,87.4,89.9,28.66,28.86,27.08,27.48
55.52,2294,116.7,100,0,1.1,2,6649,-0.02,0.04,107.5,108.2,87.4,89.9,28.65,28.86,27.08,27.48
55.56,2295,116.7,100,0,0.2,2,6653,-0.01,0.04,107.5,108.2,87.4,89.9,28.65,28.86,27.08,27.48
55.6,2296,116.8,100,0,-0.4,2,6656,0.01,0.04,107.5,108.1,87.4,89.9,28.65,28.86,27.08,27.48
55.64,2298,116.8,100,0,-0.4,2,6659,-0.01,0.04,107.5,108.1,87.4,89.9,28.65,28.86,27.08,27.48
55.68,2299,116.9,100,0,0.6,2,6663,-0.01,0.04,107.5,108.1,87.4,89.9,28.65,28.86,27.08,27.48
55.72,2300,116.9,100,0,0.5,2,6666,0.01,0.04,107.5,108.1,87.4,89.9,28.65,28.86,27.08,27.48
55.76,2302,117,100,0,0.3,2,6669,0,0.04,107.5,108.1,87.4,89.9,28.65,28.86,27.08,27.48
55.8,2303,117.1,100,0,0.1,2,6672,-0.01,0.04,107.4,108.1,87.3,89.8,28.65,28.86,27.08,27.48
55.84,2304,117.1,100,0,0.3,2,6676,0.01,0.04,107.4,108.1,87.3,89.8,28.65,28.86,27.08,27.48
55.88,2306,117.2,100,0,-0.5,2,6679,0.02,0.04,107.4,108.1,87.3,89.8,28.65,28.85,27.07,27.47
55.92,2307,117.2,100,0,0.2,2,6682,-0.02,0.04,107.4,108,87.3,89.8,28.65,28.85,27.07,27.47
55.96,2308,117.3,100,0,0.3,2,6686,0,0.04,107.4,108,87.3,89.8,28.64,28.85,27.07,27.47
56,2309,117.3,100,0,0.2,2,6689,0.03,0.04,107.4,108,87.3,89.8,28.64,28.85,27.07,27.47
56.04,2311,117.4,100,0,0.2,2,6692,-0.01,0.04,107.4,108,87.3,89.8,28.64,28.85,27.07,27.47
56.08,2312,117.5,100,0,0.3,2,6695,-0.01,0.04,107.4,108,87.3,89.8,28.64,28.85,27.07,27.47
56.12,2313,117.5,100,0,0.9,2,6699,0.03,0.04,107.3,108,87.3,89.8,28.64,28.85,27.07,27.47
56.16,2315,117.6,100,0,-0.5,2,6702,0.05,0.04,107.3,108,87.2,89.7,28.64,28.85,27.07,27.47
56.2,2316,117.6,100,0,-0.5,2,6705,0.02,0.04,107.3,108,87.2,89.7,28.64,28.85,27.07,27.47
56.24,2317,117.7,100,0,-0.5,2,6708,0.02,0.04,107.3,108,87.2,89.7,28.64,28.85,27.07,27.47
56.28,2319,117.8,100,0,0.1,2,6712,-0.01,0.04,107.3,107.9,87.2,89.7,28.64,28.85,27.07,27.47
56.32,2320,117.8,100,0,0.4,2,6715,0.02,0.04,107.3,107.9,87.2,89.7,28.64,28.84,27.06,27.46
56.36,2321,117.9,100,0,-0.5,2,6718,-0.01,0.04,107.3,107.9,87.2,89.7,28.64,28.84,27.06,27.46
56.4,2322,117.9,100,0,-0.1,2,6722,-0.01,0.04,107.3,107.9,87.2,89.7,28.63,28.84,27.06,27.46
56.44,2324,118,100,0,-0.4,2,6725,0.03,0.04,107.3,107.9,87.2,89.7,28.63,28.84,27.06,27.46
56.48,2325,118,100,0,0.3,2,6728,0.03,0.04,107.2,107.9,87.1,89.6,28.63,28.84,27.06,27.46
56.52,2326,118.1,100,0,0.5,2,6731,-0.03,0.04,107.2,107.9,87.1,89.6,28.63,28.84,27.06,27.46
56.56,2328,118.2,100,0,0.6,2,6735,0.04,0.04,107.2,107.9,87.1,89.6,28.63,28.84,27.06,27.46
56.6,2329,118.2,100,0,-0.5,2,6738,-0.02,0.04,107.2,107.8,87.1,89.6,28.63,28.84,27.06,27.46
56.64,2330,118.3,100,0,0.4,2,6741,0.03,0.04,107.2,107.8,87.1,89.6,28.63,28.84,27.06,27.46
56.68,2332,118.3,100,0,0.1,2,6745,0.03,0.04,107.2,107.8,87.1,89.6,28.63,28.84,27.06,27.46
56.72,2333,118.4,100,0,-0.5,2,6748,0,0.04,107.2,107.8,87.1,89.6,28.63,28.84,27.06,27.46
56.76,2334,118.4,100,0,0.5,2,6751,-0.05,0.04,107.2,107.8,87.1,89.6,28.63,28.83,27.05,27.45
56.8,2336,118.5,100,0,-1.1,2,6754,0.02,0.04,107.1,107.8,87,89.5,28.63,28.83,27.05,27.45
56.84,2337,118.6,100,0,-0.3,2,6758,-0.03,0.04,107.1,107.8,87,89.5,28.62,28.83,27.05,27.45
56.88,2338,118.6,100,0,0.1,2,6761,-0.02,0.04,107.1,107.8,87,89.5,28.62,28.83,27.05,27.45
56.92,2340,118.7,100,0,-0.2,2,6764,0.02,0.04,107.1,107.7,87,89.5,28.62,28.83,27.05,27.45
56.96,2341,118.7,100,0,0.1,2,6768,0.02,0.04,107.1,107.7,87,89.5,28.62,28.83,27.05,27.45
57,2342,118.8,100,0,-0.8,2,6771,-0.02,0.04,107.1,107.7,87,89.5,28.62,28.83,27.05,27.45
57.04,2344,118.8,100,0,0.5,2,6774,-0.02,0.04,107.1,107.7,87,89.5,28.62,28.83,27.05,27.45
57.08,2345,118.9,100,0,0.1,2,6777,0.01,0.04,107.1,107.7,87,89.5,28.62,28.83,27.05,27.45
57.12,2346,119,100,0,0.1,2,6781,-0.02,0.04,107,107.7,87,89.5,28.62,28.83,27.05,27.45
57.16,2347,119,100,0,-0.2,2,6784,0.02,0.04,107,107.7,86.9,89.4,28.62,28.83,27.05,27.45
57.2,2349,119.1,100,0,-0.3,2,6787,0.02,0.04,107,107.7,86.9,89.4,28.62,28.82,27.04,27.44
57.24,2350,119.1,100,0,-0.2,2,6791,-0.01,0.04,107,107.7,86.9,89.4,28.62,28.82,27.04,27.44
57.28,2351,119.2,100,0,0.8,2,6794,0.02,0.04,107,107.6,86.9,89.4,28.62,28.82,27.04,27.44
57.32,2353,119.2,100,0,0.3,2,6797,0.03,0.04,107,107.6,86.9,89.4,28.61,28.82,27.04,27.44
57.36,2354,119.3,100,0,0,2,6800,0.01,0.04,107,107.6,86.9,89.4,28.61,28.82,27.04,27.44
57.4,2355,119.4,100,0,-0.6,2,6804,-0.01,0.04,107,107.6,86.9,89.4,28.61,28.82,27.04,27.44
57.44,2357,119.4,100,0,0.1,2,6807,-0.02,0.04,107,107.6,86.9,89.4,28.61,28.82,27.04,27.44
57.48,2358,119.5,100,0,0.4,2,6810,0.03,0.04,106.9,107.6,86.8,89.3,28.61,28.82,27.04,27.44
57.52,2359,119.5,100,0,0.1,2,6814,-0.02,0.04,106.9,107.6,86.8,89.3,28.61,28.82,27.04,27.44
57.56,2361,119.6,100,0,0.1,2,6817,0.01,0.04,106.9,107.6,86.8,89.3,28.61,28.82,27.04,27.44
57.6,2362,119.7,100,0,0.5,2,6820,-0.03,0.04,106.9,107.5,86.8,89.3,28.61,28.82,27.04,27.44
57.64,2363,119.7,100,0,0.3,2,6823,0,0.04,106.9,107.5,86.8,89.3,28.61,28.81,27.03,27.43
57.68,2365,119.8,100,0,0.1,2,6827,0.03,0.04,106.9,107.5,86.8,89.3,28.61,28.81,27.03,27.43
57.72,2366,119.8,100,0,-0.4,2,6830,0,0.04,106.9,107.5,86.8,89.3,28.61,28.81,27.03,27.43
57.76,2367,119.9,100,0,0,2,6833,0,0.04,106.9,107.5,86.8,89.3,28.6,28.81,27.03,27.43
57.8,2369,119.9,100,0,0.3,2,6837,-0.02,0.04,106.8,107.5,86.7,89.2,28.6,28.81,27.03,27.43
57.84,2370,120,100,0,0.4,2,6840,0,0.04,106.8,107.5,86.7,89.2,28.6,28.81,27.03,27.43
57.88,2371,120.1,100,0,0.1,2,6022,0.01,0.04,106.8,107.5,86.7,89.2,28.6,28.81,27.03,27.43
57.92,2373,120.1,100,0,-0.5,2,6024,0,0.04,106.8,107.4,86.7,89.2,28.6,28.81,27.03,27.43
57.96,2374,120.2,100,0,-0.5,2,6028,-0.02,0.04,106.8,107.4,86.7,89.2,28.6,28.81,27.03,27.43
58,2375,120.2,100,0,-0.1,2,6031,-0.01,0.04,106.8,107.4,86.7,89.2,28.6,28.81,27.03,27.43
58.04,2377,120.3,100,0,-0.7,2,6033,-0.02,0.04,106.8,107.4,86.7,89.2,28.6,28.81,27.03,27.43
58.08,2378,120.3,100,0,-0.5,2,6037,-0.03,0.04,106.8,107.4,86.7,89.2,28.6,28.81,27.02,27.42
58.12,2379,120.4,100,0,0.3,2,6039,0,0.04,106.7,107.4,86.7,89.2,28.6,28.8,27.02,27.42
58.16,2381,120.5,100,0,0,2,6042,-0.01,0.04,106.7,107.4,86.6,89.1,28.6,28.8,27.02,27.42
58.2,2382,120.5,100,0,-0.2,2,6045,0.04,0.04,106.7,107.4,86.6,89.1,28.59,28.8,27.02,27.42
58.24,2383,120.6,100,0,0.3,2,6048,-0.03,0.04,106.7,107.4,86.6,89.1,28.59,28.8,27.02,27.42
58.28,2385,120.6,100,0,-0.1,2,6051,0.03,0.04,106.7,107.3,86.6,89.1,28.59,28.8,27.02,27.42
58.32,2386,120.7,100,0,0.3,2,6054,-0.01,0.04,106.7,107.3,86.6,89.1,28.59,28.8,27.02,27.42
58.36,2387,120.7,100,0,0,2,6057,0.05,0.04,106.7,107.3,86.6,89.1,28.59,28.8,27.02,27.42
58.4,2389,120.8,100,0,0.8,2,6060,-0.01,0.04,106.7,107.3,86.6,89.1,28.59,28.8,27.02,27.42
58.44,2390,120.9,100,0,-0.8,2,6062,0.01,0.04,106.7,107.3,86.6,89.1,28.59,28.8,27.02,27.42
58.48,2391,120.9,100,0,-0.5,2,6065,0,0.04,106.6,107.3,86.5,89,28.59,28.8,27.02,27.42
58.52,2393,121,100,0,-0.1,2,6068,0,0.04,106.6,107.3,86.5,89,28.59,28.8,27.01,27.41
58.56,2394,121,100,0,0.5,2,6071,-0.03,0.04,106.6,107.3,86.5,89,28.59,28.79,27.01,27.41
58.6,2396,121.1,100,0,0.1,2,6074,0,0.04,106.6,107.2,86.5,89,28.59,28.79,27.01,27.41
58.64,2397,121.1,100,0,-0.3,2,6076,0.01,0.04,106.6,107.2,86.5,89,28.58,28.79,27.01,27.41
58.68,2398,121.2,100,0,0.2,2,6909,0.02,0.04,106.6,107.2,86.5,89,28.58,28.79,27.01,27.41
58.72,2400,121.3,100,0,-0.2,2,6912,0.01,0.04,106.6,107.2,86.5,89,28.58,28.79,27.01,27.41
58.76,2401,121.3,100,0,0.3,2,6915,0,0.04,106.6,107.2,86.5,89,28.58,28.79,27.01,27.41
58.8,2402,121.4,100,0,0.5,2,6919,-0.01,0.04,106.5,107.2,86.4,88.9,28.58,28.79,27.01,27.41
58.84,2404,121.4,100,0,-0.1,2,6922,-0.03,0.04,106.5,107.2,86.4,88.9,28.58,28.79,27.01,27.41
58.88,2405,121.5,100,0,-0.2,2,6925,-0.02,0.04,106.5,107.2,86.4,88.9,28.58,28.79,27.01,27.41
58.92,2406,121.6,100,0,-0.1,2,6928,0,0.04,106.5,107.1,86.4,88.9,28.58,28.79,27.01,27.41
58.96,2408,121.6,100,0,-0.4,2,6932,0.02,0.04,106.5,107.1,86.4,88.9,28.58,28.79,27.01,27.41
59,2409,121.7,100,0,-0.8,2,6935,0.01,0.04,106.5,107.1,86.4,88.9,28.58,28.78,27,27.4
59.04,2410,121.7,100,0,0,2,6938,0,0.04,106.5,107.1,86.4,88.9,28.58,28.78,27,27.4
59.08,2412,121.8,100,0,-0.7,2,6942,-0.01,0.04,106.5,107.1,86.4,88.9,28.57,28.78,27,27.4
59.12,2413,121.8,100,0,0,2,6945,0.02,0.04,106.4,107.1,86.4,88.9,28.57,28.78,27,27.4
59.16,2414,121.9,100,0,0.4,2,6948,0,0.04,106.4,107.1,86.3,88.8,28.57,28.78,27,27.4
59.2,2416,122,100,0,0.3,2,6951,0.03,0.04,106.4,107.1,86.3,88.8,28.57,28.78,27,27.4
59.24,2417,122,100,0,-0.5,2,6955,0.01,0.04,106.4,107.1,86.3,88.8,28.57,28.78,27,27.4
59.28,2418,122.1,100,0,-0.1,2,6958,-0.01,0.04,106.4,107,86.3,88.8,28.57,28.78,27,27.4
59.32,2420,122.1,100,0,-0.1,2,6961,-0.01,0.04,106.4,107,86.3,88.8,28.57,28.78,27,27.4
59.36,2421,122.2,100,0,-0.1,2,6965,0,0.04,106.4,107,86.3,88.8,28.57,28.78,27,27.4
59.4,2423,122.2,100,0,-0.2,2,6968,0.01,0.04,106.4,107,86.3,88.8,28.57,28.78,27,27.4
59.44,2424,122.3,100,0,0.8,2,6971,0.02,0.04,106.4,107,86.3,88.8,28.57,28.77,26.99,27.39
59.48,2425,122.4,100,0,0.1,2,6974,0,0.04,106.3,107,86.2,88.7,28.57,28.77,26.99,27.39
59.52,2427,122.4,100,0,0,2,6978,0.02,0.04,106.3,107,86.2,88.7,28.56,28.77,26.99,27.39
59.56,2428,122.5,100,0,-0.9,2,6981,0,0.04,106.3,107,86.2,88.7,28.56,28.77,26.99,27.39
59.6,2429,122.5,100,0,-0.1,2,6984,0.02,0.04,106.3,106.9,86.2,88.7,28.56,28.77,26.99,27.39
59.64,2431,122.6,100,0,-0.4,2,6988,-0.01,0.04,106.3,106.9,86.2,88.7,28.56,28.77,26.99,27.39
59.68,2432,122.6,100,0,-0.1,2,6991,0.06,0.04,106.3,106.9,86.2,88.7,28.56,28.77,26.99,27.39
59.72,2433,122.7,100,0,0,2,6994,-0.02,0.04,106.3,106.9,86.2,88.7,28.56,28.77,26.99,27.39
59.76,2435,122.8,100,0,-0.1,2,6997,0,0.04,106.3,106.9,86.2,88.7,28.56,28.77,26.99,27.39
59.8,2436,122.8,100,0,-0.5,2,7001,0.03,0.04,106.2,106.9,86.1,88.6,28.56,28.77,26.99,27.39
59.84,2438,122.9,100,0,1,2,7004,0.02,0.04,106.2,106.9,86.1,88.6,28.56,28.77,26.99,27.39
59.88,2439,122.9,100,0,0.1,2,7007,0,0.04,106.2,106.9,86.1,88.6,28.56,28.76,26.98,27.38
59.92,2440,123,100,0,0,2,7011,-0.02,0.04,106.2,106.8,86.1,88.6,28.56,28.76,26.98,27.38
59.96,2442,123,100,0,-0.3,2,7014,-0.02,0.04,106.2,106.8,86.1,88.6,28.55,28.76,26.98,27.38
60,2443,123.1,100,0,0.8,2,7017,0.04,0.04,106.2,106.8,86.1,88.6,28.55,28.76,26.98,27.38
60.04,2444,123.2,100,0,0.4,2,7020,-0.01,0.04,106.2,106.8,86.1,88.6,28.55,28.76,26.98,27.38
60.08,2446,123.2,100,0,-0.2,2,7024,-0.01,0.04,106.2,106.8,86.1,88.6,28.55,28.76,26.98,27.38
60.12,2447,123.3,100,0,0.3,2,7027,-0.01,0.04,106.1,106.8,86.1,88.6,28.55,28.76,26.98,27.38
60.16,2448,123.3,100,0,0.5,2,7030,-0.02,0.04,106.1,106.8,86,88.5,28.55,28.76,26.98,27.38
60.2,2450,123.4,100,0,0.3,2,7034,0,0.04,106.1,106.8,86,88.5,28.55,28.76,26.98,27.38
60.24,2451,123.5,100,0,-0.2,2,7037,-0.02,0.04,106.1,106.8,86,88.5,28.55,28.76,26.98,27.38
60.28,2453,123.5,100,0,-0.6,2,7040,0,0.04,106.1,106.7,86,88.5,28.55,28.76,26.98,27.38
60.32,2454,123.6,100,0,0.5,2,7043,0.01,0.04,106.1,106.7,86,88.5,28.55,28.75,26.97,27.37
60.36,2455,123.6,100,0,-0.5,2,7047,0.02,0.04,106.1,106.7,86,88.5,28.55,28.75,26.97,27.37
60.4,2457,123.7,100,0,0.4,2,7050,-0.01,0.04,106.1,106.7,86,88.5,28.54,28.75,26.97,27.37
60.44,2458,123.7,100,0,0.2,2,7053,0.01,0.04,106.1,106.7,86,88.5,28.54,28.75,26.97,27.37
60.48,2459,123.8,100,0,-0.4,2,7057,0,0.04,106,106.7,85.9,88.4,28.54,28.75,26.97,27.37
60.52,2461,123.9,100,0,0.5,2,7060,-0.01,0.04,106,106.7,85.9,88.4,28.54,28.75,26.97,27.37
60.56,2462,123.9,100,0,0.5,2,7063,0.02,0.04,106,106.7,85.9,88.4,28.54,28.75,26.97,27.37
60.6,2464,124,100,0,-0.3,2,7066,-0.06,0.04,106,106.6,85.9,88.4,28.54,28.75,26.97,27.37
60.64,2465,124,100,0,-0.1,2,7070,-0.01,0.04,106,106.6,85.9,88.4,28.54,28.75,26.97,27.37
60.68,2466,124.1,100,0,0,2,7073,0.04,0.04,106,106.6,85.9,88.4,28.54,28.75,26.97,27.37
60.72,2468,124.1,100,0,-0.7,2,7076,0.03,0.04,106,106.6,85.9,88.4,28.54,28.75,26.97,27.37
60.76,2469,124.2,100,0,0.7,2,7079,0.01,0.04,106,106.6,85.9,88.4,28.54,28.74,26.96,27.36
60.8,2470,124.3,100,0,0.1,2,7083,0,0.04,105.9,106.6,85.8,88.3,28.54,28.74,26.96,27.36
60.84,2472,124.3,100,0,0.1,2,7086,0,0.04,105.9,106.6,85.8,88.3,28.53,28.74,26.96,27.36
60.88,2473,124.4,100,0,-0.1,2,7089,0.03,0.04,105.9,106.6,85.8,88.3,28.53,28.74,26.96,27.36
60.92,2475,124.4,100,0,0.7,2,7093,0.01,0.04,105.9,106.5,85.8,88.3,28.53,28.74,26.96,27.36
60.96,2476,124.5,100,0,-0.1,2,7096,-0.01,0.04,105.9,106.5,85.8,88.3,28.53,28.74,26.96,27.36
61,2477,124.5,100,0,-0.1,2,7099,0,0.04,105.9,106.5,85.8,88.3,28.53,28.74,26.96,27.36
61.04,2479,124.6,100,0,0.1,2,7102,0,0.04,105.9,106.5,85.8,88.3,28.53,28.74,26.96,27.36
61.08,2480,124.7,100,0,0.1,2,7106,-0.02,0.04,105.9,106.5,85.8,88.3,28.53,28.74,26.96,27.36
61.12,2482,124.7,100,0,0.1,2,7109,0,0.04,105.8,106.5,85.8,88.3,28.53,28.74,26.96,27.36
61.16,2483,124.8,100,0,0.5,2,7112,-0.01,0.04,105.8,106.5,85.7,88.2,28.53,28.74,26.96,27.36
61.2,2484,124.8,100,0,1.1,2,7116,0.02,0.04,105.8,106.5,85.7,88.2,28.53,28.73,26.95,27.35
61.24,2486,124.9,100,0,0.7,2,7119,-0.01,0.04,105.8,106.5,85.7,88.2,28.53,28.73,26.95,27.35
61.28,2487,125,100,0,-0.1,2,7122,0,0.04,105.8,106.4,85.7,88.2,28.53,28.73,26.95,27.35
61.32,2488,125,100,0,-0.2,2,7125,-0.03,0.04,105.8,106.4,85.7,88.2,28.52,28.73,26.95,27.35
61.36,2490,125.1,100,0,-0.6,2,7129,-0.05,0.04,105.8,106.4,85.7,88.2,28.52,28.73,26.95,27.35
61.4,2491,125.1,100,0,0.4,2,7132,-0.02,0.04,105.8,106.4,85.7,88.2,28.52,28.73,26.95,27.35
61.44,2493,125.2,100,0,0.2,2,7135,0,0.04,105.8,106.4,85.7,88.2,28.52,28.73,26.95,27.35
61.48,2494,125.2,100,0,-0.1,2,7139,-0.03,0.04,105.7,106.4,85.6,88.1,28.52,28.73,26.95,27.35
61.52,2495,125.3,100,0,-0.1,2,7142,-0.01,0.04,105.7,106.4,85.6,88.1,28.52,28.73,26.95,27.35
61.56,2497,125.4,100,0,0.6,2,7145,-0.02,0.04,105.7,106.4,85.6,88.1,28.52,28.73,26.95,27.35
61.6,2498,125.4,100,0,0.6,2,7148,-0.01,0.04,105.7,106.3,85.6,88.1,28.52,28.73,26.95,27.35
61.64,2500,125.5,100,0,0.4,2,7152,-0.01,0.04,105.7,106.3,85.6,88.1,28.52,28.72,26.94,27.34
61.68,2501,125.5,100,0,0.3,2,7155,-0.03,0.04,105.7,106.3,85.6,88.1,28.52,28.72,26.94,27.34
61.72,2502,125.6,100,0,-0.1,2,7158,0,0.04,105.7,106.3,85.6,88.1,28.52,28.72,26.94,27.34
61.76,2504,125.6,100,0,-0.4,2,7162,0,0.04,105.7,106.3,85.6,88.1,28.51,28.72,26.94,27.34
61.8,2505,125.7,100,0,0.2,2,7165,-0.01,0.04,105.6,106.3,85.5,88,28.51,28.72,26.94,27.34
61.84,2507,125.8,100,0,0.2,2,7168,-0.02,0.04,105.6,106.3,85.5,88,28.51,28.72,26.94,27.34
61.88,2508,125.8,100,0,-0.7,2,7171,0.01,0.04,105.6,106.3,85.5,88,28.51,28.72,26.94,27.34
61.92,2509,125.9,100,0,-0.1,2,7175,0.01,0.04,105.6,106.2,85.5,88,28.51,28.72,26.94,27.34
61.96,2511,125.9,100,0,-0.3,2,7178,-0.01,0.04,105.6,106.2,85.5,88,28.51,28.72,26.94,27.34
62,2512,126,100,0,0.8,2,7181,0,0.04,105.6,106.2,85.5,88,28.51,28.72,26.94,27.34
62.04,2514,126,100,0,-0.2,2,7185,0.01,0.04,105.6,106.2,85.5,88,28.51,28.72,26.94,27.34
62.08,2515,126.1,100,0,-0.2,2,7188,-0.03,0.04,105.6,106.2,85.5,88,28.51,28.72,26.93,27.33
62.12,2516,126.2,100,0,-0.6,2,7191,-0.03,0.04,105.5,106.2,85.5,88,28.51,28.71,26.93,27.33
62.16,2518,126.2,100,0,0.4,2,7194,0,0.04,105.5,106.2,85.4,87.9,28.51,28.71,26.93,27.33
62.2,2519,126.3,100,0,0.1,2,7198,-0.02,0.04,105.5,106.2,85.4,87.9,28.5,28.71,26.93,27.33
62.24,2521,126.3,100,0,0.2,2,7201,0.04,0.04,105.5,106.2,85.4,87.9,28.5,28.71,26.93,27.33
62.28,2522,126.4,100,0,-0.1,2,7204,-0.02,0.04,105.5,106.1,85.4,87.9,28.5,28.71,26.93,27.33
62.32,2523,126.4,100,0,-0.2,2,7208,0.04,0.04,105.5,106.1,85.4,87.9,28.5,28.71,26.93,27.33
62.36,2525,126.5,100,0,0.6,2,7211,-0.02,0.04,105.5,106.1,85.4,87.9,28.5,28.71,26.93,27.33
62.4,2526,126.6,100,0,-0.1,2,7214,0.03,0.04,105.5,106.1,85.4,87.9,28.5,28.71,26.93,27.33
62.44,2528,126.6,100,0,-0.5,2,7217,0,0.04,105.5,106.1,85.4,87.9,28.5,28.71,26.93,27.33
62.48,2529,126.7,100,0,-0.5,2,7221,0.02,0.04,105.4,106.1,85.3,87.8,28.5,28.71,26.93,27.33
62.52,2530,126.7,100,0,0.3,2,7224,-0.03,0.04,105.4,106.1,85.3,87.8,28.5,28.71,26.92,27.32
62.56,2532,126.8,100,0,0.6,2,7227,-0.03,0.04,105.4,106.1,85.3,87.8,28.5,28.7,26.92,27.32
62.6,2533,126.9,100,0,0.1,2,7231,0.01,0.04,105.4,106,85.3,87.8,28.5,28.7,26.92,27.32
62.64,2535,126.9,100,0,-0.2,2,7234,0,0.04,105.4,106,85.3,87.8,28.49,28.7,26.92,27.32
62.68,2536,127,100,0,0.1,2,7237,0,0.04,105.4,106,85.3,87.8,28.49,28.7,26.92,27.32
62.72,2537,127,100,0,0.6,2,7240,-0.02,0.04,105.4,106,85.3,87.8,28.49,28.7,26.92,27.32
62.76,2539,127.1,100,0,0.4,2,7244,0.04,0.04,105.4,106,85.3,87.8,28.49,28.7,26.92,27.32
62.8,2540,127.1,100,0,-0.1,2,7247,0.02,0.04,105.3,106,85.2,87.7,28.49,28.7,26.92,27.32
62.84,2542,127.2,100,0,-0.4,2,7250,0.02,0.04,105.3,106,85.2,87.7,28.49,28.7,26.92,27.32
62.88,2543,127.3,100,0,1,2,7254,-0.02,0.04,105.3,106,85.2,87.7,28.49,28.7,26.92,27.32
62.92,2545,127.3,100,0,0.5,2,7257,-0.01,0.04,105.3,105.9,85.2,87.7,28.49,28.7,26.92,27.32
62.96,2546,127.4,100,0,0.1,2,7260,-0.01,0.04,105.3,105.9,85.2,87.7,28.49,28.7,26.92,27.32
63,2547,127.4,100,0,0.3,2,7263,0.02,0.04,105.3,105.9,85.2,87.7,28.49,28.69,26.91,27.31
63.04,2549,127.5,100,0,-0.4,2,7267,-0.01,0.04,105.3,105.9,85.2,87.7,28.49,28.69,26.91,27.31
63.08,2550,127.5,100,0,-0.1,2,7270,0.02,0.04,105.3,105.9,85.2,87.7,28.48,28.69,26.91,27.31
63.12,2552,127.6,100,0,0.7,2,7273,0.01,0.04,105.2,105.9,85.2,87.7,28.48,28.69,26.91,27.31
63.16,2553,127.7,100,0,-0.2,2,7276,0.01,0.04,105.2,105.9,85.1,87.6,28.48,28.69,26.91,27.31
63.2,2554,127.7,100,0,0,2,7280,0.03,0.04,105.2,105.9,85.1,87.6,28.48,28.69,26.91,27.31
63.24,2556,127.8,100,0,-0.5,2,7283,0.01,0.04,105.2,105.9,85.1,87.6,28.48,28.69,26.91,27.31
63.28,2557,127.8,100,0,0,2,7286,-0.02,0.04,105.2,105.8,85.1,87.6,28.48,28.69,26.91,27.31
63.32,2559,127.9,100,0,0.1,2,7290,-0.01,0.04,105.2,105.8,85.1,87.6,28.48,28.69,26.91,27.31
63.36,2560,127.9,100,0,0,2,7293,0.02,0.04,105.2,105.8,85.1,87.6,28.48,28.69,26.91,27.31
63.4,2562,128,100,0,0.4,2,7296,0.02,0.04,105.2,105.8,85.1,87.6,28.48,28.69,26.91,27.31
63.44,2563,128.1,100,0,0.4,2,7299,0.01,0.04,105.2,105.8,85.1,87.6,28.48,28.68,26.9,27.3
63.48,2564,128.1,100,0,-0.8,2,7303,0,0.04,105.1,105.8,85,87.5,28.48,28.68,26.9,27.3
63.52,2566,128.2,100,0,1,2,7306,0.02,0.04,105.1,105.8,85,87.5,28.47,28.68,26.9,27.3
63.56,2567,128.2,100,0,-0.2,2,7309,-0.01,0.04,105.1,105.8,85,87.5,28.47,28.68,26.9,27.3
63.6,2569,128.3,100,0,0.4,2,7313,-0.02,0.04,105.1,105.7,85,87.5,28.47,28.68,26.9,27.3
63.64,2570,128.3,100,0,0.7,2,7316,0.03,0.04,105.1,105.7,85,87.5,28.47,28.68,26.9,27.3
63.68,2571,128.4,100,0,-0.3,2,7319,0.02,0.04,105.1,105.7,85,87.5,28.47,28.68,26.9,27.3
63.72,2573,128.5,100,0,1,2,7322,-0.01,0.04,105.1,105.7,85,87.5,28.47,28.68,26.9,27.3
63.76,2574,128.5,100,0,0.7,2,7326,0,0.04,105.1,105.7,85,87.5,28.47,28.68,26.9,27.3
63.8,2576,128.6,100,0,0.3,2,7329,-0.01,0.04,105,105.7,84.9,87.4,28.47,28.68,26.9,27.3
63.84,2577,128.6,100,0,-0.2,2,7332,-0.02,0.04,105,105.7,84.9,87.4,28.47,28.68,26.9,27.3
63.88,2579,128.7,100,0,-0.5,2,7336,-0.02,0.04,105,105.7,84.9,87.4,28.47,28.67,26.89,27.29
63.92,2580,128.8,100,0,-0.4,2,7339,0.01,0.04,105,105.6,84.9,87.4,28.47,28.67,26.89,27.29
63.96,2581,128.8,100,0,-0.1,2,7342,-0.02,0.04,105,105.6,84.9,87.4,28.46,28.67,26.89,27.29
64,2583,128.9,100,0,-0.6,2,7345,-0.02,0.04,105,105.6,84.9,87.4,28.46,28.67,26.89,27.29
64.04,2584,128.9,100,0,0.4,2,7349,-0.02,0.04,105,105.6,84.9,87.4,28.46,28.67,26.89,27.29
64.08,2586,129,100,0,0.2,2,7352,0,0.04,105,105.6,84.9,87.4,28.46,28.67,26.89,27.29
64.12,2587,129,100,0,0.3,2,7355,-0.01,0.04,104.9,105.6,84.9,87.4,28.46,28.67,26.89,27.29
64.16,2589,129.1,100,0,0,2,7359,-0.03,0.04,104.9,105.6,84.8,87.3,28.46,28.67,26.89,27.29
64.2,2590,129.2,100,0,-0.2,2,7362,-0.01,0.04,104.9,105.6,84.8,87.3,28.46,28.67,26.89,27.29
64.24,2592,129.2,100,0,0.1,2,7365,-0.03,0.04,104.9,105.6,84.8,87.3,28.46,28.67,26.89,27.29
64.28,2593,129.3,100,0,-0.1,2,7368,0,0.04,104.9,105.5,84.8,87.3,28.46,28.67,26.89,27.29
64.32,2594,129.3,100,0,0.4,2,7372,0.02,0.04,104.9,105.5,84.8,87.3,28.46,28.66,26.88,27.28
64.36,2596,129.4,100,0,-0.5,2,7375,-0.04,0.04,104.9,105.5,84.8,87.3,28.46,28.66,26.88,27.28
64.4,2597,129.4,100,0,0.1,2,7378,-0.01,0.04,104.9,105.5,84.8,87.3,28.45,28.66,26.88,27.28
64.44,2599,129.5,100,0,0.1,2,7382,0.02,0.04,104.9,105.5,84.8,87.3,28.45,28.66,26.88,27.28
64.48,2600,129.6,100,0,0.1,2,7385,-0.01,0.04,104.8,105.5,84.7,87.2,28.45,28.66,26.88,27.28
64.52,2602,129.6,100,0,0.2,2,7388,0.02,0.04,104.8,105.5,84.7,87.2,28.45,28.66,26.88,27.28
64.56,2603,129.7,100,0,-0.2,2,7391,0.01,0.04,104.8,105.5,84.7,87.2,28.45,28.66,26.88,27.28
64.6,2604,129.7,100,0,-0.5,2,7395,0.01,0.04,104.8,105.4,84.7,87.2,28.45,28.66,26.88,27.28
64.64,2606,129.8,100,0,0.3,2,7398,-0.02,0.04,104.8,105.4,84.7,87.2,28.45,28.66,26.88,27.28
64.68,2607,129.8,100,0,0,2,7401,-0.01,0.04,104.8,105.4,84.7,87.2,28.45,28.66,26.88,27.28
64.72,2609,129.9,100,0,-0.3,2,7405,-0.02,0.04,104.8,105.4,84.7,87.2,28.45,28.66,26.88,27.28
64.76,2610,130,100,0,-0.2,2,7408,0.01,0.04,104.8,105.4,84.7,87.2,28.45,28.65,26.87,27.27
64.8,2612,130,100,0,0,2,7411,0.02,0.04,104.7,105.4,84.6,87.1,28.45,28.65,26.87,27.27
64.84,2613,130.1,100,0,0.3,2,7414,-0.01,0.04,104.7,105.4,84.6,87.1,28.44,28.65,26.87,27.27
64.88,2615,130.1,100,0,0,2,7418,0,0.04,104.7,105.4,84.6,87.1,28.44,28.65,26.87,27.27
64.92,2616,130.2,100,0,-0.3,2,7421,0,0.04,104.7,105.3,84.6,87.1,28.44,28.65,26.87,27.27
64.96,2617,130.2,100,0,0,2,7424,0,0.04,104.7,105.3,84.6,87.1,28.44,28.65,26.87,27.27
65,2619,130.3,100,0,0.7,2,7428,-0.03,0.04,104.7,105.3,84.6,87.1,28.44,28.65,26.87,27.27
65.04,2620,130.4,100,0,-0.4,2,7431,0,0.04,104.7,105.3,84.6,87.1,28.44,28.65,26.87,27.27
65.08,2622,130.4,100,0,-0.3,2,7434,-0.01,0.04,104.7,105.3,84.6,87.1,28.44,28.65,26.87,27.27
65.12,2623,130.5,100,0,0.6,2,7437,0.01,0.04,104.6,105.3,84.6,87.1,28.44,28.65,26.87,27.27
65.16,2625,130.5,100,0,0.2,2,7441,-0.02,0.04,104.6,105.3,84.5,87,28.44,28.65,26.87,27.27
65.2,2626,130.6,100,0,-0.3,2,7444,0,0.04,104.6,105.3,84.5,87,28.44,28.64,26.86,27.26
65.24,2628,130.7,100,0,0.4,2,7447,-0.01,0.04,104.6,105.3,84.5,87,28.44,28.64,26.86,27.26
65.28,2629,130.7,100,0,0.4,2,7450,0.01,0.04,104.6,105.2,84.5,87,28.44,28.64,26.86,27.26
65.32,2631,130.8,100,0,-0.2,2,7454,-0.01,0.04,104.6,105.2,84.5,87,28.43,28.64,26.86,27.26
65.36,2632,130.8,100,0,0,2,7457,0.04,0.04,104.6,105.2,84.5,87,28.43,28.64,26.86,27.26
65.4,2633,130.9,100,0,0.1,2,7460,0,0.04,104.6,105.2,84.5,87,28.43,28.64,26.86,27.26
65.44,2635,130.9,100,0,0.5,2,7464,0.02,0.04,104.6,105.2,84.5,87,28.43,28.64,26.86,27.26
65.48,2636,131,100,0,-0.2,2,7467,0,0.04,104.5,105.2,84.4,86.9,28.43,28.64,26.86,27.26
65.52,2638,131.1,100,0,0.6,2,7470,0.02,0.04,104.5,105.2,84.4,86.9,28.43,28.64,26.86,27.26
65.56,2639,131.1,100,0,-0.6,2,7473,0.02,0.04,104.5,105.2,84.4,86.9,28.43,28.64,26.86,27.26
65.6,2641,131.2,100,0,0,2,7477,0,0.04,104.5,105.1,84.4,86.9,28.43,28.64,26.86,27.26
65.64,2642,131.2,100,0,0.2,2,7480,0.01,0.04,104.5,105.1,84.4,86.9,28.43,28.63,26.85,27.25
65.68,2644,131.3,100,0,0,2,7483,0.02,0.04,104.5,105.1,84.4,86.9,28.43,28.63,26.85,27.25
65.72,2645,131.3,100,0,0.1,2,7487,0.03,0.04,104.5,105.1,84.4,86.9,28.43,28.63,26.85,27.25
65.76,2647,131.4,100,0,0.3,2,7490,0.02,0.04,104.5,105.1,84.4,86.9,28.42,28.63,26.85,27.25
65.8,2648,131.5,100,0,-0.7,2,7493,0.01,0.04,104.4,105.1,84.3,86.8,28.42,28.63,26.85,27.25
65.84,2649,131.5,100,0,0.1,2,7496,0,0.04,104.4,105.1,84.3,86.8,28.42,28.63,26.85,27.25
65.88,2651,131.6,100,0,0.2,2,7500,0.02,0.04,104.4,105.1,84.3,86.8,28.42,28.63,26.85,27.25
65.92,2652,131.6,100,0,0,2,7503,-0.01,0.04,104.4,105,84.3,86.8,28.42,28.63,26.85,27.25
65.96,2654,131.7,100,0,-0.5,2,7506,0.02,0.04,104.4,105,84.3,86.8,28.42,28.63,26.85,27.25
66,2655,131.7,100,0,0.6,2,7510,-0.03,0.04,104.4,105,84.3,86.8,28.42,28.63,26.85,27.25
66.04,2657,131.8,100,0,-0.5,2,7513,0.06,0.04,104.4,105,84.3,86.8,28.42,28.63,26.85,27.25
66.08,2658,131.9,100,0,-1.1,2,7516,-0.03,0.04,104.4,105,84.3,86.8,28.42,28.63,26.84,27.24
66.12,2660,131.9,100,0,0,2,7519,0.01,0.04,104.3,105,84.3,86.8,28.42,28.62,26.84,27.24
66.16,2661,132,100,0,0,2,7523,-0.02,0.04,104.3,105,84.2,86.7,28.42,28.62,26.84,27.24
66.2,2663,132,100,0,0.6,2,7526,-0.02,0.04,104.3,105,84.2,86.7,28.41,28.62,26.84,27.24
66.24,2664,132.1,100,0,-0.3,2,7529,-0.01,0.04,104.3,105,84.2,86.7,28.41,28.62,26.84,27.24
66.28,2666,132.2,100,0,0.2,2,7533,0.02,0.04,104.3,104.9,84.2,86.7,28.41,28.62,26.84,27.24
66.32,2667,132.2,100,0,-0.3,2,7536,0,0.04,104.3,104.9,84.2,86.7,28.41,28.62,26.84,27.24
66.36,2669,132.3,100,0,-0.4,2,7539,0,0.04,104.3,104.9,84.2,86.7,28.41,28.62,26.84,27.24
66.4,2670,132.3,100,0,-0.5,2,7542,0.01,0.04,104.3,104.9,84.2,86.7,28.41,28.62,26.84,27.24
66.44,2671,132.4,100,0,-0.5,2,7546,0.01,0.04,104.3,104.9,84.2,86.7,28.41,28.62,26.84,27.24
66.48,2673,132.4,100,0,0.5,2,7549,0,0.04,104.2,104.9,84.1,86.6,28.41,28.62,26.84,27.24
66.52,2674,132.5,100,0,0.6,2,7552,-0.03,0.04,104.2,104.9,84.1,86.6,28.41,28.62,26.83,27.23
66.56,2676,132.6,100,0,0,2,7556,-0.05,0.04,104.2,104.9,84.1,86.6,28.41,28.61,26.83,27.23
66.6,2677,132.6,100,0,0.1,2,7559,0.01,0.04,104.2,104.8,84.1,86.6,28.41,28.61,26.83,27.23
66.64,2679,132.7,100,0,-0.2,2,7562,-0.03,0.04,104.2,104.8,84.1,86.6,28.4,28.61,26.83,27.23
66.68,2680,132.7,100,0,-0.2,2,7565,0.03,0.04,104.2,104.8,84.1,86.6,28.4,28.61,26.83,27.23
66.72,2682,132.8,100,0,-0.2,2,7569,-0.01,0.04,104.2,104.8,84.1,86.6,28.4,28.61,26.83,27.23
66.76,2683,132.8,100,0,0,2,7572,0,0.04,104.2,104.8,84.1,86.6,28.4,28.61,26.83,27.23
66.8,2685,132.9,100,0,-0.3,2,7575,-0.01,0.04,104.1,104.8,84,86.5,28.4,28.61,26.83,27.23
66.84,2686,133,100,0,-0.3,2,7579,0.02,0.04,104.1,104.8,84,86.5,28.4,28.61,26.83,27.23
66.88,2688,133,100,0,0.7,2,7582,-0.01,0.04,104.1,104.8,84,86.5,28.4,28.61,26.83,27.23
66.92,2689,133.1,100,0,-0.4,2,7585,-0.02,0.04,104.1,104.7,84,86.5,28.4,28.61,26.83,27.23
66.96,2691,133.1,100,0,0.4,2,7588,0,0.04,104.1,104.7,84,86.5,28.4,28.61,26.83,27.23
67,2692,133.2,100,0,0.2,2,7592,0,0.04,104.1,104.7,84,86.5,28.4,28.6,26.82,27.22
67.04,2694,133.2,100,0,0.1,2,7595,-0.03,0.04,104.1,104.7,84,86.5,28.4,28.6,26.82,27.22
67.08,2695,133.3,100,0,-0.2,2,7598,-0.02,0.04,104.1,104.7,84,86.5,28.39,28.6,26.82,27.22
67.12,2697,133.4,100,0,-0.3,2,7602,-0.03,0.04,104,104.7,84,86.5,28.39,28.6,26.82,27.22
67.16,2698,133.4,100,0,0.2,2,7605,0,0.04,104,104.7,83.9,86.4,28.39,28.6,26.82,27.22
67.2,2699,133.5,100,0,0.3,2,7608,0.03,0.04,104,104.7,83.9,86.4,28.39,28.6,26.82,27.22
67.24,2701,133.5,100,0,0,2,7611,0.01,0.04,104,104.7,83.9,86.4,28.39,28.6,26.82,27.22
67.28,2702,133.6,100,0,0.3,2,7615,0.03,0.04,104,104.6,83.9,86.4,28.39,28.6,26.82,27.22
67.32,2704,133.6,100,0,-0.3,2,7618,0,0.04,104,104.6,83.9,86.4,28.39,28.6,26.82,27.22
67.36,2705,133.7,100,0,0.4,2,7621,0.02,0.04,104,104.6,83.9,86.4,28.39,28.6,26.82,27.22
67.4,2707,133.8,100,0,0.1,2,7625,-0.01,0.04,104,104.6,83.9,86.4,28.39,28.6,26.82,27.22
67.44,2708,133.8,100,0,-0.2,2,7628,-0.01,0.04,104,104.6,83.9,86.4,28.39,28.59,26.81,27.21
67.48,2710,133.9,100,0,0.1,2,7631,-0.02,0.04,103.9,104.6,83.8,86.3,28.39,28.59,26.81,27.21
67.52,2711,133.9,100,0,0.1,2,7634,-0.01,0.04,103.9,104.6,83.8,86.3,28.38,28.59,26.81,27.21
67.56,2713,134,100,0,-0.5,2,7638,-0.05,0.04,103.9,104.6,83.8,86.3,28.38,28.59,26.81,27.21
67.6,2714,134.1,100,0,0.3,2,7641,0.02,0.04,103.9,104.5,83.8,86.3,28.38,28.59,26.81,27.21
67.64,2716,134.1,100,0,0,2,7644,-0.02,0.04,103.9,104.5,83.8,86.3,28.38,28.59,26.81,27.21
67.68,2717,134.2,100,0,0.9,2,7647,0,0.04,103.9,104.5,83.8,86.3,28.38,28.59,26.81,27.21
67.72,2719,134.2,100,0,0.3,2,7651,0.01,0.04,103.9,104.5,83.8,86.3,28.38,28.59,26.81,27.21
67.76,2720,134.3,100,0,-0.2,2,7654,-0.02,0.04,103.9,104.5,83.8,86.3,28.38,28.59,26.81,27.21
67.8,2722,134.3,100,0,-0.2,2,7657,0.01,0.04,103.8,104.5,83.7,86.2,28.38,28.59,26.81,27.21
67.84,2723,134.4,100,0,0.5,2,7661,-0.01,0.04,103.8,104.5,83.7,86.2,28.38,28.59,26.81,27.21
67.88,2725,134.5,100,0,0.4,2,7664,0,0.04,103.8,104.5,83.7,86.2,28.38,28.58,26.8,27.2
67.92,2726,134.5,100,0,-0.3,2,7667,0.03,0.04,103.8,104.4,83.7,86.2,28.38,28.58,26.8,27.2
67.96,2728,134.6,100,0,-0.3,2,7670,0,0.04,103.8,104.4,83.7,86.2,28.37,28.58,26.8,27.2
68,2729,134.6,100,0,-0.6,2,7674,0.01,0.04,103.8,104.4,83.7,86.2,28.37,28.58,26.8,27.2
68.04,2731,134.7,100,0,0.4,2,7677,-0.02,0.04,103.8,104.4,83.7,86.2,28.37,28.58,26.8,27.2
68.08,2732,134.7,100,0,-0.6,2,7680,0.01,0.04,103.8,104.4,83.7,86.2,28.37,28.58,26.8,27.2
68.12,2734,134.8,100,0,-0.2,2,7684,-0.01,0.04,103.7,104.4,83.7,86.2,28.37,28.58,26.8,27.2
68.16,2735,134.9,100,0,0.5,2,7687,0.03,0.04,103.7,104.4,83.6,86.1,28.37,28.58,26.8,27.2
68.2,2737,134.9,100,0,-0.1,2,7690,-0.04,0.04,103.7,104.4,83.6,86.1,28.37,28.58,26.8,27.2
68.24,2738,135,100,0,0.1,2,7693,-0.01,0.04,103.7,104.4,83.6,86.1,28.37,28.58,26.8,27.2
68.28,2740,135,100,0,0.5,3,5941,0.01,0.04,103.7,104.3,83.6,86.1,28.37,28.58,26.8,27.2
68.32,2741,135.1,100,0,-0.3,3,5944,0.01,0.04,103.7,104.3,83.6,86.1,28.37,28.57,26.79,27.19
68.36,2743,135.1,100,0,-0.8,3,5946,0.04,0.04,103.7,104.3,83.6,86.1,28.37,28.57,26.79,27.19
68.4,2744,135.2,100,0,-0.5,3,5949,0,0.04,103.7,104.3,83.6,86.1,28.36,28.57,26.79,27.19
68.44,2746,135.3,100,0,0.1,3,5951,0,0.04,103.7,104.3,83.6,86.1,28.36,28.57,26.79,27.19
68.48,2747,135.3,100,0,0.2,3,5954,0.01,0.04,103.6,104.3,83.5,86,28.36,28.57,26.79,27.19
68.52,2749,135.4,100,0,0.4,3,5957,0,0.04,103.6,104.3,83.5,86,28.36,28.57,26.79,27.19
68.56,2750,135.4,100,0,0.3,3,5959,-0.03,0.04,103.6,104.3,83.5,86,28.36,28.57,26.79,27.19
68.6,2752,135.5,100,0,0.2,3,5962,-0.02,0.04,103.6,104.2,83.5,86,28.36,28.57,26.79,27.19
68.64,2753,135.5,100,0,-0.4,3,5964,0.02,0.04,103.6,104.2,83.5,86,28.36,28.57,26.79,27.19
68.68,2755,135.6,100,0,-0.1,3,5967,0.01,0.04,103.6,104.2,83.5,86,28.36,28.57,26.79,27.19
68.72,2756,135.7,100,0,0.6,3,5969,-0.01,0.04,103.6,104.2,83.5,86,28.36,28.57,26.79,27.19
68.76,2758,135.7,100,0,-0.2,3,5972,-0.04,0.04,103.6,104.2,83.5,86,28.36,28.56,26.78,27.18
68.8,2759,135.8,100,0,-0.1,3,5974,0.01,0.04,103.5,104.2,83.4,85.9,28.36,28.56,26.78,27.18
68.84,2761,135.8,100,0,-0.3,3,5977,0.04,0.04,103.5,104.2,83.4,85.9,28.35,28.56,26.78,27.18
68.88,2762,135.9,100,0,-0.3,3,5979,-0.01,0.04,103.5,104.2,83.4,85.9,28.35,28.56,26.78,27.18
68.92,2764,136,100,0,-0.2,3,5982,-0.01,0.04,103.5,104.1,83.4,85.9,28.35,28.56,26.78,27.18
68.96,2765,136,100,0,-0.1,3,5984,-0.02,0.04,103.5,104.1,83.4,85.9,28.35,28.56,26.78,27.18
69,2767,136.1,100,0,0.4,3,5987,0.02,0.04,103.5,104.1,83.4,85.9,28.35,28.56,26.78,27.18
69.04,2768,136.1,100,0,0,3,5989,0.02,0.04,103.5,104.1,83.4,85.9,28.35,28.56,26.78,27.18
69.08,2770,136.2,100,0,-0.1,3,5992,0.03,0.04,103.5,104.1,83.4,85.9,28.35,28.56,26.78,27.18
69.12,2771,136.2,100,0,0.6,3,5995,0.02,0.04,103.4,104.1,83.4,85.9,28.35,28.56,26.78,27.18
69.16,2773,136.3,100,0,0,3,5997,-0.03,0.04,103.4,104.1,83.3,85.8,28.35,28.56,26.78,27.18
69.2,2774,136.4,100,0,0.3,3,6000,0.02,0.04,103.4,104.1,83.3,85.8,28.35,28.55,26.77,27.17
69.24,2776,136.4,100,0,0,3,6002,0.04,0.04,103.4,104.1,83.3,85.8,28.35,28.55,26.77,27.17
69.28,2777,136.5,100,0,0.4,3,6005,-0.01,0.04,103.4,104,83.3,85.8,28.35,28.55,26.77,27.17
69.32,2779,136.5,100,0,0,3,6007,-0.03,0.04,103.4,104,83.3,85.8,28.34,28.55,26.77,27.17
69.36,2780,136.6,100,0,-0.7,3,6010,0.01,0.04,103.4,104,83.3,85.8,28.34,28.55,26.77,27.17
69.4,2782,136.6,100,0,0,3,6012,-0.01,0.04,103.4,104,83.3,85.8,28.34,28.55,26.77,27.17
69.44,2784,136.7,100,0,0.5,3,6015,0.03,0.04,103.4,104,83.3,85.8,28.34,28.55,26.77,27.17
69.48,2785,136.8,100,0,-0.2,3,6017,0.01,0.04,103.3,104,83.2,85.7,28.34,28.55,26.77,27.17
69.52,2787,136.8,100,0,-0.2,3,6020,0,0.04,103.3,104,83.2,85.7,28.34,28.55,26.77,27.17
69.56,2788,136.9,100,0,0.4,3,6022,0,0.04,103.3,104,83.2,85.7,28.34,28.55,26.77,27.17
69.6,2790,136.9,100,0,-0.3,3,6025,0,0.04,103.3,103.9,83.2,85.7,28.34,28.55,26.77,27.17
69.64,2791,137,100,0,-0.1,3,6028,0.01,0.04,103.3,103.9,83.2,85.7,28.34,28.54,26.76,27.16
69.68,2793,137,100,0,0.4,3,6030,-0.01,0.04,103.3,103.9,83.2,85.7,28.34,28.54,26.76,27.16
69.72,2794,137.1,100,0,1.1,3,6033,0.02,0.04,103.3,103.9,83.2,85.7,28.34,28.54,26.76,27.16
69.76,2796,137.2,100,0,-0.2,3,6035,0,0.04,103.3,103.9,83.2,85.7,28.33,28.54,26.76,27.16
69.8,2797,137.2,100,0,0.1,3,6038,0,0.04,103.2,103.9,83.1,85.6,28.33,28.54,26.76,27.16
69.84,2799,137.3,100,0,-0.2,3,6040,-0.03,0.04,103.2,103.9,83.1,85.6,28.33,28.54,26.76,27.16
69.88,2800,137.3,100,0,0.3,3,6043,0.02,0.04,103.2,103.9,83.1,85.6,28.33,28.54,26.76,27.16
69.92,2802,137.4,100,0,0.8,3,6045,0,0.04,103.2,103.8,83.1,85.6,28.33,28.54,26.76,27.16
69.96,2803,137.4,100,0,-0.3,3,6048,0.01,0.04,103.2,103.8,83.1,85.6,28.33,28.54,26.76,27.16
70,2805,137.5,100,0,-0.4,3,6050,0.01,0.04,103.2,103.8,83.1,85.6,28.33,28.54,26.76,27.16
70.04,2806,137.6,100,0,0.7,3,6053,0.01,0.04,103.2,103.8,83.1,85.6,28.33,28.54,26.76,27.16
70.08,2808,137.6,100,0,-0.3,3,6055,0,0.04,103.2,103.8,83.1,85.6,28.33,28.54,26.75,27.15
70.12,2809,137.7,100,0,-0.4,3,6058,-0.01,0.04,103.1,103.8,83.1,85.6,28.33,28.53,26.75,27.15
70.16,2811,137.7,100,0,0.1,3,6060,0.03,0.04,103.1,103.8,83,85.5,28.33,28.53,26.75,27.15
70.2,2813,137.8,100,0,0.1,3,6063,0.02,0.04,103.1,103.8,83,85.5,28.32,28.53,26.75,27.15
70.24,2814,137.9,100,0,0.1,3,6066,0.01,0.04,103.1,103.8,83,85.5,28.32,28.53,26.75,27.15
70.28,2816,137.9,100,0,-0.3,3,6068,0.02,0.04,103.1,103.7,83,85.5,28.32,28.53,26.75,27.15
70.32,2817,138,100,0,-0.7,3,6071,0,0.04,103.1,103.7,83,85.5,28.32,28.53,26.75,27.15
70.36,2819,138,100,0,0.6,3,6073,0.01,0.04,103.1,103.7,83,85.5,28.32,28.53,26.75,27.15
70.4,2820,138.1,100,0,0.2,3,6076,0.01,0.04,103.1,103.7,83,85.5,28.32,28.53,26.75,27.15
70.44,2822,138.1,100,0,-0.1,3,6078,0.01,0.04,103.1,103.7,83,85.5,28.32,28.53,26.75,27.15
70.48,2823,138.2,100,0,-0.4,3,6081,0.01,0.04,103,103.7,82.9,85.4,28.32,28.53,26.75,27.15
70.52,2825,138.3,100,0,0.6,3,6083,0,0.04,103,103.7,82.9,85.4,28.32,28.53,26.74,27.14
70.56,2826,138.3,100,0,-0.3,3,6086,0.02,0.04,103,103.7,82.9,85.4,28.32,28.52,26.74,27.14
70.6,2828,138.4,100,0,0.1,3,6088,0.01,0.04,103,103.6,82.9,85.4,28.32,28.52,26.74,27.14
70.64,2829,138.4,100,0,0.2,3,6091,0.03,0.04,103,103.6,82.9,85.4,28.31,28.52,26.74,27.14
70.68,2831,138.5,100,0,-0.1,3,6093,0.01,0.04,103,103.6,82.9,85.4,28.31,28.52,26.74,27.14
70.72,2832,138.5,100,0,0.3,3,6096,-0.02,0.04,103,103.6,82.9,85.4,28.31,28.52,26.74,27.14
70.76,2834,138.6,100,0,0.1,3,6098,0.03,0.04,103,103.6,82.9,85.4,28.31,28.52,26.74,27.14
70.8,2836,138.7,100,0,0,3,6101,0.01,0.04,102.9,103.6,82.8,85.3,28.31,28.52,26.74,27.14
70.84,2837,138.7,100,0,-0.4,3,6104,-0.04,0.04,102.9,103.6,82.8,85.3,28.31,28.52,26.74,27.14
70.88,2839,138.8,100,0,-0.7,3,6106,-0.06,0.04,102.9,103.6,82.8,85.3,28.31,28.52,26.74,27.14
70.92,2840,138.8,100,0,-0.6,3,6109,0,0.04,102.9,103.5,82.8,85.3,28.31,28.52,26.74,27.14
70.96,2842,138.9,100,0,0.5,3,6111,0,0.04,102.9,103.5,82.8,85.3,28.31,28.52,26.74,27.14
71,2843,138.9,100,0,0.4,3,6114,-0.02,0.04,102.9,103.5,82.8,85.3,28.31,28.51,26.73,27.13
71.04,2845,139,100,0,0.3,3,6116,-0.01,0.04,102.9,103.5,82.8,85.3,28.31,28.51,26.73,27.13
71.08,2846,139.1,100,0,-0.1,3,6119,0.03,0.04,102.9,103.5,82.8,85.3,28.3,28.51,26.73,27.13
71.12,2848,139.1,100,0,-0.1,3,6121,0,0.04,102.8,103.5,82.8,85.3,28.3,28.51,26.73,27.13
71.16,2849,139.2,100,0,0.7,3,6124,0,0.04,102.8,103.5,82.7,85.2,28.3,28.51,26.73,27.13
71.2,2851,139.2,100,0,0,3,6126,-0.02,0.04,102.8,103.5,82.7,85.2,28.3,28.51,26.73,27.13
71.24,2853,139.3,100,0,-0.2,3,6129,0.01,0.04,102.8,103.5,82.7,85.2,28.3,28.51,26.73,27.13
71.28,2854,139.4,100,0,-0.2,3,6131,-0.01,0.04,102.8,103.4,82.7,85.2,28.3,28.51,26.73,27.13
71.32,2856,139.4,100,0,0.4,3,6134,0.04,0.04,102.8,103.4,82.7,85.2,28.3,28.51,26.73,27.13
71.36,2857,139.5,100,0,-0.6,3,6136,0,0.04,102.8,103.4,82.7,85.2,28.3,28.51,26.73,27.13
71.4,2859,139.5,100,0,-0.1,3,6139,0.02,0.04,102.8,103.4,82.7,85.2,28.3,28.51,26.73,27.13
71.44,2860,139.6,100,0,0.3,3,6142,0,0.04,102.8,103.4,82.7,85.2,28.3,28.5,26.72,27.12
71.48,2862,139.6,100,0,0,3,6144,0,0.04,102.7,103.4,82.6,85.1,28.3,28.5,26.72,27.12
71.52,2863,139.7,100,0,-0.3,3,6147,0.01,0.04,102.7,103.4,82.6,85.1,28.29,28.5,26.72,27.12
71.56,2865,139.8,100,0,-0.6,3,6149,0.01,0.04,102.7,103.4,82.6,85.1,28.29,28.5,26.72,27.12
71.6,2866,139.8,100,0,-0.2,3,6152,0.02,0.04,102.7,103.3,82.6,85.1,28.29,28.5,26.72,27.12
71.64,2868,139.9,100,0,0.3,3,6154,0,0.04,102.7,103.3,82.6,85.1,28.29,28.5,26.72,27.12
71.68,2870,139.9,100,0,-0.9,3,6157,0,0.04,102.7,103.3,82.6,85.1,28.29,28.5,26.72,27.12
71.72,2871,140,100,0,0.2,3,6159,-0.01,0.04,102.7,103.3,82.6,85.1,28.29,28.5,26.72,27.12
71.76,2873,140,100,0,-0.5,3,6162,-0.03,0.04,102.7,103.3,82.6,85.1,28.29,28.5,26.72,27.12
71.8,2874,140.1,100,0,0.3,3,6164,0.03,0.04,102.6,103.3,82.5,85,28.29,28.5,26.72,27.12
71.84,2876,140.2,100,0,0.5,3,6167,0,0.04,102.6,103.3,82.5,85,28.29,28.5,26.72,27.12
71.88,2877,140.2,100,0,0.3,3,6169,0.02,0.04,102.6,103.3,82.5,85,28.29,28.49,26.71,27.11
71.92,2879,140.3,100,0,0.3,3,6172,-0.01,0.04,102.6,103.2,82.5,85,28.29,28.49,26.71,27.11
71.96,2880,140.3,100,0,-0.5,3,6175,0.02,0.04,102.6,103.2,82.5,85,28.28,28.49,26.71,27.11
72,2882,140.4,100,0,-0.5,3,6177,0.01,0.04,102.6,103.2,82.5,85,28.28,28.49,26.71,27.11
72.04,2884,140.4,100,0,0.1,3,6180,-0.01,0.04,102.6,103.2,82.5,85,28.28,28.49,26.71,27.11
72.08,2885,140.5,100,0,-0.2,3,6182,0.02,0.04,102.6,103.2,82.5,85,28.28,28.49,26.71,27.11
72.12,2887,140.6,100,0,0,3,6185,-0.02,0.04,102.5,103.2,82.5,85,28.28,28.49,26.71,27.11
72.16,2888,140.6,100,0,0.4,3,6187,0.01,0.04,102.5,103.2,82.4,84.9,28.28,28.49,26.71,27.11
72.2,2890,140.7,100,0,0.1,3,6190,0.02,0.04,102.5,103.2,82.4,84.9,28.28,28.49,26.71,27.11
72.24,2891,140.7,100,0,0.3,3,6192,-0.03,0.04,102.5,103.2,82.4,84.9,28.28,28.49,26.71,27.11
72.28,2893,140.8,100,0,0.2,3,6195,-0.04,0.04,102.5,103.1,82.4,84.9,28.28,28.49,26.71,27.11
72.32,2895,140.8,100,0,-0.4,3,6197,-0.05,0.04,102.5,103.1,82.4,84.9,28.28,28.48,26.7,27.1
72.36,2896,140.9,100,0,0.2,3,6200,0.04,0.04,102.5,103.1,82.4,84.9,28.28,28.48,26.7,27.1
72.4,2898,141,100,0,0.1,3,6202,0.02,0.04,102.5,103.1,82.4,84.9,28.27,28.48,26.7,27.1
72.44,2899,141,100,0,-0.3,3,6205,-0.01,0.04,102.5,103.1,82.4,84.9,28.27,28.48,26.7,27.1
72.48,2901,141.1,100,0,0.8,3,6207,-0.03,0.04,102.4,103.1,82.3,84.8,28.27,28.48,26.7,27.1
72.52,2902,141.1,100,0,0.8,3,6210,-0.01,0.04,102.4,103.1,82.3,84.8,28.27,28.48,26.7,27.1
72.56,2904,141.2,100,0,0.5,3,6213,0.01,0.04,102.4,103.1,82.3,84.8,28.27,28.48,26.7,27.1
72.6,2905,141.3,100,0,0.3,3,6215,0.01,0.04,102.4,103,82.3,84.8,28.27,28.48,26.7,27.1
72.64,2907,141.3,100,0,0.6,3,6218,0,0.04,102.4,103,82.3,84.8,28.27,28.48,26.7,27.1
72.68,2909,141.4,100,0,0.3,3,6220,0,0.04,102.4,103,82.3,84.8,28.27,28.48,26.7,27.1
72.72,2910,141.4,100,0,0.5,3,6223,0.03,0.04,102.4,103,82.3,84.8,28.27,28.48,26.7,27.1
72.76,2912,141.5,100,0,-0.4,3,6225,0.03,0.04,102.4,103,82.3,84.8,28.27,28.47,26.69,27.09
72.8,2913,141.5,100,0,0.3,3,6228,0.01,0.04,102.3,103,82.2,84.7,28.27,28.47,26.69,27.09
72.84,2915,141.6,100,0,-0.2,3,6230,-0.03,0.04,102.3,103,82.2,84.7,28.26,28.47,26.69,27.09
72.88,2916,141.7,100,0,-0.4,3,6233,-0.01,0.04,102.3,103,82.2,84.7,28.26,28.47,26.69,27.09
72.92,2918,141.7,100,0,0.2,3,6235,0.03,0.04,102.3,102.9,82.2,84.7,28.26,28.47,26.69,27.09
72.96,2920,141.8,100,0,0.3,3,6238,0.02,0.04,102.3,102.9,82.2,84.7,28.26,28.47,26.69,27.09
73,2921,141.8,100,0,-0.1,3,6240,0.01,0.04,102.3,102.9,82.2,84.7,28.26,28.47,26.69,27.09
73.04,2923,141.9,100,0,-0.5,3,6243,-0.01,0.04,102.3,102.9,82.2,84.7,28.26,28.47,26.69,27.09
73.08,2924,141.9,100,0,0.3,3,6245,0.01,0.04,102.3,102.9,82.2,84.7,28.26,28.47,26.69,27.09
73.12,2926,142,100,0,0.3,3,6248,0,0.04,102.2,102.9,82.2,84.7,28.26,28.47,26.69,27.09
73.16,2928,142.1,100,0,0,3,6251,0.02,0.04,102.2,102.9,82.1,84.6,28.26,28.47,26.69,27.09
73.2,2929,142.1,100,0,0.2,3,6253,-0.02,0.04,102.2,102.9,82.1,84.6,28.26,28.46,26.68,27.08
73.24,2931,142.2,100,0,0,3,6256,0.01,0.04,102.2,102.9,82.1,84.6,28.26,28.46,26.68,27.08
73.28,2932,142.2,100,0,-0.2,3,6258,0.03,0.04,102.2,102.8,82.1,84.6,28.26,28.46,26.68,27.08
73.32,2934,142.3,100,0,0.1,3,6261,-0.02,0.04,102.2,102.8,82.1,84.6,28.25,28.46,26.68,27.08
73.36,2935,142.3,100,0,-0.5,3,6263,-0.01,0.04,102.2,102.8,82.1,84.6,28.25,28.46,26.68,27.08
73.4,2937,142.4,100,0,0.4,3,6266,0.01,0.04,102.2,102.8,82.1,84.6,28.25,28.46,26.68,27.08
73.44,2939,142.5,100,0,-0.5,3,6268,-0.02,0.04,102.2,102.8,82.1,84.6,28.25,28.46,26.68,27.08
73.48,2940,142.5,100,0,0.6,3,6271,0,0.04,102.1,102.8,82,84.5,28.25,28.46,26.68,27.08
73.52,2942,142.6,100,0,0.2,3,6273,0.03,0.04,102.1,102.8,82,84.5,28.25,28.46,26.68,27.08
73.56,2943,142.6,100,0,0.2,3,6276,0.01,0.04,102.1,102.8,82,84.5,28.25,28.46,26.68,27.08
73.6,2945,142.7,100,0,-0.5,3,6278,-0.04,0.04,102.1,102.7,82,84.5,28.25,28.46,26.68,27.08
73.64,2947,142.7,100,0,0,3,6281,-0.03,0.04,102.1,102.7,82,84.5,28.25,28.45,26.67,27.07
73.68,2948,142.8,100,0,0,3,6283,0.01,0.04,102.1,102.7,82,84.5,28.25,28.45,26.67,27.07
73.72,2950,142.9,100,0,0.8,3,6286,-0.05,0.04,102.1,102.7,82,84.5,28.25,28.45,26.67,27.07
73.76,2951,142.9,100,0,-0.9,3,6289,0,0.04,102.1,102.7,82,84.5,28.24,28.45,26.67,27.07
73.8,2953,143,100,0,-0.4,3,6291,0,0.04,102,102.7,81.9,84.4,28.24,28.45,26.67,27.07
73.84,2954,143,100,0,0.4,3,6294,-0.03,0.04,102,102.7,81.9,84.4,28.24,28.45,26.67,27.07
73.88,2956,143.1,100,0,-0.5,3,6296,0.02,0.04,102,102.7,81.9,84.4,28.24,28.45,26.67,27.07
73.92,2958,143.2,100,0,-0.5,3,6299,0.02,0.04,102,102.6,81.9,84.4,28.24,28.45,26.67,27.07
73.96,2959,143.2,100,0,-0.3,3,6301,-0.01,0.04,102,102.6,81.9,84.4,28.24,28.45,26.67,27.07
74,2961,143.3,100,0,-0.1,3,6304,0,0.04,102,102.6,81.9,84.4,28.24,28.45,26.67,27.07
74.04,2962,143.3,100,0,-0.5,3,6306,0.03,0.04,102,102.6,81.9,84.4,28.24,28.45,26.67,27.07
74.08,2964,143.4,100,0,0.8,3,6309,0.01,0.04,102,102.6,81.9,84.4,28.24,28.45,26.66,27.06
74.12,2966,143.4,100,0,-0.4,3,6311,-0.01,0.04,101.9,102.6,81.9,84.4,28.24,28.44,26.66,27.06
74.16,2967,143.5,100,0,-0.5,3,6314,-0.02,0.04,101.9,102.6,81.8,84.3,28.24,28.44,26.66,27.06
74.2,2969,143.6,100,0,0.2,3,6316,0.02,0.04,101.9,102.6,81.8,84.3,28.23,28.44,26.66,27.06
74.24,2970,143.6,100,0,0.5,3,6319,0,0.04,101.9,102.6,81.8,84.3,28.23,28.44,26.66,27.06
74.28,2972,143.7,100,0,-0.3,3,6322,0.04,0.04,101.9,102.5,81.8,84.3,28.23,28.44,26.66,27.06
74.32,2974,143.7,100,0,0.3,3,6324,0,0.04,101.9,102.5,81.8,84.3,28.23,28.44,26.66,27.06
74.36,2975,143.8,100,0,-0.1,3,6327,0,0.04,101.9,102.5,81.8,84.3,28.23,28.44,26.66,27.06
74.4,2977,143.8,100,0,-0.1,3,6329,-0.02,0.04,101.9,102.5,81.8,84.3,28.23,28.44,26.66,27.06
74.44,2978,143.9,100,0,0.6,3,6332,0,0.04,101.9,102.5,81.8,84.3,28.23,28.44,26.66,27.06
74.48,2980,144,100,0,0.4,3,6334,0.01,0.04,101.8,102.5,81.7,84.2,28.23,28.44,26.66,27.06
74.52,2982,144,100,0,0,3,6337,0,0.04,101.8,102.5,81.7,84.2,28.23,28.44,26.65,27.05
74.56,2983,144.1,100,0,-0.2,3,6339,-0.03,0.04,101.8,102.5,81.7,84.2,28.23,28.43,26.65,27.05
74.6,2985,144.1,100,0,0.6,3,6342,0,0.04,101.8,102.4,81.7,84.2,28.23,28.43,26.65,27.05
74.64,2986,144.2,100,0,0,3,6344,0,0.04,101.8,102.4,81.7,84.2,28.22,28.43,26.65,27.05
74.68,2988,144.2,100,0,0.1,3,6347,0,0.04,101.8,102.4,81.7,84.2,28.22,28.43,26.65,27.05
74.72,2990,144.3,100,0,-0.3,3,6349,0.02,0.04,101.8,102.4,81.7,84.2,28.22,28.43,26.65,27.05
74.76,2991,144.4,100,0,-0.2,3,6352,-0.02,0.04,101.8,102.4,81.7,84.2,28.22,28.43,26.65,27.05
74.8,2993,144.4,100,0,-0.8,3,6354,-0.02,0.04,101.7,102.4,81.6,84.1,28.22,28.43,26.65,27.05
74.84,2994,144.5,100,0,0.6,3,6357,-0.01,0.04,101.7,102.4,81.6,84.1,28.22,28.43,26.65,27.05
74.88,2996,144.5,100,0,-0.1,3,6360,0.01,0.04,101.7,102.4,81.6,84.1,28.22,28.43,26.65,27.05
74.92,2998,144.6,100,0,0.1,3,6362,-0.05,0.04,101.7,102.3,81.6,84.1,28.22,28.43,26.65,27.05
74.96,2999,144.6,100,0,0.6,3,6365,-0.02,0.04,101.7,102.3,81.6,84.1,28.22,28.43,26.65,27.05
75,3001,144.7,100,0,0.2,3,6367,0.03,0.04,101.7,102.3,81.6,84.1,28.22,28.42,26.64,27.04
75.04,3002,144.8,100,0,0.6,3,6370,0.03,0.04,101.7,102.3,81.6,84.1,28.22,28.42,26.64,27.04
75.08,3004,144.8,100,0,0.1,3,6372,-0.03,0.04,101.7,102.3,81.6,84.1,28.21,28.42,26.64,27.04
75.12,3006,144.9,100,0,-0.4,3,6375,-0.03,0.04,101.6,102.3,81.6,84.1,28.21,28.42,26.64,27.04
75.16,3007,144.9,100,0,-0.6,3,6377,0,0.04,101.6,102.3,81.5,84,28.21,28.42,26.64,27.04
75.2,3009,145,100,0,-0.8,3,6380,0,0.04,101.6,102.3,81.5,84,28.21,28.42,26.64,27.04
75.24,3010,145.1,100,0,0.4,3,6382,-0.02,0.04,101.6,102.3,81.5,84,28.21,28.42,26.64,27.04
75.28,3012,145.1,100,0,-0.1,3,6385,-0.01,0.04,101.6,102.2,81.5,84,28.21,28.42,26.64,27.04
75.32,3014,145.2,100,0,-0.7,3,6387,0.01,0.04,101.6,102.2,81.5,84,28.21,28.42,26.64,27.04
75.36,3015,145.2,100,0,0.2,3,6390,0,0.04,101.6,102.2,81.5,84,28.21,28.42,26.64,27.04
75.4,3017,145.3,100,0,-0.2,3,6392,0,0.04,101.6,102.2,81.5,84,28.21,28.42,26.64,27.04
75.44,3019,145.3,100,0,-0.1,3,6395,0,0.04,101.6,102.2,81.5,84,28.21,28.41,26.63,27.03
75.48,3020,145.4,100,0,0.4,3,6398,0.02,0.04,101.5,102.2,81.4,83.9,28.21,28.41,26.63,27.03
75.52,3022,145.5,100,0,0,3,6400,-0.01,0.04,101.5,102.2,81.4,83.9,28.2,28.41,26.63,27.03
75.56,3023,145.5,100,0,0.6,3,6403,0.02,0.04,101.5,102.2,81.4,83.9,28.2,28.41,26.63,27.03
75.6,3025,145.6,100,0,0.5,3,6405,-0.01,0.04,101.5,102.1,81.4,83.9,28.2,28.41,26.63,27.03
75.64,3027,145.6,100,0,-0.4,3,6408,0.01,0.04,101.5,102.1,81.4,83.9,28.2,28.41,26.63,27.03
75.68,3028,145.7,100,0,0,3,6410,-0.01,0.04,101.5,102.1,81.4,83.9,28.2,28.41,26.63,27.03
75.72,3030,145.7,100,0,-0.2,3,6413,0,0.04,101.5,102.1,81.4,83.9,28.2,28.41,26.63,27.03
75.76,3031,145.8,100,0,-0.6,3,6415,-0.01,0.04,101.5,102.1,81.4,83.9,28.2,28.41,26.63,27.03
75.8,3033,145.9,100,0,-0.3,3,6418,0,0.04,101.4,102.1,81.3,83.8,28.2,28.41,26.63,27.03
75.84,3035,145.9,100,0,-0.4,3,6420,0.02,0.04,101.4,102.1,81.3,83.8,28.2,28.41,26.63,27.03
75.88,3036,146,100,0,0,3,6423,-0.01,0.04,101.4,102.1,81.3,83.8,28.2,28.4,26.62,27.02
75.92,3038,146,100,0,-0.5,3,6425,-0.04,0.04,101.4,102,81.3,83.8,28.2,28.4,26.62,27.02
75.96,3040,146.1,100,0,-0.3,3,6428,-0.03,0.04,101.4,102,81.3,83.8,28.19,28.4,26.62,27.02
76,3041,146.1,100,0,0.1,3,6430,0,0.04,101.4,102,81.3,83.8,28.19,28.4,26.62,27.02
76.04,3043,146.2,100,0,0.3,3,6433,-0.01,0.04,101.4,102,81.3,83.8,28.19,28.4,26.62,27.02
76.08,3044,146.3,100,0,-0.8,3,6436,-0.02,0.04,101.4,102,81.3,83.8,28.19,28.4,26.62,27.02
76.12,3046,146.3,100,0,1.1,3,6438,-0.01,0.04,101.3,102,81.3,83.8,28.19,28.4,26.62,27.02
76.16,3048,146.4,100,0,0.5,3,6441,0.03,0.04,101.3,102,81.2,83.7,28.19,28.4,26.62,27.02
76.2,3049,146.4,100,0,0.3,3,6443,0,0.04,101.3,102,81.2,83.7,28.19,28.4,26.62,27.02
76.24,3051,146.5,100,0,-0.2,3,6446,-0.02,0.04,101.3,102,81.2,83.7,28.19,28.4,26.62,27.02
76.28,3053,146.6,100,0,-0.2,3,6448,-0.02,0.04,101.3,101.9,81.2,83.7,28.19,28.4,26.62,27.02
76.32,3054,146.6,100,0,0.4,3,6451,-0.01,0.04,101.3,101.9,81.2,83.7,28.19,28.39,26.61,27.01
76.36,3056,146.7,100,0,0.1,3,6453,0,0.04,101.3,101.9,81.2,83.7,28.19,28.39,26.61,27.01
76.4,3057,146.7,100,0,-0.1,3,6456,0.02,0.04,101.3,101.9,81.2,83.7,28.18,28.39,26.61,27.01
76.44,3059,146.8,100,0,0.1,3,6458,0.03,0.04,101.3,101.9,81.2,83.7,28.18,28.39,26.61,27.01
76.48,3061,146.8,100,0,-0.1,3,6461,0.01,0.04,101.2,101.9,81.1,83.6,28.18,28.39,26.61,27.01
76.52,3062,146.9,100,0,-0.3,3,6463,-0.03,0.04,101.2,101.9,81.1,83.6,28.18,28.39,26.61,27.01
76.56,3064,147,100,0,-0.2,3,6466,-0.01,0.04,101.2,101.9,81.1,83.6,28.18,28.39,26.61,27.01
76.6,3066,147,100,0,0.1,3,6468,0.03,0.04,101.2,101.8,81.1,83.6,28.18,28.39,26.61,27.01
76.64,3067,147.1,100,0,-0.3,3,6471,-0.02,0.04,101.2,101.8,81.1,83.6,28.18,28.39,26.61,27.01
76.68,3069,147.1,100,0,-0.7,3,6474,-0.04,0.04,101.2,101.8,81.1,83.6,28.18,28.39,26.61,27.01
76.72,3071,147.2,100,0,0.2,3,6476,0,0.04,101.2,101.8,81.1,83.6,28.18,28.39,26.61,27.01
76.76,3072,147.2,100,0,0,3,6479,-0.01,0.04,101.2,101.8,81.1,83.6,28.18,28.38,26.6,27
76.8,3074,147.3,100,0,0.1,3,6481,0.01,0.04,101.1,101.8,81,83.5,28.18,28.38,26.6,27
76.84,3075,147.4,100,0,0.2,3,6484,0.04,0.04,101.1,101.8,81,83.5,28.17,28.38,26.6,27
76.88,3077,147.4,100,0,0.2,3,6486,-0.02,0.04,101.1,101.8,81,83.5,28.17,28.38,26.6,27
76.92,3079,147.5,100,0,0.2,3,6489,0,0.04,101.1,101.7,81,83.5,28.17,28.38,26.6,27
76.96,3080,147.5,100,0,0.1,3,6491,-0.01,0.04,101.1,101.7,81,83.5,28.17,28.38,26.6,27
77,3082,147.6,100,0,0.3,3,6494,-0.02,0.04,101.1,101.7,81,83.5,28.17,28.38,26.6,27
77.04,3084,147.6,100,0,0,3,6496,0,0.04,101.1,101.7,81,83.5,28.17,28.38,26.6,27
77.08,3085,147.7,100,0,-0.6,3,6499,0,0.04,101.1,101.7,81,83.5,28.17,28.38,26.6,27
77.12,3087,147.8,100,0,-0.2,3,6501,-0.01,0.04,101,101.7,81,83.5,28.17,28.38,26.6,27
77.16,3089,147.8,100,0,-0.2,3,6504,0.01,0.04,101,101.7,81,83.5,28.17,28.38,26.6,27
77.2,3090,147.9,100,0,0.2,3,6507,-0.02,0.04,101,101.7,81,83.5,28.17,28.37,26.6,27
77.24,3092,147.9,100,0,0.2,3,6509,-0.03,0.04,101,101.7,81,83.5,28.17,28.37,26.6,27
77.28,3093,148,100,0,0.1,3,6512,0,0.04,101,101.6,81,83.5,28.17,28.37,26.6,27
77.32,3095,148,100,0,-0.4,3,6514,0.01,0.04,101,101.6,81,83.5,28.16,28.37,26.6,27
77.36,3097,148.1,100,0,0.2,3,6517,0,0.04,101,101.6,81,83.5,28.16,28.37,26.6,27
77.4,3098,148.2,100,0,0.2,3,6519,0,0.04,101,101.6,81,83.5,28.16,28.37,26.6,27
77.44,3100,148.2,100,0,0,3,6522,0,0.04,101,101.6,81,83.5,28.16,28.37,26.6,27
77.48,3102,148.3,100,0,-0.4,3,6524,0.04,0.04,100.9,101.6,81,83.5,28.16,28.37,26.6,27
77.52,3103,148.3,100,0,0.3,3,6527,0,0.04,100.9,101.6,81,83.5,28.16,28.37,26.6,27
77.56,3105,148.4,100,0,0.4,3,6529,-0.01,0.04,100.9,101.6,81,83.5,28.16,28.37,26.6,27
77.6,3107,148.5,100,0,0.1,3,6532,0.02,0.04,100.9,101.5,81,83.5,28.16,28.37,26.6,27
77.64,3108,148.5,100,0,0.6,3,6534,-0.01,0.04,100.9,101.5,81,83.5,28.16,28.36,26.6,27
77.68,3110,148.6,100,0,-0.6,3,6537,0,0.04,100.9,101.5,81,83.5,28.16,28.36,26.6,27
77.72,3112,148.6,100,0,-1.2,3,6539,-0.01,0.04,100.9,101.5,81,83.5,28.16,28.36,26.6,27
77.76,3113,148.7,100,0,0.1,3,6542,-0.04,0.04,100.9,101.5,81,83.5,28.15,28.36,26.6,27
77.8,3115,148.7,100,0,0.3,3,6545,-0.01,0.04,100.8,101.5,81,83.5,28.15,28.36,26.6,27
77.84,3117,148.8,100,0,-0.1,3,6547,0.01,0.04,100.8,101.5,81,83.5,28.15,28.36,26.6,27
77.88,3118,148.9,100,0,-0.6,3,6550,-0.01,0.04,100.8,101.5,81,83.5,28.15,28.36,26.6,27
77.92,3120,148.9,100,0,-0.1,3,6552,0.02,0.04,100.8,101.4,81,83.5,28.15,28.36,26.6,27
77.96,3122,149,100,0,0.4,3,6555,-0.01,0.04,100.8,101.4,81,83.5,28.15,28.36,26.6,27
78,3123,149,100,0,-0.5,3,6557,0.02,0.04,100.8,101.4,81,83.5,28.15,28.36,26.6,27
78.04,3125,149.1,100,0,-0.2,3,6560,-0.01,0.04,100.8,101.4,81,83.5,28.15,28.36,26.6,27
78.08,3126,149.1,100,0,0.9,3,6562,0,0.04,100.8,101.4,81,83.5,28.15,28.36,26.6,27
78.12,3128,149.2,100,0,-0.3,3,6565,0.01,0.04,100.7,101.4,81,83.5,28.15,28.35,26.6,27
78.16,3130,149.3,100,0,-0.2,3,6567,0.01,0.04,100.7,101.4,81,83.5,28.15,28.35,26.6,27
78.2,3131,149.3,100,0,-0.2,3,6570,0.01,0.04,100.7,101.4,81,83.5,28.14,28.35,26.6,27
78.24,3133,149.4,100,0,-0.3,3,6572,0.03,0.04,100.7,101.4,81,83.5,28.14,28.35,26.6,27
78.28,3135,149.4,100,0,0,3,6575,0,0.04,100.7,101.3,81,83.5,28.14,28.35,26.6,27
78.32,3136,149.5,100,0,-0.5,3,6577,0.02,0.04,100.7,101.3,81,83.5,28.14,28.35,26.6,27
78.36,3138,149.5,100,0,0,3,6580,-0.03,0.04,100.7,101.3,81,83.5,28.14,28.35,26.6,27
78.4,3140,149.6,100,0,-0.7,3,6583,-0.02,0.04,100.7,101.3,81,83.5,28.14,28.35,26.6,27
78.44,3141,149.7,100,0,1,3,6585,-0.02,0.04,100.7,101.3,81,83.5,28.14,28.35,26.6,27
78.48,3143,149.7,100,0,0.5,3,6588,-0.03,0.04,100.6,101.3,81,83.5,28.14,28.35,26.6,27
78.52,3145,149.8,100,0,0.2,3,6590,0.01,0.04,100.6,101.3,81,83.5,28.14,28.35,26.6,27
78.56,3146,149.8,100,0,0.4,3,6593,0,0.04,100.6,101.3,81,83.5,28.14,28.34,26.6,27
78.6,3148,149.9,100,0,0.3,3,6595,-0.03,0.04,100.6,101.2,81,83.5,28.14,28.34,26.6,27
78.64,3150,149.9,100,0,0.2,3,6598,0.01,0.04,100.6,101.2,81,83.5,28.13,28.34,26.6,27
78.68,3151,150,100,0,-0.2,3,6600,0,0.04,100.6,101.2,81,83.5,28.13,28.34,26.6,27
78.72,3153,150.1,100,0,0.3,3,6603,-0.02,0.04,100.6,101.2,81,83.5,28.13,28.34,26.6,27
78.76,3155,150.1,100,0,0,3,6605,-0.01,0.04,100.6,101.2,81,83.5,28.13,28.34,26.6,27
78.8,3156,150.2,100,0,0.4,3,6608,0.03,0.04,100.5,101.2,81,83.5,28.13,28.34,26.6,27
78.84,3158,150.2,100,0,-0.9,3,6610,0,0.04,100.5,101.2,81,83.5,28.13,28.34,26.6,27
78.88,3160,150.3,100,0,0.2,3,6613,0.01,0.04,100.5,101.2,81,83.5,28.13,28.34,26.6,27
78.92,3161,150.4,100,0,-0.5,3,6615,0.02,0.04,100.5,101.1,81,83.5,28.13,28.34,26.6,27
78.96,3163,150.4,100,0,0.1,3,6618,-0.02,0.04,100.5,101.1,81,83.5,28.13,28.34,26.6,27
79,3165,150.5,100,0,-0.1,3,6621,0.03,0.04,100.5,101.1,81,83.5,28.13,28.33,26.6,27
79.04,3166,150.5,100,0,-0.2,3,6623,-0.03,0.04,100.5,101.1,81,83.5,28.13,28.33,26.6,27
79.08,3168,150.6,100,0,0,3,6626,-0.02,0.04,100.5,101.1,81,83.5,28.12,28.33,26.6,27
79.12,3170,150.6,100,0,-0.5,3,6628,0,0.04,100.4,101.1,81,83.5,28.12,28.33,26.6,27
79.16,3171,150.7,100,0,-0.3,3,6631,-0.01,0.04,100.4,101.1,81,83.5,28.12,28.33,26.6,27
79.2,3173,150.8,100,0,0.4,3,6633,-0.01,0.04,100.4,101.1,81,83.5,28.12,28.33,26.6,27
79.24,3175,150.8,100,0,-0.4,3,6636,0.01,0.04,100.4,101.1,81,83.5,28.12,28.33,26.6,27
79.28,3176,150.9,100,0,-0.1,3,6638,0,0.04,100.4,101,81,83.5,28.12,28.33,26.6,27
79.32,3178,150.9,100,0,-0.4,3,6641,-0.04,0.04,100.4,101,81,83.5,28.12,28.33,26.6,27
79.36,3180,151,100,0,0.1,3,6643,0.01,0.04,100.4,101,81,83.5,28.12,28.33,26.6,27
79.4,3182,151,100,0,0.4,3,6646,0,0.04,100.4,101,81,83.5,28.12,28.33,26.6,27
79.44,3183,151.1,100,0,0.3,3,6648,-0.01,0.04,100.4,101,81,83.5,28.12,28.32,26.6,27
79.48,3185,151.2,100,0,0.1,3,6651,-0.02,0.04,100.3,101,81,83.5,28.12,28.32,26.6,27
79.52,3187,151.2,100,0,-0.9,3,6654,-0.02,0.04,100.3,101,81,83.5,28.11,28.32,26.6,27
79.56,3188,151.3,100,0,0.4,3,6656,-0.01,0.04,100.3,101,81,83.5,28.11,28.32,26.6,27
79.6,3190,151.3,100,0,-0.9,3,6659,0,0.04,100.3,100.9,81,83.5,28.11,28.32,26.6,27
79.64,3192,151.4,100,0,-0.1,3,6661,0,0.04,100.3,100.9,81,83.5,28.11,28.32,26.6,27
79.68,3193,151.4,100,0,0,3,6664,0.01,0.04,100.3,100.9,81,83.5,28.11,28.32,26.6,27
79.72,3195,151.5,100,0,0.6,3,6666,0,0.04,100.3,100.9,81,83.5,28.11,28.32,26.6,27
79.76,3197,151.6,100,0,0.1,3,6669,0.02,0.04,100.3,100.9,81,83.5,28.11,28.32,26.6,27
79.8,3198,151.6,100,0,0.2,3,6671,-0.03,0.04,100.2,100.9,81,83.5,28.11,28.32,26.6,27
79.84,3200,151.7,100,0,0.7,3,6674,0.04,0.04,100.2,100.9,81,83.5,28.11,28.32,26.6,27
79.88,3202,151.7,100,0,0.1,3,6676,0.02,0.04,100.2,100.9,81,83.5,28.11,28.31,26.6,27
79.92,3203,151.8,100,0,-0.4,3,6679,0,0.04,100.2,100.8,81,83.5,28.11,28.31,26.6,27
79.96,3205,151.8,100,0,-0.1,3,6681,-0.01,0.04,100.2,100.8,81,83.5,28.1,28.31,26.6,27
80,3207,151.9,100,0,-0.6,3,6684,0,0.04,100.2,100.8,81,83.5,28.1,28.31,26.6,27
80.04,3208,152,100,0,0.2,3,6686,0.02,0.04,100.2,100.8,81,83.5,28.1,28.31,26.6,27
80.08,3210,152,100,0,-0.1,3,6689,0.03,0.04,100.2,100.8,81,83.5,28.1,28.31,26.6,27
80.12,3212,152.1,100,0,-0.4,3,6692,0,0.04,100.1,100.8,81,83.5,28.1,28.31,26.6,27
80.16,3213,152.1,100,0,-0.4,3,6694,-0.03,0.04,100.1,100.8,81,83.5,28.1,28.31,26.6,27
80.2,3215,152.2,100,0,0.3,3,6697,-0.02,0.04,100.1,100.8,81,83.5,28.1,28.31,26.6,27
80.24,3217,152.3,100,0,-0.4,3,6699,0.01,0.04,100.1,100.8,81,83.5,28.1,28.31,26.6,27
80.28,3219,152.3,100,0,-0.5,3,6702,0.01,0.04,100.1,100.7,81,83.5,28.1,28.31,26.6,27
80.32,3220,152.4,100,0,0.1,3,6704,-0.05,0.04,100.1,100.7,81,83.5,28.1,28.3,26.6,27
80.36,3222,152.4,100,0,0.4,3,6707,0,0.04,100.1,100.7,81,83.5,28.1,28.3,26.6,27
80.4,3224,152.5,100,0,0,3,6709,0.03,0.04,100.1,100.7,81,83.5,28.09,28.3,26.6,27
80.44,3225,152.5,100,0,-0.3,3,6712,0.02,0.04,100.1,100.7,81,83.5,28.09,28.3,26.6,27
80.48,3227,152.6,100,0,0.3,3,6714,0.02,0.04,100,100.7,81,83.5,28.09,28.3,26.6,27
80.52,3229,152.7,100,0,0.1,3,6717,0,0.04,100,100.7,81,83.5,28.09,28.3,26.6,27
80.56,3230,152.7,100,0,0.1,3,6719,-0.01,0.04,100,100.7,81,83.5,28.09,28.3,26.6,27
80.6,3232,152.8,100,0,0,3,6722,0,0.04,100,100.6,81,83.5,28.09,28.3,26.6,27
80.64,3234,152.8,100,0,0.4,3,6724,0,0.04,100,100.6,81,83.5,28.09,28.3,26.6,27
80.68,3236,152.9,100,0,0.5,3,6727,-0.01,0.04,100,100.6,81,83.5,28.09,28.3,26.6,27
80.72,3237,152.9,100,0,0.1,3,6730,0.01,0.04,100,100.6,81,83.5,28.09,28.3,26.6,27
80.76,3239,153,100,0,0.1,3,6732,-0.01,0.04,100,100.6,81,83.5,28.09,28.29,26.6,27
80.8,3241,152.9,0,2,-0.6,3,6729,0,-1.85,100,100.7,81,83.5,28.09,28.3,26.6,27
80.84,3242,152.7,0,9,-0.5,3,6718,0,-1.85,100,100.8,81,83.5,28.09,28.31,26.6,27
80.88,3244,152.2,0,15,1.8,3,6698,0,-1.85,100.1,101,81,83.5,28.1,28.32,26.6,27
80.92,3246,151.6,0,21,-0.8,3,6670,0,-1.85,100.1,101.1,81,83.5,28.1,28.33,26.6,27
80.96,3247,150.8,0,27,-1.8,3,6634,0,-1.85,100.2,101.2,81,83.5,28.1,28.34,26.6,27
81,3249,149.8,0,34,-0.3,3,6590,0,-1.85,100.2,101.3,81,83.5,28.1,28.35,26.6,27
81.04,3251,148.6,0,40,0,3,6537,0,-1.85,100.2,101.4,81,83.5,28.11,28.36,26.6,27
81.08,3252,147.2,0,46,-1,3,6476,0,-1.85,100.3,101.6,81,83.5,28.11,28.37,26.6,27
81.12,3254,145.6,0,52,-0.3,3,6407,0,-1.85,100.3,101.7,81,83.5,28.11,28.38,26.6,27
81.16,3256,143.9,0,58,0,3,6331,0,-1.85,100.4,101.8,81,83.5,28.12,28.38,26.6,27
81.2,3257,142,0,64,-0.9,3,6246,0,-1.85,100.4,101.9,81,83.5,28.12,28.39,26.6,27
81.24,3259,139.9,0,70,-1.3,3,6154,0,-1.85,100.4,102,81,83.5,28.12,28.4,26.6,27
81.28,3260,137.6,0,75,-0.3,3,6055,0,-1.85,100.5,102.2,81,83.5,28.13,28.41,26.6,27
81.32,3262,135.2,0,81,-0.3,3,5948,0,-1.85,100.5,102.3,81,83.5,28.13,28.42,26.6,27
81.36,3263,132.6,0,87,-1.6,2,7557,0,-1.85,100.6,102.4,81,83.5,28.13,28.43,26.6,27
81.4,3265,129.8,0,92,0.7,2,7399,0,-1.85,100.6,102.5,81,83.5,28.13,28.44,26.6,27
81.44,3266,126.9,0,97,-0.7,2,7233,0,-1.85,100.6,102.6,81,83.5,28.14,28.45,26.6,27
81.48,3268,123.9,0,100,-0.6,2,7062,0,-1.85,100.7,102.8,81,83.5,28.14,28.46,26.6,27
81.52,3269,120.9,0,100,0.3,2,6891,0,-1.85,100.7,102.9,81,83.5,28.14,28.47,26.6,27
81.56,3270,117.9,0,100,-0.3,2,6720,0,-1.85,100.8,103,81,83.5,28.15,28.47,26.6,27
81.6,3272,114.9,0,100,-0.2,2,6549,0,-1.85,100.8,103.1,81,83.5,28.15,28.48,26.6,27
81.64,3273,111.9,0,100,-0.3,2,6378,0,-1.85,100.8,103.2,81,83.5,28.15,28.49,26.6,27
81.68,3274,108.9,0,100,1.2,2,6207,0,-1.85,100.9,103.4,81,83.5,28.16,28.5,26.6,27
81.72,3275,105.9,0,100,0.5,2,6036,0,-1.85,100.9,103.5,81,83.5,28.16,28.51,26.6,27
81.76,3277,102.9,0,100,-0.1,2,5865,0,-1.85,101,103.6,81,83.5,28.16,28.52,26.6,27
81.8,3278,99.9,0,100,-0.9,2,5694,0,-1.85,101,103.7,81,83.5,28.16,28.53,26.6,27
81.84,3279,96.9,0,100,-0.1,2,5523,0,-1.85,101,103.8,81,83.5,28.17,28.54,26.6,27
81.88,3280,93.9,0,100,0.7,1,7324,0,-1.85,101.1,104,81,83.5,28.17,28.55,26.6,27
81.92,3281,90.9,0,100,-0.9,1,7090,0,-1.85,101.1,104.1,81,83.5,28.17,28.56,26.6,27
81.96,3282,88,0,100,-0.1,1,6864,0,-1.85,101.2,104.2,81,83.5,28.18,28.56,26.6,27
82,3283,88,0,100,-0.1,1,6864,0,-1.85,101.2,104.3,81,83.5,28.18,28.57,26.6,27
82.04,3284,88,0,100,-0.1,1,6864,0,-1.85,101.2,104.4,81,83.5,28.18,28.58,26.6,27
82.08,3285,88,0,100,-0.1,1,6864,0,-1.85,101.3,104.6,81,83.5,28.19,28.59,26.6,27
82.12,3286,88,0,100,0.3,1,6864,0,-1.85,101.3,104.7,81,83.5,28.19,28.6,26.6,27
82.16,3287,88,0,100,-0.1,1,6864,0,-1.85,101.4,104.8,81,83.5,28.19,28.61,26.6,27
82.2,3288,88,0,100,-0.7,1,6864,0,-1.85,101.4,104.9,81,83.5,28.19,28.62,26.6,27
82.24,3289,88,0,100,-0.7,1,6864,0,-1.85,101.4,105,81,83.5,28.2,28.63,26.6,27
82.28,3290,88,0,100,0.3,1,6864,0,-1.85,101.5,105.2,81,83.5,28.2,28.64,26.6,27
82.32,3291,88,0,100,-0.4,1,6864,0,-1.85,101.5,105.3,81,83.5,28.2,28.65,26.6,27
82.36,3292,88,0,100,-0.9,1,6864,0,-1.85,101.6,105.4,81,83.5,28.21,28.65,26.6,27
82.4,3293,88,0,100,1,1,6864,0,-1.85,101.6,105.5,81,83.5,28.21,28.66,26.6,27
82.44,3294,88,0,100,0.3,1,6864,0,-1.85,101.6,105.6,81,83.5,28.21,28.67,26.6,27
82.48,3295,88,0,100,0.2,1,6864,0,-1.85,101.7,105.8,81,83.5,28.22,28.68,26.6,27
82.52,3296,88,0,100,0.9,1,6864,0,-1.85,101.7,105.9,81,83.5,28.22,28.69,26.6,27
82.56,3297,88,0,100,0.9,1,6864,0,-1.85,101.8,106,81,83.5,28.22,28.7,26.6,27
82.6,3298,88,0,100,-0.1,1,6864,0,-1.85,101.8,106.1,81,83.5,28.22,28.71,26.6,27
82.64,3299,88,0,100,-0.1,1,6864,0,-1.85,101.8,106.2,81,83.5,28.23,28.72,26.6,27
82.68,3300,88,0,100,-0.8,1,6864,0,-1.85,101.9,106.4,81,83.5,28.23,28.73,26.6,27
82.72,3301,88,0,100,-1.3,1,6864,0,-1.85,101.9,106.5,81,83.5,28.23,28.74,26.6,27
82.76,3302,88,0,100,-0.5,1,6864,0,-1.85,102,106.6,81,83.5,28.24,28.74,26.6,27
82.8,3303,88,0,100,0,1,6864,0,-1.85,102,106.7,81,83.5,28.24,28.75,26.6,27
82.84,3304,88,0,100,-0.7,1,6864,0,-1.85,102,106.8,81,83.5,28.24,28.76,26.6,27
82.88,3305,88,0,100,0.3,1,6864,0,-1.85,102.1,107,81,83.5,28.25,28.77,26.6,27
82.92,3306,88,0,100,1.8,1,6864,0,-1.85,102.1,107.1,81,83.5,28.25,28.78,26.6,27
82.96,3306,88,0,100,-2,1,6864,0,-1.85,102.2,107.2,81,83.5,28.25,28.79,26.6,27
83,3307,88,0,100,-0.8,1,6864,0,-1.85,102.2,107.3,81,83.5,28.25,28.8,26.6,27
83.04,3308,88,0,100,-0.8,1,6864,0,-1.85,102.2,107.4,81,83.5,28.26,28.81,26.6,27
83.08,3309,88,0,100,-0.5,1,6864,0,-1.85,102.3,107.6,81,83.5,28.26,28.82,26.6,27
83.12,3310,88,0,100,0.6,1,6864,0,-1.85,102.3,107.7,81,83.5,28.26,28.83,26.6,27
83.16,3311,88,0,100,-0.2,1,6864,0,-1.85,102.4,107.8,81,83.5,28.27,28.83,26.6,27
83.2,3312,88,0,100,-0.8,1,6864,0,-1.85,102.4,107.9,81,83.5,28.27,28.84,26.6,27
83.24,3313,88,0,100,0.7,1,6864,0,-1.85,102.4,108,81,83.5,28.27,28.85,26.6,27
83.28,3314,88,0,100,0.5,1,6864,0,-1.85,102.5,108.2,81,83.5,28.28,28.86,26.6,27
83.32,3315,88,0,100,-0.6,1,6864,0,-1.85,102.5,108.3,81,83.5,28.28,28.87,26.6,27
83.36,3316,88,0,100,1.4,1,6864,0,-1.85,102.6,108.4,81,83.5,28.28,28.88,26.6,27
83.4,3317,88,0,100,-0.8,1,6864,0,-1.85,102.6,108.5,81,83.5,28.28,28.89,26.6,27
83.44,3318,88,0,100,0.3,1,6864,0,-1.85,102.6,108.6,81,83.5,28.29,28.9,26.6,27
83.48,3319,88,0,100,0.6,1,6864,0,-1.85,102.7,108.8,81,83.5,28.29,28.91,26.6,27
83.52,3320,88,0,100,0.8,1,6864,0,-1.85,102.7,108.9,81,83.5,28.29,28.92,26.6,27
83.56,3321,88,0,100,-0.6,1,6864,0,-1.4,102.8,109,81,83.5,28.3,28.92,26.6,27
83.6,3322,88,0,98,-1.7,1,6864,-0.02,-1.38,102.8,109.1,81,83.5,28.3,28.93,26.6,27
83.64,3323,88,0,97,-2.4,1,6864,-0.04,-1.37,102.8,109.2,81,83.5,28.3,28.94,26.6,27
83.68,3324,88,0,96,-3.2,1,6864,-0.06,-1.36,102.9,109.4,81,83.5,28.31,28.95,26.6,27
83.72,3325,88,0,94,-3.9,1,6864,-0.08,-1.34,102.9,109.5,81,83.5,28.31,28.96,26.6,27
83.76,3326,88,0,93,-5.9,1,6864,-0.1,-1.33,103,109.6,81,83.5,28.31,28.97,26.6,27
83.8,3327,88,0,92,-6.8,1,6864,-0.12,-1.31,103,109.7,81,83.5,28.31,28.98,26.6,27
83.84,3328,88,0,90,-7.5,1,6864,-0.13,-1.3,103,109.8,81,83.5,28.32,28.99,26.6,27
83.88,3329,88,0,89,-8.7,1,6864,-0.15,-1.29,103.1,110,81,83.5,28.32,29,26.6,27
83.92,3330,88,0,88,-10.3,1,6864,-0.17,-1.27,103.1,110.1,81,83.5,28.32,29.01,26.6,27
83.96,3331,88,0,86,-11.2,1,6864,-0.19,-1.26,103.2,110.2,81,83.5,28.33,29.01,26.6,27
84,3332,88,0,85,-12.2,1,6864,-0.21,-1.25,103.2,110.3,81,83.5,28.33,29.02,26.6,27
84.04,3333,88,0,84,-12.7,1,6864,-0.23,-1.23,103.2,110.4,81,83.5,28.33,29.03,26.6,27
84.08,3334,88,0,82,-14.8,1,6864,-0.25,-1.22,103.3,110.6,81,83.5,28.34,29.04,26.6,27
84.12,3335,88,0,81,-15.6,1,6864,-0.27,-1.2,103.3,110.7,81,83.5,28.34,29.05,26.6,27
84.16,3336,88,0,80,-15.8,1,6864,-0.28,-1.19,103.4,110.8,81,83.5,28.34,29.06,26.6,27
84.2,3337,88,0,78,-17.4,1,6864,-0.3,-1.18,103.4,110.9,81,83.5,28.34,29.07,26.6,27
84.24,3338,88,0,77,-18,1,6864,-0.32,-1.16,103.4,111,81,83.5,28.35,29.08,26.6,27
84.28,3339,88,0,76,-19.8,1,6864,-0.34,-1.15,103.5,111.2,81,83.5,28.35,29.09,26.6,27
84.32,3340,88,0,75,-20.6,1,6864,-0.36,-1.14,103.5,111.3,81,83.5,28.35,29.1,26.6,27
84.36,3341,88,0,73,-21.5,1,6864,-0.38,-1.12,103.6,111.4,81,83.5,28.36,29.1,26.6,27
84.4,3342,88,0,72,-22.9,1,6864,-0.4,-1.11,103.6,111.5,81,83.5,28.36,29.11,26.6,27
84.44,3343,88,0,71,-24.1,1,6864,-0.42,-1.09,103.6,111.6,81,83.5,28.36,29.12,26.6,27
84.48,3344,88,0,70,-24.8,1,6864,-0.44,-1.08,103.7,111.8,81,83.5,28.37,29.13,26.6,27
84.52,3345,88,0,68,-25.4,1,6864,-0.45,-1.07,103.7,111.9,81,83.5,28.37,29.14,26.6,27
84.56,3346,88,0,67,-25.8,1,6864,-0.47,-1.05,103.8,112,81,83.5,28.37,29.15,26.6,27
84.6,3347,88,0,66,-27.4,1,6864,-0.49,-1.04,103.8,112.1,81,83.5,28.37,29.16,26.6,27
84.64,3348,88,0,65,-29,1,6864,-0.51,-1.02,103.8,112.2,81,83.5,28.38,29.17,26.6,27
84.68,3349,88,0,63,-29.7,1,6864,-0.53,-1.01,103.9,112.4,81,83.5,28.38,29.18,26.6,27
84.72,3350,88,0,62,-30,1,6864,-0.55,-1,103.9,112.5,81,83.5,28.38,29.19,26.6,27
84.76,3350,88,0,61,-30.7,1,6864,-0.57,-0.98,104,112.6,81,83.5,28.39,29.19,26.6,27
84.8,3351,88,0,60,-32.3,1,6864,-0.59,-0.97,104,112.7,81,83.5,28.39,29.2,26.6,27
84.84,3352,88,0,59,-33.4,1,6864,-0.6,-0.96,104,112.8,81,83.5,28.39,29.21,26.6,27
84.88,3353,88,0,57,-33.9,1,6864,-0.62,-0.94,104.1,113,81,83.5,28.4,29.22,26.6,27
84.92,3354,88,0,56,-35.3,1,6864,-0.64,-0.93,104.1,113.1,81,83.5,28.4,29.23,26.6,27
84.96,3355,88,0,55,-36,1,6864,-0.66,-0.91,104.2,113.2,81,83.5,28.4,29.24,26.6,27
85,3356,88,0,54,-37.7,1,6864,-0.68,-0.9,104.2,113.3,81,83.5,28.4,29.25,26.6,27
85.04,3357,88,0,53,-37.9,1,6864,-0.7,-0.89,104.2,113.4,81,83.5,28.41,29.26,26.6,27
85.08,3358,88,0,52,-39.1,1,6864,-0.72,-0.87,104.3,113.6,81,83.5,28.41,29.27,26.6,27
85.12,3359,88,0,50,-40,1,6864,-0.74,-0.86,104.3,113.7,81,83.5,28.41,29.28,26.6,27
85.16,3360,88,0,49,-40.3,1,6864,-0.75,-0.84,104.4,113.8,81,83.5,28.42,29.28,26.6,27
85.2,3361,88,0,48,-41.7,1,6864,-0.77,-0.83,104.4,113.9,81,83.5,28.42,29.29,26.6,27
85.24,3362,88,0,47,-43.2,1,6864,-0.79,-0.82,104.4,114,81,83.5,28.42,29.3,26.6,27
85.28,3363,88,0,46,-43.7,1,6864,-0.81,-0.8,104.5,114.2,81,83.5,28.43,29.31,26.6,27
85.32,3364,88,0,45,-43.6,1,6864,-0.83,-0.79,104.5,114.3,81,83.5,28.43,29.32,26.6,27
85.36,3365,88,0,44,-45.8,1,6864,-0.85,-0.78,104.6,114.4,81,83.5,28.43,29.33,26.6,27
85.4,3366,88,0,43,-46.5,1,6864,-0.87,-0.76,104.6,114.5,81,83.5,28.43,29.34,26.6,27
85.44,3367,88,0,42,-46.7,1,6864,-0.89,-0.75,104.6,114.6,81,83.5,28.44,29.35,26.6,27
85.48,3368,88,0,41,-47.5,1,6864,-0.91,-0.73,104.7,114.8,81,83.5,28.44,29.36,26.6,27
85.52,3369,88,0,39,-48.1,1,6864,-0.92,-0.72,104.7,114.9,81,83.5,28.44,29.37,26.6,27
85.56,3370,88,0,38,-48.8,1,6864,-0.94,-0.71,104.8,115,81,83.5,28.45,29.37,26.6,27
85.6,3371,88,0,37,-50,1,6864,-0.96,-0.69,104.8,115.1,81,83.5,28.45,29.38,26.6,27
85.64,3372,88,0,36,-50.3,1,6864,-0.98,-0.68,104.8,115.2,81,83.5,28.45,29.39,26.6,27
85.68,3373,88,0,35,-51.6,1,6864,-1,-0.66,104.9,115.4,81,83.5,28.46,29.4,26.6,27
85.72,3374,88,0,34,-52.3,1,6864,-1.02,-0.65,104.9,115.5,81,83.5,28.46,29.41,26.6,27
85.76,3375,88,0,33,-52.8,1,6864,-1.04,-0.64,105,115.6,81,83.5,28.46,29.42,26.6,27
85.8,3376,88,0,32,-53.9,1,6864,-1.06,-0.62,105,115.7,81,83.5,28.46,29.43,26.6,27
85.84,3377,88,0,31,-54.4,1,6864,-1.07,-0.61,105,115.8,81,83.5,28.47,29.44,26.6,27
85.88,3378,88,0,30,-55,1,6864,-1.09,-0.6,105.1,116,81,83.5,28.47,29.45,26.6,27
85.92,3379,88,0,29,-56,1,6864,-1.11,-0.58,105.1,116.1,81,83.5,28.47,29.46,26.6,27
85.96,3380,88,0,28,-56,1,6864,-1.13,-0.57,105.2,116.2,81,83.5,28.48,29.46,26.6,27
86,3381,88,0,27,-57.3,1,6864,-1.15,-0.55,105.2,116.3,81,83.5,28.48,29.47,26.6,27
86.04,3382,88,0,26,-57.4,1,6864,-1.17,-0.54,105.2,116.4,81,83.5,28.48,29.48,26.6,27
86.08,3383,88,0,25,-59.3,1,6864,-1.19,-0.53,105.3,116.6,81,83.5,28.49,29.49,26.6,27
86.12,3384,88,0,25,-59.1,1,6864,-1.21,-0.51,105.3,116.7,81,83.5,28.49,29.5,26.6,27
86.16,3385,88,0,24,-59.6,1,6864,-1.22,-0.5,105.4,116.8,81,83.5,28.49,29.51,26.6,27
86.2,3386,88,0,23,-59.1,1,6864,-1.24,-0.49,105.4,116.9,81,83.5,28.49,29.52,26.6,27
86.24,3387,88,0,22,-60,1,6864,-1.26,-0.47,105.4,117,81,83.5,28.5,29.53,26.6,27
86.28,3388,88,0,21,-60.8,1,6864,-1.28,-0.46,105.5,117.2,81,83.5,28.5,29.54,26.6,27
86.32,3389,88,0,20,-61.4,1,6864,-1.3,-0.44,105.5,117.3,81,83.5,28.5,29.55,26.6,27
86.36,3390,88,0,19,-63.3,1,6864,-1.32,-0.43,105.6,117.4,81,83.5,28.51,29.55,26.6,27
86.4,3391,88,0,18,-63.2,1,6864,-1.34,-0.42,105.6,117.5,81,83.5,28.51,29.56,26.6,27
86.44,3392,88,0,17,-62.9,1,6864,-1.36,-0.4,105.6,117.6,81,83.5,28.51,29.57,26.6,27
86.48,3393,88,0,17,-63.9,1,6864,-1.38,-0.39,105.7,117.8,81,83.5,28.52,29.58,26.6,27
86.52,3394,88,0,16,-63.9,1,6864,-1.39,-0.37,105.7,117.9,81,83.5,28.52,29.59,26.6,27
86.56,3394,88,0,15,-64,1,6864,-1.41,-0.36,105.8,118,81,83.5,28.52,29.6,26.6,27
86.6,3395,88,0,14,-64.3,1,6864,-1.43,-0.35,105.8,118.1,81,83.5,28.52,29.61,26.6,27
86.64,3396,88,0,13,-65.6,1,6864,-1.45,-0.33,105.8,118.2,81,83.5,28.53,29.62,26.6,27
86.68,3397,88,0,13,-65.4,1,6864,-1.47,-0.32,105.9,118.4,81,83.5,28.53,29.63,26.6,27
86.72,3398,88,0,12,-66.1,1,6864,-1.49,-0.31,105.9,118.5,81,83.5,28.53,29.64,26.6,27
86.76,3399,88,0,11,-66.4,1,6864,-1.51,-0.29,106,118.6,81,83.5,28.54,29.64,26.6,27
86.8,3400,88,0,10,-66.9,1,6864,-1.53,-0.28,106,118.7,81,83.5,28.54,29.65,26.6,27
86.84,3401,88,0,10,-67.2,1,6864,-1.54,-0.26,106,118.8,81,83.5,28.54,29.66,26.6,27
86.88,3402,88,0,9,-66.4,1,6864,-1.56,-0.25,106.1,119,81,83.5,28.55,29.67,26.6,27
86.92,3403,88,0,8,-67.1,1,6864,-1.58,-0.24,106.1,119.1,81,83.5,28.55,29.68,26.6,27
86.96,3404,88,0,8,-66.9,1,6864,-1.6,-0.22,106.2,119.2,81,83.5,28.55,29.69,26.6,27
87,3405,88,0,7,-67.8,1,6864,-1.62,-0.21,106.2,119.3,81,83.5,28.55,29.7,26.6,27
87.04,3406,88,0,6,-67.6,1,6864,-1.64,-0.19,106.2,119.4,81,83.5,28.56,29.71,26.6,27
87.08,3407,88,0,6,-67.7,1,6864,-1.66,-0.18,106.3,119.6,81,83.5,28.56,29.72,26.6,27
87.12,3408,88,0,5,-68.9,1,6864,-1.68,-0.17,106.3,119.7,81,83.5,28.56,29.73,26.6,27
87.16,3409,88,0,5,-68.8,1,6864,-1.69,-0.15,106.4,119.8,81,83.5,28.57,29.73,26.6,27
87.2,3410,88,0,4,-69,1,6864,-1.71,-0.14,106.4,119.9,81,83.5,28.57,29.74,26.6,27
87.24,3411,88,0,3,-69.5,1,6864,-1.73,-0.13,106.4,120,81,83.5,28.57,29.75,26.6,27
87.28,3412,88,0,3,-70.2,1,6864,-1.75,-0.11,106.5,120.2,81,83.5,28.58,29.76,26.6,27
87.32,3413,88,0,2,-69.4,1,6864,-1.77,-0.1,106.5,120.3,81,83.5,28.58,29.77,26.6,27
87.36,3414,88,0,2,-70.3,1,6864,-1.79,-0.08,106.6,120.4,81,83.5,28.58,29.78,26.6,27
87.4,3415,88,0,2,-69.7,1,6864,-1.81,-0.07,106.6,120.5,81,83.5,28.58,29.79,26.6,27
87.44,3416,88,0,1,-69.3,1,6864,-1.83,-0.06,106.6,120.6,81,83.5,28.59,29.8,26.6,27
87.48,3417,88,0,1,-70,1,6864,-1.85,-0.04,106.7,120.8,81,83.5,28.59,29.81,26.6,27
87.52,3418,88,0,0,-70.6,1,6864,-1.86,-0.03,106.7,120.9,81,83.5,28.59,29.82,26.6,27
87.56,3419,88,0,0,-69.3,1,6864,-1.88,-0.02,106.8,121,81,83.5,28.6,29.82,26.6,27
87.6,3420,88,0,0,-68.7,1,6864,-1.9,0,106.8,121.1,81,83.5,28.6,29.83,26.6,27
87.64,3421,88,1,0,-70.6,1,6864,-1.94,0,106.8,121.1,81,83.5,28.6,29.83,26.6,27
87.68,3422,88,2,0,-68.9,1,6864,-1.93,0.01,106.8,121.1,81.1,83.6,28.6,29.83,26.61,27.01
87.72,3423,88,3,0,-68.1,1,6865,-1.93,0.01,106.8,121.1,81.1,83.6,28.6,29.83,26.61,27.01
87.76,3424,88,4,0,-68.9,1,6865,-1.92,0.01,106.8,121.1,81.1,83.6,28.6,29.83,26.61,27.01
87.8,3425,88,5,0,-68,1,6866,-1.91,0.02,106.8,121.1,81.2,83.7,28.6,29.83,26.61,27.01
87.84,3426,88,5,0,-68.2,1,6867,-1.9,0.02,106.8,121.1,81.2,83.7,28.6,29.83,26.62,27.02
87.88,3427,88,6,0,-67.7,1,6867,-1.89,0.02,106.8,121.1,81.2,83.7,28.6,29.83,26.62,27.02
87.92,3428,88.1,7,0,-67.6,1,6868,-1.88,0.03,106.8,121.1,81.3,83.8,28.6,29.83,26.62,27.02
87.96,3429,88.1,8,0,-66.8,1,6869,-1.87,0.03,106.8,121.1,81.3,83.8,28.6,29.83,26.62,27.02
88,3430,88.1,8,0,-66.3,1,6870,-1.87,0.03,106.8,121.1,81.3,83.8,28.6,29.83,26.63,27.03
88.04,3431,88.1,9,0,-65.9,1,6871,-1.86,0.04,106.8,121.1,81.4,83.9,28.6,29.83,26.63,27.03
88.08,3432,88.1,10,0,-65,1,6873,-1.85,0.04,106.8,121.1,81.4,83.9,28.6,29.83,26.63,27.03
88.12,3433,88.1,10,0,-65.2,1,6874,-1.84,0.05,106.8,121.1,81.5,84,28.6,29.83,26.63,27.03
88.16,3434,88.1,11,0,-64.1,1,6875,-1.83,0.05,106.8,121.1,81.5,84,28.6,29.83,26.64,27.04
88.2,3435,88.2,12,0,-64.4,1,6877,-1.82,0.05,106.8,121.1,81.5,84,28.6,29.83,26.64,27.04
88.24,3436,88.2,12,0,-63.7,1,6879,-1.82,0.06,106.8,121.1,81.6,84.1,28.6,29.83,26.64,27.04
88.28,3437,88.2,13,0,-63.1,1,6880,-1.81,0.06,106.8,121.1,81.6,84.1,28.6,29.83,26.64,27.04
88.32,3438,88.2,14,0,-63.4,1,6882,-1.8,0.06,106.8,121.1,81.6,84.1,28.6,29.83,26.65,27.05
88.36,3439,88.3,14,0,-62.6,1,6884,-1.79,0.07,106.8,121.1,81.7,84.2,28.6,29.83,26.65,27.05
88.4,3439,88.3,15,0,-62.2,1,6886,-1.78,0.07,106.8,121.1,81.7,84.2,28.6,29.83,26.65,27.05
88.44,3440,88.3,16,0,-62.4,1,6888,-1.77,0.07,106.8,121.1,81.7,84.2,28.6,29.83,26.66,27.06
88.48,3441,88.3,16,0,-61.6,1,6890,-1.76,0.08,106.8,121.1,81.8,84.3,28.6,29.83,26.66,27.06
88.52,3442,88.4,17,0,-61.5,1,6892,-1.76,0.08,106.8,121.1,81.8,84.3,28.6,29.83,26.66,27.06
88.56,3443,88.4,18,0,-61.2,1,6894,-1.75,0.08,106.8,121.1,81.8,84.3,28.6,29.83,26.66,27.06
88.6,3444,88.4,18,0,-60.3,1,6897,-1.74,0.09,106.8,121.1,81.9,84.4,28.6,29.83,26.67,27.07
88.64,3445,88.4,19,0,-59.9,1,6899,-1.73,0.09,106.8,121.1,81.9,84.4,28.6,29.83,26.67,27.07
88.68,3446,88.5,20,0,-59.4,1,6902,-1.72,0.1,106.8,121.1,81.9,84.4,28.6,29.83,26.67,27.07
88.72,3447,88.5,20,0,-58.6,1,6904,-1.71,0.1,106.8,121.1,82,84.5,28.6,29.83,26.67,27.07
88.76,3448,88.5,21,0,-59,1,6907,-1.7,0.1,106.8,121.1,82,84.5,28.6,29.83,26.68,27.08
88.8,3449,88.6,21,0,-59,1,6910,-1.7,0.11,106.8,121.1,82,84.5,28.6,29.83,26.68,27.08
88.84,3450,88.6,22,0,-58.3,1,6912,-1.69,0.11,106.8,121.1,82.1,84.6,28.6,29.83,26.68,27.08
88.88,3451,88.7,23,0,-58.1,1,6915,-1.68,0.11,106.8,121.1,82.1,84.6,28.6,29.83,26.68,27.08
88.92,3452,88.7,23,0,-57.5,1,6918,-1.67,0.12,106.8,121.1,82.2,84.7,28.6,29.83,26.69,27.09
88.96,3453,88.7,24,0,-56.8,1,6921,-1.66,0.12,106.8,121.1,82.2,84.7,28.6,29.83,26.69,27.09
89,3454,88.8,24,0,-56.7,1,6924,-1.65,0.12,106.8,121.1,82.2,84.7,28.6,29.83,26.69,27.09
89.04,3455,88.8,25,0,-55.9,1,6928,-1.64,0.13,106.8,121.1,82.3,84.8,28.6,29.83,26.69,27.09
89.08,3456,88.9,26,0,-56.4,1,6931,-1.64,0.13,106.8,121.1,82.3,84.8,28.6,29.83,26.7,27.1
89.12,3457,88.9,26,0,-55.9,1,6934,-1.63,0.13,106.8,121.1,82.3,84.8,28.6,29.83,26.7,27.1
89.16,3458,88.9,27,0,-55.2,1,6938,-1.62,0.14,106.8,121.1,82.4,84.9,28.6,29.83,26.7,27.1
89.2,3459,89,27,0,-54.9,1,6941,-1.61,0.14,106.8,121.1,82.4,84.9,28.6,29.83,26.7,27.1
89.24,3460,89,28,0,-53.9,1,6945,-1.6,0.15,106.8,121.1,82.4,84.9,28.6,29.83,26.71,27.11
89.28,3461,89.1,29,0,-54.1,1,6948,-1.59,0.15,106.8,121.1,82.5,85,28.6,29.83,26.71,27.11
89.32,3462,89.1,29,0,-54.8,1,6952,-1.58,0.15,106.8,121.1,82.5,85,28.6,29.83,26.71,27.11
89.36,3463,89.2,30,0,-52.8,1,6956,-1.58,0.16,106.8,121.1,82.5,85,28.6,29.83,26.72,27.12
89.4,3464,89.2,30,0,-52.6,1,6960,-1.57,0.16,106.8,121.1,82.6,85.1,28.6,29.83,26.72,27.12
89.44,3465,89.3,31,0,-52.4,1,6964,-1.56,0.16,106.8,121.1,82.6,85.1,28.6,29.83,26.72,27.12
89.48,3466,89.3,31,0,-52.5,1,6967,-1.55,0.17,106.8,121.1,82.6,85.1,28.6,29.83,26.72,27.12
89.52,3467,89.4,32,0,-51.9,1,6972,-1.54,0.17,106.8,121.1,82.7,85.2,28.6,29.83,26.73,27.13
89.56,3468,89.4,33,0,-51.3,1,6976,-1.53,0.17,106.8,121.1,82.7,85.2,28.6,29.83,26.73,27.13
89.6,3469,89.5,33,0,-50.9,1,6980,-1.52,0.18,106.8,121.1,82.7,85.2,28.6,29.83,26.73,27.13
89.64,3470,89.5,34,0,-50.1,1,6984,-1.52,0.18,106.8,121.1,82.8,85.3,28.6,29.83,26.73,27.13
89.68,3471,89.6,34,0,-50.2,1,6988,-1.51,0.18,106.8,121.1,82.8,85.3,28.6,29.83,26.74,27.14
89.72,3472,89.7,35,0,-49,1,6993,-1.5,0.19,106.8,121.1,82.9,85.4,28.6,29.83,26.74,27.14
89.76,3473,89.7,35,0,-49.3,1,6997,-1.49,0.19,106.8,121.1,82.9,85.4,28.6,29.83,26.74,27.14
89.8,3474,89.8,36,0,-49,1,7002,-1.48,0.2,106.8,121.1,82.9,85.4,28.6,29.83,26.74,27.14
89.84,3475,89.8,37,0,-48.8,1,7007,-1.47,0.2,106.8,121.1,83,85.5,28.6,29.83,26.75,27.15
89.88,3476,89.9,37,0,-48.4,1,7011,-1.46,0.2,106.8,121.1,83,85.5,28.6,29.83,26.75,27.15
89.92,3477,89.9,38,0,-47.8,1,7016,-1.46,0.21,106.8,121.1,83,85.5,28.6,29.83,26.75,27.15
89.96,3478,90,38,0,-47.2,1,7021,-1.45,0.21,106.8,121.1,83.1,85.6,28.6,29.83,26.75,27.15
90,3479,90.1,39,0,-48,1,7026,-1.44,0.21,106.8,121.1,83.1,85.6,28.6,29.83,26.76,27.16
90.04,3480,90.1,39,0,-46.1,1,7031,-1.43,0.22,106.8,121.1,83.1,85.6,28.6,29.83,26.76,27.16
90.08,3481,90.2,40,0,-46.6,1,7036,-1.42,0.22,106.8,121.1,83.2,85.7,28.6,29.83,26.76,27.16
90.12,3482,90.3,40,0,-45.9,1,7041,-1.41,0.22,106.8,121.1,83.2,85.7,28.6,29.83,26.77,27.17
90.16,3483,90.3,41,0,-45.9,1,7046,-1.4,0.23,106.8,121.1,83.2,85.7,28.6,29.83,26.77,27.17
90.2,3484,90.4,42,0,-45.1,1,7051,-1.39,0.23,106.8,121.1,83.3,85.8,28.6,29.83,26.77,27.17
90.24,3485,90.5,42,0,-43.9,1,7056,-1.39,0.23,106.8,121.1,83.3,85.8,28.6,29.83,26.77,27.17
90.28,3486,90.5,43,0,-44,1,7062,-1.38,0.24,106.8,121.1,83.3,85.8,28.6,29.83,26.78,27.18
90.32,3487,90.6,43,0,-43.8,1,7067,-1.37,0.24,106.8,121.1,83.4,85.9,28.6,29.83,26.78,27.18
90.36,3488,90.7,44,0,-43.4,1,7073,-1.36,0.25,106.8,121.1,83.4,85.9,28.6,29.83,26.78,27.18
90.4,3489,90.7,44,0,-43.9,1,7078,-1.35,0.25,106.8,121.1,83.4,85.9,28.6,29.83,26.78,27.18
90.44,3490,90.8,45,0,-42.6,1,7084,-1.34,0.25,106.8,121.1,83.5,86,28.6,29.83,26.79,27.19
90.48,3491,90.9,45,0,-42.3,1,7089,-1.33,0.26,106.8,121.1,83.5,86,28.6,29.83,26.79,27.19
90.52,3492,91,46,0,-42.3,1,7095,-1.32,0.26,106.8,121.1,83.6,86.1,28.6,29.83,26.79,27.19
90.56,3493,91,47,0,-41.8,1,7101,-1.32,0.26,106.8,121.1,83.6,86.1,28.6,29.83,26.79,27.19
90.6,3494,91.1,47,0,-41.9,1,7107,-1.31,0.27,106.8,121.1,83.6,86.1,28.6,29.83,26.8,27.2
90.64,3495,91.2,48,0,-41.1,1,7113,-1.3,0.27,106.8,121.1,83.7,86.2,28.6,29.83,26.8,27.2
90.68,3496,91.3,48,0,-40.2,1,7119,-1.29,0.28,106.8,121.1,83.7,86.2,28.6,29.83,26.8,27.2
90.72,3497,91.3,49,0,-39.4,1,7125,-1.28,0.28,106.8,121.1,83.7,86.2,28.6,29.83,26.8,27.2
90.76,3498,91.4,49,0,-40.4,1,7131,-1.27,0.28,106.8,121.1,83.8,86.3,28.6,29.83,26.81,27.21
90.8,3499,91.5,50,0,-39,1,7137,-1.26,0.29,106.8,121.1,83.8,86.3,28.6,29.83,26.81,27.21
90.84,3500,91.6,50,0,-38.7,1,7143,-1.25,0.29,106.8,121.1,83.8,86.3,28.6,29.83,26.81,27.21
90.88,3501,91.7,51,0,-38.8,1,7149,-1.25,0.29,106.8,121.1,83.9,86.4,28.6,29.83,26.82,27.22
90.92,3502,91.7,51,0,-37.3,1,7156,-1.24,0.3,106.8,121.1,83.9,86.4,28.6,29.83,26.82,27.22
90.96,3503,91.8,52,0,-37.9,1,7162,-1.23,0.3,106.8,121.1,83.9,86.4,28.6,29.83,26.82,27.22
91,3504,91.9,52,0,-37.7,1,7169,-1.22,0.3,106.8,121.1,84,86.5,28.6,29.83,26.82,27.22
91.04,3505,92,53,0,-37.4,1,7175,-1.21,0.31,106.8,121.1,84,86.5,28.6,29.83,26.83,27.23
91.08,3506,92.1,54,0,-36.5,1,7182,-1.2,0.31,106.8,121.1,84,86.5,28.6,29.83,26.83,27.23
91.12,3507,92.2,54,0,-36.4,1,7188,-1.19,0.32,106.8,121.1,84.1,86.6,28.6,29.83,26.83,27.23
91.16,3508,92.2,55,0,-35.4,1,7195,-1.18,0.32,106.8,121.1,84.1,86.6,28.6,29.83,26.83,27.23
91.2,3509,92.3,55,0,-35.4,1,7202,-1.18,0.32,106.8,121.1,84.1,86.6,28.6,29.83,26.84,27.24
91.24,3510,92.4,56,0,-34.5,1,7209,-1.17,0.33,106.8,121.1,84.2,86.7,28.6,29.83,26.84,27.24
91.28,3511,92.5,56,0,-34,1,7216,-1.16,0.33,106.8,121.1,84.2,86.7,28.6,29.83,26.84,27.24
91.32,3513,92.6,57,0,-33.6,1,7223,-1.15,0.33,106.8,121.1,84.3,86.8,28.6,29.83,26.84,27.24
91.36,3514,92.7,57,0,-33.5,1,7230,-1.14,0.34,106.8,121.1,84.3,86.8,28.6,29.83,26.85,27.25
91.4,3515,92.8,58,0,-33.2,1,7237,-1.13,0.34,106.8,121.1,84.3,86.8,28.6,29.83,26.85,27.25
91.44,3516,92.9,58,0,-32.1,1,7244,-1.12,0.35,106.8,121.1,84.4,86.9,28.6,29.83,26.85,27.25
91.48,3517,93,59,0,-31.6,1,7251,-1.11,0.35,106.8,121.1,84.4,86.9,28.6,29.83,26.85,27.25
91.52,3518,93.1,59,0,-32.6,1,7258,-1.1,0.35,106.8,121.1,84.4,86.9,28.6,29.83,26.86,27.26
91.56,3519,93.1,60,0,-31.8,1,7265,-1.09,0.36,106.8,121.1,84.5,87,28.6,29.83,26.86,27.26
91.6,3520,93.2,61,0,-31.2,1,7273,-1.09,0.36,106.8,121.1,84.5,87,28.6,29.83,26.86,27.26
91.64,3521,93.3,61,0,-30.3,1,7280,-1.08,0.36,106.8,121.1,84.5,87,28.6,29.83,26.87,27.27
91.68,3522,93.4,62,0,-30.7,1,7288,-1.07,0.37,106.8,121.1,84.6,87.1,28.6,29.83,26.87,27.27
91.72,3523,93.5,62,0,-29.9,1,7295,-1.06,0.37,106.8,121.1,84.6,87.1,28.6,29.83,26.87,27.27
91.76,3524,93.6,63,0,-29.3,1,7303,-1.05,0.38,106.8,121.1,84.6,87.1,28.6,29.83,26.87,27.27
91.8,3525,93.7,63,0,-29.3,1,7311,-1.04,0.38,106.8,121.1,84.7,87.2,28.6,29.83,26.88,27.28
91.84,3526,93.8,64,0,-29.2,1,7318,-1.03,0.38,106.8,121.1,84.7,87.2,28.6,29.83,26.88,27.28
91.88,3527,93.9,64,0,-28.3,1,7326,-1.02,0.39,106.8,121.1,84.7,87.2,28.6,29.83,26.88,27.28
91.92,3528,94,65,0,-28.2,1,7334,-1.01,0.39,106.8,121.1,84.8,87.3,28.6,29.83,26.88,27.28
91.96,3529,94.1,65,0,-27.2,1,7342,-1,0.39,106.8,121.1,84.8,87.3,28.6,29.83,26.89,27.29
92,3530,94.2,66,0,-27.2,1,7350,-1,0.4,106.8,121.1,84.8,87.3,28.6,29.83,26.89,27.29
92.04,3531,94.3,66,0,-27.2,1,7357,-0.99,0.4,106.8,121.1,84.9,87.4,28.6,29.83,26.89,27.29
92.08,3532,94.4,67,0,-26,1,7366,-0.98,0.41,106.8,121.1,84.9,87.4,28.6,29.83,26.89,27.29
92.12,3533,94.5,67,0,-26.4,1,7374,-0.97,0.41,106.8,121.1,85,87.5,28.6,29.83,26.9,27.3
92.16,3534,94.6,68,0,-25,1,7382,-0.96,0.41,106.8,121.1,85,87.5,28.6,29.83,26.9,27.3
92.2,3535,94.7,69,0,-25.3,1,7390,-0.95,0.42,106.8,121.1,85,87.5,28.6,29.83,26.9,27.3
92.24,3536,94.8,69,0,-25.2,1,7398,-0.94,0.42,106.8,121.1,85.1,87.6,28.6,29.83,26.9,27.3
92.28,3537,95,70,0,-25.2,1,7407,-0.93,0.42,106.8,121.1,85.1,87.6,28.6,29.83,26.91,27.31
92.32,3539,95.1,70,0,-24,2,5419,-0.92,0.43,106.8,121.1,85.1,87.6,28.6,29.83,26.91,27.31
92.36,3540,95.2,71,0,-22.9,2,5425,-0.91,0.43,106.8,121.1,85.2,87.7,28.6,29.83,26.91,27.31
92.4,3541,95.3,71,0,-23.3,2,5431,-0.9,0.44,106.8,121.1,85.2,87.7,28.6,29.83,26.91,27.31
92.44,3542,95.4,72,0,-23,2,5437,-0.9,0.44,106.8,121.1,85.2,87.7,28.6,29.83,26.92,27.32
92.48,3543,95.5,72,0,-22.5,2,5443,-0.89,0.44,106.8,121.1,85.3,87.8,28.6,29.83,26.92,27.32
92.52,3544,95.6,73,0,-22.1,2,5450,-0.88,0.45,106.8,121.1,85.3,87.8,28.6,29.83,26.92,27.32
92.56,3545,95.7,73,0,-20.7,2,5456,-0.87,0.45,106.8,121.1,85.3,87.8,28.6,29.83,26.93,27.33
92.6,3546,95.8,74,0,-21.4,2,5462,-0.86,0.45,106.8,121.1,85.4,87.9,28.6,29.83,26.93,27.33
92.64,3547,95.9,74,0,-20.9,2,5469,-0.85,0.46,106.8,121.1,85.4,87.9,28.6,29.83,26.93,27.33
92.68,3548,96.1,75,0,-20.9,2,5475,-0.84,0.46,106.8,121.1,85.4,87.9,28.6,29.83,26.93,27.33
92.72,3549,96.2,75,0,-20.3,2,5482,-0.83,0.47,106.8,121.1,85.5,88,28.6,29.83,26.94,27.34
92.76,3550,96.3,76,0,-19.2,2,5488,-0.82,0.47,106.8,121.1,85.5,88,28.6,29.83,26.94,27.34
92.8,3551,96.4,76,0,-18.6,2,5495,-0.81,0.47,106.8,121.1,85.5,88,28.6,29.83,26.94,27.34
92.84,3552,96.5,77,0,-18.6,2,5501,-0.8,0.48,106.8,121.1,85.6,88.1,28.6,29.83,26.94,27.34
92.88,3553,96.6,78,0,-18.2,2,5508,-0.79,0.48,106.8,121.1,85.6,88.1,28.6,29.83,26.95,27.35
92.92,3555,96.8,78,0,-17.9,2,5515,-0.78,0.49,106.8,121.1,85.7,88.2,28.6,29.83,26.95,27.35
92.96,3556,96.9,79,0,-17.4,2,5522,-0.77,0.49,106.8,121.1,85.7,88.2,28.6,29.83,26.95,27.35
93,3557,97,79,0,-17.1,2,5528,-0.77,0.49,106.8,121.1,85.7,88.2,28.6,29.83,26.95,27.35
93.04,3558,97.1,80,0,-16.4,2,5535,-0.76,0.5,106.8,121.1,85.8,88.3,28.6,29.83,26.96,27.36
93.08,3559,97.2,80,0,-16.3,2,5542,-0.75,0.5,106.8,121.1,85.8,88.3,28.6,29.83,26.96,27.36
93.12,3560,97.3,81,0,-15.3,2,5549,-0.74,0.51,106.8,121.1,85.8,88.3,28.6,29.83,26.96,27.36
93.16,3561,97.5,81,0,-15.2,2,5556,-0.73,0.51,106.8,121.1,85.9,88.4,28.6,29.83,26.96,27.36
93.2,3562,97.6,82,0,-14.6,2,5563,-0.72,0.51,106.8,121.1,85.9,88.4,28.6,29.83,26.97,27.37
93.24,3563,97.7,82,0,-14.3,2,5570,-0.71,0.52,106.8,121.1,85.9,88.4,28.6,29.83,26.97,27.37
93.28,3564,97.8,83,0,-13.2,2,5577,-0.7,0.52,106.8,121.1,86,88.5,28.6,29.83,26.97,27.37
93.32,3565,98,83,0,-13.2,2,5584,-0.69,0.52,106.8,121.1,86,88.5,28.6,29.83,26.98,27.38
93.36,3566,98.1,84,0,-12.8,2,5591,-0.68,0.53,106.8,121.1,86,88.5,28.6,29.83,26.98,27.38
93.4,3568,98.2,84,0,-12.5,2,5598,-0.67,0.53,106.8,121.1,86.1,88.6,28.6,29.83,26.98,27.38
93.44,3569,98.3,85,0,-12.4,2,5605,-0.66,0.54,106.8,121.1,86.1,88.6,28.6,29.83,26.98,27.38
93.48,3570,98.5,85,0,-11.8,2,5612,-0.65,0.54,106.8,121.1,86.1,88.6,28.6,29.83,26.99,27.39
93.52,3571,98.6,86,0,-11.8,2,5619,-0.64,0.54,106.8,121.1,86.2,88.7,28.6,29.83,26.99,27.39
93.56,3572,98.7,87,0,-10.8,2,5627,-0.63,0.55,106.8,121.1,86.2,88.7,28.6,29.83,26.99,27.39
93.6,3573,98.8,87,0,-10.8,2,5634,-0.62,0.55,106.8,121.1,86.2,88.7,28.6,29.83,26.99,27.39
93.64,3574,99,88,0,-10.6,2,5641,-0.61,0.56,106.8,121.1,86.3,88.8,28.6,29.83,27,27.4
93.68,3575,99.1,88,0,-10,2,5649,-0.61,0.56,106.8,121.1,86.3,88.8,28.6,29.83,27,27.4
93.72,3576,99.2,89,0,-8.8,2,5656,-0.6,0.56,106.8,121.1,86.4,88.9,28.6,29.83,27,27.4
93.76,3577,99.4,89,0,-9.1,2,5664,-0.59,0.57,106.8,121.1,86.4,88.9,28.6,29.83,27,27.4
93.8,3578,99.5,90,0,-8.1,2,5671,-0.58,0.57,106.8,121.1,86.4,88.9,28.6,29.83,27.01,27.41
93.84,3580,99.6,90,0,-7.6,2,5679,-0.57,0.58,106.8,121.1,86.5,89,28.6,29.83,27.01,27.41
93.88,3581,99.8,91,0,-6.5,2,5686,-0.56,0.58,106.8,121.1,86.5,89,28.6,29.83,27.01,27.41
93.92,3582,99.9,91,0,-7.4,2,5694,-0.55,0.58,106.8,121.1,86.5,89,28.6,29.83,27.01,27.41
93.96,3583,100,92,0,-6.5,2,5701,-0.54,0.59,106.8,121.1,86.6,89.1,28.6,29.83,27.02,27.42
94,3584,100.2,92,0,-6.2,2,5709,-0.53,0.59,106.8,121.1,86.6,89.1,28.6,29.83,27.02,27.42
94.04,3585,100.3,93,0,-5.6,2,5717,-0.52,0.6,106.8,121.1,86.6,89.1,28.6,29.83,27.02,27.42
94.08,3586,100.4,93,0,-5.5,2,5724,-0.51,0.6,106.8,121.1,86.7,89.2,28.6,29.83,27.03,27.43
94.12,3587,100.6,94,0,-5.3,2,5732,-0.5,0.6,106.8,121.1,86.7,89.2,28.6,29.83,27.03,27.43
94.16,3588,100.7,95,0,-4.6,2,5740,-0.49,0.61,106.8,121.1,86.7,89.2,28.6,29.83,27.03,27.43
94.2,3590,100.8,95,0,-3.5,2,5748,-0.48,0.61,106.8,121.1,86.8,89.3,28.6,29.83,27.03,27.43
94.24,3591,101,96,0,-3.5,2,5756,-0.47,0.62,106.8,121.1,86.8,89.3,28.6,29.83,27.04,27.44
94.28,3592,101.1,96,0,-3.6,2,5763,-0.46,0.62,106.8,121.1,86.8,89.3,28.6,29.83,27.04,27.44
94.32,3593,101.3,97,0,-2.4,2,5771,-0.45,0.62,106.8,121.1,86.9,89.4,28.6,29.83,27.04,27.44
94.36,3594,101.4,97,0,-2,2,5779,-0.44,0.63,106.8,121.1,86.9,89.4,28.6,29.83,27.04,27.44
94.4,3595,101.5,98,0,-1.9,2,5787,-0.43,0.63,106.8,121.1,86.9,89.4,28.6,29.83,27.05,27.45
94.44,3596,101.7,98,0,-2.1,2,5795,-0.42,0.64,106.8,121.1,87,89.5,28.6,29.83,27.05,27.45
94.48,3597,101.8,99,0,-0.8,2,5803,-0.41,0.64,106.8,121.1,87,89.5,28.6,29.83,27.05,27.45
94.52,3599,102,99,0,-0.6,2,5811,-0.4,0.64,106.8,121.1,87.1,89.6,28.6,29.83,27.05,27.45
94.56,3600,102.1,100,0,-0.2,2,5819,-0.39,0.65,106.8,121.1,87.1,89.6,28.6,29.83,27.06,27.46
94.6,3601,102.2,100,0,-0.2,2,5824,-0.03,0.06,106.8,121.1,87.1,89.6,28.6,29.83,27.06,27.46
94.64,3602,102.3,100,0,0.8,2,5829,-0.02,0.06,106.8,121.1,87.1,89.6,28.6,29.83,27.05,27.45
94.68,3603,102.3,100,0,-0.4,2,5833,0.02,0.06,106.8,121.1,87.1,89.6,28.6,29.83,27.05,27.45
94.72,3604,102.4,100,0,0,2,5838,-0.01,0.06,106.7,121.1,87,89.5,28.6,29.83,27.05,27.45
94.76,3605,102.5,100,0,-0.1,2,5842,0.01,0.06,106.7,121.1,87,89.5,28.6,29.83,27.05,27.45
94.8,3607,102.6,100,0,-0.6,2,5847,-0.03,0.06,106.7,121,87,89.5,28.59,29.83,27.05,27.45
94.84,3608,102.7,100,0,-0.4,2,5851,-0.07,0.06,106.7,121,87,89.5,28.59,29.83,27.05,27.45
94.88,3609,102.7,100,0,0.1,2,5856,-0.01,0.06,106.7,121,87,89.5,28.59,29.83,27.05,27.45
94.92,3610,102.8,100,0,0,2,5860,-0.03,0.06,106.7,121,87,89.5,28.59,29.83,27.05,27.45
94.96,3611,102.9,100,0,0.5,2,5865,0,0.06,106.7,121,87,89.5,28.59,29.82,27.05,27.45
95,3612,103,100,0,-0.4,2,5869,0,0.06,106.7,121,87,89.5,28.59,29.82,27.05,27.45
95.04,3613,103,100,0,-0.4,2,5873,0,0.06,106.7,121,86.9,89.4,28.59,29.82,27.05,27.45
95.08,3615,103.1,100,0,0.6,2,5878,0.04,0.06,106.6,121,86.9,89.4,28.59,29.82,27.05,27.45
95.12,3616,103.2,100,0,-0.2,2,5882,0.02,0.05,106.6,120.9,86.9,89.4,28.59,29.82,27.04,27.44
95.16,3617,103.3,100,0,0.2,2,5887,0.03,0.05,106.6,120.9,86.9,89.4,28.59,29.82,27.04,27.44
95.2,3618,103.4,100,0,0.7,2,5891,0,0.05,106.6,120.9,86.9,89.4,28.59,29.82,27.04,27.44
95.24,3619,103.4,100,0,-0.2,2,5895,0,0.05,106.6,120.9,86.9,89.4,28.58,29.82,27.04,27.44
95.28,3620,103.5,100,0,0.2,2,5900,-0.02,0.05,106.6,120.9,86.9,89.4,28.58,29.82,27.04,27.44
95.32,3621,103.6,100,0,0.2,2,5904,0.01,0.05,106.6,120.9,86.9,89.4,28.58,29.82,27.04,27.44
95.36,3623,103.7,100,0,-0.8,2,5909,0.03,0.05,106.6,120.9,86.8,89.3,28.58,29.82,27.04,27.44
95.4,3624,103.7,100,0,-0.3,2,5913,0.02,0.05,106.5,120.9,86.8,89.3,28.58,29.81,27.04,27.44
95.44,3625,103.8,100,0,-0.7,2,5917,-0.02,0.05,106.5,120.9,86.8,89.3,28.58,29.81,27.04,27.44
95.48,3626,103.9,100,0,-0.2,2,5922,-0.03,0.05,106.5,120.8,86.8,89.3,28.58,29.81,27.04,27.44
95.52,3627,104,100,0,0,2,5926,-0.03,0.05,106.5,120.8,86.8,89.3,28.58,29.81,27.04,27.44
95.56,3628,104,100,0,0.2,2,5930,0,0.05,106.5,120.8,86.8,89.3,28.58,29.81,27.03,27.43
95.6,3630,104.1,100,0,-0.3,2,5935,-0.01,0.05,106.5,120.8,86.8,89.3,28.58,29.81,27.03,27.43
95.64,3631,104.2,100,0,-0.3,2,5939,0.02,0.05,106.5,120.8,86.8,89.3,28.58,29.81,27.03,27.43
95.68,3632,104.3,100,0,0,2,5943,0.02,0.05,106.5,120.8,86.8,89.3,28.57,29.81,27.03,27.43
95.72,3633,104.3,100,0,0.1,2,5947,-0.01,0.05,106.4,120.8,86.7,89.2,28.57,29.81,27.03,27.43
95.76,3634,104.4,100,0,0.2,2,5952,0,0.05,106.4,120.8,86.7,89.2,28.57,29.81,27.03,27.43
95.8,3635,104.5,100,0,0.2,2,5956,0,0.05,106.4,120.7,86.7,89.2,28.57,29.81,27.03,27.43
95.84,3636,104.6,100,0,-0.4,2,5960,-0.01,0.05,106.4,120.7,86.7,89.2,28.57,29.8,27.03,27.43
95.88,3638,104.6,100,0,0.2,2,5964,0.01,0.05,106.4,120.7,86.7,89.2,28.57,29.8,27.03,27.43
95.92,3639,104.7,100,0,-0.3,2,5969,-0.03,0.05,106.4,120.7,86.7,89.2,28.57,29.8,27.03,27.43
95.96,3640,104.8,100,0,0.7,2,5973,-0.01,0.05,106.4,120.7,86.7,89.2,28.57,29.8,27.03,27.43
96,3641,104.9,100,0,-0.6,2,5977,0,0.05,106.4,120.7,86.7,89.2,28.57,29.8,27.02,27.42
96.04,3642,104.9,100,0,0.8,2,5981,-0.01,0.05,106.4,120.7,86.6,89.1,28.57,29.8,27.02,27.42
96.08,3643,105,100,0,-0.7,2,5985,0.01,0.05,106.3,120.7,86.6,89.1,28.57,29.8,27.02,27.42
96.12,3645,105.1,100,0,0.5,2,5990,0,0.05,106.3,120.6,86.6,89.1,28.56,29.8,27.02,27.42
96.16,3646,105.2,100,0,-0.4,2,5994,0,0.05,106.3,120.6,86.6,89.1,28.56,29.8,27.02,27.42
96.2,3647,105.2,100,0,-0.1,2,5998,-0.04,0.05,106.3,120.6,86.6,89.1,28.56,29.8,27.02,27.42
96.24,3648,105.3,100,0,-0.2,2,6002,-0.03,0.05,106.3,120.6,86.6,89.1,28.56,29.8,27.02,27.42
96.28,3649,105.4,100,0,-0.4,2,6006,0.02,0.05,106.3,120.6,86.6,89.1,28.56,29.8,27.02,27.42
96.32,3650,105.4,100,0,-0.6,2,6010,0.01,0.05,106.3,120.6,86.6,89.1,28.56,29.79,27.02,27.42
96.36,3652,105.5,100,0,0.1,2,6014,-0.02,0.05,106.3,120.6,86.5,89,28.56,29.79,27.02,27.42
96.4,3653,105.6,100,0,-0.4,2,6018,-0.01,0.05,106.2,120.6,86.5,89,28.56,29.79,27.02,27.42
96.44,3654,105.7,100,0,0.3,2,6023,-0.04,0.05,106.2,120.6,86.5,89,28.56,29.79,27.01,27.41
96.48,3655,105.7,100,0,0.2,2,6027,0.03,0.05,106.2,120.5,86.5,89,28.56,29.79,27.01,27.41
96.52,3656,105.8,100,0,0,2,6031,0.01,0.05,106.2,120.5,86.5,89,28.56,29.79,27.01,27.41
96.56,3658,105.9,100,0,0.6,2,6035,-0.04,0.05,106.2,120.5,86.5,89,28.55,29.79,27.01,27.41
96.6,3659,105.9,100,0,-0.3,2,6039,-0.01,0.05,106.2,120.5,86.5,89,28.55,29.79,27.01,27.41
96.64,3660,106,100,0,0.1,2,6043,-0.03,0.05,106.2,120.5,86.5,89,28.55,29.79,27.01,27.41
96.68,3661,106.1,100,0,0,2,6047,-0.01,0.05,106.2,120.5,86.5,89,28.55,29.79,27.01,27.41
96.72,3662,106.2,100,0,0.2,2,6051,0,0.05,106.1,120.5,86.4,88.9,28.55,29.79,27.01,27.41
96.76,3663,106.2,100,0,0.3,2,6055,0.01,0.05,106.1,120.5,86.4,88.9,28.55,29.78,27.01,27.41
96.8,3665,106.3,100,0,-0.3,2,6059,-0.04,0.05,106.1,120.4,86.4,88.9,28.55,29.78,27.01,27.41
96.84,3666,106.4,100,0,0.8,2,6063,-0.02,0.05,106.1,120.4,86.4,88.9,28.55,29.78,27.01,27.41
96.88,3667,106.4,100,0,1.3,2,6067,0,0.05,106.1,120.4,86.4,88.9,28.55,29.78,27,27.4
96.92,3668,106.5,100,0,0,2,6071,-0.01,0.05,106.1,120.4,86.4,88.9,28.55,29.78,27,27.4
96.96,3669,106.6,100,0,0.4,2,6075,-0.03,0.05,106.1,120.4,86.4,88.9,28.55,29.78,27,27.4
97,3670,106.6,100,0,0.2,2,6079,-0.01,0.05,106.1,120.4,86.4,88.9,28.54,29.78,27,27.4
97.04,3672,106.7,100,0,0.1,2,6083,-0.01,0.05,106.1,120.4,86.3,88.8,28.54,29.78,27,27.4
97.08,3673,106.8,100,0,-0.5,2,6087,0,0.05,106,120.4,86.3,88.8,28.54,29.78,27,27.4
97.12,3674,106.9,100,0,-0.1,2,6091,0,0.05,106,120.3,86.3,88.8,28.54,29.78,27,27.4
97.16,3675,106.9,100,0,-0.6,2,6095,-0.01,0.05,106,120.3,86.3,88.8,28.54,29.78,27,27.4
97.2,3676,107,100,0,0.4,2,6099,-0.04,0.05,106,120.3,86.3,88.8,28.54,29.77,27,27.4
97.24,3678,107.1,100,0,0.1,2,6103,0,0.05,106,120.3,86.3,88.8,28.54,29.77,27,27.4
97.28,3679,107.1,100,0,0.1,2,6107,0.02,0.05,106,120.3,86.3,88.8,28.54,29.77,27,27.4
97.32,3680,107.2,100,0,0,2,6110,0,0.05,106,120.3,86.3,88.8,28.54,29.77,26.99,27.39
97.36,3681,107.3,100,0,-0.3,2,6114,-0.02,0.05,106,120.3,86.2,88.7,28.54,29.77,26.99,27.39
97.4,3682,107.3,100,0,0.1,2,6118,-0.03,0.05,105.9,120.3,86.2,88.7,28.54,29.77,26.99,27.39
97.44,3684,107.4,100,0,0.5,2,6122,0.01,0.05,105.9,120.3,86.2,88.7,28.53,29.77,26.99,27.39
97.48,3685,107.5,100,0,0.3,2,6126,-0.02,0.05,105.9,120.2,86.2,88.7,28.53,29.77,26.99,27.39
97.52,3686,107.5,100,0,-0.4,2,6130,0.01,0.05,105.9,120.2,86.2,88.7,28.53,29.77,26.99,27.39
97.56,3687,107.6,100,0,0.6,2,6134,0,0.05,105.9,120.2,86.2,88.7,28.53,29.77,26.99,27.39
97.6,3688,107.7,100,0,-0.6,2,6137,0.01,0.05,105.9,120.2,86.2,88.7,28.53,29.77,26.99,27.39
97.64,3690,107.7,100,0,0.1,2,6141,-0.03,0.05,105.9,120.2,86.2,88.7,28.53,29.76,26.99,27.39
97.68,3691,107.8,100,0,0.1,2,6145,-0.02,0.05,105.9,120.2,86.2,88.7,28.53,29.76,26.99,27.39
97.72,3692,107.9,100,0,0.1,2,6149,-0.01,0.05,105.8,120.2,86.1,88.6,28.53,29.76,26.99,27.39
97.76,3693,107.9,100,0,-0.3,2,6153,-0.01,0.05,105.8,120.2,86.1,88.6,28.53,29.76,26.98,27.38
97.8,3694,108,100,0,0.4,2,6157,-0.07,0.05,105.8,120.1,86.1,88.6,28.53,29.76,26.98,27.38
97.84,3696,108.1,100,0,0.4,2,6160,0,0.05,105.8,120.1,86.1,88.6,28.53,29.76,26.98,27.38
97.88,3697,108.1,100,0,-0.6,2,6164,-0.03,0.05,105.8,120.1,86.1,88.6,28.53,29.76,26.98,27.38
97.92,3698,108.2,100,0,0.7,2,6168,0.02,0.05,105.8,120.1,86.1,88.6,28.52,29.76,26.98,27.38
97.96,3699,108.3,100,0,-0.6,2,6172,0,0.05,105.8,120.1,86.1,88.6,28.52,29.76,26.98,27.38
98,3700,108.3,100,0,0.8,2,6175,0.01,0.05,105.8,120.1,86.1,88.6,28.52,29.76,26.98,27.38
98.04,3702,108.4,100,0,-0.2,2,6179,0.03,0.05,105.8,120.1,86,88.5,28.52,29.76,26.98,27.38
98.08,3703,108.5,100,0,0.6,2,6183,-0.01,0.05,105.7,120.1,86,88.5,28.52,29.75,26.98,27.38
98.12,3704,108.5,100,0,0.2,2,6187,0,0.05,105.7,120,86,88.5,28.52,29.75,26.98,27.38
98.16,3705,108.6,100,0,-0.3,2,6190,0.03,0.05,105.7,120,86,88.5,28.52,29.75,26.98,27.38
98.2,3706,108.7,100,0,0,2,6194,-0.01,0.05,105.7,120,86,88.5,28.52,29.75,26.97,27.37
98.24,3708,108.7,100,0,-0.6,2,6198,0.01,0.05,105.7,120,86,88.5,28.52,29.75,26.97,27.37
98.28,3709,108.8,100,0,0.4,2,6201,-0.02,0.05,105.7,120,86,88.5,28.52,29.75,26.97,27.37
98.32,3710,108.9,100,0,-0.4,2,6205,0.01,0.05,105.7,120,86,88.5,28.52,29.75,26.97,27.37
98.36,3711,108.9,100,0,0.3,2,6209,0,0.05,105.7,120,85.9,88.4,28.51,29.75,26.97,27.37
98.4,3712,109,100,0,0.1,2,6213,-0.01,0.05,105.6,120,85.9,88.4,28.51,29.75,26.97,27.37
98.44,3714,109.1,100,0,0.3,2,6216,0.01,0.05,105.6,120,85.9,88.4,28.51,29.75,26.97,27.37
98.48,3715,109.1,100,0,0.6,2,6220,0.03,0.05,105.6,119.9,85.9,88.4,28.51,29.75,26.97,27.37
98.52,3716,109.2,100,0,0.5,2,6223,0.03,0.05,105.6,119.9,85.9,88.4,28.51,29.74,26.97,27.37
98.56,3717,109.2,100,0,-0.2,2,6227,0,0.05,105.6,119.9,85.9,88.4,28.51,29.74,26.97,27.37
98.6,3718,109.3,100,0,0.2,2,6231,-0.02,0.05,105.6,119.9,85.9,88.4,28.51,29.74,26.97,27.37
98.64,3720,109.4,100,0,0.5,2,6234,-0.02,0.04,105.6,119.9,85.9,88.4,28.51,29.74,26.96,27.36
98.68,3721,109.4,100,0,0,2,6238,-0.03,0.04,105.6,119.9,85.9,88.4,28.51,29.74,26.96,27.36
98.72,3722,109.5,100,0,-0.1,2,6242,0,0.04,105.5,119.9,85.8,88.3,28.51,29.74,26.96,27.36
98.76,3723,109.6,100,0,0,2,6245,-0.03,0.04,105.5,119.9,85.8,88.3,28.51,29.74,26.96,27.36
98.8,3725,109.6,100,0,-0.1,2,6249,-0.02,0.04,105.5,119.8,85.8,88.3,28.5,29.74,26.96,27.36
98.84,3726,109.7,100,0,0.1,2,6252,0.01,0.04,105.5,119.8,85.8,88.3,28.5,29.74,26.96,27.36
98.88,3727,109.8,100,0,0.6,2,6256,0,0.04,105.5,119.8,85.8,88.3,28.5,29.74,26.96,27.36
98.92,3728,109.8,100,0,-0.4,2,6259,-0.03,0.04,105.5,119.8,85.8,88.3,28.5,29.74,26.96,27.36
98.96,3729,109.9,100,0,-0.6,2,6263,-0.01,0.04,105.5,119.8,85.8,88.3,28.5,29.73,26.96,27.36
99,3731,109.9,100,0,-0.2,2,6267,0,0.04,105.5,119.8,85.8,88.3,28.5,29.73,26.96,27.36
99.04,3732,110,100,0,0.5,2,6270,0,0.04,105.5,119.8,85.7,88.2,28.5,29.73,26.96,27.36
99.08,3733,110.1,100,0,0.1,2,6274,0,0.04,105.4,119.8,85.7,88.2,28.5,29.73,26.96,27.36
99.12,3734,110.1,100,0,-0.4,2,6277,0.01,0.04,105.4,119.7,85.7,88.2,28.5,29.73,26.95,27.35
99.16,3736,110.2,100,0,0.5,2,6281,0.02,0.04,105.4,119.7,85.7,88.2,28.5,29.73,26.95,27.35
99.2,3737,110.2,100,0,-0.2,2,6284,-0.01,0.04,105.4,119.7,85.7,88.2,28.5,29.73,26.95,27.35
99.24,3738,110.3,100,0,-0.6,2,6288,0,0.04,105.4,119.7,85.7,88.2,28.49,29.73,26.95,27.35
99.28,3739,110.4,100,0,-0.1,2,6291,0,0.04,105.4,119.7,85.7,88.2,28.49,29.73,26.95,27.35
99.32,3740,110.4,100,0,0.1,2,6295,-0.01,0.04,105.4,119.7,85.7,88.2,28.49,29.73,26.95,27.35
99.36,3742,110.5,100,0,-0.6,2,6298,0.04,0.04,105.4,119.7,85.6,88.1,28.49,29.73,26.95,27.35
99.4,3743,110.6,100,0,-0.5,2,6302,-0.01,0.04,105.3,119.7,85.6,88.1,28.49,29.72,26.95,27.35
99.44,3744,110.6,100,0,0.4,2,6305,0,0.04,105.3,119.7,85.6,88.1,28.49,29.72,26.95,27.35
99.48,3745,110.7,100,0,0.7,2,6309,-0.01,0.04,105.3,119.6,85.6,88.1,28.49,29.72,26.95,27.35
99.52,3747,110.7,100,0,-0.2,2,6312,0.02,0.04,105.3,119.6,85.6,88.1,28.49,29.72,26.95,27.35
99.56,3748,110.8,100,0,0,2,6316,-0.02,0.04,105.3,119.6,85.6,88.1,28.49,29.72,26.94,27.34
99.6,3749,110.9,100,0,0.5,2,6319,0,0.04,105.3,119.6,85.6,88.1,28.49,29.72,26.94,27.34
99.64,3750,110.9,100,0,0.1,2,6322,0,0.04,105.3,119.6,85.6,88.1,28.49,29.72,26.94,27.34
99.68,3752,111,100,0,0.5,2,6326,0.04,0.04,105.3,119.6,85.6,88.1,28.48,29.72,26.94,27.34
99.72,3753,111,100,0,0.1,2,6329,-0.02,0.04,105.2,119.6,85.5,88,28.48,29.72,26.94,27.34
99.76,3754,111.1,100,0,-0.2,2,6333,0.01,0.04,105.2,119.6,85.5,88,28.48,29.72,26.94,27.34
99.8,3755,111.2,100,0,0.8,2,6336,0,0.04,105.2,119.5,85.5,88,28.48,29.72,26.94,27.34
99.84,3756,111.2,100,0,0.1,2,6339,-0.02,0.04,105.2,119.5,85.5,88,28.48,29.71,26.94,27.34
99.88,3758,111.3,100,0,0,2,6343,0,0.04,105.2,119.5,85.5,88,28.48,29.71,26.94,27.34
99.92,3759,111.3,100,0,-0.1,2,6346,0,0.04,105.2,119.5,85.5,88,28.48,29.71,26.94,27.34
99.96,3760,111.4,100,0,-0.2,2,6350,0,0.04,105.2,119.5,85.5,88,28.48,29.71,26.94,27.34
100,3761,111.5,100,0,0.1,2,6353,0,0.04,105.2,119.5,85.5,88,28.48,29.71,26.93,27.33
100.04,3763,111.5,100,0,-0.5,2,6356,0.02,0.04,105.2,119.5,85.4,87.9,28.48,29.71,26.93,27.33
100.08,3764,111.6,100,0,-0.3,2,6360,-0.01,0.04,105.1,119.5,85.4,87.9,28.48,29.71,26.93,27.33
100.12,3765,111.6,100,0,0,2,6363,0,0.04,105.1,119.4,85.4,87.9,28.47,29.71,26.93,27.33
100.16,3766,111.7,100,0,-0.2,2,6366,0.02,0.04,105.1,119.4,85.4,87.9,28.47,29.71,26.93,27.33
100.2,3768,111.7,100,0,-0.5,2,6370,0,0.04,105.1,119.4,85.4,87.9,28.47,29.71,26.93,27.33
100.24,3769,111.8,100,0,0.1,2,6373,0.02,0.04,105.1,119.4,85.4,87.9,28.47,29.71,26.93,27.33
100.28,3770,111.9,100,0,0.2,2,6376,0,0.04,105.1,119.4,85.4,87.9,28.47,29.71,26.93,27.33
100.32,3771,111.9,100,0,0.6,2,6379,0.01,0.04,105.1,119.4,85.4,87.9,28.47,29.7,26.93,27.33
100.36,3773,112,100,0,-0.2,2,6383,0.02,0.04,105.1,119.4,85.3,87.8,28.47,29.7,26.93,27.33
100.4,3774,112,100,0,0,2,6386,-0.01,0.04,105,119.4,85.3,87.8,28.47,29.7,26.93,27.33
100.44,3775,112.1,100,0,-0.8,2,6389,0.01,0.04,105,119.4,85.3,87.8,28.47,29.7,26.92,27.32
100.48,3776,112.2,100,0,0.5,2,6393,-0.07,0.04,105,119.3,85.3,87.8,28.47,29.7,26.92,27.32
100.52,3778,112.2,100,0,-0.4,2,6396,0.03,0.04,105,119.3,85.3,87.8,28.47,29.7,26.92,27.32
100.56,3779,112.3,100,0,-0.5,2,6399,-0.04,0.04,105,119.3,85.3,87.8,28.46,29.7,26.92,27.32
100.6,3780,198,0,0,-0.9,4,7128,0,-1.85,105.1,119.4,85.3,87.8,28.47,29.7,26.92,27.32
100.64,3782,198,0,3,2.2,4,7128,0,-1.85,105.2,119.4,85.3,87.8,28.48,29.7,26.92,27.32
100.68,3784,198,0,5,1.2,4,7128,0,-1.85,105.4,119.4,85.3,87.8,28.49,29.71,26.92,27.32
100.72,3787,198,0,8,0.9,4,7128,0,-1.85,105.5,119.5,85.3,87.8,28.5,29.71,26.92,27.32
100.76,3789,198,0,11,-1.1,4,7128,0,-1.85,105.6,119.5,85.3,87.8,28.51,29.71,26.92,27.32
100.8,3791,198,0,13,0.3,4,7128,0,-1.85,105.7,119.6,85.3,87.8,28.52,29.72,26.92,27.32
100.84,3793,198,0,16,0.1,4,7128,0,-1.85,105.8,119.6,85.3,87.8,28.53,29.72,26.92,27.32
100.88,3795,198,0,18,-1.2,4,7128,0,-1.85,106,119.6,85.3,87.8,28.54,29.72,26.92,27.32
100.92,3798,198,0,21,-0.1,4,7128,0,-1.85,106.1,119.7,85.3,87.8,28.55,29.73,26.92,27.32
100.96,3800,198,0,24,-0.8,4,7128,0,-1.85,106.2,119.7,85.3,87.8,28.55,29.73,26.92,27.32
101,3802,198,0,25,0.1,4,7128,0,-1.85,106.3,119.8,85.3,87.8,28.56,29.73,26.92,27.32
101.04,3804,198,0,25,0.3,4,7128,0,-1.85,106.4,119.8,85.3,87.8,28.57,29.73,26.92,27.32
101.08,3806,198,0,25,-0.6,4,7128,0,-1.85,106.6,119.8,85.3,87.8,28.58,29.74,26.92,27.32
101.12,3809,198,0,25,1.1,4,7128,0,-1.85,106.7,119.9,85.3,87.8,28.59,29.74,26.92,27.32
101.16,3811,198,0,25,-0.1,4,7128,0,-1.85,106.8,119.9,85.3,87.8,28.6,29.74,26.92,27.32
101.2,3813,198,0,25,-0.6,4,7128,0,-1.85,106.9,120,85.3,87.8,28.61,29.75,26.92,27.32
101.24,3815,198,0,25,0.9,4,7128,0,-1.85,107,120,85.3,87.8,28.62,29.75,26.92,27.32
101.28,3817,198,0,25,0.9,4,7128,0,-1.85,107.2,120,85.3,87.8,28.63,29.75,26.92,27.32
101.32,3820,198,0,25,-1.5,4,7128,0,-1.85,107.3,120.1,85.3,87.8,28.64,29.76,26.92,27.32
101.36,3822,198,0,25,-1,4,7128,0,-1.85,107.4,120.1,85.3,87.8,28.64,29.76,26.92,27.32
101.4,3824,198,0,25,0.6,4,7128,0,-1.85,107.5,120.2,85.3,87.8,28.65,29.76,26.92,27.32
101.44,3826,198,0,25,2.1,4,7128,0,-1.85,107.6,120.2,85.3,87.8,28.66,29.76,26.92,27.32
101.48,3828,198,0,25,-0.5,4,7128,0,-1.85,107.8,120.2,85.3,87.8,28.67,29.77,26.92,27.32
101.52,3831,198,0,25,2,4,7128,0,-1.85,107.9,120.3,85.3,87.8,28.68,29.77,26.92,27.32
101.56,3833,198,0,25,0.6,4,7128,0,-1.85,108,120.3,85.3,87.8,28.69,29.77,26.92,27.32
101.6,3835,198,0,25,-0.5,4,7128,0,-1.85,108.1,120.4,85.3,87.8,28.7,29.78,26.92,27.32
101.64,3837,198,0,25,0.5,4,7128,0,-1.85,108.2,120.4,85.3,87.8,28.71,29.78,26.92,27.32
101.68,3839,198,0,25,-0.8,4,7128,0,-1.85,108.4,120.4,85.3,87.8,28.72,29.78,26.92,27.32
101.72,3842,198,0,25,2.4,4,7128,0,-1.85,108.5,120.5,85.3,87.8,28.73,29.79,26.92,27.32
101.76,3844,198,0,25,0.5,4,7128,0.02,-1.38,108.6,120.5,85.3,87.8,28.73,29.79,26.92,27.32
101.8,3846,198,0,24,2,4,7128,0.08,-1.34,108.7,120.6,85.3,87.8,28.74,29.79,26.92,27.32
101.84,3848,198,0,23,2.2,4,7128,0.14,-1.3,108.8,120.6,85.3,87.8,28.75,29.79,26.92,27.32
101.88,3850,198,0,22,5.7,4,7128,0.2,-1.26,109,120.6,85.3,87.8,28.76,29.8,26.92,27.32
101.92,3853,198,0,21,6.9,4,7128,0.26,-1.22,109.1,120.7,85.3,87.8,28.77,29.8,26.92,27.32
101.96,3855,198,0,20,8.2,4,7128,0.32,-1.18,109.2,120.7,85.3,87.8,28.78,29.8,26.92,27.32
102,3857,198,0,19,8.6,4,7128,0.38,-1.14,109.3,120.8,85.3,87.8,28.79,29.81,26.92,27.32
102.04,3859,198,0,18,11.9,4,7128,0.44,-1.1,109.4,120.8,85.3,87.8,28.8,29.81,26.92,27.32
102.08,3861,198,0,17,14,4,7128,0.5,-1.06,109.6,120.8,85.3,87.8,28.81,29.81,26.92,27.32
102.12,3864,198,0,16,15,4,7128,0.56,-1.02,109.7,120.9,85.3,87.8,28.82,29.82,26.92,27.32
102.16,3866,198,0,15,15.9,4,7128,0.62,-0.98,109.8,120.9,85.3,87.8,28.82,29.82,26.92,27.32
102.2,3868,198,0,14,15.9,4,7128,0.68,-0.94,109.9,121,85.3,87.8,28.83,29.82,26.92,27.32
102.24,3870,198,0,14,18.8,4,7128,0.74,-0.9,110,121,85.3,87.8,28.84,29.82,26.92,27.32
102.28,3872,198,0,13,20.1,4,7128,0.8,-0.86,110.2,121,85.3,87.8,28.85,29.83,26.92,27.32
102.32,3875,198,0,12,22.2,4,7128,0.86,-0.82,110.3,121.1,85.3,87.8,28.86,29.83,26.92,27.32
102.36,3877,198,0,11,22,4,7128,0.92,-0.78,110.4,121.1,85.3,87.8,28.87,29.83,26.92,27.32
102.4,3879,198,0,10,23.5,4,7128,0.98,-0.74,110.5,121.2,85.3,87.8,28.88,29.84,26.92,27.32
102.44,3881,198,0,10,24.1,4,7128,1.04,-0.7,110.6,121.2,85.3,87.8,28.89,29.84,26.92,27.32
102.48,3883,198,0,9,25.7,4,7128,1.1,-0.66,110.8,121.2,85.3,87.8,28.9,29.84,26.92,27.32
102.52,3886,198,0,8,25.9,4,7128,1.16,-0.62,110.9,121.3,85.3,87.8,28.91,29.85,26.92,27.32
102.56,3888,198,0,7,27,4,7128,1.22,-0.58,111,121.3,85.3,87.8,28.91,29.85,26.92,27.32
102.6,3890,198,0,7,28.9,4,7128,1.28,-0.54,111.1,121.4,85.3,87.8,28.92,29.85,26.92,27.32
102.64,3892,198,0,6,29.7,4,7128,1.34,-0.5,111.2,121.4,85.3,87.8,28.93,29.85,26.92,27.32
102.68,3894,198,0,5,30.4,4,7128,1.4,-0.46,111.4,121.4,85.3,87.8,28.94,29.86,26.92,27.32
102.72,3897,198,0,5,30.6,4,7128,1.46,-0.42,111.5,121.5,85.3,87.8,28.95,29.86,26.92,27.32
102.76,3899,198,0,4,31,4,7128,1.52,-0.38,111.6,121.5,85.3,87.8,28.96,29.86,26.92,27.32
102.8,3901,198,0,4,32.9,4,7128,1.58,-0.34,111.7,121.6,85.3,87.8,28.97,29.87,26.92,27.32
102.84,3903,198,0,3,33.1,4,7128,1.64,-0.3,111.8,121.6,85.3,87.8,28.98,29.87,26.92,27.32
102.88,3905,198,0,2,33.5,4,7128,1.7,-0.26,112,121.6,85.3,87.8,28.99,29.87,26.92,27.32
102.92,3908,198,0,2,33.9,4,7128,1.76,-0.22,112.1,121.7,85.3,87.8,29,29.88,26.92,27.32
102.96,3910,198,0,1,34,4,7128,1.82,-0.18,112.2,121.7,85.3,87.8,29,29.88,26.92,27.32
103,3912,198,0,1,34.5,4,7128,1.88,-0.14,112.3,121.8,85.3,87.8,29.01,29.88,26.92,27.32
103.04,3914,198,0,1,34.1,4,7128,1.94,-0.1,112.4,121.8,85.3,87.8,29.02,29.88,26.92,27.32
103.08,3916,198,0,0,35.6,4,7128,2,-0.06,112.6,121.8,85.3,87.8,29.03,29.89,26.92,27.32
103.12,3919,198,0,0,33.9,4,7128,2.06,-0.02,112.7,121.9,85.3,87.8,29.04,29.89,26.92,27.32
103.16,3921,198,1,0,35.3,4,7128,1.94,0,112.7,121.9,85.3,87.8,29.04,29.89,26.92,27.32
103.2,3923,198,4,0,33.8,4,7128,1.91,0.02,112.7,121.9,85.4,87.9,29.04,29.89,26.93,27.33
103.24,3925,198,7,0,33.7,4,7128,1.89,0.03,112.7,121.9,85.4,87.9,29.04,29.89,26.93,27.33
103.28,3927,198,9,0,32.9,4,7129,1.86,0.04,112.7,121.9,85.4,87.9,29.04,29.89,26.93,27.33
103.32,3930,198,11,0,32.8,4,7129,1.83,0.05,112.7,121.9,85.5,88,29.04,29.89,26.93,27.33
103.36,3932,198,13,0,31.5,4,7129,1.81,0.06,112.7,121.9,85.5,88,29.04,29.89,26.94,27.34
103.4,3934,198,15,0,31.5,4,7130,1.78,0.07,112.7,121.9,85.5,88,29.04,29.89,26.94,27.34
103.44,3936,198.1,17,0,30.9,4,7130,1.76,0.08,112.7,121.9,85.6,88.1,29.04,29.89,26.94,27.34
103.48,3938,198.1,19,0,29.9,4,7131,1.73,0.09,112.7,121.9,85.6,88.1,29.04,29.89,26.95,27.35
103.52,3941,198.1,21,0,28.9,4,7131,1.7,0.1,112.7,121.9,85.6,88.1,29.04,29.89,26.95,27.35
103.56,3943,198.1,23,0,28.6,4,7132,1.68,0.11,112.7,121.9,85.7,88.2,29.04,29.89,26.95,27.35
103.6,3945,198.1,25,0,28.7,4,7132,1.65,0.13,112.7,121.9,85.7,88.2,29.04,29.89,26.95,27.35
103.64,3947,198.1,26,0,27.7,4,7133,1.62,0.14,112.7,121.9,85.7,88.2,29.04,29.89,26.96,27.36
103.68,3949,198.2,28,0,26.9,4,7134,1.6,0.15,112.7,121.9,85.8,88.3,29.04,29.89,26.96,27.36
103.72,3952,198.2,30,0,26.2,4,7135,1.57,0.16,112.7,121.9,85.8,88.3,29.04,29.89,26.96,27.36
103.76,3954,198.2,32,0,25.6,4,7135,1.54,0.17,112.7,121.9,85.8,88.3,29.04,29.89,26.96,27.36
103.8,3956,198.2,34,0,25.9,4,7136,1.52,0.18,112.7,121.9,85.9,88.4,29.04,29.89,26.97,27.37
103.84,3958,198.3,35,0,25.8,4,7137,1.49,0.19,112.7,121.9,85.9,88.4,29.04,29.89,26.97,27.37
103.88,3960,198.3,37,0,24,4,7138,1.46,0.2,112.7,121.9,86,88.5,29.04,29.89,26.97,27.37
103.92,3963,198.3,39,0,23.8,4,7139,1.44,0.21,112.7,121.9,86,88.5,29.04,29.89,26.97,27.37
103.96,3965,198.3,40,0,23.1,4,7140,1.41,0.22,112.7,121.9,86,88.5,29.04,29.89,26.98,27.38
104,3967,198.4,42,0,21.5,4,7141,1.39,0.24,112.7,121.9,86.1,88.6,29.04,29.89,26.98,27.38
104.04,3969,198.4,44,0,21.5,4,7143,1.36,0.25,112.7,121.9,86.1,88.6,29.04,29.89,26.98,27.38
104.08,3971,198.4,46,0,21.2,4,7144,1.33,0.26,112.7,121.9,86.1,88.6,29.04,29.89,26.98,27.38
104.12,3974,198.5,47,0,20.9,4,7145,1.31,0.27,112.7,121.9,86.2,88.7,29.04,29.89,26.99,27.39
104.16,3976,198.5,49,0,20.6,4,7146,1.28,0.28,112.7,121.9,86.2,88.7,29.04,29.89,26.99,27.39
104.2,3978,198.5,50,0,18.9,4,7148,1.25,0.29,112.7,121.9,86.2,88.7,29.04,29.89,26.99,27.39
104.24,3980,198.6,52,0,18.9,4,7149,1.23,0.3,112.7,121.9,86.3,88.8,29.04,29.89,27,27.4
104.28,3983,198.6,54,0,17.5,4,7150,1.2,0.31,112.7,121.9,86.3,88.8,29.04,29.89,27,27.4
104.32,3985,198.7,55,0,17.2,4,7152,1.17,0.32,112.7,121.9,86.3,88.8,29.04,29.89,27,27.4
104.36,3987,198.7,57,0,17,4,7153,1.15,0.33,112.7,121.9,86.4,88.9,29.04,29.89,27,27.4
104.4,3989,198.7,58,0,15.6,4,7155,1.12,0.35,112.7,121.9,86.4,88.9,29.04,29.89,27.01,27.41
104.44,3991,198.8,60,0,15.7,4,7156,1.09,0.36,112.7,121.9,86.4,88.9,29.04,29.89,27.01,27.41
104.48,3994,198.8,62,0,14.9,4,7158,1.07,0.37,112.7,121.9,86.5,89,29.04,29.89,27.01,27.41
104.52,3996,198.9,63,0,14.8,4,7160,1.04,0.38,112.7,121.9,86.5,89,29.04,29.89,27.01,27.41
104.56,3998,198.9,65,0,14.2,4,7161,1.01,0.39,112.7,121.9,86.5,89,29.04,29.89,27.02,27.42
104.6,4000,199,66,0,13.2,4,7163,0.99,0.4,112.7,121.9,86.6,89.1,29.04,29.89,27.02,27.42
104.64,4002,199,68,0,12.6,4,7165,0.96,0.41,112.7,121.9,86.6,89.1,29.04,29.89,27.02,27.42
104.68,4005,199.1,69,0,12.2,4,7167,0.93,0.42,112.7,121.9,86.7,89.2,29.04,29.89,27.02,27.42
104.72,4007,199.1,71,0,11.2,4,7169,0.91,0.43,112.7,121.9,86.7,89.2,29.04,29.89,27.03,27.43
104.76,4009,199.2,72,0,10.7,4,7171,0.88,0.45,112.7,121.9,86.7,89.2,29.04,29.89,27.03,27.43
104.8,4011,199.2,74,0,10.4,4,7172,0.86,0.46,112.7,121.9,86.8,89.3,29.04,29.89,27.03,27.43
104.84,4013,199.3,76,0,9.6,4,7174,0.83,0.47,112.7,121.9,86.8,89.3,29.04,29.89,27.03,27.43
104.88,4016,199.3,77,0,9.4,4,7176,0.8,0.48,112.7,121.9,86.8,89.3,29.04,29.89,27.04,27.44
104.92,4018,199.4,79,0,9,4,7179,0.78,0.49,112.7,121.9,86.9,89.4,29.04,29.89,27.04,27.44
104.96,4020,199.5,80,0,8.4,4,7181,0.75,0.5,112.7,121.9,86.9,89.4,29.04,29.89,27.04,27.44
105,4022,199.5,82,0,6.7,4,7183,0.72,0.51,112.7,121.9,86.9,89.4,29.04,29.89,27.05,27.45
105.04,4025,199.6,83,0,6.3,4,7185,0.7,0.52,112.7,121.9,87,89.5,29.04,29.89,27.05,27.45
105.08,4027,199.6,85,0,6.6,4,7187,0.67,0.53,112.7,121.9,87,89.5,29.04,29.89,27.05,27.45
105.12,4029,199.7,86,0,5.9,4,7189,0.64,0.54,112.7,121.9,87,89.5,29.04,29.89,27.05,27.45
105.16,4031,199.8,88,0,5.8,4,7192,0.62,0.56,112.7,121.9,87.1,89.6,29.04,29.89,27.06,27.46
105.2,4033,199.8,89,0,4.1,4,7194,0.59,0.57,112.7,121.9,87.1,89.6,29.04,29.89,27.06,27.46
105.24,4036,199.9,91,0,3.7,4,7196,0.56,0.58,112.7,121.9,87.1,89.6,29.04,29.89,27.06,27.46
105.28,4038,200,92,0,3.2,4,7199,0.54,0.59,112.7,121.9,87.2,89.7,29.04,29.89,27.06,27.46
105.32,4040,200,93,0,2.2,4,6337,0.51,0.6,112.7,121.9,87.2,89.7,29.04,29.89,27.07,27.47
105.36,4042,200.1,95,0,1.9,4,6340,0.48,0.61,112.7,121.9,87.2,89.7,29.04,29.89,27.07,27.47
105.4,4045,200.2,96,0,1.5,4,6341,0.46,0.62,112.7,121.9,87.3,89.8,29.04,29.89,27.07,27.47
105.44,4047,200.2,98,0,0.9,4,6344,0.43,0.63,112.7,121.9,87.3,89.8,29.04,29.89,27.07,27.47
105.48,4049,200.3,99,0,0.2,4,6346,0.4,0.64,112.7,121.9,87.4,89.9,29.04,29.89,27.08,27.48
105.52,4051,200.4,100,0,0.1,4,6347,0.04,0.04,112.7,121.9,87.3,89.8,29.04,29.89,27.08,27.48
105.56,4053,200.4,100,0,-0.5,4,6350,0,0.04,112.7,121.9,87.3,89.8,29.04,29.89,27.07,27.47
105.6,4056,200.5,100,0,0.2,4,6352,-0.01,0.04,112.6,121.8,87.3,89.8,29.04,29.89,27.07,27.47
105.64,4058,200.5,100,0,-0.3,4,6354,0,0.04,112.6,121.8,87.3,89.8,29.04,29.89,27.07,27.47
105.68,4060,200.6,100,0,0.8,4,6355,-0.01,0.04,112.6,121.8,87.3,89.8,29.04,29.89,27.07,27.47
105.72,4062,200.7,100,0,-0.1,4,6357,-0.01,0.04,112.6,121.8,87.3,89.8,29.04,29.89,27.07,27.47
105.76,4065,200.7,100,0,0.1,4,6359,-0.02,0.04,112.6,121.8,87.3,89.8,29.03,29.88,27.07,27.47
105.8,4067,200.8,100,0,-0.4,4,6361,0.02,0.04,112.6,121.8,87.3,89.8,29.03,29.88,27.07,27.47
105.84,4069,200.8,100,0,0.3,4,6362,-0.02,0.04,112.6,121.8,87.2,89.7,29.03,29.88,27.07,27.47
105.88,4071,200.9,100,0,-0.2,4,6364,0,0.04,112.6,121.8,87.2,89.7,29.03,29.88,27.07,27.47
105.92,4073,201,100,0,0.3,4,6366,0,0.04,112.5,121.7,87.2,89.7,29.03,29.88,27.07,27.47
105.96,4076,201,100,0,0.6,4,6368,-0.04,0.04,112.5,121.7,87.2,89.7,29.03,29.88,27.07,27.47
106,4078,201.1,100,0,0.9,4,6369,-0.01,0.04,112.5,121.7,87.2,89.7,29.03,29.88,27.06,27.46
106.04,4080,201.1,100,0,-0.1,4,6371,0.02,0.04,112.5,121.7,87.2,89.7,29.03,29.88,27.06,27.46
106.08,4082,201.2,100,0,0.2,4,6374,0.02,0.04,112.5,121.7,87.2,89.7,29.03,29.88,27.06,27.46
106.12,4085,201.2,100,0,-0.2,4,7245,-0.01,0.04,112.5,121.7,87.2,89.7,29.03,29.88,27.06,27.46
106.16,4087,201.3,100,0,0.7,4,7247,0,0.04,112.5,121.7,87.2,89.7,29.03,29.88,27.06,27.46