Time,Distance,Speed,Throttle,Brake,Steering,Gear,RPM,LatG,LongG,TyreTemp_FL,TyreTemp_FR,TyreTemp_RL,TyreTemp_RR,Press_FL,Press_FR,Press_RL,Press_RR
0,0,180.1,100,0,0.3,4,6482,0,0.04,84,87.5,82.5,85,26.9,27.3,26.7,27.1
0.04,2,180.1,100,0,-0.1,4,6484,-0.02,0.04,84,87.5,82.5,85,26.9,27.3,26.7,27.1
0.08,4,180.2,100,0,0.3,4,6486,-0.01,0.04,84,87.5,82.5,85,26.9,27.3,26.7,27.1
0.12,6,180.2,100,0,0.2,4,6488,0,0.04,84,87.5,82.5,85,26.9,27.3,26.7,27.1
0.16,8,180.3,100,0,-0.2,4,6490,0.03,0.04,83.9,87.4,82.4,84.9,26.9,27.3,26.7,27.1
0.2,10,180.3,100,0,0.3,4,6492,0,0.04,83.9,87.4,82.4,84.9,26.89,27.29,26.69,27.09
0.24,12,180.4,100,0,0.1,4,6495,0,0.04,83.9,87.4,82.4,84.9,26.89,27.29,26.69,27.09
0.28,14,180.5,100,0,0.1,4,6497,0.01,0.04,83.9,87.4,82.4,84.9,26.89,27.29,26.69,27.09
0.32,16,180.5,100,0,-1.4,4,6499,-0.04,0.04,83.9,87.4,82.4,84.9,26.89,27.29,26.69,27.09
0.36,18,180.6,100,0,0.3,4,6501,0.01,0.04,83.9,87.4,82.4,84.9,26.89,27.29,26.69,27.09
0.4,20,180.6,100,0,0.7,4,6503,-0.03,0.04,83.9,87.4,82.4,84.9,26.89,27.29,26.69,27.09
0.44,22,180.7,100,0,0,4,6505,0.02,0.04,83.9,87.4,82.4,84.9,26.89,27.29,26.69,27.09
0.48,24,180.7,100,0,-0.1,4,6507,0,0.04,83.8,87.3,82.3,84.8,26.89,27.29,26.69,27.09
0.52,26,180.8,100,0,0,4,6509,0,0.04,83.8,87.3,82.3,84.8,26.89,27.29,26.69,27.09
0.56,28,180.9,100,0,-0.1,4,6511,-0.03,0.04,83.8,87.3,82.3,84.8,26.89,27.29,26.69,27.09
0.6,30,180.9,100,0,0.4,4,6513,0.04,0.04,83.8,87.3,82.3,84.8,26.89,27.29,26.69,27.09
0.64,32,181,100,0,-0.2,4,6515,-0.02,0.04,83.8,87.3,82.3,84.8,26.88,27.28,26.68,27.08
0.68,34,181,100,0,0.1,4,6517,-0.01,0.04,83.8,87.3,82.3,84.8,26.88,27.28,26.68,27.08
0.72,36,181.1,100,0,-0.4,4,6519,0,0.04,83.8,87.3,82.3,84.8,26.88,27.28,26.68,27.08
0.76,38,181.2,100,0,0.5,4,6521,0.01,0.04,83.8,87.3,82.3,84.8,26.88,27.28,26.68,27.08
0.8,40,181.2,100,0,-0.7,4,6524,-0.01,0.04,83.7,87.2,82.2,84.7,26.88,27.28,26.68,27.08
0.84,42,181.3,100,0,-0.5,4,6526,0,0.04,83.7,87.2,82.2,84.7,26.88,27.28,26.68,27.08
0.88,44,181.3,100,0,0.1,4,6528,-0.01,0.04,83.7,87.2,82.2,84.7,26.88,27.28,26.68,27.08
0.92,46,181.4,100,0,0,4,6530,-0.01,0.04,83.7,87.2,82.2,84.7,26.88,27.28,26.68,27.08
0.96,48,181.4,100,0,0.8,4,6532,-0.03,0.04,83.7,87.2,82.2,84.7,26.88,27.28,26.68,27.08
1,50,181.5,100,0,-0.4,4,6534,0.01,0.04,83.7,87.2,82.2,84.7,26.88,27.28,26.68,27.08
1.04,52,181.6,100,0,0.5,4,6536,0.01,0.04,83.7,87.2,82.2,84.7,26.88,27.28,26.68,27.08
1.08,54,181.6,100,0,0.3,4,6538,0,0.04,83.7,87.2,82.2,84.7,26.87,27.27,26.67,27.07
1.12,56,181.7,100,0,0.1,4,6540,0,0.04,83.7,87.2,82.2,84.7,26.87,27.27,26.67,27.07
1.16,58,181.7,100,0,-0.3,4,6542,0,0.04,83.6,87.1,82.1,84.6,26.87,27.27,26.67,27.07
1.2,60,181.8,100,0,0,4,6544,0.04,0.04,83.6,87.1,82.1,84.6,26.87,27.27,26.67,27.07
1.24,62,181.8,100,0,1.3,4,6546,-0.05,0.04,83.6,87.1,82.1,84.6,26.87,27.27,26.67,27.07
1.28,64,181.9,100,0,0.1,4,6548,0,0.04,83.6,87.1,82.1,84.6,26.87,27.27,26.67,27.07
1.32,66,182,100,0,-0.1,4,6551,-0.02,0.04,83.6,87.1,82.1,84.6,26.87,27.27,26.67,27.07
1.36,68,182,100,0,-0.8,4,6553,0,0.04,83.6,87.1,82.1,84.6,26.87,27.27,26.67,27.07
1.4,70,182.1,100,0,-0.6,4,6555,-0.02,0.04,83.6,87.1,82.1,84.6,26.87,27.27,26.67,27.07
1.44,72,182.1,100,0,0.7,4,6557,0,0.04,83.6,87.1,82.1,84.6,26.87,27.27,26.67,27.07
1.48,74,182.2,100,0,-0.4,4,6559,-0.02,0.04,83.5,87,82,84.5,26.87,27.27,26.67,27.07
1.52,76,182.2,100,0,-0.3,4,6561,0,0.04,83.5,87,82,84.5,26.86,27.26,26.66,27.06
1.56,78,182.3,100,0,0.8,4,6563,0.03,0.04,83.5,87,82,84.5,26.86,27.26,26.66,27.06
1.6,81,182.4,100,0,0.2,4,6565,-0.04,0.04,83.5,87,82,84.5,26.86,27.26,26.66,27.06
1.64,83,182.4,100,0,0.8,4,6567,0.02,0.04,83.5,87,82,84.5,26.86,27.26,26.66,27.06
1.68,85,182.5,100,0,-0.4,4,6569,0.01,0.04,83.5,87,82,84.5,26.86,27.26,26.66,27.06
1.72,87,182.5,100,0,-0.6,4,6571,-0.01,0.04,83.5,87,82,84.5,26.86,27.26,26.66,27.06
1.76,89,182.6,100,0,0.4,4,6573,0.01,0.04,83.5,87,82,84.5,26.86,27.26,26.66,27.06
1.8,91,182.6,100,0,0,4,6575,0.04,0.04,83.4,86.9,81.9,84.4,26.86,27.26,26.66,27.06
1.84,93,182.7,100,0,0.2,4,6577,0.03,0.04,83.4,86.9,81.9,84.4,26.86,27.26,26.66,27.06
1.88,95,182.8,100,0,0,4,6580,0,0.04,83.4,86.9,81.9,84.4,26.86,27.26,26.66,27.06
1.92,97,182.8,100,0,0.2,4,6582,0,0.04,83.4,86.9,81.9,84.4,26.86,27.26,26.66,27.06
1.96,99,182.9,100,0,0.7,4,6584,-0.01,0.04,83.4,86.9,81.9,84.4,26.85,27.25,26.65,27.05
2,101,182.9,100,0,0.1,4,6586,0.02,0.04,83.4,86.9,81.9,84.4,26.85,27.25,26.65,27.05
2.04,103,183,100,0,0,4,6588,-0.01,0.04,83.4,86.9,81.9,84.4,26.85,27.25,26.65,27.05
2.08,105,183.1,100,0,-0.5,4,6590,-0.01,0.04,83.4,86.9,81.9,84.4,26.85,27.25,26.65,27.05
2.12,107,183.1,100,0,0.2,4,6592,-0.01,0.04,83.4,86.9,81.9,84.4,26.85,27.25,26.65,27.05
2.16,109,183.2,100,0,-0.3,4,6594,-0.01,0.04,83.3,86.8,81.8,84.3,26.85,27.25,26.65,27.05
2.2,111,183.2,100,0,-0.3,4,6596,-0.02,0.04,83.3,86.8,81.8,84.3,26.85,27.25,26.65,27.05
2.24,113,183.3,100,0,0,4,6598,-0.03,0.04,83.3,86.8,81.8,84.3,26.85,27.25,26.65,27.05
2.28,115,183.3,100,0,-0.7,4,6600,-0.01,0.04,83.3,86.8,81.8,84.3,26.85,27.25,26.65,27.05
2.32,117,183.4,100,0,0.8,4,6602,0.04,0.04,83.3,86.8,81.8,84.3,26.85,27.25,26.65,27.05
2.36,119,183.5,100,0,-0.5,4,6604,0,0.04,83.3,86.8,81.8,84.3,26.85,27.25,26.65,27.05
2.4,121,183.5,100,0,0.2,4,6606,-0.02,0.04,83.3,86.8,81.8,84.3,26.85,27.25,26.65,27.05
2.44,123,183.6,100,0,-0.5,4,6609,-0.03,0.04,83.3,86.8,81.8,84.3,26.84,27.24,26.64,27.04
2.48,125,183.6,100,0,-0.7,4,6611,0,0.04,83.2,86.7,81.7,84.2,26.84,27.24,26.64,27.04
2.52,127,183.7,100,0,0.4,4,6613,0,0.04,83.2,86.7,81.7,84.2,26.84,27.24,26.64,27.04
2.56,129,183.7,100,0,0.4,4,6615,0.02,0.04,83.2,86.7,81.7,84.2,26.84,27.24,26.64,27.04
2.6,131,183.8,100,0,0.4,4,6617,0,0.04,83.2,86.7,81.7,84.2,26.84,27.24,26.64,27.04
2.64,133,183.9,100,0,0,4,6619,0.01,0.04,83.2,86.7,81.7,84.2,26.84,27.24,26.64,27.04
2.68,135,183.9,100,0,0,4,6621,0.03,0.04,83.2,86.7,81.7,84.2,26.84,27.24,26.64,27.04
2.72,138,184,100,0,0.7,4,6623,0,0.04,83.2,86.7,81.7,84.2,26.84,27.24,26.64,27.04
2.76,140,184,100,0,-0.1,4,6625,0,0.04,83.2,86.7,81.7,84.2,26.84,27.24,26.64,27.04
2.8,142,184.1,100,0,0.1,4,6627,-0.01,0.04,83.1,86.6,81.6,84.1,26.84,27.24,26.64,27.04
2.84,144,184.1,100,0,-0.3,4,6629,0,0.04,83.1,86.6,81.6,84.1,26.84,27.24,26.64,27.04
2.88,146,184.2,100,0,-0.3,4,6631,-0.01,0.04,83.1,86.6,81.6,84.1,26.83,27.23,26.63,27.03
2.92,148,184.3,100,0,0,4,6633,0.02,0.04,83.1,86.6,81.6,84.1,26.83,27.23,26.63,27.03
2.96,150,184.3,100,0,0.8,4,6636,-0.03,0.04,83.1,86.6,81.6,84.1,26.83,27.23,26.63,27.03
3,152,184.4,100,0,-0.3,4,6638,-0.03,0.04,83.1,86.6,81.6,84.1,26.83,27.23,26.63,27.03
3.04,154,184.4,100,0,-0.8,4,6640,0.01,0.04,83.1,86.6,81.6,84.1,26.83,27.23,26.63,27.03
3.08,156,184.5,100,0,0.1,4,6642,0.02,0.04,83.1,86.6,81.6,84.1,26.83,27.23,26.63,27.03
3.12,158,184.6,100,0,-0.2,4,6644,-0.04,0.04,83.1,86.6,81.6,84.1,26.83,27.23,26.63,27.03
3.16,160,184.6,100,0,0.4,4,6646,-0.01,0.04,83,86.5,81.5,84,26.83,27.23,26.63,27.03
3.2,162,184.7,100,0,0.1,4,6648,0,0.04,83,86.5,81.5,84,26.83,27.23,26.63,27.03
3.24,164,184.7,100,0,-0.1,4,6650,0.01,0.04,83,86.5,81.5,84,26.83,27.23,26.63,27.03
3.28,166,184.8,100,0,-0.2,4,6652,0.02,0.04,83,86.5,81.5,84,26.83,27.23,26.63,27.03
3.32,168,184.8,100,0,0.4,4,6654,-0.01,0.04,83,86.5,81.5,84,26.82,27.22,26.62,27.02
3.36,170,184.9,100,0,-0.4,4,6656,0.01,0.04,83,86.5,81.5,84,26.82,27.22,26.62,27.02
3.4,172,185,100,0,-0.5,4,6658,0.01,0.04,83,86.5,81.5,84,26.82,27.22,26.62,27.02
3.44,174,185,100,0,-0.6,4,6660,-0.01,0.04,83,86.5,81.5,84,26.82,27.22,26.62,27.02
3.48,176,185.1,100,0,0.2,4,6662,0.02,0.04,82.9,86.4,81.4,83.9,26.82,27.22,26.62,27.02
3.52,179,185.1,100,0,-0.6,4,6665,0.04,0.04,82.9,86.4,81.4,83.9,26.82,27.22,26.62,27.02
3.56,181,185.2,100,0,-0.4,4,6667,-0.01,0.04,82.9,86.4,81.4,83.9,26.82,27.22,26.62,27.02
3.6,183,185.2,100,0,-0.3,4,6669,-0.04,0.04,82.9,86.4,81.4,83.9,26.82,27.22,26.62,27.02
3.64,185,185.3,100,0,-0.6,4,6671,-0.01,0.04,82.9,86.4,81.4,83.9,26.82,27.22,26.62,27.02
3.68,187,185.4,100,0,0,4,6673,0.02,0.04,82.9,86.4,81.4,83.9,26.82,27.22,26.62,27.02
3.72,189,185.4,100,0,0.3,4,6675,0,0.04,82.9,86.4,81.4,83.9,26.82,27.22,26.62,27.02
3.76,191,185.5,100,0,-0.2,4,6677,0.02,0.04,82.9,86.4,81.4,83.9,26.81,27.21,26.61,27.01
3.8,193,185.5,100,0,-1.2,4,6679,-0.01,0.04,82.8,86.3,81.3,83.8,26.81,27.21,26.61,27.01
3.84,195,185.6,100,0,0.2,4,6681,0,0.04,82.8,86.3,81.3,83.8,26.81,27.21,26.61,27.01
3.88,197,185.6,100,0,0,4,6683,-0.02,0.04,82.8,86.3,81.3,83.8,26.81,27.21,26.61,27.01
3.92,199,185.7,100,0,-0.3,4,6685,0.03,0.04,82.8,86.3,81.3,83.8,26.81,27.21,26.61,27.01
3.96,201,185.8,100,0,0.4,4,6687,0.02,0.04,82.8,86.3,81.3,83.8,26.81,27.21,26.61,27.01
4,203,185.8,100,0,0.3,4,6689,0.01,0.04,82.8,86.3,81.3,83.8,26.81,27.21,26.61,27.01
4.04,205,185.9,100,0,-0.6,4,6692,-0.01,0.04,82.8,86.3,81.3,83.8,26.81,27.21,26.61,27.01
4.08,207,185.9,100,0,-0.1,4,6694,0.02,0.04,82.8,86.3,81.3,83.8,26.81,27.21,26.61,27.01
4.12,209,186,100,0,0.2,4,6696,0.03,0.04,82.8,86.3,81.3,83.8,26.81,27.21,26.61,27.01
4.16,211,186,100,0,0,4,6698,-0.01,0.04,82.7,86.2,81.2,83.7,26.81,27.21,26.61,27.01
4.2,214,186.1,100,0,0.1,4,6700,0,0.04,82.7,86.2,81.2,83.7,26.8,27.2,26.6,27
4.24,216,186.2,100,0,0.3,4,6702,0.03,0.04,82.7,86.2,81.2,83.7,26.8,27.2,26.6,27
4.28,218,186.2,100,0,-0.2,4,6704,-0.02,0.04,82.7,86.2,81.2,83.7,26.8,27.2,26.6,27
4.32,220,186.3,100,0,-0.8,4,6706,0.03,0.04,82.7,86.2,81.2,83.7,26.8,27.2,26.6,27
4.36,222,186.3,100,0,-0.9,4,6708,-0.01,0.04,82.7,86.2,81.2,83.7,26.8,27.2,26.6,27
4.4,224,186.4,100,0,-0.5,4,6710,0.02,0.04,82.7,86.2,81.2,83.7,26.8,27.2,26.6,27
4.44,226,186.5,100,0,-0.3,4,6712,-0.01,0.04,82.7,86.2,81.2,83.7,26.8,27.2,26.6,27
4.48,228,186.5,100,0,0.8,4,6714,0.01,0.04,82.6,86.1,81.1,83.6,26.8,27.2,26.6,27
4.52,230,186.6,100,0,-0.4,4,6716,-0.01,0.04,82.6,86.1,81.1,83.6,26.8,27.2,26.6,27
4.56,232,186.6,100,0,0.5,4,6718,0.02,0.04,82.6,86.1,81.1,83.6,26.8,27.2,26.6,27
4.6,234,186.7,100,0,-0.6,4,6721,0,0.04,82.6,86.1,81.1,83.6,26.8,27.2,26.6,27
4.64,236,186.7,100,0,-0.3,4,6723,-0.01,0.04,82.6,86.1,81.1,83.6,26.79,27.19,26.59,26.99
4.68,238,186.8,100,0,0.4,4,6725,-0.03,0.04,82.6,86.1,81.1,83.6,26.79,27.19,26.59,26.99
4.72,240,186.9,100,0,0,4,6727,0.02,0.04,82.6,86.1,81.1,83.6,26.79,27.19,26.59,26.99
4.76,243,186.9,100,0,0.4,4,6729,-0.01,0.04,82.6,86.1,81.1,83.6,26.79,27.19,26.59,26.99
4.8,245,187,100,0,0.3,4,6731,0,0.04,82.5,86,81,83.5,26.79,27.19,26.59,26.99
4.84,247,187,100,0,-0.6,4,6733,0,0.04,82.5,86,81,83.5,26.79,27.19,26.59,26.99
4.88,249,187.1,100,0,-0.6,4,6735,-0.02,0.04,82.5,86,81,83.5,26.79,27.19,26.59,26.99
4.92,251,187.1,100,0,-0.4,4,6737,0.04,0.04,82.5,86,81,83.5,26.79,27.19,26.59,26.99
4.96,253,187.2,100,0,0.1,4,6739,0,0.04,82.5,86,81,83.5,26.79,27.19,26.59,26.99
5,255,187.3,100,0,-0.1,4,6741,0.01,0.04,82.5,86,81,83.5,26.79,27.19,26.59,26.99
5.04,257,187.3,100,0,0.4,4,6743,0.02,0.04,82.5,86,81,83.5,26.79,27.19,26.59,26.99
5.08,259,187.4,100,0,-0.4,4,6745,-0.01,0.04,82.5,86,81,83.5,26.78,27.18,26.58,26.98
5.12,261,187.4,100,0,0.6,4,6747,0,0.04,82.5,86,81,83.5,26.78,27.18,26.58,26.98
5.16,263,187.5,100,0,-0.5,4,6750,0.01,0.04,82.4,85.9,80.9,83.4,26.78,27.18,26.58,26.98
5.2,265,187.5,100,0,0.4,4,6752,0.03,0.04,82.4,85.9,80.9,83.4,26.78,27.18,26.58,26.98
5.24,268,187.6,100,0,-0.4,4,6754,0.01,0.04,82.4,85.9,80.9,83.4,26.78,27.18,26.58,26.98
5.28,270,187.7,100,0,-0.1,4,6756,0.02,0.04,82.4,85.9,80.9,83.4,26.78,27.18,26.58,26.98
5.32,272,187.7,100,0,0.5,4,6758,0,0.04,82.4,85.9,80.9,83.4,26.78,27.18,26.58,26.98
5.36,274,187.5,0,6,0.2,4,6751,0,-1.85,82.5,85.9,80.9,83.4,26.79,27.18,26.58,26.98
5.4,276,187.1,0,13,-0.6,4,6737,0,-1.85,82.6,86,80.9,83.4,26.8,27.19,26.58,26.98
5.44,278,186.5,0,20,0.7,4,6716,0,-1.85,82.8,86,80.9,83.4,26.81,27.19,26.58,26.98
5.48,280,185.7,0,27,-0.4,4,6687,0,-1.85,82.9,86.1,80.9,83.4,26.82,27.19,26.58,26.98
5.52,282,184.7,0,34,1,4,6650,0,-1.85,83,86.1,80.9,83.4,26.82,27.19,26.58,26.98
5.56,284,183.5,0,41,-0.6,4,6606,0,-1.85,83.1,86.1,80.9,83.4,26.83,27.2,26.58,26.98
5.6,286,182,0,48,0,4,6554,0,-1.85,83.2,86.2,80.9,83.4,26.84,27.2,26.58,26.98
5.64,288,180.4,0,55,-0.2,4,6494,0,-1.85,83.4,86.2,80.9,83.4,26.85,27.2,26.58,26.98
5.68,290,178.5,0,62,-0.9,4,6427,0,-1.85,83.5,86.3,80.9,83.4,26.86,27.21,26.58,26.98
5.72,292,176.5,0,68,-0.1,4,6354,0,-1.85,83.6,86.3,80.9,83.4,26.87,27.21,26.58,26.98
5.76,294,174.2,0,75,-0.4,3,7667,0,-1.85,83.7,86.3,80.9,83.4,26.88,27.21,26.58,26.98
5.8,296,172,0,75,-0.1,3,7568,0,-1.85,83.8,86.4,80.9,83.4,26.89,27.22,26.58,26.98
5.84,298,169.7,0,75,-0.9,3,7469,0,-1.85,84,86.4,80.9,83.4,26.9,27.22,26.58,26.98
5.88,300,168.5,0,75,-0.2,3,7414,0,-1.85,84.1,86.5,80.9,83.4,26.91,27.22,26.58,26.98
5.92,302,168.5,0,75,1,3,7414,0,-1.85,84.2,86.5,80.9,83.4,26.91,27.22,26.58,26.98
5.96,304,168.5,0,75,-1,3,7414,0,-1.85,84.3,86.5,80.9,83.4,26.92,27.23,26.58,26.98
6,306,168.5,0,75,-0.7,3,7414,0,-1.85,84.4,86.6,80.9,83.4,26.93,27.23,26.58,26.98
6.04,307,168.5,0,75,0.1,3,7414,0,-1.85,84.6,86.6,80.9,83.4,26.94,27.23,26.58,26.98
6.08,309,168.5,0,75,-0.2,3,7414,0,-1.85,84.7,86.7,80.9,83.4,26.95,27.24,26.58,26.98
6.12,311,168.5,0,75,-1.2,3,7414,0,-1.85,84.8,86.7,80.9,83.4,26.96,27.24,26.58,26.98
6.16,313,168.5,0,75,0.9,3,7414,0,-1.85,84.9,86.7,80.9,83.4,26.97,27.24,26.58,26.98
6.2,315,168.5,0,75,-0.7,3,7414,0,-1.85,85,86.8,80.9,83.4,26.98,27.25,26.58,26.98
6.24,317,168.5,0,75,1.7,3,7414,0,-1.85,85.2,86.8,80.9,83.4,26.99,27.25,26.58,26.98
6.28,319,168.5,0,75,-0.6,3,7414,0,-1.85,85.3,86.9,80.9,83.4,27,27.25,26.58,26.98
6.32,320,168.5,0,75,0,3,7414,0,-1.85,85.4,86.9,80.9,83.4,27,27.25,26.58,26.98
6.36,322,168.5,0,75,1.5,3,7414,0,-1.85,85.5,86.9,80.9,83.4,27.01,27.26,26.58,26.98
6.4,324,168.5,0,75,-0.7,3,7414,0,-1.85,85.6,87,80.9,83.4,27.02,27.26,26.58,26.98
6.44,326,168.5,0,75,-0.3,3,7414,0,-1.85,85.8,87,80.9,83.4,27.03,27.26,26.58,26.98
6.48,328,168.5,0,75,1.3,3,7414,0,-1.85,85.9,87.1,80.9,83.4,27.04,27.27,26.58,26.98
6.52,330,168.5,0,75,0.7,3,7414,0,-1.85,86,87.1,80.9,83.4,27.05,27.27,26.58,26.98
6.56,332,168.5,0,75,0.4,3,7414,0,-1.85,86.1,87.1,80.9,83.4,27.06,27.27,26.58,26.98
6.6,334,168.5,0,75,0.3,3,7414,0,-1.85,86.2,87.2,80.9,83.4,27.07,27.28,26.58,26.98
6.64,335,168.5,0,75,-1.2,3,7414,0,-1.85,86.4,87.2,80.9,83.4,27.08,27.28,26.58,26.98
6.68,337,168.5,0,75,-1.2,3,7414,0,-1.85,86.5,87.3,80.9,83.4,27.09,27.28,26.58,26.98
6.72,339,168.5,0,74,-0.1,3,7414,0.02,-1.39,86.6,87.3,80.9,83.4,27.09,27.28,26.58,26.98
6.76,341,168.5,0,72,1.9,3,7414,0.06,-1.36,86.7,87.3,80.9,83.4,27.1,27.29,26.58,26.98
6.8,343,168.5,0,69,3.8,3,7414,0.11,-1.33,86.8,87.4,80.9,83.4,27.11,27.29,26.58,26.98
6.84,345,168.5,0,67,6.5,3,7414,0.16,-1.29,87,87.4,80.9,83.4,27.12,27.29,26.58,26.98
6.88,347,168.5,0,65,8.3,3,7414,0.21,-1.26,87.1,87.5,80.9,83.4,27.13,27.3,26.58,26.98
6.92,349,168.5,0,62,10.3,3,7414,0.26,-1.23,87.2,87.5,80.9,83.4,27.14,27.3,26.58,26.98
6.96,350,168.5,0,60,10.8,3,7414,0.31,-1.2,87.3,87.5,80.9,83.4,27.15,27.3,26.58,26.98
7,352,168.5,0,58,13.8,3,7414,0.35,-1.16,87.4,87.6,80.9,83.4,27.16,27.31,26.58,26.98
7.04,354,168.5,0,56,14.8,3,7414,0.4,-1.13,87.6,87.6,80.9,83.4,27.17,27.31,26.58,26.98
7.08,356,168.5,0,53,15.5,3,7414,0.45,-1.1,87.7,87.7,80.9,83.4,27.18,27.31,26.58,26.98
7.12,358,168.5,0,51,17.8,3,7414,0.5,-1.07,87.8,87.7,80.9,83.4,27.18,27.31,26.58,26.98
7.16,360,168.5,0,49,19.6,3,7414,0.55,-1.04,87.9,87.7,80.9,83.4,27.19,27.32,26.58,26.98
7.2,362,168.5,0,47,21.8,3,7414,0.6,-1,88,87.8,80.9,83.4,27.2,27.32,26.58,26.98
7.24,364,168.5,0,45,23.2,3,7414,0.64,-0.97,88.2,87.8,80.9,83.4,27.21,27.32,26.58,26.98
7.28,365,168.5,0,43,24.4,3,7414,0.69,-0.94,88.3,87.9,80.9,83.4,27.22,27.33,26.58,26.98
7.32,367,168.5,0,41,26.3,3,7414,0.74,-0.91,88.4,87.9,80.9,83.4,27.23,27.33,26.58,26.98
7.36,369,168.5,0,39,27.4,3,7414,0.79,-0.87,88.5,87.9,80.9,83.4,27.24,27.33,26.58,26.98
7.4,371,168.5,0,37,28.3,3,7414,0.84,-0.84,88.6,88,80.9,83.4,27.25,27.34,26.58,26.98
7.44,373,168.5,0,35,31.1,3,7414,0.88,-0.81,88.8,88,80.9,83.4,27.26,27.34,26.58,26.98
7.48,375,168.5,0,33,31.3,3,7414,0.93,-0.78,88.9,88.1,80.9,83.4,27.27,27.34,26.58,26.98
7.52,377,168.5,0,31,33.6,3,7414,0.98,-0.75,89,88.1,80.9,83.4,27.27,27.34,26.58,26.98
7.56,379,168.5,0,29,34.4,3,7414,1.03,-0.71,89.1,88.1,80.9,83.4,27.28,27.35,26.58,26.98
7.6,380,168.5,0,27,36.3,3,7414,1.08,-0.68,89.2,88.2,80.9,83.4,27.29,27.35,26.58,26.98
7.64,382,168.5,0,26,36.9,3,7414,1.13,-0.65,89.4,88.2,80.9,83.4,27.3,27.35,26.58,26.98
7.68,384,168.5,0,24,37.9,3,7414,1.17,-0.62,89.5,88.3,80.9,83.4,27.31,27.36,26.58,26.98
7.72,386,168.5,0,22,38.9,3,7414,1.22,-0.58,89.6,88.3,80.9,83.4,27.32,27.36,26.58,26.98
7.76,388,168.5,0,20,40.4,3,7414,1.27,-0.55,89.7,88.3,80.9,83.4,27.33,27.36,26.58,26.98
7.8,390,168.5,0,19,40,3,7414,1.32,-0.52,89.8,88.4,80.9,83.4,27.34,27.37,26.58,26.98
7.84,392,168.5,0,17,42,3,7414,1.37,-0.49,90,88.4,80.9,83.4,27.35,27.37,26.58,26.98
7.88,393,168.5,0,16,43.3,3,7414,1.42,-0.46,90.1,88.5,80.9,83.4,27.36,27.37,26.58,26.98
7.92,395,168.5,0,14,43.5,3,7414,1.46,-0.42,90.2,88.5,80.9,83.4,27.36,27.37,26.58,26.98
7.96,397,168.5,0,13,44.4,3,7414,1.51,-0.39,90.3,88.5,80.9,83.4,27.37,27.38,26.58,26.98
8,399,168.5,0,11,45.3,3,7414,1.56,-0.36,90.4,88.6,80.9,83.4,27.38,27.38,26.58,26.98
8.04,401,168.5,0,10,45.8,3,7414,1.61,-0.33,90.6,88.6,80.9,83.4,27.39,27.38,26.58,26.98
8.08,403,168.5,0,8,47,3,7414,1.66,-0.29,90.7,88.7,80.9,83.4,27.4,27.39,26.58,26.98
8.12,405,168.5,0,7,46.9,3,7414,1.71,-0.26,90.8,88.7,80.9,83.4,27.41,27.39,26.58,26.98
8.16,407,168.5,0,6,48.4,3,7414,1.75,-0.23,90.9,88.7,80.9,83.4,27.42,27.39,26.58,26.98
8.2,408,168.5,0,5,47.1,3,7414,1.8,-0.2,91,88.8,80.9,83.4,27.43,27.4,26.58,26.98
8.24,410,168.5,0,4,49.1,3,7414,1.85,-0.17,91.2,88.8,80.9,83.4,27.44,27.4,26.58,26.98
8.28,412,168.5,0,3,48.3,3,7414,1.9,-0.13,91.3,88.9,80.9,83.4,27.45,27.4,26.58,26.98
8.32,414,168.5,0,2,49.4,3,7414,1.95,-0.1,91.4,88.9,80.9,83.4,27.45,27.4,26.58,26.98
8.36,416,168.5,0,1,48.8,3,7414,2,-0.07,91.5,88.9,80.9,83.4,27.46,27.41,26.58,26.98
8.4,418,168.5,0,0,49.4,3,7414,2.04,-0.04,91.6,89,80.9,83.4,27.47,27.41,26.58,26.98
8.44,420,168.5,0,0,50.1,3,7414,2.09,-0.01,91.8,89,80.9,83.4,27.48,27.41,26.58,26.98
8.48,422,168.5,2,0,48,3,7414,1.93,0.01,91.8,89,80.9,83.4,27.48,27.41,26.58,26.98
8.52,423,168.5,5,0,48.2,3,7414,1.91,0.02,91.8,89,81,83.5,27.48,27.41,26.58,26.98
8.56,425,168.5,7,0,47.2,3,7415,1.88,0.03,91.8,89,81,83.5,27.48,27.41,26.59,26.99
8.6,427,168.5,9,0,47,3,7415,1.86,0.04,91.8,89,81,83.5,27.48,27.41,26.59,26.99
8.64,429,168.5,11,0,45.7,3,7415,1.84,0.05,91.8,89,81.1,83.6,27.48,27.41,26.59,26.99
8.68,431,168.5,13,0,45.3,3,7416,1.81,0.06,91.8,89,81.1,83.6,27.48,27.41,26.6,27
8.72,433,168.6,14,0,44.7,3,7416,1.79,0.07,91.8,89,81.1,83.6,27.48,27.41,26.6,27
8.76,435,168.6,16,0,43.8,3,7417,1.77,0.08,91.8,89,81.2,83.7,27.48,27.41,26.6,27
8.8,437,168.6,18,0,43.5,3,7418,1.74,0.09,91.8,89,81.2,83.7,27.48,27.41,26.6,27
8.84,438,168.6,20,0,41.8,3,7418,1.72,0.1,91.8,89,81.2,83.7,27.48,27.41,26.61,27.01
8.88,440,168.6,21,0,41.4,3,7419,1.7,0.1,91.8,89,81.3,83.8,27.48,27.41,26.61,27.01
8.92,442,168.6,23,0,41.2,3,7420,1.68,0.11,91.8,89,81.3,83.8,27.48,27.41,26.61,27.01
8.96,444,168.7,24,0,40.1,3,7421,1.65,0.12,91.8,89,81.3,83.8,27.48,27.41,26.61,27.01
9,446,168.7,26,0,39.9,3,7422,1.63,0.13,91.8,89,81.4,83.9,27.48,27.41,26.62,27.02
9.04,448,168.7,28,0,38.7,3,7423,1.61,0.14,91.8,89,81.4,83.9,27.48,27.41,26.62,27.02
9.08,450,168.7,29,0,38.3,3,7424,1.58,0.15,91.8,89,81.5,84,27.48,27.41,26.62,27.02
9.12,452,168.8,31,0,37.4,3,7425,1.56,0.16,91.8,89,81.5,84,27.48,27.41,26.62,27.02
9.16,453,168.8,32,0,35.8,3,7426,1.54,0.17,91.8,89,81.5,84,27.48,27.41,26.63,27.03
9.2,455,168.8,34,0,35.4,3,7428,1.51,0.18,91.8,89,81.6,84.1,27.48,27.41,26.63,27.03
9.24,457,168.8,35,0,34.5,3,7429,1.49,0.19,91.8,89,81.6,84.1,27.48,27.41,26.63,27.03
9.28,459,168.9,37,0,34.5,3,7430,1.47,0.2,91.8,89,81.6,84.1,27.48,27.41,26.63,27.03
9.32,461,168.9,38,0,33.6,3,7432,1.44,0.21,91.8,89,81.7,84.2,27.48,27.41,26.64,27.04
9.36,463,168.9,40,0,31.9,3,7433,1.42,0.22,91.8,89,81.7,84.2,27.48,27.41,26.64,27.04
9.4,465,169,41,0,32.9,3,7435,1.4,0.23,91.8,89,81.7,84.2,27.48,27.41,26.64,27.04
9.44,467,169,43,0,31.6,3,7437,1.37,0.24,91.8,89,81.8,84.3,27.48,27.41,26.65,27.05
9.48,468,169.1,44,0,31.1,3,7438,1.35,0.25,91.8,89,81.8,84.3,27.48,27.41,26.65,27.05
9.52,470,169.1,46,0,29.6,3,7440,1.33,0.26,91.8,89,81.8,84.3,27.48,27.41,26.65,27.05
9.56,472,169.1,47,0,28.7,3,7442,1.3,0.27,91.8,89,81.9,84.4,27.48,27.41,26.65,27.05
9.6,474,169.2,49,0,27.9,3,7444,1.28,0.28,91.8,89,81.9,84.4,27.48,27.41,26.66,27.06
9.64,476,169.2,50,0,26.7,3,7446,1.26,0.29,91.8,89,81.9,84.4,27.48,27.41,26.66,27.06
9.68,478,169.3,52,0,27.4,3,7447,1.23,0.3,91.8,89,82,84.5,27.48,27.41,26.66,27.06
9.72,480,169.3,53,0,25.8,3,7449,1.21,0.31,91.8,89,82,84.5,27.48,27.41,26.66,27.06
9.76,482,169.4,54,0,26.1,3,7452,1.19,0.32,91.8,89,82,84.5,27.48,27.41,26.67,27.07
9.8,483,169.4,56,0,25.1,3,7454,1.16,0.33,91.8,89,82.1,84.6,27.48,27.41,26.67,27.07
9.84,485,169.4,57,0,24.3,3,7456,1.14,0.34,91.8,89,82.1,84.6,27.48,27.41,26.67,27.07
9.88,487,169.5,59,0,23.1,3,7458,1.12,0.35,91.8,89,82.2,84.7,27.48,27.41,26.67,27.07
9.92,489,169.6,60,0,21.1,3,7460,1.09,0.36,91.8,89,82.2,84.7,27.48,27.41,26.68,27.08
9.96,491,169.6,61,0,20.8,3,7463,1.07,0.37,91.8,89,82.2,84.7,27.48,27.41,26.68,27.08
10,493,169.7,63,0,20.2,3,7465,1.05,0.38,91.8,89,82.3,84.8,27.48,27.41,26.68,27.08
10.04,495,169.7,64,0,20.2,3,7467,1.02,0.39,91.8,89,82.3,84.8,27.48,27.41,26.68,27.08
10.08,497,169.8,66,0,18.9,3,7470,1,0.4,91.8,89,82.3,84.8,27.48,27.41,26.69,27.09
10.12,499,169.8,67,0,19,3,7472,0.98,0.41,91.8,89,82.4,84.9,27.48,27.41,26.69,27.09
10.16,500,169.9,68,0,18.1,3,7475,0.95,0.41,91.8,89,82.4,84.9,27.48,27.41,26.69,27.09
10.2,502,169.9,70,0,17.5,3,7478,0.93,0.42,91.8,89,82.4,84.9,27.48,27.41,26.69,27.09
10.24,504,170,71,0,16.3,3,7480,0.91,0.43,91.8,89,82.5,85,27.48,27.41,26.7,27.1
10.28,506,170.1,72,0,14.8,3,7483,0.88,0.44,91.8,89,82.5,85,27.48,27.41,26.7,27.1
10.32,508,170.1,74,0,15.5,3,7486,0.86,0.45,91.8,89,82.5,85,27.48,27.41,26.7,27.1
10.36,510,170.2,75,0,13.7,3,7488,0.84,0.46,91.8,89,82.6,85.1,27.48,27.41,26.71,27.11
10.4,512,170.3,76,0,13.3,3,7491,0.81,0.47,91.8,89,82.6,85.1,27.48,27.41,26.71,27.11
10.44,514,170.3,78,0,12.3,3,7494,0.79,0.48,91.8,89,82.6,85.1,27.48,27.41,26.71,27.11
10.48,516,170.4,79,0,12,3,7497,0.77,0.49,91.8,89,82.7,85.2,27.48,27.41,26.71,27.11
10.52,517,170.5,80,0,10.8,3,7500,0.74,0.5,91.8,89,82.7,85.2,27.48,27.41,26.72,27.12
10.56,519,170.5,82,0,10.5,3,7503,0.72,0.51,91.8,89,82.7,85.2,27.48,27.41,26.72,27.12
10.6,521,170.6,83,0,9.6,3,7506,0.7,0.52,91.8,89,82.8,85.3,27.48,27.41,26.72,27.12
10.64,523,170.7,84,0,9.2,3,7510,0.67,0.53,91.8,89,82.8,85.3,27.48,27.41,26.72,27.12
10.68,525,170.7,86,0,8.7,3,7513,0.65,0.54,91.8,89,82.9,85.4,27.48,27.41,26.73,27.13
10.72,527,170.8,87,0,7.4,3,7516,0.63,0.55,91.8,89,82.9,85.4,27.48,27.41,26.73,27.13
10.76,529,170.9,88,0,7,3,7519,0.6,0.56,91.8,89,82.9,85.4,27.48,27.41,26.73,27.13
10.8,531,171,90,0,5.3,3,7523,0.58,0.57,91.8,89,83,85.5,27.48,27.41,26.73,27.13
10.84,533,171,91,0,4.9,3,7526,0.56,0.58,91.8,89,83,85.5,27.48,27.41,26.74,27.14
10.88,535,171.1,92,0,4.3,3,7530,0.53,0.59,91.8,89,83,85.5,27.48,27.41,26.74,27.14
10.92,536,171.2,94,0,3.4,3,7533,0.51,0.6,91.8,89,83.1,85.6,27.48,27.41,26.74,27.14
10.96,538,171.3,95,0,3.4,3,7537,0.48,0.61,91.8,89,83.1,85.6,27.48,27.41,26.74,27.14
11,540,171.4,96,0,2.8,3,7540,0.46,0.62,91.8,89,83.1,85.6,27.48,27.41,26.75,27.15
11.04,542,171.4,97,0,2.2,3,7544,0.44,0.63,91.8,89,83.2,85.7,27.48,27.41,26.75,27.15
11.08,544,171.5,99,0,-0.2,3,7547,0.41,0.64,91.8,89,83.2,85.7,27.48,27.41,26.75,27.15
11.12,546,171.6,100,0,0.6,3,7551,0.39,0.65,91.8,89,83.2,85.7,27.48,27.41,26.76,27.16
11.16,548,171.7,100,0,0,3,7554,0,0.04,91.7,89,83.2,85.7,27.48,27.41,26.75,27.15
11.2,550,171.7,100,0,0.1,3,7556,0,0.04,91.7,89,83.2,85.7,27.48,27.41,26.75,27.15
11.24,552,171.8,100,0,0.5,3,7559,0.01,0.04,91.7,89,83.2,85.7,27.48,27.41,26.75,27.15
11.28,554,171.8,100,0,0.1,3,7561,0.02,0.04,91.7,89,83.2,85.7,27.48,27.41,26.75,27.15
11.32,555,171.9,100,0,0,3,7564,0.01,0.04,91.7,89,83.2,85.7,27.48,27.41,26.75,27.15
11.36,557,172,100,0,0.3,3,7566,0.02,0.04,91.7,88.9,83.2,85.7,27.48,27.41,26.75,27.15
11.4,559,172,100,0,0.5,3,7569,-0.02,0.04,91.7,88.9,83.2,85.7,27.48,27.41,26.75,27.15
11.44,561,172.1,100,0,0.1,3,7571,-0.01,0.04,91.7,88.9,83.1,85.6,27.47,27.41,26.75,27.15
11.48,563,172.1,100,0,0,3,7574,0.01,0.04,91.6,88.9,83.1,85.6,27.47,27.41,26.75,27.15
11.52,565,172.2,100,0,-0.2,3,7577,-0.01,0.04,91.6,88.9,83.1,85.6,27.47,27.4,26.75,27.15
11.56,567,172.3,100,0,-0.5,3,7579,0,0.04,91.6,88.9,83.1,85.6,27.47,27.4,26.75,27.15
11.6,569,172.3,100,0,-0.7,3,7582,0.03,0.04,91.6,88.9,83.1,85.6,27.47,27.4,26.74,27.14
11.64,571,172.4,100,0,0.3,3,7584,0,0.04,91.6,88.9,83.1,85.6,27.47,27.4,26.74,27.14
11.68,573,172.4,100,0,0.2,3,7587,0,0.04,91.6,88.8,83.1,85.6,27.47,27.4,26.74,27.14
11.72,575,172.5,100,0,0.3,3,7589,0.02,0.04,91.6,88.8,83.1,85.6,27.47,27.4,26.74,27.14
11.76,577,172.5,100,0,-0.4,3,7592,-0.01,0.04,91.6,88.8,83,85.5,27.47,27.4,26.74,27.14
11.8,578,172.6,100,0,-0.4,3,7594,0.01,0.04,91.5,88.8,83,85.5,27.47,27.4,26.74,27.14
11.84,580,172.7,100,0,0.5,3,7597,0.01,0.04,91.5,88.8,83,85.5,27.47,27.4,26.74,27.14
11.88,582,172.7,100,0,-0.3,3,7599,0.02,0.04,91.5,88.8,83,85.5,27.46,27.4,26.74,27.14
11.92,584,172.8,100,0,0.3,3,7602,0,0.04,91.5,88.8,83,85.5,27.46,27.4,26.74,27.14
11.96,586,172.8,100,0,-0.9,3,7604,-0.03,0.04,91.5,88.8,83,85.5,27.46,27.39,26.74,27.14
12,588,172.9,100,0,-0.1,3,7607,0,0.04,91.5,88.7,83,85.5,27.46,27.39,26.74,27.14
12.04,590,172.9,100,0,-0.4,3,7609,-0.01,0.04,91.5,88.7,83,85.5,27.46,27.39,26.73,27.13
12.08,592,173,100,0,-0.9,3,7612,-0.01,0.04,91.5,88.7,82.9,85.4,27.46,27.39,26.73,27.13
12.12,594,173.1,100,0,0.1,3,7615,0.03,0.04,91.5,88.7,82.9,85.4,27.46,27.39,26.73,27.13
12.16,596,173.1,100,0,0.9,3,7617,0,0.04,91.4,88.7,82.9,85.4,27.46,27.39,26.73,27.13
12.2,598,173.2,100,0,0.3,3,7620,0.01,0.04,91.4,88.7,82.9,85.4,27.46,27.39,26.73,27.13
12.24,600,173.2,100,0,-0.3,3,7622,0.01,0.04,91.4,88.7,82.9,85.4,27.46,27.39,26.73,27.13
12.28,602,173.3,100,0,0.8,3,7625,0.02,0.04,91.4,88.7,82.9,85.4,27.46,27.39,26.73,27.13
12.32,603,173.3,100,0,0.2,3,7627,0.03,0.04,91.4,88.7,82.9,85.4,27.45,27.39,26.73,27.13
12.36,605,173.4,100,0,-0.5,3,7630,0.02,0.04,91.4,88.6,82.9,85.4,27.45,27.39,26.73,27.13
12.4,607,173.5,100,0,-0.2,3,7632,-0.05,0.04,91.4,88.6,82.9,85.4,27.45,27.38,26.73,27.13
12.44,609,173.5,100,0,-0.8,3,7635,0.01,0.04,91.4,88.6,82.8,85.3,27.45,27.38,26.73,27.13
12.48,611,173.6,100,0,0.3,3,7637,0,0.04,91.3,88.6,82.8,85.3,27.45,27.38,26.72,27.12
12.52,613,173.6,100,0,0,3,7640,0.01,0.04,91.3,88.6,82.8,85.3,27.45,27.38,26.72,27.12
12.56,615,173.7,100,0,-0.1,3,7642,0,0.04,91.3,88.6,82.8,85.3,27.45,27.38,26.72,27.12
12.6,617,173.7,100,0,0.3,3,7645,0,0.04,91.3,88.6,82.8,85.3,27.45,27.38,26.72,27.12
12.64,619,173.8,100,0,0.1,3,7647,0.01,0.04,91.3,88.6,82.8,85.3,27.45,27.38,26.72,27.12
12.68,621,173.9,100,0,0.1,3,7650,-0.01,0.04,91.3,88.5,82.8,85.3,27.45,27.38,26.72,27.12
12.72,623,173.9,100,0,0.2,3,7653,-0.04,0.04,91.3,88.5,82.8,85.3,27.45,27.38,26.72,27.12
12.76,625,174,100,0,0.5,3,7655,-0.02,0.04,91.3,88.5,82.7,85.2,27.44,27.38,26.72,27.12
12.8,627,174,100,0,0,3,7658,-0.01,0.04,91.2,88.5,82.7,85.2,27.44,27.38,26.72,27.12
12.84,629,174.1,100,0,0.4,3,7660,0.01,0.04,91.2,88.5,82.7,85.2,27.44,27.37,26.72,27.12
12.88,630,174.2,100,0,-0.2,3,7663,0,0.04,91.2,88.5,82.7,85.2,27.44,27.37,26.72,27.12
12.92,632,174.2,100,0,1,3,7665,0.01,0.04,91.2,88.5,82.7,85.2,27.44,27.37,26.71,27.11
12.96,634,174.3,100,0,0,3,7668,0.02,0.04,91.2,88.5,82.7,85.2,27.44,27.37,26.71,27.11
13,636,174.3,100,0,0.3,3,7670,0,0.04,91.2,88.4,82.7,85.2,27.44,27.37,26.71,27.11
13.04,638,174.4,100,0,0.6,3,7673,0,0.04,91.2,88.4,82.7,85.2,27.44,27.37,26.71,27.11
13.08,640,174.4,100,0,0.7,3,7675,-0.02,0.04,91.2,88.4,82.6,85.1,27.44,27.37,26.71,27.11
13.12,642,174.5,100,0,0.3,3,7678,-0.01,0.04,91.2,88.4,82.6,85.1,27.44,27.37,26.71,27.11
13.16,644,174.6,100,0,0.2,3,7680,-0.01,0.04,91.1,88.4,82.6,85.1,27.44,27.37,26.71,27.11
13.2,646,174.6,100,0,0.2,3,7683,0,0.04,91.1,88.4,82.6,85.1,27.43,27.37,26.71,27.11
13.24,648,174.7,100,0,-0.2,3,7686,0,0.04,91.1,88.4,82.6,85.1,27.43,27.37,26.71,27.11
13.28,650,174.7,100,0,-0.1,3,7688,-0.01,0.04,91.1,88.4,82.6,85.1,27.43,27.36,26.71,27.11
13.32,652,174.8,100,0,0.6,3,7691,0,0.04,91.1,88.4,82.6,85.1,27.43,27.36,26.71,27.11
13.36,654,174.8,100,0,0.2,3,7693,-0.01,0.04,91.1,88.3,82.6,85.1,27.43,27.36,26.7,27.1
13.4,656,174.9,100,0,-0.1,3,7696,0,0.04,91.1,88.3,82.6,85.1,27.43,27.36,26.7,27.1
13.44,658,175,100,0,-0.1,3,7698,-0.05,0.04,91.1,88.3,82.5,85,27.43,27.36,26.7,27.1
13.48,660,175,100,0,-0.7,4,6301,0,0.04,91,88.3,82.5,85,27.43,27.36,26.7,27.1
13.52,661,175.1,100,0,-0.6,4,6303,0.01,0.04,91,88.3,82.5,85,27.43,27.36,26.7,27.1
13.56,663,175.1,100,0,-0.2,4,6305,0,0.04,91,88.3,82.5,85,27.43,27.36,26.7,27.1
13.6,665,175.2,100,0,0.6,4,6307,0,0.04,91,88.3,82.5,85,27.43,27.36,26.7,27.1
13.64,667,175.2,100,0,-0.5,4,6309,0.01,0.04,91,88.3,82.5,85,27.42,27.36,26.7,27.1
13.68,669,175.3,100,0,-0.5,4,6311,-0.02,0.04,91,88.2,82.5,85,27.42,27.36,26.7,27.1
13.72,671,175.4,100,0,0,4,6313,-0.02,0.04,91,88.2,82.5,85,27.42,27.35,26.7,27.1
13.76,673,175.4,100,0,-0.1,4,6315,-0.01,0.04,91,88.2,82.4,84.9,27.42,27.35,26.7,27.1
13.8,675,175.5,100,0,0,4,6317,0.01,0.04,90.9,88.2,82.4,84.9,27.42,27.35,26.69,27.09
13.84,677,175.5,100,0,0.7,4,6319,0,0.04,90.9,88.2,82.4,84.9,27.42,27.35,26.69,27.09
13.88,679,175.6,100,0,-0.2,4,6321,-0.02,0.04,90.9,88.2,82.4,84.9,27.42,27.35,26.69,27.09
13.92,681,175.6,100,0,0,4,6323,0.03,0.04,90.9,88.2,82.4,84.9,27.42,27.35,26.69,27.09
13.96,683,175.7,100,0,-0.2,4,6325,0.03,0.04,90.9,88.2,82.4,84.9,27.42,27.35,26.69,27.09
14,685,175.8,100,0,0.2,4,6328,0.02,0.04,90.9,88.1,82.4,84.9,27.42,27.35,26.69,27.09
14.04,687,175.8,100,0,0.6,4,6330,0.01,0.04,90.9,88.1,82.4,84.9,27.42,27.35,26.69,27.09
14.08,689,175.9,100,0,-0.3,4,6332,0.01,0.04,90.9,88.1,82.3,84.8,27.41,27.35,26.69,27.09
14.12,691,175.9,100,0,0.7,4,6334,0.02,0.04,90.9,88.1,82.3,84.8,27.41,27.35,26.69,27.09
14.16,693,176,100,0,0.6,4,6336,-0.01,0.04,90.8,88.1,82.3,84.8,27.41,27.35,26.69,27.09
14.2,695,176.1,100,0,-0.1,4,6338,0.01,0.04,90.8,88.1,82.3,84.8,27.41,27.34,26.69,27.09
14.24,697,176.1,100,0,0.2,4,6340,0,0.04,90.8,88.1,82.3,84.8,27.41,27.34,26.69,27.09
14.28,699,176.2,100,0,-0.1,4,6342,-0.03,0.04,90.8,88.1,82.3,84.8,27.41,27.34,26.68,27.08
14.32,701,176.2,100,0,0,4,6344,0.02,0.04,90.8,88.1,82.3,84.8,27.41,27.34,26.68,27.08
14.36,702,176.3,100,0,-0.4,4,6346,0.03,0.04,90.8,88,82.3,84.8,27.41,27.34,26.68,27.08
14.4,704,176.3,100,0,0,4,6348,-0.04,0.04,90.8,88,82.3,84.8,27.41,27.34,26.68,27.08
14.44,706,176.4,100,0,0.2,4,6350,0.01,0.04,90.8,88,82.2,84.7,27.41,27.34,26.68,27.08
14.48,708,176.5,100,0,-0.3,4,6352,0,0.04,90.7,88,82.2,84.7,27.41,27.34,26.68,27.08
14.52,710,176.5,100,0,0.1,4,6354,0,0.04,90.7,88,82.2,84.7,27.4,27.34,26.68,27.08
14.56,712,211.5,0,0,1.1,4,7614,0,-1.85,90.8,88.1,82.2,84.7,27.41,27.35,26.68,27.08
14.6,715,211.5,0,3,-0.7,4,7614,0,-1.85,90.8,88.2,82.2,84.7,27.41,27.35,26.68,27.08
14.64,717,211.5,0,5,-0.9,4,7614,0,-1.85,90.9,88.4,82.2,84.7,27.41,27.36,26.68,27.08
14.68,719,211.5,0,7,0.4,4,7614,0,-1.85,90.9,88.5,82.2,84.7,27.42,27.37,26.68,27.08
14.72,722,211.5,0,9,-0.6,4,7614,0,-1.85,90.9,88.6,82.2,84.7,27.42,27.38,26.68,27.08
14.76,724,211.5,0,12,-0.6,4,7614,0,-1.85,91,88.7,82.2,84.7,27.42,27.39,26.68,27.08
14.8,726,211.5,0,14,-0.3,4,7614,0,-1.85,91,88.8,82.2,84.7,27.43,27.4,26.68,27.08
14.84,729,211.5,0,16,0.3,4,7614,0,-1.85,91.1,89,82.2,84.7,27.43,27.41,26.68,27.08
14.88,731,211.5,0,19,-1.1,4,7614,0,-1.85,91.1,89.1,82.2,84.7,27.43,27.42,26.68,27.08
14.92,733,211.5,0,21,-0.9,4,7614,0,-1.85,91.1,89.2,82.2,84.7,27.43,27.43,26.68,27.08
14.96,736,211.5,0,23,-0.1,4,7614,0,-1.85,91.2,89.3,82.2,84.7,27.44,27.44,26.68,27.08
15,738,211.5,0,26,0.9,4,7614,0,-1.85,91.2,89.4,82.2,84.7,27.44,27.44,26.68,27.08
15.04,740,211.5,0,28,0.3,4,7614,0,-1.85,91.3,89.6,82.2,84.7,27.44,27.45,26.68,27.08
15.08,743,211.5,0,30,1.5,4,7614,0,-1.85,91.3,89.7,82.2,84.7,27.45,27.46,26.68,27.08
15.12,745,211.5,0,33,0.1,4,7614,0,-1.85,91.3,89.8,82.2,84.7,27.45,27.47,26.68,27.08
15.16,748,211.5,0,35,-0.3,4,7614,0,-1.85,91.4,89.9,82.2,84.7,27.45,27.48,26.68,27.08
15.2,750,211.5,0,35,-0.5,4,7614,0,-1.85,91.4,90,82.2,84.7,27.46,27.49,26.68,27.08
15.24,752,211.5,0,35,0.4,4,7614,0,-1.85,91.5,90.2,82.2,84.7,27.46,27.5,26.68,27.08
15.28,755,211.5,0,35,0.7,4,7614,0,-1.85,91.5,90.3,82.2,84.7,27.46,27.51,26.68,27.08
15.32,757,211.5,0,35,0.2,4,7614,0,-1.85,91.5,90.4,82.2,84.7,27.46,27.52,26.68,27.08
15.36,759,211.5,0,35,-1,4,7614,0,-1.85,91.6,90.5,82.2,84.7,27.47,27.53,26.68,27.08
15.4,762,211.5,0,35,0.9,4,7614,0,-1.85,91.6,90.6,82.2,84.7,27.47,27.53,26.68,27.08
15.44,764,211.5,0,35,-1,4,7614,0,-1.85,91.7,90.8,82.2,84.7,27.47,27.54,26.68,27.08
15.48,766,211.5,0,35,0.3,4,7614,0,-1.85,91.7,90.9,82.2,84.7,27.48,27.55,26.68,27.08
15.52,769,211.5,0,35,-1.5,4,7614,0,-1.85,91.7,91,82.2,84.7,27.48,27.56,26.68,27.08
15.56,771,211.5,0,35,-0.9,4,7614,0,-1.85,91.8,91.1,82.2,84.7,27.48,27.57,26.68,27.08
15.6,773,211.5,0,35,0.4,4,7614,0,-1.85,91.8,91.2,82.2,84.7,27.49,27.58,26.68,27.08
15.64,776,211.5,0,35,0.3,4,7614,0,-1.85,91.9,91.4,82.2,84.7,27.49,27.59,26.68,27.08
15.68,778,211.5,0,35,2.1,4,7614,0,-1.85,91.9,91.5,82.2,84.7,27.49,27.6,26.68,27.08
15.72,780,211.5,0,35,0.3,4,7614,0,-1.85,91.9,91.6,82.2,84.7,27.49,27.61,26.68,27.08
15.76,783,211.5,0,35,-0.4,4,7614,0,-1.85,92,91.7,82.2,84.7,27.5,27.62,26.68,27.08
15.8,785,211.5,0,35,1.2,4,7614,0,-1.85,92,91.8,82.2,84.7,27.5,27.62,26.68,27.08
15.84,787,211.5,0,35,-1.5,4,7614,0,-1.85,92.1,92,82.2,84.7,27.5,27.63,26.68,27.08
15.88,790,211.5,0,35,-0.7,4,7614,0,-1.85,92.1,92.1,82.2,84.7,27.51,27.64,26.68,27.08
15.92,792,211.5,0,35,-0.5,4,7614,0,-1.85,92.1,92.2,82.2,84.7,27.51,27.65,26.68,27.08
15.96,795,211.5,0,35,0,4,7614,0,-1.85,92.2,92.3,82.2,84.7,27.51,27.66,26.68,27.08
16,797,211.5,0,35,-0.2,4,7614,0,-1.85,92.2,92.4,82.2,84.7,27.52,27.67,26.68,27.08
16.04,799,211.5,0,35,0.1,4,7614,0,-1.85,92.3,92.6,82.2,84.7,27.52,27.68,26.68,27.08
16.08,802,211.5,0,35,0.5,4,7614,0,-1.85,92.3,92.7,82.2,84.7,27.52,27.69,26.68,27.08
16.12,804,211.5,0,35,0.6,4,7614,0,-1.85,92.3,92.8,82.2,84.7,27.52,27.7,26.68,27.08
16.16,806,211.5,0,35,-0.5,4,7614,0,-1.85,92.4,92.9,82.2,84.7,27.53,27.71,26.68,27.08
16.2,809,211.5,0,35,0.3,4,7614,0,-1.85,92.4,93,82.2,84.7,27.53,27.71,26.68,27.08
16.24,811,211.5,0,35,0.4,4,7614,0,-1.85,92.5,93.2,82.2,84.7,27.53,27.72,26.68,27.08
16.28,813,211.5,0,35,0.6,4,7614,0,-1.85,92.5,93.3,82.2,84.7,27.54,27.73,26.68,27.08
16.32,816,211.5,0,35,0.9,4,7614,0,-1.85,92.5,93.4,82.2,84.7,27.54,27.74,26.68,27.08
16.36,818,211.5,0,35,0,4,7614,0,-1.85,92.6,93.5,82.2,84.7,27.54,27.75,26.68,27.08
16.4,820,211.5,0,35,-0.8,4,7614,-0.02,-1.39,92.6,93.6,82.2,84.7,27.55,27.76,26.68,27.08
16.44,823,211.5,0,34,-2.7,4,7614,-0.06,-1.36,92.7,93.8,82.2,84.7,27.55,27.77,26.68,27.08
16.48,825,211.5,0,33,-2,4,7614,-0.1,-1.34,92.7,93.9,82.2,84.7,27.55,27.78,26.68,27.08
16.52,827,211.5,0,32,-3,4,7614,-0.13,-1.31,92.7,94,82.2,84.7,27.55,27.79,26.68,27.08
16.56,830,211.5,0,31,-5.1,4,7614,-0.17,-1.29,92.8,94.1,82.2,84.7,27.56,27.8,26.68,27.08
16.6,832,211.5,0,30,-5.2,4,7614,-0.21,-1.26,92.8,94.2,82.2,84.7,27.56,27.8,26.68,27.08
16.64,834,211.5,0,29,-7.2,4,7614,-0.25,-1.24,92.9,94.4,82.2,84.7,27.56,27.81,26.68,27.08
16.68,837,211.5,0,29,-8.2,4,7614,-0.28,-1.21,92.9,94.5,82.2,84.7,27.57,27.82,26.68,27.08
16.72,839,211.5,0,28,-8.8,4,7614,-0.32,-1.19,92.9,94.6,82.2,84.7,27.57,27.83,26.68,27.08
16.76,842,211.5,0,27,-10.2,4,7614,-0.36,-1.16,93,94.7,82.2,84.7,27.57,27.84,26.68,27.08
16.8,844,211.5,0,26,-11.5,4,7614,-0.4,-1.13,93,94.8,82.2,84.7,27.58,27.85,26.68,27.08
16.84,846,211.5,0,25,-12.4,4,7614,-0.44,-1.11,93.1,95,82.2,84.7,27.58,27.86,26.68,27.08
16.88,849,211.5,0,24,-13.9,4,7614,-0.47,-1.08,93.1,95.1,82.2,84.7,27.58,27.87,26.68,27.08
16.92,851,211.5,0,24,-13.7,4,7614,-0.51,-1.06,93.1,95.2,82.2,84.7,27.58,27.88,26.68,27.08
16.96,853,211.5,0,23,-15.1,4,7614,-0.55,-1.03,93.2,95.3,82.2,84.7,27.59,27.89,26.68,27.08
17,856,211.5,0,22,-16.9,4,7614,-0.59,-1.01,93.2,95.4,82.2,84.7,27.59,27.89,26.68,27.08
17.04,858,211.5,0,21,-17,4,7614,-0.62,-0.98,93.3,95.6,82.2,84.7,27.59,27.9,26.68,27.08
17.08,860,211.5,0,21,-17.2,4,7614,-0.66,-0.96,93.3,95.7,82.2,84.7,27.6,27.91,26.68,27.08
17.12,863,211.5,0,20,-19.7,4,7614,-0.7,-0.93,93.3,95.8,82.2,84.7,27.6,27.92,26.68,27.08
17.16,865,211.5,0,19,-20.1,4,7614,-0.74,-0.91,93.4,95.9,82.2,84.7,27.6,27.93,26.68,27.08
17.2,867,211.5,0,18,-19.6,4,7614,-0.77,-0.88,93.4,96,82.2,84.7,27.61,27.94,26.68,27.08
17.24,870,211.5,0,18,-22.3,4,7614,-0.81,-0.86,93.5,96.2,82.2,84.7,27.61,27.95,26.68,27.08
17.28,872,211.5,0,17,-23.4,4,7614,-0.85,-0.83,93.5,96.3,82.2,84.7,27.61,27.96,26.68,27.08
17.32,874,211.5,0,16,-23.3,4,7614,-0.89,-0.81,93.5,96.4,82.2,84.7,27.61,27.97,26.68,27.08
17.36,877,211.5,0,16,-23.7,4,7614,-0.93,-0.78,93.6,96.5,82.2,84.7,27.62,27.98,26.68,27.08
17.4,879,211.5,0,15,-24.4,4,7614,-0.96,-0.76,93.6,96.6,82.2,84.7,27.62,27.98,26.68,27.08
17.44,881,211.5,0,14,-26.5,4,7614,-1,-0.73,93.7,96.8,82.2,84.7,27.62,27.99,26.68,27.08
17.48,884,211.5,0,13,-26.6,4,7614,-1.04,-0.71,93.7,96.9,82.2,84.7,27.63,28,26.68,27.08
17.52,886,211.5,0,13,-27.5,4,7614,-1.08,-0.68,93.7,97,82.2,84.7,27.63,28.01,26.68,27.08
17.56,889,211.5,0,12,-28.1,4,7614,-1.11,-0.66,93.8,97.1,82.2,84.7,27.63,28.02,26.68,27.08
17.6,891,211.5,0,12,-29.9,4,7614,-1.15,-0.63,93.8,97.2,82.2,84.7,27.64,28.03,26.68,27.08
17.64,893,211.5,0,11,-29.5,4,7614,-1.19,-0.61,93.9,97.4,82.2,84.7,27.64,28.04,26.68,27.08
17.68,896,211.5,0,10,-30,4,7614,-1.23,-0.58,93.9,97.5,82.2,84.7,27.64,28.05,26.68,27.08
17.72,898,211.5,0,10,-31.6,4,7614,-1.26,-0.56,93.9,97.6,82.2,84.7,27.64,28.06,26.68,27.08
17.76,900,211.5,0,9,-31.3,4,7614,-1.3,-0.53,94,97.7,82.2,84.7,27.65,28.07,26.68,27.08
17.8,903,211.5,0,8,-31.2,4,7614,-1.34,-0.51,94,97.8,82.2,84.7,27.65,28.07,26.68,27.08
17.84,905,211.5,0,8,-32.8,4,7614,-1.38,-0.48,94.1,98,82.2,84.7,27.65,28.08,26.68,27.08
17.88,907,211.5,0,7,-31.7,4,7614,-1.42,-0.46,94.1,98.1,82.2,84.7,27.66,28.09,26.68,27.08
17.92,910,211.5,0,7,-33.5,4,7614,-1.45,-0.43,94.1,98.2,82.2,84.7,27.66,28.1,26.68,27.08
17.96,912,211.5,0,6,-33.7,4,7614,-1.49,-0.41,94.2,98.3,82.2,84.7,27.66,28.11,26.68,27.08
18,914,211.5,0,6,-34.2,4,7614,-1.53,-0.38,94.2,98.4,82.2,84.7,27.67,28.12,26.68,27.08
18.04,917,211.5,0,5,-36.1,4,7614,-1.57,-0.36,94.3,98.6,82.2,84.7,27.67,28.13,26.68,27.08
18.08,919,211.5,0,5,-34.5,4,7614,-1.6,-0.33,94.3,98.7,82.2,84.7,27.67,28.14,26.68,27.08
18.12,921,211.5,0,4,-35.2,4,7614,-1.64,-0.31,94.3,98.8,82.2,84.7,27.67,28.15,26.68,27.08
18.16,924,211.5,0,4,-34.7,4,7614,-1.68,-0.28,94.4,98.9,82.2,84.7,27.68,28.16,26.68,27.08
18.2,926,211.5,0,3,-36.2,4,7614,-1.72,-0.26,94.4,99,82.2,84.7,27.68,28.16,26.68,27.08
18.24,928,211.5,0,3,-36.2,4,7614,-1.75,-0.23,94.5,99.2,82.2,84.7,27.68,28.17,26.68,27.08
18.28,931,211.5,0,2,-37.3,4,7614,-1.79,-0.21,94.5,99.3,82.2,84.7,27.69,28.18,26.68,27.08
18.32,933,211.5,0,2,-37.1,4,7614,-1.83,-0.18,94.5,99.4,82.2,84.7,27.69,28.19,26.68,27.08
18.36,936,211.5,0,2,-37.9,4,7614,-1.87,-0.15,94.6,99.5,82.2,84.7,27.69,28.2,26.68,27.08
18.4,938,211.5,0,1,-37.4,4,7614,-1.91,-0.13,94.6,99.6,82.2,84.7,27.7,28.21,26.68,27.08
18.44,940,211.5,0,1,-37.4,4,7614,-1.94,-0.1,94.7,99.8,82.2,84.7,27.7,28.22,26.68,27.08
18.48,943,211.5,0,1,-37.4,4,7614,-1.98,-0.08,94.7,99.9,82.2,84.7,27.7,28.23,26.68,27.08
18.52,945,211.5,0,0,-38.1,4,7614,-2.02,-0.05,94.7,100,82.2,84.7,27.7,28.24,26.68,27.08
18.56,947,211.5,0,0,-37.4,4,7614,-2.06,-0.03,94.8,100.1,82.2,84.7,27.71,28.25,26.68,27.08
18.6,950,211.5,0,0,-37,4,7614,-2.09,0,94.8,100.2,82.2,84.7,27.71,28.25,26.68,27.08
18.64,952,211.5,2,0,-36.7,4,7614,-1.94,0.01,94.8,100.2,82.3,84.8,27.71,28.25,26.68,27.08
18.68,954,211.5,4,0,-36.9,4,7614,-1.92,0.01,94.8,100.2,82.3,84.8,27.71,28.25,26.68,27.08
18.72,957,211.5,5,0,-35.9,4,7614,-1.9,0.02,94.8,100.2,82.3,84.8,27.71,28.25,26.69,27.09
18.76,959,211.5,7,0,-36.2,4,7614,-1.88,0.03,94.8,100.2,82.4,84.9,27.71,28.25,26.69,27.09
18.8,961,211.5,9,0,-36.2,4,7615,-1.86,0.04,94.8,100.2,82.4,84.9,27.71,28.25,26.69,27.09
18.84,964,211.5,10,0,-35.6,4,7615,-1.85,0.04,94.8,100.2,82.4,84.9,27.71,28.25,26.69,27.09
18.88,966,211.5,11,0,-34.7,4,7615,-1.83,0.05,94.8,100.2,82.5,85,27.71,28.25,26.7,27.1
18.92,968,211.5,13,0,-34.2,4,7616,-1.81,0.06,94.8,100.2,82.5,85,27.71,28.25,26.7,27.1
18.96,971,211.6,14,0,-33.1,4,7616,-1.79,0.07,94.8,100.2,82.5,85,27.71,28.25,26.7,27.1
19,973,211.6,16,0,-33.9,4,7616,-1.77,0.07,94.8,100.2,82.6,85.1,27.71,28.25,26.71,27.11
19.04,975,211.6,17,0,-33.8,4,7617,-1.76,0.08,94.8,100.2,82.6,85.1,27.71,28.25,26.71,27.11
19.08,978,211.6,18,0,-32.9,4,7617,-1.74,0.09,94.8,100.2,82.6,85.1,27.71,28.25,26.71,27.11
19.12,980,211.6,20,0,-32.3,4,7618,-1.72,0.1,94.8,100.2,82.7,85.2,27.71,28.25,26.71,27.11
19.16,983,211.6,21,0,-31.1,4,7618,-1.7,0.1,94.8,100.2,82.7,85.2,27.71,28.25,26.72,27.12
19.2,985,211.6,22,0,-31.3,4,7619,-1.69,0.11,94.8,100.2,82.7,85.2,27.71,28.25,26.72,27.12
19.24,987,211.6,23,0,-30.4,4,7619,-1.67,0.12,94.8,100.2,82.8,85.3,27.71,28.25,26.72,27.12
19.28,990,211.7,25,0,-31,4,7620,-1.65,0.12,94.8,100.2,82.8,85.3,27.71,28.25,26.72,27.12
19.32,992,211.7,26,0,-29.7,4,7620,-1.63,0.13,94.8,100.2,82.8,85.3,27.71,28.25,26.73,27.13
19.36,994,211.7,27,0,-29.9,4,7621,-1.61,0.14,94.8,100.2,82.9,85.4,27.71,28.25,26.73,27.13
19.4,997,211.7,28,0,-28.9,4,7622,-1.6,0.15,94.8,100.2,82.9,85.4,27.71,28.25,26.73,27.13
19.44,999,211.7,30,0,-29.1,4,7623,-1.58,0.15,94.8,100.2,83,85.5,27.71,28.25,26.73,27.13
19.48,1001,211.8,31,0,-27.8,4,7623,-1.56,0.16,94.8,100.2,83,85.5,27.71,28.25,26.74,27.14
19.52,1004,211.8,32,0,-28.4,4,7624,-1.54,0.17,94.8,100.2,83,85.5,27.71,28.25,26.74,27.14
19.56,1006,211.8,33,0,-27.3,4,7625,-1.53,0.18,94.8,100.2,83.1,85.6,27.71,28.25,26.74,27.14
19.6,1008,211.8,34,0,-27.1,4,7626,-1.51,0.18,94.8,100.2,83.1,85.6,27.71,28.25,26.74,27.14
19.64,1011,211.9,35,0,-26.2,4,7627,-1.49,0.19,94.8,100.2,83.1,85.6,27.71,28.25,26.75,27.15
19.68,1013,211.9,37,0,-26.2,4,7628,-1.47,0.2,94.8,100.2,83.2,85.7,27.71,28.25,26.75,27.15
19.72,1015,211.9,38,0,-26.4,4,7629,-1.45,0.21,94.8,100.2,83.2,85.7,27.71,28.25,26.75,27.15
19.76,1018,211.9,39,0,-24.9,4,7629,-1.44,0.21,94.8,100.2,83.2,85.7,27.71,28.25,26.75,27.15
19.8,1020,212,40,0,-24.8,4,7630,-1.42,0.22,94.8,100.2,83.3,85.8,27.71,28.25,26.76,27.16
19.84,1023,212,41,0,-24.1,4,7631,-1.4,0.23,94.8,100.2,83.3,85.8,27.71,28.25,26.76,27.16
19.88,1025,212,42,0,-24.4,4,7633,-1.38,0.24,94.8,100.2,83.3,85.8,27.71,28.25,26.76,27.16
19.92,1027,212,43,0,-23.3,4,7634,-1.37,0.24,94.8,100.2,83.4,85.9,27.71,28.25,26.77,27.17
19.96,1030,212.1,45,0,-23.3,4,7635,-1.35,0.25,94.8,100.2,83.4,85.9,27.71,28.25,26.77,27.17
20,1032,212.1,46,0,-22.5,4,7636,-1.33,0.26,94.8,100.2,83.4,85.9,27.71,28.25,26.77,27.17
20.04,1034,212.1,47,0,-22,4,7637,-1.31,0.27,94.8,100.2,83.5,86,27.71,28.25,26.77,27.17
20.08,1037,212.2,48,0,-22.3,4,7638,-1.29,0.27,94.8,100.2,83.5,86,27.71,28.25,26.78,27.18
20.12,1039,212.2,49,0,-22.1,4,7639,-1.28,0.28,94.8,100.2,83.5,86,27.71,28.25,26.78,27.18
20.16,1041,212.2,50,0,-21.3,4,7641,-1.26,0.29,94.8,100.2,83.6,86.1,27.71,28.25,26.78,27.18
20.2,1044,212.3,51,0,-20.6,4,7642,-1.24,0.3,94.8,100.2,83.6,86.1,27.71,28.25,26.78,27.18
20.24,1046,212.3,52,0,-19.9,4,7643,-1.22,0.3,94.8,100.2,83.7,86.2,27.71,28.25,26.79,27.19
20.28,1048,212.3,53,0,-19.1,4,7644,-1.2,0.31,94.8,100.2,83.7,86.2,27.71,28.25,26.79,27.19
20.32,1051,212.4,54,0,-18.7,4,7646,-1.19,0.32,94.8,100.2,83.7,86.2,27.71,28.25,26.79,27.19
20.36,1053,212.4,56,0,-19.7,4,7647,-1.17,0.33,94.8,100.2,83.8,86.3,27.71,28.25,26.79,27.19
20.4,1056,212.5,57,0,-18.5,4,7649,-1.15,0.33,94.8,100.2,83.8,86.3,27.71,28.25,26.8,27.2
20.44,1058,212.5,58,0,-17.4,4,7650,-1.13,0.34,94.8,100.2,83.8,86.3,27.71,28.25,26.8,27.2
20.48,1060,212.5,59,0,-18,4,7651,-1.11,0.35,94.8,100.2,83.9,86.4,27.71,28.25,26.8,27.2
20.52,1063,212.6,60,0,-17,4,7653,-1.1,0.36,94.8,100.2,83.9,86.4,27.71,28.25,26.8,27.2
20.56,1065,212.6,61,0,-17.1,4,7654,-1.08,0.36,94.8,100.2,83.9,86.4,27.71,28.25,26.81,27.21
20.6,1067,212.7,62,0,-16.3,4,7656,-1.06,0.37,94.8,100.2,84,86.5,27.71,28.25,26.81,27.21
20.64,1070,212.7,63,0,-15.9,4,7657,-1.04,0.38,94.8,100.2,84,86.5,27.71,28.25,26.81,27.21
20.68,1072,212.8,64,0,-15.6,4,7659,-1.03,0.39,94.8,100.2,84,86.5,27.71,28.25,26.82,27.22
20.72,1074,212.8,65,0,-15.4,4,7661,-1.01,0.39,94.8,100.2,84.1,86.6,27.71,28.25,26.82,27.22
20.76,1077,212.8,66,0,-15,4,7662,-0.99,0.4,94.8,100.2,84.1,86.6,27.71,28.25,26.82,27.22
20.8,1079,212.9,67,0,-13.7,4,7664,-0.97,0.41,94.8,100.2,84.1,86.6,27.71,28.25,26.82,27.22
20.84,1082,212.9,68,0,-13.2,4,7666,-0.95,0.42,94.8,100.2,84.2,86.7,27.71,28.25,26.83,27.23
20.88,1084,213,69,0,-12.8,4,7667,-0.94,0.42,94.8,100.2,84.2,86.7,27.71,28.25,26.83,27.23
20.92,1086,213,70,0,-13.4,4,7669,-0.92,0.43,94.8,100.2,84.2,86.7,27.71,28.25,26.83,27.23
20.96,1089,213.1,71,0,-12.3,4,7671,-0.9,0.44,94.8,100.2,84.3,86.8,27.71,28.25,26.83,27.23
21,1091,213.1,72,0,-12.1,4,7672,-0.88,0.44,94.8,100.2,84.3,86.8,27.71,28.25,26.84,27.24
21.04,1093,213.2,73,0,-11.6,4,7674,-0.86,0.45,94.8,100.2,84.4,86.9,27.71,28.25,26.84,27.24
21.08,1096,213.2,75,0,-11,4,7676,-0.85,0.46,94.8,100.2,84.4,86.9,27.71,28.25,26.84,27.24
21.12,1098,213.3,76,0,-10.9,4,7678,-0.83,0.47,94.8,100.2,84.4,86.9,27.71,28.25,26.84,27.24
21.16,1100,213.3,77,0,-10.1,4,7680,-0.81,0.47,94.8,100.2,84.5,87,27.71,28.25,26.85,27.25
21.2,1103,213.4,78,0,-10.2,4,7682,-0.79,0.48,94.8,100.2,84.5,87,27.71,28.25,26.85,27.25
21.24,1105,213.4,79,0,-9.2,4,7684,-0.77,0.49,94.8,100.2,84.5,87,27.71,28.25,26.85,27.25
21.28,1108,213.5,80,0,-9.2,4,7686,-0.76,0.5,94.8,100.2,84.6,87.1,27.71,28.25,26.85,27.25
21.32,1110,213.5,81,0,-8.5,4,7688,-0.74,0.5,94.8,100.2,84.6,87.1,27.71,28.25,26.86,27.26
21.36,1112,213.6,82,0,-7.9,4,7690,-0.72,0.51,94.8,100.2,84.6,87.1,27.71,28.25,26.86,27.26
21.4,1115,213.7,83,0,-7.3,4,7692,-0.7,0.52,94.8,100.2,84.7,87.2,27.71,28.25,26.86,27.26
21.44,1117,213.7,84,0,-7.8,4,7694,-0.68,0.53,94.8,100.2,84.7,87.2,27.71,28.25,26.87,27.27
21.48,1119,213.8,85,0,-6.5,4,7696,-0.67,0.53,94.8,100.2,84.7,87.2,27.71,28.25,26.87,27.27
21.52,1122,213.8,86,0,-6.5,4,7698,-0.65,0.54,94.8,100.2,84.8,87.3,27.71,28.25,26.87,27.27
21.56,1124,213.9,87,0,-5.5,4,7700,-0.63,0.55,94.8,100.2,84.8,87.3,27.71,28.25,26.87,27.27
21.6,1127,213.9,88,0,-5.6,4,7702,-0.61,0.56,94.8,100.2,84.8,87.3,27.71,28.25,26.88,27.28
21.64,1129,214,89,0,-4.4,4,7704,-0.59,0.56,94.8,100.2,84.9,87.4,27.71,28.25,26.88,27.28
21.68,1131,214.1,90,0,-4.8,4,7707,-0.58,0.57,94.8,100.2,84.9,87.4,27.71,28.25,26.88,27.28
21.72,1134,214.1,91,0,-3.9,4,7709,-0.56,0.58,94.8,100.2,84.9,87.4,27.71,28.25,26.88,27.28
21.76,1136,214.2,92,0,-3.4,4,7711,-0.54,0.59,94.8,100.2,85,87.5,27.71,28.25,26.89,27.29
21.8,1138,214.3,93,0,-3.4,4,7713,-0.52,0.59,94.8,100.2,85,87.5,27.71,28.25,26.89,27.29
21.84,1141,214.3,94,0,-2.6,4,7716,-0.5,0.6,94.8,100.2,85.1,87.6,27.71,28.25,26.89,27.29
21.88,1143,214.4,95,0,-2.9,4,7718,-0.49,0.61,94.8,100.2,85.1,87.6,27.71,28.25,26.89,27.29
21.92,1146,214.5,96,0,-2.1,4,7720,-0.47,0.62,94.8,100.2,85.1,87.6,27.71,28.25,26.9,27.3
21.96,1148,214.5,97,0,-1.5,4,7723,-0.45,0.62,94.8,100.2,85.2,87.7,27.71,28.25,26.9,27.3
22,1150,214.6,98,0,-0.8,4,7725,-0.43,0.63,94.8,100.2,85.2,87.7,27.71,28.25,26.9,27.3
22.04,1153,214.7,99,0,-0.1,4,7727,-0.41,0.64,94.8,100.2,85.2,87.7,27.71,28.25,26.9,27.3
22.08,1155,214.7,100,0,0.4,4,7730,-0.4,0.65,94.8,100.2,85.3,87.8,27.71,28.25,26.91,27.31
22.12,1158,214.8,100,0,0.6,4,7732,0.02,0.04,94.8,100.2,85.2,87.7,27.71,28.25,26.91,27.31
22.16,1160,214.8,100,0,0.3,4,7734,-0.03,0.04,94.8,100.2,85.2,87.7,27.71,28.25,26.91,27.31
22.2,1162,214.9,100,0,-0.1,4,7736,-0.02,0.04,94.8,100.2,85.2,87.7,27.71,28.25,26.9,27.3
22.24,1165,214.9,100,0,-0.1,4,7738,0.02,0.04,94.8,100.2,85.2,87.7,27.71,28.25,26.9,27.3
22.28,1167,215,100,0,0.1,5,6450,0.01,0.04,94.8,100.2,85.2,87.7,27.71,28.25,26.9,27.3
22.32,1169,215.1,100,0,-0.3,5,6452,0.02,0.04,94.7,100.2,85.2,87.7,27.71,28.25,26.9,27.3
22.36,1172,215.1,100,0,0.7,5,6454,-0.04,0.04,94.7,100.1,85.2,87.7,27.7,28.25,26.9,27.3
22.4,1174,215.2,100,0,0.4,5,6455,-0.04,0.04,94.7,100.1,85.2,87.7,27.7,28.25,26.9,27.3
22.44,1177,215.2,100,0,-0.3,5,6457,-0.01,0.04,94.7,100.1,85.2,87.7,27.7,28.25,26.9,27.3
22.48,1179,215.3,100,0,0.5,5,6459,0.02,0.04,94.7,100.1,85.1,87.6,27.7,28.25,26.9,27.3
22.52,1181,215.4,100,0,0,5,6461,-0.03,0.04,94.7,100.1,85.1,87.6,27.7,28.25,26.9,27.3
22.56,1184,215.4,100,0,0.7,5,6462,-0.02,0.04,94.7,100.1,85.1,87.6,27.7,28.24,26.9,27.3
22.6,1186,215.5,100,0,0.4,5,6464,-0.04,0.04,94.7,100.1,85.1,87.6,27.7,28.24,26.9,27.3
22.64,1189,215.5,100,0,0.2,5,6466,0,0.04,94.6,100.1,85.1,87.6,27.7,28.24,26.89,27.29
22.68,1191,215.6,100,0,0.1,5,6467,-0.06,0.04,94.6,100.1,85.1,87.6,27.7,28.24,26.89,27.29
22.72,1193,215.6,100,0,-0.4,5,6469,-0.02,0.04,94.6,100,85.1,87.6,27.7,28.24,26.89,27.29
22.76,1196,215.7,100,0,-0.2,5,6471,0.02,0.04,94.6,100,85.1,87.6,27.7,28.24,26.89,27.29
22.8,1198,215.8,100,0,-0.1,5,6473,0.01,0.04,94.6,100,85,87.5,27.69,28.24,26.89,27.29
22.84,1201,215.8,100,0,-0.4,5,6474,0.04,0.04,94.6,100,85,87.5,27.69,28.24,26.89,27.29
22.88,1203,215.9,100,0,-0.2,5,6476,-0.02,0.04,94.6,100,85,87.5,27.69,28.24,26.89,27.29
22.92,1205,215.9,100,0,0.6,5,6478,0.01,0.04,94.6,100,85,87.5,27.69,28.24,26.89,27.29
22.96,1208,216,100,0,-0.8,5,6480,0.02,0.04,94.5,100,85,87.5,27.69,28.24,26.89,27.29
23,1210,216,100,0,0.4,5,6481,0.03,0.04,94.5,100,85,87.5,27.69,28.23,26.89,27.29
23.04,1213,216.1,100,0,0.4,5,6483,0.01,0.04,94.5,99.9,85,87.5,27.69,28.23,26.89,27.29
23.08,1215,216.2,100,0,-0.5,5,6485,0.04,0.04,94.5,99.9,85,87.5,27.69,28.23,26.88,27.28
23.12,1217,216.2,100,0,-0.1,5,6486,-0.04,0.04,94.5,99.9,84.9,87.4,27.69,28.23,26.88,27.28
23.16,1220,216.3,100,0,0,5,6488,0.02,0.04,94.5,99.9,84.9,87.4,27.69,28.23,26.88,27.28
23.2,1222,216.3,100,0,0.6,5,6490,-0.02,0.04,94.5,99.9,84.9,87.4,27.69,28.23,26.88,27.28
23.24,1225,216.4,100,0,-0.1,5,6492,0,0.04,94.5,99.9,84.9,87.4,27.68,28.23,26.88,27.28
23.28,1227,216.4,100,0,0.6,5,6493,0.01,0.04,94.5,99.9,84.9,87.4,27.68,28.23,26.88,27.28
23.32,1229,216.5,100,0,0.3,5,6495,0.02,0.04,94.4,99.9,84.9,87.4,27.68,28.23,26.88,27.28
23.36,1232,216.6,100,0,0,5,6497,0,0.04,94.4,99.8,84.9,87.4,27.68,28.23,26.88,27.28
23.4,1234,216.6,100,0,-0.6,5,6499,0,0.04,94.4,99.8,84.9,87.4,27.68,28.23,26.88,27.28
23.44,1237,216.7,100,0,-0.1,5,6500,-0.02,0.04,94.4,99.8,84.9,87.4,27.68,28.22,26.88,27.28
23.48,1239,216.7,100,0,-0.2,5,6502,0,0.04,94.4,99.8,84.8,87.3,27.68,28.22,26.88,27.28
23.52,1241,216.8,100,0,0.2,5,6504,0,0.04,94.4,99.8,84.8,87.3,27.68,28.22,26.87,27.27
23.56,1244,216.8,100,0,0.4,5,6505,-0.01,0.04,94.4,99.8,84.8,87.3,27.68,28.22,26.87,27.27
23.6,1246,216.9,100,0,0.1,5,6507,0.01,0.04,94.4,99.8,84.8,87.3,27.68,28.22,26.87,27.27
23.64,1249,217,100,0,0.1,5,6509,-0.02,0.04,94.3,99.8,84.8,87.3,27.68,28.22,26.87,27.27
23.68,1251,217,100,0,0.6,5,6511,-0.01,0.04,94.3,99.8,84.8,87.3,27.67,28.22,26.87,27.27
23.72,1253,217.1,100,0,0.2,5,6512,0.01,0.04,94.3,99.7,84.8,87.3,27.67,28.22,26.87,27.27
23.76,1256,217.1,100,0,0.3,5,6514,-0.01,0.04,94.3,99.7,84.8,87.3,27.67,28.22,26.87,27.27
23.8,1258,217.2,100,0,0.5,5,6516,0.01,0.04,94.3,99.7,84.7,87.2,27.67,28.22,26.87,27.27
23.84,1261,217.3,100,0,0.3,5,6518,-0.02,0.04,94.3,99.7,84.7,87.2,27.67,28.22,26.87,27.27
23.88,1263,217.3,100,0,0.5,5,6519,0,0.04,94.3,99.7,84.7,87.2,27.67,28.21,26.87,27.27
23.92,1266,217.4,100,0,-0.7,5,6521,0.01,0.04,94.3,99.7,84.7,87.2,27.67,28.21,26.87,27.27
23.96,1268,217.4,100,0,0,5,6523,-0.02,0.04,94.2,99.7,84.7,87.2,27.67,28.21,26.86,27.26
24,1270,217.5,100,0,0,5,6524,-0.03,0.04,94.2,99.7,84.7,87.2,27.67,28.21,26.86,27.26
24.04,1273,217.4,0,4,-0.2,5,6521,0,-1.85,94.3,99.8,84.7,87.2,27.67,28.22,26.86,27.26
24.08,1275,216.9,0,16,0.1,5,6506,0,-1.85,94.3,99.9,84.7,87.2,27.67,28.23,26.86,27.26
24.12,1278,216,0,28,0.1,5,6481,0,-1.85,94.4,100,84.7,87.2,27.68,28.24,26.86,27.26
24.16,1280,214.9,0,39,-0.5,4,7735,0,-1.85,94.4,100.1,84.7,87.2,27.68,28.25,26.86,27.26
24.2,1282,213.3,0,51,-1.3,4,7680,0,-1.85,94.4,100.3,84.7,87.2,27.68,28.26,26.86,27.26
24.24,1285,211.5,0,63,0,4,7612,0,-1.85,94.5,100.4,84.7,87.2,27.69,28.27,26.86,27.26
24.28,1287,209.2,0,74,-0.6,4,7532,0,-1.85,94.5,100.5,84.7,87.2,27.69,28.27,26.86,27.26
24.32,1289,206.7,0,86,-0.3,4,7439,0,-1.85,94.6,100.6,84.7,87.2,27.69,28.28,26.86,27.26
24.36,1292,203.8,0,94,0.9,4,7338,0,-1.85,94.6,100.7,84.7,87.2,27.69,28.29,26.86,27.26
24.4,1294,201,0,94,1,4,7236,0,-1.85,94.6,100.9,84.7,87.2,27.7,28.3,26.86,27.26
24.44,1296,198.2,0,94,0.6,4,7135,0,-1.85,94.7,101,84.7,87.2,27.7,28.31,26.86,27.26
24.48,1298,195.4,0,94,-0.9,4,7033,0,-1.85,94.7,101.1,84.7,87.2,27.7,28.32,26.86,27.26
24.52,1301,192.6,0,94,-0.7,4,6932,0,-1.85,94.8,101.2,84.7,87.2,27.71,28.33,26.86,27.26
24.56,1303,189.7,0,94,-1.6,4,6830,0,-1.85,94.8,101.3,84.7,87.2,27.71,28.34,26.86,27.26
24.6,1305,186.9,0,94,1.7,4,6729,0,-1.85,94.8,101.5,84.7,87.2,27.71,28.35,26.86,27.26
24.64,1307,184.1,0,94,-0.5,4,6627,0,-1.85,94.9,101.6,84.7,87.2,27.72,28.36,26.86,27.26
24.68,1309,181.3,0,94,0.9,4,6526,0,-1.85,94.9,101.7,84.7,87.2,27.72,28.36,26.86,27.26
24.72,1311,178.5,0,94,-0.7,4,6424,0,-1.85,95,101.8,84.7,87.2,27.72,28.37,26.86,27.26
24.76,1313,175.6,0,94,-0.7,4,6323,0,-1.85,95,101.9,84.7,87.2,27.72,28.38,26.86,27.26
24.8,1315,172.8,0,94,0.8,3,7604,0,-1.85,95,102.1,84.7,87.2,27.73,28.39,26.86,27.26
24.84,1317,170,0,94,-0.4,3,7480,0,-1.85,95.1,102.2,84.7,87.2,27.73,28.4,26.86,27.26
24.88,1319,167.2,0,94,-0.1,3,7356,0,-1.85,95.1,102.3,84.7,87.2,27.73,28.41,26.86,27.26
24.92,1321,164.4,0,94,0.4,3,7232,0,-1.85,95.2,102.4,84.7,87.2,27.74,28.42,26.86,27.26
24.96,1322,161.5,0,94,-1.4,3,7107,0,-1.85,95.2,102.5,84.7,87.2,27.74,28.43,26.86,27.26
25,1324,158.7,0,94,-0.2,3,6983,0,-1.85,95.2,102.7,84.7,87.2,27.74,28.44,26.86,27.26
25.04,1326,155.9,0,94,-0.8,3,6859,0,-1.85,95.3,102.8,84.7,87.2,27.75,28.45,26.86,27.26
25.08,1328,153.1,0,94,-0.1,3,6735,0,-1.85,95.3,102.9,84.7,87.2,27.75,28.45,26.86,27.26
25.12,1329,150.3,0,94,1.3,3,6611,0,-1.85,95.4,103,84.7,87.2,27.75,28.46,26.86,27.26
25.16,1331,147.5,0,91,-2,3,6491,-0.05,-1.37,95.4,103.1,84.7,87.2,27.75,28.47,26.86,27.26
25.2,1333,144.9,0,88,-4.6,3,6375,-0.09,-1.34,95.4,103.3,84.7,87.2,27.76,28.48,26.86,27.26
25.24,1334,142.3,0,85,-7.7,3,6263,-0.14,-1.31,95.5,103.4,84.7,87.2,27.76,28.49,26.86,27.26
25.28,1336,139.9,0,82,-10.6,3,6154,-0.19,-1.27,95.5,103.5,84.7,87.2,27.76,28.5,26.86,27.26
25.32,1337,137.5,0,80,-12.5,3,6049,-0.24,-1.24,95.6,103.6,84.7,87.2,27.77,28.51,26.86,27.26
25.36,1339,135.2,0,77,-14.3,3,5947,-0.28,-1.21,95.6,103.7,84.7,87.2,27.77,28.52,26.86,27.26
25.4,1341,132.9,0,74,-16.9,2,7578,-0.33,-1.18,95.6,103.9,84.7,87.2,27.77,28.53,26.86,27.26
25.44,1342,130.8,0,72,-20,2,7455,-0.37,-1.15,95.7,104,84.7,87.2,27.78,28.54,26.86,27.26
25.48,1343,128.7,0,69,-21.3,2,7337,-0.41,-1.12,95.7,104.1,84.7,87.2,27.78,28.54,26.86,27.26
25.52,1345,126.7,0,67,-23,2,7222,-0.46,-1.1,95.8,104.2,84.7,87.2,27.78,28.55,26.86,27.26
25.56,1346,124.8,0,64,-26.5,2,7113,-0.5,-1.07,95.8,104.3,84.7,87.2,27.78,28.56,26.86,27.26
25.6,1348,122.9,0,62,-27.4,2,7007,-0.54,-1.04,95.8,104.5,84.7,87.2,27.79,28.57,26.86,27.26
25.64,1349,121.1,0,60,-30.3,2,6904,-0.58,-1.01,95.9,104.6,84.7,87.2,27.79,28.58,26.86,27.26
25.68,1350,119.4,0,58,-31.3,2,6805,-0.62,-0.99,95.9,104.7,84.7,87.2,27.79,28.59,26.86,27.26
25.72,1352,117.7,0,55,-34.1,2,6711,-0.66,-0.96,96,104.8,84.7,87.2,27.8,28.6,26.86,27.26
25.76,1353,116.1,0,53,-35,2,6620,-0.7,-0.93,96,104.9,84.7,87.2,27.8,28.61,26.86,27.26
25.8,1354,114.6,0,51,-37.5,2,6533,-0.74,-0.91,96,105.1,84.7,87.2,27.8,28.62,26.86,27.26
25.84,1356,113.1,0,49,-38.3,2,6449,-0.78,-0.88,96.1,105.2,84.7,87.2,27.81,28.63,26.86,27.26
25.88,1357,112.5,0,47,-40.8,2,6413,-0.81,-0.86,96.1,105.3,84.7,87.2,27.81,28.63,26.86,27.26
25.92,1358,112.5,0,45,-42.2,2,6413,-0.85,-0.83,96.2,105.4,84.7,87.2,27.81,28.64,26.86,27.26
25.96,1359,112.5,0,44,-43.7,2,6413,-0.89,-0.81,96.2,105.5,84.7,87.2,27.81,28.65,26.86,27.26
26,1361,112.5,0,42,-45,2,6413,-0.92,-0.78,96.2,105.7,84.7,87.2,27.82,28.66,26.86,27.26
26.04,1362,112.5,0,40,-46.6,2,6413,-0.96,-0.76,96.3,105.8,84.7,87.2,27.82,28.67,26.86,27.26
26.08,1363,112.5,0,38,-49.1,2,6413,-1,-0.73,96.3,105.9,84.7,87.2,27.82,28.68,26.86,27.26
26.12,1364,112.5,0,36,-49.4,2,6413,-1.04,-0.71,96.4,106,84.7,87.2,27.83,28.69,26.86,27.26
26.16,1366,112.5,0,34,-50.7,2,6413,-1.07,-0.68,96.4,106.1,84.7,87.2,27.83,28.7,26.86,27.26
26.2,1367,112.5,0,33,-51.5,2,6413,-1.11,-0.66,96.4,106.3,84.7,87.2,27.83,28.71,26.86,27.26
26.24,1368,112.5,0,31,-53.8,2,6413,-1.15,-0.63,96.5,106.4,84.7,87.2,27.84,28.72,26.86,27.26
26.28,1369,112.5,0,29,-55.1,2,6413,-1.19,-0.61,96.5,106.5,84.7,87.2,27.84,28.72,26.86,27.26
26.32,1371,112.5,0,28,-56.7,2,6413,-1.22,-0.58,96.6,106.6,84.7,87.2,27.84,28.73,26.86,27.26
26.36,1372,112.5,0,26,-57.7,2,6413,-1.26,-0.56,96.6,106.7,84.7,87.2,27.84,28.74,26.86,27.26
26.4,1373,112.5,0,24,-58,2,6413,-1.3,-0.54,96.6,106.9,84.7,87.2,27.85,28.75,26.86,27.26
26.44,1374,112.5,0,23,-58.7,2,6413,-1.33,-0.51,96.7,107,84.7,87.2,27.85,28.76,26.86,27.26
26.48,1376,112.5,0,21,-60.7,2,6413,-1.37,-0.49,96.7,107.1,84.7,87.2,27.85,28.77,26.86,27.26
26.52,1377,112.5,0,20,-62.5,2,6413,-1.41,-0.46,96.8,107.2,84.7,87.2,27.86,28.78,26.86,27.26
26.56,1378,112.5,0,18,-61.9,2,6413,-1.45,-0.44,96.8,107.3,84.7,87.2,27.86,28.79,26.86,27.26
26.6,1379,112.5,0,17,-63.5,2,6413,-1.48,-0.41,96.8,107.5,84.7,87.2,27.86,28.8,26.86,27.26
26.64,1381,112.5,0,15,-63.9,2,6413,-1.52,-0.39,96.9,107.6,84.7,87.2,27.87,28.81,26.86,27.26
26.68,1382,112.5,0,14,-65.2,2,6413,-1.56,-0.36,96.9,107.7,84.7,87.2,27.87,28.81,26.86,27.26
26.72,1383,112.5,0,13,-66.3,2,6413,-1.6,-0.34,97,107.8,84.7,87.2,27.87,28.82,26.86,27.26
26.76,1384,112.5,0,11,-67.8,2,6413,-1.63,-0.31,97,107.9,84.7,87.2,27.87,28.83,26.86,27.26
26.8,1386,112.5,0,10,-66.7,2,6413,-1.67,-0.29,97,108.1,84.7,87.2,27.88,28.84,26.86,27.26
26.84,1387,112.5,0,9,-67.1,2,6413,-1.71,-0.26,97.1,108.2,84.7,87.2,27.88,28.85,26.86,27.26
26.88,1388,112.5,0,8,-68.2,2,6413,-1.74,-0.24,97.1,108.3,84.7,87.2,27.88,28.86,26.86,27.26
26.92,1389,112.5,0,7,-69,2,6413,-1.78,-0.21,97.2,108.4,84.7,87.2,27.89,28.87,26.86,27.26
26.96,1391,112.5,0,6,-69.4,2,6413,-1.82,-0.19,97.2,108.5,84.7,87.2,27.89,28.88,26.86,27.26
27,1392,112.5,0,5,-69.6,2,6413,-1.86,-0.16,97.2,108.7,84.7,87.2,27.89,28.89,26.86,27.26
27.04,1393,112.5,0,4,-70.6,2,6413,-1.89,-0.14,97.3,108.8,84.7,87.2,27.9,28.9,26.86,27.26
27.08,1394,112.5,0,3,-69.8,2,6413,-1.93,-0.11,97.3,108.9,84.7,87.2,27.9,28.9,26.86,27.26
27.12,1396,112.5,0,2,-70.4,2,6413,-1.97,-0.09,97.4,109,84.7,87.2,27.9,28.91,26.86,27.26
27.16,1397,112.5,0,1,-70.7,2,6413,-2.01,-0.06,97.4,109.1,84.7,87.2,27.9,28.92,26.86,27.26
27.2,1398,112.5,0,1,-70,2,6413,-2.04,-0.04,97.4,109.3,84.7,87.2,27.91,28.93,26.86,27.26
27.24,1399,112.5,0,0,-70.4,2,6413,-2.08,-0.01,97.5,109.4,84.7,87.2,27.91,28.94,26.86,27.26
27.28,1401,112.5,1,0,-70,2,6413,-1.94,0,97.5,109.4,84.7,87.2,27.91,28.94,26.87,27.27
27.32,1402,112.5,3,0,-69.9,2,6413,-1.93,0.01,97.5,109.4,84.8,87.3,27.91,28.94,26.87,27.27
27.36,1403,112.5,4,0,-69,2,6413,-1.91,0.02,97.5,109.4,84.8,87.3,27.91,28.94,26.87,27.27
27.4,1404,112.5,6,0,-67.8,2,6414,-1.9,0.02,97.5,109.4,84.8,87.3,27.91,28.94,26.87,27.27
27.44,1406,112.5,7,0,-67.6,2,6414,-1.88,0.03,97.5,109.4,84.9,87.4,27.91,28.94,26.88,27.28
27.48,1407,112.5,8,0,-67.5,2,6415,-1.87,0.04,97.5,109.4,84.9,87.4,27.91,28.94,26.88,27.28
27.52,1408,112.6,10,0,-66.6,2,6415,-1.85,0.04,97.5,109.4,84.9,87.4,27.91,28.94,26.88,27.28
27.56,1409,112.6,11,0,-65.8,2,6416,-1.83,0.05,97.5,109.4,85,87.5,27.91,28.94,26.88,27.28
27.6,1411,112.6,12,0,-65.2,2,6417,-1.82,0.05,97.5,109.4,85,87.5,27.91,28.94,26.89,27.29
27.64,1412,112.6,13,0,-64.1,2,6418,-1.8,0.06,97.5,109.4,85,87.5,27.91,28.94,26.89,27.29
27.68,1413,112.6,15,0,-63.5,2,6419,-1.79,0.07,97.5,109.4,85.1,87.6,27.91,28.94,26.89,27.29
27.72,1414,112.6,16,0,-62.8,2,6420,-1.77,0.07,97.5,109.4,85.1,87.6,27.91,28.94,26.9,27.3
27.76,1416,112.7,17,0,-62.1,2,6422,-1.76,0.08,97.5,109.4,85.1,87.6,27.91,28.94,26.9,27.3
27.8,1417,112.7,18,0,-62,2,6423,-1.74,0.09,97.5,109.4,85.2,87.7,27.91,28.94,26.9,27.3
27.84,1418,112.7,19,0,-61.2,2,6424,-1.73,0.09,97.5,109.4,85.2,87.7,27.91,28.94,26.9,27.3
27.88,1419,112.7,20,0,-59.4,2,6426,-1.71,0.1,97.5,109.4,85.2,87.7,27.91,28.94,26.91,27.31
27.92,1421,112.8,21,0,-59.5,2,6427,-1.69,0.11,97.5,109.4,85.3,87.8,27.91,28.94,26.91,27.31
27.96,1422,112.8,23,0,-58.7,2,6429,-1.68,0.11,97.5,109.4,85.3,87.8,27.91,28.94,26.91,27.31
28,1423,112.8,24,0,-57.7,2,6431,-1.66,0.12,97.5,109.4,85.4,87.9,27.91,28.94,26.91,27.31
28.04,1424,112.9,25,0,-56.9,2,6433,-1.65,0.13,97.5,109.4,85.4,87.9,27.91,28.94,26.92,27.32
28.08,1426,112.9,26,0,-55.9,2,6434,-1.63,0.13,97.5,109.4,85.4,87.9,27.91,28.94,26.92,27.32
28.12,1427,112.9,27,0,-55.2,2,6436,-1.62,0.14,97.5,109.4,85.5,88,27.91,28.94,26.92,27.32
28.16,1428,113,28,0,-54.6,2,6438,-1.6,0.15,97.5,109.4,85.5,88,27.91,28.94,26.92,27.32
28.2,1429,113,29,0,-54.2,2,6441,-1.59,0.15,97.5,109.4,85.5,88,27.91,28.94,26.93,27.33
28.24,1431,113,30,0,-53.1,2,6443,-1.57,0.16,97.5,109.4,85.6,88.1,27.91,28.94,26.93,27.33
28.28,1432,113.1,31,0,-52.4,2,6445,-1.56,0.16,97.5,109.4,85.6,88.1,27.91,28.94,26.93,27.33
28.32,1433,113.1,32,0,-52.8,2,6447,-1.54,0.17,97.5,109.4,85.6,88.1,27.91,28.94,26.93,27.33
28.36,1434,113.2,33,0,-51.9,2,6450,-1.52,0.18,97.5,109.4,85.7,88.2,27.91,28.94,26.94,27.34
28.4,1436,113.2,34,0,-50.8,2,6452,-1.51,0.18,97.5,109.4,85.7,88.2,27.91,28.94,26.94,27.34
28.44,1437,113.2,35,0,-50.1,2,6455,-1.49,0.19,97.5,109.4,85.7,88.2,27.91,28.94,26.94,27.34
28.48,1438,113.3,36,0,-48.9,2,6458,-1.48,0.2,97.5,109.4,85.8,88.3,27.91,28.94,26.95,27.35
28.52,1439,113.3,37,0,-48.2,2,6460,-1.46,0.2,97.5,109.4,85.8,88.3,27.91,28.94,26.95,27.35
28.56,1441,113.4,38,0,-47.7,2,6463,-1.45,0.21,97.5,109.4,85.8,88.3,27.91,28.94,26.95,27.35
28.6,1442,113.4,39,0,-47.3,2,6466,-1.43,0.22,97.5,109.4,85.9,88.4,27.91,28.94,26.95,27.35
28.64,1443,113.5,40,0,-46.7,2,6469,-1.41,0.22,97.5,109.4,85.9,88.4,27.91,28.94,26.96,27.36
28.68,1444,113.5,41,0,-45.9,2,6472,-1.4,0.23,97.5,109.4,85.9,88.4,27.91,28.94,26.96,27.36
28.72,1446,113.6,42,0,-44.6,2,6475,-1.38,0.24,97.5,109.4,86,88.5,27.91,28.94,26.96,27.36
28.76,1447,113.6,43,0,-44.5,2,6478,-1.37,0.24,97.5,109.4,86,88.5,27.91,28.94,26.96,27.36
28.8,1448,113.7,44,0,-43.2,2,6481,-1.35,0.25,97.5,109.4,86.1,88.6,27.91,28.94,26.97,27.37
28.84,1450,113.8,45,0,-41.7,2,6484,-1.34,0.26,97.5,109.4,86.1,88.6,27.91,28.94,26.97,27.37
28.88,1451,113.8,46,0,-42.3,2,6488,-1.32,0.26,97.5,109.4,86.1,88.6,27.91,28.94,26.97,27.37
28.92,1452,113.9,47,0,-42.4,2,6491,-1.31,0.27,97.5,109.4,86.2,88.7,27.91,28.94,26.97,27.37
28.96,1453,113.9,48,0,-40.3,2,6495,-1.29,0.28,97.5,109.4,86.2,88.7,27.91,28.94,26.98,27.38
29,1455,114,49,0,-40.3,2,6498,-1.27,0.28,97.5,109.4,86.2,88.7,27.91,28.94,26.98,27.38
29.04,1456,114.1,50,0,-39.4,2,6502,-1.26,0.29,97.5,109.4,86.3,88.8,27.91,28.94,26.98,27.38
29.08,1457,114.1,51,0,-39.1,2,6506,-1.24,0.29,97.5,109.4,86.3,88.8,27.91,28.94,26.98,27.38
29.12,1458,114.2,52,0,-37.9,2,6509,-1.23,0.3,97.5,109.4,86.3,88.8,27.91,28.94,26.99,27.39
29.16,1460,114.3,53,0,-37.6,2,6513,-1.21,0.31,97.5,109.4,86.4,88.9,27.91,28.94,26.99,27.39
29.2,1461,114.3,54,0,-36.5,2,6517,-1.2,0.31,97.5,109.4,86.4,88.9,27.91,28.94,26.99,27.39
29.24,1462,114.4,55,0,-36.1,2,6521,-1.18,0.32,97.5,109.4,86.4,88.9,27.91,28.94,27,27.4
29.28,1463,114.5,56,0,-35.5,2,6525,-1.16,0.33,97.5,109.4,86.5,89,27.91,28.94,27,27.4
29.32,1465,114.5,57,0,-34.7,2,6529,-1.15,0.33,97.5,109.4,86.5,89,27.91,28.94,27,27.4
29.36,1466,114.6,58,0,-33.8,2,6533,-1.13,0.34,97.5,109.4,86.5,89,27.91,28.94,27,27.4
29.4,1467,114.7,59,0,-32.8,2,6538,-1.12,0.35,97.5,109.4,86.6,89.1,27.91,28.94,27.01,27.41
29.44,1469,114.8,60,0,-33.5,2,6542,-1.1,0.35,97.5,109.4,86.6,89.1,27.91,28.94,27.01,27.41
29.48,1470,114.8,61,0,-31.3,2,6546,-1.09,0.36,97.5,109.4,86.6,89.1,27.91,28.94,27.01,27.41
29.52,1471,114.9,62,0,-30.7,2,6551,-1.07,0.37,97.5,109.4,86.7,89.2,27.91,28.94,27.01,27.41
29.56,1472,115,62,0,-29.6,2,6555,-1.05,0.37,97.5,109.4,86.7,89.2,27.91,28.94,27.02,27.42
29.6,1474,115.1,63,0,-29.5,2,6560,-1.04,0.38,97.5,109.4,86.8,89.3,27.91,28.94,27.02,27.42
29.64,1475,115.2,64,0,-28.6,2,6564,-1.02,0.39,97.5,109.4,86.8,89.3,27.91,28.94,27.02,27.42
29.68,1476,115.2,65,0,-28.4,2,6569,-1.01,0.39,97.5,109.4,86.8,89.3,27.91,28.94,27.02,27.42
29.72,1478,115.3,66,0,-27.7,2,6574,-0.99,0.4,97.5,109.4,86.9,89.4,27.91,28.94,27.03,27.43
29.76,1479,115.4,67,0,-26,2,6579,-0.97,0.41,97.5,109.4,86.9,89.4,27.91,28.94,27.03,27.43
29.8,1480,115.5,68,0,-25.6,2,6584,-0.96,0.41,97.5,109.4,86.9,89.4,27.91,28.94,27.03,27.43
29.84,1481,115.6,69,0,-24.8,2,6588,-0.94,0.42,97.5,109.4,87,89.5,27.91,28.94,27.03,27.43
29.88,1483,115.7,70,0,-23.7,2,6593,-0.93,0.43,97.5,109.4,87,89.5,27.91,28.94,27.04,27.44
29.92,1484,115.8,71,0,-23.1,2,6599,-0.91,0.43,97.5,109.4,87,89.5,27.91,28.94,27.04,27.44
29.96,1485,115.9,72,0,-23.1,2,6604,-0.89,0.44,97.5,109.4,87.1,89.6,27.91,28.94,27.04,27.44
30,1487,115.9,73,0,-22.6,2,6609,-0.88,0.45,97.5,109.4,87.1,89.6,27.91,28.94,27.05,27.45
30.04,1488,116,74,0,-21.2,2,6614,-0.86,0.45,97.5,109.4,87.1,89.6,27.91,28.94,27.05,27.45
30.08,1489,116.1,74,0,-20.5,2,6619,-0.85,0.46,97.5,109.4,87.2,89.7,27.91,28.94,27.05,27.45
30.12,1490,116.2,75,0,-19,2,6625,-0.83,0.47,97.5,109.4,87.2,89.7,27.91,28.94,27.05,27.45
30.16,1492,116.3,76,0,-20.1,2,6630,-0.82,0.47,97.5,109.4,87.2,89.7,27.91,28.94,27.06,27.46
30.2,1493,116.4,77,0,-18.8,2,6636,-0.8,0.48,97.5,109.4,87.3,89.8,27.91,28.94,27.06,27.46
30.24,1494,116.5,78,0,-17.6,2,6641,-0.78,0.49,97.5,109.4,87.3,89.8,27.91,28.94,27.06,27.46
30.28,1496,116.6,79,0,-17,2,6647,-0.77,0.49,97.5,109.4,87.3,89.8,27.91,28.94,27.06,27.46
30.32,1497,116.7,80,0,-16.8,2,6653,-0.75,0.5,97.5,109.4,87.4,89.9,27.91,28.94,27.07,27.47
30.36,1498,116.8,81,0,-15.4,2,6658,-0.73,0.51,97.5,109.4,87.4,89.9,27.91,28.94,27.07,27.47
30.4,1499,116.9,82,0,-15.2,2,6664,-0.72,0.51,97.5,109.4,87.5,90,27.91,28.94,27.07,27.47
30.44,1501,117,83,0,-13.6,2,6670,-0.7,0.52,97.5,109.4,87.5,90,27.91,28.94,27.07,27.47
30.48,1502,117.1,84,0,-13.3,2,6676,-0.69,0.53,97.5,109.4,87.5,90,27.91,28.94,27.08,27.48
30.52,1503,117.2,84,0,-12.9,2,6682,-0.67,0.53,97.5,109.4,87.6,90.1,27.91,28.94,27.08,27.48
30.56,1505,117.3,85,0,-12.2,2,6688,-0.65,0.54,97.5,109.4,87.6,90.1,27.91,28.94,27.08,27.48
30.6,1506,117.4,86,0,-10.9,2,6694,-0.64,0.55,97.5,109.4,87.6,90.1,27.91,28.94,27.08,27.48
30.64,1507,117.5,87,0,-10.8,2,6700,-0.62,0.55,97.5,109.4,87.7,90.2,27.91,28.94,27.09,27.49
30.68,1509,117.7,88,0,-10.1,2,6706,-0.61,0.56,97.5,109.4,87.7,90.2,27.91,28.94,27.09,27.49
30.72,1510,117.8,89,0,-8.1,2,6712,-0.59,0.57,97.5,109.4,87.7,90.2,27.91,28.94,27.09,27.49
30.76,1511,117.9,90,0,-8.3,2,6719,-0.57,0.57,97.5,109.4,87.8,90.3,27.91,28.94,27.09,27.49
30.8,1512,118,91,0,-7.6,2,6725,-0.56,0.58,97.5,109.4,87.8,90.3,27.91,28.94,27.1,27.5
30.84,1514,118.1,92,0,-7,2,6732,-0.54,0.59,97.5,109.4,87.8,90.3,27.91,28.94,27.1,27.5
30.88,1515,118.2,93,0,-5.4,2,6738,-0.52,0.59,97.5,109.4,87.9,90.4,27.91,28.94,27.1,27.5
30.92,1516,118.3,93,0,-5.2,2,6745,-0.51,0.6,97.5,109.4,87.9,90.4,27.91,28.94,27.11,27.51
30.96,1518,118.4,94,0,-3.6,2,6751,-0.49,0.61,97.5,109.4,87.9,90.4,27.91,28.94,27.11,27.51
31,1519,118.6,95,0,-3.8,2,6758,-0.48,0.61,97.5,109.4,88,90.5,27.91,28.94,27.11,27.51
31.04,1520,118.7,96,0,-3.2,2,6765,-0.46,0.62,97.5,109.4,88,90.5,27.91,28.94,27.11,27.51
31.08,1522,118.8,97,0,-2.7,2,6771,-0.44,0.63,97.5,109.4,88,90.5,27.91,28.94,27.12,27.52
31.12,1523,118.9,98,0,-1.6,2,6778,-0.43,0.63,97.5,109.4,88.1,90.6,27.91,28.94,27.12,27.52
31.16,1524,119,99,0,-1.2,2,6785,-0.41,0.64,97.5,109.4,88.1,90.6,27.91,28.94,27.12,27.52
31.2,1526,119.2,100,0,-0.2,2,6792,-0.39,0.65,97.5,109.4,88.2,90.7,27.91,28.94,27.12,27.52
31.24,1527,119.2,100,0,-0.1,2,6795,-0.04,0.04,97.5,109.4,88.1,90.6,27.91,28.94,27.12,27.52
31.28,1528,119.3,100,0,0.5,2,6799,-0.03,0.04,97.5,109.4,88.1,90.6,27.91,28.94,27.12,27.52
31.32,1530,119.3,100,0,0.1,2,6802,-0.03,0.04,97.4,109.3,88.1,90.6,27.91,28.94,27.12,27.52
31.36,1531,119.4,100,0,0.1,2,6805,0.01,0.04,97.4,109.3,88.1,90.6,27.91,28.94,27.12,27.52
31.4,1532,119.4,100,0,0,2,6808,-0.01,0.04,97.4,109.3,88.1,90.6,27.91,28.94,27.12,27.52
31.44,1534,119.5,100,0,0.7,2,6812,0.02,0.04,97.4,109.3,88.1,90.6,27.91,28.94,27.12,27.52
31.48,1535,119.6,100,0,-0.5,2,6815,0.02,0.04,97.4,109.3,88.1,90.6,27.9,28.93,27.12,27.52
31.52,1536,119.6,100,0,-0.4,2,6818,0.05,0.04,97.4,109.3,88.1,90.6,27.9,28.93,27.12,27.52
31.56,1538,119.7,100,0,-0.4,2,6822,-0.02,0.04,97.4,109.3,88,90.5,27.9,28.93,27.12,27.52
31.6,1539,119.7,100,0,-0.7,2,6825,0.05,0.04,97.4,109.3,88,90.5,27.9,28.93,27.11,27.51
31.64,1540,119.8,100,0,0.6,2,6828,0.01,0.04,97.3,109.2,88,90.5,27.9,28.93,27.11,27.51
31.68,1542,119.8,100,0,-0.9,2,6831,0.02,0.04,97.3,109.2,88,90.5,27.9,28.93,27.11,27.51
31.72,1543,119.9,100,0,0,2,6835,0,0.04,97.3,109.2,88,90.5,27.9,28.93,27.11,27.51
31.76,1544,120,100,0,0.6,2,6838,-0.01,0.04,97.3,109.2,88,90.5,27.9,28.93,27.11,27.51
31.8,1546,120,100,0,0,2,6020,-0.03,0.04,97.3,109.2,88,90.5,27.9,28.93,27.11,27.51
31.84,1547,120.1,100,0,0,2,6024,-0.03,0.04,97.3,109.2,88,90.5,27.9,28.93,27.11,27.51
31.88,1548,120.1,100,0,-0.1,2,6026,0.04,0.04,97.3,109.2,87.9,90.4,27.9,28.93,27.11,27.51
31.92,1550,120.2,100,0,0.1,2,6029,-0.01,0.04,97.3,109.2,87.9,90.4,27.89,28.92,27.11,27.51
31.96,1551,120.3,100,0,-0.2,2,6032,0.03,0.04,97.2,109.1,87.9,90.4,27.89,28.92,27.11,27.51
32,1552,120.3,100,0,-0.5,2,6035,0,0.04,97.2,109.1,87.9,90.4,27.89,28.92,27.11,27.51
32.04,1554,120.4,100,0,0.1,2,6038,0.01,0.04,97.2,109.1,87.9,90.4,27.89,28.92,27.1,27.5
32.08,1555,120.4,100,0,-0.1,2,6040,-0.01,0.04,97.2,109.1,87.9,90.4,27.89,28.92,27.1,27.5
32.12,1556,120.5,100,0,0.3,2,6044,-0.01,0.04,97.2,109.1,87.9,90.4,27.89,28.92,27.1,27.5
32.16,1558,120.5,100,0,0.3,2,6046,-0.01,0.04,97.2,109.1,87.9,90.4,27.89,28.92,27.1,27.5
32.2,1559,120.6,100,0,-0.2,2,6049,-0.04,0.04,97.2,109.1,87.9,90.4,27.89,28.92,27.1,27.5
32.24,1560,120.7,100,0,-0.7,2,6052,0.01,0.04,97.2,109.1,87.8,90.3,27.89,28.92,27.1,27.5
32.28,1562,120.7,100,0,-0.3,2,6055,0.02,0.04,97.2,109.1,87.8,90.3,27.89,28.92,27.1,27.5
32.32,1563,120.8,100,0,0.3,2,6058,0.01,0.04,97.1,109,87.8,90.3,27.89,28.92,27.1,27.5
32.36,1564,120.8,100,0,0,2,6061,-0.03,0.04,97.1,109,87.8,90.3,27.88,28.91,27.1,27.5
32.4,1566,120.9,100,0,0.3,2,6063,-0.03,0.04,97.1,109,87.8,90.3,27.88,28.91,27.1,27.5
32.44,1567,120.9,100,0,-0.7,2,6067,0.05,0.04,97.1,109,87.8,90.3,27.88,28.91,27.1,27.5
32.48,1568,121,100,0,0.8,2,6069,0,0.04,97.1,109,87.8,90.3,27.88,28.91,27.1,27.5
32.52,1570,121.1,100,0,-0.5,2,6072,-0.01,0.04,97.1,109,87.8,90.3,27.88,28.91,27.09,27.49
32.56,1571,121.1,100,0,-0.2,2,6076,0.01,0.04,97.1,109,87.7,90.2,27.88,28.91,27.09,27.49
32.6,1572,121.2,100,0,0,2,6078,-0.03,0.04,97.1,109,87.7,90.2,27.88,28.91,27.09,27.49
32.64,1574,121.2,100,0,0,2,6910,0,0.04,97,108.9,87.7,90.2,27.88,28.91,27.09,27.49
32.68,1575,121.3,100,0,0.1,2,6913,-0.03,0.04,97,108.9,87.7,90.2,27.88,28.91,27.09,27.49
32.72,1576,121.3,100,0,0.2,2,6917,0.03,0.04,97,108.9,87.7,90.2,27.88,28.91,27.09,27.49
32.76,1578,121.4,100,0,-0.3,2,6920,0.03,0.04,97,108.9,87.7,90.2,27.88,28.91,27.09,27.49
32.8,1579,121.5,100,0,0.1,2,6923,-0.01,0.04,97,108.9,87.7,90.2,27.87,28.9,27.09,27.49
32.84,1580,121.5,100,0,-0.5,2,6927,0,0.04,97,108.9,87.7,90.2,27.87,28.9,27.09,27.49
32.88,1582,121.6,100,0,0.2,2,6930,0.01,0.04,97,108.9,87.6,90.1,27.87,28.9,27.09,27.49
32.92,1583,121.6,100,0,0.2,2,6933,0.01,0.04,97,108.9,87.6,90.1,27.87,28.9,27.09,27.49
32.96,1585,121.7,100,0,0.3,2,6936,0.01,0.04,96.9,108.8,87.6,90.1,27.87,28.9,27.08,27.48
33,1586,121.7,100,0,0.7,2,6940,0.01,0.04,96.9,108.8,87.6,90.1,27.87,28.9,27.08,27.48
33.04,1587,121.8,100,0,0.2,2,6943,0.01,0.04,96.9,108.8,87.6,90.1,27.87,28.9,27.08,27.48
33.08,1589,121.9,100,0,0.3,2,6946,0.03,0.04,96.9,108.8,87.6,90.1,27.87,28.9,27.08,27.48
33.12,1590,121.9,100,0,0.6,2,6950,-0.02,0.04,96.9,108.8,87.6,90.1,27.87,28.9,27.08,27.48
33.16,1591,122,100,0,0,2,6953,0,0.04,96.9,108.8,87.6,90.1,27.87,28.9,27.08,27.48
33.2,1593,122,100,0,0.9,2,6956,-0.03,0.04,96.9,108.8,87.6,90.1,27.87,28.9,27.08,27.48
33.24,1594,122.1,100,0,-0.6,2,6959,0.02,0.04,96.9,108.8,87.5,90,27.86,28.89,27.08,27.48
33.28,1595,122.2,100,0,0.4,2,6963,0,0.04,96.9,108.8,87.5,90,27.86,28.89,27.08,27.48
33.32,1597,122.2,100,0,0.2,2,6966,0,0.04,96.8,108.7,87.5,90,27.86,28.89,27.08,27.48
33.36,1598,122.3,100,0,0.6,2,6969,0.01,0.04,96.8,108.7,87.5,90,27.86,28.89,27.08,27.48
33.4,1599,122.3,100,0,0.1,2,6973,0.01,0.04,96.8,108.7,87.5,90,27.86,28.89,27.07,27.47
33.44,1601,122.4,100,0,-0.3,2,6976,-0.01,0.04,96.8,108.7,87.5,90,27.86,28.89,27.07,27.47
33.48,1602,122.4,100,0,0.4,2,6979,0.03,0.04,96.8,108.7,87.5,90,27.86,28.89,27.07,27.47
33.52,1603,122.5,100,0,1.3,2,6982,-0.02,0.04,96.8,108.7,87.5,90,27.86,28.89,27.07,27.47
33.56,1605,122.6,100,0,0.5,2,6986,0,0.04,96.8,108.7,87.4,89.9,27.86,28.89,27.07,27.47
33.6,1606,122.6,100,0,0.6,2,6989,0.01,0.04,96.8,108.7,87.4,89.9,27.86,28.89,27.07,27.47
33.64,1608,122.7,100,0,-0.4,2,6992,-0.01,0.04,96.7,108.6,87.4,89.9,27.86,28.89,27.07,27.47
33.68,1609,122.7,100,0,-0.3,2,6996,-0.03,0.04,96.7,108.6,87.4,89.9,27.85,28.88,27.07,27.47
33.72,1610,122.8,100,0,-0.4,2,6999,0,0.04,96.7,108.6,87.4,89.9,27.85,28.88,27.07,27.47
33.76,1612,122.8,100,0,-0.3,2,7002,0.02,0.04,96.7,108.6,87.4,89.9,27.85,28.88,27.07,27.47
33.8,1613,122.9,100,0,-0.3,2,7005,0,0.04,96.7,108.6,87.4,89.9,27.85,28.88,27.07,27.47
33.84,1614,123,100,0,-0.3,2,7009,0.01,0.04,96.7,108.6,87.4,89.9,27.85,28.88,27.06,27.46
33.88,1616,123,100,0,0.5,2,7012,0.05,0.04,96.7,108.6,87.3,89.8,27.85,28.88,27.06,27.46
33.92,1617,123.1,100,0,-0.4,2,7015,0,0.04,96.7,108.6,87.3,89.8,27.85,28.88,27.06,27.46
33.96,1619,123.1,100,0,-0.2,2,7019,0.01,0.04,96.6,108.5,87.3,89.8,27.85,28.88,27.06,27.46
34,1620,123.2,100,0,0.3,2,7022,0,0.04,96.6,108.5,87.3,89.8,27.85,28.88,27.06,27.46
34.04,1621,123.2,100,0,0.4,2,7025,-0.01,0.04,96.6,108.5,87.3,89.8,27.85,28.88,27.06,27.46
34.08,1623,123.3,100,0,-0.3,2,7028,-0.02,0.04,96.6,108.5,87.3,89.8,27.85,28.88,27.06,27.46
34.12,1624,123.4,100,0,0.7,2,7032,0.03,0.04,96.6,108.5,87.3,89.8,27.85,28.88,27.06,27.46
34.16,1625,123.4,100,0,-0.6,2,7035,0.02,0.04,96.6,108.5,87.3,89.8,27.84,28.87,27.06,27.46
34.2,1627,123.5,100,0,-0.2,2,7038,0.04,0.04,96.6,108.5,87.3,89.8,27.84,28.87,27.06,27.46
34.24,1628,123.5,100,0,0.1,2,7042,0.01,0.04,96.6,108.5,87.2,89.7,27.84,28.87,27.06,27.46
34.28,1629,123.6,100,0,0.7,2,7045,-0.02,0.04,96.6,108.5,87.2,89.7,27.84,28.87,27.05,27.45
34.32,1631,123.7,100,0,0.1,2,7048,0.01,0.04,96.5,108.4,87.2,89.7,27.84,28.87,27.05,27.45
34.36,1632,123.7,100,0,0.3,2,7051,-0.01,0.04,96.5,108.4,87.2,89.7,27.84,28.87,27.05,27.45
34.4,1634,123.8,100,0,-0.6,2,7055,0,0.04,96.5,108.4,87.2,89.7,27.84,28.87,27.05,27.45
34.44,1635,123.8,100,0,0.1,2,7058,0.02,0.04,96.5,108.4,87.2,89.7,27.84,28.87,27.05,27.45
34.48,1636,123.9,100,0,-0.1,2,7061,0.02,0.04,96.5,108.4,87.2,89.7,27.84,28.87,27.05,27.45
34.52,1638,123.9,100,0,0.2,2,7065,-0.01,0.04,96.5,108.4,87.2,89.7,27.84,28.87,27.05,27.45
34.56,1639,124,100,0,0.2,2,7068,0.04,0.04,96.5,108.4,87.1,89.6,27.84,28.87,27.05,27.45
34.6,1640,124.1,100,0,0,2,7071,-0.05,0.04,96.5,108.4,87.1,89.6,27.83,28.86,27.05,27.45
34.64,1642,124.1,100,0,0.2,2,7074,0,0.04,96.4,108.3,87.1,89.6,27.83,28.86,27.05,27.45
34.68,1643,124.2,100,0,0,2,7078,-0.02,0.04,96.4,108.3,87.1,89.6,27.83,28.86,27.05,27.45
34.72,1645,124.2,100,0,0.5,2,7081,0.01,0.04,96.4,108.3,87.1,89.6,27.83,28.86,27.04,27.44
34.76,1646,124.3,100,0,0.3,2,7084,-0.01,0.04,96.4,108.3,87.1,89.6,27.83,28.86,27.04,27.44
34.8,1647,124.3,100,0,0.1,2,7087,0,0.04,96.4,108.3,87.1,89.6,27.83,28.86,27.04,27.44
34.84,1649,124.4,100,0,0.2,2,7091,0.01,0.04,96.4,108.3,87.1,89.6,27.83,28.86,27.04,27.44
34.88,1650,124.5,100,0,0.7,2,7094,-0.02,0.04,96.4,108.3,87,89.5,27.83,28.86,27.04,27.44
34.92,1652,124.5,100,0,0.7,2,7097,0.01,0.04,96.4,108.3,87,89.5,27.83,28.86,27.04,27.44
34.96,1653,124.6,100,0,-0.1,2,7101,-0.01,0.04,96.3,108.2,87,89.5,27.83,28.86,27.04,27.44
35,1654,124.6,100,0,-0.3,2,7104,0.03,0.04,96.3,108.2,87,89.5,27.83,28.86,27.04,27.44
35.04,1656,124.7,100,0,-0.5,2,7107,-0.03,0.04,96.3,108.2,87,89.5,27.82,28.85,27.04,27.44
35.08,1657,124.7,100,0,1.1,2,7110,0,0.04,96.3,108.2,87,89.5,27.82,28.85,27.04,27.44
35.12,1658,124.8,100,0,-0.2,2,7114,-0.03,0.04,96.3,108.2,87,89.5,27.82,28.85,27.04,27.44
35.16,1660,124.9,100,0,0.1,2,7117,-0.01,0.04,96.3,108.2,87,89.5,27.82,28.85,27.03,27.43
35.2,1661,124.9,100,0,0.3,2,7120,0,0.04,96.3,108.2,87,89.5,27.82,28.85,27.03,27.43
35.24,1663,125,100,0,-0.2,2,7124,-0.03,0.04,96.3,108.2,86.9,89.4,27.82,28.85,27.03,27.43
35.28,1664,125,100,0,0.1,2,7127,0.03,0.04,96.3,108.2,86.9,89.4,27.82,28.85,27.03,27.43
35.32,1665,125.1,100,0,-0.1,2,7130,-0.03,0.04,96.2,108.1,86.9,89.4,27.82,28.85,27.03,27.43
35.36,1667,125.1,100,0,0,2,7133,0,0.04,96.2,108.1,86.9,89.4,27.82,28.85,27.03,27.43
35.4,1668,125.2,100,0,-0.1,2,7137,-0.02,0.04,96.2,108.1,86.9,89.4,27.82,28.85,27.03,27.43
35.44,1670,125.3,100,0,-0.3,2,7140,-0.02,0.04,96.2,108.1,86.9,89.4,27.82,28.85,27.03,27.43
35.48,1671,125.3,100,0,-0.3,2,7143,0.05,0.04,96.2,108.1,86.9,89.4,27.81,28.84,27.03,27.43
35.52,1672,125.4,100,0,0.1,2,7147,0.02,0.04,96.2,108.1,86.9,89.4,27.81,28.84,27.03,27.43
35.56,1674,125.4,100,0,-0.4,2,7150,-0.01,0.04,96.2,108.1,86.8,89.3,27.81,28.84,27.03,27.43
35.6,1675,125.5,100,0,0.8,2,7153,0,0.04,96.2,108.1,86.8,89.3,27.81,28.84,27.02,27.42
35.64,1677,125.6,100,0,0.6,2,7156,-0.04,0.04,96.1,108,86.8,89.3,27.81,28.84,27.02,27.42
35.68,1678,125.6,100,0,0.2,2,7160,-0.04,0.04,96.1,108,86.8,89.3,27.81,28.84,27.02,27.42
35.72,1679,125.7,100,0,0.4,2,7163,0.04,0.04,96.1,108,86.8,89.3,27.81,28.84,27.02,27.42
35.76,1681,125.7,100,0,-0.1,2,7166,0.01,0.04,96.1,108,86.8,89.3,27.81,28.84,27.02,27.42
35.8,1682,125.8,100,0,0.3,2,7170,0,0.04,96.1,108,86.8,89.3,27.81,28.84,27.02,27.42
35.84,1683,125.8,100,0,-0.5,2,7173,-0.04,0.04,96.1,108,86.8,89.3,27.81,28.84,27.02,27.42
35.88,1685,125.9,100,0,-0.6,2,7176,0.03,0.04,96.1,108,86.7,89.2,27.81,28.84,27.02,27.42
35.92,1686,126,100,0,0.3,2,7179,0,0.04,96.1,108,86.7,89.2,27.8,28.83,27.02,27.42
35.96,1688,126,100,0,-0.5,2,7183,-0.01,0.04,96,107.9,86.7,89.2,27.8,28.83,27.02,27.42
36,1689,126.1,100,0,0.1,2,7186,-0.01,0.04,96,107.9,86.7,89.2,27.8,28.83,27.02,27.42
36.04,1690,126.1,100,0,0,2,7189,-0.03,0.04,96,107.9,86.7,89.2,27.8,28.83,27.01,27.41
36.08,1692,126.2,100,0,0.6,2,7193,-0.03,0.04,96,107.9,86.7,89.2,27.8,28.83,27.01,27.41
36.12,1693,126.2,100,0,-0.1,2,7196,-0.04,0.04,96,107.9,86.7,89.2,27.8,28.83,27.01,27.41
36.16,1695,126.3,100,0,-0.2,2,7199,0.01,0.04,96,107.9,86.7,89.2,27.8,28.83,27.01,27.41
36.2,1696,126.4,100,0,-0.2,2,7202,-0.01,0.04,96,107.9,86.7,89.2,27.8,28.83,27.01,27.41
36.24,1698,126.4,100,0,0,2,7206,0.01,0.04,96,107.9,86.6,89.1,27.8,28.83,27.01,27.41
36.28,1699,126.5,100,0,0,2,7209,-0.01,0.04,96,107.9,86.6,89.1,27.8,28.83,27.01,27.41
36.32,1700,126.5,100,0,0,2,7212,0,0.04,95.9,107.8,86.6,89.1,27.8,28.83,27.01,27.41
36.36,1702,126.6,100,0,-0.6,2,7216,0.02,0.04,95.9,107.8,86.6,89.1,27.79,28.82,27.01,27.41
36.4,1703,126.6,100,0,-0.6,2,7219,0,0.04,95.9,107.8,86.6,89.1,27.79,28.82,27.01,27.41
36.44,1705,126.7,100,0,-0.3,2,7222,0,0.04,95.9,107.8,86.6,89.1,27.79,28.82,27.01,27.41
36.48,1706,126.8,100,0,0.1,2,7225,0,0.04,95.9,107.8,86.6,89.1,27.79,28.82,27.01,27.41
36.52,1707,126.8,100,0,0,2,7229,-0.03,0.04,95.9,107.8,86.6,89.1,27.79,28.82,27,27.4
36.56,1709,126.9,100,0,-0.4,2,7232,0.01,0.04,95.9,107.8,86.5,89,27.79,28.82,27,27.4
36.6,1710,126.9,100,0,0.2,2,7235,0.02,0.04,95.9,107.8,86.5,89,27.79,28.82,27,27.4
36.64,1712,127,100,0,-0.8,2,7239,-0.02,0.04,95.8,107.7,86.5,89,27.79,28.82,27,27.4
36.68,1713,127,100,0,0.6,2,7242,0.01,0.04,95.8,107.7,86.5,89,27.79,28.82,27,27.4
36.72,1714,127.1,100,0,0.9,2,7245,-0.03,0.04,95.8,107.7,86.5,89,27.79,28.82,27,27.4
36.76,1716,127.2,100,0,-0.1,2,7248,-0.01,0.04,95.8,107.7,86.5,89,27.79,28.82,27,27.4
36.8,1717,127.2,100,0,-0.2,2,7252,-0.02,0.04,95.8,107.7,86.5,89,27.78,28.81,27,27.4
36.84,1719,127.3,100,0,0,2,7255,0.01,0.04,95.8,107.7,86.5,89,27.78,28.81,27,27.4
36.88,1720,127.3,100,0,-0.6,2,7258,0.01,0.04,95.8,107.7,86.4,88.9,27.78,28.81,27,27.4
36.92,1721,127.4,100,0,0.9,2,7262,-0.06,0.04,95.8,107.7,86.4,88.9,27.78,28.81,27,27.4
36.96,1723,127.5,100,0,0.2,2,7265,0,0.04,95.7,107.6,86.4,88.9,27.78,28.81,26.99,27.39
37,1724,127.5,100,0,0.1,2,7268,0.02,0.04,95.7,107.6,86.4,88.9,27.78,28.81,26.99,27.39
37.04,1726,127.6,100,0,0,2,7271,0.01,0.04,95.7,107.6,86.4,88.9,27.78,28.81,26.99,27.39
37.08,1727,127.6,100,0,0.3,2,7275,0,0.04,95.7,107.6,86.4,88.9,27.78,28.81,26.99,27.39
37.12,1729,127.7,100,0,0.3,2,7278,0,0.04,95.7,107.6,86.4,88.9,27.78,28.81,26.99,27.39
37.16,1730,127.7,100,0,0.8,2,7281,0.01,0.04,95.7,107.6,86.4,88.9,27.78,28.81,26.99,27.39
37.2,1731,127.8,100,0,0.2,2,7284,0,0.04,95.7,107.6,86.4,88.9,27.78,28.81,26.99,27.39
37.24,1733,127.9,100,0,-0.6,2,7288,-0.01,0.04,95.7,107.6,86.3,88.8,27.77,28.8,26.99,27.39
37.28,1734,127.9,100,0,0.1,2,7291,0,0.04,95.7,107.6,86.3,88.8,27.77,28.8,26.99,27.39
37.32,1736,128,100,0,0.1,2,7294,0.01,0.04,95.6,107.5,86.3,88.8,27.77,28.8,26.99,27.39
37.36,1737,128,100,0,-0.1,2,7298,-0.03,0.04,95.6,107.5,86.3,88.8,27.77,28.8,26.99,27.39
37.4,1739,128.1,100,0,0,2,7301,0.01,0.04,95.6,107.5,86.3,88.8,27.77,28.8,26.98,27.38
37.44,1740,128.1,100,0,0.6,2,7304,-0.01,0.04,95.6,107.5,86.3,88.8,27.77,28.8,26.98,27.38
37.48,1741,128.2,100,0,0.3,2,7307,0,0.04,95.6,107.5,86.3,88.8,27.77,28.8,26.98,27.38
37.52,1743,128.3,100,0,0.4,2,7311,-0.02,0.04,95.6,107.5,86.3,88.8,27.77,28.8,26.98,27.38
37.56,1744,128.3,100,0,-0.1,2,7314,0.02,0.04,95.6,107.5,86.2,88.7,27.77,28.8,26.98,27.38
37.6,1746,128.4,100,0,0.2,2,7317,0,0.04,95.6,107.5,86.2,88.7,27.77,28.8,26.98,27.38
37.64,1747,128.4,100,0,0.3,2,7321,0,0.04,95.5,107.4,86.2,88.7,27.77,28.8,26.98,27.38
37.68,1748,128.5,100,0,0.3,2,7324,-0.01,0.04,95.5,107.4,86.2,88.7,27.76,28.79,26.98,27.38
37.72,1750,128.5,100,0,-0.7,2,7327,0.02,0.04,95.5,107.4,86.2,88.7,27.76,28.79,26.98,27.38
37.76,1751,128.6,100,0,-0.3,2,7330,-0.02,0.04,95.5,107.4,86.2,88.7,27.76,28.79,26.98,27.38
37.8,1753,128.7,100,0,0.4,2,7334,0.01,0.04,95.5,107.4,86.2,88.7,27.76,28.79,26.98,27.38
37.84,1754,128.7,100,0,-0.4,2,7337,0.01,0.04,95.5,107.4,86.2,88.7,27.76,28.79,26.97,27.37
37.88,1756,128.8,100,0,-0.4,2,7340,0.02,0.04,95.5,107.4,86.1,88.6,27.76,28.79,26.97,27.37
37.92,1757,128.8,100,0,-0.4,2,7344,-0.01,0.04,95.5,107.4,86.1,88.6,27.76,28.79,26.97,27.37
37.96,1758,128.9,100,0,0.1,2,7347,-0.02,0.04,95.4,107.3,86.1,88.6,27.76,28.79,26.97,27.37
38,1760,128.9,100,0,-0.1,2,7350,-0.04,0.04,95.4,107.3,86.1,88.6,27.76,28.79,26.97,27.37
38.04,1761,129,100,0,-0.5,2,7353,-0.02,0.04,95.4,107.3,86.1,88.6,27.76,28.79,26.97,27.37
38.08,1763,129.1,100,0,0.2,2,7357,0,0.04,95.4,107.3,86.1,88.6,27.76,28.79,26.97,27.37
38.12,1764,129.1,100,0,0,2,7360,-0.02,0.04,95.4,107.3,86.1,88.6,27.76,28.79,26.97,27.37
38.16,1766,129.2,100,0,0.5,2,7363,0.02,0.04,95.4,107.3,86.1,88.6,27.75,28.78,26.97,27.37
38.2,1767,129.2,100,0,-0.5,2,7367,0.01,0.04,95.4,107.3,86.1,88.6,27.75,28.78,26.97,27.37
38.24,1769,129.3,100,0,-0.3,2,7370,0.01,0.04,95.4,107.3,86,88.5,27.75,28.78,26.97,27.37
38.28,1770,129.4,100,0,-0.2,2,7373,0.01,0.04,95.4,107.3,86,88.5,27.75,28.78,26.96,27.36
38.32,1771,129.4,100,0,-0.1,2,7376,0,0.04,95.3,107.2,86,88.5,27.75,28.78,26.96,27.36
38.36,1773,129.3,0,4,0.3,2,7370,0,-1.85,95.5,107.3,86,88.5,27.76,28.78,26.96,27.36
38.4,1774,129,0,10,-0.1,2,7352,0,-1.85,95.6,107.3,86,88.5,27.77,28.79,26.96,27.36
38.44,1776,128.5,0,16,-0.5,2,7325,0,-1.85,95.7,107.4,86,88.5,27.78,28.79,26.96,27.36
38.48,1777,127.9,0,22,0.1,2,7287,0,-1.85,95.8,107.4,86,88.5,27.79,28.79,26.96,27.36
38.52,1779,127,0,28,-0.3,2,7240,0,-1.85,95.9,107.4,86,88.5,27.8,28.8,26.96,27.36
38.56,1780,126,0,34,-0.3,2,7181,0,-1.85,96.1,107.5,86,88.5,27.8,28.8,26.96,27.36
38.6,1781,124.8,0,40,0.3,2,7113,0,-1.85,96.2,107.5,86,88.5,27.81,28.8,26.96,27.36
38.64,1783,123.4,0,46,-0.1,2,7034,0,-1.85,96.3,107.6,86,88.5,27.82,28.8,26.96,27.36
38.68,1784,121.9,0,52,-0.9,2,6945,0,-1.85,96.4,107.6,86,88.5,27.83,28.81,26.96,27.36
38.72,1785,120.1,0,58,1.3,2,6846,0,-1.85,96.5,107.6,86,88.5,27.84,28.81,26.96,27.36
38.76,1787,118.2,0,64,-0.3,2,6737,0,-1.85,96.7,107.7,86,88.5,27.85,28.81,26.96,27.36
38.8,1788,116.1,0,70,1.6,2,6617,0,-1.85,96.8,107.7,86,88.5,27.86,28.82,26.96,27.36
38.84,1789,113.8,0,75,0.5,2,6489,0,-1.85,96.9,107.8,86,88.5,27.87,28.82,26.96,27.36
38.88,1791,111.4,0,81,-0.2,2,6350,0,-1.85,97,107.8,86,88.5,27.88,28.82,26.96,27.36
38.92,1792,108.8,0,86,0.2,2,6203,0,-1.85,97.1,107.8,86,88.5,27.89,28.83,26.96,27.36
38.96,1793,106.1,0,91,0,2,6048,0,-1.85,97.3,107.9,86,88.5,27.89,28.83,26.96,27.36
39,1794,103.2,0,96,-0.2,2,5884,0,-1.85,97.4,107.9,86,88.5,27.9,28.83,26.96,27.36
39.04,1795,100.3,0,96,-0.5,2,5719,0,-1.85,97.5,108,86,88.5,27.91,28.83,26.96,27.36
39.08,1797,97.5,0,96,-0.4,2,5555,0,-1.85,97.6,108,86,88.5,27.92,28.84,26.96,27.36
39.12,1798,94.6,0,96,0.1,1,7377,0,-1.85,97.7,108,86,88.5,27.93,28.84,26.96,27.36
39.16,1799,91.7,0,96,-0.3,1,7153,0,-1.85,97.9,108.1,86,88.5,27.94,28.84,26.96,27.36
39.2,1800,91.5,0,96,0.1,1,7137,0,-1.85,98,108.1,86,88.5,27.95,28.85,26.96,27.36
39.24,1801,91.5,0,96,0.8,1,7137,0,-1.85,98.1,108.2,86,88.5,27.96,28.85,26.96,27.36
39.28,1802,91.5,0,96,0.8,1,7137,0,-1.85,98.2,108.2,86,88.5,27.97,28.85,26.96,27.36
39.32,1803,91.5,0,96,0.7,1,7137,0,-1.85,98.3,108.2,86,88.5,27.98,28.86,26.96,27.36
39.36,1804,91.5,0,96,-0.2,1,7137,0,-1.85,98.5,108.3,86,88.5,27.98,28.86,26.96,27.36
39.4,1805,91.5,0,96,1.8,1,7137,0,-1.85,98.6,108.3,86,88.5,27.99,28.86,26.96,27.36
39.44,1806,91.5,0,96,0.9,1,7137,0,-1.85,98.7,108.4,86,88.5,28,28.86,26.96,27.36
39.48,1807,91.5,0,96,1.4,1,7137,0,-1.85,98.8,108.4,86,88.5,28.01,28.87,26.96,27.36
39.52,1808,91.5,0,96,0.8,1,7137,0,-1.85,98.9,108.4,86,88.5,28.02,28.87,26.96,27.36
39.56,1809,91.5,0,96,0,1,7137,0,-1.85,99.1,108.5,86,88.5,28.03,28.87,26.96,27.36
39.6,1810,91.5,0,96,0.7,1,7137,0,-1.85,99.2,108.5,86,88.5,28.04,28.88,26.96,27.36
39.64,1811,91.5,0,96,-0.5,1,7137,0,-1.85,99.3,108.6,86,88.5,28.05,28.88,26.96,27.36
39.68,1812,91.5,0,96,1.1,1,7137,0,-1.85,99.4,108.6,86,88.5,28.06,28.88,26.96,27.36
39.72,1813,91.5,0,96,0.6,1,7137,0,-1.85,99.5,108.6,86,88.5,28.07,28.89,26.96,27.36
39.76,1814,91.5,0,96,0.9,1,7137,0,-1.85,99.7,108.7,86,88.5,28.07,28.89,26.96,27.36
39.8,1815,91.5,0,96,-1.9,1,7137,0,-1.85,99.8,108.7,86,88.5,28.08,28.89,26.96,27.36
39.84,1816,91.5,0,96,0.8,1,7137,0,-1.85,99.9,108.8,86,88.5,28.09,28.89,26.96,27.36
39.88,1817,91.5,0,96,-0.5,1,7137,0,-1.85,100,108.8,86,88.5,28.1,28.9,26.96,27.36
39.92,1818,91.5,0,96,-1,1,7137,0,-1.85,100.1,108.8,86,88.5,28.11,28.9,26.96,27.36
39.96,1819,91.5,0,96,0.8,1,7137,0,-1.85,100.3,108.9,86,88.5,28.12,28.9,26.96,27.36
40,1820,91.5,0,96,-1.3,1,7137,0,-1.85,100.4,108.9,86,88.5,28.13,28.91,26.96,27.36
40.04,1821,91.5,0,96,-1.1,1,7137,0,-1.85,100.5,109,86,88.5,28.14,28.91,26.96,27.36
40.08,1822,91.5,0,96,1.2,1,7137,0,-1.85,100.6,109,86,88.5,28.15,28.91,26.96,27.36
40.12,1823,91.5,0,96,1,1,7137,0,-1.85,100.7,109,86,88.5,28.16,28.92,26.96,27.36
40.16,1824,91.5,0,96,1,1,7137,0,-1.85,100.9,109.1,86,88.5,28.16,28.92,26.96,27.36
40.2,1825,91.5,0,96,1.2,1,7137,0,-1.85,101,109.1,86,88.5,28.17,28.92,26.96,27.36
40.24,1826,91.5,0,96,0.9,1,7137,0,-1.85,101.1,109.2,86,88.5,28.18,28.92,26.96,27.36
40.28,1827,91.5,0,96,-0.1,1,7137,0,-1.85,101.2,109.2,86,88.5,28.19,28.93,26.96,27.36
40.32,1828,91.5,0,96,0.5,1,7137,0,-1.85,101.3,109.2,86,88.5,28.2,28.93,26.96,27.36
40.36,1829,91.5,0,96,0.1,1,7137,0,-1.85,101.5,109.3,86,88.5,28.21,28.93,26.96,27.36
40.4,1830,91.5,0,96,0,1,7137,0,-1.85,101.6,109.3,86,88.5,28.22,28.94,26.96,27.36
40.44,1831,91.5,0,96,0.8,1,7137,0,-1.85,101.7,109.4,86,88.5,28.23,28.94,26.96,27.36
40.48,1832,91.5,0,96,-0.2,1,7137,0,-1.85,101.8,109.4,86,88.5,28.24,28.94,26.96,27.36
40.52,1833,91.5,0,96,-0.8,1,7137,0,-1.85,101.9,109.4,86,88.5,28.25,28.95,26.96,27.36
40.56,1834,91.5,0,96,-0.9,1,7137,0,-1.85,102.1,109.5,86,88.5,28.25,28.95,26.96,27.36
40.6,1835,91.5,0,96,-1.1,1,7137,0,-1.85,102.2,109.5,86,88.5,28.26,28.95,26.96,27.36
40.64,1836,91.5,0,96,0.2,1,7137,0,-1.85,102.3,109.6,86,88.5,28.27,28.95,26.96,27.36
40.68,1837,91.5,0,96,-0.2,1,7137,0,-1.85,102.4,109.6,86,88.5,28.28,28.96,26.96,27.36
40.72,1838,91.5,0,96,0.4,1,7137,0,-1.85,102.5,109.6,86,88.5,28.29,28.96,26.96,27.36
40.76,1839,91.5,0,95,1,1,7137,0.02,-1.39,102.7,109.7,86,88.5,28.3,28.96,26.96,27.36
40.8,1840,91.5,0,93,2.2,1,7137,0.04,-1.37,102.8,109.7,86,88.5,28.31,28.97,26.96,27.36
40.84,1841,91.5,0,91,5.3,1,7137,0.07,-1.35,102.9,109.8,86,88.5,28.32,28.97,26.96,27.36
40.88,1842,91.5,0,90,6.3,1,7137,0.09,-1.33,103,109.8,86,88.5,28.33,28.97,26.96,27.36
40.92,1843,91.5,0,88,7.3,1,7137,0.12,-1.32,103.1,109.8,86,88.5,28.34,28.98,26.96,27.36
40.96,1844,91.5,0,86,9.4,1,7137,0.14,-1.3,103.3,109.9,86,88.5,28.34,28.98,26.96,27.36
41,1845,91.5,0,85,10.8,1,7137,0.16,-1.28,103.4,109.9,86,88.5,28.35,28.98,26.96,27.36
41.04,1846,91.5,0,83,11.9,1,7137,0.19,-1.26,103.5,110,86,88.5,28.36,28.98,26.96,27.36
41.08,1848,91.5,0,82,13.4,1,7137,0.21,-1.25,103.6,110,86,88.5,28.37,28.99,26.96,27.36
41.12,1849,91.5,0,80,14.5,1,7137,0.24,-1.23,103.7,110,86,88.5,28.38,28.99,26.96,27.36
41.16,1850,91.5,0,78,17.1,1,7137,0.26,-1.21,103.9,110.1,86,88.5,28.39,28.99,26.96,27.36
41.2,1851,91.5,0,77,18.9,1,7137,0.28,-1.19,104,110.1,86,88.5,28.4,29,26.96,27.36
41.24,1852,91.5,0,75,20,1,7137,0.31,-1.18,104.1,110.2,86,88.5,28.41,29,26.96,27.36
41.28,1853,91.5,0,74,21.6,1,7137,0.33,-1.16,104.2,110.2,86,88.5,28.42,29,26.96,27.36
41.32,1854,91.5,0,72,23.8,1,7137,0.36,-1.14,104.3,110.2,86,88.5,28.43,29.01,26.96,27.36
41.36,1855,91.5,0,71,24.8,1,7137,0.38,-1.12,104.5,110.3,86,88.5,28.43,29.01,26.96,27.36
41.4,1856,91.5,0,69,26,1,7137,0.41,-1.11,104.6,110.3,86,88.5,28.44,29.01,26.96,27.36
41.44,1857,91.5,0,68,27.4,1,7137,0.43,-1.09,104.7,110.4,86,88.5,28.45,29.01,26.96,27.36
41.48,1858,91.5,0,66,28.2,1,7137,0.45,-1.07,104.8,110.4,86,88.5,28.46,29.02,26.96,27.36
41.52,1859,91.5,0,65,30,1,7137,0.48,-1.05,104.9,110.4,86,88.5,28.47,29.02,26.96,27.36
41.56,1860,91.5,0,63,31.7,1,7137,0.5,-1.04,105.1,110.5,86,88.5,28.48,29.02,26.96,27.36
41.6,1861,91.5,0,62,32.7,1,7137,0.53,-1.02,105.2,110.5,86,88.5,28.49,29.03,26.96,27.36
41.64,1862,91.5,0,60,34.6,1,7137,0.55,-1,105.3,110.6,86,88.5,28.5,29.03,26.96,27.36
41.68,1863,91.5,0,59,36.6,1,7137,0.57,-0.98,105.4,110.6,86,88.5,28.51,29.03,26.96,27.36
41.72,1864,91.5,0,57,37.8,1,7137,0.6,-0.97,105.5,110.6,86,88.5,28.52,29.04,26.96,27.36
41.76,1865,91.5,0,56,38.1,1,7137,0.62,-0.95,105.7,110.7,86,88.5,28.52,29.04,26.96,27.36
41.8,1866,91.5,0,54,39.2,1,7137,0.65,-0.93,105.8,110.7,86,88.5,28.53,29.04,26.96,27.36
41.84,1867,91.5,0,53,41.5,1,7137,0.67,-0.91,105.9,110.8,86,88.5,28.54,29.04,26.96,27.36
41.88,1868,91.5,0,51,42.8,1,7137,0.7,-0.9,106,110.8,86,88.5,28.55,29.05,26.96,27.36
41.92,1869,91.5,0,50,44,1,7137,0.72,-0.88,106.1,110.8,86,88.5,28.56,29.05,26.96,27.36
41.96,1870,91.5,0,49,45.5,1,7137,0.74,-0.86,106.3,110.9,86,88.5,28.57,29.05,26.96,27.36
42,1871,91.5,0,47,46.8,1,7137,0.77,-0.84,106.4,110.9,86,88.5,28.58,29.06,26.96,27.36
42.04,1872,91.5,0,46,48.1,1,7137,0.79,-0.83,106.5,111,86,88.5,28.59,29.06,26.96,27.36
42.08,1873,91.5,0,45,50,1,7137,0.82,-0.81,106.6,111,86,88.5,28.6,29.06,26.96,27.36
42.12,1874,91.5,0,43,49.9,1,7137,0.84,-0.79,106.7,111,86,88.5,28.61,29.07,26.96,27.36
42.16,1875,91.5,0,42,51.9,1,7137,0.86,-0.77,106.9,111.1,86,88.5,28.61,29.07,26.96,27.36
42.2,1876,91.5,0,41,52.9,1,7137,0.89,-0.76,107,111.1,86,88.5,28.62,29.07,26.96,27.36
42.24,1877,91.5,0,39,53.7,1,7137,0.91,-0.74,107.1,111.2,86,88.5,28.63,29.07,26.96,27.36
42.28,1878,91.5,0,38,54.6,1,7137,0.94,-0.72,107.2,111.2,86,88.5,28.64,29.08,26.96,27.36
42.32,1879,91.5,0,37,57.4,1,7137,0.96,-0.7,107.3,111.2,86,88.5,28.65,29.08,26.96,27.36
42.36,1880,91.5,0,35,57.3,1,7137,0.99,-0.69,107.5,111.3,86,88.5,28.66,29.08,26.96,27.36
42.4,1881,91.5,0,34,58,1,7137,1.01,-0.67,107.6,111.3,86,88.5,28.67,29.09,26.96,27.36
42.44,1882,91.5,0,33,59.5,1,7137,1.03,-0.65,107.7,111.4,86,88.5,28.68,29.09,26.96,27.36
42.48,1883,91.5,0,32,61,1,7137,1.06,-0.63,107.8,111.4,86,88.5,28.69,29.09,26.96,27.36
42.52,1884,91.5,0,31,61.6,1,7137,1.08,-0.62,107.9,111.4,86,88.5,28.7,29.1,26.96,27.36
42.56,1885,91.5,0,29,63.4,1,7137,1.11,-0.6,108.1,111.5,86,88.5,28.7,29.1,26.96,27.36
42.6,1886,91.5,0,28,64,1,7137,1.13,-0.58,108.2,111.5,86,88.5,28.71,29.1,26.96,27.36
42.64,1887,91.5,0,27,64.4,1,7137,1.16,-0.56,108.3,111.6,86,88.5,28.72,29.1,26.96,27.36
42.68,1888,91.5,0,26,64.7,1,7137,1.18,-0.55,108.4,111.6,86,88.5,28.73,29.11,26.96,27.36
42.72,1889,91.5,0,25,66.7,1,7137,1.2,-0.53,108.5,111.6,86,88.5,28.74,29.11,26.96,27.36
42.76,1890,91.5,0,24,67,1,7137,1.23,-0.51,108.7,111.7,86,88.5,28.75,29.11,26.96,27.36
42.8,1891,91.5,0,22,67.4,1,7137,1.25,-0.5,108.8,111.7,86,88.5,28.76,29.12,26.96,27.36
42.84,1892,91.5,0,21,68,1,7137,1.28,-0.48,108.9,111.8,86,88.5,28.77,29.12,26.96,27.36
42.88,1893,91.5,0,20,69.8,1,7137,1.3,-0.46,109,111.8,86,88.5,28.78,29.12,26.96,27.36
42.92,1894,91.5,0,19,70.6,1,7137,1.32,-0.44,109.1,111.8,86,88.5,28.79,29.13,26.96,27.36
42.96,1895,91.5,0,18,71.7,1,7137,1.35,-0.43,109.3,111.9,86,88.5,28.79,29.13,26.96,27.36
43,1896,91.5,0,17,71.6,1,7137,1.37,-0.41,109.4,111.9,86,88.5,28.8,29.13,26.96,27.36
43.04,1897,91.5,0,16,72,1,7137,1.4,-0.39,109.5,112,86,88.5,28.81,29.13,26.96,27.36
43.08,1898,91.5,0,15,73.8,1,7137,1.42,-0.37,109.6,112,86,88.5,28.82,29.14,26.96,27.36
43.12,1899,91.5,0,14,74.3,1,7137,1.45,-0.36,109.7,112,86,88.5,28.83,29.14,26.96,27.36
43.16,1900,91.5,0,13,74.1,1,7137,1.47,-0.34,109.9,112.1,86,88.5,28.84,29.14,26.96,27.36
43.2,1901,91.5,0,12,74.3,1,7137,1.49,-0.32,110,112.1,86,88.5,28.85,29.15,26.96,27.36
43.24,1902,91.5,0,11,74.9,1,7137,1.52,-0.3,110.1,112.2,86,88.5,28.86,29.15,26.96,27.36
43.28,1903,91.5,0,10,76.5,1,7137,1.54,-0.29,110.2,112.2,86,88.5,28.87,29.15,26.96,27.36
43.32,1904,91.5,0,9,77.2,1,7137,1.57,-0.27,110.3,112.2,86,88.5,28.88,29.16,26.96,27.36
43.36,1905,91.5,0,9,76.2,1,7137,1.59,-0.25,110.5,112.3,86,88.5,28.88,29.16,26.96,27.36
43.4,1906,91.5,0,8,77.6,1,7137,1.61,-0.23,110.6,112.3,86,88.5,28.89,29.16,26.96,27.36
43.44,1907,91.5,0,7,77.9,1,7137,1.64,-0.22,110.7,112.4,86,88.5,28.9,29.16,26.96,27.36
43.48,1909,91.5,0,6,78.2,1,7137,1.66,-0.2,110.8,112.4,86,88.5,28.91,29.17,26.96,27.36
43.52,1910,91.5,0,5,78,1,7137,1.69,-0.18,110.9,112.4,86,88.5,28.92,29.17,26.96,27.36
43.56,1911,91.5,0,5,79.4,1,7137,1.71,-0.16,111.1,112.5,86,88.5,28.93,29.17,26.96,27.36
43.6,1912,91.5,0,4,78.8,1,7137,1.74,-0.15,111.2,112.5,86,88.5,28.94,29.18,26.96,27.36
43.64,1913,91.5,0,3,79,1,7137,1.76,-0.13,111.3,112.6,86,88.5,28.95,29.18,26.96,27.36
43.68,1914,91.5,0,3,80,1,7137,1.78,-0.11,111.4,112.6,86,88.5,28.96,29.18,26.96,27.36
43.72,1915,91.5,0,2,79.4,1,7137,1.81,-0.09,111.5,112.6,86,88.5,28.97,29.19,26.96,27.36
43.76,1916,91.5,0,2,79.3,1,7137,1.83,-0.08,111.7,112.7,86,88.5,28.97,29.19,26.96,27.36
43.8,1917,91.5,0,1,81.2,1,7137,1.86,-0.06,111.8,112.7,86,88.5,28.98,29.19,26.96,27.36
43.84,1918,91.5,0,1,80.6,1,7137,1.88,-0.04,111.9,112.8,86,88.5,28.99,29.19,26.96,27.36
43.88,1919,91.5,0,0,80.8,1,7137,1.91,-0.02,112,112.8,86,88.5,29,29.2,26.96,27.36
43.92,1920,91.5,0,0,79.1,1,7137,1.93,-0.01,112.1,112.8,86,88.5,29.01,29.2,26.96,27.36
43.96,1921,91.5,1,0,79.8,1,7137,1.94,0,112.1,112.8,86,88.5,29.01,29.2,26.97,27.37
44,1922,91.5,2,0,79.2,1,7137,1.93,0.01,112.1,112.8,86.1,88.6,29.01,29.2,26.97,27.37
44.04,1923,91.5,4,0,78.9,1,7138,1.92,0.01,112.1,112.8,86.1,88.6,29.01,29.2,26.97,27.37
44.08,1924,91.5,5,0,77.9,1,7138,1.91,0.02,112.1,112.8,86.2,88.7,29.01,29.2,26.97,27.37
44.12,1925,91.5,6,0,77.6,1,7139,1.9,0.02,112.1,112.8,86.2,88.7,29.01,29.2,26.98,27.38
44.16,1926,91.5,7,0,76.1,1,7140,1.88,0.03,112.1,112.8,86.2,88.7,29.01,29.2,26.98,27.38
44.2,1927,91.6,8,0,76.5,1,7141,1.87,0.03,112.1,112.8,86.3,88.8,29.01,29.2,26.98,27.38
44.24,1928,91.6,9,0,75.9,1,7142,1.86,0.04,112.1,112.8,86.3,88.8,29.01,29.2,26.98,27.38
44.28,1929,91.6,10,0,74.8,1,7143,1.85,0.04,112.1,112.8,86.3,88.8,29.01,29.2,26.99,27.39
44.32,1930,91.6,11,0,74.4,1,7145,1.84,0.05,112.1,112.8,86.4,88.9,29.01,29.2,26.99,27.39
44.36,1931,91.6,12,0,73.2,1,7146,1.83,0.05,112.1,112.8,86.4,88.9,29.01,29.2,26.99,27.39
44.4,1932,91.6,13,0,73.5,1,7148,1.81,0.06,112.1,112.8,86.4,88.9,29.01,29.2,27,27.4
44.44,1933,91.7,14,0,72.6,1,7150,1.8,0.06,112.1,112.8,86.5,89,29.01,29.2,27,27.4
44.48,1934,91.7,14,0,72.8,1,7151,1.79,0.07,112.1,112.8,86.5,89,29.01,29.2,27,27.4
44.52,1935,91.7,15,0,71.7,1,7153,1.78,0.07,112.1,112.8,86.5,89,29.01,29.2,27,27.4
44.56,1936,91.7,16,0,71,1,7155,1.77,0.08,112.1,112.8,86.6,89.1,29.01,29.2,27.01,27.41
44.6,1937,91.8,17,0,71.1,1,7157,1.76,0.08,112.1,112.8,86.6,89.1,29.01,29.2,27.01,27.41
44.64,1938,91.8,18,0,69.3,1,7159,1.74,0.09,112.1,112.8,86.6,89.1,29.01,29.2,27.01,27.41
44.68,1939,91.8,19,0,69.5,1,7162,1.73,0.09,112.1,112.8,86.7,89.2,29.01,29.2,27.01,27.41
44.72,1940,91.8,20,0,68.5,1,7164,1.72,0.1,112.1,112.8,86.7,89.2,29.01,29.2,27.02,27.42
44.76,1941,91.9,20,0,68.6,1,7167,1.71,0.1,112.1,112.8,86.7,89.2,29.01,29.2,27.02,27.42
44.8,1942,91.9,21,0,66.6,1,7169,1.7,0.11,112.1,112.8,86.8,89.3,29.01,29.2,27.02,27.42
44.84,1943,91.9,22,0,66.7,1,7172,1.68,0.11,112.1,112.8,86.8,89.3,29.01,29.2,27.02,27.42
44.88,1944,92,23,0,66.7,1,7175,1.67,0.12,112.1,112.8,86.9,89.4,29.01,29.2,27.03,27.43
44.92,1945,92,24,0,65.4,1,7178,1.66,0.12,112.1,112.8,86.9,89.4,29.01,29.2,27.03,27.43
44.96,1946,92.1,25,0,65.5,1,7181,1.65,0.13,112.1,112.8,86.9,89.4,29.01,29.2,27.03,27.43
45,1947,92.1,25,0,64.7,1,7184,1.64,0.13,112.1,112.8,87,89.5,29.01,29.2,27.03,27.43
45.04,1948,92.1,26,0,63.5,1,7187,1.63,0.13,112.1,112.8,87,89.5,29.01,29.2,27.04,27.44
45.08,1949,92.2,27,0,63,1,7191,1.61,0.14,112.1,112.8,87,89.5,29.01,29.2,27.04,27.44
45.12,1950,92.2,28,0,62,1,7194,1.6,0.14,112.1,112.8,87.1,89.6,29.01,29.2,27.04,27.44
45.16,1951,92.3,29,0,62.2,1,7198,1.59,0.15,112.1,112.8,87.1,89.6,29.01,29.2,27.04,27.44
45.2,1952,92.3,29,0,61,1,7201,1.58,0.15,112.1,112.8,87.1,89.6,29.01,29.2,27.05,27.45
45.24,1953,92.4,30,0,60.9,1,7205,1.57,0.16,112.1,112.8,87.2,89.7,29.01,29.2,27.05,27.45
45.28,1954,92.4,31,0,60.1,1,7209,1.56,0.16,112.1,112.8,87.2,89.7,29.01,29.2,27.05,27.45
45.32,1955,92.5,32,0,58.9,1,7212,1.54,0.17,112.1,112.8,87.2,89.7,29.01,29.2,27.06,27.46
45.36,1956,92.5,33,0,58.4,1,7217,1.53,0.17,112.1,112.8,87.3,89.8,29.01,29.2,27.06,27.46
45.4,1957,92.6,33,0,58.3,1,7221,1.52,0.18,112.1,112.8,87.3,89.8,29.01,29.2,27.06,27.46
45.44,1958,92.6,34,0,57.9,1,7225,1.51,0.18,112.1,112.8,87.3,89.8,29.01,29.2,27.06,27.46
45.48,1960,92.7,35,0,56.7,1,7229,1.5,0.19,112.1,112.8,87.4,89.9,29.01,29.2,27.07,27.47
45.52,1961,92.7,36,0,56.1,1,7233,1.48,0.19,112.1,112.8,87.4,89.9,29.01,29.2,27.07,27.47
45.56,1962,92.8,37,0,55.4,1,7238,1.47,0.2,112.1,112.8,87.4,89.9,29.01,29.2,27.07,27.47
45.6,1963,92.9,37,0,55.4,1,7242,1.46,0.2,112.1,112.8,87.5,90,29.01,29.2,27.07,27.47
45.64,1964,92.9,38,0,54.3,1,7247,1.45,0.21,112.1,112.8,87.5,90,29.01,29.2,27.08,27.48
45.68,1965,93,39,0,53.2,1,7252,1.44,0.21,112.1,112.8,87.6,90.1,29.01,29.2,27.08,27.48
45.72,1966,93,40,0,53.1,1,7257,1.43,0.22,112.1,112.8,87.6,90.1,29.01,29.2,27.08,27.48
45.76,1967,93.1,40,0,52.5,1,7262,1.41,0.22,112.1,112.8,87.6,90.1,29.01,29.2,27.08,27.48
45.8,1968,93.2,41,0,52.1,1,7267,1.4,0.23,112.1,112.8,87.7,90.2,29.01,29.2,27.09,27.49
45.84,1969,93.2,42,0,51.3,1,7272,1.39,0.23,112.1,112.8,87.7,90.2,29.01,29.2,27.09,27.49
45.88,1970,93.3,43,0,51.2,1,7277,1.38,0.24,112.1,112.8,87.7,90.2,29.01,29.2,27.09,27.49
45.92,1971,93.4,43,0,50.4,1,7282,1.37,0.24,112.1,112.8,87.8,90.3,29.01,29.2,27.09,27.49
45.96,1972,93.4,44,0,48.8,1,7287,1.35,0.25,112.1,112.8,87.8,90.3,29.01,29.2,27.1,27.5
46,1973,93.5,45,0,49,1,7293,1.34,0.25,112.1,112.8,87.8,90.3,29.01,29.2,27.1,27.5
46.04,1974,93.6,46,0,48.7,1,7298,1.33,0.26,112.1,112.8,87.9,90.4,29.01,29.2,27.1,27.5
46.08,1975,93.6,46,0,48.1,1,7304,1.32,0.26,112.1,112.8,87.9,90.4,29.01,29.2,27.11,27.51
46.12,1976,93.7,47,0,46.7,1,7310,1.31,0.27,112.1,112.8,87.9,90.4,29.01,29.2,27.11,27.51
46.16,1977,93.8,48,0,45.5,1,7315,1.29,0.27,112.1,112.8,88,90.5,29.01,29.2,27.11,27.51
46.2,1978,93.9,49,0,45.4,1,7321,1.28,0.28,112.1,112.8,88,90.5,29.01,29.2,27.11,27.51
46.24,1979,93.9,49,0,45.1,1,7327,1.27,0.28,112.1,112.8,88,90.5,29.01,29.2,27.12,27.52
46.28,1980,94,50,0,43.9,1,7333,1.26,0.29,112.1,112.8,88.1,90.6,29.01,29.2,27.12,27.52
46.32,1981,94.1,51,0,44.4,1,7339,1.25,0.29,112.1,112.8,88.1,90.6,29.01,29.2,27.12,27.52
46.36,1982,94.2,52,0,43.7,1,7346,1.24,0.3,112.1,112.8,88.1,90.6,29.01,29.2,27.12,27.52
46.4,1983,94.3,52,0,42.8,1,7352,1.22,0.3,112.1,112.8,88.2,90.7,29.01,29.2,27.13,27.53
46.44,1984,94.3,53,0,42.3,1,7358,1.21,0.31,112.1,112.8,88.2,90.7,29.01,29.2,27.13,27.53
46.48,1985,94.4,54,0,41.4,1,7365,1.2,0.31,112.1,112.8,88.3,90.8,29.01,29.2,27.13,27.53
46.52,1987,94.5,54,0,41,1,7371,1.19,0.32,112.1,112.8,88.3,90.8,29.01,29.2,27.13,27.53
46.56,1988,94.6,55,0,39.6,1,7378,1.17,0.32,112.1,112.8,88.3,90.8,29.01,29.2,27.14,27.54
46.6,1989,94.7,56,0,39.8,1,7385,1.16,0.33,112.1,112.8,88.4,90.9,29.01,29.2,27.14,27.54
46.64,1990,94.8,57,0,39.4,1,7391,1.15,0.33,112.1,112.8,88.4,90.9,29.01,29.2,27.14,27.54
46.68,1991,94.8,57,0,38.7,1,7398,1.14,0.34,112.1,112.8,88.4,90.9,29.01,29.2,27.14,27.54
46.72,1992,94.9,58,0,37.9,1,7405,1.13,0.34,112.1,112.8,88.5,91,29.01,29.2,27.15,27.55
46.76,1993,95,59,0,37.3,2,5417,1.11,0.35,112.1,112.8,88.5,91,29.01,29.2,27.15,27.55
46.8,1994,95.1,60,0,36,2,5422,1.1,0.35,112.1,112.8,88.5,91,29.01,29.2,27.15,27.55
46.84,1995,95.2,60,0,36.3,2,5427,1.09,0.36,112.1,112.8,88.6,91.1,29.01,29.2,27.16,27.56
46.88,1996,95.3,61,0,34.8,2,5432,1.08,0.36,112.1,112.8,88.6,91.1,29.01,29.2,27.16,27.56
46.92,1997,95.4,62,0,34.8,2,5438,1.07,0.37,112.1,112.8,88.6,91.1,29.01,29.2,27.16,27.56
46.96,1998,95.5,62,0,34.7,2,5443,1.05,0.37,112.1,112.8,88.7,91.2,29.01,29.2,27.16,27.56
47,1999,95.6,63,0,33.2,2,5449,1.04,0.38,112.1,112.8,88.7,91.2,29.01,29.2,27.17,27.57
47.04,2000,95.7,64,0,32.5,2,5454,1.03,0.38,112.1,112.8,88.7,91.2,29.01,29.2,27.17,27.57
47.08,2001,95.8,65,0,32.5,2,5460,1.02,0.39,112.1,112.8,88.8,91.3,29.01,29.2,27.17,27.57
47.12,2002,95.9,65,0,30.9,2,5465,1.01,0.39,112.1,112.8,88.8,91.3,29.01,29.2,27.17,27.57
47.16,2003,96,66,0,31.3,2,5471,0.99,0.4,112.1,112.8,88.8,91.3,29.01,29.2,27.18,27.58
47.2,2005,96.1,67,0,30.5,2,5477,0.98,0.4,112.1,112.8,88.9,91.4,29.01,29.2,27.18,27.58
47.24,2006,96.2,67,0,29.7,2,5483,0.97,0.41,112.1,112.8,88.9,91.4,29.01,29.2,27.18,27.58
47.28,2007,96.3,68,0,29,2,5488,0.96,0.41,112.1,112.8,89,91.5,29.01,29.2,27.18,27.58
47.32,2008,96.4,69,0,28.2,2,5494,0.94,0.42,112.1,112.8,89,91.5,29.01,29.2,27.19,27.59
47.36,2009,96.5,70,0,28.5,2,5500,0.93,0.42,112.1,112.8,89,91.5,29.01,29.2,27.19,27.59
47.4,2010,96.6,70,0,27.6,2,5506,0.92,0.43,112.1,112.8,89.1,91.6,29.01,29.2,27.19,27.59
47.44,2011,96.7,71,0,26.1,2,5512,0.91,0.43,112.1,112.8,89.1,91.6,29.01,29.2,27.19,27.59
47.48,2012,96.8,72,0,25.8,2,5519,0.89,0.44,112.1,112.8,89.1,91.6,29.01,29.2,27.2,27.6
47.52,2013,96.9,72,0,24.3,2,5525,0.88,0.44,112.1,112.8,89.2,91.7,29.01,29.2,27.2,27.6
47.56,2014,97,73,0,24.4,2,5531,0.87,0.45,112.1,112.8,89.2,91.7,29.01,29.2,27.2,27.6
47.6,2015,97.1,74,0,24.5,2,5537,0.86,0.46,112.1,112.8,89.2,91.7,29.01,29.2,27.21,27.61
47.64,2016,97.3,75,0,23.5,2,5544,0.85,0.46,112.1,112.8,89.3,91.8,29.01,29.2,27.21,27.61
47.68,2017,97.4,75,0,23.4,2,5550,0.83,0.47,112.1,112.8,89.3,91.8,29.01,29.2,27.21,27.61
47.72,2018,97.5,76,0,22.1,2,5557,0.82,0.47,112.1,112.8,89.3,91.8,29.01,29.2,27.21,27.61
47.76,2020,97.6,77,0,21.2,2,5563,0.81,0.48,112.1,112.8,89.4,91.9,29.01,29.2,27.22,27.62
47.8,2021,97.7,77,0,20.9,2,5570,0.8,0.48,112.1,112.8,89.4,91.9,29.01,29.2,27.22,27.62
47.84,2022,97.8,78,0,19.9,2,5576,0.78,0.49,112.1,112.8,89.4,91.9,29.01,29.2,27.22,27.62
47.88,2023,97.9,79,0,19.9,2,5583,0.77,0.49,112.1,112.8,89.5,92,29.01,29.2,27.22,27.62
47.92,2024,98.1,80,0,19.1,2,5590,0.76,0.5,112.1,112.8,89.5,92,29.01,29.2,27.23,27.63
47.96,2025,98.2,80,0,18.1,2,5596,0.75,0.5,112.1,112.8,89.5,92,29.01,29.2,27.23,27.63
48,2026,98.3,81,0,17,2,5603,0.73,0.51,112.1,112.8,89.6,92.1,29.01,29.2,27.23,27.63
48.04,2027,98.4,82,0,17.4,2,5610,0.72,0.51,112.1,112.8,89.6,92.1,29.01,29.2,27.23,27.63
48.08,2028,98.5,82,0,16.3,2,5617,0.71,0.52,112.1,112.8,89.7,92.2,29.01,29.2,27.24,27.64
48.12,2029,98.7,83,0,15.9,2,5624,0.7,0.52,112.1,112.8,89.7,92.2,29.01,29.2,27.24,27.64
48.16,2030,98.8,84,0,14.8,2,5631,0.68,0.53,112.1,112.8,89.7,92.2,29.01,29.2,27.24,27.64
48.2,2032,98.9,85,0,14.2,2,5638,0.67,0.53,112.1,112.8,89.8,92.3,29.01,29.2,27.24,27.64
48.24,2033,99,85,0,14,2,5645,0.66,0.54,112.1,112.8,89.8,92.3,29.01,29.2,27.25,27.65
48.28,2034,99.2,86,0,13.1,2,5652,0.65,0.54,112.1,112.8,89.8,92.3,29.01,29.2,27.25,27.65
48.32,2035,99.3,87,0,12.5,2,5660,0.63,0.55,112.1,112.8,89.9,92.4,29.01,29.2,27.25,27.65
48.36,2036,99.4,87,0,11.7,2,5667,0.62,0.55,112.1,112.8,89.9,92.4,29.01,29.2,27.25,27.65
48.4,2037,99.5,88,0,11.8,2,5674,0.61,0.56,112.1,112.8,89.9,92.4,29.01,29.2,27.26,27.66
48.44,2038,99.7,89,0,10.6,2,5682,0.59,0.56,112.1,112.8,90,92.5,29.01,29.2,27.26,27.66
48.48,2039,99.8,89,0,9.7,2,5689,0.58,0.57,112.1,112.8,90,92.5,29.01,29.2,27.26,27.66
48.52,2040,99.9,90,0,8.9,2,5696,0.57,0.58,112.1,112.8,90,92.5,29.01,29.2,27.27,27.67
48.56,2042,100.1,91,0,8.9,2,5704,0.56,0.58,112.1,112.8,90.1,92.6,29.01,29.2,27.27,27.67
48.6,2043,100.2,92,0,8,2,5712,0.54,0.59,112.1,112.8,90.1,92.6,29.01,29.2,27.27,27.67
48.64,2044,100.3,92,0,7.7,2,5719,0.53,0.59,112.1,112.8,90.1,92.6,29.01,29.2,27.27,27.67
48.68,2045,100.5,93,0,6.4,2,5727,0.52,0.6,112.1,112.8,90.2,92.7,29.01,29.2,27.28,27.68
48.72,2046,100.6,94,0,5.5,2,5735,0.51,0.6,112.1,112.8,90.2,92.7,29.01,29.2,27.28,27.68
48.76,2047,100.7,94,0,5.6,2,5742,0.49,0.61,112.1,112.8,90.2,92.7,29.01,29.2,27.28,27.68
48.8,2048,100.9,95,0,4.9,2,5750,0.48,0.61,112.1,112.8,90.3,92.8,29.01,29.2,27.28,27.68
48.84,2049,101,96,0,3.1,2,5758,0.47,0.62,112.1,112.8,90.3,92.8,29.01,29.2,27.29,27.69
48.88,2050,101.2,97,0,3.1,2,5766,0.45,0.62,112.1,112.8,90.4,92.9,29.01,29.2,27.29,27.69
48.92,2052,101.3,97,0,2.9,2,5774,0.44,0.63,112.1,112.8,90.4,92.9,29.01,29.2,27.29,27.69
48.96,2053,101.4,98,0,1.9,2,5782,0.43,0.63,112.1,112.8,90.4,92.9,29.01,29.2,27.29,27.69
49,2054,101.6,99,0,1.1,2,5790,0.42,0.64,112.1,112.8,90.5,93,29.01,29.2,27.3,27.7
49.04,2055,101.7,99,0,0.8,2,5798,0.4,0.64,112.1,112.8,90.5,93,29.01,29.2,27.3,27.7
49.08,2056,101.8,100,0,0.1,2,5803,0,0.06,112.1,112.8,90.5,93,29.01,29.2,27.3,27.7
49.12,2057,101.9,100,0,0.7,2,5807,0.02,0.06,112.1,112.8,90.5,93,29.01,29.2,27.3,27.7
49.16,2058,102,100,0,-0.3,2,5812,-0.02,0.06,112.1,112.8,90.5,93,29.01,29.2,27.3,27.7
49.2,2059,102,100,0,0.7,2,5816,0.02,0.06,112.1,112.8,90.4,92.9,29.01,29.2,27.3,27.7
49.24,2061,102.1,100,0,0.2,2,5821,0.02,0.06,112.1,112.8,90.4,92.9,29.01,29.2,27.3,27.7
49.28,2062,102.2,100,0,-0.5,2,5826,0.01,0.06,112.1,112.8,90.4,92.9,29.01,29.2,27.29,27.69
49.32,2063,102.3,100,0,-0.2,2,5830,0,0.06,112.1,112.8,90.4,92.9,29,29.19,27.29,27.69
49.36,2064,102.4,100,0,-1.2,2,5835,0,0.06,112,112.7,90.4,92.9,29,29.19,27.29,27.69
49.4,2065,102.4,100,0,-0.2,2,5839,-0.02,0.06,112,112.7,90.4,92.9,29,29.19,27.29,27.69
49.44,2066,102.5,100,0,0.3,2,5844,0.02,0.06,112,112.7,90.4,92.9,29,29.19,27.29,27.69
49.48,2067,102.6,100,0,0.4,2,5848,0,0.06,112,112.7,90.4,92.9,29,29.19,27.29,27.69
49.52,2069,102.7,100,0,0.3,2,5853,0.04,0.06,112,112.7,90.4,92.9,29,29.19,27.29,27.69
49.56,2070,102.8,100,0,0.5,2,5857,0.02,0.06,112,112.7,90.3,92.8,29,29.19,27.29,27.69
49.6,2071,102.8,100,0,0,2,5862,0.01,0.06,112,112.7,90.3,92.8,29,29.19,27.29,27.69
49.64,2072,102.9,100,0,-0.3,2,5866,0.03,0.06,112,112.7,90.3,92.8,29,29.19,27.29,27.69
49.68,2073,103,100,0,-0.7,2,5870,0.04,0.06,111.9,112.6,90.3,92.8,29,29.19,27.29,27.69
49.72,2074,103.1,100,0,-0.3,2,5875,-0.05,0.06,111.9,112.6,90.3,92.8,29,29.19,27.28,27.68
49.76,2075,103.1,100,0,0.1,2,5879,0.02,0.05,111.9,112.6,90.3,92.8,28.99,29.18,27.28,27.68
49.8,2077,103.2,100,0,0.3,2,5884,-0.03,0.05,111.9,112.6,90.3,92.8,28.99,29.18,27.28,27.68
49.84,2078,103.3,100,0,0.1,2,5888,0.01,0.05,111.9,112.6,90.3,92.8,28.99,29.18,27.28,27.68
49.88,2079,103.4,100,0,-0.8,2,5893,0.02,0.05,111.9,112.6,90.2,92.7,28.99,29.18,27.28,27.68
49.92,2080,103.5,100,0,0.5,2,5897,0.03,0.05,111.9,112.6,90.2,92.7,28.99,29.18,27.28,27.68
49.96,2081,103.5,100,0,-0.2,2,5901,0.02,0.05,111.9,112.6,90.2,92.7,28.99,29.18,27.28,27.68
50,2082,103.6,100,0,-0.4,2,5906,0.02,0.05,111.9,112.6,90.2,92.7,28.99,29.18,27.28,27.68
50.04,2083,103.7,100,0,0,2,5910,0.03,0.05,111.8,112.5,90.2,92.7,28.99,29.18,27.28,27.68
50.08,2085,103.8,100,0,0.3,2,5914,-0.02,0.05,111.8,112.5,90.2,92.7,28.99,29.18,27.28,27.68
50.12,2086,103.8,100,0,0,2,5919,-0.01,0.05,111.8,112.5,90.2,92.7,28.99,29.18,27.28,27.68
50.16,2087,103.9,100,0,-0.2,2,5923,0,0.05,111.8,112.5,90.2,92.7,28.99,29.18,27.27,27.67
50.2,2088,104,100,0,0.1,2,5927,0,0.05,111.8,112.5,90.1,92.6,28.98,29.17,27.27,27.67
50.24,2089,104.1,100,0,-0.6,2,5932,0.03,0.05,111.8,112.5,90.1,92.6,28.98,29.17,27.27,27.67
50.28,2090,104.1,100,0,0.6,2,5936,-0.01,0.05,111.8,112.5,90.1,92.6,28.98,29.17,27.27,27.67
50.32,2092,104.2,100,0,-0.1,2,5940,0.03,0.05,111.8,112.5,90.1,92.6,28.98,29.17,27.27,27.67
50.36,2093,104.3,100,0,-0.2,2,5945,-0.02,0.05,111.7,112.4,90.1,92.6,28.98,29.17,27.27,27.67
50.4,2094,104.4,100,0,-0.3,2,5949,-0.04,0.05,111.7,112.4,90.1,92.6,28.98,29.17,27.27,27.67
50.44,2095,104.4,100,0,0.6,2,5953,0,0.05,111.7,112.4,90.1,92.6,28.98,29.17,27.27,27.67
50.48,2096,104.5,100,0,-0.1,2,5957,0.01,0.05,111.7,112.4,90.1,92.6,28.98,29.17,27.27,27.67
50.52,2097,104.6,100,0,0.1,2,5962,0.01,0.05,111.7,112.4,90.1,92.6,28.98,29.17,27.27,27.67
50.56,2099,104.7,100,0,0.4,2,5966,-0.01,0.05,111.7,112.4,90,92.5,28.98,29.17,27.27,27.67
50.6,2100,104.7,100,0,0.8,2,5970,0.03,0.05,111.7,112.4,90,92.5,28.98,29.17,27.26,27.66
50.64,2101,104.8,100,0,0.2,2,5974,-0.03,0.05,111.7,112.4,90,92.5,28.97,29.16,27.26,27.66
50.68,2102,104.9,100,0,-0.1,2,5978,-0.01,0.05,111.6,112.3,90,92.5,28.97,29.16,27.26,27.66
50.72,2103,105,100,0,0.3,2,5983,0.01,0.05,111.6,112.3,90,92.5,28.97,29.16,27.26,27.66
50.76,2104,105,100,0,-0.4,2,5987,-0.02,0.05,111.6,112.3,90,92.5,28.97,29.16,27.26,27.66
50.8,2105,105.1,100,0,0,2,5991,0.02,0.05,111.6,112.3,90,92.5,28.97,29.16,27.26,27.66
50.84,2107,105.2,100,0,-0.1,2,5995,0,0.05,111.6,112.3,90,92.5,28.97,29.16,27.26,27.66
50.88,2108,105.2,100,0,0.7,2,5999,0.04,0.05,111.6,112.3,89.9,92.4,28.97,29.16,27.26,27.66
50.92,2109,105.3,100,0,0.4,2,6003,-0.03,0.05,111.6,112.3,89.9,92.4,28.97,29.16,27.26,27.66
50.96,2110,105.4,100,0,-0.1,2,6008,-0.04,0.05,111.6,112.3,89.9,92.4,28.97,29.16,27.26,27.66
51,2111,105.5,100,0,0,2,6012,0.02,0.05,111.6,112.3,89.9,92.4,28.97,29.16,27.26,27.66
51.04,2113,105.5,100,0,-0.2,2,6016,0.02,0.05,111.5,112.2,89.9,92.4,28.97,29.16,27.25,27.65
51.08,2114,105.6,100,0,0.6,2,6020,-0.02,0.05,111.5,112.2,89.9,92.4,28.96,29.15,27.25,27.65
51.12,2115,105.7,100,0,0.1,2,6024,0,0.05,111.5,112.2,89.9,92.4,28.96,29.15,27.25,27.65
51.16,2116,105.8,100,0,-0.1,2,6028,0.02,0.05,111.5,112.2,89.9,92.4,28.96,29.15,27.25,27.65
51.2,2117,105.8,100,0,0.4,2,6032,0.03,0.05,111.5,112.2,89.8,92.3,28.96,29.15,27.25,27.65
51.24,2118,105.9,100,0,-0.3,2,6036,-0.01,0.05,111.5,112.2,89.8,92.3,28.96,29.15,27.25,27.65
51.28,2120,106,100,0,-0.4,2,6040,0,0.05,111.5,112.2,89.8,92.3,28.96,29.15,27.25,27.65
51.32,2121,106,100,0,0.2,2,6044,-0.03,0.05,111.5,112.2,89.8,92.3,28.96,29.15,27.25,27.65
51.36,2122,106.1,100,0,-0.6,2,6048,-0.01,0.05,111.4,112.1,89.8,92.3,28.96,29.15,27.25,27.65
51.4,2123,106.2,100,0,0,2,6052,0.03,0.05,111.4,112.1,89.8,92.3,28.96,29.15,27.25,27.65
51.44,2124,106.3,100,0,-0.1,2,6056,0,0.05,111.4,112.1,89.8,92.3,28.96,29.15,27.25,27.65
51.48,2125,106.3,100,0,-0.4,2,6060,0,0.05,111.4,112.1,89.8,92.3,28.96,29.15,27.24,27.64
51.52,2127,106.4,100,0,0.3,2,6064,-0.05,0.05,111.4,112.1,89.8,92.3,28.95,29.14,27.24,27.64
51.56,2128,106.5,100,0,1.3,2,6068,0,0.05,111.4,112.1,89.7,92.2,28.95,29.14,27.24,27.64
51.6,2129,106.5,100,0,0.3,2,6072,0.03,0.05,111.4,112.1,89.7,92.2,28.95,29.14,27.24,27.64
51.64,2130,106.6,100,0,0,2,6076,0.01,0.05,111.4,112.1,89.7,92.2,28.95,29.14,27.24,27.64
51.68,2131,106.7,100,0,-0.3,2,6080,0.02,0.05,111.3,112,89.7,92.2,28.95,29.14,27.24,27.64
51.72,2133,106.7,100,0,0.2,2,6084,-0.02,0.05,111.3,112,89.7,92.2,28.95,29.14,27.24,27.64
51.76,2134,106.8,100,0,0.4,2,6088,0.01,0.05,111.3,112,89.7,92.2,28.95,29.14,27.24,27.64
51.8,2135,106.9,100,0,-0.4,2,6092,-0.01,0.05,111.3,112,89.7,92.2,28.95,29.14,27.24,27.64
51.84,2136,106.9,100,0,0.1,2,6096,0,0.05,111.3,112,89.7,92.2,28.95,29.14,27.24,27.64
51.88,2137,107,100,0,0,2,6100,-0.01,0.05,111.3,112,89.6,92.1,28.95,29.14,27.24,27.64
51.92,2138,107.1,100,0,0.2,2,6104,0.02,0.05,111.3,112,89.6,92.1,28.95,29.14,27.23,27.63
51.96,2140,107.2,100,0,-0.2,2,6108,-0.03,0.05,111.3,112,89.6,92.1,28.94,29.13,27.23,27.63
52,2141,107.2,100,0,0.4,2,6112,0.01,0.05,111.3,112,89.6,92.1,28.94,29.13,27.23,27.63
52.04,2142,107.3,100,0,-0.6,2,6116,0.02,0.05,111.2,111.9,89.6,92.1,28.94,29.13,27.23,27.63
52.08,2143,107.4,100,0,0.4,2,6120,0,0.05,111.2,111.9,89.6,92.1,28.94,29.13,27.23,27.63
52.12,2144,107.4,100,0,0.1,2,6123,-0.02,0.05,111.2,111.9,89.6,92.1,28.94,29.13,27.23,27.63
52.16,2146,107.5,100,0,0.2,2,6127,-0.01,0.05,111.2,111.9,89.6,92.1,28.94,29.13,27.23,27.63
52.2,2147,107.6,100,0,0.9,2,6131,0.02,0.05,111.2,111.9,89.5,92,28.94,29.13,27.23,27.63
52.24,2148,107.6,100,0,-0.7,2,6135,-0.01,0.05,111.2,111.9,89.5,92,28.94,29.13,27.23,27.63
52.28,2149,107.7,100,0,-0.1,2,6139,0.03,0.05,111.2,111.9,89.5,92,28.94,29.13,27.23,27.63
52.32,2150,107.8,100,0,0.5,2,6143,0.01,0.05,111.2,111.9,89.5,92,28.94,29.13,27.23,27.63
52.36,2152,107.8,100,0,-0.2,2,6146,0.01,0.05,111.1,111.8,89.5,92,28.94,29.13,27.22,27.62
52.4,2153,107.9,100,0,-0.3,2,6150,-0.02,0.05,111.1,111.8,89.5,92,28.93,29.12,27.22,27.62
52.44,2154,108,100,0,0,2,6154,0.01,0.05,111.1,111.8,89.5,92,28.93,29.12,27.22,27.62
52.48,2155,108,100,0,-0.2,2,6158,-0.02,0.05,111.1,111.8,89.5,92,28.93,29.12,27.22,27.62
52.52,2156,108.1,100,0,-0.8,2,6162,0.03,0.05,111.1,111.8,89.5,92,28.93,29.12,27.22,27.62
52.56,2158,108.2,100,0,0.3,2,6165,0.01,0.05,111.1,111.8,89.4,91.9,28.93,29.12,27.22,27.62
52.6,2159,108.2,100,0,-0.1,2,6169,0,0.05,111.1,111.8,89.4,91.9,28.93,29.12,27.22,27.62
52.64,2160,108.3,100,0,-0.5,2,6173,0.04,0.05,111.1,111.8,89.4,91.9,28.93,29.12,27.22,27.62
52.68,2161,108.4,100,0,-0.3,2,6177,0.04,0.05,111,111.7,89.4,91.9,28.93,29.12,27.22,27.62
52.72,2162,108.4,100,0,0.2,2,6180,-0.01,0.05,111,111.7,89.4,91.9,28.93,29.12,27.22,27.62
52.76,2164,108.5,100,0,0.1,2,6184,0.03,0.05,111,111.7,89.4,91.9,28.93,29.12,27.22,27.62
52.8,2165,108.6,100,0,0,2,6188,0,0.05,111,111.7,89.4,91.9,28.93,29.12,27.22,27.62
52.84,2166,108.6,100,0,0.2,2,6192,0.01,0.05,111,111.7,89.4,91.9,28.93,29.12,27.21,27.61
52.88,2167,108.7,100,0,-0.5,2,6195,-0.02,0.05,111,111.7,89.3,91.8,28.92,29.11,27.21,27.61
52.92,2168,108.8,100,0,-0.1,2,6199,-0.02,0.05,111,111.7,89.3,91.8,28.92,29.11,27.21,27.61
52.96,2170,108.8,100,0,0.8,2,6203,-0.02,0.05,111,111.7,89.3,91.8,28.92,29.11,27.21,27.61
53,2171,108.9,100,0,-0.2,2,6206,-0.03,0.05,111,111.7,89.3,91.8,28.92,29.11,27.21,27.61
53.04,2172,108.9,100,0,0,2,6210,0,0.05,110.9,111.6,89.3,91.8,28.92,29.11,27.21,27.61
53.08,2173,109,100,0,0.4,2,6214,0,0.05,110.9,111.6,89.3,91.8,28.92,29.11,27.21,27.61
53.12,2175,109.1,100,0,0.4,2,6217,-0.01,0.05,110.9,111.6,89.3,91.8,28.92,29.11,27.21,27.61
53.16,2176,109.1,100,0,0.2,2,6221,0.02,0.05,110.9,111.6,89.3,91.8,28.92,29.11,27.21,27.61
53.2,2177,109.2,100,0,-0.3,2,6225,0.01,0.05,110.9,111.6,89.2,91.7,28.92,29.11,27.21,27.61
53.24,2178,109.3,100,0,0.5,2,6228,-0.02,0.05,110.9,111.6,89.2,91.7,28.92,29.11,27.21,27.61
53.28,2179,109.3,100,0,-1.2,2,6232,-0.01,0.05,110.9,111.6,89.2,91.7,28.92,29.11,27.2,27.6
53.32,2181,109.4,100,0,0.5,2,6236,0.01,0.04,110.9,111.6,89.2,91.7,28.91,29.1,27.2,27.6
53.36,2182,109.5,100,0,0.2,2,6239,-0.01,0.04,110.8,111.5,89.2,91.7,28.91,29.1,27.2,27.6
53.4,2183,109.5,100,0,0.7,2,6243,0,0.04,110.8,111.5,89.2,91.7,28.91,29.1,27.2,27.6
53.44,2184,109.6,100,0,-0.4,2,6246,-0.03,0.04,110.8,111.5,89.2,91.7,28.91,29.1,27.2,27.6
53.48,2185,109.6,100,0,-0.2,2,6250,0.01,0.04,110.8,111.5,89.2,91.7,28.91,29.1,27.2,27.6
53.52,2187,109.7,100,0,-0.3,2,6254,-0.02,0.04,110.8,111.5,89.2,91.7,28.91,29.1,27.2,27.6
53.56,2188,109.8,100,0,-0.4,2,6257,0.04,0.04,110.8,111.5,89.1,91.6,28.91,29.1,27.2,27.6
53.6,2189,109.8,100,0,0,2,6261,0.04,0.04,110.8,111.5,89.1,91.6,28.91,29.1,27.2,27.6
53.64,2190,109.9,100,0,0.6,2,6264,0,0.04,110.8,111.5,89.1,91.6,28.91,29.1,27.2,27.6
53.68,2192,110,100,0,0.3,2,6268,0.03,0.04,110.7,111.4,89.1,91.6,28.91,29.1,27.2,27.6
53.72,2193,110,100,0,0.2,2,6271,0.02,0.04,110.7,111.4,89.1,91.6,28.91,29.1,27.19,27.59
53.76,2194,110.1,100,0,0.4,2,6275,0.01,0.04,110.7,111.4,89.1,91.6,28.9,29.09,27.19,27.59
53.8,2195,110.1,100,0,0.1,2,6278,-0.01,0.04,110.7,111.4,89.1,91.6,28.9,29.09,27.19,27.59
53.84,2196,110.2,100,0,0,2,6282,0.01,0.04,110.7,111.4,89.1,91.6,28.9,29.09,27.19,27.59
53.88,2198,110.3,100,0,-0.2,2,6285,0.01,0.04,110.7,111.4,89,91.5,28.9,29.09,27.19,27.59
53.92,2199,110.3,100,0,-0.1,2,6289,-0.02,0.04,110.7,111.4,89,91.5,28.9,29.09,27.19,27.59
53.96,2200,110.4,100,0,0.2,2,6292,-0.01,0.04,110.7,111.4,89,91.5,28.9,29.09,27.19,27.59
54,2201,110.5,100,0,-0.1,2,6296,0.02,0.04,110.7,111.4,89,91.5,28.9,29.09,27.19,27.59
54.04,2203,110.5,100,0,-0.5,2,6299,0.02,0.04,110.6,111.3,89,91.5,28.9,29.09,27.19,27.59
54.08,2204,110.6,100,0,0,2,6303,0.04,0.04,110.6,111.3,89,91.5,28.9,29.09,27.19,27.59
54.12,2205,110.6,100,0,0.1,2,6306,-0.02,0.04,110.6,111.3,89,91.5,28.9,29.09,27.19,27.59
54.16,2206,110.7,100,0,-0.5,2,6310,-0.01,0.04,110.6,111.3,89,91.5,28.9,29.09,27.18,27.58
54.2,2207,110.8,100,0,-0.3,2,6313,0.01,0.04,110.6,111.3,88.9,91.4,28.89,29.08,27.18,27.58
54.24,2209,110.8,100,0,0.7,2,6317,-0.03,0.04,110.6,111.3,88.9,91.4,28.89,29.08,27.18,27.58
54.28,2210,110.9,100,0,0.5,2,6320,-0.02,0.04,110.6,111.3,88.9,91.4,28.89,29.08,27.18,27.58
54.32,2211,110.9,100,0,-0.3,2,6324,-0.02,0.04,110.6,111.3,88.9,91.4,28.89,29.08,27.18,27.58
54.36,2212,111,100,0,-0.2,2,6327,0.04,0.04,110.5,111.2,88.9,91.4,28.89,29.08,27.18,27.58
54.4,2214,111.1,100,0,-0.2,2,6330,-0.02,0.04,110.5,111.2,88.9,91.4,28.89,29.08,27.18,27.58
54.44,2215,111.1,100,0,-0.1,2,6334,0.03,0.04,110.5,111.2,88.9,91.4,28.89,29.08,27.18,27.58
54.48,2216,111.2,100,0,0.3,2,6337,-0.03,0.04,110.5,111.2,88.9,91.4,28.89,29.08,27.18,27.58
54.52,2217,111.2,100,0,0.1,2,6341,0,0.04,110.5,111.2,88.9,91.4,28.89,29.08,27.18,27.58
54.56,2219,111.3,100,0,0.1,2,6344,-0.02,0.04,110.5,111.2,88.8,91.3,28.89,29.08,27.18,27.58
54.6,2220,111.4,100,0,0.1,2,6347,-0.02,0.04,110.5,111.2,88.8,91.3,28.89,29.08,27.17,27.57
54.64,2221,111.4,100,0,-0.3,2,6351,-0.01,0.04,110.5,111.2,88.8,91.3,28.88,29.07,27.17,27.57
54.68,2222,111.5,100,0,-0.7,2,6354,-0.04,0.04,110.4,111.1,88.8,91.3,28.88,29.07,27.17,27.57
54.72,2224,111.5,100,0,0.4,2,6357,-0.02,0.04,110.4,111.1,88.8,91.3,28.88,29.07,27.17,27.57
54.76,2225,111.6,100,0,0.5,2,6361,0.02,0.04,110.4,111.1,88.8,91.3,28.88,29.07,27.17,27.57
54.8,2226,111.6,100,0,0.7,2,6364,0,0.04,110.4,111.1,88.8,91.3,28.88,29.07,27.17,27.57
54.84,2227,111.7,100,0,-0.4,2,6367,-0.05,0.04,110.4,111.1,88.8,91.3,28.88,29.07,27.17,27.57
54.88,2228,111.8,100,0,0.3,2,6371,0.02,0.04,110.4,111.1,88.7,91.2,28.88,29.07,27.17,27.57
54.92,2230,111.8,100,0,0.4,2,6374,0.01,0.04,110.4,111.1,88.7,91.2,28.88,29.07,27.17,27.57
54.96,2231,111.9,100,0,0.2,2,6377,0,0.04,110.4,111.1,88.7,91.2,28.88,29.07,27.17,27.57
55,2232,111.9,100,0,0.7,2,6381,-0.02,0.04,110.4,111.1,88.7,91.2,28.88,29.07,27.17,27.57
55.04,2233,112,100,0,0.4,2,6384,-0.01,0.04,110.3,111,88.7,91.2,28.88,29.07,27.16,27.56
55.08,2235,112.1,100,0,0.8,2,6387,0.03,0.04,110.3,111,88.7,91.2,28.87,29.06,27.16,27.56
55.12,2236,112.1,100,0,0.6,2,6390,0.01,0.04,110.3,111,88.7,91.2,28.87,29.06,27.16,27.56
55.16,2237,112.2,100,0,0,2,6394,-0.03,0.04,110.3,111,88.7,91.2,28.87,29.06,27.16,27.56
55.2,2238,112.2,100,0,0,2,6397,-0.03,0.04,110.3,111,88.6,91.1,28.87,29.06,27.16,27.56
55.24,2240,112.3,100,0,0,2,6400,-0.01,0.04,110.3,111,88.6,91.1,28.87,29.06,27.16,27.56
55.28,2241,112.3,100,0,-0.2,2,6404,0.03,0.04,110.3,111,88.6,91.1,28.87,29.06,27.16,27.56
55.32,2242,112.4,100,0,-0.1,2,6407,0,0.04,110.3,111,88.6,91.1,28.87,29.06,27.16,27.56
55.36,2243,112.5,100,0,0.1,2,6410,0.03,0.04,110.2,110.9,88.6,91.1,28.87,29.06,27.16,27.56
55.4,2245,112.5,100,0,0.2,2,6413,0.01,0.04,110.2,110.9,88.6,91.1,28.87,29.06,27.16,27.56
55.44,2246,112.6,100,0,0,2,6417,0,0.04,110.2,110.9,88.6,91.1,28.87,29.06,27.16,27.56
55.48,2247,112.6,100,0,0.5,2,6420,-0.02,0.04,110.2,110.9,88.6,91.1,28.87,29.06,27.15,27.55
55.52,2248,112.7,100,0,0.4,2,6423,-0.02,0.04,110.2,110.9,88.6,91.1,28.86,29.05,27.15,27.55
55.56,2250,112.7,100,0,-0.2,2,6427,-0.02,0.04,110.2,110.9,88.5,91,28.86,29.05,27.15,27.55
55.6,2251,112.8,100,0,0.4,2,6430,0.01,0.04,110.2,110.9,88.5,91,28.86,29.05,27.15,27.55
55.64,2252,112.9,100,0,0.1,2,6433,-0.01,0.04,110.2,110.9,88.5,91,28.86,29.05,27.15,27.55
55.68,2253,112.9,100,0,0.3,2,6436,-0.01,0.04,110.1,110.8,88.5,91,28.86,29.05,27.15,27.55
55.72,2255,113,100,0,-0.2,2,6440,0.01,0.04,110.1,110.8,88.5,91,28.86,29.05,27.15,27.55
55.76,2256,113,100,0,-0.3,2,6443,0.01,0.04,110.1,110.8,88.5,91,28.86,29.05,27.15,27.55
55.8,2257,113.1,100,0,0.4,2,6446,0,0.04,110.1,110.8,88.5,91,28.86,29.05,27.15,27.55
55.84,2258,113.2,100,0,0.4,2,6450,-0.03,0.04,110.1,110.8,88.5,91,28.86,29.05,27.15,27.55
55.88,2260,113.2,100,0,-0.4,2,6453,-0.02,0.04,110.1,110.8,88.4,90.9,28.86,29.05,27.15,27.55
55.92,2261,113.3,100,0,-0.1,2,6456,-0.02,0.04,110.1,110.8,88.4,90.9,28.86,29.05,27.14,27.54
55.96,2262,113.3,100,0,-0.1,2,6459,0.01,0.04,110.1,110.8,88.4,90.9,28.85,29.04,27.14,27.54
56,2264,113.4,100,0,0.7,2,6463,-0.03,0.04,110.1,110.8,88.4,90.9,28.85,29.04,27.14,27.54
56.04,2265,113.4,100,0,0.2,2,6466,-0.01,0.04,110,110.7,88.4,90.9,28.85,29.04,27.14,27.54
56.08,2266,113.5,100,0,-0.6,2,6469,-0.01,0.04,110,110.7,88.4,90.9,28.85,29.04,27.14,27.54
56.12,2267,113.6,100,0,-0.2,2,6473,0,0.04,110,110.7,88.4,90.9,28.85,29.04,27.14,27.54
56.16,2269,113.6,100,0,0.1,2,6476,0.01,0.04,110,110.7,88.4,90.9,28.85,29.04,27.14,27.54
56.2,2270,113.7,100,0,0,2,6479,0.01,0.04,110,110.7,88.3,90.8,28.85,29.04,27.14,27.54
56.24,2271,113.7,100,0,-0.3,2,6482,-0.02,0.04,110,110.7,88.3,90.8,28.85,29.04,27.14,27.54
56.28,2272,113.8,100,0,-0.8,2,6486,0.03,0.04,110,110.7,88.3,90.8,28.85,29.04,27.14,27.54
56.32,2274,113.8,100,0,0.7,2,6489,-0.01,0.04,110,110.7,88.3,90.8,28.85,29.04,27.14,27.54
56.36,2275,113.9,100,0,-0.3,2,6492,0.02,0.04,109.9,110.6,88.3,90.8,28.85,29.04,27.13,27.53
56.4,2276,114,100,0,0.3,2,6496,0.01,0.04,109.9,110.6,88.3,90.8,28.84,29.03,27.13,27.53
56.44,2277,114,100,0,-0.1,2,6499,0,0.04,109.9,110.6,88.3,90.8,28.84,29.03,27.13,27.53
56.48,2279,114.1,100,0,0,2,6502,0,0.04,109.9,110.6,88.3,90.8,28.84,29.03,27.13,27.53
56.52,2280,114.1,100,0,-0.7,2,6505,-0.02,0.04,109.9,110.6,88.3,90.8,28.84,29.03,27.13,27.53
56.56,2281,114.2,100,0,0,2,6509,0,0.04,109.9,110.6,88.2,90.7,28.84,29.03,27.13,27.53
56.6,2282,114.2,100,0,0.4,2,6512,0,0.04,109.9,110.6,88.2,90.7,28.84,29.03,27.13,27.53
56.64,2284,114.3,100,0,1,2,6515,0.04,0.04,109.9,110.6,88.2,90.7,28.84,29.03,27.13,27.53
56.68,2285,114.4,100,0,0.1,2,6519,0,0.04,109.8,110.5,88.2,90.7,28.84,29.03,27.13,27.53
56.72,2286,114.4,100,0,0.1,2,6522,0.02,0.04,109.8,110.5,88.2,90.7,28.84,29.03,27.13,27.53
56.76,2288,114.5,100,0,-0.1,2,6525,0.04,0.04,109.8,110.5,88.2,90.7,28.84,29.03,27.13,27.53
56.8,2289,114.5,100,0,-0.5,2,6528,0.02,0.04,109.8,110.5,88.2,90.7,28.84,29.03,27.13,27.53
56.84,2290,114.6,100,0,0.1,2,6532,0.01,0.04,109.8,110.5,88.2,90.7,28.84,29.03,27.12,27.52
56.88,2291,114.6,100,0,0.4,2,6535,0.01,0.04,109.8,110.5,88.1,90.6,28.83,29.02,27.12,27.52
56.92,2293,114.7,100,0,0.3,2,6538,-0.01,0.04,109.8,110.5,88.1,90.6,28.83,29.02,27.12,27.52
56.96,2294,114.8,100,0,0,2,6541,0,0.04,109.8,110.5,88.1,90.6,28.83,29.02,27.12,27.52
57,2295,114.8,100,0,0,2,6545,0.02,0.04,109.8,110.5,88.1,90.6,28.83,29.02,27.12,27.52
57.04,2296,114.9,100,0,0.1,2,6548,0.02,0.04,109.7,110.4,88.1,90.6,28.83,29.02,27.12,27.52
57.08,2298,114.9,100,0,-0.4,2,6551,-0.03,0.04,109.7,110.4,88.1,90.6,28.83,29.02,27.12,27.52
57.12,2299,115,100,0,0,2,6555,-0.03,0.04,109.7,110.4,88.1,90.6,28.83,29.02,27.12,27.52
57.16,2300,115.1,100,0,0.8,2,6558,0,0.04,109.7,110.4,88.1,90.6,28.83,29.02,27.12,27.52
57.2,2302,115.1,100,0,0.7,2,6561,0.01,0.04,109.7,110.4,88,90.5,28.83,29.02,27.12,27.52
57.24,2303,115.2,100,0,-0.1,2,6564,-0.01,0.04,109.7,110.4,88,90.5,28.83,29.02,27.12,27.52
57.28,2304,115.2,100,0,0.1,2,6568,-0.01,0.04,109.7,110.4,88,90.5,28.83,29.02,27.11,27.51
57.32,2305,115.3,100,0,0.9,2,6571,0,0.04,109.7,110.4,88,90.5,28.82,29.01,27.11,27.51
57.36,2307,115.3,100,0,-0.2,2,6574,0.02,0.04,109.6,110.3,88,90.5,28.82,29.01,27.11,27.51
57.4,2308,115.4,100,0,-0.2,2,6578,0.01,0.04,109.6,110.3,88,90.5,28.82,29.01,27.11,27.51
57.44,2309,115.5,100,0,-0.2,2,6581,0.02,0.04,109.6,110.3,88,90.5,28.82,29.01,27.11,27.51
57.48,2311,115.5,100,0,-0.2,2,6584,0.02,0.04,109.6,110.3,88,90.5,28.82,29.01,27.11,27.51
57.52,2312,115.6,100,0,-0.9,2,6587,-0.01,0.04,109.6,110.3,88,90.5,28.82,29.01,27.11,27.51
57.56,2313,115.6,100,0,-0.5,2,6591,0,0.04,109.6,110.3,87.9,90.4,28.82,29.01,27.11,27.51
57.6,2314,115.7,100,0,0.3,2,6594,0.02,0.04,109.6,110.3,87.9,90.4,28.82,29.01,27.11,27.51
57.64,2316,115.7,100,0,-0.3,2,6597,-0.02,0.04,109.6,110.3,87.9,90.4,28.82,29.01,27.11,27.51
57.68,2317,115.8,100,0,-0.6,2,6601,0,0.04,109.5,110.2,87.9,90.4,28.82,29.01,27.11,27.51
57.72,2318,115.9,100,0,-0.3,2,6604,0,0.04,109.5,110.2,87.9,90.4,28.82,29.01,27.1,27.5
57.76,2320,115.9,100,0,0.7,2,6607,0.01,0.04,109.5,110.2,87.9,90.4,28.81,29,27.1,27.5
57.8,2321,116,100,0,0.5,2,6610,0.03,0.04,109.5,110.2,87.9,90.4,28.81,29,27.1,27.5
57.84,2322,116,100,0,0.2,2,6614,0.02,0.04,109.5,110.2,87.9,90.4,28.81,29,27.1,27.5
57.88,2323,116.1,100,0,0.3,2,6617,0,0.04,109.5,110.2,87.8,90.3,28.81,29,27.1,27.5
57.92,2325,116.1,100,0,-0.2,2,6620,0.04,0.04,109.5,110.2,87.8,90.3,28.81,29,27.1,27.5
57.96,2326,116.2,100,0,0.3,2,6624,-0.02,0.04,109.5,110.2,87.8,90.3,28.81,29,27.1,27.5
58,2327,116.3,100,0,0.5,2,6627,0,0.04,109.5,110.2,87.8,90.3,28.81,29,27.1,27.5
58.04,2329,116.3,100,0,0.1,2,6630,0,0.04,109.4,110.1,87.8,90.3,28.81,29,27.1,27.5
58.08,2330,116.4,100,0,-0.3,2,6633,-0.01,0.04,109.4,110.1,87.8,90.3,28.81,29,27.1,27.5
58.12,2331,116.4,100,0,0.1,2,6637,0.03,0.04,109.4,110.1,87.8,90.3,28.81,29,27.1,27.5
58.16,2332,116.5,100,0,-0.7,2,6640,-0.03,0.04,109.4,110.1,87.8,90.3,28.81,29,27.09,27.49
58.2,2334,116.5,100,0,0.3,2,6643,0.02,0.04,109.4,110.1,87.7,90.2,28.8,28.99,27.09,27.49
58.24,2335,116.6,100,0,0,2,6647,0.03,0.04,109.4,110.1,87.7,90.2,28.8,28.99,27.09,27.49
58.28,2336,116.7,100,0,0.6,2,6650,0.01,0.04,109.4,110.1,87.7,90.2,28.8,28.99,27.09,27.49
58.32,2338,116.7,100,0,0.2,2,6653,-0.01,0.04,109.4,110.1,87.7,90.2,28.8,28.99,27.09,27.49
58.36,2339,116.8,100,0,0,2,6656,-0.01,0.04,109.3,110,87.7,90.2,28.8,28.99,27.09,27.49
58.4,2340,116.8,100,0,0.1,2,6660,0,0.04,109.3,110,87.7,90.2,28.8,28.99,27.09,27.49
58.44,2342,116.9,100,0,0,2,6663,0,0.04,109.3,110,87.7,90.2,28.8,28.99,27.09,27.49
58.48,2343,117,100,0,0,2,6666,-0.02,0.04,109.3,110,87.7,90.2,28.8,28.99,27.09,27.49
58.52,2344,117,100,0,-0.5,2,6670,-0.01,0.04,109.3,110,87.7,90.2,28.8,28.99,27.09,27.49
58.56,2345,117.1,100,0,0.1,2,6673,-0.02,0.04,109.3,110,87.6,90.1,28.8,28.99,27.09,27.49
58.6,2347,117.1,100,0,0,2,6676,0,0.04,109.3,110,87.6,90.1,28.8,28.99,27.08,27.48
58.64,2348,117.2,100,0,0,2,6679,0,0.04,109.3,110,87.6,90.1,28.79,28.98,27.08,27.48
58.68,2349,117.2,100,0,-0.3,2,6683,-0.02,0.04,109.2,109.9,87.6,90.1,28.79,28.98,27.08,27.48
58.72,2351,117.3,100,0,-0.3,2,6686,-0.03,0.04,109.2,109.9,87.6,90.1,28.79,28.98,27.08,27.48
58.76,2352,117.4,100,0,0.8,2,6689,-0.01,0.04,109.2,109.9,87.6,90.1,28.79,28.98,27.08,27.48
58.8,2353,117.4,100,0,-0.6,2,6693,0,0.04,109.2,109.9,87.6,90.1,28.79,28.98,27.08,27.48
58.84,2355,117.5,100,0,0.3,2,6696,0,0.04,109.2,109.9,87.6,90.1,28.79,28.98,27.08,27.48
58.88,2356,117.5,100,0,0,2,6699,-0.04,0.04,109.2,109.9,87.5,90,28.79,28.98,27.08,27.48
58.92,2357,117.6,100,0,0.1,2,6702,0.01,0.04,109.2,109.9,87.5,90,28.79,28.98,27.08,27.48
58.96,2358,117.6,100,0,-0.4,2,6706,-0.01,0.04,109.2,109.9,87.5,90,28.79,28.98,27.08,27.48
59,2360,117.7,100,0,-0.2,2,6709,0.01,0.04,109.2,109.9,87.5,90,28.79,28.98,27.08,27.48
59.04,2361,117.8,100,0,0.2,2,6712,-0.01,0.04,109.1,109.8,87.5,90,28.79,28.98,27.07,27.47
59.08,2362,117.8,100,0,0.1,2,6716,-0.04,0.04,109.1,109.8,87.5,90,28.78,28.97,27.07,27.47
59.12,2364,117.9,100,0,-0.3,2,6719,-0.01,0.04,109.1,109.8,87.5,90,28.78,28.97,27.07,27.47
59.16,2365,117.9,100,0,-0.1,2,6722,0.03,0.04,109.1,109.8,87.5,90,28.78,28.97,27.07,27.47
59.2,2366,118,100,0,-0.4,2,6725,-0.01,0.04,109.1,109.8,87.4,89.9,28.78,28.97,27.07,27.47
59.24,2368,118,100,0,-0.5,2,6729,0,0.04,109.1,109.8,87.4,89.9,28.78,28.97,27.07,27.47
59.28,2369,118.1,100,0,-0.1,2,6732,-0.04,0.04,109.1,109.8,87.4,89.9,28.78,28.97,27.07,27.47
59.32,2370,118.2,100,0,0.1,2,6735,-0.02,0.04,109.1,109.8,87.4,89.9,28.78,28.97,27.07,27.47
59.36,2372,118.2,100,0,0.6,2,6738,0.01,0.04,109,109.7,87.4,89.9,28.78,28.97,27.07,27.47
59.4,2373,118.3,100,0,0.5,2,6742,0.01,0.04,109,109.7,87.4,89.9,28.78,28.97,27.07,27.47
59.44,2374,118.3,100,0,-0.7,2,6745,0.02,0.04,109,109.7,87.4,89.9,28.78,28.97,27.07,27.47
59.48,2376,118.4,100,0,0.3,2,6748,0,0.04,109,109.7,87.4,89.9,28.78,28.97,27.06,27.46
59.52,2377,118.4,100,0,-0.1,2,6752,0.03,0.04,109,109.7,87.4,89.9,28.77,28.96,27.06,27.46
59.56,2378,118.5,100,0,-0.3,2,6755,0,0.04,109,109.7,87.3,89.8,28.77,28.96,27.06,27.46
59.6,2379,118.6,100,0,0.7,2,6758,-0.02,0.04,109,109.7,87.3,89.8,28.77,28.96,27.06,27.46
59.64,2381,118.6,100,0,0.1,2,6761,0,0.04,109,109.7,87.3,89.8,28.77,28.96,27.06,27.46
59.68,2382,118.7,100,0,0.5,2,6765,0,0.04,108.9,109.6,87.3,89.8,28.77,28.96,27.06,27.46
59.72,2383,118.7,100,0,0.5,2,6768,0.04,0.04,108.9,109.6,87.3,89.8,28.77,28.96,27.06,27.46
59.76,2385,118.8,100,0,0.3,2,6771,-0.03,0.04,108.9,109.6,87.3,89.8,28.77,28.96,27.06,27.46
59.8,2386,118.9,100,0,0.2,2,6775,0.01,0.04,108.9,109.6,87.3,89.8,28.77,28.96,27.06,27.46
59.84,2387,118.9,100,0,-0.1,2,6778,0,0.04,108.9,109.6,87.3,89.8,28.77,28.96,27.06,27.46
59.88,2389,119,100,0,0.2,2,6781,0,0.04,108.9,109.6,87.2,89.7,28.77,28.96,27.06,27.46
59.92,2390,119,100,0,0.3,2,6784,-0.01,0.04,108.9,109.6,87.2,89.7,28.77,28.96,27.05,27.45
59.96,2391,119.1,100,0,1.1,2,6788,0,0.04,108.9,109.6,87.2,89.7,28.76,28.95,27.05,27.45
60,2393,119.1,100,0,-0.2,2,6791,-0.01,0.04,108.9,109.6,87.2,89.7,28.76,28.95,27.05,27.45
60.04,2394,119.2,100,0,-0.4,2,6794,-0.01,0.04,108.8,109.5,87.2,89.7,28.76,28.95,27.05,27.45
60.08,2395,119.3,100,0,0.3,2,6798,-0.01,0.04,108.8,109.5,87.2,89.7,28.76,28.95,27.05,27.45
60.12,2397,119.3,100,0,0.1,2,6801,0.01,0.04,108.8,109.5,87.2,89.7,28.76,28.95,27.05,27.45
60.16,2398,119.4,100,0,-0.6,2,6804,0.04,0.04,108.8,109.5,87.2,89.7,28.76,28.95,27.05,27.45
60.2,2399,119.4,100,0,-0.1,2,6807,-0.01,0.04,108.8,109.5,87.1,89.6,28.76,28.95,27.05,27.45
60.24,2401,119.5,100,0,-0.1,2,6811,0,0.04,108.8,109.5,87.1,89.6,28.76,28.95,27.05,27.45
60.28,2402,119.5,100,0,0.7,2,6814,-0.04,0.04,108.8,109.5,87.1,89.6,28.76,28.95,27.05,27.45
60.32,2403,119.6,100,0,-0.1,2,6817,-0.01,0.04,108.8,109.5,87.1,89.6,28.76,28.95,27.05,27.45
60.36,2405,119.7,100,0,-0.3,2,6821,0.02,0.04,108.7,109.4,87.1,89.6,28.76,28.95,27.04,27.44
60.4,2406,119.7,100,0,-0.2,2,6824,0.02,0.04,108.7,109.4,87.1,89.6,28.75,28.94,27.04,27.44
60.44,2407,119.8,100,0,0.2,2,6827,-0.01,0.04,108.7,109.4,87.1,89.6,28.75,28.94,27.04,27.44
60.48,2409,119.8,100,0,-0.4,2,6830,-0.02,0.04,108.7,109.4,87.1,89.6,28.75,28.94,27.04,27.44
60.52,2410,119.9,100,0,-0.1,2,6834,-0.01,0.04,108.7,109.4,87.1,89.6,28.75,28.94,27.04,27.44
60.56,2411,119.9,100,0,-1,2,6837,-0.01,0.04,108.7,109.4,87,89.5,28.75,28.94,27.04,27.44
60.6,2413,120,100,0,-0.9,2,6019,0.01,0.04,108.7,109.4,87,89.5,28.75,28.94,27.04,27.44
60.64,2414,120.1,100,0,0.8,2,6023,-0.01,0.04,108.7,109.4,87,89.5,28.75,28.94,27.04,27.44
60.68,2415,120.1,100,0,-0.3,2,6025,-0.03,0.04,108.6,109.3,87,89.5,28.75,28.94,27.04,27.44
60.72,2417,120.2,100,0,0.1,2,6028,0.01,0.04,108.6,109.3,87,89.5,28.75,28.94,27.04,27.44
60.76,2418,120.2,100,0,0.2,2,6031,0,0.04,108.6,109.3,87,89.5,28.75,28.94,27.04,27.44
60.8,2419,120.3,100,0,-0.5,2,6034,-0.01,0.04,108.6,109.3,87,89.5,28.75,28.94,27.04,27.44
60.84,2421,120.4,100,0,0.7,2,6037,0.01,0.04,108.6,109.3,87,89.5,28.75,28.94,27.03,27.43
60.88,2422,120.4,100,0,0.3,2,6039,0.01,0.04,108.6,109.3,86.9,89.4,28.74,28.93,27.03,27.43
60.92,2423,120.5,100,0,0.2,2,6043,-0.02,0.04,108.6,109.3,86.9,89.4,28.74,28.93,27.03,27.43
60.96,2425,120.5,100,0,0.1,2,6046,-0.03,0.04,108.6,109.3,86.9,89.4,28.74,28.93,27.03,27.43
61,2426,120.6,100,0,0.7,2,6048,0,0.04,108.6,109.3,86.9,89.4,28.74,28.93,27.03,27.43
61.04,2427,120.6,100,0,0.1,2,6051,-0.03,0.04,108.5,109.2,86.9,89.4,28.74,28.93,27.03,27.43
61.08,2429,120.7,100,0,0.1,2,6054,-0.02,0.04,108.5,109.2,86.9,89.4,28.74,28.93,27.03,27.43
61.12,2430,120.8,100,0,-0.2,2,6057,-0.03,0.04,108.5,109.2,86.9,89.4,28.74,28.93,27.03,27.43
61.16,2431,120.8,100,0,0.3,2,6060,-0.05,0.04,108.5,109.2,86.9,89.4,28.74,28.93,27.03,27.43
61.2,2433,120.9,100,0,-0.3,2,6063,0.01,0.04,108.5,109.2,86.8,89.3,28.74,28.93,27.03,27.43
61.24,2434,120.9,100,0,0,2,6066,0.01,0.04,108.5,109.2,86.8,89.3,28.74,28.93,27.03,27.43
61.28,2435,121,100,0,-0.6,2,6068,0,0.04,108.5,109.2,86.8,89.3,28.74,28.93,27.02,27.42
61.32,2437,121,100,0,-0.7,2,6071,0.01,0.04,108.5,109.2,86.8,89.3,28.73,28.92,27.02,27.42
61.36,2438,121.1,100,0,-0.1,2,6075,0.01,0.04,108.4,109.1,86.8,89.3,28.73,28.92,27.02,27.42
61.4,2439,121.2,100,0,-0.1,2,6077,-0.02,0.04,108.4,109.1,86.8,89.3,28.73,28.92,27.02,27.42
61.44,2441,121.2,100,0,0,2,6909,0,0.04,108.4,109.1,86.8,89.3,28.73,28.92,27.02,27.42
61.48,2442,121.3,100,0,0.6,2,6912,-0.01,0.04,108.4,109.1,86.8,89.3,28.73,28.92,27.02,27.42
61.52,2443,121.3,100,0,0.2,2,6916,0,0.04,108.4,109.1,86.8,89.3,28.73,28.92,27.02,27.42
61.56,2445,121.4,100,0,-0.7,2,6919,-0.01,0.04,108.4,109.1,86.7,89.2,28.73,28.92,27.02,27.42
61.6,2446,121.4,100,0,0.5,2,6922,-0.01,0.04,108.4,109.1,86.7,89.2,28.73,28.92,27.02,27.42
61.64,2447,121.5,100,0,0,2,6926,-0.04,0.04,108.4,109.1,86.7,89.2,28.73,28.92,27.02,27.42
61.68,2449,121.6,100,0,0.4,2,6929,-0.01,0.04,108.3,109,86.7,89.2,28.73,28.92,27.02,27.42
61.72,2450,121.6,100,0,0.2,2,6932,-0.03,0.04,108.3,109,86.7,89.2,28.73,28.92,27.01,27.41
61.76,2452,121.7,100,0,-0.7,2,6935,-0.01,0.04,108.3,109,86.7,89.2,28.72,28.91,27.01,27.41
61.8,2453,121.7,100,0,0.2,2,6939,-0.02,0.04,108.3,109,86.7,89.2,28.72,28.91,27.01,27.41
61.84,2454,121.8,100,0,0.3,2,6942,0.03,0.04,108.3,109,86.7,89.2,28.72,28.91,27.01,27.41
61.88,2456,121.8,100,0,-0.5,2,6945,-0.02,0.04,108.3,109,86.6,89.1,28.72,28.91,27.01,27.41
61.92,2457,121.9,100,0,0.4,2,6949,0.01,0.04,108.3,109,86.6,89.1,28.72,28.91,27.01,27.41
61.96,2458,122,100,0,0.1,2,6952,0,0.04,108.3,109,86.6,89.1,28.72,28.91,27.01,27.41
62,2460,122,100,0,-0.1,2,6955,0,0.04,108.3,109,86.6,89.1,28.72,28.91,27.01,27.41
62.04,2461,122.1,100,0,-0.3,2,6958,0.04,0.04,108.2,108.9,86.6,89.1,28.72,28.91,27.01,27.41
62.08,2462,122.1,100,0,-0.3,2,6962,0,0.04,108.2,108.9,86.6,89.1,28.72,28.91,27.01,27.41
62.12,2464,122.2,100,0,0,2,6965,0,0.04,108.2,108.9,86.6,89.1,28.72,28.91,27.01,27.41
62.16,2465,122.3,100,0,-0.4,2,6968,-0.03,0.04,108.2,108.9,86.6,89.1,28.72,28.91,27,27.4
62.2,2466,122.3,100,0,0.6,2,6972,0,0.04,108.2,108.9,86.5,89,28.71,28.9,27,27.4
62.24,2468,122.4,100,0,-0.3,2,6975,0.03,0.04,108.2,108.9,86.5,89,28.71,28.9,27,27.4
62.28,2469,122.4,100,0,0.6,2,6978,0.01,0.04,108.2,108.9,86.5,89,28.71,28.9,27,27.4
62.32,2470,122.5,100,0,0.7,2,6981,-0.03,0.04,108.2,108.9,86.5,89,28.71,28.9,27,27.4
62.36,2472,122.5,100,0,-0.1,2,6985,-0.01,0.04,108.1,108.8,86.5,89,28.71,28.9,27,27.4
62.4,2473,122.6,100,0,-0.7,2,6988,0.03,0.04,108.1,108.8,86.5,89,28.71,28.9,27,27.4
62.44,2475,122.7,100,0,-0.6,2,6991,0.04,0.04,108.1,108.8,86.5,89,28.71,28.9,27,27.4
62.48,2476,122.7,100,0,-0.6,2,6995,0.02,0.04,108.1,108.8,86.5,89,28.71,28.9,27,27.4
62.52,2477,122.8,100,0,0.1,2,6998,0.02,0.04,108.1,108.8,86.5,89,28.71,28.9,27,27.4
62.56,2479,122.8,100,0,0.2,2,7001,-0.04,0.04,108.1,108.8,86.4,88.9,28.71,28.9,27,27.4
62.6,2480,122.9,100,0,0.3,2,7004,-0.03,0.04,108.1,108.8,86.4,88.9,28.71,28.9,26.99,27.39
62.64,2481,122.9,100,0,0.8,2,7008,0,0.04,108.1,108.8,86.4,88.9,28.7,28.89,26.99,27.39
62.68,2483,123,100,0,0.5,2,7011,-0.02,0.04,108,108.7,86.4,88.9,28.7,28.89,26.99,27.39
62.72,2484,123.1,100,0,0.1,2,7014,0,0.04,108,108.7,86.4,88.9,28.7,28.89,26.99,27.39
62.76,2485,123.1,100,0,0.4,2,7018,0.02,0.04,108,108.7,86.4,88.9,28.7,28.89,26.99,27.39
62.8,2487,123.2,100,0,-0.1,2,7021,-0.01,0.04,108,108.7,86.4,88.9,28.7,28.89,26.99,27.39
62.84,2488,123.2,100,0,-0.3,2,7024,0.03,0.04,108,108.7,86.4,88.9,28.7,28.89,26.99,27.39
62.88,2490,123.3,100,0,0.2,2,7027,-0.02,0.04,108,108.7,86.3,88.8,28.7,28.89,26.99,27.39
62.92,2491,123.3,100,0,0,2,7031,-0.02,0.04,108,108.7,86.3,88.8,28.7,28.89,26.99,27.39
62.96,2492,123.4,100,0,-0.1,2,7034,0.05,0.04,108,108.7,86.3,88.8,28.7,28.89,26.99,27.39
63,2494,123.5,100,0,0.1,2,7037,0,0.04,108,108.7,86.3,88.8,28.7,28.89,26.99,27.39
63.04,2495,123.5,100,0,-0.6,2,7041,-0.02,0.04,107.9,108.6,86.3,88.8,28.7,28.89,26.98,27.38
63.08,2496,123.6,100,0,-0.1,2,7044,-0.06,0.04,107.9,108.6,86.3,88.8,28.69,28.88,26.98,27.38
63.12,2498,123.6,100,0,0.5,2,7047,-0.01,0.04,107.9,108.6,86.3,88.8,28.69,28.88,26.98,27.38
63.16,2499,123.7,100,0,-0.2,2,7050,0.03,0.04,107.9,108.6,86.3,88.8,28.69,28.88,26.98,27.38
63.2,2501,123.7,100,0,0.7,2,7054,-0.01,0.04,107.9,108.6,86.2,88.7,28.69,28.88,26.98,27.38
63.24,2502,123.8,100,0,0.1,2,7057,-0.01,0.04,107.9,108.6,86.2,88.7,28.69,28.88,26.98,27.38
63.28,2503,123.9,100,0,-0.4,2,7060,0.03,0.04,107.9,108.6,86.2,88.7,28.69,28.88,26.98,27.38
63.32,2505,123.9,100,0,-0.1,2,7064,-0.01,0.04,107.9,108.6,86.2,88.7,28.69,28.88,26.98,27.38
63.36,2506,124,100,0,-0.2,2,7067,-0.01,0.04,107.8,108.5,86.2,88.7,28.69,28.88,26.98,27.38
63.4,2507,124,100,0,0.2,2,7070,0.02,0.04,107.8,108.5,86.2,88.7,28.69,28.88,26.98,27.38
63.44,2509,124.1,100,0,0.2,2,7073,0,0.04,107.8,108.5,86.2,88.7,28.69,28.88,26.98,27.38
63.48,2510,124.2,100,0,0.4,2,7077,-0.02,0.04,107.8,108.5,86.2,88.7,28.69,28.88,26.97,27.37
63.52,2512,124.2,100,0,0.7,2,7080,0.02,0.04,107.8,108.5,86.2,88.7,28.68,28.87,26.97,27.37
63.56,2513,124.3,100,0,-0.6,2,7083,-0.04,0.04,107.8,108.5,86.1,88.6,28.68,28.87,26.97,27.37
63.6,2514,124.3,100,0,-0.8,2,7087,0.01,0.04,107.8,108.5,86.1,88.6,28.68,28.87,26.97,27.37
63.64,2516,124.4,100,0,0.6,2,7090,0.01,0.04,107.8,108.5,86.1,88.6,28.68,28.87,26.97,27.37
63.68,2517,124.4,100,0,-0.1,2,7093,-0.02,0.04,107.7,108.4,86.1,88.6,28.68,28.87,26.97,27.37
63.72,2519,124.5,100,0,-0.1,2,7096,-0.02,0.04,107.7,108.4,86.1,88.6,28.68,28.87,26.97,27.37
63.76,2520,124.6,100,0,0.3,2,7100,0.01,0.04,107.7,108.4,86.1,88.6,28.68,28.87,26.97,27.37
63.8,2521,124.6,100,0,-0.2,2,7103,0.03,0.04,107.7,108.4,86.1,88.6,28.68,28.87,26.97,27.37
63.84,2523,124.7,100,0,-0.3,2,7106,-0.01,0.04,107.7,108.4,86.1,88.6,28.68,28.87,26.97,27.37
63.88,2524,124.7,100,0,0.5,2,7109,0.01,0.04,107.7,108.4,86,88.5,28.68,28.87,26.97,27.37
63.92,2525,124.8,100,0,0.5,2,7113,0.02,0.04,107.7,108.4,86,88.5,28.68,28.87,26.96,27.36
63.96,2527,124.8,100,0,-0.1,2,7116,0.01,0.04,107.7,108.4,86,88.5,28.67,28.86,26.96,27.36
64,2528,124.9,100,0,0.1,2,7119,-0.03,0.04,107.7,108.4,86,88.5,28.67,28.86,26.96,27.36
64.04,2530,125,100,0,-0.2,2,7123,0,0.04,107.6,108.3,86,88.5,28.67,28.86,26.96,27.36
64.08,2531,125,100,0,0.1,2,7126,0,0.04,107.6,108.3,86,88.5,28.67,28.86,26.96,27.36
64.12,2532,125.1,100,0,0,2,7129,-0.02,0.04,107.6,108.3,86,88.5,28.67,28.86,26.96,27.36
64.16,2534,125.1,100,0,0.1,2,7132,0,0.04,107.6,108.3,86,88.5,28.67,28.86,26.96,27.36
64.2,2535,125.2,100,0,0.3,2,7136,0.03,0.04,107.6,108.3,85.9,88.4,28.67,28.86,26.96,27.36
64.24,2537,125.2,100,0,0,2,7139,-0.02,0.04,107.6,108.3,85.9,88.4,28.67,28.86,26.96,27.36
64.28,2538,125.3,100,0,-0.6,2,7142,-0.02,0.04,107.6,108.3,85.9,88.4,28.67,28.86,26.96,27.36
64.32,2539,125.4,100,0,-0.9,2,7146,0,0.04,107.6,108.3,85.9,88.4,28.67,28.86,26.96,27.36
64.36,2541,125.4,100,0,-0.2,2,7149,-0.03,0.04,107.5,108.2,85.9,88.4,28.67,28.86,26.95,27.35
64.4,2542,125.5,100,0,-0.1,2,7152,-0.01,0.04,107.5,108.2,85.9,88.4,28.66,28.85,26.95,27.35
64.44,2544,125.5,100,0,0.2,2,7155,-0.03,0.04,107.5,108.2,85.9,88.4,28.66,28.85,26.95,27.35
64.48,2545,125.6,100,0,-0.1,2,7159,-0.01,0.04,107.5,108.2,85.9,88.4,28.66,28.85,26.95,27.35
64.52,2546,125.6,100,0,0.7,2,7162,-0.04,0.04,107.5,108.2,85.9,88.4,28.66,28.85,26.95,27.35
64.56,2548,125.7,100,0,-0.2,2,7165,0.02,0.04,107.5,108.2,85.8,88.3,28.66,28.85,26.95,27.35
64.6,2549,125.8,100,0,-0.5,2,7169,0,0.04,107.5,108.2,85.8,88.3,28.66,28.85,26.95,27.35
64.64,2550,125.8,100,0,0.6,2,7172,0.02,0.04,107.5,108.2,85.8,88.3,28.66,28.85,26.95,27.35
64.68,2552,125.9,100,0,-0.3,2,7175,-0.03,0.04,107.4,108.1,85.8,88.3,28.66,28.85,26.95,27.35
64.72,2553,125.9,100,0,-0.1,2,7178,0,0.04,107.4,108.1,85.8,88.3,28.66,28.85,26.95,27.35
64.76,2555,126,100,0,0.2,2,7182,0,0.04,107.4,108.1,85.8,88.3,28.66,28.85,26.95,27.35
64.8,2556,126.1,100,0,0,2,7185,0.01,0.04,107.4,108.1,85.8,88.3,28.66,28.85,26.95,27.35
64.84,2557,126.1,100,0,0.3,2,7188,-0.03,0.04,107.4,108.1,85.8,88.3,28.66,28.85,26.94,27.34
64.88,2559,126.2,100,0,-0.4,2,7192,0,0.04,107.4,108.1,85.7,88.2,28.65,28.84,26.94,27.34
64.92,2560,126.2,100,0,-0.5,2,7195,0,0.04,107.4,108.1,85.7,88.2,28.65,28.84,26.94,27.34
64.96,2562,126.3,100,0,0.3,2,7198,-0.01,0.04,107.4,108.1,85.7,88.2,28.65,28.84,26.94,27.34
65,2563,126.3,100,0,0,2,7201,-0.04,0.04,107.4,108.1,85.7,88.2,28.65,28.84,26.94,27.34
65.04,2564,126.4,100,0,0.1,2,7205,-0.02,0.04,107.3,108,85.7,88.2,28.65,28.84,26.94,27.34
65.08,2566,126.5,100,0,0.5,2,7208,0.01,0.04,107.3,108,85.7,88.2,28.65,28.84,26.94,27.34
65.12,2567,126.5,100,0,-0.4,2,7211,-0.01,0.04,107.3,108,85.7,88.2,28.65,28.84,26.94,27.34
65.16,2569,126.6,100,0,-0.3,2,7215,0.01,0.04,107.3,108,85.7,88.2,28.65,28.84,26.94,27.34
65.2,2570,126.6,100,0,0.3,2,7218,-0.03,0.04,107.3,108,85.6,88.1,28.65,28.84,26.94,27.34
65.24,2572,126.7,100,0,-0.7,2,7221,-0.01,0.04,107.3,108,85.6,88.1,28.65,28.84,26.94,27.34
65.28,2573,126.7,100,0,-0.1,2,7224,0.02,0.04,107.3,108,85.6,88.1,28.65,28.84,26.93,27.33
65.32,2574,126.8,100,0,-0.3,2,7228,0.05,0.04,107.3,108,85.6,88.1,28.64,28.83,26.93,27.33
65.36,2576,126.9,100,0,0.1,2,7231,0.03,0.04,107.2,107.9,85.6,88.1,28.64,28.83,26.93,27.33
65.4,2577,126.9,100,0,-0.2,2,7234,-0.02,0.04,107.2,107.9,85.6,88.1,28.64,28.83,26.93,27.33
65.44,2579,127,100,0,-0.2,2,7238,0,0.04,107.2,107.9,85.6,88.1,28.64,28.83,26.93,27.33
65.48,2580,127,100,0,0.5,2,7241,-0.02,0.04,107.2,107.9,85.6,88.1,28.64,28.83,26.93,27.33
65.52,2581,127.1,100,0,0.2,2,7244,-0.01,0.04,107.2,107.9,85.6,88.1,28.64,28.83,26.93,27.33
65.56,2583,127.1,100,0,0,2,7247,-0.02,0.04,107.2,107.9,85.5,88,28.64,28.83,26.93,27.33
65.6,2584,127.2,100,0,-0.6,2,7251,-0.03,0.04,107.2,107.9,85.5,88,28.64,28.83,26.93,27.33
65.64,2586,127.3,100,0,-0.2,2,7254,0.01,0.04,107.2,107.9,85.5,88,28.64,28.83,26.93,27.33
65.68,2587,127.3,100,0,0.2,2,7257,0.01,0.04,107.1,107.8,85.5,88,28.64,28.83,26.93,27.33
65.72,2588,127.4,100,0,0.2,2,7261,0.02,0.04,107.1,107.8,85.5,88,28.64,28.83,26.92,27.32
65.76,2590,127.4,100,0,-0.7,2,7264,0,0.04,107.1,107.8,85.5,88,28.63,28.82,26.92,27.32
65.8,2591,127.5,100,0,-0.5,2,7267,0,0.04,107.1,107.8,85.5,88,28.63,28.82,26.92,27.32
65.84,2593,127.6,100,0,0.7,2,7270,-0.01,0.04,107.1,107.8,85.5,88,28.63,28.82,26.92,27.32
65.88,2594,127.6,100,0,0.3,2,7274,0,0.04,107.1,107.8,85.4,87.9,28.63,28.82,26.92,27.32
65.92,2596,127.7,100,0,-0.2,2,7277,0.02,0.04,107.1,107.8,85.4,87.9,28.63,28.82,26.92,27.32
65.96,2597,127.7,100,0,-0.6,2,7280,0.03,0.04,107.1,107.8,85.4,87.9,28.63,28.82,26.92,27.32
66,2598,127.8,100,0,-0.1,2,7283,0.02,0.04,107.1,107.8,85.4,87.9,28.63,28.82,26.92,27.32
66.04,2600,127.8,100,0,0.2,2,7287,-0.03,0.04,107,107.7,85.4,87.9,28.63,28.82,26.92,27.32
66.08,2601,127.9,100,0,0.6,2,7290,-0.02,0.04,107,107.7,85.4,87.9,28.63,28.82,26.92,27.32
66.12,2603,128,100,0,-1,2,7293,0,0.04,107,107.7,85.4,87.9,28.63,28.82,26.92,27.32
66.16,2604,128,100,0,-0.7,2,7297,0,0.04,107,107.7,85.4,87.9,28.63,28.82,26.91,27.31
66.2,2605,128.1,100,0,1,2,7300,-0.01,0.04,107,107.7,85.3,87.8,28.62,28.81,26.91,27.31
66.24,2607,128.1,100,0,0.2,2,7303,-0.01,0.04,107,107.7,85.3,87.8,28.62,28.81,26.91,27.31
66.28,2608,128.2,100,0,-0.3,2,7306,0,0.04,107,107.7,85.3,87.8,28.62,28.81,26.91,27.31
66.32,2610,128.2,100,0,0.4,2,7310,0.01,0.04,107,107.7,85.3,87.8,28.62,28.81,26.91,27.31
66.36,2611,128.3,100,0,-0.1,2,7313,0.02,0.04,106.9,107.6,85.3,87.8,28.62,28.81,26.91,27.31
66.4,2613,128.4,100,0,-0.1,2,7316,0.03,0.04,106.9,107.6,85.3,87.8,28.62,28.81,26.91,27.31
66.44,2614,128.4,100,0,0.1,2,7320,0,0.04,106.9,107.6,85.3,87.8,28.62,28.81,26.91,27.31
66.48,2615,128.5,100,0,-0.3,2,7323,-0.02,0.04,106.9,107.6,85.3,87.8,28.62,28.81,26.91,27.31
66.52,2617,128.5,100,0,-0.3,2,7326,0.01,0.04,106.9,107.6,85.3,87.8,28.62,28.81,26.91,27.31
66.56,2618,128.6,100,0,0,2,7329,0,0.04,106.9,107.6,85.2,87.7,28.62,28.81,26.91,27.31
66.6,2620,128.6,100,0,0.5,2,7333,0.03,0.04,106.9,107.6,85.2,87.7,28.62,28.81,26.9,27.3
66.64,2621,128.7,100,0,-0.2,2,7336,0.04,0.04,106.9,107.6,85.2,87.7,28.61,28.8,26.9,27.3
66.68,2623,128.8,100,0,-0.5,2,7339,-0.03,0.04,106.8,107.5,85.2,87.7,28.61,28.8,26.9,27.3
66.72,2624,128.8,100,0,-0.3,2,7343,0,0.04,106.8,107.5,85.2,87.7,28.61,28.8,26.9,27.3
66.76,2625,128.9,100,0,-0.1,2,7346,-0.01,0.04,106.8,107.5,85.2,87.7,28.61,28.8,26.9,27.3
66.8,2627,128.9,100,0,0.4,2,7349,-0.04,0.04,106.8,107.5,85.2,87.7,28.61,28.8,26.9,27.3
66.84,2628,129,100,0,0.3,2,7352,-0.04,0.04,106.8,107.5,85.2,87.7,28.61,28.8,26.9,27.3
66.88,2630,129,100,0,0.2,2,7356,-0.03,0.04,106.8,107.5,85.1,87.6,28.61,28.8,26.9,27.3
66.92,2631,129.1,100,0,-0.6,2,7359,0.01,0.04,106.8,107.5,85.1,87.6,28.61,28.8,26.9,27.3
66.96,2633,129.2,100,0,0.1,2,7362,0,0.04,106.8,107.5,85.1,87.6,28.61,28.8,26.9,27.3
67,2634,129.2,100,0,-0.9,2,7366,0.02,0.04,106.8,107.5,85.1,87.6,28.61,28.8,26.9,27.3
67.04,2635,129.3,100,0,-0.3,2,7369,-0.02,0.04,106.7,107.4,85.1,87.6,28.61,28.8,26.89,27.29
67.08,2637,129.3,100,0,0.3,2,7372,0.02,0.04,106.7,107.4,85.1,87.6,28.6,28.79,26.89,27.29
67.12,2638,129.4,100,0,0.2,2,7375,0,0.04,106.7,107.4,85.1,87.6,28.6,28.79,26.89,27.29
67.16,2640,129.5,100,0,-0.4,2,7379,-0.04,0.04,106.7,107.4,85.1,87.6,28.6,28.79,26.89,27.29
67.2,2641,129.5,100,0,0.1,2,7382,-0.04,0.04,106.7,107.4,85,87.5,28.6,28.79,26.89,27.29
67.24,2643,129.6,100,0,-0.4,2,7385,0.03,0.04,106.7,107.4,85,87.5,28.6,28.79,26.89,27.29
67.28,2644,129.6,100,0,-0.2,2,7389,0.01,0.04,106.7,107.4,85,87.5,28.6,28.79,26.89,27.29
67.32,2646,129.7,100,0,0.1,2,7392,-0.01,0.04,106.7,107.4,85,87.5,28.6,28.79,26.89,27.29
67.36,2647,129.7,100,0,0.1,2,7395,0.01,0.04,106.6,107.3,85,87.5,28.6,28.79,26.89,27.29
67.4,2648,129.8,100,0,-0.2,2,7398,0.02,0.04,106.6,107.3,85,87.5,28.6,28.79,26.89,27.29
67.44,2650,129.9,100,0,0.5,2,7402,-0.02,0.04,106.6,107.3,85,87.5,28.6,28.79,26.89,27.29
67.48,2651,129.9,100,0,-0.1,2,7405,0.03,0.04,106.6,107.3,85,87.5,28.6,28.79,26.88,27.28
67.52,2653,130,100,0,-0.5,2,7408,0.02,0.04,106.6,107.3,85,87.5,28.59,28.78,26.88,27.28
67.56,2654,130,100,0,0.8,2,7412,0.02,0.04,106.6,107.3,84.9,87.4,28.59,28.78,26.88,27.28
67.6,2656,130.1,100,0,-0.2,2,7415,-0.02,0.04,106.6,107.3,84.9,87.4,28.59,28.78,26.88,27.28
67.64,2657,130.1,100,0,0.1,2,7418,0.02,0.04,106.6,107.3,84.9,87.4,28.59,28.78,26.88,27.28
67.68,2659,130.2,100,0,0,2,7421,0.02,0.04,106.5,107.2,84.9,87.4,28.59,28.78,26.88,27.28
67.72,2660,130.3,100,0,0.9,2,7425,-0.04,0.04,106.5,107.2,84.9,87.4,28.59,28.78,26.88,27.28
67.76,2661,130.3,100,0,-0.2,2,7428,-0.02,0.04,106.5,107.2,84.9,87.4,28.59,28.78,26.88,27.28
67.8,2663,130.4,100,0,-0.2,2,7431,0.01,0.04,106.5,107.2,84.9,87.4,28.59,28.78,26.88,27.28
67.84,2664,130.4,100,0,0.4,2,7435,-0.03,0.04,106.5,107.2,84.9,87.4,28.59,28.78,26.88,27.28
67.88,2666,130.5,100,0,0,2,7438,0.03,0.04,106.5,107.2,84.8,87.3,28.59,28.78,26.88,27.28
67.92,2667,130.5,100,0,0.5,2,7441,-0.02,0.04,106.5,107.2,84.8,87.3,28.59,28.78,26.87,27.27
67.96,2669,130.6,100,0,-0.1,2,7444,0.02,0.04,106.5,107.2,84.8,87.3,28.58,28.77,26.87,27.27
68,2670,130.7,100,0,-0.6,2,7448,0,0.04,106.5,107.2,84.8,87.3,28.58,28.77,26.87,27.27
68.04,2672,130.7,100,0,0.2,2,7451,0.04,0.04,106.4,107.1,84.8,87.3,28.58,28.77,26.87,27.27
68.08,2673,130.8,100,0,-0.5,2,7454,-0.01,0.04,106.4,107.1,84.8,87.3,28.58,28.77,26.87,27.27
68.12,2675,130.8,100,0,0.2,2,7458,0.04,0.04,106.4,107.1,84.8,87.3,28.58,28.77,26.87,27.27
68.16,2676,130.9,100,0,0.3,2,7461,-0.01,0.04,106.4,107.1,84.8,87.3,28.58,28.77,26.87,27.27
68.2,2677,130.9,100,0,-0.2,2,7464,0.02,0.04,106.4,107.1,84.7,87.2,28.58,28.77,26.87,27.27
68.24,2679,131,100,0,0.3,2,7467,0.03,0.04,106.4,107.1,84.7,87.2,28.58,28.77,26.87,27.27
68.28,2680,131.1,100,0,0.7,2,7471,0,0.04,106.4,107.1,84.7,87.2,28.58,28.77,26.87,27.27
68.32,2682,131.1,100,0,0,2,7474,-0.01,0.04,106.4,107.1,84.7,87.2,28.58,28.77,26.87,27.27
68.36,2683,131.2,100,0,-0.6,2,7477,-0.03,0.04,106.3,107,84.7,87.2,28.58,28.77,26.86,27.26
68.4,2685,131.2,100,0,-0.1,2,7480,-0.02,0.04,106.3,107,84.7,87.2,28.57,28.76,26.86,27.26
68.44,2686,131.3,100,0,-0.2,2,7484,0.02,0.04,106.3,107,84.7,87.2,28.57,28.76,26.86,27.26
68.48,2688,131.4,100,0,-0.7,2,7487,-0.01,0.04,106.3,107,84.7,87.2,28.57,28.76,26.86,27.26
68.52,2689,131.4,100,0,0,2,7490,-0.02,0.04,106.3,107,84.7,87.2,28.57,28.76,26.86,27.26
68.56,2691,131.5,100,0,1.2,2,7494,-0.01,0.04,106.3,107,84.6,87.1,28.57,28.76,26.86,27.26
68.6,2692,131.5,100,0,0.4,2,7497,0.02,0.04,106.3,107,84.6,87.1,28.57,28.76,26.86,27.26
68.64,2693,131.6,100,0,-0.3,2,7500,0.02,0.04,106.3,107,84.6,87.1,28.57,28.76,26.86,27.26
68.68,2695,131.6,100,0,-0.8,2,7503,0,0.04,106.2,106.9,84.6,87.1,28.57,28.76,26.86,27.26
68.72,2696,131.7,100,0,0,2,7507,0,0.04,106.2,106.9,84.6,87.1,28.57,28.76,26.86,27.26
68.76,2698,131.8,100,0,-0.3,2,7510,-0.02,0.04,106.2,106.9,84.6,87.1,28.57,28.76,26.86,27.26
68.8,2699,131.8,100,0,0.5,2,7513,-0.01,0.04,106.2,106.9,84.6,87.1,28.57,28.76,26.86,27.26
68.84,2701,131.9,100,0,-0.1,2,7517,0.02,0.04,106.2,106.9,84.6,87.1,28.57,28.76,26.85,27.25
68.88,2702,131.9,100,0,-0.1,2,7520,0.02,0.04,106.2,106.9,84.5,87,28.56,28.75,26.85,27.25
68.92,2704,132,100,0,-0.9,2,7523,0,0.04,106.2,106.9,84.5,87,28.56,28.75,26.85,27.25
68.96,2705,132,100,0,-0.9,2,7526,-0.01,0.04,106.2,106.9,84.5,87,28.56,28.75,26.85,27.25
69,2707,132.1,100,0,0.3,2,7530,-0.02,0.04,106.2,106.9,84.5,87,28.56,28.75,26.85,27.25
69.04,2708,132.2,100,0,0,2,7533,0.01,0.04,106.1,106.8,84.5,87,28.56,28.75,26.85,27.25
69.08,2710,132.2,100,0,-0.2,2,7536,0.02,0.04,106.1,106.8,84.5,87,28.56,28.75,26.85,27.25
69.12,2711,132.3,100,0,0.2,2,7540,0.01,0.04,106.1,106.8,84.5,87,28.56,28.75,26.85,27.25
69.16,2713,132.3,100,0,0.2,2,7543,0,0.04,106.1,106.8,84.5,87,28.56,28.75,26.85,27.25
69.2,2714,132.4,100,0,0.1,2,7546,-0.01,0.04,106.1,106.8,84.4,86.9,28.56,28.75,26.85,27.25
69.24,2715,132.4,100,0,-0.2,2,7549,0.01,0.04,106.1,106.8,84.4,86.9,28.56,28.75,26.85,27.25
69.28,2717,132.5,100,0,-0.5,2,7553,-0.02,0.04,106.1,106.8,84.4,86.9,28.56,28.75,26.84,27.24
69.32,2718,132.6,100,0,-0.2,2,7556,-0.03,0.04,106.1,106.8,84.4,86.9,28.55,28.74,26.84,27.24
69.36,2720,132.6,100,0,0.6,2,7559,-0.01,0.04,106,106.7,84.4,86.9,28.55,28.74,26.84,27.24
69.4,2721,132.7,100,0,-0.2,2,7563,-0.04,0.04,106,106.7,84.4,86.9,28.55,28.74,26.84,27.24
69.44,2723,132.7,100,0,0.1,2,7566,0.02,0.04,106,106.7,84.4,86.9,28.55,28.74,26.84,27.24
69.48,2724,132.8,100,0,0.2,2,7569,0.02,0.04,106,106.7,84.4,86.9,28.55,28.74,26.84,27.24
69.52,2726,132.8,100,0,0.4,2,7572,-0.02,0.04,106,106.7,84.4,86.9,28.55,28.74,26.84,27.24
69.56,2727,132.9,100,0,-0.9,2,7576,0.01,0.04,106,106.7,84.3,86.8,28.55,28.74,26.84,27.24
69.6,2729,133,100,0,-0.3,2,7579,0.01,0.04,106,106.7,84.3,86.8,28.55,28.74,26.84,27.24
69.64,2730,133,100,0,-0.1,2,7582,0.02,0.04,106,106.7,84.3,86.8,28.55,28.74,26.84,27.24
69.68,2732,133.1,100,0,-0.1,2,7586,0.01,0.04,105.9,106.6,84.3,86.8,28.55,28.74,26.84,27.24
69.72,2733,133.1,100,0,0.4,2,7589,0.01,0.04,105.9,106.6,84.3,86.8,28.55,28.74,26.83,27.23
69.76,2735,133.2,100,0,-0.1,2,7592,0.02,0.04,105.9,106.6,84.3,86.8,28.54,28.73,26.83,27.23
69.8,2736,133.3,100,0,0.1,2,7595,0.02,0.04,105.9,106.6,84.3,86.8,28.54,28.73,26.83,27.23
69.84,2738,133.3,100,0,-0.4,2,7599,-0.02,0.04,105.9,106.6,84.3,86.8,28.54,28.73,26.83,27.23
69.88,2739,133.4,100,0,0.1,2,7602,0,0.04,105.9,106.6,84.2,86.7,28.54,28.73,26.83,27.23
69.92,2741,133.4,100,0,-0.1,2,7605,0.03,0.04,105.9,106.6,84.2,86.7,28.54,28.73,26.83,27.23
69.96,2742,133.5,100,0,-0.2,2,7609,0,0.04,105.9,106.6,84.2,86.7,28.54,28.73,26.83,27.23
70,2744,133.5,100,0,-0.3,2,7612,-0.01,0.04,105.9,106.6,84.2,86.7,28.54,28.73,26.83,27.23
70.04,2745,133.6,100,0,0.5,2,7615,0.02,0.04,105.8,106.5,84.2,86.7,28.54,28.73,26.83,27.23
70.08,2746,133.7,100,0,-0.5,2,7618,0.01,0.04,105.8,106.5,84.2,86.7,28.54,28.73,26.83,27.23
70.12,2748,133.7,100,0,0.2,2,7622,0.01,0.04,105.8,106.5,84.2,86.7,28.54,28.73,26.83,27.23
70.16,2749,133.8,100,0,0.3,2,7625,0.01,0.04,105.8,106.5,84.2,86.7,28.54,28.73,26.82,27.22
70.2,2751,133.8,100,0,0.1,2,7628,0,0.04,105.8,106.5,84.1,86.6,28.53,28.72,26.82,27.22
70.24,2752,133.9,100,0,-0.4,2,7632,0,0.04,105.8,106.5,84.1,86.6,28.53,28.72,26.82,27.22
70.28,2754,133.9,100,0,0.6,2,7635,-0.02,0.04,105.8,106.5,84.1,86.6,28.53,28.72,26.82,27.22
70.32,2755,134,100,0,0.2,2,7638,0.05,0.04,105.8,106.5,84.1,86.6,28.53,28.72,26.82,27.22
70.36,2757,134.1,100,0,-0.4,2,7641,-0.01,0.04,105.7,106.4,84.1,86.6,28.53,28.72,26.82,27.22
70.4,2758,134.1,100,0,0,2,7645,0.03,0.04,105.7,106.4,84.1,86.6,28.53,28.72,26.82,27.22
70.44,2760,134.2,100,0,0.3,2,7648,-0.02,0.04,105.7,106.4,84.1,86.6,28.53,28.72,26.82,27.22
70.48,2761,134.2,100,0,0.8,2,7651,0,0.04,105.7,106.4,84.1,86.6,28.53,28.72,26.82,27.22
70.52,2763,134.3,100,0,-0.4,2,7655,0.03,0.04,105.7,106.4,84.1,86.6,28.53,28.72,26.82,27.22
70.56,2764,134.3,100,0,-0.2,2,7658,0.04,0.04,105.7,106.4,84,86.5,28.53,28.72,26.82,27.22
70.6,2766,134.4,100,0,0.3,2,7661,0,0.04,105.7,106.4,84,86.5,28.53,28.72,26.81,27.21
70.64,2767,134.5,100,0,0.5,2,7664,-0.01,0.04,105.7,106.4,84,86.5,28.52,28.71,26.81,27.21
70.68,2769,134.5,100,0,0.3,2,7668,-0.02,0.04,105.6,106.3,84,86.5,28.52,28.71,26.81,27.21
70.72,2770,134.6,100,0,0.5,2,7671,0.02,0.04,105.6,106.3,84,86.5,28.52,28.71,26.81,27.21
70.76,2772,134.6,100,0,-0.4,2,7674,0,0.04,105.6,106.3,84,86.5,28.52,28.71,26.81,27.21
70.8,2773,134.7,100,0,-0.2,2,7677,-0.01,0.04,105.6,106.3,84,86.5,28.52,28.71,26.81,27.21
70.84,2775,134.8,100,0,-0.6,2,7681,0.03,0.04,105.6,106.3,84,86.5,28.52,28.71,26.81,27.21
70.88,2776,134.8,100,0,-0.1,2,7684,0,0.04,105.6,106.3,83.9,86.4,28.52,28.71,26.81,27.21
70.92,2778,134.9,100,0,0.4,2,7687,-0.01,0.04,105.6,106.3,83.9,86.4,28.52,28.71,26.81,27.21
70.96,2779,134.9,100,0,0.1,2,7691,-0.04,0.04,105.6,106.3,83.9,86.4,28.52,28.71,26.81,27.21
71,2781,135,100,0,0,2,7694,0.01,0.04,105.6,106.3,83.9,86.4,28.52,28.71,26.81,27.21
71.04,2782,135,100,0,-0.4,3,5942,0.05,0.04,105.5,106.2,83.9,86.4,28.52,28.71,26.8,27.2
71.08,2784,135.1,100,0,-0.4,3,5944,-0.01,0.04,105.5,106.2,83.9,86.4,28.51,28.7,26.8,27.2
71.12,2785,135.2,100,0,-0.1,3,5947,0.01,0.04,105.5,106.2,83.9,86.4,28.51,28.7,26.8,27.2
71.16,2787,135.2,100,0,-1.1,3,5949,0.03,0.04,105.5,106.2,83.9,86.4,28.51,28.7,26.8,27.2
71.2,2788,135.3,100,0,-0.1,3,5952,0.01,0.04,105.5,106.2,83.8,86.3,28.51,28.7,26.8,27.2
71.24,2790,135.3,100,0,-0.4,3,5954,0,0.04,105.5,106.2,83.8,86.3,28.51,28.7,26.8,27.2
71.28,2791,135.4,100,0,0.5,3,5957,0.03,0.04,105.5,106.2,83.8,86.3,28.51,28.7,26.8,27.2
71.32,2793,135.4,100,0,-0.4,3,5959,-0.03,0.04,105.5,106.2,83.8,86.3,28.51,28.7,26.8,27.2
71.36,2794,135.5,100,0,0.3,3,5962,0.02,0.04,105.4,106.1,83.8,86.3,28.51,28.7,26.8,27.2
71.4,2796,135.6,100,0,0.3,3,5964,0,0.04,105.4,106.1,83.8,86.3,28.51,28.7,26.8,27.2
71.44,2797,135.6,100,0,-0.1,3,5967,0.02,0.04,105.4,106.1,83.8,86.3,28.51,28.7,26.8,27.2
71.48,2799,135.7,100,0,0.1,3,5970,0,0.04,105.4,106.1,83.8,86.3,28.51,28.7,26.79,27.19
71.52,2800,135.7,100,0,-0.3,3,5972,-0.01,0.04,105.4,106.1,83.8,86.3,28.5,28.69,26.79,27.19
71.56,2802,135.8,100,0,-0.3,3,5975,0.01,0.04,105.4,106.1,83.7,86.2,28.5,28.69,26.79,27.19
71.6,2803,135.8,100,0,-0.4,3,5977,-0.01,0.04,105.4,106.1,83.7,86.2,28.5,28.69,26.79,27.19
71.64,2805,135.9,100,0,-0.2,3,5980,0.02,0.04,105.4,106.1,83.7,86.2,28.5,28.69,26.79,27.19
71.68,2806,136,100,0,-0.4,3,5982,0.01,0.04,105.3,106,83.7,86.2,28.5,28.69,26.79,27.19
71.72,2808,136,100,0,-0.1,3,5985,0.02,0.04,105.3,106,83.7,86.2,28.5,28.69,26.79,27.19
71.76,2809,136.1,100,0,-0.1,3,5987,0.01,0.04,105.3,106,83.7,86.2,28.5,28.69,26.79,27.19
71.8,2811,136.1,100,0,-0.3,3,5990,-0.01,0.04,105.3,106,83.7,86.2,28.5,28.69,26.79,27.19
71.84,2812,136.2,100,0,0,3,5992,0.01,0.04,105.3,106,83.7,86.2,28.5,28.69,26.79,27.19
71.88,2814,136.2,100,0,0.1,3,5995,0.01,0.04,105.3,106,83.6,86.1,28.5,28.69,26.79,27.19
71.92,2815,136.3,100,0,0.4,3,5997,0.02,0.04,105.3,106,83.6,86.1,28.5,28.69,26.78,27.18
71.96,2817,136.4,100,0,0.3,3,6000,0,0.04,105.3,106,83.6,86.1,28.49,28.68,26.78,27.18
72,2818,136.4,100,0,0,3,6003,-0.01,0.04,105.3,106,83.6,86.1,28.49,28.68,26.78,27.18
72.04,2820,136.5,100,0,0,3,6005,0.03,0.04,105.2,105.9,83.6,86.1,28.49,28.68,26.78,27.18
72.08,2822,136.5,100,0,-0.5,3,6008,0.01,0.04,105.2,105.9,83.6,86.1,28.49,28.68,26.78,27.18
72.12,2823,136.6,100,0,-0.9,3,6010,0,0.04,105.2,105.9,83.6,86.1,28.49,28.68,26.78,27.18
72.16,2825,136.7,100,0,-0.4,3,6013,-0.01,0.04,105.2,105.9,83.6,86.1,28.49,28.68,26.78,27.18
72.2,2826,136.7,100,0,0.2,3,6015,0,0.04,105.2,105.9,83.5,86,28.49,28.68,26.78,27.18
72.24,2828,136.8,100,0,-0.5,3,6018,0.03,0.04,105.2,105.9,83.5,86,28.49,28.68,26.78,27.18
72.28,2829,136.8,100,0,0.6,3,6020,0.01,0.04,105.2,105.9,83.5,86,28.49,28.68,26.78,27.18
72.32,2831,136.9,100,0,0.4,3,6023,-0.03,0.04,105.2,105.9,83.5,86,28.49,28.68,26.78,27.18
72.36,2832,136.9,100,0,-0.2,3,6025,-0.01,0.04,105.1,105.8,83.5,86,28.49,28.68,26.77,27.17
72.4,2834,137,100,0,-0.6,3,6028,-0.01,0.04,105.1,105.8,83.5,86,28.48,28.67,26.77,27.17
72.44,2835,137.1,100,0,0.5,3,6030,0.01,0.04,105.1,105.8,83.5,86,28.48,28.67,26.77,27.17
72.48,2837,137.1,100,0,0.7,3,6033,0.01,0.04,105.1,105.8,83.5,86,28.48,28.67,26.77,27.17
72.52,2838,137.2,100,0,0.2,3,6035,-0.02,0.04,105.1,105.8,83.5,86,28.48,28.67,26.77,27.17
72.56,2840,137.2,100,0,-0.2,3,6038,-0.02,0.04,105.1,105.8,83.4,85.9,28.48,28.67,26.77,27.17
72.6,2841,137.3,100,0,0.6,3,6041,0.06,0.04,105.1,105.8,83.4,85.9,28.48,28.67,26.77,27.17
72.64,2843,137.3,100,0,-0.7,3,6043,0.02,0.04,105.1,105.8,83.4,85.9,28.48,28.67,26.77,27.17
72.68,2844,137.4,100,0,-0.3,3,6046,0.01,0.04,105,105.7,83.4,85.9,28.48,28.67,26.77,27.17
72.72,2846,137.5,100,0,-0.2,3,6048,0.02,0.04,105,105.7,83.4,85.9,28.48,28.67,26.77,27.17
72.76,2847,137.5,100,0,-0.3,3,6051,0,0.04,105,105.7,83.4,85.9,28.48,28.67,26.77,27.17
72.8,2849,137.6,100,0,-0.2,3,6053,-0.05,0.04,105,105.7,83.4,85.9,28.48,28.67,26.77,27.17
72.84,2850,137.6,100,0,-0.2,3,6056,-0.01,0.04,105,105.7,83.4,85.9,28.48,28.67,26.76,27.16
72.88,2852,137.7,100,0,-0.7,3,6058,-0.01,0.04,105,105.7,83.3,85.8,28.47,28.66,26.76,27.16
72.92,2854,137.7,100,0,0.7,3,6061,-0.02,0.04,105,105.7,83.3,85.8,28.47,28.66,26.76,27.16
72.96,2855,137.8,100,0,0.5,3,6063,0,0.04,105,105.7,83.3,85.8,28.47,28.66,26.76,27.16
73,2857,137.9,100,0,1.1,3,6066,0,0.04,105,105.7,83.3,85.8,28.47,28.66,26.76,27.16
73.04,2858,137.9,100,0,0,3,6068,0,0.04,104.9,105.6,83.3,85.8,28.47,28.66,26.76,27.16
73.08,2860,138,100,0,-0.7,3,6071,-0.03,0.04,104.9,105.6,83.3,85.8,28.47,28.66,26.76,27.16
73.12,2861,138,100,0,0.4,3,6073,-0.04,0.04,104.9,105.6,83.3,85.8,28.47,28.66,26.76,27.16
73.16,2863,138.1,100,0,-0.2,3,6076,0.01,0.04,104.9,105.6,83.3,85.8,28.47,28.66,26.76,27.16
73.2,2864,138.1,100,0,0.4,3,6079,0,0.04,104.9,105.6,83.2,85.7,28.47,28.66,26.76,27.16
73.24,2866,138.2,100,0,-0.1,3,6081,-0.01,0.04,104.9,105.6,83.2,85.7,28.47,28.66,26.76,27.16
73.28,2867,138.3,100,0,0.2,3,6084,-0.01,0.04,104.9,105.6,83.2,85.7,28.47,28.66,26.75,27.15
73.32,2869,138.3,100,0,-0.4,3,6086,0,0.04,104.9,105.6,83.2,85.7,28.46,28.65,26.75,27.15
73.36,2870,138.4,100,0,-0.6,3,6089,-0.01,0.04,104.8,105.5,83.2,85.7,28.46,28.65,26.75,27.15
73.4,2872,138.4,100,0,0.1,3,6091,-0.02,0.04,104.8,105.5,83.2,85.7,28.46,28.65,26.75,27.15
73.44,2873,138.5,100,0,0.1,3,6094,0.04,0.04,104.8,105.5,83.2,85.7,28.46,28.65,26.75,27.15
73.48,2875,138.6,100,0,0.7,3,6096,0,0.04,104.8,105.5,83.2,85.7,28.46,28.65,26.75,27.15
73.52,2877,138.6,100,0,-0.3,3,6099,-0.02,0.04,104.8,105.5,83.2,85.7,28.46,28.65,26.75,27.15
73.56,2878,138.7,100,0,0.2,3,6101,0,0.04,104.8,105.5,83.1,85.6,28.46,28.65,26.75,27.15
73.6,2880,138.7,100,0,-0.2,3,6104,0.02,0.04,104.8,105.5,83.1,85.6,28.46,28.65,26.75,27.15
73.64,2881,138.8,100,0,-0.5,3,6106,0.01,0.04,104.8,105.5,83.1,85.6,28.46,28.65,26.75,27.15
73.68,2883,138.8,100,0,-0.5,3,6109,-0.02,0.04,104.7,105.4,83.1,85.6,28.46,28.65,26.75,27.15
73.72,2884,138.9,100,0,0.6,3,6111,0,0.04,104.7,105.4,83.1,85.6,28.46,28.65,26.74,27.14
73.76,2886,139,100,0,-0.1,3,6114,0.01,0.04,104.7,105.4,83.1,85.6,28.45,28.64,26.74,27.14
73.8,2887,139,100,0,0.3,3,6117,0.03,0.04,104.7,105.4,83.1,85.6,28.45,28.64,26.74,27.14
73.84,2889,139.1,100,0,0.2,3,6119,-0.02,0.04,104.7,105.4,83.1,85.6,28.45,28.64,26.74,27.14
73.88,2890,139.1,100,0,-0.8,3,6122,0.01,0.04,104.7,105.4,83,85.5,28.45,28.64,26.74,27.14
73.92,2892,139.2,100,0,-0.4,3,6124,-0.02,0.04,104.7,105.4,83,85.5,28.45,28.64,26.74,27.14
73.96,2894,139.2,100,0,0,3,6127,-0.03,0.04,104.7,105.4,83,85.5,28.45,28.64,26.74,27.14
74,2895,139.3,100,0,0.3,3,6129,0,0.04,104.7,105.4,83,85.5,28.45,28.64,26.74,27.14
74.04,2897,139.4,100,0,0.7,3,6132,0.02,0.04,104.6,105.3,83,85.5,28.45,28.64,26.74,27.14
74.08,2898,139.4,100,0,-0.2,3,6134,-0.04,0.04,104.6,105.3,83,85.5,28.45,28.64,26.74,27.14
74.12,2900,139.5,100,0,0,3,6137,-0.02,0.04,104.6,105.3,83,85.5,28.45,28.64,26.74,27.14
74.16,2901,139.5,100,0,-0.2,3,6139,-0.02,0.04,104.6,105.3,83,85.5,28.45,28.64,26.73,27.13
74.2,2903,139.6,100,0,0,3,6142,0.02,0.04,104.6,105.3,82.9,85.4,28.44,28.63,26.73,27.13
74.24,2904,139.6,100,0,0.1,3,6144,0.04,0.04,104.6,105.3,82.9,85.4,28.44,28.63,26.73,27.13
74.28,2906,139.7,100,0,0,3,6147,0.04,0.04,104.6,105.3,82.9,85.4,28.44,28.63,26.73,27.13
74.32,2907,139.8,100,0,0.4,3,6150,0.01,0.04,104.6,105.3,82.9,85.4,28.44,28.63,26.73,27.13
74.36,2909,139.8,100,0,0.1,3,6152,-0.01,0.04,104.5,105.2,82.9,85.4,28.44,28.63,26.73,27.13
74.4,2911,139.9,100,0,0.2,3,6155,0,0.04,104.5,105.2,82.9,85.4,28.44,28.63,26.73,27.13
74.44,2912,139.9,100,0,0.2,3,6157,-0.01,0.04,104.5,105.2,82.9,85.4,28.44,28.63,26.73,27.13
74.48,2914,140,100,0,-0.5,3,6160,0,0.04,104.5,105.2,82.9,85.4,28.44,28.63,26.73,27.13
74.52,2915,140,100,0,0.2,3,6162,-0.01,0.04,104.5,105.2,82.9,85.4,28.44,28.63,26.73,27.13
74.56,2917,140.1,100,0,0,3,6165,-0.01,0.04,104.5,105.2,82.8,85.3,28.44,28.63,26.73,27.13
74.6,2918,140.2,100,0,-0.4,3,6167,0.01,0.04,104.5,105.2,82.8,85.3,28.44,28.63,26.72,27.12
74.64,2920,140.2,100,0,0.2,3,6170,-0.05,0.04,104.5,105.2,82.8,85.3,28.43,28.62,26.72,27.12
74.68,2921,140.3,100,0,0.1,3,6172,0.01,0.04,104.4,105.1,82.8,85.3,28.43,28.62,26.72,27.12
74.72,2923,140.3,100,0,-0.8,3,6175,0,0.04,104.4,105.1,82.8,85.3,28.43,28.62,26.72,27.12
74.76,2925,140.4,100,0,0.4,3,6177,0.02,0.04,104.4,105.1,82.8,85.3,28.43,28.62,26.72,27.12
74.8,2926,140.5,100,0,0.5,3,6180,0.02,0.04,104.4,105.1,82.8,85.3,28.43,28.62,26.72,27.12
74.84,2928,140.5,100,0,0,3,6182,0,0.04,104.4,105.1,82.8,85.3,28.43,28.62,26.72,27.12
74.88,2929,140.6,100,0,0.6,3,6185,0,0.04,104.4,105.1,82.7,85.2,28.43,28.62,26.72,27.12
74.92,2931,140.6,100,0,0,3,6188,-0.03,0.04,104.4,105.1,82.7,85.2,28.43,28.62,26.72,27.12
74.96,2932,140.7,100,0,-0.2,3,6190,0,0.04,104.4,105.1,82.7,85.2,28.43,28.62,26.72,27.12
75,2934,140.7,100,0,0.2,3,6193,-0.01,0.04,104.4,105.1,82.7,85.2,28.43,28.62,26.72,27.12
75.04,2936,140.8,100,0,-0.1,3,6195,-0.01,0.04,104.3,105,82.7,85.2,28.43,28.62,26.71,27.11
75.08,2937,140.9,100,0,0.7,3,6198,-0.01,0.04,104.3,105,82.7,85.2,28.42,28.61,26.71,27.11
75.12,2939,140.9,100,0,0.2,3,6200,0.01,0.04,104.3,105,82.7,85.2,28.42,28.61,26.71,27.11
75.16,2940,141,100,0,-0.2,3,6203,-0.01,0.04,104.3,105,82.7,85.2,28.42,28.61,26.71,27.11
75.2,2942,141,100,0,-0.5,3,6205,0,0.04,104.3,105,82.6,85.1,28.42,28.61,26.71,27.11
75.24,2943,141.1,100,0,0.4,3,6208,-0.01,0.04,104.3,105,82.6,85.1,28.42,28.61,26.71,27.11
75.28,2945,141.1,100,0,-0.5,3,6210,-0.01,0.04,104.3,105,82.6,85.1,28.42,28.61,26.71,27.11
75.32,2946,141.2,100,0,-0.5,3,6213,0.01,0.04,104.3,105,82.6,85.1,28.42,28.61,26.71,27.11
75.36,2948,141.3,100,0,-0.3,3,6215,0.02,0.04,104.2,104.9,82.6,85.1,28.42,28.61,26.71,27.11
75.4,2950,141.3,100,0,-0.3,3,6218,0,0.04,104.2,104.9,82.6,85.1,28.42,28.61,26.71,27.11
75.44,2951,141.4,100,0,1,3,6220,-0.04,0.04,104.2,104.9,82.6,85.1,28.42,28.61,26.71,27.11
75.48,2953,141.4,100,0,-0.1,3,6223,-0.03,0.04,104.2,104.9,82.6,85.1,28.42,28.61,26.7,27.1
75.52,2954,141.5,100,0,-0.2,3,6226,-0.03,0.04,104.2,104.9,82.6,85.1,28.41,28.6,26.7,27.1
75.56,2956,141.5,100,0,-0.5,3,6228,-0.02,0.04,104.2,104.9,82.5,85,28.41,28.6,26.7,27.1
75.6,2957,141.6,100,0,-0.1,3,6231,-0.01,0.04,104.2,104.9,82.5,85,28.41,28.6,26.7,27.1
75.64,2959,141.7,100,0,0.3,3,6233,0.03,0.04,104.2,104.9,82.5,85,28.41,28.6,26.7,27.1
75.68,2961,141.7,100,0,-0.2,3,6236,-0.01,0.04,104.1,104.8,82.5,85,28.41,28.6,26.7,27.1
75.72,2962,141.8,100,0,-0.1,3,6238,0,0.04,104.1,104.8,82.5,85,28.41,28.6,26.7,27.1
75.76,2964,141.8,100,0,0,3,6241,-0.04,0.04,104.1,104.8,82.5,85,28.41,28.6,26.7,27.1
75.8,2965,141.9,100,0,1.1,3,6243,0.03,0.04,104.1,104.8,82.5,85,28.41,28.6,26.7,27.1
75.84,2967,142,100,0,0.3,3,6246,-0.01,0.04,104.1,104.8,82.5,85,28.41,28.6,26.7,27.1
75.88,2969,142,100,0,-0.2,3,6248,0.02,0.04,104.1,104.8,82.4,84.9,28.41,28.6,26.7,27.1
75.92,2970,142.1,100,0,-0.1,3,6251,0.01,0.04,104.1,104.8,82.4,84.9,28.41,28.6,26.69,27.09
75.96,2972,142.1,100,0,0.3,3,6253,-0.01,0.04,104.1,104.8,82.4,84.9,28.4,28.59,26.69,27.09
76,2973,142.2,100,0,0.8,3,6256,0.02,0.04,104.1,104.8,82.4,84.9,28.4,28.59,26.69,27.09
76.04,2975,142.2,100,0,-0.4,3,6258,0,0.04,104,104.7,82.4,84.9,28.4,28.59,26.69,27.09
76.08,2976,142.3,100,0,-0.8,3,6261,-0.02,0.04,104,104.7,82.4,84.9,28.4,28.59,26.69,27.09
76.12,2978,142.4,100,0,0,3,6264,0.01,0.04,104,104.7,82.4,84.9,28.4,28.59,26.69,27.09
76.16,2980,142.4,100,0,0.1,3,6266,0.02,0.04,104,104.7,82.4,84.9,28.4,28.59,26.69,27.09
76.2,2981,142.5,100,0,1,3,6269,0.01,0.04,104,104.7,82.3,84.8,28.4,28.59,26.69,27.09
76.24,2983,142.5,100,0,-0.1,3,6271,-0.01,0.04,104,104.7,82.3,84.8,28.4,28.59,26.69,27.09
76.28,2984,142.6,100,0,-0.2,3,6274,-0.04,0.04,104,104.7,82.3,84.8,28.4,28.59,26.69,27.09
76.32,2986,142.6,100,0,-0.2,3,6276,-0.01,0.04,104,104.7,82.3,84.8,28.4,28.59,26.69,27.09
76.36,2987,142.7,100,0,0.7,3,6279,0.02,0.04,103.9,104.6,82.3,84.8,28.4,28.59,26.68,27.08
76.4,2989,142.8,100,0,-0.6,3,6281,-0.04,0.04,103.9,104.6,82.3,84.8,28.39,28.58,26.68,27.08
76.44,2991,142.8,100,0,0,3,6284,-0.01,0.04,103.9,104.6,82.3,84.8,28.39,28.58,26.68,27.08
76.48,2992,142.9,100,0,0.2,3,6286,-0.03,0.04,103.9,104.6,82.3,84.8,28.39,28.58,26.68,27.08
76.52,2994,142.9,100,0,-0.2,3,6289,-0.01,0.04,103.9,104.6,82.3,84.8,28.39,28.58,26.68,27.08
76.56,2995,143,100,0,0.8,3,6291,0,0.04,103.9,104.6,82.2,84.7,28.39,28.58,26.68,27.08
76.6,2997,143,100,0,-0.2,3,6294,0,0.04,103.9,104.6,82.2,84.7,28.39,28.58,26.68,27.08
76.64,2999,143.1,100,0,0.6,3,6297,-0.02,0.04,103.9,104.6,82.2,84.7,28.39,28.58,26.68,27.08
76.68,3000,143.2,100,0,0.1,3,6299,0,0.04,103.8,104.5,82.2,84.7,28.39,28.58,26.68,27.08
76.72,3002,143.2,100,0,0,3,6302,0,0.04,103.8,104.5,82.2,84.7,28.39,28.58,26.68,27.08
76.76,3003,143.3,100,0,-0.1,3,6304,0.01,0.04,103.8,104.5,82.2,84.7,28.39,28.58,26.68,27.08
76.8,3005,143.3,100,0,0.5,3,6307,0.02,0.04,103.8,104.5,82.2,84.7,28.39,28.58,26.68,27.08
76.84,3007,143.4,100,0,0.4,3,6309,-0.01,0.04,103.8,104.5,82.2,84.7,28.39,28.58,26.67,27.07
76.88,3008,143.4,100,0,0.2,3,6312,-0.02,0.04,103.8,104.5,82.1,84.6,28.38,28.57,26.67,27.07
76.92,3010,143.5,100,0,0.2,3,6314,0.02,0.04,103.8,104.5,82.1,84.6,28.38,28.57,26.67,27.07
76.96,3011,143.6,100,0,-0.3,3,6317,0.01,0.04,103.8,104.5,82.1,84.6,28.38,28.57,26.67,27.07
77,3013,143.6,100,0,0.1,3,6319,-0.01,0.04,103.8,104.5,82.1,84.6,28.38,28.57,26.67,27.07
77.04,3015,143.7,100,0,0.3,3,6322,0,0.04,103.7,104.4,82.1,84.6,28.38,28.57,26.67,27.07
77.08,3016,143.7,100,0,0.7,3,6324,0.01,0.04,103.7,104.4,82.1,84.6,28.38,28.57,26.67,27.07
77.12,3018,143.8,100,0,-0.2,3,6327,0,0.04,103.7,104.4,82.1,84.6,28.38,28.57,26.67,27.07
77.16,3019,143.9,100,0,0,3,6329,-0.01,0.04,103.7,104.4,82.1,84.6,28.38,28.57,26.67,27.07
77.2,3021,143.9,100,0,-0.2,3,6332,0.03,0.04,103.7,104.4,82,84.5,28.38,28.57,26.67,27.07
77.24,3023,144,100,0,-0.4,3,6335,0,0.04,103.7,104.4,82,84.5,28.38,28.57,26.67,27.07
77.28,3024,144,100,0,0.4,3,6337,-0.01,0.04,103.7,104.4,82,84.5,28.38,28.57,26.66,27.06
77.32,3026,144.1,100,0,0.5,3,6340,-0.02,0.04,103.7,104.4,82,84.5,28.37,28.56,26.66,27.06
77.36,3027,144.1,100,0,-0.1,3,6342,-0.02,0.04,103.6,104.3,82,84.5,28.37,28.56,26.66,27.06
77.4,3029,144.2,100,0,0.6,3,6345,-0.03,0.04,103.6,104.3,82,84.5,28.37,28.56,26.66,27.06
77.44,3031,144.3,100,0,0.2,3,6347,-0.01,0.04,103.6,104.3,82,84.5,28.37,28.56,26.66,27.06
77.48,3032,144.3,100,0,0.4,3,6350,-0.02,0.04,103.6,104.3,82,84.5,28.37,28.56,26.66,27.06
77.52,3034,144.4,100,0,-0.2,3,6352,0.02,0.04,103.6,104.3,82,84.5,28.37,28.56,26.66,27.06
77.56,3035,144.4,100,0,0.7,3,6355,-0.01,0.04,103.6,104.3,81.9,84.4,28.37,28.56,26.66,27.06
77.6,3037,144.5,100,0,0.4,3,6357,-0.03,0.04,103.6,104.3,81.9,84.4,28.37,28.56,26.66,27.06
77.64,3039,144.5,100,0,-0.1,3,6360,0,0.04,103.6,104.3,81.9,84.4,28.37,28.56,26.66,27.06
77.68,3040,144.6,100,0,0.6,3,6362,0,0.04,103.5,104.2,81.9,84.4,28.37,28.56,26.66,27.06
77.72,3042,144.7,100,0,-0.5,3,6365,-0.02,0.04,103.5,104.2,81.9,84.4,28.37,28.56,26.65,27.05
77.76,3043,144.7,100,0,-0.6,3,6367,0.04,0.04,103.5,104.2,81.9,84.4,28.36,28.55,26.65,27.05
77.8,3045,144.8,100,0,0.5,3,6370,0,0.04,103.5,104.2,81.9,84.4,28.36,28.55,26.65,27.05
77.84,3047,144.8,100,0,-1,3,6373,0,0.04,103.5,104.2,81.9,84.4,28.36,28.55,26.65,27.05
77.88,3048,144.9,100,0,0.1,3,6375,-0.01,0.04,103.5,104.2,81.8,84.3,28.36,28.55,26.65,27.05
77.92,3050,144.9,100,0,1.1,3,6378,-0.01,0.04,103.5,104.2,81.8,84.3,28.36,28.55,26.65,27.05
77.96,3051,145,100,0,0,3,6380,-0.02,0.04,103.5,104.2,81.8,84.3,28.36,28.55,26.65,27.05
78,3053,145.1,100,0,0.2,3,6383,0,0.04,103.5,104.2,81.8,84.3,28.36,28.55,26.65,27.05
78.04,3055,145.1,100,0,0.2,3,6385,-0.03,0.04,103.4,104.1,81.8,84.3,28.36,28.55,26.65,27.05
78.08,3056,145.2,100,0,0.3,3,6388,-0.03,0.04,103.4,104.1,81.8,84.3,28.36,28.55,26.65,27.05
78.12,3058,145.2,100,0,-0.5,3,6390,0.01,0.04,103.4,104.1,81.8,84.3,28.36,28.55,26.65,27.05
78.16,3059,145.3,100,0,-0.4,3,6393,-0.01,0.04,103.4,104.1,81.8,84.3,28.36,28.55,26.64,27.04
78.2,3061,145.3,100,0,-0.1,3,6395,-0.03,0.04,103.4,104.1,81.7,84.2,28.35,28.54,26.64,27.04
78.24,3063,145.4,100,0,0.5,3,6398,0.01,0.04,103.4,104.1,81.7,84.2,28.35,28.54,26.64,27.04
78.28,3064,145.5,100,0,-0.1,3,6400,0.01,0.04,103.4,104.1,81.7,84.2,28.35,28.54,26.64,27.04
78.32,3066,145.5,100,0,-0.6,3,6403,0.02,0.04,103.4,104.1,81.7,84.2,28.35,28.54,26.64,27.04
78.36,3068,145.6,100,0,0.1,3,6405,-0.01,0.04,103.3,104,81.7,84.2,28.35,28.54,26.64,27.04
78.4,3069,145.6,100,0,-0.7,3,6408,0.02,0.04,103.3,104,81.7,84.2,28.35,28.54,26.64,27.04
78.44,3071,145.7,100,0,0,3,6411,-0.02,0.04,103.3,104,81.7,84.2,28.35,28.54,26.64,27.04
78.48,3072,145.8,100,0,0.5,3,6413,0.01,0.04,103.3,104,81.7,84.2,28.35,28.54,26.64,27.04
78.52,3074,145.8,100,0,-0.1,3,6416,-0.01,0.04,103.3,104,81.7,84.2,28.35,28.54,26.64,27.04
78.56,3076,145.9,100,0,0.5,3,6418,0.02,0.04,103.3,104,81.6,84.1,28.35,28.54,26.64,27.04
78.6,3077,145.9,100,0,0.4,3,6421,-0.01,0.04,103.3,104,81.6,84.1,28.35,28.54,26.63,27.03
78.64,3079,146,100,0,-0.3,3,6423,0,0.04,103.3,104,81.6,84.1,28.34,28.53,26.63,27.03
78.68,3081,146,100,0,-0.2,3,6426,0.03,0.04,103.2,103.9,81.6,84.1,28.34,28.53,26.63,27.03
78.72,3082,146.1,100,0,0.3,3,6428,0,0.04,103.2,103.9,81.6,84.1,28.34,28.53,26.63,27.03
78.76,3084,146.2,100,0,-0.4,3,6431,0.03,0.04,103.2,103.9,81.6,84.1,28.34,28.53,26.63,27.03
78.8,3085,146.2,100,0,0.6,3,6433,-0.02,0.04,103.2,103.9,81.6,84.1,28.34,28.53,26.63,27.03
78.84,3087,146.3,100,0,-1.2,3,6436,-0.01,0.04,103.2,103.9,81.6,84.1,28.34,28.53,26.63,27.03
78.88,3089,146.3,100,0,-0.4,3,6438,-0.03,0.04,103.2,103.9,81.5,84,28.34,28.53,26.63,27.03
78.92,3090,146.4,100,0,-0.7,3,6441,0.03,0.04,103.2,103.9,81.5,84,28.34,28.53,26.63,27.03
78.96,3092,146.4,100,0,-0.1,3,6443,0.01,0.04,103.2,103.9,81.5,84,28.34,28.53,26.63,27.03
79,3094,146.5,100,0,0.1,3,6446,0.03,0.04,103.2,103.9,81.5,84,28.34,28.53,26.63,27.03
79.04,3095,146.6,100,0,-0.5,3,6449,0.05,0.04,103.1,103.8,81.5,84,28.34,28.53,26.62,27.02
79.08,3097,146.6,100,0,0.5,3,6451,0.01,0.04,103.1,103.8,81.5,84,28.33,28.52,26.62,27.02
79.12,3098,146.7,100,0,0.1,3,6454,-0.02,0.04,103.1,103.8,81.5,84,28.33,28.52,26.62,27.02
79.16,3100,146.7,100,0,-0.7,3,6456,0.04,0.04,103.1,103.8,81.5,84,28.33,28.52,26.62,27.02
79.2,3102,146.8,100,0,0.2,3,6459,0.02,0.04,103.1,103.8,81.4,83.9,28.33,28.52,26.62,27.02
79.24,3103,146.8,100,0,-0.1,3,6461,0.02,0.04,103.1,103.8,81.4,83.9,28.33,28.52,26.62,27.02
79.28,3105,146.9,100,0,-0.3,3,6464,-0.02,0.04,103.1,103.8,81.4,83.9,28.33,28.52,26.62,27.02
79.32,3107,147,100,0,-0.2,3,6466,-0.01,0.04,103.1,103.8,81.4,83.9,28.33,28.52,26.62,27.02
79.36,3108,147,100,0,0.2,3,6469,-0.05,0.04,103,103.7,81.4,83.9,28.33,28.52,26.62,27.02
79.4,3110,147.1,100,0,-0.3,3,6471,0.02,0.04,103,103.7,81.4,83.9,28.33,28.52,26.62,27.02
79.44,3111,147.1,100,0,-0.7,3,6474,-0.01,0.04,103,103.7,81.4,83.9,28.33,28.52,26.62,27.02
79.48,3113,147.2,100,0,-0.3,3,6476,0,0.04,103,103.7,81.4,83.9,28.33,28.52,26.61,27.01
79.52,3115,147.2,100,0,-0.5,3,6479,-0.01,0.04,103,103.7,81.4,83.9,28.32,28.51,26.61,27.01
79.56,3116,147.3,100,0,0.3,3,6482,0.02,0.04,103,103.7,81.3,83.8,28.32,28.51,26.61,27.01
79.6,3118,147.4,100,0,0.4,3,6484,-0.01,0.04,103,103.7,81.3,83.8,28.32,28.51,26.61,27.01
79.64,3120,147.4,100,0,0.3,3,6487,0.03,0.04,103,103.7,81.3,83.8,28.32,28.51,26.61,27.01
79.68,3121,147.5,100,0,-0.4,3,6489,0.03,0.04,102.9,103.6,81.3,83.8,28.32,28.51,26.61,27.01
79.72,3123,147.5,100,0,0.6,3,6492,0.03,0.04,102.9,103.6,81.3,83.8,28.32,28.51,26.61,27.01
79.76,3125,147.6,100,0,-0.4,3,6494,0,0.04,102.9,103.6,81.3,83.8,28.32,28.51,26.61,27.01
79.8,3126,147.7,100,0,0.1,3,6497,-0.03,0.04,102.9,103.6,81.3,83.8,28.32,28.51,26.61,27.01
79.84,3128,147.7,100,0,0.5,3,6499,-0.02,0.04,102.9,103.6,81.3,83.8,28.32,28.51,26.61,27.01
79.88,3129,147.8,100,0,0.6,3,6502,0.03,0.04,102.9,103.6,81.2,83.7,28.32,28.51,26.61,27.01
79.92,3131,147.8,100,0,-0.5,3,6504,0.04,0.04,102.9,103.6,81.2,83.7,28.32,28.51,26.6,27
79.96,3133,147.9,100,0,-0.1,3,6507,-0.01,0.04,102.9,103.6,81.2,83.7,28.31,28.5,26.6,27
80,3134,147.9,100,0,1.3,3,6509,-0.01,0.04,102.9,103.6,81.2,83.7,28.31,28.5,26.6,27
80.04,3136,148,100,0,-0.9,3,6512,0,0.04,102.8,103.5,81.2,83.7,28.31,28.5,26.6,27
80.08,3138,148.1,100,0,0.5,3,6514,0.03,0.04,102.8,103.5,81.2,83.7,28.31,28.5,26.6,27
80.12,3139,148.1,100,0,-0.7,3,6517,0.04,0.04,102.8,103.5,81.2,83.7,28.31,28.5,26.6,27
80.16,3141,148.2,100,0,0.1,3,6520,-0.02,0.04,102.8,103.5,81.2,83.7,28.31,28.5,26.6,27
80.2,3143,148.2,100,0,-0.3,3,6522,0,0.04,102.8,103.5,81.1,83.6,28.31,28.5,26.6,27
80.24,3144,148.3,100,0,-0.2,3,6525,-0.01,0.04,102.8,103.5,81.1,83.6,28.31,28.5,26.6,27
80.28,3146,148.3,100,0,0.4,3,6527,-0.03,0.04,102.8,103.5,81.1,83.6,28.31,28.5,26.6,27
80.32,3148,148.4,100,0,0.2,3,6530,0.01,0.04,102.8,103.5,81.1,83.6,28.31,28.5,26.6,27
80.36,3149,148.5,100,0,0.2,3,6532,0.02,0.04,102.7,103.4,81.1,83.6,28.31,28.5,26.59,26.99
80.4,3151,148.5,100,0,0.1,3,6535,0.04,0.04,102.7,103.4,81.1,83.6,28.3,28.49,26.59,26.99
80.44,3153,148.6,100,0,-0.4,3,6537,0,0.04,102.7,103.4,81.1,83.6,28.3,28.49,26.59,26.99
80.48,3154,148.6,100,0,0,3,6540,-0.01,0.04,102.7,103.4,81.1,83.6,28.3,28.49,26.59,26.99
80.52,3156,148.7,100,0,0.6,3,6542,0,0.04,102.7,103.4,81.1,83.6,28.3,28.49,26.59,26.99
80.56,3157,148.7,100,0,-0.4,3,6545,0,0.04,102.7,103.4,81,83.5,28.3,28.49,26.59,26.99
80.6,3159,148.8,100,0,-0.1,3,6547,-0.04,0.04,102.7,103.4,81,83.5,28.3,28.49,26.59,26.99
80.64,3161,148.9,100,0,0.4,3,6550,0.05,0.04,102.7,103.4,81,83.5,28.3,28.49,26.59,26.99
80.68,3162,148.9,100,0,0.4,3,6552,-0.01,0.04,102.6,103.3,81,83.5,28.3,28.49,26.59,26.99
80.72,3164,149,100,0,0.1,3,6555,0.01,0.04,102.6,103.3,81,83.5,28.3,28.49,26.59,26.99
80.76,3166,149,100,0,0.2,3,6558,0,0.04,102.6,103.3,81,83.5,28.3,28.49,26.59,26.99
80.8,3167,149.1,100,0,-0.2,3,6560,0.01,0.04,102.6,103.3,81,83.5,28.3,28.49,26.59,26.99
80.84,3169,149.2,100,0,-0.1,3,6563,0.03,0.04,102.6,103.3,81,83.5,28.3,28.49,26.58,26.98
80.88,3171,149.2,100,0,0.5,3,6565,0.02,0.04,102.6,103.3,80.9,83.4,28.29,28.48,26.58,26.98
80.92,3172,149.3,100,0,0.2,3,6568,0.01,0.04,102.6,103.3,80.9,83.4,28.29,28.48,26.58,26.98
80.96,3174,149.3,100,0,0.1,3,6570,-0.01,0.04,102.6,103.3,80.9,83.4,28.29,28.48,26.58,26.98
81,3176,149.4,100,0,0.4,3,6573,-0.03,0.04,102.6,103.3,80.9,83.4,28.29,28.48,26.58,26.98
81.04,3177,149.4,100,0,0,3,6575,0,0.04,102.5,103.2,80.9,83.4,28.29,28.48,26.58,26.98
81.08,3179,149.5,100,0,-0.1,3,6578,0,0.04,102.5,103.2,80.9,83.4,28.29,28.48,26.58,26.98
81.12,3181,149.6,100,0,0.4,3,6580,0.01,0.04,102.5,103.2,80.9,83.4,28.29,28.48,26.58,26.98
81.16,3182,149.6,100,0,-0.4,3,6583,-0.02,0.04,102.5,103.2,80.9,83.4,28.29,28.48,26.58,26.98
81.2,3184,149.7,100,0,-0.1,3,6585,0,0.04,102.5,103.2,80.8,83.3,28.29,28.48,26.58,26.98
81.24,3186,149.7,100,0,0.2,3,6588,0.01,0.04,102.5,103.2,80.8,83.3,28.29,28.48,26.58,26.98
81.28,3187,149.8,100,0,-0.3,3,6590,0.01,0.04,102.5,103.2,80.8,83.3,28.29,28.48,26.57,26.97
81.32,3189,149.8,100,0,0.2,3,6593,-0.01,0.04,102.5,103.2,80.8,83.3,28.28,28.47,26.57,26.97
81.36,3191,149.9,100,0,0.1,3,6596,0,0.04,102.4,103.1,80.8,83.3,28.28,28.47,26.57,26.97
81.4,3192,150,100,0,-1.5,3,6598,0,0.04,102.4,103.1,80.8,83.3,28.28,28.47,26.57,26.97
81.44,3194,150,100,0,0,3,6601,0,0.04,102.4,103.1,80.8,83.3,28.28,28.47,26.57,26.97
81.48,3196,150.1,100,0,-1,3,6603,0.02,0.04,102.4,103.1,80.8,83.3,28.28,28.47,26.57,26.97
81.52,3197,150.1,100,0,0.1,3,6606,0.05,0.04,102.4,103.1,80.8,83.3,28.28,28.47,26.57,26.97
81.56,3199,150.2,100,0,0.1,3,6608,0,0.04,102.4,103.1,80.7,83.2,28.28,28.47,26.57,26.97
81.6,3201,150.2,100,0,-0.5,3,6611,-0.01,0.04,102.4,103.1,80.7,83.2,28.28,28.47,26.57,26.97
81.64,3202,150.3,100,0,-0.1,3,6613,-0.01,0.04,102.4,103.1,80.7,83.2,28.28,28.47,26.57,26.97
81.68,3204,150.4,100,0,0.2,3,6616,-0.04,0.04,102.3,103,80.7,83.2,28.28,28.47,26.57,26.97
81.72,3206,150.4,100,0,0.1,3,6618,0.02,0.04,102.3,103,80.7,83.2,28.28,28.47,26.56,26.96
81.76,3207,150.5,100,0,-0.3,3,6621,0.04,0.04,102.3,103,80.7,83.2,28.27,28.46,26.56,26.96
81.8,3209,150.5,100,0,0.2,3,6623,0.02,0.04,102.3,103,80.7,83.2,28.27,28.46,26.56,26.96
81.84,3211,150.6,100,0,0,3,6626,0,0.04,102.3,103,80.7,83.2,28.27,28.46,26.56,26.96
81.88,3212,150.6,100,0,0.2,3,6629,0.01,0.04,102.3,103,80.6,83.1,28.27,28.46,26.56,26.96
81.92,3214,150.7,100,0,0.1,3,6631,-0.02,0.04,102.3,103,80.6,83.1,28.27,28.46,26.56,26.96
81.96,3216,150.8,100,0,0.1,3,6634,-0.01,0.04,102.3,103,80.6,83.1,28.27,28.46,26.56,26.96
82,3217,150.8,100,0,-0.5,3,6636,0.03,0.04,102.3,103,80.6,83.1,28.27,28.46,26.56,26.96
82.04,3219,150.9,100,0,0.4,3,6639,-0.01,0.04,102.2,102.9,80.6,83.1,28.27,28.46,26.56,26.96
82.08,3221,150.9,100,0,-0.7,3,6641,0.04,0.04,102.2,102.9,80.6,83.1,28.27,28.46,26.56,26.96
82.12,3222,151,100,0,-0.3,3,6644,0.02,0.04,102.2,102.9,80.6,83.1,28.27,28.46,26.56,26.96
82.16,3224,151.1,100,0,-0.2,3,6646,0.03,0.04,102.2,102.9,80.6,83.1,28.27,28.46,26.55,26.95
82.2,3226,151.1,100,0,-0.1,3,6649,-0.01,0.04,102.2,102.9,80.5,83,28.26,28.45,26.55,26.95
82.24,3227,151.2,100,0,0.1,3,6651,-0.04,0.04,102.2,102.9,80.5,83,28.26,28.45,26.55,26.95
82.28,3229,151.2,100,0,0.4,3,6654,0,0.04,102.2,102.9,80.5,83,28.26,28.45,26.55,26.95
82.32,3231,151.3,100,0,-0.1,3,6656,0.01,0.04,102.2,102.9,80.5,83,28.26,28.45,26.55,26.95
82.36,3232,151.2,0,2,-0.8,3,6654,0,-1.85,102.2,103,80.5,83,28.26,28.46,26.55,26.95
82.4,3234,151,0,8,0.6,3,6643,0,-1.85,102.2,103.1,80.5,83,28.27,28.47,26.55,26.95
82.44,3236,150.6,0,14,-0.5,3,6625,0,-1.85,102.3,103.2,80.5,83,28.27,28.48,26.55,26.95
82.48,3237,150,0,19,-0.7,3,6600,0,-1.85,102.3,103.3,80.5,83,28.27,28.49,26.55,26.95
82.52,3239,149.2,0,25,0.9,3,6567,0,-1.85,102.4,103.5,80.5,83,28.28,28.5,26.55,26.95
82.56,3241,148.3,0,31,-0.8,3,6526,0,-1.85,102.4,103.6,80.5,83,28.28,28.51,26.55,26.95
82.6,3242,147.2,0,37,0.2,3,6477,0,-1.85,102.4,103.7,80.5,83,28.28,28.51,26.55,26.95
82.64,3244,145.9,0,43,-1.1,3,6420,0,-1.85,102.5,103.8,80.5,83,28.29,28.52,26.55,26.95
82.68,3246,144.4,0,49,-1.1,3,6355,0,-1.85,102.5,103.9,80.5,83,28.29,28.53,26.55,26.95
82.72,3247,142.8,0,54,0.4,3,6284,0,-1.85,102.6,104.1,80.5,83,28.29,28.54,26.55,26.95
82.76,3249,141,0,60,-0.2,3,6205,0,-1.85,102.6,104.2,80.5,83,28.29,28.55,26.55,26.95
82.8,3250,139,0,66,-0.8,3,6118,0,-1.85,102.6,104.3,80.5,83,28.3,28.56,26.55,26.95
82.84,3252,136.9,0,71,-0.7,3,6024,0,-1.85,102.7,104.4,80.5,83,28.3,28.57,26.55,26.95
82.88,3254,134.6,0,76,0.2,2,7674,0,-1.85,102.7,104.5,80.5,83,28.3,28.58,26.55,26.95
82.92,3255,132.2,0,82,-0.4,2,7534,0,-1.85,102.8,104.7,80.5,83,28.31,28.59,26.55,26.95
82.96,3257,129.6,0,87,0.3,2,7385,0,-1.85,102.8,104.8,80.5,83,28.31,28.6,26.55,26.95
83,3258,126.8,0,92,0.1,2,7228,0,-1.85,102.8,104.9,80.5,83,28.31,28.6,26.55,26.95
83.04,3259,123.9,0,97,0.4,2,7062,0,-1.85,102.9,105,80.5,83,28.32,28.61,26.55,26.95
83.08,3261,120.9,0,100,0.2,2,6891,0,-1.85,102.9,105.1,80.5,83,28.32,28.62,26.55,26.95
83.12,3262,117.9,0,100,1,2,6720,0,-1.85,103,105.3,80.5,83,28.32,28.63,26.55,26.95
83.16,3263,114.9,0,100,-0.1,2,6549,0,-1.85,103,105.4,80.5,83,28.32,28.64,26.55,26.95
83.2,3265,111.9,0,100,0.4,2,6378,0,-1.85,103,105.5,80.5,83,28.33,28.65,26.55,26.95
83.24,3266,108.9,0,100,0.1,2,6207,0,-1.85,103.1,105.6,80.5,83,28.33,28.66,26.55,26.95
83.28,3267,105.9,0,100,-1,2,6036,0,-1.85,103.1,105.7,80.5,83,28.33,28.67,26.55,26.95
83.32,3268,102.9,0,100,-0.1,2,5865,0,-1.85,103.2,105.9,80.5,83,28.34,28.68,26.55,26.95
83.36,3269,99.9,0,100,0.1,2,5694,0,-1.85,103.2,106,80.5,83,28.34,28.69,26.55,26.95
83.4,3271,96.9,0,100,0.4,2,5523,0,-1.85,103.2,106.1,80.5,83,28.34,28.69,26.55,26.95
83.44,3272,93.9,0,100,-0.6,1,7324,0,-1.85,103.3,106.2,80.5,83,28.35,28.7,26.55,26.95
83.48,3273,90.9,0,100,1.1,1,7090,0,-1.85,103.3,106.3,80.5,83,28.35,28.71,26.55,26.95
83.52,3274,87.9,0,100,0.5,1,6856,0,-1.85,103.4,106.5,80.5,83,28.35,28.72,26.55,26.95
83.56,3275,84.9,0,100,-0.1,1,6622,0,-1.85,103.4,106.6,80.5,83,28.35,28.73,26.55,26.95
83.6,3276,84.5,0,100,-1.1,1,6591,0,-1.85,103.4,106.7,80.5,83,28.36,28.74,26.55,26.95
83.64,3277,84.5,0,100,0.3,1,6591,0,-1.85,103.5,106.8,80.5,83,28.36,28.75,26.55,26.95
83.68,3277,84.5,0,100,1,1,6591,0,-1.85,103.5,106.9,80.5,83,28.36,28.76,26.55,26.95
83.72,3278,84.5,0,100,-1.2,1,6591,0,-1.85,103.6,107.1,80.5,83,28.37,28.77,26.55,26.95
83.76,3279,84.5,0,100,-0.1,1,6591,0,-1.85,103.6,107.2,80.5,83,28.37,28.78,26.55,26.95
83.8,3280,84.5,0,100,-0.4,1,6591,0,-1.85,103.6,107.3,80.5,83,28.37,28.78,26.55,26.95
83.84,3281,84.5,0,100,-0.8,1,6591,0,-1.85,103.7,107.4,80.5,83,28.38,28.79,26.55,26.95
83.88,3282,84.5,0,100,0.7,1,6591,0,-1.85,103.7,107.5,80.5,83,28.38,28.8,26.55,26.95
83.92,3283,84.5,0,100,0.1,1,6591,0,-1.85,103.8,107.7,80.5,83,28.38,28.81,26.55,26.95
83.96,3284,84.5,0,100,-0.7,1,6591,0,-1.85,103.8,107.8,80.5,83,28.38,28.82,26.55,26.95
84,3285,84.5,0,100,0.3,1,6591,0,-1.85,103.8,107.9,80.5,83,28.39,28.83,26.55,26.95
84.04,3286,84.5,0,100,0.5,1,6591,0,-1.85,103.9,108,80.5,83,28.39,28.84,26.55,26.95
84.08,3287,84.5,0,100,-0.3,1,6591,0,-1.85,103.9,108.1,80.5,83,28.39,28.85,26.55,26.95
84.12,3288,84.5,0,100,-0.4,1,6591,0,-1.85,104,108.3,80.5,83,28.4,28.86,26.55,26.95
84.16,3289,84.5,0,100,0.3,1,6591,0,-1.85,104,108.4,80.5,83,28.4,28.87,26.55,26.95
84.2,3290,84.5,0,100,0.3,1,6591,0,-1.85,104,108.5,80.5,83,28.4,28.87,26.55,26.95
84.24,3291,84.5,0,100,-0.4,1,6591,0,-1.85,104.1,108.6,80.5,83,28.41,28.88,26.55,26.95
84.28,3292,84.5,0,100,-0.3,1,6591,0,-1.85,104.1,108.7,80.5,83,28.41,28.89,26.55,26.95
84.32,3293,84.5,0,100,0.5,1,6591,0,-1.85,104.2,108.9,80.5,83,28.41,28.9,26.55,26.95
84.36,3293,84.5,0,100,1.1,1,6591,0,-1.85,104.2,109,80.5,83,28.41,28.91,26.55,26.95
84.4,3294,84.5,0,100,0.1,1,6591,0,-1.85,104.2,109.1,80.5,83,28.42,28.92,26.55,26.95
84.44,3295,84.5,0,100,-1.9,1,6591,0,-1.85,104.3,109.2,80.5,83,28.42,28.93,26.55,26.95
84.48,3296,84.5,0,100,0.4,1,6591,0,-1.85,104.3,109.3,80.5,83,28.42,28.94,26.55,26.95
84.52,3297,84.5,0,100,-0.1,1,6591,0,-1.85,104.4,109.5,80.5,83,28.43,28.95,26.55,26.95
84.56,3298,84.5,0,100,-0.6,1,6591,0,-1.85,104.4,109.6,80.5,83,28.43,28.96,26.55,26.95
84.6,3299,84.5,0,100,0.2,1,6591,0,-1.85,104.4,109.7,80.5,83,28.43,28.96,26.55,26.95
84.64,3300,84.5,0,100,0.6,1,6591,0,-1.85,104.5,109.8,80.5,83,28.44,28.97,26.55,26.95
84.68,3301,84.5,0,100,0.3,1,6591,0,-1.85,104.5,109.9,80.5,83,28.44,28.98,26.55,26.95
84.72,3302,84.5,0,100,-1.3,1,6591,0,-1.85,104.6,110.1,80.5,83,28.44,28.99,26.55,26.95
84.76,3303,84.5,0,100,0.3,1,6591,0,-1.85,104.6,110.2,80.5,83,28.44,29,26.55,26.95
84.8,3304,84.5,0,100,0.2,1,6591,0,-1.85,104.6,110.3,80.5,83,28.45,29.01,26.55,26.95
84.84,3305,84.5,0,100,0,1,6591,0,-1.85,104.7,110.4,80.5,83,28.45,29.02,26.55,26.95
84.88,3306,84.5,0,100,-0.5,1,6591,0,-1.85,104.7,110.5,80.5,83,28.45,29.03,26.55,26.95
84.92,3307,84.5,0,100,-1.4,1,6591,0,-1.85,104.8,110.7,80.5,83,28.46,29.04,26.55,26.95
84.96,3308,84.5,0,100,1,1,6591,0,-1.85,104.8,110.8,80.5,83,28.46,29.05,26.55,26.95
85,3308,84.5,0,100,-0.7,1,6591,0,-1.85,104.8,110.9,80.5,83,28.46,29.05,26.55,26.95
85.04,3309,84.5,0,100,0.6,1,6591,0,-1.85,104.9,111,80.5,83,28.47,29.06,26.55,26.95
85.08,3310,84.5,0,100,0,1,6591,0,-1.85,104.9,111.1,80.5,83,28.47,29.07,26.55,26.95
85.12,3311,84.5,0,100,0.8,1,6591,0,-1.85,105,111.3,80.5,83,28.47,29.08,26.55,26.95
85.16,3312,84.5,0,100,0.5,1,6591,0,-1.85,105,111.4,80.5,83,28.47,29.09,26.55,26.95
85.2,3313,84.5,0,100,0.5,1,6591,0,-1.85,105,111.5,80.5,83,28.48,29.1,26.55,26.95
85.24,3314,84.5,0,100,0.4,1,6591,0,-1.85,105.1,111.6,80.5,83,28.48,29.11,26.55,26.95
85.28,3315,84.5,0,100,-1,1,6591,0,-1.85,105.1,111.7,80.5,83,28.48,29.12,26.55,26.95
85.32,3316,84.5,0,100,0.2,1,6591,0,-1.85,105.2,111.9,80.5,83,28.49,29.13,26.55,26.95
85.36,3317,84.5,0,100,-0.6,1,6591,-0.01,-1.4,105.2,112,80.5,83,28.49,29.14,26.55,26.95
85.4,3318,84.5,0,98,-1.4,1,6591,-0.02,-1.38,105.2,112.1,80.5,83,28.49,29.14,26.55,26.95
85.44,3319,84.5,0,97,-3.1,1,6591,-0.04,-1.37,105.3,112.2,80.5,83,28.5,29.15,26.55,26.95
85.48,3320,84.5,0,96,-3.7,1,6591,-0.05,-1.36,105.3,112.3,80.5,83,28.5,29.16,26.55,26.95
85.52,3321,84.5,0,95,-5.3,1,6591,-0.07,-1.34,105.4,112.5,80.5,83,28.5,29.17,26.55,26.95
85.56,3322,84.5,0,93,-7,1,6591,-0.09,-1.33,105.4,112.6,80.5,83,28.5,29.18,26.55,26.95
85.6,3323,84.5,0,92,-8.2,1,6591,-0.1,-1.32,105.4,112.7,80.5,83,28.51,29.19,26.55,26.95
85.64,3323,84.5,0,91,-8.9,1,6591,-0.12,-1.31,105.5,112.8,80.5,83,28.51,29.2,26.55,26.95
85.68,3324,84.5,0,90,-10.3,1,6591,-0.13,-1.29,105.5,112.9,80.5,83,28.51,29.21,26.55,26.95
85.72,3325,84.5,0,88,-10.4,1,6591,-0.15,-1.28,105.6,113.1,80.5,83,28.52,29.22,26.55,26.95
85.76,3326,84.5,0,87,-12.6,1,6591,-0.16,-1.27,105.6,113.2,80.5,83,28.52,29.23,26.55,26.95
85.8,3327,84.5,0,86,-12.7,1,6591,-0.18,-1.26,105.6,113.3,80.5,83,28.52,29.23,26.55,26.95
85.84,3328,84.5,0,85,-14.6,1,6591,-0.2,-1.24,105.7,113.4,80.5,83,28.53,29.24,26.55,26.95
85.88,3329,84.5,0,83,-14.9,1,6591,-0.21,-1.23,105.7,113.5,80.5,83,28.53,29.25,26.55,26.95
85.92,3330,84.5,0,82,-16.7,1,6591,-0.23,-1.22,105.8,113.7,80.5,83,28.53,29.26,26.55,26.95
85.96,3331,84.5,0,81,-17.7,1,6591,-0.24,-1.21,105.8,113.8,80.5,83,28.53,29.27,26.55,26.95
86,3332,84.5,0,80,-18.7,1,6591,-0.26,-1.19,105.8,113.9,80.5,83,28.54,29.28,26.55,26.95
86.04,3333,84.5,0,79,-20.3,1,6591,-0.28,-1.18,105.9,114,80.5,83,28.54,29.29,26.55,26.95
86.08,3334,84.5,0,77,-21.4,1,6591,-0.29,-1.17,105.9,114.1,80.5,83,28.54,29.3,26.55,26.95
86.12,3335,84.5,0,76,-22.5,1,6591,-0.31,-1.15,106,114.3,80.5,83,28.55,29.31,26.55,26.95
86.16,3336,84.5,0,75,-23.2,1,6591,-0.32,-1.14,106,114.4,80.5,83,28.55,29.32,26.55,26.95
86.2,3337,84.5,0,74,-24.5,1,6591,-0.34,-1.13,106,114.5,80.5,83,28.55,29.32,26.55,26.95
86.24,3338,84.5,0,73,-26,1,6591,-0.36,-1.12,106.1,114.6,80.5,83,28.56,29.33,26.55,26.95
86.28,3339,84.5,0,72,-26.8,1,6591,-0.37,-1.1,106.1,114.7,80.5,83,28.56,29.34,26.55,26.95
86.32,3339,84.5,0,70,-28,1,6591,-0.39,-1.09,106.2,114.9,80.5,83,28.56,29.35,26.55,26.95
86.36,3340,84.5,0,69,-29.5,1,6591,-0.4,-1.08,106.2,115,80.5,83,28.56,29.36,26.55,26.95
86.4,3341,84.5,0,68,-30.7,1,6591,-0.42,-1.07,106.2,115.1,80.5,83,28.57,29.37,26.55,26.95
86.44,3342,84.5,0,67,-31.4,1,6591,-0.44,-1.05,106.3,115.2,80.5,83,28.57,29.38,26.55,26.95
86.48,3343,84.5,0,66,-32.3,1,6591,-0.45,-1.04,106.3,115.3,80.5,83,28.57,29.39,26.55,26.95
86.52,3344,84.5,0,65,-32.8,1,6591,-0.47,-1.03,106.4,115.5,80.5,83,28.58,29.4,26.55,26.95
86.56,3345,84.5,0,64,-35,1,6591,-0.48,-1.01,106.4,115.6,80.5,83,28.58,29.41,26.55,26.95
86.6,3346,84.5,0,63,-35,1,6591,-0.5,-1,106.4,115.7,80.5,83,28.58,29.41,26.55,26.95
86.64,3347,84.5,0,61,-36.4,1,6591,-0.52,-0.99,106.5,115.8,80.5,83,28.59,29.42,26.55,26.95
86.68,3348,84.5,0,60,-37.1,1,6591,-0.53,-0.98,106.5,115.9,80.5,83,28.59,29.43,26.55,26.95
86.72,3349,84.5,0,59,-39.3,1,6591,-0.55,-0.96,106.6,116.1,80.5,83,28.59,29.44,26.55,26.95
86.76,3350,84.5,0,58,-40.1,1,6591,-0.56,-0.95,106.6,116.2,80.5,83,28.59,29.45,26.55,26.95
86.8,3351,84.5,0,57,-40.6,1,6591,-0.58,-0.94,106.6,116.3,80.5,83,28.6,29.46,26.55,26.95
86.84,3352,84.5,0,56,-42.1,1,6591,-0.59,-0.93,106.7,116.4,80.5,83,28.6,29.47,26.55,26.95
86.88,3353,84.5,0,55,-43.6,1,6591,-0.61,-0.91,106.7,116.5,80.5,83,28.6,29.48,26.55,26.95
86.92,3354,84.5,0,54,-44,1,6591,-0.63,-0.9,106.8,116.7,80.5,83,28.61,29.49,26.55,26.95
86.96,3354,84.5,0,53,-45,1,6591,-0.64,-0.89,106.8,116.8,80.5,83,28.61,29.5,26.55,26.95
87,3355,84.5,0,52,-45.1,1,6591,-0.66,-0.87,106.8,116.9,80.5,83,28.61,29.5,26.55,26.95
87.04,3356,84.5,0,51,-46.9,1,6591,-0.67,-0.86,106.9,117,80.5,83,28.62,29.51,26.55,26.95
87.08,3357,84.5,0,50,-48.5,1,6591,-0.69,-0.85,106.9,117.1,80.5,83,28.62,29.52,26.55,26.95
87.12,3358,84.5,0,49,-48.9,1,6591,-0.71,-0.84,107,117.3,80.5,83,28.62,29.53,26.55,26.95
87.16,3359,84.5,0,48,-49.5,1,6591,-0.72,-0.82,107,117.4,80.5,83,28.62,29.54,26.55,26.95
87.2,3360,84.5,0,47,-51,1,6591,-0.74,-0.81,107,117.5,80.5,83,28.63,29.55,26.55,26.95
87.24,3361,84.5,0,46,-52.5,1,6591,-0.75,-0.8,107.1,117.6,80.5,83,28.63,29.56,26.55,26.95
87.28,3362,84.5,0,45,-52.7,1,6591,-0.77,-0.79,107.1,117.7,80.5,83,28.63,29.57,26.55,26.95
87.32,3363,84.5,0,44,-53.3,1,6591,-0.79,-0.77,107.2,117.9,80.5,83,28.64,29.58,26.55,26.95
87.36,3364,84.5,0,43,-54.5,1,6591,-0.8,-0.76,107.2,118,80.5,83,28.64,29.59,26.55,26.95
87.4,3365,84.5,0,42,-55.2,1,6591,-0.82,-0.75,107.2,118.1,80.5,83,28.64,29.59,26.55,26.95
87.44,3366,84.5,0,41,-55.7,1,6591,-0.83,-0.73,107.3,118.2,80.5,83,28.65,29.6,26.55,26.95
87.48,3367,84.5,0,40,-57.1,1,6591,-0.85,-0.72,107.3,118.3,80.5,83,28.65,29.61,26.55,26.95
87.52,3368,84.5,0,39,-57.5,1,6591,-0.87,-0.71,107.4,118.5,80.5,83,28.65,29.62,26.55,26.95
87.56,3369,84.5,0,38,-58.2,1,6591,-0.88,-0.7,107.4,118.6,80.5,83,28.65,29.63,26.55,26.95
87.6,3369,84.5,0,37,-58.7,1,6591,-0.9,-0.68,107.4,118.7,80.5,83,28.66,29.64,26.55,26.95
87.64,3370,84.5,0,36,-59.9,1,6591,-0.91,-0.67,107.5,118.8,80.5,83,28.66,29.65,26.55,26.95
87.68,3371,84.5,0,35,-60.6,1,6591,-0.93,-0.66,107.5,118.9,80.5,83,28.66,29.66,26.55,26.95
87.72,3372,84.5,0,34,-61.9,1,6591,-0.95,-0.65,107.6,119.1,80.5,83,28.67,29.67,26.55,26.95
87.76,3373,84.5,0,33,-62.3,1,6591,-0.96,-0.63,107.6,119.2,80.5,83,28.67,29.68,26.55,26.95
87.8,3374,84.5,0,32,-64.1,1,6591,-0.98,-0.62,107.6,119.3,80.5,83,28.67,29.68,26.55,26.95
87.84,3375,84.5,0,31,-64.6,1,6591,-0.99,-0.61,107.7,119.4,80.5,83,28.68,29.69,26.55,26.95
87.88,3376,84.5,0,30,-65.3,1,6591,-1.01,-0.59,107.7,119.5,80.5,83,28.68,29.7,26.55,26.95
87.92,3377,84.5,0,29,-65.6,1,6591,-1.03,-0.58,107.8,119.7,80.5,83,28.68,29.71,26.55,26.95
87.96,3378,84.5,0,28,-66.2,1,6591,-1.04,-0.57,107.8,119.8,80.5,83,28.68,29.72,26.55,26.95
88,3379,84.5,0,27,-67.1,1,6591,-1.06,-0.56,107.8,119.9,80.5,83,28.69,29.73,26.55,26.95
88.04,3380,84.5,0,27,-67.8,1,6591,-1.07,-0.54,107.9,120,80.5,83,28.69,29.74,26.55,26.95
88.08,3381,84.5,0,26,-68.5,1,6591,-1.09,-0.53,107.9,120.1,80.5,83,28.69,29.75,26.55,26.95
88.12,3382,84.5,0,25,-69.8,1,6591,-1.1,-0.52,108,120.3,80.5,83,28.7,29.76,26.55,26.95
88.16,3383,84.5,0,24,-69.8,1,6591,-1.12,-0.51,108,120.4,80.5,83,28.7,29.77,26.55,26.95
88.2,3384,84.5,0,23,-69.3,1,6591,-1.14,-0.49,108,120.5,80.5,83,28.7,29.77,26.55,26.95
88.24,3385,84.5,0,22,-71.3,1,6591,-1.15,-0.48,108.1,120.6,80.5,83,28.71,29.78,26.55,26.95
88.28,3385,84.5,0,22,-71,1,6591,-1.17,-0.47,108.1,120.7,80.5,83,28.71,29.79,26.55,26.95
88.32,3386,84.5,0,21,-72.4,1,6591,-1.18,-0.46,108.2,120.9,80.5,83,28.71,29.8,26.55,26.95
88.36,3387,84.5,0,20,-73.7,1,6591,-1.2,-0.44,108.2,121,80.5,83,28.71,29.81,26.55,26.95
88.4,3388,84.5,0,19,-72.9,1,6591,-1.22,-0.43,108.2,121.1,80.5,83,28.72,29.82,26.55,26.95
88.44,3389,84.5,0,18,-74.2,1,6591,-1.23,-0.42,108.3,121.2,80.5,83,28.72,29.83,26.55,26.95
88.48,3390,84.5,0,18,-74.3,1,6591,-1.25,-0.4,108.3,121.3,80.5,83,28.72,29.84,26.55,26.95
88.52,3391,84.5,0,17,-74,1,6591,-1.26,-0.39,108.4,121.5,80.5,83,28.73,29.85,26.55,26.95
88.56,3392,84.5,0,16,-75.5,1,6591,-1.28,-0.38,108.4,121.6,80.5,83,28.73,29.86,26.55,26.95
88.6,3393,84.5,0,15,-75.6,1,6591,-1.3,-0.37,108.4,121.7,80.5,83,28.73,29.86,26.55,26.95
88.64,3394,84.5,0,15,-77.4,1,6591,-1.31,-0.35,108.5,121.8,80.5,83,28.74,29.87,26.55,26.95
88.68,3395,84.5,0,14,-76.8,1,6591,-1.33,-0.34,108.5,121.9,80.5,83,28.74,29.88,26.55,26.95
88.72,3396,84.5,0,13,-76.8,1,6591,-1.34,-0.33,108.6,122.1,80.5,83,28.74,29.89,26.55,26.95
88.76,3397,84.5,0,12,-77.8,1,6591,-1.36,-0.32,108.6,122.2,80.5,83,28.74,29.9,26.55,26.95
88.8,3398,84.5,0,12,-77.6,1,6591,-1.38,-0.3,108.6,122.3,80.5,83,28.75,29.91,26.55,26.95
88.84,3399,84.5,0,11,-78.4,1,6591,-1.39,-0.29,108.7,122.4,80.5,83,28.75,29.92,26.55,26.95
88.88,3400,84.5,0,10,-78.6,1,6591,-1.41,-0.28,108.7,122.5,80.5,83,28.75,29.93,26.55,26.95
88.92,3400,84.5,0,10,-79.5,1,6591,-1.42,-0.26,108.8,122.7,80.5,83,28.76,29.94,26.55,26.95
88.96,3401,84.5,0,9,-79.3,1,6591,-1.44,-0.25,108.8,122.8,80.5,83,28.76,29.95,26.55,26.95
89,3402,84.5,0,8,-80.4,1,6591,-1.46,-0.24,108.8,122.9,80.5,83,28.76,29.95,26.55,26.95
89.04,3403,84.5,0,8,-79.2,1,6591,-1.47,-0.23,108.9,123,80.5,83,28.77,29.96,26.55,26.95
89.08,3404,84.5,0,7,-80.5,1,6591,-1.49,-0.21,108.9,123.1,80.5,83,28.77,29.97,26.55,26.95
89.12,3405,84.5,0,7,-80.1,1,6591,-1.5,-0.2,109,123.3,80.5,83,28.77,29.98,26.55,26.95
89.16,3406,84.5,0,6,-80.9,1,6591,-1.52,-0.19,109,123.4,80.5,83,28.77,29.99,26.55,26.95
89.2,3407,84.5,0,5,-81.3,1,6591,-1.54,-0.18,109,123.5,80.5,83,28.78,30,26.55,26.95
89.24,3408,84.5,0,5,-81.5,1,6591,-1.55,-0.16,109.1,123.6,80.5,83,28.78,30.01,26.55,26.95
89.28,3409,84.5,0,4,-81.8,1,6591,-1.57,-0.15,109.1,123.7,80.5,83,28.78,30.02,26.55,26.95
89.32,3410,84.5,0,4,-81.5,1,6591,-1.58,-0.14,109.2,123.9,80.5,83,28.79,30.03,26.55,26.95
89.36,3411,84.5,0,3,-81,1,6591,-1.6,-0.12,109.2,124,80.5,83,28.79,30.04,26.55,26.95
89.4,3412,84.5,0,3,-82.3,1,6591,-1.61,-0.11,109.2,124.1,80.5,83,28.79,30.04,26.55,26.95
89.44,3413,84.5,0,2,-81.7,1,6591,-1.63,-0.1,109.3,124.2,80.5,83,28.8,30.05,26.55,26.95
89.48,3414,84.5,0,2,-82.6,1,6591,-1.65,-0.09,109.3,124.3,80.5,83,28.8,30.06,26.55,26.95
89.52,3415,84.5,0,2,-82.6,1,6591,-1.66,-0.07,109.4,124.5,80.5,83,28.8,30.07,26.55,26.95
89.56,3415,84.5,0,1,-82.4,1,6591,-1.68,-0.06,109.4,124.6,80.5,83,28.8,30.08,26.55,26.95
89.6,3416,84.5,0,1,-83.1,1,6591,-1.69,-0.05,109.4,124.7,80.5,83,28.81,30.09,26.55,26.95
89.64,3417,84.5,0,1,-81.6,1,6591,-1.71,-0.04,109.5,124.8,80.5,83,28.81,30.1,26.55,26.95
89.68,3418,84.5,0,0,-82.9,1,6591,-1.73,-0.02,109.5,124.9,80.5,83,28.81,30.11,26.55,26.95
89.72,3419,84.5,0,0,-82.7,1,6591,-1.74,-0.01,109.6,125.1,80.5,83,28.82,30.12,26.55,26.95
89.76,3420,84.5,0,0,-82.2,1,6591,-1.95,0,109.6,125.1,80.5,83,28.82,30.12,26.55,26.95
89.8,3421,84.5,1,0,-81.7,1,6591,-1.94,0,109.6,125.1,80.6,83.1,28.82,30.12,26.56,26.96
89.84,3422,84.5,2,0,-81.8,1,6591,-1.93,0.01,109.6,125.1,80.6,83.1,28.82,30.12,26.56,26.96
89.88,3423,84.5,3,0,-81.2,1,6592,-1.92,0.01,109.6,125.1,80.7,83.2,28.82,30.12,26.56,26.96
89.92,3424,84.5,4,0,-80.8,1,6592,-1.92,0.01,109.6,125.1,80.7,83.2,28.82,30.12,26.56,26.96
89.96,3425,84.5,5,0,-80.7,1,6593,-1.91,0.02,109.6,125.1,80.7,83.2,28.82,30.12,26.57,26.97
90,3426,84.5,5,0,-80,1,6594,-1.9,0.02,109.6,125.1,80.8,83.3,28.82,30.12,26.57,26.97
90.04,3427,84.5,6,0,-79.6,1,6594,-1.89,0.02,109.6,125.1,80.8,83.3,28.82,30.12,26.57,26.97
90.08,3428,84.6,7,0,-79.2,1,6595,-1.89,0.03,109.6,125.1,80.8,83.3,28.82,30.12,26.57,26.97
90.12,3429,84.6,7,0,-79.3,1,6596,-1.88,0.03,109.6,125.1,80.9,83.4,28.82,30.12,26.58,26.98
90.16,3430,84.6,8,0,-78.3,1,6597,-1.87,0.03,109.6,125.1,80.9,83.4,28.82,30.12,26.58,26.98
90.2,3431,84.6,9,0,-78.9,1,6599,-1.86,0.04,109.6,125.1,80.9,83.4,28.82,30.12,26.58,26.98
90.24,3431,84.6,9,0,-77.4,1,6600,-1.85,0.04,109.6,125.1,81,83.5,28.82,30.12,26.58,26.98
90.28,3432,84.6,10,0,-77.3,1,6601,-1.85,0.04,109.6,125.1,81,83.5,28.82,30.12,26.59,26.99
90.32,3433,84.6,11,0,-76.5,1,6603,-1.84,0.05,109.6,125.1,81,83.5,28.82,30.12,26.59,26.99
90.36,3434,84.7,11,0,-76,1,6604,-1.83,0.05,109.6,125.1,81.1,83.6,28.82,30.12,26.59,26.99
90.4,3435,84.7,12,0,-75.5,1,6606,-1.82,0.05,109.6,125.1,81.1,83.6,28.82,30.12,26.6,27
90.44,3436,84.7,13,0,-76.3,1,6607,-1.81,0.06,109.6,125.1,81.1,83.6,28.82,30.12,26.6,27
90.48,3437,84.7,13,0,-75,1,6609,-1.81,0.06,109.6,125.1,81.2,83.7,28.82,30.12,26.6,27
90.52,3438,84.8,14,0,-74.2,1,6611,-1.8,0.06,109.6,125.1,81.2,83.7,28.82,30.12,26.6,27
90.56,3439,84.8,14,0,-74,1,6613,-1.79,0.07,109.6,125.1,81.2,83.7,28.82,30.12,26.61,27.01
90.6,3440,84.8,15,0,-73,1,6615,-1.78,0.07,109.6,125.1,81.3,83.8,28.82,30.12,26.61,27.01
90.64,3441,84.8,16,0,-74,1,6617,-1.77,0.07,109.6,125.1,81.3,83.8,28.82,30.12,26.61,27.01
90.68,3442,84.9,16,0,-72.9,1,6619,-1.77,0.08,109.6,125.1,81.4,83.9,28.82,30.12,26.61,27.01
90.72,3443,84.9,17,0,-72.8,1,6621,-1.76,0.08,109.6,125.1,81.4,83.9,28.82,30.12,26.62,27.02
90.76,3444,84.9,17,0,-72.2,1,6624,-1.75,0.08,109.6,125.1,81.4,83.9,28.82,30.12,26.62,27.02
90.8,3445,85,18,0,-71.2,1,6626,-1.74,0.09,109.6,125.1,81.5,84,28.82,30.12,26.62,27.02
90.84,3446,85,19,0,-71.2,1,6629,-1.74,0.09,109.6,125.1,81.5,84,28.82,30.12,26.62,27.02
90.88,3447,85,19,0,-70.6,1,6631,-1.73,0.09,109.6,125.1,81.5,84,28.82,30.12,26.63,27.03
90.92,3447,85,20,0,-70,1,6634,-1.72,0.1,109.6,125.1,81.6,84.1,28.82,30.12,26.63,27.03
90.96,3448,85.1,20,0,-70.4,1,6637,-1.71,0.1,109.6,125.1,81.6,84.1,28.82,30.12,26.63,27.03
91,3449,85.1,21,0,-69.8,1,6639,-1.7,0.1,109.6,125.1,81.6,84.1,28.82,30.12,26.63,27.03
91.04,3450,85.2,21,0,-69.1,1,6642,-1.7,0.11,109.6,125.1,81.7,84.2,28.82,30.12,26.64,27.04
91.08,3451,85.2,22,0,-68.8,1,6645,-1.69,0.11,109.6,125.1,81.7,84.2,28.82,30.12,26.64,27.04
91.12,3452,85.2,23,0,-68.4,1,6648,-1.68,0.11,109.6,125.1,81.7,84.2,28.82,30.12,26.64,27.04
91.16,3453,85.3,23,0,-68.6,1,6651,-1.67,0.12,109.6,125.1,81.8,84.3,28.82,30.12,26.65,27.05
91.2,3454,85.3,24,0,-67.8,1,6654,-1.66,0.12,109.6,125.1,81.8,84.3,28.82,30.12,26.65,27.05
91.24,3455,85.4,24,0,-66.2,1,6658,-1.66,0.12,109.6,125.1,81.8,84.3,28.82,30.12,26.65,27.05
91.28,3456,85.4,25,0,-66.9,1,6661,-1.65,0.13,109.6,125.1,81.9,84.4,28.82,30.12,26.65,27.05
91.32,3457,85.4,25,0,-66.5,1,6664,-1.64,0.13,109.6,125.1,81.9,84.4,28.82,30.12,26.66,27.06
91.36,3458,85.5,26,0,-65.9,1,6668,-1.63,0.13,109.6,125.1,81.9,84.4,28.82,30.12,26.66,27.06
91.4,3459,85.5,26,0,-65.1,1,6671,-1.62,0.14,109.6,125.1,82,84.5,28.82,30.12,26.66,27.06
91.44,3460,85.6,27,0,-64.9,1,6675,-1.62,0.14,109.6,125.1,82,84.5,28.82,30.12,26.66,27.06
91.48,3461,85.6,28,0,-63.6,1,6678,-1.61,0.14,109.6,125.1,82.1,84.6,28.82,30.12,26.67,27.07
91.52,3462,85.7,28,0,-64.8,1,6682,-1.6,0.15,109.6,125.1,82.1,84.6,28.82,30.12,26.67,27.07
91.56,3463,85.7,29,0,-63.6,1,6686,-1.59,0.15,109.6,125.1,82.1,84.6,28.82,30.12,26.67,27.07
91.6,3464,85.8,29,0,-63.4,1,6690,-1.58,0.15,109.6,125.1,82.2,84.7,28.82,30.12,26.67,27.07
91.64,3465,85.8,30,0,-62.4,1,6694,-1.58,0.16,109.6,125.1,82.2,84.7,28.82,30.12,26.68,27.08
91.68,3466,85.9,30,0,-61.9,1,6698,-1.57,0.16,109.6,125.1,82.2,84.7,28.82,30.12,26.68,27.08
91.72,3466,85.9,31,0,-60.9,1,6702,-1.56,0.16,109.6,125.1,82.3,84.8,28.82,30.12,26.68,27.08
91.76,3467,86,31,0,-61.8,1,6706,-1.55,0.17,109.6,125.1,82.3,84.8,28.82,30.12,26.68,27.08
91.8,3468,86,32,0,-61.3,1,6710,-1.54,0.17,109.6,125.1,82.3,84.8,28.82,30.12,26.69,27.09
91.84,3469,86.1,32,0,-60.6,1,6714,-1.54,0.17,109.6,125.1,82.4,84.9,28.82,30.12,26.69,27.09
91.88,3470,86.1,33,0,-61.3,1,6719,-1.53,0.18,109.6,125.1,82.4,84.9,28.82,30.12,26.69,27.09
91.92,3471,86.2,33,0,-59.6,1,6723,-1.52,0.18,109.6,125.1,82.4,84.9,28.82,30.12,26.7,27.1
91.96,3472,86.2,34,0,-59.3,1,6727,-1.51,0.18,109.6,125.1,82.5,85,28.82,30.12,26.7,27.1
92,3473,86.3,34,0,-59.2,1,6732,-1.5,0.19,109.6,125.1,82.5,85,28.82,30.12,26.7,27.1
92.04,3474,86.4,35,0,-59.5,1,6736,-1.5,0.19,109.6,125.1,82.5,85,28.82,30.12,26.7,27.1
92.08,3475,86.4,36,0,-57.5,1,6741,-1.49,0.19,109.6,125.1,82.6,85.1,28.82,30.12,26.71,27.11
92.12,3476,86.5,36,0,-57.3,1,6746,-1.48,0.2,109.6,125.1,82.6,85.1,28.82,30.12,26.71,27.11
92.16,3477,86.5,37,0,-57.1,1,6751,-1.47,0.2,109.6,125.1,82.6,85.1,28.82,30.12,26.71,27.11
92.2,3478,86.6,37,0,-56.2,1,6756,-1.46,0.2,109.6,125.1,82.7,85.2,28.82,30.12,26.71,27.11
92.24,3479,86.7,38,0,-56.1,1,6761,-1.46,0.21,109.6,125.1,82.7,85.2,28.82,30.12,26.72,27.12
92.28,3480,86.7,38,0,-56.4,1,6765,-1.45,0.21,109.6,125.1,82.8,85.3,28.82,30.12,26.72,27.12
92.32,3481,86.8,39,0,-55.5,1,6771,-1.44,0.21,109.6,125.1,82.8,85.3,28.82,30.12,26.72,27.12
92.36,3482,86.9,39,0,-55.2,1,6776,-1.43,0.22,109.6,125.1,82.8,85.3,28.82,30.12,26.72,27.12
92.4,3483,86.9,40,0,-54.3,1,6781,-1.42,0.22,109.6,125.1,82.9,85.4,28.82,30.12,26.73,27.13
92.44,3484,87,40,0,-54.6,1,6786,-1.42,0.22,109.6,125.1,82.9,85.4,28.82,30.12,26.73,27.13
92.48,3485,87.1,41,0,-54.8,1,6791,-1.41,0.23,109.6,125.1,82.9,85.4,28.82,30.12,26.73,27.13
92.52,3486,87.1,41,0,-53.3,1,6797,-1.4,0.23,109.6,125.1,83,85.5,28.82,30.12,26.73,27.13
92.56,3487,87.2,42,0,-52.5,1,6802,-1.39,0.23,109.6,125.1,83,85.5,28.82,30.12,26.74,27.14
92.6,3488,87.3,42,0,-52.8,1,6808,-1.38,0.24,109.6,125.1,83,85.5,28.82,30.12,26.74,27.14
92.64,3489,87.3,43,0,-51.6,1,6813,-1.37,0.24,109.6,125.1,83.1,85.6,28.82,30.12,26.74,27.14
92.68,3490,87.4,43,0,-52.2,1,6819,-1.37,0.24,109.6,125.1,83.1,85.6,28.82,30.12,26.75,27.15
92.72,3491,87.5,44,0,-51.6,1,6824,-1.36,0.25,109.6,125.1,83.1,85.6,28.82,30.12,26.75,27.15
92.76,3492,87.6,44,0,-51.4,1,6830,-1.35,0.25,109.6,125.1,83.2,85.7,28.82,30.12,26.75,27.15
92.8,3492,87.6,45,0,-50.5,1,6836,-1.34,0.25,109.6,125.1,83.2,85.7,28.82,30.12,26.75,27.15
92.84,3493,87.7,45,0,-50.3,1,6842,-1.33,0.26,109.6,125.1,83.2,85.7,28.82,30.12,26.76,27.16
92.88,3494,87.8,46,0,-49.2,1,6848,-1.33,0.26,109.6,125.1,83.3,85.8,28.82,30.12,26.76,27.16
92.92,3495,87.9,46,0,-48.7,1,6854,-1.32,0.26,109.6,125.1,83.3,85.8,28.82,30.12,26.76,27.16
92.96,3496,87.9,47,0,-48.3,1,6860,-1.31,0.27,109.6,125.1,83.3,85.8,28.82,30.12,26.76,27.16
93,3497,88,47,0,-47.5,1,6866,-1.3,0.27,109.6,125.1,83.4,85.9,28.82,30.12,26.77,27.17
93.04,3498,88.1,48,0,-48.2,1,6872,-1.29,0.27,109.6,125.1,83.4,85.9,28.82,30.12,26.77,27.17
93.08,3499,88.2,48,0,-47.7,1,6878,-1.28,0.28,109.6,125.1,83.5,86,28.82,30.12,26.77,27.17
93.12,3500,88.3,49,0,-47.2,1,6884,-1.28,0.28,109.6,125.1,83.5,86,28.82,30.12,26.77,27.17
93.16,3501,88.3,49,0,-46,1,6891,-1.27,0.28,109.6,125.1,83.5,86,28.82,30.12,26.78,27.18
93.2,3502,88.4,50,0,-45.4,1,6897,-1.26,0.29,109.6,125.1,83.6,86.1,28.82,30.12,26.78,27.18
93.24,3503,88.5,50,0,-46,1,6904,-1.25,0.29,109.6,125.1,83.6,86.1,28.82,30.12,26.78,27.18
93.28,3504,88.6,51,0,-45.8,1,6910,-1.24,0.29,109.6,125.1,83.6,86.1,28.82,30.12,26.78,27.18
93.32,3505,88.7,51,0,-45,1,6917,-1.24,0.3,109.6,125.1,83.7,86.2,28.82,30.12,26.79,27.19
93.36,3506,88.8,52,0,-44.7,1,6923,-1.23,0.3,109.6,125.1,83.7,86.2,28.82,30.12,26.79,27.19
93.4,3507,88.8,53,0,-43.9,1,6930,-1.22,0.3,109.6,125.1,83.7,86.2,28.82,30.12,26.79,27.19
93.44,3508,88.9,53,0,-43.1,1,6937,-1.21,0.31,109.6,125.1,83.8,86.3,28.82,30.12,26.79,27.19
93.48,3509,89,54,0,-42.9,1,6944,-1.2,0.31,109.6,125.1,83.8,86.3,28.82,30.12,26.8,27.2
93.52,3510,89.1,54,0,-42.2,1,6950,-1.19,0.31,109.6,125.1,83.8,86.3,28.82,30.12,26.8,27.2
93.56,3511,89.2,55,0,-41.7,1,6957,-1.19,0.32,109.6,125.1,83.9,86.4,28.82,30.12,26.8,27.2
93.6,3512,89.3,55,0,-41.9,1,6964,-1.18,0.32,109.6,125.1,83.9,86.4,28.82,30.12,26.81,27.21
93.64,3513,89.4,56,0,-41.6,1,6972,-1.17,0.33,109.6,125.1,83.9,86.4,28.82,30.12,26.81,27.21
93.68,3514,89.5,56,0,-41.3,1,6979,-1.16,0.33,109.6,125.1,84,86.5,28.82,30.12,26.81,27.21
93.72,3515,89.6,57,0,-40.7,1,6986,-1.15,0.33,109.6,125.1,84,86.5,28.82,30.12,26.81,27.21
93.76,3516,89.7,57,0,-39.7,1,6993,-1.14,0.34,109.6,125.1,84,86.5,28.82,30.12,26.82,27.22
93.8,3517,89.7,58,0,-39.9,1,7000,-1.14,0.34,109.6,125.1,84.1,86.6,28.82,30.12,26.82,27.22
93.84,3518,89.8,58,0,-39.2,1,7008,-1.13,0.34,109.6,125.1,84.1,86.6,28.82,30.12,26.82,27.22
93.88,3519,89.9,59,0,-39,1,7015,-1.12,0.35,109.6,125.1,84.2,86.7,28.82,30.12,26.82,27.22
93.92,3520,90,59,0,-38.7,1,7023,-1.11,0.35,109.6,125.1,84.2,86.7,28.82,30.12,26.83,27.23
93.96,3521,90.1,60,0,-37.7,1,7030,-1.1,0.35,109.6,125.1,84.2,86.7,28.82,30.12,26.83,27.23
94,3522,90.2,60,0,-37,1,7038,-1.09,0.36,109.6,125.1,84.3,86.8,28.82,30.12,26.83,27.23
94.04,3523,90.3,61,0,-36.3,1,7045,-1.09,0.36,109.6,125.1,84.3,86.8,28.82,30.12,26.83,27.23
94.08,3524,90.4,61,0,-37,1,7053,-1.08,0.36,109.6,125.1,84.3,86.8,28.82,30.12,26.84,27.24
94.12,3525,90.5,62,0,-36.4,1,7061,-1.07,0.37,109.6,125.1,84.4,86.9,28.82,30.12,26.84,27.24
94.16,3526,90.6,62,0,-35.3,1,7068,-1.06,0.37,109.6,125.1,84.4,86.9,28.82,30.12,26.84,27.24
94.2,3527,90.7,63,0,-35.6,1,7076,-1.05,0.37,109.6,125.1,84.4,86.9,28.82,30.12,26.84,27.24
94.24,3528,90.8,63,0,-34.5,1,7084,-1.04,0.38,109.6,125.1,84.5,87,28.82,30.12,26.85,27.25
94.28,3529,90.9,64,0,-33.9,1,7092,-1.03,0.38,109.6,125.1,84.5,87,28.82,30.12,26.85,27.25
94.32,3530,91,64,0,-33.6,1,7100,-1.03,0.38,109.6,125.1,84.5,87,28.82,30.12,26.85,27.25
94.36,3531,91.1,65,0,-33.5,1,7108,-1.02,0.39,109.6,125.1,84.6,87.1,28.82,30.12,26.86,27.26
94.4,3532,91.2,65,0,-32.8,1,7116,-1.01,0.39,109.6,125.1,84.6,87.1,28.82,30.12,26.86,27.26
94.44,3533,91.3,66,0,-32.3,1,7124,-1,0.4,109.6,125.1,84.6,87.1,28.82,30.12,26.86,27.26
94.48,3534,91.4,66,0,-32.4,1,7133,-0.99,0.4,109.6,125.1,84.7,87.2,28.82,30.12,26.86,27.26
94.52,3535,91.6,67,0,-31.1,1,7141,-0.98,0.4,109.6,125.1,84.7,87.2,28.82,30.12,26.87,27.27
94.56,3536,91.7,67,0,-30.8,1,7149,-0.98,0.41,109.6,125.1,84.7,87.2,28.82,30.12,26.87,27.27
94.6,3537,91.8,68,0,-30.6,1,7158,-0.97,0.41,109.6,125.1,84.8,87.3,28.82,30.12,26.87,27.27
94.64,3538,91.9,68,0,-29.9,1,7166,-0.96,0.41,109.6,125.1,84.8,87.3,28.82,30.12,26.87,27.27
94.68,3539,92,69,0,-29.2,1,7175,-0.95,0.42,109.6,125.1,84.9,87.4,28.82,30.12,26.88,27.28
94.72,3540,92.1,69,0,-29.2,1,7183,-0.94,0.42,109.6,125.1,84.9,87.4,28.82,30.12,26.88,27.28
94.76,3541,92.2,70,0,-28.9,1,7192,-0.93,0.42,109.6,125.1,84.9,87.4,28.82,30.12,26.88,27.28
94.8,3542,92.3,70,0,-28.3,1,7200,-0.92,0.43,109.6,125.1,85,87.5,28.82,30.12,26.88,27.28
94.84,3543,92.4,71,0,-28.1,1,7209,-0.92,0.43,109.6,125.1,85,87.5,28.82,30.12,26.89,27.29
94.88,3544,92.5,71,0,-27.3,1,7218,-0.91,0.43,109.6,125.1,85,87.5,28.82,30.12,26.89,27.29
94.92,3545,92.6,72,0,-27.6,1,7226,-0.9,0.44,109.6,125.1,85.1,87.6,28.82,30.12,26.89,27.29
94.96,3546,92.8,72,0,-26.5,1,7235,-0.89,0.44,109.6,125.1,85.1,87.6,28.82,30.12,26.89,27.29
95,3547,92.9,73,0,-25.7,1,7244,-0.88,0.45,109.6,125.1,85.1,87.6,28.82,30.12,26.9,27.3
95.04,3549,93,73,0,-25.6,1,7253,-0.87,0.45,109.6,125.1,85.2,87.7,28.82,30.12,26.9,27.3
95.08,3550,93.1,74,0,-24.8,1,7262,-0.86,0.45,109.6,125.1,85.2,87.7,28.82,30.12,26.9,27.3
95.12,3551,93.2,74,0,-24.9,1,7271,-0.85,0.46,109.6,125.1,85.2,87.7,28.82,30.12,26.91,27.31
95.16,3552,93.3,75,0,-24.5,1,7280,-0.85,0.46,109.6,125.1,85.3,87.8,28.82,30.12,26.91,27.31
95.2,3553,93.5,75,0,-23.8,1,7289,-0.84,0.46,109.6,125.1,85.3,87.8,28.82,30.12,26.91,27.31
95.24,3554,93.6,76,0,-23.4,1,7298,-0.83,0.47,109.6,125.1,85.3,87.8,28.82,30.12,26.91,27.31
95.28,3555,93.7,76,0,-22.6,1,7308,-0.82,0.47,109.6,125.1,85.4,87.9,28.82,30.12,26.92,27.32
95.32,3556,93.8,77,0,-22.6,1,7317,-0.81,0.47,109.6,125.1,85.4,87.9,28.82,30.12,26.92,27.32
95.36,3557,93.9,77,0,-21.2,1,7326,-0.8,0.48,109.6,125.1,85.4,87.9,28.82,30.12,26.92,27.32
95.4,3558,94,78,0,-21.6,1,7336,-0.79,0.48,109.6,125.1,85.5,88,28.82,30.12,26.92,27.32
95.44,3559,94.2,78,0,-20.6,1,7345,-0.78,0.49,109.6,125.1,85.5,88,28.82,30.12,26.93,27.33
95.48,3560,94.3,79,0,-20.4,1,7355,-0.78,0.49,109.6,125.1,85.6,88.1,28.82,30.12,26.93,27.33
95.52,3561,94.4,79,0,-19.2,1,7364,-0.77,0.49,109.6,125.1,85.6,88.1,28.82,30.12,26.93,27.33
95.56,3562,94.5,80,0,-19.3,1,7374,-0.76,0.5,109.6,125.1,85.6,88.1,28.82,30.12,26.93,27.33
95.6,3563,94.7,80,0,-18.5,1,7383,-0.75,0.5,109.6,125.1,85.7,88.2,28.82,30.12,26.94,27.34
95.64,3564,94.8,81,0,-18.8,1,7393,-0.74,0.5,109.6,125.1,85.7,88.2,28.82,30.12,26.94,27.34
95.68,3565,94.9,81,0,-17.4,1,7403,-0.73,0.51,109.6,125.1,85.7,88.2,28.82,30.12,26.94,27.34
95.72,3566,95,82,0,-17.3,2,5417,-0.72,0.51,109.6,125.1,85.8,88.3,28.82,30.12,26.94,27.34
95.76,3567,95.2,82,0,-17.2,2,5424,-0.71,0.51,109.6,125.1,85.8,88.3,28.82,30.12,26.95,27.35
95.8,3568,95.3,83,0,-16.5,2,5431,-0.71,0.52,109.6,125.1,85.8,88.3,28.82,30.12,26.95,27.35
95.84,3569,95.4,83,0,-16.1,2,5438,-0.7,0.52,109.6,125.1,85.9,88.4,28.82,30.12,26.95,27.35
95.88,3570,95.5,84,0,-16.2,2,5446,-0.69,0.53,109.6,125.1,85.9,88.4,28.82,30.12,26.96,27.36
95.92,3572,95.7,84,0,-15.6,2,5453,-0.68,0.53,109.6,125.1,85.9,88.4,28.82,30.12,26.96,27.36
95.96,3573,95.8,85,0,-15.1,2,5460,-0.67,0.53,109.6,125.1,86,88.5,28.82,30.12,26.96,27.36
96,3574,95.9,85,0,-14.4,2,5468,-0.66,0.54,109.6,125.1,86,88.5,28.82,30.12,26.96,27.36
96.04,3575,96.1,86,0,-14.4,2,5475,-0.65,0.54,109.6,125.1,86,88.5,28.82,30.12,26.97,27.37
96.08,3576,96.2,86,0,-13.7,2,5482,-0.64,0.54,109.6,125.1,86.1,88.6,28.82,30.12,26.97,27.37
96.12,3577,96.3,87,0,-12.2,2,5490,-0.63,0.55,109.6,125.1,86.1,88.6,28.82,30.12,26.97,27.37
96.16,3578,96.4,87,0,-12,2,5497,-0.63,0.55,109.6,125.1,86.1,88.6,28.82,30.12,26.97,27.37
96.2,3579,96.6,88,0,-11.8,2,5505,-0.62,0.56,109.6,125.1,86.2,88.7,28.82,30.12,26.98,27.38
96.24,3580,96.7,88,0,-11.4,2,5512,-0.61,0.56,109.6,125.1,86.2,88.7,28.82,30.12,26.98,27.38
96.28,3581,96.8,89,0,-10.7,2,5520,-0.6,0.56,109.6,125.1,86.3,88.8,28.82,30.12,26.98,27.38
96.32,3582,97,89,0,-10.6,2,5528,-0.59,0.57,109.6,125.1,86.3,88.8,28.82,30.12,26.98,27.38
96.36,3583,97.1,90,0,-10.3,2,5535,-0.58,0.57,109.6,125.1,86.3,88.8,28.82,30.12,26.99,27.39
96.4,3584,97.2,90,0,-9.7,2,5543,-0.57,0.57,109.6,125.1,86.4,88.9,28.82,30.12,26.99,27.39
96.44,3585,97.4,91,0,-9.4,2,5551,-0.56,0.58,109.6,125.1,86.4,88.9,28.82,30.12,26.99,27.39
96.48,3587,97.5,91,0,-9.2,2,5558,-0.55,0.58,109.6,125.1,86.4,88.9,28.82,30.12,26.99,27.39
96.52,3588,97.7,92,0,-7.4,2,5566,-0.54,0.59,109.6,125.1,86.5,89,28.82,30.12,27,27.4
96.56,3589,97.8,92,0,-7.4,2,5574,-0.53,0.59,109.6,125.1,86.5,89,28.82,30.12,27,27.4
96.6,3590,97.9,93,0,-6.8,2,5582,-0.53,0.59,109.6,125.1,86.5,89,28.82,30.12,27,27.4
96.64,3591,98.1,93,0,-6.7,2,5590,-0.52,0.6,109.6,125.1,86.6,89.1,28.82,30.12,27,27.4
96.68,3592,98.2,94,0,-6,2,5598,-0.51,0.6,109.6,125.1,86.6,89.1,28.82,30.12,27.01,27.41
96.72,3593,98.3,94,0,-5.8,2,5606,-0.5,0.6,109.6,125.1,86.6,89.1,28.82,30.12,27.01,27.41
96.76,3594,98.5,95,0,-5.2,2,5614,-0.49,0.61,109.6,125.1,86.7,89.2,28.82,30.12,27.01,27.41
96.8,3595,98.6,95,0,-4.3,2,5622,-0.48,0.61,109.6,125.1,86.7,89.2,28.82,30.12,27.02,27.42
96.84,3596,98.8,96,0,-3.6,2,5630,-0.47,0.62,109.6,125.1,86.7,89.2,28.82,30.12,27.02,27.42
96.88,3597,98.9,96,0,-4,2,5638,-0.46,0.62,109.6,125.1,86.8,89.3,28.82,30.12,27.02,27.42
96.92,3599,99,97,0,-3,2,5646,-0.45,0.62,109.6,125.1,86.8,89.3,28.82,30.12,27.02,27.42
96.96,3600,99.2,97,0,-3,2,5654,-0.44,0.63,109.6,125.1,86.8,89.3,28.82,30.12,27.03,27.43
97,3601,99.3,98,0,-2.2,2,5662,-0.43,0.63,109.6,125.1,86.9,89.4,28.82,30.12,27.03,27.43
97.04,3602,99.5,98,0,-2.2,2,5670,-0.42,0.64,109.6,125.1,86.9,89.4,28.82,30.12,27.03,27.43
97.08,3603,99.6,99,0,-1.1,2,5678,-0.42,0.64,109.6,125.1,87,89.5,28.82,30.12,27.03,27.43
97.12,3604,99.8,99,0,-1.7,2,5687,-0.41,0.64,109.6,125.1,87,89.5,28.82,30.12,27.04,27.44
97.16,3605,99.9,100,0,-0.8,2,5695,-0.4,0.65,109.6,125.1,87,89.5,28.82,30.12,27.04,27.44
97.2,3606,100,100,0,0.3,2,5700,0,0.06,109.5,125,87,89.5,28.82,30.12,27.04,27.44
97.24,3607,100.1,100,0,0.5,2,5705,-0.06,0.06,109.5,125,87,89.5,28.81,30.11,27.04,27.44
97.28,3609,100.2,100,0,-0.3,2,5709,-0.01,0.06,109.5,125,87,89.5,28.81,30.11,27.04,27.44
97.32,3610,100.3,100,0,0.3,2,5714,-0.01,0.06,109.5,125,87,89.5,28.81,30.11,27.04,27.44
97.36,3611,100.3,100,0,-0.5,2,5719,0,0.06,109.5,125,87,89.5,28.81,30.11,27.03,27.43
97.4,3612,100.4,100,0,0.5,2,5724,-0.02,0.06,109.5,125,86.9,89.4,28.81,30.11,27.03,27.43
97.44,3613,100.5,100,0,0.2,2,5729,0.01,0.06,109.5,125,86.9,89.4,28.81,30.11,27.03,27.43
97.48,3614,100.6,100,0,-0.7,2,5733,0.01,0.06,109.5,125,86.9,89.4,28.81,30.11,27.03,27.43
97.52,3615,100.7,100,0,-0.4,2,5738,0.01,0.06,109.4,124.9,86.9,89.4,28.81,30.11,27.03,27.43
97.56,3616,100.8,100,0,1.1,2,5743,0,0.06,109.4,124.9,86.9,89.4,28.81,30.11,27.03,27.43
97.6,3617,100.8,100,0,-0.3,2,5748,-0.02,0.06,109.4,124.9,86.9,89.4,28.81,30.11,27.03,27.43
97.64,3619,100.9,100,0,0.2,2,5752,-0.01,0.06,109.4,124.9,86.9,89.4,28.81,30.11,27.03,27.43
97.68,3620,101,100,0,-0.5,2,5757,0.04,0.06,109.4,124.9,86.9,89.4,28.81,30.11,27.03,27.43
97.72,3621,101.1,100,0,0.1,2,5762,0,0.06,109.4,124.9,86.9,89.4,28.8,30.1,27.03,27.43
97.76,3622,101.2,100,0,0.5,2,5766,0.01,0.06,109.4,124.9,86.8,89.3,28.8,30.1,27.03,27.43
97.8,3623,101.2,100,0,0.5,2,5771,0.03,0.06,109.4,124.9,86.8,89.3,28.8,30.1,27.02,27.42
97.84,3624,101.3,100,0,0.3,2,5776,-0.01,0.06,109.4,124.9,86.8,89.3,28.8,30.1,27.02,27.42
97.88,3625,101.4,100,0,0.1,2,5780,0.01,0.06,109.3,124.8,86.8,89.3,28.8,30.1,27.02,27.42
97.92,3626,101.5,100,0,-0.4,2,5785,0.06,0.06,109.3,124.8,86.8,89.3,28.8,30.1,27.02,27.42
97.96,3628,101.6,100,0,0.1,2,5790,-0.01,0.06,109.3,124.8,86.8,89.3,28.8,30.1,27.02,27.42
98,3629,101.7,100,0,0.3,2,5794,-0.01,0.06,109.3,124.8,86.8,89.3,28.8,30.1,27.02,27.42
98.04,3630,101.7,100,0,0.7,2,5799,-0.05,0.06,109.3,124.8,86.8,89.3,28.8,30.1,27.02,27.42
98.08,3631,101.8,100,0,0.7,2,5804,0.02,0.06,109.3,124.8,86.7,89.2,28.8,30.1,27.02,27.42
98.12,3632,101.9,100,0,-0.8,2,5808,0.04,0.06,109.3,124.8,86.7,89.2,28.8,30.1,27.02,27.42
98.16,3633,102,100,0,0.2,2,5813,0.02,0.06,109.3,124.8,86.7,89.2,28.79,30.09,27.02,27.42
98.2,3634,102.1,100,0,-0.9,2,5817,0,0.06,109.2,124.7,86.7,89.2,28.79,30.09,27.02,27.42
98.24,3636,102.1,100,0,-0.1,2,5822,-0.01,0.06,109.2,124.7,86.7,89.2,28.79,30.09,27.01,27.41
98.28,3637,102.2,100,0,-0.2,2,5826,0,0.06,109.2,124.7,86.7,89.2,28.79,30.09,27.01,27.41
98.32,3638,102.3,100,0,0.4,2,5831,0.01,0.06,109.2,124.7,86.7,89.2,28.79,30.09,27.01,27.41
98.36,3639,102.4,100,0,0.4,2,5836,0.01,0.06,109.2,124.7,86.7,89.2,28.79,30.09,27.01,27.41
98.4,3640,102.5,100,0,-0.1,2,5840,0,0.06,109.2,124.7,86.6,89.1,28.79,30.09,27.01,27.41
98.44,3641,102.5,100,0,-0.2,2,5845,0.02,0.06,109.2,124.7,86.6,89.1,28.79,30.09,27.01,27.41
98.48,3642,102.6,100,0,0.2,2,5849,0.05,0.06,109.2,124.7,86.6,89.1,28.79,30.09,27.01,27.41
98.52,3643,102.7,100,0,0,2,5854,-0.01,0.06,109.1,124.6,86.6,89.1,28.79,30.09,27.01,27.41
98.56,3645,102.8,100,0,0,2,5858,0,0.06,109.1,124.6,86.6,89.1,28.79,30.09,27.01,27.41
98.6,3646,102.9,100,0,0.2,2,5862,0.03,0.06,109.1,124.6,86.6,89.1,28.78,30.08,27.01,27.41
98.64,3647,102.9,100,0,0.4,2,5867,-0.04,0.06,109.1,124.6,86.6,89.1,28.78,30.08,27.01,27.41
98.68,3648,103,100,0,-0.3,2,5871,0.02,0.06,109.1,124.6,86.6,89.1,28.78,30.08,27,27.4
98.72,3649,103.1,100,0,-0.2,2,5876,-0.02,0.06,109.1,124.6,86.6,89.1,28.78,30.08,27,27.4
98.76,3650,103.2,100,0,-1.1,2,5880,-0.02,0.05,109.1,124.6,86.5,89,28.78,30.08,27,27.4
98.8,3651,103.2,100,0,0.2,2,5885,0.03,0.05,109.1,124.6,86.5,89,28.78,30.08,27,27.4
98.84,3653,103.3,100,0,0.4,2,5889,0.01,0.05,109.1,124.6,86.5,89,28.78,30.08,27,27.4
98.88,3654,103.4,100,0,-0.3,2,5893,-0.03,0.05,109,124.5,86.5,89,28.78,30.08,27,27.4
98.92,3655,103.5,100,0,-0.2,2,5898,-0.02,0.05,109,124.5,86.5,89,28.78,30.08,27,27.4
98.96,3656,103.5,100,0,-0.1,2,5902,0,0.05,109,124.5,86.5,89,28.78,30.08,27,27.4
99,3657,103.6,100,0,0.4,2,5907,0.04,0.05,109,124.5,86.5,89,28.78,30.08,27,27.4
99.04,3658,103.7,100,0,-0.7,2,5911,0.02,0.05,109,124.5,86.5,89,28.77,30.07,27,27.4
99.08,3660,103.8,100,0,0.3,2,5915,-0.03,0.05,109,124.5,86.4,88.9,28.77,30.07,27,27.4
99.12,3661,103.9,100,0,-0.8,2,5920,-0.01,0.05,109,124.5,86.4,88.9,28.77,30.07,26.99,27.39
99.16,3662,103.9,100,0,-0.1,2,5924,-0.01,0.05,109,124.5,86.4,88.9,28.77,30.07,26.99,27.39
99.2,3663,104,100,0,0.1,2,5928,-0.01,0.05,108.9,124.4,86.4,88.9,28.77,30.07,26.99,27.39
99.24,3664,104.1,100,0,-0.3,2,5933,0.01,0.05,108.9,124.4,86.4,88.9,28.77,30.07,26.99,27.39
99.28,3665,104.2,100,0,-0.6,2,5937,-0.02,0.05,108.9,124.4,86.4,88.9,28.77,30.07,26.99,27.39
99.32,3666,104.2,100,0,-0.2,2,5941,0.03,0.05,108.9,124.4,86.4,88.9,28.77,30.07,26.99,27.39
99.36,3668,104.3,100,0,-0.9,2,5945,0.01,0.05,108.9,124.4,86.4,88.9,28.77,30.07,26.99,27.39
99.4,3669,104.4,100,0,-0.5,2,5950,0,0.05,108.9,124.4,86.3,88.8,28.77,30.07,26.99,27.39
99.44,3670,104.5,100,0,-0.4,2,5954,0.02,0.05,108.9,124.4,86.3,88.8,28.77,30.07,26.99,27.39
99.48,3671,104.5,100,0,-0.1,2,5958,0,0.05,108.9,124.4,86.3,88.8,28.76,30.06,26.99,27.39
99.52,3672,104.6,100,0,0.3,2,5962,0.02,0.05,108.8,124.3,86.3,88.8,28.76,30.06,26.99,27.39
99.56,3673,104.7,100,0,0.6,2,5967,0.02,0.05,108.8,124.3,86.3,88.8,28.76,30.06,26.99,27.39
99.6,3675,104.8,100,0,0.7,2,5971,-0.01,0.05,108.8,124.3,86.3,88.8,28.76,30.06,26.98,27.38
99.64,3676,104.8,100,0,-0.5,2,5975,0,0.05,108.8,124.3,86.3,88.8,28.76,30.06,26.98,27.38
99.68,3677,104.9,100,0,-0.2,2,5979,-0.01,0.05,108.8,124.3,86.3,88.8,28.76,30.06,26.98,27.38
99.72,3678,105,100,0,0.6,2,5983,-0.03,0.05,108.8,124.3,86.3,88.8,28.76,30.06,26.98,27.38
99.76,3679,105,100,0,0.2,2,5988,-0.01,0.05,108.8,124.3,86.2,88.7,28.76,30.06,26.98,27.38
99.8,3680,105.1,100,0,0.5,2,5992,-0.02,0.05,108.8,124.3,86.2,88.7,28.76,30.06,26.98,27.38
99.84,3682,105.2,100,0,0.2,2,5996,-0.02,0.05,108.8,124.3,86.2,88.7,28.76,30.06,26.98,27.38
99.88,3683,105.3,100,0,0,2,6000,-0.01,0.05,108.7,124.2,86.2,88.7,28.76,30.06,26.98,27.38
99.92,3684,105.3,100,0,0.1,2,6004,-0.01,0.05,108.7,124.2,86.2,88.7,28.75,30.05,26.98,27.38
99.96,3685,105.4,100,0,-0.6,2,6008,-0.02,0.05,108.7,124.2,86.2,88.7,28.75,30.05,26.98,27.38
100,3686,105.5,100,0,-0.2,2,6012,-0.01,0.05,108.7,124.2,86.2,88.7,28.75,30.05,26.98,27.38
100.04,3687,105.6,100,0,-0.1,2,6017,0.04,0.05,108.7,124.2,86.2,88.7,28.75,30.05,26.97,27.37
100.08,3689,105.6,100,0,-0.2,2,6021,-0.01,0.05,108.7,124.2,86.1,88.6,28.75,30.05,26.97,27.37
100.12,3690,105.7,100,0,-0.2,2,6025,0.01,0.05,108.7,124.2,86.1,88.6,28.75,30.05,26.97,27.37
100.16,3691,105.8,100,0,-0.3,2,6029,0,0.05,108.7,124.2,86.1,88.6,28.75,30.05,26.97,27.37
100.2,3692,105.8,100,0,0.4,2,6033,0,0.05,108.6,124.1,86.1,88.6,28.75,30.05,26.97,27.37
100.24,3693,105.9,100,0,0,2,6037,0.01,0.05,108.6,124.1,86.1,88.6,28.75,30.05,26.97,27.37
100.28,3694,106,100,0,0.5,2,6041,0.01,0.05,108.6,124.1,86.1,88.6,28.75,30.05,26.97,27.37
100.32,3696,106.1,100,0,-0.1,2,6045,0,0.05,108.6,124.1,86.1,88.6,28.75,30.05,26.97,27.37
100.36,3697,106.1,100,0,-0.2,2,6049,-0.01,0.05,108.6,124.1,86.1,88.6,28.74,30.04,26.97,27.37
100.4,3698,106.2,100,0,-1.1,2,6053,0.03,0.05,108.6,124.1,86,88.5,28.74,30.04,26.97,27.37
100.44,3699,106.3,100,0,-0.1,2,6057,0,0.05,108.6,124.1,86,88.5,28.74,30.04,26.97,27.37
100.48,3700,106.3,100,0,-0.3,2,6061,0.01,0.05,108.6,124.1,86,88.5,28.74,30.04,26.96,27.36
100.52,3702,106.4,100,0,0.4,2,6065,0.01,0.05,108.5,124,86,88.5,28.74,30.04,26.96,27.36
100.56,3703,106.5,100,0,-0.2,2,6069,0.01,0.05,108.5,124,86,88.5,28.74,30.04,26.96,27.36
100.6,3704,106.5,100,0,0.2,2,6073,0.01,0.05,108.5,124,86,88.5,28.74,30.04,26.96,27.36
100.64,3705,106.6,100,0,0.5,2,6077,-0.02,0.05,108.5,124,86,88.5,28.74,30.04,26.96,27.36
100.68,3706,106.7,100,0,0.1,2,6081,0.03,0.05,108.5,124,86,88.5,28.74,30.04,26.96,27.36
100.72,3707,106.8,100,0,0.4,2,6085,0,0.05,108.5,124,86,88.5,28.74,30.04,26.96,27.36
100.76,3709,106.8,100,0,0.3,2,6089,-0.01,0.05,108.5,124,85.9,88.4,28.74,30.04,26.96,27.36
100.8,3710,106.9,100,0,0.4,2,6093,0.02,0.05,108.5,124,85.9,88.4,28.73,30.03,26.96,27.36
100.84,3711,107,100,0,0.1,2,6097,0.01,0.05,108.5,124,85.9,88.4,28.73,30.03,26.96,27.36
100.88,3712,107,100,0,-0.1,2,6101,-0.05,0.05,108.4,123.9,85.9,88.4,28.73,30.03,26.96,27.36
100.92,3713,107.1,100,0,-0.3,2,6105,0.05,0.05,108.4,123.9,85.9,88.4,28.73,30.03,26.95,27.35
100.96,3715,107.2,100,0,-0.1,2,6109,0,0.05,108.4,123.9,85.9,88.4,28.73,30.03,26.95,27.35
101,3716,107.2,100,0,-0.1,2,6113,0,0.05,108.4,123.9,85.9,88.4,28.73,30.03,26.95,27.35
101.04,3717,107.3,100,0,-1.1,2,6116,-0.02,0.05,108.4,123.9,85.9,88.4,28.73,30.03,26.95,27.35
101.08,3718,107.4,100,0,-0.4,2,6120,0,0.05,108.4,123.9,85.8,88.3,28.73,30.03,26.95,27.35
101.12,3719,107.4,100,0,-0.4,2,6124,-0.01,0.05,108.4,123.9,85.8,88.3,28.73,30.03,26.95,27.35
101.16,3721,107.5,100,0,-0.2,2,6128,0,0.05,108.4,123.9,85.8,88.3,28.73,30.03,26.95,27.35
101.2,3722,107.6,100,0,-0.6,2,6132,-0.01,0.05,108.3,123.8,85.8,88.3,28.73,30.03,26.95,27.35
101.24,3723,107.6,100,0,0,2,6136,-0.01,0.05,108.3,123.8,85.8,88.3,28.72,30.02,26.95,27.35
101.28,3724,107.7,100,0,0.7,2,6140,0.01,0.05,108.3,123.8,85.8,88.3,28.72,30.02,26.95,27.35
101.32,3725,107.8,100,0,0.3,2,6143,0.01,0.05,108.3,123.8,85.8,88.3,28.72,30.02,26.95,27.35
101.36,3727,107.8,100,0,0.2,2,6147,-0.01,0.05,108.3,123.8,85.8,88.3,28.72,30.02,26.94,27.34
101.4,3728,107.9,100,0,-0.1,2,6151,0,0.05,108.3,123.8,85.7,88.2,28.72,30.02,26.94,27.34
101.44,3729,108,100,0,-0.3,2,6155,0.02,0.05,108.3,123.8,85.7,88.2,28.72,30.02,26.94,27.34
101.48,3730,108,100,0,0,2,6159,0.01,0.05,108.3,123.8,85.7,88.2,28.72,30.02,26.94,27.34
101.52,3731,108.1,100,0,-0.8,2,6162,0.02,0.05,108.2,123.7,85.7,88.2,28.72,30.02,26.94,27.34
101.56,3733,108.2,100,0,-0.5,2,6166,-0.01,0.05,108.2,123.7,85.7,88.2,28.72,30.02,26.94,27.34
101.6,3734,108.2,100,0,0.2,2,6170,0,0.05,108.2,123.7,85.7,88.2,28.72,30.02,26.94,27.34
101.64,3735,108.3,100,0,-1.1,2,6174,-0.01,0.05,108.2,123.7,85.7,88.2,28.72,30.02,26.94,27.34
101.68,3736,108.4,100,0,0.3,2,6177,0.06,0.05,108.2,123.7,85.7,88.2,28.72,30.02,26.94,27.34
101.72,3737,108.4,100,0,-0.2,2,6181,-0.02,0.05,108.2,123.7,85.7,88.2,28.71,30.01,26.94,27.34
101.76,3739,108.5,100,0,-0.2,2,6185,-0.01,0.05,108.2,123.7,85.6,88.1,28.71,30.01,26.94,27.34
101.8,3740,108.6,100,0,-0.6,2,6189,0,0.05,108.2,123.7,85.6,88.1,28.71,30.01,26.93,27.33
101.84,3741,108.6,100,0,0.5,2,6192,-0.03,0.05,108.2,123.7,85.6,88.1,28.71,30.01,26.93,27.33
101.88,3742,108.7,100,0,-0.4,2,6196,-0.01,0.05,108.1,123.6,85.6,88.1,28.71,30.01,26.93,27.33
101.92,3743,108.8,100,0,0.3,2,6200,0,0.05,108.1,123.6,85.6,88.1,28.71,30.01,26.93,27.33
101.96,3745,108.8,100,0,-0.6,2,6203,-0.02,0.05,108.1,123.6,85.6,88.1,28.71,30.01,26.93,27.33
102,3746,108.9,100,0,0.4,2,6207,-0.03,0.05,108.1,123.6,85.6,88.1,28.71,30.01,26.93,27.33
102.04,3747,109,100,0,-0.3,2,6211,0,0.05,108.1,123.6,85.6,88.1,28.71,30.01,26.93,27.33
102.08,3748,109,100,0,-0.3,2,6214,-0.01,0.05,108.1,123.6,85.5,88,28.71,30.01,26.93,27.33
102.12,3749,109.1,100,0,0.6,2,6218,0.01,0.05,108.1,123.6,85.5,88,28.71,30.01,26.93,27.33
102.16,3751,109.2,100,0,-0.1,2,6222,0,0.05,108.1,123.6,85.5,88,28.7,30,26.93,27.33
102.2,3752,109.2,100,0,-0.5,2,6225,-0.02,0.05,108,123.5,85.5,88,28.7,30,26.93,27.33
102.24,3753,109.3,100,0,0.4,2,6229,0,0.05,108,123.5,85.5,88,28.7,30,26.92,27.32
102.28,3754,109.3,100,0,-0.4,2,6233,0,0.05,108,123.5,85.5,88,28.7,30,26.92,27.32
102.32,3755,109.4,100,0,-0.4,2,6236,0.03,0.04,108,123.5,85.5,88,28.7,30,26.92,27.32
102.36,3757,109.5,100,0,-0.2,2,6240,0.03,0.04,108,123.5,85.5,88,28.7,30,26.92,27.32
102.4,3758,109.5,100,0,-0.1,2,6244,-0.02,0.04,108,123.5,85.4,87.9,28.7,30,26.92,27.32
102.44,3759,109.6,100,0,-0.2,2,6247,0,0.04,108,123.5,85.4,87.9,28.7,30,26.92,27.32
102.48,3760,109.7,100,0,0,2,6251,-0.01,0.04,108,123.5,85.4,87.9,28.7,30,26.92,27.32
102.52,3762,109.7,100,0,-0.3,2,6254,-0.01,0.04,107.9,123.4,85.4,87.9,28.7,30,26.92,27.32
102.56,3763,109.8,100,0,-0.1,2,6258,0.02,0.04,107.9,123.4,85.4,87.9,28.7,30,26.92,27.32
102.6,3764,109.8,100,0,0,2,6261,-0.02,0.04,107.9,123.4,85.4,87.9,28.69,29.99,26.92,27.32
102.64,3765,109.9,100,0,-0.8,2,6265,0.01,0.04,107.9,123.4,85.4,87.9,28.69,29.99,26.92,27.32
102.68,3766,110,100,0,-0.3,2,6269,0,0.04,107.9,123.4,85.4,87.9,28.69,29.99,26.91,27.31
102.72,3768,110,100,0,0.4,2,6272,-0.01,0.04,107.9,123.4,85.4,87.9,28.69,29.99,26.91,27.31
102.76,3769,110.1,100,0,0.8,2,6276,-0.01,0.04,107.9,123.4,85.3,87.8,28.69,29.99,26.91,27.31
102.8,3770,110.2,100,0,-0.3,2,6279,0.02,0.04,107.9,123.4,85.3,87.8,28.69,29.99,26.91,27.31
102.84,3771,110.2,100,0,0.1,2,6283,0.04,0.04,107.9,123.4,85.3,87.8,28.69,29.99,26.91,27.31
102.88,3773,194.5,0,1,1,4,7002,0,-1.85,108,123.4,85.3,87.8,28.7,29.99,26.91,27.31
102.92,3775,194.5,0,3,-0.1,4,7002,0,-1.85,108.1,123.4,85.3,87.8,28.71,29.99,26.91,27.31
102.96,3777,194.5,0,6,0.6,4,7002,0,-1.85,108.2,123.5,85.3,87.8,28.72,30,26.91,27.31
103,3779,194.5,0,8,0.2,4,7002,0,-1.85,108.3,123.5,85.3,87.8,28.72,30,26.91,27.31
103.04,3781,194.5,0,10,0.6,4,7002,0,-1.85,108.5,123.6,85.3,87.8,28.73,30,26.91,27.31
103.08,3783,194.5,0,13,-1.2,4,7002,0,-1.85,108.6,123.6,85.3,87.8,28.74,30.01,26.91,27.31
103.12,3786,194.5,0,15,-0.3,4,7002,0,-1.85,108.7,123.6,85.3,87.8,28.75,30.01,26.91,27.31
103.16,3788,194.5,0,18,-0.8,4,7002,0,-1.85,108.8,123.7,85.3,87.8,28.76,30.01,26.91,27.31
103.2,3790,194.5,0,20,1.5,4,7002,0,-1.85,108.9,123.7,85.3,87.8,28.77,30.02,26.91,27.31
103.24,3792,194.5,0,23,0.6,4,7002,0,-1.85,109.1,123.8,85.3,87.8,28.78,30.02,26.91,27.31
103.28,3794,194.5,0,25,0.2,4,7002,0,-1.85,109.2,123.8,85.3,87.8,28.79,30.02,26.91,27.31
103.32,3796,194.5,0,25,0.2,4,7002,0,-1.85,109.3,123.8,85.3,87.8,28.8,30.02,26.91,27.31
103.36,3799,194.5,0,25,0.2,4,7002,0,-1.85,109.4,123.9,85.3,87.8,28.81,30.03,26.91,27.31
103.4,3801,194.5,0,25,0.4,4,7002,0,-1.85,109.5,123.9,85.3,87.8,28.81,30.03,26.91,27.31
103.44,3803,194.5,0,25,0.3,4,7002,0,-1.85,109.7,124,85.3,87.8,28.82,30.03,26.91,27.31
103.48,3805,194.5,0,25,0.7,4,7002,0,-1.85,109.8,124,85.3,87.8,28.83,30.04,26.91,27.31
103.52,3807,194.5,0,25,0.6,4,7002,0,-1.85,109.9,124,85.3,87.8,28.84,30.04,26.91,27.31
103.56,3809,194.5,0,25,0.1,4,7002,0,-1.85,110,124.1,85.3,87.8,28.85,30.04,26.91,27.31
103.6,3811,194.5,0,25,0.5,4,7002,0,-1.85,110.1,124.1,85.3,87.8,28.86,30.05,26.91,27.31
103.64,3814,194.5,0,25,-0.7,4,7002,0,-1.85,110.3,124.2,85.3,87.8,28.87,30.05,26.91,27.31
103.68,3816,194.5,0,25,0.5,4,7002,0,-1.85,110.4,124.2,85.3,87.8,28.88,30.05,26.91,27.31
103.72,3818,194.5,0,25,0.4,4,7002,0,-1.85,110.5,124.2,85.3,87.8,28.89,30.05,26.91,27.31
103.76,3820,194.5,0,25,-1.3,4,7002,0,-1.85,110.6,124.3,85.3,87.8,28.9,30.06,26.91,27.31
103.8,3822,194.5,0,25,0.5,4,7002,0,-1.85,110.7,124.3,85.3,87.8,28.9,30.06,26.91,27.31
103.84,3824,194.5,0,25,-1.1,4,7002,0,-1.85,110.9,124.4,85.3,87.8,28.91,30.06,26.91,27.31
103.88,3827,194.5,0,25,-0.4,4,7002,0,-1.85,111,124.4,85.3,87.8,28.92,30.07,26.91,27.31
103.92,3829,194.5,0,25,-0.2,4,7002,0,-1.85,111.1,124.4,85.3,87.8,28.93,30.07,26.91,27.31
103.96,3831,194.5,0,25,0.6,4,7002,0,-1.85,111.2,124.5,85.3,87.8,28.94,30.07,26.91,27.31
104,3833,194.5,0,25,0.4,4,7002,0,-1.85,111.3,124.5,85.3,87.8,28.95,30.08,26.91,27.31
104.04,3835,194.5,0,25,0.2,4,7002,0,-1.85,111.5,124.6,85.3,87.8,28.96,30.08,26.91,27.31
104.08,3837,194.5,0,25,-0.1,4,7002,0,-1.85,111.6,124.6,85.3,87.8,28.97,30.08,26.91,27.31
104.12,3840,194.5,0,25,0.7,4,7002,0.03,-1.38,111.7,124.6,85.3,87.8,28.98,30.08,26.91,27.31
104.16,3842,194.5,0,24,2.4,4,7002,0.08,-1.35,111.8,124.7,85.3,87.8,28.99,30.09,26.91,27.31
104.2,3844,194.5,0,23,3.6,4,7002,0.14,-1.31,111.9,124.7,85.3,87.8,28.99,30.09,26.91,27.31
104.24,3846,194.5,0,22,5.7,4,7002,0.19,-1.27,112.1,124.8,85.3,87.8,29,30.09,26.91,27.31
104.28,3848,194.5,0,21,6.6,4,7002,0.25,-1.23,112.2,124.8,85.3,87.8,29.01,30.1,26.91,27.31
104.32,3850,194.5,0,20,9.6,4,7002,0.3,-1.2,112.3,124.8,85.3,87.8,29.02,30.1,26.91,27.31
104.36,3853,194.5,0,19,11.1,4,7002,0.36,-1.16,112.4,124.9,85.3,87.8,29.03,30.1,26.91,27.31
104.4,3855,194.5,0,18,13,4,7002,0.42,-1.12,112.5,124.9,85.3,87.8,29.04,30.11,26.91,27.31
104.44,3857,194.5,0,18,14.3,4,7002,0.47,-1.09,112.7,125,85.3,87.8,29.05,30.11,26.91,27.31
104.48,3859,194.5,0,17,16.5,4,7002,0.53,-1.05,112.8,125,85.3,87.8,29.06,30.11,26.91,27.31
104.52,3861,194.5,0,16,17.4,4,7002,0.58,-1.01,112.9,125,85.3,87.8,29.07,30.11,26.91,27.31
104.56,3863,194.5,0,15,18.8,4,7002,0.64,-0.97,113,125.1,85.3,87.8,29.08,30.12,26.91,27.31
104.6,3866,194.5,0,14,21,4,7002,0.69,-0.94,113.1,125.1,85.3,87.8,29.08,30.12,26.91,27.31
104.64,3868,194.5,0,13,21.8,4,7002,0.75,-0.9,113.3,125.2,85.3,87.8,29.09,30.12,26.91,27.31
104.68,3870,194.5,0,13,23.5,4,7002,0.81,-0.86,113.4,125.2,85.3,87.8,29.1,30.13,26.91,27.31
104.72,3872,194.5,0,12,24.4,4,7002,0.86,-0.83,113.5,125.2,85.3,87.8,29.11,30.13,26.91,27.31
104.76,3874,194.5,0,11,26.3,4,7002,0.92,-0.79,113.6,125.3,85.3,87.8,29.12,30.13,26.91,27.31
104.8,3876,194.5,0,10,27.8,4,7002,0.97,-0.75,113.7,125.3,85.3,87.8,29.13,30.14,26.91,27.31
104.84,3878,194.5,0,10,29.5,4,7002,1.03,-0.71,113.9,125.4,85.3,87.8,29.14,30.14,26.91,27.31
104.88,3881,194.5,0,9,30.6,4,7002,1.08,-0.68,114,125.4,85.3,87.8,29.15,30.14,26.91,27.31
104.92,3883,194.5,0,8,31,4,7002,1.14,-0.64,114.1,125.4,85.3,87.8,29.16,30.14,26.91,27.31
104.96,3885,194.5,0,8,32,4,7002,1.2,-0.6,114.2,125.5,85.3,87.8,29.17,30.15,26.91,27.31
105,3887,194.5,0,7,34,4,7002,1.25,-0.57,114.3,125.5,85.3,87.8,29.17,30.15,26.91,27.31
105.04,3889,194.5,0,6,34.3,4,7002,1.31,-0.53,114.5,125.6,85.3,87.8,29.18,30.15,26.91,27.31
105.08,3891,194.5,0,6,35.4,4,7002,1.36,-0.49,114.6,125.6,85.3,87.8,29.19,30.16,26.91,27.31
105.12,3894,194.5,0,5,36,4,7002,1.42,-0.45,114.7,125.6,85.3,87.8,29.2,30.16,26.91,27.31
105.16,3896,194.5,0,5,37.6,4,7002,1.47,-0.42,114.8,125.7,85.3,87.8,29.21,30.16,26.91,27.31
105.2,3898,194.5,0,4,37.1,4,7002,1.53,-0.38,114.9,125.7,85.3,87.8,29.22,30.17,26.91,27.31
105.24,3900,194.5,0,3,38.6,4,7002,1.59,-0.34,115.1,125.8,85.3,87.8,29.23,30.17,26.91,27.31
105.28,3902,194.5,0,3,38.4,4,7002,1.64,-0.31,115.2,125.8,85.3,87.8,29.24,30.17,26.91,27.31
105.32,3904,194.5,0,2,40.1,4,7002,1.7,-0.27,115.3,125.8,85.3,87.8,29.25,30.17,26.91,27.31
105.36,3907,194.5,0,2,40.1,4,7002,1.75,-0.23,115.4,125.9,85.3,87.8,29.26,30.18,26.91,27.31
105.4,3909,194.5,0,2,39.5,4,7002,1.81,-0.19,115.5,125.9,85.3,87.8,29.26,30.18,26.91,27.31
105.44,3911,194.5,0,1,40.7,4,7002,1.87,-0.16,115.7,126,85.3,87.8,29.27,30.18,26.91,27.31
105.48,3913,194.5,0,1,40.8,4,7002,1.92,-0.12,115.8,126,85.3,87.8,29.28,30.19,26.91,27.31
105.52,3915,194.5,0,0,41.4,4,7002,1.98,-0.08,115.9,126,85.3,87.8,29.29,30.19,26.91,27.31
105.56,3917,194.5,0,0,42,4,7002,2.03,-0.05,116,126.1,85.3,87.8,29.3,30.19,26.91,27.31
105.6,3920,194.5,0,0,40.3,4,7002,2.09,-0.01,116.1,126.1,85.3,87.8,29.31,30.2,26.91,27.31
105.64,3922,194.5,2,0,40.6,4,7002,1.93,0.01,116.1,126.1,85.4,87.9,29.31,30.2,26.91,27.31
105.68,3924,194.5,5,0,40.4,4,7002,1.91,0.02,116.1,126.1,85.4,87.9,29.31,30.2,26.92,27.32
105.72,3926,194.5,7,0,38.7,4,7002,1.88,0.03,116.1,126.1,85.4,87.9,29.31,30.2,26.92,27.32
105.76,3928,194.5,9,0,38.7,4,7003,1.86,0.04,116.1,126.1,85.5,88,29.31,30.2,26.92,27.32
105.8,3930,194.5,11,0,38.1,4,7003,1.83,0.05,116.1,126.1,85.5,88,29.31,30.2,26.92,27.32
105.84,3933,194.5,13,0,37,4,7003,1.81,0.06,116.1,126.1,85.5,88,29.31,30.2,26.93,27.33
105.88,3935,194.5,15,0,36.9,4,7004,1.78,0.07,116.1,126.1,85.6,88.1,29.31,30.2,26.93,27.33
105.92,3937,194.6,17,0,35.7,4,7004,1.76,0.08,116.1,126.1,85.6,88.1,29.31,30.2,26.93,27.33
105.96,3939,194.6,19,0,36.2,4,7005,1.73,0.09,116.1,126.1,85.6,88.1,29.31,30.2,26.93,27.33
106,3941,194.6,21,0,34.9,4,7005,1.71,0.1,116.1,126.1,85.7,88.2,29.31,30.2,26.94,27.34
106.04,3943,194.6,22,0,34.4,4,7006,1.68,0.11,116.1,126.1,85.7,88.2,29.31,30.2,26.94,27.34
106.08,3945,194.6,24,0,33.5,4,7006,1.66,0.12,116.1,126.1,85.7,88.2,29.31,30.2,26.94,27.34
106.12,3948,194.6,26,0,32.9,4,7007,1.63,0.13,116.1,126.1,85.8,88.3,29.31,30.2,26.95,27.35
106.16,3950,194.7,28,0,32.9,4,7008,1.61,0.14,116.1,126.1,85.8,88.3,29.31,30.2,26.95,27.35
106.2,3952,194.7,29,0,31.6,4,7009,1.58,0.15,116.1,126.1,85.8,88.3,29.31,30.2,26.95,27.35
106.24,3954,194.7,31,0,31.4,4,7009,1.56,0.16,116.1,126.1,85.9,88.4,29.31,30.2,26.95,27.35
106.28,3956,194.7,33,0,29.7,4,7010,1.53,0.17,116.1,126.1,85.9,88.4,29.31,30.2,26.96,27.36
106.32,3958,194.8,34,0,30.4,4,7011,1.51,0.18,116.1,126.1,85.9,88.4,29.31,30.2,26.96,27.36
106.36,3961,194.8,36,0,29.1,4,7012,1.48,0.19,116.1,126.1,86,88.5,29.31,30.2,26.96,27.36
106.4,3963,194.8,37,0,28.4,4,7013,1.46,0.2,116.1,126.1,86,88.5,29.31,30.2,26.96,27.36
106.44,3965,194.8,39,0,26.9,4,7014,1.43,0.21,116.1,126.1,86.1,88.6,29.31,30.2,26.97,27.37
106.48,3967,194.9,41,0,27.2,4,7015,1.41,0.23,116.1,126.1,86.1,88.6,29.31,30.2,26.97,27.37
106.52,3969,194.9,42,0,26.7,4,7017,1.38,0.24,116.1,126.1,86.1,88.6,29.31,30.2,26.97,27.37
106.56,3971,194.9,44,0,25.8,4,7018,1.36,0.25,116.1,126.1,86.2,88.7,29.31,30.2,26.97,27.37
106.6,3974,195,45,0,24.6,4,7019,1.34,0.26,116.1,126.1,86.2,88.7,29.31,30.2,26.98,27.38
106.64,3976,195,47,0,24.3,4,7020,1.31,0.27,116.1,126.1,86.2,88.7,29.31,30.2,26.98,27.38
106.68,3978,195,48,0,23.7,4,7021,1.29,0.28,116.1,126.1,86.3,88.8,29.31,30.2,26.98,27.38
106.72,3980,195.1,50,0,23.4,4,7023,1.26,0.29,116.1,126.1,86.3,88.8,29.31,30.2,26.98,27.38
106.76,3982,195.1,51,0,22,4,7024,1.24,0.3,116.1,126.1,86.3,88.8,29.31,30.2,26.99,27.39
106.8,3984,195.2,53,0,22,4,7026,1.21,0.31,116.1,126.1,86.4,88.9,29.31,30.2,26.99,27.39
106.84,3987,195.2,55,0,20.8,4,7027,1.19,0.32,116.1,126.1,86.4,88.9,29.31,30.2,26.99,27.39
106.88,3989,195.2,56,0,19.7,4,7029,1.16,0.33,116.1,126.1,86.4,88.9,29.31,30.2,27,27.4
106.92,3991,195.3,58,0,20.4,4,7030,1.14,0.34,116.1,126.1,86.5,89,29.31,30.2,27,27.4
106.96,3993,195.3,59,0,20,4,7032,1.11,0.35,116.1,126.1,86.5,89,29.31,30.2,27,27.4
107,3995,195.4,60,0,18.7,4,7033,1.09,0.36,116.1,126.1,86.5,89,29.31,30.2,27,27.4
107.04,3997,195.4,62,0,18.3,4,7035,1.06,0.37,116.1,126.1,86.6,89.1,29.31,30.2,27.01,27.41
107.08,4000,195.5,63,0,16.7,4,7037,1.04,0.38,116.1,126.1,86.6,89.1,29.31,30.2,27.01,27.41
107.12,4002,195.5,65,0,16.6,4,7038,1.01,0.39,116.1,126.1,86.6,89.1,29.31,30.2,27.01,27.41
107.16,4004,195.6,66,0,16.6,4,7040,0.99,0.4,116.1,126.1,86.7,89.2,29.31,30.2,27.01,27.41
107.2,4006,195.6,68,0,15.3,4,7042,0.96,0.41,116.1,126.1,86.7,89.2,29.31,30.2,27.02,27.42
107.24,4008,195.7,69,0,15,4,7044,0.94,0.42,116.1,126.1,86.8,89.3,29.31,30.2,27.02,27.42
107.28,4010,195.7,71,0,13,4,7046,0.91,0.43,116.1,126.1,86.8,89.3,29.31,30.2,27.02,27.42
107.32,4013,195.8,72,0,13.1,4,7048,0.89,0.44,116.1,126.1,86.8,89.3,29.31,30.2,27.02,27.42
107.36,4015,195.8,74,0,12.8,4,7050,0.86,0.45,116.1,126.1,86.9,89.4,29.31,30.2,27.03,27.43
107.4,4017,195.9,75,0,11.9,4,7052,0.84,0.46,116.1,126.1,86.9,89.4,29.31,30.2,27.03,27.43
107.44,4019,195.9,76,0,10.4,4,7054,0.81,0.47,116.1,126.1,86.9,89.4,29.31,30.2,27.03,27.43
107.48,4021,196,78,0,10.2,4,7056,0.79,0.48,116.1,126.1,87,89.5,29.31,30.2,27.03,27.43
107.52,4024,196,79,0,10,4,7058,0.76,0.49,116.1,126.1,87,89.5,29.31,30.2,27.04,27.44
107.56,4026,196.1,81,0,9.1,4,7060,0.74,0.51,116.1,126.1,87,89.5,29.31,30.2,27.04,27.44
107.6,4028,196.2,82,0,8.4,4,7062,0.71,0.52,116.1,126.1,87.1,89.6,29.31,30.2,27.04,27.44
107.64,4030,196.2,84,0,7.4,4,7064,0.69,0.53,116.1,126.1,87.1,89.6,29.31,30.2,27.05,27.45
107.68,4032,196.3,85,0,6.9,4,7067,0.66,0.54,116.1,126.1,87.1,89.6,29.31,30.2,27.05,27.45
107.72,4034,196.4,86,0,6.4,4,7069,0.64,0.55,116.1,126.1,87.2,89.7,29.31,30.2,27.05,27.45
107.76,4037,196.4,88,0,5.3,4,7071,0.61,0.56,116.1,126.1,87.2,89.7,29.31,30.2,27.05,27.45
107.8,4039,196.5,89,0,5.7,4,7074,0.59,0.57,116.1,126.1,87.2,89.7,29.31,30.2,27.06,27.46
107.84,4041,196.6,91,0,4.5,4,7076,0.56,0.58,116.1,126.1,87.3,89.8,29.31,30.2,27.06,27.46
107.88,4043,196.6,92,0,3.5,4,7079,0.54,0.59,116.1,126.1,87.3,89.8,29.31,30.2,27.06,27.46
107.92,4045,196.7,93,0,3.2,4,7081,0.51,0.6,116.1,126.1,87.3,89.8,29.31,30.2,27.06,27.46
107.96,4048,196.8,95,0,2.6,4,7084,0.49,0.61,116.1,126.1,87.4,89.9,29.31,30.2,27.07,27.47
108,4050,196.8,96,0,2.4,4,7086,0.46,0.62,116.1,126.1,87.4,89.9,29.31,30.2,27.07,27.47
108.04,4052,196.9,97,0,1.5,4,7089,0.44,0.63,116.1,126.1,87.5,90,29.31,30.2,27.07,27.47
108.08,4054,197,99,0,1.2,4,7091,0.41,0.64,116.1,126.1,87.5,90,29.31,30.2,27.07,27.47
108.12,4056,197,100,0,-0.7,4,7093,-0.01,0.04,116.1,126.1,87.5,90,29.31,30.2,27.07,27.47
108.16,4058,197.1,100,0,-0.3,4,7095,0.02,0.04,116.1,126.1,87.5,90,29.31,30.19,27.07,27.47
108.2,4061,197.2,100,0,0.3,4,7097,-0.01,0.04,116.1,126.1,87.5,90,29.31,30.19,27.07,27.47
108.24,4063,197.2,100,0,-0.3,4,7100,0.02,0.04,116.1,126.1,87.4,89.9,29.31,30.19,27.07,27.47
108.28,4065,197.3,100,0,0.1,4,7102,0.04,0.04,116.1,126.1,87.4,89.9,29.31,30.19,27.07,27.47
108.32,4067,197.3,100,0,0.3,4,7104,0.01,0.04,116.1,126,87.4,89.9,29.3,30.19,27.07,27.47
108.36,4069,197.4,100,0,0,4,7106,-0.01,0.04,116,126,87.4,89.9,29.3,30.19,27.07,27.47
108.4,4072,197.4,100,0,0.2,4,7108,0.04,0.04,116,126,87.4,89.9,29.3,30.19,27.07,27.47
108.44,4074,197.5,100,0,0.9,4,7110,0,0.04,116,126,87.4,89.9,29.3,30.19,27.07,27.47
108.48,4076,197.6,100,0,0.3,4,7112,0.03,0.04,116,126,87.4,89.9,29.3,30.19,27.07,27.47
108.52,4078,197.6,100,0,-0.1,4,7114,0,0.04,116,126,87.4,89.9,29.3,30.19,27.06,27.46
108.56,4080,197.7,100,0,0.3,4,7116,-0.01,0.04,116,126,87.3,89.8,29.3,30.19,27.06,27.46
108.6,4083,197.7,100,0,-0.3,4,7118,-0.02,0.04,116,126,87.3,89.8,29.3,30.18,27.06,27.46
108.64,4085,197.8,100,0,0.5,4,7120,0,0.04,116,125.9,87.3,89.8,29.3,30.18,27.06,27.46
108.68,4087,197.8,100,0,0.3,4,7122,0,0.04,116,125.9,87.3,89.8,29.3,30.18,27.06,27.46