Time,Distance,Speed,Throttle,Brake,Steering,Gear,RPM,LatG,LongG,TyreTemp_FL,TyreTemp_FR,TyreTemp_RL,TyreTemp_RR,Press_FL,Press_FR,Press_RL,Press_RR
0,0,180.1,100,0,-0.1,4,10443,0.01,0.04,95,98.5,91,94.2,22.8,23.2,20.8,21.2
0.04,2,180.1,100,0,-0.2,4,10447,-0.02,0.04,95,98.5,91,94.2,22.8,23.2,20.8,21.2
0.08,4,180.2,100,0,-0.4,4,10450,-0.02,0.04,95,98.5,91,94.2,22.8,23.2,20.8,21.2
0.12,6,180.2,100,0,-0.2,4,10453,-0.01,0.04,95,98.5,91,94.2,22.8,23.2,20.8,21.2
0.16,8,180.3,100,0,0.2,4,10457,0.01,0.04,94.9,98.4,90.9,94.1,22.8,23.2,20.8,21.2
0.2,10,180.3,100,0,-0.6,4,10460,-0.01,0.04,94.9,98.4,90.9,94.1,22.79,23.19,20.79,21.19
0.24,12,180.4,100,0,-0.3,4,10463,0,0.04,94.9,98.4,90.9,94.1,22.79,23.19,20.79,21.19
0.28,14,180.5,100,0,0.1,4,10467,-0.03,0.04,94.9,98.4,90.9,94.1,22.79,23.19,20.79,21.19
0.32,16,180.5,100,0,0.1,4,10470,-0.03,0.04,94.9,98.4,90.9,94.1,22.79,23.19,20.79,21.19
0.36,18,180.6,100,0,-1.4,4,10473,0.01,0.04,94.9,98.4,90.9,94.1,22.79,23.19,20.79,21.19
0.4,20,180.6,100,0,0.2,4,10477,0.03,0.04,94.9,98.4,90.9,94.1,22.79,23.19,20.79,21.19
0.44,22,180.7,100,0,-0.4,4,10480,0,0.04,94.9,98.4,90.9,94.1,22.79,23.19,20.79,21.19
0.48,24,180.7,100,0,-0.2,4,10483,-0.01,0.04,94.8,98.3,90.8,94,22.79,23.19,20.79,21.19
0.52,26,180.8,100,0,0.4,4,10487,0.04,0.04,94.8,98.3,90.8,94,22.79,23.19,20.79,21.19
0.56,28,180.9,100,0,-0.2,4,10490,0.01,0.04,94.8,98.3,90.8,94,22.79,23.19,20.79,21.19
0.6,30,180.9,100,0,-0.5,4,10493,0,0.04,94.8,98.3,90.8,94,22.79,23.19,20.79,21.19
0.64,32,181,100,0,-0.4,4,10497,0,0.04,94.8,98.3,90.8,94,22.78,23.18,20.78,21.18
0.68,34,181,100,0,-0.3,4,10500,0.02,0.04,94.8,98.3,90.8,94,22.78,23.18,20.78,21.18
0.72,36,181.1,100,0,0.5,4,10503,0.02,0.04,94.8,98.3,90.8,94,22.78,23.18,20.78,21.18
0.76,38,181.2,100,0,0,4,10507,-0.03,0.04,94.8,98.3,90.8,94,22.78,23.18,20.78,21.18
0.8,40,181.2,100,0,-0.7,4,10510,0,0.04,94.7,98.2,90.7,93.9,22.78,23.18,20.78,21.18
0.84,42,181.3,100,0,-0.1,4,10513,-0.02,0.04,94.7,98.2,90.7,93.9,22.78,23.18,20.78,21.18
0.88,44,181.3,100,0,-0.1,4,10517,0,0.04,94.7,98.2,90.7,93.9,22.78,23.18,20.78,21.18
0.92,46,181.4,100,0,0.5,4,10520,0.01,0.04,94.7,98.2,90.7,93.9,22.78,23.18,20.78,21.18
0.96,48,181.4,100,0,0.1,4,10524,0,0.04,94.7,98.2,90.7,93.9,22.78,23.18,20.78,21.18
1,50,181.5,100,0,0.4,4,10527,0,0.04,94.7,98.2,90.7,93.9,22.78,23.18,20.78,21.18
1.04,52,181.6,100,0,0.2,4,10530,-0.01,0.04,94.7,98.2,90.7,93.9,22.78,23.18,20.78,21.18
1.08,54,181.6,100,0,0.3,4,10534,-0.02,0.04,94.7,98.2,90.7,93.9,22.77,23.17,20.77,21.17
1.12,56,181.7,100,0,0,4,10537,0.01,0.04,94.7,98.2,90.7,93.9,22.77,23.17,20.77,21.17
1.16,58,181.7,100,0,-0.2,4,10540,-0.01,0.04,94.6,98.1,90.6,93.8,22.77,23.17,20.77,21.17
1.2,60,181.8,100,0,0.1,4,10544,0.03,0.04,94.6,98.1,90.6,93.8,22.77,23.17,20.77,21.17
1.24,62,181.8,100,0,-0.1,4,10547,0.01,0.04,94.6,98.1,90.6,93.8,22.77,23.17,20.77,21.17
1.28,64,181.9,100,0,-0.5,4,10550,-0.01,0.04,94.6,98.1,90.6,93.8,22.77,23.17,20.77,21.17
1.32,66,182,100,0,-0.6,4,10554,0,0.04,94.6,98.1,90.6,93.8,22.77,23.17,20.77,21.17
1.36,68,182,100,0,-0.6,4,10557,-0.01,0.04,94.6,98.1,90.6,93.8,22.77,23.17,20.77,21.17
1.4,70,182.1,100,0,-0.1,4,10560,0.02,0.04,94.6,98.1,90.6,93.8,22.77,23.17,20.77,21.17
1.44,72,182.1,100,0,0,4,10564,-0.03,0.04,94.6,98.1,90.6,93.8,22.77,23.17,20.77,21.17
1.48,74,182.2,100,0,-0.3,4,10567,-0.02,0.04,94.5,98,90.5,93.7,22.77,23.17,20.77,21.17
1.52,76,182.2,100,0,-1.4,4,10570,0.03,0.04,94.5,98,90.5,93.7,22.76,23.16,20.76,21.16
1.56,78,182.3,100,0,0.1,4,10574,0.01,0.04,94.5,98,90.5,93.7,22.76,23.16,20.76,21.16
1.6,81,182.4,100,0,0.3,4,10577,0.03,0.04,94.5,98,90.5,93.7,22.76,23.16,20.76,21.16
1.64,83,182.4,100,0,-0.8,4,10580,-0.02,0.04,94.5,98,90.5,93.7,22.76,23.16,20.76,21.16
1.68,85,182.5,100,0,0.3,4,10584,-0.02,0.04,94.5,98,90.5,93.7,22.76,23.16,20.76,21.16
1.72,87,182.5,100,0,0.2,4,10587,0.02,0.04,94.5,98,90.5,93.7,22.76,23.16,20.76,21.16
1.76,89,182.6,100,0,0.1,4,10590,-0.05,0.04,94.5,98,90.5,93.7,22.76,23.16,20.76,21.16
1.8,91,182.6,100,0,-0.4,4,10594,0.04,0.04,94.4,97.9,90.4,93.6,22.76,23.16,20.76,21.16
1.84,93,182.7,100,0,0.6,4,10597,0.01,0.04,94.4,97.9,90.4,93.6,22.76,23.16,20.76,21.16
1.88,95,182.8,100,0,0.3,4,10600,-0.01,0.04,94.4,97.9,90.4,93.6,22.76,23.16,20.76,21.16
1.92,97,182.8,100,0,-0.2,4,10604,0,0.04,94.4,97.9,90.4,93.6,22.76,23.16,20.76,21.16
1.96,99,182.9,100,0,-0.1,4,10607,0.01,0.04,94.4,97.9,90.4,93.6,22.75,23.15,20.75,21.15
2,101,182.9,100,0,0.1,4,10610,-0.02,0.04,94.4,97.9,90.4,93.6,22.75,23.15,20.75,21.15
2.04,103,183,100,0,0.7,4,10614,0,0.04,94.4,97.9,90.4,93.6,22.75,23.15,20.75,21.15
2.08,105,183.1,100,0,1.1,4,10617,-0.01,0.04,94.4,97.9,90.4,93.6,22.75,23.15,20.75,21.15
2.12,107,183.1,100,0,0,4,10620,-0.01,0.04,94.4,97.9,90.4,93.6,22.75,23.15,20.75,21.15
2.16,109,183.2,100,0,0,4,10624,-0.02,0.04,94.3,97.8,90.3,93.5,22.75,23.15,20.75,21.15
2.2,111,183.2,100,0,-0.8,4,10627,0.01,0.04,94.3,97.8,90.3,93.5,22.75,23.15,20.75,21.15
2.24,113,183.3,100,0,-0.2,4,10630,-0.02,0.04,94.3,97.8,90.3,93.5,22.75,23.15,20.75,21.15
2.28,115,183.3,100,0,-0.7,4,10634,0.03,0.04,94.3,97.8,90.3,93.5,22.75,23.15,20.75,21.15
2.32,117,183.4,100,0,0,4,10637,0.01,0.04,94.3,97.8,90.3,93.5,22.75,23.15,20.75,21.15
2.36,119,183.5,100,0,0.2,4,10640,0.04,0.04,94.3,97.8,90.3,93.5,22.75,23.15,20.75,21.15
2.4,121,183.5,100,0,-0.4,4,10644,0,0.04,94.3,97.8,90.3,93.5,22.75,23.15,20.75,21.15
2.44,123,183.6,100,0,0.7,4,10647,0,0.04,94.3,97.8,90.3,93.5,22.74,23.14,20.74,21.14
2.48,125,183.6,100,0,0.6,4,10650,-0.02,0.04,94.2,97.7,90.2,93.4,22.74,23.14,20.74,21.14
2.52,127,183.7,100,0,0.8,4,10654,0,0.04,94.2,97.7,90.2,93.4,22.74,23.14,20.74,21.14
2.56,129,183.7,100,0,0.5,4,10657,0,0.04,94.2,97.7,90.2,93.4,22.74,23.14,20.74,21.14
2.6,131,183.8,100,0,0.2,4,10660,0.02,0.04,94.2,97.7,90.2,93.4,22.74,23.14,20.74,21.14
2.64,133,183.9,100,0,-0.4,4,10664,-0.01,0.04,94.2,97.7,90.2,93.4,22.74,23.14,20.74,21.14
2.68,135,183.9,100,0,1,4,10667,-0.01,0.04,94.2,97.7,90.2,93.4,22.74,23.14,20.74,21.14
2.72,138,184,100,0,0.4,4,10671,0,0.04,94.2,97.7,90.2,93.4,22.74,23.14,20.74,21.14
2.76,140,184,100,0,0.2,4,10674,0.01,0.04,94.2,97.7,90.2,93.4,22.74,23.14,20.74,21.14
2.8,142,184.1,100,0,-0.3,4,10677,-0.01,0.04,94.1,97.6,90.1,93.3,22.74,23.14,20.74,21.14
2.84,144,184.1,100,0,0.2,4,10681,-0.05,0.04,94.1,97.6,90.1,93.3,22.74,23.14,20.74,21.14
2.88,146,184.2,100,0,0.2,4,10684,0.01,0.04,94.1,97.6,90.1,93.3,22.73,23.13,20.73,21.13
2.92,148,184.3,100,0,-0.3,4,10687,-0.01,0.04,94.1,97.6,90.1,93.3,22.73,23.13,20.73,21.13
2.96,150,184.3,100,0,0,4,10691,0.01,0.04,94.1,97.6,90.1,93.3,22.73,23.13,20.73,21.13
3,152,184.4,100,0,0.5,4,10694,-0.01,0.04,94.1,97.6,90.1,93.3,22.73,23.13,20.73,21.13
3.04,154,184.4,100,0,0.4,4,10697,0.02,0.04,94.1,97.6,90.1,93.3,22.73,23.13,20.73,21.13
3.08,156,184.5,100,0,-0.5,4,10701,-0.01,0.04,94.1,97.6,90.1,93.3,22.73,23.13,20.73,21.13
3.12,158,184.6,100,0,0.5,4,10704,-0.02,0.04,94.1,97.6,90.1,93.3,22.73,23.13,20.73,21.13
3.16,160,184.6,100,0,0.6,4,10707,-0.01,0.04,94,97.5,90,93.2,22.73,23.13,20.73,21.13
3.2,162,184.7,100,0,0,4,10711,0.01,0.04,94,97.5,90,93.2,22.73,23.13,20.73,21.13
3.24,164,184.7,100,0,0,4,10714,0.03,0.04,94,97.5,90,93.2,22.73,23.13,20.73,21.13
3.28,166,184.8,100,0,-0.1,4,10717,0.04,0.04,94,97.5,90,93.2,22.73,23.13,20.73,21.13
3.32,168,184.8,100,0,-0.9,4,10721,-0.01,0.04,94,97.5,90,93.2,22.72,23.12,20.72,21.12
3.36,170,184.9,100,0,-0.3,4,10724,-0.01,0.04,94,97.5,90,93.2,22.72,23.12,20.72,21.12
3.4,172,185,100,0,-0.1,4,10727,0,0.04,94,97.5,90,93.2,22.72,23.12,20.72,21.12
3.44,174,185,100,0,0.7,4,10731,0.03,0.04,94,97.5,90,93.2,22.72,23.12,20.72,21.12
3.48,176,185.1,100,0,0.1,4,10734,0.03,0.04,93.9,97.4,89.9,93.1,22.72,23.12,20.72,21.12
3.52,179,185.1,100,0,-0.3,4,10737,0.01,0.04,93.9,97.4,89.9,93.1,22.72,23.12,20.72,21.12
3.56,181,185.2,100,0,0.3,4,10741,0,0.04,93.9,97.4,89.9,93.1,22.72,23.12,20.72,21.12
3.6,183,185.2,100,0,-0.4,4,10744,0,0.04,93.9,97.4,89.9,93.1,22.72,23.12,20.72,21.12
3.64,185,185.3,100,0,-0.6,4,10747,0.02,0.04,93.9,97.4,89.9,93.1,22.72,23.12,20.72,21.12
3.68,187,185.4,100,0,0.1,4,10751,-0.04,0.04,93.9,97.4,89.9,93.1,22.72,23.12,20.72,21.12
3.72,189,185.4,100,0,-0.7,4,10754,0.01,0.04,93.9,97.4,89.9,93.1,22.72,23.12,20.72,21.12
3.76,191,185.5,100,0,0.5,4,10757,0,0.04,93.9,97.4,89.9,93.1,22.71,23.11,20.71,21.11
3.8,193,185.5,100,0,0.2,4,10761,0.01,0.04,93.8,97.3,89.8,93,22.71,23.11,20.71,21.11
3.84,195,185.6,100,0,0,4,10764,0.04,0.04,93.8,97.3,89.8,93,22.71,23.11,20.71,21.11
3.88,197,185.6,100,0,0,4,10767,0.02,0.04,93.8,97.3,89.8,93,22.71,23.11,20.71,21.11
3.92,199,185.7,100,0,-0.1,4,10771,0.02,0.04,93.8,97.3,89.8,93,22.71,23.11,20.71,21.11
3.96,201,185.8,100,0,0.2,4,10774,-0.05,0.04,93.8,97.3,89.8,93,22.71,23.11,20.71,21.11
4,203,185.8,100,0,0.7,4,10777,-0.03,0.04,93.8,97.3,89.8,93,22.71,23.11,20.71,21.11
4.04,205,185.9,100,0,0.1,4,10781,-0.01,0.04,93.8,97.3,89.8,93,22.71,23.11,20.71,21.11
4.08,207,185.9,100,0,-0.4,4,10784,0.02,0.04,93.8,97.3,89.8,93,22.71,23.11,20.71,21.11
4.12,209,186,100,0,-0.7,4,10787,-0.03,0.04,93.8,97.3,89.8,93,22.71,23.11,20.71,21.11
4.16,211,186,100,0,-0.1,4,10791,-0.07,0.04,93.7,97.2,89.7,92.9,22.71,23.11,20.71,21.11
4.2,214,186.1,100,0,0.7,4,10794,-0.01,0.04,93.7,97.2,89.7,92.9,22.7,23.1,20.7,21.1
4.24,216,186.2,100,0,0.2,4,10797,-0.01,0.04,93.7,97.2,89.7,92.9,22.7,23.1,20.7,21.1
4.28,218,186.2,100,0,0.4,4,10801,-0.02,0.04,93.7,97.2,89.7,92.9,22.7,23.1,20.7,21.1
4.32,220,186.3,100,0,0.7,4,10804,0.03,0.04,93.7,97.2,89.7,92.9,22.7,23.1,20.7,21.1
4.36,222,186.3,100,0,-0.5,4,10807,0,0.04,93.7,97.2,89.7,92.9,22.7,23.1,20.7,21.1
4.4,224,186.4,100,0,0,4,10811,-0.01,0.04,93.7,97.2,89.7,92.9,22.7,23.1,20.7,21.1
4.44,226,186.5,100,0,-0.5,4,10814,0,0.04,93.7,97.2,89.7,92.9,22.7,23.1,20.7,21.1
4.48,228,186.5,100,0,1.2,4,10818,-0.02,0.04,93.6,97.1,89.6,92.8,22.7,23.1,20.7,21.1
4.52,230,186.6,100,0,-0.6,4,10821,0.02,0.04,93.6,97.1,89.6,92.8,22.7,23.1,20.7,21.1
4.56,232,186.6,100,0,0.1,4,10824,-0.04,0.04,93.6,97.1,89.6,92.8,22.7,23.1,20.7,21.1
4.6,234,186.7,100,0,-0.2,4,10828,0,0.04,93.6,97.1,89.6,92.8,22.7,23.1,20.7,21.1
4.64,236,186.7,100,0,0.1,4,10831,-0.01,0.04,93.6,97.1,89.6,92.8,22.69,23.09,20.69,21.09
4.68,238,186.8,100,0,0.3,4,10834,0.03,0.04,93.6,97.1,89.6,92.8,22.69,23.09,20.69,21.09
4.72,240,186.9,100,0,-0.3,4,10838,-0.01,0.04,93.6,97.1,89.6,92.8,22.69,23.09,20.69,21.09
4.76,243,186.9,100,0,0.9,4,10841,0.01,0.04,93.6,97.1,89.6,92.8,22.69,23.09,20.69,21.09
4.8,245,187,100,0,0,4,10844,-0.02,0.04,93.5,97,89.5,92.7,22.69,23.09,20.69,21.09
4.84,247,187,100,0,-0.7,4,10848,-0.01,0.04,93.5,97,89.5,92.7,22.69,23.09,20.69,21.09
4.88,249,187.1,100,0,0.5,4,10851,0.01,0.04,93.5,97,89.5,92.7,22.69,23.09,20.69,21.09
4.92,251,187.1,100,0,0,4,10854,-0.03,0.04,93.5,97,89.5,92.7,22.69,23.09,20.69,21.09
4.96,253,187.2,100,0,0,4,10858,0,0.04,93.5,97,89.5,92.7,22.69,23.09,20.69,21.09
5,255,187.3,100,0,0.7,4,10861,-0.02,0.04,93.5,97,89.5,92.7,22.69,23.09,20.69,21.09
5.04,257,187.3,100,0,0.1,4,10864,-0.04,0.04,93.5,97,89.5,92.7,22.69,23.09,20.69,21.09
5.08,259,187.4,100,0,0,4,10868,0.03,0.04,93.5,97,89.5,92.7,22.68,23.08,20.68,21.08
5.12,261,187.4,100,0,0.5,4,10871,0.02,0.04,93.5,97,89.5,92.7,22.68,23.08,20.68,21.08
5.16,263,187.5,100,0,0.3,4,10874,0,0.04,93.4,96.9,89.4,92.6,22.68,23.08,20.68,21.08
5.2,265,187.5,100,0,-0.4,4,10878,0.02,0.04,93.4,96.9,89.4,92.6,22.68,23.08,20.68,21.08
5.24,268,187.6,100,0,-0.4,4,10881,0,0.04,93.4,96.9,89.4,92.6,22.68,23.08,20.68,21.08
5.28,270,187.7,100,0,0.7,4,10884,0.02,0.04,93.4,96.9,89.4,92.6,22.68,23.08,20.68,21.08
5.32,272,187.7,100,0,0,4,10888,-0.02,0.04,93.4,96.9,89.4,92.6,22.68,23.08,20.68,21.08
5.36,274,187.8,100,0,-0.4,4,10891,0,0.04,93.4,96.9,89.4,92.6,22.68,23.08,20.68,21.08
5.4,276,187.8,100,0,-0.1,4,10894,-0.02,0.04,93.4,96.9,89.4,92.6,22.68,23.08,20.68,21.08
5.44,278,187.9,100,0,0.3,4,10898,-0.01,0.04,93.4,96.9,89.4,92.6,22.68,23.08,20.68,21.08
5.48,280,187.9,100,0,0.1,4,10901,-0.01,0.04,93.3,96.8,89.3,92.5,22.68,23.08,20.68,21.08
5.52,282,188,100,0,-0.5,4,10904,-0.01,0.04,93.3,96.8,89.3,92.5,22.67,23.07,20.67,21.07
5.56,284,188.1,100,0,0,4,10908,0.03,0.04,93.3,96.8,89.3,92.5,22.67,23.07,20.67,21.07
5.6,286,188.1,100,0,0.2,4,10911,0.02,0.04,93.3,96.8,89.3,92.5,22.67,23.07,20.67,21.07
5.64,288,188.2,100,0,0.1,4,10914,0,0.04,93.3,96.8,89.3,92.5,22.67,23.07,20.67,21.07
5.68,290,188.2,100,0,0.6,4,10918,0,0.04,93.3,96.8,89.3,92.5,22.67,23.07,20.67,21.07
5.72,293,188.3,100,0,0.5,4,10921,0,0.04,93.3,96.8,89.3,92.5,22.67,23.07,20.67,21.07
5.76,295,188.4,100,0,0.4,4,10924,-0.02,0.04,93.3,96.8,89.3,92.5,22.67,23.07,20.67,21.07
5.8,297,188.4,100,0,0.5,4,10928,0.01,0.04,93.2,96.7,89.2,92.4,22.67,23.07,20.67,21.07
5.84,299,188.5,100,0,0.1,4,10931,0,0.04,93.2,96.7,89.2,92.4,22.67,23.07,20.67,21.07
5.88,301,188.5,100,0,-0.4,4,10934,0,0.04,93.2,96.7,89.2,92.4,22.67,23.07,20.67,21.07
5.92,303,188.6,100,0,-0.4,4,10938,0,0.04,93.2,96.7,89.2,92.4,22.67,23.07,20.67,21.07
5.96,305,188.6,100,0,-0.5,4,10941,0.01,0.04,93.2,96.7,89.2,92.4,22.66,23.06,20.66,21.06
6,307,188.7,100,0,-0.3,4,10944,-0.01,0.04,93.2,96.7,89.2,92.4,22.66,23.06,20.66,21.06
6.04,309,188.8,100,0,0,4,10948,-0.01,0.04,93.2,96.7,89.2,92.4,22.66,23.06,20.66,21.06
6.08,311,188.8,100,0,0.9,4,10951,0.01,0.04,93.2,96.7,89.2,92.4,22.66,23.06,20.66,21.06
6.12,314,188.9,100,0,0,4,10954,0.03,0.04,93.2,96.7,89.2,92.4,22.66,23.06,20.66,21.06
6.16,316,188.9,100,0,0,4,10958,-0.03,0.04,93.1,96.6,89.1,92.3,22.66,23.06,20.66,21.06
6.2,318,189,100,0,0.1,4,10961,-0.03,0.04,93.1,96.6,89.1,92.3,22.66,23.06,20.66,21.06
6.24,320,189,100,0,-0.2,4,10965,0.01,0.04,93.1,96.6,89.1,92.3,22.66,23.06,20.66,21.06
6.28,322,189.1,100,0,0.1,4,10968,-0.02,0.04,93.1,96.6,89.1,92.3,22.66,23.06,20.66,21.06
6.32,324,189.2,100,0,0.4,4,10971,-0.02,0.04,93.1,96.6,89.1,92.3,22.66,23.06,20.66,21.06
6.36,326,189.2,100,0,0.2,4,10975,-0.01,0.04,93.1,96.6,89.1,92.3,22.66,23.06,20.66,21.06
6.4,328,189.3,100,0,0.4,4,10978,-0.02,0.04,93.1,96.6,89.1,92.3,22.66,23.06,20.66,21.06
6.44,330,189.3,100,0,-0.7,4,10981,-0.01,0.04,93.1,96.6,89.1,92.3,22.65,23.05,20.65,21.05
6.48,332,189.4,100,0,-0.4,4,10985,-0.02,0.04,93,96.5,89,92.2,22.65,23.05,20.65,21.05
6.52,335,189.4,100,0,0.9,4,10988,0,0.04,93,96.5,89,92.2,22.65,23.05,20.65,21.05
6.56,337,189.5,100,0,-0.5,4,10991,-0.02,0.04,93,96.5,89,92.2,22.65,23.05,20.65,21.05
6.6,339,189.6,100,0,0,4,10995,0,0.04,93,96.5,89,92.2,22.65,23.05,20.65,21.05
6.64,341,189.6,100,0,-0.4,4,10998,-0.01,0.04,93,96.5,89,92.2,22.65,23.05,20.65,21.05
6.68,343,288.5,0,0,0.2,7,10675,0,-4.2,93.1,96.5,89,92.2,22.66,23.05,20.65,21.05
6.72,346,288.5,0,0,-0.8,7,10675,0,-4.2,93.2,96.6,89,92.2,22.67,23.06,20.65,21.05
6.76,349,288.5,0,0,-2,7,10675,0,-4.2,93.4,96.6,89,92.2,22.68,23.06,20.65,21.05
6.8,353,288.5,0,0,-1,7,10675,0,-4.2,93.5,96.7,89,92.2,22.69,23.06,20.65,21.05
6.84,356,288.5,0,0,0.6,7,10675,0,-4.2,93.6,96.7,89,92.2,22.7,23.07,20.65,21.05
6.88,359,288.5,0,0,-0.8,7,10675,0,-4.2,93.7,96.7,89,92.2,22.7,23.07,20.65,21.05
6.92,362,288.5,0,0,-0.1,7,10675,0,-4.2,93.8,96.8,89,92.2,22.71,23.07,20.65,21.05
6.96,365,288.5,0,0,0.4,7,10675,0,-4.2,94,96.8,89,92.2,22.72,23.07,20.65,21.05
7,369,288.5,0,0,-0.5,7,10675,0,-4.2,94.1,96.9,89,92.2,22.73,23.08,20.65,21.05
7.04,372,288.5,0,0,-0.5,7,10675,0,-4.2,94.2,96.9,89,92.2,22.74,23.08,20.65,21.05
7.08,375,288.5,0,0,1.2,7,10675,0,-4.2,94.3,96.9,89,92.2,22.75,23.08,20.65,21.05
7.12,378,288.5,0,0,0.3,7,10675,0,-4.2,94.4,97,89,92.2,22.76,23.09,20.65,21.05
7.16,381,288.5,0,0,1.2,7,10675,0,-4.2,94.6,97,89,92.2,22.77,23.09,20.65,21.05
7.2,385,288.5,0,0,-1,7,10675,0,-4.2,94.7,97.1,89,92.2,22.78,23.09,20.65,21.05
7.24,388,288.5,0,0,0.5,7,10675,0,-4.2,94.8,97.1,89,92.2,22.79,23.1,20.65,21.05
7.28,391,288.5,0,0,-0.4,7,10675,0,-4.2,94.9,97.1,89,92.2,22.79,23.1,20.65,21.05
7.32,394,288.5,0,0,0,7,10675,0,-4.2,95,97.2,89,92.2,22.8,23.1,20.65,21.05
7.36,397,288.5,0,0,-1.1,7,10675,0,-4.2,95.2,97.2,89,92.2,22.81,23.1,20.65,21.05
7.4,401,288.5,0,0,-0.8,7,10675,0,-4.2,95.3,97.3,89,92.2,22.82,23.11,20.65,21.05
7.44,404,288.5,0,0,0.4,7,10675,0,-4.2,95.4,97.3,89,92.2,22.83,23.11,20.65,21.05
7.48,407,288.5,0,0,1.6,7,10675,0.15,-1.34,95.5,97.3,89,92.2,22.84,23.11,20.65,21.05
7.52,410,288.5,0,0,2.2,7,10675,0.31,-1.29,95.6,97.4,89,92.2,22.85,23.12,20.65,21.05
7.56,414,288.5,0,0,4.1,7,10675,0.47,-1.23,95.8,97.4,89,92.2,22.86,23.12,20.65,21.05
7.6,417,288.5,0,0,6.7,7,10675,0.63,-1.17,95.9,97.5,89,92.2,22.87,23.12,20.65,21.05
7.64,420,288.5,0,0,6.1,7,10675,0.79,-1.11,96,97.5,89,92.2,22.88,23.13,20.65,21.05
7.68,423,288.5,0,0,8.7,7,10675,0.95,-1.05,96.1,97.5,89,92.2,22.88,23.13,20.65,21.05
7.72,426,288.5,0,0,9.9,7,10675,1.11,-0.99,96.2,97.6,89,92.2,22.89,23.13,20.65,21.05
7.76,430,288.5,0,0,10,7,10675,1.27,-0.93,96.4,97.6,89,92.2,22.9,23.13,20.65,21.05
7.8,433,288.5,0,0,12.2,7,10675,1.43,-0.87,96.5,97.7,89,92.2,22.91,23.14,20.65,21.05
7.84,436,288.5,0,0,12.5,7,10675,1.59,-0.81,96.6,97.7,89,92.2,22.92,23.14,20.65,21.05
7.88,439,288.5,0,0,14.4,7,10675,1.75,-0.75,96.7,97.7,89,92.2,22.93,23.14,20.65,21.05
7.92,442,288.5,0,0,15.4,7,10675,1.92,-0.69,96.8,97.8,89,92.2,22.94,23.15,20.65,21.05
7.96,446,288.5,0,0,16.2,7,10675,2.08,-0.64,97,97.8,89,92.2,22.95,23.15,20.65,21.05
8,449,288.5,0,0,16.7,7,10675,2.24,-0.58,97.1,97.9,89,92.2,22.96,23.15,20.65,21.05
8.04,452,288.5,0,0,17.9,7,10675,2.4,-0.52,97.2,97.9,89,92.2,22.97,23.16,20.65,21.05
8.08,455,288.5,0,0,18.1,7,10675,2.56,-0.46,97.3,97.9,89,92.2,22.97,23.16,20.65,21.05
8.12,458,288.5,0,0,18.6,7,10675,2.72,-0.4,97.4,98,89,92.2,22.98,23.16,20.65,21.05
8.16,462,288.5,0,0,19.5,7,10675,2.88,-0.34,97.6,98,89,92.2,22.99,23.16,20.65,21.05
8.2,465,288.5,0,0,20.5,7,10675,3.04,-0.28,97.7,98.1,89,92.2,23,23.17,20.65,21.05
8.24,468,288.5,0,0,21.5,7,10675,3.2,-0.22,97.8,98.1,89,92.2,23.01,23.17,20.65,21.05
8.28,471,288.5,0,0,21.5,7,10675,3.36,-0.16,97.9,98.1,89,92.2,23.02,23.17,20.65,21.05
8.32,474,288.5,0,0,21.6,7,10675,3.52,-0.1,98,98.2,89,92.2,23.03,23.18,20.65,21.05
8.36,478,288.5,0,0,21.2,7,10675,3.68,-0.04,98.2,98.2,89,92.2,23.04,23.18,20.65,21.05
8.4,481,288.5,1,0,20.8,7,10675,3.38,0,98.2,98.2,89,92.2,23.04,23.18,20.65,21.05
8.44,484,288.5,5,0,20.8,7,10675,3.31,0.02,98.2,98.2,89.1,92.3,23.04,23.18,20.66,21.06
8.48,487,288.5,9,0,20.5,7,10675,3.24,0.04,98.2,98.2,89.1,92.3,23.04,23.18,20.66,21.06
8.52,490,288.5,12,0,19.7,7,10675,3.17,0.05,98.2,98.2,89.1,92.3,23.04,23.18,20.66,21.06
8.56,494,288.5,15,0,19.2,7,10675,3.11,0.07,98.2,98.2,89.2,92.4,23.04,23.18,20.66,21.06
8.6,497,288.5,18,0,18.7,7,10676,3.04,0.09,98.2,98.2,89.2,92.4,23.04,23.18,20.67,21.07
8.64,500,288.5,21,0,17.9,7,10676,2.97,0.1,98.2,98.2,89.2,92.4,23.04,23.18,20.67,21.07
8.68,503,288.6,24,0,17.4,7,10676,2.9,0.12,98.2,98.2,89.3,92.5,23.04,23.18,20.67,21.07
8.72,506,288.6,27,0,16.1,7,10677,2.83,0.14,98.2,98.2,89.3,92.5,23.04,23.18,20.67,21.07
8.76,510,288.6,29,0,16.3,7,10677,2.76,0.15,98.2,98.2,89.3,92.5,23.04,23.18,20.68,21.08
8.8,513,288.6,32,0,16.1,7,10678,2.69,0.17,98.2,98.2,89.4,92.6,23.04,23.18,20.68,21.08
8.84,516,288.6,35,0,15.2,7,10679,2.62,0.19,98.2,98.2,89.4,92.6,23.04,23.18,20.68,21.08
8.88,519,288.6,37,0,15.4,7,10679,2.55,0.2,98.2,98.2,89.5,92.7,23.04,23.18,20.68,21.08
8.92,522,288.7,40,0,13.7,7,10680,2.48,0.22,98.2,98.2,89.5,92.7,23.04,23.18,20.69,21.09
8.96,526,288.7,42,0,13.3,7,10681,2.41,0.24,98.2,98.2,89.5,92.7,23.04,23.18,20.69,21.09
9,529,288.7,45,0,13.6,7,10682,2.34,0.25,98.2,98.2,89.6,92.8,23.04,23.18,20.69,21.09
9.04,532,288.7,47,0,13.1,7,10683,2.27,0.27,98.2,98.2,89.6,92.8,23.04,23.18,20.69,21.09
9.08,535,288.7,50,0,11.9,7,10684,2.21,0.29,98.2,98.2,89.6,92.8,23.04,23.18,20.7,21.1
9.12,539,288.8,52,0,11.8,7,10685,2.14,0.3,98.2,98.2,89.7,92.9,23.04,23.18,20.7,21.1
9.16,542,288.8,55,0,11.2,7,10686,2.07,0.32,98.2,98.2,89.7,92.9,23.04,23.18,20.7,21.1
9.2,545,288.8,57,0,9.9,7,10687,2,0.34,98.2,98.2,89.7,92.9,23.04,23.18,20.71,21.11
9.24,548,288.9,59,0,10.4,7,10688,1.93,0.35,98.2,98.2,89.8,93,23.04,23.18,20.71,21.11
9.28,551,288.9,62,0,9.1,7,10689,1.86,0.37,98.2,98.2,89.8,93,23.04,23.18,20.71,21.11
9.32,555,288.9,64,0,8.4,7,10690,1.79,0.38,98.2,98.2,89.8,93,23.04,23.18,20.71,21.11
9.36,558,289,66,0,8.1,7,10691,1.72,0.4,98.2,98.2,89.9,93.1,23.04,23.18,20.72,21.12
9.4,561,289,69,0,7.2,7,10693,1.65,0.42,98.2,98.2,89.9,93.1,23.04,23.18,20.72,21.12
9.44,564,289,71,0,7.3,7,10694,1.58,0.43,98.2,98.2,89.9,93.1,23.04,23.18,20.72,21.12
9.48,567,289.1,73,0,7.1,7,10695,1.51,0.45,98.2,98.2,90,93.2,23.04,23.18,20.72,21.12
9.52,571,289.1,76,0,6.3,7,10697,1.44,0.47,98.2,98.2,90,93.2,23.04,23.18,20.73,21.13
9.56,574,289.1,78,0,4.7,7,10698,1.37,0.48,98.2,98.2,90,93.2,23.04,23.18,20.73,21.13
9.6,577,289.2,80,0,4.7,7,10700,1.3,0.5,98.2,98.2,90.1,93.3,23.04,23.18,20.73,21.13
9.64,580,289.2,82,0,4,7,10701,1.24,0.52,98.2,98.2,90.1,93.3,23.04,23.18,20.73,21.13
9.68,583,289.3,85,0,3.7,7,10703,1.17,0.53,98.2,98.2,90.2,93.4,23.04,23.18,20.74,21.14
9.72,587,289.3,87,0,3.4,7,10704,1.1,0.55,98.2,98.2,90.2,93.4,23.04,23.18,20.74,21.14
9.76,590,289.4,89,0,2.1,7,10706,1.03,0.57,98.2,98.2,90.2,93.4,23.04,23.18,20.74,21.14
9.8,593,289.4,91,0,2.3,7,10708,0.96,0.58,98.2,98.2,90.3,93.5,23.04,23.18,20.74,21.14
9.84,596,289.4,93,0,1.7,7,10709,0.89,0.6,98.2,98.2,90.3,93.5,23.04,23.18,20.75,21.15
9.88,600,289.5,96,0,1,7,10711,0.82,0.62,98.2,98.2,90.3,93.5,23.04,23.18,20.75,21.15
9.92,603,289.5,98,0,0.8,7,10713,0.75,0.63,98.2,98.2,90.4,93.6,23.04,23.18,20.75,21.15
9.96,606,289.6,100,0,-0.4,7,10715,0.68,0.65,98.2,98.2,90.4,93.6,23.04,23.18,20.75,21.15
10,609,289.6,100,0,0.1,7,10717,-0.02,0.04,98.1,98.2,90.4,93.6,23.04,23.18,20.75,21.15
10.04,612,289.7,100,0,0.5,7,10719,-0.05,0.04,98.1,98.2,90.4,93.6,23.04,23.18,20.75,21.15
10.08,616,289.8,100,0,-0.6,7,10721,-0.01,0.04,98.1,98.2,90.4,93.6,23.03,23.18,20.75,21.15
10.12,619,289.8,100,0,0.5,7,10723,0.01,0.04,98.1,98.2,90.4,93.6,23.03,23.18,20.75,21.15
10.16,622,289.9,100,0,-0.6,7,10726,0.03,0.04,98.1,98.2,90.3,93.5,23.03,23.17,20.75,21.15
10.2,625,289.9,100,0,0.5,7,10728,0.01,0.04,98.1,98.1,90.3,93.5,23.03,23.17,20.75,21.15
10.24,629,290,100,0,-0.6,7,10730,0.02,0.04,98.1,98.1,90.3,93.5,23.03,23.17,20.75,21.15
10.28,632,290.1,100,0,-0.2,7,10732,0.01,0.04,98.1,98.1,90.3,93.5,23.03,23.17,20.75,21.15
10.32,635,290.1,100,0,-0.4,7,10734,-0.04,0.04,98.1,98.1,90.3,93.5,23.03,23.17,20.75,21.15
10.36,638,290.2,100,0,0.7,7,10736,0.02,0.04,98,98.1,90.3,93.5,23.03,23.17,20.75,21.15
10.4,641,290.2,100,0,0,7,10738,-0.01,0.04,98,98.1,90.3,93.5,23.03,23.17,20.75,21.15
10.44,645,290.3,100,0,-0.2,7,10740,0.01,0.04,98,98.1,90.3,93.5,23.03,23.17,20.74,21.14
10.48,648,290.3,100,0,0.3,7,10743,0.01,0.04,98,98.1,90.2,93.4,23.03,23.17,20.74,21.14
10.52,651,290.4,100,0,0.7,7,10745,-0.02,0.04,98,98.1,90.2,93.4,23.02,23.17,20.74,21.14
10.56,654,290.5,100,0,0,7,10747,0,0.04,98,98,90.2,93.4,23.02,23.17,20.74,21.14
10.6,658,290.5,100,0,-0.5,7,10749,-0.01,0.04,98,98,90.2,93.4,23.02,23.16,20.74,21.14
10.64,661,290.6,100,0,0.1,7,10751,0.01,0.04,98,98,90.2,93.4,23.02,23.16,20.74,21.14
10.68,664,290.6,100,0,-0.5,7,10753,0.01,0.04,97.9,98,90.2,93.4,23.02,23.16,20.74,21.14
10.72,667,290.7,100,0,0,7,10755,-0.02,0.04,97.9,98,90.2,93.4,23.02,23.16,20.74,21.14
10.76,670,290.7,100,0,0,7,10757,0.02,0.04,97.9,98,90.2,93.4,23.02,23.16,20.74,21.14
10.8,674,290.8,100,0,0,7,10760,-0.04,0.04,97.9,98,90.1,93.3,23.02,23.16,20.74,21.14
10.84,677,290.9,100,0,0.2,7,10762,0.01,0.04,97.9,98,90.1,93.3,23.02,23.16,20.74,21.14
10.88,680,290.9,100,0,-0.6,7,10764,0.01,0.04,97.9,97.9,90.1,93.3,23.02,23.16,20.73,21.13
10.92,683,291,100,0,0.2,7,10766,0.04,0.04,97.9,97.9,90.1,93.3,23.02,23.16,20.73,21.13
10.96,687,291,100,0,0,7,10768,-0.01,0.04,97.9,97.9,90.1,93.3,23.01,23.16,20.73,21.13
11,690,291.1,100,0,0.5,7,10770,-0.02,0.04,97.8,97.9,90.1,93.3,23.01,23.16,20.73,21.13
11.04,693,291.1,100,0,0.1,7,10772,-0.04,0.04,97.8,97.9,90.1,93.3,23.01,23.15,20.73,21.13
11.08,696,291.2,100,0,-0.4,7,10775,0.01,0.04,97.8,97.9,90.1,93.3,23.01,23.15,20.73,21.13
11.12,700,291.3,100,0,0.6,7,10777,0.02,0.04,97.8,97.9,90.1,93.3,23.01,23.15,20.73,21.13
11.16,703,291.3,100,0,-0.3,7,10779,0,0.04,97.8,97.9,90,93.2,23.01,23.15,20.73,21.13
11.2,706,291.4,100,0,0,7,10781,-0.01,0.04,97.8,97.8,90,93.2,23.01,23.15,20.73,21.13
11.24,709,291.4,100,0,-0.1,7,10783,-0.02,0.04,97.8,97.8,90,93.2,23.01,23.15,20.73,21.13
11.28,713,291.5,100,0,0.2,7,10785,-0.01,0.04,97.8,97.8,90,93.2,23.01,23.15,20.73,21.13
11.32,716,291.5,100,0,-0.4,7,10787,-0.01,0.04,97.8,97.8,90,93.2,23.01,23.15,20.72,21.12
11.36,719,291.6,100,0,-0.7,7,10789,0,0.04,97.7,97.8,90,93.2,23.01,23.15,20.72,21.12
11.4,722,291.7,100,0,-0.5,7,10792,-0.02,0.04,97.7,97.8,90,93.2,23,23.15,20.72,21.12
11.44,725,291.7,100,0,0,7,10794,-0.02,0.04,97.7,97.8,90,93.2,23,23.15,20.72,21.12
11.48,729,291.8,100,0,-0.3,7,10796,0.01,0.04,97.7,97.8,89.9,93.1,23,23.14,20.72,21.12
11.52,732,291.8,100,0,-0.4,7,10798,-0.01,0.04,97.7,97.8,89.9,93.1,23,23.14,20.72,21.12
11.56,735,291.9,100,0,-0.4,7,10800,-0.01,0.04,97.7,97.7,89.9,93.1,23,23.14,20.72,21.12
11.6,738,292,100,0,-0.8,7,10802,0,0.04,97.7,97.7,89.9,93.1,23,23.14,20.72,21.12
11.64,742,292,100,0,0.4,7,10804,-0.02,0.04,97.7,97.7,89.9,93.1,23,23.14,20.72,21.12
11.68,745,292.1,100,0,-0.4,7,10807,0.03,0.04,97.6,97.7,89.9,93.1,23,23.14,20.72,21.12
11.72,748,292.1,100,0,0.2,7,10809,-0.02,0.04,97.6,97.7,89.9,93.1,23,23.14,20.72,21.12
11.76,751,292.2,100,0,-0.9,7,10811,0,0.04,97.6,97.7,89.9,93.1,23,23.14,20.71,21.11
11.8,755,292.2,100,0,-0.9,7,10813,-0.01,0.04,97.6,97.7,89.8,93,23,23.14,20.71,21.11
11.84,758,292.3,100,0,0,7,10815,0,0.04,97.6,97.7,89.8,93,22.99,23.14,20.71,21.11
11.88,761,292.4,100,0,0.8,7,10817,0.01,0.04,97.6,97.6,89.8,93,22.99,23.14,20.71,21.11
11.92,764,292.4,100,0,0.8,7,10819,0,0.04,97.6,97.6,89.8,93,22.99,23.13,20.71,21.11
11.96,768,292.5,100,0,0.3,7,10821,-0.01,0.04,97.6,97.6,89.8,93,22.99,23.13,20.71,21.11
12,771,292.5,100,0,0,7,10824,0,0.04,97.5,97.6,89.8,93,22.99,23.13,20.71,21.11
12.04,774,292.6,100,0,0.5,7,10826,0.01,0.04,97.5,97.6,89.8,93,22.99,23.13,20.71,21.11
12.08,777,292.6,100,0,0.2,7,10828,-0.01,0.04,97.5,97.6,89.8,93,22.99,23.13,20.71,21.11
12.12,781,292.7,100,0,0.3,7,10830,0,0.04,97.5,97.6,89.8,93,22.99,23.13,20.71,21.11
12.16,784,292.8,100,0,-0.1,7,10832,0.01,0.04,97.5,97.6,89.7,92.9,22.99,23.13,20.71,21.11
12.2,787,292.8,100,0,-0.2,7,10834,0,0.04,97.5,97.5,89.7,92.9,22.99,23.13,20.7,21.1
12.24,790,292.9,100,0,-0.2,7,10836,0.01,0.04,97.5,97.5,89.7,92.9,22.99,23.13,20.7,21.1
12.28,794,292.9,100,0,0.4,7,10838,0.01,0.04,97.5,97.5,89.7,92.9,22.98,23.13,20.7,21.1
12.32,797,293,100,0,0.1,7,10841,-0.01,0.04,97.5,97.5,89.7,92.9,22.98,23.13,20.7,21.1
12.36,800,293,100,0,0,7,10843,-0.01,0.04,97.4,97.5,89.7,92.9,22.98,23.13,20.7,21.1
12.4,803,293.1,100,0,-0.3,7,10845,0,0.04,97.4,97.5,89.7,92.9,22.98,23.12,20.7,21.1
12.44,807,293.2,100,0,-0.1,7,10847,0.02,0.04,97.4,97.5,89.7,92.9,22.98,23.12,20.7,21.1
12.48,810,293.2,100,0,0.1,7,10849,-0.02,0.04,97.4,97.5,89.6,92.8,22.98,23.12,20.7,21.1
12.52,813,293.3,100,0,-0.2,7,10851,0,0.04,97.4,97.5,89.6,92.8,22.98,23.12,20.7,21.1
12.56,816,293.3,100,0,0.2,7,10853,0.02,0.04,97.4,97.4,89.6,92.8,22.98,23.12,20.7,21.1
12.6,820,293.4,100,0,0.2,7,10856,0.01,0.04,97.4,97.4,89.6,92.8,22.98,23.12,20.7,21.1
12.64,823,293.4,100,0,-0.4,7,10858,-0.03,0.04,97.4,97.4,89.6,92.8,22.98,23.12,20.69,21.09
12.68,826,293.5,100,0,-0.3,7,10860,-0.05,0.04,97.3,97.4,89.6,92.8,22.98,23.12,20.69,21.09
12.72,830,293.6,100,0,-0.3,7,10862,0.05,0.04,97.3,97.4,89.6,92.8,22.97,23.12,20.69,21.09
12.76,833,293.6,100,0,-0.4,7,10864,-0.01,0.04,97.3,97.4,89.6,92.8,22.97,23.12,20.69,21.09
12.8,836,293.7,100,0,-0.5,7,10866,-0.01,0.04,97.3,97.4,89.5,92.7,22.97,23.12,20.69,21.09
12.84,839,293.7,100,0,0,7,10868,-0.02,0.04,97.3,97.4,89.5,92.7,22.97,23.11,20.69,21.09
12.88,843,293.8,100,0,0.1,7,10870,0.03,0.04,97.3,97.3,89.5,92.7,22.97,23.11,20.69,21.09
12.92,846,293.9,100,0,-0.1,7,10873,0.03,0.04,97.3,97.3,89.5,92.7,22.97,23.11,20.69,21.09
12.96,849,293.9,100,0,-0.3,7,10875,0.01,0.04,97.3,97.3,89.5,92.7,22.97,23.11,20.69,21.09
13,852,294,100,0,0.8,7,10877,0,0.04,97.2,97.3,89.5,92.7,22.97,23.11,20.69,21.09
13.04,856,294,100,0,0.2,7,10879,0.03,0.04,97.2,97.3,89.5,92.7,22.97,23.11,20.69,21.09
13.08,859,294.1,100,0,0.3,7,10881,0.03,0.04,97.2,97.3,89.5,92.7,22.97,23.11,20.68,21.08
13.12,862,294.1,100,0,-0.2,7,10883,0,0.04,97.2,97.3,89.5,92.7,22.97,23.11,20.68,21.08
13.16,865,294.2,100,0,-0.1,7,10885,-0.01,0.04,97.2,97.3,89.4,92.6,22.97,23.11,20.68,21.08
13.2,869,294.3,100,0,0.1,7,10887,-0.04,0.04,97.2,97.2,89.4,92.6,22.96,23.11,20.68,21.08
13.24,872,294.3,100,0,0,7,10890,-0.02,0.04,97.2,97.2,89.4,92.6,22.96,23.11,20.68,21.08
13.28,875,293.4,0,14,0.4,7,10856,0,-4.2,97.3,97.3,89.4,92.6,22.97,23.11,20.68,21.08
13.32,879,291.6,0,29,0.2,7,10788,0,-4.2,97.4,97.3,89.4,92.6,22.98,23.11,20.68,21.08
13.36,882,288.8,0,43,-1,7,10686,0,-4.2,97.5,97.4,89.4,92.6,22.99,23.11,20.68,21.08
13.4,885,285.2,0,57,-0.3,7,10551,0,-4.2,97.7,97.4,89.4,92.6,23,23.12,20.68,21.08
13.44,888,280.6,0,71,-1.3,6,11505,0,-4.2,97.8,97.4,89.4,92.6,23.01,23.12,20.68,21.08
13.48,891,275.2,0,85,0.5,6,11282,0,-4.2,97.9,97.5,89.4,92.6,23.02,23.12,20.68,21.08
13.52,894,268.9,0,98,-1.3,6,11025,0,-4.2,98,97.5,89.4,92.6,23.03,23.13,20.68,21.08
13.56,897,262.6,0,98,-0.7,6,10768,0,-4.2,98.1,97.6,89.4,92.6,23.04,23.13,20.68,21.08
13.6,900,256.4,0,98,-0.7,6,10511,0,-4.2,98.3,97.6,89.4,92.6,23.04,23.13,20.68,21.08
13.64,903,250.1,0,98,-0.5,6,10254,0,-4.2,98.4,97.6,89.4,92.6,23.05,23.14,20.68,21.08
13.68,906,243.8,0,98,-0.2,5,11703,0,-4.2,98.5,97.7,89.4,92.6,23.06,23.14,20.68,21.08
13.72,909,237.5,0,98,-0.3,5,11402,0,-4.2,98.6,97.7,89.4,92.6,23.07,23.14,20.68,21.08
13.76,911,231.3,0,98,1,5,11101,0,-4.2,98.7,97.8,89.4,92.6,23.08,23.14,20.68,21.08
13.8,914,225,0,98,-1,5,10800,0,-4.2,98.9,97.8,89.4,92.6,23.09,23.15,20.68,21.08
13.84,916,218.7,0,98,1.2,5,10499,0,-4.2,99,97.8,89.4,92.6,23.1,23.15,20.68,21.08
13.88,919,212.5,0,98,-1.3,5,10198,0,-4.2,99.1,97.9,89.4,92.6,23.11,23.15,20.68,21.08
13.92,921,206.2,0,98,-0.8,4,11959,0,-4.2,99.2,97.9,89.4,92.6,23.12,23.16,20.68,21.08
13.96,923,199.9,0,98,-1,4,11595,0,-4.2,99.3,98,89.4,92.6,23.13,23.16,20.68,21.08
14,926,193.6,0,98,-1,4,11231,0,-4.2,99.5,98,89.4,92.6,23.13,23.16,20.68,21.08
14.04,928,187.4,0,98,-0.5,4,10867,0,-4.2,99.6,98,89.4,92.6,23.14,23.17,20.68,21.08
14.08,930,181.1,0,98,-2.2,4,10504,0,-4.2,99.7,98.1,89.4,92.6,23.15,23.17,20.68,21.08
14.12,932,174.8,0,98,-0.1,4,10140,0,-4.2,99.8,98.1,89.4,92.6,23.16,23.17,20.68,21.08
14.16,934,168.6,0,98,-0.4,3,11799,0,-4.2,99.9,98.2,89.4,92.6,23.17,23.17,20.68,21.08
14.2,936,162.3,0,98,0.5,3,11360,0,-4.2,100.1,98.2,89.4,92.6,23.18,23.18,20.68,21.08
14.24,937,156,0,98,0,3,10921,0,-4.2,100.2,98.2,89.4,92.6,23.19,23.18,20.68,21.08
14.28,939,149.8,0,97,2.1,3,10486,0.03,-1.39,100.3,98.3,89.4,92.6,23.2,23.18,20.68,21.08
14.32,941,143.8,0,94,3.6,3,10065,0.1,-1.36,100.4,98.3,89.4,92.6,23.21,23.19,20.68,21.08
14.36,942,137.9,0,92,6,3,9653,0.18,-1.33,100.5,98.4,89.4,92.6,23.22,23.19,20.68,21.08
14.4,944,132.2,0,89,7.3,2,11634,0.25,-1.31,100.7,98.4,89.4,92.6,23.22,23.19,20.68,21.08
14.44,945,126.6,0,87,9.1,2,11144,0.32,-1.28,100.8,98.4,89.4,92.6,23.23,23.2,20.68,21.08
14.48,947,121.3,0,84,12.5,2,10671,0.35,-1.26,100.9,98.5,89.4,92.6,23.24,23.2,20.68,21.08
14.52,948,116,0,82,14.4,2,10209,0.38,-1.24,101,98.5,89.4,92.6,23.25,23.2,20.68,21.08
14.56,949,110.9,0,80,16.8,2,9758,0.39,-1.21,101.1,98.6,89.4,92.6,23.26,23.2,20.68,21.08
14.6,951,106.5,0,78,17.1,2,9372,0.4,-1.19,101.3,98.6,89.4,92.6,23.27,23.21,20.68,21.08
14.64,952,106.5,0,76,20.1,2,9372,0.4,-1.17,101.4,98.6,89.4,92.6,23.28,23.21,20.68,21.08
14.68,953,106.5,0,75,20.6,2,9372,0.44,-1.15,101.5,98.7,89.4,92.6,23.29,23.21,20.68,21.08
14.72,954,106.5,0,73,23.4,2,9372,0.48,-1.13,101.6,98.7,89.4,92.6,23.3,23.22,20.68,21.08
14.76,955,106.5,0,71,25,2,9372,0.51,-1.11,101.7,98.8,89.4,92.6,23.31,23.22,20.68,21.08
14.8,957,106.5,0,69,27.6,2,9372,0.55,-1.09,101.9,98.8,89.4,92.6,23.31,23.22,20.68,21.08
14.84,958,106.5,0,67,27.8,2,9372,0.58,-1.07,102,98.8,89.4,92.6,23.32,23.23,20.68,21.08
14.88,959,106.5,0,65,29.1,2,9372,0.62,-1.05,102.1,98.9,89.4,92.6,23.33,23.23,20.68,21.08
14.92,960,106.5,0,64,30.4,2,9372,0.66,-1.03,102.2,98.9,89.4,92.6,23.34,23.23,20.68,21.08
14.96,961,106.5,0,62,32.6,2,9372,0.69,-1.01,102.3,99,89.4,92.6,23.35,23.23,20.68,21.08
15,963,106.5,0,60,33.9,2,9372,0.73,-0.99,102.5,99,89.4,92.6,23.36,23.24,20.68,21.08
15.04,964,106.5,0,58,35.8,2,9372,0.76,-0.97,102.6,99,89.4,92.6,23.37,23.24,20.68,21.08
15.08,965,106.5,0,57,36.7,2,9372,0.8,-0.95,102.7,99.1,89.4,92.6,23.38,23.24,20.68,21.08
15.12,966,106.5,0,55,38.2,2,9372,0.84,-0.93,102.8,99.1,89.4,92.6,23.39,23.25,20.68,21.08
15.16,967,106.5,0,53,39.9,2,9372,0.87,-0.91,102.9,99.2,89.4,92.6,23.4,23.25,20.68,21.08
15.2,968,106.5,0,52,42.3,2,9372,0.91,-0.89,103.1,99.2,89.4,92.6,23.4,23.25,20.68,21.08
15.24,970,106.5,0,50,43.6,2,9372,0.94,-0.87,103.2,99.2,89.4,92.6,23.41,23.26,20.68,21.08
15.28,971,106.5,0,48,44.5,2,9372,0.98,-0.85,103.3,99.3,89.4,92.6,23.42,23.26,20.68,21.08
15.32,972,106.5,0,47,45.7,2,9372,1.02,-0.83,103.4,99.3,89.4,92.6,23.43,23.26,20.68,21.08
15.36,973,106.5,0,45,48,2,9372,1.05,-0.81,103.5,99.4,89.4,92.6,23.44,23.26,20.68,21.08
15.4,974,106.5,0,44,48.7,2,9372,1.09,-0.79,103.7,99.4,89.4,92.6,23.45,23.27,20.68,21.08
15.44,976,106.5,0,42,49.9,2,9372,1.12,-0.76,103.8,99.4,89.4,92.6,23.46,23.27,20.68,21.08
15.48,977,106.5,0,40,50.5,2,9372,1.16,-0.74,103.9,99.5,89.4,92.6,23.47,23.27,20.68,21.08
15.52,978,106.5,0,39,52.7,2,9372,1.2,-0.72,104,99.5,89.4,92.6,23.48,23.28,20.68,21.08
15.56,979,106.5,0,37,53.9,2,9372,1.23,-0.7,104.1,99.6,89.4,92.6,23.49,23.28,20.68,21.08
15.6,980,106.5,0,36,56.5,2,9372,1.27,-0.68,104.3,99.6,89.4,92.6,23.49,23.28,20.68,21.08
15.64,981,106.5,0,34,57,2,9372,1.3,-0.66,104.4,99.6,89.4,92.6,23.5,23.29,20.68,21.08
15.68,983,106.5,0,33,57.8,2,9372,1.34,-0.64,104.5,99.7,89.4,92.6,23.51,23.29,20.68,21.08
15.72,984,106.5,0,31,59.1,2,9372,1.38,-0.62,104.6,99.7,89.4,92.6,23.52,23.29,20.68,21.08
15.76,985,106.5,0,30,60.3,2,9372,1.41,-0.6,104.7,99.8,89.4,92.6,23.53,23.29,20.68,21.08
15.8,986,106.5,0,29,60.6,2,9372,1.45,-0.58,104.9,99.8,89.4,92.6,23.54,23.3,20.68,21.08
15.84,987,106.5,0,27,62.3,2,9372,1.48,-0.56,105,99.8,89.4,92.6,23.55,23.3,20.68,21.08
15.88,989,106.5,0,26,61.8,2,9372,1.52,-0.54,105.1,99.9,89.4,92.6,23.56,23.3,20.68,21.08
15.92,990,106.5,0,25,63.7,2,9372,1.56,-0.52,105.2,99.9,89.4,92.6,23.57,23.31,20.68,21.08
15.96,991,106.5,0,23,64.1,2,9372,1.59,-0.5,105.3,100,89.4,92.6,23.58,23.31,20.68,21.08
16,992,106.5,0,22,66.1,2,9372,1.63,-0.48,105.5,100,89.4,92.6,23.58,23.31,20.68,21.08
16.04,993,106.5,0,21,66.5,2,9372,1.66,-0.46,105.6,100,89.4,92.6,23.59,23.32,20.68,21.08
16.08,994,106.5,0,19,67.7,2,9372,1.7,-0.44,105.7,100.1,89.4,92.6,23.6,23.32,20.68,21.08
16.12,996,106.5,0,18,68.2,2,9372,1.74,-0.42,105.8,100.1,89.4,92.6,23.61,23.32,20.68,21.08
16.16,997,106.5,0,17,69.4,2,9372,1.77,-0.4,105.9,100.2,89.4,92.6,23.62,23.32,20.68,21.08
16.2,998,106.5,0,16,70.2,2,9372,1.81,-0.38,106.1,100.2,89.4,92.6,23.63,23.33,20.68,21.08
16.24,999,106.5,0,15,71.1,2,9372,1.84,-0.36,106.2,100.2,89.4,92.6,23.64,23.33,20.68,21.08
16.28,1000,106.5,0,13,71.6,2,9372,1.88,-0.34,106.3,100.3,89.4,92.6,23.65,23.33,20.68,21.08
16.32,1002,106.5,0,12,71.8,2,9372,1.92,-0.32,106.4,100.3,89.4,92.6,23.66,23.34,20.68,21.08
16.36,1003,106.5,0,11,72.7,2,9372,1.95,-0.3,106.5,100.4,89.4,92.6,23.67,23.34,20.68,21.08
16.4,1004,106.5,0,10,73,2,9372,1.99,-0.28,106.7,100.4,89.4,92.6,23.67,23.34,20.68,21.08
16.44,1005,106.5,0,9,74.6,2,9372,2.03,-0.26,106.8,100.4,89.4,92.6,23.68,23.35,20.68,21.08
16.48,1006,106.5,0,8,74,2,9372,2.06,-0.24,106.9,100.5,89.4,92.6,23.69,23.35,20.68,21.08
16.52,1007,106.5,0,7,74.8,2,9372,2.1,-0.22,107,100.5,89.4,92.6,23.7,23.35,20.68,21.08
16.56,1009,106.5,0,6,75.2,2,9372,2.13,-0.19,107.1,100.6,89.4,92.6,23.71,23.35,20.68,21.08
16.6,1010,106.5,0,5,75.3,2,9372,2.17,-0.17,107.3,100.6,89.4,92.6,23.72,23.36,20.68,21.08
16.64,1011,106.5,0,4,75.9,2,9372,2.21,-0.15,107.4,100.6,89.4,92.6,23.73,23.36,20.68,21.08
16.68,1012,106.5,0,4,75.8,2,9372,2.24,-0.13,107.5,100.7,89.4,92.6,23.74,23.36,20.68,21.08
16.72,1013,106.5,0,3,76,2,9372,2.28,-0.11,107.6,100.7,89.4,92.6,23.75,23.37,20.68,21.08
16.76,1015,106.5,0,2,76.3,2,9372,2.31,-0.09,107.7,100.8,89.4,92.6,23.76,23.37,20.68,21.08
16.8,1016,106.5,0,2,75.9,2,9372,2.35,-0.07,107.9,100.8,89.4,92.6,23.76,23.37,20.68,21.08
16.84,1017,106.5,0,1,76.6,2,9372,2.39,-0.05,108,100.8,89.4,92.6,23.77,23.38,20.68,21.08
16.88,1018,106.5,0,0,76.4,2,9372,2.42,-0.03,108.1,100.9,89.4,92.6,23.78,23.38,20.68,21.08
16.92,1019,106.5,0,0,76.6,2,9372,2.46,-0.01,108.2,100.9,89.4,92.6,23.79,23.38,20.68,21.08
16.96,1021,106.5,1,0,76,2,9372,3.39,0,108.2,100.9,89.5,92.7,23.79,23.38,20.68,21.08
17,1022,106.5,3,0,75.6,2,9372,3.36,0.01,108.2,100.9,89.5,92.7,23.79,23.38,20.69,21.09
17.04,1023,106.5,5,0,74.8,2,9373,3.33,0.02,108.2,100.9,89.5,92.7,23.79,23.38,20.69,21.09
17.08,1024,106.5,6,0,74.1,2,9374,3.3,0.02,108.2,100.9,89.6,92.8,23.79,23.38,20.69,21.09
17.12,1025,106.5,8,0,73.3,2,9375,3.27,0.03,108.2,100.9,89.6,92.8,23.79,23.38,20.69,21.09
17.16,1026,106.5,9,0,72.6,2,9376,3.24,0.04,108.2,100.9,89.6,92.8,23.79,23.38,20.7,21.1
17.2,1028,106.6,11,0,70.9,2,9377,3.2,0.05,108.2,100.9,89.7,92.9,23.79,23.38,20.7,21.1
17.24,1029,106.6,12,0,70.8,2,9379,3.17,0.05,108.2,100.9,89.7,92.9,23.79,23.38,20.7,21.1
17.28,1030,106.6,13,0,69.6,2,9380,3.14,0.06,108.2,100.9,89.7,92.9,23.79,23.38,20.7,21.1
17.32,1031,106.6,15,0,68.9,2,9382,3.11,0.07,108.2,100.9,89.8,93,23.79,23.38,20.71,21.11
17.36,1032,106.6,16,0,68,2,9384,3.08,0.08,108.2,100.9,89.8,93,23.79,23.38,20.71,21.11
17.4,1034,106.7,17,0,67.6,2,9386,3.05,0.08,108.2,100.9,89.8,93,23.79,23.38,20.71,21.11
17.44,1035,106.7,19,0,65.7,2,9388,3.02,0.09,108.2,100.9,89.9,93.1,23.79,23.38,20.72,21.12
17.48,1036,106.7,20,0,65.2,2,9391,2.99,0.1,108.2,100.9,89.9,93.1,23.79,23.38,20.72,21.12
17.52,1037,106.7,21,0,64.9,2,9393,2.96,0.1,108.2,100.9,89.9,93.1,23.79,23.38,20.72,21.12
17.56,1038,106.8,22,0,63.5,2,9396,2.93,0.11,108.2,100.9,90,93.2,23.79,23.38,20.72,21.12
17.6,1039,106.8,24,0,61.8,2,9399,2.9,0.12,108.2,100.9,90,93.2,23.79,23.38,20.73,21.13
17.64,1041,106.8,25,0,61.4,2,9402,2.87,0.13,108.2,100.9,90,93.2,23.79,23.38,20.73,21.13
17.68,1042,106.9,26,0,61.5,2,9405,2.84,0.13,108.2,100.9,90.1,93.3,23.79,23.38,20.73,21.13
17.72,1043,106.9,27,0,60.6,2,9408,2.81,0.14,108.2,100.9,90.1,93.3,23.79,23.38,20.73,21.13
17.76,1044,106.9,28,0,59.4,2,9411,2.78,0.15,108.2,100.9,90.2,93.4,23.79,23.38,20.74,21.14
17.8,1045,107,30,0,57.4,2,9415,2.75,0.16,108.2,100.9,90.2,93.4,23.79,23.38,20.74,21.14
17.84,1047,107,31,0,57.5,2,9419,2.72,0.16,108.2,100.9,90.2,93.4,23.79,23.38,20.74,21.14
17.88,1048,107.1,32,0,56.8,2,9422,2.69,0.17,108.2,100.9,90.3,93.5,23.79,23.38,20.74,21.14
17.92,1049,107.1,33,0,55.3,2,9426,2.66,0.18,108.2,100.9,90.3,93.5,23.79,23.38,20.75,21.15
17.96,1050,107.2,34,0,54.8,2,9430,2.63,0.18,108.2,100.9,90.3,93.5,23.79,23.38,20.75,21.15
18,1051,107.2,35,0,54.2,2,9435,2.6,0.19,108.2,100.9,90.4,93.6,23.79,23.38,20.75,21.15
18.04,1053,107.3,37,0,53.5,2,9439,2.57,0.2,108.2,100.9,90.4,93.6,23.79,23.38,20.75,21.15
18.08,1054,107.3,38,0,52.9,2,9443,2.53,0.21,108.2,100.9,90.4,93.6,23.79,23.38,20.76,21.16
18.12,1055,107.4,39,0,51.6,2,9448,2.5,0.21,108.2,100.9,90.5,93.7,23.79,23.38,20.76,21.16
18.16,1056,107.4,40,0,50.8,2,9453,2.47,0.22,108.2,100.9,90.5,93.7,23.79,23.38,20.76,21.16
18.2,1057,107.5,41,0,50.2,2,9458,2.44,0.23,108.2,100.9,90.5,93.7,23.79,23.38,20.77,21.17
18.24,1058,107.5,42,0,48.4,2,9463,2.41,0.24,108.2,100.9,90.6,93.8,23.79,23.38,20.77,21.17
18.28,1060,107.6,43,0,48.8,2,9468,2.38,0.24,108.2,100.9,90.6,93.8,23.79,23.38,20.77,21.17
18.32,1061,107.6,44,0,47.2,2,9473,2.35,0.25,108.2,100.9,90.6,93.8,23.79,23.38,20.77,21.17
18.36,1062,107.7,46,0,45.6,2,9479,2.32,0.26,108.2,100.9,90.7,93.9,23.79,23.38,20.78,21.18
18.4,1063,107.8,47,0,45.4,2,9484,2.29,0.27,108.2,100.9,90.7,93.9,23.79,23.38,20.78,21.18
18.44,1064,107.8,48,0,43.7,2,9490,2.26,0.27,108.2,100.9,90.7,93.9,23.79,23.38,20.78,21.18
18.48,1066,107.9,49,0,43.6,2,9496,2.23,0.28,108.2,100.9,90.8,94,23.79,23.38,20.78,21.18
18.52,1067,108,50,0,42.7,2,9502,2.2,0.29,108.2,100.9,90.8,94,23.79,23.38,20.79,21.19
18.56,1068,108,51,0,42.4,2,9508,2.17,0.29,108.2,100.9,90.9,94.1,23.79,23.38,20.79,21.19
18.6,1069,108.1,52,0,41.1,2,9514,2.14,0.3,108.2,100.9,90.9,94.1,23.79,23.38,20.79,21.19
18.64,1070,108.2,53,0,40.5,2,9520,2.1,0.31,108.2,100.9,90.9,94.1,23.79,23.38,20.79,21.19
18.68,1072,108.3,54,0,39.3,2,9526,2.07,0.32,108.2,100.9,91,94.2,23.79,23.38,20.8,21.2
18.72,1073,108.3,55,0,38.3,2,9533,2.04,0.32,108.2,100.9,91,94.2,23.79,23.38,20.8,21.2
18.76,1074,108.4,56,0,37.8,2,9539,2.01,0.33,108.2,100.9,91,94.2,23.79,23.38,20.8,21.2
18.8,1075,108.5,58,0,36.8,2,9546,1.98,0.34,108.2,100.9,91.1,94.3,23.79,23.38,20.8,21.2
18.84,1076,108.6,59,0,35.6,2,9553,1.95,0.35,108.2,100.9,91.1,94.3,23.79,23.38,20.81,21.21
18.88,1078,108.6,60,0,34.8,2,9560,1.92,0.35,108.2,100.9,91.1,94.3,23.79,23.38,20.81,21.21
18.92,1079,108.7,61,0,34.1,2,9567,1.89,0.36,108.2,100.9,91.2,94.4,23.79,23.38,20.81,21.21
18.96,1080,108.8,62,0,33.5,2,9575,1.86,0.37,108.2,100.9,91.2,94.4,23.79,23.38,20.82,21.22
19,1081,108.9,63,0,32.5,2,9582,1.83,0.38,108.2,100.9,91.2,94.4,23.79,23.38,20.82,21.22
19.04,1083,109,64,0,32.1,2,9590,1.8,0.38,108.2,100.9,91.3,94.5,23.79,23.38,20.82,21.22
19.08,1084,109.1,65,0,30.7,2,9597,1.76,0.39,108.2,100.9,91.3,94.5,23.79,23.38,20.82,21.22
19.12,1085,109.1,66,0,29.4,2,9605,1.73,0.4,108.2,100.9,91.3,94.5,23.79,23.38,20.83,21.23
19.16,1086,109.2,67,0,28.7,2,9613,1.7,0.41,108.2,100.9,91.4,94.6,23.79,23.38,20.83,21.23
19.2,1087,109.3,68,0,28.1,2,9621,1.67,0.41,108.2,100.9,91.4,94.6,23.79,23.38,20.83,21.23
19.24,1089,109.4,69,0,26.8,2,9629,1.64,0.42,108.2,100.9,91.4,94.6,23.79,23.38,20.83,21.23
19.28,1090,109.5,70,0,26,2,9637,1.61,0.43,108.2,100.9,91.5,94.7,23.79,23.38,20.84,21.24
19.32,1091,109.6,71,0,24.8,2,9645,1.58,0.44,108.2,100.9,91.5,94.7,23.79,23.38,20.84,21.24
19.36,1092,109.7,72,0,24.7,2,9654,1.55,0.44,108.2,100.9,91.6,94.8,23.79,23.38,20.84,21.24
19.4,1093,109.8,73,0,24.2,2,9662,1.51,0.45,108.2,100.9,91.6,94.8,23.79,23.38,20.84,21.24
19.44,1095,109.9,74,0,22.6,2,9671,1.48,0.46,108.2,100.9,91.6,94.8,23.79,23.38,20.85,21.25
19.48,1096,110,75,0,21.4,2,9679,1.45,0.47,108.2,100.9,91.7,94.9,23.79,23.38,20.85,21.25
19.52,1097,110.1,76,0,20.4,2,9688,1.42,0.47,108.2,100.9,91.7,94.9,23.79,23.38,20.85,21.25
19.56,1098,110.2,77,0,20.1,2,9697,1.39,0.48,108.2,100.9,91.7,94.9,23.79,23.38,20.85,21.25
19.6,1100,110.3,78,0,19.2,2,9706,1.36,0.49,108.2,100.9,91.8,95,23.79,23.38,20.86,21.26
19.64,1101,110.4,79,0,17.9,2,9715,1.33,0.5,108.2,100.9,91.8,95,23.79,23.38,20.86,21.26
19.68,1102,110.5,80,0,17.5,2,9725,1.3,0.5,108.2,100.9,91.8,95,23.79,23.38,20.86,21.26
19.72,1103,110.6,81,0,17,2,9734,1.26,0.51,108.2,100.9,91.9,95.1,23.79,23.38,20.86,21.26
19.76,1104,110.7,82,0,15.3,2,9744,1.23,0.52,108.2,100.9,91.9,95.1,23.79,23.38,20.87,21.27
19.8,1106,110.8,83,0,14.4,2,9753,1.2,0.53,108.2,100.9,91.9,95.1,23.79,23.38,20.87,21.27
19.84,1107,110.9,85,0,13.5,2,9763,1.17,0.53,108.2,100.9,92,95.2,23.79,23.38,20.87,21.27
19.88,1108,111.1,86,0,12.3,2,9773,1.14,0.54,108.2,100.9,92,95.2,23.79,23.38,20.88,21.28
19.92,1109,111.2,87,0,11.7,2,9783,1.11,0.55,108.2,100.9,92,95.2,23.79,23.38,20.88,21.28
19.96,1111,111.3,88,0,12,2,9793,1.07,0.56,108.2,100.9,92.1,95.3,23.79,23.38,20.88,21.28
20,1112,111.4,89,0,10.6,2,9803,1.04,0.56,108.2,100.9,92.1,95.3,23.79,23.38,20.88,21.28
20.04,1113,111.5,90,0,8.8,2,9813,1.01,0.57,108.2,100.9,92.1,95.3,23.79,23.38,20.89,21.29
20.08,1114,111.6,91,0,8.6,2,9824,0.98,0.58,108.2,100.9,92.2,95.4,23.79,23.38,20.89,21.29
20.12,1116,111.8,92,0,8.2,2,9834,0.95,0.59,108.2,100.9,92.2,95.4,23.79,23.38,20.89,21.29
20.16,1117,111.9,93,0,6.4,2,9845,0.91,0.59,108.2,100.9,92.3,95.5,23.79,23.38,20.89,21.29
20.2,1118,112,94,0,5.8,2,9856,0.88,0.6,108.2,100.9,92.3,95.5,23.79,23.38,20.9,21.3
20.24,1119,112.1,95,0,4.5,2,9867,0.85,0.61,108.2,100.9,92.3,95.5,23.79,23.38,20.9,21.3
20.28,1121,112.2,96,0,4.2,2,9878,0.82,0.62,108.2,100.9,92.4,95.6,23.79,23.38,20.9,21.3
20.32,1122,112.4,97,0,3.9,2,9889,0.79,0.62,108.2,100.9,92.4,95.6,23.79,23.38,20.9,21.3
20.36,1123,112.5,98,0,2.1,2,9900,0.76,0.63,108.2,100.9,92.4,95.6,23.79,23.38,20.91,21.31
20.4,1124,112.6,99,0,1.6,2,9911,0.72,0.64,108.2,100.9,92.5,95.7,23.79,23.38,20.91,21.31
20.44,1126,112.8,100,0,0.7,2,9922,0.69,0.65,108.2,100.9,92.5,95.7,23.79,23.38,20.91,21.31
20.48,1127,111.8,0,15,-0.3,2,9838,0,-4.2,108.3,101,92.5,95.7,23.79,23.39,20.91,21.31
20.52,1128,110.6,0,19,-0.5,2,9731,0,-4.2,108.3,101.2,92.5,95.7,23.8,23.4,20.91,21.31
20.56,1129,109.2,0,22,1.9,2,9607,0,-4.2,108.3,101.3,92.5,95.7,23.8,23.41,20.91,21.31
20.6,1131,107.5,0,26,-0.1,2,9460,0,-4.2,108.4,101.4,92.5,95.7,23.8,23.42,20.91,21.31
20.64,1132,105.6,0,30,0.4,2,9292,0,-4.2,108.4,101.5,92.5,95.7,23.81,23.43,20.91,21.31
20.68,1133,103.5,0,33,-0.2,2,9106,0,-4.2,108.5,101.6,92.5,95.7,23.81,23.44,20.91,21.31
20.72,1134,101.1,0,37,-0.7,2,8897,0,-4.2,108.5,101.8,92.5,95.7,23.81,23.44,20.91,21.31
20.76,1135,98.5,0,40,-1.5,2,8672,0,-4.2,108.5,101.9,92.5,95.7,23.82,23.45,20.91,21.31
20.8,1136,95.7,0,44,0.9,2,8424,0,-4.2,108.6,102,92.5,95.7,23.82,23.46,20.91,21.31
20.84,1137,92.8,0,45,-0.9,1,10678,0,-4.2,108.6,102.1,92.5,95.7,23.82,23.47,20.91,21.31
20.88,1138,90,0,45,0.4,1,10346,0,-4.2,108.7,102.2,92.5,95.7,23.82,23.48,20.91,21.31
20.92,1139,87.1,0,45,-0.3,1,10015,0,-4.2,108.7,102.4,92.5,95.7,23.83,23.49,20.91,21.31
20.96,1140,84.2,0,45,0.4,1,9684,0,-4.2,108.7,102.5,92.5,95.7,23.83,23.5,20.91,21.31
21,1141,81.3,0,45,0,1,9353,0,-4.2,108.8,102.6,92.5,95.7,23.83,23.51,20.91,21.31
21.04,1142,78.5,0,45,-0.5,1,9028,0,-4.2,108.8,102.7,92.5,95.7,23.84,23.52,20.91,21.31
21.08,1143,78.5,0,45,-0.8,1,9028,0,-4.2,108.9,102.8,92.5,95.7,23.84,23.53,20.91,21.31
21.12,1144,78.5,0,45,0.8,1,9028,0,-4.2,108.9,103,92.5,95.7,23.84,23.53,20.91,21.31
21.16,1145,78.5,0,45,-0.2,1,9028,0,-4.2,108.9,103.1,92.5,95.7,23.85,23.54,20.91,21.31
21.2,1146,78.5,0,45,-0.9,1,9028,0,-4.2,109,103.2,92.5,95.7,23.85,23.55,20.91,21.31
21.24,1147,78.5,0,45,-0.5,1,9028,0,-4.2,109,103.3,92.5,95.7,23.85,23.56,20.91,21.31
21.28,1147,78.5,0,45,0.1,1,9028,0,-4.2,109.1,103.4,92.5,95.7,23.85,23.57,20.91,21.31
21.32,1148,78.5,0,45,-0.5,1,9028,0,-4.2,109.1,103.6,92.5,95.7,23.86,23.58,20.91,21.31
21.36,1149,78.5,0,45,0.8,1,9028,0,-4.2,109.1,103.7,92.5,95.7,23.86,23.59,20.91,21.31
21.4,1150,78.5,0,45,0.3,1,9028,0,-4.2,109.2,103.8,92.5,95.7,23.86,23.6,20.91,21.31
21.44,1151,78.5,0,45,-0.2,1,9028,0,-4.2,109.2,103.9,92.5,95.7,23.87,23.61,20.91,21.31
21.48,1152,78.5,0,45,1.2,1,9028,0,-4.2,109.3,104,92.5,95.7,23.87,23.62,20.91,21.31
21.52,1153,78.5,0,45,-1.1,1,9028,0,-4.2,109.3,104.2,92.5,95.7,23.87,23.62,20.91,21.31
21.56,1153,78.5,0,45,1,1,9028,0,-4.2,109.3,104.3,92.5,95.7,23.88,23.63,20.91,21.31
21.6,1154,78.5,0,45,0.4,1,9028,0,-4.2,109.4,104.4,92.5,95.7,23.88,23.64,20.91,21.31
21.64,1155,78.5,0,45,0,1,9028,0,-4.2,109.4,104.5,92.5,95.7,23.88,23.65,20.91,21.31
21.68,1156,78.5,0,45,0.4,1,9028,0,-4.2,109.5,104.6,92.5,95.7,23.88,23.66,20.91,21.31
21.72,1157,78.5,0,45,-0.8,1,9028,0,-4.2,109.5,104.8,92.5,95.7,23.89,23.67,20.91,21.31
21.76,1158,78.5,0,45,0.9,1,9028,0,-4.2,109.5,104.9,92.5,95.7,23.89,23.68,20.91,21.31
21.8,1159,78.5,0,45,0.4,1,9028,0,-4.2,109.6,105,92.5,95.7,23.89,23.69,20.91,21.31
21.84,1160,78.5,0,45,1.3,1,9028,0,-4.2,109.6,105.1,92.5,95.7,23.9,23.7,20.91,21.31
21.88,1160,78.5,0,45,0.7,1,9028,0,-4.2,109.7,105.2,92.5,95.7,23.9,23.71,20.91,21.31
21.92,1161,78.5,0,45,-0.4,1,9028,0,-4.2,109.7,105.4,92.5,95.7,23.9,23.71,20.91,21.31
21.96,1162,78.5,0,45,1.2,1,9028,0,-4.2,109.7,105.5,92.5,95.7,23.91,23.72,20.91,21.31
22,1163,78.5,0,45,-0.3,1,9028,0,-4.2,109.8,105.6,92.5,95.7,23.91,23.73,20.91,21.31
22.04,1164,78.5,0,45,-1.3,1,9028,0,-4.2,109.8,105.7,92.5,95.7,23.91,23.74,20.91,21.31
22.08,1165,78.5,0,45,0.3,1,9028,0,-4.2,109.9,105.8,92.5,95.7,23.91,23.75,20.91,21.31
22.12,1166,78.5,0,45,0.4,1,9028,0,-4.2,109.9,106,92.5,95.7,23.92,23.76,20.91,21.31
22.16,1167,78.5,0,44,-1.9,1,9028,-0.02,-1.39,109.9,106.1,92.5,95.7,23.92,23.77,20.91,21.31
22.2,1167,78.5,0,43,-2.9,1,9028,-0.04,-1.37,110,106.2,92.5,95.7,23.92,23.78,20.91,21.31
22.24,1168,78.5,0,42,-6,1,9028,-0.07,-1.34,110,106.3,92.5,95.7,23.93,23.79,20.91,21.31
22.28,1169,78.5,0,41,-8.6,1,9028,-0.1,-1.32,110.1,106.4,92.5,95.7,23.93,23.8,20.91,21.31
22.32,1170,78.5,0,40,-9.4,1,9028,-0.13,-1.3,110.1,106.6,92.5,95.7,23.93,23.8,20.91,21.31
22.36,1171,78.5,0,39,-12.7,1,9028,-0.16,-1.27,110.1,106.7,92.5,95.7,23.94,23.81,20.91,21.31
22.4,1172,78.5,0,38,-14.4,1,9028,-0.18,-1.25,110.2,106.8,92.5,95.7,23.94,23.82,20.91,21.31
22.44,1173,78.5,0,38,-16.5,1,9028,-0.21,-1.23,110.2,106.9,92.5,95.7,23.94,23.83,20.91,21.31
22.48,1174,78.5,0,37,-18.9,1,9028,-0.24,-1.21,110.3,107,92.5,95.7,23.94,23.84,20.91,21.31
22.52,1174,78.5,0,36,-21.4,1,9028,-0.27,-1.18,110.3,107.2,92.5,95.7,23.95,23.85,20.91,21.31
22.56,1175,78.5,0,35,-24.4,1,9028,-0.3,-1.16,110.3,107.3,92.5,95.7,23.95,23.86,20.91,21.31
22.6,1176,78.5,0,34,-25.7,1,9028,-0.32,-1.14,110.4,107.4,92.5,95.7,23.95,23.87,20.91,21.31
22.64,1177,78.5,0,33,-27.9,1,9028,-0.35,-1.12,110.4,107.5,92.5,95.7,23.96,23.88,20.91,21.31
22.68,1178,78.5,0,32,-29.2,1,9028,-0.38,-1.09,110.5,107.6,92.5,95.7,23.96,23.89,20.91,21.31
22.72,1179,78.5,0,31,-32.1,1,9028,-0.41,-1.07,110.5,107.8,92.5,95.7,23.96,23.89,20.91,21.31
22.76,1180,78.5,0,30,-33.5,1,9028,-0.44,-1.05,110.5,107.9,92.5,95.7,23.97,23.9,20.91,21.31
22.8,1181,78.5,0,29,-35.7,1,9028,-0.46,-1.03,110.6,108,92.5,95.7,23.97,23.91,20.91,21.31
22.84,1181,78.5,0,28,-37.6,1,9028,-0.49,-1,110.6,108.1,92.5,95.7,23.97,23.92,20.91,21.31
22.88,1182,78.5,0,27,-40.4,1,9028,-0.52,-0.98,110.7,108.2,92.5,95.7,23.97,23.93,20.91,21.31
22.92,1183,78.5,0,26,-43,1,9028,-0.55,-0.96,110.7,108.4,92.5,95.7,23.98,23.94,20.91,21.31
22.96,1184,78.5,0,26,-44.1,1,9028,-0.58,-0.93,110.7,108.5,92.5,95.7,23.98,23.95,20.91,21.31
23,1185,78.5,0,25,-45.2,1,9028,-0.6,-0.91,110.8,108.6,92.5,95.7,23.98,23.96,20.91,21.31
23.04,1186,78.5,0,24,-47.4,1,9028,-0.63,-0.89,110.8,108.7,92.5,95.7,23.99,23.97,20.91,21.31
23.08,1187,78.5,0,23,-49.4,1,9028,-0.66,-0.87,110.9,108.8,92.5,95.7,23.99,23.98,20.91,21.31
23.12,1188,78.5,0,22,-52,1,9028,-0.69,-0.84,110.9,109,92.5,95.7,23.99,23.98,20.91,21.31
23.16,1188,78.5,0,21,-53.9,1,9028,-0.72,-0.82,110.9,109.1,92.5,95.7,24,23.99,20.91,21.31
23.2,1189,78.5,0,21,-55.4,1,9028,-0.74,-0.8,111,109.2,92.5,95.7,24,24,20.91,21.31
23.24,1190,78.5,0,20,-56.2,1,9028,-0.77,-0.78,111,109.3,92.5,95.7,24,24.01,20.91,21.31
23.28,1191,78.5,0,19,-58.4,1,9028,-0.8,-0.75,111.1,109.4,92.5,95.7,24,24.02,20.91,21.31
23.32,1192,78.5,0,18,-60.5,1,9028,-0.83,-0.73,111.1,109.6,92.5,95.7,24.01,24.03,20.91,21.31
23.36,1193,78.5,0,17,-62.4,1,9028,-0.86,-0.71,111.1,109.7,92.5,95.7,24.01,24.04,20.91,21.31
23.4,1194,78.5,0,17,-63.5,1,9028,-0.88,-0.69,111.2,109.8,92.5,95.7,24.01,24.05,20.91,21.31
23.44,1194,78.5,0,16,-64.8,1,9028,-0.91,-0.66,111.2,109.9,92.5,95.7,24.02,24.06,20.91,21.31
23.48,1195,78.5,0,15,-66.9,1,9028,-0.94,-0.64,111.3,110,92.5,95.7,24.02,24.07,20.91,21.31
23.52,1196,78.5,0,14,-67.7,1,9028,-0.97,-0.62,111.3,110.2,92.5,95.7,24.02,24.07,20.91,21.31
23.56,1197,78.5,0,14,-69.6,1,9028,-1,-0.59,111.3,110.3,92.5,95.7,24.03,24.08,20.91,21.31
23.6,1198,78.5,0,13,-71.1,1,9028,-1.02,-0.57,111.4,110.4,92.5,95.7,24.03,24.09,20.91,21.31
23.64,1199,78.5,0,12,-71.7,1,9028,-1.05,-0.55,111.4,110.5,92.5,95.7,24.03,24.1,20.91,21.31
23.68,1200,78.5,0,11,-73.6,1,9028,-1.08,-0.53,111.5,110.6,92.5,95.7,24.03,24.11,20.91,21.31
23.72,1201,78.5,0,11,-75,1,9028,-1.11,-0.5,111.5,110.8,92.5,95.7,24.04,24.12,20.91,21.31
23.76,1201,78.5,0,10,-76,1,9028,-1.14,-0.48,111.5,110.9,92.5,95.7,24.04,24.13,20.91,21.31
23.8,1202,78.5,0,9,-77.1,1,9028,-1.16,-0.46,111.6,111,92.5,95.7,24.04,24.14,20.91,21.31
23.84,1203,78.5,0,9,-78.1,1,9028,-1.19,-0.44,111.6,111.1,92.5,95.7,24.05,24.15,20.91,21.31
23.88,1204,78.5,0,8,-79.1,1,9028,-1.22,-0.41,111.7,111.2,92.5,95.7,24.05,24.16,20.91,21.31
23.92,1205,78.5,0,8,-80,1,9028,-1.25,-0.39,111.7,111.4,92.5,95.7,24.05,24.16,20.91,21.31
23.96,1206,78.5,0,7,-81.2,1,9028,-1.28,-0.37,111.7,111.5,92.5,95.7,24.06,24.17,20.91,21.31
24,1207,78.5,0,6,-82.3,1,9028,-1.3,-0.35,111.8,111.6,92.5,95.7,24.06,24.18,20.91,21.31
24.04,1208,78.5,0,6,-83.4,1,9028,-1.33,-0.32,111.8,111.7,92.5,95.7,24.06,24.19,20.91,21.31
24.08,1208,78.5,0,5,-83.6,1,9028,-1.36,-0.3,111.9,111.8,92.5,95.7,24.06,24.2,20.91,21.31
24.12,1209,78.5,0,5,-84,1,9028,-1.39,-0.28,111.9,112,92.5,95.7,24.07,24.21,20.91,21.31
24.16,1210,78.5,0,4,-85.2,1,9028,-1.42,-0.25,111.9,112.1,92.5,95.7,24.07,24.22,20.91,21.31
24.2,1211,78.5,0,4,-85.6,1,9028,-1.44,-0.23,112,112.2,92.5,95.7,24.07,24.23,20.91,21.31
24.24,1212,78.5,0,3,-85.8,1,9028,-1.47,-0.21,112,112.3,92.5,95.7,24.08,24.24,20.91,21.31
24.28,1213,78.5,0,3,-85.9,1,9028,-1.5,-0.19,112.1,112.4,92.5,95.7,24.08,24.25,20.91,21.31
24.32,1214,78.5,0,2,-87.4,1,9028,-1.53,-0.16,112.1,112.6,92.5,95.7,24.08,24.25,20.91,21.31
24.36,1215,78.5,0,2,-86.5,1,9028,-1.56,-0.14,112.1,112.7,92.5,95.7,24.09,24.26,20.91,21.31
24.4,1215,78.5,0,1,-88,1,9028,-1.58,-0.12,112.2,112.8,92.5,95.7,24.09,24.27,20.91,21.31
24.44,1216,78.5,0,1,-88.1,1,9028,-1.61,-0.1,112.2,112.9,92.5,95.7,24.09,24.28,20.91,21.31
24.48,1217,78.5,0,1,-88.2,1,9028,-1.64,-0.07,112.3,113,92.5,95.7,24.09,24.29,20.91,21.31
24.52,1218,78.5,0,0,-88.1,1,9028,-1.67,-0.05,112.3,113.2,92.5,95.7,24.1,24.3,20.91,21.31
24.56,1219,78.5,0,0,-88.4,1,9028,-1.7,-0.03,112.3,113.3,92.5,95.7,24.1,24.31,20.91,21.31
24.6,1220,78.5,0,0,-88.8,1,9028,-1.72,-0.01,112.4,113.4,92.5,95.7,24.1,24.32,20.91,21.31
24.64,1221,78.5,1,0,-88.2,1,9028,-3.38,0,112.4,113.4,92.5,95.7,24.1,24.32,20.91,21.31
24.68,1222,78.5,3,0,-87.1,1,9028,-3.36,0.01,112.4,113.4,92.6,95.8,24.1,24.32,20.92,21.32
24.72,1222,78.5,4,0,-86,1,9029,-3.34,0.01,112.4,113.4,92.6,95.8,24.1,24.32,20.92,21.32
24.76,1223,78.5,5,0,-86.9,1,9030,-3.32,0.02,112.4,113.4,92.6,95.8,24.1,24.32,20.92,21.32
24.8,1224,78.5,6,0,-84.6,1,9032,-3.29,0.03,112.4,113.4,92.7,95.9,24.1,24.32,20.93,21.33
24.84,1225,78.5,7,0,-83.4,1,9033,-3.27,0.03,112.4,113.4,92.7,95.9,24.1,24.32,20.93,21.33
24.88,1226,78.6,9,0,-83.6,1,9035,-3.25,0.04,112.4,113.4,92.7,95.9,24.1,24.32,20.93,21.33
24.92,1227,78.6,10,0,-83.4,1,9037,-3.23,0.04,112.4,113.4,92.8,96,24.1,24.32,20.93,21.33
24.96,1228,78.6,11,0,-81.9,1,9039,-3.2,0.05,112.4,113.4,92.8,96,24.1,24.32,20.94,21.34
25,1229,78.6,12,0,-81.8,1,9042,-3.18,0.05,112.4,113.4,92.8,96,24.1,24.32,20.94,21.34
25.04,1229,78.6,13,0,-80.9,1,9045,-3.16,0.06,112.4,113.4,92.9,96.1,24.1,24.32,20.94,21.34
25.08,1230,78.7,14,0,-80.4,1,9048,-3.14,0.06,112.4,113.4,92.9,96.1,24.1,24.32,20.94,21.34
25.12,1231,78.7,15,0,-79.6,1,9051,-3.11,0.07,112.4,113.4,93,96.2,24.1,24.32,20.95,21.35
25.16,1232,78.7,16,0,-78.7,1,9054,-3.09,0.07,112.4,113.4,93,96.2,24.1,24.32,20.95,21.35
25.2,1233,78.8,17,0,-77,1,9058,-3.07,0.08,112.4,113.4,93,96.2,24.1,24.32,20.95,21.35
25.24,1234,78.8,18,0,-77,1,9062,-3.05,0.08,112.4,113.4,93.1,96.3,24.1,24.32,20.95,21.35
25.28,1235,78.8,19,0,-76.2,1,9066,-3.02,0.09,112.4,113.4,93.1,96.3,24.1,24.32,20.96,21.36
25.32,1236,78.9,20,0,-76,1,9070,-3,0.1,112.4,113.4,93.1,96.3,24.1,24.32,20.96,21.36
25.36,1236,78.9,20,0,-74.6,1,9074,-2.98,0.1,112.4,113.4,93.2,96.4,24.1,24.32,20.96,21.36
25.4,1237,78.9,21,0,-73.7,1,9079,-2.96,0.11,112.4,113.4,93.2,96.4,24.1,24.32,20.96,21.36
25.44,1238,79,22,0,-73.2,1,9083,-2.93,0.11,112.4,113.4,93.2,96.4,24.1,24.32,20.97,21.37
25.48,1239,79,23,0,-73.5,1,9088,-2.91,0.12,112.4,113.4,93.3,96.5,24.1,24.32,20.97,21.37
25.52,1240,79.1,24,0,-72.6,1,9093,-2.89,0.12,112.4,113.4,93.3,96.5,24.1,24.32,20.97,21.37
25.56,1241,79.1,25,0,-71.1,1,9098,-2.87,0.13,112.4,113.4,93.3,96.5,24.1,24.32,20.98,21.38
25.6,1242,79.2,26,0,-70.3,1,9104,-2.84,0.13,112.4,113.4,93.4,96.6,24.1,24.32,20.98,21.38
25.64,1243,79.2,27,0,-69.3,1,9110,-2.82,0.14,112.4,113.4,93.4,96.6,24.1,24.32,20.98,21.38
25.68,1243,79.3,28,0,-69.1,1,9116,-2.8,0.14,112.4,113.4,93.4,96.6,24.1,24.32,20.98,21.38
25.72,1244,79.3,29,0,-67.9,1,9122,-2.78,0.15,112.4,113.4,93.5,96.7,24.1,24.32,20.99,21.39
25.76,1245,79.4,29,0,-67,1,9128,-2.75,0.15,112.4,113.4,93.5,96.7,24.1,24.32,20.99,21.39
25.8,1246,79.4,30,0,-66.7,1,9134,-2.73,0.16,112.4,113.4,93.5,96.7,24.1,24.32,20.99,21.39
25.84,1247,79.5,31,0,-65.9,1,9141,-2.71,0.17,112.4,113.4,93.6,96.8,24.1,24.32,20.99,21.39
25.88,1248,79.5,32,0,-65.8,1,9147,-2.69,0.17,112.4,113.4,93.6,96.8,24.1,24.32,21,21.4
25.92,1249,79.6,33,0,-65.3,1,9154,-2.66,0.18,112.4,113.4,93.7,96.9,24.1,24.32,21,21.4
25.96,1250,79.7,34,0,-64.2,1,9161,-2.64,0.18,112.4,113.4,93.7,96.9,24.1,24.32,21,21.4
26,1250,79.7,35,0,-64,1,9169,-2.62,0.19,112.4,113.4,93.7,96.9,24.1,24.32,21,21.4
26.04,1251,79.8,36,0,-62.8,1,9176,-2.6,0.19,112.4,113.4,93.8,97,24.1,24.32,21.01,21.41
26.08,1252,79.9,36,0,-61.7,1,9184,-2.57,0.2,112.4,113.4,93.8,97,24.1,24.32,21.01,21.41
26.12,1253,79.9,37,0,-59.9,1,9191,-2.55,0.2,112.4,113.4,93.8,97,24.1,24.32,21.01,21.41
26.16,1254,80,38,0,-60.1,1,9199,-2.53,0.21,112.4,113.4,93.9,97.1,24.1,24.32,21.01,21.41
26.2,1255,80.1,39,0,-59.6,1,9208,-2.5,0.21,112.4,113.4,93.9,97.1,24.1,24.32,21.02,21.42
26.24,1256,80.1,40,0,-59,1,9216,-2.48,0.22,112.4,113.4,93.9,97.1,24.1,24.32,21.02,21.42
26.28,1257,80.2,41,0,-58.8,1,9224,-2.46,0.22,112.4,113.4,94,97.2,24.1,24.32,21.02,21.42
26.32,1258,80.3,41,0,-57.1,1,9233,-2.44,0.23,112.4,113.4,94,97.2,24.1,24.32,21.03,21.43
26.36,1258,80.4,42,0,-56.5,1,9242,-2.41,0.24,112.4,113.4,94,97.2,24.1,24.32,21.03,21.43
26.4,1259,80.4,43,0,-55.6,1,9251,-2.39,0.24,112.4,113.4,94.1,97.3,24.1,24.32,21.03,21.43
26.44,1260,80.5,44,0,-55.2,1,9260,-2.37,0.25,112.4,113.4,94.1,97.3,24.1,24.32,21.03,21.43
26.48,1261,80.6,45,0,-54.5,1,9269,-2.34,0.25,112.4,113.4,94.1,97.3,24.1,24.32,21.04,21.44
26.52,1262,80.7,46,0,-52.9,1,9279,-2.32,0.26,112.4,113.4,94.2,97.4,24.1,24.32,21.04,21.44
26.56,1263,80.8,46,0,-52.5,1,9288,-2.3,0.26,112.4,113.4,94.2,97.4,24.1,24.32,21.04,21.44
26.6,1264,80.9,47,0,-51.8,1,9298,-2.28,0.27,112.4,113.4,94.2,97.4,24.1,24.32,21.04,21.44
26.64,1265,80.9,48,0,-50.8,1,9308,-2.25,0.27,112.4,113.4,94.3,97.5,24.1,24.32,21.05,21.45
26.68,1266,81,49,0,-50.9,1,9318,-2.23,0.28,112.4,113.4,94.3,97.5,24.1,24.32,21.05,21.45
26.72,1267,81.1,50,0,-49.7,1,9328,-2.21,0.29,112.4,113.4,94.4,97.6,24.1,24.32,21.05,21.45
26.76,1267,81.2,50,0,-48.9,1,9338,-2.18,0.29,112.4,113.4,94.4,97.6,24.1,24.32,21.05,21.45
26.8,1268,81.3,51,0,-47.5,1,9349,-2.16,0.3,112.4,113.4,94.4,97.6,24.1,24.32,21.06,21.46
26.84,1269,81.4,52,0,-48,1,9360,-2.14,0.3,112.4,113.4,94.5,97.7,24.1,24.32,21.06,21.46
26.88,1270,81.5,53,0,-47.3,1,9370,-2.11,0.31,112.4,113.4,94.5,97.7,24.1,24.32,21.06,21.46
26.92,1271,81.6,54,0,-46.5,1,9382,-2.09,0.31,112.4,113.4,94.5,97.7,24.1,24.32,21.06,21.46
26.96,1272,81.7,55,0,-45.4,1,9393,-2.07,0.32,112.4,113.4,94.6,97.8,24.1,24.32,21.07,21.47
27,1273,81.8,55,0,-44,1,9404,-2.04,0.32,112.4,113.4,94.6,97.8,24.1,24.32,21.07,21.47
27.04,1274,81.9,56,0,-43.6,1,9415,-2.02,0.33,112.4,113.4,94.6,97.8,24.1,24.32,21.07,21.47
27.08,1275,82,57,0,-43.2,1,9427,-2,0.34,112.4,113.4,94.7,97.9,24.1,24.32,21.07,21.47
27.12,1276,82.1,58,0,-43,1,9439,-1.97,0.34,112.4,113.4,94.7,97.9,24.1,24.32,21.08,21.48
27.16,1277,82.2,59,0,-41,1,9451,-1.95,0.35,112.4,113.4,94.7,97.9,24.1,24.32,21.08,21.48
27.2,1277,82.3,59,0,-40.1,1,9463,-1.93,0.35,112.4,113.4,94.8,98,24.1,24.32,21.08,21.48
27.24,1278,82.4,60,0,-39.6,1,9475,-1.9,0.36,112.4,113.4,94.8,98,24.1,24.32,21.09,21.49
27.28,1279,82.5,61,0,-38.8,1,9487,-1.88,0.36,112.4,113.4,94.8,98,24.1,24.32,21.09,21.49
27.32,1280,82.6,62,0,-38.2,1,9500,-1.86,0.37,112.4,113.4,94.9,98.1,24.1,24.32,21.09,21.49
27.36,1281,82.7,63,0,-37.8,1,9513,-1.83,0.37,112.4,113.4,94.9,98.1,24.1,24.32,21.09,21.49
27.4,1282,82.8,63,0,-37.3,1,9525,-1.81,0.38,112.4,113.4,94.9,98.1,24.1,24.32,21.1,21.5
27.44,1283,82.9,64,0,-36,1,9538,-1.79,0.39,112.4,113.4,95,98.2,24.1,24.32,21.1,21.5
27.48,1284,83.1,65,0,-35.5,1,9551,-1.76,0.39,112.4,113.4,95,98.2,24.1,24.32,21.1,21.5
27.52,1285,83.2,66,0,-34.7,1,9565,-1.74,0.4,112.4,113.4,95.1,98.3,24.1,24.32,21.1,21.5
27.56,1286,83.3,67,0,-34,1,9578,-1.71,0.4,112.4,113.4,95.1,98.3,24.1,24.32,21.11,21.51
27.6,1287,83.4,67,0,-33.9,1,9592,-1.69,0.41,112.4,113.4,95.1,98.3,24.1,24.32,21.11,21.51
27.64,1288,83.5,68,0,-32.6,1,9605,-1.67,0.41,112.4,113.4,95.2,98.4,24.1,24.32,21.11,21.51
27.68,1288,83.6,69,0,-31.6,1,9619,-1.64,0.42,112.4,113.4,95.2,98.4,24.1,24.32,21.11,21.51
27.72,1289,83.8,70,0,-30.4,1,9633,-1.62,0.43,112.4,113.4,95.2,98.4,24.1,24.32,21.12,21.52
27.76,1290,83.9,71,0,-31,1,9647,-1.6,0.43,112.4,113.4,95.3,98.5,24.1,24.32,21.12,21.52
27.8,1291,84,71,0,-29.3,1,9661,-1.57,0.44,112.4,113.4,95.3,98.5,24.1,24.32,21.12,21.52
27.84,1292,84.1,72,0,-28.5,1,9675,-1.55,0.44,112.4,113.4,95.3,98.5,24.1,24.32,21.12,21.52
27.88,1293,84.3,73,0,-28.5,1,9690,-1.52,0.45,112.4,113.4,95.4,98.6,24.1,24.32,21.13,21.53
27.92,1294,84.4,74,0,-27.2,1,9705,-1.5,0.45,112.4,113.4,95.4,98.6,24.1,24.32,21.13,21.53
27.96,1295,84.5,75,0,-25.8,1,9719,-1.48,0.46,112.4,113.4,95.4,98.6,24.1,24.32,21.13,21.53
28,1296,84.6,75,0,-24.7,1,9734,-1.45,0.47,112.4,113.4,95.5,98.7,24.1,24.32,21.14,21.54
28.04,1297,84.8,76,0,-24.3,1,9749,-1.43,0.47,112.4,113.4,95.5,98.7,24.1,24.32,21.14,21.54
28.08,1298,84.9,77,0,-23.4,1,9764,-1.4,0.48,112.4,113.4,95.5,98.7,24.1,24.32,21.14,21.54
28.12,1299,85,78,0,-22.5,1,9780,-1.38,0.48,112.4,113.4,95.6,98.8,24.1,24.32,21.14,21.54
28.16,1300,85.2,78,0,-21.6,1,9795,-1.35,0.49,112.4,113.4,95.6,98.8,24.1,24.32,21.15,21.55
28.2,1301,85.3,79,0,-20.3,1,9811,-1.33,0.49,112.4,113.4,95.6,98.8,24.1,24.32,21.15,21.55
28.24,1302,85.4,80,0,-20.5,1,9826,-1.31,0.5,112.4,113.4,95.7,98.9,24.1,24.32,21.15,21.55
28.28,1303,85.6,81,0,-19.9,1,9842,-1.28,0.51,112.4,113.4,95.7,98.9,24.1,24.32,21.15,21.55
28.32,1304,85.7,82,0,-18.8,1,9858,-1.26,0.51,112.4,113.4,95.8,99,24.1,24.32,21.16,21.56
28.36,1304,85.9,82,0,-17.1,1,9874,-1.23,0.52,112.4,113.4,95.8,99,24.1,24.32,21.16,21.56
28.4,1305,86,83,0,-16.9,1,9890,-1.21,0.52,112.4,113.4,95.8,99,24.1,24.32,21.16,21.56
28.44,1306,86.1,84,0,-16.2,1,9906,-1.18,0.53,112.4,113.4,95.9,99.1,24.1,24.32,21.16,21.56
28.48,1307,86.3,85,0,-16.2,1,9923,-1.16,0.54,112.4,113.4,95.9,99.1,24.1,24.32,21.17,21.57
28.52,1308,86.4,86,0,-14.2,1,9940,-1.13,0.54,112.4,113.4,95.9,99.1,24.1,24.32,21.17,21.57
28.56,1309,86.6,86,0,-14.3,1,9956,-1.11,0.55,112.4,113.4,96,99.2,24.1,24.32,21.17,21.57
28.6,1310,86.7,87,0,-12.9,1,9973,-1.09,0.55,112.4,113.4,96,99.2,24.1,24.32,21.17,21.57
28.64,1311,86.9,88,0,-12.5,1,9990,-1.06,0.56,112.4,113.4,96,99.2,24.1,24.32,21.18,21.58
28.68,1312,87,89,0,-10.9,1,10007,-1.04,0.57,112.4,113.4,96.1,99.3,24.1,24.32,21.18,21.58
28.72,1313,87.2,90,0,-10.6,1,10024,-1.01,0.57,112.4,113.4,96.1,99.3,24.1,24.32,21.18,21.58
28.76,1314,87.3,90,0,-9.2,1,10041,-0.99,0.58,112.4,113.4,96.1,99.3,24.1,24.32,21.19,21.59
28.8,1315,87.5,91,0,-9,1,10059,-0.96,0.58,112.4,113.4,96.2,99.4,24.1,24.32,21.19,21.59
28.84,1316,87.6,92,0,-8.6,1,10076,-0.94,0.59,112.4,113.4,96.2,99.4,24.1,24.32,21.19,21.59
28.88,1317,87.8,93,0,-7.7,1,10094,-0.91,0.59,112.4,113.4,96.2,99.4,24.1,24.32,21.19,21.59
28.92,1318,87.9,94,0,-6.9,1,10112,-0.89,0.6,112.4,113.4,96.3,99.5,24.1,24.32,21.2,21.6
28.96,1319,88.1,94,0,-5.7,1,10130,-0.86,0.61,112.4,113.4,96.3,99.5,24.1,24.32,21.2,21.6
29,1320,88.2,95,0,-5.1,1,10148,-0.84,0.61,112.4,113.4,96.3,99.5,24.1,24.32,21.2,21.6
29.04,1321,88.4,96,0,-3.7,1,10166,-0.81,0.62,112.4,113.4,96.4,99.6,24.1,24.32,21.2,21.6
29.08,1322,88.6,97,0,-3.3,1,10184,-0.79,0.62,112.4,113.4,96.4,99.6,24.1,24.32,21.21,21.61
29.12,1323,88.7,97,0,-2.2,1,10203,-0.76,0.63,112.4,113.4,96.5,99.7,24.1,24.32,21.21,21.61
29.16,1324,88.9,98,0,-2.2,1,10221,-0.74,0.64,112.4,113.4,96.5,99.7,24.1,24.32,21.21,21.61
29.2,1325,89,99,0,-0.8,1,10240,-0.71,0.64,112.4,113.4,96.5,99.7,24.1,24.32,21.21,21.61
29.24,1326,89.2,100,0,-0.4,1,10258,-0.68,0.65,112.4,113.4,96.6,99.8,24.1,24.32,21.22,21.62
29.28,1327,89.5,100,0,-0.9,1,10287,0.02,0.18,112.4,113.4,96.5,99.7,24.1,24.32,21.22,21.62
29.32,1328,89.7,100,0,0.4,1,10315,0.02,0.17,112.4,113.4,96.5,99.7,24.1,24.32,21.21,21.61
29.36,1329,89.9,100,0,0.1,1,10344,0.01,0.17,112.3,113.4,96.5,99.7,24.1,24.31,21.21,21.61
29.4,1330,90.2,100,0,-0.7,1,10372,-0.01,0.17,112.3,113.3,96.5,99.7,24.1,24.31,21.21,21.61
29.44,1331,90.4,100,0,0.4,1,10400,-0.01,0.17,112.3,113.3,96.5,99.7,24.1,24.31,21.21,21.61
29.48,1332,90.7,100,0,-0.3,1,10428,0.01,0.17,112.3,113.3,96.5,99.7,24.1,24.31,21.21,21.61
29.52,1333,90.9,100,0,-0.1,1,10456,0.01,0.17,112.3,113.3,96.5,99.7,24.1,24.31,21.21,21.61
29.56,1334,91.2,100,0,0.2,1,10484,0.01,0.17,112.3,113.3,96.5,99.7,24.1,24.31,21.21,21.61
29.6,1335,91.4,100,0,-0.3,1,10511,0.02,0.17,112.3,113.3,96.4,99.6,24.1,24.31,21.21,21.61
29.64,1336,91.6,100,0,0.5,1,10539,-0.01,0.17,112.3,113.3,96.4,99.6,24.09,24.31,21.21,21.61
29.68,1337,91.9,100,0,0.5,1,10566,-0.01,0.17,112.2,113.3,96.4,99.6,24.09,24.31,21.21,21.61
29.72,1338,92.1,100,0,-0.1,1,10594,0.03,0.17,112.2,113.3,96.4,99.6,24.09,24.31,21.21,21.61
29.76,1339,92.4,100,0,0,1,10621,-0.01,0.17,112.2,113.2,96.4,99.6,24.09,24.31,21.2,21.6
29.8,1340,92.6,100,0,-0.2,1,10648,-0.01,0.17,112.2,113.2,96.4,99.6,24.09,24.3,21.2,21.6
29.84,1341,92.8,100,0,0,1,10675,0,0.17,112.2,113.2,96.4,99.6,24.09,24.3,21.2,21.6
29.88,1342,93.1,100,0,0.5,1,10702,-0.01,0.17,112.2,113.2,96.4,99.6,24.09,24.3,21.2,21.6
29.92,1343,93.3,100,0,-0.7,1,10729,0,0.17,112.2,113.2,96.4,99.6,24.09,24.3,21.2,21.6
29.96,1344,93.5,100,0,-0.4,1,10756,-0.01,0.16,112.2,113.2,96.3,99.5,24.09,24.3,21.2,21.6
30,1345,93.8,100,0,0.4,1,10782,-0.02,0.16,112.1,113.2,96.3,99.5,24.09,24.3,21.2,21.6
30.04,1346,94,100,0,0,1,10809,0.03,0.16,112.1,113.2,96.3,99.5,24.09,24.3,21.2,21.6
30.08,1347,94.2,100,0,0,1,10836,0.01,0.16,112.1,113.1,96.3,99.5,24.08,24.3,21.2,21.6
30.12,1348,94.5,100,0,-0.3,1,10862,0.02,0.16,112.1,113.1,96.3,99.5,24.08,24.3,21.2,21.6
30.16,1349,94.7,100,0,0.1,1,10888,-0.02,0.16,112.1,113.1,96.3,99.5,24.08,24.3,21.2,21.6
30.2,1350,94.9,100,0,0,1,10914,-0.02,0.16,112.1,113.1,96.3,99.5,24.08,24.3,21.2,21.6
30.24,1351,95.1,100,0,-0.1,2,8372,0.03,0.16,112.1,113.1,96.3,99.5,24.08,24.29,21.19,21.59
30.28,1352,95.4,100,0,0,2,8392,-0.02,0.16,112.1,113.1,96.2,99.4,24.08,24.29,21.19,21.59
30.32,1354,95.6,100,0,0.7,2,8412,0,0.16,112.1,113.1,96.2,99.4,24.08,24.29,21.19,21.59
30.36,1355,95.8,100,0,-0.2,2,8431,0.01,0.16,112,113.1,96.2,99.4,24.08,24.29,21.19,21.59
30.4,1356,96,100,0,-0.3,2,8451,-0.02,0.16,112,113,96.2,99.4,24.08,24.29,21.19,21.59
30.44,1357,96.3,100,0,0.5,2,8471,0.01,0.16,112,113,96.2,99.4,24.08,24.29,21.19,21.59
30.48,1358,96.5,100,0,0.2,2,8490,0.01,0.16,112,113,96.2,99.4,24.08,24.29,21.19,21.59
30.52,1359,96.7,100,0,0.6,2,8510,0,0.16,112,113,96.2,99.4,24.07,24.29,21.19,21.59
30.56,1360,96.9,100,0,0.5,2,8529,0.02,0.16,112,113,96.2,99.4,24.07,24.29,21.19,21.59
30.6,1361,97.1,100,0,0,2,8549,0.01,0.16,112,113,96.1,99.3,24.07,24.29,21.19,21.59
30.64,1362,97.4,100,0,0.2,2,8568,0.02,0.16,112,113,96.1,99.3,24.07,24.29,21.19,21.59
30.68,1363,97.6,100,0,0.5,2,8587,-0.02,0.15,111.9,113,96.1,99.3,24.07,24.28,21.18,21.58
30.72,1364,97.8,100,0,0,2,8606,0,0.15,111.9,113,96.1,99.3,24.07,24.28,21.18,21.58
30.76,1365,98,100,0,0.3,2,8626,-0.01,0.15,111.9,112.9,96.1,99.3,24.07,24.28,21.18,21.58
30.8,1366,98.2,100,0,0,2,8645,0.01,0.15,111.9,112.9,96.1,99.3,24.07,24.28,21.18,21.58
30.84,1368,98.5,100,0,0.2,2,8664,0.02,0.15,111.9,112.9,96.1,99.3,24.07,24.28,21.18,21.58
30.88,1369,98.7,100,0,-0.2,2,8683,-0.01,0.15,111.9,112.9,96.1,99.3,24.07,24.28,21.18,21.58
30.92,1370,98.9,100,0,-0.1,2,8701,0.01,0.15,111.9,112.9,96.1,99.3,24.07,24.28,21.18,21.58
30.96,1371,99.1,100,0,0.1,2,8720,0.03,0.15,111.9,112.9,96,99.2,24.06,24.28,21.18,21.58
31,1372,99.3,100,0,-0.5,2,8739,-0.02,0.15,111.8,112.9,96,99.2,24.06,24.28,21.18,21.58
31.04,1373,99.5,100,0,-0.1,2,8758,0.01,0.15,111.8,112.9,96,99.2,24.06,24.28,21.18,21.58
31.08,1374,99.7,100,0,0.4,2,8776,-0.01,0.15,111.8,112.8,96,99.2,24.06,24.28,21.18,21.58
31.12,1375,99.9,100,0,0.3,2,8795,-0.03,0.15,111.8,112.8,96,99.2,24.06,24.27,21.17,21.57
31.16,1376,100.2,100,0,0,2,8813,0.04,0.15,111.8,112.8,96,99.2,24.06,24.27,21.17,21.57
31.2,1377,100.4,100,0,0.1,2,8832,0,0.15,111.8,112.8,96,99.2,24.06,24.27,21.17,21.57
31.24,1379,100.6,100,0,-0.7,2,8850,0.02,0.15,111.8,112.8,96,99.2,24.06,24.27,21.17,21.57
31.28,1380,100.8,100,0,-0.3,2,8868,0.02,0.15,111.8,112.8,95.9,99.1,24.06,24.27,21.17,21.57
31.32,1381,101,100,0,-0.1,2,8887,0,0.15,111.8,112.8,95.9,99.1,24.06,24.27,21.17,21.57
31.36,1382,101.2,100,0,0.5,2,8905,-0.01,0.15,111.7,112.8,95.9,99.1,24.06,24.27,21.17,21.57
31.4,1383,101.4,100,0,0,2,8923,-0.01,0.15,111.7,112.7,95.9,99.1,24.05,24.27,21.17,21.57
31.44,1384,101.6,100,0,-0.5,2,8941,0.04,0.15,111.7,112.7,95.9,99.1,24.05,24.27,21.17,21.57
31.48,1385,101.8,100,0,0.2,2,8959,0,0.14,111.7,112.7,95.9,99.1,24.05,24.27,21.17,21.57
31.52,1386,102,100,0,-0.2,2,8977,0,0.14,111.7,112.7,95.9,99.1,24.05,24.27,21.17,21.57
31.56,1388,102.2,100,0,0.2,2,8995,-0.01,0.14,111.7,112.7,95.9,99.1,24.05,24.27,21.16,21.56
31.6,1389,102.4,100,0,-0.4,2,9013,0,0.14,111.7,112.7,95.8,99,24.05,24.26,21.16,21.56
31.64,1390,102.6,100,0,0.2,2,9031,0.02,0.14,111.7,112.7,95.8,99,24.05,24.26,21.16,21.56
31.68,1391,102.8,100,0,0.3,2,9048,-0.01,0.14,111.6,112.7,95.8,99,24.05,24.26,21.16,21.56
31.72,1392,103,100,0,-0.2,2,9066,-0.01,0.14,111.6,112.7,95.8,99,24.05,24.26,21.16,21.56
31.76,1393,103.2,100,0,-0.5,2,9084,-0.02,0.14,111.6,112.6,95.8,99,24.05,24.26,21.16,21.56
31.8,1394,103.4,100,0,0,2,9101,0.02,0.14,111.6,112.6,95.8,99,24.05,24.26,21.16,21.56
31.84,1396,103.6,100,0,0,2,9119,-0.04,0.14,111.6,112.6,95.8,99,24.04,24.26,21.16,21.56
31.88,1397,103.8,100,0,0.2,2,9136,-0.01,0.14,111.6,112.6,95.8,99,24.04,24.26,21.16,21.56
31.92,1398,104,100,0,-0.3,2,9154,-0.01,0.14,111.6,112.6,95.8,99,24.04,24.26,21.16,21.56
31.96,1399,104.2,100,0,0.3,2,9171,-0.02,0.14,111.6,112.6,95.7,98.9,24.04,24.26,21.16,21.56
32,1400,104.4,100,0,0.3,2,9188,-0.02,0.14,111.5,112.6,95.7,98.9,24.04,24.26,21.15,21.55
32.04,1401,104.6,100,0,0,2,9205,0.01,0.14,111.5,112.6,95.7,98.9,24.04,24.25,21.15,21.55
32.08,1403,104.8,100,0,-0.3,2,9223,0.05,0.14,111.5,112.5,95.7,98.9,24.04,24.25,21.15,21.55
32.12,1404,105,100,0,0,2,9240,-0.02,0.14,111.5,112.5,95.7,98.9,24.04,24.25,21.15,21.55
32.16,1405,105.2,100,0,-0.1,2,9257,0.01,0.14,111.5,112.5,95.7,98.9,24.04,24.25,21.15,21.55
32.2,1406,105.4,100,0,0.1,2,9274,0,0.14,111.5,112.5,95.7,98.9,24.04,24.25,21.15,21.55
32.24,1407,105.6,100,0,-0.7,2,9291,-0.04,0.14,111.5,112.5,95.7,98.9,24.04,24.25,21.15,21.55
32.28,1408,105.8,100,0,0,2,9308,-0.02,0.14,111.5,112.5,95.6,98.8,24.03,24.25,21.15,21.55
32.32,1410,106,100,0,0.3,2,9325,0.01,0.14,111.5,112.5,95.6,98.8,24.03,24.25,21.15,21.55
32.36,1411,106.2,100,0,0.3,2,9341,0.01,0.14,111.4,112.5,95.6,98.8,24.03,24.25,21.15,21.55
32.4,1412,106.3,100,0,-0.9,2,9358,0,0.13,111.4,112.4,95.6,98.8,24.03,24.25,21.15,21.55
32.44,1413,106.5,100,0,-0.7,2,9375,0.01,0.13,111.4,112.4,95.6,98.8,24.03,24.25,21.14,21.54
32.48,1414,106.7,100,0,0.5,2,9392,-0.03,0.13,111.4,112.4,95.6,98.8,24.03,24.24,21.14,21.54
32.52,1415,106.9,100,0,0.5,2,9408,0.03,0.13,111.4,112.4,95.6,98.8,24.03,24.24,21.14,21.54
32.56,1417,107.1,100,0,-0.4,2,9425,-0.01,0.13,111.4,112.4,95.6,98.8,24.03,24.24,21.14,21.54
32.6,1418,107.3,100,0,0.8,2,9441,0.04,0.13,111.4,112.4,95.5,98.7,24.03,24.24,21.14,21.54
32.64,1419,107.5,100,0,0.5,2,9458,-0.02,0.13,111.4,112.4,95.5,98.7,24.03,24.24,21.14,21.54
32.68,1420,107.7,100,0,-0.1,2,9474,-0.01,0.13,111.3,112.4,95.5,98.7,24.03,24.24,21.14,21.54
32.72,1421,107.8,100,0,0.1,2,9491,-0.03,0.13,111.3,112.4,95.5,98.7,24.02,24.24,21.14,21.54
32.76,1423,108,100,0,-0.1,2,9507,0.02,0.13,111.3,112.3,95.5,98.7,24.02,24.24,21.14,21.54
32.8,1424,108.2,100,0,-0.2,2,9523,-0.03,0.13,111.3,112.3,95.5,98.7,24.02,24.24,21.14,21.54
32.84,1425,108.4,100,0,0.2,2,9539,-0.01,0.13,111.3,112.3,95.5,98.7,24.02,24.24,21.14,21.54
32.88,1426,108.6,100,0,-0.1,2,9556,0.02,0.13,111.3,112.3,95.5,98.7,24.02,24.24,21.13,21.53
32.92,1427,108.8,100,0,0.8,2,9572,0.04,0.13,111.3,112.3,95.5,98.7,24.02,24.23,21.13,21.53
32.96,1429,109,100,0,0.6,2,9588,0.03,0.13,111.3,112.3,95.4,98.6,24.02,24.23,21.13,21.53
33,1430,109.1,100,0,0.3,2,9604,0,0.13,111.2,112.3,95.4,98.6,24.02,24.23,21.13,21.53
33.04,1431,109.3,100,0,0.3,2,9620,0,0.13,111.2,112.3,95.4,98.6,24.02,24.23,21.13,21.53
33.08,1432,109.5,100,0,0.1,2,9636,-0.02,0.13,111.2,112.2,95.4,98.6,24.02,24.23,21.13,21.53
33.12,1433,109.7,100,0,0.4,2,9652,-0.02,0.13,111.2,112.2,95.4,98.6,24.02,24.23,21.13,21.53
33.16,1435,109.9,100,0,-1,2,9668,-0.01,0.13,111.2,112.2,95.4,98.6,24.02,24.23,21.13,21.53
33.2,1436,110,100,0,0.5,2,9683,0.03,0.13,111.2,112.2,95.4,98.6,24.01,24.23,21.13,21.53
33.24,1437,110.2,100,0,0.1,2,9699,0.03,0.13,111.2,112.2,95.4,98.6,24.01,24.23,21.13,21.53
33.28,1438,110.4,100,0,-0.4,2,9715,0.02,0.13,111.2,112.2,95.3,98.5,24.01,24.23,21.13,21.53
33.32,1440,110.6,100,0,-0.4,2,9730,0,0.13,111.2,112.2,95.3,98.5,24.01,24.23,21.12,21.52
33.36,1441,110.8,100,0,-0.7,2,9746,0.01,0.13,111.1,112.2,95.3,98.5,24.01,24.22,21.12,21.52
33.4,1442,110.9,100,0,-0.3,2,9762,0.01,0.13,111.1,112.1,95.3,98.5,24.01,24.22,21.12,21.52
33.44,1443,111.1,100,0,-0.5,2,9777,-0.01,0.12,111.1,112.1,95.3,98.5,24.01,24.22,21.12,21.52
33.48,1445,111.3,100,0,0.3,2,9793,0,0.12,111.1,112.1,95.3,98.5,24.01,24.22,21.12,21.52
33.52,1446,111.5,100,0,0.2,2,9808,-0.02,0.12,111.1,112.1,95.3,98.5,24.01,24.22,21.12,21.52
33.56,1447,111.6,100,0,-0.1,2,9824,0,0.12,111.1,112.1,95.3,98.5,24.01,24.22,21.12,21.52
33.6,1448,111.8,100,0,0.4,2,9839,0.04,0.12,111.1,112.1,95.2,98.4,24.01,24.22,21.12,21.52
33.64,1449,112,100,0,-0.8,2,9854,-0.02,0.12,111.1,112.1,95.2,98.4,24,24.22,21.12,21.52
33.68,1451,112.2,100,0,0.5,2,9869,-0.03,0.12,111,112.1,95.2,98.4,24,24.22,21.12,21.52
33.72,1452,112.3,100,0,0.1,2,9885,0,0.12,111,112.1,95.2,98.4,24,24.22,21.12,21.52
33.76,1453,112.5,100,0,0.2,2,9900,-0.02,0.12,111,112,95.2,98.4,24,24.22,21.11,21.51
33.8,1454,112.7,100,0,-0.4,2,9915,0.02,0.12,111,112,95.2,98.4,24,24.21,21.11,21.51
33.84,1456,112.8,100,0,-0.1,2,9930,-0.05,0.12,111,112,95.2,98.4,24,24.21,21.11,21.51
33.88,1457,113,100,0,0.4,2,9945,-0.02,0.12,111,112,95.2,98.4,24,24.21,21.11,21.51
33.92,1458,113.2,100,0,-0.1,2,9960,0.01,0.12,111,112,95.2,98.4,24,24.21,21.11,21.51
33.96,1459,113.4,100,0,-0.6,2,9975,-0.05,0.12,111,112,95.1,98.3,24,24.21,21.11,21.51
34,1461,113.5,100,0,0.3,2,9990,-0.03,0.12,110.9,112,95.1,98.3,24,24.21,21.11,21.51
34.04,1462,113.7,100,0,0,2,10005,0,0.12,110.9,112,95.1,98.3,24,24.21,21.11,21.51
34.08,1463,113.9,100,0,0,2,10020,-0.02,0.12,110.9,111.9,95.1,98.3,23.99,24.21,21.11,21.51
34.12,1465,114,100,0,0,2,10035,0.01,0.12,110.9,111.9,95.1,98.3,23.99,24.21,21.11,21.51
34.16,1466,114.2,100,0,-0.1,2,10049,0.02,0.12,110.9,111.9,95.1,98.3,23.99,24.21,21.11,21.51
34.2,1467,114.4,100,0,0.2,2,10064,-0.01,0.12,110.9,111.9,95.1,98.3,23.99,24.21,21.11,21.51
34.24,1468,114.5,100,0,-0.2,2,10079,-0.03,0.12,110.9,111.9,95.1,98.3,23.99,24.2,21.1,21.5
34.28,1470,114.7,100,0,-0.3,2,10093,0.01,0.12,110.9,111.9,95,98.2,23.99,24.2,21.1,21.5
34.32,1471,114.9,100,0,0.4,2,10108,0.01,0.12,110.9,111.9,95,98.2,23.99,24.2,21.1,21.5
34.36,1472,115,100,0,0.4,2,10122,0,0.12,110.8,111.9,95,98.2,23.99,24.2,21.1,21.5
34.4,1473,115.2,100,0,0.1,2,10137,0.01,0.12,110.8,111.8,95,98.2,23.99,24.2,21.1,21.5
34.44,1475,115.4,100,0,0.1,2,10151,0,0.12,110.8,111.8,95,98.2,23.99,24.2,21.1,21.5
34.48,1476,115.5,100,0,0,2,10166,0,0.12,110.8,111.8,95,98.2,23.99,24.2,21.1,21.5
34.52,1477,115.7,100,0,0.3,2,10180,0.03,0.12,110.8,111.8,95,98.2,23.98,24.2,21.1,21.5
34.56,1479,115.8,100,0,-0.2,2,10195,-0.01,0.12,110.8,111.8,95,98.2,23.98,24.2,21.1,21.5
34.6,1480,116,100,0,-0.8,2,10209,-0.02,0.12,110.8,111.8,94.9,98.1,23.98,24.2,21.1,21.5
34.64,1481,116.2,100,0,-0.4,2,10223,-0.04,0.11,110.8,111.8,94.9,98.1,23.98,24.2,21.1,21.5
34.68,1482,116.3,100,0,0.4,2,10237,-0.01,0.11,110.7,111.8,94.9,98.1,23.98,24.19,21.09,21.49
34.72,1484,116.5,100,0,0.6,2,10252,-0.02,0.11,110.7,111.8,94.9,98.1,23.98,24.19,21.09,21.49
34.76,1485,116.7,100,0,0,2,10266,-0.04,0.11,110.7,111.7,94.9,98.1,23.98,24.19,21.09,21.49
34.8,1486,116.8,100,0,-0.4,2,10280,-0.01,0.11,110.7,111.7,94.9,98.1,23.98,24.19,21.09,21.49
34.84,1488,117,100,0,-1.1,2,10294,0,0.11,110.7,111.7,94.9,98.1,23.98,24.19,21.09,21.49
34.88,1489,117.1,100,0,0.5,2,10308,-0.01,0.11,110.7,111.7,94.9,98.1,23.98,24.19,21.09,21.49
34.92,1490,117.3,100,0,-0.2,2,10322,0.02,0.11,110.7,111.7,94.9,98.1,23.98,24.19,21.09,21.49
34.96,1492,117.5,100,0,-0.4,2,10336,0.02,0.11,110.7,111.7,94.8,98,23.97,24.19,21.09,21.49
35,1493,117.6,100,0,0.1,2,10350,0.02,0.11,110.6,111.7,94.8,98,23.97,24.19,21.09,21.49
35.04,1494,117.8,100,0,-0.4,2,10364,0.01,0.11,110.6,111.7,94.8,98,23.97,24.19,21.09,21.49
35.08,1495,117.9,100,0,-0.2,2,10378,-0.01,0.11,110.6,111.6,94.8,98,23.97,24.19,21.09,21.49
35.12,1497,118.1,100,0,0.7,2,10391,0.05,0.11,110.6,111.6,94.8,98,23.97,24.18,21.08,21.48
35.16,1498,118.2,100,0,-0.1,2,10405,0,0.11,110.6,111.6,94.8,98,23.97,24.18,21.08,21.48
35.2,1499,118.4,100,0,-0.3,2,10419,0.01,0.11,110.6,111.6,94.8,98,23.97,24.18,21.08,21.48
35.24,1501,118.6,100,0,0.5,2,10433,-0.02,0.11,110.6,111.6,94.8,98,23.97,24.18,21.08,21.48
35.28,1502,118.7,100,0,0,2,10446,-0.01,0.11,110.6,111.6,94.7,97.9,23.97,24.18,21.08,21.48
35.32,1503,118.9,100,0,-0.2,2,10460,-0.04,0.11,110.6,111.6,94.7,97.9,23.97,24.18,21.08,21.48
35.36,1505,119,100,0,0.2,2,10473,-0.02,0.11,110.5,111.6,94.7,97.9,23.97,24.18,21.08,21.48
35.4,1506,119.2,100,0,0.7,2,10487,0.01,0.11,110.5,111.5,94.7,97.9,23.96,24.18,21.08,21.48
35.44,1507,119.3,100,0,0.3,2,10501,-0.01,0.11,110.5,111.5,94.7,97.9,23.96,24.18,21.08,21.48
35.48,1509,119.5,100,0,-0.1,2,10514,-0.03,0.11,110.5,111.5,94.7,97.9,23.96,24.18,21.08,21.48
35.52,1510,119.6,100,0,0.9,2,10527,-0.02,0.11,110.5,111.5,94.7,97.9,23.96,24.18,21.08,21.48
35.56,1511,119.8,100,0,0.1,2,10541,-0.01,0.11,110.5,111.5,94.7,97.9,23.96,24.18,21.07,21.47
35.6,1513,119.9,100,0,-0.1,2,10554,0.01,0.11,110.5,111.5,94.6,97.8,23.96,24.17,21.07,21.47
35.64,1514,120.1,100,0,-0.9,2,9300,0.01,0.11,110.5,111.5,94.6,97.8,23.96,24.17,21.07,21.47
35.68,1515,120.2,100,0,0.4,2,9311,-0.01,0.11,110.4,111.5,94.6,97.8,23.96,24.17,21.07,21.47
35.72,1517,120.4,100,0,-0.4,2,9323,-0.01,0.11,110.4,111.5,94.6,97.8,23.96,24.17,21.07,21.47
35.76,1518,120.5,100,0,-0.5,2,9334,-0.01,0.11,110.4,111.4,94.6,97.8,23.96,24.17,21.07,21.47
35.8,1519,120.7,100,0,0.5,2,9346,0.01,0.11,110.4,111.4,94.6,97.8,23.96,24.17,21.07,21.47
35.84,1521,120.8,100,0,-0.3,2,9358,-0.01,0.11,110.4,111.4,94.6,97.8,23.95,24.17,21.07,21.47
35.88,1522,121,100,0,0.5,2,9369,0,0.11,110.4,111.4,94.6,97.8,23.95,24.17,21.07,21.47
35.92,1523,121.1,100,0,-0.8,2,9381,0,0.11,110.4,111.4,94.6,97.8,23.95,24.17,21.07,21.47
35.96,1525,121.3,100,0,-0.4,2,10673,-0.02,0.11,110.4,111.4,94.5,97.7,23.95,24.17,21.07,21.47
36,1526,121.4,100,0,-0.3,2,10686,-0.01,0.1,110.3,111.4,94.5,97.7,23.95,24.17,21.06,21.46
36.04,1527,121.6,100,0,0.1,2,10699,0.01,0.1,110.3,111.4,94.5,97.7,23.95,24.16,21.06,21.46
36.08,1529,121.7,100,0,0.1,2,10712,0.01,0.1,110.3,111.3,94.5,97.7,23.95,24.16,21.06,21.46
36.12,1530,121.9,100,0,0,2,10725,0.02,0.1,110.3,111.3,94.5,97.7,23.95,24.16,21.06,21.46
36.16,1531,122,100,0,0.2,2,10738,0.02,0.1,110.3,111.3,94.5,97.7,23.95,24.16,21.06,21.46
36.2,1533,122.2,100,0,-0.4,2,10751,0.03,0.1,110.3,111.3,94.5,97.7,23.95,24.16,21.06,21.46
36.24,1534,122.3,100,0,0.5,2,10763,0.01,0.1,110.3,111.3,94.5,97.7,23.95,24.16,21.06,21.46
36.28,1535,122.5,100,0,0.4,2,10776,0.01,0.1,110.3,111.3,94.4,97.6,23.94,24.16,21.06,21.46
36.32,1537,122.6,100,0,-0.4,2,10789,0.02,0.1,110.3,111.3,94.4,97.6,23.94,24.16,21.06,21.46
36.36,1538,122.7,100,0,-0.3,2,10802,-0.02,0.1,110.2,111.3,94.4,97.6,23.94,24.16,21.06,21.46
36.4,1540,122.9,100,0,0.2,2,10814,0,0.1,110.2,111.2,94.4,97.6,23.94,24.16,21.06,21.46
36.44,1541,123,100,0,-0.4,2,10827,0.01,0.1,110.2,111.2,94.4,97.6,23.94,24.16,21.05,21.45
36.48,1542,123.2,100,0,0.6,2,10840,0,0.1,110.2,111.2,94.4,97.6,23.94,24.15,21.05,21.45
36.52,1544,123.3,100,0,-0.2,2,10852,-0.05,0.1,110.2,111.2,94.4,97.6,23.94,24.15,21.05,21.45
36.56,1545,123.5,100,0,0.6,2,10865,0.01,0.1,110.2,111.2,94.4,97.6,23.94,24.15,21.05,21.45
36.6,1546,123.6,100,0,-0.2,2,10877,-0.01,0.1,110.2,111.2,94.3,97.5,23.94,24.15,21.05,21.45
36.64,1548,123.7,100,0,0.6,2,10890,-0.03,0.1,110.2,111.2,94.3,97.5,23.94,24.15,21.05,21.45
36.68,1549,123.9,100,0,0.1,2,10902,0.01,0.1,110.1,111.2,94.3,97.5,23.94,24.15,21.05,21.45
36.72,1551,124,100,0,-0.2,2,10915,-0.03,0.1,110.1,111.2,94.3,97.5,23.93,24.15,21.05,21.45
36.76,1552,124.2,100,0,-0.4,2,10927,0.01,0.1,110.1,111.1,94.3,97.5,23.93,24.15,21.05,21.45
36.8,1553,124.3,100,0,0,2,10939,-0.01,0.1,110.1,111.1,94.3,97.5,23.93,24.15,21.05,21.45
36.84,1555,124.5,100,0,-0.6,2,10952,0.05,0.1,110.1,111.1,94.3,97.5,23.93,24.15,21.05,21.45
36.88,1556,124.6,100,0,0.5,2,10964,0.01,0.1,110.1,111.1,94.3,97.5,23.93,24.15,21.04,21.44
36.92,1557,124.7,100,0,-0.4,2,10976,-0.04,0.1,110.1,111.1,94.3,97.5,23.93,24.14,21.04,21.44
36.96,1559,124.9,100,0,0.5,2,10988,-0.01,0.1,110.1,111.1,94.2,97.4,23.93,24.14,21.04,21.44
37,1560,125,100,0,-0.1,2,11001,0.02,0.1,110,111.1,94.2,97.4,23.93,24.14,21.04,21.44
37.04,1562,125.1,100,0,0,2,11013,-0.01,0.1,110,111.1,94.2,97.4,23.93,24.14,21.04,21.44
37.08,1563,125.3,100,0,0.3,2,11025,-0.01,0.1,110,111,94.2,97.4,23.93,24.14,21.04,21.44
37.12,1564,125.4,100,0,-0.7,2,11037,0,0.1,110,111,94.2,97.4,23.93,24.14,21.04,21.44
37.16,1566,125.6,100,0,0.1,2,11049,-0.01,0.1,110,111,94.2,97.4,23.93,24.14,21.04,21.44
37.2,1567,125.7,100,0,0,2,11061,0.03,0.1,110,111,94.2,97.4,23.92,24.14,21.04,21.44
37.24,1569,125.8,100,0,0.2,2,11073,0,0.1,110,111,94.2,97.4,23.92,24.14,21.04,21.44
37.28,1570,126,100,0,0.3,2,11085,-0.03,0.1,110,111,94.1,97.3,23.92,24.14,21.04,21.44
37.32,1571,126.1,100,0,-0.4,2,11097,-0.02,0.1,110,111,94.1,97.3,23.92,24.14,21.03,21.43
37.36,1573,126.2,100,0,-0.1,2,11109,-0.01,0.1,109.9,111,94.1,97.3,23.92,24.13,21.03,21.43
37.4,1574,126.4,100,0,-0.5,2,11121,0.04,0.1,109.9,110.9,94.1,97.3,23.92,24.13,21.03,21.43
37.44,1576,126.5,100,0,0.8,2,11133,-0.01,0.1,109.9,110.9,94.1,97.3,23.92,24.13,21.03,21.43
37.48,1577,126.6,100,0,0.1,2,11145,0,0.1,109.9,110.9,94.1,97.3,23.92,24.13,21.03,21.43
37.52,1578,126.8,100,0,0,2,11156,0.01,0.09,109.9,110.9,94.1,97.3,23.92,24.13,21.03,21.43
37.56,1580,126.9,100,0,0.1,2,11168,0.04,0.09,109.9,110.9,94.1,97.3,23.92,24.13,21.03,21.43
37.6,1581,127,100,0,-0.7,2,11180,0.02,0.09,109.9,110.9,94,97.2,23.92,24.13,21.03,21.43
37.64,1583,127.2,100,0,-0.1,2,11192,0.02,0.09,109.9,110.9,94,97.2,23.91,24.13,21.03,21.43
37.68,1584,127.3,100,0,0.9,2,11203,0,0.09,109.8,110.9,94,97.2,23.91,24.13,21.03,21.43
37.72,1585,127.4,100,0,-1.2,2,11215,-0.02,0.09,109.8,110.9,94,97.2,23.91,24.13,21.03,21.43
37.76,1587,127.6,100,0,-0.7,2,11227,0,0.09,109.8,110.8,94,97.2,23.91,24.13,21.02,21.42
37.8,1588,127.7,100,0,-0.6,2,11238,-0.01,0.09,109.8,110.8,94,97.2,23.91,24.12,21.02,21.42
37.84,1590,127.8,100,0,0.3,2,11250,-0.02,0.09,109.8,110.8,94,97.2,23.91,24.12,21.02,21.42
37.88,1591,128,100,0,0.1,2,11261,0,0.09,109.8,110.8,94,97.2,23.91,24.12,21.02,21.42
37.92,1593,128.1,100,0,-0.1,2,11273,0.01,0.09,109.8,110.8,94,97.2,23.91,24.12,21.02,21.42
37.96,1594,128.2,100,0,-0.2,2,11284,-0.03,0.09,109.8,110.8,93.9,97.1,23.91,24.12,21.02,21.42
38,1595,128.4,100,0,-0.6,2,11296,-0.01,0.09,109.7,110.8,93.9,97.1,23.91,24.12,21.02,21.42
38.04,1597,128.5,100,0,0.2,2,11307,0.05,0.09,109.7,110.8,93.9,97.1,23.91,24.12,21.02,21.42
38.08,1598,128.6,100,0,0.3,2,11319,0,0.09,109.7,110.7,93.9,97.1,23.9,24.12,21.02,21.42
38.12,1600,128.7,100,0,-0.3,2,11330,-0.01,0.09,109.7,110.7,93.9,97.1,23.9,24.12,21.02,21.42
38.16,1601,128.9,100,0,-0.2,2,11341,-0.01,0.09,109.7,110.7,93.9,97.1,23.9,24.12,21.02,21.42
38.2,1603,129,100,0,0.2,2,11353,0,0.09,109.7,110.7,93.9,97.1,23.9,24.12,21.02,21.42
38.24,1604,129.1,100,0,-0.2,2,11364,0,0.09,109.7,110.7,93.9,97.1,23.9,24.11,21.01,21.41
38.28,1605,129.3,100,0,0.3,2,11375,0.03,0.09,109.7,110.7,93.8,97,23.9,24.11,21.01,21.41
38.32,1607,129.4,100,0,0.4,2,11386,-0.01,0.09,109.7,110.7,93.8,97,23.9,24.11,21.01,21.41
38.36,1608,129.5,100,0,-0.2,2,11398,-0.02,0.09,109.6,110.7,93.8,97,23.9,24.11,21.01,21.41
38.4,1610,129.6,100,0,-0.5,2,11409,0.01,0.09,109.6,110.6,93.8,97,23.9,24.11,21.01,21.41
38.44,1611,129.8,100,0,-0.2,2,11420,-0.03,0.09,109.6,110.6,93.8,97,23.9,24.11,21.01,21.41
38.48,1613,129.9,100,0,-0.8,2,11431,-0.01,0.09,109.6,110.6,93.8,97,23.9,24.11,21.01,21.41
38.52,1614,130,100,0,0,2,11442,0.01,0.09,109.6,110.6,93.8,97,23.89,24.11,21.01,21.41
38.56,1616,130.1,100,0,0.4,2,11453,0,0.09,109.6,110.6,93.8,97,23.89,24.11,21.01,21.41
38.6,1617,130.3,100,0,-0.2,2,11464,0.02,0.09,109.6,110.6,93.7,96.9,23.89,24.11,21.01,21.41
38.64,1618,130.4,100,0,0.3,2,11475,0,0.09,109.6,110.6,93.7,96.9,23.89,24.11,21.01,21.41
38.68,1620,130.5,100,0,-0.6,2,11486,0.01,0.09,109.5,110.6,93.7,96.9,23.89,24.1,21,21.4
38.72,1621,130.6,100,0,0,2,11497,-0.02,0.09,109.5,110.6,93.7,96.9,23.89,24.1,21,21.4
38.76,1623,130.8,100,0,-0.2,2,11508,0.02,0.09,109.5,110.5,93.7,96.9,23.89,24.1,21,21.4
38.8,1624,130.9,100,0,0.6,2,11519,-0.01,0.09,109.5,110.5,93.7,96.9,23.89,24.1,21,21.4
38.84,1626,131,100,0,-0.2,2,11530,0.01,0.09,109.5,110.5,93.7,96.9,23.89,24.1,21,21.4
38.88,1627,131.1,100,0,0.5,2,11541,0,0.09,109.5,110.5,93.7,96.9,23.89,24.1,21,21.4
38.92,1629,131.3,100,0,-0.2,2,11551,0.02,0.09,109.5,110.5,93.7,96.9,23.89,24.1,21,21.4
38.96,1630,131.4,100,0,-0.6,2,11562,0.02,0.09,109.5,110.5,93.6,96.8,23.88,24.1,21,21.4
39,1631,131.5,100,0,-0.6,2,11573,0.01,0.09,109.4,110.5,93.6,96.8,23.88,24.1,21,21.4
39.04,1633,131.6,100,0,0,2,11584,-0.01,0.09,109.4,110.5,93.6,96.8,23.88,24.1,21,21.4
39.08,1634,131.8,100,0,-0.2,2,11594,0.01,0.09,109.4,110.4,93.6,96.8,23.88,24.1,21,21.4
39.12,1636,131.9,100,0,0.4,2,11605,0.02,0.09,109.4,110.4,93.6,96.8,23.88,24.09,20.99,21.39
39.16,1637,132,100,0,0,2,11616,0.04,0.09,109.4,110.4,93.6,96.8,23.88,24.09,20.99,21.39
39.2,1639,132.1,100,0,-0.3,2,11626,0.02,0.09,109.4,110.4,93.6,96.8,23.88,24.09,20.99,21.39
39.24,1640,132.2,100,0,0.5,2,11637,0,0.09,109.4,110.4,93.6,96.8,23.88,24.09,20.99,21.39
39.28,1642,132.4,100,0,0.1,2,11647,-0.02,0.09,109.4,110.4,93.5,96.7,23.88,24.09,20.99,21.39
39.32,1643,132.5,100,0,0.3,2,11658,0.01,0.08,109.4,110.4,93.5,96.7,23.88,24.09,20.99,21.39
39.36,1645,132.6,100,0,0.7,2,11669,0.02,0.08,109.3,110.4,93.5,96.7,23.88,24.09,20.99,21.39
39.4,1646,132.7,100,0,-0.6,2,11679,0.03,0.08,109.3,110.3,93.5,96.7,23.87,24.09,20.99,21.39
39.44,1648,132.8,100,0,-0.3,2,11690,0.03,0.08,109.3,110.3,93.5,96.7,23.87,24.09,20.99,21.39
39.48,1649,133,100,0,-0.3,2,11700,0.02,0.08,109.3,110.3,93.5,96.7,23.87,24.09,20.99,21.39
39.52,1651,133.1,100,0,-0.6,2,11710,-0.01,0.08,109.3,110.3,93.5,96.7,23.87,24.09,20.99,21.39
39.56,1652,133.2,100,0,-0.8,2,11721,-0.02,0.08,109.3,110.3,93.5,96.7,23.87,24.09,20.98,21.38
39.6,1654,133.3,100,0,0.5,2,11731,0.01,0.08,109.3,110.3,93.4,96.6,23.87,24.08,20.98,21.38
39.64,1655,133.4,100,0,-0.5,2,11741,0,0.08,109.3,110.3,93.4,96.6,23.87,24.08,20.98,21.38
39.68,1657,133.5,100,0,-0.2,2,11752,-0.01,0.08,109.2,110.3,93.4,96.6,23.87,24.08,20.98,21.38
39.72,1658,133.7,100,0,-0.3,2,11762,0.01,0.08,109.2,110.3,93.4,96.6,23.87,24.08,20.98,21.38
39.76,1659,133.8,100,0,0.2,2,11772,-0.05,0.08,109.2,110.2,93.4,96.6,23.87,24.08,20.98,21.38
39.8,1661,133.9,100,0,0,2,11783,0.03,0.08,109.2,110.2,93.4,96.6,23.87,24.08,20.98,21.38
39.84,1662,134,100,0,0.3,2,11793,0.02,0.08,109.2,110.2,93.4,96.6,23.86,24.08,20.98,21.38
39.88,1664,134.1,100,0,-0.7,2,11803,0,0.08,109.2,110.2,93.4,96.6,23.86,24.08,20.98,21.38
39.92,1665,134.2,100,0,-0.9,2,11813,-0.03,0.08,109.2,110.2,93.4,96.6,23.86,24.08,20.98,21.38
39.96,1667,134.4,100,0,0.1,2,11823,0.03,0.08,109.2,110.2,93.3,96.5,23.86,24.08,20.98,21.38
40,1668,134.5,100,0,-0.3,2,11833,-0.03,0.08,109.1,110.2,93.3,96.5,23.86,24.08,20.97,21.37
40.04,1670,134.6,100,0,-0.4,2,11844,-0.02,0.08,109.1,110.2,93.3,96.5,23.86,24.07,20.97,21.37
40.08,1671,134.7,100,0,0.2,2,11854,-0.01,0.08,109.1,110.1,93.3,96.5,23.86,24.07,20.97,21.37
40.12,1673,134.8,100,0,0.2,2,11864,-0.02,0.08,109.1,110.1,93.3,96.5,23.86,24.07,20.97,21.37
40.16,1674,134.9,100,0,0,2,11874,0.02,0.08,109.1,110.1,93.3,96.5,23.86,24.07,20.97,21.37
40.2,1676,135,100,0,0.2,3,9453,-0.03,0.08,109.1,110.1,93.3,96.5,23.86,24.07,20.97,21.37
40.24,1677,135.2,100,0,-0.4,3,9461,-0.01,0.08,109.1,110.1,93.3,96.5,23.86,24.07,20.97,21.37
40.28,1679,135.3,100,0,0.1,3,9469,-0.02,0.08,109.1,110.1,93.2,96.4,23.85,24.07,20.97,21.37
40.32,1680,135.4,100,0,0.7,3,9477,0,0.08,109.1,110.1,93.2,96.4,23.85,24.07,20.97,21.37
40.36,1682,135.5,100,0,-0.1,3,9485,0,0.08,109,110.1,93.2,96.4,23.85,24.07,20.97,21.37
40.4,1683,135.6,100,0,0.1,3,9492,0,0.08,109,110,93.2,96.4,23.85,24.07,20.97,21.37
40.44,1685,135.7,100,0,0.5,3,9500,-0.02,0.08,109,110,93.2,96.4,23.85,24.07,20.96,21.36
40.48,1686,135.8,100,0,0,3,9508,0.03,0.08,109,110,93.2,96.4,23.85,24.06,20.96,21.36
40.52,1688,135.9,100,0,0.7,3,9516,-0.02,0.08,109,110,93.2,96.4,23.85,24.06,20.96,21.36
40.56,1689,136.1,100,0,0.1,3,9524,-0.04,0.08,109,110,93.2,96.4,23.85,24.06,20.96,21.36
40.6,1691,136.2,100,0,0.3,3,9531,0.03,0.08,109,110,93.1,96.3,23.85,24.06,20.96,21.36
40.64,1692,136.3,100,0,0.5,3,9539,-0.05,0.08,109,110,93.1,96.3,23.85,24.06,20.96,21.36
40.68,1694,136.4,100,0,0,3,9547,0.02,0.08,108.9,110,93.1,96.3,23.85,24.06,20.96,21.36
40.72,1696,136.5,100,0,-0.5,3,9555,0.04,0.08,108.9,110,93.1,96.3,23.84,24.06,20.96,21.36
40.76,1697,136.6,100,0,0.2,3,9562,0.03,0.08,108.9,109.9,93.1,96.3,23.84,24.06,20.96,21.36
40.8,1699,136.7,100,0,-0.1,3,9570,0,0.08,108.9,109.9,93.1,96.3,23.84,24.06,20.96,21.36
40.84,1700,136.8,100,0,0.6,3,9578,-0.02,0.08,108.9,109.9,93.1,96.3,23.84,24.06,20.96,21.36
40.88,1702,136.9,100,0,-0.1,3,9585,0.06,0.08,108.9,109.9,93.1,96.3,23.84,24.06,20.95,21.35
40.92,1703,137,100,0,0,3,9593,-0.03,0.08,108.9,109.9,93.1,96.3,23.84,24.05,20.95,21.35
40.96,1705,137.1,100,0,0.4,3,9600,0.02,0.08,108.9,109.9,93,96.2,23.84,24.05,20.95,21.35
41,1706,137.3,100,0,0,3,9608,-0.01,0.08,108.8,109.9,93,96.2,23.84,24.05,20.95,21.35
41.04,1708,137.4,100,0,-0.5,3,9616,0,0.08,108.8,109.9,93,96.2,23.84,24.05,20.95,21.35
41.08,1709,137.5,100,0,0,3,9623,-0.05,0.08,108.8,109.8,93,96.2,23.84,24.05,20.95,21.35
41.12,1711,137.6,100,0,-0.3,3,9631,-0.02,0.08,108.8,109.8,93,96.2,23.84,24.05,20.95,21.35
41.16,1712,137.7,100,0,-0.4,3,9638,-0.01,0.08,108.8,109.8,93,96.2,23.84,24.05,20.95,21.35
41.2,1714,137.8,100,0,0,3,9646,0,0.08,108.8,109.8,93,96.2,23.83,24.05,20.95,21.35
41.24,1715,137.9,100,0,-0.9,3,9653,0,0.08,108.8,109.8,93,96.2,23.83,24.05,20.95,21.35
41.28,1717,138,100,0,0,3,9661,0.05,0.08,108.8,109.8,92.9,96.1,23.83,24.05,20.95,21.35
41.32,1718,138.1,100,0,0.1,3,9668,0,0.08,108.8,109.8,92.9,96.1,23.83,24.05,20.94,21.34
41.36,1720,138.2,100,0,0.1,3,9675,-0.01,0.08,108.7,109.8,92.9,96.1,23.83,24.04,20.94,21.34
41.4,1721,138.3,100,0,-0.1,3,9683,0.02,0.07,108.7,109.7,92.9,96.1,23.83,24.04,20.94,21.34
41.44,1723,138.4,100,0,0.7,3,9690,-0.04,0.07,108.7,109.7,92.9,96.1,23.83,24.04,20.94,21.34
41.48,1725,138.5,100,0,0.1,3,9698,-0.01,0.07,108.7,109.7,92.9,96.1,23.83,24.04,20.94,21.34
41.52,1726,138.6,100,0,-0.7,3,9705,-0.01,0.07,108.7,109.7,92.9,96.1,23.83,24.04,20.94,21.34
41.56,1728,138.7,100,0,0.9,3,9712,0.02,0.07,108.7,109.7,92.9,96.1,23.83,24.04,20.94,21.34
41.6,1729,138.9,100,0,0.7,3,9720,-0.01,0.07,108.7,109.7,92.8,96,23.83,24.04,20.94,21.34
41.64,1731,139,100,0,0.3,3,9727,-0.01,0.07,108.7,109.7,92.8,96,23.82,24.04,20.94,21.34
41.68,1732,139.1,100,0,0.4,3,9734,0,0.07,108.6,109.7,92.8,96,23.82,24.04,20.94,21.34
41.72,1734,139.2,100,0,0.2,3,9741,0,0.07,108.6,109.7,92.8,96,23.82,24.04,20.94,21.34
41.76,1735,139.3,100,0,0.1,3,9749,0.03,0.07,108.6,109.6,92.8,96,23.82,24.04,20.93,21.33
41.8,1737,139.4,100,0,0,3,9756,-0.01,0.07,108.6,109.6,92.8,96,23.82,24.03,20.93,21.33
41.84,1738,139.5,100,0,0.4,3,9763,-0.01,0.07,108.6,109.6,92.8,96,23.82,24.03,20.93,21.33
41.88,1740,139.6,100,0,0.4,3,9770,0.02,0.07,108.6,109.6,92.8,96,23.82,24.03,20.93,21.33
41.92,1742,139.7,100,0,0.3,3,9777,-0.01,0.07,108.6,109.6,92.8,96,23.82,24.03,20.93,21.33
41.96,1743,139.8,100,0,0.7,3,9785,-0.02,0.07,108.6,109.6,92.7,95.9,23.82,24.03,20.93,21.33
42,1745,139.9,100,0,0.4,3,9792,0.01,0.07,108.5,109.6,92.7,95.9,23.82,24.03,20.93,21.33
42.04,1746,140,100,0,0.1,3,9799,-0.01,0.07,108.5,109.6,92.7,95.9,23.82,24.03,20.93,21.33
42.08,1748,140.1,100,0,0.2,3,9806,0,0.07,108.5,109.5,92.7,95.9,23.81,24.03,20.93,21.33
42.12,1749,140.2,100,0,-0.2,3,9813,0,0.07,108.5,109.5,92.7,95.9,23.81,24.03,20.93,21.33
42.16,1751,140.3,100,0,-0.2,3,9820,0.04,0.07,108.5,109.5,92.7,95.9,23.81,24.03,20.93,21.33
42.2,1752,140.4,100,0,0,3,9827,0.02,0.07,108.5,109.5,92.7,95.9,23.81,24.03,20.93,21.33
42.24,1754,140.5,100,0,0.4,3,9834,0.01,0.07,108.5,109.5,92.7,95.9,23.81,24.02,20.92,21.32
42.28,1756,140.6,100,0,-0.8,3,9841,0.05,0.07,108.5,109.5,92.6,95.8,23.81,24.02,20.92,21.32
42.32,1757,140.7,100,0,0.2,3,9848,0.02,0.07,108.5,109.5,92.6,95.8,23.81,24.02,20.92,21.32
42.36,1759,140.8,100,0,-0.4,3,9855,0,0.07,108.4,109.5,92.6,95.8,23.81,24.02,20.92,21.32
42.4,1760,140.9,100,0,-0.3,3,9862,-0.01,0.07,108.4,109.4,92.6,95.8,23.81,24.02,20.92,21.32
42.44,1762,141,100,0,-0.5,3,9869,0.02,0.07,108.4,109.4,92.6,95.8,23.81,24.02,20.92,21.32
42.48,1763,141.1,100,0,-0.4,3,9876,-0.01,0.07,108.4,109.4,92.6,95.8,23.81,24.02,20.92,21.32
42.52,1765,141.2,100,0,-0.1,3,9883,-0.01,0.07,108.4,109.4,92.6,95.8,23.8,24.02,20.92,21.32
42.56,1766,141.3,100,0,-0.3,3,9890,0.01,0.07,108.4,109.4,92.6,95.8,23.8,24.02,20.92,21.32
42.6,1768,141.4,100,0,0.3,3,9897,0.01,0.07,108.4,109.4,92.5,95.7,23.8,24.02,20.92,21.32
42.64,1770,141.5,100,0,0.4,3,9904,0.02,0.07,108.4,109.4,92.5,95.7,23.8,24.02,20.92,21.32
42.68,1771,141.6,100,0,0.8,3,9911,-0.01,0.07,108.3,109.4,92.5,95.7,23.8,24.01,20.91,21.31
42.72,1773,141.7,100,0,-0.2,3,9918,0.03,0.07,108.3,109.4,92.5,95.7,23.8,24.01,20.91,21.31
42.76,1774,141.8,100,0,-0.2,3,9924,0.01,0.07,108.3,109.3,92.5,95.7,23.8,24.01,20.91,21.31
42.8,1776,141.9,100,0,0.4,3,9931,0,0.07,108.3,109.3,92.5,95.7,23.8,24.01,20.91,21.31
42.84,1777,142,100,0,-0.1,3,9938,-0.02,0.07,108.3,109.3,92.5,95.7,23.8,24.01,20.91,21.31
42.88,1779,142.1,100,0,0,3,9945,0.01,0.07,108.3,109.3,92.5,95.7,23.8,24.01,20.91,21.31
42.92,1781,142.2,100,0,-0.4,3,9952,0.03,0.07,108.3,109.3,92.5,95.7,23.8,24.01,20.91,21.31
42.96,1782,142.3,100,0,0.7,3,9958,-0.02,0.07,108.3,109.3,92.4,95.6,23.79,24.01,20.91,21.31
43,1784,142.4,100,0,0,3,9965,0.01,0.07,108.2,109.3,92.4,95.6,23.79,24.01,20.91,21.31
43.04,1785,142.5,100,0,0.2,3,9972,-0.01,0.07,108.2,109.3,92.4,95.6,23.79,24.01,20.91,21.31
43.08,1787,142.5,100,0,0.3,3,9978,-0.02,0.07,108.2,109.2,92.4,95.6,23.79,24.01,20.91,21.31
43.12,1789,142.6,100,0,0.2,3,9985,-0.01,0.07,108.2,109.2,92.4,95.6,23.79,24,20.9,21.3
43.16,1790,142.7,100,0,0.4,3,9992,0.01,0.07,108.2,109.2,92.4,95.6,23.79,24,20.9,21.3
43.2,1792,142.8,100,0,-0.2,3,9998,0.01,0.07,108.2,109.2,92.4,95.6,23.79,24,20.9,21.3
43.24,1793,142.9,100,0,-0.2,3,10005,-0.03,0.07,108.2,109.2,92.4,95.6,23.79,24,20.9,21.3
43.28,1795,143,100,0,0.2,3,10012,0.01,0.07,108.2,109.2,92.3,95.5,23.79,24,20.9,21.3
43.32,1796,143.1,100,0,-0.4,3,10018,0.02,0.07,108.2,109.2,92.3,95.5,23.79,24,20.9,21.3
43.36,1798,143.2,100,0,-0.1,3,10025,-0.02,0.07,108.1,109.2,92.3,95.5,23.79,24,20.9,21.3
43.4,1800,143.3,100,0,-0.1,3,10031,0.01,0.07,108.1,109.1,92.3,95.5,23.78,24,20.9,21.3
43.44,1801,143.4,100,0,0,3,10038,-0.02,0.07,108.1,109.1,92.3,95.5,23.78,24,20.9,21.3
43.48,1803,143.5,100,0,-0.3,3,10045,0,0.07,108.1,109.1,92.3,95.5,23.78,24,20.9,21.3
43.52,1804,143.6,100,0,0.1,3,10051,-0.01,0.07,108.1,109.1,92.3,95.5,23.78,24,20.9,21.3
43.56,1806,143.7,100,0,-0.6,3,10058,-0.01,0.07,108.1,109.1,92.3,95.5,23.78,24,20.89,21.29
43.6,1808,143.8,100,0,-0.1,3,10064,0,0.07,108.1,109.1,92.2,95.4,23.78,23.99,20.89,21.29
43.64,1809,143.9,100,0,0.7,3,10071,0.04,0.07,108.1,109.1,92.2,95.4,23.78,23.99,20.89,21.29
43.68,1811,144,100,0,-0.7,3,10077,0.02,0.07,108,109.1,92.2,95.4,23.78,23.99,20.89,21.29
43.72,1812,144.1,100,0,0,3,10084,0.02,0.07,108,109.1,92.2,95.4,23.78,23.99,20.89,21.29
43.76,1814,144.1,100,0,-0.3,3,10090,0.01,0.07,108,109,92.2,95.4,23.78,23.99,20.89,21.29
43.8,1816,144.2,100,0,0.4,3,10096,-0.05,0.07,108,109,92.2,95.4,23.78,23.99,20.89,21.29
43.84,1817,144.3,100,0,0.2,3,10103,-0.04,0.06,108,109,92.2,95.4,23.77,23.99,20.89,21.29
43.88,1819,144.4,100,0,0.5,3,10109,0,0.06,108,109,92.2,95.4,23.77,23.99,20.89,21.29
43.92,1820,144.5,100,0,0.3,3,10116,-0.02,0.06,108,109,92.2,95.4,23.77,23.99,20.89,21.29
43.96,1822,144.6,100,0,0.3,3,10122,0,0.06,108,109,92.1,95.3,23.77,23.99,20.89,21.29
44,1824,144.7,100,0,-0.3,3,10128,-0.03,0.06,107.9,109,92.1,95.3,23.77,23.99,20.88,21.28
44.04,1825,144.8,100,0,0.8,3,10135,0.01,0.06,107.9,109,92.1,95.3,23.77,23.98,20.88,21.28
44.08,1827,144.9,100,0,0.1,3,10141,-0.04,0.06,107.9,108.9,92.1,95.3,23.77,23.98,20.88,21.28
44.12,1828,145,100,0,-0.8,3,10147,-0.01,0.06,107.9,108.9,92.1,95.3,23.77,23.98,20.88,21.28
44.16,1830,145.1,100,0,-0.4,3,10154,-0.01,0.06,107.9,108.9,92.1,95.3,23.77,23.98,20.88,21.28
44.2,1832,145.1,100,0,-0.4,3,10160,-0.04,0.06,107.9,108.9,92.1,95.3,23.77,23.98,20.88,21.28
44.24,1833,145.2,100,0,-0.4,3,10166,-0.01,0.06,107.9,108.9,92.1,95.3,23.77,23.98,20.88,21.28
44.28,1835,145.3,100,0,-0.6,3,10172,0.02,0.06,107.9,108.9,92,95.2,23.76,23.98,20.88,21.28
44.32,1837,145.4,100,0,-0.8,3,10179,-0.01,0.06,107.9,108.9,92,95.2,23.76,23.98,20.88,21.28
44.36,1838,145.5,100,0,-0.2,3,10185,-0.03,0.06,107.8,108.9,92,95.2,23.76,23.98,20.88,21.28
44.4,1840,145.6,100,0,0.1,3,10191,-0.01,0.06,107.8,108.8,92,95.2,23.76,23.98,20.88,21.28
44.44,1841,145.7,100,0,0.3,3,10197,0.04,0.06,107.8,108.8,92,95.2,23.76,23.98,20.87,21.27
44.48,1843,145.8,100,0,-0.3,3,10203,0.01,0.06,107.8,108.8,92,95.2,23.76,23.97,20.87,21.27
44.52,1845,145.9,100,0,0,3,10210,0.04,0.06,107.8,108.8,92,95.2,23.76,23.97,20.87,21.27
44.56,1846,145.9,100,0,-0.3,3,10216,0.03,0.06,107.8,108.8,92,95.2,23.76,23.97,20.87,21.27
44.6,1848,146,100,0,0.4,3,10222,-0.01,0.06,107.8,108.8,91.9,95.1,23.76,23.97,20.87,21.27
44.64,1850,146.1,100,0,-0.1,3,10228,0.01,0.06,107.8,108.8,91.9,95.1,23.76,23.97,20.87,21.27
44.68,1851,146.2,100,0,0.4,3,10234,-0.02,0.06,107.7,108.8,91.9,95.1,23.76,23.97,20.87,21.27
44.72,1853,146.3,100,0,-0.8,3,10240,0,0.06,107.7,108.8,91.9,95.1,23.75,23.97,20.87,21.27
44.76,1854,146.4,100,0,-0.2,3,10246,-0.01,0.06,107.7,108.7,91.9,95.1,23.75,23.97,20.87,21.27
44.8,1856,146.5,100,0,0.1,3,10252,-0.01,0.06,107.7,108.7,91.9,95.1,23.75,23.97,20.87,21.27
44.84,1858,146.5,100,0,0.4,3,10258,0,0.06,107.7,108.7,91.9,95.1,23.75,23.97,20.87,21.27
44.88,1859,146.6,100,0,-0.1,3,10264,-0.01,0.06,107.7,108.7,91.9,95.1,23.75,23.97,20.86,21.26
44.92,1861,146.7,100,0,-0.4,3,10271,-0.01,0.06,107.7,108.7,91.9,95.1,23.75,23.96,20.86,21.26
44.96,1863,146.8,100,0,0.5,3,10277,-0.02,0.06,107.7,108.7,91.8,95,23.75,23.96,20.86,21.26
45,1864,146.9,100,0,-0.1,3,10283,0,0.06,107.6,108.7,91.8,95,23.75,23.96,20.86,21.26
45.04,1866,147,100,0,-0.2,3,10289,-0.03,0.06,107.6,108.7,91.8,95,23.75,23.96,20.86,21.26
45.08,1867,147.1,100,0,0.1,3,10294,0,0.06,107.6,108.6,91.8,95,23.75,23.96,20.86,21.26
45.12,1869,147.1,100,0,0,3,10300,0.02,0.06,107.6,108.6,91.8,95,23.75,23.96,20.86,21.26
45.16,1871,147.2,100,0,0.8,3,10306,0,0.06,107.6,108.6,91.8,95,23.75,23.96,20.86,21.26
45.2,1872,147.3,100,0,-0.5,3,10312,0.04,0.06,107.6,108.6,91.8,95,23.74,23.96,20.86,21.26
45.24,1874,147.4,100,0,0.2,3,10318,0,0.06,107.6,108.6,91.8,95,23.74,23.96,20.86,21.26
45.28,1876,147.5,100,0,-0.5,3,10324,0.02,0.06,107.6,108.6,91.7,94.9,23.74,23.96,20.86,21.26
45.32,1877,147.6,100,0,0.4,3,10330,0,0.06,107.6,108.6,91.7,94.9,23.74,23.96,20.85,21.25
45.36,1879,147.7,100,0,0.2,3,10336,0,0.06,107.5,108.6,91.7,94.9,23.74,23.95,20.85,21.25
45.4,1881,147.7,100,0,0.2,3,10342,0.01,0.06,107.5,108.5,91.7,94.9,23.74,23.95,20.85,21.25
45.44,1882,147.8,100,0,-0.6,3,10348,-0.01,0.06,107.5,108.5,91.7,94.9,23.74,23.95,20.85,21.25
45.48,1884,147.9,100,0,-0.3,3,10353,-0.04,0.06,107.5,108.5,91.7,94.9,23.74,23.95,20.85,21.25
45.52,1885,148,100,0,0.5,3,10359,-0.01,0.06,107.5,108.5,91.7,94.9,23.74,23.95,20.85,21.25
45.56,1887,148.1,100,0,0.1,3,10365,-0.02,0.06,107.5,108.5,91.7,94.9,23.74,23.95,20.85,21.25
45.6,1889,148.2,100,0,-0.1,3,10371,-0.02,0.06,107.5,108.5,91.6,94.8,23.74,23.95,20.85,21.25
45.64,1890,148.2,100,0,0.2,3,10377,0.03,0.06,107.5,108.5,91.6,94.8,23.73,23.95,20.85,21.25
45.68,1892,148.3,100,0,0.3,3,10382,-0.01,0.06,107.4,108.5,91.6,94.8,23.73,23.95,20.85,21.25
45.72,1894,148.4,100,0,0.2,3,10388,0.01,0.06,107.4,108.5,91.6,94.8,23.73,23.95,20.85,21.25
45.76,1895,148.5,100,0,0.5,3,10394,0,0.06,107.4,108.4,91.6,94.8,23.73,23.95,20.84,21.24
45.8,1897,148.6,100,0,0.3,3,10400,0.02,0.06,107.4,108.4,91.6,94.8,23.73,23.94,20.84,21.24
45.84,1899,148.6,100,0,0.5,3,10405,-0.01,0.06,107.4,108.4,91.6,94.8,23.73,23.94,20.84,21.24
45.88,1900,148.7,100,0,0.7,3,10411,0.01,0.06,107.4,108.4,91.6,94.8,23.73,23.94,20.84,21.24
45.92,1902,148.8,100,0,-0.6,3,10417,-0.01,0.06,107.4,108.4,91.6,94.8,23.73,23.94,20.84,21.24
45.96,1904,148.9,100,0,0.4,3,10422,0.01,0.06,107.4,108.4,91.5,94.7,23.73,23.94,20.84,21.24
46,1905,149,100,0,0.4,3,10428,0,0.06,107.3,108.4,91.5,94.7,23.73,23.94,20.84,21.24
46.04,1907,149.1,100,0,0,3,10434,0,0.06,107.3,108.4,91.5,94.7,23.73,23.94,20.84,21.24
46.08,1909,149.1,100,0,0.3,3,10439,0,0.06,107.3,108.3,91.5,94.7,23.72,23.94,20.84,21.24
46.12,1910,149.2,100,0,-0.4,3,10445,0.04,0.06,107.3,108.3,91.5,94.7,23.72,23.94,20.84,21.24
46.16,1912,149.3,100,0,-0.3,3,10451,-0.03,0.06,107.3,108.3,91.5,94.7,23.72,23.94,20.84,21.24
46.2,1914,149.4,100,0,-0.3,3,10456,0.03,0.06,107.3,108.3,91.5,94.7,23.72,23.94,20.84,21.24
46.24,1915,149.5,100,0,-0.2,3,10462,-0.02,0.06,107.3,108.3,91.5,94.7,23.72,23.93,20.83,21.23
46.28,1917,149.5,100,0,0.4,3,10467,0,0.06,107.3,108.3,91.4,94.6,23.72,23.93,20.83,21.23
46.32,1919,149.6,100,0,-0.8,3,10473,0,0.06,107.3,108.3,91.4,94.6,23.72,23.93,20.83,21.23
46.36,1920,149.7,100,0,-0.8,3,10478,0.03,0.06,107.2,108.3,91.4,94.6,23.72,23.93,20.83,21.23
46.4,1922,149.8,100,0,0.9,3,10484,0,0.06,107.2,108.2,91.4,94.6,23.72,23.93,20.83,21.23
46.44,1924,149.9,100,0,-0.1,3,10490,-0.02,0.06,107.2,108.2,91.4,94.6,23.72,23.93,20.83,21.23
46.48,1925,149.9,100,0,0.3,3,10495,0.01,0.06,107.2,108.2,91.4,94.6,23.72,23.93,20.83,21.23
46.52,1927,150,100,0,-0.1,3,10501,-0.03,0.06,107.2,108.2,91.4,94.6,23.71,23.93,20.83,21.23
46.56,1928,150.1,100,0,0.2,3,10506,-0.01,0.06,107.2,108.2,91.4,94.6,23.71,23.93,20.83,21.23
46.6,1930,150.2,100,0,-0.3,3,10511,0,0.06,107.2,108.2,91.3,94.5,23.71,23.93,20.83,21.23
46.64,1932,150.2,100,0,-0.3,3,10517,0.01,0.06,107.2,108.2,91.3,94.5,23.71,23.93,20.83,21.23
46.68,1934,150.3,100,0,0,3,10522,0.01,0.06,107.1,108.2,91.3,94.5,23.71,23.92,20.82,21.22
46.72,1935,150.4,100,0,-0.3,3,10528,0,0.05,107.1,108.2,91.3,94.5,23.71,23.92,20.82,21.22
46.76,1937,150.5,100,0,-0.2,3,10533,0.01,0.05,107.1,108.1,91.3,94.5,23.71,23.92,20.82,21.22
46.8,1939,150.6,100,0,-0.1,3,10539,-0.03,0.05,107.1,108.1,91.3,94.5,23.71,23.92,20.82,21.22
46.84,1940,150.6,100,0,0.3,3,10544,0.01,0.05,107.1,108.1,91.3,94.5,23.71,23.92,20.82,21.22
46.88,1942,150.7,100,0,0.2,3,10549,-0.01,0.05,107.1,108.1,91.3,94.5,23.71,23.92,20.82,21.22
46.92,1944,150.8,100,0,0.1,3,10555,0,0.05,107.1,108.1,91.3,94.5,23.71,23.92,20.82,21.22
46.96,1945,150.9,100,0,0.2,3,10560,0,0.05,107.1,108.1,91.2,94.4,23.7,23.92,20.82,21.22
47,1947,150.9,100,0,0.1,3,10566,0,0.05,107,108.1,91.2,94.4,23.7,23.92,20.82,21.22
47.04,1949,151,100,0,-0.6,3,10571,0,0.05,107,108.1,91.2,94.4,23.7,23.92,20.82,21.22
47.08,1950,151.1,100,0,0,3,10576,0.03,0.05,107,108,91.2,94.4,23.7,23.92,20.82,21.22
47.12,1952,151.2,100,0,0.1,3,10582,0.01,0.05,107,108,91.2,94.4,23.7,23.91,20.81,21.21
47.16,1954,151.2,100,0,0.3,3,10587,0.01,0.05,107,108,91.2,94.4,23.7,23.91,20.81,21.21
47.2,1955,151.3,100,0,0.1,3,10592,0.01,0.05,107,108,91.2,94.4,23.7,23.91,20.81,21.21
47.24,1957,151.4,100,0,0.3,3,10597,-0.03,0.05,107,108,91.2,94.4,23.7,23.91,20.81,21.21
47.28,1959,151.5,100,0,0.4,3,10603,-0.02,0.05,107,108,91.1,94.3,23.7,23.91,20.81,21.21
47.32,1960,151.5,100,0,-0.4,3,10608,-0.01,0.05,107,108,91.1,94.3,23.7,23.91,20.81,21.21
47.36,1962,151.6,100,0,-0.4,3,10613,-0.02,0.05,106.9,108,91.1,94.3,23.7,23.91,20.81,21.21
47.4,1964,151.7,100,0,0.2,3,10618,-0.01,0.05,106.9,107.9,91.1,94.3,23.69,23.91,20.81,21.21
47.44,1965,151.8,100,0,-0.2,3,10624,-0.02,0.05,106.9,107.9,91.1,94.3,23.69,23.91,20.81,21.21
47.48,1967,151.8,100,0,0.5,3,10629,-0.02,0.05,106.9,107.9,91.1,94.3,23.69,23.91,20.81,21.21
47.52,1969,151.9,100,0,0.2,3,10634,-0.04,0.05,106.9,107.9,91.1,94.3,23.69,23.91,20.81,21.21
47.56,1970,152,100,0,0.6,3,10639,0,0.05,106.9,107.9,91.1,94.3,23.69,23.91,20.8,21.2
47.6,1972,152.1,100,0,-0.3,3,10644,-0.03,0.05,106.9,107.9,91,94.2,23.69,23.9,20.8,21.2
47.64,1974,152.1,100,0,-0.3,3,10650,0.04,0.05,106.9,107.9,91,94.2,23.69,23.9,20.8,21.2
47.68,1976,152.2,100,0,0.1,3,10655,-0.01,0.05,106.8,107.9,91,94.2,23.69,23.9,20.8,21.2
47.72,1977,152.3,100,0,-0.2,3,10660,-0.02,0.05,106.8,107.9,91,94.2,23.69,23.9,20.8,21.2
47.76,1979,152.4,100,0,0,3,10665,-0.01,0.05,106.8,107.8,91,94.2,23.69,23.9,20.8,21.2
47.8,1981,152.4,100,0,0.1,3,10670,0,0.05,106.8,107.8,91,94.2,23.69,23.9,20.8,21.2
47.84,1982,152.5,100,0,-0.4,3,10675,-0.03,0.05,106.8,107.8,91,94.2,23.68,23.9,20.8,21.2
47.88,1984,152.6,100,0,0.1,3,10680,0.02,0.05,106.8,107.8,91,94.2,23.68,23.9,20.8,21.2
47.92,1986,152.6,100,0,0.1,3,10685,0,0.05,106.8,107.8,91,94.2,23.68,23.9,20.8,21.2
47.96,1987,152.7,100,0,0.9,3,10690,-0.01,0.05,106.8,107.8,90.9,94.1,23.68,23.9,20.8,21.2
48,1989,152.8,100,0,0,3,10695,0.04,0.05,106.7,107.8,90.9,94.1,23.68,23.9,20.79,21.19
48.04,1991,152.9,100,0,-0.2,3,10700,-0.01,0.05,106.7,107.8,90.9,94.1,23.68,23.89,20.79,21.19
48.08,1992,152.9,100,0,-0.7,3,10706,0.02,0.05,106.7,107.7,90.9,94.1,23.68,23.89,20.79,21.19
48.12,1994,153,100,0,0.5,3,10711,-0.01,0.05,106.7,107.7,90.9,94.1,23.68,23.89,20.79,21.19
48.16,1996,153.1,100,0,-0.1,3,10716,-0.02,0.05,106.7,107.7,90.9,94.1,23.68,23.89,20.79,21.19
48.2,1998,153.2,100,0,0.6,3,10721,0.02,0.05,106.7,107.7,90.9,94.1,23.68,23.89,20.79,21.19
48.24,1999,153.2,100,0,0.5,3,10726,-0.02,0.05,106.7,107.7,90.9,94.1,23.68,23.89,20.79,21.19
48.28,2001,153.3,100,0,0.2,3,10731,-0.02,0.05,106.7,107.7,90.8,94,23.67,23.89,20.79,21.19
48.32,2003,153.4,100,0,0.2,3,10735,0.04,0.05,106.7,107.7,90.8,94,23.67,23.89,20.79,21.19
48.36,2004,153.4,100,0,0.2,3,10740,0.04,0.05,106.6,107.7,90.8,94,23.67,23.89,20.79,21.19
48.4,2006,153.5,100,0,-0.1,3,10745,0,0.05,106.6,107.6,90.8,94,23.67,23.89,20.79,21.19
48.44,2008,153.6,100,0,-0.6,3,10750,0.02,0.05,106.6,107.6,90.8,94,23.67,23.89,20.78,21.18
48.48,2009,153.6,100,0,-0.3,3,10755,0,0.05,106.6,107.6,90.8,94,23.67,23.88,20.78,21.18
48.52,2011,153.7,100,0,-0.4,3,10760,0.02,0.05,106.6,107.6,90.8,94,23.67,23.88,20.78,21.18
48.56,2013,153.8,100,0,-0.2,3,10765,-0.02,0.05,106.6,107.6,90.8,94,23.67,23.88,20.78,21.18
48.6,2015,153.9,100,0,1.1,3,10770,0.02,0.05,106.6,107.6,90.7,93.9,23.67,23.88,20.78,21.18
48.64,2016,153.9,100,0,0.5,3,10775,0.01,0.05,106.6,107.6,90.7,93.9,23.67,23.88,20.78,21.18
48.68,2018,154,100,0,-0.2,3,10780,0.02,0.05,106.5,107.6,90.7,93.9,23.67,23.88,20.78,21.18
48.72,2020,154.1,100,0,-0.6,3,10785,-0.01,0.05,106.5,107.6,90.7,93.9,23.66,23.88,20.78,21.18
48.76,2021,154.1,100,0,-0.3,3,10789,-0.01,0.05,106.5,107.5,90.7,93.9,23.66,23.88,20.78,21.18
48.8,2023,154.2,100,0,0.1,3,10794,0.01,0.05,106.5,107.5,90.7,93.9,23.66,23.88,20.78,21.18
48.84,2025,154.3,100,0,0.4,3,10799,0.03,0.05,106.5,107.5,90.7,93.9,23.66,23.88,20.78,21.18
48.88,2027,154.3,100,0,0.3,3,10804,-0.02,0.05,106.5,107.5,90.7,93.9,23.66,23.88,20.77,21.17
48.92,2028,154.4,100,0,-0.3,3,10809,0,0.05,106.5,107.5,90.7,93.9,23.66,23.87,20.77,21.17
48.96,2030,154.5,100,0,-0.3,3,10813,0,0.05,106.5,107.5,90.6,93.8,23.66,23.87,20.77,21.17
49,2032,154.5,100,0,0,3,10818,-0.02,0.05,106.4,107.5,90.6,93.8,23.66,23.87,20.77,21.17
49.04,2033,154.6,100,0,0.1,3,10823,0.03,0.05,106.4,107.5,90.6,93.8,23.66,23.87,20.77,21.17
49.08,2035,154.7,100,0,0.1,3,10828,-0.03,0.05,106.4,107.4,90.6,93.8,23.66,23.87,20.77,21.17
49.12,2037,154.7,100,0,-0.2,3,10832,-0.03,0.05,106.4,107.4,90.6,93.8,23.66,23.87,20.77,21.17
49.16,2039,154.8,100,0,-0.1,3,10837,-0.01,0.05,106.4,107.4,90.6,93.8,23.66,23.87,20.77,21.17
49.2,2040,154.9,100,0,-0.3,3,10842,0,0.05,106.4,107.4,90.6,93.8,23.65,23.87,20.77,21.17
49.24,2042,155,100,0,-1.4,3,10847,0.02,0.05,106.4,107.4,90.6,93.8,23.65,23.87,20.77,21.17
49.28,2044,155,100,0,0,3,10851,-0.01,0.05,106.4,107.4,90.5,93.7,23.65,23.87,20.77,21.17
49.32,2046,155.1,100,0,-0.4,3,10856,0.01,0.05,106.4,107.4,90.5,93.7,23.65,23.87,20.76,21.16
49.36,2047,155.2,100,0,0.1,3,10861,0,0.05,106.3,107.4,90.5,93.7,23.65,23.86,20.76,21.16
49.4,2049,155.2,100,0,-0.3,3,10865,0.01,0.05,106.3,107.3,90.5,93.7,23.65,23.86,20.76,21.16
49.44,2051,155.3,100,0,0.4,3,10870,0.03,0.05,106.3,107.3,90.5,93.7,23.65,23.86,20.76,21.16
49.48,2052,155.4,100,0,-0.5,3,10875,-0.04,0.05,106.3,107.3,90.5,93.7,23.65,23.86,20.76,21.16
49.52,2054,155.4,100,0,-0.1,3,10879,0,0.05,106.3,107.3,90.5,93.7,23.65,23.86,20.76,21.16
49.56,2056,155.5,100,0,0.8,3,10884,-0.01,0.05,106.3,107.3,90.5,93.7,23.65,23.86,20.76,21.16
49.6,2058,155.6,100,0,-0.3,3,10889,-0.02,0.05,106.3,107.3,90.4,93.6,23.65,23.86,20.76,21.16
49.64,2059,155.6,100,0,0.1,3,10893,-0.01,0.05,106.3,107.3,90.4,93.6,23.64,23.86,20.76,21.16
49.68,2061,155.7,100,0,0.1,3,10898,-0.03,0.05,106.2,107.3,90.4,93.6,23.64,23.86,20.76,21.16
49.72,2063,155.7,100,0,0.3,3,10902,-0.01,0.05,106.2,107.3,90.4,93.6,23.64,23.86,20.76,21.16
49.76,2064,155.8,100,0,0.2,3,10907,-0.01,0.05,106.2,107.2,90.4,93.6,23.64,23.86,20.75,21.15
49.8,2066,155.9,100,0,-0.7,3,10912,0.04,0.05,106.2,107.2,90.4,93.6,23.64,23.85,20.75,21.15
49.84,2068,155.9,100,0,-0.1,3,10916,0.02,0.05,106.2,107.2,90.4,93.6,23.64,23.85,20.75,21.15
49.88,2070,156,100,0,-0.7,3,10921,-0.02,0.05,106.2,107.2,90.4,93.6,23.64,23.85,20.75,21.15
49.92,2071,156.1,100,0,0.1,3,10925,0.02,0.05,106.2,107.2,90.4,93.6,23.64,23.85,20.75,21.15
49.96,2073,156.1,100,0,-0.4,3,10930,-0.02,0.05,106.2,107.2,90.3,93.5,23.64,23.85,20.75,21.15
50,2075,156.2,100,0,0.2,3,10934,0,0.05,106.1,107.2,90.3,93.5,23.64,23.85,20.75,21.15
50.04,2077,156.3,100,0,-0.2,3,10939,0.03,0.05,106.1,107.2,90.3,93.5,23.64,23.85,20.75,21.15
50.08,2078,156.3,100,0,0.3,3,10943,0,0.05,106.1,107.1,90.3,93.5,23.63,23.85,20.75,21.15
50.12,2080,156.4,100,0,-0.5,3,10948,0.03,0.05,106.1,107.1,90.3,93.5,23.63,23.85,20.75,21.15
50.16,2082,156.5,100,0,-0.2,3,10952,-0.04,0.05,106.1,107.1,90.3,93.5,23.63,23.85,20.75,21.15
50.2,2084,156.5,100,0,0.6,3,10957,-0.02,0.05,106.1,107.1,90.3,93.5,23.63,23.85,20.75,21.15
50.24,2085,156.6,100,0,0.2,3,10961,0.02,0.05,106.1,107.1,90.3,93.5,23.63,23.84,20.74,21.14
50.28,2087,156.7,100,0,-0.2,3,10966,0.03,0.04,106.1,107.1,90.2,93.4,23.63,23.84,20.74,21.14
50.32,2089,156.7,100,0,-0.1,3,10970,-0.01,0.04,106.1,107.1,90.2,93.4,23.63,23.84,20.74,21.14
50.36,2091,156.8,100,0,0.6,3,10975,0,0.04,106,107.1,90.2,93.4,23.63,23.84,20.74,21.14
50.4,2092,156.8,100,0,-0.3,3,10979,0.02,0.04,106,107,90.2,93.4,23.63,23.84,20.74,21.14
50.44,2094,156.9,100,0,0.1,3,10983,-0.01,0.04,106,107,90.2,93.4,23.63,23.84,20.74,21.14
50.48,2096,157,100,0,-0.5,3,10988,-0.01,0.04,106,107,90.2,93.4,23.63,23.84,20.74,21.14
50.52,2098,157,100,0,0.1,3,10992,-0.01,0.04,106,107,90.2,93.4,23.62,23.84,20.74,21.14
50.56,2099,157.1,100,0,-0.3,3,10997,0.01,0.04,106,107,90.2,93.4,23.62,23.84,20.74,21.14
50.6,2101,157.2,100,0,0.1,3,11001,0.02,0.04,106,107,90.1,93.3,23.62,23.84,20.74,21.14
50.64,2103,157.2,100,0,-0.1,3,11005,-0.03,0.04,106,107,90.1,93.3,23.62,23.84,20.74,21.14
50.68,2104,157.3,100,0,0.6,3,11010,-0.01,0.04,105.9,107,90.1,93.3,23.62,23.83,20.73,21.13
50.72,2106,157.3,100,0,0.2,3,11014,0.03,0.04,105.9,107,90.1,93.3,23.62,23.83,20.73,21.13
50.76,2108,157.4,100,0,0,3,11018,-0.01,0.04,105.9,106.9,90.1,93.3,23.62,23.83,20.73,21.13
50.8,2110,157.5,100,0,0.1,3,11023,-0.03,0.04,105.9,106.9,90.1,93.3,23.62,23.83,20.73,21.13
50.84,2111,157.5,100,0,-0.2,3,11027,0,0.04,105.9,106.9,90.1,93.3,23.62,23.83,20.73,21.13
50.88,2113,157.6,100,0,-0.2,3,11031,0.03,0.04,105.9,106.9,90.1,93.3,23.62,23.83,20.73,21.13
50.92,2115,157.6,100,0,-0.2,3,11035,0.04,0.04,105.9,106.9,90.1,93.3,23.62,23.83,20.73,21.13
50.96,2117,157.7,100,0,-0.6,3,11040,0,0.04,105.9,106.9,90,93.2,23.61,23.83,20.73,21.13
51,2118,157.8,100,0,0.4,3,11044,-0.03,0.04,105.8,106.9,90,93.2,23.61,23.83,20.73,21.13
51.04,2120,157.8,100,0,0,3,11048,0.02,0.04,105.8,106.9,90,93.2,23.61,23.83,20.73,21.13
51.08,2122,157.9,100,0,0,3,11053,0,0.04,105.8,106.8,90,93.2,23.61,23.83,20.73,21.13
51.12,2124,158,100,0,0.8,3,11057,-0.01,0.04,105.8,106.8,90,93.2,23.61,23.82,20.72,21.12
51.16,2126,158,100,0,0.4,3,11061,0,0.04,105.8,106.8,90,93.2,23.61,23.82,20.72,21.12
51.2,2127,158.1,100,0,0.2,3,11065,0.02,0.04,105.8,106.8,90,93.2,23.61,23.82,20.72,21.12
51.24,2129,158.1,100,0,0,3,11069,0,0.04,105.8,106.8,90,93.2,23.61,23.82,20.72,21.12
51.28,2131,158.2,100,0,0.8,3,11074,-0.05,0.04,105.8,106.8,89.9,93.1,23.61,23.82,20.72,21.12
51.32,2133,158.3,100,0,0,3,11078,0.04,0.04,105.8,106.8,89.9,93.1,23.61,23.82,20.72,21.12
51.36,2134,158.3,100,0,0.4,3,11082,0.01,0.04,105.7,106.8,89.9,93.1,23.61,23.82,20.72,21.12
51.4,2136,158.4,100,0,0.5,3,11086,0.01,0.04,105.7,106.7,89.9,93.1,23.6,23.82,20.72,21.12
51.44,2138,158.4,100,0,0,3,11090,-0.01,0.04,105.7,106.7,89.9,93.1,23.6,23.82,20.72,21.12
51.48,2140,158.5,100,0,-0.4,3,11095,-0.02,0.04,105.7,106.7,89.9,93.1,23.6,23.82,20.72,21.12
51.52,2141,158.6,100,0,0.3,3,11099,-0.01,0.04,105.7,106.7,89.9,93.1,23.6,23.82,20.72,21.12
51.56,2143,158.6,100,0,0.1,3,11103,-0.01,0.04,105.7,106.7,89.9,93.1,23.6,23.82,20.71,21.11
51.6,2145,158.7,100,0,0.1,3,11107,0.02,0.04,105.7,106.7,89.8,93,23.6,23.81,20.71,21.11
51.64,2147,158.7,100,0,-0.3,3,11111,0.01,0.04,105.7,106.7,89.8,93,23.6,23.81,20.71,21.11
51.68,2148,158.8,100,0,0.4,3,11115,0,0.04,105.6,106.7,89.8,93,23.6,23.81,20.71,21.11
51.72,2150,158.8,100,0,0.3,3,11119,-0.02,0.04,105.6,106.7,89.8,93,23.6,23.81,20.71,21.11
51.76,2152,158.9,100,0,0.2,3,11123,0,0.04,105.6,106.6,89.8,93,23.6,23.81,20.71,21.11
51.8,2154,159,100,0,0.7,3,11128,0.02,0.04,105.6,106.6,89.8,93,23.6,23.81,20.71,21.11
51.84,2155,159,100,0,-0.1,3,11132,0.02,0.04,105.6,106.6,89.8,93,23.59,23.81,20.71,21.11
51.88,2157,159.1,100,0,-0.3,3,11136,-0.05,0.04,105.6,106.6,89.8,93,23.59,23.81,20.71,21.11
51.92,2159,159.1,100,0,0.8,3,11140,-0.02,0.04,105.6,106.6,89.8,93,23.59,23.81,20.71,21.11
51.96,2161,159.2,100,0,0.1,3,11144,0.05,0.04,105.6,106.6,89.7,92.9,23.59,23.81,20.71,21.11
52,2163,159.3,100,0,-0.5,3,11148,0.01,0.04,105.5,106.6,89.7,92.9,23.59,23.81,20.7,21.1
52.04,2164,159.3,100,0,0.1,3,11152,0.02,0.04,105.5,106.6,89.7,92.9,23.59,23.8,20.7,21.1
52.08,2166,159.4,100,0,0.3,3,11156,0.01,0.04,105.5,106.5,89.7,92.9,23.59,23.8,20.7,21.1
52.12,2168,159.4,100,0,0.3,3,11160,0.01,0.04,105.5,106.5,89.7,92.9,23.59,23.8,20.7,21.1
52.16,2170,159.5,100,0,-0.2,3,11164,-0.02,0.04,105.5,106.5,89.7,92.9,23.59,23.8,20.7,21.1
52.2,2171,159.5,100,0,0.2,3,11168,0,0.04,105.5,106.5,89.7,92.9,23.59,23.8,20.7,21.1
52.24,2173,159.6,100,0,-0.9,3,11172,0.02,0.04,105.5,106.5,89.7,92.9,23.59,23.8,20.7,21.1
52.28,2175,159.7,100,0,-0.8,3,11176,-0.01,0.04,105.5,106.5,89.6,92.8,23.58,23.8,20.7,21.1
52.32,2177,159.7,100,0,-0.5,3,11180,-0.01,0.04,105.5,106.5,89.6,92.8,23.58,23.8,20.7,21.1
52.36,2178,159.8,100,0,-0.4,3,11184,0,0.04,105.4,106.5,89.6,92.8,23.58,23.8,20.7,21.1
52.4,2180,159.8,100,0,0.5,3,11188,-0.01,0.04,105.4,106.4,89.6,92.8,23.58,23.8,20.7,21.1
52.44,2182,159.9,100,0,-0.1,3,11192,0.01,0.04,105.4,106.4,89.6,92.8,23.58,23.8,20.69,21.09
52.48,2184,159.9,100,0,0.1,3,11196,0.01,0.04,105.4,106.4,89.6,92.8,23.58,23.79,20.69,21.09
52.52,2186,160,100,0,-0.2,3,9856,0.03,0.04,105.4,106.4,89.6,92.8,23.58,23.79,20.69,21.09
52.56,2187,160.1,100,0,0.1,3,9860,0.03,0.04,105.4,106.4,89.6,92.8,23.58,23.79,20.69,21.09
52.6,2189,160.1,100,0,0.4,3,9863,-0.01,0.04,105.4,106.4,89.5,92.7,23.58,23.79,20.69,21.09
52.64,2191,160.2,100,0,-0.1,3,9867,0.02,0.04,105.4,106.4,89.5,92.7,23.58,23.79,20.69,21.09
52.68,2193,160.2,100,0,0.2,3,9870,0.03,0.04,105.3,106.4,89.5,92.7,23.58,23.79,20.69,21.09
52.72,2194,160.3,100,0,0,3,9874,-0.03,0.04,105.3,106.4,89.5,92.7,23.57,23.79,20.69,21.09
52.76,2196,160.3,100,0,0.6,3,9877,-0.02,0.04,105.3,106.3,89.5,92.7,23.57,23.79,20.69,21.09
52.8,2198,160.4,100,0,0.2,3,9881,0,0.04,105.3,106.3,89.5,92.7,23.57,23.79,20.69,21.09
52.84,2200,160.5,100,0,0.2,3,9885,0,0.04,105.3,106.3,89.5,92.7,23.57,23.79,20.69,21.09
52.88,2202,160.5,100,0,-0.1,3,9889,0.01,0.04,105.3,106.3,89.5,92.7,23.57,23.79,20.68,21.08
52.92,2203,160.6,100,0,-0.2,3,9892,-0.02,0.04,105.3,106.3,89.5,92.7,23.57,23.78,20.68,21.08
52.96,2205,160.6,100,0,-0.3,3,9896,-0.04,0.04,105.3,106.3,89.4,92.6,23.57,23.78,20.68,21.08
53,2207,160.7,100,0,0.3,3,9899,0,0.04,105.2,106.3,89.4,92.6,23.57,23.78,20.68,21.08
53.04,2209,160.8,100,0,0.8,3,9903,-0.04,0.04,105.2,106.3,89.4,92.6,23.57,23.78,20.68,21.08
53.08,2211,160.8,100,0,-0.4,3,9906,-0.01,0.04,105.2,106.2,89.4,92.6,23.57,23.78,20.68,21.08
53.12,2212,160.9,100,0,0,3,9910,0.02,0.04,105.2,106.2,89.4,92.6,23.57,23.78,20.68,21.08
53.16,2214,160.9,100,0,-0.1,3,9913,-0.01,0.04,105.2,106.2,89.4,92.6,23.57,23.78,20.68,21.08
53.2,2216,161,100,0,0.2,3,9917,-0.03,0.04,105.2,106.2,89.4,92.6,23.56,23.78,20.68,21.08
53.24,2218,161,100,0,0.6,3,9920,0.03,0.04,105.2,106.2,89.4,92.6,23.56,23.78,20.68,21.08
53.28,2219,161.1,100,0,-0.5,3,9924,0.01,0.04,105.2,106.2,89.3,92.5,23.56,23.78,20.68,21.08
53.32,2221,161.2,100,0,-0.5,3,9927,-0.01,0.04,105.2,106.2,89.3,92.5,23.56,23.78,20.67,21.07
53.36,2223,161.2,100,0,-0.7,3,11285,-0.03,0.04,105.1,106.2,89.3,92.5,23.56,23.77,20.67,21.07
53.4,2225,161.3,100,0,-0.2,3,11289,-0.01,0.04,105.1,106.1,89.3,92.5,23.56,23.77,20.67,21.07
53.44,2227,161.3,100,0,0.1,3,11293,0.01,0.04,105.1,106.1,89.3,92.5,23.56,23.77,20.67,21.07
53.48,2228,161.4,100,0,-0.1,3,11297,-0.01,0.04,105.1,106.1,89.3,92.5,23.56,23.77,20.67,21.07
53.52,2230,161.4,100,0,-0.4,3,11301,-0.01,0.04,105.1,106.1,89.3,92.5,23.56,23.77,20.67,21.07
53.56,2232,161.5,100,0,0.5,3,11305,0.01,0.04,105.1,106.1,89.3,92.5,23.56,23.77,20.67,21.07
53.6,2234,161.6,100,0,0.2,3,11309,-0.03,0.04,105.1,106.1,89.2,92.4,23.56,23.77,20.67,21.07
53.64,2236,161.6,100,0,0.4,3,11313,-0.01,0.04,105.1,106.1,89.2,92.4,23.55,23.77,20.67,21.07
53.68,2237,161.7,100,0,0.2,3,11317,0.05,0.04,105,106.1,89.2,92.4,23.55,23.77,20.67,21.07
53.72,2239,161.7,100,0,0.1,3,11321,-0.02,0.04,105,106.1,89.2,92.4,23.55,23.77,20.67,21.07
53.76,2241,161.8,100,0,-0.7,3,11325,0,0.04,105,106,89.2,92.4,23.55,23.77,20.66,21.06
53.8,2243,161.8,100,0,-0.3,3,11329,0.01,0.04,105,106,89.2,92.4,23.55,23.76,20.66,21.06
53.84,2245,161.9,100,0,0.3,3,11333,0.01,0.04,105,106,89.2,92.4,23.55,23.76,20.66,21.06
53.88,2246,162,100,0,0,3,11337,-0.05,0.04,105,106,89.2,92.4,23.55,23.76,20.66,21.06
53.92,2248,162,100,0,-0.1,3,11341,-0.01,0.04,105,106,89.2,92.4,23.55,23.76,20.66,21.06
53.96,2250,162.1,100,0,-0.3,3,11345,-0.01,0.04,105,106,89.1,92.3,23.55,23.76,20.66,21.06
54,2252,162.1,100,0,0.4,3,11349,0,0.04,104.9,106,89.1,92.3,23.55,23.76,20.66,21.06
54.04,2254,162.2,100,0,-0.4,3,11353,-0.02,0.04,104.9,106,89.1,92.3,23.55,23.76,20.66,21.06
54.08,2255,162.3,100,0,0,3,11358,0.01,0.04,104.9,105.9,89.1,92.3,23.54,23.76,20.66,21.06
54.12,2257,162.3,100,0,-0.3,3,11362,-0.02,0.04,104.9,105.9,89.1,92.3,23.54,23.76,20.66,21.06
54.16,2259,162.4,100,0,0.2,3,11366,0.02,0.04,104.9,105.9,89.1,92.3,23.54,23.76,20.66,21.06
54.2,2261,162.4,100,0,0,3,11370,0,0.04,104.9,105.9,89.1,92.3,23.54,23.76,20.66,21.06
54.24,2263,162.5,100,0,-0.9,3,11374,0,0.04,104.9,105.9,89.1,92.3,23.54,23.75,20.65,21.05
54.28,2264,162.5,100,0,-1,3,11378,0,0.04,104.9,105.9,89,92.2,23.54,23.75,20.65,21.05
54.32,2266,162.6,100,0,0.6,3,11382,0,0.04,104.9,105.9,89,92.2,23.54,23.75,20.65,21.05
54.36,2268,162.7,100,0,-0.2,3,11386,0.04,0.04,104.8,105.9,89,92.2,23.54,23.75,20.65,21.05
54.4,2270,162.7,100,0,-0.2,3,11390,0.02,0.04,104.8,105.8,89,92.2,23.54,23.75,20.65,21.05
54.44,2272,162.8,100,0,0,3,11394,0,0.04,104.8,105.8,89,92.2,23.54,23.75,20.65,21.05
54.48,2273,162.4,0,6,0.8,3,11367,0,-4.2,104.9,106,89,92.2,23.54,23.76,20.65,21.05
54.52,2275,161.6,0,13,0,3,11309,0,-4.2,104.9,106.1,89,92.2,23.54,23.77,20.65,21.05
54.56,2277,160.3,0,20,-1.8,3,11219,0,-4.2,104.9,106.2,89,92.2,23.55,23.78,20.65,21.05
54.6,2279,158.5,0,28,1.7,3,11095,0,-4.2,105,106.3,89,92.2,23.55,23.79,20.65,21.05
54.64,2281,158.5,0,35,-0.4,3,11095,0,-4.2,105,106.4,89,92.2,23.55,23.8,20.65,21.05
54.68,2282,158.5,0,42,1.1,3,11095,0,-4.2,105.1,106.6,89,92.2,23.55,23.8,20.65,21.05
54.72,2284,158.5,0,49,0.3,3,11095,0,-4.2,105.1,106.7,89,92.2,23.56,23.81,20.65,21.05
54.76,2286,158.5,0,56,1.2,3,11095,0,-4.2,105.1,106.8,89,92.2,23.56,23.82,20.65,21.05
54.8,2288,158.5,0,63,-0.5,3,11095,0,-4.2,105.2,106.9,89,92.2,23.56,23.83,20.65,21.05
54.84,2289,158.5,0,71,0.9,3,11095,0,-4.2,105.2,107,89,92.2,23.57,23.84,20.65,21.05
54.88,2291,158.5,0,78,0,3,11095,0,-4.2,105.3,107.2,89,92.2,23.57,23.85,20.65,21.05
54.92,2293,158.5,0,85,0.7,3,11095,0,-4.2,105.3,107.3,89,92.2,23.57,23.86,20.65,21.05
54.96,2295,158.5,0,90,-1.2,3,11095,0,-4.2,105.3,107.4,89,92.2,23.58,23.87,20.65,21.05
55,2296,158.5,0,90,0.4,3,11095,0,-4.2,105.4,107.5,89,92.2,23.58,23.88,20.65,21.05
55.04,2298,158.5,0,90,0.5,3,11095,0,-4.2,105.4,107.6,89,92.2,23.58,23.89,20.65,21.05
55.08,2300,158.5,0,90,0.2,3,11095,0,-4.2,105.5,107.8,89,92.2,23.58,23.89,20.65,21.05
55.12,2302,158.5,0,90,-1.7,3,11095,0,-4.2,105.5,107.9,89,92.2,23.59,23.9,20.65,21.05
55.16,2303,158.5,0,90,0.2,3,11095,0,-4.2,105.5,108,89,92.2,23.59,23.91,20.65,21.05
55.2,2305,158.5,0,90,-0.2,3,11095,0,-4.2,105.6,108.1,89,92.2,23.59,23.92,20.65,21.05
55.24,2307,158.5,0,90,0.3,3,11095,0,-4.2,105.6,108.2,89,92.2,23.6,23.93,20.65,21.05
55.28,2309,158.5,0,90,-1,3,11095,0,-4.2,105.7,108.4,89,92.2,23.6,23.94,20.65,21.05
55.32,2311,158.5,0,90,0.9,3,11095,0,-4.2,105.7,108.5,89,92.2,23.6,23.95,20.65,21.05
55.36,2312,158.5,0,90,-0.2,3,11095,0,-4.2,105.7,108.6,89,92.2,23.61,23.96,20.65,21.05
55.4,2314,158.5,0,90,0,3,11095,0,-4.2,105.8,108.7,89,92.2,23.61,23.97,20.65,21.05
55.44,2316,158.5,0,90,-0.5,3,11095,0,-4.2,105.8,108.8,89,92.2,23.61,23.98,20.65,21.05
55.48,2318,158.5,0,90,-0.9,3,11095,0,-4.2,105.9,109,89,92.2,23.61,23.98,20.65,21.05
55.52,2319,158.5,0,90,0.7,3,11095,0,-4.2,105.9,109.1,89,92.2,23.62,23.99,20.65,21.05
55.56,2321,158.5,0,90,-1.7,3,11095,0,-4.2,105.9,109.2,89,92.2,23.62,24,20.65,21.05
55.6,2323,158.5,0,90,-0.6,3,11095,0,-4.2,106,109.3,89,92.2,23.62,24.01,20.65,21.05
55.64,2325,158.5,0,90,0,3,11095,0,-4.2,106,109.4,89,92.2,23.63,24.02,20.65,21.05
55.68,2326,158.5,0,90,0.4,3,11095,0,-4.2,106.1,109.6,89,92.2,23.63,24.03,20.65,21.05
55.72,2328,158.5,0,90,1,3,11095,0,-4.2,106.1,109.7,89,92.2,23.63,24.04,20.65,21.05
55.76,2330,158.5,0,90,0.3,3,11095,0,-4.2,106.1,109.8,89,92.2,23.64,24.05,20.65,21.05
55.8,2332,158.5,0,90,-1.2,3,11095,0,-4.2,106.2,109.9,89,92.2,23.64,24.06,20.65,21.05
55.84,2333,158.5,0,90,-0.1,3,11095,0,-4.2,106.2,110,89,92.2,23.64,24.07,20.65,21.05
55.88,2335,158.5,0,90,-0.2,3,11095,0,-4.2,106.3,110.2,89,92.2,23.64,24.07,20.65,21.05
55.92,2337,158.5,0,90,0.4,3,11095,0,-4.2,106.3,110.3,89,92.2,23.65,24.08,20.65,21.05
55.96,2339,158.5,0,90,-0.5,3,11095,0,-1.4,106.3,110.4,89,92.2,23.65,24.09,20.65,21.05
56,2340,158.5,0,87,-1.2,3,11095,-0.07,-1.37,106.4,110.5,89,92.2,23.65,24.1,20.65,21.05
56.04,2342,158.5,0,84,-3.6,3,11095,-0.13,-1.34,106.4,110.6,89,92.2,23.66,24.11,20.65,21.05
56.08,2344,158.5,0,82,-6.9,3,11095,-0.19,-1.31,106.5,110.8,89,92.2,23.66,24.12,20.65,21.05
56.12,2346,158.5,0,79,-8.4,3,11095,-0.26,-1.28,106.5,110.9,89,92.2,23.66,24.13,20.65,21.05
56.16,2348,158.5,0,77,-9.7,3,11095,-0.32,-1.25,106.5,111,89,92.2,23.67,24.14,20.65,21.05
56.2,2349,158.5,0,74,-11.8,3,11095,-0.38,-1.22,106.6,111.1,89,92.2,23.67,24.15,20.65,21.05
56.24,2351,158.5,0,71,-13.4,3,11095,-0.44,-1.19,106.6,111.2,89,92.2,23.67,24.16,20.65,21.05
56.28,2353,158.5,0,69,-15.7,3,11095,-0.51,-1.16,106.7,111.4,89,92.2,23.67,24.16,20.65,21.05
56.32,2355,158.5,0,66,-17,3,11095,-0.57,-1.13,106.7,111.5,89,92.2,23.68,24.17,20.65,21.05
56.36,2356,158.5,0,64,-18.5,3,11095,-0.63,-1.1,106.7,111.6,89,92.2,23.68,24.18,20.65,21.05
56.4,2358,158.5,0,61,-20.9,3,11095,-0.7,-1.07,106.8,111.7,89,92.2,23.68,24.19,20.65,21.05
56.44,2360,158.5,0,59,-22.4,3,11095,-0.76,-1.03,106.8,111.8,89,92.2,23.69,24.2,20.65,21.05
56.48,2362,158.5,0,57,-24.5,3,11095,-0.82,-1,106.9,112,89,92.2,23.69,24.21,20.65,21.05
56.52,2363,158.5,0,54,-25.8,3,11095,-0.88,-0.97,106.9,112.1,89,92.2,23.69,24.22,20.65,21.05
56.56,2365,158.5,0,52,-28.2,3,11095,-0.95,-0.94,106.9,112.2,89,92.2,23.7,24.23,20.65,21.05
56.6,2367,158.5,0,50,-29.4,3,11095,-1.01,-0.91,107,112.3,89,92.2,23.7,24.24,20.65,21.05
56.64,2369,158.5,0,47,-31.3,3,11095,-1.07,-0.88,107,112.4,89,92.2,23.7,24.25,20.65,21.05
56.68,2370,158.5,0,45,-33.1,3,11095,-1.14,-0.85,107.1,112.6,89,92.2,23.7,24.25,20.65,21.05
56.72,2372,158.5,0,43,-34.7,3,11095,-1.2,-0.82,107.1,112.7,89,92.2,23.71,24.26,20.65,21.05
56.76,2374,158.5,0,41,-36.2,3,11095,-1.26,-0.79,107.1,112.8,89,92.2,23.71,24.27,20.65,21.05
56.8,2376,158.5,0,38,-36.7,3,11095,-1.32,-0.76,107.2,112.9,89,92.2,23.71,24.28,20.65,21.05
56.84,2377,158.5,0,36,-38.1,3,11095,-1.39,-0.73,107.2,113,89,92.2,23.72,24.29,20.65,21.05
56.88,2379,158.5,0,34,-39.2,3,11095,-1.45,-0.7,107.3,113.2,89,92.2,23.72,24.3,20.65,21.05
56.92,2381,158.5,0,32,-41,3,11095,-1.51,-0.67,107.3,113.3,89,92.2,23.72,24.31,20.65,21.05
56.96,2383,158.5,0,30,-42.9,3,11095,-1.58,-0.64,107.3,113.4,89,92.2,23.73,24.32,20.65,21.05
57,2384,158.5,0,28,-43.2,3,11095,-1.64,-0.61,107.4,113.5,89,92.2,23.73,24.33,20.65,21.05
57.04,2386,158.5,0,26,-44.7,3,11095,-1.7,-0.58,107.4,113.6,89,92.2,23.73,24.34,20.65,21.05
57.08,2388,158.5,0,24,-45.6,3,11095,-1.76,-0.55,107.5,113.8,89,92.2,23.73,24.34,20.65,21.05
57.12,2390,158.5,0,22,-47.3,3,11095,-1.83,-0.52,107.5,113.9,89,92.2,23.74,24.35,20.65,21.05
57.16,2392,158.5,0,21,-47.8,3,11095,-1.89,-0.49,107.5,114,89,92.2,23.74,24.36,20.65,21.05
57.2,2393,158.5,0,19,-49.4,3,11095,-1.95,-0.46,107.6,114.1,89,92.2,23.74,24.37,20.65,21.05
57.24,2395,158.5,0,17,-51.4,3,11095,-2.02,-0.43,107.6,114.2,89,92.2,23.75,24.38,20.65,21.05
57.28,2397,158.5,0,16,-51.9,3,11095,-2.08,-0.4,107.7,114.4,89,92.2,23.75,24.39,20.65,21.05
57.32,2399,158.5,0,14,-52.2,3,11095,-2.14,-0.37,107.7,114.5,89,92.2,23.75,24.4,20.65,21.05
57.36,2400,158.5,0,12,-52.3,3,11095,-2.2,-0.34,107.7,114.6,89,92.2,23.76,24.41,20.65,21.05
57.4,2402,158.5,0,11,-53.2,3,11095,-2.27,-0.31,107.8,114.7,89,92.2,23.76,24.42,20.65,21.05
57.44,2404,158.5,0,9,-53.8,3,11095,-2.33,-0.28,107.8,114.8,89,92.2,23.76,24.43,20.65,21.05
57.48,2406,158.5,0,8,-54.3,3,11095,-2.39,-0.25,107.9,115,89,92.2,23.76,24.43,20.65,21.05
57.52,2407,158.5,0,7,-55.7,3,11095,-2.46,-0.22,107.9,115.1,89,92.2,23.77,24.44,20.65,21.05
57.56,2409,158.5,0,5,-55.6,3,11095,-2.52,-0.19,107.9,115.2,89,92.2,23.77,24.45,20.65,21.05
57.6,2411,158.5,0,4,-55.1,3,11095,-2.58,-0.16,108,115.3,89,92.2,23.77,24.46,20.65,21.05
57.64,2413,158.5,0,3,-56.3,3,11095,-2.64,-0.13,108,115.4,89,92.2,23.78,24.47,20.65,21.05
57.68,2414,158.5,0,2,-56.4,3,11095,-2.71,-0.1,108.1,115.6,89,92.2,23.78,24.48,20.65,21.05
57.72,2416,158.5,0,1,-56.2,3,11095,-2.77,-0.07,108.1,115.7,89,92.2,23.78,24.49,20.65,21.05
57.76,2418,158.5,0,1,-57.2,3,11095,-2.83,-0.04,108.1,115.8,89,92.2,23.79,24.5,20.65,21.05
57.8,2420,158.5,0,0,-56.7,3,11095,-2.9,0,108.2,115.9,89,92.2,23.79,24.51,20.65,21.05
57.84,2421,158.5,2,0,-56.4,3,11095,-3.37,0.01,108.2,115.9,89,92.2,23.79,24.51,20.65,21.05
57.88,2423,158.5,4,0,-54.9,3,11095,-3.33,0.02,108.2,115.9,89.1,92.3,23.79,24.51,20.66,21.06
57.92,2425,158.5,6,0,-54.2,3,11096,-3.29,0.03,108.2,115.9,89.1,92.3,23.79,24.51,20.66,21.06
57.96,2427,158.5,8,0,-54,3,11096,-3.25,0.03,108.2,115.9,89.1,92.3,23.79,24.51,20.66,21.06
58,2429,158.5,10,0,-53.8,3,11097,-3.22,0.04,108.2,115.9,89.2,92.4,23.79,24.51,20.66,21.06
58.04,2430,158.5,12,0,-51.5,3,11098,-3.18,0.05,108.2,115.9,89.2,92.4,23.79,24.51,20.67,21.07
58.08,2432,158.6,14,0,-51.4,3,11099,-3.14,0.06,108.2,115.9,89.2,92.4,23.79,24.51,20.67,21.07
58.12,2434,158.6,15,0,-50.5,3,11100,-3.1,0.07,108.2,115.9,89.3,92.5,23.79,24.51,20.67,21.07
58.16,2436,158.6,17,0,-49.6,3,11101,-3.06,0.08,108.2,115.9,89.3,92.5,23.79,24.51,20.67,21.07
58.2,2437,158.6,19,0,-49.2,3,11102,-3.03,0.09,108.2,115.9,89.3,92.5,23.79,24.51,20.68,21.08
58.24,2439,158.6,20,0,-48.2,3,11103,-2.99,0.1,108.2,115.9,89.4,92.6,23.79,24.51,20.68,21.08
58.28,2441,158.6,22,0,-47.1,3,11105,-2.95,0.11,108.2,115.9,89.4,92.6,23.79,24.51,20.68,21.08
58.32,2443,158.7,23,0,-46,3,11106,-2.91,0.12,108.2,115.9,89.5,92.7,23.79,24.51,20.68,21.08
58.36,2444,158.7,25,0,-46.5,3,11108,-2.87,0.13,108.2,115.9,89.5,92.7,23.79,24.51,20.69,21.09
58.4,2446,158.7,26,0,-44.5,3,11109,-2.84,0.13,108.2,115.9,89.5,92.7,23.79,24.51,20.69,21.09
58.44,2448,158.7,28,0,-44.9,3,11111,-2.8,0.14,108.2,115.9,89.6,92.8,23.79,24.51,20.69,21.09
58.48,2450,158.8,29,0,-43.6,3,11113,-2.76,0.15,108.2,115.9,89.6,92.8,23.79,24.51,20.69,21.09
58.52,2451,158.8,31,0,-43.1,3,11115,-2.72,0.16,108.2,115.9,89.6,92.8,23.79,24.51,20.7,21.1
58.56,2453,158.8,32,0,-41.8,3,11117,-2.68,0.17,108.2,115.9,89.7,92.9,23.79,24.51,20.7,21.1
58.6,2455,158.8,34,0,-41.7,3,11119,-2.65,0.18,108.2,115.9,89.7,92.9,23.79,24.51,20.7,21.1
58.64,2457,158.9,35,0,-40.8,3,11121,-2.61,0.19,108.2,115.9,89.7,92.9,23.79,24.51,20.71,21.11
58.68,2458,158.9,36,0,-38.8,3,11124,-2.57,0.2,108.2,115.9,89.8,93,23.79,24.51,20.71,21.11
58.72,2460,158.9,38,0,-38.7,3,11126,-2.53,0.21,108.2,115.9,89.8,93,23.79,24.51,20.71,21.11
58.76,2462,159,39,0,-37.7,3,11129,-2.49,0.22,108.2,115.9,89.8,93,23.79,24.51,20.71,21.11
58.8,2464,159,41,0,-36.9,3,11131,-2.45,0.23,108.2,115.9,89.9,93.1,23.79,24.51,20.72,21.12
58.84,2466,159.1,42,0,-35.8,3,11134,-2.42,0.24,108.2,115.9,89.9,93.1,23.79,24.51,20.72,21.12
58.88,2467,159.1,44,0,-35.9,3,11137,-2.38,0.24,108.2,115.9,89.9,93.1,23.79,24.51,20.72,21.12
58.92,2469,159.1,45,0,-34.3,3,11140,-2.34,0.25,108.2,115.9,90,93.2,23.79,24.51,20.72,21.12
58.96,2471,159.2,46,0,-33.5,3,11143,-2.3,0.26,108.2,115.9,90,93.2,23.79,24.51,20.73,21.13
59,2473,159.2,48,0,-33,3,11146,-2.26,0.27,108.2,115.9,90,93.2,23.79,24.51,20.73,21.13
59.04,2474,159.3,49,0,-32.2,3,11149,-2.23,0.28,108.2,115.9,90.1,93.3,23.79,24.51,20.73,21.13
59.08,2476,159.3,50,0,-30.7,3,11152,-2.19,0.29,108.2,115.9,90.1,93.3,23.79,24.51,20.73,21.13
59.12,2478,159.4,52,0,-30.5,3,11155,-2.15,0.3,108.2,115.9,90.2,93.4,23.79,24.51,20.74,21.14
59.16,2480,159.4,53,0,-30,3,11159,-2.11,0.31,108.2,115.9,90.2,93.4,23.79,24.51,20.74,21.14
59.2,2481,159.5,54,0,-29.1,3,11162,-2.07,0.32,108.2,115.9,90.2,93.4,23.79,24.51,20.74,21.14
59.24,2483,159.5,56,0,-27.7,3,11166,-2.03,0.33,108.2,115.9,90.3,93.5,23.79,24.51,20.74,21.14
59.28,2485,159.6,57,0,-27.2,3,11169,-2,0.34,108.2,115.9,90.3,93.5,23.79,24.51,20.75,21.15
59.32,2487,159.6,58,0,-27.1,3,11173,-1.96,0.34,108.2,115.9,90.3,93.5,23.79,24.51,20.75,21.15
59.36,2489,159.7,60,0,-25.9,3,11177,-1.92,0.35,108.2,115.9,90.4,93.6,23.79,24.51,20.75,21.15
59.4,2490,159.7,61,0,-24.8,3,11181,-1.88,0.36,108.2,115.9,90.4,93.6,23.79,24.51,20.75,21.15
59.44,2492,159.8,62,0,-23.6,3,11185,-1.84,0.37,108.2,115.9,90.4,93.6,23.79,24.51,20.76,21.16
59.48,2494,159.8,64,0,-23,3,11189,-1.8,0.38,108.2,115.9,90.5,93.7,23.79,24.51,20.76,21.16
59.52,2496,159.9,65,0,-22,3,11193,-1.77,0.39,108.2,115.9,90.5,93.7,23.79,24.51,20.76,21.16
59.56,2497,160,66,0,-21.5,3,11197,-1.73,0.4,108.2,115.9,90.5,93.7,23.79,24.51,20.77,21.17
59.6,2499,160,67,0,-21.4,3,11201,-1.69,0.41,108.2,115.9,90.6,93.8,23.79,24.51,20.77,21.17
59.64,2501,160.1,69,0,-20.2,3,11206,-1.65,0.42,108.2,115.9,90.6,93.8,23.79,24.51,20.77,21.17
59.68,2503,160.1,70,0,-19.7,3,11210,-1.61,0.43,108.2,115.9,90.6,93.8,23.79,24.51,20.77,21.17
59.72,2505,160.2,71,0,-18,3,11215,-1.57,0.44,108.2,115.9,90.7,93.9,23.79,24.51,20.78,21.18
59.76,2506,160.3,73,0,-17,3,11219,-1.54,0.45,108.2,115.9,90.7,93.9,23.79,24.51,20.78,21.18
59.8,2508,160.3,74,0,-15.9,3,11224,-1.5,0.45,108.2,115.9,90.7,93.9,23.79,24.51,20.78,21.18
59.84,2510,160.4,75,0,-16,3,11229,-1.46,0.46,108.2,115.9,90.8,94,23.79,24.51,20.78,21.18
59.88,2512,160.5,76,0,-14.1,3,11233,-1.42,0.47,108.2,115.9,90.8,94,23.79,24.51,20.79,21.19
59.92,2513,160.5,78,0,-14.1,3,11238,-1.38,0.48,108.2,115.9,90.9,94.1,23.79,24.51,20.79,21.19
59.96,2515,160.6,79,0,-13.8,3,11243,-1.34,0.49,108.2,115.9,90.9,94.1,23.79,24.51,20.79,21.19
60,2517,160.7,80,0,-12.6,3,11248,-1.31,0.5,108.2,115.9,90.9,94.1,23.79,24.51,20.79,21.19
60.04,2519,160.8,81,0,-12,3,11254,-1.27,0.51,108.2,115.9,91,94.2,23.79,24.51,20.8,21.2
60.08,2521,160.8,83,0,-11.4,3,11259,-1.23,0.52,108.2,115.9,91,94.2,23.79,24.51,20.8,21.2
60.12,2522,160.9,84,0,-11.1,3,11264,-1.19,0.53,108.2,115.9,91,94.2,23.79,24.51,20.8,21.2
60.16,2524,161,85,0,-9.2,3,11269,-1.15,0.54,108.2,115.9,91.1,94.3,23.79,24.51,20.8,21.2
60.2,2526,161.1,86,0,-9.1,3,11275,-1.11,0.55,108.2,115.9,91.1,94.3,23.79,24.51,20.81,21.21
60.24,2528,161.1,88,0,-8.3,3,11280,-1.07,0.56,108.2,115.9,91.1,94.3,23.79,24.51,20.81,21.21
60.28,2530,161.2,89,0,-8.1,3,11286,-1.04,0.57,108.2,115.9,91.2,94.4,23.79,24.51,20.81,21.21
60.32,2531,161.3,90,0,-6.9,3,11292,-1,0.57,108.2,115.9,91.2,94.4,23.79,24.51,20.82,21.22
60.36,2533,161.4,91,0,-6,3,11297,-0.96,0.58,108.2,115.9,91.2,94.4,23.79,24.51,20.82,21.22
60.4,2535,161.5,92,0,-5.6,3,11303,-0.92,0.59,108.2,115.9,91.3,94.5,23.79,24.51,20.82,21.22
60.44,2537,161.6,94,0,-3.6,3,11309,-0.88,0.6,108.2,115.9,91.3,94.5,23.79,24.51,20.82,21.22
60.48,2539,161.6,95,0,-2.8,3,11315,-0.84,0.61,108.2,115.9,91.3,94.5,23.79,24.51,20.83,21.23
60.52,2540,161.7,96,0,-2.7,3,11321,-0.8,0.62,108.2,115.9,91.4,94.6,23.79,24.51,20.83,21.23
60.56,2542,161.8,97,0,-2.2,3,11327,-0.76,0.63,108.2,115.9,91.4,94.6,23.79,24.51,20.83,21.23
60.6,2544,161.9,99,0,-0.6,3,11334,-0.73,0.64,108.2,115.9,91.4,94.6,23.79,24.51,20.83,21.23
60.64,2546,162,100,0,-0.1,3,11340,-0.69,0.65,108.2,115.9,91.5,94.7,23.79,24.51,20.84,21.24
60.68,2548,162.1,100,0,0.3,3,11344,-0.01,0.04,108.2,115.9,91.5,94.7,23.79,24.51,20.84,21.24
60.72,2549,162.1,100,0,-0.2,3,11348,-0.02,0.04,108.2,115.9,91.5,94.7,23.79,24.5,20.83,21.23
60.76,2551,162.2,100,0,0,3,11352,0,0.04,108.1,115.9,91.4,94.6,23.79,24.5,20.83,21.23
60.8,2553,162,0,2,0.2,3,11343,0,-4.2,108.3,115.9,91.4,94.6,23.79,24.51,20.83,21.23
60.84,2555,161.7,0,5,0.1,3,11321,0,-4.2,108.4,116,91.4,94.6,23.8,24.51,20.83,21.23
60.88,2557,161.2,0,8,-0.6,3,11285,0,-4.2,108.5,116,91.4,94.6,23.81,24.51,20.83,21.23
60.92,2558,160.5,0,11,0.7,3,11235,0,-4.2,108.6,116,91.4,94.6,23.82,24.52,20.83,21.23
60.96,2560,159.5,0,15,0,3,11168,0,-4.2,108.7,116.1,91.4,94.6,23.83,24.52,20.83,21.23
61,2562,158.4,0,18,1,3,11088,0,-4.2,108.9,116.1,91.4,94.6,23.84,24.52,20.83,21.23
61.04,2564,157,0,21,-0.4,3,10993,0,-4.2,109,116.2,91.4,94.6,23.85,24.52,20.83,21.23
61.08,2565,155.5,0,24,-0.4,3,10886,0,-4.2,109.1,116.2,91.4,94.6,23.86,24.53,20.83,21.23
61.12,2567,153.7,0,28,-0.5,3,10761,0,-4.2,109.2,116.2,91.4,94.6,23.87,24.53,20.83,21.23
61.16,2569,151.7,0,31,1.1,3,10622,0,-4.2,109.3,116.3,91.4,94.6,23.88,24.53,20.83,21.23
61.2,2570,149.6,0,34,-0.6,3,10469,0,-4.2,109.5,116.3,91.4,94.6,23.88,24.54,20.83,21.23
61.24,2572,147.3,0,35,-0.9,3,10313,0,-4.2,109.6,116.4,91.4,94.6,23.89,24.54,20.83,21.23
61.28,2574,145.1,0,35,0,3,10156,0,-4.2,109.7,116.4,91.4,94.6,23.9,24.54,20.83,21.23
61.32,2575,142.8,0,35,1.7,3,9999,0,-4.2,109.8,116.4,91.4,94.6,23.91,24.55,20.83,21.23
61.36,2577,140.6,0,35,-0.8,3,9842,0,-4.2,109.9,116.5,91.4,94.6,23.92,24.55,20.83,21.23
61.4,2579,138.4,0,35,0.5,3,9685,0,-4.2,110.1,116.5,91.4,94.6,23.93,24.55,20.83,21.23
61.44,2580,136.1,0,35,0.2,3,9529,0,-4.2,110.2,116.6,91.4,94.6,23.94,24.55,20.83,21.23
61.48,2582,133.9,0,35,-0.7,2,11782,0,-4.2,110.3,116.6,91.4,94.6,23.95,24.56,20.83,21.23
61.52,2583,131.6,0,35,0.2,2,11584,0,-4.2,110.4,116.6,91.4,94.6,23.96,24.56,20.83,21.23
61.56,2585,129.4,0,35,-0.7,2,11387,0,-4.2,110.5,116.7,91.4,94.6,23.97,24.56,20.83,21.23
61.6,2586,127.2,0,35,0.3,2,11190,0,-4.2,110.7,116.7,91.4,94.6,23.97,24.57,20.83,21.23
61.64,2587,124.9,0,35,-1.4,2,10993,0,-4.2,110.8,116.8,91.4,94.6,23.98,24.57,20.83,21.23
61.68,2589,122.7,0,35,-0.1,2,10796,0,-4.2,110.9,116.8,91.4,94.6,23.99,24.57,20.83,21.23
61.72,2590,120.4,0,35,-0.1,2,10599,0,-4.2,111,116.8,91.4,94.6,24,24.58,20.83,21.23
61.76,2591,118.2,0,35,-1.8,2,10402,0,-4.2,111.1,116.9,91.4,94.6,24.01,24.58,20.83,21.23
61.8,2593,116,0,35,-0.4,2,10205,0,-4.2,111.3,116.9,91.4,94.6,24.02,24.58,20.83,21.23
61.84,2594,113.7,0,35,-0.3,2,10008,0,-4.2,111.4,117,91.4,94.6,24.03,24.58,20.83,21.23
61.88,2595,111.5,0,35,1.3,2,9812,0,-4.2,111.5,117,91.4,94.6,24.04,24.59,20.83,21.23
61.92,2597,111.5,0,35,1.4,2,9812,0,-4.2,111.6,117,91.4,94.6,24.05,24.59,20.83,21.23
61.96,2598,111.5,0,35,0.8,2,9812,0,-4.2,111.7,117.1,91.4,94.6,24.06,24.59,20.83,21.23
62,2599,111.5,0,35,-0.3,2,9812,0,-4.2,111.9,117.1,91.4,94.6,24.06,24.6,20.83,21.23
62.04,2600,111.5,0,35,-0.8,2,9812,0,-4.2,112,117.2,91.4,94.6,24.07,24.6,20.83,21.23
62.08,2602,111.5,0,35,0.4,2,9812,0,-4.2,112.1,117.2,91.4,94.6,24.08,24.6,20.83,21.23
62.12,2603,111.5,0,35,0,2,9812,0,-4.2,112.2,117.2,91.4,94.6,24.09,24.61,20.83,21.23
62.16,2604,111.5,0,35,-1.6,2,9812,0,-4.2,112.3,117.3,91.4,94.6,24.1,24.61,20.83,21.23
62.2,2605,111.5,0,35,-0.6,2,9812,0,-4.2,112.5,117.3,91.4,94.6,24.11,24.61,20.83,21.23
62.24,2606,111.5,0,35,-0.1,2,9812,0,-4.2,112.6,117.4,91.4,94.6,24.12,24.61,20.83,21.23
62.28,2608,111.5,0,35,-0.5,2,9812,0,-4.2,112.7,117.4,91.4,94.6,24.13,24.62,20.83,21.23
62.32,2609,111.5,0,35,-1.9,2,9812,0,-4.2,112.8,117.4,91.4,94.6,24.14,24.62,20.83,21.23
62.36,2610,111.5,0,35,0.4,2,9812,0.02,-1.39,112.9,117.5,91.4,94.6,24.15,24.62,20.83,21.23
62.4,2611,111.5,0,34,2.6,2,9812,0.06,-1.36,113.1,117.5,91.4,94.6,24.15,24.63,20.83,21.23
62.44,2613,111.5,0,33,4.6,2,9812,0.1,-1.34,113.2,117.6,91.4,94.6,24.16,24.63,20.83,21.23
62.48,2614,111.5,0,32,6.6,2,9812,0.13,-1.31,113.3,117.6,91.4,94.6,24.17,24.63,20.83,21.23
62.52,2615,111.5,0,31,8.4,2,9812,0.17,-1.29,113.4,117.6,91.4,94.6,24.18,24.64,20.83,21.23
62.56,2616,111.5,0,30,11.1,2,9812,0.21,-1.26,113.5,117.7,91.4,94.6,24.19,24.64,20.83,21.23
62.6,2618,111.5,0,30,12.6,2,9812,0.25,-1.24,113.7,117.7,91.4,94.6,24.2,24.64,20.83,21.23
62.64,2619,111.5,0,29,15.5,2,9812,0.29,-1.22,113.8,117.8,91.4,94.6,24.21,24.64,20.83,21.23
62.68,2620,111.5,0,28,16.6,2,9812,0.32,-1.19,113.9,117.8,91.4,94.6,24.22,24.65,20.83,21.23
62.72,2621,111.5,0,27,18.2,2,9812,0.36,-1.17,114,117.8,91.4,94.6,24.23,24.65,20.83,21.23
62.76,2623,111.5,0,26,22,2,9812,0.4,-1.14,114.1,117.9,91.4,94.6,24.24,24.65,20.83,21.23
62.8,2624,111.5,0,26,23,2,9812,0.44,-1.12,114.3,117.9,91.4,94.6,24.24,24.66,20.83,21.23
62.84,2625,111.5,0,25,25,2,9812,0.48,-1.09,114.4,118,91.4,94.6,24.25,24.66,20.83,21.23
62.88,2626,111.5,0,24,27,2,9812,0.52,-1.07,114.5,118,91.4,94.6,24.26,24.66,20.83,21.23
62.92,2628,111.5,0,23,29.6,2,9812,0.55,-1.04,114.6,118,91.4,94.6,24.27,24.67,20.83,21.23
62.96,2629,111.5,0,22,29.7,2,9812,0.59,-1.02,114.7,118.1,91.4,94.6,24.28,24.67,20.83,21.23
63,2630,111.5,0,22,32.1,2,9812,0.63,-0.99,114.9,118.1,91.4,94.6,24.29,24.67,20.83,21.23
63.04,2631,111.5,0,21,34,2,9812,0.67,-0.97,115,118.2,91.4,94.6,24.3,24.67,20.83,21.23
63.08,2633,111.5,0,20,35.7,2,9812,0.71,-0.94,115.1,118.2,91.4,94.6,24.31,24.68,20.83,21.23
63.12,2634,111.5,0,19,37.5,2,9812,0.75,-0.92,115.2,118.2,91.4,94.6,24.32,24.68,20.83,21.23
63.16,2635,111.5,0,19,39.3,2,9812,0.78,-0.9,115.3,118.3,91.4,94.6,24.33,24.68,20.83,21.23
63.2,2636,111.5,0,18,40,2,9812,0.82,-0.87,115.5,118.3,91.4,94.6,24.33,24.69,20.83,21.23
63.24,2637,111.5,0,17,42.1,2,9812,0.86,-0.85,115.6,118.4,91.4,94.6,24.34,24.69,20.83,21.23
63.28,2639,111.5,0,17,44.4,2,9812,0.9,-0.82,115.7,118.4,91.4,94.6,24.35,24.69,20.83,21.23
63.32,2640,111.5,0,16,45.1,2,9812,0.94,-0.8,115.8,118.4,91.4,94.6,24.36,24.7,20.83,21.23
63.36,2641,111.5,0,15,47.6,2,9812,0.97,-0.77,115.9,118.5,91.4,94.6,24.37,24.7,20.83,21.23
63.4,2642,111.5,0,15,48.3,2,9812,1.01,-0.75,116.1,118.5,91.4,94.6,24.38,24.7,20.83,21.23
63.44,2644,111.5,0,14,50.3,2,9812,1.05,-0.72,116.2,118.6,91.4,94.6,24.39,24.7,20.83,21.23
63.48,2645,111.5,0,13,52.3,2,9812,1.09,-0.7,116.3,118.6,91.4,94.6,24.4,24.71,20.83,21.23
63.52,2646,111.5,0,13,54.8,2,9812,1.13,-0.67,116.4,118.6,91.4,94.6,24.41,24.71,20.83,21.23
63.56,2647,111.5,0,12,54.6,2,9812,1.17,-0.65,116.5,118.7,91.4,94.6,24.42,24.71,20.83,21.23
63.6,2649,111.5,0,11,55.7,2,9812,1.2,-0.62,116.7,118.7,91.4,94.6,24.42,24.72,20.83,21.23
63.64,2650,111.5,0,11,56.8,2,9812,1.24,-0.6,116.8,118.8,91.4,94.6,24.43,24.72,20.83,21.23
63.68,2651,111.5,0,10,58.2,2,9812,1.28,-0.57,116.9,118.8,91.4,94.6,24.44,24.72,20.83,21.23
63.72,2652,111.5,0,9,59.3,2,9812,1.32,-0.55,117,118.8,91.4,94.6,24.45,24.73,20.83,21.23
63.76,2654,111.5,0,9,60.7,2,9812,1.36,-0.53,117.1,118.9,91.4,94.6,24.46,24.73,20.83,21.23
63.8,2655,111.5,0,8,61.5,2,9812,1.4,-0.5,117.3,118.9,91.4,94.6,24.47,24.73,20.83,21.23
63.84,2656,111.5,0,8,63.5,2,9812,1.43,-0.48,117.4,119,91.4,94.6,24.48,24.73,20.83,21.23
63.88,2657,111.5,0,7,64.1,2,9812,1.47,-0.45,117.5,119,91.4,94.6,24.49,24.74,20.83,21.23
63.92,2659,111.5,0,7,64.5,2,9812,1.51,-0.43,117.6,119,91.4,94.6,24.5,24.74,20.83,21.23
63.96,2660,111.5,0,6,65.5,2,9812,1.55,-0.4,117.7,119.1,91.4,94.6,24.51,24.74,20.83,21.23
64,2661,111.5,0,6,67.4,2,9812,1.59,-0.38,117.9,119.1,91.4,94.6,24.51,24.75,20.83,21.23
64.04,2662,111.5,0,5,67.4,2,9812,1.63,-0.35,118,119.2,91.4,94.6,24.52,24.75,20.83,21.23
64.08,2663,111.5,0,5,68.8,2,9812,1.66,-0.33,118.1,119.2,91.4,94.6,24.53,24.75,20.83,21.23
64.12,2665,111.5,0,4,69.3,2,9812,1.7,-0.3,118.2,119.2,91.4,94.6,24.54,24.76,20.83,21.23
64.16,2666,111.5,0,4,70.3,2,9812,1.74,-0.28,118.3,119.3,91.4,94.6,24.55,24.76,20.83,21.23
64.2,2667,111.5,0,3,70.1,2,9812,1.78,-0.25,118.5,119.3,91.4,94.6,24.56,24.76,20.83,21.23
64.24,2668,111.5,0,3,72,2,9812,1.82,-0.23,118.6,119.4,91.4,94.6,24.57,24.76,20.83,21.23
64.28,2670,111.5,0,2,71.7,2,9812,1.85,-0.21,118.7,119.4,91.4,94.6,24.58,24.77,20.83,21.23
64.32,2671,111.5,0,2,72.4,2,9812,1.89,-0.18,118.8,119.4,91.4,94.6,24.59,24.77,20.83,21.23
64.36,2672,111.5,0,2,72.4,2,9812,1.93,-0.16,118.9,119.5,91.4,94.6,24.6,24.77,20.83,21.23
64.4,2673,111.5,0,1,73,2,9812,1.97,-0.13,119.1,119.5,91.4,94.6,24.6,24.78,20.83,21.23
64.44,2675,111.5,0,1,72.4,2,9812,2.01,-0.11,119.2,119.6,91.4,94.6,24.61,24.78,20.83,21.23
64.48,2676,111.5,0,1,72.3,2,9812,2.05,-0.08,119.3,119.6,91.4,94.6,24.62,24.78,20.83,21.23
64.52,2677,111.5,0,0,73.2,2,9812,2.08,-0.06,119.4,119.6,91.4,94.6,24.63,24.79,20.83,21.23
64.56,2678,111.5,0,0,73.3,2,9812,2.12,-0.03,119.5,119.7,91.4,94.6,24.64,24.79,20.83,21.23
64.6,2680,111.5,0,0,72.8,2,9812,2.16,-0.01,119.7,119.7,91.4,94.6,24.65,24.79,20.83,21.23
64.64,2681,111.5,1,0,72.6,2,9812,3.38,0,119.7,119.7,91.5,94.7,24.65,24.79,20.84,21.24
64.68,2682,111.5,3,0,71.5,2,9812,3.36,0.01,119.7,119.7,91.5,94.7,24.65,24.79,20.84,21.24
64.72,2683,111.5,4,0,71.2,2,9813,3.34,0.01,119.7,119.7,91.6,94.8,24.65,24.79,20.84,21.24
64.76,2685,111.5,5,0,71.1,2,9813,3.32,0.02,119.7,119.7,91.6,94.8,24.65,24.79,20.84,21.24
64.8,2686,111.5,6,0,69.8,2,9814,3.29,0.03,119.7,119.7,91.6,94.8,24.65,24.79,20.85,21.25
64.84,2687,111.5,8,0,70.3,2,9815,3.27,0.03,119.7,119.7,91.7,94.9,24.65,24.79,20.85,21.25
64.88,2688,111.5,9,0,69.6,2,9816,3.25,0.04,119.7,119.7,91.7,94.9,24.65,24.79,20.85,21.25
64.92,2690,111.6,10,0,67.8,2,9817,3.22,0.04,119.7,119.7,91.7,94.9,24.65,24.79,20.85,21.25
64.96,2691,111.6,11,0,67.5,2,9819,3.2,0.05,119.7,119.7,91.8,95,24.65,24.79,20.86,21.26
65,2692,111.6,12,0,67.2,2,9820,3.18,0.05,119.7,119.7,91.8,95,24.65,24.79,20.86,21.26
65.04,2693,111.6,13,0,66.1,2,9821,3.15,0.06,119.7,119.7,91.8,95,24.65,24.79,20.86,21.26
65.08,2694,111.6,14,0,65.7,2,9823,3.13,0.06,119.7,119.7,91.9,95.1,24.65,24.79,20.87,21.27
65.12,2696,111.6,15,0,64.7,2,9825,3.11,0.07,119.7,119.7,91.9,95.1,24.65,24.79,20.87,21.27
65.16,2697,111.7,16,0,64.8,2,9827,3.08,0.08,119.7,119.7,91.9,95.1,24.65,24.79,20.87,21.27
65.2,2698,111.7,17,0,64.9,2,9828,3.06,0.08,119.7,119.7,92,95.2,24.65,24.79,20.87,21.27
65.24,2699,111.7,18,0,63.5,2,9831,3.04,0.09,119.7,119.7,92,95.2,24.65,24.79,20.88,21.28
65.28,2701,111.7,19,0,63.3,2,9833,3.01,0.09,119.7,119.7,92,95.2,24.65,24.79,20.88,21.28
65.32,2702,111.8,20,0,62.6,2,9835,2.99,0.1,119.7,119.7,92.1,95.3,24.65,24.79,20.88,21.28
65.36,2703,111.8,21,0,61.9,2,9837,2.97,0.1,119.7,119.7,92.1,95.3,24.65,24.79,20.88,21.28
65.4,2704,111.8,22,0,60.3,2,9840,2.95,0.11,119.7,119.7,92.1,95.3,24.65,24.79,20.89,21.29
65.44,2706,111.8,23,0,59.8,2,9843,2.92,0.11,119.7,119.7,92.2,95.4,24.65,24.79,20.89,21.29
65.48,2707,111.9,24,0,59.3,2,9845,2.9,0.12,119.7,119.7,92.2,95.4,24.65,24.79,20.89,21.29
65.52,2708,111.9,25,0,59.3,2,9848,2.88,0.13,119.7,119.7,92.3,95.5,24.65,24.79,20.89,21.29
65.56,2709,111.9,26,0,58.4,2,9851,2.85,0.13,119.7,119.7,92.3,95.5,24.65,24.79,20.9,21.3
65.6,2711,112,27,0,58.5,2,9854,2.83,0.14,119.7,119.7,92.3,95.5,24.65,24.79,20.9,21.3
65.64,2712,112,27,0,58,2,9857,2.81,0.14,119.7,119.7,92.4,95.6,24.65,24.79,20.9,21.3
65.68,2713,112.1,28,0,56.8,2,9860,2.78,0.15,119.7,119.7,92.4,95.6,24.65,24.79,20.9,21.3
65.72,2714,112.1,29,0,55.9,2,9864,2.76,0.15,119.7,119.7,92.4,95.6,24.65,24.79,20.91,21.31
65.76,2716,112.1,30,0,55.2,2,9867,2.74,0.16,119.7,119.7,92.5,95.7,24.65,24.79,20.91,21.31
65.8,2717,112.2,31,0,54.8,2,9871,2.71,0.16,119.7,119.7,92.5,95.7,24.65,24.79,20.91,21.31
65.84,2718,112.2,32,0,54.5,2,9874,2.69,0.17,119.7,119.7,92.5,95.7,24.65,24.79,20.92,21.32
65.88,2719,112.3,33,0,53,2,9878,2.67,0.18,119.7,119.7,92.6,95.8,24.65,24.79,20.92,21.32
65.92,2721,112.3,34,0,52.8,2,9882,2.64,0.18,119.7,119.7,92.6,95.8,24.65,24.79,20.92,21.32
65.96,2722,112.3,35,0,52,2,9886,2.62,0.19,119.7,119.7,92.6,95.8,24.65,24.79,20.92,21.32
66,2723,112.4,35,0,51.9,2,9890,2.6,0.19,119.7,119.7,92.7,95.9,24.65,24.79,20.93,21.33
66.04,2724,112.4,36,0,51,2,9894,2.57,0.2,119.7,119.7,92.7,95.9,24.65,24.79,20.93,21.33
66.08,2726,112.5,37,0,50.7,2,9898,2.55,0.2,119.7,119.7,92.7,95.9,24.65,24.79,20.93,21.33
66.12,2727,112.5,38,0,48.9,2,9903,2.53,0.21,119.7,119.7,92.8,96,24.65,24.79,20.93,21.33
66.16,2728,112.6,39,0,49.8,2,9907,2.5,0.21,119.7,119.7,92.8,96,24.65,24.79,20.94,21.34
66.2,2729,112.6,40,0,48,2,9912,2.48,0.22,119.7,119.7,92.8,96,24.65,24.79,20.94,21.34
66.24,2731,112.7,41,0,48.3,2,9916,2.46,0.23,119.7,119.7,92.9,96.1,24.65,24.79,20.94,21.34
66.28,2732,112.7,41,0,47.5,2,9921,2.43,0.23,119.7,119.7,92.9,96.1,24.65,24.79,20.94,21.34
66.32,2733,112.8,42,0,46.4,2,9926,2.41,0.24,119.7,119.7,93,96.2,24.65,24.79,20.95,21.35
66.36,2734,112.8,43,0,44.3,2,9930,2.39,0.24,119.7,119.7,93,96.2,24.65,24.79,20.95,21.35
66.4,2736,112.9,44,0,44.8,2,9935,2.36,0.25,119.7,119.7,93,96.2,24.65,24.79,20.95,21.35
66.44,2737,113,45,0,44.4,2,9941,2.34,0.25,119.7,119.7,93.1,96.3,24.65,24.79,20.95,21.35
66.48,2738,113,46,0,44.6,2,9946,2.32,0.26,119.7,119.7,93.1,96.3,24.65,24.79,20.96,21.36
66.52,2739,113.1,47,0,43.3,2,9951,2.29,0.26,119.7,119.7,93.1,96.3,24.65,24.79,20.96,21.36
66.56,2741,113.1,47,0,43.1,2,9956,2.27,0.27,119.7,119.7,93.2,96.4,24.65,24.79,20.96,21.36
66.6,2742,113.2,48,0,42.6,2,9962,2.25,0.28,119.7,119.7,93.2,96.4,24.65,24.79,20.96,21.36
66.64,2743,113.3,49,0,42.1,2,9967,2.22,0.28,119.7,119.7,93.2,96.4,24.65,24.79,20.97,21.37
66.68,2744,113.3,50,0,41.2,2,9973,2.2,0.29,119.7,119.7,93.3,96.5,24.65,24.79,20.97,21.37
66.72,2746,113.4,51,0,40.8,2,9979,2.18,0.29,119.7,119.7,93.3,96.5,24.65,24.79,20.97,21.37
66.76,2747,113.5,52,0,39.2,2,9985,2.15,0.3,119.7,119.7,93.3,96.5,24.65,24.79,20.98,21.38
66.8,2748,113.5,52,0,38.9,2,9990,2.13,0.3,119.7,119.7,93.4,96.6,24.65,24.79,20.98,21.38
66.84,2749,113.6,53,0,38.3,2,9996,2.11,0.31,119.7,119.7,93.4,96.6,24.65,24.79,20.98,21.38
66.88,2751,113.7,54,0,37.1,2,10002,2.08,0.31,119.7,119.7,93.4,96.6,24.65,24.79,20.98,21.38
66.92,2752,113.7,55,0,36.8,2,10009,2.06,0.32,119.7,119.7,93.5,96.7,24.65,24.79,20.99,21.39
66.96,2753,113.8,56,0,35.9,2,10015,2.04,0.33,119.7,119.7,93.5,96.7,24.65,24.79,20.99,21.39
67,2754,113.9,56,0,35.4,2,10021,2.01,0.33,119.7,119.7,93.5,96.7,24.65,24.79,20.99,21.39
67.04,2756,113.9,57,0,35.2,2,10028,1.99,0.34,119.7,119.7,93.6,96.8,24.65,24.79,20.99,21.39
67.08,2757,114,58,0,34.6,2,10034,1.97,0.34,119.7,119.7,93.6,96.8,24.65,24.79,21,21.4
67.12,2758,114.1,59,0,33.8,2,10041,1.94,0.35,119.7,119.7,93.7,96.9,24.65,24.79,21,21.4
67.16,2760,114.2,60,0,33.3,2,10047,1.92,0.35,119.7,119.7,93.7,96.9,24.65,24.79,21,21.4
67.2,2761,114.3,60,0,32.5,2,10054,1.89,0.36,119.7,119.7,93.7,96.9,24.65,24.79,21,21.4
67.24,2762,114.3,61,0,32.1,2,10061,1.87,0.37,119.7,119.7,93.8,97,24.65,24.79,21.01,21.41
67.28,2763,114.4,62,0,31.7,2,10068,1.85,0.37,119.7,119.7,93.8,97,24.65,24.79,21.01,21.41
67.32,2765,114.5,63,0,31.3,2,10075,1.82,0.38,119.7,119.7,93.8,97,24.65,24.79,21.01,21.41
67.36,2766,114.6,64,0,30.1,2,10082,1.8,0.38,119.7,119.7,93.9,97.1,24.65,24.79,21.01,21.41
67.4,2767,114.7,65,0,29.5,2,10089,1.78,0.39,119.7,119.7,93.9,97.1,24.65,24.79,21.02,21.42
67.44,2768,114.7,65,0,29.1,2,10097,1.75,0.39,119.7,119.7,93.9,97.1,24.65,24.79,21.02,21.42
67.48,2770,114.8,66,0,27.6,2,10104,1.73,0.4,119.7,119.7,94,97.2,24.65,24.79,21.02,21.42
67.52,2771,114.9,67,0,28.4,2,10111,1.7,0.41,119.7,119.7,94,97.2,24.65,24.79,21.03,21.43
67.56,2772,115,68,0,27.3,2,10119,1.68,0.41,119.7,119.7,94,97.2,24.65,24.79,21.03,21.43
67.6,2774,115.1,68,0,26.8,2,10126,1.66,0.42,119.7,119.7,94.1,97.3,24.65,24.79,21.03,21.43
67.64,2775,115.2,69,0,25.9,2,10134,1.63,0.42,119.7,119.7,94.1,97.3,24.65,24.79,21.03,21.43
67.68,2776,115.2,70,0,26.3,2,10142,1.61,0.43,119.7,119.7,94.1,97.3,24.65,24.79,21.04,21.44
67.72,2777,115.3,71,0,24.6,2,10150,1.59,0.43,119.7,119.7,94.2,97.4,24.65,24.79,21.04,21.44
67.76,2779,115.4,72,0,23.6,2,10158,1.56,0.44,119.7,119.7,94.2,97.4,24.65,24.79,21.04,21.44
67.8,2780,115.5,72,0,22.8,2,10166,1.54,0.44,119.7,119.7,94.2,97.4,24.65,24.79,21.04,21.44
67.84,2781,115.6,73,0,22.6,2,10174,1.51,0.45,119.7,119.7,94.3,97.5,24.65,24.79,21.05,21.45
67.88,2783,115.7,74,0,22.8,2,10182,1.49,0.46,119.7,119.7,94.3,97.5,24.65,24.79,21.05,21.45
67.92,2784,115.8,75,0,21.1,2,10190,1.47,0.46,119.7,119.7,94.4,97.6,24.65,24.79,21.05,21.45
67.96,2785,115.9,76,0,20.7,2,10199,1.44,0.47,119.7,119.7,94.4,97.6,24.65,24.79,21.05,21.45
68,2786,116,76,0,19.6,2,10207,1.42,0.47,119.7,119.7,94.4,97.6,24.65,24.79,21.06,21.46
68.04,2788,116.1,77,0,19.2,2,10215,1.39,0.48,119.7,119.7,94.5,97.7,24.65,24.79,21.06,21.46
68.08,2789,116.2,78,0,18.2,2,10224,1.37,0.49,119.7,119.7,94.5,97.7,24.65,24.79,21.06,21.46
68.12,2790,116.3,79,0,17.5,2,10233,1.35,0.49,119.7,119.7,94.5,97.7,24.65,24.79,21.06,21.46
68.16,2792,116.4,80,0,17.7,2,10241,1.32,0.5,119.7,119.7,94.6,97.8,24.65,24.79,21.07,21.47
68.2,2793,116.5,80,0,15.9,2,10250,1.3,0.5,119.7,119.7,94.6,97.8,24.65,24.79,21.07,21.47
68.24,2794,116.6,81,0,16.2,2,10259,1.27,0.51,119.7,119.7,94.6,97.8,24.65,24.79,21.07,21.47
68.28,2795,116.7,82,0,14.5,2,10268,1.25,0.51,119.7,119.7,94.7,97.9,24.65,24.79,21.08,21.48
68.32,2797,116.8,83,0,14.4,2,10277,1.23,0.52,119.7,119.7,94.7,97.9,24.65,24.79,21.08,21.48
68.36,2798,116.9,83,0,14.3,2,10286,1.2,0.53,119.7,119.7,94.7,97.9,24.65,24.79,21.08,21.48
68.4,2799,117,84,0,14.6,2,10295,1.18,0.53,119.7,119.7,94.8,98,24.65,24.79,21.08,21.48
68.44,2801,117.1,85,0,11.8,2,10305,1.15,0.54,119.7,119.7,94.8,98,24.65,24.79,21.09,21.49
68.48,2802,117.2,86,0,11.3,2,10314,1.13,0.54,119.7,119.7,94.8,98,24.65,24.79,21.09,21.49
68.52,2803,117.3,87,0,10.9,2,10324,1.1,0.55,119.7,119.7,94.9,98.1,24.65,24.79,21.09,21.49
68.56,2805,117.4,87,0,10.9,2,10333,1.08,0.55,119.7,119.7,94.9,98.1,24.65,24.79,21.09,21.49
68.6,2806,117.5,88,0,9.8,2,10343,1.06,0.56,119.7,119.7,94.9,98.1,24.65,24.79,21.1,21.5
68.64,2807,117.6,89,0,9.2,2,10352,1.03,0.57,119.7,119.7,95,98.2,24.65,24.79,21.1,21.5
68.68,2808,117.8,90,0,8.4,2,10362,1.01,0.57,119.7,119.7,95,98.2,24.65,24.79,21.1,21.5
68.72,2810,117.9,90,0,8.7,2,10372,0.98,0.58,119.7,119.7,95.1,98.3,24.65,24.79,21.1,21.5
68.76,2811,118,91,0,7.6,2,10382,0.96,0.58,119.7,119.7,95.1,98.3,24.65,24.79,21.11,21.51
68.8,2812,118.1,92,0,5.9,2,10392,0.93,0.59,119.7,119.7,95.1,98.3,24.65,24.79,21.11,21.51
68.84,2814,118.2,93,0,6.9,2,10402,0.91,0.6,119.7,119.7,95.2,98.4,24.65,24.79,21.11,21.51
68.88,2815,118.3,94,0,4.7,2,10412,0.89,0.6,119.7,119.7,95.2,98.4,24.65,24.79,21.11,21.51
68.92,2816,118.4,94,0,4,2,10422,0.86,0.61,119.7,119.7,95.2,98.4,24.65,24.79,21.12,21.52
68.96,2818,118.5,95,0,4.5,2,10432,0.84,0.61,119.7,119.7,95.3,98.5,24.65,24.79,21.12,21.52
69,2819,118.7,96,0,3.7,2,10443,0.81,0.62,119.7,119.7,95.3,98.5,24.65,24.79,21.12,21.52
69.04,2820,118.8,97,0,3.2,2,10453,0.79,0.62,119.7,119.7,95.3,98.5,24.65,24.79,21.13,21.53
69.08,2822,118.9,97,0,2.1,2,10464,0.76,0.63,119.7,119.7,95.4,98.6,24.65,24.79,21.13,21.53
69.12,2823,119,98,0,1.9,2,10474,0.74,0.64,119.7,119.7,95.4,98.6,24.65,24.79,21.13,21.53
69.16,2824,119.1,99,0,0.9,2,10485,0.71,0.64,119.7,119.7,95.4,98.6,24.65,24.79,21.13,21.53
69.2,2826,119.3,100,0,0.3,2,10495,0.69,0.65,119.7,119.7,95.5,98.7,24.65,24.79,21.14,21.54
69.24,2827,119.4,100,0,-0.2,2,10509,0.01,0.11,119.6,119.7,95.5,98.7,24.65,24.79,21.13,21.53
69.28,2828,119.6,100,0,1,2,10522,-0.03,0.11,119.6,119.7,95.4,98.6,24.65,24.79,21.13,21.53
69.32,2830,119.7,100,0,0.5,2,10536,0.02,0.11,119.6,119.7,95.4,98.6,24.65,24.79,21.13,21.53
69.36,2831,119.9,100,0,0.7,2,10549,-0.03,0.11,119.6,119.7,95.4,98.6,24.65,24.79,21.13,21.53
69.4,2832,120,100,0,-0.1,2,9295,0.03,0.11,119.6,119.7,95.4,98.6,24.65,24.79,21.13,21.53
69.44,2834,120.2,100,0,0.2,2,9307,-0.02,0.11,119.6,119.6,95.4,98.6,24.64,24.79,21.13,21.53
69.48,2835,120.3,100,0,0,2,9318,0.03,0.11,119.6,119.6,95.4,98.6,24.64,24.79,21.13,21.53
69.52,2836,120.5,100,0,-0.5,2,9330,0,0.11,119.6,119.6,95.4,98.6,24.64,24.78,21.13,21.53
69.56,2838,120.6,100,0,0.5,2,9342,-0.01,0.11,119.6,119.6,95.4,98.6,24.64,24.78,21.13,21.53
69.6,2839,120.8,100,0,0,2,9354,0,0.11,119.5,119.6,95.4,98.6,24.64,24.78,21.13,21.53
69.64,2840,120.9,100,0,0.4,2,9365,0.02,0.11,119.5,119.6,95.3,98.5,24.64,24.78,21.13,21.53
69.68,2842,121.1,100,0,0.1,2,9376,0.01,0.11,119.5,119.6,95.3,98.5,24.64,24.78,21.12,21.52
69.72,2843,121.2,100,0,0.3,2,10668,-0.01,0.11,119.5,119.6,95.3,98.5,24.64,24.78,21.12,21.52
69.76,2844,121.4,100,0,-0.2,2,10681,0,0.1,119.5,119.6,95.3,98.5,24.64,24.78,21.12,21.52
69.8,2846,121.5,100,0,0.5,2,10694,0.03,0.1,119.5,119.5,95.3,98.5,24.64,24.78,21.12,21.52
69.84,2847,121.7,100,0,0.3,2,10707,-0.05,0.1,119.5,119.5,95.3,98.5,24.64,24.78,21.12,21.52
69.88,2848,121.8,100,0,-0.1,2,10720,-0.01,0.1,119.5,119.5,95.3,98.5,24.63,24.78,21.12,21.52
69.92,2850,122,100,0,-0.2,2,10733,0.02,0.1,119.4,119.5,95.3,98.5,24.63,24.78,21.12,21.52
69.96,2851,122.1,100,0,0.3,2,10746,0.04,0.1,119.4,119.5,95.2,98.4,24.63,24.77,21.12,21.52
70,2852,122.3,100,0,0,2,10759,-0.01,0.1,119.4,119.5,95.2,98.4,24.63,24.77,21.12,21.52
70.04,2854,122.4,100,0,0,2,10771,-0.01,0.1,119.4,119.5,95.2,98.4,24.63,24.77,21.12,21.52
70.08,2855,122.5,100,0,-0.5,2,10784,0,0.1,119.4,119.5,95.2,98.4,24.63,24.77,21.12,21.52
70.12,2856,122.7,100,0,-0.4,2,10797,0.01,0.1,119.4,119.4,95.2,98.4,24.63,24.77,21.11,21.51
70.16,2858,122.8,100,0,0.6,2,10810,0,0.1,119.4,119.4,95.2,98.4,24.63,24.77,21.11,21.51
70.2,2859,123,100,0,-0.5,2,10822,0.01,0.1,119.4,119.4,95.2,98.4,24.63,24.77,21.11,21.51
70.24,2861,123.1,100,0,-0.2,2,10835,0.02,0.1,119.3,119.4,95.2,98.4,24.63,24.77,21.11,21.51
70.28,2862,123.3,100,0,-0.3,2,10847,-0.03,0.1,119.3,119.4,95.1,98.3,24.63,24.77,21.11,21.51
70.32,2863,123.4,100,0,0.1,2,10860,0.01,0.1,119.3,119.4,95.1,98.3,24.62,24.77,21.11,21.51
70.36,2865,123.6,100,0,0.3,2,10873,0.02,0.1,119.3,119.4,95.1,98.3,24.62,24.77,21.11,21.51
70.4,2866,123.7,100,0,0.3,2,10885,-0.04,0.1,119.3,119.4,95.1,98.3,24.62,24.76,21.11,21.51
70.44,2867,123.8,100,0,0.1,2,10897,0,0.1,119.3,119.3,95.1,98.3,24.62,24.76,21.11,21.51
70.48,2869,124,100,0,-0.1,2,10910,0.03,0.1,119.3,119.3,95.1,98.3,24.62,24.76,21.11,21.51
70.52,2870,124.1,100,0,-0.6,2,10922,0.04,0.1,119.3,119.3,95.1,98.3,24.62,24.76,21.11,21.51
70.56,2872,124.3,100,0,-0.1,2,10935,0.02,0.1,119.3,119.3,95.1,98.3,24.62,24.76,21.1,21.5
70.6,2873,124.4,100,0,0.2,2,10947,0.03,0.1,119.2,119.3,95.1,98.3,24.62,24.76,21.1,21.5
70.64,2874,124.5,100,0,0.2,2,10959,-0.01,0.1,119.2,119.3,95,98.2,24.62,24.76,21.1,21.5
70.68,2876,124.7,100,0,0.3,2,10972,-0.03,0.1,119.2,119.3,95,98.2,24.62,24.76,21.1,21.5
70.72,2877,124.8,100,0,-0.4,2,10984,0,0.1,119.2,119.3,95,98.2,24.62,24.76,21.1,21.5
70.76,2878,125,100,0,-0.1,2,10996,0,0.1,119.2,119.3,95,98.2,24.61,24.76,21.1,21.5
70.8,2880,125.1,100,0,0.2,2,11008,-0.01,0.1,119.2,119.2,95,98.2,24.61,24.76,21.1,21.5
70.84,2881,125.2,100,0,-0.1,2,11020,-0.04,0.1,119.2,119.2,95,98.2,24.61,24.75,21.1,21.5
70.88,2883,125.4,100,0,-0.2,2,11033,-0.01,0.1,119.2,119.2,95,98.2,24.61,24.75,21.1,21.5
70.92,2884,125.5,100,0,-0.2,2,11045,-0.01,0.1,119.1,119.2,95,98.2,24.61,24.75,21.1,21.5
70.96,2885,125.6,100,0,0.3,2,11057,0.01,0.1,119.1,119.2,94.9,98.1,24.61,24.75,21.1,21.5
71,2887,125.8,100,0,0.5,2,11069,0,0.1,119.1,119.2,94.9,98.1,24.61,24.75,21.1,21.5
71.04,2888,125.9,100,0,0.1,2,11081,0.01,0.1,119.1,119.2,94.9,98.1,24.61,24.75,21.09,21.49
71.08,2890,126.1,100,0,0.8,2,11093,0,0.1,119.1,119.2,94.9,98.1,24.61,24.75,21.09,21.49
71.12,2891,126.2,100,0,-0.2,2,11105,-0.02,0.1,119.1,119.1,94.9,98.1,24.61,24.75,21.09,21.49
71.16,2892,126.3,100,0,-0.5,2,11116,0.04,0.1,119.1,119.1,94.9,98.1,24.61,24.75,21.09,21.49
71.2,2894,126.5,100,0,0,2,11128,0.01,0.1,119.1,119.1,94.9,98.1,24.6,24.75,21.09,21.49
71.24,2895,126.6,100,0,0.2,2,11140,0,0.1,119,119.1,94.9,98.1,24.6,24.75,21.09,21.49
71.28,2897,126.7,100,0,0.1,2,11152,0.01,0.1,119,119.1,94.8,98,24.6,24.74,21.09,21.49
71.32,2898,126.9,100,0,-0.5,2,11164,0,0.09,119,119.1,94.8,98,24.6,24.74,21.09,21.49
71.36,2899,127,100,0,0.2,2,11176,-0.02,0.09,119,119.1,94.8,98,24.6,24.74,21.09,21.49
71.4,2901,127.1,100,0,0.2,2,11187,-0.01,0.09,119,119.1,94.8,98,24.6,24.74,21.09,21.49
71.44,2902,127.3,100,0,1.6,2,11199,0.01,0.09,119,119,94.8,98,24.6,24.74,21.09,21.49
71.48,2904,127.4,100,0,-0.4,2,11211,0.01,0.09,119,119,94.8,98,24.6,24.74,21.08,21.48
71.52,2905,127.5,100,0,0.7,2,11222,-0.04,0.09,119,119,94.8,98,24.6,24.74,21.08,21.48
71.56,2907,127.7,100,0,-0.3,2,11234,0,0.09,119,119,94.8,98,24.6,24.74,21.08,21.48
71.6,2908,127.8,100,0,0.3,2,11245,0.01,0.09,118.9,119,94.8,98,24.6,24.74,21.08,21.48
71.64,2909,127.9,100,0,-0.6,2,11257,0.02,0.09,118.9,119,94.7,97.9,24.59,24.74,21.08,21.48
71.68,2911,128.1,100,0,-0.2,2,11269,0,0.09,118.9,119,94.7,97.9,24.59,24.74,21.08,21.48
71.72,2912,128.2,100,0,0,2,11280,-0.01,0.09,118.9,119,94.7,97.9,24.59,24.73,21.08,21.48
71.76,2914,128.3,100,0,0.6,2,11291,0,0.09,118.9,119,94.7,97.9,24.59,24.73,21.08,21.48
71.8,2915,128.4,100,0,-0.3,2,11303,-0.01,0.09,118.9,118.9,94.7,97.9,24.59,24.73,21.08,21.48
71.84,2916,128.6,100,0,0.2,2,11314,-0.02,0.09,118.9,118.9,94.7,97.9,24.59,24.73,21.08,21.48
71.88,2918,128.7,100,0,0.3,2,11326,0.02,0.09,118.9,118.9,94.7,97.9,24.59,24.73,21.08,21.48
71.92,2919,128.8,100,0,-0.2,2,11337,0.01,0.09,118.8,118.9,94.7,97.9,24.59,24.73,21.07,21.47
71.96,2921,129,100,0,0.1,2,11348,-0.02,0.09,118.8,118.9,94.6,97.8,24.59,24.73,21.07,21.47
72,2922,129.1,100,0,0,2,11360,-0.06,0.09,118.8,118.9,94.6,97.8,24.59,24.73,21.07,21.47
72.04,2924,129.2,100,0,0.4,2,11371,-0.03,0.09,118.8,118.9,94.6,97.8,24.59,24.73,21.07,21.47
72.08,2925,129.3,100,0,-0.8,2,11382,-0.02,0.09,118.8,118.9,94.6,97.8,24.58,24.73,21.07,21.47
72.12,2926,129.5,100,0,-0.3,2,11393,-0.01,0.09,118.8,118.8,94.6,97.8,24.58,24.73,21.07,21.47
72.16,2928,129.6,100,0,-0.4,2,11404,0.02,0.09,118.8,118.8,94.6,97.8,24.58,24.72,21.07,21.47
72.2,2929,129.7,100,0,0.3,2,11416,-0.03,0.09,118.8,118.8,94.6,97.8,24.58,24.72,21.07,21.47
72.24,2931,129.8,100,0,0.5,2,11427,0.01,0.09,118.7,118.8,94.6,97.8,24.58,24.72,21.07,21.47
72.28,2932,130,100,0,0,2,11438,0.01,0.09,118.7,118.8,94.5,97.7,24.58,24.72,21.07,21.47
72.32,2934,130.1,100,0,-0.2,2,11449,0.01,0.09,118.7,118.8,94.5,97.7,24.58,24.72,21.07,21.47
72.36,2935,130.2,100,0,0.2,2,11460,-0.03,0.09,118.7,118.8,94.5,97.7,24.58,24.72,21.06,21.46
72.4,2937,130.4,100,0,-0.4,2,11471,0.01,0.09,118.7,118.8,94.5,97.7,24.58,24.72,21.06,21.46
72.44,2938,130.5,100,0,0.7,2,11482,0,0.09,118.7,118.7,94.5,97.7,24.58,24.72,21.06,21.46
72.48,2939,130.6,100,0,0.1,2,11493,0.04,0.09,118.7,118.7,94.5,97.7,24.58,24.72,21.06,21.46
72.52,2941,130.7,100,0,-0.7,2,11504,0,0.09,118.7,118.7,94.5,97.7,24.57,24.72,21.06,21.46
72.56,2942,130.8,100,0,0.3,2,11515,-0.02,0.09,118.7,118.7,94.5,97.7,24.57,24.72,21.06,21.46
72.6,2944,131,100,0,-0.2,2,11526,0.01,0.09,118.6,118.7,94.5,97.7,24.57,24.72,21.06,21.46
72.64,2945,131.1,100,0,-0.1,2,11536,0,0.09,118.6,118.7,94.4,97.6,24.57,24.71,21.06,21.46
72.68,2947,131.2,100,0,-0.4,2,11547,0.01,0.09,118.6,118.7,94.4,97.6,24.57,24.71,21.06,21.46
72.72,2948,131.3,100,0,0.3,2,11558,-0.03,0.09,118.6,118.7,94.4,97.6,24.57,24.71,21.06,21.46
72.76,2950,131.5,100,0,0,2,11569,-0.04,0.09,118.6,118.7,94.4,97.6,24.57,24.71,21.06,21.46
72.8,2951,131.6,100,0,0,2,11580,0,0.09,118.6,118.6,94.4,97.6,24.57,24.71,21.05,21.45
72.84,2953,131.7,100,0,-0.1,2,11590,0.02,0.09,118.6,118.6,94.4,97.6,24.57,24.71,21.05,21.45
72.88,2954,131.8,100,0,0,2,11601,-0.01,0.09,118.6,118.6,94.4,97.6,24.57,24.71,21.05,21.45
72.92,2956,132,100,0,0.1,2,11612,-0.01,0.09,118.5,118.6,94.4,97.6,24.57,24.71,21.05,21.45
72.96,2957,132.1,100,0,-0.1,2,11622,0.02,0.09,118.5,118.6,94.3,97.5,24.56,24.71,21.05,21.45
73,2958,132.2,100,0,-0.4,2,11633,0.01,0.09,118.5,118.6,94.3,97.5,24.56,24.71,21.05,21.45
73.04,2960,132.3,100,0,0,2,11643,0.02,0.09,118.5,118.6,94.3,97.5,24.56,24.71,21.05,21.45
73.08,2961,132.4,100,0,-0.2,2,11654,-0.02,0.08,118.5,118.6,94.3,97.5,24.56,24.7,21.05,21.45
73.12,2963,132.6,100,0,0.3,2,11665,0.04,0.08,118.5,118.5,94.3,97.5,24.56,24.7,21.05,21.45
73.16,2964,132.7,100,0,0.6,2,11675,0.01,0.08,118.5,118.5,94.3,97.5,24.56,24.7,21.05,21.45
73.2,2966,132.8,100,0,0.3,2,11686,-0.01,0.08,118.5,118.5,94.3,97.5,24.56,24.7,21.05,21.45
73.24,2967,132.9,100,0,-0.2,2,11696,0.01,0.08,118.4,118.5,94.3,97.5,24.56,24.7,21.04,21.44
73.28,2969,133,100,0,-0.3,2,11706,-0.02,0.08,118.4,118.5,94.2,97.4,24.56,24.7,21.04,21.44
73.32,2970,133.1,100,0,-0.6,2,11717,0.03,0.08,118.4,118.5,94.2,97.4,24.56,24.7,21.04,21.44
73.36,2972,133.3,100,0,-0.7,2,11727,0.03,0.08,118.4,118.5,94.2,97.4,24.56,24.7,21.04,21.44
73.4,2973,133.4,100,0,0.1,2,11738,-0.01,0.08,118.4,118.5,94.2,97.4,24.56,24.7,21.04,21.44
73.44,2975,133.5,100,0,-0.1,2,11748,-0.03,0.08,118.4,118.4,94.2,97.4,24.55,24.7,21.04,21.44
73.48,2976,133.6,100,0,-0.4,2,11758,0,0.08,118.4,118.4,94.2,97.4,24.55,24.7,21.04,21.44
73.52,2978,133.7,100,0,0.1,2,11768,0,0.08,118.4,118.4,94.2,97.4,24.55,24.69,21.04,21.44
73.56,2979,133.8,100,0,-0.3,2,11779,-0.02,0.08,118.4,118.4,94.2,97.4,24.55,24.69,21.04,21.44
73.6,2981,134,100,0,-0.1,2,11789,-0.02,0.08,118.3,118.4,94.2,97.4,24.55,24.69,21.04,21.44
73.64,2982,134.1,100,0,-0.8,2,11799,-0.02,0.08,118.3,118.4,94.1,97.3,24.55,24.69,21.04,21.44
73.68,2984,134.2,100,0,-0.4,2,11809,0.03,0.08,118.3,118.4,94.1,97.3,24.55,24.69,21.03,21.43
73.72,2985,134.3,100,0,-0.1,2,11820,0.01,0.08,118.3,118.4,94.1,97.3,24.55,24.69,21.03,21.43
73.76,2987,134.4,100,0,0.4,2,11830,-0.01,0.08,118.3,118.4,94.1,97.3,24.55,24.69,21.03,21.43
73.8,2988,134.5,100,0,0.7,2,11840,-0.02,0.08,118.3,118.3,94.1,97.3,24.55,24.69,21.03,21.43
73.84,2990,134.7,100,0,0.7,2,11850,0.03,0.08,118.3,118.3,94.1,97.3,24.55,24.69,21.03,21.43
73.88,2991,134.8,100,0,-0.3,2,11860,0,0.08,118.3,118.3,94.1,97.3,24.54,24.69,21.03,21.43
73.92,2993,134.9,100,0,-0.8,2,11870,-0.01,0.08,118.2,118.3,94.1,97.3,24.54,24.69,21.03,21.43
73.96,2994,135,100,0,-0.4,2,11880,0.01,0.08,118.2,118.3,94,97.2,24.54,24.68,21.03,21.43
74,2996,135.1,100,0,0.3,3,9458,-0.01,0.08,118.2,118.3,94,97.2,24.54,24.68,21.03,21.43
74.04,2997,135.2,100,0,0.4,3,9466,0.03,0.08,118.2,118.3,94,97.2,24.54,24.68,21.03,21.43
74.08,2999,135.3,100,0,0.3,3,9474,0.02,0.08,118.2,118.3,94,97.2,24.54,24.68,21.03,21.43
74.12,3000,135.5,100,0,0.2,3,9482,0.01,0.08,118.2,118.2,94,97.2,24.54,24.68,21.02,21.42
74.16,3002,135.6,100,0,-0.1,3,9489,-0.02,0.08,118.2,118.2,94,97.2,24.54,24.68,21.02,21.42
74.2,3003,135.7,100,0,0.3,3,9497,0,0.08,118.2,118.2,94,97.2,24.54,24.68,21.02,21.42
74.24,3005,135.8,100,0,0.5,3,9505,0,0.08,118.1,118.2,94,97.2,24.54,24.68,21.02,21.42
74.28,3006,135.9,100,0,-0.2,3,9513,0,0.08,118.1,118.2,93.9,97.1,24.54,24.68,21.02,21.42
74.32,3008,136,100,0,-0.2,3,9521,0.03,0.08,118.1,118.2,93.9,97.1,24.53,24.68,21.02,21.42
74.36,3009,136.1,100,0,-0.7,3,9528,0.01,0.08,118.1,118.2,93.9,97.1,24.53,24.68,21.02,21.42
74.4,3011,136.2,100,0,0.1,3,9536,-0.01,0.08,118.1,118.2,93.9,97.1,24.53,24.67,21.02,21.42
74.44,3012,136.3,100,0,0.4,3,9544,0.02,0.08,118.1,118.1,93.9,97.1,24.53,24.67,21.02,21.42
74.48,3014,136.5,100,0,0.3,3,9552,-0.01,0.08,118.1,118.1,93.9,97.1,24.53,24.67,21.02,21.42
74.52,3015,136.6,100,0,0.2,3,9559,-0.01,0.08,118.1,118.1,93.9,97.1,24.53,24.67,21.02,21.42
74.56,3017,136.7,100,0,-0.2,3,9567,-0.03,0.08,118.1,118.1,93.9,97.1,24.53,24.67,21.01,21.41
74.6,3018,136.8,100,0,0.2,3,9575,-0.01,0.08,118,118.1,93.9,97.1,24.53,24.67,21.01,21.41
74.64,3020,136.9,100,0,0.1,3,9582,-0.02,0.08,118,118.1,93.8,97,24.53,24.67,21.01,21.41
74.68,3021,137,100,0,-0.3,3,9590,0.01,0.08,118,118.1,93.8,97,24.53,24.67,21.01,21.41
74.72,3023,137.1,100,0,0.2,3,9598,0.03,0.08,118,118.1,93.8,97,24.53,24.67,21.01,21.41
74.76,3024,137.2,100,0,0.3,3,9605,-0.02,0.08,118,118.1,93.8,97,24.52,24.67,21.01,21.41
74.8,3026,137.3,100,0,-0.9,3,9613,0,0.08,118,118,93.8,97,24.52,24.67,21.01,21.41
74.84,3027,137.4,100,0,0,3,9620,-0.01,0.08,118,118,93.8,97,24.52,24.66,21.01,21.41
74.88,3029,137.5,100,0,0.2,3,9628,-0.01,0.08,118,118,93.8,97,24.52,24.66,21.01,21.41
74.92,3030,137.6,100,0,0.2,3,9635,-0.02,0.08,117.9,118,93.8,97,24.52,24.66,21.01,21.41
74.96,3032,137.8,100,0,-0.3,3,9643,0.02,0.08,117.9,118,93.7,96.9,24.52,24.66,21.01,21.41
75,3033,137.9,100,0,0.4,3,9650,-0.02,0.08,117.9,118,93.7,96.9,24.52,24.66,21.01,21.41
75.04,3035,138,100,0,0.5,3,9658,-0.03,0.08,117.9,118,93.7,96.9,24.52,24.66,21,21.4
75.08,3037,138.1,100,0,-0.9,3,9665,0,0.08,117.9,118,93.7,96.9,24.52,24.66,21,21.4
75.12,3038,138.2,100,0,-0.1,3,9673,0.02,0.08,117.9,117.9,93.7,96.9,24.52,24.66,21,21.4
75.16,3040,138.3,100,0,-0.4,3,9680,0.02,0.07,117.9,117.9,93.7,96.9,24.52,24.66,21,21.4
75.2,3041,138.4,100,0,-0.6,3,9687,-0.02,0.07,117.9,117.9,93.7,96.9,24.51,24.66,21,21.4
75.24,3043,138.5,100,0,0.1,3,9695,-0.02,0.07,117.8,117.9,93.7,96.9,24.51,24.66,21,21.4
75.28,3044,138.6,100,0,0,3,9702,0,0.07,117.8,117.9,93.6,96.8,24.51,24.65,21,21.4
75.32,3046,138.7,100,0,-0.5,3,9710,0,0.07,117.8,117.9,93.6,96.8,24.51,24.65,21,21.4
75.36,3047,138.8,100,0,-0.4,3,9717,0.02,0.07,117.8,117.9,93.6,96.8,24.51,24.65,21,21.4
75.4,3049,138.9,100,0,-0.3,3,9724,0,0.07,117.8,117.9,93.6,96.8,24.51,24.65,21,21.4
75.44,3050,139,100,0,-0.4,3,9731,-0.01,0.07,117.8,117.8,93.6,96.8,24.51,24.65,21,21.4
75.48,3052,139.1,100,0,-0.1,3,9739,0.02,0.07,117.8,117.8,93.6,96.8,24.51,24.65,20.99,21.39
75.52,3053,139.2,100,0,0.1,3,9746,0,0.07,117.8,117.8,93.6,96.8,24.51,24.65,20.99,21.39
75.56,3055,139.3,100,0,0.9,3,9753,-0.02,0.07,117.8,117.8,93.6,96.8,24.51,24.65,20.99,21.39
75.6,3057,139.4,100,0,0,3,9760,0,0.07,117.7,117.8,93.6,96.8,24.51,24.65,20.99,21.39
75.64,3058,139.5,100,0,-0.5,3,9768,-0.02,0.07,117.7,117.8,93.5,96.7,24.5,24.65,20.99,21.39
75.68,3060,139.6,100,0,-0.5,3,9775,0,0.07,117.7,117.8,93.5,96.7,24.5,24.65,20.99,21.39
75.72,3061,139.7,100,0,-0.2,3,9782,-0.01,0.07,117.7,117.8,93.5,96.7,24.5,24.64,20.99,21.39
75.76,3063,139.8,100,0,0.2,3,9789,0,0.07,117.7,117.8,93.5,96.7,24.5,24.64,20.99,21.39
75.8,3064,139.9,100,0,-0.2,3,9796,-0.02,0.07,117.7,117.7,93.5,96.7,24.5,24.64,20.99,21.39
75.84,3066,140,100,0,0,3,9803,0,0.07,117.7,117.7,93.5,96.7,24.5,24.64,20.99,21.39
75.88,3067,140.1,100,0,-0.5,3,9810,-0.02,0.07,117.7,117.7,93.5,96.7,24.5,24.64,20.99,21.39
75.92,3069,140.3,100,0,0,3,9818,0,0.07,117.6,117.7,93.5,96.7,24.5,24.64,20.98,21.38
75.96,3071,140.4,100,0,-0.1,3,9825,-0.03,0.07,117.6,117.7,93.4,96.6,24.5,24.64,20.98,21.38
76,3072,140.5,100,0,-0.2,3,9832,0.02,0.07,117.6,117.7,93.4,96.6,24.5,24.64,20.98,21.38
76.04,3074,140.6,100,0,-0.1,3,9839,0.03,0.07,117.6,117.7,93.4,96.6,24.5,24.64,20.98,21.38
76.08,3075,140.7,100,0,-0.2,3,9846,0.03,0.07,117.6,117.7,93.4,96.6,24.49,24.64,20.98,21.38
76.12,3077,140.8,100,0,-0.8,3,9853,-0.01,0.07,117.6,117.6,93.4,96.6,24.49,24.64,20.98,21.38
76.16,3078,140.9,100,0,-0.1,3,9860,0.02,0.07,117.6,117.6,93.4,96.6,24.49,24.63,20.98,21.38
76.2,3080,141,100,0,-0.6,3,9867,-0.02,0.07,117.6,117.6,93.4,96.6,24.49,24.63,20.98,21.38
76.24,3081,141.1,100,0,0.4,3,9874,0.01,0.07,117.5,117.6,93.4,96.6,24.49,24.63,20.98,21.38
76.28,3083,141.2,100,0,0.3,3,9881,-0.01,0.07,117.5,117.6,93.3,96.5,24.49,24.63,20.98,21.38
76.32,3085,141.2,100,0,0,3,9887,-0.05,0.07,117.5,117.6,93.3,96.5,24.49,24.63,20.98,21.38
76.36,3086,141.3,100,0,-0.1,3,9894,-0.03,0.07,117.5,117.6,93.3,96.5,24.49,24.63,20.97,21.37
76.4,3088,141.4,100,0,-0.1,3,9901,-0.02,0.07,117.5,117.6,93.3,96.5,24.49,24.63,20.97,21.37
76.44,3089,141.5,100,0,0.1,3,9908,0,0.07,117.5,117.5,93.3,96.5,24.49,24.63,20.97,21.37
76.48,3091,141.6,100,0,0,3,9915,-0.01,0.07,117.5,117.5,93.3,96.5,24.49,24.63,20.97,21.37
76.52,3092,141.7,100,0,-0.2,3,9922,0,0.07,117.5,117.5,93.3,96.5,24.48,24.63,20.97,21.37
76.56,3094,141.8,100,0,0.1,3,9929,-0.01,0.07,117.5,117.5,93.3,96.5,24.48,24.63,20.97,21.37
76.6,3096,141.9,100,0,0.5,3,9935,0.03,0.07,117.4,117.5,93.3,96.5,24.48,24.63,20.97,21.37
76.64,3097,142,100,0,0,3,9942,0,0.07,117.4,117.5,93.2,96.4,24.48,24.62,20.97,21.37
76.68,3099,142.1,100,0,0.3,3,9949,0,0.07,117.4,117.5,93.2,96.4,24.48,24.62,20.97,21.37
76.72,3100,142.2,100,0,-0.2,3,9956,0.01,0.07,117.4,117.5,93.2,96.4,24.48,24.62,20.97,21.37
76.76,3102,142.3,100,0,0,3,9962,0.03,0.07,117.4,117.5,93.2,96.4,24.48,24.62,20.97,21.37
76.8,3104,142.4,100,0,-0.3,3,9969,0.01,0.07,117.4,117.4,93.2,96.4,24.48,24.62,20.96,21.36
76.84,3105,142.5,100,0,-0.1,3,9976,0,0.07,117.4,117.4,93.2,96.4,24.48,24.62,20.96,21.36
76.88,3107,142.6,100,0,0.2,3,9983,-0.01,0.07,117.4,117.4,93.2,96.4,24.48,24.62,20.96,21.36
76.92,3108,142.7,100,0,-0.7,3,9989,0.02,0.07,117.3,117.4,93.2,96.4,24.48,24.62,20.96,21.36
76.96,3110,142.8,100,0,-0.2,3,9996,0.02,0.07,117.3,117.4,93.1,96.3,24.47,24.62,20.96,21.36
77,3111,142.9,100,0,0.1,3,10003,0.02,0.07,117.3,117.4,93.1,96.3,24.47,24.62,20.96,21.36
77.04,3113,143,100,0,0.4,3,10009,-0.02,0.07,117.3,117.4,93.1,96.3,24.47,24.62,20.96,21.36
77.08,3115,143.1,100,0,-0.3,3,10016,0.03,0.07,117.3,117.4,93.1,96.3,24.47,24.61,20.96,21.36
77.12,3116,143.2,100,0,-0.7,3,10022,0,0.07,117.3,117.3,93.1,96.3,24.47,24.61,20.96,21.36
77.16,3118,143.3,100,0,-0.1,3,10029,0.01,0.07,117.3,117.3,93.1,96.3,24.47,24.61,20.96,21.36
77.2,3119,143.4,100,0,0.2,3,10036,0,0.07,117.3,117.3,93.1,96.3,24.47,24.61,20.96,21.36
77.24,3121,143.5,100,0,-0.3,3,10042,0,0.07,117.2,117.3,93.1,96.3,24.47,24.61,20.95,21.35
77.28,3123,143.6,100,0,0.6,3,10049,-0.03,0.07,117.2,117.3,93,96.2,24.47,24.61,20.95,21.35
77.32,3124,143.6,100,0,-0.2,3,10055,-0.03,0.07,117.2,117.3,93,96.2,24.47,24.61,20.95,21.35
77.36,3126,143.7,100,0,0.3,3,10062,0,0.07,117.2,117.3,93,96.2,24.47,24.61,20.95,21.35
77.4,3127,143.8,100,0,-0.5,3,10068,0.02,0.07,117.2,117.3,93,96.2,24.47,24.61,20.95,21.35
77.44,3129,143.9,100,0,0.1,3,10075,0,0.07,117.2,117.2,93,96.2,24.46,24.61,20.95,21.35
77.48,3131,144,100,0,-0.4,3,10081,0.03,0.07,117.2,117.2,93,96.2,24.46,24.61,20.95,21.35
77.52,3132,144.1,100,0,0,3,10088,0.02,0.07,117.2,117.2,93,96.2,24.46,24.6,20.95,21.35
77.56,3134,144.2,100,0,0,3,10094,-0.01,0.07,117.2,117.2,93,96.2,24.46,24.6,20.95,21.35
77.6,3135,144.3,100,0,-0.2,3,10100,0.01,0.06,117.1,117.2,93,96.2,24.46,24.6,20.95,21.35
77.64,3137,144.4,100,0,0.4,3,10107,0.03,0.06,117.1,117.2,92.9,96.1,24.46,24.6,20.95,21.35
77.68,3139,144.5,100,0,-0.3,3,10113,-0.04,0.06,117.1,117.2,92.9,96.1,24.46,24.6,20.94,21.34
77.72,3140,144.6,100,0,-0.2,3,10120,0.02,0.06,117.1,117.2,92.9,96.1,24.46,24.6,20.94,21.34
77.76,3142,144.7,100,0,-0.5,3,10126,-0.01,0.06,117.1,117.2,92.9,96.1,24.46,24.6,20.94,21.34
77.8,3143,144.7,100,0,0.7,3,10132,0,0.06,117.1,117.1,92.9,96.1,24.46,24.6,20.94,21.34
77.84,3145,144.8,100,0,0.3,3,10139,0.01,0.06,117.1,117.1,92.9,96.1,24.46,24.6,20.94,21.34
77.88,3147,144.9,100,0,-0.2,3,10145,0.02,0.06,117.1,117.1,92.9,96.1,24.45,24.6,20.94,21.34
77.92,3148,145,100,0,0.8,3,10151,0,0.06,117,117.1,92.9,96.1,24.45,24.6,20.94,21.34
77.96,3150,145.1,100,0,0.4,3,10158,0.01,0.06,117,117.1,92.8,96,24.45,24.59,20.94,21.34
78,3151,145.2,100,0,-0.2,3,10164,0.01,0.06,117,117.1,92.8,96,24.45,24.59,20.94,21.34
78.04,3153,145.3,100,0,0.2,3,10170,-0.02,0.06,117,117.1,92.8,96,24.45,24.59,20.94,21.34
78.08,3155,145.4,100,0,0.7,3,10176,0,0.06,117,117.1,92.8,96,24.45,24.59,20.94,21.34
78.12,3156,145.5,100,0,-0.7,3,10183,-0.01,0.06,117,117,92.8,96,24.45,24.59,20.93,21.33
78.16,3158,145.6,100,0,0.6,3,10189,-0.01,0.06,117,117,92.8,96,24.45,24.59,20.93,21.33
78.2,3160,145.6,100,0,-0.4,3,10195,0.03,0.06,117,117,92.8,96,24.45,24.59,20.93,21.33
78.24,3161,145.7,100,0,0,3,10201,-0.03,0.06,116.9,117,92.8,96,24.45,24.59,20.93,21.33
78.28,3163,145.8,100,0,0.3,3,10207,0.01,0.06,116.9,117,92.7,95.9,24.45,24.59,20.93,21.33
78.32,3164,145.9,100,0,-0.4,3,10213,0.03,0.06,116.9,117,92.7,95.9,24.44,24.59,20.93,21.33
78.36,3166,146,100,0,0.1,3,10220,-0.01,0.06,116.9,117,92.7,95.9,24.44,24.59,20.93,21.33
78.4,3168,146.1,100,0,1.1,3,10226,-0.02,0.06,116.9,117,92.7,95.9,24.44,24.58,20.93,21.33
78.44,3169,146.2,100,0,0,3,10232,0,0.06,116.9,116.9,92.7,95.9,24.44,24.58,20.93,21.33
78.48,3171,146.3,100,0,-0.2,3,10238,0.01,0.06,116.9,116.9,92.7,95.9,24.44,24.58,20.93,21.33
78.52,3173,146.3,100,0,0.7,3,10244,-0.04,0.06,116.9,116.9,92.7,95.9,24.44,24.58,20.93,21.33
78.56,3174,146.4,100,0,0.1,3,10250,0.04,0.06,116.9,116.9,92.7,95.9,24.44,24.58,20.92,21.32
78.6,3176,146.5,100,0,-0.2,3,10256,0.03,0.06,116.8,116.9,92.7,95.9,24.44,24.58,20.92,21.32
78.64,3177,146.6,100,0,-0.2,3,10262,-0.01,0.06,116.8,116.9,92.6,95.8,24.44,24.58,20.92,21.32
78.68,3179,146.7,100,0,-0.1,3,10268,-0.02,0.06,116.8,116.9,92.6,95.8,24.44,24.58,20.92,21.32
78.72,3181,146.8,100,0,-0.5,3,10274,0.01,0.06,116.8,116.9,92.6,95.8,24.44,24.58,20.92,21.32
78.76,3182,146.9,100,0,-0.2,3,10280,-0.02,0.06,116.8,116.9,92.6,95.8,24.43,24.58,20.92,21.32
78.8,3184,146.9,100,0,0.5,3,10286,0.02,0.06,116.8,116.8,92.6,95.8,24.43,24.58,20.92,21.32
78.84,3186,147,100,0,0,3,10292,0,0.06,116.8,116.8,92.6,95.8,24.43,24.57,20.92,21.32
78.88,3187,147.1,100,0,0,3,10298,0.01,0.06,116.8,116.8,92.6,95.8,24.43,24.57,20.92,21.32
78.92,3189,147.2,100,0,-0.4,3,10304,0,0.06,116.7,116.8,92.6,95.8,24.43,24.57,20.92,21.32
78.96,3190,147.3,100,0,-0.3,3,10310,-0.03,0.06,116.7,116.8,92.5,95.7,24.43,24.57,20.92,21.32
79,3192,147.4,100,0,0.7,3,10316,0.04,0.06,116.7,116.8,92.5,95.7,24.43,24.57,20.92,21.32
79.04,3194,147.5,100,0,-0.1,3,10322,0.01,0.06,116.7,116.8,92.5,95.7,24.43,24.57,20.91,21.31
79.08,3195,147.5,100,0,-0.3,3,10328,0,0.06,116.7,116.8,92.5,95.7,24.43,24.57,20.91,21.31
79.12,3197,147.6,100,0,0,3,10334,0.01,0.06,116.7,116.7,92.5,95.7,24.43,24.57,20.91,21.31
79.16,3199,147.7,100,0,0.3,3,10340,0.01,0.06,116.7,116.7,92.5,95.7,24.43,24.57,20.91,21.31
79.2,3200,147.8,100,0,-0.1,3,10345,0,0.06,116.7,116.7,92.5,95.7,24.42,24.57,20.91,21.31
79.24,3202,147.9,100,0,-0.6,3,10351,0.02,0.06,116.6,116.7,92.5,95.7,24.42,24.57,20.91,21.31
79.28,3204,148,100,0,0.6,3,10357,-0.01,0.06,116.6,116.7,92.4,95.6,24.42,24.56,20.91,21.31
79.32,3205,148,100,0,0,3,10363,-0.02,0.06,116.6,116.7,92.4,95.6,24.42,24.56,20.91,21.31
79.36,3207,148.1,100,0,-0.5,3,10369,-0.02,0.06,116.6,116.7,92.4,95.6,24.42,24.56,20.91,21.31
79.4,3209,148.2,100,0,-0.2,3,10374,0.03,0.06,116.6,116.7,92.4,95.6,24.42,24.56,20.91,21.31
79.44,3210,148.3,100,0,-0.1,3,10380,0,0.06,116.6,116.6,92.4,95.6,24.42,24.56,20.91,21.31
79.48,3212,148.4,100,0,0,3,10386,-0.02,0.06,116.6,116.6,92.4,95.6,24.42,24.56,20.9,21.3
79.52,3213,148.5,100,0,0.3,3,10392,-0.04,0.06,116.6,116.6,92.4,95.6,24.42,24.56,20.9,21.3
79.56,3215,148.5,100,0,-0.3,3,10397,-0.02,0.06,116.6,116.6,92.4,95.6,24.42,24.56,20.9,21.3
79.6,3217,148.6,100,0,-0.2,3,10403,-0.02,0.06,116.5,116.6,92.4,95.6,24.42,24.56,20.9,21.3
79.64,3218,148.7,100,0,-0.3,3,10409,0.03,0.06,116.5,116.6,92.3,95.5,24.41,24.56,20.9,21.3
79.68,3220,148.8,100,0,-0.3,3,10415,0.03,0.06,116.5,116.6,92.3,95.5,24.41,24.56,20.9,21.3
79.72,3222,148.9,100,0,0.1,3,10420,0.01,0.06,116.5,116.6,92.3,95.5,24.41,24.55,20.9,21.3
79.76,3223,148.9,100,0,-0.2,3,10426,-0.03,0.06,116.5,116.6,92.3,95.5,24.41,24.55,20.9,21.3
79.8,3225,149,100,0,-0.3,3,10432,0.03,0.06,116.5,116.5,92.3,95.5,24.41,24.55,20.9,21.3
79.84,3227,149.1,100,0,-0.3,3,10437,0,0.06,116.5,116.5,92.3,95.5,24.41,24.55,20.9,21.3
79.88,3228,149.2,100,0,-0.1,3,10443,0.03,0.06,116.5,116.5,92.3,95.5,24.41,24.55,20.9,21.3
79.92,3230,149.3,100,0,0.4,3,10448,0.01,0.06,116.4,116.5,92.3,95.5,24.41,24.55,20.89,21.29
79.96,3232,149.3,100,0,-0.3,3,10454,0.01,0.06,116.4,116.5,92.2,95.4,24.41,24.55,20.89,21.29
80,3233,149.4,100,0,0.1,3,10460,-0.05,0.06,116.4,116.5,92.2,95.4,24.41,24.55,20.89,21.29
80.04,3235,149.5,100,0,-0.6,3,10465,-0.02,0.06,116.4,116.5,92.2,95.4,24.41,24.55,20.89,21.29
80.08,3237,149.6,100,0,0.2,3,10471,0.05,0.06,116.4,116.5,92.2,95.4,24.4,24.55,20.89,21.29
80.12,3238,149.7,100,0,0,3,10476,-0.01,0.06,116.4,116.4,92.2,95.4,24.4,24.55,20.89,21.29
80.16,3240,149.7,100,0,0,3,10482,0,0.06,116.4,116.4,92.2,95.4,24.4,24.54,20.89,21.29
80.2,3242,149.8,100,0,0.4,3,10487,0,0.06,116.4,116.4,92.2,95.4,24.4,24.54,20.89,21.29
80.24,3243,149.9,100,0,-0.1,3,10493,-0.01,0.06,116.3,116.4,92.2,95.4,24.4,24.54,20.89,21.29
80.28,3245,150,100,0,0.5,3,10498,0.02,0.06,116.3,116.4,92.1,95.3,24.4,24.54,20.89,21.29
80.32,3247,150.1,100,0,-0.6,3,10504,0.02,0.06,116.3,116.4,92.1,95.3,24.4,24.54,20.89,21.29
80.36,3248,150.1,100,0,0.3,3,10509,-0.03,0.06,116.3,116.4,92.1,95.3,24.4,24.54,20.88,21.28
80.4,3250,150.2,100,0,0.1,3,10515,-0.01,0.06,116.3,116.4,92.1,95.3,24.4,24.54,20.88,21.28
80.44,3252,150.3,100,0,0.5,3,10520,-0.02,0.06,116.3,116.3,92.1,95.3,24.4,24.54,20.88,21.28
80.48,3253,150.4,100,0,-0.5,3,10526,-0.02,0.06,116.3,116.3,92.1,95.3,24.4,24.54,20.88,21.28
80.52,3255,150.4,100,0,0.1,3,10531,-0.01,0.05,116.3,116.3,92.1,95.3,24.39,24.54,20.88,21.28
80.56,3257,150.5,100,0,-0.3,3,10537,0.02,0.05,116.3,116.3,92.1,95.3,24.39,24.54,20.88,21.28
80.6,3258,150.6,100,0,0,3,10542,0.02,0.05,116.2,116.3,92.1,95.3,24.39,24.54,20.88,21.28
80.64,3260,150.7,100,0,0.1,3,10547,-0.02,0.05,116.2,116.3,92,95.2,24.39,24.53,20.88,21.28
80.68,3262,150.8,100,0,0.7,3,10553,0,0.05,116.2,116.3,92,95.2,24.39,24.53,20.88,21.28
80.72,3263,150.8,100,0,0.6,3,10558,0.03,0.05,116.2,116.3,92,95.2,24.39,24.53,20.88,21.28
80.76,3265,150.9,100,0,0,3,10564,0.01,0.05,116.2,116.3,92,95.2,24.39,24.53,20.88,21.28
80.8,3267,151,100,0,-0.3,3,10569,0,0.05,116.2,116.2,92,95.2,24.39,24.53,20.87,21.27
80.84,3268,151.1,100,0,0.3,3,10574,-0.04,0.05,116.2,116.2,92,95.2,24.39,24.53,20.87,21.27
80.88,3270,151.1,100,0,-0.1,3,10580,-0.01,0.05,116.2,116.2,92,95.2,24.39,24.53,20.87,21.27
80.92,3272,151.2,100,0,-0.1,3,10585,-0.01,0.05,116.1,116.2,92,95.2,24.39,24.53,20.87,21.27
80.96,3273,151.3,100,0,-0.1,3,10590,0,0.05,116.1,116.2,91.9,95.1,24.38,24.53,20.87,21.27
81,3275,151.4,100,0,0.5,3,10595,0.01,0.05,116.1,116.2,91.9,95.1,24.38,24.53,20.87,21.27
81.04,3277,151.4,100,0,0.3,3,10601,-0.03,0.05,116.1,116.2,91.9,95.1,24.38,24.53,20.87,21.27
81.08,3278,151.5,100,0,0.2,3,10606,0.01,0.05,116.1,116.2,91.9,95.1,24.38,24.52,20.87,21.27
81.12,3280,151.6,100,0,-0.6,3,10611,-0.01,0.05,116.1,116.1,91.9,95.1,24.38,24.52,20.87,21.27
81.16,3282,151.7,100,0,0.6,3,10616,-0.02,0.05,116.1,116.1,91.9,95.1,24.38,24.52,20.87,21.27
81.2,3283,151.7,100,0,-0.4,3,10622,0.02,0.05,116.1,116.1,91.9,95.1,24.38,24.52,20.87,21.27
81.24,3285,151.8,100,0,0.4,3,10627,0.03,0.05,116,116.1,91.9,95.1,24.38,24.52,20.86,21.26
81.28,3287,151.9,100,0,0.8,3,10632,0.02,0.05,116,116.1,91.8,95,24.38,24.52,20.86,21.26
81.32,3289,152,100,0,0.2,3,10637,0,0.05,116,116.1,91.8,95,24.38,24.52,20.86,21.26
81.36,3290,152,100,0,-0.6,3,10642,-0.01,0.05,116,116.1,91.8,95,24.38,24.52,20.86,21.26
81.4,3292,152.1,100,0,0,3,10648,0.01,0.05,116,116.1,91.8,95,24.38,24.52,20.86,21.26
81.44,3294,152.2,100,0,0.1,3,10653,0.01,0.05,116,116,91.8,95,24.37,24.52,20.86,21.26
81.48,3295,152.3,100,0,0,3,10658,0.01,0.05,116,116,91.8,95,24.37,24.52,20.86,21.26
81.52,3297,152.3,100,0,0.1,3,10663,0,0.05,116,116,91.8,95,24.37,24.51,20.86,21.26
81.56,3299,152.4,100,0,-0.5,3,10668,-0.01,0.05,116,116,91.8,95,24.37,24.51,20.86,21.26
81.6,3300,152.5,100,0,0.2,3,10673,-0.02,0.05,115.9,116,91.8,95,24.37,24.51,20.86,21.26
81.64,3302,152.5,100,0,-0.4,3,10678,-0.01,0.05,115.9,116,91.7,94.9,24.37,24.51,20.86,21.26
81.68,3304,152.6,100,0,-0.1,3,10683,0.02,0.05,115.9,116,91.7,94.9,24.37,24.51,20.85,21.25
81.72,3305,152.7,100,0,0,3,10688,0,0.05,115.9,116,91.7,94.9,24.37,24.51,20.85,21.25
81.76,3307,152.8,100,0,0.4,3,10694,0.01,0.05,115.9,116,91.7,94.9,24.37,24.51,20.85,21.25
81.8,3309,152.8,100,0,0.3,3,10699,-0.03,0.05,115.9,115.9,91.7,94.9,24.37,24.51,20.85,21.25
81.84,3311,152.9,100,0,0.3,3,10704,0.02,0.05,115.9,115.9,91.7,94.9,24.37,24.51,20.85,21.25
81.88,3312,153,100,0,-0.1,3,10709,-0.01,0.05,115.9,115.9,91.7,94.9,24.36,24.51,20.85,21.25
81.92,3314,153.1,100,0,0,3,10714,0.02,0.05,115.8,115.9,91.7,94.9,24.36,24.51,20.85,21.25
81.96,3316,153.1,100,0,0.1,3,10719,0,0.05,115.8,115.9,91.6,94.8,24.36,24.5,20.85,21.25
82,3317,153.2,100,0,-0.1,3,10724,-0.02,0.05,115.8,115.9,91.6,94.8,24.36,24.5,20.85,21.25
82.04,3319,153.3,100,0,-0.1,3,10729,0,0.05,115.8,115.9,91.6,94.8,24.36,24.5,20.85,21.25
82.08,3321,153.3,100,0,0.4,3,10734,-0.02,0.05,115.8,115.9,91.6,94.8,24.36,24.5,20.85,21.25
82.12,3322,153.4,100,0,-0.1,3,10739,0.01,0.05,115.8,115.8,91.6,94.8,24.36,24.5,20.84,21.24
82.16,3324,153.5,100,0,0.5,3,10744,-0.02,0.05,115.8,115.8,91.6,94.8,24.36,24.5,20.84,21.24
82.2,3326,153.5,100,0,0.4,3,10748,-0.01,0.05,115.8,115.8,91.6,94.8,24.36,24.5,20.84,21.24
82.24,3328,153.6,100,0,0.4,3,10753,0,0.05,115.7,115.8,91.6,94.8,24.36,24.5,20.84,21.24
82.28,3329,153.7,100,0,-0.4,3,10758,-0.03,0.05,115.7,115.8,91.5,94.7,24.36,24.5,20.84,21.24
82.32,3331,153.8,100,0,0.2,3,10763,0.02,0.05,115.7,115.8,91.5,94.7,24.35,24.5,20.84,21.24
82.36,3333,153.8,100,0,0,3,10768,0,0.05,115.7,115.8,91.5,94.7,24.35,24.5,20.84,21.24
82.4,3334,153.9,100,0,0.5,3,10773,0,0.05,115.7,115.8,91.5,94.7,24.35,24.49,20.84,21.24
82.44,3336,154,100,0,0.1,3,10778,-0.01,0.05,115.7,115.7,91.5,94.7,24.35,24.49,20.84,21.24
82.48,3338,154,100,0,-0.2,3,10783,0.01,0.05,115.7,115.7,91.5,94.7,24.35,24.49,20.84,21.24
82.52,3340,154.1,100,0,0.3,3,10788,0.02,0.05,115.7,115.7,91.5,94.7,24.35,24.49,20.84,21.24
82.56,3341,154.2,100,0,0.4,3,10792,0,0.05,115.7,115.7,91.5,94.7,24.35,24.49,20.83,21.23
82.6,3343,154.2,100,0,0.3,3,10797,0.05,0.05,115.6,115.7,91.5,94.7,24.35,24.49,20.83,21.23
82.64,3345,154.3,100,0,-0.2,3,10802,0,0.05,115.6,115.7,91.4,94.6,24.35,24.49,20.83,21.23
82.68,3346,154.4,100,0,0.1,3,10807,-0.02,0.05,115.6,115.7,91.4,94.6,24.35,24.49,20.83,21.23
82.72,3348,154.5,100,0,-0.8,3,10812,0,0.05,115.6,115.7,91.4,94.6,24.35,24.49,20.83,21.23
82.76,3350,154.5,100,0,0.2,3,10816,-0.01,0.05,115.6,115.7,91.4,94.6,24.34,24.49,20.83,21.23
82.8,3352,154.6,100,0,0.6,3,10821,0.02,0.05,115.6,115.6,91.4,94.6,24.34,24.49,20.83,21.23
82.84,3353,154.7,100,0,0,3,10826,-0.01,0.05,115.6,115.6,91.4,94.6,24.34,24.48,20.83,21.23
82.88,3355,154.7,100,0,0.3,3,10831,0,0.05,115.6,115.6,91.4,94.6,24.34,24.48,20.83,21.23
82.92,3357,154.8,100,0,0.2,3,10835,-0.01,0.05,115.5,115.6,91.4,94.6,24.34,24.48,20.83,21.23
82.96,3358,154.9,100,0,0.1,3,10840,0,0.05,115.5,115.6,91.3,94.5,24.34,24.48,20.83,21.23
83,3360,154.9,100,0,-0.1,3,10845,0.02,0.05,115.5,115.6,91.3,94.5,24.34,24.48,20.83,21.23
83.04,3362,155,100,0,-0.6,3,10850,0.01,0.05,115.5,115.6,91.3,94.5,24.34,24.48,20.82,21.22
83.08,3364,155.1,100,0,0.3,3,10854,0.01,0.05,115.5,115.6,91.3,94.5,24.34,24.48,20.82,21.22
83.12,3365,155.1,100,0,0.4,3,10859,-0.02,0.05,115.5,115.5,91.3,94.5,24.34,24.48,20.82,21.22
83.16,3367,155.2,100,0,-0.5,3,10864,-0.02,0.05,115.5,115.5,91.3,94.5,24.34,24.48,20.82,21.22
83.2,3369,155.3,100,0,-0.1,3,10868,0,0.05,115.5,115.5,91.3,94.5,24.33,24.48,20.82,21.22
83.24,3370,155.3,100,0,0.5,3,10873,0.02,0.05,115.4,115.5,91.3,94.5,24.33,24.48,20.82,21.22
83.28,3372,270.5,0,0,1.1,6,11091,0,-4.2,115.6,115.5,91.3,94.5,24.34,24.48,20.82,21.22
83.32,3375,270.5,0,4,-0.3,6,11091,0,-4.2,115.7,115.6,91.3,94.5,24.35,24.48,20.82,21.22
83.36,3378,270.5,0,7,-0.2,6,11091,0,-4.2,115.8,115.6,91.3,94.5,24.36,24.48,20.82,21.22
83.4,3381,270.5,0,10,0.5,6,11091,0,-4.2,115.9,115.7,91.3,94.5,24.37,24.49,20.82,21.22
83.44,3384,270.5,0,14,-0.1,6,11091,0,-4.2,116,115.7,91.3,94.5,24.38,24.49,20.82,21.22
83.48,3387,270.5,0,17,0.6,6,11091,0,-4.2,116.2,115.7,91.3,94.5,24.39,24.49,20.82,21.22
83.52,3390,270.5,0,21,0,6,11091,0,-4.2,116.3,115.8,91.3,94.5,24.4,24.5,20.82,21.22
83.56,3393,270.5,0,24,-0.4,6,11091,0,-4.2,116.4,115.8,91.3,94.5,24.41,24.5,20.82,21.22
83.6,3396,270.5,0,25,1.5,6,11091,0,-4.2,116.5,115.9,91.3,94.5,24.41,24.5,20.82,21.22
83.64,3399,270.5,0,25,-1.4,6,11091,0,-4.2,116.6,115.9,91.3,94.5,24.42,24.51,20.82,21.22
83.68,3402,270.5,0,25,-0.6,6,11091,0,-4.2,116.8,115.9,91.3,94.5,24.43,24.51,20.82,21.22
83.72,3405,270.5,0,25,0.4,6,11091,0,-4.2,116.9,116,91.3,94.5,24.44,24.51,20.82,21.22
83.76,3408,270.5,0,25,-0.8,6,11091,0,-4.2,117,116,91.3,94.5,24.45,24.51,20.82,21.22
83.8,3411,270.5,0,25,-0.4,6,11091,0,-4.2,117.1,116.1,91.3,94.5,24.46,24.52,20.82,21.22
83.84,3414,270.5,0,25,0.8,6,11091,0,-4.2,117.2,116.1,91.3,94.5,24.47,24.52,20.82,21.22
83.88,3417,270.5,0,25,-0.1,6,11091,0,-4.2,117.4,116.1,91.3,94.5,24.48,24.52,20.82,21.22
83.92,3420,270.5,0,25,-1.3,6,11091,0,-4.2,117.5,116.2,91.3,94.5,24.49,24.53,20.82,21.22
83.96,3423,270.5,0,25,0.7,6,11091,0,-4.2,117.6,116.2,91.3,94.5,24.5,24.53,20.82,21.22
84,3426,270.5,0,25,0.1,6,11091,0,-4.2,117.7,116.3,91.3,94.5,24.5,24.53,20.82,21.22
84.04,3429,270.5,0,25,-0.6,6,11091,0,-4.2,117.8,116.3,91.3,94.5,24.51,24.54,20.82,21.22
84.08,3432,270.5,0,25,1.5,6,11091,0,-4.2,118,116.3,91.3,94.5,24.52,24.54,20.82,21.22
84.12,3435,270.5,0,25,0.7,6,11091,0,-4.2,118.1,116.4,91.3,94.5,24.53,24.54,20.82,21.22
84.16,3438,270.5,0,25,-0.1,6,11091,0,-4.2,118.2,116.4,91.3,94.5,24.54,24.54,20.82,21.22
84.2,3441,270.5,0,24,1.2,6,11091,0.13,-1.35,118.3,116.5,91.3,94.5,24.55,24.55,20.82,21.22
84.24,3444,270.5,0,23,3.6,6,11091,0.27,-1.3,118.4,116.5,91.3,94.5,24.56,24.55,20.82,21.22
84.28,3447,270.5,0,21,4.5,6,11091,0.41,-1.25,118.6,116.5,91.3,94.5,24.57,24.55,20.82,21.22
84.32,3450,270.5,0,20,6.8,6,11091,0.55,-1.2,118.7,116.6,91.3,94.5,24.58,24.56,20.82,21.22
84.36,3453,270.5,0,19,7.5,6,11091,0.69,-1.15,118.8,116.6,91.3,94.5,24.59,24.56,20.82,21.22
84.4,3456,270.5,0,18,9.3,6,11091,0.83,-1.09,118.9,116.7,91.3,94.5,24.59,24.56,20.82,21.22
84.44,3459,270.5,0,17,10.5,6,11091,0.97,-1.04,119,116.7,91.3,94.5,24.6,24.57,20.82,21.22
84.48,3462,270.5,0,15,13,6,11091,1.11,-0.99,119.2,116.7,91.3,94.5,24.61,24.57,20.82,21.22
84.52,3465,270.5,0,14,13.6,6,11091,1.25,-0.94,119.3,116.8,91.3,94.5,24.62,24.57,20.82,21.22
84.56,3468,270.5,0,13,15.7,6,11091,1.39,-0.89,119.4,116.8,91.3,94.5,24.63,24.57,20.82,21.22
84.6,3471,270.5,0,12,16.6,6,11091,1.53,-0.84,119.5,116.9,91.3,94.5,24.64,24.58,20.82,21.22
84.64,3474,270.5,0,11,18.4,6,11091,1.67,-0.78,119.6,116.9,91.3,94.5,24.65,24.58,20.82,21.22
84.68,3477,270.5,0,10,19.3,6,11091,1.81,-0.73,119.8,116.9,91.3,94.5,24.66,24.58,20.82,21.22
84.72,3480,270.5,0,9,20.6,6,11091,1.95,-0.68,119.9,117,91.3,94.5,24.67,24.59,20.82,21.22
84.76,3483,270.5,0,8,20.6,6,11091,2.09,-0.63,120,117,91.3,94.5,24.68,24.59,20.82,21.22
84.8,3486,270.5,0,7,22.9,6,11091,2.23,-0.58,120.1,117.1,91.3,94.5,24.68,24.59,20.82,21.22
84.84,3489,270.5,0,6,23.1,6,11091,2.37,-0.53,120.2,117.1,91.3,94.5,24.69,24.6,20.82,21.22
84.88,3492,270.5,0,5,24.3,6,11091,2.51,-0.47,120.4,117.1,91.3,94.5,24.7,24.6,20.82,21.22
84.92,3495,270.5,0,5,25,6,11091,2.65,-0.42,120.5,117.2,91.3,94.5,24.71,24.6,20.82,21.22
84.96,3498,270.5,0,4,26.6,6,11091,2.79,-0.37,120.6,117.2,91.3,94.5,24.72,24.6,20.82,21.22
85,3501,270.5,0,3,26.5,6,11091,2.93,-0.32,120.7,117.3,91.3,94.5,24.73,24.61,20.82,21.22
85.04,3504,270.5,0,2,27,6,11091,3.07,-0.27,120.8,117.3,91.3,94.5,24.74,24.61,20.82,21.22
85.08,3507,270.5,0,2,27.3,6,11091,3.21,-0.22,121,117.3,91.3,94.5,24.75,24.61,20.82,21.22
85.12,3510,270.5,0,1,27.4,6,11091,3.36,-0.16,121.1,117.4,91.3,94.5,24.76,24.62,20.82,21.22
85.16,3513,270.5,0,1,28.3,6,11091,3.5,-0.11,121.2,117.4,91.3,94.5,24.77,24.62,20.82,21.22
85.2,3516,270.5,0,0,27.8,6,11091,3.64,-0.06,121.3,117.5,91.3,94.5,24.77,24.62,20.82,21.22
85.24,3519,270.5,0,0,28.7,6,11091,3.78,-0.01,121.4,117.5,91.3,94.5,24.78,24.63,20.82,21.22
85.28,3522,270.5,3,0,27.6,6,11091,3.36,0.01,121.4,117.5,91.3,94.5,24.78,24.63,20.82,21.22
85.32,3525,270.5,6,0,27.7,6,11091,3.31,0.02,121.4,117.5,91.3,94.5,24.78,24.63,20.82,21.22
85.36,3529,270.5,8,0,26.8,6,11091,3.26,0.03,121.4,117.5,91.4,94.6,24.78,24.63,20.83,21.23
85.4,3532,270.5,10,0,25.7,6,11091,3.21,0.05,121.4,117.5,91.4,94.6,24.78,24.63,20.83,21.23
85.44,3535,270.5,13,0,26,6,11091,3.16,0.06,121.4,117.5,91.4,94.6,24.78,24.63,20.83,21.23
85.48,3538,270.5,15,0,25.3,6,11092,3.11,0.07,121.4,117.5,91.5,94.7,24.78,24.63,20.84,21.24
85.52,3541,270.5,17,0,24.4,6,11092,3.06,0.08,121.4,117.5,91.5,94.7,24.78,24.63,20.84,21.24
85.56,3544,270.5,19,0,24,6,11093,3.01,0.09,121.4,117.5,91.5,94.7,24.78,24.63,20.84,21.24
85.6,3547,270.6,21,0,24.4,6,11093,2.97,0.1,121.4,117.5,91.6,94.8,24.78,24.63,20.84,21.24
85.64,3550,270.6,23,0,23.6,6,11093,2.92,0.12,121.4,117.5,91.6,94.8,24.78,24.63,20.85,21.25
85.68,3553,270.6,25,0,22.4,6,11094,2.87,0.13,121.4,117.5,91.6,94.8,24.78,24.63,20.85,21.25
85.72,3556,270.6,27,0,22.1,6,11095,2.82,0.14,121.4,117.5,91.7,94.9,24.78,24.63,20.85,21.25
85.76,3559,270.6,29,0,21.3,6,11095,2.77,0.15,121.4,117.5,91.7,94.9,24.78,24.63,20.85,21.25
85.8,3562,270.6,31,0,21.5,6,11096,2.72,0.16,121.4,117.5,91.8,95,24.78,24.63,20.86,21.26
85.84,3565,270.7,33,0,20,6,11097,2.67,0.17,121.4,117.5,91.8,95,24.78,24.63,20.86,21.26
85.88,3568,270.7,35,0,20,6,11097,2.62,0.19,121.4,117.5,91.8,95,24.78,24.63,20.86,21.26
85.92,3571,270.7,36,0,19.8,6,11098,2.57,0.2,121.4,117.5,91.9,95.1,24.78,24.63,20.86,21.26
85.96,3574,270.7,38,0,18.5,6,11099,2.52,0.21,121.4,117.5,91.9,95.1,24.78,24.63,20.87,21.27
86,3577,270.7,40,0,18.9,6,11100,2.47,0.22,121.4,117.5,91.9,95.1,24.78,24.63,20.87,21.27
86.04,3580,270.8,42,0,18.7,6,11101,2.42,0.23,121.4,117.5,92,95.2,24.78,24.63,20.87,21.27
86.08,3583,270.8,44,0,17.2,6,11102,2.37,0.25,121.4,117.5,92,95.2,24.78,24.63,20.87,21.27
86.12,3586,270.8,45,0,17,6,11103,2.32,0.26,121.4,117.5,92,95.2,24.78,24.63,20.88,21.28
86.16,3589,270.8,47,0,16.9,6,11104,2.28,0.27,121.4,117.5,92.1,95.3,24.78,24.63,20.88,21.28
86.2,3592,270.9,49,0,16.6,6,11105,2.23,0.28,121.4,117.5,92.1,95.3,24.78,24.63,20.88,21.28
86.24,3595,270.9,51,0,15.5,6,11106,2.18,0.29,121.4,117.5,92.1,95.3,24.78,24.63,20.89,21.29
86.28,3598,270.9,52,0,15.8,6,11107,2.13,0.3,121.4,117.5,92.2,95.4,24.78,24.63,20.89,21.29
86.32,3601,270.9,54,0,14.3,6,11108,2.08,0.32,121.4,117.5,92.2,95.4,24.78,24.63,20.89,21.29
86.36,3604,271,56,0,14.7,6,11110,2.03,0.33,121.4,117.5,92.2,95.4,24.78,24.63,20.89,21.29
86.4,3607,271,58,0,13.9,6,11111,1.98,0.34,121.4,117.5,92.3,95.5,24.78,24.63,20.9,21.3
86.44,3610,271,59,0,12.6,6,11112,1.93,0.35,121.4,117.5,92.3,95.5,24.78,24.63,20.9,21.3
86.48,3613,271.1,61,0,12.4,6,11114,1.88,0.36,121.4,117.5,92.3,95.5,24.78,24.63,20.9,21.3
86.52,3616,271.1,63,0,11.2,6,11115,1.83,0.37,121.4,117.5,92.4,95.6,24.78,24.63,20.9,21.3
86.56,3619,271.1,64,0,11.5,6,11116,1.78,0.39,121.4,117.5,92.4,95.6,24.78,24.63,20.91,21.31
86.6,3622,271.2,66,0,11.4,6,11118,1.73,0.4,121.4,117.5,92.5,95.7,24.78,24.63,20.91,21.31
86.64,3625,271.2,68,0,10.9,6,11119,1.68,0.41,121.4,117.5,92.5,95.7,24.78,24.63,20.91,21.31
86.68,3628,271.2,69,0,10.1,6,11121,1.63,0.42,121.4,117.5,92.5,95.7,24.78,24.63,20.91,21.31
86.72,3631,271.3,71,0,9.6,6,11122,1.58,0.43,121.4,117.5,92.6,95.8,24.78,24.63,20.92,21.32
86.76,3634,271.3,73,0,8.6,6,11124,1.54,0.45,121.4,117.5,92.6,95.8,24.78,24.63,20.92,21.32
86.8,3637,271.4,74,0,9.2,6,11126,1.49,0.46,121.4,117.5,92.6,95.8,24.78,24.63,20.92,21.32
86.84,3640,271.4,76,0,8.4,6,11127,1.44,0.47,121.4,117.5,92.7,95.9,24.78,24.63,20.92,21.32
86.88,3643,271.4,77,0,7.7,6,11129,1.39,0.48,121.4,117.5,92.7,95.9,24.78,24.63,20.93,21.33
86.92,3646,271.5,79,0,7.3,6,11131,1.34,0.49,121.4,117.5,92.7,95.9,24.78,24.63,20.93,21.33
86.96,3649,271.5,81,0,6.7,6,11132,1.29,0.5,121.4,117.5,92.8,96,24.78,24.63,20.93,21.33
87,3652,271.6,82,0,5.8,6,11134,1.24,0.52,121.4,117.5,92.8,96,24.78,24.63,20.94,21.34
87.04,3655,271.6,84,0,4.8,6,11136,1.19,0.53,121.4,117.5,92.8,96,24.78,24.63,20.94,21.34
87.08,3658,271.7,85,0,4.9,6,11138,1.14,0.54,121.4,117.5,92.9,96.1,24.78,24.63,20.94,21.34
87.12,3661,271.7,87,0,4.1,6,11140,1.09,0.55,121.4,117.5,92.9,96.1,24.78,24.63,20.94,21.34
87.16,3664,271.8,89,0,3.9,6,11142,1.04,0.56,121.4,117.5,92.9,96.1,24.78,24.63,20.95,21.35
87.2,3667,271.8,90,0,3,6,11144,0.99,0.58,121.4,117.5,93,96.2,24.78,24.63,20.95,21.35
87.24,3670,271.8,92,0,2.4,6,11146,0.94,0.59,121.4,117.5,93,96.2,24.78,24.63,20.95,21.35
87.28,3673,271.9,93,0,2.2,6,11148,0.89,0.6,121.4,117.5,93,96.2,24.78,24.63,20.95,21.35
87.32,3676,271.9,95,0,2.3,6,11150,0.84,0.61,121.4,117.5,93.1,96.3,24.78,24.63,20.96,21.36
87.36,3679,272,96,0,1.3,6,11152,0.79,0.62,121.4,117.5,93.1,96.3,24.78,24.63,20.96,21.36
87.4,3682,272.1,98,0,0.5,6,11154,0.74,0.63,121.4,117.5,93.2,96.4,24.78,24.63,20.96,21.36
87.44,3685,272.1,100,0,0.6,6,11156,0.69,0.65,121.4,117.5,93.2,96.4,24.78,24.63,20.96,21.36
87.48,3688,272.2,100,0,0,6,11159,0,0.04,121.4,117.5,93.2,96.4,24.78,24.62,20.96,21.36
87.52,3691,272.2,100,0,-0.5,6,11161,-0.01,0.04,121.4,117.5,93.2,96.4,24.78,24.62,20.96,21.36
87.56,3694,272.3,100,0,0.2,6,11163,0,0.04,121.4,117.5,93.2,96.4,24.78,24.62,20.96,21.36
87.6,3697,272.3,100,0,0.2,6,11166,0.02,0.04,121.4,117.5,93.1,96.3,24.78,24.62,20.96,21.36
87.64,3700,272.4,100,0,0.5,6,11168,0,0.04,121.4,117.4,93.1,96.3,24.78,24.62,20.96,21.36
87.68,3703,272.5,100,0,0.3,6,11170,-0.01,0.04,121.4,117.4,93.1,96.3,24.78,24.62,20.96,21.36
87.72,3706,272.5,100,0,0.4,6,11173,-0.01,0.04,121.4,117.4,93.1,96.3,24.78,24.62,20.96,21.36
87.76,3709,272.6,100,0,-0.1,6,11175,0.02,0.04,121.4,117.4,93.1,96.3,24.78,24.62,20.96,21.36
87.8,3712,272.6,100,0,0,6,11178,-0.04,0.04,121.3,117.4,93.1,96.3,24.78,24.62,20.96,21.36
87.84,3715,272.7,100,0,0.2,6,11180,0.01,0.04,121.3,117.4,93.1,96.3,24.77,24.62,20.96,21.36
87.88,3718,272.7,100,0,-0.1,6,11182,0.03,0.04,121.3,117.4,93.1,96.3,24.77,24.62,20.95,21.35
87.92,3721,272.8,100,0,0.5,6,11185,-0.03,0.04,121.3,117.4,93,96.2,24.77,24.61,20.95,21.35
87.96,3724,272.9,100,0,-0.6,6,11187,-0.03,0.04,121.3,117.4,93,96.2,24.77,24.61,20.95,21.35
88,3728,272.9,100,0,0.6,6,11189,-0.02,0.04,121.3,117.3,93,96.2,24.77,24.61,20.95,21.35
88.04,3731,273,100,0,0.2,6,11192,0.03,0.04,121.3,117.3,93,96.2,24.77,24.61,20.95,21.35
88.08,3734,273,100,0,0.2,6,11194,0.01,0.04,121.3,117.3,93,96.2,24.77,24.61,20.95,21.35
88.12,3737,273.1,100,0,-0.1,6,11196,0.01,0.04,121.2,117.3,93,96.2,24.77,24.61,20.95,21.35
88.16,3740,273.1,100,0,-0.2,6,11199,0.04,0.04,121.2,117.3,93,96.2,24.77,24.61,20.95,21.35
88.2,3743,273.2,100,0,-0.5,6,11201,-0.01,0.04,121.2,117.3,93,96.2,24.77,24.61,20.95,21.35
88.24,3746,273.3,100,0,-0.6,6,11204,0,0.04,121.2,117.3,92.9,96.1,24.77,24.61,20.95,21.35
88.28,3749,273.3,100,0,0.1,6,11206,0.02,0.04,121.2,117.3,92.9,96.1,24.76,24.61,20.95,21.35
88.32,3752,273.4,100,0,0.6,6,11208,0,0.04,121.2,117.2,92.9,96.1,24.76,24.61,20.94,21.34
88.36,3755,273.4,100,0,-0.4,6,11211,-0.02,0.04,121.2,117.2,92.9,96.1,24.76,24.6,20.94,21.34
88.4,3758,273.5,100,0,-0.1,6,11213,-0.01,0.04,121.2,117.2,92.9,96.1,24.76,24.6,20.94,21.34
88.44,3761,273.5,100,0,0,6,11215,0.03,0.04,121.1,117.2,92.9,96.1,24.76,24.6,20.94,21.34
88.48,3764,273.6,100,0,-0.5,6,11218,0.03,0.04,121.1,117.2,92.9,96.1,24.76,24.6,20.94,21.34
88.52,3767,273.7,100,0,0,6,11220,0.02,0.04,121.1,117.2,92.9,96.1,24.76,24.6,20.94,21.34
88.56,3770,273.7,100,0,0.5,6,11222,0.01,0.04,121.1,117.2,92.9,96.1,24.76,24.6,20.94,21.34
88.6,3773,273.8,100,0,-0.1,6,11225,0,0.04,121.1,117.2,92.8,96,24.76,24.6,20.94,21.34
88.64,3776,273.8,100,0,0.6,6,11227,0.03,0.04,121.1,117.1,92.8,96,24.76,24.6,20.94,21.34
88.68,3779,273.9,100,0,-0.1,6,11229,0,0.04,121.1,117.1,92.8,96,24.76,24.6,20.94,21.34
88.72,3782,273.9,100,0,0.3,6,11232,0,0.04,121.1,117.1,92.8,96,24.75,24.6,20.94,21.34
88.76,3785,274,100,0,-0.8,6,11234,0,0.04,121.1,117.1,92.8,96,24.75,24.6,20.93,21.33
88.8,3788,274.1,100,0,0,6,11237,-0.02,0.04,121,117.1,92.8,96,24.75,24.6,20.93,21.33
88.84,3791,274.1,100,0,-0.2,6,11239,0.01,0.04,121,117.1,92.8,96,24.75,24.59,20.93,21.33
88.88,3794,274.2,100,0,0,6,11241,-0.01,0.04,121,117.1,92.8,96,24.75,24.59,20.93,21.33
88.92,3797,274.2,100,0,0.4,6,11244,0,0.04,121,117.1,92.7,95.9,24.75,24.59,20.93,21.33
88.96,3800,274.3,100,0,0.5,6,11246,0,0.04,121,117.1,92.7,95.9,24.75,24.59,20.93,21.33
89,3804,274.4,100,0,0.3,6,11248,0.01,0.04,121,117,92.7,95.9,24.75,24.59,20.93,21.33
89.04,3807,274.4,100,0,0,6,11251,0.04,0.04,121,117,92.7,95.9,24.75,24.59,20.93,21.33
89.08,3810,274.5,100,0,0.2,6,11253,-0.01,0.04,121,117,92.7,95.9,24.75,24.59,20.93,21.33
89.12,3813,291.5,0,0,-0.7,7,10786,0,-4.2,121,117.1,92.7,95.9,24.75,24.6,20.93,21.33
89.16,3816,291.5,0,0,-0.3,7,10786,0,-4.2,121,117.3,92.7,95.9,24.75,24.61,20.93,21.33
89.2,3819,291.5,0,0,-0.4,7,10786,0,-4.2,121.1,117.4,92.7,95.9,24.76,24.62,20.93,21.33
89.24,3822,291.5,0,0,0.4,7,10786,0,-4.2,121.1,117.5,92.7,95.9,24.76,24.62,20.93,21.33
89.28,3826,291.5,0,0,0.2,7,10786,0,-4.2,121.2,117.6,92.7,95.9,24.76,24.63,20.93,21.33
89.32,3829,291.5,0,0,1.2,7,10786,0,-4.2,121.2,117.7,92.7,95.9,24.76,24.64,20.93,21.33
89.36,3832,291.5,0,0,-0.2,7,10786,0,-4.2,121.2,117.9,92.7,95.9,24.77,24.65,20.93,21.33
89.4,3835,291.5,0,0,0.5,7,10786,0,-4.2,121.3,118,92.7,95.9,24.77,24.66,20.93,21.33
89.44,3839,291.5,0,0,-0.1,7,10786,0,-4.2,121.3,118.1,92.7,95.9,24.77,24.67,20.93,21.33
89.48,3842,291.5,0,0,-0.3,7,10786,0,-4.2,121.4,118.2,92.7,95.9,24.78,24.68,20.93,21.33
89.52,3845,291.5,0,0,2,7,10786,0,-4.2,121.4,118.3,92.7,95.9,24.78,24.69,20.93,21.33
89.56,3848,291.5,0,0,0.4,7,10786,0,-4.2,121.4,118.5,92.7,95.9,24.78,24.7,20.93,21.33
89.6,3852,291.5,0,0,-0.1,7,10786,0,-4.2,121.5,118.6,92.7,95.9,24.79,24.71,20.93,21.33
89.64,3855,291.5,0,0,2.1,7,10786,0,-4.2,121.5,118.7,92.7,95.9,24.79,24.71,20.93,21.33
89.68,3858,291.5,0,0,-0.6,7,10786,0,-4.2,121.6,118.8,92.7,95.9,24.79,24.72,20.93,21.33
89.72,3861,291.5,0,0,-1.5,7,10786,0,-4.2,121.6,118.9,92.7,95.9,24.79,24.73,20.93,21.33
89.76,3864,291.5,0,0,0.1,7,10786,0,-4.2,121.6,119.1,92.7,95.9,24.8,24.74,20.93,21.33
89.8,3868,291.5,0,0,-0.6,7,10786,0,-4.2,121.7,119.2,92.7,95.9,24.8,24.75,20.93,21.33
89.84,3871,291.5,0,0,-0.8,7,10786,-0.07,-1.37,121.7,119.3,92.7,95.9,24.8,24.76,20.93,21.33
89.88,3874,291.5,0,0,-2.9,7,10786,-0.25,-1.31,121.8,119.4,92.7,95.9,24.81,24.77,20.93,21.33
89.92,3877,291.5,0,0,-4.2,7,10786,-0.42,-1.24,121.8,119.5,92.7,95.9,24.81,24.78,20.93,21.33
89.96,3881,291.5,0,0,-6.1,7,10786,-0.6,-1.18,121.8,119.7,92.7,95.9,24.81,24.79,20.93,21.33
90,3884,291.5,0,0,-9,7,10786,-0.77,-1.12,121.9,119.8,92.7,95.9,24.82,24.8,20.93,21.33
90.04,3887,291.5,0,0,-9.5,7,10786,-0.95,-1.05,121.9,119.9,92.7,95.9,24.82,24.8,20.93,21.33
90.08,3890,291.5,0,0,-10.8,7,10786,-1.12,-0.99,122,120,92.7,95.9,24.82,24.81,20.93,21.33
90.12,3894,291.5,0,0,-13.1,7,10786,-1.3,-0.92,122,120.1,92.7,95.9,24.82,24.82,20.93,21.33
90.16,3897,291.5,0,0,-14.7,7,10786,-1.47,-0.86,122,120.3,92.7,95.9,24.83,24.83,20.93,21.33
90.2,3900,291.5,0,0,-16.6,7,10786,-1.65,-0.79,122.1,120.4,92.7,95.9,24.83,24.84,20.93,21.33
90.24,3903,291.5,0,0,-18.2,7,10786,-1.82,-0.73,122.1,120.5,92.7,95.9,24.83,24.85,20.93,21.33
90.28,3907,291.5,0,0,-18.7,7,10786,-2,-0.66,122.2,120.6,92.7,95.9,24.84,24.86,20.93,21.33
90.32,3910,291.5,0,0,-19.4,7,10786,-2.17,-0.6,122.2,120.7,92.7,95.9,24.84,24.87,20.93,21.33
90.36,3913,291.5,0,0,-21.2,7,10786,-2.35,-0.54,122.2,120.9,92.7,95.9,24.84,24.88,20.93,21.33
90.4,3916,291.5,0,0,-22.3,7,10786,-2.52,-0.47,122.3,121,92.7,95.9,24.85,24.89,20.93,21.33
90.44,3920,291.5,0,0,-22.8,7,10786,-2.7,-0.41,122.3,121.1,92.7,95.9,24.85,24.89,20.93,21.33
90.48,3923,291.5,0,0,-23.3,7,10786,-2.87,-0.34,122.4,121.2,92.7,95.9,24.85,24.9,20.93,21.33
90.52,3926,291.5,0,0,-25.2,7,10786,-3.05,-0.28,122.4,121.3,92.7,95.9,24.85,24.91,20.93,21.33
90.56,3929,291.5,0,0,-25.5,7,10786,-3.22,-0.21,122.4,121.5,92.7,95.9,24.86,24.92,20.93,21.33
90.6,3933,291.5,0,0,-25.5,7,10786,-3.4,-0.15,122.5,121.6,92.7,95.9,24.86,24.93,20.93,21.33
90.64,3936,291.5,0,0,-26.7,7,10786,-3.57,-0.08,122.5,121.7,92.7,95.9,24.86,24.94,20.93,21.33
90.68,3939,291.5,0,0,-25.1,7,10786,-3.75,-0.02,122.6,121.8,92.7,95.9,24.87,24.95,20.93,21.33
90.72,3942,291.5,4,0,-25.1,7,10786,-3.34,0.01,122.6,121.8,92.7,95.9,24.87,24.95,20.93,21.33
90.76,3945,291.5,8,0,-25,7,10786,-3.26,0.03,122.6,121.8,92.8,96,24.87,24.95,20.93,21.33
90.8,3949,291.5,12,0,-23.7,7,10786,-3.18,0.05,122.6,121.8,92.8,96,24.87,24.95,20.93,21.33
90.84,3952,291.5,16,0,-23.3,7,10786,-3.09,0.07,122.6,121.8,92.8,96,24.87,24.95,20.94,21.34
90.88,3955,291.5,19,0,-21.9,7,10787,-3.01,0.09,122.6,121.8,92.9,96.1,24.87,24.95,20.94,21.34
90.92,3958,291.5,23,0,-21.1,7,10787,-2.93,0.11,122.6,121.8,92.9,96.1,24.87,24.95,20.94,21.34
90.96,3962,291.6,26,0,-20.7,7,10787,-2.84,0.13,122.6,121.8,92.9,96.1,24.87,24.95,20.95,21.35
91,3965,291.6,29,0,-20.3,7,10788,-2.76,0.15,122.6,121.8,93,96.2,24.87,24.95,20.95,21.35
91.04,3968,291.6,32,0,-19.3,7,10789,-2.68,0.17,122.6,121.8,93,96.2,24.87,24.95,20.95,21.35
91.08,3971,291.6,36,0,-18.6,7,10789,-2.59,0.19,122.6,121.8,93,96.2,24.87,24.95,20.95,21.35
91.12,3975,291.6,39,0,-17.9,7,10790,-2.51,0.21,122.6,121.8,93.1,96.3,24.87,24.95,20.96,21.36
91.16,3978,291.6,42,0,-16,7,10791,-2.43,0.23,122.6,121.8,93.1,96.3,24.87,24.95,20.96,21.36
91.2,3981,291.7,45,0,-16.3,7,10792,-2.35,0.25,122.6,121.8,93.1,96.3,24.87,24.95,20.96,21.36
91.24,3984,291.7,48,0,-15,7,10792,-2.26,0.27,122.6,121.8,93.2,96.4,24.87,24.95,20.96,21.36
91.28,3988,291.7,51,0,-14.3,7,10793,-2.18,0.29,122.6,121.8,93.2,96.4,24.87,24.95,20.97,21.37
91.32,3991,291.7,54,0,-13.6,7,10794,-2.1,0.31,122.6,121.8,93.3,96.5,24.87,24.95,20.97,21.37
91.36,3994,291.8,56,0,-12.5,7,10795,-2.01,0.33,122.6,121.8,93.3,96.5,24.87,24.95,20.97,21.37
91.4,3997,291.8,59,0,-12.1,7,10797,-1.93,0.35,122.6,121.8,93.3,96.5,24.87,24.95,20.97,21.37
91.44,4001,291.8,62,0,-11.2,7,10798,-1.85,0.37,122.6,121.8,93.4,96.6,24.87,24.95,20.98,21.38
91.48,4004,291.9,65,0,-10.4,7,10799,-1.76,0.39,122.6,121.8,93.4,96.6,24.87,24.95,20.98,21.38
91.52,4007,291.9,68,0,-9.9,7,10800,-1.68,0.41,122.6,121.8,93.4,96.6,24.87,24.95,20.98,21.38
91.56,4010,291.9,71,0,-8.8,7,10801,-1.6,0.43,122.6,121.8,93.5,96.7,24.87,24.95,20.98,21.38
91.6,4014,292,73,0,-8.6,7,10803,-1.51,0.45,122.6,121.8,93.5,96.7,24.87,24.95,20.99,21.39
91.64,4017,292,76,0,-7.6,7,10804,-1.43,0.47,122.6,121.8,93.5,96.7,24.87,24.95,20.99,21.39
91.68,4020,292,79,0,-5.9,7,10806,-1.35,0.49,122.6,121.8,93.6,96.8,24.87,24.95,20.99,21.39
91.72,4023,292.1,81,0,-5.6,7,10807,-1.26,0.51,122.6,121.8,93.6,96.8,24.87,24.95,21,21.4
91.76,4026,292.1,84,0,-5.2,7,10809,-1.18,0.53,122.6,121.8,93.6,96.8,24.87,24.95,21,21.4
91.8,4030,292.2,87,0,-4.5,7,10810,-1.1,0.55,122.6,121.8,93.7,96.9,24.87,24.95,21,21.4
91.84,4033,292.2,89,0,-3.4,7,10812,-1.01,0.57,122.6,121.8,93.7,96.9,24.87,24.95,21,21.4
91.88,4036,292.3,92,0,-2.6,7,10814,-0.93,0.59,122.6,121.8,93.7,96.9,24.87,24.95,21.01,21.41
91.92,4039,292.3,95,0,-1.6,7,10815,-0.85,0.61,122.6,121.8,93.8,97,24.87,24.95,21.01,21.41
91.96,4043,292.4,97,0,-0.4,7,10817,-0.76,0.63,122.6,121.8,93.8,97,24.87,24.95,21.01,21.41
92,4046,292.4,100,0,0.4,7,10819,-0.68,0.65,122.6,121.8,93.8,97,24.87,24.95,21.01,21.41
92.04,4049,291.3,0,18,-1.3,7,10776,0,-4.2,122.7,121.9,93.8,97,24.88,24.95,21.01,21.41
92.08,4052,289.5,0,27,1.1,7,10712,0,-4.2,122.8,121.9,93.8,97,24.88,24.95,21.01,21.41
92.12,4056,287.3,0,35,1.2,7,10630,0,-4.2,122.9,121.9,93.8,97,24.89,24.96,21.01,21.41
92.16,4059,284.5,0,43,-0.6,6,11666,0,-4.2,123,122,93.8,97,24.9,24.96,21.01,21.41
92.2,4062,281.7,0,45,1,6,11548,0,-4.2,123.2,122,93.8,97,24.91,24.96,21.01,21.41
92.24,4065,278.8,0,45,-0.3,6,11430,0,-4.2,123.3,122.1,93.8,97,24.92,24.97,21.01,21.41
92.28,4068,275.9,0,45,-0.7,6,11312,0,-4.2,123.4,122.1,93.8,97,24.93,24.97,21.01,21.41
92.32,4071,273,0,45,0.1,6,11193,0,-4.2,123.5,122.1,93.8,97,24.94,24.97,21.01,21.41
92.36,4074,270.1,0,45,1,6,11075,0,-4.2,123.6,122.2,93.8,97,24.95,24.98,21.01,21.41
92.4,4077,267.3,0,45,-0.3,6,10957,0,-4.2,123.8,122.2,93.8,97,24.96,24.98,21.01,21.41
92.44,4080,264.4,0,45,-1.4,6,10839,0,-4.2,123.9,122.3,93.8,97,24.97,24.98,21.01,21.41
92.48,4083,261.5,0,45,-0.3,6,10721,0,-4.2,124,122.3,93.8,97,24.97,24.98,21.01,21.41
92.52,4086,258.6,0,45,1,6,10603,0,-4.2,124.1,122.3,93.8,97,24.98,24.99,21.01,21.41
92.56,4089,255.7,0,45,0.2,6,10485,0,-4.2,124.2,122.4,93.8,97,24.99,24.99,21.01,21.41
92.6,4092,252.9,0,45,-0.1,6,10367,0,-4.2,124.4,122.4,93.8,97,25,24.99,21.01,21.41
92.64,4095,250,0,45,1.5,5,11999,0,-4.2,124.5,122.5,93.8,97,25.01,25,21.01,21.41
92.68,4097,247.2,0,43,3.1,5,11867,0.14,-1.35,124.6,122.5,93.8,97,25.02,25,21.01,21.41
92.72,4100,244.7,0,40,6,5,11744,0.3,-1.29,124.7,122.5,93.8,97,25.03,25,21.01,21.41
92.76,4103,242.2,0,38,7.2,5,11627,0.46,-1.23,124.8,122.6,93.8,97,25.04,25.01,21.01,21.41
92.8,4106,240,0,35,10.6,5,11519,0.62,-1.17,125,122.6,93.8,97,25.05,25.01,21.01,21.41
92.84,4108,237.9,0,33,13.3,5,11418,0.77,-1.12,125.1,122.7,93.8,97,25.06,25.01,21.01,21.41
92.88,4111,236,0,30,16.1,5,11326,0.93,-1.06,125.2,122.7,93.8,97,25.06,25.01,21.01,21.41
92.92,4114,234.2,0,28,18.2,5,11240,1.08,-1,125.3,122.7,93.8,97,25.07,25.02,21.01,21.41
92.96,4116,232.5,0,26,20.9,5,11160,1.23,-0.95,125.4,122.8,93.8,97,25.08,25.02,21.01,21.41
93,4119,231.5,0,24,22.3,5,11112,1.38,-0.89,125.6,122.8,93.8,97,25.09,25.02,21.01,21.41
93.04,4121,231.5,0,22,24.9,5,11112,1.54,-0.83,125.7,122.9,93.8,97,25.1,25.03,21.01,21.41
93.08,4124,231.5,0,20,27.3,5,11112,1.69,-0.78,125.8,122.9,93.8,97,25.11,25.03,21.01,21.41
93.12,4126,231.5,0,18,29.5,5,11112,1.84,-0.72,125.9,122.9,93.8,97,25.12,25.03,21.01,21.41
93.16,4129,231.5,0,16,30.8,5,11112,1.99,-0.67,126,123,93.8,97,25.13,25.04,21.01,21.41
93.2,4132,231.5,0,14,32.4,5,11112,2.14,-0.61,126.2,123,93.8,97,25.14,25.04,21.01,21.41
93.24,4134,231.5,0,12,34.7,5,11112,2.29,-0.56,126.3,123.1,93.8,97,25.15,25.04,21.01,21.41
93.28,4137,231.5,0,11,36.2,5,11112,2.44,-0.5,126.4,123.1,93.8,97,25.15,25.04,21.01,21.41
93.32,4139,231.5,0,9,37.2,5,11112,2.59,-0.45,126.5,123.1,93.8,97,25.16,25.05,21.01,21.41
93.36,4142,231.5,0,8,38.8,5,11112,2.74,-0.39,126.6,123.2,93.8,97,25.17,25.05,21.01,21.41
93.4,4144,231.5,0,6,40.8,5,11112,2.89,-0.34,126.8,123.2,93.8,97,25.18,25.05,21.01,21.41
93.44,4147,231.5,0,5,40,5,11112,3.04,-0.28,126.9,123.3,93.8,97,25.19,25.06,21.01,21.41
93.48,4150,231.5,0,3,40.6,5,11112,3.19,-0.22,127,123.3,93.8,97,25.2,25.06,21.01,21.41
93.52,4152,231.5,0,2,41.3,5,11112,3.34,-0.17,127.1,123.3,93.8,97,25.21,25.06,21.01,21.41
93.56,4155,231.5,0,1,42,5,11112,3.49,-0.11,127.2,123.4,93.8,97,25.22,25.07,21.01,21.41
93.6,4157,231.5,0,1,43.2,5,11112,3.64,-0.06,127.4,123.4,93.8,97,25.23,25.07,21.01,21.41
93.64,4160,231.5,0,0,42.4,5,11112,3.79,0,127.5,123.5,93.8,97,25.24,25.07,21.01,21.41
93.68,4162,231.5,4,0,41.5,5,11112,3.34,0.02,127.5,123.5,93.9,97.1,25.24,25.07,21.02,21.42
93.72,4165,231.5,8,0,40.4,5,11112,3.27,0.03,127.5,123.5,93.9,97.1,25.24,25.07,21.02,21.42
93.76,4168,231.5,11,0,39.5,5,11113,3.2,0.05,127.5,123.5,94,97.2,25.24,25.07,21.02,21.42
93.8,4170,231.5,14,0,38.1,5,11113,3.14,0.06,127.5,123.5,94,97.2,25.24,25.07,21.02,21.42
93.84,4173,231.5,17,0,37.3,5,11114,3.07,0.08,127.5,123.5,94,97.2,25.24,25.07,21.03,21.43
93.88,4175,231.5,19,0,36.1,5,11114,3.01,0.09,127.5,123.5,94.1,97.3,25.24,25.07,21.03,21.43
93.92,4178,231.6,22,0,35.7,5,11115,2.94,0.11,127.5,123.5,94.1,97.3,25.24,25.07,21.03,21.43
93.96,4180,231.6,25,0,34.3,5,11116,2.87,0.13,127.5,123.5,94.1,97.3,25.24,25.07,21.03,21.43
94,4183,231.6,27,0,33.7,5,11116,2.81,0.14,127.5,123.5,94.2,97.4,25.24,25.07,21.04,21.44
94.04,4186,231.6,30,0,31.8,5,11117,2.74,0.16,127.5,123.5,94.2,97.4,25.24,25.07,21.04,21.44
94.08,4188,231.6,32,0,31.9,5,11118,2.68,0.17,127.5,123.5,94.2,97.4,25.24,25.07,21.04,21.44
94.12,4191,231.7,35,0,30,5,11119,2.61,0.19,127.5,123.5,94.3,97.5,25.24,25.07,21.05,21.45
94.16,4193,231.7,37,0,28,5,11120,2.54,0.2,127.5,123.5,94.3,97.5,25.24,25.07,21.05,21.45
94.2,4196,231.7,40,0,28.1,5,11122,2.48,0.22,127.5,123.5,94.3,97.5,25.24,25.07,21.05,21.45
94.24,4198,231.7,42,0,26.2,5,11123,2.41,0.24,127.5,123.5,94.4,97.6,25.24,25.07,21.05,21.45
94.28,4201,231.8,45,0,26.5,5,11124,2.35,0.25,127.5,123.5,94.4,97.6,25.24,25.07,21.06,21.46
94.32,4204,231.8,47,0,25.2,5,11126,2.28,0.27,127.5,123.5,94.4,97.6,25.24,25.07,21.06,21.46
94.36,4206,231.8,49,0,24,5,11127,2.21,0.28,127.5,123.5,94.5,97.7,25.24,25.07,21.06,21.46
94.4,4209,231.8,52,0,23,5,11129,2.15,0.3,127.5,123.5,94.5,97.7,25.24,25.07,21.06,21.46
94.44,4211,231.9,54,0,21.6,5,11130,2.08,0.32,127.5,123.5,94.5,97.7,25.24,25.07,21.07,21.47
94.48,4214,231.9,56,0,20.4,5,11132,2.02,0.33,127.5,123.5,94.6,97.8,25.24,25.07,21.07,21.47
94.52,4217,232,59,0,19.6,5,11134,1.95,0.35,127.5,123.5,94.6,97.8,25.24,25.07,21.07,21.47
94.56,4219,232,61,0,19.1,5,11136,1.88,0.36,127.5,123.5,94.7,97.9,25.24,25.07,21.07,21.47
94.6,4222,232,63,0,18,5,11138,1.82,0.38,127.5,123.5,94.7,97.9,25.24,25.07,21.08,21.48
94.64,4224,232.1,65,0,17.2,5,11139,1.75,0.39,127.5,123.5,94.7,97.9,25.24,25.07,21.08,21.48
94.68,4227,232.1,68,0,15.6,5,11142,1.68,0.41,127.5,123.5,94.8,98,25.24,25.07,21.08,21.48
94.72,4229,232.2,70,0,15,5,11144,1.62,0.43,127.5,123.5,94.8,98,25.24,25.07,21.08,21.48
94.76,4232,232.2,72,0,14.1,5,11146,1.55,0.44,127.5,123.5,94.8,98,25.24,25.07,21.09,21.49
94.8,4235,232.2,74,0,12.9,5,11148,1.49,0.46,127.5,123.5,94.9,98.1,25.24,25.07,21.09,21.49
94.84,4237,232.3,76,0,11.2,5,11150,1.42,0.47,127.5,123.5,94.9,98.1,25.24,25.07,21.09,21.49
94.88,4240,232.3,79,0,10.8,5,11153,1.35,0.49,127.5,123.5,94.9,98.1,25.24,25.07,21.1,21.5
94.92,4242,232.4,81,0,8.8,5,11155,1.29,0.5,127.5,123.5,95,98.2,25.24,25.07,21.1,21.5
94.96,4245,232.4,83,0,9.1,5,11158,1.22,0.52,127.5,123.5,95,98.2,25.24,25.07,21.1,21.5
95,4247,232.5,85,0,7.1,5,11160,1.16,0.54,127.5,123.5,95,98.2,25.24,25.07,21.1,21.5
95.04,4250,232.6,87,0,6.1,5,11163,1.09,0.55,127.5,123.5,95.1,98.3,25.24,25.07,21.11,21.51
95.08,4253,232.6,89,0,5.6,5,11165,1.02,0.57,127.5,123.5,95.1,98.3,25.24,25.07,21.11,21.51
95.12,4255,232.7,91,0,4.1,5,11168,0.96,0.58,127.5,123.5,95.1,98.3,25.24,25.07,21.11,21.51
95.16,4258,232.7,93,0,2.6,5,11171,0.89,0.6,127.5,123.5,95.2,98.4,25.24,25.07,21.11,21.51
95.2,4260,232.8,95,0,2.5,5,11174,0.82,0.62,127.5,123.5,95.2,98.4,25.24,25.07,21.12,21.52
95.24,4263,232.8,98,0,1,5,11177,0.76,0.63,127.5,123.5,95.2,98.4,25.24,25.07,21.12,21.52
95.28,4266,232.9,100,0,-0.5,5,11180,0.69,0.65,127.5,123.5,95.3,98.5,25.24,25.07,21.12,21.52
95.32,4268,233,100,0,0.1,5,11182,0,0.04,127.5,123.4,95.3,98.5,25.23,25.07,21.12,21.52
95.36,4271,233,100,0,0.2,5,11185,0.01,0.04,127.5,123.4,95.3,98.5,25.23,25.07,21.12,21.52
95.4,4273,251.5,0,0,-0.6,6,10312,0,-4.2,127.5,123.6,95.3,98.5,25.24,25.08,21.12,21.52
95.44,4276,251.5,0,0,-0.5,6,10312,0,-4.2,127.5,123.7,95.3,98.5,25.24,25.09,21.12,21.52
95.48,4279,251.5,0,0,1.4,6,10312,0,-4.2,127.6,123.8,95.3,98.5,25.24,25.1,21.12,21.52
95.52,4282,251.5,0,0,0.1,6,10312,0,-4.2,127.6,123.9,95.3,98.5,25.25,25.11,21.12,21.52
95.56,4285,251.5,0,0,0.5,6,10312,0,-4.2,127.7,124,95.3,98.5,25.25,25.11,21.12,21.52
95.6,4287,251.5,0,0,-2,6,10312,0,-4.2,127.7,124.2,95.3,98.5,25.25,25.12,21.12,21.52
95.64,4290,251.5,0,0,0.3,6,10312,0,-4.2,127.7,124.3,95.3,98.5,25.25,25.13,21.12,21.52
95.68,4293,251.5,0,0,0.6,6,10312,0,-4.2,127.8,124.4,95.3,98.5,25.26,25.14,21.12,21.52
95.72,4296,251.5,0,0,0.6,6,10312,0,-4.2,127.8,124.5,95.3,98.5,25.26,25.15,21.12,21.52
95.76,4298,251.5,0,0,0.5,6,10312,0,-4.2,127.9,124.6,95.3,98.5,25.26,25.16,21.12,21.52
95.8,4301,251.5,0,0,-0.8,6,10312,0,-4.2,127.9,124.8,95.3,98.5,25.27,25.17,21.12,21.52
95.84,4304,251.5,0,0,-0.8,6,10312,0,-4.2,127.9,124.9,95.3,98.5,25.27,25.18,21.12,21.52
95.88,4307,251.5,0,0,-1.5,6,10312,0,-4.2,128,125,95.3,98.5,25.27,25.19,21.12,21.52
95.92,4310,251.5,0,0,-2.3,6,10312,0,-4.2,128,125.1,95.3,98.5,25.28,25.2,21.12,21.52
95.96,4312,251.5,0,0,-0.5,6,10312,0,-4.2,128.1,125.2,95.3,98.5,25.28,25.2,21.12,21.52
96,4315,251.5,0,0,0.6,6,10312,0,-4.2,128.1,125.4,95.3,98.5,25.28,25.21,21.12,21.52
96.04,4318,251.5,0,0,-0.4,6,10312,0,-4.2,128.1,125.5,95.3,98.5,25.28,25.22,21.12,21.52
96.08,4321,251.5,0,0,-0.2,6,10312,-0.02,-1.39,128.2,125.6,95.3,98.5,25.29,25.23,21.12,21.52
96.12,4324,251.5,0,0,-1.5,6,10312,-0.2,-1.33,128.2,125.7,95.3,98.5,25.29,25.24,21.12,21.52
96.16,4326,251.5,0,0,-4.5,6,10312,-0.37,-1.26,128.3,125.8,95.3,98.5,25.29,25.25,21.12,21.52
96.2,4329,251.5,0,0,-7.2,6,10312,-0.55,-1.2,128.3,126,95.3,98.5,25.3,25.26,21.12,21.52
96.24,4332,251.5,0,0,-8.7,6,10312,-0.73,-1.13,128.3,126.1,95.3,98.5,25.3,25.27,21.12,21.52
96.28,4335,251.5,0,0,-10.6,6,10312,-0.91,-1.06,128.4,126.2,95.3,98.5,25.3,25.28,21.12,21.52
96.32,4338,251.5,0,0,-11.8,6,10312,-1.09,-1,128.4,126.3,95.3,98.5,25.31,25.29,21.12,21.52
96.36,4340,251.5,0,0,-15,6,10312,-1.27,-0.93,128.5,126.4,95.3,98.5,25.31,25.29,21.12,21.52
96.4,4343,251.5,0,0,-16.9,6,10312,-1.45,-0.87,128.5,126.6,95.3,98.5,25.31,25.3,21.12,21.52
96.44,4346,251.5,0,0,-18.8,6,10312,-1.63,-0.8,128.5,126.7,95.3,98.5,25.31,25.31,21.12,21.52
96.48,4349,251.5,0,0,-19.6,6,10312,-1.8,-0.74,128.6,126.8,95.3,98.5,25.32,25.32,21.12,21.52
96.52,4352,251.5,0,0,-21.5,6,10312,-1.98,-0.67,128.6,126.9,95.3,98.5,25.32,25.33,21.12,21.52
96.56,4354,251.5,0,0,-22.9,6,10312,-2.16,-0.6,128.7,127,95.3,98.5,25.32,25.34,21.12,21.52
96.6,4357,251.5,0,0,-23.7,6,10312,-2.34,-0.54,128.7,127.2,95.3,98.5,25.33,25.35,21.12,21.52
96.64,4360,251.5,0,0,-25.6,6,10312,-2.52,-0.47,128.7,127.3,95.3,98.5,25.33,25.36,21.12,21.52
96.68,4363,251.5,0,0,-26.5,6,10312,-2.7,-0.41,128.8,127.4,95.3,98.5,25.33,25.37,21.12,21.52
96.72,4366,251.5,0,0,-27.7,6,10312,-2.88,-0.34,128.8,127.5,95.3,98.5,25.34,25.38,21.12,21.52
96.76,4368,251.5,0,0,-28.7,6,10312,-3.06,-0.27,128.9,127.6,95.3,98.5,25.34,25.38,21.12,21.52
96.8,4371,251.5,0,0,-29.1,6,10312,-3.23,-0.21,128.9,127.8,95.3,98.5,25.34,25.39,21.12,21.52
96.84,4374,251.5,0,0,-29,6,10312,-3.41,-0.14,128.9,127.9,95.3,98.5,25.34,25.4,21.12,21.52
96.88,4377,251.5,0,0,-29.1,6,10312,-3.59,-0.08,129,128,95.3,98.5,25.35,25.41,21.12,21.52
96.92,4380,251.5,0,0,-30.3,6,10312,-3.77,-0.01,129,128.1,95.3,98.5,25.35,25.42,21.12,21.52
96.96,4382,251.5,3,0,-28.5,6,10312,-3.35,0.01,129,128.1,95.3,98.5,25.35,25.42,21.12,21.52
97,4385,251.5,7,0,-27.9,6,10312,-3.29,0.03,129,128.1,95.3,98.5,25.35,25.42,21.12,21.52
97.04,4388,251.5,10,0,-27.8,6,10312,-3.23,0.04,129,128.1,95.4,98.6,25.35,25.42,21.13,21.53
97.08,4391,251.5,12,0,-27.1,6,10312,-3.17,0.06,129,128.1,95.4,98.6,25.35,25.42,21.13,21.53
97.12,4394,251.5,15,0,-25.8,6,10313,-3.11,0.07,129,128.1,95.4,98.6,25.35,25.42,21.13,21.53
97.16,4396,251.5,18,0,-25.4,6,10313,-3.05,0.08,129,128.1,95.5,98.7,25.35,25.42,21.14,21.54
97.2,4399,251.5,20,0,-25,6,10314,-2.99,0.1,129,128.1,95.5,98.7,25.35,25.42,21.14,21.54
97.24,4402,251.6,23,0,-23.8,6,10314,-2.93,0.11,129,128.1,95.5,98.7,25.35,25.42,21.14,21.54
97.28,4405,251.6,25,0,-23.7,6,10315,-2.87,0.13,129,128.1,95.6,98.8,25.35,25.42,21.14,21.54
97.32,4407,251.6,27,0,-23,6,10315,-2.81,0.14,129,128.1,95.6,98.8,25.35,25.42,21.15,21.55
97.36,4410,251.6,30,0,-22.1,6,10316,-2.75,0.16,129,128.1,95.6,98.8,25.35,25.42,21.15,21.55
97.4,4413,251.6,32,0,-21.5,6,10317,-2.69,0.17,129,128.1,95.7,98.9,25.35,25.42,21.15,21.55
97.44,4416,251.6,34,0,-21.4,6,10318,-2.63,0.19,129,128.1,95.7,98.9,25.35,25.42,21.15,21.55
97.48,4419,251.7,37,0,-21,6,10318,-2.57,0.2,129,128.1,95.8,99,25.35,25.42,21.16,21.56
97.52,4421,251.7,39,0,-20.1,6,10319,-2.5,0.21,129,128.1,95.8,99,25.35,25.42,21.16,21.56
97.56,4424,251.7,41,0,-19.2,6,10320,-2.44,0.23,129,128.1,95.8,99,25.35,25.42,21.16,21.56
97.6,4427,251.7,43,0,-18.3,6,10321,-2.38,0.24,129,128.1,95.9,99.1,25.35,25.42,21.16,21.56
97.64,4430,251.8,45,0,-18,6,10322,-2.32,0.26,129,128.1,95.9,99.1,25.35,25.42,21.17,21.57
97.68,4433,251.8,48,0,-16.7,6,10324,-2.26,0.27,129,128.1,95.9,99.1,25.35,25.42,21.17,21.57
97.72,4435,251.8,50,0,-16.6,6,10325,-2.2,0.29,129,128.1,96,99.2,25.35,25.42,21.17,21.57
97.76,4438,251.9,52,0,-16.1,6,10326,-2.14,0.3,129,128.1,96,99.2,25.35,25.42,21.17,21.57
97.8,4441,251.9,54,0,-14.9,6,10327,-2.08,0.31,129,128.1,96,99.2,25.35,25.42,21.18,21.58
97.84,4444,251.9,56,0,-14.6,6,10329,-2.02,0.33,129,128.1,96.1,99.3,25.35,25.42,21.18,21.58
97.88,4447,251.9,58,0,-13.9,6,10330,-1.96,0.34,129,128.1,96.1,99.3,25.35,25.42,21.18,21.58
97.92,4449,252,60,0,-13,6,10331,-1.9,0.36,129,128.1,96.1,99.3,25.35,25.42,21.19,21.59
97.96,4452,252,62,0,-12.3,6,10333,-1.84,0.37,129,128.1,96.2,99.4,25.35,25.42,21.19,21.59
98,4455,252.1,64,0,-12.1,6,10334,-1.78,0.39,129,128.1,96.2,99.4,25.35,25.42,21.19,21.59
98.04,4458,252.1,66,0,-11.2,6,10336,-1.72,0.4,129,128.1,96.2,99.4,25.35,25.42,21.19,21.59
98.08,4461,252.1,68,0,-10.8,6,10337,-1.66,0.42,129,128.1,96.3,99.5,25.35,25.42,21.2,21.6
98.12,4463,252.2,70,0,-10.1,6,10339,-1.6,0.43,129,128.1,96.3,99.5,25.35,25.42,21.2,21.6
98.16,4466,252.2,72,0,-8.3,6,10341,-1.54,0.44,129,128.1,96.3,99.5,25.35,25.42,21.2,21.6
98.2,4469,252.3,74,0,-8.6,6,10343,-1.48,0.46,129,128.1,96.4,99.6,25.35,25.42,21.2,21.6
98.24,4472,252.3,76,0,-8.4,6,10344,-1.42,0.47,129,128.1,96.4,99.6,25.35,25.42,21.21,21.61
98.28,4475,252.3,78,0,-6.7,6,10346,-1.36,0.49,129,128.1,96.5,99.7,25.35,25.42,21.21,21.61
98.32,4477,252.4,80,0,-6.4,6,10348,-1.3,0.5,129,128.1,96.5,99.7,25.35,25.42,21.21,21.61
98.36,4480,252.4,82,0,-6.3,6,10350,-1.24,0.52,129,128.1,96.5,99.7,25.35,25.42,21.21,21.61
98.4,4483,252.5,84,0,-5.5,6,10352,-1.17,0.53,129,128.1,96.6,99.8,25.35,25.42,21.22,21.62
98.44,4486,252.5,86,0,-3.7,6,10354,-1.11,0.55,129,128.1,96.6,99.8,25.35,25.42,21.22,21.62
98.48,4489,252.6,88,0,-4,6,10356,-1.05,0.56,129,128.1,96.6,99.8,25.35,25.42,21.22,21.62
98.52,4491,252.6,90,0,-2.8,6,10358,-0.99,0.58,129,128.1,96.7,99.9,25.35,25.42,21.22,21.62
98.56,4494,252.7,92,0,-3,6,10360,-0.93,0.59,129,128.1,96.7,99.9,25.35,25.42,21.23,21.63
98.6,4497,252.7,94,0,-2.1,6,10363,-0.87,0.6,129,128.1,96.7,99.9,25.35,25.42,21.23,21.63
98.64,4500,252.8,96,0,-1.3,6,10365,-0.81,0.62,129,128.1,96.8,100,25.35,25.42,21.23,21.63
98.68,4503,252.9,98,0,-1.3,6,10367,-0.75,0.63,129,128.1,96.8,100,25.35,25.42,21.24,21.64
98.72,4506,252.9,100,0,0.2,6,10370,-0.69,0.65,129,128.1,96.8,100,25.35,25.42,21.24,21.64
98.76,4508,253,100,0,0.2,6,10372,-0.01,0.04,129,128.1,96.8,100,25.35,25.42,21.24,21.64
98.8,4511,253,100,0,0.8,6,10374,-0.02,0.04,129,128.1,96.8,100,25.35,25.42,21.24,21.64
98.84,4514,253.1,100,0,-0.6,6,10377,0,0.04,129,128.1,96.8,100,25.35,25.42,21.23,21.63
98.88,4517,253.1,100,0,0.5,6,10379,0.01,0.04,129,128.1,96.8,100,25.35,25.42,21.23,21.63
98.92,4520,253.2,100,0,0.5,6,10381,0.01,0.04,129,128.1,96.8,100,25.35,25.42,21.23,21.63
98.96,4522,253.3,100,0,-0.6,6,10384,-0.01,0.04,128.9,128,96.8,100,25.35,25.42,21.23,21.63
99,4525,253.3,100,0,0.1,6,10386,0.01,0.04,128.9,128,96.8,100,25.34,25.41,21.23,21.63
99.04,4528,253.4,100,0,0.2,6,10388,0,0.04,128.9,128,96.7,99.9,25.34,25.41,21.23,21.63
99.08,4531,253.4,100,0,-0.4,6,10391,0,0.04,128.9,128,96.7,99.9,25.34,25.41,21.23,21.63
99.12,4534,253.5,100,0,0.3,6,10393,-0.02,0.04,128.9,128,96.7,99.9,25.34,25.41,21.23,21.63
99.16,4536,253.5,100,0,0.2,6,10396,0.06,0.04,128.9,128,96.7,99.9,25.34,25.41,21.23,21.63
99.2,4539,253.6,100,0,0,6,10398,-0.02,0.04,128.9,128,96.7,99.9,25.34,25.41,21.23,21.63
99.24,4542,253.7,100,0,1.3,6,10400,-0.01,0.04,128.9,128,96.7,99.9,25.34,25.41,21.23,21.63
99.28,4545,253.7,100,0,-0.1,6,10403,0,0.04,128.8,127.9,96.7,99.9,25.34,25.41,21.23,21.63
99.32,4548,253.8,100,0,-1.1,6,10405,-0.04,0.04,128.8,127.9,96.7,99.9,25.34,25.41,21.22,21.62
99.36,4551,253.8,100,0,0.7,6,10407,-0.01,0.04,128.8,127.9,96.6,99.8,25.34,25.41,21.22,21.62
99.4,4553,253.9,100,0,-0.5,6,10410,-0.01,0.04,128.8,127.9,96.6,99.8,25.34,25.41,21.22,21.62
99.44,4556,254,100,0,0.1,6,10412,-0.01,0.04,128.8,127.9,96.6,99.8,25.33,25.4,21.22,21.62
99.48,4559,254,100,0,0,6,10414,-0.03,0.04,128.8,127.9,96.6,99.8,25.33,25.4,21.22,21.62
99.52,4562,254.1,100,0,0.1,6,10417,-0.02,0.04,128.8,127.9,96.6,99.8,25.33,25.4,21.22,21.62
99.56,4565,254.1,100,0,0.2,6,10419,0,0.04,128.8,127.9,96.6,99.8,25.33,25.4,21.22,21.62
99.6,4568,254.2,100,0,0.4,6,10421,0.01,0.04,128.7,127.8,96.6,99.8,25.33,25.4,21.22,21.62
99.64,4570,254.2,100,0,-0.1,6,10424,0,0.04,128.7,127.8,96.6,99.8,25.33,25.4,21.22,21.62
99.68,4573,254.3,100,0,0.4,6,10426,0.06,0.04,128.7,127.8,96.5,99.7,25.33,25.4,21.22,21.62
99.72,4576,254.4,100,0,0.2,6,10429,0,0.04,128.7,127.8,96.5,99.7,25.33,25.4,21.22,21.62
99.76,4579,254.4,100,0,-0.5,6,10431,0,0.04,128.7,127.8,96.5,99.7,25.33,25.4,21.21,21.61
99.8,4582,254.5,100,0,-0.2,6,10433,-0.04,0.04,128.7,127.8,96.5,99.7,25.33,25.4,21.21,21.61
99.84,4584,254.5,100,0,-0.3,6,10436,-0.01,0.04,128.7,127.8,96.5,99.7,25.33,25.4,21.21,21.61
99.88,4587,254.6,100,0,-0.3,6,10438,-0.02,0.04,128.7,127.8,96.5,99.7,25.32,25.39,21.21,21.61
99.92,4590,254.6,100,0,0.1,6,10440,0.01,0.04,128.7,127.8,96.5,99.7,25.32,25.39,21.21,21.61
99.96,4593,254.7,100,0,0.5,6,10443,0,0.04,128.6,127.7,96.5,99.7,25.32,25.39,21.21,21.61
100,4596,254.8,100,0,-0.1,6,10445,0,0.04,128.6,127.7,96.5,99.7,25.32,25.39,21.21,21.61
100.04,4599,254.8,100,0,-0.2,6,10447,0.02,0.04,128.6,127.7,96.4,99.6,25.32,25.39,21.21,21.61
100.08,4601,254.9,100,0,0.3,6,10450,0,0.04,128.6,127.7,96.4,99.6,25.32,25.39,21.21,21.61
100.12,4604,254.9,100,0,0.2,6,10452,0.02,0.04,128.6,127.7,96.4,99.6,25.32,25.39,21.21,21.61
100.16,4607,255,100,0,-0.4,6,10455,0.01,0.04,128.6,127.7,96.4,99.6,25.32,25.39,21.21,21.61
100.2,4610,255,100,0,0,6,10457,-0.03,0.04,128.6,127.7,96.4,99.6,25.32,25.39,21.2,21.6
100.24,4613,255.1,100,0,0.5,6,10459,0,0.04,128.6,127.7,96.4,99.6,25.32,25.39,21.2,21.6
100.28,4616,255.2,100,0,-0.9,6,10462,0.01,0.04,128.5,127.6,96.4,99.6,25.32,25.39,21.2,21.6
100.32,4618,255.2,100,0,0.1,6,10464,-0.01,0.04,128.5,127.6,96.4,99.6,25.31,25.38,21.2,21.6
100.36,4621,255.3,100,0,-0.2,6,10466,-0.01,0.04,128.5,127.6,96.3,99.5,25.31,25.38,21.2,21.6
100.4,4624,255.3,100,0,0.4,6,10469,0.01,0.04,128.5,127.6,96.3,99.5,25.31,25.38,21.2,21.6
100.44,4627,255.4,100,0,0.2,6,10471,0,0.04,128.5,127.6,96.3,99.5,25.31,25.38,21.2,21.6
100.48,4630,255.4,100,0,0.1,6,10473,0.02,0.04,128.5,127.6,96.3,99.5,25.31,25.38,21.2,21.6
100.52,4633,255.5,100,0,-0.3,6,10476,0.01,0.04,128.5,127.6,96.3,99.5,25.31,25.38,21.2,21.6
100.56,4635,255.6,100,0,0.2,6,10478,-0.03,0.04,128.5,127.6,96.3,99.5,25.31,25.38,21.2,21.6
100.6,4638,255.6,100,0,0,6,10481,0,0.04,128.4,127.5,96.3,99.5,25.31,25.38,21.2,21.6
100.64,4641,255.7,100,0,-0.2,6,10483,0,0.04,128.4,127.5,96.3,99.5,25.31,25.38,21.19,21.59
100.68,4644,255.7,100,0,0,6,10485,-0.02,0.04,128.4,127.5,96.2,99.4,25.31,25.38,21.19,21.59
100.72,4647,255.8,100,0,0.5,6,10488,0,0.04,128.4,127.5,96.2,99.4,25.31,25.38,21.19,21.59
100.76,4650,255.9,100,0,0.3,6,10490,-0.03,0.04,128.4,127.5,96.2,99.4,25.31,25.38,21.19,21.59
100.8,4653,255.9,100,0,-0.3,6,10492,0.03,0.04,128.4,127.5,96.2,99.4,25.3,25.37,21.19,21.59
100.84,4655,256,100,0,-0.1,6,10495,-0.02,0.04,128.4,127.5,96.2,99.4,25.3,25.37,21.19,21.59
100.88,4658,256,100,0,0,6,10497,0.01,0.04,128.4,127.5,96.2,99.4,25.3,25.37,21.19,21.59
100.92,4661,256.1,100,0,0.2,6,10499,0.01,0.04,128.4,127.5,96.2,99.4,25.3,25.37,21.19,21.59
100.96,4664,256.1,100,0,0,6,10502,0.02,0.04,128.3,127.4,96.2,99.4,25.3,25.37,21.19,21.59
101,4667,256.2,100,0,-0.1,6,10504,-0.01,0.04,128.3,127.4,96.2,99.4,25.3,25.37,21.19,21.59
101.04,4670,256.3,100,0,-0.1,6,10507,-0.01,0.04,128.3,127.4,96.1,99.3,25.3,25.37,21.19,21.59
101.08,4672,256.3,100,0,0.5,6,10509,-0.01,0.04,128.3,127.4,96.1,99.3,25.3,25.37,21.18,21.58
101.12,4675,256.4,100,0,0,6,10511,-0.02,0.04,128.3,127.4,96.1,99.3,25.3,25.37,21.18,21.58
101.16,4678,256.4,100,0,-0.2,6,10514,0.03,0.04,128.3,127.4,96.1,99.3,25.3,25.37,21.18,21.58
101.2,4681,256.5,100,0,0.2,6,10516,-0.04,0.04,128.3,127.4,96.1,99.3,25.3,25.37,21.18,21.58
101.24,4684,256.5,100,0,-0.5,6,10518,0.01,0.04,128.3,127.4,96.1,99.3,25.29,25.36,21.18,21.58
101.28,4687,256.6,100,0,0,6,10521,-0.02,0.04,128.2,127.3,96.1,99.3,25.29,25.36,21.18,21.58
101.32,4690,256.7,100,0,0.3,6,10523,0.01,0.04,128.2,127.3,96.1,99.3,25.29,25.36,21.18,21.58
101.36,4692,256.7,100,0,-0.2,6,10525,0,0.04,128.2,127.3,96,99.2,25.29,25.36,21.18,21.58
101.4,4695,256.8,100,0,-0.2,6,10528,0.01,0.04,128.2,127.3,96,99.2,25.29,25.36,21.18,21.58
101.44,4698,256.8,100,0,0.4,6,10530,-0.03,0.04,128.2,127.3,96,99.2,25.29,25.36,21.18,21.58
101.48,4701,256.9,100,0,0.1,6,10532,-0.02,0.04,128.2,127.3,96,99.2,25.29,25.36,21.18,21.58
101.52,4704,256.9,100,0,0.1,6,10535,0.02,0.04,128.2,127.3,96,99.2,25.29,25.36,21.17,21.57
101.56,4707,257,100,0,0.5,6,10537,0.02,0.04,128.2,127.3,96,99.2,25.29,25.36,21.17,21.57
101.6,4709,257.1,100,0,-0.7,6,10540,0.03,0.04,128.1,127.2,96,99.2,25.29,25.36,21.17,21.57
101.64,4712,257.1,100,0,-0.3,6,10542,0.04,0.04,128.1,127.2,96,99.2,25.29,25.36,21.17,21.57
101.68,4715,257.2,100,0,-0.3,6,10544,-0.03,0.04,128.1,127.2,95.9,99.1,25.28,25.35,21.17,21.57
101.72,4718,257.2,100,0,-0.5,6,10547,-0.01,0.04,128.1,127.2,95.9,99.1,25.28,25.35,21.17,21.57
101.76,4721,257.3,100,0,0,6,10549,0,0.04,128.1,127.2,95.9,99.1,25.28,25.35,21.17,21.57
101.8,4724,257.4,100,0,0.2,6,10551,0,0.04,128.1,127.2,95.9,99.1,25.28,25.35,21.17,21.57
101.84,4727,257.4,100,0,-0.7,6,10554,-0.03,0.04,128.1,127.2,95.9,99.1,25.28,25.35,21.17,21.57
101.88,4730,257.5,100,0,-0.3,6,10556,0,0.04,128.1,127.2,95.9,99.1,25.28,25.35,21.17,21.57
101.92,4732,257.5,100,0,0.1,6,10558,0,0.04,128.1,127.2,95.9,99.1,25.28,25.35,21.17,21.57
101.96,4735,257.6,100,0,-0.3,6,10561,0,0.04,128,127.1,95.9,99.1,25.28,25.35,21.16,21.56
102,4738,257.6,100,0,-0.5,6,10563,0.01,0.04,128,127.1,95.9,99.1,25.28,25.35,21.16,21.56
102.04,4741,257.7,100,0,0.4,6,10566,0,0.04,128,127.1,95.8,99,25.28,25.35,21.16,21.56
102.08,4744,257.8,100,0,-0.1,6,10568,0,0.04,128,127.1,95.8,99,25.28,25.35,21.16,21.56
102.12,4747,257.8,100,0,0.2,6,10570,0.02,0.04,128,127.1,95.8,99,25.27,25.34,21.16,21.56
102.16,4750,257.9,100,0,0.3,6,10573,-0.03,0.04,128,127.1,95.8,99,25.27,25.34,21.16,21.56
102.2,4752,257.9,100,0,0.1,6,10575,0.01,0.04,128,127.1,95.8,99,25.27,25.34,21.16,21.56
102.24,4755,258,100,0,-0.5,6,10577,-0.04,0.04,128,127.1,95.8,99,25.27,25.34,21.16,21.56
102.28,4758,258,100,0,-0.3,6,10580,0,0.04,127.9,127,95.8,99,25.27,25.34,21.16,21.56
102.32,4761,258.1,100,0,0.4,6,10582,0,0.04,127.9,127,95.8,99,25.27,25.34,21.16,21.56
102.36,4764,258.2,100,0,-0.1,6,10584,-0.01,0.04,127.9,127,95.7,98.9,25.27,25.34,21.16,21.56
102.4,4767,258.2,100,0,0.1,6,10587,0,0.04,127.9,127,95.7,98.9,25.27,25.34,21.15,21.55
102.44,4770,258.3,100,0,-0.1,6,10589,-0.03,0.04,127.9,127,95.7,98.9,25.27,25.34,21.15,21.55
102.48,4772,258.3,100,0,-0.6,6,10592,0,0.04,127.9,127,95.7,98.9,25.27,25.34,21.15,21.55
102.52,4775,258.4,100,0,0.2,6,10594,0,0.04,127.9,127,95.7,98.9,25.27,25.34,21.15,21.55
102.56,4778,258.4,100,0,-0.2,6,10596,-0.01,0.04,127.9,127,95.7,98.9,25.26,25.33,21.15,21.55
102.6,4781,258.5,100,0,-0.3,6,10599,0.03,0.04,127.8,126.9,95.7,98.9,25.26,25.33,21.15,21.55
102.64,4784,258.6,100,0,-0.1,6,10601,0.01,0.04,127.8,126.9,95.7,98.9,25.26,25.33,21.15,21.55
102.68,4787,258.6,100,0,0.5,6,10603,0.02,0.04,127.8,126.9,95.6,98.8,25.26,25.33,21.15,21.55
102.72,4790,258.7,100,0,0.4,6,10606,-0.03,0.04,127.8,126.9,95.6,98.8,25.26,25.33,21.15,21.55
102.76,4793,258.7,100,0,0.3,6,10608,-0.02,0.04,127.8,126.9,95.6,98.8,25.26,25.33,21.15,21.55
102.8,4795,258.8,100,0,0,6,10610,-0.01,0.04,127.8,126.9,95.6,98.8,25.26,25.33,21.15,21.55
102.84,4798,258.8,100,0,-0.2,6,10613,0.01,0.04,127.8,126.9,95.6,98.8,25.26,25.33,21.14,21.54
102.88,4801,258.9,100,0,0.3,6,10615,0.01,0.04,127.8,126.9,95.6,98.8,25.26,25.33,21.14,21.54
102.92,4804,259,100,0,0.2,6,10617,0.03,0.04,127.8,126.9,95.6,98.8,25.26,25.33,21.14,21.54
102.96,4807,259,100,0,0,6,10620,0.01,0.04,127.7,126.8,95.6,98.8,25.26,25.33,21.14,21.54
103,4810,259.1,100,0,0.4,6,10622,0.01,0.04,127.7,126.8,95.6,98.8,25.25,25.32,21.14,21.54
103.04,4813,259.1,100,0,-0.7,6,10625,-0.03,0.04,127.7,126.8,95.5,98.7,25.25,25.32,21.14,21.54
103.08,4816,259.2,100,0,0.6,6,10627,0,0.04,127.7,126.8,95.5,98.7,25.25,25.32,21.14,21.54
103.12,4818,259.3,100,0,0.4,6,10629,0,0.04,127.7,126.8,95.5,98.7,25.25,25.32,21.14,21.54
103.16,4821,259.3,100,0,0.7,6,10632,-0.04,0.04,127.7,126.8,95.5,98.7,25.25,25.32,21.14,21.54
103.2,4824,259.4,100,0,0,6,10634,-0.01,0.04,127.7,126.8,95.5,98.7,25.25,25.32,21.14,21.54
103.24,4827,259.4,100,0,0,6,10636,0.03,0.04,127.7,126.8,95.5,98.7,25.25,25.32,21.14,21.54
103.28,4830,259.5,100,0,0.1,6,10639,-0.01,0.04,127.6,126.7,95.5,98.7,25.25,25.32,21.14,21.54
103.32,4833,259.5,100,0,0.5,6,10641,0,0.04,127.6,126.7,95.5,98.7,25.25,25.32,21.13,21.53
103.36,4836,259.6,100,0,0.3,6,10643,0,0.04,127.6,126.7,95.4,98.6,25.25,25.32,21.13,21.53
103.4,4839,259.7,100,0,0.6,6,10646,0.01,0.04,127.6,126.7,95.4,98.6,25.25,25.32,21.13,21.53
103.44,4842,259.7,100,0,-0.2,6,10648,0.01,0.04,127.6,126.7,95.4,98.6,25.24,25.31,21.13,21.53
103.48,4844,259.8,100,0,0.2,6,10651,0.02,0.04,127.6,126.7,95.4,98.6,25.24,25.31,21.13,21.53
103.52,4847,259.8,100,0,-0.5,6,10653,-0.01,0.04,127.6,126.7,95.4,98.6,25.24,25.31,21.13,21.53
103.56,4850,259.9,100,0,-0.6,6,10655,0,0.04,127.6,126.7,95.4,98.6,25.24,25.31,21.13,21.53
103.6,4853,259.9,100,0,0.1,6,10658,0,0.04,127.5,126.6,95.4,98.6,25.24,25.31,21.13,21.53
103.64,4856,260,100,0,0.4,6,10660,0.02,0.04,127.5,126.6,95.4,98.6,25.24,25.31,21.13,21.53
103.68,4859,260.1,100,0,0,6,10662,-0.01,0.04,127.5,126.6,95.3,98.5,25.24,25.31,21.13,21.53
103.72,4862,260.1,100,0,-0.2,6,10665,0.01,0.04,127.5,126.6,95.3,98.5,25.24,25.31,21.13,21.53
103.76,4865,260.2,100,0,0.2,6,10667,0,0.04,127.5,126.6,95.3,98.5,25.24,25.31,21.12,21.52
103.8,4868,260.2,100,0,0.2,6,10669,0.02,0.04,127.5,126.6,95.3,98.5,25.24,25.31,21.12,21.52
103.84,4870,260.3,100,0,0.2,6,10672,0.03,0.04,127.5,126.6,95.3,98.5,25.24,25.31,21.12,21.52
103.88,4873,260.3,100,0,0.2,6,10674,0.01,0.04,127.5,126.6,95.3,98.5,25.23,25.3,21.12,21.52
103.92,4876,260.4,100,0,0.4,6,10677,0,0.04,127.5,126.6,95.3,98.5,25.23,25.3,21.12,21.52
103.96,4879,260.5,100,0,-0.1,6,10679,0.05,0.04,127.4,126.5,95.3,98.5,25.23,25.3,21.12,21.52
104,4882,260.5,100,0,-0.9,6,10681,-0.01,0.04,127.4,126.5,95.3,98.5,25.23,25.3,21.12,21.52
104.04,4885,260.6,100,0,0.1,6,10684,0.01,0.04,127.4,126.5,95.2,98.4,25.23,25.3,21.12,21.52
104.08,4888,260.6,100,0,-0.1,6,10686,0,0.04,127.4,126.5,95.2,98.4,25.23,25.3,21.12,21.52
104.12,4891,260.7,100,0,0.4,6,10688,0.01,0.04,127.4,126.5,95.2,98.4,25.23,25.3,21.12,21.52
104.16,4894,260.7,100,0,0.2,6,10691,-0.02,0.04,127.4,126.5,95.2,98.4,25.23,25.3,21.12,21.52
104.2,4896,260.8,100,0,-0.6,6,10693,0,0.04,127.4,126.5,95.2,98.4,25.23,25.3,21.11,21.51
104.24,4899,260.9,100,0,-0.6,6,10695,0.02,0.04,127.4,126.5,95.2,98.4,25.23,25.3,21.11,21.51
104.28,4902,260.9,100,0,-0.2,6,10698,0.02,0.04,127.3,126.4,95.2,98.4,25.23,25.3,21.11,21.51
104.32,4905,261,100,0,0.2,6,10700,-0.01,0.04,127.3,126.4,95.2,98.4,25.22,25.29,21.11,21.51
104.36,4908,261,100,0,0,6,10703,-0.03,0.04,127.3,126.4,95.1,98.3,25.22,25.29,21.11,21.51
104.4,4911,261.1,100,0,0.1,6,10705,0.01,0.04,127.3,126.4,95.1,98.3,25.22,25.29,21.11,21.51
104.44,4914,261.2,100,0,-0.2,6,10707,0.01,0.04,127.3,126.4,95.1,98.3,25.22,25.29,21.11,21.51
104.48,4917,261.2,100,0,0.4,6,10710,0.01,0.04,127.3,126.4,95.1,98.3,25.22,25.29,21.11,21.51
104.52,4920,261.3,100,0,0.2,6,10712,-0.01,0.04,127.3,126.4,95.1,98.3,25.22,25.29,21.11,21.51
104.56,4923,261.3,100,0,-0.4,6,10714,-0.03,0.04,127.3,126.4,95.1,98.3,25.22,25.29,21.11,21.51
104.6,4925,261.4,100,0,0.7,6,10717,-0.01,0.04,127.2,126.3,95.1,98.3,25.22,25.29,21.11,21.51
104.64,4928,261.4,100,0,0.5,6,10719,0,0.04,127.2,126.3,95.1,98.3,25.22,25.29,21.1,21.5
104.68,4931,261.5,100,0,0.1,6,10721,-0.01,0.04,127.2,126.3,95,98.2,25.22,25.29,21.1,21.5
104.72,4934,261.6,100,0,-0.2,6,10724,0.01,0.04,127.2,126.3,95,98.2,25.22,25.29,21.1,21.5
104.76,4937,261.6,100,0,0.5,6,10726,-0.02,0.04,127.2,126.3,95,98.2,25.22,25.29,21.1,21.5
104.8,4940,261.7,100,0,0.4,6,10728,0.01,0.04,127.2,126.3,95,98.2,25.21,25.28,21.1,21.5
104.84,4943,261.7,100,0,0,6,10731,0.04,0.04,127.2,126.3,95,98.2,25.21,25.28,21.1,21.5
104.88,4946,261.8,100,0,-0.6,6,10733,0,0.04,127.2,126.3,95,98.2,25.21,25.28,21.1,21.5
104.92,4949,261.8,100,0,0.8,6,10736,0.01,0.04,127.2,126.3,95,98.2,25.21,25.28,21.1,21.5
104.96,4952,261.9,100,0,0.7,6,10738,-0.01,0.04,127.1,126.2,95,98.2,25.21,25.28,21.1,21.5
105,4955,262,100,0,0,6,10740,0,0.04,127.1,126.2,95,98.2,25.21,25.28,21.1,21.5
105.04,4957,262,100,0,-0.2,6,10743,0.02,0.04,127.1,126.2,94.9,98.1,25.21,25.28,21.1,21.5
105.08,4960,262.1,100,0,0.1,6,10745,0.04,0.04,127.1,126.2,94.9,98.1,25.21,25.28,21.09,21.49
105.12,4963,262.1,100,0,0.1,6,10747,0.01,0.04,127.1,126.2,94.9,98.1,25.21,25.28,21.09,21.49
105.16,4966,262.2,100,0,0.3,6,10750,0,0.04,127.1,126.2,94.9,98.1,25.21,25.28,21.09,21.49
105.2,4969,262.2,100,0,-0.2,6,10752,-0.01,0.04,127.1,126.2,94.9,98.1,25.21,25.28,21.09,21.49
105.24,4972,262.3,100,0,0.3,6,10754,0.01,0.04,127.1,126.2,94.9,98.1,25.2,25.27,21.09,21.49
105.28,4975,262.4,100,0,0.5,6,10757,0.01,0.04,127,126.1,94.9,98.1,25.2,25.27,21.09,21.49
105.32,4978,262.4,100,0,-0.1,6,10759,0.01,0.04,127,126.1,94.9,98.1,25.2,25.27,21.09,21.49
105.36,4981,262.5,100,0,-0.3,6,10762,0,0.04,127,126.1,94.8,98,25.2,25.27,21.09,21.49
105.4,4984,262.5,100,0,0,6,10764,0.02,0.04,127,126.1,94.8,98,25.2,25.27,21.09,21.49
105.44,4987,262.6,100,0,-0.4,6,10766,-0.06,0.04,127,126.1,94.8,98,25.2,25.27,21.09,21.49
105.48,4990,262.6,100,0,0.3,6,10769,0,0.04,127,126.1,94.8,98,25.2,25.27,21.09,21.49
105.52,4992,262.7,100,0,0.1,6,10771,0.01,0.04,127,126.1,94.8,98,25.2,25.27,21.08,21.48
105.56,4995,262.8,100,0,0,6,10773,-0.02,0.04,127,126.1,94.8,98,25.2,25.27,21.08,21.48
105.6,4998,262.8,100,0,0.2,6,10776,-0.01,0.04,126.9,126,94.8,98,25.2,25.27,21.08,21.48
105.64,5001,262.9,100,0,0,6,10778,-0.05,0.04,126.9,126,94.8,98,25.2,25.27,21.08,21.48
105.68,5004,262.9,100,0,0.6,6,10780,0,0.04,126.9,126,94.7,97.9,25.19,25.26,21.08,21.48
105.72,5007,263,100,0,0,6,10783,-0.01,0.04,126.9,126,94.7,97.9,25.19,25.26,21.08,21.48
105.76,5010,263.1,100,0,0.6,6,10785,0.01,0.04,126.9,126,94.7,97.9,25.19,25.26,21.08,21.48
105.8,5013,263.1,100,0,-0.3,6,10788,0.01,0.04,126.9,126,94.7,97.9,25.19,25.26,21.08,21.48
105.84,5016,263.2,100,0,-0.1,6,10790,0.01,0.04,126.9,126,94.7,97.9,25.19,25.26,21.08,21.48
105.88,5019,263.2,100,0,0,6,10792,0,0.04,126.9,126,94.7,97.9,25.19,25.26,21.08,21.48
105.92,5022,263.3,100,0,-0.4,6,10795,0.05,0.04,126.9,126,94.7,97.9,25.19,25.26,21.08,21.48
105.96,5025,263.3,100,0,-0.2,6,10797,0.04,0.04,126.8,125.9,94.7,97.9,25.19,25.26,21.07,21.47
106,5028,263.4,100,0,0.3,6,10799,0.01,0.04,126.8,125.9,94.7,97.9,25.19,25.26,21.07,21.47
106.04,5030,263.5,100,0,-0.9,6,10802,0.01,0.04,126.8,125.9,94.6,97.8,25.19,25.26,21.07,21.47
106.08,5033,263.5,100,0,0.3,6,10804,-0.02,0.04,126.8,125.9,94.6,97.8,25.19,25.26,21.07,21.47
106.12,5036,263.6,100,0,-0.1,6,10806,0.05,0.04,126.8,125.9,94.6,97.8,25.18,25.25,21.07,21.47
106.16,5039,263.6,100,0,-0.4,6,10809,0,0.04,126.8,125.9,94.6,97.8,25.18,25.25,21.07,21.47
106.2,5042,263.7,100,0,0.1,6,10811,-0.01,0.04,126.8,125.9,94.6,97.8,25.18,25.25,21.07,21.47
106.24,5045,263.7,100,0,0,6,10814,0.01,0.04,126.8,125.9,94.6,97.8,25.18,25.25,21.07,21.47
106.28,5048,263.8,100,0,-0.1,6,10816,-0.01,0.04,126.7,125.8,94.6,97.8,25.18,25.25,21.07,21.47
106.32,5051,263.9,100,0,-0.4,6,10818,-0.01,0.04,126.7,125.8,94.6,97.8,25.18,25.25,21.07,21.47
106.36,5054,263.9,100,0,0,6,10821,-0.01,0.04,126.7,125.8,94.5,97.7,25.18,25.25,21.07,21.47
106.4,5057,264,100,0,0.2,6,10823,-0.01,0.04,126.7,125.8,94.5,97.7,25.18,25.25,21.06,21.46
106.44,5060,264,100,0,0.1,6,10825,-0.03,0.04,126.7,125.8,94.5,97.7,25.18,25.25,21.06,21.46
106.48,5063,264.1,100,0,-0.2,6,10828,0.04,0.04,126.7,125.8,94.5,97.7,25.18,25.25,21.06,21.46
106.52,5066,264.1,100,0,0,6,10830,0.01,0.04,126.7,125.8,94.5,97.7,25.18,25.25,21.06,21.46
106.56,5069,264.2,100,0,-0.4,6,10832,0.01,0.04,126.7,125.8,94.5,97.7,25.17,25.24,21.06,21.46
106.6,5071,264.3,100,0,0,6,10835,0,0.04,126.6,125.7,94.5,97.7,25.17,25.24,21.06,21.46
106.64,5074,264.3,100,0,0.3,6,10837,0.01,0.04,126.6,125.7,94.5,97.7,25.17,25.24,21.06,21.46
106.68,5077,264.4,100,0,-0.3,6,10839,-0.01,0.04,126.6,125.7,94.4,97.6,25.17,25.24,21.06,21.46
106.72,5080,264.4,100,0,0.5,6,10842,0.02,0.04,126.6,125.7,94.4,97.6,25.17,25.24,21.06,21.46
106.76,5083,264.5,100,0,-0.1,6,10844,0.02,0.04,126.6,125.7,94.4,97.6,25.17,25.24,21.06,21.46
106.8,5086,264.6,100,0,0.4,6,10847,0,0.04,126.6,125.7,94.4,97.6,25.17,25.24,21.06,21.46
106.84,5089,264.6,100,0,-0.4,6,10849,-0.03,0.04,126.6,125.7,94.4,97.6,25.17,25.24,21.05,21.45
106.88,5092,264.7,100,0,0.4,6,10851,0,0.04,126.6,125.7,94.4,97.6,25.17,25.24,21.05,21.45
106.92,5095,264.7,100,0,-0.3,6,10854,0.01,0.04,126.6,125.7,94.4,97.6,25.17,25.24,21.05,21.45
106.96,5098,264.8,100,0,0,6,10856,0.03,0.04,126.5,125.6,94.4,97.6,25.17,25.24,21.05,21.45
107,5101,264.8,100,0,0.5,6,10858,-0.02,0.04,126.5,125.6,94.4,97.6,25.16,25.23,21.05,21.45
107.04,5104,264.9,100,0,-0.9,6,10861,0.01,0.04,126.5,125.6,94.3,97.5,25.16,25.23,21.05,21.45
107.08,5107,265,100,0,0.4,6,10863,-0.01,0.04,126.5,125.6,94.3,97.5,25.16,25.23,21.05,21.45
107.12,5110,265,100,0,0.2,6,10865,0.04,0.04,126.5,125.6,94.3,97.5,25.16,25.23,21.05,21.45
107.16,5113,265.1,100,0,0.5,6,10868,-0.03,0.04,126.5,125.6,94.3,97.5,25.16,25.23,21.05,21.45
107.2,5116,265.1,100,0,-0.1,6,10870,0.01,0.04,126.5,125.6,94.3,97.5,25.16,25.23,21.05,21.45
107.24,5119,265.2,100,0,0.2,6,10873,-0.02,0.04,126.5,125.6,94.3,97.5,25.16,25.23,21.05,21.45
107.28,5121,265.2,100,0,0.3,6,10875,0.03,0.04,126.4,125.5,94.3,97.5,25.16,25.23,21.05,21.45
107.32,5124,265.3,100,0,0.2,6,10877,-0.03,0.04,126.4,125.5,94.3,97.5,25.16,25.23,21.04,21.44
107.36,5127,265.4,100,0,-0.3,6,10880,0.05,0.04,126.4,125.5,94.2,97.4,25.16,25.23,21.04,21.44
107.4,5130,265.4,100,0,-0.3,6,10882,0,0.04,126.4,125.5,94.2,97.4,25.16,25.23,21.04,21.44
107.44,5133,265.5,100,0,-0.1,6,10884,-0.03,0.04,126.4,125.5,94.2,97.4,25.15,25.22,21.04,21.44
107.48,5136,265.5,100,0,0.1,6,10887,-0.01,0.04,126.4,125.5,94.2,97.4,25.15,25.22,21.04,21.44
107.52,5139,265.6,100,0,0,6,10889,-0.02,0.04,126.4,125.5,94.2,97.4,25.15,25.22,21.04,21.44
107.56,5142,265.6,100,0,-0.1,6,10891,-0.03,0.04,126.4,125.5,94.2,97.4,25.15,25.22,21.04,21.44
107.6,5145,265.7,100,0,0.1,6,10894,-0.02,0.04,126.3,125.4,94.2,97.4,25.15,25.22,21.04,21.44
107.64,5148,265.8,100,0,-0.1,6,10896,-0.02,0.04,126.3,125.4,94.2,97.4,25.15,25.22,21.04,21.44
107.68,5151,265.8,100,0,0,6,10899,0,0.04,126.3,125.4,94.1,97.3,25.15,25.22,21.04,21.44
107.72,5154,265.9,100,0,0,6,10901,-0.01,0.04,126.3,125.4,94.1,97.3,25.15,25.22,21.04,21.44
107.76,5157,265.9,100,0,-0.4,6,10903,0,0.04,126.3,125.4,94.1,97.3,25.15,25.22,21.03,21.43
107.8,5160,266,100,0,-0.5,6,10906,0.01,0.04,126.3,125.4,94.1,97.3,25.15,25.22,21.03,21.43
107.84,5163,266,100,0,-0.1,6,10908,-0.01,0.04,126.3,125.4,94.1,97.3,25.15,25.22,21.03,21.43
107.88,5166,266.1,100,0,0.1,6,10910,-0.02,0.04,126.3,125.4,94.1,97.3,25.14,25.21,21.03,21.43
107.92,5169,266.2,100,0,0,6,10913,-0.02,0.04,126.3,125.4,94.1,97.3,25.14,25.21,21.03,21.43
107.96,5172,266.2,100,0,-0.7,6,10915,-0.02,0.04,126.2,125.3,94.1,97.3,25.14,25.21,21.03,21.43
108,5175,265.6,0,10,-0.7,6,10889,0,-4.2,126.4,125.4,94.1,97.3,25.15,25.22,21.03,21.43
108.04,5178,264.2,0,21,-0.2,6,10834,0,-4.2,126.5,125.4,94.1,97.3,25.16,25.22,21.03,21.43
108.08,5181,262.2,0,32,-1.3,6,10750,0,-4.2,126.6,125.5,94.1,97.3,25.17,25.22,21.03,21.43
108.12,5183,259.4,0,43,0.1,6,10637,0,-4.2,126.7,125.5,94.1,97.3,25.18,25.23,21.03,21.43
108.16,5186,256,0,54,-0.9,6,10495,0,-4.2,126.8,125.5,94.1,97.3,25.19,25.23,21.03,21.43
108.2,5189,251.8,0,65,-0.3,6,10325,0,-4.2,127,125.6,94.1,97.3,25.2,25.23,21.03,21.43
108.24,5192,247,0,75,-2.3,5,11857,0,-4.2,127.1,125.6,94.1,97.3,25.21,25.23,21.03,21.43
108.28,5195,241.5,0,86,0.8,5,11593,0,-4.2,127.2,125.7,94.1,97.3,25.22,25.24,21.03,21.43
108.32,5197,235.4,0,95,-0.3,5,11301,0,-4.2,127.3,125.7,94.1,97.3,25.22,25.24,21.03,21.43
108.36,5200,229.4,0,95,0.5,5,11009,0,-4.2,127.4,125.7,94.1,97.3,25.23,25.24,21.03,21.43
108.4,5203,223.3,0,95,-0.1,5,10717,0,-4.2,127.6,125.8,94.1,97.3,25.24,25.25,21.03,21.43
108.44,5205,217.2,0,95,-0.3,5,10425,0,-4.2,127.7,125.8,94.1,97.3,25.25,25.25,21.03,21.43
108.48,5207,211.1,0,95,-1.1,5,10134,0,-4.2,127.8,125.9,94.1,97.3,25.26,25.25,21.03,21.43
108.52,5210,205,0,95,-0.1,4,11892,0,-4.2,127.9,125.9,94.1,97.3,25.27,25.26,21.03,21.43
108.56,5212,199,0,95,0.2,4,11540,0,-4.2,128,125.9,94.1,97.3,25.28,25.26,21.03,21.43
108.6,5214,192.9,0,95,0.2,4,11187,0,-4.2,128.2,126,94.1,97.3,25.29,25.26,21.03,21.43
108.64,5216,191.5,0,95,0,4,11107,0,-4.2,128.3,126,94.1,97.3,25.3,25.26,21.03,21.43
108.68,5219,191.5,0,95,0.4,4,11107,0,-4.2,128.4,126.1,94.1,97.3,25.31,25.27,21.03,21.43
108.72,5221,191.5,0,95,0.5,4,11107,0,-4.2,128.5,126.1,94.1,97.3,25.31,25.27,21.03,21.43
108.76,5223,191.5,0,95,-0.1,4,11107,0,-4.2,128.6,126.1,94.1,97.3,25.32,25.27,21.03,21.43
108.8,5225,191.5,0,95,-1.4,4,11107,0,-4.2,128.8,126.2,94.1,97.3,25.33,25.28,21.03,21.43
108.84,5227,191.5,0,95,-1.4,4,11107,0,-4.2,128.9,126.2,94.1,97.3,25.34,25.28,21.03,21.43
108.88,5229,191.5,0,95,-0.5,4,11107,0,-4.2,129,126.3,94.1,97.3,25.35,25.28,21.03,21.43
108.92,5231,191.5,0,95,-0.2,4,11107,0,-4.2,129.1,126.3,94.1,97.3,25.36,25.29,21.03,21.43
108.96,5233,191.5,0,95,-0.2,4,11107,0,-4.2,129.2,126.3,94.1,97.3,25.37,25.29,21.03,21.43
109,5236,191.5,0,95,0.4,4,11107,0,-4.2,129.4,126.4,94.1,97.3,25.38,25.29,21.03,21.43
109.04,5238,191.5,0,95,-0.4,4,11107,0,-4.2,129.5,126.4,94.1,97.3,25.39,25.29,21.03,21.43
109.08,5240,191.5,0,95,-0.2,4,11107,0,-4.2,129.6,126.5,94.1,97.3,25.4,25.3,21.03,21.43
109.12,5242,191.5,0,95,-0.2,4,11107,0,-4.2,129.7,126.5,94.1,97.3,25.4,25.3,21.03,21.43
109.16,5244,191.5,0,95,0.1,4,11107,0,-4.2,129.8,126.5,94.1,97.3,25.41,25.3,21.03,21.43
109.2,5246,191.5,0,95,-1.3,4,11107,0,-4.2,130,126.6,94.1,97.3,25.42,25.31,21.03,21.43
109.24,5248,191.5,0,94,0.2,4,11107,0.03,-1.39,130.1,126.6,94.1,97.3,25.43,25.31,21.03,21.43
109.28,5250,191.5,0,91,2.8,4,11107,0.11,-1.36,130.2,126.7,94.1,97.3,25.44,25.31,21.03,21.43
109.32,5253,191.5,0,88,4.3,4,11107,0.19,-1.32,130.3,126.7,94.1,97.3,25.45,25.32,21.03,21.43
109.36,5255,191.5,0,85,5.5,4,11107,0.27,-1.29,130.4,126.7,94.1,97.3,25.46,25.32,21.03,21.43
109.4,5257,191.5,0,82,7.6,4,11107,0.35,-1.26,130.6,126.8,94.1,97.3,25.47,25.32,21.03,21.43
109.44,5259,191.5,0,79,9.3,4,11107,0.43,-1.23,130.7,126.8,94.1,97.3,25.48,25.32,21.03,21.43
109.48,5261,191.5,0,76,10.4,4,11107,0.51,-1.2,130.8,126.9,94.1,97.3,25.49,25.33,21.03,21.43
109.52,5263,191.5,0,73,12.8,4,11107,0.6,-1.16,130.9,126.9,94.1,97.3,25.49,25.33,21.03,21.43
109.56,5265,191.5,0,70,14.7,4,11107,0.68,-1.13,131,126.9,94.1,97.3,25.5,25.33,21.03,21.43
109.6,5267,191.5,0,68,16.2,4,11107,0.76,-1.1,131.2,127,94.1,97.3,25.51,25.34,21.03,21.43
109.64,5270,191.5,0,65,18.1,4,11107,0.84,-1.07,131.3,127,94.1,97.3,25.52,25.34,21.03,21.43
109.68,5272,191.5,0,62,20.4,4,11107,0.92,-1.03,131.4,127.1,94.1,97.3,25.53,25.34,21.03,21.43
109.72,5274,191.5,0,59,20.9,4,11107,1,-1,131.5,127.1,94.1,97.3,25.54,25.35,21.03,21.43
109.76,5276,191.5,0,57,22.8,4,11107,1.08,-0.97,131.6,127.1,94.1,97.3,25.55,25.35,21.03,21.43
109.8,5278,191.5,0,54,24.9,4,11107,1.16,-0.94,131.8,127.2,94.1,97.3,25.56,25.35,21.03,21.43
109.84,5280,191.5,0,52,26.1,4,11107,1.24,-0.91,131.9,127.2,94.1,97.3,25.57,25.35,21.03,21.43
109.88,5282,191.5,0,49,27.9,4,11107,1.32,-0.87,132,127.3,94.1,97.3,25.58,25.36,21.03,21.43
109.92,5285,191.5,0,47,28.9,4,11107,1.41,-0.84,132.1,127.3,94.1,97.3,25.58,25.36,21.03,21.43
109.96,5287,191.5,0,44,30.6,4,11107,1.49,-0.81,132.2,127.3,94.1,97.3,25.59,25.36,21.03,21.43
110,5289,191.5,0,42,31.9,4,11107,1.57,-0.78,132.4,127.4,94.1,97.3,25.6,25.37,21.03,21.43
110.04,5291,191.5,0,39,33,4,11107,1.65,-0.74,132.5,127.4,94.1,97.3,25.61,25.37,21.03,21.43
110.08,5293,191.5,0,37,34.3,4,11107,1.73,-0.71,132.6,127.5,94.1,97.3,25.62,25.37,21.03,21.43
110.12,5295,191.5,0,35,35.9,4,11107,1.81,-0.68,132.7,127.5,94.1,97.3,25.63,25.38,21.03,21.43
110.16,5297,191.5,0,32,36.6,4,11107,1.89,-0.65,132.8,127.5,94.1,97.3,25.64,25.38,21.03,21.43
110.2,5299,191.5,0,30,38.1,4,11107,1.97,-0.61,133,127.6,94.1,97.3,25.65,25.38,21.03,21.43
110.24,5302,191.5,0,28,40.4,4,11107,2.05,-0.58,133.1,127.6,94.1,97.3,25.66,25.38,21.03,21.43
110.28,5304,191.5,0,26,39.9,4,11107,2.13,-0.55,133.2,127.7,94.1,97.3,25.67,25.39,21.03,21.43
110.32,5306,191.5,0,24,41,4,11107,2.22,-0.52,133.3,127.7,94.1,97.3,25.67,25.39,21.03,21.43
110.36,5308,191.5,0,22,43.1,4,11107,2.3,-0.49,133.4,127.7,94.1,97.3,25.68,25.39,21.03,21.43
110.4,5310,191.5,0,20,44.7,4,11107,2.38,-0.45,133.6,127.8,94.1,97.3,25.69,25.4,21.03,21.43
110.44,5312,191.5,0,18,44.3,4,11107,2.46,-0.42,133.7,127.8,94.1,97.3,25.7,25.4,21.03,21.43
110.48,5314,191.5,0,16,45.4,4,11107,2.54,-0.39,133.8,127.9,94.1,97.3,25.71,25.4,21.03,21.43
110.52,5316,191.5,0,14,45.4,4,11107,2.62,-0.36,133.9,127.9,94.1,97.3,25.72,25.41,21.03,21.43
110.56,5319,191.5,0,12,46,4,11107,2.7,-0.32,134,127.9,94.1,97.3,25.73,25.41,21.03,21.43
110.6,5321,191.5,0,11,47.4,4,11107,2.78,-0.29,134.2,128,94.1,97.3,25.74,25.41,21.03,21.43
110.64,5323,191.5,0,9,47.4,4,11107,2.86,-0.26,134.3,128,94.1,97.3,25.75,25.41,21.03,21.43
110.68,5325,191.5,0,7,47.3,4,11107,2.94,-0.23,134.4,128.1,94.1,97.3,25.76,25.42,21.03,21.43
110.72,5327,191.5,0,6,48,4,11107,3.03,-0.2,134.5,128.1,94.1,97.3,25.76,25.42,21.03,21.43
110.76,5329,191.5,0,5,48.9,4,11107,3.11,-0.16,134.6,128.1,94.1,97.3,25.77,25.42,21.03,21.43
110.8,5331,191.5,0,3,48.9,4,11107,3.19,-0.13,134.8,128.2,94.1,97.3,25.78,25.43,21.03,21.43
110.84,5333,191.5,0,2,48.9,4,11107,3.27,-0.1,134.9,128.2,94.1,97.3,25.79,25.43,21.03,21.43
110.88,5336,191.5,0,1,49.8,4,11107,3.35,-0.07,135,128.3,94.1,97.3,25.8,25.43,21.03,21.43
110.92,5338,191.5,0,1,49.9,4,11107,3.43,-0.03,135.1,128.3,94.1,97.3,25.81,25.44,21.03,21.43
110.96,5340,191.5,0,0,49.4,4,11107,3.51,0,135.2,128.3,94.1,97.3,25.82,25.44,21.03,21.43
111,5342,191.5,3,0,48.8,4,11107,3.36,0.01,135.2,128.3,94.1,97.3,25.82,25.44,21.03,21.43
111.04,5344,191.5,5,0,48.2,4,11107,3.32,0.02,135.2,128.3,94.1,97.3,25.82,25.44,21.04,21.44
111.08,5346,191.5,7,0,47.3,4,11108,3.28,0.03,135.2,128.3,94.2,97.4,25.82,25.44,21.04,21.44
111.12,5348,191.5,9,0,46.8,4,11108,3.24,0.04,135.2,128.3,94.2,97.4,25.82,25.44,21.04,21.44
111.16,5350,191.5,11,0,45.7,4,11109,3.2,0.05,135.2,128.3,94.2,97.4,25.82,25.44,21.04,21.44
111.2,5353,191.5,12,0,45.4,4,11109,3.17,0.06,135.2,128.3,94.3,97.5,25.82,25.44,21.05,21.45
111.24,5355,191.5,14,0,45.2,4,11110,3.13,0.07,135.2,128.3,94.3,97.5,25.82,25.44,21.05,21.45
111.28,5357,191.6,16,0,44.3,4,11110,3.09,0.08,135.2,128.3,94.3,97.5,25.82,25.44,21.05,21.45
111.32,5359,191.6,18,0,43.6,4,11111,3.05,0.08,135.2,128.3,94.4,97.6,25.82,25.44,21.05,21.45
111.36,5361,191.6,19,0,42.2,4,11112,3.01,0.09,135.2,128.3,94.4,97.6,25.82,25.44,21.06,21.46
111.4,5363,191.6,21,0,41.4,4,11113,2.97,0.1,135.2,128.3,94.4,97.6,25.82,25.44,21.06,21.46
111.44,5365,191.6,23,0,41.3,4,11114,2.93,0.11,135.2,128.3,94.5,97.7,25.82,25.44,21.06,21.46
111.48,5368,191.6,24,0,39.9,4,11115,2.89,0.12,135.2,128.3,94.5,97.7,25.82,25.44,21.06,21.46
111.52,5370,191.7,26,0,39.1,4,11116,2.85,0.13,135.2,128.3,94.6,97.8,25.82,25.44,21.07,21.47
111.56,5372,191.7,27,0,38.5,4,11117,2.81,0.14,135.2,128.3,94.6,97.8,25.82,25.44,21.07,21.47
111.6,5374,191.7,29,0,38.2,4,11119,2.77,0.15,135.2,128.3,94.6,97.8,25.82,25.44,21.07,21.47
111.64,5376,191.7,30,0,37.2,4,11120,2.73,0.16,135.2,128.3,94.7,97.9,25.82,25.44,21.07,21.47
111.68,5378,191.7,32,0,36.7,4,11121,2.69,0.17,135.2,128.3,94.7,97.9,25.82,25.44,21.08,21.48
111.72,5380,191.8,33,0,36.1,4,11123,2.65,0.18,135.2,128.3,94.7,97.9,25.82,25.44,21.08,21.48
111.76,5382,191.8,35,0,34.6,4,11124,2.61,0.19,135.2,128.3,94.8,98,25.82,25.44,21.08,21.48
111.8,5385,191.8,36,0,34.5,4,11126,2.57,0.2,135.2,128.3,94.8,98,25.82,25.44,21.08,21.48
111.84,5387,191.9,38,0,34.1,4,11128,2.53,0.21,135.2,128.3,94.8,98,25.82,25.44,21.09,21.49
111.88,5389,191.9,39,0,33.7,4,11129,2.49,0.22,135.2,128.3,94.9,98.1,25.82,25.44,21.09,21.49
111.92,5391,191.9,41,0,33.3,4,11131,2.45,0.23,135.2,128.3,94.9,98.1,25.82,25.44,21.09,21.49
111.96,5393,191.9,42,0,31.6,4,11133,2.41,0.24,135.2,128.3,94.9,98.1,25.82,25.44,21.1,21.5
112,5395,192,44,0,31.3,4,11135,2.37,0.25,135.2,128.3,95,98.2,25.82,25.44,21.1,21.5
112.04,5397,192,45,0,30.8,4,11137,2.33,0.26,135.2,128.3,95,98.2,25.82,25.44,21.1,21.5
112.08,5399,192,47,0,29.7,4,11139,2.29,0.26,135.2,128.3,95,98.2,25.82,25.44,21.1,21.5
112.12,5402,192.1,48,0,28.5,4,11141,2.25,0.27,135.2,128.3,95.1,98.3,25.82,25.44,21.11,21.51
112.16,5404,192.1,49,0,28.1,4,11143,2.21,0.28,135.2,128.3,95.1,98.3,25.82,25.44,21.11,21.51
112.2,5406,192.2,51,0,27.3,4,11145,2.17,0.29,135.2,128.3,95.1,98.3,25.82,25.44,21.11,21.51
112.24,5408,192.2,52,0,25.7,4,11148,2.13,0.3,135.2,128.3,95.2,98.4,25.82,25.44,21.11,21.51
112.28,5410,192.2,54,0,25.5,4,11150,2.09,0.31,135.2,128.3,95.2,98.4,25.82,25.44,21.12,21.52
112.32,5412,192.3,55,0,24.8,4,11152,2.05,0.32,135.2,128.3,95.3,98.5,25.82,25.44,21.12,21.52
112.36,5414,192.3,56,0,24.9,4,11155,2.01,0.33,135.2,128.3,95.3,98.5,25.82,25.44,21.12,21.52
112.4,5417,192.4,58,0,24.3,4,11157,1.97,0.34,135.2,128.3,95.3,98.5,25.82,25.44,21.12,21.52
112.44,5419,192.4,59,0,22.5,4,11160,1.93,0.35,135.2,128.3,95.4,98.6,25.82,25.44,21.13,21.53
112.48,5421,192.5,61,0,22.2,4,11163,1.89,0.36,135.2,128.3,95.4,98.6,25.82,25.44,21.13,21.53
112.52,5423,192.5,62,0,21.8,4,11165,1.85,0.37,135.2,128.3,95.4,98.6,25.82,25.44,21.13,21.53
112.56,5425,192.6,63,0,20.6,4,11168,1.81,0.38,135.2,128.3,95.5,98.7,25.82,25.44,21.13,21.53
112.6,5427,192.6,65,0,20.4,4,11171,1.77,0.39,135.2,128.3,95.5,98.7,25.82,25.44,21.14,21.54
112.64,5429,192.7,66,0,18.5,4,11174,1.73,0.4,135.2,128.3,95.5,98.7,25.82,25.44,21.14,21.54
112.68,5432,192.7,67,0,19.5,4,11177,1.69,0.41,135.2,128.3,95.6,98.8,25.82,25.44,21.14,21.54
112.72,5434,192.8,69,0,17.6,4,11180,1.65,0.42,135.2,128.3,95.6,98.8,25.82,25.44,21.15,21.55
112.76,5436,192.8,70,0,17.3,4,11183,1.61,0.43,135.2,128.3,95.6,98.8,25.82,25.44,21.15,21.55
112.8,5438,192.9,71,0,16,4,11186,1.58,0.44,135.2,128.3,95.7,98.9,25.82,25.44,21.15,21.55
112.84,5440,192.9,73,0,15.6,4,11189,1.54,0.45,135.2,128.3,95.7,98.9,25.82,25.44,21.15,21.55
112.88,5442,193,74,0,15.7,4,11192,1.5,0.46,135.2,128.3,95.7,98.9,25.82,25.44,21.16,21.56
112.92,5444,193,75,0,14.5,4,11196,1.46,0.46,135.2,128.3,95.8,99,25.82,25.44,21.16,21.56
112.96,5447,193.1,76,0,13.3,4,11199,1.42,0.47,135.2,128.3,95.8,99,25.82,25.44,21.16,21.56
113,5449,193.1,78,0,12.5,4,11202,1.38,0.48,135.2,128.3,95.8,99,25.82,25.44,21.16,21.56
113.04,5451,193.2,79,0,11.4,4,11206,1.34,0.49,135.2,128.3,95.9,99.1,25.82,25.44,21.17,21.57
113.08,5453,193.3,80,0,11.4,4,11209,1.3,0.5,135.2,128.3,95.9,99.1,25.82,25.44,21.17,21.57
113.12,5455,193.3,82,0,10.3,4,11213,1.26,0.51,135.2,128.3,96,99.2,25.82,25.44,21.17,21.57
113.16,5457,193.4,83,0,9.5,4,11216,1.22,0.52,135.2,128.3,96,99.2,25.82,25.44,21.17,21.57
113.2,5459,193.5,84,0,8.6,4,11220,1.18,0.53,135.2,128.3,96,99.2,25.82,25.44,21.18,21.58
113.24,5462,193.5,86,0,8.1,4,11224,1.14,0.54,135.2,128.3,96.1,99.3,25.82,25.44,21.18,21.58
113.28,5464,193.6,87,0,7.8,4,11228,1.1,0.55,135.2,128.3,96.1,99.3,25.82,25.44,21.18,21.58
113.32,5466,193.6,88,0,6.5,4,11231,1.06,0.56,135.2,128.3,96.1,99.3,25.82,25.44,21.18,21.58
113.36,5468,193.7,89,0,6.8,4,11235,1.02,0.57,135.2,128.3,96.2,99.4,25.82,25.44,21.19,21.59
113.4,5470,193.8,91,0,5,4,11239,0.97,0.58,135.2,128.3,96.2,99.4,25.82,25.44,21.19,21.59
113.44,5472,193.8,92,0,4.9,4,11243,0.93,0.59,135.2,128.3,96.2,99.4,25.82,25.44,21.19,21.59
113.48,5474,193.9,93,0,4.1,4,11247,0.89,0.6,135.2,128.3,96.3,99.5,25.82,25.44,21.2,21.6
113.52,5477,194,95,0,3.3,4,11251,0.85,0.61,135.2,128.3,96.3,99.5,25.82,25.44,21.2,21.6
113.56,5479,194.1,96,0,2.4,4,11256,0.81,0.62,135.2,128.3,96.3,99.5,25.82,25.44,21.2,21.6
113.6,5481,194.1,97,0,2.1,4,11260,0.77,0.63,135.2,128.3,96.4,99.6,25.82,25.44,21.2,21.6
113.64,5483,194.2,98,0,1.6,4,11264,0.73,0.64,135.2,128.3,96.4,99.6,25.82,25.44,21.21,21.61
113.68,5485,194.3,100,0,0.2,4,11268,0.69,0.65,135.2,128.3,96.4,99.6,25.82,25.44,21.21,21.61
113.72,5487,194.3,100,0,0.1,4,11272,-0.01,0.04,135.2,128.3,96.4,99.6,25.82,25.44,21.21,21.61
113.76,5490,194.4,100,0,0.1,4,11275,-0.02,0.04,135.2,128.3,96.4,99.6,25.82,25.44,21.21,21.61
113.8,5492,194.5,100,0,-0.5,4,11278,0.02,0.04,135.2,128.3,96.4,99.6,25.82,25.44,21.21,21.61
113.84,5494,194.5,100,0,0.4,4,11282,-0.02,0.04,135.2,128.3,96.4,99.6,25.81,25.43,21.2,21.6
113.88,5496,194.6,100,0,-1,4,11285,0.01,0.04,135.2,128.3,96.4,99.6,25.81,25.43,21.2,21.6
113.92,5498,194.6,100,0,0.4,4,11288,-0.02,0.04,135.2,128.3,96.4,99.6,25.81,25.43,21.2,21.6
113.96,5500,194.7,100,0,0.4,4,11292,0.03,0.04,135.2,128.3,96.4,99.6,25.81,25.43,21.2,21.6
114,5503,194.7,100,0,-0.4,4,11295,-0.03,0.04,135.1,128.2,96.3,99.5,25.81,25.43,21.2,21.6
114.04,5505,194.8,100,0,-0.4,4,11298,-0.01,0.04,135.1,128.2,96.3,99.5,25.81,25.43,21.2,21.6
114.08,5507,194.9,100,0,0.4,4,11302,0,0.04,135.1,128.2,96.3,99.5,25.81,25.43,21.2,21.6
114.12,5509,194.9,100,0,-0.5,4,11305,0.01,0.04,135.1,128.2,96.3,99.5,25.81,25.43,21.2,21.6
114.16,5511,195,100,0,-0.1,4,11309,-0.02,0.04,135.1,128.2,96.3,99.5,25.81,25.43,21.2,21.6
114.2,5513,195,100,0,-0.2,4,11312,0.01,0.04,135.1,128.2,96.3,99.5,25.81,25.43,21.2,21.6
114.24,5516,195.1,100,0,-0.6,4,11315,0.01,0.04,135.1,128.2,96.3,99.5,25.81,25.43,21.2,21.6
114.28,5518,195.1,100,0,-0.2,4,11319,0.03,0.04,135.1,128.2,96.3,99.5,25.8,25.42,21.19,21.59
114.32,5520,195.2,100,0,-0.1,4,11322,0,0.04,135,128.1,96.3,99.5,25.8,25.42,21.19,21.59
114.36,5522,195.3,100,0,-0.3,4,11325,-0.02,0.04,135,128.1,96.2,99.4,25.8,25.42,21.19,21.59
114.4,5524,195.3,100,0,-0.3,4,11329,-0.01,0.04,135,128.1,96.2,99.4,25.8,25.42,21.19,21.59
114.44,5526,195.4,100,0,0,4,11332,0.03,0.04,135,128.1,96.2,99.4,25.8,25.42,21.19,21.59
114.48,5529,195.4,100,0,0.5,4,11335,-0.01,0.04,135,128.1,96.2,99.4,25.8,25.42,21.19,21.59
114.52,5531,195.5,100,0,0.6,4,11339,-0.01,0.04,135,128.1,96.2,99.4,25.8,25.42,21.19,21.59
114.56,5533,195.6,100,0,0.6,4,11342,0.01,0.04,135,128.1,96.2,99.4,25.8,25.42,21.19,21.59
114.6,5535,195.6,100,0,-0.3,4,11345,-0.02,0.04,135,128.1,96.2,99.4,25.8,25.42,21.19,21.59
114.64,5537,195.7,100,0,0,4,11349,-0.03,0.04,135,128.1,96.2,99.4,25.8,25.42,21.19,21.59
114.68,5539,195.7,100,0,-0.6,4,11352,0.01,0.04,134.9,128,96.1,99.3,25.8,25.42,21.19,21.59
114.72,5542,195.8,100,0,-0.3,4,11355,0.03,0.04,134.9,128,96.1,99.3,25.79,25.41,21.18,21.58
114.76,5544,195.8,100,0,0.7,4,11359,0,0.04,134.9,128,96.1,99.3,25.79,25.41,21.18,21.58
114.8,5546,195.9,100,0,-0.1,4,11362,0.01,0.04,134.9,128,96.1,99.3,25.79,25.41,21.18,21.58
114.84,5548,196,100,0,0.2,4,11365,-0.02,0.04,134.9,128,96.1,99.3,25.79,25.41,21.18,21.58
114.88,5550,196,100,0,0.3,4,11369,0.01,0.04,134.9,128,96.1,99.3,25.79,25.41,21.18,21.58
114.92,5552,196.1,100,0,0.9,4,11372,-0.03,0.04,134.9,128,96.1,99.3,25.79,25.41,21.18,21.58
114.96,5555,196.1,100,0,-0.2,4,11375,-0.01,0.04,134.9,128,96.1,99.3,25.79,25.41,21.18,21.58
115,5557,196.2,100,0,-0.2,4,11379,0,0.04,134.8,127.9,96,99.2,25.79,25.41,21.18,21.58
115.04,5559,196.2,100,0,-0.7,4,11382,-0.02,0.04,134.8,127.9,96,99.2,25.79,25.41,21.18,21.58
115.08,5561,196.3,100,0,-0.1,4,11385,0,0.04,134.8,127.9,96,99.2,25.79,25.41,21.18,21.58
115.12,5563,196.4,100,0,-0.3,4,11389,-0.01,0.04,134.8,127.9,96,99.2,25.79,25.41,21.18,21.58
115.16,5566,196.4,100,0,0.2,4,11392,0.01,0.04,134.8,127.9,96,99.2,25.78,25.4,21.17,21.57
115.2,5568,196.5,100,0,0.3,4,11395,0.01,0.04,134.8,127.9,96,99.2,25.78,25.4,21.17,21.57
115.24,5570,196.5,100,0,0.7,4,11399,0,0.04,134.8,127.9,96,99.2,25.78,25.4,21.17,21.57
115.28,5572,196.5,0,1,0.6,4,11395,0,-4.2,134.8,128,96,99.2,25.79,25.41,21.17,21.57
115.32,5574,195.6,0,14,1,4,11343,0,-4.2,134.9,128.1,96,99.2,25.79,25.42,21.17,21.57
115.36,5576,193.9,0,26,0.1,4,11247,0,-4.2,134.9,128.2,96,99.2,25.79,25.43,21.17,21.57
115.4,5579,191.4,0,39,1.1,4,11102,0,-4.2,134.9,128.4,96,99.2,25.79,25.44,21.17,21.57
115.44,5581,188.1,0,52,0.6,4,10909,0,-4.2,135,128.5,96,99.2,25.8,25.45,21.17,21.57
115.48,5583,184,0,64,-0.6,4,10671,0,-4.2,135,128.6,96,99.2,25.8,25.46,21.17,21.57
115.52,5585,179.1,0,76,1.2,4,10389,0,-4.2,135.1,128.7,96,99.2,25.8,25.47,21.17,21.57
115.56,5587,173.5,0,88,0.3,4,10062,0,-4.2,135.1,128.8,96,99.2,25.81,25.47,21.17,21.57
115.6,5589,167.3,0,96,-0.5,3,11714,0,-4.2,135.1,129,96,99.2,25.81,25.48,21.17,21.57
115.64,5591,161.2,0,96,0.1,3,11284,0,-4.2,135.2,129.1,96,99.2,25.81,25.49,21.17,21.57
115.68,5592,155.1,0,96,0.9,3,10854,0,-4.2,135.2,129.2,96,99.2,25.82,25.5,21.17,21.57
115.72,5594,148.9,0,96,0.5,3,10424,0,-4.2,135.3,129.3,96,99.2,25.82,25.51,21.17,21.57
115.76,5596,142.8,0,96,-0.4,3,9994,0,-4.2,135.3,129.4,96,99.2,25.82,25.52,21.17,21.57
115.8,5597,136.6,0,96,0,3,9564,0,-4.2,135.3,129.6,96,99.2,25.82,25.53,21.17,21.57
115.84,5599,130.5,0,96,0.1,2,11482,0,-4.2,135.4,129.7,96,99.2,25.83,25.54,21.17,21.57
115.88,5600,124.3,0,96,-1.5,2,10942,0,-4.2,135.4,129.8,96,99.2,25.83,25.55,21.17,21.57
115.92,5602,118.2,0,96,0.3,2,10401,0,-4.2,135.5,129.9,96,99.2,25.83,25.56,21.17,21.57
115.96,5603,112,0,96,1.1,2,9860,0,-4.2,135.5,130,96,99.2,25.84,25.56,21.17,21.57
116,5604,105.9,0,96,-1,2,9320,0,-4.2,135.5,130.2,96,99.2,25.84,25.57,21.17,21.57
116.04,5605,99.8,0,96,-0.7,2,8779,0,-4.2,135.6,130.3,96,99.2,25.84,25.58,21.17,21.57
116.08,5607,94.5,0,96,-1.7,1,10868,0,-4.2,135.6,130.4,96,99.2,25.85,25.59,21.17,21.57
116.12,5608,94.5,0,96,0.2,1,10868,0,-4.2,135.7,130.5,96,99.2,25.85,25.6,21.17,21.57
116.16,5609,94.5,0,96,1,1,10868,0,-4.2,135.7,130.6,96,99.2,25.85,25.61,21.17,21.57
116.2,5610,94.5,0,96,0,1,10868,0,-4.2,135.7,130.8,96,99.2,25.85,25.62,21.17,21.57
116.24,5611,94.5,0,96,-0.3,1,10868,0,-4.2,135.8,130.9,96,99.2,25.86,25.63,21.17,21.57
116.28,5612,94.5,0,96,-0.5,1,10868,0,-4.2,135.8,131,96,99.2,25.86,25.64,21.17,21.57
116.32,5613,94.5,0,96,-0.4,1,10868,0,-4.2,135.9,131.1,96,99.2,25.86,25.65,21.17,21.57
116.36,5614,94.5,0,96,-1.1,1,10868,0,-4.2,135.9,131.2,96,99.2,25.87,25.65,21.17,21.57
116.4,5615,94.5,0,96,1.5,1,10868,0,-4.2,135.9,131.4,96,99.2,25.87,25.66,21.17,21.57
116.44,5616,94.5,0,96,0.3,1,10868,0,-4.2,136,131.5,96,99.2,25.87,25.67,21.17,21.57
116.48,5617,94.5,0,96,0.9,1,10868,0,-4.2,136,131.6,96,99.2,25.88,25.68,21.17,21.57
116.52,5618,94.5,0,96,1.3,1,10868,0,-4.2,136.1,131.7,96,99.2,25.88,25.69,21.17,21.57
116.56,5619,94.5,0,96,1.7,1,10868,0,-4.2,136.1,131.8,96,99.2,25.88,25.7,21.17,21.57
116.6,5620,94.5,0,96,0.3,1,10868,0,-4.2,136.1,132,96,99.2,25.88,25.71,21.17,21.57
116.64,5621,94.5,0,94,-1.4,1,10868,-0.03,-1.38,136.2,132.1,96,99.2,25.89,25.72,21.17,21.57
116.68,5622,94.5,0,92,-3.6,1,10868,-0.06,-1.36,136.2,132.2,96,99.2,25.89,25.73,21.17,21.57
116.72,5623,94.5,0,90,-6.2,1,10868,-0.1,-1.33,136.3,132.3,96,99.2,25.89,25.74,21.17,21.57
116.76,5624,94.5,0,87,-8.4,1,10868,-0.14,-1.31,136.3,132.4,96,99.2,25.9,25.74,21.17,21.57
116.8,5626,94.5,0,85,-10.3,1,10868,-0.18,-1.28,136.3,132.6,96,99.2,25.9,25.75,21.17,21.57
116.84,5627,94.5,0,83,-12.6,1,10868,-0.22,-1.26,136.4,132.7,96,99.2,25.9,25.76,21.17,21.57
116.88,5628,94.5,0,81,-14.9,1,10868,-0.26,-1.23,136.4,132.8,96,99.2,25.91,25.77,21.17,21.57
116.92,5629,94.5,0,78,-17.2,1,10868,-0.3,-1.21,136.5,132.9,96,99.2,25.91,25.78,21.17,21.57
116.96,5630,94.5,0,76,-18.4,1,10868,-0.34,-1.19,136.5,133,96,99.2,25.91,25.79,21.17,21.57
117,5631,94.5,0,74,-21.2,1,10868,-0.38,-1.16,136.5,133.2,96,99.2,25.91,25.8,21.17,21.57
117.04,5632,94.5,0,72,-24.3,1,10868,-0.41,-1.14,136.6,133.3,96,99.2,25.92,25.81,21.17,21.57
117.08,5633,94.5,0,69,-25.2,1,10868,-0.45,-1.11,136.6,133.4,96,99.2,25.92,25.82,21.17,21.57
117.12,5634,94.5,0,67,-27.9,1,10868,-0.49,-1.09,136.7,133.5,96,99.2,25.92,25.83,21.17,21.57
117.16,5635,94.5,0,65,-29.4,1,10868,-0.53,-1.06,136.7,133.6,96,99.2,25.93,25.83,21.17,21.57
117.2,5636,94.5,0,63,-31.6,1,10868,-0.57,-1.04,136.7,133.8,96,99.2,25.93,25.84,21.17,21.57
117.24,5637,94.5,0,61,-33.3,1,10868,-0.61,-1.01,136.8,133.9,96,99.2,25.93,25.85,21.17,21.57
117.28,5638,94.5,0,59,-35.5,1,10868,-0.65,-0.99,136.8,134,96,99.2,25.94,25.86,21.17,21.57
117.32,5639,94.5,0,57,-38,1,10868,-0.69,-0.96,136.9,134.1,96,99.2,25.94,25.87,21.17,21.57
117.36,5640,94.5,0,55,-39.7,1,10868,-0.72,-0.94,136.9,134.2,96,99.2,25.94,25.88,21.17,21.57
117.4,5641,94.5,0,53,-41,1,10868,-0.76,-0.91,136.9,134.4,96,99.2,25.94,25.89,21.17,21.57
117.44,5642,94.5,0,51,-42.9,1,10868,-0.8,-0.89,137,134.5,96,99.2,25.95,25.9,21.17,21.57
117.48,5643,94.5,0,49,-44.6,1,10868,-0.84,-0.86,137,134.6,96,99.2,25.95,25.91,21.17,21.57
117.52,5644,94.5,0,47,-46.6,1,10868,-0.88,-0.84,137.1,134.7,96,99.2,25.95,25.92,21.17,21.57
117.56,5645,94.5,0,45,-49.3,1,10868,-0.92,-0.81,137.1,134.8,96,99.2,25.96,25.92,21.17,21.57
117.6,5647,94.5,0,43,-49.9,1,10868,-0.96,-0.79,137.1,135,96,99.2,25.96,25.93,21.17,21.57
117.64,5648,94.5,0,41,-52.8,1,10868,-1,-0.76,137.2,135.1,96,99.2,25.96,25.94,21.17,21.57
117.68,5649,94.5,0,39,-53.9,1,10868,-1.03,-0.74,137.2,135.2,96,99.2,25.97,25.95,21.17,21.57
117.72,5650,94.5,0,37,-55.9,1,10868,-1.07,-0.72,137.3,135.3,96,99.2,25.97,25.96,21.17,21.57
117.76,5651,94.5,0,36,-57.1,1,10868,-1.11,-0.69,137.3,135.4,96,99.2,25.97,25.97,21.17,21.57
117.8,5652,94.5,0,34,-58.9,1,10868,-1.15,-0.67,137.3,135.6,96,99.2,25.97,25.98,21.17,21.57
117.84,5653,94.5,0,32,-60.3,1,10868,-1.19,-0.64,137.4,135.7,96,99.2,25.98,25.99,21.17,21.57
117.88,5654,94.5,0,30,-61,1,10868,-1.23,-0.62,137.4,135.8,96,99.2,25.98,26,21.17,21.57
117.92,5655,94.5,0,29,-63.9,1,10868,-1.27,-0.59,137.5,135.9,96,99.2,25.98,26.01,21.17,21.57
117.96,5656,94.5,0,27,-63.8,1,10868,-1.31,-0.57,137.5,136,96,99.2,25.99,26.01,21.17,21.57
118,5657,94.5,0,25,-66,1,10868,-1.35,-0.54,137.5,136.2,96,99.2,25.99,26.02,21.17,21.57
118.04,5658,94.5,0,24,-66.7,1,10868,-1.38,-0.52,137.6,136.3,96,99.2,25.99,26.03,21.17,21.57
118.08,5659,94.5,0,22,-68.2,1,10868,-1.42,-0.49,137.6,136.4,96,99.2,26,26.04,21.17,21.57
118.12,5660,94.5,0,21,-69.8,1,10868,-1.46,-0.47,137.7,136.5,96,99.2,26,26.05,21.17,21.57
118.16,5661,94.5,0,19,-71.1,1,10868,-1.5,-0.44,137.7,136.6,96,99.2,26,26.06,21.17,21.57
118.2,5662,94.5,0,18,-70.8,1,10868,-1.54,-0.42,137.7,136.8,96,99.2,26,26.07,21.17,21.57
118.24,5663,94.5,0,16,-72.2,1,10868,-1.58,-0.39,137.8,136.9,96,99.2,26.01,26.08,21.17,21.57
118.28,5664,94.5,0,15,-73.3,1,10868,-1.62,-0.37,137.8,137,96,99.2,26.01,26.09,21.17,21.57
118.32,5665,94.5,0,13,-74,1,10868,-1.66,-0.34,137.9,137.1,96,99.2,26.01,26.1,21.17,21.57
118.36,5666,94.5,0,12,-75.1,1,10868,-1.69,-0.32,137.9,137.2,96,99.2,26.02,26.1,21.17,21.57
118.4,5668,94.5,0,11,-76.2,1,10868,-1.73,-0.29,137.9,137.4,96,99.2,26.02,26.11,21.17,21.57
118.44,5669,94.5,0,10,-77.3,1,10868,-1.77,-0.27,138,137.5,96,99.2,26.02,26.12,21.17,21.57
118.48,5670,94.5,0,8,-76.3,1,10868,-1.81,-0.25,138,137.6,96,99.2,26.03,26.13,21.17,21.57
118.52,5671,94.5,0,7,-76.5,1,10868,-1.85,-0.22,138.1,137.7,96,99.2,26.03,26.14,21.17,21.57
118.56,5672,94.5,0,6,-78.9,1,10868,-1.89,-0.2,138.1,137.8,96,99.2,26.03,26.15,21.17,21.57
118.6,5673,94.5,0,5,-78.6,1,10868,-1.93,-0.17,138.1,138,96,99.2,26.03,26.16,21.17,21.57
118.64,5674,94.5,0,4,-79.1,1,10868,-1.97,-0.15,138.2,138.1,96,99.2,26.04,26.17,21.17,21.57
118.68,5675,94.5,0,3,-79.2,1,10868,-2,-0.12,138.2,138.2,96,99.2,26.04,26.18,21.17,21.57
118.72,5676,94.5,0,2,-80.3,1,10868,-2.04,-0.1,138.3,138.3,96,99.2,26.04,26.19,21.17,21.57
118.76,5677,94.5,0,2,-79.9,1,10868,-2.08,-0.07,138.3,138.4,96,99.2,26.05,26.19,21.17,21.57
118.8,5678,94.5,0,1,-79.9,1,10868,-2.12,-0.05,138.3,138.6,96,99.2,26.05,26.2,21.17,21.57
118.84,5679,94.5,0,0,-79.1,1,10868,-2.16,-0.02,138.4,138.7,96,99.2,26.05,26.21,21.17,21.57
118.88,5680,94.5,0,0,-79.9,1,10868,-3.4,0,138.4,138.7,96,99.2,26.05,26.21,21.18,21.58
118.92,5681,94.5,3,0,-79.3,1,10868,-3.36,0.01,138.4,138.7,96,99.2,26.05,26.21,21.18,21.58
118.96,5682,94.5,4,0,-78.7,1,10869,-3.33,0.02,138.4,138.7,96.1,99.3,26.05,26.21,21.18,21.58
119,5683,94.5,6,0,-77.9,1,10870,-3.3,0.02,138.4,138.7,96.1,99.3,26.05,26.21,21.18,21.58
119.04,5684,94.5,8,0,-76.5,1,10871,-3.26,0.03,138.4,138.7,96.2,99.4,26.05,26.21,21.19,21.59
119.08,5685,94.5,9,0,-75.7,1,10873,-3.23,0.04,138.4,138.7,96.2,99.4,26.05,26.21,21.19,21.59
119.12,5686,94.6,11,0,-74.5,1,10875,-3.2,0.05,138.4,138.7,96.2,99.4,26.05,26.21,21.19,21.59
119.16,5687,94.6,13,0,-73.6,1,10877,-3.16,0.06,138.4,138.7,96.3,99.5,26.05,26.21,21.19,21.59
119.2,5689,94.6,14,0,-72.5,1,10880,-3.13,0.06,138.4,138.7,96.3,99.5,26.05,26.21,21.2,21.6
119.24,5690,94.6,15,0,-71.6,1,10882,-3.1,0.07,138.4,138.7,96.3,99.5,26.05,26.21,21.2,21.6
119.28,5691,94.7,17,0,-70.3,1,10885,-3.06,0.08,138.4,138.7,96.4,99.6,26.05,26.21,21.2,21.6
119.32,5692,94.7,18,0,-69.6,1,10888,-3.03,0.09,138.4,138.7,96.4,99.6,26.05,26.21,21.2,21.6
119.36,5693,94.7,20,0,-68.7,1,10892,-3,0.1,138.4,138.7,96.4,99.6,26.05,26.21,21.21,21.61
119.4,5694,94.7,21,0,-67.5,1,10896,-2.96,0.1,138.4,138.7,96.5,99.7,26.05,26.21,21.21,21.61
119.44,5695,94.8,22,0,-66.5,1,10899,-2.93,0.11,138.4,138.7,96.5,99.7,26.05,26.21,21.21,21.61
119.48,5696,94.8,24,0,-65.5,1,10904,-2.9,0.12,138.4,138.7,96.5,99.7,26.05,26.21,21.22,21.62
119.52,5697,94.9,25,0,-64.4,1,10908,-2.86,0.13,138.4,138.7,96.6,99.8,26.05,26.21,21.22,21.62
119.56,5698,94.9,26,0,-63.6,1,10913,-2.83,0.14,138.4,138.7,96.6,99.8,26.05,26.21,21.22,21.62
119.6,5699,94.9,28,0,-62.9,1,10918,-2.8,0.14,138.4,138.7,96.6,99.8,26.05,26.21,21.22,21.62
119.64,5700,95,29,0,-61.6,1,10923,-2.76,0.15,138.4,138.7,96.7,99.9,26.05,26.21,21.23,21.63
119.68,5701,95,30,0,-61,2,8362,-2.73,0.16,138.4,138.7,96.7,99.9,26.05,26.21,21.23,21.63
119.72,5702,95.1,32,0,-59.7,2,8367,-2.7,0.17,138.4,138.7,96.7,99.9,26.05,26.21,21.23,21.63
119.76,5703,95.1,33,0,-58.1,2,8371,-2.66,0.18,138.4,138.7,96.8,100,26.05,26.21,21.23,21.63
119.8,5704,95.2,34,0,-57.4,2,8376,-2.63,0.18,138.4,138.7,96.8,100,26.05,26.21,21.24,21.64
119.84,5705,95.2,35,0,-56,2,8380,-2.6,0.19,138.4,138.7,96.9,100.1,26.05,26.21,21.24,21.64
119.88,5706,95.3,37,0,-55.7,2,8385,-2.56,0.2,138.4,138.7,96.9,100.1,26.05,26.21,21.24,21.64
119.92,5707,95.3,38,0,-54.6,2,8390,-2.53,0.21,138.4,138.7,96.9,100.1,26.05,26.21,21.24,21.64
119.96,5709,95.4,39,0,-53.2,2,8396,-2.5,0.22,138.4,138.7,97,100.2,26.05,26.21,21.25,21.65
120,5710,95.5,40,0,-52,2,8401,-2.46,0.22,138.4,138.7,97,100.2,26.05,26.21,21.25,21.65
120.04,5711,95.5,42,0,-51.6,2,8406,-2.43,0.23,138.4,138.7,97,100.2,26.05,26.21,21.25,21.65
120.08,5712,95.6,43,0,-51.1,2,8412,-2.4,0.24,138.4,138.7,97.1,100.3,26.05,26.21,21.25,21.65
120.12,5713,95.7,44,0,-49.3,2,8418,-2.36,0.25,138.4,138.7,97.1,100.3,26.05,26.21,21.26,21.66
120.16,5714,95.7,45,0,-49.2,2,8424,-2.33,0.26,138.4,138.7,97.1,100.3,26.05,26.21,21.26,21.66
120.2,5715,95.8,46,0,-47.4,2,8430,-2.3,0.26,138.4,138.7,97.2,100.4,26.05,26.21,21.26,21.66
120.24,5716,95.9,48,0,-46.2,2,8437,-2.26,0.27,138.4,138.7,97.2,100.4,26.05,26.21,21.27,21.67
120.28,5717,95.9,49,0,-45.8,2,8443,-2.23,0.28,138.4,138.7,97.2,100.4,26.05,26.21,21.27,21.67
120.32,5718,96,50,0,-45,2,8450,-2.19,0.29,138.4,138.7,97.3,100.5,26.05,26.21,21.27,21.67
120.36,5719,96.1,51,0,-43.7,2,8457,-2.16,0.3,138.4,138.7,97.3,100.5,26.05,26.21,21.27,21.67
120.4,5720,96.2,52,0,-43.4,2,8464,-2.13,0.3,138.4,138.7,97.3,100.5,26.05,26.21,21.28,21.68
120.44,5721,96.3,54,0,-42,2,8471,-2.09,0.31,138.4,138.7,97.4,100.6,26.05,26.21,21.28,21.68
120.48,5722,96.3,55,0,-40.6,2,8478,-2.06,0.32,138.4,138.7,97.4,100.6,26.05,26.21,21.28,21.68
120.52,5723,96.4,56,0,-39.7,2,8485,-2.03,0.33,138.4,138.7,97.4,100.6,26.05,26.21,21.28,21.68
120.56,5725,96.5,57,0,-38.6,2,8493,-1.99,0.34,138.4,138.7,97.5,100.7,26.05,26.21,21.29,21.69
120.6,5726,96.6,58,0,-37.9,2,8501,-1.96,0.34,138.4,138.7,97.5,100.7,26.05,26.21,21.29,21.69
120.64,5727,96.7,59,0,-36.6,2,8508,-1.92,0.35,138.4,138.7,97.6,100.8,26.05,26.21,21.29,21.69
120.68,5728,96.8,61,0,-34.9,2,8517,-1.89,0.36,138.4,138.7,97.6,100.8,26.05,26.21,21.29,21.69
120.72,5729,96.9,62,0,-34.4,2,8525,-1.86,0.37,138.4,138.7,97.6,100.8,26.05,26.21,21.3,21.7
120.76,5730,97,63,0,-33.9,2,8533,-1.82,0.38,138.4,138.7,97.7,100.9,26.05,26.21,21.3,21.7
120.8,5731,97.1,64,0,-32.2,2,8541,-1.79,0.39,138.4,138.7,97.7,100.9,26.05,26.21,21.3,21.7
120.84,5732,97.2,65,0,-31.3,2,8550,-1.75,0.39,138.4,138.7,97.7,100.9,26.05,26.21,21.3,21.7
120.88,5733,97.3,66,0,-30.6,2,8559,-1.72,0.4,138.4,138.7,97.8,101,26.05,26.21,21.31,21.71
120.92,5734,97.4,68,0,-30.2,2,8568,-1.69,0.41,138.4,138.7,97.8,101,26.05,26.21,21.31,21.71
120.96,5735,97.5,69,0,-29,2,8577,-1.65,0.42,138.4,138.7,97.8,101,26.05,26.21,21.31,21.71
121,5736,97.6,70,0,-28,2,8586,-1.62,0.43,138.4,138.7,97.9,101.1,26.05,26.21,21.31,21.71
121.04,5737,97.7,71,0,-26.2,2,8595,-1.58,0.43,138.4,138.7,97.9,101.1,26.05,26.21,21.32,21.72
121.08,5739,97.8,72,0,-26,2,8605,-1.55,0.44,138.4,138.7,97.9,101.1,26.05,26.21,21.32,21.72
121.12,5740,97.9,73,0,-25.1,2,8614,-1.51,0.45,138.4,138.7,98,101.2,26.05,26.21,21.32,21.72
121.16,5741,98,74,0,-23.6,2,8624,-1.48,0.46,138.4,138.7,98,101.2,26.05,26.21,21.33,21.73
121.2,5742,98.1,76,0,-22.4,2,8634,-1.45,0.47,138.4,138.7,98,101.2,26.05,26.21,21.33,21.73
121.24,5743,98.2,77,0,-21.4,2,8644,-1.41,0.48,138.4,138.7,98.1,101.3,26.05,26.21,21.33,21.73
121.28,5744,98.3,78,0,-20.7,2,8654,-1.38,0.48,138.4,138.7,98.1,101.3,26.05,26.21,21.33,21.73
121.32,5745,98.5,79,0,-19.8,2,8664,-1.34,0.49,138.4,138.7,98.1,101.3,26.05,26.21,21.34,21.74
121.36,5746,98.6,80,0,-18.4,2,8674,-1.31,0.5,138.4,138.7,98.2,101.4,26.05,26.21,21.34,21.74
121.4,5747,98.7,81,0,-17.4,2,8685,-1.27,0.51,138.4,138.7,98.2,101.4,26.05,26.21,21.34,21.74
121.44,5748,98.8,82,0,-16.9,2,8696,-1.24,0.52,138.4,138.7,98.3,101.5,26.05,26.21,21.34,21.74
121.48,5749,98.9,83,0,-16.4,2,8706,-1.2,0.53,138.4,138.7,98.3,101.5,26.05,26.21,21.35,21.75
121.52,5751,99.1,85,0,-14.2,2,8717,-1.17,0.53,138.4,138.7,98.3,101.5,26.05,26.21,21.35,21.75
121.56,5752,99.2,86,0,-13,2,8728,-1.13,0.54,138.4,138.7,98.4,101.6,26.05,26.21,21.35,21.75
121.6,5753,99.3,87,0,-12.2,2,8740,-1.1,0.55,138.4,138.7,98.4,101.6,26.05,26.21,21.35,21.75
121.64,5754,99.4,88,0,-10.6,2,8751,-1.06,0.56,138.4,138.7,98.4,101.6,26.05,26.21,21.36,21.76
121.68,5755,99.6,89,0,-9.9,2,8762,-1.03,0.57,138.4,138.7,98.5,101.7,26.05,26.21,21.36,21.76
121.72,5756,99.7,90,0,-9.2,2,8774,-0.99,0.58,138.4,138.7,98.5,101.7,26.05,26.21,21.36,21.76
121.76,5757,99.8,91,0,-8.1,2,8786,-0.96,0.58,138.4,138.7,98.5,101.7,26.05,26.21,21.36,21.76
121.8,5758,100,92,0,-6.7,2,8797,-0.92,0.59,138.4,138.7,98.6,101.8,26.05,26.21,21.37,21.77
121.84,5759,100.1,93,0,-6.3,2,8809,-0.89,0.6,138.4,138.7,98.6,101.8,26.05,26.21,21.37,21.77
121.88,5761,100.2,95,0,-4.9,2,8821,-0.85,0.61,138.4,138.7,98.6,101.8,26.05,26.21,21.37,21.77
121.92,5762,100.4,96,0,-4.1,2,8834,-0.82,0.62,138.4,138.7,98.7,101.9,26.05,26.21,21.38,21.78
121.96,5763,100.5,97,0,-3.2,2,8846,-0.78,0.63,138.4,138.7,98.7,101.9,26.05,26.21,21.38,21.78
122,5764,100.7,98,0,-2.5,2,8858,-0.75,0.63,138.4,138.7,98.7,101.9,26.05,26.21,21.38,21.78
122.04,5765,100.8,99,0,-1.2,2,8871,-0.71,0.64,138.4,138.7,98.8,102,26.05,26.21,21.38,21.78
122.08,5766,141.5,0,6,0.4,3,9905,0,-4.2,138.5,138.7,98.8,102,26.06,26.22,21.38,21.78
122.12,5768,141.5,0,8,-0.2,3,9905,0,-4.2,138.6,138.8,98.8,102,26.07,26.22,21.38,21.78
122.16,5769,141.5,0,11,0.2,3,9905,0,-4.2,138.7,138.8,98.8,102,26.08,26.22,21.38,21.78
122.2,5771,141.5,0,13,0.3,3,9905,0,-4.2,138.9,138.8,98.8,102,26.09,26.22,21.38,21.78
122.24,5772,141.5,0,15,-1,3,9905,0,-4.2,139,138.9,98.8,102,26.1,26.23,21.38,21.78
122.28,5774,141.5,0,15,-1,3,9905,0,-4.2,139.1,138.9,98.8,102,26.11,26.23,21.38,21.78
122.32,5776,141.5,0,15,-0.1,3,9905,0,-4.2,139.2,139,98.8,102,26.12,26.23,21.38,21.78
122.36,5777,141.5,0,15,-0.5,3,9905,0,-4.2,139.3,139,98.8,102,26.12,26.24,21.38,21.78
122.4,5779,141.5,0,15,-0.1,3,9905,0,-4.2,139.5,139,98.8,102,26.13,26.24,21.38,21.78
122.44,5780,141.5,0,15,0.6,3,9905,0,-4.2,139.6,139.1,98.8,102,26.14,26.24,21.38,21.78
122.48,5782,141.5,0,15,0.1,3,9905,0,-4.2,139.7,139.1,98.8,102,26.15,26.25,21.38,21.78
122.52,5783,141.5,0,15,0.2,3,9905,0,-4.2,139.8,139.2,98.8,102,26.16,26.25,21.38,21.78
122.56,5785,141.5,0,15,0.2,3,9905,0,-4.2,139.9,139.2,98.8,102,26.17,26.25,21.38,21.78
122.6,5787,141.5,0,15,0.3,3,9905,0,-4.2,140.1,139.2,98.8,102,26.18,26.25,21.38,21.78
122.64,5788,141.5,0,15,-0.5,3,9905,0,-4.2,140.2,139.3,98.8,102,26.19,26.26,21.38,21.78
122.68,5790,141.5,0,15,0,3,9905,0,-4.2,140.3,139.3,98.8,102,26.2,26.26,21.38,21.78
122.72,5791,141.5,0,15,1.3,3,9905,0,-4.2,140.4,139.4,98.8,102,26.21,26.26,21.38,21.78
122.76,5793,141.5,0,15,0.2,3,9905,0.02,-1.39,140.5,139.4,98.8,102,26.21,26.27,21.38,21.78
122.8,5794,141.5,0,14,3.9,3,9905,0.13,-1.33,140.7,139.4,98.8,102,26.22,26.27,21.38,21.78
122.84,5796,141.5,0,13,7.8,3,9905,0.24,-1.27,140.8,139.5,98.8,102,26.23,26.27,21.38,21.78
122.88,5798,141.5,0,12,11.2,3,9905,0.35,-1.21,140.9,139.5,98.8,102,26.24,26.28,21.38,21.78
122.92,5799,141.5,0,11,13.8,3,9905,0.46,-1.16,141,139.6,98.8,102,26.25,26.28,21.38,21.78
122.96,5801,141.5,0,11,17.9,3,9905,0.57,-1.1,141.1,139.6,98.8,102,26.26,26.28,21.38,21.78
123,5802,141.5,0,10,21,3,9905,0.68,-1.04,141.3,139.6,98.8,102,26.27,26.28,21.38,21.78
123.04,5804,141.5,0,9,24.6,3,9905,0.79,-0.98,141.4,139.7,98.8,102,26.28,26.29,21.38,21.78
123.08,5805,141.5,0,8,27.3,3,9905,0.9,-0.92,141.5,139.7,98.8,102,26.29,26.29,21.38,21.78
123.12,5807,141.5,0,8,30.2,3,9905,1.01,-0.86,141.6,139.8,98.8,102,26.3,26.29,21.38,21.78
123.16,5809,141.5,0,7,33.7,3,9905,1.12,-0.8,141.7,139.8,98.8,102,26.3,26.3,21.38,21.78
123.2,5810,141.5,0,6,35.4,3,9905,1.23,-0.74,141.9,139.8,98.8,102,26.31,26.3,21.38,21.78
123.24,5812,141.5,0,6,37.6,3,9905,1.34,-0.68,142,139.9,98.8,102,26.32,26.3,21.38,21.78
123.28,5813,141.5,0,5,40.2,3,9905,1.45,-0.63,142.1,139.9,98.8,102,26.33,26.31,21.38,21.78
123.32,5815,141.5,0,4,42.6,3,9905,1.56,-0.57,142.2,140,98.8,102,26.34,26.31,21.38,21.78
123.36,5816,141.5,0,4,44.3,3,9905,1.67,-0.51,142.3,140,98.8,102,26.35,26.31,21.38,21.78
123.4,5818,141.5,0,3,46,3,9905,1.78,-0.45,142.5,140,98.8,102,26.36,26.31,21.38,21.78
123.44,5820,141.5,0,3,47.6,3,9905,1.89,-0.39,142.6,140.1,98.8,102,26.37,26.32,21.38,21.78
123.48,5821,141.5,0,2,49.5,3,9905,2,-0.33,142.7,140.1,98.8,102,26.38,26.32,21.38,21.78
123.52,5823,141.5,0,2,50.5,3,9905,2.11,-0.27,142.8,140.2,98.8,102,26.39,26.32,21.38,21.78
123.56,5824,141.5,0,1,51.2,3,9905,2.22,-0.21,142.9,140.2,98.8,102,26.39,26.33,21.38,21.78
123.6,5826,141.5,0,1,52.3,3,9905,2.33,-0.16,143.1,140.2,98.8,102,26.4,26.33,21.38,21.78
123.64,5827,141.5,0,0,53.1,3,9905,2.44,-0.1,143.2,140.3,98.8,102,26.41,26.33,21.38,21.78
123.68,5829,141.5,0,0,53.6,3,9905,2.55,-0.04,143.3,140.3,98.8,102,26.42,26.34,21.38,21.78
123.72,5831,141.5,2,0,52.3,3,9905,3.38,0.01,143.3,140.3,98.8,102,26.42,26.34,21.39,21.79
123.76,5832,141.5,5,0,51,3,9906,3.31,0.02,143.3,140.3,98.8,102,26.42,26.34,21.39,21.79
123.8,5834,141.5,9,0,50.1,3,9906,3.25,0.04,143.3,140.3,98.9,102.1,26.42,26.34,21.39,21.79
123.84,5835,141.5,12,0,49,3,9907,3.19,0.05,143.3,140.3,98.9,102.1,26.42,26.34,21.39,21.79
123.88,5837,141.5,14,0,47.9,3,9908,3.12,0.07,143.3,140.3,99,102.2,26.42,26.34,21.4,21.8
123.92,5838,141.6,17,0,46.2,3,9909,3.06,0.08,143.3,140.3,99,102.2,26.42,26.34,21.4,21.8
123.96,5840,141.6,20,0,45.8,3,9911,2.99,0.1,143.3,140.3,99,102.2,26.42,26.34,21.4,21.8
124,5842,141.6,22,0,44,3,9912,2.93,0.11,143.3,140.3,99.1,102.3,26.42,26.34,21.4,21.8
124.04,5843,141.6,25,0,42.3,3,9914,2.87,0.13,143.3,140.3,99.1,102.3,26.42,26.34,21.41,21.81
124.08,5845,141.7,28,0,42.2,3,9916,2.8,0.14,143.3,140.3,99.1,102.3,26.42,26.34,21.41,21.81
124.12,5846,141.7,30,0,40.9,3,9918,2.74,0.16,143.3,140.3,99.2,102.4,26.42,26.34,21.41,21.81
124.16,5848,141.7,33,0,39.2,3,9921,2.67,0.17,143.3,140.3,99.2,102.4,26.42,26.34,21.41,21.81
124.2,5849,141.8,35,0,37.1,3,9923,2.61,0.19,143.3,140.3,99.2,102.4,26.42,26.34,21.42,21.82
124.24,5851,141.8,37,0,36.8,3,9926,2.55,0.2,143.3,140.3,99.3,102.5,26.42,26.34,21.42,21.82
124.28,5853,141.8,40,0,35.4,3,9929,2.48,0.22,143.3,140.3,99.3,102.5,26.42,26.34,21.42,21.82
124.32,5854,141.9,42,0,33.8,3,9932,2.42,0.23,143.3,140.3,99.3,102.5,26.42,26.34,21.43,21.83
124.36,5856,141.9,44,0,32.6,3,9935,2.35,0.25,143.3,140.3,99.4,102.6,26.42,26.34,21.43,21.83
124.4,5857,142,47,0,31.3,3,9938,2.29,0.27,143.3,140.3,99.4,102.6,26.42,26.34,21.43,21.83
124.44,5859,142,49,0,30.5,3,9942,2.23,0.28,143.3,140.3,99.4,102.6,26.42,26.34,21.43,21.83
124.48,5860,142.1,51,0,29.6,3,9945,2.16,0.3,143.3,140.3,99.5,102.7,26.42,26.34,21.44,21.84
124.52,5862,142.1,53,0,27.6,3,9949,2.1,0.31,143.3,140.3,99.5,102.7,26.42,26.34,21.44,21.84
124.56,5864,142.2,56,0,26.6,3,9953,2.03,0.33,143.3,140.3,99.5,102.7,26.42,26.34,21.44,21.84
124.6,5865,142.2,58,0,24.4,3,9957,1.97,0.34,143.3,140.3,99.6,102.8,26.42,26.34,21.44,21.84
124.64,5867,142.3,60,0,23.4,3,9962,1.91,0.36,143.3,140.3,99.6,102.8,26.42,26.34,21.45,21.85
124.68,5868,142.4,62,0,22.1,3,9966,1.84,0.37,143.3,140.3,99.7,102.9,26.42,26.34,21.45,21.85
124.72,5870,142.4,64,0,21.5,3,9970,1.78,0.39,143.3,140.3,99.7,102.9,26.42,26.34,21.45,21.85
124.76,5872,142.5,67,0,20.3,3,9975,1.71,0.4,143.3,140.3,99.7,102.9,26.42,26.34,21.45,21.85
124.8,5873,142.6,69,0,18.9,3,9980,1.65,0.42,143.3,140.3,99.8,103,26.42,26.34,21.46,21.86
124.84,5875,142.6,71,0,18.3,3,9985,1.58,0.43,143.3,140.3,99.8,103,26.42,26.34,21.46,21.86
124.88,5876,142.7,73,0,16.3,3,9990,1.52,0.45,143.3,140.3,99.8,103,26.42,26.34,21.46,21.86
124.92,5878,142.8,75,0,15.3,3,9996,1.46,0.46,143.3,140.3,99.9,103.1,26.42,26.34,21.46,21.86
124.96,5879,142.9,77,0,14.1,3,10001,1.39,0.48,143.3,140.3,99.9,103.1,26.42,26.34,21.47,21.87
125,5881,143,79,0,12.8,3,10007,1.33,0.5,143.3,140.3,99.9,103.1,26.42,26.34,21.47,21.87
125.04,5883,143,81,0,12.2,3,10013,1.26,0.51,143.3,140.3,100,103.2,26.42,26.34,21.47,21.87
125.08,5884,143.1,84,0,10.1,3,10019,1.2,0.53,143.3,140.3,100,103.2,26.42,26.34,21.48,21.88
125.12,5886,143.2,86,0,8.5,3,10025,1.13,0.54,143.3,140.3,100,103.2,26.42,26.34,21.48,21.88
125.16,5887,143.3,88,0,7.9,3,10031,1.07,0.56,143.3,140.3,100.1,103.3,26.42,26.34,21.48,21.88
125.2,5889,143.4,90,0,6.1,3,10037,1,0.57,143.3,140.3,100.1,103.3,26.42,26.34,21.48,21.88
125.24,5891,143.5,92,0,5.8,3,10044,0.94,0.59,143.3,140.3,100.1,103.3,26.42,26.34,21.49,21.89