Time,Distance,Speed,Throttle,Brake,Steering,Gear,RPM,LatG,LongG,TyreTemp_FL,TyreTemp_FR,TyreTemp_RL,TyreTemp_RR,Press_FL,Press_FR,Press_RL,Press_RR
0,0,180.1,100,0,0,4,6482,0.01,0.04,84.5,88.2,82,84.8,26.9,27.4,26.7,27.1
0.04,2,180.1,100,0,-0.1,4,6484,0.01,0.04,84.5,88.2,82,84.8,26.9,27.4,26.7,27.1
0.08,4,180.2,100,0,-0.8,4,6486,0.04,0.04,84.5,88.2,82,84.8,26.9,27.4,26.7,27.1
0.12,6,180.2,100,0,-0.2,4,6488,0,0.04,84.5,88.2,82,84.8,26.9,27.4,26.7,27.1
0.16,8,180.3,100,0,0.1,4,6490,-0.03,0.04,84.4,88.1,81.9,84.7,26.9,27.4,26.7,27.1
0.2,10,180.3,100,0,-0.2,4,6492,0.02,0.04,84.4,88.1,81.9,84.7,26.89,27.39,26.69,27.09
0.24,12,180.4,100,0,-0.1,4,6495,0,0.04,84.4,88.1,81.9,84.7,26.89,27.39,26.69,27.09
0.28,14,180.5,100,0,0.6,4,6497,0.01,0.04,84.4,88.1,81.9,84.7,26.89,27.39,26.69,27.09
0.32,16,180.5,100,0,0,4,6499,0.01,0.04,84.4,88.1,81.9,84.7,26.89,27.39,26.69,27.09
0.36,18,180.6,100,0,-0.1,4,6501,-0.01,0.04,84.4,88.1,81.9,84.7,26.89,27.39,26.69,27.09
0.4,20,180.6,100,0,0.5,4,6503,0.02,0.04,84.4,88.1,81.9,84.7,26.89,27.39,26.69,27.09
0.44,22,180.7,100,0,-0.6,4,6505,0,0.04,84.4,88.1,81.9,84.7,26.89,27.39,26.69,27.09
0.48,24,180.7,100,0,0.5,4,6507,-0.02,0.04,84.3,88,81.8,84.6,26.89,27.39,26.69,27.09
0.52,26,180.8,100,0,0.5,4,6509,-0.01,0.04,84.3,88,81.8,84.6,26.89,27.39,26.69,27.09
0.56,28,180.9,100,0,-0.4,4,6511,0,0.04,84.3,88,81.8,84.6,26.89,27.39,26.69,27.09
0.6,30,180.9,100,0,0.2,4,6513,0.01,0.04,84.3,88,81.8,84.6,26.89,27.39,26.69,27.09
0.64,32,181,100,0,0,4,6515,-0.04,0.04,84.3,88,81.8,84.6,26.88,27.38,26.68,27.08
0.68,34,181,100,0,0.4,4,6517,-0.01,0.04,84.3,88,81.8,84.6,26.88,27.38,26.68,27.08
0.72,36,181.1,100,0,-0.2,4,6519,0.02,0.04,84.3,88,81.8,84.6,26.88,27.38,26.68,27.08
0.76,38,181.2,100,0,0.6,4,6521,-0.02,0.04,84.3,88,81.8,84.6,26.88,27.38,26.68,27.08
0.8,40,181.2,100,0,-0.9,4,6524,-0.01,0.04,84.2,87.9,81.7,84.5,26.88,27.38,26.68,27.08
0.84,42,181.3,100,0,-0.5,4,6526,-0.03,0.04,84.2,87.9,81.7,84.5,26.88,27.38,26.68,27.08
0.88,44,181.3,100,0,0,4,6528,0,0.04,84.2,87.9,81.7,84.5,26.88,27.38,26.68,27.08
0.92,46,181.4,100,0,-0.2,4,6530,0.02,0.04,84.2,87.9,81.7,84.5,26.88,27.38,26.68,27.08
0.96,48,181.4,100,0,0.6,4,6532,-0.02,0.04,84.2,87.9,81.7,84.5,26.88,27.38,26.68,27.08
1,50,181.5,100,0,-0.2,4,6534,0.02,0.04,84.2,87.9,81.7,84.5,26.88,27.38,26.68,27.08
1.04,52,181.6,100,0,-0.6,4,6536,0.01,0.04,84.2,87.9,81.7,84.5,26.88,27.38,26.68,27.08
1.08,54,181.6,100,0,-0.5,4,6538,0.01,0.04,84.2,87.9,81.7,84.5,26.87,27.37,26.67,27.07
1.12,56,181.7,100,0,0.3,4,6540,-0.04,0.04,84.2,87.9,81.7,84.5,26.87,27.37,26.67,27.07
1.16,58,181.7,100,0,-0.1,4,6542,-0.01,0.04,84.1,87.8,81.6,84.4,26.87,27.37,26.67,27.07
1.2,60,181.8,100,0,-0.8,4,6544,0,0.04,84.1,87.8,81.6,84.4,26.87,27.37,26.67,27.07
1.24,62,181.8,100,0,-0.4,4,6546,-0.01,0.04,84.1,87.8,81.6,84.4,26.87,27.37,26.67,27.07
1.28,64,181.9,100,0,-0.4,4,6548,-0.01,0.04,84.1,87.8,81.6,84.4,26.87,27.37,26.67,27.07
1.32,66,182,100,0,-0.2,4,6551,-0.01,0.04,84.1,87.8,81.6,84.4,26.87,27.37,26.67,27.07
1.36,68,182,100,0,0.4,4,6553,0.03,0.04,84.1,87.8,81.6,84.4,26.87,27.37,26.67,27.07
1.4,70,182.1,100,0,0.5,4,6555,-0.01,0.04,84.1,87.8,81.6,84.4,26.87,27.37,26.67,27.07
1.44,72,182.1,100,0,0.1,4,6557,0.01,0.04,84.1,87.8,81.6,84.4,26.87,27.37,26.67,27.07
1.48,74,182.2,100,0,0.4,4,6559,0.03,0.04,84,87.7,81.5,84.3,26.87,27.37,26.67,27.07
1.52,76,182.2,100,0,-0.1,4,6561,0.03,0.04,84,87.7,81.5,84.3,26.86,27.36,26.66,27.06
1.56,78,182.3,100,0,0.5,4,6563,-0.03,0.04,84,87.7,81.5,84.3,26.86,27.36,26.66,27.06
1.6,81,182.4,100,0,-0.1,4,6565,0,0.04,84,87.7,81.5,84.3,26.86,27.36,26.66,27.06
1.64,83,182.4,100,0,0.1,4,6567,-0.01,0.04,84,87.7,81.5,84.3,26.86,27.36,26.66,27.06
1.68,85,182.5,100,0,0.5,4,6569,0.01,0.04,84,87.7,81.5,84.3,26.86,27.36,26.66,27.06
1.72,87,182.5,100,0,0,4,6571,0.02,0.04,84,87.7,81.5,84.3,26.86,27.36,26.66,27.06
1.76,89,182.6,100,0,0.3,4,6573,-0.01,0.04,84,87.7,81.5,84.3,26.86,27.36,26.66,27.06
1.8,91,182.6,100,0,0.4,4,6575,0.01,0.04,83.9,87.6,81.4,84.2,26.86,27.36,26.66,27.06
1.84,93,182.7,100,0,-0.4,4,6577,-0.01,0.04,83.9,87.6,81.4,84.2,26.86,27.36,26.66,27.06
1.88,95,182.8,100,0,0.2,4,6580,-0.04,0.04,83.9,87.6,81.4,84.2,26.86,27.36,26.66,27.06
1.92,97,182.8,100,0,0,4,6582,0.01,0.04,83.9,87.6,81.4,84.2,26.86,27.36,26.66,27.06
1.96,99,182.9,100,0,-0.1,4,6584,-0.01,0.04,83.9,87.6,81.4,84.2,26.85,27.35,26.65,27.05
2,101,182.9,100,0,-0.5,4,6586,-0.04,0.04,83.9,87.6,81.4,84.2,26.85,27.35,26.65,27.05
2.04,103,183,100,0,-0.2,4,6588,-0.01,0.04,83.9,87.6,81.4,84.2,26.85,27.35,26.65,27.05
2.08,105,183.1,100,0,-0.2,4,6590,0,0.04,83.9,87.6,81.4,84.2,26.85,27.35,26.65,27.05
2.12,107,183.1,100,0,-0.1,4,6592,-0.01,0.04,83.9,87.6,81.4,84.2,26.85,27.35,26.65,27.05
2.16,109,183.2,100,0,1.3,4,6594,-0.01,0.04,83.8,87.5,81.3,84.1,26.85,27.35,26.65,27.05
2.2,111,183.2,100,0,-0.7,4,6596,0.01,0.04,83.8,87.5,81.3,84.1,26.85,27.35,26.65,27.05
2.24,113,183.3,100,0,0.1,4,6598,0.05,0.04,83.8,87.5,81.3,84.1,26.85,27.35,26.65,27.05
2.28,115,183.3,100,0,0.5,4,6600,0.01,0.04,83.8,87.5,81.3,84.1,26.85,27.35,26.65,27.05
2.32,117,183.4,100,0,0.3,4,6602,0,0.04,83.8,87.5,81.3,84.1,26.85,27.35,26.65,27.05
2.36,119,183.5,100,0,0.7,4,6604,0,0.04,83.8,87.5,81.3,84.1,26.85,27.35,26.65,27.05
2.4,121,183.5,100,0,0.2,4,6606,-0.01,0.04,83.8,87.5,81.3,84.1,26.85,27.35,26.65,27.05
2.44,123,183.6,100,0,0,4,6609,0.01,0.04,83.8,87.5,81.3,84.1,26.84,27.34,26.64,27.04
2.48,125,183.6,100,0,-0.5,4,6611,0.02,0.04,83.7,87.4,81.2,84,26.84,27.34,26.64,27.04
2.52,127,183.7,100,0,0.4,4,6613,0.03,0.04,83.7,87.4,81.2,84,26.84,27.34,26.64,27.04
2.56,129,183.7,100,0,0.2,4,6615,-0.01,0.04,83.7,87.4,81.2,84,26.84,27.34,26.64,27.04
2.6,131,183.8,100,0,-0.1,4,6617,0.01,0.04,83.7,87.4,81.2,84,26.84,27.34,26.64,27.04
2.64,133,183.9,100,0,0.2,4,6619,0.01,0.04,83.7,87.4,81.2,84,26.84,27.34,26.64,27.04
2.68,135,183.9,100,0,-0.3,4,6621,-0.02,0.04,83.7,87.4,81.2,84,26.84,27.34,26.64,27.04
2.72,138,184,100,0,-0.3,4,6623,0,0.04,83.7,87.4,81.2,84,26.84,27.34,26.64,27.04
2.76,140,184,100,0,-0.2,4,6625,0.01,0.04,83.7,87.4,81.2,84,26.84,27.34,26.64,27.04
2.8,142,184.1,100,0,0.4,4,6627,0.04,0.04,83.6,87.3,81.1,83.9,26.84,27.34,26.64,27.04
2.84,144,184.1,100,0,0.5,4,6629,0.02,0.04,83.6,87.3,81.1,83.9,26.84,27.34,26.64,27.04
2.88,146,184.2,100,0,-0.2,4,6631,0.02,0.04,83.6,87.3,81.1,83.9,26.83,27.33,26.63,27.03
2.92,148,184.3,100,0,-0.7,4,6633,0.03,0.04,83.6,87.3,81.1,83.9,26.83,27.33,26.63,27.03
2.96,150,184.3,100,0,0.6,4,6636,0.01,0.04,83.6,87.3,81.1,83.9,26.83,27.33,26.63,27.03
3,152,184.4,100,0,0.2,4,6638,0.01,0.04,83.6,87.3,81.1,83.9,26.83,27.33,26.63,27.03
3.04,154,184.4,100,0,-0.3,4,6640,-0.02,0.04,83.6,87.3,81.1,83.9,26.83,27.33,26.63,27.03
3.08,156,184.5,100,0,-0.3,4,6642,-0.01,0.04,83.6,87.3,81.1,83.9,26.83,27.33,26.63,27.03
3.12,158,184.6,100,0,0.1,4,6644,-0.01,0.04,83.6,87.3,81.1,83.9,26.83,27.33,26.63,27.03
3.16,160,184.6,100,0,0,4,6646,0,0.04,83.5,87.2,81,83.8,26.83,27.33,26.63,27.03
3.2,162,184.7,100,0,0.3,4,6648,-0.01,0.04,83.5,87.2,81,83.8,26.83,27.33,26.63,27.03
3.24,164,184.7,100,0,-0.4,4,6650,0,0.04,83.5,87.2,81,83.8,26.83,27.33,26.63,27.03
3.28,166,184.8,100,0,0.1,4,6652,0.01,0.04,83.5,87.2,81,83.8,26.83,27.33,26.63,27.03
3.32,168,184.8,100,0,0.3,4,6654,-0.01,0.04,83.5,87.2,81,83.8,26.82,27.32,26.62,27.02
3.36,170,184.9,100,0,-0.3,4,6656,-0.02,0.04,83.5,87.2,81,83.8,26.82,27.32,26.62,27.02
3.4,172,185,100,0,0.6,4,6658,0,0.04,83.5,87.2,81,83.8,26.82,27.32,26.62,27.02
3.44,174,185,100,0,-0.8,4,6660,0.01,0.04,83.5,87.2,81,83.8,26.82,27.32,26.62,27.02
3.48,176,185.1,100,0,-0.8,4,6662,-0.02,0.04,83.4,87.1,80.9,83.7,26.82,27.32,26.62,27.02
3.52,179,185.1,100,0,-0.3,4,6665,0,0.04,83.4,87.1,80.9,83.7,26.82,27.32,26.62,27.02
3.56,181,185.2,100,0,0,4,6667,0.01,0.04,83.4,87.1,80.9,83.7,26.82,27.32,26.62,27.02
3.6,183,185.2,100,0,-0.2,4,6669,0.02,0.04,83.4,87.1,80.9,83.7,26.82,27.32,26.62,27.02
3.64,185,185.3,100,0,0.7,4,6671,0,0.04,83.4,87.1,80.9,83.7,26.82,27.32,26.62,27.02
3.68,187,185.4,100,0,0.5,4,6673,-0.01,0.04,83.4,87.1,80.9,83.7,26.82,27.32,26.62,27.02
3.72,189,185.4,100,0,0.2,4,6675,0,0.04,83.4,87.1,80.9,83.7,26.82,27.32,26.62,27.02
3.76,191,185.5,100,0,-0.1,4,6677,0,0.04,83.4,87.1,80.9,83.7,26.81,27.31,26.61,27.01
3.8,193,185.5,100,0,-0.4,4,6679,0.03,0.04,83.3,87,80.8,83.6,26.81,27.31,26.61,27.01
3.84,195,185.6,100,0,0,4,6681,0,0.04,83.3,87,80.8,83.6,26.81,27.31,26.61,27.01
3.88,197,185.6,100,0,0,4,6683,0.02,0.04,83.3,87,80.8,83.6,26.81,27.31,26.61,27.01
3.92,199,185.7,100,0,-0.2,4,6685,-0.03,0.04,83.3,87,80.8,83.6,26.81,27.31,26.61,27.01
3.96,201,185.8,100,0,0.1,4,6687,0,0.04,83.3,87,80.8,83.6,26.81,27.31,26.61,27.01
4,203,185.8,100,0,-0.9,4,6689,0.03,0.04,83.3,87,80.8,83.6,26.81,27.31,26.61,27.01
4.04,205,185.9,100,0,-0.6,4,6692,0,0.04,83.3,87,80.8,83.6,26.81,27.31,26.61,27.01
4.08,207,185.9,100,0,-0.1,4,6694,-0.02,0.04,83.3,87,80.8,83.6,26.81,27.31,26.61,27.01
4.12,209,186,100,0,-0.3,4,6696,-0.02,0.04,83.3,87,80.8,83.6,26.81,27.31,26.61,27.01
4.16,211,186,100,0,0.2,4,6698,0,0.04,83.2,86.9,80.7,83.5,26.81,27.31,26.61,27.01
4.2,214,186.1,100,0,-0.7,4,6700,0.02,0.04,83.2,86.9,80.7,83.5,26.8,27.3,26.6,27
4.24,216,186.2,100,0,0.2,4,6702,-0.03,0.04,83.2,86.9,80.7,83.5,26.8,27.3,26.6,27
4.28,218,186.2,100,0,0.5,4,6704,-0.03,0.04,83.2,86.9,80.7,83.5,26.8,27.3,26.6,27
4.32,220,186.3,100,0,-0.6,4,6706,0.02,0.04,83.2,86.9,80.7,83.5,26.8,27.3,26.6,27
4.36,222,186.3,100,0,-0.2,4,6708,0,0.04,83.2,86.9,80.7,83.5,26.8,27.3,26.6,27
4.4,224,186.4,100,0,-0.1,4,6710,-0.03,0.04,83.2,86.9,80.7,83.5,26.8,27.3,26.6,27
4.44,226,186.5,100,0,0.1,4,6712,0.04,0.04,83.2,86.9,80.7,83.5,26.8,27.3,26.6,27
4.48,228,186.5,100,0,-0.2,4,6714,0.01,0.04,83.1,86.8,80.6,83.4,26.8,27.3,26.6,27
4.52,230,186.6,100,0,-0.7,4,6716,-0.04,0.04,83.1,86.8,80.6,83.4,26.8,27.3,26.6,27
4.56,232,186.6,100,0,-0.6,4,6718,-0.01,0.04,83.1,86.8,80.6,83.4,26.8,27.3,26.6,27
4.6,234,186.7,100,0,0.4,4,6721,0.01,0.04,83.1,86.8,80.6,83.4,26.8,27.3,26.6,27
4.64,236,186.7,100,0,0.2,4,6723,0,0.04,83.1,86.8,80.6,83.4,26.79,27.29,26.59,26.99
4.68,238,186.8,100,0,-0.4,4,6725,0.01,0.04,83.1,86.8,80.6,83.4,26.79,27.29,26.59,26.99
4.72,240,186.9,100,0,0.6,4,6727,0,0.04,83.1,86.8,80.6,83.4,26.79,27.29,26.59,26.99
4.76,243,186.9,100,0,0.1,4,6729,0.05,0.04,83.1,86.8,80.6,83.4,26.79,27.29,26.59,26.99
4.8,245,187,100,0,0.2,4,6731,-0.05,0.04,83,86.7,80.5,83.3,26.79,27.29,26.59,26.99
4.84,247,187,100,0,0.1,4,6733,0.01,0.04,83,86.7,80.5,83.3,26.79,27.29,26.59,26.99
4.88,249,187.1,100,0,1.1,4,6735,0.03,0.04,83,86.7,80.5,83.3,26.79,27.29,26.59,26.99
4.92,251,187.1,100,0,1.1,4,6737,-0.02,0.04,83,86.7,80.5,83.3,26.79,27.29,26.59,26.99
4.96,253,187.2,100,0,-0.3,4,6739,0.04,0.04,83,86.7,80.5,83.3,26.79,27.29,26.59,26.99
5,255,187.3,100,0,0.2,4,6741,-0.02,0.04,83,86.7,80.5,83.3,26.79,27.29,26.59,26.99
5.04,257,187.3,100,0,0.2,4,6743,0.01,0.04,83,86.7,80.5,83.3,26.79,27.29,26.59,26.99
5.08,259,187.4,100,0,-0.1,4,6745,0.01,0.04,83,86.7,80.5,83.3,26.78,27.28,26.58,26.98
5.12,261,187.4,100,0,0.2,4,6747,-0.02,0.04,83,86.7,80.5,83.3,26.78,27.28,26.58,26.98
5.16,263,187.5,100,0,-0.3,4,6750,-0.02,0.04,82.9,86.6,80.4,83.2,26.78,27.28,26.58,26.98
5.2,265,187.5,100,0,0.4,4,6752,-0.01,0.04,82.9,86.6,80.4,83.2,26.78,27.28,26.58,26.98
5.24,268,187.6,100,0,0.2,4,6754,0.03,0.04,82.9,86.6,80.4,83.2,26.78,27.28,26.58,26.98
5.28,270,187.7,100,0,0.2,4,6756,0,0.04,82.9,86.6,80.4,83.2,26.78,27.28,26.58,26.98
5.32,272,187.7,100,0,-0.1,4,6758,0,0.04,82.9,86.6,80.4,83.2,26.78,27.28,26.58,26.98
5.36,274,187.4,0,9,-0.3,4,6748,0,-1.85,83,86.6,80.4,83.2,26.79,27.28,26.58,26.98
5.4,276,186.8,0,20,1.7,4,6727,0,-1.85,83.1,86.7,80.4,83.2,26.8,27.29,26.58,26.98
5.44,278,185.9,0,30,1.3,4,6694,0,-1.85,83.3,86.7,80.4,83.2,26.81,27.29,26.58,26.98
5.48,280,184.7,0,41,0.9,4,6650,0,-1.85,83.4,86.8,80.4,83.2,26.82,27.29,26.58,26.98
5.52,282,183.2,0,51,0.1,4,6595,0,-1.85,83.5,86.8,80.4,83.2,26.82,27.29,26.58,26.98
5.56,284,181.3,0,62,0.3,4,6528,0,-1.85,83.6,86.8,80.4,83.2,26.83,27.3,26.58,26.98
5.6,286,179.2,0,72,-0.2,4,6450,0,-1.85,83.7,86.9,80.4,83.2,26.84,27.3,26.58,26.98
5.64,288,176.7,0,82,0.7,4,6362,0,-1.85,83.9,86.9,80.4,83.2,26.85,27.3,26.58,26.98
5.68,290,173.9,0,92,-1,3,7654,0,-1.85,84,87,80.4,83.2,26.86,27.31,26.58,26.98
5.72,292,171,0,98,-0.2,3,7524,0,-1.85,84.1,87,80.4,83.2,26.87,27.31,26.58,26.98
5.76,294,168.1,0,98,0.1,3,7395,0,-1.85,84.2,87,80.4,83.2,26.88,27.31,26.58,26.98
5.8,296,165.1,0,98,0.2,3,7266,0,-1.85,84.3,87.1,80.4,83.2,26.89,27.32,26.58,26.98
5.84,298,162.2,0,98,0,3,7136,0,-1.85,84.5,87.1,80.4,83.2,26.9,27.32,26.58,26.98
5.88,299,159.2,0,98,0.8,3,7007,0,-1.85,84.6,87.2,80.4,83.2,26.91,27.32,26.58,26.98
5.92,301,156.3,0,98,0.1,3,6878,0,-1.85,84.7,87.2,80.4,83.2,26.91,27.32,26.58,26.98
5.96,303,153.4,0,98,0.3,3,6748,0,-1.85,84.8,87.2,80.4,83.2,26.92,27.33,26.58,26.98
6,305,150.4,0,98,-0.4,3,6619,0,-1.85,84.9,87.3,80.4,83.2,26.93,27.33,26.58,26.98
6.04,306,147.5,0,98,-0.1,3,6489,0,-1.85,85.1,87.3,80.4,83.2,26.94,27.33,26.58,26.98
6.08,308,144.5,0,98,-0.9,3,6360,0,-1.85,85.2,87.4,80.4,83.2,26.95,27.34,26.58,26.98
6.12,310,141.6,0,98,-0.1,3,6231,0,-1.85,85.3,87.4,80.4,83.2,26.96,27.34,26.58,26.98
6.16,311,138.7,0,98,-0.3,3,6101,0,-1.85,85.4,87.4,80.4,83.2,26.97,27.34,26.58,26.98
6.2,313,135.7,0,98,0.9,3,5972,0,-1.85,85.5,87.5,80.4,83.2,26.98,27.35,26.58,26.98
6.24,314,132.8,0,98,0.2,2,7569,0,-1.85,85.7,87.5,80.4,83.2,26.99,27.35,26.58,26.98
6.28,316,129.8,0,98,-0.4,2,7401,0,-1.85,85.8,87.6,80.4,83.2,27,27.35,26.58,26.98
6.32,317,126.9,0,98,1.3,2,7234,0,-1.85,85.9,87.6,80.4,83.2,27,27.35,26.58,26.98
6.36,318,124,0,98,1.1,2,7066,0,-1.85,86,87.6,80.4,83.2,27.01,27.36,26.58,26.98
6.4,320,121,0,98,0.9,2,6899,0,-1.85,86.1,87.7,80.4,83.2,27.02,27.36,26.58,26.98
6.44,321,118.1,0,98,-0.4,2,6731,0,-1.85,86.3,87.7,80.4,83.2,27.03,27.36,26.58,26.98
6.48,323,115.1,0,98,-0.9,2,6563,0,-1.85,86.4,87.8,80.4,83.2,27.04,27.37,26.58,26.98
6.52,324,112.2,0,98,-0.1,2,6396,0,-1.85,86.5,87.8,80.4,83.2,27.05,27.37,26.58,26.98
6.56,325,109.3,0,98,-1.1,2,6228,0,-1.85,86.6,87.8,80.4,83.2,27.06,27.37,26.58,26.98
6.6,326,106.3,0,98,-1.1,2,6061,0,-1.85,86.7,87.9,80.4,83.2,27.07,27.38,26.58,26.98
6.64,327,103.4,0,98,-0.3,2,5893,0,-1.85,86.9,87.9,80.4,83.2,27.08,27.38,26.58,26.98
6.68,329,100.4,0,98,-0.1,2,5726,0,-1.85,87,88,80.4,83.2,27.09,27.38,26.58,26.98
6.72,330,97.5,0,98,-0.3,2,5558,0,-1.4,87.1,88,80.4,83.2,27.09,27.38,26.58,26.98
6.76,331,94.6,0,96,3.2,1,7381,0.04,-1.38,87.2,88,80.4,83.2,27.1,27.39,26.58,26.98
6.8,332,91.8,0,94,4.7,1,7161,0.07,-1.36,87.3,88.1,80.4,83.2,27.11,27.39,26.58,26.98
6.84,333,89,0,92,7.4,1,6946,0.1,-1.34,87.5,88.1,80.4,83.2,27.12,27.39,26.58,26.98
6.88,334,86.3,0,90,7.9,1,6735,0.13,-1.32,87.6,88.2,80.4,83.2,27.13,27.4,26.58,26.98
6.92,335,83.7,0,88,10,1,6529,0.16,-1.3,87.7,88.2,80.4,83.2,27.14,27.4,26.58,26.98
6.96,336,81.1,0,86,11.9,1,6328,0.18,-1.28,87.8,88.2,80.4,83.2,27.15,27.4,26.58,26.98
7,337,78.6,0,85,14,1,6129,0.21,-1.26,87.9,88.3,80.4,83.2,27.16,27.41,26.58,26.98
7.04,338,76.1,0,83,15.4,1,5935,0.22,-1.24,88.1,88.3,80.4,83.2,27.17,27.41,26.58,26.98
7.08,338,73.7,0,81,16.2,1,5745,0.23,-1.23,88.2,88.4,80.4,83.2,27.18,27.41,26.58,26.98
7.12,339,71.3,0,80,18.5,1,5558,0.23,-1.21,88.3,88.4,80.4,83.2,27.18,27.41,26.58,26.98
7.16,340,68.9,0,78,20.1,1,5376,0.24,-1.19,88.4,88.4,80.4,83.2,27.19,27.42,26.58,26.98
7.2,341,66.6,0,77,21.7,1,5195,0.24,-1.18,88.5,88.5,80.4,83.2,27.2,27.42,26.58,26.98
7.24,341,64.5,0,76,23.3,1,5031,0.24,-1.16,88.7,88.5,80.4,83.2,27.21,27.42,26.58,26.98
7.28,342,64.5,0,74,24.8,1,5031,0.23,-1.15,88.8,88.6,80.4,83.2,27.22,27.43,26.58,26.98
7.32,343,64.5,0,73,26,1,5031,0.25,-1.14,88.9,88.6,80.4,83.2,27.23,27.43,26.58,26.98
7.36,344,64.5,0,72,27.5,1,5031,0.26,-1.12,89,88.6,80.4,83.2,27.24,27.43,26.58,26.98
7.4,344,64.5,0,71,29.2,1,5031,0.27,-1.11,89.1,88.7,80.4,83.2,27.25,27.44,26.58,26.98
7.44,345,64.5,0,69,29.8,1,5031,0.29,-1.09,89.3,88.7,80.4,83.2,27.26,27.44,26.58,26.98
7.48,346,64.5,0,68,31.4,1,5031,0.3,-1.08,89.4,88.8,80.4,83.2,27.27,27.44,26.58,26.98
7.52,346,64.5,0,67,31.7,1,5031,0.31,-1.06,89.5,88.8,80.4,83.2,27.27,27.44,26.58,26.98
7.56,347,64.5,0,65,33.5,1,5031,0.33,-1.05,89.6,88.8,80.4,83.2,27.28,27.45,26.58,26.98
7.6,348,64.5,0,64,35.5,1,5031,0.34,-1.04,89.7,88.9,80.4,83.2,27.29,27.45,26.58,26.98
7.64,349,64.5,0,63,37,1,5031,0.35,-1.02,89.9,88.9,80.4,83.2,27.3,27.45,26.58,26.98
7.68,349,64.5,0,62,38.2,1,5031,0.37,-1.01,90,89,80.4,83.2,27.31,27.46,26.58,26.98
7.72,350,64.5,0,61,39.4,1,5031,0.38,-0.99,90.1,89,80.4,83.2,27.32,27.46,26.58,26.98
7.76,351,64.5,0,59,40.2,1,5031,0.39,-0.98,90.2,89,80.4,83.2,27.33,27.46,26.58,26.98
7.8,352,64.5,0,58,41.4,1,5031,0.41,-0.96,90.3,89.1,80.4,83.2,27.34,27.47,26.58,26.98
7.84,352,64.5,0,57,42.2,1,5031,0.42,-0.95,90.5,89.1,80.4,83.2,27.35,27.47,26.58,26.98
7.88,353,64.5,0,56,43.9,1,5031,0.43,-0.94,90.6,89.2,80.4,83.2,27.36,27.47,26.58,26.98
7.92,354,64.5,0,55,45.8,1,5031,0.45,-0.92,90.7,89.2,80.4,83.2,27.36,27.47,26.58,26.98
7.96,354,64.5,0,53,46.1,1,5031,0.46,-0.91,90.8,89.2,80.4,83.2,27.37,27.48,26.58,26.98
8,355,64.5,0,52,48,1,5031,0.47,-0.89,90.9,89.3,80.4,83.2,27.38,27.48,26.58,26.98
8.04,356,64.5,0,51,48.3,1,5031,0.49,-0.88,91.1,89.3,80.4,83.2,27.39,27.48,26.58,26.98
8.08,357,64.5,0,50,50.1,1,5031,0.5,-0.86,91.2,89.4,80.4,83.2,27.4,27.49,26.58,26.98
8.12,357,64.5,0,49,50.6,1,5031,0.51,-0.85,91.3,89.4,80.4,83.2,27.41,27.49,26.58,26.98
8.16,358,64.5,0,48,53.5,1,5031,0.53,-0.84,91.4,89.4,80.4,83.2,27.42,27.49,26.58,26.98
8.2,359,64.5,0,46,53.7,1,5031,0.54,-0.82,91.5,89.5,80.4,83.2,27.43,27.5,26.58,26.98
8.24,359,64.5,0,45,54,1,5031,0.55,-0.81,91.7,89.5,80.4,83.2,27.44,27.5,26.58,26.98
8.28,360,64.5,0,44,55.1,1,5031,0.57,-0.79,91.8,89.6,80.4,83.2,27.45,27.5,26.58,26.98
8.32,361,64.5,0,43,56.6,1,5031,0.58,-0.78,91.9,89.6,80.4,83.2,27.45,27.5,26.58,26.98
8.36,362,64.5,0,42,57.4,1,5031,0.59,-0.76,92,89.6,80.4,83.2,27.46,27.51,26.58,26.98
8.4,362,64.5,0,41,58.8,1,5031,0.61,-0.75,92.1,89.7,80.4,83.2,27.47,27.51,26.58,26.98
8.44,363,64.5,0,40,60.1,1,5031,0.62,-0.74,92.3,89.7,80.4,83.2,27.48,27.51,26.58,26.98
8.48,364,64.5,0,39,60.4,1,5031,0.63,-0.72,92.4,89.8,80.4,83.2,27.49,27.52,26.58,26.98
8.52,364,64.5,0,38,62.3,1,5031,0.65,-0.71,92.5,89.8,80.4,83.2,27.5,27.52,26.58,26.98
8.56,365,64.5,0,37,63.7,1,5031,0.66,-0.69,92.6,89.8,80.4,83.2,27.51,27.52,26.58,26.98
8.6,366,64.5,0,36,64.1,1,5031,0.67,-0.68,92.7,89.9,80.4,83.2,27.52,27.53,26.58,26.98
8.64,367,64.5,0,35,65,1,5031,0.69,-0.67,92.9,89.9,80.4,83.2,27.53,27.53,26.58,26.98
8.68,367,64.5,0,34,66,1,5031,0.7,-0.65,93,90,80.4,83.2,27.54,27.53,26.58,26.98
8.72,368,64.5,0,33,67.8,1,5031,0.71,-0.64,93.1,90,80.4,83.2,27.54,27.53,26.58,26.98
8.76,369,64.5,0,31,67.7,1,5031,0.73,-0.62,93.2,90,80.4,83.2,27.55,27.54,26.58,26.98
8.8,369,64.5,0,30,69.7,1,5031,0.74,-0.61,93.3,90.1,80.4,83.2,27.56,27.54,26.58,26.98
8.84,370,64.5,0,29,69.5,1,5031,0.75,-0.59,93.5,90.1,80.4,83.2,27.57,27.54,26.58,26.98
8.88,371,64.5,0,29,71.1,1,5031,0.77,-0.58,93.6,90.2,80.4,83.2,27.58,27.55,26.58,26.98
8.92,372,64.5,0,28,70.7,1,5031,0.78,-0.57,93.7,90.2,80.4,83.2,27.59,27.55,26.58,26.98
8.96,372,64.5,0,27,72.4,1,5031,0.79,-0.55,93.8,90.2,80.4,83.2,27.6,27.55,26.58,26.98
9,373,64.5,0,26,72.5,1,5031,0.81,-0.54,93.9,90.3,80.4,83.2,27.61,27.56,26.58,26.98
9.04,374,64.5,0,25,72.7,1,5031,0.82,-0.52,94.1,90.3,80.4,83.2,27.62,27.56,26.58,26.98
9.08,374,64.5,0,24,74.5,1,5031,0.83,-0.51,94.2,90.4,80.4,83.2,27.63,27.56,26.58,26.98
9.12,375,64.5,0,23,75.2,1,5031,0.85,-0.49,94.3,90.4,80.4,83.2,27.63,27.56,26.58,26.98
9.16,376,64.5,0,22,75.2,1,5031,0.86,-0.48,94.4,90.4,80.4,83.2,27.64,27.57,26.58,26.98
9.2,377,64.5,0,21,77.4,1,5031,0.87,-0.47,94.5,90.5,80.4,83.2,27.65,27.57,26.58,26.98
9.24,377,64.5,0,20,77.6,1,5031,0.89,-0.45,94.7,90.5,80.4,83.2,27.66,27.57,26.58,26.98
9.28,378,64.5,0,19,77.6,1,5031,0.9,-0.44,94.8,90.6,80.4,83.2,27.67,27.58,26.58,26.98
9.32,379,64.5,0,18,79.5,1,5031,0.91,-0.42,94.9,90.6,80.4,83.2,27.68,27.58,26.58,26.98
9.36,379,64.5,0,17,80,1,5031,0.93,-0.41,95,90.6,80.4,83.2,27.69,27.58,26.58,26.98
9.4,380,64.5,0,17,79.7,1,5031,0.94,-0.39,95.1,90.7,80.4,83.2,27.7,27.59,26.58,26.98
9.44,381,64.5,0,16,80.4,1,5031,0.95,-0.38,95.3,90.7,80.4,83.2,27.71,27.59,26.58,26.98
9.48,382,64.5,0,15,81.2,1,5031,0.97,-0.37,95.4,90.8,80.4,83.2,27.72,27.59,26.58,26.98
9.52,382,64.5,0,14,81.7,1,5031,0.98,-0.35,95.5,90.8,80.4,83.2,27.72,27.59,26.58,26.98
9.56,383,64.5,0,13,81.9,1,5031,0.99,-0.34,95.6,90.8,80.4,83.2,27.73,27.6,26.58,26.98
9.6,384,64.5,0,13,83.4,1,5031,1.01,-0.32,95.7,90.9,80.4,83.2,27.74,27.6,26.58,26.98
9.64,384,64.5,0,12,82.5,1,5031,1.02,-0.31,95.9,90.9,80.4,83.2,27.75,27.6,26.58,26.98
9.68,385,64.5,0,11,84.9,1,5031,1.03,-0.29,96,91,80.4,83.2,27.76,27.61,26.58,26.98
9.72,386,64.5,0,10,84.5,1,5031,1.05,-0.28,96.1,91,80.4,83.2,27.77,27.61,26.58,26.98
9.76,387,64.5,0,10,84.8,1,5031,1.06,-0.27,96.2,91,80.4,83.2,27.78,27.61,26.58,26.98
9.8,387,64.5,0,9,85.3,1,5031,1.07,-0.25,96.3,91.1,80.4,83.2,27.79,27.62,26.58,26.98
9.84,388,64.5,0,8,85.7,1,5031,1.09,-0.24,96.5,91.1,80.4,83.2,27.8,27.62,26.58,26.98
9.88,389,64.5,0,7,85,1,5031,1.1,-0.22,96.6,91.2,80.4,83.2,27.81,27.62,26.58,26.98
9.92,389,64.5,0,7,85,1,5031,1.11,-0.21,96.7,91.2,80.4,83.2,27.81,27.62,26.58,26.98
9.96,390,64.5,0,6,86.2,1,5031,1.13,-0.19,96.8,91.2,80.4,83.2,27.82,27.63,26.58,26.98
10,391,64.5,0,6,86.7,1,5031,1.14,-0.18,96.9,91.3,80.4,83.2,27.83,27.63,26.58,26.98
10.04,392,64.5,0,5,86.8,1,5031,1.15,-0.17,97.1,91.3,80.4,83.2,27.84,27.63,26.58,26.98
10.08,392,64.5,0,4,87.5,1,5031,1.17,-0.15,97.2,91.4,80.4,83.2,27.85,27.64,26.58,26.98
10.12,393,64.5,0,4,86.6,1,5031,1.18,-0.14,97.3,91.4,80.4,83.2,27.86,27.64,26.58,26.98
10.16,394,64.5,0,3,87.6,1,5031,1.19,-0.12,97.4,91.4,80.4,83.2,27.87,27.64,26.58,26.98
10.2,395,64.5,0,3,87.4,1,5031,1.21,-0.11,97.5,91.5,80.4,83.2,27.88,27.65,26.58,26.98
10.24,395,64.5,0,2,88.1,1,5031,1.22,-0.09,97.7,91.5,80.4,83.2,27.89,27.65,26.58,26.98
10.28,396,64.5,0,2,88.2,1,5031,1.23,-0.08,97.8,91.6,80.4,83.2,27.9,27.65,26.58,26.98
10.32,397,64.5,0,1,88,1,5031,1.25,-0.07,97.9,91.6,80.4,83.2,27.9,27.65,26.58,26.98
10.36,397,64.5,0,1,88.6,1,5031,1.26,-0.05,98,91.6,80.4,83.2,27.91,27.66,26.58,26.98
10.4,398,64.5,0,1,89,1,5031,1.27,-0.04,98.1,91.7,80.4,83.2,27.92,27.66,26.58,26.98
10.44,399,64.5,0,0,88.5,1,5031,1.29,-0.02,98.3,91.7,80.4,83.2,27.93,27.66,26.58,26.98
10.48,400,64.5,0,0,88.4,1,5031,1.3,-0.01,98.4,91.8,80.4,83.2,27.94,27.67,26.58,26.98
10.52,400,64.5,0,0,89.2,1,5031,1.95,0,98.4,91.8,80.4,83.2,27.94,27.67,26.58,26.98
10.56,401,64.5,1,0,87.8,1,5031,1.94,0,98.4,91.8,80.5,83.3,27.94,27.67,26.58,26.98
10.6,402,64.5,2,0,87.5,1,5032,1.93,0.01,98.4,91.8,80.5,83.3,27.94,27.67,26.59,26.99
10.64,402,64.5,3,0,87.3,1,5032,1.92,0.01,98.4,91.8,80.5,83.3,27.94,27.67,26.59,26.99
10.68,403,64.5,4,0,86.2,1,5033,1.91,0.01,98.4,91.8,80.6,83.4,27.94,27.67,26.59,26.99
10.72,404,64.5,5,0,86.1,1,5034,1.91,0.02,98.4,91.8,80.6,83.4,27.94,27.67,26.6,27
10.76,405,64.5,6,0,84.9,1,5035,1.9,0.02,98.4,91.8,80.6,83.4,27.94,27.67,26.6,27
10.8,405,64.6,6,0,85.4,1,5036,1.89,0.03,98.4,91.8,80.7,83.5,27.94,27.67,26.6,27
10.84,406,64.6,7,0,85.3,1,5037,1.88,0.03,98.4,91.8,80.7,83.5,27.94,27.67,26.6,27
10.88,407,64.6,8,0,84.2,1,5038,1.87,0.03,98.4,91.8,80.7,83.5,27.94,27.67,26.61,27.01
10.92,407,64.6,8,0,84.1,1,5040,1.86,0.04,98.4,91.8,80.8,83.6,27.94,27.67,26.61,27.01
10.96,408,64.6,9,0,83.2,1,5041,1.86,0.04,98.4,91.8,80.8,83.6,27.94,27.67,26.61,27.01
11,409,64.7,10,0,82.4,1,5043,1.85,0.04,98.4,91.8,80.8,83.6,27.94,27.67,26.61,27.01
11.04,410,64.7,10,0,82.6,1,5045,1.84,0.05,98.4,91.8,80.9,83.7,27.94,27.67,26.62,27.02
11.08,410,64.7,11,0,82,1,5047,1.83,0.05,98.4,91.8,80.9,83.7,27.94,27.67,26.62,27.02
11.12,411,64.7,12,0,81.5,1,5049,1.82,0.05,98.4,91.8,81,83.8,27.94,27.67,26.62,27.02
11.16,412,64.8,12,0,80.3,1,5051,1.82,0.06,98.4,91.8,81,83.8,27.94,27.67,26.62,27.02
11.2,412,64.8,13,0,80.6,1,5053,1.81,0.06,98.4,91.8,81,83.8,27.94,27.67,26.63,27.03
11.24,413,64.8,14,0,80.4,1,5056,1.8,0.06,98.4,91.8,81.1,83.9,27.94,27.67,26.63,27.03
11.28,414,64.8,14,0,79.2,1,5058,1.79,0.07,98.4,91.8,81.1,83.9,27.94,27.67,26.63,27.03
11.32,415,64.9,15,0,79.1,1,5061,1.78,0.07,98.4,91.8,81.1,83.9,27.94,27.67,26.63,27.03
11.36,415,64.9,16,0,77.8,1,5064,1.77,0.07,98.4,91.8,81.2,84,27.94,27.67,26.64,27.04
11.4,416,65,16,0,78.1,1,5066,1.77,0.08,98.4,91.8,81.2,84,27.94,27.67,26.64,27.04
11.44,417,65,17,0,77.9,1,5069,1.76,0.08,98.4,91.8,81.2,84,27.94,27.67,26.64,27.04
11.48,417,65,17,0,76.4,1,5072,1.75,0.08,98.4,91.8,81.3,84.1,27.94,27.67,26.65,27.05
11.52,418,65.1,18,0,76.7,1,5075,1.74,0.09,98.4,91.8,81.3,84.1,27.94,27.67,26.65,27.05
11.56,419,65.1,19,0,76.1,1,5079,1.73,0.09,98.4,91.8,81.3,84.1,27.94,27.67,26.65,27.05
11.6,420,65.2,19,0,75.9,1,5082,1.72,0.09,98.4,91.8,81.4,84.2,27.94,27.67,26.65,27.05
11.64,420,65.2,20,0,74.9,1,5085,1.72,0.1,98.4,91.8,81.4,84.2,27.94,27.67,26.66,27.06
11.68,421,65.2,21,0,75.3,1,5089,1.71,0.1,98.4,91.8,81.4,84.2,27.94,27.67,26.66,27.06
11.72,422,65.3,21,0,74.9,1,5093,1.7,0.1,98.4,91.8,81.5,84.3,27.94,27.67,26.66,27.06
11.76,423,65.3,22,0,73.6,1,5097,1.69,0.11,98.4,91.8,81.5,84.3,27.94,27.67,26.66,27.06
11.8,423,65.4,22,0,73.9,1,5100,1.68,0.11,98.4,91.8,81.5,84.3,27.94,27.67,26.67,27.07
11.84,424,65.4,23,0,72.7,1,5104,1.67,0.11,98.4,91.8,81.6,84.4,27.94,27.67,26.67,27.07
11.88,425,65.5,23,0,72.8,1,5108,1.67,0.12,98.4,91.8,81.6,84.4,27.94,27.67,26.67,27.07
11.92,425,65.5,24,0,71.9,1,5113,1.66,0.12,98.4,91.8,81.7,84.5,27.94,27.67,26.67,27.07
11.96,426,65.6,25,0,72.2,1,5117,1.65,0.13,98.4,91.8,81.7,84.5,27.94,27.67,26.68,27.08
12,427,65.7,25,0,71.1,1,5121,1.64,0.13,98.4,91.8,81.7,84.5,27.94,27.67,26.68,27.08
12.04,428,65.7,26,0,70.5,1,5126,1.63,0.13,98.4,91.8,81.8,84.6,27.94,27.67,26.68,27.08
12.08,428,65.8,26,0,69.3,1,5130,1.62,0.14,98.4,91.8,81.8,84.6,27.94,27.67,26.68,27.08
12.12,429,65.8,27,0,69.4,1,5135,1.62,0.14,98.4,91.8,81.8,84.6,27.94,27.67,26.69,27.09
12.16,430,65.9,28,0,68.5,1,5140,1.61,0.14,98.4,91.8,81.9,84.7,27.94,27.67,26.69,27.09
12.2,431,66,28,0,68.1,1,5144,1.6,0.15,98.4,91.8,81.9,84.7,27.94,27.67,26.69,27.09
12.24,431,66,29,0,67.7,1,5149,1.59,0.15,98.4,91.8,81.9,84.7,27.94,27.67,26.69,27.09
12.28,432,66.1,29,0,67.4,1,5154,1.58,0.15,98.4,91.8,82,84.8,27.94,27.67,26.7,27.1
12.32,433,66.1,30,0,67.2,1,5159,1.57,0.16,98.4,91.8,82,84.8,27.94,27.67,26.7,27.1
12.36,434,66.2,30,0,66.3,1,5165,1.57,0.16,98.4,91.8,82,84.8,27.94,27.67,26.7,27.1
12.4,434,66.3,31,0,66.3,1,5170,1.56,0.16,98.4,91.8,82.1,84.9,27.94,27.67,26.71,27.11
12.44,435,66.4,32,0,65.8,1,5175,1.55,0.17,98.4,91.8,82.1,84.9,27.94,27.67,26.71,27.11
12.48,436,66.4,32,0,65.7,1,5181,1.54,0.17,98.4,91.8,82.1,84.9,27.94,27.67,26.71,27.11
12.52,436,66.5,33,0,65.1,1,5186,1.53,0.17,98.4,91.8,82.2,85,27.94,27.67,26.71,27.11
12.56,437,66.6,33,0,64.3,1,5192,1.52,0.18,98.4,91.8,82.2,85,27.94,27.67,26.72,27.12
12.6,438,66.6,34,0,63.8,1,5198,1.51,0.18,98.4,91.8,82.2,85,27.94,27.67,26.72,27.12
12.64,439,66.7,34,0,63.4,1,5204,1.51,0.18,98.4,91.8,82.3,85.1,27.94,27.67,26.72,27.12
12.68,439,66.8,35,0,62.4,1,5210,1.5,0.19,98.4,91.8,82.3,85.1,27.94,27.67,26.72,27.12
12.72,440,66.9,35,0,62.1,1,5216,1.49,0.19,98.4,91.8,82.4,85.2,27.94,27.67,26.73,27.13
12.76,441,66.9,36,0,62,1,5222,1.48,0.2,98.4,91.8,82.4,85.2,27.94,27.67,26.73,27.13
12.8,442,67,37,0,60.9,1,5228,1.47,0.2,98.4,91.8,82.4,85.2,27.94,27.67,26.73,27.13
12.84,442,67.1,37,0,60.9,1,5234,1.46,0.2,98.4,91.8,82.5,85.3,27.94,27.67,26.73,27.13
12.88,443,67.2,38,0,60.2,1,5241,1.46,0.21,98.4,91.8,82.5,85.3,27.94,27.67,26.74,27.14
12.92,444,67.3,38,0,59.9,1,5247,1.45,0.21,98.4,91.8,82.5,85.3,27.94,27.67,26.74,27.14
12.96,445,67.4,39,0,59.5,1,5253,1.44,0.21,98.4,91.8,82.6,85.4,27.94,27.67,26.74,27.14
13,445,67.4,39,0,58.9,1,5260,1.43,0.22,98.4,91.8,82.6,85.4,27.94,27.67,26.74,27.14
13.04,446,67.5,40,0,58.3,1,5267,1.42,0.22,98.4,91.8,82.6,85.4,27.94,27.67,26.75,27.15
13.08,447,67.6,40,0,57.9,1,5273,1.41,0.22,98.4,91.8,82.7,85.5,27.94,27.67,26.75,27.15
13.12,448,67.7,41,0,56.7,1,5280,1.4,0.23,98.4,91.8,82.7,85.5,27.94,27.67,26.75,27.15
13.16,448,67.8,42,0,56.6,1,5287,1.4,0.23,98.4,91.8,82.7,85.5,27.94,27.67,26.76,27.16
13.2,449,67.9,42,0,56.9,1,5294,1.39,0.23,98.4,91.8,82.8,85.6,27.94,27.67,26.76,27.16
13.24,450,68,43,0,55.5,1,5302,1.38,0.24,98.4,91.8,82.8,85.6,27.94,27.67,26.76,27.16
13.28,451,68.1,43,0,55.4,1,5309,1.37,0.24,98.4,91.8,82.8,85.6,27.94,27.67,26.76,27.16
13.32,451,68.2,44,0,54.9,1,5316,1.36,0.25,98.4,91.8,82.9,85.7,27.94,27.67,26.77,27.17
13.36,452,68.2,44,0,54.2,1,5323,1.35,0.25,98.4,91.8,82.9,85.7,27.94,27.67,26.77,27.17
13.4,453,68.3,45,0,54.2,1,5331,1.34,0.25,98.4,91.8,82.9,85.7,27.94,27.67,26.77,27.17
13.44,454,68.4,45,0,53.6,1,5338,1.33,0.26,98.4,91.8,83,85.8,27.94,27.67,26.77,27.17
13.48,454,68.5,46,0,52.7,1,5346,1.33,0.26,98.4,91.8,83,85.8,27.94,27.67,26.78,27.18
13.52,455,68.6,46,0,52.7,1,5353,1.32,0.26,98.4,91.8,83.1,85.9,27.94,27.67,26.78,27.18
13.56,456,68.7,47,0,51.9,1,5361,1.31,0.27,98.4,91.8,83.1,85.9,27.94,27.67,26.78,27.18
13.6,457,68.8,48,0,51.1,1,5369,1.3,0.27,98.4,91.8,83.1,85.9,27.94,27.67,26.78,27.18
13.64,457,68.9,48,0,51.1,1,5377,1.29,0.27,98.4,91.8,83.2,86,27.94,27.67,26.79,27.19
13.68,458,69,49,0,50.5,1,5385,1.28,0.28,98.4,91.8,83.2,86,27.94,27.67,26.79,27.19
13.72,459,69.1,49,0,50.2,1,5393,1.27,0.28,98.4,91.8,83.2,86,27.94,27.67,26.79,27.19
13.76,460,69.2,50,0,50.2,1,5401,1.26,0.29,98.4,91.8,83.3,86.1,27.94,27.67,26.79,27.19
13.8,461,69.4,50,0,48.1,1,5409,1.26,0.29,98.4,91.8,83.3,86.1,27.94,27.67,26.8,27.2
13.84,461,69.5,51,0,48.9,1,5418,1.25,0.29,98.4,91.8,83.3,86.1,27.94,27.67,26.8,27.2
13.88,462,69.6,51,0,47.6,1,5426,1.24,0.3,98.4,91.8,83.4,86.2,27.94,27.67,26.8,27.2
13.92,463,69.7,52,0,48.2,1,5435,1.23,0.3,98.4,91.8,83.4,86.2,27.94,27.67,26.81,27.21
13.96,464,69.8,52,0,47.2,1,5443,1.22,0.3,98.4,91.8,83.4,86.2,27.94,27.67,26.81,27.21
14,464,69.9,53,0,46.5,1,5452,1.21,0.31,98.4,91.8,83.5,86.3,27.94,27.67,26.81,27.21
14.04,465,70,54,0,46.6,1,5460,1.2,0.31,98.4,91.8,83.5,86.3,27.94,27.67,26.81,27.21
14.08,466,70.1,54,0,45.7,1,5469,1.19,0.32,98.4,91.8,83.5,86.3,27.94,27.67,26.82,27.22
14.12,467,70.2,55,0,45.2,1,5478,1.18,0.32,98.4,91.8,83.6,86.4,27.94,27.67,26.82,27.22
14.16,468,70.3,55,0,44.6,1,5487,1.18,0.32,98.4,91.8,83.6,86.4,27.94,27.67,26.82,27.22
14.2,468,70.5,56,0,44.2,1,5496,1.17,0.33,98.4,91.8,83.6,86.4,27.94,27.67,26.82,27.22
14.24,469,70.6,56,0,42.9,1,5505,1.16,0.33,98.4,91.8,83.7,86.5,27.94,27.67,26.83,27.23
14.28,470,70.7,57,0,42.7,1,5514,1.15,0.33,98.4,91.8,83.7,86.5,27.94,27.67,26.83,27.23
14.32,471,70.8,57,0,42.4,1,5523,1.14,0.34,98.4,91.8,83.8,86.6,27.94,27.67,26.83,27.23
14.36,471,70.9,58,0,42.7,1,5532,1.13,0.34,98.4,91.8,83.8,86.6,27.94,27.67,26.83,27.23
14.4,472,71,58,0,41.2,1,5542,1.12,0.35,98.4,91.8,83.8,86.6,27.94,27.67,26.84,27.24
14.44,473,71.2,59,0,41.6,1,5551,1.11,0.35,98.4,91.8,83.9,86.7,27.94,27.67,26.84,27.24
14.48,474,71.3,59,0,40.5,1,5560,1.1,0.35,98.4,91.8,83.9,86.7,27.94,27.67,26.84,27.24
14.52,475,71.4,60,0,40.3,1,5570,1.09,0.36,98.4,91.8,83.9,86.7,27.94,27.67,26.84,27.24
14.56,475,71.5,61,0,39.9,1,5580,1.08,0.36,98.4,91.8,84,86.8,27.94,27.67,26.85,27.25
14.6,476,71.7,61,0,39.1,1,5589,1.08,0.36,98.4,91.8,84,86.8,27.94,27.67,26.85,27.25
14.64,477,71.8,62,0,38,1,5599,1.07,0.37,98.4,91.8,84,86.8,27.94,27.67,26.85,27.25
14.68,478,71.9,62,0,38.7,1,5609,1.06,0.37,98.4,91.8,84.1,86.9,27.94,27.67,26.86,27.26
14.72,479,72,63,0,36.7,1,5619,1.05,0.38,98.4,91.8,84.1,86.9,27.94,27.67,26.86,27.26
14.76,479,72.2,63,0,36.6,1,5629,1.04,0.38,98.4,91.8,84.1,86.9,27.94,27.67,26.86,27.26
14.8,480,72.3,64,0,37.1,1,5639,1.03,0.38,98.4,91.8,84.2,87,27.94,27.67,26.86,27.26
14.84,481,72.4,64,0,35.9,1,5649,1.02,0.39,98.4,91.8,84.2,87,27.94,27.67,26.87,27.27
14.88,482,72.6,65,0,34.9,1,5659,1.01,0.39,98.4,91.8,84.2,87,27.94,27.67,26.87,27.27
14.92,483,72.7,65,0,34.9,1,5669,1,0.39,98.4,91.8,84.3,87.1,27.94,27.67,26.87,27.27
14.96,483,72.8,66,0,34.5,1,5679,0.99,0.4,98.4,91.8,84.3,87.1,27.94,27.67,26.87,27.27
15,484,72.9,67,0,33.4,1,5690,0.98,0.4,98.4,91.8,84.3,87.1,27.94,27.67,26.88,27.28
15.04,485,73.1,67,0,33.3,1,5700,0.97,0.41,98.4,91.8,84.4,87.2,27.94,27.67,26.88,27.28
15.08,486,73.2,68,0,32.6,1,5711,0.97,0.41,98.4,91.8,84.4,87.2,27.94,27.67,26.88,27.28
15.12,487,73.3,68,0,32.2,1,5721,0.96,0.41,98.4,91.8,84.5,87.3,27.94,27.67,26.88,27.28
15.16,487,73.5,69,0,31.5,1,5732,0.95,0.42,98.4,91.8,84.5,87.3,27.94,27.67,26.89,27.29
15.2,488,73.6,69,0,31,1,5743,0.94,0.42,98.4,91.8,84.5,87.3,27.94,27.67,26.89,27.29
15.24,489,73.8,70,0,30.4,1,5753,0.93,0.43,98.4,91.8,84.6,87.4,27.94,27.67,26.89,27.29
15.28,490,73.9,70,0,30,1,5764,0.92,0.43,98.4,91.8,84.6,87.4,27.94,27.67,26.89,27.29
15.32,491,74,71,0,29.9,1,5775,0.91,0.43,98.4,91.8,84.6,87.4,27.94,27.67,26.9,27.3
15.36,492,74.2,71,0,28.2,1,5786,0.9,0.44,98.4,91.8,84.7,87.5,27.94,27.67,26.9,27.3
15.4,492,74.3,72,0,28.9,1,5797,0.89,0.44,98.4,91.8,84.7,87.5,27.94,27.67,26.9,27.3
15.44,493,74.5,73,0,27.7,1,5808,0.88,0.45,98.4,91.8,84.7,87.5,27.94,27.67,26.9,27.3
15.48,494,74.6,73,0,27.6,1,5819,0.87,0.45,98.4,91.8,84.8,87.6,27.94,27.67,26.91,27.31
15.52,495,74.7,74,0,27.1,1,5830,0.86,0.45,98.4,91.8,84.8,87.6,27.94,27.67,26.91,27.31
15.56,496,74.9,74,0,26.7,1,5841,0.85,0.46,98.4,91.8,84.8,87.6,27.94,27.67,26.91,27.31
15.6,497,75,75,0,25.5,1,5853,0.84,0.46,98.4,91.8,84.9,87.7,27.94,27.67,26.92,27.32
15.64,497,75.2,75,0,25.4,1,5864,0.83,0.47,98.4,91.8,84.9,87.7,27.94,27.67,26.92,27.32
15.68,498,75.3,76,0,24,1,5876,0.82,0.47,98.4,91.8,84.9,87.7,27.94,27.67,26.92,27.32
15.72,499,75.5,76,0,23.9,1,5887,0.81,0.47,98.4,91.8,85,87.8,27.94,27.67,26.92,27.32
15.76,500,75.6,77,0,23.3,1,5898,0.8,0.48,98.4,91.8,85,87.8,27.94,27.67,26.93,27.33
15.8,501,75.8,77,0,23,1,5910,0.79,0.48,98.4,91.8,85,87.8,27.94,27.67,26.93,27.33
15.84,502,75.9,78,0,22.8,1,5922,0.78,0.49,98.4,91.8,85.1,87.9,27.94,27.67,26.93,27.33
15.88,502,76.1,79,0,21.6,1,5933,0.78,0.49,98.4,91.8,85.1,87.9,27.94,27.67,26.93,27.33
15.92,503,76.2,79,0,21.9,1,5945,0.77,0.49,98.4,91.8,85.2,88,27.94,27.67,26.94,27.34
15.96,504,76.4,80,0,20.1,1,5957,0.76,0.5,98.4,91.8,85.2,88,27.94,27.67,26.94,27.34
16,505,76.5,80,0,19.9,1,5969,0.75,0.5,98.4,91.8,85.2,88,27.94,27.67,26.94,27.34
16.04,506,76.7,81,0,19.7,1,5981,0.74,0.51,98.4,91.8,85.3,88.1,27.94,27.67,26.94,27.34
16.08,507,76.8,81,0,18.9,1,5993,0.73,0.51,98.4,91.8,85.3,88.1,27.94,27.67,26.95,27.35
16.12,508,77,82,0,18.4,1,6005,0.72,0.51,98.4,91.8,85.3,88.1,27.94,27.67,26.95,27.35
16.16,508,77.1,82,0,17.8,1,6017,0.71,0.52,98.4,91.8,85.4,88.2,27.94,27.67,26.95,27.35
16.2,509,77.3,83,0,17.4,1,6029,0.7,0.52,98.4,91.8,85.4,88.2,27.94,27.67,26.95,27.35
16.24,510,77.5,84,0,17,1,6042,0.69,0.53,98.4,91.8,85.4,88.2,27.94,27.67,26.96,27.36
16.28,511,77.6,84,0,15.3,1,6054,0.68,0.53,98.4,91.8,85.5,88.3,27.94,27.67,26.96,27.36
16.32,512,77.8,85,0,16,1,6066,0.67,0.53,98.4,91.8,85.5,88.3,27.94,27.67,26.96,27.36
16.36,513,77.9,85,0,14.8,1,6079,0.66,0.54,98.4,91.8,85.5,88.3,27.94,27.67,26.97,27.37
16.4,514,78.1,86,0,14.9,1,6091,0.65,0.54,98.4,91.8,85.6,88.4,27.94,27.67,26.97,27.37
16.44,514,78.3,86,0,14.9,1,6104,0.64,0.55,98.4,91.8,85.6,88.4,27.94,27.67,26.97,27.37
16.48,515,78.4,87,0,13.5,1,6116,0.63,0.55,98.4,91.8,85.6,88.4,27.94,27.67,26.97,27.37
16.52,516,78.6,87,0,13.4,1,6129,0.62,0.56,98.4,91.8,85.7,88.5,27.94,27.67,26.98,27.38
16.56,517,78.7,88,0,12.3,1,6141,0.61,0.56,98.4,91.8,85.7,88.5,27.94,27.67,26.98,27.38
16.6,518,78.9,89,0,12,1,6154,0.6,0.56,98.4,91.8,85.7,88.5,27.94,27.67,26.98,27.38
16.64,519,79.1,89,0,10.3,1,6167,0.59,0.57,98.4,91.8,85.8,88.6,27.94,27.67,26.98,27.38
16.68,520,79.2,90,0,9.8,1,6180,0.58,0.57,98.4,91.8,85.8,88.6,27.94,27.67,26.99,27.39
16.72,521,79.4,90,0,10.4,1,6193,0.57,0.58,98.4,91.8,85.9,88.7,27.94,27.67,26.99,27.39
16.76,521,79.6,91,0,9.7,1,6206,0.56,0.58,98.4,91.8,85.9,88.7,27.94,27.67,26.99,27.39
16.8,522,79.7,91,0,8.8,1,6219,0.55,0.58,98.4,91.8,85.9,88.7,27.94,27.67,26.99,27.39
16.84,523,79.9,92,0,8.6,1,6232,0.54,0.59,98.4,91.8,86,88.8,27.94,27.67,27,27.4
16.88,524,80.1,92,0,8,1,5496,0.53,0.59,98.4,91.8,86,88.8,27.94,27.67,27,27.4
16.92,525,80.2,93,0,7,1,5507,0.52,0.6,98.4,91.8,86,88.8,27.94,27.67,27,27.4
16.96,526,80.4,94,0,6.7,1,5518,0.51,0.6,98.4,91.8,86.1,88.9,27.94,27.67,27,27.4
17,527,80.6,94,0,6.1,1,5530,0.5,0.61,98.4,91.8,86.1,88.9,27.94,27.67,27.01,27.41
17.04,528,80.7,95,0,5.4,1,5542,0.49,0.61,98.4,91.8,86.1,88.9,27.94,27.67,27.01,27.41
17.08,529,80.9,95,0,4.8,1,5554,0.48,0.61,98.4,91.8,86.2,89,27.94,27.67,27.01,27.41
17.12,529,81.1,96,0,4.2,1,5565,0.47,0.62,98.4,91.8,86.2,89,27.94,27.67,27.02,27.42
17.16,530,81.3,96,0,3.9,1,6338,0.45,0.62,98.4,91.8,86.2,89,27.94,27.67,27.02,27.42
17.2,531,81.4,97,0,2.9,1,6351,0.44,0.63,98.4,91.8,86.3,89.1,27.94,27.67,27.02,27.42
17.24,532,81.6,98,0,2,1,6365,0.43,0.63,98.4,91.8,86.3,89.1,27.94,27.67,27.02,27.42
17.28,533,81.8,98,0,2.6,1,6379,0.42,0.64,98.4,91.8,86.3,89.1,27.94,27.67,27.03,27.43
17.32,534,82,99,0,0.9,1,6392,0.41,0.64,98.4,91.8,86.4,89.2,27.94,27.67,27.03,27.43
17.36,535,82.1,99,0,0.4,1,6406,0.4,0.64,98.4,91.8,86.4,89.2,27.94,27.67,27.03,27.43
17.4,536,82.3,100,0,0.7,1,6420,0.39,0.65,98.4,91.8,86.4,89.2,27.94,27.67,27.03,27.43
17.44,537,82.4,100,0,0.7,1,6430,0.03,0.09,98.4,91.7,86.4,89.2,27.94,27.67,27.03,27.43
17.48,538,82.6,100,0,0.2,1,6440,-0.03,0.09,98.3,91.7,86.4,89.2,27.94,27.66,27.03,27.43
17.52,539,82.7,100,0,-0.2,1,6450,-0.02,0.09,98.3,91.7,86.4,89.2,27.94,27.66,27.03,27.43
17.56,539,82.8,100,0,-0.3,1,6460,-0.04,0.09,98.3,91.7,86.4,89.2,27.94,27.66,27.03,27.43
17.6,540,83,100,0,-0.5,1,6470,-0.01,0.09,98.3,91.7,86.4,89.2,27.94,27.66,27.03,27.43
17.64,541,83.1,100,0,0.1,1,6480,-0.01,0.09,98.3,91.7,86.4,89.2,27.94,27.66,27.03,27.43
17.68,542,83.2,100,0,-0.2,1,6490,-0.03,0.09,98.3,91.7,86.4,89.2,27.93,27.66,27.03,27.43
17.72,543,83.3,100,0,0,1,6500,-0.03,0.09,98.3,91.7,86.4,89.2,27.93,27.66,27.03,27.43
17.76,544,83.5,100,0,0,1,6510,-0.03,0.09,98.3,91.6,86.3,89.1,27.93,27.66,27.03,27.43
17.8,545,83.6,100,0,-0.8,1,6520,0,0.09,98.3,91.6,86.3,89.1,27.93,27.66,27.02,27.42
17.84,546,83.7,100,0,0,1,6530,-0.03,0.09,98.2,91.6,86.3,89.1,27.93,27.66,27.02,27.42
17.88,547,83.8,100,0,0.4,1,6540,0.03,0.09,98.2,91.6,86.3,89.1,27.93,27.66,27.02,27.42
17.92,548,84,100,0,0.5,1,6549,-0.03,0.09,98.2,91.6,86.3,89.1,27.93,27.65,27.02,27.42
17.96,549,84.1,100,0,-0.1,1,6559,0.02,0.09,98.2,91.6,86.3,89.1,27.93,27.65,27.02,27.42
18,550,84.2,100,0,0.6,1,6569,0,0.09,98.2,91.6,86.3,89.1,27.93,27.65,27.02,27.42
18.04,551,84.3,100,0,-1.1,1,6579,-0.01,0.09,98.2,91.6,86.3,89.1,27.93,27.65,27.02,27.42
18.08,552,84.5,100,0,0.2,1,6588,-0.02,0.09,98.2,91.5,86.2,89,27.93,27.65,27.02,27.42
18.12,552,84.6,100,0,0,1,6598,-0.01,0.09,98.2,91.5,86.2,89,27.92,27.65,27.02,27.42
18.16,553,84.7,100,0,-0.1,1,6608,0,0.09,98.1,91.5,86.2,89,27.92,27.65,27.02,27.42
18.2,554,84.8,100,0,0,1,6617,0,0.09,98.1,91.5,86.2,89,27.92,27.65,27.02,27.42
18.24,555,85,100,0,0,1,6627,0,0.09,98.1,91.5,86.2,89,27.92,27.65,27.01,27.41
18.28,556,85.1,100,0,-0.3,1,6636,0.01,0.09,98.1,91.5,86.2,89,27.92,27.65,27.01,27.41
18.32,557,85.2,100,0,-0.2,1,6646,0.03,0.09,98.1,91.5,86.2,89,27.92,27.65,27.01,27.41
18.36,558,85.3,100,0,0.3,1,6655,0.02,0.09,98.1,91.5,86.2,89,27.92,27.64,27.01,27.41
18.4,559,85.4,100,0,-0.4,1,6665,0,0.09,98.1,91.5,86.1,88.9,27.92,27.64,27.01,27.41
18.44,560,85.6,100,0,0.2,1,6674,0.01,0.09,98.1,91.4,86.1,88.9,27.92,27.64,27.01,27.41
18.48,561,85.7,100,0,0.2,1,6684,-0.01,0.09,98,91.4,86.1,88.9,27.92,27.64,27.01,27.41
18.52,562,85.8,100,0,0.2,1,6693,0.03,0.09,98,91.4,86.1,88.9,27.92,27.64,27.01,27.41
18.56,563,85.9,100,0,0.1,1,6702,-0.01,0.09,98,91.4,86.1,88.9,27.91,27.64,27.01,27.41
18.6,564,86,100,0,0,1,6712,0.01,0.08,98,91.4,86.1,88.9,27.91,27.64,27.01,27.41
18.64,565,86.2,100,0,-0.4,1,6721,-0.01,0.08,98,91.4,86.1,88.9,27.91,27.64,27.01,27.41
18.68,566,86.3,100,0,0.4,1,6730,-0.01,0.08,98,91.4,86.1,88.9,27.91,27.64,27,27.4
18.72,567,86.4,100,0,-0.3,1,6740,-0.01,0.08,98,91.4,86.1,88.9,27.91,27.64,27,27.4
18.76,568,86.5,100,0,0.2,1,6749,-0.01,0.08,98,91.3,86,88.8,27.91,27.64,27,27.4
18.8,569,86.6,100,0,-0.2,1,6758,0.01,0.08,98,91.3,86,88.8,27.91,27.63,27,27.4
18.84,570,86.8,100,0,-0.2,1,6767,-0.02,0.08,97.9,91.3,86,88.8,27.91,27.63,27,27.4
18.88,571,86.9,100,0,-0.6,1,6777,-0.01,0.08,97.9,91.3,86,88.8,27.91,27.63,27,27.4
18.92,572,87,100,0,-0.3,1,6786,0.02,0.08,97.9,91.3,86,88.8,27.91,27.63,27,27.4
18.96,572,87.1,100,0,-0.3,1,6795,0.03,0.08,97.9,91.3,86,88.8,27.91,27.63,27,27.4
19,573,87.2,100,0,-0.7,1,6804,-0.02,0.08,97.9,91.3,86,88.8,27.9,27.63,27,27.4
19.04,574,87.3,100,0,0.3,1,6813,-0.01,0.08,97.9,91.3,86,88.8,27.9,27.63,27,27.4
19.08,575,87.5,100,0,0.4,1,6822,0.03,0.08,97.9,91.2,85.9,88.7,27.9,27.63,27,27.4
19.12,576,87.6,100,0,0.2,1,6831,-0.02,0.08,97.9,91.2,85.9,88.7,27.9,27.63,26.99,27.39
19.16,577,87.7,100,0,-0.6,1,6840,-0.03,0.08,97.8,91.2,85.9,88.7,27.9,27.63,26.99,27.39
19.2,578,87.8,100,0,-0.1,1,6849,0.01,0.08,97.8,91.2,85.9,88.7,27.9,27.63,26.99,27.39
19.24,579,87.9,100,0,0.8,1,6858,0,0.08,97.8,91.2,85.9,88.7,27.9,27.63,26.99,27.39
19.28,580,88,100,0,0.5,1,6867,-0.01,0.08,97.8,91.2,85.9,88.7,27.9,27.62,26.99,27.39
19.32,581,88.2,100,0,-0.3,1,6876,-0.03,0.08,97.8,91.2,85.9,88.7,27.9,27.62,26.99,27.39
19.36,582,88.3,100,0,-0.8,1,6885,0.01,0.08,97.8,91.2,85.9,88.7,27.9,27.62,26.99,27.39
19.4,583,88.4,100,0,-1,1,6894,-0.02,0.08,97.8,91.2,85.8,88.6,27.9,27.62,26.99,27.39
19.44,584,88.5,100,0,-0.1,1,6903,0.03,0.08,97.8,91.1,85.8,88.6,27.89,27.62,26.99,27.39
19.48,585,88.6,100,0,-0.2,1,6911,-0.04,0.08,97.7,91.1,85.8,88.6,27.89,27.62,26.99,27.39
19.52,586,88.7,100,0,0.5,1,6920,-0.02,0.08,97.7,91.1,85.8,88.6,27.89,27.62,26.99,27.39
19.56,587,88.8,100,0,-0.6,1,6929,0,0.08,97.7,91.1,85.8,88.6,27.89,27.62,26.98,27.38
19.6,588,88.9,100,0,0.7,1,6938,0.01,0.08,97.7,91.1,85.8,88.6,27.89,27.62,26.98,27.38
19.64,589,89.1,100,0,0,1,6947,0,0.08,97.7,91.1,85.8,88.6,27.89,27.62,26.98,27.38
19.68,590,89.2,100,0,-0.1,1,6955,0.01,0.08,97.7,91.1,85.8,88.6,27.89,27.62,26.98,27.38
19.72,591,89.3,100,0,0.4,1,6964,0,0.08,97.7,91.1,85.8,88.6,27.89,27.61,26.98,27.38
19.76,592,89.4,100,0,-0.1,1,6973,-0.04,0.08,97.7,91,85.7,88.5,27.89,27.61,26.98,27.38
19.8,593,89.5,100,0,0.4,1,6981,0.03,0.08,97.7,91,85.7,88.5,27.89,27.61,26.98,27.38
19.84,594,89.6,100,0,-0.5,1,6990,-0.03,0.08,97.6,91,85.7,88.5,27.89,27.61,26.98,27.38
19.88,595,89.7,100,0,0.2,1,6998,0,0.08,97.6,91,85.7,88.5,27.88,27.61,26.98,27.38
19.92,596,89.8,100,0,0,1,7007,-0.03,0.08,97.6,91,85.7,88.5,27.88,27.61,26.98,27.38
19.96,597,89.9,100,0,0.5,1,7016,-0.04,0.08,97.6,91,85.7,88.5,27.88,27.61,26.98,27.38
20,598,90.1,100,0,0,1,7024,0.01,0.08,97.6,91,85.7,88.5,27.88,27.61,26.98,27.38
20.04,599,90.2,100,0,0.3,1,7033,0.05,0.08,97.6,91,85.7,88.5,27.88,27.61,26.97,27.37
20.08,600,90.3,100,0,-0.1,1,7041,0,0.08,97.6,90.9,85.6,88.4,27.88,27.61,26.97,27.37
20.12,601,90.4,100,0,0.2,1,7050,0.04,0.08,97.6,90.9,85.6,88.4,27.88,27.61,26.97,27.37
20.16,602,90.5,100,0,0.1,1,7058,0.01,0.08,97.5,90.9,85.6,88.4,27.88,27.6,26.97,27.37
20.2,603,90.6,100,0,0.3,1,7066,-0.01,0.08,97.5,90.9,85.6,88.4,27.88,27.6,26.97,27.37
20.24,604,90.7,100,0,0.1,1,7075,-0.01,0.08,97.5,90.9,85.6,88.4,27.88,27.6,26.97,27.37
20.28,605,90.8,100,0,-0.2,1,7083,-0.02,0.08,97.5,90.9,85.6,88.4,27.88,27.6,26.97,27.37
20.32,606,90.9,100,0,0.1,1,7092,0.01,0.08,97.5,90.9,85.6,88.4,27.87,27.6,26.97,27.37
20.36,607,91,100,0,0.2,1,7100,-0.03,0.08,97.5,90.9,85.6,88.4,27.87,27.6,26.97,27.37
20.4,608,91.1,100,0,0.2,1,7108,-0.02,0.08,97.5,90.9,85.5,88.3,27.87,27.6,26.97,27.37
20.44,609,91.2,100,0,-0.3,1,7117,-0.01,0.08,97.5,90.8,85.5,88.3,27.87,27.6,26.97,27.37
20.48,610,91.3,100,0,0.1,1,7125,0.03,0.08,97.4,90.8,85.5,88.3,27.87,27.6,26.96,27.36
20.52,611,91.5,100,0,0,1,7133,0,0.07,97.4,90.8,85.5,88.3,27.87,27.6,26.96,27.36
20.56,612,91.6,100,0,0.2,1,7141,-0.03,0.07,97.4,90.8,85.5,88.3,27.87,27.6,26.96,27.36
20.6,613,91.7,100,0,0.8,1,7150,0.02,0.07,97.4,90.8,85.5,88.3,27.87,27.59,26.96,27.36
20.64,614,91.8,100,0,0.2,1,7158,-0.02,0.07,97.4,90.8,85.5,88.3,27.87,27.59,26.96,27.36
20.68,615,91.9,100,0,-0.3,1,7166,-0.01,0.07,97.4,90.8,85.5,88.3,27.87,27.59,26.96,27.36
20.72,616,92,100,0,0.6,1,7174,0.02,0.07,97.4,90.8,85.5,88.3,27.87,27.59,26.96,27.36
20.76,617,92.1,100,0,-0.9,1,7182,0.03,0.07,97.4,90.7,85.4,88.2,27.86,27.59,26.96,27.36
20.8,618,92.2,100,0,0.4,1,7190,0.03,0.07,97.4,90.7,85.4,88.2,27.86,27.59,26.96,27.36
20.84,619,92.3,100,0,-0.6,1,7198,-0.01,0.07,97.3,90.7,85.4,88.2,27.86,27.59,26.96,27.36
20.88,620,92.4,100,0,0.2,1,7206,0,0.07,97.3,90.7,85.4,88.2,27.86,27.59,26.96,27.36
20.92,621,92.5,100,0,-0.1,1,7215,-0.02,0.07,97.3,90.7,85.4,88.2,27.86,27.59,26.95,27.35
20.96,622,92.6,100,0,-0.8,1,7223,0,0.07,97.3,90.7,85.4,88.2,27.86,27.59,26.95,27.35
21,623,92.7,100,0,0.5,1,7231,-0.04,0.07,97.3,90.7,85.4,88.2,27.86,27.59,26.95,27.35
21.04,624,92.8,100,0,0.2,1,7239,-0.03,0.07,97.3,90.7,85.4,88.2,27.86,27.58,26.95,27.35
21.08,625,92.9,100,0,0.1,1,7247,-0.02,0.07,97.3,90.6,85.3,88.1,27.86,27.58,26.95,27.35
21.12,627,93,100,0,-0.4,1,7254,-0.02,0.07,97.3,90.6,85.3,88.1,27.86,27.58,26.95,27.35
21.16,628,93.1,100,0,0.2,1,7262,-0.01,0.07,97.2,90.6,85.3,88.1,27.86,27.58,26.95,27.35
21.2,629,93.2,100,0,-0.4,1,7270,0.02,0.07,97.2,90.6,85.3,88.1,27.85,27.58,26.95,27.35
21.24,630,93.3,100,0,-0.8,1,7278,0.01,0.07,97.2,90.6,85.3,88.1,27.85,27.58,26.95,27.35
21.28,631,93.4,100,0,0.1,1,7286,-0.01,0.07,97.2,90.6,85.3,88.1,27.85,27.58,26.95,27.35
21.32,632,93.5,100,0,0.6,1,7294,0,0.07,97.2,90.6,85.3,88.1,27.85,27.58,26.95,27.35
21.36,633,93.6,100,0,0.4,1,7302,0.01,0.07,97.2,90.6,85.3,88.1,27.85,27.58,26.94,27.34
21.4,634,93.7,100,0,0,1,7310,0.01,0.07,97.2,90.6,85.2,88,27.85,27.58,26.94,27.34
21.44,635,93.8,100,0,-0.5,1,7317,0.02,0.07,97.2,90.5,85.2,88,27.85,27.58,26.94,27.34
21.48,636,93.9,100,0,-0.2,1,7325,0,0.07,97.1,90.5,85.2,88,27.85,27.57,26.94,27.34
21.52,637,94,100,0,0.9,1,7333,0.01,0.07,97.1,90.5,85.2,88,27.85,27.57,26.94,27.34
21.56,638,94.1,100,0,0.2,1,7341,-0.01,0.07,97.1,90.5,85.2,88,27.85,27.57,26.94,27.34
21.6,639,94.2,100,0,0.2,1,7348,0.01,0.07,97.1,90.5,85.2,88,27.85,27.57,26.94,27.34
21.64,640,94.3,100,0,0.3,1,7356,0.02,0.07,97.1,90.5,85.2,88,27.85,27.57,26.94,27.34
21.68,641,94.4,100,0,0.5,1,7364,-0.01,0.07,97.1,90.5,85.2,88,27.84,27.57,26.94,27.34
21.72,642,94.5,100,0,-0.2,1,7371,0,0.07,97.1,90.5,85.2,88,27.84,27.57,26.94,27.34
21.76,643,94.6,100,0,0.6,1,7379,-0.03,0.07,97.1,90.4,85.1,87.9,27.84,27.57,26.94,27.34
21.8,644,94.7,100,0,0.1,1,7387,-0.06,0.07,97.1,90.4,85.1,87.9,27.84,27.57,26.93,27.33
21.84,645,94.8,100,0,0.3,1,7394,0.04,0.07,97,90.4,85.1,87.9,27.84,27.57,26.93,27.33
21.88,646,94.9,100,0,-0.1,1,7402,0.02,0.07,97,90.4,85.1,87.9,27.84,27.57,26.93,27.33
21.92,647,95,100,0,-0.2,1,7409,-0.01,0.07,97,90.4,85.1,87.9,27.84,27.56,26.93,27.33
21.96,648,95.1,100,0,0.4,2,5420,0,0.07,97,90.4,85.1,87.9,27.84,27.56,26.93,27.33
22,650,95.2,100,0,0,2,5426,0.03,0.07,97,90.4,85.1,87.9,27.84,27.56,26.93,27.33
22.04,651,95.3,100,0,-0.2,2,5431,-0.03,0.07,97,90.4,85.1,87.9,27.84,27.56,26.93,27.33
22.08,652,95.4,100,0,0,2,5437,0,0.07,97,90.3,85,87.8,27.84,27.56,26.93,27.33
22.12,653,95.5,100,0,0,2,5442,0.01,0.07,97,90.3,85,87.8,27.83,27.56,26.93,27.33
22.16,654,95.6,100,0,-0.6,2,5447,0.04,0.07,96.9,90.3,85,87.8,27.83,27.56,26.93,27.33
22.2,655,95.7,100,0,0.8,2,5453,0,0.07,96.9,90.3,85,87.8,27.83,27.56,26.93,27.33
22.24,656,95.8,100,0,-0.6,2,5458,-0.04,0.07,96.9,90.3,85,87.8,27.83,27.56,26.92,27.32
22.28,657,95.9,100,0,0.2,2,5464,-0.02,0.07,96.9,90.3,85,87.8,27.83,27.56,26.92,27.32
22.32,658,95.9,100,0,0.2,2,5469,0.01,0.07,96.9,90.3,85,87.8,27.83,27.56,26.92,27.32
22.36,659,96,100,0,0.2,2,5475,-0.03,0.07,96.9,90.3,85,87.8,27.83,27.55,26.92,27.32
22.4,660,96.1,100,0,-1,2,5480,0.02,0.07,96.9,90.3,84.9,87.7,27.83,27.55,26.92,27.32
22.44,661,96.2,100,0,-0.5,2,5485,-0.03,0.07,96.9,90.2,84.9,87.7,27.83,27.55,26.92,27.32
22.48,662,96.3,100,0,-0.2,2,5491,0.04,0.07,96.8,90.2,84.9,87.7,27.83,27.55,26.92,27.32
22.52,663,96.4,100,0,0.5,2,5496,0,0.07,96.8,90.2,84.9,87.7,27.83,27.55,26.92,27.32
22.56,664,96.5,100,0,-0.1,2,5501,0.02,0.07,96.8,90.2,84.9,87.7,27.82,27.55,26.92,27.32
22.6,665,96.6,100,0,-0.2,2,5507,0.02,0.07,96.8,90.2,84.9,87.7,27.82,27.55,26.92,27.32
22.64,667,96.7,100,0,-0.2,2,5512,-0.04,0.07,96.8,90.2,84.9,87.7,27.82,27.55,26.92,27.32
22.68,668,96.8,100,0,0.4,2,5517,0.03,0.07,96.8,90.2,84.9,87.7,27.82,27.55,26.91,27.31
22.72,669,96.9,100,0,0.2,2,5522,0.03,0.07,96.8,90.2,84.9,87.7,27.82,27.55,26.91,27.31
22.76,670,97,100,0,0.4,2,5528,0.02,0.07,96.8,90.1,84.8,87.6,27.82,27.55,26.91,27.31
22.8,671,97.1,100,0,-0.6,2,5533,-0.02,0.07,96.8,90.1,84.8,87.6,27.82,27.54,26.91,27.31
22.84,672,97.2,100,0,0.1,2,5538,-0.02,0.06,96.7,90.1,84.8,87.6,27.82,27.54,26.91,27.31
22.88,673,97.3,100,0,-0.4,2,5543,-0.01,0.06,96.7,90.1,84.8,87.6,27.82,27.54,26.91,27.31
22.92,674,97.3,100,0,-0.2,2,5549,0.01,0.06,96.7,90.1,84.8,87.6,27.82,27.54,26.91,27.31
22.96,675,97.4,100,0,-0.3,2,5554,0.01,0.06,96.7,90.1,84.8,87.6,27.82,27.54,26.91,27.31
23,676,97.5,100,0,0.2,2,5559,-0.02,0.06,96.7,90.1,84.8,87.6,27.81,27.54,26.91,27.31
23.04,677,97.6,100,0,0,2,5564,-0.01,0.06,96.7,90.1,84.8,87.6,27.81,27.54,26.91,27.31
23.08,678,97.7,100,0,0.9,2,5569,0,0.06,96.7,90,84.7,87.5,27.81,27.54,26.91,27.31
23.12,680,97.8,100,0,0.3,2,5574,0.02,0.06,96.7,90,84.7,87.5,27.81,27.54,26.9,27.3
23.16,681,97.9,100,0,0.8,2,5579,0,0.06,96.6,90,84.7,87.5,27.81,27.54,26.9,27.3
23.2,682,98,100,0,-0.4,2,5585,0.02,0.06,96.6,90,84.7,87.5,27.81,27.54,26.9,27.3
23.24,683,98.1,100,0,-0.2,2,5590,0.01,0.06,96.6,90,84.7,87.5,27.81,27.54,26.9,27.3
23.28,684,98.2,100,0,0.1,2,5595,0,0.06,96.6,90,84.7,87.5,27.81,27.53,26.9,27.3
23.32,685,98.2,100,0,-0.6,2,5600,0,0.06,96.6,90,84.7,87.5,27.81,27.53,26.9,27.3
23.36,686,98.3,100,0,0.1,2,5605,0,0.06,96.6,90,84.7,87.5,27.81,27.53,26.9,27.3
23.4,687,98.4,100,0,0.6,2,5610,0.02,0.06,96.6,90,84.6,87.4,27.81,27.53,26.9,27.3
23.44,688,98.5,100,0,0.5,2,5615,-0.02,0.06,96.6,89.9,84.6,87.4,27.8,27.53,26.9,27.3
23.48,689,98.6,100,0,0.4,2,5620,-0.02,0.06,96.5,89.9,84.6,87.4,27.8,27.53,26.9,27.3
23.52,690,98.7,100,0,0.3,2,5625,0.02,0.06,96.5,89.9,84.6,87.4,27.8,27.53,26.9,27.3
23.56,692,98.8,100,0,0.4,2,5630,0.01,0.06,96.5,89.9,84.6,87.4,27.8,27.53,26.89,27.29
23.6,693,98.9,100,0,0.3,2,5635,0.02,0.06,96.5,89.9,84.6,87.4,27.8,27.53,26.89,27.29
23.64,694,98.9,100,0,-0.1,2,5640,0,0.06,96.5,89.9,84.6,87.4,27.8,27.53,26.89,27.29
23.68,695,99,100,0,0.7,2,5645,-0.01,0.06,96.5,89.9,84.6,87.4,27.8,27.53,26.89,27.29
23.72,696,99.1,100,0,-0.3,2,5650,-0.02,0.06,96.5,89.9,84.6,87.4,27.8,27.52,26.89,27.29
23.76,697,99.2,100,0,-0.3,2,5655,0.02,0.06,96.5,89.8,84.5,87.3,27.8,27.52,26.89,27.29
23.8,698,99.3,100,0,0,2,5660,-0.01,0.06,96.5,89.8,84.5,87.3,27.8,27.52,26.89,27.29
23.84,699,99.4,100,0,0,2,5665,-0.02,0.06,96.4,89.8,84.5,87.3,27.8,27.52,26.89,27.29
23.88,700,99.5,100,0,-0.3,2,5670,0.02,0.06,96.4,89.8,84.5,87.3,27.79,27.52,26.89,27.29
23.92,701,99.6,100,0,0.1,2,5675,0,0.06,96.4,89.8,84.5,87.3,27.79,27.52,26.89,27.29
23.96,703,99.6,100,0,0.4,2,5680,0,0.06,96.4,89.8,84.5,87.3,27.79,27.52,26.89,27.29
24,704,99.7,100,0,0.2,2,5684,-0.01,0.06,96.4,89.8,84.5,87.3,27.79,27.52,26.89,27.29
24.04,705,99.8,100,0,-0.1,2,5689,0.01,0.06,96.4,89.8,84.5,87.3,27.79,27.52,26.88,27.28
24.08,706,99.9,100,0,-0.5,2,5694,-0.01,0.06,96.4,89.7,84.4,87.2,27.79,27.52,26.88,27.28
24.12,707,100,100,0,0.6,2,5699,-0.01,0.06,96.4,89.7,84.4,87.2,27.79,27.52,26.88,27.28
24.16,708,100.1,100,0,-0.4,2,5704,0.03,0.06,96.3,89.7,84.4,87.2,27.79,27.51,26.88,27.28
24.2,709,100.2,100,0,0.1,2,5709,-0.03,0.06,96.3,89.7,84.4,87.2,27.79,27.51,26.88,27.28
24.24,710,100.2,100,0,-0.2,2,5714,0,0.06,96.3,89.7,84.4,87.2,27.79,27.51,26.88,27.28
24.28,711,100.3,100,0,0,2,5718,-0.01,0.06,96.3,89.7,84.4,87.2,27.79,27.51,26.88,27.28
24.32,713,100.4,100,0,-0.7,2,5723,-0.01,0.06,96.3,89.7,84.4,87.2,27.78,27.51,26.88,27.28
24.36,714,100.5,100,0,0.7,2,5728,0,0.06,96.3,89.7,84.4,87.2,27.78,27.51,26.88,27.28
24.4,715,100.6,100,0,-0.2,2,5733,0.01,0.06,96.3,89.7,84.3,87.1,27.78,27.51,26.88,27.28
24.44,716,100.7,100,0,0.3,2,5737,0.02,0.06,96.3,89.6,84.3,87.1,27.78,27.51,26.88,27.28
24.48,717,100.7,100,0,0,2,5742,0.03,0.06,96.2,89.6,84.3,87.1,27.78,27.51,26.87,27.27
24.52,718,100.8,100,0,0,2,5747,0.01,0.06,96.2,89.6,84.3,87.1,27.78,27.51,26.87,27.27
24.56,719,100.9,100,0,-0.5,2,5752,-0.02,0.06,96.2,89.6,84.3,87.1,27.78,27.51,26.87,27.27
24.6,720,101,100,0,0,2,5756,-0.02,0.06,96.2,89.6,84.3,87.1,27.78,27.5,26.87,27.27
24.64,722,101.1,100,0,0.4,2,5761,-0.03,0.06,96.2,89.6,84.3,87.1,27.78,27.5,26.87,27.27
24.68,723,101.2,100,0,-0.1,2,5766,-0.02,0.06,96.2,89.6,84.3,87.1,27.78,27.5,26.87,27.27
24.72,724,101.2,100,0,-0.5,2,5770,0.04,0.06,96.2,89.6,84.3,87.1,27.78,27.5,26.87,27.27
24.76,725,101.3,100,0,0.7,2,5775,0,0.06,96.2,89.5,84.2,87,27.77,27.5,26.87,27.27
24.8,726,101.4,100,0,-0.4,2,5780,0.02,0.06,96.2,89.5,84.2,87,27.77,27.5,26.87,27.27
24.84,727,101.5,100,0,0,2,5784,0,0.06,96.1,89.5,84.2,87,27.77,27.5,26.87,27.27
24.88,728,101.6,100,0,-0.3,2,5789,-0.02,0.06,96.1,89.5,84.2,87,27.77,27.5,26.87,27.27
24.92,729,101.6,100,0,0.4,2,5794,-0.02,0.06,96.1,89.5,84.2,87,27.77,27.5,26.86,27.26
24.96,731,101.7,100,0,-0.3,2,5798,-0.02,0.06,96.1,89.5,84.2,87,27.77,27.5,26.86,27.26
25,732,101.8,100,0,0.1,2,5803,0.04,0.06,96.1,89.5,84.2,87,27.77,27.5,26.86,27.26
25.04,733,101.9,100,0,0.6,2,5807,-0.02,0.06,96.1,89.5,84.2,87,27.77,27.49,26.86,27.26
25.08,734,102,100,0,0.7,2,5812,-0.02,0.06,96.1,89.4,84.1,86.9,27.77,27.49,26.86,27.26
25.12,735,102,100,0,0.1,2,5817,-0.02,0.06,96.1,89.4,84.1,86.9,27.77,27.49,26.86,27.26
25.16,736,102.1,100,0,0.6,2,5821,0,0.06,96,89.4,84.1,86.9,27.77,27.49,26.86,27.26
25.2,737,102.2,100,0,0,2,5826,0,0.06,96,89.4,84.1,86.9,27.76,27.49,26.86,27.26
25.24,738,102.3,100,0,-0.5,2,5830,-0.01,0.06,96,89.4,84.1,86.9,27.76,27.49,26.86,27.26
25.28,740,102.4,100,0,-0.6,2,5835,-0.01,0.06,96,89.4,84.1,86.9,27.76,27.49,26.86,27.26
25.32,741,102.4,100,0,-0.5,2,5839,0.02,0.06,96,89.4,84.1,86.9,27.76,27.49,26.86,27.26
25.36,742,102.5,100,0,0.1,2,5844,0,0.06,96,89.4,84.1,86.9,27.76,27.49,26.85,27.25
25.4,743,102.6,100,0,0.1,2,5848,0.01,0.06,96,89.4,84,86.8,27.76,27.49,26.85,27.25
25.44,744,102.7,100,0,-0.4,2,5853,-0.01,0.06,96,89.3,84,86.8,27.76,27.49,26.85,27.25
25.48,745,102.8,100,0,0,2,5857,0,0.06,95.9,89.3,84,86.8,27.76,27.48,26.85,27.25
25.52,746,102.8,100,0,0.2,2,5862,0.03,0.06,95.9,89.3,84,86.8,27.76,27.48,26.85,27.25
25.56,748,102.9,100,0,1,2,5866,0.04,0.06,95.9,89.3,84,86.8,27.76,27.48,26.85,27.25
25.6,749,103,100,0,-0.3,2,5871,0.05,0.06,95.9,89.3,84,86.8,27.76,27.48,26.85,27.25
25.64,750,103.1,100,0,0.3,2,5875,-0.02,0.06,95.9,89.3,84,86.8,27.76,27.48,26.85,27.25
25.68,751,103.1,100,0,-0.2,2,5879,0,0.05,95.9,89.3,84,86.8,27.75,27.48,26.85,27.25
25.72,752,103.2,100,0,0.2,2,5884,0.01,0.05,95.9,89.3,84,86.8,27.75,27.48,26.85,27.25
25.76,753,103.3,100,0,-0.3,2,5888,-0.02,0.05,95.9,89.2,83.9,86.7,27.75,27.48,26.85,27.25
25.8,754,103.4,100,0,-0.1,2,5893,0,0.05,95.9,89.2,83.9,86.7,27.75,27.48,26.84,27.24
25.84,756,103.5,100,0,0.4,2,5897,0.02,0.05,95.8,89.2,83.9,86.7,27.75,27.48,26.84,27.24
25.88,757,103.5,100,0,0.2,2,5901,-0.01,0.05,95.8,89.2,83.9,86.7,27.75,27.48,26.84,27.24
25.92,758,103.6,100,0,-0.5,2,5906,0,0.05,95.8,89.2,83.9,86.7,27.75,27.47,26.84,27.24
25.96,759,103.7,100,0,-0.5,2,5910,0.03,0.05,95.8,89.2,83.9,86.7,27.75,27.47,26.84,27.24
26,760,103.8,100,0,0.1,2,5915,0.03,0.05,95.8,89.2,83.9,86.7,27.75,27.47,26.84,27.24
26.04,761,103.8,100,0,0.5,2,5919,-0.04,0.05,95.8,89.2,83.9,86.7,27.75,27.47,26.84,27.24
26.08,762,103.9,100,0,0,2,5923,-0.01,0.05,95.8,89.1,83.8,86.6,27.75,27.47,26.84,27.24
26.12,764,104,100,0,0.2,2,5927,-0.01,0.05,95.8,89.1,83.8,86.6,27.74,27.47,26.84,27.24
26.16,765,104.1,100,0,-0.6,2,5932,0.01,0.05,95.7,89.1,83.8,86.6,27.74,27.47,26.84,27.24
26.2,766,104.1,100,0,0.1,2,5936,0,0.05,95.7,89.1,83.8,86.6,27.74,27.47,26.84,27.24
26.24,767,104.2,100,0,-0.2,2,5940,0,0.05,95.7,89.1,83.8,86.6,27.74,27.47,26.83,27.23
26.28,768,104.3,100,0,0.5,2,5945,-0.02,0.05,95.7,89.1,83.8,86.6,27.74,27.47,26.83,27.23
26.32,769,104.4,100,0,-0.2,2,5949,0.02,0.05,95.7,89.1,83.8,86.6,27.74,27.47,26.83,27.23
26.36,771,104.4,100,0,0,2,5953,0.07,0.05,95.7,89.1,83.8,86.6,27.74,27.46,26.83,27.23
26.4,772,104.5,100,0,0.6,2,5957,0.03,0.05,95.7,89.1,83.7,86.5,27.74,27.46,26.83,27.23
26.44,773,104.6,100,0,0.1,2,5962,0.03,0.05,95.7,89,83.7,86.5,27.74,27.46,26.83,27.23
26.48,774,104.7,100,0,0.1,2,5966,0,0.05,95.6,89,83.7,86.5,27.74,27.46,26.83,27.23
26.52,775,104.7,100,0,0.4,2,5970,-0.02,0.05,95.6,89,83.7,86.5,27.74,27.46,26.83,27.23
26.56,776,104.8,100,0,0.3,2,5974,0.02,0.05,95.6,89,83.7,86.5,27.73,27.46,26.83,27.23
26.6,778,104.9,100,0,-0.1,2,5979,-0.03,0.05,95.6,89,83.7,86.5,27.73,27.46,26.83,27.23
26.64,779,105,100,0,0.7,2,5983,-0.03,0.05,95.6,89,83.7,86.5,27.73,27.46,26.83,27.23
26.68,780,105,100,0,-0.1,2,5987,0,0.05,95.6,89,83.7,86.5,27.73,27.46,26.82,27.22
26.72,781,105.1,100,0,-0.5,2,5991,-0.04,0.05,95.6,89,83.7,86.5,27.73,27.46,26.82,27.22
26.76,782,105.2,100,0,0.3,2,5995,0.01,0.05,95.6,88.9,83.6,86.4,27.73,27.46,26.82,27.22
26.8,783,105.3,100,0,0.5,2,5999,0.01,0.05,95.6,88.9,83.6,86.4,27.73,27.45,26.82,27.22
26.84,785,105.3,100,0,0.6,2,6004,0.01,0.05,95.5,88.9,83.6,86.4,27.73,27.45,26.82,27.22
26.88,786,105.4,100,0,-0.2,2,6008,-0.02,0.05,95.5,88.9,83.6,86.4,27.73,27.45,26.82,27.22
26.92,787,105.5,100,0,0.9,2,6012,-0.01,0.05,95.5,88.9,83.6,86.4,27.73,27.45,26.82,27.22
26.96,788,105.5,100,0,0.3,2,6016,-0.01,0.05,95.5,88.9,83.6,86.4,27.73,27.45,26.82,27.22
27,789,105.6,100,0,-0.1,2,6020,0,0.05,95.5,88.9,83.6,86.4,27.72,27.45,26.82,27.22
27.04,790,105.7,100,0,-0.2,2,6024,0,0.05,95.5,88.9,83.6,86.4,27.72,27.45,26.82,27.22
27.08,792,105.8,100,0,-0.2,2,6028,0.01,0.05,95.5,88.8,83.5,86.3,27.72,27.45,26.82,27.22
27.12,793,105.8,100,0,0.1,2,6032,0.02,0.05,95.5,88.8,83.5,86.3,27.72,27.45,26.81,27.21
27.16,794,105.9,100,0,0.2,2,6036,-0.01,0.05,95.4,88.8,83.5,86.3,27.72,27.45,26.81,27.21
27.2,795,106,100,0,-0.1,2,6040,0.01,0.05,95.4,88.8,83.5,86.3,27.72,27.45,26.81,27.21
27.24,796,106,100,0,0.3,2,6044,0.04,0.05,95.4,88.8,83.5,86.3,27.72,27.45,26.81,27.21
27.28,797,106.1,100,0,0,2,6048,0,0.05,95.4,88.8,83.5,86.3,27.72,27.44,26.81,27.21
27.32,799,106.2,100,0,-0.3,2,6052,0.01,0.05,95.4,88.8,83.5,86.3,27.72,27.44,26.81,27.21
27.36,800,106.3,100,0,0.1,2,6057,-0.02,0.05,95.4,88.8,83.5,86.3,27.72,27.44,26.81,27.21
27.4,801,106.3,100,0,0.3,2,6061,0.03,0.05,95.4,88.8,83.4,86.2,27.72,27.44,26.81,27.21
27.44,802,106.4,100,0,-0.5,2,6065,-0.01,0.05,95.4,88.7,83.4,86.2,27.71,27.44,26.81,27.21
27.48,803,106.5,100,0,-0.9,2,6069,0.01,0.05,95.3,88.7,83.4,86.2,27.71,27.44,26.81,27.21
27.52,805,106.5,100,0,-0.2,2,6073,-0.03,0.05,95.3,88.7,83.4,86.2,27.71,27.44,26.81,27.21
27.56,806,106.6,100,0,0.5,2,6076,0.04,0.05,95.3,88.7,83.4,86.2,27.71,27.44,26.8,27.2
27.6,807,106.7,100,0,0,2,6080,0.01,0.05,95.3,88.7,83.4,86.2,27.71,27.44,26.8,27.2
27.64,808,106.7,100,0,-0.7,2,6084,-0.02,0.05,95.3,88.7,83.4,86.2,27.71,27.44,26.8,27.2
27.68,809,106.8,100,0,-0.3,2,6088,0,0.05,95.3,88.7,83.4,86.2,27.71,27.44,26.8,27.2
27.72,811,106.9,100,0,-0.3,2,6092,0,0.05,95.3,88.7,83.4,86.2,27.71,27.43,26.8,27.2
27.76,812,107,100,0,-0.4,2,6096,-0.02,0.05,95.3,88.6,83.3,86.1,27.71,27.43,26.8,27.2
27.8,813,107,100,0,-0.2,2,6100,-0.01,0.05,95.3,88.6,83.3,86.1,27.71,27.43,26.8,27.2
27.84,814,107.1,100,0,-0.2,2,6104,0.02,0.05,95.2,88.6,83.3,86.1,27.71,27.43,26.8,27.2
27.88,815,107.2,100,0,-0.4,2,6108,-0.01,0.05,95.2,88.6,83.3,86.1,27.7,27.43,26.8,27.2
27.92,816,107.2,100,0,-0.2,2,6112,0.02,0.05,95.2,88.6,83.3,86.1,27.7,27.43,26.8,27.2
27.96,818,107.3,100,0,0.5,2,6116,0.02,0.05,95.2,88.6,83.3,86.1,27.7,27.43,26.8,27.2
28,819,107.4,100,0,0.4,2,6120,0,0.05,95.2,88.6,83.3,86.1,27.7,27.43,26.8,27.2
28.04,820,107.4,100,0,-0.4,2,6124,-0.01,0.05,95.2,88.6,83.3,86.1,27.7,27.43,26.79,27.19
28.08,821,107.5,100,0,0,2,6127,-0.01,0.05,95.2,88.5,83.2,86,27.7,27.43,26.79,27.19
28.12,822,107.6,100,0,0,2,6131,0,0.05,95.2,88.5,83.2,86,27.7,27.43,26.79,27.19
28.16,824,107.6,100,0,-0.4,2,6135,0,0.05,95.1,88.5,83.2,86,27.7,27.42,26.79,27.19
28.2,825,107.7,100,0,-0.1,2,6139,-0.02,0.05,95.1,88.5,83.2,86,27.7,27.42,26.79,27.19
28.24,826,107.8,100,0,0.6,2,6143,0,0.05,95.1,88.5,83.2,86,27.7,27.42,26.79,27.19
28.28,827,107.8,100,0,0.4,2,6147,0.02,0.05,95.1,88.5,83.2,86,27.7,27.42,26.79,27.19
28.32,828,107.9,100,0,0.2,2,6150,0.01,0.05,95.1,88.5,83.2,86,27.69,27.42,26.79,27.19
28.36,830,108,100,0,-0.1,2,6154,-0.02,0.05,95.1,88.5,83.2,86,27.69,27.42,26.79,27.19
28.4,831,108,100,0,0.1,2,6158,0.02,0.05,95.1,88.5,83.1,85.9,27.69,27.42,26.79,27.19
28.44,832,108.1,100,0,-0.3,2,6162,0,0.05,95.1,88.4,83.1,85.9,27.69,27.42,26.79,27.19
28.48,833,108.2,100,0,-0.1,2,6166,0.02,0.05,95,88.4,83.1,85.9,27.69,27.42,26.78,27.18
28.52,834,108.2,100,0,-0.3,2,6169,0.04,0.05,95,88.4,83.1,85.9,27.69,27.42,26.78,27.18
28.56,836,108.3,100,0,-0.3,2,6173,-0.01,0.05,95,88.4,83.1,85.9,27.69,27.42,26.78,27.18
28.6,837,108.4,100,0,-0.1,2,6177,-0.04,0.05,95,88.4,83.1,85.9,27.69,27.41,26.78,27.18
28.64,838,108.4,100,0,0.6,2,6181,-0.03,0.05,95,88.4,83.1,85.9,27.69,27.41,26.78,27.18
28.68,839,108.5,100,0,0.2,2,6184,0.02,0.05,95,88.4,83.1,85.9,27.69,27.41,26.78,27.18
28.72,840,108.6,100,0,-0.4,2,6188,-0.02,0.05,95,88.4,83.1,85.9,27.69,27.41,26.78,27.18
28.76,842,108.6,100,0,0,2,6192,0.03,0.05,95,88.3,83,85.8,27.68,27.41,26.78,27.18
28.8,843,108.7,100,0,-0.1,2,6195,-0.04,0.05,95,88.3,83,85.8,27.68,27.41,26.78,27.18
28.84,844,108.8,100,0,-0.4,2,6199,0.05,0.05,94.9,88.3,83,85.8,27.68,27.41,26.78,27.18
28.88,845,108.8,100,0,-0.3,2,6203,-0.01,0.05,94.9,88.3,83,85.8,27.68,27.41,26.78,27.18
28.92,846,108.9,100,0,-0.6,2,6207,0,0.05,94.9,88.3,83,85.8,27.68,27.41,26.77,27.17
28.96,848,109,100,0,-0.1,2,6210,-0.04,0.05,94.9,88.3,83,85.8,27.68,27.41,26.77,27.17
29,849,109,100,0,-0.6,2,6214,0,0.05,94.9,88.3,83,85.8,27.68,27.41,26.77,27.17
29.04,850,109.1,100,0,0,2,6218,0,0.05,94.9,88.3,83,85.8,27.68,27.4,26.77,27.17
29.08,851,109.1,100,0,0.1,2,6221,0.02,0.05,94.9,88.2,82.9,85.7,27.68,27.4,26.77,27.17
29.12,853,109.2,100,0,-0.3,2,6225,-0.01,0.05,94.9,88.2,82.9,85.7,27.68,27.4,26.77,27.17
29.16,854,109.3,100,0,-0.4,2,6228,0.01,0.05,94.8,88.2,82.9,85.7,27.68,27.4,26.77,27.17
29.2,855,109.3,100,0,0.1,2,6232,0.03,0.05,94.8,88.2,82.9,85.7,27.67,27.4,26.77,27.17
29.24,856,109.4,100,0,-0.2,2,6236,-0.02,0.04,94.8,88.2,82.9,85.7,27.67,27.4,26.77,27.17
29.28,857,109.5,100,0,-0.1,2,6239,-0.01,0.04,94.8,88.2,82.9,85.7,27.67,27.4,26.77,27.17
29.32,859,109.5,100,0,-0.2,2,6243,0,0.04,94.8,88.2,82.9,85.7,27.67,27.4,26.77,27.17
29.36,860,109.6,100,0,0.4,2,6247,-0.01,0.04,94.8,88.2,82.9,85.7,27.67,27.4,26.76,27.16
29.4,861,109.7,100,0,-0.4,2,6250,-0.01,0.04,94.8,88.2,82.8,85.6,27.67,27.4,26.76,27.16
29.44,862,109.7,100,0,-1.2,2,6254,-0.03,0.04,94.8,88.1,82.8,85.6,27.67,27.4,26.76,27.16
29.48,863,109.8,100,0,-0.1,2,6257,-0.02,0.04,94.7,88.1,82.8,85.6,27.67,27.39,26.76,27.16
29.52,865,109.8,100,0,0,2,6261,0.02,0.04,94.7,88.1,82.8,85.6,27.67,27.39,26.76,27.16
29.56,866,109.9,100,0,0.1,2,6264,0.04,0.04,94.7,88.1,82.8,85.6,27.67,27.39,26.76,27.16
29.6,867,110,100,0,0.4,2,6268,-0.03,0.04,94.7,88.1,82.8,85.6,27.67,27.39,26.76,27.16
29.64,868,110,100,0,-0.3,2,6271,-0.04,0.04,94.7,88.1,82.8,85.6,27.67,27.39,26.76,27.16
29.68,870,110.1,100,0,-0.1,2,6275,0,0.04,94.7,88.1,82.8,85.6,27.66,27.39,26.76,27.16
29.72,871,110.1,100,0,-0.1,2,6279,-0.03,0.04,94.7,88.1,82.8,85.6,27.66,27.39,26.76,27.16
29.76,872,110.2,100,0,0.1,2,6282,-0.03,0.04,94.7,88,82.7,85.5,27.66,27.39,26.76,27.16
29.8,873,110.3,100,0,-0.4,2,6286,0.06,0.04,94.7,88,82.7,85.5,27.66,27.39,26.75,27.15
29.84,874,110.3,100,0,-0.3,2,6289,-0.01,0.04,94.6,88,82.7,85.5,27.66,27.39,26.75,27.15
29.88,876,110.4,100,0,-0.8,2,6293,0.02,0.04,94.6,88,82.7,85.5,27.66,27.39,26.75,27.15
29.92,877,110.5,100,0,0.3,2,6296,0.01,0.04,94.6,88,82.7,85.5,27.66,27.38,26.75,27.15
29.96,878,110.5,100,0,0.2,2,6300,0,0.04,94.6,88,82.7,85.5,27.66,27.38,26.75,27.15
30,879,110.6,100,0,0,2,6303,0,0.04,94.6,88,82.7,85.5,27.66,27.38,26.75,27.15
30.04,881,110.6,100,0,0.3,2,6306,0.03,0.04,94.6,88,82.7,85.5,27.66,27.38,26.75,27.15
30.08,882,110.7,100,0,-0.2,2,6310,-0.01,0.04,94.6,87.9,82.6,85.4,27.66,27.38,26.75,27.15
30.12,883,110.8,100,0,-0.8,2,6313,-0.01,0.04,94.6,87.9,82.6,85.4,27.65,27.38,26.75,27.15
30.16,884,110.8,100,0,-0.5,2,6317,-0.04,0.04,94.5,87.9,82.6,85.4,27.65,27.38,26.75,27.15
30.2,886,110.9,100,0,0.5,2,6320,-0.03,0.04,94.5,87.9,82.6,85.4,27.65,27.38,26.75,27.15
30.24,887,110.9,100,0,0.1,2,6324,0,0.04,94.5,87.9,82.6,85.4,27.65,27.38,26.74,27.14
30.28,888,111,100,0,0.1,2,6327,0.01,0.04,94.5,87.9,82.6,85.4,27.65,27.38,26.74,27.14
30.32,889,111.1,100,0,0,2,6330,0.04,0.04,94.5,87.9,82.6,85.4,27.65,27.38,26.74,27.14
30.36,890,111.1,100,0,0,2,6334,0.02,0.04,94.5,87.9,82.6,85.4,27.65,27.37,26.74,27.14
30.4,892,111.2,100,0,-0.6,2,6337,0.03,0.04,94.5,87.9,82.5,85.3,27.65,27.37,26.74,27.14
30.44,893,111.2,100,0,1,2,6341,0.02,0.04,94.5,87.8,82.5,85.3,27.65,27.37,26.74,27.14
30.48,894,111.3,100,0,-0.3,2,6344,0.02,0.04,94.4,87.8,82.5,85.3,27.65,27.37,26.74,27.14
30.52,895,111.4,100,0,0.6,2,6347,0.02,0.04,94.4,87.8,82.5,85.3,27.65,27.37,26.74,27.14
30.56,897,111.4,100,0,-0.8,2,6351,-0.03,0.04,94.4,87.8,82.5,85.3,27.64,27.37,26.74,27.14
30.6,898,111.5,100,0,0.2,2,6354,-0.01,0.04,94.4,87.8,82.5,85.3,27.64,27.37,26.74,27.14
30.64,899,111.5,100,0,-0.4,2,6357,0.02,0.04,94.4,87.8,82.5,85.3,27.64,27.37,26.74,27.14
30.68,900,111.6,100,0,0.1,2,6361,-0.03,0.04,94.4,87.8,82.5,85.3,27.64,27.37,26.73,27.13
30.72,902,111.7,100,0,-0.2,2,6364,0.01,0.04,94.4,87.8,82.5,85.3,27.64,27.37,26.73,27.13
30.76,903,111.7,100,0,-0.4,2,6367,0.04,0.04,94.4,87.7,82.4,85.2,27.64,27.37,26.73,27.13
30.8,904,111.8,100,0,0.3,2,6371,0,0.04,94.4,87.7,82.4,85.2,27.64,27.36,26.73,27.13
30.84,905,111.8,100,0,-1.1,2,6374,-0.02,0.04,94.3,87.7,82.4,85.2,27.64,27.36,26.73,27.13
30.88,907,111.9,100,0,-0.2,2,6377,-0.01,0.04,94.3,87.7,82.4,85.2,27.64,27.36,26.73,27.13
30.92,908,111.9,100,0,-0.8,2,6381,-0.02,0.04,94.3,87.7,82.4,85.2,27.64,27.36,26.73,27.13
30.96,909,112,100,0,0.6,2,6384,-0.01,0.04,94.3,87.7,82.4,85.2,27.64,27.36,26.73,27.13
31,910,112.1,100,0,0.5,2,6387,0,0.04,94.3,87.7,82.4,85.2,27.63,27.36,26.73,27.13
31.04,912,112.1,100,0,-0.5,2,6391,-0.02,0.04,94.3,87.7,82.4,85.2,27.63,27.36,26.73,27.13
31.08,913,112.2,100,0,-0.5,2,6394,0.01,0.04,94.3,87.6,82.3,85.1,27.63,27.36,26.73,27.13
31.12,914,112.2,100,0,0,2,6397,0.04,0.04,94.3,87.6,82.3,85.1,27.63,27.36,26.72,27.12
31.16,915,112.3,100,0,-0.2,2,6400,-0.01,0.04,94.2,87.6,82.3,85.1,27.63,27.36,26.72,27.12
31.2,917,112.3,100,0,-0.4,2,6404,0,0.04,94.2,87.6,82.3,85.1,27.63,27.36,26.72,27.12
31.24,918,112.4,100,0,0.1,2,6407,-0.01,0.04,94.2,87.6,82.3,85.1,27.63,27.36,26.72,27.12
31.28,919,112.5,100,0,-0.4,2,6410,0.02,0.04,94.2,87.6,82.3,85.1,27.63,27.35,26.72,27.12
31.32,920,112.5,100,0,0.1,2,6414,-0.01,0.04,94.2,87.6,82.3,85.1,27.63,27.35,26.72,27.12
31.36,922,112.6,100,0,0.3,2,6417,0,0.04,94.2,87.6,82.3,85.1,27.63,27.35,26.72,27.12
31.4,923,112.6,100,0,-0.1,2,6420,0.03,0.04,94.2,87.6,82.2,85,27.63,27.35,26.72,27.12
31.44,924,112.7,100,0,-0.8,2,6423,-0.03,0.04,94.2,87.5,82.2,85,27.62,27.35,26.72,27.12
31.48,925,112.7,100,0,-0.4,2,6427,0.02,0.04,94.1,87.5,82.2,85,27.62,27.35,26.72,27.12
31.52,927,112.8,100,0,0,2,6430,0.02,0.04,94.1,87.5,82.2,85,27.62,27.35,26.72,27.12
31.56,928,112.9,100,0,0.2,2,6433,-0.01,0.04,94.1,87.5,82.2,85,27.62,27.35,26.71,27.11
31.6,929,112.9,100,0,-0.2,2,6437,0.01,0.04,94.1,87.5,82.2,85,27.62,27.35,26.71,27.11
31.64,930,113,100,0,0.1,2,6440,0.02,0.04,94.1,87.5,82.2,85,27.62,27.35,26.71,27.11
31.68,932,113,100,0,0.6,2,6443,0.03,0.04,94.1,87.5,82.2,85,27.62,27.35,26.71,27.11
31.72,933,113.1,100,0,0.2,2,6446,-0.02,0.04,94.1,87.5,82.2,85,27.62,27.34,26.71,27.11
31.76,934,113.2,100,0,1,2,6450,-0.04,0.04,94.1,87.4,82.1,84.9,27.62,27.34,26.71,27.11
31.8,935,113.2,100,0,-0.2,2,6453,0.01,0.04,94.1,87.4,82.1,84.9,27.62,27.34,26.71,27.11
31.84,937,113.3,100,0,-0.1,2,6456,-0.03,0.04,94,87.4,82.1,84.9,27.62,27.34,26.71,27.11
31.88,938,113.3,100,0,0.3,2,6460,-0.04,0.04,94,87.4,82.1,84.9,27.61,27.34,26.71,27.11
31.92,939,113.4,100,0,0,2,6463,-0.04,0.04,94,87.4,82.1,84.9,27.61,27.34,26.71,27.11
31.96,940,113.4,100,0,-1.2,2,6466,0.04,0.04,94,87.4,82.1,84.9,27.61,27.34,26.71,27.11
32,942,113.5,100,0,0.1,2,6469,0.03,0.04,94,87.4,82.1,84.9,27.61,27.34,26.71,27.11
32.04,943,113.6,100,0,0,2,6473,0.04,0.04,94,87.4,82.1,84.9,27.61,27.34,26.7,27.1
32.08,944,113.6,100,0,0,2,6476,0.01,0.04,94,87.3,82,84.8,27.61,27.34,26.7,27.1
32.12,945,113.7,100,0,0.5,2,6479,0,0.04,94,87.3,82,84.8,27.61,27.34,26.7,27.1
32.16,947,113.7,100,0,-0.1,2,6483,-0.01,0.04,93.9,87.3,82,84.8,27.61,27.33,26.7,27.1
32.2,948,113.8,100,0,-0.2,2,6486,0,0.04,93.9,87.3,82,84.8,27.61,27.33,26.7,27.1
32.24,949,113.8,100,0,0.2,2,6489,0.02,0.04,93.9,87.3,82,84.8,27.61,27.33,26.7,27.1
32.28,950,113.9,100,0,0.6,2,6492,0.01,0.04,93.9,87.3,82,84.8,27.61,27.33,26.7,27.1
32.32,952,114,100,0,-0.1,2,6496,0,0.04,93.9,87.3,82,84.8,27.6,27.33,26.7,27.1
32.36,953,114,100,0,-0.1,2,6499,0.02,0.04,93.9,87.3,82,84.8,27.6,27.33,26.7,27.1
32.4,954,114.1,100,0,-0.4,2,6502,0,0.04,93.9,87.3,81.9,84.7,27.6,27.33,26.7,27.1
32.44,956,114.1,100,0,0.1,2,6505,0.02,0.04,93.9,87.2,81.9,84.7,27.6,27.33,26.7,27.1
32.48,957,114.2,100,0,-0.2,2,6509,0.01,0.04,93.8,87.2,81.9,84.7,27.6,27.33,26.69,27.09
32.52,958,114.2,100,0,-0.4,2,6512,0,0.04,93.8,87.2,81.9,84.7,27.6,27.33,26.69,27.09
32.56,959,114.3,100,0,-0.1,2,6515,0.03,0.04,93.8,87.2,81.9,84.7,27.6,27.33,26.69,27.09
32.6,961,114.4,100,0,0,2,6519,-0.02,0.04,93.8,87.2,81.9,84.7,27.6,27.32,26.69,27.09
32.64,962,114.4,100,0,0.4,2,6522,0,0.04,93.8,87.2,81.9,84.7,27.6,27.32,26.69,27.09
32.68,963,114.5,100,0,-0.2,2,6525,-0.03,0.04,93.8,87.2,81.9,84.7,27.6,27.32,26.69,27.09
32.72,964,114.5,100,0,-0.5,2,6528,0,0.04,93.8,87.2,81.9,84.7,27.6,27.32,26.69,27.09
32.76,966,114.6,100,0,-0.4,2,6532,-0.02,0.04,93.8,87.1,81.8,84.6,27.59,27.32,26.69,27.09
32.8,967,114.6,100,0,-0.2,2,6535,-0.01,0.04,93.8,87.1,81.8,84.6,27.59,27.32,26.69,27.09
32.84,968,114.7,100,0,0.3,2,6538,-0.01,0.04,93.7,87.1,81.8,84.6,27.59,27.32,26.69,27.09
32.88,969,114.8,100,0,0.2,2,6542,0,0.04,93.7,87.1,81.8,84.6,27.59,27.32,26.69,27.09
32.92,971,114.8,100,0,-0.7,2,6545,0,0.04,93.7,87.1,81.8,84.6,27.59,27.32,26.68,27.08
32.96,972,114.9,100,0,0.5,2,6548,0,0.04,93.7,87.1,81.8,84.6,27.59,27.32,26.68,27.08
33,973,114.9,100,0,-0.3,2,6551,-0.03,0.04,93.7,87.1,81.8,84.6,27.59,27.32,26.68,27.08
33.04,975,115,100,0,0.2,2,6555,-0.02,0.04,93.7,87.1,81.8,84.6,27.59,27.31,26.68,27.08
33.08,976,115.1,100,0,0,2,6558,-0.04,0.04,93.7,87,81.7,84.5,27.59,27.31,26.68,27.08
33.12,977,115.1,100,0,-0.6,2,6561,0.01,0.04,93.7,87,81.7,84.5,27.59,27.31,26.68,27.08
33.16,978,115.2,100,0,0.1,2,6565,-0.02,0.04,93.6,87,81.7,84.5,27.59,27.31,26.68,27.08
33.2,980,115.2,100,0,-0.1,2,6568,-0.01,0.04,93.6,87,81.7,84.5,27.58,27.31,26.68,27.08
33.24,981,115.3,100,0,0.1,2,6571,-0.03,0.04,93.6,87,81.7,84.5,27.58,27.31,26.68,27.08
33.28,982,115.3,100,0,0.2,2,6574,-0.02,0.04,93.6,87,81.7,84.5,27.58,27.31,26.68,27.08
33.32,984,115.4,100,0,0.4,2,6578,0.01,0.04,93.6,87,81.7,84.5,27.58,27.31,26.68,27.08
33.36,985,115.5,100,0,-0.1,2,6581,-0.02,0.04,93.6,87,81.7,84.5,27.58,27.31,26.67,27.07
33.4,986,115.5,100,0,-0.1,2,6584,0,0.04,93.6,87,81.6,84.4,27.58,27.31,26.67,27.07
33.44,987,115.6,100,0,-0.1,2,6588,-0.03,0.04,93.6,86.9,81.6,84.4,27.58,27.31,26.67,27.07
33.48,989,115.6,100,0,-0.3,2,6591,-0.01,0.04,93.5,86.9,81.6,84.4,27.58,27.3,26.67,27.07
33.52,990,115.7,100,0,0.3,2,6594,-0.02,0.04,93.5,86.9,81.6,84.4,27.58,27.3,26.67,27.07
33.56,991,115.7,100,0,-0.2,2,6597,0.02,0.04,93.5,86.9,81.6,84.4,27.58,27.3,26.67,27.07
33.6,993,115.8,100,0,0.1,2,6601,0.03,0.04,93.5,86.9,81.6,84.4,27.58,27.3,26.67,27.07
33.64,994,115.9,100,0,-0.3,2,6604,0.01,0.04,93.5,86.9,81.6,84.4,27.58,27.3,26.67,27.07
33.68,995,115.9,100,0,-0.4,2,6607,-0.01,0.04,93.5,86.9,81.6,84.4,27.57,27.3,26.67,27.07
33.72,996,116,100,0,-0.1,2,6611,0,0.04,93.5,86.9,81.6,84.4,27.57,27.3,26.67,27.07
33.76,998,116,100,0,0.1,2,6614,0.01,0.04,93.5,86.8,81.5,84.3,27.57,27.3,26.67,27.07
33.8,999,116.1,100,0,-0.4,2,6617,0,0.04,93.5,86.8,81.5,84.3,27.57,27.3,26.66,27.06
33.84,1000,116.1,100,0,0.3,2,6620,0.01,0.04,93.4,86.8,81.5,84.3,27.57,27.3,26.66,27.06
33.88,1002,116.2,100,0,-0.7,2,6624,0.01,0.04,93.4,86.8,81.5,84.3,27.57,27.3,26.66,27.06
33.92,1003,116.3,100,0,-0.3,2,6627,0,0.04,93.4,86.8,81.5,84.3,27.57,27.29,26.66,27.06
33.96,1004,116.3,100,0,0.3,2,6630,0,0.04,93.4,86.8,81.5,84.3,27.57,27.29,26.66,27.06
34,1005,116.4,100,0,0,2,6634,0.01,0.04,93.4,86.8,81.5,84.3,27.57,27.29,26.66,27.06
34.04,1007,116.4,100,0,-0.2,2,6637,0.02,0.04,93.4,86.8,81.5,84.3,27.57,27.29,26.66,27.06
34.08,1008,116.5,100,0,0.1,2,6640,-0.02,0.04,93.4,86.7,81.4,84.2,27.57,27.29,26.66,27.06
34.12,1009,116.6,100,0,0.4,2,6643,0.02,0.04,93.4,86.7,81.4,84.2,27.56,27.29,26.66,27.06
34.16,1011,116.6,100,0,-0.1,2,6647,-0.01,0.04,93.3,86.7,81.4,84.2,27.56,27.29,26.66,27.06
34.2,1012,116.7,100,0,-0.5,2,6650,0,0.04,93.3,86.7,81.4,84.2,27.56,27.29,26.66,27.06
34.24,1013,116.7,100,0,0,2,6653,0.04,0.04,93.3,86.7,81.4,84.2,27.56,27.29,26.65,27.05
34.28,1015,116.8,100,0,0.7,2,6657,-0.04,0.04,93.3,86.7,81.4,84.2,27.56,27.29,26.65,27.05
34.32,1016,116.8,100,0,0.7,2,6660,-0.03,0.04,93.3,86.7,81.4,84.2,27.56,27.29,26.65,27.05
34.36,1017,116.9,100,0,0.5,2,6663,0.01,0.04,93.3,86.7,81.4,84.2,27.56,27.28,26.65,27.05
34.4,1018,117,100,0,0,2,6666,0,0.04,93.3,86.7,81.3,84.1,27.56,27.28,26.65,27.05
34.44,1020,117,100,0,-0.3,2,6670,0,0.04,93.3,86.6,81.3,84.1,27.56,27.28,26.65,27.05
34.48,1021,117.1,100,0,0,2,6673,-0.01,0.04,93.2,86.6,81.3,84.1,27.56,27.28,26.65,27.05
34.52,1022,117.1,100,0,-0.3,2,6676,0.01,0.04,93.2,86.6,81.3,84.1,27.56,27.28,26.65,27.05
34.56,1024,117.2,100,0,0.1,2,6680,0,0.04,93.2,86.6,81.3,84.1,27.55,27.28,26.65,27.05
34.6,1025,117.2,100,0,-0.3,2,6683,-0.01,0.04,93.2,86.6,81.3,84.1,27.55,27.28,26.65,27.05
34.64,1026,117.3,100,0,0.1,2,6686,0.03,0.04,93.2,86.6,81.3,84.1,27.55,27.28,26.65,27.05
34.68,1028,117.4,100,0,0.2,2,6689,0.03,0.04,93.2,86.6,81.3,84.1,27.55,27.28,26.64,27.04
34.72,1029,117.4,100,0,0.1,2,6693,-0.01,0.04,93.2,86.6,81.3,84.1,27.55,27.28,26.64,27.04
34.76,1030,117.5,100,0,-0.2,2,6696,-0.02,0.04,93.2,86.5,81.2,84,27.55,27.28,26.64,27.04
34.8,1031,117.5,100,0,0.1,2,6699,0.02,0.04,93.2,86.5,81.2,84,27.55,27.27,26.64,27.04
34.84,1033,117.6,100,0,0.4,2,6702,0.02,0.04,93.1,86.5,81.2,84,27.55,27.27,26.64,27.04
34.88,1034,117.6,100,0,0.2,2,6706,-0.01,0.04,93.1,86.5,81.2,84,27.55,27.27,26.64,27.04
34.92,1035,117.7,100,0,0.2,2,6709,0.04,0.04,93.1,86.5,81.2,84,27.55,27.27,26.64,27.04
34.96,1037,117.8,100,0,0,2,6712,0,0.04,93.1,86.5,81.2,84,27.55,27.27,26.64,27.04
35,1038,117.8,100,0,-0.9,2,6716,-0.03,0.04,93.1,86.5,81.2,84,27.54,27.27,26.64,27.04
35.04,1039,117.9,100,0,0.1,2,6719,0.02,0.04,93.1,86.5,81.2,84,27.54,27.27,26.64,27.04
35.08,1041,117.9,100,0,-0.4,2,6722,-0.02,0.04,93.1,86.4,81.1,83.9,27.54,27.27,26.64,27.04
35.12,1042,118,100,0,0.2,2,6725,-0.01,0.04,93.1,86.4,81.1,83.9,27.54,27.27,26.63,27.03
35.16,1043,118,100,0,-0.6,2,6729,0.01,0.04,93,86.4,81.1,83.9,27.54,27.27,26.63,27.03
35.2,1045,118.1,100,0,-0.4,2,6732,-0.02,0.04,93,86.4,81.1,83.9,27.54,27.27,26.63,27.03
35.24,1046,118.2,100,0,0.3,2,6735,-0.03,0.04,93,86.4,81.1,83.9,27.54,27.27,26.63,27.03
35.28,1047,118.2,100,0,-0.2,2,6739,0.01,0.04,93,86.4,81.1,83.9,27.54,27.26,26.63,27.03
35.32,1048,118.3,100,0,0.1,2,6742,0,0.04,93,86.4,81.1,83.9,27.54,27.26,26.63,27.03
35.36,1050,118.3,100,0,0.2,2,6745,0,0.04,93,86.4,81.1,83.9,27.54,27.26,26.63,27.03
35.4,1051,118.4,100,0,-0.9,2,6748,-0.02,0.04,93,86.4,81,83.8,27.54,27.26,26.63,27.03
35.44,1052,118.5,100,0,0.3,2,6752,-0.02,0.04,93,86.3,81,83.8,27.53,27.26,26.63,27.03
35.48,1054,118.5,100,0,-0.2,2,6755,0.01,0.04,92.9,86.3,81,83.8,27.53,27.26,26.63,27.03
35.52,1055,118.6,100,0,-0.8,2,6758,0.02,0.04,92.9,86.3,81,83.8,27.53,27.26,26.63,27.03
35.56,1056,118.6,100,0,-0.9,2,6762,0.02,0.04,92.9,86.3,81,83.8,27.53,27.26,26.62,27.02
35.6,1058,118.7,100,0,-0.4,2,6765,-0.02,0.04,92.9,86.3,81,83.8,27.53,27.26,26.62,27.02
35.64,1059,118.7,100,0,0,2,6768,-0.02,0.04,92.9,86.3,81,83.8,27.53,27.26,26.62,27.02
35.68,1060,118.8,100,0,0.5,2,6771,-0.01,0.04,92.9,86.3,81,83.8,27.53,27.26,26.62,27.02
35.72,1062,118.9,100,0,0,2,6775,-0.01,0.04,92.9,86.3,81,83.8,27.53,27.25,26.62,27.02
35.76,1063,118.9,100,0,-0.4,2,6778,-0.01,0.04,92.9,86.2,80.9,83.7,27.53,27.25,26.62,27.02
35.8,1064,119,100,0,-0.3,2,6781,0,0.04,92.9,86.2,80.9,83.7,27.53,27.25,26.62,27.02
35.84,1066,119,100,0,-0.1,2,6785,-0.01,0.04,92.8,86.2,80.9,83.7,27.53,27.25,26.62,27.02
35.88,1067,119.1,100,0,0.1,2,6788,0,0.04,92.8,86.2,80.9,83.7,27.52,27.25,26.62,27.02
35.92,1068,119.1,100,0,0.5,2,6791,-0.01,0.04,92.8,86.2,80.9,83.7,27.52,27.25,26.62,27.02
35.96,1070,119.2,100,0,0,2,6794,-0.02,0.04,92.8,86.2,80.9,83.7,27.52,27.25,26.62,27.02
36,1071,119.3,100,0,-0.2,2,6798,-0.03,0.04,92.8,86.2,80.9,83.7,27.52,27.25,26.62,27.02
36.04,1072,119.3,100,0,-0.2,2,6801,0.03,0.04,92.8,86.2,80.9,83.7,27.52,27.25,26.61,27.01
36.08,1074,119.4,100,0,0.3,2,6804,-0.01,0.04,92.8,86.2,80.8,83.6,27.52,27.25,26.61,27.01
36.12,1075,119.4,100,0,-0.3,2,6808,0.01,0.04,92.8,86.2,80.8,83.6,27.52,27.25,26.61,27.01
36.16,1076,119.5,100,0,0.3,2,6811,-0.01,0.04,92.7,86.2,80.8,83.6,27.52,27.25,26.61,27.01
36.2,1078,119.5,100,0,-0.1,2,6814,0.01,0.04,92.7,86.2,80.8,83.6,27.52,27.25,26.61,27.01
36.24,1079,119.6,100,0,-0.2,2,6817,0,0.04,92.7,86.2,80.8,83.6,27.52,27.25,26.61,27.01
36.28,1080,119.7,100,0,0,2,6821,0,0.04,92.7,86.2,80.8,83.6,27.52,27.25,26.61,27.01
36.32,1082,119.7,100,0,0.2,2,6824,-0.02,0.04,92.7,86.2,80.8,83.6,27.51,27.25,26.61,27.01
36.36,1083,119.8,100,0,0.3,2,6827,0.01,0.04,92.7,86.2,80.8,83.6,27.51,27.25,26.61,27.01
36.4,1084,119.8,100,0,0.1,2,6831,-0.01,0.04,92.7,86.2,80.7,83.5,27.51,27.25,26.61,27.01
36.44,1085,119.9,100,0,-0.5,2,6834,-0.02,0.04,92.7,86.2,80.7,83.5,27.51,27.25,26.61,27.01
36.48,1087,119.9,100,0,0.5,2,6837,0,0.04,92.6,86.2,80.7,83.5,27.51,27.25,26.6,27
36.52,1088,120,100,0,-0.1,2,6019,0.01,0.04,92.6,86.2,80.7,83.5,27.51,27.25,26.6,27
36.56,1089,120.1,100,0,0.4,2,6023,-0.02,0.04,92.6,86.2,80.7,83.5,27.51,27.25,26.6,27
36.6,1091,120.1,100,0,-0.1,2,6025,0.03,0.04,92.6,86.2,80.7,83.5,27.51,27.25,26.6,27
36.64,1092,120.2,100,0,0,2,6028,-0.01,0.04,92.6,86.2,80.7,83.5,27.51,27.25,26.6,27
36.68,1093,120.2,100,0,-0.5,2,6032,0.01,0.04,92.6,86.2,80.7,83.5,27.51,27.25,26.6,27
36.72,1095,120.3,100,0,0.4,2,6034,-0.03,0.04,92.6,86.2,80.7,83.5,27.51,27.25,26.6,27
36.76,1096,120.4,100,0,0.5,2,6037,0.02,0.04,92.6,86.2,80.6,83.4,27.5,27.25,26.6,27
36.8,1098,120.4,100,0,0.1,2,6039,0,0.04,92.6,86.2,80.6,83.4,27.5,27.25,26.6,27
36.84,1099,120.5,100,0,-0.3,2,6043,-0.02,0.04,92.5,86.2,80.6,83.4,27.5,27.25,26.6,27
36.88,1100,120.5,100,0,0.3,2,6046,-0.01,0.04,92.5,86.2,80.6,83.4,27.5,27.25,26.6,27
36.92,1102,120.6,100,0,0.4,2,6048,0.04,0.04,92.5,86.2,80.6,83.4,27.5,27.25,26.59,26.99
36.96,1103,120.6,100,0,0.5,2,6051,0.01,0.04,92.5,86.2,80.6,83.4,27.5,27.25,26.59,26.99
37,1104,120.7,100,0,0,2,6054,0,0.04,92.5,86.2,80.6,83.4,27.5,27.25,26.59,26.99
37.04,1106,120.8,100,0,0.8,2,6057,0,0.04,92.5,86.2,80.6,83.4,27.5,27.25,26.59,26.99
37.08,1107,120.8,100,0,-0.4,2,6060,0.01,0.04,92.5,86.2,80.5,83.3,27.5,27.25,26.59,26.99
37.12,1108,120.9,100,0,-1,2,6063,-0.02,0.04,92.5,86.2,80.5,83.3,27.5,27.25,26.59,26.99
37.16,1110,120.9,100,0,-0.4,2,6066,0.01,0.04,92.4,86.2,80.5,83.3,27.5,27.25,26.59,26.99
37.2,1111,121,100,0,0.3,2,6068,0.02,0.04,92.4,86.2,80.5,83.3,27.49,27.25,26.59,26.99
37.24,1112,228.5,0,0,0.1,5,6855,0,-1.85,92.5,86.3,80.5,83.3,27.5,27.26,26.59,26.99
37.28,1115,228.5,0,0,-0.2,5,6855,0,-1.85,92.5,86.4,80.5,83.3,27.5,27.27,26.59,26.99
37.32,1117,228.5,0,0,-0.7,5,6855,0,-1.85,92.6,86.6,80.5,83.3,27.5,27.28,26.59,26.99
37.36,1120,228.5,0,0,0,5,6855,0,-1.85,92.6,86.7,80.5,83.3,27.51,27.29,26.59,26.99
37.4,1122,228.5,0,0,-0.7,5,6855,0,-1.85,92.6,86.8,80.5,83.3,27.51,27.3,26.59,26.99
37.44,1125,228.5,0,0,0.6,5,6855,0,-1.85,92.7,86.9,80.5,83.3,27.51,27.3,26.59,26.99
37.48,1127,228.5,0,0,-0.4,5,6855,0,-1.85,92.7,87,80.5,83.3,27.52,27.31,26.59,26.99
37.52,1130,228.5,0,0,1.2,5,6855,0,-1.85,92.8,87.2,80.5,83.3,27.52,27.32,26.59,26.99
37.56,1133,228.5,0,0,0.5,5,6855,0,-1.85,92.8,87.3,80.5,83.3,27.52,27.33,26.59,26.99
37.6,1135,228.5,0,0,-0.4,5,6855,0,-1.85,92.8,87.4,80.5,83.3,27.52,27.34,26.59,26.99
37.64,1138,228.5,0,0,-0.5,5,6855,0,-1.85,92.9,87.5,80.5,83.3,27.53,27.35,26.59,26.99
37.68,1140,228.5,0,0,0.8,5,6855,0,-1.85,92.9,87.6,80.5,83.3,27.53,27.36,26.59,26.99
37.72,1143,228.5,0,0,0.2,5,6855,0,-1.85,93,87.8,80.5,83.3,27.53,27.37,26.59,26.99
37.76,1145,228.5,0,0,0,5,6855,0,-1.85,93,87.9,80.5,83.3,27.54,27.38,26.59,26.99
37.8,1148,228.5,0,0,-0.2,5,6855,0,-1.85,93,88,80.5,83.3,27.54,27.39,26.59,26.99
37.84,1150,228.5,0,0,0.5,5,6855,0,-1.85,93.1,88.1,80.5,83.3,27.54,27.39,26.59,26.99
37.88,1153,228.5,0,0,0.3,5,6855,0,-1.85,93.1,88.2,80.5,83.3,27.55,27.4,26.59,26.99
37.92,1155,228.5,0,0,1.2,5,6855,0,-1.85,93.2,88.4,80.5,83.3,27.55,27.41,26.59,26.99
37.96,1158,228.5,0,0,0.4,5,6855,0,-1.85,93.2,88.5,80.5,83.3,27.55,27.42,26.59,26.99
38,1160,228.5,0,0,-0.1,5,6855,0,-1.85,93.2,88.6,80.5,83.3,27.55,27.43,26.59,26.99
38.04,1163,228.5,0,0,-2.3,5,6855,-0.09,-1.34,93.3,88.7,80.5,83.3,27.56,27.44,26.59,26.99
38.08,1166,228.5,0,0,-4,5,6855,-0.18,-1.28,93.3,88.8,80.5,83.3,27.56,27.45,26.59,26.99
38.12,1168,228.5,0,0,-4.9,5,6855,-0.27,-1.22,93.4,89,80.5,83.3,27.56,27.46,26.59,26.99
38.16,1171,228.5,0,0,-7.8,5,6855,-0.36,-1.16,93.4,89.1,80.5,83.3,27.57,27.47,26.59,26.99
38.2,1173,228.5,0,0,-9.8,5,6855,-0.45,-1.1,93.4,89.2,80.5,83.3,27.57,27.48,26.59,26.99
38.24,1176,228.5,0,0,-11.6,5,6855,-0.53,-1.04,93.5,89.3,80.5,83.3,27.57,27.48,26.59,26.99
38.28,1178,228.5,0,0,-12.4,5,6855,-0.62,-0.98,93.5,89.4,80.5,83.3,27.58,27.49,26.59,26.99
38.32,1181,228.5,0,0,-15.4,5,6855,-0.71,-0.92,93.6,89.6,80.5,83.3,27.58,27.5,26.59,26.99
38.36,1183,228.5,0,0,-16.2,5,6855,-0.8,-0.86,93.6,89.7,80.5,83.3,27.58,27.51,26.59,26.99
38.4,1186,228.5,0,0,-17.6,5,6855,-0.89,-0.8,93.6,89.8,80.5,83.3,27.58,27.52,26.59,26.99
38.44,1188,228.5,0,0,-20,5,6855,-0.98,-0.74,93.7,89.9,80.5,83.3,27.59,27.53,26.59,26.99
38.48,1191,228.5,0,0,-21.4,5,6855,-1.07,-0.68,93.7,90,80.5,83.3,27.59,27.54,26.59,26.99
38.52,1194,228.5,0,0,-22.5,5,6855,-1.16,-0.62,93.8,90.2,80.5,83.3,27.59,27.55,26.59,26.99
38.56,1196,228.5,0,0,-23.6,5,6855,-1.25,-0.56,93.8,90.3,80.5,83.3,27.6,27.56,26.59,26.99
38.6,1199,228.5,0,0,-24.4,5,6855,-1.34,-0.5,93.8,90.4,80.5,83.3,27.6,27.57,26.59,26.99
38.64,1201,228.5,0,0,-25.7,5,6855,-1.43,-0.44,93.9,90.5,80.5,83.3,27.6,27.57,26.59,26.99
38.68,1204,228.5,0,0,-26.7,5,6855,-1.52,-0.39,93.9,90.6,80.5,83.3,27.61,27.58,26.59,26.99
38.72,1206,228.5,0,0,-27.4,5,6855,-1.61,-0.33,94,90.8,80.5,83.3,27.61,27.59,26.59,26.99
38.76,1209,228.5,0,0,-27.9,5,6855,-1.7,-0.27,94,90.9,80.5,83.3,27.61,27.6,26.59,26.99
38.8,1211,228.5,0,0,-28.6,5,6855,-1.79,-0.21,94,91,80.5,83.3,27.61,27.61,26.59,26.99
38.84,1214,228.5,0,0,-28.8,5,6855,-1.88,-0.15,94.1,91.1,80.5,83.3,27.62,27.62,26.59,26.99
38.88,1216,228.5,0,0,-29.9,5,6855,-1.97,-0.09,94.1,91.2,80.5,83.3,27.62,27.63,26.59,26.99
38.92,1219,228.5,0,0,-29.9,5,6855,-2.06,-0.03,94.2,91.4,80.5,83.3,27.62,27.64,26.59,26.99
38.96,1221,228.5,1,0,-29.8,5,6855,-1.94,0,94.2,91.4,80.5,83.3,27.62,27.64,26.59,26.99
39,1224,228.5,3,0,-28.7,5,6855,-1.92,0.01,94.2,91.4,80.6,83.4,27.62,27.64,26.59,26.99
39.04,1227,228.5,5,0,-28,5,6855,-1.9,0.02,94.2,91.4,80.6,83.4,27.62,27.64,26.6,27
39.08,1229,228.5,7,0,-28.1,5,6855,-1.88,0.03,94.2,91.4,80.6,83.4,27.62,27.64,26.6,27
39.12,1232,228.5,9,0,-27.6,5,6855,-1.86,0.04,94.2,91.4,80.7,83.5,27.62,27.64,26.6,27
39.16,1234,228.5,10,0,-27.4,5,6856,-1.84,0.04,94.2,91.4,80.7,83.5,27.62,27.64,26.6,27
39.2,1237,228.5,12,0,-27,5,6856,-1.82,0.05,94.2,91.4,80.8,83.6,27.62,27.64,26.61,27.01
39.24,1239,228.5,13,0,-26.7,5,6856,-1.8,0.06,94.2,91.4,80.8,83.6,27.62,27.64,26.61,27.01
39.28,1242,228.5,15,0,-26.6,5,6856,-1.79,0.07,94.2,91.4,80.8,83.6,27.62,27.64,26.61,27.01
39.32,1244,228.6,16,0,-25.6,5,6857,-1.77,0.08,94.2,91.4,80.9,83.7,27.62,27.64,26.61,27.01
39.36,1247,228.6,18,0,-26.2,5,6857,-1.75,0.08,94.2,91.4,80.9,83.7,27.62,27.64,26.62,27.02
39.4,1249,228.6,19,0,-25.1,5,6857,-1.73,0.09,94.2,91.4,80.9,83.7,27.62,27.64,26.62,27.02
39.44,1252,228.6,20,0,-24.9,5,6858,-1.71,0.1,94.2,91.4,81,83.8,27.62,27.64,26.62,27.02
39.48,1254,228.6,22,0,-24.8,5,6858,-1.69,0.11,94.2,91.4,81,83.8,27.62,27.64,26.62,27.02
39.52,1257,228.6,23,0,-24,5,6859,-1.67,0.12,94.2,91.4,81,83.8,27.62,27.64,26.63,27.03
39.56,1260,228.6,25,0,-23.7,5,6859,-1.65,0.12,94.2,91.4,81.1,83.9,27.62,27.64,26.63,27.03
39.6,1262,228.7,26,0,-24.1,5,6860,-1.63,0.13,94.2,91.4,81.1,83.9,27.62,27.64,26.63,27.03
39.64,1265,228.7,27,0,-22.6,5,6860,-1.61,0.14,94.2,91.4,81.1,83.9,27.62,27.64,26.64,27.04
39.68,1267,228.7,29,0,-23.4,5,6861,-1.59,0.15,94.2,91.4,81.2,84,27.62,27.64,26.64,27.04
39.72,1270,228.7,30,0,-22.8,5,6861,-1.57,0.16,94.2,91.4,81.2,84,27.62,27.64,26.64,27.04
39.76,1272,228.7,31,0,-22.4,5,6862,-1.55,0.16,94.2,91.4,81.2,84,27.62,27.64,26.64,27.04
39.8,1275,228.7,32,0,-21.2,5,6862,-1.54,0.17,94.2,91.4,81.3,84.1,27.62,27.64,26.65,27.05
39.84,1277,228.8,34,0,-20.9,5,6863,-1.52,0.18,94.2,91.4,81.3,84.1,27.62,27.64,26.65,27.05
39.88,1280,228.8,35,0,-21,5,6864,-1.5,0.19,94.2,91.4,81.3,84.1,27.62,27.64,26.65,27.05
39.92,1282,228.8,36,0,-20.8,5,6864,-1.48,0.2,94.2,91.4,81.4,84.2,27.62,27.64,26.65,27.05
39.96,1285,228.8,37,0,-19.7,5,6865,-1.46,0.2,94.2,91.4,81.4,84.2,27.62,27.64,26.66,27.06
40,1287,228.9,39,0,-19.4,5,6866,-1.44,0.21,94.2,91.4,81.5,84.3,27.62,27.64,26.66,27.06
40.04,1290,228.9,40,0,-18.7,5,6867,-1.42,0.22,94.2,91.4,81.5,84.3,27.62,27.64,26.66,27.06
40.08,1293,228.9,41,0,-19.5,5,6867,-1.4,0.23,94.2,91.4,81.5,84.3,27.62,27.64,26.66,27.06
40.12,1295,228.9,42,0,-18.8,5,6868,-1.38,0.24,94.2,91.4,81.6,84.4,27.62,27.64,26.67,27.07
40.16,1298,229,44,0,-19.1,5,6869,-1.36,0.25,94.2,91.4,81.6,84.4,27.62,27.64,26.67,27.07
40.2,1300,229,45,0,-17.8,5,6870,-1.34,0.25,94.2,91.4,81.6,84.4,27.62,27.64,26.67,27.07
40.24,1303,229,46,0,-17.3,5,6871,-1.32,0.26,94.2,91.4,81.7,84.5,27.62,27.64,26.67,27.07
40.28,1305,229.1,47,0,-17.5,5,6872,-1.3,0.27,94.2,91.4,81.7,84.5,27.62,27.64,26.68,27.08
40.32,1308,229.1,48,0,-17,5,6873,-1.28,0.28,94.2,91.4,81.7,84.5,27.62,27.64,26.68,27.08
40.36,1310,229.1,50,0,-16.4,5,6874,-1.27,0.29,94.2,91.4,81.8,84.6,27.62,27.64,26.68,27.08
40.4,1313,229.2,51,0,-16,5,6875,-1.25,0.29,94.2,91.4,81.8,84.6,27.62,27.64,26.69,27.09
40.44,1315,229.2,52,0,-16,5,6876,-1.23,0.3,94.2,91.4,81.8,84.6,27.62,27.64,26.69,27.09
40.48,1318,229.2,53,0,-15.8,5,6877,-1.21,0.31,94.2,91.4,81.9,84.7,27.62,27.64,26.69,27.09
40.52,1321,229.3,54,0,-14.8,5,6878,-1.19,0.32,94.2,91.4,81.9,84.7,27.62,27.64,26.69,27.09
40.56,1323,229.3,56,0,-14.9,5,6879,-1.17,0.33,94.2,91.4,81.9,84.7,27.62,27.64,26.7,27.1
40.6,1326,229.3,57,0,-14.2,5,6880,-1.15,0.33,94.2,91.4,82,84.8,27.62,27.64,26.7,27.1
40.64,1328,229.4,58,0,-14,5,6881,-1.13,0.34,94.2,91.4,82,84.8,27.62,27.64,26.7,27.1
40.68,1331,229.4,59,0,-13.8,5,6882,-1.11,0.35,94.2,91.4,82,84.8,27.62,27.64,26.7,27.1
40.72,1333,229.4,60,0,-13.5,5,6883,-1.09,0.36,94.2,91.4,82.1,84.9,27.62,27.64,26.71,27.11
40.76,1336,229.5,61,0,-12.2,5,6884,-1.07,0.37,94.2,91.4,82.1,84.9,27.62,27.64,26.71,27.11
40.8,1338,229.5,62,0,-12.9,5,6885,-1.05,0.37,94.2,91.4,82.2,85,27.62,27.64,26.71,27.11
40.84,1341,229.6,64,0,-12.3,5,6887,-1.03,0.38,94.2,91.4,82.2,85,27.62,27.64,26.71,27.11
40.88,1344,229.6,65,0,-12.7,5,6888,-1.01,0.39,94.2,91.4,82.2,85,27.62,27.64,26.72,27.12
40.92,1346,229.6,66,0,-11.1,5,6889,-1,0.4,94.2,91.4,82.3,85.1,27.62,27.64,26.72,27.12
40.96,1349,229.7,67,0,-11.7,5,6890,-0.98,0.41,94.2,91.4,82.3,85.1,27.62,27.64,26.72,27.12
41,1351,229.7,68,0,-11.6,5,6892,-0.96,0.41,94.2,91.4,82.3,85.1,27.62,27.64,26.72,27.12
41.04,1354,229.8,69,0,-10.5,5,6893,-0.94,0.42,94.2,91.4,82.4,85.2,27.62,27.64,26.73,27.13
41.08,1356,229.8,70,0,-10.7,5,6894,-0.92,0.43,94.2,91.4,82.4,85.2,27.62,27.64,26.73,27.13
41.12,1359,229.9,71,0,-9.7,5,6896,-0.9,0.44,94.2,91.4,82.4,85.2,27.62,27.64,26.73,27.13
41.16,1361,229.9,73,0,-8.8,5,6897,-0.88,0.45,94.2,91.4,82.5,85.3,27.62,27.64,26.74,27.14
41.2,1364,229.9,74,0,-9,5,6898,-0.86,0.45,94.2,91.4,82.5,85.3,27.62,27.64,26.74,27.14
41.24,1366,230,75,0,-8.2,5,6900,-0.84,0.46,94.2,91.4,82.5,85.3,27.62,27.64,26.74,27.14
41.28,1369,230,76,0,-8.3,5,6901,-0.82,0.47,94.2,91.4,82.6,85.4,27.62,27.64,26.74,27.14
41.32,1372,230.1,77,0,-8.5,5,6903,-0.8,0.48,94.2,91.4,82.6,85.4,27.62,27.64,26.75,27.15
41.36,1374,230.1,78,0,-7.4,5,6904,-0.78,0.49,94.2,91.4,82.6,85.4,27.62,27.64,26.75,27.15
41.4,1377,230.2,79,0,-7.6,5,6906,-0.76,0.49,94.2,91.4,82.7,85.5,27.62,27.64,26.75,27.15
41.44,1379,230.2,80,0,-6.2,5,6907,-0.74,0.5,94.2,91.4,82.7,85.5,27.62,27.64,26.75,27.15
41.48,1382,230.3,81,0,-6.5,5,6909,-0.72,0.51,94.2,91.4,82.7,85.5,27.62,27.64,26.76,27.16
41.52,1384,230.3,83,0,-6,5,6910,-0.71,0.52,94.2,91.4,82.8,85.6,27.62,27.64,26.76,27.16
41.56,1387,230.4,84,0,-5.5,5,6912,-0.69,0.53,94.2,91.4,82.8,85.6,27.62,27.64,26.76,27.16
41.6,1389,230.5,85,0,-5.1,5,6914,-0.67,0.53,94.2,91.4,82.9,85.7,27.62,27.64,26.76,27.16
41.64,1392,230.5,86,0,-4.2,5,6915,-0.65,0.54,94.2,91.4,82.9,85.7,27.62,27.64,26.77,27.17
41.68,1395,230.6,87,0,-4.3,5,6917,-0.63,0.55,94.2,91.4,82.9,85.7,27.62,27.64,26.77,27.17
41.72,1397,230.6,88,0,-3.6,5,6918,-0.61,0.56,94.2,91.4,83,85.8,27.62,27.64,26.77,27.17
41.76,1400,230.7,89,0,-3.8,5,6920,-0.59,0.57,94.2,91.4,83,85.8,27.62,27.64,26.77,27.17
41.8,1402,230.7,90,0,-3.8,5,6922,-0.57,0.58,94.2,91.4,83,85.8,27.62,27.64,26.78,27.18
41.84,1405,230.8,91,0,-3.6,5,6924,-0.55,0.58,94.2,91.4,83.1,85.9,27.62,27.64,26.78,27.18
41.88,1407,230.8,92,0,-3.1,5,6925,-0.53,0.59,94.2,91.4,83.1,85.9,27.62,27.64,26.78,27.18
41.92,1410,230.9,93,0,-1.9,5,6927,-0.51,0.6,94.2,91.4,83.1,85.9,27.62,27.64,26.78,27.18
41.96,1413,231,94,0,-1.4,5,6929,-0.49,0.61,94.2,91.4,83.2,86,27.62,27.64,26.79,27.19
42,1415,231,95,0,-0.7,5,6931,-0.47,0.62,94.2,91.4,83.2,86,27.62,27.64,26.79,27.19
42.04,1418,231.1,97,0,-1.5,5,6932,-0.45,0.62,94.2,91.4,83.2,86,27.62,27.64,26.79,27.19
42.08,1420,231.1,98,0,-1.4,5,6934,-0.43,0.63,94.2,91.4,83.3,86.1,27.62,27.64,26.8,27.2
42.12,1423,231.2,99,0,0.6,5,6936,-0.41,0.64,94.2,91.4,83.3,86.1,27.62,27.64,26.8,27.2
42.16,1425,231.3,100,0,0.3,5,6938,-0.39,0.65,94.2,91.4,83.3,86.1,27.62,27.64,26.8,27.2
42.2,1428,231.3,100,0,-0.2,5,6940,-0.01,0.04,94.1,91.3,83.3,86.1,27.62,27.64,26.8,27.2
42.24,1431,231.4,100,0,0.2,5,6942,-0.02,0.04,94.1,91.3,83.3,86.1,27.62,27.64,26.8,27.2
42.28,1433,231.4,100,0,0.5,5,6943,0.01,0.04,94.1,91.3,83.3,86.1,27.62,27.63,26.8,27.2
42.32,1436,231.5,100,0,0.1,5,6945,-0.02,0.04,94.1,91.3,83.3,86.1,27.62,27.63,26.8,27.2
42.36,1438,231.6,100,0,-0.1,5,6947,0,0.04,94.1,91.3,83.3,86.1,27.62,27.63,26.8,27.2
42.4,1441,231.6,100,0,-0.3,5,6948,-0.01,0.04,94.1,91.3,83.3,86.1,27.62,27.63,26.8,27.2
42.44,1443,231.7,100,0,0.1,5,6950,0.01,0.04,94.1,91.3,83.3,86.1,27.62,27.63,26.79,27.19
42.48,1446,231.7,100,0,0,5,6952,0.02,0.04,94.1,91.3,83.2,86,27.62,27.63,26.79,27.19
42.52,1449,231.8,100,0,0.1,5,6954,0.01,0.04,94,91.3,83.2,86,27.62,27.63,26.79,27.19
42.56,1451,231.8,100,0,0.1,5,6955,0.02,0.04,94,91.2,83.2,86,27.61,27.63,26.79,27.19
42.6,1454,231.9,100,0,0.6,5,6957,0.01,0.04,94,91.2,83.2,86,27.61,27.63,26.79,27.19
42.64,1456,232,100,0,0.3,5,6959,0.03,0.04,94,91.2,83.2,86,27.61,27.63,26.79,27.19
42.68,1459,232,100,0,0.2,5,6961,0.02,0.04,94,91.2,83.2,86,27.61,27.63,26.79,27.19
42.72,1461,232.1,100,0,0,5,6962,0.02,0.04,94,91.2,83.2,86,27.61,27.62,26.79,27.19
42.76,1464,232.1,100,0,0,5,6964,0,0.04,94,91.2,83.2,86,27.61,27.62,26.79,27.19
42.8,1467,232.2,100,0,0,5,6966,0.01,0.04,94,91.2,83.1,85.9,27.61,27.62,26.79,27.19
42.84,1469,232.2,100,0,0.7,5,6967,-0.02,0.04,93.9,91.2,83.1,85.9,27.61,27.62,26.79,27.19
42.88,1472,232.3,100,0,-0.1,5,6969,-0.05,0.04,93.9,91.1,83.1,85.9,27.61,27.62,26.78,27.18
42.92,1474,232.4,100,0,0.7,5,6971,0,0.04,93.9,91.1,83.1,85.9,27.61,27.62,26.78,27.18
42.96,1477,232.4,100,0,0.2,5,6973,-0.03,0.04,93.9,91.1,83.1,85.9,27.61,27.62,26.78,27.18
43,1480,232.5,100,0,0.4,5,6974,-0.01,0.04,93.9,91.1,83.1,85.9,27.61,27.62,26.78,27.18
43.04,1482,232.5,100,0,0.2,5,6976,0,0.04,93.9,91.1,83.1,85.9,27.6,27.62,26.78,27.18
43.08,1485,232.6,100,0,0.1,5,6978,0.01,0.04,93.9,91.1,83.1,85.9,27.6,27.62,26.78,27.18
43.12,1487,232.7,100,0,0.4,5,6980,-0.01,0.04,93.9,91.1,83.1,85.9,27.6,27.62,26.78,27.18
43.16,1490,232.7,100,0,0.3,5,6981,-0.03,0.04,93.9,91.1,83,85.8,27.6,27.61,26.78,27.18
43.2,1492,232.8,100,0,0.6,5,6983,0.02,0.04,93.8,91,83,85.8,27.6,27.61,26.78,27.18
43.24,1495,232.8,100,0,-0.1,5,6985,0.01,0.04,93.8,91,83,85.8,27.6,27.61,26.78,27.18
43.28,1498,232.9,100,0,-0.2,5,6986,0.01,0.04,93.8,91,83,85.8,27.6,27.61,26.78,27.18
43.32,1500,232.9,100,0,0.3,5,6988,0,0.04,93.8,91,83,85.8,27.6,27.61,26.77,27.17
43.36,1503,233,100,0,0.5,5,6990,0.02,0.04,93.8,91,83,85.8,27.6,27.61,26.77,27.17
43.4,1505,233.1,100,0,-0.2,5,6992,0.03,0.04,93.8,91,83,85.8,27.6,27.61,26.77,27.17
43.44,1508,233.1,100,0,0.6,5,6993,-0.02,0.04,93.8,91,83,85.8,27.6,27.61,26.77,27.17
43.48,1511,233.2,100,0,-0.1,5,6995,0,0.04,93.8,91,82.9,85.7,27.59,27.61,26.77,27.17
43.52,1513,233.2,100,0,0.3,5,6997,-0.03,0.04,93.7,91,82.9,85.7,27.59,27.61,26.77,27.17
43.56,1516,233.3,100,0,0.2,5,6999,-0.03,0.04,93.7,90.9,82.9,85.7,27.59,27.61,26.77,27.17
43.6,1518,233.3,100,0,-0.8,5,7000,0,0.04,93.7,90.9,82.9,85.7,27.59,27.6,26.77,27.17
43.64,1521,233.4,100,0,0.2,5,7002,0,0.04,93.7,90.9,82.9,85.7,27.59,27.6,26.77,27.17
43.68,1524,233.5,100,0,-1.1,5,7004,0,0.04,93.7,90.9,82.9,85.7,27.59,27.6,26.77,27.17
43.72,1526,233.5,100,0,0.1,5,7005,0.01,0.04,93.7,90.9,82.9,85.7,27.59,27.6,26.77,27.17
43.76,1529,233.6,100,0,0,5,7007,-0.01,0.04,93.7,90.9,82.9,85.7,27.59,27.6,26.76,27.16
43.8,1531,233.6,100,0,0.6,5,7009,0.02,0.04,93.7,90.9,82.8,85.6,27.59,27.6,26.76,27.16
43.84,1534,233.7,100,0,0.1,5,7011,0,0.04,93.6,90.9,82.8,85.6,27.59,27.6,26.76,27.16
43.88,1536,233.7,100,0,0.2,5,7012,0,0.04,93.6,90.8,82.8,85.6,27.59,27.6,26.76,27.16
43.92,1539,233.8,100,0,0,5,7014,0.01,0.04,93.6,90.8,82.8,85.6,27.58,27.6,26.76,27.16
43.96,1542,233.9,100,0,-0.3,5,7016,-0.01,0.04,93.6,90.8,82.8,85.6,27.58,27.6,26.76,27.16
44,1544,233.9,100,0,-0.3,5,7018,0,0.04,93.6,90.8,82.8,85.6,27.58,27.6,26.76,27.16
44.04,1547,234,100,0,-0.4,5,7019,0.03,0.04,93.6,90.8,82.8,85.6,27.58,27.59,26.76,27.16
44.08,1549,234,100,0,0,5,7021,0.02,0.04,93.6,90.8,82.8,85.6,27.58,27.59,26.76,27.16
44.12,1552,234.1,100,0,0.2,5,7023,-0.01,0.04,93.6,90.8,82.8,85.6,27.58,27.59,26.76,27.16
44.16,1555,234.1,100,0,-1,5,7024,0.02,0.04,93.6,90.8,82.7,85.5,27.58,27.59,26.76,27.16
44.2,1557,234.2,100,0,-0.1,5,7026,-0.02,0.04,93.5,90.7,82.7,85.5,27.58,27.59,26.75,27.15
44.24,1560,234.3,100,0,0.4,5,7028,0.02,0.04,93.5,90.7,82.7,85.5,27.58,27.59,26.75,27.15
44.28,1562,234.3,100,0,-0.2,5,7030,-0.01,0.04,93.5,90.7,82.7,85.5,27.58,27.59,26.75,27.15
44.32,1565,234.4,100,0,0.3,5,7031,0.01,0.04,93.5,90.7,82.7,85.5,27.58,27.59,26.75,27.15
44.36,1568,234.4,100,0,0.1,5,7033,0,0.04,93.5,90.7,82.7,85.5,27.57,27.59,26.75,27.15
44.4,1570,234.5,100,0,0.7,5,7035,0.02,0.04,93.5,90.7,82.7,85.5,27.57,27.59,26.75,27.15
44.44,1573,234.6,100,0,0.2,5,7037,-0.02,0.04,93.5,90.7,82.7,85.5,27.57,27.59,26.75,27.15
44.48,1576,234.6,100,0,0.8,5,7038,0,0.04,93.5,90.7,82.6,85.4,27.57,27.58,26.75,27.15
44.52,1578,234.7,100,0,0.1,5,7040,0,0.04,93.4,90.7,82.6,85.4,27.57,27.58,26.75,27.15
44.56,1581,234.7,100,0,-0.5,5,7042,0.02,0.04,93.4,90.6,82.6,85.4,27.57,27.58,26.75,27.15
44.6,1583,234.8,100,0,-0.6,5,7043,0.02,0.04,93.4,90.6,82.6,85.4,27.57,27.58,26.75,27.15
44.64,1586,234.8,100,0,-0.7,5,7045,-0.01,0.04,93.4,90.6,82.6,85.4,27.57,27.58,26.74,27.14
44.68,1589,234.9,100,0,-0.3,5,7047,0.01,0.04,93.4,90.6,82.6,85.4,27.57,27.58,26.74,27.14
44.72,1591,235,100,0,1,5,7049,0.01,0.04,93.4,90.6,82.6,85.4,27.57,27.58,26.74,27.14
44.76,1594,235,100,0,0.3,5,7050,0.02,0.04,93.4,90.6,82.6,85.4,27.57,27.58,26.74,27.14
44.8,1596,235.1,100,0,0.4,5,7052,-0.02,0.04,93.4,90.6,82.5,85.3,27.56,27.58,26.74,27.14
44.84,1599,235.1,100,0,-0.2,5,7054,0.01,0.04,93.3,90.6,82.5,85.3,27.56,27.58,26.74,27.14
44.88,1602,235.2,100,0,0.4,5,7056,-0.01,0.04,93.3,90.5,82.5,85.3,27.56,27.58,26.74,27.14
44.92,1604,235.2,100,0,0.3,5,7057,-0.01,0.04,93.3,90.5,82.5,85.3,27.56,27.57,26.74,27.14
44.96,1607,235.3,100,0,0.2,5,7059,-0.01,0.04,93.3,90.5,82.5,85.3,27.56,27.57,26.74,27.14
45,1609,235.4,100,0,-0.2,5,7061,0,0.04,93.3,90.5,82.5,85.3,27.56,27.57,26.74,27.14
45.04,1612,235.4,100,0,0.4,5,7062,-0.01,0.04,93.3,90.5,82.5,85.3,27.56,27.57,26.74,27.14
45.08,1615,235.5,100,0,-0.6,5,7064,-0.01,0.04,93.3,90.5,82.5,85.3,27.56,27.57,26.73,27.13
45.12,1617,235.5,100,0,0.2,5,7066,0.03,0.04,93.3,90.5,82.5,85.3,27.56,27.57,26.73,27.13
45.16,1620,235.6,100,0,0.4,5,7068,0.01,0.04,93.3,90.5,82.4,85.2,27.56,27.57,26.73,27.13
45.2,1623,235.6,100,0,0.1,5,7069,0.04,0.04,93.2,90.4,82.4,85.2,27.56,27.57,26.73,27.13
45.24,1625,235.7,100,0,-0.5,5,7071,0.02,0.04,93.2,90.4,82.4,85.2,27.55,27.57,26.73,27.13
45.28,1628,235.8,100,0,-0.2,5,7073,-0.01,0.04,93.2,90.4,82.4,85.2,27.55,27.57,26.73,27.13
45.32,1630,235.8,100,0,-0.4,5,7075,-0.01,0.04,93.2,90.4,82.4,85.2,27.55,27.57,26.73,27.13
45.36,1633,235.9,100,0,0,5,7076,0,0.04,93.2,90.4,82.4,85.2,27.55,27.57,26.73,27.13
45.4,1636,235.9,100,0,0,5,7078,-0.02,0.04,93.2,90.4,82.4,85.2,27.55,27.56,26.73,27.13
45.44,1638,236,100,0,0.2,5,7080,-0.04,0.04,93.2,90.4,82.4,85.2,27.55,27.56,26.73,27.13
45.48,1641,236,100,0,-0.2,5,7081,0.02,0.04,93.2,90.4,82.3,85.1,27.55,27.56,26.73,27.13
45.52,1643,236.1,100,0,-0.6,5,7083,-0.01,0.04,93.1,90.4,82.3,85.1,27.55,27.56,26.73,27.13
45.56,1646,236.2,100,0,0.3,5,7085,0.01,0.04,93.1,90.3,82.3,85.1,27.55,27.56,26.72,27.12
45.6,1649,236.2,100,0,-0.9,5,7087,0.01,0.04,93.1,90.3,82.3,85.1,27.55,27.56,26.72,27.12
45.64,1651,236.3,100,0,0,5,7088,0,0.04,93.1,90.3,82.3,85.1,27.55,27.56,26.72,27.12
45.68,1654,236.3,100,0,0.4,5,7090,0.01,0.04,93.1,90.3,82.3,85.1,27.54,27.56,26.72,27.12
45.72,1657,236.4,100,0,0.2,5,7092,0,0.04,93.1,90.3,82.3,85.1,27.54,27.56,26.72,27.12
45.76,1659,236.5,100,0,0.3,5,7094,0.03,0.04,93.1,90.3,82.3,85.1,27.54,27.56,26.72,27.12
45.8,1662,236.5,100,0,-0.7,5,7095,0,0.04,93.1,90.3,82.2,85,27.54,27.56,26.72,27.12
45.84,1664,236.6,100,0,0.5,5,7097,-0.01,0.04,93,90.3,82.2,85,27.54,27.55,26.72,27.12
45.88,1667,236.6,100,0,0.1,5,7099,-0.04,0.04,93,90.2,82.2,85,27.54,27.55,26.72,27.12
45.92,1670,236.7,100,0,0.1,5,7100,-0.01,0.04,93,90.2,82.2,85,27.54,27.55,26.72,27.12
45.96,1672,236.7,100,0,0.6,5,7102,0,0.04,93,90.2,82.2,85,27.54,27.55,26.72,27.12
46,1675,236.8,100,0,0,5,7104,-0.02,0.04,93,90.2,82.2,85,27.54,27.55,26.71,27.11
46.04,1678,236.9,100,0,-0.1,5,7106,-0.03,0.04,93,90.2,82.2,85,27.54,27.55,26.71,27.11
46.08,1680,236.9,100,0,0.1,5,7107,0.02,0.04,93,90.2,82.2,85,27.54,27.55,26.71,27.11
46.12,1683,237,100,0,0,5,7109,-0.01,0.04,93,90.2,82.2,85,27.53,27.55,26.71,27.11
46.16,1686,237,100,0,-0.1,5,7111,-0.04,0.04,93,90.2,82.1,84.9,27.53,27.55,26.71,27.11
46.2,1688,237.1,100,0,-0.1,5,7113,0.01,0.04,92.9,90.1,82.1,84.9,27.53,27.55,26.71,27.11
46.24,1691,237.1,100,0,-0.1,5,7114,0.02,0.04,92.9,90.1,82.1,84.9,27.53,27.55,26.71,27.11
46.28,1693,237.2,100,0,0.1,5,7116,-0.01,0.04,92.9,90.1,82.1,84.9,27.53,27.54,26.71,27.11
46.32,1696,237.3,100,0,-0.1,5,7118,0,0.04,92.9,90.1,82.1,84.9,27.53,27.54,26.71,27.11
46.36,1699,237.3,100,0,0.4,5,7119,-0.02,0.04,92.9,90.1,82.1,84.9,27.53,27.54,26.71,27.11
46.4,1701,237.4,100,0,-0.2,5,7121,-0.01,0.04,92.9,90.1,82.1,84.9,27.53,27.54,26.71,27.11
46.44,1704,237.4,100,0,0,5,7123,0.02,0.04,92.9,90.1,82.1,84.9,27.53,27.54,26.7,27.1
46.48,1707,237.5,100,0,-0.1,5,7125,-0.02,0.04,92.9,90.1,82,84.8,27.53,27.54,26.7,27.1
46.52,1709,237.5,100,0,0.3,5,7126,0,0.04,92.8,90.1,82,84.8,27.53,27.54,26.7,27.1
46.56,1712,237.6,100,0,-0.3,5,7128,-0.02,0.04,92.8,90,82,84.8,27.52,27.54,26.7,27.1
46.6,1715,237.7,100,0,0,5,7130,0.04,0.04,92.8,90,82,84.8,27.52,27.54,26.7,27.1
46.64,1717,237.7,100,0,0.1,5,7132,0.02,0.04,92.8,90,82,84.8,27.52,27.54,26.7,27.1
46.68,1720,237.8,100,0,0.4,5,7133,0.02,0.04,92.8,90,82,84.8,27.52,27.54,26.7,27.1
46.72,1722,237.8,100,0,-0.7,5,7135,0,0.04,92.8,90,82,84.8,27.52,27.53,26.7,27.1
46.76,1725,237.9,100,0,-0.2,5,7137,0.01,0.04,92.8,90,82,84.8,27.52,27.53,26.7,27.1
46.8,1728,237.9,100,0,-0.8,5,7138,-0.02,0.04,92.8,90,81.9,84.7,27.52,27.53,26.7,27.1
46.84,1730,238,100,0,-0.1,5,7140,0.01,0.04,92.7,90,81.9,84.7,27.52,27.53,26.7,27.1
46.88,1733,238.1,100,0,0.3,5,7142,-0.02,0.04,92.7,89.9,81.9,84.7,27.52,27.53,26.69,27.09
46.92,1736,238.1,100,0,0.3,5,7144,-0.01,0.04,92.7,89.9,81.9,84.7,27.52,27.53,26.69,27.09
46.96,1738,238.2,100,0,0.2,5,7145,-0.02,0.04,92.7,89.9,81.9,84.7,27.52,27.53,26.69,27.09
47,1741,238.2,100,0,0.4,5,7147,-0.01,0.04,92.7,89.9,81.9,84.7,27.52,27.53,26.69,27.09
47.04,1744,238.3,100,0,0.4,5,7149,0.02,0.04,92.7,89.9,81.9,84.7,27.51,27.53,26.69,27.09
47.08,1746,238.4,100,0,0,5,7151,0,0.04,92.7,89.9,81.9,84.7,27.51,27.53,26.69,27.09
47.12,1749,238.4,100,0,-0.4,5,7152,-0.02,0.04,92.7,89.9,81.9,84.7,27.51,27.53,26.69,27.09
47.16,1752,238.5,100,0,0.7,5,7154,0.02,0.04,92.7,89.9,81.8,84.6,27.51,27.52,26.69,27.09
47.2,1754,238.5,100,0,0.2,5,7156,0,0.04,92.6,89.8,81.8,84.6,27.51,27.52,26.69,27.09
47.24,1757,238.6,100,0,0.1,5,7158,0,0.04,92.6,89.8,81.8,84.6,27.51,27.52,26.69,27.09
47.28,1760,238.6,100,0,0.2,5,7159,-0.03,0.04,92.6,89.8,81.8,84.6,27.51,27.52,26.69,27.09
47.32,1762,238.7,100,0,0,5,7161,0.03,0.04,92.6,89.8,81.8,84.6,27.51,27.52,26.68,27.08
47.36,1765,238.8,100,0,0.4,5,7163,0.03,0.04,92.6,89.8,81.8,84.6,27.51,27.52,26.68,27.08
47.4,1767,238.8,100,0,-0.3,5,7164,0.02,0.04,92.6,89.8,81.8,84.6,27.51,27.52,26.68,27.08
47.44,1770,238.9,100,0,-0.1,5,7166,0.04,0.04,92.6,89.8,81.8,84.6,27.51,27.52,26.68,27.08
47.48,1773,238.9,100,0,0.3,5,7168,0.02,0.04,92.6,89.8,81.7,84.5,27.5,27.52,26.68,27.08
47.52,1775,239,100,0,-0.3,5,7170,0,0.04,92.5,89.8,81.7,84.5,27.5,27.52,26.68,27.08
47.56,1778,239,100,0,0.1,5,7171,0.01,0.04,92.5,89.7,81.7,84.5,27.5,27.52,26.68,27.08
47.6,1781,239.1,100,0,-0.7,5,7173,0.02,0.04,92.5,89.7,81.7,84.5,27.5,27.51,26.68,27.08
47.64,1783,239.2,100,0,-0.1,5,7175,-0.01,0.04,92.5,89.7,81.7,84.5,27.5,27.51,26.68,27.08
47.68,1786,239.2,100,0,0.9,5,7177,-0.02,0.04,92.5,89.7,81.7,84.5,27.5,27.51,26.68,27.08
47.72,1789,239.3,100,0,-1,5,7178,0.03,0.04,92.5,89.7,81.7,84.5,27.5,27.51,26.68,27.08
47.76,1791,239.3,100,0,0,5,7180,0.04,0.04,92.5,89.7,81.7,84.5,27.5,27.51,26.67,27.07
47.8,1794,239.4,100,0,-0.5,5,7182,-0.03,0.04,92.5,89.7,81.6,84.4,27.5,27.51,26.67,27.07
47.84,1797,239.4,100,0,-0.2,5,7183,0,0.04,92.4,89.7,81.6,84.4,27.5,27.51,26.67,27.07
47.88,1799,239.5,100,0,-0.4,5,7185,0,0.04,92.4,89.6,81.6,84.4,27.5,27.51,26.67,27.07
47.92,1802,239.6,100,0,-0.6,5,7187,0.01,0.04,92.4,89.6,81.6,84.4,27.49,27.51,26.67,27.07
47.96,1805,239.6,100,0,0.3,5,7189,0.01,0.04,92.4,89.6,81.6,84.4,27.49,27.51,26.67,27.07
48,1807,239.7,100,0,-0.3,5,7190,0.01,0.04,92.4,89.6,81.6,84.4,27.49,27.51,26.67,27.07
48.04,1810,239.7,100,0,-0.4,5,7192,0.01,0.04,92.4,89.6,81.6,84.4,27.49,27.5,26.67,27.07
48.08,1813,239.8,100,0,-0.7,5,7194,-0.02,0.04,92.4,89.6,81.6,84.4,27.49,27.5,26.67,27.07
48.12,1815,239.9,100,0,0.5,5,7196,0,0.04,92.4,89.6,81.6,84.4,27.49,27.5,26.67,27.07
48.16,1818,239.9,100,0,0,5,7197,0.01,0.04,92.4,89.6,81.5,84.3,27.49,27.5,26.67,27.07
48.2,1821,240,100,0,0.2,5,7199,0.01,0.04,92.3,89.5,81.5,84.3,27.49,27.5,26.66,27.06
48.24,1823,240,100,0,0,5,6337,0.04,0.04,92.3,89.5,81.5,84.3,27.49,27.5,26.66,27.06
48.28,1826,240.1,100,0,0.5,5,6338,0.01,0.04,92.3,89.5,81.5,84.3,27.49,27.5,26.66,27.06
48.32,1829,240.1,100,0,-0.3,5,6340,0.05,0.04,92.3,89.5,81.5,84.3,27.49,27.5,26.66,27.06
48.36,1831,240.2,100,0,-0.1,5,6341,-0.01,0.04,92.3,89.5,81.5,84.3,27.48,27.5,26.66,27.06
48.4,1834,240.3,100,0,-0.7,5,6343,-0.02,0.04,92.3,89.5,81.5,84.3,27.48,27.5,26.66,27.06
48.44,1837,240.3,100,0,0,5,6344,-0.01,0.04,92.3,89.5,81.5,84.3,27.48,27.5,26.66,27.06
48.48,1839,240.4,100,0,-0.5,5,6346,0.03,0.04,92.3,89.5,81.4,84.2,27.48,27.49,26.66,27.06
48.52,1842,240.4,100,0,-0.5,5,6347,0,0.04,92.2,89.5,81.4,84.2,27.48,27.49,26.66,27.06
48.56,1845,240.5,100,0,-0.3,5,6349,-0.02,0.04,92.2,89.4,81.4,84.2,27.48,27.49,26.66,27.06
48.6,1847,240.5,100,0,0,5,6350,0,0.04,92.2,89.4,81.4,84.2,27.48,27.49,26.66,27.06
48.64,1850,240.6,100,0,-0.9,5,6352,-0.01,0.04,92.2,89.4,81.4,84.2,27.48,27.49,26.65,27.05
48.68,1853,240.7,100,0,0.3,5,6354,0.01,0.04,92.2,89.4,81.4,84.2,27.48,27.49,26.65,27.05
48.72,1855,240.7,100,0,0,5,6354,0,0.04,92.2,89.4,81.4,84.2,27.48,27.49,26.65,27.05
48.76,1858,240.8,100,0,-0.4,5,6356,0,0.04,92.2,89.4,81.4,84.2,27.48,27.49,26.65,27.05
48.8,1861,240.8,100,0,0.5,5,6358,0,0.04,92.2,89.4,81.3,84.1,27.47,27.49,26.65,27.05
48.84,1863,240.9,100,0,-0.2,5,6360,-0.02,0.04,92.1,89.4,81.3,84.1,27.47,27.49,26.65,27.05
48.88,1866,240.9,100,0,0.1,5,6361,0.04,0.04,92.1,89.3,81.3,84.1,27.47,27.49,26.65,27.05
48.92,1869,241,100,0,0.1,5,6362,-0.03,0.04,92.1,89.3,81.3,84.1,27.47,27.48,26.65,27.05
48.96,1871,241.1,100,0,0.1,5,6364,0.02,0.04,92.1,89.3,81.3,84.1,27.47,27.48,26.65,27.05
49,1874,241.1,100,0,0,5,6366,-0.03,0.04,92.1,89.3,81.3,84.1,27.47,27.48,26.65,27.05
49.04,1877,241.2,100,0,0.1,5,6367,-0.01,0.04,92.1,89.3,81.3,84.1,27.47,27.48,26.65,27.05
49.08,1879,241.2,100,0,-0.5,5,7237,0.03,0.04,92.1,89.3,81.3,84.1,27.47,27.48,26.64,27.04
49.12,1882,241.3,100,0,1,5,7239,0.03,0.04,92.1,89.3,81.3,84.1,27.47,27.48,26.64,27.04
49.16,1885,241.3,100,0,0.1,5,7240,0.03,0.04,92.1,89.3,81.2,84,27.47,27.48,26.64,27.04
49.2,1888,241.4,100,0,0.8,5,7242,-0.01,0.04,92,89.2,81.2,84,27.47,27.48,26.64,27.04
49.24,1890,241.5,100,0,0.6,5,7244,0.03,0.04,92,89.2,81.2,84,27.46,27.48,26.64,27.04
49.28,1893,241.5,100,0,0.2,5,7246,0.02,0.04,92,89.2,81.2,84,27.46,27.48,26.64,27.04
49.32,1896,241.6,100,0,-0.5,5,7247,-0.04,0.04,92,89.2,81.2,84,27.46,27.48,26.64,27.04
49.36,1898,241.6,100,0,0.5,5,7249,0,0.04,92,89.2,81.2,84,27.46,27.48,26.64,27.04
49.4,1901,241.7,100,0,-0.1,5,7251,0.01,0.04,92,89.2,81.2,84,27.46,27.47,26.64,27.04
49.44,1904,241.8,100,0,-0.1,5,7253,0.01,0.04,92,89.2,81.2,84,27.46,27.47,26.64,27.04
49.48,1906,241.8,100,0,-0.9,5,7254,0,0.04,92,89.2,81.1,83.9,27.46,27.47,26.64,27.04
49.52,1909,241.9,100,0,0.1,5,7256,-0.01,0.04,91.9,89.2,81.1,83.9,27.46,27.47,26.64,27.04
49.56,1912,241.9,100,0,-0.2,5,7258,0.01,0.04,91.9,89.1,81.1,83.9,27.46,27.47,26.63,27.03
49.6,1914,242,100,0,-0.2,5,7259,0.01,0.04,91.9,89.1,81.1,83.9,27.46,27.47,26.63,27.03
49.64,1917,242,100,0,0.3,5,7261,0,0.04,91.9,89.1,81.1,83.9,27.46,27.47,26.63,27.03
49.68,1920,242.1,100,0,-0.3,5,7263,-0.01,0.04,91.9,89.1,81.1,83.9,27.45,27.47,26.63,27.03
49.72,1922,242.2,100,0,-0.1,5,7265,-0.01,0.04,91.9,89.1,81.1,83.9,27.45,27.47,26.63,27.03
49.76,1925,242.2,100,0,0.4,5,7266,0.01,0.04,91.9,89.1,81.1,83.9,27.45,27.47,26.63,27.03
49.8,1928,242.3,100,0,0.8,5,7268,0,0.04,91.9,89.1,81,83.8,27.45,27.47,26.63,27.03
49.84,1931,242.3,100,0,-0.1,5,7270,0.01,0.04,91.8,89.1,81,83.8,27.45,27.46,26.63,27.03
49.88,1933,242.4,100,0,0.1,5,7272,-0.02,0.04,91.8,89,81,83.8,27.45,27.46,26.63,27.03
49.92,1936,242.4,100,0,0.2,5,7273,0.02,0.04,91.8,89,81,83.8,27.45,27.46,26.63,27.03
49.96,1939,242.5,100,0,0.5,5,7275,0,0.04,91.8,89,81,83.8,27.45,27.46,26.63,27.03
50,1941,242.6,100,0,0.1,5,7277,0.01,0.04,91.8,89,81,83.8,27.45,27.46,26.62,27.02
50.04,1944,242.6,100,0,-0.3,5,7278,0.01,0.04,91.8,89,81,83.8,27.45,27.46,26.62,27.02
50.08,1947,242.7,100,0,0.7,5,7280,0.03,0.04,91.8,89,81,83.8,27.45,27.46,26.62,27.02
50.12,1949,242.7,100,0,0.8,5,7282,-0.02,0.04,91.8,89,81,83.8,27.44,27.46,26.62,27.02
50.16,1952,242.8,100,0,-0.1,5,7284,-0.02,0.04,91.8,89,80.9,83.7,27.44,27.46,26.62,27.02
50.2,1955,242.8,100,0,0.1,5,7285,0.01,0.04,91.7,88.9,80.9,83.7,27.44,27.46,26.62,27.02
50.24,1957,242.9,100,0,-0.3,5,7287,-0.01,0.04,91.7,88.9,80.9,83.7,27.44,27.46,26.62,27.02
50.28,1960,243,100,0,-0.3,5,7289,0,0.04,91.7,88.9,80.9,83.7,27.44,27.45,26.62,27.02
50.32,1963,243,100,0,-0.1,5,7291,0.01,0.04,91.7,88.9,80.9,83.7,27.44,27.45,26.62,27.02
50.36,1966,243.1,100,0,-0.4,5,7292,0,0.04,91.7,88.9,80.9,83.7,27.44,27.45,26.62,27.02
50.4,1968,243.1,100,0,-0.2,5,7294,-0.02,0.04,91.7,88.9,80.9,83.7,27.44,27.45,26.62,27.02
50.44,1971,243.2,100,0,-0.6,5,7296,0.02,0.04,91.7,88.9,80.9,83.7,27.44,27.45,26.61,27.01
50.48,1974,243.2,100,0,0.5,5,7297,0,0.04,91.7,88.9,80.8,83.6,27.44,27.45,26.61,27.01
50.52,1976,243.3,100,0,-0.3,5,7299,0,0.04,91.6,88.9,80.8,83.6,27.44,27.45,26.61,27.01
50.56,1979,243.4,100,0,0.1,5,7301,0,0.04,91.6,88.8,80.8,83.6,27.43,27.45,26.61,27.01
50.6,1982,243.4,100,0,-0.2,5,7303,-0.01,0.04,91.6,88.8,80.8,83.6,27.43,27.45,26.61,27.01
50.64,1984,243.5,100,0,0.4,5,7304,0.01,0.04,91.6,88.8,80.8,83.6,27.43,27.45,26.61,27.01
50.68,1987,243.5,100,0,0.7,5,7306,0.01,0.04,91.6,88.8,80.8,83.6,27.43,27.45,26.61,27.01
50.72,1990,243.6,100,0,-0.7,5,7308,0.01,0.04,91.6,88.8,80.8,83.6,27.43,27.44,26.61,27.01
50.76,1993,243.7,100,0,0,5,7310,0.02,0.04,91.6,88.8,80.8,83.6,27.43,27.44,26.61,27.01
50.8,1995,243.7,100,0,0.3,5,7311,-0.02,0.04,91.6,88.8,80.7,83.5,27.43,27.44,26.61,27.01
50.84,1998,243.8,100,0,1.1,5,7313,0,0.04,91.5,88.8,80.7,83.5,27.43,27.44,26.61,27.01
50.88,2001,243.8,100,0,0.5,5,7315,0.02,0.04,91.5,88.7,80.7,83.5,27.43,27.44,26.6,27
50.92,2003,243.9,100,0,0.5,5,7316,0.01,0.04,91.5,88.7,80.7,83.5,27.43,27.44,26.6,27
50.96,2006,243.9,100,0,-0.3,5,7318,0.02,0.04,91.5,88.7,80.7,83.5,27.43,27.44,26.6,27
51,2009,244,100,0,0,5,7320,-0.01,0.04,91.5,88.7,80.7,83.5,27.43,27.44,26.6,27
51.04,2012,244.1,100,0,-0.3,5,7322,-0.01,0.04,91.5,88.7,80.7,83.5,27.42,27.44,26.6,27
51.08,2014,244.1,100,0,-0.3,5,7323,-0.03,0.04,91.5,88.7,80.7,83.5,27.42,27.44,26.6,27
51.12,2017,244.2,100,0,-0.2,5,7325,0.01,0.04,91.5,88.7,80.7,83.5,27.42,27.44,26.6,27
51.16,2020,244.2,100,0,-0.2,5,7327,-0.02,0.04,91.5,88.7,80.6,83.4,27.42,27.43,26.6,27
51.2,2022,244.3,100,0,0.2,5,7329,0,0.04,91.4,88.6,80.6,83.4,27.42,27.43,26.6,27
51.24,2025,244.3,100,0,0.1,5,7330,-0.03,0.04,91.4,88.6,80.6,83.4,27.42,27.43,26.6,27
51.28,2028,244.4,100,0,0.4,5,7332,-0.01,0.04,91.4,88.6,80.6,83.4,27.42,27.43,26.6,27
51.32,2031,244.5,100,0,0.7,5,7334,0,0.04,91.4,88.6,80.6,83.4,27.42,27.43,26.59,26.99
51.36,2033,244.5,100,0,0.5,5,7335,0,0.04,91.4,88.6,80.6,83.4,27.42,27.43,26.59,26.99
51.4,2036,244.6,100,0,-0.5,5,7337,0.01,0.04,91.4,88.6,80.6,83.4,27.42,27.43,26.59,26.99
51.44,2039,244.6,100,0,-0.2,5,7339,-0.02,0.04,91.4,88.6,80.6,83.4,27.42,27.43,26.59,26.99
51.48,2041,244.7,100,0,-0.1,5,7341,0.02,0.04,91.4,88.6,80.5,83.3,27.41,27.43,26.59,26.99
51.52,2044,244.7,100,0,0.1,5,7342,0.04,0.04,91.3,88.6,80.5,83.3,27.41,27.43,26.59,26.99
51.56,2047,244.8,100,0,-0.5,5,7344,0.02,0.04,91.3,88.5,80.5,83.3,27.41,27.43,26.59,26.99
51.6,2050,244.9,100,0,0.3,5,7346,-0.03,0.04,91.3,88.5,80.5,83.3,27.41,27.42,26.59,26.99
51.64,2052,244.9,100,0,-0.5,5,7348,0,0.04,91.3,88.5,80.5,83.3,27.41,27.42,26.59,26.99
51.68,2055,245,100,0,-0.1,5,7349,0.03,0.04,91.3,88.5,80.5,83.3,27.41,27.42,26.59,26.99
51.72,2058,245,100,0,0.1,5,7351,-0.02,0.04,91.3,88.5,80.5,83.3,27.41,27.42,26.59,26.99
51.76,2060,245.1,100,0,0.1,5,7353,-0.01,0.04,91.3,88.5,80.5,83.3,27.41,27.42,26.58,26.98
51.8,2063,245.1,100,0,0.3,5,7354,-0.01,0.04,91.3,88.5,80.4,83.2,27.41,27.42,26.58,26.98
51.84,2066,245.2,100,0,-0.3,5,7356,-0.01,0.04,91.2,88.5,80.4,83.2,27.41,27.42,26.58,26.98
51.88,2069,245.3,100,0,-0.3,5,7358,0,0.04,91.2,88.4,80.4,83.2,27.41,27.42,26.58,26.98
51.92,2071,245.3,100,0,0.5,5,7360,-0.02,0.04,91.2,88.4,80.4,83.2,27.4,27.42,26.58,26.98
51.96,2074,245.4,100,0,-0.4,5,7361,0.02,0.04,91.2,88.4,80.4,83.2,27.4,27.42,26.58,26.98
52,2077,245.4,100,0,-0.3,5,7363,-0.04,0.04,91.2,88.4,80.4,83.2,27.4,27.42,26.58,26.98
52.04,2080,245.5,100,0,-0.3,5,7365,0.02,0.04,91.2,88.4,80.4,83.2,27.4,27.41,26.58,26.98
52.08,2082,245.6,100,0,1,5,7367,0.02,0.04,91.2,88.4,80.4,83.2,27.4,27.41,26.58,26.98
52.12,2085,245.6,100,0,0,5,7368,0,0.04,91.2,88.4,80.4,83.2,27.4,27.41,26.58,26.98
52.16,2088,245.7,100,0,-0.7,5,7370,0.01,0.04,91.2,88.4,80.3,83.1,27.4,27.41,26.58,26.98
52.2,2090,245.7,100,0,0.3,5,7372,0,0.04,91.1,88.3,80.3,83.1,27.4,27.41,26.57,26.97
52.24,2093,245.8,100,0,0.6,5,7374,-0.01,0.04,91.1,88.3,80.3,83.1,27.4,27.41,26.57,26.97
52.28,2096,245.8,100,0,0.3,5,7375,-0.02,0.04,91.1,88.3,80.3,83.1,27.4,27.41,26.57,26.97
52.32,2099,245.9,100,0,-0.6,5,7377,-0.03,0.04,91.1,88.3,80.3,83.1,27.4,27.41,26.57,26.97
52.36,2101,246,100,0,0.8,5,7379,0,0.04,91.1,88.3,80.3,83.1,27.39,27.41,26.57,26.97
52.4,2104,246,100,0,-0.2,5,7380,-0.03,0.04,91.1,88.3,80.3,83.1,27.39,27.41,26.57,26.97
52.44,2107,246.1,100,0,0.2,5,7382,0.01,0.04,91.1,88.3,80.3,83.1,27.39,27.41,26.57,26.97
52.48,2110,246.1,100,0,-0.4,5,7384,-0.01,0.04,91.1,88.3,80.2,83,27.39,27.4,26.57,26.97
52.52,2112,246.2,100,0,-0.4,5,7386,0.01,0.04,91,88.3,80.2,83,27.39,27.4,26.57,26.97
52.56,2115,246.2,100,0,-0.5,5,7387,0.02,0.04,91,88.2,80.2,83,27.39,27.4,26.57,26.97
52.6,2118,246.3,100,0,-0.5,5,7389,0.04,0.04,91,88.2,80.2,83,27.39,27.4,26.57,26.97
52.64,2121,246.4,100,0,0.1,5,7391,0,0.04,91,88.2,80.2,83,27.39,27.4,26.56,26.96
52.68,2123,246.4,100,0,0.5,5,7393,-0.01,0.04,91,88.2,80.2,83,27.39,27.4,26.56,26.96
52.72,2126,246.5,100,0,-0.1,5,7394,-0.01,0.04,91,88.2,80.2,83,27.39,27.4,26.56,26.96
52.76,2129,246.5,100,0,0.4,5,7396,0.01,0.04,91,88.2,80.2,83,27.39,27.4,26.56,26.96
52.8,2131,246.6,100,0,0.5,5,7398,0,0.04,91,88.2,80.1,82.9,27.38,27.4,26.56,26.96
52.84,2134,246.6,100,0,-0.4,5,7399,-0.02,0.04,90.9,88.2,80.1,82.9,27.38,27.4,26.56,26.96
52.88,2137,246.7,100,0,-0.2,5,7401,0.01,0.04,90.9,88.1,80.1,82.9,27.38,27.4,26.56,26.96
52.92,2140,246.8,100,0,-0.7,5,7403,0.01,0.04,90.9,88.1,80.1,82.9,27.38,27.39,26.56,26.96
52.96,2142,246.7,0,2,0.6,5,7401,0,-1.85,91,88.2,80.1,82.9,27.39,27.4,26.56,26.96
53,2145,246.4,0,11,1.8,5,7391,0,-1.85,91.2,88.2,80.1,82.9,27.4,27.4,26.56,26.96
53.04,2148,245.8,0,20,0.3,5,7373,0,-1.85,91.3,88.3,80.1,82.9,27.41,27.4,26.56,26.96
53.08,2151,244.9,0,30,-1.5,5,7346,0,-1.85,91.4,88.3,80.1,82.9,27.42,27.41,26.56,26.96
53.12,2153,243.7,0,39,0.5,5,7311,0,-1.85,91.5,88.3,80.1,82.9,27.43,27.41,26.56,26.96
53.16,2156,242.2,0,49,0.3,5,7267,0,-1.85,91.6,88.4,80.1,82.9,27.44,27.41,26.56,26.96
53.2,2159,240.5,0,58,-0.6,5,7215,0,-1.85,91.8,88.4,80.1,82.9,27.44,27.42,26.56,26.96
53.24,2161,238.5,0,67,1.1,5,7154,0,-1.85,91.9,88.5,80.1,82.9,27.45,27.42,26.56,26.96
53.28,2164,236.2,0,76,0.2,5,7086,0,-1.85,92,88.5,80.1,82.9,27.46,27.42,26.56,26.96
53.32,2167,233.7,0,85,-0.4,5,7010,0,-1.85,92.1,88.5,80.1,82.9,27.47,27.42,26.56,26.96
53.36,2169,230.9,0,92,-0.9,5,6927,0,-1.85,92.2,88.6,80.1,82.9,27.48,27.43,26.56,26.96
53.4,2172,228.1,0,92,-0.8,5,6844,0,-1.85,92.4,88.6,80.1,82.9,27.49,27.43,26.56,26.96
53.44,2174,225.4,0,92,-0.1,5,6761,0,-1.85,92.5,88.7,80.1,82.9,27.5,27.43,26.56,26.96
53.48,2177,222.6,0,92,-0.2,5,6678,0,-1.85,92.6,88.7,80.1,82.9,27.51,27.44,26.56,26.96
53.52,2179,219.9,0,92,-0.6,5,6596,0,-1.85,92.7,88.7,80.1,82.9,27.52,27.44,26.56,26.96
53.56,2182,217.1,0,92,1,5,6513,0,-1.85,92.8,88.8,80.1,82.9,27.53,27.44,26.56,26.96
53.6,2184,214.3,0,92,-1,4,7716,0,-1.85,93,88.8,80.1,82.9,27.53,27.45,26.56,26.96
53.64,2187,211.6,0,92,0.5,4,7617,0,-1.85,93.1,88.9,80.1,82.9,27.54,27.45,26.56,26.96
53.68,2189,208.8,0,92,-0.6,4,7517,0,-1.85,93.2,88.9,80.1,82.9,27.55,27.45,26.56,26.96
53.72,2191,206.1,0,92,-0.7,4,7418,0,-1.85,93.3,88.9,80.1,82.9,27.56,27.45,26.56,26.96
53.76,2194,203.3,0,92,0.2,4,7319,0,-1.85,93.4,89,80.1,82.9,27.57,27.46,26.56,26.96
53.8,2196,200.5,0,92,-0.5,4,7219,0,-1.85,93.6,89,80.1,82.9,27.58,27.46,26.56,26.96
53.84,2198,197.8,0,92,-0.2,4,7120,0,-1.85,93.7,89.1,80.1,82.9,27.59,27.46,26.56,26.96
53.88,2200,195,0,92,-0.3,4,7020,0,-1.85,93.8,89.1,80.1,82.9,27.6,27.47,26.56,26.96
53.92,2202,192.3,0,92,0.1,4,6921,0,-1.85,93.9,89.1,80.1,82.9,27.61,27.47,26.56,26.96
53.96,2205,189.5,0,92,-0.1,4,6822,0,-1.85,94,89.2,80.1,82.9,27.62,27.47,26.56,26.96
54,2207,186.7,0,92,-0.8,4,6722,0,-1.85,94.2,89.2,80.1,82.9,27.62,27.48,26.56,26.96
54.04,2209,184,0,92,0.7,4,6623,0,-1.85,94.3,89.3,80.1,82.9,27.63,27.48,26.56,26.96
54.08,2211,181.2,0,92,-0.9,4,6524,0,-1.85,94.4,89.3,80.1,82.9,27.64,27.48,26.56,26.96
54.12,2213,178.5,0,92,-0.5,4,6424,0,-1.85,94.5,89.3,80.1,82.9,27.65,27.48,26.56,26.96
54.16,2215,175.7,0,92,-0.4,4,6325,0,-1.85,94.6,89.4,80.1,82.9,27.66,27.49,26.56,26.96
54.2,2217,172.9,0,92,-0.6,3,7609,0,-1.85,94.8,89.4,80.1,82.9,27.67,27.49,26.56,26.96
54.24,2219,170.2,0,92,0.3,3,7488,0,-1.85,94.9,89.5,80.1,82.9,27.68,27.49,26.56,26.96
54.28,2221,167.4,0,92,0.8,3,7366,0,-1.85,95,89.5,80.1,82.9,27.69,27.5,26.56,26.96
54.32,2222,164.7,0,92,0.4,3,7245,0.01,-1.4,95.1,89.5,80.1,82.9,27.7,27.5,26.56,26.96
54.36,2224,162,0,89,2.6,3,7127,0.05,-1.37,95.2,89.6,80.1,82.9,27.71,27.5,26.56,26.96
54.4,2226,159.4,0,87,3.2,3,7012,0.08,-1.34,95.4,89.6,80.1,82.9,27.71,27.51,26.56,26.96
54.44,2228,156.8,0,85,5.3,3,6900,0.12,-1.32,95.5,89.7,80.1,82.9,27.72,27.51,26.56,26.96
54.48,2230,154.4,0,82,6.4,3,6792,0.16,-1.29,95.6,89.7,80.1,82.9,27.73,27.51,26.56,26.96
54.52,2231,152,0,80,8.7,3,6686,0.2,-1.27,95.7,89.7,80.1,82.9,27.74,27.51,26.56,26.96
54.56,2233,149.6,0,78,10.1,3,6583,0.23,-1.24,95.8,89.8,80.1,82.9,27.75,27.52,26.56,26.96
54.6,2235,147.3,0,76,11.3,3,6483,0.27,-1.22,96,89.8,80.1,82.9,27.76,27.52,26.56,26.96
54.64,2236,145.1,0,74,13.1,3,6385,0.3,-1.2,96.1,89.9,80.1,82.9,27.77,27.52,26.56,26.96
54.68,2238,143,0,72,13.6,3,6290,0.34,-1.17,96.2,89.9,80.1,82.9,27.78,27.53,26.56,26.96
54.72,2239,140.9,0,70,14.8,3,6198,0.37,-1.15,96.3,89.9,80.1,82.9,27.79,27.53,26.56,26.96
54.76,2241,138.8,0,68,17.2,3,6108,0.41,-1.13,96.4,90,80.1,82.9,27.8,27.53,26.56,26.96
54.8,2243,136.8,0,66,18.1,3,6021,0.44,-1.11,96.6,90,80.1,82.9,27.8,27.54,26.56,26.96
54.84,2244,134.9,0,64,19.7,2,7691,0.47,-1.09,96.7,90.1,80.1,82.9,27.81,27.54,26.56,26.96
54.88,2246,133,0,63,21.5,2,7583,0.5,-1.06,96.8,90.1,80.1,82.9,27.82,27.54,26.56,26.96
54.92,2247,131.5,0,61,21.9,2,7496,0.54,-1.04,96.9,90.1,80.1,82.9,27.83,27.54,26.56,26.96
54.96,2249,131.5,0,59,24.3,2,7496,0.57,-1.02,97,90.2,80.1,82.9,27.84,27.55,26.56,26.96
55,2250,131.5,0,58,25.3,2,7496,0.6,-1,97.2,90.2,80.1,82.9,27.85,27.55,26.56,26.96
55.04,2251,131.5,0,56,26.1,2,7496,0.63,-0.98,97.3,90.3,80.1,82.9,27.86,27.55,26.56,26.96
55.08,2253,131.5,0,54,26.9,2,7496,0.66,-0.96,97.4,90.3,80.1,82.9,27.87,27.56,26.56,26.96
55.12,2254,131.5,0,53,28.2,2,7496,0.69,-0.94,97.5,90.3,80.1,82.9,27.88,27.56,26.56,26.96
55.16,2256,131.5,0,51,28,2,7496,0.72,-0.92,97.6,90.4,80.1,82.9,27.89,27.56,26.56,26.96
55.2,2257,131.5,0,49,30.3,2,7496,0.76,-0.9,97.8,90.4,80.1,82.9,27.89,27.57,26.56,26.96
55.24,2259,131.5,0,48,31.5,2,7496,0.79,-0.88,97.9,90.5,80.1,82.9,27.9,27.57,26.56,26.96
55.28,2260,131.5,0,46,32.1,2,7496,0.82,-0.85,98,90.5,80.1,82.9,27.91,27.57,26.56,26.96
55.32,2262,131.5,0,45,33.5,2,7496,0.85,-0.83,98.1,90.5,80.1,82.9,27.92,27.57,26.56,26.96
55.36,2263,131.5,0,43,34.9,2,7496,0.88,-0.81,98.2,90.6,80.1,82.9,27.93,27.58,26.56,26.96
55.4,2265,131.5,0,41,37,2,7496,0.91,-0.79,98.4,90.6,80.1,82.9,27.94,27.58,26.56,26.96
55.44,2266,131.5,0,40,37.1,2,7496,0.94,-0.77,98.5,90.7,80.1,82.9,27.95,27.58,26.56,26.96
55.48,2268,131.5,0,38,37.9,2,7496,0.97,-0.75,98.6,90.7,80.1,82.9,27.96,27.59,26.56,26.96
55.52,2269,131.5,0,37,37.7,2,7496,1.01,-0.73,98.7,90.7,80.1,82.9,27.97,27.59,26.56,26.96
55.56,2270,131.5,0,35,39.6,2,7496,1.04,-0.71,98.8,90.8,80.1,82.9,27.98,27.59,26.56,26.96
55.6,2272,131.5,0,34,41,2,7496,1.07,-0.69,99,90.8,80.1,82.9,27.98,27.6,26.56,26.96
55.64,2273,131.5,0,33,41.9,2,7496,1.1,-0.67,99.1,90.9,80.1,82.9,27.99,27.6,26.56,26.96
55.68,2275,131.5,0,31,42.8,2,7496,1.13,-0.65,99.2,90.9,80.1,82.9,28,27.6,26.56,26.96
55.72,2276,131.5,0,30,43.3,2,7496,1.16,-0.62,99.3,90.9,80.1,82.9,28.01,27.6,26.56,26.96
55.76,2278,131.5,0,28,43.9,2,7496,1.19,-0.6,99.4,91,80.1,82.9,28.02,27.61,26.56,26.96
55.8,2279,131.5,0,27,44.6,2,7496,1.23,-0.58,99.6,91,80.1,82.9,28.03,27.61,26.56,26.96
55.84,2281,131.5,0,26,45.4,2,7496,1.26,-0.56,99.7,91.1,80.1,82.9,28.04,27.61,26.56,26.96
55.88,2282,131.5,0,24,45.6,2,7496,1.29,-0.54,99.8,91.1,80.1,82.9,28.05,27.62,26.56,26.96
55.92,2284,131.5,0,23,48.4,2,7496,1.32,-0.52,99.9,91.1,80.1,82.9,28.06,27.62,26.56,26.96
55.96,2285,131.5,0,22,48.2,2,7496,1.35,-0.5,100,91.2,80.1,82.9,28.07,27.62,26.56,26.96
56,2287,131.5,0,20,48.8,2,7496,1.38,-0.48,100.2,91.2,80.1,82.9,28.07,27.63,26.56,26.96
56.04,2288,131.5,0,19,49.5,2,7496,1.41,-0.46,100.3,91.3,80.1,82.9,28.08,27.63,26.56,26.96
56.08,2289,131.5,0,18,49.8,2,7496,1.44,-0.44,100.4,91.3,80.1,82.9,28.09,27.63,26.56,26.96
56.12,2291,131.5,0,17,50.3,2,7496,1.48,-0.42,100.5,91.3,80.1,82.9,28.1,27.63,26.56,26.96
56.16,2292,131.5,0,16,51.1,2,7496,1.51,-0.4,100.6,91.4,80.1,82.9,28.11,27.64,26.56,26.96
56.2,2294,131.5,0,15,52.2,2,7496,1.54,-0.37,100.8,91.4,80.1,82.9,28.12,27.64,26.56,26.96
56.24,2295,131.5,0,13,53.1,2,7496,1.57,-0.35,100.9,91.5,80.1,82.9,28.13,27.64,26.56,26.96
56.28,2297,131.5,0,12,52.4,2,7496,1.6,-0.33,101,91.5,80.1,82.9,28.14,27.65,26.56,26.96
56.32,2298,131.5,0,11,54.4,2,7496,1.63,-0.31,101.1,91.5,80.1,82.9,28.15,27.65,26.56,26.96
56.36,2300,131.5,0,10,53.3,2,7496,1.66,-0.29,101.2,91.6,80.1,82.9,28.16,27.65,26.56,26.96
56.4,2301,131.5,0,9,53.6,2,7496,1.7,-0.27,101.4,91.6,80.1,82.9,28.16,27.66,26.56,26.96
56.44,2303,131.5,0,8,55.1,2,7496,1.73,-0.25,101.5,91.7,80.1,82.9,28.17,27.66,26.56,26.96
56.48,2304,131.5,0,7,55.5,2,7496,1.76,-0.23,101.6,91.7,80.1,82.9,28.18,27.66,26.56,26.96
56.52,2306,131.5,0,6,55,2,7496,1.79,-0.21,101.7,91.7,80.1,82.9,28.19,27.66,26.56,26.96
56.56,2307,131.5,0,5,56,2,7496,1.82,-0.19,101.8,91.8,80.1,82.9,28.2,27.67,26.56,26.96
56.6,2308,131.5,0,5,55.2,2,7496,1.85,-0.17,102,91.8,80.1,82.9,28.21,27.67,26.56,26.96
56.64,2310,131.5,0,4,56.1,2,7496,1.88,-0.14,102.1,91.9,80.1,82.9,28.22,27.67,26.56,26.96
56.68,2311,131.5,0,3,56.3,2,7496,1.91,-0.12,102.2,91.9,80.1,82.9,28.23,27.68,26.56,26.96
56.72,2313,131.5,0,2,56,2,7496,1.95,-0.1,102.3,91.9,80.1,82.9,28.24,27.68,26.56,26.96
56.76,2314,131.5,0,2,57.5,2,7496,1.98,-0.08,102.4,92,80.1,82.9,28.25,27.68,26.56,26.96
56.8,2316,131.5,0,1,57.5,2,7496,2.01,-0.06,102.6,92,80.1,82.9,28.25,27.69,26.56,26.96
56.84,2317,131.5,0,1,57.3,2,7496,2.04,-0.04,102.7,92.1,80.1,82.9,28.26,27.69,26.56,26.96
56.88,2319,131.5,0,0,56.7,2,7496,2.07,-0.02,102.8,92.1,80.1,82.9,28.27,27.69,26.56,26.96
56.92,2320,131.5,0,0,56.6,2,7496,1.95,0,102.8,92.1,80.1,82.9,28.27,27.69,26.56,26.96
56.96,2322,131.5,3,0,55.3,2,7496,1.93,0.01,102.8,92.1,80.2,83,28.27,27.69,26.56,26.96
57,2323,131.5,5,0,55.1,2,7496,1.9,0.02,102.8,92.1,80.2,83,28.27,27.69,26.57,26.97
57.04,2325,131.5,7,0,54.4,2,7496,1.88,0.03,102.8,92.1,80.3,83.1,28.27,27.69,26.57,26.97
57.08,2326,131.5,9,0,52.8,2,7497,1.86,0.04,102.8,92.1,80.3,83.1,28.27,27.69,26.57,26.97
57.12,2327,131.5,10,0,52.8,2,7498,1.84,0.05,102.8,92.1,80.3,83.1,28.27,27.69,26.57,26.97
57.16,2329,131.6,12,0,52,2,7498,1.82,0.05,102.8,92.1,80.4,83.2,28.27,27.69,26.58,26.98
57.2,2330,131.6,14,0,51.5,2,7499,1.8,0.06,102.8,92.1,80.4,83.2,28.27,27.69,26.58,26.98
57.24,2332,131.6,16,0,50.2,2,7500,1.78,0.07,102.8,92.1,80.4,83.2,28.27,27.69,26.58,26.98
57.28,2333,131.6,17,0,49.6,2,7501,1.75,0.08,102.8,92.1,80.5,83.3,28.27,27.69,26.58,26.98
57.32,2335,131.6,19,0,49.1,2,7503,1.73,0.09,102.8,92.1,80.5,83.3,28.27,27.69,26.59,26.99
57.36,2336,131.6,20,0,47.8,2,7504,1.71,0.1,102.8,92.1,80.5,83.3,28.27,27.69,26.59,26.99
57.4,2338,131.7,22,0,47,2,7505,1.69,0.11,102.8,92.1,80.6,83.4,28.27,27.69,26.59,26.99
57.44,2339,131.7,23,0,46,2,7507,1.67,0.12,102.8,92.1,80.6,83.4,28.27,27.69,26.6,27
57.48,2341,131.7,25,0,45.6,2,7508,1.65,0.13,102.8,92.1,80.6,83.4,28.27,27.69,26.6,27
57.52,2342,131.8,26,0,44.5,2,7510,1.63,0.14,102.8,92.1,80.7,83.5,28.27,27.69,26.6,27
57.56,2344,131.8,28,0,44.1,2,7512,1.6,0.14,102.8,92.1,80.7,83.5,28.27,27.69,26.6,27
57.6,2345,131.8,29,0,42.8,2,7513,1.58,0.15,102.8,92.1,80.7,83.5,28.27,27.69,26.61,27.01
57.64,2346,131.8,31,0,42.5,2,7515,1.56,0.16,102.8,92.1,80.8,83.6,28.27,27.69,26.61,27.01
57.68,2348,131.9,32,0,42.6,2,7517,1.54,0.17,102.8,92.1,80.8,83.6,28.27,27.69,26.61,27.01
57.72,2349,131.9,34,0,40.4,2,7519,1.52,0.18,102.8,92.1,80.8,83.6,28.27,27.69,26.61,27.01
57.76,2351,132,35,0,40.3,2,7522,1.5,0.19,102.8,92.1,80.9,83.7,28.27,27.69,26.62,27.02
57.8,2352,132,36,0,39.4,2,7524,1.47,0.2,102.8,92.1,80.9,83.7,28.27,27.69,26.62,27.02
57.84,2354,132,38,0,38.2,2,7526,1.45,0.21,102.8,92.1,81,83.8,28.27,27.69,26.62,27.02
57.88,2355,132.1,39,0,38.3,2,7529,1.43,0.22,102.8,92.1,81,83.8,28.27,27.69,26.62,27.02
57.92,2357,132.1,41,0,37.4,2,7531,1.41,0.23,102.8,92.1,81,83.8,28.27,27.69,26.63,27.03
57.96,2358,132.2,42,0,36.7,2,7534,1.39,0.23,102.8,92.1,81.1,83.9,28.27,27.69,26.63,27.03
58,2360,132.2,43,0,36.2,2,7537,1.37,0.24,102.8,92.1,81.1,83.9,28.27,27.69,26.63,27.03
58.04,2361,132.3,45,0,34.2,2,7539,1.34,0.25,102.8,92.1,81.1,83.9,28.27,27.69,26.63,27.03
58.08,2363,132.3,46,0,34.5,2,7542,1.32,0.26,102.8,92.1,81.2,84,28.27,27.69,26.64,27.04
58.12,2364,132.4,47,0,33.1,2,7545,1.3,0.27,102.8,92.1,81.2,84,28.27,27.69,26.64,27.04
58.16,2366,132.4,49,0,32,2,7548,1.28,0.28,102.8,92.1,81.2,84,28.27,27.69,26.64,27.04
58.2,2367,132.5,50,0,31.5,2,7551,1.26,0.29,102.8,92.1,81.3,84.1,28.27,27.69,26.65,27.05
58.24,2368,132.5,51,0,30.8,2,7555,1.24,0.3,102.8,92.1,81.3,84.1,28.27,27.69,26.65,27.05
58.28,2370,132.6,53,0,30.2,2,7558,1.21,0.31,102.8,92.1,81.3,84.1,28.27,27.69,26.65,27.05
58.32,2371,132.7,54,0,29.5,2,7561,1.19,0.32,102.8,92.1,81.4,84.2,28.27,27.69,26.65,27.05
58.36,2373,132.7,55,0,28.8,2,7565,1.17,0.32,102.8,92.1,81.4,84.2,28.27,27.69,26.66,27.06
58.4,2374,132.8,57,0,27.7,2,7568,1.15,0.33,102.8,92.1,81.4,84.2,28.27,27.69,26.66,27.06
58.44,2376,132.8,58,0,27.1,2,7572,1.13,0.34,102.8,92.1,81.5,84.3,28.27,27.69,26.66,27.06
58.48,2377,132.9,59,0,26.5,2,7576,1.11,0.35,102.8,92.1,81.5,84.3,28.27,27.69,26.66,27.06
58.52,2379,133,61,0,25.5,2,7579,1.08,0.36,102.8,92.1,81.5,84.3,28.27,27.69,26.67,27.07
58.56,2380,133,62,0,24.6,2,7583,1.06,0.37,102.8,92.1,81.6,84.4,28.27,27.69,26.67,27.07
58.6,2382,133.1,63,0,23,2,7587,1.04,0.38,102.8,92.1,81.6,84.4,28.27,27.69,26.67,27.07
58.64,2383,133.2,64,0,22.4,2,7591,1.02,0.39,102.8,92.1,81.7,84.5,28.27,27.69,26.67,27.07
58.68,2385,133.3,66,0,21.6,2,7595,1,0.4,102.8,92.1,81.7,84.5,28.27,27.69,26.68,27.08
58.72,2386,133.3,67,0,21.3,2,7599,0.98,0.41,102.8,92.1,81.7,84.5,28.27,27.69,26.68,27.08
58.76,2388,133.4,68,0,20.3,2,7604,0.95,0.42,102.8,92.1,81.8,84.6,28.27,27.69,26.68,27.08
58.8,2389,133.5,70,0,20.2,2,7608,0.93,0.42,102.8,92.1,81.8,84.6,28.27,27.69,26.68,27.08
58.84,2391,133.6,71,0,18.7,2,7612,0.91,0.43,102.8,92.1,81.8,84.6,28.27,27.69,26.69,27.09
58.88,2392,133.6,72,0,18.5,2,7617,0.89,0.44,102.8,92.1,81.9,84.7,28.27,27.69,26.69,27.09
58.92,2394,133.7,73,0,16.3,2,7621,0.87,0.45,102.8,92.1,81.9,84.7,28.27,27.69,26.69,27.09
58.96,2395,133.8,75,0,17.6,2,7626,0.84,0.46,102.8,92.1,81.9,84.7,28.27,27.69,26.7,27.1
59,2397,133.9,76,0,15.8,2,7631,0.82,0.47,102.8,92.1,82,84.8,28.27,27.69,26.7,27.1
59.04,2398,134,77,0,15,2,7635,0.8,0.48,102.8,92.1,82,84.8,28.27,27.69,26.7,27.1
59.08,2400,134,78,0,14.3,2,7640,0.78,0.49,102.8,92.1,82,84.8,28.27,27.69,26.7,27.1
59.12,2401,134.1,80,0,13.8,2,7645,0.76,0.5,102.8,92.1,82.1,84.9,28.27,27.69,26.71,27.11
59.16,2403,134.2,81,0,13.3,2,7650,0.74,0.51,102.8,92.1,82.1,84.9,28.27,27.69,26.71,27.11
59.2,2404,134.3,82,0,11.4,2,7655,0.71,0.52,102.8,92.1,82.1,84.9,28.27,27.69,26.71,27.11
59.24,2406,134.4,83,0,11.6,2,7660,0.69,0.52,102.8,92.1,82.2,85,28.27,27.69,26.71,27.11
59.28,2407,134.5,85,0,9.5,2,7666,0.67,0.53,102.8,92.1,82.2,85,28.27,27.69,26.72,27.12
59.32,2409,134.6,86,0,9.3,2,7671,0.65,0.54,102.8,92.1,82.2,85,28.27,27.69,26.72,27.12
59.36,2410,134.7,87,0,8.5,2,7676,0.63,0.55,102.8,92.1,82.3,85.1,28.27,27.69,26.72,27.12
59.4,2412,134.8,88,0,7.2,2,7682,0.6,0.56,102.8,92.1,82.3,85.1,28.27,27.69,26.72,27.12
59.44,2413,134.9,89,0,7,2,7687,0.58,0.57,102.8,92.1,82.4,85.2,28.27,27.69,26.73,27.13
59.48,2415,135,91,0,6.1,2,7693,0.56,0.58,102.8,92.1,82.4,85.2,28.27,27.69,26.73,27.13
59.52,2416,135.1,92,0,5.1,3,5943,0.54,0.59,102.8,92.1,82.4,85.2,28.27,27.69,26.73,27.13
59.56,2418,135.2,93,0,5,3,5947,0.52,0.6,102.8,92.1,82.5,85.3,28.27,27.69,26.73,27.13
59.6,2419,135.3,94,0,4,3,5951,0.49,0.61,102.8,92.1,82.5,85.3,28.27,27.69,26.74,27.14
59.64,2421,135.4,96,0,3.4,3,5956,0.47,0.62,102.8,92.1,82.5,85.3,28.27,27.69,26.74,27.14
59.68,2422,135.5,97,0,1.9,3,5961,0.45,0.63,102.8,92.1,82.6,85.4,28.27,27.69,26.74,27.14
59.72,2424,135.6,98,0,1.7,3,5965,0.43,0.63,102.8,92.1,82.6,85.4,28.27,27.69,26.74,27.14
59.76,2425,135.7,99,0,0.7,3,5970,0.4,0.64,102.8,92.1,82.6,85.4,28.27,27.69,26.75,27.15
59.8,2427,136.5,0,6,-1.3,3,6006,0,-1.85,102.8,92.2,82.6,85.4,28.28,27.7,26.75,27.15
59.84,2428,136.5,0,8,1.8,3,6006,0,-1.85,102.9,92.3,82.6,85.4,28.28,27.71,26.75,27.15
59.88,2430,136.5,0,10,0.6,3,6006,0,-1.85,102.9,92.5,82.6,85.4,28.28,27.72,26.75,27.15
59.92,2431,136.5,0,12,-1.4,3,6006,0,-1.85,103,92.6,82.6,85.4,28.28,27.73,26.75,27.15
59.96,2433,136.5,0,14,-0.8,3,6006,0,-1.85,103,92.7,82.6,85.4,28.29,27.74,26.75,27.15
60,2434,136.5,0,16,0.1,3,6006,0,-1.85,103,92.8,82.6,85.4,28.29,27.75,26.75,27.15
60.04,2436,136.5,0,19,-0.6,3,6006,0,-1.85,103.1,92.9,82.6,85.4,28.29,27.75,26.75,27.15
60.08,2437,136.5,0,20,0.3,3,6006,0,-1.85,103.1,93.1,82.6,85.4,28.3,27.76,26.75,27.15
60.12,2439,136.5,0,20,-0.3,3,6006,0,-1.85,103.2,93.2,82.6,85.4,28.3,27.77,26.75,27.15
60.16,2440,136.5,0,20,0.7,3,6006,0,-1.85,103.2,93.3,82.6,85.4,28.3,27.78,26.75,27.15
60.2,2442,136.5,0,20,0.2,3,6006,0,-1.85,103.2,93.4,82.6,85.4,28.31,27.79,26.75,27.15
60.24,2443,136.5,0,20,-1,3,6006,0,-1.85,103.3,93.5,82.6,85.4,28.31,27.8,26.75,27.15
60.28,2445,136.5,0,20,0.4,3,6006,0,-1.85,103.3,93.7,82.6,85.4,28.31,27.81,26.75,27.15
60.32,2446,136.5,0,20,0.3,3,6006,0,-1.85,103.4,93.8,82.6,85.4,28.31,27.82,26.75,27.15
60.36,2448,136.5,0,20,0.4,3,6006,0,-1.85,103.4,93.9,82.6,85.4,28.32,27.83,26.75,27.15
60.4,2449,136.5,0,20,0.2,3,6006,0,-1.85,103.4,94,82.6,85.4,28.32,27.84,26.75,27.15
60.44,2451,136.5,0,20,0.9,3,6006,0,-1.85,103.5,94.1,82.6,85.4,28.32,27.84,26.75,27.15
60.48,2452,136.5,0,20,-1,3,6006,0,-1.85,103.5,94.3,82.6,85.4,28.33,27.85,26.75,27.15
60.52,2454,136.5,0,20,0.5,3,6006,0,-1.85,103.6,94.4,82.6,85.4,28.33,27.86,26.75,27.15
60.56,2455,136.5,0,20,0.1,3,6006,0,-1.85,103.6,94.5,82.6,85.4,28.33,27.87,26.75,27.15
60.6,2457,136.5,0,20,0.4,3,6006,0,-1.85,103.6,94.6,82.6,85.4,28.34,27.88,26.75,27.15
60.64,2458,136.5,0,20,0.2,3,6006,0,-1.85,103.7,94.7,82.6,85.4,28.34,27.89,26.75,27.15
60.68,2460,136.5,0,20,0.4,3,6006,0,-1.85,103.7,94.9,82.6,85.4,28.34,27.9,26.75,27.15
60.72,2461,136.5,0,20,0.6,3,6006,0,-1.85,103.8,95,82.6,85.4,28.34,27.91,26.75,27.15
60.76,2463,136.5,0,20,0.2,3,6006,0,-1.85,103.8,95.1,82.6,85.4,28.35,27.92,26.75,27.15
60.8,2464,136.5,0,20,-1.3,3,6006,0,-1.85,103.8,95.2,82.6,85.4,28.35,27.93,26.75,27.15
60.84,2466,136.5,0,20,-0.5,3,6006,0,-1.85,103.9,95.3,82.6,85.4,28.35,27.93,26.75,27.15
60.88,2467,136.5,0,19,-1.1,3,6006,-0.05,-1.36,103.9,95.5,82.6,85.4,28.36,27.94,26.75,27.15
60.92,2469,136.5,0,19,-4.8,3,6006,-0.11,-1.32,104,95.6,82.6,85.4,28.36,27.95,26.75,27.15
60.96,2471,136.5,0,18,-6.4,3,6006,-0.17,-1.29,104,95.7,82.6,85.4,28.36,27.96,26.75,27.15
61,2472,136.5,0,17,-8.7,3,6006,-0.23,-1.25,104,95.8,82.6,85.4,28.37,27.97,26.75,27.15
61.04,2474,136.5,0,16,-11.4,3,6006,-0.29,-1.21,104.1,95.9,82.6,85.4,28.37,27.98,26.75,27.15
61.08,2475,136.5,0,16,-13.2,3,6006,-0.35,-1.17,104.1,96.1,82.6,85.4,28.37,27.99,26.75,27.15
61.12,2477,136.5,0,15,-15.8,3,6006,-0.41,-1.13,104.2,96.2,82.6,85.4,28.37,28,26.75,27.15
61.16,2478,136.5,0,14,-18.3,3,6006,-0.47,-1.09,104.2,96.3,82.6,85.4,28.38,28.01,26.75,27.15
61.2,2480,136.5,0,13,-19.9,3,6006,-0.53,-1.05,104.2,96.4,82.6,85.4,28.38,28.02,26.75,27.15
61.24,2481,136.5,0,13,-23.3,3,6006,-0.59,-1.01,104.3,96.5,82.6,85.4,28.38,28.02,26.75,27.15
61.28,2483,136.5,0,12,-23.7,3,6006,-0.64,-0.97,104.3,96.7,82.6,85.4,28.39,28.03,26.75,27.15
61.32,2484,136.5,0,11,-26.6,3,6006,-0.7,-0.93,104.4,96.8,82.6,85.4,28.39,28.04,26.75,27.15
61.36,2486,136.5,0,11,-29.2,3,6006,-0.76,-0.89,104.4,96.9,82.6,85.4,28.39,28.05,26.75,27.15
61.4,2487,136.5,0,10,-31.8,3,6006,-0.82,-0.85,104.4,97,82.6,85.4,28.4,28.06,26.75,27.15
61.44,2489,136.5,0,9,-33,3,6006,-0.88,-0.81,104.5,97.1,82.6,85.4,28.4,28.07,26.75,27.15
61.48,2490,136.5,0,9,-34.2,3,6006,-0.94,-0.77,104.5,97.3,82.6,85.4,28.4,28.08,26.75,27.15
61.52,2492,136.5,0,8,-36.4,3,6006,-1,-0.73,104.6,97.4,82.6,85.4,28.4,28.09,26.75,27.15
61.56,2493,136.5,0,7,-36.3,3,6006,-1.06,-0.69,104.6,97.5,82.6,85.4,28.41,28.1,26.75,27.15
61.6,2495,136.5,0,7,-39.5,3,6006,-1.12,-0.66,104.6,97.6,82.6,85.4,28.41,28.11,26.75,27.15
61.64,2496,136.5,0,6,-40.7,3,6006,-1.18,-0.62,104.7,97.7,82.6,85.4,28.41,28.11,26.75,27.15
61.68,2498,136.5,0,6,-42.5,3,6006,-1.24,-0.58,104.7,97.9,82.6,85.4,28.42,28.12,26.75,27.15
61.72,2499,136.5,0,5,-43.5,3,6006,-1.29,-0.54,104.8,98,82.6,85.4,28.42,28.13,26.75,27.15
61.76,2501,136.5,0,5,-45,3,6006,-1.35,-0.5,104.8,98.1,82.6,85.4,28.42,28.14,26.75,27.15
61.8,2502,136.5,0,4,-46.1,3,6006,-1.41,-0.46,104.8,98.2,82.6,85.4,28.43,28.15,26.75,27.15
61.84,2504,136.5,0,4,-46.5,3,6006,-1.47,-0.42,104.9,98.3,82.6,85.4,28.43,28.16,26.75,27.15
61.88,2505,136.5,0,3,-48.3,3,6006,-1.53,-0.38,104.9,98.5,82.6,85.4,28.43,28.17,26.75,27.15
61.92,2507,136.5,0,3,-48.8,3,6006,-1.59,-0.34,105,98.6,82.6,85.4,28.43,28.18,26.75,27.15
61.96,2508,136.5,0,2,-50.3,3,6006,-1.65,-0.3,105,98.7,82.6,85.4,28.44,28.19,26.75,27.15
62,2510,136.5,0,2,-50.6,3,6006,-1.71,-0.26,105,98.8,82.6,85.4,28.44,28.2,26.75,27.15
62.04,2511,136.5,0,2,-50.8,3,6006,-1.77,-0.22,105.1,98.9,82.6,85.4,28.44,28.2,26.75,27.15
62.08,2513,136.5,0,1,-51.9,3,6006,-1.83,-0.18,105.1,99.1,82.6,85.4,28.45,28.21,26.75,27.15
62.12,2514,136.5,0,1,-51.9,3,6006,-1.89,-0.14,105.2,99.2,82.6,85.4,28.45,28.22,26.75,27.15
62.16,2516,136.5,0,1,-53.2,3,6006,-1.94,-0.1,105.2,99.3,82.6,85.4,28.45,28.23,26.75,27.15
62.2,2518,136.5,0,0,-53.2,3,6006,-2,-0.06,105.2,99.4,82.6,85.4,28.46,28.24,26.75,27.15
62.24,2519,136.5,0,0,-52.5,3,6006,-2.06,-0.02,105.3,99.5,82.6,85.4,28.46,28.25,26.75,27.15
62.28,2521,136.5,1,0,-52.3,3,6006,-1.94,0,105.3,99.5,82.7,85.5,28.46,28.25,26.75,27.15
62.32,2522,136.5,3,0,-51.6,3,6006,-1.92,0.01,105.3,99.5,82.7,85.5,28.46,28.25,26.75,27.15
62.36,2524,136.5,5,0,-51.6,3,6006,-1.91,0.02,105.3,99.5,82.7,85.5,28.46,28.25,26.76,27.16
62.4,2525,136.5,7,0,-51.3,3,6007,-1.89,0.03,105.3,99.5,82.8,85.6,28.46,28.25,26.76,27.16
62.44,2527,136.5,8,0,-50.4,3,6007,-1.87,0.03,105.3,99.5,82.8,85.6,28.46,28.25,26.76,27.16
62.48,2528,136.5,10,0,-49.5,3,6008,-1.85,0.04,105.3,99.5,82.8,85.6,28.46,28.25,26.76,27.16
62.52,2530,136.5,11,0,-49.2,3,6008,-1.83,0.05,105.3,99.5,82.9,85.7,28.46,28.25,26.77,27.17
62.56,2531,136.6,13,0,-48.1,3,6009,-1.81,0.06,105.3,99.5,82.9,85.7,28.46,28.25,26.77,27.17
62.6,2533,136.6,14,0,-47.4,3,6009,-1.79,0.07,105.3,99.5,82.9,85.7,28.46,28.25,26.77,27.17
62.64,2534,136.6,16,0,-46.7,3,6010,-1.77,0.07,105.3,99.5,83,85.8,28.46,28.25,26.77,27.17
62.68,2536,136.6,17,0,-46.6,3,6011,-1.76,0.08,105.3,99.5,83,85.8,28.46,28.25,26.78,27.18
62.72,2537,136.6,18,0,-45.7,3,6012,-1.74,0.09,105.3,99.5,83.1,85.9,28.46,28.25,26.78,27.18
62.76,2539,136.7,20,0,-44.7,3,6013,-1.72,0.1,105.3,99.5,83.1,85.9,28.46,28.25,26.78,27.18
62.8,2540,136.7,21,0,-45,3,6014,-1.7,0.1,105.3,99.5,83.1,85.9,28.46,28.25,26.78,27.18
62.84,2542,136.7,23,0,-43.3,3,6015,-1.68,0.11,105.3,99.5,83.2,86,28.46,28.25,26.79,27.19
62.88,2543,136.7,24,0,-43.8,3,6016,-1.66,0.12,105.3,99.5,83.2,86,28.46,28.25,26.79,27.19
62.92,2545,136.8,25,0,-43.2,3,6017,-1.64,0.13,105.3,99.5,83.2,86,28.46,28.25,26.79,27.19
62.96,2546,136.8,26,0,-42,3,6018,-1.62,0.14,105.3,99.5,83.3,86.1,28.46,28.25,26.79,27.19
63,2548,136.8,28,0,-41.2,3,6020,-1.6,0.14,105.3,99.5,83.3,86.1,28.46,28.25,26.8,27.2
63.04,2549,136.8,29,0,-40.7,3,6021,-1.59,0.15,105.3,99.5,83.3,86.1,28.46,28.25,26.8,27.2
63.08,2551,136.9,30,0,-39.7,3,6022,-1.57,0.16,105.3,99.5,83.4,86.2,28.46,28.25,26.8,27.2
63.12,2552,136.9,32,0,-39,3,6024,-1.55,0.17,105.3,99.5,83.4,86.2,28.46,28.25,26.81,27.21
63.16,2554,136.9,33,0,-38.8,3,6025,-1.53,0.18,105.3,99.5,83.4,86.2,28.46,28.25,26.81,27.21
63.2,2555,137,34,0,-38.1,3,6027,-1.51,0.18,105.3,99.5,83.5,86.3,28.46,28.25,26.81,27.21
63.24,2557,137,35,0,-38.3,3,6029,-1.49,0.19,105.3,99.5,83.5,86.3,28.46,28.25,26.81,27.21
63.28,2559,137.1,37,0,-36.5,3,6030,-1.47,0.2,105.3,99.5,83.5,86.3,28.46,28.25,26.82,27.22
63.32,2560,137.1,38,0,-35.8,3,6032,-1.45,0.21,105.3,99.5,83.6,86.4,28.46,28.25,26.82,27.22
63.36,2562,137.1,39,0,-35.2,3,6034,-1.44,0.21,105.3,99.5,83.6,86.4,28.46,28.25,26.82,27.22
63.4,2563,137.2,40,0,-35,3,6036,-1.42,0.22,105.3,99.5,83.6,86.4,28.46,28.25,26.82,27.22
63.44,2565,137.2,41,0,-33.7,3,6038,-1.4,0.23,105.3,99.5,83.7,86.5,28.46,28.25,26.83,27.23
63.48,2566,137.3,43,0,-33.2,3,6040,-1.38,0.24,105.3,99.5,83.7,86.5,28.46,28.25,26.83,27.23
63.52,2568,137.3,44,0,-33.4,3,6042,-1.36,0.25,105.3,99.5,83.8,86.6,28.46,28.25,26.83,27.23
63.56,2569,137.4,45,0,-32.1,3,6044,-1.34,0.25,105.3,99.5,83.8,86.6,28.46,28.25,26.83,27.23
63.6,2571,137.4,46,0,-32,3,6046,-1.32,0.26,105.3,99.5,83.8,86.6,28.46,28.25,26.84,27.24
63.64,2572,137.5,47,0,-31.2,3,6048,-1.3,0.27,105.3,99.5,83.9,86.7,28.46,28.25,26.84,27.24
63.68,2574,137.5,48,0,-30.6,3,6050,-1.28,0.28,105.3,99.5,83.9,86.7,28.46,28.25,26.84,27.24
63.72,2575,137.6,50,0,-30.2,3,6053,-1.27,0.29,105.3,99.5,83.9,86.7,28.46,28.25,26.84,27.24
63.76,2577,137.6,51,0,-29,3,6055,-1.25,0.29,105.3,99.5,84,86.8,28.46,28.25,26.85,27.25
63.8,2578,137.7,52,0,-29,3,6057,-1.23,0.3,105.3,99.5,84,86.8,28.46,28.25,26.85,27.25
63.84,2580,137.7,53,0,-28.1,3,6060,-1.21,0.31,105.3,99.5,84,86.8,28.46,28.25,26.85,27.25
63.88,2581,137.8,54,0,-26.9,3,6062,-1.19,0.32,105.3,99.5,84.1,86.9,28.46,28.25,26.86,27.26
63.92,2583,137.8,55,0,-26.8,3,6065,-1.17,0.32,105.3,99.5,84.1,86.9,28.46,28.25,26.86,27.26
63.96,2584,137.9,57,0,-26,3,6068,-1.15,0.33,105.3,99.5,84.1,86.9,28.46,28.25,26.86,27.26
64,2586,138,58,0,-24.3,3,6070,-1.13,0.34,105.3,99.5,84.2,87,28.46,28.25,26.86,27.26
64.04,2588,138,59,0,-24.2,3,6073,-1.11,0.35,105.3,99.5,84.2,87,28.46,28.25,26.87,27.27
64.08,2589,138.1,60,0,-24.1,3,6076,-1.09,0.36,105.3,99.5,84.2,87,28.46,28.25,26.87,27.27
64.12,2591,138.2,61,0,-23,3,6079,-1.08,0.36,105.3,99.5,84.3,87.1,28.46,28.25,26.87,27.27
64.16,2592,138.2,62,0,-22.6,3,6081,-1.06,0.37,105.3,99.5,84.3,87.1,28.46,28.25,26.87,27.27
64.2,2594,138.3,63,0,-22.5,3,6084,-1.04,0.38,105.3,99.5,84.3,87.1,28.46,28.25,26.88,27.28
64.24,2595,138.3,65,0,-21.3,3,6087,-1.02,0.39,105.3,99.5,84.4,87.2,28.46,28.25,26.88,27.28
64.28,2597,138.4,66,0,-20.3,3,6090,-1,0.4,105.3,99.5,84.4,87.2,28.46,28.25,26.88,27.28
64.32,2598,138.5,67,0,-20.1,3,6094,-0.98,0.4,105.3,99.5,84.5,87.3,28.46,28.25,26.88,27.28
64.36,2600,138.6,68,0,-19.8,3,6097,-0.96,0.41,105.3,99.5,84.5,87.3,28.46,28.25,26.89,27.29
64.4,2601,138.6,69,0,-19.6,3,6100,-0.94,0.42,105.3,99.5,84.5,87.3,28.46,28.25,26.89,27.29
64.44,2603,138.7,70,0,-17.9,3,6103,-0.92,0.43,105.3,99.5,84.6,87.4,28.46,28.25,26.89,27.29
64.48,2604,138.8,71,0,-17.3,3,6106,-0.9,0.44,105.3,99.5,84.6,87.4,28.46,28.25,26.89,27.29
64.52,2606,138.9,72,0,-17.3,3,6110,-0.89,0.44,105.3,99.5,84.6,87.4,28.46,28.25,26.9,27.3
64.56,2608,138.9,73,0,-16.4,3,6113,-0.87,0.45,105.3,99.5,84.7,87.5,28.46,28.25,26.9,27.3
64.6,2609,139,74,0,-15.8,3,6116,-0.85,0.46,105.3,99.5,84.7,87.5,28.46,28.25,26.9,27.3
64.64,2611,139.1,76,0,-14.8,3,6120,-0.83,0.47,105.3,99.5,84.7,87.5,28.46,28.25,26.91,27.31
64.68,2612,139.2,77,0,-14,3,6123,-0.81,0.48,105.3,99.5,84.8,87.6,28.46,28.25,26.91,27.31
64.72,2614,139.3,78,0,-13.2,3,6127,-0.79,0.48,105.3,99.5,84.8,87.6,28.46,28.25,26.91,27.31
64.76,2615,139.3,79,0,-13.7,3,6131,-0.77,0.49,105.3,99.5,84.8,87.6,28.46,28.25,26.91,27.31
64.8,2617,139.4,80,0,-12.6,3,6134,-0.75,0.5,105.3,99.5,84.9,87.7,28.46,28.25,26.92,27.32
64.84,2618,139.5,81,0,-11.2,3,6138,-0.73,0.51,105.3,99.5,84.9,87.7,28.46,28.25,26.92,27.32
64.88,2620,139.6,82,0,-10.4,3,6142,-0.71,0.52,105.3,99.5,84.9,87.7,28.46,28.25,26.92,27.32
64.92,2621,139.7,83,0,-10.1,3,6146,-0.69,0.52,105.3,99.5,85,87.8,28.46,28.25,26.92,27.32
64.96,2623,139.8,84,0,-10.4,3,6149,-0.67,0.53,105.3,99.5,85,87.8,28.46,28.25,26.93,27.33
65,2625,139.8,85,0,-8.7,3,6153,-0.66,0.54,105.3,99.5,85,87.8,28.46,28.25,26.93,27.33
65.04,2626,139.9,86,0,-7.5,3,6157,-0.64,0.55,105.3,99.5,85.1,87.9,28.46,28.25,26.93,27.33
65.08,2628,140,88,0,-7.3,3,6161,-0.62,0.56,105.3,99.5,85.1,87.9,28.46,28.25,26.93,27.33
65.12,2629,140.1,89,0,-6.8,3,6165,-0.6,0.56,105.3,99.5,85.2,88,28.46,28.25,26.94,27.34
65.16,2631,140.2,90,0,-6.1,3,6169,-0.58,0.57,105.3,99.5,85.2,88,28.46,28.25,26.94,27.34
65.2,2632,140.3,91,0,-5.7,3,6174,-0.56,0.58,105.3,99.5,85.2,88,28.46,28.25,26.94,27.34
65.24,2634,140.4,92,0,-3.9,3,6178,-0.54,0.59,105.3,99.5,85.3,88.1,28.46,28.25,26.94,27.34
65.28,2635,140.5,93,0,-4.5,3,6182,-0.52,0.6,105.3,99.5,85.3,88.1,28.46,28.25,26.95,27.35
65.32,2637,140.6,94,0,-3.9,3,6186,-0.5,0.6,105.3,99.5,85.3,88.1,28.46,28.25,26.95,27.35
65.36,2639,140.7,95,0,-2.6,3,6191,-0.48,0.61,105.3,99.5,85.4,88.2,28.46,28.25,26.95,27.35
65.4,2640,140.8,96,0,-2.3,3,6195,-0.46,0.62,105.3,99.5,85.4,88.2,28.46,28.25,26.95,27.35
65.44,2642,140.9,97,0,-2.3,3,6199,-0.44,0.63,105.3,99.5,85.4,88.2,28.46,28.25,26.96,27.36
65.48,2643,141,98,0,-0.8,3,6204,-0.42,0.64,105.3,99.5,85.5,88.3,28.46,28.25,26.96,27.36
65.52,2645,141.1,99,0,-0.6,3,6208,-0.4,0.64,105.3,99.5,85.5,88.3,28.46,28.25,26.96,27.36
65.56,2646,141.2,100,0,-0.3,3,6211,-0.03,0.04,105.3,99.5,85.5,88.3,28.46,28.25,26.96,27.36
65.6,2648,141.2,100,0,0.8,3,6213,0.01,0.04,105.3,99.5,85.5,88.3,28.46,28.25,26.96,27.36
65.64,2650,141.3,100,0,0.7,3,6216,-0.04,0.04,105.2,99.5,85.5,88.3,28.46,28.25,26.96,27.36
65.68,2651,141.3,100,0,0.3,3,6218,-0.02,0.04,105.2,99.5,85.5,88.3,28.46,28.25,26.96,27.36
65.72,2653,141.4,100,0,0,3,6221,0,0.04,105.2,99.5,85.4,88.2,28.45,28.25,26.96,27.36
65.76,2654,141.4,100,0,0.2,3,6223,-0.02,0.04,105.2,99.5,85.4,88.2,28.45,28.24,26.96,27.36
65.8,2656,141.5,100,0,0.6,3,6226,0.02,0.04,105.2,99.4,85.4,88.2,28.45,28.24,26.96,27.36
65.84,2657,141.6,100,0,0.1,3,6229,0.03,0.04,105.2,99.4,85.4,88.2,28.45,28.24,26.96,27.36
65.88,2659,141.6,100,0,0.4,3,6231,0,0.04,105.2,99.4,85.4,88.2,28.45,28.24,26.95,27.35
65.92,2661,141.7,100,0,0.1,3,6234,0.01,0.04,105.2,99.4,85.4,88.2,28.45,28.24,26.95,27.35
65.96,2662,141.7,100,0,0.4,3,6236,-0.07,0.04,105.2,99.4,85.4,88.2,28.45,28.24,26.95,27.35
66,2664,141.8,100,0,-0.1,3,6239,-0.01,0.04,105.1,99.4,85.4,88.2,28.45,28.24,26.95,27.35
66.04,2665,141.8,100,0,0.4,3,6241,0.01,0.04,105.1,99.4,85.3,88.1,28.45,28.24,26.95,27.35
66.08,2667,141.9,100,0,0.5,3,6244,0,0.04,105.1,99.4,85.3,88.1,28.45,28.24,26.95,27.35
66.12,2668,142,100,0,-0.7,3,6246,-0.01,0.04,105.1,99.4,85.3,88.1,28.45,28.24,26.95,27.35
66.16,2670,142,100,0,-0.1,3,6249,-0.01,0.04,105.1,99.3,85.3,88.1,28.44,28.24,26.95,27.35
66.2,2672,142.1,100,0,-0.1,3,6251,0.02,0.04,105.1,99.3,85.3,88.1,28.44,28.23,26.95,27.35
66.24,2673,142.1,100,0,0.3,3,6254,-0.01,0.04,105.1,99.3,85.3,88.1,28.44,28.23,26.95,27.35
66.28,2675,142.2,100,0,0.5,3,6256,-0.01,0.04,105.1,99.3,85.3,88.1,28.44,28.23,26.95,27.35
66.32,2676,142.2,100,0,0.1,3,6259,-0.01,0.04,105,99.3,85.3,88.1,28.44,28.23,26.94,27.34
66.36,2678,142.3,100,0,-0.4,3,6261,0.03,0.04,105,99.3,85.3,88.1,28.44,28.23,26.94,27.34
66.4,2680,142.4,100,0,-0.3,3,6264,0.01,0.04,105,99.3,85.2,88,28.44,28.23,26.94,27.34
66.44,2681,142.4,100,0,-0.3,3,6267,-0.03,0.04,105,99.3,85.2,88,28.44,28.23,26.94,27.34
66.48,2683,142.5,100,0,0.4,3,6269,-0.02,0.04,105,99.2,85.2,88,28.44,28.23,26.94,27.34
66.52,2684,142.5,100,0,-0.1,3,6272,-0.01,0.04,105,99.2,85.2,88,28.44,28.23,26.94,27.34
66.56,2686,142.6,100,0,0.4,3,6274,-0.01,0.04,105,99.2,85.2,88,28.44,28.23,26.94,27.34
66.6,2687,142.7,100,0,-0.3,3,6277,-0.02,0.04,105,99.2,85.2,88,28.43,28.23,26.94,27.34
66.64,2689,142.7,100,0,0.8,3,6279,0,0.04,104.9,99.2,85.2,88,28.43,28.22,26.94,27.34
66.68,2691,142.8,100,0,-0.2,3,6282,0.03,0.04,104.9,99.2,85.2,88,28.43,28.22,26.94,27.34
66.72,2692,142.8,100,0,0.6,3,6284,0,0.04,104.9,99.2,85.1,87.9,28.43,28.22,26.94,27.34
66.76,2694,142.9,100,0,0.2,3,6287,0.03,0.04,104.9,99.2,85.1,87.9,28.43,28.22,26.93,27.33
66.8,2695,142.9,100,0,0.6,3,6289,-0.01,0.04,104.9,99.1,85.1,87.9,28.43,28.22,26.93,27.33
66.84,2697,143,100,0,0.4,3,6292,-0.01,0.04,104.9,99.1,85.1,87.9,28.43,28.22,26.93,27.33
66.88,2699,143.1,100,0,-0.2,3,6294,0.03,0.04,104.9,99.1,85.1,87.9,28.43,28.22,26.93,27.33
66.92,2700,143.1,100,0,0.4,3,6297,-0.03,0.04,104.9,99.1,85.1,87.9,28.43,28.22,26.93,27.33
66.96,2702,143.2,100,0,0.5,3,6299,-0.02,0.04,104.9,99.1,85.1,87.9,28.43,28.22,26.93,27.33
67,2703,143.2,100,0,0.2,3,6302,-0.03,0.04,104.8,99.1,85.1,87.9,28.43,28.22,26.93,27.33
67.04,2705,143.3,100,0,-0.4,3,6305,0,0.04,104.8,99.1,85,87.8,28.42,28.22,26.93,27.33
67.08,2706,143.3,100,0,0.3,3,6307,-0.02,0.04,104.8,99.1,85,87.8,28.42,28.21,26.93,27.33
67.12,2708,143.4,100,0,0.1,3,6310,0,0.04,104.8,99.1,85,87.8,28.42,28.21,26.93,27.33
67.16,2710,143.5,100,0,1,3,6312,0,0.04,104.8,99,85,87.8,28.42,28.21,26.93,27.33
67.2,2711,143.5,100,0,-0.1,3,6315,0.01,0.04,104.8,99,85,87.8,28.42,28.21,26.92,27.32
67.24,2713,143.6,100,0,-0.1,3,6317,0.02,0.04,104.8,99,85,87.8,28.42,28.21,26.92,27.32
67.28,2714,143.6,100,0,0,3,6320,-0.01,0.04,104.8,99,85,87.8,28.42,28.21,26.92,27.32
67.32,2716,143.7,100,0,0.4,3,6322,0,0.04,104.7,99,85,87.8,28.42,28.21,26.92,27.32
67.36,2718,143.7,100,0,-0.5,3,6325,0,0.04,104.7,99,85,87.8,28.42,28.21,26.92,27.32
67.4,2719,143.8,100,0,1,3,6327,0.02,0.04,104.7,99,84.9,87.7,28.42,28.21,26.92,27.32
67.44,2721,143.9,100,0,0.1,3,6330,-0.01,0.04,104.7,99,84.9,87.7,28.42,28.21,26.92,27.32
67.48,2722,143.9,100,0,-0.2,3,6332,-0.02,0.04,104.7,98.9,84.9,87.7,28.41,28.21,26.92,27.32
67.52,2724,144,100,0,-0.1,3,6335,0.02,0.04,104.7,98.9,84.9,87.7,28.41,28.2,26.92,27.32
67.56,2726,144,100,0,-0.2,3,6337,-0.03,0.04,104.7,98.9,84.9,87.7,28.41,28.2,26.92,27.32
67.6,2727,144.1,100,0,-0.2,3,6340,0.02,0.04,104.7,98.9,84.9,87.7,28.41,28.2,26.92,27.32
67.64,2729,144.1,100,0,-0.1,3,6343,0,0.04,104.6,98.9,84.9,87.7,28.41,28.2,26.92,27.32
67.68,2730,144.2,100,0,0,3,6345,0.03,0.04,104.6,98.9,84.9,87.7,28.41,28.2,26.91,27.31
67.72,2732,144.3,100,0,0.2,3,6348,0,0.04,104.6,98.9,84.8,87.6,28.41,28.2,26.91,27.31
67.76,2734,144.3,100,0,-0.4,3,6350,0,0.04,104.6,98.9,84.8,87.6,28.41,28.2,26.91,27.31
67.8,2735,144.4,100,0,-0.7,3,6353,-0.01,0.04,104.6,98.8,84.8,87.6,28.41,28.2,26.91,27.31
67.84,2737,144.4,100,0,-0.2,3,6355,0.04,0.04,104.6,98.8,84.8,87.6,28.41,28.2,26.91,27.31
67.88,2738,144.5,100,0,0.1,3,6358,0.01,0.04,104.6,98.8,84.8,87.6,28.41,28.2,26.91,27.31
67.92,2740,144.6,100,0,0.2,3,6360,-0.04,0.04,104.6,98.8,84.8,87.6,28.4,28.2,26.91,27.31
67.96,2742,144.6,100,0,0,3,6363,0.01,0.04,104.6,98.8,84.8,87.6,28.4,28.2,26.91,27.31
68,2743,144.7,100,0,-0.4,3,6365,0,0.04,104.5,98.8,84.8,87.6,28.4,28.19,26.91,27.31
68.04,2745,144.7,100,0,0.2,3,6368,0,0.04,104.5,98.8,84.7,87.5,28.4,28.19,26.91,27.31
68.08,2746,144.8,100,0,0.3,3,6370,-0.01,0.04,104.5,98.8,84.7,87.5,28.4,28.19,26.91,27.31
68.12,2748,144.8,100,0,0.2,3,6373,0.03,0.04,104.5,98.8,84.7,87.5,28.4,28.19,26.9,27.3
68.16,2750,144.9,100,0,0.5,3,6376,0.01,0.04,104.5,98.7,84.7,87.5,28.4,28.19,26.9,27.3
68.2,2751,145,100,0,0.3,3,6378,-0.01,0.04,104.5,98.7,84.7,87.5,28.4,28.19,26.9,27.3
68.24,2753,145,100,0,0.3,3,6381,0.01,0.04,104.5,98.7,84.7,87.5,28.4,28.19,26.9,27.3
68.28,2755,145.1,100,0,0,3,6383,0,0.04,104.5,98.7,84.7,87.5,28.4,28.19,26.9,27.3
68.32,2756,145.1,100,0,0.2,3,6386,0.02,0.04,104.4,98.7,84.7,87.5,28.4,28.19,26.9,27.3
68.36,2758,145.2,100,0,-0.4,3,6388,-0.03,0.04,104.4,98.7,84.7,87.5,28.39,28.19,26.9,27.3
68.4,2759,145.2,100,0,0,3,6391,-0.01,0.04,104.4,98.7,84.6,87.4,28.39,28.19,26.9,27.3
68.44,2761,145.3,100,0,-0.2,3,6393,0.03,0.04,104.4,98.7,84.6,87.4,28.39,28.18,26.9,27.3
68.48,2763,145.4,100,0,-0.2,3,6396,-0.01,0.04,104.4,98.6,84.6,87.4,28.39,28.18,26.9,27.3
68.52,2764,145.4,100,0,0.1,3,6398,-0.01,0.04,104.4,98.6,84.6,87.4,28.39,28.18,26.9,27.3
68.56,2766,145.5,100,0,0.2,3,6401,-0.03,0.04,104.4,98.6,84.6,87.4,28.39,28.18,26.89,27.29
68.6,2767,145.5,100,0,-0.1,3,6403,0,0.04,104.4,98.6,84.6,87.4,28.39,28.18,26.89,27.29
68.64,2769,145.6,100,0,0.1,3,6406,0,0.04,104.3,98.6,84.6,87.4,28.39,28.18,26.89,27.29
68.68,2771,145.6,100,0,0.4,3,6408,-0.01,0.04,104.3,98.6,84.6,87.4,28.39,28.18,26.89,27.29
68.72,2772,145.7,100,0,0.6,3,6411,0,0.04,104.3,98.6,84.5,87.3,28.39,28.18,26.89,27.29
68.76,2774,145.8,100,0,-0.3,3,6414,0.03,0.04,104.3,98.6,84.5,87.3,28.39,28.18,26.89,27.29
68.8,2776,145.8,100,0,-0.5,3,6416,0.03,0.04,104.3,98.5,84.5,87.3,28.39,28.18,26.89,27.29
68.84,2777,145.9,100,0,-0.1,3,6419,-0.02,0.04,104.3,98.5,84.5,87.3,28.38,28.18,26.89,27.29
68.88,2779,145.9,100,0,1.3,3,6421,-0.01,0.04,104.3,98.5,84.5,87.3,28.38,28.17,26.89,27.29
68.92,2780,146,100,0,-0.1,3,6424,0.04,0.04,104.3,98.5,84.5,87.3,28.38,28.17,26.89,27.29
68.96,2782,146,100,0,0,3,6426,0.05,0.04,104.3,98.5,84.5,87.3,28.38,28.17,26.89,27.29
69,2784,146.1,100,0,0,3,6429,-0.02,0.04,104.2,98.5,84.5,87.3,28.38,28.17,26.88,27.28
69.04,2785,146.2,100,0,0,3,6431,-0.03,0.04,104.2,98.5,84.4,87.2,28.38,28.17,26.88,27.28
69.08,2787,146.2,100,0,0.2,3,6434,-0.01,0.04,104.2,98.5,84.4,87.2,28.38,28.17,26.88,27.28
69.12,2789,146.3,100,0,0.4,3,6436,-0.02,0.04,104.2,98.5,84.4,87.2,28.38,28.17,26.88,27.28
69.16,2790,146.3,100,0,-0.2,3,6439,-0.01,0.04,104.2,98.4,84.4,87.2,28.38,28.17,26.88,27.28
69.2,2792,146.4,100,0,0.6,3,6441,-0.01,0.04,104.2,98.4,84.4,87.2,28.38,28.17,26.88,27.28
69.24,2793,146.5,100,0,-0.1,3,6444,0.01,0.04,104.2,98.4,84.4,87.2,28.38,28.17,26.88,27.28
69.28,2795,146.5,100,0,-0.2,3,6446,-0.02,0.04,104.2,98.4,84.4,87.2,28.37,28.17,26.88,27.28
69.32,2797,146.6,100,0,-0.1,3,6449,0,0.04,104.1,98.4,84.4,87.2,28.37,28.16,26.88,27.28
69.36,2798,146.6,100,0,-0.2,3,6452,0.03,0.04,104.1,98.4,84.4,87.2,28.37,28.16,26.88,27.28
69.4,2800,146.7,100,0,0,3,6454,0.01,0.04,104.1,98.4,84.3,87.1,28.37,28.16,26.88,27.28
69.44,2802,146.7,100,0,0.2,3,6457,0.04,0.04,104.1,98.4,84.3,87.1,28.37,28.16,26.87,27.27
69.48,2803,146.8,100,0,0.2,3,6459,0.02,0.04,104.1,98.3,84.3,87.1,28.37,28.16,26.87,27.27
69.52,2805,146.9,100,0,0.4,3,6462,0,0.04,104.1,98.3,84.3,87.1,28.37,28.16,26.87,27.27
69.56,2806,146.9,100,0,-0.4,3,6464,0.03,0.04,104.1,98.3,84.3,87.1,28.37,28.16,26.87,27.27
69.6,2808,147,100,0,0.7,3,6467,0,0.04,104.1,98.3,84.3,87.1,28.37,28.16,26.87,27.27
69.64,2810,147,100,0,0.5,3,6469,-0.01,0.04,104,98.3,84.3,87.1,28.37,28.16,26.87,27.27
69.68,2811,147.1,100,0,0.3,3,6472,0.01,0.04,104,98.3,84.3,87.1,28.37,28.16,26.87,27.27
69.72,2813,147.1,100,0,-0.4,3,6474,-0.01,0.04,104,98.3,84.2,87,28.36,28.16,26.87,27.27
69.76,2815,147.2,100,0,-0.5,3,6477,-0.01,0.04,104,98.3,84.2,87,28.36,28.15,26.87,27.27
69.8,2816,147.3,100,0,0.3,3,6479,-0.02,0.04,104,98.2,84.2,87,28.36,28.15,26.87,27.27
69.84,2818,147.3,100,0,-0.2,3,6482,-0.03,0.04,104,98.2,84.2,87,28.36,28.15,26.87,27.27
69.88,2820,147.4,100,0,-0.1,3,6484,-0.01,0.04,104,98.2,84.2,87,28.36,28.15,26.86,27.26
69.92,2821,147.4,100,0,-0.3,3,6487,0,0.04,104,98.2,84.2,87,28.36,28.15,26.86,27.26
69.96,2823,147.5,100,0,0.2,3,6490,-0.03,0.04,104,98.2,84.2,87,28.36,28.15,26.86,27.26
70,2824,147.5,100,0,0.2,3,6492,0.01,0.04,103.9,98.2,84.2,87,28.36,28.15,26.86,27.26
70.04,2826,147.6,100,0,0.2,3,6495,0.02,0.04,103.9,98.2,84.1,86.9,28.36,28.15,26.86,27.26
70.08,2828,147.7,100,0,-0.4,3,6497,0,0.04,103.9,98.2,84.1,86.9,28.36,28.15,26.86,27.26
70.12,2829,147.7,100,0,-0.5,3,6500,0.01,0.04,103.9,98.2,84.1,86.9,28.36,28.15,26.86,27.26
70.16,2831,147.8,100,0,-0.4,3,6502,0.01,0.04,103.9,98.1,84.1,86.9,28.35,28.15,26.86,27.26
70.2,2833,147.8,100,0,-0.6,3,6505,0.02,0.04,103.9,98.1,84.1,86.9,28.35,28.14,26.86,27.26
70.24,2834,147.9,100,0,-0.4,3,6507,0.02,0.04,103.9,98.1,84.1,86.9,28.35,28.14,26.86,27.26
70.28,2836,148,100,0,0.7,3,6510,0.01,0.04,103.9,98.1,84.1,86.9,28.35,28.14,26.86,27.26
70.32,2838,148,100,0,0.1,3,6512,-0.01,0.04,103.8,98.1,84.1,86.9,28.35,28.14,26.85,27.25
70.36,2839,148.1,100,0,0.4,3,6515,-0.01,0.04,103.8,98.1,84.1,86.9,28.35,28.14,26.85,27.25
70.4,2841,148.1,100,0,-0.5,3,6517,-0.02,0.04,103.8,98.1,84,86.8,28.35,28.14,26.85,27.25
70.44,2842,148.2,100,0,0.3,3,6520,0.01,0.04,103.8,98.1,84,86.8,28.35,28.14,26.85,27.25
70.48,2844,148.2,100,0,0.1,3,6523,-0.01,0.04,103.8,98,84,86.8,28.35,28.14,26.85,27.25
70.52,2846,148.3,100,0,0.8,3,6525,0,0.04,103.8,98,84,86.8,28.35,28.14,26.85,27.25
70.56,2847,148.4,100,0,0,3,6528,0,0.04,103.8,98,84,86.8,28.35,28.14,26.85,27.25
70.6,2849,148.4,100,0,0,3,6530,0.02,0.04,103.8,98,84,86.8,28.34,28.14,26.85,27.25
70.64,2851,148.5,100,0,-0.3,3,6533,-0.01,0.04,103.7,98,84,86.8,28.34,28.13,26.85,27.25
70.68,2852,148.5,100,0,-0.4,3,6535,-0.01,0.04,103.7,98,84,86.8,28.34,28.13,26.85,27.25
70.72,2854,148.6,100,0,-0.1,3,6538,-0.04,0.04,103.7,98,83.9,86.7,28.34,28.13,26.85,27.25
70.76,2856,148.6,100,0,-0.2,3,6540,0.02,0.04,103.7,98,83.9,86.7,28.34,28.13,26.84,27.24
70.8,2857,148.7,100,0,-0.2,3,6543,0.03,0.04,103.7,97.9,83.9,86.7,28.34,28.13,26.84,27.24
70.84,2859,148.8,100,0,0.8,3,6545,0.02,0.04,103.7,97.9,83.9,86.7,28.34,28.13,26.84,27.24
70.88,2861,148.8,100,0,0.4,3,6548,-0.01,0.04,103.7,97.9,83.9,86.7,28.34,28.13,26.84,27.24
70.92,2862,148.9,100,0,-0.3,3,6550,0.01,0.04,103.7,97.9,83.9,86.7,28.34,28.13,26.84,27.24
70.96,2864,148.9,100,0,-0.9,3,6553,0,0.04,103.7,97.9,83.9,86.7,28.34,28.13,26.84,27.24
71,2866,149,100,0,0.5,3,6555,0.01,0.04,103.6,97.9,83.9,86.7,28.34,28.13,26.84,27.24
71.04,2867,149,100,0,-0.6,3,6558,0,0.04,103.6,97.9,83.8,86.6,28.33,28.13,26.84,27.24
71.08,2869,149.1,100,0,-0.9,3,6561,0.01,0.04,103.6,97.9,83.8,86.6,28.33,28.12,26.84,27.24
71.12,2871,149.2,100,0,0,3,6563,0.01,0.04,103.6,97.9,83.8,86.6,28.33,28.12,26.84,27.24
71.16,2872,149.1,0,1,-2.1,3,6562,0,-1.85,103.7,97.9,83.8,86.6,28.34,28.13,26.84,27.24
71.2,2874,148.9,0,7,0.7,3,6552,0,-1.85,103.8,97.9,83.8,86.6,28.35,28.13,26.84,27.24
71.24,2876,148.6,0,12,0.5,3,6537,0,-1.85,104,98,83.8,86.6,28.36,28.13,26.84,27.24
71.28,2877,148,0,18,1,3,6513,0,-1.85,104.1,98,83.8,86.6,28.37,28.14,26.84,27.24
71.32,2879,147.3,0,24,0.3,3,6481,0,-1.85,104.2,98.1,83.8,86.6,28.38,28.14,26.84,27.24
71.36,2880,146.4,0,30,0.5,3,6442,0,-1.85,104.3,98.1,83.8,86.6,28.39,28.14,26.84,27.24
71.4,2882,145.4,0,35,0.9,3,6395,0,-1.85,104.4,98.1,83.8,86.6,28.4,28.14,26.84,27.24
71.44,2884,144.1,0,41,0,3,6341,0,-1.85,104.6,98.2,83.8,86.6,28.4,28.15,26.84,27.24
71.48,2885,142.7,0,47,-0.9,3,6279,0,-1.85,104.7,98.2,83.8,86.6,28.41,28.15,26.84,27.24
71.52,2887,141.2,0,52,-0.1,3,6211,0,-1.85,104.8,98.3,83.8,86.6,28.42,28.15,26.84,27.24
71.56,2888,139.4,0,58,0.5,3,6134,0,-1.85,104.9,98.3,83.8,86.6,28.43,28.16,26.84,27.24
71.6,2890,137.5,0,63,0.5,3,6051,0,-1.85,105,98.3,83.8,86.6,28.44,28.16,26.84,27.24
71.64,2892,135.5,0,68,-1.4,3,5961,0,-1.85,105.2,98.4,83.8,86.6,28.45,28.16,26.84,27.24
71.68,2893,133.3,0,74,0.5,2,7596,0,-1.85,105.3,98.4,83.8,86.6,28.46,28.17,26.84,27.24
71.72,2895,130.9,0,79,0.9,2,7461,0,-1.85,105.4,98.5,83.8,86.6,28.47,28.17,26.84,27.24
71.76,2896,128.4,0,84,1.2,2,7317,0,-1.85,105.5,98.5,83.8,86.6,28.48,28.17,26.84,27.24
71.8,2897,125.7,0,88,0,2,7167,0,-1.85,105.6,98.5,83.8,86.6,28.49,28.17,26.84,27.24
71.84,2899,123.1,0,88,-0.7,2,7016,0,-1.85,105.8,98.6,83.8,86.6,28.49,28.18,26.84,27.24
71.88,2900,120.5,0,88,0.8,2,6866,0,-1.85,105.9,98.6,83.8,86.6,28.5,28.18,26.84,27.24
71.92,2902,117.8,0,88,1,2,6715,0,-1.85,106,98.7,83.8,86.6,28.51,28.18,26.84,27.24
71.96,2903,115.2,0,88,-0.1,2,6565,0,-1.85,106.1,98.7,83.8,86.6,28.52,28.19,26.84,27.24
72,2904,112.5,0,88,1.6,2,6414,0,-1.85,106.2,98.7,83.8,86.6,28.53,28.19,26.84,27.24
72.04,2905,109.9,0,88,0.7,2,6264,0,-1.85,106.4,98.8,83.8,86.6,28.54,28.19,26.84,27.24
72.08,2907,107.3,0,88,1.4,2,6113,0,-1.85,106.5,98.8,83.8,86.6,28.55,28.2,26.84,27.24
72.12,2908,104.6,0,88,-0.6,2,5963,0,-1.85,106.6,98.9,83.8,86.6,28.56,28.2,26.84,27.24
72.16,2909,102,0,88,-0.9,2,5812,0,-1.85,106.7,98.9,83.8,86.6,28.57,28.2,26.84,27.24
72.2,2910,100.5,0,88,0,2,5729,0,-1.85,106.8,98.9,83.8,86.6,28.58,28.2,26.84,27.24
72.24,2911,100.5,0,88,-0.8,2,5729,0,-1.85,107,99,83.8,86.6,28.58,28.21,26.84,27.24
72.28,2912,100.5,0,88,-0.4,2,5729,0,-1.85,107.1,99,83.8,86.6,28.59,28.21,26.84,27.24
72.32,2913,100.5,0,88,0.6,2,5729,0,-1.85,107.2,99.1,83.8,86.6,28.6,28.21,26.84,27.24
72.36,2915,100.5,0,88,1,2,5729,0,-1.85,107.3,99.1,83.8,86.6,28.61,28.22,26.84,27.24
72.4,2916,100.5,0,88,0,2,5729,0,-1.85,107.4,99.1,83.8,86.6,28.62,28.22,26.84,27.24
72.44,2917,100.5,0,88,-0.7,2,5729,0,-1.85,107.6,99.2,83.8,86.6,28.63,28.22,26.84,27.24
72.48,2918,100.5,0,88,0.1,2,5729,0,-1.85,107.7,99.2,83.8,86.6,28.64,28.23,26.84,27.24
72.52,2919,100.5,0,88,0.1,2,5729,0,-1.85,107.8,99.3,83.8,86.6,28.65,28.23,26.84,27.24
72.56,2920,100.5,0,88,0.1,2,5729,0,-1.85,107.9,99.3,83.8,86.6,28.66,28.23,26.84,27.24
72.6,2921,100.5,0,88,-0.4,2,5729,0,-1.85,108,99.3,83.8,86.6,28.67,28.23,26.84,27.24
72.64,2922,100.5,0,88,1.2,2,5729,0,-1.85,108.2,99.4,83.8,86.6,28.67,28.24,26.84,27.24
72.68,2923,100.5,0,88,0.7,2,5729,0,-1.85,108.3,99.4,83.8,86.6,28.68,28.24,26.84,27.24
72.72,2925,100.5,0,88,0.7,2,5729,0,-1.85,108.4,99.5,83.8,86.6,28.69,28.24,26.84,27.24
72.76,2926,100.5,0,88,1.2,2,5729,0,-1.85,108.5,99.5,83.8,86.6,28.7,28.25,26.84,27.24
72.8,2927,100.5,0,88,-1,2,5729,0,-1.85,108.6,99.5,83.8,86.6,28.71,28.25,26.84,27.24
72.84,2928,100.5,0,88,1.1,2,5729,0,-1.85,108.8,99.6,83.8,86.6,28.72,28.25,26.84,27.24
72.88,2929,100.5,0,88,-1.7,2,5729,0,-1.85,108.9,99.6,83.8,86.6,28.73,28.26,26.84,27.24
72.92,2930,100.5,0,88,0,2,5729,0,-1.85,109,99.7,83.8,86.6,28.74,28.26,26.84,27.24
72.96,2931,100.5,0,88,-0.1,2,5729,0,-1.85,109.1,99.7,83.8,86.6,28.75,28.26,26.84,27.24
73,2932,100.5,0,88,0.7,2,5729,0,-1.85,109.2,99.7,83.8,86.6,28.76,28.26,26.84,27.24
73.04,2934,100.5,0,88,-0.1,2,5729,0,-1.85,109.4,99.8,83.8,86.6,28.76,28.27,26.84,27.24
73.08,2935,100.5,0,88,-0.1,2,5729,0,-1.85,109.5,99.8,83.8,86.6,28.77,28.27,26.84,27.24
73.12,2936,100.5,0,88,0.1,2,5729,0,-1.85,109.6,99.9,83.8,86.6,28.78,28.27,26.84,27.24
73.16,2937,100.5,0,88,-1,2,5729,0,-1.85,109.7,99.9,83.8,86.6,28.79,28.28,26.84,27.24
73.2,2938,100.5,0,88,0.1,2,5729,0,-1.85,109.8,99.9,83.8,86.6,28.8,28.28,26.84,27.24
73.24,2939,100.5,0,88,-1.3,2,5729,0,-1.85,110,100,83.8,86.6,28.81,28.28,26.84,27.24
73.28,2940,100.5,0,88,-0.3,2,5729,0,-1.85,110.1,100,83.8,86.6,28.82,28.29,26.84,27.24
73.32,2941,100.5,0,88,-1,2,5729,0,-1.85,110.2,100.1,83.8,86.6,28.83,28.29,26.84,27.24
73.36,2942,100.5,0,88,-0.3,2,5729,0,-1.85,110.3,100.1,83.8,86.6,28.84,28.29,26.84,27.24
73.4,2944,100.5,0,88,1.9,2,5729,0,-1.85,110.4,100.1,83.8,86.6,28.85,28.29,26.84,27.24
73.44,2945,100.5,0,88,-1.2,2,5729,0,-1.85,110.6,100.2,83.8,86.6,28.85,28.3,26.84,27.24
73.48,2946,100.5,0,88,0.5,2,5729,0,-1.85,110.7,100.2,83.8,86.6,28.86,28.3,26.84,27.24
73.52,2947,100.5,0,88,-0.8,2,5729,0,-1.85,110.8,100.3,83.8,86.6,28.87,28.3,26.84,27.24
73.56,2948,100.5,0,87,0.7,2,5729,0.01,-1.39,110.9,100.3,83.8,86.6,28.88,28.31,26.84,27.24
73.6,2949,100.5,0,86,1.9,2,5729,0.03,-1.38,111,100.3,83.8,86.6,28.89,28.31,26.84,27.24
73.64,2950,100.5,0,84,3.3,2,5729,0.06,-1.36,111.2,100.4,83.8,86.6,28.9,28.31,26.84,27.24
73.68,2951,100.5,0,83,3.8,2,5729,0.08,-1.34,111.3,100.4,83.8,86.6,28.91,28.32,26.84,27.24
73.72,2952,100.5,0,82,6.7,2,5729,0.11,-1.33,111.4,100.5,83.8,86.6,28.92,28.32,26.84,27.24
73.76,2954,100.5,0,80,7.9,2,5729,0.13,-1.31,111.5,100.5,83.8,86.6,28.93,28.32,26.84,27.24
73.8,2955,100.5,0,79,9.9,2,5729,0.15,-1.29,111.6,100.5,83.8,86.6,28.94,28.32,26.84,27.24
73.84,2956,100.5,0,77,11.5,2,5729,0.18,-1.28,111.8,100.6,83.8,86.6,28.94,28.33,26.84,27.24
73.88,2957,100.5,0,76,11.6,2,5729,0.2,-1.26,111.9,100.6,83.8,86.6,28.95,28.33,26.84,27.24
73.92,2958,100.5,0,74,13.9,2,5729,0.23,-1.24,112,100.7,83.8,86.6,28.96,28.33,26.84,27.24
73.96,2959,100.5,0,73,15.2,2,5729,0.25,-1.22,112.1,100.7,83.8,86.6,28.97,28.34,26.84,27.24
74,2960,100.5,0,72,16.6,2,5729,0.27,-1.21,112.2,100.7,83.8,86.6,28.98,28.34,26.84,27.24
74.04,2961,100.5,0,70,17.7,2,5729,0.3,-1.19,112.4,100.8,83.8,86.6,28.99,28.34,26.84,27.24
74.08,2963,100.5,0,69,19,2,5729,0.32,-1.17,112.5,100.8,83.8,86.6,29,28.35,26.84,27.24
74.12,2964,100.5,0,67,21,2,5729,0.35,-1.16,112.6,100.9,83.8,86.6,29.01,28.35,26.84,27.24
74.16,2965,100.5,0,66,22.3,2,5729,0.37,-1.14,112.7,100.9,83.8,86.6,29.02,28.35,26.84,27.24
74.2,2966,100.5,0,65,23,2,5729,0.39,-1.12,112.8,100.9,83.8,86.6,29.03,28.35,26.84,27.24
74.24,2967,100.5,0,63,24.4,2,5729,0.42,-1.11,113,101,83.8,86.6,29.03,28.36,26.84,27.24
74.28,2968,100.5,0,62,25.7,2,5729,0.44,-1.09,113.1,101,83.8,86.6,29.04,28.36,26.84,27.24
74.32,2969,100.5,0,61,26.7,2,5729,0.47,-1.07,113.2,101.1,83.8,86.6,29.05,28.36,26.84,27.24
74.36,2970,100.5,0,59,28.3,2,5729,0.49,-1.06,113.3,101.1,83.8,86.6,29.06,28.37,26.84,27.24
74.4,2971,100.5,0,58,30.2,2,5729,0.51,-1.04,113.4,101.1,83.8,86.6,29.07,28.37,26.84,27.24
74.44,2973,100.5,0,57,32.1,2,5729,0.54,-1.02,113.6,101.2,83.8,86.6,29.08,28.37,26.84,27.24
74.48,2974,100.5,0,55,33.1,2,5729,0.56,-1,113.7,101.2,83.8,86.6,29.09,28.38,26.84,27.24
74.52,2975,100.5,0,54,34.2,2,5729,0.59,-0.99,113.8,101.3,83.8,86.6,29.1,28.38,26.84,27.24
74.56,2976,100.5,0,53,35.9,2,5729,0.61,-0.97,113.9,101.3,83.8,86.6,29.11,28.38,26.84,27.24
74.6,2977,100.5,0,51,37.1,2,5729,0.63,-0.95,114,101.3,83.8,86.6,29.12,28.38,26.84,27.24
74.64,2978,100.5,0,50,38.5,2,5729,0.66,-0.94,114.2,101.4,83.8,86.6,29.12,28.39,26.84,27.24
74.68,2979,100.5,0,49,40,2,5729,0.68,-0.92,114.3,101.4,83.8,86.6,29.13,28.39,26.84,27.24
74.72,2980,100.5,0,48,40.8,2,5729,0.71,-0.9,114.4,101.5,83.8,86.6,29.14,28.39,26.84,27.24
74.76,2982,100.5,0,46,42.2,2,5729,0.73,-0.89,114.5,101.5,83.8,86.6,29.15,28.4,26.84,27.24
74.8,2983,100.5,0,45,42.6,2,5729,0.75,-0.87,114.6,101.5,83.8,86.6,29.16,28.4,26.84,27.24
74.84,2984,100.5,0,44,43.8,2,5729,0.78,-0.85,114.8,101.6,83.8,86.6,29.17,28.4,26.84,27.24
74.88,2985,100.5,0,43,45.3,2,5729,0.8,-0.84,114.9,101.6,83.8,86.6,29.18,28.41,26.84,27.24
74.92,2986,100.5,0,41,46.6,2,5729,0.83,-0.82,115,101.7,83.8,86.6,29.19,28.41,26.84,27.24
74.96,2987,100.5,0,40,47.2,2,5729,0.85,-0.8,115.1,101.7,83.8,86.6,29.2,28.41,26.84,27.24
75,2988,100.5,0,39,49.1,2,5729,0.87,-0.78,115.2,101.7,83.8,86.6,29.21,28.41,26.84,27.24
75.04,2989,100.5,0,38,49.4,2,5729,0.9,-0.77,115.4,101.8,83.8,86.6,29.21,28.42,26.84,27.24
75.08,2990,100.5,0,37,51,2,5729,0.92,-0.75,115.5,101.8,83.8,86.6,29.22,28.42,26.84,27.24
75.12,2992,100.5,0,36,52,2,5729,0.95,-0.73,115.6,101.9,83.8,86.6,29.23,28.42,26.84,27.24
75.16,2993,100.5,0,34,52.8,2,5729,0.97,-0.72,115.7,101.9,83.8,86.6,29.24,28.43,26.84,27.24
75.2,2994,100.5,0,33,54.3,2,5729,0.99,-0.7,115.8,101.9,83.8,86.6,29.25,28.43,26.84,27.24
75.24,2995,100.5,0,32,54.9,2,5729,1.02,-0.68,116,102,83.8,86.6,29.26,28.43,26.84,27.24
75.28,2996,100.5,0,31,56.4,2,5729,1.04,-0.67,116.1,102,83.8,86.6,29.27,28.44,26.84,27.24
75.32,2997,100.5,0,30,58.4,2,5729,1.07,-0.65,116.2,102.1,83.8,86.6,29.28,28.44,26.84,27.24
75.36,2998,100.5,0,29,57.4,2,5729,1.09,-0.63,116.3,102.1,83.8,86.6,29.29,28.44,26.84,27.24
75.4,2999,100.5,0,28,59.2,2,5729,1.11,-0.62,116.4,102.1,83.8,86.6,29.3,28.44,26.84,27.24
75.44,3001,100.5,0,27,60.5,2,5729,1.14,-0.6,116.6,102.2,83.8,86.6,29.3,28.45,26.84,27.24
75.48,3002,100.5,0,26,61.7,2,5729,1.16,-0.58,116.7,102.2,83.8,86.6,29.31,28.45,26.84,27.24
75.52,3003,100.5,0,25,62.8,2,5729,1.19,-0.56,116.8,102.3,83.8,86.6,29.32,28.45,26.84,27.24
75.56,3004,100.5,0,24,61.8,2,5729,1.21,-0.55,116.9,102.3,83.8,86.6,29.33,28.46,26.84,27.24
75.6,3005,100.5,0,23,63.7,2,5729,1.23,-0.53,117,102.3,83.8,86.6,29.34,28.46,26.84,27.24
75.64,3006,100.5,0,22,64.5,2,5729,1.26,-0.51,117.2,102.4,83.8,86.6,29.35,28.46,26.84,27.24
75.68,3007,100.5,0,21,64.9,2,5729,1.28,-0.5,117.3,102.4,83.8,86.6,29.36,28.47,26.84,27.24
75.72,3008,100.5,0,20,65.8,2,5729,1.31,-0.48,117.4,102.5,83.8,86.6,29.37,28.47,26.84,27.24
75.76,3009,100.5,0,19,66.2,2,5729,1.33,-0.46,117.5,102.5,83.8,86.6,29.38,28.47,26.84,27.24
75.8,3011,100.5,0,18,67.4,2,5729,1.35,-0.45,117.6,102.5,83.8,86.6,29.39,28.47,26.84,27.24
75.84,3012,100.5,0,17,68.7,2,5729,1.38,-0.43,117.8,102.6,83.8,86.6,29.39,28.48,26.84,27.24
75.88,3013,100.5,0,16,68.4,2,5729,1.4,-0.41,117.9,102.6,83.8,86.6,29.4,28.48,26.84,27.24
75.92,3014,100.5,0,15,68.5,2,5729,1.43,-0.4,118,102.7,83.8,86.6,29.41,28.48,26.84,27.24
75.96,3015,100.5,0,14,70,2,5729,1.45,-0.38,118.1,102.7,83.8,86.6,29.42,28.49,26.84,27.24
76,3016,100.5,0,13,70,2,5729,1.47,-0.36,118.2,102.7,83.8,86.6,29.43,28.49,26.84,27.24
76.04,3017,100.5,0,12,71.1,2,5729,1.5,-0.34,118.4,102.8,83.8,86.6,29.44,28.49,26.84,27.24
76.08,3018,100.5,0,12,72.3,2,5729,1.52,-0.33,118.5,102.8,83.8,86.6,29.45,28.5,26.84,27.24
76.12,3019,100.5,0,11,72.3,2,5729,1.55,-0.31,118.6,102.9,83.8,86.6,29.46,28.5,26.84,27.24
76.16,3021,100.5,0,10,72.2,2,5729,1.57,-0.29,118.7,102.9,83.8,86.6,29.47,28.5,26.84,27.24
76.2,3022,100.5,0,9,73.4,2,5729,1.59,-0.28,118.8,102.9,83.8,86.6,29.48,28.5,26.84,27.24
76.24,3023,100.5,0,8,73.6,2,5729,1.62,-0.26,119,103,83.8,86.6,29.48,28.51,26.84,27.24
76.28,3024,100.5,0,8,74.2,2,5729,1.64,-0.24,119.1,103,83.8,86.6,29.49,28.51,26.84,27.24
76.32,3025,100.5,0,7,73.9,2,5729,1.67,-0.23,119.2,103.1,83.8,86.6,29.5,28.51,26.84,27.24
76.36,3026,100.5,0,6,74.8,2,5729,1.69,-0.21,119.3,103.1,83.8,86.6,29.51,28.52,26.84,27.24
76.4,3027,100.5,0,5,75.4,2,5729,1.71,-0.19,119.4,103.1,83.8,86.6,29.52,28.52,26.84,27.24
76.44,3028,100.5,0,5,75.2,2,5729,1.74,-0.18,119.6,103.2,83.8,86.6,29.53,28.52,26.84,27.24
76.48,3030,100.5,0,4,75.2,2,5729,1.76,-0.16,119.7,103.2,83.8,86.6,29.54,28.53,26.84,27.24
76.52,3031,100.5,0,4,76,2,5729,1.79,-0.14,119.8,103.3,83.8,86.6,29.55,28.53,26.84,27.24
76.56,3032,100.5,0,3,75.4,2,5729,1.81,-0.12,119.9,103.3,83.8,86.6,29.56,28.53,26.84,27.24
76.6,3033,100.5,0,2,76.4,2,5729,1.83,-0.11,120,103.3,83.8,86.6,29.57,28.53,26.84,27.24
76.64,3034,100.5,0,2,76.2,2,5729,1.86,-0.09,120.2,103.4,83.8,86.6,29.57,28.54,26.84,27.24
76.68,3035,100.5,0,1,77.7,2,5729,1.88,-0.07,120.3,103.4,83.8,86.6,29.58,28.54,26.84,27.24
76.72,3036,100.5,0,1,75.8,2,5729,1.91,-0.06,120.4,103.5,83.8,86.6,29.59,28.54,26.84,27.24
76.76,3037,100.5,0,1,76.7,2,5729,1.93,-0.04,120.5,103.5,83.8,86.6,29.6,28.55,26.84,27.24
76.8,3038,100.5,0,0,77,2,5729,1.95,-0.02,120.6,103.5,83.8,86.6,29.61,28.55,26.84,27.24
76.84,3040,100.5,0,0,76.4,2,5729,1.98,-0.01,120.8,103.6,83.8,86.6,29.62,28.55,26.84,27.24
76.88,3041,100.5,1,0,76.3,2,5729,1.94,0,120.8,103.6,83.9,86.7,29.62,28.55,26.84,27.24
76.92,3042,100.5,2,0,76.3,2,5729,1.93,0.01,120.8,103.6,83.9,86.7,29.62,28.55,26.84,27.24
76.96,3043,100.5,3,0,75.2,2,5729,1.92,0.01,120.8,103.6,83.9,86.7,29.62,28.55,26.84,27.24
77,3044,100.5,4,0,74.9,2,5729,1.91,0.02,120.8,103.6,84,86.8,29.62,28.55,26.85,27.25
77.04,3045,100.5,5,0,74.2,2,5730,1.9,0.02,120.8,103.6,84,86.8,29.62,28.55,26.85,27.25
77.08,3046,100.5,6,0,73.3,2,5730,1.89,0.02,120.8,103.6,84,86.8,29.62,28.55,26.85,27.25
77.12,3047,100.5,7,0,73,2,5731,1.88,0.03,120.8,103.6,84.1,86.9,29.62,28.55,26.86,27.26
77.16,3049,100.6,8,0,72.3,2,5731,1.87,0.03,120.8,103.6,84.1,86.9,29.62,28.55,26.86,27.26
77.2,3050,100.6,9,0,71.8,2,5732,1.86,0.04,120.8,103.6,84.1,86.9,29.62,28.55,26.86,27.26
77.24,3051,100.6,10,0,71.5,2,5733,1.85,0.04,120.8,103.6,84.2,87,29.62,28.55,26.86,27.26
77.28,3052,100.6,11,0,71.1,2,5734,1.84,0.05,120.8,103.6,84.2,87,29.62,28.55,26.87,27.27
77.32,3053,100.6,11,0,70.3,2,5735,1.83,0.05,120.8,103.6,84.2,87,29.62,28.55,26.87,27.27
77.36,3054,100.6,12,0,69.9,2,5736,1.82,0.06,120.8,103.6,84.3,87.1,29.62,28.55,26.87,27.27
77.4,3055,100.6,13,0,70,2,5737,1.81,0.06,120.8,103.6,84.3,87.1,29.62,28.55,26.87,27.27
77.44,3056,100.7,14,0,69.1,2,5738,1.8,0.06,120.8,103.6,84.3,87.1,29.62,28.55,26.88,27.28
77.48,3057,100.7,15,0,68.3,2,5739,1.79,0.07,120.8,103.6,84.4,87.2,29.62,28.55,26.88,27.28
77.52,3059,100.7,16,0,68.2,2,5741,1.78,0.07,120.8,103.6,84.4,87.2,29.62,28.55,26.88,27.28
77.56,3060,100.7,16,0,67.7,2,5742,1.76,0.08,120.8,103.6,84.5,87.3,29.62,28.55,26.88,27.28
77.6,3061,100.8,17,0,66.5,2,5743,1.75,0.08,120.8,103.6,84.5,87.3,29.62,28.55,26.89,27.29
77.64,3062,100.8,18,0,66.4,2,5745,1.74,0.09,120.8,103.6,84.5,87.3,29.62,28.55,26.89,27.29
77.68,3063,100.8,19,0,66.1,2,5746,1.73,0.09,120.8,103.6,84.6,87.4,29.62,28.55,26.89,27.29
77.72,3064,100.8,19,0,65.5,2,5748,1.72,0.09,120.8,103.6,84.6,87.4,29.62,28.55,26.89,27.29
77.76,3065,100.9,20,0,65.3,2,5750,1.71,0.1,120.8,103.6,84.6,87.4,29.62,28.55,26.9,27.3
77.8,3066,100.9,21,0,64.4,2,5751,1.7,0.1,120.8,103.6,84.7,87.5,29.62,28.55,26.9,27.3
77.84,3068,100.9,22,0,64,2,5753,1.69,0.11,120.8,103.6,84.7,87.5,29.62,28.55,26.9,27.3
77.88,3069,101,22,0,63.7,2,5755,1.68,0.11,120.8,103.6,84.7,87.5,29.62,28.55,26.91,27.31
77.92,3070,101,23,0,63.1,2,5757,1.67,0.12,120.8,103.6,84.8,87.6,29.62,28.55,26.91,27.31
77.96,3071,101,24,0,62.2,2,5759,1.66,0.12,120.8,103.6,84.8,87.6,29.62,28.55,26.91,27.31
78,3072,101.1,25,0,61.9,2,5761,1.65,0.13,120.8,103.6,84.8,87.6,29.62,28.55,26.91,27.31
78.04,3073,101.1,25,0,61.1,2,5763,1.64,0.13,120.8,103.6,84.9,87.7,29.62,28.55,26.92,27.32
78.08,3074,101.1,26,0,60.5,2,5765,1.63,0.13,120.8,103.6,84.9,87.7,29.62,28.55,26.92,27.32
78.12,3075,101.2,27,0,59.9,2,5767,1.62,0.14,120.8,103.6,84.9,87.7,29.62,28.55,26.92,27.32
78.16,3077,101.2,28,0,59.7,2,5769,1.61,0.14,120.8,103.6,85,87.8,29.62,28.55,26.92,27.32
78.2,3078,101.3,28,0,59.2,2,5772,1.6,0.15,120.8,103.6,85,87.8,29.62,28.55,26.93,27.33
78.24,3079,101.3,29,0,58.3,2,5774,1.59,0.15,120.8,103.6,85,87.8,29.62,28.55,26.93,27.33
78.28,3080,101.3,30,0,57.6,2,5777,1.57,0.16,120.8,103.6,85.1,87.9,29.62,28.55,26.93,27.33
78.32,3081,101.4,30,0,57.6,2,5779,1.56,0.16,120.8,103.6,85.1,87.9,29.62,28.55,26.93,27.33
78.36,3082,101.4,31,0,56.9,2,5782,1.55,0.17,120.8,103.6,85.2,88,29.62,28.55,26.94,27.34
78.4,3083,101.5,32,0,57,2,5784,1.54,0.17,120.8,103.6,85.2,88,29.62,28.55,26.94,27.34
78.44,3084,101.5,33,0,56,2,5787,1.53,0.17,120.8,103.6,85.2,88,29.62,28.55,26.94,27.34
78.48,3086,101.6,33,0,55.2,2,5790,1.52,0.18,120.8,103.6,85.3,88.1,29.62,28.55,26.94,27.34
78.52,3087,101.6,34,0,54.9,2,5792,1.51,0.18,120.8,103.6,85.3,88.1,29.62,28.55,26.95,27.35
78.56,3088,101.7,35,0,55.4,2,5795,1.5,0.19,120.8,103.6,85.3,88.1,29.62,28.55,26.95,27.35
78.6,3089,101.7,35,0,54.6,2,5798,1.49,0.19,120.8,103.6,85.4,88.2,29.62,28.55,26.95,27.35
78.64,3090,101.8,36,0,54,2,5801,1.48,0.2,120.8,103.6,85.4,88.2,29.62,28.55,26.95,27.35
78.68,3091,101.8,37,0,53.2,2,5804,1.47,0.2,120.8,103.6,85.4,88.2,29.62,28.55,26.96,27.36
78.72,3092,101.9,37,0,52.5,2,5807,1.46,0.2,120.8,103.6,85.5,88.3,29.62,28.55,26.96,27.36
78.76,3093,101.9,38,0,52,2,5810,1.45,0.21,120.8,103.6,85.5,88.3,29.62,28.55,26.96,27.36
78.8,3095,102,39,0,51.8,2,5813,1.44,0.21,120.8,103.6,85.5,88.3,29.62,28.55,26.97,27.37
78.84,3096,102,40,0,50.7,2,5816,1.43,0.22,120.8,103.6,85.6,88.4,29.62,28.55,26.97,27.37
78.88,3097,102.1,40,0,50.3,2,5820,1.42,0.22,120.8,103.6,85.6,88.4,29.62,28.55,26.97,27.37
78.92,3098,102.2,41,0,49.1,2,5823,1.41,0.23,120.8,103.6,85.6,88.4,29.62,28.55,26.97,27.37
78.96,3099,102.2,42,0,49.4,2,5826,1.39,0.23,120.8,103.6,85.7,88.5,29.62,28.55,26.98,27.38
79,3100,102.3,42,0,49.1,2,5830,1.38,0.24,120.8,103.6,85.7,88.5,29.62,28.55,26.98,27.38
79.04,3101,102.3,43,0,48.5,2,5833,1.37,0.24,120.8,103.6,85.7,88.5,29.62,28.55,26.98,27.38
79.08,3103,102.4,44,0,48.3,2,5837,1.36,0.24,120.8,103.6,85.8,88.6,29.62,28.55,26.98,27.38
79.12,3104,102.5,44,0,47.1,2,5840,1.35,0.25,120.8,103.6,85.8,88.6,29.62,28.55,26.99,27.39
79.16,3105,102.5,45,0,46.8,2,5844,1.34,0.25,120.8,103.6,85.9,88.7,29.62,28.55,26.99,27.39
79.2,3106,102.6,46,0,45.7,2,5848,1.33,0.26,120.8,103.6,85.9,88.7,29.62,28.55,26.99,27.39
79.24,3107,102.7,46,0,44.4,2,5851,1.32,0.26,120.8,103.6,85.9,88.7,29.62,28.55,26.99,27.39
79.28,3108,102.7,47,0,45.1,2,5855,1.31,0.27,120.8,103.6,86,88.8,29.62,28.55,27,27.4
79.32,3109,102.8,48,0,44.6,2,5859,1.3,0.27,120.8,103.6,86,88.8,29.62,28.55,27,27.4
79.36,3111,102.9,48,0,44.3,2,5863,1.29,0.28,120.8,103.6,86,88.8,29.62,28.55,27,27.4
79.4,3112,102.9,49,0,43.3,2,5867,1.28,0.28,120.8,103.6,86.1,88.9,29.62,28.55,27,27.4
79.44,3113,103,50,0,43.2,2,5871,1.27,0.29,120.8,103.6,86.1,88.9,29.62,28.55,27.01,27.41
79.48,3114,103.1,50,0,42.5,2,5875,1.26,0.29,120.8,103.6,86.1,88.9,29.62,28.55,27.01,27.41
79.52,3115,103.1,51,0,42.4,2,5879,1.24,0.29,120.8,103.6,86.2,89,29.62,28.55,27.01,27.41
79.56,3116,103.2,52,0,41.1,2,5883,1.23,0.3,120.8,103.6,86.2,89,29.62,28.55,27.02,27.42
79.6,3117,103.3,52,0,41.3,2,5887,1.22,0.3,120.8,103.6,86.2,89,29.62,28.55,27.02,27.42
79.64,3119,103.4,53,0,40.3,2,5892,1.21,0.31,120.8,103.6,86.3,89.1,29.62,28.55,27.02,27.42
79.68,3120,103.4,54,0,39.7,2,5896,1.2,0.31,120.8,103.6,86.3,89.1,29.62,28.55,27.02,27.42
79.72,3121,103.5,54,0,39.3,2,5900,1.19,0.32,120.8,103.6,86.3,89.1,29.62,28.55,27.03,27.43
79.76,3122,103.6,55,0,38.8,2,5905,1.18,0.32,120.8,103.6,86.4,89.2,29.62,28.55,27.03,27.43
79.8,3123,103.7,56,0,38.1,2,5909,1.17,0.33,120.8,103.6,86.4,89.2,29.62,28.55,27.03,27.43
79.84,3124,103.7,56,0,37.9,2,5914,1.16,0.33,120.8,103.6,86.4,89.2,29.62,28.55,27.03,27.43
79.88,3125,103.8,57,0,37.2,2,5918,1.15,0.33,120.8,103.6,86.5,89.3,29.62,28.55,27.04,27.44
79.92,3127,103.9,58,0,36.3,2,5923,1.14,0.34,120.8,103.6,86.5,89.3,29.62,28.55,27.04,27.44
79.96,3128,104,58,0,35.9,2,5927,1.13,0.34,120.8,103.6,86.6,89.4,29.62,28.55,27.04,27.44
80,3129,104.1,59,0,35.7,2,5932,1.11,0.35,120.8,103.6,86.6,89.4,29.62,28.55,27.04,27.44
80.04,3130,104.2,59,0,35.3,2,5937,1.1,0.35,120.8,103.6,86.6,89.4,29.62,28.55,27.05,27.45
80.08,3131,104.2,60,0,34.4,2,5942,1.09,0.36,120.8,103.6,86.7,89.5,29.62,28.55,27.05,27.45
80.12,3132,104.3,61,0,33.5,2,5946,1.08,0.36,120.8,103.6,86.7,89.5,29.62,28.55,27.05,27.45
80.16,3134,104.4,61,0,33.3,2,5951,1.07,0.37,120.8,103.6,86.7,89.5,29.62,28.55,27.05,27.45
80.2,3135,104.5,62,0,32.9,2,5956,1.06,0.37,120.8,103.6,86.8,89.6,29.62,28.55,27.06,27.46
80.24,3136,104.6,63,0,32.7,2,5961,1.05,0.38,120.8,103.6,86.8,89.6,29.62,28.55,27.06,27.46
80.28,3137,104.7,63,0,32,2,5966,1.04,0.38,120.8,103.6,86.8,89.6,29.62,28.55,27.06,27.46
80.32,3138,104.8,64,0,31.4,2,5971,1.03,0.38,120.8,103.6,86.9,89.7,29.62,28.55,27.07,27.47
80.36,3139,104.8,65,0,30.7,2,5976,1.02,0.39,120.8,103.6,86.9,89.7,29.62,28.55,27.07,27.47
80.4,3141,104.9,65,0,31.2,2,5981,1.01,0.39,120.8,103.6,86.9,89.7,29.62,28.55,27.07,27.47
80.44,3142,105,66,0,30,2,5987,0.99,0.4,120.8,103.6,87,89.8,29.62,28.55,27.07,27.47
80.48,3143,105.1,67,0,28.6,2,5992,0.98,0.4,120.8,103.6,87,89.8,29.62,28.55,27.08,27.48
80.52,3144,105.2,67,0,28.6,2,5997,0.97,0.41,120.8,103.6,87,89.8,29.62,28.55,27.08,27.48
80.56,3145,105.3,68,0,28,2,6003,0.96,0.41,120.8,103.6,87.1,89.9,29.62,28.55,27.08,27.48
80.6,3146,105.4,68,0,26.9,2,6008,0.95,0.42,120.8,103.6,87.1,89.9,29.62,28.55,27.08,27.48
80.64,3148,105.5,69,0,26.8,2,6013,0.94,0.42,120.8,103.6,87.1,89.9,29.62,28.55,27.09,27.49
80.68,3149,105.6,70,0,26.3,2,6019,0.93,0.43,120.8,103.6,87.2,90,29.62,28.55,27.09,27.49
80.72,3150,105.7,70,0,25.2,2,6024,0.92,0.43,120.8,103.6,87.2,90,29.62,28.55,27.09,27.49
80.76,3151,105.8,71,0,25.6,2,6030,0.91,0.43,120.8,103.6,87.3,90.1,29.62,28.55,27.09,27.49
80.8,3152,105.9,72,0,24.3,2,6035,0.9,0.44,120.8,103.6,87.3,90.1,29.62,28.55,27.1,27.5
80.84,3153,106,72,0,24.6,2,6041,0.88,0.44,120.8,103.6,87.3,90.1,29.62,28.55,27.1,27.5
80.88,3155,106.1,73,0,24.1,2,6047,0.87,0.45,120.8,103.6,87.4,90.2,29.62,28.55,27.1,27.5
80.92,3156,106.2,74,0,22.7,2,6053,0.86,0.45,120.8,103.6,87.4,90.2,29.62,28.55,27.1,27.5
80.96,3157,106.3,74,0,23.2,2,6058,0.85,0.46,120.8,103.6,87.4,90.2,29.62,28.55,27.11,27.51
81,3158,106.4,75,0,20.9,2,6064,0.84,0.46,120.8,103.6,87.5,90.3,29.62,28.55,27.11,27.51
81.04,3159,106.5,76,0,21.3,2,6070,0.83,0.47,120.8,103.6,87.5,90.3,29.62,28.55,27.11,27.51
81.08,3160,106.6,76,0,20.2,2,6076,0.82,0.47,120.8,103.6,87.5,90.3,29.62,28.55,27.12,27.52
81.12,3162,106.7,77,0,20.3,2,6082,0.81,0.48,120.8,103.6,87.6,90.4,29.62,28.55,27.12,27.52
81.16,3163,106.8,77,0,20.2,2,6088,0.8,0.48,120.8,103.6,87.6,90.4,29.62,28.55,27.12,27.52
81.2,3164,106.9,78,0,19.4,2,6094,0.78,0.49,120.8,103.6,87.6,90.4,29.62,28.55,27.12,27.52
81.24,3165,107,79,0,18.5,2,6100,0.77,0.49,120.8,103.6,87.7,90.5,29.62,28.55,27.13,27.53
81.28,3166,107.1,79,0,18.4,2,6106,0.76,0.49,120.8,103.6,87.7,90.5,29.62,28.55,27.13,27.53
81.32,3168,107.2,80,0,18,2,6112,0.75,0.5,120.8,103.6,87.7,90.5,29.62,28.55,27.13,27.53
81.36,3169,107.3,81,0,17.8,2,6119,0.74,0.5,120.8,103.6,87.8,90.6,29.62,28.55,27.13,27.53
81.4,3170,107.5,81,0,16.3,2,6125,0.73,0.51,120.8,103.6,87.8,90.6,29.62,28.55,27.14,27.54
81.44,3171,107.6,82,0,16.5,2,6131,0.72,0.51,120.8,103.6,87.8,90.6,29.62,28.55,27.14,27.54
81.48,3172,107.7,82,0,15.6,2,6137,0.71,0.52,120.8,103.6,87.9,90.7,29.62,28.55,27.14,27.54
81.52,3174,107.8,83,0,15.3,2,6144,0.69,0.52,120.8,103.6,87.9,90.7,29.62,28.55,27.14,27.54
81.56,3175,107.9,84,0,14.2,2,6150,0.68,0.53,120.8,103.6,88,90.8,29.62,28.55,27.15,27.55
81.6,3176,108,84,0,13.6,2,6157,0.67,0.53,120.8,103.6,88,90.8,29.62,28.55,27.15,27.55
81.64,3177,108.1,85,0,13.8,2,6163,0.66,0.54,120.8,103.6,88,90.8,29.62,28.55,27.15,27.55
81.68,3178,108.2,86,0,12.8,2,6170,0.65,0.54,120.8,103.6,88.1,90.9,29.62,28.55,27.15,27.55
81.72,3180,108.4,86,0,12.3,2,6176,0.64,0.55,120.8,103.6,88.1,90.9,29.62,28.55,27.16,27.56
81.76,3181,108.5,87,0,12,2,6183,0.63,0.55,120.8,103.6,88.1,90.9,29.62,28.55,27.16,27.56
81.8,3182,108.6,88,0,11,2,6190,0.62,0.56,120.8,103.6,88.2,91,29.62,28.55,27.16,27.56
81.84,3183,108.7,88,0,10.4,2,6196,0.6,0.56,120.8,103.6,88.2,91,29.62,28.55,27.16,27.56
81.88,3184,108.8,89,0,10.2,2,6203,0.59,0.57,120.8,103.6,88.2,91,29.62,28.55,27.17,27.57
81.92,3186,108.9,89,0,9.4,2,6210,0.58,0.57,120.8,103.6,88.3,91.1,29.62,28.55,27.17,27.57
81.96,3187,109.1,90,0,8.6,2,6217,0.57,0.57,120.8,103.6,88.3,91.1,29.62,28.55,27.17,27.57
82,3188,109.2,91,0,8,2,6224,0.56,0.58,120.8,103.6,88.3,91.1,29.62,28.55,27.18,27.58
82.04,3189,109.3,91,0,8.4,2,6231,0.55,0.58,120.8,103.6,88.4,91.2,29.62,28.55,27.18,27.58
82.08,3190,109.4,92,0,7,2,6238,0.54,0.59,120.8,103.6,88.4,91.2,29.62,28.55,27.18,27.58
82.12,3192,109.6,93,0,6.9,2,6245,0.52,0.59,120.8,103.6,88.4,91.2,29.62,28.55,27.18,27.58
82.16,3193,109.7,93,0,6,2,6252,0.51,0.6,120.8,103.6,88.5,91.3,29.62,28.55,27.19,27.59
82.2,3194,109.8,94,0,6.2,2,6259,0.5,0.6,120.8,103.6,88.5,91.3,29.62,28.55,27.19,27.59
82.24,3195,109.9,95,0,4.9,2,6266,0.49,0.61,120.8,103.6,88.5,91.3,29.62,28.55,27.19,27.59
82.28,3197,110.1,95,0,4.7,2,6273,0.48,0.61,120.8,103.6,88.6,91.4,29.62,28.55,27.19,27.59
82.32,3198,110.2,96,0,3.7,2,6280,0.47,0.62,120.8,103.6,88.6,91.4,29.62,28.55,27.2,27.6
82.36,3199,110.3,96,0,3.5,2,6287,0.46,0.62,120.8,103.6,88.7,91.5,29.62,28.55,27.2,27.6
82.4,3200,110.4,97,0,3.2,2,6295,0.44,0.63,120.8,103.6,88.7,91.5,29.62,28.55,27.2,27.6
82.44,3201,110.6,98,0,2.1,2,6302,0.43,0.63,120.8,103.6,88.7,91.5,29.62,28.55,27.2,27.6
82.48,3203,110.7,98,0,1,2,6309,0.42,0.64,120.8,103.6,88.8,91.6,29.62,28.55,27.21,27.61
82.52,3204,110.8,99,0,1.6,2,6317,0.41,0.64,120.8,103.6,88.8,91.6,29.62,28.55,27.21,27.61
82.56,3205,111,100,0,0.5,2,6324,0.4,0.65,120.8,103.6,88.8,91.6,29.62,28.55,27.21,27.61
82.6,3206,111,100,0,-0.1,2,6328,-0.04,0.04,120.8,103.6,88.8,91.6,29.62,28.55,27.21,27.61
82.64,3208,111.1,100,0,-0.2,2,6331,-0.02,0.04,120.7,103.5,88.8,91.6,29.62,28.55,27.21,27.61
82.68,3209,111.1,100,0,0,2,6335,0.03,0.04,120.7,103.5,88.8,91.6,29.62,28.55,27.21,27.61
82.72,3210,111.2,100,0,-0.4,2,6338,0,0.04,120.7,103.5,88.8,91.6,29.62,28.55,27.21,27.61
82.76,3211,111.3,100,0,0.3,2,6341,-0.02,0.04,120.7,103.5,88.8,91.6,29.62,28.55,27.21,27.61
82.8,3213,111.3,100,0,0.2,2,6345,0,0.04,120.7,103.5,88.8,91.6,29.61,28.55,27.21,27.61
82.84,3214,111.4,100,0,0.2,2,6348,0.02,0.04,120.7,103.5,88.7,91.5,29.61,28.55,27.21,27.61
82.88,3215,111.4,100,0,0.3,2,6351,0,0.04,120.7,103.5,88.7,91.5,29.61,28.55,27.2,27.6
82.92,3216,111.5,100,0,-0.1,2,6355,-0.01,0.04,120.7,103.5,88.7,91.5,29.61,28.54,27.2,27.6
82.96,3217,111.5,100,0,0.1,2,6358,0.01,0.04,120.6,103.5,88.7,91.5,29.61,28.54,27.2,27.6
83,3219,111.6,100,0,0.5,2,6361,-0.01,0.04,120.6,103.4,88.7,91.5,29.61,28.54,27.2,27.6
83.04,3220,111.7,100,0,-0.5,2,6365,-0.02,0.04,120.6,103.4,88.7,91.5,29.61,28.54,27.2,27.6
83.08,3221,111.7,100,0,1,2,6368,0.03,0.04,120.6,103.4,88.7,91.5,29.61,28.54,27.2,27.6
83.12,3222,111.8,100,0,0.3,2,6371,0.01,0.04,120.6,103.4,88.7,91.5,29.61,28.54,27.2,27.6
83.16,3224,111.8,100,0,0.5,2,6375,-0.04,0.04,120.6,103.4,88.6,91.4,29.61,28.54,27.2,27.6
83.2,3225,111.9,100,0,0.2,2,6378,-0.02,0.04,120.6,103.4,88.6,91.4,29.61,28.54,27.2,27.6
83.24,3226,112,100,0,0.5,2,6381,0.01,0.04,120.6,103.4,88.6,91.4,29.6,28.54,27.2,27.6
83.28,3227,112,100,0,-0.1,2,6385,0,0.04,120.5,103.4,88.6,91.4,29.6,28.54,27.2,27.6
83.32,3229,112.1,100,0,-1.2,2,6388,0.04,0.04,120.5,103.3,88.6,91.4,29.6,28.54,27.2,27.6
83.36,3230,112.1,100,0,-0.1,2,6391,0,0.04,120.5,103.3,88.6,91.4,29.6,28.53,27.19,27.59
83.4,3231,112.2,100,0,-0.3,2,6394,0.01,0.04,120.5,103.3,88.6,91.4,29.6,28.53,27.19,27.59
83.44,3232,112.2,100,0,0.3,2,6398,0.01,0.04,120.5,103.3,88.6,91.4,29.6,28.53,27.19,27.59
83.48,3234,112.3,100,0,0.2,2,6401,0.01,0.04,120.5,103.3,88.6,91.4,29.6,28.53,27.19,27.59
83.52,3235,112.4,100,0,-0.6,2,6404,0.01,0.04,120.5,103.3,88.5,91.3,29.6,28.53,27.19,27.59
83.56,3236,112.4,100,0,0.2,2,6408,0.03,0.04,120.5,103.3,88.5,91.3,29.6,28.53,27.19,27.59
83.6,3237,112.5,100,0,-0.1,2,6411,-0.03,0.04,120.5,103.3,88.5,91.3,29.6,28.53,27.19,27.59
83.64,3239,112.5,100,0,0.5,2,6414,-0.02,0.04,120.4,103.2,88.5,91.3,29.6,28.53,27.19,27.59
83.68,3240,112.6,100,0,-0.3,2,6417,-0.02,0.04,120.4,103.2,88.5,91.3,29.59,28.53,27.19,27.59
83.72,3241,112.6,100,0,0.4,2,6421,0.02,0.04,120.4,103.2,88.5,91.3,29.59,28.53,27.19,27.59
83.76,3242,112.7,100,0,0.1,2,6424,0,0.04,120.4,103.2,88.5,91.3,29.59,28.53,27.19,27.59
83.8,3244,112.8,100,0,-0.1,2,6427,-0.02,0.04,120.4,103.2,88.5,91.3,29.59,28.53,27.18,27.58
83.84,3245,112.8,100,0,0.3,2,6431,0.01,0.04,120.4,103.2,88.4,91.2,29.59,28.52,27.18,27.58
83.88,3246,112.9,100,0,-0.7,2,6434,0.01,0.04,120.4,103.2,88.4,91.2,29.59,28.52,27.18,27.58
83.92,3247,112.9,100,0,-0.5,2,6437,-0.01,0.04,120.4,103.2,88.4,91.2,29.59,28.52,27.18,27.58
83.96,3249,113,100,0,0.4,2,6440,0.01,0.04,120.3,103.2,88.4,91.2,29.59,28.52,27.18,27.58
84,3250,113,100,0,0.2,2,6444,-0.04,0.04,120.3,103.1,88.4,91.2,29.59,28.52,27.18,27.58
84.04,3251,113.1,100,0,0.1,2,6447,0.04,0.04,120.3,103.1,88.4,91.2,29.59,28.52,27.18,27.58
84.08,3252,113.2,100,0,0.2,2,6450,0.02,0.04,120.3,103.1,88.4,91.2,29.59,28.52,27.18,27.58
84.12,3254,113.2,100,0,0.5,2,6454,-0.03,0.04,120.3,103.1,88.4,91.2,29.58,28.52,27.18,27.58
84.16,3255,113.3,100,0,-0.1,2,6457,0,0.04,120.3,103.1,88.3,91.1,29.58,28.52,27.18,27.58
84.2,3256,113.3,100,0,0.2,2,6460,0.01,0.04,120.3,103.1,88.3,91.1,29.58,28.52,27.18,27.58
84.24,3257,113.4,100,0,-0.2,2,6463,0.02,0.04,120.3,103.1,88.3,91.1,29.58,28.52,27.17,27.57
84.28,3259,113.5,100,0,-0.1,2,6467,0.03,0.04,120.2,103.1,88.3,91.1,29.58,28.51,27.17,27.57
84.32,3260,113.5,100,0,-0.8,2,6470,0.02,0.04,120.2,103,88.3,91.1,29.58,28.51,27.17,27.57
84.36,3261,113.6,100,0,0.2,2,6473,-0.04,0.04,120.2,103,88.3,91.1,29.58,28.51,27.17,27.57
84.4,3263,113.6,100,0,0.1,2,6477,0,0.04,120.2,103,88.3,91.1,29.58,28.51,27.17,27.57
84.44,3264,113.7,100,0,-0.5,2,6480,0,0.04,120.2,103,88.3,91.1,29.58,28.51,27.17,27.57
84.48,3265,113.7,100,0,0,2,6483,-0.01,0.04,120.2,103,88.3,91.1,29.58,28.51,27.17,27.57
84.52,3266,113.8,100,0,-0.3,2,6486,-0.05,0.04,120.2,103,88.2,91,29.58,28.51,27.17,27.57
84.56,3268,113.9,100,0,0.1,2,6490,0.02,0.04,120.2,103,88.2,91,29.57,28.51,27.17,27.57
84.6,3269,113.9,100,0,0.7,2,6493,0.01,0.04,120.2,103,88.2,91,29.57,28.51,27.17,27.57
84.64,3270,114,100,0,0.1,2,6496,-0.02,0.04,120.1,102.9,88.2,91,29.57,28.51,27.17,27.57
84.68,3271,114,100,0,-0.2,2,6500,-0.01,0.04,120.1,102.9,88.2,91,29.57,28.51,27.16,27.56
84.72,3273,114.1,100,0,-0.7,2,6503,-0.01,0.04,120.1,102.9,88.2,91,29.57,28.5,27.16,27.56
84.76,3274,114.1,100,0,0.5,2,6506,0.02,0.04,120.1,102.9,88.2,91,29.57,28.5,27.16,27.56
84.8,3275,114.2,100,0,-0.2,2,6509,-0.01,0.04,120.1,102.9,88.2,91,29.57,28.5,27.16,27.56
84.84,3276,114.3,100,0,-0.3,2,6513,-0.01,0.04,120.1,102.9,88.1,90.9,29.57,28.5,27.16,27.56
84.88,3278,114.3,100,0,0.3,2,6516,0.01,0.04,120.1,102.9,88.1,90.9,29.57,28.5,27.16,27.56
84.92,3279,114.4,100,0,-0.4,2,6519,0,0.04,120.1,102.9,88.1,90.9,29.57,28.5,27.16,27.56
84.96,3280,114.4,100,0,-0.1,2,6523,0.01,0.04,120,102.9,88.1,90.9,29.57,28.5,27.16,27.56
85,3282,114.5,100,0,0,2,6526,-0.01,0.04,120,102.8,88.1,90.9,29.56,28.5,27.16,27.56
85.04,3283,114.5,100,0,0.1,2,6529,0,0.04,120,102.8,88.1,90.9,29.56,28.5,27.16,27.56
85.08,3284,114.6,100,0,0.2,2,6532,-0.02,0.04,120,102.8,88.1,90.9,29.56,28.5,27.16,27.56
85.12,3285,114.7,100,0,-0.1,2,6536,0.01,0.04,120,102.8,88.1,90.9,29.56,28.5,27.15,27.55
85.16,3287,114.7,100,0,0.1,2,6539,0,0.04,120,102.8,88,90.8,29.56,28.49,27.15,27.55
85.2,3288,114.8,100,0,0.1,2,6542,-0.01,0.04,120,102.8,88,90.8,29.56,28.49,27.15,27.55
85.24,3289,114.8,100,0,-0.3,2,6546,-0.02,0.04,120,102.8,88,90.8,29.56,28.49,27.15,27.55
85.28,3290,114.9,100,0,0,2,6549,-0.01,0.04,119.9,102.8,88,90.8,29.56,28.49,27.15,27.55
85.32,3292,114.9,100,0,-0.3,2,6552,-0.01,0.04,119.9,102.7,88,90.8,29.56,28.49,27.15,27.55
85.36,3293,115,100,0,-0.3,2,6555,-0.02,0.04,119.9,102.7,88,90.8,29.56,28.49,27.15,27.55
85.4,3294,115.1,100,0,-0.1,2,6559,0.03,0.04,119.9,102.7,88,90.8,29.56,28.49,27.15,27.55
85.44,3296,115.1,100,0,-0.3,2,6562,-0.03,0.04,119.9,102.7,88,90.8,29.56,28.49,27.15,27.55
85.48,3297,115.2,100,0,0.3,2,6565,-0.03,0.04,119.9,102.7,88,90.8,29.55,28.49,27.15,27.55
85.52,3298,115.2,100,0,-0.9,2,6568,0,0.04,119.9,102.7,87.9,90.7,29.55,28.49,27.15,27.55
85.56,3299,115.3,100,0,-0.1,2,6572,0.03,0.04,119.9,102.7,87.9,90.7,29.55,28.49,27.14,27.54
85.6,3301,115.4,100,0,-0.7,2,6575,-0.01,0.04,119.9,102.7,87.9,90.7,29.55,28.48,27.14,27.54
85.64,3302,115.4,100,0,-0.3,2,6578,-0.03,0.04,119.8,102.6,87.9,90.7,29.55,28.48,27.14,27.54
85.68,3303,115.5,100,0,-0.4,2,6582,-0.02,0.04,119.8,102.6,87.9,90.7,29.55,28.48,27.14,27.54
85.72,3305,115.5,100,0,0.8,2,6585,0.01,0.04,119.8,102.6,87.9,90.7,29.55,28.48,27.14,27.54
85.76,3306,115.6,100,0,-0.4,2,6588,0.03,0.04,119.8,102.6,87.9,90.7,29.55,28.48,27.14,27.54
85.8,3307,115.6,100,0,-0.3,2,6591,-0.02,0.04,119.8,102.6,87.9,90.7,29.55,28.48,27.14,27.54
85.84,3308,115.7,100,0,0.4,2,6595,-0.02,0.04,119.8,102.6,87.8,90.6,29.55,28.48,27.14,27.54
85.88,3310,115.8,100,0,0.3,2,6598,0.02,0.04,119.8,102.6,87.8,90.6,29.55,28.48,27.14,27.54
85.92,3311,115.8,100,0,0.1,2,6601,0.03,0.04,119.8,102.6,87.8,90.6,29.54,28.48,27.14,27.54
85.96,3312,142.5,0,1,0.4,3,6270,0,-1.85,119.8,102.7,87.8,90.6,29.55,28.49,27.14,27.54
86,3314,142.5,0,6,0.5,3,6270,0,-1.85,119.8,102.8,87.8,90.6,29.55,28.5,27.14,27.54
86.04,3315,142.5,0,11,-0.8,3,6270,0,-1.85,119.9,102.9,87.8,90.6,29.55,28.5,27.14,27.54
86.08,3317,142.5,0,17,0.9,3,6270,0,-1.85,119.9,103,87.8,90.6,29.56,28.51,27.14,27.54
86.12,3319,142.5,0,22,-1.2,3,6270,0,-1.85,120,103.2,87.8,90.6,29.56,28.52,27.14,27.54
86.16,3320,142.5,0,28,-0.4,3,6270,0,-1.85,120,103.3,87.8,90.6,29.56,28.53,27.14,27.54
86.2,3322,142.5,0,33,-0.7,3,6270,0,-1.85,120,103.4,87.8,90.6,29.57,28.54,27.14,27.54
86.24,3323,142.5,0,38,0.6,3,6270,0,-1.85,120.1,103.5,87.8,90.6,29.57,28.55,27.14,27.54
86.28,3325,142.5,0,44,0.3,3,6270,0,-1.85,120.1,103.6,87.8,90.6,29.57,28.56,27.14,27.54
86.32,3326,142.5,0,49,-0.1,3,6270,0,-1.85,120.2,103.8,87.8,90.6,29.57,28.57,27.14,27.54
86.36,3328,142.5,0,54,-0.2,3,6270,0,-1.85,120.2,103.9,87.8,90.6,29.58,28.58,27.14,27.54
86.4,3330,142.5,0,60,-0.3,3,6270,0,-1.85,120.2,104,87.8,90.6,29.58,28.59,27.14,27.54
86.44,3331,142.5,0,65,0.1,3,6270,0,-1.85,120.3,104.1,87.8,90.6,29.58,28.59,27.14,27.54
86.48,3333,142.5,0,65,-0.1,3,6270,0,-1.85,120.3,104.2,87.8,90.6,29.59,28.6,27.14,27.54
86.52,3334,142.5,0,65,0.5,3,6270,0,-1.85,120.4,104.4,87.8,90.6,29.59,28.61,27.14,27.54
86.56,3336,142.5,0,65,1,3,6270,0,-1.85,120.4,104.5,87.8,90.6,29.59,28.62,27.14,27.54
86.6,3338,142.5,0,65,-1.6,3,6270,0,-1.85,120.4,104.6,87.8,90.6,29.6,28.63,27.14,27.54
86.64,3339,142.5,0,65,1,3,6270,0,-1.85,120.5,104.7,87.8,90.6,29.6,28.64,27.14,27.54
86.68,3341,142.5,0,65,-0.1,3,6270,0,-1.85,120.5,104.8,87.8,90.6,29.6,28.65,27.14,27.54
86.72,3342,142.5,0,65,-0.3,3,6270,0,-1.85,120.6,105,87.8,90.6,29.6,28.66,27.14,27.54
86.76,3344,142.5,0,65,1.2,3,6270,0,-1.85,120.6,105.1,87.8,90.6,29.61,28.67,27.14,27.54
86.8,3345,142.5,0,65,0.3,3,6270,0,-1.85,120.6,105.2,87.8,90.6,29.61,28.68,27.14,27.54
86.84,3347,142.5,0,65,-0.8,3,6270,0,-1.85,120.7,105.3,87.8,90.6,29.61,28.68,27.14,27.54
86.88,3349,142.5,0,65,-0.5,3,6270,0,-1.85,120.7,105.4,87.8,90.6,29.62,28.69,27.14,27.54
86.92,3350,142.5,0,65,-0.2,3,6270,0,-1.85,120.8,105.6,87.8,90.6,29.62,28.7,27.14,27.54
86.96,3352,142.5,0,65,1.3,3,6270,0,-1.85,120.8,105.7,87.8,90.6,29.62,28.71,27.14,27.54
87,3353,142.5,0,65,0.2,3,6270,0,-1.85,120.8,105.8,87.8,90.6,29.63,28.72,27.14,27.54
87.04,3355,142.5,0,65,0.9,3,6270,0,-1.85,120.9,105.9,87.8,90.6,29.63,28.73,27.14,27.54
87.08,3357,142.5,0,65,0.7,3,6270,0,-1.85,120.9,106,87.8,90.6,29.63,28.74,27.14,27.54
87.12,3358,142.5,0,65,-0.7,3,6270,0,-1.85,121,106.2,87.8,90.6,29.63,28.75,27.14,27.54
87.16,3360,142.5,0,65,-1.2,3,6270,0,-1.85,121,106.3,87.8,90.6,29.64,28.76,27.14,27.54
87.2,3361,142.5,0,65,0.3,3,6270,0,-1.85,121,106.4,87.8,90.6,29.64,28.77,27.14,27.54
87.24,3363,142.5,0,65,0.4,3,6270,0,-1.85,121.1,106.5,87.8,90.6,29.64,28.77,27.14,27.54
87.28,3364,142.5,0,65,-1.5,3,6270,0,-1.85,121.1,106.6,87.8,90.6,29.65,28.78,27.14,27.54
87.32,3366,142.5,0,65,-0.3,3,6270,0,-1.85,121.2,106.8,87.8,90.6,29.65,28.79,27.14,27.54
87.36,3368,142.5,0,65,-1.5,3,6270,0,-1.85,121.2,106.9,87.8,90.6,29.65,28.8,27.14,27.54
87.4,3369,142.5,0,65,-0.2,3,6270,0,-1.85,121.2,107,87.8,90.6,29.66,28.81,27.14,27.54
87.44,3371,142.5,0,63,-0.8,3,6270,-0.04,-1.38,121.3,107.1,87.8,90.6,29.66,28.82,27.14,27.54
87.48,3372,142.5,0,61,-2.5,3,6270,-0.08,-1.34,121.3,107.2,87.8,90.6,29.66,28.83,27.14,27.54
87.52,3374,142.5,0,59,-4.2,3,6270,-0.13,-1.31,121.4,107.4,87.8,90.6,29.66,28.84,27.14,27.54
87.56,3376,142.5,0,57,-7.3,3,6270,-0.18,-1.28,121.4,107.5,87.8,90.6,29.67,28.85,27.14,27.54
87.6,3377,142.5,0,55,-8.1,3,6270,-0.22,-1.25,121.4,107.6,87.8,90.6,29.67,28.86,27.14,27.54
87.64,3379,142.5,0,54,-10.1,3,6270,-0.27,-1.22,121.5,107.7,87.8,90.6,29.67,28.86,27.14,27.54
87.68,3380,142.5,0,52,-11.3,3,6270,-0.32,-1.19,121.5,107.8,87.8,90.6,29.68,28.87,27.14,27.54
87.72,3382,142.5,0,50,-13.6,3,6270,-0.37,-1.16,121.6,108,87.8,90.6,29.68,28.88,27.14,27.54
87.76,3383,142.5,0,48,-15.6,3,6270,-0.41,-1.12,121.6,108.1,87.8,90.6,29.68,28.89,27.14,27.54
87.8,3385,142.5,0,46,-16.9,3,6270,-0.46,-1.09,121.6,108.2,87.8,90.6,29.69,28.9,27.14,27.54
87.84,3387,142.5,0,44,-18.2,3,6270,-0.51,-1.06,121.7,108.3,87.8,90.6,29.69,28.91,27.14,27.54
87.88,3388,142.5,0,42,-20.6,3,6270,-0.56,-1.03,121.7,108.4,87.8,90.6,29.69,28.92,27.14,27.54
87.92,3390,142.5,0,40,-21.6,3,6270,-0.6,-1,121.8,108.6,87.8,90.6,29.69,28.93,27.14,27.54
87.96,3391,142.5,0,39,-22.9,3,6270,-0.65,-0.97,121.8,108.7,87.8,90.6,29.7,28.94,27.14,27.54
88,3393,142.5,0,37,-24.4,3,6270,-0.7,-0.94,121.8,108.8,87.8,90.6,29.7,28.95,27.14,27.54
88.04,3395,142.5,0,35,-25.8,3,6270,-0.74,-0.9,121.9,108.9,87.8,90.6,29.7,28.95,27.14,27.54
88.08,3396,142.5,0,34,-27.3,3,6270,-0.79,-0.87,121.9,109,87.8,90.6,29.71,28.96,27.14,27.54
88.12,3398,142.5,0,32,-29.8,3,6270,-0.84,-0.84,122,109.2,87.8,90.6,29.71,28.97,27.14,27.54
88.16,3399,142.5,0,30,-30.2,3,6270,-0.89,-0.81,122,109.3,87.8,90.6,29.71,28.98,27.14,27.54
88.2,3401,142.5,0,29,-31.8,3,6270,-0.93,-0.78,122,109.4,87.8,90.6,29.72,28.99,27.14,27.54
88.24,3402,142.5,0,27,-32.6,3,6270,-0.98,-0.75,122.1,109.5,87.8,90.6,29.72,29,27.14,27.54
88.28,3404,142.5,0,25,-34,3,6270,-1.03,-0.71,122.1,109.6,87.8,90.6,29.72,29.01,27.14,27.54
88.32,3406,142.5,0,24,-35.5,3,6270,-1.08,-0.68,122.2,109.8,87.8,90.6,29.72,29.02,27.14,27.54
88.36,3407,142.5,0,22,-36.5,3,6270,-1.12,-0.65,122.2,109.9,87.8,90.6,29.73,29.03,27.14,27.54
88.4,3409,142.5,0,21,-38,3,6270,-1.17,-0.62,122.2,110,87.8,90.6,29.73,29.04,27.14,27.54
88.44,3410,142.5,0,19,-39.1,3,6270,-1.22,-0.59,122.3,110.1,87.8,90.6,29.73,29.04,27.14,27.54
88.48,3412,142.5,0,18,-40.7,3,6270,-1.26,-0.56,122.3,110.2,87.8,90.6,29.74,29.05,27.14,27.54
88.52,3414,142.5,0,17,-41,3,6270,-1.31,-0.53,122.4,110.4,87.8,90.6,29.74,29.06,27.14,27.54
88.56,3415,142.5,0,15,-41.7,3,6270,-1.36,-0.49,122.4,110.5,87.8,90.6,29.74,29.07,27.14,27.54
88.6,3417,142.5,0,14,-42.5,3,6270,-1.41,-0.46,122.4,110.6,87.8,90.6,29.75,29.08,27.14,27.54
88.64,3418,142.5,0,13,-44.3,3,6270,-1.45,-0.43,122.5,110.7,87.8,90.6,29.75,29.09,27.14,27.54
88.68,3420,142.5,0,11,-44.4,3,6270,-1.5,-0.4,122.5,110.8,87.8,90.6,29.75,29.1,27.14,27.54
88.72,3421,142.5,0,10,-45,3,6270,-1.55,-0.37,122.6,111,87.8,90.6,29.75,29.11,27.14,27.54
88.76,3423,142.5,0,9,-45.7,3,6270,-1.59,-0.34,122.6,111.1,87.8,90.6,29.76,29.12,27.14,27.54
88.8,3425,142.5,0,8,-46.8,3,6270,-1.64,-0.31,122.6,111.2,87.8,90.6,29.76,29.13,27.14,27.54
88.84,3426,142.5,0,7,-47.7,3,6270,-1.69,-0.27,122.7,111.3,87.8,90.6,29.76,29.13,27.14,27.54
88.88,3428,142.5,0,6,-48.5,3,6270,-1.74,-0.24,122.7,111.4,87.8,90.6,29.77,29.14,27.14,27.54
88.92,3429,142.5,0,5,-48.5,3,6270,-1.78,-0.21,122.8,111.6,87.8,90.6,29.77,29.15,27.14,27.54
88.96,3431,142.5,0,4,-47.5,3,6270,-1.83,-0.18,122.8,111.7,87.8,90.6,29.77,29.16,27.14,27.54
89,3433,142.5,0,3,-48.6,3,6270,-1.88,-0.15,122.8,111.8,87.8,90.6,29.78,29.17,27.14,27.54
89.04,3434,142.5,0,2,-48.5,3,6270,-1.93,-0.12,122.9,111.9,87.8,90.6,29.78,29.18,27.14,27.54
89.08,3436,142.5,0,1,-49.3,3,6270,-1.97,-0.09,122.9,112,87.8,90.6,29.78,29.19,27.14,27.54
89.12,3437,142.5,0,1,-49.6,3,6270,-2.02,-0.05,123,112.2,87.8,90.6,29.78,29.2,27.14,27.54
89.16,3439,142.5,0,0,-49.1,3,6270,-2.07,-0.02,123,112.3,87.8,90.6,29.79,29.21,27.14,27.54
89.2,3440,142.5,1,0,-50.4,3,6270,-1.94,0,123,112.3,87.9,90.7,29.79,29.21,27.14,27.54
89.24,3442,142.5,3,0,-48.4,3,6270,-1.92,0.01,123,112.3,87.9,90.7,29.79,29.21,27.14,27.54
89.28,3444,142.5,5,0,-48,3,6270,-1.9,0.02,123,112.3,87.9,90.7,29.79,29.21,27.14,27.54
89.32,3445,142.5,7,0,-48,3,6271,-1.89,0.03,123,112.3,88,90.8,29.79,29.21,27.15,27.55
89.36,3447,142.5,8,0,-48,3,6271,-1.87,0.04,123,112.3,88,90.8,29.79,29.21,27.15,27.55
89.4,3448,142.5,10,0,-46.6,3,6272,-1.85,0.04,123,112.3,88,90.8,29.79,29.21,27.15,27.55
89.44,3450,142.5,12,0,-44.7,3,6272,-1.83,0.05,123,112.3,88.1,90.9,29.79,29.21,27.15,27.55
89.48,3452,142.6,13,0,-44.7,3,6273,-1.81,0.06,123,112.3,88.1,90.9,29.79,29.21,27.16,27.56
89.52,3453,142.6,15,0,-44.2,3,6273,-1.79,0.07,123,112.3,88.1,90.9,29.79,29.21,27.16,27.56
89.56,3455,142.6,16,0,-43.7,3,6274,-1.77,0.08,123,112.3,88.2,91,29.79,29.21,27.16,27.56
89.6,3456,142.6,18,0,-43.3,3,6275,-1.75,0.08,123,112.3,88.2,91,29.79,29.21,27.17,27.57
89.64,3458,142.6,19,0,-43.1,3,6276,-1.73,0.09,123,112.3,88.2,91,29.79,29.21,27.17,27.57
89.68,3459,142.6,20,0,-41.7,3,6277,-1.71,0.1,123,112.3,88.3,91.1,29.79,29.21,27.17,27.57
89.72,3461,142.7,22,0,-41.3,3,6278,-1.69,0.11,123,112.3,88.3,91.1,29.79,29.21,27.17,27.57
89.76,3463,142.7,23,0,-40.2,3,6279,-1.67,0.12,123,112.3,88.3,91.1,29.79,29.21,27.18,27.58
89.8,3464,142.7,25,0,-39.6,3,6280,-1.65,0.13,123,112.3,88.4,91.2,29.79,29.21,27.18,27.58
89.84,3466,142.7,26,0,-39.7,3,6281,-1.63,0.13,123,112.3,88.4,91.2,29.79,29.21,27.18,27.58
89.88,3467,142.8,27,0,-38.6,3,6282,-1.61,0.14,123,112.3,88.5,91.3,29.79,29.21,27.18,27.58
89.92,3469,142.8,29,0,-38.4,3,6283,-1.59,0.15,123,112.3,88.5,91.3,29.79,29.21,27.19,27.59
89.96,3471,142.8,30,0,-36.9,3,6285,-1.57,0.16,123,112.3,88.5,91.3,29.79,29.21,27.19,27.59
90,3472,142.9,31,0,-37.5,3,6286,-1.55,0.17,123,112.3,88.6,91.4,29.79,29.21,27.19,27.59
90.04,3474,142.9,33,0,-36.6,3,6288,-1.53,0.17,123,112.3,88.6,91.4,29.79,29.21,27.19,27.59
90.08,3475,142.9,34,0,-35,3,6289,-1.51,0.18,123,112.3,88.6,91.4,29.79,29.21,27.2,27.6
90.12,3477,143,35,0,-34.6,3,6291,-1.49,0.19,123,112.3,88.7,91.5,29.79,29.21,27.2,27.6
90.16,3479,143,37,0,-34.2,3,6292,-1.47,0.2,123,112.3,88.7,91.5,29.79,29.21,27.2,27.6
90.2,3480,143,38,0,-34.2,3,6294,-1.45,0.21,123,112.3,88.7,91.5,29.79,29.21,27.2,27.6
90.24,3482,143.1,39,0,-32.6,3,6296,-1.43,0.22,123,112.3,88.8,91.6,29.79,29.21,27.21,27.61
90.28,3483,143.1,40,0,-33,3,6298,-1.41,0.22,123,112.3,88.8,91.6,29.79,29.21,27.21,27.61
90.32,3485,143.2,42,0,-31.7,3,6299,-1.39,0.23,123,112.3,88.8,91.6,29.79,29.21,27.21,27.61
90.36,3486,143.2,43,0,-31.2,3,6301,-1.37,0.24,123,112.3,88.9,91.7,29.79,29.21,27.22,27.62
90.4,3488,143.3,44,0,-30.5,3,6303,-1.35,0.25,123,112.3,88.9,91.7,29.79,29.21,27.22,27.62
90.44,3490,143.3,45,0,-29.5,3,6305,-1.34,0.26,123,112.3,88.9,91.7,29.79,29.21,27.22,27.62
90.48,3491,143.4,47,0,-29.3,3,6307,-1.32,0.26,123,112.3,89,91.8,29.79,29.21,27.22,27.62
90.52,3493,143.4,48,0,-28.8,3,6310,-1.3,0.27,123,112.3,89,91.8,29.79,29.21,27.23,27.63
90.56,3494,143.4,49,0,-28.4,3,6312,-1.28,0.28,123,112.3,89,91.8,29.79,29.21,27.23,27.63
90.6,3496,143.5,50,0,-27.4,3,6314,-1.26,0.29,123,112.3,89.1,91.9,29.79,29.21,27.23,27.63
90.64,3498,143.6,51,0,-27,3,6316,-1.24,0.3,123,112.3,89.1,91.9,29.79,29.21,27.23,27.63
90.68,3499,143.6,53,0,-26.1,3,6319,-1.22,0.31,123,112.3,89.2,92,29.79,29.21,27.24,27.64
90.72,3501,143.7,54,0,-26.2,3,6321,-1.2,0.31,123,112.3,89.2,92,29.79,29.21,27.24,27.64
90.76,3502,143.7,55,0,-24.4,3,6323,-1.18,0.32,123,112.3,89.2,92,29.79,29.21,27.24,27.64
90.8,3504,143.8,56,0,-24,3,6326,-1.16,0.33,123,112.3,89.3,92.1,29.79,29.21,27.24,27.64
90.84,3506,143.8,57,0,-24.2,3,6328,-1.14,0.34,123,112.3,89.3,92.1,29.79,29.21,27.25,27.65
90.88,3507,143.9,59,0,-22.8,3,6331,-1.12,0.35,123,112.3,89.3,92.1,29.79,29.21,27.25,27.65
90.92,3509,143.9,60,0,-22.8,3,6334,-1.1,0.35,123,112.3,89.4,92.2,29.79,29.21,27.25,27.65
90.96,3510,144,61,0,-22.2,3,6336,-1.08,0.36,123,112.3,89.4,92.2,29.79,29.21,27.25,27.65
91,3512,144.1,62,0,-21.5,3,6339,-1.06,0.37,123,112.3,89.4,92.2,29.79,29.21,27.26,27.66
91.04,3514,144.1,63,0,-20.2,3,6342,-1.04,0.38,123,112.3,89.5,92.3,29.79,29.21,27.26,27.66
91.08,3515,144.2,64,0,-20,3,6345,-1.02,0.39,123,112.3,89.5,92.3,29.79,29.21,27.26,27.66
91.12,3517,144.3,66,0,-19.7,3,6348,-1,0.4,123,112.3,89.5,92.3,29.79,29.21,27.27,27.67
91.16,3518,144.3,67,0,-18.7,3,6351,-0.98,0.4,123,112.3,89.6,92.4,29.79,29.21,27.27,27.67
91.2,3520,144.4,68,0,-17.6,3,6354,-0.96,0.41,123,112.3,89.6,92.4,29.79,29.21,27.27,27.67
91.24,3522,144.5,69,0,-18.2,3,6357,-0.94,0.42,123,112.3,89.6,92.4,29.79,29.21,27.27,27.67
91.28,3523,144.5,70,0,-16.3,3,6360,-0.92,0.43,123,112.3,89.7,92.5,29.79,29.21,27.28,27.68
91.32,3525,144.6,71,0,-16.7,3,6363,-0.9,0.44,123,112.3,89.7,92.5,29.79,29.21,27.28,27.68
91.36,3526,144.7,73,0,-15.5,3,6366,-0.88,0.45,123,112.3,89.7,92.5,29.79,29.21,27.28,27.68
91.4,3528,144.8,74,0,-14.7,3,6369,-0.86,0.45,123,112.3,89.8,92.6,29.79,29.21,27.28,27.68
91.44,3530,144.8,75,0,-14.5,3,6373,-0.84,0.46,123,112.3,89.8,92.6,29.79,29.21,27.29,27.69
91.48,3531,144.9,76,0,-13.5,3,6376,-0.82,0.47,123,112.3,89.9,92.7,29.79,29.21,27.29,27.69
91.52,3533,145,77,0,-12.7,3,6380,-0.8,0.48,123,112.3,89.9,92.7,29.79,29.21,27.29,27.69
91.56,3534,145.1,78,0,-12.2,3,6383,-0.78,0.49,123,112.3,89.9,92.7,29.79,29.21,27.29,27.69
91.6,3536,145.1,79,0,-12.1,3,6386,-0.76,0.5,123,112.3,90,92.8,29.79,29.21,27.3,27.7
91.64,3538,145.2,81,0,-11.3,3,6390,-0.74,0.5,123,112.3,90,92.8,29.79,29.21,27.3,27.7
91.68,3539,145.3,82,0,-11.1,3,6394,-0.72,0.51,123,112.3,90,92.8,29.79,29.21,27.3,27.7
91.72,3541,145.4,83,0,-9.7,3,6397,-0.7,0.52,123,112.3,90.1,92.9,29.79,29.21,27.3,27.7
91.76,3543,145.5,84,0,-8.8,3,6401,-0.68,0.53,123,112.3,90.1,92.9,29.79,29.21,27.31,27.71
91.8,3544,145.6,85,0,-8.6,3,6405,-0.66,0.54,123,112.3,90.1,92.9,29.79,29.21,27.31,27.71
91.84,3546,145.6,86,0,-7.7,3,6408,-0.64,0.55,123,112.3,90.2,93,29.79,29.21,27.31,27.71
91.88,3547,145.7,87,0,-7.8,3,6412,-0.62,0.55,123,112.3,90.2,93,29.79,29.21,27.32,27.72
91.92,3549,145.8,88,0,-6.9,3,6416,-0.6,0.56,123,112.3,90.2,93,29.79,29.21,27.32,27.72
91.96,3551,145.9,90,0,-5.6,3,6420,-0.58,0.57,123,112.3,90.3,93.1,29.79,29.21,27.32,27.72
92,3552,146,91,0,-4.8,3,6424,-0.56,0.58,123,112.3,90.3,93.1,29.79,29.21,27.32,27.72
92.04,3554,146.1,92,0,-4.8,3,6428,-0.54,0.59,123,112.3,90.3,93.1,29.79,29.21,27.33,27.73
92.08,3556,146.2,93,0,-3.8,3,6432,-0.52,0.6,123,112.3,90.4,93.2,29.79,29.21,27.33,27.73
92.12,3557,146.3,94,0,-3.7,3,6436,-0.5,0.6,123,112.3,90.4,93.2,29.79,29.21,27.33,27.73
92.16,3559,146.4,95,0,-3.2,3,6440,-0.48,0.61,123,112.3,90.4,93.2,29.79,29.21,27.33,27.73
92.2,3560,146.5,96,0,-2,3,6445,-0.46,0.62,123,112.3,90.5,93.3,29.79,29.21,27.34,27.74
92.24,3562,146.6,97,0,-1.4,3,6449,-0.44,0.63,123,112.3,90.5,93.3,29.79,29.21,27.34,27.74
92.28,3564,146.7,98,0,-1,3,6453,-0.42,0.64,123,112.3,90.6,93.4,29.79,29.21,27.34,27.74
92.32,3565,146.8,100,0,0.2,3,6457,-0.4,0.65,123,112.3,90.6,93.4,29.79,29.21,27.34,27.74
92.36,3567,146.8,100,0,-0.1,3,6460,0.03,0.04,123,112.3,90.6,93.4,29.79,29.21,27.34,27.74
92.4,3569,146.9,100,0,0.2,3,6463,0,0.04,123,112.3,90.6,93.4,29.79,29.2,27.34,27.74
92.44,3570,146.9,100,0,-0.1,3,6465,-0.02,0.04,123,112.2,90.5,93.3,29.78,29.2,27.34,27.74
92.48,3572,147,100,0,-0.5,3,6468,-0.01,0.04,122.9,112.2,90.5,93.3,29.78,29.2,27.34,27.74
92.52,3573,147,100,0,-0.4,3,6470,0,0.04,122.9,112.2,90.5,93.3,29.78,29.2,27.34,27.74
92.56,3575,147.1,100,0,0.2,3,6473,-0.02,0.04,122.9,112.2,90.5,93.3,29.78,29.2,27.34,27.74
92.6,3577,147.2,100,0,-0.3,3,6475,-0.04,0.04,122.9,112.2,90.5,93.3,29.78,29.2,27.34,27.74
92.64,3578,147.2,100,0,0.2,3,6478,-0.03,0.04,122.9,112.2,90.5,93.3,29.78,29.2,27.34,27.74
92.68,3580,147.3,100,0,0.3,3,6480,-0.01,0.04,122.9,112.2,90.5,93.3,29.78,29.2,27.34,27.74
92.72,3582,147.3,100,0,-0.4,3,6483,0.03,0.04,122.9,112.2,90.5,93.3,29.78,29.2,27.33,27.73
92.76,3583,147.4,100,0,-0.4,3,6485,-0.01,0.04,122.9,112.2,90.5,93.3,29.78,29.2,27.33,27.73
92.8,3585,147.5,100,0,-0.3,3,6488,0.01,0.04,122.9,112.1,90.4,93.2,29.78,29.2,27.33,27.73
92.84,3587,147.5,100,0,0.2,3,6490,0,0.04,122.8,112.1,90.4,93.2,29.78,29.19,27.33,27.73
92.88,3588,147.6,100,0,0.1,3,6493,-0.02,0.04,122.8,112.1,90.4,93.2,29.77,29.19,27.33,27.73
92.92,3590,147.6,100,0,0.4,3,6495,0.04,0.04,122.8,112.1,90.4,93.2,29.77,29.19,27.33,27.73
92.96,3591,147.7,100,0,-0.1,3,6498,0.02,0.04,122.8,112.1,90.4,93.2,29.77,29.19,27.33,27.73
93,3593,147.7,100,0,-0.2,3,6501,-0.02,0.04,122.8,112.1,90.4,93.2,29.77,29.19,27.33,27.73
93.04,3595,147.8,100,0,0.4,3,6503,-0.01,0.04,122.8,112.1,90.4,93.2,29.77,29.19,27.33,27.73
93.08,3596,147.9,100,0,0.3,3,6506,-0.01,0.04,122.8,112.1,90.4,93.2,29.77,29.19,27.33,27.73
93.12,3598,147.9,100,0,-0.8,3,6508,0,0.04,122.8,112,90.3,93.1,29.77,29.19,27.33,27.73
93.16,3600,148,100,0,0.3,3,6511,-0.02,0.04,122.7,112,90.3,93.1,29.77,29.19,27.33,27.73
93.2,3601,148,100,0,-0.1,3,6513,-0.03,0.04,122.7,112,90.3,93.1,29.77,29.19,27.32,27.72
93.24,3603,148.1,100,0,0.2,3,6516,-0.02,0.04,122.7,112,90.3,93.1,29.77,29.19,27.32,27.72
93.28,3605,148.1,100,0,0,3,6518,0.01,0.04,122.7,112,90.3,93.1,29.77,29.18,27.32,27.72
93.32,3606,148.2,100,0,0,3,6521,-0.01,0.04,122.7,112,90.3,93.1,29.76,29.18,27.32,27.72
93.36,3608,148.3,100,0,0.2,3,6523,-0.03,0.04,122.7,112,90.3,93.1,29.76,29.18,27.32,27.72
93.4,3610,148.3,100,0,-0.7,3,6526,0.04,0.04,122.7,112,90.3,93.1,29.76,29.18,27.32,27.72
93.44,3611,148.4,100,0,-0.2,3,6528,-0.01,0.04,122.7,111.9,90.2,93,29.76,29.18,27.32,27.72
93.48,3613,148.4,100,0,-0.7,3,6531,0.01,0.04,122.6,111.9,90.2,93,29.76,29.18,27.32,27.72
93.52,3614,148.5,100,0,-0.4,3,6533,-0.01,0.04,122.6,111.9,90.2,93,29.76,29.18,27.32,27.72
93.56,3616,148.5,100,0,0.3,3,6536,-0.01,0.04,122.6,111.9,90.2,93,29.76,29.18,27.32,27.72
93.6,3618,148.6,100,0,0.2,3,6539,-0.02,0.04,122.6,111.9,90.2,93,29.76,29.18,27.32,27.72
93.64,3619,148.7,100,0,-0.6,3,6541,-0.02,0.04,122.6,111.9,90.2,93,29.76,29.18,27.31,27.71
93.68,3621,148.7,100,0,-0.3,3,6544,-0.03,0.04,122.6,111.9,90.2,93,29.76,29.18,27.31,27.71
93.72,3623,148.8,100,0,0.2,3,6546,-0.01,0.04,122.6,111.9,90.2,93,29.76,29.17,27.31,27.71
93.76,3624,148.8,100,0,-0.5,3,6549,0.01,0.04,122.6,111.9,90.2,93,29.75,29.17,27.31,27.71
93.8,3626,148.9,100,0,-1.1,3,6551,0.01,0.04,122.6,111.8,90.1,92.9,29.75,29.17,27.31,27.71
93.84,3628,148.9,100,0,0.6,3,6554,0.02,0.04,122.5,111.8,90.1,92.9,29.75,29.17,27.31,27.71
93.88,3629,149,100,0,-0.4,3,6556,0.02,0.04,122.5,111.8,90.1,92.9,29.75,29.17,27.31,27.71
93.92,3631,149.1,100,0,0.2,3,6559,0.01,0.04,122.5,111.8,90.1,92.9,29.75,29.17,27.31,27.71
93.96,3633,149.1,100,0,0.3,3,6561,-0.02,0.04,122.5,111.8,90.1,92.9,29.75,29.17,27.31,27.71
94,3634,149.2,100,0,-0.1,3,6564,0.01,0.04,122.5,111.8,90.1,92.9,29.75,29.17,27.31,27.71
94.04,3636,149.2,100,0,-0.3,3,6566,-0.01,0.04,122.5,111.8,90.1,92.9,29.75,29.17,27.31,27.71
94.08,3638,149.3,100,0,0.1,3,6569,0,0.04,122.5,111.8,90.1,92.9,29.75,29.17,27.3,27.7
94.12,3639,149.4,100,0,0,3,6572,0.02,0.04,122.5,111.7,90,92.8,29.75,29.17,27.3,27.7
94.16,3641,149.4,100,0,-0.2,3,6574,-0.01,0.04,122.4,111.7,90,92.8,29.75,29.16,27.3,27.7
94.2,3643,149.5,100,0,0.5,3,6577,-0.02,0.04,122.4,111.7,90,92.8,29.74,29.16,27.3,27.7
94.24,3644,149.5,100,0,0.2,3,6579,-0.03,0.04,122.4,111.7,90,92.8,29.74,29.16,27.3,27.7
94.28,3646,149.6,100,0,-0.4,3,6582,0,0.04,122.4,111.7,90,92.8,29.74,29.16,27.3,27.7
94.32,3648,149.6,100,0,0.8,3,6584,-0.03,0.04,122.4,111.7,90,92.8,29.74,29.16,27.3,27.7
94.36,3649,149.7,100,0,0.1,3,6587,-0.01,0.04,122.4,111.7,90,92.8,29.74,29.16,27.3,27.7
94.4,3651,149.8,100,0,0,3,6589,-0.01,0.04,122.4,111.7,90,92.8,29.74,29.16,27.3,27.7
94.44,3653,149.8,100,0,0.1,3,6592,0.01,0.04,122.4,111.6,89.9,92.7,29.74,29.16,27.3,27.7
94.48,3654,149.9,100,0,0,3,6594,0.02,0.04,122.3,111.6,89.9,92.7,29.74,29.16,27.3,27.7
94.52,3656,149.9,100,0,0.2,3,6597,0.02,0.04,122.3,111.6,89.9,92.7,29.74,29.16,27.29,27.69
94.56,3658,150,100,0,0.5,3,6599,0,0.04,122.3,111.6,89.9,92.7,29.74,29.16,27.29,27.69
94.6,3659,150,100,0,0.1,3,6602,0.05,0.04,122.3,111.6,89.9,92.7,29.74,29.16,27.29,27.69
94.64,3661,150.1,100,0,-0.1,3,6604,0,0.04,122.3,111.6,89.9,92.7,29.74,29.15,27.29,27.69
94.68,3663,150.2,100,0,0.1,3,6607,0.01,0.04,122.3,111.6,89.9,92.7,29.73,29.15,27.29,27.69
94.72,3664,150.2,100,0,-0.1,3,6610,0.01,0.04,122.3,111.6,89.9,92.7,29.73,29.15,27.29,27.69
94.76,3666,150.3,100,0,-0.5,3,6612,0.03,0.04,122.3,111.6,89.9,92.7,29.73,29.15,27.29,27.69
94.8,3668,150.3,100,0,0.2,3,6615,-0.01,0.04,122.3,111.5,89.8,92.6,29.73,29.15,27.29,27.69
94.84,3669,150.4,100,0,-0.1,3,6617,-0.02,0.04,122.2,111.5,89.8,92.6,29.73,29.15,27.29,27.69
94.88,3671,150.4,100,0,0.1,3,6620,-0.01,0.04,122.2,111.5,89.8,92.6,29.73,29.15,27.29,27.69
94.92,3673,150.5,100,0,0.7,3,6622,-0.04,0.04,122.2,111.5,89.8,92.6,29.73,29.15,27.29,27.69
94.96,3674,150.6,100,0,-0.3,3,6625,-0.01,0.04,122.2,111.5,89.8,92.6,29.73,29.15,27.28,27.68
95,3676,150.6,100,0,-0.6,3,6627,-0.02,0.04,122.2,111.5,89.8,92.6,29.73,29.15,27.28,27.68
95.04,3678,150.7,100,0,-0.1,3,6630,0.04,0.04,122.2,111.5,89.8,92.6,29.73,29.15,27.28,27.68
95.08,3679,150.7,100,0,0.5,3,6632,0.02,0.04,122.2,111.5,89.8,92.6,29.73,29.14,27.28,27.68
95.12,3681,150.8,100,0,0.5,3,6635,-0.02,0.04,122.2,111.4,89.7,92.5,29.72,29.14,27.28,27.68
95.16,3683,150.8,100,0,1,3,6637,-0.03,0.04,122.1,111.4,89.7,92.5,29.72,29.14,27.28,27.68
95.2,3684,150.9,100,0,0,3,6640,0,0.04,122.1,111.4,89.7,92.5,29.72,29.14,27.28,27.68
95.24,3686,151,100,0,-0.3,3,6642,-0.03,0.04,122.1,111.4,89.7,92.5,29.72,29.14,27.28,27.68
95.28,3688,151,100,0,-0.2,3,6645,-0.03,0.04,122.1,111.4,89.7,92.5,29.72,29.14,27.28,27.68
95.32,3689,151.1,100,0,-0.4,3,6648,-0.01,0.04,122.1,111.4,89.7,92.5,29.72,29.14,27.28,27.68
95.36,3691,151.1,100,0,-0.4,3,6650,-0.01,0.04,122.1,111.4,89.7,92.5,29.72,29.14,27.28,27.68
95.4,3693,151.2,100,0,0.4,3,6653,0,0.04,122.1,111.4,89.7,92.5,29.72,29.14,27.27,27.67
95.44,3694,151.3,100,0,0.2,3,6655,0.01,0.04,122.1,111.3,89.6,92.4,29.72,29.14,27.27,27.67
95.48,3696,151.3,100,0,-0.2,3,6658,0,0.04,122,111.3,89.6,92.4,29.72,29.14,27.27,27.67
95.52,3698,151.4,100,0,0,3,6660,-0.02,0.04,122,111.3,89.6,92.4,29.72,29.13,27.27,27.67
95.56,3699,151.4,100,0,-0.8,3,6663,-0.02,0.04,122,111.3,89.6,92.4,29.71,29.13,27.27,27.67
95.6,3701,151.5,100,0,0.1,3,6665,-0.02,0.04,122,111.3,89.6,92.4,29.71,29.13,27.27,27.67
95.64,3703,151.5,100,0,0,3,6668,0,0.04,122,111.3,89.6,92.4,29.71,29.13,27.27,27.67
95.68,3704,151.6,100,0,-0.3,3,6670,0,0.04,122,111.3,89.6,92.4,29.71,29.13,27.27,27.67
95.72,3706,151.7,100,0,-0.1,3,6673,0,0.04,122,111.3,89.6,92.4,29.71,29.13,27.27,27.67
95.76,3708,151.7,100,0,-0.3,3,6675,0.01,0.04,122,111.3,89.6,92.4,29.71,29.13,27.27,27.67
95.8,3710,151.8,100,0,-0.9,3,6678,-0.02,0.04,122,111.2,89.5,92.3,29.71,29.13,27.27,27.67
95.84,3711,151.8,100,0,0.1,3,6680,0.02,0.04,121.9,111.2,89.5,92.3,29.71,29.13,27.26,27.66
95.88,3713,151.9,100,0,-0.3,3,6683,-0.01,0.04,121.9,111.2,89.5,92.3,29.71,29.13,27.26,27.66
95.92,3715,151.9,100,0,-0.1,3,6686,0.02,0.04,121.9,111.2,89.5,92.3,29.71,29.13,27.26,27.66
95.96,3716,152,100,0,-0.4,3,6688,-0.02,0.04,121.9,111.2,89.5,92.3,29.71,29.12,27.26,27.66
96,3718,152.1,100,0,0.3,3,6691,0.01,0.04,121.9,111.2,89.5,92.3,29.7,29.12,27.26,27.66
96.04,3720,152.1,100,0,-0.3,3,6693,-0.03,0.04,121.9,111.2,89.5,92.3,29.7,29.12,27.26,27.66
96.08,3721,152.2,100,0,0.4,3,6696,0.05,0.04,121.9,111.2,89.5,92.3,29.7,29.12,27.26,27.66
96.12,3723,152.2,100,0,0.7,3,6698,-0.02,0.04,121.9,111.1,89.4,92.2,29.7,29.12,27.26,27.66
96.16,3725,152.3,100,0,0.1,3,6701,0.01,0.04,121.8,111.1,89.4,92.2,29.7,29.12,27.26,27.66
96.2,3726,152.3,100,0,-0.5,3,6703,-0.01,0.04,121.8,111.1,89.4,92.2,29.7,29.12,27.26,27.66
96.24,3728,152.4,100,0,-0.3,3,6706,0,0.04,121.8,111.1,89.4,92.2,29.7,29.12,27.26,27.66
96.28,3730,152.5,100,0,-0.6,3,6708,0.03,0.04,121.8,111.1,89.4,92.2,29.7,29.12,27.25,27.65
96.32,3732,152.5,100,0,0.3,3,6711,0.04,0.04,121.8,111.1,89.4,92.2,29.7,29.12,27.25,27.65
96.36,3733,152.6,100,0,-0.5,3,6713,-0.01,0.04,121.8,111.1,89.4,92.2,29.7,29.12,27.25,27.65
96.4,3735,152.6,100,0,0,3,6716,-0.01,0.04,121.8,111.1,89.4,92.2,29.7,29.11,27.25,27.65
96.44,3737,152.7,100,0,0.4,3,6718,-0.01,0.04,121.8,111,89.3,92.1,29.69,29.11,27.25,27.65
96.48,3738,152.8,100,0,-0.5,3,6721,-0.01,0.04,121.7,111,89.3,92.1,29.69,29.11,27.25,27.65
96.52,3740,152.8,100,0,-0.4,3,6724,-0.02,0.04,121.7,111,89.3,92.1,29.69,29.11,27.25,27.65
96.56,3742,152.9,100,0,-0.5,3,6726,-0.03,0.04,121.7,111,89.3,92.1,29.69,29.11,27.25,27.65
96.6,3743,152.9,100,0,-0.4,3,6729,-0.01,0.04,121.7,111,89.3,92.1,29.69,29.11,27.25,27.65
96.64,3745,153,100,0,-0.4,3,6731,-0.02,0.04,121.7,111,89.3,92.1,29.69,29.11,27.25,27.65
96.68,3747,153,100,0,-0.3,3,6734,0.02,0.04,121.7,111,89.3,92.1,29.69,29.11,27.25,27.65
96.72,3748,153.1,100,0,0.1,3,6736,-0.03,0.04,121.7,111,89.3,92.1,29.69,29.11,27.24,27.64
96.76,3750,153.2,100,0,0.7,3,6739,-0.01,0.04,121.7,111,89.3,92.1,29.69,29.11,27.24,27.64
96.8,3752,153.2,100,0,0.3,3,6741,0.01,0.04,121.7,110.9,89.2,92,29.69,29.11,27.24,27.64
96.84,3754,153.3,100,0,-0.7,3,6744,-0.02,0.04,121.6,110.9,89.2,92,29.69,29.1,27.24,27.64
96.88,3755,153.3,100,0,-0.3,3,6746,-0.01,0.04,121.6,110.9,89.2,92,29.68,29.1,27.24,27.64
96.92,3757,153.4,100,0,-0.8,3,6749,0.02,0.04,121.6,110.9,89.2,92,29.68,29.1,27.24,27.64
96.96,3759,153.4,100,0,0,3,6751,-0.01,0.04,121.6,110.9,89.2,92,29.68,29.1,27.24,27.64
97,3760,153.5,100,0,-0.1,3,6754,-0.01,0.04,121.6,110.9,89.2,92,29.68,29.1,27.24,27.64
97.04,3762,153.6,100,0,-0.3,3,6757,0.01,0.04,121.6,110.9,89.2,92,29.68,29.1,27.24,27.64
97.08,3764,153.6,100,0,0.2,3,6759,0.01,0.04,121.6,110.9,89.2,92,29.68,29.1,27.24,27.64
97.12,3766,153.7,100,0,0.3,3,6762,0.02,0.04,121.6,110.8,89.1,91.9,29.68,29.1,27.24,27.64
97.16,3767,153.7,100,0,-0.1,3,6764,-0.03,0.04,121.5,110.8,89.1,91.9,29.68,29.1,27.24,27.64
97.2,3769,153.8,100,0,0.3,3,6767,0.03,0.04,121.5,110.8,89.1,91.9,29.68,29.1,27.23,27.63
97.24,3771,153.8,100,0,-0.6,3,6769,0.01,0.04,121.5,110.8,89.1,91.9,29.68,29.1,27.23,27.63
97.28,3772,153.9,100,0,0,3,6772,0.02,0.04,121.5,110.8,89.1,91.9,29.68,29.09,27.23,27.63
97.32,3774,154,100,0,0,3,6774,-0.01,0.04,121.5,110.8,89.1,91.9,29.67,29.09,27.23,27.63
97.36,3776,154,100,0,-0.2,3,6777,0.02,0.04,121.5,110.8,89.1,91.9,29.67,29.09,27.23,27.63
97.4,3777,154.1,100,0,-0.6,3,6779,-0.03,0.04,121.5,110.8,89.1,91.9,29.67,29.09,27.23,27.63
97.44,3779,154.1,100,0,0.1,3,6782,0.01,0.04,121.5,110.7,89,91.8,29.67,29.09,27.23,27.63
97.48,3781,154.2,100,0,0.1,3,6784,0,0.04,121.4,110.7,89,91.8,29.67,29.09,27.23,27.63
97.52,3783,154.2,100,0,-0.4,3,6787,0.02,0.04,121.4,110.7,89,91.8,29.67,29.09,27.23,27.63
97.56,3784,154.3,100,0,-0.3,3,6789,-0.03,0.04,121.4,110.7,89,91.8,29.67,29.09,27.23,27.63
97.6,3786,154.4,100,0,-0.3,3,6792,-0.01,0.04,121.4,110.7,89,91.8,29.67,29.09,27.23,27.63
97.64,3788,154.4,100,0,0,3,6795,-0.05,0.04,121.4,110.7,89,91.8,29.67,29.09,27.22,27.62
97.68,3789,154.5,100,0,-0.6,3,6797,-0.02,0.04,121.4,110.7,89,91.8,29.67,29.09,27.22,27.62
97.72,3791,154.5,100,0,-0.9,3,6800,0,0.04,121.4,110.7,89,91.8,29.67,29.08,27.22,27.62
97.76,3793,154.6,100,0,-0.1,3,6802,-0.01,0.04,121.4,110.7,89,91.8,29.66,29.08,27.22,27.62
97.8,3795,154.7,100,0,0.6,3,6805,0.04,0.04,121.4,110.6,88.9,91.7,29.66,29.08,27.22,27.62
97.84,3796,154.7,100,0,-0.1,3,6807,-0.05,0.04,121.3,110.6,88.9,91.7,29.66,29.08,27.22,27.62
97.88,3798,154.8,100,0,-0.5,3,6810,0,0.04,121.3,110.6,88.9,91.7,29.66,29.08,27.22,27.62
97.92,3800,154.8,100,0,0,3,6812,0.02,0.04,121.3,110.6,88.9,91.7,29.66,29.08,27.22,27.62
97.96,3802,154.9,100,0,-0.4,3,6815,0.02,0.04,121.3,110.6,88.9,91.7,29.66,29.08,27.22,27.62
98,3803,154.9,100,0,-0.1,3,6817,0.02,0.04,121.3,110.6,88.9,91.7,29.66,29.08,27.22,27.62
98.04,3805,155,100,0,0.1,3,6820,-0.03,0.04,121.3,110.6,88.9,91.7,29.66,29.08,27.22,27.62
98.08,3807,155.1,100,0,-0.2,3,6822,0,0.04,121.3,110.6,88.9,91.7,29.66,29.08,27.21,27.61
98.12,3808,155.1,100,0,0.7,3,6825,-0.02,0.04,121.3,110.5,88.8,91.6,29.66,29.08,27.21,27.61
98.16,3810,155.2,100,0,0,3,6827,0.01,0.04,121.2,110.5,88.8,91.6,29.66,29.07,27.21,27.61
98.2,3812,155.2,100,0,0,3,6830,0.03,0.04,121.2,110.5,88.8,91.6,29.65,29.07,27.21,27.61
98.24,3814,155.3,100,0,0.3,3,6833,0.03,0.04,121.2,110.5,88.8,91.6,29.65,29.07,27.21,27.61
98.28,3815,155.3,100,0,-0.1,3,6835,0.01,0.04,121.2,110.5,88.8,91.6,29.65,29.07,27.21,27.61
98.32,3817,155.4,100,0,0.1,3,6838,0,0.04,121.2,110.5,88.8,91.6,29.65,29.07,27.21,27.61
98.36,3819,155.5,100,0,0,3,6840,0,0.04,121.2,110.5,88.8,91.6,29.65,29.07,27.21,27.61
98.4,3820,155.5,100,0,0.5,3,6843,-0.02,0.04,121.2,110.5,88.8,91.6,29.65,29.07,27.21,27.61
98.44,3822,155.6,100,0,-0.5,3,6845,0,0.04,121.2,110.4,88.7,91.5,29.65,29.07,27.21,27.61
98.48,3824,155.6,100,0,-0.2,3,6848,0.04,0.04,121.1,110.4,88.7,91.5,29.65,29.07,27.21,27.61
98.52,3826,155.7,100,0,0,3,6850,-0.02,0.04,121.1,110.4,88.7,91.5,29.65,29.07,27.2,27.6
98.56,3827,155.7,100,0,-0.3,3,6853,0.02,0.04,121.1,110.4,88.7,91.5,29.65,29.07,27.2,27.6
98.6,3829,155.8,100,0,-0.4,3,6855,0.05,0.04,121.1,110.4,88.7,91.5,29.65,29.07,27.2,27.6
98.64,3831,155.9,100,0,-0.9,3,6858,0.01,0.04,121.1,110.4,88.7,91.5,29.65,29.06,27.2,27.6
98.68,3833,155.9,100,0,0.5,3,6860,-0.02,0.04,121.1,110.4,88.7,91.5,29.64,29.06,27.2,27.6
98.72,3834,156,100,0,0.5,3,6863,-0.01,0.04,121.1,110.4,88.7,91.5,29.64,29.06,27.2,27.6
98.76,3836,156,100,0,-0.9,3,6865,0.02,0.04,121.1,110.4,88.7,91.5,29.64,29.06,27.2,27.6
98.8,3838,156.1,100,0,0.3,3,6868,-0.01,0.04,121.1,110.3,88.6,91.4,29.64,29.06,27.2,27.6
98.84,3840,156.1,100,0,-0.4,3,6871,-0.03,0.04,121,110.3,88.6,91.4,29.64,29.06,27.2,27.6
98.88,3841,156.2,100,0,0,3,6873,0.02,0.04,121,110.3,88.6,91.4,29.64,29.06,27.2,27.6
98.92,3843,156.3,100,0,-0.4,3,6876,0.01,0.04,121,110.3,88.6,91.4,29.64,29.06,27.2,27.6
98.96,3845,156.3,100,0,0.3,3,6878,-0.01,0.04,121,110.3,88.6,91.4,29.64,29.06,27.19,27.59
99,3846,156.4,100,0,-0.5,3,6881,0.01,0.04,121,110.3,88.6,91.4,29.64,29.06,27.19,27.59
99.04,3848,156.4,100,0,-0.6,3,6883,0.02,0.04,121,110.3,88.6,91.4,29.64,29.06,27.19,27.59
99.08,3850,156.5,100,0,0.1,3,6886,0,0.04,121,110.3,88.6,91.4,29.64,29.05,27.19,27.59
99.12,3852,156.6,100,0,-0.1,3,6888,0.04,0.04,121,110.2,88.5,91.3,29.63,29.05,27.19,27.59
99.16,3853,156.6,100,0,0.3,3,6891,0,0.04,120.9,110.2,88.5,91.3,29.63,29.05,27.19,27.59
99.2,3855,156.7,100,0,-0.5,3,6893,-0.01,0.04,120.9,110.2,88.5,91.3,29.63,29.05,27.19,27.59
99.24,3857,156.7,100,0,0.2,3,6896,-0.02,0.04,120.9,110.2,88.5,91.3,29.63,29.05,27.19,27.59
99.28,3859,156.8,100,0,0.4,3,6898,0,0.04,120.9,110.2,88.5,91.3,29.63,29.05,27.19,27.59
99.32,3860,156.8,100,0,0.4,3,6901,-0.01,0.04,120.9,110.2,88.5,91.3,29.63,29.05,27.19,27.59
99.36,3862,156.9,100,0,-0.1,3,6904,0,0.04,120.9,110.2,88.5,91.3,29.63,29.05,27.19,27.59
99.4,3864,157,100,0,0,3,6906,0.02,0.04,120.9,110.2,88.5,91.3,29.63,29.05,27.18,27.58
99.44,3866,157,100,0,-0.8,3,6909,0.03,0.04,120.9,110.1,88.4,91.2,29.63,29.05,27.18,27.58
99.48,3867,157.1,100,0,0.2,3,6911,0,0.04,120.8,110.1,88.4,91.2,29.63,29.05,27.18,27.58
99.52,3869,157.1,100,0,-0.8,3,6914,0,0.04,120.8,110.1,88.4,91.2,29.63,29.04,27.18,27.58
99.56,3871,157.2,100,0,-0.2,3,6916,-0.03,0.04,120.8,110.1,88.4,91.2,29.62,29.04,27.18,27.58
99.6,3873,157.2,100,0,-0.3,3,6919,0.02,0.04,120.8,110.1,88.4,91.2,29.62,29.04,27.18,27.58
99.64,3874,157.3,100,0,0,3,6921,-0.01,0.04,120.8,110.1,88.4,91.2,29.62,29.04,27.18,27.58
99.68,3876,157.4,100,0,0.7,3,6924,-0.02,0.04,120.8,110.1,88.4,91.2,29.62,29.04,27.18,27.58
99.72,3878,157.4,100,0,0.6,3,6926,-0.01,0.04,120.8,110.1,88.4,91.2,29.62,29.04,27.18,27.58
99.76,3880,157.5,100,0,0,3,6929,-0.02,0.04,120.8,110.1,88.4,91.2,29.62,29.04,27.18,27.58
99.8,3881,157.5,100,0,0.4,3,6931,-0.02,0.04,120.8,110,88.3,91.1,29.62,29.04,27.18,27.58
99.84,3883,157.6,100,0,0,3,6934,0,0.04,120.7,110,88.3,91.1,29.62,29.04,27.17,27.57
99.88,3885,157.6,100,0,-0.3,3,6936,-0.02,0.04,120.7,110,88.3,91.1,29.62,29.04,27.17,27.57
99.92,3887,157.7,100,0,-0.4,3,6939,0.03,0.04,120.7,110,88.3,91.1,29.62,29.04,27.17,27.57
99.96,3888,157.8,100,0,0.2,3,6942,-0.01,0.04,120.7,110,88.3,91.1,29.62,29.03,27.17,27.57
100,3890,157.8,100,0,0.2,3,6944,0,0.04,120.7,110,88.3,91.1,29.61,29.03,27.17,27.57
100.04,3892,157.9,100,0,-0.1,3,6947,0.02,0.04,120.7,110,88.3,91.1,29.61,29.03,27.17,27.57
100.08,3894,157.9,100,0,0.2,3,6949,0.04,0.04,120.7,110,88.3,91.1,29.61,29.03,27.17,27.57
100.12,3895,158,100,0,0,3,6952,0.03,0.04,120.7,109.9,88.2,91,29.61,29.03,27.17,27.57
100.16,3897,158,100,0,-0.4,3,6954,0.01,0.04,120.6,109.9,88.2,91,29.61,29.03,27.17,27.57
100.2,3899,158.1,100,0,-0.1,3,6957,-0.01,0.04,120.6,109.9,88.2,91,29.61,29.03,27.17,27.57
100.24,3901,158.2,100,0,-0.3,3,6959,0,0.04,120.6,109.9,88.2,91,29.61,29.03,27.17,27.57
100.28,3902,158.2,100,0,-0.2,3,6962,0.02,0.04,120.6,109.9,88.2,91,29.61,29.03,27.16,27.56
100.32,3904,158.3,100,0,-0.1,3,6964,-0.02,0.04,120.6,109.9,88.2,91,29.61,29.03,27.16,27.56
100.36,3906,158.3,100,0,0.1,3,6967,-0.02,0.04,120.6,109.9,88.2,91,29.61,29.03,27.16,27.56
100.4,3908,158.4,100,0,-0.1,3,6969,-0.01,0.04,120.6,109.9,88.2,91,29.61,29.02,27.16,27.56
100.44,3909,158.5,100,0,-0.2,3,6972,0,0.04,120.6,109.8,88.1,90.9,29.6,29.02,27.16,27.56
100.48,3911,158.5,100,0,0.3,3,6974,-0.02,0.04,120.5,109.8,88.1,90.9,29.6,29.02,27.16,27.56
100.52,3913,158.6,100,0,-0.4,3,6977,0.01,0.04,120.5,109.8,88.1,90.9,29.6,29.02,27.16,27.56
100.56,3915,158.6,100,0,-0.1,3,6980,-0.03,0.04,120.5,109.8,88.1,90.9,29.6,29.02,27.16,27.56
100.6,3916,158.7,100,0,-0.5,3,6982,-0.02,0.04,120.5,109.8,88.1,90.9,29.6,29.02,27.16,27.56
100.64,3918,158.7,100,0,-0.2,3,6985,0.02,0.04,120.5,109.8,88.1,90.9,29.6,29.02,27.16,27.56
100.68,3920,158.8,100,0,0.1,3,6987,-0.03,0.04,120.5,109.8,88.1,90.9,29.6,29.02,27.16,27.56
100.72,3922,158.9,100,0,-0.3,3,6990,0.03,0.04,120.5,109.8,88.1,90.9,29.6,29.02,27.15,27.55
100.76,3924,158.9,100,0,0.3,3,6992,0.02,0.04,120.5,109.8,88.1,90.9,29.6,29.02,27.15,27.55
100.8,3925,159,100,0,0,3,6995,0.01,0.04,120.5,109.7,88,90.8,29.6,29.02,27.15,27.55
100.84,3927,159,100,0,-0.1,3,6997,-0.01,0.04,120.4,109.7,88,90.8,29.6,29.01,27.15,27.55
100.88,3929,159.1,100,0,0.4,3,7000,0.01,0.04,120.4,109.7,88,90.8,29.59,29.01,27.15,27.55
100.92,3931,159.1,100,0,-0.3,3,7002,0.03,0.04,120.4,109.7,88,90.8,29.59,29.01,27.15,27.55
100.96,3932,159.2,100,0,-0.1,3,7005,-0.03,0.04,120.4,109.7,88,90.8,29.59,29.01,27.15,27.55
101,3934,159.3,100,0,0.3,3,7007,0,0.04,120.4,109.7,88,90.8,29.59,29.01,27.15,27.55
101.04,3936,159.3,100,0,0.5,3,7010,0.03,0.04,120.4,109.7,88,90.8,29.59,29.01,27.15,27.55
101.08,3938,159.4,100,0,1,3,7012,-0.03,0.04,120.4,109.7,88,90.8,29.59,29.01,27.15,27.55
101.12,3939,159.4,100,0,0.3,3,7015,0.03,0.04,120.4,109.6,87.9,90.7,29.59,29.01,27.15,27.55
101.16,3941,159.5,100,0,-0.3,3,7018,0.02,0.04,120.3,109.6,87.9,90.7,29.59,29.01,27.15,27.55
101.2,3943,192.5,0,1,-0.2,4,6930,0,-1.85,120.4,109.8,87.9,90.7,29.59,29.02,27.15,27.55
101.24,3945,192.5,0,4,-0.2,4,6930,0,-1.85,120.4,109.9,87.9,90.7,29.59,29.03,27.15,27.55
101.28,3947,192.5,0,7,-0.7,4,6930,0,-1.85,120.5,110,87.9,90.7,29.6,29.03,27.15,27.55
101.32,3949,192.5,0,10,-0.5,4,6930,0,-1.85,120.5,110.1,87.9,90.7,29.6,29.04,27.15,27.55
101.36,3952,192.5,0,12,-2.2,4,6930,0,-1.85,120.5,110.2,87.9,90.7,29.6,29.05,27.15,27.55
101.4,3954,192.5,0,15,0.1,4,6930,0,-1.85,120.6,110.4,87.9,90.7,29.61,29.06,27.15,27.55
101.44,3956,192.5,0,18,-1.9,4,6930,0,-1.85,120.6,110.5,87.9,90.7,29.61,29.07,27.15,27.55
101.48,3958,192.5,0,21,0.2,4,6930,0,-1.85,120.7,110.6,87.9,90.7,29.61,29.08,27.15,27.55
101.52,3960,192.5,0,24,0.5,4,6930,0,-1.85,120.7,110.7,87.9,90.7,29.62,29.09,27.15,27.55
101.56,3962,192.5,0,27,-0.2,4,6930,0,-1.85,120.7,110.8,87.9,90.7,29.62,29.1,27.15,27.55
101.6,3964,192.5,0,29,-0.8,4,6930,0,-1.85,120.8,111,87.9,90.7,29.62,29.11,27.15,27.55
101.64,3967,192.5,0,32,0,4,6930,0,-1.85,120.8,111.1,87.9,90.7,29.62,29.12,27.15,27.55
101.68,3969,192.5,0,35,-0.3,4,6930,0,-1.85,120.9,111.2,87.9,90.7,29.63,29.12,27.15,27.55
101.72,3971,192.5,0,35,-0.2,4,6930,0,-1.85,120.9,111.3,87.9,90.7,29.63,29.13,27.15,27.55
101.76,3973,192.5,0,35,0.4,4,6930,0,-1.85,120.9,111.4,87.9,90.7,29.63,29.14,27.15,27.55
101.8,3975,192.5,0,35,0.1,4,6930,0,-1.85,121,111.6,87.9,90.7,29.64,29.15,27.15,27.55
101.84,3977,192.5,0,35,0.8,4,6930,0,-1.85,121,111.7,87.9,90.7,29.64,29.16,27.15,27.55
101.88,3979,192.5,0,35,1.7,4,6930,0,-1.85,121.1,111.8,87.9,90.7,29.64,29.17,27.15,27.55
101.92,3981,192.5,0,35,-0.5,4,6930,0,-1.85,121.1,111.9,87.9,90.7,29.65,29.18,27.15,27.55
101.96,3984,192.5,0,35,-0.9,4,6930,0,-1.85,121.1,112,87.9,90.7,29.65,29.19,27.15,27.55
102,3986,192.5,0,35,1.3,4,6930,0,-1.85,121.2,112.2,87.9,90.7,29.65,29.2,27.15,27.55
102.04,3988,192.5,0,35,0.5,4,6930,0,-1.85,121.2,112.3,87.9,90.7,29.65,29.21,27.15,27.55
102.08,3990,192.5,0,35,0.4,4,6930,0,-1.85,121.3,112.4,87.9,90.7,29.66,29.21,27.15,27.55
102.12,3992,192.5,0,35,0.7,4,6930,0,-1.85,121.3,112.5,87.9,90.7,29.66,29.22,27.15,27.55
102.16,3994,192.5,0,35,-0.3,4,6930,0,-1.85,121.3,112.6,87.9,90.7,29.66,29.23,27.15,27.55
102.2,3996,192.5,0,35,-2,4,6930,0,-1.85,121.4,112.8,87.9,90.7,29.67,29.24,27.15,27.55
102.24,3999,192.5,0,35,0.2,4,6930,0,-1.85,121.4,112.9,87.9,90.7,29.67,29.25,27.15,27.55
102.28,4001,192.5,0,35,-0.5,4,6930,0,-1.85,121.5,113,87.9,90.7,29.67,29.26,27.15,27.55
102.32,4003,192.5,0,35,0.5,4,6930,0,-1.85,121.5,113.1,87.9,90.7,29.68,29.27,27.15,27.55
102.36,4005,192.5,0,35,-0.5,4,6930,0,-1.85,121.5,113.2,87.9,90.7,29.68,29.28,27.15,27.55
102.4,4007,192.5,0,35,-0.3,4,6930,0,-1.85,121.6,113.4,87.9,90.7,29.68,29.29,27.15,27.55
102.44,4009,192.5,0,35,-0.1,4,6930,0,-1.85,121.6,113.5,87.9,90.7,29.68,29.3,27.15,27.55
102.48,4011,192.5,0,35,0.7,4,6930,0,-1.85,121.7,113.6,87.9,90.7,29.69,29.3,27.15,27.55
102.52,4014,192.5,0,35,-0.9,4,6930,0,-1.85,121.7,113.7,87.9,90.7,29.69,29.31,27.15,27.55
102.56,4016,192.5,0,35,0.2,4,6930,0,-1.85,121.7,113.8,87.9,90.7,29.69,29.32,27.15,27.55
102.6,4018,192.5,0,35,0,4,6930,0,-1.85,121.8,114,87.9,90.7,29.7,29.33,27.15,27.55
102.64,4020,192.5,0,35,0.9,4,6930,0,-1.85,121.8,114.1,87.9,90.7,29.7,29.34,27.15,27.55
102.68,4022,192.5,0,35,0.3,4,6930,0,-1.4,121.9,114.2,87.9,90.7,29.7,29.35,27.15,27.55
102.72,4024,192.5,0,34,-2,4,6930,-0.05,-1.37,121.9,114.3,87.9,90.7,29.71,29.36,27.15,27.55
102.76,4026,192.5,0,33,-3.9,4,6930,-0.09,-1.34,121.9,114.4,87.9,90.7,29.71,29.37,27.15,27.55
102.8,4029,192.5,0,32,-4.7,4,6930,-0.14,-1.31,122,114.6,87.9,90.7,29.71,29.38,27.15,27.55
102.84,4031,192.5,0,31,-6.3,4,6930,-0.18,-1.28,122,114.7,87.9,90.7,29.71,29.39,27.15,27.55
102.88,4033,192.5,0,30,-8.4,4,6930,-0.23,-1.25,122.1,114.8,87.9,90.7,29.72,29.39,27.15,27.55
102.92,4035,192.5,0,29,-9.1,4,6930,-0.28,-1.22,122.1,114.9,87.9,90.7,29.72,29.4,27.15,27.55
102.96,4037,192.5,0,28,-10.6,4,6930,-0.32,-1.19,122.1,115,87.9,90.7,29.72,29.41,27.15,27.55
103,4039,192.5,0,27,-12.6,4,6930,-0.37,-1.16,122.2,115.2,87.9,90.7,29.73,29.42,27.15,27.55
103.04,4041,192.5,0,26,-13.5,4,6930,-0.41,-1.12,122.2,115.3,87.9,90.7,29.73,29.43,27.15,27.55
103.08,4044,192.5,0,25,-15.2,4,6930,-0.46,-1.09,122.3,115.4,87.9,90.7,29.73,29.44,27.15,27.55
103.12,4046,192.5,0,24,-16.5,4,6930,-0.5,-1.06,122.3,115.5,87.9,90.7,29.74,29.45,27.15,27.55
103.16,4048,192.5,0,23,-18.2,4,6930,-0.55,-1.03,122.3,115.6,87.9,90.7,29.74,29.46,27.15,27.55
103.2,4050,192.5,0,22,-18.8,4,6930,-0.6,-1,122.4,115.8,87.9,90.7,29.74,29.47,27.15,27.55
103.24,4052,192.5,0,21,-20.6,4,6930,-0.64,-0.97,122.4,115.9,87.9,90.7,29.74,29.48,27.15,27.55
103.28,4054,192.5,0,20,-22.4,4,6930,-0.69,-0.94,122.5,116,87.9,90.7,29.75,29.48,27.15,27.55
103.32,4056,192.5,0,19,-23.4,4,6930,-0.73,-0.91,122.5,116.1,87.9,90.7,29.75,29.49,27.15,27.55
103.36,4058,192.5,0,18,-24.9,4,6930,-0.78,-0.88,122.5,116.2,87.9,90.7,29.75,29.5,27.15,27.55
103.4,4061,192.5,0,17,-26.2,4,6930,-0.83,-0.85,122.6,116.4,87.9,90.7,29.76,29.51,27.15,27.55
103.44,4063,192.5,0,17,-26.8,4,6930,-0.87,-0.82,122.6,116.5,87.9,90.7,29.76,29.52,27.15,27.55
103.48,4065,192.5,0,16,-27.9,4,6930,-0.92,-0.79,122.7,116.6,87.9,90.7,29.76,29.53,27.15,27.55
103.52,4067,192.5,0,15,-29.6,4,6930,-0.96,-0.76,122.7,116.7,87.9,90.7,29.77,29.54,27.15,27.55
103.56,4069,192.5,0,14,-31,4,6930,-1.01,-0.73,122.7,116.8,87.9,90.7,29.77,29.55,27.15,27.55
103.6,4071,192.5,0,13,-31.6,4,6930,-1.06,-0.7,122.8,117,87.9,90.7,29.77,29.56,27.15,27.55
103.64,4073,192.5,0,12,-32.9,4,6930,-1.1,-0.67,122.8,117.1,87.9,90.7,29.77,29.57,27.15,27.55
103.68,4076,192.5,0,12,-34.8,4,6930,-1.15,-0.64,122.9,117.2,87.9,90.7,29.78,29.57,27.15,27.55
103.72,4078,192.5,0,11,-35.5,4,6930,-1.19,-0.6,122.9,117.3,87.9,90.7,29.78,29.58,27.15,27.55
103.76,4080,192.5,0,10,-36,4,6930,-1.24,-0.57,122.9,117.4,87.9,90.7,29.78,29.59,27.15,27.55
103.8,4082,192.5,0,9,-36.8,4,6930,-1.28,-0.54,123,117.6,87.9,90.7,29.79,29.6,27.15,27.55
103.84,4084,192.5,0,9,-38,4,6930,-1.33,-0.51,123,117.7,87.9,90.7,29.79,29.61,27.15,27.55
103.88,4086,192.5,0,8,-38.5,4,6930,-1.38,-0.48,123.1,117.8,87.9,90.7,29.79,29.62,27.15,27.55
103.92,4088,192.5,0,7,-38.7,4,6930,-1.42,-0.45,123.1,117.9,87.9,90.7,29.8,29.63,27.15,27.55
103.96,4091,192.5,0,7,-40.4,4,6930,-1.47,-0.42,123.1,118,87.9,90.7,29.8,29.64,27.15,27.55
104,4093,192.5,0,6,-40.4,4,6930,-1.51,-0.39,123.2,118.2,87.9,90.7,29.8,29.65,27.15,27.55
104.04,4095,192.5,0,5,-41.5,4,6930,-1.56,-0.36,123.2,118.3,87.9,90.7,29.8,29.66,27.15,27.55
104.08,4097,192.5,0,5,-42.1,4,6930,-1.61,-0.33,123.3,118.4,87.9,90.7,29.81,29.66,27.15,27.55
104.12,4099,192.5,0,4,-42.8,4,6930,-1.65,-0.3,123.3,118.5,87.9,90.7,29.81,29.67,27.15,27.55
104.16,4101,192.5,0,3,-42.5,4,6930,-1.7,-0.27,123.3,118.6,87.9,90.7,29.81,29.68,27.15,27.55
104.2,4103,192.5,0,3,-42.7,4,6930,-1.74,-0.24,123.4,118.8,87.9,90.7,29.82,29.69,27.15,27.55
104.24,4106,192.5,0,2,-43.9,4,6930,-1.79,-0.21,123.4,118.9,87.9,90.7,29.82,29.7,27.15,27.55
104.28,4108,192.5,0,2,-43.2,4,6930,-1.84,-0.18,123.5,119,87.9,90.7,29.82,29.71,27.15,27.55
104.32,4110,192.5,0,1,-44.4,4,6930,-1.88,-0.15,123.5,119.1,87.9,90.7,29.83,29.72,27.15,27.55
104.36,4112,192.5,0,1,-43.8,4,6930,-1.93,-0.12,123.5,119.2,87.9,90.7,29.83,29.73,27.15,27.55
104.4,4114,192.5,0,1,-44.5,4,6930,-1.97,-0.08,123.6,119.4,87.9,90.7,29.83,29.74,27.15,27.55
104.44,4116,192.5,0,0,-44.4,4,6930,-2.02,-0.05,123.6,119.5,87.9,90.7,29.83,29.75,27.15,27.55
104.48,4118,192.5,0,0,-45.1,4,6930,-2.06,-0.02,123.7,119.6,87.9,90.7,29.84,29.75,27.15,27.55
104.52,4121,192.5,1,0,-44.5,4,6930,-1.95,0,123.7,119.6,88,90.8,29.84,29.75,27.15,27.55
104.56,4123,192.5,2,0,-44.2,4,6930,-1.93,0.01,123.7,119.6,88,90.8,29.84,29.75,27.15,27.55
104.6,4125,192.5,4,0,-43.9,4,6930,-1.92,0.01,123.7,119.6,88,90.8,29.84,29.75,27.15,27.55
104.64,4127,192.5,5,0,-43.4,4,6930,-1.9,0.02,123.7,119.6,88.1,90.9,29.84,29.75,27.16,27.56
104.68,4129,192.5,6,0,-42.3,4,6930,-1.89,0.02,123.7,119.6,88.1,90.9,29.84,29.75,27.16,27.56
104.72,4131,192.5,7,0,-42.7,4,6931,-1.88,0.03,123.7,119.6,88.1,90.9,29.84,29.75,27.16,27.56
104.76,4133,192.5,9,0,-42.1,4,6931,-1.86,0.04,123.7,119.6,88.2,91,29.84,29.75,27.16,27.56
104.8,4135,192.5,10,0,-41.1,4,6931,-1.85,0.04,123.7,119.6,88.2,91,29.84,29.75,27.17,27.57
104.84,4138,192.5,11,0,-41.6,4,6931,-1.83,0.05,123.7,119.6,88.2,91,29.84,29.75,27.17,27.57
104.88,4140,192.6,12,0,-41.5,4,6932,-1.82,0.05,123.7,119.6,88.3,91.1,29.84,29.75,27.17,27.57
104.92,4142,192.6,13,0,-40.3,4,6932,-1.81,0.06,123.7,119.6,88.3,91.1,29.84,29.75,27.17,27.57
104.96,4144,192.6,14,0,-40.6,4,6933,-1.79,0.07,123.7,119.6,88.4,91.2,29.84,29.75,27.18,27.58
105,4146,192.6,15,0,-39.8,4,6933,-1.78,0.07,123.7,119.6,88.4,91.2,29.84,29.75,27.18,27.58
105.04,4148,192.6,16,0,-39.8,4,6933,-1.76,0.08,123.7,119.6,88.4,91.2,29.84,29.75,27.18,27.58
105.08,4150,192.6,18,0,-39.6,4,6934,-1.75,0.08,123.7,119.6,88.5,91.3,29.84,29.75,27.18,27.58
105.12,4153,192.6,19,0,-38.9,4,6934,-1.73,0.09,123.7,119.6,88.5,91.3,29.84,29.75,27.19,27.59
105.16,4155,192.6,20,0,-38.9,4,6935,-1.72,0.1,123.7,119.6,88.5,91.3,29.84,29.75,27.19,27.59
105.2,4157,192.7,21,0,-37.9,4,6936,-1.71,0.1,123.7,119.6,88.6,91.4,29.84,29.75,27.19,27.59
105.24,4159,192.7,22,0,-36.4,4,6936,-1.69,0.11,123.7,119.6,88.6,91.4,29.84,29.75,27.19,27.59
105.28,4161,192.7,23,0,-37.3,4,6937,-1.68,0.11,123.7,119.6,88.6,91.4,29.84,29.75,27.2,27.6
105.32,4163,192.7,24,0,-37,4,6937,-1.66,0.12,123.7,119.6,88.7,91.5,29.84,29.75,27.2,27.6
105.36,4165,192.7,25,0,-36.4,4,6938,-1.65,0.13,123.7,119.6,88.7,91.5,29.84,29.75,27.2,27.6
105.4,4168,192.7,26,0,-36.3,4,6939,-1.64,0.13,123.7,119.6,88.7,91.5,29.84,29.75,27.21,27.61
105.44,4170,192.8,27,0,-35.7,4,6939,-1.62,0.14,123.7,119.6,88.8,91.6,29.84,29.75,27.21,27.61
105.48,4172,192.8,28,0,-34.1,4,6940,-1.61,0.14,123.7,119.6,88.8,91.6,29.84,29.75,27.21,27.61
105.52,4174,192.8,29,0,-34.8,4,6941,-1.59,0.15,123.7,119.6,88.8,91.6,29.84,29.75,27.21,27.61
105.56,4176,192.8,30,0,-34.7,4,6942,-1.58,0.15,123.7,119.6,88.9,91.7,29.84,29.75,27.22,27.62
105.6,4178,192.9,30,0,-34.4,4,6943,-1.56,0.16,123.7,119.6,88.9,91.7,29.84,29.75,27.22,27.62
105.64,4180,192.9,31,0,-32.6,4,6944,-1.55,0.17,123.7,119.6,88.9,91.7,29.84,29.75,27.22,27.62
105.68,4183,192.9,32,0,-32.5,4,6944,-1.54,0.17,123.7,119.6,89,91.8,29.84,29.75,27.22,27.62
105.72,4185,192.9,33,0,-32.8,4,6945,-1.52,0.18,123.7,119.6,89,91.8,29.84,29.75,27.23,27.63
105.76,4187,192.9,34,0,-33,4,6946,-1.51,0.18,123.7,119.6,89.1,91.9,29.84,29.75,27.23,27.63
105.8,4189,193,35,0,-32.4,4,6947,-1.49,0.19,123.7,119.6,89.1,91.9,29.84,29.75,27.23,27.63
105.84,4191,193,36,0,-31.3,4,6948,-1.48,0.2,123.7,119.6,89.1,91.9,29.84,29.75,27.23,27.63
105.88,4193,193,37,0,-30.9,4,6949,-1.47,0.2,123.7,119.6,89.2,92,29.84,29.75,27.24,27.64
105.92,4195,193.1,38,0,-30.1,4,6950,-1.45,0.21,123.7,119.6,89.2,92,29.84,29.75,27.24,27.64
105.96,4198,193.1,39,0,-29.9,4,6951,-1.44,0.21,123.7,119.6,89.2,92,29.84,29.75,27.24,27.64
106,4200,193.1,40,0,-28.7,4,6952,-1.42,0.22,123.7,119.6,89.3,92.1,29.84,29.75,27.24,27.64
106.04,4202,193.1,41,0,-29.6,4,6953,-1.41,0.23,123.7,119.6,89.3,92.1,29.84,29.75,27.25,27.65
106.08,4204,193.2,42,0,-28.9,4,6955,-1.39,0.23,123.7,119.6,89.3,92.1,29.84,29.75,27.25,27.65
106.12,4206,193.2,42,0,-29.3,4,6956,-1.38,0.24,123.7,119.6,89.4,92.2,29.84,29.75,27.25,27.65
106.16,4208,193.2,43,0,-27.1,4,6957,-1.37,0.24,123.7,119.6,89.4,92.2,29.84,29.75,27.26,27.66
106.2,4210,193.3,44,0,-27.2,4,6958,-1.35,0.25,123.7,119.6,89.4,92.2,29.84,29.75,27.26,27.66
106.24,4213,193.3,45,0,-27.1,4,6959,-1.34,0.26,123.7,119.6,89.5,92.3,29.84,29.75,27.26,27.66
106.28,4215,193.3,46,0,-27.3,4,6960,-1.32,0.26,123.7,119.6,89.5,92.3,29.84,29.75,27.26,27.66
106.32,4217,193.4,47,0,-26.4,4,6962,-1.31,0.27,123.7,119.6,89.5,92.3,29.84,29.75,27.27,27.67
106.36,4219,193.4,48,0,-25.1,4,6963,-1.3,0.27,123.7,119.6,89.6,92.4,29.84,29.75,27.27,27.67
106.4,4221,193.5,49,0,-25.8,4,6964,-1.28,0.28,123.7,119.6,89.6,92.4,29.84,29.75,27.27,27.67
106.44,4223,193.5,50,0,-25,4,6966,-1.27,0.28,123.7,119.6,89.6,92.4,29.84,29.75,27.27,27.67
106.48,4226,193.5,50,0,-25.7,4,6967,-1.25,0.29,123.7,119.6,89.7,92.5,29.84,29.75,27.28,27.68
106.52,4228,193.6,51,0,-24.1,4,6968,-1.24,0.3,123.7,119.6,89.7,92.5,29.84,29.75,27.28,27.68
106.56,4230,193.6,52,0,-23.8,4,6970,-1.22,0.3,123.7,119.6,89.8,92.6,29.84,29.75,27.28,27.68
106.6,4232,193.6,53,0,-23.2,4,6971,-1.21,0.31,123.7,119.6,89.8,92.6,29.84,29.75,27.28,27.68
106.64,4234,193.7,54,0,-22.9,4,6973,-1.2,0.31,123.7,119.6,89.8,92.6,29.84,29.75,27.29,27.69
106.68,4236,193.7,55,0,-22.8,4,6974,-1.18,0.32,123.7,119.6,89.9,92.7,29.84,29.75,27.29,27.69
106.72,4238,193.8,56,0,-21.6,4,6976,-1.17,0.33,123.7,119.6,89.9,92.7,29.84,29.75,27.29,27.69
106.76,4241,193.8,57,0,-21.9,4,6977,-1.15,0.33,123.7,119.6,89.9,92.7,29.84,29.75,27.29,27.69
106.8,4243,193.9,57,0,-21.6,4,6979,-1.14,0.34,123.7,119.6,90,92.8,29.84,29.75,27.3,27.7
106.84,4245,193.9,58,0,-21,4,6980,-1.12,0.34,123.7,119.6,90,92.8,29.84,29.75,27.3,27.7
106.88,4247,193.9,59,0,-20.5,4,6982,-1.11,0.35,123.7,119.6,90,92.8,29.84,29.75,27.3,27.7
106.92,4249,194,60,0,-19.7,4,6984,-1.1,0.36,123.7,119.6,90.1,92.9,29.84,29.75,27.31,27.71
106.96,4251,194,61,0,-19.8,4,6985,-1.08,0.36,123.7,119.6,90.1,92.9,29.84,29.75,27.31,27.71
107,4253,194.1,62,0,-18.9,4,6987,-1.07,0.37,123.7,119.6,90.1,92.9,29.84,29.75,27.31,27.71
107.04,4256,194.1,62,0,-18.4,4,6989,-1.05,0.37,123.7,119.6,90.2,93,29.84,29.75,27.31,27.71
107.08,4258,194.2,63,0,-18.2,4,6990,-1.04,0.38,123.7,119.6,90.2,93,29.84,29.75,27.32,27.72
107.12,4260,194.2,64,0,-17.8,4,6992,-1.02,0.39,123.7,119.6,90.2,93,29.84,29.75,27.32,27.72
107.16,4262,194.3,65,0,-18.1,4,6994,-1.01,0.39,123.7,119.6,90.3,93.1,29.84,29.75,27.32,27.72
107.2,4264,194.3,66,0,-16.7,4,6995,-1,0.4,123.7,119.6,90.3,93.1,29.84,29.75,27.32,27.72
107.24,4266,194.4,67,0,-17,4,6997,-0.98,0.4,123.7,119.6,90.3,93.1,29.84,29.75,27.33,27.73
107.28,4269,194.4,67,0,-16.5,4,6999,-0.97,0.41,123.7,119.6,90.4,93.2,29.84,29.75,27.33,27.73
107.32,4271,194.5,68,0,-16.9,4,7001,-0.95,0.42,123.7,119.6,90.4,93.2,29.84,29.75,27.33,27.73
107.36,4273,194.5,69,0,-16.1,4,7003,-0.94,0.42,123.7,119.6,90.5,93.3,29.84,29.75,27.33,27.73
107.4,4275,194.6,70,0,-15.2,4,7005,-0.92,0.43,123.7,119.6,90.5,93.3,29.84,29.75,27.34,27.74
107.44,4277,194.6,71,0,-14.8,4,7007,-0.91,0.43,123.7,119.6,90.5,93.3,29.84,29.75,27.34,27.74
107.48,4279,194.7,72,0,-14.6,4,7009,-0.9,0.44,123.7,119.6,90.6,93.4,29.84,29.75,27.34,27.74
107.52,4282,194.7,72,0,-13.9,4,7010,-0.88,0.44,123.7,119.6,90.6,93.4,29.84,29.75,27.34,27.74
107.56,4284,194.8,73,0,-13.3,4,7012,-0.87,0.45,123.7,119.6,90.6,93.4,29.84,29.75,27.35,27.75
107.6,4286,194.8,74,0,-13.9,4,7014,-0.85,0.46,123.7,119.6,90.7,93.5,29.84,29.75,27.35,27.75
107.64,4288,194.9,75,0,-13.4,4,7016,-0.84,0.46,123.7,119.6,90.7,93.5,29.84,29.75,27.35,27.75
107.68,4290,195,76,0,-12.1,4,7018,-0.82,0.47,123.7,119.6,90.7,93.5,29.84,29.75,27.36,27.76
107.72,4292,195,77,0,-11.9,4,7020,-0.81,0.47,123.7,119.6,90.8,93.6,29.84,29.75,27.36,27.76
107.76,4295,195.1,77,0,-12.2,4,7023,-0.8,0.48,123.7,119.6,90.8,93.6,29.84,29.75,27.36,27.76
107.8,4297,195.1,78,0,-10.7,4,7025,-0.78,0.49,123.7,119.6,90.8,93.6,29.84,29.75,27.36,27.76
107.84,4299,195.2,79,0,-10.7,4,7027,-0.77,0.49,123.7,119.6,90.9,93.7,29.84,29.75,27.37,27.77
107.88,4301,195.2,80,0,-9.9,4,7029,-0.75,0.5,123.7,119.6,90.9,93.7,29.84,29.75,27.37,27.77
107.92,4303,195.3,81,0,-9.8,4,7031,-0.74,0.5,123.7,119.6,90.9,93.7,29.84,29.75,27.37,27.77
107.96,4305,195.4,81,0,-9.6,4,7033,-0.72,0.51,123.7,119.6,91,93.8,29.84,29.75,27.37,27.77
108,4308,195.4,82,0,-9.1,4,7035,-0.71,0.52,123.7,119.6,91,93.8,29.84,29.75,27.38,27.78
108.04,4310,195.5,83,0,-7.9,4,7038,-0.7,0.52,123.7,119.6,91,93.8,29.84,29.75,27.38,27.78
108.08,4312,195.6,84,0,-8.5,4,7040,-0.68,0.53,123.7,119.6,91.1,93.9,29.84,29.75,27.38,27.78
108.12,4314,195.6,85,0,-8.4,4,7042,-0.67,0.53,123.7,119.6,91.1,93.9,29.84,29.75,27.38,27.78
108.16,4316,195.7,85,0,-7.9,4,7044,-0.65,0.54,123.7,119.6,91.2,94,29.84,29.75,27.39,27.79
108.2,4318,195.7,86,0,-7.5,4,7047,-0.64,0.55,123.7,119.6,91.2,94,29.84,29.75,27.39,27.79
108.24,4321,195.8,87,0,-6.2,4,7049,-0.62,0.55,123.7,119.6,91.2,94,29.84,29.75,27.39,27.79
108.28,4323,195.9,88,0,-6,4,7051,-0.61,0.56,123.7,119.6,91.3,94.1,29.84,29.75,27.39,27.79
108.32,4325,195.9,89,0,-6.1,4,7054,-0.6,0.56,123.7,119.6,91.3,94.1,29.84,29.75,27.4,27.8
108.36,4327,196,90,0,-5.6,4,7056,-0.58,0.57,123.7,119.6,91.3,94.1,29.84,29.75,27.4,27.8
108.4,4329,196.1,90,0,-4.6,4,7059,-0.57,0.58,123.7,119.6,91.4,94.2,29.84,29.75,27.4,27.8
108.44,4331,196.1,91,0,-5.2,4,7061,-0.55,0.58,123.7,119.6,91.4,94.2,29.84,29.75,27.4,27.8
108.48,4334,196.2,92,0,-4.7,4,7063,-0.54,0.59,123.7,119.6,91.4,94.2,29.84,29.75,27.41,27.81
108.52,4336,196.3,93,0,-3.8,4,7066,-0.52,0.59,123.7,119.6,91.5,94.3,29.84,29.75,27.41,27.81
108.56,4338,196.3,93,0,-3.6,4,7068,-0.51,0.6,123.7,119.6,91.5,94.3,29.84,29.75,27.41,27.81
108.6,4340,196.4,94,0,-3.5,4,7071,-0.49,0.61,123.7,119.6,91.5,94.3,29.84,29.75,27.42,27.82
108.64,4342,196.5,95,0,-2.2,4,7073,-0.48,0.61,123.7,119.6,91.6,94.4,29.84,29.75,27.42,27.82
108.68,4345,196.6,96,0,-2.3,4,7076,-0.47,0.62,123.7,119.6,91.6,94.4,29.84,29.75,27.42,27.82
108.72,4347,196.6,97,0,-0.5,4,7079,-0.45,0.62,123.7,119.6,91.6,94.4,29.84,29.75,27.42,27.82
108.76,4349,196.7,97,0,-1.2,4,7081,-0.44,0.63,123.7,119.6,91.7,94.5,29.84,29.75,27.43,27.83
108.8,4351,196.8,98,0,-1.3,4,7084,-0.42,0.64,123.7,119.6,91.7,94.5,29.84,29.75,27.43,27.83
108.84,4353,196.8,99,0,0,4,7086,-0.41,0.64,123.7,119.6,91.7,94.5,29.84,29.75,27.43,27.83
108.88,4356,196.9,100,0,-0.2,4,7089,-0.39,0.65,123.7,119.6,91.8,94.6,29.84,29.75,27.43,27.83
108.92,4358,197,100,0,0.5,4,7091,-0.03,0.04,123.7,119.6,91.8,94.6,29.84,29.75,27.43,27.83
108.96,4360,197,100,0,0.4,4,7093,-0.01,0.04,123.6,119.6,91.8,94.6,29.84,29.75,27.43,27.83
109,4362,197.1,100,0,0.4,4,7095,0,0.04,123.6,119.6,91.7,94.5,29.83,29.75,27.43,27.83
109.04,4364,197.1,100,0,-0.2,4,7097,0.01,0.04,123.6,119.5,91.7,94.5,29.83,29.75,27.43,27.83
109.08,4366,197.2,100,0,0.5,4,7099,0.01,0.04,123.6,119.5,91.7,94.5,29.83,29.75,27.43,27.83
109.12,4369,197.3,100,0,-0.1,4,7101,-0.01,0.04,123.6,119.5,91.7,94.5,29.83,29.75,27.43,27.83
109.16,4371,197.3,100,0,0.2,4,7104,-0.04,0.04,123.6,119.5,91.7,94.5,29.83,29.75,27.43,27.83
109.2,4373,197.4,100,0,0,4,7106,-0.02,0.04,123.6,119.5,91.7,94.5,29.83,29.75,27.43,27.83
109.24,4375,197.4,100,0,0.3,4,7108,0.01,0.04,123.6,119.5,91.7,94.5,29.83,29.75,27.43,27.83
109.28,4377,197.5,100,0,0,4,7110,0,0.04,123.5,119.5,91.7,94.5,29.83,29.75,27.42,27.82
109.32,4380,197.6,100,0,0.1,4,7112,0.08,0.04,123.5,119.5,91.7,94.5,29.83,29.74,27.42,27.82
109.36,4382,197.6,100,0,-0.5,4,7114,0.05,0.04,123.5,119.4,91.6,94.4,29.83,29.74,27.42,27.82
109.4,4384,197.7,100,0,0.3,4,7116,0.03,0.04,123.5,119.4,91.6,94.4,29.83,29.74,27.42,27.82
109.44,4386,197.7,100,0,0.3,4,7118,0,0.04,123.5,119.4,91.6,94.4,29.82,29.74,27.42,27.82
109.48,4388,197.8,100,0,-1.1,4,7120,-0.02,0.04,123.5,119.4,91.6,94.4,29.82,29.74,27.42,27.82
109.52,4391,197.8,100,0,0.4,4,7122,0,0.04,123.5,119.4,91.6,94.4,29.82,29.74,27.42,27.82
109.56,4393,197.9,100,0,-0.5,4,7124,0,0.04,123.5,119.4,91.6,94.4,29.82,29.74,27.42,27.82
109.6,4395,198,100,0,0.3,4,7126,-0.03,0.04,123.4,119.4,91.6,94.4,29.82,29.74,27.42,27.82
109.64,4397,198,100,0,0.6,4,7128,0.04,0.04,123.4,119.4,91.6,94.4,29.82,29.74,27.42,27.82
109.68,4399,198.1,100,0,0,4,7131,-0.01,0.04,123.4,119.4,91.5,94.3,29.82,29.74,27.42,27.82
109.72,4402,198.1,100,0,-0.2,4,7133,-0.01,0.04,123.4,119.3,91.5,94.3,29.82,29.74,27.41,27.81
109.76,4404,198.2,100,0,-0.3,4,7135,0.01,0.04,123.4,119.3,91.5,94.3,29.82,29.73,27.41,27.81
109.8,4406,198.2,100,0,0.7,4,7137,0.03,0.04,123.4,119.3,91.5,94.3,29.82,29.73,27.41,27.81
109.84,4408,198.3,100,0,0.4,4,7139,0,0.04,123.4,119.3,91.5,94.3,29.82,29.73,27.41,27.81
109.88,4410,198.4,100,0,-0.3,4,7141,-0.01,0.04,123.4,119.3,91.5,94.3,29.81,29.73,27.41,27.81
109.92,4413,198.4,100,0,0,4,7143,-0.02,0.04,123.4,119.3,91.5,94.3,29.81,29.73,27.41,27.81
109.96,4415,198.5,100,0,-0.3,4,7145,0,0.04,123.3,119.3,91.5,94.3,29.81,29.73,27.41,27.81
110,4417,198.5,100,0,-0.5,4,7147,0.01,0.04,123.3,119.3,91.4,94.2,29.81,29.73,27.41,27.81
110.04,4419,198.6,100,0,0.2,4,7149,-0.02,0.04,123.3,119.2,91.4,94.2,29.81,29.73,27.41,27.81
110.08,4421,198.6,100,0,0.2,4,7151,0.04,0.04,123.3,119.2,91.4,94.2,29.81,29.73,27.41,27.81
110.12,4424,198.7,100,0,0,4,7153,0.01,0.04,123.3,119.2,91.4,94.2,29.81,29.73,27.41,27.81
110.16,4426,198.8,100,0,-0.2,4,7155,0.02,0.04,123.3,119.2,91.4,94.2,29.81,29.73,27.4,27.8
110.2,4428,198.8,100,0,-0.2,4,7157,0.05,0.04,123.3,119.2,91.4,94.2,29.81,29.72,27.4,27.8
110.24,4430,198.9,100,0,0.1,4,7160,-0.02,0.04,123.3,119.2,91.4,94.2,29.81,29.72,27.4,27.8
110.28,4432,198.9,100,0,0.2,4,7162,-0.02,0.04,123.2,119.2,91.4,94.2,29.81,29.72,27.4,27.8
110.32,4435,199,100,0,-0.1,4,7164,-0.01,0.04,123.2,119.2,91.4,94.2,29.8,29.72,27.4,27.8
110.36,4437,199,100,0,-0.9,4,7166,0,0.04,123.2,119.1,91.3,94.1,29.8,29.72,27.4,27.8
110.4,4439,199.1,100,0,0,4,7168,0.02,0.04,123.2,119.1,91.3,94.1,29.8,29.72,27.4,27.8
110.44,4441,199.2,100,0,0.1,4,7170,-0.06,0.04,123.2,119.1,91.3,94.1,29.8,29.72,27.4,27.8
110.48,4444,199.2,100,0,-0.2,4,7172,0.02,0.04,123.2,119.1,91.3,94.1,29.8,29.72,27.4,27.8
110.52,4446,199.3,100,0,0,4,7174,0.02,0.04,123.2,119.1,91.3,94.1,29.8,29.72,27.4,27.8
110.56,4448,199.3,100,0,-0.2,4,7176,0,0.04,123.2,119.1,91.3,94.1,29.8,29.72,27.4,27.8
110.6,4450,199.4,100,0,0.1,4,7178,0.02,0.04,123.1,119.1,91.3,94.1,29.8,29.72,27.4,27.8
110.64,4452,199.5,100,0,0.4,4,7180,-0.01,0.04,123.1,119.1,91.3,94.1,29.8,29.71,27.39,27.79
110.68,4455,199.5,100,0,-0.5,4,7182,0.02,0.04,123.1,119.1,91.2,94,29.8,29.71,27.39,27.79
110.72,4457,199.6,100,0,0.1,4,7184,0,0.04,123.1,119,91.2,94,29.8,29.71,27.39,27.79
110.76,4459,199.6,100,0,-0.1,4,7186,-0.01,0.04,123.1,119,91.2,94,29.8,29.71,27.39,27.79
110.8,4461,199.7,100,0,-0.4,4,7189,0,0.04,123.1,119,91.2,94,29.79,29.71,27.39,27.79
110.84,4463,199.7,100,0,0.2,4,7191,-0.01,0.04,123.1,119,91.2,94,29.79,29.71,27.39,27.79
110.88,4466,199.8,100,0,-0.3,4,7193,-0.01,0.04,123.1,119,91.2,94,29.79,29.71,27.39,27.79
110.92,4468,199.9,100,0,-0.6,4,7195,-0.04,0.04,123.1,119,91.2,94,29.79,29.71,27.39,27.79
110.96,4470,199.9,100,0,0.4,4,7197,0.04,0.04,123,119,91.2,94,29.79,29.71,27.39,27.79
111,4472,200,100,0,0,4,7199,0.01,0.04,123,119,91.1,93.9,29.79,29.71,27.39,27.79
111.04,4475,200,100,0,-0.3,4,6337,-0.02,0.04,123,118.9,91.1,93.9,29.79,29.71,27.39,27.79
111.08,4477,200.1,100,0,-0.2,4,6339,-0.01,0.04,123,118.9,91.1,93.9,29.79,29.7,27.38,27.78
111.12,4479,200.1,100,0,-0.1,4,6340,0.02,0.04,123,118.9,91.1,93.9,29.79,29.7,27.38,27.78
111.16,4481,200.2,100,0,0.4,4,6342,0.01,0.04,123,118.9,91.1,93.9,29.79,29.7,27.38,27.78
111.2,4483,200.3,100,0,-0.7,4,6344,0.02,0.04,123,118.9,91.1,93.9,29.79,29.7,27.38,27.78
111.24,4486,200.3,100,0,-0.1,4,6346,0,0.04,123,118.9,91.1,93.9,29.78,29.7,27.38,27.78
111.28,4488,200.4,100,0,0.2,4,6347,-0.05,0.04,122.9,118.9,91.1,93.9,29.78,29.7,27.38,27.78
111.32,4490,200.4,100,0,-0.4,4,6350,-0.02,0.04,122.9,118.9,91.1,93.9,29.78,29.7,27.38,27.78
111.36,4492,200.5,100,0,-0.3,4,6352,0.01,0.04,122.9,118.8,91,93.8,29.78,29.7,27.38,27.78
111.4,4495,200.5,100,0,0.3,4,6354,-0.01,0.04,122.9,118.8,91,93.8,29.78,29.7,27.38,27.78
111.44,4497,200.6,100,0,0.2,4,6355,-0.02,0.04,122.9,118.8,91,93.8,29.78,29.7,27.38,27.78
111.48,4499,200.7,100,0,-0.3,4,6357,0.02,0.04,122.9,118.8,91,93.8,29.78,29.7,27.38,27.78
111.52,4501,200.7,100,0,-0.3,4,6359,0.01,0.04,122.9,118.8,91,93.8,29.78,29.7,27.37,27.77
111.56,4504,200.8,100,0,0.7,4,6361,0.01,0.04,122.9,118.8,91,93.8,29.78,29.69,27.37,27.77
111.6,4506,200.8,100,0,0.3,4,6362,0.03,0.04,122.8,118.8,91,93.8,29.78,29.69,27.37,27.77
111.64,4508,200.9,100,0,0.1,4,6364,0,0.04,122.8,118.8,91,93.8,29.78,29.69,27.37,27.77
111.68,4510,200.9,100,0,0.1,4,6366,0.01,0.04,122.8,118.8,90.9,93.7,29.77,29.69,27.37,27.77
111.72,4512,201,100,0,0.5,4,6368,0.06,0.04,122.8,118.7,90.9,93.7,29.77,29.69,27.37,27.77
111.76,4515,201.1,100,0,0.1,4,6369,0,0.04,122.8,118.7,90.9,93.7,29.77,29.69,27.37,27.77
111.8,4517,201.1,100,0,-0.1,4,6371,0,0.04,122.8,118.7,90.9,93.7,29.77,29.69,27.37,27.77
111.84,4519,201.2,100,0,0.6,4,6373,0.02,0.04,122.8,118.7,90.9,93.7,29.77,29.69,27.37,27.77
111.88,4521,201.2,100,0,0.2,4,7245,-0.02,0.04,122.8,118.7,90.9,93.7,29.77,29.69,27.37,27.77
111.92,4524,201.3,100,0,-0.3,4,7247,-0.01,0.04,122.8,118.7,90.9,93.7,29.77,29.69,27.37,27.77
111.96,4526,201.4,100,0,-0.2,4,7249,0,0.04,122.7,118.7,90.9,93.7,29.77,29.69,27.36,27.76
112,4528,201.4,100,0,0.2,4,7251,0.01,0.04,122.7,118.7,90.8,93.6,29.77,29.68,27.36,27.76
112.04,4530,201.5,100,0,-0.6,4,7253,0.01,0.04,122.7,118.6,90.8,93.6,29.77,29.68,27.36,27.76
112.08,4533,201.5,100,0,0.1,4,7255,0,0.04,122.7,118.6,90.8,93.6,29.77,29.68,27.36,27.76
112.12,4535,201.6,100,0,0.2,4,7257,0.01,0.04,122.7,118.6,90.8,93.6,29.76,29.68,27.36,27.76
112.16,4537,201.6,100,0,-0.1,4,7259,-0.02,0.04,122.7,118.6,90.8,93.6,29.76,29.68,27.36,27.76
112.2,4539,201.7,100,0,0,4,7261,0.02,0.04,122.7,118.6,90.8,93.6,29.76,29.68,27.36,27.76
112.24,4542,201.8,100,0,-0.5,4,7263,-0.04,0.04,122.7,118.6,90.8,93.6,29.76,29.68,27.36,27.76
112.28,4544,201.8,100,0,-0.7,4,7265,-0.01,0.04,122.6,118.6,90.8,93.6,29.76,29.68,27.36,27.76
112.32,4546,201.9,100,0,0.5,4,7267,-0.02,0.04,122.6,118.6,90.8,93.6,29.76,29.68,27.36,27.76
112.36,4548,201.9,100,0,0.5,4,7269,-0.03,0.04,122.6,118.5,90.7,93.5,29.76,29.68,27.36,27.76
112.4,4551,202,100,0,-0.1,4,7272,-0.01,0.04,122.6,118.5,90.7,93.5,29.76,29.68,27.35,27.75
112.44,4553,202,100,0,-0.3,4,7274,0.01,0.04,122.6,118.5,90.7,93.5,29.76,29.67,27.35,27.75
112.48,4555,202.1,100,0,0.4,4,7276,0.01,0.04,122.6,118.5,90.7,93.5,29.76,29.67,27.35,27.75
112.52,4557,202.2,100,0,-0.4,4,7278,-0.01,0.04,122.6,118.5,90.7,93.5,29.76,29.67,27.35,27.75
112.56,4559,202.2,100,0,-0.1,4,7280,0.02,0.04,122.6,118.5,90.7,93.5,29.75,29.67,27.35,27.75
112.6,4562,202.3,100,0,0.3,4,7282,0.01,0.04,122.5,118.5,90.7,93.5,29.75,29.67,27.35,27.75
112.64,4564,202.3,100,0,-0.2,4,7284,0.01,0.04,122.5,118.5,90.7,93.5,29.75,29.67,27.35,27.75
112.68,4566,202.4,100,0,0.7,4,7286,-0.02,0.04,122.5,118.5,90.6,93.4,29.75,29.67,27.35,27.75
112.72,4568,202.4,100,0,-0.8,4,7288,0,0.04,122.5,118.4,90.6,93.4,29.75,29.67,27.35,27.75
112.76,4571,202.5,100,0,0.5,4,7290,-0.03,0.04,122.5,118.4,90.6,93.4,29.75,29.67,27.35,27.75
112.8,4573,202.6,100,0,0.2,4,7292,-0.02,0.04,122.5,118.4,90.6,93.4,29.75,29.67,27.35,27.75
112.84,4575,202.6,100,0,0.2,4,7294,0,0.04,122.5,118.4,90.6,93.4,29.75,29.67,27.34,27.74
112.88,4577,202.7,100,0,-0.4,4,7296,-0.02,0.04,122.5,118.4,90.6,93.4,29.75,29.66,27.34,27.74
112.92,4580,202.7,100,0,0.8,4,7298,0,0.04,122.5,118.4,90.6,93.4,29.75,29.66,27.34,27.74
112.96,4582,202.8,100,0,0,4,7301,0,0.04,122.4,118.4,90.6,93.4,29.75,29.66,27.34,27.74
113,4584,202.9,100,0,0.6,4,7303,-0.02,0.04,122.4,118.4,90.5,93.3,29.74,29.66,27.34,27.74
113.04,4586,202.9,100,0,-0.3,4,7305,-0.02,0.04,122.4,118.3,90.5,93.3,29.74,29.66,27.34,27.74
113.08,4589,203,100,0,-0.4,4,7307,0.01,0.04,122.4,118.3,90.5,93.3,29.74,29.66,27.34,27.74
113.12,4591,203,100,0,0,4,7309,-0.01,0.04,122.4,118.3,90.5,93.3,29.74,29.66,27.34,27.74
113.16,4593,203.1,100,0,0.2,4,7311,0.01,0.04,122.4,118.3,90.5,93.3,29.74,29.66,27.34,27.74
113.2,4596,203.1,100,0,0.1,4,7313,-0.01,0.04,122.4,118.3,90.5,93.3,29.74,29.66,27.34,27.74
113.24,4598,203.2,100,0,-0.4,4,7315,-0.02,0.04,122.4,118.3,90.5,93.3,29.74,29.66,27.34,27.74
113.28,4600,203.3,100,0,0,4,7317,-0.04,0.04,122.3,118.3,90.5,93.3,29.74,29.66,27.33,27.73
113.32,4602,203.3,100,0,-0.9,4,7319,-0.02,0.04,122.3,118.3,90.5,93.3,29.74,29.65,27.33,27.73
113.36,4605,203.4,100,0,-0.3,4,7321,0,0.04,122.3,118.2,90.4,93.2,29.74,29.65,27.33,27.73
113.4,4607,203.4,100,0,-0.3,4,7323,0.01,0.04,122.3,118.2,90.4,93.2,29.74,29.65,27.33,27.73
113.44,4609,203.5,100,0,0.1,4,7325,-0.01,0.04,122.3,118.2,90.4,93.2,29.73,29.65,27.33,27.73
113.48,4611,203.5,100,0,0.2,4,7327,-0.01,0.04,122.3,118.2,90.4,93.2,29.73,29.65,27.33,27.73
113.52,4614,203.6,100,0,0,4,7330,-0.03,0.04,122.3,118.2,90.4,93.2,29.73,29.65,27.33,27.73
113.56,4616,203.7,100,0,0.3,4,7332,0.05,0.04,122.3,118.2,90.4,93.2,29.73,29.65,27.33,27.73
113.6,4618,203.7,100,0,0.7,4,7334,-0.02,0.04,122.2,118.2,90.4,93.2,29.73,29.65,27.33,27.73
113.64,4620,203.8,100,0,-0.3,4,7336,0.01,0.04,122.2,118.2,90.4,93.2,29.73,29.65,27.33,27.73
113.68,4623,203.8,100,0,-0.6,4,7338,0,0.04,122.2,118.2,90.3,93.1,29.73,29.65,27.33,27.73
113.72,4625,203.9,100,0,0.3,4,7340,-0.01,0.04,122.2,118.1,90.3,93.1,29.73,29.65,27.32,27.72
113.76,4627,203.9,100,0,-0.5,4,7342,0,0.04,122.2,118.1,90.3,93.1,29.73,29.64,27.32,27.72
113.8,4629,204,100,0,0,4,7344,0.01,0.04,122.2,118.1,90.3,93.1,29.73,29.64,27.32,27.72
113.84,4632,204.1,100,0,0.1,4,7346,-0.01,0.04,122.2,118.1,90.3,93.1,29.73,29.64,27.32,27.72
113.88,4634,204.1,100,0,0.2,4,7348,0,0.04,122.2,118.1,90.3,93.1,29.72,29.64,27.32,27.72
113.92,4636,204.2,100,0,-0.5,4,7350,-0.01,0.04,122.2,118.1,90.3,93.1,29.72,29.64,27.32,27.72
113.96,4639,204.2,100,0,0,4,7352,0,0.04,122.1,118.1,90.3,93.1,29.72,29.64,27.32,27.72
114,4641,204.3,100,0,0.5,4,7354,0.01,0.04,122.1,118.1,90.2,93,29.72,29.64,27.32,27.72
114.04,4643,204.3,100,0,0.1,4,7357,0,0.04,122.1,118,90.2,93,29.72,29.64,27.32,27.72
114.08,4645,204.4,100,0,-0.2,4,7359,0,0.04,122.1,118,90.2,93,29.72,29.64,27.32,27.72
114.12,4648,204.5,100,0,-0.4,4,7361,0.03,0.04,122.1,118,90.2,93,29.72,29.64,27.32,27.72
114.16,4650,204.5,100,0,0.1,4,7363,0.01,0.04,122.1,118,90.2,93,29.72,29.64,27.31,27.71
114.2,4652,204.6,100,0,-0.1,4,7365,0.03,0.04,122.1,118,90.2,93,29.72,29.63,27.31,27.71
114.24,4654,204.6,100,0,-0.2,4,7367,-0.03,0.04,122.1,118,90.2,93,29.72,29.63,27.31,27.71
114.28,4657,204.7,100,0,0.2,4,7369,0.02,0.04,122,118,90.2,93,29.72,29.63,27.31,27.71
114.32,4659,204.8,100,0,0,4,7371,0,0.04,122,118,90.2,93,29.71,29.63,27.31,27.71
114.36,4661,204.8,100,0,0.1,4,7373,-0.01,0.04,122,117.9,90.1,92.9,29.71,29.63,27.31,27.71
114.4,4664,204.9,100,0,-0.5,4,7375,-0.01,0.04,122,117.9,90.1,92.9,29.71,29.63,27.31,27.71
114.44,4666,204.9,100,0,0,4,7377,0,0.04,122,117.9,90.1,92.9,29.71,29.63,27.31,27.71
114.48,4668,205,100,0,-0.3,4,7379,-0.01,0.04,122,117.9,90.1,92.9,29.71,29.63,27.31,27.71
114.52,4670,205,100,0,-0.3,4,7381,-0.01,0.04,122,117.9,90.1,92.9,29.71,29.63,27.31,27.71
114.56,4673,205.1,100,0,0.3,4,7383,-0.01,0.04,122,117.9,90.1,92.9,29.71,29.63,27.31,27.71
114.6,4675,205.2,100,0,0.3,4,7386,0,0.04,121.9,117.9,90.1,92.9,29.71,29.63,27.31,27.71
114.64,4677,205.2,100,0,0.4,4,7388,0.01,0.04,121.9,117.9,90.1,92.9,29.71,29.62,27.3,27.7
114.68,4679,205.3,100,0,-0.2,4,7390,0,0.04,121.9,117.9,90,92.8,29.71,29.62,27.3,27.7
114.72,4682,205.3,100,0,0.7,4,7392,0,0.04,121.9,117.8,90,92.8,29.71,29.62,27.3,27.7
114.76,4684,205.4,100,0,-0.3,4,7394,0.02,0.04,121.9,117.8,90,92.8,29.71,29.62,27.3,27.7
114.8,4686,205.4,100,0,-0.9,4,7396,-0.01,0.04,121.9,117.8,90,92.8,29.7,29.62,27.3,27.7
114.84,4689,205.5,100,0,-0.3,4,7398,-0.01,0.04,121.9,117.8,90,92.8,29.7,29.62,27.3,27.7
114.88,4691,205.6,100,0,0.9,4,7400,0.04,0.04,121.9,117.8,90,92.8,29.7,29.62,27.3,27.7
114.92,4693,205.6,100,0,-0.3,4,7402,0,0.04,121.9,117.8,90,92.8,29.7,29.62,27.3,27.7
114.96,4695,205.7,100,0,0.3,4,7404,0.03,0.04,121.8,117.8,90,92.8,29.7,29.62,27.3,27.7
115,4698,205.7,100,0,0.2,4,7406,0.01,0.04,121.8,117.8,89.9,92.7,29.7,29.62,27.3,27.7
115.04,4700,205.8,100,0,0,4,7408,0,0.04,121.8,117.7,89.9,92.7,29.7,29.62,27.3,27.7
115.08,4702,205.8,100,0,-0.4,4,7410,-0.01,0.04,121.8,117.7,89.9,92.7,29.7,29.61,27.29,27.69
115.12,4705,205.9,100,0,0.3,4,7413,-0.04,0.04,121.8,117.7,89.9,92.7,29.7,29.61,27.29,27.69
115.16,4707,206,100,0,-0.5,4,7415,0.02,0.04,121.8,117.7,89.9,92.7,29.7,29.61,27.29,27.69
115.2,4709,206,100,0,-0.1,4,7417,-0.01,0.04,121.8,117.7,89.9,92.7,29.7,29.61,27.29,27.69
115.24,4711,206.1,100,0,0.4,4,7419,-0.01,0.04,121.8,117.7,89.9,92.7,29.69,29.61,27.29,27.69
115.28,4714,205.9,0,7,0.6,4,7411,0,-1.85,121.9,117.7,89.9,92.7,29.7,29.61,27.29,27.69
115.32,4716,205.4,0,16,-0.6,4,7394,0,-1.85,122,117.8,89.9,92.7,29.71,29.62,27.29,27.69
115.36,4718,204.6,0,26,0.5,4,7366,0,-1.85,122.1,117.8,89.9,92.7,29.72,29.62,27.29,27.69
115.4,4721,203.6,0,35,-0.2,4,7328,0,-1.85,122.2,117.8,89.9,92.7,29.73,29.62,27.29,27.69
115.44,4723,202.2,0,44,-0.7,4,7280,0,-1.85,122.4,117.9,89.9,92.7,29.74,29.63,27.29,27.69
115.48,4725,200.6,0,54,0.6,4,7222,0,-1.85,122.5,117.9,89.9,92.7,29.75,29.63,27.29,27.69
115.52,4727,198.7,0,63,-1,4,7154,0,-1.85,122.6,118,89.9,92.7,29.76,29.63,27.29,27.69
115.56,4730,196.6,0,72,-0.8,4,7076,0,-1.85,122.7,118,89.9,92.7,29.77,29.64,27.29,27.69
115.6,4732,194.1,0,81,-1.7,4,6989,0,-1.85,122.8,118,89.9,92.7,29.78,29.64,27.29,27.69
115.64,4734,191.6,0,85,0.7,4,6897,0,-1.85,123,118.1,89.9,92.7,29.78,29.64,27.29,27.69
115.68,4736,189,0,85,-0.4,4,6805,0,-1.85,123.1,118.1,89.9,92.7,29.79,29.64,27.29,27.69
115.72,4738,186.5,0,85,-0.2,4,6713,0,-1.85,123.2,118.2,89.9,92.7,29.8,29.65,27.29,27.69
115.76,4740,183.9,0,85,0.3,4,6622,0,-1.85,123.3,118.2,89.9,92.7,29.81,29.65,27.29,27.69
115.8,4742,181.4,0,85,0.3,4,6530,0,-1.85,123.4,118.2,89.9,92.7,29.82,29.65,27.29,27.69
115.84,4744,178.8,0,85,-0.5,4,6438,0,-1.85,123.6,118.3,89.9,92.7,29.83,29.66,27.29,27.69
115.88,4746,176.3,0,85,0.5,4,6346,0,-1.85,123.7,118.3,89.9,92.7,29.84,29.66,27.29,27.69
115.92,4748,173.7,0,85,-0.1,3,7644,0,-1.85,123.8,118.4,89.9,92.7,29.85,29.66,27.29,27.69
115.96,4750,171.2,0,85,0.4,3,7532,0,-1.85,123.9,118.4,89.9,92.7,29.86,29.67,27.29,27.69
116,4752,168.6,0,85,-0.1,3,7420,0,-1.85,124,118.4,89.9,92.7,29.87,29.67,27.29,27.69
116.04,4754,166.1,0,85,-0.1,3,7308,0,-1.85,124.2,118.5,89.9,92.7,29.87,29.67,27.29,27.69
116.08,4756,163.5,0,85,-1,3,7196,0,-1.85,124.3,118.5,89.9,92.7,29.88,29.67,27.29,27.69
116.12,4758,161,0,85,-0.1,3,7083,0,-1.85,124.4,118.6,89.9,92.7,29.89,29.68,27.29,27.69
116.16,4759,158.4,0,85,0.3,3,6971,0,-1.85,124.5,118.6,89.9,92.7,29.9,29.68,27.29,27.69
116.2,4761,155.9,0,85,0.3,3,6859,0,-1.85,124.6,118.6,89.9,92.7,29.91,29.68,27.29,27.69
116.24,4763,153.3,0,85,0.4,3,6747,0,-1.85,124.8,118.7,89.9,92.7,29.92,29.69,27.29,27.69
116.28,4765,150.8,0,85,-1.4,3,6635,0,-1.85,124.9,118.7,89.9,92.7,29.93,29.69,27.29,27.69
116.32,4766,148.2,0,85,0.2,3,6522,0,-1.85,125,118.8,89.9,92.7,29.94,29.69,27.29,27.69
116.36,4768,145.7,0,85,-1.4,3,6410,0,-1.85,125.1,118.8,89.9,92.7,29.95,29.7,27.29,27.69
116.4,4769,143.1,0,85,0.5,3,6298,0,-1.85,125.2,118.8,89.9,92.7,29.96,29.7,27.29,27.69
116.44,4771,140.6,0,85,0.1,3,6186,0,-1.85,125.4,118.9,89.9,92.7,29.96,29.7,27.29,27.69
116.48,4773,138,0,85,0.4,3,6074,0,-1.85,125.5,118.9,89.9,92.7,29.97,29.7,27.29,27.69
116.52,4774,135.5,0,85,0.8,3,5961,0,-1.4,125.6,119,89.9,92.7,29.98,29.71,27.29,27.69
116.56,4776,133,0,83,2.4,2,7581,0.04,-1.37,125.7,119,89.9,92.7,29.99,29.71,27.29,27.69
116.6,4777,132.5,0,80,3.9,2,7553,0.08,-1.34,125.8,119,89.9,92.7,30,29.71,27.29,27.69
116.64,4779,132.5,0,78,5.8,2,7553,0.12,-1.32,126,119.1,89.9,92.7,30.01,29.72,27.29,27.69
116.68,4780,132.5,0,76,7.6,2,7553,0.17,-1.29,126.1,119.1,89.9,92.7,30.02,29.72,27.29,27.69
116.72,4782,132.5,0,74,9.5,2,7553,0.21,-1.26,126.2,119.2,89.9,92.7,30.03,29.72,27.29,27.69
116.76,4783,132.5,0,71,10.9,2,7553,0.25,-1.24,126.3,119.2,89.9,92.7,30.04,29.73,27.29,27.69
116.8,4784,132.5,0,69,13,2,7553,0.29,-1.21,126.4,119.2,89.9,92.7,30.05,29.73,27.29,27.69
116.84,4786,132.5,0,67,13.7,2,7553,0.33,-1.18,126.6,119.3,89.9,92.7,30.05,29.73,27.29,27.69
116.88,4787,132.5,0,65,15.7,2,7553,0.37,-1.15,126.7,119.3,89.9,92.7,30.06,29.73,27.29,27.69
116.92,4789,132.5,0,63,16.8,2,7553,0.41,-1.13,126.8,119.4,89.9,92.7,30.07,29.74,27.29,27.69
116.96,4790,132.5,0,61,19.5,2,7553,0.45,-1.1,126.9,119.4,89.9,92.7,30.08,29.74,27.29,27.69
117,4792,132.5,0,59,20.3,2,7553,0.49,-1.07,127,119.4,89.9,92.7,30.09,29.74,27.29,27.69
117.04,4793,132.5,0,56,22,2,7553,0.53,-1.05,127.2,119.5,89.9,92.7,30.1,29.75,27.29,27.69
117.08,4795,132.5,0,54,23.8,2,7553,0.57,-1.02,127.3,119.5,89.9,92.7,30.11,29.75,27.29,27.69
117.12,4796,132.5,0,52,25.5,2,7553,0.61,-0.99,127.4,119.6,89.9,92.7,30.12,29.75,27.29,27.69
117.16,4798,132.5,0,50,26.1,2,7553,0.65,-0.96,127.5,119.6,89.9,92.7,30.13,29.76,27.29,27.69
117.2,4799,132.5,0,48,28.1,2,7553,0.69,-0.94,127.6,119.6,89.9,92.7,30.14,29.76,27.29,27.69
117.24,4801,132.5,0,46,29.8,2,7553,0.74,-0.91,127.8,119.7,89.9,92.7,30.14,29.76,27.29,27.69
117.28,4802,132.5,0,45,30.4,2,7553,0.78,-0.88,127.9,119.7,89.9,92.7,30.15,29.76,27.29,27.69
117.32,4804,132.5,0,43,31.8,2,7553,0.82,-0.86,128,119.8,89.9,92.7,30.16,29.77,27.29,27.69
117.36,4805,132.5,0,41,34.4,2,7553,0.86,-0.83,128.1,119.8,89.9,92.7,30.17,29.77,27.29,27.69
117.4,4807,132.5,0,39,34.5,2,7553,0.9,-0.8,128.2,119.8,89.9,92.7,30.18,29.77,27.29,27.69
117.44,4808,132.5,0,37,37,2,7553,0.94,-0.77,128.4,119.9,89.9,92.7,30.19,29.78,27.29,27.69
117.48,4810,132.5,0,35,38.6,2,7553,0.98,-0.75,128.5,119.9,89.9,92.7,30.2,29.78,27.29,27.69
117.52,4811,132.5,0,33,38.6,2,7553,1.02,-0.72,128.6,120,89.9,92.7,30.21,29.78,27.29,27.69
117.56,4812,132.5,0,32,40.2,2,7553,1.06,-0.69,128.7,120,89.9,92.7,30.22,29.79,27.29,27.69
117.6,4814,132.5,0,30,41.2,2,7553,1.1,-0.67,128.8,120,89.9,92.7,30.23,29.79,27.29,27.69
117.64,4815,132.5,0,28,41.1,2,7553,1.14,-0.64,129,120.1,89.9,92.7,30.23,29.79,27.29,27.69
117.68,4817,132.5,0,27,44.1,2,7553,1.18,-0.61,129.1,120.1,89.9,92.7,30.24,29.79,27.29,27.69
117.72,4818,132.5,0,25,45.1,2,7553,1.22,-0.58,129.2,120.2,89.9,92.7,30.25,29.8,27.29,27.69
117.76,4820,132.5,0,23,45.5,2,7553,1.27,-0.56,129.3,120.2,89.9,92.7,30.26,29.8,27.29,27.69
117.8,4821,132.5,0,22,47.1,2,7553,1.31,-0.53,129.4,120.2,89.9,92.7,30.27,29.8,27.29,27.69
117.84,4823,132.5,0,20,47.4,2,7553,1.35,-0.5,129.6,120.3,89.9,92.7,30.28,29.81,27.29,27.69
117.88,4824,132.5,0,19,48.2,2,7553,1.39,-0.48,129.7,120.3,89.9,92.7,30.29,29.81,27.29,27.69
117.92,4826,132.5,0,17,49.9,2,7553,1.43,-0.45,129.8,120.4,89.9,92.7,30.3,29.81,27.29,27.69
117.96,4827,132.5,0,16,50.4,2,7553,1.47,-0.42,129.9,120.4,89.9,92.7,30.31,29.82,27.29,27.69
118,4829,132.5,0,14,51.4,2,7553,1.51,-0.39,130,120.4,89.9,92.7,30.32,29.82,27.29,27.69
118.04,4830,132.5,0,13,52.5,2,7553,1.55,-0.37,130.2,120.5,89.9,92.7,30.32,29.82,27.29,27.69
118.08,4832,132.5,0,12,53.2,2,7553,1.59,-0.34,130.3,120.5,89.9,92.7,30.33,29.82,27.29,27.69
118.12,4833,132.5,0,10,53.1,2,7553,1.63,-0.31,130.4,120.6,89.9,92.7,30.34,29.83,27.29,27.69
118.16,4835,132.5,0,9,53.5,2,7553,1.67,-0.29,130.5,120.6,89.9,92.7,30.35,29.83,27.29,27.69
118.2,4836,132.5,0,8,54.6,2,7553,1.71,-0.26,130.6,120.6,89.9,92.7,30.36,29.83,27.29,27.69
118.24,4837,132.5,0,7,54.3,2,7553,1.75,-0.23,130.8,120.7,89.9,92.7,30.37,29.84,27.29,27.69
118.28,4839,132.5,0,6,54.7,2,7553,1.79,-0.2,130.9,120.7,89.9,92.7,30.38,29.84,27.29,27.69
118.32,4840,132.5,0,5,55.7,2,7553,1.84,-0.18,131,120.8,89.9,92.7,30.39,29.84,27.29,27.69
118.36,4842,132.5,0,4,55.4,2,7553,1.88,-0.15,131.1,120.8,89.9,92.7,30.4,29.85,27.29,27.69
118.4,4843,132.5,0,3,56,2,7553,1.92,-0.12,131.2,120.8,89.9,92.7,30.41,29.85,27.29,27.69
118.44,4845,132.5,0,2,56.5,2,7553,1.96,-0.09,131.4,120.9,89.9,92.7,30.41,29.85,27.29,27.69
118.48,4846,132.5,0,1,57,2,7553,2,-0.07,131.5,120.9,89.9,92.7,30.42,29.85,27.29,27.69
118.52,4848,132.5,0,1,56.8,2,7553,2.04,-0.04,131.6,121,89.9,92.7,30.43,29.86,27.29,27.69
118.56,4849,132.5,0,0,56.6,2,7553,2.08,-0.01,131.7,121,89.9,92.7,30.44,29.86,27.29,27.69
118.6,4851,132.5,1,0,55.8,2,7553,1.94,0,131.7,121,89.9,92.7,30.44,29.86,27.29,27.69
118.64,4852,132.5,3,0,55.7,2,7553,1.92,0.01,131.7,121,89.9,92.7,30.44,29.86,27.3,27.7
118.68,4854,132.5,5,0,54.9,2,7553,1.91,0.02,131.7,121,90,92.8,30.44,29.86,27.3,27.7
118.72,4855,132.5,6,0,53.7,2,7553,1.89,0.02,131.7,121,90,92.8,30.44,29.86,27.3,27.7
118.76,4857,132.5,8,0,54.1,2,7554,1.87,0.03,131.7,121,90.1,92.9,30.44,29.86,27.3,27.7
118.8,4858,132.5,9,0,53.5,2,7554,1.86,0.04,131.7,121,90.1,92.9,30.44,29.86,27.31,27.71
118.84,4860,132.5,10,0,52.2,2,7555,1.84,0.05,131.7,121,90.1,92.9,30.44,29.86,27.31,27.71
118.88,4861,132.6,12,0,52,2,7556,1.82,0.05,131.7,121,90.2,93,30.44,29.86,27.31,27.71
118.92,4863,132.6,13,0,50.9,2,7557,1.81,0.06,131.7,121,90.2,93,30.44,29.86,27.31,27.71
118.96,4864,132.6,14,0,50.1,2,7558,1.79,0.07,131.7,121,90.2,93,30.44,29.86,27.32,27.72
119,4865,132.6,16,0,49.3,2,7559,1.77,0.07,131.7,121,90.3,93.1,30.44,29.86,27.32,27.72
119.04,4867,132.6,17,0,50.2,2,7560,1.76,0.08,131.7,121,90.3,93.1,30.44,29.86,27.32,27.72
119.08,4868,132.6,18,0,49.1,2,7561,1.74,0.09,131.7,121,90.3,93.1,30.44,29.86,27.32,27.72
119.12,4870,132.7,20,0,48.6,2,7562,1.72,0.1,131.7,121,90.4,93.2,30.44,29.86,27.33,27.73
119.16,4871,132.7,21,0,48.2,2,7563,1.7,0.1,131.7,121,90.4,93.2,30.44,29.86,27.33,27.73
119.2,4873,132.7,22,0,46.9,2,7565,1.69,0.11,131.7,121,90.4,93.2,30.44,29.86,27.33,27.73
119.24,4874,132.7,23,0,46.5,2,7566,1.67,0.12,131.7,121,90.5,93.3,30.44,29.86,27.34,27.74
119.28,4876,132.8,24,0,46.5,2,7568,1.65,0.12,131.7,121,90.5,93.3,30.44,29.86,27.34,27.74
119.32,4877,132.8,26,0,45.1,2,7569,1.64,0.13,131.7,121,90.5,93.3,30.44,29.86,27.34,27.74
119.36,4879,132.8,27,0,44.1,2,7571,1.62,0.14,131.7,121,90.6,93.4,30.44,29.86,27.34,27.74
119.4,4880,132.9,28,0,44.4,2,7573,1.6,0.14,131.7,121,90.6,93.4,30.44,29.86,27.35,27.75
119.44,4882,132.9,29,0,43.4,2,7574,1.59,0.15,131.7,121,90.6,93.4,30.44,29.86,27.35,27.75
119.48,4883,132.9,30,0,43.3,2,7576,1.57,0.16,131.7,121,90.7,93.5,30.44,29.86,27.35,27.75
119.52,4885,133,31,0,42.2,2,7578,1.55,0.17,131.7,121,90.7,93.5,30.44,29.86,27.35,27.75
119.56,4886,133,32,0,41.5,2,7580,1.54,0.17,131.7,121,90.8,93.6,30.44,29.86,27.36,27.76
119.6,4888,133,34,0,40.8,2,7582,1.52,0.18,131.7,121,90.8,93.6,30.44,29.86,27.36,27.76
119.64,4889,133.1,35,0,40,2,7585,1.5,0.19,131.7,121,90.8,93.6,30.44,29.86,27.36,27.76
119.68,4891,133.1,36,0,39.7,2,7587,1.48,0.19,131.7,121,90.9,93.7,30.44,29.86,27.36,27.76
119.72,4892,133.1,37,0,39.6,2,7589,1.47,0.2,131.7,121,90.9,93.7,30.44,29.86,27.37,27.77
119.76,4894,133.2,38,0,39,2,7591,1.45,0.21,131.7,121,90.9,93.7,30.44,29.86,27.37,27.77
119.8,4895,133.2,39,0,37.8,2,7594,1.43,0.22,131.7,121,91,93.8,30.44,29.86,27.37,27.77
119.84,4896,133.3,40,0,37.3,2,7596,1.42,0.22,131.7,121,91,93.8,30.44,29.86,27.37,27.77
119.88,4898,133.3,41,0,36.9,2,7599,1.4,0.23,131.7,121,91,93.8,30.44,29.86,27.38,27.78
119.92,4899,133.4,42,0,36.1,2,7601,1.38,0.24,131.7,121,91.1,93.9,30.44,29.86,27.38,27.78
119.96,4901,133.4,43,0,34.9,2,7604,1.37,0.24,131.7,121,91.1,93.9,30.44,29.86,27.38,27.78
120,4902,133.5,44,0,35.1,2,7607,1.35,0.25,131.7,121,91.1,93.9,30.44,29.86,27.39,27.79
120.04,4904,133.5,46,0,34.7,2,7610,1.33,0.26,131.7,121,91.2,94,30.44,29.86,27.39,27.79
120.08,4905,133.6,47,0,33.5,2,7613,1.31,0.26,131.7,121,91.2,94,30.44,29.86,27.39,27.79
120.12,4907,133.6,48,0,33,2,7616,1.3,0.27,131.7,121,91.2,94,30.44,29.86,27.39,27.79
120.16,4908,133.7,49,0,32.1,2,7619,1.28,0.28,131.7,121,91.3,94.1,30.44,29.86,27.4,27.8
120.2,4910,133.7,50,0,31.2,2,7622,1.26,0.29,131.7,121,91.3,94.1,30.44,29.86,27.4,27.8
120.24,4911,133.8,51,0,32.1,2,7625,1.25,0.29,131.7,121,91.3,94.1,30.44,29.86,27.4,27.8
120.28,4913,133.8,52,0,30.2,2,7628,1.23,0.3,131.7,121,91.4,94.2,30.44,29.86,27.4,27.8
120.32,4914,133.9,53,0,29.5,2,7631,1.21,0.31,131.7,121,91.4,94.2,30.44,29.86,27.41,27.81
120.36,4916,133.9,54,0,29.1,2,7635,1.2,0.31,131.7,121,91.5,94.3,30.44,29.86,27.41,27.81
120.4,4917,134,55,0,28.7,2,7638,1.18,0.32,131.7,121,91.5,94.3,30.44,29.86,27.41,27.81
120.44,4919,134.1,56,0,28,2,7642,1.16,0.33,131.7,121,91.5,94.3,30.44,29.86,27.41,27.81
120.48,4920,134.1,57,0,27.5,2,7645,1.14,0.34,131.7,121,91.6,94.4,30.44,29.86,27.42,27.82
120.52,4922,134.2,58,0,26,2,7649,1.13,0.34,131.7,121,91.6,94.4,30.44,29.86,27.42,27.82
120.56,4923,134.3,59,0,27,2,7652,1.11,0.35,131.7,121,91.6,94.4,30.44,29.86,27.42,27.82
120.6,4925,134.3,60,0,24.9,2,7656,1.09,0.36,131.7,121,91.7,94.5,30.44,29.86,27.42,27.82
120.64,4926,134.4,61,0,25.6,2,7660,1.08,0.36,131.7,121,91.7,94.5,30.44,29.86,27.43,27.83
120.68,4928,134.4,62,0,24,2,7664,1.06,0.37,131.7,121,91.7,94.5,30.44,29.86,27.43,27.83
120.72,4929,134.5,63,0,23.5,2,7667,1.04,0.38,131.7,121,91.8,94.6,30.44,29.86,27.43,27.83
120.76,4931,134.6,64,0,23.3,2,7671,1.02,0.39,131.7,121,91.8,94.6,30.44,29.86,27.44,27.84
120.8,4932,134.7,65,0,22.6,2,7675,1.01,0.39,131.7,121,91.8,94.6,30.44,29.86,27.44,27.84
120.84,4934,134.7,66,0,22,2,7679,0.99,0.4,131.7,121,91.9,94.7,30.44,29.86,27.44,27.84
120.88,4935,134.8,67,0,20.9,2,7684,0.97,0.41,131.7,121,91.9,94.7,30.44,29.86,27.44,27.84
120.92,4937,134.9,68,0,21.1,2,7688,0.96,0.41,131.7,121,91.9,94.7,30.44,29.86,27.45,27.85
120.96,4938,134.9,69,0,19.6,2,7692,0.94,0.42,131.7,121,92,94.8,30.44,29.86,27.45,27.85
121,4940,135,70,0,18.9,3,5941,0.92,0.43,131.7,121,92,94.8,30.44,29.86,27.45,27.85
121.04,4941,135.1,71,0,19,3,5944,0.9,0.44,131.7,121,92,94.8,30.44,29.86,27.45,27.85
121.08,4943,135.2,72,0,18.1,3,5948,0.89,0.44,131.7,121,92.1,94.9,30.44,29.86,27.46,27.86
121.12,4944,135.3,73,0,17.6,3,5951,0.87,0.45,131.7,121,92.1,94.9,30.44,29.86,27.46,27.86
121.16,4946,135.3,74,0,17.8,3,5955,0.85,0.46,131.7,121,92.2,95,30.44,29.86,27.46,27.86
121.2,4947,135.4,75,0,16.9,3,5958,0.84,0.46,131.7,121,92.2,95,30.44,29.86,27.46,27.86
121.24,4949,135.5,76,0,15.1,3,5962,0.82,0.47,131.7,121,92.2,95,30.44,29.86,27.47,27.87
121.28,4950,135.6,77,0,15,3,5965,0.8,0.48,131.7,121,92.3,95.1,30.44,29.86,27.47,27.87
121.32,4952,135.7,78,0,14.1,3,5969,0.78,0.49,131.7,121,92.3,95.1,30.44,29.86,27.47,27.87
121.36,4953,135.7,79,0,13.5,3,5973,0.77,0.49,131.7,121,92.3,95.1,30.44,29.86,27.47,27.87
121.4,4955,135.8,80,0,13,3,5977,0.75,0.5,131.7,121,92.4,95.2,30.44,29.86,27.48,27.88
121.44,4956,135.9,81,0,11.9,3,5980,0.73,0.51,131.7,121,92.4,95.2,30.44,29.86,27.48,27.88
121.48,4958,136,82,0,11.9,3,5984,0.71,0.51,131.7,121,92.4,95.2,30.44,29.86,27.48,27.88
121.52,4959,136.1,83,0,11.6,3,5988,0.7,0.52,131.7,121,92.5,95.3,30.44,29.86,27.48,27.88
121.56,4961,136.2,84,0,10.2,3,5992,0.68,0.53,131.7,121,92.5,95.3,30.44,29.86,27.49,27.89
121.6,4962,136.3,85,0,9.9,3,5996,0.66,0.54,131.7,121,92.5,95.3,30.44,29.86,27.49,27.89
121.64,4964,136.4,86,0,9,3,6000,0.64,0.54,131.7,121,92.6,95.4,30.44,29.86,27.49,27.89
121.68,4965,136.5,87,0,7.7,3,6004,0.63,0.55,131.7,121,92.6,95.4,30.44,29.86,27.5,27.9
121.72,4967,136.6,88,0,8.1,3,6008,0.61,0.56,131.7,121,92.6,95.4,30.44,29.86,27.5,27.9
121.76,4968,136.6,89,0,7.4,3,6012,0.59,0.57,131.7,121,92.7,95.5,30.44,29.86,27.5,27.9
121.8,4970,136.7,90,0,6.5,3,6017,0.58,0.57,131.7,121,92.7,95.5,30.44,29.86,27.5,27.9
121.84,4971,136.8,91,0,6,3,6021,0.56,0.58,131.7,121,92.7,95.5,30.44,29.86,27.51,27.91
121.88,4973,136.9,92,0,5.8,3,6025,0.54,0.59,131.7,121,92.8,95.6,30.44,29.86,27.51,27.91
121.92,4974,137,93,0,4.9,3,6030,0.52,0.59,131.7,121,92.8,95.6,30.44,29.86,27.51,27.91
121.96,4976,137.1,94,0,4.9,3,6034,0.51,0.6,131.7,121,92.9,95.7,30.44,29.86,27.51,27.91
122,4977,137.2,95,0,3.4,3,6038,0.49,0.61,131.7,121,92.9,95.7,30.44,29.86,27.52,27.92
122.04,4979,137.3,96,0,3.3,3,6043,0.47,0.62,131.7,121,92.9,95.7,30.44,29.86,27.52,27.92
122.08,4981,137.4,97,0,2.3,3,6047,0.45,0.62,131.7,121,93,95.8,30.44,29.86,27.52,27.92
122.12,4982,137.5,98,0,1.4,3,6052,0.44,0.63,131.7,121,93,95.8,30.44,29.86,27.52,27.92
122.16,4984,137.6,98,0,1.4,3,6056,0.42,0.64,131.7,121,93,95.8,30.44,29.86,27.53,27.93
122.2,4985,137.8,99,0,0.2,3,6061,0.4,0.65,131.7,121,93.1,95.9,30.44,29.86,27.53,27.93
122.24,4987,137.8,100,0,-0.1,3,6064,0,0.04,131.7,121,93,95.8,30.44,29.86,27.53,27.93
122.28,4988,137.9,100,0,0.2,3,6066,0,0.04,131.7,121,93,95.8,30.44,29.86,27.53,27.93
122.32,4990,137.9,100,0,0.6,3,6069,0.02,0.04,131.7,121,93,95.8,30.44,29.86,27.53,27.93
122.36,4991,138,100,0,-0.5,3,6071,0.01,0.04,131.7,121,93,95.8,30.44,29.86,27.53,27.93
122.4,4993,138,100,0,0.6,3,6074,0.03,0.04,131.7,120.9,93,95.8,30.44,29.86,27.53,27.93
122.44,4994,138.1,100,0,0.5,3,6076,-0.02,0.04,131.6,120.9,93,95.8,30.44,29.85,27.52,27.92
122.48,4996,138.2,100,0,-0.2,3,6079,-0.01,0.04,131.6,120.9,93,95.8,30.43,29.85,27.52,27.92
122.52,4997,138.2,100,0,0.3,3,6081,0.03,0.04,131.6,120.9,93,95.8,30.43,29.85,27.52,27.92
122.56,4999,138.3,100,0,-0.7,3,6084,-0.01,0.04,131.6,120.9,93,95.8,30.43,29.85,27.52,27.92
122.6,5000,138.3,100,0,-0.3,3,6086,-0.01,0.04,131.6,120.9,92.9,95.7,30.43,29.85,27.52,27.92
122.64,5002,138.4,100,0,0.3,3,6089,-0.02,0.04,131.6,120.9,92.9,95.7,30.43,29.85,27.52,27.92
122.68,5003,138.4,100,0,0.6,3,6091,0.01,0.04,131.6,120.9,92.9,95.7,30.43,29.85,27.52,27.92
122.72,5005,138.5,100,0,0.2,3,6094,0.02,0.04,131.6,120.8,92.9,95.7,30.43,29.85,27.52,27.92
122.76,5007,138.6,100,0,0,3,6097,-0.01,0.04,131.5,120.8,92.9,95.7,30.43,29.85,27.52,27.92
122.8,5008,138.6,100,0,0.2,3,6099,0,0.04,131.5,120.8,92.9,95.7,30.43,29.85,27.52,27.92
122.84,5010,138.7,100,0,0.5,3,6102,-0.01,0.04,131.5,120.8,92.9,95.7,30.43,29.85,27.52,27.92
122.88,5011,138.7,100,0,1.1,3,6104,0.03,0.04,131.5,120.8,92.9,95.7,30.43,29.85,27.51,27.91
122.92,5013,138.8,100,0,-0.7,3,6107,-0.01,0.04,131.5,120.8,92.8,95.6,30.43,29.84,27.51,27.91
122.96,5014,138.8,100,0,-0.4,3,6109,0.01,0.04,131.5,120.8,92.8,95.6,30.42,29.84,27.51,27.91
123,5016,138.9,100,0,0,3,6112,-0.01,0.04,131.5,120.8,92.8,95.6,30.42,29.84,27.51,27.91
123.04,5017,139,100,0,0.2,3,6114,-0.02,0.04,131.5,120.8,92.8,95.6,30.42,29.84,27.51,27.91
123.08,5019,139,100,0,0.6,3,6117,-0.03,0.04,131.5,120.7,92.8,95.6,30.42,29.84,27.51,27.91
123.12,5020,139.1,100,0,0.6,3,6119,-0.03,0.04,131.4,120.7,92.8,95.6,30.42,29.84,27.51,27.91
123.16,5022,139.1,100,0,0,3,6122,-0.01,0.04,131.4,120.7,92.8,95.6,30.42,29.84,27.51,27.91
123.2,5024,139.2,100,0,0.9,3,6124,0,0.04,131.4,120.7,92.8,95.6,30.42,29.84,27.51,27.91
123.24,5025,139.2,100,0,0.2,3,6127,0.01,0.04,131.4,120.7,92.7,95.5,30.42,29.84,27.51,27.91
123.28,5027,139.3,100,0,0.1,3,6129,-0.02,0.04,131.4,120.7,92.7,95.5,30.42,29.84,27.51,27.91
123.32,5028,139.4,100,0,0.1,3,6132,-0.01,0.04,131.4,120.7,92.7,95.5,30.42,29.84,27.5,27.9
123.36,5030,139.4,100,0,0,3,6135,0,0.04,131.4,120.7,92.7,95.5,30.42,29.83,27.5,27.9
123.4,5031,139.5,100,0,-0.2,3,6137,0.03,0.04,131.4,120.6,92.7,95.5,30.41,29.83,27.5,27.9
123.44,5033,139.5,100,0,-0.1,3,6140,0.01,0.04,131.3,120.6,92.7,95.5,30.41,29.83,27.5,27.9
123.48,5034,139.6,100,0,-0.1,3,6142,0.02,0.04,131.3,120.6,92.7,95.5,30.41,29.83,27.5,27.9
123.52,5036,139.7,100,0,0.5,3,6145,0,0.04,131.3,120.6,92.7,95.5,30.41,29.83,27.5,27.9
123.56,5037,139.7,100,0,-0.1,3,6147,0.01,0.04,131.3,120.6,92.7,95.5,30.41,29.83,27.5,27.9
123.6,5039,139.8,100,0,-0.2,3,6150,0,0.04,131.3,120.6,92.6,95.4,30.41,29.83,27.5,27.9
123.64,5041,139.8,100,0,0.1,3,6152,0,0.04,131.3,120.6,92.6,95.4,30.41,29.83,27.5,27.9
123.68,5042,139.9,100,0,-0.2,3,6155,0.02,0.04,131.3,120.6,92.6,95.4,30.41,29.83,27.5,27.9
123.72,5044,139.9,100,0,0,3,6157,0.04,0.04,131.3,120.5,92.6,95.4,30.41,29.83,27.5,27.9
123.76,5045,140,100,0,1,3,6160,0.01,0.04,131.2,120.5,92.6,95.4,30.41,29.83,27.49,27.89
123.8,5047,140.1,100,0,0,3,6162,-0.02,0.04,131.2,120.5,92.6,95.4,30.41,29.82,27.49,27.89
123.84,5048,140.1,100,0,-0.6,3,6165,0.01,0.04,131.2,120.5,92.6,95.4,30.4,29.82,27.49,27.89
123.88,5050,140.2,100,0,0.3,3,6167,0,0.04,131.2,120.5,92.6,95.4,30.4,29.82,27.49,27.89
123.92,5051,140.2,100,0,-0.8,3,6170,-0.01,0.04,131.2,120.5,92.5,95.3,30.4,29.82,27.49,27.89
123.96,5053,140.3,100,0,-0.1,3,6173,-0.01,0.04,131.2,120.5,92.5,95.3,30.4,29.82,27.49,27.89
124,5055,140.3,100,0,-0.5,3,6175,-0.05,0.04,131.2,120.5,92.5,95.3,30.4,29.82,27.49,27.89
124.04,5056,140.4,100,0,0.5,3,6178,0.01,0.04,131.2,120.5,92.5,95.3,30.4,29.82,27.49,27.89
124.08,5058,140.5,100,0,0,3,6180,0.02,0.04,131.2,120.4,92.5,95.3,30.4,29.82,27.49,27.89
124.12,5059,140.5,100,0,-0.4,3,6183,0.03,0.04,131.1,120.4,92.5,95.3,30.4,29.82,27.49,27.89
124.16,5061,140.6,100,0,0.5,3,6185,-0.01,0.04,131.1,120.4,92.5,95.3,30.4,29.82,27.49,27.89
124.2,5062,140.6,100,0,-0.2,3,6188,0,0.04,131.1,120.4,92.5,95.3,30.4,29.82,27.48,27.88
124.24,5064,140.7,100,0,-0.4,3,6190,-0.02,0.04,131.1,120.4,92.4,95.2,30.4,29.81,27.48,27.88
124.28,5066,140.7,100,0,0.1,3,6193,0.01,0.04,131.1,120.4,92.4,95.2,30.39,29.81,27.48,27.88
124.32,5067,140.8,100,0,-0.1,3,6195,-0.01,0.04,131.1,120.4,92.4,95.2,30.39,29.81,27.48,27.88
124.36,5069,140.9,100,0,0.2,3,6198,0.03,0.04,131.1,120.4,92.4,95.2,30.39,29.81,27.48,27.88
124.4,5070,140.9,100,0,-0.1,3,6200,0,0.04,131.1,120.3,92.4,95.2,30.39,29.81,27.48,27.88
124.44,5072,141,100,0,0.8,3,6203,0.01,0.04,131,120.3,92.4,95.2,30.39,29.81,27.48,27.88
124.48,5073,141,100,0,-0.1,3,6206,0,0.04,131,120.3,92.4,95.2,30.39,29.81,27.48,27.88
124.52,5075,141.1,100,0,-0.4,3,6208,-0.03,0.04,131,120.3,92.4,95.2,30.39,29.81,27.48,27.88
124.56,5076,141.1,100,0,0.3,3,6211,0.01,0.04,131,120.3,92.4,95.2,30.39,29.81,27.48,27.88
124.6,5078,141.2,100,0,-0.8,3,6213,0.02,0.04,131,120.3,92.3,95.1,30.39,29.81,27.48,27.88
124.64,5080,141.3,100,0,-0.3,3,6216,0,0.04,131,120.3,92.3,95.1,30.39,29.81,27.47,27.87
124.68,5081,141.3,100,0,0,3,6218,0.02,0.04,131,120.3,92.3,95.1,30.39,29.8,27.47,27.87
124.72,5083,141.4,100,0,0.3,3,6221,-0.02,0.04,131,120.2,92.3,95.1,30.38,29.8,27.47,27.87
124.76,5084,141.4,100,0,0.4,3,6223,0.01,0.04,130.9,120.2,92.3,95.1,30.38,29.8,27.47,27.87
124.8,5086,141.5,100,0,0.3,3,6226,-0.04,0.04,130.9,120.2,92.3,95.1,30.38,29.8,27.47,27.87
124.84,5087,141.6,100,0,0.4,3,6228,0,0.04,130.9,120.2,92.3,95.1,30.38,29.8,27.47,27.87
124.88,5089,141.6,100,0,0.1,3,6231,0,0.04,130.9,120.2,92.3,95.1,30.38,29.8,27.47,27.87
124.92,5091,141.7,100,0,1,3,6233,-0.02,0.04,130.9,120.2,92.2,95,30.38,29.8,27.47,27.87
124.96,5092,141.7,100,0,0,3,6236,0.02,0.04,130.9,120.2,92.2,95,30.38,29.8,27.47,27.87
125,5094,141.8,100,0,0.1,3,6238,-0.01,0.04,130.9,120.2,92.2,95,30.38,29.8,27.47,27.87
125.04,5095,141.8,100,0,-0.5,3,6241,-0.01,0.04,130.9,120.2,92.2,95,30.38,29.8,27.47,27.87
125.08,5097,141.9,100,0,0.6,3,6244,0.01,0.04,130.9,120.1,92.2,95,30.38,29.8,27.46,27.86
125.12,5098,142,100,0,0.4,3,6246,-0.03,0.04,130.8,120.1,92.2,95,30.38,29.79,27.46,27.86
125.16,5100,142,100,0,0.2,3,6249,-0.03,0.04,130.8,120.1,92.2,95,30.37,29.79,27.46,27.86
125.2,5102,142.1,100,0,0.3,3,6251,0.01,0.04,130.8,120.1,92.2,95,30.37,29.79,27.46,27.86
125.24,5103,142.1,100,0,-0.3,3,6254,-0.04,0.04,130.8,120.1,92.1,94.9,30.37,29.79,27.46,27.86
125.28,5105,142.2,100,0,-0.6,3,6256,0.01,0.04,130.8,120.1,92.1,94.9,30.37,29.79,27.46,27.86
125.32,5106,142.2,100,0,0.1,3,6259,0.02,0.04,130.8,120.1,92.1,94.9,30.37,29.79,27.46,27.86
125.36,5108,142.3,100,0,0.8,3,6261,0,0.04,130.8,120.1,92.1,94.9,30.37,29.79,27.46,27.86
125.4,5110,142.4,100,0,-0.5,3,6264,-0.01,0.04,130.8,120,92.1,94.9,30.37,29.79,27.46,27.86
125.44,5111,142.4,100,0,-0.5,3,6266,-0.01,0.04,130.7,120,92.1,94.9,30.37,29.79,27.46,27.86
125.48,5113,142.5,100,0,-0.5,3,6269,0.02,0.04,130.7,120,92.1,94.9,30.37,29.79,27.46,27.86
125.52,5114,142.5,100,0,0,3,6271,-0.01,0.04,130.7,120,92.1,94.9,30.37,29.79,27.45,27.85
125.56,5116,142.6,100,0,-0.3,3,6274,0.03,0.04,130.7,120,92.1,94.9,30.37,29.78,27.45,27.85
125.6,5117,142.6,100,0,0.7,3,6276,0.05,0.04,130.7,120,92,94.8,30.36,29.78,27.45,27.85
125.64,5119,142.7,100,0,-0.1,3,6279,-0.02,0.04,130.7,120,92,94.8,30.36,29.78,27.45,27.85
125.68,5121,142.8,100,0,0.6,3,6282,0.02,0.04,130.7,120,92,94.8,30.36,29.78,27.45,27.85
125.72,5122,142.8,100,0,0.3,3,6284,0.02,0.04,130.7,119.9,92,94.8,30.36,29.78,27.45,27.85
125.76,5124,142.9,100,0,0.8,3,6287,-0.04,0.04,130.6,119.9,92,94.8,30.36,29.78,27.45,27.85
125.8,5125,142.9,100,0,0.2,3,6289,0,0.04,130.6,119.9,92,94.8,30.36,29.78,27.45,27.85
125.84,5127,143,100,0,-0.5,3,6292,0.01,0.04,130.6,119.9,92,94.8,30.36,29.78,27.45,27.85
125.88,5129,143.1,100,0,0.5,3,6294,0.01,0.04,130.6,119.9,92,94.8,30.36,29.78,27.45,27.85
125.92,5130,143.1,100,0,0.1,3,6297,0.02,0.04,130.6,119.9,91.9,94.7,30.36,29.78,27.45,27.85
125.96,5132,143.2,100,0,0.9,3,6299,0.02,0.04,130.6,119.9,91.9,94.7,30.36,29.78,27.44,27.84
126,5133,143.2,100,0,-0.1,3,6302,-0.01,0.04,130.6,119.9,91.9,94.7,30.36,29.77,27.44,27.84
126.04,5135,143.3,100,0,-0.3,3,6304,0,0.04,130.6,119.9,91.9,94.7,30.35,29.77,27.44,27.84
126.08,5137,143.3,100,0,0.3,3,6307,0,0.04,130.6,119.8,91.9,94.7,30.35,29.77,27.44,27.84
126.12,5138,143.4,100,0,0.4,3,6309,-0.01,0.04,130.5,119.8,91.9,94.7,30.35,29.77,27.44,27.84
126.16,5140,143.5,100,0,0.3,3,6312,-0.03,0.04,130.5,119.8,91.9,94.7,30.35,29.77,27.44,27.84
126.2,5141,143.5,100,0,0.5,3,6314,0,0.04,130.5,119.8,91.9,94.7,30.35,29.77,27.44,27.84
126.24,5143,143.6,100,0,0.4,3,6317,0.03,0.04,130.5,119.8,91.8,94.6,30.35,29.77,27.44,27.84
126.28,5144,143.6,100,0,0.6,3,6320,0,0.04,130.5,119.8,91.8,94.6,30.35,29.77,27.44,27.84
126.32,5146,143.7,100,0,-0.1,3,6322,0.03,0.04,130.5,119.8,91.8,94.6,30.35,29.77,27.44,27.84
126.36,5148,143.7,100,0,0.4,3,6325,0,0.04,130.5,119.8,91.8,94.6,30.35,29.77,27.44,27.84
126.4,5149,143.8,100,0,0,3,6327,-0.02,0.04,130.5,119.7,91.8,94.6,30.35,29.77,27.44,27.84
126.44,5151,143.9,100,0,0,3,6330,0,0.04,130.4,119.7,91.8,94.6,30.35,29.76,27.43,27.83
126.48,5152,143.9,100,0,-0.6,3,6332,0.01,0.04,130.4,119.7,91.8,94.6,30.34,29.76,27.43,27.83
126.52,5154,144,100,0,-0.9,3,6335,0.01,0.04,130.4,119.7,91.8,94.6,30.34,29.76,27.43,27.83
126.56,5156,144,100,0,-0.2,3,6337,0.01,0.04,130.4,119.7,91.8,94.6,30.34,29.76,27.43,27.83
126.6,5157,144.1,100,0,0.6,3,6340,-0.02,0.04,130.4,119.7,91.7,94.5,30.34,29.76,27.43,27.83
126.64,5159,144.1,100,0,-0.2,3,6342,-0.01,0.04,130.4,119.7,91.7,94.5,30.34,29.76,27.43,27.83
126.68,5160,144.2,100,0,0.1,3,6345,-0.01,0.04,130.4,119.7,91.7,94.5,30.34,29.76,27.43,27.83
126.72,5162,144.3,100,0,0.3,3,6347,0,0.04,130.4,119.6,91.7,94.5,30.34,29.76,27.43,27.83
126.76,5164,144.3,100,0,0.3,3,6350,0.02,0.04,130.3,119.6,91.7,94.5,30.34,29.76,27.43,27.83
126.8,5165,144.4,100,0,-0.8,3,6353,0.02,0.04,130.3,119.6,91.7,94.5,30.34,29.76,27.43,27.83
126.84,5167,144.4,100,0,-0.2,3,6355,0.01,0.04,130.3,119.6,91.7,94.5,30.34,29.76,27.43,27.83
126.88,5169,144.5,100,0,-0.6,3,6358,-0.02,0.04,130.3,119.6,91.7,94.5,30.34,29.76,27.42,27.82
126.92,5170,144.5,100,0,0.6,3,6360,-0.01,0.04,130.3,119.6,91.6,94.4,30.34,29.75,27.42,27.82
126.96,5172,144.6,100,0,-0.4,3,6363,0,0.04,130.3,119.6,91.6,94.4,30.33,29.75,27.42,27.82
127,5173,144.7,100,0,-0.7,3,6365,0.04,0.04,130.3,119.6,91.6,94.4,30.33,29.75,27.42,27.82
127.04,5175,144.7,100,0,0.1,3,6368,0,0.04,130.3,119.6,91.6,94.4,30.33,29.75,27.42,27.82
127.08,5177,144.8,100,0,0.2,3,6370,-0.03,0.04,130.3,119.5,91.6,94.4,30.33,29.75,27.42,27.82
127.12,5178,144.8,100,0,0,3,6373,0.01,0.04,130.2,119.5,91.6,94.4,30.33,29.75,27.42,27.82
127.16,5180,144.9,100,0,0.2,3,6375,0.01,0.04,130.2,119.5,91.6,94.4,30.33,29.75,27.42,27.82
127.2,5181,145,100,0,-0.1,3,6378,-0.01,0.04,130.2,119.5,91.6,94.4,30.33,29.75,27.42,27.82
127.24,5183,145,100,0,0,3,6380,0,0.04,130.2,119.5,91.5,94.3,30.33,29.75,27.42,27.82
127.28,5185,145.1,100,0,0.1,3,6383,0,0.04,130.2,119.5,91.5,94.3,30.33,29.75,27.42,27.82
127.32,5186,145.1,100,0,0.1,3,6385,0.03,0.04,130.2,119.5,91.5,94.3,30.33,29.75,27.41,27.81
127.36,5188,145.2,100,0,0.5,3,6388,-0.01,0.04,130.2,119.5,91.5,94.3,30.33,29.74,27.41,27.81
127.4,5189,145.2,100,0,0.1,3,6391,-0.02,0.04,130.2,119.4,91.5,94.3,30.32,29.74,27.41,27.81
127.44,5191,145.3,100,0,-0.2,3,6393,0,0.04,130.1,119.4,91.5,94.3,30.32,29.74,27.41,27.81
127.48,5193,145.4,100,0,0.5,3,6396,-0.01,0.04,130.1,119.4,91.5,94.3,30.32,29.74,27.41,27.81
127.52,5194,145.4,100,0,1.1,3,6398,-0.01,0.04,130.1,119.4,91.5,94.3,30.32,29.74,27.41,27.81
127.56,5196,145.5,100,0,0.1,3,6401,0.01,0.04,130.1,119.4,91.5,94.3,30.32,29.74,27.41,27.81
127.6,5198,145.5,100,0,-0.3,3,6403,0.01,0.04,130.1,119.4,91.4,94.2,30.32,29.74,27.41,27.81
127.64,5199,145.6,100,0,0.4,3,6406,-0.03,0.04,130.1,119.4,91.4,94.2,30.32,29.74,27.41,27.81
127.68,5201,145.6,100,0,-0.7,3,6408,-0.02,0.04,130.1,119.4,91.4,94.2,30.32,29.74,27.41,27.81
127.72,5202,145.7,100,0,-0.8,3,6411,-0.03,0.04,130.1,119.3,91.4,94.2,30.32,29.74,27.41,27.81
127.76,5204,145.8,100,0,-0.8,3,6413,-0.03,0.04,130,119.3,91.4,94.2,30.32,29.74,27.4,27.8
127.8,5206,145.8,100,0,0.3,3,6416,-0.02,0.04,130,119.3,91.4,94.2,30.32,29.73,27.4,27.8
127.84,5207,145.9,100,0,0.2,3,6418,0.03,0.04,130,119.3,91.4,94.2,30.31,29.73,27.4,27.8
127.88,5209,145.9,100,0,-0.3,3,6421,-0.03,0.04,130,119.3,91.4,94.2,30.31,29.73,27.4,27.8
127.92,5210,146,100,0,0.1,3,6423,-0.04,0.04,130,119.3,91.3,94.1,30.31,29.73,27.4,27.8
127.96,5212,146,100,0,-0.8,3,6426,0.01,0.04,130,119.3,91.3,94.1,30.31,29.73,27.4,27.8
128,5214,146.1,100,0,0.1,3,6429,0.04,0.04,130,119.3,91.3,94.1,30.31,29.73,27.4,27.8
128.04,5215,146.2,100,0,0.1,3,6431,0.02,0.04,130,119.3,91.3,94.1,30.31,29.73,27.4,27.8
128.08,5217,146.2,100,0,0.4,3,6434,0.02,0.04,130,119.2,91.3,94.1,30.31,29.73,27.4,27.8
128.12,5219,146.3,100,0,0.1,3,6436,0,0.04,129.9,119.2,91.3,94.1,30.31,29.73,27.4,27.8
128.16,5220,146.3,100,0,-0.2,3,6439,-0.03,0.04,129.9,119.2,91.3,94.1,30.31,29.73,27.4,27.8
128.2,5222,146.4,100,0,0.3,3,6441,-0.04,0.04,129.9,119.2,91.3,94.1,30.31,29.73,27.39,27.79
128.24,5223,146.4,100,0,-0.1,3,6444,0,0.04,129.9,119.2,91.2,94,30.31,29.72,27.39,27.79
128.28,5225,146.5,100,0,0.2,3,6446,0.03,0.04,129.9,119.2,91.2,94,30.3,29.72,27.39,27.79
128.32,5227,146.6,100,0,0.7,3,6449,0,0.04,129.9,119.2,91.2,94,30.3,29.72,27.39,27.79
128.36,5228,146.6,100,0,0.2,3,6451,0,0.04,129.9,119.2,91.2,94,30.3,29.72,27.39,27.79
128.4,5230,146.7,100,0,-0.3,3,6454,0.03,0.04,129.9,119.1,91.2,94,30.3,29.72,27.39,27.79
128.44,5232,146.7,100,0,0,3,6456,-0.02,0.04,129.8,119.1,91.2,94,30.3,29.72,27.39,27.79
128.48,5233,146.8,100,0,-0.2,3,6459,-0.02,0.04,129.8,119.1,91.2,94,30.3,29.72,27.39,27.79
128.52,5235,146.9,100,0,0.6,3,6461,-0.01,0.04,129.8,119.1,91.2,94,30.3,29.72,27.39,27.79
128.56,5236,146.9,100,0,0.4,3,6464,-0.02,0.04,129.8,119.1,91.2,94,30.3,29.72,27.39,27.79
128.6,5238,147,100,0,-0.1,3,6467,0.02,0.04,129.8,119.1,91.1,93.9,30.3,29.72,27.39,27.79
128.64,5240,147,100,0,0,3,6469,0,0.04,129.8,119.1,91.1,93.9,30.3,29.72,27.38,27.78
128.68,5241,147.1,100,0,-0.5,3,6472,0.03,0.04,129.8,119.1,91.1,93.9,30.3,29.71,27.38,27.78
128.72,5243,147.1,100,0,0.2,3,6474,-0.02,0.04,129.8,119,91.1,93.9,30.29,29.71,27.38,27.78
128.76,5245,147.2,100,0,-0.6,3,6477,0,0.04,129.7,119,91.1,93.9,30.29,29.71,27.38,27.78
128.8,5246,147.3,100,0,0.6,3,6479,0.02,0.04,129.7,119,91.1,93.9,30.29,29.71,27.38,27.78
128.84,5248,147.3,100,0,0.4,3,6482,-0.03,0.04,129.7,119,91.1,93.9,30.29,29.71,27.38,27.78
128.88,5250,147.4,100,0,-0.1,3,6484,0,0.04,129.7,119,91.1,93.9,30.29,29.71,27.38,27.78
128.92,5251,147.4,100,0,0.8,3,6487,0.04,0.04,129.7,119,91,93.8,30.29,29.71,27.38,27.78
128.96,5253,147.5,100,0,0.2,3,6489,0.01,0.04,129.7,119,91,93.8,30.29,29.71,27.38,27.78
129,5254,147.5,100,0,0.5,3,6492,0,0.04,129.7,119,91,93.8,30.29,29.71,27.38,27.78
129.04,5256,147.6,100,0,0.4,3,6494,0.01,0.04,129.7,119,91,93.8,30.29,29.71,27.38,27.78
129.08,5258,147.7,100,0,-0.2,3,6497,0,0.04,129.7,118.9,91,93.8,30.29,29.71,27.37,27.77
129.12,5259,147.7,100,0,-0.5,3,6499,-0.03,0.04,129.6,118.9,91,93.8,30.29,29.7,27.37,27.77
129.16,5261,147.8,100,0,0.7,3,6502,0.02,0.04,129.6,118.9,91,93.8,30.28,29.7,27.37,27.77
129.2,5263,147.8,100,0,-0.4,3,6505,0.02,0.04,129.6,118.9,91,93.8,30.28,29.7,27.37,27.77
129.24,5264,147.9,100,0,0.1,3,6507,0,0.04,129.6,118.9,90.9,93.7,30.28,29.7,27.37,27.77
129.28,5266,147.9,100,0,0.2,3,6510,-0.01,0.04,129.6,118.9,90.9,93.7,30.28,29.7,27.37,27.77
129.32,5268,148,100,0,0.6,3,6512,0,0.04,129.6,118.9,90.9,93.7,30.28,29.7,27.37,27.77
129.36,5269,148.1,100,0,-0.8,3,6515,-0.02,0.04,129.6,118.9,90.9,93.7,30.28,29.7,27.37,27.77
129.4,5271,148.1,100,0,0.3,3,6517,0.03,0.04,129.6,118.8,90.9,93.7,30.28,29.7,27.37,27.77
129.44,5273,148.1,0,1,-1.2,3,6516,0,-1.85,129.7,118.9,90.9,93.7,30.29,29.7,27.37,27.77
129.48,5274,147.9,0,5,-0.3,3,6509,0,-1.85,129.8,118.9,90.9,93.7,30.3,29.7,27.37,27.77
129.52,5276,147.7,0,9,-0.5,3,6497,0,-1.85,129.9,119,90.9,93.7,30.31,29.71,27.37,27.77
129.56,5277,147.2,0,14,-0.9,3,6479,0,-1.85,130,119,90.9,93.7,30.32,29.71,27.37,27.77
129.6,5279,146.7,0,18,-0.2,3,6455,0,-1.85,130.2,119,90.9,93.7,30.32,29.71,27.37,27.77
129.64,5281,146,0,22,0.4,3,6426,0,-1.85,130.3,119.1,90.9,93.7,30.33,29.72,27.37,27.77
129.68,5282,145.3,0,26,0.6,3,6392,0,-1.85,130.4,119.1,90.9,93.7,30.34,29.72,27.37,27.77
129.72,5284,144.5,0,30,1.2,3,6358,0,-1.85,130.5,119.2,90.9,93.7,30.35,29.72,27.37,27.77
129.76,5286,144.5,0,34,-0.2,3,6358,0,-1.85,130.6,119.2,90.9,93.7,30.36,29.73,27.37,27.77
129.8,5287,144.5,0,38,0.8,3,6358,0,-1.85,130.8,119.2,90.9,93.7,30.37,29.73,27.37,27.77
129.84,5289,144.5,0,42,-0.3,3,6358,0,-1.85,130.9,119.3,90.9,93.7,30.38,29.73,27.37,27.77
129.88,5290,144.5,0,46,0.5,3,6358,0,-1.85,131,119.3,90.9,93.7,30.39,29.73,27.37,27.77
129.92,5292,144.5,0,50,0,3,6358,0,-1.85,131.1,119.4,90.9,93.7,30.4,29.74,27.37,27.77
129.96,5294,144.5,0,54,1.2,3,6358,0,-1.85,131.2,119.4,90.9,93.7,30.41,29.74,27.37,27.77
130,5295,144.5,0,55,0.7,3,6358,0,-1.85,131.4,119.4,90.9,93.7,30.41,29.74,27.37,27.77
130.04,5297,144.5,0,55,-0.3,3,6358,0,-1.85,131.5,119.5,90.9,93.7,30.42,29.75,27.37,27.77
130.08,5298,144.5,0,55,-0.3,3,6358,0,-1.85,131.6,119.5,90.9,93.7,30.43,29.75,27.37,27.77
130.12,5300,144.5,0,55,0.9,3,6358,0,-1.85,131.7,119.6,90.9,93.7,30.44,29.75,27.37,27.77
130.16,5302,144.5,0,55,0.8,3,6358,0,-1.85,131.8,119.6,90.9,93.7,30.45,29.76,27.37,27.77
130.2,5303,144.5,0,55,0.4,3,6358,0,-1.85,132,119.6,90.9,93.7,30.46,29.76,27.37,27.77
130.24,5305,144.5,0,55,-0.3,3,6358,0,-1.85,132.1,119.7,90.9,93.7,30.47,29.76,27.37,27.77
130.28,5306,144.5,0,55,-1.8,3,6358,0,-1.85,132.2,119.7,90.9,93.7,30.48,29.76,27.37,27.77
130.32,5308,144.5,0,55,0.8,3,6358,0,-1.85,132.3,119.8,90.9,93.7,30.49,29.77,27.37,27.77
130.36,5310,144.5,0,55,0.3,3,6358,0,-1.85,132.4,119.8,90.9,93.7,30.5,29.77,27.37,27.77
130.4,5311,144.5,0,55,0.2,3,6358,0,-1.85,132.6,119.8,90.9,93.7,30.5,29.77,27.37,27.77
130.44,5313,144.5,0,55,0.5,3,6358,0,-1.85,132.7,119.9,90.9,93.7,30.51,29.78,27.37,27.77
130.48,5314,144.5,0,55,-0.2,3,6358,0,-1.85,132.8,119.9,90.9,93.7,30.52,29.78,27.37,27.77
130.52,5316,144.5,0,55,-0.3,3,6358,0,-1.85,132.9,120,90.9,93.7,30.53,29.78,27.37,27.77
130.56,5318,144.5,0,55,0.5,3,6358,0,-1.85,133,120,90.9,93.7,30.54,29.79,27.37,27.77
130.6,5319,144.5,0,55,0,3,6358,0,-1.85,133.2,120,90.9,93.7,30.55,29.79,27.37,27.77
130.64,5321,144.5,0,55,0.4,3,6358,0,-1.85,133.3,120.1,90.9,93.7,30.56,29.79,27.37,27.77
130.68,5323,144.5,0,55,-0.4,3,6358,0,-1.85,133.4,120.1,90.9,93.7,30.57,29.79,27.37,27.77
130.72,5324,144.5,0,55,-1,3,6358,0,-1.85,133.5,120.2,90.9,93.7,30.58,29.8,27.37,27.77
130.76,5326,144.5,0,55,0.7,3,6358,0,-1.85,133.6,120.2,90.9,93.7,30.59,29.8,27.37,27.77
130.8,5327,144.5,0,55,-0.7,3,6358,0,-1.85,133.8,120.2,90.9,93.7,30.59,29.8,27.37,27.77
130.84,5329,144.5,0,55,-0.5,3,6358,0,-1.85,133.9,120.3,90.9,93.7,30.6,29.81,27.37,27.77
130.88,5331,144.5,0,55,-1,3,6358,0,-1.85,134,120.3,90.9,93.7,30.61,29.81,27.37,27.77
130.92,5332,144.5,0,55,-0.4,3,6358,0,-1.85,134.1,120.4,90.9,93.7,30.62,29.81,27.37,27.77
130.96,5334,144.5,0,55,0.7,3,6358,0,-1.85,134.2,120.4,90.9,93.7,30.63,29.82,27.37,27.77
131,5335,144.5,0,55,0.9,3,6358,0,-1.85,134.4,120.4,90.9,93.7,30.64,29.82,27.37,27.77
131.04,5337,144.5,0,55,-0.2,3,6358,0,-1.85,134.5,120.5,90.9,93.7,30.65,29.82,27.37,27.77
131.08,5339,144.5,0,55,-0.1,3,6358,0,-1.85,134.6,120.5,90.9,93.7,30.66,29.82,27.37,27.77
131.12,5340,144.5,0,54,1.2,3,6358,0.04,-1.37,134.7,120.6,90.9,93.7,30.67,29.83,27.37,27.77
131.16,5342,144.5,0,52,3,3,6358,0.08,-1.35,134.8,120.6,90.9,93.7,30.68,29.83,27.37,27.77
131.2,5343,144.5,0,51,3.6,3,6358,0.12,-1.32,135,120.6,90.9,93.7,30.68,29.83,27.37,27.77
131.24,5345,144.5,0,49,6.2,3,6358,0.16,-1.29,135.1,120.7,90.9,93.7,30.69,29.84,27.37,27.77
131.28,5347,144.5,0,48,6.4,3,6358,0.21,-1.26,135.2,120.7,90.9,93.7,30.7,29.84,27.37,27.77
131.32,5348,144.5,0,46,8.3,3,6358,0.25,-1.23,135.3,120.8,90.9,93.7,30.71,29.84,27.37,27.77
131.36,5350,144.5,0,45,9.4,3,6358,0.29,-1.21,135.4,120.8,90.9,93.7,30.72,29.85,27.37,27.77
131.4,5351,144.5,0,43,11.6,3,6358,0.33,-1.18,135.6,120.8,90.9,93.7,30.73,29.85,27.37,27.77
131.44,5353,144.5,0,42,12.4,3,6358,0.37,-1.15,135.7,120.9,90.9,93.7,30.74,29.85,27.37,27.77
131.48,5355,144.5,0,40,14,3,6358,0.41,-1.12,135.8,120.9,90.9,93.7,30.75,29.85,27.37,27.77
131.52,5356,144.5,0,39,14.7,3,6358,0.45,-1.1,135.9,121,90.9,93.7,30.76,29.86,27.37,27.77
131.56,5358,144.5,0,38,16.1,3,6358,0.5,-1.07,136,121,90.9,93.7,30.77,29.86,27.37,27.77
131.6,5359,144.5,0,36,18,3,6358,0.54,-1.04,136.2,121,90.9,93.7,30.77,29.86,27.37,27.77
131.64,5361,144.5,0,35,19,3,6358,0.58,-1.01,136.3,121.1,90.9,93.7,30.78,29.87,27.37,27.77
131.68,5363,144.5,0,34,20.1,3,6358,0.62,-0.99,136.4,121.1,90.9,93.7,30.79,29.87,27.37,27.77
131.72,5364,144.5,0,32,21.1,3,6358,0.66,-0.96,136.5,121.2,90.9,93.7,30.8,29.87,27.37,27.77
131.76,5366,144.5,0,31,21.3,3,6358,0.7,-0.93,136.6,121.2,90.9,93.7,30.81,29.88,27.37,27.77
131.8,5367,144.5,0,30,24.2,3,6358,0.74,-0.9,136.8,121.2,90.9,93.7,30.82,29.88,27.37,27.77
131.84,5369,144.5,0,29,24.6,3,6358,0.79,-0.88,136.9,121.3,90.9,93.7,30.83,29.88,27.37,27.77
131.88,5371,144.5,0,27,25.7,3,6358,0.83,-0.85,137,121.3,90.9,93.7,30.84,29.88,27.37,27.77
131.92,5372,144.5,0,26,26.9,3,6358,0.87,-0.82,137.1,121.4,90.9,93.7,30.85,29.89,27.37,27.77
131.96,5374,144.5,0,25,29.3,3,6358,0.91,-0.79,137.2,121.4,90.9,93.7,30.86,29.89,27.37,27.77
132,5375,144.5,0,24,29.3,3,6358,0.95,-0.77,137.4,121.4,90.9,93.7,30.86,29.89,27.37,27.77
132.04,5377,144.5,0,22,30,3,6358,0.99,-0.74,137.5,121.5,90.9,93.7,30.87,29.9,27.37,27.77
132.08,5379,144.5,0,21,32.3,3,6358,1.03,-0.71,137.6,121.5,90.9,93.7,30.88,29.9,27.37,27.77
132.12,5380,144.5,0,20,32.8,3,6358,1.08,-0.68,137.7,121.6,90.9,93.7,30.89,29.9,27.37,27.77
132.16,5382,144.5,0,19,33.5,3,6358,1.12,-0.66,137.8,121.6,90.9,93.7,30.9,29.91,27.37,27.77
132.2,5384,144.5,0,18,34,3,6358,1.16,-0.63,138,121.6,90.9,93.7,30.91,29.91,27.37,27.77
132.24,5385,144.5,0,17,35.1,3,6358,1.2,-0.6,138.1,121.7,90.9,93.7,30.92,29.91,27.37,27.77
132.28,5387,144.5,0,16,35.6,3,6358,1.24,-0.57,138.2,121.7,90.9,93.7,30.93,29.91,27.37,27.77
132.32,5388,144.5,0,15,37.2,3,6358,1.28,-0.54,138.3,121.8,90.9,93.7,30.94,29.92,27.37,27.77
132.36,5390,144.5,0,14,37.9,3,6358,1.32,-0.52,138.4,121.8,90.9,93.7,30.95,29.92,27.37,27.77
132.4,5392,144.5,0,13,37.8,3,6358,1.37,-0.49,138.6,121.8,90.9,93.7,30.95,29.92,27.37,27.77
132.44,5393,144.5,0,12,38.8,3,6358,1.41,-0.46,138.7,121.9,90.9,93.7,30.96,29.93,27.37,27.77
132.48,5395,144.5,0,11,39.7,3,6358,1.45,-0.43,138.8,121.9,90.9,93.7,30.97,29.93,27.37,27.77
132.52,5396,144.5,0,10,39.9,3,6358,1.49,-0.41,138.9,122,90.9,93.7,30.98,29.93,27.37,27.77
132.56,5398,144.5,0,9,41.3,3,6358,1.53,-0.38,139,122,90.9,93.7,30.99,29.94,27.37,27.77
132.6,5400,144.5,0,8,41.2,3,6358,1.57,-0.35,139.2,122,90.9,93.7,31,29.94,27.37,27.77
132.64,5401,144.5,0,7,41.3,3,6358,1.61,-0.32,139.3,122.1,90.9,93.7,31.01,29.94,27.37,27.77
132.68,5403,144.5,0,6,42.9,3,6358,1.66,-0.3,139.4,122.1,90.9,93.7,31.02,29.94,27.37,27.77
132.72,5404,144.5,0,5,42.9,3,6358,1.7,-0.27,139.5,122.2,90.9,93.7,31.03,29.95,27.37,27.77
132.76,5406,144.5,0,5,43.4,3,6358,1.74,-0.24,139.6,122.2,90.9,93.7,31.04,29.95,27.37,27.77
132.8,5408,144.5,0,4,42.8,3,6358,1.78,-0.21,139.8,122.2,90.9,93.7,31.04,29.95,27.37,27.77
132.84,5409,144.5,0,3,43.3,3,6358,1.82,-0.19,139.9,122.3,90.9,93.7,31.05,29.96,27.37,27.77
132.88,5411,144.5,0,3,43.9,3,6358,1.86,-0.16,140,122.3,90.9,93.7,31.06,29.96,27.37,27.77
132.92,5412,144.5,0,2,44.5,3,6358,1.9,-0.13,140.1,122.4,90.9,93.7,31.07,29.96,27.37,27.77
132.96,5414,144.5,0,1,44.9,3,6358,1.95,-0.1,140.2,122.4,90.9,93.7,31.08,29.97,27.37,27.77
133,5416,144.5,0,1,44.6,3,6358,1.99,-0.08,140.4,122.4,90.9,93.7,31.09,29.97,27.37,27.77
133.04,5417,144.5,0,0,44.3,3,6358,2.03,-0.05,140.5,122.5,90.9,93.7,31.1,29.97,27.37,27.77
133.08,5419,144.5,0,0,45,3,6358,2.07,-0.02,140.6,122.5,90.9,93.7,31.11,29.97,27.37,27.77
133.12,5420,144.5,1,0,44.2,3,6358,1.95,0,140.6,122.5,90.9,93.7,31.11,29.97,27.37,27.77
133.16,5422,144.5,2,0,44.8,3,6358,1.93,0.01,140.6,122.5,91,93.8,31.11,29.97,27.37,27.77
133.2,5424,144.5,4,0,43.7,3,6358,1.92,0.01,140.6,122.5,91,93.8,31.11,29.97,27.38,27.78
133.24,5425,144.5,5,0,43.3,3,6359,1.9,0.02,140.6,122.5,91,93.8,31.11,29.97,27.38,27.78
133.28,5427,144.5,7,0,42.8,3,6359,1.89,0.03,140.6,122.5,91.1,93.9,31.11,29.97,27.38,27.78
133.32,5428,144.5,8,0,42.9,3,6359,1.87,0.03,140.6,122.5,91.1,93.9,31.11,29.97,27.38,27.78
133.36,5430,144.5,9,0,42.5,3,6360,1.86,0.04,140.6,122.5,91.1,93.9,31.11,29.97,27.39,27.79
133.4,5432,144.5,10,0,42.1,3,6360,1.84,0.05,140.6,122.5,91.2,94,31.11,29.97,27.39,27.79
133.44,5433,144.6,12,0,41.2,3,6361,1.83,0.05,140.6,122.5,91.2,94,31.11,29.97,27.39,27.79
133.48,5435,144.6,13,0,40.6,3,6361,1.81,0.06,140.6,122.5,91.3,94.1,31.11,29.97,27.39,27.79
133.52,5437,144.6,14,0,40.3,3,6362,1.79,0.06,140.6,122.5,91.3,94.1,31.11,29.97,27.4,27.8
133.56,5438,144.6,15,0,39.8,3,6362,1.78,0.07,140.6,122.5,91.3,94.1,31.11,29.97,27.4,27.8
133.6,5440,144.6,16,0,39.2,3,6363,1.76,0.08,140.6,122.5,91.4,94.2,31.11,29.97,27.4,27.8
133.64,5441,144.6,17,0,38.9,3,6364,1.75,0.08,140.6,122.5,91.4,94.2,31.11,29.97,27.4,27.8
133.68,5443,144.7,19,0,38.8,3,6365,1.73,0.09,140.6,122.5,91.4,94.2,31.11,29.97,27.41,27.81
133.72,5445,144.7,20,0,38.1,3,6366,1.72,0.1,140.6,122.5,91.5,94.3,31.11,29.97,27.41,27.81
133.76,5446,144.7,21,0,38.3,3,6367,1.7,0.1,140.6,122.5,91.5,94.3,31.11,29.97,27.41,27.81
133.8,5448,144.7,22,0,38,3,6367,1.69,0.11,140.6,122.5,91.5,94.3,31.11,29.97,27.41,27.81
133.84,5449,144.7,23,0,36.2,3,6369,1.67,0.11,140.6,122.5,91.6,94.4,31.11,29.97,27.42,27.82
133.88,5451,144.8,24,0,36.2,3,6370,1.66,0.12,140.6,122.5,91.6,94.4,31.11,29.97,27.42,27.82
133.92,5453,144.8,25,0,36.1,3,6371,1.64,0.13,140.6,122.5,91.6,94.4,31.11,29.97,27.42,27.82
133.96,5454,144.8,26,0,35.8,3,6372,1.63,0.13,140.6,122.5,91.7,94.5,31.11,29.97,27.43,27.83
134,5456,144.8,27,0,35.2,3,6373,1.61,0.14,140.6,122.5,91.7,94.5,31.11,29.97,27.43,27.83
134.04,5457,144.9,28,0,34.9,3,6374,1.6,0.15,140.6,122.5,91.7,94.5,31.11,29.97,27.43,27.83
134.08,5459,144.9,29,0,34.1,3,6376,1.58,0.15,140.6,122.5,91.8,94.6,31.11,29.97,27.43,27.83
134.12,5461,144.9,30,0,34.2,3,6377,1.57,0.16,140.6,122.5,91.8,94.6,31.11,29.97,27.44,27.84
134.16,5462,145,31,0,33.3,3,6378,1.55,0.17,140.6,122.5,91.8,94.6,31.11,29.97,27.44,27.84
134.2,5464,145,32,0,33.8,3,6380,1.54,0.17,140.6,122.5,91.9,94.7,31.11,29.97,27.44,27.84
134.24,5465,145,33,0,31.6,3,6381,1.52,0.18,140.6,122.5,91.9,94.7,31.11,29.97,27.44,27.84
134.28,5467,145.1,34,0,31.8,3,6383,1.51,0.18,140.6,122.5,92,94.8,31.11,29.97,27.45,27.85
134.32,5469,145.1,35,0,31.5,3,6384,1.49,0.19,140.6,122.5,92,94.8,31.11,29.97,27.45,27.85
134.36,5470,145.1,36,0,31.3,3,6386,1.48,0.2,140.6,122.5,92,94.8,31.11,29.97,27.45,27.85
134.4,5472,145.2,37,0,30.5,3,6387,1.46,0.2,140.6,122.5,92.1,94.9,31.11,29.97,27.45,27.85
134.44,5474,145.2,38,0,30.1,3,6389,1.45,0.21,140.6,122.5,92.1,94.9,31.11,29.97,27.46,27.86
134.48,5475,145.2,39,0,29.7,3,6391,1.43,0.22,140.6,122.5,92.1,94.9,31.11,29.97,27.46,27.86
134.52,5477,145.3,40,0,29,3,6392,1.42,0.22,140.6,122.5,92.2,95,31.11,29.97,27.46,27.86
134.56,5478,145.3,41,0,28.9,3,6394,1.4,0.23,140.6,122.5,92.2,95,31.11,29.97,27.46,27.86
134.6,5480,145.4,42,0,28.7,3,6396,1.39,0.23,140.6,122.5,92.2,95,31.11,29.97,27.47,27.87
134.64,5482,145.4,43,0,28.3,3,6398,1.37,0.24,140.6,122.5,92.3,95.1,31.11,29.97,27.47,27.87
134.68,5483,145.5,44,0,27.3,3,6400,1.36,0.25,140.6,122.5,92.3,95.1,31.11,29.97,27.47,27.87
134.72,5485,145.5,45,0,27.9,3,6402,1.34,0.25,140.6,122.5,92.3,95.1,31.11,29.97,27.48,27.88
134.76,5486,145.5,46,0,26.9,3,6404,1.33,0.26,140.6,122.5,92.4,95.2,31.11,29.97,27.48,27.88
134.8,5488,145.6,47,0,26.7,3,6406,1.31,0.27,140.6,122.5,92.4,95.2,31.11,29.97,27.48,27.88
134.84,5490,145.6,48,0,26.4,3,6408,1.3,0.27,140.6,122.5,92.4,95.2,31.11,29.97,27.48,27.88
134.88,5491,145.7,49,0,25.9,3,6410,1.28,0.28,140.6,122.5,92.5,95.3,31.11,29.97,27.49,27.89
134.92,5493,145.7,50,0,25.2,3,6412,1.26,0.29,140.6,122.5,92.5,95.3,31.11,29.97,27.49,27.89
134.96,5495,145.8,51,0,24.9,3,6415,1.25,0.29,140.6,122.5,92.5,95.3,31.11,29.97,27.49,27.89
135,5496,145.8,52,0,24.3,3,6417,1.23,0.3,140.6,122.5,92.6,95.4,31.11,29.97,27.49,27.89
135.04,5498,145.9,52,0,24.1,3,6419,1.22,0.3,140.6,122.5,92.6,95.4,31.11,29.97,27.5,27.9
135.08,5499,145.9,53,0,23.6,3,6422,1.2,0.31,140.6,122.5,92.7,95.5,31.11,29.97,27.5,27.9
135.12,5501,146,54,0,23,3,6424,1.19,0.32,140.6,122.5,92.7,95.5,31.11,29.97,27.5,27.9
135.16,5503,146.1,55,0,22.6,3,6426,1.17,0.32,140.6,122.5,92.7,95.5,31.11,29.97,27.5,27.9
135.2,5504,146.1,56,0,21.5,3,6429,1.16,0.33,140.6,122.5,92.8,95.6,31.11,29.97,27.51,27.91
135.24,5506,146.2,57,0,21.7,3,6431,1.14,0.34,140.6,122.5,92.8,95.6,31.11,29.97,27.51,27.91
135.28,5508,146.2,58,0,21.4,3,6434,1.13,0.34,140.6,122.5,92.8,95.6,31.11,29.97,27.51,27.91
135.32,5509,146.3,59,0,20.3,3,6436,1.11,0.35,140.6,122.5,92.9,95.7,31.11,29.97,27.51,27.91
135.36,5511,146.3,60,0,20,3,6439,1.1,0.36,140.6,122.5,92.9,95.7,31.11,29.97,27.52,27.92
135.4,5512,146.4,61,0,19.9,3,6442,1.08,0.36,140.6,122.5,92.9,95.7,31.11,29.97,27.52,27.92
135.44,5514,146.5,62,0,19,3,6444,1.07,0.37,140.6,122.5,93,95.8,31.11,29.97,27.52,27.92
135.48,5516,146.5,63,0,18.8,3,6447,1.05,0.37,140.6,122.5,93,95.8,31.11,29.97,27.53,27.93
135.52,5517,146.6,63,0,18.6,3,6450,1.04,0.38,140.6,122.5,93,95.8,31.11,29.97,27.53,27.93
135.56,5519,146.7,64,0,17.9,3,6453,1.02,0.39,140.6,122.5,93.1,95.9,31.11,29.97,27.53,27.93
135.6,5521,146.7,65,0,17,3,6455,1.01,0.39,140.6,122.5,93.1,95.9,31.11,29.97,27.53,27.93
135.64,5522,146.8,66,0,17.3,3,6458,0.99,0.4,140.6,122.5,93.1,95.9,31.11,29.97,27.54,27.94
135.68,5524,146.8,67,0,16.7,3,6461,0.97,0.41,140.6,122.5,93.2,96,31.11,29.97,27.54,27.94
135.72,5525,146.9,68,0,15.5,3,6464,0.96,0.41,140.6,122.5,93.2,96,31.11,29.97,27.54,27.94
135.76,5527,147,69,0,16.3,3,6467,0.94,0.42,140.6,122.5,93.2,96,31.11,29.97,27.54,27.94
135.8,5529,147.1,70,0,15.4,3,6470,0.93,0.43,140.6,122.5,93.3,96.1,31.11,29.97,27.55,27.95
135.84,5530,147.1,71,0,15.1,3,6473,0.91,0.43,140.6,122.5,93.3,96.1,31.11,29.97,27.55,27.95
135.88,5532,147.2,72,0,15.2,3,6476,0.9,0.44,140.6,122.5,93.4,96.2,31.11,29.97,27.55,27.95
135.92,5534,147.3,72,0,14.2,3,6480,0.88,0.44,140.6,122.5,93.4,96.2,31.11,29.97,27.55,27.95
135.96,5535,147.3,73,0,13.6,3,6483,0.87,0.45,140.6,122.5,93.4,96.2,31.11,29.97,27.56,27.96
136,5537,147.4,74,0,13.1,3,6486,0.85,0.46,140.6,122.5,93.5,96.3,31.11,29.97,27.56,27.96
136.04,5538,147.5,75,0,13.4,3,6489,0.84,0.46,140.6,122.5,93.5,96.3,31.11,29.97,27.56,27.96
136.08,5540,147.6,76,0,12.6,3,6493,0.82,0.47,140.6,122.5,93.5,96.3,31.11,29.97,27.56,27.96
136.12,5542,147.6,77,0,12.5,3,6496,0.81,0.48,140.6,122.5,93.6,96.4,31.11,29.97,27.57,27.97
136.16,5543,147.7,78,0,11.6,3,6499,0.79,0.48,140.6,122.5,93.6,96.4,31.11,29.97,27.57,27.97
136.2,5545,147.8,79,0,11.5,3,6503,0.77,0.49,140.6,122.5,93.6,96.4,31.11,29.97,27.57,27.97
136.24,5547,147.9,79,0,10.8,3,6506,0.76,0.5,140.6,122.5,93.7,96.5,31.11,29.97,27.57,27.97
136.28,5548,147.9,80,0,10.4,3,6510,0.74,0.5,140.6,122.5,93.7,96.5,31.11,29.97,27.58,27.98
136.32,5550,148,81,0,9.7,3,6513,0.73,0.51,140.6,122.5,93.7,96.5,31.11,29.97,27.58,27.98
136.36,5552,148.1,82,0,9.9,3,6517,0.71,0.52,140.6,122.5,93.8,96.6,31.11,29.97,27.58,27.98
136.4,5553,148.2,83,0,8.9,3,6520,0.7,0.52,140.6,122.5,93.8,96.6,31.11,29.97,27.59,27.99
136.44,5555,148.3,84,0,8.1,3,6524,0.68,0.53,140.6,122.5,93.8,96.6,31.11,29.97,27.59,27.99
136.48,5557,148.3,85,0,8.2,3,6527,0.67,0.53,140.6,122.5,93.9,96.7,31.11,29.97,27.59,27.99
136.52,5558,148.4,86,0,7.5,3,6531,0.65,0.54,140.6,122.5,93.9,96.7,31.11,29.97,27.59,27.99
136.56,5560,148.5,86,0,6.9,3,6535,0.64,0.55,140.6,122.5,93.9,96.7,31.11,29.97,27.6,28
136.6,5562,148.6,87,0,6.6,3,6539,0.62,0.55,140.6,122.5,94,96.8,31.11,29.97,27.6,28
136.64,5563,148.7,88,0,6.5,3,6542,0.6,0.56,140.6,122.5,94,96.8,31.11,29.97,27.6,28
136.68,5565,148.8,89,0,6,3,6546,0.59,0.57,140.6,122.5,94.1,96.9,31.11,29.97,27.6,28
136.72,5566,148.9,90,0,5.1,3,6550,0.57,0.57,140.6,122.5,94.1,96.9,31.11,29.97,27.61,28.01
136.76,5568,149,91,0,4.8,3,6554,0.56,0.58,140.6,122.5,94.1,96.9,31.11,29.97,27.61,28.01
136.8,5570,149,92,0,4.4,3,6558,0.54,0.59,140.6,122.5,94.2,97,31.11,29.97,27.61,28.01
136.84,5571,149.1,92,0,3.8,3,6562,0.53,0.59,140.6,122.5,94.2,97,31.11,29.97,27.61,28.01
136.88,5573,149.2,93,0,3.2,3,6566,0.51,0.6,140.6,122.5,94.2,97,31.11,29.97,27.62,28.02
136.92,5575,149.3,94,0,3.4,3,6570,0.5,0.61,140.6,122.5,94.3,97.1,31.11,29.97,27.62,28.02
136.96,5576,149.4,95,0,2.7,3,6574,0.48,0.61,140.6,122.5,94.3,97.1,31.11,29.97,27.62,28.02
137,5578,149.5,96,0,2.8,3,6578,0.46,0.62,140.6,122.5,94.3,97.1,31.11,29.97,27.62,28.02
137.04,5580,149.6,97,0,2.2,3,6582,0.45,0.63,140.6,122.5,94.4,97.2,31.11,29.97,27.63,28.03
137.08,5581,149.7,98,0,1.6,3,6586,0.43,0.63,140.6,122.5,94.4,97.2,31.11,29.97,27.63,28.03
137.12,5583,149.8,98,0,1,3,6590,0.42,0.64,140.6,122.5,94.4,97.2,31.11,29.97,27.63,28.03
137.16,5585,149.9,99,0,1.3,3,6595,0.4,0.65,140.6,122.5,94.5,97.3,31.11,29.97,27.64,28.04
137.2,5586,149.9,100,0,0.8,3,6597,0.01,0.04,140.6,122.5,94.5,97.3,31.11,29.97,27.63,28.03
137.24,5588,150,100,0,-0.3,3,6600,-0.03,0.04,140.6,122.5,94.4,97.2,31.11,29.97,27.63,28.03
137.28,5590,150.1,100,0,0.2,3,6602,-0.05,0.04,140.6,122.5,94.4,97.2,31.1,29.97,27.63,28.03
137.32,5591,150.1,100,0,0.1,3,6605,0,0.04,140.5,122.5,94.4,97.2,31.1,29.97,27.63,28.03
137.36,5593,150.2,100,0,0.6,3,6607,0.03,0.04,140.5,122.5,94.4,97.2,31.1,29.97,27.63,28.03
137.4,5595,150.2,100,0,-0.4,3,6610,0.01,0.04,140.5,122.5,94.4,97.2,31.1,29.97,27.63,28.03
137.44,5596,150.3,100,0,0.3,3,6612,-0.01,0.04,140.5,122.4,94.4,97.2,31.1,29.97,27.63,28.03
137.48,5598,150.3,100,0,0.7,3,6615,-0.02,0.04,140.5,122.4,94.4,97.2,31.1,29.97,27.63,28.03
137.52,5600,150.4,100,0,0.2,3,6618,-0.02,0.04,140.5,122.4,94.4,97.2,31.1,29.97,27.63,28.03
137.56,5601,150.5,100,0,-0.1,3,6620,-0.03,0.04,140.5,122.4,94.4,97.2,31.1,29.97,27.63,28.03
137.6,5603,150.5,100,0,-0.1,3,6623,0.01,0.04,140.5,122.4,94.3,97.1,31.1,29.96,27.63,28.03
137.64,5605,150.6,100,0,-0.5,3,6625,-0.01,0.04,140.5,122.4,94.3,97.1,31.1,29.96,27.62,28.02
137.68,5606,150.6,100,0,-0.2,3,6628,0.04,0.04,140.4,122.4,94.3,97.1,31.1,29.96,27.62,28.02
137.72,5608,150.7,100,0,-0.2,3,6630,0,0.04,140.4,122.4,94.3,97.1,31.09,29.96,27.62,28.02
137.76,5610,150.7,100,0,0.2,3,6633,-0.02,0.04,140.4,122.3,94.3,97.1,31.09,29.96,27.62,28.02
137.8,5611,150.8,100,0,-0.1,3,6635,-0.02,0.04,140.4,122.3,94.3,97.1,31.09,29.96,27.62,28.02
137.84,5613,150.9,100,0,0.4,3,6638,0,0.04,140.4,122.3,94.3,97.1,31.09,29.96,27.62,28.02
137.88,5615,150.9,100,0,0.1,3,6640,-0.02,0.04,140.4,122.3,94.3,97.1,31.09,29.96,27.62,28.02
137.92,5616,151,100,0,0.8,3,6643,0.01,0.04,140.4,122.3,94.2,97,31.09,29.96,27.62,28.02
137.96,5618,151,100,0,0.1,3,6645,0.03,0.04,140.4,122.3,94.2,97,31.09,29.96,27.62,28.02
138,5620,151.1,100,0,-0.4,3,6648,0,0.04,140.3,122.3,94.2,97,31.09,29.96,27.62,28.02
138.04,5622,151.1,100,0,0.2,3,6650,-0.02,0.04,140.3,122.3,94.2,97,31.09,29.95,27.62,28.02
138.08,5623,151.2,100,0,-0.1,3,6653,-0.01,0.04,140.3,122.2,94.2,97,31.09,29.95,27.61,28.01
138.12,5625,151.3,100,0,-0.4,3,6656,-0.03,0.04,140.3,122.2,94.2,97,31.09,29.95,27.61,28.01
138.16,5627,151.3,100,0,0.3,3,6658,0,0.04,140.3,122.2,94.2,97,31.08,29.95,27.61,28.01
138.2,5628,151.4,100,0,0.2,3,6661,0.02,0.04,140.3,122.2,94.2,97,31.08,29.95,27.61,28.01
138.24,5630,151.4,100,0,-0.2,3,6663,-0.01,0.04,140.3,122.2,94.1,96.9,31.08,29.95,27.61,28.01
138.28,5632,151.5,100,0,0.2,3,6666,0.02,0.04,140.3,122.2,94.1,96.9,31.08,29.95,27.61,28.01
138.32,5633,151.6,100,0,0.6,3,6668,0,0.04,140.2,122.2,94.1,96.9,31.08,29.95,27.61,28.01
138.36,5635,151.6,100,0,0.6,3,6671,-0.01,0.04,140.2,122.2,94.1,96.9,31.08,29.95,27.61,28.01
138.4,5637,151.7,100,0,0.2,3,6673,-0.01,0.04,140.2,122.2,94.1,96.9,31.08,29.95,27.61,28.01
138.44,5638,151.7,100,0,0.2,3,6676,-0.03,0.04,140.2,122.1,94.1,96.9,31.08,29.95,27.61,28.01
138.48,5640,151.8,100,0,-0.6,3,6678,0.02,0.04,140.2,122.1,94.1,96.9,31.08,29.94,27.61,28.01
138.52,5642,151.8,100,0,0.2,3,6681,0.01,0.04,140.2,122.1,94.1,96.9,31.08,29.94,27.6,28
138.56,5643,151.9,100,0,-0.1,3,6683,-0.04,0.04,140.2,122.1,94.1,96.9,31.08,29.94,27.6,28
138.6,5645,152,100,0,0.1,3,6686,-0.04,0.04,140.2,122.1,94,96.8,31.07,29.94,27.6,28
138.64,5647,152,100,0,-0.6,3,6688,-0.02,0.04,140.2,122.1,94,96.8,31.07,29.94,27.6,28
138.68,5648,152.1,100,0,0,3,6691,-0.01,0.04,140.1,122.1,94,96.8,31.07,29.94,27.6,28
138.72,5650,152.1,100,0,-0.3,3,6694,0,0.04,140.1,122.1,94,96.8,31.07,29.94,27.6,28
138.76,5652,152.2,100,0,-0.2,3,6696,0.01,0.04,140.1,122,94,96.8,31.07,29.94,27.6,28
138.8,5654,152.2,100,0,0.6,3,6699,-0.01,0.04,140.1,122,94,96.8,31.07,29.94,27.6,28
138.84,5655,152.3,100,0,0.5,3,6701,0.02,0.04,140.1,122,94,96.8,31.07,29.94,27.6,28
138.88,5657,152.4,100,0,0.1,3,6704,0,0.04,140.1,122,94,96.8,31.07,29.94,27.6,28
138.92,5659,152.4,100,0,-0.2,3,6706,0.03,0.04,140.1,122,93.9,96.7,31.07,29.93,27.6,28
138.96,5660,152.5,100,0,-0.1,3,6709,0.02,0.04,140.1,122,93.9,96.7,31.07,29.93,27.59,27.99
139,5662,152.5,100,0,-0.7,3,6711,0,0.04,140,122,93.9,96.7,31.07,29.93,27.59,27.99
139.04,5664,152.6,100,0,0,3,6714,-0.01,0.04,140,122,93.9,96.7,31.06,29.93,27.59,27.99
139.08,5665,152.6,100,0,-0.1,3,6716,0,0.04,140,121.9,93.9,96.7,31.06,29.93,27.59,27.99
139.12,5667,152.7,100,0,0.2,3,6719,0.01,0.04,140,121.9,93.9,96.7,31.06,29.93,27.59,27.99
139.16,5669,152.8,100,0,-0.2,3,6721,0,0.04,140,121.9,93.9,96.7,31.06,29.93,27.59,27.99
139.2,5670,152.8,100,0,-0.1,3,6724,0,0.04,140,121.9,93.9,96.7,31.06,29.93,27.59,27.99
139.24,5672,152.9,100,0,0,3,6726,-0.02,0.04,140,121.9,93.8,96.6,31.06,29.93,27.59,27.99
139.28,5674,152.9,100,0,0,3,6729,-0.01,0.04,140,121.9,93.8,96.6,31.06,29.93,27.59,27.99
139.32,5676,153,100,0,-0.7,3,6732,0.01,0.04,139.9,121.9,93.8,96.6,31.06,29.93,27.59,27.99
139.36,5677,153,100,0,0,3,6734,0,0.04,139.9,121.9,93.8,96.6,31.06,29.92,27.59,27.99
139.4,5679,153.1,100,0,0.2,3,6737,0,0.04,139.9,121.9,93.8,96.6,31.06,29.92,27.58,27.98
139.44,5681,153.2,100,0,0,3,6739,0.02,0.04,139.9,121.8,93.8,96.6,31.06,29.92,27.58,27.98
139.48,5682,153.2,100,0,0,3,6742,0.01,0.04,139.9,121.8,93.8,96.6,31.06,29.92,27.58,27.98
139.52,5684,153.3,100,0,0,3,6744,0.04,0.04,139.9,121.8,93.8,96.6,31.05,29.92,27.58,27.98
139.56,5686,153.3,100,0,0.3,3,6747,0,0.04,139.9,121.8,93.8,96.6,31.05,29.92,27.58,27.98
139.6,5687,153.4,100,0,-0.4,3,6749,-0.03,0.04,139.9,121.8,93.7,96.5,31.05,29.92,27.58,27.98
139.64,5689,153.5,100,0,0.3,3,6752,0.03,0.04,139.9,121.8,93.7,96.5,31.05,29.92,27.58,27.98
139.68,5691,153.5,100,0,-0.5,3,6754,-0.04,0.04,139.8,121.8,93.7,96.5,31.05,29.92,27.58,27.98
139.72,5693,153.6,100,0,0.1,3,6757,-0.04,0.04,139.8,121.8,93.7,96.5,31.05,29.92,27.58,27.98
139.76,5694,153.6,100,0,-0.6,3,6759,0.02,0.04,139.8,121.7,93.7,96.5,31.05,29.92,27.58,27.98
139.8,5696,153.7,100,0,0.2,3,6762,-0.01,0.04,139.8,121.7,93.7,96.5,31.05,29.91,27.58,27.98
139.84,5698,153.7,100,0,-0.5,3,6765,-0.02,0.04,139.8,121.7,93.7,96.5,31.05,29.91,27.58,27.98
139.88,5699,153.8,100,0,-0.4,3,6767,0.03,0.04,139.8,121.7,93.7,96.5,31.05,29.91,27.57,27.97
139.92,5701,153.9,100,0,0,3,6770,-0.02,0.04,139.8,121.7,93.6,96.4,31.05,29.91,27.57,27.97
139.96,5703,153.9,100,0,0,3,6772,0,0.04,139.8,121.7,93.6,96.4,31.04,29.91,27.57,27.97
140,5705,154,100,0,0.4,3,6775,-0.04,0.04,139.7,121.7,93.6,96.4,31.04,29.91,27.57,27.97
140.04,5706,154,100,0,-0.4,3,6777,-0.01,0.04,139.7,121.7,93.6,96.4,31.04,29.91,27.57,27.97
140.08,5708,154.1,100,0,-0.7,3,6780,0,0.04,139.7,121.6,93.6,96.4,31.04,29.91,27.57,27.97
140.12,5710,154.1,100,0,0.9,3,6782,-0.02,0.04,139.7,121.6,93.6,96.4,31.04,29.91,27.57,27.97
140.16,5711,154.2,100,0,-0.5,3,6785,-0.01,0.04,139.7,121.6,93.6,96.4,31.04,29.91,27.57,27.97
140.2,5713,154.3,100,0,-0.7,3,6787,-0.01,0.04,139.7,121.6,93.6,96.4,31.04,29.91,27.57,27.97
140.24,5715,154.3,100,0,-0.3,3,6790,0.03,0.04,139.7,121.6,93.5,96.3,31.04,29.91,27.57,27.97
140.28,5717,154.4,100,0,0.1,3,6792,-0.02,0.04,139.7,121.6,93.5,96.3,31.04,29.9,27.57,27.97
140.32,5718,154.4,100,0,0.8,3,6795,0.01,0.04,139.6,121.6,93.5,96.3,31.04,29.9,27.56,27.96
140.36,5720,154.5,100,0,-0.3,3,6797,-0.03,0.04,139.6,121.6,93.5,96.3,31.04,29.9,27.56,27.96
140.4,5722,154.5,100,0,-0.2,3,6800,0,0.04,139.6,121.6,93.5,96.3,31.03,29.9,27.56,27.96
140.44,5723,154.6,100,0,-0.3,3,6803,-0.01,0.04,139.6,121.5,93.5,96.3,31.03,29.9,27.56,27.96
140.48,5725,154.7,100,0,-0.2,3,6805,-0.04,0.04,139.6,121.5,93.5,96.3,31.03,29.9,27.56,27.96
140.52,5727,154.7,100,0,0.5,3,6808,0,0.04,139.6,121.5,93.5,96.3,31.03,29.9,27.56,27.96
140.56,5729,154.8,100,0,0.2,3,6810,-0.01,0.04,139.6,121.5,93.5,96.3,31.03,29.9,27.56,27.96
140.6,5730,154.8,100,0,-0.6,3,6813,-0.01,0.04,139.6,121.5,93.4,96.2,31.03,29.9,27.56,27.96
140.64,5732,154.9,100,0,0,3,6815,-0.01,0.04,139.6,121.5,93.4,96.2,31.03,29.9,27.56,27.96
140.68,5734,154.9,100,0,0.3,3,6818,0.01,0.04,139.5,121.5,93.4,96.2,31.03,29.9,27.56,27.96
140.72,5735,155,100,0,-0.1,3,6820,0,0.04,139.5,121.5,93.4,96.2,31.03,29.89,27.56,27.96
140.76,5737,155.1,100,0,0.3,3,6823,0,0.04,139.5,121.4,93.4,96.2,31.03,29.89,27.55,27.95
140.8,5739,155.1,100,0,-0.1,3,6825,0.01,0.04,139.5,121.4,93.4,96.2,31.03,29.89,27.55,27.95
140.84,5741,155.2,100,0,-0.9,3,6828,-0.01,0.04,139.5,121.4,93.4,96.2,31.02,29.89,27.55,27.95
140.88,5742,155.2,100,0,0.5,3,6830,-0.01,0.04,139.5,121.4,93.4,96.2,31.02,29.89,27.55,27.95
140.92,5744,155.3,100,0,0.8,3,6833,0.01,0.04,139.5,121.4,93.3,96.1,31.02,29.89,27.55,27.95
140.96,5746,155.4,100,0,0.1,3,6835,0.01,0.04,139.5,121.4,93.3,96.1,31.02,29.89,27.55,27.95
141,5748,155.4,100,0,-0.7,3,6838,0.02,0.04,139.4,121.4,93.3,96.1,31.02,29.89,27.55,27.95
141.04,5749,155.5,100,0,0.2,3,6841,0,0.04,139.4,121.4,93.3,96.1,31.02,29.89,27.55,27.95
141.08,5751,155.5,100,0,0.4,3,6843,0,0.04,139.4,121.3,93.3,96.1,31.02,29.89,27.55,27.95
141.12,5753,155.6,100,0,0.3,3,6846,-0.02,0.04,139.4,121.3,93.3,96.1,31.02,29.89,27.55,27.95
141.16,5754,155.6,100,0,0.1,3,6848,-0.05,0.04,139.4,121.3,93.3,96.1,31.02,29.88,27.55,27.95
141.2,5756,155.7,100,0,0.5,3,6851,0.04,0.04,139.4,121.3,93.3,96.1,31.02,29.88,27.54,27.94
141.24,5758,155.8,100,0,-0.1,3,6853,-0.01,0.04,139.4,121.3,93.2,96,31.02,29.88,27.54,27.94
141.28,5760,155.8,100,0,0.3,3,6856,-0.02,0.04,139.4,121.3,93.2,96,31.01,29.88,27.54,27.94
141.32,5761,155.9,100,0,0.6,3,6858,-0.02,0.04,139.3,121.3,93.2,96,31.01,29.88,27.54,27.94
141.36,5763,155.9,100,0,0.3,3,6861,-0.02,0.04,139.3,121.3,93.2,96,31.01,29.88,27.54,27.94
141.4,5765,156,100,0,-0.6,3,6863,0.01,0.04,139.3,121.3,93.2,96,31.01,29.88,27.54,27.94
141.44,5767,156,100,0,0.4,3,6866,0.04,0.04,139.3,121.2,93.2,96,31.01,29.88,27.54,27.94
141.48,5768,156.1,100,0,0.1,3,6868,0.03,0.04,139.3,121.2,93.2,96,31.01,29.88,27.54,27.94
141.52,5770,156.2,100,0,-0.4,3,6871,0.02,0.04,139.3,121.2,93.2,96,31.01,29.88,27.54,27.94
141.56,5772,156.2,100,0,0.4,3,6873,-0.02,0.04,139.3,121.2,93.2,96,31.01,29.88,27.54,27.94
141.6,5773,156.3,100,0,-0.5,3,6876,-0.01,0.04,139.3,121.2,93.1,95.9,31.01,29.87,27.54,27.94
141.64,5775,156.3,100,0,0.7,3,6879,-0.02,0.04,139.3,121.2,93.1,95.9,31.01,29.87,27.53,27.93
141.68,5777,156.4,100,0,-1.3,3,6881,0.02,0.04,139.2,121.2,93.1,95.9,31.01,29.87,27.53,27.93
141.72,5779,156.4,100,0,-0.2,3,6884,0,0.04,139.2,121.2,93.1,95.9,31,29.87,27.53,27.93
141.76,5780,156.5,100,0,0.4,3,6886,0,0.04,139.2,121.1,93.1,95.9,31,29.87,27.53,27.93
141.8,5782,156.6,100,0,0.2,3,6889,0.01,0.04,139.2,121.1,93.1,95.9,31,29.87,27.53,27.93
141.84,5784,156.6,100,0,0.2,3,6891,-0.01,0.04,139.2,121.1,93.1,95.9,31,29.87,27.53,27.93
141.88,5786,156.7,100,0,-0.2,3,6894,0,0.04,139.2,121.1,93.1,95.9,31,29.87,27.53,27.93
141.92,5787,156.7,100,0,0,3,6896,-0.04,0.04,139.2,121.1,93,95.8,31,29.87,27.53,27.93
141.96,5789,156.8,100,0,-0.2,3,6899,0.01,0.04,139.2,121.1,93,95.8,31,29.87,27.53,27.93
142,5791,156.8,100,0,-0.3,3,6901,-0.03,0.04,139.1,121.1,93,95.8,31,29.87,27.53,27.93
142.04,5793,156.9,100,0,-0.2,3,6904,0.01,0.04,139.1,121.1,93,95.8,31,29.86,27.53,27.93
142.08,5794,157,100,0,-0.7,3,6906,-0.01,0.04,139.1,121,93,95.8,31,29.86,27.52,27.92
142.12,5796,157,100,0,-0.4,3,6909,-0.02,0.04,139.1,121,93,95.8,31,29.86,27.52,27.92
142.16,5798,157.1,100,0,0,3,6912,0.03,0.04,139.1,121,93,95.8,30.99,29.86,27.52,27.92
142.2,5800,157.1,100,0,0,3,6914,-0.01,0.04,139.1,121,93,95.8,30.99,29.86,27.52,27.92
142.24,5801,157.2,100,0,-0.1,3,6917,-0.04,0.04,139.1,121,92.9,95.7,30.99,29.86,27.52,27.92
142.28,5803,157.3,100,0,-0.5,3,6919,0.02,0.04,139.1,121,92.9,95.7,30.99,29.86,27.52,27.92
142.32,5805,157.3,100,0,0.4,3,6922,0.01,0.04,139,121,92.9,95.7,30.99,29.86,27.52,27.92
142.36,5807,157.4,100,0,0,3,6924,-0.01,0.04,139,121,92.9,95.7,30.99,29.86,27.52,27.92
142.4,5808,157.4,100,0,0.6,3,6927,0.02,0.04,139,121,92.9,95.7,30.99,29.86,27.52,27.92
142.44,5810,157.5,100,0,0.1,3,6929,0,0.04,139,120.9,92.9,95.7,30.99,29.86,27.52,27.92
142.48,5812,157.5,100,0,0.6,3,6932,0,0.04,139,120.9,92.9,95.7,30.99,29.85,27.52,27.92
142.52,5814,157.6,100,0,0.3,3,6934,0.02,0.04,139,120.9,92.9,95.7,30.99,29.85,27.51,27.91
142.56,5815,157.7,100,0,0.4,3,6937,0,0.04,139,120.9,92.9,95.7,30.99,29.85,27.51,27.91
142.6,5817,157.7,100,0,0.5,3,6939,0.02,0.04,139,120.9,92.8,95.6,30.98,29.85,27.51,27.91
142.64,5819,157.8,100,0,0.6,3,6942,0.02,0.04,139,120.9,92.8,95.6,30.98,29.85,27.51,27.91
142.68,5821,157.8,100,0,0.8,3,6944,-0.02,0.04,138.9,120.9,92.8,95.6,30.98,29.85,27.51,27.91
142.72,5822,157.9,100,0,0.1,3,6947,-0.02,0.04,138.9,120.9,92.8,95.6,30.98,29.85,27.51,27.91
142.76,5824,157.9,100,0,0.1,3,6950,-0.03,0.04,138.9,120.8,92.8,95.6,30.98,29.85,27.51,27.91
142.8,5826,158,100,0,0.3,3,6952,0,0.04,138.9,120.8,92.8,95.6,30.98,29.85,27.51,27.91
142.84,5828,158.1,100,0,-0.4,3,6955,0,0.04,138.9,120.8,92.8,95.6,30.98,29.85,27.51,27.91
142.88,5829,158.1,100,0,-0.2,3,6957,0.01,0.04,138.9,120.8,92.8,95.6,30.98,29.85,27.51,27.91
142.92,5831,158.2,100,0,-0.8,3,6960,0.01,0.04,138.9,120.8,92.7,95.5,30.98,29.84,27.51,27.91
142.96,5833,158.2,100,0,0.3,3,6962,-0.03,0.04,138.9,120.8,92.7,95.5,30.98,29.84,27.5,27.9
143,5835,158.3,100,0,0,3,6965,0,0.04,138.8,120.8,92.7,95.5,30.98,29.84,27.5,27.9
143.04,5836,158.3,100,0,-0.1,3,6967,0.02,0.04,138.8,120.8,92.7,95.5,30.97,29.84,27.5,27.9
143.08,5838,158.4,100,0,0,3,6970,-0.05,0.04,138.8,120.7,92.7,95.5,30.97,29.84,27.5,27.9
143.12,5840,158.5,100,0,-0.4,3,6972,-0.04,0.04,138.8,120.7,92.7,95.5,30.97,29.84,27.5,27.9
143.16,5842,158.5,100,0,0.5,3,6975,0.02,0.04,138.8,120.7,92.7,95.5,30.97,29.84,27.5,27.9
143.2,5843,158.6,100,0,0.2,3,6977,0,0.04,138.8,120.7,92.7,95.5,30.97,29.84,27.5,27.9
143.24,5845,158.6,100,0,-1.1,3,6980,-0.03,0.04,138.8,120.7,92.6,95.4,30.97,29.84,27.5,27.9
143.28,5847,158.7,100,0,-0.6,3,6982,0,0.04,138.8,120.7,92.6,95.4,30.97,29.84,27.5,27.9
143.32,5849,158.8,100,0,-0.1,3,6985,0,0.04,138.7,120.7,92.6,95.4,30.97,29.84,27.5,27.9
143.36,5850,158.8,100,0,0.2,3,6988,-0.02,0.04,138.7,120.7,92.6,95.4,30.97,29.83,27.5,27.9
143.4,5852,158.9,100,0,0.3,3,6990,0,0.04,138.7,120.7,92.6,95.4,30.97,29.83,27.49,27.89
143.44,5854,158.9,100,0,-0.7,3,6993,-0.01,0.04,138.7,120.6,92.6,95.4,30.97,29.83,27.49,27.89
143.48,5856,159,100,0,1.1,3,6995,0.03,0.04,138.7,120.6,92.6,95.4,30.97,29.83,27.49,27.89
143.52,5858,159,100,0,-0.4,3,6998,0.04,0.04,138.7,120.6,92.6,95.4,30.96,29.83,27.49,27.89
143.56,5859,159.1,100,0,1,3,7000,0.03,0.04,138.7,120.6,92.6,95.4,30.96,29.83,27.49,27.89
143.6,5861,159.2,100,0,0.2,3,7003,0.01,0.04,138.7,120.6,92.5,95.3,30.96,29.83,27.49,27.89
143.64,5863,159.2,100,0,-0.1,3,7005,0.01,0.04,138.7,120.6,92.5,95.3,30.96,29.83,27.49,27.89
143.68,5865,159.3,100,0,-1.1,3,7008,0.01,0.04,138.6,120.6,92.5,95.3,30.96,29.83,27.49,27.89
143.72,5866,159.3,100,0,0,3,7010,-0.02,0.04,138.6,120.6,92.5,95.3,30.96,29.83,27.49,27.89
143.76,5868,159.4,100,0,-0.1,3,7013,0,0.04,138.6,120.5,92.5,95.3,30.96,29.83,27.49,27.89
143.8,5870,159.4,100,0,-0.1,3,7015,0.04,0.04,138.6,120.5,92.5,95.3,30.96,29.82,27.49,27.89
143.84,5872,159.5,100,0,-0.9,3,7018,0.02,0.04,138.6,120.5,92.5,95.3,30.96,29.82,27.49,27.89
143.88,5873,159.6,100,0,-0.9,3,7020,0.03,0.04,138.6,120.5,92.5,95.3,30.96,29.82,27.48,27.88
143.92,5875,159.6,100,0,-0.2,3,7023,0.01,0.04,138.6,120.5,92.4,95.2,30.96,29.82,27.48,27.88
143.96,5877,159.7,100,0,0.9,3,7026,-0.01,0.04,138.6,120.5,92.4,95.2,30.95,29.82,27.48,27.88
144,5879,159.7,100,0,-0.6,3,7028,0,0.04,138.5,120.5,92.4,95.2,30.95,29.82,27.48,27.88
144.04,5881,159.8,100,0,-0.4,3,7031,0.02,0.04,138.5,120.5,92.4,95.2,30.95,29.82,27.48,27.88
144.08,5882,159.8,100,0,0.3,3,7033,-0.01,0.04,138.5,120.4,92.4,95.2,30.95,29.82,27.48,27.88
144.12,5884,159.9,100,0,0.1,3,7036,0,0.04,138.5,120.4,92.4,95.2,30.95,29.82,27.48,27.88
144.16,5886,160,100,0,-0.2,3,7038,-0.01,0.04,138.5,120.4,92.4,95.2,30.95,29.82,27.48,27.88
144.2,5888,160,100,0,0.2,3,6196,-0.01,0.04,138.5,120.4,92.4,95.2,30.95,29.82,27.48,27.88
144.24,5889,160.1,100,0,-0.7,3,6198,-0.03,0.04,138.5,120.4,92.3,95.1,30.95,29.82,27.48,27.88
144.28,5891,160.1,100,0,0.2,3,6200,0,0.04,138.5,120.4,92.3,95.1,30.95,29.81,27.48,27.88
144.32,5893,160.2,100,0,0.6,3,6202,-0.05,0.04,138.4,120.4,92.3,95.1,30.95,29.81,27.47,27.87
144.36,5895,160.2,100,0,-0.3,3,6205,0.01,0.04,138.4,120.4,92.3,95.1,30.95,29.81,27.47,27.87
144.4,5897,160.3,100,0,-0.1,3,6207,-0.03,0.04,138.4,120.4,92.3,95.1,30.94,29.81,27.47,27.87
144.44,5898,160.4,100,0,0.3,3,6209,0,0.04,138.4,120.3,92.3,95.1,30.94,29.81,27.47,27.87
144.48,5900,160.4,100,0,0.4,3,6212,-0.02,0.04,138.4,120.3,92.3,95.1,30.94,29.81,27.47,27.87
144.52,5902,160.5,100,0,-0.4,3,6214,0,0.04,138.4,120.3,92.3,95.1,30.94,29.81,27.47,27.87
144.56,5904,160.5,100,0,0.1,3,6216,0.01,0.04,138.4,120.3,92.3,95.1,30.94,29.81,27.47,27.87
144.6,5905,160.6,100,0,0,3,6218,-0.02,0.04,138.4,120.3,92.2,95,30.94,29.81,27.47,27.87
144.64,5907,160.7,100,0,-0.1,3,6221,0.02,0.04,138.4,120.3,92.2,95,30.94,29.81,27.47,27.87
144.68,5909,160.7,100,0,0.1,3,6222,-0.04,0.04,138.3,120.3,92.2,95,30.94,29.81,27.47,27.87
144.72,5911,160.8,100,0,-0.3,3,6225,0.01,0.04,138.3,120.3,92.2,95,30.94,29.8,27.47,27.87
144.76,5913,160.8,100,0,0.4,3,6227,-0.02,0.04,138.3,120.2,92.2,95,30.94,29.8,27.46,27.86
144.8,5914,160.9,100,0,-0.5,3,6230,-0.02,0.04,138.3,120.2,92.2,95,30.94,29.8,27.46,27.86
144.84,5916,160.9,100,0,0.3,3,6231,0.04,0.04,138.3,120.2,92.2,95,30.93,29.8,27.46,27.86
144.88,5918,161,100,0,-0.1,3,6234,-0.07,0.04,138.3,120.2,92.2,95,30.93,29.8,27.46,27.86
144.92,5920,161.1,100,0,-0.4,3,6236,0.02,0.04,138.3,120.2,92.1,94.9,30.93,29.8,27.46,27.86
144.96,5922,161.1,100,0,0.8,3,6238,0.02,0.04,138.3,120.2,92.1,94.9,30.93,29.8,27.46,27.86
145,5923,161.2,100,0,0,3,6240,-0.01,0.04,138.2,120.2,92.1,94.9,30.93,29.8,27.46,27.86
145.04,5925,161.2,100,0,0.1,3,7094,-0.02,0.04,138.2,120.2,92.1,94.9,30.93,29.8,27.46,27.86
145.08,5927,161.3,100,0,-0.4,3,7097,-0.04,0.04,138.2,120.1,92.1,94.9,30.93,29.8,27.46,27.86
145.12,5929,161.3,100,0,0.1,3,7099,0.01,0.04,138.2,120.1,92.1,94.9,30.93,29.8,27.46,27.86
145.16,5931,161.4,100,0,0,3,7102,-0.01,0.04,138.2,120.1,92.1,94.9,30.93,29.79,27.46,27.86
145.2,5932,161.5,100,0,0.3,3,7104,0.01,0.04,138.2,120.1,92.1,94.9,30.93,29.79,27.45,27.85
145.24,5934,161.5,100,0,0,3,7107,-0.02,0.04,138.2,120.1,92,94.8,30.93,29.79,27.45,27.85
145.28,5936,161.6,100,0,0.5,3,7109,0,0.04,138.2,120.1,92,94.8,30.92,29.79,27.45,27.85
145.32,5938,161.6,100,0,0.1,3,7112,-0.04,0.04,138.1,120.1,92,94.8,30.92,29.79,27.45,27.85
145.36,5939,161.7,100,0,-0.3,3,7114,-0.01,0.04,138.1,120.1,92,94.8,30.92,29.79,27.45,27.85
145.4,5941,161.7,100,0,0.7,3,7117,-0.02,0.04,138.1,120.1,92,94.8,30.92,29.79,27.45,27.85
145.44,5943,161.8,100,0,0.1,3,7119,-0.04,0.04,138.1,120,92,94.8,30.92,29.79,27.45,27.85
145.48,5945,161.9,100,0,0.4,3,7122,0.04,0.04,138.1,120,92,94.8,30.92,29.79,27.45,27.85
145.52,5947,161.9,100,0,0.8,3,7124,-0.01,0.04,138.1,120,92,94.8,30.92,29.79,27.45,27.85
145.56,5948,162,100,0,-0.1,3,7127,-0.03,0.04,138.1,120,92,94.8,30.92,29.79,27.45,27.85
145.6,5950,162,100,0,0.1,3,7129,0.02,0.04,138.1,120,91.9,94.7,30.92,29.78,27.45,27.85
145.64,5952,162.1,100,0,-0.4,3,7132,-0.03,0.04,138.1,120,91.9,94.7,30.92,29.78,27.44,27.84
145.68,5954,162.1,100,0,0.1,3,7135,0,0.04,138,120,91.9,94.7,30.92,29.78,27.44,27.84
145.72,5956,162.2,100,0,0.5,3,7137,0.04,0.04,138,120,91.9,94.7,30.91,29.78,27.44,27.84
145.76,5957,162.3,100,0,-0.1,3,7140,-0.02,0.04,138,119.9,91.9,94.7,30.91,29.78,27.44,27.84
145.8,5959,162.3,100,0,0.3,3,7142,0.02,0.04,138,119.9,91.9,94.7,30.91,29.78,27.44,27.84
145.84,5961,162.4,100,0,-0.1,3,7145,-0.03,0.04,138,119.9,91.9,94.7,30.91,29.78,27.44,27.84
145.88,5963,162.4,100,0,-0.1,3,7147,-0.03,0.04,138,119.9,91.9,94.7,30.91,29.78,27.44,27.84
145.92,5965,162.5,100,0,0.5,3,7150,-0.03,0.04,138,119.9,91.8,94.6,30.91,29.78,27.44,27.84
145.96,5967,162.6,100,0,0.6,3,7152,0,0.04,138,119.9,91.8,94.6,30.91,29.78,27.44,27.84
146,5968,162.6,100,0,-0.3,3,7155,0.02,0.04,137.9,119.9,91.8,94.6,30.91,29.78,27.44,27.84
146.04,5970,162.7,100,0,0.2,3,7157,-0.03,0.04,137.9,119.9,91.8,94.6,30.91,29.77,27.44,27.84
146.08,5972,162.7,100,0,-0.3,3,7160,0,0.04,137.9,119.8,91.8,94.6,30.91,29.77,27.43,27.83
146.12,5974,162.8,100,0,-0.3,3,7162,-0.01,0.04,137.9,119.8,91.8,94.6,30.91,29.77,27.43,27.83
146.16,5976,162.8,100,0,-0.1,3,7165,0.02,0.04,137.9,119.8,91.8,94.6,30.9,29.77,27.43,27.83
146.2,5977,162.9,100,0,0,3,7167,-0.01,0.04,137.9,119.8,91.8,94.6,30.9,29.77,27.43,27.83
146.24,5979,163,100,0,-0.5,3,7170,0.01,0.04,137.9,119.8,91.7,94.5,30.9,29.77,27.43,27.83
146.28,5981,163,100,0,0.1,3,7173,0.01,0.04,137.9,119.8,91.7,94.5,30.9,29.77,27.43,27.83
146.32,5983,163.1,100,0,-0.4,3,7175,-0.02,0.04,137.8,119.8,91.7,94.5,30.9,29.77,27.43,27.83
146.36,5985,163.1,100,0,-0.9,3,7178,-0.03,0.04,137.8,119.8,91.7,94.5,30.9,29.77,27.43,27.83
146.4,5986,163.2,100,0,-0.1,3,7180,0.04,0.04,137.8,119.8,91.7,94.5,30.9,29.77,27.43,27.83
146.44,5988,163.2,100,0,0.1,3,7183,0.04,0.04,137.8,119.7,91.7,94.5,30.9,29.77,27.43,27.83
146.48,5990,163.3,100,0,-0.5,3,7185,0,0.04,137.8,119.7,91.7,94.5,30.9,29.76,27.43,27.83
146.52,5992,163.4,100,0,-0.2,3,7188,0.02,0.04,137.8,119.7,91.7,94.5,30.9,29.76,27.42,27.82
146.56,5994,163.4,100,0,0.2,3,7190,0.04,0.04,137.8,119.7,91.7,94.5,30.9,29.76,27.42,27.82
146.6,5995,163.5,100,0,-0.2,3,7193,0,0.04,137.8,119.7,91.6,94.4,30.89,29.76,27.42,27.82
146.64,5997,163.5,100,0,0.4,3,7195,-0.01,0.04,137.8,119.7,91.6,94.4,30.89,29.76,27.42,27.82
146.68,5999,163.6,100,0,0.1,3,7198,-0.02,0.04,137.7,119.7,91.6,94.4,30.89,29.76,27.42,27.82
146.72,6001,163.6,100,0,0.3,3,7200,-0.01,0.04,137.7,119.7,91.6,94.4,30.89,29.76,27.42,27.82
146.76,6003,163.7,100,0,0,3,7203,-0.01,0.04,137.7,119.6,91.6,94.4,30.89,29.76,27.42,27.82
146.8,6005,163.8,100,0,0.1,3,7205,-0.02,0.04,137.7,119.6,91.6,94.4,30.89,29.76,27.42,27.82
146.84,6006,163.8,100,0,-0.9,3,7208,0.02,0.04,137.7,119.6,91.6,94.4,30.89,29.76,27.42,27.82
146.88,6008,163.9,100,0,0.5,3,7211,-0.02,0.04,137.7,119.6,91.6,94.4,30.89,29.76,27.42,27.82
146.92,6010,163.9,100,0,0.6,3,7213,0.04,0.04,137.7,119.6,91.5,94.3,30.89,29.75,27.42,27.82
146.96,6012,164,100,0,0,3,7216,-0.01,0.04,137.7,119.6,91.5,94.3,30.89,29.75,27.41,27.81
147,6014,164,100,0,0.1,3,7218,0,0.04,137.6,119.6,91.5,94.3,30.89,29.75,27.41,27.81
147.04,6016,164.1,100,0,0.8,3,7221,0.01,0.04,137.6,119.6,91.5,94.3,30.88,29.75,27.41,27.81
147.08,6017,164.2,100,0,0.8,3,7223,0,0.04,137.6,119.5,91.5,94.3,30.88,29.75,27.41,27.81
147.12,6019,164.2,100,0,-0.2,3,7226,0.02,0.04,137.6,119.5,91.5,94.3,30.88,29.75,27.41,27.81
147.16,6021,164.3,100,0,0.2,3,7228,0,0.04,137.6,119.5,91.5,94.3,30.88,29.75,27.41,27.81
147.2,6023,164.3,100,0,-0.1,3,7231,0.01,0.04,137.6,119.5,91.5,94.3,30.88,29.75,27.41,27.81
147.24,6025,164.4,100,0,-0.4,3,7233,0,0.04,137.6,119.5,91.4,94.2,30.88,29.75,27.41,27.81
147.28,6026,164.5,100,0,-0.2,3,7236,0.03,0.04,137.6,119.5,91.4,94.2,30.88,29.75,27.41,27.81
147.32,6028,164.5,100,0,0.4,3,7238,0.02,0.04,137.5,119.5,91.4,94.2,30.88,29.75,27.41,27.81
147.36,6030,164.6,100,0,0.1,3,7241,-0.02,0.04,137.5,119.5,91.4,94.2,30.88,29.74,27.41,27.81
147.4,6032,164.6,100,0,0.7,3,7244,0,0.04,137.5,119.5,91.4,94.2,30.88,29.74,27.4,27.8
147.44,6034,164.7,100,0,0.1,3,7246,0.02,0.04,137.5,119.4,91.4,94.2,30.88,29.74,27.4,27.8
147.48,6036,164.7,100,0,0.5,3,7249,0.01,0.04,137.5,119.4,91.4,94.2,30.88,29.74,27.4,27.8
147.52,6037,164.8,100,0,-0.1,3,7251,0.01,0.04,137.5,119.4,91.4,94.2,30.87,29.74,27.4,27.8
147.56,6039,164.9,100,0,0.5,3,7254,-0.02,0.04,137.5,119.4,91.4,94.2,30.87,29.74,27.4,27.8
147.6,6041,164.9,100,0,-0.4,3,7256,-0.01,0.04,137.5,119.4,91.3,94.1,30.87,29.74,27.4,27.8
147.64,6043,254.5,0,0,-0.4,6,6617,0,-1.85,137.5,119.5,91.3,94.1,30.88,29.75,27.4,27.8
147.68,6046,254.5,0,0,0.6,6,6617,0,-1.85,137.5,119.6,91.3,94.1,30.88,29.76,27.4,27.8
147.72,6049,254.5,0,0,-0.5,6,6617,0,-1.85,137.6,119.8,91.3,94.1,30.88,29.77,27.4,27.8
147.76,6051,254.5,0,0,0.9,6,6617,0,-1.85,137.6,119.9,91.3,94.1,30.88,29.78,27.4,27.8
147.8,6054,254.5,0,0,0.5,6,6617,0,-1.85,137.7,120,91.3,94.1,30.89,29.78,27.4,27.8
147.84,6057,254.5,0,0,0.6,6,6617,0,-1.85,137.7,120.1,91.3,94.1,30.89,29.79,27.4,27.8
147.88,6060,254.5,0,0,-0.6,6,6617,0,-1.85,137.7,120.2,91.3,94.1,30.89,29.8,27.4,27.8
147.92,6063,254.5,0,0,-0.4,6,6617,0,-1.85,137.8,120.4,91.3,94.1,30.9,29.81,27.4,27.8
147.96,6066,254.5,0,0,0.9,6,6617,0,-1.85,137.8,120.5,91.3,94.1,30.9,29.82,27.4,27.8
148,6068,254.5,0,0,-0.9,6,6617,0,-1.85,137.9,120.6,91.3,94.1,30.9,29.83,27.4,27.8
148.04,6071,254.5,0,0,-1.1,6,6617,0,-1.85,137.9,120.7,91.3,94.1,30.91,29.84,27.4,27.8
148.08,6074,254.5,0,0,-0.5,6,6617,0,-1.85,137.9,120.8,91.3,94.1,30.91,29.85,27.4,27.8
148.12,6077,254.5,0,0,-0.6,6,6617,0,-1.85,138,121,91.3,94.1,30.91,29.86,27.4,27.8
148.16,6080,254.5,0,0,-0.8,6,6617,0,-1.85,138,121.1,91.3,94.1,30.91,29.87,27.4,27.8
148.2,6083,254.5,0,0,1.7,6,6617,0,-1.85,138.1,121.2,91.3,94.1,30.92,29.87,27.4,27.8
148.24,6085,254.5,0,0,0.1,6,6617,0,-1.85,138.1,121.3,91.3,94.1,30.92,29.88,27.4,27.8
148.28,6088,254.5,0,0,-0.5,6,6617,0,-1.85,138.1,121.4,91.3,94.1,30.92,29.89,27.4,27.8
148.32,6091,254.5,0,0,0.1,6,6617,0,-1.85,138.2,121.6,91.3,94.1,30.93,29.9,27.4,27.8
148.36,6094,254.5,0,0,0.6,6,6617,0,-1.85,138.2,121.7,91.3,94.1,30.93,29.91,27.4,27.8
148.4,6097,254.5,0,0,0.1,6,6617,0,-1.85,138.3,121.8,91.3,94.1,30.93,29.92,27.4,27.8
148.44,6099,254.5,0,0,-1.7,6,6617,0,-1.85,138.3,121.9,91.3,94.1,30.94,29.93,27.4,27.8
148.48,6102,254.5,0,0,-0.7,6,6617,0,-1.85,138.3,122,91.3,94.1,30.94,29.94,27.4,27.8
148.52,6105,254.5,0,0,-0.6,6,6617,0,-1.85,138.4,122.2,91.3,94.1,30.94,29.95,27.4,27.8
148.56,6108,254.5,0,0,-1.6,6,6617,0,-1.85,138.4,122.3,91.3,94.1,30.94,29.96,27.4,27.8
148.6,6111,254.5,0,0,-1.1,6,6617,0,-1.85,138.5,122.4,91.3,94.1,30.95,29.96,27.4,27.8
148.64,6114,254.5,0,0,0.3,6,6617,-0.01,-1.39,138.5,122.5,91.3,94.1,30.95,29.97,27.4,27.8
148.68,6116,254.5,0,0,-2.3,6,6617,-0.08,-1.35,138.5,122.6,91.3,94.1,30.95,29.98,27.4,27.8
148.72,6119,254.5,0,0,-2,6,6617,-0.15,-1.3,138.6,122.8,91.3,94.1,30.96,29.99,27.4,27.8
148.76,6122,254.5,0,0,-4.3,6,6617,-0.22,-1.26,138.6,122.9,91.3,94.1,30.96,30,27.4,27.8
148.8,6125,254.5,0,0,-5.3,6,6617,-0.29,-1.21,138.7,123,91.3,94.1,30.96,30.01,27.4,27.8
148.84,6128,254.5,0,0,-7,6,6617,-0.35,-1.16,138.7,123.1,91.3,94.1,30.97,30.02,27.4,27.8
148.88,6131,254.5,0,0,-8.5,6,6617,-0.42,-1.12,138.7,123.2,91.3,94.1,30.97,30.03,27.4,27.8
148.92,6133,254.5,0,0,-9.8,6,6617,-0.49,-1.07,138.8,123.4,91.3,94.1,30.97,30.04,27.4,27.8
148.96,6136,254.5,0,0,-10,6,6617,-0.56,-1.03,138.8,123.5,91.3,94.1,30.97,30.05,27.4,27.8
149,6139,254.5,0,0,-12.2,6,6617,-0.63,-0.98,138.9,123.6,91.3,94.1,30.98,30.05,27.4,27.8
149.04,6142,254.5,0,0,-13,6,6617,-0.7,-0.94,138.9,123.7,91.3,94.1,30.98,30.06,27.4,27.8
149.08,6145,254.5,0,0,-14.7,6,6617,-0.76,-0.89,138.9,123.8,91.3,94.1,30.98,30.07,27.4,27.8
149.12,6148,254.5,0,0,-15,6,6617,-0.83,-0.84,139,124,91.3,94.1,30.99,30.08,27.4,27.8
149.16,6150,254.5,0,0,-16.3,6,6617,-0.9,-0.8,139,124.1,91.3,94.1,30.99,30.09,27.4,27.8
149.2,6153,254.5,0,0,-17.2,6,6617,-0.97,-0.75,139.1,124.2,91.3,94.1,30.99,30.1,27.4,27.8
149.24,6156,254.5,0,0,-18.1,6,6617,-1.04,-0.71,139.1,124.3,91.3,94.1,31,30.11,27.4,27.8
149.28,6159,254.5,0,0,-18.4,6,6617,-1.11,-0.66,139.1,124.4,91.3,94.1,31,30.12,27.4,27.8
149.32,6162,254.5,0,0,-20,6,6617,-1.17,-0.62,139.2,124.6,91.3,94.1,31,30.13,27.4,27.8
149.36,6165,254.5,0,0,-20.4,6,6617,-1.24,-0.57,139.2,124.7,91.3,94.1,31,30.14,27.4,27.8
149.4,6167,254.5,0,0,-21.6,6,6617,-1.31,-0.53,139.3,124.8,91.3,94.1,31.01,30.14,27.4,27.8
149.44,6170,254.5,0,0,-22,6,6617,-1.38,-0.48,139.3,124.9,91.3,94.1,31.01,30.15,27.4,27.8
149.48,6173,254.5,0,0,-23,6,6617,-1.45,-0.43,139.3,125,91.3,94.1,31.01,30.16,27.4,27.8
149.52,6176,254.5,0,0,-24,6,6617,-1.52,-0.39,139.4,125.2,91.3,94.1,31.02,30.17,27.4,27.8
149.56,6179,254.5,0,0,-24.1,6,6617,-1.58,-0.34,139.4,125.3,91.3,94.1,31.02,30.18,27.4,27.8
149.6,6181,254.5,0,0,-24.3,6,6617,-1.65,-0.3,139.5,125.4,91.3,94.1,31.02,30.19,27.4,27.8
149.64,6184,254.5,0,0,-25.4,6,6617,-1.72,-0.25,139.5,125.5,91.3,94.1,31.03,30.2,27.4,27.8
149.68,6187,254.5,0,0,-25.9,6,6617,-1.79,-0.21,139.5,125.6,91.3,94.1,31.03,30.21,27.4,27.8
149.72,6190,254.5,0,0,-25.2,6,6617,-1.86,-0.16,139.6,125.8,91.3,94.1,31.03,30.22,27.4,27.8
149.76,6193,254.5,0,0,-25.2,6,6617,-1.93,-0.12,139.6,125.9,91.3,94.1,31.03,30.23,27.4,27.8
149.8,6196,254.5,0,0,-26.3,6,6617,-1.99,-0.07,139.7,126,91.3,94.1,31.04,30.23,27.4,27.8
149.84,6198,254.5,0,0,-26.1,6,6617,-2.06,-0.02,139.7,126.1,91.3,94.1,31.04,30.24,27.4,27.8
149.88,6201,254.5,1,0,-26.1,6,6617,-1.94,0,139.7,126.1,91.4,94.2,31.04,30.24,27.4,27.8
149.92,6204,254.5,3,0,-26.1,6,6617,-1.92,0.01,139.7,126.1,91.4,94.2,31.04,30.24,27.41,27.81
149.96,6207,254.5,5,0,-25.6,6,6617,-1.91,0.02,139.7,126.1,91.4,94.2,31.04,30.24,27.41,27.81
150,6210,254.5,6,0,-24.7,6,6617,-1.89,0.02,139.7,126.1,91.5,94.3,31.04,30.24,27.41,27.81
150.04,6213,254.5,8,0,-24.5,6,6617,-1.87,0.03,139.7,126.1,91.5,94.3,31.04,30.24,27.41,27.81
150.08,6215,254.5,9,0,-25.2,6,6617,-1.86,0.04,139.7,126.1,91.5,94.3,31.04,30.24,27.42,27.82
150.12,6218,254.5,11,0,-23.9,6,6618,-1.84,0.05,139.7,126.1,91.6,94.4,31.04,30.24,27.42,27.82
150.16,6221,254.5,12,0,-24.1,6,6618,-1.82,0.05,139.7,126.1,91.6,94.4,31.04,30.24,27.42,27.82
150.2,6224,254.5,13,0,-23.4,6,6618,-1.8,0.06,139.7,126.1,91.7,94.5,31.04,30.24,27.42,27.82
150.24,6227,254.5,15,0,-23.5,6,6618,-1.79,0.07,139.7,126.1,91.7,94.5,31.04,30.24,27.43,27.83
150.28,6230,254.6,16,0,-23,6,6618,-1.77,0.08,139.7,126.1,91.7,94.5,31.04,30.24,27.43,27.83
150.32,6232,254.6,17,0,-22.6,6,6619,-1.75,0.08,139.7,126.1,91.8,94.6,31.04,30.24,27.43,27.83
150.36,6235,254.6,19,0,-22,6,6619,-1.74,0.09,139.7,126.1,91.8,94.6,31.04,30.24,27.43,27.83
150.4,6238,254.6,20,0,-21.9,6,6619,-1.72,0.1,139.7,126.1,91.8,94.6,31.04,30.24,27.44,27.84
150.44,6241,254.6,21,0,-22.3,6,6620,-1.7,0.1,139.7,126.1,91.9,94.7,31.04,30.24,27.44,27.84
150.48,6244,254.6,22,0,-21.7,6,6620,-1.68,0.11,139.7,126.1,91.9,94.7,31.04,30.24,27.44,27.84
150.52,6247,254.6,23,0,-21.6,6,6620,-1.67,0.12,139.7,126.1,91.9,94.7,31.04,30.24,27.45,27.85
150.56,6249,254.6,25,0,-20.9,6,6621,-1.65,0.13,139.7,126.1,92,94.8,31.04,30.24,27.45,27.85
150.6,6252,254.7,26,0,-21.1,6,6621,-1.63,0.13,139.7,126.1,92,94.8,31.04,30.24,27.45,27.85
150.64,6255,254.7,27,0,-20,6,6621,-1.61,0.14,139.7,126.1,92,94.8,31.04,30.24,27.45,27.85
150.68,6258,254.7,28,0,-20.6,6,6622,-1.6,0.15,139.7,126.1,92.1,94.9,31.04,30.24,27.46,27.86
150.72,6261,254.7,29,0,-19.9,6,6622,-1.58,0.15,139.7,126.1,92.1,94.9,31.04,30.24,27.46,27.86
150.76,6264,254.7,31,0,-19.5,6,6623,-1.56,0.16,139.7,126.1,92.1,94.9,31.04,30.24,27.46,27.86
150.8,6266,254.7,32,0,-19.3,6,6623,-1.55,0.17,139.7,126.1,92.2,95,31.04,30.24,27.46,27.86
150.84,6269,254.8,33,0,-18.7,6,6624,-1.53,0.18,139.7,126.1,92.2,95,31.04,30.24,27.47,27.87
150.88,6272,254.8,34,0,-19.3,6,6624,-1.51,0.18,139.7,126.1,92.2,95,31.04,30.24,27.47,27.87
150.92,6275,254.8,35,0,-18.1,6,6625,-1.49,0.19,139.7,126.1,92.3,95.1,31.04,30.24,27.47,27.87
150.96,6278,254.8,36,0,-17.8,6,6625,-1.48,0.2,139.7,126.1,92.3,95.1,31.04,30.24,27.47,27.87
151,6280,254.8,37,0,-17.2,6,6626,-1.46,0.2,139.7,126.1,92.4,95.2,31.04,30.24,27.48,27.88
151.04,6283,254.9,39,0,-18.1,6,6626,-1.44,0.21,139.7,126.1,92.4,95.2,31.04,30.24,27.48,27.88
151.08,6286,254.9,40,0,-16.8,6,6627,-1.42,0.22,139.7,126.1,92.4,95.2,31.04,30.24,27.48,27.88
151.12,6289,254.9,41,0,-16.7,6,6628,-1.41,0.23,139.7,126.1,92.5,95.3,31.04,30.24,27.48,27.88
151.16,6292,254.9,42,0,-16.5,6,6628,-1.39,0.23,139.7,126.1,92.5,95.3,31.04,30.24,27.49,27.89
151.2,6295,255,43,0,-16.3,6,6629,-1.37,0.24,139.7,126.1,92.5,95.3,31.04,30.24,27.49,27.89
151.24,6297,255,44,0,-16.2,6,6629,-1.36,0.25,139.7,126.1,92.6,95.4,31.04,30.24,27.49,27.89
151.28,6300,255,45,0,-15.7,6,6630,-1.34,0.25,139.7,126.1,92.6,95.4,31.04,30.24,27.49,27.89
151.32,6303,255,46,0,-15.7,6,6631,-1.32,0.26,139.7,126.1,92.6,95.4,31.04,30.24,27.5,27.9
151.36,6306,255.1,47,0,-14.7,6,6632,-1.3,0.27,139.7,126.1,92.7,95.5,31.04,30.24,27.5,27.9
151.4,6309,255.1,48,0,-15.1,6,6632,-1.29,0.28,139.7,126.1,92.7,95.5,31.04,30.24,27.5,27.9
151.44,6312,255.1,49,0,-14.1,6,6633,-1.27,0.28,139.7,126.1,92.7,95.5,31.04,30.24,27.51,27.91
151.48,6314,255.1,50,0,-14.1,6,6634,-1.25,0.29,139.7,126.1,92.8,95.6,31.04,30.24,27.51,27.91
151.52,6317,255.2,52,0,-13.3,6,6634,-1.24,0.3,139.7,126.1,92.8,95.6,31.04,30.24,27.51,27.91
151.56,6320,255.2,53,0,-13.5,6,6635,-1.22,0.31,139.7,126.1,92.8,95.6,31.04,30.24,27.51,27.91
151.6,6323,255.2,54,0,-14,6,6636,-1.2,0.31,139.7,126.1,92.9,95.7,31.04,30.24,27.52,27.92
151.64,6326,255.3,55,0,-13,6,6637,-1.18,0.32,139.7,126.1,92.9,95.7,31.04,30.24,27.52,27.92
151.68,6329,255.3,56,0,-12.2,6,6638,-1.17,0.33,139.7,126.1,92.9,95.7,31.04,30.24,27.52,27.92
151.72,6332,255.3,57,0,-12.6,6,6639,-1.15,0.33,139.7,126.1,93,95.8,31.04,30.24,27.52,27.92
151.76,6334,255.4,58,0,-12.8,6,6639,-1.13,0.34,139.7,126.1,93,95.8,31.04,30.24,27.53,27.93
151.8,6337,255.4,59,0,-12.4,6,6640,-1.11,0.35,139.7,126.1,93.1,95.9,31.04,30.24,27.53,27.93
151.84,6340,255.4,60,0,-11.6,6,6641,-1.1,0.36,139.7,126.1,93.1,95.9,31.04,30.24,27.53,27.93
151.88,6343,255.5,61,0,-11.2,6,6642,-1.08,0.36,139.7,126.1,93.1,95.9,31.04,30.24,27.53,27.93
151.92,6346,255.5,62,0,-11.2,6,6643,-1.06,0.37,139.7,126.1,93.2,96,31.04,30.24,27.54,27.94
151.96,6349,255.5,63,0,-10.4,6,6644,-1.04,0.38,139.7,126.1,93.2,96,31.04,30.24,27.54,27.94
152,6351,255.6,64,0,-11,6,6645,-1.03,0.38,139.7,126.1,93.2,96,31.04,30.24,27.54,27.94
152.04,6354,255.6,65,0,-10.7,6,6646,-1.01,0.39,139.7,126.1,93.3,96.1,31.04,30.24,27.54,27.94
152.08,6357,255.6,66,0,-10.1,6,6647,-0.99,0.4,139.7,126.1,93.3,96.1,31.04,30.24,27.55,27.95
152.12,6360,255.7,67,0,-9.7,6,6648,-0.98,0.41,139.7,126.1,93.3,96.1,31.04,30.24,27.55,27.95
152.16,6363,255.7,68,0,-9.4,6,6649,-0.96,0.41,139.7,126.1,93.4,96.2,31.04,30.24,27.55,27.95
152.2,6366,255.8,69,0,-9.5,6,6650,-0.94,0.42,139.7,126.1,93.4,96.2,31.04,30.24,27.56,27.96
152.24,6368,255.8,70,0,-8.5,6,6651,-0.92,0.43,139.7,126.1,93.4,96.2,31.04,30.24,27.56,27.96
152.28,6371,255.8,71,0,-8,6,6652,-0.91,0.43,139.7,126.1,93.5,96.3,31.04,30.24,27.56,27.96
152.32,6374,255.9,72,0,-7.8,6,6653,-0.89,0.44,139.7,126.1,93.5,96.3,31.04,30.24,27.56,27.96
152.36,6377,255.9,73,0,-7.4,6,6654,-0.87,0.45,139.7,126.1,93.5,96.3,31.04,30.24,27.57,27.97
152.4,6380,256,74,0,-7.3,6,6655,-0.85,0.46,139.7,126.1,93.6,96.4,31.04,30.24,27.57,27.97
152.44,6383,256,75,0,-7.1,6,6656,-0.84,0.46,139.7,126.1,93.6,96.4,31.04,30.24,27.57,27.97
152.48,6385,256.1,76,0,-6.5,6,6657,-0.82,0.47,139.7,126.1,93.6,96.4,31.04,30.24,27.57,27.97
152.52,6388,256.1,77,0,-6.8,6,6658,-0.8,0.48,139.7,126.1,93.7,96.5,31.04,30.24,27.58,27.98
152.56,6391,256.1,78,0,-6.6,6,6660,-0.79,0.49,139.7,126.1,93.7,96.5,31.04,30.24,27.58,27.98
152.6,6394,256.2,79,0,-6.1,6,6661,-0.77,0.49,139.7,126.1,93.8,96.6,31.04,30.24,27.58,27.98
152.64,6397,256.2,80,0,-6.2,6,6662,-0.75,0.5,139.7,126.1,93.8,96.6,31.04,30.24,27.58,27.98
152.68,6400,256.3,81,0,-5.1,6,6663,-0.73,0.51,139.7,126.1,93.8,96.6,31.04,30.24,27.59,27.99
152.72,6403,256.3,82,0,-5.3,6,6664,-0.72,0.51,139.7,126.1,93.9,96.7,31.04,30.24,27.59,27.99
152.76,6405,256.4,83,0,-4.8,6,6666,-0.7,0.52,139.7,126.1,93.9,96.7,31.04,30.24,27.59,27.99
152.8,6408,256.4,84,0,-4.5,6,6667,-0.68,0.53,139.7,126.1,93.9,96.7,31.04,30.24,27.59,27.99
152.84,6411,256.5,85,0,-4.6,6,6668,-0.66,0.54,139.7,126.1,94,96.8,31.04,30.24,27.6,28
152.88,6414,256.5,86,0,-4.5,6,6669,-0.65,0.54,139.7,126.1,94,96.8,31.04,30.24,27.6,28
152.92,6417,256.6,87,0,-3.7,6,6671,-0.63,0.55,139.7,126.1,94,96.8,31.04,30.24,27.6,28
152.96,6420,256.6,88,0,-3.2,6,6672,-0.61,0.56,139.7,126.1,94.1,96.9,31.04,30.24,27.61,28.01
153,6422,256.7,89,0,-2.9,6,6673,-0.59,0.56,139.7,126.1,94.1,96.9,31.04,30.24,27.61,28.01
153.04,6425,256.7,90,0,-3.6,6,6675,-0.58,0.57,139.7,126.1,94.1,96.9,31.04,30.24,27.61,28.01
153.08,6428,256.8,91,0,-3,6,6676,-0.56,0.58,139.7,126.1,94.2,97,31.04,30.24,27.61,28.01
153.12,6431,256.8,92,0,-2,6,6677,-0.54,0.59,139.7,126.1,94.2,97,31.04,30.24,27.62,28.02
153.16,6434,256.9,93,0,-2.5,6,6679,-0.52,0.59,139.7,126.1,94.2,97,31.04,30.24,27.62,28.02
153.2,6437,256.9,94,0,-2.1,6,6680,-0.51,0.6,139.7,126.1,94.3,97.1,31.04,30.24,27.62,28.02
153.24,6440,257,95,0,-1.3,6,6681,-0.49,0.61,139.7,126.1,94.3,97.1,31.04,30.24,27.62,28.02
153.28,6442,257,95,0,-1.2,6,6683,-0.47,0.62,139.7,126.1,94.3,97.1,31.04,30.24,27.63,28.03
153.32,6445,257.1,96,0,-0.9,6,6684,-0.46,0.62,139.7,126.1,94.4,97.2,31.04,30.24,27.63,28.03
153.36,6448,257.1,97,0,-0.6,6,6686,-0.44,0.63,139.7,126.1,94.4,97.2,31.04,30.24,27.63,28.03
153.4,6451,257.2,98,0,-0.7,6,6687,-0.42,0.64,139.7,126.1,94.5,97.3,31.04,30.24,27.63,28.03
153.44,6454,257.2,99,0,-0.6,6,6688,-0.4,0.64,139.7,126.1,94.5,97.3,31.04,30.24,27.64,28.04
153.48,6457,257.3,100,0,0.7,6,6690,-0.01,0.04,139.7,126.1,94.5,97.3,31.04,30.24,27.64,28.04
153.52,6460,257.4,100,0,0.3,6,6691,0,0.04,139.7,126.1,94.5,97.3,31.04,30.24,27.63,28.03
153.56,6462,257.4,100,0,0.1,6,6693,-0.01,0.04,139.7,126.1,94.5,97.3,31.04,30.24,27.63,28.03
153.6,6465,257.5,100,0,0.1,6,6694,-0.02,0.04,139.7,126.1,94.4,97.2,31.04,30.24,27.63,28.03
153.64,6468,257.5,100,0,-0.1,6,6696,0.01,0.04,139.6,126.1,94.4,97.2,31.04,30.24,27.63,28.03
153.68,6471,257.6,100,0,-0.3,6,6697,0.01,0.04,139.6,126,94.4,97.2,31.03,30.24,27.63,28.03
153.72,6474,257.7,100,0,-0.1,6,6699,-0.01,0.04,139.6,126,94.4,97.2,31.03,30.24,27.63,28.03
153.76,6477,257.7,100,0,0.3,6,6700,0.02,0.04,139.6,126,94.4,97.2,31.03,30.24,27.63,28.03
153.8,6480,257.8,100,0,0.4,6,6702,0.02,0.04,139.6,126,94.4,97.2,31.03,30.24,27.63,28.03
153.84,6483,257.8,100,0,-0.1,6,6703,0.02,0.04,139.6,126,94.4,97.2,31.03,30.23,27.63,28.03
153.88,6485,257.9,100,0,0,6,6705,-0.02,0.04,139.6,126,94.4,97.2,31.03,30.23,27.63,28.03
153.92,6488,257.9,100,0,-0.4,6,6706,0,0.04,139.6,126,94.3,97.1,31.03,30.23,27.63,28.03
153.96,6491,258,100,0,0,6,6708,0,0.04,139.5,126,94.3,97.1,31.03,30.23,27.62,28.02
154,6494,258.1,100,0,-0.2,6,6709,0,0.04,139.5,125.9,94.3,97.1,31.03,30.23,27.62,28.02
154.04,6497,258.1,100,0,0.2,6,6711,-0.01,0.04,139.5,125.9,94.3,97.1,31.03,30.23,27.62,28.02
154.08,6500,258.2,100,0,0.2,6,6712,-0.03,0.04,139.5,125.9,94.3,97.1,31.03,30.23,27.62,28.02
154.12,6503,258.2,100,0,0.1,6,6714,0.01,0.04,139.5,125.9,94.3,97.1,31.03,30.23,27.62,28.02
154.16,6505,258.3,100,0,0.4,6,6715,0.02,0.04,139.5,125.9,94.3,97.1,31.02,30.23,27.62,28.02
154.2,6508,258.3,100,0,1.1,6,6717,0.02,0.04,139.5,125.9,94.3,97.1,31.02,30.23,27.62,28.02
154.24,6511,258.4,100,0,-0.6,6,6718,0,0.04,139.5,125.9,94.2,97,31.02,30.23,27.62,28.02
154.28,6514,258.5,100,0,0.1,6,6720,0.02,0.04,139.5,125.9,94.2,97,31.02,30.22,27.62,28.02
154.32,6517,258.5,100,0,0.5,6,6721,-0.01,0.04,139.4,125.8,94.2,97,31.02,30.22,27.62,28.02
154.36,6520,258.6,100,0,0,6,6723,0,0.04,139.4,125.8,94.2,97,31.02,30.22,27.62,28.02
154.4,6523,258.6,100,0,0.7,6,6724,0,0.04,139.4,125.8,94.2,97,31.02,30.22,27.62,28.02
154.44,6526,258.7,100,0,-0.6,6,6726,-0.02,0.04,139.4,125.8,94.2,97,31.02,30.22,27.61,28.01
154.48,6528,258.7,100,0,-1,6,6727,-0.01,0.04,139.4,125.8,94.2,97,31.02,30.22,27.61,28.01
154.52,6531,258.8,100,0,-0.3,6,6729,0.01,0.04,139.4,125.8,94.2,97,31.02,30.22,27.61,28.01
154.56,6534,258.9,100,0,-0.6,6,6730,-0.01,0.04,139.4,125.8,94.2,97,31.02,30.22,27.61,28.01
154.6,6537,258.9,100,0,0.6,6,6732,-0.03,0.04,139.4,125.8,94.1,96.9,31.01,30.22,27.61,28.01
154.64,6540,259,100,0,-0.1,6,6733,0,0.04,139.3,125.8,94.1,96.9,31.01,30.22,27.61,28.01
154.68,6543,259,100,0,0.1,6,6735,-0.02,0.04,139.3,125.7,94.1,96.9,31.01,30.22,27.61,28.01
154.72,6546,259.1,100,0,0.4,6,6736,-0.02,0.04,139.3,125.7,94.1,96.9,31.01,30.21,27.61,28.01
154.76,6549,259.2,100,0,-0.6,6,6738,-0.03,0.04,139.3,125.7,94.1,96.9,31.01,30.21,27.61,28.01
154.8,6551,259.2,100,0,0,6,6739,0.02,0.04,139.3,125.7,94.1,96.9,31.01,30.21,27.61,28.01
154.84,6554,259.3,100,0,-0.1,6,6741,-0.02,0.04,139.3,125.7,94.1,96.9,31.01,30.21,27.61,28.01
154.88,6557,259.3,100,0,0.2,6,6742,0,0.04,139.3,125.7,94.1,96.9,31.01,30.21,27.6,28
154.92,6560,259.4,100,0,0.7,6,6744,-0.01,0.04,139.3,125.7,94,96.8,31.01,30.21,27.6,28
154.96,6563,259.4,100,0,0.3,6,6745,-0.01,0.04,139.2,125.7,94,96.8,31.01,30.21,27.6,28
155,6566,259.5,100,0,-0.3,6,6747,-0.01,0.04,139.2,125.6,94,96.8,31.01,30.21,27.6,28
155.04,6569,259.6,100,0,0,6,6748,0.03,0.04,139.2,125.6,94,96.8,31,30.21,27.6,28
155.08,6572,259.6,100,0,0.5,6,6750,0.02,0.04,139.2,125.6,94,96.8,31,30.21,27.6,28
155.12,6575,259.7,100,0,-0.3,6,6751,0.01,0.04,139.2,125.6,94,96.8,31,30.21,27.6,28
155.16,6577,259.7,100,0,-0.1,6,6753,0,0.04,139.2,125.6,94,96.8,31,30.2,27.6,28
155.2,6580,259.8,100,0,0.2,6,6754,-0.04,0.04,139.2,125.6,94,96.8,31,30.2,27.6,28
155.24,6583,259.8,100,0,0.5,6,6756,-0.03,0.04,139.2,125.6,93.9,96.7,31,30.2,27.6,28
155.28,6586,259.9,100,0,-1,6,6757,0,0.04,139.2,125.6,93.9,96.7,31,30.2,27.6,28
155.32,6589,260,100,0,-0.2,6,6759,0,0.04,139.1,125.5,93.9,96.7,31,30.2,27.59,27.99
155.36,6592,260,100,0,-0.2,6,6760,0.02,0.04,139.1,125.5,93.9,96.7,31,30.2,27.59,27.99
155.4,6595,260.1,100,0,-0.5,6,6762,-0.01,0.04,139.1,125.5,93.9,96.7,31,30.2,27.59,27.99
155.44,6598,260.1,100,0,0.3,6,6763,0,0.04,139.1,125.5,93.9,96.7,31,30.2,27.59,27.99
155.48,6600,260.2,100,0,0.3,6,6765,-0.02,0.04,139.1,125.5,93.9,96.7,30.99,30.2,27.59,27.99
155.52,6603,260.2,100,0,0,6,6766,0,0.04,139.1,125.5,93.9,96.7,30.99,30.2,27.59,27.99
155.56,6606,260.3,100,0,-0.6,6,6768,-0.01,0.04,139.1,125.5,93.9,96.7,30.99,30.2,27.59,27.99
155.6,6609,260.4,100,0,0.3,6,6769,-0.02,0.04,139.1,125.5,93.8,96.6,30.99,30.19,27.59,27.99
155.64,6612,260.4,0,0,-0.8,6,6769,0,-1.85,139.2,125.5,93.8,96.6,31,30.2,27.59,27.99
155.68,6615,260,0,11,-0.4,6,6761,0,-1.85,139.3,125.5,93.8,96.6,31.01,30.2,27.59,27.99
155.72,6618,259.3,0,23,-1.5,6,6743,0,-1.85,139.4,125.6,93.8,96.6,31.02,30.2,27.59,27.99
155.76,6621,258.3,0,34,0.9,6,6716,0,-1.85,139.5,125.6,93.8,96.6,31.03,30.21,27.59,27.99
155.8,6624,257,0,45,1.7,6,6681,0,-1.85,139.7,125.7,93.8,96.6,31.04,30.21,27.59,27.99
155.84,6626,255.3,0,56,-0.7,6,6638,0,-1.85,139.8,125.7,93.8,96.6,31.05,30.21,27.59,27.99
155.88,6629,253.3,0,67,0,6,6585,0,-1.85,139.9,125.7,93.8,96.6,31.05,30.22,27.59,27.99
155.92,6632,250.9,0,78,0.8,6,6524,0,-1.85,140,125.8,93.8,96.6,31.06,30.22,27.59,27.99
155.96,6635,248.3,0,89,-0.1,5,7448,0,-1.85,140.1,125.8,93.8,96.6,31.07,30.22,27.59,27.99
156,6638,245.3,0,98,-0.7,5,7360,0,-1.85,140.3,125.9,93.8,96.6,31.08,30.22,27.59,27.99
156.04,6640,242.4,0,98,0.8,5,7272,0,-1.85,140.4,125.9,93.8,96.6,31.09,30.23,27.59,27.99
156.08,6643,239.5,0,98,-0.9,5,7184,0,-1.85,140.5,125.9,93.8,96.6,31.1,30.23,27.59,27.99
156.12,6646,236.5,0,98,1.9,5,7095,0,-1.85,140.6,126,93.8,96.6,31.11,30.23,27.59,27.99
156.16,6648,233.6,0,98,0,5,7007,0,-1.85,140.7,126,93.8,96.6,31.12,30.24,27.59,27.99
156.2,6651,230.6,0,98,0.5,5,6919,0,-1.85,140.9,126.1,93.8,96.6,31.13,30.24,27.59,27.99
156.24,6654,227.7,0,98,0.4,5,6831,0,-1.85,141,126.1,93.8,96.6,31.14,30.24,27.59,27.99
156.28,6656,224.8,0,98,-0.5,5,6743,0,-1.85,141.1,126.1,93.8,96.6,31.14,30.25,27.59,27.99
156.32,6659,221.8,0,98,0.1,5,6654,0,-1.85,141.2,126.2,93.8,96.6,31.15,30.25,27.59,27.99
156.36,6661,218.9,0,98,0.3,5,6566,0,-1.85,141.3,126.2,93.8,96.6,31.16,30.25,27.59,27.99
156.4,6663,215.9,0,98,-0.3,5,6478,0,-1.85,141.5,126.3,93.8,96.6,31.17,30.25,27.59,27.99
156.44,6666,213,0,98,-1.2,4,7668,0,-1.85,141.6,126.3,93.8,96.6,31.18,30.26,27.59,27.99
156.48,6668,210.1,0,98,0.5,4,7562,0,-1.85,141.7,126.3,93.8,96.6,31.19,30.26,27.59,27.99
156.52,6671,207.1,0,98,1.2,4,7456,0,-1.85,141.8,126.4,93.8,96.6,31.2,30.26,27.59,27.99
156.56,6673,204.2,0,98,-0.4,4,7350,0,-1.85,141.9,126.4,93.8,96.6,31.21,30.27,27.59,27.99
156.6,6675,201.2,0,98,1,4,7244,0,-1.85,142.1,126.5,93.8,96.6,31.22,30.27,27.59,27.99
156.64,6677,198.3,0,98,0.6,4,7138,0,-1.85,142.2,126.5,93.8,96.6,31.23,30.27,27.59,27.99
156.68,6680,195.4,0,98,-0.1,4,7033,0,-1.85,142.3,126.5,93.8,96.6,31.23,30.28,27.59,27.99
156.72,6682,192.4,0,98,0.3,4,6927,0,-1.85,142.4,126.6,93.8,96.6,31.24,30.28,27.59,27.99
156.76,6684,189.5,0,98,-1.2,4,6821,0,-1.85,142.5,126.6,93.8,96.6,31.25,30.28,27.59,27.99
156.8,6686,186.5,0,98,0.3,4,6715,0,-1.85,142.7,126.7,93.8,96.6,31.26,30.28,27.59,27.99
156.84,6688,183.6,0,97,0.8,4,6610,0.01,-1.39,142.8,126.7,93.8,96.6,31.27,30.29,27.59,27.99
156.88,6690,180.8,0,94,3.5,4,6509,0.06,-1.36,142.9,126.7,93.8,96.6,31.28,30.29,27.59,27.99
156.92,6692,178.1,0,91,5.9,4,6411,0.1,-1.33,143,126.8,93.8,96.6,31.29,30.29,27.59,27.99
156.96,6694,175.4,0,89,10.3,4,6314,0.15,-1.3,143.1,126.8,93.8,96.6,31.3,30.3,27.59,27.99
157,6696,172.8,0,86,11.9,3,7604,0.19,-1.27,143.3,126.9,93.8,96.6,31.31,30.3,27.59,27.99
157.04,6698,170.3,0,83,14.9,3,7495,0.23,-1.24,143.4,126.9,93.8,96.6,31.32,30.3,27.59,27.99
157.08,6700,167.9,0,80,17.2,3,7389,0.28,-1.21,143.5,126.9,93.8,96.6,31.32,30.31,27.59,27.99
157.12,6702,165.6,0,78,19.7,3,7286,0.32,-1.19,143.6,127,93.8,96.6,31.33,30.31,27.59,27.99
157.16,6704,163.3,0,75,22.6,3,7187,0.36,-1.16,143.7,127,93.8,96.6,31.34,30.31,27.59,27.99
157.2,6705,161.2,0,73,24.8,3,7091,0.4,-1.13,143.9,127.1,93.8,96.6,31.35,30.31,27.59,27.99
157.24,6707,159.1,0,70,28.2,3,6998,0.44,-1.1,144,127.1,93.8,96.6,31.36,30.32,27.59,27.99
157.28,6709,157,0,68,29.7,3,6908,0.48,-1.08,144.1,127.1,93.8,96.6,31.37,30.32,27.59,27.99
157.32,6711,155,0,66,32.7,3,6821,0.52,-1.05,144.2,127.2,93.8,96.6,31.38,30.32,27.59,27.99
157.36,6712,153.1,0,63,34,3,6738,0.56,-1.02,144.3,127.2,93.8,96.6,31.39,30.33,27.59,27.99
157.4,6714,151.3,0,61,37.2,3,6658,0.6,-1,144.5,127.3,93.8,96.6,31.4,30.33,27.59,27.99
157.44,6716,149.5,0,59,40.2,3,6580,0.64,-0.97,144.6,127.3,93.8,96.6,31.41,30.33,27.59,27.99
157.48,6717,147.8,0,57,41.9,3,6505,0.68,-0.95,144.7,127.3,93.8,96.6,31.41,30.34,27.59,27.99
157.52,6719,146.2,0,55,43.8,3,6432,0.71,-0.92,144.8,127.4,93.8,96.6,31.42,30.34,27.59,27.99
157.56,6721,144.6,0,53,45.1,3,6362,0.75,-0.9,144.9,127.4,93.8,96.6,31.43,30.34,27.59,27.99
157.6,6722,143.1,0,51,48.1,3,6295,0.79,-0.87,145.1,127.5,93.8,96.6,31.44,30.34,27.59,27.99
157.64,6724,141.6,0,49,48.6,3,6230,0.82,-0.85,145.2,127.5,93.8,96.6,31.45,30.35,27.59,27.99
157.68,6725,140.2,0,47,50.8,3,6168,0.86,-0.83,145.3,127.5,93.8,96.6,31.46,30.35,27.59,27.99
157.72,6727,138.8,0,45,52.7,3,6109,0.9,-0.8,145.4,127.6,93.8,96.6,31.47,30.35,27.59,27.99
157.76,6729,137.5,0,43,53.8,3,6052,0.93,-0.78,145.5,127.6,93.8,96.6,31.48,30.36,27.59,27.99
157.8,6730,136.3,0,41,55.9,3,5998,0.97,-0.76,145.7,127.7,93.8,96.6,31.49,30.36,27.59,27.99
157.84,6732,135.1,0,40,57.7,3,5945,1,-0.73,145.8,127.7,93.8,96.6,31.5,30.36,27.59,27.99
157.88,6733,134,0,38,58.9,2,7636,1.03,-0.71,145.9,127.7,93.8,96.6,31.5,30.37,27.59,27.99
157.92,6735,132.9,0,36,61.1,2,7575,1.07,-0.69,146,127.8,93.8,96.6,31.51,30.37,27.59,27.99
157.96,6736,131.8,0,35,61.9,2,7515,1.1,-0.67,146.1,127.8,93.8,96.6,31.52,30.37,27.59,27.99
158,6738,130.9,0,33,62.8,2,7458,1.13,-0.64,146.3,127.9,93.8,96.6,31.53,30.37,27.59,27.99
158.04,6739,129.9,0,31,65.1,2,7405,1.17,-0.62,146.4,127.9,93.8,96.6,31.54,30.38,27.59,27.99
158.08,6740,129,0,30,67,2,7354,1.2,-0.6,146.5,127.9,93.8,96.6,31.55,30.38,27.59,27.99
158.12,6742,128.2,0,28,67.2,2,7306,1.23,-0.58,146.6,128,93.8,96.6,31.56,30.38,27.59,27.99
158.16,6743,127.4,0,27,68.7,2,7260,1.27,-0.56,146.7,128,93.8,96.6,31.57,30.39,27.59,27.99
158.2,6745,126.6,0,25,69.3,2,7217,1.3,-0.53,146.9,128.1,93.8,96.6,31.58,30.39,27.59,27.99
158.24,6746,125.9,0,24,71.1,2,7176,1.33,-0.51,147,128.1,93.8,96.6,31.59,30.39,27.59,27.99
158.28,6747,125.2,0,23,71.4,2,7137,1.36,-0.49,147.1,128.1,93.8,96.6,31.59,30.4,27.59,27.99
158.32,6749,124.6,0,21,73.9,2,7101,1.39,-0.47,147.2,128.2,93.8,96.6,31.6,30.4,27.59,27.99
158.36,6750,124,0,20,74.3,2,7067,1.42,-0.45,147.3,128.2,93.8,96.6,31.61,30.4,27.59,27.99
158.4,6752,123.4,0,19,75.4,2,7034,1.46,-0.43,147.5,128.3,93.8,96.6,31.62,30.4,27.59,27.99
158.44,6753,122.9,0,17,76.5,2,7005,1.49,-0.41,147.6,128.3,93.8,96.6,31.63,30.41,27.59,27.99
158.48,6754,122.4,0,16,77,2,6978,1.52,-0.39,147.7,128.3,93.8,96.6,31.64,30.41,27.59,27.99
158.52,6756,122,0,15,78.5,2,6952,1.55,-0.37,147.8,128.4,93.8,96.6,31.65,30.41,27.59,27.99
158.56,6757,121.6,0,14,78.6,2,6928,1.58,-0.35,147.9,128.4,93.8,96.6,31.66,30.42,27.59,27.99
158.6,6758,121.2,0,13,79.7,2,6906,1.61,-0.33,148.1,128.5,93.8,96.6,31.67,30.42,27.59,27.99
158.64,6760,120.8,0,12,80.6,2,6886,1.64,-0.31,148.2,128.5,93.8,96.6,31.68,30.42,27.59,27.99
158.68,6761,120.5,0,11,81.4,2,6867,1.67,-0.29,148.3,128.5,93.8,96.6,31.68,30.43,27.59,27.99
158.72,6762,120.2,0,10,81.9,2,6850,1.7,-0.27,148.4,128.6,93.8,96.6,31.69,30.43,27.59,27.99
158.76,6764,119.9,0,9,81.6,2,6834,1.73,-0.25,148.5,128.6,93.8,96.6,31.7,30.43,27.59,27.99
158.8,6765,119.7,0,8,82.1,2,6821,1.76,-0.23,148.7,128.7,93.8,96.6,31.71,30.43,27.59,27.99
158.84,6766,119.5,0,7,83.2,2,6809,1.79,-0.2,148.8,128.7,93.8,96.6,31.72,30.44,27.59,27.99
158.88,6768,119.3,0,6,82.6,2,6798,1.82,-0.18,148.9,128.7,93.8,96.6,31.73,30.44,27.59,27.99
158.92,6769,119.1,0,5,84.1,2,6790,1.85,-0.16,149,128.8,93.8,96.6,31.74,30.44,27.59,27.99
158.96,6770,119,0,4,82.5,2,6783,1.88,-0.14,149.1,128.8,93.8,96.6,31.75,30.45,27.59,27.99
159,6772,118.9,0,3,83.5,2,6778,1.91,-0.12,149.3,128.9,93.8,96.6,31.76,30.45,27.59,27.99
159.04,6773,118.8,0,3,85.4,2,6773,1.94,-0.1,149.4,128.9,93.8,96.6,31.77,30.45,27.59,27.99
159.08,6774,118.8,0,2,83.7,2,6769,1.97,-0.08,149.5,128.9,93.8,96.6,31.77,30.46,27.59,27.99
159.12,6776,118.7,0,1,84.3,2,6768,2,-0.06,149.6,129,93.8,96.6,31.78,30.46,27.59,27.99
159.16,6777,118.7,0,1,85,2,6766,2.03,-0.04,149.7,129,93.8,96.6,31.79,30.46,27.59,27.99
159.2,6778,118.7,0,0,85.4,2,6766,2.06,-0.02,149.9,129.1,93.8,96.6,31.8,30.46,27.59,27.99
159.24,6780,118.7,0,0,84.6,2,6766,2.09,0,150,129.1,93.8,96.6,31.81,30.47,27.59,27.99
159.28,6781,118.7,1,0,83.9,2,6766,1.94,0,150,129.1,93.9,96.7,31.81,30.47,27.59,27.99
159.32,6782,118.7,3,0,83.6,2,6766,1.93,0.01,150,129.1,93.9,96.7,31.81,30.47,27.59,27.99
159.36,6784,118.7,4,0,83.2,2,6766,1.91,0.02,150,129.1,93.9,96.7,31.81,30.47,27.6,28
159.4,6785,118.7,6,0,81.8,2,6767,1.9,0.02,150,129.1,94,96.8,31.81,30.47,27.6,28
159.44,6786,118.7,7,0,80.9,2,6767,1.88,0.03,150,129.1,94,96.8,31.81,30.47,27.6,28
159.48,6788,118.7,8,0,80.4,2,6768,1.87,0.03,150,129.1,94.1,96.9,31.81,30.47,27.6,28
159.52,6789,118.7,9,0,79.6,2,6769,1.85,0.04,150,129.1,94.1,96.9,31.81,30.47,27.61,28.01
159.56,6790,118.8,10,0,79.4,2,6769,1.84,0.05,150,129.1,94.1,96.9,31.81,30.47,27.61,28.01
159.6,6792,118.8,12,0,77.9,2,6770,1.83,0.05,150,129.1,94.2,97,31.81,30.47,27.61,28.01
159.64,6793,118.8,13,0,77.7,2,6771,1.81,0.06,150,129.1,94.2,97,31.81,30.47,27.61,28.01
159.68,6794,118.8,14,0,76.3,2,6772,1.8,0.06,150,129.1,94.2,97,31.81,30.47,27.62,28.02
159.72,6796,118.8,15,0,75.7,2,6773,1.78,0.07,150,129.1,94.3,97.1,31.81,30.47,27.62,28.02
159.76,6797,118.8,16,0,75.2,2,6774,1.77,0.07,150,129.1,94.3,97.1,31.81,30.47,27.62,28.02
159.8,6798,118.9,17,0,74.5,2,6775,1.76,0.08,150,129.1,94.3,97.1,31.81,30.47,27.62,28.02
159.84,6799,118.9,18,0,74.4,2,6777,1.74,0.09,150,129.1,94.4,97.2,31.81,30.47,27.63,28.03
159.88,6801,118.9,19,0,72,2,6778,1.73,0.09,150,129.1,94.4,97.2,31.81,30.47,27.63,28.03
159.92,6802,118.9,20,0,72.2,2,6779,1.71,0.1,150,129.1,94.4,97.2,31.81,30.47,27.63,28.03
159.96,6803,119,21,0,71.5,2,6781,1.7,0.1,150,129.1,94.5,97.3,31.81,30.47,27.64,28.04
160,6805,119,22,0,70.2,2,6782,1.69,0.11,150,129.1,94.5,97.3,31.81,30.47,27.64,28.04
160.04,6806,119,23,0,69.5,2,6784,1.67,0.12,150,129.1,94.5,97.3,31.81,30.47,27.64,28.04
160.08,6807,119,24,0,68.9,2,6786,1.66,0.12,150,129.1,94.6,97.4,31.81,30.47,27.64,28.04
160.12,6809,119.1,25,0,68.3,2,6787,1.64,0.13,150,129.1,94.6,97.4,31.81,30.47,27.65,28.05
160.16,6810,119.1,26,0,67.8,2,6789,1.63,0.13,150,129.1,94.6,97.4,31.81,30.47,27.65,28.05
160.2,6811,119.1,27,0,66.9,2,6791,1.61,0.14,150,129.1,94.7,97.5,31.81,30.47,27.65,28.05
160.24,6813,119.2,28,0,66.1,2,6793,1.6,0.15,150,129.1,94.7,97.5,31.81,30.47,27.65,28.05
160.28,6814,119.2,29,0,65,2,6795,1.59,0.15,150,129.1,94.8,97.6,31.81,30.47,27.66,28.06
160.32,6815,119.2,30,0,64.4,2,6797,1.57,0.16,150,129.1,94.8,97.6,31.81,30.47,27.66,28.06
160.36,6817,119.3,31,0,62.9,2,6799,1.56,0.16,150,129.1,94.8,97.6,31.81,30.47,27.66,28.06
160.4,6818,119.3,32,0,62.8,2,6801,1.54,0.17,150,129.1,94.9,97.7,31.81,30.47,27.66,28.06
160.44,6819,119.4,33,0,62.8,2,6804,1.53,0.18,150,129.1,94.9,97.7,31.81,30.47,27.67,28.07
160.48,6821,119.4,34,0,60.9,2,6806,1.52,0.18,150,129.1,94.9,97.7,31.81,30.47,27.67,28.07
160.52,6822,119.4,35,0,60.4,2,6808,1.5,0.19,150,129.1,95,97.8,31.81,30.47,27.67,28.07
160.56,6823,119.5,36,0,60.2,2,6811,1.49,0.19,150,129.1,95,97.8,31.81,30.47,27.67,28.07
160.6,6825,119.5,37,0,58.9,2,6813,1.47,0.2,150,129.1,95,97.8,31.81,30.47,27.68,28.08
160.64,6826,119.6,37,0,57.9,2,6816,1.46,0.2,150,129.1,95.1,97.9,31.81,30.47,27.68,28.08
160.68,6827,119.6,38,0,57.4,2,6819,1.44,0.21,150,129.1,95.1,97.9,31.81,30.47,27.68,28.08
160.72,6829,119.7,39,0,57.4,2,6821,1.43,0.22,150,129.1,95.1,97.9,31.81,30.47,27.69,28.09
160.76,6830,119.7,40,0,56.1,2,6824,1.42,0.22,150,129.1,95.2,98,31.81,30.47,27.69,28.09
160.8,6831,119.8,41,0,55.4,2,6827,1.4,0.23,150,129.1,95.2,98,31.81,30.47,27.69,28.09
160.84,6833,119.8,42,0,54.4,2,6830,1.39,0.23,150,129.1,95.2,98,31.81,30.47,27.69,28.09
160.88,6834,119.9,43,0,53.2,2,6833,1.37,0.24,150,129.1,95.3,98.1,31.81,30.47,27.7,28.1
160.92,6835,119.9,44,0,52.5,2,6836,1.36,0.25,150,129.1,95.3,98.1,31.81,30.47,27.7,28.1
160.96,6837,120,45,0,52.3,2,6839,1.35,0.25,150,129.1,95.3,98.1,31.81,30.47,27.7,28.1
161,6838,120,46,0,51,2,6842,1.33,0.26,150,129.1,95.4,98.2,31.81,30.47,27.7,28.1
161.04,6839,120.1,46,0,50.5,2,6845,1.32,0.26,150,129.1,95.4,98.2,31.81,30.47,27.71,28.11
161.08,6841,120.2,47,0,49.6,2,6849,1.3,0.27,150,129.1,95.5,98.3,31.81,30.47,27.71,28.11
161.12,6842,120.2,48,0,48.7,2,6852,1.29,0.28,150,129.1,95.5,98.3,31.81,30.47,27.71,28.11
161.16,6843,120.3,49,0,48,2,6855,1.27,0.28,150,129.1,95.5,98.3,31.81,30.47,27.71,28.11
161.2,6845,120.3,50,0,46.5,2,6859,1.26,0.29,150,129.1,95.6,98.4,31.81,30.47,27.72,28.12
161.24,6846,120.4,51,0,46.5,2,6862,1.25,0.29,150,129.1,95.6,98.4,31.81,30.47,27.72,28.12
161.28,6847,120.5,52,0,45.9,2,6866,1.23,0.3,150,129.1,95.6,98.4,31.81,30.47,27.72,28.12
161.32,6849,120.5,53,0,44.2,2,6869,1.22,0.31,150,129.1,95.7,98.5,31.81,30.47,27.72,28.12
161.36,6850,120.6,54,0,44.5,2,6873,1.2,0.31,150,129.1,95.7,98.5,31.81,30.47,27.73,28.13
161.4,6851,120.6,54,0,43.1,2,6877,1.19,0.32,150,129.1,95.7,98.5,31.81,30.47,27.73,28.13
161.44,6853,120.7,55,0,42.3,2,6881,1.17,0.32,150,129.1,95.8,98.6,31.81,30.47,27.73,28.13
161.48,6854,120.8,56,0,41.8,2,6884,1.16,0.33,150,129.1,95.8,98.6,31.81,30.47,27.74,28.14
161.52,6855,120.8,57,0,40.7,2,6888,1.15,0.34,150,129.1,95.8,98.6,31.81,30.47,27.74,28.14
161.56,6857,120.9,58,0,40.1,2,6892,1.13,0.34,150,129.1,95.9,98.7,31.81,30.47,27.74,28.14
161.6,6858,121,59,0,39.3,2,6896,1.12,0.35,150,129.1,95.9,98.7,31.81,30.47,27.74,28.14
161.64,6859,121.1,60,0,38.6,2,6900,1.1,0.35,150,129.1,95.9,98.7,31.81,30.47,27.75,28.15
161.68,6861,121.1,60,0,37.9,2,6905,1.09,0.36,150,129.1,96,98.8,31.81,30.47,27.75,28.15
161.72,6862,121.2,61,0,36.8,2,6909,1.07,0.37,150,129.1,96,98.8,31.81,30.47,27.75,28.15
161.76,6863,121.3,62,0,36.6,2,6913,1.06,0.37,150,129.1,96,98.8,31.81,30.47,27.75,28.15
161.8,6865,121.4,63,0,35.9,2,6917,1.04,0.38,150,129.1,96.1,98.9,31.81,30.47,27.76,28.16
161.84,6866,121.4,64,0,34.2,2,6922,1.03,0.38,150,129.1,96.1,98.9,31.81,30.47,27.76,28.16
161.88,6867,121.5,65,0,34,2,6926,1.02,0.39,150,129.1,96.2,99,31.81,30.47,27.76,28.16
161.92,6869,121.6,66,0,32.5,2,6931,1,0.4,150,129.1,96.2,99,31.81,30.47,27.76,28.16
161.96,6870,121.7,66,0,31.9,2,6935,0.99,0.4,150,129.1,96.2,99,31.81,30.47,27.77,28.17
162,6872,121.7,67,0,31.6,2,6940,0.97,0.41,150,129.1,96.3,99.1,31.81,30.47,27.77,28.17
162.04,6873,121.8,68,0,30.1,2,6944,0.96,0.41,150,129.1,96.3,99.1,31.81,30.47,27.77,28.17
162.08,6874,121.9,69,0,30.5,2,6949,0.94,0.42,150,129.1,96.3,99.1,31.81,30.47,27.77,28.17
162.12,6876,122,70,0,29.1,2,6954,0.93,0.43,150,129.1,96.4,99.2,31.81,30.47,27.78,28.18
162.16,6877,122.1,71,0,28.7,2,6958,0.91,0.43,150,129.1,96.4,99.2,31.81,30.47,27.78,28.18
162.2,6878,122.2,71,0,28.1,2,6963,0.9,0.44,150,129.1,96.4,99.2,31.81,30.47,27.78,28.18
162.24,6880,122.2,72,0,27,2,6968,0.89,0.44,150,129.1,96.5,99.3,31.81,30.47,27.78,28.18
162.28,6881,122.3,73,0,26,2,6973,0.87,0.45,150,129.1,96.5,99.3,31.81,30.47,27.79,28.19
162.32,6882,122.4,74,0,25.1,2,6978,0.86,0.46,150,129.1,96.5,99.3,31.81,30.47,27.79,28.19
162.36,6884,122.5,75,0,24.3,2,6983,0.84,0.46,150,129.1,96.6,99.4,31.81,30.47,27.79,28.19
162.4,6885,122.6,76,0,23.5,2,6988,0.83,0.47,150,129.1,96.6,99.4,31.81,30.47,27.8,28.2
162.44,6886,122.7,76,0,22.3,2,6993,0.81,0.47,150,129.1,96.6,99.4,31.81,30.47,27.8,28.2
162.48,6888,122.8,77,0,22.5,2,6999,0.8,0.48,150,129.1,96.7,99.5,31.81,30.47,27.8,28.2
162.52,6889,122.9,78,0,20.9,2,7004,0.78,0.49,150,129.1,96.7,99.5,31.81,30.47,27.8,28.2
162.56,6891,123,79,0,20.7,2,7009,0.77,0.49,150,129.1,96.7,99.5,31.81,30.47,27.81,28.21
162.6,6892,123.1,80,0,19.5,2,7015,0.75,0.5,150,129.1,96.8,99.6,31.81,30.47,27.81,28.21
162.64,6893,123.2,81,0,19.5,2,7020,0.74,0.5,150,129.1,96.8,99.6,31.81,30.47,27.81,28.21
162.68,6895,123.3,81,0,17.7,2,7025,0.73,0.51,150,129.1,96.9,99.7,31.81,30.47,27.81,28.21
162.72,6896,123.4,82,0,17.8,2,7031,0.71,0.52,150,129.1,96.9,99.7,31.81,30.47,27.82,28.22
162.76,6897,123.4,83,0,15.9,2,7037,0.7,0.52,150,129.1,96.9,99.7,31.81,30.47,27.82,28.22
162.8,6899,123.5,84,0,15.3,2,7042,0.68,0.53,150,129.1,97,99.8,31.81,30.47,27.82,28.22
162.84,6900,123.6,85,0,15.7,2,7048,0.67,0.53,150,129.1,97,99.8,31.81,30.47,27.82,28.22
162.88,6901,123.7,86,0,13.2,2,7054,0.65,0.54,150,129.1,97,99.8,31.81,30.47,27.83,28.23
162.92,6903,123.8,86,0,13.4,2,7059,0.64,0.55,150,129.1,97.1,99.9,31.81,30.47,27.83,28.23
162.96,6904,124,87,0,12.3,2,7065,0.62,0.55,150,129.1,97.1,99.9,31.81,30.47,27.83,28.23
163,6906,124.1,88,0,12.4,2,7071,0.61,0.56,150,129.1,97.1,99.9,31.81,30.47,27.83,28.23
163.04,6907,124.2,89,0,11.2,2,7077,0.59,0.57,150,129.1,97.2,100,31.81,30.47,27.84,28.24
163.08,6908,124.3,90,0,10.2,2,7083,0.58,0.57,150,129.1,97.2,100,31.81,30.47,27.84,28.24
163.12,6910,124.4,90,0,8.5,2,7089,0.56,0.58,150,129.1,97.2,100,31.81,30.47,27.84,28.24
163.16,6911,124.5,91,0,8.9,2,7095,0.55,0.58,150,129.1,97.3,100.1,31.81,30.47,27.85,28.25
163.2,6913,124.6,92,0,7.7,2,7101,0.53,0.59,150,129.1,97.3,100.1,31.81,30.47,27.85,28.25
163.24,6914,124.7,93,0,7.1,2,7107,0.52,0.6,150,129.1,97.3,100.1,31.81,30.47,27.85,28.25
163.28,6915,124.8,94,0,5.7,2,7114,0.5,0.6,150,129.1,97.4,100.2,31.81,30.47,27.85,28.25
163.32,6917,124.9,95,0,5.7,2,7120,0.49,0.61,150,129.1,97.4,100.2,31.81,30.47,27.86,28.26
163.36,6918,125,95,0,4.5,2,7126,0.47,0.61,150,129.1,97.4,100.2,31.81,30.47,27.86,28.26
163.4,6919,125.1,96,0,3.7,2,7132,0.46,0.62,150,129.1,97.5,100.3,31.81,30.47,27.86,28.26
163.44,6921,125.2,97,0,3.2,2,7139,0.45,0.63,150,129.1,97.5,100.3,31.81,30.47,27.86,28.26
163.48,6922,125.4,98,0,2,2,7145,0.43,0.63,150,129.1,97.6,100.4,31.81,30.47,27.87,28.27
163.52,6924,125.5,99,0,1.1,2,7152,0.42,0.64,150,129.1,97.6,100.4,31.81,30.47,27.87,28.27
163.56,6925,125.6,99,0,0.9,2,7158,0.4,0.65,150,129.1,97.6,100.4,31.81,30.47,27.87,28.27
163.6,6926,125.6,100,0,0,2,7162,0.03,0.04,150,129.1,97.6,100.4,31.81,30.47,27.87,28.27
163.64,6928,125.7,100,0,-0.6,2,7165,0.01,0.04,150,129.1,97.6,100.4,31.81,30.47,27.87,28.27
163.68,6929,125.8,100,0,0.1,2,7168,-0.03,0.04,149.9,129.1,97.6,100.4,31.81,30.47,27.87,28.27
163.72,6931,125.8,100,0,-0.3,2,7172,0,0.04,149.9,129.1,97.6,100.4,31.81,30.46,27.87,28.27
163.76,6932,125.9,100,0,-0.3,2,7175,-0.02,0.04,149.9,129,97.6,100.4,31.81,30.46,27.87,28.27
163.8,6933,125.9,100,0,0.3,2,7178,0,0.04,149.9,129,97.5,100.3,31.81,30.46,27.87,28.27
163.84,6935,126,100,0,0,2,7181,0.01,0.04,149.9,129,97.5,100.3,31.8,30.46,27.87,28.27
163.88,6936,126,100,0,-0.8,2,7185,0.03,0.04,149.9,129,97.5,100.3,31.8,30.46,27.86,28.26
163.92,6938,126.1,100,0,0.2,2,7188,-0.02,0.04,149.9,129,97.5,100.3,31.8,30.46,27.86,28.26
163.96,6939,126.2,100,0,-0.6,2,7191,0.03,0.04,149.9,129,97.5,100.3,31.8,30.46,27.86,28.26
164,6940,126.2,100,0,-0.3,2,7195,0.01,0.04,149.8,129,97.5,100.3,31.8,30.46,27.86,28.26
164.04,6942,126.3,100,0,0.2,2,7198,-0.02,0.04,149.8,129,97.5,100.3,31.8,30.46,27.86,28.26
164.08,6943,126.3,100,0,0,2,7201,-0.02,0.04,149.8,128.9,97.5,100.3,31.8,30.46,27.86,28.26
164.12,6945,126.4,100,0,-0.4,2,7204,-0.01,0.04,149.8,128.9,97.5,100.3,31.8,30.46,27.86,28.26
164.16,6946,126.5,100,0,0.2,2,7208,0,0.04,149.8,128.9,97.4,100.2,31.8,30.45,27.86,28.26
164.2,6947,126.5,100,0,0.9,2,7211,-0.02,0.04,149.8,128.9,97.4,100.2,31.8,30.45,27.86,28.26
164.24,6949,126.6,100,0,0.4,2,7214,-0.03,0.04,149.8,128.9,97.4,100.2,31.8,30.45,27.86,28.26
164.28,6950,126.6,100,0,0.8,2,7218,-0.02,0.04,149.8,128.9,97.4,100.2,31.79,30.45,27.86,28.26
164.32,6952,126.7,100,0,-0.2,2,7221,-0.01,0.04,149.7,128.9,97.4,100.2,31.79,30.45,27.85,28.25
164.36,6953,126.7,100,0,-0.4,2,7224,0,0.04,149.7,128.9,97.4,100.2,31.79,30.45,27.85,28.25
164.4,6954,126.8,100,0,0.5,2,7227,0.05,0.04,149.7,128.9,97.4,100.2,31.79,30.45,27.85,28.25
164.44,6956,126.9,100,0,0.1,2,7231,0.02,0.04,149.7,128.8,97.4,100.2,31.79,30.45,27.85,28.25
164.48,6957,126.9,100,0,0.4,2,7234,0.01,0.04,149.7,128.8,97.3,100.1,31.79,30.45,27.85,28.25
164.52,6959,127,100,0,0.2,2,7237,-0.02,0.04,149.7,128.8,97.3,100.1,31.79,30.45,27.85,28.25
164.56,6960,127,100,0,0.6,2,7241,0,0.04,149.7,128.8,97.3,100.1,31.79,30.45,27.85,28.25
164.6,6962,127.1,100,0,0.4,2,7244,0.02,0.04,149.7,128.8,97.3,100.1,31.79,30.44,27.85,28.25
164.64,6963,127.1,100,0,0.3,2,7247,-0.01,0.04,149.7,128.8,97.3,100.1,31.79,30.44,27.85,28.25
164.68,6964,127.2,100,0,-0.1,2,7250,0,0.04,149.6,128.8,97.3,100.1,31.79,30.44,27.85,28.25
164.72,6966,127.3,100,0,-0.8,2,7254,-0.02,0.04,149.6,128.8,97.3,100.1,31.78,30.44,27.85,28.25
164.76,6967,127.3,100,0,-0.5,2,7257,0,0.04,149.6,128.7,97.3,100.1,31.78,30.44,27.84,28.24
164.8,6969,127.4,100,0,-0.5,2,7260,-0.02,0.04,149.6,128.7,97.2,100,31.78,30.44,27.84,28.24
164.84,6970,127.4,100,0,0.1,2,7264,-0.03,0.04,149.6,128.7,97.2,100,31.78,30.44,27.84,28.24
164.88,6971,127.5,100,0,0.7,2,7267,-0.05,0.04,149.6,128.7,97.2,100,31.78,30.44,27.84,28.24
164.92,6973,127.5,100,0,0,2,7270,-0.02,0.04,149.6,128.7,97.2,100,31.78,30.44,27.84,28.24
164.96,6974,127.6,100,0,-0.5,2,7273,0,0.04,149.6,128.7,97.2,100,31.78,30.44,27.84,28.24
165,6976,127.7,100,0,0.2,2,7277,0.01,0.04,149.5,128.7,97.2,100,31.78,30.44,27.84,28.24
165.04,6977,127.7,100,0,0.3,2,7280,0,0.04,149.5,128.7,97.2,100,31.78,30.43,27.84,28.24
165.08,6978,127.8,100,0,-0.8,2,7283,0,0.04,149.5,128.6,97.2,100,31.78,30.43,27.84,28.24
165.12,6980,127.8,100,0,0,2,7286,-0.01,0.04,149.5,128.6,97.2,100,31.78,30.43,27.84,28.24
165.16,6981,127.9,100,0,0.2,2,7290,0.01,0.04,149.5,128.6,97.1,99.9,31.77,30.43,27.84,28.24
165.2,6983,127.9,100,0,-0.4,2,7293,0,0.04,149.5,128.6,97.1,99.9,31.77,30.43,27.83,28.23
165.24,6984,128,100,0,-0.4,2,7296,-0.01,0.04,149.5,128.6,97.1,99.9,31.77,30.43,27.83,28.23
165.28,6986,128.1,100,0,-0.5,2,7300,0.01,0.04,149.5,128.6,97.1,99.9,31.77,30.43,27.83,28.23
165.32,6987,128.1,100,0,0.1,2,7303,0.04,0.04,149.4,128.6,97.1,99.9,31.77,30.43,27.83,28.23
165.36,6988,128.2,100,0,0.1,2,7306,-0.01,0.04,149.4,128.6,97.1,99.9,31.77,30.43,27.83,28.23
165.4,6990,128.2,100,0,0,2,7309,-0.03,0.04,149.4,128.6,97.1,99.9,31.77,30.43,27.83,28.23
165.44,6991,128.3,100,0,0,2,7313,0.06,0.04,149.4,128.5,97.1,99.9,31.77,30.43,27.83,28.23
165.48,6993,128.4,100,0,0.2,2,7316,-0.02,0.04,149.4,128.5,97,99.8,31.77,30.42,27.83,28.23
165.52,6994,128.4,100,0,-0.3,2,7319,0,0.04,149.4,128.5,97,99.8,31.77,30.42,27.83,28.23
165.56,6996,128.5,100,0,0.6,2,7323,-0.02,0.04,149.4,128.5,97,99.8,31.77,30.42,27.83,28.23
165.6,6997,128.5,100,0,0.2,2,7326,0.02,0.04,149.4,128.5,97,99.8,31.76,30.42,27.83,28.23
165.64,6998,128.6,100,0,0.4,2,7329,-0.01,0.04,149.4,128.5,97,99.8,31.76,30.42,27.82,28.22
165.68,7000,128.6,100,0,0.2,2,7332,-0.03,0.04,149.3,128.5,97,99.8,31.76,30.42,27.82,28.22
165.72,7001,128.7,100,0,-0.4,2,7336,0,0.04,149.3,128.5,97,99.8,31.76,30.42,27.82,28.22
165.76,7003,128.8,100,0,0.4,2,7339,0.04,0.04,149.3,128.4,97,99.8,31.76,30.42,27.82,28.22