Time,Distance,Speed,Throttle,Brake,Steering,Gear,RPM,LatG,LongG,TyreTemp_FL,TyreTemp_FR,TyreTemp_RL,TyreTemp_RR,Press_FL,Press_FR,Press_RL,Press_RR
0.0,0.7,189.6,100.0,0.0,0.0,4,5600,-0.011,0.286,77.2,82.6,77.7,78.8,24.18,25.05,24.28,24.45
0.015,1.5,189.8,100.0,0.0,0.0,4,5595,-0.005,0.304,77.1,82.6,77.7,78.8,24.18,25.05,24.28,24.45
0.031,2.4,190.0,100.0,0.0,0.0,4,5591,-0.015,0.306,77.1,82.6,77.7,78.8,24.18,25.05,24.28,24.45
0.047,3.2,190.1,100.0,0.0,0.0,4,5592,-0.032,0.3,77.1,82.6,77.7,78.8,24.18,25.05,24.28,24.45
0.062,4.0,190.3,100.0,0.0,0.0,4,5594,-0.027,0.274,77.1,82.5,77.7,78.8,24.18,25.05,24.28,24.45
0.078,4.8,190.4,100.0,0.0,0.0,4,5602,-0.029,0.262,77.1,82.5,77.7,78.8,24.18,25.05,24.28,24.45
0.094,5.7,190.6,100.0,0.0,0.0,4,5605,-0.011,0.293,77.1,82.5,77.7,78.8,24.18,25.05,24.28,24.45
0.109,6.5,190.7,100.0,0.0,0.0,4,5606,-0.009,0.266,77.1,82.5,77.7,78.8,24.18,25.05,24.28,24.45
0.124,7.3,190.9,100.0,0.0,0.0,4,5607,-0.025,0.308,77.1,82.5,77.7,78.8,24.18,25.04,24.28,24.45
0.14,8.1,191.0,100.0,0.0,0.0,4,5609,-0.019,0.288,77.1,82.5,77.7,78.8,24.18,25.04,24.28,24.45
0.156,9.0,191.2,100.0,0.0,0.0,4,5622,-0.017,0.256,77.1,82.5,77.7,78.8,24.18,25.04,24.28,24.45
0.171,9.8,191.3,100.0,0.0,0.0,4,5629,-0.016,0.267,77.1,82.5,77.7,78.8,24.18,25.04,24.28,24.45
0.186,10.6,191.5,100.0,0.0,0.0,4,5636,-0.015,0.272,77.1,82.5,77.7,78.8,24.17,25.04,24.28,24.45
0.201,11.4,191.6,100.0,0.0,0.0,4,5642,-0.024,0.277,77.1,82.5,77.7,78.8,24.17,25.04,24.28,24.45
0.218,12.3,191.8,100.0,0.0,0.0,4,5650,-0.013,0.273,77.1,82.5,77.7,78.8,24.17,25.04,24.27,24.45
0.234,13.1,191.9,100.0,0.0,0.0,4,5657,-0.018,0.265,77.1,82.5,77.7,78.8,24.17,25.04,24.27,24.45
0.249,13.9,192.1,100.0,0.0,0.0,4,5657,-0.003,0.285,77.1,82.5,77.7,78.8,24.17,25.04,24.27,24.45
0.265,14.8,192.2,100.0,0.0,0.0,4,5660,-0.046,0.278,77.1,82.5,77.7,78.8,24.17,25.04,24.27,24.45
0.28,15.6,192.4,100.0,0.0,0.0,4,5659,-0.041,0.295,77.1,82.5,77.7,78.8,24.17,25.04,24.27,24.45
0.296,16.5,192.6,100.0,0.0,0.0,4,5662,-0.028,0.269,77.1,82.5,77.7,78.8,24.17,25.03,24.27,24.45
0.312,17.3,192.7,100.0,0.0,0.0,4,5667,-0.028,0.281,77.0,82.5,77.7,78.8,24.17,25.03,24.27,24.45
0.327,18.1,192.8,100.0,0.0,0.0,4,5667,-0.026,0.264,77.0,82.5,77.7,78.8,24.17,25.03,24.27,24.45
0.343,19.0,193.0,100.0,0.0,0.0,4,5672,-0.023,0.285,77.0,82.4,77.7,78.8,24.17,25.03,24.27,24.45
0.359,19.8,193.2,100.0,0.0,0.0,4,5677,-0.003,0.271,77.0,82.4,77.7,78.8,24.17,25.03,24.27,24.45
0.375,20.7,193.3,100.0,0.0,0.0,4,5684,0.008,0.279,77.0,82.4,77.7,78.8,24.16,25.03,24.27,24.45
0.391,21.5,193.5,100.0,0.0,0.0,4,5689,0.008,0.241,77.0,82.4,77.7,78.8,24.16,25.03,24.27,24.45
0.406,22.3,193.6,100.0,0.0,0.0,4,5697,0.01,0.269,77.0,82.4,77.7,78.8,24.16,25.03,24.27,24.45
0.422,23.2,193.8,100.0,0.0,0.0,4,5707,0.006,0.26,77.0,82.4,77.7,78.8,24.16,25.03,24.27,24.45
0.437,24.0,193.9,100.0,0.0,0.0,4,5709,0.016,0.261,77.0,82.4,77.7,78.8,24.16,25.03,24.27,24.45
0.453,24.9,194.1,100.0,0.0,0.0,4,5713,0.014,0.278,77.0,82.4,77.7,78.8,24.16,25.03,24.27,24.45
0.468,25.7,194.2,100.0,0.0,0.0,4,5718,0.004,0.244,77.0,82.4,77.7,78.8,24.16,25.02,24.27,24.45
0.483,26.5,194.3,100.0,0.0,0.0,4,5724,0.007,0.267,77.0,82.4,77.7,78.8,24.16,25.02,24.27,24.45
0.499,27.4,194.5,100.0,0.0,0.0,4,5728,0.012,0.271,77.0,82.4,77.7,78.8,24.16,25.02,24.27,24.45
0.515,28.2,194.6,100.0,0.0,0.0,4,5731,0.002,0.272,77.0,82.4,77.7,78.8,24.16,25.02,24.27,24.45
0.531,29.1,194.8,100.0,0.0,0.0,4,5734,0.002,0.237,77.0,82.4,77.7,78.8,24.15,25.02,24.27,24.45
0.547,29.9,194.9,100.0,0.0,0.0,4,5735,0.02,0.269,77.0,82.4,77.7,78.8,24.15,25.02,24.27,24.45
0.561,30.7,195.1,100.0,0.0,0.0,4,5737,-0.003,0.273,77.0,82.4,77.7,78.8,24.15,25.02,24.27,24.45
0.577,31.6,195.2,100.0,0.0,0.0,4,5741,-0.01,0.255,77.0,82.4,77.7,78.8,24.15,25.02,24.27,24.45
0.592,32.4,195.4,100.0,0.0,0.0,4,5743,-0.004,0.264,76.9,82.4,77.7,78.8,24.15,25.02,24.27,24.45
0.608,33.3,195.5,100.0,0.0,0.0,4,5746,0.008,0.26,76.9,82.4,77.7,78.8,24.15,25.02,24.27,24.45
0.623,34.1,195.7,100.0,0.0,0.0,4,5748,-0.009,0.275,76.9,82.4,77.7,78.8,24.15,25.02,24.27,24.45
0.639,34.9,195.8,100.0,0.0,0.0,4,5748,0.003,0.28,76.9,82.3,77.7,78.8,24.15,25.02,24.27,24.45
0.655,35.8,196.0,100.0,0.0,0.0,4,5754,-0.0,0.256,76.9,82.3,77.7,78.8,24.15,25.01,24.27,24.45
0.67,36.7,196.1,100.0,0.0,0.0,4,5759,-0.015,0.263,76.9,82.3,77.7,78.8,24.15,25.01,24.27,24.45
0.686,37.5,196.3,100.0,0.0,0.01,4,5764,-0.014,0.252,76.9,82.3,77.7,78.8,24.15,25.01,24.27,24.45
0.701,38.3,196.4,100.0,0.0,0.01,4,5771,-0.04,0.276,76.9,82.3,77.7,78.8,24.15,25.01,24.27,24.45
0.717,39.2,196.5,100.0,0.0,0.01,4,5781,-0.051,0.242,76.9,82.3,77.7,78.8,24.14,25.01,24.27,24.45
0.732,40.0,196.7,100.0,0.0,0.02,4,5787,-0.076,0.261,76.9,82.3,77.7,78.8,24.14,25.01,24.27,24.45
0.748,40.9,196.8,100.0,0.0,0.02,4,5796,-0.079,0.233,76.9,82.3,77.7,78.8,24.14,25.01,24.27,24.45
0.764,41.8,196.9,100.0,0.0,0.0,4,5808,-0.112,0.217,76.9,82.3,77.7,78.8,24.14,25.01,24.27,24.45
0.779,42.6,197.1,100.0,0.0,0.0,4,5811,-0.053,0.283,76.9,82.3,77.7,78.8,24.14,25.01,24.27,24.45
0.794,43.4,197.2,100.0,0.0,0.0,4,5808,-0.053,0.265,76.9,82.3,77.7,78.8,24.14,25.01,24.27,24.45
0.81,44.3,197.4,100.0,0.0,0.0,4,5811,-0.077,0.252,76.9,82.3,77.7,78.8,24.14,25.01,24.27,24.45
0.825,45.1,197.5,100.0,0.0,0.0,4,5813,-0.075,0.261,76.9,82.3,77.7,78.8,24.14,25.0,24.27,24.45
0.84,46.0,197.6,100.0,0.0,0.0,4,5814,-0.109,0.267,76.9,82.3,77.7,78.8,24.14,25.0,24.27,24.45
0.856,46.8,197.8,100.0,0.0,0.0,4,5814,-0.1,0.273,76.9,82.3,77.7,78.8,24.14,25.0,24.27,24.45
0.872,47.7,197.9,100.0,0.0,0.0,4,5815,-0.069,0.26,76.8,82.3,77.7,78.8,24.14,25.0,24.27,24.45
0.887,48.5,198.1,100.0,0.0,0.0,4,5815,-0.102,0.277,76.8,82.3,77.7,78.8,24.13,25.0,24.27,24.45
0.904,49.4,198.2,100.0,0.0,0.0,4,5819,-0.078,0.24,76.8,82.3,77.7,78.8,24.13,25.0,24.27,24.45
0.919,50.3,198.4,100.0,0.0,0.0,4,5829,-0.066,0.249,76.8,82.2,77.7,78.8,24.13,25.0,24.27,24.45
0.935,51.2,198.5,100.0,0.0,0.0,4,5832,-0.069,0.271,76.8,82.2,77.7,78.8,24.13,25.0,24.27,24.45
0.95,52.0,198.7,100.0,0.0,0.0,4,5835,-0.067,0.259,76.8,82.2,77.7,78.8,24.13,25.0,24.27,24.45
0.966,52.9,198.8,100.0,0.0,0.0,4,5841,-0.053,0.231,76.8,82.2,77.7,78.8,24.13,25.0,24.27,24.44
0.981,53.7,198.9,100.0,0.0,0.0,4,5850,-0.044,0.207,76.8,82.2,77.7,78.8,24.13,25.0,24.27,24.44
0.997,54.6,199.0,100.0,0.0,0.0,4,5857,-0.054,0.261,76.8,82.2,77.7,78.8,24.13,25.0,24.27,24.44
1.012,55.4,199.2,100.0,0.0,0.0,4,5865,-0.04,0.257,76.8,82.2,77.7,78.8,24.13,24.99,24.26,24.44
1.029,56.4,199.3,100.0,0.0,0.0,4,5867,-0.014,0.262,76.8,82.2,77.7,78.8,24.13,24.99,24.26,24.44
1.044,57.2,199.5,100.0,0.0,0.0,4,5875,-0.04,0.246,76.8,82.2,77.7,78.8,24.13,24.99,24.26,24.44
1.059,58.1,199.6,100.0,0.0,-0.0,4,5875,-0.025,0.256,76.8,82.2,77.7,78.8,24.12,24.99,24.26,24.44
1.075,58.9,199.7,100.0,0.0,-0.0,4,5878,-0.032,0.255,76.8,82.2,77.6,78.8,24.12,24.99,24.26,24.44
1.091,59.8,199.9,100.0,0.0,-0.01,4,5877,-0.0,0.248,76.8,82.2,77.6,78.8,24.12,24.99,24.26,24.44
1.107,60.7,200.0,100.0,0.0,-0.01,4,5879,0.037,0.252,76.8,82.2,77.6,78.8,24.12,24.99,24.26,24.44
1.122,61.5,200.2,100.0,0.0,-0.01,4,5881,0.046,0.264,76.8,82.2,77.6,78.8,24.12,24.99,24.26,24.44
1.137,62.4,200.3,100.0,0.0,-0.02,4,5882,0.08,0.234,76.8,82.2,77.6,78.8,24.12,24.99,24.26,24.44
1.152,63.2,200.4,100.0,0.0,-0.02,4,5884,0.089,0.26,76.8,82.2,77.6,78.8,24.12,24.99,24.26,24.44
1.167,64.1,200.6,100.0,0.0,0.0,4,5887,0.131,0.254,76.7,82.2,77.6,78.8,24.12,24.99,24.26,24.44
1.183,64.9,200.7,100.0,0.0,0.0,4,5892,0.067,0.225,76.7,82.2,77.6,78.8,24.12,24.99,24.26,24.44
1.199,65.8,200.9,100.0,0.0,0.0,4,5894,0.05,0.251,76.7,82.2,77.6,78.8,24.12,24.98,24.26,24.44
1.215,66.7,201.0,100.0,0.0,0.0,4,5898,0.071,0.265,76.7,82.1,77.6,78.8,24.12,24.98,24.26,24.44
1.23,67.6,201.1,100.0,0.0,0.0,4,5907,0.078,0.247,76.7,82.1,77.6,78.8,24.12,24.98,24.26,24.44
1.246,68.4,201.3,100.0,0.0,0.0,4,5919,0.074,0.222,76.7,82.1,77.6,78.8,24.11,24.98,24.26,24.44
1.261,69.3,201.4,100.0,0.0,0.0,4,5919,0.082,0.251,76.7,82.1,77.6,78.8,24.11,24.98,24.26,24.44
1.277,70.2,201.5,100.0,0.0,0.0,4,5928,0.069,0.222,76.7,82.1,77.6,78.8,24.11,24.98,24.26,24.44
1.293,71.1,201.6,100.0,0.0,0.0,4,5936,0.054,0.235,76.7,82.1,77.6,78.8,24.11,24.98,24.26,24.44
1.308,71.9,201.8,100.0,0.0,0.0,4,5938,0.058,0.259,76.7,82.1,77.6,78.8,24.11,24.98,24.26,24.44
1.324,72.8,201.9,100.0,0.0,0.0,4,5940,0.069,0.226,76.7,82.1,77.6,78.8,24.11,24.98,24.26,24.44
1.34,73.7,202.0,100.0,0.0,0.0,4,5942,0.086,0.24,76.7,82.1,77.6,78.8,24.11,24.98,24.26,24.44
1.356,74.6,202.2,100.0,0.0,0.0,4,5942,0.044,0.257,76.7,82.1,77.6,78.8,24.11,24.98,24.26,24.44
1.371,75.5,202.3,100.0,0.0,0.0,4,5940,0.073,0.264,76.7,82.1,77.6,78.8,24.11,24.98,24.26,24.44
1.387,76.3,202.5,100.0,0.0,0.0,4,5945,0.056,0.229,76.7,82.1,77.6,78.8,24.11,24.97,24.26,24.44
1.402,77.2,202.6,100.0,0.0,0.0,4,5949,0.033,0.259,76.7,82.1,77.6,78.8,24.1,24.97,24.26,24.44
1.419,78.1,202.7,100.0,0.0,0.0,4,5954,0.034,0.226,76.7,82.1,77.6,78.8,24.1,24.97,24.26,24.44
1.435,79.0,202.9,100.0,0.0,0.0,4,5963,0.03,0.226,76.6,82.1,77.6,78.8,24.1,24.97,24.26,24.44
1.451,80.0,203.0,100.0,0.0,0.0,4,5971,-0.009,0.245,76.6,82.1,77.6,78.8,24.1,24.97,24.26,24.44
1.465,80.8,203.1,100.0,0.0,0.0,4,5975,-0.011,0.227,76.6,82.1,77.6,78.8,24.1,24.97,24.26,24.44
1.481,81.6,203.3,100.0,0.0,0.0,4,5975,0.0,0.258,76.6,82.1,77.6,78.8,24.1,24.97,24.26,24.44
1.497,82.5,203.4,100.0,0.0,0.0,4,5982,0.008,0.22,76.6,82.0,77.6,78.8,24.1,24.97,24.26,24.44
1.513,83.4,203.5,100.0,0.0,0.0,4,5984,0.003,0.264,76.6,82.0,77.6,78.8,24.1,24.97,24.26,24.44
1.528,84.3,203.7,100.0,0.0,0.0,4,5978,0.003,0.262,76.6,82.0,77.6,78.8,24.1,24.97,24.26,24.44
1.544,85.2,203.8,100.0,0.0,0.0,4,5980,-0.005,0.263,76.6,82.0,77.6,78.8,24.1,24.97,24.26,24.44
1.559,86.1,203.9,100.0,0.0,0.0,4,5989,0.024,0.223,76.6,82.0,77.6,78.8,24.1,24.96,24.26,24.44
1.575,87.0,204.0,100.0,0.0,0.0,4,5995,0.023,0.243,76.6,82.0,77.6,78.8,24.09,24.96,24.26,24.44
1.591,87.9,204.2,100.0,0.0,0.0,4,6001,0.02,0.242,76.6,82.0,77.6,78.8,24.09,24.96,24.26,24.44
1.606,88.7,204.3,100.0,0.0,0.0,4,6014,0.033,0.2,76.6,82.0,77.6,78.8,24.09,24.96,24.26,24.44
1.621,89.6,204.4,100.0,0.0,0.0,4,6017,0.018,0.238,76.6,82.0,77.6,78.7,24.09,24.96,24.26,24.44
1.637,90.5,204.5,100.0,0.0,0.0,4,6013,0.018,0.262,76.6,82.0,77.6,78.7,24.09,24.96,24.26,24.44
1.653,91.4,204.7,100.0,0.0,0.0,4,6008,0.024,0.242,76.6,82.0,77.6,78.7,24.09,24.96,24.26,24.44
1.668,92.3,204.8,100.0,0.0,0.0,4,6009,0.001,0.237,76.6,82.0,77.6,78.7,24.09,24.96,24.26,24.44
1.685,93.2,205.0,100.0,0.0,0.0,4,6009,-0.004,0.235,76.6,82.0,77.6,78.7,24.09,24.96,24.26,24.44
1.7,94.1,205.1,100.0,0.0,0.0,4,6011,-0.003,0.243,76.6,82.0,77.6,78.7,24.09,24.96,24.26,24.44
1.716,95.0,205.2,100.0,0.0,0.0,4,6014,-0.002,0.233,76.6,82.0,77.6,78.8,24.09,24.96,24.26,24.44
1.731,95.8,205.3,100.0,0.0,0.0,4,6016,-0.009,0.258,76.5,82.0,77.6,78.8,24.09,24.96,24.26,24.44
1.748,96.8,205.5,100.0,0.0,0.0,4,6021,0.005,0.232,76.5,82.0,77.6,78.8,24.09,24.96,24.26,24.44
1.763,97.7,205.6,100.0,0.0,-0.0,4,6028,-0.007,0.224,76.5,82.0,77.6,78.8,24.09,24.95,24.26,24.44
1.779,98.6,205.7,100.0,0.0,-0.0,4,6039,0.013,0.2,76.5,82.0,77.6,78.8,24.08,24.95,24.26,24.44
1.794,99.5,205.8,100.0,0.0,-0.01,4,6047,0.03,0.215,76.5,82.0,77.6,78.8,24.08,24.95,24.26,24.44
1.81,100.3,206.0,100.0,0.0,-0.01,4,6054,0.042,0.214,76.5,81.9,77.6,78.8,24.08,24.95,24.26,24.44
1.825,101.2,206.1,100.0,0.0,-0.01,4,6060,0.059,0.222,76.5,81.9,77.6,78.8,24.08,24.95,24.26,24.44
1.842,102.2,206.2,100.0,0.0,-0.02,4,6059,0.066,0.254,76.5,81.9,77.6,78.8,24.08,24.95,24.26,24.44
1.858,103.1,206.3,100.0,0.0,-0.02,4,6062,0.098,0.22,76.5,81.9,77.6,78.7,24.08,24.95,24.26,24.44
1.873,104.0,206.5,100.0,0.0,-0.02,4,6066,0.125,0.225,76.5,81.9,77.6,78.7,24.08,24.95,24.26,24.44
1.889,104.9,206.6,100.0,0.0,-0.01,4,6071,0.166,0.188,76.5,81.9,77.6,78.7,24.08,24.95,24.26,24.44
1.904,105.8,206.7,100.0,0.0,0.0,4,6079,0.086,0.224,76.5,81.9,77.6,78.7,24.08,24.95,24.26,24.44
1.92,106.7,206.8,100.0,0.0,0.0,4,6083,0.083,0.218,76.5,81.9,77.6,78.7,24.08,24.95,24.25,24.44
1.935,107.5,206.9,100.0,0.0,0.0,4,6084,0.093,0.226,76.5,81.9,77.6,78.7,24.08,24.94,24.25,24.44
1.95,108.4,207.0,100.0,0.0,0.0,4,6083,0.11,0.225,76.5,81.9,77.6,78.7,24.07,24.94,24.25,24.44
1.966,109.3,207.2,100.0,0.0,0.0,4,6082,0.123,0.228,76.5,81.9,77.6,78.7,24.07,24.94,24.25,24.44
1.981,110.2,207.3,100.0,0.0,0.0,4,6082,0.123,0.213,76.5,81.9,77.6,78.7,24.07,24.94,24.25,24.44
1.996,111.1,207.4,100.0,0.0,0.0,4,6082,0.117,0.224,76.5,81.9,77.6,78.7,24.07,24.94,24.25,24.44
2.012,111.9,207.5,100.0,0.0,0.0,4,6084,0.11,0.194,76.5,81.9,77.6,78.7,24.07,24.94,24.25,24.44
2.028,112.9,207.6,100.0,0.0,0.0,4,6092,0.089,0.216,76.4,81.9,77.6,78.7,24.07,24.94,24.25,24.44
2.044,113.8,207.8,100.0,0.0,0.0,4,6093,0.104,0.223,76.4,81.9,77.6,78.7,24.07,24.94,24.25,24.44
2.059,114.7,207.9,100.0,0.0,-0.0,4,6092,0.1,0.225,76.4,81.9,77.6,78.8,24.07,24.94,24.25,24.44
2.074,115.6,208.0,100.0,0.0,-0.0,4,6097,0.121,0.197,76.4,81.9,77.6,78.8,24.07,24.94,24.25,24.44
2.09,116.5,208.1,100.0,0.0,-0.01,4,6097,0.106,0.232,76.4,81.9,77.6,78.8,24.07,24.94,24.25,24.44
2.105,117.4,208.2,100.0,0.0,-0.01,4,6098,0.131,0.219,76.4,81.9,77.6,78.8,24.07,24.94,24.25,24.44
2.121,118.3,208.4,100.0,0.0,-0.01,4,6103,0.141,0.189,76.4,81.9,77.6,78.8,24.07,24.94,24.25,24.44
2.136,119.2,208.5,100.0,0.0,0.0,4,6112,0.106,0.211,76.4,81.8,77.6,78.8,24.07,24.94,24.25,24.44
2.152,120.0,208.6,100.0,0.0,0.0,4,6120,0.04,0.211,76.4,81.8,77.6,78.8,24.07,24.93,24.25,24.44
2.167,120.9,208.7,100.0,0.0,0.0,4,6124,0.052,0.196,76.4,81.8,77.6,78.8,24.06,24.93,24.25,24.44
2.183,121.8,208.8,100.0,0.0,0.0,4,6132,0.056,0.194,76.4,81.8,77.6,78.8,24.06,24.93,24.25,24.44
2.198,122.7,208.9,100.0,0.0,0.0,4,6140,0.057,0.199,76.4,81.8,77.6,78.8,24.06,24.93,24.25,24.44
2.213,123.6,209.0,100.0,0.0,0.0,4,6143,0.046,0.198,76.4,81.8,77.6,78.8,24.06,24.93,24.25,24.44
2.229,124.5,209.1,100.0,0.0,0.0,4,6141,0.058,0.218,76.4,81.8,77.6,78.8,24.06,24.93,24.25,24.44
2.245,125.4,209.2,100.0,0.0,0.0,4,6149,0.053,0.176,76.4,81.8,77.6,78.8,24.06,24.93,24.25,24.44
2.26,126.3,209.4,100.0,0.0,0.0,4,6154,0.034,0.199,76.4,81.8,77.6,78.8,24.06,24.93,24.25,24.44
2.276,127.2,209.5,100.0,0.0,0.01,4,6151,0.009,0.213,76.4,81.8,77.6,78.8,24.06,24.93,24.25,24.44
2.291,128.2,209.6,100.0,0.0,0.01,4,6153,-0.024,0.205,76.4,81.8,77.6,78.8,24.06,24.93,24.25,24.44
2.307,129.1,209.7,100.0,0.0,0.01,4,6152,-0.036,0.206,76.4,81.8,77.6,78.8,24.06,24.93,24.25,24.44
2.323,130.0,209.8,100.0,0.0,0.02,4,6151,-0.064,0.216,76.4,81.8,77.6,78.8,24.06,24.93,24.25,24.44
2.339,130.9,209.9,100.0,0.0,0.02,4,6156,-0.091,0.188,76.3,81.8,77.6,78.8,24.06,24.92,24.25,24.44
2.354,131.8,210.0,100.0,0.0,0.02,4,6159,-0.153,0.236,76.3,81.8,77.6,78.8,24.05,24.92,24.25,24.44
2.369,132.7,210.1,100.0,0.0,0.02,4,6162,-0.18,0.19,76.3,81.8,77.6,78.8,24.05,24.92,24.25,24.44
2.385,133.6,210.2,100.0,0.0,0.01,4,6168,-0.23,0.179,76.3,81.8,77.6,78.8,24.05,24.92,24.25,24.44
2.401,134.5,210.4,100.0,0.0,0.0,4,6172,-0.113,0.215,76.3,81.8,77.6,78.8,24.05,24.92,24.25,24.44
2.416,135.4,210.4,100.0,0.0,0.0,4,6170,-0.118,0.204,76.3,81.8,77.6,78.8,24.05,24.92,24.25,24.44
2.431,136.3,210.6,100.0,0.0,0.0,4,6175,-0.143,0.192,76.3,81.7,77.6,78.8,24.05,24.92,24.25,24.44
2.447,137.2,210.7,100.0,0.0,0.0,4,6184,-0.137,0.156,76.3,81.7,77.6,78.8,24.05,24.92,24.25,24.44
2.463,138.2,210.8,100.0,0.0,0.0,4,6187,-0.152,0.199,76.3,81.7,77.6,78.8,24.05,24.92,24.25,24.44
2.479,139.1,210.9,100.0,0.0,0.0,4,6188,-0.156,0.194,76.3,81.7,77.6,78.8,24.05,24.92,24.25,24.44
2.495,140.0,211.0,100.0,0.0,0.0,4,6192,-0.143,0.182,76.3,81.7,77.6,78.8,24.05,24.92,24.25,24.44
2.511,141.0,211.1,100.0,0.0,0.0,4,6191,-0.136,0.201,76.3,81.7,77.6,78.8,24.05,24.92,24.25,24.44
2.526,141.8,211.2,0.0,0.0,0.0,4,6120,-0.137,0.221,76.3,81.7,77.6,78.8,24.05,24.91,24.25,24.44
2.541,142.8,211.1,0.0,0.0,0.0,4,6100,-0.1,-0.298,76.3,81.7,77.6,78.8,24.05,24.91,24.25,24.44
2.557,143.7,211.0,0.0,0.0,0.0,4,6100,-0.082,-0.253,76.3,81.7,77.6,78.8,24.05,24.91,24.25,24.44
2.573,144.6,210.8,0.0,0.0,0.0,4,6095,-0.098,-0.27,76.3,81.7,77.6,78.8,24.04,24.91,24.25,24.44
2.588,145.5,210.7,0.0,0.0,0.0,4,6089,-0.08,-0.271,76.3,81.7,77.6,78.8,24.04,24.91,24.25,24.44
2.603,146.4,210.5,0.0,0.0,0.0,4,6085,-0.076,-0.271,76.3,81.7,77.6,78.8,24.04,24.91,24.25,24.44
2.618,147.3,210.4,0.0,0.0,0.0,4,6082,-0.09,-0.268,76.3,81.7,77.6,78.8,24.04,24.91,24.25,24.44
2.634,148.2,210.2,0.0,0.0,0.0,4,6079,-0.062,-0.271,76.3,81.7,77.6,78.8,24.04,24.91,24.25,24.44
2.65,149.1,210.1,0.0,0.0,0.0,4,6075,-0.07,-0.279,76.3,81.7,77.6,78.8,24.04,24.91,24.25,24.44
2.665,150.0,210.0,0.0,0.0,0.0,4,6072,-0.043,-0.269,76.3,81.7,77.6,78.8,24.04,24.91,24.25,24.44
2.68,150.9,209.7,0.0,99.1,0.0,4,5977,-0.06,-0.951,76.3,81.7,77.6,78.8,24.04,24.91,24.25,24.44
2.696,151.8,208.8,0.0,100.0,0.0,4,5946,-0.016,-1.947,76.2,81.7,77.6,78.8,24.04,24.91,24.25,24.44
2.712,152.7,207.8,0.0,100.0,0.0,4,5909,-0.012,-1.878,76.2,81.7,77.6,78.7,24.04,24.9,24.25,24.44
2.727,153.6,206.8,0.0,100.0,0.0,4,5867,-0.03,-1.847,76.2,81.7,77.6,78.7,24.04,24.9,24.25,24.44
2.743,154.5,205.8,0.0,100.0,0.0,4,5831,-0.031,-1.981,76.2,81.6,77.6,78.7,24.04,24.9,24.25,24.44
2.76,155.5,204.5,0.0,100.0,0.0,4,5780,-0.023,-1.893,76.2,81.6,77.5,78.7,24.04,24.9,24.25,24.44
2.773,156.2,203.6,0.0,100.0,0.0,4,5731,-0.009,-1.801,76.2,81.6,77.5,78.7,24.04,24.9,24.25,24.44
2.789,157.1,202.6,0.0,100.0,0.0,4,5704,-0.032,-1.906,76.2,81.6,77.5,78.7,24.04,24.9,24.25,24.44
2.804,157.9,201.6,0.0,100.0,0.0,4,5678,-0.022,-1.879,76.2,81.6,77.5,78.7,24.04,24.9,24.25,24.44
2.82,158.8,200.6,0.0,100.0,0.0,4,5628,-0.027,-1.8,76.2,81.6,77.5,78.7,24.04,24.9,24.25,24.44
2.835,159.7,199.7,0.0,100.0,0.0,4,5575,-0.029,-1.796,76.2,81.6,77.5,78.7,24.03,24.9,24.24,24.44
2.851,160.6,198.5,0.0,100.0,0.0,4,5551,-0.01,-1.915,76.2,81.6,77.5,78.7,24.03,24.9,24.24,24.44
2.866,161.4,197.5,0.0,100.0,0.0,4,5530,-0.004,-1.935,76.2,81.6,77.5,78.7,24.03,24.9,24.24,24.44
2.881,162.2,196.5,0.0,100.0,0.0,4,5498,0.021,-1.848,76.2,81.6,77.5,78.7,24.03,24.9,24.24,24.43
2.897,163.1,195.5,0.0,100.0,0.0,4,5475,-0.006,-1.869,76.2,81.6,77.5,78.7,24.03,24.9,24.24,24.43
2.914,163.9,194.5,0.0,99.6,0.0,4,5472,-0.004,-1.92,76.2,81.6,77.5,78.7,24.03,24.9,24.24,24.43
2.929,164.8,193.3,0.0,100.0,0.0,4,5454,0.024,-1.873,76.2,81.6,77.5,78.7,24.03,24.9,24.24,24.43
2.945,165.6,192.3,0.0,100.0,0.0,4,5407,0.013,-1.836,76.2,81.6,77.5,78.7,24.03,24.9,24.24,24.43
2.96,166.5,191.3,0.0,100.0,0.0,4,5372,0.005,-1.91,76.2,81.6,77.5,78.7,24.03,24.89,24.24,24.43
2.976,167.3,190.3,0.0,100.0,0.0,4,5343,0.01,-1.949,76.2,81.6,77.5,78.7,24.03,24.89,24.24,24.43
2.991,168.1,189.3,0.0,100.0,0.01,4,5320,-0.014,-1.866,76.2,81.6,77.5,78.7,24.03,24.89,24.24,24.43
3.006,168.9,188.3,0.0,100.0,0.01,4,5305,0.015,-1.868,76.2,81.6,77.5,78.7,24.03,24.89,24.24,24.43
3.022,169.7,187.1,0.0,100.0,0.01,4,5308,-0.019,-1.967,76.2,81.6,77.5,78.7,24.03,24.89,24.24,24.43
3.038,170.5,186.0,0.0,100.0,0.02,4,5282,-0.055,-1.862,76.2,81.6,77.5,78.7,24.03,24.89,24.24,24.43
3.053,171.3,185.1,0.0,100.0,0.02,4,5243,-0.099,-1.821,76.2,81.6,77.5,78.7,24.03,24.89,24.24,24.43
3.069,172.1,184.1,0.0,100.0,0.03,4,5222,-0.095,-1.844,76.2,81.6,77.5,78.7,24.03,24.89,24.23,24.43
3.085,172.9,183.0,0.0,100.0,0.01,4,5200,-0.149,-1.849,76.2,81.6,77.5,78.7,24.02,24.89,24.23,24.43
3.101,173.7,182.0,0.0,100.0,0.0,4,5166,-0.071,-1.86,76.2,81.6,77.5,78.7,24.02,24.89,24.23,24.43
3.116,174.5,181.0,0.0,100.0,0.0,4,5127,-0.073,-1.768,76.1,81.6,77.5,78.7,24.02,24.89,24.23,24.43
3.132,175.3,180.1,0.0,94.0,0.0,4,5085,-0.063,-1.69,76.1,81.5,77.5,78.7,24.02,24.89,24.23,24.43
3.147,176.0,179.2,0.0,95.4,0.0,4,5057,-0.081,-1.768,76.1,81.5,77.4,78.7,24.02,24.89,24.23,24.43
3.163,176.8,178.0,0.0,98.9,0.0,4,5013,-0.092,-1.771,76.1,81.5,77.4,78.7,24.02,24.89,24.23,24.43
3.179,177.6,177.1,0.0,98.1,0.0,4,4953,-0.055,-1.693,76.1,81.5,77.4,78.7,24.02,24.88,24.23,24.42
3.195,178.4,176.2,0.0,90.4,0.0,4,4919,-0.069,-1.681,76.1,81.5,77.4,78.7,24.02,24.88,24.23,24.42
3.21,179.1,175.3,0.0,97.0,0.0,4,4892,-0.099,-1.766,76.1,81.5,77.4,78.6,24.02,24.88,24.23,24.42
3.226,179.9,174.2,0.0,100.0,0.0,4,4853,-0.12,-1.856,76.1,81.5,77.4,78.6,24.02,24.88,24.23,24.42
3.242,180.6,173.2,0.0,100.0,0.0,4,4804,-0.096,-1.754,76.1,81.5,77.4,78.6,24.02,24.88,24.23,24.42
3.257,181.4,172.3,0.0,93.5,0.01,4,4768,-0.12,-1.658,76.1,81.5,77.4,78.6,24.02,24.88,24.23,24.42
3.273,182.2,171.3,0.0,100.0,0.01,4,4770,-0.162,-1.883,76.1,81.5,77.4,78.6,24.02,24.88,24.23,24.42
3.289,182.9,170.1,0.0,100.0,0.02,4,4770,-0.166,-1.937,76.1,81.5,77.4,78.6,24.02,24.88,24.22,24.42
3.305,183.6,169.2,0.0,100.0,0.02,4,4738,-0.184,-1.795,76.1,81.5,77.4,78.6,24.01,24.88,24.22,24.42
3.321,184.4,168.2,0.0,95.1,0.03,4,4705,-0.199,-1.741,76.1,81.5,77.4,78.6,24.01,24.88,24.22,24.42
3.336,185.1,167.3,0.0,95.7,0.03,4,4705,-0.23,-1.797,76.1,81.5,77.4,78.6,24.01,24.88,24.22,24.42
3.352,185.8,166.2,0.0,100.0,0.04,4,4676,-0.281,-1.794,76.1,81.5,77.4,78.6,24.01,24.88,24.22,24.42
3.368,186.6,165.2,0.0,100.0,0.04,4,4640,-0.304,-1.865,76.1,81.5,77.4,78.6,24.01,24.88,24.22,24.42
3.383,187.3,164.2,0.0,100.0,0.05,4,4588,-0.341,-1.767,76.1,81.5,77.4,78.6,24.01,24.87,24.22,24.42
3.399,188.0,163.3,0.0,100.0,0.05,4,4559,-0.374,-1.816,76.1,81.5,77.4,78.6,24.01,24.87,24.22,24.41
3.416,188.7,162.1,0.0,100.0,0.06,4,4542,-0.426,-1.871,76.1,81.5,77.4,78.6,24.01,24.87,24.22,24.41
3.43,189.4,161.1,0.0,100.0,0.06,4,4533,-0.497,-1.887,76.1,81.5,77.4,78.6,24.01,24.87,24.22,24.41
3.446,190.1,160.1,0.0,100.0,0.07,4,4510,-0.479,-1.754,76.1,81.4,77.4,78.6,24.01,24.87,24.22,24.41
3.461,190.8,159.3,0.0,83.3,0.07,4,4491,-0.443,-1.571,76.0,81.4,77.4,78.6,24.01,24.87,24.22,24.41
3.477,191.5,158.4,0.0,87.6,0.08,4,4475,-0.528,-1.6,76.0,81.4,77.3,78.6,24.01,24.87,24.22,24.41
3.492,192.1,157.6,0.0,88.1,0.08,4,4456,-0.591,-1.584,76.0,81.4,77.3,78.6,24.01,24.87,24.22,24.41
3.508,192.8,156.8,0.0,88.6,0.09,4,4421,-0.596,-1.526,76.0,81.4,77.3,78.6,24.01,24.87,24.21,24.41
3.523,193.5,155.8,0.0,83.1,0.09,4,4356,-0.544,-1.363,76.0,81.4,77.3,78.6,24.01,24.87,24.21,24.41
3.538,194.1,155.1,0.0,78.7,0.1,4,4331,-0.634,-1.349,76.0,81.4,77.3,78.5,24.0,24.87,24.21,24.41
3.554,194.8,154.4,0.0,83.5,0.1,4,4309,-0.695,-1.382,76.0,81.4,77.3,78.5,24.0,24.86,24.21,24.41
3.57,195.4,153.6,0.0,86.3,0.11,4,4286,-0.711,-1.469,76.0,81.4,77.3,78.5,24.0,24.86,24.21,24.41
3.586,196.1,152.8,0.0,91.0,0.12,4,4250,-0.719,-1.508,76.0,81.4,77.3,78.5,24.0,24.86,24.21,24.41
3.602,196.8,151.8,0.0,88.9,0.12,4,4184,-0.733,-1.465,76.0,81.4,77.3,78.5,24.0,24.86,24.21,24.4
3.617,197.5,151.0,0.0,92.8,0.13,4,4147,-0.796,-1.582,76.0,81.4,77.3,78.5,24.0,24.86,24.21,24.4
3.634,198.1,150.1,0.0,98.7,0.13,4,4116,-0.923,-1.661,76.0,81.4,77.3,78.5,24.0,24.86,24.21,24.4
3.649,198.8,149.2,0.0,100.0,0.14,4,4093,-0.95,-1.762,76.0,81.4,77.3,78.5,24.0,24.86,24.21,24.4
3.665,199.4,148.1,0.0,99.6,0.15,4,4051,-0.952,-1.653,76.0,81.4,77.3,78.5,24.0,24.86,24.21,24.4
3.68,200.1,147.3,0.0,93.2,0.15,4,4010,-0.941,-1.547,76.0,81.3,77.3,78.5,24.0,24.86,24.21,24.4
3.696,200.7,146.4,0.0,97.0,0.16,4,3968,-1.045,-1.576,76.0,81.3,77.3,78.5,24.0,24.85,24.21,24.4
3.711,201.3,145.6,0.0,100.0,0.16,4,3930,-1.104,-1.65,76.0,81.3,77.3,78.5,24.0,24.85,24.21,24.4
3.727,202.0,144.5,0.0,100.0,0.17,4,3885,-1.109,-1.636,76.0,81.3,77.3,78.5,24.0,24.85,24.2,24.4
3.743,202.6,143.6,0.0,97.6,0.18,4,3832,-1.015,-1.534,76.0,81.3,77.3,78.5,24.0,24.85,24.2,24.4
3.759,203.2,142.8,0.0,94.5,0.18,4,3870,-1.031,-1.552,76.0,81.3,77.3,78.5,24.0,24.85,24.2,24.4
3.774,203.8,141.9,0.0,95.8,0.19,4,3849,-1.142,-1.604,76.0,81.3,77.3,78.5,24.0,24.85,24.2,24.39
3.79,204.4,140.9,0.0,95.2,0.2,4,3827,-1.185,-1.609,76.0,81.3,77.3,78.5,23.99,24.85,24.2,24.39
3.805,205.0,140.0,0.0,92.4,0.21,4,3809,-1.142,-1.494,76.0,81.3,77.3,78.5,23.99,24.85,24.2,24.39
3.821,205.6,139.3,0.0,86.5,0.21,4,3781,-1.072,-1.421,76.0,81.3,77.3,78.5,23.99,24.85,24.2,24.39
3.836,206.2,138.6,0.0,83.6,0.22,4,3745,-1.292,-1.138,76.0,81.3,77.3,78.4,23.99,24.84,24.2,24.39
3.852,206.8,137.9,0.0,84.1,0.23,4,3719,-1.181,-1.312,75.9,81.3,77.2,78.4,23.99,24.84,24.2,24.39
3.867,207.4,137.2,0.0,88.3,0.23,4,3686,-1.206,-1.361,75.9,81.3,77.2,78.4,23.99,24.84,24.2,24.39
3.882,208.0,136.4,0.0,89.7,0.24,4,3639,-1.13,-1.34,75.9,81.3,77.2,78.4,23.99,24.84,24.2,24.39
3.898,208.6,135.6,0.0,85.7,0.25,4,3626,-1.092,-1.282,75.9,81.2,77.2,78.4,23.99,24.84,24.2,24.39
3.915,209.2,134.9,0.0,76.4,0.25,4,3624,-1.191,-1.004,75.9,81.2,77.2,78.4,23.99,24.84,24.2,24.39
3.93,209.8,134.3,0.0,70.8,0.26,4,3621,-1.107,-1.126,75.9,81.2,77.2,78.4,23.99,24.84,24.2,24.39
3.946,210.4,133.5,0.0,78.2,0.27,4,3613,-1.202,-1.197,75.9,81.2,77.2,78.4,23.99,24.84,24.2,24.39
3.962,210.9,132.8,0.0,83.8,0.28,4,3602,-1.17,-1.297,75.9,81.2,77.2,78.4,23.99,24.84,24.2,24.38
3.977,211.5,132.2,0.0,79.3,0.28,4,3586,-1.134,-1.246,75.9,81.2,77.2,78.4,23.99,24.83,24.19,24.38
3.993,212.1,131.6,0.0,73.3,0.29,4,3536,-1.041,-0.99,75.9,81.2,77.2,78.4,23.99,24.83,24.19,24.38
4.009,212.7,130.9,0.0,78.6,0.3,4,3490,-1.111,-1.012,75.9,81.2,77.2,78.4,23.99,24.83,24.19,24.38
4.024,213.2,130.3,0.0,88.2,0.31,4,3486,-1.147,-1.318,75.9,81.2,77.2,78.4,23.98,24.83,24.19,24.38
4.04,213.8,129.6,0.0,99.9,0.32,4,3438,-1.437,-1.244,75.9,81.2,77.2,78.4,23.98,24.83,24.19,24.38
4.056,214.4,128.8,0.0,100.0,0.32,4,3410,-1.338,-1.347,75.9,81.2,77.2,78.4,23.98,24.83,24.19,24.38
4.072,214.9,128.1,0.0,95.0,0.33,4,3396,-1.162,-1.302,75.9,81.2,77.2,78.4,23.98,24.83,24.19,24.38
4.087,215.4,127.4,0.0,94.8,0.34,4,3408,-1.359,-1.187,75.9,81.2,77.2,78.4,23.98,24.83,24.19,24.38
4.102,216.0,126.5,0.0,99.5,0.35,4,3390,-1.51,-1.293,75.9,81.2,77.2,78.4,23.98,24.83,24.19,24.38
4.117,216.5,125.7,0.0,100.0,0.35,4,3365,-1.425,-1.517,75.9,81.2,77.2,78.4,23.98,24.83,24.19,24.38
4.133,217.1,125.0,0.0,97.3,0.36,4,3354,-1.554,-1.304,75.9,81.2,77.2,78.3,23.98,24.82,24.19,24.38
4.149,217.6,124.2,0.0,92.4,0.37,4,3349,-1.366,-1.376,75.9,81.1,77.2,78.3,23.98,24.82,24.19,24.37
4.165,218.2,123.5,0.0,82.4,0.38,4,3308,-1.321,-1.144,75.9,81.1,77.2,78.3,23.98,24.82,24.19,24.37
4.18,218.7,122.8,0.0,80.0,0.39,4,3320,-1.475,-1.094,75.9,81.1,77.2,78.3,23.98,24.82,24.19,24.37
4.196,219.2,122.1,0.0,83.6,0.4,4,3312,-1.351,-1.285,75.9,81.1,77.2,78.3,23.98,24.82,24.19,24.37
4.211,219.7,121.4,0.0,87.6,0.4,4,3283,-1.427,-1.22,75.9,81.1,77.2,78.3,23.98,24.82,24.19,24.37
4.227,220.3,120.7,0.0,93.6,0.41,4,3240,-1.558,-1.063,75.9,81.1,77.2,78.3,23.98,24.82,24.19,24.37
4.243,220.8,119.9,0.0,95.9,0.42,4,3206,-1.41,-1.09,75.9,81.1,77.2,78.3,23.98,24.82,24.19,24.37
4.259,221.3,119.3,0.0,90.7,0.43,4,3161,-1.244,-1.18,75.9,81.1,77.2,78.3,23.98,24.82,24.18,24.37
4.275,221.9,118.6,0.0,87.8,0.44,4,3180,-1.28,-1.206,75.9,81.1,77.2,78.3,23.98,24.81,24.18,24.37
4.291,222.4,117.8,0.0,90.6,0.45,4,3130,-1.27,-1.271,75.9,81.1,77.1,78.3,23.98,24.81,24.18,24.37
4.306,222.9,117.2,0.0,89.6,0.46,4,3137,-1.382,-1.238,75.9,81.1,77.1,78.3,23.98,24.81,24.18,24.37
4.322,223.4,116.5,0.0,88.1,0.47,4,3104,-1.444,-1.126,75.9,81.1,77.1,78.3,23.98,24.81,24.18,24.37
4.337,223.9,115.8,0.0,83.8,0.48,4,3123,-1.351,-1.153,75.9,81.1,77.1,78.3,23.98,24.81,24.18,24.36
4.352,224.4,115.2,0.0,78.3,0.48,4,3084,-1.361,-0.895,75.9,81.1,77.1,78.3,23.98,24.81,24.18,24.36
4.368,224.9,114.6,0.0,79.8,0.49,4,3092,-1.321,-1.074,75.8,81.1,77.1,78.3,23.98,24.81,24.18,24.36
4.384,225.4,113.9,0.0,89.7,0.5,4,3068,-1.447,-1.169,75.8,81.0,77.1,78.3,23.98,24.81,24.18,24.36
4.399,225.9,113.2,0.0,94.9,0.51,4,3034,-1.454,-1.246,75.8,81.0,77.1,78.3,23.97,24.81,24.18,24.36
4.415,226.3,112.5,0.0,97.5,0.52,4,2987,-1.341,-1.315,75.8,81.0,77.1,78.3,23.97,24.8,24.18,24.36
4.43,226.8,111.8,0.0,100.0,0.53,4,2964,-1.43,-1.192,75.8,81.0,77.1,78.2,23.97,24.8,24.18,24.36
4.446,227.3,111.1,0.0,100.0,0.54,4,2952,-1.422,-1.112,75.8,81.0,77.1,78.2,23.97,24.8,24.18,24.36
4.461,227.8,110.5,0.0,88.3,0.55,4,2925,-1.24,-1.226,75.8,81.0,77.1,78.2,23.97,24.8,24.18,24.36
4.477,228.3,109.7,0.0,78.4,0.56,4,2960,-1.416,-1.081,75.8,81.0,77.1,78.2,23.97,24.8,24.18,24.36
4.492,228.7,109.1,0.0,71.4,0.57,4,2960,-1.401,-1.002,75.8,81.0,77.1,78.2,23.97,24.8,24.18,24.36
4.508,229.2,108.6,0.0,73.7,0.58,4,2964,-1.425,-0.999,75.8,81.0,77.1,78.2,23.97,24.8,24.18,24.36
4.523,229.6,108.0,30.0,77.3,0.59,0,3001,-1.425,-1.045,75.8,81.0,77.1,78.2,23.97,24.8,24.18,24.35
4.538,230.1,107.4,50.0,87.1,0.6,0,3244,-1.495,-1.129,75.8,81.0,77.1,78.2,23.97,24.8,24.17,24.35
4.554,230.6,106.8,50.0,91.9,0.61,0,3496,-1.425,-1.05,75.8,81.0,77.1,78.2,23.97,24.8,24.17,24.35
4.57,231.0,106.0,46.4,94.0,0.62,0,3797,-1.459,-0.994,75.8,81.0,77.1,78.2,23.97,24.79,24.17,24.35
4.585,231.5,105.4,32.7,100.0,0.63,0,3984,-1.37,-1.196,75.8,81.0,77.1,78.2,23.97,24.79,24.17,24.35
4.601,231.9,104.8,19.1,100.0,0.64,0,4092,-1.537,-1.107,75.8,81.0,77.1,78.2,23.97,24.79,24.17,24.35
4.616,232.4,104.0,5.5,99.8,0.65,0,4120,-1.389,-1.242,75.8,80.9,77.1,78.2,23.97,24.79,24.17,24.35
4.632,232.8,103.4,0.0,97.0,0.66,0,4089,-1.474,-1.228,75.8,80.9,77.1,78.2,23.97,24.79,24.17,24.35
4.647,233.3,102.7,0.0,94.2,0.67,0,4056,-1.549,-1.101,75.8,80.9,77.1,78.2,23.97,24.79,24.17,24.35
4.663,233.7,102.1,0.0,86.6,0.68,0,4023,-1.456,-1.103,75.8,80.9,77.1,78.2,23.97,24.79,24.17,24.35
4.678,234.1,101.4,0.0,76.4,0.69,3,3984,-1.45,-1.041,75.8,80.9,77.1,78.2,23.97,24.79,24.17,24.35
4.694,234.6,100.8,0.0,75.2,0.7,3,3880,-1.565,-0.898,75.8,80.9,77.1,78.2,23.97,24.79,24.17,24.35
4.709,235.0,100.3,0.0,76.3,0.71,3,3599,-1.526,-0.789,75.8,80.9,77.1,78.2,23.97,24.79,24.17,24.35
4.724,235.4,99.8,0.0,81.4,0.73,3,3583,-1.536,-0.96,75.8,80.9,77.1,78.2,23.97,24.79,24.17,24.34
4.74,235.8,99.3,0.0,87.2,0.74,3,3424,-1.598,-0.92,75.8,80.9,77.0,78.1,23.97,24.78,24.17,24.34
4.755,236.3,98.6,0.0,97.4,0.75,3,3487,-1.391,-1.318,75.8,80.9,77.0,78.1,23.97,24.78,24.17,24.34
4.771,236.7,97.8,50.0,100.0,0.77,0,3494,-1.497,-1.149,75.8,80.9,77.0,78.1,23.97,24.78,24.17,24.34
4.787,237.1,97.2,50.0,100.0,0.78,0,3748,-1.534,-1.095,75.8,80.9,77.0,78.1,23.97,24.78,24.17,24.34
4.802,237.5,96.5,50.0,100.0,0.79,0,4003,-1.366,-1.289,75.8,80.9,77.0,78.1,23.97,24.78,24.17,24.34
4.818,238.0,95.9,43.6,100.0,0.81,0,4244,-1.497,-1.13,75.8,80.9,77.0,78.1,23.97,24.78,24.16,24.34
4.834,238.4,95.2,30.0,94.6,0.82,0,4413,-1.483,-1.146,75.8,80.9,77.0,78.1,23.97,24.78,24.16,24.34
4.85,238.8,94.4,13.6,86.3,0.83,0,4509,-1.374,-1.2,75.8,80.9,77.0,78.1,23.97,24.78,24.16,24.34
4.866,239.2,93.8,0.0,81.6,0.85,0,4500,-1.457,-1.069,75.8,80.9,77.0,78.1,23.97,24.78,24.16,24.34
4.881,239.6,93.2,0.0,82.8,0.86,0,4459,-1.54,-1.089,75.8,80.9,77.0,78.1,23.97,24.78,24.16,24.34
4.896,240.0,92.6,0.0,83.8,0.87,0,4419,-1.533,-1.146,75.8,80.8,77.0,78.1,23.97,24.78,24.16,24.34
4.912,240.4,91.8,0.0,91.9,0.89,2,4372,-1.644,-1.082,75.8,80.8,77.0,78.1,23.97,24.77,24.16,24.33
4.927,240.8,91.1,0.0,96.2,0.9,2,4326,-1.465,-1.233,75.8,80.8,77.0,78.1,23.97,24.77,24.16,24.33
4.943,241.2,90.5,0.0,98.1,0.9,2,4145,-1.446,-1.191,75.8,80.8,77.0,78.1,23.97,24.77,24.16,24.33
4.958,241.6,89.9,0.0,99.5,0.9,2,4061,-1.525,-1.059,75.8,80.8,77.0,78.1,23.97,24.77,24.16,24.33
4.973,241.9,89.2,0.0,100.0,0.9,2,3895,-1.292,-1.366,75.8,80.8,77.0,78.1,23.97,24.77,24.16,24.33
4.989,242.3,88.5,0.0,100.0,0.9,2,3978,-1.432,-1.262,75.8,80.8,77.0,78.1,23.97,24.77,24.16,24.33
5.004,242.7,87.7,0.0,99.6,0.9,2,3822,-1.246,-1.338,75.8,80.8,77.0,78.1,23.97,24.77,24.16,24.33
5.02,243.1,87.0,0.0,89.4,0.9,2,3907,-1.258,-1.219,75.8,80.8,77.0,78.1,23.97,24.77,24.16,24.33
5.035,243.4,86.4,0.0,84.9,0.9,2,3815,-1.406,-0.92,75.8,80.8,77.0,78.1,23.97,24.77,24.16,24.33
5.051,243.8,85.9,0.0,76.4,0.9,2,3760,-1.274,-0.956,75.8,80.8,77.0,78.0,23.97,24.77,24.16,24.33
5.066,244.2,85.4,0.0,75.0,0.9,2,3730,-1.264,-0.959,75.8,80.8,77.0,78.0,23.97,24.77,24.16,24.33
5.081,244.5,84.8,0.0,76.4,0.9,2,3724,-1.261,-1.08,75.8,80.8,77.0,78.0,23.97,24.77,24.16,24.33
5.097,244.9,84.2,0.0,78.4,0.9,2,3726,-1.247,-1.149,75.8,80.8,77.0,78.0,23.97,24.76,24.15,24.32
5.112,245.3,83.6,0.0,84.0,0.9,2,3720,-1.364,-1.087,75.8,80.8,77.0,78.0,23.97,24.76,24.15,24.32
5.128,245.6,82.8,0.0,88.5,0.9,2,3681,-1.192,-1.223,75.8,80.8,77.0,78.0,23.97,24.76,24.15,24.32
5.143,246.0,82.2,0.0,92.5,0.9,2,3618,-1.303,-1.132,75.8,80.8,77.0,78.0,23.97,24.76,24.15,24.32
5.158,246.3,81.6,0.0,95.0,0.9,2,3531,-1.303,-1.052,75.8,80.8,77.0,78.0,23.97,24.76,24.15,24.32
5.174,246.7,81.1,0.0,94.4,0.9,2,3518,-1.131,-1.201,75.8,80.8,76.9,78.0,23.97,24.76,24.15,24.32
5.19,247.0,80.5,0.0,89.5,0.9,2,3475,-1.296,-0.979,75.8,80.7,76.9,78.0,23.97,24.76,24.15,24.32
5.205,247.4,79.9,0.0,82.0,0.9,2,3496,-1.058,-1.151,75.8,80.7,76.9,78.0,23.97,24.76,24.15,24.32
5.22,247.7,79.3,0.0,76.0,0.9,2,3472,-1.077,-1.021,75.8,80.7,76.9,78.0,23.97,24.76,24.15,24.32
5.236,248.0,78.7,0.0,76.8,0.9,2,3451,-1.168,-1.042,75.8,80.7,76.9,78.0,23.97,24.76,24.15,24.32
5.251,248.4,78.1,0.0,80.4,0.9,2,3439,-1.207,-1.079,75.8,80.7,76.9,78.0,23.97,24.76,24.15,24.32
5.267,248.7,77.5,0.0,83.3,0.9,2,3423,-1.175,-1.19,75.8,80.7,76.9,78.0,23.97,24.76,24.15,24.32
5.282,249.0,76.9,0.0,88.4,0.9,2,3388,-1.411,-1.057,75.8,80.7,76.9,78.0,23.97,24.76,24.15,24.32
5.297,249.3,76.2,0.0,90.3,0.9,2,3329,-1.232,-1.202,75.8,80.7,76.9,78.0,23.97,24.75,24.15,24.31
5.314,249.7,75.7,0.0,88.4,0.9,2,3284,-1.295,-1.037,75.8,80.7,76.9,78.0,23.97,24.75,24.15,24.31
5.329,250.0,75.0,0.0,83.7,0.9,2,3249,-1.198,-0.975,75.8,80.7,76.9,78.0,23.97,24.75,24.15,24.31
5.345,250.3,74.5,0.0,80.4,0.9,2,3244,-1.084,-1.011,75.8,80.7,76.9,78.0,23.97,24.75,24.14,24.31
5.361,250.7,74.0,0.0,81.1,0.9,2,3187,-1.136,-0.961,75.8,80.7,76.9,77.9,23.97,24.75,24.14,24.31
5.376,251.0,73.4,0.0,84.3,0.9,2,3228,-1.16,-1.104,75.8,80.7,76.9,77.9,23.97,24.75,24.14,24.31
5.392,251.3,72.6,0.0,88.6,0.9,2,3203,-1.135,-1.235,75.8,80.7,76.9,77.9,23.97,24.75,24.14,24.31
5.407,251.6,72.0,0.0,91.0,0.9,2,3148,-1.301,-1.102,75.8,80.7,76.9,77.9,23.97,24.75,24.14,24.31
5.422,251.9,71.4,0.0,95.6,0.9,2,3082,-1.365,-1.138,75.8,80.7,76.9,77.9,23.97,24.75,24.14,24.31
5.438,252.2,70.8,0.0,97.8,0.9,2,3085,-1.274,-1.276,75.8,80.7,76.9,77.9,23.97,24.75,24.14,24.31
5.453,252.5,70.2,0.0,96.5,0.9,2,3029,-1.351,-1.081,75.8,80.7,76.9,77.9,23.97,24.75,24.14,24.31
5.468,252.8,69.5,0.0,96.2,0.9,2,3004,-1.275,-1.18,75.8,80.7,76.9,77.9,23.97,24.75,24.14,24.31
5.484,253.1,69.0,0.0,95.4,0.9,2,2967,-1.205,-1.164,75.8,80.7,76.9,77.9,23.97,24.75,24.14,24.3
5.5,253.4,68.2,0.0,93.3,0.9,2,2960,-1.373,-1.083,75.8,80.7,76.9,77.9,23.97,24.74,24.14,24.3
5.515,253.7,67.6,0.0,91.9,0.9,2,2937,-1.206,-1.18,75.8,80.6,76.9,77.9,23.97,24.74,24.14,24.3
5.531,254.0,67.0,0.0,89.6,0.9,2,2958,-1.246,-1.249,75.8,80.6,76.9,77.9,23.97,24.74,24.14,24.3
5.546,254.3,66.3,0.0,86.2,0.9,2,2930,-1.306,-1.059,75.8,80.6,76.9,77.9,23.97,24.74,24.14,24.3
5.562,254.5,65.7,0.0,85.1,0.9,2,2900,-1.24,-1.145,75.8,80.6,76.9,77.9,23.97,24.74,24.14,24.3
5.578,254.8,65.1,0.0,83.9,0.9,2,2881,-1.258,-1.193,75.8,80.6,76.8,77.9,23.97,24.74,24.14,24.3
5.594,255.1,64.4,0.0,81.7,0.9,2,2852,-1.44,-0.898,75.8,80.6,76.8,77.9,23.97,24.74,24.13,24.3
5.609,255.4,63.8,0.0,89.5,0.9,2,2801,-1.227,-1.224,75.8,80.6,76.8,77.9,23.97,24.74,24.13,24.3
5.625,255.7,63.3,0.0,0.0,0.9,2,2863,-1.652,-0.68,75.8,80.6,76.8,77.9,23.97,24.74,24.13,24.3
5.641,255.9,63.0,0.0,0.0,0.9,2,2902,-1.714,-0.456,75.8,80.6,76.8,77.9,23.97,24.74,24.13,24.3
5.657,256.2,62.7,0.0,0.0,0.9,2,2925,-1.64,-0.395,75.8,80.6,76.8,77.8,23.97,24.74,24.13,24.3
5.672,256.5,62.5,0.0,0.0,0.9,2,2928,-1.667,-0.352,75.8,80.6,76.8,77.8,23.97,24.74,24.13,24.29
5.688,256.8,62.3,0.0,0.0,0.9,2,2927,-1.692,-0.347,75.8,80.6,76.8,77.8,23.97,24.74,24.13,24.29
5.704,257.0,62.2,0.0,0.0,0.9,2,2920,-1.598,-0.318,75.8,80.6,76.8,77.8,23.97,24.74,24.13,24.29
5.72,257.3,62.0,0.0,0.0,0.9,2,2908,-1.472,-0.279,75.8,80.6,76.8,77.8,23.97,24.73,24.13,24.29
5.735,257.6,61.9,0.0,0.0,0.9,2,2900,-1.383,-0.251,75.8,80.6,76.8,77.8,23.97,24.73,24.13,24.29
5.75,257.8,61.7,0.0,0.0,0.9,2,2894,-1.338,-0.256,75.8,80.6,76.8,77.8,23.97,24.73,24.13,24.29
5.765,258.1,61.6,0.0,0.0,0.9,2,2887,-1.433,-0.256,75.8,80.6,76.8,77.8,23.97,24.73,24.13,24.29
5.781,258.4,61.5,0.0,0.0,0.9,2,2876,-1.477,-0.259,75.8,80.6,76.8,77.8,23.97,24.73,24.13,24.29
5.795,258.6,61.3,0.0,0.0,0.9,2,2867,-1.517,-0.298,75.8,80.6,76.8,77.8,23.97,24.73,24.13,24.29
5.811,258.9,61.2,0.0,0.0,0.9,2,2859,-1.584,-0.314,75.8,80.6,76.8,77.8,23.98,24.73,24.13,24.29
5.827,259.1,61.0,0.0,0.0,0.9,2,2852,-1.585,-0.346,75.8,80.6,76.8,77.8,23.98,24.73,24.13,24.29
5.843,259.4,60.8,0.0,0.0,0.9,2,2843,-1.594,-0.323,75.9,80.6,76.8,77.8,23.98,24.73,24.13,24.29
5.859,259.7,60.6,0.0,0.0,0.9,2,2834,-1.618,-0.327,75.9,80.6,76.8,77.8,23.98,24.73,24.13,24.29
5.874,259.9,60.5,0.0,0.0,0.9,2,2828,-1.563,-0.328,75.9,80.6,76.8,77.8,23.98,24.73,24.12,24.28
5.89,260.2,60.3,0.0,0.0,0.9,2,2824,-1.495,-0.35,75.9,80.5,76.8,77.8,23.98,24.73,24.12,24.28
5.905,260.4,60.1,0.0,0.0,0.9,2,2818,-1.514,-0.357,75.9,80.5,76.8,77.8,23.98,24.73,24.12,24.28
5.921,260.7,60.0,0.0,0.0,0.9,2,2811,-1.478,-0.317,75.9,80.5,76.8,77.8,23.98,24.73,24.12,24.28
5.935,261.0,59.8,0.0,0.0,0.9,2,2803,-1.462,-0.325,75.9,80.5,76.8,77.8,23.98,24.73,24.12,24.28
5.951,261.2,59.7,0.0,0.0,0.9,2,2798,-1.354,-0.261,75.9,80.5,76.8,77.8,23.98,24.72,24.12,24.28
5.967,261.5,59.6,0.0,0.0,0.9,2,2790,-1.386,-0.237,75.9,80.5,76.8,77.7,23.98,24.72,24.12,24.28
5.982,261.7,59.5,0.0,0.0,0.9,2,2779,-1.471,-0.27,75.9,80.5,76.8,77.7,23.98,24.72,24.12,24.28
5.997,262.0,59.3,0.0,0.0,0.9,2,2772,-1.397,-0.254,75.9,80.5,76.7,77.7,23.98,24.72,24.12,24.28
6.013,262.2,59.2,0.0,0.0,0.9,2,2766,-1.336,-0.223,75.9,80.5,76.7,77.7,23.98,24.72,24.12,24.28
6.029,262.5,59.1,0.0,0.0,0.9,2,2759,-1.377,-0.233,75.9,80.5,76.7,77.7,23.98,24.72,24.12,24.28
6.044,262.8,59.0,0.0,0.0,0.9,2,2752,-1.378,-0.257,75.9,80.5,76.7,77.7,23.98,24.72,24.12,24.28
6.06,263.0,58.9,0.0,0.0,0.9,2,2745,-1.367,-0.268,75.9,80.5,76.7,77.7,23.98,24.72,24.12,24.27
6.076,263.3,58.7,0.0,0.0,0.9,2,2738,-1.386,-0.267,75.9,80.5,76.7,77.7,23.98,24.72,24.12,24.27
6.092,263.5,58.6,0.0,0.0,0.9,2,2730,-1.41,-0.276,75.9,80.5,76.7,77.7,23.98,24.72,24.12,24.27
6.107,263.8,58.5,0.0,0.0,0.9,2,2725,-1.305,-0.256,75.9,80.5,76.7,77.7,23.98,24.72,24.12,24.27
6.122,264.0,58.4,0.0,0.0,0.9,2,2722,-1.26,-0.277,75.9,80.5,76.7,77.7,23.98,24.72,24.12,24.27
6.138,264.3,58.2,0.0,0.0,0.9,2,2717,-1.264,-0.237,75.9,80.5,76.7,77.7,23.98,24.72,24.11,24.27
6.154,264.5,58.1,0.0,0.0,0.9,2,2711,-1.346,-0.269,75.9,80.5,76.7,77.7,23.98,24.72,24.11,24.27
6.169,264.8,58.0,0.0,0.0,0.9,2,2706,-1.43,-0.271,75.9,80.5,76.7,77.7,23.98,24.72,24.11,24.27
6.185,265.0,57.8,0.0,0.0,0.9,2,2699,-1.407,-0.299,75.9,80.5,76.7,77.7,23.98,24.71,24.11,24.27
6.2,265.3,57.7,0.0,0.0,0.9,2,2692,-1.414,-0.31,75.9,80.5,76.7,77.7,23.98,24.71,24.11,24.27
6.216,265.5,57.5,0.0,0.0,0.9,2,2687,-1.214,-0.254,75.9,80.5,76.7,77.7,23.98,24.71,24.11,24.27
6.232,265.8,57.4,0.0,0.0,0.9,2,2681,-1.169,-0.232,75.9,80.5,76.7,77.7,23.98,24.71,24.11,24.27
6.248,266.0,57.3,0.0,0.0,0.9,2,2678,-1.206,-0.232,75.9,80.4,76.7,77.7,23.98,24.71,24.11,24.26
6.264,266.3,57.2,0.0,0.0,0.9,2,2668,-1.306,-0.227,75.9,80.4,76.7,77.6,23.98,24.71,24.11,24.26
6.279,266.5,57.0,0.0,0.0,0.9,2,2659,-1.4,-0.225,75.9,80.4,76.7,77.6,23.98,24.71,24.11,24.26
6.294,266.8,56.9,0.0,0.0,0.9,2,2651,-1.365,-0.227,75.9,80.4,76.7,77.6,23.98,24.71,24.11,24.26
6.31,267.0,56.8,0.0,0.0,0.9,2,2644,-1.363,-0.241,75.9,80.4,76.7,77.6,23.98,24.71,24.11,24.26
6.325,267.3,56.7,0.0,0.0,0.9,2,2639,-1.421,-0.275,75.9,80.4,76.7,77.6,23.98,24.71,24.11,24.26
6.34,267.5,56.5,0.0,0.0,0.9,2,2630,-1.529,-0.266,75.9,80.4,76.7,77.6,23.98,24.71,24.11,24.26
6.356,267.7,56.3,0.0,0.0,0.9,2,2622,-1.563,-0.283,75.9,80.4,76.7,77.6,23.98,24.71,24.11,24.26
6.371,268.0,56.2,2.4,0.0,0.9,2,2617,-1.48,-0.268,75.9,80.4,76.7,77.6,23.99,24.71,24.11,24.26
6.387,268.2,56.1,8.4,0.0,0.9,2,2623,-1.425,-0.25,75.9,80.4,76.7,77.6,23.99,24.71,24.11,24.26
6.402,268.5,55.9,14.4,0.0,0.9,2,2642,-1.199,-0.227,75.9,80.4,76.7,77.6,23.99,24.71,24.11,24.26
6.417,268.7,55.8,20.4,0.0,0.9,2,2660,-1.187,-0.163,75.9,80.4,76.7,77.6,23.99,24.7,24.1,24.26
6.433,268.9,55.8,27.6,0.0,0.9,2,2670,-1.196,-0.067,75.9,80.4,76.6,77.6,23.99,24.7,24.1,24.25
6.449,269.2,55.7,33.6,0.0,0.9,2,2669,-1.28,-0.011,75.9,80.4,76.6,77.6,23.99,24.7,24.1,24.25
6.466,269.4,55.7,39.6,0.0,0.9,2,2673,-1.273,-0.012,75.9,80.4,76.6,77.6,23.99,24.7,24.1,24.25
6.481,269.7,55.7,46.8,0.0,0.9,2,2691,-1.283,0.014,75.9,80.4,76.6,77.6,23.99,24.7,24.1,24.25
6.496,269.9,55.7,52.8,0.0,0.9,2,2712,-1.3,0.044,75.9,80.4,76.6,77.6,23.99,24.7,24.1,24.25
6.512,270.2,55.8,58.8,0.0,0.9,2,2735,-1.404,0.04,75.9,80.4,76.6,77.6,23.99,24.7,24.1,24.25
6.528,270.4,55.8,64.8,0.0,0.9,2,2767,-1.537,0.016,75.9,80.4,76.6,77.6,23.99,24.7,24.1,24.25
6.544,270.7,55.8,67.4,0.0,0.9,2,2697,-1.531,-0.03,75.9,80.4,76.6,77.6,23.99,24.7,24.1,24.25
6.559,270.9,55.7,74.6,0.0,0.9,2,2777,-1.533,-0.078,75.9,80.4,76.6,77.5,23.99,24.7,24.1,24.25
6.575,271.1,55.7,71.0,0.0,0.9,2,2721,-1.527,-0.326,75.9,80.4,76.6,77.5,23.99,24.7,24.1,24.25
6.59,271.4,55.5,77.0,0.0,0.9,2,2900,-1.429,-0.207,75.9,80.4,76.6,77.5,23.99,24.7,24.1,24.25
6.606,271.6,55.5,83.0,0.0,0.9,2,2998,-1.326,0.047,75.9,80.4,76.6,77.5,23.99,24.7,24.1,24.25
6.622,271.9,55.5,90.2,0.0,0.9,2,3146,-1.295,0.042,75.9,80.3,76.6,77.5,23.99,24.7,24.1,24.24
6.637,272.1,55.6,96.2,0.0,0.9,2,3292,-1.104,0.112,75.9,80.3,76.6,77.5,23.99,24.69,24.1,24.24
6.653,272.3,55.7,97.4,0.0,0.9,2,3306,-0.755,0.286,75.9,80.3,76.6,77.5,23.99,24.69,24.1,24.24
6.669,272.6,55.8,91.4,0.0,0.9,2,3122,-0.716,0.288,75.9,80.3,76.6,77.5,23.99,24.69,24.1,24.24
6.684,272.8,56.0,85.4,0.0,0.9,2,2918,-0.777,0.368,75.9,80.3,76.6,77.5,23.99,24.69,24.1,24.24
6.7,273.1,56.2,79.4,0.0,0.9,2,2691,-0.948,0.406,76.0,80.3,76.6,77.5,23.99,24.69,24.09,24.24
6.715,273.3,56.3,81.8,0.0,0.9,2,2771,-1.177,0.14,76.0,80.3,76.6,77.5,23.99,24.69,24.09,24.24
6.73,273.5,56.4,80.6,0.0,0.9,2,2804,-1.239,0.358,76.0,80.3,76.6,77.5,23.99,24.69,24.09,24.24
6.745,273.8,56.6,79.4,0.0,0.9,2,2765,-1.45,0.419,76.0,80.3,76.6,77.5,23.99,24.69,24.09,24.24
6.761,274.0,56.8,85.4,0.0,0.9,2,2763,-1.535,0.341,76.0,80.3,76.6,77.5,23.99,24.69,24.09,24.24
6.776,274.3,56.9,91.4,0.0,0.9,2,2834,-1.525,0.181,76.0,80.3,76.6,77.5,23.99,24.69,24.09,24.24
6.791,274.5,57.0,92.6,0.0,0.9,2,2780,-1.548,0.047,76.0,80.3,76.6,77.5,23.99,24.69,24.09,24.24
6.807,274.8,56.8,86.6,0.0,0.9,2,2823,-1.481,-0.415,76.0,80.3,76.6,77.5,23.99,24.69,24.09,24.23
6.822,275.0,56.7,90.2,0.0,0.9,2,2955,-1.314,0.03,76.0,80.3,76.6,77.5,24.0,24.69,24.09,24.23
6.838,275.2,56.8,97.4,0.0,0.9,2,3107,-1.082,0.144,76.0,80.3,76.6,77.5,24.0,24.69,24.09,24.23
6.854,275.5,56.9,93.8,0.0,0.9,2,3066,-1.103,0.123,76.0,80.3,76.6,77.5,24.0,24.69,24.09,24.23
6.87,275.7,56.8,87.8,0.0,0.9,2,2998,-1.153,-0.182,76.0,80.3,76.6,77.4,24.0,24.68,24.09,24.23
6.885,276.0,56.8,81.8,0.0,0.9,2,2894,-1.095,0.008,76.0,80.3,76.6,77.4,24.0,24.68,24.09,24.23
6.901,276.2,56.8,74.6,0.0,0.9,2,2744,-1.155,-0.022,76.0,80.3,76.5,77.4,24.0,24.68,24.09,24.23
6.916,276.5,56.8,75.8,0.0,0.9,2,2785,-1.25,-0.098,76.0,80.3,76.5,77.4,24.0,24.68,24.09,24.23
6.932,276.7,56.7,69.8,0.0,0.9,2,2817,-1.236,-0.026,76.0,80.3,76.5,77.4,24.0,24.68,24.09,24.23
6.948,277.0,56.7,65.0,0.0,0.9,2,2770,-1.301,-0.091,76.0,80.3,76.5,77.4,24.0,24.68,24.09,24.23
6.963,277.2,56.6,65.0,0.0,0.9,2,2885,-1.313,-0.047,76.0,80.3,76.5,77.4,24.0,24.68,24.09,24.23
6.978,277.5,56.6,65.0,0.0,0.9,2,2782,-1.307,-0.044,76.0,80.2,76.5,77.4,24.0,24.68,24.09,24.23
6.994,277.7,56.6,65.0,0.0,0.9,2,2792,-1.343,-0.105,76.0,80.2,76.5,77.4,24.0,24.68,24.08,24.23
7.01,278.0,56.6,65.0,0.0,0.9,2,2829,-1.322,0.083,76.0,80.2,76.5,77.4,24.0,24.68,24.08,24.22
7.026,278.2,56.6,66.2,0.0,0.9,2,2674,-1.367,0.099,76.0,80.2,76.5,77.4,24.0,24.68,24.08,24.22
7.042,278.5,56.6,73.4,0.0,0.9,2,2787,-1.366,0.033,76.0,80.2,76.5,77.4,24.0,24.68,24.08,24.22
7.057,278.7,56.7,79.4,0.0,0.9,2,2843,-1.314,0.216,76.0,80.2,76.5,77.4,24.0,24.68,24.08,24.22
7.073,278.9,56.9,78.2,0.0,0.9,2,2726,-1.273,0.249,76.0,80.2,76.5,77.4,24.0,24.68,24.08,24.22
7.088,279.2,56.9,84.2,0.0,0.9,2,2801,-1.336,0.117,76.0,80.2,76.5,77.4,24.0,24.68,24.08,24.22
7.104,279.4,57.0,90.2,0.0,0.9,2,2864,-1.253,0.244,76.0,80.2,76.5,77.4,24.0,24.67,24.08,24.22
7.119,279.7,57.2,93.8,0.0,0.9,2,2752,-1.251,0.269,76.0,80.2,76.5,77.4,24.0,24.67,24.08,24.22
7.134,279.9,57.3,99.8,0.0,0.9,2,2858,-1.244,0.15,76.0,80.2,76.5,77.4,24.0,24.67,24.08,24.22
7.149,280.2,57.4,98.8,0.0,0.9,2,2820,-1.193,0.279,76.0,80.2,76.5,77.4,24.0,24.67,24.08,24.22
7.165,280.4,57.5,100.0,0.0,0.9,2,2778,-1.259,-0.019,76.0,80.2,76.5,77.4,24.0,24.67,24.08,24.22
7.181,280.7,57.5,100.0,0.0,0.9,2,2926,-1.167,0.173,76.0,80.2,76.5,77.3,24.0,24.67,24.08,24.22
7.197,280.9,57.7,96.4,0.0,0.9,2,2833,-1.158,0.267,76.0,80.2,76.5,77.3,24.01,24.67,24.08,24.21
7.213,281.2,57.7,96.4,0.0,0.9,2,2854,-1.233,-0.027,76.0,80.2,76.5,77.3,24.01,24.67,24.08,24.21
7.229,281.4,57.8,98.8,0.0,0.9,2,2860,-1.155,0.221,76.0,80.2,76.5,77.3,24.01,24.67,24.08,24.21
7.245,281.7,57.9,100.0,0.0,0.9,2,2763,-1.223,0.059,76.0,80.2,76.5,77.3,24.01,24.67,24.08,24.21
7.26,281.9,57.9,100.0,0.0,0.9,2,2936,-1.192,0.038,76.0,80.2,76.5,77.3,24.01,24.67,24.08,24.21
7.276,282.2,58.0,95.2,0.0,0.9,2,2852,-1.105,0.317,76.0,80.2,76.5,77.3,24.01,24.67,24.08,24.21
7.292,282.4,58.1,96.4,0.0,0.9,2,2829,-1.27,-0.033,76.0,80.2,76.5,77.3,24.01,24.67,24.07,24.21
7.307,282.7,58.1,100.0,0.0,0.88,2,2917,-1.256,0.155,76.1,80.2,76.5,77.3,24.01,24.67,24.07,24.21
7.323,283.0,58.3,100.0,0.0,0.83,2,2740,-1.271,0.124,76.1,80.2,76.5,77.3,24.01,24.66,24.07,24.21
7.339,283.2,58.3,100.0,0.0,0.78,2,2947,-1.315,0.098,76.1,80.2,76.5,77.3,24.01,24.66,24.07,24.21
7.355,283.5,58.4,96.4,0.0,0.73,2,2897,-1.182,0.365,76.1,80.1,76.5,77.3,24.01,24.66,24.07,24.21
7.371,283.7,58.6,97.6,0.0,0.68,2,2788,-1.313,0.076,76.1,80.1,76.5,77.3,24.01,24.66,24.07,24.21
7.386,284.0,58.6,100.0,0.0,0.64,2,2951,-1.307,0.114,76.1,80.1,76.4,77.3,24.01,24.66,24.07,24.2
7.401,284.2,58.8,98.8,0.0,0.59,2,2899,-1.22,0.382,76.1,80.1,76.4,77.3,24.01,24.66,24.07,24.2
7.417,284.5,58.9,100.0,0.0,0.53,2,2848,-1.359,0.039,76.1,80.1,76.4,77.3,24.01,24.66,24.07,24.2
7.433,284.7,59.0,100.0,0.0,0.48,2,2992,-1.288,0.276,76.1,80.1,76.4,77.3,24.01,24.66,24.07,24.2
7.449,285.0,59.2,96.4,0.0,0.44,2,2893,-1.194,0.336,76.1,80.1,76.4,77.3,24.01,24.66,24.07,24.2
7.464,285.2,59.3,97.6,0.0,0.39,2,2880,-1.226,0.11,76.1,80.1,76.4,77.3,24.01,24.66,24.07,24.2
7.479,285.5,59.4,100.0,0.0,0.34,2,3018,-1.122,0.33,76.1,80.1,76.4,77.2,24.01,24.66,24.07,24.2
7.494,285.8,59.6,95.2,0.0,0.3,2,2908,-0.95,0.439,76.1,80.1,76.4,77.2,24.01,24.66,24.07,24.2
7.51,286.0,59.8,97.6,0.0,0.24,2,2910,-0.991,0.198,76.1,80.1,76.4,77.2,24.01,24.66,24.07,24.2
7.525,286.3,60.0,100.0,0.0,0.19,2,3030,-0.8,0.409,76.1,80.1,76.4,77.2,24.01,24.66,24.07,24.2
7.541,286.5,60.3,100.0,0.0,0.14,2,2902,-0.653,0.529,76.1,80.1,76.4,77.2,24.02,24.66,24.07,24.2
7.556,286.8,60.5,100.0,0.0,0.1,2,2999,-0.595,0.435,76.1,80.1,76.4,77.2,24.02,24.65,24.07,24.2
7.572,287.1,60.8,100.0,0.0,0.05,2,3040,-0.41,0.606,76.1,80.1,76.4,77.2,24.02,24.65,24.07,24.19
7.587,287.3,61.1,100.0,0.0,0.0,2,3035,-0.294,0.706,76.1,80.1,76.4,77.2,24.02,24.65,24.07,24.19
7.602,287.6,61.5,100.0,0.0,0.0,2,3022,-0.248,0.685,76.1,80.1,76.4,77.2,24.02,24.65,24.06,24.19
7.618,287.8,61.9,100.0,0.0,0.0,2,3019,-0.269,0.681,76.1,80.1,76.4,77.2,24.02,24.65,24.06,24.19
7.634,288.1,62.3,100.0,0.0,0.0,2,3025,-0.278,0.642,76.1,80.1,76.4,77.2,24.02,24.65,24.06,24.19
7.65,288.4,62.6,100.0,0.0,0.0,2,3037,-0.25,0.659,76.1,80.1,76.4,77.2,24.02,24.65,24.06,24.19
7.666,288.7,63.0,100.0,0.0,0.0,2,3049,-0.176,0.645,76.1,80.1,76.4,77.2,24.02,24.65,24.06,24.19
7.681,288.9,63.4,100.0,0.0,0.0,2,3070,-0.118,0.635,76.1,80.1,76.4,77.2,24.02,24.65,24.06,24.19
7.697,289.2,63.7,100.0,0.0,0.0,2,3090,-0.103,0.643,76.1,80.1,76.4,77.2,24.02,24.65,24.06,24.19
7.712,289.5,64.0,100.0,0.0,0.0,2,3110,-0.067,0.644,76.1,80.0,76.4,77.2,24.02,24.65,24.06,24.19
7.728,289.8,64.4,100.0,0.0,0.0,2,3130,-0.084,0.652,76.1,80.0,76.4,77.2,24.02,24.65,24.06,24.19
7.744,290.1,64.8,100.0,0.0,0.0,2,3153,-0.063,0.62,76.1,80.0,76.4,77.2,24.02,24.65,24.06,24.19
7.759,290.3,65.1,100.0,0.0,0.0,2,3169,-0.022,0.642,76.1,80.0,76.4,77.2,24.02,24.65,24.06,24.19
7.774,290.6,65.5,100.0,0.0,0.0,2,3186,-0.034,0.631,76.1,80.0,76.4,77.2,24.02,24.65,24.06,24.18
7.79,290.9,65.8,100.0,0.0,0.0,2,3204,0.017,0.626,76.1,80.0,76.4,77.2,24.02,24.64,24.06,24.18
7.805,291.2,66.1,100.0,0.0,0.0,2,3221,-0.002,0.636,76.1,80.0,76.4,77.1,24.02,24.64,24.06,24.18
7.821,291.5,66.5,100.0,0.0,0.0,2,3234,0.03,0.634,76.1,80.0,76.4,77.1,24.02,24.64,24.06,24.18
7.836,291.7,66.8,100.0,0.0,0.0,2,3248,0.005,0.654,76.1,80.0,76.4,77.1,24.02,24.64,24.06,24.18
7.852,292.0,67.2,100.0,0.0,0.0,2,3262,0.017,0.643,76.1,80.0,76.4,77.1,24.02,24.64,24.06,24.18
7.867,292.3,67.6,100.0,0.0,0.0,2,3280,0.013,0.635,76.1,80.0,76.3,77.1,24.02,24.64,24.06,24.18
7.882,292.6,67.9,100.0,0.0,0.0,2,3297,0.01,0.639,76.1,80.0,76.3,77.1,24.02,24.64,24.06,24.18
7.898,292.9,68.3,100.0,0.0,0.0,2,3313,-0.002,0.654,76.1,80.0,76.3,77.1,24.02,24.64,24.05,24.18
7.913,293.2,68.6,100.0,0.0,0.0,2,3330,-0.005,0.639,76.2,80.0,76.3,77.1,24.02,24.64,24.05,24.18
7.929,293.5,68.9,100.0,0.0,0.0,2,3349,0.0,0.64,76.2,80.0,76.3,77.1,24.02,24.64,24.05,24.18
7.944,293.8,69.3,100.0,0.0,0.0,2,3366,0.008,0.641,76.2,80.0,76.3,77.1,24.02,24.64,24.05,24.18
7.96,294.1,69.6,100.0,0.0,0.0,2,3384,0.005,0.644,76.2,80.0,76.3,77.1,24.02,24.64,24.05,24.18
7.976,294.4,70.0,100.0,0.0,0.01,2,3406,0.006,0.638,76.2,80.0,76.3,77.1,24.03,24.64,24.05,24.18
7.991,294.7,70.4,100.0,0.0,0.02,2,3422,-0.015,0.659,76.2,80.0,76.3,77.1,24.03,24.64,24.05,24.17
8.006,295.0,70.7,100.0,0.0,0.04,2,3439,-0.075,0.624,76.2,80.0,76.3,77.1,24.03,24.63,24.05,24.17
8.021,295.3,71.1,100.0,0.0,0.05,2,3456,-0.123,0.663,76.2,80.0,76.3,77.1,24.03,24.63,24.05,24.17
8.038,295.6,71.5,100.0,0.0,0.07,2,3475,-0.188,0.654,76.2,80.0,76.3,77.1,24.03,24.63,24.05,24.17
8.053,295.9,71.8,100.0,0.0,0.09,2,3491,-0.24,0.666,76.2,80.0,76.3,77.1,24.03,24.63,24.05,24.17
8.069,296.3,72.2,100.0,0.0,0.1,2,3509,-0.257,0.645,76.2,79.9,76.3,77.1,24.03,24.63,24.05,24.17
8.085,296.6,72.5,100.0,0.0,0.11,2,3527,-0.318,0.624,76.2,79.9,76.3,77.1,24.03,24.63,24.05,24.17
8.1,296.9,72.9,100.0,0.0,0.13,2,3545,-0.358,0.634,76.2,79.9,76.3,77.1,24.03,24.63,24.05,24.17
8.116,297.2,73.3,100.0,0.0,0.15,2,3568,-0.423,0.639,76.2,79.9,76.3,77.1,24.03,24.63,24.05,24.17
8.131,297.5,73.6,100.0,0.0,0.16,2,3587,-0.47,0.625,76.2,79.9,76.3,77.0,24.03,24.63,24.05,24.17
8.147,297.8,73.9,100.0,0.0,0.18,2,3607,-0.503,0.63,76.2,79.9,76.3,77.0,24.03,24.63,24.05,24.17
8.162,298.2,74.3,100.0,0.0,0.19,2,3628,-0.562,0.627,76.2,79.9,76.3,77.0,24.03,24.63,24.05,24.17
8.178,298.5,74.6,100.0,0.0,0.2,2,3647,-0.602,0.605,76.2,79.9,76.3,77.0,24.03,24.63,24.05,24.17
8.193,298.8,74.9,100.0,0.0,0.22,2,3666,-0.649,0.625,76.2,79.9,76.3,77.0,24.03,24.63,24.05,24.16
8.208,299.1,75.2,100.0,0.0,0.23,2,3686,-0.69,0.606,76.2,79.9,76.3,77.0,24.03,24.62,24.04,24.16
8.224,299.4,75.6,100.0,0.0,0.25,2,3710,-0.736,0.609,76.2,79.9,76.3,77.0,24.03,24.62,24.04,24.16
8.24,299.8,76.0,100.0,0.0,0.26,2,3730,-0.792,0.614,76.2,79.9,76.3,77.0,24.03,24.62,24.04,24.16
8.255,300.1,76.3,100.0,0.0,0.28,2,3750,-0.827,0.623,76.2,79.9,76.3,77.0,24.03,24.62,24.04,24.16
8.271,300.4,76.6,100.0,0.0,0.28,2,3770,-0.896,0.586,76.2,79.9,76.3,77.0,24.03,24.62,24.04,24.16
8.286,300.8,76.9,100.0,0.0,0.23,2,3792,-0.901,0.593,76.2,79.9,76.3,77.0,24.03,24.62,24.04,24.16
8.302,301.1,77.3,100.0,0.0,0.18,2,3819,-0.822,0.622,76.2,79.9,76.3,77.0,24.03,24.62,24.04,24.16
8.317,301.4,77.6,100.0,0.0,0.13,2,3840,-0.743,0.615,76.2,79.9,76.3,77.0,24.03,24.62,24.04,24.16
8.333,301.8,78.0,100.0,0.0,0.08,2,3859,-0.596,0.624,76.2,79.9,76.3,77.0,24.03,24.62,24.04,24.16
8.348,302.1,78.3,100.0,0.0,0.03,2,3873,-0.501,0.653,76.2,79.9,76.3,77.0,24.03,24.62,24.04,24.16
8.363,302.4,78.6,100.0,0.0,0.0,2,3883,-0.356,0.666,76.2,79.9,76.3,77.0,24.03,24.62,24.04,24.16
8.379,302.8,79.0,100.0,0.0,0.0,2,3887,-0.311,0.658,76.2,79.9,76.3,77.0,24.03,24.62,24.04,24.16
8.394,303.1,79.4,100.0,0.0,0.0,2,3892,-0.339,0.669,76.2,79.8,76.2,77.0,24.04,24.62,24.04,24.15
8.409,303.5,79.7,100.0,0.0,0.0,2,3900,-0.392,0.684,76.2,79.8,76.2,77.0,24.04,24.61,24.04,24.15
8.425,303.8,80.1,100.0,0.0,0.0,2,3911,-0.383,0.668,76.2,79.8,76.2,77.0,24.04,24.61,24.04,24.15
8.441,304.2,80.5,100.0,0.0,0.0,2,3924,-0.349,0.663,76.2,79.8,76.2,77.0,24.04,24.61,24.04,24.15
8.457,304.5,80.8,100.0,0.0,0.0,2,3939,-0.309,0.645,76.2,79.8,76.2,77.0,24.04,24.61,24.04,24.15
8.472,304.9,81.2,100.0,0.0,0.0,2,3955,-0.286,0.656,76.2,79.8,76.2,76.9,24.04,24.61,24.04,24.15
8.487,305.2,81.5,100.0,0.0,0.0,2,3970,-0.258,0.642,76.2,79.8,76.2,76.9,24.04,24.61,24.04,24.15
8.504,305.6,81.9,100.0,0.0,0.0,2,3988,-0.243,0.658,76.2,79.8,76.2,76.9,24.04,24.61,24.04,24.15
8.52,305.9,82.3,100.0,0.0,0.0,2,4003,-0.197,0.667,76.2,79.8,76.2,76.9,24.04,24.61,24.04,24.15
8.535,306.3,82.6,100.0,0.0,0.0,2,4018,-0.183,0.641,76.2,79.8,76.2,76.9,24.04,24.61,24.04,24.15
8.55,306.6,83.0,100.0,0.0,0.0,2,4033,-0.146,0.664,76.2,79.8,76.2,76.9,24.04,24.61,24.04,24.15
8.566,307.0,83.4,100.0,0.0,0.0,2,4051,-0.099,0.658,76.2,79.8,76.2,76.9,24.04,24.61,24.03,24.15
8.582,307.4,83.7,100.0,0.0,0.0,2,4067,-0.081,0.626,76.2,79.8,76.2,76.9,24.04,24.61,24.03,24.15
8.597,307.7,84.1,100.0,0.0,0.0,2,4085,-0.062,0.657,76.2,79.8,76.2,76.9,24.04,24.61,24.03,24.15
8.613,308.1,84.4,100.0,0.0,0.0,2,4104,-0.051,0.641,76.2,79.8,76.2,76.9,24.04,24.6,24.03,24.15
8.629,308.5,84.8,100.0,0.0,0.0,2,4127,-0.032,0.634,76.2,79.8,76.2,76.9,24.04,24.6,24.03,24.14
8.644,308.8,85.1,100.0,0.0,0.0,2,4145,-0.033,0.642,76.3,79.8,76.2,76.9,24.04,24.6,24.03,24.14
8.66,309.2,85.5,100.0,0.0,0.0,2,4161,-0.026,0.635,76.3,79.8,76.2,76.9,24.04,24.6,24.03,24.14
8.675,309.6,85.8,100.0,0.0,0.0,2,4177,-0.02,0.647,76.3,79.8,76.2,76.9,24.04,24.6,24.03,24.14
8.691,310.0,86.2,100.0,0.0,0.0,2,4192,-0.024,0.645,76.3,79.8,76.2,76.9,24.04,24.6,24.03,24.14
8.707,310.3,86.5,100.0,0.0,0.0,2,4206,0.005,0.637,76.3,79.7,76.2,76.9,24.04,24.6,24.03,24.14
8.722,310.7,86.9,100.0,0.0,0.0,2,4224,-0.006,0.66,76.3,79.7,76.2,76.9,24.04,24.6,24.03,24.14
8.738,311.1,87.3,100.0,0.0,0.0,2,4239,-0.006,0.65,76.3,79.7,76.2,76.9,24.04,24.6,24.03,24.14
8.753,311.5,87.6,100.0,0.0,0.0,2,4256,0.002,0.655,76.3,79.7,76.2,76.9,24.04,24.6,24.03,24.14
8.768,311.8,88.0,100.0,0.0,0.0,2,4274,-0.009,0.64,76.3,79.7,76.2,76.9,24.04,24.6,24.03,24.14
8.784,312.2,88.3,100.0,0.0,0.0,2,4290,0.004,0.638,76.3,79.7,76.2,76.9,24.04,24.6,24.03,24.14
8.8,312.6,88.7,100.0,0.0,0.0,2,4311,0.0,0.639,76.3,79.7,76.2,76.9,24.04,24.59,24.03,24.14
8.815,313.0,89.0,100.0,0.0,0.0,2,4329,-0.008,0.639,76.3,79.7,76.2,76.9,24.04,24.59,24.03,24.14
8.831,313.4,89.4,100.0,0.0,0.01,2,4346,-0.011,0.659,76.3,79.7,76.2,76.8,24.04,24.59,24.03,24.14
8.846,313.8,89.7,100.0,0.0,0.03,2,4363,-0.068,0.653,76.3,79.7,76.2,76.8,24.04,24.59,24.03,24.14
8.862,314.2,90.1,100.0,0.0,0.04,2,4380,-0.111,0.641,76.3,79.7,76.2,76.8,24.04,24.59,24.03,24.13
8.877,314.5,90.4,100.0,0.0,0.05,2,4396,-0.149,0.646,76.3,79.7,76.2,76.8,24.04,24.59,24.03,24.13
8.894,315.0,90.8,100.0,0.0,0.07,2,4415,-0.2,0.644,76.3,79.7,76.2,76.8,24.04,24.59,24.03,24.13
8.909,315.3,91.2,100.0,0.0,0.08,2,4431,-0.245,0.64,76.3,79.7,76.2,76.8,24.04,24.59,24.03,24.13
8.925,315.8,91.5,100.0,0.0,0.1,2,4448,-0.313,0.652,76.3,79.7,76.2,76.8,24.04,24.59,24.03,24.13
8.941,316.2,91.9,100.0,0.0,0.11,2,4468,-0.376,0.643,76.3,79.7,76.2,76.8,24.04,24.59,24.02,24.13
8.956,316.6,92.2,100.0,0.0,0.13,2,4486,-0.396,0.632,76.3,79.7,76.2,76.8,24.05,24.59,24.02,24.13
8.972,317.0,92.6,100.0,0.0,0.14,2,4506,-0.462,0.619,76.3,79.7,76.1,76.8,24.05,24.59,24.02,24.13
8.988,317.4,92.9,100.0,0.0,0.15,2,4525,-0.526,0.636,76.3,79.7,76.1,76.8,24.05,24.58,24.02,24.13
9.003,317.8,93.2,100.0,0.0,0.16,2,4544,-0.576,0.602,76.3,79.7,76.1,76.8,24.05,24.58,24.02,24.13
9.019,318.2,93.6,100.0,0.0,0.16,2,4568,-0.664,0.586,76.3,79.6,76.1,76.8,24.05,24.58,24.02,24.13
9.034,318.6,93.9,100.0,0.0,0.11,2,4589,-0.614,0.61,76.3,79.6,76.1,76.8,24.05,24.58,24.02,24.13
9.05,319.0,94.2,100.0,0.0,0.06,2,4612,-0.529,0.63,76.3,79.6,76.1,76.8,24.05,24.58,24.02,24.13
9.065,319.4,94.6,100.0,0.0,0.01,2,4632,-0.382,0.623,76.3,79.6,76.1,76.8,24.05,24.58,24.02,24.13
9.08,319.8,94.9,100.0,0.0,0.0,2,4649,-0.265,0.659,76.3,79.6,76.1,76.8,24.05,24.58,24.02,24.13
9.095,320.2,95.2,100.0,0.0,0.0,2,4661,-0.252,0.638,76.3,79.6,76.1,76.8,24.05,24.58,24.02,24.12
9.111,320.6,95.6,100.0,0.0,0.0,2,4669,-0.297,0.655,76.3,79.6,76.1,76.8,24.05,24.58,24.02,24.12
9.127,321.0,95.9,100.0,0.0,0.0,2,4677,-0.306,0.666,76.3,79.6,76.1,76.8,24.05,24.58,24.02,24.12
9.142,321.4,96.3,100.0,0.0,0.0,2,4689,-0.285,0.652,76.3,79.6,76.1,76.8,24.05,24.58,24.02,24.12
9.158,321.8,96.7,100.0,0.0,0.0,2,4703,-0.298,0.63,76.3,79.6,76.1,76.8,24.05,24.58,24.02,24.12
9.174,322.3,97.0,100.0,0.0,0.0,2,4719,-0.273,0.633,76.3,79.6,76.1,76.8,24.05,24.58,24.02,24.12
9.19,322.7,97.4,100.0,0.0,0.0,2,4736,-0.265,0.624,76.3,79.6,76.1,76.8,24.05,24.57,24.02,24.12
9.205,323.1,97.8,100.0,0.0,0.0,2,4755,-0.239,0.64,76.3,79.6,76.1,76.7,24.05,24.57,24.02,24.12
9.22,323.5,98.1,100.0,0.0,0.0,2,4771,-0.205,0.632,76.3,79.6,76.1,76.7,24.05,24.57,24.02,24.12
9.236,324.0,98.4,100.0,0.0,0.0,2,4787,-0.206,0.656,76.3,79.6,76.1,76.7,24.05,24.57,24.02,24.12
9.252,324.4,98.8,100.0,0.0,0.0,2,4801,-0.179,0.639,76.3,79.6,76.1,76.7,24.05,24.57,24.02,24.12
9.267,324.8,99.1,100.0,0.0,0.0,2,4816,-0.149,0.651,76.3,79.6,76.1,76.7,24.05,24.57,24.02,24.12
9.282,325.2,99.4,100.0,0.0,0.0,2,4831,-0.136,0.652,76.3,79.6,76.1,76.7,24.05,24.57,24.02,24.12
9.297,325.7,99.8,100.0,0.0,0.0,2,4846,-0.101,0.647,76.3,79.6,76.1,76.7,24.05,24.57,24.02,24.12
9.313,326.1,100.2,100.0,0.0,0.0,2,4865,-0.081,0.625,76.3,79.5,76.1,76.7,24.05,24.57,24.02,24.12
9.329,326.5,100.5,100.0,0.0,0.01,2,4881,-0.098,0.63,76.3,79.5,76.1,76.7,24.05,24.57,24.02,24.12
9.345,327.0,100.8,100.0,0.0,0.03,2,4898,-0.105,0.621,76.3,79.5,76.1,76.7,24.05,24.57,24.02,24.11
9.361,327.5,101.2,100.0,0.0,0.04,2,4918,-0.146,0.62,76.3,79.5,76.1,76.7,24.05,24.57,24.01,24.11
9.377,327.9,101.6,100.0,0.0,0.05,2,4934,-0.185,0.631,76.3,79.5,76.1,76.7,24.05,24.56,24.01,24.11
9.392,328.3,101.9,100.0,0.0,0.06,2,4950,-0.211,0.614,76.3,79.5,76.1,76.7,24.05,24.56,24.01,24.11
9.407,328.8,102.2,100.0,0.0,0.07,2,4966,-0.275,0.627,76.3,79.5,76.1,76.7,24.05,24.56,24.01,24.11
9.423,329.2,102.6,100.0,0.0,0.08,2,4982,-0.311,0.646,76.3,79.5,76.1,76.7,24.05,24.56,24.01,24.11
9.439,329.7,103.0,100.0,0.0,0.09,2,5001,-0.336,0.628,76.3,79.5,76.1,76.7,24.05,24.56,24.01,24.11
9.454,330.1,103.3,100.0,0.0,0.05,2,5018,-0.385,0.626,76.3,79.5,76.1,76.7,24.05,24.56,24.01,24.11
9.47,330.5,103.6,100.0,0.0,0.01,2,5035,-0.25,0.602,76.3,79.5,76.1,76.7,24.05,24.56,24.01,24.11
9.485,331.0,103.9,100.0,0.0,0.0,2,5052,-0.13,0.628,76.3,79.5,76.1,76.7,24.05,24.56,24.01,24.11
9.501,331.4,104.3,100.0,0.0,0.0,2,5068,-0.121,0.625,76.3,79.5,76.1,76.7,24.05,24.56,24.01,24.11
9.516,331.9,104.6,100.0,0.0,0.0,2,5083,-0.158,0.616,76.3,79.5,76.1,76.7,24.05,24.56,24.01,24.11
9.531,332.3,104.9,100.0,0.0,0.0,2,5096,-0.142,0.628,76.3,79.5,76.1,76.7,24.05,24.56,24.01,24.11
9.547,332.8,105.3,100.0,0.0,0.0,2,5113,-0.136,0.62,76.3,79.5,76.1,76.7,24.06,24.56,24.01,24.11
9.563,333.2,105.6,100.0,0.0,0.0,2,5127,-0.144,0.611,76.3,79.5,76.1,76.7,24.06,24.55,24.01,24.11
9.578,333.7,106.0,100.0,0.0,0.0,2,5143,-0.136,0.603,76.3,79.5,76.1,76.7,24.06,24.55,24.01,24.11
9.593,334.1,106.3,100.0,0.0,0.0,2,5159,-0.145,0.617,76.3,79.5,76.1,76.7,24.06,24.55,24.01,24.1
9.609,334.6,106.6,100.0,0.0,0.0,2,5174,-0.133,0.618,76.3,79.5,76.1,76.7,24.06,24.55,24.01,24.1
9.624,335.1,106.9,100.0,0.0,0.0,2,5189,-0.108,0.617,76.4,79.4,76.1,76.6,24.06,24.55,24.01,24.1
9.64,335.5,107.3,100.0,0.0,0.0,2,5206,-0.11,0.614,76.4,79.4,76.1,76.6,24.06,24.55,24.01,24.1
9.656,336.0,107.6,100.0,0.0,0.0,2,5221,-0.097,0.594,76.4,79.4,76.1,76.6,24.06,24.55,24.01,24.1
9.671,336.5,108.0,100.0,0.0,0.0,2,5235,-0.076,0.607,76.4,79.4,76.1,76.6,24.06,24.55,24.01,24.1
9.687,336.9,108.3,100.0,0.0,0.0,2,5249,-0.068,0.602,76.4,79.4,76.1,76.6,24.06,24.55,24.01,24.1
9.703,337.4,108.7,100.0,0.0,0.0,2,5266,-0.044,0.608,76.4,79.4,76.0,76.6,24.06,24.55,24.01,24.1
9.719,337.9,109.0,100.0,0.0,0.0,2,5281,-0.043,0.608,76.4,79.4,76.0,76.6,24.06,24.55,24.01,24.1
9.734,338.4,109.3,100.0,0.0,0.0,2,5296,-0.045,0.586,76.4,79.4,76.0,76.6,24.06,24.55,24.01,24.1
9.75,338.9,109.6,100.0,0.0,0.0,2,5311,-0.028,0.599,76.4,79.4,76.0,76.6,24.06,24.55,24.01,24.1
9.765,339.3,110.0,100.0,0.0,0.0,2,5329,-0.025,0.578,76.4,79.4,76.0,76.6,24.06,24.54,24.01,24.1
9.781,339.8,110.3,100.0,0.0,0.0,2,5344,-0.036,0.61,76.4,79.4,76.0,76.6,24.06,24.54,24.01,24.1
9.796,340.3,110.6,100.0,0.0,0.0,2,5359,-0.02,0.59,76.4,79.4,76.0,76.6,24.06,24.54,24.01,24.1
9.812,340.7,110.9,100.0,0.0,0.0,2,5374,-0.041,0.59,76.4,79.4,76.0,76.6,24.06,24.54,24.01,24.1
9.827,341.2,111.2,100.0,0.0,0.0,2,5387,-0.025,0.58,76.4,79.4,76.0,76.6,24.06,24.54,24.01,24.1
9.842,341.7,111.5,100.0,0.0,0.0,2,5401,-0.038,0.571,76.4,79.4,76.0,76.6,24.06,24.54,24.0,24.1
9.858,342.2,111.8,100.0,0.0,0.0,2,5416,-0.023,0.581,76.4,79.4,76.0,76.6,24.06,24.54,24.0,24.1
9.874,342.7,112.2,100.0,0.0,0.0,2,5434,-0.018,0.577,76.4,79.4,76.0,76.6,24.06,24.54,24.0,24.09
9.89,343.2,112.5,100.0,0.0,0.0,2,5444,-0.031,0.615,76.4,79.4,76.0,76.6,24.06,24.54,24.0,24.09
9.906,343.7,112.8,100.0,0.0,0.0,2,5453,-0.017,0.631,76.4,79.4,76.0,76.6,24.06,24.54,24.0,24.09
9.921,344.2,113.2,100.0,0.0,0.0,2,5461,-0.023,0.636,76.4,79.4,76.0,76.6,24.06,24.54,24.0,24.09
9.937,344.6,113.5,100.0,0.0,0.0,2,5478,-0.005,0.608,76.4,79.3,76.0,76.6,24.06,24.54,24.0,24.09
9.953,345.1,113.9,100.0,0.0,0.0,2,5504,-0.013,0.61,76.4,79.3,76.0,76.6,24.06,24.53,24.0,24.09
9.969,345.7,114.2,100.0,0.0,0.0,2,5530,0.001,0.565,76.4,79.3,76.0,76.6,24.06,24.53,24.0,24.09
9.985,346.2,114.6,100.0,0.0,0.0,2,5559,-0.007,0.577,76.4,79.3,76.0,76.6,24.06,24.53,24.0,24.09
10.0,346.7,114.8,100.0,0.0,0.0,2,5602,0.002,0.561,76.4,79.3,76.0,76.6,24.06,24.53,24.0,24.09
10.016,347.2,115.2,100.0,0.0,0.0,2,5629,-0.026,0.597,76.4,79.3,76.0,76.6,24.06,24.53,24.0,24.09
10.032,347.7,115.5,100.0,0.0,0.0,2,5645,-0.011,0.616,76.4,79.3,76.0,76.6,24.06,24.53,24.0,24.09
10.047,348.2,115.8,100.0,0.0,0.0,2,5657,-0.017,0.618,76.4,79.3,76.0,76.6,24.06,24.53,24.0,24.09
10.062,348.7,116.1,100.0,0.0,0.0,2,5665,-0.029,0.635,76.4,79.3,76.0,76.6,24.06,24.53,24.0,24.09
10.077,349.1,116.5,100.0,0.0,0.0,2,5672,-0.041,0.627,76.4,79.3,76.0,76.5,24.06,24.53,24.0,24.09
10.093,349.7,116.9,100.0,0.0,0.0,2,5682,-0.046,0.622,76.4,79.3,76.0,76.5,24.06,24.53,24.0,24.09
10.109,350.2,117.2,100.0,0.0,0.0,2,5692,-0.054,0.611,76.4,79.3,76.0,76.5,24.06,24.53,24.0,24.09
10.125,350.7,117.5,100.0,0.0,0.0,2,5705,-0.072,0.614,76.4,79.3,76.0,76.5,24.06,24.53,24.0,24.09
10.141,351.2,117.9,100.0,0.0,0.0,2,5724,-0.06,0.611,76.4,79.3,76.0,76.5,24.06,24.53,24.0,24.09
10.156,351.7,118.2,100.0,0.0,0.0,2,5740,-0.086,0.615,76.4,79.3,76.0,76.5,24.06,24.52,24.0,24.08
10.171,352.2,118.5,100.0,0.0,0.0,2,5754,-0.062,0.589,76.4,79.3,76.0,76.5,24.06,24.52,24.0,24.08
10.186,352.7,118.9,100.0,0.0,0.0,2,5774,-0.075,0.58,76.4,79.3,76.0,76.5,24.06,24.52,24.0,24.08
10.201,353.2,119.2,100.0,0.0,0.0,2,5791,-0.083,0.574,76.4,79.3,76.0,76.5,24.06,24.52,24.0,24.08
10.217,353.7,119.5,100.0,0.0,0.0,2,5806,-0.093,0.605,76.4,79.3,76.0,76.5,24.06,24.52,24.0,24.08
10.232,354.2,119.8,100.0,0.0,0.0,2,5820,-0.095,0.605,76.4,79.3,76.0,76.5,24.06,24.52,24.0,24.08
10.247,354.7,120.1,100.0,0.0,0.0,2,5833,-0.092,0.592,76.4,79.3,76.0,76.5,24.06,24.52,24.0,24.08
10.262,355.2,120.4,100.0,0.0,0.0,2,5847,-0.084,0.586,76.4,79.2,76.0,76.5,24.06,24.52,24.0,24.08
10.278,355.8,120.7,100.0,0.0,0.0,2,5859,-0.09,0.601,76.4,79.2,76.0,76.5,24.07,24.52,24.0,24.08
10.294,356.3,121.0,100.0,0.0,0.0,2,5871,-0.109,0.592,76.4,79.2,76.0,76.5,24.07,24.52,24.0,24.08
10.31,356.8,121.4,100.0,0.0,0.0,2,5885,-0.102,0.588,76.4,79.2,76.0,76.5,24.07,24.52,24.0,24.08
10.325,357.3,121.7,100.0,0.0,0.0,2,5897,-0.101,0.621,76.4,79.2,76.0,76.5,24.07,24.52,24.0,24.08
10.34,357.9,122.1,100.0,0.0,0.0,2,5912,-0.108,0.61,76.4,79.2,76.0,76.5,24.07,24.52,24.0,24.08
10.356,358.4,122.4,100.0,0.0,0.0,2,5928,-0.104,0.609,76.4,79.2,76.0,76.5,24.07,24.52,24.0,24.08
10.371,358.9,122.7,100.0,0.0,0.0,2,5946,-0.11,0.592,76.4,79.2,76.0,76.5,24.07,24.51,24.0,24.08
10.387,359.4,123.0,100.0,0.0,0.0,2,5963,-0.107,0.618,76.4,79.2,76.0,76.5,24.07,24.51,23.99,24.08
10.402,360.0,123.4,100.0,0.0,0.0,2,6012,-0.071,0.572,76.4,79.2,76.0,76.5,24.07,24.51,23.99,24.08
10.417,360.5,123.7,100.0,0.0,0.0,2,6041,-0.09,0.613,76.4,79.2,76.0,76.5,24.07,24.51,23.99,24.08
10.433,361.1,124.0,100.0,0.0,0.0,2,6063,-0.085,0.616,76.4,79.2,76.0,76.5,24.07,24.51,23.99,24.08
10.448,361.6,124.3,100.0,0.0,0.0,2,6083,-0.094,0.623,76.4,79.2,76.0,76.5,24.07,24.51,23.99,24.07
10.464,362.1,124.7,100.0,0.0,0.0,2,6100,-0.066,0.618,76.4,79.2,76.0,76.5,24.07,24.51,23.99,24.07
10.479,362.6,124.9,100.0,0.0,0.0,2,6113,-0.084,0.607,76.4,79.2,76.0,76.5,24.07,24.51,23.99,24.07
10.494,363.2,125.3,100.0,0.0,0.0,2,6131,-0.059,0.609,76.4,79.2,76.0,76.5,24.07,24.51,23.99,24.07
10.51,363.7,125.7,100.0,0.0,0.0,2,6146,-0.07,0.62,76.4,79.2,76.0,76.5,24.07,24.51,23.99,24.07
10.526,364.3,126.0,100.0,0.0,0.0,2,6157,-0.067,0.625,76.4,79.2,76.0,76.5,24.07,24.51,23.99,24.07
10.542,364.8,126.3,100.0,0.0,0.0,2,6169,-0.049,0.615,76.4,79.2,76.0,76.4,24.07,24.51,23.99,24.07
10.557,365.4,126.7,100.0,0.0,0.0,2,6181,-0.061,0.595,76.4,79.2,76.0,76.4,24.07,24.51,23.99,24.07
10.574,366.0,127.1,100.0,0.0,0.0,2,6198,-0.063,0.619,76.4,79.2,76.0,76.4,24.07,24.5,23.99,24.07
10.589,366.5,127.4,100.0,0.0,0.0,2,6213,-0.051,0.597,76.4,79.2,75.9,76.4,24.07,24.5,23.99,24.07
10.604,367.0,127.7,100.0,0.0,0.0,2,6228,-0.077,0.605,76.4,79.1,75.9,76.4,24.07,24.5,23.99,24.07
10.62,367.6,128.0,100.0,0.0,0.0,2,6244,-0.066,0.568,76.4,79.1,75.9,76.4,24.07,24.5,23.99,24.07
10.636,368.2,128.3,100.0,0.0,0.0,2,6258,-0.051,0.594,76.4,79.1,75.9,76.4,24.07,24.5,23.99,24.07
10.651,368.7,128.7,100.0,0.0,0.0,2,6273,-0.043,0.626,76.4,79.1,75.9,76.4,24.07,24.5,23.99,24.07
10.666,369.3,129.0,100.0,0.0,0.0,2,6286,-0.034,0.598,76.4,79.1,75.9,76.4,24.07,24.5,23.99,24.07
10.682,369.8,129.3,100.0,0.0,0.0,2,6300,-0.047,0.612,76.4,79.1,75.9,76.4,24.07,24.5,23.99,24.07
10.697,370.4,129.6,100.0,0.0,0.0,2,6315,-0.033,0.584,76.4,79.1,75.9,76.4,24.07,24.5,23.99,24.07
10.713,370.9,129.9,100.0,0.0,0.0,2,6334,-0.035,0.576,76.4,79.1,75.9,76.4,24.07,24.5,23.99,24.07
10.728,371.5,130.2,100.0,0.0,0.0,2,6356,-0.032,0.548,76.4,79.1,75.9,76.4,24.07,24.5,23.99,24.07
10.743,372.0,130.5,100.0,0.0,0.0,2,6377,-0.018,0.565,76.4,79.1,75.9,76.4,24.07,24.5,23.99,24.07
10.759,372.6,130.9,100.0,0.0,0.0,2,6398,-0.022,0.567,76.4,79.1,75.9,76.4,24.07,24.5,23.99,24.07
10.775,373.2,131.2,0.0,0.0,0.0,0,6342,-0.035,0.312,76.4,79.1,75.9,76.4,24.07,24.5,23.99,24.06
10.791,373.8,131.1,0.0,0.0,0.0,0,6271,-0.029,-0.082,76.4,79.1,75.9,76.4,24.07,24.49,23.99,24.06
10.807,374.3,131.1,0.0,0.0,0.0,0,6200,0.003,-0.011,76.4,79.1,75.9,76.4,24.07,24.49,23.99,24.06
10.822,374.9,131.1,0.0,0.0,0.0,0,6117,0.081,-0.145,76.4,79.1,75.9,76.4,24.07,24.49,23.99,24.06
10.838,375.5,131.0,0.0,0.0,0.0,0,6049,0.091,-0.042,76.4,79.1,75.9,76.4,24.07,24.49,23.99,24.06
10.854,376.1,131.1,0.0,0.0,0.0,0,5982,0.238,-0.133,76.4,79.1,75.9,76.4,24.07,24.49,23.99,24.06
10.869,376.6,131.0,0.0,0.0,0.0,3,5315,0.114,-0.05,76.4,79.1,75.9,76.4,24.07,24.49,23.99,24.06
10.886,377.2,131.4,0.0,0.0,0.0,3,4927,0.051,0.702,76.4,79.1,75.9,76.4,24.07,24.49,23.99,24.06
10.901,377.8,131.8,0.0,0.0,0.0,3,4668,0.208,0.143,76.4,79.1,75.9,76.4,24.07,24.49,23.99,24.06
10.917,378.4,131.7,0.0,0.0,0.0,3,4727,0.094,-0.27,76.4,79.1,75.9,76.4,24.07,24.49,23.99,24.06
10.933,379.0,131.5,0.0,0.0,0.0,3,4793,-0.086,-0.05,76.5,79.1,75.9,76.4,24.07,24.49,23.99,24.06
10.949,379.5,131.5,0.0,0.0,0.0,3,4770,0.081,-0.016,76.5,79.1,75.9,76.4,24.07,24.49,23.99,24.06
10.965,380.1,131.5,0.0,0.0,0.0,3,4767,0.148,-0.083,76.5,79.0,75.9,76.4,24.07,24.49,23.99,24.06
10.98,380.7,131.5,0.0,0.0,0.0,3,4764,-0.013,-0.058,76.5,79.0,75.9,76.4,24.07,24.49,23.99,24.06
10.996,381.3,131.4,0.0,0.0,0.0,3,4763,-0.039,-0.041,76.5,79.0,75.9,76.4,24.07,24.49,23.98,24.06
11.012,381.8,131.4,0.0,0.0,0.0,3,4766,0.017,-0.1,76.5,79.0,75.9,76.4,24.07,24.49,23.98,24.06
11.027,382.4,131.3,0.0,0.0,-0.01,3,4768,-0.061,-0.061,76.5,79.0,75.9,76.3,24.07,24.48,23.98,24.06
11.042,382.9,131.3,100.0,0.0,-0.01,3,4906,-0.033,0.047,76.5,79.0,75.9,76.3,24.07,24.48,23.98,24.06
11.058,383.5,131.5,100.0,0.0,-0.02,3,4991,0.089,0.409,76.5,79.0,75.9,76.3,24.07,24.48,23.98,24.05
11.074,384.1,131.8,100.0,0.0,-0.03,3,5011,0.057,0.568,76.5,79.0,75.9,76.3,24.07,24.48,23.98,24.05
11.089,384.7,132.2,100.0,0.0,-0.04,3,4987,0.088,0.63,76.5,79.0,75.9,76.3,24.07,24.48,23.98,24.05
11.105,385.2,132.5,100.0,0.0,-0.04,3,4975,0.131,0.619,76.5,79.0,75.9,76.3,24.07,24.48,23.98,24.05
11.121,385.8,132.8,100.0,0.0,-0.05,3,4978,0.145,0.577,76.5,79.0,75.9,76.3,24.07,24.48,23.98,24.05
11.137,386.4,133.2,100.0,0.0,-0.06,3,4986,0.181,0.582,76.5,79.0,75.9,76.3,24.07,24.48,23.98,24.05
11.153,387.0,133.5,100.0,0.0,-0.07,3,4980,0.191,0.631,76.5,79.0,75.9,76.3,24.07,24.48,23.98,24.05
11.169,387.6,133.8,100.0,0.0,-0.03,3,4986,0.223,0.487,76.5,79.0,75.9,76.3,24.08,24.48,23.98,24.05
11.184,388.2,134.0,100.0,0.0,0.0,3,5004,-0.041,0.523,76.5,79.0,75.9,76.3,24.08,24.48,23.98,24.05
11.2,388.8,134.4,100.0,0.0,0.0,3,5030,0.034,0.569,76.5,79.0,75.9,76.3,24.08,24.48,23.98,24.05
11.215,389.3,134.7,100.0,0.0,0.0,3,5049,0.034,0.513,76.5,79.0,75.9,76.3,24.08,24.48,23.98,24.05
11.231,389.9,135.0,100.0,0.0,0.0,3,5028,0.037,0.609,76.5,79.0,75.9,76.3,24.08,24.47,23.98,24.05
11.246,390.5,135.4,100.0,0.0,0.0,3,4967,-0.018,0.699,76.5,79.0,75.9,76.3,24.08,24.47,23.98,24.05
11.261,391.1,135.6,100.0,0.0,0.0,3,5098,0.117,0.33,76.5,79.0,75.9,76.3,24.08,24.47,23.98,24.05
11.277,391.6,135.8,100.0,0.0,0.0,3,5147,0.179,0.275,76.5,79.0,75.9,76.3,24.08,24.47,23.98,24.05
11.292,392.2,136.1,100.0,0.0,0.0,3,5117,0.199,0.732,76.5,78.9,75.9,76.3,24.08,24.47,23.98,24.05
11.308,392.8,136.5,100.0,0.0,0.0,3,5166,0.167,0.633,76.5,78.9,75.9,76.3,24.08,24.47,23.98,24.05
11.324,393.4,136.7,100.0,0.0,0.0,3,5221,0.109,0.507,76.5,78.9,75.9,76.3,24.08,24.47,23.98,24.05
11.339,394.0,137.0,100.0,0.0,0.0,3,5278,0.131,0.275,76.5,78.9,75.9,76.3,24.08,24.47,23.98,24.05
11.355,394.6,137.1,100.0,0.0,0.0,3,5361,0.145,0.334,76.5,78.9,75.9,76.3,24.08,24.47,23.98,24.05
11.37,395.2,137.4,100.0,0.0,0.0,3,5344,0.138,0.638,76.5,78.9,75.9,76.3,24.08,24.47,23.98,24.05
11.385,395.8,137.8,100.0,0.0,0.0,3,5256,0.239,0.813,76.5,78.9,75.9,76.3,24.08,24.47,23.98,24.05
11.401,396.4,138.3,100.0,0.0,0.0,3,5188,0.262,0.635,76.5,78.9,75.9,76.3,24.08,24.47,23.98,24.05
11.417,397.0,138.6,100.0,0.0,0.0,3,5195,0.297,0.56,76.5,78.9,75.8,76.3,24.08,24.47,23.98,24.05
11.432,397.6,138.9,100.0,0.0,0.0,3,5201,0.301,0.573,76.5,78.9,75.8,76.3,24.08,24.46,23.98,24.05
11.448,398.2,139.2,100.0,0.0,0.0,3,5202,0.325,0.591,76.5,78.9,75.8,76.3,24.08,24.46,23.98,24.04
11.463,398.8,139.5,100.0,0.0,0.0,3,5198,0.346,0.575,76.5,78.9,75.8,76.3,24.08,24.46,23.98,24.04
11.479,399.4,139.9,100.0,0.0,0.0,3,5211,0.312,0.547,76.5,78.9,75.8,76.3,24.08,24.46,23.97,24.04
11.494,400.0,140.2,100.0,0.0,0.0,3,5219,0.286,0.569,76.5,78.9,75.8,76.3,24.08,24.46,23.97,24.04
11.51,400.6,140.5,100.0,0.0,0.0,3,5222,0.273,0.57,76.5,78.9,75.8,76.3,24.08,24.46,23.97,24.04
11.525,401.2,140.8,100.0,0.0,0.0,3,5235,0.207,0.553,76.5,78.9,75.8,76.3,24.08,24.46,23.97,24.04
11.541,401.8,141.0,100.0,0.0,0.0,3,5256,0.162,0.549,76.5,78.9,75.8,76.3,24.08,24.46,23.97,24.04
11.557,402.4,141.4,100.0,0.0,0.0,3,5273,0.136,0.536,76.5,78.9,75.8,76.3,24.08,24.46,23.97,24.04
11.571,403.0,141.6,100.0,0.0,0.0,3,5284,0.102,0.539,76.5,78.9,75.8,76.3,24.08,24.46,23.97,24.04
11.587,403.6,142.0,100.0,0.0,0.0,3,5295,0.076,0.528,76.5,78.9,75.8,76.3,24.08,24.46,23.97,24.04
11.603,404.3,142.2,100.0,0.0,0.0,3,5314,0.074,0.533,76.5,78.9,75.8,76.3,24.08,24.46,23.97,24.04
11.619,404.9,142.5,100.0,0.0,0.0,3,5334,0.046,0.527,76.5,78.9,75.8,76.3,24.08,24.46,23.97,24.04
11.635,405.5,142.9,100.0,0.0,0.0,3,5346,0.07,0.554,76.5,78.8,75.8,76.3,24.08,24.46,23.97,24.04
11.65,406.1,143.2,100.0,0.0,0.0,3,5353,0.035,0.561,76.5,78.8,75.8,76.3,24.08,24.45,23.97,24.04
11.666,406.8,143.4,100.0,0.0,0.0,3,5359,0.04,0.554,76.5,78.8,75.8,76.2,24.08,24.45,23.97,24.04
11.682,407.4,143.7,100.0,0.0,0.0,3,5370,0.038,0.549,76.5,78.8,75.8,76.2,24.08,24.45,23.97,24.04
11.698,408.0,144.1,100.0,0.0,0.0,3,5387,0.026,0.528,76.5,78.8,75.8,76.2,24.08,24.45,23.97,24.04
11.714,408.7,144.4,100.0,0.0,0.0,3,5400,0.02,0.543,76.5,78.8,75.8,76.2,24.08,24.45,23.97,24.04
11.729,409.3,144.6,100.0,0.0,0.0,3,5406,0.013,0.538,76.5,78.8,75.8,76.2,24.08,24.45,23.97,24.04
11.745,409.9,144.9,100.0,0.0,0.0,3,5409,0.019,0.555,76.5,78.8,75.8,76.2,24.08,24.45,23.97,24.04
11.76,410.5,145.2,100.0,0.0,0.0,3,5416,0.0,0.523,76.5,78.8,75.8,76.2,24.08,24.45,23.97,24.04
11.775,411.2,145.5,100.0,0.0,0.0,3,5420,0.006,0.549,76.5,78.8,75.8,76.2,24.08,24.45,23.97,24.04
11.791,411.8,145.9,100.0,0.0,0.0,3,5425,0.024,0.54,76.5,78.8,75.8,76.2,24.08,24.45,23.97,24.04
11.807,412.4,146.2,100.0,0.0,-0.0,3,5436,0.02,0.521,76.5,78.8,75.8,76.2,24.08,24.45,23.97,24.04
11.822,413.1,146.4,100.0,0.0,-0.01,3,5445,0.006,0.545,76.5,78.8,75.8,76.2,24.08,24.45,23.97,24.04
11.838,413.7,146.7,100.0,0.0,-0.01,3,5461,0.037,0.528,76.5,78.8,75.8,76.2,24.08,24.45,23.97,24.04
11.853,414.3,147.0,100.0,0.0,-0.02,3,5475,0.058,0.538,76.5,78.8,75.8,76.2,24.08,24.45,23.97,24.04
11.869,415.0,147.3,100.0,0.0,-0.03,3,5492,0.092,0.533,76.5,78.8,75.8,76.2,24.08,24.44,23.97,24.03
11.884,415.6,147.6,100.0,0.0,-0.03,3,5505,0.136,0.528,76.5,78.8,75.8,76.2,24.08,24.44,23.97,24.03
11.9,416.2,147.9,100.0,0.0,-0.04,3,5522,0.178,0.5,76.5,78.8,75.8,76.2,24.08,24.44,23.97,24.03
11.915,416.9,148.2,100.0,0.0,-0.04,3,5533,0.221,0.488,76.5,78.8,75.8,76.2,24.08,24.44,23.97,24.03
11.931,417.5,148.4,100.0,0.0,-0.05,3,5546,0.262,0.515,76.5,78.8,75.8,76.2,24.08,24.44,23.97,24.03
11.947,418.2,148.8,100.0,0.0,-0.05,3,5550,0.316,0.565,76.5,78.8,75.8,76.2,24.08,24.44,23.97,24.03
11.963,418.9,149.1,100.0,0.0,0.0,3,5555,0.255,0.524,76.5,78.8,75.8,76.2,24.08,24.44,23.97,24.03
11.979,419.5,149.3,100.0,0.0,0.0,3,5559,0.166,0.547,76.5,78.7,75.8,76.2,24.08,24.44,23.97,24.03
11.994,420.1,149.7,100.0,0.0,0.0,3,5568,0.197,0.519,76.5,78.7,75.8,76.2,24.08,24.44,23.97,24.03
12.01,420.8,150.0,100.0,0.0,0.0,3,5581,0.198,0.527,76.5,78.7,75.8,76.2,24.08,24.44,23.97,24.03
12.025,421.4,150.2,100.0,0.0,0.0,3,5598,0.165,0.495,76.5,78.7,75.8,76.2,24.08,24.44,23.97,24.03
12.041,422.1,150.5,100.0,0.0,0.0,3,5620,0.16,0.485,76.5,78.7,75.8,76.2,24.08,24.44,23.97,24.03
12.057,422.7,150.7,100.0,0.0,0.0,3,5642,0.146,0.482,76.5,78.7,75.8,76.2,24.08,24.44,23.97,24.03
12.072,423.4,151.0,100.0,0.0,0.0,3,5655,0.154,0.518,76.5,78.7,75.8,76.2,24.08,24.44,23.97,24.03
12.087,424.0,151.3,100.0,0.0,0.0,3,5658,0.146,0.521,76.5,78.7,75.8,76.2,24.08,24.43,23.97,24.03
12.104,424.7,151.6,100.0,0.0,0.0,3,5656,0.151,0.532,76.5,78.7,75.8,76.2,24.08,24.43,23.97,24.03
12.119,425.4,151.9,100.0,0.0,0.0,3,5652,0.167,0.545,76.5,78.7,75.8,76.2,24.08,24.43,23.97,24.03
12.135,426.1,152.2,100.0,0.0,0.0,3,5656,0.166,0.528,76.5,78.7,75.8,76.2,24.08,24.43,23.97,24.03
12.151,426.7,152.5,100.0,0.0,0.0,3,5672,0.152,0.511,76.5,78.7,75.8,76.2,24.08,24.43,23.97,24.03
12.167,427.4,152.8,100.0,0.0,0.0,3,5682,0.139,0.516,76.5,78.7,75.8,76.2,24.08,24.43,23.97,24.03
12.182,428.1,153.1,100.0,0.0,0.0,3,5697,0.123,0.499,76.5,78.7,75.8,76.2,24.08,24.43,23.97,24.03
12.198,428.7,153.3,100.0,0.0,0.0,3,5711,0.102,0.498,76.5,78.7,75.8,76.2,24.08,24.43,23.97,24.03
12.213,429.4,153.6,100.0,0.0,0.0,3,5722,0.075,0.476,76.5,78.7,75.8,76.2,24.08,24.43,23.97,24.03
12.229,430.0,153.8,100.0,0.0,0.0,3,5733,0.073,0.494,76.5,78.7,75.8,76.2,24.08,24.43,23.97,24.03
12.243,430.7,154.1,100.0,0.0,0.0,3,5745,0.082,0.51,76.5,78.7,75.8,76.2,24.08,24.43,23.97,24.03
12.259,431.3,154.4,100.0,0.0,0.0,3,5754,0.048,0.509,76.5,78.7,75.8,76.2,24.08,24.43,23.97,24.03
12.275,432.0,154.7,100.0,0.0,0.0,3,5759,0.041,0.528,76.5,78.7,75.8,76.2,24.08,24.43,23.97,24.03
12.29,432.7,155.0,100.0,0.0,0.0,3,5764,0.046,0.516,76.5,78.7,75.8,76.2,24.08,24.43,23.96,24.03
12.306,433.3,155.2,100.0,0.0,0.0,3,5771,0.037,0.504,76.5,78.7,75.8,76.2,24.08,24.42,23.96,24.03
12.321,434.0,155.5,100.0,0.0,0.0,3,5778,0.037,0.513,76.5,78.6,75.8,76.2,24.08,24.42,23.96,24.03
12.336,434.7,155.8,100.0,0.0,0.0,3,5793,0.04,0.473,76.5,78.6,75.8,76.2,24.08,24.42,23.96,24.02
12.352,435.3,156.1,100.0,0.0,0.01,3,5808,0.029,0.489,76.5,78.6,75.8,76.2,24.08,24.42,23.96,24.02
12.368,436.0,156.3,100.0,0.0,0.01,3,5822,-0.006,0.51,76.5,78.6,75.8,76.2,24.08,24.42,23.96,24.02
12.383,436.7,156.6,100.0,0.0,0.02,3,5828,-0.048,0.515,76.5,78.6,75.8,76.1,24.08,24.42,23.96,24.02
12.399,437.4,156.9,100.0,0.0,0.02,3,5837,-0.081,0.514,76.5,78.6,75.8,76.1,24.08,24.42,23.96,24.02
12.414,438.0,157.1,100.0,0.0,0.03,3,5845,-0.094,0.49,76.5,78.6,75.8,76.1,24.08,24.42,23.96,24.02
12.429,438.7,157.4,100.0,0.0,0.03,3,5854,-0.134,0.477,76.5,78.6,75.8,76.1,24.08,24.42,23.96,24.02
12.445,439.4,157.7,100.0,0.0,0.04,3,5870,-0.198,0.476,76.5,78.6,75.8,76.1,24.08,24.42,23.96,24.02
12.461,440.1,157.9,100.0,0.0,0.04,3,5883,-0.235,0.504,76.5,78.6,75.8,76.1,24.08,24.42,23.96,24.02
12.476,440.8,158.2,100.0,0.0,0.05,3,5895,-0.274,0.466,76.5,78.6,75.8,76.1,24.08,24.42,23.96,24.02
12.492,441.5,158.4,100.0,0.0,0.02,3,5904,-0.347,0.49,76.5,78.6,75.8,76.1,24.08,24.42,23.96,24.02
12.507,442.1,158.7,100.0,0.0,0.0,3,5912,-0.2,0.473,76.5,78.6,75.8,76.1,24.08,24.41,23.96,24.02
12.523,442.8,159.0,100.0,0.0,0.0,3,5923,-0.17,0.507,76.5,78.6,75.8,76.1,24.08,24.41,23.96,24.02
12.539,443.5,159.3,100.0,0.0,0.0,3,5921,-0.176,0.519,76.5,78.6,75.8,76.1,24.08,24.41,23.96,24.02
12.555,444.2,159.5,100.0,0.0,0.0,3,5923,-0.225,0.494,76.5,78.6,75.8,76.1,24.08,24.41,23.96,24.02
12.57,444.9,159.8,100.0,0.0,0.0,3,5930,-0.245,0.494,76.5,78.6,75.8,76.1,24.08,24.41,23.96,24.02
12.585,445.6,160.1,100.0,0.0,0.0,3,5940,-0.211,0.484,76.5,78.6,75.8,76.1,24.08,24.41,23.96,24.02
12.601,446.3,160.4,100.0,0.0,0.0,3,5956,-0.175,0.479,76.5,78.6,75.8,76.1,24.08,24.41,23.96,24.02
12.617,447.0,160.6,100.0,0.0,0.0,3,5974,-0.179,0.468,76.5,78.6,75.8,76.1,24.08,24.41,23.96,24.02
12.633,447.7,160.9,100.0,0.0,0.0,3,5984,-0.163,0.469,76.5,78.5,75.8,76.1,24.08,24.41,23.96,24.02
12.648,448.4,161.1,100.0,0.0,0.0,3,5997,-0.154,0.455,76.5,78.5,75.8,76.1,24.08,24.41,23.96,24.02
12.663,449.1,161.3,100.0,0.0,0.0,3,6010,-0.153,0.459,76.5,78.5,75.8,76.1,24.08,24.41,23.96,24.02
12.678,449.8,161.6,100.0,0.0,0.0,3,6030,-0.117,0.426,76.5,78.5,75.8,76.1,24.08,24.41,23.96,24.02
12.695,450.5,161.9,100.0,0.0,0.0,3,6029,-0.113,0.501,76.5,78.5,75.8,76.1,24.08,24.41,23.96,24.02
12.71,451.2,162.1,100.0,0.0,0.0,3,6019,-0.111,0.502,76.5,78.5,75.8,76.1,24.08,24.4,23.96,24.02
12.725,451.9,162.4,100.0,0.0,0.0,3,6024,-0.097,0.487,76.5,78.5,75.8,76.1,24.08,24.4,23.96,24.02
12.741,452.6,162.7,100.0,0.0,0.0,3,6031,-0.072,0.488,76.5,78.5,75.8,76.1,24.08,24.4,23.96,24.02
12.756,453.3,162.9,100.0,0.0,0.01,3,6034,-0.052,0.497,76.5,78.5,75.8,76.1,24.08,24.4,23.96,24.02
12.771,454.0,163.2,100.0,0.0,0.01,3,6042,-0.08,0.477,76.5,78.5,75.8,76.1,24.08,24.4,23.96,24.02
12.787,454.6,163.4,100.0,0.0,0.02,3,6054,-0.106,0.461,76.5,78.5,75.8,76.1,24.08,24.4,23.96,24.02
12.802,455.4,163.7,100.0,0.0,0.02,3,6076,-0.131,0.43,76.5,78.5,75.8,76.1,24.08,24.4,23.96,24.01
12.818,456.1,163.9,100.0,0.0,0.03,3,6091,-0.158,0.442,76.5,78.5,75.8,76.1,24.08,24.4,23.96,24.01
12.834,456.8,164.2,100.0,0.0,0.03,3,6110,-0.244,0.439,76.5,78.5,75.8,76.1,24.08,24.4,23.96,24.01
12.849,457.5,164.4,100.0,0.0,0.04,3,6130,-0.265,0.437,76.5,78.5,75.8,76.1,24.08,24.4,23.96,24.01
12.865,458.2,164.7,100.0,0.0,0.04,3,6128,-0.281,0.466,76.5,78.5,75.8,76.1,24.08,24.4,23.96,24.01
12.88,458.9,164.9,100.0,0.0,0.03,3,6128,-0.378,0.468,76.5,78.5,75.8,76.1,24.08,24.4,23.96,24.01
12.896,459.6,165.2,100.0,0.0,0.0,3,6126,-0.243,0.485,76.5,78.5,75.8,76.1,24.08,24.4,23.96,24.01
12.912,460.4,165.4,100.0,0.0,0.0,3,6129,-0.168,0.465,76.5,78.5,75.8,76.1,24.08,24.4,23.96,24.01
12.927,461.1,165.7,100.0,0.0,0.0,3,6141,-0.2,0.432,76.5,78.5,75.8,76.1,24.08,24.39,23.96,24.01
12.943,461.8,165.9,100.0,0.0,0.0,3,6148,-0.24,0.474,76.5,78.5,75.8,76.1,24.09,24.39,23.96,24.01
12.959,462.6,166.2,100.0,0.0,0.0,3,6155,-0.233,0.449,76.5,78.5,75.8,76.1,24.09,24.39,23.96,24.01
12.974,463.3,166.4,100.0,0.0,0.0,3,6175,-0.186,0.418,76.5,78.5,75.8,76.1,24.09,24.39,23.96,24.01
12.99,464.0,166.7,100.0,0.0,0.0,3,6186,-0.169,0.448,76.5,78.4,75.8,76.1,24.09,24.39,23.96,24.01
13.005,464.7,166.9,100.0,0.0,0.0,3,6187,-0.15,0.483,76.5,78.4,75.8,76.1,24.09,24.39,23.96,24.01
13.021,465.4,167.1,100.0,0.0,0.0,3,6194,-0.149,0.421,76.5,78.4,75.8,76.1,24.09,24.39,23.96,24.01
13.037,466.1,167.4,100.0,0.0,0.0,3,6220,-0.151,0.373,76.5,78.4,75.8,76.1,24.09,24.39,23.96,24.01
13.052,466.9,167.6,100.0,0.0,0.0,3,6239,-0.142,0.408,76.5,78.4,75.8,76.1,24.09,24.39,23.96,24.01
13.067,467.6,167.8,100.0,0.0,0.0,3,6243,-0.078,0.461,76.5,78.4,75.8,76.1,24.09,24.39,23.96,24.01
13.083,468.3,168.1,100.0,0.0,0.0,3,6231,-0.089,0.495,76.5,78.4,75.8,76.1,24.09,24.39,23.96,24.01
13.099,469.0,168.4,100.0,0.0,0.0,3,6231,-0.102,0.428,76.5,78.4,75.8,76.1,24.09,24.39,23.96,24.01
13.115,469.8,168.6,100.0,0.0,0.0,3,6257,-0.08,0.411,76.5,78.4,75.8,76.1,24.09,24.38,23.96,24.01
13.13,470.5,168.8,100.0,0.0,0.0,3,6277,-0.039,0.42,76.5,78.4,75.8,76.1,24.09,24.38,23.96,24.01
13.146,471.2,169.1,100.0,0.0,0.0,3,6295,-0.051,0.403,76.5,78.4,75.8,76.1,24.09,24.38,23.96,24.01
13.161,472.0,169.3,100.0,0.0,0.0,3,6312,-0.045,0.422,76.5,78.4,75.8,76.1,24.09,24.38,23.96,24.01
13.177,472.7,169.5,100.0,0.0,0.0,3,6335,-0.041,0.411,76.5,78.4,75.8,76.0,24.09,24.38,23.96,24.01
13.192,473.4,169.8,100.0,0.0,0.0,3,6346,-0.038,0.423,76.5,78.4,75.8,76.0,24.09,24.38,23.96,24.01
13.208,474.2,170.0,100.0,0.0,0.0,3,6349,-0.029,0.429,76.5,78.4,75.8,76.0,24.09,24.38,23.96,24.01
13.225,475.0,170.2,100.0,0.0,0.01,3,6347,-0.074,0.456,76.5,78.4,75.8,76.0,24.09,24.38,23.96,24.01
13.24,475.7,170.5,100.0,0.0,0.01,3,6339,-0.104,0.439,76.5,78.4,75.8,76.0,24.09,24.38,23.96,24.01
13.255,476.4,170.7,100.0,0.0,0.02,3,6336,-0.12,0.444,76.5,78.4,75.8,76.0,24.09,24.38,23.96,24.01
13.271,477.1,171.0,100.0,0.0,0.02,3,6337,-0.145,0.429,76.5,78.4,75.8,76.0,24.09,24.38,23.96,24.01
13.287,477.9,171.2,100.0,0.0,0.03,3,6341,-0.17,0.41,76.5,78.4,75.8,76.0,24.09,24.38,23.96,24.01
13.302,478.6,171.4,100.0,0.0,0.03,3,6346,-0.223,0.442,76.5,78.3,75.8,76.0,24.09,24.38,23.96,24.01
13.317,479.4,171.7,100.0,0.0,0.04,3,6351,-0.241,0.43,76.5,78.3,75.8,76.0,24.09,24.38,23.96,24.01
13.333,480.1,171.9,100.0,0.0,0.04,3,6360,-0.283,0.432,76.5,78.3,75.8,76.0,24.09,24.37,23.96,24.0
13.349,480.9,172.2,100.0,0.0,0.0,3,6366,-0.247,0.447,76.5,78.3,75.8,76.0,24.09,24.37,23.96,24.0
13.364,481.6,172.4,100.0,0.0,0.0,3,6372,-0.144,0.427,76.5,78.3,75.8,76.0,24.09,24.37,23.96,24.0
13.38,482.4,172.6,100.0,0.0,0.0,3,6385,-0.166,0.421,76.5,78.3,75.8,76.0,24.09,24.37,23.96,24.0
13.396,483.1,172.9,100.0,0.0,0.0,3,6401,-0.141,0.407,76.5,78.3,75.8,76.0,24.09,24.37,23.96,24.0
13.412,483.9,173.0,0.0,0.0,0.0,0,6329,-0.149,-0.128,76.5,78.3,75.8,76.0,24.09,24.37,23.96,24.0
13.427,484.6,172.9,0.0,0.0,0.0,0,6257,-0.157,-0.027,76.5,78.3,75.8,76.0,24.09,24.37,23.96,24.0
13.442,485.4,172.9,0.0,0.0,0.0,0,6187,-0.151,-0.061,76.5,78.3,75.8,76.0,24.09,24.37,23.96,24.0
13.458,486.1,172.9,0.0,0.0,0.0,0,6118,-0.175,-0.026,76.5,78.3,75.8,76.0,24.09,24.37,23.96,24.0
13.474,486.9,172.9,0.0,0.0,0.0,0,6037,-0.155,-0.039,76.5,78.3,75.8,76.0,24.09,24.37,23.96,24.0
13.49,487.6,172.8,0.0,0.0,0.0,0,5970,-0.109,-0.068,76.5,78.3,75.7,76.0,24.09,24.37,23.96,24.0
13.505,488.4,172.8,0.0,0.0,0.0,4,5285,-0.151,-0.035,76.5,78.3,75.7,76.0,24.09,24.37,23.96,24.0
13.52,489.1,173.1,0.0,0.0,0.0,4,5033,-0.101,0.392,76.5,78.3,75.7,76.0,24.09,24.36,23.96,24.0
13.535,489.8,173.1,0.0,0.0,0.0,4,5004,-0.12,-0.112,76.5,78.3,75.7,76.0,24.09,24.36,23.96,24.0
13.551,490.6,173.1,0.0,0.0,0.0,4,5009,-0.128,-0.107,76.5,78.3,75.7,76.0,24.09,24.36,23.96,24.0
13.566,491.3,173.0,0.0,0.0,0.0,4,5008,-0.092,-0.117,76.5,78.3,75.7,76.0,24.09,24.36,23.96,24.0
13.582,492.1,172.9,0.0,0.0,0.0,4,5008,-0.086,-0.093,76.5,78.3,75.7,76.0,24.09,24.36,23.96,24.0
13.598,492.8,172.9,0.0,0.0,0.0,4,5005,-0.047,-0.096,76.5,78.3,75.7,76.0,24.09,24.36,23.96,24.0
13.614,493.6,172.8,0.0,0.0,0.0,4,5002,-0.065,-0.1,76.6,78.3,75.7,76.0,24.09,24.36,23.96,24.0
13.63,494.4,172.8,0.0,0.0,0.0,4,5001,-0.05,-0.084,76.6,78.3,75.7,76.0,24.09,24.36,23.96,24.0
13.646,495.1,172.7,0.0,0.0,0.0,4,5000,-0.027,-0.097,76.6,78.2,75.7,76.0,24.09,24.36,23.96,24.0
13.661,495.9,172.7,0.0,0.0,0.0,4,4996,-0.039,-0.099,76.6,78.2,75.7,76.0,24.09,24.36,23.96,24.0
13.677,496.6,172.7,100.0,0.0,0.0,4,5090,-0.058,0.067,76.6,78.2,75.7,76.0,24.09,24.36,23.96,24.0
13.692,497.4,172.8,100.0,0.0,0.0,4,5105,-0.045,0.421,76.6,78.2,75.7,76.0,24.09,24.36,23.96,24.0
13.709,498.1,173.1,100.0,0.0,0.0,4,5111,-0.047,0.404,76.6,78.2,75.7,76.0,24.09,24.36,23.96,24.0
13.725,498.9,173.3,100.0,0.0,0.0,4,5121,-0.047,0.405,76.6,78.2,75.7,76.0,24.09,24.36,23.96,24.0
13.74,499.7,173.5,100.0,0.0,0.0,4,5127,-0.044,0.408,76.6,78.2,75.7,76.0,24.09,24.36,23.96,24.0
13.756,500.4,173.8,100.0,0.0,0.0,4,5130,-0.036,0.409,76.6,78.2,75.7,76.0,24.09,24.35,23.96,24.0
13.772,501.2,174.0,100.0,0.0,0.0,4,5134,-0.023,0.396,76.6,78.2,75.7,76.0,24.09,24.35,23.96,24.0
13.787,501.9,174.2,100.0,0.0,0.0,4,5138,-0.035,0.396,76.6,78.2,75.7,76.0,24.09,24.35,23.96,24.0
13.803,502.7,174.4,100.0,0.0,0.0,4,5139,0.0,0.404,76.6,78.2,75.7,76.0,24.09,24.35,23.96,24.0
13.819,503.5,174.7,100.0,0.0,0.0,4,5142,-0.017,0.405,76.6,78.2,75.7,76.0,24.09,24.35,23.96,24.0
13.834,504.2,174.9,100.0,0.0,0.01,4,5148,-0.035,0.394,76.6,78.2,75.7,76.0,24.09,24.35,23.96,24.0
13.85,505.0,175.1,100.0,0.0,0.01,4,5157,-0.031,0.388,76.6,78.2,75.7,76.0,24.09,24.35,23.96,24.0
13.866,505.8,175.3,100.0,0.0,0.02,4,5160,-0.067,0.412,76.6,78.2,75.7,76.0,24.09,24.35,23.96,24.0
13.881,506.5,175.6,100.0,0.0,0.02,4,5161,-0.079,0.423,76.6,78.2,75.7,76.0,24.09,24.35,23.96,24.0
13.897,507.3,175.8,100.0,0.0,0.02,4,5167,-0.112,0.403,76.6,78.2,75.7,76.0,24.09,24.35,23.96,24.0
13.912,508.0,176.0,100.0,0.0,0.03,4,5179,-0.115,0.398,76.6,78.2,75.7,76.0,24.09,24.35,23.96,24.0
13.928,508.8,176.2,100.0,0.0,0.03,4,5192,-0.16,0.372,76.6,78.2,75.7,76.0,24.09,24.35,23.96,23.99
13.944,509.6,176.4,100.0,0.0,0.04,4,5201,-0.194,0.395,76.6,78.2,75.7,76.0,24.09,24.35,23.96,23.99
13.959,510.3,176.6,100.0,0.0,0.04,4,5212,-0.254,0.371,76.6,78.2,75.7,76.0,24.09,24.35,23.96,23.99
13.975,511.1,176.9,100.0,0.0,0.05,4,5224,-0.326,0.394,76.6,78.2,75.7,76.0,24.09,24.35,23.96,23.99
13.99,511.9,177.1,100.0,0.0,0.05,4,5232,-0.368,0.387,76.6,78.2,75.7,76.0,24.09,24.34,23.96,23.99
14.006,512.6,177.3,100.0,0.0,0.06,4,5239,-0.422,0.381,76.6,78.1,75.7,76.0,24.09,24.34,23.96,23.99
14.022,513.4,177.5,100.0,0.0,0.06,4,5239,-0.466,0.405,76.6,78.1,75.7,76.0,24.09,24.34,23.96,23.99
14.037,514.1,177.7,100.0,0.0,0.06,4,5247,-0.526,0.388,76.6,78.1,75.7,76.0,24.09,24.34,23.96,23.99
14.052,514.9,177.9,100.0,0.0,0.07,4,5249,-0.59,0.409,76.6,78.1,75.7,76.0,24.09,24.34,23.96,23.99
14.068,515.7,178.2,100.0,0.0,0.01,4,5256,-0.527,0.378,76.6,78.1,75.7,75.9,24.09,24.34,23.96,23.99
14.084,516.5,178.4,100.0,0.0,0.0,4,5261,-0.382,0.405,76.6,78.1,75.7,75.9,24.09,24.34,23.96,23.99
14.1,517.3,178.6,100.0,0.0,0.0,4,5266,-0.418,0.404,76.6,78.1,75.7,75.9,24.09,24.34,23.96,23.99
14.115,518.0,178.8,100.0,0.0,0.0,4,5274,-0.418,0.37,76.6,78.1,75.7,75.9,24.09,24.34,23.96,23.99
14.131,518.8,179.0,100.0,0.0,0.0,4,5286,-0.406,0.374,76.6,78.1,75.7,75.9,24.09,24.34,23.96,23.99
14.147,519.6,179.2,100.0,0.0,0.0,4,5301,-0.426,0.381,76.6,78.1,75.7,75.9,24.09,24.34,23.96,23.99
14.162,520.4,179.4,100.0,0.0,0.0,4,5313,-0.438,0.38,76.6,78.1,75.7,75.9,24.09,24.33,23.96,23.99
14.178,521.1,179.6,100.0,0.0,0.0,4,5318,-0.402,0.393,76.6,78.1,75.7,75.9,24.09,24.33,23.96,23.99
14.194,522.0,179.9,100.0,0.0,0.0,4,5317,-0.414,0.403,76.6,78.1,75.7,75.9,24.09,24.33,23.96,23.99
14.21,522.7,180.1,100.0,0.0,0.0,4,5310,-0.457,0.425,76.6,78.1,75.7,75.9,24.09,24.33,23.96,23.99
14.226,523.6,180.3,100.0,0.0,0.0,4,5311,-0.393,0.386,76.6,78.1,75.7,75.9,24.09,24.33,23.96,23.99
14.241,524.3,180.5,100.0,0.0,0.0,4,5316,-0.398,0.387,76.6,78.1,75.7,75.9,24.09,24.33,23.96,23.99
14.257,525.1,180.8,100.0,0.0,0.0,4,5321,-0.355,0.361,76.6,78.1,75.7,75.9,24.09,24.33,23.96,23.99
14.273,525.9,181.0,100.0,0.0,0.0,4,5329,-0.351,0.402,76.6,78.1,75.7,75.9,24.09,24.33,23.96,23.99
14.289,526.7,181.2,100.0,0.0,0.0,4,5326,-0.298,0.405,76.6,78.1,75.7,75.9,24.09,24.33,23.96,23.99
14.304,527.5,181.4,100.0,0.0,0.0,4,5330,-0.281,0.404,76.6,78.1,75.7,75.9,24.09,24.33,23.96,23.99
14.32,528.3,181.6,100.0,0.0,0.0,4,5337,-0.257,0.416,76.6,78.0,75.7,75.9,24.09,24.33,23.96,23.99
14.335,529.1,181.8,100.0,0.0,0.0,4,5343,-0.213,0.4,76.6,78.0,75.7,75.9,24.09,24.33,23.96,23.99
14.351,529.8,182.0,100.0,0.0,0.0,4,5350,-0.168,0.376,76.6,78.0,75.7,75.9,24.09,24.33,23.96,23.99
14.366,530.6,182.2,100.0,0.0,0.0,4,5361,-0.132,0.375,76.6,78.0,75.7,75.9,24.09,24.33,23.96,23.99
14.381,531.4,182.4,100.0,0.0,0.0,4,5372,-0.121,0.359,76.6,78.0,75.7,75.9,24.09,24.32,23.96,23.99
14.397,532.2,182.6,100.0,0.0,0.01,4,5377,-0.134,0.408,76.6,78.0,75.7,75.9,24.09,24.32,23.96,23.99
14.413,533.0,182.9,100.0,0.0,0.01,4,5386,-0.104,0.372,76.6,78.0,75.7,75.9,24.09,24.32,23.96,23.99
14.428,533.8,183.1,100.0,0.0,0.02,4,5396,-0.132,0.358,76.6,78.0,75.7,75.9,24.09,24.32,23.96,23.99
14.443,534.6,183.3,100.0,0.0,0.02,4,5402,-0.112,0.38,76.6,78.0,75.7,75.9,24.09,24.32,23.96,23.99
14.459,535.3,183.5,100.0,0.0,0.02,4,5408,-0.156,0.373,76.6,78.0,75.7,75.9,24.09,24.32,23.96,23.99
14.474,536.1,183.7,100.0,0.0,0.03,4,5413,-0.175,0.384,76.6,78.0,75.7,75.9,24.09,24.32,23.96,23.99
14.49,536.9,183.9,100.0,0.0,0.03,4,5421,-0.21,0.355,76.6,78.0,75.7,75.9,24.09,24.32,23.96,23.99
14.505,537.7,184.1,100.0,0.0,0.04,4,5422,-0.237,0.384,76.6,78.0,75.7,75.9,24.09,24.32,23.96,23.99
14.52,538.5,184.3,100.0,0.0,0.04,4,5424,-0.307,0.363,76.6,78.0,75.7,75.9,24.09,24.32,23.96,23.98
14.536,539.3,184.5,100.0,0.0,0.04,4,5431,-0.378,0.364,76.6,78.0,75.7,75.9,24.09,24.32,23.96,23.98
14.552,540.1,184.7,100.0,0.0,0.05,4,5435,-0.392,0.388,76.6,78.0,75.8,75.9,24.09,24.32,23.96,23.98
14.567,540.9,184.9,100.0,0.0,0.05,4,5437,-0.474,0.378,76.6,78.0,75.8,75.9,24.09,24.32,23.96,23.98
14.583,541.7,185.1,100.0,0.0,0.05,4,5439,-0.521,0.376,76.6,78.0,75.8,75.9,24.09,24.32,23.96,23.98
14.598,542.5,185.3,100.0,0.0,0.06,4,5449,-0.571,0.359,76.6,78.0,75.8,75.9,24.09,24.32,23.96,23.98
14.613,543.3,185.5,100.0,0.0,0.06,4,5462,-0.588,0.349,76.6,78.0,75.8,75.9,24.09,24.31,23.96,23.98
14.629,544.1,185.7,100.0,0.0,0.07,4,5469,-0.668,0.376,76.6,78.0,75.8,75.9,24.09,24.31,23.96,23.98
14.645,544.9,185.9,100.0,0.0,0.03,4,5474,-0.676,0.35,76.6,78.0,75.8,75.9,24.09,24.31,23.96,23.98
14.66,545.7,186.1,100.0,0.0,0.0,4,5484,-0.508,0.355,76.6,78.0,75.8,75.9,24.09,24.31,23.96,23.98
14.675,546.5,186.3,100.0,0.0,0.0,4,5489,-0.45,0.363,76.6,77.9,75.8,75.9,24.09,24.31,23.96,23.98
14.691,547.3,186.4,100.0,0.0,0.0,4,5494,-0.462,0.375,76.6,77.9,75.8,75.9,24.09,24.31,23.96,23.98
14.706,548.1,186.6,100.0,0.0,0.0,4,5500,-0.498,0.342,76.6,77.9,75.8,75.9,24.09,24.31,23.96,23.98
14.722,548.9,186.9,100.0,0.0,0.0,4,5512,-0.488,0.335,76.6,77.9,75.8,75.9,24.09,24.31,23.96,23.98
14.737,549.7,187.0,100.0,0.0,0.0,4,5523,-0.449,0.357,76.6,77.9,75.8,75.9,24.09,24.31,23.96,23.98
14.753,550.5,187.2,100.0,0.0,0.0,4,5520,-0.485,0.385,76.6,77.9,75.8,75.9,24.09,24.31,23.96,23.98
14.768,551.3,187.4,100.0,0.0,0.0,4,5522,-0.46,0.354,76.6,77.9,75.8,75.9,24.09,24.31,23.96,23.98
14.783,552.1,187.6,100.0,0.0,0.0,4,5530,-0.456,0.35,76.6,77.9,75.8,75.9,24.09,24.31,23.96,23.98
14.799,552.9,187.8,100.0,0.0,0.0,4,5533,-0.414,0.366,76.6,77.9,75.8,75.9,24.09,24.31,23.96,23.98
14.814,553.7,188.0,100.0,0.0,0.0,4,5534,-0.43,0.384,76.6,77.9,75.8,75.9,24.09,24.3,23.96,23.98
14.83,554.5,188.2,100.0,0.0,0.01,4,5537,-0.39,0.363,76.6,77.9,75.8,75.9,24.09,24.3,23.96,23.98
14.845,555.3,188.4,100.0,0.0,0.01,4,5543,-0.353,0.34,76.6,77.9,75.8,75.9,24.09,24.3,23.96,23.98
14.86,556.1,188.6,100.0,0.0,0.01,4,5552,-0.361,0.369,76.6,77.9,75.8,75.9,24.09,24.3,23.96,23.98
14.877,556.9,188.8,100.0,0.0,0.02,4,5561,-0.336,0.338,76.6,77.9,75.8,75.9,24.09,24.3,23.96,23.98
14.892,557.8,189.0,100.0,0.0,0.02,4,5567,-0.363,0.382,76.6,77.9,75.8,75.9,24.1,24.3,23.96,23.98
14.908,558.6,189.2,100.0,0.0,0.02,4,5575,-0.36,0.348,76.6,77.9,75.8,75.9,24.1,24.3,23.96,23.98
14.923,559.4,189.4,100.0,0.0,0.03,4,5582,-0.363,0.337,76.6,77.9,75.8,75.9,24.1,24.3,23.96,23.98
14.938,560.2,189.5,100.0,0.0,0.03,4,5584,-0.353,0.357,76.6,77.9,75.8,75.9,24.1,24.3,23.96,23.98
14.953,561.0,189.8,100.0,0.0,0.03,4,5584,-0.399,0.373,76.6,77.9,75.8,75.9,24.1,24.3,23.96,23.98
14.969,561.8,190.0,100.0,0.0,0.04,4,5584,-0.444,0.375,76.6,77.9,75.8,75.9,24.1,24.3,23.96,23.98
14.984,562.6,190.2,100.0,0.0,0.04,4,5588,-0.445,0.343,76.6,77.9,75.8,75.9,24.1,24.3,23.96,23.98
15.0,563.5,190.3,100.0,0.0,0.03,4,5594,-0.459,0.348,76.6,77.8,75.8,75.9,24.1,24.3,23.96,23.98
15.015,564.3,190.5,100.0,0.0,0.0,4,5600,-0.378,0.357,76.6,77.8,75.8,75.9,24.1,24.29,23.96,23.98
15.031,565.1,190.7,100.0,0.0,0.0,4,5609,-0.298,0.366,76.6,77.8,75.8,75.9,24.1,24.29,23.96,23.98
15.046,565.9,190.9,100.0,0.0,0.0,4,5616,-0.318,0.352,76.6,77.8,75.8,75.9,24.1,24.29,23.96,23.98
15.061,566.7,191.1,100.0,0.0,0.0,4,5633,-0.271,0.311,76.6,77.8,75.8,75.9,24.1,24.29,23.96,23.98
15.077,567.6,191.3,100.0,0.0,0.0,4,5643,-0.261,0.342,76.6,77.8,75.8,75.9,24.1,24.29,23.96,23.98
15.093,568.4,191.5,100.0,0.0,0.0,4,5643,-0.261,0.356,76.6,77.8,75.8,75.9,24.1,24.29,23.96,23.98
15.109,569.2,191.7,100.0,0.0,0.0,4,5634,-0.275,0.377,76.6,77.8,75.8,75.9,24.1,24.29,23.96,23.98
15.124,570.0,191.9,100.0,0.0,0.0,4,5641,-0.256,0.334,76.6,77.8,75.8,75.9,24.1,24.29,23.96,23.98
15.138,570.8,192.0,100.0,0.0,0.0,4,5648,-0.258,0.339,76.6,77.8,75.8,75.9,24.1,24.29,23.96,23.98
15.154,571.6,192.2,100.0,0.0,0.01,4,5656,-0.237,0.351,76.6,77.8,75.8,75.9,24.1,24.29,23.96,23.98
15.17,572.5,192.4,100.0,0.0,0.01,4,5664,-0.229,0.332,76.6,77.8,75.8,75.9,24.1,24.29,23.96,23.98
15.185,573.3,192.6,100.0,0.0,0.02,4,5669,-0.238,0.365,76.6,77.8,75.8,75.9,24.1,24.29,23.96,23.98
15.201,574.1,192.8,100.0,0.0,0.02,4,5676,-0.249,0.346,76.6,77.8,75.8,75.9,24.1,24.29,23.96,23.98
15.217,575.0,193.0,100.0,0.0,0.02,4,5683,-0.261,0.339,76.6,77.8,75.8,75.8,24.1,24.28,23.96,23.98
15.232,575.8,193.2,100.0,0.0,0.03,4,5687,-0.29,0.328,76.6,77.8,75.8,75.8,24.1,24.28,23.96,23.98
15.247,576.6,193.4,100.0,0.0,0.03,4,5692,-0.297,0.335,76.6,77.8,75.8,75.8,24.1,24.28,23.96,23.98
15.264,577.5,193.6,100.0,0.0,0.03,4,5691,-0.335,0.361,76.6,77.8,75.8,75.8,24.1,24.28,23.97,23.98
15.279,578.4,193.7,100.0,0.0,0.04,4,5698,-0.358,0.341,76.6,77.8,75.8,75.8,24.1,24.28,23.97,23.98
15.294,579.2,193.9,100.0,0.0,0.04,4,5707,-0.412,0.323,76.6,77.8,75.8,75.8,24.1,24.28,23.97,23.97
15.31,580.0,194.1,100.0,0.0,0.04,4,5716,-0.478,0.332,76.6,77.7,75.8,75.8,24.1,24.28,23.97,23.97
15.325,580.8,194.3,100.0,0.0,0.05,4,5719,-0.496,0.33,76.6,77.7,75.8,75.8,24.1,24.28,23.97,23.97
15.341,581.7,194.5,100.0,0.0,0.05,4,5718,-0.547,0.343,76.6,77.7,75.8,75.8,24.1,24.28,23.97,23.97
15.357,582.6,194.6,100.0,0.0,0.05,4,5718,-0.569,0.333,76.6,77.7,75.8,75.8,24.1,24.28,23.97,23.97
15.373,583.4,194.9,100.0,0.0,0.06,4,5724,-0.611,0.312,76.6,77.7,75.8,75.8,24.1,24.28,23.97,23.97
15.389,584.3,195.0,100.0,0.0,0.02,4,5733,-0.639,0.317,76.6,77.7,75.8,75.8,24.1,24.28,23.97,23.97
15.404,585.1,195.2,100.0,0.0,0.0,4,5741,-0.463,0.323,76.6,77.7,75.8,75.8,24.1,24.28,23.97,23.97
15.42,586.0,195.4,100.0,0.0,0.0,4,5750,-0.433,0.306,76.6,77.7,75.8,75.8,24.1,24.27,23.97,23.97
15.435,586.8,195.5,100.0,0.0,0.0,4,5751,-0.471,0.329,76.6,77.7,75.8,75.8,24.1,24.27,23.97,23.97
15.451,587.6,195.7,100.0,0.0,0.0,4,5756,-0.515,0.333,76.6,77.7,75.8,75.8,24.1,24.27,23.97,23.97
15.467,588.5,195.9,100.0,0.0,0.0,4,5760,-0.506,0.327,76.6,77.7,75.8,75.8,24.1,24.27,23.97,23.97
15.482,589.4,196.1,100.0,0.0,0.0,4,5763,-0.473,0.332,76.6,77.7,75.8,75.8,24.1,24.27,23.97,23.97
15.498,590.2,196.3,100.0,0.0,0.0,4,5770,-0.499,0.327,76.6,77.7,75.8,75.8,24.1,24.27,23.97,23.97
15.513,591.1,196.4,100.0,0.0,0.0,4,5773,-0.47,0.301,76.6,77.7,75.8,75.8,24.1,24.27,23.97,23.97
15.529,591.9,196.6,100.0,0.0,0.0,4,5787,-0.448,0.289,76.6,77.7,75.8,75.8,24.1,24.27,23.97,23.97
15.545,592.8,196.8,100.0,0.0,0.0,4,5786,-0.412,0.364,76.6,77.7,75.8,75.8,24.1,24.27,23.97,23.97
15.56,593.6,197.0,100.0,0.0,0.01,4,5785,-0.38,0.344,76.6,77.7,75.8,75.8,24.1,24.27,23.97,23.97
15.576,594.5,197.2,100.0,0.0,0.01,4,5776,-0.338,0.376,76.6,77.7,75.8,75.8,24.1,24.27,23.97,23.97
15.591,595.3,197.3,100.0,0.0,0.01,4,5786,-0.288,0.321,76.6,77.7,75.8,75.8,24.1,24.27,23.97,23.97
15.607,596.2,197.5,100.0,0.0,0.02,4,5802,-0.254,0.309,76.6,77.7,75.8,75.8,24.1,24.27,23.97,23.97
15.622,597.0,197.7,100.0,0.0,0.02,4,5819,-0.22,0.282,76.6,77.7,75.8,75.8,24.1,24.26,23.97,23.97
15.637,597.9,197.8,100.0,0.0,0.02,4,5836,-0.242,0.316,76.6,77.6,75.8,75.8,24.1,24.26,23.97,23.97
15.653,598.7,198.0,100.0,0.0,0.03,4,5839,-0.259,0.319,76.6,77.6,75.8,75.8,24.1,24.26,23.97,23.97
15.669,599.6,198.2,100.0,0.0,0.03,4,5848,-0.287,0.289,76.6,77.6,75.8,75.8,24.1,24.26,23.97,23.97
15.684,600.4,198.4,100.0,0.0,0.03,4,5852,-0.319,0.317,76.6,77.6,75.8,75.8,24.1,24.26,23.97,23.97
15.699,601.3,198.5,100.0,0.0,0.04,4,5863,-0.347,0.288,76.6,77.6,75.8,75.8,24.1,24.26,23.97,23.97
15.715,602.1,198.7,100.0,0.0,0.04,4,5858,-0.409,0.329,76.6,77.6,75.8,75.8,24.1,24.26,23.97,23.97
15.731,603.0,198.9,100.0,0.0,0.04,4,5854,-0.479,0.314,76.6,77.6,75.8,75.8,24.1,24.26,23.97,23.97
15.747,603.9,199.1,100.0,0.0,0.05,4,5850,-0.534,0.324,76.6,77.6,75.8,75.8,24.1,24.26,23.97,23.97
15.763,604.8,199.2,100.0,0.0,0.05,4,5856,-0.55,0.296,76.6,77.6,75.8,75.8,24.1,24.26,23.97,23.97
15.779,605.7,199.4,100.0,0.0,0.05,4,5860,-0.639,0.319,76.6,77.6,75.8,75.8,24.1,24.26,23.97,23.97
15.795,606.5,199.6,100.0,0.0,0.06,4,5861,-0.685,0.304,76.6,77.6,75.8,75.8,24.1,24.26,23.97,23.97
15.81,607.4,199.7,100.0,0.0,0.06,4,5867,-0.756,0.322,76.6,77.6,75.8,75.8,24.1,24.25,23.97,23.97
15.826,608.2,199.9,100.0,0.0,0.06,4,5873,-0.771,0.297,76.6,77.6,75.8,75.8,24.1,24.25,23.97,23.97
15.841,609.1,200.1,100.0,0.0,0.07,4,5877,-0.805,0.304,76.6,77.6,75.8,75.8,24.1,24.25,23.97,23.97
15.856,609.9,200.3,100.0,0.0,0.07,4,5880,-0.808,0.298,76.6,77.6,75.8,75.8,24.1,24.25,23.97,23.97
15.872,610.8,200.4,100.0,0.0,0.07,4,5891,-0.841,0.279,76.6,77.6,75.8,75.8,24.1,24.25,23.97,23.97
15.887,611.7,200.6,100.0,0.0,0.08,4,5903,-0.865,0.292,76.6,77.6,75.8,75.8,24.1,24.25,23.97,23.97
15.903,612.5,200.7,100.0,0.0,0.08,4,5914,-0.876,0.258,76.6,77.6,75.8,75.8,24.1,24.25,23.97,23.97
15.918,613.4,200.9,100.0,0.0,0.08,4,5919,-0.956,0.29,76.6,77.5,75.8,75.8,24.1,24.25,23.97,23.97
15.933,614.3,201.0,100.0,0.0,0.08,4,5923,-1.047,0.305,76.6,77.5,75.8,75.8,24.1,24.25,23.97,23.97
15.949,615.1,201.2,100.0,0.0,0.09,4,5931,-1.081,0.267,76.6,77.5,75.8,75.8,24.1,24.25,23.97,23.97
15.965,616.0,201.3,100.0,0.0,0.09,4,5937,-1.103,0.28,76.6,77.5,75.8,75.8,24.1,24.25,23.97,23.97
15.98,616.9,201.5,100.0,0.0,0.04,4,5940,-1.131,0.302,76.6,77.5,75.8,75.8,24.1,24.24,23.97,23.97
15.995,617.7,201.6,100.0,0.0,0.0,4,5939,-1.027,0.324,76.6,77.5,75.8,75.8,24.1,24.24,23.97,23.97
16.011,618.6,201.8,100.0,0.0,0.0,4,5946,-0.938,0.299,76.6,77.5,75.8,75.8,24.1,24.24,23.97,23.97
16.027,619.5,201.9,100.0,0.0,0.0,4,5952,-0.944,0.294,76.6,77.5,75.8,75.8,24.1,24.24,23.97,23.97
16.042,620.4,202.1,100.0,0.0,0.0,4,5956,-0.922,0.314,76.7,77.5,75.8,75.8,24.1,24.24,23.98,23.97
16.058,621.2,202.2,100.0,0.0,0.0,4,5953,-0.967,0.334,76.7,77.5,75.8,75.8,24.1,24.24,23.98,23.97
16.073,622.1,202.4,100.0,0.0,0.0,4,5956,-0.938,0.297,76.7,77.5,75.8,75.8,24.1,24.24,23.98,23.97
16.089,623.0,202.5,100.0,0.0,0.0,4,5967,-0.877,0.283,76.7,77.5,75.8,75.8,24.1,24.24,23.98,23.97
16.105,623.9,202.7,100.0,0.0,0.0,4,5974,-0.812,0.32,76.7,77.5,75.9,75.8,24.1,24.24,23.98,23.96
16.121,624.8,202.9,100.0,0.0,0.0,4,5975,-0.784,0.306,76.7,77.5,75.9,75.8,24.1,24.24,23.98,23.96
16.136,625.6,203.0,100.0,0.0,0.0,4,5979,-0.771,0.31,76.7,77.5,75.9,75.8,24.1,24.23,23.98,23.96
16.152,626.5,203.2,100.0,0.0,0.0,4,5986,-0.716,0.27,76.7,77.5,75.9,75.8,24.1,24.23,23.98,23.96
16.168,627.4,203.4,100.0,0.0,0.0,4,5987,-0.702,0.309,76.7,77.5,75.9,75.8,24.11,24.23,23.98,23.96
16.182,628.3,203.5,100.0,0.0,0.0,4,5986,-0.694,0.334,76.7,77.4,75.9,75.8,24.11,24.23,23.98,23.96
16.198,629.1,203.7,100.0,0.0,0.0,4,5985,-0.673,0.318,76.7,77.4,75.9,75.8,24.11,24.23,23.98,23.96
16.213,630.0,203.8,100.0,0.0,0.0,4,5988,-0.59,0.303,76.7,77.4,75.9,75.8,24.11,24.23,23.98,23.96
16.229,630.9,204.0,100.0,0.0,0.0,4,5989,-0.559,0.312,76.7,77.4,75.9,75.8,24.11,24.23,23.98,23.96
16.244,631.7,204.2,100.0,0.0,0.0,4,5992,-0.498,0.315,76.7,77.4,75.9,75.8,24.11,24.23,23.98,23.96
16.26,632.7,204.3,100.0,0.0,0.0,4,5998,-0.451,0.306,76.7,77.4,75.9,75.8,24.11,24.23,23.98,23.96
16.275,633.5,204.5,100.0,0.0,0.01,4,6005,-0.379,0.307,76.7,77.4,75.9,75.8,24.11,24.23,23.98,23.96
16.291,634.4,204.7,100.0,0.0,0.01,4,6010,-0.34,0.306,76.7,77.4,75.9,75.8,24.11,24.23,23.98,23.96
16.307,635.3,204.8,100.0,0.0,0.01,4,6013,-0.315,0.309,76.7,77.4,75.9,75.8,24.11,24.23,23.98,23.96
16.322,636.2,205.0,100.0,0.0,0.01,4,6022,-0.306,0.302,76.7,77.4,75.9,75.8,24.11,24.22,23.98,23.96
16.338,637.1,205.1,100.0,0.0,0.02,4,6028,-0.273,0.302,76.7,77.4,75.9,75.8,24.11,24.22,23.98,23.96
16.354,638.0,205.3,100.0,0.0,0.02,4,6035,-0.252,0.289,76.7,77.4,75.9,75.8,24.11,24.22,23.98,23.96
16.37,638.9,205.5,100.0,0.0,0.02,4,6036,-0.262,0.292,76.7,77.4,75.9,75.8,24.11,24.22,23.98,23.96
16.386,639.8,205.6,100.0,0.0,0.03,4,6044,-0.27,0.294,76.7,77.4,75.9,75.8,24.11,24.22,23.98,23.96
16.401,640.7,205.8,100.0,0.0,0.03,4,6047,-0.293,0.307,76.7,77.4,75.9,75.8,24.11,24.22,23.98,23.96
16.417,641.6,206.0,100.0,0.0,0.03,4,6055,-0.324,0.289,76.7,77.4,75.9,75.8,24.11,24.22,23.98,23.96
16.433,642.5,206.1,100.0,0.0,0.04,4,6060,-0.336,0.294,76.7,77.4,75.9,75.8,24.11,24.22,23.98,23.96
16.448,643.4,206.3,100.0,0.0,0.04,4,6063,-0.402,0.304,76.7,77.4,75.9,75.8,24.11,24.22,23.98,23.96
16.463,644.3,206.4,100.0,0.0,0.04,4,6067,-0.405,0.301,76.7,77.4,75.9,75.8,24.11,24.22,23.98,23.96
16.479,645.1,206.6,100.0,0.0,0.0,4,6072,-0.451,0.298,76.7,77.4,75.9,75.8,24.11,24.22,23.98,23.96
16.494,646.0,206.8,100.0,0.0,0.0,4,6075,-0.297,0.299,76.7,77.4,75.9,75.8,24.11,24.22,23.98,23.96
16.509,646.9,206.9,100.0,0.0,0.0,4,6083,-0.273,0.272,76.7,77.3,75.9,75.8,24.11,24.22,23.98,23.96
16.524,647.8,207.1,100.0,0.0,0.0,4,6082,-0.314,0.31,76.7,77.3,75.9,75.8,24.11,24.21,23.98,23.96
16.54,648.7,207.3,100.0,0.0,0.0,4,6085,-0.313,0.282,76.7,77.3,75.9,75.8,24.11,24.21,23.98,23.96
16.555,649.5,207.4,100.0,0.0,0.0,4,6090,-0.303,0.275,76.7,77.3,75.9,75.8,24.11,24.21,23.98,23.96
16.571,650.4,207.6,100.0,0.0,0.0,4,6096,-0.317,0.282,76.7,77.3,75.9,75.8,24.11,24.21,23.98,23.96
16.587,651.3,207.7,100.0,0.0,0.0,4,6105,-0.28,0.286,76.7,77.3,75.9,75.8,24.11,24.21,23.98,23.96
16.601,652.2,207.9,100.0,0.0,0.0,4,6106,-0.288,0.301,76.7,77.3,75.9,75.7,24.11,24.21,23.98,23.96
16.617,653.1,208.0,100.0,0.0,0.0,4,6108,-0.261,0.276,76.7,77.3,75.9,75.7,24.11,24.21,23.98,23.96
16.633,654.0,208.2,100.0,0.0,0.0,4,6120,-0.241,0.269,76.7,77.3,75.9,75.7,24.11,24.21,23.98,23.96
16.649,654.9,208.3,100.0,0.0,0.0,4,6126,-0.24,0.271,76.7,77.3,75.9,75.7,24.11,24.21,23.98,23.96
16.665,655.9,208.5,100.0,0.0,0.01,4,6126,-0.248,0.298,76.7,77.3,75.9,75.7,24.11,24.21,23.98,23.96
16.68,656.8,208.7,100.0,0.0,0.01,4,6133,-0.247,0.276,76.7,77.3,75.9,75.7,24.11,24.21,23.98,23.96
16.695,657.6,208.8,100.0,0.0,0.01,4,6137,-0.213,0.268,76.7,77.3,75.9,75.7,24.11,24.21,23.98,23.96
16.711,658.6,209.0,100.0,0.0,0.01,4,6141,-0.226,0.306,76.7,77.3,75.9,75.7,24.11,24.21,23.98,23.96
16.726,659.4,209.1,100.0,0.0,0.02,4,6141,-0.254,0.302,76.7,77.3,75.9,75.7,24.11,24.2,23.98,23.96
16.742,660.4,209.3,100.0,0.0,0.02,4,6144,-0.257,0.285,76.7,77.3,75.9,75.7,24.11,24.2,23.98,23.96
16.757,661.2,209.5,100.0,0.0,0.02,4,6149,-0.245,0.299,76.7,77.3,75.9,75.7,24.11,24.2,23.98,23.96
16.772,662.1,209.6,100.0,0.0,0.03,4,6155,-0.29,0.284,76.7,77.3,75.9,75.7,24.11,24.2,23.98,23.96
16.788,663.0,209.8,100.0,0.0,0.03,4,6153,-0.291,0.313,76.7,77.3,75.9,75.7,24.11,24.2,23.98,23.96
16.804,663.9,209.9,100.0,0.0,0.03,4,6160,-0.333,0.269,76.7,77.3,75.9,75.7,24.11,24.2,23.98,23.96
16.819,664.9,210.1,100.0,0.0,0.03,4,6167,-0.373,0.269,76.7,77.3,75.9,75.7,24.11,24.2,23.98,23.96
16.835,665.7,210.2,100.0,0.0,0.04,4,6174,-0.386,0.285,76.7,77.2,75.9,75.7,24.11,24.2,23.99,23.96
16.85,666.7,210.4,100.0,0.0,0.04,4,6174,-0.411,0.294,76.7,77.2,75.9,75.7,24.11,24.2,23.99,23.96
16.866,667.6,210.5,100.0,0.0,0.0,4,6180,-0.419,0.277,76.7,77.2,75.9,75.7,24.11,24.2,23.99,23.96
16.882,668.5,210.7,100.0,0.0,0.0,4,6189,-0.299,0.278,76.7,77.2,75.9,75.7,24.11,24.2,23.99,23.96
16.898,669.4,210.9,100.0,0.0,0.0,4,6196,-0.3,0.279,76.7,77.2,75.9,75.7,24.11,24.2,23.99,23.96
16.913,670.4,211.0,100.0,0.0,0.0,4,6202,-0.31,0.27,76.7,77.2,75.9,75.7,24.11,24.2,23.99,23.96
16.928,671.2,211.1,100.0,0.0,0.0,4,6200,-0.332,0.288,76.7,77.2,75.9,75.7,24.11,24.19,23.99,23.96
16.944,672.1,211.3,100.0,0.0,0.0,4,6210,-0.329,0.265,76.7,77.2,75.9,75.7,24.11,24.19,23.99,23.96
16.959,673.1,211.4,100.0,0.0,0.0,4,6215,-0.325,0.301,76.7,77.2,75.9,75.7,24.11,24.19,23.99,23.96
16.975,674.0,211.6,100.0,0.0,0.0,4,6215,-0.311,0.285,76.7,77.2,75.9,75.7,24.11,24.19,23.99,23.96
16.991,674.9,211.8,100.0,0.0,0.0,4,6221,-0.298,0.269,76.7,77.2,75.9,75.7,24.11,24.19,23.99,23.96
17.006,675.8,211.9,100.0,0.0,0.0,4,6228,-0.287,0.275,76.7,77.2,75.9,75.7,24.11,24.19,23.99,23.96
17.022,676.7,212.1,100.0,0.0,0.0,4,6227,-0.275,0.293,76.7,77.2,75.9,75.7,24.11,24.19,23.99,23.96
17.037,677.6,212.2,100.0,0.0,0.0,4,6227,-0.255,0.294,76.7,77.2,75.9,75.7,24.11,24.19,23.99,23.96
17.053,678.6,212.4,100.0,0.0,0.0,4,6228,-0.233,0.306,76.7,77.2,75.9,75.7,24.11,24.19,23.99,23.96
17.069,679.5,212.5,100.0,0.0,0.0,4,6234,-0.214,0.278,76.7,77.2,75.9,75.7,24.11,24.19,23.99,23.96
17.084,680.4,212.7,100.0,0.0,0.0,4,6238,-0.192,0.273,76.7,77.2,75.9,75.7,24.11,24.19,23.99,23.96
17.099,681.3,212.8,100.0,0.0,0.0,4,6242,-0.169,0.288,76.7,77.2,75.9,75.7,24.11,24.19,23.99,23.96
17.115,682.2,213.0,100.0,0.0,0.01,4,6248,-0.162,0.273,76.7,77.2,75.9,75.7,24.11,24.19,23.99,23.96
17.13,683.1,213.1,100.0,0.0,0.01,4,6254,-0.166,0.252,76.7,77.2,75.9,75.7,24.11,24.18,23.99,23.96
17.146,684.0,213.3,100.0,0.0,0.01,4,6260,-0.177,0.258,76.7,77.2,75.9,75.7,24.11,24.18,23.99,23.96
17.161,685.0,213.4,100.0,0.0,0.01,4,6266,-0.143,0.267,76.7,77.1,75.9,75.7,24.11,24.18,23.99,23.96
17.176,685.9,213.6,100.0,0.0,0.02,4,6270,-0.167,0.26,76.7,77.1,75.9,75.7,24.11,24.18,23.99,23.96
17.192,686.8,213.7,100.0,0.0,0.02,4,6270,-0.188,0.266,76.7,77.1,75.9,75.7,24.11,24.18,23.99,23.96
17.207,687.7,213.9,100.0,0.0,0.02,4,6274,-0.184,0.261,76.7,77.1,75.9,75.7,24.11,24.18,23.99,23.96
17.223,688.6,214.0,100.0,0.0,0.02,4,6276,-0.217,0.279,76.7,77.1,75.9,75.7,24.11,24.18,23.99,23.96
17.238,689.5,214.2,100.0,0.0,0.03,4,6281,-0.256,0.271,76.7,77.1,75.9,75.7,24.11,24.18,23.99,23.96
17.254,690.5,214.3,100.0,0.0,0.02,4,6286,-0.298,0.258,76.7,77.1,75.9,75.7,24.11,24.18,23.99,23.96
17.269,691.4,214.5,100.0,0.0,0.0,4,6295,-0.198,0.253,76.7,77.1,75.9,75.7,24.11,24.18,23.99,23.96
17.284,692.3,214.6,100.0,0.0,0.0,4,6300,-0.174,0.255,76.7,77.1,75.9,75.7,24.11,24.18,23.99,23.96
17.3,693.2,214.8,100.0,0.0,0.0,4,6302,-0.211,0.288,76.7,77.1,75.9,75.7,24.11,24.18,23.99,23.96
17.315,694.1,214.9,100.0,0.0,0.0,4,6305,-0.203,0.264,76.7,77.1,75.9,75.7,24.11,24.18,23.99,23.96
17.331,695.1,215.0,100.0,0.0,0.0,4,6310,-0.22,0.276,76.7,77.1,75.9,75.7,24.11,24.18,23.99,23.96
17.346,696.0,215.2,100.0,0.0,0.0,4,6317,-0.199,0.268,76.7,77.1,75.9,75.7,24.11,24.17,23.99,23.96
17.362,696.9,215.3,100.0,0.0,0.0,4,6324,-0.217,0.258,76.7,77.1,75.9,75.7,24.11,24.17,23.99,23.96
17.378,697.9,215.5,100.0,0.0,0.0,4,6328,-0.18,0.258,76.7,77.1,75.9,75.7,24.11,24.17,23.99,23.96
17.393,698.8,215.6,100.0,0.0,0.0,4,6332,-0.186,0.264,76.7,77.1,75.9,75.7,24.11,24.17,23.99,23.95
17.409,699.7,215.8,100.0,0.0,0.0,4,6334,-0.187,0.291,76.7,77.1,75.9,75.7,24.11,24.17,23.99,23.95
17.424,700.7,215.9,100.0,0.0,0.0,4,6342,-0.151,0.247,76.7,77.1,75.9,75.7,24.11,24.17,23.99,23.95
17.44,701.6,216.1,100.0,0.0,0.0,4,6337,-0.134,0.297,76.7,77.1,75.9,75.7,24.11,24.17,23.99,23.95
17.455,702.5,216.2,100.0,0.0,0.0,4,6343,-0.124,0.26,76.7,77.1,75.9,75.7,24.11,24.17,23.99,23.95
17.471,703.5,216.4,100.0,0.0,0.0,4,6351,-0.124,0.256,76.7,77.1,76.0,75.7,24.11,24.17,23.99,23.95
17.487,704.4,216.5,100.0,0.0,0.01,4,6357,-0.136,0.262,76.7,77.1,76.0,75.7,24.11,24.17,23.99,23.95
17.503,705.4,216.7,100.0,0.0,0.01,4,6356,-0.128,0.274,76.7,77.0,76.0,75.7,24.11,24.17,23.99,23.95
17.519,706.3,216.8,100.0,0.0,0.01,4,6355,-0.16,0.276,76.7,77.0,76.0,75.7,24.11,24.17,23.99,23.95
17.535,707.3,217.0,100.0,0.0,0.01,4,6360,-0.161,0.26,76.7,77.0,76.0,75.7,24.11,24.17,23.99,23.95
17.55,708.3,217.1,100.0,0.0,0.02,4,6368,-0.176,0.252,76.7,77.0,76.0,75.7,24.11,24.17,23.99,23.95
17.566,709.2,217.3,100.0,0.0,0.02,4,6370,-0.202,0.268,76.7,77.0,76.0,75.7,24.11,24.16,23.99,23.95
17.582,710.1,217.4,100.0,0.0,0.02,4,6372,-0.23,0.283,76.7,77.0,76.0,75.7,24.11,24.16,23.99,23.95
17.597,711.1,217.5,100.0,0.0,0.03,4,6376,-0.26,0.263,76.7,77.0,76.0,75.7,24.11,24.16,23.99,23.95
17.612,712.0,217.7,100.0,0.0,0.03,4,6378,-0.273,0.258,76.7,77.0,76.0,75.7,24.11,24.16,23.99,23.95
17.628,713.0,217.8,100.0,0.0,0.0,4,6385,-0.298,0.23,76.7,77.0,76.0,75.7,24.11,24.16,23.99,23.95
17.644,713.9,217.9,100.0,0.0,0.0,4,6392,-0.195,0.262,76.7,77.0,76.0,75.7,24.11,24.16,23.99,23.95
17.659,714.8,218.1,100.0,0.0,0.0,4,6397,-0.205,0.266,76.7,77.0,76.0,75.7,24.11,24.16,23.99,23.95
17.675,715.8,218.2,100.0,0.0,0.0,4,6397,-0.216,0.289,76.7,77.0,76.0,75.7,24.11,24.16,23.99,23.95
17.691,716.7,218.4,0.0,0.0,0.0,0,6386,-0.199,0.238,76.7,77.0,76.0,75.7,24.11,24.16,24.0,23.95
17.706,717.7,218.4,0.0,0.0,0.0,0,6313,-0.188,-0.179,76.7,77.0,76.0,75.7,24.1,24.16,24.0,23.95
17.721,718.6,218.3,0.0,0.0,0.0,0,6242,-0.182,-0.116,76.7,77.0,76.0,75.7,24.1,24.16,24.0,23.95
17.737,719.5,218.2,0.0,0.0,0.0,0,6172,-0.182,-0.111,76.7,77.0,76.0,75.7,24.1,24.16,24.0,23.95
17.752,720.5,218.2,0.0,0.0,0.0,0,6090,-0.167,-0.108,76.7,77.0,76.0,75.7,24.1,24.16,24.0,23.95
17.768,721.4,218.1,0.0,0.0,0.0,0,6022,-0.158,-0.1,76.7,77.0,76.0,75.7,24.1,24.16,24.0,23.95
17.784,722.4,218.0,0.0,0.0,0.0,0,5956,-0.13,-0.134,76.7,77.0,76.0,75.7,24.1,24.15,24.0,23.95
17.799,723.3,218.0,0.0,0.0,0.0,5,5333,-0.133,0.489,76.7,77.0,76.0,75.7,24.1,24.15,24.0,23.95
17.815,724.3,218.1,0.0,0.0,0.0,5,5235,-0.088,-0.091,76.7,77.0,76.0,75.7,24.1,24.15,24.0,23.95
17.83,725.2,218.0,0.0,0.0,0.0,5,5238,-0.113,-0.157,76.7,77.0,76.0,75.7,24.1,24.15,24.0,23.95
17.845,726.1,217.9,0.0,0.0,0.0,5,5235,-0.095,-0.161,76.7,76.9,76.0,75.7,24.1,24.15,24.0,23.95
17.861,727.1,217.9,0.0,0.0,0.0,5,5233,-0.102,-0.149,76.7,76.9,76.0,75.7,24.1,24.15,24.0,23.95
17.878,728.1,217.8,0.0,0.0,0.0,5,5231,-0.093,-0.161,76.7,76.9,76.0,75.7,24.1,24.15,24.0,23.95
17.894,729.0,217.7,0.0,0.0,0.0,5,5229,-0.077,-0.16,76.7,76.9,76.0,75.7,24.1,24.15,24.0,23.95
17.909,729.9,217.6,0.0,0.0,0.0,5,5227,-0.067,-0.15,76.7,76.9,76.0,75.7,24.1,24.15,24.0,23.95
17.924,730.9,217.5,0.0,0.0,0.0,5,5226,-0.077,-0.165,76.7,76.9,76.0,75.7,24.1,24.15,24.0,23.95
17.939,731.8,217.4,0.0,0.0,0.0,5,5225,-0.039,-0.173,76.7,76.9,76.0,75.7,24.1,24.15,24.0,23.95
17.955,732.7,217.3,0.0,0.0,0.0,5,5223,-0.043,-0.173,76.7,76.9,76.0,75.7,24.1,24.15,24.0,23.95
17.971,733.7,217.3,100.0,0.0,0.0,5,5298,-0.032,0.187,76.7,76.9,76.0,75.7,24.1,24.15,24.0,23.95
17.986,734.6,217.4,100.0,0.0,0.0,5,5296,-0.038,0.278,76.7,76.9,76.0,75.7,24.1,24.15,24.0,23.95
18.002,735.6,217.6,100.0,0.0,0.0,5,5299,-0.039,0.257,76.7,76.9,76.0,75.7,24.1,24.15,24.0,23.95
18.017,736.5,217.7,100.0,0.0,0.0,5,5302,-0.035,0.267,76.7,76.9,76.0,75.7,24.1,24.15,24.0,23.95
18.033,737.5,217.9,100.0,0.0,0.0,5,5304,-0.029,0.26,76.7,76.9,76.0,75.7,24.1,24.14,24.0,23.95
18.049,738.4,218.0,100.0,0.0,0.0,5,5307,-0.027,0.252,76.7,76.9,76.0,75.7,24.1,24.14,24.0,23.95
18.065,739.4,218.2,100.0,0.0,0.0,5,5314,-0.033,0.262,76.6,76.9,76.0,75.7,24.1,24.14,24.0,23.95
18.08,740.3,218.3,100.0,0.0,0.0,5,5320,-0.02,0.25,76.6,76.9,76.0,75.7,24.1,24.14,24.0,23.95
18.096,741.3,218.4,100.0,0.0,0.0,5,5324,-0.004,0.251,76.6,76.9,76.0,75.7,24.1,24.14,24.0,23.95
18.111,742.2,218.6,100.0,0.0,0.0,5,5329,0.001,0.256,76.6,76.9,76.0,75.7,24.1,24.14,24.0,23.95
18.127,743.2,218.7,100.0,0.0,0.0,5,5332,0.011,0.272,76.6,76.9,76.0,75.7,24.1,24.14,24.0,23.95
18.143,744.2,218.8,100.0,0.0,0.0,5,5333,0.025,0.243,76.6,76.9,76.0,75.7,24.1,24.14,24.0,23.95
18.159,745.1,219.0,100.0,0.0,0.0,5,5337,0.01,0.253,76.6,76.9,76.0,75.7,24.1,24.14,24.0,23.95
18.175,746.1,219.1,100.0,0.0,0.0,5,5343,-0.004,0.251,76.6,76.9,76.0,75.7,24.1,24.14,24.0,23.95
18.19,747.0,219.3,100.0,0.0,0.0,5,5344,-0.004,0.257,76.6,76.9,76.0,75.7,24.1,24.14,24.0,23.95
18.206,747.9,219.4,100.0,0.0,0.0,5,5350,-0.012,0.243,76.6,76.9,76.0,75.7,24.1,24.14,24.0,23.95
18.221,748.9,219.5,100.0,0.0,0.0,5,5349,0.002,0.26,76.6,76.8,76.0,75.7,24.1,24.14,24.0,23.95
18.236,749.8,219.7,100.0,0.0,0.0,5,5354,-0.022,0.251,76.6,76.8,76.0,75.7,24.1,24.13,24.0,23.95
18.252,750.8,219.8,100.0,0.0,0.0,5,5356,-0.027,0.273,76.6,76.8,76.0,75.7,24.1,24.13,24.0,23.95
18.268,751.7,220.0,100.0,0.0,0.0,5,5356,0.01,0.257,76.6,76.8,76.0,75.7,24.1,24.13,24.0,23.95
18.284,752.7,220.1,100.0,0.0,0.0,5,5360,0.021,0.268,76.6,76.8,76.0,75.7,24.1,24.13,24.0,23.95
18.3,753.7,220.2,100.0,0.0,0.0,5,5365,0.007,0.235,76.6,76.8,76.0,75.7,24.1,24.13,24.0,23.95
18.315,754.6,220.4,100.0,0.0,0.0,5,5366,0.044,0.264,76.6,76.8,76.0,75.7,24.1,24.13,24.0,23.95
18.33,755.6,220.5,100.0,0.0,0.0,5,5367,0.02,0.261,76.6,76.8,76.0,75.7,24.1,24.13,24.0,23.95
18.345,756.5,220.6,100.0,0.0,0.0,5,5371,0.041,0.229,76.6,76.8,76.0,75.7,24.1,24.13,24.0,23.95
18.36,757.4,220.8,100.0,0.0,0.0,5,5375,0.023,0.229,76.6,76.8,76.0,75.7,24.1,24.13,24.0,23.95
18.376,758.4,220.9,100.0,0.0,0.0,5,5375,0.012,0.258,76.6,76.8,76.0,75.7,24.1,24.13,24.0,23.95
18.392,759.4,221.1,100.0,0.0,0.0,5,5378,0.016,0.252,76.6,76.8,76.0,75.7,24.1,24.13,24.0,23.95
18.408,760.3,221.2,100.0,0.0,0.0,5,5384,0.018,0.243,76.6,76.8,76.0,75.7,24.1,24.13,24.0,23.95
18.423,761.3,221.3,100.0,0.0,0.0,5,5388,0.005,0.256,76.6,76.8,76.0,75.7,24.1,24.13,24.0,23.95
18.439,762.3,221.5,100.0,0.0,-0.0,5,5395,0.022,0.228,76.6,76.8,76.0,75.7,24.1,24.13,24.0,23.95
18.454,763.2,221.6,100.0,0.0,-0.0,5,5398,0.019,0.254,76.6,76.8,76.0,75.7,24.1,24.13,24.0,23.95
18.47,764.2,221.7,100.0,0.0,-0.01,5,5401,0.033,0.255,76.6,76.8,76.0,75.7,24.1,24.13,24.0,23.95
18.487,765.2,221.9,100.0,0.0,-0.01,5,5405,0.042,0.272,76.6,76.8,76.0,75.7,24.1,24.12,24.0,23.95
18.502,766.1,222.0,100.0,0.0,-0.01,5,5410,0.082,0.227,76.6,76.8,76.0,75.7,24.1,24.12,24.0,23.95
18.517,767.1,222.2,100.0,0.0,-0.02,5,5412,0.117,0.226,76.6,76.8,76.0,75.7,24.1,24.12,24.0,23.95
18.533,768.1,222.3,100.0,0.0,-0.02,5,5414,0.134,0.26,76.6,76.8,76.0,75.7,24.1,24.12,24.0,23.95
18.549,769.0,222.4,100.0,0.0,-0.02,5,5416,0.165,0.233,76.6,76.8,76.0,75.7,24.1,24.12,24.0,23.95
18.565,770.0,222.5,100.0,0.0,-0.02,5,5419,0.207,0.241,76.6,76.8,76.0,75.7,24.1,24.12,24.0,23.95
18.58,770.9,222.7,100.0,0.0,-0.03,5,5422,0.241,0.237,76.6,76.8,76.0,75.7,24.1,24.12,24.0,23.95
18.595,771.9,222.8,100.0,0.0,-0.03,5,5422,0.282,0.245,76.6,76.8,76.0,75.7,24.1,24.12,24.0,23.95
18.611,772.9,222.9,100.0,0.0,-0.01,5,5425,0.346,0.231,76.6,76.7,76.0,75.7,24.1,24.12,24.0,23.95
18.626,773.8,223.1,100.0,0.0,0.0,5,5430,0.227,0.232,76.6,76.7,76.0,75.7,24.1,24.12,24.0,23.95
18.642,774.8,223.2,100.0,0.0,0.0,5,5437,0.21,0.228,76.6,76.7,76.0,75.7,24.1,24.12,24.0,23.95
18.658,775.8,223.3,100.0,0.0,0.0,5,5439,0.249,0.236,76.6,76.7,76.0,75.7,24.1,24.12,24.0,23.95
18.673,776.7,223.5,100.0,0.0,0.0,5,5440,0.229,0.252,76.6,76.7,76.0,75.7,24.1,24.12,24.0,23.95
18.688,777.7,223.6,100.0,0.0,0.0,5,5442,0.238,0.228,76.6,76.7,76.0,75.7,24.1,24.12,24.0,23.95
18.705,778.7,223.7,100.0,0.0,0.0,5,5444,0.232,0.237,76.6,76.7,76.0,75.7,24.1,24.12,24.0,23.95
18.72,779.6,223.9,100.0,0.0,0.0,5,5450,0.195,0.232,76.6,76.7,76.0,75.7,24.1,24.12,24.0,23.95
18.736,780.6,224.0,100.0,0.0,0.0,5,5456,0.184,0.255,76.6,76.7,76.0,75.7,24.1,24.11,24.0,23.95
18.752,781.6,224.1,100.0,0.0,0.0,5,5463,0.169,0.219,76.6,76.7,76.0,75.7,24.1,24.11,24.0,23.95
18.768,782.6,224.3,100.0,0.0,0.0,5,5465,0.19,0.233,76.6,76.7,76.0,75.7,24.1,24.11,24.0,23.95
18.783,783.6,224.4,100.0,0.0,0.0,5,5466,0.174,0.249,76.6,76.7,76.0,75.7,24.1,24.11,24.0,23.95
18.799,784.5,224.5,100.0,0.0,0.0,5,5467,0.177,0.215,76.6,76.7,76.0,75.7,24.1,24.11,24.0,23.95
18.814,785.5,224.7,100.0,0.0,0.0,5,5470,0.156,0.237,76.6,76.7,76.0,75.7,24.1,24.11,24.0,23.95
18.829,786.4,224.8,100.0,0.0,0.0,5,5472,0.134,0.228,76.6,76.7,76.0,75.7,24.1,24.11,24.0,23.95
18.844,787.4,224.9,100.0,0.0,0.0,5,5472,0.124,0.232,76.6,76.7,76.0,75.7,24.09,24.11,24.0,23.95
18.86,788.4,225.0,100.0,0.0,0.0,5,5475,0.071,0.249,76.6,76.7,76.0,75.7,24.09,24.11,24.0,23.95
18.876,789.3,225.2,100.0,0.0,0.0,5,5481,0.077,0.239,76.6,76.7,76.0,75.7,24.09,24.11,24.0,23.95
18.891,790.3,225.3,100.0,0.0,0.0,5,5484,0.085,0.24,76.6,76.7,76.0,75.7,24.09,24.11,24.0,23.95
18.907,791.3,225.4,100.0,0.0,0.0,5,5489,0.067,0.229,76.6,76.7,76.0,75.7,24.09,24.11,24.0,23.95
18.922,792.3,225.5,100.0,0.0,0.0,5,5494,0.052,0.217,76.6,76.7,76.0,75.7,24.09,24.11,24.0,23.95
18.938,793.2,225.7,100.0,0.0,0.0,5,5497,0.059,0.226,76.6,76.7,76.0,75.7,24.09,24.11,24.0,23.95
18.954,794.2,225.8,100.0,0.0,0.0,5,5500,0.036,0.239,76.6,76.7,76.0,75.7,24.09,24.11,24.0,23.95
18.969,795.2,225.9,100.0,0.0,0.0,5,5502,0.018,0.228,76.6,76.7,76.0,75.7,24.09,24.11,24.0,23.95
18.985,796.2,226.1,100.0,0.0,0.0,5,5509,0.027,0.245,76.6,76.7,76.0,75.7,24.09,24.1,24.0,23.95
19.001,797.2,226.2,100.0,0.0,0.0,5,5509,0.013,0.232,76.6,76.6,76.0,75.7,24.09,24.1,24.0,23.95
19.016,798.1,226.3,100.0,0.0,0.0,5,5511,-0.008,0.226,76.6,76.6,76.0,75.7,24.09,24.1,24.0,23.95
19.031,799.1,226.4,100.0,0.0,-0.0,5,5511,0.003,0.239,76.6,76.6,76.0,75.7,24.09,24.1,24.0,23.95
19.047,800.1,226.6,100.0,0.0,-0.0,5,5509,0.016,0.238,76.6,76.6,76.0,75.7,24.09,24.1,24.0,23.95
19.064,801.1,226.7,100.0,0.0,-0.01,5,5514,0.06,0.217,76.6,76.6,76.0,75.7,24.09,24.1,24.0,23.95
19.079,802.1,226.8,100.0,0.0,-0.01,5,5515,0.074,0.242,76.6,76.6,76.0,75.7,24.09,24.1,24.0,23.95
19.094,803.1,226.9,100.0,0.0,-0.01,5,5519,0.096,0.213,76.6,76.6,76.0,75.7,24.09,24.1,24.0,23.95
19.11,804.1,227.1,100.0,0.0,-0.01,5,5519,0.118,0.233,76.6,76.6,76.0,75.7,24.09,24.1,24.0,23.96
19.125,805.0,227.2,100.0,0.0,-0.02,5,5528,0.126,0.217,76.6,76.6,76.0,75.7,24.09,24.1,24.0,23.96
19.141,806.0,227.3,100.0,0.0,-0.02,5,5530,0.156,0.22,76.6,76.6,76.0,75.7,24.09,24.1,24.0,23.96
19.156,807.0,227.4,100.0,0.0,-0.02,5,5536,0.186,0.233,76.6,76.6,76.0,75.7,24.09,24.1,24.0,23.96
19.171,807.9,227.6,100.0,0.0,-0.03,5,5538,0.231,0.226,76.6,76.6,76.0,75.7,24.09,24.1,24.0,23.96
19.187,808.9,227.7,100.0,0.0,-0.03,5,5543,0.272,0.22,76.6,76.6,76.0,75.7,24.09,24.1,24.0,23.96
19.202,809.9,227.8,100.0,0.0,-0.03,5,5548,0.298,0.218,76.6,76.6,76.0,75.7,24.09,24.1,24.0,23.96
19.217,810.9,227.9,100.0,0.0,-0.03,5,5550,0.329,0.229,76.6,76.6,76.0,75.7,24.09,24.1,24.0,23.96
19.233,811.9,228.0,100.0,0.0,-0.01,5,5551,0.376,0.223,76.6,76.6,76.0,75.7,24.09,24.1,24.0,23.96
19.249,812.9,228.2,100.0,0.0,0.0,5,5557,0.25,0.221,76.6,76.6,76.0,75.7,24.09,24.09,24.0,23.96
19.265,813.9,228.3,100.0,0.0,0.0,5,5563,0.27,0.203,76.6,76.6,76.0,75.7,24.09,24.09,24.0,23.96
19.28,814.8,228.4,100.0,0.0,0.0,5,5566,0.296,0.215,76.6,76.6,76.0,75.7,24.09,24.09,24.0,23.96
19.296,815.9,228.5,100.0,0.0,0.0,5,5566,0.302,0.225,76.6,76.6,76.0,75.7,24.09,24.09,24.0,23.96
19.312,816.8,228.7,100.0,0.0,0.0,5,5564,0.311,0.234,76.6,76.6,76.0,75.7,24.09,24.09,24.0,23.96
19.327,817.8,228.8,100.0,0.0,0.0,5,5566,0.305,0.226,76.6,76.6,76.0,75.7,24.09,24.09,24.0,23.96
19.343,818.8,228.9,100.0,0.0,0.0,5,5569,0.294,0.215,76.6,76.6,76.0,75.7,24.09,24.09,24.0,23.96
19.358,819.8,229.0,100.0,0.0,0.0,5,5574,0.268,0.219,76.6,76.6,76.0,75.7,24.09,24.09,24.0,23.96
19.374,820.8,229.1,100.0,0.0,0.0,5,5576,0.239,0.242,76.6,76.6,76.0,75.7,24.09,24.09,24.0,23.96
19.389,821.7,229.2,100.0,0.0,0.0,5,5578,0.232,0.236,76.5,76.6,76.0,75.7,24.09,24.09,24.0,23.96
19.404,822.7,229.4,100.0,0.0,0.0,5,5579,0.231,0.214,76.5,76.6,76.0,75.7,24.09,24.09,24.0,23.96
19.42,823.7,229.5,100.0,0.0,0.0,5,5587,0.192,0.203,76.5,76.6,76.0,75.7,24.09,24.09,24.0,23.96
19.435,824.7,229.6,100.0,0.0,0.0,5,5590,0.174,0.229,76.5,76.5,76.0,75.7,24.09,24.09,24.0,23.96
19.451,825.7,229.7,100.0,0.0,0.0,5,5592,0.153,0.218,76.5,76.5,76.0,75.7,24.09,24.09,24.0,23.96
19.466,826.7,229.8,100.0,0.0,0.0,5,5597,0.147,0.207,76.5,76.5,76.0,75.7,24.09,24.09,24.0,23.96
19.482,827.7,229.9,100.0,0.0,0.0,5,5598,0.131,0.205,76.5,76.5,76.0,75.7,24.09,24.09,24.0,23.96
19.498,828.7,230.1,100.0,0.0,0.0,5,5599,0.113,0.22,76.5,76.5,76.0,75.7,24.09,24.09,24.0,23.96
19.514,829.7,230.2,100.0,0.0,0.0,5,5601,0.083,0.225,76.5,76.5,76.0,75.7,24.09,24.08,24.0,23.96
19.529,830.7,230.3,100.0,0.0,0.0,5,5602,0.093,0.215,76.5,76.5,76.0,75.7,24.09,24.08,24.0,23.96
19.545,831.7,230.4,100.0,0.0,0.0,5,5604,0.066,0.201,76.5,76.5,76.0,75.7,24.09,24.08,24.0,23.96
19.561,832.7,230.5,100.0,0.0,0.0,5,5607,0.055,0.216,76.5,76.5,76.0,75.7,24.09,24.08,24.0,23.96
19.576,833.7,230.7,100.0,0.0,0.0,5,5613,0.06,0.198,76.5,76.5,76.0,75.7,24.09,24.08,24.01,23.96
19.591,834.7,230.8,100.0,0.0,0.0,5,5616,0.063,0.204,76.5,76.5,76.0,75.7,24.09,24.08,24.01,23.96
19.606,835.6,230.9,100.0,0.0,0.0,5,5615,0.051,0.219,76.5,76.5,76.0,75.7,24.09,24.08,24.01,23.96
19.622,836.6,231.0,100.0,0.0,0.0,5,5619,0.038,0.203,76.5,76.5,76.0,75.7,24.09,24.08,24.01,23.96
19.637,837.6,231.1,100.0,0.0,0.0,5,5620,0.037,0.225,76.5,76.5,76.0,75.7,24.09,24.08,24.01,23.96
19.653,838.6,231.2,100.0,0.0,0.0,5,5621,0.025,0.21,76.5,76.5,76.0,75.7,24.08,24.08,24.01,23.96
19.669,839.6,231.3,100.0,0.0,0.0,5,5625,0.015,0.201,76.5,76.5,76.0,75.7,24.08,24.08,24.01,23.96
19.683,840.6,231.5,100.0,0.0,0.0,5,5631,0.009,0.203,76.5,76.5,76.0,75.7,24.08,24.08,24.01,23.96
19.699,841.6,231.6,100.0,0.0,0.0,5,5639,0.001,0.2,76.5,76.5,76.0,75.7,24.08,24.08,24.01,23.96
19.715,842.6,231.7,100.0,0.0,0.0,5,5643,0.01,0.231,76.5,76.5,76.0,75.7,24.08,24.08,24.01,23.96
19.73,843.6,231.8,100.0,0.0,0.0,5,5645,0.007,0.22,76.5,76.5,76.0,75.7,24.08,24.08,24.01,23.96
19.745,844.6,231.9,100.0,0.0,-0.0,5,5645,0.014,0.211,76.5,76.5,76.0,75.7,24.08,24.07,24.01,23.96
19.761,845.6,232.0,100.0,0.0,-0.0,5,5650,0.01,0.196,76.5,76.5,76.0,75.7,24.08,24.07,24.01,23.96
19.777,846.6,232.1,100.0,0.0,-0.01,5,5653,0.03,0.205,76.5,76.5,76.0,75.7,24.08,24.07,24.01,23.96
19.792,847.6,232.3,100.0,0.0,-0.01,5,5655,0.035,0.206,76.5,76.5,76.0,75.7,24.08,24.07,24.01,23.96
19.808,848.6,232.4,100.0,0.0,-0.01,5,5657,0.049,0.224,76.5,76.4,76.0,75.7,24.08,24.07,24.01,23.96
19.824,849.6,232.5,100.0,0.0,-0.01,5,5658,0.061,0.221,76.5,76.4,76.0,75.7,24.08,24.07,24.01,23.96
19.838,850.6,232.6,100.0,0.0,-0.02,5,5658,0.092,0.235,76.5,76.4,76.0,75.7,24.08,24.07,24.01,23.96
19.853,851.6,232.7,100.0,0.0,-0.02,5,5663,0.148,0.19,76.5,76.4,76.0,75.7,24.08,24.07,24.01,23.96
19.869,852.5,232.8,100.0,0.0,-0.02,5,5666,0.158,0.214,76.5,76.4,76.0,75.7,24.08,24.07,24.01,23.96
19.884,853.5,232.9,100.0,0.0,-0.02,5,5666,0.221,0.22,76.5,76.4,76.0,75.7,24.08,24.07,24.01,23.96
19.9,854.5,233.0,100.0,0.0,-0.03,5,5667,0.248,0.205,76.5,76.4,76.0,75.7,24.08,24.07,24.01,23.96
19.915,855.5,233.2,100.0,0.0,-0.03,5,5670,0.304,0.203,76.5,76.4,76.0,75.7,24.08,24.07,24.01,23.96
19.93,856.5,233.3,100.0,0.0,-0.03,5,5673,0.328,0.203,76.5,76.4,76.1,75.7,24.08,24.07,24.01,23.96
19.947,857.6,233.4,100.0,0.0,-0.04,5,5676,0.388,0.223,76.5,76.4,76.1,75.7,24.08,24.07,24.01,23.96
19.962,858.6,233.5,100.0,0.0,-0.04,5,5678,0.44,0.212,76.5,76.4,76.1,75.7,24.08,24.07,24.01,23.96
19.977,859.6,233.6,100.0,0.0,-0.04,5,5683,0.472,0.193,76.5,76.4,76.1,75.7,24.08,24.07,24.01,23.96
19.994,860.6,233.7,100.0,0.0,-0.04,5,5689,0.524,0.214,76.5,76.4,76.1,75.7,24.08,24.06,24.01,23.96
20.009,861.7,233.8,100.0,0.0,-0.05,5,5694,0.592,0.168,76.5,76.4,76.1,75.7,24.08,24.06,24.01,23.96
20.025,862.7,233.9,100.0,0.0,-0.05,5,5695,0.641,0.191,76.5,76.4,76.1,75.7,24.08,24.06,24.01,23.96
20.04,863.7,234.0,100.0,0.0,-0.05,5,5699,0.68,0.19,76.5,76.4,76.1,75.7,24.08,24.06,24.01,23.96
20.056,864.7,234.1,100.0,0.0,-0.05,5,5703,0.714,0.195,76.5,76.4,76.1,75.7,24.08,24.06,24.01,23.96
20.071,865.7,234.2,100.0,0.0,-0.06,5,5704,0.744,0.214,76.5,76.4,76.0,75.8,24.08,24.06,24.01,23.96
20.087,866.7,234.3,100.0,0.0,-0.06,5,5708,0.792,0.191,76.5,76.4,76.0,75.8,24.08,24.06,24.01,23.96
20.103,867.7,234.4,100.0,0.0,-0.04,5,5716,0.842,0.191,76.5,76.4,76.0,75.8,24.08,24.06,24.01,23.96
20.118,868.7,234.5,100.0,0.0,0.0,5,5721,0.77,0.182,76.5,76.4,76.0,75.8,24.07,24.06,24.01,23.96
20.133,869.7,234.6,100.0,0.0,0.0,5,5723,0.687,0.19,76.5,76.4,76.0,75.8,24.07,24.06,24.01,23.96
20.149,870.7,234.7,100.0,0.0,0.0,5,5724,0.71,0.2,76.5,76.4,76.0,75.8,24.07,24.06,24.01,23.96
20.164,871.7,234.8,100.0,0.0,0.0,5,5721,0.759,0.21,76.5,76.4,76.0,75.8,24.07,24.06,24.01,23.96
20.18,872.8,234.9,100.0,0.0,0.0,5,5722,0.76,0.213,76.5,76.4,76.0,75.8,24.07,24.06,24.01,23.96
20.195,873.8,235.0,100.0,0.0,0.0,5,5722,0.762,0.215,76.4,76.4,76.0,75.8,24.07,24.06,24.01,23.96
20.211,874.8,235.1,100.0,0.0,0.0,5,5724,0.753,0.197,76.4,76.4,76.0,75.8,24.07,24.06,24.01,23.96
20.226,875.8,235.2,100.0,0.0,0.0,5,5726,0.713,0.212,76.4,76.4,76.0,75.8,24.07,24.06,24.01,23.96
20.242,876.8,235.3,100.0,0.0,0.0,5,5727,0.748,0.181,76.4,76.4,76.0,75.8,24.07,24.06,24.01,23.96
20.258,877.8,235.4,100.0,0.0,0.0,5,5728,0.684,0.203,76.4,76.4,76.0,75.8,24.07,24.06,24.01,23.96
20.274,878.9,235.5,100.0,0.0,0.0,5,5730,0.608,0.201,76.4,76.3,76.0,75.8,24.07,24.06,24.01,23.96
20.289,879.9,235.6,100.0,0.0,-0.0,5,5732,0.575,0.205,76.4,76.3,76.0,75.8,24.07,24.06,24.01,23.96
20.305,880.9,235.7,100.0,0.0,-0.0,5,5736,0.529,0.196,76.4,76.3,76.0,75.8,24.07,24.05,24.01,23.96
20.32,881.9,235.9,100.0,0.0,-0.01,5,5741,0.489,0.188,76.4,76.3,76.0,75.8,24.07,24.05,24.01,23.96
20.335,882.9,236.0,100.0,0.0,-0.01,5,5744,0.484,0.201,76.4,76.3,76.0,75.8,24.07,24.05,24.01,23.96
20.351,884.0,236.1,100.0,0.0,-0.01,5,5745,0.463,0.189,76.4,76.3,76.0,75.8,24.07,24.05,24.01,23.96
20.366,884.9,236.2,100.0,0.0,-0.02,5,5744,0.453,0.202,76.4,76.3,76.0,75.8,24.07,24.05,24.01,23.96
20.381,886.0,236.3,100.0,0.0,-0.02,5,5745,0.454,0.19,76.4,76.3,76.0,75.8,24.07,24.05,24.01,23.96
20.397,887.0,236.4,100.0,0.0,-0.02,5,5748,0.443,0.187,76.4,76.3,76.0,75.8,24.07,24.05,24.01,23.96
20.413,888.0,236.5,100.0,0.0,-0.02,5,5749,0.432,0.226,76.4,76.3,76.0,75.8,24.07,24.05,24.01,23.96
20.428,889.0,236.6,100.0,0.0,-0.03,5,5751,0.453,0.193,76.4,76.3,76.0,75.8,24.07,24.05,24.01,23.96
20.443,890.0,236.7,100.0,0.0,-0.03,5,5758,0.436,0.193,76.4,76.3,76.0,75.8,24.07,24.05,24.01,23.96
20.458,891.0,236.8,100.0,0.0,-0.03,5,5757,0.472,0.195,76.4,76.3,76.0,75.8,24.07,24.05,24.01,23.96
20.474,892.0,236.9,100.0,0.0,-0.03,5,5761,0.481,0.196,76.4,76.3,76.0,75.8,24.07,24.05,24.01,23.96
20.489,893.0,237.0,100.0,0.0,-0.04,5,5763,0.508,0.194,76.4,76.3,76.1,75.8,24.06,24.05,24.01,23.97
20.505,894.1,237.1,100.0,0.0,-0.04,5,5764,0.567,0.169,76.4,76.3,76.1,75.8,24.06,24.05,24.01,23.97
20.52,895.0,237.2,100.0,0.0,-0.04,5,5767,0.623,0.176,76.4,76.3,76.1,75.8,24.06,24.05,24.01,23.97
20.535,896.0,237.3,100.0,0.0,-0.04,5,5770,0.671,0.191,76.4,76.3,76.1,75.8,24.06,24.05,24.01,23.97
20.55,897.1,237.4,100.0,0.0,-0.05,5,5773,0.719,0.179,76.4,76.3,76.1,75.8,24.06,24.05,24.01,23.97
20.566,898.1,237.5,100.0,0.0,-0.05,5,5775,0.788,0.194,76.4,76.3,76.1,75.8,24.06,24.05,24.01,23.97
20.581,899.1,237.6,100.0,0.0,-0.05,5,5777,0.85,0.177,76.4,76.3,76.1,75.8,24.06,24.05,24.01,23.97
20.597,900.1,237.7,100.0,0.0,-0.06,5,5779,0.925,0.185,76.4,76.3,76.1,75.8,24.06,24.05,24.01,23.97
20.612,901.2,237.7,100.0,0.0,-0.06,5,5784,0.962,0.166,76.4,76.3,76.1,75.8,24.06,24.05,24.01,23.97
20.628,902.2,237.8,100.0,0.0,-0.06,5,5781,1.048,0.159,76.4,76.3,76.1,75.8,24.06,24.05,24.01,23.97
20.643,903.2,237.9,100.0,0.0,-0.06,5,5785,1.111,0.153,76.4,76.3,76.1,75.8,24.06,24.05,24.01,23.97
20.659,904.2,238.0,100.0,0.0,-0.07,5,5789,1.133,0.173,76.4,76.3,76.1,75.8,24.06,24.05,24.01,23.97
20.675,905.3,238.1,100.0,0.0,-0.07,5,5788,1.199,0.176,76.4,76.3,76.1,75.8,24.06,24.05,24.01,23.97
20.69,906.3,238.2,100.0,0.0,-0.07,5,5792,1.271,0.162,76.4,76.3,76.1,75.8,24.06,24.05,24.01,23.97
20.706,907.3,238.2,100.0,0.0,-0.07,5,5797,1.286,0.155,76.4,76.3,76.1,75.8,24.06,24.05,24.01,23.97
20.721,908.4,238.3,100.0,0.0,-0.08,5,5799,1.347,0.149,76.4,76.3,76.1,75.8,24.06,24.05,24.01,23.97
20.736,909.4,238.4,100.0,0.0,-0.08,5,5800,1.371,0.142,76.4,76.3,76.1,75.8,24.06,24.05,24.01,23.97
20.752,910.4,238.4,100.0,0.0,-0.04,5,5804,1.406,0.139,76.4,76.3,76.1,75.8,24.06,24.05,24.01,23.97
20.767,911.4,238.5,100.0,0.0,0.0,5,5806,1.301,0.144,76.4,76.3,76.1,75.8,24.06,24.05,24.01,23.97
20.782,912.4,238.6,100.0,0.0,0.0,5,5810,1.165,0.155,76.4,76.3,76.1,75.8,24.06,24.05,24.01,23.97
20.798,913.4,238.7,100.0,0.0,0.0,5,5811,1.18,0.174,76.4,76.3,76.1,75.8,24.06,24.05,24.01,23.97
20.813,914.5,238.7,100.0,0.0,0.0,5,5811,1.232,0.158,76.4,76.3,76.1,75.8,24.06,24.05,24.01,23.98
20.829,915.5,238.8,100.0,0.0,0.0,5,5811,1.236,0.147,76.3,76.3,76.1,75.8,24.06,24.05,24.01,23.98
20.844,916.5,238.9,100.0,0.0,0.0,5,5808,1.283,0.167,76.3,76.3,76.1,75.9,24.06,24.05,24.01,23.98
20.86,917.5,239.0,100.0,0.0,0.0,5,5813,1.246,0.143,76.3,76.3,76.1,75.9,24.06,24.05,24.01,23.98
20.875,918.5,239.0,100.0,0.0,0.0,5,5812,1.199,0.167,76.3,76.3,76.1,75.9,24.06,24.05,24.01,23.98
20.89,919.6,239.1,100.0,0.0,0.0,5,5810,1.165,0.151,76.3,76.3,76.1,75.9,24.06,24.05,24.01,23.98
20.907,920.7,239.2,100.0,0.0,0.0,5,5808,1.072,0.165,76.3,76.3,76.1,75.9,24.06,24.05,24.01,23.98
20.922,921.7,239.3,100.0,0.0,0.0,5,5811,0.961,0.158,76.3,76.3,76.1,75.9,24.06,24.05,24.01,23.98
20.938,922.7,239.4,100.0,0.0,0.0,5,5813,0.875,0.156,76.3,76.3,76.1,75.9,24.06,24.05,24.01,23.98
20.954,923.8,239.4,100.0,0.0,-0.0,5,5814,0.783,0.15,76.3,76.3,76.1,75.9,24.06,24.05,24.01,23.98
20.969,924.8,239.5,100.0,0.0,-0.01,5,5818,0.699,0.151,76.3,76.3,76.1,75.9,24.06,24.05,24.01,23.98
20.985,925.9,239.6,100.0,0.0,-0.01,5,5818,0.664,0.151,76.3,76.3,76.1,75.9,24.06,24.05,24.01,23.98
21.001,926.9,239.7,100.0,0.0,-0.01,5,5820,0.562,0.157,76.3,76.3,76.1,75.9,24.06,24.05,24.01,23.98
21.017,928.0,239.8,100.0,0.0,-0.01,5,5821,0.52,0.139,76.4,76.3,76.1,75.9,24.06,24.05,24.01,23.98
21.034,929.1,239.9,100.0,0.0,-0.02,5,5825,0.441,0.143,76.4,76.3,76.1,75.9,24.06,24.05,24.02,23.99
21.049,930.1,240.0,100.0,0.0,-0.02,5,5826,0.42,0.151,76.4,76.3,76.1,75.9,24.06,24.05,24.02,23.99
21.064,931.2,240.0,100.0,0.0,-0.02,5,5825,0.365,0.164,76.4,76.3,76.1,75.9,24.06,24.05,24.02,23.99
21.08,932.2,240.1,100.0,0.0,-0.03,5,5827,0.401,0.16,76.4,76.3,76.1,75.9,24.06,24.05,24.02,23.99
21.095,933.2,240.2,100.0,0.0,-0.03,5,5830,0.423,0.153,76.4,76.3,76.1,75.9,24.06,24.05,24.02,23.99
21.111,934.2,240.3,100.0,0.0,-0.03,5,5836,0.473,0.155,76.4,76.3,76.1,75.9,24.06,24.05,24.02,23.99
21.126,935.3,240.4,100.0,0.0,-0.03,5,5837,0.515,0.141,76.4,76.3,76.1,75.9,24.06,24.05,24.02,23.99
21.141,936.3,240.4,100.0,0.0,-0.04,5,5838,0.571,0.154,76.4,76.3,76.1,75.9,24.06,24.05,24.02,23.99
21.156,937.3,240.5,100.0,0.0,-0.04,5,5840,0.659,0.136,76.4,76.3,76.1,75.9,24.06,24.05,24.02,23.99
21.172,938.3,240.6,100.0,0.0,-0.04,5,5846,0.692,0.11,76.4,76.3,76.1,75.9,24.06,24.05,24.02,23.99
21.188,939.4,240.6,100.0,0.0,-0.04,5,5846,0.793,0.125,76.4,76.3,76.1,76.0,24.06,24.05,24.02,23.99
21.204,940.5,240.7,100.0,0.0,-0.05,5,5845,0.872,0.112,76.4,76.3,76.1,76.0,24.06,24.05,24.02,23.99
21.219,941.5,240.8,100.0,0.0,-0.05,5,5849,0.885,0.11,76.4,76.3,76.1,76.0,24.06,24.05,24.02,23.99
21.234,942.5,240.8,100.0,0.0,-0.05,5,5849,0.939,0.132,76.4,76.3,76.1,76.0,24.06,24.05,24.02,23.99
21.25,943.6,240.9,100.0,0.0,-0.06,5,5848,0.979,0.131,76.4,76.3,76.1,76.0,24.06,24.05,24.02,24.0
21.265,944.6,241.0,100.0,0.0,-0.06,5,5850,0.976,0.141,76.4,76.3,76.1,76.0,24.06,24.05,24.02,24.0
21.281,945.6,241.0,100.0,0.0,-0.06,5,5849,1.059,0.103,76.4,76.3,76.1,76.0,24.06,24.05,24.02,24.0
21.296,946.6,241.1,100.0,0.0,-0.06,5,5858,1.118,0.084,76.4,76.3,76.1,76.0,24.06,24.05,24.02,24.0
21.312,947.7,241.1,100.0,0.0,-0.07,5,5858,1.206,0.095,76.3,76.3,76.1,76.0,24.06,24.05,24.02,24.0
21.327,948.7,241.2,100.0,0.0,-0.02,5,5861,1.2,0.069,76.3,76.3,76.2,76.0,24.06,24.05,24.02,24.0
21.343,949.8,241.2,100.0,0.0,0.0,5,5863,0.933,0.083,76.3,76.3,76.2,76.0,24.06,24.05,24.02,24.0
21.358,950.8,241.3,100.0,0.0,0.0,5,5860,0.876,0.131,76.3,76.3,76.2,76.0,24.06,24.05,24.02,24.0
21.373,951.8,241.3,100.0,0.0,0.0,5,5862,0.85,0.13,76.3,76.3,76.2,76.0,24.06,24.05,24.03,24.0
21.389,952.9,241.4,100.0,0.0,0.0,5,5865,0.843,0.112,76.3,76.3,76.2,76.0,24.06,24.05,24.03,24.0
21.404,953.9,241.4,100.0,0.0,0.0,5,5869,0.731,0.117,76.3,76.3,76.2,76.0,24.06,24.05,24.03,24.0
21.42,954.9,241.5,100.0,0.0,0.0,5,5870,0.706,0.114,76.3,76.3,76.2,76.0,24.06,24.05,24.03,24.0
21.435,956.0,241.6,100.0,0.0,0.0,5,5872,0.674,0.103,76.3,76.3,76.2,76.0,24.06,24.05,24.03,24.0
21.451,957.0,241.6,100.0,0.0,0.0,5,5874,0.612,0.121,76.3,76.3,76.2,76.0,24.06,24.05,24.03,24.01
21.466,958.0,241.7,100.0,0.0,-0.0,5,5874,0.566,0.133,76.3,76.3,76.2,76.0,24.06,24.05,24.03,24.01
21.481,959.1,241.7,100.0,0.0,-0.0,5,5875,0.548,0.126,76.3,76.3,76.2,76.0,24.06,24.05,24.03,24.01
21.496,960.1,241.8,100.0,0.0,-0.01,5,5876,0.564,0.1,76.3,76.3,76.2,76.0,24.06,24.05,24.03,24.01
21.512,961.1,241.8,100.0,0.0,-0.01,5,5875,0.523,0.108,76.3,76.3,76.2,76.0,24.06,24.05,24.03,24.01
21.527,962.1,241.9,100.0,0.0,-0.01,5,5875,0.495,0.104,76.3,76.3,76.2,76.1,24.06,24.05,24.03,24.01
21.542,963.2,242.0,100.0,0.0,-0.01,5,5878,0.532,0.072,76.3,76.3,76.2,76.1,24.06,24.05,24.03,24.01
21.558,964.2,242.0,0.0,0.0,-0.02,5,5848,0.514,0.085,76.3,76.3,76.2,76.1,24.06,24.05,24.03,24.01
21.573,965.3,241.9,0.0,0.0,-0.02,5,5814,0.51,-0.359,76.3,76.3,76.2,76.1,24.06,24.05,24.03,24.01
21.589,966.3,241.7,0.0,0.0,-0.02,5,5814,0.522,-0.307,76.3,76.3,76.2,76.1,24.06,24.05,24.03,24.01
21.605,967.3,241.5,0.0,0.0,0.0,5,5811,0.531,-0.332,76.4,76.3,76.2,76.1,24.06,24.05,24.03,24.01
21.62,968.4,241.4,0.0,0.0,0.0,5,5809,0.368,-0.319,76.4,76.3,76.2,76.1,24.06,24.05,24.03,24.01
21.635,969.4,241.2,0.0,0.0,0.0,5,5804,0.313,-0.301,76.4,76.3,76.2,76.1,24.06,24.05,24.03,24.01
21.651,970.5,241.1,0.0,0.0,0.0,5,5799,0.307,-0.306,76.4,76.3,76.2,76.1,24.06,24.05,24.03,24.01
21.666,971.5,240.9,0.0,0.0,0.01,5,5793,0.233,-0.289,76.4,76.3,76.2,76.1,24.06,24.05,24.03,24.01
21.682,972.5,240.7,0.0,0.0,0.01,5,5787,0.189,-0.313,76.4,76.3,76.2,76.1,24.06,24.05,24.03,24.02
21.698,973.6,240.6,0.0,0.0,0.01,5,5780,0.173,-0.312,76.4,76.3,76.2,76.1,24.06,24.05,24.03,24.02
21.714,974.6,240.3,0.0,100.0,0.01,5,5696,0.063,-1.117,76.4,76.3,76.2,76.1,24.06,24.05,24.03,24.02
21.729,975.7,239.2,0.0,100.0,0.02,5,5678,0.016,-2.169,76.4,76.3,76.2,76.1,24.06,24.05,24.03,24.02
21.745,976.7,237.9,0.0,100.0,0.02,5,5648,-0.033,-2.056,76.4,76.3,76.2,76.1,24.06,24.05,24.03,24.02
21.761,977.8,236.8,0.0,100.0,0.02,5,5625,-0.082,-2.059,76.4,76.3,76.2,76.1,24.06,24.05,24.03,24.02
21.776,978.8,235.8,0.0,100.0,0.02,5,5608,-0.161,-2.11,76.4,76.3,76.2,76.1,24.06,24.05,24.03,24.02
21.792,979.8,234.7,0.0,100.0,0.03,5,5587,-0.255,-2.094,76.4,76.3,76.2,76.1,24.06,24.05,24.03,24.02
21.807,980.8,233.6,0.0,100.0,0.03,5,5566,-0.347,-2.073,76.4,76.3,76.2,76.1,24.06,24.05,24.04,24.02
21.824,981.8,232.3,0.0,100.0,0.03,5,5543,-0.45,-2.013,76.4,76.3,76.2,76.1,24.06,24.05,24.04,24.02
21.839,982.9,231.2,0.0,100.0,0.04,5,5515,-0.502,-1.999,76.4,76.3,76.2,76.1,24.07,24.05,24.04,24.02
21.855,983.9,230.2,0.0,100.0,0.04,5,5490,-0.543,-1.955,76.4,76.3,76.2,76.1,24.07,24.05,24.04,24.02
21.871,984.9,229.1,0.0,100.0,0.04,5,5464,-0.605,-1.97,76.4,76.3,76.2,76.1,24.07,24.05,24.04,24.02
21.886,985.8,227.9,0.0,100.0,0.04,5,5430,-0.636,-1.93,76.4,76.3,76.2,76.1,24.07,24.05,24.04,24.02
21.901,986.8,226.8,0.0,100.0,0.05,5,5397,-0.71,-1.943,76.4,76.3,76.3,76.1,24.07,24.05,24.04,24.02
21.917,987.8,225.8,0.0,100.0,0.05,5,5367,-0.724,-1.963,76.4,76.3,76.3,76.1,24.07,24.05,24.04,24.02
21.932,988.7,224.8,0.0,100.0,0.05,5,5334,-0.804,-2.015,76.4,76.3,76.3,76.2,24.07,24.05,24.04,24.02
21.948,989.7,223.7,0.0,100.0,0.05,5,5303,-0.877,-2.036,76.4,76.3,76.3,76.2,24.07,24.05,24.04,24.02
21.964,990.7,222.6,0.0,100.0,0.06,5,5275,-0.941,-2.048,76.4,76.3,76.3,76.2,24.07,24.05,24.04,24.02
21.979,991.6,221.3,0.0,100.0,0.06,5,5243,-1.015,-2.013,76.4,76.3,76.3,76.2,24.07,24.05,24.04,24.02
21.994,992.6,220.2,0.0,100.0,0.06,5,5215,-1.094,-2.033,76.4,76.3,76.3,76.2,24.07,24.05,24.04,24.02
22.01,993.5,219.2,0.0,100.0,0.07,5,5187,-1.151,-1.996,76.5,76.3,76.3,76.2,24.07,24.05,24.04,24.02
22.026,994.5,218.1,0.0,100.0,0.07,5,5163,-1.208,-2.007,76.5,76.3,76.3,76.2,24.07,24.05,24.04,24.02
22.042,995.4,217.0,0.0,100.0,0.07,5,5144,-1.308,-2.036,76.5,76.3,76.3,76.1,24.07,24.05,24.04,24.02
22.057,996.3,215.7,0.0,100.0,0.07,5,5115,-1.346,-1.938,76.5,76.3,76.3,76.1,24.07,24.05,24.04,24.02
22.072,997.2,214.7,0.0,100.0,0.08,5,5091,-1.38,-1.954,76.5,76.3,76.3,76.1,24.08,24.05,24.04,24.02
22.088,998.2,213.6,0.0,100.0,0.08,5,5064,-1.47,-1.968,76.5,76.3,76.3,76.1,24.08,24.05,24.04,24.02
22.104,999.1,212.6,0.0,100.0,0.08,5,5034,-1.494,-1.974,76.5,76.3,76.3,76.1,24.08,24.05,24.05,24.02
22.119,1000.0,211.5,0.0,100.0,0.08,5,5005,-1.541,-1.941,76.5,76.3,76.3,76.1,24.08,24.05,24.05,24.02
22.135,1000.9,210.5,0.0,100.0,0.09,5,4979,-1.556,-1.944,76.5,76.3,76.3,76.1,24.08,24.05,24.05,24.02
22.15,1001.8,209.2,0.0,100.0,0.09,5,4949,-1.575,-1.925,76.5,76.3,76.3,76.1,24.08,24.05,24.05,24.02
22.166,1002.8,208.2,0.0,100.0,0.09,5,4922,-1.521,-1.864,76.5,76.3,76.3,76.1,24.08,24.05,24.05,24.02
22.182,1003.7,207.2,0.0,100.0,0.1,5,4892,-1.439,-1.844,76.5,76.3,76.3,76.1,24.08,24.05,24.05,24.02
22.198,1004.6,206.0,0.0,100.0,0.1,5,4855,-1.439,-1.938,76.5,76.3,76.3,76.1,24.08,24.05,24.05,24.02
22.214,1005.5,204.9,0.0,100.0,0.1,5,4818,-1.294,-1.92,76.5,76.3,76.3,76.1,24.08,24.05,24.05,24.02
22.229,1006.3,203.9,0.0,100.0,0.11,5,4783,-1.311,-1.953,76.5,76.3,76.3,76.1,24.08,24.05,24.05,24.02
22.245,1007.2,202.8,0.0,100.0,0.11,5,4755,-1.353,-1.976,76.5,76.3,76.3,76.1,24.08,24.05,24.05,24.02
22.259,1008.0,201.8,0.0,100.0,0.11,5,4718,-1.378,-1.913,76.5,76.3,76.3,76.1,24.08,24.04,24.05,24.02
22.275,1008.9,200.7,0.0,100.0,0.11,5,4684,-1.411,-1.952,76.5,76.3,76.3,76.1,24.08,24.04,24.05,24.02
22.291,1009.8,199.7,0.0,100.0,0.12,5,4649,-1.347,-1.881,76.5,76.3,76.3,76.1,24.08,24.04,24.05,24.02
22.306,1010.7,198.5,0.0,100.0,0.12,5,4613,-1.428,-1.879,76.5,76.3,76.3,76.1,24.08,24.04,24.05,24.02
22.322,1011.5,197.5,0.0,100.0,0.12,5,4595,-1.454,-1.839,76.5,76.3,76.3,76.1,24.08,24.04,24.05,24.02
22.338,1012.4,196.5,0.0,100.0,0.13,5,4565,-1.549,-1.849,76.5,76.3,76.3,76.1,24.08,24.04,24.05,24.02
22.354,1013.2,195.5,0.0,100.0,0.13,5,4545,-1.568,-1.815,76.5,76.3,76.3,76.1,24.09,24.04,24.05,24.02
22.37,1014.1,194.3,0.0,100.0,0.13,5,4532,-1.655,-1.839,76.5,76.2,76.3,76.1,24.09,24.04,24.05,24.02
22.385,1014.9,193.3,0.0,100.0,0.14,5,4524,-1.766,-1.892,76.5,76.2,76.3,76.1,24.09,24.04,24.05,24.02
22.401,1015.8,192.3,0.0,100.0,0.14,5,4496,-1.866,-1.906,76.5,76.2,76.3,76.1,24.09,24.04,24.05,24.02
22.416,1016.6,191.2,0.0,100.0,0.14,5,4467,-1.822,-1.918,76.6,76.2,76.3,76.1,24.09,24.04,24.05,24.01
22.431,1017.4,190.1,0.0,100.0,0.15,5,4442,-1.919,-1.951,76.6,76.2,76.3,76.1,24.09,24.04,24.05,24.01
22.447,1018.2,188.8,0.0,100.0,0.15,5,4422,-1.966,-2.058,76.6,76.2,76.3,76.1,24.09,24.04,24.05,24.01
22.462,1019.0,187.7,0.0,100.0,0.16,5,4395,-1.899,-2.005,76.6,76.2,76.3,76.1,24.09,24.04,24.05,24.01
22.478,1019.8,186.6,0.0,100.0,0.16,5,4370,-1.872,-2.02,76.6,76.2,76.3,76.1,24.09,24.04,24.05,24.01
22.493,1020.6,185.5,0.0,100.0,0.16,5,4352,-2.041,-2.037,76.6,76.2,76.3,76.1,24.09,24.04,24.05,24.01
22.508,1021.4,184.4,0.0,100.0,0.17,5,4327,-2.04,-1.998,76.6,76.2,76.3,76.1,24.09,24.04,24.05,24.01
22.524,1022.2,183.3,0.0,100.0,0.17,5,4298,-1.998,-1.986,76.6,76.2,76.3,76.1,24.09,24.04,24.05,24.01
22.54,1023.0,182.0,0.0,100.0,0.18,5,4270,-2.101,-1.946,76.6,76.2,76.3,76.1,24.09,24.03,24.05,24.01
22.555,1023.8,181.0,0.0,100.0,0.18,5,4248,-1.945,-1.964,76.6,76.2,76.3,76.1,24.09,24.03,24.05,24.01
22.571,1024.5,179.9,0.0,100.0,0.18,5,4226,-1.88,-1.807,76.6,76.2,76.3,76.1,24.09,24.03,24.05,24.01
22.586,1025.3,179.0,0.0,94.0,0.19,5,4210,-1.732,-1.674,76.6,76.2,76.3,76.1,24.1,24.03,24.05,24.01
22.602,1026.1,178.1,0.0,93.2,0.19,5,4187,-1.644,-1.621,76.6,76.2,76.3,76.1,24.1,24.03,24.05,24.01
22.617,1026.8,177.2,0.0,95.6,0.2,5,4156,-1.508,-1.634,76.6,76.2,76.3,76.1,24.1,24.03,24.05,24.01
22.633,1027.6,176.3,0.0,100.0,0.2,5,4106,-1.428,-1.649,76.6,76.2,76.3,76.0,24.1,24.03,24.05,24.01
22.648,1028.3,175.2,0.0,100.0,0.2,5,4049,-1.323,-1.763,76.6,76.2,76.3,76.0,24.1,24.03,24.05,24.01
22.663,1029.1,174.2,0.0,100.0,0.21,5,4014,-1.211,-1.821,76.6,76.2,76.3,76.0,24.1,24.03,24.05,24.01
22.679,1029.8,173.3,0.0,100.0,0.21,5,3985,-1.191,-1.787,76.6,76.2,76.3,76.0,24.1,24.03,24.05,24.01
22.694,1030.6,172.3,0.0,100.0,0.22,5,3959,-1.18,-1.838,76.6,76.2,76.3,76.0,24.1,24.03,24.05,24.0
22.71,1031.3,171.4,0.0,100.0,0.22,5,3935,-1.21,-1.738,76.6,76.2,76.3,76.0,24.1,24.03,24.05,24.0
22.725,1032.0,170.4,0.0,100.0,0.23,5,3894,-1.048,-1.74,76.6,76.2,76.3,76.0,24.1,24.03,24.05,24.0
22.741,1032.8,169.5,0.0,100.0,0.23,5,3841,-1.269,-1.652,76.6,76.2,76.3,76.0,24.1,24.03,24.05,24.0
22.757,1033.5,168.4,0.0,100.0,0.24,5,3786,-1.092,-1.696,76.6,76.2,76.3,76.0,24.1,24.03,24.05,24.0
22.773,1034.3,167.5,0.0,100.0,0.24,5,3724,-1.039,-1.693,76.6,76.2,76.3,76.0,24.1,24.03,24.05,24.0
22.789,1035.0,166.5,0.0,100.0,0.25,5,3715,-1.202,-1.747,76.6,76.2,76.3,76.0,24.1,24.02,24.05,24.0
22.804,1035.7,165.7,0.0,0.0,0.25,5,3844,-1.66,-1.017,76.6,76.1,76.3,76.0,24.1,24.02,24.05,24.0
22.82,1036.4,165.3,0.0,0.0,0.26,5,3919,-1.747,-0.609,76.6,76.1,76.3,76.0,24.1,24.02,24.05,24.0
22.835,1037.1,165.0,0.0,0.0,0.26,5,3955,-1.757,-0.471,76.6,76.1,76.3,76.0,24.1,24.02,24.05,24.0
22.851,1037.8,164.7,0.0,0.0,0.27,5,3960,-1.781,-0.378,76.6,76.1,76.3,76.0,24.1,24.02,24.05,24.0
22.866,1038.5,164.5,0.0,0.0,0.27,5,3957,-1.727,-0.36,76.6,76.1,76.3,76.0,24.1,24.02,24.05,24.0
22.882,1039.2,164.3,0.0,0.0,0.28,5,3950,-1.759,-0.357,76.6,76.1,76.3,76.0,24.1,24.02,24.05,24.0
22.897,1040.0,164.0,0.0,0.0,0.28,5,3942,-1.759,-0.348,76.6,76.1,76.3,76.0,24.1,24.02,24.05,23.99
22.913,1040.7,163.8,0.0,0.0,0.29,5,3935,-1.758,-0.351,76.6,76.1,76.3,76.0,24.1,24.02,24.05,23.99
22.929,1041.4,163.5,0.0,0.0,0.29,5,3928,-1.808,-0.369,76.6,76.1,76.3,76.0,24.1,24.02,24.05,23.99
22.945,1042.1,163.3,0.0,0.0,0.3,5,3922,-1.813,-0.371,76.6,76.1,76.3,76.0,24.1,24.02,24.05,23.99
22.96,1042.8,163.0,0.0,0.0,0.3,5,3914,-1.785,-0.371,76.6,76.1,76.3,76.0,24.1,24.02,24.05,23.99
22.976,1043.5,162.8,0.0,0.0,0.31,5,3908,-1.812,-0.384,76.6,76.1,76.3,75.9,24.1,24.01,24.05,23.99
22.992,1044.2,162.5,0.0,0.0,0.31,5,3902,-1.815,-0.373,76.6,76.1,76.3,75.9,24.1,24.01,24.05,23.99
23.008,1044.9,162.3,4.8,0.0,0.32,5,3898,-1.75,-0.368,76.6,76.1,76.3,75.9,24.1,24.01,24.05,23.99
23.024,1045.7,162.0,12.0,0.0,0.32,5,3899,-1.745,-0.333,76.6,76.1,76.3,75.9,24.1,24.01,24.05,23.99
23.039,1046.4,161.8,18.0,0.0,0.33,5,3901,-1.682,-0.312,76.7,76.1,76.3,75.9,24.1,24.01,24.05,23.99
23.055,1047.1,161.6,24.0,0.0,0.33,5,3907,-1.646,-0.3,76.7,76.1,76.3,75.9,24.1,24.01,24.05,23.99
23.07,1047.8,161.4,30.0,0.0,0.34,5,3913,-1.609,-0.269,76.7,76.1,76.3,75.9,24.1,24.01,24.05,23.99
23.085,1048.4,161.2,36.0,0.0,0.34,5,3919,-1.626,-0.249,76.7,76.1,76.3,75.9,24.1,24.01,24.05,23.99
23.101,1049.1,161.0,43.2,0.0,0.35,5,3925,-1.661,-0.223,76.7,76.0,76.3,75.9,24.11,24.01,24.05,23.99
23.116,1049.8,160.8,49.2,0.0,0.35,5,3931,-1.658,-0.22,76.7,76.0,76.3,75.9,24.11,24.01,24.05,23.99
23.132,1050.5,160.7,55.2,0.0,0.36,5,3937,-1.74,-0.199,76.7,76.0,76.3,75.9,24.11,24.01,24.05,23.98
23.147,1051.2,160.5,61.2,0.0,0.36,5,3941,-1.76,-0.166,76.7,76.0,76.3,75.9,24.11,24.01,24.05,23.98
23.163,1051.9,160.4,67.2,0.0,0.37,5,3942,-1.798,-0.131,76.7,76.0,76.3,75.9,24.11,24.0,24.05,23.98
23.179,1052.6,160.3,73.2,0.0,0.37,5,3944,-1.784,-0.092,76.7,76.0,76.3,75.9,24.11,24.0,24.05,23.98
23.194,1053.3,160.2,80.4,0.0,0.38,5,3942,-1.934,-0.071,76.7,76.0,76.3,75.9,24.11,24.0,24.05,23.98
23.209,1054.0,160.1,86.4,0.0,0.39,5,3945,-1.909,-0.054,76.7,76.0,76.3,75.9,24.11,24.0,24.05,23.98
23.225,1054.7,160.0,92.4,0.0,0.39,5,3953,-1.781,-0.04,76.7,76.0,76.3,75.9,24.11,24.0,24.05,23.98
23.241,1055.4,159.9,98.4,0.0,0.4,5,3962,-1.763,-0.004,76.7,76.0,76.3,75.9,24.11,24.0,24.05,23.98
23.255,1056.0,159.9,100.0,0.0,0.4,5,3958,-1.816,0.051,76.7,76.0,76.3,75.9,24.11,24.0,24.05,23.98
23.271,1056.7,159.9,100.0,0.0,0.4,5,3951,-1.841,0.037,76.7,76.0,76.3,75.9,24.11,24.0,24.05,23.98
23.286,1057.4,159.8,100.0,0.0,0.35,5,3953,-1.784,0.01,76.7,76.0,76.3,75.9,24.11,24.0,24.05,23.98
23.302,1058.1,159.8,100.0,0.0,0.3,5,3956,-1.761,0.014,76.7,76.0,76.3,75.9,24.11,24.0,24.05,23.98
23.317,1058.7,159.7,100.0,0.0,0.24,5,3961,-1.724,0.01,76.7,76.0,76.3,75.9,24.11,24.0,24.05,23.98
23.332,1059.4,159.7,100.0,0.0,0.2,5,3961,-1.695,0.049,76.7,76.0,76.3,75.8,24.11,23.99,24.05,23.98
23.348,1060.1,159.7,100.0,0.0,0.15,5,3963,-1.724,0.034,76.7,76.0,76.3,75.8,24.11,23.99,24.05,23.98
23.363,1060.8,159.7,100.0,0.0,0.1,5,3962,-1.755,0.069,76.7,76.0,76.3,75.8,24.11,23.99,24.05,23.97
23.379,1061.5,159.7,100.0,0.0,0.06,5,3960,-1.693,0.105,76.7,76.0,76.3,75.8,24.11,23.99,24.05,23.97
23.395,1062.2,159.7,100.0,0.0,0.0,5,3959,-1.638,0.114,76.7,75.9,76.3,75.8,24.11,23.99,24.06,23.97
23.41,1062.9,159.7,100.0,0.0,0.0,5,3950,-1.649,0.146,76.7,75.9,76.3,75.8,24.11,23.99,24.06,23.97
23.426,1063.6,159.7,100.0,0.0,0.0,5,3943,-1.633,0.131,76.7,75.9,76.3,75.8,24.11,23.99,24.06,23.97
23.441,1064.3,159.7,100.0,0.0,0.0,5,3944,-1.596,0.119,76.7,75.9,76.3,75.8,24.12,23.99,24.06,23.97
23.457,1065.0,159.8,100.0,0.0,0.0,5,3940,-1.569,0.131,76.7,75.9,76.4,75.8,24.12,23.99,24.06,23.97
23.472,1065.6,159.8,100.0,0.0,0.0,5,3937,-1.546,0.144,76.7,75.9,76.4,75.8,24.12,23.99,24.06,23.97
23.487,1066.3,159.8,100.0,0.0,0.0,5,3935,-1.505,0.13,76.7,75.9,76.4,75.8,24.12,23.99,24.06,23.97
23.503,1067.0,159.9,100.0,0.0,0.0,5,3931,-1.461,0.143,76.7,75.9,76.4,75.8,24.12,23.99,24.06,23.97
23.518,1067.7,159.9,100.0,0.0,0.0,5,3935,-1.424,0.112,76.7,75.9,76.4,75.8,24.12,23.98,24.06,23.97
23.534,1068.4,160.0,100.0,0.0,0.0,5,3938,-1.343,0.137,76.7,75.9,76.4,75.8,24.12,23.98,24.06,23.97
23.55,1069.1,160.0,100.0,0.0,0.0,5,3936,-1.219,0.134,76.7,75.9,76.4,75.8,24.12,23.98,24.06,23.97
23.565,1069.8,160.1,100.0,0.0,0.0,5,3935,-1.191,0.158,76.7,75.9,76.4,75.8,24.12,23.98,24.06,23.97
23.581,1070.5,160.1,100.0,0.0,0.01,5,3925,-1.191,0.158,76.7,75.9,76.4,75.8,24.12,23.98,24.06,23.97
23.597,1071.2,160.2,100.0,0.0,0.01,5,3928,-1.101,0.129,76.7,75.9,76.4,75.8,24.12,23.98,24.06,23.97
23.612,1071.9,160.2,100.0,0.0,0.02,5,3933,-0.989,0.12,76.7,75.9,76.4,75.8,24.12,23.98,24.06,23.97
23.627,1072.5,160.3,100.0,0.0,0.02,5,3931,-0.984,0.152,76.7,75.9,76.4,75.8,24.12,23.98,24.06,23.96
23.643,1073.2,160.4,100.0,0.0,0.03,5,3927,-0.91,0.147,76.7,75.9,76.4,75.8,24.12,23.98,24.06,23.96
23.658,1073.9,160.4,100.0,0.0,0.03,5,3931,-0.846,0.142,76.7,75.9,76.4,75.8,24.12,23.98,24.06,23.96
23.674,1074.6,160.5,100.0,0.0,0.04,5,3933,-0.772,0.153,76.7,75.9,76.4,75.8,24.12,23.98,24.06,23.96
23.69,1075.3,160.6,100.0,0.0,0.04,5,3931,-0.736,0.161,76.8,75.8,76.4,75.8,24.12,23.98,24.06,23.96
23.705,1076.0,160.6,100.0,0.0,0.05,5,3937,-0.633,0.126,76.8,75.8,76.4,75.8,24.12,23.97,24.06,23.96
23.721,1076.7,160.7,100.0,0.0,0.05,5,3942,-0.628,0.148,76.8,75.8,76.4,75.8,24.12,23.97,24.06,23.96
23.736,1077.4,160.8,100.0,0.0,0.06,5,3946,-0.627,0.139,76.8,75.8,76.4,75.8,24.12,23.97,24.06,23.96
23.752,1078.1,160.9,100.0,0.0,0.07,5,3950,-0.595,0.164,76.8,75.8,76.4,75.8,24.12,23.97,24.06,23.96
23.767,1078.8,160.9,100.0,0.0,0.07,5,3956,-0.548,0.135,76.8,75.8,76.4,75.8,24.12,23.97,24.06,23.96
23.783,1079.5,161.0,100.0,0.0,0.08,5,3959,-0.559,0.147,76.8,75.8,76.4,75.7,24.12,23.97,24.06,23.96
23.799,1080.2,161.1,100.0,0.0,0.08,5,3953,-0.601,0.192,76.8,75.8,76.4,75.7,24.12,23.97,24.06,23.96
23.815,1080.9,161.2,100.0,0.0,0.09,5,3954,-0.6,0.157,76.7,75.8,76.4,75.7,24.12,23.97,24.06,23.96
23.83,1081.6,161.2,100.0,0.0,0.09,5,3965,-0.652,0.128,76.8,75.8,76.4,75.7,24.12,23.97,24.06,23.96
23.846,1082.3,161.3,100.0,0.0,0.1,5,3965,-0.702,0.155,76.8,75.8,76.4,75.7,24.12,23.97,24.06,23.96
23.862,1083.0,161.4,100.0,0.0,0.1,5,3968,-0.755,0.115,76.8,75.8,76.4,75.7,24.12,23.97,24.06,23.96
23.877,1083.7,161.4,100.0,0.0,0.11,5,3973,-0.81,0.142,76.8,75.8,76.4,75.7,24.12,23.97,24.06,23.96
23.892,1084.4,161.5,100.0,0.0,0.11,5,3966,-0.874,0.151,76.8,75.8,76.4,75.7,24.12,23.96,24.06,23.96
23.908,1085.1,161.6,100.0,0.0,0.12,5,3961,-0.934,0.152,76.8,75.8,76.4,75.7,24.12,23.96,24.06,23.95
23.924,1085.8,161.7,100.0,0.0,0.12,5,3966,-1.037,0.118,76.8,75.8,76.4,75.7,24.12,23.96,24.06,23.95
23.939,1086.5,161.7,100.0,0.0,0.13,5,3969,-1.009,0.128,76.8,75.8,76.4,75.7,24.12,23.96,24.06,23.95
23.954,1087.1,161.8,100.0,0.0,0.13,5,3970,-1.063,0.133,76.8,75.8,76.4,75.7,24.12,23.96,24.06,23.95
23.97,1087.8,161.8,100.0,0.0,0.14,5,3972,-1.099,0.132,76.8,75.8,76.4,75.7,24.12,23.96,24.06,23.95
23.985,1088.5,161.9,100.0,0.0,0.14,5,3968,-1.213,0.137,76.8,75.7,76.4,75.7,24.12,23.96,24.06,23.95
24.001,1089.2,162.0,100.0,0.0,0.15,5,3977,-1.175,0.082,76.8,75.7,76.4,75.7,24.12,23.96,24.06,23.95
24.017,1090.0,162.0,100.0,0.0,0.11,5,3987,-1.24,0.095,76.8,75.7,76.4,75.7,24.12,23.96,24.06,23.95
24.032,1090.7,162.1,100.0,0.0,0.06,5,3990,-1.183,0.149,76.8,75.7,76.4,75.7,24.12,23.96,24.06,23.95
24.048,1091.4,162.1,100.0,0.0,0.02,5,3988,-1.109,0.148,76.8,75.7,76.4,75.7,24.12,23.96,24.06,23.95
24.064,1092.1,162.2,100.0,0.0,0.0,5,3991,-1.009,0.151,76.8,75.7,76.4,75.7,24.12,23.96,24.06,23.95
24.079,1092.8,162.3,100.0,0.0,0.0,5,3989,-1.022,0.146,76.8,75.7,76.4,75.7,24.12,23.95,24.06,23.95
24.095,1093.5,162.3,100.0,0.0,0.0,5,3991,-1.0,0.149,76.8,75.7,76.4,75.7,24.12,23.95,24.06,23.95
24.111,1094.2,162.4,100.0,0.0,0.0,5,3986,-1.05,0.158,76.8,75.7,76.4,75.7,24.13,23.95,24.06,23.95
24.126,1094.9,162.5,100.0,0.0,0.0,5,3984,-0.999,0.182,76.8,75.7,76.4,75.7,24.13,23.95,24.06,23.95
24.142,1095.6,162.6,100.0,0.0,0.0,5,3983,-0.984,0.142,76.8,75.7,76.4,75.7,24.13,23.95,24.06,23.95
24.157,1096.3,162.6,100.0,0.0,0.0,5,3985,-0.942,0.167,76.8,75.7,76.4,75.7,24.13,23.95,24.06,23.95
24.174,1097.1,162.7,100.0,0.0,0.0,5,3987,-0.948,0.154,76.8,75.7,76.4,75.7,24.13,23.95,24.06,23.95
24.189,1097.8,162.8,100.0,0.0,0.0,5,3995,-0.838,0.137,76.8,75.7,76.4,75.7,24.13,23.95,24.06,23.94
24.205,1098.4,162.8,100.0,0.0,0.0,5,3993,-0.815,0.155,76.8,75.7,76.4,75.7,24.13,23.95,24.06,23.94
24.22,1099.2,162.9,100.0,0.0,0.0,5,3991,-0.685,0.17,76.8,75.7,76.4,75.6,24.13,23.95,24.06,23.94
24.236,1099.8,163.0,100.0,0.0,0.0,5,3985,-0.702,0.176,76.8,75.7,76.4,75.6,24.13,23.95,24.06,23.94
24.251,1100.6,163.1,100.0,0.0,0.0,5,3988,-0.618,0.157,76.8,75.7,76.4,75.6,24.13,23.95,24.06,23.94
24.266,1101.2,163.2,100.0,0.0,0.0,5,3997,-0.512,0.137,76.8,75.7,76.4,75.6,24.13,23.95,24.06,23.94
24.281,1101.9,163.2,100.0,0.0,0.0,5,4014,-0.384,0.132,76.8,75.7,76.4,75.6,24.13,23.94,24.06,23.94
24.297,1102.7,163.4,100.0,0.0,0.0,5,4008,-0.372,0.176,76.8,75.6,76.4,75.6,24.13,23.94,24.06,23.94
24.314,1103.4,163.4,100.0,0.0,0.0,5,4006,-0.338,0.171,76.8,75.6,76.4,75.6,24.13,23.94,24.06,23.94
24.329,1104.1,163.5,100.0,0.0,0.0,5,4013,-0.3,0.146,76.8,75.6,76.4,75.6,24.13,23.94,24.06,23.94
24.345,1104.8,163.6,100.0,0.0,0.0,5,4024,-0.259,0.165,76.8,75.6,76.4,75.6,24.13,23.94,24.06,23.94
24.361,1105.5,163.7,100.0,0.0,0.0,5,4027,-0.21,0.169,76.8,75.6,76.4,75.6,24.13,23.94,24.06,23.94
24.377,1106.2,163.8,100.0,0.0,0.0,5,4029,-0.203,0.178,76.8,75.6,76.4,75.6,24.13,23.94,24.06,23.94
24.392,1106.9,163.9,100.0,0.0,-0.0,5,4026,-0.198,0.171,76.8,75.6,76.4,75.6,24.13,23.94,24.06,23.94
24.407,1107.6,164.0,100.0,0.0,-0.01,5,4027,-0.136,0.173,76.8,75.6,76.4,75.6,24.13,23.94,24.06,23.94
24.424,1108.4,164.1,100.0,0.0,-0.01,5,4028,-0.087,0.18,76.8,75.6,76.4,75.6,24.13,23.94,24.06,23.94
24.439,1109.1,164.2,100.0,0.0,-0.02,5,4022,-0.059,0.207,76.8,75.6,76.4,75.6,24.13,23.94,24.06,23.94
24.454,1109.8,164.3,100.0,0.0,-0.02,5,4016,-0.024,0.201,76.8,75.6,76.4,75.6,24.13,23.94,24.06,23.94
24.47,1110.5,164.4,100.0,0.0,-0.03,5,4023,0.031,0.157,76.8,75.6,76.4,75.6,24.13,23.93,24.06,23.94
24.485,1111.2,164.5,100.0,0.0,-0.03,5,4030,0.049,0.163,76.8,75.6,76.4,75.6,24.13,23.93,24.06,23.93
24.501,1111.9,164.6,100.0,0.0,-0.04,5,4038,0.076,0.17,76.8,75.6,76.4,75.6,24.12,23.93,24.06,23.93
24.516,1112.6,164.7,100.0,0.0,0.0,5,4042,0.068,0.172,76.8,75.6,76.4,75.6,24.12,23.93,24.06,23.93
24.531,1113.3,164.7,100.0,0.0,0.0,5,4055,0.044,0.164,76.8,75.6,76.4,75.6,24.12,23.93,24.06,23.93
24.548,1114.1,164.8,100.0,0.0,0.0,5,4066,0.045,0.176,76.8,75.6,76.4,75.6,24.12,23.93,24.06,23.93
24.564,1114.8,164.9,100.0,0.0,0.0,5,4068,0.042,0.188,76.8,75.6,76.4,75.6,24.12,23.93,24.06,23.93
24.579,1115.5,165.0,100.0,0.0,0.0,5,4067,0.071,0.192,76.8,75.6,76.4,75.6,24.12,23.93,24.06,23.93
24.594,1116.2,165.2,100.0,0.0,0.0,5,4058,0.075,0.214,76.8,75.6,76.4,75.6,24.12,23.93,24.06,23.93
24.609,1116.9,165.3,100.0,0.0,0.0,5,4050,0.108,0.205,76.8,75.6,76.4,75.6,24.12,23.93,24.06,23.93
24.625,1117.6,165.4,100.0,0.0,0.0,5,4049,0.101,0.204,76.8,75.5,76.4,75.6,24.12,23.93,24.06,23.93
24.641,1118.3,165.5,100.0,0.0,0.0,5,4052,0.098,0.176,76.8,75.5,76.4,75.6,24.12,23.93,24.06,23.93
24.656,1119.0,165.6,100.0,0.0,0.0,5,4053,0.106,0.194,76.8,75.5,76.4,75.6,24.12,23.93,24.06,23.93
24.672,1119.8,165.7,100.0,0.0,0.0,5,4057,0.09,0.19,76.8,75.5,76.4,75.6,24.12,23.93,24.06,23.93
24.687,1120.5,165.8,100.0,0.0,0.0,5,4057,0.083,0.194,76.8,75.5,76.4,75.5,24.12,23.93,24.06,23.93
24.703,1121.2,165.9,100.0,0.0,0.0,5,4063,0.066,0.161,76.8,75.5,76.4,75.5,24.12,23.92,24.06,23.93
24.718,1121.9,166.0,100.0,0.0,0.0,5,4070,0.081,0.178,76.8,75.5,76.4,75.5,24.12,23.92,24.06,23.93
24.734,1122.6,166.1,100.0,0.0,0.0,5,4070,0.052,0.198,76.8,75.5,76.4,75.5,24.12,23.92,24.06,23.93
24.749,1123.3,166.2,100.0,0.0,0.0,5,4071,0.049,0.183,76.8,75.5,76.4,75.5,24.12,23.92,24.06,23.93
24.765,1124.1,166.3,100.0,0.0,0.0,5,4071,0.049,0.198,76.8,75.5,76.4,75.5,24.12,23.92,24.06,23.93
24.78,1124.8,166.4,100.0,0.0,0.0,5,4071,0.046,0.204,76.8,75.5,76.4,75.5,24.12,23.92,24.06,23.92
24.795,1125.5,166.5,100.0,0.0,0.0,5,4073,0.034,0.188,76.8,75.5,76.4,75.5,24.12,23.92,24.06,23.92
24.811,1126.2,166.6,100.0,0.0,0.0,5,4079,0.034,0.192,76.8,75.5,76.4,75.5,24.12,23.92,24.06,23.92
24.827,1126.9,166.7,100.0,0.0,0.0,5,4088,0.031,0.187,76.8,75.5,76.4,75.5,24.12,23.92,24.06,23.92
24.843,1127.7,166.8,100.0,0.0,0.0,5,4091,0.04,0.208,76.8,75.5,76.4,75.5,24.12,23.92,24.06,23.92
24.859,1128.4,167.0,100.0,0.0,0.0,5,4096,0.022,0.191,76.8,75.5,76.4,75.5,24.12,23.92,24.06,23.92
24.874,1129.1,167.1,100.0,0.0,0.0,5,4103,0.014,0.178,76.8,75.5,76.4,75.5,24.12,23.92,24.06,23.92
24.89,1129.9,167.2,100.0,0.0,0.0,5,4108,-0.008,0.188,76.8,75.5,76.4,75.5,24.12,23.92,24.06,23.92
24.906,1130.6,167.3,100.0,0.0,0.0,5,4108,-0.005,0.201,76.8,75.5,76.4,75.5,24.12,23.92,24.06,23.92
24.921,1131.3,167.4,100.0,0.0,0.0,5,4103,-0.04,0.222,76.8,75.5,76.4,75.5,24.12,23.91,24.06,23.92
24.937,1132.0,167.5,100.0,0.0,0.0,5,4101,-0.038,0.197,76.8,75.5,76.4,75.5,24.12,23.91,24.06,23.92
24.952,1132.7,167.6,100.0,0.0,0.0,5,4097,-0.049,0.234,76.8,75.5,76.4,75.5,24.12,23.91,24.06,23.92
24.967,1133.5,167.7,100.0,0.0,0.0,5,4103,-0.066,0.184,76.8,75.5,76.4,75.5,24.12,23.91,24.06,23.92
24.983,1134.2,167.8,100.0,0.0,0.0,5,4103,-0.08,0.219,76.8,75.4,76.4,75.5,24.12,23.91,24.06,23.92
24.999,1134.9,168.0,100.0,0.0,0.0,5,4103,-0.077,0.212,76.8,75.4,76.4,75.5,24.12,23.91,24.06,23.92
25.014,1135.6,168.1,100.0,0.0,0.0,5,4103,-0.085,0.197,76.8,75.4,76.4,75.5,24.12,23.91,24.06,23.92
25.03,1136.4,168.2,100.0,0.0,-0.0,5,4107,-0.065,0.188,76.8,75.4,76.4,75.5,24.12,23.91,24.06,23.92
25.045,1137.1,168.3,100.0,0.0,-0.01,5,4107,-0.062,0.211,76.8,75.4,76.4,75.5,24.12,23.91,24.06,23.92
25.06,1137.8,168.4,100.0,0.0,-0.01,5,4111,-0.092,0.195,76.8,75.4,76.4,75.5,24.12,23.91,24.06,23.92
25.076,1138.5,168.5,100.0,0.0,-0.02,5,4113,-0.023,0.202,76.8,75.4,76.4,75.5,24.12,23.91,24.06,23.92
25.092,1139.3,168.6,100.0,0.0,-0.02,5,4116,0.031,0.189,76.8,75.4,76.4,75.5,24.12,23.91,24.06,23.92
25.107,1140.0,168.7,100.0,0.0,-0.02,5,4118,0.151,0.217,76.8,75.4,76.4,75.5,24.12,23.91,24.06,23.92
25.122,1140.7,168.8,100.0,0.0,-0.03,5,4119,0.018,0.196,76.8,75.4,76.4,75.5,24.12,23.91,24.06,23.92
25.138,1141.5,169.0,100.0,0.0,-0.04,5,4132,0.107,0.18,76.8,75.4,76.4,75.5,24.12,23.9,24.06,23.92
25.154,1142.2,169.1,100.0,0.0,-0.04,5,4141,0.229,0.18,76.8,75.4,76.4,75.5,24.12,23.9,24.06,23.92
25.17,1142.9,169.1,100.0,0.0,-0.04,5,4149,0.282,0.173,76.8,75.4,76.4,75.5,24.12,23.9,24.06,23.92
25.186,1143.7,169.2,100.0,0.0,-0.05,5,4154,0.327,0.174,76.8,75.4,76.3,75.5,24.12,23.9,24.06,23.91
25.201,1144.4,169.4,100.0,0.0,-0.05,5,4157,0.467,0.169,76.8,75.4,76.3,75.5,24.12,23.9,24.06,23.91
25.216,1145.1,169.5,100.0,0.0,-0.06,5,4149,0.563,0.203,76.8,75.4,76.3,75.5,24.12,23.9,24.06,23.91
25.232,1145.9,169.6,100.0,0.0,-0.06,5,4144,0.631,0.187,76.8,75.4,76.3,75.5,24.12,23.9,24.06,23.91
25.248,1146.6,169.7,100.0,0.0,-0.07,5,4145,0.649,0.187,76.8,75.4,76.3,75.5,24.12,23.9,24.06,23.91
25.263,1147.3,169.8,100.0,0.0,-0.07,5,4144,0.748,0.207,76.8,75.4,76.3,75.5,24.12,23.9,24.06,23.91
25.279,1148.1,169.9,100.0,0.0,-0.08,5,4146,0.828,0.197,76.8,75.4,76.3,75.5,24.12,23.9,24.05,23.91
25.294,1148.8,170.0,100.0,0.0,-0.08,5,4148,0.851,0.179,76.8,75.4,76.3,75.5,24.12,23.9,24.05,23.91
25.31,1149.5,170.1,100.0,0.0,-0.09,5,4156,0.732,0.192,76.8,75.4,76.3,75.5,24.12,23.9,24.05,23.91
25.325,1150.2,170.2,100.0,0.0,-0.09,5,4160,0.759,0.196,76.8,75.4,76.3,75.5,24.12,23.9,24.05,23.92
25.34,1151.0,170.3,100.0,0.0,-0.1,5,4165,0.774,0.194,76.8,75.4,76.3,75.5,24.12,23.9,24.05,23.92
25.357,1151.7,170.4,100.0,0.0,-0.1,5,4175,0.734,0.16,76.8,75.4,76.3,75.5,24.12,23.9,24.05,23.91
25.373,1152.5,170.5,100.0,0.0,-0.11,5,4195,0.588,0.177,76.8,75.4,76.3,75.5,24.12,23.9,24.05,23.91
25.388,1153.2,170.6,100.0,0.0,-0.11,5,4205,0.582,0.165,76.8,75.3,76.3,75.5,24.12,23.9,24.05,23.91
25.403,1154.0,170.6,100.0,0.0,-0.11,5,4210,0.661,0.182,76.8,75.3,76.3,75.5,24.12,23.89,24.05,23.91
25.419,1154.7,170.7,100.0,0.0,-0.12,5,4219,0.617,0.144,76.8,75.3,76.3,75.5,24.12,23.89,24.05,23.91
25.434,1155.4,170.8,100.0,0.0,-0.12,5,4263,0.481,0.083,76.7,75.3,76.3,75.5,24.12,23.89,24.05,23.91
25.45,1156.2,170.9,100.0,0.0,-0.13,5,4274,0.625,0.237,76.7,75.3,76.3,75.5,24.12,23.89,24.05,23.91
25.466,1156.9,171.0,100.0,0.0,-0.13,5,4235,0.792,0.299,76.7,75.3,76.3,75.5,24.12,23.89,24.05,23.91
25.482,1157.7,171.1,100.0,0.0,-0.14,5,4250,0.812,0.13,76.7,75.3,76.3,75.5,24.12,23.89,24.05,23.91
25.498,1158.5,171.1,100.0,0.0,-0.1,5,4311,0.847,0.089,76.7,75.3,76.3,75.5,24.12,23.89,24.05,23.91
25.514,1159.2,171.2,100.0,0.0,-0.05,5,4336,0.816,0.144,76.7,75.3,76.3,75.4,24.12,23.89,24.05,23.91
25.529,1159.9,171.3,100.0,0.0,-0.01,5,4321,0.831,0.299,76.7,75.3,76.3,75.4,24.12,23.89,24.05,23.91
25.545,1160.7,171.4,100.0,0.0,0.0,5,4261,0.809,0.374,76.7,75.3,76.3,75.4,24.12,23.89,24.05,23.91
25.561,1161.4,171.6,100.0,0.0,0.0,5,4239,0.816,0.23,76.7,75.3,76.3,75.4,24.12,23.89,24.05,23.91
25.576,1162.1,171.7,100.0,0.0,0.0,5,4247,0.844,0.186,76.7,75.3,76.3,75.4,24.12,23.89,24.05,23.91
25.591,1162.9,171.8,100.0,0.0,0.0,5,4249,0.94,0.196,76.7,75.3,76.3,75.4,24.12,23.89,24.05,23.91
25.606,1163.6,171.9,100.0,0.0,0.0,5,4249,0.97,0.204,76.7,75.3,76.3,75.4,24.12,23.89,24.05,23.91
25.622,1164.4,172.0,100.0,0.0,0.0,5,4243,1.107,0.22,76.7,75.3,76.3,75.4,24.12,23.89,24.05,23.91
25.638,1165.1,172.0,100.0,0.0,-0.0,5,4241,1.16,0.207,76.7,75.3,76.3,75.4,24.12,23.89,24.05,23.91
25.654,1165.9,172.1,100.0,0.0,-0.01,5,4245,1.158,0.191,76.7,75.3,76.3,75.4,24.12,23.89,24.05,23.91
25.669,1166.6,172.2,100.0,0.0,-0.01,5,4253,1.217,0.17,76.7,75.3,76.3,75.4,24.11,23.89,24.05,23.91
25.685,1167.4,172.3,100.0,0.0,-0.02,5,4234,1.274,0.269,76.7,75.3,76.3,75.4,24.11,23.88,24.05,23.91
25.701,1168.1,172.4,100.0,0.0,-0.02,5,4224,1.312,0.21,76.7,75.3,76.3,75.4,24.11,23.88,24.05,23.91
25.716,1168.9,172.5,100.0,0.0,-0.03,5,4223,1.314,0.202,76.7,75.3,76.3,75.4,24.11,23.88,24.05,23.91
25.731,1169.6,172.6,100.0,0.0,-0.03,5,4225,1.265,0.204,76.7,75.3,76.3,75.4,24.11,23.88,24.05,23.91
25.747,1170.4,172.7,100.0,0.0,-0.04,5,4229,1.245,0.206,76.7,75.3,76.3,75.4,24.11,23.88,24.04,23.91
25.763,1171.1,172.8,100.0,0.0,-0.04,5,4227,1.3,0.204,76.7,75.3,76.3,75.4,24.11,23.88,24.04,23.91
25.779,1171.9,172.9,100.0,0.0,-0.04,5,4230,1.222,0.198,76.7,75.3,76.3,75.4,24.11,23.88,24.04,23.91
25.794,1172.6,173.0,100.0,0.0,-0.05,5,4237,1.063,0.204,76.7,75.3,76.3,75.4,24.11,23.88,24.04,23.91
25.81,1173.4,173.1,100.0,0.0,-0.05,5,4237,0.945,0.222,76.7,75.3,76.3,75.4,24.11,23.88,24.04,23.91
25.825,1174.1,173.2,100.0,0.0,-0.06,5,4234,0.944,0.211,76.7,75.3,76.3,75.4,24.11,23.88,24.04,23.91
25.841,1174.8,173.3,100.0,0.0,-0.06,5,4248,0.807,0.174,76.7,75.3,76.3,75.4,24.11,23.88,24.04,23.91
25.857,1175.6,173.4,100.0,0.0,-0.07,5,4263,0.761,0.168,76.7,75.3,76.3,75.4,24.11,23.88,24.04,23.91
25.872,1176.4,173.5,100.0,0.0,-0.07,5,4255,0.672,0.243,76.7,75.3,76.3,75.4,24.11,23.88,24.04,23.91
25.888,1177.1,173.6,100.0,0.0,-0.08,5,4253,0.537,0.237,76.7,75.3,76.3,75.4,24.11,23.88,24.04,23.91
25.903,1177.9,173.7,100.0,0.0,-0.08,5,4259,0.533,0.221,76.7,75.2,76.3,75.4,24.11,23.88,24.04,23.91
25.919,1178.6,173.8,100.0,0.0,-0.09,5,4265,0.715,0.167,76.7,75.2,76.3,75.4,24.11,23.88,24.04,23.91
25.934,1179.3,173.9,100.0,0.0,-0.09,5,4286,0.665,0.182,76.7,75.2,76.3,75.4,24.11,23.88,24.04,23.91
25.951,1180.2,174.0,100.0,0.0,-0.09,5,4304,0.73,0.168,76.7,75.2,76.3,75.4,24.11,23.88,24.04,23.91
25.966,1180.9,174.1,100.0,0.0,-0.1,5,4295,0.837,0.226,76.7,75.2,76.3,75.4,24.11,23.88,24.04,23.91
25.981,1181.6,174.3,100.0,0.0,-0.1,5,4283,0.938,0.23,76.7,75.2,76.3,75.4,24.11,23.88,24.04,23.91
25.996,1182.4,174.4,100.0,0.0,-0.11,5,4279,0.966,0.208,76.7,75.2,76.3,75.4,24.11,23.88,24.04,23.91
26.012,1183.1,174.5,100.0,0.0,-0.11,5,4275,1.087,0.218,76.7,75.2,76.3,75.4,24.11,23.88,24.04,23.91
26.028,1183.9,174.6,100.0,0.0,-0.12,5,4276,1.069,0.202,76.7,75.2,76.3,75.4,24.11,23.88,24.04,23.91
26.043,1184.6,174.7,100.0,0.0,-0.12,5,4278,1.093,0.207,76.7,75.2,76.3,75.4,24.11,23.88,24.04,23.91
26.059,1185.4,174.8,100.0,0.0,-0.13,5,4280,1.126,0.2,76.7,75.2,76.3,75.4,24.11,23.88,24.04,23.91
26.075,1186.2,174.9,100.0,0.0,-0.13,5,4278,1.203,0.194,76.7,75.2,76.2,75.4,24.11,23.88,24.04,23.91
26.091,1186.9,175.0,100.0,0.0,-0.13,5,4287,1.195,0.171,76.7,75.2,76.2,75.4,24.11,23.88,24.04,23.91
26.106,1187.7,175.0,100.0,0.0,-0.14,5,4294,1.227,0.176,76.7,75.2,76.2,75.4,24.11,23.87,24.04,23.91
26.12,1188.4,175.1,100.0,0.0,-0.14,5,4300,1.299,0.176,76.7,75.2,76.2,75.4,24.11,23.87,24.04,23.91
26.136,1189.1,175.2,100.0,0.0,-0.15,5,4303,1.412,0.162,76.7,75.2,76.2,75.4,24.11,23.87,24.04,23.91
26.151,1189.9,175.3,100.0,0.0,-0.15,5,4309,1.435,0.158,76.7,75.2,76.2,75.4,24.11,23.87,24.04,23.91
26.166,1190.6,175.3,100.0,0.0,-0.16,5,4310,1.42,0.177,76.7,75.2,76.2,75.4,24.11,23.87,24.04,23.91
26.182,1191.4,175.4,100.0,0.0,-0.14,5,4309,1.488,0.199,76.7,75.2,76.2,75.4,24.1,23.87,24.04,23.91
26.197,1192.1,175.5,100.0,0.0,-0.09,5,4302,1.488,0.204,76.7,75.2,76.2,75.4,24.1,23.87,24.04,23.91
26.212,1192.9,175.6,100.0,0.0,-0.05,5,4306,1.328,0.184,76.7,75.2,76.2,75.4,24.1,23.87,24.04,23.91
26.228,1193.6,175.7,100.0,0.0,0.0,5,4315,1.257,0.193,76.6,75.2,76.2,75.4,24.1,23.87,24.04,23.91
26.243,1194.4,175.8,100.0,0.0,0.0,5,4319,1.154,0.219,76.6,75.2,76.2,75.4,24.1,23.87,24.04,23.91
26.258,1195.1,175.9,100.0,0.0,0.0,5,4324,1.132,0.206,76.6,75.2,76.2,75.4,24.1,23.87,24.04,23.91
26.274,1195.9,175.9,100.0,0.0,0.0,5,4331,1.134,0.209,76.6,75.2,76.2,75.4,24.1,23.87,24.04,23.91
26.289,1196.6,176.0,100.0,0.0,0.0,5,4328,1.145,0.23,76.6,75.2,76.2,75.4,24.1,23.87,24.04,23.91
26.304,1197.3,176.1,100.0,0.0,0.0,5,4332,1.106,0.204,76.6,75.2,76.2,75.4,24.1,23.87,24.04,23.91
26.32,1198.1,176.2,100.0,0.0,0.0,5,4330,1.107,0.239,76.6,75.2,76.2,75.4,24.1,23.87,24.04,23.91
26.336,1198.9,176.4,100.0,0.0,0.0,5,4328,1.116,0.214,76.6,75.2,76.2,75.4,24.1,23.87,24.04,23.91
26.352,1199.7,176.5,100.0,0.0,0.0,5,4331,1.076,0.225,76.6,75.2,76.2,75.4,24.1,23.87,24.04,23.91
26.367,1200.4,176.6,100.0,0.0,0.0,5,4329,1.07,0.228,76.6,75.2,76.2,75.4,24.1,23.87,24.04,23.91
26.383,1201.2,176.7,100.0,0.0,0.0,5,4331,1.048,0.217,76.6,75.2,76.2,75.4,24.1,23.87,24.03,23.91
26.399,1202.0,176.8,100.0,0.0,0.0,5,4329,1.042,0.22,76.6,75.2,76.2,75.4,24.1,23.87,24.03,23.91
26.414,1202.7,176.9,100.0,0.0,0.0,5,4329,0.961,0.23,76.6,75.2,76.2,75.4,24.1,23.87,24.03,23.91
26.429,1203.5,177.0,100.0,0.0,0.0,5,4324,0.882,0.26,76.6,75.2,76.2,75.4,24.1,23.87,24.03,23.91
26.445,1204.3,177.1,100.0,0.0,0.0,5,4322,0.833,0.229,76.6,75.2,76.2,75.4,24.1,23.87,24.03,23.91
26.461,1205.0,177.2,100.0,0.0,0.0,5,4328,0.735,0.212,76.6,75.2,76.2,75.4,24.1,23.87,24.03,23.91
26.476,1205.8,177.4,100.0,0.0,0.0,5,4338,0.608,0.195,76.6,75.2,76.2,75.4,24.1,23.87,24.03,23.91
26.492,1206.6,177.5,100.0,0.0,0.0,5,4342,0.556,0.219,76.6,75.2,76.2,75.4,24.1,23.87,24.03,23.91
26.508,1207.4,177.6,100.0,0.0,0.0,5,4346,0.487,0.218,76.6,75.2,76.2,75.4,24.1,23.87,24.03,23.91
26.524,1208.1,177.7,100.0,0.0,0.0,5,4348,0.429,0.232,76.6,75.2,76.2,75.4,24.1,23.87,24.03,23.91
26.539,1208.9,177.8,100.0,0.0,0.0,5,4348,0.381,0.232,76.6,75.2,76.2,75.4,24.1,23.87,24.03,23.91
26.555,1209.7,178.0,100.0,0.0,0.0,5,4349,0.333,0.226,76.6,75.2,76.2,75.4,24.1,23.87,24.03,23.91
26.57,1210.5,178.1,100.0,0.0,0.0,5,4352,0.298,0.223,76.6,75.2,76.2,75.4,24.1,23.87,24.03,23.91
26.586,1211.2,178.2,100.0,0.0,0.0,5,4355,0.254,0.22,76.6,75.2,76.2,75.4,24.1,23.87,24.03,23.91
26.602,1212.0,178.3,100.0,0.0,0.0,5,4357,0.221,0.225,76.6,75.2,76.2,75.4,24.1,23.87,24.03,23.91
26.617,1212.8,178.5,100.0,0.0,0.0,5,4357,0.193,0.248,76.6,75.2,76.2,75.4,24.1,23.87,24.03,23.91
26.632,1213.5,178.6,100.0,0.0,0.0,5,4360,0.154,0.22,76.6,75.2,76.2,75.4,24.1,23.86,24.03,23.91
26.648,1214.3,178.7,100.0,0.0,0.0,5,4363,0.145,0.233,76.6,75.2,76.2,75.4,24.1,23.86,24.03,23.91
26.664,1215.1,178.8,100.0,0.0,0.0,5,4367,0.104,0.225,76.6,75.1,76.2,75.4,24.1,23.86,24.03,23.91
26.679,1215.8,178.9,100.0,0.0,0.0,5,4371,0.112,0.22,76.6,75.1,76.2,75.4,24.1,23.86,24.03,23.91
26.695,1216.6,179.1,100.0,0.0,0.0,5,4373,0.089,0.241,76.6,75.1,76.2,75.4,24.1,23.86,24.03,23.91
26.71,1217.4,179.2,100.0,0.0,0.0,5,4375,0.061,0.223,76.6,75.1,76.2,75.4,24.1,23.86,24.03,23.91
26.726,1218.2,179.3,100.0,0.0,0.0,5,4378,0.064,0.228,76.6,75.1,76.2,75.4,24.1,23.86,24.03,23.91
26.741,1218.9,179.4,100.0,0.0,0.0,5,4380,0.04,0.222,76.6,75.1,76.2,75.4,24.1,23.86,24.03,23.91
26.757,1219.7,179.6,100.0,0.0,0.0,5,4383,0.047,0.227,76.6,75.1,76.2,75.4,24.1,23.86,24.03,23.9
26.772,1220.5,179.7,100.0,0.0,-0.0,5,4388,0.025,0.22,76.6,75.1,76.2,75.4,24.1,23.86,24.03,23.9
26.788,1221.3,179.8,100.0,0.0,-0.01,5,4392,0.044,0.223,76.6,75.1,76.2,75.4,24.1,23.86,24.03,23.9
26.803,1222.0,179.9,100.0,0.0,-0.01,5,4395,0.067,0.225,76.6,75.1,76.2,75.4,24.1,23.86,24.03,23.9
26.819,1222.8,180.1,100.0,0.0,-0.02,5,4396,0.069,0.22,76.6,75.1,76.2,75.4,24.1,23.86,24.03,23.9
26.835,1223.6,180.2,100.0,0.0,-0.02,5,4396,0.104,0.219,76.6,75.1,76.2,75.4,24.1,23.86,24.03,23.9
26.851,1224.4,180.3,100.0,0.0,-0.02,5,4400,0.121,0.218,76.6,75.1,76.2,75.4,24.1,23.86,24.03,23.9
26.867,1225.2,180.4,100.0,0.0,-0.03,5,4405,0.163,0.215,76.6,75.1,76.2,75.4,24.1,23.86,24.03,23.9
26.883,1226.0,180.6,100.0,0.0,-0.03,5,4409,0.176,0.21,76.6,75.1,76.2,75.4,24.1,23.86,24.03,23.9
26.899,1226.8,180.7,100.0,0.0,-0.04,5,4415,0.222,0.224,76.6,75.1,76.2,75.4,24.1,23.86,24.03,23.9
26.914,1227.6,180.8,100.0,0.0,-0.04,5,4416,0.253,0.233,76.6,75.1,76.2,75.4,24.1,23.86,24.03,23.9
26.93,1228.4,180.9,100.0,0.0,0.0,5,4417,0.239,0.212,76.6,75.1,76.2,75.4,24.1,23.86,24.03,23.9
26.945,1229.1,181.0,100.0,0.0,0.0,5,4422,0.143,0.219,76.6,75.1,76.2,75.4,24.1,23.85,24.03,23.9
26.96,1229.9,181.2,100.0,0.0,0.0,5,4426,0.155,0.225,76.6,75.1,76.2,75.4,24.1,23.85,24.03,23.9
26.976,1230.7,181.3,100.0,0.0,0.0,5,4431,0.163,0.227,76.6,75.1,76.2,75.4,24.1,23.85,24.03,23.9
26.991,1231.5,181.4,100.0,0.0,0.0,5,4432,0.175,0.228,76.6,75.1,76.2,75.4,24.1,23.85,24.03,23.9
27.007,1232.3,181.5,100.0,0.0,0.0,5,4436,0.175,0.201,76.6,75.1,76.2,75.4,24.1,23.85,24.03,23.9
27.022,1233.0,181.7,100.0,0.0,0.0,5,4440,0.205,0.212,76.6,75.1,76.2,75.4,24.09,23.85,24.03,23.9
27.037,1233.8,181.8,100.0,0.0,0.0,5,4442,0.178,0.219,76.6,75.1,76.2,75.4,24.09,23.85,24.03,23.9
27.054,1234.6,181.9,100.0,0.0,0.0,5,4444,0.186,0.225,76.6,75.1,76.2,75.4,24.09,23.85,24.03,23.9
27.069,1235.4,182.0,100.0,0.0,0.0,5,4443,0.187,0.229,76.6,75.1,76.2,75.4,24.09,23.85,24.03,23.9
27.085,1236.2,182.1,100.0,0.0,0.0,5,4446,0.16,0.216,76.6,75.1,76.2,75.4,24.09,23.85,24.03,23.9
27.101,1237.0,182.3,100.0,0.0,0.0,5,4448,0.161,0.22,76.6,75.1,76.2,75.4,24.09,23.85,24.03,23.9
27.116,1237.8,182.4,100.0,0.0,0.0,5,4451,0.13,0.231,76.6,75.1,76.2,75.4,24.09,23.85,24.03,23.9
27.131,1238.6,182.5,100.0,0.0,-0.0,5,4454,0.126,0.219,76.6,75.1,76.2,75.4,24.09,23.85,24.03,23.9
27.146,1239.3,182.6,100.0,0.0,-0.01,5,4458,0.12,0.22,76.6,75.1,76.2,75.4,24.09,23.85,24.03,23.9
27.162,1240.1,182.7,100.0,0.0,-0.01,5,4463,0.121,0.207,76.6,75.0,76.2,75.4,24.09,23.85,24.03,23.9
27.178,1240.9,182.9,100.0,0.0,-0.01,5,4470,0.143,0.216,76.6,75.0,76.2,75.4,24.09,23.85,24.03,23.9
27.193,1241.7,183.0,100.0,0.0,-0.02,5,4474,0.139,0.233,76.6,75.0,76.2,75.4,24.09,23.85,24.03,23.9
27.209,1242.5,183.1,100.0,0.0,-0.02,5,4473,0.153,0.236,76.6,75.0,76.2,75.4,24.09,23.85,24.03,23.9
27.225,1243.3,183.2,100.0,0.0,-0.03,5,4473,0.182,0.224,76.6,75.0,76.2,75.4,24.09,23.85,24.03,23.9
27.24,1244.1,183.3,100.0,0.0,-0.03,5,4479,0.21,0.211,76.6,75.0,76.2,75.4,24.09,23.85,24.03,23.9
27.255,1244.9,183.5,100.0,0.0,-0.03,5,4485,0.239,0.214,76.6,75.0,76.2,75.4,24.09,23.84,24.03,23.9
27.271,1245.7,183.6,100.0,0.0,-0.04,5,4486,0.255,0.231,76.6,75.0,76.2,75.4,24.09,23.84,24.03,23.9
27.286,1246.4,183.7,100.0,0.0,-0.04,5,4488,0.312,0.224,76.6,75.0,76.2,75.4,24.09,23.84,24.03,23.9
27.302,1247.2,183.8,100.0,0.0,-0.05,5,4488,0.351,0.225,76.6,75.0,76.2,75.4,24.09,23.84,24.03,23.9
27.317,1248.0,183.9,100.0,0.0,-0.05,5,4493,0.398,0.21,76.6,75.0,76.2,75.4,24.09,23.84,24.03,23.9
27.333,1248.8,184.1,100.0,0.0,-0.02,5,4500,0.455,0.202,76.6,75.0,76.2,75.4,24.09,23.84,24.03,23.9
27.349,1249.6,184.2,100.0,0.0,0.0,5,4500,0.294,0.232,76.6,75.0,76.2,75.4,24.09,23.84,24.03,23.9
27.365,1250.5,184.3,100.0,0.0,0.0,5,4505,0.283,0.214,76.6,75.0,76.2,75.4,24.09,23.84,24.03,23.9
27.38,1251.3,184.4,100.0,0.0,0.0,5,4505,0.3,0.222,76.6,75.0,76.2,75.4,24.09,23.84,24.03,23.9
27.396,1252.1,184.5,100.0,0.0,0.0,5,4503,0.334,0.242,76.6,75.0,76.2,75.4,24.09,23.84,24.03,23.9
27.411,1252.8,184.7,100.0,0.0,0.0,5,4507,0.301,0.204,76.6,75.0,76.2,75.4,24.09,23.84,24.03,23.9
27.427,1253.6,184.8,100.0,0.0,0.0,5,4512,0.298,0.219,76.6,75.0,76.2,75.4,24.09,23.84,24.03,23.9
27.442,1254.4,184.9,100.0,0.0,0.0,5,4514,0.282,0.224,76.6,75.0,76.2,75.4,24.09,23.84,24.03,23.9
27.458,1255.3,185.0,100.0,0.0,0.0,5,4518,0.273,0.212,76.6,75.0,76.2,75.4,24.09,23.84,24.03,23.9
27.474,1256.0,185.2,100.0,0.0,0.0,5,4522,0.262,0.223,76.6,75.0,76.2,75.4,24.09,23.84,24.03,23.9
27.489,1256.9,185.3,100.0,0.0,0.0,5,4527,0.248,0.221,76.6,75.0,76.2,75.4,24.09,23.84,24.03,23.9
27.505,1257.6,185.4,100.0,0.0,0.0,5,4527,0.228,0.225,76.6,75.0,76.2,75.4,24.09,23.84,24.03,23.9
27.52,1258.4,185.5,100.0,0.0,0.0,5,4527,0.21,0.219,76.6,75.0,76.2,75.4,24.09,23.84,24.03,23.9
27.536,1259.2,185.6,100.0,0.0,0.0,5,4528,0.191,0.232,76.6,75.0,76.2,75.4,24.09,23.84,24.03,23.9
27.551,1260.0,185.8,100.0,0.0,0.0,5,4532,0.181,0.221,76.6,75.0,76.2,75.4,24.09,23.84,24.03,23.9
27.566,1260.8,185.9,100.0,0.0,0.0,5,4538,0.134,0.2,76.6,75.0,76.2,75.4,24.09,23.84,24.03,23.9
27.582,1261.6,186.0,100.0,0.0,0.0,5,4539,0.115,0.234,76.6,75.0,76.2,75.4,24.09,23.84,24.03,23.9
27.597,1262.4,186.1,100.0,0.0,0.0,5,4543,0.094,0.218,76.6,75.0,76.2,75.4,24.09,23.83,24.03,23.9
27.613,1263.3,186.2,100.0,0.0,0.0,5,4550,0.067,0.215,76.6,75.0,76.2,75.4,24.09,23.83,24.03,23.9
27.629,1264.1,186.4,100.0,0.0,0.0,5,4552,0.07,0.217,76.6,75.0,76.2,75.4,24.09,23.83,24.03,23.9
27.645,1264.9,186.5,100.0,0.0,0.0,5,4554,0.059,0.23,76.5,75.0,76.2,75.4,24.09,23.83,24.03,23.9
27.661,1265.7,186.6,100.0,0.0,0.0,5,4554,0.06,0.218,76.5,75.0,76.2,75.4,24.09,23.83,24.03,23.9
27.677,1266.5,186.7,100.0,0.0,-0.0,5,4558,0.075,0.226,76.5,75.0,76.2,75.4,24.09,23.83,24.03,23.9
27.692,1267.3,186.8,100.0,0.0,-0.01,5,4562,0.047,0.212,76.5,74.9,76.2,75.4,24.09,23.83,24.03,23.9
27.708,1268.2,187.0,100.0,0.0,-0.01,5,4566,0.089,0.213,76.5,74.9,76.2,75.4,24.09,23.83,24.03,23.9
27.724,1269.0,187.1,100.0,0.0,-0.02,5,4567,0.118,0.226,76.5,74.9,76.2,75.4,24.09,23.83,24.03,23.9
27.74,1269.8,187.2,100.0,0.0,-0.02,5,4566,0.102,0.239,76.5,74.9,76.2,75.4,24.09,23.83,24.03,23.9
27.756,1270.7,187.3,100.0,0.0,-0.02,5,4567,0.127,0.221,76.5,74.9,76.2,75.4,24.09,23.83,24.03,23.9
27.772,1271.5,187.4,100.0,0.0,-0.03,5,4570,0.144,0.212,76.5,74.9,76.2,75.4,24.09,23.83,24.03,23.9
27.787,1272.3,187.6,100.0,0.0,-0.03,5,4577,0.17,0.219,76.5,74.9,76.2,75.4,24.09,23.83,24.03,23.9
27.802,1273.1,187.7,100.0,0.0,-0.03,5,4580,0.202,0.214,76.5,74.9,76.2,75.4,24.09,23.83,24.03,23.9
27.817,1273.9,187.8,100.0,0.0,-0.03,5,4583,0.251,0.218,76.5,74.9,76.2,75.4,24.09,23.83,24.03,23.9
27.834,1274.7,187.9,100.0,0.0,0.0,5,4590,0.157,0.206,76.5,74.9,76.2,75.4,24.09,23.83,24.03,23.9
27.849,1275.5,188.0,100.0,0.0,0.0,5,4596,0.128,0.204,76.5,74.9,76.2,75.4,24.09,23.83,24.03,23.9
27.865,1276.3,188.1,100.0,0.0,0.0,5,4598,0.154,0.222,76.5,74.9,76.2,75.4,24.09,23.83,24.03,23.9
27.88,1277.1,188.3,100.0,0.0,0.0,5,4601,0.162,0.209,76.5,74.9,76.2,75.4,24.09,23.83,24.03,23.9
27.895,1277.9,188.4,100.0,0.0,0.0,5,4604,0.192,0.218,76.5,74.9,76.2,75.4,24.09,23.82,24.03,23.9
27.912,1278.8,188.5,100.0,0.0,0.0,5,4604,0.182,0.24,76.5,74.9,76.2,75.4,24.09,23.82,24.03,23.9
27.926,1279.6,188.6,100.0,0.0,0.0,5,4603,0.184,0.233,76.5,74.9,76.2,75.4,24.09,23.82,24.03,23.9
27.942,1280.4,188.7,100.0,0.0,0.0,5,4605,0.176,0.22,76.5,74.9,76.2,75.4,24.08,23.82,24.03,23.9
27.957,1281.2,188.9,100.0,0.0,0.0,5,4612,0.16,0.202,76.5,74.9,76.2,75.4,24.08,23.82,24.03,23.9
27.973,1282.0,189.0,100.0,0.0,0.0,5,4617,0.14,0.217,76.5,74.9,76.2,75.4,24.08,23.82,24.03,23.9
27.989,1282.8,189.1,100.0,0.0,0.0,5,4621,0.127,0.21,76.5,74.9,76.2,75.4,24.08,23.82,24.03,23.9
28.005,1283.7,189.2,100.0,0.0,0.0,5,4623,0.109,0.214,76.5,74.9,76.2,75.4,24.08,23.82,24.03,23.9
28.021,1284.5,189.3,100.0,0.0,0.0,5,4624,0.111,0.217,76.5,74.9,76.2,75.4,24.08,23.82,24.03,23.9
28.036,1285.3,189.5,100.0,0.0,0.0,5,4624,0.096,0.207,76.5,74.9,76.2,75.4,24.08,23.82,24.03,23.9
28.052,1286.1,189.6,100.0,0.0,0.0,5,4627,0.09,0.222,76.5,74.9,76.2,75.4,24.08,23.82,24.03,23.9
28.067,1286.9,189.7,100.0,0.0,0.0,5,4629,0.078,0.222,76.5,74.9,76.2,75.4,24.08,23.82,24.03,23.9
28.083,1287.8,189.8,100.0,0.0,0.0,5,4629,0.073,0.223,76.5,74.9,76.2,75.4,24.08,23.82,24.03,23.9
28.098,1288.6,189.9,100.0,0.0,0.0,5,4631,0.082,0.221,76.5,74.9,76.2,75.4,24.08,23.82,24.03,23.9
28.114,1289.4,190.1,100.0,0.0,0.0,5,4637,0.071,0.219,76.5,74.9,76.2,75.4,24.08,23.82,24.03,23.9
28.129,1290.2,190.2,100.0,0.0,0.0,5,4637,0.052,0.23,76.5,74.9,76.2,75.4,24.08,23.82,24.03,23.9
28.144,1291.0,190.3,100.0,0.0,0.0,5,4641,0.05,0.206,76.5,74.9,76.2,75.4,24.08,23.82,24.03,23.9
28.16,1291.9,190.4,100.0,0.0,0.0,5,4647,0.061,0.211,76.5,74.8,76.2,75.4,24.08,23.82,24.03,23.9
28.176,1292.7,190.5,100.0,0.0,0.0,5,4651,0.033,0.207,76.5,74.8,76.2,75.4,24.08,23.82,24.03,23.9
28.192,1293.5,190.6,100.0,0.0,0.0,5,4656,0.008,0.209,76.5,74.8,76.2,75.4,24.08,23.81,24.03,23.9
28.208,1294.4,190.8,100.0,0.0,0.0,5,4656,0.037,0.218,76.5,74.8,76.2,75.4,24.08,23.81,24.03,23.9
28.223,1295.2,190.9,100.0,0.0,0.0,5,4660,0.012,0.202,76.5,74.8,76.2,75.4,24.08,23.81,24.03,23.9
28.238,1296.0,191.0,100.0,0.0,0.0,5,4661,0.018,0.217,76.5,74.8,76.2,75.4,24.08,23.81,24.03,23.9
28.254,1296.8,191.1,100.0,0.0,0.0,5,4663,-0.003,0.205,76.5,74.8,76.2,75.4,24.08,23.81,24.03,23.9
28.27,1297.7,191.2,100.0,0.0,0.0,5,4667,-0.008,0.212,76.5,74.8,76.2,75.4,24.08,23.81,24.03,23.9
28.284,1298.5,191.3,100.0,0.0,0.0,5,4667,-0.004,0.22,76.5,74.8,76.2,75.4,24.08,23.81,24.03,23.9
28.3,1299.3,191.5,100.0,0.0,0.0,5,4668,0.012,0.208,76.5,74.8,76.2,75.4,24.08,23.81,24.03,23.9
28.315,1300.1,191.6,100.0,0.0,0.0,5,4673,-0.001,0.21,76.5,74.8,76.2,75.4,24.08,23.81,24.03,23.9
28.331,1300.9,191.7,100.0,0.0,0.0,5,4677,-0.003,0.206,76.5,74.8,76.2,75.3,24.08,23.81,24.03,23.9
28.347,1301.8,191.8,100.0,0.0,0.0,5,4681,-0.001,0.201,76.5,74.8,76.2,75.3,24.08,23.81,24.03,23.9
28.363,1302.6,191.9,100.0,0.0,0.0,5,4687,0.024,0.206,76.5,74.8,76.2,75.3,24.08,23.81,24.03,23.9
28.378,1303.5,192.0,100.0,0.0,0.0,5,4692,-0.003,0.215,76.5,74.8,76.2,75.3,24.08,23.81,24.03,23.9
28.393,1304.3,192.1,100.0,0.0,0.0,5,4691,0.011,0.213,76.5,74.8,76.2,75.3,24.08,23.81,24.03,23.9
28.41,1305.1,192.3,100.0,0.0,0.0,5,4695,0.0,0.209,76.5,74.8,76.2,75.3,24.08,23.81,24.03,23.9
28.425,1306.0,192.4,100.0,0.0,0.0,5,4697,-0.031,0.216,76.5,74.8,76.2,75.3,24.08,23.81,24.03,23.9
28.441,1306.8,192.5,100.0,0.0,0.0,5,4700,-0.032,0.224,76.5,74.8,76.2,75.3,24.08,23.81,24.03,23.89
28.457,1307.7,192.6,100.0,0.0,-0.0,5,4701,-0.027,0.211,76.5,74.8,76.2,75.3,24.08,23.81,24.03,23.89
28.473,1308.5,192.7,100.0,0.0,-0.01,5,4704,-0.0,0.208,76.5,74.8,76.2,75.3,24.08,23.8,24.03,23.89
28.489,1309.4,192.9,100.0,0.0,-0.01,5,4708,0.025,0.206,76.5,74.8,76.2,75.3,24.08,23.8,24.03,23.89
28.504,1310.2,193.0,100.0,0.0,-0.01,5,4708,0.05,0.213,76.5,74.8,76.2,75.3,24.08,23.8,24.03,23.89
28.52,1311.1,193.1,100.0,0.0,-0.02,5,4709,0.093,0.216,76.5,74.8,76.2,75.3,24.08,23.8,24.03,23.89
28.536,1311.9,193.2,100.0,0.0,-0.02,5,4713,0.105,0.2,76.5,74.8,76.2,75.3,24.08,23.8,24.03,23.89
28.551,1312.7,193.3,100.0,0.0,-0.02,5,4717,0.151,0.211,76.5,74.8,76.2,75.3,24.08,23.8,24.03,23.89
28.567,1313.6,193.4,100.0,0.0,-0.03,5,4718,0.177,0.212,76.5,74.8,76.2,75.3,24.08,23.8,24.03,23.89
28.584,1314.5,193.5,100.0,0.0,-0.03,5,4721,0.204,0.21,76.5,74.8,76.2,75.3,24.08,23.8,24.03,23.89
28.599,1315.3,193.7,100.0,0.0,0.0,5,4726,0.211,0.198,76.5,74.8,76.2,75.3,24.08,23.8,24.03,23.89
28.615,1316.2,193.8,100.0,0.0,0.0,5,4734,0.106,0.193,76.5,74.7,76.2,75.3,24.08,23.8,24.03,23.89
28.631,1317.0,193.9,100.0,0.0,0.0,5,4738,0.105,0.214,76.5,74.7,76.2,75.3,24.08,23.8,24.03,23.89
28.646,1317.8,194.0,100.0,0.0,0.0,5,4738,0.162,0.205,76.5,74.7,76.2,75.3,24.08,23.8,24.03,23.89
28.662,1318.7,194.1,100.0,0.0,0.0,5,4734,0.174,0.226,76.5,74.7,76.2,75.3,24.08,23.8,24.03,23.89
28.677,1319.5,194.2,100.0,0.0,0.0,5,4735,0.171,0.213,76.5,74.7,76.2,75.3,24.08,23.8,24.03,23.89
28.693,1320.4,194.4,100.0,0.0,0.0,5,4741,0.137,0.204,76.5,74.7,76.2,75.3,24.08,23.8,24.03,23.89
28.709,1321.2,194.5,100.0,0.0,0.0,5,4746,0.133,0.202,76.5,74.7,76.2,75.3,24.08,23.8,24.03,23.89
28.725,1322.1,194.6,100.0,0.0,0.0,5,4749,0.126,0.205,76.5,74.7,76.2,75.3,24.08,23.8,24.03,23.89
28.74,1322.9,194.7,100.0,0.0,0.0,5,4750,0.136,0.216,76.5,74.7,76.2,75.3,24.08,23.8,24.03,23.89
28.757,1323.8,194.8,100.0,0.0,0.0,5,4756,0.122,0.184,76.5,74.7,76.2,75.3,24.08,23.8,24.03,23.89
28.772,1324.6,194.9,100.0,0.0,0.0,5,4759,0.09,0.207,76.5,74.7,76.2,75.3,24.08,23.79,24.03,23.89
28.788,1325.5,195.0,100.0,0.0,0.0,5,4760,0.105,0.198,76.5,74.7,76.2,75.3,24.08,23.79,24.03,23.89
28.803,1326.3,195.1,100.0,0.0,0.0,5,4759,0.093,0.212,76.5,74.7,76.2,75.3,24.08,23.79,24.03,23.89
28.818,1327.1,195.3,100.0,0.0,0.0,5,4760,0.099,0.209,76.5,74.7,76.2,75.3,24.08,23.79,24.03,23.89
28.834,1328.0,195.4,100.0,0.0,0.0,5,4765,0.086,0.19,76.5,74.7,76.2,75.3,24.07,23.79,24.03,23.89
28.85,1328.9,195.5,100.0,0.0,0.0,5,4766,0.052,0.207,76.5,74.7,76.2,75.3,24.07,23.79,24.03,23.89
28.866,1329.7,195.6,100.0,0.0,0.0,5,4769,0.07,0.204,76.5,74.7,76.2,75.3,24.07,23.79,24.03,23.89
28.881,1330.5,195.7,100.0,0.0,0.0,5,4771,0.054,0.204,76.5,74.7,76.2,75.3,24.07,23.79,24.03,23.89
28.897,1331.4,195.8,100.0,0.0,0.0,5,4782,0.018,0.178,76.5,74.7,76.2,75.3,24.07,23.79,24.03,23.89
28.913,1332.3,195.9,100.0,0.0,0.0,5,4785,0.027,0.209,76.5,74.7,76.2,75.3,24.07,23.79,24.03,23.89
28.929,1333.1,196.1,100.0,0.0,0.0,5,4782,0.027,0.225,76.5,74.7,76.2,75.3,24.07,23.79,24.03,23.89
28.944,1334.0,196.2,100.0,0.0,0.0,5,4787,0.021,0.207,76.5,74.7,76.2,75.3,24.07,23.79,24.03,23.89
28.96,1334.8,196.3,100.0,0.0,0.0,5,4794,0.021,0.199,76.5,74.7,76.2,75.3,24.07,23.79,24.03,23.89
28.975,1335.7,196.4,100.0,0.0,0.0,5,4807,0.017,0.186,76.4,74.7,76.2,75.3,24.07,23.79,24.03,23.89
28.991,1336.5,196.5,100.0,0.0,0.0,5,4807,0.02,0.212,76.4,74.7,76.2,75.3,24.07,23.79,24.03,23.89
29.006,1337.4,196.6,100.0,0.0,0.0,5,4808,0.013,0.208,76.4,74.7,76.2,75.3,24.07,23.79,24.03,23.89
29.022,1338.2,196.7,100.0,0.0,0.0,5,4807,0.012,0.215,76.4,74.7,76.2,75.3,24.07,23.79,24.03,23.89
29.037,1339.0,196.8,100.0,0.0,0.0,5,4809,-0.006,0.191,76.4,74.7,76.2,75.3,24.07,23.78,24.03,23.89
29.052,1339.9,196.9,100.0,0.0,0.0,5,4811,-0.011,0.211,76.4,74.7,76.2,75.3,24.07,23.78,24.03,23.89
29.067,1340.7,197.0,100.0,0.0,0.0,5,4810,0.003,0.23,76.4,74.6,76.2,75.3,24.07,23.78,24.03,23.89
29.084,1341.6,197.2,100.0,0.0,0.0,5,4809,-0.01,0.221,76.4,74.6,76.2,75.3,24.07,23.78,24.03,23.89
29.099,1342.5,197.3,100.0,0.0,0.0,5,4810,0.011,0.222,76.4,74.6,76.2,75.3,24.07,23.78,24.03,23.89
29.114,1343.3,197.4,100.0,0.0,-0.0,5,4816,0.003,0.195,76.4,74.6,76.2,75.3,24.07,23.78,24.03,23.89
29.13,1344.1,197.5,100.0,0.0,-0.01,5,4818,0.029,0.212,76.4,74.6,76.2,75.3,24.07,23.78,24.03,23.89
29.146,1345.0,197.6,100.0,0.0,-0.01,5,4817,0.036,0.223,76.4,74.6,76.2,75.3,24.07,23.78,24.03,23.89
29.161,1345.8,197.8,100.0,0.0,-0.01,5,4820,0.086,0.204,76.4,74.6,76.2,75.3,24.07,23.78,24.03,23.89
29.176,1346.7,197.8,100.0,0.0,-0.02,5,4827,0.087,0.196,76.4,74.6,76.2,75.3,24.07,23.78,24.03,23.89
29.191,1347.5,198.0,100.0,0.0,-0.02,5,4830,0.107,0.198,76.4,74.6,76.2,75.3,24.07,23.78,24.03,23.89
29.207,1348.4,198.1,100.0,0.0,0.0,5,4832,0.12,0.206,76.4,74.6,76.2,75.3,24.07,23.78,24.03,23.89
29.222,1349.2,198.2,100.0,0.0,0.0,5,4833,0.052,0.207,76.4,74.6,76.2,75.3,24.07,23.78,24.03,23.89
29.238,1350.1,198.3,100.0,0.0,0.0,5,4838,0.038,0.188,76.4,74.6,76.2,75.3,24.07,23.78,24.03,23.89
29.253,1350.9,198.4,100.0,0.0,0.0,5,4845,0.077,0.182,76.4,74.6,76.2,75.3,24.07,23.78,24.03,23.89
29.268,1351.8,198.5,100.0,0.0,0.0,5,4845,0.071,0.223,76.4,74.6,76.2,75.3,24.07,23.78,24.03,23.89
29.284,1352.6,198.6,100.0,0.0,0.0,5,4845,0.061,0.208,76.4,74.6,76.2,75.3,24.07,23.78,24.03,23.89
29.299,1353.5,198.7,100.0,0.0,0.0,5,4845,0.082,0.21,76.4,74.6,76.2,75.3,24.07,23.78,24.03,23.89
29.315,1354.3,198.8,100.0,0.0,0.0,5,4851,0.075,0.181,76.4,74.6,76.2,75.3,24.07,23.78,24.03,23.89
29.33,1355.2,198.9,100.0,0.0,0.0,5,4853,0.073,0.223,76.4,74.6,76.2,75.3,24.07,23.77,24.03,23.89
29.346,1356.1,199.1,100.0,0.0,0.0,5,4857,0.067,0.204,76.4,74.6,76.2,75.3,24.07,23.77,24.03,23.89
29.362,1356.9,199.2,100.0,0.0,0.0,5,4857,0.063,0.205,76.4,74.6,76.2,75.3,24.07,23.77,24.03,23.89
29.378,1357.8,199.3,100.0,0.0,0.0,5,4859,0.033,0.198,76.4,74.6,76.2,75.3,24.07,23.77,24.03,23.89
29.393,1358.7,199.4,100.0,0.0,0.0,5,4863,0.026,0.193,76.4,74.6,76.2,75.3,24.06,23.77,24.03,23.89
29.409,1359.6,199.5,100.0,0.0,0.0,5,4865,0.046,0.202,76.4,74.6,76.2,75.3,24.06,23.77,24.03,23.89
29.425,1360.4,199.6,100.0,0.0,0.0,5,4868,0.041,0.207,76.4,74.6,76.2,75.3,24.06,23.77,24.03,23.89
29.441,1361.3,199.7,100.0,0.0,0.0,5,4873,0.037,0.193,76.4,74.6,76.2,75.3,24.06,23.77,24.03,23.89
29.456,1362.1,199.8,100.0,0.0,0.0,5,4876,0.047,0.208,76.4,74.6,76.2,75.3,24.06,23.77,24.03,23.89
29.472,1363.0,199.9,100.0,0.0,0.0,5,4880,0.028,0.186,76.4,74.6,76.2,75.3,24.06,23.77,24.03,23.89
29.487,1363.9,200.1,100.0,0.0,0.0,5,4881,0.04,0.208,76.4,74.6,76.2,75.3,24.06,23.77,24.03,23.89
29.504,1364.8,200.2,100.0,0.0,0.0,5,4884,0.032,0.202,76.4,74.6,76.2,75.3,24.06,23.77,24.03,23.89
29.519,1365.7,200.3,100.0,0.0,0.0,5,4888,0.022,0.197,76.4,74.6,76.2,75.3,24.06,23.77,24.03,23.89
29.535,1366.5,200.4,100.0,0.0,0.0,5,4892,0.026,0.193,76.4,74.5,76.2,75.3,24.06,23.77,24.03,23.89
29.55,1367.4,200.5,100.0,0.0,0.0,5,4894,-0.006,0.199,76.4,74.5,76.2,75.3,24.06,23.77,24.03,23.89
29.566,1368.2,200.6,100.0,0.0,0.0,5,4894,-0.005,0.21,76.4,74.5,76.2,75.3,24.06,23.77,24.03,23.89
29.582,1369.1,200.7,100.0,0.0,0.0,5,4898,0.006,0.188,76.4,74.5,76.2,75.3,24.06,23.77,24.03,23.89
29.597,1370.0,200.8,100.0,0.0,0.0,5,4902,0.007,0.203,76.4,74.5,76.2,75.3,24.06,23.77,24.03,23.89
29.612,1370.9,200.9,100.0,0.0,0.0,5,4904,-0.002,0.195,76.4,74.5,76.2,75.3,24.06,23.76,24.03,23.89
29.628,1371.7,201.1,100.0,0.0,0.0,5,4905,0.003,0.205,76.4,74.5,76.2,75.3,24.06,23.76,24.03,23.89
29.644,1372.6,201.2,100.0,0.0,0.0,5,4906,-0.005,0.195,76.4,74.5,76.2,75.3,24.06,23.76,24.03,23.89
29.659,1373.4,201.3,100.0,0.0,0.0,5,4910,0.003,0.199,76.4,74.5,76.2,75.3,24.06,23.76,24.03,23.89
29.675,1374.3,201.4,100.0,0.0,0.0,5,4913,0.016,0.209,76.4,74.5,76.2,75.3,24.06,23.76,24.03,23.89
29.69,1375.2,201.5,100.0,0.0,0.0,5,4916,-0.005,0.197,76.4,74.5,76.2,75.3,24.06,23.76,24.03,23.89
29.705,1376.0,201.6,100.0,0.0,0.0,5,4922,-0.021,0.183,76.4,74.5,76.2,75.3,24.06,23.76,24.03,23.89
29.72,1376.9,201.7,100.0,0.0,0.0,5,4927,0.005,0.194,76.4,74.5,76.2,75.3,24.06,23.76,24.03,23.89
29.736,1377.8,201.8,100.0,0.0,0.0,5,4925,-0.016,0.212,76.4,74.5,76.2,75.3,24.06,23.76,24.03,23.89
29.752,1378.7,201.9,100.0,0.0,0.0,5,4928,-0.019,0.199,76.4,74.5,76.2,75.3,24.06,23.76,24.03,23.89
29.768,1379.6,202.0,100.0,0.0,0.0,5,4929,-0.005,0.206,76.4,74.5,76.2,75.3,24.06,23.76,24.03,23.89
29.784,1380.4,202.1,100.0,0.0,0.0,5,4933,-0.004,0.189,76.4,74.5,76.2,75.3,24.06,23.76,24.03,23.89
29.799,1381.3,202.3,100.0,0.0,0.0,5,4935,-0.025,0.202,76.4,74.5,76.2,75.3,24.06,23.76,24.03,23.89
29.814,1382.2,202.4,100.0,0.0,0.0,5,4938,0.004,0.2,76.4,74.5,76.2,75.3,24.06,23.76,24.03,23.89
29.83,1383.1,202.5,100.0,0.0,0.0,5,4937,0.007,0.197,76.4,74.5,76.2,75.3,24.06,23.76,24.03,23.89
29.846,1383.9,202.6,100.0,0.0,0.0,5,4939,-0.022,0.207,76.4,74.5,76.2,75.3,24.06,23.76,24.03,23.89
29.861,1384.8,202.7,100.0,0.0,0.0,5,4941,-0.005,0.194,76.4,74.5,76.2,75.3,24.06,23.76,24.03,23.89
29.877,1385.7,202.8,100.0,0.0,0.0,5,4943,-0.028,0.202,76.3,74.5,76.2,75.3,24.06,23.75,24.03,23.89
29.893,1386.6,202.9,100.0,0.0,0.0,5,4948,-0.032,0.187,76.3,74.5,76.2,75.3,24.06,23.75,24.03,23.89
29.909,1387.5,203.0,100.0,0.0,0.0,5,4950,0.003,0.205,76.3,74.5,76.2,75.3,24.06,23.75,24.03,23.89
29.924,1388.4,203.1,100.0,0.0,0.0,5,4954,-0.016,0.2,76.3,74.5,76.2,75.3,24.06,23.75,24.03,23.89
29.94,1389.2,203.2,100.0,0.0,0.0,5,4954,-0.009,0.204,76.3,74.5,76.2,75.3,24.05,23.75,24.03,23.89
29.955,1390.1,203.4,100.0,0.0,0.0,5,4958,-0.03,0.189,76.3,74.4,76.2,75.3,24.05,23.75,24.03,23.89
29.971,1391.0,203.5,100.0,0.0,0.0,5,4964,-0.009,0.192,76.3,74.4,76.2,75.3,24.05,23.75,24.03,23.89
29.987,1391.9,203.6,100.0,0.0,0.01,5,4968,-0.046,0.196,76.3,74.4,76.2,75.3,24.05,23.75,24.03,23.89
30.002,1392.8,203.7,100.0,0.0,0.01,5,4971,-0.064,0.186,76.3,74.4,76.2,75.3,24.05,23.75,24.03,23.89
30.018,1393.6,203.8,100.0,0.0,0.01,5,4975,-0.063,0.184,76.3,74.4,76.2,75.3,24.05,23.75,24.03,23.89
30.033,1394.5,203.9,100.0,0.0,0.02,5,4979,-0.099,0.202,76.3,74.4,76.2,75.3,24.05,23.75,24.03,23.89
30.048,1395.4,204.0,100.0,0.0,0.02,5,4980,-0.101,0.211,76.3,74.4,76.2,75.3,24.05,23.75,24.03,23.89
30.064,1396.2,204.1,100.0,0.0,0.02,5,4979,-0.127,0.208,76.3,74.4,76.2,75.3,24.05,23.75,24.03,23.89
30.079,1397.1,204.2,100.0,0.0,0.03,5,4987,-0.176,0.194,76.3,74.4,76.2,75.3,24.05,23.75,24.03,23.89
30.094,1398.0,204.3,100.0,0.0,0.03,5,4989,-0.201,0.192,76.3,74.4,76.2,75.3,24.05,23.75,24.03,23.89
30.11,1398.9,204.4,100.0,0.0,0.03,5,4990,-0.248,0.184,76.3,74.4,76.2,75.3,24.05,23.75,24.03,23.89
30.126,1399.8,204.5,100.0,0.0,0.03,5,4992,-0.276,0.194,76.3,74.4,76.2,75.3,24.05,23.74,24.03,23.89
30.142,1400.7,204.7,100.0,0.0,0.0,5,4991,-0.235,0.209,76.3,74.4,76.2,75.3,24.05,23.74,24.03,23.89
30.157,1401.6,204.8,100.0,0.0,0.0,5,4994,-0.179,0.196,76.3,74.4,76.2,75.3,24.05,23.74,24.03,23.89
30.173,1402.5,204.9,100.0,0.0,0.0,5,4996,-0.22,0.196,76.3,74.4,76.2,75.3,24.05,23.74,24.03,23.89
30.19,1403.4,205.0,100.0,0.0,0.0,5,5004,-0.221,0.184,76.3,74.4,76.2,75.3,24.05,23.74,24.03,23.89
30.204,1404.2,205.1,100.0,0.0,0.0,5,5004,-0.236,0.198,76.3,74.4,76.2,75.3,24.05,23.74,24.03,23.89
30.22,1405.1,205.2,100.0,0.0,0.0,5,5003,-0.215,0.203,76.3,74.4,76.2,75.3,24.05,23.74,24.03,23.89
30.235,1406.0,205.3,100.0,0.0,0.0,5,5010,-0.199,0.174,76.3,74.4,76.2,75.3,24.05,23.74,24.03,23.89
30.25,1406.9,205.4,100.0,0.0,0.0,5,5010,-0.213,0.197,76.3,74.4,76.2,75.3,24.05,23.74,24.03,23.89
30.266,1407.7,205.5,100.0,0.0,0.0,5,5012,-0.213,0.196,76.3,74.4,76.2,75.3,24.05,23.74,24.03,23.89
30.281,1408.6,205.6,100.0,0.0,0.0,5,5015,-0.194,0.193,76.3,74.4,76.2,75.3,24.05,23.74,24.03,23.89
30.296,1409.5,205.7,100.0,0.0,0.0,5,5015,-0.166,0.204,76.3,74.4,76.2,75.3,24.05,23.74,24.03,23.89
30.312,1410.4,205.8,100.0,0.0,0.0,5,5017,-0.152,0.189,76.3,74.4,76.2,75.3,24.05,23.74,24.03,23.89
30.327,1411.2,205.9,100.0,0.0,0.0,5,5020,-0.136,0.206,76.3,74.4,76.2,75.3,24.05,23.74,24.03,23.89
30.342,1412.1,206.0,100.0,0.0,0.0,5,5022,-0.111,0.194,76.3,74.3,76.2,75.3,24.05,23.74,24.03,23.89
30.358,1413.0,206.2,100.0,0.0,0.0,5,5025,-0.117,0.209,76.3,74.3,76.2,75.3,24.05,23.74,24.03,23.89
30.374,1413.9,206.3,100.0,0.0,0.0,5,5030,-0.104,0.197,76.3,74.3,76.2,75.3,24.05,23.73,24.03,23.89
30.389,1414.8,206.4,100.0,0.0,0.01,5,5034,-0.131,0.174,76.3,74.3,76.2,75.3,24.05,23.73,24.03,23.89
30.404,1415.6,206.5,100.0,0.0,0.01,5,5038,-0.132,0.192,76.3,74.3,76.2,75.3,24.05,23.73,24.03,23.89
30.419,1416.5,206.6,100.0,0.0,0.01,5,5041,-0.165,0.189,76.3,74.3,76.2,75.3,24.05,23.73,24.03,23.89
30.436,1417.5,206.7,100.0,0.0,0.02,5,5041,-0.16,0.21,76.3,74.3,76.2,75.3,24.05,23.73,24.03,23.89
30.451,1418.3,206.8,100.0,0.0,0.02,5,5042,-0.179,0.188,76.3,74.3,76.2,75.3,24.05,23.73,24.03,23.89
30.466,1419.2,206.9,100.0,0.0,0.02,5,5045,-0.198,0.186,76.3,74.3,76.2,75.3,24.05,23.73,24.03,23.89
30.481,1420.1,207.0,100.0,0.0,0.02,5,5049,-0.225,0.187,76.3,74.3,76.2,75.3,24.05,23.73,24.03,23.89
30.497,1421.0,207.1,100.0,0.0,0.03,5,5050,-0.224,0.194,76.3,74.3,76.2,75.3,24.05,23.73,24.03,23.89
30.512,1421.9,207.2,100.0,0.0,0.03,5,5051,-0.26,0.194,76.3,74.3,76.2,75.3,24.05,23.73,24.03,23.89
30.527,1422.7,207.3,100.0,0.0,0.0,5,5053,-0.294,0.19,76.3,74.3,76.2,75.3,24.05,23.73,24.03,23.89
30.543,1423.6,207.4,100.0,0.0,0.0,5,5055,-0.173,0.185,76.3,74.3,76.2,75.3,24.04,23.73,24.03,23.89
30.558,1424.5,207.5,100.0,0.0,0.0,5,5058,-0.168,0.202,76.3,74.3,76.2,75.3,24.04,23.73,24.03,23.89
30.573,1425.4,207.6,100.0,0.0,0.0,5,5062,-0.195,0.183,76.3,74.3,76.2,75.3,24.04,23.73,24.03,23.89
30.589,1426.3,207.7,100.0,0.0,0.0,5,5068,-0.211,0.191,76.3,74.3,76.2,75.3,24.04,23.73,24.03,23.89
30.605,1427.2,207.8,100.0,0.0,0.0,5,5070,-0.209,0.184,76.3,74.3,76.2,75.3,24.04,23.72,24.03,23.88
30.621,1428.1,207.9,100.0,0.0,0.0,5,5074,-0.219,0.184,76.3,74.3,76.2,75.3,24.04,23.72,24.03,23.88
30.637,1429.0,208.0,100.0,0.0,0.0,5,5073,-0.205,0.203,76.3,74.3,76.2,75.3,24.04,23.72,24.03,23.88
30.652,1430.0,208.1,100.0,0.0,0.0,5,5077,-0.189,0.171,76.3,74.3,76.2,75.3,24.04,23.72,24.03,23.88
30.668,1430.8,208.2,100.0,0.0,0.0,5,5079,-0.195,0.186,76.3,74.3,76.2,75.3,24.04,23.72,24.03,23.88
30.684,1431.8,208.3,100.0,0.0,0.0,5,5078,-0.128,0.203,76.3,74.3,76.2,75.3,24.04,23.72,24.03,23.88
30.699,1432.6,208.4,100.0,0.0,0.0,5,5076,-0.174,0.165,76.3,74.3,76.2,75.3,24.04,23.72,24.03,23.88
30.715,1433.6,208.6,100.0,0.0,0.01,5,5081,-0.169,0.194,76.3,74.3,76.2,75.3,24.04,23.72,24.03,23.88
30.73,1434.5,208.7,100.0,0.0,0.01,5,5086,-0.206,0.182,76.3,74.2,76.2,75.3,24.04,23.72,24.03,23.88
30.746,1435.4,208.8,100.0,0.0,0.01,5,5088,-0.205,0.188,76.3,74.2,76.2,75.3,24.04,23.72,24.03,23.88
30.761,1436.3,208.8,100.0,0.0,0.02,5,5093,-0.194,0.17,76.3,74.2,76.2,75.3,24.04,23.72,24.03,23.88
30.777,1437.2,208.9,100.0,0.0,0.02,5,5093,-0.242,0.196,76.3,74.2,76.2,75.3,24.04,23.72,24.03,23.88
30.792,1438.1,209.0,100.0,0.0,0.02,5,5096,-0.243,0.181,76.3,74.2,76.2,75.3,24.04,23.72,24.03,23.88
30.808,1439.0,209.1,100.0,0.0,0.02,5,5099,-0.246,0.187,76.3,74.2,76.2,75.3,24.04,23.72,24.03,23.88
30.823,1439.9,209.3,100.0,0.0,0.03,5,5101,-0.252,0.202,76.3,74.2,76.2,75.3,24.04,23.72,24.03,23.88
30.839,1440.8,209.4,100.0,0.0,0.03,5,5105,-0.295,0.178,76.3,74.2,76.2,75.3,24.04,23.71,24.03,23.88
30.854,1441.7,209.5,100.0,0.0,0.03,5,5113,-0.3,0.146,76.2,74.2,76.2,75.3,24.04,23.71,24.03,23.88
30.87,1442.6,209.6,100.0,0.0,0.04,5,5116,-0.33,0.193,76.2,74.2,76.2,75.3,24.04,23.71,24.03,23.88
30.885,1443.5,209.6,100.0,0.0,0.04,5,5120,-0.415,0.165,76.2,74.2,76.2,75.3,24.04,23.71,24.03,23.88
30.901,1444.4,209.8,100.0,0.0,0.04,5,5122,-0.477,0.162,76.2,74.2,76.2,75.3,24.04,23.71,24.03,23.88
30.916,1445.3,209.9,100.0,0.0,0.04,5,5121,-0.55,0.188,76.2,74.2,76.2,75.3,24.04,23.71,24.03,23.88
30.932,1446.2,209.9,100.0,0.0,0.05,5,5121,-0.627,0.174,76.2,74.2,76.2,75.3,24.04,23.71,24.03,23.88
30.947,1447.1,210.0,100.0,0.0,0.05,5,5117,-0.687,0.184,76.2,74.2,76.2,75.3,24.04,23.71,24.03,23.88
30.963,1448.0,210.1,100.0,0.0,0.05,5,5118,-0.755,0.16,76.2,74.2,76.2,75.3,24.04,23.71,24.03,23.88
30.979,1448.9,210.2,100.0,0.0,0.06,5,5119,-0.831,0.175,76.3,74.2,76.2,75.3,24.04,23.71,24.03,23.88
30.994,1449.8,210.3,100.0,0.0,0.06,5,5123,-0.878,0.166,76.3,74.2,76.2,75.3,24.04,23.71,24.04,23.88
31.01,1450.7,210.4,100.0,0.0,0.06,5,5122,-0.899,0.177,76.3,74.2,76.2,75.3,24.04,23.71,24.04,23.88
31.025,1451.6,210.5,100.0,0.0,0.06,5,5127,-0.929,0.157,76.3,74.2,76.2,75.3,24.04,23.71,24.04,23.88
31.041,1452.6,210.6,100.0,0.0,0.07,5,5130,-0.928,0.18,76.3,74.2,76.2,75.3,24.04,23.71,24.04,23.88
31.056,1453.5,210.7,100.0,0.0,0.07,5,5136,-0.938,0.15,76.3,74.2,76.2,75.3,24.04,23.71,24.04,23.88
31.072,1454.4,210.8,100.0,0.0,0.07,5,5142,-0.952,0.164,76.3,74.2,76.2,75.3,24.04,23.7,24.04,23.88
31.087,1455.3,210.9,100.0,0.0,0.08,5,5149,-1.006,0.146,76.3,74.1,76.2,75.3,24.04,23.7,24.04,23.88
31.102,1456.2,210.9,100.0,0.0,0.08,5,5152,-1.062,0.15,76.3,74.1,76.2,75.3,24.04,23.7,24.04,23.88
31.118,1457.1,211.0,100.0,0.0,0.04,5,5159,-1.032,0.143,76.3,74.1,76.2,75.3,24.04,23.7,24.04,23.88
31.134,1458.0,211.1,100.0,0.0,0.0,5,5160,-0.929,0.167,76.3,74.1,76.2,75.3,24.04,23.7,24.04,23.88
31.149,1458.9,211.2,100.0,0.0,0.0,5,5162,-0.839,0.188,76.3,74.1,76.2,75.3,24.04,23.7,24.04,23.88
31.165,1459.8,211.3,100.0,0.0,0.0,5,5166,-0.869,0.159,76.3,74.1,76.2,75.3,24.04,23.7,24.04,23.88
31.181,1460.8,211.4,100.0,0.0,0.0,5,5161,-0.905,0.19,76.3,74.1,76.2,75.3,24.04,23.7,24.04,23.88
31.196,1461.7,211.4,100.0,0.0,0.0,5,5161,-0.914,0.176,76.3,74.1,76.2,75.3,24.04,23.7,24.04,23.88
31.212,1462.6,211.5,100.0,0.0,0.0,5,5162,-0.875,0.179,76.3,74.1,76.2,75.3,24.04,23.7,24.04,23.88
31.227,1463.5,211.6,100.0,0.0,0.0,5,5159,-0.876,0.181,76.3,74.1,76.2,75.3,24.04,23.7,24.04,23.88
31.243,1464.4,211.7,100.0,0.0,0.0,5,5162,-0.857,0.171,76.3,74.1,76.2,75.3,24.04,23.7,24.04,23.88
31.259,1465.4,211.8,100.0,0.0,0.0,5,5164,-0.793,0.178,76.3,74.1,76.2,75.3,24.04,23.7,24.04,23.88
31.274,1466.3,211.9,100.0,0.0,0.0,5,5162,-0.754,0.183,76.3,74.1,76.2,75.3,24.04,23.69,24.04,23.88
31.291,1467.2,212.0,100.0,0.0,0.0,5,5162,-0.706,0.189,76.3,74.1,76.3,75.3,24.04,23.69,24.04,23.88
31.306,1468.1,212.1,100.0,0.0,0.0,5,5167,-0.628,0.178,76.3,74.1,76.3,75.3,24.04,23.69,24.04,23.88
31.321,1469.0,212.2,100.0,0.0,0.0,5,5173,-0.551,0.164,76.2,74.1,76.3,75.3,24.04,23.69,24.04,23.88
31.337,1469.9,212.3,100.0,0.0,0.01,5,5176,-0.501,0.178,76.2,74.1,76.3,75.3,24.04,23.69,24.04,23.88
31.352,1470.8,212.4,100.0,0.0,0.01,5,5177,-0.464,0.175,76.2,74.1,76.3,75.3,24.04,23.69,24.04,23.88
31.368,1471.8,212.5,100.0,0.0,0.01,5,5182,-0.439,0.162,76.2,74.1,76.3,75.3,24.04,23.69,24.04,23.88
31.384,1472.7,212.6,100.0,0.0,0.01,5,5185,-0.416,0.166,76.2,74.1,76.3,75.3,24.04,23.69,24.04,23.88
31.399,1473.6,212.7,100.0,0.0,0.02,5,5185,-0.388,0.182,76.2,74.1,76.3,75.3,24.04,23.69,24.04,23.88
31.415,1474.6,212.8,100.0,0.0,0.02,5,5187,-0.395,0.175,76.2,74.0,76.3,75.3,24.04,23.69,24.04,23.88
31.431,1475.5,212.8,100.0,0.0,0.02,5,5190,-0.375,0.179,76.2,74.0,76.3,75.3,24.04,23.69,24.04,23.88
31.446,1476.4,212.9,100.0,0.0,0.02,5,5193,-0.369,0.174,76.2,74.0,76.3,75.3,24.04,23.69,24.04,23.88
31.461,1477.3,213.0,100.0,0.0,0.03,5,5192,-0.392,0.177,76.2,74.0,76.3,75.3,24.04,23.69,24.04,23.88
31.477,1478.2,213.1,100.0,0.0,0.03,5,5193,-0.404,0.162,76.2,74.0,76.3,75.3,24.04,23.69,24.04,23.88
31.493,1479.2,213.2,100.0,0.0,0.03,5,5196,-0.417,0.166,76.2,74.0,76.3,75.3,24.04,23.68,24.04,23.88
31.508,1480.1,213.3,100.0,0.0,0.04,5,5200,-0.479,0.155,76.2,74.0,76.3,75.3,24.04,23.68,24.04,23.88
31.523,1481.0,213.4,100.0,0.0,0.04,5,5200,-0.459,0.182,76.2,74.0,76.3,75.3,24.04,23.68,24.04,23.88
31.539,1481.9,213.5,100.0,0.0,0.04,5,5200,-0.523,0.166,76.2,74.0,76.3,75.3,24.04,23.68,24.04,23.88
31.554,1482.8,213.6,100.0,0.0,0.04,5,5201,-0.544,0.163,76.2,74.0,76.3,75.3,24.04,23.68,24.04,23.88
31.57,1483.7,213.7,100.0,0.0,0.05,5,5206,-0.58,0.163,76.2,74.0,76.3,75.3,24.04,23.68,24.04,23.88
31.586,1484.7,213.8,100.0,0.0,0.05,5,5209,-0.609,0.178,76.2,74.0,76.3,75.3,24.04,23.68,24.04,23.88
31.601,1485.6,213.9,100.0,0.0,0.05,5,5213,-0.677,0.148,76.2,74.0,76.3,75.2,24.04,23.68,24.04,23.88
31.617,1486.5,213.9,100.0,0.0,0.05,5,5214,-0.726,0.17,76.2,74.0,76.3,75.2,24.04,23.68,24.04,23.88
31.633,1487.5,214.0,100.0,0.0,0.06,5,5219,-0.773,0.145,76.2,74.0,76.3,75.2,24.04,23.68,24.04,23.88
31.649,1488.5,214.1,100.0,0.0,0.06,5,5222,-0.811,0.161,76.2,74.0,76.3,75.2,24.04,23.68,24.04,23.88
31.665,1489.4,214.2,100.0,0.0,0.06,5,5223,-0.85,0.16,76.2,74.0,76.3,75.2,24.04,23.68,24.04,23.88
31.68,1490.3,214.3,100.0,0.0,0.07,5,5225,-0.92,0.15,76.2,74.0,76.3,75.2,24.04,23.68,24.05,23.88
31.695,1491.2,214.4,100.0,0.0,0.07,5,5229,-0.932,0.16,76.2,74.0,76.3,75.2,24.04,23.68,24.05,23.88
31.71,1492.1,214.4,100.0,0.0,0.03,5,5233,-0.959,0.154,76.2,74.0,76.3,75.2,24.04,23.68,24.05,23.88
31.726,1493.0,214.5,100.0,0.0,0.0,5,5233,-0.807,0.168,76.2,74.0,76.3,75.2,24.04,23.68,24.05,23.88
31.742,1494.0,214.6,100.0,0.0,0.0,5,5235,-0.744,0.168,76.2,74.0,76.3,75.2,24.04,23.67,24.05,23.88
31.757,1494.9,214.7,100.0,0.0,0.0,5,5239,-0.768,0.158,76.2,74.0,76.3,75.2,24.04,23.67,24.05,23.88
31.774,1495.9,214.8,100.0,0.0,0.0,5,5241,-0.77,0.169,76.2,74.0,76.3,75.2,24.04,23.67,24.05,23.88
31.789,1496.8,214.9,100.0,0.0,0.0,5,5242,-0.757,0.162,76.2,73.9,76.3,75.2,24.04,23.67,24.05,23.88
31.804,1497.7,215.0,100.0,0.0,0.0,5,5244,-0.769,0.164,76.2,73.9,76.3,75.2,24.04,23.67,24.05,23.88
31.82,1498.6,215.0,100.0,0.0,0.0,5,5249,-0.709,0.153,76.2,73.9,76.3,75.2,24.04,23.67,24.05,23.88
31.836,1499.6,215.1,100.0,0.0,0.0,5,5248,-0.706,0.161,76.2,73.9,76.3,75.2,24.04,23.67,24.05,23.88
31.852,1500.5,215.2,100.0,0.0,0.0,5,5246,-0.688,0.169,76.2,73.9,76.3,75.2,24.04,23.67,24.05,23.88
31.867,1501.4,215.3,100.0,0.0,0.01,5,5248,-0.654,0.165,76.2,73.9,76.3,75.2,24.04,23.67,24.05,23.88
31.882,1502.4,215.4,100.0,0.0,0.01,5,5249,-0.627,0.157,76.2,73.9,76.3,75.2,24.04,23.67,24.05,23.88
31.898,1503.3,215.5,100.0,0.0,0.01,5,5251,-0.588,0.173,76.2,73.9,76.3,75.2,24.04,23.67,24.05,23.88
31.914,1504.2,215.6,100.0,0.0,0.01,5,5251,-0.568,0.178,76.2,73.9,76.3,75.2,24.04,23.67,24.05,23.88
31.929,1505.2,215.7,100.0,0.0,0.02,5,5254,-0.539,0.155,76.2,73.9,76.3,75.2,24.04,23.67,24.05,23.88
31.945,1506.1,215.8,100.0,0.0,0.02,5,5260,-0.514,0.152,76.2,73.9,76.3,75.2,24.04,23.66,24.05,23.88
31.961,1507.0,215.8,100.0,0.0,0.02,5,5260,-0.5,0.157,76.2,73.9,76.3,75.2,24.04,23.66,24.05,23.88
31.976,1508.0,215.9,100.0,0.0,0.02,5,5261,-0.502,0.156,76.2,73.9,76.3,75.2,24.04,23.66,24.05,23.88
31.991,1508.9,216.0,100.0,0.0,0.03,5,5260,-0.53,0.147,76.2,73.9,76.3,75.2,24.04,23.66,24.05,23.88
32.007,1509.8,216.1,100.0,0.0,0.03,5,5263,-0.505,0.163,76.2,73.9,76.3,75.2,24.04,23.66,24.05,23.88
32.022,1510.7,216.2,100.0,0.0,0.03,5,5263,-0.535,0.166,76.2,73.9,76.3,75.2,24.04,23.66,24.05,23.88
32.038,1511.7,216.3,100.0,0.0,0.04,5,5265,-0.548,0.149,76.2,73.9,76.3,75.2,24.04,23.66,24.05,23.88
32.053,1512.6,216.4,100.0,0.0,0.04,5,5268,-0.557,0.154,76.2,73.9,76.3,75.2,24.04,23.66,24.05,23.88
32.069,1513.6,216.4,100.0,0.0,0.04,5,5272,-0.557,0.149,76.2,73.9,76.3,75.2,24.03,23.66,24.05,23.88
32.084,1514.5,216.5,100.0,0.0,0.04,5,5277,-0.582,0.154,76.2,73.9,76.3,75.2,24.03,23.66,24.05,23.88
32.1,1515.4,216.6,100.0,0.0,0.05,5,5278,-0.615,0.175,76.2,73.9,76.3,75.2,24.03,23.66,24.05,23.88
32.116,1516.4,216.7,100.0,0.0,0.05,5,5280,-0.66,0.157,76.2,73.9,76.3,75.2,24.03,23.66,24.05,23.88
32.131,1517.3,216.8,100.0,0.0,0.05,5,5286,-0.697,0.136,76.2,73.9,76.3,75.2,24.03,23.66,24.05,23.88
32.147,1518.2,216.9,100.0,0.0,0.05,5,5289,-0.738,0.15,76.2,73.9,76.3,75.2,24.03,23.66,24.05,23.88
32.162,1519.2,216.9,100.0,0.0,0.06,5,5290,-0.812,0.151,76.2,73.8,76.3,75.2,24.03,23.66,24.05,23.88
32.178,1520.1,217.0,100.0,0.0,0.06,5,5291,-0.854,0.149,76.2,73.8,76.3,75.2,24.03,23.66,24.05,23.88
32.193,1521.0,217.1,100.0,0.0,0.06,5,5295,-0.905,0.131,76.2,73.8,76.3,75.2,24.03,23.65,24.05,23.88
32.208,1521.9,217.1,100.0,0.0,0.06,5,5296,-0.931,0.153,76.2,73.8,76.3,75.2,24.03,23.65,24.05,23.88
32.223,1522.9,217.2,100.0,0.0,0.07,5,5296,-1.006,0.145,76.2,73.8,76.3,75.2,24.03,23.65,24.05,23.88
32.238,1523.8,217.3,100.0,0.0,0.07,5,5298,-1.017,0.134,76.2,73.8,76.3,75.2,24.03,23.65,24.06,23.88
32.254,1524.7,217.4,100.0,0.0,0.07,5,5303,-1.066,0.134,76.2,73.8,76.3,75.2,24.03,23.65,24.06,23.88
32.27,1525.6,217.4,100.0,0.0,0.08,5,5306,-1.05,0.15,76.2,73.8,76.3,75.2,24.03,23.65,24.06,23.88
32.285,1526.6,217.5,100.0,0.0,0.08,5,5309,-1.08,0.144,76.2,73.8,76.4,75.2,24.03,23.65,24.06,23.88
32.301,1527.5,217.6,100.0,0.0,0.08,5,5312,-1.132,0.138,76.2,73.8,76.4,75.2,24.03,23.65,24.06,23.88
32.317,1528.5,217.6,100.0,0.0,0.08,5,5321,-1.116,0.13,76.2,73.8,76.4,75.2,24.03,23.65,24.06,23.87
32.332,1529.4,217.7,100.0,0.0,0.09,5,5322,-1.16,0.137,76.2,73.8,76.4,75.2,24.03,23.65,24.06,23.87
32.348,1530.4,217.8,100.0,0.0,0.04,5,5324,-1.186,0.137,76.2,73.8,76.4,75.2,24.03,23.65,24.06,23.87
32.364,1531.3,217.8,100.0,0.0,0.0,5,5329,-1.074,0.128,76.2,73.8,76.4,75.2,24.03,23.64,24.06,23.87
32.38,1532.3,217.9,100.0,0.0,0.0,5,5333,-1.003,0.154,76.2,73.8,76.4,75.2,24.03,23.64,24.06,23.87
32.396,1533.3,218.0,100.0,0.0,0.0,5,5328,-1.051,0.169,76.2,73.8,76.4,75.2,24.03,23.64,24.06,23.87
32.412,1534.3,218.0,100.0,0.0,0.0,5,5329,-1.111,0.159,76.2,73.8,76.4,75.2,24.03,23.64,24.06,23.87
32.428,1535.2,218.1,100.0,0.0,0.0,5,5333,-1.091,0.157,76.2,73.8,76.4,75.2,24.03,23.64,24.06,23.87
32.443,1536.2,218.2,100.0,0.0,0.0,5,5325,-1.096,0.19,76.2,73.8,76.4,75.2,24.03,23.64,24.06,23.87
32.459,1537.1,218.3,100.0,0.0,0.0,5,5321,-1.072,0.151,76.2,73.8,76.4,75.2,24.03,23.64,24.06,23.87
32.475,1538.1,218.3,100.0,0.0,0.0,5,5322,-1.049,0.148,76.2,73.7,76.4,75.2,24.03,23.64,24.06,23.87
32.491,1539.1,218.4,100.0,0.0,0.0,5,5327,-0.934,0.157,76.2,73.7,76.4,75.2,24.03,23.64,24.06,23.87
32.507,1540.0,218.5,100.0,0.0,0.0,5,5329,-0.876,0.154,76.2,73.7,76.4,75.2,24.03,23.64,24.06,23.87
32.522,1540.9,218.6,100.0,0.0,0.0,5,5333,-0.829,0.156,76.2,73.7,76.4,75.2,24.03,23.64,24.06,23.87
32.538,1541.9,218.7,100.0,0.0,0.0,5,5334,-0.753,0.16,76.2,73.7,76.4,75.2,24.03,23.64,24.06,23.87
32.554,1542.9,218.7,100.0,0.0,0.0,5,5337,-0.693,0.152,76.2,73.7,76.4,75.2,24.03,23.63,24.06,23.87
32.568,1543.8,218.8,100.0,0.0,0.0,5,5338,-0.639,0.161,76.2,73.7,76.4,75.2,24.03,23.63,24.06,23.87
32.584,1544.7,218.9,100.0,0.0,0.0,5,5341,-0.548,0.146,76.2,73.7,76.4,75.2,24.03,23.63,24.06,23.87
32.6,1545.7,219.0,100.0,0.0,0.0,5,5341,-0.538,0.162,76.2,73.7,76.4,75.2,24.03,23.63,24.06,23.87
32.616,1546.7,219.1,100.0,0.0,0.01,5,5341,-0.479,0.153,76.2,73.7,76.4,75.2,24.03,23.63,24.06,23.87
32.632,1547.6,219.2,100.0,0.0,0.01,5,5341,-0.419,0.184,76.2,73.7,76.4,75.2,24.03,23.63,24.06,23.87
32.647,1548.5,219.2,100.0,0.0,0.01,5,5343,-0.412,0.156,76.2,73.7,76.4,75.2,24.03,23.63,24.06,23.87
32.662,1549.5,219.3,100.0,0.0,0.02,5,5345,-0.386,0.163,76.2,73.7,76.4,75.2,24.03,23.63,24.06,23.87
32.677,1550.4,219.4,100.0,0.0,0.02,5,5348,-0.373,0.164,76.2,73.7,76.4,75.2,24.03,23.63,24.06,23.87
32.693,1551.3,219.5,100.0,0.0,0.02,5,5349,-0.356,0.158,76.2,73.7,76.4,75.2,24.03,23.63,24.06,23.87
32.709,1552.3,219.6,100.0,0.0,0.02,5,5351,-0.373,0.16,76.2,73.7,76.4,75.2,24.03,23.63,24.06,23.87
32.725,1553.3,219.7,100.0,0.0,0.03,5,5350,-0.367,0.165,76.2,73.7,76.4,75.2,24.03,23.63,24.06,23.87
32.74,1554.2,219.8,100.0,0.0,0.03,5,5355,-0.365,0.153,76.2,73.7,76.4,75.2,24.03,23.63,24.07,23.87
32.756,1555.2,219.9,100.0,0.0,0.03,5,5357,-0.365,0.149,76.2,73.7,76.4,75.2,24.03,23.63,24.07,23.87
32.772,1556.2,219.9,100.0,0.0,0.03,5,5362,-0.41,0.144,76.2,73.7,76.4,75.2,24.03,23.62,24.07,23.87
32.788,1557.1,220.0,100.0,0.0,0.04,5,5366,-0.445,0.155,76.2,73.6,76.4,75.2,24.03,23.62,24.07,23.87
32.803,1558.1,220.1,100.0,0.0,0.02,5,5372,-0.5,0.153,76.2,73.6,76.4,75.2,24.03,23.62,24.07,23.87
32.819,1559.0,220.2,100.0,0.0,0.0,5,5371,-0.371,0.156,76.2,73.6,76.4,75.2,24.03,23.62,24.07,23.87
32.834,1559.9,220.3,100.0,0.0,0.0,5,5367,-0.358,0.171,76.2,73.6,76.4,75.2,24.03,23.62,24.07,23.87
32.849,1560.9,220.4,100.0,0.0,0.0,5,5370,-0.368,0.164,76.2,73.6,76.4,75.2,24.03,23.62,24.07,23.87
32.865,1561.8,220.5,100.0,0.0,0.0,5,5373,-0.367,0.16,76.2,73.6,76.4,75.2,24.03,23.62,24.07,23.87
32.88,1562.8,220.5,100.0,0.0,0.0,5,5378,-0.364,0.151,76.2,73.6,76.4,75.2,24.03,23.62,24.07,23.87
32.896,1563.7,220.6,100.0,0.0,0.0,5,5379,-0.344,0.152,76.2,73.6,76.4,75.2,24.03,23.62,24.07,23.87
32.912,1564.7,220.7,100.0,0.0,0.0,5,5381,-0.306,0.161,76.2,73.6,76.4,75.2,24.03,23.62,24.07,23.87
32.927,1565.6,220.8,100.0,0.0,0.0,5,5382,-0.309,0.165,76.2,73.6,76.4,75.2,24.03,23.62,24.07,23.87
32.943,1566.6,220.9,100.0,0.0,0.0,5,5384,-0.295,0.164,76.2,73.6,76.4,75.2,24.03,23.62,24.07,23.87
32.958,1567.5,221.0,100.0,0.0,0.0,5,5389,-0.292,0.15,76.2,73.6,76.4,75.2,24.03,23.62,24.07,23.87
32.973,1568.5,221.0,100.0,0.0,0.0,5,5389,-0.279,0.157,76.2,73.6,76.4,75.2,24.03,23.62,24.07,23.87
32.989,1569.5,221.2,100.0,0.0,0.0,5,5388,-0.227,0.175,76.2,73.6,76.4,75.2,24.03,23.61,24.07,23.87
33.004,1570.4,221.2,100.0,0.0,0.0,5,5390,-0.243,0.168,76.2,73.6,76.4,75.2,24.03,23.61,24.07,23.87
33.02,1571.3,221.3,100.0,0.0,0.0,5,5388,-0.199,0.175,76.2,73.6,76.4,75.2,24.03,23.61,24.07,23.87
33.035,1572.3,221.4,100.0,0.0,0.0,5,5393,-0.169,0.15,76.2,73.6,76.4,75.2,24.03,23.61,24.07,23.87
33.05,1573.2,221.5,100.0,0.0,0.01,5,5394,-0.163,0.164,76.2,73.6,76.4,75.2,24.02,23.61,24.07,23.87
33.067,1574.2,221.6,100.0,0.0,0.01,5,5401,-0.166,0.144,76.2,73.6,76.4,75.2,24.02,23.61,24.07,23.87
33.083,1575.2,221.7,100.0,0.0,0.01,5,5406,-0.161,0.151,76.2,73.6,76.4,75.2,24.02,23.61,24.07,23.87
33.098,1576.2,221.8,100.0,0.0,0.01,5,5408,-0.172,0.157,76.1,73.6,76.4,75.2,24.02,23.61,24.07,23.87
33.113,1577.1,221.8,100.0,0.0,0.02,5,5409,-0.184,0.162,76.1,73.6,76.4,75.2,24.02,23.61,24.07,23.87
33.129,1578.1,221.9,100.0,0.0,0.02,5,5414,-0.222,0.149,76.1,73.6,76.4,75.2,24.02,23.61,24.07,23.87
33.145,1579.1,222.0,100.0,0.0,0.01,5,5414,-0.251,0.167,76.1,73.6,76.4,75.2,24.02,23.61,24.07,23.87
33.161,1580.0,222.1,100.0,0.0,0.0,5,5410,-0.176,0.167,76.1,73.5,76.4,75.2,24.02,23.61,24.07,23.87
33.177,1581.0,222.2,100.0,0.0,0.0,5,5407,-0.136,0.165,76.1,73.5,76.4,75.2,24.02,23.61,24.07,23.87
33.194,1582.1,222.3,100.0,0.0,0.0,5,5412,-0.141,0.16,76.1,73.5,76.4,75.2,24.02,23.61,24.07,23.87
33.209,1583.0,222.4,100.0,0.0,0.0,5,5413,-0.162,0.17,76.1,73.5,76.4,75.2,24.02,23.61,24.07,23.87
33.225,1584.0,222.5,100.0,0.0,0.0,5,5417,-0.138,0.159,76.1,73.5,76.4,75.2,24.02,23.6,24.07,23.87
33.241,1585.0,222.6,100.0,0.0,0.0,5,5422,-0.126,0.161,76.1,73.5,76.4,75.2,24.02,23.6,24.07,23.87
33.256,1585.9,222.6,100.0,0.0,0.0,5,5428,-0.137,0.148,76.1,73.5,76.4,75.2,24.02,23.6,24.07,23.87
33.272,1586.9,222.7,100.0,0.0,0.0,5,5426,-0.121,0.175,76.1,73.5,76.4,75.2,24.02,23.6,24.07,23.87
33.288,1587.9,222.8,100.0,0.0,0.0,5,5432,-0.121,0.139,76.1,73.5,76.4,75.2,24.02,23.6,24.07,23.87
33.304,1588.9,222.9,100.0,0.0,0.0,5,5434,-0.121,0.166,76.1,73.5,76.4,75.2,24.02,23.6,24.07,23.87
33.319,1589.8,223.0,100.0,0.0,0.0,5,5434,-0.121,0.165,76.1,73.5,76.4,75.2,24.02,23.6,24.07,23.87
33.335,1590.8,223.1,100.0,0.0,0.0,5,5434,-0.09,0.166,76.1,73.5,76.4,75.2,24.02,23.6,24.07,23.87
33.351,1591.8,223.2,100.0,0.0,0.0,5,5435,-0.102,0.155,76.1,73.5,76.4,75.2,24.02,23.6,24.07,23.87
33.367,1592.8,223.3,100.0,0.0,0.0,5,5435,-0.092,0.161,76.1,73.5,76.4,75.2,24.02,23.6,24.07,23.87
33.382,1593.7,223.4,100.0,0.0,0.0,5,5437,-0.062,0.15,76.1,73.5,76.4,75.2,24.02,23.6,24.07,23.87
33.399,1594.8,223.4,100.0,0.0,0.0,5,5441,-0.074,0.154,76.1,73.5,76.4,75.2,24.02,23.6,24.07,23.87
33.413,1595.7,223.5,100.0,0.0,0.0,5,5438,-0.064,0.178,76.1,73.5,76.4,75.2,24.02,23.6,24.07,23.87
33.429,1596.6,223.6,100.0,0.0,0.0,5,5440,-0.064,0.15,76.1,73.5,76.5,75.2,24.02,23.6,24.07,23.87
33.444,1597.6,223.7,100.0,0.0,0.0,5,5447,-0.052,0.142,76.1,73.5,76.5,75.2,24.02,23.6,24.07,23.87
33.46,1598.5,223.8,100.0,0.0,0.0,5,5458,-0.04,0.135,76.1,73.5,76.5,75.2,24.02,23.6,24.07,23.87
33.476,1599.5,223.9,100.0,0.0,0.0,5,5462,-0.038,0.148,76.1,73.5,76.5,75.2,24.02,23.6,24.07,23.87
33.492,1600.5,223.9,100.0,0.0,0.0,5,5462,-0.029,0.152,76.1,73.5,76.5,75.2,24.01,23.59,24.07,23.87
33.507,1601.5,224.0,100.0,0.0,0.0,5,5463,-0.044,0.149,76.1,73.5,76.5,75.2,24.01,23.59,24.07,23.87
33.522,1602.4,224.1,100.0,0.0,0.0,5,5463,-0.048,0.15,76.1,73.5,76.5,75.2,24.01,23.59,24.07,23.87
33.538,1603.4,224.2,100.0,0.0,0.01,5,5457,-0.054,0.174,76.1,73.5,76.5,75.2,24.01,23.59,24.07,23.87
33.554,1604.4,224.3,100.0,0.0,0.01,5,5459,-0.064,0.15,76.1,73.5,76.5,75.2,24.01,23.59,24.07,23.87
33.569,1605.4,224.4,100.0,0.0,0.01,5,5461,-0.084,0.158,76.1,73.5,76.5,75.2,24.01,23.59,24.07,23.87
33.584,1606.3,224.5,100.0,0.0,0.01,5,5459,-0.094,0.169,76.1,73.4,76.5,75.2,24.01,23.59,24.07,23.87
33.6,1607.3,224.5,100.0,0.0,0.02,5,5463,-0.114,0.146,76.1,73.4,76.5,75.2,24.01,23.59,24.07,23.87
33.616,1608.3,224.6,100.0,0.0,0.02,5,5466,-0.149,0.155,76.1,73.4,76.5,75.2,24.01,23.59,24.07,23.87
33.631,1609.2,224.7,100.0,0.0,0.02,5,5471,-0.169,0.152,76.1,73.4,76.5,75.2,24.01,23.59,24.07,23.87
33.646,1610.2,224.8,100.0,0.0,0.03,5,5474,-0.224,0.149,76.1,73.4,76.5,75.2,24.01,23.59,24.07,23.87
33.662,1611.2,224.9,100.0,0.0,0.03,5,5476,-0.245,0.15,76.1,73.4,76.5,75.2,24.01,23.59,24.07,23.87
33.677,1612.1,225.0,100.0,0.0,0.01,5,5483,-0.311,0.138,76.1,73.4,76.5,75.2,24.01,23.59,24.07,23.87
33.693,1613.1,225.0,100.0,0.0,0.0,5,5486,-0.179,0.155,76.1,73.4,76.5,75.2,24.01,23.59,24.07,23.87
33.709,1614.1,225.1,100.0,0.0,0.0,5,5487,-0.169,0.165,76.1,73.4,76.5,75.2,24.01,23.59,24.07,23.87
33.724,1615.0,225.2,100.0,0.0,0.0,5,5487,-0.21,0.141,76.1,73.4,76.5,75.2,24.01,23.59,24.07,23.87
33.74,1616.0,225.3,100.0,0.0,0.0,5,5489,-0.23,0.153,76.1,73.4,76.5,75.2,24.01,23.59,24.07,23.87
33.756,1617.0,225.4,100.0,0.0,0.0,5,5488,-0.234,0.153,76.1,73.4,76.5,75.2,24.01,23.58,24.07,23.87
33.771,1618.0,225.5,100.0,0.0,0.0,5,5487,-0.232,0.157,76.1,73.4,76.5,75.2,24.01,23.58,24.08,23.87
33.787,1619.0,225.5,100.0,0.0,0.0,5,5489,-0.235,0.159,76.1,73.4,76.5,75.2,24.01,23.58,24.08,23.87
33.802,1619.9,225.6,100.0,0.0,0.0,5,5496,-0.211,0.148,76.1,73.4,76.5,75.2,24.01,23.58,24.08,23.87
33.817,1620.9,225.7,100.0,0.0,0.0,5,5498,-0.201,0.151,76.1,73.4,76.5,75.2,24.01,23.58,24.08,23.87
33.833,1621.9,225.8,100.0,0.0,0.0,5,5503,-0.189,0.144,76.0,73.4,76.5,75.2,24.01,23.58,24.08,23.87
33.849,1622.9,225.9,100.0,0.0,0.0,5,5504,-0.154,0.154,76.0,73.4,76.5,75.2,24.01,23.58,24.08,23.87
33.865,1623.9,226.0,100.0,0.0,0.0,5,5503,-0.138,0.152,76.0,73.4,76.5,75.2,24.01,23.58,24.08,23.87
33.881,1624.9,226.0,100.0,0.0,0.0,5,5505,-0.14,0.142,76.0,73.4,76.5,75.2,24.01,23.58,24.08,23.87
33.896,1625.8,226.1,100.0,0.0,0.0,5,5508,-0.131,0.139,76.0,73.4,76.5,75.2,24.01,23.58,24.08,23.87
33.912,1626.8,226.2,100.0,0.0,0.0,5,5509,-0.133,0.145,76.0,73.4,76.5,75.2,24.01,23.58,24.08,23.87
33.927,1627.8,226.3,100.0,0.0,0.0,5,5507,-0.149,0.15,76.0,73.4,76.5,75.2,24.01,23.58,24.08,23.87
33.942,1628.7,226.4,100.0,0.0,0.01,5,5507,-0.139,0.149,76.0,73.4,76.5,75.2,24.01,23.58,24.08,23.87
33.958,1629.7,226.4,100.0,0.0,0.01,5,5509,-0.13,0.152,76.0,73.4,76.5,75.2,24.01,23.58,24.08,23.87
33.974,1630.7,226.5,100.0,0.0,0.01,5,5509,-0.155,0.159,76.0,73.4,76.5,75.2,24.01,23.58,24.08,23.87
33.99,1631.7,226.6,100.0,0.0,0.02,5,5513,-0.149,0.147,76.0,73.3,76.5,75.2,24.01,23.58,24.08,23.87
34.006,1632.7,226.7,100.0,0.0,0.02,5,5517,-0.162,0.146,76.0,73.3,76.5,75.2,24.0,23.58,24.08,23.87
34.022,1633.7,226.8,100.0,0.0,0.02,5,5524,-0.179,0.132,76.0,73.3,76.5,75.2,24.0,23.57,24.08,23.87
34.037,1634.7,226.9,100.0,0.0,0.02,5,5527,-0.214,0.147,76.0,73.3,76.5,75.2,24.0,23.57,24.08,23.87
34.052,1635.7,226.9,100.0,0.0,0.0,5,5529,-0.274,0.139,76.0,73.3,76.5,75.2,24.0,23.57,24.08,23.87
34.068,1636.6,227.0,100.0,0.0,0.0,5,5531,-0.14,0.154,76.0,73.3,76.5,75.2,24.0,23.57,24.08,23.87
34.084,1637.6,227.1,100.0,0.0,0.0,5,5532,-0.157,0.15,76.0,73.3,76.5,75.2,24.0,23.57,24.08,23.87
34.1,1638.7,227.2,100.0,0.0,0.0,5,5533,-0.171,0.146,76.0,73.3,76.5,75.2,24.0,23.57,24.08,23.87
34.115,1639.6,227.3,100.0,0.0,0.0,5,5533,-0.167,0.148,76.0,73.3,76.5,75.2,24.0,23.57,24.08,23.87
34.13,1640.6,227.3,100.0,0.0,0.0,5,5535,-0.178,0.144,76.0,73.3,76.5,75.2,24.0,23.57,24.08,23.87
34.147,1641.6,227.4,100.0,0.0,0.0,5,5539,-0.166,0.131,76.0,73.3,76.5,75.2,24.0,23.57,24.08,23.87
34.163,1642.6,227.5,100.0,0.0,0.0,5,5540,-0.176,0.146,76.0,73.3,76.5,75.2,24.0,23.57,24.08,23.87
34.178,1643.6,227.6,100.0,0.0,0.0,5,5537,-0.192,0.157,76.0,73.3,76.5,75.2,24.0,23.57,24.08,23.87
34.193,1644.6,227.7,100.0,0.0,0.0,5,5539,-0.177,0.138,76.0,73.3,76.5,75.2,24.0,23.57,24.08,23.87
34.209,1645.5,227.7,100.0,0.0,0.0,5,5538,-0.151,0.159,76.0,73.3,76.5,75.2,24.0,23.57,24.08,23.87
34.224,1646.5,227.8,100.0,0.0,0.0,5,5542,-0.125,0.13,76.0,73.3,76.5,75.2,24.0,23.57,24.08,23.87
34.24,1647.5,227.9,100.0,0.0,0.0,5,5547,-0.097,0.139,76.0,73.3,76.5,75.2,24.0,23.57,24.08,23.87
34.256,1648.5,228.0,100.0,0.0,0.0,5,5552,-0.082,0.138,76.0,73.3,76.5,75.2,24.0,23.57,24.08,23.87
34.272,1649.5,228.1,100.0,0.0,0.0,5,5557,-0.078,0.139,76.0,73.3,76.5,75.2,24.0,23.56,24.08,23.87
34.287,1650.5,228.1,100.0,0.0,0.0,5,5560,-0.058,0.141,76.0,73.3,76.5,75.2,24.0,23.56,24.08,23.87
34.303,1651.5,228.2,100.0,0.0,0.0,5,5560,-0.052,0.15,76.0,73.3,76.5,75.2,24.0,23.56,24.08,23.87
34.319,1652.5,228.3,100.0,0.0,0.0,5,5563,-0.053,0.129,76.0,73.3,76.5,75.2,24.0,23.56,24.08,23.87
34.335,1653.5,228.4,100.0,0.0,0.0,5,5565,-0.044,0.137,76.0,73.3,76.5,75.2,24.0,23.56,24.08,23.87
34.351,1654.5,228.4,100.0,0.0,0.0,5,5567,-0.045,0.14,76.0,73.3,76.5,75.2,24.0,23.56,24.08,23.87
34.366,1655.5,228.5,100.0,0.0,0.0,5,5568,-0.04,0.136,76.0,73.3,76.5,75.2,24.0,23.56,24.08,23.87
34.382,1656.5,228.6,100.0,0.0,0.0,5,5567,-0.03,0.146,76.0,73.3,76.5,75.2,24.0,23.56,24.08,23.87
34.397,1657.5,228.7,100.0,0.0,0.0,5,5567,-0.015,0.128,76.0,73.2,76.5,75.2,24.0,23.56,24.08,23.87
34.412,1658.4,228.8,100.0,0.0,0.0,5,5567,-0.032,0.143,76.0,73.2,76.5,75.2,24.0,23.56,24.08,23.87
34.427,1659.4,228.8,100.0,0.0,0.0,5,5567,-0.018,0.137,76.0,73.2,76.5,75.2,24.0,23.56,24.08,23.87
34.444,1660.4,228.9,100.0,0.0,0.0,5,5570,-0.017,0.138,76.0,73.2,76.5,75.2,24.0,23.56,24.08,23.87
34.459,1661.4,229.0,100.0,0.0,0.0,5,5571,-0.033,0.146,76.0,73.2,76.5,75.2,24.0,23.56,24.08,23.87
34.475,1662.4,229.1,100.0,0.0,0.0,5,5573,-0.017,0.133,76.0,73.2,76.5,75.2,24.0,23.56,24.08,23.87
34.491,1663.5,229.1,100.0,0.0,0.0,5,5576,-0.012,0.141,76.0,73.2,76.5,75.2,23.99,23.56,24.08,23.87
34.507,1664.5,229.2,100.0,0.0,0.0,5,5578,-0.043,0.151,76.0,73.2,76.5,75.2,23.99,23.56,24.08,23.87
34.523,1665.5,229.3,100.0,0.0,0.0,5,5579,-0.006,0.151,76.0,73.2,76.5,75.2,23.99,23.56,24.08,23.87
34.539,1666.5,229.4,100.0,0.0,0.0,5,5581,-0.011,0.139,76.0,73.2,76.5,75.2,23.99,23.56,24.08,23.87
34.555,1667.5,229.5,100.0,0.0,0.0,5,5585,-0.007,0.138,76.0,73.2,76.5,75.2,23.99,23.55,24.08,23.87
34.571,1668.5,229.5,100.0,0.0,0.0,5,5587,-0.01,0.134,76.0,73.2,76.5,75.2,23.99,23.55,24.08,23.87
34.586,1669.5,229.6,100.0,0.0,0.0,5,5588,-0.013,0.146,76.0,73.2,76.5,75.2,23.99,23.55,24.08,23.87
34.602,1670.5,229.7,100.0,0.0,0.0,5,5590,-0.027,0.134,76.0,73.2,76.5,75.2,23.99,23.55,24.08,23.87
34.617,1671.5,229.8,100.0,0.0,0.0,5,5594,-0.021,0.136,75.9,73.2,76.5,75.2,23.99,23.55,24.08,23.87
34.632,1672.5,229.8,100.0,0.0,0.0,5,5593,-0.004,0.156,75.9,73.2,76.5,75.2,23.99,23.55,24.08,23.87
34.647,1673.4,229.9,100.0,0.0,0.0,5,5596,-0.025,0.134,75.9,73.2,76.5,75.2,23.99,23.55,24.08,23.87
34.664,1674.5,230.0,100.0,0.0,0.0,5,5602,-0.013,0.125,75.9,73.2,76.5,75.2,23.99,23.55,24.08,23.87
34.679,1675.5,230.1,100.0,0.0,0.0,5,5604,-0.003,0.137,75.9,73.2,76.5,75.2,23.99,23.55,24.08,23.87
34.695,1676.5,230.1,100.0,0.0,0.0,5,5606,0.015,0.139,75.9,73.2,76.5,75.2,23.99,23.55,24.08,23.87
34.711,1677.5,230.2,100.0,0.0,0.0,5,5606,-0.016,0.142,75.9,73.2,76.5,75.2,23.99,23.55,24.08,23.87
34.726,1678.4,230.3,100.0,0.0,0.0,5,5607,0.004,0.137,75.9,73.2,76.5,75.2,23.99,23.55,24.08,23.87
34.741,1679.4,230.4,100.0,0.0,0.0,5,5605,0.0,0.14,75.9,73.2,76.5,75.2,23.99,23.55,24.08,23.87
34.756,1680.4,230.4,100.0,0.0,0.0,5,5605,-0.004,0.134,75.9,73.2,76.5,75.2,23.99,23.55,24.08,23.87
34.772,1681.4,230.5,100.0,0.0,0.0,5,5609,-0.003,0.133,75.9,73.2,76.5,75.2,23.99,23.55,24.08,23.87
34.788,1682.4,230.6,100.0,0.0,0.0,5,5611,-0.007,0.144,75.9,73.2,76.5,75.2,23.99,23.55,24.08,23.87
34.804,1683.4,230.7,100.0,0.0,0.0,5,5613,0.008,0.135,75.9,73.2,76.5,75.2,23.99,23.54,24.08,23.87
34.819,1684.4,230.7,100.0,0.0,0.0,5,5616,-0.014,0.139,75.9,73.2,76.5,75.2,23.99,23.54,24.08,23.87
34.835,1685.4,230.8,100.0,0.0,0.0,5,5621,-0.013,0.123,75.9,73.1,76.5,75.2,23.99,23.54,24.08,23.87
34.85,1686.4,230.9,100.0,0.0,0.0,5,5622,-0.012,0.14,75.9,73.1,76.5,75.2,23.99,23.54,24.08,23.87
34.866,1687.4,231.0,100.0,0.0,0.0,5,5623,0.004,0.143,75.9,73.1,76.5,75.2,23.99,23.54,24.08,23.87
34.881,1688.4,231.0,100.0,0.0,0.0,5,5623,0.004,0.126,75.9,73.1,76.5,75.2,23.99,23.54,24.08,23.87
34.897,1689.4,231.1,100.0,0.0,0.0,5,5625,-0.006,0.132,75.9,73.1,76.5,75.2,23.98,23.54,24.09,23.87
34.913,1690.4,231.2,100.0,0.0,0.0,5,5625,0.001,0.144,75.9,73.1,76.5,75.2,23.98,23.54,24.09,23.87
34.928,1691.4,231.2,100.0,0.0,0.0,5,5624,-0.002,0.135,75.9,73.1,76.5,75.2,23.98,23.54,24.09,23.87
34.944,1692.4,231.3,100.0,0.0,0.0,5,5626,-0.007,0.13,75.9,73.1,76.5,75.2,23.98,23.54,24.09,23.87
34.959,1693.4,231.4,100.0,0.0,0.0,5,5630,-0.006,0.131,75.9,73.1,76.5,75.2,23.98,23.54,24.09,23.87
34.974,1694.4,231.5,100.0,0.0,0.0,5,5632,-0.013,0.132,75.9,73.1,76.5,75.2,23.98,23.54,24.09,23.87
34.99,1695.4,231.5,100.0,0.0,0.0,5,5632,-0.014,0.138,75.9,73.1,76.5,75.2,23.98,23.54,24.09,23.87
35.006,1696.4,231.6,100.0,0.0,0.0,5,5638,-0.023,0.118,75.9,73.1,76.5,75.2,23.98,23.54,24.09,23.87
35.021,1697.4,231.7,100.0,0.0,0.0,5,5639,-0.026,0.139,75.9,73.1,76.5,75.2,23.98,23.54,24.09,23.87
35.036,1698.4,231.8,100.0,0.0,0.0,5,5639,-0.016,0.131,75.9,73.1,76.5,75.2,23.98,23.54,24.09,23.87
35.052,1699.4,231.8,100.0,0.0,0.0,5,5642,-0.026,0.123,75.9,73.1,76.5,75.2,23.98,23.54,24.09,23.87
35.067,1700.4,231.9,100.0,0.0,0.0,5,5645,-0.002,0.127,75.9,73.1,76.5,75.2,23.98,23.53,24.09,23.87
35.083,1701.4,232.0,100.0,0.0,0.0,5,5647,0.013,0.127,75.9,73.1,76.5,75.2,23.98,23.53,24.09,23.87
35.098,1702.4,232.0,100.0,0.0,0.0,5,5647,-0.008,0.136,75.9,73.1,76.5,75.2,23.98,23.53,24.09,23.87
35.114,1703.4,232.1,100.0,0.0,0.0,5,5651,0.012,0.124,75.9,73.1,76.5,75.2,23.98,23.53,24.09,23.87
35.129,1704.4,232.2,100.0,0.0,-0.0,5,5652,0.008,0.137,75.9,73.1,76.5,75.2,23.98,23.53,24.09,23.87
35.144,1705.3,232.2,100.0,0.0,-0.0,5,5654,0.007,0.139,75.9,73.1,76.5,75.2,23.98,23.53,24.09,23.87
35.16,1706.3,232.3,100.0,0.0,-0.01,5,5652,0.02,0.148,75.9,73.1,76.5,75.2,23.98,23.53,24.09,23.87
35.176,1707.4,232.4,100.0,0.0,-0.01,5,5657,0.07,0.128,75.9,73.1,76.5,75.2,23.98,23.53,24.09,23.87
35.192,1708.4,232.5,100.0,0.0,-0.01,5,5658,0.055,0.137,75.9,73.1,76.5,75.2,23.98,23.53,24.09,23.87
35.208,1709.4,232.5,100.0,0.0,-0.01,5,5657,0.115,0.135,75.9,73.1,76.5,75.2,23.98,23.53,24.09,23.87
35.223,1710.4,232.6,100.0,0.0,-0.02,5,5659,0.145,0.132,75.9,73.1,76.5,75.2,23.98,23.53,24.09,23.87
35.239,1711.4,232.7,100.0,0.0,0.0,5,5662,0.067,0.121,75.9,73.0,76.5,75.2,23.98,23.53,24.09,23.87
35.255,1712.5,232.7,100.0,0.0,0.0,5,5661,0.066,0.139,75.8,73.0,76.5,75.2,23.98,23.53,24.09,23.87
35.27,1713.5,232.8,100.0,0.0,0.0,5,5661,0.063,0.137,75.8,73.0,76.5,75.2,23.98,23.53,24.09,23.87
35.286,1714.5,232.9,100.0,0.0,0.0,5,5664,0.09,0.122,75.8,73.0,76.6,75.2,23.97,23.53,24.09,23.87
35.301,1715.5,233.0,100.0,0.0,0.0,5,5667,0.072,0.121,75.8,73.0,76.6,75.2,23.97,23.53,24.09,23.87
35.317,1716.5,233.0,100.0,0.0,0.0,5,5673,0.056,0.116,75.8,73.0,76.6,75.2,23.97,23.52,24.09,23.87
35.332,1717.5,233.1,100.0,0.0,0.0,5,5678,0.076,0.132,75.8,73.0,76.6,75.2,23.97,23.52,24.09,23.87
35.348,1718.5,233.2,100.0,0.0,0.0,5,5680,0.073,0.129,75.8,73.0,76.6,75.2,23.97,23.52,24.09,23.87
35.364,1719.5,233.2,100.0,0.0,0.0,5,5678,0.068,0.134,75.8,73.0,76.6,75.2,23.97,23.52,24.09,23.87
35.379,1720.5,233.3,100.0,0.0,0.0,5,5679,0.069,0.119,75.8,73.0,76.6,75.2,23.97,23.52,24.09,23.87
35.394,1721.5,233.4,100.0,0.0,0.0,5,5680,0.058,0.128,75.8,73.0,76.6,75.2,23.97,23.52,24.09,23.87
35.409,1722.5,233.4,100.0,0.0,0.0,5,5680,0.056,0.139,75.8,73.0,76.6,75.2,23.97,23.52,24.09,23.87
35.425,1723.5,233.5,100.0,0.0,0.0,5,5679,0.049,0.136,75.8,73.0,76.6,75.2,23.97,23.52,24.09,23.87
35.44,1724.5,233.6,100.0,0.0,0.0,5,5682,0.031,0.127,75.8,73.0,76.6,75.2,23.97,23.52,24.09,23.87
35.455,1725.5,233.6,100.0,0.0,0.0,5,5686,0.05,0.124,75.8,73.0,76.6,75.2,23.97,23.52,24.09,23.87
35.471,1726.5,233.7,100.0,0.0,0.0,5,5686,0.033,0.134,75.8,73.0,76.6,75.2,23.97,23.52,24.09,23.87
35.486,1727.5,233.8,100.0,0.0,0.0,5,5686,0.03,0.128,75.8,73.0,76.6,75.2,23.97,23.52,24.09,23.87
35.502,1728.5,233.8,100.0,0.0,0.0,5,5690,0.038,0.123,75.8,73.0,76.6,75.2,23.97,23.52,24.09,23.87
35.518,1729.5,233.9,100.0,0.0,0.0,5,5693,0.024,0.131,75.8,73.0,76.6,75.2,23.97,23.52,24.09,23.87
35.533,1730.5,234.0,100.0,0.0,0.0,5,5693,0.028,0.126,75.8,73.0,76.6,75.2,23.97,23.52,24.09,23.87
35.549,1731.5,234.1,100.0,0.0,0.0,5,5693,0.019,0.115,75.8,73.0,76.6,75.2,23.97,23.52,24.09,23.87
35.564,1732.5,234.1,100.0,0.0,0.0,5,5695,0.019,0.12,75.8,73.0,76.6,75.2,23.97,23.51,24.09,23.87
35.58,1733.6,234.2,100.0,0.0,0.0,5,5701,-0.016,0.114,75.8,73.0,76.6,75.2,23.97,23.51,24.09,23.87
35.595,1734.6,234.2,100.0,0.0,0.0,5,5703,0.012,0.126,75.8,73.0,76.6,75.2,23.97,23.51,24.09,23.87
35.611,1735.6,234.3,100.0,0.0,0.0,5,5704,0.003,0.122,75.8,73.0,76.6,75.2,23.96,23.51,24.09,23.87
35.627,1736.6,234.4,100.0,0.0,0.0,5,5703,-0.015,0.132,75.8,73.0,76.6,75.2,23.96,23.51,24.09,23.87
35.643,1737.6,234.5,100.0,0.0,0.0,5,5703,0.005,0.13,75.8,72.9,76.6,75.2,23.96,23.51,24.09,23.88
35.659,1738.7,234.5,100.0,0.0,0.0,5,5704,-0.011,0.124,75.8,72.9,76.6,75.2,23.96,23.51,24.09,23.88
35.674,1739.7,234.6,100.0,0.0,0.0,5,5705,-0.019,0.121,75.8,72.9,76.6,75.2,23.96,23.51,24.09,23.88
35.689,1740.7,234.7,100.0,0.0,0.0,5,5705,-0.016,0.139,75.8,72.9,76.6,75.2,23.96,23.51,24.09,23.88
35.705,1741.7,234.7,100.0,0.0,0.0,5,5705,-0.01,0.129,75.8,72.9,76.6,75.2,23.96,23.51,24.09,23.88
35.721,1742.7,234.8,100.0,0.0,0.0,5,5708,0.007,0.119,75.8,72.9,76.6,75.2,23.96,23.51,24.09,23.88
35.736,1743.7,234.9,100.0,0.0,0.0,5,5720,-0.003,0.09,75.8,72.9,76.6,75.2,23.96,23.51,24.09,23.88
35.752,1744.7,234.9,100.0,0.0,0.0,5,5719,-0.011,0.131,75.8,72.9,76.6,75.2,23.96,23.51,24.09,23.88
35.767,1745.7,235.0,100.0,0.0,0.0,5,5725,-0.006,0.108,75.7,72.9,76.6,75.2,23.96,23.51,24.09,23.88
35.783,1746.8,235.1,100.0,0.0,0.0,5,5729,-0.021,0.112,75.7,72.9,76.6,75.2,23.96,23.51,24.09,23.88
35.798,1747.8,235.1,100.0,0.0,0.0,5,5733,-0.023,0.116,75.7,72.9,76.6,75.2,23.96,23.5,24.09,23.88
35.813,1748.8,235.2,100.0,0.0,0.0,5,5729,-0.001,0.147,75.7,72.9,76.6,75.2,23.96,23.5,24.09,23.88
35.829,1749.8,235.3,100.0,0.0,0.0,5,5727,-0.038,0.121,75.7,72.9,76.6,75.2,23.96,23.5,24.09,23.88
35.845,1750.9,235.3,100.0,0.0,0.0,5,5728,-0.017,0.128,75.7,72.9,76.6,75.2,23.96,23.5,24.09,23.88
35.861,1751.9,235.4,100.0,0.0,0.0,5,5729,-0.031,0.115,75.7,72.9,76.6,75.2,23.96,23.5,24.09,23.88
35.877,1752.9,235.5,100.0,0.0,0.0,5,5728,-0.029,0.121,75.7,72.9,76.6,75.2,23.96,23.5,24.09,23.88
35.893,1754.0,235.5,100.0,0.0,0.0,5,5731,0.004,0.124,75.7,72.9,76.6,75.2,23.96,23.5,24.09,23.88
35.908,1754.9,235.6,100.0,0.0,-0.0,5,5731,0.005,0.129,75.7,72.9,76.6,75.2,23.96,23.5,24.09,23.88
35.924,1756.0,235.7,100.0,0.0,-0.0,5,5734,0.011,0.113,75.7,72.9,76.6,75.2,23.95,23.5,24.09,23.88
35.94,1757.0,235.7,100.0,0.0,-0.01,5,5735,0.047,0.122,75.7,72.9,76.6,75.2,23.95,23.5,24.09,23.88
35.955,1758.0,235.8,100.0,0.0,-0.01,5,5739,0.062,0.103,75.7,72.9,76.6,75.2,23.95,23.5,24.09,23.88
35.97,1759.1,235.9,100.0,0.0,-0.01,5,5739,0.056,0.125,75.7,72.9,76.6,75.2,23.95,23.5,24.09,23.88
35.986,1760.0,235.9,100.0,0.0,-0.02,5,5737,0.103,0.132,75.7,72.9,76.6,75.2,23.95,23.5,24.09,23.88
36.001,1761.1,236.0,100.0,0.0,0.0,5,5737,0.052,0.109,75.7,72.9,76.6,75.2,23.95,23.5,24.09,23.88
36.022,1762.5,236.1,100.0,0.0,0.0,5,5741,0.028,0.099,75.7,72.9,76.6,75.2,23.95,23.5,24.09,23.88
36.051,1764.3,236.2,100.0,0.0,0.0,5,5739,0.045,0.126,75.7,72.8,76.6,75.2,23.95,23.5,24.09,23.88
36.065,1765.3,236.3,100.0,0.0,0.0,5,5742,0.073,0.114,75.7,72.8,76.6,75.2,23.95,23.49,24.09,23.88
36.08,1766.2,236.3,100.0,0.0,0.0,5,5745,0.062,0.12,75.7,72.8,76.6,75.2,23.95,23.49,24.09,23.88
36.095,1767.2,236.4,100.0,0.0,0.0,5,5750,0.033,0.107,75.7,72.8,76.6,75.2,23.95,23.49,24.09,23.88
36.111,1768.3,236.4,100.0,0.0,0.0,5,5752,0.049,0.132,75.7,72.8,76.6,75.2,23.95,23.49,24.09,23.88
36.126,1769.2,236.5,100.0,0.0,0.0,5,5758,0.044,0.119,75.7,72.8,76.6,75.2,23.95,23.49,24.09,23.88
36.141,1770.3,236.6,100.0,0.0,0.0,5,5758,0.031,0.122,75.7,72.8,76.6,75.2,23.95,23.49,24.09,23.88
36.157,1771.3,236.6,100.0,0.0,0.0,5,5761,0.033,0.131,75.7,72.8,76.6,75.2,23.95,23.49,24.09,23.88
36.172,1772.3,236.7,100.0,0.0,0.0,5,5764,0.047,0.111,75.7,72.8,76.6,75.2,23.95,23.49,24.09,23.88
36.187,1773.3,236.8,100.0,0.0,0.0,5,5764,0.062,0.118,75.7,72.8,76.6,75.2,23.95,23.49,24.09,23.88
36.203,1774.4,236.8,100.0,0.0,0.0,5,5766,0.047,0.118,75.7,72.8,76.6,75.2,23.95,23.49,24.09,23.88
36.219,1775.4,236.9,100.0,0.0,0.0,5,5765,0.03,0.121,75.7,72.8,76.6,75.2,23.95,23.49,24.09,23.88
36.235,1776.4,237.0,100.0,0.0,0.0,5,5763,0.05,0.123,75.7,72.8,76.6,75.2,23.94,23.49,24.09,23.88
36.25,1777.4,237.0,100.0,0.0,0.0,5,5768,0.039,0.126,75.7,72.8,76.6,75.2,23.94,23.49,24.09,23.88
36.266,1778.5,237.1,100.0,0.0,0.0,5,5770,0.017,0.108,75.6,72.8,76.6,75.2,23.94,23.49,24.09,23.88
36.282,1779.5,237.2,100.0,0.0,0.0,5,5768,0.013,0.123,75.6,72.8,76.6,75.2,23.94,23.49,24.09,23.88
36.298,1780.6,237.2,100.0,0.0,0.0,5,5772,0.004,0.099,75.6,72.8,76.6,75.2,23.94,23.48,24.09,23.88
36.313,1781.6,237.3,100.0,0.0,0.0,5,5773,0.007,0.102,75.6,72.8,76.6,75.2,23.94,23.48,24.09,23.88
36.329,1782.6,237.3,100.0,0.0,0.0,5,5774,-0.008,0.122,75.6,72.8,76.6,75.2,23.94,23.48,24.09,23.88
36.345,1783.7,237.4,100.0,0.0,0.0,5,5772,0.017,0.13,75.6,72.8,76.6,75.2,23.94,23.48,24.09,23.88
36.361,1784.7,237.5,100.0,0.0,0.0,5,5772,-0.021,0.122,75.6,72.8,76.6,75.2,23.94,23.48,24.1,23.88
36.376,1785.7,237.5,100.0,0.0,0.0,5,5774,0.001,0.113,75.6,72.8,76.6,75.2,23.94,23.48,24.1,23.88
36.391,1786.7,237.6,100.0,0.0,0.0,5,5776,0.0,0.117,75.6,72.8,76.6,75.2,23.94,23.48,24.1,23.88
36.407,1787.8,237.7,100.0,0.0,0.0,5,5780,0.004,0.117,75.6,72.8,76.6,75.2,23.94,23.48,24.1,23.88
36.423,1788.9,237.7,100.0,0.0,0.0,5,5785,0.002,0.098,75.6,72.7,76.6,75.2,23.94,23.48,24.1,23.88
36.439,1789.9,237.8,100.0,0.0,0.0,5,5786,0.007,0.13,75.6,72.7,76.6,75.2,23.94,23.48,24.1,23.88
36.454,1790.9,237.9,100.0,0.0,0.0,5,5787,-0.012,0.115,75.6,72.7,76.6,75.2,23.94,23.48,24.1,23.88
36.47,1791.9,237.9,100.0,0.0,0.0,5,5790,-0.002,0.112,75.6,72.7,76.6,75.2,23.94,23.48,24.1,23.88
36.486,1793.0,238.0,100.0,0.0,0.0,5,5791,-0.008,0.121,75.6,72.7,76.6,75.2,23.94,23.48,24.1,23.88
36.502,1794.0,238.0,100.0,0.0,0.0,5,5792,-0.008,0.117,75.6,72.7,76.6,75.2,23.94,23.48,24.1,23.88
36.517,1795.0,238.1,100.0,0.0,0.0,5,5793,-0.001,0.117,75.6,72.7,76.6,75.2,23.94,23.48,24.1,23.88
36.533,1796.1,238.2,100.0,0.0,0.0,5,5797,0.01,0.106,75.6,72.7,76.6,75.2,23.93,23.47,24.1,23.88
36.548,1797.1,238.2,100.0,0.0,0.0,5,5797,0.003,0.103,75.6,72.7,76.6,75.2,23.93,23.47,24.1,23.88
36.563,1798.1,238.3,100.0,0.0,0.0,5,5796,0.012,0.107,75.6,72.7,76.6,75.2,23.93,23.47,24.1,23.88
36.578,1799.1,238.3,100.0,0.0,0.0,5,5795,0.009,0.115,75.6,72.7,76.6,75.2,23.93,23.47,24.1,23.88
36.594,1800.1,238.4,100.0,0.0,0.0,5,5793,-0.003,0.118,75.6,72.7,76.6,75.2,23.93,23.47,24.1,23.88
36.61,1801.2,238.5,100.0,0.0,0.0,5,5794,-0.016,0.114,75.6,72.7,76.6,75.2,23.93,23.47,24.1,23.88
36.626,1802.2,238.5,100.0,0.0,0.0,5,5797,-0.012,0.119,75.6,72.7,76.6,75.2,23.93,23.47,24.1,23.88
36.641,1803.3,238.6,100.0,0.0,0.0,5,5799,-0.011,0.106,75.6,72.7,76.6,75.2,23.93,23.47,24.1,23.88
36.657,1804.3,238.7,100.0,0.0,0.0,5,5802,-0.015,0.114,75.6,72.7,76.6,75.2,23.93,23.47,24.1,23.88
36.672,1805.3,238.7,100.0,0.0,0.0,5,5804,-0.007,0.12,75.6,72.7,76.6,75.2,23.93,23.47,24.1,23.88
36.688,1806.3,238.8,100.0,0.0,0.0,5,5806,-0.014,0.106,75.6,72.7,76.6,75.2,23.93,23.47,24.1,23.88
36.703,1807.4,238.8,100.0,0.0,0.0,5,5812,-0.008,0.096,75.6,72.7,76.6,75.2,23.93,23.47,24.1,23.88
36.719,1808.4,238.9,100.0,0.0,0.0,5,5813,-0.018,0.106,75.6,72.7,76.6,75.2,23.93,23.47,24.1,23.88
36.735,1809.5,239.0,100.0,0.0,0.0,5,5814,-0.012,0.111,75.6,72.7,76.6,75.2,23.93,23.47,24.1,23.88
36.75,1810.5,239.0,100.0,0.0,0.0,5,5817,-0.014,0.105,75.6,72.7,76.6,75.2,23.93,23.47,24.1,23.88
36.766,1811.5,239.1,100.0,0.0,0.0,5,5818,-0.016,0.097,75.6,72.7,76.6,75.2,23.93,23.47,24.1,23.88
36.781,1812.6,239.1,100.0,0.0,0.0,5,5819,-0.007,0.103,75.5,72.7,76.6,75.2,23.93,23.47,24.1,23.88
36.797,1813.6,239.2,100.0,0.0,-0.0,5,5819,0.01,0.096,75.5,72.7,76.6,75.2,23.93,23.46,24.1,23.88
36.813,1814.6,239.3,100.0,0.0,-0.01,5,5809,0.028,0.144,75.5,72.7,76.6,75.2,23.93,23.46,24.1,23.88
36.828,1815.7,239.3,100.0,0.0,-0.01,5,5815,0.019,0.078,75.5,72.6,76.6,75.2,23.93,23.46,24.1,23.88
36.844,1816.7,239.4,100.0,0.0,-0.01,5,5821,0.055,0.112,75.5,72.6,76.6,75.2,23.93,23.46,24.1,23.88
36.859,1817.7,239.4,100.0,0.0,-0.01,5,5821,0.046,0.13,75.5,72.6,76.6,75.2,23.93,23.46,24.1,23.88
36.875,1818.8,239.5,100.0,0.0,0.0,5,5813,0.011,0.116,75.5,72.6,76.6,75.2,23.92,23.46,24.1,23.88
36.89,1819.8,239.5,100.0,0.0,0.0,5,5836,0.033,0.041,75.5,72.6,76.6,75.2,23.92,23.46,24.1,23.88
36.906,1820.8,239.6,100.0,0.0,0.0,5,5836,0.025,0.132,75.5,72.6,76.6,75.2,23.92,23.46,24.1,23.88
36.921,1821.9,239.7,100.0,0.0,0.0,5,5829,0.033,0.131,75.5,72.6,76.6,75.2,23.92,23.46,24.1,23.88
36.937,1822.9,239.7,100.0,0.0,0.0,5,5827,0.039,0.124,75.5,72.6,76.6,75.2,23.92,23.46,24.1,23.88
36.952,1823.9,239.8,100.0,0.0,0.0,5,5833,0.044,0.098,75.5,72.6,76.6,75.2,23.92,23.46,24.1,23.88
36.967,1824.9,239.8,100.0,0.0,0.0,5,5847,0.037,0.056,75.5,72.6,76.6,75.2,23.92,23.46,24.1,23.88
36.983,1826.0,239.9,100.0,0.0,0.0,5,5845,0.045,0.107,75.5,72.6,76.6,75.2,23.92,23.46,24.1,23.88
36.998,1827.0,239.9,100.0,0.0,0.0,5,5836,0.037,0.13,75.5,72.6,76.6,75.2,23.92,23.46,24.1,23.88
37.015,1828.1,240.0,100.0,0.0,0.0,5,5829,0.024,0.114,75.5,72.6,76.6,75.2,23.92,23.46,24.1,23.88
37.03,1829.1,240.1,100.0,0.0,0.0,5,5832,0.027,0.096,75.5,72.6,76.6,75.2,23.92,23.46,24.1,23.88
37.046,1830.2,240.1,100.0,0.0,0.0,5,5835,0.037,0.097,75.5,72.6,76.6,75.2,23.92,23.45,24.1,23.88
37.062,1831.2,240.2,100.0,0.0,0.0,5,5836,0.028,0.125,75.5,72.6,76.6,75.2,23.92,23.45,24.1,23.88
37.077,1832.2,240.2,100.0,0.0,0.0,5,5837,0.04,0.105,75.5,72.6,76.6,75.2,23.92,23.45,24.1,23.88
37.093,1833.3,240.3,100.0,0.0,0.0,5,5843,0.039,0.091,75.5,72.6,76.6,75.2,23.92,23.45,24.1,23.88
37.108,1834.3,240.4,100.0,0.0,0.0,5,5846,0.019,0.101,75.5,72.6,76.6,75.2,23.92,23.45,24.1,23.88
37.123,1835.3,240.4,100.0,0.0,0.0,5,5848,0.017,0.107,75.5,72.6,76.6,75.2,23.92,23.45,24.1,23.88
37.139,1836.4,240.5,100.0,0.0,0.0,5,5850,0.011,0.109,75.5,72.6,76.6,75.2,23.92,23.45,24.1,23.88
37.155,1837.4,240.5,100.0,0.0,0.0,5,5855,0.016,0.097,75.5,72.6,76.6,75.2,23.91,23.45,24.1,23.88
37.171,1838.5,240.6,100.0,0.0,0.0,5,5858,0.004,0.096,75.5,72.6,76.6,75.2,23.91,23.45,24.1,23.88
37.187,1839.6,240.6,100.0,0.0,0.0,5,5861,0.004,0.103,75.5,72.6,76.6,75.2,23.91,23.45,24.1,23.88
37.202,1840.6,240.7,100.0,0.0,0.0,5,5865,0.017,0.103,75.5,72.5,76.6,75.2,23.91,23.45,24.1,23.88
37.218,1841.7,240.7,100.0,0.0,-0.0,5,5863,0.001,0.121,75.5,72.5,76.6,75.2,23.91,23.45,24.1,23.88
37.234,1842.7,240.8,100.0,0.0,-0.01,5,5858,0.009,0.117,75.4,72.5,76.6,75.2,23.91,23.45,24.1,23.88
37.249,1843.7,240.9,100.0,0.0,-0.01,5,5860,0.042,0.096,75.4,72.5,76.6,75.2,23.91,23.45,24.1,23.88
37.265,1844.8,240.9,100.0,0.0,-0.01,5,5861,0.05,0.102,75.4,72.5,76.6,75.2,23.91,23.44,24.1,23.88
37.28,1845.8,241.0,100.0,0.0,-0.01,5,5860,0.078,0.11,75.4,72.5,76.6,75.2,23.91,23.44,24.1,23.88
37.296,1846.9,241.0,100.0,0.0,-0.02,5,5858,0.092,0.102,75.4,72.5,76.6,75.2,23.91,23.44,24.1,23.88
37.312,1847.9,241.1,100.0,0.0,0.0,5,5859,0.077,0.091,75.4,72.5,76.6,75.2,23.91,23.44,24.1,23.88
37.327,1848.9,241.1,100.0,0.0,0.0,5,5862,0.034,0.099,75.4,72.5,76.6,75.2,23.91,23.44,24.1,23.88
37.342,1850.0,241.2,100.0,0.0,0.0,5,5861,0.064,0.109,75.4,72.5,76.6,75.2,23.91,23.44,24.1,23.88
37.358,1851.0,241.3,100.0,0.0,0.0,5,5862,0.083,0.096,75.4,72.5,76.6,75.2,23.91,23.44,24.1,23.88
37.374,1852.1,241.3,100.0,0.0,0.0,5,5863,0.063,0.102,75.4,72.5,76.6,75.2,23.91,23.44,24.1,23.88
37.389,1853.1,241.4,100.0,0.0,0.0,5,5865,0.09,0.1,75.4,72.5,76.6,75.2,23.91,23.44,24.1,23.88
37.404,1854.1,241.4,100.0,0.0,0.0,5,5868,0.068,0.09,75.4,72.5,76.6,75.2,23.91,23.44,24.1,23.88
37.419,1855.2,241.5,100.0,0.0,0.0,5,5871,0.057,0.104,75.4,72.5,76.6,75.2,23.91,23.44,24.1,23.88
37.435,1856.2,241.5,100.0,0.0,0.0,5,5872,0.054,0.102,75.4,72.5,76.6,75.2,23.91,23.44,24.1,23.88
37.452,1857.3,241.6,100.0,0.0,0.0,5,5876,0.063,0.09,75.4,72.5,76.6,75.2,23.9,23.44,24.1,23.88
37.467,1858.4,241.7,100.0,0.0,0.0,5,5878,0.059,0.097,75.4,72.5,76.6,75.2,23.9,23.44,24.1,23.88
37.482,1859.4,241.7,100.0,0.0,0.0,5,5881,0.042,0.109,75.4,72.5,76.6,75.2,23.9,23.44,24.1,23.88
37.498,1860.4,241.8,100.0,0.0,0.0,5,5880,0.042,0.093,75.4,72.5,76.6,75.2,23.9,23.44,24.1,23.88
37.514,1861.5,241.8,100.0,0.0,0.0,5,5881,0.057,0.106,75.4,72.5,76.6,75.2,23.9,23.44,24.1,23.88
37.53,1862.6,241.9,100.0,0.0,-0.0,5,5887,0.046,0.088,75.4,72.5,76.6,75.2,23.9,23.43,24.1,23.88
37.545,1863.6,241.9,100.0,0.0,-0.01,5,5889,0.057,0.099,75.4,72.5,76.6,75.2,23.9,23.43,24.1,23.88
37.56,1864.6,242.0,100.0,0.0,-0.01,5,5887,0.053,0.11,75.4,72.5,76.6,75.2,23.9,23.43,24.1,23.88
37.576,1865.7,242.0,100.0,0.0,-0.01,5,5883,0.082,0.115,75.4,72.5,76.6,75.2,23.9,23.43,24.1,23.88
37.593,1866.8,242.1,100.0,0.0,-0.01,5,5885,0.126,0.09,75.4,72.5,76.6,75.2,23.9,23.43,24.1,23.88
37.609,1867.9,242.1,100.0,0.0,-0.02,5,5886,0.121,0.103,75.4,72.4,76.7,75.2,23.9,23.43,24.1,23.88
37.625,1869.0,242.2,100.0,0.0,0.0,5,5885,0.066,0.097,75.4,72.4,76.7,75.3,23.9,23.43,24.1,23.88
37.64,1870.0,242.3,100.0,0.0,0.0,5,5887,0.09,0.1,75.4,72.4,76.7,75.3,23.9,23.43,24.1,23.88
37.655,1871.0,242.3,100.0,0.0,0.0,5,5889,0.057,0.097,75.4,72.4,76.7,75.3,23.9,23.43,24.1,23.88
37.671,1872.1,242.4,100.0,0.0,0.0,5,5891,0.079,0.105,75.4,72.4,76.7,75.3,23.9,23.43,24.1,23.88
37.687,1873.2,242.4,100.0,0.0,0.0,5,5890,0.084,0.11,75.4,72.4,76.7,75.3,23.9,23.43,24.1,23.88
37.703,1874.2,242.5,100.0,0.0,0.0,5,5897,0.065,0.078,75.3,72.4,76.7,75.3,23.9,23.43,24.1,23.88
37.719,1875.3,242.5,100.0,0.0,0.0,5,5903,0.063,0.081,75.3,72.4,76.7,75.3,23.89,23.43,24.1,23.88
37.734,1876.4,242.6,100.0,0.0,0.0,5,5905,0.069,0.093,75.3,72.4,76.7,75.3,23.89,23.43,24.1,23.88
37.75,1877.4,242.6,100.0,0.0,0.0,5,5906,0.052,0.098,75.3,72.4,76.7,75.3,23.89,23.43,24.1,23.88
37.765,1878.4,242.7,100.0,0.0,0.0,5,5903,0.09,0.108,75.3,72.4,76.7,75.3,23.89,23.43,24.1,23.88
37.781,1879.5,242.7,100.0,0.0,0.0,5,5903,0.045,0.089,75.3,72.4,76.7,75.3,23.89,23.43,24.1,23.88
37.796,1880.5,242.8,100.0,0.0,0.0,5,5902,0.076,0.102,75.3,72.4,76.7,75.3,23.89,23.42,24.1,23.88
37.812,1881.6,242.8,100.0,0.0,0.0,5,5902,0.042,0.088,75.3,72.4,76.7,75.3,23.89,23.42,24.11,23.88
37.827,1882.6,242.9,100.0,0.0,0.0,5,5902,0.046,0.106,75.3,72.4,76.7,75.3,23.89,23.42,24.11,23.88
37.843,1883.6,243.0,100.0,0.0,-0.0,5,5904,0.05,0.104,75.3,72.4,76.7,75.3,23.89,23.42,24.11,23.88
37.859,1884.7,243.0,100.0,0.0,-0.0,5,5905,0.044,0.09,75.3,72.4,76.7,75.3,23.89,23.42,24.11,23.88
37.874,1885.7,243.1,100.0,0.0,-0.01,5,5910,0.054,0.082,75.3,72.4,76.7,75.3,23.89,23.42,24.11,23.88
37.889,1886.8,243.1,100.0,0.0,-0.01,5,5912,0.083,0.097,75.3,72.4,76.7,75.3,23.89,23.42,24.11,23.88
37.905,1887.9,243.2,100.0,0.0,-0.01,5,5913,0.081,0.095,75.3,72.4,76.7,75.3,23.89,23.42,24.11,23.88
37.921,1888.9,243.2,100.0,0.0,-0.02,5,5917,0.103,0.076,75.3,72.4,76.7,75.3,23.89,23.42,24.11,23.88
37.936,1889.9,243.3,100.0,0.0,-0.02,5,5918,0.122,0.098,75.3,72.4,76.7,75.3,23.89,23.42,24.11,23.88
37.951,1891.0,243.3,100.0,0.0,-0.0,5,5916,0.198,0.098,75.3,72.4,76.7,75.3,23.89,23.42,24.11,23.88
37.966,1892.0,243.4,100.0,0.0,0.0,5,5914,0.065,0.104,75.3,72.4,76.7,75.3,23.89,23.42,24.11,23.88
37.982,1893.1,243.4,100.0,0.0,0.0,5,5917,0.086,0.093,75.3,72.4,76.7,75.3,23.89,23.42,24.11,23.88
37.998,1894.1,243.5,100.0,0.0,0.0,5,5918,0.094,0.1,75.3,72.4,76.7,75.3,23.88,23.42,24.11,23.88
38.013,1895.2,243.5,100.0,0.0,0.0,5,5921,0.1,0.084,75.3,72.3,76.7,75.3,23.88,23.42,24.11,23.88
38.028,1896.2,243.6,100.0,0.0,0.0,5,5923,0.094,0.095,75.3,72.3,76.7,75.3,23.88,23.42,24.11,23.88
38.044,1897.3,243.6,100.0,0.0,0.0,5,5924,0.1,0.09,75.3,72.3,76.7,75.3,23.88,23.41,24.11,23.88
38.06,1898.3,243.7,100.0,0.0,0.0,5,5926,0.092,0.081,75.3,72.3,76.7,75.3,23.88,23.41,24.11,23.88
38.076,1899.4,243.7,100.0,0.0,0.0,5,5927,0.102,0.099,75.3,72.3,76.7,75.3,23.88,23.41,24.11,23.88
38.091,1900.4,243.8,100.0,0.0,0.0,5,5929,0.124,0.093,75.3,72.3,76.7,75.3,23.88,23.41,24.11,23.88
38.106,1901.4,243.8,100.0,0.0,0.0,5,5926,0.105,0.101,75.3,72.3,76.7,75.3,23.88,23.41,24.11,23.88
38.121,1902.5,243.9,100.0,0.0,0.0,5,5927,0.113,0.081,75.2,72.3,76.7,75.3,23.88,23.41,24.11,23.88
38.137,1903.5,243.9,100.0,0.0,0.0,5,5930,0.09,0.095,75.2,72.3,76.7,75.3,23.88,23.41,24.11,23.88
38.152,1904.6,244.0,100.0,0.0,0.0,5,5931,0.076,0.09,75.2,72.3,76.7,75.3,23.88,23.41,24.11,23.88
38.168,1905.6,244.0,100.0,0.0,0.0,5,5933,0.064,0.081,75.2,72.3,76.7,75.3,23.88,23.41,24.11,23.88
38.183,1906.7,244.1,100.0,0.0,0.0,5,5932,0.054,0.098,75.2,72.3,76.7,75.3,23.88,23.41,24.11,23.88
38.199,1907.7,244.1,100.0,0.0,0.0,5,5934,0.048,0.081,75.2,72.3,76.7,75.3,23.88,23.41,24.11,23.88
38.214,1908.8,244.2,100.0,0.0,0.0,5,5937,0.029,0.089,75.2,72.3,76.7,75.3,23.88,23.41,24.11,23.88
38.23,1909.9,244.2,100.0,0.0,0.0,5,5936,0.032,0.103,75.2,72.3,76.7,75.3,23.88,23.41,24.11,23.88
38.246,1910.9,244.3,100.0,0.0,0.0,5,5936,0.037,0.089,75.2,72.3,76.7,75.3,23.88,23.41,24.11,23.88
38.261,1912.0,244.3,100.0,0.0,0.0,5,5940,0.022,0.077,75.2,72.3,76.7,75.3,23.87,23.41,24.11,23.88
38.277,1913.0,244.4,100.0,0.0,0.0,5,5942,0.026,0.101,75.2,72.3,76.7,75.3,23.87,23.41,24.11,23.88
38.293,1914.1,244.4,100.0,0.0,0.0,5,5944,0.021,0.083,75.2,72.3,76.7,75.3,23.87,23.41,24.11,23.88
38.308,1915.2,244.5,100.0,0.0,0.0,5,5945,0.007,0.085,75.2,72.3,76.7,75.3,23.87,23.4,24.11,23.88
38.323,1916.2,244.5,100.0,0.0,0.0,5,5946,-0.026,0.088,75.2,72.3,76.7,75.3,23.87,23.4,24.11,23.88
38.339,1917.2,244.6,100.0,0.0,0.0,5,5947,-0.0,0.084,75.2,72.3,76.7,75.3,23.87,23.4,24.11,23.88
38.354,1918.3,244.6,100.0,0.0,0.0,5,5948,0.02,0.079,75.2,72.3,76.7,75.3,23.87,23.4,24.11,23.88
38.37,1919.4,244.7,100.0,0.0,0.0,5,5948,-0.02,0.093,75.2,72.3,76.7,75.3,23.87,23.4,24.11,23.88
38.385,1920.4,244.7,100.0,0.0,0.0,5,5950,0.043,0.077,75.2,72.3,76.7,75.3,23.87,23.4,24.11,23.88
38.401,1921.5,244.8,100.0,0.0,0.0,5,5950,-0.004,0.097,75.2,72.3,76.7,75.3,23.87,23.4,24.11,23.88
38.416,1922.5,244.8,100.0,0.0,0.0,5,5948,0.007,0.107,75.2,72.3,76.7,75.3,23.87,23.4,24.11,23.88
38.431,1923.5,244.9,100.0,0.0,0.0,5,5951,0.008,0.088,75.2,72.2,76.7,75.3,23.87,23.4,24.11,23.88
38.446,1924.6,244.9,100.0,0.0,0.0,5,5956,-0.005,0.075,75.2,72.2,76.7,75.3,23.87,23.4,24.11,23.88
38.462,1925.6,245.0,100.0,0.0,0.0,5,5958,-0.011,0.086,75.2,72.2,76.7,75.3,23.87,23.4,24.11,23.88
38.478,1926.7,245.0,100.0,0.0,0.0,5,5959,-0.002,0.093,75.2,72.2,76.7,75.3,23.87,23.4,24.11,23.88
38.493,1927.8,245.1,100.0,0.0,0.0,5,5960,-0.004,0.091,75.2,72.2,76.7,75.3,23.87,23.4,24.11,23.88
38.509,1928.8,245.1,100.0,0.0,0.0,5,5962,-0.012,0.091,75.2,72.2,76.7,75.3,23.86,23.4,24.11,23.88
38.524,1929.9,245.2,100.0,0.0,0.0,5,5959,-0.006,0.095,75.2,72.2,76.7,75.3,23.86,23.4,24.11,23.88
38.54,1930.9,245.2,100.0,0.0,0.0,5,5961,0.018,0.085,75.1,72.2,76.7,75.3,23.86,23.39,24.11,23.88
38.555,1932.0,245.3,100.0,0.0,0.0,5,5961,-0.0,0.087,75.1,72.2,76.7,75.3,23.86,23.39,24.11,23.88
38.571,1933.0,245.3,100.0,0.0,0.0,5,5962,0.016,0.086,75.1,72.2,76.7,75.3,23.86,23.39,24.11,23.88
38.587,1934.1,245.4,100.0,0.0,0.0,5,5962,0.008,0.095,75.1,72.2,76.7,75.3,23.86,23.39,24.11,23.88
38.602,1935.2,245.4,100.0,0.0,0.0,5,5964,-0.004,0.077,75.1,72.2,76.7,75.3,23.86,23.39,24.11,23.88
38.618,1936.2,245.5,100.0,0.0,0.0,5,5967,0.015,0.085,75.1,72.2,76.7,75.3,23.86,23.39,24.11,23.88
38.633,1937.3,245.5,100.0,0.0,0.0,5,5966,0.003,0.094,75.1,72.2,76.7,75.3,23.86,23.39,24.11,23.88
38.648,1938.3,245.6,100.0,0.0,0.0,5,5967,-0.01,0.091,75.1,72.2,76.7,75.3,23.86,23.39,24.11,23.88
38.663,1939.4,245.6,100.0,0.0,0.0,5,5970,0.004,0.085,75.1,72.2,76.7,75.3,23.86,23.39,24.11,23.88
38.679,1940.4,245.7,100.0,0.0,0.0,5,5974,-0.008,0.08,75.1,72.2,76.7,75.3,23.86,23.39,24.11,23.88
38.695,1941.5,245.7,100.0,0.0,0.0,5,5976,-0.004,0.088,75.1,72.2,76.7,75.3,23.86,23.39,24.11,23.88
38.71,1942.6,245.8,100.0,0.0,0.0,5,5975,0.006,0.098,75.1,72.2,76.7,75.3,23.86,23.39,24.11,23.88
38.725,1943.6,245.8,100.0,0.0,0.0,5,5977,0.001,0.082,75.1,72.2,76.7,75.3,23.86,23.39,24.11,23.88
38.741,1944.6,245.9,100.0,0.0,0.0,5,5980,0.003,0.085,75.1,72.2,76.7,75.3,23.86,23.39,24.11,23.88
38.756,1945.7,245.9,100.0,0.0,0.0,5,5980,-0.006,0.084,75.1,72.2,76.7,75.3,23.86,23.39,24.11,23.88
38.772,1946.7,245.9,100.0,0.0,0.01,5,5980,-0.028,0.089,75.1,72.2,76.7,75.3,23.85,23.38,24.11,23.88
38.788,1947.8,246.0,100.0,0.0,0.01,5,5978,-0.041,0.091,75.1,72.2,76.7,75.3,23.85,23.38,24.11,23.88
38.804,1948.9,246.1,100.0,0.0,0.01,5,5978,-0.053,0.084,75.1,72.1,76.7,75.3,23.85,23.38,24.11,23.88
38.82,1950.0,246.1,100.0,0.0,0.01,5,5980,-0.096,0.079,75.1,72.1,76.7,75.3,23.85,23.38,24.11,23.88
38.835,1951.1,246.2,100.0,0.0,0.0,5,5982,-0.018,0.086,75.1,72.1,76.7,75.3,23.85,23.38,24.11,23.88
38.851,1952.1,246.2,100.0,0.0,0.0,5,5986,-0.04,0.078,75.1,72.1,76.7,75.3,23.85,23.38,24.11,23.88
38.866,1953.2,246.2,100.0,0.0,0.0,5,5990,-0.033,0.078,75.1,72.1,76.7,75.3,23.85,23.38,24.11,23.88
38.882,1954.3,246.3,100.0,0.0,0.0,5,5989,-0.04,0.092,75.1,72.1,76.7,75.3,23.85,23.38,24.11,23.88
38.897,1955.3,246.3,100.0,0.0,0.0,5,5990,-0.055,0.078,75.1,72.1,76.7,75.3,23.85,23.38,24.11,23.88
38.914,1956.5,246.4,100.0,0.0,0.0,5,5988,-0.049,0.091,75.1,72.1,76.7,75.3,23.85,23.38,24.11,23.88
38.93,1957.5,246.4,100.0,0.0,0.0,5,5991,-0.057,0.077,75.1,72.1,76.7,75.3,23.85,23.38,24.11,23.88
38.944,1958.6,246.5,100.0,0.0,0.0,5,5992,-0.047,0.078,75.0,72.1,76.7,75.3,23.85,23.38,24.11,23.88
38.96,1959.6,246.5,100.0,0.0,0.0,5,5991,-0.042,0.097,75.0,72.1,76.7,75.3,23.85,23.38,24.11,23.88
38.975,1960.7,246.6,100.0,0.0,0.0,5,5992,-0.042,0.092,75.0,72.1,76.7,75.3,23.85,23.38,24.11,23.88
38.991,1961.7,246.6,100.0,0.0,0.0,5,5994,-0.058,0.093,75.0,72.1,76.7,75.3,23.85,23.38,24.11,23.88
39.006,1962.8,246.7,100.0,0.0,0.0,5,5996,-0.052,0.075,75.0,72.1,76.7,75.3,23.85,23.37,24.11,23.88
39.022,1963.8,246.7,100.0,0.0,0.0,5,5998,-0.043,0.1,75.0,72.1,76.7,75.3,23.84,23.37,24.11,23.88
39.037,1964.9,246.8,100.0,0.0,0.0,5,6001,-0.039,0.087,75.0,72.1,76.7,75.3,23.84,23.37,24.11,23.88
39.052,1966.0,246.8,100.0,0.0,0.0,5,6001,-0.042,0.084,75.0,72.1,76.7,75.3,23.84,23.37,24.11,23.88
39.068,1967.0,246.9,100.0,0.0,0.0,5,6002,-0.06,0.088,75.0,72.1,76.7,75.3,23.84,23.37,24.11,23.88
39.083,1968.1,246.9,100.0,0.0,0.0,5,6001,-0.041,0.085,75.0,72.1,76.7,75.3,23.84,23.37,24.11,23.88
39.099,1969.2,246.9,100.0,0.0,0.0,5,6003,-0.003,0.111,75.0,72.1,76.7,75.3,23.84,23.37,24.11,23.88
39.115,1970.2,247.0,100.0,0.0,0.0,5,6001,-0.04,0.094,75.0,72.1,76.7,75.3,23.84,23.37,24.11,23.88
39.13,1971.3,247.1,100.0,0.0,0.0,5,6000,-0.038,0.092,75.0,72.1,76.7,75.3,23.84,23.37,24.11,23.88
39.145,1972.3,247.1,100.0,0.0,0.0,5,6005,-0.005,0.079,75.0,72.1,76.7,75.3,23.84,23.37,24.11,23.88
39.161,1973.4,247.1,100.0,0.0,0.0,5,6007,-0.023,0.08,75.0,72.0,76.7,75.3,23.84,23.37,24.11,23.88
39.176,1974.4,247.2,100.0,0.0,0.0,5,6004,-0.031,0.095,75.0,72.0,76.7,75.3,23.84,23.37,24.11,23.88
39.191,1975.5,247.2,100.0,0.0,0.0,5,6007,-0.021,0.08,75.0,72.0,76.7,75.3,23.84,23.37,24.11,23.88
39.207,1976.6,247.3,100.0,0.0,0.0,5,6011,-0.015,0.081,75.0,72.0,76.7,75.3,23.84,23.37,24.11,23.88
39.223,1977.6,247.3,100.0,0.0,0.0,5,6013,-0.021,0.08,75.0,72.0,76.7,75.3,23.84,23.37,24.11,23.88
39.239,1978.7,247.4,100.0,0.0,0.0,5,6011,-0.023,0.084,75.0,72.0,76.7,75.3,23.84,23.36,24.11,23.88
39.254,1979.8,247.4,100.0,0.0,0.0,5,6014,-0.033,0.085,75.0,72.0,76.7,75.3,23.84,23.36,24.11,23.88
39.27,1980.9,247.5,100.0,0.0,0.0,5,6015,-0.001,0.088,75.0,72.0,76.7,75.3,23.84,23.36,24.11,23.88
39.286,1982.0,247.5,100.0,0.0,0.0,5,6013,-0.002,0.092,75.0,72.0,76.7,75.3,23.83,23.36,24.11,23.88
39.302,1983.1,247.6,100.0,0.0,0.0,5,6017,0.025,0.079,75.0,72.0,76.7,75.3,23.83,23.36,24.11,23.88
39.317,1984.1,247.6,100.0,0.0,0.0,5,6017,-0.034,0.085,75.0,72.0,76.7,75.3,23.83,23.36,24.11,23.88
39.333,1985.2,247.6,100.0,0.0,0.0,5,6018,-0.011,0.1,75.0,72.0,76.7,75.3,23.83,23.36,24.11,23.88
39.349,1986.3,247.7,100.0,0.0,0.0,5,6017,-0.005,0.083,75.0,72.0,76.7,75.3,23.83,23.36,24.11,23.88
39.364,1987.3,247.7,100.0,0.0,0.0,5,6024,-0.008,0.077,74.9,72.0,76.7,75.3,23.83,23.36,24.11,23.88
39.379,1988.4,247.8,100.0,0.0,0.0,5,6025,0.018,0.083,74.9,72.0,76.7,75.3,23.83,23.36,24.11,23.88
39.395,1989.5,247.8,100.0,0.0,0.0,5,6023,-0.008,0.092,74.9,72.0,76.7,75.3,23.83,23.36,24.11,23.88
39.41,1990.5,247.9,100.0,0.0,0.0,5,6025,0.009,0.077,74.9,72.0,76.7,75.3,23.83,23.36,24.11,23.88
39.425,1991.6,247.9,100.0,0.0,0.0,5,6028,0.002,0.069,74.9,72.0,76.7,75.3,23.83,23.36,24.11,23.88
39.441,1992.7,248.0,100.0,0.0,0.01,5,6030,-0.025,0.086,74.9,72.0,76.7,75.3,23.83,23.36,24.11,23.88
39.457,1993.8,248.0,100.0,0.0,0.01,5,6028,-0.05,0.074,74.9,72.0,76.7,75.3,23.83,23.35,24.11,23.88
39.472,1994.8,248.1,100.0,0.0,0.01,5,6029,-0.059,0.076,74.9,72.0,76.7,75.3,23.83,23.35,24.11,23.88
39.487,1995.9,248.1,100.0,0.0,0.01,5,6030,-0.117,0.073,74.9,72.0,76.7,75.3,23.83,23.35,24.11,23.88
39.504,1997.0,248.1,100.0,0.0,0.02,5,6029,-0.111,0.074,74.9,72.0,76.7,75.3,23.83,23.35,24.11,23.88
39.519,1998.0,248.2,100.0,0.0,0.01,5,6028,-0.144,0.072,74.9,71.9,76.7,75.3,23.83,23.35,24.11,23.88
39.534,1999.1,248.2,100.0,0.0,0.0,5,6031,-0.062,0.073,74.9,71.9,76.7,75.3,23.82,23.35,24.11,23.88
39.55,2000.2,248.3,100.0,0.0,0.0,5,6035,-0.08,0.065,74.9,71.9,76.7,75.3,23.82,23.35,24.11,23.88
39.565,2001.2,248.3,100.0,0.0,0.0,5,6031,-0.078,0.105,74.9,71.9,76.7,75.3,23.82,23.35,24.11,23.88
39.581,2002.3,248.4,100.0,0.0,0.0,5,6035,-0.101,0.065,74.9,71.9,76.7,75.3,23.82,23.35,24.11,23.88
39.597,2003.4,248.4,100.0,0.0,0.0,5,6036,-0.106,0.084,74.9,71.9,76.7,75.3,23.82,23.35,24.11,23.88
39.612,2004.5,248.5,100.0,0.0,0.0,5,6035,-0.115,0.09,74.9,71.9,76.7,75.3,23.82,23.35,24.11,23.88
39.627,2005.5,248.5,100.0,0.0,0.0,5,6035,-0.099,0.096,74.9,71.9,76.7,75.3,23.82,23.35,24.11,23.88
39.644,2006.6,248.5,100.0,0.0,0.0,5,6041,-0.096,0.062,74.9,71.9,76.7,75.3,23.82,23.35,24.11,23.88
39.658,2007.7,248.6,100.0,0.0,0.0,5,6043,-0.103,0.075,74.9,71.9,76.7,75.3,23.82,23.35,24.11,23.88
39.674,2008.8,248.6,100.0,0.0,0.0,5,6042,-0.092,0.07,74.9,71.9,76.7,75.3,23.82,23.34,24.11,23.88
39.689,2009.8,248.7,100.0,0.0,0.0,5,6044,-0.074,0.088,74.9,71.9,76.7,75.3,23.82,23.34,24.11,23.88
39.706,2010.9,248.7,100.0,0.0,0.0,5,6044,-0.075,0.088,74.9,71.9,76.7,75.3,23.82,23.34,24.11,23.88
39.721,2012.0,248.8,100.0,0.0,0.0,5,6048,-0.049,0.087,74.9,71.9,76.7,75.3,23.82,23.34,24.11,23.88
39.736,2013.1,248.8,100.0,0.0,0.0,5,6049,-0.062,0.079,74.9,71.9,76.7,75.3,23.82,23.34,24.11,23.88
39.752,2014.1,248.9,100.0,0.0,0.0,5,6046,-0.045,0.08,74.9,71.9,76.7,75.3,23.82,23.34,24.11,23.88
39.767,2015.2,248.9,100.0,0.0,0.0,5,6051,-0.069,0.07,74.8,71.9,76.7,75.3,23.82,23.34,24.11,23.88
39.782,2016.2,248.9,100.0,0.0,0.0,5,6054,-0.061,0.08,74.8,71.9,76.7,75.3,23.82,23.34,24.11,23.88
39.798,2017.3,249.0,100.0,0.0,0.0,5,6050,-0.067,0.093,74.8,71.9,76.7,75.3,23.81,23.34,24.11,23.88
39.813,2018.4,249.0,100.0,0.0,0.0,5,6050,-0.04,0.102,74.8,71.9,76.7,75.3,23.81,23.34,24.11,23.88
39.829,2019.5,249.1,100.0,0.0,0.0,5,6048,-0.019,0.077,74.8,71.9,76.7,75.3,23.81,23.34,24.11,23.88
39.844,2020.5,249.1,100.0,0.0,0.0,5,6049,-0.016,0.076,74.8,71.9,76.7,75.3,23.81,23.34,24.11,23.88
39.86,2021.6,249.2,100.0,0.0,0.0,5,6050,-0.042,0.068,74.8,71.9,76.7,75.3,23.81,23.34,24.11,23.88
39.876,2022.7,249.2,100.0,0.0,0.0,5,6051,-0.01,0.064,74.8,71.8,76.7,75.3,23.81,23.34,24.11,23.88
39.891,2023.7,249.2,100.0,0.0,0.0,5,6055,-0.017,0.065,74.8,71.8,76.7,75.3,23.81,23.34,24.11,23.88
39.907,2024.8,249.3,100.0,0.0,0.0,5,6056,-0.019,0.074,74.8,71.8,76.7,75.3,23.81,23.33,24.11,23.88
39.922,2025.9,249.3,100.0,0.0,0.0,5,6058,-0.001,0.072,74.8,71.8,76.7,75.3,23.81,23.33,24.11,23.88
39.938,2027.0,249.4,100.0,0.0,0.0,5,6061,-0.017,0.074,74.8,71.8,76.7,75.3,23.81,23.33,24.11,23.88
39.953,2028.1,249.4,100.0,0.0,0.0,5,6060,-0.018,0.087,74.8,71.8,76.7,75.3,23.81,23.33,24.11,23.88
39.969,2029.1,249.5,100.0,0.0,0.0,5,6061,-0.006,0.071,74.8,71.8,76.7,75.3,23.81,23.33,24.11,23.88
39.985,2030.2,249.5,100.0,0.0,0.0,5,6062,-0.017,0.069,74.8,71.8,76.7,75.3,23.81,23.33,24.11,23.88
40.001,2031.3,249.5,100.0,0.0,0.0,5,6066,-0.009,0.06,74.8,71.8,76.7,75.3,23.81,23.33,24.11,23.88
40.017,2032.5,249.6,100.0,0.0,0.0,5,6067,-0.004,0.076,74.8,71.8,76.7,75.3,23.81,23.33,24.11,23.88
40.032,2033.5,249.6,100.0,0.0,0.0,5,6066,0.019,0.089,74.8,71.8,76.7,75.3,23.81,23.33,24.11,23.88
40.048,2034.6,249.7,100.0,0.0,0.0,5,6066,-0.012,0.087,74.8,71.8,76.7,75.3,23.8,23.33,24.11,23.88
40.063,2035.7,249.7,100.0,0.0,0.0,5,6068,-0.009,0.087,74.8,71.8,76.7,75.3,23.8,23.33,24.11,23.88
40.079,2036.8,249.7,100.0,0.0,0.01,5,6071,-0.034,0.072,74.8,71.8,76.7,75.3,23.8,23.33,24.11,23.88
40.095,2037.9,249.8,100.0,0.0,0.01,5,6071,-0.048,0.09,74.8,71.8,76.7,75.3,23.8,23.33,24.11,23.88
40.11,2038.9,249.8,100.0,0.0,0.01,5,6071,-0.07,0.082,74.8,71.8,76.7,75.3,23.8,23.33,24.11,23.88
40.126,2040.0,249.9,100.0,0.0,0.01,5,6070,-0.071,0.101,74.8,71.8,76.7,75.3,23.8,23.32,24.11,23.88
40.141,2041.1,249.9,100.0,0.0,0.02,5,6071,-0.146,0.057,74.8,71.8,76.7,75.3,23.8,23.32,24.11,23.88
40.157,2042.2,250.0,100.0,0.0,0.02,5,6069,-0.149,0.083,74.8,71.8,76.7,75.3,23.8,23.32,24.11,23.88
40.173,2043.3,250.0,100.0,0.0,0.01,5,6071,-0.181,0.082,74.8,71.8,76.7,75.3,23.8,23.32,24.11,23.88
40.189,2044.4,250.0,100.0,0.0,0.0,5,6071,-0.106,0.07,74.7,71.8,76.7,75.3,23.8,23.32,24.11,23.88
40.205,2045.5,250.1,100.0,0.0,0.0,5,6074,-0.122,0.071,74.7,71.8,76.7,75.3,23.8,23.32,24.11,23.88
40.221,2046.6,250.1,100.0,0.0,0.0,5,6079,-0.113,0.074,74.7,71.7,76.7,75.3,23.8,23.32,24.11,23.88
40.236,2047.7,250.2,100.0,0.0,0.0,5,6079,-0.152,0.07,74.7,71.7,76.7,75.3,23.8,23.32,24.11,23.88
40.252,2048.8,250.2,100.0,0.0,0.0,5,6081,-0.156,0.068,74.7,71.7,76.7,75.3,23.8,23.32,24.11,23.88
40.267,2049.8,250.2,100.0,0.0,0.0,5,6082,-0.141,0.072,74.7,71.7,76.7,75.3,23.8,23.32,24.11,23.88
40.282,2050.9,250.3,100.0,0.0,0.0,5,6084,-0.135,0.076,74.7,71.7,76.7,75.3,23.8,23.32,24.11,23.88
40.298,2052.0,250.3,100.0,0.0,0.0,5,6084,-0.126,0.089,74.7,71.7,76.7,75.3,23.8,23.32,24.11,23.88
40.313,2053.1,250.4,100.0,0.0,0.0,5,6084,-0.144,0.063,74.7,71.7,76.7,75.3,23.79,23.32,24.11,23.88
40.328,2054.1,250.4,100.0,0.0,0.0,5,6085,-0.135,0.061,74.7,71.7,76.7,75.3,23.79,23.31,24.11,23.88
40.344,2055.2,250.4,100.0,0.0,0.0,5,6084,-0.131,0.1,74.7,71.7,76.7,75.3,23.79,23.31,24.11,23.88
40.358,2056.2,250.5,100.0,0.0,0.0,5,6084,-0.09,0.069,74.7,71.7,76.7,75.3,23.79,23.31,24.11,23.88
40.375,2057.3,250.5,100.0,0.0,0.0,5,6084,-0.111,0.065,74.7,71.7,76.7,75.3,23.79,23.31,24.11,23.88
40.39,2058.4,250.6,100.0,0.0,0.0,5,6087,-0.09,0.069,74.7,71.7,76.7,75.3,23.79,23.31,24.11,23.88
40.405,2059.5,250.6,100.0,0.0,0.0,5,6087,-0.082,0.071,74.7,71.7,76.7,75.3,23.79,23.31,24.11,23.88
40.421,2060.6,250.6,100.0,0.0,0.0,5,6088,-0.074,0.069,74.7,71.7,76.7,75.3,23.79,23.31,24.11,23.88
40.437,2061.6,250.7,100.0,0.0,0.0,5,6091,-0.066,0.063,74.7,71.7,76.7,75.3,23.79,23.31,24.11,23.88
40.452,2062.7,250.7,100.0,0.0,0.0,5,6093,-0.077,0.066,74.7,71.7,76.7,75.3,23.79,23.31,24.11,23.88
40.468,2063.8,250.8,100.0,0.0,0.0,5,6091,-0.059,0.085,74.7,71.7,76.7,75.3,23.79,23.31,24.11,23.88
40.484,2064.9,250.8,100.0,0.0,0.0,5,6093,-0.062,0.068,74.7,71.7,76.7,75.3,23.79,23.31,24.11,23.88
40.499,2066.0,250.8,100.0,0.0,0.0,5,6097,-0.029,0.06,74.7,71.7,76.7,75.3,23.79,23.31,24.11,23.88
40.515,2067.1,250.9,100.0,0.0,0.0,5,6095,-0.048,0.07,74.7,71.7,76.7,75.3,23.79,23.31,24.11,23.88
40.53,2068.2,250.9,100.0,0.0,0.0,5,6095,-0.021,0.069,74.7,71.7,76.7,75.3,23.79,23.31,24.11,23.88
40.546,2069.2,251.0,100.0,0.0,0.0,5,6098,-0.019,0.082,74.7,71.7,76.7,75.3,23.79,23.3,24.11,23.88
40.561,2070.3,251.0,100.0,0.0,0.0,5,6099,-0.002,0.066,74.7,71.6,76.7,75.3,23.78,23.3,24.11,23.88
40.576,2071.4,251.0,100.0,0.0,0.0,5,6100,-0.006,0.095,74.6,71.6,76.7,75.3,23.78,23.3,24.11,23.88
40.592,2072.5,251.1,100.0,0.0,0.0,5,6103,-0.031,0.041,74.6,71.6,76.7,75.3,23.78,23.3,24.11,23.88
40.608,2073.6,251.1,100.0,0.0,0.0,5,6102,-0.012,0.061,74.6,71.6,76.7,75.3,23.78,23.3,24.11,23.88
40.623,2074.7,251.2,100.0,0.0,0.0,5,6102,-0.009,0.069,74.6,71.6,76.7,75.3,23.78,23.3,24.11,23.88
40.639,2075.8,251.2,100.0,0.0,0.0,5,6102,-0.0,0.07,74.6,71.6,76.7,75.3,23.78,23.3,24.11,23.88
40.655,2076.9,251.2,100.0,0.0,0.0,5,6105,-0.003,0.065,74.6,71.6,76.7,75.3,23.78,23.3,24.11,23.88
40.671,2078.0,251.3,100.0,0.0,0.0,5,6103,-0.015,0.086,74.6,71.6,76.7,75.3,23.78,23.3,24.11,23.88
40.687,2079.1,251.3,100.0,0.0,0.0,5,6106,0.013,0.083,74.6,71.6,76.7,75.3,23.78,23.3,24.11,23.88
40.702,2080.2,251.4,100.0,0.0,0.0,5,6109,0.012,0.058,74.6,71.6,76.7,75.3,23.78,23.3,24.11,23.88
40.718,2081.2,251.4,100.0,0.0,0.0,5,6108,-0.017,0.071,74.6,71.6,76.7,75.3,23.78,23.3,24.11,23.88
40.733,2082.3,251.4,100.0,0.0,0.0,5,6108,-0.02,0.068,74.6,71.6,76.7,75.3,23.78,23.3,24.11,23.88
40.749,2083.4,251.5,100.0,0.0,0.0,5,6110,-0.004,0.067,74.6,71.6,76.7,75.3,23.78,23.3,24.11,23.88
40.765,2084.5,251.5,100.0,0.0,0.0,5,6110,-0.018,0.074,74.6,71.6,76.7,75.3,23.78,23.29,24.11,23.88
40.78,2085.6,251.6,100.0,0.0,0.0,5,6109,-0.033,0.077,74.6,71.6,76.7,75.3,23.78,23.29,24.11,23.88
40.796,2086.7,251.6,100.0,0.0,0.0,5,6111,-0.016,0.054,74.6,71.6,76.7,75.3,23.77,23.29,24.11,23.88
40.812,2087.8,251.6,100.0,0.0,0.0,5,6113,-0.027,0.071,74.6,71.6,76.7,75.3,23.77,23.29,24.11,23.88
40.827,2088.8,251.7,0.0,0.0,0.0,5,6059,-0.007,0.077,74.6,71.6,76.7,75.3,23.77,23.29,24.11,23.88
40.842,2090.0,251.5,0.0,0.0,0.0,5,6038,-0.001,-0.329,74.6,71.6,76.7,75.3,23.77,23.29,24.11,23.88
40.858,2091.0,251.3,0.0,0.0,0.0,5,6035,0.001,-0.318,74.6,71.6,76.7,75.3,23.77,23.29,24.11,23.88
40.874,2092.1,251.2,0.0,0.0,0.0,5,6031,-0.021,-0.318,74.6,71.6,76.7,75.3,23.77,23.29,24.11,23.88
40.889,2093.2,251.0,0.0,0.0,0.0,5,6026,-0.024,-0.314,74.6,71.6,76.7,75.3,23.77,23.29,24.11,23.88
40.905,2094.3,250.8,6.0,0.0,0.0,5,6026,0.011,-0.294,74.6,71.6,76.7,75.3,23.77,23.29,24.11,23.88
40.919,2095.3,250.7,12.0,0.0,0.0,5,6026,0.014,-0.27,74.6,71.6,76.7,75.3,23.77,23.29,24.11,23.88
40.935,2096.4,250.5,18.0,0.0,0.0,5,6028,0.006,-0.257,74.6,71.5,76.7,75.3,23.77,23.29,24.11,23.88
40.95,2097.5,250.4,24.0,0.0,0.0,5,6029,-0.014,-0.234,74.6,71.5,76.7,75.3,23.77,23.29,24.11,23.88
40.966,2098.6,250.3,31.2,0.0,0.0,5,6030,-0.014,-0.206,74.6,71.5,76.7,75.3,23.77,23.29,24.11,23.88
40.982,2099.7,250.2,37.2,0.0,0.0,5,6033,-0.003,-0.201,74.5,71.5,76.7,75.3,23.77,23.29,24.11,23.88
40.997,2100.7,250.1,43.2,0.0,0.0,5,6035,-0.019,-0.175,74.5,71.5,76.7,75.3,23.77,23.28,24.11,23.88
41.014,2101.9,250.0,49.2,0.0,0.0,5,6038,-0.021,-0.153,74.5,71.5,76.7,75.3,23.77,23.28,24.11,23.88
41.029,2102.9,249.9,56.4,0.0,0.0,5,6040,-0.021,-0.104,74.5,71.5,76.7,75.3,23.77,23.28,24.11,23.88
41.044,2104.0,249.9,62.4,0.0,0.0,5,6042,0.029,-0.104,74.5,71.5,76.7,75.3,23.77,23.28,24.11,23.88
41.06,2105.1,249.8,68.4,0.0,0.0,5,6046,-0.011,-0.07,74.5,71.5,76.7,75.3,23.76,23.28,24.11,23.88
41.075,2106.1,249.8,74.4,0.0,0.0,5,6051,-0.016,-0.038,74.5,71.5,76.7,75.3,23.76,23.28,24.11,23.88
41.091,2107.2,249.8,80.4,0.0,0.0,5,6052,-0.0,-0.013,74.5,71.5,76.7,75.3,23.76,23.28,24.11,23.88
41.106,2108.3,249.8,87.6,0.0,0.0,5,6059,-0.025,-0.001,74.5,71.5,76.7,75.3,23.76,23.28,24.11,23.88
41.122,2109.4,249.8,93.6,0.0,0.0,5,6066,-0.017,0.042,74.5,71.5,76.7,75.3,23.76,23.28,24.11,23.88
41.137,2110.4,249.8,99.6,0.0,0.0,5,6071,-0.012,0.052,74.5,71.5,76.7,75.3,23.76,23.28,24.11,23.88
41.154,2111.6,249.9,100.0,0.0,0.0,5,6075,-0.016,0.066,74.5,71.5,76.7,75.3,23.76,23.28,24.11,23.88
41.169,2112.6,249.9,100.0,0.0,0.0,5,6077,-0.008,0.077,74.5,71.5,76.7,75.3,23.76,23.28,24.11,23.88
41.184,2113.7,250.0,100.0,0.0,0.0,5,6076,-0.001,0.079,74.5,71.5,76.7,75.3,23.76,23.28,24.11,23.88
41.2,2114.8,250.0,100.0,0.0,0.0,5,6078,-0.02,0.08,74.5,71.5,76.7,75.3,23.76,23.28,24.11,23.88
41.216,2115.9,250.0,100.0,0.0,0.0,5,6079,0.002,0.074,74.5,71.5,76.7,75.3,23.76,23.27,24.11,23.88
41.231,2117.0,250.1,100.0,0.0,0.0,5,6078,-0.041,0.096,74.5,71.5,76.7,75.3,23.76,23.27,24.11,23.88
41.247,2118.1,250.1,100.0,0.0,0.0,5,6078,0.0,0.072,74.5,71.5,76.7,75.3,23.76,23.27,24.11,23.88
41.264,2119.2,250.2,100.0,0.0,0.0,5,6077,0.007,0.083,74.5,71.5,76.7,75.3,23.76,23.27,24.11,23.88
41.28,2120.3,250.2,100.0,0.0,0.0,5,6079,-0.006,0.076,74.5,71.4,76.7,75.3,23.75,23.27,24.11,23.88
41.296,2121.4,250.3,100.0,0.0,0.0,5,6078,-0.022,0.088,74.5,71.4,76.7,75.3,23.75,23.27,24.11,23.88
41.311,2122.5,250.3,100.0,0.0,0.0,5,6078,-0.009,0.08,74.5,71.4,76.7,75.3,23.75,23.27,24.11,23.88
41.326,2123.6,250.3,0.0,0.0,0.0,5,6014,-0.015,-0.033,74.5,71.4,76.7,75.3,23.75,23.27,24.11,23.88
41.342,2124.7,250.2,0.0,0.0,0.0,5,6008,-0.005,-0.326,74.4,71.4,76.7,75.3,23.75,23.27,24.11,23.88
41.358,2125.8,250.0,0.0,0.0,0.0,5,6002,0.023,-0.304,74.4,71.4,76.7,75.3,23.75,23.27,24.11,23.88
41.374,2126.9,249.8,0.0,0.0,0.0,5,5998,-0.005,-0.312,74.4,71.4,76.7,75.3,23.75,23.27,24.11,23.88
41.389,2127.9,249.7,0.0,0.0,0.0,5,5994,-0.005,-0.314,74.4,71.4,76.7,75.3,23.75,23.27,24.11,23.88
41.404,2129.0,249.5,0.0,0.0,0.0,5,5988,-0.002,-0.294,74.4,71.4,76.7,75.3,23.75,23.27,24.11,23.88
41.42,2130.1,249.3,0.0,0.0,0.0,5,5985,-0.003,-0.314,74.4,71.4,76.7,75.3,23.75,23.27,24.11,23.88
41.435,2131.1,249.2,0.0,0.0,0.0,5,5981,-0.008,-0.305,74.4,71.4,76.7,75.3,23.75,23.26,24.11,23.88
41.451,2132.2,249.0,0.0,0.0,0.0,5,5977,-0.01,-0.313,74.4,71.4,76.7,75.3,23.75,23.26,24.11,23.88
41.466,2133.2,248.8,0.0,0.0,0.0,5,5973,0.011,-0.299,74.4,71.4,76.7,75.3,23.75,23.26,24.11,23.88
41.481,2134.3,248.7,0.0,0.0,0.0,5,5970,-0.01,-0.302,74.4,71.4,76.7,75.3,23.75,23.26,24.11,23.88
41.497,2135.4,248.5,0.0,0.0,0.0,5,5966,0.005,-0.308,74.4,71.4,76.7,75.3,23.75,23.26,24.11,23.88
41.513,2136.5,248.3,0.0,0.0,0.0,5,5962,-0.016,-0.328,74.4,71.4,76.7,75.3,23.74,23.26,24.11,23.88
41.528,2137.5,248.1,0.0,0.0,0.0,5,5959,0.027,-0.309,74.4,71.4,76.7,75.3,23.74,23.26,24.11,23.88
41.543,2138.6,248.0,0.0,98.1,0.0,5,5887,-0.008,-0.311,74.4,71.4,76.7,75.3,23.74,23.26,24.11,23.88
41.558,2139.6,247.1,0.0,100.0,0.0,5,5846,0.006,-1.866,74.4,71.4,76.7,75.3,23.74,23.26,24.11,23.88
41.574,2140.7,246.1,0.0,100.0,0.0,5,5816,-0.015,-1.923,74.4,71.4,76.7,75.3,23.74,23.26,24.11,23.88
41.591,2141.8,244.9,0.0,100.0,0.0,5,5774,0.002,-1.976,74.4,71.4,76.7,75.3,23.74,23.26,24.11,23.88
41.606,2142.9,243.8,0.0,100.0,0.0,5,5736,-0.011,-1.978,74.4,71.4,76.7,75.3,23.74,23.26,24.11,23.88
41.622,2143.9,242.8,0.0,100.0,0.0,5,5701,-0.007,-1.937,74.4,71.4,76.7,75.3,23.74,23.26,24.11,23.88
41.637,2144.9,241.8,0.0,100.0,0.0,5,5669,-0.005,-1.941,74.4,71.4,76.7,75.3,23.74,23.26,24.11,23.88
41.653,2146.0,240.7,0.0,100.0,0.0,5,5637,0.0,-1.933,74.4,71.4,76.7,75.3,23.74,23.26,24.11,23.88
41.668,2147.0,239.5,0.0,100.0,0.0,5,5602,-0.002,-1.894,74.4,71.4,76.7,75.2,23.74,23.26,24.11,23.88
41.683,2148.0,238.5,0.0,100.0,0.0,5,5569,-0.023,-1.88,74.4,71.4,76.7,75.2,23.74,23.26,24.11,23.88
41.698,2149.0,237.5,0.0,100.0,0.0,5,5550,-0.027,-1.946,74.4,71.3,76.7,75.2,23.74,23.26,24.11,23.88
41.714,2150.1,236.5,0.0,100.0,0.0,5,5523,-0.013,-1.924,74.4,71.3,76.7,75.2,23.74,23.26,24.11,23.88
41.73,2151.1,235.5,0.0,100.0,0.0,5,5504,-0.04,-1.947,74.4,71.3,76.7,75.2,23.74,23.25,24.11,23.88
41.745,2152.1,234.4,0.0,100.0,0.0,5,5483,-0.011,-1.95,74.4,71.3,76.7,75.2,23.74,23.25,24.11,23.88
41.761,2153.1,233.4,0.0,100.0,0.0,5,5469,-0.039,-1.953,74.4,71.3,76.7,75.2,23.74,23.25,24.11,23.88
41.776,2154.1,232.1,0.0,100.0,0.0,5,5452,-0.015,-1.983,74.4,71.3,76.7,75.2,23.74,23.25,24.1,23.88
41.792,2155.1,231.1,0.0,100.0,0.0,5,5433,0.004,-1.958,74.4,71.3,76.7,75.2,23.74,23.25,24.1,23.88
41.807,2156.1,230.1,0.0,100.0,0.0,5,5408,-0.022,-1.887,74.4,71.3,76.6,75.2,23.74,23.25,24.1,23.88
41.823,2157.1,229.1,0.0,100.0,0.0,5,5386,0.006,-1.934,74.3,71.3,76.6,75.2,23.74,23.25,24.1,23.87
41.839,2158.1,227.9,0.0,100.0,0.0,5,5352,-0.02,-1.945,74.3,71.3,76.6,75.2,23.74,23.25,24.1,23.87
41.855,2159.1,226.8,0.0,100.0,0.0,5,5317,-0.044,-1.904,74.3,71.3,76.6,75.2,23.73,23.25,24.1,23.87
41.87,2160.1,225.8,0.0,100.0,0.0,5,5298,-0.04,-1.965,74.3,71.3,76.6,75.2,23.73,23.25,24.1,23.87
41.886,2161.0,224.8,0.0,100.0,0.0,5,5282,-0.044,-1.92,74.3,71.3,76.6,75.2,23.73,23.25,24.1,23.87
41.901,2162.0,223.8,0.0,100.0,0.0,5,5263,-0.029,-1.884,74.3,71.3,76.6,75.2,23.73,23.25,24.1,23.87
41.916,2162.9,222.8,0.0,99.5,0.0,5,5242,-0.038,-1.853,74.3,71.3,76.6,75.2,23.73,23.25,24.1,23.87
41.932,2163.9,221.7,0.0,99.9,0.0,5,5216,-0.004,-1.858,74.3,71.3,76.6,75.2,23.73,23.25,24.1,23.87
41.948,2164.9,220.7,0.0,100.0,0.0,5,5180,0.011,-1.886,74.3,71.3,76.6,75.2,23.73,23.25,24.1,23.87
41.963,2165.8,219.7,0.0,100.0,0.0,5,5139,-0.002,-1.82,74.3,71.3,76.6,75.2,23.73,23.25,24.1,23.87
41.979,2166.7,218.7,0.0,100.0,0.0,5,5111,0.002,-1.923,74.3,71.3,76.6,75.2,23.73,23.25,24.1,23.87
41.995,2167.7,217.7,0.0,100.0,0.0,5,5091,-0.0,-1.956,74.3,71.3,76.6,75.2,23.73,23.25,24.1,23.87
42.009,2168.6,216.6,0.0,100.0,0.0,5,5066,-0.031,-1.906,74.3,71.3,76.6,75.2,23.73,23.25,24.1,23.87
42.025,2169.5,215.4,0.0,100.0,0.0,5,5035,0.002,-1.888,74.3,71.3,76.6,75.2,23.73,23.25,24.1,23.87
42.041,2170.5,214.4,0.0,100.0,0.0,5,5021,-0.014,-1.911,74.3,71.3,76.6,75.2,23.73,23.25,24.09,23.87
42.057,2171.4,213.4,0.0,100.0,0.0,5,5003,-0.013,-1.894,74.3,71.3,76.6,75.2,23.73,23.24,24.09,23.87
42.072,2172.3,212.4,0.0,100.0,0.0,5,4977,-0.048,-1.887,74.3,71.3,76.6,75.2,23.73,23.24,24.09,23.87
42.088,2173.3,211.2,0.0,100.0,0.0,5,4944,-0.009,-1.873,74.3,71.3,76.6,75.2,23.73,23.24,24.09,23.86
42.104,2174.2,210.2,0.0,100.0,0.0,5,4927,-0.002,-1.892,74.3,71.3,76.6,75.1,23.73,23.24,24.09,23.86
42.119,2175.1,209.2,0.0,100.0,0.0,5,4908,-0.032,-1.933,74.3,71.3,76.6,75.1,23.73,23.24,24.09,23.86
42.134,2176.0,208.2,0.0,100.0,0.0,5,4893,0.018,-1.856,74.3,71.3,76.6,75.1,23.73,23.24,24.09,23.86
42.15,2176.9,207.2,0.0,100.0,0.0,5,4870,-0.016,-1.81,74.3,71.3,76.6,75.1,23.73,23.24,24.09,23.86
42.165,2177.7,206.0,0.0,100.0,0.0,5,4845,-0.004,-1.867,74.3,71.3,76.6,75.1,23.72,23.24,24.09,23.86
42.18,2178.6,205.2,0.0,100.0,0.0,5,4821,-0.021,-1.884,74.3,71.3,76.6,75.1,23.72,23.24,24.09,23.86
42.196,2179.4,204.0,0.0,100.0,0.0,5,4778,-0.033,-1.894,74.3,71.3,76.6,75.1,23.72,23.24,24.09,23.86
42.211,2180.3,203.1,0.0,100.0,0.0,5,4746,-0.011,-1.831,74.3,71.2,76.5,75.1,23.72,23.24,24.09,23.86
42.227,2181.2,202.1,0.0,100.0,0.0,5,4725,-0.032,-1.866,74.3,71.2,76.5,75.1,23.72,23.24,24.09,23.86
42.242,2182.1,201.1,0.0,100.0,0.0,5,4712,-0.026,-1.908,74.3,71.2,76.5,75.1,23.72,23.24,24.09,23.86
42.257,2182.9,200.1,0.0,100.0,0.0,5,4683,-0.013,-1.884,74.3,71.2,76.5,75.1,23.72,23.24,24.09,23.86
42.274,2183.8,199.1,0.0,100.0,0.0,5,4651,-0.017,-1.843,74.3,71.2,76.5,75.1,23.72,23.24,24.08,23.86
42.289,2184.7,197.9,0.0,100.0,0.0,5,4632,-0.01,-1.868,74.3,71.2,76.5,75.1,23.72,23.24,24.08,23.86
42.305,2185.5,196.9,0.0,100.0,0.0,5,4624,-0.02,-1.869,74.2,71.2,76.5,75.1,23.72,23.24,24.08,23.86
42.321,2186.4,195.9,0.0,100.0,0.0,5,4600,-0.022,-1.963,74.2,71.2,76.5,75.1,23.72,23.24,24.08,23.86
42.336,2187.2,194.9,0.0,100.0,0.0,5,4569,-0.011,-1.844,74.2,71.2,76.5,75.1,23.72,23.24,24.08,23.85
42.351,2188.0,194.0,0.0,100.0,0.0,5,4538,-0.036,-1.798,74.2,71.2,76.5,75.1,23.72,23.23,24.08,23.85
42.366,2188.8,193.0,0.0,99.9,0.0,5,4519,-0.043,-1.874,74.2,71.2,76.5,75.1,23.72,23.23,24.08,23.85
42.382,2189.7,191.8,0.0,100.0,0.0,5,4500,-0.007,-1.846,74.2,71.2,76.5,75.1,23.72,23.23,24.08,23.85
42.397,2190.5,190.9,0.0,100.0,0.0,5,4461,-0.034,-1.805,74.2,71.2,76.5,75.1,23.72,23.23,24.08,23.85
42.413,2191.3,189.9,0.0,100.0,0.0,5,4431,-0.037,-1.862,74.2,71.2,76.5,75.1,23.72,23.23,24.08,23.85
42.428,2192.1,188.9,0.0,100.0,0.0,5,4406,-0.021,-1.893,74.2,71.2,76.5,75.1,23.72,23.23,24.08,23.85
42.445,2193.0,187.9,0.0,100.0,0.0,5,4383,-0.013,-1.856,74.2,71.2,76.5,75.1,23.71,23.23,24.08,23.85
42.46,2193.8,186.7,0.0,100.0,0.0,5,4360,-0.015,-1.897,74.2,71.2,76.5,75.1,23.71,23.23,24.08,23.85
42.476,2194.6,185.7,0.0,100.0,0.0,5,4344,-0.028,-1.87,74.2,71.2,76.5,75.0,23.71,23.23,24.07,23.85
42.492,2195.4,184.8,0.0,100.0,0.0,5,4330,-0.019,-1.823,74.2,71.2,76.5,75.0,23.71,23.23,24.07,23.85
42.508,2196.2,183.6,0.0,100.0,0.0,5,4311,-0.042,-1.889,74.2,71.2,76.5,75.0,23.71,23.23,24.07,23.85
42.524,2197.0,182.6,0.0,100.0,0.0,5,4289,-0.039,-1.848,74.2,71.2,76.5,75.0,23.71,23.23,24.07,23.85
42.539,2197.8,181.7,0.0,100.0,0.0,5,4256,-0.031,-1.806,74.2,71.2,76.4,75.0,23.71,23.23,24.07,23.84
42.556,2198.6,180.7,0.0,98.4,0.0,5,4228,-0.018,-1.757,74.2,71.2,76.4,75.0,23.71,23.23,24.07,23.84
42.571,2199.4,179.5,0.0,100.0,0.0,5,4202,-0.013,-1.859,74.2,71.2,76.4,75.0,23.71,23.23,24.07,23.84
42.586,2200.2,178.6,0.0,98.6,0.0,5,4184,-0.041,-1.804,74.2,71.2,76.4,75.0,23.71,23.23,24.07,23.84
42.602,2200.9,177.6,0.0,100.0,0.0,5,4153,-0.048,-1.815,74.2,71.2,76.4,75.0,23.71,23.22,24.07,23.84
42.617,2201.7,176.6,0.0,100.0,0.0,5,4126,-0.023,-1.87,74.2,71.2,76.4,75.0,23.71,23.22,24.07,23.84
42.632,2202.4,175.7,0.0,100.0,0.0,5,4104,-0.032,-1.799,74.2,71.1,76.4,75.0,23.71,23.22,24.07,23.84
42.648,2203.2,174.7,0.0,99.1,0.0,5,4075,-0.049,-1.799,74.2,71.1,76.4,75.0,23.71,23.22,24.07,23.84
42.664,2204.0,173.6,0.0,99.6,0.0,5,4056,-0.047,-1.828,74.2,71.1,76.4,75.0,23.71,23.22,24.07,23.84
42.68,2204.7,172.6,0.0,100.0,0.0,5,4030,-0.032,-1.812,74.2,71.1,76.4,75.0,23.71,23.22,24.06,23.84
42.695,2205.5,171.7,0.0,99.9,0.0,5,4001,-0.034,-1.769,74.2,71.1,76.4,75.0,23.71,23.22,24.06,23.84
42.711,2206.2,170.7,0.0,100.0,0.0,5,3972,-0.024,-1.792,74.2,71.1,76.4,75.0,23.7,23.22,24.06,23.84
42.726,2206.9,169.8,0.0,98.0,0.0,5,3955,-0.032,-1.841,74.1,71.1,76.4,75.0,23.7,23.22,24.06,23.84
42.742,2207.6,168.8,0.0,100.0,0.0,5,3939,-0.037,-1.83,74.1,71.1,76.4,75.0,23.7,23.22,24.06,23.83
42.758,2208.4,167.6,0.0,100.0,0.0,5,3909,-0.049,-1.83,74.1,71.1,76.4,75.0,23.7,23.22,24.06,23.83
42.774,2209.1,166.7,0.0,100.0,0.0,5,3883,-0.037,-1.818,74.1,71.1,76.4,75.0,23.7,23.22,24.06,23.83
42.789,2209.8,165.7,0.0,100.0,0.0,5,3856,-0.023,-1.82,74.1,71.1,76.4,75.0,23.7,23.22,24.06,23.83
42.804,2210.5,164.8,0.0,100.0,0.0,5,3837,-0.056,-1.816,74.1,71.1,76.4,74.9,23.7,23.22,24.06,23.83
42.819,2211.2,163.8,0.0,100.0,0.0,5,3821,-0.047,-1.797,74.1,71.1,76.4,74.9,23.7,23.22,24.06,23.83
42.835,2211.9,162.6,0.0,100.0,0.0,5,3801,-0.041,-1.839,74.1,71.1,76.3,74.9,23.7,23.22,24.06,23.83
42.851,2212.6,161.7,0.0,100.0,0.0,5,3781,-0.026,-1.799,74.1,71.1,76.3,74.9,23.7,23.22,24.05,23.83
42.867,2213.4,160.7,0.0,97.2,0.0,5,3761,-0.019,-1.768,74.1,71.1,76.3,74.9,23.7,23.21,24.05,23.83
42.883,2214.0,159.8,0.0,96.8,0.0,5,3737,-0.031,-1.716,74.1,71.1,76.3,74.9,23.7,23.21,24.05,23.83
42.898,2214.7,158.7,0.0,96.5,0.0,5,3712,-0.028,-1.748,74.1,71.1,76.3,74.9,23.7,23.21,24.05,23.83
42.913,2215.4,157.8,0.0,98.5,0.0,5,3684,-0.021,-1.746,74.1,71.1,76.3,74.9,23.7,23.21,24.05,23.83
42.929,2216.1,156.9,0.0,99.7,0.0,5,3651,-0.023,-1.745,74.1,71.1,76.3,74.9,23.7,23.21,24.05,23.82
42.945,2216.8,155.9,0.0,98.2,0.0,5,3624,-0.042,-1.763,74.1,71.1,76.3,74.9,23.69,23.21,24.05,23.82
42.96,2217.4,155.0,0.0,94.3,0.0,5,3607,-0.039,-1.716,74.1,71.1,76.3,74.9,23.69,23.21,24.05,23.82
42.976,2218.1,154.1,0.0,91.2,0.0,5,3598,-0.028,-1.686,74.1,71.1,76.3,74.9,23.69,23.21,24.05,23.82
42.991,2218.7,153.0,0.0,92.8,0.0,5,3580,-0.039,-1.678,74.1,71.1,76.3,74.9,23.69,23.21,24.05,23.82
43.007,2219.4,152.1,0.0,99.3,0.0,5,3550,-0.053,-1.732,74.1,71.1,76.3,74.9,23.69,23.21,24.05,23.82
43.022,2220.1,151.2,0.0,94.2,0.0,5,3518,-0.033,-1.682,74.1,71.1,76.3,74.9,23.69,23.21,24.05,23.82
43.038,2220.7,150.3,0.0,92.5,0.0,0,3492,-0.025,-1.668,74.1,71.0,76.3,74.9,23.69,23.21,24.04,23.82
43.054,2221.4,149.5,50.0,92.6,0.0,0,3680,-0.016,-1.647,74.1,71.0,76.3,74.9,23.69,23.21,24.04,23.82
43.069,2222.0,148.4,50.0,91.0,0.0,0,3985,-0.005,-1.634,74.1,71.0,76.3,74.9,23.69,23.21,24.04,23.82
43.085,2222.6,147.5,50.0,91.6,0.0,0,4239,-0.028,-1.595,74.0,71.0,76.3,74.8,23.69,23.21,24.04,23.82
43.1,2223.3,146.7,38.2,94.8,0.0,0,4456,-0.045,-1.653,74.0,71.0,76.3,74.8,23.69,23.2,24.04,23.81
43.116,2223.9,145.8,24.5,100.0,0.0,0,4591,-0.014,-1.753,74.0,71.0,76.2,74.8,23.69,23.2,24.04,23.81
43.132,2224.6,144.6,8.2,100.0,0.0,0,4646,0.004,-1.757,74.0,71.0,76.2,74.8,23.69,23.2,24.04,23.81
43.148,2225.2,143.7,0.0,100.0,0.0,0,4612,0.01,-1.779,74.0,71.0,76.2,74.8,23.69,23.2,24.04,23.81
43.163,2225.8,142.8,0.0,97.9,0.0,0,4570,-0.013,-1.774,74.0,71.0,76.2,74.8,23.68,23.2,24.04,23.81
43.179,2226.4,141.8,0.0,98.3,0.0,0,4528,-0.008,-1.78,74.0,71.0,76.2,74.8,23.68,23.2,24.04,23.81
43.195,2227.0,140.7,0.0,97.4,0.0,4,4479,-0.028,-1.741,74.0,71.0,76.2,74.8,23.68,23.2,24.03,23.81
43.21,2227.6,139.8,0.0,95.5,0.0,4,4397,-0.017,-1.69,74.0,71.0,76.2,74.8,23.68,23.2,24.03,23.81
43.225,2228.2,139.0,0.0,91.6,0.0,4,4111,-0.013,-1.476,74.0,71.0,76.2,74.8,23.68,23.2,24.03,23.81
43.241,2228.8,138.2,0.0,92.4,0.0,4,3975,-0.026,-1.488,74.0,71.0,76.2,74.8,23.68,23.2,24.03,23.81
43.256,2229.4,137.4,0.0,92.3,0.0,4,3823,-0.018,-1.576,74.0,71.0,76.2,74.8,23.68,23.2,24.03,23.81
43.272,2230.0,136.5,0.0,97.9,0.0,4,3892,-0.039,-1.741,74.0,71.0,76.2,74.8,23.68,23.2,24.03,23.8
43.287,2230.6,135.6,0.0,95.5,0.0,4,3750,-0.039,-1.632,74.0,71.0,76.2,74.8,23.68,23.2,24.03,23.8
43.302,2231.1,134.7,0.0,94.9,0.0,4,3783,-0.015,-1.651,74.0,71.0,76.2,74.8,23.68,23.2,24.03,23.8
43.318,2231.7,133.7,0.0,96.5,0.0,4,3745,-0.017,-1.701,74.0,71.0,76.2,74.8,23.68,23.19,24.03,23.8
43.334,2232.3,132.8,0.0,97.4,0.0,4,3724,-0.029,-1.742,74.0,71.0,76.2,74.8,23.68,23.19,24.03,23.8
43.349,2232.9,131.8,0.0,100.0,0.0,4,3704,-0.034,-1.76,74.0,71.0,76.2,74.8,23.68,23.19,24.03,23.8
43.365,2233.4,130.9,0.0,100.0,0.0,4,3670,-0.051,-1.768,74.0,71.0,76.2,74.7,23.67,23.19,24.02,23.8
43.381,2234.0,129.8,0.0,100.0,0.0,4,3633,-0.035,-1.744,74.0,70.9,76.1,74.7,23.67,23.19,24.02,23.8
43.396,2234.6,128.9,0.0,99.3,0.0,4,3610,-0.033,-1.788,74.0,70.9,76.1,74.7,23.67,23.19,24.02,23.8
43.411,2235.1,127.9,0.0,97.4,0.0,4,3589,-0.022,-1.761,74.0,70.9,76.1,74.7,23.67,23.19,24.02,23.8
43.427,2235.7,127.0,0.0,94.4,0.0,4,3572,-0.037,-1.711,73.9,70.9,76.1,74.7,23.67,23.19,24.02,23.8
43.443,2236.2,126.1,0.0,93.2,0.0,4,3555,-0.037,-1.665,73.9,70.9,76.1,74.7,23.67,23.19,24.02,23.79
43.459,2236.8,125.1,0.0,92.7,0.0,4,3522,-0.022,-1.624,73.9,70.9,76.1,74.7,23.67,23.19,24.02,23.79
43.474,2237.3,124.2,0.0,92.9,0.0,0,3493,-0.032,-1.633,73.9,70.9,76.1,74.7,23.67,23.19,24.02,23.79
43.49,2237.8,123.4,50.0,91.6,0.0,0,3681,-0.02,-1.621,73.9,70.9,76.1,74.7,23.67,23.19,24.02,23.79
43.506,2238.4,122.5,50.0,94.3,0.0,0,3935,-0.011,-1.638,73.9,70.9,76.1,74.7,23.67,23.19,24.02,23.79
43.522,2238.9,121.6,50.0,95.8,0.0,0,4189,-0.015,-1.692,73.9,70.9,76.1,74.7,23.67,23.18,24.01,23.79
43.537,2239.4,120.5,38.2,94.2,0.0,0,4457,-0.013,-1.67,73.9,70.9,76.1,74.7,23.67,23.18,24.01,23.79
43.553,2240.0,119.7,24.5,91.6,0.01,0,4592,-0.022,-1.643,73.9,70.9,76.1,74.7,23.67,23.18,24.01,23.79
43.569,2240.5,118.8,10.9,92.7,0.02,0,4646,-0.065,-1.601,73.9,70.9,76.1,74.7,23.66,23.18,24.01,23.79
43.585,2241.0,117.9,0.0,93.5,0.03,0,4622,-0.078,-1.64,73.9,70.9,76.1,74.7,23.66,23.18,24.01,23.79
43.6,2241.5,117.1,0.0,92.9,0.04,0,4579,-0.138,-1.628,73.9,70.9,76.1,74.7,23.66,23.18,24.01,23.79
43.615,2242.0,116.0,0.0,90.8,0.05,0,4529,-0.184,-1.591,73.9,70.9,76.1,74.7,23.66,23.18,24.01,23.78
43.631,2242.5,115.2,0.0,91.4,0.06,3,4488,-0.2,-1.618,73.9,70.9,76.0,74.6,23.66,23.18,24.01,23.78
43.646,2243.0,114.4,0.0,90.5,0.07,3,4427,-0.25,-1.601,73.9,70.9,76.0,74.6,23.66,23.18,24.01,23.78
43.662,2243.5,113.6,0.0,90.4,0.07,3,4198,-0.275,-1.454,73.9,70.9,76.0,74.6,23.66,23.18,24.01,23.78
43.678,2244.0,112.7,0.0,89.9,0.09,3,3955,-0.304,-1.398,73.9,70.9,76.0,74.6,23.66,23.18,24.0,23.78
43.693,2244.4,111.9,0.0,90.8,0.09,3,4013,-0.32,-1.626,73.9,70.8,76.0,74.6,23.66,23.18,24.0,23.78
43.709,2244.9,111.1,0.0,0.0,0.1,3,3863,-0.357,-1.536,73.9,70.8,76.0,74.6,23.66,23.17,24.0,23.78
43.725,2245.4,110.7,0.0,0.0,0.11,3,4059,-0.577,-0.019,73.9,70.8,76.0,74.6,23.66,23.17,24.0,23.78
43.74,2245.9,110.6,0.0,0.0,0.12,3,4029,-0.607,-0.388,73.9,70.8,76.0,74.6,23.66,23.17,24.0,23.78
43.756,2246.4,110.5,0.0,0.0,0.13,3,4030,-0.65,-0.119,73.8,70.8,76.0,74.6,23.66,23.17,24.0,23.77
43.771,2246.8,110.4,0.0,0.0,0.14,3,4027,-0.699,-0.13,73.8,70.8,76.0,74.6,23.66,23.17,24.0,23.77
43.787,2247.3,110.3,0.0,0.0,0.15,3,4022,-0.733,-0.146,73.8,70.8,76.0,74.6,23.65,23.17,24.0,23.77
43.802,2247.8,110.2,0.0,0.0,0.16,3,4018,-0.822,-0.158,73.8,70.8,76.0,74.6,23.65,23.17,24.0,23.77
43.817,2248.2,110.2,0.0,0.0,0.17,3,4015,-0.892,-0.157,73.8,70.8,76.0,74.6,23.65,23.17,24.0,23.77
43.833,2248.7,110.1,0.0,0.0,0.18,3,4010,-0.947,-0.179,73.8,70.8,76.0,74.6,23.65,23.17,24.0,23.77
43.849,2249.2,110.0,0.0,0.0,0.14,3,4006,-1.015,-0.159,73.8,70.8,76.0,74.6,23.65,23.17,24.0,23.77
43.865,2249.7,109.9,0.0,0.0,0.09,3,4001,-0.924,-0.141,73.8,70.8,76.0,74.6,23.65,23.17,23.99,23.77
43.88,2250.2,109.8,0.0,0.0,0.04,3,3996,-0.822,-0.147,73.8,70.8,76.0,74.5,23.65,23.16,23.99,23.77
43.896,2250.7,109.8,0.0,0.0,0.0,3,3993,-0.615,-0.109,73.8,70.8,76.0,74.5,23.65,23.16,23.99,23.77
43.912,2251.1,109.7,0.0,0.0,0.0,3,3989,-0.528,-0.118,73.8,70.8,76.0,74.5,23.65,23.16,23.99,23.77
43.928,2251.6,109.6,0.0,0.0,0.0,3,3987,-0.533,-0.14,73.8,70.8,75.9,74.5,23.65,23.16,23.99,23.76
43.943,2252.1,109.5,0.0,0.0,0.0,3,3984,-0.537,-0.109,73.8,70.8,75.9,74.5,23.65,23.16,23.99,23.76
43.96,2252.6,109.5,0.0,0.0,0.0,3,3982,-0.493,-0.139,73.8,70.7,75.9,74.5,23.65,23.16,23.99,23.76
43.975,2253.1,109.4,0.0,0.0,0.0,3,3981,-0.487,-0.14,73.8,70.7,75.9,74.5,23.64,23.16,23.99,23.76
43.991,2253.5,109.3,0.0,0.0,0.0,3,3979,-0.424,-0.133,73.8,70.7,75.9,74.5,23.64,23.16,23.99,23.76
44.006,2254.0,109.3,0.0,0.0,0.0,3,3977,-0.394,-0.132,73.8,70.7,75.9,74.5,23.64,23.16,23.99,23.76
44.022,2254.5,109.2,0.0,0.0,0.0,3,3976,-0.358,-0.142,73.8,70.7,75.9,74.5,23.64,23.16,23.99,23.76
44.037,2254.9,109.1,0.0,0.0,0.0,3,3973,-0.335,-0.104,73.8,70.7,75.9,74.5,23.64,23.15,23.99,23.76
44.053,2255.4,109.1,0.0,0.0,0.01,3,3971,-0.308,-0.116,73.8,70.7,75.9,74.5,23.64,23.15,23.98,23.76
44.068,2255.9,109.0,0.0,0.0,0.02,3,3969,-0.319,-0.113,73.8,70.7,75.9,74.5,23.64,23.15,23.98,23.76
44.084,2256.3,108.9,0.0,0.0,0.03,3,3966,-0.342,-0.129,73.7,70.7,75.9,74.5,23.64,23.15,23.98,23.76
44.099,2256.8,108.8,0.0,0.0,0.04,3,3965,-0.329,-0.154,73.7,70.7,75.9,74.5,23.64,23.15,23.98,23.75
44.115,2257.3,108.8,0.0,0.0,0.05,3,3962,-0.318,-0.093,73.7,70.7,75.9,74.5,23.64,23.15,23.98,23.75
44.131,2257.8,108.7,0.0,0.0,0.06,3,3958,-0.354,-0.131,73.7,70.7,75.9,74.5,23.64,23.15,23.98,23.75
44.146,2258.2,108.7,0.0,0.0,0.07,3,3955,-0.367,-0.139,73.7,70.7,75.9,74.5,23.64,23.15,23.98,23.75
44.162,2258.7,108.6,0.0,0.0,0.08,3,3952,-0.427,-0.102,73.7,70.7,75.9,74.4,23.64,23.15,23.98,23.75
44.177,2259.2,108.5,0.0,0.0,0.09,3,3948,-0.448,-0.126,73.7,70.7,75.9,74.4,23.63,23.15,23.98,23.75
44.192,2259.6,108.4,0.0,0.0,0.1,3,3947,-0.506,-0.142,73.7,70.7,75.9,74.4,23.63,23.15,23.98,23.75
44.207,2260.1,108.4,0.0,0.0,0.11,3,3946,-0.565,-0.148,73.7,70.7,75.8,74.4,23.63,23.14,23.98,23.75
44.223,2260.6,108.3,0.0,0.0,0.12,3,3945,-0.582,-0.152,73.7,70.6,75.8,74.4,23.63,23.14,23.98,23.75
44.239,2261.0,108.2,0.0,0.0,0.13,3,3941,-0.621,-0.126,73.7,70.6,75.8,74.4,23.63,23.14,23.97,23.75
44.254,2261.5,108.1,0.0,0.0,0.14,3,3939,-0.677,-0.125,73.7,70.6,75.8,74.4,23.63,23.14,23.97,23.75
44.27,2262.0,108.1,0.0,0.0,0.15,3,3935,-0.716,-0.121,73.7,70.6,75.8,74.4,23.63,23.14,23.97,23.74
44.285,2262.4,108.0,0.0,0.0,0.16,3,3933,-0.808,-0.144,73.7,70.6,75.8,74.4,23.63,23.14,23.97,23.74
44.301,2262.9,107.9,0.0,0.0,0.17,3,3928,-0.894,-0.143,73.7,70.6,75.8,74.4,23.63,23.14,23.97,23.74
44.317,2263.4,107.8,0.0,0.0,0.18,3,3926,-0.941,-0.167,73.7,70.6,75.8,74.4,23.63,23.14,23.97,23.74
44.332,2263.8,107.7,0.0,0.0,0.19,3,3921,-0.965,-0.133,73.7,70.6,75.8,74.4,23.63,23.14,23.97,23.74
44.347,2264.3,107.7,0.0,0.0,0.2,3,3919,-0.972,-0.12,73.7,70.6,75.8,74.4,23.63,23.14,23.97,23.74
44.364,2264.8,107.6,0.0,0.0,0.21,3,3915,-1.036,-0.171,73.7,70.6,75.8,74.4,23.62,23.13,23.97,23.74
44.379,2265.2,107.5,0.0,0.0,0.22,3,3912,-1.109,-0.168,73.6,70.6,75.8,74.4,23.62,23.13,23.97,23.74
44.394,2265.7,107.4,0.0,0.0,0.23,3,3909,-1.2,-0.14,73.6,70.6,75.8,74.4,23.62,23.13,23.97,23.74
44.41,2266.2,107.3,0.0,0.0,0.24,3,3904,-1.313,-0.169,73.6,70.6,75.8,74.3,23.62,23.13,23.97,23.74
44.426,2266.6,107.2,0.0,0.0,0.25,3,3901,-1.308,-0.182,73.6,70.6,75.8,74.3,23.62,23.13,23.97,23.73
44.442,2267.1,107.1,0.0,0.0,0.26,3,3898,-1.346,-0.187,73.6,70.6,75.8,74.3,23.62,23.13,23.96,23.73
44.457,2267.5,107.0,0.0,0.0,0.27,3,3895,-1.403,-0.193,73.6,70.6,75.8,74.3,23.62,23.13,23.96,23.73
44.472,2268.0,106.9,0.0,0.0,0.28,3,3891,-1.488,-0.174,73.6,70.5,75.8,74.3,23.62,23.13,23.96,23.73
44.488,2268.5,106.7,0.0,0.0,0.24,3,3887,-1.546,-0.213,73.6,70.5,75.8,74.3,23.62,23.13,23.96,23.73
44.503,2268.9,106.6,0.0,0.0,0.2,3,3882,-1.48,-0.192,73.6,70.5,75.8,74.3,23.62,23.13,23.96,23.73
44.519,2269.4,106.5,0.0,0.0,0.15,3,3876,-1.401,-0.157,73.6,70.5,75.8,74.3,23.62,23.12,23.96,23.73
44.534,2269.8,106.4,0.0,0.0,0.1,3,3872,-1.375,-0.173,73.6,70.5,75.8,74.3,23.62,23.12,23.96,23.73
44.55,2270.3,106.3,0.0,0.0,0.05,3,3867,-1.283,-0.158,73.6,70.5,75.7,74.3,23.62,23.12,23.96,23.73
44.566,2270.8,106.2,0.0,0.0,0.01,3,3862,-1.157,-0.125,73.6,70.5,75.7,74.3,23.62,23.12,23.96,23.73
44.581,2271.2,106.1,0.0,0.0,0.0,3,3858,-0.989,-0.117,73.6,70.5,75.7,74.3,23.62,23.12,23.96,23.72
44.597,2271.7,106.1,0.0,0.0,0.0,3,3855,-0.989,-0.135,73.6,70.5,75.7,74.3,23.61,23.12,23.96,23.72
44.613,2272.1,106.0,0.0,0.0,0.0,3,3853,-0.987,-0.119,73.6,70.5,75.7,74.3,23.61,23.12,23.96,23.72
44.628,2272.6,105.9,0.0,0.0,0.0,3,3851,-1.003,-0.12,73.6,70.5,75.7,74.3,23.61,23.12,23.96,23.72
44.644,2273.1,105.8,0.0,0.0,0.0,3,3847,-0.968,-0.124,73.6,70.5,75.7,74.3,23.61,23.12,23.96,23.72
44.659,2273.5,105.7,0.0,0.0,0.0,3,3846,-0.89,-0.126,73.6,70.5,75.7,74.2,23.61,23.12,23.95,23.72
44.674,2274.0,105.7,0.0,0.0,0.0,3,3843,-0.877,-0.103,73.6,70.5,75.7,74.2,23.61,23.11,23.95,23.72
44.69,2274.4,105.6,0.0,0.0,0.01,3,3842,-0.818,-0.152,73.6,70.5,75.7,74.2,23.61,23.11,23.95,23.72
44.706,2274.9,105.5,0.0,0.0,0.02,3,3840,-0.786,-0.131,73.6,70.5,75.7,74.2,23.61,23.11,23.95,23.72
44.722,2275.3,105.4,0.0,0.0,0.03,3,3838,-0.742,-0.107,73.6,70.4,75.7,74.2,23.61,23.11,23.95,23.72
44.737,2275.8,105.4,0.0,0.0,0.04,3,3838,-0.72,-0.113,73.5,70.4,75.7,74.2,23.61,23.11,23.95,23.71
44.752,2276.2,105.3,0.0,0.0,0.05,3,3836,-0.729,-0.1,73.5,70.4,75.7,74.2,23.61,23.11,23.95,23.71
44.767,2276.7,105.2,0.0,0.0,0.06,3,3832,-0.704,-0.108,73.5,70.4,75.7,74.2,23.61,23.11,23.95,23.71
44.784,2277.2,105.2,0.0,0.0,0.07,3,3830,-0.695,-0.125,73.5,70.4,75.7,74.2,23.61,23.11,23.95,23.71
44.8,2277.6,105.1,0.0,0.0,0.08,3,3828,-0.651,-0.104,73.5,70.4,75.7,74.2,23.6,23.11,23.95,23.71
44.815,2278.1,105.0,0.0,0.0,0.09,3,3824,-0.677,-0.127,73.5,70.4,75.7,74.2,23.6,23.11,23.95,23.71
44.83,2278.5,104.9,0.0,0.0,0.1,3,3824,-0.653,-0.148,73.5,70.4,75.7,74.2,23.6,23.1,23.95,23.71
44.846,2279.0,104.9,0.0,0.0,0.11,3,3821,-0.665,-0.111,73.5,70.4,75.7,74.2,23.6,23.1,23.94,23.71
44.861,2279.4,104.8,0.0,0.0,0.12,3,3818,-0.692,-0.117,73.5,70.4,75.7,74.2,23.6,23.1,23.94,23.71
44.877,2279.9,104.7,0.0,0.0,0.13,3,3817,-0.702,-0.157,73.5,70.4,75.6,74.2,23.6,23.1,23.94,23.71
44.893,2280.3,104.6,0.0,0.0,0.14,3,3812,-0.774,-0.124,73.5,70.4,75.6,74.2,23.6,23.1,23.94,23.71
44.909,2280.8,104.6,0.0,0.0,0.15,3,3809,-0.828,-0.144,73.5,70.4,75.6,74.2,23.6,23.1,23.94,23.7
44.924,2281.2,104.5,0.0,0.0,0.16,3,3806,-0.892,-0.144,73.5,70.4,75.6,74.1,23.6,23.1,23.94,23.7
44.939,2281.7,104.4,0.0,0.0,0.17,3,3804,-0.887,-0.134,73.5,70.4,75.6,74.1,23.6,23.1,23.94,23.7
44.955,2282.1,104.3,0.0,0.0,0.18,3,3801,-0.993,-0.156,73.5,70.4,75.6,74.1,23.6,23.1,23.94,23.7
44.97,2282.6,104.3,0.0,0.0,0.19,3,3797,-0.991,-0.176,73.5,70.3,75.6,74.1,23.6,23.1,23.94,23.7
44.986,2283.1,104.2,0.0,0.0,0.21,3,3796,-1.044,-0.141,73.5,70.3,75.6,74.1,23.6,23.09,23.94,23.7
45.002,2283.5,104.1,0.0,0.0,0.22,3,3792,-1.112,-0.167,73.5,70.3,75.6,74.1,23.59,23.09,23.94,23.7
45.017,2283.9,104.0,0.0,0.0,0.23,3,3789,-1.146,-0.161,73.5,70.3,75.6,74.1,23.59,23.09,23.94,23.7
45.033,2284.4,103.9,0.0,0.0,0.24,3,3784,-1.166,-0.133,73.5,70.3,75.6,74.1,23.59,23.09,23.94,23.7
45.049,2284.9,103.8,0.0,0.0,0.25,3,3780,-1.241,-0.151,73.5,70.3,75.6,74.1,23.59,23.09,23.94,23.7
45.064,2285.3,103.7,0.0,0.0,0.26,3,3774,-1.285,-0.18,73.4,70.3,75.6,74.1,23.59,23.09,23.93,23.69
45.08,2285.7,103.6,0.0,0.0,0.27,3,3771,-1.368,-0.16,73.4,70.3,75.6,74.1,23.59,23.09,23.93,23.69
45.096,2286.2,103.5,0.0,0.0,0.28,3,3767,-1.338,-0.176,73.4,70.3,75.6,74.1,23.59,23.09,23.93,23.69
45.111,2286.6,103.4,0.0,0.0,0.29,3,3764,-1.366,-0.197,73.4,70.3,75.6,74.1,23.59,23.09,23.93,23.69
45.126,2287.1,103.3,0.0,0.0,0.3,3,3760,-1.424,-0.213,73.4,70.3,75.6,74.1,23.59,23.09,23.93,23.69
45.142,2287.5,103.2,0.0,0.0,0.31,3,3755,-1.46,-0.219,73.4,70.3,75.6,74.1,23.59,23.08,23.93,23.69
45.157,2288.0,103.0,0.0,0.0,0.32,3,3751,-1.483,-0.213,73.4,70.3,75.6,74.1,23.59,23.08,23.93,23.69
45.173,2288.4,102.9,0.0,0.0,0.33,3,3746,-1.528,-0.195,73.4,70.3,75.6,74.0,23.59,23.08,23.93,23.69
45.189,2288.9,102.8,0.0,0.0,0.34,3,3741,-1.563,-0.194,73.4,70.3,75.6,74.0,23.59,23.08,23.93,23.69
45.204,2289.3,102.7,0.0,0.0,0.35,3,3736,-1.564,-0.21,73.4,70.3,75.6,74.0,23.59,23.08,23.93,23.69
45.22,2289.8,102.5,0.0,0.0,0.36,3,3730,-1.522,-0.208,73.4,70.2,75.5,74.0,23.59,23.08,23.93,23.68
45.235,2290.2,102.4,0.0,0.0,0.37,3,3723,-1.612,-0.197,73.4,70.2,75.5,74.0,23.58,23.08,23.93,23.68
45.251,2290.6,102.3,0.0,0.0,0.38,3,3718,-1.608,-0.22,73.4,70.2,75.5,74.0,23.58,23.08,23.93,23.68
45.267,2291.1,102.1,0.0,0.0,0.39,3,3713,-1.648,-0.223,73.4,70.2,75.5,74.0,23.58,23.08,23.93,23.68
45.283,2291.5,102.0,0.0,0.0,0.4,3,3708,-1.698,-0.227,73.4,70.2,75.5,74.0,23.58,23.08,23.92,23.68
45.298,2292.0,101.8,0.0,0.0,0.42,3,3700,-1.742,-0.235,73.4,70.2,75.5,74.0,23.58,23.07,23.92,23.68
45.313,2292.4,101.6,1.2,0.0,0.43,3,3696,-1.704,-0.249,73.4,70.2,75.5,74.0,23.58,23.07,23.92,23.68
45.329,2292.8,101.5,7.2,0.0,0.41,3,3699,-1.688,-0.228,73.4,70.2,75.5,74.0,23.58,23.07,23.92,23.68
45.344,2293.3,101.3,13.2,0.0,0.37,3,3707,-1.633,-0.204,73.4,70.2,75.5,74.0,23.58,23.07,23.92,23.68
45.36,2293.7,101.2,19.2,0.0,0.32,3,3718,-1.621,-0.163,73.4,70.2,75.5,74.0,23.58,23.07,23.92,23.68
45.376,2294.2,101.1,25.2,0.0,0.27,3,3731,-1.668,-0.092,73.4,70.2,75.5,74.0,23.58,23.07,23.92,23.67
45.391,2294.6,101.0,32.4,0.0,0.22,3,3744,-1.726,-0.043,73.4,70.2,75.5,74.0,23.58,23.07,23.92,23.67
45.406,2295.0,101.0,38.4,0.0,0.17,3,3757,-1.721,-0.01,73.4,70.2,75.5,74.0,23.58,23.07,23.92,23.67
45.422,2295.4,100.9,44.4,0.0,0.12,3,3774,-1.654,0.048,73.4,70.2,75.5,73.9,23.58,23.07,23.92,23.67
45.437,2295.9,100.9,50.4,0.0,0.07,3,3804,-1.568,0.074,73.4,70.2,75.5,73.9,23.58,23.07,23.92,23.67
45.453,2296.3,100.9,56.4,0.0,0.03,3,3824,-1.452,0.148,73.4,70.2,75.5,73.9,23.58,23.06,23.92,23.67
45.469,2296.8,101.0,63.6,0.0,0.0,3,3846,-1.311,0.234,73.4,70.1,75.5,73.9,23.58,23.06,23.92,23.67
45.485,2297.2,101.1,69.6,0.0,0.0,3,3854,-1.286,0.268,73.3,70.1,75.5,73.9,23.58,23.06,23.92,23.67
45.5,2297.7,101.2,75.6,0.0,0.0,3,3859,-1.352,0.303,73.3,70.1,75.5,73.9,23.57,23.06,23.92,23.67
45.516,2298.1,101.4,81.6,0.0,0.0,3,3870,-1.364,0.341,73.3,70.1,75.5,73.9,23.57,23.06,23.92,23.67
45.532,2298.5,101.5,87.6,0.0,0.0,3,3870,-1.439,0.419,73.3,70.1,75.5,73.9,23.57,23.06,23.91,23.66
45.547,2299.0,101.7,94.8,0.0,0.0,3,3882,-1.411,0.408,73.3,70.1,75.5,73.9,23.57,23.06,23.91,23.66
45.562,2299.4,101.9,100.0,0.0,0.0,3,3910,-1.328,0.426,73.3,70.1,75.5,73.9,23.57,23.06,23.91,23.66
45.578,2299.8,102.1,100.0,0.0,0.0,3,3921,-1.303,0.494,73.3,70.1,75.5,73.9,23.57,23.06,23.91,23.66
45.593,2300.3,102.4,100.0,0.0,0.01,3,3915,-1.29,0.524,73.3,70.1,75.5,73.9,23.57,23.06,23.91,23.66
45.609,2300.7,102.6,100.0,0.0,0.02,3,3917,-1.198,0.509,73.3,70.1,75.4,73.9,23.57,23.06,23.91,23.66
45.625,2301.2,102.9,100.0,0.0,0.03,3,3907,-1.29,0.497,73.3,70.1,75.4,73.9,23.57,23.05,23.91,23.66
45.641,2301.6,103.1,100.0,0.0,0.04,3,3901,-1.303,0.501,73.3,70.1,75.4,73.9,23.57,23.05,23.91,23.66
45.657,2302.1,103.4,100.0,0.0,0.05,3,3907,-1.298,0.468,73.3,70.1,75.4,73.9,23.57,23.05,23.91,23.66
45.673,2302.6,103.6,100.0,0.0,0.06,3,3906,-1.245,0.494,73.3,70.1,75.4,73.8,23.57,23.05,23.91,23.66
45.689,2303.0,103.9,100.0,0.0,0.08,3,3926,-1.172,0.421,73.3,70.1,75.4,73.8,23.57,23.05,23.91,23.65
45.704,2303.5,104.1,100.0,0.0,0.09,3,3954,-1.049,0.391,73.3,70.1,75.4,73.8,23.57,23.05,23.91,23.65
45.72,2303.9,104.3,0.0,0.0,0.1,3,3845,-1.043,0.502,73.3,70.1,75.4,73.8,23.57,23.05,23.91,23.65
45.735,2304.4,104.4,0.0,0.0,0.11,3,3772,-1.135,-0.122,73.3,70.0,75.4,73.8,23.56,23.05,23.91,23.65
45.751,2304.8,104.3,0.0,0.0,0.12,3,3801,-1.08,-0.183,73.3,70.0,75.4,73.8,23.56,23.05,23.91,23.65
45.766,2305.3,104.2,0.0,0.0,0.13,3,3792,-1.077,-0.115,73.3,70.0,75.4,73.8,23.56,23.05,23.91,23.65
45.781,2305.7,104.1,0.0,0.0,0.14,3,3788,-1.061,-0.116,73.3,70.0,75.4,73.8,23.56,23.04,23.91,23.65
45.797,2306.2,104.0,0.0,0.0,0.15,3,3786,-1.039,-0.152,73.3,70.0,75.4,73.8,23.56,23.04,23.9,23.65
45.813,2306.6,103.9,0.0,0.0,0.16,3,3783,-1.046,-0.158,73.3,70.0,75.4,73.8,23.56,23.04,23.9,23.65
45.829,2307.1,103.8,0.0,0.0,0.17,3,3781,-1.015,-0.147,73.3,70.0,75.4,73.8,23.56,23.04,23.9,23.65
45.845,2307.5,103.7,0.0,0.0,0.18,3,3779,-1.033,-0.139,73.3,70.0,75.4,73.8,23.56,23.04,23.9,23.64
45.86,2308.0,103.7,0.0,0.0,0.19,3,3775,-1.047,-0.154,73.2,70.0,75.4,73.8,23.56,23.04,23.9,23.64
45.875,2308.4,103.6,0.0,0.0,0.2,3,3772,-1.044,-0.14,73.2,70.0,75.4,73.8,23.56,23.04,23.9,23.64
45.891,2308.9,103.5,0.0,0.0,0.21,3,3769,-1.123,-0.174,73.2,70.0,75.4,73.8,23.56,23.04,23.9,23.64
45.907,2309.3,103.4,0.0,0.0,0.22,3,3765,-1.152,-0.173,73.2,70.0,75.4,73.8,23.56,23.04,23.9,23.64
45.922,2309.8,103.3,0.0,0.0,0.23,3,3761,-1.214,-0.171,73.2,70.0,75.4,73.7,23.56,23.04,23.9,23.64
45.938,2310.2,103.2,0.0,0.0,0.24,3,3758,-1.23,-0.161,73.2,70.0,75.4,73.7,23.56,23.04,23.9,23.64
45.954,2310.7,103.1,0.0,0.0,0.25,3,3754,-1.254,-0.177,73.2,70.0,75.4,73.7,23.56,23.03,23.9,23.64
45.969,2311.1,103.0,0.0,0.0,0.26,3,3751,-1.291,-0.182,73.2,70.0,75.4,73.7,23.56,23.03,23.9,23.64
45.984,2311.5,102.9,0.0,0.0,0.27,3,3746,-1.369,-0.183,73.2,70.0,75.4,73.7,23.56,23.03,23.9,23.64
45.999,2312.0,102.8,0.0,0.0,0.28,3,3742,-1.371,-0.186,73.2,69.9,75.4,73.7,23.55,23.03,23.9,23.63
46.015,2312.4,102.7,0.0,0.0,0.3,3,3738,-1.401,-0.207,73.2,69.9,75.3,73.7,23.55,23.03,23.9,23.63
46.03,2312.9,102.5,0.0,0.0,0.31,3,3733,-1.431,-0.187,73.2,69.9,75.3,73.7,23.55,23.03,23.9,23.63
46.045,2313.3,102.4,0.0,0.0,0.32,3,3727,-1.448,-0.18,73.2,69.9,75.3,73.7,23.55,23.03,23.89,23.63
46.061,2313.7,102.3,0.0,0.0,0.33,3,3723,-1.448,-0.199,73.2,69.9,75.3,73.7,23.55,23.03,23.89,23.63
46.077,2314.2,102.2,0.0,0.0,0.34,3,3718,-1.43,-0.178,73.2,69.9,75.3,73.7,23.55,23.03,23.89,23.63
46.093,2314.6,102.1,0.0,0.0,0.35,3,3713,-1.442,-0.19,73.2,69.9,75.3,73.7,23.55,23.03,23.89,23.63
46.109,2315.1,101.9,0.0,0.0,0.36,3,3706,-1.463,-0.212,73.2,69.9,75.3,73.7,23.55,23.02,23.89,23.63
46.124,2315.5,101.8,0.0,0.0,0.37,3,3700,-1.478,-0.21,73.2,69.9,75.3,73.7,23.55,23.02,23.89,23.63
46.139,2315.9,101.7,0.0,0.0,0.38,3,3695,-1.533,-0.225,73.2,69.9,75.3,73.7,23.55,23.02,23.89,23.63
46.155,2316.4,101.5,6.0,0.0,0.39,3,3697,-1.528,-0.21,73.2,69.9,75.3,73.7,23.55,23.02,23.89,23.62
46.171,2316.8,101.4,13.2,0.0,0.38,3,3709,-1.506,-0.207,73.2,69.9,75.3,73.6,23.55,23.02,23.89,23.62
46.187,2317.3,101.3,19.2,0.0,0.37,3,3724,-1.518,-0.148,73.2,69.9,75.3,73.6,23.55,23.02,23.89,23.62
46.202,2317.7,101.2,25.2,0.0,0.36,3,3743,-1.51,-0.147,73.2,69.9,75.3,73.6,23.55,23.02,23.89,23.62
46.218,2318.1,101.1,31.2,0.0,0.35,3,3765,-1.512,-0.079,73.2,69.9,75.3,73.6,23.55,23.02,23.89,23.62
46.233,2318.6,101.0,37.2,0.0,0.32,3,3782,-1.524,-0.04,73.2,69.9,75.3,73.6,23.55,23.02,23.89,23.62
46.249,2319.0,101.0,44.4,0.0,0.26,3,3795,-1.535,0.032,73.2,69.9,75.3,73.6,23.55,23.02,23.89,23.62
46.265,2319.5,101.0,50.4,0.0,0.22,3,3811,-1.505,0.056,73.2,69.8,75.3,73.6,23.55,23.02,23.89,23.62
46.28,2319.9,101.0,56.4,0.0,0.17,3,3825,-1.519,0.151,73.2,69.8,75.3,73.6,23.55,23.01,23.89,23.62
46.295,2320.3,101.0,62.4,0.0,0.12,3,3845,-1.445,0.154,73.2,69.8,75.3,73.6,23.54,23.01,23.89,23.62
46.311,2320.8,101.1,68.4,0.0,0.08,3,3858,-1.37,0.25,73.2,69.8,75.3,73.6,23.54,23.01,23.89,23.61
46.326,2321.2,101.2,74.4,0.0,0.03,3,3877,-1.306,0.272,73.1,69.8,75.3,73.6,23.54,23.01,23.88,23.61
46.342,2321.6,101.3,81.6,0.0,0.0,3,3900,-1.204,0.325,73.1,69.8,75.3,73.6,23.54,23.01,23.88,23.61
46.357,2322.1,101.5,87.6,0.0,0.0,3,3919,-1.197,0.388,73.1,69.8,75.3,73.6,23.54,23.01,23.88,23.61
46.372,2322.5,101.6,92.4,0.0,0.0,3,3933,-1.208,0.388,73.1,69.8,75.3,73.6,23.54,23.01,23.88,23.61
46.388,2322.9,101.8,99.6,0.0,0.0,3,3956,-1.209,0.441,73.1,69.8,75.3,73.6,23.54,23.01,23.88,23.61
46.402,2323.3,102.0,100.0,0.0,0.0,3,3971,-1.232,0.474,73.1,69.8,75.3,73.6,23.54,23.01,23.88,23.61
46.418,2323.8,102.2,100.0,0.0,0.0,3,3986,-1.17,0.453,73.1,69.8,75.3,73.5,23.54,23.01,23.88,23.61
46.433,2324.2,102.4,100.0,0.0,0.0,3,3994,-1.168,0.475,73.1,69.8,75.3,73.5,23.54,23.01,23.88,23.61
46.449,2324.7,102.7,100.0,0.0,0.0,3,3999,-1.172,0.474,73.1,69.8,75.3,73.5,23.54,23.0,23.88,23.61
46.464,2325.1,102.9,100.0,0.0,0.0,3,4000,-1.17,0.513,73.1,69.8,75.3,73.5,23.54,23.0,23.88,23.6
46.48,2325.6,103.1,100.0,0.0,0.0,3,4001,-1.184,0.451,73.1,69.8,75.3,73.5,23.54,23.0,23.88,23.6
46.496,2326.0,103.4,100.0,0.0,0.0,3,4005,-1.174,0.495,73.1,69.8,75.2,73.5,23.54,23.0,23.88,23.6
46.512,2326.5,103.6,100.0,0.0,0.0,3,4005,-1.211,0.467,73.1,69.8,75.2,73.5,23.54,23.0,23.88,23.6
46.527,2326.9,103.8,100.0,0.0,-0.01,3,4013,-1.183,0.471,73.1,69.7,75.2,73.5,23.54,23.0,23.88,23.6
46.543,2327.4,104.1,100.0,0.0,-0.02,3,4011,-1.132,0.511,73.1,69.7,75.2,73.5,23.54,23.0,23.88,23.6
46.559,2327.8,104.3,100.0,0.0,-0.03,3,4015,-1.082,0.494,73.1,69.7,75.2,73.5,23.53,23.0,23.88,23.6
46.574,2328.3,104.6,100.0,0.0,-0.04,3,4013,-1.071,0.497,73.1,69.7,75.2,73.5,23.53,23.0,23.88,23.6
46.59,2328.7,104.8,100.0,0.0,-0.05,3,4008,-1.024,0.509,73.1,69.7,75.2,73.5,23.53,23.0,23.88,23.6
46.605,2329.2,105.1,100.0,0.0,-0.06,3,4001,-0.987,0.522,73.1,69.7,75.2,73.5,23.53,22.99,23.88,23.6
46.621,2329.6,105.3,100.0,0.0,-0.07,3,3999,-0.922,0.505,73.1,69.7,75.2,73.5,23.53,22.99,23.88,23.59
46.637,2330.1,105.6,100.0,0.0,-0.08,3,4006,-0.79,0.461,73.1,69.7,75.2,73.5,23.53,22.99,23.88,23.59
46.653,2330.6,105.8,100.0,0.0,-0.09,3,4013,-0.687,0.494,73.1,69.7,75.2,73.5,23.53,22.99,23.88,23.59
46.669,2331.0,106.1,100.0,0.0,-0.05,3,4015,-0.615,0.5,73.1,69.7,75.2,73.5,23.53,22.99,23.87,23.59
46.684,2331.5,106.4,100.0,0.0,0.0,3,4013,-0.732,0.517,73.1,69.7,75.2,73.4,23.53,22.99,23.87,23.59
46.7,2332.0,106.7,100.0,0.0,0.0,3,4015,-0.742,0.503,73.1,69.7,75.2,73.4,23.53,22.99,23.87,23.59
46.716,2332.4,106.9,100.0,0.0,0.0,3,4021,-0.637,0.508,73.1,69.7,75.2,73.4,23.53,22.99,23.87,23.59
46.732,2332.9,107.2,100.0,0.0,0.0,3,4026,-0.55,0.491,73.0,69.7,75.2,73.4,23.53,22.99,23.87,23.59
46.747,2333.4,107.5,100.0,0.0,0.0,3,4037,-0.471,0.509,73.0,69.7,75.2,73.4,23.53,22.99,23.87,23.59
46.763,2333.9,107.8,100.0,0.0,0.0,3,4046,-0.396,0.483,73.0,69.7,75.2,73.4,23.53,22.99,23.87,23.59
46.779,2334.3,108.0,100.0,0.0,0.0,3,4053,-0.344,0.501,73.0,69.7,75.2,73.4,23.53,22.98,23.87,23.59
46.794,2334.8,108.3,100.0,0.0,0.0,3,4059,-0.284,0.508,73.0,69.6,75.2,73.4,23.53,22.98,23.87,23.58
46.81,2335.3,108.6,100.0,0.0,0.0,3,4070,-0.233,0.488,73.0,69.6,75.2,73.4,23.52,22.98,23.87,23.58
46.826,2335.7,108.9,100.0,0.0,0.0,3,4072,-0.229,0.528,73.0,69.6,75.2,73.4,23.52,22.98,23.87,23.58
46.841,2336.2,109.1,100.0,0.0,0.0,3,4085,-0.133,0.5,73.0,69.6,75.2,73.4,23.52,22.98,23.87,23.58
46.857,2336.7,109.4,100.0,0.0,-0.01,3,4101,-0.131,0.485,73.0,69.6,75.2,73.4,23.52,22.98,23.87,23.58
46.872,2337.1,109.6,100.0,0.0,-0.02,3,4110,-0.058,0.513,73.0,69.6,75.2,73.4,23.52,22.98,23.87,23.58
46.888,2337.6,109.9,100.0,0.0,-0.03,3,4122,-0.023,0.508,73.0,69.6,75.2,73.4,23.52,22.98,23.87,23.58
46.904,2338.1,110.2,100.0,0.0,-0.04,3,4133,0.024,0.478,73.0,69.6,75.2,73.4,23.52,22.98,23.87,23.58
46.919,2338.6,110.5,100.0,0.0,-0.05,3,4140,0.098,0.481,73.0,69.6,75.2,73.4,23.52,22.98,23.87,23.58
46.935,2339.1,110.7,100.0,0.0,-0.06,3,4156,0.151,0.471,73.0,69.6,75.2,73.4,23.52,22.98,23.87,23.58
46.951,2339.6,111.0,100.0,0.0,-0.07,3,4171,0.198,0.489,73.0,69.6,75.2,73.4,23.52,22.97,23.86,23.58
46.966,2340.0,111.3,100.0,0.0,-0.08,3,4186,0.255,0.499,73.0,69.6,75.1,73.3,23.52,22.97,23.86,23.58
46.982,2340.5,111.6,100.0,0.0,-0.09,3,4193,0.313,0.501,73.0,69.6,75.1,73.3,23.52,22.97,23.86,23.58
46.997,2341.0,111.8,100.0,0.0,-0.09,3,4197,0.358,0.503,73.0,69.6,75.1,73.3,23.52,22.97,23.86,23.57
47.013,2341.5,112.1,100.0,0.0,-0.1,3,4207,0.403,0.48,73.0,69.6,75.1,73.3,23.51,22.97,23.86,23.57
47.029,2342.0,112.4,100.0,0.0,-0.12,3,4214,0.493,0.511,73.0,69.6,75.1,73.3,23.51,22.97,23.86,23.57
47.044,2342.5,112.7,100.0,0.0,-0.12,3,4222,0.502,0.481,73.0,69.6,75.1,73.3,23.51,22.97,23.86,23.57
47.06,2342.9,112.9,100.0,0.0,-0.13,3,4233,0.572,0.446,73.0,69.6,75.1,73.3,23.51,22.97,23.86,23.57
47.075,2343.4,113.2,100.0,0.0,-0.14,3,4251,0.648,0.466,72.9,69.6,75.1,73.3,23.51,22.97,23.86,23.57
47.09,2343.9,113.4,100.0,0.0,-0.15,3,4263,0.693,0.442,72.9,69.6,75.1,73.3,23.51,22.97,23.86,23.57
47.106,2344.4,113.7,100.0,0.0,-0.16,3,4274,0.719,0.452,72.9,69.5,75.1,73.3,23.51,22.97,23.86,23.57
47.121,2344.9,113.9,100.0,0.0,-0.17,3,4288,0.771,0.456,72.9,69.5,75.1,73.3,23.51,22.97,23.86,23.57
47.137,2345.4,114.2,100.0,0.0,-0.18,3,4299,0.786,0.48,72.9,69.5,75.1,73.3,23.51,22.97,23.86,23.57
47.152,2345.9,114.4,0.0,0.0,-0.19,3,4204,0.848,0.453,72.9,69.5,75.1,73.3,23.51,22.97,23.86,23.57
47.167,2346.4,114.5,0.0,0.0,-0.2,3,4139,0.944,-0.124,72.9,69.5,75.1,73.3,23.51,22.96,23.86,23.57
47.184,2346.9,114.4,0.0,0.0,-0.21,3,4158,0.968,-0.173,72.9,69.5,75.1,73.3,23.51,22.96,23.86,23.57
47.199,2347.4,114.3,0.0,0.0,-0.22,3,4150,1.039,-0.135,72.9,69.5,75.1,73.3,23.51,22.96,23.85,23.56
47.215,2347.9,114.2,0.0,0.0,-0.22,3,4148,1.117,-0.157,72.9,69.5,75.1,73.3,23.5,22.96,23.85,23.56
47.229,2348.3,114.1,0.0,0.0,-0.23,3,4145,1.168,-0.184,72.9,69.5,75.1,73.3,23.5,22.96,23.85,23.56
47.245,2348.8,114.0,0.0,0.0,-0.24,3,4143,1.18,-0.172,72.9,69.5,75.1,73.3,23.5,22.96,23.85,23.56
47.26,2349.3,113.9,0.0,0.0,-0.25,3,4141,1.257,-0.169,72.9,69.5,75.1,73.3,23.5,22.96,23.85,23.56
47.276,2349.8,113.8,0.0,0.0,-0.26,3,4137,1.342,-0.169,72.9,69.5,75.1,73.3,23.5,22.96,23.85,23.56
47.292,2350.3,113.7,0.0,0.0,-0.27,3,4133,1.406,-0.199,72.9,69.5,75.1,73.3,23.5,22.96,23.85,23.56
47.307,2350.8,113.6,0.0,0.0,-0.28,3,4130,1.498,-0.211,72.9,69.5,75.1,73.2,23.5,22.96,23.85,23.56
47.324,2351.3,113.4,0.0,0.0,-0.29,3,4125,1.464,-0.198,72.9,69.5,75.1,73.2,23.5,22.96,23.85,23.56
47.339,2351.8,113.3,0.0,0.0,-0.3,3,4120,1.464,-0.176,72.9,69.5,75.0,73.2,23.5,22.96,23.85,23.56
47.354,2352.3,113.2,0.0,0.0,-0.31,3,4116,1.547,-0.205,72.9,69.5,75.0,73.2,23.5,22.96,23.85,23.56
47.37,2352.8,113.1,0.0,0.0,-0.32,3,4110,1.54,-0.193,72.9,69.5,75.0,73.2,23.5,22.96,23.85,23.56
47.385,2353.2,113.0,0.0,0.0,-0.33,3,4106,1.639,-0.203,72.8,69.5,75.0,73.2,23.5,22.96,23.85,23.56
47.401,2353.7,112.8,0.0,0.0,-0.34,3,4099,1.62,-0.215,72.8,69.5,75.0,73.2,23.49,22.96,23.84,23.56
47.417,2354.2,112.7,0.0,0.0,-0.35,3,4094,1.554,-0.205,72.8,69.5,75.0,73.2,23.49,22.96,23.84,23.56
47.432,2354.7,112.5,0.0,0.0,-0.36,3,4089,1.652,-0.226,72.8,69.5,75.0,73.2,23.49,22.96,23.84,23.55
47.448,2355.2,112.4,0.0,0.0,-0.36,3,4081,1.637,-0.219,72.8,69.5,75.0,73.2,23.49,22.96,23.84,23.55
47.464,2355.7,112.2,0.0,0.0,-0.38,3,4075,1.607,-0.222,72.8,69.5,75.0,73.2,23.49,22.96,23.84,23.55
47.479,2356.2,112.1,0.0,0.0,-0.39,3,4069,1.59,-0.187,72.8,69.5,75.0,73.2,23.49,22.95,23.84,23.55
47.494,2356.6,111.9,0.0,0.0,-0.39,3,4061,1.586,-0.214,72.8,69.5,75.0,73.2,23.49,22.95,23.84,23.55
47.51,2357.1,111.8,0.0,0.0,-0.35,3,4056,1.652,-0.228,72.8,69.5,75.0,73.2,23.49,22.95,23.84,23.55
47.525,2357.6,111.6,0.0,0.0,-0.3,3,4049,1.685,-0.226,72.8,69.5,75.0,73.2,23.49,22.95,23.84,23.55
47.541,2358.1,111.4,0.0,0.0,-0.25,3,4043,1.682,-0.197,72.8,69.5,75.0,73.2,23.49,22.95,23.84,23.55
47.556,2358.6,111.3,0.0,0.0,-0.21,3,4037,1.69,-0.211,72.8,69.5,75.0,73.2,23.49,22.95,23.84,23.55
47.572,2359.0,111.1,0.0,0.0,-0.15,3,4032,1.628,-0.174,72.8,69.5,75.0,73.2,23.49,22.95,23.84,23.55
47.587,2359.5,111.0,0.0,0.0,-0.1,3,4026,1.631,-0.151,72.8,69.4,75.0,73.2,23.49,22.95,23.83,23.55
47.604,2360.0,110.9,0.0,0.0,-0.05,3,4021,1.551,-0.157,72.8,69.4,75.0,73.2,23.48,22.95,23.83,23.55
47.619,2360.5,110.7,0.0,0.0,-0.01,3,4016,1.525,-0.126,72.8,69.4,75.0,73.2,23.48,22.95,23.83,23.55
47.635,2361.0,110.6,0.0,0.0,0.0,3,4009,1.458,-0.117,72.8,69.4,75.0,73.2,23.48,22.95,23.83,23.55
47.651,2361.5,110.5,0.0,0.0,0.0,3,4005,1.487,-0.142,72.8,69.4,74.9,73.2,23.48,22.95,23.83,23.55
47.666,2361.9,110.4,0.0,0.0,0.0,3,4000,1.496,-0.113,72.8,69.4,74.9,73.2,23.48,22.95,23.83,23.55
47.682,2362.4,110.3,0.0,0.0,-0.0,3,3996,1.501,-0.134,72.8,69.4,74.9,73.2,23.48,22.95,23.83,23.55
47.698,2362.9,110.1,0.0,0.0,-0.01,3,3993,1.478,-0.11,72.7,69.4,74.9,73.2,23.48,22.95,23.83,23.54
47.714,2363.4,110.0,0.0,0.0,-0.02,3,3990,1.483,-0.111,72.7,69.4,74.9,73.2,23.48,22.95,23.83,23.54
47.729,2363.9,109.9,0.0,0.0,-0.03,3,3987,1.501,-0.153,72.7,69.4,74.9,73.1,23.48,22.95,23.83,23.54
47.744,2364.3,109.8,0.0,0.0,-0.04,3,3985,1.451,-0.139,72.7,69.4,74.9,73.1,23.48,22.95,23.83,23.54
47.76,2364.8,109.7,0.0,0.0,-0.05,3,3982,1.449,-0.121,72.7,69.4,74.9,73.1,23.48,22.95,23.83,23.54
47.776,2365.3,109.6,0.0,0.0,-0.06,3,3979,1.48,-0.123,72.7,69.4,74.9,73.1,23.48,22.95,23.83,23.54
47.791,2365.7,109.5,0.0,0.0,-0.07,3,3975,1.439,-0.14,72.7,69.4,74.9,73.1,23.47,22.95,23.82,23.54
47.806,2366.2,109.4,0.0,0.0,-0.08,3,3973,1.361,-0.132,72.7,69.4,74.9,73.1,23.47,22.94,23.82,23.54
47.822,2366.7,109.3,0.0,0.0,-0.09,3,3971,1.37,-0.141,72.7,69.4,74.9,73.1,23.47,22.94,23.82,23.54
47.838,2367.2,109.2,0.0,0.0,-0.1,3,3967,1.337,-0.135,72.7,69.4,74.9,73.1,23.47,22.94,23.82,23.54
47.854,2367.7,109.1,0.0,0.0,-0.11,3,3964,1.364,-0.174,72.7,69.4,74.9,73.1,23.47,22.94,23.82,23.54
47.869,2368.1,109.0,0.0,0.0,-0.12,3,3962,1.367,-0.14,72.7,69.4,74.9,73.1,23.47,22.94,23.82,23.54
47.884,2368.6,108.9,0.0,0.0,-0.13,3,3961,1.297,-0.171,72.7,69.4,74.9,73.1,23.47,22.94,23.82,23.54
47.899,2369.0,108.8,0.0,0.0,-0.14,3,3960,1.451,-0.167,72.7,69.4,74.9,73.1,23.47,22.94,23.82,23.54
47.915,2369.5,108.7,0.0,0.0,-0.15,3,3958,1.008,-0.126,72.7,69.4,74.9,73.1,23.47,22.94,23.82,23.54
47.931,2370.0,108.6,0.0,0.0,-0.16,3,3956,1.269,-0.135,72.7,69.4,74.9,73.1,23.47,22.94,23.82,23.54
47.946,2370.4,108.5,0.0,0.0,-0.17,3,3952,1.326,-0.157,72.7,69.4,74.9,73.1,23.47,22.94,23.82,23.54
47.962,2370.9,108.4,0.0,0.0,-0.18,3,3949,1.274,-0.158,72.7,69.4,74.9,73.1,23.47,22.94,23.82,23.54
47.977,2371.4,108.3,0.0,0.0,-0.19,3,3946,1.257,-0.152,72.7,69.4,74.8,73.1,23.47,22.94,23.82,23.53
47.992,2371.8,108.2,0.0,0.0,-0.2,3,3942,1.228,-0.159,72.7,69.4,74.8,73.1,23.46,22.94,23.81,23.53
48.008,2372.3,108.1,0.0,0.0,-0.21,3,3937,1.289,-0.142,72.6,69.4,74.8,73.1,23.46,22.94,23.81,23.53
48.024,2372.8,108.0,0.0,0.0,-0.22,3,3934,1.326,-0.175,72.6,69.4,74.8,73.1,23.46,22.94,23.81,23.53
48.04,2373.3,108.0,0.0,0.0,-0.23,3,3931,1.357,-0.2,72.6,69.4,74.8,73.1,23.46,22.94,23.81,23.53
48.055,2373.7,107.8,0.0,0.0,-0.24,3,3914,1.377,-0.131,72.6,69.4,74.8,73.1,23.46,22.94,23.81,23.53
48.071,2374.2,107.8,0.0,0.0,-0.25,3,3910,1.221,-0.164,72.6,69.4,74.8,73.1,23.46,22.94,23.81,23.53
48.087,2374.7,107.7,0.0,0.0,-0.26,3,3914,1.412,-0.187,72.6,69.4,74.8,73.1,23.46,22.94,23.81,23.53
48.102,2375.1,107.5,0.0,0.0,-0.27,3,3914,1.458,-0.178,72.6,69.3,74.8,73.1,23.46,22.94,23.81,23.53
48.118,2375.6,107.4,0.0,0.0,-0.28,3,3907,1.465,-0.164,72.6,69.3,74.8,73.1,23.46,22.94,23.81,23.53
48.134,2376.1,107.3,0.0,0.0,-0.29,3,3903,1.462,-0.166,72.6,69.3,74.8,73.1,23.46,22.94,23.81,23.53
48.149,2376.5,107.2,0.0,0.0,-0.3,3,3899,1.466,-0.213,72.6,69.3,74.8,73.1,23.46,22.93,23.81,23.53
48.164,2377.0,107.1,0.0,0.0,-0.31,3,3896,1.624,-0.218,72.6,69.3,74.8,73.1,23.46,22.93,23.81,23.53
48.18,2377.4,107.0,0.0,0.0,-0.32,3,3890,1.528,-0.192,72.6,69.3,74.8,73.1,23.45,22.93,23.81,23.53
48.195,2377.9,106.8,0.0,0.0,-0.33,3,3887,1.517,-0.196,72.6,69.3,74.8,73.0,23.45,22.93,23.8,23.53
48.211,2378.4,106.7,0.0,0.0,-0.34,3,3880,1.526,-0.187,72.6,69.3,74.8,73.0,23.45,22.93,23.8,23.53
48.227,2378.8,106.6,1.2,0.0,-0.35,3,3876,1.639,-0.199,72.6,69.3,74.8,73.0,23.45,22.93,23.8,23.53
48.243,2379.3,106.5,7.2,0.0,-0.36,3,3879,1.534,-0.181,72.6,69.3,74.8,73.0,23.45,22.93,23.8,23.53
48.258,2379.8,106.3,13.2,0.0,-0.37,3,3887,1.581,-0.171,72.6,69.3,74.8,73.0,23.45,22.93,23.8,23.53
48.273,2380.2,106.2,19.2,0.0,-0.38,3,3901,1.618,-0.156,72.6,69.3,74.8,73.0,23.45,22.93,23.8,23.53
48.29,2380.7,106.1,26.4,0.0,-0.38,3,3914,1.647,-0.122,72.6,69.3,74.7,73.0,23.45,22.93,23.8,23.53
48.305,2381.1,106.0,32.4,0.0,-0.33,3,3941,1.494,-0.139,72.6,69.3,74.7,73.0,23.45,22.93,23.8,23.52
48.32,2381.6,105.9,38.4,0.0,-0.28,3,3983,1.552,-0.046,72.5,69.3,74.7,73.0,23.45,22.93,23.8,23.52
48.336,2382.1,105.9,44.4,0.0,-0.24,3,3977,1.662,0.066,72.5,69.3,74.7,73.0,23.45,22.93,23.8,23.52
48.352,2382.5,106.0,51.6,0.0,-0.18,3,3983,1.596,0.1,72.5,69.3,74.7,73.0,23.45,22.93,23.8,23.52
48.367,2383.0,106.0,57.6,0.0,-0.13,3,4000,1.509,0.136,72.5,69.3,74.7,73.0,23.44,22.93,23.8,23.52
48.382,2383.4,106.1,63.6,0.0,-0.09,3,4003,1.507,0.204,72.5,69.3,74.7,73.0,23.44,22.93,23.8,23.52
48.398,2383.9,106.2,69.6,0.0,-0.04,3,4015,1.44,0.274,72.5,69.3,74.7,73.0,23.44,22.93,23.79,23.52
48.413,2384.3,106.3,75.6,0.0,0.0,3,4031,1.393,0.264,72.5,69.3,74.7,73.0,23.44,22.93,23.79,23.52
48.43,2384.8,106.4,81.6,0.0,-0.01,3,4051,1.27,0.323,72.5,69.3,74.7,73.0,23.44,22.93,23.79,23.52
48.446,2385.3,106.6,88.8,0.0,-0.02,3,4072,1.255,0.4,72.5,69.3,74.7,73.0,23.44,22.93,23.79,23.52
48.461,2385.8,106.8,94.8,0.0,-0.03,3,4090,1.295,0.43,72.5,69.3,74.7,73.0,23.44,22.93,23.79,23.52
48.477,2386.2,107.0,100.0,0.0,-0.04,3,4104,1.338,0.483,72.5,69.3,74.7,73.0,23.44,22.93,23.79,23.52
48.492,2386.7,107.2,100.0,0.0,-0.05,3,4114,1.319,0.472,72.5,69.3,74.7,73.0,23.44,22.93,23.79,23.52
48.508,2387.1,107.5,100.0,0.0,-0.06,3,4114,1.368,0.475,72.5,69.3,74.7,73.0,23.44,22.93,23.79,23.52
48.524,2387.6,107.7,100.0,0.0,-0.07,3,4122,1.357,0.488,72.5,69.3,74.7,73.0,23.44,22.93,23.79,23.52
48.539,2388.1,107.9,100.0,0.0,-0.08,3,4123,1.382,0.485,72.5,69.3,74.7,73.0,23.44,22.93,23.79,23.52
48.554,2388.5,108.1,100.0,0.0,-0.09,3,4124,1.376,0.479,72.5,69.3,74.7,73.0,23.44,22.93,23.79,23.52
48.57,2389.0,108.4,100.0,0.0,-0.1,3,4129,1.388,0.499,72.5,69.3,74.7,73.0,23.43,22.93,23.79,23.52
48.585,2389.4,108.6,100.0,0.0,-0.11,3,4136,1.329,0.461,72.5,69.3,74.7,73.0,23.43,22.93,23.79,23.52
48.601,2389.9,108.8,100.0,0.0,-0.12,3,4139,1.32,0.504,72.5,69.3,74.7,73.0,23.43,22.92,23.79,23.52
48.616,2390.4,109.1,100.0,0.0,-0.13,3,4140,1.305,0.484,72.5,69.3,74.7,73.0,23.43,22.92,23.78,23.52
48.631,2390.9,109.3,100.0,0.0,-0.14,3,4147,1.286,0.483,72.4,69.3,74.6,73.0,23.43,22.92,23.78,23.52
48.647,2391.3,109.6,100.0,0.0,-0.15,3,4153,1.311,0.476,72.4,69.3,74.6,73.0,23.43,22.92,23.78,23.52
48.662,2391.8,109.8,100.0,0.0,-0.16,3,4162,1.287,0.459,72.4,69.3,74.6,73.0,23.43,22.92,23.78,23.52
48.678,2392.3,110.0,100.0,0.0,-0.17,3,4174,1.279,0.456,72.4,69.3,74.6,73.0,23.43,22.92,23.78,23.52
48.694,2392.8,110.2,100.0,0.0,-0.18,3,4187,1.258,0.452,72.4,69.3,74.6,73.0,23.43,22.92,23.78,23.52
48.71,2393.3,110.5,100.0,0.0,-0.18,3,4196,1.217,0.467,72.4,69.3,74.6,73.0,23.43,22.92,23.78,23.51
48.726,2393.7,110.7,100.0,0.0,-0.13,3,4199,1.254,0.466,72.4,69.3,74.6,73.0,23.43,22.92,23.78,23.51
48.742,2394.2,111.0,100.0,0.0,-0.08,3,4206,1.212,0.459,72.4,69.3,74.6,73.0,23.43,22.92,23.78,23.51
48.757,2394.7,111.3,100.0,0.0,-0.03,3,4218,1.067,0.52,72.4,69.3,74.6,73.0,23.42,22.92,23.78,23.51
48.773,2395.2,111.5,100.0,0.0,0.0,3,4226,0.91,0.495,72.4,69.3,74.6,73.0,23.42,22.92,23.78,23.51
48.788,2395.7,111.8,100.0,0.0,0.0,3,4223,0.875,0.532,72.4,69.2,74.6,73.0,23.42,22.92,23.78,23.51
48.803,2396.2,112.0,100.0,0.0,-0.01,3,4232,0.889,0.506,72.4,69.2,74.6,73.0,23.42,22.92,23.78,23.51
48.819,2396.6,112.3,100.0,0.0,-0.02,3,4238,0.861,0.517,72.4,69.2,74.6,72.9,23.42,22.92,23.78,23.51
48.834,2397.1,112.5,100.0,0.0,-0.03,3,4236,0.885,0.483,72.4,69.2,74.6,72.9,23.42,22.92,23.77,23.51
48.85,2397.6,112.8,100.0,0.0,-0.04,3,4242,0.88,0.534,72.4,69.2,74.6,72.9,23.42,22.92,23.77,23.51
48.865,2398.1,113.1,100.0,0.0,-0.05,3,4248,0.842,0.49,72.4,69.2,74.6,72.9,23.42,22.92,23.77,23.51
48.881,2398.6,113.4,100.0,0.0,-0.06,3,4247,0.829,0.478,72.4,69.2,74.6,72.9,23.42,22.92,23.77,23.51
48.896,2399.1,113.6,100.0,0.0,-0.07,3,4260,0.819,0.498,72.4,69.2,74.6,72.9,23.42,22.92,23.77,23.51
48.912,2399.6,113.9,100.0,0.0,-0.07,3,4273,0.783,0.48,72.4,69.2,74.6,72.9,23.42,22.92,23.77,23.51
48.927,2400.0,114.1,100.0,0.0,-0.08,3,4284,0.76,0.509,72.4,69.2,74.6,72.9,23.42,22.92,23.77,23.51
48.942,2400.5,114.4,100.0,0.0,-0.09,3,4295,0.721,0.468,72.3,69.2,74.6,72.9,23.42,22.92,23.77,23.51
48.957,2401.0,114.6,100.0,0.0,-0.1,3,4298,0.765,0.479,72.3,69.2,74.6,72.9,23.41,22.92,23.77,23.51
48.973,2401.5,114.9,100.0,0.0,-0.11,3,4302,0.797,0.511,72.3,69.2,74.6,72.9,23.41,22.91,23.77,23.51
48.988,2402.0,115.2,100.0,0.0,-0.12,3,4317,0.795,0.499,72.3,69.2,74.6,72.9,23.41,22.91,23.77,23.51
49.004,2402.5,115.4,100.0,0.0,-0.13,3,4337,0.823,0.428,72.3,69.2,74.6,72.9,23.41,22.91,23.77,23.51
49.019,2403.0,115.7,100.0,0.0,-0.14,3,4352,0.804,0.475,72.3,69.2,74.5,72.9,23.41,22.91,23.77,23.51
49.035,2403.5,115.9,100.0,0.0,-0.15,3,4358,0.832,0.499,72.3,69.2,74.5,72.9,23.41,22.91,23.77,23.51
49.051,2404.0,116.2,100.0,0.0,-0.16,3,4363,0.857,0.449,72.3,69.2,74.5,72.9,23.41,22.91,23.77,23.51
49.067,2404.5,116.5,100.0,0.0,-0.12,3,4380,0.852,0.46,72.3,69.2,74.5,72.9,23.41,22.91,23.77,23.51
49.082,2405.0,116.7,100.0,0.0,-0.07,3,4381,0.809,0.475,72.3,69.2,74.5,72.9,23.41,22.91,23.76,23.5
49.098,2405.5,117.0,100.0,0.0,-0.03,3,4393,0.7,0.468,72.3,69.2,74.5,72.9,23.41,22.91,23.76,23.5
49.114,2406.0,117.2,100.0,0.0,0.0,3,4405,0.538,0.476,72.3,69.2,74.5,72.9,23.41,22.91,23.76,23.5
49.129,2406.5,117.5,100.0,0.0,0.0,3,4419,0.464,0.464,72.3,69.2,74.5,72.9,23.41,22.91,23.76,23.5
49.144,2407.0,117.8,100.0,0.0,0.0,3,4434,0.474,0.523,72.3,69.2,74.5,72.9,23.41,22.91,23.76,23.5
49.16,2407.6,118.0,100.0,0.0,0.0,3,4445,0.468,0.471,72.3,69.2,74.5,72.9,23.4,22.91,23.76,23.5
49.175,2408.1,118.3,100.0,0.0,-0.01,3,4454,0.491,0.501,72.3,69.2,74.5,72.9,23.4,22.91,23.76,23.5
49.191,2408.6,118.6,100.0,0.0,-0.02,3,4459,0.469,0.491,72.3,69.2,74.5,72.9,23.4,22.91,23.76,23.5
49.207,2409.1,118.9,100.0,0.0,-0.03,3,4460,0.503,0.531,72.3,69.2,74.5,72.9,23.4,22.91,23.76,23.5
49.222,2409.6,119.2,100.0,0.0,-0.03,3,4465,0.506,0.485,72.3,69.2,74.5,72.9,23.4,22.91,23.76,23.5
49.237,2410.1,119.4,100.0,0.0,-0.04,3,4474,0.509,0.497,72.3,69.2,74.5,72.9,23.4,22.91,23.76,23.5
49.253,2410.7,119.7,100.0,0.0,-0.05,3,4483,0.5,0.508,72.2,69.2,74.5,72.9,23.4,22.91,23.76,23.5
49.269,2411.2,119.9,100.0,0.0,-0.06,3,4496,0.485,0.478,72.2,69.2,74.5,72.9,23.4,22.91,23.76,23.5
49.284,2411.7,120.2,100.0,0.0,-0.07,3,4514,0.516,0.488,72.2,69.2,74.5,72.9,23.4,22.91,23.76,23.5
49.3,2412.2,120.5,100.0,0.0,-0.08,3,4529,0.572,0.466,72.2,69.2,74.5,72.9,23.4,22.9,23.76,23.5
49.315,2412.7,120.8,100.0,0.0,-0.09,3,4536,0.61,0.511,72.2,69.2,74.5,72.9,23.4,22.9,23.76,23.5
49.331,2413.3,121.0,100.0,0.0,-0.09,3,4545,0.609,0.461,72.2,69.1,74.5,72.9,23.4,22.9,23.76,23.5
49.346,2413.8,121.3,100.0,0.0,-0.1,3,4558,0.605,0.478,72.2,69.1,74.5,72.9,23.4,22.9,23.75,23.5
49.362,2414.3,121.5,100.0,0.0,-0.11,3,4569,0.658,0.47,72.2,69.1,74.5,72.9,23.39,22.9,23.75,23.5
49.377,2414.8,121.8,100.0,0.0,-0.12,3,4573,0.659,0.518,72.2,69.1,74.5,72.9,23.39,22.9,23.75,23.5
49.393,2415.3,122.1,100.0,0.0,-0.13,3,4579,0.7,0.497,72.2,69.1,74.5,72.9,23.39,22.9,23.75,23.5
49.408,2415.9,122.3,100.0,0.0,-0.14,3,4589,0.74,0.481,72.2,69.1,74.5,72.8,23.39,22.9,23.75,23.5
49.423,2416.4,122.6,100.0,0.0,-0.14,3,4602,0.807,0.479,72.2,69.1,74.4,72.8,23.39,22.9,23.75,23.5
49.439,2416.9,122.8,100.0,0.0,-0.15,3,4614,0.873,0.468,72.2,69.1,74.4,72.8,23.39,22.9,23.75,23.5
49.455,2417.5,123.1,100.0,0.0,-0.16,3,4634,0.868,0.437,72.2,69.1,74.4,72.8,23.39,22.9,23.75,23.49
49.471,2418.0,123.3,100.0,0.0,-0.17,3,4656,0.898,0.427,72.2,69.1,74.4,72.8,23.39,22.9,23.75,23.49
49.487,2418.5,123.6,100.0,0.0,-0.18,3,4666,0.938,0.455,72.2,69.1,74.4,72.8,23.39,22.9,23.75,23.49
49.503,2419.1,123.8,100.0,0.0,-0.19,3,4675,0.979,0.461,72.2,69.1,74.4,72.8,23.39,22.9,23.75,23.49
49.519,2419.6,124.1,100.0,0.0,-0.19,3,4685,1.048,0.488,72.2,69.1,74.4,72.8,23.39,22.9,23.75,23.49
49.535,2420.2,124.3,100.0,0.0,-0.2,3,4702,1.106,0.441,72.2,69.1,74.4,72.8,23.39,22.9,23.75,23.49
49.55,2420.7,124.6,100.0,0.0,-0.21,3,4717,1.202,0.46,72.2,69.1,74.4,72.8,23.38,22.9,23.75,23.49
49.566,2421.3,124.8,100.0,0.0,-0.22,3,4736,1.196,0.435,72.1,69.1,74.4,72.8,23.38,22.9,23.75,23.49
49.582,2421.8,125.0,100.0,0.0,-0.23,3,4755,1.181,0.46,72.1,69.1,74.4,72.8,23.38,22.9,23.74,23.49
49.597,2422.4,125.3,100.0,0.0,-0.24,3,4766,1.215,0.444,72.1,69.1,74.4,72.8,23.38,22.9,23.74,23.49
49.613,2422.9,125.5,100.0,0.0,-0.24,3,4771,1.244,0.468,72.1,69.1,74.4,72.8,23.38,22.9,23.74,23.49
49.629,2423.5,125.7,100.0,0.0,-0.25,3,4773,1.264,0.482,72.1,69.1,74.4,72.8,23.38,22.9,23.74,23.49
49.644,2424.0,125.9,100.0,0.0,-0.26,3,4785,1.279,0.441,72.1,69.1,74.4,72.8,23.38,22.9,23.74,23.49
49.659,2424.5,126.1,100.0,0.0,-0.27,3,4804,1.346,0.422,72.1,69.1,74.4,72.8,23.38,22.89,23.74,23.49
49.674,2425.1,126.3,100.0,0.0,-0.28,3,4828,1.358,0.379,72.1,69.1,74.4,72.8,23.38,22.89,23.74,23.49
49.69,2425.6,126.6,100.0,0.0,-0.29,3,4857,1.348,0.395,72.1,69.1,74.4,72.8,23.38,22.89,23.74,23.49
49.706,2426.2,126.7,100.0,0.0,-0.29,3,4877,1.338,0.401,72.1,69.1,74.4,72.8,23.38,22.89,23.74,23.49
49.721,2426.7,126.9,100.0,0.0,-0.26,3,4894,1.321,0.426,72.1,69.1,74.4,72.8,23.38,22.89,23.74,23.49
49.736,2427.2,127.1,100.0,0.0,-0.21,3,4896,1.405,0.467,72.1,69.1,74.4,72.8,23.37,22.89,23.74,23.49
49.752,2427.8,127.3,100.0,0.0,-0.16,3,4896,1.432,0.468,72.1,69.1,74.4,72.8,23.37,22.89,23.74,23.49
49.767,2428.3,127.5,100.0,0.0,-0.11,3,4907,1.449,0.435,72.1,69.1,74.4,72.8,23.37,22.89,23.74,23.49
49.783,2428.9,127.7,100.0,0.0,-0.07,3,4929,1.339,0.443,72.1,69.1,74.4,72.8,23.37,22.89,23.74,23.49
49.798,2429.4,128.0,100.0,0.0,-0.01,3,4954,1.229,0.448,72.1,69.1,74.3,72.8,23.37,22.89,23.74,23.49
49.813,2430.0,128.2,100.0,0.0,0.0,3,4962,1.222,0.506,72.1,69.1,74.3,72.8,23.37,22.89,23.73,23.49
49.829,2430.5,128.4,100.0,0.0,0.0,3,4972,1.228,0.472,72.1,69.1,74.3,72.8,23.37,22.89,23.73,23.49
49.845,2431.1,128.6,100.0,0.0,0.0,3,4976,1.229,0.487,72.1,69.1,74.3,72.8,23.37,22.89,23.73,23.49
49.861,2431.7,128.8,100.0,0.0,0.0,3,4988,1.244,0.476,72.1,69.1,74.3,72.8,23.37,22.89,23.73,23.49
49.877,2432.2,129.1,100.0,0.0,0.0,3,5009,1.256,0.436,72.0,69.1,74.3,72.8,23.37,22.89,23.73,23.49
49.892,2432.8,129.3,100.0,0.0,0.0,3,5021,1.318,0.505,72.0,69.1,74.3,72.8,23.37,22.89,23.73,23.49
49.908,2433.4,129.5,100.0,0.0,0.0,3,5038,1.301,0.456,72.0,69.1,74.3,72.8,23.37,22.89,23.73,23.49
49.923,2433.9,129.7,100.0,0.0,0.0,3,5056,1.278,0.471,72.0,69.1,74.3,72.8,23.37,22.89,23.73,23.49
49.939,2434.5,129.9,100.0,0.0,0.0,3,5071,1.274,0.505,72.0,69.1,74.3,72.8,23.36,22.89,23.73,23.49
49.954,2435.0,130.1,100.0,0.0,0.0,3,5067,1.313,0.524,72.0,69.1,74.3,72.8,23.36,22.89,23.73,23.49
49.97,2435.6,130.4,100.0,0.0,0.0,3,5058,1.344,0.526,72.0,69.1,74.3,72.8,23.36,22.89,23.73,23.49
49.986,2436.2,130.6,100.0,0.0,-0.01,3,5049,1.403,0.52,72.0,69.1,74.3,72.8,23.36,22.89,23.73,23.49
50.001,2436.7,130.8,100.0,0.0,-0.01,3,5052,1.383,0.483,72.0,69.1,74.3,72.8,23.36,22.89,23.73,23.49
50.017,2437.3,131.1,100.0,0.0,-0.02,3,5063,1.361,0.491,72.0,69.1,74.3,72.8,23.36,22.89,23.73,23.49
50.033,2437.9,131.2,100.0,0.0,-0.03,3,5074,1.425,0.463,72.0,69.0,74.3,72.8,23.36,22.89,23.73,23.49
50.048,2438.5,131.4,100.0,0.0,-0.04,3,5087,1.445,0.471,72.0,69.0,74.3,72.8,23.36,22.89,23.72,23.49
50.064,2439.1,131.6,100.0,0.0,-0.04,3,5090,1.475,0.493,72.0,69.0,74.3,72.8,23.36,22.89,23.72,23.49
50.08,2439.6,131.9,100.0,0.0,-0.05,3,5092,1.409,0.493,72.0,69.0,74.3,72.8,23.36,22.89,23.72,23.49
50.096,2440.2,132.1,100.0,0.0,-0.06,3,5098,1.397,0.471,72.0,69.0,74.3,72.8,23.36,22.89,23.72,23.49
50.112,2440.8,132.3,100.0,0.0,-0.01,3,5083,1.472,0.539,72.0,69.0,74.3,72.8,23.35,22.89,23.72,23.49
50.127,2441.4,132.6,100.0,0.0,0.0,3,5073,1.477,0.51,72.0,69.0,74.3,72.8,23.35,22.89,23.72,23.49
50.143,2441.9,132.8,100.0,0.0,0.0,3,5080,1.392,0.49,72.0,69.0,74.3,72.8,23.35,22.89,23.72,23.49
50.159,2442.5,133.0,100.0,0.0,0.0,3,5105,1.301,0.443,72.0,69.0,74.3,72.8,23.35,22.89,23.72,23.49
50.174,2443.1,133.2,100.0,0.0,0.0,3,5115,1.254,0.485,71.9,69.0,74.2,72.8,23.35,22.89,23.72,23.49
50.19,2443.7,133.4,100.0,0.0,0.0,3,5118,1.247,0.49,71.9,69.0,74.2,72.8,23.35,22.89,23.72,23.49
50.205,2444.2,133.7,100.0,0.0,0.0,3,5110,1.285,0.518,71.9,69.0,74.2,72.8,23.35,22.89,23.72,23.49
50.221,2444.8,133.9,100.0,0.0,0.0,3,5112,1.234,0.502,71.9,69.0,74.2,72.8,23.35,22.89,23.72,23.49
50.237,2445.4,134.2,100.0,0.0,0.0,3,5125,1.206,0.463,71.9,69.0,74.2,72.8,23.35,22.89,23.72,23.49
50.252,2446.0,134.4,100.0,0.0,0.0,3,5136,1.171,0.479,71.9,69.0,74.2,72.8,23.35,22.88,23.72,23.49
50.267,2446.6,134.6,100.0,0.0,0.0,3,5131,1.203,0.524,71.9,69.0,74.2,72.8,23.35,22.88,23.72,23.49
50.283,2447.2,134.9,100.0,0.0,0.0,3,5129,1.246,0.498,71.9,69.0,74.2,72.8,23.35,22.88,23.72,23.49
50.299,2447.7,135.1,100.0,0.0,0.0,3,5140,1.233,0.451,71.9,69.0,74.2,72.8,23.34,22.88,23.71,23.49
50.315,2448.3,135.4,100.0,0.0,0.0,3,5145,1.22,0.514,71.9,69.0,74.2,72.8,23.34,22.88,23.71,23.49
50.33,2448.9,135.6,100.0,0.0,0.0,3,5147,1.164,0.503,71.9,69.0,74.2,72.8,23.34,22.88,23.71,23.49
50.345,2449.5,135.8,100.0,0.0,0.0,3,5142,1.151,0.518,71.9,69.0,74.2,72.8,23.34,22.88,23.71,23.49
50.361,2450.1,136.1,100.0,0.0,0.0,3,5126,1.138,0.538,71.9,69.0,74.2,72.8,23.34,22.88,23.71,23.49
50.376,2450.6,136.4,100.0,0.0,0.0,3,5119,1.124,0.501,71.9,69.0,74.2,72.8,23.34,22.88,23.71,23.49
50.391,2451.2,136.6,100.0,0.0,0.0,3,5125,1.023,0.503,71.9,69.0,74.2,72.8,23.34,22.88,23.71,23.49
50.407,2451.8,136.9,100.0,0.0,0.0,3,5130,0.938,0.508,71.9,69.0,74.2,72.8,23.34,22.88,23.71,23.49
50.422,2452.4,137.2,100.0,0.0,0.0,3,5139,0.872,0.471,71.9,69.0,74.2,72.8,23.34,22.88,23.71,23.49
50.437,2453.0,137.3,0.0,0.0,0.0,3,4973,0.84,0.104,71.9,69.0,74.2,72.8,23.34,22.88,23.71,23.49
50.453,2453.6,137.3,0.0,0.0,0.0,3,4981,0.737,-0.188,71.9,69.0,74.2,72.8,23.34,22.88,23.71,23.49
50.469,2454.2,137.2,0.0,0.0,0.0,3,4982,0.656,-0.166,71.9,69.0,74.2,72.8,23.34,22.88,23.71,23.49
50.484,2454.8,137.1,0.0,0.0,0.0,3,4979,0.589,-0.134,71.8,69.0,74.2,72.8,23.34,22.88,23.71,23.49
50.5,2455.4,137.0,0.0,0.0,0.01,3,4978,0.505,-0.126,71.8,69.0,74.2,72.8,23.33,22.88,23.71,23.49
50.515,2456.0,136.9,0.0,0.0,0.02,3,4976,0.375,-0.132,71.8,69.0,74.2,72.8,23.33,22.88,23.71,23.49
50.531,2456.6,136.9,0.0,0.0,0.03,3,4975,0.265,-0.127,71.8,69.0,74.2,72.8,23.33,22.88,23.71,23.49
50.547,2457.2,136.8,0.0,0.0,0.03,3,4974,0.185,-0.138,71.8,69.0,74.2,72.8,23.33,22.88,23.71,23.49
50.563,2457.8,136.7,0.0,0.0,0.04,3,4972,0.064,-0.123,71.8,69.0,74.2,72.8,23.33,22.88,23.71,23.49
50.579,2458.4,136.6,0.0,0.0,0.05,3,4969,-0.024,-0.125,71.8,69.0,74.2,72.8,23.33,22.88,23.71,23.49
50.594,2458.9,136.6,0.0,0.0,0.05,3,4967,-0.096,-0.141,71.8,69.0,74.2,72.8,23.33,22.88,23.71,23.49
50.609,2459.5,136.5,0.0,0.0,0.06,3,4965,-0.202,-0.134,71.8,69.0,74.2,72.8,23.33,22.88,23.71,23.49
50.625,2460.1,136.4,0.0,0.0,0.07,3,4962,-0.282,-0.123,71.8,69.0,74.2,72.8,23.33,22.88,23.7,23.49
50.64,2460.7,136.3,0.0,72.8,0.08,3,4902,-0.371,-0.155,71.8,69.0,74.2,72.8,23.33,22.88,23.7,23.49
50.655,2461.3,135.8,0.0,75.8,0.08,3,4859,-0.331,-1.332,71.8,69.0,74.1,72.8,23.33,22.88,23.7,23.49
50.671,2461.8,134.9,0.0,83.2,0.09,3,4815,-0.417,-1.368,71.8,69.0,74.1,72.8,23.33,22.88,23.7,23.49
50.686,2462.4,134.2,0.0,91.7,0.1,3,4768,-0.475,-1.495,71.8,69.0,74.1,72.8,23.33,22.88,23.7,23.48
50.702,2463.0,133.3,0.0,95.7,0.1,3,4712,-0.478,-1.562,71.8,69.0,74.1,72.8,23.33,22.88,23.7,23.48
50.718,2463.6,132.5,0.0,98.3,0.11,3,4656,-0.562,-1.596,71.8,69.0,74.1,72.8,23.33,22.88,23.7,23.48
50.733,2464.2,131.6,0.0,98.5,0.12,3,4609,-0.573,-1.658,71.8,69.0,74.1,72.8,23.33,22.88,23.7,23.48
50.748,2464.7,130.8,0.0,100.0,0.13,3,4558,-0.608,-1.664,71.8,69.0,74.1,72.8,23.33,22.88,23.7,23.48
50.764,2465.2,129.7,0.0,100.0,0.14,3,4498,-0.725,-1.598,71.8,69.0,74.1,72.8,23.33,22.88,23.7,23.48
50.779,2465.8,128.9,0.0,98.2,0.11,3,4440,-0.731,-1.581,71.8,69.0,74.1,72.8,23.33,22.88,23.7,23.48
50.794,2466.3,128.0,0.0,96.3,0.06,3,4387,-0.639,-1.578,71.8,69.0,74.1,72.8,23.33,22.88,23.7,23.48
50.81,2466.9,127.2,0.0,94.9,0.02,3,4338,-0.535,-1.533,71.8,69.0,74.1,72.8,23.33,22.88,23.7,23.48
50.825,2467.4,126.4,0.0,92.2,0.0,3,4308,-0.478,-1.526,71.8,69.0,74.1,72.8,23.33,22.88,23.7,23.48
50.841,2468.0,125.6,0.0,86.9,0.0,3,4304,-0.5,-1.531,71.8,69.0,74.1,72.8,23.33,22.88,23.7,23.48
50.856,2468.5,124.7,0.0,91.0,0.0,3,4311,-0.539,-1.573,71.8,69.0,74.1,72.7,23.33,22.88,23.7,23.48
50.872,2469.0,123.7,0.0,92.9,0.0,3,4310,-0.61,-1.646,71.8,69.0,74.1,72.7,23.33,22.87,23.7,23.48
50.887,2469.6,122.8,0.0,94.5,0.0,3,4293,-0.61,-1.624,71.8,69.0,74.1,72.7,23.32,22.87,23.7,23.48
50.902,2470.1,121.9,0.0,95.3,0.0,3,4270,-0.659,-1.645,71.8,69.0,74.1,72.7,23.32,22.87,23.7,23.48
50.918,2470.6,121.1,0.0,95.7,0.0,3,4228,-0.621,-1.607,71.8,69.0,74.1,72.7,23.32,22.87,23.69,23.48
50.933,2471.1,120.2,0.0,93.0,0.0,3,4192,-0.688,-1.568,71.8,69.0,74.1,72.7,23.32,22.87,23.69,23.48
50.95,2471.7,119.2,0.0,91.5,0.0,3,4159,-0.714,-1.491,71.8,69.0,74.1,72.7,23.32,22.87,23.69,23.48
50.964,2472.1,118.6,0.0,90.0,0.0,3,4137,-0.676,-1.463,71.8,69.0,74.1,72.7,23.32,22.87,23.69,23.48
50.98,2472.6,117.8,0.0,88.5,0.0,3,4113,-0.656,-1.439,71.8,69.0,74.1,72.7,23.32,22.87,23.69,23.48
50.996,2473.2,116.9,0.0,89.4,0.0,3,4087,-0.62,-1.492,71.8,69.0,74.1,72.7,23.32,22.87,23.69,23.48
51.011,2473.7,116.1,0.0,90.0,0.0,3,4062,-0.568,-1.468,71.8,69.0,74.1,72.7,23.32,22.87,23.69,23.47
51.027,2474.2,115.3,0.0,89.8,0.0,3,4031,-0.562,-1.482,71.8,69.0,74.1,72.7,23.32,22.87,23.69,23.47
51.041,2474.6,114.5,0.0,93.7,0.0,3,4001,-0.533,-1.552,71.8,68.9,74.1,72.7,23.32,22.87,23.69,23.47
51.058,2475.2,113.4,0.0,95.4,0.0,3,3963,-0.466,-1.609,71.8,68.9,74.1,72.7,23.32,22.87,23.69,23.47
51.073,2475.6,112.6,0.0,95.3,0.0,3,3936,-0.454,-1.544,71.8,68.9,74.1,72.7,23.32,22.87,23.69,23.47
51.088,2476.1,111.8,0.0,93.0,0.0,3,3918,-0.422,-1.616,71.8,68.9,74.1,72.7,23.32,22.87,23.69,23.47
51.104,2476.6,110.9,0.0,93.1,0.0,3,3890,-0.427,-1.598,71.7,68.9,74.0,72.7,23.32,22.87,23.69,23.47
51.119,2477.0,110.1,0.0,91.8,0.01,3,3865,-0.435,-1.569,71.7,68.9,74.0,72.7,23.32,22.87,23.69,23.47
51.135,2477.5,109.3,0.0,93.0,0.02,3,3846,-0.449,-1.591,71.7,68.9,74.0,72.7,23.32,22.87,23.69,23.47
51.15,2478.0,108.4,0.0,91.9,0.03,3,3827,-0.442,-1.545,71.7,68.9,74.0,72.7,23.32,22.87,23.69,23.47
51.167,2478.5,107.5,0.0,89.5,0.04,3,3797,-0.415,-1.504,71.7,68.9,74.0,72.7,23.32,22.87,23.69,23.47
51.18,2478.9,106.8,0.0,88.4,0.05,3,3773,-0.403,-1.525,71.7,68.9,74.0,72.7,23.32,22.87,23.68,23.47
51.197,2479.4,105.9,0.0,85.6,0.06,3,3743,-0.398,-1.466,71.7,68.9,74.0,72.7,23.32,22.87,23.68,23.47
51.212,2479.8,105.1,0.0,86.8,0.07,3,3715,-0.475,-1.431,71.7,68.9,74.0,72.7,23.32,22.87,23.68,23.47
51.227,2480.3,104.4,0.0,88.6,0.08,3,3690,-0.474,-1.465,71.7,68.9,74.0,72.7,23.32,22.87,23.68,23.47
51.244,2480.7,103.6,0.0,89.3,0.09,3,3657,-0.466,-1.451,71.7,68.9,74.0,72.7,23.32,22.87,23.68,23.47
51.26,2481.2,102.7,0.0,88.8,0.1,3,3616,-0.508,-1.435,71.7,68.9,74.0,72.7,23.32,22.87,23.68,23.47
51.274,2481.6,101.9,0.0,88.8,0.11,3,3589,-0.52,-1.478,71.7,68.9,74.0,72.7,23.31,22.87,23.68,23.47
51.29,2482.0,101.1,0.0,88.1,0.12,3,3557,-0.498,-1.427,71.7,68.9,74.0,72.7,23.31,22.87,23.68,23.47
51.306,2482.5,100.4,0.0,88.1,0.13,3,3527,-0.535,-1.47,71.7,68.9,74.0,72.7,23.31,22.87,23.68,23.46
51.321,2482.9,99.6,0.0,88.4,0.14,3,3503,-0.6,-1.468,71.7,68.9,74.0,72.7,23.31,22.87,23.68,23.46
51.337,2483.3,98.7,50.0,89.7,0.16,0,3630,-0.592,-1.511,71.7,68.9,74.0,72.6,23.31,22.87,23.68,23.46
51.353,2483.8,97.9,50.0,91.3,0.17,0,3884,-0.659,-1.492,71.7,68.9,74.0,72.6,23.31,22.87,23.68,23.46
51.368,2484.2,97.4,50.0,0.0,0.19,0,4139,-1.001,0.027,71.7,68.9,74.0,72.6,23.31,22.87,23.68,23.46
51.383,2484.6,97.4,43.6,0.0,0.2,0,4380,-0.973,-0.151,71.7,68.9,74.0,72.6,23.31,22.87,23.68,23.46
51.398,2485.0,97.4,30.0,0.0,0.21,0,4548,-1.01,-0.06,71.7,68.9,74.0,72.6,23.31,22.86,23.68,23.46
51.414,2485.4,97.3,16.4,0.0,0.22,0,4634,-1.016,-0.102,71.7,68.9,74.0,72.6,23.31,22.86,23.68,23.46
51.43,2485.9,97.3,0.0,0.0,0.24,0,4630,-1.031,-0.067,71.7,68.9,74.0,72.6,23.31,22.86,23.68,23.46
51.445,2486.3,97.2,0.0,0.0,0.25,0,4596,-1.066,-0.099,71.7,68.9,74.0,72.6,23.31,22.86,23.67,23.46
51.46,2486.7,97.2,0.0,0.0,0.27,0,4545,-1.126,-0.102,71.7,68.9,74.0,72.6,23.31,22.86,23.67,23.46
51.476,2487.1,97.1,0.0,0.0,0.28,0,4504,-1.166,-0.08,71.7,68.9,74.0,72.6,23.31,22.86,23.67,23.46
51.491,2487.5,97.0,0.0,0.0,0.29,2,4465,-1.23,-0.112,71.7,68.9,74.0,72.6,23.31,22.86,23.67,23.46
51.507,2487.9,97.0,0.0,0.0,0.3,2,4482,-1.26,-0.169,71.7,68.9,74.0,72.6,23.31,22.86,23.67,23.46
51.522,2488.3,96.8,0.0,0.0,0.32,2,4467,-1.296,-0.198,71.7,68.9,74.0,72.6,23.31,22.86,23.67,23.46
51.539,2488.8,96.7,0.0,0.0,0.33,2,4425,-1.334,-0.119,71.7,68.9,74.0,72.6,23.31,22.86,23.67,23.46
51.555,2489.2,96.6,0.0,0.0,0.35,2,4532,-1.344,-0.245,71.7,68.9,73.9,72.6,23.31,22.86,23.67,23.46
51.57,2489.6,96.5,0.0,0.0,0.36,2,4403,-1.362,-0.069,71.7,68.9,73.9,72.6,23.31,22.86,23.67,23.46
51.586,2490.1,96.4,0.0,0.0,0.37,2,4537,-1.356,0.031,71.7,68.9,73.9,72.6,23.31,22.86,23.67,23.46
51.602,2490.5,96.4,0.0,0.0,0.39,2,4493,-1.373,-0.119,71.7,68.9,73.9,72.6,23.31,22.86,23.67,23.45
51.618,2490.9,96.3,1.2,0.0,0.4,2,4484,-1.407,-0.191,71.7,68.9,73.9,72.6,23.3,22.86,23.67,23.45
51.633,2491.3,96.2,7.2,0.0,0.41,2,4490,-1.449,-0.186,71.7,68.9,73.9,72.6,23.3,22.86,23.67,23.45
51.649,2491.7,96.1,13.2,0.0,0.43,2,4500,-1.441,-0.141,71.7,68.9,73.9,72.6,23.3,22.86,23.67,23.45
51.665,2492.2,96.0,20.4,0.0,0.44,2,4520,-1.47,-0.109,71.6,68.9,73.9,72.6,23.3,22.86,23.67,23.45
51.68,2492.6,96.0,26.4,0.0,0.45,2,4540,-1.443,-0.044,71.6,68.9,73.9,72.6,23.3,22.86,23.67,23.45
51.696,2493.0,95.9,32.4,0.0,0.47,2,4563,-1.479,-0.037,71.6,68.8,73.9,72.6,23.3,22.86,23.67,23.45
51.711,2493.4,95.9,38.4,0.0,0.46,2,4585,-1.51,0.036,71.6,68.8,73.9,72.6,23.3,22.86,23.67,23.45
51.727,2493.8,95.9,45.6,0.0,0.4,2,4622,-1.464,0.075,71.6,68.8,73.9,72.6,23.3,22.85,23.67,23.45
51.743,2494.2,95.9,51.6,0.0,0.35,2,4650,-1.485,0.144,71.6,68.8,73.9,72.6,23.3,22.85,23.67,23.45
51.758,2494.6,96.0,57.6,0.0,0.31,2,4677,-1.473,0.204,71.6,68.8,73.9,72.6,23.3,22.85,23.67,23.45
51.773,2495.0,96.1,63.6,0.0,0.26,2,4700,-1.47,0.282,71.6,68.8,73.9,72.6,23.3,22.85,23.67,23.45
51.789,2495.5,96.2,69.6,0.0,0.21,2,4725,-1.454,0.335,71.6,68.8,73.9,72.6,23.3,22.85,23.67,23.45
51.804,2495.9,96.4,75.6,0.0,0.16,2,4752,-1.388,0.403,71.6,68.8,73.9,72.6,23.3,22.85,23.67,23.45
51.82,2496.3,96.7,82.8,0.0,0.11,2,4788,-1.326,0.454,71.6,68.8,73.9,72.5,23.3,22.85,23.66,23.45
51.835,2496.7,96.9,88.8,0.0,0.06,2,4825,-1.249,0.481,71.6,68.8,73.9,72.5,23.3,22.85,23.66,23.45
51.852,2497.2,97.2,94.8,0.0,0.01,2,4867,-1.113,0.548,71.6,68.8,73.9,72.5,23.3,22.85,23.66,23.45
51.868,2497.6,97.5,100.0,0.0,0.0,2,4922,-1.003,0.614,71.6,68.8,73.9,72.5,23.3,22.85,23.66,23.45
51.884,2498.0,97.8,100.0,0.0,0.0,2,4954,-0.982,0.638,71.6,68.8,73.9,72.5,23.3,22.85,23.66,23.45
51.899,2498.4,98.1,100.0,0.0,0.0,2,4787,-1.043,0.604,71.6,68.8,73.9,72.5,23.3,22.85,23.66,23.45
51.915,2498.9,98.4,100.0,0.0,0.0,2,4877,-1.123,0.534,71.6,68.8,73.9,72.5,23.3,22.85,23.66,23.44
51.931,2499.3,98.7,100.0,0.0,0.0,2,4937,-1.057,0.632,71.6,68.8,73.9,72.5,23.3,22.85,23.66,23.44
51.947,2499.8,99.0,100.0,0.0,0.0,2,4973,-1.04,0.677,71.6,68.8,73.9,72.5,23.3,22.85,23.66,23.44
51.963,2500.2,99.3,100.0,0.0,0.0,2,4989,-1.056,0.714,71.6,68.8,73.9,72.5,23.3,22.85,23.66,23.44
51.978,2500.6,99.7,100.0,0.0,0.0,2,4998,-1.032,0.712,71.6,68.8,73.9,72.5,23.3,22.85,23.66,23.44
51.994,2501.0,100.1,100.0,0.0,0.0,2,5009,-1.036,0.708,71.6,68.8,73.9,72.5,23.29,22.85,23.66,23.44
52.009,2501.5,100.5,100.0,0.0,0.01,2,5018,-1.029,0.698,71.6,68.8,73.9,72.5,23.29,22.85,23.66,23.44
52.025,2501.9,100.8,100.0,0.0,0.02,2,5027,-0.99,0.698,71.6,68.8,73.9,72.5,23.29,22.85,23.66,23.44
52.041,2502.4,101.2,100.0,0.0,0.03,2,5028,-1.028,0.731,71.6,68.8,73.9,72.5,23.29,22.85,23.66,23.44
52.056,2502.8,101.5,100.0,0.0,0.04,2,5027,-1.062,0.719,71.6,68.8,73.9,72.5,23.29,22.85,23.66,23.44
52.071,2503.2,101.9,100.0,0.0,0.05,2,5033,-1.008,0.696,71.6,68.8,73.9,72.5,23.29,22.84,23.66,23.44
52.087,2503.7,102.3,100.0,0.0,0.06,2,5037,-1.015,0.706,71.6,68.8,73.9,72.5,23.29,22.84,23.66,23.44
52.103,2504.1,102.7,100.0,0.0,0.07,2,5040,-1.026,0.707,71.6,68.8,73.9,72.5,23.29,22.84,23.66,23.44
52.119,2504.6,103.0,100.0,0.0,0.08,2,5048,-1.015,0.711,71.6,68.8,73.9,72.5,23.29,22.84,23.66,23.44
52.136,2505.1,103.4,100.0,0.0,0.09,2,5061,-1.026,0.687,71.6,68.8,73.9,72.5,23.29,22.84,23.66,23.44
52.15,2505.5,103.8,100.0,0.0,0.1,2,5075,-0.998,0.672,71.6,68.8,73.9,72.5,23.29,22.84,23.66,23.44
52.166,2506.0,104.2,100.0,0.0,0.11,2,5092,-0.993,0.667,71.6,68.8,73.9,72.5,23.29,22.84,23.66,23.44
52.182,2506.4,104.5,100.0,0.0,0.12,2,5107,-0.976,0.672,71.6,68.8,73.9,72.5,23.29,22.84,23.66,23.44
52.197,2506.8,104.9,100.0,0.0,0.13,2,5124,-0.99,0.646,71.6,68.8,73.9,72.5,23.29,22.84,23.66,23.44
52.212,2507.3,105.2,100.0,0.0,0.14,2,5138,-0.967,0.671,71.6,68.8,73.9,72.5,23.29,22.84,23.66,23.44
52.227,2507.7,105.5,100.0,0.0,0.15,2,5150,-1.019,0.648,71.5,68.8,73.9,72.5,23.29,22.84,23.66,23.44
52.243,2508.2,105.9,100.0,0.0,0.16,2,5170,-1.046,0.647,71.5,68.7,73.9,72.5,23.29,22.84,23.66,23.44
52.259,2508.7,106.3,100.0,0.0,0.17,2,5194,-1.025,0.641,71.5,68.7,73.9,72.5,23.29,22.84,23.66,23.44
52.274,2509.1,106.6,100.0,0.0,0.18,2,5211,-1.001,0.647,71.5,68.7,73.9,72.5,23.29,22.84,23.66,23.44
52.29,2509.6,107.0,100.0,0.0,0.19,2,5225,-1.03,0.656,71.5,68.7,73.9,72.5,23.29,22.84,23.66,23.43
52.305,2510.0,107.3,100.0,0.0,0.2,2,5243,-1.059,0.635,71.5,68.7,73.9,72.5,23.29,22.84,23.66,23.43
52.32,2510.5,107.6,100.0,0.0,0.21,2,5253,-1.119,0.65,71.5,68.7,73.9,72.5,23.29,22.84,23.66,23.43
52.335,2510.9,107.9,100.0,0.0,0.22,2,5268,-1.159,0.638,71.5,68.7,73.8,72.5,23.29,22.84,23.66,23.43
52.35,2511.4,108.3,100.0,0.0,0.23,2,5292,-1.145,0.621,71.5,68.7,73.8,72.5,23.28,22.84,23.66,23.43
52.367,2511.9,108.6,100.0,0.0,0.24,2,5328,-1.159,0.586,71.5,68.7,73.8,72.5,23.28,22.84,23.66,23.43
52.382,2512.4,108.9,100.0,0.0,0.25,2,5358,-1.166,0.599,71.5,68.7,73.8,72.5,23.28,22.84,23.66,23.43
52.397,2512.8,109.2,100.0,0.0,0.26,2,5379,-1.227,0.585,71.5,68.7,73.8,72.5,23.28,22.84,23.66,23.43
52.412,2513.3,109.5,100.0,0.0,0.27,2,5395,-1.289,0.568,71.5,68.7,73.8,72.4,23.28,22.83,23.65,23.43
52.428,2513.7,109.8,100.0,0.0,0.28,2,5414,-1.322,0.577,71.5,68.7,73.8,72.4,23.28,22.83,23.65,23.43
52.443,2514.2,110.1,100.0,0.0,0.29,2,5438,-1.348,0.566,71.5,68.7,73.8,72.4,23.28,22.83,23.65,23.43
52.459,2514.7,110.4,100.0,0.0,0.3,2,5464,-1.335,0.562,71.5,68.7,73.8,72.4,23.28,22.83,23.65,23.43
52.475,2515.2,110.7,100.0,0.0,0.31,2,5503,-1.329,0.549,71.5,68.7,73.8,72.4,23.28,22.83,23.65,23.43
52.49,2515.7,111.0,0.0,0.0,0.32,2,5389,-1.403,0.569,71.5,68.7,73.8,72.4,23.28,22.83,23.65,23.43
52.506,2516.1,111.2,0.0,0.0,0.33,2,5211,-1.532,0.129,71.5,68.7,73.8,72.4,23.28,22.83,23.65,23.43
52.521,2516.6,111.1,0.0,0.0,0.34,2,5166,-1.61,-0.131,71.5,68.7,73.8,72.4,23.28,22.83,23.65,23.43
52.536,2517.1,111.0,0.0,0.0,0.35,2,5156,-1.53,-0.179,71.5,68.7,73.8,72.4,23.28,22.83,23.65,23.43
52.552,2517.6,110.8,0.0,0.0,0.36,2,5148,-1.589,-0.216,71.5,68.7,73.8,72.4,23.28,22.83,23.65,23.43
52.567,2518.0,110.7,0.0,0.0,0.37,2,5140,-1.634,-0.201,71.5,68.7,73.8,72.4,23.28,22.83,23.65,23.43
52.582,2518.5,110.5,0.0,0.0,0.38,2,5134,-1.676,-0.237,71.5,68.7,73.8,72.4,23.28,22.83,23.65,23.43
52.599,2519.0,110.4,0.0,0.0,0.39,2,5128,-1.686,-0.238,71.5,68.7,73.8,72.4,23.28,22.83,23.65,23.43
52.614,2519.5,110.2,4.8,0.0,0.4,2,5127,-1.734,-0.241,71.5,68.7,73.8,72.4,23.28,22.83,23.65,23.43
52.63,2520.0,110.0,12.0,0.0,0.41,2,5140,-1.69,-0.195,71.5,68.7,73.8,72.4,23.28,22.83,23.65,23.43
52.645,2520.4,109.9,18.0,0.0,0.42,2,5157,-1.704,-0.16,71.5,68.7,73.8,72.4,23.28,22.83,23.65,23.42
52.661,2520.9,109.8,24.0,0.0,0.37,2,5178,-1.746,-0.134,71.5,68.7,73.8,72.4,23.28,22.83,23.65,23.42
52.676,2521.4,109.7,30.0,0.0,0.32,2,5203,-1.744,-0.064,71.5,68.7,73.8,72.4,23.28,22.83,23.65,23.42
52.692,2521.8,109.7,36.0,0.0,0.27,2,5226,-1.714,0.002,71.5,68.7,73.8,72.4,23.28,22.83,23.65,23.42
52.707,2522.3,109.6,42.0,0.0,0.23,2,5251,-1.618,0.09,71.5,68.7,73.8,72.4,23.28,22.83,23.65,23.42
52.723,2522.8,109.7,49.2,0.0,0.17,2,5284,-1.586,0.129,71.5,68.7,73.8,72.4,23.28,22.83,23.65,23.42
52.739,2523.3,109.7,55.2,0.0,0.12,2,5308,-1.574,0.214,71.5,68.7,73.8,72.4,23.28,22.82,23.65,23.42
52.754,2523.7,109.8,61.2,0.0,0.08,2,5329,-1.555,0.294,71.5,68.7,73.8,72.4,23.28,22.82,23.65,23.42
52.77,2524.2,109.9,67.2,0.0,0.03,2,5348,-1.504,0.358,71.5,68.7,73.8,72.4,23.28,22.82,23.65,23.42
52.785,2524.7,110.1,73.2,0.0,0.0,2,5374,-1.355,0.382,71.5,68.6,73.8,72.4,23.28,22.82,23.65,23.42
52.8,2525.2,110.3,79.2,0.0,0.0,2,5409,-1.28,0.424,71.5,68.6,73.8,72.4,23.28,22.82,23.65,23.42
52.816,2525.6,110.5,86.4,0.0,0.0,2,5454,-1.27,0.493,71.5,68.6,73.8,72.4,23.28,22.82,23.65,23.42
52.831,2526.1,110.8,92.4,0.0,0.0,2,5489,-1.239,0.543,71.5,68.6,73.8,72.4,23.28,22.82,23.65,23.42
52.847,2526.6,111.0,98.4,0.0,0.0,2,5521,-1.222,0.578,71.5,68.6,73.8,72.4,23.28,22.82,23.65,23.42
52.862,2527.1,111.3,100.0,0.0,0.0,2,5549,-1.228,0.627,71.5,68.6,73.8,72.4,23.28,22.82,23.65,23.42
52.877,2527.5,111.6,100.0,0.0,0.0,2,5566,-1.211,0.622,71.5,68.6,73.8,72.4,23.28,22.82,23.65,23.42
52.894,2528.0,111.9,100.0,0.0,0.01,2,5579,-1.173,0.609,71.5,68.6,73.8,72.4,23.28,22.82,23.65,23.42
52.909,2528.5,112.3,100.0,0.0,0.02,2,5593,-1.171,0.646,71.5,68.6,73.8,72.4,23.28,22.82,23.65,23.42
52.925,2529.0,112.6,100.0,0.0,0.03,2,5606,-1.172,0.647,71.5,68.6,73.8,72.4,23.28,22.82,23.65,23.42
52.941,2529.5,112.9,100.0,0.0,0.04,2,5613,-1.196,0.653,71.5,68.6,73.8,72.4,23.28,22.82,23.65,23.42
52.956,2530.0,113.2,100.0,0.0,0.05,2,5615,-1.208,0.669,71.5,68.6,73.8,72.4,23.28,22.82,23.65,23.42
52.972,2530.5,113.6,100.0,0.0,0.06,2,5612,-1.248,0.673,71.5,68.6,73.8,72.3,23.28,22.82,23.65,23.42
52.988,2531.0,113.9,100.0,0.0,0.07,2,5607,-1.28,0.657,71.5,68.6,73.8,72.3,23.28,22.82,23.65,23.42
53.004,2531.5,114.3,100.0,0.0,0.08,2,5606,-1.285,0.666,71.5,68.6,73.8,72.3,23.28,22.82,23.65,23.42
53.019,2532.0,114.6,100.0,0.0,0.08,2,5613,-1.319,0.602,71.5,68.6,73.8,72.3,23.28,22.82,23.65,23.41
53.034,2532.5,114.9,100.0,0.0,0.09,2,5626,-1.277,0.614,71.5,68.6,73.8,72.3,23.28,22.82,23.65,23.41
53.049,2533.0,115.2,100.0,0.0,0.1,2,5639,-1.285,0.633,71.5,68.6,73.8,72.3,23.28,22.82,23.65,23.41
53.065,2533.4,115.5,100.0,0.0,0.11,2,5653,-1.246,0.643,71.5,68.6,73.8,72.3,23.28,22.82,23.65,23.41
53.08,2533.9,115.9,100.0,0.0,0.11,2,5668,-1.242,0.632,71.5,68.6,73.8,72.3,23.27,22.81,23.65,23.41
53.095,2534.4,116.2,100.0,0.0,0.06,2,5676,-1.182,0.65,71.5,68.6,73.8,72.3,23.27,22.81,23.65,23.41
53.111,2535.0,116.5,100.0,0.0,0.02,2,5682,-1.054,0.645,71.5,68.6,73.8,72.3,23.27,22.81,23.65,23.41
53.127,2535.5,116.8,100.0,0.0,0.0,2,5692,-0.925,0.643,71.5,68.6,73.8,72.3,23.27,22.81,23.65,23.41
53.143,2536.0,117.2,100.0,0.0,0.0,2,5702,-0.871,0.646,71.5,68.6,73.8,72.3,23.27,22.81,23.65,23.41
53.159,2536.5,117.6,100.0,0.0,0.0,2,5708,-0.87,0.65,71.5,68.6,73.8,72.3,23.27,22.81,23.65,23.41
53.175,2537.0,117.9,100.0,0.0,0.0,2,5722,-0.778,0.631,71.5,68.6,73.8,72.3,23.27,22.81,23.65,23.41
53.19,2537.5,118.2,100.0,0.0,0.0,2,5739,-0.751,0.625,71.5,68.6,73.8,72.3,23.27,22.81,23.65,23.41
53.206,2538.0,118.6,100.0,0.0,0.01,2,5750,-0.732,0.628,71.5,68.6,73.8,72.3,23.27,22.81,23.65,23.41
53.221,2538.6,118.9,100.0,0.0,0.02,2,5757,-0.698,0.643,71.5,68.6,73.8,72.3,23.27,22.81,23.65,23.41
53.237,2539.1,119.3,100.0,0.0,0.03,2,5766,-0.694,0.653,71.5,68.6,73.8,72.3,23.27,22.81,23.65,23.41
53.254,2539.6,119.7,100.0,0.0,0.04,2,5781,-0.663,0.633,71.4,68.6,73.8,72.3,23.27,22.81,23.65,23.41
53.269,2540.1,120.0,100.0,0.0,0.05,2,5793,-0.685,0.622,71.4,68.6,73.8,72.3,23.27,22.81,23.65,23.41
53.285,2540.7,120.3,100.0,0.0,0.06,2,5810,-0.627,0.594,71.4,68.6,73.8,72.3,23.27,22.81,23.65,23.41
53.3,2541.2,120.6,100.0,0.0,0.07,2,5828,-0.659,0.606,71.4,68.6,73.8,72.3,23.27,22.81,23.65,23.41
53.316,2541.7,120.9,100.0,0.0,0.07,2,5847,-0.679,0.569,71.4,68.5,73.8,72.3,23.27,22.81,23.65,23.41
53.332,2542.2,121.2,100.0,0.0,0.08,2,5863,-0.664,0.627,71.4,68.5,73.8,72.3,23.27,22.81,23.65,23.41
53.347,2542.8,121.5,100.0,0.0,0.09,2,5876,-0.714,0.598,71.4,68.5,73.8,72.3,23.27,22.81,23.65,23.41
53.362,2543.3,121.9,100.0,0.0,0.1,2,5892,-0.692,0.611,71.4,68.5,73.8,72.3,23.27,22.81,23.65,23.41
53.378,2543.8,122.2,100.0,0.0,0.11,2,5902,-0.734,0.618,71.4,68.5,73.8,72.3,23.27,22.81,23.65,23.41
53.394,2544.3,122.6,100.0,0.0,0.12,2,5907,-0.774,0.622,71.4,68.5,73.8,72.3,23.27,22.81,23.65,23.41
53.409,2544.9,122.9,100.0,0.0,0.12,2,5916,-0.813,0.604,71.4,68.5,73.8,72.3,23.27,22.81,23.65,23.41
53.425,2545.4,123.2,100.0,0.0,0.13,2,5940,-0.863,0.541,71.4,68.5,73.8,72.3,23.27,22.81,23.65,23.41
53.441,2545.9,123.5,100.0,0.0,0.14,2,5963,-0.919,0.564,71.4,68.5,73.8,72.3,23.27,22.8,23.65,23.41
53.456,2546.5,123.8,100.0,0.0,0.15,2,5979,-0.947,0.563,71.4,68.5,73.8,72.3,23.27,22.8,23.65,23.41
53.471,2547.0,124.1,100.0,0.0,0.16,2,5990,-1.028,0.569,71.4,68.5,73.8,72.3,23.27,22.8,23.65,23.41
53.486,2547.5,124.4,100.0,0.0,0.17,2,6000,-1.063,0.566,71.4,68.5,73.8,72.3,23.27,22.8,23.65,23.41
53.502,2548.1,124.7,100.0,0.0,0.17,2,6016,-1.095,0.533,71.4,68.5,73.8,72.3,23.27,22.8,23.65,23.41
53.517,2548.6,125.0,100.0,0.0,0.18,2,6033,-1.141,0.54,71.4,68.5,73.8,72.3,23.27,22.8,23.65,23.41
53.534,2549.2,125.3,100.0,0.0,0.19,2,6050,-1.171,0.53,71.4,68.5,73.8,72.3,23.27,22.8,23.65,23.41
53.549,2549.7,125.6,100.0,0.0,0.2,2,6062,-1.188,0.546,71.4,68.5,73.8,72.3,23.27,22.8,23.65,23.41
53.564,2550.2,125.9,100.0,0.0,0.21,2,6083,-1.209,0.51,71.4,68.5,73.8,72.3,23.27,22.8,23.65,23.41
53.58,2550.8,126.1,100.0,0.0,0.21,2,6104,-1.217,0.527,71.4,68.5,73.8,72.3,23.27,22.8,23.65,23.41
53.596,2551.4,126.4,100.0,0.0,0.22,2,6128,-1.211,0.506,71.4,68.5,73.8,72.3,23.27,22.8,23.65,23.41
53.611,2551.9,126.7,100.0,0.0,0.23,2,6151,-1.223,0.504,71.4,68.5,73.8,72.3,23.27,22.8,23.65,23.41
53.627,2552.4,126.9,100.0,0.0,0.24,2,6172,-1.304,0.475,71.4,68.5,73.8,72.3,23.27,22.8,23.65,23.4
53.642,2553.0,127.2,100.0,0.0,0.25,2,6193,-1.319,0.471,71.4,68.5,73.8,72.3,23.27,22.8,23.65,23.4
53.658,2553.5,127.4,100.0,0.0,0.25,2,6213,-1.362,0.466,71.4,68.5,73.8,72.3,23.27,22.8,23.65,23.4
53.673,2554.1,127.7,100.0,0.0,0.26,2,6237,-1.368,0.451,71.4,68.5,73.8,72.3,23.27,22.8,23.65,23.4
53.689,2554.6,127.9,100.0,0.0,0.27,2,6265,-1.364,0.47,71.4,68.5,73.8,72.3,23.27,22.8,23.65,23.4
53.705,2555.2,128.2,100.0,0.0,0.28,2,6279,-1.451,0.464,71.4,68.5,73.8,72.3,23.27,22.8,23.65,23.4
53.721,2555.8,128.4,100.0,0.0,0.29,2,6290,-1.492,0.503,71.4,68.5,73.8,72.3,23.27,22.8,23.65,23.4
53.736,2556.3,128.6,100.0,0.0,0.29,2,6309,-1.524,0.436,71.4,68.5,73.8,72.3,23.27,22.8,23.65,23.4
53.752,2556.9,128.9,100.0,0.0,0.24,2,6332,-1.499,0.429,71.4,68.5,73.8,72.3,23.27,22.8,23.65,23.4
53.768,2557.5,129.1,100.0,0.0,0.19,2,6353,-1.461,0.449,71.4,68.5,73.8,72.3,23.27,22.8,23.65,23.4
53.783,2558.0,129.3,100.0,0.0,0.14,2,6364,-1.495,0.469,71.4,68.5,73.8,72.3,23.27,22.79,23.65,23.4
53.799,2558.6,129.5,100.0,0.0,0.1,2,6376,-1.471,0.503,71.4,68.5,73.8,72.3,23.27,22.79,23.65,23.4
53.815,2559.1,129.8,100.0,0.0,0.04,2,6390,-1.426,0.498,71.4,68.5,73.8,72.3,23.27,22.79,23.65,23.4
53.83,2559.7,130.0,0.0,0.0,0.0,0,6388,-1.383,0.497,71.4,68.5,73.8,72.3,23.27,22.79,23.65,23.4
53.846,2560.3,130.1,0.0,0.0,0.0,0,6315,-1.447,-0.035,71.4,68.5,73.8,72.3,23.27,22.79,23.65,23.4
53.861,2560.8,130.0,0.0,0.0,0.0,0,6244,-1.431,-0.074,71.4,68.5,73.8,72.2,23.27,22.79,23.65,23.4
53.876,2561.4,129.9,0.0,0.0,0.0,0,6174,-1.422,-0.069,71.4,68.4,73.8,72.2,23.27,22.79,23.65,23.4
53.892,2561.9,129.8,0.0,0.0,0.0,0,6105,-1.49,-0.063,71.4,68.4,73.8,72.2,23.27,22.79,23.65,23.4
53.907,2562.5,129.8,0.0,0.0,0.0,0,6038,-1.473,-0.073,71.4,68.4,73.8,72.2,23.27,22.79,23.65,23.4
53.924,2563.1,129.7,0.0,0.0,0.01,0,5958,-1.505,-0.074,71.4,68.4,73.8,72.2,23.27,22.79,23.65,23.4
53.939,2563.6,129.7,0.0,0.0,0.02,3,5150,-1.278,0.607,71.4,68.4,73.8,72.2,23.27,22.79,23.65,23.4
53.954,2564.2,129.9,0.0,0.0,0.03,3,4880,-1.393,0.396,71.4,68.4,73.8,72.2,23.27,22.79,23.65,23.4
53.969,2564.7,130.0,0.0,0.0,0.03,3,4755,-1.515,0.094,71.4,68.4,73.8,72.2,23.27,22.79,23.65,23.4
53.985,2565.3,129.9,0.0,0.0,0.04,3,4719,-1.468,-0.074,71.4,68.4,73.8,72.2,23.27,22.79,23.65,23.4
54.0,2565.8,129.8,0.0,0.0,0.05,3,4713,-1.448,-0.107,71.4,68.4,73.8,72.2,23.27,22.79,23.65,23.4
54.016,2566.4,129.7,0.0,0.0,0.06,3,4709,-1.375,-0.125,71.4,68.4,73.8,72.2,23.27,22.79,23.65,23.4
54.032,2567.0,129.6,0.0,0.0,0.07,3,4706,-1.346,-0.148,71.4,68.4,73.8,72.2,23.27,22.79,23.65,23.4
54.047,2567.5,129.5,0.0,0.0,0.07,3,4703,-1.369,-0.114,71.4,68.4,73.8,72.2,23.27,22.79,23.65,23.4
54.063,2568.1,129.5,0.0,0.0,0.08,3,4700,-1.344,-0.147,71.4,68.4,73.8,72.2,23.27,22.79,23.65,23.4
54.079,2568.7,129.3,0.0,0.0,0.09,3,4698,-1.353,-0.134,71.4,68.4,73.8,72.2,23.27,22.79,23.65,23.39
54.095,2569.2,129.2,0.0,0.0,0.04,3,4697,-1.286,-0.143,71.4,68.4,73.8,72.2,23.27,22.79,23.65,23.39
54.11,2569.8,129.2,100.0,0.0,0.0,3,4858,-1.065,0.156,71.4,68.4,73.8,72.2,23.27,22.79,23.65,23.39
54.126,2570.4,129.4,100.0,0.0,0.0,3,4900,-0.884,0.449,71.4,68.4,73.8,72.2,23.27,22.78,23.65,23.39
54.142,2570.9,129.7,100.0,0.0,0.0,3,4893,-0.852,0.56,71.4,68.4,73.8,72.2,23.27,22.78,23.65,23.39
54.157,2571.5,130.0,100.0,0.0,0.0,3,4883,-0.824,0.533,71.4,68.4,73.8,72.2,23.27,22.78,23.65,23.39
54.174,2572.1,130.3,100.0,0.0,0.0,3,4894,-0.775,0.521,71.4,68.4,73.8,72.2,23.27,22.78,23.65,23.39
54.189,2572.6,130.6,100.0,0.0,0.0,3,4907,-0.716,0.514,71.4,68.4,73.8,72.2,23.27,22.78,23.65,23.39
54.206,2573.2,130.9,100.0,0.0,0.0,3,4911,-0.667,0.542,71.4,68.4,73.8,72.2,23.27,22.78,23.65,23.39
54.222,2573.8,131.2,100.0,0.0,0.0,3,4916,-0.595,0.543,71.4,68.4,73.8,72.2,23.27,22.78,23.65,23.39
54.237,2574.4,131.4,100.0,0.0,0.0,3,4924,-0.536,0.525,71.4,68.4,73.8,72.2,23.27,22.78,23.65,23.39
54.252,2574.9,131.7,100.0,0.0,0.0,3,4928,-0.509,0.539,71.4,68.4,73.8,72.2,23.27,22.78,23.65,23.39
54.268,2575.5,132.1,100.0,0.0,0.01,3,4943,-0.445,0.519,71.4,68.4,73.8,72.2,23.27,22.78,23.65,23.39
54.283,2576.1,132.3,100.0,0.0,0.01,3,4958,-0.418,0.503,71.4,68.4,73.8,72.2,23.27,22.78,23.65,23.39
54.299,2576.7,132.6,100.0,0.0,0.02,3,4969,-0.405,0.529,71.4,68.4,73.8,72.2,23.26,22.78,23.65,23.39
54.314,2577.2,132.9,100.0,0.0,0.03,3,4979,-0.395,0.497,71.4,68.4,73.8,72.2,23.26,22.78,23.65,23.39
54.329,2577.8,133.1,100.0,0.0,0.03,3,4990,-0.377,0.53,71.4,68.4,73.8,72.2,23.26,22.78,23.65,23.39
54.345,2578.4,133.5,100.0,0.0,0.04,3,5002,-0.388,0.537,71.4,68.4,73.8,72.2,23.26,22.78,23.65,23.39
54.361,2579.0,133.7,100.0,0.0,0.05,3,5010,-0.404,0.508,71.4,68.4,73.8,72.2,23.26,22.78,23.65,23.39
54.377,2579.6,134.0,100.0,0.0,0.06,3,5015,-0.42,0.529,71.4,68.4,73.8,72.2,23.26,22.78,23.65,23.39
54.392,2580.1,134.3,100.0,0.0,0.06,3,5028,-0.429,0.468,71.4,68.4,73.8,72.2,23.26,22.78,23.65,23.39
54.408,2580.7,134.6,100.0,0.0,0.07,3,5041,-0.469,0.52,71.4,68.4,73.8,72.2,23.26,22.78,23.65,23.39
54.424,2581.3,134.9,100.0,0.0,0.08,3,5054,-0.533,0.504,71.4,68.4,73.8,72.2,23.26,22.78,23.65,23.39
54.438,2581.8,135.1,100.0,0.0,0.09,3,5062,-0.524,0.526,71.4,68.4,73.8,72.2,23.26,22.78,23.65,23.39
54.454,2582.4,135.4,100.0,0.0,0.09,3,5075,-0.56,0.495,71.4,68.3,73.8,72.2,23.26,22.78,23.65,23.39
54.469,2583.0,135.7,100.0,0.0,0.1,3,5083,-0.599,0.546,71.4,68.3,73.8,72.2,23.26,22.78,23.65,23.39
54.484,2583.6,136.0,100.0,0.0,0.11,3,5084,-0.667,0.537,71.4,68.3,73.8,72.2,23.26,22.77,23.65,23.39
54.5,2584.2,136.2,100.0,0.0,0.11,3,5093,-0.701,0.522,71.4,68.3,73.8,72.2,23.26,22.77,23.65,23.39
54.515,2584.7,136.5,100.0,0.0,0.12,3,5111,-0.716,0.494,71.4,68.3,73.8,72.2,23.26,22.77,23.65,23.39
54.531,2585.3,136.7,100.0,0.0,0.13,3,5125,-0.806,0.486,71.4,68.3,73.8,72.2,23.26,22.77,23.65,23.39
54.547,2585.9,137.0,100.0,0.0,0.13,3,5140,-0.822,0.477,71.4,68.3,73.8,72.2,23.26,22.77,23.65,23.39
54.562,2586.5,137.3,100.0,0.0,0.14,3,5161,-0.912,0.47,71.4,68.3,73.8,72.2,23.26,22.77,23.65,23.39
54.578,2587.2,137.5,100.0,0.0,0.15,3,5178,-0.914,0.476,71.4,68.3,73.8,72.2,23.26,22.77,23.65,23.39
54.594,2587.7,137.8,100.0,0.0,0.16,3,5189,-0.998,0.485,71.4,68.3,73.8,72.2,23.26,22.77,23.65,23.39
54.609,2588.3,138.0,100.0,0.0,0.16,3,5197,-1.074,0.489,71.4,68.3,73.8,72.2,23.26,22.77,23.65,23.39
54.624,2588.9,138.3,100.0,0.0,0.17,3,5199,-1.152,0.495,71.4,68.3,73.8,72.2,23.26,22.77,23.65,23.39
54.64,2589.5,138.6,100.0,0.0,0.18,3,5201,-1.149,0.522,71.4,68.3,73.8,72.2,23.26,22.77,23.65,23.39
54.656,2590.1,138.8,100.0,0.0,0.18,3,5203,-1.203,0.509,71.4,68.3,73.8,72.2,23.26,22.77,23.65,23.39
54.671,2590.7,139.1,100.0,0.0,0.19,3,5215,-1.186,0.46,71.4,68.3,73.8,72.2,23.26,22.77,23.65,23.39
54.687,2591.3,139.3,100.0,0.0,0.17,3,5229,-1.165,0.451,71.4,68.3,73.8,72.2,23.26,22.77,23.65,23.39
54.702,2591.9,139.5,100.0,0.0,0.12,3,5239,-1.133,0.474,71.4,68.3,73.8,72.2,23.26,22.77,23.65,23.39
54.718,2592.5,139.8,100.0,0.0,0.06,3,5258,-1.056,0.46,71.4,68.3,73.8,72.2,23.26,22.77,23.66,23.39
54.733,2593.1,140.0,100.0,0.0,0.02,3,5277,-0.966,0.45,71.4,68.3,73.8,72.2,23.26,22.77,23.66,23.39
54.748,2593.7,140.3,100.0,0.0,0.0,3,5309,-0.788,0.435,71.4,68.3,73.8,72.2,23.26,22.77,23.66,23.39
54.763,2594.3,140.5,100.0,0.0,0.0,3,5333,-0.794,0.458,71.4,68.3,73.8,72.2,23.26,22.77,23.66,23.39
54.779,2594.9,140.8,100.0,0.0,0.0,3,5346,-0.817,0.504,71.4,68.3,73.8,72.2,23.26,22.77,23.66,23.39
54.795,2595.5,141.0,100.0,0.0,0.0,3,5358,-0.842,0.48,71.4,68.3,73.8,72.2,23.26,22.77,23.66,23.39
54.81,2596.1,141.3,100.0,0.0,0.0,3,5357,-0.872,0.539,71.4,68.3,73.8,72.2,23.26,22.76,23.66,23.39
54.825,2596.7,141.5,100.0,0.0,0.0,3,5354,-0.908,0.531,71.4,68.3,73.8,72.2,23.26,22.76,23.66,23.39
54.84,2597.3,141.8,100.0,0.0,0.0,3,5351,-0.909,0.517,71.4,68.3,73.9,72.2,23.26,22.76,23.66,23.39
54.855,2597.9,142.1,100.0,0.0,0.0,3,5351,-0.958,0.513,71.4,68.3,73.9,72.2,23.26,22.76,23.66,23.39
54.871,2598.5,142.4,100.0,0.0,0.0,3,5354,-0.984,0.533,71.4,68.3,73.9,72.2,23.26,22.76,23.66,23.38
54.887,2599.2,142.6,100.0,0.0,0.0,3,5359,-0.941,0.511,71.4,68.3,73.9,72.2,23.26,22.76,23.66,23.38
54.903,2599.8,142.9,100.0,0.0,0.0,3,5369,-0.949,0.494,71.4,68.3,73.9,72.2,23.26,22.76,23.66,23.38
54.918,2600.4,143.1,100.0,0.0,0.0,3,5370,-0.916,0.5,71.4,68.3,73.9,72.2,23.26,22.76,23.66,23.38
54.934,2601.1,143.5,100.0,0.0,0.0,3,5369,-0.865,0.496,71.4,68.3,73.9,72.2,23.26,22.76,23.66,23.38
54.95,2601.7,143.7,100.0,0.0,0.0,3,5382,-0.833,0.531,71.4,68.3,73.9,72.2,23.26,22.76,23.66,23.38
54.965,2602.3,144.0,100.0,0.0,0.0,3,5387,-0.761,0.486,71.4,68.3,73.9,72.1,23.26,22.76,23.66,23.38
54.981,2602.9,144.2,100.0,0.0,0.0,3,5394,-0.727,0.518,71.4,68.2,73.9,72.1,23.26,22.76,23.66,23.38
54.997,2603.6,144.6,100.0,0.0,0.0,3,5403,-0.659,0.51,71.4,68.2,73.9,72.1,23.26,22.76,23.66,23.38
55.013,2604.2,144.8,100.0,0.0,0.0,3,5413,-0.589,0.505,71.4,68.2,73.9,72.1,23.26,22.76,23.66,23.38
55.029,2604.8,145.1,100.0,0.0,0.0,3,5425,-0.563,0.51,71.4,68.2,73.9,72.1,23.26,22.76,23.66,23.38
55.044,2605.5,145.3,100.0,0.0,0.0,3,5436,-0.526,0.488,71.4,68.2,73.9,72.1,23.26,22.76,23.66,23.38
55.06,2606.1,145.6,100.0,0.0,0.0,3,5449,-0.459,0.478,71.4,68.2,73.9,72.1,23.26,22.76,23.66,23.38
55.076,2606.8,145.9,100.0,0.0,0.0,3,5462,-0.429,0.482,71.4,68.2,73.9,72.1,23.26,22.76,23.66,23.38
55.092,2607.4,146.2,100.0,0.0,0.0,3,5471,-0.378,0.484,71.4,68.2,73.9,72.1,23.26,22.76,23.66,23.38
55.107,2608.0,146.4,100.0,0.0,0.0,3,5478,-0.29,0.517,71.4,68.2,73.9,72.1,23.26,22.76,23.66,23.38
55.122,2608.6,146.7,100.0,0.0,0.0,3,5482,-0.293,0.503,71.4,68.2,73.9,72.1,23.26,22.76,23.66,23.38
55.137,2609.3,147.0,100.0,0.0,0.0,3,5483,-0.226,0.55,71.4,68.2,73.9,72.1,23.26,22.76,23.66,23.38
55.153,2609.9,147.3,100.0,0.0,0.0,3,5500,-0.17,0.473,71.4,68.2,73.9,72.1,23.26,22.76,23.66,23.38
55.169,2610.6,147.6,100.0,0.0,0.0,3,5525,-0.159,0.475,71.4,68.2,73.9,72.1,23.26,22.76,23.66,23.38
55.184,2611.2,147.8,100.0,0.0,0.0,3,5546,-0.139,0.487,71.4,68.2,73.9,72.1,23.26,22.75,23.66,23.38
55.2,2611.8,148.1,100.0,0.0,0.0,3,5560,-0.121,0.48,71.4,68.2,73.9,72.1,23.26,22.75,23.66,23.38
55.216,2612.5,148.4,100.0,0.0,0.0,3,5563,-0.118,0.496,71.4,68.2,73.9,72.1,23.26,22.75,23.66,23.38
55.231,2613.1,148.6,100.0,0.0,0.01,3,5565,-0.155,0.526,71.4,68.2,73.9,72.1,23.26,22.75,23.66,23.38
55.247,2613.8,148.9,100.0,0.0,0.02,3,5554,-0.224,0.541,71.4,68.2,73.9,72.1,23.26,22.75,23.66,23.38
55.263,2614.4,149.2,100.0,0.0,0.02,3,5553,-0.231,0.504,71.4,68.2,73.9,72.1,23.26,22.75,23.66,23.38
55.279,2615.1,149.5,100.0,0.0,0.03,3,5565,-0.26,0.495,71.4,68.2,73.9,72.1,23.26,22.75,23.66,23.38
55.295,2615.8,149.8,100.0,0.0,0.03,3,5573,-0.288,0.486,71.4,68.2,73.9,72.1,23.26,22.75,23.66,23.38
55.31,2616.4,150.0,100.0,0.0,0.04,3,5579,-0.292,0.508,71.3,68.2,73.9,72.1,23.26,22.75,23.66,23.38
55.326,2617.1,150.3,100.0,0.0,0.05,3,5592,-0.296,0.502,71.3,68.2,73.9,72.1,23.26,22.75,23.66,23.38
55.342,2617.7,150.6,100.0,0.0,0.02,3,5606,-0.329,0.485,71.3,68.2,73.9,72.1,23.26,22.75,23.66,23.38
55.358,2618.4,150.9,100.0,0.0,0.0,3,5621,-0.194,0.473,71.3,68.2,73.9,72.1,23.26,22.75,23.66,23.38
55.374,2619.1,151.1,100.0,0.0,0.0,3,5637,-0.165,0.459,71.3,68.2,73.9,72.1,23.25,22.75,23.66,23.38
55.389,2619.7,151.4,100.0,0.0,0.0,3,5656,-0.154,0.459,71.3,68.2,73.9,72.1,23.25,22.75,23.66,23.38
55.404,2620.3,151.6,100.0,0.0,0.0,3,5667,-0.196,0.466,71.3,68.2,73.9,72.1,23.25,22.75,23.66,23.38
55.42,2621.0,151.9,100.0,0.0,0.0,3,5667,-0.18,0.507,71.3,68.2,73.9,72.1,23.25,22.75,23.66,23.38
55.436,2621.7,152.2,100.0,0.0,-0.0,3,5670,-0.181,0.497,71.3,68.2,73.9,72.1,23.25,22.75,23.66,23.38
55.45,2622.3,152.4,100.0,0.0,-0.01,3,5682,-0.165,0.438,71.3,68.2,73.9,72.1,23.25,22.75,23.66,23.38
55.466,2622.9,152.7,100.0,0.0,-0.01,3,5691,-0.182,0.5,71.3,68.2,73.9,72.1,23.25,22.75,23.66,23.38
55.481,2623.6,152.9,100.0,0.0,-0.02,3,5697,-0.172,0.454,71.3,68.2,73.9,72.1,23.25,22.75,23.66,23.38
55.497,2624.3,153.2,100.0,0.0,-0.03,3,5709,-0.109,0.483,71.3,68.2,73.9,72.1,23.25,22.75,23.66,23.38
55.512,2624.9,153.4,100.0,0.0,-0.03,3,5719,-0.027,0.47,71.3,68.2,73.9,72.1,23.25,22.75,23.66,23.38
55.528,2625.6,153.7,100.0,0.0,-0.04,3,5730,0.008,0.465,71.3,68.2,73.9,72.1,23.25,22.75,23.66,23.38
55.543,2626.2,154.0,100.0,0.0,-0.04,3,5737,-0.037,0.482,71.3,68.2,73.9,72.1,23.25,22.75,23.66,23.38
55.558,2626.9,154.3,100.0,0.0,-0.05,3,5736,0.059,0.466,71.3,68.2,73.9,72.1,23.25,22.75,23.66,23.38
55.574,2627.6,154.5,100.0,0.0,-0.05,3,5758,0.155,0.424,71.3,68.2,73.9,72.1,23.25,22.75,23.66,23.38
55.589,2628.2,154.7,100.0,0.0,-0.02,3,5765,0.204,0.496,71.3,68.2,73.9,72.1,23.25,22.75,23.66,23.38
55.605,2628.9,155.0,100.0,0.0,0.0,3,5775,0.048,0.481,71.3,68.2,73.9,72.1,23.25,22.75,23.66,23.38
55.621,2629.6,155.2,100.0,0.0,0.0,3,5784,0.073,0.466,71.3,68.2,73.9,72.1,23.25,22.75,23.66,23.38
55.636,2630.2,155.5,100.0,0.0,0.0,3,5793,0.096,0.47,71.3,68.2,73.9,72.1,23.25,22.75,23.66,23.38
55.652,2630.9,155.8,100.0,0.0,0.0,3,5808,0.098,0.465,71.3,68.2,73.9,72.1,23.25,22.74,23.66,23.38
55.667,2631.6,156.0,100.0,0.0,0.0,3,5821,0.122,0.458,71.3,68.2,73.9,72.1,23.25,22.74,23.66,23.38
55.683,2632.3,156.3,100.0,0.0,0.0,3,5831,0.119,0.473,71.3,68.2,73.9,72.1,23.25,22.74,23.66,23.38
55.699,2633.0,156.6,100.0,0.0,0.0,3,5841,0.116,0.439,71.3,68.1,73.9,72.1,23.25,22.74,23.66,23.38
55.715,2633.6,156.8,100.0,0.0,0.0,3,5848,0.116,0.473,71.3,68.1,73.9,72.1,23.25,22.74,23.66,23.38
55.73,2634.3,157.1,100.0,0.0,0.0,3,5851,0.148,0.454,71.3,68.1,73.9,72.1,23.25,22.74,23.66,23.38
55.746,2635.0,157.3,100.0,0.0,0.0,3,5861,0.15,0.453,71.3,68.1,73.9,72.1,23.25,22.74,23.66,23.38
55.762,2635.7,157.6,100.0,0.0,0.0,3,5878,0.145,0.455,71.3,68.1,73.9,72.1,23.25,22.74,23.66,23.38
55.778,2636.4,157.8,100.0,0.0,0.0,3,5888,0.109,0.457,71.3,68.1,73.9,72.1,23.25,22.74,23.66,23.38
55.793,2637.1,158.1,100.0,0.0,0.0,3,5891,0.115,0.44,71.3,68.1,73.9,72.1,23.25,22.74,23.66,23.38
55.809,2637.8,158.3,100.0,0.0,-0.01,3,5894,0.12,0.481,71.3,68.1,73.9,72.1,23.25,22.74,23.66,23.38
55.825,2638.5,158.6,100.0,0.0,-0.01,3,5897,0.147,0.473,71.3,68.1,73.9,72.1,23.25,22.74,23.66,23.38
55.841,2639.2,158.9,100.0,0.0,-0.02,3,5903,0.162,0.473,71.3,68.1,73.9,72.1,23.25,22.74,23.66,23.38
55.856,2639.8,159.1,100.0,0.0,-0.02,3,5912,0.147,0.432,71.3,68.1,73.9,72.1,23.25,22.74,23.66,23.38
55.872,2640.6,159.3,100.0,0.0,-0.03,3,5928,0.173,0.434,71.3,68.1,73.9,72.1,23.25,22.74,23.66,23.38
55.887,2641.2,159.6,100.0,0.0,-0.03,3,5941,0.189,0.447,71.3,68.1,73.9,72.1,23.25,22.74,23.66,23.38
55.903,2641.9,159.8,100.0,0.0,-0.04,3,5950,0.202,0.445,71.3,68.1,73.9,72.1,23.25,22.74,23.66,23.38
55.918,2642.6,160.1,100.0,0.0,-0.03,3,5959,0.235,0.473,71.3,68.1,73.9,72.1,23.25,22.74,23.66,23.38
55.933,2643.3,160.3,100.0,0.0,0.0,3,5967,0.183,0.423,71.3,68.1,73.9,72.1,23.25,22.74,23.66,23.38
55.949,2644.0,160.6,100.0,0.0,0.0,3,5978,0.1,0.438,71.3,68.1,73.9,72.1,23.24,22.74,23.66,23.38
55.965,2644.7,160.8,100.0,0.0,0.0,3,5994,0.111,0.407,71.3,68.1,73.9,72.1,23.24,22.74,23.66,23.38
55.981,2645.4,161.1,100.0,0.0,0.0,3,6008,0.128,0.433,71.3,68.1,73.9,72.1,23.24,22.74,23.66,23.38
55.997,2646.1,161.3,100.0,0.0,0.0,3,6010,0.136,0.435,71.3,68.1,73.9,72.1,23.24,22.74,23.66,23.38
56.013,2646.8,161.6,100.0,0.0,0.0,3,6013,0.135,0.479,71.3,68.1,73.9,72.1,23.24,22.74,23.67,23.38
56.028,2647.5,161.8,100.0,0.0,0.0,3,6022,0.126,0.447,71.3,68.1,73.9,72.1,23.24,22.74,23.67,23.38
56.043,2648.2,162.0,100.0,0.0,0.0,3,6038,0.115,0.429,71.3,68.1,73.9,72.1,23.24,22.74,23.67,23.38
56.058,2648.9,162.2,100.0,0.0,0.0,3,6049,0.126,0.447,71.3,68.1,73.9,72.1,23.24,22.74,23.67,23.38
56.075,2649.6,162.5,100.0,0.0,0.0,3,6051,0.121,0.463,71.3,68.1,73.9,72.1,23.24,22.74,23.67,23.38
56.09,2650.3,162.8,100.0,0.0,0.0,3,6051,0.101,0.453,71.3,68.1,73.9,72.1,23.24,22.74,23.67,23.38
56.106,2651.0,163.0,100.0,0.0,-0.0,3,6052,0.115,0.454,71.3,68.1,73.9,72.1,23.24,22.74,23.67,23.38
56.121,2651.7,163.3,100.0,0.0,-0.01,3,6065,0.12,0.422,71.3,68.1,73.9,72.1,23.24,22.74,23.67,23.38
56.136,2652.4,163.5,100.0,0.0,-0.01,3,6090,0.137,0.409,71.3,68.1,73.9,72.1,23.24,22.73,23.67,23.38
56.152,2653.1,163.7,100.0,0.0,-0.02,3,6098,0.156,0.464,71.3,68.1,73.9,72.1,23.24,22.73,23.67,23.38
56.167,2653.8,163.9,100.0,0.0,-0.02,3,6102,0.155,0.452,71.3,68.1,73.9,72.1,23.24,22.73,23.67,23.38
56.182,2654.5,164.2,100.0,0.0,-0.03,3,6105,0.206,0.459,71.2,68.1,73.9,72.1,23.24,22.73,23.67,23.38
56.198,2655.2,164.4,100.0,0.0,-0.03,3,6110,0.213,0.442,71.2,68.1,73.9,72.1,23.24,22.73,23.67,23.38
56.214,2656.0,164.7,100.0,0.0,-0.04,3,6121,0.26,0.423,71.2,68.1,73.9,72.1,23.24,22.73,23.67,23.38
56.228,2656.6,164.9,100.0,0.0,-0.04,3,6132,0.269,0.423,71.2,68.1,73.9,72.2,23.24,22.73,23.67,23.38
56.244,2657.3,165.1,100.0,0.0,-0.05,3,6142,0.291,0.426,71.2,68.1,73.9,72.2,23.24,22.73,23.67,23.38
56.26,2658.1,165.3,100.0,0.0,-0.05,3,6150,0.337,0.434,71.2,68.1,73.9,72.2,23.24,22.73,23.67,23.38
56.275,2658.8,165.6,100.0,0.0,-0.06,3,6152,0.366,0.435,71.2,68.1,73.9,72.2,23.24,22.73,23.67,23.38
56.29,2659.5,165.8,100.0,0.0,-0.02,3,6161,0.408,0.429,71.2,68.1,73.9,72.2,23.24,22.73,23.67,23.38
56.306,2660.2,166.1,100.0,0.0,0.0,3,6170,0.263,0.421,71.2,68.1,73.9,72.2,23.24,22.73,23.67,23.38
56.321,2660.9,166.3,100.0,0.0,0.0,3,6174,0.224,0.453,71.2,68.1,73.9,72.2,23.24,22.73,23.67,23.39
56.337,2661.6,166.5,100.0,0.0,0.0,3,6179,0.251,0.46,71.2,68.1,73.9,72.2,23.24,22.73,23.67,23.39
56.353,2662.4,166.8,100.0,0.0,0.0,3,6186,0.229,0.427,71.2,68.1,73.9,72.2,23.24,22.73,23.67,23.39
56.369,2663.1,167.0,100.0,0.0,0.0,3,6194,0.226,0.424,71.2,68.1,73.9,72.2,23.24,22.73,23.67,23.39
56.384,2663.8,167.2,100.0,0.0,0.0,3,6217,0.213,0.396,71.2,68.1,73.9,72.2,23.24,22.73,23.67,23.39
56.4,2664.5,167.4,100.0,0.0,0.0,3,6248,0.181,0.353,71.2,68.1,73.9,72.2,23.24,22.73,23.67,23.39
56.415,2665.3,167.6,100.0,0.0,0.0,3,6265,0.191,0.404,71.2,68.1,73.9,72.2,23.24,22.73,23.67,23.39
56.431,2666.0,167.9,100.0,0.0,0.0,3,6294,0.199,0.38,71.2,68.1,73.9,72.2,23.24,22.73,23.67,23.39
56.447,2666.7,168.1,100.0,0.0,0.0,3,6284,0.213,0.457,71.2,68.1,73.9,72.2,23.24,22.73,23.67,23.39
56.462,2667.5,168.4,100.0,0.0,0.0,3,6260,0.253,0.488,71.2,68.1,73.9,72.2,23.23,22.73,23.67,23.39
56.478,2668.2,168.6,100.0,0.0,0.0,3,6253,0.236,0.444,71.2,68.1,73.9,72.2,23.23,22.73,23.67,23.39
56.493,2668.9,168.8,100.0,0.0,0.0,3,6253,0.215,0.418,71.2,68.1,73.9,72.2,23.23,22.73,23.67,23.39
56.51,2669.7,169.1,100.0,0.0,0.0,3,6270,0.151,0.408,71.2,68.1,73.9,72.2,23.23,22.73,23.67,23.39
56.525,2670.4,169.3,100.0,0.0,0.0,3,6269,0.168,0.448,71.2,68.0,73.9,72.2,23.23,22.73,23.67,23.39
56.54,2671.1,169.6,100.0,0.0,0.0,3,6277,0.124,0.415,71.2,68.0,73.9,72.2,23.23,22.73,23.67,23.39
56.556,2671.8,169.8,100.0,0.0,0.0,3,6296,0.108,0.409,71.2,68.0,73.9,72.2,23.23,22.73,23.67,23.39
56.571,2672.6,170.0,100.0,0.0,0.0,3,6320,0.073,0.358,71.2,68.0,73.9,72.2,23.23,22.73,23.67,23.39
56.587,2673.3,170.2,100.0,0.0,0.0,3,6334,0.061,0.413,71.2,68.0,73.9,72.2,23.23,22.73,23.67,23.39
56.603,2674.1,170.4,100.0,0.0,0.0,3,6345,0.063,0.393,71.2,68.0,73.9,72.2,23.23,22.73,23.67,23.39
56.619,2674.8,170.6,100.0,0.0,0.0,3,6349,0.053,0.419,71.2,68.0,73.9,72.2,23.23,22.73,23.67,23.39
56.635,2675.6,170.9,100.0,0.0,0.0,3,6357,0.05,0.379,71.2,68.0,73.9,72.2,23.23,22.73,23.67,23.39
56.651,2676.3,171.1,100.0,0.0,0.0,3,6366,0.047,0.389,71.2,68.0,73.9,72.2,23.23,22.73,23.67,23.39
56.666,2677.1,171.3,100.0,0.0,0.0,3,6377,0.027,0.399,71.2,68.0,73.9,72.2,23.23,22.72,23.67,23.39
56.681,2677.8,171.5,100.0,0.0,0.0,3,6380,0.022,0.416,71.2,68.0,73.9,72.2,23.23,22.72,23.67,23.39
56.696,2678.5,171.8,100.0,0.0,0.0,3,6375,0.008,0.428,71.2,68.0,73.9,72.2,23.23,22.72,23.67,23.39
56.712,2679.3,172.0,100.0,0.0,0.0,3,6374,0.002,0.421,71.2,68.0,73.9,72.2,23.23,22.72,23.67,23.39
56.728,2680.0,172.3,100.0,0.0,0.0,3,6381,0.006,0.413,71.2,68.0,73.9,72.2,23.23,22.72,23.67,23.39
56.743,2680.8,172.5,100.0,0.0,0.0,3,6392,0.002,0.39,71.2,68.0,73.9,72.2,23.23,22.72,23.67,23.39
56.758,2681.5,172.7,0.0,0.0,0.0,0,6371,0.024,0.412,71.2,68.0,73.9,72.2,23.23,22.72,23.67,23.39
56.774,2682.2,172.7,0.0,0.0,0.0,0,6299,-0.011,-0.127,71.2,68.0,73.9,72.2,23.23,22.72,23.67,23.39
56.789,2683.0,172.6,0.0,0.0,0.0,0,6228,0.011,-0.051,71.2,68.0,73.9,72.2,23.23,22.72,23.67,23.39
56.805,2683.7,172.6,0.0,0.0,0.0,0,6158,0.014,-0.061,71.2,68.0,73.9,72.2,23.23,22.72,23.67,23.39
56.82,2684.5,172.6,0.0,0.0,0.0,0,6090,-0.002,-0.079,71.2,68.0,73.9,72.2,23.23,22.72,23.67,23.39
56.835,2685.2,172.5,0.0,0.0,0.0,0,6023,0.017,-0.072,71.2,68.0,73.9,72.2,23.23,22.72,23.67,23.39
56.851,2685.9,172.5,0.0,0.0,0.0,0,5943,-0.018,-0.074,71.2,68.0,73.9,72.2,23.23,22.72,23.67,23.39
56.866,2686.7,172.6,0.0,0.0,0.0,4,5133,-0.009,0.742,71.2,68.0,73.9,72.2,23.23,22.72,23.67,23.39
56.882,2687.4,172.8,0.0,0.0,0.0,4,4987,0.001,0.053,71.2,68.0,73.9,72.2,23.23,22.72,23.67,23.39
56.897,2688.2,172.7,0.0,0.0,0.0,4,4995,0.044,-0.131,71.2,68.0,73.9,72.2,23.23,22.72,23.67,23.39
56.914,2689.0,172.7,0.0,0.0,0.0,4,4995,-0.014,-0.118,71.2,68.0,73.9,72.2,23.23,22.72,23.67,23.39
56.929,2689.7,172.6,0.0,0.0,0.0,4,4993,-0.005,-0.113,71.2,68.0,73.9,72.2,23.23,22.72,23.67,23.39
56.944,2690.4,172.5,0.0,0.0,0.0,4,4992,0.008,-0.125,71.2,68.0,73.9,72.2,23.23,22.72,23.67,23.39
56.96,2691.1,172.5,0.0,0.0,0.0,4,4990,-0.007,-0.096,71.2,68.0,73.9,72.2,23.23,22.72,23.67,23.39
56.976,2691.9,172.4,0.0,0.0,0.0,4,4989,0.009,-0.101,71.2,68.0,73.9,72.2,23.23,22.72,23.67,23.39
56.991,2692.7,172.4,0.0,0.0,0.0,4,4987,-0.017,-0.104,71.2,68.0,73.9,72.2,23.23,22.72,23.67,23.39
57.006,2693.4,172.3,0.0,0.0,0.0,4,4984,0.01,-0.112,71.2,68.0,73.9,72.2,23.23,22.72,23.67,23.39
57.022,2694.1,172.2,0.0,0.0,0.0,4,4983,-0.008,-0.111,71.2,68.0,73.9,72.2,23.23,22.72,23.67,23.39
57.037,2694.9,172.3,100.0,0.0,0.0,4,5096,-0.02,0.283,71.2,68.0,73.9,72.2,23.23,22.72,23.67,23.39
57.053,2695.6,172.5,100.0,0.0,0.0,4,5098,-0.01,0.407,71.2,68.0,73.9,72.2,23.23,22.72,23.67,23.39
57.069,2696.4,172.7,100.0,0.0,0.0,4,5100,-0.014,0.398,71.2,68.0,73.9,72.2,23.23,22.72,23.67,23.39
57.085,2697.1,172.9,100.0,0.0,0.0,4,5106,-0.012,0.389,71.2,68.0,73.9,72.2,23.23,22.72,23.67,23.39
57.101,2697.9,173.1,100.0,0.0,0.0,4,5108,-0.002,0.403,71.2,68.0,74.0,72.2,23.23,22.72,23.67,23.39
57.116,2698.7,173.4,100.0,0.0,0.0,4,5113,-0.013,0.395,71.2,68.0,74.0,72.2,23.22,22.72,23.67,23.39
57.132,2699.4,173.6,100.0,0.0,0.0,4,5119,-0.007,0.416,71.2,68.0,74.0,72.2,23.22,22.72,23.67,23.39
57.147,2700.1,173.8,100.0,0.0,0.0,4,5128,-0.01,0.393,71.2,68.0,74.0,72.2,23.22,22.72,23.67,23.39
57.162,2700.9,174.0,100.0,0.0,0.0,4,5137,0.01,0.376,71.2,68.0,74.0,72.2,23.22,22.72,23.67,23.39
57.178,2701.6,174.2,100.0,0.0,0.0,4,5140,-0.008,0.397,71.1,68.0,74.0,72.2,23.22,22.72,23.67,23.39
57.194,2702.4,174.4,100.0,0.0,0.0,4,5151,-0.012,0.373,71.1,68.0,74.0,72.2,23.22,22.71,23.67,23.39
57.21,2703.2,174.6,100.0,0.0,0.0,4,5156,-0.005,0.396,71.1,68.0,74.0,72.2,23.22,22.71,23.67,23.39
57.226,2704.0,174.9,100.0,0.0,0.0,4,5156,0.004,0.397,71.1,68.0,74.0,72.2,23.22,22.71,23.67,23.39
57.241,2704.7,175.1,100.0,0.0,0.0,4,5162,-0.019,0.377,71.1,68.0,74.0,72.2,23.22,22.71,23.67,23.39
57.256,2705.4,175.3,100.0,0.0,0.0,4,5167,-0.014,0.391,71.1,68.0,74.0,72.2,23.22,22.71,23.67,23.39
57.272,2706.2,175.5,100.0,0.0,0.0,4,5171,-0.014,0.37,71.1,68.0,74.0,72.2,23.22,22.71,23.67,23.39
57.287,2706.9,175.7,100.0,0.0,0.0,4,5181,0.007,0.384,71.1,68.0,74.0,72.2,23.22,22.71,23.67,23.39
57.303,2707.7,175.9,100.0,0.0,0.0,4,5189,-0.014,0.398,71.1,68.0,74.0,72.2,23.22,22.71,23.67,23.39
57.319,2708.5,176.2,100.0,0.0,0.0,4,5198,-0.019,0.395,71.1,68.0,74.0,72.2,23.22,22.71,23.67,23.39
57.334,2709.2,176.4,100.0,0.0,0.0,4,5203,-0.011,0.382,71.1,67.9,74.0,72.2,23.22,22.71,23.67,23.39
57.35,2710.0,176.6,100.0,0.0,0.0,4,5210,-0.002,0.371,71.1,67.9,74.0,72.2,23.22,22.71,23.67,23.39
57.365,2710.8,176.8,100.0,0.0,0.0,4,5216,-0.005,0.396,71.1,67.9,74.0,72.2,23.22,22.71,23.67,23.39
57.381,2711.5,177.0,100.0,0.0,0.0,4,5227,-0.004,0.376,71.1,67.9,74.0,72.2,23.22,22.71,23.67,23.39
57.397,2712.3,177.2,100.0,0.0,0.0,4,5232,-0.006,0.389,71.1,67.9,74.0,72.2,23.22,22.71,23.68,23.39
57.412,2713.1,177.4,100.0,0.0,0.0,4,5234,-0.042,0.4,71.1,67.9,74.0,72.2,23.22,22.71,23.68,23.39
57.428,2713.9,177.6,100.0,0.0,0.0,4,5236,-0.007,0.384,71.1,67.9,74.0,72.2,23.22,22.71,23.68,23.39
57.443,2714.6,177.8,100.0,0.0,0.0,4,5246,-0.005,0.399,71.1,67.9,74.0,72.2,23.22,22.71,23.68,23.39
57.458,2715.4,178.0,100.0,0.0,0.0,4,5248,-0.006,0.421,71.1,67.9,74.0,72.2,23.22,22.71,23.68,23.39
57.474,2716.1,178.2,100.0,0.0,0.0,4,5254,-0.036,0.379,71.1,67.9,74.0,72.2,23.22,22.71,23.68,23.39
57.489,2716.9,178.4,100.0,0.0,0.0,4,5258,-0.017,0.414,71.1,67.9,74.0,72.2,23.22,22.71,23.68,23.39
57.505,2717.7,178.7,100.0,0.0,0.0,4,5270,-0.023,0.37,71.1,67.9,74.0,72.2,23.22,22.71,23.68,23.39
57.521,2718.4,178.9,100.0,0.0,0.0,4,5284,-0.015,0.354,71.1,67.9,74.0,72.2,23.22,22.71,23.68,23.39
57.536,2719.2,179.1,100.0,0.0,0.0,4,5291,-0.018,0.372,71.1,67.9,74.0,72.2,23.22,22.71,23.68,23.39
57.552,2720.0,179.3,100.0,0.0,0.0,4,5298,-0.027,0.372,71.1,67.9,74.0,72.2,23.22,22.71,23.68,23.39
57.568,2720.8,179.5,100.0,0.0,-0.0,4,5300,-0.028,0.396,71.1,67.9,74.0,72.2,23.22,22.71,23.68,23.39
57.583,2721.6,179.7,100.0,0.0,-0.01,4,5305,-0.007,0.368,71.1,67.9,74.0,72.2,23.22,22.71,23.68,23.39
57.599,2722.3,179.9,100.0,0.0,-0.01,4,5311,0.01,0.373,71.1,67.9,74.0,72.2,23.22,22.71,23.68,23.39
57.614,2723.1,180.1,100.0,0.0,-0.01,4,5318,0.049,0.4,71.1,67.9,74.0,72.2,23.22,22.71,23.68,23.39
57.63,2723.9,180.3,100.0,0.0,-0.02,4,5321,0.063,0.407,71.1,67.9,74.0,72.2,23.22,22.71,23.68,23.39
57.645,2724.7,180.5,100.0,0.0,-0.02,4,5326,0.091,0.388,71.1,67.9,74.0,72.2,23.22,22.7,23.68,23.39
57.661,2725.5,180.8,100.0,0.0,-0.01,4,5332,0.154,0.383,71.1,67.9,74.0,72.2,23.22,22.7,23.68,23.39
57.676,2726.2,180.9,100.0,0.0,0.0,4,5337,0.07,0.36,71.1,67.9,74.0,72.2,23.21,22.7,23.68,23.39
57.692,2727.0,181.2,100.0,0.0,0.0,4,5342,0.055,0.372,71.1,67.9,74.0,72.2,23.21,22.7,23.68,23.39
57.707,2727.8,181.4,100.0,0.0,0.0,4,5348,0.046,0.379,71.1,67.9,74.0,72.2,23.21,22.7,23.68,23.39
57.723,2728.6,181.6,100.0,0.0,0.0,4,5352,0.071,0.37,71.1,67.9,74.0,72.2,23.21,22.7,23.68,23.39
57.739,2729.4,181.8,100.0,0.0,0.0,4,5358,0.076,0.394,71.1,67.9,74.0,72.2,23.21,22.7,23.68,23.39
57.754,2730.2,182.0,100.0,0.0,0.0,4,5364,0.078,0.382,71.1,67.9,74.0,72.2,23.21,22.7,23.68,23.39
57.77,2731.0,182.2,100.0,0.0,0.0,4,5374,0.098,0.369,71.1,67.9,74.0,72.2,23.21,22.7,23.68,23.39
57.786,2731.8,182.4,100.0,0.0,0.0,4,5383,0.086,0.366,71.1,67.9,74.0,72.2,23.21,22.7,23.68,23.39
57.801,2732.6,182.6,100.0,0.0,0.0,4,5391,0.094,0.367,71.1,67.9,74.0,72.2,23.21,22.7,23.68,23.39
57.816,2733.3,182.8,100.0,0.0,0.0,4,5396,0.056,0.363,71.1,67.9,74.0,72.2,23.21,22.7,23.68,23.39
57.832,2734.1,183.0,100.0,0.0,0.0,4,5399,0.064,0.382,71.1,67.9,74.0,72.2,23.21,22.7,23.68,23.39
57.848,2734.9,183.2,100.0,0.0,0.0,4,5399,0.064,0.379,71.1,67.9,74.0,72.2,23.21,22.7,23.68,23.39
57.864,2735.7,183.5,100.0,0.0,0.0,4,5401,0.058,0.385,71.1,67.9,74.0,72.2,23.21,22.7,23.68,23.39
57.879,2736.5,183.6,100.0,0.0,0.0,4,5408,0.033,0.349,71.1,67.9,74.0,72.2,23.21,22.7,23.68,23.39
57.895,2737.3,183.8,100.0,0.0,0.0,4,5415,0.024,0.374,71.1,67.9,74.0,72.2,23.21,22.7,23.68,23.39
57.91,2738.1,184.1,100.0,0.0,0.0,4,5422,0.036,0.373,71.1,67.9,74.0,72.2,23.21,22.7,23.68,23.39
57.926,2738.9,184.3,100.0,0.0,0.0,4,5433,0.02,0.372,71.1,67.9,74.0,72.2,23.21,22.7,23.68,23.39
57.942,2739.7,184.5,100.0,0.0,0.0,4,5439,0.036,0.395,71.1,67.9,74.0,72.2,23.21,22.7,23.68,23.39
57.957,2740.5,184.7,100.0,0.0,0.0,4,5447,0.019,0.368,71.1,67.9,74.0,72.2,23.21,22.7,23.68,23.39
57.973,2741.3,184.9,100.0,0.0,0.0,4,5455,0.002,0.352,71.1,67.9,74.0,72.2,23.21,22.7,23.68,23.39
57.988,2742.1,185.1,100.0,0.0,0.0,4,5466,0.003,0.367,71.1,67.9,74.0,72.2,23.21,22.7,23.68,23.39
58.003,2742.9,185.3,100.0,0.0,0.0,4,5471,-0.014,0.372,71.1,67.9,74.0,72.2,23.21,22.7,23.68,23.39
58.019,2743.7,185.5,100.0,0.0,0.0,4,5468,-0.007,0.398,71.0,67.9,74.0,72.2,23.21,22.7,23.68,23.39
58.034,2744.5,185.7,100.0,0.0,0.0,4,5472,0.013,0.388,71.0,67.9,74.0,72.2,23.21,22.7,23.68,23.39
58.05,2745.3,185.9,100.0,0.0,0.0,4,5475,0.007,0.375,71.0,67.9,74.0,72.2,23.21,22.7,23.68,23.39
58.065,2746.1,186.1,100.0,0.0,0.0,4,5479,-0.014,0.38,71.0,67.9,74.0,72.2,23.21,22.7,23.68,23.39
58.081,2746.9,186.3,100.0,0.0,0.0,4,5482,0.009,0.38,71.0,67.9,74.0,72.2,23.21,22.7,23.68,23.39
58.096,2747.7,186.5,100.0,0.0,0.0,4,5493,0.0,0.365,71.0,67.9,74.0,72.2,23.21,22.7,23.68,23.39
58.112,2748.5,186.7,100.0,0.0,0.0,4,5500,-0.003,0.372,71.0,67.9,74.0,72.2,23.21,22.7,23.68,23.39
58.128,2749.3,186.9,100.0,0.0,0.0,4,5510,-0.012,0.353,71.0,67.9,74.0,72.2,23.21,22.7,23.68,23.39
58.144,2750.1,187.1,100.0,0.0,0.0,4,5516,0.007,0.36,71.0,67.9,74.0,72.2,23.21,22.7,23.68,23.39
58.159,2751.0,187.3,100.0,0.0,0.0,4,5528,-0.001,0.354,71.0,67.8,74.0,72.2,23.2,22.7,23.68,23.39
58.175,2751.8,187.5,100.0,0.0,0.0,4,5533,-0.011,0.382,71.0,67.8,74.0,72.2,23.2,22.7,23.68,23.39
58.191,2752.6,187.7,100.0,0.0,0.0,4,5541,-0.01,0.35,71.0,67.8,74.0,72.2,23.2,22.7,23.68,23.39
58.206,2753.4,187.9,100.0,0.0,0.0,4,5547,-0.004,0.345,71.0,67.8,74.0,72.2,23.2,22.69,23.68,23.39
58.222,2754.2,188.1,100.0,0.0,-0.0,4,5554,-0.023,0.337,71.0,67.8,74.0,72.2,23.2,22.69,23.68,23.39
58.237,2755.0,188.3,100.0,0.0,-0.01,4,5553,-0.009,0.381,71.0,67.8,74.0,72.2,23.2,22.69,23.68,23.39
58.253,2755.9,188.5,100.0,0.0,-0.01,4,5549,0.03,0.377,71.0,67.8,74.0,72.2,23.2,22.69,23.68,23.39
58.269,2756.7,188.7,100.0,0.0,-0.01,4,5553,0.029,0.365,71.0,67.8,74.0,72.2,23.2,22.69,23.68,23.39
58.284,2757.5,188.9,100.0,0.0,-0.02,4,5558,0.046,0.38,71.0,67.8,74.0,72.2,23.2,22.69,23.68,23.39
58.3,2758.3,189.1,100.0,0.0,-0.02,4,5564,0.068,0.377,71.0,67.8,74.0,72.2,23.2,22.69,23.68,23.4
58.315,2759.1,189.3,100.0,0.0,-0.03,4,5573,0.107,0.344,71.0,67.8,74.0,72.2,23.2,22.69,23.68,23.4
58.331,2759.9,189.5,100.0,0.0,-0.03,4,5582,0.119,0.338,71.0,67.8,74.0,72.2,23.2,22.69,23.68,23.4
58.347,2760.8,189.7,100.0,0.0,0.0,4,5590,0.075,0.355,71.0,67.8,74.0,72.2,23.2,22.69,23.68,23.4
58.362,2761.6,189.9,100.0,0.0,0.0,4,5600,0.038,0.329,71.0,67.8,74.0,72.2,23.2,22.69,23.68,23.4
58.378,2762.4,190.1,100.0,0.0,0.0,4,5609,0.088,0.363,71.0,67.8,74.0,72.2,23.2,22.69,23.68,23.4
58.394,2763.3,190.3,100.0,0.0,0.0,4,5620,0.082,0.364,71.0,67.8,74.0,72.2,23.2,22.69,23.68,23.4
58.409,2764.1,190.5,100.0,0.0,0.0,4,5620,0.101,0.379,71.0,67.8,74.0,72.2,23.2,22.69,23.68,23.4
58.425,2764.9,190.7,100.0,0.0,0.0,4,5620,0.118,0.375,71.0,67.8,74.0,72.2,23.2,22.69,23.68,23.4
58.441,2765.7,190.9,100.0,0.0,0.0,4,5624,0.105,0.383,71.0,67.8,74.0,72.2,23.2,22.69,23.68,23.4
58.456,2766.6,191.1,100.0,0.0,0.0,4,5628,0.095,0.353,71.0,67.8,74.0,72.2,23.2,22.69,23.68,23.4
58.472,2767.4,191.3,100.0,0.0,0.0,4,5635,0.104,0.351,71.0,67.8,74.0,72.2,23.2,22.69,23.68,23.4
58.488,2768.2,191.5,100.0,0.0,0.0,4,5645,0.08,0.346,71.0,67.8,74.0,72.2,23.2,22.69,23.68,23.4
58.503,2769.1,191.7,100.0,0.0,0.0,4,5650,0.079,0.369,71.0,67.8,74.0,72.2,23.2,22.69,23.68,23.4
58.519,2769.9,191.9,100.0,0.0,0.0,4,5656,0.076,0.342,71.0,67.8,74.0,72.2,23.2,22.69,23.69,23.4
58.535,2770.7,192.1,100.0,0.0,0.0,4,5658,0.074,0.361,71.0,67.8,74.0,72.2,23.2,22.69,23.69,23.4
58.55,2771.6,192.3,100.0,0.0,0.0,4,5662,0.056,0.356,71.0,67.8,74.0,72.2,23.2,22.69,23.69,23.4
58.565,2772.4,192.5,100.0,0.0,0.0,4,5661,0.059,0.366,71.0,67.8,74.0,72.2,23.2,22.69,23.69,23.4
58.581,2773.2,192.7,100.0,0.0,0.0,4,5666,0.041,0.328,71.0,67.8,74.0,72.2,23.2,22.69,23.69,23.4
58.596,2774.1,192.9,100.0,0.0,0.0,4,5671,0.06,0.359,71.0,67.8,74.0,72.2,23.2,22.69,23.69,23.4
58.612,2774.9,193.0,100.0,0.0,0.0,4,5680,0.043,0.337,71.0,67.8,74.0,72.2,23.2,22.69,23.69,23.4
58.628,2775.7,193.3,100.0,0.0,0.0,4,5689,0.036,0.366,71.0,67.8,74.0,72.2,23.2,22.69,23.69,23.4
58.643,2776.6,193.4,100.0,0.0,0.0,4,5693,0.015,0.349,71.0,67.8,74.0,72.2,23.2,22.69,23.69,23.4
58.659,2777.4,193.6,100.0,0.0,0.0,4,5701,0.003,0.351,71.0,67.8,74.0,72.2,23.19,22.69,23.69,23.4
58.674,2778.2,193.8,100.0,0.0,0.0,4,5706,0.015,0.345,71.0,67.8,74.0,72.2,23.19,22.69,23.69,23.4
58.69,2779.1,194.0,100.0,0.0,0.0,4,5716,0.009,0.335,71.0,67.8,74.0,72.2,23.19,22.69,23.69,23.4
58.706,2779.9,194.2,100.0,0.0,0.0,4,5721,0.003,0.344,71.0,67.8,74.0,72.2,23.19,22.69,23.69,23.4
58.722,2780.8,194.4,100.0,0.0,0.0,4,5725,-0.013,0.359,71.0,67.8,74.0,72.2,23.19,22.69,23.69,23.4
58.738,2781.7,194.6,0.0,0.0,0.0,4,5619,-0.026,0.11,71.0,67.8,74.0,72.2,23.19,22.69,23.69,23.4
58.753,2782.5,194.5,0.0,0.0,0.0,4,5622,0.012,-0.14,71.0,67.8,74.0,72.2,23.19,22.69,23.69,23.4
58.769,2783.3,194.5,0.0,0.0,0.0,4,5620,-0.006,-0.136,71.0,67.8,74.0,72.2,23.19,22.69,23.69,23.4
58.785,2784.2,194.4,0.0,0.0,0.0,4,5618,-0.016,-0.135,71.0,67.8,74.0,72.2,23.19,22.69,23.69,23.4
58.8,2785.0,194.3,0.0,0.0,0.0,4,5616,-0.032,-0.12,71.0,67.8,74.0,72.2,23.19,22.68,23.69,23.4
58.816,2785.9,194.2,0.0,0.0,0.0,4,5615,-0.027,-0.144,71.0,67.8,74.0,72.2,23.19,22.68,23.69,23.4
58.831,2786.7,194.2,0.0,0.0,0.0,4,5612,-0.007,-0.11,71.0,67.8,74.0,72.2,23.19,22.68,23.69,23.4
58.846,2787.5,194.1,0.0,0.0,0.0,4,5610,-0.007,-0.146,70.9,67.8,74.0,72.2,23.19,22.68,23.69,23.4
58.862,2788.4,194.0,0.0,0.0,0.0,4,5608,-0.026,-0.124,70.9,67.8,74.0,72.2,23.19,22.68,23.69,23.4
58.877,2789.2,193.9,0.0,0.0,0.0,4,5607,0.009,-0.134,70.9,67.8,74.0,72.2,23.19,22.68,23.69,23.4
58.893,2790.1,193.9,0.0,0.0,0.0,4,5605,0.004,-0.136,70.9,67.8,74.0,72.2,23.19,22.68,23.69,23.4
58.909,2790.9,193.8,0.0,0.0,0.0,4,5603,0.002,-0.134,70.9,67.8,74.0,72.2,23.19,22.68,23.69,23.4
58.925,2791.8,193.7,0.0,72.2,0.0,4,5531,-0.005,-0.566,70.9,67.8,74.0,72.2,23.19,22.68,23.69,23.4
58.941,2792.6,193.1,0.0,77.1,0.0,4,5496,0.005,-1.246,70.9,67.8,74.0,72.2,23.19,22.68,23.69,23.4
58.957,2793.4,192.4,0.0,80.0,0.0,4,5463,0.034,-1.338,70.9,67.8,74.0,72.2,23.19,22.68,23.69,23.4
58.972,2794.3,191.4,0.0,92.4,0.0,4,5410,-0.04,-1.544,70.9,67.8,74.0,72.2,23.19,22.68,23.69,23.4
58.987,2795.1,190.6,0.0,96.8,0.0,4,5364,-0.015,-1.657,70.9,67.8,74.0,72.2,23.19,22.68,23.69,23.4
59.003,2795.9,189.7,0.0,100.0,0.0,4,5312,0.019,-1.693,70.9,67.8,74.0,72.2,23.19,22.68,23.69,23.4
59.018,2796.7,188.8,0.0,100.0,0.0,4,5273,-0.032,-1.815,70.9,67.8,74.0,72.2,23.19,22.68,23.69,23.4
59.034,2797.5,187.8,0.0,100.0,0.0,4,5231,-0.03,-1.719,70.9,67.8,74.0,72.2,23.19,22.68,23.69,23.4
59.049,2798.3,186.9,0.0,100.0,0.0,4,5190,-0.012,-1.736,70.9,67.8,74.0,72.2,23.19,22.68,23.69,23.4
59.065,2799.1,185.8,0.0,100.0,0.0,4,5164,0.01,-1.808,70.9,67.8,74.0,72.2,23.19,22.68,23.69,23.4
59.081,2799.9,184.9,0.0,100.0,0.0,4,5150,0.017,-1.749,70.9,67.8,74.0,72.2,23.19,22.68,23.69,23.4
59.096,2800.7,184.0,0.0,96.6,0.0,4,5131,-0.012,-1.656,70.9,67.8,74.0,72.2,23.19,22.68,23.69,23.4
59.111,2801.5,183.1,0.0,95.1,0.0,4,5120,0.012,-1.671,70.9,67.8,74.0,72.2,23.19,22.68,23.69,23.4
59.127,2802.3,182.2,0.0,98.4,0.0,4,5104,-0.017,-1.739,70.9,67.8,74.0,72.2,23.19,22.68,23.69,23.4
59.143,2803.1,181.3,0.0,100.0,0.0,4,5076,-0.008,-1.694,70.9,67.8,74.0,72.2,23.19,22.68,23.68,23.4
59.159,2803.9,180.2,0.0,99.0,0.0,4,5030,-0.007,-1.737,70.9,67.8,74.0,72.2,23.19,22.68,23.68,23.4
59.174,2804.6,179.2,0.0,100.0,0.0,4,5020,-0.012,-1.804,70.9,67.8,74.0,72.2,23.19,22.68,23.68,23.4
59.19,2805.4,178.3,0.0,100.0,0.0,4,5005,0.002,-1.77,70.9,67.8,74.0,72.2,23.19,22.68,23.68,23.4
59.205,2806.2,177.4,0.0,100.0,0.0,4,4989,0.018,-1.73,70.9,67.8,74.0,72.2,23.19,22.68,23.68,23.4
59.22,2806.9,176.5,0.0,99.2,0.0,4,4956,0.002,-1.698,70.9,67.8,74.0,72.2,23.19,22.68,23.68,23.39
59.236,2807.7,175.4,0.0,100.0,0.01,4,4925,-0.036,-1.757,70.9,67.8,74.0,72.2,23.19,22.68,23.68,23.39
59.251,2808.4,174.4,0.0,100.0,0.01,4,4894,-0.008,-1.723,70.9,67.8,74.0,72.2,23.19,22.68,23.68,23.39
59.266,2809.2,173.5,0.0,100.0,0.02,4,4858,-0.051,-1.677,70.9,67.8,74.0,72.2,23.19,22.68,23.68,23.39
59.282,2809.9,172.6,0.0,100.0,0.02,4,4827,-0.089,-1.754,70.9,67.8,74.0,72.2,23.19,22.68,23.68,23.39
59.297,2810.6,171.7,0.0,100.0,0.02,4,4808,-0.132,-1.732,70.9,67.8,74.0,72.2,23.19,22.68,23.68,23.39
59.314,2811.4,170.8,0.0,100.0,0.03,4,4787,-0.146,-1.751,70.9,67.8,74.0,72.2,23.19,22.68,23.68,23.39
59.329,2812.2,169.7,0.0,99.6,0.03,4,4758,-0.168,-1.715,70.9,67.8,74.0,72.2,23.19,22.68,23.68,23.39
59.344,2812.9,168.8,0.0,100.0,0.04,4,4736,-0.261,-1.744,70.9,67.8,74.0,72.2,23.19,22.68,23.68,23.39
59.36,2813.6,167.9,0.0,100.0,0.04,4,4712,-0.236,-1.712,70.9,67.8,74.0,72.2,23.19,22.68,23.68,23.39
59.375,2814.3,167.0,0.0,97.5,0.05,4,4686,-0.282,-1.659,70.9,67.8,74.0,72.2,23.19,22.68,23.68,23.39
59.39,2815.0,166.1,0.0,95.0,0.05,4,4664,-0.275,-1.639,70.9,67.8,74.0,72.2,23.19,22.68,23.68,23.39
59.406,2815.7,165.3,0.0,88.7,0.05,4,4655,-0.305,-1.561,70.9,67.8,74.0,72.2,23.19,22.68,23.68,23.39
59.421,2816.4,164.5,0.0,88.2,0.0,4,4639,-0.293,-1.54,70.9,67.8,74.0,72.2,23.19,22.68,23.68,23.39
59.436,2817.1,163.7,0.0,86.1,0.0,4,4612,-0.184,-1.445,70.9,67.8,74.0,72.2,23.19,22.68,23.68,23.39
59.452,2817.8,162.8,0.0,84.8,0.0,4,4579,-0.206,-1.415,70.9,67.8,74.0,72.2,23.19,22.68,23.68,23.39
59.467,2818.5,162.0,0.0,81.5,0.0,4,4548,-0.199,-1.367,70.9,67.8,74.0,72.2,23.19,22.68,23.68,23.39
59.483,2819.2,161.3,0.0,83.0,0.0,4,4527,-0.166,-1.375,70.9,67.7,74.0,72.2,23.19,22.68,23.68,23.39
59.499,2819.9,160.5,0.0,89.5,0.0,4,4490,-0.205,-1.457,70.9,67.7,74.0,72.2,23.19,22.68,23.68,23.39
59.515,2820.6,159.5,0.0,94.7,0.0,4,4440,-0.231,-1.546,70.9,67.7,74.0,72.2,23.19,22.68,23.68,23.39
59.53,2821.3,158.7,0.0,95.2,0.0,4,4395,-0.217,-1.56,70.9,67.7,74.0,72.2,23.19,22.68,23.68,23.39
59.546,2822.0,157.8,0.0,97.7,0.0,4,4363,-0.277,-1.626,70.9,67.7,74.0,72.2,23.19,22.68,23.68,23.39
59.562,2822.7,157.0,0.0,97.1,0.0,4,4363,-0.32,-1.713,70.9,67.7,74.0,72.2,23.19,22.68,23.68,23.39
59.577,2823.3,156.1,0.0,96.9,0.0,4,4362,-0.306,-1.646,70.9,67.7,74.0,72.2,23.19,22.68,23.68,23.39
59.593,2824.0,155.2,0.0,98.8,0.0,4,4351,-0.353,-1.677,70.9,67.7,74.0,72.2,23.19,22.68,23.68,23.39
59.608,2824.6,154.1,0.0,100.0,0.0,4,4321,-0.331,-1.664,70.9,67.7,74.0,72.2,23.19,22.68,23.68,23.39
59.623,2825.3,153.2,0.0,100.0,0.0,4,4291,-0.322,-1.66,70.9,67.7,74.0,72.2,23.19,22.68,23.68,23.39
59.639,2826.0,152.4,0.0,98.2,0.0,4,4267,-0.272,-1.604,70.9,67.7,74.0,72.2,23.19,22.68,23.68,23.38
59.655,2826.6,151.5,0.0,99.7,0.01,4,4246,-0.28,-1.658,70.9,67.7,74.0,72.2,23.19,22.68,23.68,23.38
59.671,2827.3,150.4,0.0,96.2,0.01,4,4226,-0.31,-1.616,70.9,67.7,74.0,72.2,23.19,22.68,23.68,23.38
59.687,2828.0,149.6,0.0,94.7,0.02,4,4204,-0.348,-1.64,70.9,67.7,74.0,72.1,23.19,22.68,23.67,23.38
59.702,2828.6,148.8,0.0,93.1,0.03,4,4177,-0.298,-1.511,70.9,67.7,74.0,72.1,23.19,22.68,23.67,23.38
59.718,2829.3,147.9,0.0,89.1,0.03,4,4160,-0.314,-1.496,70.9,67.7,74.0,72.1,23.19,22.68,23.67,23.38
59.733,2829.9,147.2,0.0,87.6,0.04,4,4141,-0.334,-1.45,70.9,67.7,74.0,72.1,23.19,22.68,23.67,23.38
59.749,2830.5,146.3,0.0,87.4,0.04,4,4117,-0.37,-1.422,70.9,67.7,74.0,72.1,23.19,22.68,23.67,23.38
59.764,2831.1,145.5,0.0,91.5,0.05,4,4089,-0.385,-1.466,70.9,67.7,74.0,72.1,23.19,22.68,23.67,23.38
59.78,2831.8,144.7,0.0,93.8,0.06,4,4053,-0.41,-1.556,70.9,67.7,74.0,72.1,23.19,22.68,23.67,23.38
59.796,2832.4,143.9,0.0,94.1,0.02,4,4018,-0.362,-1.545,70.9,67.7,74.0,72.1,23.19,22.68,23.67,23.38
59.811,2833.0,143.0,0.0,90.1,0.0,4,3988,-0.239,-1.486,70.9,67.7,74.0,72.1,23.19,22.68,23.67,23.38
59.827,2833.7,142.1,0.0,88.3,0.0,4,3972,-0.261,-1.514,70.9,67.7,73.9,72.1,23.19,22.68,23.67,23.38
59.844,2834.3,141.3,0.0,91.0,0.0,4,3965,-0.277,-1.517,70.9,67.7,73.9,72.1,23.19,22.68,23.67,23.38
59.859,2834.9,140.5,0.0,91.2,0.0,4,3946,-0.302,-1.541,70.9,67.7,73.9,72.1,23.19,22.67,23.67,23.38
59.875,2835.5,139.5,0.0,94.5,0.0,4,3906,-0.285,-1.511,70.9,67.7,73.9,72.1,23.19,22.67,23.67,23.38
59.891,2836.1,138.7,0.0,94.9,0.0,4,3869,-0.262,-1.587,70.9,67.7,73.9,72.1,23.19,22.67,23.67,23.38
59.906,2836.7,137.9,0.0,93.6,0.0,4,3841,-0.253,-1.54,70.9,67.7,73.9,72.1,23.19,22.67,23.67,23.38
59.922,2837.3,137.0,0.0,89.6,0.0,4,3828,-0.245,-1.533,70.9,67.7,73.9,72.1,23.19,22.67,23.67,23.38
59.938,2837.9,136.3,0.0,88.9,0.0,4,3816,-0.274,-1.455,70.9,67.7,73.9,72.1,23.19,22.67,23.67,23.38
59.954,2838.5,135.3,0.0,93.2,0.0,4,3796,-0.323,-1.532,70.9,67.7,73.9,72.1,23.19,22.67,23.67,23.38
59.968,2839.0,134.5,0.0,95.2,0.0,4,3769,-0.268,-1.541,70.9,67.7,73.9,72.1,23.19,22.67,23.67,23.38
59.984,2839.6,133.7,0.0,93.8,0.0,4,3737,-0.282,-1.509,70.9,67.7,73.9,72.1,23.19,22.67,23.67,23.38
60.0,2840.2,132.9,0.0,94.8,0.0,4,3707,-0.267,-1.562,70.9,67.7,73.9,72.1,23.19,22.67,23.67,23.37
60.016,2840.8,131.9,0.0,95.4,0.0,4,3675,-0.225,-1.556,70.9,67.7,73.9,72.1,23.19,22.67,23.67,23.37
60.031,2841.4,131.0,0.0,94.7,0.0,4,3667,-0.228,-1.573,70.9,67.7,73.9,72.1,23.19,22.67,23.67,23.37
60.047,2842.0,130.2,0.0,93.9,0.0,4,3654,-0.237,-1.554,70.9,67.7,73.9,72.1,23.19,22.67,23.67,23.37
60.064,2842.5,129.4,0.0,92.6,0.0,4,3630,-0.237,-1.493,70.9,67.7,73.9,72.1,23.19,22.67,23.67,23.37
60.079,2843.1,128.4,0.0,90.9,0.0,4,3609,-0.208,-1.472,70.9,67.7,73.9,72.1,23.19,22.67,23.67,23.37
60.095,2843.6,127.7,0.0,90.1,0.01,4,3591,-0.186,-1.469,70.9,67.7,73.9,72.1,23.19,22.67,23.67,23.37
60.11,2844.2,126.9,0.0,92.1,0.02,4,3567,-0.251,-1.508,70.9,67.7,73.9,72.1,23.19,22.67,23.66,23.37
60.126,2844.7,126.1,0.0,94.2,0.03,4,3538,-0.256,-1.523,70.9,67.7,73.9,72.1,23.18,22.67,23.66,23.37
60.141,2845.3,125.2,0.0,93.6,0.03,4,3511,-0.273,-1.509,70.9,67.7,73.9,72.1,23.18,22.67,23.66,23.37
60.158,2845.8,124.3,30.0,93.3,0.04,0,3532,-0.244,-1.488,70.9,67.7,73.9,72.1,23.18,22.67,23.66,23.37
60.174,2846.4,123.5,50.0,93.5,0.05,0,3781,-0.281,-1.532,70.9,67.7,73.9,72.1,23.18,22.67,23.66,23.37
60.19,2846.9,122.5,50.0,90.9,0.06,0,4087,-0.367,-1.539,70.9,67.7,73.9,72.1,23.18,22.67,23.66,23.37
60.205,2847.4,121.9,49.1,86.2,0.07,0,4289,-0.32,-1.417,70.9,67.7,73.9,72.1,23.18,22.67,23.66,23.37
60.221,2848.0,121.0,32.7,85.8,0.08,0,4519,-0.393,-1.368,70.9,67.7,73.9,72.0,23.18,22.67,23.66,23.37
60.237,2848.5,120.3,19.1,81.2,0.09,0,4622,-0.444,-1.254,70.9,67.7,73.9,72.0,23.18,22.67,23.66,23.37
60.253,2849.0,119.7,5.5,80.9,0.09,0,4643,-0.521,-1.146,70.9,67.7,73.9,72.0,23.18,22.67,23.66,23.37
60.268,2849.5,118.9,0.0,88.2,0.1,0,4595,-0.531,-1.262,70.9,67.7,73.9,72.0,23.18,22.67,23.66,23.37
60.284,2850.1,118.2,0.0,91.7,0.11,0,4553,-0.576,-1.378,70.9,67.7,73.9,72.0,23.18,22.67,23.66,23.37
60.299,2850.6,117.4,0.0,99.3,0.12,0,4511,-0.55,-1.584,70.9,67.7,73.9,72.0,23.18,22.67,23.66,23.37
60.315,2851.1,116.5,0.0,100.0,0.13,3,4471,-0.599,-1.666,70.9,67.7,73.9,72.0,23.18,22.67,23.66,23.37
60.331,2851.6,115.5,0.0,99.5,0.14,3,4313,-0.663,-1.507,70.9,67.7,73.9,72.0,23.18,22.67,23.66,23.36
60.346,2852.1,114.7,0.0,100.0,0.15,3,4090,-0.755,-1.413,70.9,67.7,73.9,72.0,23.18,22.67,23.66,23.36
60.362,2852.6,113.9,0.0,94.4,0.16,3,3951,-0.67,-1.508,70.9,67.7,73.9,72.0,23.18,22.67,23.66,23.36
60.377,2853.0,113.1,0.0,87.2,0.17,3,4044,-0.736,-1.549,70.9,67.7,73.9,72.0,23.18,22.67,23.66,23.36
60.392,2853.5,112.4,0.0,82.0,0.18,3,3924,-0.805,-1.224,70.9,67.7,73.9,72.0,23.18,22.67,23.66,23.36
60.407,2854.0,111.7,0.0,78.8,0.19,3,3931,-0.786,-1.251,70.9,67.7,73.9,72.0,23.18,22.67,23.66,23.36
60.423,2854.5,111.1,0.0,77.1,0.19,3,3945,-0.816,-1.212,70.9,67.7,73.9,72.0,23.18,22.67,23.66,23.36
60.438,2854.9,110.3,0.0,79.2,0.21,3,3912,-0.852,-1.136,70.9,67.7,73.9,72.0,23.18,22.67,23.66,23.36
60.454,2855.4,109.7,0.0,79.0,0.21,3,3861,-0.902,-1.072,70.9,67.7,73.8,72.0,23.18,22.67,23.66,23.36
60.471,2855.9,109.2,0.0,79.6,0.22,3,3807,-0.903,-1.067,70.9,67.7,73.8,72.0,23.18,22.67,23.66,23.36
60.486,2856.4,108.6,0.0,81.2,0.23,3,3765,-0.939,-1.117,70.9,67.7,73.8,72.0,23.18,22.67,23.66,23.36
60.501,2856.8,108.0,0.0,82.3,0.24,3,3738,-0.865,-1.181,70.9,67.7,73.8,72.0,23.18,22.67,23.65,23.36
60.517,2857.3,107.1,0.0,96.6,0.26,3,3705,-0.992,-1.446,70.9,67.7,73.8,72.0,23.18,22.66,23.65,23.36
60.532,2857.8,106.3,0.0,100.0,0.26,3,3679,-0.903,-1.528,70.9,67.7,73.8,72.0,23.18,22.66,23.65,23.36
60.547,2858.2,105.5,0.0,100.0,0.27,3,3646,-0.941,-1.618,70.9,67.7,73.8,72.0,23.18,22.66,23.65,23.36
60.563,2858.7,104.6,0.0,100.0,0.28,3,3599,-1.15,-1.502,70.9,67.7,73.8,72.0,23.18,22.66,23.65,23.36
60.578,2859.1,103.8,0.0,100.0,0.29,3,3528,-1.023,-1.572,70.9,67.7,73.8,72.0,23.18,22.66,23.65,23.36
60.594,2859.5,103.1,0.0,100.0,0.3,3,3458,-1.177,-1.356,70.9,67.7,73.8,72.0,23.18,22.66,23.65,23.36
60.61,2860.0,102.2,0.0,95.3,0.32,3,3476,-1.275,-1.308,70.9,67.6,73.8,72.0,23.18,22.66,23.65,23.36
60.625,2860.4,101.5,0.0,86.1,0.33,3,3436,-1.039,-1.279,70.9,67.6,73.8,72.0,23.18,22.66,23.65,23.35
60.64,2860.9,100.8,0.0,79.7,0.34,3,3469,-1.242,-1.203,70.9,67.6,73.8,72.0,23.18,22.66,23.65,23.35
60.656,2861.3,100.2,50.0,75.8,0.35,0,3601,-1.296,-1.071,70.9,67.6,73.8,72.0,23.18,22.66,23.65,23.35
60.671,2861.7,99.6,50.0,76.9,0.36,0,3856,-1.274,-1.099,70.9,67.6,73.8,72.0,23.18,22.66,23.65,23.35
60.686,2862.1,99.0,50.0,77.7,0.37,0,4110,-1.225,-1.078,70.9,67.6,73.8,72.0,23.18,22.66,23.65,23.35
60.702,2862.5,98.4,43.6,79.1,0.39,0,4351,-1.163,-1.106,70.9,67.6,73.8,72.0,23.18,22.66,23.65,23.35
60.718,2863.0,97.8,30.0,85.5,0.4,0,4519,-1.113,-1.221,70.9,67.6,73.8,71.9,23.18,22.66,23.65,23.35
60.734,2863.4,97.1,13.6,85.0,0.41,0,4613,-1.152,-1.08,70.9,67.6,73.8,71.9,23.18,22.66,23.65,23.35
60.749,2863.8,96.5,0.0,80.7,0.43,0,4603,-1.106,-0.991,70.9,67.6,73.8,71.9,23.18,22.66,23.65,23.35
60.765,2864.3,96.0,0.0,82.0,0.44,0,4560,-1.101,-1.034,70.9,67.6,73.8,71.9,23.18,22.66,23.65,23.35
60.781,2864.7,95.4,0.0,84.5,0.45,0,4519,-1.239,-0.965,70.9,67.6,73.8,71.9,23.18,22.66,23.65,23.35
60.797,2865.1,94.7,0.0,80.8,0.47,2,4470,-1.041,-1.086,70.9,67.6,73.8,71.9,23.18,22.66,23.65,23.35
60.812,2865.5,94.2,0.0,80.0,0.48,2,4422,-1.101,-1.12,70.9,67.6,73.8,71.9,23.18,22.66,23.65,23.35
60.828,2865.9,93.6,0.0,81.7,0.5,2,4253,-1.233,-0.969,70.9,67.6,73.8,71.9,23.18,22.66,23.65,23.35
60.844,2866.3,92.9,0.0,82.5,0.51,2,4123,-1.198,-0.966,70.9,67.6,73.8,71.9,23.18,22.66,23.65,23.35
60.86,2866.7,92.4,0.0,81.3,0.52,2,4193,-1.185,-0.979,70.9,67.6,73.8,71.9,23.18,22.66,23.65,23.35
60.876,2867.1,91.8,0.0,86.0,0.54,2,4036,-1.222,-1.023,70.9,67.6,73.8,71.9,23.18,22.66,23.65,23.35
60.892,2867.5,91.2,0.0,86.0,0.55,2,4127,-1.116,-1.173,70.9,67.6,73.8,71.9,23.18,22.66,23.65,23.35
60.907,2867.9,90.7,0.0,86.4,0.56,2,4084,-1.236,-0.986,70.9,67.6,73.8,71.9,23.18,22.66,23.65,23.35
60.923,2868.3,90.1,0.0,81.3,0.58,2,3985,-1.21,-0.996,70.9,67.6,73.8,71.9,23.18,22.66,23.65,23.34
60.939,2868.7,89.5,0.0,82.9,0.59,2,3935,-1.268,-1.017,70.9,67.6,73.8,71.9,23.18,22.66,23.65,23.34
60.955,2869.1,88.9,0.0,81.7,0.61,2,3895,-1.14,-1.09,70.9,67.6,73.8,71.9,23.18,22.66,23.64,23.34
60.97,2869.5,88.3,0.0,81.7,0.62,2,3867,-1.238,-0.921,70.9,67.6,73.8,71.9,23.18,22.66,23.64,23.34
60.986,2869.9,87.7,0.0,80.7,0.64,2,3858,-1.19,-1.044,70.9,67.6,73.8,71.9,23.18,22.66,23.64,23.34
61.002,2870.3,87.2,0.0,80.8,0.65,2,3847,-1.268,-1.052,70.9,67.6,73.8,71.9,23.18,22.65,23.64,23.34
61.017,2870.6,86.7,0.0,81.8,0.66,2,3821,-1.162,-1.037,70.9,67.6,73.8,71.9,23.18,22.65,23.64,23.34
61.032,2871.0,86.1,0.0,84.8,0.68,2,3769,-1.358,-0.808,70.9,67.6,73.8,71.9,23.18,22.65,23.64,23.34
61.047,2871.3,85.6,0.0,81.6,0.69,2,3719,-1.133,-1.079,70.9,67.6,73.8,71.9,23.18,22.65,23.64,23.34
61.064,2871.7,85.0,0.0,81.3,0.71,2,3667,-1.319,-0.894,70.9,67.6,73.8,71.9,23.18,22.65,23.64,23.34
61.079,2872.1,84.5,0.0,81.3,0.72,2,3675,-1.291,-0.901,70.9,67.6,73.8,71.9,23.18,22.65,23.64,23.34
61.095,2872.5,84.0,0.0,82.1,0.73,2,3644,-1.165,-1.039,70.9,67.6,73.8,71.9,23.18,22.65,23.64,23.34
61.11,2872.8,83.5,0.0,83.3,0.75,2,3605,-1.312,-0.927,70.9,67.6,73.8,71.9,23.18,22.65,23.64,23.34
61.126,2873.2,82.8,0.0,87.2,0.76,2,3576,-1.336,-0.937,70.9,67.6,73.8,71.9,23.18,22.65,23.64,23.34
61.141,2873.5,82.3,0.0,88.4,0.78,2,3571,-1.179,-1.204,70.9,67.6,73.8,71.9,23.18,22.65,23.64,23.34
61.157,2873.9,81.7,0.0,0.0,0.79,2,3640,-1.474,-0.765,70.9,67.6,73.7,71.9,23.18,22.65,23.64,23.34
61.173,2874.2,81.4,0.0,0.0,0.81,2,3711,-1.498,-0.404,70.9,67.6,73.7,71.9,23.18,22.65,23.64,23.34
61.188,2874.6,81.2,0.0,0.0,0.82,2,3753,-1.547,-0.364,70.9,67.6,73.7,71.8,23.18,22.65,23.64,23.34
61.203,2874.9,81.0,0.0,0.0,0.83,2,3770,-1.541,-0.287,70.9,67.6,73.7,71.8,23.18,22.65,23.64,23.34
61.219,2875.3,80.9,0.0,0.0,0.85,2,3771,-1.505,-0.178,70.9,67.6,73.7,71.8,23.18,22.65,23.64,23.33
61.235,2875.6,80.7,0.0,0.0,0.87,2,3765,-1.549,-0.224,70.9,67.6,73.7,71.8,23.18,22.65,23.64,23.33
61.251,2876.0,80.6,0.0,0.0,0.88,2,3758,-1.529,-0.223,70.9,67.6,73.7,71.8,23.18,22.65,23.64,23.33
61.267,2876.4,80.5,0.0,0.0,0.9,2,3748,-1.534,-0.189,70.9,67.6,73.7,71.8,23.18,22.65,23.64,23.33
61.282,2876.7,80.3,1.2,0.0,0.9,2,3743,-1.535,-0.17,70.9,67.6,73.7,71.8,23.18,22.65,23.64,23.33
61.297,2877.0,80.2,7.2,0.0,0.9,2,3747,-1.511,-0.218,70.9,67.6,73.7,71.8,23.18,22.65,23.64,23.33
61.314,2877.4,80.1,13.2,0.0,0.9,2,3756,-1.514,-0.185,70.9,67.6,73.7,71.8,23.18,22.65,23.64,23.33
61.329,2877.7,80.0,19.2,0.0,0.9,2,3772,-1.438,-0.16,70.9,67.6,73.7,71.8,23.18,22.65,23.64,23.33
61.345,2878.1,79.9,25.2,0.0,0.88,2,3794,-1.415,-0.097,70.9,67.6,73.7,71.8,23.18,22.65,23.64,23.33
61.36,2878.4,79.9,32.4,0.0,0.82,2,3815,-1.42,0.016,70.9,67.6,73.7,71.8,23.18,22.65,23.64,23.33
61.376,2878.8,79.9,38.4,0.0,0.78,2,3833,-1.465,0.033,70.9,67.6,73.7,71.8,23.18,22.65,23.64,23.33
61.392,2879.1,79.9,44.4,0.0,0.73,2,3856,-1.383,0.092,70.9,67.6,73.7,71.8,23.18,22.65,23.64,23.33
61.407,2879.5,79.9,50.4,0.0,0.68,2,3878,-1.324,0.153,70.9,67.5,73.7,71.8,23.18,22.65,23.64,23.33
61.422,2879.8,80.0,56.4,0.0,0.64,2,3892,-1.349,0.262,70.9,67.5,73.7,71.8,23.18,22.65,23.64,23.33
61.438,2880.2,80.2,62.4,0.0,0.59,2,3905,-1.325,0.288,70.9,67.5,73.7,71.8,23.18,22.65,23.64,23.33
61.452,2880.5,80.3,68.4,0.0,0.54,2,3923,-1.389,0.345,70.9,67.5,73.7,71.8,23.18,22.65,23.63,23.33
61.467,2880.8,80.5,74.4,0.0,0.49,2,3947,-1.364,0.369,70.9,67.5,73.7,71.8,23.18,22.65,23.63,23.33
61.482,2881.2,80.7,80.4,0.0,0.45,2,3968,-1.35,0.447,70.9,67.5,73.7,71.8,23.18,22.65,23.63,23.33
61.498,2881.5,81.0,87.6,0.0,0.39,2,3996,-1.352,0.486,70.9,67.5,73.7,71.8,23.18,22.65,23.63,23.33
61.513,2881.9,81.3,93.6,0.0,0.34,2,4040,-1.278,0.507,70.9,67.5,73.7,71.8,23.18,22.65,23.63,23.32
61.529,2882.2,81.6,99.6,0.0,0.3,2,4084,-1.289,0.618,70.9,67.5,73.7,71.8,23.18,22.65,23.63,23.32
61.544,2882.5,81.9,100.0,0.0,0.25,2,4120,-1.173,0.643,70.9,67.5,73.7,71.8,23.19,22.65,23.63,23.32
61.56,2882.9,82.2,100.0,0.0,0.2,2,4077,-1.147,0.692,70.9,67.5,73.7,71.8,23.19,22.65,23.63,23.32
61.576,2883.3,82.5,100.0,0.0,0.15,2,4028,-1.254,0.466,70.9,67.5,73.7,71.8,23.19,22.65,23.63,23.32
61.591,2883.6,82.9,100.0,0.0,0.1,2,4122,-1.082,0.612,70.9,67.5,73.7,71.8,23.19,22.64,23.63,23.32
61.607,2884.0,83.2,100.0,0.0,0.05,2,4155,-0.918,0.722,70.9,67.5,73.7,71.8,23.19,22.64,23.63,23.32
61.622,2884.3,83.6,100.0,0.0,0.0,2,4174,-0.795,0.775,70.9,67.5,73.7,71.8,23.19,22.64,23.63,23.32
61.637,2884.7,84.0,100.0,0.0,0.0,2,4180,-0.682,0.813,70.9,67.5,73.7,71.8,23.19,22.64,23.63,23.32
61.653,2885.1,84.4,100.0,0.0,0.0,2,4186,-0.709,0.785,70.9,67.5,73.7,71.8,23.19,22.64,23.63,23.32
61.669,2885.4,84.9,100.0,0.0,0.0,2,4198,-0.697,0.757,70.9,67.5,73.7,71.8,23.19,22.64,23.63,23.32
61.684,2885.8,85.3,100.0,0.0,0.0,2,4203,-0.724,0.79,70.9,67.5,73.7,71.7,23.19,22.64,23.63,23.32
61.7,2886.2,85.7,100.0,0.0,0.01,2,4209,-0.699,0.736,70.9,67.5,73.7,71.7,23.19,22.64,23.63,23.32
61.715,2886.5,86.1,100.0,0.0,0.03,2,4213,-0.691,0.782,70.9,67.5,73.7,71.7,23.19,22.64,23.63,23.32
61.731,2886.9,86.5,100.0,0.0,0.04,2,4223,-0.671,0.765,70.9,67.5,73.7,71.7,23.19,22.64,23.63,23.32
61.747,2887.3,87.0,100.0,0.0,0.06,2,4248,-0.646,0.781,70.9,67.5,73.7,71.7,23.19,22.64,23.63,23.32
61.762,2887.7,87.4,100.0,0.0,0.07,2,4273,-0.68,0.722,70.9,67.5,73.7,71.7,23.19,22.64,23.63,23.32
61.778,2888.1,87.8,100.0,0.0,0.08,2,4301,-0.677,0.717,70.9,67.5,73.7,71.7,23.19,22.64,23.63,23.32
61.794,2888.5,88.2,100.0,0.0,0.1,2,4318,-0.645,0.759,70.9,67.5,73.7,71.7,23.19,22.64,23.63,23.32
61.81,2888.8,88.6,100.0,0.0,0.11,2,4328,-0.673,0.767,70.9,67.5,73.7,71.7,23.19,22.64,23.63,23.32
61.825,2889.2,89.0,100.0,0.0,0.13,2,4334,-0.659,0.745,70.9,67.5,73.7,71.7,23.19,22.64,23.63,23.32
61.841,2889.6,89.4,100.0,0.0,0.14,2,4349,-0.707,0.753,70.9,67.5,73.7,71.7,23.19,22.64,23.63,23.32
61.857,2890.0,89.8,100.0,0.0,0.15,2,4371,-0.742,0.763,70.9,67.5,73.7,71.7,23.19,22.64,23.63,23.32
61.873,2890.4,90.2,100.0,0.0,0.17,2,4395,-0.728,0.719,70.9,67.5,73.7,71.7,23.19,22.64,23.63,23.32
61.889,2890.8,90.7,100.0,0.0,0.18,2,4419,-0.779,0.736,70.9,67.5,73.7,71.7,23.19,22.64,23.63,23.31
61.905,2891.2,91.1,100.0,0.0,0.2,2,4444,-0.817,0.717,70.9,67.5,73.7,71.7,23.19,22.64,23.63,23.31
61.921,2891.6,91.5,100.0,0.0,0.21,2,4482,-0.855,0.673,70.9,67.5,73.7,71.7,23.19,22.64,23.63,23.31
61.937,2892.0,91.9,100.0,0.0,0.23,2,4509,-0.891,0.713,70.9,67.5,73.7,71.7,23.19,22.64,23.63,23.31
61.952,2892.4,92.2,100.0,0.0,0.24,2,4529,-0.9,0.711,70.9,67.5,73.7,71.7,23.19,22.64,23.63,23.31
61.967,2892.8,92.6,100.0,0.0,0.25,2,4542,-0.928,0.708,70.9,67.5,73.7,71.7,23.19,22.64,23.63,23.31
61.983,2893.2,93.0,100.0,0.0,0.27,2,4552,-1.052,0.736,70.9,67.5,73.7,71.7,23.19,22.64,23.63,23.31
61.999,2893.6,93.5,100.0,0.0,0.28,2,4568,-1.051,0.714,70.9,67.5,73.7,71.7,23.19,22.64,23.63,23.31
62.015,2894.1,93.8,100.0,0.0,0.29,2,4589,-1.064,0.711,70.9,67.5,73.7,71.7,23.19,22.64,23.63,23.31
62.031,2894.5,94.2,100.0,0.0,0.31,2,4614,-1.096,0.71,70.9,67.5,73.7,71.7,23.19,22.64,23.63,23.31
62.046,2894.9,94.6,100.0,0.0,0.32,2,4645,-1.139,0.692,70.9,67.5,73.7,71.7,23.19,22.64,23.63,23.31
62.062,2895.3,95.0,100.0,0.0,0.34,2,4678,-1.215,0.606,70.9,67.5,73.7,71.7,23.19,22.64,23.63,23.31
62.077,2895.7,95.3,100.0,0.0,0.35,2,4702,-1.268,0.66,70.9,67.5,73.7,71.7,23.19,22.64,23.63,23.31
62.093,2896.1,95.6,100.0,0.0,0.36,2,4735,-1.268,0.614,70.9,67.5,73.7,71.7,23.19,22.64,23.63,23.31
62.109,2896.5,96.0,100.0,0.0,0.38,2,4773,-1.27,0.59,70.9,67.5,73.7,71.7,23.19,22.64,23.63,23.31
62.125,2897.0,96.3,100.0,0.0,0.39,2,4814,-1.239,0.663,70.9,67.5,73.7,71.7,23.19,22.64,23.63,23.31
62.141,2897.4,96.7,100.0,0.0,0.4,2,4838,-1.268,0.629,70.9,67.5,73.7,71.7,23.19,22.64,23.63,23.31
62.156,2897.8,97.0,100.0,0.0,0.42,2,4864,-1.248,0.649,70.9,67.5,73.7,71.7,23.19,22.63,23.63,23.31
62.171,2898.2,97.3,100.0,0.0,0.43,2,4880,-1.306,0.652,70.9,67.5,73.7,71.7,23.19,22.63,23.63,23.31
62.187,2898.7,97.7,100.0,0.0,0.44,2,4903,-1.345,0.626,70.9,67.5,73.7,71.7,23.19,22.63,23.63,23.31
62.203,2899.1,98.0,100.0,0.0,0.46,2,4929,-1.427,0.624,71.0,67.5,73.7,71.7,23.19,22.63,23.63,23.31
62.22,2899.5,98.3,100.0,0.0,0.47,2,4957,-1.37,0.601,71.0,67.5,73.7,71.7,23.19,22.63,23.63,23.31
62.235,2900.0,98.6,100.0,0.0,0.48,2,4819,-1.489,0.422,71.0,67.5,73.7,71.7,23.19,22.63,23.63,23.31
62.251,2900.4,98.8,100.0,0.0,0.5,2,4919,-1.467,0.449,71.0,67.5,73.7,71.7,23.19,22.63,23.63,23.3
62.267,2900.8,99.0,0.0,0.0,0.51,2,4683,-1.54,0.187,71.0,67.5,73.7,71.7,23.19,22.63,23.63,23.3
62.282,2901.2,99.0,0.0,0.0,0.53,2,4616,-1.668,-0.026,71.0,67.5,73.7,71.6,23.19,22.63,23.63,23.3
62.297,2901.7,98.9,0.0,0.0,0.54,2,4596,-1.628,-0.13,71.0,67.5,73.7,71.6,23.19,22.63,23.63,23.3
62.314,2902.1,98.8,0.0,0.0,0.55,2,4588,-1.631,-0.155,71.0,67.4,73.7,71.6,23.19,22.63,23.63,23.3
62.328,2902.5,98.6,0.0,0.0,0.56,2,4580,-1.602,-0.17,71.0,67.4,73.7,71.6,23.2,22.63,23.63,23.3
62.345,2903.0,98.5,0.0,0.0,0.58,2,4572,-1.669,-0.207,71.0,67.4,73.7,71.6,23.2,22.63,23.63,23.3
62.36,2903.4,98.3,0.0,0.0,0.59,2,4567,-1.696,-0.203,71.0,67.4,73.7,71.6,23.2,22.63,23.63,23.3
62.376,2903.8,98.2,0.0,0.0,0.6,2,4561,-1.723,-0.199,71.0,67.4,73.7,71.6,23.2,22.63,23.63,23.3
62.392,2904.3,98.0,2.4,0.0,0.62,2,4557,-1.655,-0.222,71.0,67.4,73.7,71.6,23.2,22.63,23.63,23.3
62.407,2904.7,97.9,8.4,0.0,0.63,2,4565,-1.597,-0.174,71.0,67.4,73.7,71.6,23.2,22.63,23.63,23.3
62.423,2905.1,97.7,14.4,0.0,0.65,2,4579,-1.591,-0.122,71.0,67.4,73.7,71.6,23.2,22.63,23.63,23.3
62.439,2905.5,97.6,20.4,0.0,0.66,2,4600,-1.584,-0.097,71.0,67.4,73.7,71.6,23.2,22.63,23.63,23.3
62.455,2906.0,97.6,27.6,0.0,0.67,2,4621,-1.623,-0.024,71.0,67.4,73.7,71.6,23.2,22.63,23.63,23.3
62.47,2906.4,97.5,33.6,0.0,0.69,2,4637,-1.589,0.034,71.0,67.4,73.7,71.6,23.2,22.63,23.63,23.3
62.486,2906.8,97.5,39.6,0.0,0.68,2,4660,-1.531,0.075,71.0,67.4,73.7,71.6,23.2,22.63,23.63,23.3
62.502,2907.2,97.5,45.6,0.0,0.63,2,4693,-1.522,0.103,71.0,67.4,73.7,71.6,23.2,22.63,23.63,23.3
62.518,2907.7,97.5,51.6,0.0,0.58,2,4718,-1.545,0.137,71.0,67.4,73.7,71.6,23.2,22.63,23.63,23.3
62.534,2908.1,97.6,58.8,0.0,0.52,2,4745,-1.537,0.256,71.0,67.4,73.7,71.6,23.2,22.63,23.63,23.3
62.549,2908.5,97.7,64.8,0.0,0.48,2,4768,-1.544,0.294,71.0,67.4,73.7,71.6,23.2,22.63,23.63,23.3
62.565,2909.0,97.9,70.8,0.0,0.43,2,4799,-1.567,0.309,71.0,67.4,73.7,71.6,23.2,22.63,23.63,23.29
62.581,2909.4,98.0,78.0,0.0,0.37,2,4850,-1.477,0.357,71.0,67.4,73.7,71.6,23.2,22.63,23.63,23.29
62.596,2909.8,98.2,84.0,0.0,0.33,2,4892,-1.482,0.417,71.0,67.4,73.7,71.6,23.2,22.63,23.63,23.29
62.612,2910.2,98.4,90.0,0.0,0.28,2,4924,-1.457,0.493,71.0,67.4,73.7,71.6,23.2,22.63,23.63,23.29
62.628,2910.7,98.7,96.0,0.0,0.28,2,4961,-1.416,0.58,71.0,67.4,73.7,71.6,23.2,22.63,23.63,23.29
62.644,2911.1,99.0,100.0,0.0,0.3,2,5001,-1.399,0.606,71.0,67.4,73.7,71.6,23.21,22.63,23.63,23.29
62.659,2911.5,99.4,100.0,0.0,0.31,2,4880,-1.469,0.695,71.0,67.4,73.7,71.6,23.21,22.63,23.63,23.29
62.675,2912.0,99.6,100.0,0.0,0.32,2,4907,-1.555,0.452,71.0,67.4,73.7,71.6,23.21,22.63,23.63,23.29
62.691,2912.4,99.8,100.0,0.0,0.33,2,4977,-1.466,0.583,71.0,67.4,73.7,71.6,23.21,22.63,23.63,23.29
62.707,2912.8,100.1,100.0,0.0,0.35,2,5021,-1.457,0.656,71.0,67.4,73.7,71.6,23.21,22.62,23.63,23.29
62.723,2913.3,100.4,0.0,0.0,0.36,2,4774,-1.509,0.432,71.0,67.4,73.7,71.6,23.21,22.62,23.63,23.29
62.739,2913.7,100.5,0.0,0.0,0.37,2,4680,-1.605,0.003,71.0,67.4,73.7,71.6,23.21,22.62,23.63,23.29
62.755,2914.2,100.4,0.0,0.0,0.38,2,4659,-1.554,-0.147,71.1,67.4,73.7,71.6,23.21,22.62,23.63,23.29
62.771,2914.6,100.3,0.0,0.0,0.39,2,4655,-1.516,-0.163,71.1,67.4,73.7,71.6,23.21,22.62,23.63,23.29
62.786,2915.1,100.2,0.0,0.0,0.4,2,4651,-1.562,-0.15,71.1,67.4,73.7,71.6,23.21,22.62,23.63,23.29
62.801,2915.5,100.1,0.0,0.0,0.41,2,4645,-1.608,-0.143,71.1,67.4,73.7,71.6,23.21,22.62,23.63,23.29
62.817,2915.9,99.9,0.0,0.0,0.42,2,4642,-1.608,-0.178,71.1,67.4,73.7,71.5,23.21,22.62,23.63,23.29
62.834,2916.4,99.8,0.0,0.0,0.44,2,4639,-1.722,-0.193,71.1,67.4,73.7,71.5,23.21,22.62,23.63,23.29
62.849,2916.8,99.7,0.0,0.0,0.45,2,4636,-1.657,-0.182,71.1,67.4,73.7,71.5,23.21,22.62,23.63,23.29
62.865,2917.2,99.5,0.0,0.0,0.46,2,4633,-1.645,-0.181,71.1,67.4,73.7,71.5,23.21,22.62,23.63,23.29
62.88,2917.7,99.4,0.0,0.0,0.48,2,4630,-1.612,-0.203,71.1,67.4,73.7,71.5,23.21,22.62,23.63,23.29
62.896,2918.1,99.3,0.0,0.0,0.49,2,4624,-1.607,-0.165,71.1,67.4,73.7,71.5,23.21,22.62,23.63,23.29
62.912,2918.5,99.1,0.0,0.0,0.51,2,4620,-1.623,-0.121,71.1,67.4,73.7,71.5,23.22,22.62,23.63,23.29
62.927,2919.0,99.0,0.0,0.0,0.52,2,4612,-1.692,-0.172,71.1,67.4,73.7,71.5,23.22,22.62,23.63,23.28
62.944,2919.4,98.9,0.0,0.0,0.53,2,4602,-1.623,-0.175,71.1,67.4,73.7,71.5,23.22,22.62,23.63,23.28
62.959,2919.8,98.8,2.4,0.0,0.55,2,4599,-1.584,-0.159,71.1,67.4,73.7,71.5,23.22,22.62,23.63,23.28
62.975,2920.3,98.7,8.4,0.0,0.56,2,4605,-1.566,-0.174,71.1,67.4,73.7,71.5,23.22,22.62,23.63,23.28
62.991,2920.7,98.6,14.4,0.0,0.57,2,4617,-1.568,-0.108,71.1,67.4,73.7,71.5,23.22,22.62,23.63,23.28
63.007,2921.1,98.5,21.6,0.0,0.59,2,4637,-1.529,-0.105,71.1,67.4,73.7,71.5,23.22,22.62,23.63,23.28
63.022,2921.6,98.4,27.6,0.0,0.6,2,4656,-1.555,-0.048,71.1,67.4,73.7,71.5,23.22,22.62,23.63,23.28
63.038,2922.0,98.4,33.6,0.0,0.61,2,4674,-1.554,0.021,71.1,67.4,73.7,71.5,23.22,22.62,23.63,23.28
63.053,2922.4,98.4,39.6,0.0,0.63,2,4699,-1.55,0.019,71.1,67.4,73.7,71.5,23.22,22.62,23.63,23.28
63.07,2922.9,98.4,45.6,0.0,0.64,2,4726,-1.545,0.119,71.1,67.4,73.7,71.5,23.22,22.62,23.63,23.28
63.086,2923.3,98.5,52.8,0.0,0.58,2,4754,-1.536,0.157,71.1,67.4,73.7,71.5,23.22,22.62,23.63,23.28
63.101,2923.7,98.6,58.8,0.0,0.54,2,4775,-1.514,0.204,71.1,67.4,73.7,71.5,23.22,22.62,23.63,23.28
63.117,2924.2,98.7,64.8,0.0,0.49,2,4798,-1.555,0.296,71.1,67.4,73.7,71.5,23.22,22.62,23.63,23.28
63.133,2924.6,98.8,72.0,0.0,0.43,2,4827,-1.514,0.338,71.2,67.4,73.7,71.5,23.22,22.62,23.63,23.28
63.149,2925.0,99.0,78.0,0.0,0.38,2,4853,-1.503,0.409,71.2,67.4,73.7,71.5,23.23,22.62,23.63,23.28
63.165,2925.5,99.3,84.0,0.0,0.34,2,4874,-1.467,0.495,71.2,67.4,73.7,71.5,23.23,22.62,23.63,23.28
63.181,2925.9,99.5,90.0,0.0,0.29,2,4898,-1.419,0.524,71.2,67.4,73.7,71.5,23.23,22.62,23.63,23.28
63.196,2926.3,99.9,97.2,0.0,0.23,2,4935,-1.351,0.618,71.2,67.4,73.7,71.5,23.23,22.62,23.63,23.28
63.212,2926.8,100.2,100.0,0.0,0.19,2,4964,-1.322,0.692,71.2,67.3,73.7,71.5,23.23,22.62,23.63,23.28
63.227,2927.2,100.5,100.0,0.0,0.18,2,4986,-1.293,0.678,71.2,67.3,73.7,71.5,23.23,22.62,23.63,23.28
63.244,2927.7,100.9,100.0,0.0,0.2,2,5012,-1.317,0.675,71.2,67.3,73.7,71.5,23.23,22.62,23.63,23.28
63.259,2928.1,101.3,100.0,0.0,0.21,2,5039,-1.336,0.697,71.2,67.3,73.7,71.5,23.23,22.62,23.63,23.28
63.275,2928.6,101.6,100.0,0.0,0.22,2,5076,-1.338,0.664,71.2,67.3,73.7,71.5,23.23,22.61,23.63,23.28
63.291,2929.0,101.9,100.0,0.0,0.23,2,5115,-1.322,0.649,71.2,67.3,73.7,71.5,23.23,22.61,23.63,23.27
63.307,2929.5,102.2,100.0,0.0,0.24,2,5148,-1.337,0.618,71.2,67.3,73.7,71.5,23.23,22.61,23.63,23.27
63.322,2929.9,102.6,100.0,0.0,0.25,2,5178,-1.364,0.679,71.2,67.3,73.7,71.5,23.23,22.61,23.63,23.27
63.337,2930.3,102.9,100.0,0.0,0.26,2,5189,-1.316,0.715,71.2,67.3,73.7,71.5,23.23,22.61,23.63,23.27
63.353,2930.8,103.3,100.0,0.0,0.27,2,5192,-1.318,0.714,71.2,67.3,73.7,71.5,23.23,22.61,23.63,23.27
63.369,2931.2,103.6,100.0,0.0,0.28,2,5195,-1.397,0.697,71.2,67.3,73.7,71.5,23.23,22.61,23.63,23.27
63.384,2931.7,104.0,100.0,0.0,0.29,2,5203,-1.472,0.676,71.2,67.3,73.7,71.5,23.24,22.61,23.63,23.27
63.4,2932.1,104.3,100.0,0.0,0.3,2,5211,-1.514,0.681,71.2,67.3,73.7,71.5,23.24,22.61,23.63,23.27
63.415,2932.6,104.7,100.0,0.0,0.31,2,5228,-1.531,0.661,71.2,67.3,73.7,71.5,23.24,22.61,23.63,23.27
63.431,2933.0,105.0,100.0,0.0,0.32,2,5272,-1.481,0.555,71.2,67.3,73.7,71.4,23.24,22.61,23.63,23.27
63.447,2933.5,105.2,100.0,0.0,0.33,2,5328,-1.434,0.52,71.2,67.3,73.7,71.4,23.24,22.61,23.63,23.27
63.462,2933.9,105.4,100.0,0.0,0.34,2,5215,-1.638,0.354,71.2,67.3,73.7,71.4,23.24,22.61,23.63,23.27
63.478,2934.4,105.6,100.0,0.0,0.35,2,5318,-1.544,0.504,71.2,67.3,73.7,71.4,23.24,22.61,23.63,23.27
63.494,2934.9,105.9,100.0,0.0,0.36,2,5293,-1.487,0.562,71.3,67.3,73.7,71.4,23.24,22.61,23.63,23.27
63.509,2935.3,106.1,100.0,0.0,0.37,2,5258,-1.566,0.365,71.3,67.3,73.7,71.4,23.24,22.61,23.63,23.27
63.524,2935.8,106.3,100.0,0.0,0.38,2,5331,-1.552,0.471,71.3,67.3,73.7,71.4,23.24,22.61,23.63,23.27
63.54,2936.2,106.5,100.0,0.0,0.39,2,5366,-1.432,0.595,71.3,67.3,73.7,71.4,23.24,22.61,23.63,23.27
63.556,2936.7,106.9,100.0,0.0,0.4,2,5388,-1.474,0.603,71.3,67.3,73.7,71.4,23.24,22.61,23.63,23.27
63.572,2937.2,107.1,100.0,0.0,0.41,2,5407,-1.502,0.608,71.3,67.3,73.7,71.4,23.24,22.61,23.63,23.27
63.588,2937.7,107.4,100.0,0.0,0.42,2,5306,-1.494,0.541,71.3,67.3,73.7,71.4,23.25,22.61,23.63,23.27
63.604,2938.1,107.6,100.0,0.0,0.44,2,5353,-1.597,0.458,71.3,67.3,73.7,71.4,23.25,22.61,23.63,23.27
63.62,2938.6,107.8,100.0,0.0,0.45,2,5427,-1.551,0.494,71.3,67.3,73.7,71.4,23.25,22.61,23.63,23.27
63.636,2939.1,108.0,100.0,0.0,0.45,2,5488,-1.467,0.47,71.3,67.3,73.7,71.4,23.25,22.61,23.63,23.27
63.651,2939.6,108.2,100.0,0.0,0.46,2,5379,-1.656,0.28,71.3,67.3,73.7,71.4,23.25,22.61,23.63,23.27
63.667,2940.0,108.3,100.0,0.0,0.48,2,5473,-1.564,0.457,71.3,67.3,73.7,71.4,23.25,22.61,23.63,23.27
63.683,2940.5,108.5,100.0,0.0,0.49,2,5351,-1.616,0.394,71.3,67.3,73.7,71.4,23.25,22.61,23.63,23.27
63.699,2941.0,108.7,100.0,0.0,0.5,2,5449,-1.598,0.354,71.3,67.3,73.7,71.4,23.25,22.61,23.63,23.27
63.715,2941.5,108.9,100.0,0.0,0.51,2,5518,-1.577,0.527,71.3,67.3,73.7,71.4,23.25,22.61,23.63,23.27
63.731,2942.0,109.1,100.0,0.0,0.52,2,5401,-1.671,0.34,71.3,67.3,73.7,71.4,23.25,22.61,23.63,23.27
63.746,2942.4,109.2,100.0,0.0,0.53,2,5483,-1.64,0.44,71.3,67.3,73.7,71.4,23.25,22.61,23.63,23.27
63.761,2942.9,109.4,100.0,0.0,0.53,2,5534,-1.572,0.441,71.3,67.3,73.7,71.4,23.25,22.61,23.63,23.27
63.776,2943.3,109.6,100.0,0.0,0.54,2,5440,-1.639,0.525,71.3,67.3,73.7,71.4,23.26,22.61,23.63,23.26
63.792,2943.8,109.7,100.0,0.0,0.55,2,5469,-1.691,0.342,71.4,67.3,73.7,71.4,23.26,22.61,23.63,23.26
63.807,2944.3,109.9,100.0,0.0,0.56,2,5534,-1.622,0.427,71.4,67.3,73.7,71.4,23.26,22.61,23.63,23.26
63.823,2944.8,110.1,100.0,0.0,0.57,2,5576,-1.545,0.491,71.4,67.3,73.7,71.4,23.26,22.6,23.63,23.26
63.838,2945.2,110.3,100.0,0.0,0.58,2,5469,-1.596,0.323,71.4,67.3,73.7,71.4,23.26,22.6,23.63,23.26
63.854,2945.7,110.4,0.0,0.0,0.59,2,5312,-1.645,0.276,71.4,67.3,73.7,71.4,23.26,22.6,23.63,23.26
63.869,2946.2,110.4,0.0,0.0,0.6,2,5187,-1.742,0.044,71.4,67.3,73.7,71.4,23.26,22.6,23.63,23.26
63.885,2946.7,110.3,0.0,0.0,0.61,2,5133,-1.715,-0.104,71.4,67.3,73.7,71.4,23.26,22.6,23.64,23.26
63.9,2947.1,110.1,0.0,0.0,0.62,2,5107,-1.702,-0.181,71.4,67.3,73.7,71.4,23.26,22.6,23.64,23.26
63.916,2947.6,109.9,0.0,0.0,0.63,2,5090,-1.633,-0.252,71.4,67.3,73.7,71.4,23.26,22.6,23.64,23.26
63.932,2948.1,109.8,0.0,0.0,0.64,2,5081,-1.592,-0.241,71.4,67.3,73.7,71.4,23.27,22.6,23.64,23.26
63.947,2948.6,109.6,0.0,0.0,0.65,2,5073,-1.582,-0.221,71.4,67.3,73.7,71.4,23.27,22.6,23.64,23.26
63.963,2949.0,109.4,0.0,0.0,0.66,2,5066,-1.576,-0.195,71.4,67.3,73.7,71.4,23.27,22.6,23.64,23.26
63.979,2949.5,109.2,0.0,0.0,0.67,2,5058,-1.688,-0.258,71.4,67.3,73.7,71.4,23.27,22.6,23.64,23.26
63.995,2950.0,109.0,0.0,0.0,0.68,2,5052,-1.7,-0.257,71.4,67.3,73.7,71.4,23.27,22.6,23.64,23.26
64.01,2950.5,108.8,0.0,0.0,0.69,2,5045,-1.689,-0.285,71.4,67.3,73.7,71.4,23.27,22.6,23.64,23.26
64.026,2951.0,108.6,0.0,0.0,0.7,2,5040,-1.69,-0.32,71.4,67.3,73.7,71.4,23.27,22.6,23.64,23.26
64.042,2951.4,108.4,0.0,0.0,0.71,2,5032,-1.683,-0.234,71.5,67.3,73.7,71.4,23.27,22.6,23.64,23.26
64.057,2951.9,108.2,0.0,0.0,0.72,2,5029,-1.704,-0.262,71.5,67.3,73.7,71.4,23.27,22.6,23.64,23.26
64.073,2952.4,108.0,0.0,0.0,0.73,2,5024,-1.746,-0.268,71.5,67.3,73.7,71.4,23.28,22.6,23.64,23.26
64.089,2952.8,107.8,0.0,0.0,0.74,2,5017,-1.69,-0.303,71.5,67.3,73.7,71.4,23.28,22.6,23.64,23.26
64.104,2953.3,107.7,0.0,0.0,0.75,2,5010,-1.718,-0.219,71.5,67.3,73.7,71.4,23.28,22.6,23.64,23.26
64.119,2953.8,107.5,0.0,0.0,0.76,2,5002,-1.702,-0.258,71.5,67.2,73.7,71.4,23.28,22.6,23.64,23.26
64.134,2954.2,107.3,0.0,0.0,0.77,2,4993,-1.7,-0.241,71.5,67.2,73.7,71.4,23.28,22.6,23.64,23.26
64.15,2954.7,107.1,0.0,0.0,0.78,2,4984,-1.655,-0.224,71.5,67.2,73.7,71.4,23.28,22.6,23.64,23.26
64.165,2955.1,106.9,0.0,0.0,0.79,2,4978,-1.636,-0.253,71.5,67.2,73.7,71.4,23.28,22.6,23.64,23.26
64.181,2955.6,106.8,0.0,0.0,0.8,2,4971,-1.593,-0.25,71.5,67.2,73.7,71.4,23.28,22.6,23.64,23.26
64.197,2956.1,106.6,0.0,0.0,0.81,2,4963,-1.599,-0.318,71.5,67.2,73.7,71.4,23.28,22.6,23.64,23.26
64.213,2956.5,106.4,0.0,0.0,0.82,2,4959,-1.57,-0.3,71.5,67.2,73.8,71.3,23.29,22.6,23.64,23.26
64.228,2957.0,106.2,0.0,0.0,0.83,2,4950,-1.551,-0.287,71.5,67.2,73.8,71.3,23.29,22.6,23.64,23.26
64.244,2957.4,106.0,0.0,0.0,0.84,2,4942,-1.543,-0.273,71.6,67.2,73.8,71.3,23.29,22.6,23.64,23.26
64.259,2957.9,105.9,0.0,0.0,0.85,2,4934,-1.501,-0.274,71.6,67.2,73.8,71.3,23.29,22.6,23.64,23.25
64.275,2958.4,105.7,0.0,0.0,0.86,2,4927,-1.539,-0.296,71.6,67.2,73.8,71.3,23.29,22.6,23.64,23.25
64.291,2958.8,105.5,0.0,0.0,0.87,2,4916,-1.57,-0.285,71.6,67.2,73.8,71.3,23.29,22.6,23.64,23.25
64.307,2959.3,105.4,0.0,0.0,0.88,2,4910,-1.529,-0.281,71.6,67.2,73.8,71.3,23.29,22.6,23.64,23.25
64.324,2959.8,105.2,0.0,0.0,0.89,2,4902,-1.551,-0.266,71.6,67.2,73.8,71.3,23.3,22.6,23.64,23.25
64.339,2960.2,105.0,0.0,0.0,0.9,2,4893,-1.527,-0.298,71.6,67.2,73.8,71.3,23.3,22.6,23.64,23.25
64.354,2960.7,104.8,0.0,0.0,0.9,2,4886,-1.518,-0.308,71.6,67.2,73.8,71.3,23.3,22.6,23.64,23.25
64.37,2961.1,104.6,0.0,0.0,0.9,2,4879,-1.543,-0.315,71.6,67.2,73.8,71.3,23.3,22.6,23.64,23.25
64.385,2961.6,104.5,0.0,0.0,0.9,2,4871,-1.532,-0.287,71.6,67.2,73.8,71.3,23.3,22.6,23.64,23.25
64.4,2962.0,104.3,0.0,0.0,0.9,2,4862,-1.511,-0.255,71.6,67.2,73.8,71.3,23.3,22.6,23.64,23.25
64.416,2962.5,104.1,0.0,0.0,0.9,2,4853,-1.516,-0.261,71.6,67.2,73.8,71.3,23.3,22.6,23.64,23.25
64.431,2962.9,104.0,0.0,0.0,0.9,2,4845,-1.516,-0.286,71.7,67.2,73.8,71.3,23.3,22.6,23.64,23.25
64.446,2963.3,103.8,0.0,0.0,0.9,2,4836,-1.548,-0.284,71.7,67.2,73.8,71.3,23.31,22.59,23.64,23.25
64.462,2963.8,103.6,0.0,0.0,0.9,2,4827,-1.573,-0.293,71.7,67.2,73.8,71.3,23.31,22.59,23.64,23.25
64.477,2964.2,103.4,0.0,0.0,0.9,2,4820,-1.565,-0.315,71.7,67.2,73.8,71.3,23.31,22.59,23.64,23.25
64.493,2964.7,103.3,0.0,0.0,0.9,2,4811,-1.535,-0.302,71.7,67.2,73.8,71.3,23.31,22.59,23.64,23.25
64.508,2965.1,103.1,0.0,0.0,0.9,2,4804,-1.535,-0.273,71.7,67.2,73.8,71.3,23.31,22.59,23.64,23.25
64.523,2965.6,102.9,0.0,0.0,0.9,2,4796,-1.552,-0.28,71.7,67.2,73.8,71.3,23.31,22.59,23.64,23.25
64.54,2966.0,102.7,0.0,0.0,0.9,2,4786,-1.547,-0.25,71.7,67.2,73.8,71.3,23.31,22.59,23.65,23.25
64.555,2966.5,102.6,0.0,0.0,0.9,2,4777,-1.539,-0.267,71.7,67.2,73.8,71.3,23.32,22.59,23.65,23.25
64.571,2966.9,102.4,0.0,71.3,0.9,2,4738,-1.544,-0.246,71.7,67.2,73.8,71.3,23.32,22.59,23.65,23.25
64.587,2967.4,102.1,0.0,72.0,0.9,2,4642,-1.34,-0.778,71.7,67.2,73.8,71.3,23.32,22.59,23.65,23.25
64.602,2967.8,101.6,0.0,77.2,0.9,2,4594,-1.36,-0.835,71.7,67.2,73.8,71.3,23.32,22.59,23.65,23.25
64.618,2968.2,101.0,0.0,83.5,0.9,2,4536,-1.348,-0.99,71.8,67.2,73.8,71.3,23.32,22.59,23.65,23.25
64.634,2968.7,100.5,0.0,84.9,0.9,2,4482,-1.318,-0.976,71.8,67.2,73.8,71.3,23.32,22.59,23.65,23.25
64.65,2969.1,99.9,0.0,84.6,0.9,2,4430,-1.333,-0.934,71.8,67.2,73.8,71.3,23.32,22.59,23.65,23.25
64.665,2969.5,99.4,0.0,85.9,0.9,2,4381,-1.221,-1.047,71.8,67.2,73.8,71.3,23.33,22.59,23.65,23.25
64.68,2970.0,98.8,0.0,87.5,0.9,2,4330,-1.244,-1.005,71.8,67.2,73.8,71.3,23.33,22.59,23.65,23.25
64.695,2970.4,98.2,0.0,90.2,0.9,2,4285,-1.27,-1.08,71.8,67.2,73.8,71.3,23.33,22.59,23.65,23.25
64.711,2970.8,97.5,0.0,90.6,0.9,2,4232,-1.195,-1.175,71.8,67.2,73.8,71.3,23.33,22.59,23.65,23.24
64.727,2971.2,96.9,0.0,89.9,0.9,2,4183,-1.293,-1.04,71.8,67.2,73.8,71.3,23.33,22.59,23.65,23.24
64.743,2971.6,96.4,0.0,88.7,0.9,2,4160,-1.32,-0.969,71.8,67.2,73.8,71.3,23.33,22.59,23.65,23.24
64.758,2972.1,95.8,0.0,0.0,0.9,2,4144,-1.18,-1.008,71.8,67.2,73.8,71.3,23.33,22.59,23.65,23.24
64.773,2972.5,95.3,0.0,0.0,0.9,2,4243,-1.377,-0.731,71.8,67.2,73.8,71.3,23.34,22.59,23.65,23.24
64.789,2972.9,94.9,0.0,0.0,0.9,2,4333,-1.49,-0.506,71.9,67.2,73.8,71.3,23.34,22.59,23.65,23.24
64.805,2973.3,94.7,0.0,0.0,0.9,2,4376,-1.555,-0.372,71.9,67.2,73.8,71.3,23.34,22.59,23.65,23.24
64.821,2973.7,94.4,0.0,0.0,0.9,2,4385,-1.586,-0.291,71.9,67.2,73.8,71.3,23.34,22.59,23.65,23.24
64.837,2974.1,94.2,0.0,0.0,0.9,2,4380,-1.617,-0.282,71.9,67.2,73.8,71.3,23.34,22.59,23.65,23.24
64.853,2974.6,94.0,0.0,0.0,0.9,2,4373,-1.632,-0.268,71.9,67.2,73.8,71.3,23.34,22.59,23.65,23.24
64.869,2975.0,93.8,0.0,0.0,0.9,2,4367,-1.68,-0.278,71.9,67.2,73.8,71.3,23.35,22.59,23.65,23.24
64.884,2975.4,93.7,0.0,0.0,0.9,2,4359,-1.686,-0.285,71.9,67.2,73.8,71.3,23.35,22.59,23.65,23.24
64.9,2975.8,93.4,0.0,0.0,0.9,2,4349,-1.653,-0.291,71.9,67.2,73.8,71.3,23.35,22.59,23.65,23.24
64.915,2976.2,93.3,0.0,0.0,0.9,2,4342,-1.621,-0.278,71.9,67.2,73.8,71.2,23.35,22.59,23.65,23.24
64.931,2976.6,93.1,0.0,0.0,0.9,2,4334,-1.605,-0.268,72.0,67.2,73.8,71.2,23.35,22.59,23.65,23.24
64.947,2977.0,92.9,0.0,0.0,0.9,2,4327,-1.591,-0.277,72.0,67.2,73.8,71.2,23.35,22.59,23.65,23.24
64.962,2977.4,92.7,0.0,0.0,0.9,2,4320,-1.632,-0.256,72.0,67.2,73.8,71.2,23.36,22.59,23.65,23.24
64.978,2977.8,92.6,0.0,0.0,0.9,2,4312,-1.649,-0.272,72.0,67.2,73.8,71.2,23.36,22.59,23.65,23.24
64.993,2978.2,92.3,0.0,0.0,0.9,2,4302,-1.661,-0.272,72.0,67.2,73.8,71.2,23.36,22.59,23.65,23.24
65.008,2978.6,92.2,0.0,0.0,0.9,2,4295,-1.608,-0.236,72.0,67.2,73.8,71.2,23.36,22.59,23.65,23.24
65.024,2978.9,92.0,0.0,0.0,0.9,2,4287,-1.587,-0.258,72.0,67.2,73.8,71.2,23.36,22.59,23.65,23.24
65.04,2979.4,91.8,0.0,0.0,0.9,2,4279,-1.535,-0.268,72.0,67.2,73.8,71.2,23.36,22.59,23.65,23.24
65.055,2979.7,91.7,1.2,0.0,0.9,2,4273,-1.496,-0.262,72.0,67.2,73.8,71.2,23.37,22.59,23.65,23.24
65.07,2980.1,91.5,7.2,0.0,0.9,2,4278,-1.47,-0.233,72.0,67.2,73.8,71.2,23.37,22.59,23.65,23.24
65.086,2980.5,91.4,14.4,0.0,0.9,2,4289,-1.534,-0.195,72.1,67.2,73.8,71.2,23.37,22.59,23.65,23.24
65.102,2980.9,91.3,20.4,0.0,0.9,2,4301,-1.543,-0.162,72.1,67.2,73.8,71.2,23.37,22.59,23.65,23.24
65.118,2981.4,91.2,26.4,0.0,0.9,2,4312,-1.515,-0.097,72.1,67.2,73.8,71.2,23.37,22.59,23.65,23.24
65.134,2981.7,91.1,33.6,0.0,0.9,2,4329,-1.443,-0.024,72.1,67.2,73.8,71.2,23.37,22.59,23.65,23.23
65.149,2982.1,91.1,39.6,0.0,0.9,2,4347,-1.425,0.01,72.1,67.2,73.8,71.2,23.38,22.59,23.65,23.23
65.165,2982.5,91.1,45.6,0.0,0.9,2,4371,-1.396,-0.004,72.1,67.2,73.8,71.2,23.38,22.59,23.65,23.23
65.181,2982.9,91.1,51.6,0.0,0.9,2,4388,-1.407,0.09,72.1,67.2,73.8,71.2,23.38,22.59,23.65,23.23
65.196,2983.3,91.2,57.6,0.0,0.9,2,4395,-1.375,0.204,72.1,67.2,73.8,71.2,23.38,22.59,23.65,23.23
65.211,2983.7,91.3,63.6,0.0,0.9,2,4407,-1.353,0.226,72.1,67.2,73.8,71.2,23.38,22.59,23.65,23.23
65.227,2984.1,91.4,70.8,0.0,0.9,2,4427,-1.33,0.266,72.2,67.2,73.8,71.2,23.39,22.59,23.65,23.23
65.242,2984.5,91.6,76.8,0.0,0.9,2,4451,-1.289,0.323,72.2,67.2,73.8,71.2,23.39,22.59,23.65,23.23
65.258,2984.9,91.8,82.8,0.0,0.9,2,4471,-1.249,0.38,72.2,67.2,73.8,71.2,23.39,22.59,23.65,23.23
65.274,2985.3,92.0,88.8,0.0,0.9,2,4492,-1.228,0.429,72.2,67.2,73.8,71.2,23.39,22.59,23.65,23.23
65.289,2985.7,92.2,94.8,0.0,0.9,2,4521,-1.199,0.46,72.2,67.2,73.8,71.2,23.39,22.59,23.65,23.23
65.305,2986.1,92.5,100.0,0.0,0.9,2,4572,-1.15,0.491,72.2,67.2,73.8,71.2,23.39,22.59,23.65,23.23
65.321,2986.5,92.8,100.0,0.0,0.9,2,4599,-1.176,0.507,72.2,67.2,73.8,71.2,23.4,22.59,23.65,23.23
65.336,2986.9,93.1,100.0,0.0,0.9,2,4614,-1.17,0.555,72.2,67.2,73.8,71.2,23.4,22.59,23.65,23.23
65.351,2987.3,93.4,100.0,0.0,0.9,2,4628,-1.188,0.563,72.2,67.2,73.8,71.2,23.4,22.59,23.65,23.23
65.367,2987.7,93.6,100.0,0.0,0.9,2,4646,-1.199,0.529,72.3,67.2,73.8,71.2,23.4,22.59,23.65,23.23
65.382,2988.1,93.9,100.0,0.0,0.9,2,4668,-1.188,0.546,72.3,67.2,73.8,71.2,23.4,22.59,23.65,23.23
65.398,2988.5,94.2,100.0,0.0,0.9,2,4700,-1.182,0.533,72.3,67.2,73.8,71.2,23.4,22.59,23.66,23.23
65.413,2988.9,94.5,100.0,0.0,0.9,2,4717,-1.23,0.556,72.3,67.2,73.8,71.2,23.41,22.59,23.66,23.23
65.429,2989.3,94.8,100.0,0.0,0.9,2,4725,-1.326,0.553,72.3,67.2,73.8,71.2,23.41,22.59,23.66,23.23
65.444,2989.7,95.1,100.0,0.0,0.9,2,4740,-1.334,0.508,72.3,67.2,73.8,71.2,23.41,22.59,23.66,23.23
65.46,2990.1,95.3,100.0,0.0,0.9,2,4756,-1.368,0.546,72.3,67.2,73.9,71.2,23.41,22.59,23.66,23.23
65.476,2990.6,95.6,100.0,0.0,0.9,2,4777,-1.39,0.509,72.3,67.2,73.9,71.2,23.41,22.59,23.66,23.23
65.491,2991.0,95.9,100.0,0.0,0.9,2,4803,-1.419,0.494,72.3,67.2,73.9,71.2,23.42,22.59,23.66,23.23
65.507,2991.4,96.1,100.0,0.0,0.9,2,4830,-1.384,0.496,72.4,67.2,73.9,71.2,23.42,22.59,23.66,23.23
65.522,2991.8,96.4,100.0,0.0,0.9,2,4852,-1.265,0.554,72.4,67.2,73.9,71.2,23.42,22.59,23.66,23.23
65.538,2992.2,96.7,100.0,0.0,0.9,2,4861,-1.297,0.579,72.4,67.2,73.9,71.2,23.42,22.59,23.66,23.23
65.554,2992.7,97.0,100.0,0.0,0.9,2,4870,-1.307,0.601,72.4,67.2,73.9,71.2,23.42,22.59,23.66,23.23
65.569,2993.1,97.3,100.0,0.0,0.9,2,4878,-1.316,0.602,72.4,67.2,73.9,71.2,23.42,22.59,23.66,23.23
65.586,2993.5,97.6,100.0,0.0,0.9,2,4886,-1.346,0.574,72.4,67.2,73.9,71.2,23.43,22.59,23.66,23.23
65.601,2993.9,97.9,100.0,0.0,0.9,2,4895,-1.42,0.529,72.4,67.2,73.9,71.2,23.43,22.59,23.66,23.23
65.617,2994.4,98.2,100.0,0.0,0.9,2,4933,-1.344,0.475,72.4,67.2,73.9,71.2,23.43,22.59,23.66,23.23
65.632,2994.8,98.3,100.0,0.0,0.9,2,4979,-1.316,0.424,72.4,67.2,73.9,71.2,23.43,22.59,23.66,23.23
65.647,2995.2,98.5,100.0,0.0,0.9,2,4874,-1.412,0.252,72.5,67.2,73.9,71.2,23.43,22.59,23.66,23.23
65.663,2995.7,98.7,100.0,0.0,0.9,2,4967,-1.381,0.376,72.5,67.2,73.9,71.2,23.44,22.59,23.66,23.23
65.679,2996.1,98.9,98.8,0.0,0.9,2,5025,-1.367,0.421,72.5,67.2,73.9,71.2,23.44,22.59,23.66,23.22
65.695,2996.5,99.0,0.0,0.0,0.9,2,4823,-1.55,0.274,72.5,67.2,73.9,71.2,23.44,22.59,23.66,23.22
65.71,2996.9,99.1,0.0,0.0,0.9,2,4642,-1.633,-0.054,72.5,67.2,73.9,71.2,23.44,22.59,23.66,23.22
65.726,2997.4,98.9,0.0,0.0,0.9,2,4602,-1.617,-0.212,72.5,67.2,73.9,71.1,23.44,22.59,23.66,23.22
65.742,2997.8,98.8,0.0,0.0,0.9,2,4590,-1.591,-0.256,72.5,67.2,73.9,71.1,23.45,22.59,23.66,23.22
65.757,2998.2,98.6,0.0,0.0,0.9,2,4582,-1.625,-0.288,72.6,67.2,73.9,71.1,23.45,22.59,23.66,23.22
65.772,2998.6,98.4,0.0,0.0,0.9,2,4574,-1.662,-0.297,72.6,67.2,73.9,71.1,23.45,22.59,23.66,23.22
65.787,2999.0,98.2,0.0,0.0,0.9,2,4566,-1.666,-0.312,72.6,67.2,73.9,71.1,23.45,22.59,23.66,23.22
65.803,2999.5,98.0,0.0,0.0,0.9,2,4556,-1.64,-0.281,72.6,67.2,73.9,71.1,23.45,22.59,23.66,23.22
65.819,2999.9,97.8,0.0,0.0,0.9,2,4547,-1.603,-0.288,72.6,67.2,73.9,71.1,23.46,22.59,23.66,23.22
65.835,3000.3,97.6,0.0,0.0,0.9,2,4540,-1.595,-0.278,72.6,67.2,73.9,71.1,23.46,22.59,23.66,23.22
65.85,3000.8,97.4,0.0,0.0,0.9,2,4533,-1.655,-0.325,72.6,67.2,73.9,71.1,23.46,22.59,23.66,23.22
65.866,3001.2,97.2,0.0,0.0,0.9,2,4524,-1.615,-0.307,72.6,67.2,73.9,71.1,23.46,22.59,23.66,23.22
65.882,3001.6,97.0,0.0,0.0,0.9,2,4516,-1.6,-0.289,72.7,67.2,73.9,71.1,23.47,22.59,23.67,23.22
65.898,3002.0,96.8,0.0,0.0,0.9,2,4509,-1.505,-0.271,72.7,67.2,73.9,71.1,23.47,22.59,23.67,23.22
65.914,3002.5,96.7,0.0,0.0,0.9,2,4501,-1.53,-0.271,72.7,67.2,73.9,71.1,23.47,22.59,23.67,23.22
65.929,3002.9,96.5,0.0,0.0,0.9,2,4493,-1.493,-0.259,72.7,67.2,73.9,71.1,23.47,22.59,23.67,23.22
65.944,3003.3,96.3,0.0,0.0,0.9,2,4485,-1.53,-0.26,72.7,67.2,73.9,71.1,23.47,22.59,23.67,23.22
65.96,3003.7,96.1,1.2,0.0,0.9,2,4477,-1.615,-0.288,72.7,67.2,73.9,71.1,23.48,22.59,23.67,23.22
65.976,3004.1,95.9,7.2,0.0,0.9,2,4482,-1.53,-0.273,72.7,67.2,73.9,71.1,23.48,22.59,23.67,23.22
65.991,3004.5,95.8,13.2,0.0,0.9,2,4490,-1.533,-0.245,72.8,67.2,73.9,71.1,23.48,22.59,23.67,23.22
66.006,3004.9,95.7,19.2,0.0,0.9,2,4504,-1.549,-0.198,72.8,67.2,73.9,71.1,23.48,22.59,23.67,23.22
66.022,3005.3,95.6,26.4,0.0,0.9,2,4523,-1.543,-0.133,72.8,67.2,73.9,71.1,23.49,22.59,23.67,23.22
66.037,3005.7,95.5,32.4,0.0,0.9,2,4538,-1.499,-0.079,72.8,67.2,73.9,71.1,23.49,22.59,23.67,23.22
66.053,3006.2,95.4,38.4,0.0,0.9,2,4552,-1.52,-0.012,72.8,67.2,73.9,71.1,23.49,22.59,23.67,23.22
66.068,3006.6,95.4,44.4,0.0,0.9,2,4570,-1.458,0.025,72.8,67.2,73.9,71.1,23.49,22.59,23.67,23.22
66.083,3007.0,95.5,50.4,0.0,0.9,2,4595,-1.369,0.103,72.8,67.2,73.9,71.1,23.49,22.59,23.67,23.22
66.099,3007.4,95.5,56.4,0.0,0.9,2,4608,-1.284,0.183,72.9,67.2,73.9,71.1,23.5,22.59,23.67,23.22
66.114,3007.8,95.6,62.4,0.0,0.9,2,4621,-1.332,0.245,72.9,67.2,73.9,71.1,23.5,22.59,23.67,23.22
66.13,3008.2,95.8,69.6,0.0,0.9,2,4643,-1.234,0.281,72.9,67.2,73.9,71.1,23.5,22.59,23.67,23.22
66.145,3008.6,95.9,75.6,0.0,0.9,2,4668,-1.245,0.329,72.9,67.2,73.9,71.1,23.5,22.59,23.67,23.22
66.16,3009.0,96.1,81.6,0.0,0.9,2,4695,-1.17,0.388,72.9,67.2,73.9,71.1,23.51,22.59,23.67,23.22
66.176,3009.4,96.3,87.6,0.0,0.9,2,4726,-1.174,0.411,72.9,67.2,73.9,71.1,23.51,22.59,23.67,23.21
66.191,3009.9,96.5,93.6,0.0,0.9,2,4763,-1.119,0.472,72.9,67.2,73.9,71.1,23.51,22.59,23.67,23.21
66.207,3010.3,96.7,99.6,0.0,0.9,2,4806,-1.147,0.499,72.9,67.2,73.9,71.1,23.51,22.59,23.67,23.21
66.222,3010.7,97.0,100.0,0.0,0.9,2,4836,-1.194,0.488,73.0,67.2,74.0,71.1,23.51,22.59,23.67,23.21
66.237,3011.1,97.2,100.0,0.0,0.9,2,4883,-1.219,0.499,73.0,67.2,74.0,71.1,23.52,22.59,23.67,23.21
66.254,3011.5,97.5,100.0,0.0,0.9,2,4891,-1.231,0.626,73.0,67.2,74.0,71.1,23.52,22.59,23.67,23.21
66.269,3012.0,97.8,100.0,0.0,0.9,2,4914,-1.182,0.532,73.0,67.2,74.0,71.1,23.52,22.59,23.67,23.21
66.284,3012.4,98.1,100.0,0.0,0.9,2,4907,-1.269,0.678,73.0,67.2,74.0,71.1,23.52,22.59,23.67,23.21
66.3,3012.8,98.4,100.0,0.0,0.86,2,4936,-1.181,0.513,73.0,67.2,74.0,71.1,23.53,22.59,23.67,23.21
66.315,3013.2,98.7,100.0,0.0,0.81,2,4917,-1.226,0.784,73.0,67.2,74.0,71.1,23.53,22.59,23.67,23.21
66.33,3013.6,99.0,100.0,0.0,0.77,2,4908,-1.339,0.659,73.1,67.2,74.0,71.1,23.53,22.59,23.67,23.21
66.346,3014.1,99.3,100.0,0.0,0.72,2,4961,-0.754,0.184,73.1,67.2,74.0,71.1,23.53,22.59,23.68,23.21
66.361,3014.5,99.7,100.0,0.0,0.66,2,4958,-0.94,0.702,73.1,67.2,74.0,71.1,23.53,22.59,23.68,23.21
66.377,3014.9,99.9,100.0,0.0,0.62,2,5016,-0.991,0.383,73.1,67.2,74.0,71.1,23.54,22.59,23.68,23.21
66.393,3015.4,100.2,100.0,0.0,0.57,2,5022,-0.98,0.719,73.1,67.2,74.0,71.1,23.54,22.59,23.68,23.21
66.408,3015.8,100.4,100.0,0.0,0.52,2,5119,-1.034,0.382,73.1,67.2,74.0,71.1,23.54,22.59,23.68,23.21
66.424,3016.2,100.7,100.0,0.0,0.47,2,4824,-1.125,0.311,73.1,67.2,74.0,71.1,23.54,22.59,23.68,23.21
66.439,3016.7,100.8,100.0,0.0,0.42,2,5007,-1.396,0.221,73.2,67.2,74.0,71.1,23.55,22.59,23.68,23.21
66.455,3017.1,101.0,100.0,0.0,0.37,2,5091,-1.185,0.616,73.2,67.2,74.0,71.1,23.55,22.59,23.68,23.21
66.47,3017.5,101.1,100.0,0.0,0.32,2,5009,-1.272,0.398,73.2,67.2,74.0,71.1,23.55,22.59,23.68,23.21
66.485,3018.0,101.4,100.0,0.0,0.28,2,5054,-1.487,0.725,73.2,67.2,74.0,71.1,23.55,22.59,23.68,23.21
66.501,3018.4,101.6,100.0,0.0,0.23,2,5141,-1.456,0.482,73.2,67.2,74.0,71.1,23.55,22.59,23.68,23.21
66.516,3018.8,101.9,100.0,0.0,0.18,2,5189,-0.749,0.163,73.2,67.2,74.0,71.1,23.56,22.59,23.68,23.21
66.532,3019.3,102.2,100.0,0.0,0.13,2,5018,-1.017,0.751,73.2,67.2,74.0,71.1,23.56,22.59,23.68,23.21
66.548,3019.7,102.4,100.0,0.0,0.07,2,4964,-1.257,0.234,73.3,67.2,74.0,71.1,23.56,22.59,23.68,23.21
66.564,3020.2,102.6,100.0,0.0,0.0,2,5057,-1.134,0.567,73.3,67.2,74.0,71.1,23.56,22.59,23.68,23.21
66.579,3020.6,102.8,100.0,0.0,-0.02,2,5185,-0.983,0.413,73.3,67.2,74.0,71.1,23.57,22.59,23.68,23.21
66.594,3021.1,103.1,100.0,0.0,-0.03,2,5093,-0.482,0.626,73.3,67.2,74.0,71.1,23.57,22.59,23.68,23.21
66.61,3021.5,103.4,100.0,0.0,-0.04,2,5176,-0.917,0.448,73.3,67.2,74.0,71.0,23.57,22.59,23.68,23.21
66.626,3022.0,103.6,100.0,0.0,-0.05,2,5274,-0.476,0.376,73.3,67.2,74.0,71.0,23.57,22.59,23.68,23.21
66.641,3022.4,103.9,100.0,0.0,-0.06,2,5114,-0.897,0.526,73.3,67.2,74.0,71.0,23.58,22.59,23.68,23.21
66.657,3022.9,104.2,100.0,0.0,-0.07,2,5208,-0.767,0.587,73.4,67.2,74.0,71.0,23.58,22.59,23.68,23.21
66.672,3023.3,104.5,100.0,0.0,-0.08,2,5283,-0.542,0.51,73.4,67.2,74.0,71.0,23.58,22.59,23.68,23.21
66.687,3023.7,104.8,100.0,0.0,-0.04,2,5318,-1.019,0.705,73.4,67.2,74.0,71.0,23.58,22.59,23.68,23.21
66.704,3024.2,105.2,100.0,0.0,0.0,2,5350,-0.624,0.716,73.4,67.2,74.0,71.0,23.58,22.59,23.68,23.21
66.719,3024.7,105.5,100.0,0.0,0.0,2,5357,-1.088,0.615,73.4,67.2,74.0,71.0,23.59,22.59,23.68,23.21
66.735,3025.1,105.8,100.0,0.0,0.0,2,5390,-0.738,0.729,73.4,67.2,74.0,71.0,23.59,22.59,23.68,23.21
66.751,3025.6,106.3,100.0,0.0,0.0,2,5383,-0.608,0.772,73.4,67.2,74.0,71.0,23.59,22.59,23.68,23.21
66.766,3026.1,106.6,100.0,0.0,0.0,2,5430,-1.008,0.513,73.5,67.2,74.0,71.0,23.59,22.59,23.69,23.21
66.782,3026.5,106.9,100.0,0.0,-0.01,2,5397,-0.641,0.826,73.5,67.2,74.0,71.0,23.6,22.59,23.69,23.21
66.797,3027.0,107.2,100.0,0.0,-0.02,2,5262,-1.169,0.546,73.5,67.2,74.0,71.0,23.6,22.59,23.69,23.21
66.813,3027.4,107.6,100.0,0.0,-0.03,2,5294,-1.156,0.754,73.5,67.2,74.0,71.0,23.6,22.59,23.69,23.21
66.829,3027.9,107.8,100.0,0.0,-0.04,2,5345,-1.154,0.674,73.5,67.2,74.0,71.0,23.6,22.59,23.69,23.21
66.845,3028.4,108.3,100.0,0.0,-0.05,2,5367,-0.692,0.42,73.5,67.2,74.0,71.0,23.6,22.59,23.69,23.21
66.86,3028.9,108.7,100.0,0.0,-0.06,2,5337,-0.903,0.984,73.5,67.2,74.0,71.0,23.61,22.59,23.69,23.21
66.876,3029.4,109.0,100.0,0.0,-0.07,2,5392,-0.687,0.554,73.6,67.2,74.1,71.0,23.61,22.59,23.69,23.21
66.891,3029.8,109.4,100.0,0.0,-0.08,2,5355,-0.806,1.1,73.6,67.2,74.1,71.0,23.61,22.59,23.69,23.21
66.907,3030.3,109.7,100.0,0.0,-0.09,2,5433,-0.553,0.831,73.6,67.2,74.1,71.0,23.61,22.59,23.69,23.21
66.923,3030.8,110.2,100.0,0.0,-0.1,2,5383,-0.481,0.623,73.6,67.2,74.1,71.0,23.62,22.59,23.69,23.21
66.938,3031.3,110.6,100.0,0.0,-0.05,2,5388,-0.459,0.827,73.6,67.2,74.1,71.0,23.62,22.59,23.69,23.21
66.954,3031.7,111.0,100.0,0.0,-0.0,2,5400,-0.487,0.54,73.6,67.2,74.1,71.0,23.62,22.59,23.69,23.21
66.97,3032.2,111.5,100.0,0.0,0.0,2,5373,-0.561,0.923,73.6,67.2,74.1,71.0,23.62,22.59,23.69,23.21
66.985,3032.7,111.9,100.0,0.0,0.0,2,5383,-0.529,0.79,73.6,67.2,74.1,71.0,23.62,22.59,23.69,23.21
67.0,3033.2,112.2,100.0,0.0,0.0,2,5460,-0.234,0.259,73.7,67.2,74.1,71.0,23.63,22.59,23.69,23.21
67.016,3033.7,112.5,100.0,0.0,0.0,2,5465,-0.247,0.796,73.7,67.2,74.1,71.0,23.63,22.59,23.69,23.2
67.032,3034.2,112.9,100.0,0.0,0.0,2,5481,-0.168,0.694,73.7,67.2,74.1,71.0,23.63,22.59,23.69,23.2
67.047,3034.6,113.3,100.0,0.0,0.0,2,5496,-0.116,0.711,73.7,67.2,74.1,71.0,23.63,22.59,23.69,23.2
67.063,3035.1,113.7,100.0,0.0,0.0,2,5526,-0.038,0.679,73.7,67.2,74.1,71.0,23.63,22.59,23.69,23.2
67.078,3035.6,114.1,100.0,0.0,0.0,2,5553,-0.066,0.664,73.7,67.2,74.1,71.0,23.64,22.59,23.69,23.2
67.094,3036.1,114.5,100.0,0.0,0.0,2,5562,0.022,0.704,73.7,67.2,74.1,71.0,23.64,22.59,23.69,23.2
67.109,3036.6,114.8,100.0,0.0,0.0,2,5579,0.057,0.686,73.7,67.2,74.1,71.0,23.64,22.59,23.69,23.2
67.125,3037.1,115.2,100.0,0.0,0.0,2,5596,0.071,0.691,73.8,67.2,74.1,71.0,23.64,22.59,23.69,23.2
67.14,3037.6,115.6,100.0,0.0,0.0,2,5608,0.088,0.726,73.8,67.2,74.1,71.0,23.64,22.59,23.69,23.2
67.156,3038.1,116.0,100.0,0.0,0.0,2,5609,0.083,0.74,73.8,67.2,74.1,71.0,23.65,22.59,23.7,23.2
67.171,3038.6,116.4,100.0,0.0,0.0,2,5613,0.066,0.744,73.8,67.2,74.1,71.0,23.65,22.59,23.7,23.2
67.187,3039.1,116.8,100.0,0.0,0.0,2,5623,0.08,0.718,73.8,67.2,74.1,71.0,23.65,22.59,23.7,23.2
67.204,3039.7,117.3,100.0,0.0,0.0,2,5645,0.075,0.717,73.8,67.2,74.1,71.0,23.65,22.59,23.7,23.2
67.219,3040.2,117.6,100.0,0.0,0.0,2,5664,0.033,0.672,73.8,67.2,74.1,71.0,23.65,22.59,23.7,23.2
67.234,3040.7,118.0,100.0,0.0,0.0,2,5675,0.038,0.691,73.8,67.2,74.1,71.0,23.66,22.59,23.7,23.2
67.25,3041.2,118.3,100.0,0.0,0.0,2,5699,0.013,0.63,73.9,67.2,74.1,71.0,23.66,22.59,23.7,23.2
67.266,3041.7,118.7,100.0,0.0,0.01,2,5720,0.009,0.681,73.9,67.2,74.1,71.0,23.66,22.59,23.7,23.2
67.281,3042.2,119.1,100.0,0.0,0.02,2,5733,-0.032,0.683,73.9,67.2,74.1,71.0,23.66,22.59,23.7,23.2
67.296,3042.7,119.5,100.0,0.0,0.03,2,5762,-0.097,0.65,73.9,67.2,74.1,71.0,23.66,22.59,23.7,23.2
67.312,3043.2,119.8,100.0,0.0,0.04,2,5780,-0.14,0.662,73.9,67.2,74.1,71.0,23.67,22.59,23.7,23.2
67.328,3043.8,120.2,100.0,0.0,0.05,2,5799,-0.161,0.679,73.9,67.2,74.1,71.0,23.67,22.59,23.7,23.2
67.343,3044.3,120.5,100.0,0.0,0.05,2,5820,-0.184,0.651,73.9,67.2,74.1,71.0,23.67,22.59,23.7,23.2
67.358,3044.8,120.9,100.0,0.0,0.06,2,5843,-0.254,0.666,73.9,67.2,74.1,71.0,23.67,22.59,23.7,23.2
67.374,3045.3,121.2,100.0,0.0,0.07,2,5853,-0.31,0.666,74.0,67.2,74.1,71.0,23.67,22.59,23.7,23.2
67.39,3045.9,121.7,100.0,0.0,0.07,2,5864,-0.349,0.67,74.0,67.2,74.1,71.0,23.68,22.59,23.7,23.2
67.406,3046.4,122.0,100.0,0.0,0.02,2,5878,-0.338,0.66,74.0,67.2,74.1,71.0,23.68,22.59,23.7,23.2
67.421,3046.9,122.3,100.0,0.0,0.0,2,5902,-0.164,0.66,74.0,67.2,74.1,71.0,23.68,22.59,23.7,23.2
67.436,3047.4,122.7,100.0,0.0,0.0,2,5917,-0.136,0.663,74.0,67.2,74.1,71.0,23.68,22.59,23.7,23.2
67.451,3047.9,123.0,100.0,0.0,0.0,2,5929,-0.155,0.659,74.0,67.2,74.1,71.0,23.68,22.59,23.7,23.2
67.467,3048.5,123.4,100.0,0.0,0.0,2,5946,-0.188,0.641,74.0,67.2,74.1,71.0,23.69,22.59,23.7,23.2
67.481,3049.0,123.7,100.0,0.0,0.0,2,5966,-0.168,0.638,74.0,67.2,74.2,71.0,23.69,22.59,23.7,23.2
67.497,3049.5,124.1,100.0,0.0,0.0,2,5979,-0.156,0.662,74.1,67.2,74.2,71.0,23.69,22.59,23.7,23.2
67.512,3050.0,124.4,100.0,0.0,0.0,2,5995,-0.137,0.642,74.1,67.2,74.2,71.0,23.69,22.59,23.71,23.2
67.528,3050.6,124.8,100.0,0.0,0.0,2,6003,-0.163,0.662,74.1,67.2,74.2,71.0,23.69,22.59,23.71,23.2
67.543,3051.1,125.2,100.0,0.0,-0.01,2,6018,-0.169,0.619,74.1,67.2,74.2,71.0,23.7,22.59,23.71,23.2
67.558,3051.6,125.5,100.0,0.0,-0.01,2,6033,-0.126,0.642,74.1,67.2,74.2,71.0,23.7,22.59,23.71,23.2
67.573,3052.2,125.9,100.0,0.0,-0.02,2,6047,-0.086,0.639,74.1,67.2,74.2,71.0,23.7,22.59,23.71,23.2
67.589,3052.7,126.2,100.0,0.0,-0.03,2,6059,-0.049,0.634,74.1,67.2,74.2,71.0,23.7,22.59,23.71,23.2
67.605,3053.3,126.5,100.0,0.0,-0.04,2,6072,0.013,0.652,74.1,67.2,74.2,71.0,23.7,22.59,23.71,23.2
67.62,3053.8,126.9,100.0,0.0,-0.05,2,6090,0.069,0.615,74.2,67.2,74.2,71.0,23.71,22.59,23.71,23.2
67.636,3054.4,127.3,100.0,0.0,-0.05,2,6113,0.13,0.612,74.2,67.2,74.2,71.0,23.71,22.59,23.71,23.2
67.651,3054.9,127.6,100.0,0.0,-0.06,2,6130,0.148,0.633,74.2,67.2,74.2,71.0,23.71,22.59,23.71,23.2
67.667,3055.5,127.9,100.0,0.0,-0.04,2,6146,0.244,0.614,74.2,67.2,74.2,71.0,23.71,22.59,23.71,23.2
67.682,3056.0,128.2,100.0,0.0,0.0,2,6161,0.131,0.614,74.2,67.2,74.2,71.0,23.71,22.59,23.71,23.2
67.697,3056.6,128.6,100.0,0.0,0.0,2,6178,0.039,0.579,74.2,67.2,74.2,71.0,23.71,22.59,23.71,23.2
67.714,3057.1,129.0,100.0,0.0,0.0,2,6195,0.075,0.592,74.2,67.2,74.2,71.0,23.72,22.6,23.71,23.2
67.729,3057.7,129.3,100.0,0.0,0.0,2,6209,0.087,0.618,74.2,67.2,74.2,71.0,23.72,22.6,23.71,23.2
67.744,3058.2,129.6,100.0,0.0,0.0,2,6219,0.104,0.63,74.3,67.2,74.2,71.0,23.72,22.6,23.71,23.2
67.76,3058.8,129.9,100.0,0.0,0.0,2,6229,0.099,0.611,74.3,67.2,74.2,71.0,23.72,22.6,23.71,23.2
67.776,3059.4,130.3,100.0,0.0,0.0,2,6246,0.074,0.593,74.3,67.2,74.2,71.0,23.72,22.6,23.71,23.2
67.791,3059.9,130.6,100.0,0.0,0.0,2,6266,0.093,0.586,74.3,67.2,74.2,71.0,23.73,22.6,23.71,23.2
67.806,3060.5,130.9,100.0,0.0,0.0,2,6282,0.081,0.618,74.3,67.2,74.2,71.0,23.73,22.6,23.71,23.21
67.822,3061.1,131.3,100.0,0.0,0.0,2,6302,0.079,0.613,74.3,67.2,74.2,71.0,23.73,22.6,23.71,23.21
67.838,3061.6,131.6,100.0,0.0,-0.0,2,6313,0.115,0.622,74.3,67.2,74.2,71.0,23.73,22.6,23.71,23.21
67.854,3062.2,131.9,100.0,0.0,-0.01,2,6323,0.098,0.622,74.3,67.2,74.2,71.0,23.73,22.6,23.71,23.21
67.869,3062.8,132.2,100.0,0.0,-0.02,2,6346,0.122,0.572,74.3,67.2,74.2,71.0,23.74,22.6,23.72,23.21
67.885,3063.4,132.6,100.0,0.0,-0.03,2,6368,0.167,0.589,74.4,67.2,74.2,71.0,23.74,22.6,23.72,23.21
67.901,3064.0,132.9,100.0,0.0,-0.03,2,6382,0.187,0.606,74.4,67.2,74.2,71.0,23.74,22.6,23.72,23.21
67.916,3064.5,133.2,100.0,0.0,-0.04,2,6394,0.199,0.584,74.4,67.2,74.2,71.0,23.74,22.6,23.72,23.21
67.931,3065.1,133.5,0.0,0.0,-0.05,0,6386,0.228,0.602,74.4,67.2,74.2,71.0,23.74,22.6,23.72,23.21
67.947,3065.7,133.6,0.0,0.0,-0.05,0,6313,0.271,-0.216,74.4,67.2,74.2,71.0,23.74,22.6,23.72,23.21
67.962,3066.2,133.6,0.0,0.0,-0.06,0,6242,0.315,0.045,74.4,67.2,74.2,71.0,23.75,22.6,23.72,23.21
67.977,3066.8,133.6,0.0,0.0,-0.07,0,6172,0.404,-0.008,74.4,67.2,74.2,71.0,23.75,22.6,23.72,23.21
67.993,3067.4,133.6,0.0,0.0,-0.01,0,6090,0.355,-0.026,74.4,67.2,74.2,71.0,23.75,22.6,23.72,23.21
68.008,3067.9,133.5,0.0,0.0,0.0,0,6022,0.168,-0.01,74.5,67.2,74.2,71.0,23.75,22.6,23.72,23.21
68.024,3068.5,133.5,0.0,0.0,0.0,0,5956,0.154,-0.001,74.5,67.2,74.2,71.0,23.75,22.6,23.72,23.21
68.04,3069.1,133.6,0.0,0.0,0.0,3,5214,0.173,0.726,74.5,67.2,74.2,71.0,23.76,22.6,23.72,23.21
68.055,3069.7,134.0,0.0,0.0,0.0,3,4870,0.192,0.643,74.5,67.2,74.2,71.0,23.76,22.6,23.72,23.21
68.07,3070.3,134.1,0.0,0.0,0.0,3,4863,0.243,-0.208,74.5,67.2,74.3,71.0,23.76,22.6,23.72,23.21
68.086,3070.9,134.0,0.0,0.0,0.0,3,4879,0.211,-0.056,74.5,67.3,74.3,71.0,23.76,22.6,23.72,23.21
68.102,3071.4,134.0,0.0,0.0,0.0,3,4874,0.212,-0.048,74.5,67.3,74.3,71.0,23.76,22.6,23.72,23.21
68.117,3072.0,133.9,0.0,0.0,0.0,3,4873,0.201,-0.059,74.5,67.3,74.3,71.0,23.77,22.6,23.72,23.21
68.132,3072.6,133.9,0.0,0.0,0.0,3,4870,0.188,-0.058,74.5,67.3,74.3,71.0,23.77,22.6,23.72,23.21
68.148,3073.1,133.9,0.0,0.0,0.0,3,4869,0.157,-0.072,74.6,67.3,74.3,71.0,23.77,22.6,23.72,23.21
68.164,3073.7,133.8,0.0,0.0,0.0,3,4867,0.143,-0.079,74.6,67.3,74.3,71.0,23.77,22.6,23.72,23.21
68.179,3074.3,133.8,0.0,0.0,0.0,3,4863,0.126,-0.067,74.6,67.3,74.3,71.0,23.77,22.6,23.72,23.21
68.195,3074.9,133.8,0.0,0.0,0.0,3,4864,0.115,-0.049,74.6,67.3,74.3,71.0,23.77,22.6,23.72,23.21
68.21,3075.5,133.8,100.0,0.0,0.0,3,5012,0.092,0.23,74.6,67.3,74.3,71.0,23.78,22.6,23.72,23.21
68.225,3076.0,134.0,100.0,0.0,0.0,3,5026,0.055,0.576,74.6,67.3,74.3,71.0,23.78,22.6,23.72,23.21
68.241,3076.6,134.3,100.0,0.0,0.0,3,5034,0.076,0.568,74.6,67.3,74.3,71.0,23.78,22.6,23.72,23.21
68.257,3077.2,134.6,100.0,0.0,-0.01,3,5046,0.024,0.555,74.6,67.3,74.3,71.0,23.78,22.6,23.72,23.21
68.272,3077.8,135.0,100.0,0.0,-0.02,3,5055,0.08,0.586,74.7,67.3,74.3,71.0,23.78,22.6,23.73,23.21
68.288,3078.3,135.3,100.0,0.0,-0.02,3,5058,0.097,0.584,74.7,67.3,74.3,71.0,23.79,22.6,23.73,23.21
68.304,3079.0,135.6,100.0,0.0,-0.03,3,5061,0.113,0.566,74.7,67.3,74.3,71.0,23.79,22.6,23.73,23.21
68.319,3079.5,135.9,100.0,0.0,-0.04,3,5070,0.141,0.559,74.7,67.3,74.3,71.0,23.79,22.6,23.73,23.21
68.335,3080.1,136.2,100.0,0.0,-0.04,3,5080,0.15,0.559,74.7,67.3,74.3,71.0,23.79,22.6,23.73,23.21
68.35,3080.7,136.6,100.0,0.0,-0.05,3,5091,0.225,0.563,74.7,67.3,74.3,71.0,23.79,22.6,23.73,23.21
68.366,3081.3,136.9,100.0,0.0,-0.06,3,5111,0.232,0.528,74.7,67.3,74.3,71.0,23.79,22.6,23.73,23.21
68.382,3081.9,137.1,100.0,0.0,-0.03,3,5124,0.311,0.546,74.7,67.3,74.3,71.0,23.8,22.6,23.73,23.21
68.399,3082.6,137.5,100.0,0.0,0.0,3,5143,0.152,0.564,74.7,67.3,74.3,71.0,23.8,22.6,23.73,23.21
68.414,3083.1,137.8,100.0,0.0,0.0,3,5155,0.1,0.555,74.7,67.3,74.3,71.0,23.8,22.6,23.73,23.21
68.429,3083.7,138.1,100.0,0.0,0.0,3,5167,0.138,0.559,74.8,67.3,74.3,71.0,23.8,22.6,23.73,23.21
68.444,3084.3,138.4,100.0,0.0,0.0,3,5180,0.118,0.52,74.8,67.3,74.3,71.0,23.8,22.6,23.73,23.21
68.46,3084.9,138.6,100.0,0.0,0.0,3,5189,0.165,0.559,74.8,67.3,74.3,71.0,23.81,22.6,23.73,23.21
68.476,3085.5,139.0,100.0,0.0,0.0,3,5194,0.139,0.566,74.8,67.3,74.3,71.0,23.81,22.6,23.73,23.21
68.491,3086.1,139.3,100.0,0.0,0.0,3,5197,0.129,0.565,74.8,67.3,74.3,71.0,23.81,22.6,23.73,23.21
68.507,3086.8,139.6,100.0,0.0,0.0,3,5204,0.099,0.557,74.8,67.3,74.3,71.0,23.81,22.6,23.73,23.21
68.523,3087.4,139.9,100.0,0.0,0.0,3,5215,0.12,0.54,74.8,67.3,74.3,71.0,23.81,22.6,23.73,23.21
68.54,3088.0,140.2,100.0,0.0,0.0,3,5235,0.088,0.513,74.8,67.3,74.3,71.0,23.81,22.6,23.73,23.21
68.556,3088.6,140.5,100.0,0.0,0.0,3,5259,0.089,0.538,74.8,67.3,74.3,71.0,23.82,22.6,23.73,23.21
68.571,3089.2,140.8,100.0,0.0,-0.01,3,5277,0.098,0.527,74.9,67.3,74.3,71.0,23.82,22.6,23.73,23.21
68.587,3089.9,141.1,100.0,0.0,-0.01,3,5275,0.11,0.578,74.9,67.3,74.3,71.0,23.82,22.61,23.73,23.21
68.603,3090.5,141.4,100.0,0.0,-0.02,3,5273,0.136,0.575,74.9,67.3,74.3,71.0,23.82,22.61,23.73,23.21
68.619,3091.1,141.7,100.0,0.0,-0.03,3,5284,0.16,0.551,74.9,67.3,74.3,71.0,23.82,22.61,23.73,23.21
68.634,3091.7,142.0,100.0,0.0,-0.03,3,5297,0.184,0.545,74.9,67.3,74.3,71.0,23.82,22.61,23.73,23.21
68.65,3092.3,142.4,100.0,0.0,-0.04,3,5305,0.231,0.545,74.9,67.3,74.3,71.1,23.83,22.61,23.74,23.21
68.665,3092.9,142.7,100.0,0.0,-0.05,3,5316,0.254,0.531,74.9,67.3,74.3,71.1,23.83,22.61,23.74,23.21
68.681,3093.6,142.9,100.0,0.0,-0.05,3,5331,0.276,0.522,74.9,67.3,74.4,71.1,23.83,22.61,23.74,23.21
68.696,3094.2,143.2,100.0,0.0,-0.06,3,5342,0.292,0.563,74.9,67.3,74.4,71.1,23.83,22.61,23.74,23.21
68.712,3094.8,143.5,100.0,0.0,-0.07,3,5350,0.341,0.524,75.0,67.3,74.4,71.1,23.83,22.61,23.74,23.21
68.727,3095.4,143.8,100.0,0.0,-0.07,3,5357,0.383,0.522,75.0,67.3,74.4,71.1,23.83,22.61,23.74,23.21
68.744,3096.1,144.1,100.0,0.0,-0.07,3,5374,0.451,0.521,75.0,67.3,74.4,71.1,23.84,22.61,23.74,23.21
68.759,3096.7,144.4,100.0,0.0,-0.02,3,5395,0.402,0.493,75.0,67.3,74.4,71.1,23.84,22.61,23.74,23.21
68.775,3097.3,144.7,100.0,0.0,0.0,3,5414,0.26,0.508,75.0,67.3,74.4,71.1,23.84,22.61,23.74,23.21
68.79,3097.9,144.9,100.0,0.0,0.0,3,5428,0.196,0.516,75.0,67.3,74.4,71.1,23.84,22.61,23.74,23.21
68.806,3098.6,145.3,100.0,0.0,0.0,3,5436,0.263,0.522,75.0,67.3,74.4,71.1,23.84,22.61,23.74,23.21
68.822,3099.2,145.5,100.0,0.0,0.0,3,5437,0.291,0.55,75.0,67.3,74.4,71.1,23.85,22.61,23.74,23.21
68.838,3099.9,145.8,100.0,0.0,0.0,3,5440,0.28,0.517,75.0,67.3,74.4,71.1,23.85,22.61,23.74,23.21
68.853,3100.5,146.1,100.0,0.0,0.0,3,5440,0.283,0.555,75.1,67.3,74.4,71.1,23.85,22.61,23.74,23.21
68.869,3101.1,146.5,100.0,0.0,0.0,3,5450,0.297,0.531,75.1,67.3,74.4,71.1,23.85,22.61,23.74,23.21
68.884,3101.8,146.8,100.0,0.0,0.0,3,5457,0.274,0.527,75.1,67.3,74.4,71.1,23.85,22.61,23.74,23.21
68.9,3102.4,147.0,100.0,0.0,0.0,3,5472,0.216,0.526,75.1,67.3,74.4,71.1,23.85,22.61,23.74,23.21
68.915,3103.0,147.3,100.0,0.0,-0.0,3,5490,0.204,0.498,75.1,67.3,74.4,71.1,23.86,22.61,23.74,23.21
68.931,3103.7,147.6,100.0,0.0,-0.01,3,5502,0.213,0.517,75.1,67.3,74.4,71.1,23.86,22.61,23.74,23.21
68.946,3104.3,147.8,100.0,0.0,-0.02,3,5509,0.233,0.527,75.1,67.3,74.4,71.1,23.86,22.61,23.74,23.21
68.962,3104.9,148.2,0.0,0.0,-0.02,3,5422,0.236,0.517,75.1,67.3,74.4,71.1,23.86,22.61,23.74,23.21
68.978,3105.6,148.2,0.0,0.0,-0.03,3,5373,0.239,-0.112,75.1,67.3,74.4,71.1,23.86,22.61,23.74,23.21
68.994,3106.2,148.2,0.0,0.0,-0.03,3,5386,0.27,-0.119,75.1,67.3,74.4,71.1,23.86,22.61,23.74,23.21
69.009,3106.9,148.1,0.0,0.0,-0.04,3,5382,0.291,-0.085,75.2,67.3,74.4,71.1,23.87,22.61,23.74,23.21
69.025,3107.5,148.1,0.0,0.0,-0.05,3,5378,0.301,-0.103,75.2,67.3,74.4,71.1,23.87,22.61,23.75,23.21
69.041,3108.2,148.0,0.0,0.0,-0.05,3,5378,0.332,-0.12,75.2,67.3,74.4,71.1,23.87,22.61,23.75,23.21
69.056,3108.8,148.0,0.0,0.0,-0.06,3,5377,0.315,-0.116,75.2,67.3,74.4,71.1,23.87,22.61,23.75,23.21
69.071,3109.4,147.9,0.0,0.0,-0.07,3,5375,0.399,-0.08,75.2,67.3,74.4,71.1,23.87,22.61,23.75,23.21
69.087,3110.1,147.9,0.0,0.0,-0.07,3,5373,0.415,-0.075,75.2,67.3,74.4,71.1,23.87,22.61,23.75,23.21
69.102,3110.7,147.8,0.0,0.0,-0.08,3,5369,0.435,-0.095,75.2,67.3,74.4,71.1,23.88,22.61,23.75,23.21
69.117,3111.3,147.8,0.0,0.0,-0.08,3,5365,0.493,-0.093,75.2,67.3,74.4,71.1,23.88,22.61,23.75,23.21
69.134,3112.0,147.7,0.0,0.0,-0.09,3,5363,0.609,-0.107,75.2,67.3,74.4,71.1,23.88,22.61,23.75,23.21
69.148,3112.6,147.6,0.0,0.0,-0.1,3,5362,0.674,-0.102,75.3,67.3,74.4,71.1,23.88,22.61,23.75,23.21
69.164,3113.2,147.6,0.0,80.6,-0.1,3,5326,0.725,-0.108,75.3,67.3,74.4,71.1,23.88,22.61,23.75,23.21
69.179,3113.9,147.3,0.0,83.2,-0.11,3,5249,0.633,-1.172,75.3,67.3,74.4,71.1,23.88,22.61,23.75,23.21
69.195,3114.5,146.4,0.0,91.1,-0.11,3,5206,0.715,-1.426,75.3,67.3,74.4,71.1,23.88,22.61,23.75,23.21
69.21,3115.1,145.7,0.0,95.3,-0.12,3,5167,0.846,-1.46,75.3,67.3,74.4,71.1,23.89,22.61,23.75,23.21
69.225,3115.7,144.9,0.0,95.1,-0.13,3,5129,0.827,-1.488,75.3,67.3,74.4,71.1,23.89,22.61,23.75,23.21
69.241,3116.3,143.9,0.0,97.8,-0.13,3,5076,0.898,-1.509,75.3,67.3,74.4,71.1,23.89,22.61,23.75,23.21
69.256,3116.9,143.1,0.0,100.0,-0.14,3,5032,0.86,-1.628,75.3,67.3,74.4,71.1,23.89,22.61,23.75,23.21
69.271,3117.6,142.2,0.0,100.0,-0.15,3,4984,0.969,-1.58,75.3,67.3,74.4,71.1,23.89,22.61,23.75,23.21
69.287,3118.2,141.4,0.0,100.0,-0.15,3,4927,0.917,-1.591,75.3,67.3,74.4,71.1,23.89,22.62,23.75,23.21
69.302,3118.8,140.5,0.0,100.0,-0.16,3,4859,0.858,-1.594,75.4,67.3,74.4,71.1,23.9,22.62,23.75,23.21
69.318,3119.4,139.7,0.0,100.0,-0.16,3,4797,0.848,-1.553,75.4,67.4,74.4,71.1,23.9,22.62,23.75,23.21
69.334,3120.0,138.9,0.0,95.4,-0.16,3,4758,0.848,-1.497,75.4,67.4,74.4,71.1,23.9,22.62,23.75,23.21
69.349,3120.6,137.9,0.0,89.7,-0.17,3,4732,0.923,-1.428,75.4,67.4,74.4,71.1,23.9,22.62,23.75,23.21
69.365,3121.2,137.2,0.0,87.2,-0.18,3,4710,0.925,-1.379,75.4,67.4,74.4,71.1,23.9,22.62,23.75,23.21
69.381,3121.8,136.4,0.0,85.1,-0.18,3,4698,0.903,-1.366,75.4,67.4,74.4,71.1,23.9,22.62,23.75,23.21
69.397,3122.4,135.7,0.0,83.9,-0.19,3,4666,0.977,-1.222,75.4,67.4,74.4,71.1,23.91,22.62,23.75,23.21
69.412,3123.0,134.9,0.0,89.1,-0.2,3,4609,0.944,-1.287,75.4,67.4,74.4,71.1,23.91,22.62,23.75,23.21
69.428,3123.5,134.2,0.0,97.3,-0.21,3,4562,1.008,-1.434,75.4,67.4,74.4,71.1,23.91,22.62,23.75,23.21
69.443,3124.1,133.4,0.0,100.0,-0.21,3,4499,1.185,-1.376,75.4,67.4,74.4,71.1,23.91,22.62,23.75,23.21
69.459,3124.7,132.6,0.0,100.0,-0.22,3,4427,1.099,-1.46,75.5,67.4,74.4,71.1,23.91,22.62,23.75,23.21
69.474,3125.2,131.8,0.0,100.0,-0.23,3,4452,1.096,-1.52,75.5,67.4,74.4,71.1,23.91,22.62,23.75,23.21
69.489,3125.8,131.0,0.0,100.0,-0.23,3,4405,1.142,-1.502,75.5,67.4,74.4,71.1,23.92,22.62,23.75,23.21
69.505,3126.4,130.1,0.0,100.0,-0.24,3,4408,1.445,-1.267,75.5,67.4,74.4,71.1,23.92,22.62,23.75,23.21
69.521,3126.9,129.3,0.0,96.2,-0.25,3,4386,1.322,-1.358,75.5,67.4,74.4,71.1,23.92,22.62,23.75,23.21
69.536,3127.5,128.5,0.0,92.7,-0.26,3,4365,1.218,-1.4,75.5,67.4,74.4,71.1,23.92,22.62,23.75,23.21
69.551,3128.0,127.9,0.0,86.8,-0.27,3,4345,1.367,-1.131,75.5,67.4,74.4,71.1,23.92,22.62,23.75,23.21
69.567,3128.6,127.2,0.0,85.9,-0.27,3,4336,1.228,-1.267,75.5,67.4,74.4,71.1,23.92,22.62,23.75,23.21
69.583,3129.1,126.4,0.0,85.6,-0.28,3,4308,1.14,-1.234,75.5,67.4,74.4,71.1,23.93,22.62,23.75,23.21
69.598,3129.7,125.8,0.0,0.0,-0.29,3,4311,1.236,-1.089,75.5,67.4,74.4,71.1,23.93,22.63,23.75,23.21
69.614,3130.2,125.3,0.0,0.0,-0.3,3,4423,1.488,-0.552,75.6,67.4,74.4,71.1,23.93,22.63,23.75,23.21
69.629,3130.7,125.1,0.0,0.0,-0.31,3,4482,1.496,-0.296,75.6,67.4,74.4,71.1,23.93,22.63,23.75,23.21
69.644,3131.3,124.9,0.0,0.0,-0.31,3,4508,1.517,-0.214,75.6,67.4,74.4,71.1,23.93,22.63,23.75,23.21
69.66,3131.8,124.8,0.0,0.0,-0.32,3,4517,1.472,-0.169,75.6,67.4,74.4,71.1,23.93,22.63,23.75,23.21
69.675,3132.3,124.7,0.0,0.0,-0.33,3,4517,1.462,-0.147,75.6,67.4,74.4,71.1,23.93,22.63,23.75,23.21
69.691,3132.9,124.5,0.0,0.0,-0.34,3,4513,1.498,-0.133,75.6,67.4,74.4,71.1,23.94,22.63,23.75,23.21
69.707,3133.4,124.4,0.0,0.0,-0.35,3,4508,1.535,-0.142,75.6,67.4,74.4,71.1,23.94,22.63,23.75,23.21
69.723,3134.0,124.3,0.0,0.0,-0.36,3,4503,1.559,-0.14,75.6,67.4,74.4,71.1,23.94,22.63,23.75,23.21
69.738,3134.5,124.2,0.0,0.0,-0.36,3,4499,1.553,-0.144,75.6,67.4,74.4,71.1,23.94,22.63,23.75,23.21
69.754,3135.0,124.0,0.0,0.0,-0.37,3,4495,1.566,-0.157,75.6,67.4,74.4,71.1,23.94,22.63,23.75,23.21
69.77,3135.6,123.9,0.0,0.0,-0.38,3,4491,1.651,-0.162,75.6,67.4,74.4,71.1,23.94,22.63,23.75,23.21
69.785,3136.1,123.8,0.0,0.0,-0.39,3,4488,1.675,-0.16,75.6,67.4,74.4,71.1,23.94,22.63,23.75,23.21
69.801,3136.7,123.6,2.4,0.0,-0.4,3,4487,1.703,-0.17,75.7,67.5,74.4,71.1,23.95,22.63,23.75,23.21
69.815,3137.2,123.5,8.4,0.0,-0.4,3,4493,1.681,-0.15,75.7,67.5,74.4,71.1,23.95,22.63,23.75,23.21
69.831,3137.7,123.4,14.4,0.0,-0.41,3,4502,1.69,-0.107,75.7,67.5,74.4,71.1,23.95,22.63,23.75,23.21
69.846,3138.2,123.3,20.4,0.0,-0.42,3,4513,1.707,-0.088,75.7,67.5,74.4,71.1,23.95,22.63,23.75,23.21
69.862,3138.8,123.2,27.6,0.0,-0.42,3,4527,1.725,-0.036,75.7,67.5,74.4,71.1,23.95,22.64,23.75,23.21
69.877,3139.3,123.2,33.6,0.0,-0.37,3,4541,1.66,0.001,75.7,67.5,74.4,71.1,23.95,22.64,23.75,23.21
69.893,3139.8,123.1,39.6,0.0,-0.32,3,4557,1.602,0.035,75.7,67.5,74.4,71.1,23.95,22.64,23.75,23.21
69.908,3140.3,123.1,45.6,0.0,-0.28,3,4573,1.553,0.086,75.7,67.5,74.4,71.1,23.96,22.64,23.75,23.21
69.923,3140.9,123.2,51.6,0.0,-0.23,3,4583,1.58,0.151,75.7,67.5,74.4,71.1,23.96,22.64,23.75,23.21
69.939,3141.4,123.3,57.6,0.0,-0.18,3,4592,1.603,0.216,75.7,67.5,74.4,71.1,23.96,22.64,23.75,23.22
69.955,3141.9,123.4,64.8,0.0,-0.15,3,4610,1.51,0.24,75.7,67.5,74.4,71.1,23.96,22.64,23.75,23.22
69.97,3142.5,123.5,70.8,0.0,-0.16,3,4628,1.481,0.307,75.8,67.5,74.4,71.1,23.96,22.64,23.75,23.22
69.986,3143.0,123.6,76.8,0.0,-0.16,3,4650,1.435,0.334,75.8,67.5,74.4,71.1,23.96,22.64,23.75,23.22
70.002,3143.6,123.8,82.8,0.0,-0.17,3,4667,1.458,0.398,75.8,67.5,74.4,71.1,23.96,22.64,23.75,23.22
70.018,3144.1,124.1,90.0,0.0,-0.18,3,4686,1.498,0.439,75.8,67.5,74.4,71.1,23.96,22.64,23.75,23.22
70.034,3144.7,124.3,96.0,0.0,-0.19,3,4704,1.509,0.466,75.8,67.5,74.4,71.1,23.97,22.64,23.75,23.22
70.049,3145.2,124.5,100.0,0.0,-0.2,3,4728,1.467,0.486,75.8,67.5,74.4,71.1,23.97,22.64,23.75,23.22
70.065,3145.8,124.7,100.0,0.0,-0.21,3,4744,1.459,0.512,75.8,67.5,74.4,71.1,23.97,22.64,23.75,23.22
70.081,3146.3,125.0,0.0,0.0,-0.21,3,4647,1.497,0.53,75.8,67.5,74.4,71.1,23.97,22.64,23.75,23.22
70.096,3146.8,125.1,0.0,0.0,-0.22,3,4539,1.603,-0.033,75.8,67.5,74.4,71.1,23.97,22.65,23.75,23.22
70.112,3147.4,125.0,0.0,0.0,-0.23,3,4539,1.606,-0.127,75.8,67.5,74.4,71.1,23.97,22.65,23.75,23.22
70.128,3147.9,124.9,0.0,0.0,-0.24,3,4535,1.576,-0.095,75.8,67.5,74.4,71.1,23.97,22.65,23.75,23.22
70.143,3148.5,124.8,0.0,0.0,-0.25,3,4531,1.51,-0.121,75.8,67.5,74.4,71.1,23.98,22.65,23.75,23.22
70.159,3149.0,124.7,0.0,0.0,-0.26,3,4527,1.567,-0.138,75.9,67.6,74.4,71.1,23.98,22.65,23.75,23.22
70.174,3149.5,124.6,0.0,0.0,-0.26,3,4523,1.587,-0.119,75.9,67.6,74.4,71.1,23.98,22.65,23.75,23.22
70.19,3150.1,124.5,0.0,0.0,-0.27,3,4521,1.613,-0.138,75.9,67.6,74.4,71.1,23.98,22.65,23.75,23.22
70.206,3150.6,124.4,0.0,0.0,-0.28,3,4518,1.628,-0.112,75.9,67.6,74.4,71.1,23.98,22.65,23.75,23.22
70.222,3151.2,124.3,0.0,0.0,-0.29,3,4516,1.627,-0.149,75.9,67.6,74.4,71.1,23.98,22.65,23.75,23.22
70.238,3151.7,124.2,0.0,0.0,-0.3,3,4514,1.697,-0.147,75.9,67.6,74.4,71.1,23.98,22.65,23.75,23.22
70.254,3152.3,124.1,0.0,0.0,-0.31,3,4510,1.734,-0.151,75.9,67.6,74.4,71.1,23.99,22.65,23.75,23.22
70.269,3152.8,124.0,0.0,0.0,-0.31,3,4508,1.694,-0.156,75.9,67.6,74.4,71.1,23.99,22.65,23.75,23.22
70.285,3153.3,123.9,0.0,0.0,-0.32,3,4503,1.701,-0.141,75.9,67.6,74.4,71.1,23.99,22.65,23.75,23.22
70.3,3153.9,123.8,0.0,0.0,-0.33,3,4498,1.752,-0.145,75.9,67.6,74.4,71.1,23.99,22.66,23.75,23.22
70.316,3154.4,123.6,0.0,0.0,-0.34,3,4493,1.752,-0.151,75.9,67.6,74.4,71.1,23.99,22.66,23.75,23.22
70.332,3155.0,123.5,0.0,0.0,-0.35,3,4486,1.762,-0.149,76.0,67.6,74.4,71.1,23.99,22.66,23.75,23.22
70.348,3155.5,123.4,0.0,0.0,-0.36,3,4480,1.752,-0.15,76.0,67.6,74.4,71.1,23.99,22.66,23.75,23.22
70.364,3156.1,123.3,0.0,0.0,-0.36,3,4475,1.703,-0.142,76.0,67.6,74.4,71.1,24.0,22.66,23.75,23.22
70.379,3156.6,123.2,0.0,0.0,-0.37,3,4469,1.766,-0.178,76.0,67.6,74.4,71.1,24.0,22.66,23.75,23.22
70.395,3157.1,123.0,0.0,0.0,-0.38,3,4466,1.742,-0.183,76.0,67.6,74.4,71.1,24.0,22.66,23.75,23.22
70.41,3157.6,122.9,0.0,0.0,-0.39,3,4462,1.812,-0.168,76.0,67.6,74.4,71.1,24.0,22.66,23.75,23.22
70.426,3158.2,122.8,0.0,0.0,-0.4,3,4457,1.793,-0.167,76.0,67.6,74.4,71.1,24.0,22.66,23.75,23.22
70.441,3158.7,122.6,0.0,0.0,-0.41,3,4452,1.682,-0.158,76.0,67.6,74.4,71.1,24.0,22.66,23.75,23.22
70.456,3159.2,122.5,0.0,0.0,-0.41,3,4447,1.701,-0.162,76.0,67.7,74.4,71.1,24.0,22.66,23.75,23.22
70.472,3159.7,122.4,0.0,0.0,-0.42,3,4442,1.754,-0.166,76.0,67.7,74.4,71.1,24.0,22.67,23.75,23.22
70.487,3160.3,122.2,0.0,0.0,-0.43,3,4436,1.763,-0.153,76.0,67.7,74.4,71.2,24.01,22.67,23.75,23.22
70.503,3160.8,122.1,0.0,0.0,-0.44,3,4430,1.812,-0.177,76.0,67.7,74.4,71.2,24.01,22.67,23.75,23.22
70.518,3161.3,122.0,0.0,0.0,-0.45,3,4425,1.787,-0.177,76.1,67.7,74.4,71.2,24.01,22.67,23.75,23.22
70.534,3161.8,121.8,0.0,0.0,-0.45,3,4421,1.781,-0.185,76.1,67.7,74.4,71.2,24.01,22.67,23.75,23.22
70.549,3162.4,121.7,0.0,0.0,-0.46,3,4415,1.785,-0.19,76.1,67.7,74.4,71.2,24.01,22.67,23.75,23.23
70.564,3162.9,121.5,0.0,0.0,-0.47,3,4410,1.802,-0.204,76.1,67.7,74.4,71.2,24.01,22.67,23.75,23.23
70.58,3163.4,121.3,0.0,0.0,-0.48,3,4405,1.829,-0.193,76.1,67.7,74.4,71.2,24.01,22.67,23.75,23.23
70.596,3163.9,121.2,0.0,0.0,-0.49,3,4399,1.828,-0.175,76.1,67.7,74.4,71.2,24.02,22.67,23.75,23.23
70.612,3164.5,121.0,0.0,0.0,-0.5,3,4391,1.766,-0.194,76.1,67.7,74.4,71.2,24.02,22.67,23.75,23.23
70.627,3165.0,120.9,0.0,0.0,-0.51,3,4386,1.71,-0.179,76.1,67.7,74.4,71.2,24.02,22.67,23.75,23.23
70.642,3165.5,120.7,0.0,0.0,-0.52,3,4380,1.757,-0.176,76.1,67.7,74.4,71.2,24.02,22.68,23.75,23.23
70.658,3166.0,120.6,0.0,0.0,-0.52,3,4374,1.778,-0.19,76.1,67.7,74.4,71.2,24.02,22.68,23.75,23.23
70.673,3166.5,120.4,1.2,0.0,-0.53,3,4369,1.754,-0.201,76.1,67.7,74.4,71.2,24.02,22.68,23.75,23.23
70.689,3167.1,120.3,7.2,0.0,-0.54,3,4373,1.764,-0.203,76.1,67.7,74.4,71.2,24.02,22.68,23.75,23.23
70.705,3167.6,120.1,14.4,0.0,-0.55,3,4384,1.737,-0.168,76.2,67.8,74.4,71.2,24.02,22.68,23.75,23.23
70.72,3168.1,120.0,20.4,0.0,-0.56,3,4395,1.72,-0.129,76.2,67.8,74.4,71.2,24.03,22.68,23.75,23.23
70.736,3168.6,119.9,26.4,0.0,-0.57,3,4406,1.655,-0.056,76.2,67.8,74.4,71.2,24.03,22.68,23.75,23.23
70.752,3169.1,119.8,32.4,0.0,-0.58,3,4418,1.77,-0.04,76.2,67.8,74.4,71.2,24.03,22.68,23.75,23.23
70.767,3169.6,119.8,38.4,0.0,-0.58,3,4428,1.848,-0.009,76.2,67.8,74.4,71.2,24.03,22.68,23.75,23.23
70.782,3170.2,119.7,44.4,0.0,-0.59,3,4442,1.813,0.005,76.2,67.8,74.4,71.2,24.03,22.69,23.75,23.23
70.797,3170.7,119.7,50.4,0.0,-0.6,3,4458,1.818,0.038,76.2,67.8,74.4,71.2,24.03,22.69,23.75,23.23
70.813,3171.2,119.7,57.6,0.0,-0.61,3,4483,1.699,0.062,76.2,67.8,74.4,71.2,24.03,22.69,23.75,23.23
70.828,3171.7,119.7,63.6,0.0,-0.62,3,4494,1.642,0.145,76.2,67.8,74.4,71.2,24.03,22.69,23.75,23.23
70.844,3172.2,119.8,69.6,0.0,-0.63,3,4493,1.703,0.237,76.2,67.8,74.4,71.2,24.04,22.69,23.75,23.23
70.86,3172.8,119.9,75.6,0.0,-0.64,3,4501,1.655,0.238,76.2,67.8,74.4,71.2,24.04,22.69,23.75,23.23
70.875,3173.3,120.0,81.6,0.0,-0.64,3,4512,1.614,0.283,76.2,67.8,74.4,71.2,24.04,22.69,23.75,23.23
70.891,3173.8,120.2,88.8,0.0,-0.65,3,4530,1.613,0.309,76.2,67.8,74.4,71.2,24.04,22.69,23.75,23.23
70.906,3174.3,120.3,94.8,0.0,-0.66,3,4551,1.552,0.34,76.3,67.8,74.4,71.2,24.04,22.69,23.75,23.23
70.922,3174.8,120.5,100.0,0.0,-0.67,3,4572,1.557,0.4,76.3,67.8,74.4,71.2,24.04,22.69,23.75,23.23
70.937,3175.3,120.7,100.0,0.0,-0.68,3,4584,1.552,0.399,76.3,67.8,74.4,71.2,24.04,22.7,23.75,23.23
70.954,3175.9,120.8,100.0,0.0,-0.69,3,4597,1.496,0.388,76.3,67.9,74.4,71.2,24.04,22.7,23.75,23.23
70.969,3176.4,121.1,100.0,0.0,-0.7,3,4605,1.462,0.423,76.3,67.9,74.4,71.2,24.05,22.7,23.75,23.23
70.985,3176.9,121.3,100.0,0.0,-0.71,3,4607,1.505,0.423,76.3,67.9,74.4,71.2,24.05,22.7,23.75,23.24
71.0,3177.5,121.4,100.0,0.0,-0.71,3,4609,1.511,0.41,76.3,67.9,74.4,71.2,24.05,22.7,23.75,23.24
71.016,3178.0,121.6,100.0,0.0,-0.72,3,4604,1.588,0.419,76.3,67.9,74.4,71.2,24.05,22.7,23.75,23.24
71.031,3178.5,121.8,100.0,0.0,-0.73,3,4610,1.547,0.377,76.3,67.9,74.4,71.2,24.05,22.7,23.75,23.24
71.047,3179.0,122.0,100.0,0.0,-0.74,3,4627,1.486,0.378,76.3,67.9,74.4,71.2,24.05,22.7,23.75,23.24
71.062,3179.6,122.2,100.0,0.0,-0.75,3,4634,1.502,0.396,76.3,67.9,74.4,71.2,24.05,22.7,23.75,23.24
71.078,3180.1,122.4,100.0,0.0,-0.76,3,4635,1.547,0.382,76.3,67.9,74.4,71.2,24.06,22.71,23.75,23.24
71.094,3180.6,122.6,100.0,0.0,-0.76,3,4635,1.635,0.403,76.4,67.9,74.4,71.2,24.06,22.71,23.75,23.24
71.108,3181.1,122.8,100.0,0.0,-0.77,3,4641,1.611,0.342,76.4,67.9,74.4,71.2,24.06,22.71,23.75,23.24
71.125,3181.7,122.9,100.0,0.0,-0.78,3,4653,1.617,0.365,76.4,67.9,74.4,71.2,24.06,22.71,23.75,23.24
71.14,3182.2,123.1,100.0,0.0,-0.79,3,4674,1.487,0.382,76.4,67.9,74.4,71.2,24.06,22.71,23.75,23.24
71.155,3182.7,123.3,100.0,0.0,-0.8,3,4676,1.476,0.394,76.4,68.0,74.4,71.3,24.06,22.71,23.75,23.24
71.171,3183.3,123.5,100.0,0.0,-0.81,3,4671,1.558,0.396,76.4,68.0,74.4,71.3,24.06,22.71,23.75,23.24
71.186,3183.8,123.7,100.0,0.0,-0.81,3,4667,1.606,0.409,76.4,68.0,74.4,71.3,24.06,22.71,23.75,23.24
71.202,3184.3,123.9,100.0,0.0,-0.82,3,4675,1.64,0.347,76.4,68.0,74.4,71.3,24.07,22.72,23.75,23.24
71.218,3184.9,124.0,100.0,0.0,-0.83,3,4702,1.578,0.298,76.4,68.0,74.4,71.3,24.07,22.72,23.75,23.24
71.233,3185.4,124.2,100.0,0.0,-0.84,3,4719,1.493,0.348,76.4,68.0,74.4,71.3,24.07,22.72,23.75,23.24
71.249,3186.0,124.4,100.0,0.0,-0.85,3,4725,1.484,0.355,76.4,68.0,74.4,71.3,24.07,22.72,23.75,23.24
71.264,3186.5,124.5,100.0,0.0,-0.86,3,4719,1.507,0.386,76.4,68.0,74.4,71.3,24.07,22.72,23.75,23.24
71.28,3187.0,124.7,100.0,0.0,-0.86,3,4716,1.546,0.377,76.5,68.0,74.4,71.3,24.07,22.72,23.75,23.24
71.295,3187.5,124.9,100.0,0.0,-0.87,3,4722,1.554,0.385,76.5,68.0,74.4,71.3,24.07,22.72,23.75,23.24
71.31,3188.1,125.1,100.0,0.0,-0.88,3,4733,1.506,0.327,76.5,68.0,74.4,71.3,24.07,22.73,23.75,23.25
71.325,3188.6,125.2,100.0,0.0,-0.89,3,4744,1.492,0.342,76.5,68.0,74.4,71.3,24.08,22.73,23.75,23.25
71.341,3189.1,125.4,100.0,0.0,-0.9,3,4759,1.503,0.358,76.5,68.1,74.4,71.3,24.08,22.73,23.75,23.25
71.356,3189.7,125.6,100.0,0.0,-0.9,3,4765,1.506,0.369,76.5,68.1,74.5,71.3,24.08,22.73,23.75,23.25
71.371,3190.2,125.8,100.0,0.0,-0.9,3,4768,1.507,0.339,76.5,68.1,74.5,71.3,24.08,22.73,23.75,23.25
71.387,3190.8,125.9,100.0,0.0,-0.9,3,4777,1.478,0.369,76.5,68.1,74.5,71.3,24.08,22.73,23.75,23.25
71.403,3191.3,126.1,100.0,0.0,-0.9,3,4782,1.486,0.365,76.5,68.1,74.5,71.3,24.08,22.73,23.75,23.25
71.418,3191.9,126.3,100.0,0.0,-0.9,3,4786,1.519,0.36,76.5,68.1,74.5,71.3,24.08,22.74,23.75,23.25
71.434,3192.4,126.4,100.0,0.0,-0.9,3,4795,1.55,0.339,76.5,68.1,74.5,71.3,24.09,22.74,23.75,23.25
71.449,3192.9,126.6,100.0,0.0,-0.9,3,4803,1.584,0.312,76.5,68.1,74.5,71.3,24.09,22.74,23.75,23.25
71.464,3193.5,126.7,100.0,0.0,-0.9,3,4815,1.572,0.297,76.5,68.1,74.5,71.3,24.09,22.74,23.75,23.25
71.48,3194.0,126.9,100.0,0.0,-0.9,3,4826,1.487,0.345,76.6,68.1,74.5,71.3,24.09,22.74,23.75,23.25
71.495,3194.6,127.0,100.0,0.0,-0.9,3,4825,1.415,0.405,76.6,68.1,74.5,71.3,24.09,22.74,23.75,23.25
71.511,3195.1,127.2,100.0,0.0,-0.9,3,4820,1.417,0.391,76.6,68.2,74.5,71.3,24.09,22.74,23.75,23.25
71.526,3195.7,127.4,100.0,0.0,-0.9,3,4815,1.538,0.393,76.6,68.2,74.5,71.3,24.09,22.75,23.75,23.25
71.542,3196.2,127.6,100.0,0.0,-0.9,3,4818,1.655,0.321,76.6,68.2,74.5,71.3,24.09,22.75,23.75,23.25
71.557,3196.8,127.7,100.0,0.0,-0.9,3,4839,1.649,0.229,76.6,68.2,74.5,71.3,24.1,22.75,23.75,23.25
71.573,3197.3,127.8,100.0,0.0,-0.9,3,4865,1.608,0.244,76.6,68.2,74.5,71.3,24.1,22.75,23.75,23.25
71.589,3197.9,128.0,100.0,0.0,-0.9,3,4885,1.533,0.29,76.6,68.2,74.5,71.3,24.1,22.75,23.75,23.25
71.604,3198.4,128.1,100.0,0.0,-0.9,3,4883,1.471,0.38,76.6,68.2,74.5,71.3,24.1,22.75,23.75,23.25
71.62,3199.0,128.3,100.0,0.0,-0.9,3,4864,1.574,0.417,76.6,68.2,74.5,71.3,24.1,22.76,23.75,23.26
71.635,3199.5,128.5,100.0,0.0,-0.9,3,4855,1.545,0.385,76.6,68.2,74.5,71.3,24.1,22.76,23.75,23.26
71.65,3200.1,128.7,100.0,0.0,-0.9,3,4861,1.525,0.382,76.6,68.2,74.5,71.4,24.1,22.76,23.75,23.26
71.666,3200.6,128.9,100.0,0.0,-0.9,3,4879,1.5,0.343,76.7,68.3,74.5,71.4,24.1,22.76,23.75,23.26
71.682,3201.2,129.0,100.0,0.0,-0.9,3,4900,1.45,0.334,76.7,68.3,74.5,71.4,24.11,22.76,23.75,23.26
71.697,3201.7,129.2,100.0,0.0,-0.9,3,4905,1.509,0.338,76.7,68.3,74.5,71.4,24.11,22.76,23.75,23.26
71.713,3202.3,129.3,100.0,0.0,-0.9,3,4921,1.454,0.318,76.7,68.3,74.5,71.4,24.11,22.77,23.75,23.26
71.728,3202.8,129.5,100.0,0.0,-0.9,3,4929,1.52,0.336,76.7,68.3,74.5,71.4,24.11,22.77,23.75,23.26
71.744,3203.4,129.7,100.0,0.0,-0.9,3,4933,1.467,0.364,76.7,68.3,74.5,71.4,24.11,22.77,23.75,23.26
71.758,3204.0,129.8,100.0,0.0,-0.9,3,4937,1.457,0.355,76.7,68.3,74.5,71.4,24.11,22.77,23.75,23.26
71.774,3204.5,130.0,100.0,0.0,-0.9,3,4941,1.409,0.396,76.7,68.3,74.5,71.4,24.11,22.77,23.76,23.26
71.789,3205.1,130.2,100.0,0.0,-0.9,3,4950,1.377,0.367,76.7,68.3,74.5,71.4,24.12,22.77,23.76,23.26
71.805,3205.7,130.3,100.0,0.0,-0.9,3,4949,1.416,0.407,76.7,68.3,74.5,71.4,24.12,22.78,23.76,23.26
71.821,3206.2,130.6,100.0,0.0,-0.9,3,4957,1.455,0.36,76.7,68.4,74.5,71.4,24.12,22.78,23.76,23.26
71.837,3206.8,130.7,100.0,0.0,-0.9,3,4970,1.429,0.316,76.7,68.4,74.5,71.4,24.12,22.78,23.76,23.26
71.852,3207.4,130.9,100.0,0.0,-0.9,3,4985,1.434,0.328,76.8,68.4,74.5,71.4,24.12,22.78,23.76,23.26
71.868,3207.9,131.0,100.0,0.0,-0.9,3,4999,1.472,0.293,76.8,68.4,74.5,71.4,24.12,22.78,23.76,23.26
71.883,3208.5,131.1,100.0,0.0,-0.9,3,5014,1.546,0.284,76.8,68.4,74.5,71.4,24.12,22.78,23.76,23.26
71.899,3209.1,131.3,100.0,0.0,-0.9,3,5017,1.556,0.351,76.8,68.4,74.5,71.4,24.13,22.79,23.76,23.27
71.914,3209.6,131.5,100.0,0.0,-0.9,3,5016,1.509,0.353,76.8,68.4,74.5,71.4,24.13,22.79,23.76,23.27
71.93,3210.2,131.6,100.0,0.0,-0.9,3,5018,1.486,0.382,76.8,68.4,74.5,71.4,24.13,22.79,23.76,23.27
71.945,3210.8,131.8,100.0,0.0,-0.9,3,5011,1.475,0.419,76.8,68.5,74.5,71.4,24.13,22.79,23.76,23.27
71.961,3211.3,132.0,100.0,0.0,-0.9,3,5003,1.55,0.396,76.8,68.5,74.5,71.4,24.13,22.79,23.76,23.27
71.976,3211.9,132.1,100.0,0.0,-0.9,3,5007,1.5,0.391,76.8,68.5,74.5,71.4,24.13,22.8,23.76,23.27
71.991,3212.4,132.3,100.0,0.0,-0.9,3,5017,1.375,0.402,76.8,68.5,74.5,71.4,24.13,22.8,23.76,23.27
72.007,3213.0,132.5,100.0,0.0,-0.9,3,5031,1.316,0.382,76.8,68.5,74.5,71.4,24.13,22.8,23.76,23.27
72.022,3213.6,132.7,100.0,0.0,-0.9,3,5038,1.341,0.413,76.8,68.5,74.5,71.4,24.14,22.8,23.76,23.27
72.038,3214.1,132.9,100.0,0.0,-0.9,3,5043,1.348,0.382,76.9,68.5,74.5,71.4,24.14,22.8,23.76,23.27
72.054,3214.7,133.1,100.0,0.0,-0.9,3,5059,1.296,0.337,76.9,68.5,74.5,71.4,24.14,22.81,23.76,23.27
72.069,3215.3,133.2,100.0,0.0,-0.9,3,5087,1.256,0.309,76.9,68.5,74.5,71.4,24.14,22.81,23.76,23.27
72.084,3215.9,133.4,100.0,0.0,-0.9,3,5107,1.272,0.361,76.9,68.6,74.5,71.5,24.14,22.81,23.76,23.27
72.1,3216.4,133.5,100.0,0.0,-0.9,3,5121,1.264,0.352,76.9,68.6,74.5,71.5,24.14,22.81,23.76,23.27
72.116,3217.0,133.7,100.0,0.0,-0.9,3,5127,1.241,0.396,76.9,68.6,74.5,71.5,24.14,22.81,23.76,23.27
72.131,3217.6,133.9,100.0,0.0,-0.89,3,5127,1.25,0.403,76.9,68.6,74.5,71.5,24.14,22.82,23.76,23.27
72.147,3218.2,134.1,100.0,0.0,-0.84,3,5126,1.273,0.378,76.9,68.6,74.5,71.5,24.15,22.82,23.76,23.27
72.163,3218.8,134.3,100.0,0.0,-0.8,3,5130,1.275,0.398,76.9,68.6,74.5,71.5,24.15,22.82,23.76,23.28
72.178,3219.4,134.5,100.0,0.0,-0.74,3,5134,1.318,0.386,76.9,68.6,74.5,71.5,24.15,22.82,23.76,23.28
72.194,3219.9,134.7,100.0,0.0,-0.69,3,5143,1.333,0.376,76.9,68.6,74.5,71.5,24.15,22.82,23.76,23.28
72.209,3220.5,134.8,100.0,0.0,-0.64,3,5154,1.302,0.38,76.9,68.7,74.5,71.5,24.15,22.83,23.76,23.28
72.225,3221.1,135.0,100.0,0.0,-0.6,3,5167,1.31,0.387,77.0,68.7,74.5,71.5,24.15,22.83,23.76,23.28
72.24,3221.7,135.2,100.0,0.0,-0.55,3,5173,1.322,0.419,77.0,68.7,74.5,71.5,24.15,22.83,23.76,23.28
72.255,3222.2,135.4,100.0,0.0,-0.5,3,5174,1.358,0.456,77.0,68.7,74.5,71.5,24.16,22.83,23.76,23.28
72.271,3222.8,135.6,100.0,0.0,-0.46,3,5178,1.364,0.434,77.0,68.7,74.5,71.5,24.16,22.83,23.76,23.28
72.287,3223.5,135.8,100.0,0.0,-0.4,3,5193,1.356,0.424,77.0,68.7,74.5,71.5,24.16,22.84,23.76,23.28
72.302,3224.0,136.0,100.0,0.0,-0.35,3,5210,1.368,0.436,77.0,68.7,74.5,71.5,24.16,22.84,23.76,23.28
72.318,3224.6,136.2,100.0,0.0,-0.3,3,5219,1.419,0.449,77.0,68.7,74.5,71.5,24.16,22.84,23.76,23.28
72.334,3225.2,136.4,100.0,0.0,-0.26,3,5226,1.426,0.46,77.0,68.8,74.5,71.5,24.16,22.84,23.76,23.28
72.349,3225.8,136.7,100.0,0.0,-0.2,3,5237,1.496,0.46,77.0,68.8,74.5,71.5,24.16,22.84,23.76,23.28
72.364,3226.4,136.9,100.0,0.0,-0.15,3,5248,1.476,0.478,77.0,68.8,74.5,71.5,24.16,22.85,23.76,23.28
72.38,3227.0,137.1,100.0,0.0,-0.11,3,5256,1.525,0.506,77.0,68.8,74.5,71.5,24.17,22.85,23.76,23.28
72.396,3227.6,137.4,100.0,0.0,-0.06,3,5259,1.494,0.512,77.0,68.8,74.5,71.5,24.17,22.85,23.76,23.28
72.411,3228.2,137.6,100.0,0.0,-0.01,3,5268,1.48,0.526,77.1,68.8,74.5,71.5,24.17,22.85,23.76,23.29
72.426,3228.8,137.8,100.0,0.0,0.0,3,5271,1.368,0.575,77.1,68.8,74.5,71.5,24.17,22.85,23.76,23.29
72.442,3229.3,138.1,100.0,0.0,0.0,3,5277,1.35,0.556,77.1,68.9,74.5,71.5,24.17,22.86,23.76,23.29
72.457,3229.9,138.4,100.0,0.0,0.0,3,5277,1.383,0.555,77.1,68.9,74.5,71.6,24.17,22.86,23.76,23.29
72.473,3230.5,138.6,100.0,0.0,0.0,3,5275,1.394,0.56,77.1,68.9,74.5,71.6,24.17,22.86,23.76,23.29
72.489,3231.2,138.9,100.0,0.0,0.0,3,5277,1.4,0.55,77.1,68.9,74.5,71.6,24.18,22.86,23.76,23.29
72.505,3231.8,139.2,100.0,0.0,0.0,3,5281,1.406,0.551,77.1,68.9,74.5,71.6,24.18,22.87,23.76,23.29
72.52,3232.4,139.5,100.0,0.0,0.0,3,5295,1.345,0.522,77.1,68.9,74.5,71.6,24.18,22.87,23.76,23.29
72.536,3233.0,139.7,100.0,0.0,0.0,3,5307,1.299,0.562,77.1,68.9,74.5,71.6,24.18,22.87,23.76,23.29
72.552,3233.6,140.0,100.0,0.0,0.0,3,5313,1.27,0.549,77.1,68.9,74.5,71.6,24.18,22.87,23.76,23.29
72.568,3234.2,140.3,100.0,0.0,0.0,3,5316,1.232,0.544,77.1,69.0,74.5,71.6,24.18,22.87,23.76,23.29
72.584,3234.8,140.5,100.0,0.0,0.0,3,5321,1.196,0.569,77.1,69.0,74.5,71.6,24.18,22.88,23.76,23.29
72.599,3235.4,140.8,100.0,0.0,0.0,3,5321,1.178,0.565,77.2,69.0,74.5,71.6,24.18,22.88,23.76,23.29
72.614,3236.0,141.1,100.0,0.0,0.0,3,5322,1.127,0.554,77.2,69.0,74.5,71.6,24.19,22.88,23.76,23.3
72.63,3236.6,141.3,100.0,0.0,0.0,3,5330,1.111,0.542,77.2,69.0,74.5,71.6,24.19,22.88,23.76,23.3
72.645,3237.3,141.6,100.0,0.0,0.0,3,5338,1.087,0.527,77.2,69.0,74.5,71.6,24.19,22.88,23.76,23.3
72.661,3237.9,141.9,100.0,0.0,0.0,3,5346,1.021,0.531,77.2,69.0,74.5,71.6,24.19,22.89,23.76,23.3
72.677,3238.5,142.2,100.0,0.0,0.0,3,5356,0.959,0.537,77.2,69.1,74.5,71.6,24.19,22.89,23.76,23.3
72.692,3239.1,142.5,100.0,0.0,0.0,3,5360,0.923,0.573,77.2,69.1,74.5,71.6,24.19,22.89,23.76,23.3
72.708,3239.7,142.8,100.0,0.0,0.01,3,5363,0.878,0.564,77.2,69.1,74.5,71.6,24.19,22.89,23.76,23.3
72.723,3240.4,143.1,100.0,0.0,0.01,3,5364,0.798,0.564,77.2,69.1,74.5,71.6,24.19,22.89,23.76,23.3
72.739,3241.0,143.4,100.0,0.0,0.02,3,5372,0.7,0.555,77.2,69.1,74.5,71.6,24.2,22.9,23.76,23.3
72.754,3241.6,143.7,100.0,0.0,0.03,3,5373,0.61,0.566,77.2,69.1,74.5,71.6,24.2,22.9,23.76,23.3
72.769,3242.2,144.0,100.0,0.0,0.03,3,5378,0.545,0.564,77.2,69.1,74.5,71.6,24.2,22.9,23.76,23.3
72.785,3242.8,144.3,100.0,0.0,0.04,3,5388,0.414,0.523,77.2,69.1,74.5,71.6,24.2,22.9,23.76,23.3
72.8,3243.4,144.6,100.0,0.0,0.04,3,5402,0.326,0.54,77.3,69.2,74.5,71.6,24.2,22.9,23.76,23.3
72.815,3244.0,144.8,100.0,0.0,0.05,3,5411,0.205,0.543,77.3,69.2,74.5,71.7,24.2,22.91,23.76,23.3
72.831,3244.7,145.1,100.0,0.0,0.06,3,5422,0.107,0.505,77.3,69.2,74.5,71.7,24.2,22.91,23.76,23.3
72.846,3245.3,145.4,100.0,0.0,0.06,3,5432,-0.002,0.514,77.3,69.2,74.5,71.7,24.21,22.91,23.76,23.31
72.861,3245.9,145.7,100.0,0.0,0.07,3,5439,-0.112,0.527,77.3,69.2,74.5,71.7,24.21,22.91,23.77,23.31
72.876,3246.5,146.0,100.0,0.0,0.07,3,5449,-0.208,0.556,77.3,69.2,74.5,71.7,24.21,22.91,23.77,23.31
72.892,3247.1,146.3,100.0,0.0,0.08,3,5460,-0.289,0.524,77.3,69.2,74.5,71.7,24.21,22.92,23.77,23.31
72.907,3247.8,146.6,100.0,0.0,0.09,3,5468,-0.405,0.54,77.3,69.2,74.5,71.7,24.21,22.92,23.77,23.31
72.922,3248.4,146.9,100.0,0.0,0.04,3,5479,-0.422,0.531,77.3,69.2,74.5,71.7,24.21,22.92,23.77,23.31
72.938,3249.0,147.2,100.0,0.0,0.0,3,5489,-0.324,0.544,77.3,69.3,74.5,71.7,24.21,22.92,23.77,23.31
72.953,3249.6,147.5,100.0,0.0,0.0,3,5503,-0.242,0.55,77.3,69.3,74.5,71.7,24.22,22.92,23.77,23.31
72.968,3250.3,147.7,100.0,0.0,0.0,3,5516,-0.274,0.522,77.4,69.3,74.6,71.7,24.22,22.92,23.77,23.31
72.984,3250.9,148.0,100.0,0.0,0.0,3,5527,-0.283,0.513,77.4,69.3,74.6,71.7,24.22,22.93,23.77,23.31
73.0,3251.5,148.3,100.0,0.0,0.0,3,5540,-0.308,0.538,77.4,69.3,74.6,71.7,24.22,22.93,23.77,23.31
73.016,3252.2,148.6,100.0,0.0,0.0,3,5554,-0.317,0.52,77.4,69.3,74.6,71.7,24.22,22.93,23.77,23.31
73.032,3252.9,148.9,100.0,0.0,0.0,3,5561,-0.314,0.539,77.4,69.3,74.6,71.7,24.22,22.93,23.77,23.31
73.048,3253.5,149.2,100.0,0.0,0.0,3,5561,-0.3,0.546,77.4,69.3,74.6,71.7,24.22,22.93,23.77,23.31
73.064,3254.2,149.5,100.0,0.0,0.0,3,5565,-0.278,0.537,77.4,69.3,74.6,71.7,24.23,22.93,23.77,23.31
73.079,3254.8,149.8,100.0,0.0,0.0,3,5572,-0.265,0.529,77.4,69.4,74.6,71.7,24.23,22.94,23.77,23.31
73.094,3255.5,150.1,100.0,0.0,0.0,3,5598,-0.274,0.497,77.4,69.4,74.6,71.7,24.23,22.94,23.77,23.31
73.11,3256.1,150.4,100.0,0.0,0.01,3,5610,-0.284,0.531,77.4,69.4,74.6,71.7,24.23,22.94,23.77,23.31
73.125,3256.8,150.6,100.0,0.0,0.02,3,5622,-0.268,0.499,77.5,69.4,74.6,71.7,24.23,22.94,23.77,23.32
73.141,3257.4,151.0,100.0,0.0,0.02,3,5628,-0.28,0.534,77.5,69.4,74.6,71.7,24.23,22.94,23.77,23.32
73.156,3258.1,151.2,100.0,0.0,0.03,3,5635,-0.288,0.519,77.5,69.4,74.6,71.7,24.24,22.94,23.77,23.32
73.172,3258.7,151.5,100.0,0.0,0.03,3,5638,-0.316,0.559,77.5,69.4,74.6,71.7,24.24,22.95,23.77,23.32
73.187,3259.4,151.8,100.0,0.0,0.04,3,5645,-0.314,0.513,77.5,69.4,74.6,71.7,24.24,22.95,23.77,23.32
73.203,3260.1,152.1,100.0,0.0,0.04,3,5657,-0.342,0.502,77.5,69.4,74.6,71.7,24.24,22.95,23.77,23.32
73.219,3260.7,152.4,100.0,0.0,0.05,3,5672,-0.347,0.495,77.5,69.5,74.6,71.7,24.24,22.95,23.78,23.32
73.235,3261.4,152.7,100.0,0.0,0.06,3,5684,-0.397,0.503,77.5,69.5,74.6,71.7,24.24,22.95,23.78,23.32
73.25,3262.1,152.9,100.0,0.0,0.06,3,5693,-0.412,0.5,77.5,69.5,74.6,71.7,24.24,22.96,23.78,23.32
73.266,3262.7,153.2,100.0,0.0,0.05,3,5705,-0.476,0.524,77.5,69.5,74.6,71.8,24.25,22.96,23.78,23.32
73.281,3263.4,153.5,100.0,0.0,0.0,3,5718,-0.375,0.483,77.5,69.5,74.6,71.8,24.25,22.96,23.78,23.32
73.296,3264.0,153.7,100.0,0.0,0.0,3,5731,-0.263,0.507,77.6,69.5,74.6,71.8,24.25,22.96,23.78,23.32
73.312,3264.7,154.0,100.0,0.0,0.0,3,5748,-0.26,0.472,77.6,69.5,74.6,71.8,24.25,22.96,23.78,23.32
73.327,3265.3,154.3,100.0,0.0,0.0,3,5760,-0.263,0.499,77.6,69.5,74.6,71.8,24.25,22.96,23.78,23.32
73.344,3266.0,154.6,100.0,0.0,0.0,3,5766,-0.289,0.5,77.6,69.5,74.6,71.8,24.25,22.97,23.78,23.32
73.359,3266.7,154.8,100.0,0.0,0.0,3,5769,-0.303,0.514,77.6,69.5,74.6,71.8,24.25,22.97,23.78,23.32
73.374,3267.4,155.1,100.0,0.0,0.0,3,5778,-0.282,0.505,77.6,69.6,74.6,71.8,24.26,22.97,23.78,23.32
73.39,3268.0,155.4,100.0,0.0,0.0,3,5793,-0.272,0.489,77.6,69.6,74.6,71.8,24.26,22.97,23.78,23.32
73.406,3268.7,155.7,100.0,0.0,0.0,3,5797,-0.292,0.523,77.6,69.6,74.6,71.8,24.26,22.97,23.78,23.33
73.422,3269.4,156.0,100.0,0.0,0.0,3,5804,-0.234,0.509,77.6,69.6,74.6,71.8,24.26,22.97,23.78,23.33
73.437,3270.1,156.2,100.0,0.0,0.0,3,5810,-0.245,0.523,77.6,69.6,74.6,71.8,24.26,22.98,23.78,23.33
73.452,3270.7,156.5,100.0,0.0,0.0,3,5819,-0.232,0.502,77.6,69.6,74.6,71.8,24.26,22.98,23.78,23.33
73.468,3271.4,156.8,100.0,0.0,0.0,3,5831,-0.192,0.499,77.7,69.6,74.6,71.8,24.27,22.98,23.78,23.33
73.483,3272.1,157.1,100.0,0.0,0.0,3,5840,-0.155,0.496,77.7,69.6,74.6,71.8,24.27,22.98,23.78,23.33
73.498,3272.7,157.3,100.0,0.0,0.0,3,5849,-0.138,0.49,77.7,69.6,74.6,71.8,24.27,22.98,23.78,23.33
73.514,3273.4,157.6,100.0,0.0,0.0,3,5856,-0.108,0.497,77.7,69.7,74.6,71.8,24.27,22.98,23.78,23.33
73.53,3274.1,157.8,100.0,0.0,0.0,3,5866,-0.097,0.476,77.7,69.7,74.6,71.8,24.27,22.99,23.78,23.33
73.546,3274.8,158.2,100.0,0.0,0.0,3,5874,-0.073,0.488,77.7,69.7,74.7,71.8,24.27,22.99,23.78,23.33
73.562,3275.5,158.4,100.0,0.0,0.0,3,5885,-0.074,0.489,77.7,69.7,74.7,71.8,24.27,22.99,23.78,23.33
73.577,3276.2,158.7,100.0,0.0,0.0,3,5894,-0.079,0.49,77.7,69.7,74.7,71.8,24.28,22.99,23.79,23.33
73.593,3276.9,158.9,100.0,0.0,0.0,3,5909,-0.089,0.468,77.7,69.7,74.7,71.8,24.28,22.99,23.79,23.33
73.608,3277.5,159.2,100.0,0.0,0.0,3,5921,-0.057,0.471,77.7,69.7,74.7,71.8,24.28,22.99,23.79,23.33
73.624,3278.3,159.4,100.0,0.0,0.0,3,5933,-0.063,0.495,77.7,69.7,74.7,71.8,24.28,23.0,23.79,23.33
73.639,3278.9,159.7,100.0,0.0,0.0,3,5943,-0.056,0.481,77.8,69.7,74.7,71.8,24.28,23.0,23.79,23.33
73.655,3279.6,160.0,100.0,0.0,0.01,3,5958,-0.072,0.444,77.8,69.7,74.7,71.8,24.28,23.0,23.79,23.34
73.671,3280.4,160.2,100.0,0.0,0.01,3,5976,-0.088,0.444,77.8,69.8,74.7,71.8,24.28,23.0,23.79,23.34
73.686,3281.0,160.5,100.0,0.0,0.02,3,5981,-0.103,0.489,77.8,69.8,74.7,71.9,24.28,23.0,23.79,23.34
73.701,3281.7,160.7,100.0,0.0,0.02,3,5978,-0.106,0.492,77.8,69.8,74.7,71.9,24.29,23.0,23.79,23.34
73.717,3282.4,161.0,100.0,0.0,0.03,3,5976,-0.142,0.486,77.8,69.8,74.7,71.9,24.29,23.01,23.79,23.34
73.732,3283.1,161.3,100.0,0.0,0.04,3,5985,-0.171,0.476,77.8,69.8,74.7,71.9,24.29,23.01,23.79,23.34
73.747,3283.8,161.6,100.0,0.0,0.04,3,5997,-0.215,0.446,77.8,69.8,74.7,71.9,24.29,23.01,23.79,23.34
73.764,3284.5,161.8,100.0,0.0,0.05,3,6011,-0.25,0.457,77.8,69.8,74.7,71.9,24.29,23.01,23.79,23.34
73.779,3285.2,162.1,100.0,0.0,0.05,3,6026,-0.307,0.455,77.8,69.8,74.7,71.9,24.29,23.01,23.79,23.34
73.795,3285.9,162.4,100.0,0.0,0.06,3,6035,-0.363,0.487,77.8,69.8,74.7,71.9,24.29,23.01,23.79,23.34
73.811,3286.6,162.6,100.0,0.0,0.06,3,6038,-0.419,0.486,77.9,69.9,74.7,71.9,24.3,23.02,23.79,23.34
73.826,3287.3,162.9,100.0,0.0,0.07,3,6046,-0.458,0.475,77.9,69.9,74.7,71.9,24.3,23.02,23.79,23.34
73.842,3288.0,163.1,100.0,0.0,0.07,3,6059,-0.517,0.454,77.9,69.9,74.7,71.9,24.3,23.02,23.79,23.34
73.857,3288.7,163.3,100.0,0.0,0.08,3,6074,-0.545,0.434,77.9,69.9,74.7,71.9,24.3,23.02,23.79,23.34
73.872,3289.4,163.6,100.0,0.0,0.08,3,6087,-0.603,0.449,77.9,69.9,74.7,71.9,24.3,23.02,23.79,23.34
73.888,3290.1,163.8,100.0,0.0,0.09,3,6099,-0.664,0.432,77.9,69.9,74.7,71.9,24.3,23.02,23.79,23.34
73.904,3290.9,164.1,100.0,0.0,0.06,3,6109,-0.708,0.447,77.9,69.9,74.7,71.9,24.3,23.03,23.8,23.34
73.92,3291.6,164.3,100.0,0.0,0.01,3,6120,-0.627,0.437,77.9,69.9,74.7,71.9,24.31,23.03,23.8,23.34
73.935,3292.3,164.5,100.0,0.0,0.0,3,6126,-0.483,0.451,77.9,69.9,74.7,71.9,24.31,23.03,23.8,23.35
73.951,3293.0,164.8,100.0,0.0,0.0,3,6135,-0.517,0.465,77.9,69.9,74.7,71.9,24.31,23.03,23.8,23.35
73.966,3293.7,165.1,100.0,0.0,0.0,3,6145,-0.525,0.464,77.9,69.9,74.7,71.9,24.31,23.03,23.8,23.35
73.982,3294.4,165.3,100.0,0.0,0.0,3,6155,-0.518,0.441,78.0,70.0,74.7,71.9,24.31,23.03,23.8,23.35
73.997,3295.1,165.5,100.0,0.0,0.0,3,6155,-0.541,0.472,78.0,70.0,74.7,71.9,24.31,23.03,23.8,23.35
74.013,3295.9,165.8,100.0,0.0,0.0,3,6157,-0.547,0.445,78.0,70.0,74.7,71.9,24.31,23.04,23.8,23.35
74.028,3296.6,166.0,100.0,0.0,0.0,3,6171,-0.506,0.439,78.0,70.0,74.7,71.9,24.32,23.04,23.8,23.35
74.043,3297.3,166.2,100.0,0.0,0.0,3,6183,-0.493,0.458,78.0,70.0,74.7,71.9,24.32,23.04,23.8,23.35
74.059,3298.0,166.5,100.0,0.0,0.0,3,6189,-0.437,0.44,78.0,70.0,74.8,71.9,24.32,23.04,23.8,23.35
74.075,3298.7,166.8,100.0,0.0,0.0,3,6192,-0.427,0.449,78.0,70.0,74.8,71.9,24.32,23.04,23.8,23.35
74.09,3299.4,167.0,100.0,0.0,0.0,3,6197,-0.401,0.44,78.0,70.0,74.8,71.9,24.32,23.04,23.8,23.35
74.105,3300.1,167.3,100.0,0.0,0.0,3,6208,-0.367,0.432,78.0,70.0,74.8,71.9,24.32,23.05,23.8,23.35
74.121,3300.9,167.5,100.0,0.0,0.0,3,6218,-0.346,0.427,78.0,70.0,74.8,71.9,24.32,23.05,23.8,23.35
74.137,3301.6,167.7,100.0,0.0,0.0,3,6231,-0.29,0.423,78.0,70.1,74.8,72.0,24.33,23.05,23.8,23.35
74.152,3302.3,168.0,100.0,0.0,0.0,3,6238,-0.254,0.44,78.0,70.1,74.8,72.0,24.33,23.05,23.8,23.35
74.168,3303.0,168.2,100.0,0.0,0.0,3,6244,-0.217,0.459,78.1,70.1,74.8,72.0,24.33,23.05,23.8,23.35
74.184,3303.8,168.5,100.0,0.0,0.0,3,6247,-0.223,0.484,78.1,70.1,74.8,72.0,24.33,23.05,23.8,23.35
74.199,3304.5,168.7,100.0,0.0,0.0,3,6251,-0.163,0.46,78.1,70.1,74.8,72.0,24.33,23.06,23.8,23.36
74.215,3305.3,169.0,100.0,0.0,0.0,3,6265,-0.139,0.433,78.1,70.1,74.8,72.0,24.33,23.06,23.81,23.36
74.231,3306.0,169.2,100.0,0.0,0.0,3,6279,-0.132,0.431,78.1,70.1,74.8,72.0,24.33,23.06,23.81,23.36
74.247,3306.8,169.4,100.0,0.0,0.0,3,6291,-0.117,0.431,78.1,70.1,74.8,72.0,24.34,23.06,23.81,23.36
74.262,3307.5,169.7,100.0,0.0,0.0,3,6297,-0.089,0.434,78.1,70.1,74.8,72.0,24.34,23.06,23.81,23.36
74.277,3308.2,169.9,100.0,0.0,0.0,3,6310,-0.093,0.428,78.1,70.1,74.8,72.0,24.34,23.06,23.81,23.36
74.293,3309.0,170.2,100.0,0.0,0.0,3,6322,-0.104,0.437,78.1,70.2,74.8,72.0,24.34,23.07,23.81,23.36
74.309,3309.7,170.4,100.0,0.0,0.0,3,6328,-0.068,0.43,78.1,70.2,74.8,72.0,24.34,23.07,23.81,23.36
74.324,3310.4,170.6,100.0,0.0,0.0,3,6334,-0.063,0.419,78.1,70.2,74.8,72.0,24.34,23.07,23.81,23.36
74.34,3311.2,170.9,100.0,0.0,0.0,3,6339,-0.059,0.424,78.1,70.2,74.8,72.0,24.34,23.07,23.81,23.36
74.356,3311.9,171.1,100.0,0.0,0.0,3,6347,-0.033,0.401,78.2,70.2,74.8,72.0,24.34,23.07,23.81,23.36
74.372,3312.7,171.4,100.0,0.0,0.0,3,6358,-0.031,0.406,78.2,70.2,74.8,72.0,24.35,23.07,23.81,23.36
74.387,3313.4,171.6,100.0,0.0,0.0,3,6365,-0.021,0.445,78.2,70.2,74.8,72.0,24.35,23.08,23.81,23.36
74.402,3314.1,171.8,100.0,0.0,0.0,3,6367,-0.055,0.421,78.2,70.2,74.8,72.0,24.35,23.08,23.81,23.36
74.418,3314.9,172.0,100.0,0.0,0.0,3,6377,-0.029,0.442,78.2,70.2,74.8,72.0,24.35,23.08,23.81,23.36
74.434,3315.7,172.3,100.0,0.0,0.0,3,6390,-0.001,0.402,78.2,70.3,74.8,72.0,24.35,23.08,23.81,23.36
74.449,3316.4,172.5,100.0,0.0,0.0,3,6400,-0.015,0.422,78.2,70.3,74.8,72.0,24.35,23.08,23.81,23.37
74.465,3317.1,172.6,0.0,0.0,0.0,0,6327,-0.016,-0.124,78.2,70.3,74.8,72.0,24.35,23.08,23.81,23.37
74.48,3317.9,172.6,0.0,0.0,0.0,0,6256,-0.013,-0.008,78.2,70.3,74.8,72.0,24.35,23.08,23.81,23.37
74.496,3318.6,172.6,0.0,0.0,0.0,0,6185,-0.019,-0.052,78.2,70.3,74.8,72.0,24.36,23.09,23.81,23.37
74.511,3319.4,172.5,0.0,0.0,0.0,0,6116,-0.01,-0.064,78.2,70.3,74.8,72.0,24.36,23.09,23.81,23.37
74.527,3320.1,172.5,0.0,0.0,0.01,0,6048,-0.037,-0.052,78.2,70.3,74.8,72.1,24.36,23.09,23.81,23.37
74.543,3320.9,172.5,0.0,0.0,0.01,0,5969,-0.056,-0.063,78.2,70.3,74.8,72.1,24.36,23.09,23.81,23.37
74.559,3321.6,172.5,0.0,0.0,0.02,4,5275,-0.089,-0.051,78.3,70.3,74.8,72.1,24.36,23.09,23.81,23.37
74.574,3322.4,172.8,0.0,0.0,0.02,4,5007,-0.089,0.404,78.3,70.3,74.8,72.1,24.36,23.09,23.82,23.37
74.59,3323.1,172.7,0.0,0.0,0.03,4,5002,-0.13,-0.175,78.3,70.4,74.8,72.1,24.36,23.1,23.82,23.37
74.605,3323.9,172.7,0.0,0.0,0.03,4,5000,-0.184,-0.067,78.3,70.4,74.9,72.1,24.37,23.1,23.82,23.37
74.621,3324.6,172.6,0.0,0.0,0.03,4,4996,-0.218,-0.097,78.3,70.4,74.9,72.1,24.37,23.1,23.82,23.37
74.636,3325.3,172.6,0.0,0.0,0.04,4,4995,-0.259,-0.084,78.3,70.4,74.9,72.1,24.37,23.1,23.82,23.37
74.652,3326.1,172.5,0.0,0.0,0.04,4,4992,-0.29,-0.089,78.3,70.4,74.9,72.1,24.37,23.1,23.82,23.37
74.668,3326.9,172.5,0.0,0.0,0.05,4,4989,-0.378,-0.078,78.3,70.4,74.9,72.1,24.37,23.1,23.82,23.37
74.683,3327.6,172.4,0.0,0.0,0.02,4,4989,-0.408,-0.119,78.3,70.4,74.9,72.1,24.37,23.11,23.82,23.37
74.699,3328.3,172.4,0.0,0.0,0.0,4,4987,-0.248,-0.095,78.3,70.4,74.9,72.1,24.37,23.11,23.82,23.37
74.715,3329.1,172.3,0.0,0.0,0.0,4,4986,-0.18,-0.12,78.3,70.4,74.9,72.1,24.37,23.11,23.82,23.37
74.73,3329.9,172.3,100.0,0.0,0.0,4,5083,-0.212,0.028,78.3,70.4,74.9,72.1,24.38,23.11,23.82,23.38
74.745,3330.6,172.5,100.0,0.0,0.0,4,5100,-0.24,0.414,78.4,70.5,74.9,72.1,24.38,23.11,23.82,23.38
74.761,3331.3,172.7,100.0,0.0,0.0,4,5103,-0.225,0.408,78.4,70.5,74.9,72.1,24.38,23.11,23.82,23.38
74.776,3332.1,173.0,100.0,0.0,0.0,4,5104,-0.246,0.431,78.4,70.5,74.9,72.1,24.38,23.12,23.82,23.38
74.792,3332.8,173.2,100.0,0.0,0.0,4,5110,-0.263,0.405,78.4,70.5,74.9,72.1,24.38,23.12,23.82,23.38
74.808,3333.6,173.4,100.0,0.0,0.0,4,5115,-0.256,0.422,78.4,70.5,74.9,72.1,24.38,23.12,23.82,23.38
74.823,3334.3,173.6,100.0,0.0,0.0,4,5121,-0.208,0.394,78.4,70.5,74.9,72.1,24.38,23.12,23.82,23.38
74.839,3335.1,173.9,100.0,0.0,0.0,4,5133,-0.202,0.416,78.4,70.5,74.9,72.1,24.38,23.12,23.82,23.38
74.856,3335.9,174.1,100.0,0.0,0.0,4,5136,-0.209,0.407,78.4,70.5,74.9,72.1,24.39,23.12,23.82,23.38
74.871,3336.6,174.3,100.0,0.0,0.0,4,5140,-0.19,0.405,78.4,70.5,74.9,72.1,24.39,23.12,23.82,23.38
74.886,3337.4,174.5,100.0,0.0,0.01,4,5150,-0.193,0.383,78.4,70.5,74.9,72.1,24.39,23.13,23.82,23.38
74.902,3338.1,174.8,100.0,0.0,0.01,4,5156,-0.201,0.402,78.4,70.5,74.9,72.1,24.39,23.13,23.82,23.38
74.917,3338.9,175.0,100.0,0.0,0.02,4,5160,-0.219,0.416,78.4,70.6,74.9,72.1,24.39,23.13,23.83,23.38
74.934,3339.7,175.2,100.0,0.0,0.02,4,5165,-0.231,0.41,78.4,70.6,74.9,72.1,24.39,23.13,23.83,23.38
74.949,3340.4,175.4,100.0,0.0,0.03,4,5173,-0.226,0.389,78.5,70.6,74.9,72.1,24.39,23.13,23.83,23.38
74.965,3341.2,175.6,100.0,0.0,0.03,4,5178,-0.253,0.4,78.5,70.6,74.9,72.1,24.39,23.13,23.83,23.38
74.98,3341.9,175.9,100.0,0.0,0.03,4,5182,-0.276,0.408,78.5,70.6,74.9,72.2,24.4,23.14,23.83,23.38
74.995,3342.7,176.1,100.0,0.0,0.04,4,5186,-0.286,0.402,78.5,70.6,74.9,72.2,24.4,23.14,23.83,23.38
75.011,3343.5,176.3,100.0,0.0,0.04,4,5196,-0.314,0.379,78.5,70.6,74.9,72.2,24.4,23.14,23.83,23.39
75.026,3344.2,176.5,100.0,0.0,0.05,4,5205,-0.366,0.384,78.5,70.6,74.9,72.2,24.4,23.14,23.83,23.39
75.042,3345.0,176.7,100.0,0.0,0.05,4,5212,-0.409,0.399,78.5,70.6,74.9,72.2,24.4,23.14,23.83,23.39
75.057,3345.7,176.9,100.0,0.0,0.04,4,5226,-0.456,0.38,78.5,70.6,74.9,72.2,24.4,23.14,23.83,23.39
75.073,3346.5,177.1,100.0,0.0,0.0,4,5230,-0.368,0.393,78.5,70.6,74.9,72.2,24.4,23.14,23.83,23.39
75.088,3347.2,177.4,100.0,0.0,0.0,4,5234,-0.283,0.403,78.5,70.7,74.9,72.2,24.4,23.15,23.83,23.39
75.103,3348.0,177.6,100.0,0.0,0.0,4,5239,-0.29,0.403,78.5,70.7,74.9,72.2,24.4,23.15,23.83,23.39
75.119,3348.8,177.8,100.0,0.0,0.0,4,5244,-0.315,0.401,78.5,70.7,74.9,72.2,24.41,23.15,23.83,23.39
75.134,3349.5,178.0,100.0,0.0,0.0,4,5248,-0.314,0.386,78.5,70.7,74.9,72.2,24.41,23.15,23.83,23.39
75.15,3350.3,178.2,100.0,0.0,0.0,4,5255,-0.312,0.402,78.5,70.7,75.0,72.2,24.41,23.15,23.83,23.39
75.166,3351.1,178.5,100.0,0.0,0.0,4,5264,-0.309,0.385,78.6,70.7,75.0,72.2,24.41,23.15,23.83,23.39
75.182,3351.9,178.7,100.0,0.0,0.0,4,5268,-0.297,0.393,78.6,70.7,75.0,72.2,24.41,23.15,23.83,23.39
75.197,3352.6,178.9,100.0,0.0,0.01,4,5274,-0.309,0.382,78.6,70.7,75.0,72.2,24.41,23.16,23.83,23.39
75.213,3353.4,179.1,100.0,0.0,0.01,4,5280,-0.317,0.418,78.6,70.7,75.0,72.2,24.41,23.16,23.83,23.39
75.228,3354.2,179.3,100.0,0.0,0.02,4,5287,-0.317,0.382,78.6,70.7,75.0,72.2,24.41,23.16,23.83,23.39
75.243,3354.9,179.5,100.0,0.0,0.02,4,5291,-0.345,0.405,78.6,70.7,75.0,72.2,24.42,23.16,23.84,23.39
75.259,3355.7,179.8,100.0,0.0,0.03,4,5293,-0.344,0.44,78.6,70.8,75.0,72.2,24.42,23.16,23.84,23.39
75.274,3356.5,180.0,100.0,0.0,0.03,4,5300,-0.342,0.365,78.6,70.8,75.0,72.2,24.42,23.16,23.84,23.39
75.29,3357.3,180.2,100.0,0.0,0.03,4,5309,-0.368,0.402,78.6,70.8,75.0,72.2,24.42,23.16,23.84,23.39
75.306,3358.1,180.4,100.0,0.0,0.04,4,5318,-0.356,0.386,78.6,70.8,75.0,72.2,24.42,23.17,23.84,23.4
75.322,3358.9,180.6,100.0,0.0,0.04,4,5326,-0.385,0.386,78.6,70.8,75.0,72.2,24.42,23.17,23.84,23.4
75.338,3359.7,180.8,100.0,0.0,0.02,4,5336,-0.404,0.39,78.6,70.8,75.0,72.2,24.42,23.17,23.84,23.4
75.354,3360.5,181.0,100.0,0.0,0.0,4,5344,-0.267,0.372,78.6,70.8,75.0,72.2,24.42,23.17,23.84,23.4
75.369,3361.3,181.2,100.0,0.0,0.0,4,5349,-0.259,0.378,78.7,70.8,75.0,72.2,24.42,23.17,23.84,23.4
75.385,3362.1,181.5,100.0,0.0,0.0,4,5353,-0.288,0.367,78.7,70.8,75.0,72.2,24.43,23.17,23.84,23.4
75.401,3362.8,181.7,100.0,0.0,0.0,4,5355,-0.288,0.396,78.7,70.8,75.0,72.2,24.43,23.17,23.84,23.4
75.416,3363.6,181.9,100.0,0.0,0.0,4,5358,-0.293,0.401,78.7,70.8,75.0,72.2,24.43,23.17,23.84,23.4
75.432,3364.4,182.1,100.0,0.0,0.0,4,5365,-0.28,0.375,78.7,70.9,75.0,72.2,24.43,23.18,23.84,23.4
75.447,3365.2,182.3,100.0,0.0,0.0,4,5368,-0.267,0.4,78.7,70.9,75.0,72.3,24.43,23.18,23.84,23.4
75.463,3366.0,182.6,100.0,0.0,0.0,4,5383,-0.235,0.382,78.7,70.9,75.0,72.3,24.43,23.18,23.84,23.4
75.479,3366.8,182.8,100.0,0.0,0.0,4,5393,-0.232,0.384,78.7,70.9,75.0,72.3,24.43,23.18,23.84,23.4
75.495,3367.6,183.0,100.0,0.0,0.0,4,5398,-0.204,0.397,78.7,70.9,75.0,72.3,24.43,23.18,23.84,23.4
75.511,3368.4,183.2,100.0,0.0,0.0,4,5406,-0.188,0.372,78.7,70.9,75.0,72.3,24.43,23.18,23.84,23.4
75.526,3369.2,183.4,100.0,0.0,0.0,4,5414,-0.174,0.393,78.7,70.9,75.0,72.3,24.44,23.18,23.84,23.4
75.542,3370.0,183.6,100.0,0.0,0.0,4,5418,-0.196,0.413,78.7,70.9,75.0,72.3,24.44,23.19,23.84,23.4
75.557,3370.8,183.8,100.0,0.0,0.01,4,5414,-0.166,0.404,78.7,70.9,75.0,72.3,24.44,23.19,23.85,23.4
75.573,3371.6,184.0,100.0,0.0,0.01,4,5417,-0.207,0.38,78.7,70.9,75.0,72.3,24.44,23.19,23.85,23.4
75.589,3372.4,184.3,100.0,0.0,0.02,4,5422,-0.204,0.381,78.8,70.9,75.0,72.3,24.44,23.19,23.85,23.41
75.605,3373.2,184.5,100.0,0.0,0.02,4,5431,-0.187,0.372,78.8,70.9,75.0,72.3,24.44,23.19,23.85,23.41
75.621,3374.0,184.7,100.0,0.0,0.02,4,5436,-0.226,0.389,78.8,71.0,75.0,72.3,24.44,23.19,23.85,23.41
75.636,3374.8,184.9,100.0,0.0,0.03,4,5441,-0.24,0.367,78.8,71.0,75.0,72.3,24.44,23.19,23.85,23.41
75.652,3375.6,185.1,100.0,0.0,0.03,4,5449,-0.268,0.369,78.8,71.0,75.1,72.3,24.44,23.2,23.85,23.41
75.668,3376.5,185.3,100.0,0.0,0.04,4,5462,-0.315,0.349,78.8,71.0,75.1,72.3,24.45,23.2,23.85,23.41
75.684,3377.3,185.5,100.0,0.0,0.04,4,5466,-0.343,0.387,78.8,71.0,75.1,72.3,24.45,23.2,23.85,23.41
75.699,3378.1,185.7,100.0,0.0,0.04,4,5468,-0.397,0.393,78.8,71.0,75.1,72.3,24.45,23.2,23.85,23.41
75.715,3378.9,185.9,100.0,0.0,0.05,4,5471,-0.414,0.387,78.8,71.0,75.1,72.3,24.45,23.2,23.85,23.41
75.73,3379.7,186.1,100.0,0.0,0.05,4,5481,-0.475,0.385,78.8,71.0,75.1,72.3,24.45,23.2,23.85,23.41
75.746,3380.5,186.3,100.0,0.0,0.06,4,5484,-0.519,0.381,78.8,71.0,75.1,72.3,24.45,23.2,23.85,23.41
75.761,3381.3,186.5,100.0,0.0,0.06,4,5494,-0.551,0.369,78.8,71.0,75.1,72.3,24.45,23.21,23.85,23.41
75.777,3382.1,186.7,100.0,0.0,0.06,4,5501,-0.606,0.384,78.8,71.0,75.1,72.3,24.45,23.21,23.85,23.41
75.792,3382.9,186.9,100.0,0.0,0.07,4,5507,-0.625,0.345,78.8,71.0,75.1,72.3,24.46,23.21,23.85,23.41
75.808,3383.7,187.1,100.0,0.0,0.05,4,5518,-0.734,0.342,78.9,71.1,75.1,72.3,24.46,23.21,23.85,23.41
75.824,3384.5,187.3,100.0,0.0,0.0,4,5522,-0.666,0.362,78.9,71.1,75.1,72.3,24.46,23.21,23.86,23.41
75.839,3385.3,187.5,100.0,0.0,0.0,4,5536,-0.51,0.348,78.9,71.1,75.1,72.3,24.46,23.21,23.86,23.41
75.854,3386.1,187.7,100.0,0.0,0.0,4,5539,-0.559,0.404,78.9,71.1,75.1,72.3,24.46,23.21,23.86,23.41
75.87,3386.9,187.9,100.0,0.0,0.0,4,5539,-0.577,0.383,78.9,71.1,75.1,72.3,24.46,23.21,23.86,23.41
75.886,3387.8,188.1,100.0,0.0,0.0,4,5541,-0.602,0.38,78.9,71.1,75.1,72.3,24.46,23.21,23.86,23.42
75.901,3388.6,188.3,100.0,0.0,0.0,4,5547,-0.593,0.389,78.9,71.1,75.1,72.4,24.46,23.22,23.86,23.42
75.916,3389.4,188.5,100.0,0.0,0.0,4,5552,-0.56,0.36,78.9,71.1,75.1,72.4,24.47,23.22,23.86,23.42
75.932,3390.2,188.7,100.0,0.0,0.0,4,5557,-0.551,0.357,78.9,71.1,75.1,72.4,24.47,23.22,23.86,23.42
75.947,3391.0,188.9,100.0,0.0,0.0,4,5565,-0.496,0.365,78.9,71.1,75.1,72.4,24.47,23.22,23.86,23.42
75.962,3391.8,189.1,100.0,0.0,0.0,4,5574,-0.509,0.352,78.9,71.1,75.1,72.4,24.47,23.22,23.86,23.42
75.978,3392.6,189.3,100.0,0.0,0.0,4,5577,-0.46,0.371,78.9,71.1,75.1,72.4,24.47,23.22,23.86,23.42
75.993,3393.4,189.5,100.0,0.0,0.0,4,5576,-0.451,0.373,78.9,71.1,75.1,72.4,24.47,23.22,23.86,23.42
76.009,3394.2,189.7,100.0,0.0,0.0,4,5580,-0.417,0.368,78.9,71.2,75.1,72.4,24.47,23.23,23.86,23.42
76.025,3395.1,189.9,100.0,0.0,0.0,4,5588,-0.364,0.363,79.0,71.2,75.1,72.4,24.47,23.23,23.86,23.42
76.041,3395.9,190.1,100.0,0.0,0.0,4,5594,-0.322,0.37,79.0,71.2,75.1,72.4,24.47,23.23,23.86,23.42
76.056,3396.7,190.3,100.0,0.0,0.0,4,5602,-0.277,0.39,79.0,71.2,75.1,72.4,24.48,23.23,23.86,23.42
76.072,3397.6,190.5,100.0,0.0,0.0,4,5608,-0.254,0.366,79.0,71.2,75.2,72.4,24.48,23.23,23.86,23.42
76.088,3398.4,190.7,100.0,0.0,0.0,4,5616,-0.2,0.354,79.0,71.2,75.2,72.4,24.48,23.23,23.87,23.42
76.103,3399.2,190.9,100.0,0.0,0.0,4,5624,-0.176,0.334,79.0,71.2,75.2,72.4,24.48,23.23,23.87,23.42
76.119,3400.0,191.1,100.0,0.0,0.0,4,5628,-0.136,0.37,79.0,71.2,75.2,72.4,24.48,23.23,23.87,23.42
76.133,3400.8,191.3,100.0,0.0,0.0,4,5630,-0.132,0.378,79.0,71.2,75.2,72.4,24.48,23.24,23.87,23.42
76.149,3401.6,191.5,100.0,0.0,0.0,4,5633,-0.106,0.369,79.0,71.2,75.2,72.4,24.48,23.24,23.87,23.43
76.165,3402.5,191.7,100.0,0.0,0.0,4,5642,-0.091,0.339,79.0,71.2,75.2,72.4,24.48,23.24,23.87,23.43
76.18,3403.3,191.9,100.0,0.0,0.01,4,5652,-0.096,0.352,79.0,71.2,75.2,72.4,24.48,23.24,23.87,23.43
76.195,3404.1,192.1,100.0,0.0,0.01,4,5655,-0.094,0.371,79.0,71.3,75.2,72.4,24.48,23.24,23.87,23.43
76.211,3405.0,192.3,100.0,0.0,0.01,4,5664,-0.112,0.348,79.0,71.3,75.2,72.4,24.49,23.24,23.87,23.43
76.226,3405.8,192.5,100.0,0.0,0.02,4,5667,-0.113,0.352,79.0,71.3,75.2,72.4,24.49,23.24,23.87,23.43
76.242,3406.6,192.7,100.0,0.0,0.02,4,5677,-0.146,0.352,79.0,71.3,75.2,72.4,24.49,23.24,23.87,23.43
76.258,3407.5,192.8,100.0,0.0,0.02,4,5679,-0.155,0.368,79.1,71.3,75.2,72.4,24.49,23.25,23.87,23.43
76.274,3408.3,193.1,100.0,0.0,0.03,4,5684,-0.178,0.35,79.1,71.3,75.2,72.4,24.49,23.25,23.87,23.43
76.29,3409.2,193.3,100.0,0.0,0.03,4,5690,-0.224,0.341,79.1,71.3,75.2,72.4,24.49,23.25,23.87,23.43
76.305,3410.0,193.4,100.0,0.0,0.03,4,5692,-0.263,0.361,79.1,71.3,75.2,72.4,24.49,23.25,23.87,23.43
76.321,3410.9,193.7,100.0,0.0,0.04,4,5699,-0.311,0.368,79.1,71.3,75.2,72.4,24.49,23.25,23.87,23.43
76.337,3411.7,193.9,100.0,0.0,0.04,4,5703,-0.33,0.366,79.1,71.3,75.2,72.5,24.49,23.25,23.87,23.43
76.352,3412.5,194.0,100.0,0.0,0.04,4,5708,-0.392,0.346,79.1,71.3,75.2,72.5,24.49,23.25,23.87,23.43
76.367,3413.4,194.2,100.0,0.0,0.05,4,5717,-0.422,0.328,79.1,71.3,75.2,72.5,24.5,23.26,23.87,23.43
76.384,3414.2,194.4,100.0,0.0,0.05,4,5724,-0.495,0.329,79.1,71.4,75.2,72.5,24.5,23.26,23.87,23.43
76.399,3415.1,194.6,100.0,0.0,0.04,4,5729,-0.545,0.347,79.1,71.4,75.2,72.5,24.5,23.26,23.88,23.43
76.414,3415.9,194.8,100.0,0.0,0.0,4,5731,-0.495,0.35,79.1,71.4,75.2,72.5,24.5,23.26,23.88,23.43
76.43,3416.7,195.0,100.0,0.0,0.0,4,5734,-0.387,0.351,79.1,71.4,75.2,72.5,24.5,23.26,23.88,23.44
76.445,3417.6,195.2,100.0,0.0,0.0,4,5743,-0.413,0.319,79.1,71.4,75.2,72.5,24.5,23.26,23.88,23.44
76.46,3418.4,195.4,100.0,0.0,0.0,4,5746,-0.465,0.348,79.1,71.4,75.2,72.5,24.5,23.26,23.88,23.44
76.476,3419.2,195.5,100.0,0.0,0.0,4,5753,-0.455,0.336,79.1,71.4,75.2,72.5,24.5,23.26,23.88,23.44
76.492,3420.1,195.7,100.0,0.0,0.0,4,5759,-0.459,0.36,79.2,71.4,75.2,72.5,24.5,23.27,23.88,23.44
76.508,3421.0,195.9,100.0,0.0,0.0,4,5762,-0.433,0.344,79.2,71.4,75.2,72.5,24.51,23.27,23.88,23.44
76.522,3421.8,196.1,100.0,0.0,0.0,4,5766,-0.409,0.332,79.2,71.4,75.3,72.5,24.51,23.27,23.88,23.44
76.538,3422.6,196.3,100.0,0.0,0.0,4,5773,-0.409,0.351,79.2,71.4,75.3,72.5,24.51,23.27,23.88,23.44
76.553,3423.5,196.5,100.0,0.0,0.0,4,5779,-0.354,0.361,79.2,71.4,75.3,72.5,24.51,23.27,23.88,23.44
76.569,3424.3,196.7,100.0,0.0,0.0,4,5783,-0.382,0.355,79.2,71.4,75.3,72.5,24.51,23.27,23.88,23.44
76.585,3425.2,196.9,100.0,0.0,0.0,4,5785,-0.331,0.349,79.2,71.5,75.3,72.5,24.51,23.27,23.88,23.44
76.601,3426.0,197.1,100.0,0.0,0.0,4,5789,-0.296,0.335,79.2,71.5,75.3,72.5,24.51,23.27,23.88,23.44
76.616,3426.9,197.2,100.0,0.0,0.0,4,5795,-0.256,0.334,79.2,71.5,75.3,72.5,24.51,23.28,23.88,23.44
76.632,3427.7,197.4,100.0,0.0,0.0,4,5801,-0.22,0.339,79.2,71.5,75.3,72.5,24.51,23.28,23.88,23.44
76.647,3428.6,197.6,100.0,0.0,0.0,4,5811,-0.188,0.339,79.2,71.5,75.3,72.5,24.52,23.28,23.89,23.44
76.663,3429.5,197.8,100.0,0.0,0.0,4,5818,-0.167,0.34,79.2,71.5,75.3,72.5,24.52,23.28,23.89,23.44
76.679,3430.3,198.0,100.0,0.0,0.0,4,5824,-0.14,0.336,79.2,71.5,75.3,72.5,24.52,23.28,23.89,23.45
76.694,3431.2,198.2,100.0,0.0,0.0,4,5827,-0.115,0.348,79.2,71.5,75.3,72.5,24.52,23.28,23.89,23.45
76.709,3432.0,198.3,100.0,0.0,0.0,4,5832,-0.084,0.33,79.2,71.5,75.3,72.5,24.52,23.28,23.89,23.45
76.724,3432.9,198.5,100.0,0.0,0.0,4,5837,-0.076,0.337,79.2,71.5,75.3,72.5,24.52,23.28,23.89,23.45
76.74,3433.7,198.7,100.0,0.0,0.0,4,5843,-0.06,0.331,79.3,71.5,75.3,72.5,24.52,23.29,23.89,23.45
76.755,3434.6,198.9,100.0,0.0,0.0,4,5848,-0.041,0.335,79.3,71.5,75.3,72.6,24.52,23.29,23.89,23.45
76.771,3435.4,199.1,100.0,0.0,0.0,4,5853,-0.054,0.33,79.3,71.6,75.3,72.6,24.52,23.29,23.89,23.45
76.786,3436.3,199.3,100.0,0.0,0.01,4,5862,-0.072,0.33,79.3,71.6,75.3,72.6,24.52,23.29,23.89,23.45
76.802,3437.1,199.4,100.0,0.0,0.01,4,5869,-0.078,0.329,79.3,71.6,75.3,72.6,24.52,23.29,23.89,23.45
76.818,3438.0,199.6,100.0,0.0,0.01,4,5869,-0.094,0.331,79.3,71.6,75.3,72.6,24.53,23.29,23.89,23.45
76.833,3438.9,199.8,100.0,0.0,0.02,4,5871,-0.114,0.356,79.3,71.6,75.3,72.6,24.53,23.29,23.89,23.45
76.848,3439.7,200.0,100.0,0.0,0.02,4,5876,-0.125,0.328,79.3,71.6,75.3,72.6,24.53,23.29,23.89,23.45
76.865,3440.6,200.2,100.0,0.0,0.02,4,5885,-0.163,0.323,79.3,71.6,75.3,72.6,24.53,23.3,23.89,23.45
76.88,3441.5,200.3,100.0,0.0,0.03,4,5890,-0.205,0.313,79.3,71.6,75.3,72.6,24.53,23.3,23.89,23.45
76.896,3442.4,200.5,100.0,0.0,0.03,4,5894,-0.228,0.337,79.3,71.6,75.3,72.6,24.53,23.3,23.89,23.45
76.912,3443.2,200.7,100.0,0.0,0.0,4,5900,-0.272,0.346,79.3,71.6,75.3,72.6,24.53,23.3,23.89,23.45
76.927,3444.1,200.9,100.0,0.0,0.0,4,5905,-0.175,0.336,79.3,71.6,75.3,72.6,24.53,23.3,23.9,23.45
76.942,3444.9,201.1,100.0,0.0,0.0,4,5913,-0.161,0.31,79.3,71.6,75.3,72.6,24.53,23.3,23.9,23.46
76.957,3445.8,201.2,100.0,0.0,0.0,4,5916,-0.19,0.332,79.3,71.6,75.4,72.6,24.53,23.3,23.9,23.46
76.973,3446.7,201.4,100.0,0.0,0.0,4,5920,-0.177,0.32,79.3,71.7,75.4,72.6,24.53,23.3,23.9,23.46
76.989,3447.6,201.6,100.0,0.0,0.0,4,5919,-0.212,0.347,79.3,71.7,75.4,72.6,24.54,23.31,23.9,23.46
77.004,3448.4,201.8,100.0,0.0,0.0,4,5923,-0.184,0.345,79.4,71.7,75.4,72.6,24.54,23.31,23.9,23.46
77.02,3449.3,201.9,100.0,0.0,0.0,4,5929,-0.184,0.34,79.4,71.7,75.4,72.6,24.54,23.31,23.9,23.46
77.035,3450.1,202.1,100.0,0.0,0.0,4,5933,-0.176,0.334,79.4,71.7,75.4,72.6,24.54,23.31,23.9,23.46
77.051,3451.0,202.3,100.0,0.0,0.0,4,5943,-0.158,0.322,79.4,71.7,75.4,72.6,24.54,23.31,23.9,23.46
77.067,3451.9,202.5,100.0,0.0,0.0,4,5952,-0.161,0.302,79.4,71.7,75.4,72.6,24.54,23.31,23.9,23.46
77.082,3452.8,202.6,100.0,0.0,0.0,4,5963,-0.155,0.301,79.4,71.7,75.4,72.6,24.54,23.31,23.9,23.46
77.098,3453.7,202.8,100.0,0.0,0.0,4,5970,-0.134,0.325,79.4,71.7,75.4,72.6,24.54,23.31,23.9,23.46
77.113,3454.6,203.0,100.0,0.0,0.0,4,5972,-0.124,0.338,79.4,71.7,75.4,72.6,24.54,23.32,23.9,23.46
77.129,3455.4,203.2,100.0,0.0,0.0,4,5973,-0.11,0.307,79.4,71.7,75.4,72.6,24.54,23.32,23.9,23.46
77.145,3456.3,203.3,100.0,0.0,0.0,4,5978,-0.094,0.325,79.4,71.7,75.4,72.6,24.54,23.32,23.9,23.46
77.16,3457.2,203.5,100.0,0.0,0.0,4,5981,-0.099,0.314,79.4,71.7,75.4,72.6,24.55,23.32,23.9,23.46
77.175,3458.1,203.7,100.0,0.0,0.0,4,5984,-0.081,0.324,79.4,71.8,75.4,72.7,24.55,23.32,23.9,23.46
77.191,3458.9,203.9,100.0,0.0,0.0,4,5985,-0.058,0.332,79.4,71.8,75.4,72.7,24.55,23.32,23.9,23.47
77.206,3459.8,204.1,100.0,0.0,0.0,4,5987,-0.078,0.326,79.4,71.8,75.4,72.7,24.55,23.32,23.91,23.47
77.222,3460.7,204.2,100.0,0.0,0.0,4,5996,-0.075,0.306,79.4,71.8,75.4,72.7,24.55,23.32,23.91,23.47
77.237,3461.5,204.4,100.0,0.0,0.0,4,6005,-0.064,0.306,79.4,71.8,75.4,72.7,24.55,23.33,23.91,23.47
77.253,3462.4,204.6,100.0,0.0,0.0,4,6014,-0.05,0.307,79.4,71.8,75.4,72.7,24.55,23.33,23.91,23.47
77.268,3463.3,204.7,100.0,0.0,0.0,4,6017,-0.033,0.298,79.4,71.8,75.4,72.7,24.55,23.33,23.91,23.47
77.283,3464.2,204.9,100.0,0.0,0.0,4,6023,-0.034,0.308,79.4,71.8,75.4,72.7,24.55,23.33,23.91,23.47
77.299,3465.1,205.1,100.0,0.0,0.0,4,6028,-0.012,0.331,79.5,71.8,75.4,72.7,24.55,23.33,23.91,23.47
77.315,3466.0,205.2,100.0,0.0,0.0,4,6033,0.002,0.304,79.5,71.8,75.4,72.7,24.55,23.33,23.91,23.47
77.331,3466.9,205.4,100.0,0.0,0.0,4,6035,-0.012,0.333,79.5,71.8,75.4,72.7,24.55,23.33,23.91,23.47
77.347,3467.8,205.6,100.0,0.0,0.0,4,6041,-0.033,0.302,79.5,71.8,75.4,72.7,24.56,23.33,23.91,23.47
77.362,3468.7,205.8,100.0,0.0,0.0,4,6049,-0.019,0.299,79.5,71.8,75.4,72.7,24.56,23.34,23.91,23.47
77.377,3469.6,205.9,100.0,0.0,0.0,4,6050,-0.008,0.319,79.5,71.9,75.4,72.7,24.56,23.34,23.91,23.47
77.393,3470.4,206.1,100.0,0.0,0.0,4,6054,-0.015,0.309,79.5,71.9,75.4,72.7,24.56,23.34,23.91,23.47
77.408,3471.3,206.3,100.0,0.0,0.0,4,6059,0.005,0.301,79.5,71.9,75.4,72.7,24.56,23.34,23.91,23.47
77.424,3472.2,206.4,100.0,0.0,0.0,4,6061,-0.013,0.335,79.5,71.9,75.5,72.7,24.56,23.34,23.91,23.47
77.439,3473.1,206.6,100.0,0.0,0.0,4,6066,0.022,0.281,79.5,71.9,75.5,72.7,24.56,23.34,23.91,23.48
77.455,3474.0,206.8,100.0,0.0,0.0,4,6072,0.013,0.303,79.5,71.9,75.5,72.7,24.56,23.34,23.91,23.48
77.47,3474.9,206.9,100.0,0.0,0.0,4,6077,0.003,0.312,79.5,71.9,75.5,72.7,24.56,23.34,23.91,23.48
77.486,3475.8,207.1,100.0,0.0,0.0,4,6082,-0.005,0.275,79.5,71.9,75.5,72.7,24.56,23.35,23.91,23.48
77.502,3476.7,207.3,100.0,0.0,0.0,4,6086,-0.005,0.309,79.5,71.9,75.5,72.7,24.56,23.35,23.92,23.48
77.518,3477.6,207.5,100.0,0.0,0.01,4,6091,-0.034,0.303,79.5,71.9,75.5,72.7,24.56,23.35,23.92,23.48
77.534,3478.5,207.6,100.0,0.0,0.01,4,6096,-0.034,0.277,79.5,71.9,75.5,72.7,24.57,23.35,23.92,23.48
77.549,3479.4,207.8,100.0,0.0,0.01,4,6103,-0.05,0.278,79.5,71.9,75.5,72.7,24.57,23.35,23.92,23.48
77.564,3480.3,207.9,100.0,0.0,0.01,4,6109,-0.075,0.299,79.5,71.9,75.5,72.8,24.57,23.35,23.92,23.48
77.58,3481.2,208.1,100.0,0.0,0.02,4,6113,-0.077,0.313,79.5,72.0,75.5,72.8,24.57,23.35,23.92,23.48
77.595,3482.1,208.3,100.0,0.0,0.02,4,6115,-0.094,0.321,79.6,72.0,75.5,72.8,24.57,23.35,23.92,23.48
77.611,3483.0,208.4,100.0,0.0,0.0,4,6119,-0.081,0.288,79.6,72.0,75.5,72.8,24.57,23.35,23.92,23.48
77.626,3483.9,208.6,100.0,0.0,0.0,4,6128,-0.047,0.309,79.6,72.0,75.5,72.8,24.57,23.36,23.92,23.48
77.642,3484.8,208.8,100.0,0.0,0.0,4,6132,-0.064,0.313,79.6,72.0,75.5,72.8,24.57,23.36,23.92,23.48
77.657,3485.7,208.9,100.0,0.0,0.0,4,6137,-0.057,0.283,79.6,72.0,75.5,72.8,24.57,23.36,23.92,23.48
77.673,3486.6,209.1,100.0,0.0,0.0,4,6141,-0.094,0.298,79.6,72.0,75.5,72.8,24.57,23.36,23.92,23.48
77.689,3487.5,209.3,100.0,0.0,0.0,4,6146,-0.094,0.316,79.6,72.0,75.5,72.8,24.57,23.36,23.92,23.49
77.704,3488.4,209.4,100.0,0.0,0.0,4,6148,-0.061,0.278,79.6,72.0,75.5,72.8,24.57,23.36,23.92,23.49
77.72,3489.3,209.6,100.0,0.0,0.0,4,6151,-0.066,0.311,79.6,72.0,75.5,72.8,24.57,23.36,23.92,23.49
77.735,3490.2,209.7,100.0,0.0,0.0,4,6155,-0.067,0.304,79.6,72.0,75.5,72.8,24.58,23.36,23.92,23.49
77.751,3491.1,209.9,100.0,0.0,0.0,4,6162,-0.077,0.309,79.6,72.0,75.5,72.8,24.58,23.36,23.92,23.49
77.767,3492.1,210.1,100.0,0.0,0.0,4,6169,-0.083,0.296,79.6,72.0,75.5,72.8,24.58,23.37,23.92,23.49
77.782,3492.9,210.2,100.0,0.0,0.0,4,6175,-0.073,0.28,79.6,72.0,75.5,72.8,24.58,23.37,23.92,23.49
77.797,3493.8,210.4,100.0,0.0,0.0,4,6181,-0.074,0.299,79.6,72.1,75.5,72.8,24.58,23.37,23.93,23.49
77.812,3494.7,210.5,100.0,0.0,0.0,4,6187,-0.081,0.294,79.6,72.1,75.5,72.8,24.58,23.37,23.93,23.49
77.828,3495.6,210.7,100.0,0.0,0.0,4,6190,-0.049,0.306,79.6,72.1,75.5,72.8,24.58,23.37,23.93,23.49
77.843,3496.6,210.9,100.0,0.0,0.0,4,6190,-0.04,0.297,79.6,72.1,75.5,72.8,24.58,23.37,23.93,23.49
77.859,3497.5,211.0,100.0,0.0,0.0,4,6193,-0.038,0.309,79.6,72.1,75.5,72.8,24.58,23.37,23.93,23.49
77.875,3498.4,211.2,100.0,0.0,0.0,4,6199,-0.023,0.287,79.6,72.1,75.5,72.8,24.58,23.37,23.93,23.49
77.891,3499.3,211.4,100.0,0.0,0.0,4,6206,-0.038,0.296,79.6,72.1,75.5,72.8,24.58,23.37,23.93,23.49
77.906,3500.2,211.5,100.0,0.0,0.0,4,6211,-0.032,0.295,79.6,72.1,75.6,72.8,24.58,23.38,23.93,23.49
77.921,3501.1,211.7,100.0,0.0,0.0,4,6216,-0.022,0.303,79.7,72.1,75.6,72.8,24.58,23.38,23.93,23.49
77.937,3502.0,211.8,100.0,0.0,0.0,4,6219,-0.017,0.278,79.7,72.1,75.6,72.8,24.58,23.38,23.93,23.49
77.952,3502.9,212.0,100.0,0.0,0.0,4,6223,-0.003,0.278,79.7,72.1,75.6,72.8,24.59,23.38,23.93,23.5
77.967,3503.8,212.1,100.0,0.0,0.0,4,6230,-0.004,0.273,79.7,72.1,75.6,72.8,24.59,23.38,23.93,23.5
77.983,3504.8,212.3,100.0,0.0,0.0,4,6235,-0.012,0.278,79.7,72.1,75.6,72.9,24.59,23.38,23.93,23.5
77.999,3505.7,212.5,100.0,0.0,0.0,4,6239,-0.018,0.277,79.7,72.1,75.6,72.9,24.59,23.38,23.93,23.5
78.014,3506.6,212.6,100.0,0.0,0.0,4,6243,-0.009,0.292,79.7,72.1,75.6,72.9,24.59,23.38,23.93,23.5
78.03,3507.5,212.8,100.0,0.0,0.0,4,6246,-0.024,0.284,79.7,72.2,75.6,72.9,24.59,23.38,23.93,23.5
78.046,3508.5,212.9,100.0,0.0,0.0,4,6249,-0.007,0.297,79.7,72.2,75.6,72.9,24.59,23.39,23.93,23.5
78.061,3509.4,213.1,100.0,0.0,0.0,4,6252,0.007,0.282,79.7,72.2,75.6,72.9,24.59,23.39,23.93,23.5
78.076,3510.3,213.3,100.0,0.0,0.0,4,6254,-0.018,0.307,79.7,72.2,75.6,72.9,24.59,23.39,23.93,23.5
78.092,3511.2,213.4,100.0,0.0,0.0,4,6260,0.021,0.28,79.7,72.2,75.6,72.9,24.59,23.39,23.93,23.5
78.107,3512.1,213.6,100.0,0.0,0.0,4,6264,0.015,0.289,79.7,72.2,75.6,72.9,24.59,23.39,23.93,23.5
78.123,3513.1,213.7,100.0,0.0,0.0,4,6273,0.017,0.274,79.7,72.2,75.6,72.9,24.59,23.39,23.94,23.5
78.139,3514.0,213.9,100.0,0.0,0.0,4,6278,0.02,0.281,79.7,72.2,75.6,72.9,24.59,23.39,23.94,23.5
78.155,3514.9,214.0,100.0,0.0,0.0,4,6280,-0.012,0.283,79.7,72.2,75.6,72.9,24.6,23.39,23.94,23.5
78.171,3515.9,214.2,100.0,0.0,0.0,4,6280,-0.008,0.293,79.7,72.2,75.6,72.9,24.6,23.39,23.94,23.5
78.186,3516.8,214.3,100.0,0.0,0.0,4,6284,-0.032,0.267,79.7,72.2,75.6,72.9,24.6,23.4,23.94,23.5
78.202,3517.7,214.5,100.0,0.0,0.0,4,6289,0.0,0.277,79.7,72.2,75.6,72.9,24.6,23.4,23.94,23.51
78.218,3518.7,214.7,100.0,0.0,0.0,4,6294,0.015,0.275,79.7,72.2,75.6,72.9,24.6,23.4,23.94,23.51
78.234,3519.7,214.8,100.0,0.0,0.0,4,6298,0.016,0.29,79.7,72.2,75.6,72.9,24.6,23.4,23.94,23.51
78.249,3520.6,215.0,100.0,0.0,0.0,4,6310,0.016,0.27,79.7,72.3,75.6,72.9,24.6,23.4,23.94,23.51
78.265,3521.5,215.1,100.0,0.0,0.0,4,6318,0.011,0.276,79.8,72.3,75.6,72.9,24.6,23.4,23.94,23.51
78.28,3522.4,215.3,100.0,0.0,0.0,4,6324,-0.01,0.273,79.8,72.3,75.6,72.9,24.6,23.4,23.94,23.51
78.296,3523.3,215.4,100.0,0.0,0.0,4,6324,-0.015,0.275,79.8,72.3,75.6,72.9,24.6,23.4,23.94,23.51
78.312,3524.3,215.6,100.0,0.0,0.0,4,6327,-0.025,0.277,79.8,72.3,75.6,72.9,24.6,23.4,23.94,23.51
78.327,3525.2,215.7,100.0,0.0,0.0,4,6329,-0.018,0.281,79.8,72.3,75.6,72.9,24.6,23.41,23.94,23.51
78.344,3526.2,215.9,100.0,0.0,0.0,4,6331,-0.032,0.284,79.8,72.3,75.6,72.9,24.6,23.41,23.94,23.51
78.359,3527.1,216.0,100.0,0.0,0.0,4,6333,-0.008,0.281,79.8,72.3,75.6,72.9,24.6,23.41,23.94,23.51
78.375,3528.1,216.2,100.0,0.0,0.0,4,6338,-0.006,0.278,79.8,72.3,75.6,73.0,24.61,23.41,23.94,23.51
78.391,3529.0,216.3,100.0,0.0,0.0,4,6345,-0.012,0.261,79.8,72.3,75.7,73.0,24.61,23.41,23.94,23.51
78.406,3530.0,216.5,100.0,0.0,0.0,4,6352,-0.002,0.26,79.8,72.3,75.7,73.0,24.61,23.41,23.94,23.51
78.421,3530.9,216.6,100.0,0.0,0.0,4,6358,-0.009,0.262,79.8,72.3,75.7,73.0,24.61,23.41,23.95,23.51
78.437,3531.8,216.8,100.0,0.0,0.0,4,6363,-0.015,0.275,79.8,72.3,75.7,73.0,24.61,23.41,23.95,23.52
78.453,3532.8,216.9,100.0,0.0,0.0,4,6365,-0.011,0.272,79.8,72.3,75.7,73.0,24.61,23.41,23.95,23.52
78.469,3533.7,217.1,100.0,0.0,0.0,4,6368,-0.021,0.278,79.8,72.3,75.7,73.0,24.61,23.41,23.95,23.52
78.485,3534.7,217.2,100.0,0.0,0.0,4,6376,-0.006,0.257,79.8,72.3,75.7,73.0,24.61,23.42,23.95,23.52
78.5,3535.7,217.4,100.0,0.0,0.0,4,6377,-0.015,0.278,79.8,72.4,75.7,73.0,24.61,23.42,23.95,23.52
78.516,3536.6,217.5,100.0,0.0,0.0,4,6380,0.013,0.27,79.8,72.4,75.7,73.0,24.61,23.42,23.95,23.52
78.531,3537.5,217.7,100.0,0.0,0.0,4,6384,0.002,0.271,79.8,72.4,75.7,73.0,24.61,23.42,23.95,23.52
78.547,3538.5,217.8,100.0,0.0,0.0,4,6386,0.007,0.27,79.8,72.4,75.7,73.0,24.61,23.42,23.95,23.52
78.562,3539.4,218.0,100.0,0.0,0.0,4,6387,0.036,0.269,79.8,72.4,75.7,73.0,24.61,23.42,23.95,23.52
78.578,3540.3,218.1,100.0,0.0,0.0,4,6390,0.009,0.263,79.8,72.4,75.7,73.0,24.61,23.42,23.95,23.52
78.593,3541.3,218.3,100.0,0.0,0.0,4,6397,0.023,0.25,79.8,72.4,75.7,73.0,24.62,23.42,23.95,23.52
78.609,3542.2,218.4,0.0,0.0,0.0,0,6357,0.004,0.105,79.8,72.4,75.7,73.0,24.62,23.42,23.95,23.52
78.624,3543.1,218.3,0.0,0.0,0.0,0,6285,0.038,-0.115,79.9,72.4,75.7,73.0,24.62,23.43,23.95,23.52
78.64,3544.1,218.2,0.0,0.0,0.0,0,6200,0.018,-0.111,79.9,72.4,75.7,73.0,24.62,23.43,23.95,23.52
78.655,3545.0,218.2,0.0,0.0,0.0,0,6131,0.009,-0.127,79.9,72.4,75.7,73.0,24.62,23.43,23.95,23.52
78.671,3546.0,218.1,0.0,0.0,0.0,0,6063,0.004,-0.097,79.9,72.4,75.7,73.0,24.62,23.43,23.95,23.52
78.686,3546.9,218.0,0.0,0.0,0.0,0,5996,-0.011,-0.13,79.9,72.4,75.7,73.0,24.62,23.43,23.95,23.53
78.702,3547.9,218.0,0.0,0.0,0.0,0,5930,0.009,-0.124,79.9,72.4,75.7,73.0,24.62,23.43,23.95,23.53
78.718,3548.8,218.1,0.0,0.0,0.0,5,5241,-0.0,0.209,79.9,72.5,75.7,73.0,24.62,23.43,23.96,23.53
78.733,3549.8,218.1,0.0,0.0,0.0,5,5238,-0.013,-0.172,79.9,72.5,75.7,73.0,24.62,23.43,23.96,23.53
78.749,3550.7,218.0,0.0,0.0,0.0,5,5236,-0.003,-0.139,79.9,72.5,75.7,73.0,24.62,23.43,23.96,23.53
78.765,3551.7,217.9,0.0,0.0,0.0,5,5234,0.011,-0.129,79.9,72.5,75.7,73.0,24.62,23.44,23.96,23.53
78.78,3552.6,217.8,0.0,0.0,0.0,5,5232,0.01,-0.145,79.9,72.5,75.7,73.1,24.62,23.44,23.96,23.53
78.796,3553.5,217.7,0.0,0.0,0.0,5,5229,-0.006,-0.139,79.9,72.5,75.7,73.1,24.62,23.44,23.96,23.53
78.811,3554.5,217.6,0.0,0.0,0.0,5,5228,-0.002,-0.163,79.9,72.5,75.7,73.1,24.63,23.44,23.96,23.53
78.827,3555.4,217.6,0.0,0.0,0.0,5,5227,-0.013,-0.158,79.9,72.5,75.7,73.1,24.63,23.44,23.96,23.53
78.843,3556.4,217.5,0.0,0.0,0.0,5,5225,-0.02,-0.164,79.9,72.5,75.7,73.1,24.63,23.44,23.96,23.53
78.859,3557.3,217.4,0.0,0.0,0.0,5,5222,-0.006,-0.144,79.9,72.5,75.7,73.1,24.63,23.44,23.96,23.53
78.874,3558.3,217.3,100.0,0.0,0.0,5,5278,-0.002,-0.161,79.9,72.5,75.7,73.1,24.63,23.44,23.96,23.53
78.889,3559.2,217.4,100.0,0.0,0.0,5,5303,0.005,0.268,79.9,72.5,75.7,73.1,24.63,23.44,23.96,23.53
78.905,3560.1,217.5,100.0,0.0,0.0,5,5305,0.014,0.275,79.9,72.5,75.7,73.1,24.63,23.44,23.96,23.53
78.92,3561.1,217.7,100.0,0.0,0.0,5,5311,0.011,0.283,79.9,72.5,75.7,73.1,24.63,23.45,23.96,23.53
78.936,3562.0,217.8,100.0,0.0,0.0,5,5315,0.012,0.261,79.9,72.5,75.8,73.1,24.63,23.45,23.96,23.53
78.952,3563.0,217.9,100.0,0.0,0.0,5,5313,0.01,0.257,79.9,72.5,75.8,73.1,24.63,23.45,23.96,23.53
78.967,3563.9,218.1,100.0,0.0,0.0,5,5314,0.002,0.267,79.9,72.6,75.8,73.1,24.63,23.45,23.96,23.53
78.984,3564.9,218.3,100.0,0.0,0.0,5,5317,-0.015,0.266,79.9,72.6,75.8,73.1,24.63,23.45,23.96,23.53
78.999,3565.8,218.4,100.0,0.0,0.0,5,5319,0.007,0.269,80.0,72.6,75.8,73.1,24.63,23.45,23.96,23.54
79.014,3566.8,218.5,100.0,0.0,0.0,5,5322,0.007,0.266,80.0,72.6,75.8,73.1,24.63,23.45,23.96,23.54
79.03,3567.7,218.7,100.0,0.0,0.0,5,5326,0.001,0.256,80.0,72.6,75.8,73.1,24.63,23.45,23.96,23.54
79.046,3568.7,218.8,100.0,0.0,0.0,5,5331,-0.006,0.253,80.0,72.6,75.8,73.1,24.63,23.45,23.96,23.54
79.061,3569.6,219.0,100.0,0.0,0.0,5,5335,-0.013,0.265,80.0,72.6,75.8,73.1,24.63,23.45,23.96,23.54
79.076,3570.5,219.1,100.0,0.0,0.0,5,5334,-0.007,0.275,80.0,72.6,75.8,73.1,24.64,23.46,23.96,23.54
79.092,3571.5,219.3,100.0,0.0,0.0,5,5338,-0.01,0.267,80.0,72.6,75.8,73.1,24.64,23.46,23.97,23.54
79.108,3572.4,219.4,100.0,0.0,0.0,5,5342,0.001,0.249,80.0,72.6,75.8,73.1,24.64,23.46,23.97,23.54
79.123,3573.4,219.6,100.0,0.0,0.0,5,5346,0.018,0.247,80.0,72.6,75.8,73.1,24.64,23.46,23.97,23.54
79.139,3574.4,219.7,100.0,0.0,0.0,5,5350,0.003,0.265,80.0,72.6,75.8,73.1,24.64,23.46,23.97,23.54
79.154,3575.3,219.8,100.0,0.0,0.0,5,5351,-0.007,0.26,80.0,72.6,75.8,73.1,24.64,23.46,23.97,23.54
79.17,3576.2,220.0,100.0,0.0,0.0,5,5358,-0.01,0.242,80.0,72.6,75.8,73.1,24.64,23.46,23.97,23.54
79.186,3577.2,220.1,100.0,0.0,0.0,5,5362,-0.009,0.263,80.0,72.6,75.8,73.1,24.64,23.46,23.97,23.54
79.201,3578.2,220.3,100.0,0.0,0.0,5,5364,-0.012,0.258,80.0,72.6,75.8,73.1,24.64,23.46,23.97,23.54
79.216,3579.1,220.4,100.0,0.0,0.0,5,5366,-0.013,0.255,80.0,72.7,75.8,73.1,24.64,23.46,23.97,23.54
79.232,3580.0,220.6,100.0,0.0,0.0,5,5372,-0.006,0.245,80.0,72.7,75.8,73.2,24.64,23.47,23.97,23.54
79.247,3581.0,220.7,100.0,0.0,-0.0,5,5375,0.027,0.254,80.0,72.7,75.8,73.2,24.64,23.47,23.97,23.55
79.263,3582.0,220.8,100.0,0.0,-0.0,5,5379,-0.001,0.254,80.0,72.7,75.8,73.2,24.64,23.47,23.97,23.55
79.279,3582.9,221.0,100.0,0.0,-0.01,5,5381,0.041,0.259,80.0,72.7,75.8,73.2,24.64,23.47,23.97,23.55
79.295,3583.9,221.1,100.0,0.0,-0.01,5,5383,0.037,0.26,80.0,72.7,75.8,73.2,24.64,23.47,23.97,23.55
79.31,3584.9,221.3,100.0,0.0,-0.01,5,5387,0.046,0.258,80.0,72.7,75.8,73.2,24.64,23.47,23.97,23.55
79.326,3585.8,221.4,100.0,0.0,-0.01,5,5393,0.064,0.259,80.0,72.7,75.8,73.2,24.64,23.47,23.97,23.55
79.341,3586.7,221.5,100.0,0.0,-0.02,5,5401,0.089,0.246,80.0,72.7,75.8,73.2,24.64,23.47,23.97,23.55
79.357,3587.7,221.7,0.0,0.0,-0.02,5,5372,0.114,0.261,80.0,72.7,75.8,73.2,24.65,23.47,23.97,23.55
79.373,3588.7,221.7,0.0,0.0,-0.02,5,5322,0.13,-0.129,80.0,72.7,75.8,73.2,24.65,23.47,23.97,23.55
79.39,3589.8,221.6,0.0,0.0,-0.03,5,5322,0.181,-0.154,80.0,72.7,75.8,73.2,24.65,23.47,23.97,23.55
79.406,3590.7,221.5,0.0,0.0,-0.03,5,5319,0.222,-0.157,80.0,72.7,75.8,73.2,24.65,23.48,23.97,23.55
79.422,3591.7,221.4,0.0,0.0,-0.03,5,5318,0.263,-0.16,80.0,72.7,75.8,73.2,24.65,23.48,23.98,23.55
79.437,3592.6,221.4,0.0,0.0,-0.03,5,5316,0.334,-0.162,80.0,72.7,75.8,73.2,24.65,23.48,23.98,23.55
79.454,3593.7,221.2,0.0,0.0,-0.04,5,5315,0.393,-0.18,80.0,72.7,75.8,73.2,24.65,23.48,23.98,23.55
79.469,3594.6,221.2,0.0,0.0,-0.04,5,5313,0.449,-0.165,80.1,72.7,75.8,73.2,24.65,23.48,23.98,23.55
79.484,3595.5,221.1,0.0,0.0,-0.04,5,5311,0.491,-0.153,80.1,72.8,75.9,73.2,24.65,23.48,23.98,23.55
79.5,3596.5,221.0,0.0,93.0,-0.04,5,5271,0.551,-0.169,80.1,72.8,75.9,73.2,24.65,23.48,23.98,23.55
79.515,3597.4,220.4,0.0,98.9,-0.05,5,5204,0.511,-1.611,80.1,72.8,75.9,73.2,24.65,23.48,23.98,23.55
79.531,3598.4,219.5,0.0,100.0,-0.05,5,5172,0.555,-1.741,80.1,72.8,75.9,73.2,24.65,23.48,23.98,23.56
79.547,3599.3,218.3,0.0,100.0,-0.05,5,5138,0.608,-1.84,80.1,72.8,75.9,73.2,24.65,23.49,23.98,23.56
79.561,3600.2,217.4,0.0,100.0,-0.06,5,5108,0.668,-1.84,80.1,72.8,75.9,73.2,24.65,23.49,23.98,23.56
79.576,3601.2,216.4,0.0,100.0,-0.06,5,5075,0.722,-1.824,80.1,72.8,75.9,73.2,24.65,23.49,23.98,23.56
79.592,3602.1,215.4,0.0,100.0,-0.06,5,5041,0.765,-1.784,80.1,72.8,75.9,73.2,24.65,23.49,23.98,23.56
79.607,3603.0,214.5,0.0,100.0,-0.06,5,5008,0.805,-1.736,80.1,72.8,75.9,73.2,24.65,23.49,23.98,23.56
79.623,3604.0,213.6,0.0,100.0,-0.07,5,4980,0.861,-1.77,80.1,72.8,75.9,73.2,24.65,23.49,23.98,23.56
79.639,3604.9,212.4,0.0,100.0,-0.07,5,4946,0.879,-1.722,80.1,72.8,75.9,73.2,24.66,23.49,23.98,23.56
79.655,3605.8,211.5,0.0,100.0,-0.06,5,4904,0.913,-1.743,80.1,72.8,75.9,73.2,24.66,23.5,23.98,23.56
79.67,3606.7,210.6,0.0,100.0,-0.01,5,4868,0.905,-1.803,80.1,72.9,75.8,73.2,24.66,23.5,23.98,23.56
79.686,3607.6,209.6,0.0,100.0,0.0,5,4835,0.749,-1.752,80.1,72.9,75.8,73.2,24.66,23.5,23.98,23.56
79.701,3608.5,208.7,0.0,100.0,0.0,5,4817,0.804,-1.761,80.1,72.9,75.8,73.2,24.66,23.5,23.98,23.56
79.717,3609.4,207.7,0.0,100.0,0.0,5,4820,0.882,-1.719,80.1,72.9,75.8,73.2,24.66,23.5,23.98,23.56
79.732,3610.3,206.6,0.0,96.8,0.0,5,4805,0.902,-1.638,80.1,72.9,75.8,73.2,24.66,23.5,23.98,23.56
79.748,3611.2,205.8,0.0,94.3,0.0,5,4782,0.905,-1.564,80.1,72.9,75.8,73.2,24.66,23.5,23.98,23.56
79.763,3612.1,204.9,0.0,99.4,0.0,5,4746,0.911,-1.598,80.1,72.9,75.8,73.2,24.66,23.51,23.97,23.56
79.779,3612.9,204.0,0.0,100.0,0.0,5,4713,0.935,-1.678,80.1,72.9,75.8,73.2,24.66,23.51,23.97,23.56
79.794,3613.8,203.1,0.0,100.0,0.0,5,4673,0.914,-1.627,80.1,72.9,75.8,73.3,24.66,23.51,23.97,23.56
79.809,3614.6,202.2,0.0,100.0,0.0,5,4647,0.951,-1.705,80.1,72.9,75.8,73.3,24.66,23.51,23.97,23.56
79.824,3615.5,201.3,0.0,100.0,0.0,5,4630,0.968,-1.737,80.1,72.9,75.8,73.3,24.66,23.51,23.97,23.56
79.84,3616.4,200.2,0.0,100.0,0.0,5,4614,1.009,-1.773,80.1,73.0,75.8,73.3,24.66,23.51,23.97,23.56
79.857,3617.3,199.2,0.0,100.0,0.0,5,4589,1.029,-1.757,80.1,73.0,75.8,73.3,24.66,23.51,23.97,23.56
79.872,3618.1,198.3,0.0,100.0,0.0,5,4573,0.983,-1.736,80.1,73.0,75.8,73.3,24.66,23.52,23.97,23.56
79.888,3619.0,197.2,0.0,100.0,-0.0,5,4558,0.969,-1.725,80.1,73.0,75.8,73.3,24.66,23.52,23.97,23.56
79.904,3619.9,196.2,0.0,100.0,-0.01,5,4541,1.053,-1.732,80.1,73.0,75.8,73.3,24.66,23.52,23.97,23.56
79.919,3620.7,195.3,0.0,100.0,-0.01,5,4520,1.02,-1.75,80.1,73.0,75.8,73.3,24.66,23.52,23.97,23.56
79.935,3621.5,194.3,0.0,100.0,-0.01,5,4494,1.021,-1.784,80.1,73.0,75.8,73.3,24.66,23.52,23.97,23.56
79.95,3622.4,193.4,0.0,100.0,-0.02,5,4470,1.024,-1.773,80.1,73.0,75.8,73.3,24.66,23.52,23.97,23.56
79.965,3623.2,192.4,0.0,100.0,-0.02,5,4456,1.077,-1.77,80.2,73.0,75.8,73.3,24.66,23.52,23.97,23.56
79.981,3624.0,191.5,0.0,100.0,-0.02,5,4445,1.054,-1.694,80.2,73.0,75.8,73.3,24.66,23.52,23.97,23.56
79.996,3624.8,190.4,0.0,100.0,-0.03,5,4432,1.076,-1.66,80.2,73.0,75.8,73.3,24.67,23.53,23.97,23.56
80.011,3625.6,189.5,0.0,100.0,-0.03,5,4411,1.067,-1.626,80.2,73.0,75.8,73.3,24.67,23.53,23.97,23.56
80.027,3626.4,188.7,0.0,100.0,-0.03,5,4382,1.016,-1.564,80.2,73.1,75.8,73.3,24.67,23.53,23.97,23.56
80.043,3627.3,187.8,0.0,98.9,-0.04,5,4354,0.937,-1.573,80.2,73.1,75.8,73.3,24.67,23.53,23.97,23.56
80.058,3628.0,187.0,0.0,100.0,-0.04,5,4332,0.969,-1.67,80.2,73.1,75.8,73.3,24.67,23.53,23.97,23.56
80.073,3628.8,186.1,0.0,100.0,-0.05,5,4306,0.908,-1.686,80.2,73.1,75.8,73.3,24.67,23.53,23.97,23.57
80.088,3629.6,185.2,0.0,100.0,-0.05,5,4275,0.926,-1.643,80.2,73.1,75.8,73.3,24.67,23.53,23.97,23.57
80.104,3630.4,184.1,0.0,100.0,-0.05,5,4252,0.889,-1.731,80.2,73.1,75.8,73.3,24.67,23.54,23.97,23.57
80.119,3631.2,183.1,0.0,100.0,-0.06,5,4237,0.879,-1.752,80.2,73.1,75.8,73.3,24.67,23.54,23.97,23.57
80.135,3632.0,182.3,0.0,0.0,-0.06,5,4337,1.19,-1.089,80.2,73.1,75.8,73.3,24.67,23.54,23.97,23.57
80.151,3632.8,182.1,0.0,0.0,-0.06,5,4370,1.213,-0.136,80.2,73.1,75.8,73.3,24.67,23.54,23.97,23.57
80.167,3633.6,182.0,0.0,0.0,-0.07,5,4377,1.222,-0.139,80.2,73.1,75.8,73.3,24.67,23.54,23.97,23.57
80.182,3634.4,181.9,0.0,0.0,-0.07,5,4377,1.246,-0.111,80.2,73.1,75.8,73.3,24.67,23.54,23.97,23.57
80.197,3635.1,181.9,0.0,0.0,-0.08,5,4374,1.276,-0.101,80.2,73.1,75.8,73.3,24.67,23.54,23.97,23.57
80.213,3635.9,181.8,0.0,0.0,-0.08,5,4372,1.323,-0.103,80.2,73.1,75.8,73.3,24.67,23.54,23.97,23.57
80.229,3636.7,181.7,0.0,0.0,-0.09,5,4369,1.36,-0.105,80.2,73.2,75.8,73.3,24.67,23.55,23.97,23.57
80.245,3637.5,181.6,0.0,0.0,-0.09,5,4367,1.351,-0.118,80.2,73.2,75.8,73.3,24.67,23.55,23.97,23.57
80.26,3638.3,181.6,0.0,0.0,-0.09,5,4364,1.399,-0.102,80.2,73.2,75.8,73.3,24.67,23.55,23.97,23.57
80.276,3639.1,181.5,3.6,0.0,-0.1,5,4362,1.404,-0.115,80.2,73.2,75.8,73.3,24.67,23.55,23.97,23.57
80.291,3639.9,181.4,9.6,0.0,-0.1,5,4365,1.372,-0.097,80.2,73.2,75.8,73.3,24.67,23.55,23.97,23.57
80.306,3640.6,181.4,15.6,0.0,-0.11,5,4368,1.395,-0.049,80.2,73.2,75.8,73.3,24.67,23.55,23.97,23.57
80.322,3641.4,181.3,21.6,0.0,-0.11,5,4372,1.408,-0.052,80.2,73.2,75.8,73.3,24.67,23.55,23.97,23.57
80.338,3642.2,181.3,28.8,0.0,-0.11,5,4379,1.429,-0.025,80.2,73.2,75.8,73.3,24.67,23.55,23.97,23.57
80.354,3643.0,181.2,34.8,0.0,-0.12,5,4387,1.402,0.0,80.2,73.2,75.8,73.3,24.67,23.55,23.97,23.57
80.369,3643.8,181.2,40.8,0.0,-0.12,5,4394,1.456,0.024,80.2,73.2,75.8,73.3,24.67,23.56,23.97,23.57
80.385,3644.6,181.2,46.8,0.0,-0.13,5,4400,1.514,0.031,80.2,73.2,75.8,73.3,24.67,23.56,23.97,23.57
80.401,3645.4,181.2,54.0,0.0,-0.12,5,4407,1.518,0.075,80.2,73.2,75.8,73.3,24.67,23.56,23.97,23.57
80.417,3646.2,181.3,60.0,0.0,-0.07,5,4414,1.468,0.101,80.2,73.3,75.8,73.3,24.67,23.56,23.97,23.58
80.432,3647.0,181.3,66.0,0.0,-0.03,5,4418,1.361,0.16,80.2,73.3,75.8,73.3,24.67,23.56,23.97,23.58
80.448,3647.8,181.4,72.0,0.0,0.0,5,4421,1.242,0.196,80.2,73.3,75.8,73.4,24.67,23.56,23.97,23.58
80.463,3648.5,181.5,78.0,0.0,0.0,5,4428,1.205,0.213,80.2,73.3,75.8,73.4,24.67,23.56,23.97,23.58
80.478,3649.3,181.6,84.0,0.0,0.0,5,4433,1.196,0.241,80.2,73.3,75.8,73.4,24.67,23.56,23.97,23.58
80.493,3650.1,181.7,90.0,0.0,0.0,5,4445,1.14,0.25,80.2,73.3,75.8,73.4,24.67,23.57,23.97,23.58
80.509,3650.8,181.9,97.2,0.0,0.0,5,4453,1.128,0.28,80.2,73.3,75.8,73.4,24.67,23.57,23.97,23.58
80.525,3651.6,182.0,100.0,0.0,0.0,5,4459,1.097,0.311,80.2,73.3,75.8,73.4,24.67,23.57,23.97,23.58
80.54,3652.4,182.2,100.0,0.0,0.0,5,4463,1.043,0.319,80.2,73.3,75.8,73.4,24.67,23.57,23.97,23.58
80.556,3653.2,182.3,100.0,0.0,0.0,5,4463,1.025,0.345,80.2,73.3,75.8,73.4,24.67,23.57,23.97,23.58
80.571,3654.0,182.5,100.0,0.0,-0.0,5,4467,0.971,0.323,80.2,73.3,75.8,73.4,24.67,23.57,23.97,23.58
80.587,3654.8,182.6,100.0,0.0,-0.01,5,4467,0.937,0.339,80.2,73.3,75.8,73.4,24.67,23.57,23.97,23.58
80.602,3655.6,182.8,100.0,0.0,-0.01,5,4474,0.865,0.319,80.2,73.3,75.8,73.4,24.67,23.57,23.97,23.58
80.617,3656.3,183.0,100.0,0.0,-0.02,5,4475,0.832,0.336,80.2,73.3,75.8,73.4,24.67,23.57,23.97,23.58
80.633,3657.2,183.2,100.0,0.0,-0.02,5,4479,0.794,0.332,80.2,73.3,75.8,73.4,24.67,23.58,23.97,23.58
80.649,3657.9,183.3,100.0,0.0,-0.02,5,4480,0.777,0.323,80.2,73.4,75.8,73.4,24.67,23.58,23.97,23.58
80.665,3658.7,183.5,100.0,0.0,-0.03,5,4488,0.726,0.314,80.2,73.4,75.8,73.4,24.67,23.58,23.97,23.58
80.68,3659.6,183.7,100.0,0.0,-0.03,5,4491,0.702,0.326,80.2,73.4,75.8,73.4,24.67,23.58,23.97,23.58
80.696,3660.3,183.9,100.0,0.0,-0.04,5,4493,0.714,0.335,80.2,73.4,75.8,73.4,24.67,23.58,23.97,23.58
80.711,3661.1,184.0,100.0,0.0,-0.04,5,4495,0.683,0.323,80.2,73.4,75.8,73.4,24.67,23.58,23.97,23.59
80.727,3661.9,184.2,100.0,0.0,-0.04,5,4499,0.7,0.315,80.2,73.4,75.8,73.4,24.67,23.58,23.97,23.59
80.744,3662.8,184.4,100.0,0.0,-0.05,5,4503,0.688,0.318,80.2,73.4,75.8,73.4,24.67,23.58,23.97,23.59
80.759,3663.6,184.6,100.0,0.0,-0.05,5,4505,0.669,0.324,80.2,73.4,75.8,73.4,24.67,23.58,23.97,23.59
80.775,3664.4,184.7,100.0,0.0,-0.05,5,4509,0.718,0.307,80.2,73.4,75.8,73.4,24.67,23.58,23.97,23.59
80.79,3665.2,184.9,100.0,0.0,-0.06,5,4511,0.72,0.322,80.2,73.4,75.8,73.4,24.68,23.59,23.97,23.59
80.806,3666.0,185.1,0.0,0.0,-0.06,5,4459,0.744,0.33,80.2,73.4,75.8,73.4,24.68,23.59,23.97,23.59
80.821,3666.8,185.1,0.0,0.0,-0.07,5,4448,0.786,-0.159,80.2,73.4,75.8,73.4,24.68,23.59,23.97,23.59
80.837,3667.6,185.0,0.0,0.0,-0.07,5,4449,0.825,-0.094,80.2,73.4,75.8,73.4,24.68,23.59,23.97,23.59
80.853,3668.4,185.0,0.0,0.0,-0.07,5,4446,0.869,-0.109,80.2,73.4,75.8,73.4,24.68,23.59,23.97,23.59
80.868,3669.2,184.9,0.0,0.0,-0.08,5,4445,0.905,-0.113,80.2,73.4,75.8,73.4,24.68,23.59,23.97,23.59
80.884,3670.0,184.8,0.0,0.0,-0.08,5,4444,0.96,-0.127,80.2,73.5,75.8,73.4,24.68,23.59,23.97,23.59
80.899,3670.8,184.8,0.0,0.0,-0.09,5,4442,1.025,-0.115,80.2,73.5,75.8,73.4,24.68,23.59,23.97,23.59
80.915,3671.6,184.7,0.0,0.0,-0.09,5,4441,1.064,-0.125,80.2,73.5,75.8,73.5,24.68,23.6,23.97,23.59
80.931,3672.4,184.6,0.0,0.0,-0.09,5,4440,1.119,-0.12,80.2,73.5,75.8,73.5,24.68,23.6,23.97,23.59
80.946,3673.2,184.6,0.0,0.0,-0.1,5,4438,1.209,-0.126,80.2,73.5,75.8,73.5,24.68,23.6,23.97,23.59
80.962,3674.0,184.5,0.0,0.0,-0.1,5,4436,1.229,-0.124,80.2,73.5,75.8,73.5,24.68,23.6,23.97,23.59
80.977,3674.8,184.4,0.0,0.0,-0.11,5,4433,1.304,-0.118,80.2,73.5,75.8,73.5,24.68,23.6,23.97,23.59
80.994,3675.6,184.3,0.0,0.0,-0.11,5,4431,1.38,-0.121,80.2,73.5,75.8,73.5,24.68,23.6,23.97,23.6
81.01,3676.4,184.2,0.0,0.0,-0.11,5,4429,1.423,-0.132,80.2,73.5,75.8,73.5,24.68,23.6,23.97,23.6
81.025,3677.2,184.1,0.0,0.0,-0.12,5,4427,1.458,-0.136,80.2,73.5,75.8,73.5,24.68,23.6,23.97,23.6
81.04,3678.0,184.0,0.0,0.0,-0.12,5,4423,1.51,-0.135,80.2,73.5,75.8,73.5,24.68,23.61,23.97,23.6
81.056,3678.8,184.0,0.0,0.0,-0.13,5,4420,1.519,-0.134,80.2,73.5,75.8,73.5,24.68,23.61,23.97,23.6
81.072,3679.6,183.9,0.0,0.0,-0.13,5,4417,1.537,-0.135,80.2,73.6,75.8,73.5,24.68,23.61,23.96,23.6
81.088,3680.4,183.8,0.0,0.0,-0.13,5,4415,1.564,-0.136,80.2,73.6,75.8,73.5,24.68,23.61,23.96,23.6
81.104,3681.2,183.7,0.0,0.0,-0.14,5,4411,1.575,-0.14,80.2,73.6,75.8,73.5,24.68,23.61,23.96,23.6
81.119,3682.0,183.4,0.0,82.7,-0.14,5,4320,1.473,-0.883,80.2,73.6,75.8,73.5,24.68,23.61,23.96,23.6
81.135,3682.8,182.8,0.0,86.1,-0.15,5,4283,1.385,-1.175,80.2,73.6,75.8,73.5,24.68,23.61,23.96,23.6
81.151,3683.6,182.1,0.0,94.5,-0.15,5,4246,1.372,-1.331,80.2,73.6,75.8,73.5,24.68,23.62,23.96,23.6
81.166,3684.4,181.2,0.0,100.0,-0.15,5,4197,1.366,-1.531,80.2,73.6,75.8,73.5,24.68,23.62,23.96,23.6
81.181,3685.2,180.3,0.0,100.0,-0.16,5,4153,1.342,-1.545,80.2,73.6,75.8,73.5,24.68,23.62,23.96,23.6
81.197,3685.9,179.5,0.0,100.0,-0.16,5,4117,1.352,-1.576,80.2,73.6,75.8,73.5,24.68,23.62,23.96,23.6
81.212,3686.7,178.6,0.0,100.0,-0.17,5,4085,1.295,-1.649,80.2,73.6,75.8,73.5,24.68,23.62,23.96,23.6
81.227,3687.5,177.7,0.0,100.0,-0.17,5,4056,1.365,-1.667,80.2,73.6,75.8,73.5,24.68,23.62,23.96,23.6
81.244,3688.2,176.8,0.0,100.0,-0.17,5,4010,1.388,-1.556,80.2,73.6,75.8,73.5,24.68,23.62,23.96,23.6
81.259,3689.0,175.8,0.0,100.0,-0.18,5,3954,1.319,-1.634,80.3,73.7,75.8,73.5,24.68,23.63,23.96,23.6
81.275,3689.8,174.9,0.0,100.0,-0.18,5,3930,1.416,-1.624,80.3,73.7,75.8,73.5,24.68,23.63,23.96,23.6
81.29,3690.5,174.0,0.0,100.0,-0.19,5,3905,1.317,-1.589,80.3,73.7,75.8,73.5,24.68,23.63,23.96,23.6
81.305,3691.2,173.1,0.0,100.0,-0.19,5,3885,1.408,-1.495,80.3,73.7,75.7,73.5,24.68,23.63,23.96,23.6
81.32,3692.0,172.3,0.0,100.0,-0.2,5,3860,1.319,-1.529,80.3,73.7,75.7,73.5,24.68,23.63,23.96,23.61
81.335,3692.7,171.5,0.0,100.0,-0.2,5,3832,1.497,-1.413,80.3,73.7,75.7,73.5,24.68,23.63,23.96,23.61
81.351,3693.4,170.7,0.0,100.0,-0.2,5,3797,1.427,-1.358,80.3,73.7,75.7,73.5,24.68,23.63,23.96,23.61
81.366,3694.1,169.9,0.0,100.0,-0.21,5,3764,1.409,-1.398,80.3,73.7,75.7,73.5,24.68,23.63,23.96,23.61
81.381,3694.8,169.2,0.0,100.0,-0.21,5,3741,1.427,-1.428,80.3,73.7,75.7,73.5,24.68,23.64,23.96,23.61
81.397,3695.6,168.2,0.0,100.0,-0.22,5,3712,1.601,-1.216,80.3,73.7,75.7,73.5,24.68,23.64,23.96,23.61
81.412,3696.3,167.4,0.0,100.0,-0.22,5,3716,1.403,-1.438,80.3,73.7,75.7,73.5,24.68,23.64,23.96,23.61
81.428,3697.0,166.6,0.0,100.0,-0.23,5,3677,1.562,-1.305,80.3,73.8,75.7,73.5,24.68,23.64,23.96,23.61
81.443,3697.7,165.8,0.0,100.0,-0.23,5,3677,1.505,-1.377,80.3,73.8,75.7,73.6,24.68,23.64,23.96,23.61
81.459,3698.4,165.1,0.0,100.0,-0.24,5,3635,1.598,-1.211,80.3,73.8,75.7,73.6,24.68,23.64,23.96,23.61
81.474,3699.1,164.3,0.0,100.0,-0.24,5,3641,1.452,-1.388,80.3,73.8,75.7,73.6,24.68,23.64,23.96,23.61
81.489,3699.8,163.6,0.0,100.0,-0.25,5,3602,1.704,-1.223,80.3,73.8,75.7,73.6,24.68,23.65,23.96,23.61
81.505,3700.5,162.6,0.0,100.0,-0.25,5,3600,1.454,-1.378,80.3,73.8,75.7,73.6,24.68,23.65,23.95,23.61
81.521,3701.2,161.9,0.0,99.6,-0.26,5,3551,1.402,-1.27,80.3,73.8,75.7,73.6,24.68,23.65,23.95,23.61
81.536,3701.9,161.2,0.0,100.0,-0.26,5,3551,1.555,-1.177,80.3,73.8,75.7,73.6,24.68,23.65,23.95,23.61
81.551,3702.6,160.4,0.0,100.0,-0.27,5,3522,1.442,-1.378,80.3,73.8,75.7,73.6,24.68,23.65,23.95,23.61
81.567,3703.3,159.8,0.0,0.0,-0.27,5,3659,1.721,-0.879,80.3,73.8,75.7,73.6,24.68,23.65,23.95,23.61
81.582,3703.9,159.4,0.0,0.0,-0.28,5,3727,1.879,-0.485,80.3,73.8,75.7,73.6,24.68,23.66,23.95,23.61
81.597,3704.6,159.1,0.0,0.0,-0.28,5,3764,1.967,-0.331,80.3,73.9,75.7,73.6,24.69,23.66,23.95,23.61
81.612,3705.3,158.8,0.0,0.0,-0.29,5,3779,1.975,-0.245,80.3,73.9,75.7,73.6,24.69,23.66,23.95,23.61
81.628,3706.0,158.6,0.0,0.0,-0.3,5,3784,1.982,-0.207,80.3,73.9,75.7,73.6,24.69,23.66,23.95,23.61
81.643,3706.7,158.4,0.0,0.0,-0.3,5,3782,2.007,-0.185,80.3,73.9,75.7,73.6,24.69,23.66,23.95,23.61
81.659,3707.3,158.2,0.0,0.0,-0.31,5,3779,2.036,-0.183,80.3,73.9,75.7,73.6,24.69,23.66,23.95,23.61
81.675,3708.0,158.0,0.0,0.0,-0.31,5,3774,2.058,-0.181,80.3,73.9,75.7,73.6,24.69,23.67,23.95,23.62
81.69,3708.7,157.8,0.0,0.0,-0.32,5,3769,2.049,-0.179,80.3,73.9,75.7,73.6,24.69,23.67,23.95,23.62
81.705,3709.4,157.6,0.0,0.0,-0.32,5,3763,1.957,-0.164,80.3,73.9,75.7,73.6,24.69,23.67,23.95,23.62
81.721,3710.1,157.4,0.0,0.0,-0.33,5,3756,1.946,-0.171,80.3,73.9,75.7,73.6,24.69,23.67,23.95,23.62
81.737,3710.8,157.2,0.0,0.0,-0.33,5,3751,1.962,-0.174,80.3,74.0,75.7,73.6,24.69,23.67,23.95,23.62
81.752,3711.4,157.0,0.0,0.0,-0.34,5,3746,1.948,-0.176,80.3,74.0,75.7,73.6,24.69,23.67,23.95,23.62
81.768,3712.1,156.8,0.0,0.0,-0.34,5,3743,1.86,-0.188,80.3,74.0,75.7,73.6,24.69,23.68,23.95,23.62
81.783,3712.8,156.6,0.0,0.0,-0.35,5,3740,1.9,-0.196,80.3,74.0,75.7,73.6,24.69,23.68,23.95,23.62
81.798,3713.4,156.4,0.0,0.0,-0.36,5,3737,1.843,-0.192,80.3,74.0,75.7,73.6,24.69,23.68,23.95,23.62
81.813,3714.1,156.2,0.0,0.0,-0.36,5,3734,1.917,-0.206,80.3,74.0,75.7,73.6,24.69,23.68,23.95,23.62
81.829,3714.8,156.0,0.0,0.0,-0.37,5,3730,1.887,-0.194,80.3,74.0,75.7,73.6,24.69,23.68,23.95,23.62
81.844,3715.4,155.8,0.0,0.0,-0.37,5,3726,1.906,-0.186,80.3,74.0,75.7,73.6,24.69,23.68,23.95,23.62
81.861,3716.1,155.6,0.0,0.0,-0.38,5,3722,1.891,-0.193,80.3,74.0,75.7,73.6,24.69,23.69,23.95,23.62
81.876,3716.8,155.5,0.0,0.0,-0.38,5,3718,1.891,-0.196,80.3,74.0,75.7,73.7,24.69,23.69,23.95,23.62
81.891,3717.5,155.3,0.0,0.0,-0.39,5,3715,1.831,-0.192,80.3,74.1,75.7,73.7,24.69,23.69,23.95,23.63
81.907,3718.1,155.1,0.0,0.0,-0.39,5,3712,1.831,-0.183,80.3,74.1,75.7,73.7,24.69,23.69,23.95,23.63
81.922,3718.8,154.9,0.0,0.0,-0.4,5,3708,1.888,-0.197,80.3,74.1,75.7,73.7,24.69,23.69,23.95,23.63
81.938,3719.5,154.7,0.0,0.0,-0.41,5,3704,1.946,-0.21,80.3,74.1,75.7,73.7,24.69,23.69,23.95,23.63
81.954,3720.1,154.5,0.0,0.0,-0.41,5,3702,1.972,-0.216,80.3,74.1,75.7,73.7,24.69,23.7,23.95,23.63
81.969,3720.8,154.3,0.0,0.0,-0.42,5,3699,1.925,-0.212,80.3,74.1,75.7,73.7,24.69,23.7,23.95,23.63
81.985,3721.5,154.2,0.0,0.0,-0.42,5,3697,1.864,-0.212,80.3,74.1,75.7,73.7,24.69,23.7,23.95,23.63
82.0,3722.1,154.0,0.0,0.0,-0.43,5,3693,1.909,-0.2,80.3,74.1,75.7,73.7,24.69,23.7,23.95,23.63
82.015,3722.8,153.8,0.0,0.0,-0.44,5,3689,1.887,-0.2,80.3,74.1,75.7,73.7,24.69,23.7,23.95,23.63
82.031,3723.5,153.6,0.0,0.0,-0.44,5,3685,1.89,-0.205,80.3,74.2,75.7,73.7,24.69,23.71,23.94,23.63
82.047,3724.1,153.5,0.0,0.0,-0.45,5,3682,1.879,-0.211,80.3,74.2,75.7,73.7,24.69,23.71,23.94,23.63
82.062,3724.8,153.3,0.0,0.0,-0.45,5,3680,1.858,-0.222,80.3,74.2,75.7,73.7,24.69,23.71,23.94,23.63
82.079,3725.5,153.1,0.0,0.0,-0.46,5,3677,1.778,-0.206,80.3,74.2,75.7,73.7,24.69,23.71,23.94,23.63
82.095,3726.2,152.9,0.0,0.0,-0.46,5,3674,1.739,-0.2,80.3,74.2,75.6,73.7,24.69,23.71,23.94,23.63
82.11,3726.8,152.8,0.0,0.0,-0.47,5,3671,1.748,-0.2,80.3,74.2,75.6,73.7,24.69,23.71,23.94,23.64
82.125,3727.5,152.7,0.0,0.0,-0.48,5,3667,1.682,-0.188,80.3,74.2,75.6,73.7,24.69,23.72,23.94,23.64
82.141,3728.1,152.5,0.0,0.0,-0.48,5,3663,1.666,-0.197,80.3,74.2,75.6,73.7,24.69,23.72,23.94,23.64
82.158,3728.8,152.4,0.0,0.0,-0.49,5,3660,1.586,-0.196,80.3,74.2,75.6,73.7,24.69,23.72,23.94,23.64
82.174,3729.5,152.2,0.0,0.0,-0.49,5,3658,1.589,-0.202,80.3,74.3,75.6,73.7,24.69,23.72,23.94,23.64
82.189,3730.2,152.1,0.0,0.0,-0.5,5,3655,1.553,-0.198,80.3,74.3,75.6,73.7,24.69,23.72,23.94,23.64
82.205,3730.8,151.9,0.0,0.0,-0.51,5,3652,1.575,-0.198,80.3,74.3,75.6,73.7,24.69,23.73,23.94,23.64
82.221,3731.5,151.8,0.0,0.0,-0.51,5,3649,1.577,-0.196,80.3,74.3,75.6,73.8,24.69,23.73,23.94,23.64
82.236,3732.1,151.7,0.0,0.0,-0.52,5,3646,1.595,-0.213,80.3,74.3,75.6,73.8,24.69,23.73,23.94,23.64
82.251,3732.8,151.5,0.0,0.0,-0.52,5,3643,1.664,-0.222,80.3,74.3,75.6,73.8,24.69,23.73,23.94,23.64
82.267,3733.4,151.4,0.0,0.0,-0.53,5,3640,1.677,-0.224,80.3,74.3,75.6,73.8,24.69,23.73,23.94,23.64
82.282,3734.1,151.2,0.0,0.0,-0.54,5,3636,1.657,-0.219,80.3,74.3,75.6,73.8,24.69,23.74,23.94,23.64
82.297,3734.7,151.0,0.0,0.0,-0.54,5,3633,1.715,-0.23,80.3,74.4,75.6,73.8,24.69,23.74,23.94,23.64
82.313,3735.4,150.9,0.0,0.0,-0.55,5,3629,1.76,-0.232,80.3,74.4,75.6,73.8,24.69,23.74,23.94,23.64
82.329,3736.0,150.8,0.0,0.0,-0.55,5,3625,1.798,-0.237,80.3,74.4,75.6,73.8,24.69,23.74,23.94,23.65
82.345,3736.7,150.6,0.0,0.0,-0.56,5,3621,1.707,-0.212,80.3,74.4,75.6,73.8,24.69,23.74,23.94,23.65
82.36,3737.3,150.4,0.0,0.0,-0.57,5,3617,1.633,-0.201,80.3,74.4,75.6,73.8,24.69,23.74,23.94,23.65
82.375,3738.0,150.3,0.0,0.0,-0.57,5,3612,1.619,-0.185,80.3,74.4,75.6,73.8,24.69,23.75,23.94,23.65
82.391,3738.6,150.2,0.0,0.0,-0.58,5,3608,1.662,-0.209,80.3,74.4,75.6,73.8,24.69,23.75,23.94,23.65
82.406,3739.3,150.0,0.0,0.0,-0.58,5,3604,1.645,-0.208,80.3,74.4,75.6,73.8,24.69,23.75,23.94,23.65
82.421,3739.9,149.9,0.0,0.0,-0.59,5,3601,1.64,-0.218,80.3,74.5,75.6,73.8,24.69,23.75,23.94,23.65
82.437,3740.6,149.7,0.0,86.6,-0.59,5,3501,1.547,-0.687,80.3,74.5,75.6,73.8,24.69,23.75,23.94,23.65
82.454,3741.2,149.0,50.0,93.0,-0.6,0,3621,1.353,-1.169,80.3,74.5,75.6,73.8,24.69,23.76,23.94,23.65
82.47,3741.9,148.3,50.0,100.0,-0.61,0,3875,1.586,-1.179,80.3,74.5,75.6,73.8,24.69,23.76,23.94,23.65
82.486,3742.5,147.5,50.0,100.0,-0.61,0,4180,1.429,-1.177,80.3,74.5,75.6,73.8,24.69,23.76,23.94,23.65
82.501,3743.2,146.9,40.9,100.0,-0.62,0,4411,1.452,-1.164,80.3,74.5,75.6,73.8,24.69,23.76,23.94,23.65
82.517,3743.8,146.2,27.3,100.0,-0.63,0,4562,1.552,-1.257,80.3,74.5,75.6,73.8,24.69,23.76,23.94,23.65
82.533,3744.5,145.5,13.6,100.0,-0.63,0,4632,1.44,-1.168,80.3,74.5,75.6,73.8,24.69,23.77,23.94,23.65
82.548,3745.1,144.8,0.0,100.0,-0.64,0,4622,1.349,-1.17,80.3,74.6,75.6,73.8,24.69,23.77,23.94,23.65
82.564,3745.7,144.2,0.0,98.4,-0.65,0,4579,1.278,-1.12,80.3,74.6,75.6,73.8,24.69,23.77,23.94,23.66
82.579,3746.3,143.5,0.0,95.1,-0.65,0,4529,1.288,-1.04,80.3,74.6,75.6,73.8,24.69,23.77,23.93,23.66
82.595,3746.9,142.8,0.0,96.6,-0.66,4,4488,1.326,-1.034,80.3,74.6,75.6,73.9,24.69,23.78,23.93,23.66
82.611,3747.6,142.2,0.0,92.9,-0.67,4,4439,1.184,-1.124,80.3,74.6,75.6,73.9,24.69,23.78,23.93,23.66
82.627,3748.2,141.6,0.0,88.5,-0.67,4,4174,1.213,-0.996,80.3,74.6,75.6,73.9,24.69,23.78,23.93,23.66
82.642,3748.8,141.1,0.0,84.2,-0.68,4,3851,1.372,-0.738,80.3,74.6,75.6,73.9,24.69,23.78,23.93,23.66
82.657,3749.4,140.6,0.0,84.8,-0.69,4,3898,1.32,-0.944,80.3,74.6,75.6,73.9,24.69,23.78,23.93,23.66
82.673,3750.0,140.0,0.0,88.8,-0.69,4,3749,1.371,-0.914,80.3,74.7,75.6,73.9,24.69,23.79,23.93,23.66
82.688,3750.6,139.5,0.0,88.9,-0.7,4,3814,1.305,-0.958,80.3,74.7,75.6,73.9,24.7,23.79,23.93,23.66
82.704,3751.2,138.9,0.0,89.7,-0.71,4,3730,1.321,-0.891,80.3,74.7,75.6,73.9,24.7,23.79,23.93,23.66
82.719,3751.8,138.4,0.0,91.1,-0.71,4,3668,1.279,-0.914,80.3,74.7,75.6,73.9,24.7,23.79,23.93,23.66
82.734,3752.4,137.8,0.0,90.7,-0.72,4,3623,1.287,-0.965,80.3,74.7,75.6,73.9,24.7,23.79,23.93,23.66
82.75,3752.9,137.1,0.0,93.1,-0.73,4,3571,1.335,-0.905,80.4,74.7,75.6,73.9,24.7,23.8,23.93,23.66
82.765,3753.5,136.7,0.0,91.6,-0.73,4,3575,1.254,-0.995,80.4,74.7,75.6,73.9,24.7,23.8,23.93,23.66
82.78,3754.1,136.0,0.0,98.8,-0.74,4,3523,1.358,-0.958,80.4,74.7,75.6,73.9,24.7,23.8,23.93,23.66
82.796,3754.7,135.3,0.0,92.6,-0.75,4,3521,1.37,-0.959,80.4,74.8,75.6,73.9,24.7,23.8,23.93,23.66
82.812,3755.3,134.8,0.0,83.9,-0.76,4,3482,1.198,-0.863,80.4,74.8,75.6,73.9,24.7,23.8,23.93,23.66
82.828,3755.9,134.3,0.0,64.5,-0.76,4,3529,1.075,-0.743,80.4,74.8,75.6,73.9,24.7,23.81,23.93,23.66
82.844,3756.5,133.8,0.0,64.3,-0.77,4,3514,1.136,-0.657,80.4,74.8,75.6,73.9,24.7,23.81,23.93,23.66
82.86,3757.1,133.4,0.0,79.9,-0.78,4,3477,1.214,-0.709,80.4,74.8,75.6,73.9,24.7,23.81,23.93,23.66
82.876,3757.7,132.8,0.0,85.9,-0.79,4,3409,1.009,-0.728,80.4,74.8,75.6,73.9,24.7,23.81,23.93,23.67
82.891,3758.2,132.4,0.0,92.2,-0.79,4,3366,1.114,-0.701,80.4,74.8,75.6,73.9,24.7,23.81,23.93,23.67
82.907,3758.8,131.9,0.0,91.6,-0.8,4,3341,1.162,-0.75,80.4,74.9,75.5,73.9,24.7,23.82,23.93,23.67
82.922,3759.4,131.4,0.0,91.4,-0.81,4,3343,1.226,-0.855,80.4,74.9,75.5,73.9,24.7,23.82,23.93,23.67
82.938,3759.9,130.8,0.0,97.6,-0.82,4,3311,1.302,-0.91,80.4,74.9,75.5,73.9,24.7,23.82,23.93,23.67
82.953,3760.5,130.2,0.0,100.0,-0.82,4,3307,1.368,-0.902,80.4,74.9,75.5,73.9,24.7,23.82,23.93,23.67
82.969,3761.1,129.7,0.0,0.0,-0.83,4,3435,1.52,-0.645,80.4,74.9,75.5,73.9,24.7,23.83,23.93,23.67
82.984,3761.6,129.2,0.0,0.0,-0.84,4,3504,1.543,-0.489,80.4,74.9,75.5,73.9,24.7,23.83,23.93,23.67
83.0,3762.2,128.9,0.0,0.0,-0.85,4,3549,1.472,-0.369,80.4,74.9,75.5,73.9,24.7,23.83,23.93,23.67
83.015,3762.7,128.6,0.0,0.0,-0.85,4,3579,1.489,-0.316,80.4,75.0,75.5,73.9,24.7,23.83,23.93,23.67
83.031,3763.3,128.3,0.0,0.0,-0.86,4,3597,1.593,-0.298,80.4,75.0,75.5,73.9,24.7,23.83,23.93,23.67
83.046,3763.8,128.0,0.0,0.0,-0.87,4,3604,1.616,-0.285,80.4,75.0,75.5,73.9,24.7,23.84,23.93,23.67
83.062,3764.4,127.7,0.0,0.0,-0.88,4,3606,1.524,-0.252,80.4,75.0,75.5,74.0,24.7,23.84,23.93,23.67
83.077,3764.9,127.4,0.0,0.0,-0.89,4,3603,1.487,-0.244,80.4,75.0,75.5,74.0,24.7,23.84,23.92,23.67
83.093,3765.5,127.2,0.0,0.0,-0.89,4,3599,1.547,-0.247,80.4,75.0,75.5,74.0,24.7,23.84,23.92,23.67
83.109,3766.0,126.9,0.0,0.0,-0.9,4,3592,1.535,-0.23,80.4,75.0,75.5,74.0,24.71,23.85,23.92,23.67
83.125,3766.6,126.6,0.0,0.0,-0.9,4,3585,1.417,-0.219,80.4,75.1,75.5,74.0,24.71,23.85,23.92,23.68
83.14,3767.1,126.4,0.0,0.0,-0.9,4,3578,1.358,-0.216,80.4,75.1,75.5,74.0,24.71,23.85,23.92,23.68
83.156,3767.7,126.1,0.0,0.0,-0.9,4,3571,1.4,-0.228,80.4,75.1,75.5,74.0,24.71,23.85,23.92,23.68
83.172,3768.2,125.9,3.6,0.0,-0.9,4,3566,1.581,-0.303,80.4,75.1,75.5,74.0,24.71,23.86,23.92,23.68
83.188,3768.8,125.5,10.8,0.0,-0.9,4,3570,1.658,-0.304,80.4,75.1,75.5,74.0,24.71,23.86,23.92,23.68
83.203,3769.3,125.2,16.8,0.0,-0.9,4,3581,1.674,-0.297,80.4,75.1,75.5,74.0,24.71,23.86,23.92,23.68
83.218,3769.9,124.8,22.8,0.0,-0.9,4,3599,1.622,-0.28,80.4,75.1,75.5,74.0,24.71,23.86,23.92,23.68
83.234,3770.4,124.6,28.8,0.0,-0.9,4,3619,1.517,-0.24,80.4,75.2,75.5,74.0,24.71,23.87,23.92,23.68
83.249,3770.9,124.3,34.8,0.0,-0.9,4,3637,1.505,-0.177,80.4,75.2,75.5,74.0,24.71,23.87,23.92,23.68
83.264,3771.4,124.1,40.8,0.0,-0.9,4,3651,1.499,-0.133,80.4,75.2,75.5,74.0,24.71,23.87,23.92,23.68
83.28,3772.0,123.9,46.8,0.0,-0.9,4,3666,1.506,-0.099,80.4,75.2,75.5,74.0,24.71,23.87,23.92,23.68
83.295,3772.5,123.7,52.8,0.0,-0.9,4,3689,1.44,-0.102,80.4,75.2,75.5,74.0,24.71,23.88,23.92,23.68
83.31,3773.0,123.5,58.8,0.0,-0.9,4,3718,1.35,-0.068,80.4,75.2,75.5,74.0,24.71,23.88,23.92,23.68
83.326,3773.6,123.4,64.8,0.0,-0.9,4,3749,1.286,-0.026,80.4,75.3,75.5,74.0,24.71,23.88,23.92,23.69
83.341,3774.1,123.2,72.0,0.0,-0.9,4,3784,1.279,0.013,80.4,75.3,75.5,74.0,24.71,23.88,23.92,23.69
83.357,3774.6,123.1,78.0,0.0,-0.9,4,3808,1.304,0.058,80.4,75.3,75.5,74.0,24.71,23.89,23.92,23.69
83.373,3775.2,123.0,84.0,0.0,-0.9,4,3837,1.281,0.055,80.5,75.3,75.5,74.0,24.71,23.89,23.92,23.69
83.389,3775.7,123.0,90.0,0.0,-0.9,4,3802,1.277,0.066,80.5,75.3,75.5,74.1,24.71,23.89,23.92,23.69
83.404,3776.2,122.8,97.2,0.0,-0.9,4,3758,1.346,-0.085,80.5,75.3,75.5,74.1,24.71,23.89,23.92,23.69
83.42,3776.8,122.7,100.0,0.0,-0.9,4,3833,1.415,0.009,80.5,75.4,75.5,74.1,24.71,23.9,23.92,23.69
83.435,3777.3,122.5,100.0,0.0,-0.9,4,3765,1.573,-0.023,80.5,75.4,75.5,74.1,24.71,23.9,23.92,23.69
83.45,3777.8,122.3,100.0,0.0,-0.9,4,3743,1.599,-0.152,80.5,75.4,75.5,74.1,24.71,23.9,23.92,23.69
83.465,3778.3,122.2,100.0,0.0,-0.89,4,3807,1.598,-0.013,80.5,75.4,75.5,74.1,24.72,23.9,23.92,23.69
83.481,3778.8,122.1,100.0,0.0,-0.84,4,3837,1.584,0.066,80.5,75.4,75.5,74.1,24.72,23.91,23.92,23.69
83.497,3779.4,121.9,98.8,0.0,-0.79,4,3768,1.618,0.027,80.5,75.4,75.5,74.1,24.72,23.91,23.92,23.7
83.513,3779.9,121.9,92.8,0.0,-0.74,4,3780,1.599,0.146,80.5,75.5,75.5,74.1,24.72,23.91,23.92,23.7
83.528,3780.4,121.8,86.8,0.0,-0.69,4,3781,1.534,0.154,80.5,75.5,75.5,74.1,24.72,23.92,23.92,23.7
83.544,3781.0,121.8,80.8,0.0,-0.64,4,3770,1.527,0.17,80.5,75.5,75.5,74.1,24.72,23.92,23.92,23.7
83.56,3781.5,121.7,77.2,0.0,-0.6,4,3752,1.516,0.158,80.5,75.5,75.5,74.1,24.72,23.92,23.92,23.7
83.575,3782.0,121.7,84.4,0.0,-0.54,4,3751,1.428,0.16,80.5,75.5,75.5,74.1,24.72,23.92,23.92,23.7
83.59,3782.5,121.7,90.4,0.0,-0.49,4,3765,1.374,0.161,80.5,75.5,75.5,74.1,24.72,23.93,23.92,23.7
83.606,3783.1,121.7,96.4,0.0,-0.45,4,3790,1.353,0.182,80.5,75.6,75.5,74.1,24.72,23.93,23.92,23.7
83.622,3783.6,121.7,100.0,0.0,-0.4,4,3746,1.367,0.177,80.5,75.6,75.5,74.1,24.72,23.93,23.92,23.7
83.638,3784.2,121.6,100.0,0.0,-0.34,4,3775,1.506,0.135,80.5,75.6,75.5,74.2,24.72,23.94,23.92,23.7
83.653,3784.7,121.6,100.0,0.0,-0.3,4,3800,1.459,0.166,80.5,75.6,75.5,74.2,24.72,23.94,23.92,23.71
83.669,3785.2,121.6,100.0,0.0,-0.25,4,3818,1.47,0.212,80.5,75.6,75.5,74.2,24.72,23.94,23.91,23.71
83.686,3785.8,121.6,100.0,0.0,-0.2,4,3815,1.482,0.275,80.5,75.6,75.5,74.2,24.72,23.94,23.91,23.71
83.701,3786.3,121.7,100.0,0.0,-0.17,4,3798,1.491,0.312,80.5,75.7,75.5,74.2,24.72,23.95,23.91,23.71
83.717,3786.8,121.8,100.0,0.0,-0.17,4,3782,1.522,0.338,80.5,75.7,75.5,74.2,24.72,23.95,23.91,23.71
83.733,3787.4,121.8,100.0,0.0,-0.18,4,3769,1.541,0.288,80.5,75.7,75.5,74.2,24.72,23.95,23.91,23.71
83.748,3787.9,121.9,100.0,0.0,-0.19,4,3760,1.523,0.277,80.5,75.7,75.5,74.2,24.72,23.96,23.91,23.71
83.764,3788.4,121.9,100.0,0.0,-0.2,4,3754,1.509,0.272,80.5,75.7,75.5,74.2,24.72,23.96,23.91,23.71
83.779,3788.9,122.0,100.0,0.0,-0.21,4,3752,1.508,0.256,80.5,75.8,75.5,74.2,24.72,23.96,23.91,23.71
83.795,3789.5,122.0,100.0,0.0,-0.22,4,3752,1.495,0.247,80.5,75.8,75.5,74.2,24.72,23.96,23.91,23.72
83.811,3790.0,122.1,100.0,0.0,-0.22,4,3753,1.489,0.24,80.5,75.8,75.5,74.2,24.73,23.97,23.91,23.72
83.827,3790.5,122.2,100.0,0.0,-0.23,4,3754,1.456,0.249,80.5,75.8,75.5,74.2,24.73,23.97,23.91,23.72
83.843,3791.1,122.2,100.0,0.0,-0.24,4,3753,1.41,0.253,80.5,75.8,75.5,74.2,24.73,23.97,23.91,23.72
83.859,3791.6,122.3,100.0,0.0,-0.25,4,3750,1.413,0.274,80.5,75.8,75.5,74.3,24.73,23.98,23.91,23.72
83.874,3792.2,122.4,100.0,0.0,-0.26,4,3746,1.427,0.274,80.5,75.9,75.5,74.3,24.73,23.98,23.91,23.72
83.89,3792.7,122.5,100.0,0.0,-0.27,4,3740,1.449,0.264,80.5,75.9,75.4,74.3,24.73,23.98,23.91,23.72
83.905,3793.2,122.6,100.0,0.0,-0.28,4,3741,1.392,0.286,80.5,75.9,75.4,74.3,24.73,23.98,23.91,23.72
83.921,3793.7,122.6,100.0,0.0,-0.28,4,3746,1.393,0.281,80.6,75.9,75.4,74.3,24.73,23.99,23.91,23.72
83.937,3794.3,122.7,100.0,0.0,-0.29,4,3749,1.374,0.271,80.6,75.9,75.4,74.3,24.73,23.99,23.91,23.73
83.952,3794.8,122.8,100.0,0.0,-0.3,4,3747,1.414,0.286,80.6,76.0,75.4,74.3,24.73,23.99,23.91,23.73
83.967,3795.3,122.9,100.0,0.0,-0.31,4,3742,1.401,0.297,80.6,76.0,75.4,74.3,24.73,24.0,23.91,23.73
83.984,3795.9,123.1,100.0,0.0,-0.29,4,3734,1.438,0.289,80.6,76.0,75.4,74.3,24.73,24.0,23.91,23.73
83.999,3796.4,123.2,100.0,0.0,-0.24,4,3727,1.475,0.295,80.6,76.0,75.4,74.3,24.73,24.0,23.91,23.73
84.016,3797.0,123.3,100.0,0.0,-0.19,4,3719,1.465,0.31,80.6,76.0,75.4,74.3,24.73,24.0,23.91,23.73
84.031,3797.5,123.4,100.0,0.0,-0.13,4,3713,1.473,0.316,80.6,76.1,75.4,74.3,24.73,24.01,23.91,23.73
84.047,3798.1,123.5,100.0,0.0,-0.09,4,3710,1.48,0.325,80.6,76.1,75.4,74.3,24.73,24.01,23.91,23.73
84.063,3798.6,123.7,100.0,0.0,-0.04,4,3709,1.367,0.337,80.6,76.1,75.4,74.3,24.73,24.01,23.91,23.73
84.078,3799.1,123.8,100.0,0.0,0.0,4,3724,1.16,0.365,80.6,76.1,75.4,74.3,24.73,24.02,23.91,23.74
84.094,3799.7,124.0,100.0,0.0,0.0,4,3730,1.071,0.376,80.6,76.1,75.4,74.4,24.73,24.02,23.91,23.74
84.109,3800.2,124.2,100.0,0.0,0.0,4,3734,1.038,0.392,80.6,76.1,75.4,74.4,24.73,24.02,23.91,23.74
84.125,3800.7,124.4,100.0,0.0,0.0,4,3736,1.026,0.383,80.6,76.2,75.4,74.4,24.73,24.03,23.91,23.74
84.14,3801.3,124.6,100.0,0.0,0.0,4,3748,0.956,0.353,80.6,76.2,75.4,74.4,24.73,24.03,23.91,23.74
84.156,3801.8,124.7,100.0,0.0,0.0,4,3765,0.892,0.368,80.6,76.2,75.4,74.4,24.73,24.03,23.91,23.74
84.172,3802.4,124.9,100.0,0.0,0.0,4,3775,0.874,0.372,80.6,76.2,75.4,74.4,24.73,24.03,23.91,23.74
84.187,3802.9,125.1,100.0,0.0,0.0,4,3778,0.853,0.393,80.6,76.2,75.4,74.4,24.74,24.04,23.91,23.74
84.202,3803.4,125.3,100.0,0.0,0.0,4,3775,0.889,0.412,80.6,76.2,75.4,74.4,24.74,24.04,23.91,23.74
84.218,3804.0,125.5,100.0,0.0,0.0,4,3769,0.87,0.405,80.6,76.3,75.4,74.4,24.74,24.04,23.91,23.75
84.234,3804.5,125.8,100.0,0.0,0.0,4,3762,0.894,0.408,80.6,76.3,75.4,74.4,24.74,24.04,23.91,23.75
84.25,3805.1,126.0,100.0,0.0,0.0,4,3757,0.886,0.409,80.6,76.3,75.4,74.4,24.74,24.05,23.91,23.75
84.265,3805.6,126.2,100.0,0.0,0.0,4,3756,0.844,0.4,80.6,76.3,75.4,74.4,24.74,24.05,23.91,23.75
84.28,3806.2,126.4,100.0,0.0,0.0,4,3758,0.809,0.403,80.6,76.3,75.4,74.4,24.74,24.05,23.91,23.75
84.296,3806.7,126.6,100.0,0.0,0.0,4,3761,0.746,0.389,80.6,76.3,75.4,74.4,24.74,24.06,23.91,23.75
84.311,3807.3,126.8,100.0,0.0,0.0,4,3766,0.697,0.398,80.6,76.4,75.4,74.4,24.74,24.06,23.91,23.75
84.327,3807.8,127.0,100.0,0.0,0.0,4,3771,0.652,0.4,80.6,76.4,75.4,74.5,24.74,24.06,23.91,23.75
84.341,3808.3,127.2,100.0,0.0,0.0,4,3778,0.601,0.419,80.6,76.4,75.4,74.5,24.74,24.06,23.91,23.75
84.357,3808.9,127.4,100.0,0.0,0.0,4,3785,0.56,0.419,80.6,76.4,75.4,74.5,24.74,24.07,23.91,23.75
84.373,3809.4,127.7,100.0,0.0,0.0,4,3793,0.523,0.419,80.6,76.4,75.4,74.5,24.74,24.07,23.91,23.76
84.39,3810.0,127.9,100.0,0.0,0.0,4,3802,0.452,0.41,80.6,76.5,75.4,74.5,24.74,24.07,23.91,23.76
84.405,3810.6,128.1,100.0,0.0,0.0,4,3806,0.431,0.437,80.6,76.5,75.4,74.5,24.74,24.08,23.91,23.76
84.421,3811.1,128.4,100.0,0.0,0.0,4,3820,0.367,0.416,80.6,76.5,75.4,74.5,24.74,24.08,23.91,23.76
84.437,3811.7,128.6,100.0,0.0,0.0,4,3828,0.337,0.461,80.6,76.5,75.4,74.5,24.74,24.08,23.91,23.76
84.452,3812.3,128.9,100.0,0.0,0.0,4,3832,0.325,0.475,80.6,76.5,75.4,74.5,24.74,24.08,23.91,23.76
84.468,3812.8,129.1,100.0,0.0,0.0,4,3838,0.294,0.454,80.6,76.5,75.4,74.5,24.74,24.09,23.91,23.76
84.483,3813.4,129.4,100.0,0.0,0.0,4,3846,0.276,0.466,80.6,76.6,75.4,74.5,24.74,24.09,23.91,23.76
84.499,3813.9,129.7,100.0,0.0,-0.01,4,3856,0.251,0.451,80.6,76.6,75.4,74.5,24.74,24.09,23.91,23.76
84.515,3814.5,129.9,100.0,0.0,-0.01,4,3865,0.247,0.459,80.6,76.6,75.4,74.5,24.74,24.09,23.91,23.76
84.53,3815.1,130.1,100.0,0.0,-0.02,4,3874,0.284,0.449,80.7,76.6,75.4,74.5,24.74,24.1,23.91,23.77
84.546,3815.6,130.4,100.0,0.0,-0.03,4,3884,0.312,0.442,80.7,76.6,75.4,74.5,24.74,24.1,23.91,23.77
84.561,3816.2,130.6,100.0,0.0,-0.04,4,3893,0.268,0.458,80.7,76.6,75.4,74.5,24.75,24.1,23.91,23.77
84.577,3816.8,130.9,100.0,0.0,-0.05,4,3901,0.256,0.46,80.7,76.7,75.4,74.6,24.75,24.11,23.91,23.77
84.593,3817.4,131.1,100.0,0.0,-0.05,4,3898,0.288,0.509,80.7,76.7,75.4,74.6,24.75,24.11,23.91,23.77
84.609,3817.9,131.4,100.0,0.0,-0.06,4,3887,0.302,0.497,80.7,76.7,75.4,74.6,24.75,24.11,23.91,23.77
84.625,3818.5,131.7,100.0,0.0,-0.07,4,3890,0.296,0.454,80.7,76.7,75.4,74.6,24.75,24.11,23.91,23.77
84.641,3819.1,132.0,100.0,0.0,-0.08,4,3907,0.26,0.436,80.7,76.7,75.4,74.6,24.75,24.12,23.91,23.77
84.656,3819.7,132.2,100.0,0.0,-0.08,4,3922,0.279,0.434,80.7,76.7,75.4,74.6,24.75,24.12,23.91,23.77
84.672,3820.2,132.4,100.0,0.0,-0.05,4,3935,0.306,0.445,80.7,76.7,75.4,74.6,24.75,24.12,23.91,23.77
84.688,3820.8,132.7,100.0,0.0,0.0,4,3948,0.148,0.459,80.7,76.8,75.4,74.6,24.75,24.12,23.91,23.78
84.704,3821.4,132.9,100.0,0.0,0.0,4,3956,0.072,0.446,80.7,76.8,75.4,74.6,24.75,24.13,23.91,23.78
84.719,3822.0,133.2,100.0,0.0,0.0,4,3962,0.086,0.468,80.7,76.8,75.4,74.6,24.75,24.13,23.91,23.78
84.735,3822.6,133.4,100.0,0.0,0.0,4,3966,0.115,0.467,80.7,76.8,75.4,74.6,24.75,24.13,23.91,23.78
84.75,3823.1,133.7,100.0,0.0,0.0,4,3969,0.141,0.475,80.7,76.8,75.4,74.6,24.75,24.13,23.91,23.78
84.766,3823.7,134.0,100.0,0.0,0.0,4,3973,0.238,0.465,80.7,76.8,75.4,74.6,24.75,24.14,23.91,23.78
84.781,3824.3,134.2,100.0,0.0,0.0,4,3977,0.234,0.469,80.7,76.9,75.4,74.6,24.75,24.14,23.91,23.78
84.797,3824.9,134.5,100.0,0.0,0.0,4,3980,0.242,0.468,80.7,76.9,75.4,74.6,24.75,24.14,23.91,23.78
84.813,3825.5,134.7,100.0,0.0,0.0,4,3997,0.207,0.39,80.7,76.9,75.4,74.6,24.75,24.14,23.91,23.78
84.829,3826.1,134.9,100.0,0.0,0.0,4,3998,0.289,0.501,80.7,76.9,75.4,74.7,24.75,24.15,23.91,23.78
84.844,3826.6,135.2,100.0,0.0,0.0,4,3990,0.303,0.486,80.7,76.9,75.4,74.7,24.75,24.15,23.91,23.79
84.86,3827.2,135.5,100.0,0.0,0.0,4,3994,0.278,0.453,80.7,76.9,75.4,74.7,24.75,24.15,23.91,23.79
84.875,3827.8,135.7,100.0,0.0,0.0,4,4004,0.251,0.453,80.7,77.0,75.4,74.7,24.75,24.15,23.91,23.79
84.89,3828.4,136.0,100.0,0.0,0.0,4,4013,0.204,0.458,80.7,77.0,75.4,74.7,24.75,24.16,23.91,23.79
84.905,3829.0,136.2,100.0,0.0,0.0,4,4024,0.16,0.45,80.7,77.0,75.4,74.7,24.76,24.16,23.91,23.79
84.921,3829.6,136.5,100.0,0.0,0.0,4,4031,0.148,0.461,80.7,77.0,75.4,74.7,24.76,24.16,23.91,23.79
84.937,3830.1,136.7,100.0,0.0,0.0,4,4041,0.127,0.448,80.7,77.0,75.4,74.7,24.76,24.16,23.91,23.79
84.952,3830.7,137.0,100.0,0.0,0.0,4,4052,0.107,0.45,80.7,77.0,75.4,74.7,24.76,24.17,23.91,23.79
84.967,3831.3,137.2,100.0,0.0,0.0,4,4060,0.066,0.467,80.7,77.1,75.4,74.7,24.76,24.17,23.91,23.79
84.982,3831.9,137.5,100.0,0.0,0.0,4,4066,0.049,0.462,80.7,77.1,75.4,74.7,24.76,24.17,23.91,23.79
84.998,3832.5,137.7,100.0,0.0,0.0,4,4076,0.027,0.468,80.7,77.1,75.4,74.7,24.76,24.17,23.91,23.79
85.014,3833.1,138.0,100.0,0.0,0.0,4,4083,0.028,0.461,80.7,77.1,75.4,74.7,24.76,24.18,23.91,23.8
85.03,3833.7,138.2,100.0,0.0,0.0,4,4095,0.036,0.449,80.7,77.1,75.4,74.7,24.76,24.18,23.91,23.8
85.046,3834.3,138.5,100.0,0.0,0.0,4,4109,-0.035,0.45,80.7,77.1,75.4,74.7,24.76,24.18,23.91,23.8
85.061,3834.9,138.7,100.0,0.0,0.0,4,4118,-0.066,0.448,80.7,77.1,75.4,74.7,24.76,24.18,23.91,23.8
85.077,3835.5,138.9,100.0,0.0,0.0,4,4128,-0.06,0.453,80.7,77.2,75.4,74.7,24.76,24.19,23.91,23.8
85.093,3836.1,139.2,100.0,0.0,0.0,4,4127,-0.082,0.484,80.8,77.2,75.4,74.7,24.76,24.19,23.91,23.8
85.108,3836.7,139.5,100.0,0.0,0.0,4,4124,-0.079,0.496,80.8,77.2,75.4,74.8,24.76,24.19,23.91,23.8
85.123,3837.3,139.7,100.0,0.0,0.0,4,4128,-0.033,0.452,80.8,77.2,75.4,74.8,24.76,24.19,23.91,23.8
85.139,3837.9,140.0,100.0,0.0,0.0,4,4136,-0.057,0.46,80.8,77.2,75.4,74.8,24.76,24.2,23.91,23.8
85.155,3838.5,140.2,100.0,0.0,0.0,4,4137,-0.043,0.471,80.8,77.2,75.4,74.8,24.76,24.2,23.91,23.8
85.17,3839.1,140.5,100.0,0.0,0.0,4,4145,-0.055,0.455,80.8,77.3,75.4,74.8,24.76,24.2,23.91,23.8
85.186,3839.8,140.8,100.0,0.0,0.0,4,4157,-0.027,0.44,80.8,77.3,75.4,74.8,24.76,24.2,23.91,23.81
85.202,3840.4,141.0,100.0,0.0,0.0,4,4162,-0.015,0.465,80.8,77.3,75.4,74.8,24.76,24.21,23.91,23.81
85.218,3841.0,141.2,100.0,0.0,0.0,4,4173,-0.013,0.446,80.8,77.3,75.4,74.8,24.76,24.21,23.91,23.81
85.233,3841.6,141.5,100.0,0.0,-0.0,4,4184,-0.031,0.432,80.8,77.3,75.4,74.8,24.76,24.21,23.91,23.81
85.249,3842.2,141.8,100.0,0.0,-0.01,4,4186,0.032,0.482,80.8,77.3,75.4,74.8,24.77,24.21,23.91,23.81
85.264,3842.8,142.0,100.0,0.0,-0.02,4,4185,0.087,0.478,80.8,77.3,75.4,74.8,24.77,24.22,23.91,23.81
85.28,3843.5,142.3,100.0,0.0,-0.02,4,4193,0.108,0.445,80.8,77.4,75.4,74.8,24.77,24.22,23.91,23.81
85.295,3844.1,142.5,100.0,0.0,-0.03,4,4204,0.15,0.446,80.8,77.4,75.4,74.8,24.77,24.22,23.91,23.81
85.311,3844.7,142.7,100.0,0.0,-0.04,4,4215,0.191,0.447,80.8,77.4,75.4,74.8,24.77,24.22,23.91,23.81
85.326,3845.3,143.0,100.0,0.0,-0.04,4,4228,0.23,0.435,80.8,77.4,75.4,74.8,24.77,24.23,23.91,23.81
85.342,3845.9,143.3,100.0,0.0,-0.05,4,4235,0.272,0.454,80.8,77.4,75.4,74.8,24.77,24.23,23.91,23.82
85.358,3846.6,143.5,100.0,0.0,-0.06,4,4244,0.316,0.444,80.8,77.4,75.4,74.9,24.77,24.23,23.91,23.82
85.374,3847.2,143.7,100.0,0.0,-0.06,4,4254,0.351,0.432,80.8,77.5,75.4,74.9,24.77,24.23,23.91,23.82
85.389,3847.8,144.0,100.0,0.0,-0.07,4,4260,0.4,0.451,80.8,77.5,75.4,74.9,24.77,24.24,23.91,23.82
85.404,3848.4,144.2,100.0,0.0,-0.08,4,4268,0.43,0.427,80.8,77.5,75.4,74.9,24.77,24.24,23.91,23.82
85.42,3849.0,144.5,100.0,0.0,-0.08,4,4273,0.504,0.449,80.8,77.5,75.4,74.9,24.77,24.24,23.91,23.82
85.435,3849.6,144.7,100.0,0.0,-0.09,4,4280,0.565,0.438,80.8,77.5,75.4,74.9,24.77,24.24,23.91,23.82
85.451,3850.3,144.9,100.0,0.0,-0.1,4,4289,0.623,0.433,80.8,77.5,75.4,74.9,24.77,24.25,23.91,23.82
85.467,3850.9,145.2,100.0,0.0,-0.1,4,4298,0.656,0.439,80.8,77.5,75.4,74.9,24.77,24.25,23.91,23.82
85.482,3851.5,145.4,100.0,0.0,-0.11,4,4303,0.697,0.441,80.8,77.6,75.4,74.9,24.77,24.25,23.91,23.82
85.498,3852.2,145.6,100.0,0.0,-0.11,4,4308,0.796,0.444,80.8,77.6,75.4,74.9,24.77,24.25,23.91,23.83
85.513,3852.8,145.9,100.0,0.0,-0.12,4,4319,0.804,0.426,80.8,77.6,75.4,74.9,24.77,24.26,23.91,23.83
85.529,3853.4,146.1,100.0,0.0,-0.13,4,4326,0.849,0.421,80.8,77.6,75.4,74.9,24.77,24.26,23.91,23.83
85.544,3854.0,146.3,100.0,0.0,-0.13,4,4339,0.923,0.415,80.8,77.6,75.4,74.9,24.77,24.26,23.91,23.83
85.56,3854.7,146.6,100.0,0.0,-0.14,4,4348,1.009,0.418,80.8,77.6,75.4,74.9,24.77,24.26,23.91,23.83
85.575,3855.3,146.8,100.0,0.0,-0.09,4,4360,1.021,0.411,80.8,77.7,75.4,74.9,24.77,24.27,23.91,23.83
85.591,3856.0,147.0,100.0,0.0,-0.05,4,4373,0.909,0.411,80.8,77.7,75.4,74.9,24.77,24.27,23.91,23.83
85.606,3856.6,147.2,100.0,0.0,0.0,4,4378,0.788,0.446,80.8,77.7,75.4,75.0,24.77,24.27,23.91,23.83
85.621,3857.2,147.5,100.0,0.0,0.0,4,4377,0.75,0.456,80.8,77.7,75.4,75.0,24.77,24.27,23.91,23.83
85.637,3857.9,147.7,100.0,0.0,0.0,4,4379,0.753,0.454,80.8,77.7,75.4,75.0,24.77,24.28,23.91,23.83
85.653,3858.5,148.0,100.0,0.0,0.0,4,4381,0.804,0.46,80.8,77.7,75.4,75.0,24.77,24.28,23.91,23.84
85.67,3859.2,148.2,100.0,0.0,0.0,4,4383,0.774,0.465,80.8,77.8,75.4,75.0,24.77,24.28,23.91,23.84
85.685,3859.8,148.5,100.0,0.0,0.0,4,4389,0.739,0.456,80.8,77.8,75.4,75.0,24.77,24.28,23.91,23.84
85.701,3860.5,148.7,100.0,0.0,-0.0,4,4393,0.701,0.457,80.8,77.8,75.4,75.0,24.77,24.29,23.91,23.84
85.716,3861.1,148.9,100.0,0.0,-0.01,4,4402,0.681,0.446,80.8,77.8,75.4,75.0,24.77,24.29,23.91,23.84
85.731,3861.7,149.2,100.0,0.0,-0.02,4,4413,0.656,0.442,80.8,77.8,75.4,75.0,24.77,24.29,23.91,23.84
85.748,3862.4,149.4,100.0,0.0,-0.02,4,4423,0.618,0.439,80.8,77.8,75.4,75.0,24.78,24.29,23.91,23.84
85.762,3863.0,149.7,100.0,0.0,-0.03,4,4433,0.614,0.44,80.8,77.8,75.4,75.0,24.78,24.3,23.91,23.84
85.777,3863.7,149.9,100.0,0.0,-0.03,4,4439,0.604,0.448,80.8,77.9,75.4,75.0,24.78,24.3,23.91,23.84
85.793,3864.3,150.1,100.0,0.0,-0.04,4,4439,0.617,0.46,80.9,77.9,75.4,75.0,24.78,24.3,23.91,23.85
85.809,3865.0,150.4,100.0,0.0,-0.05,4,4442,0.621,0.447,80.9,77.9,75.4,75.0,24.78,24.3,23.91,23.85
85.825,3865.6,150.6,100.0,0.0,-0.05,4,4449,0.64,0.429,80.9,77.9,75.4,75.0,24.78,24.31,23.91,23.85
85.84,3866.3,150.9,100.0,0.0,-0.06,4,4459,0.617,0.43,80.9,77.9,75.4,75.1,24.78,24.31,23.91,23.85
85.856,3866.9,151.1,100.0,0.0,-0.06,4,4461,0.599,0.46,80.9,77.9,75.4,75.1,24.78,24.31,23.91,23.85
85.871,3867.6,151.3,100.0,0.0,-0.07,4,4465,0.613,0.439,80.9,78.0,75.4,75.1,24.78,24.31,23.91,23.85
85.887,3868.3,151.6,100.0,0.0,-0.08,4,4469,0.655,0.447,80.9,78.0,75.4,75.1,24.78,24.32,23.91,23.85
85.903,3868.9,151.8,100.0,0.0,-0.08,4,4483,0.658,0.412,80.9,78.0,75.4,75.1,24.78,24.32,23.91,23.85
85.919,3869.6,152.1,100.0,0.0,-0.09,4,4498,0.688,0.416,80.9,78.0,75.4,75.1,24.78,24.32,23.91,23.85
85.934,3870.3,152.3,100.0,0.0,-0.09,4,4508,0.718,0.422,80.9,78.0,75.4,75.1,24.78,24.32,23.91,23.85
85.951,3870.9,152.5,100.0,0.0,-0.1,4,4516,0.808,0.426,80.9,78.0,75.4,75.1,24.78,24.33,23.91,23.86
85.966,3871.6,152.8,100.0,0.0,-0.11,4,4527,0.864,0.417,80.9,78.1,75.4,75.1,24.78,24.33,23.91,23.86
85.981,3872.2,153.0,100.0,0.0,-0.11,4,4531,0.906,0.415,80.9,78.1,75.4,75.1,24.78,24.33,23.91,23.86
85.997,3872.9,153.2,100.0,0.0,-0.12,4,4537,0.981,0.414,80.9,78.1,75.4,75.1,24.78,24.33,23.91,23.86
86.013,3873.6,153.4,100.0,0.0,-0.12,4,4542,1.01,0.424,80.9,78.1,75.4,75.1,24.78,24.34,23.91,23.86
86.029,3874.3,153.7,100.0,0.0,-0.13,4,4549,1.065,0.425,80.9,78.1,75.4,75.1,24.78,24.34,23.91,23.86
86.045,3874.9,153.9,100.0,0.0,-0.14,4,4552,1.08,0.421,80.9,78.1,75.4,75.1,24.78,24.34,23.91,23.86
86.06,3875.6,154.1,100.0,0.0,-0.14,4,4560,1.098,0.409,80.9,78.1,75.4,75.1,24.78,24.34,23.91,23.86
86.075,3876.3,154.3,100.0,0.0,-0.15,4,4573,1.126,0.401,80.9,78.2,75.4,75.2,24.78,24.35,23.91,23.86
86.091,3876.9,154.5,100.0,0.0,-0.15,4,4580,1.176,0.41,80.9,78.2,75.4,75.2,24.78,24.35,23.91,23.87
86.107,3877.6,154.7,100.0,0.0,-0.16,4,4591,1.189,0.379,80.9,78.2,75.4,75.2,24.78,24.35,23.91,23.87
86.122,3878.3,154.9,100.0,0.0,-0.16,4,4610,1.306,0.383,80.9,78.2,75.4,75.2,24.78,24.35,23.91,23.87
86.138,3879.0,155.1,100.0,0.0,-0.17,4,4616,1.429,0.383,80.9,78.2,75.4,75.2,24.78,24.36,23.91,23.87
86.154,3879.6,155.3,100.0,0.0,-0.17,4,4622,1.444,0.368,80.9,78.2,75.4,75.2,24.78,24.36,23.91,23.87
86.17,3880.3,155.5,100.0,0.0,-0.18,4,4637,1.5,0.362,80.9,78.3,75.4,75.2,24.78,24.36,23.91,23.87
86.186,3881.0,155.7,100.0,0.0,-0.19,4,4637,1.522,0.4,80.9,78.3,75.4,75.2,24.78,24.36,23.91,23.87
86.201,3881.7,155.9,100.0,0.0,-0.19,4,4634,1.575,0.414,80.9,78.3,75.4,75.2,24.78,24.37,23.91,23.87
86.217,3882.4,156.1,100.0,0.0,-0.14,4,4638,1.574,0.384,80.9,78.3,75.4,75.2,24.78,24.37,23.91,23.88
86.233,3883.0,156.3,100.0,0.0,-0.09,4,4648,1.503,0.388,80.9,78.3,75.4,75.2,24.78,24.37,23.91,23.88
86.248,3883.7,156.5,100.0,0.0,-0.04,4,4660,1.402,0.4,80.9,78.3,75.4,75.2,24.78,24.38,23.91,23.88
86.264,3884.4,156.7,100.0,0.0,0.0,4,4669,1.306,0.404,80.9,78.4,75.4,75.2,24.78,24.38,23.91,23.88
86.28,3885.1,156.9,100.0,0.0,0.0,4,4676,1.263,0.423,80.9,78.4,75.4,75.3,24.78,24.38,23.91,23.88
86.296,3885.8,157.1,100.0,0.0,-0.01,4,4684,1.29,0.425,80.9,78.4,75.4,75.3,24.78,24.38,23.91,23.88
86.312,3886.5,157.3,100.0,0.0,-0.01,4,4690,1.298,0.414,80.9,78.4,75.4,75.3,24.78,24.39,23.91,23.88
86.327,3887.1,157.5,100.0,0.0,-0.02,4,4695,1.281,0.431,80.9,78.4,75.4,75.3,24.78,24.39,23.91,23.88
86.343,3887.9,157.7,100.0,0.0,-0.02,4,4690,1.347,0.443,80.9,78.4,75.4,75.3,24.78,24.39,23.91,23.89
86.359,3888.6,158.0,100.0,0.0,-0.03,4,4686,1.382,0.438,80.9,78.5,75.4,75.3,24.78,24.39,23.91,23.89
86.374,3889.2,158.2,100.0,0.0,-0.0,4,4691,1.342,0.419,80.9,78.5,75.4,75.3,24.78,24.4,23.91,23.89
86.39,3889.9,158.4,100.0,0.0,0.0,4,4701,1.2,0.42,80.9,78.5,75.4,75.3,24.78,24.4,23.91,23.89
86.405,3890.6,158.6,100.0,0.0,0.0,4,4703,1.169,0.437,80.9,78.5,75.4,75.3,24.78,24.4,23.91,23.89
86.421,3891.3,158.8,100.0,0.0,0.0,4,4706,1.118,0.434,80.9,78.5,75.4,75.3,24.78,24.4,23.91,23.89
86.437,3892.0,159.1,100.0,0.0,0.0,4,4712,1.036,0.436,80.9,78.5,75.4,75.3,24.78,24.41,23.91,23.89
86.452,3892.7,159.3,100.0,0.0,0.0,4,4716,0.965,0.426,80.9,78.6,75.4,75.3,24.78,24.41,23.91,23.89
86.467,3893.4,159.5,100.0,0.0,0.0,4,4719,0.925,0.446,80.9,78.6,75.4,75.3,24.78,24.41,23.91,23.9
86.484,3894.1,159.7,100.0,0.0,0.0,4,4722,0.845,0.433,80.9,78.6,75.4,75.4,24.78,24.41,23.91,23.9
86.499,3894.8,159.9,100.0,0.0,-0.0,4,4732,0.763,0.421,80.9,78.6,75.4,75.4,24.78,24.42,23.91,23.9
86.515,3895.4,160.1,100.0,0.0,-0.01,4,4737,0.722,0.426,80.9,78.6,75.4,75.4,24.78,24.42,23.91,23.9
86.53,3896.1,160.4,100.0,0.0,-0.01,4,4743,0.666,0.428,80.9,78.6,75.4,75.4,24.78,24.42,23.91,23.9
86.546,3896.8,160.6,100.0,0.0,-0.02,4,4749,0.638,0.424,80.9,78.6,75.4,75.4,24.79,24.42,23.91,23.9
86.561,3897.5,160.9,100.0,0.0,-0.02,4,4754,0.62,0.428,80.9,78.7,75.4,75.4,24.79,24.43,23.91,23.9
86.577,3898.2,161.1,100.0,0.0,-0.03,4,4755,0.616,0.442,80.9,78.7,75.4,75.4,24.79,24.43,23.91,23.9
86.593,3899.0,161.4,100.0,0.0,-0.03,4,4762,0.56,0.422,80.9,78.7,75.4,75.4,24.79,24.43,23.91,23.9
86.609,3899.7,161.6,100.0,0.0,-0.04,4,4769,0.552,0.416,80.9,78.7,75.4,75.4,24.79,24.43,23.91,23.91
86.625,3900.4,161.8,100.0,0.0,-0.04,4,4771,0.537,0.433,80.9,78.7,75.4,75.4,24.79,24.44,23.91,23.91
86.64,3901.1,162.0,100.0,0.0,-0.05,4,4778,0.572,0.42,80.9,78.7,75.4,75.4,24.79,24.44,23.91,23.91
86.656,3901.8,162.3,100.0,0.0,-0.05,4,4792,0.567,0.407,80.9,78.8,75.4,75.4,24.79,24.44,23.91,23.91
86.672,3902.5,162.5,100.0,0.0,-0.06,4,4798,0.572,0.413,80.9,78.8,75.4,75.4,24.79,24.44,23.91,23.91
86.688,3903.2,162.7,100.0,0.0,-0.06,4,4803,0.61,0.416,80.9,78.8,75.4,75.4,24.79,24.45,23.91,23.91
86.703,3903.9,163.0,100.0,0.0,-0.07,4,4807,0.637,0.419,80.9,78.8,75.4,75.4,24.79,24.45,23.91,23.91
86.718,3904.6,163.2,100.0,0.0,-0.07,4,4813,0.645,0.399,80.9,78.8,75.4,75.5,24.79,24.45,23.91,23.91
86.735,3905.3,163.4,100.0,0.0,-0.08,4,4823,0.706,0.408,80.9,78.8,75.4,75.5,24.79,24.45,23.91,23.91
86.75,3906.0,163.6,100.0,0.0,-0.09,4,4831,0.735,0.41,80.9,78.8,75.4,75.5,24.79,24.45,23.91,23.92
86.766,3906.8,163.9,100.0,0.0,-0.09,4,4841,0.787,0.39,80.9,78.9,75.4,75.5,24.79,24.46,23.91,23.92
86.781,3907.5,164.1,100.0,0.0,-0.1,4,4851,0.82,0.391,80.9,78.9,75.4,75.5,24.79,24.46,23.91,23.92
86.797,3908.2,164.3,100.0,0.0,-0.1,4,4860,0.883,0.403,80.9,78.9,75.4,75.5,24.79,24.46,23.91,23.92
86.814,3908.9,164.5,100.0,0.0,-0.11,4,4867,0.923,0.407,80.9,78.9,75.4,75.5,24.79,24.46,23.91,23.92
86.829,3909.7,164.7,100.0,0.0,-0.11,4,4871,1.007,0.392,80.9,78.9,75.4,75.5,24.79,24.47,23.91,23.92
86.844,3910.3,164.9,100.0,0.0,-0.12,4,4877,1.012,0.393,80.9,78.9,75.4,75.5,24.79,24.47,23.91,23.92
86.86,3911.1,165.1,100.0,0.0,-0.12,4,4888,1.075,0.382,80.9,78.9,75.4,75.5,24.79,24.47,23.91,23.92
86.876,3911.8,165.4,100.0,0.0,-0.13,4,4897,1.175,0.381,80.9,79.0,75.4,75.5,24.79,24.47,23.91,23.92
86.891,3912.5,165.6,100.0,0.0,-0.13,4,4905,1.22,0.371,80.9,79.0,75.4,75.5,24.79,24.48,23.91,23.93
86.906,3913.2,165.8,100.0,0.0,-0.14,4,4915,1.219,0.369,80.9,79.0,75.4,75.5,24.79,24.48,23.91,23.93
86.922,3913.9,165.9,100.0,0.0,-0.14,4,4921,1.26,0.388,80.9,79.0,75.4,75.6,24.79,24.48,23.91,23.93
86.937,3914.6,166.1,100.0,0.0,-0.15,4,4922,1.322,0.396,80.9,79.0,75.4,75.6,24.79,24.48,23.91,23.93
86.952,3915.3,166.3,100.0,0.0,-0.15,4,4929,1.373,0.379,80.9,79.0,75.4,75.6,24.79,24.49,23.91,23.93
86.967,3916.0,166.5,100.0,0.0,-0.15,4,4940,1.364,0.36,80.9,79.1,75.4,75.6,24.79,24.49,23.91,23.93
86.983,3916.8,166.7,100.0,0.0,-0.16,4,4953,1.396,0.372,80.9,79.1,75.4,75.6,24.79,24.49,23.91,23.93
86.999,3917.5,166.9,100.0,0.0,-0.17,4,4958,1.425,0.377,80.9,79.1,75.4,75.6,24.79,24.49,23.91,23.93
87.014,3918.2,167.1,100.0,0.0,-0.17,4,4965,1.556,0.351,80.9,79.1,75.4,75.6,24.79,24.5,23.91,23.94
87.03,3918.9,167.2,100.0,0.0,-0.17,4,4975,1.597,0.331,80.9,79.1,75.4,75.6,24.79,24.5,23.91,23.94
87.045,3919.6,167.4,100.0,0.0,-0.18,4,4987,1.568,0.34,80.9,79.1,75.4,75.6,24.79,24.5,23.91,23.94
87.061,3920.4,167.6,100.0,0.0,-0.18,4,4997,1.582,0.357,80.9,79.2,75.4,75.6,24.79,24.5,23.91,23.94
87.077,3921.1,167.8,100.0,0.0,-0.19,4,4996,1.63,0.382,80.9,79.2,75.4,75.6,24.79,24.51,23.91,23.94
87.093,3921.8,167.9,100.0,0.0,-0.19,4,4995,1.66,0.374,80.9,79.2,75.4,75.6,24.79,24.51,23.91,23.94
87.109,3922.6,168.1,100.0,0.0,-0.2,4,5005,1.637,0.338,80.9,79.2,75.4,75.6,24.79,24.51,23.91,23.94
87.125,3923.3,168.3,100.0,0.0,-0.2,4,5019,1.625,0.339,80.9,79.2,75.4,75.7,24.79,24.52,23.91,23.95
87.14,3924.1,168.4,100.0,0.0,-0.2,4,5027,1.625,0.344,80.9,79.2,75.4,75.7,24.79,24.52,23.91,23.95
87.156,3924.8,168.5,0.0,0.0,-0.2,4,4993,1.689,0.341,80.9,79.3,75.4,75.7,24.79,24.52,23.91,23.95
87.171,3925.5,168.6,0.0,0.0,-0.21,4,4890,1.829,-0.026,80.9,79.3,75.4,75.7,24.79,24.52,23.91,23.95
87.187,3926.2,168.4,0.0,0.0,-0.21,4,4867,1.882,-0.162,80.9,79.3,75.4,75.7,24.79,24.53,23.91,23.95
87.202,3927.0,168.3,0.0,0.0,-0.22,4,4861,1.879,-0.176,80.9,79.3,75.4,75.7,24.79,24.53,23.91,23.95
87.217,3927.7,168.2,0.0,0.0,-0.22,4,4856,1.952,-0.185,80.9,79.3,75.4,75.7,24.79,24.53,23.91,23.95
87.234,3928.4,168.0,0.0,0.0,-0.23,4,4851,2.011,-0.186,80.9,79.3,75.4,75.7,24.79,24.53,23.91,23.95
87.249,3929.1,167.9,0.0,0.0,-0.23,4,4846,1.986,-0.183,80.9,79.4,75.4,75.7,24.79,24.54,23.91,23.96
87.264,3929.9,167.7,2.4,0.0,-0.24,4,4842,1.965,-0.174,80.9,79.4,75.4,75.7,24.79,24.54,23.91,23.96
87.28,3930.6,167.6,9.6,0.0,-0.24,4,4845,1.915,-0.155,80.9,79.4,75.4,75.7,24.79,24.54,23.91,23.96
87.295,3931.3,167.4,15.6,0.0,-0.25,4,4850,1.896,-0.138,80.9,79.4,75.4,75.8,24.79,24.55,23.91,23.96
87.31,3932.0,167.3,21.6,0.0,-0.25,4,4859,1.953,-0.119,80.9,79.4,75.4,75.8,24.79,24.55,23.91,23.96
87.326,3932.7,167.2,27.6,0.0,-0.26,4,4870,1.93,-0.102,80.9,79.4,75.4,75.8,24.79,24.55,23.91,23.96
87.341,3933.4,167.1,33.6,0.0,-0.26,4,4883,1.879,-0.065,80.9,79.5,75.4,75.8,24.79,24.55,23.91,23.96
87.357,3934.2,167.0,39.6,0.0,-0.27,4,4895,1.857,-0.031,80.9,79.5,75.4,75.8,24.79,24.56,23.91,23.97
87.373,3934.9,167.0,45.6,0.0,-0.27,4,4901,1.91,0.024,80.9,79.5,75.4,75.8,24.79,24.56,23.91,23.97
87.388,3935.6,166.9,52.8,0.0,-0.28,4,4914,1.868,0.046,80.9,79.5,75.4,75.8,24.79,24.56,23.91,23.97
87.403,3936.3,166.9,58.8,0.0,-0.28,4,4926,1.826,0.079,80.9,79.5,75.4,75.8,24.79,24.56,23.91,23.97
87.418,3937.0,166.9,64.8,0.0,-0.29,4,4942,1.769,0.097,80.9,79.5,75.4,75.8,24.79,24.57,23.91,23.97
87.434,3937.8,166.9,70.8,0.0,-0.29,4,4954,1.762,0.145,80.9,79.6,75.4,75.8,24.79,24.57,23.91,23.97
87.45,3938.5,166.9,76.8,0.0,-0.3,4,4965,1.775,0.178,80.9,79.6,75.4,75.8,24.79,24.57,23.91,23.97
87.466,3939.2,167.0,84.0,0.0,-0.3,4,4982,1.804,0.195,80.9,79.6,75.4,75.8,24.79,24.58,23.91,23.97
87.482,3940.0,167.0,90.0,0.0,-0.31,4,4999,1.822,0.21,80.9,79.6,75.4,75.9,24.79,24.58,23.91,23.98
87.497,3940.7,167.1,96.0,0.0,-0.31,4,5020,1.811,0.232,80.9,79.6,75.4,75.9,24.79,24.58,23.91,23.98
87.512,3941.4,167.1,100.0,0.0,-0.32,4,5036,1.796,0.279,80.9,79.7,75.4,75.9,24.79,24.58,23.91,23.98
87.527,3942.1,167.2,100.0,0.0,-0.32,4,5039,1.853,0.307,80.9,79.7,75.4,75.9,24.79,24.59,23.91,23.98
87.543,3942.8,167.3,100.0,0.0,-0.32,4,5033,1.882,0.331,80.9,79.7,75.4,75.9,24.79,24.59,23.91,23.98
87.559,3943.5,167.5,100.0,0.0,-0.3,4,5029,1.951,0.31,80.9,79.7,75.4,75.9,24.79,24.59,23.91,23.98
87.575,3944.3,167.6,100.0,0.0,-0.24,4,5032,1.908,0.298,80.9,79.7,75.4,75.9,24.79,24.6,23.91,23.98
87.589,3945.0,167.7,100.0,0.0,-0.19,4,5034,1.934,0.302,80.9,79.7,75.4,75.9,24.79,24.6,23.91,23.99
87.605,3945.7,167.8,100.0,0.0,-0.15,4,5038,1.846,0.32,80.9,79.8,75.4,75.9,24.79,24.6,23.91,23.99
87.62,3946.4,167.9,100.0,0.0,-0.1,4,5038,1.907,0.326,80.9,79.8,75.4,75.9,24.79,24.6,23.91,23.99
87.636,3947.1,168.0,100.0,0.0,-0.05,4,5041,1.872,0.339,80.9,79.8,75.4,75.9,24.79,24.61,23.91,23.99
87.651,3947.9,168.1,100.0,0.0,-0.01,4,5044,1.84,0.362,80.9,79.8,75.4,76.0,24.79,24.61,23.91,23.99
87.667,3948.6,168.2,100.0,0.0,0.0,4,5051,1.716,0.387,80.9,79.8,75.4,76.0,24.79,24.61,23.91,23.99
87.682,3949.3,168.4,100.0,0.0,0.0,4,5050,1.762,0.404,80.9,79.8,75.4,76.0,24.79,24.62,23.91,24.0
87.698,3950.0,168.6,100.0,0.0,0.0,4,5051,1.756,0.391,80.9,79.9,75.4,76.0,24.79,24.62,23.91,24.0
87.714,3950.8,168.7,100.0,0.0,0.0,4,5057,1.736,0.383,80.9,79.9,75.4,76.0,24.79,24.62,23.91,24.0
87.728,3951.5,168.9,100.0,0.0,0.0,4,5059,1.731,0.4,80.9,79.9,75.4,76.0,24.79,24.62,23.91,24.0
87.745,3952.2,169.0,100.0,0.0,0.0,4,5060,1.622,0.395,80.9,79.9,75.4,76.0,24.79,24.63,23.91,24.0
87.76,3952.9,169.2,100.0,0.0,0.0,4,5055,1.702,0.417,80.9,79.9,75.4,76.0,24.79,24.63,23.91,24.0
87.776,3953.7,169.4,100.0,0.0,-0.0,4,5051,1.699,0.408,80.9,79.9,75.4,76.0,24.79,24.63,23.91,24.0
87.792,3954.4,169.5,100.0,0.0,-0.01,4,5057,1.612,0.372,80.9,80.0,75.4,76.0,24.79,24.63,23.91,24.01
87.807,3955.1,169.7,100.0,0.0,-0.01,4,5069,1.532,0.392,80.9,80.0,75.4,76.0,24.79,24.64,23.91,24.01
87.822,3955.9,169.9,100.0,0.0,-0.01,4,5064,1.579,0.406,80.9,80.0,75.4,76.1,24.79,24.64,23.91,24.01
87.838,3956.6,170.1,100.0,0.0,-0.02,4,5061,1.587,0.395,80.9,80.0,75.4,76.1,24.79,24.64,23.91,24.01
87.853,3957.3,170.2,100.0,0.0,-0.02,4,5062,1.563,0.381,80.9,80.0,75.4,76.1,24.79,24.65,23.91,24.01
87.869,3958.1,170.4,100.0,0.0,-0.03,4,5068,1.546,0.387,80.9,80.1,75.4,76.1,24.79,24.65,23.91,24.01
87.885,3958.8,170.6,100.0,0.0,-0.03,4,5067,1.486,0.402,80.9,80.1,75.4,76.1,24.79,24.65,23.91,24.01
87.901,3959.6,170.8,100.0,0.0,-0.04,4,5065,1.512,0.407,80.9,80.1,75.4,76.1,24.79,24.65,23.91,24.02
87.916,3960.3,171.0,100.0,0.0,-0.04,4,5065,1.447,0.402,80.9,80.1,75.4,76.1,24.79,24.66,23.91,24.02
87.932,3961.1,171.2,100.0,0.0,-0.05,4,5066,1.395,0.391,80.9,80.1,75.4,76.1,24.79,24.66,23.91,24.02
87.947,3961.8,171.4,100.0,0.0,-0.05,4,5072,1.348,0.387,80.9,80.1,75.4,76.1,24.79,24.66,23.91,24.02
87.963,3962.6,171.6,100.0,0.0,-0.06,4,5075,1.299,0.378,80.9,80.2,75.4,76.1,24.79,24.67,23.91,24.02
87.979,3963.3,171.8,100.0,0.0,-0.06,4,5080,1.261,0.401,80.9,80.2,75.4,76.1,24.79,24.67,23.91,24.02
87.994,3964.1,172.0,100.0,0.0,-0.07,4,5086,1.156,0.39,80.9,80.2,75.4,76.2,24.79,24.67,23.91,24.03
88.01,3964.8,172.2,100.0,0.0,-0.07,4,5090,1.132,0.388,80.9,80.2,75.4,76.2,24.79,24.67,23.91,24.03
88.026,3965.6,172.4,100.0,0.0,-0.08,4,5093,1.145,0.395,80.9,80.2,75.4,76.2,24.79,24.68,23.91,24.03
88.042,3966.3,172.5,100.0,0.0,-0.08,4,5100,1.123,0.366,80.9,80.2,75.4,76.2,24.79,24.68,23.91,24.03
88.058,3967.1,172.8,100.0,0.0,-0.08,4,5117,1.073,0.354,80.9,80.3,75.4,76.2,24.79,24.68,23.91,24.03
88.073,3967.8,172.9,100.0,0.0,-0.09,4,5122,1.085,0.382,80.9,80.3,75.4,76.2,24.79,24.68,23.91,24.03
88.089,3968.6,173.1,100.0,0.0,-0.09,4,5124,1.118,0.379,80.9,80.3,75.4,76.2,24.79,24.69,23.91,24.03
88.104,3969.3,173.3,100.0,0.0,-0.1,4,5128,1.127,0.371,80.9,80.3,75.4,76.2,24.79,24.69,23.91,24.03
88.12,3970.1,173.6,100.0,0.0,-0.1,4,5133,1.164,0.367,80.9,80.3,75.4,76.2,24.79,24.69,23.91,24.04
88.135,3970.8,173.7,100.0,0.0,-0.11,4,5138,1.184,0.389,80.9,80.3,75.4,76.2,24.79,24.69,23.91,24.04
88.15,3971.5,173.9,100.0,0.0,-0.11,4,5143,1.201,0.366,80.9,80.4,75.4,76.2,24.79,24.7,23.91,24.04
88.166,3972.3,174.1,100.0,0.0,-0.12,4,5150,1.227,0.348,80.9,80.4,75.4,76.3,24.79,24.7,23.91,24.04
88.182,3973.1,174.3,100.0,0.0,-0.12,4,5156,1.307,0.357,80.9,80.4,75.4,76.3,24.79,24.7,23.91,24.04
88.198,3973.9,174.5,100.0,0.0,-0.13,4,5166,1.314,0.356,80.9,80.4,75.4,76.3,24.79,24.71,23.91,24.04
88.213,3974.6,174.7,100.0,0.0,-0.13,4,5172,1.357,0.353,80.9,80.4,75.4,76.3,24.79,24.71,23.91,24.05
88.228,3975.3,174.9,100.0,0.0,-0.13,4,5177,1.373,0.337,80.9,80.4,75.4,76.3,24.79,24.71,23.91,24.05
88.244,3976.1,175.0,100.0,0.0,-0.14,4,5182,1.431,0.349,80.9,80.5,75.4,76.3,24.79,24.71,23.91,24.05
88.259,3976.8,175.2,100.0,0.0,-0.14,4,5188,1.481,0.347,80.9,80.5,75.4,76.3,24.79,24.72,23.91,24.05
88.275,3977.6,175.3,100.0,0.0,-0.15,4,5199,1.515,0.312,80.9,80.5,75.4,76.3,24.79,24.72,23.91,24.05
88.29,3978.3,175.5,100.0,0.0,-0.15,4,5203,1.508,0.349,80.9,80.5,75.4,76.3,24.79,24.72,23.91,24.05
88.305,3979.1,175.7,100.0,0.0,-0.16,4,5208,1.55,0.347,80.9,80.5,75.4,76.3,24.79,24.72,23.91,24.05
88.321,3979.8,175.9,100.0,0.0,-0.16,4,5213,1.513,0.344,80.9,80.5,75.4,76.3,24.79,24.73,23.91,24.06
88.336,3980.6,176.0,100.0,0.0,-0.16,4,5219,1.566,0.324,80.9,80.6,75.4,76.4,24.79,24.73,23.91,24.06
88.351,3981.3,176.2,100.0,0.0,-0.17,4,5227,1.581,0.334,80.9,80.6,75.4,76.4,24.79,24.73,23.91,24.06
88.367,3982.1,176.3,100.0,0.0,-0.17,4,5243,1.505,0.303,80.9,80.6,75.4,76.4,24.79,24.73,23.91,24.06
88.382,3982.8,176.5,100.0,0.0,-0.18,4,5252,1.538,0.335,80.9,80.6,75.4,76.4,24.79,24.74,23.91,24.06
88.397,3983.6,176.6,100.0,0.0,-0.18,4,5254,1.647,0.325,80.9,80.6,75.4,76.4,24.79,24.74,23.91,24.06
88.413,3984.4,176.8,100.0,0.0,-0.15,4,5257,1.696,0.334,80.9,80.6,75.4,76.4,24.79,24.74,23.91,24.06
88.429,3985.1,176.9,100.0,0.0,-0.11,4,5270,1.671,0.316,80.9,80.7,75.4,76.4,24.79,24.75,23.91,24.07
88.444,3985.9,177.0,100.0,0.0,-0.05,4,5277,1.668,0.333,80.9,80.7,75.4,76.4,24.79,24.75,23.91,24.07
88.459,3986.6,177.2,100.0,0.0,-0.0,4,5280,1.583,0.349,80.9,80.7,75.4,76.4,24.79,24.75,23.91,24.07
88.475,3987.4,177.4,100.0,0.0,0.0,4,5282,1.527,0.374,80.9,80.7,75.4,76.4,24.79,24.75,23.91,24.07
88.491,3988.2,177.5,100.0,0.0,0.0,4,5283,1.56,0.37,80.9,80.7,75.4,76.5,24.79,24.76,23.91,24.07
88.507,3989.0,177.7,100.0,0.0,0.0,4,5279,1.569,0.378,80.9,80.7,75.4,76.5,24.79,24.76,23.91,24.07
88.522,3989.7,177.9,100.0,0.0,0.0,4,5281,1.541,0.37,80.9,80.8,75.4,76.5,24.79,24.76,23.91,24.08
88.538,3990.5,178.1,100.0,0.0,0.0,4,5281,1.551,0.39,80.9,80.8,75.4,76.5,24.79,24.77,23.91,24.08
88.554,3991.3,178.2,100.0,0.0,0.0,4,5283,1.541,0.363,80.9,80.8,75.4,76.5,24.79,24.77,23.91,24.08
88.57,3992.1,178.4,100.0,0.0,0.0,4,5290,1.506,0.368,80.9,80.8,75.4,76.5,24.79,24.77,23.91,24.08
88.586,3992.9,178.6,100.0,0.0,0.0,4,5297,1.402,0.374,80.9,80.8,75.4,76.5,24.79,24.77,23.91,24.08
88.601,3993.6,178.7,100.0,0.0,0.0,4,5297,1.392,0.382,80.9,80.9,75.4,76.5,24.79,24.78,23.91,24.08
88.616,3994.4,178.9,100.0,0.0,0.0,4,5294,1.379,0.387,80.9,80.9,75.4,76.5,24.79,24.78,23.91,24.09
88.632,3995.2,179.1,100.0,0.0,0.0,4,5301,1.319,0.355,80.9,80.9,75.4,76.5,24.79,24.78,23.91,24.09
88.647,3995.9,179.3,100.0,0.0,0.0,4,5304,1.245,0.381,80.9,80.9,75.4,76.6,24.79,24.78,23.91,24.09
88.664,3996.8,179.5,100.0,0.0,0.0,4,5303,1.167,0.38,80.9,80.9,75.4,76.6,24.79,24.79,23.91,24.09
88.679,3997.5,179.7,100.0,0.0,0.0,4,5306,1.12,0.369,80.9,80.9,75.4,76.6,24.79,24.79,23.91,24.09
88.694,3998.3,179.9,100.0,0.0,0.0,4,5306,1.051,0.379,80.9,81.0,75.4,76.6,24.79,24.79,23.91,24.09
88.71,3999.1,180.0,100.0,0.0,0.0,4,5311,0.957,0.364,80.9,81.0,75.4,76.6,24.79,24.79,23.91,24.09
88.726,3999.9,180.3,100.0,0.0,0.0,4,5317,0.854,0.376,80.9,81.0,75.4,76.6,24.79,24.8,23.91,24.1
88.741,4000.6,180.5,100.0,0.0,0.0,4,5321,0.762,0.375,80.9,81.0,75.4,76.6,24.79,24.8,23.91,24.1
88.757,4001.4,180.7,100.0,0.0,0.0,4,5324,0.688,0.374,80.9,81.0,75.4,76.6,24.79,24.8,23.91,24.1
88.772,4002.2,180.9,100.0,0.0,0.0,4,5332,0.605,0.364,80.9,81.0,75.4,76.6,24.79,24.81,23.91,24.1
88.788,4003.0,181.0,100.0,0.0,0.0,4,5337,0.556,0.373,80.9,81.0,75.4,76.6,24.79,24.81,23.91,24.1
88.805,4003.8,181.3,100.0,0.0,0.0,4,5343,0.471,0.371,80.9,81.1,75.4,76.6,24.79,24.81,23.91,24.1
88.82,4004.6,181.5,100.0,0.0,0.0,4,5347,0.411,0.369,80.9,81.1,75.4,76.7,24.79,24.81,23.91,24.1
88.836,4005.4,181.7,100.0,0.0,0.0,4,5351,0.371,0.379,80.9,81.1,75.4,76.7,24.79,24.81,23.91,24.11
88.852,4006.2,181.9,100.0,0.0,0.0,4,5356,0.304,0.361,81.0,81.1,75.4,76.7,24.79,24.82,23.91,24.11
88.868,4007.0,182.1,100.0,0.0,0.0,4,5361,0.254,0.37,81.0,81.1,75.5,76.7,24.79,24.82,23.91,24.11
88.884,4007.8,182.3,100.0,0.0,0.0,4,5367,0.206,0.356,81.0,81.1,75.5,76.7,24.79,24.82,23.91,24.11
88.899,4008.6,182.5,100.0,0.0,0.0,4,5373,0.19,0.376,81.0,81.2,75.5,76.7,24.79,24.82,23.91,24.11
88.915,4009.4,182.7,100.0,0.0,0.0,4,5376,0.154,0.374,81.0,81.2,75.5,76.7,24.79,24.83,23.91,24.11
88.931,4010.2,182.9,100.0,0.0,0.0,4,5381,0.116,0.36,81.0,81.2,75.5,76.7,24.79,24.83,23.91,24.11
88.946,4011.0,183.1,100.0,0.0,-0.0,4,5392,0.109,0.349,81.0,81.2,75.5,76.7,24.79,24.83,23.91,24.12
88.962,4011.8,183.3,100.0,0.0,-0.01,4,5398,0.094,0.356,81.0,81.2,75.5,76.7,24.79,24.83,23.91,24.12
88.977,4012.6,183.5,100.0,0.0,-0.01,4,5402,0.107,0.375,81.0,81.2,75.5,76.7,24.79,24.84,23.91,24.12
88.993,4013.4,183.7,100.0,0.0,-0.02,4,5408,0.139,0.353,81.0,81.2,75.5,76.7,24.79,24.84,23.92,24.12
89.009,4014.2,183.9,100.0,0.0,-0.02,4,5410,0.135,0.371,81.0,81.3,75.5,76.8,24.8,24.84,23.92,24.12
89.024,4015.0,184.1,100.0,0.0,-0.02,4,5419,0.162,0.359,81.0,81.3,75.5,76.8,24.8,24.84,23.92,24.12
89.04,4015.8,184.3,100.0,0.0,-0.03,4,5424,0.195,0.359,81.0,81.3,75.5,76.8,24.8,24.85,23.92,24.12
89.055,4016.6,184.5,100.0,0.0,-0.03,4,5430,0.227,0.363,81.0,81.3,75.5,76.8,24.8,24.85,23.92,24.12
89.071,4017.4,184.7,100.0,0.0,-0.03,4,5441,0.258,0.334,81.0,81.3,75.5,76.8,24.8,24.85,23.92,24.13
89.086,4018.1,184.9,100.0,0.0,-0.04,4,5450,0.3,0.349,81.0,81.3,75.5,76.8,24.8,24.85,23.92,24.13
89.101,4018.9,185.1,100.0,0.0,-0.04,4,5455,0.354,0.347,81.0,81.3,75.5,76.8,24.8,24.85,23.92,24.13
89.117,4019.8,185.2,100.0,0.0,-0.05,4,5459,0.393,0.355,81.0,81.4,75.5,76.8,24.8,24.86,23.92,24.13
89.134,4020.6,185.5,100.0,0.0,-0.05,4,5464,0.427,0.352,81.0,81.4,75.5,76.8,24.8,24.86,23.92,24.13
89.15,4021.4,185.7,100.0,0.0,-0.01,4,5467,0.458,0.362,81.0,81.4,75.5,76.8,24.8,24.86,23.92,24.13
89.166,4022.2,185.8,100.0,0.0,0.0,4,5470,0.311,0.359,81.0,81.4,75.5,76.8,24.8,24.86,23.92,24.13
89.181,4023.0,186.0,100.0,0.0,0.0,4,5480,0.297,0.339,81.0,81.4,75.5,76.8,24.8,24.87,23.92,24.14
89.197,4023.9,186.2,100.0,0.0,0.0,4,5487,0.325,0.353,81.0,81.4,75.5,76.9,24.8,24.87,23.92,24.14
89.213,4024.7,186.4,100.0,0.0,0.0,4,5492,0.331,0.348,81.0,81.4,75.5,76.9,24.8,24.87,23.92,24.14
89.229,4025.5,186.6,100.0,0.0,0.0,4,5495,0.323,0.352,81.0,81.5,75.5,76.9,24.8,24.87,23.92,24.14
89.245,4026.4,186.8,100.0,0.0,0.0,4,5500,0.315,0.354,81.0,81.5,75.5,76.9,24.8,24.88,23.92,24.14
89.261,4027.2,187.0,100.0,0.0,0.0,4,5504,0.3,0.36,81.0,81.5,75.5,76.9,24.8,24.88,23.92,24.14
89.277,4028.0,187.2,100.0,0.0,0.0,4,5508,0.281,0.347,81.0,81.5,75.5,76.9,24.8,24.88,23.92,24.14
89.293,4028.8,187.4,100.0,0.0,0.0,4,5519,0.263,0.336,81.0,81.5,75.5,76.9,24.8,24.88,23.92,24.14
89.308,4029.6,187.6,100.0,0.0,0.0,4,5533,0.232,0.326,81.0,81.5,75.5,76.9,24.8,24.88,23.92,24.15
89.324,4030.5,187.8,100.0,0.0,-0.0,4,5540,0.205,0.335,81.0,81.5,75.5,76.9,24.8,24.89,23.92,24.15
89.34,4031.3,188.0,100.0,0.0,-0.01,4,5543,0.208,0.345,81.0,81.6,75.5,76.9,24.8,24.89,23.92,24.15
89.356,4032.1,188.2,100.0,0.0,-0.01,4,5542,0.207,0.355,81.0,81.6,75.5,76.9,24.8,24.89,23.92,24.15
89.371,4032.9,188.4,100.0,0.0,-0.01,4,5545,0.203,0.341,81.0,81.6,75.5,76.9,24.8,24.89,23.92,24.15
89.386,4033.7,188.6,100.0,0.0,-0.02,4,5550,0.2,0.352,81.0,81.6,75.5,77.0,24.8,24.9,23.92,24.15
89.402,4034.5,188.7,100.0,0.0,-0.02,4,5561,0.205,0.322,81.0,81.6,75.5,77.0,24.8,24.9,23.92,24.15
89.417,4035.3,188.9,100.0,0.0,-0.02,4,5571,0.221,0.332,81.0,81.6,75.5,77.0,24.8,24.9,23.92,24.15
89.432,4036.1,189.1,100.0,0.0,-0.03,4,5575,0.251,0.354,81.0,81.6,75.5,77.0,24.8,24.9,23.92,24.16
89.447,4036.9,189.3,100.0,0.0,-0.03,4,5578,0.283,0.353,81.0,81.6,75.5,77.0,24.8,24.9,23.92,24.16
89.464,4037.8,189.5,100.0,0.0,-0.03,4,5584,0.315,0.34,81.0,81.7,75.5,77.0,24.8,24.91,23.92,24.16
89.48,4038.6,189.7,100.0,0.0,-0.04,4,5590,0.393,0.337,81.0,81.7,75.5,77.0,24.8,24.91,23.92,24.16
89.496,4039.5,189.8,100.0,0.0,-0.04,4,5595,0.427,0.335,81.0,81.7,75.5,77.0,24.8,24.91,23.92,24.16
89.511,4040.3,190.0,100.0,0.0,-0.05,4,5595,0.479,0.34,81.0,81.7,75.5,77.0,24.8,24.91,23.92,24.16
89.527,4041.1,190.2,100.0,0.0,-0.05,4,5595,0.532,0.329,81.0,81.7,75.5,77.0,24.8,24.92,23.92,24.16
89.544,4042.0,190.4,100.0,0.0,-0.05,4,5598,0.549,0.33,81.0,81.7,75.5,77.0,24.8,24.92,23.92,24.17
89.559,4042.8,190.6,100.0,0.0,-0.06,4,5606,0.61,0.326,81.0,81.7,75.5,77.0,24.8,24.92,23.93,24.17
89.574,4043.6,190.8,100.0,0.0,-0.06,4,5613,0.611,0.324,81.0,81.8,75.5,77.1,24.8,24.92,23.93,24.17
89.59,4044.5,191.0,100.0,0.0,-0.06,4,5618,0.656,0.332,81.0,81.8,75.5,77.1,24.8,24.92,23.93,24.17
89.605,4045.3,191.1,100.0,0.0,-0.07,4,5624,0.694,0.336,81.0,81.8,75.5,77.1,24.8,24.93,23.93,24.17
89.621,4046.1,191.3,100.0,0.0,-0.07,4,5632,0.756,0.309,81.0,81.8,75.5,77.1,24.8,24.93,23.93,24.17
89.636,4046.9,191.5,100.0,0.0,-0.07,4,5642,0.81,0.308,81.0,81.8,75.5,77.1,24.8,24.93,23.93,24.17
89.651,4047.7,191.6,100.0,0.0,-0.08,4,5651,0.843,0.317,81.0,81.8,75.5,77.1,24.8,24.93,23.93,24.18
89.666,4048.5,191.8,100.0,0.0,-0.08,4,5661,0.891,0.306,81.0,81.8,75.5,77.1,24.8,24.94,23.93,24.18
89.682,4049.3,191.9,100.0,0.0,-0.08,4,5662,0.985,0.318,81.0,81.9,75.5,77.1,24.8,24.94,23.93,24.18
89.697,4050.2,192.1,100.0,0.0,-0.09,4,5667,1.006,0.306,81.0,81.9,75.5,77.1,24.8,24.94,23.93,24.18
89.713,4051.0,192.3,100.0,0.0,-0.07,4,5672,1.005,0.319,81.0,81.9,75.5,77.1,24.8,24.94,23.93,24.18
89.728,4051.8,192.4,100.0,0.0,-0.02,4,5673,0.939,0.337,81.0,81.9,75.5,77.1,24.8,24.95,23.93,24.18
89.743,4052.6,192.6,100.0,0.0,0.0,4,5680,0.806,0.317,81.0,81.9,75.5,77.2,24.8,24.95,23.93,24.18
89.759,4053.5,192.8,100.0,0.0,0.0,4,5689,0.766,0.306,81.0,81.9,75.5,77.2,24.8,24.95,23.93,24.19
89.775,4054.3,192.9,100.0,0.0,0.0,4,5705,0.755,0.299,81.0,81.9,75.5,77.2,24.8,24.95,23.93,24.19
89.79,4055.2,193.1,100.0,0.0,0.0,4,5715,0.742,0.31,81.0,82.0,75.5,77.2,24.8,24.95,23.93,24.19
89.805,4056.0,193.2,100.0,0.0,0.0,4,5717,0.792,0.339,81.0,82.0,75.5,77.2,24.8,24.96,23.93,24.19
89.821,4056.8,193.4,100.0,0.0,0.0,4,5716,0.799,0.336,81.0,82.0,75.5,77.2,24.8,24.96,23.93,24.19
89.837,4057.7,193.6,100.0,0.0,0.0,4,5719,0.812,0.315,81.0,82.0,75.5,77.2,24.8,24.96,23.93,24.19
89.854,4058.6,193.8,100.0,0.0,0.0,4,5721,0.8,0.334,81.0,82.0,75.5,77.2,24.8,24.96,23.93,24.19
89.869,4059.4,194.0,100.0,0.0,0.0,4,5720,0.8,0.322,81.0,82.0,75.5,77.2,24.8,24.96,23.93,24.19
89.884,4060.2,194.1,100.0,0.0,0.0,4,5717,0.807,0.344,81.0,82.0,75.6,77.2,24.8,24.97,23.93,24.2
89.9,4061.0,194.3,100.0,0.0,0.0,4,5718,0.758,0.329,81.0,82.1,75.6,77.2,24.8,24.97,23.93,24.2
89.915,4061.9,194.5,100.0,0.0,0.0,4,5721,0.727,0.325,81.0,82.1,75.6,77.2,24.8,24.97,23.93,24.2
89.931,4062.7,194.6,100.0,0.0,0.0,4,5726,0.664,0.325,81.0,82.1,75.6,77.3,24.8,24.97,23.93,24.2
89.946,4063.6,194.8,100.0,0.0,0.0,4,5728,0.63,0.329,81.0,82.1,75.6,77.3,24.8,24.98,23.93,24.2
89.961,4064.4,195.0,100.0,0.0,0.0,4,5732,0.552,0.314,81.0,82.1,75.6,77.3,24.8,24.98,23.93,24.2
89.977,4065.2,195.1,100.0,0.0,0.0,4,5741,0.484,0.295,81.0,82.1,75.6,77.3,24.8,24.98,23.93,24.2
89.992,4066.0,195.3,100.0,0.0,-0.0,4,5740,0.437,0.332,81.0,82.1,75.6,77.3,24.8,24.98,23.93,24.21
90.007,4066.9,195.5,100.0,0.0,-0.01,4,5747,0.386,0.32,81.0,82.2,75.6,77.3,24.8,24.98,23.93,24.21
90.023,4067.7,195.7,100.0,0.0,-0.01,4,5748,0.361,0.33,81.0,82.2,75.6,77.3,24.8,24.99,23.93,24.21
90.039,4068.6,195.8,100.0,0.0,-0.01,4,5754,0.328,0.314,81.0,82.2,75.6,77.3,24.8,24.99,23.93,24.21
90.055,4069.4,196.0,100.0,0.0,-0.02,4,5767,0.32,0.313,81.0,82.2,75.6,77.3,24.8,24.99,23.93,24.21
90.071,4070.3,196.2,100.0,0.0,-0.02,4,5774,0.305,0.308,81.0,82.2,75.6,77.3,24.8,24.99,23.93,24.21
90.086,4071.1,196.4,100.0,0.0,-0.02,4,5784,0.308,0.293,81.0,82.2,75.6,77.3,24.8,24.99,23.93,24.21
90.101,4072.0,196.5,100.0,0.0,-0.03,4,5793,0.332,0.288,81.0,82.2,75.6,77.3,24.8,25.0,23.93,24.22
90.116,4072.8,196.7,100.0,0.0,-0.03,4,5796,0.375,0.311,81.0,82.2,75.6,77.4,24.8,25.0,23.93,24.22
90.132,4073.7,196.8,100.0,0.0,-0.03,4,5803,0.399,0.291,81.0,82.3,75.6,77.4,24.8,25.0,23.93,24.22
90.147,4074.5,197.0,100.0,0.0,-0.04,4,5800,0.417,0.324,81.0,82.3,75.6,77.4,24.8,25.0,23.93,24.22
90.163,4075.4,197.2,100.0,0.0,-0.04,4,5794,0.466,0.335,81.0,82.3,75.6,77.4,24.8,25.01,23.93,24.22
90.179,4076.2,197.4,100.0,0.0,-0.04,4,5793,0.472,0.321,81.0,82.3,75.6,77.4,24.8,25.01,23.93,24.22
90.195,4077.1,197.5,100.0,0.0,-0.05,4,5801,0.469,0.305,81.0,82.3,75.6,77.4,24.8,25.01,23.93,24.22
90.21,4078.0,197.7,100.0,0.0,-0.05,4,5810,0.496,0.316,81.0,82.3,75.6,77.4,24.8,25.01,23.93,24.22
90.226,4078.8,197.9,100.0,0.0,-0.05,4,5818,0.515,0.291,81.0,82.3,75.6,77.4,24.8,25.01,23.93,24.23
90.241,4079.7,198.0,100.0,0.0,-0.04,4,5828,0.619,0.282,81.0,82.3,75.6,77.4,24.8,25.02,23.93,24.23
90.257,4080.5,198.2,100.0,0.0,0.0,4,5837,0.504,0.277,81.0,82.4,75.6,77.4,24.8,25.02,23.93,24.23
90.272,4081.4,198.3,100.0,0.0,0.0,4,5845,0.389,0.286,81.0,82.4,75.6,77.4,24.8,25.02,23.93,24.23
90.288,4082.3,198.5,100.0,0.0,0.0,4,5848,0.428,0.301,81.0,82.4,75.6,77.4,24.8,25.02,23.94,24.23
90.304,4083.1,198.7,100.0,0.0,0.0,4,5845,0.492,0.322,81.0,82.4,75.6,77.5,24.8,25.03,23.94,24.23
90.32,4084.0,198.9,100.0,0.0,0.0,4,5842,0.519,0.322,81.0,82.4,75.6,77.5,24.8,25.03,23.94,24.23
90.336,4084.9,199.0,100.0,0.0,0.0,4,5843,0.503,0.312,81.0,82.4,75.6,77.5,24.8,25.03,23.94,24.24
90.351,4085.7,199.2,100.0,0.0,0.0,4,5849,0.467,0.292,81.0,82.4,75.6,77.5,24.8,25.03,23.94,24.24
90.367,4086.6,199.3,100.0,0.0,0.0,4,5853,0.426,0.316,81.0,82.5,75.6,77.5,24.8,25.03,23.94,24.24
90.382,4087.5,199.5,100.0,0.0,0.0,4,5861,0.369,0.295,81.0,82.5,75.6,77.5,24.8,25.04,23.94,24.24
90.398,4088.3,199.7,100.0,0.0,0.0,4,5870,0.328,0.294,81.0,82.5,75.6,77.5,24.8,25.04,23.94,24.24
90.413,4089.2,199.8,100.0,0.0,0.0,4,5878,0.276,0.3,81.0,82.5,75.6,77.5,24.8,25.04,23.94,24.24
90.429,4090.1,200.0,100.0,0.0,0.0,4,5884,0.234,0.307,81.0,82.5,75.6,77.5,24.8,25.04,23.94,24.24
90.444,4090.9,200.2,100.0,0.0,0.0,4,5889,0.213,0.311,81.0,82.5,75.6,77.5,24.8,25.04,23.94,24.25
90.46,4091.7,200.3,100.0,0.0,0.0,4,5893,0.193,0.296,81.0,82.5,75.6,77.5,24.8,25.04,23.94,24.25
90.475,4092.6,200.5,100.0,0.0,0.0,4,5907,0.166,0.267,81.0,82.5,75.6,77.5,24.8,25.05,23.94,24.25
90.491,4093.5,200.6,100.0,0.0,0.0,4,5912,0.169,0.3,81.0,82.6,75.6,77.6,24.8,25.05,23.94,24.25
90.506,4094.3,200.8,100.0,0.0,0.0,4,5915,0.15,0.307,81.0,82.6,75.6,77.6,24.8,25.05,23.94,24.25
90.522,4095.2,201.0,100.0,0.0,0.0,4,5916,0.134,0.292,81.0,82.6,75.6,77.6,24.8,25.05,23.94,24.25
90.537,4096.1,201.1,100.0,0.0,0.0,4,5916,0.126,0.302,81.0,82.6,75.6,77.6,24.8,25.05,23.94,24.25
90.552,4096.9,201.3,100.0,0.0,0.0,4,5915,0.103,0.299,81.0,82.6,75.6,77.6,24.8,25.06,23.94,24.25
90.567,4097.8,201.4,100.0,0.0,0.0,4,5916,0.1,0.292,81.0,82.6,75.6,77.6,24.8,25.06,23.94,24.25
90.583,4098.6,201.6,100.0,0.0,0.0,4,5919,0.064,0.308,81.0,82.6,75.6,77.6,24.8,25.06,23.94,24.26
90.598,4099.5,201.8,100.0,0.0,0.0,4,5923,0.05,0.295,81.0,82.6,75.6,77.6,24.8,25.06,23.94,24.26
90.613,4100.3,201.9,100.0,0.0,0.0,4,5928,0.053,0.277,81.0,82.6,75.6,77.6,24.8,25.06,23.94,24.26
90.629,4101.2,202.1,100.0,0.0,0.0,4,5936,0.042,0.278,81.0,82.7,75.6,77.6,24.8,25.07,23.94,24.26
90.644,4102.1,202.3,100.0,0.0,0.0,4,5940,0.047,0.296,81.0,82.7,75.6,77.6,24.8,25.07,23.94,24.26
90.659,4102.9,202.4,100.0,0.0,0.0,4,5943,0.04,0.304,81.0,82.7,75.6,77.6,24.8,25.07,23.94,24.26
90.675,4103.8,202.6,100.0,0.0,0.0,4,5947,0.036,0.304,81.0,82.7,75.6,77.6,24.8,25.07,23.94,24.26
90.691,4104.7,202.8,100.0,0.0,0.0,4,5955,0.018,0.28,81.0,82.7,75.6,77.7,24.8,25.07,23.94,24.26
90.706,4105.6,202.9,100.0,0.0,0.0,4,5962,0.0,0.278,81.0,82.7,75.6,77.7,24.8,25.07,23.94,24.27
90.722,4106.5,203.1,100.0,0.0,0.0,4,5972,0.013,0.278,81.0,82.7,75.7,77.7,24.8,25.08,23.94,24.27
90.737,4107.3,203.2,100.0,0.0,0.0,4,5975,0.008,0.282,81.0,82.7,75.7,77.7,24.8,25.08,23.94,24.27
90.752,4108.2,203.4,100.0,0.0,0.0,4,5980,-0.014,0.284,81.0,82.7,75.7,77.7,24.8,25.08,23.94,24.27
90.767,4109.0,203.5,100.0,0.0,0.0,4,5992,-0.001,0.245,81.0,82.8,75.7,77.7,24.8,25.08,23.94,24.27
90.782,4109.8,203.6,100.0,0.0,0.0,4,5992,0.013,0.313,81.0,82.8,75.7,77.7,24.8,25.08,23.95,24.27
90.798,4110.8,203.8,100.0,0.0,0.0,4,5992,0.001,0.284,81.0,82.8,75.7,77.7,24.8,25.09,23.95,24.27
90.814,4111.7,204.0,100.0,0.0,0.0,4,5994,0.019,0.279,81.0,82.8,75.7,77.7,24.8,25.09,23.95,24.27
90.83,4112.6,204.1,100.0,0.0,0.0,4,5990,0.024,0.314,81.0,82.8,75.7,77.7,24.8,25.09,23.95,24.28
90.845,4113.4,204.3,100.0,0.0,0.0,4,5990,0.032,0.285,81.0,82.8,75.7,77.7,24.8,25.09,23.95,24.28
90.86,4114.3,204.4,100.0,0.0,0.0,4,5999,0.028,0.261,81.0,82.8,75.7,77.7,24.8,25.09,23.95,24.28
90.876,4115.2,204.6,100.0,0.0,0.0,4,6002,0.04,0.28,81.0,82.8,75.7,77.7,24.8,25.1,23.95,24.28
90.892,4116.1,204.7,100.0,0.0,0.0,4,6003,0.025,0.285,81.0,82.9,75.7,77.8,24.8,25.1,23.95,24.28
90.907,4116.9,204.9,100.0,0.0,0.0,4,6010,0.015,0.267,81.0,82.9,75.7,77.8,24.81,25.1,23.95,24.28
90.922,4117.8,205.1,100.0,0.0,0.0,4,6017,-0.005,0.269,81.0,82.9,75.7,77.8,24.81,25.1,23.95,24.28
90.938,4118.7,205.2,100.0,0.0,0.0,4,6026,0.017,0.271,81.0,82.9,75.7,77.8,24.81,25.1,23.95,24.28
90.953,4119.6,205.3,100.0,0.0,0.0,4,6035,-0.015,0.258,81.0,82.9,75.7,77.8,24.81,25.1,23.95,24.29
90.969,4120.5,205.5,100.0,0.0,0.0,4,6037,-0.004,0.276,81.0,82.9,75.7,77.8,24.81,25.11,23.95,24.29
90.985,4121.4,205.7,100.0,0.0,0.0,4,6038,-0.006,0.269,81.0,82.9,75.7,77.8,24.81,25.11,23.95,24.29
91.001,4122.3,205.8,100.0,0.0,0.0,4,6044,-0.002,0.269,81.0,82.9,75.7,77.8,24.81,25.11,23.95,24.29
91.016,4123.2,205.9,100.0,0.0,0.0,4,6052,0.005,0.251,81.0,83.0,75.7,77.8,24.81,25.11,23.95,24.29
91.032,4124.1,206.1,100.0,0.0,0.0,4,6056,0.008,0.274,81.0,83.0,75.7,77.8,24.81,25.11,23.95,24.29
91.047,4124.9,206.2,100.0,0.0,0.0,4,6054,0.026,0.274,81.0,83.0,75.7,77.8,24.81,25.12,23.95,24.29
91.063,4125.9,206.4,100.0,0.0,0.0,4,6057,0.018,0.263,81.0,83.0,75.7,77.8,24.81,25.12,23.95,24.29
91.079,4126.8,206.5,100.0,0.0,0.0,4,6062,0.008,0.273,81.0,83.0,75.7,77.8,24.81,25.12,23.95,24.3
91.094,4127.6,206.7,100.0,0.0,0.0,4,6068,0.005,0.275,81.0,83.0,75.7,77.9,24.81,25.12,23.95,24.3
91.11,4128.6,206.8,100.0,0.0,0.0,4,6070,-0.003,0.264,81.0,83.0,75.7,77.9,24.81,25.12,23.95,24.3
91.125,4129.4,207.0,100.0,0.0,0.0,4,6077,-0.008,0.264,81.0,83.0,75.7,77.9,24.81,25.12,23.95,24.3
91.141,4130.3,207.1,100.0,0.0,0.0,4,6085,-0.002,0.259,81.0,83.0,75.7,77.9,24.81,25.13,23.95,24.3
91.156,4131.2,207.2,100.0,0.0,0.0,4,6092,0.016,0.255,81.0,83.0,75.7,77.9,24.81,25.13,23.95,24.3
91.171,4132.1,207.4,100.0,0.0,0.0,4,6094,0.008,0.261,81.0,83.1,75.7,77.9,24.81,25.13,23.96,24.3
91.186,4133.0,207.6,100.0,0.0,0.0,4,6099,0.006,0.252,81.0,83.1,75.7,77.9,24.81,25.13,23.96,24.3
91.202,4133.9,207.7,100.0,0.0,0.0,4,6098,0.01,0.282,81.0,83.1,75.7,77.9,24.81,25.13,23.96,24.3
91.217,4134.7,207.8,100.0,0.0,0.0,4,6099,-0.002,0.268,81.0,83.1,75.7,77.9,24.81,25.13,23.96,24.31
91.232,4135.6,208.0,100.0,0.0,0.0,4,6106,0.02,0.276,81.0,83.1,75.7,77.9,24.81,25.14,23.96,24.31
91.248,4136.5,208.1,100.0,0.0,0.0,4,6109,-0.0,0.26,81.0,83.1,75.7,77.9,24.81,25.14,23.96,24.31
91.264,4137.4,208.3,100.0,0.0,0.0,4,6116,-0.002,0.272,81.0,83.1,75.7,77.9,24.81,25.14,23.96,24.31
91.28,4138.3,208.4,100.0,0.0,0.0,4,6124,0.008,0.251,81.0,83.1,75.7,77.9,24.81,25.14,23.96,24.31
91.295,4139.3,208.5,100.0,0.0,0.0,4,6128,0.001,0.26,81.0,83.1,75.7,77.9,24.81,25.14,23.96,24.31
91.311,4140.2,208.7,100.0,0.0,0.0,4,6131,-0.003,0.26,81.0,83.2,75.7,78.0,24.81,25.14,23.96,24.31
91.326,4141.1,208.8,100.0,0.0,0.0,4,6136,0.013,0.256,81.0,83.2,75.7,78.0,24.81,25.15,23.96,24.31
91.342,4142.0,209.0,100.0,0.0,0.0,4,6139,-0.019,0.257,81.0,83.2,75.7,78.0,24.81,25.15,23.96,24.31
91.358,4142.9,209.1,100.0,0.0,0.0,4,6141,-0.018,0.285,81.1,83.2,75.7,78.0,24.81,25.15,23.96,24.32
91.373,4143.8,209.3,100.0,0.0,0.0,4,6140,0.014,0.269,81.1,83.2,75.7,78.0,24.81,25.15,23.96,24.32
91.389,4144.7,209.4,100.0,0.0,0.0,4,6140,0.007,0.251,81.1,83.2,75.8,78.0,24.81,25.15,23.96,24.32
91.404,4145.6,209.5,100.0,0.0,0.0,4,6147,-0.018,0.238,81.1,83.2,75.8,78.0,24.81,25.16,23.96,24.32
91.42,4146.5,209.7,100.0,0.0,-0.0,4,6151,0.004,0.258,81.1,83.2,75.8,78.0,24.81,25.16,23.96,24.32
91.435,4147.4,209.8,100.0,0.0,-0.0,4,6155,0.022,0.249,81.1,83.2,75.8,78.0,24.81,25.16,23.96,24.32
91.45,4148.3,210.0,100.0,0.0,-0.01,4,6167,0.035,0.226,81.1,83.3,75.8,78.0,24.81,25.16,23.96,24.32
91.466,4149.2,210.1,100.0,0.0,-0.01,4,6176,0.023,0.234,81.1,83.3,75.8,78.0,24.81,25.16,23.96,24.32
91.482,4150.1,210.2,100.0,0.0,-0.01,4,6178,0.045,0.25,81.1,83.3,75.8,78.0,24.81,25.16,23.96,24.33
91.498,4151.0,210.4,100.0,0.0,-0.01,4,6177,0.069,0.264,81.1,83.3,75.8,78.0,24.81,25.17,23.96,24.33
91.514,4152.0,210.5,100.0,0.0,-0.02,4,6180,0.087,0.252,81.1,83.3,75.8,78.0,24.81,25.17,23.96,24.33
91.529,4152.8,210.6,100.0,0.0,-0.02,4,6190,0.121,0.243,81.1,83.3,75.8,78.1,24.81,25.17,23.96,24.33
91.544,4153.8,210.8,100.0,0.0,-0.02,4,6193,0.14,0.242,81.0,83.3,75.8,78.1,24.81,25.17,23.96,24.33
91.56,4154.7,210.9,100.0,0.0,-0.03,4,6198,0.182,0.237,81.0,83.3,75.8,78.1,24.81,25.17,23.96,24.33
91.576,4155.6,211.0,100.0,0.0,-0.03,4,6199,0.249,0.252,81.0,83.3,75.8,78.1,24.81,25.17,23.96,24.33
91.591,4156.5,211.2,100.0,0.0,-0.03,4,6206,0.299,0.229,81.0,83.3,75.8,78.1,24.81,25.18,23.96,24.33
91.606,4157.4,211.3,100.0,0.0,-0.0,4,6207,0.339,0.247,81.1,83.4,75.8,78.1,24.81,25.18,23.96,24.33
91.622,4158.3,211.5,100.0,0.0,0.0,4,6205,0.227,0.283,81.1,83.4,75.8,78.1,24.81,25.18,23.96,24.34
91.637,4159.2,211.6,100.0,0.0,0.0,4,6203,0.219,0.242,81.1,83.4,75.8,78.1,24.81,25.18,23.96,24.34
91.652,4160.1,211.7,100.0,0.0,0.0,4,6210,0.252,0.232,81.1,83.4,75.8,78.1,24.81,25.18,23.97,24.34
91.667,4161.0,211.8,100.0,0.0,0.0,4,6215,0.262,0.259,81.1,83.4,75.8,78.1,24.81,25.18,23.97,24.34
91.683,4161.9,212.0,100.0,0.0,0.0,4,6216,0.273,0.27,81.0,83.4,75.8,78.1,24.81,25.19,23.97,24.34
91.699,4162.9,212.1,100.0,0.0,0.0,4,6219,0.281,0.243,81.0,83.4,75.8,78.1,24.81,25.19,23.97,24.34
91.715,4163.8,212.3,100.0,0.0,0.0,4,6224,0.224,0.218,81.0,83.4,75.8,78.1,24.81,25.19,23.97,24.34
91.73,4164.7,212.4,100.0,0.0,0.0,4,6231,0.213,0.223,81.0,83.4,75.8,78.2,24.81,25.19,23.97,24.34
91.746,4165.6,212.5,100.0,0.0,0.0,4,6231,0.204,0.258,81.0,83.5,75.8,78.2,24.81,25.19,23.97,24.35
91.762,4166.5,212.6,100.0,0.0,0.0,4,6237,0.182,0.243,81.0,83.5,75.8,78.2,24.81,25.19,23.97,24.35
91.777,4167.4,212.8,100.0,0.0,0.0,4,6244,0.166,0.24,81.0,83.5,75.8,78.2,24.81,25.2,23.97,24.35
91.792,4168.4,212.9,100.0,0.0,-0.0,4,6261,0.138,0.215,81.0,83.5,75.8,78.2,24.81,25.2,23.97,24.35
91.807,4169.2,213.0,100.0,0.0,-0.0,4,6262,0.127,0.242,81.0,83.5,75.8,78.2,24.81,25.2,23.97,24.35
91.823,4170.2,213.2,100.0,0.0,-0.01,4,6265,0.123,0.228,81.0,83.5,75.8,78.2,24.81,25.2,23.97,24.35
91.839,4171.1,213.3,100.0,0.0,-0.01,4,6271,0.123,0.221,81.0,83.5,75.8,78.2,24.81,25.2,23.97,24.35
91.855,4172.0,213.4,100.0,0.0,-0.01,4,6272,0.121,0.242,81.0,83.5,75.8,78.2,24.81,25.2,23.97,24.35
91.871,4173.0,213.6,100.0,0.0,-0.01,4,6276,0.127,0.239,81.0,83.5,75.8,78.2,24.81,25.2,23.97,24.35
91.886,4173.9,213.7,100.0,0.0,-0.02,4,6279,0.173,0.247,81.0,83.5,75.8,78.2,24.81,25.21,23.97,24.36
91.901,4174.8,213.8,100.0,0.0,-0.02,4,6277,0.151,0.245,81.0,83.5,75.8,78.2,24.81,25.21,23.97,24.36
91.918,4175.8,213.9,100.0,0.0,-0.02,4,6277,0.207,0.241,81.0,83.6,75.8,78.2,24.81,25.21,23.97,24.36
91.933,4176.7,214.1,100.0,0.0,-0.02,4,6279,0.253,0.215,81.0,83.6,75.8,78.2,24.81,25.21,23.97,24.36
91.949,4177.6,214.2,100.0,0.0,0.0,4,6283,0.156,0.231,81.0,83.6,75.8,78.3,24.81,25.21,23.97,24.36
91.964,4178.6,214.3,100.0,0.0,0.0,4,6285,0.147,0.218,81.0,83.6,75.8,78.3,24.81,25.21,23.97,24.36
91.98,4179.5,214.5,100.0,0.0,0.0,4,6287,0.176,0.229,81.0,83.6,75.8,78.3,24.81,25.22,23.97,24.36
91.995,4180.4,214.6,100.0,0.0,0.0,4,6289,0.17,0.228,81.0,83.6,75.8,78.3,24.81,25.22,23.97,24.36
92.011,4181.3,214.7,100.0,0.0,0.0,4,6294,0.164,0.231,81.0,83.6,75.8,78.3,24.81,25.22,23.97,24.37
92.026,4182.2,214.9,100.0,0.0,0.0,4,6297,0.154,0.235,81.0,83.6,75.8,78.3,24.81,25.22,23.97,24.37
92.042,4183.2,215.0,100.0,0.0,0.0,4,6302,0.141,0.214,81.0,83.6,75.8,78.3,24.81,25.22,23.97,24.37
92.058,4184.1,215.1,100.0,0.0,0.0,4,6306,0.13,0.216,81.0,83.7,75.8,78.3,24.81,25.22,23.97,24.37
92.073,4185.1,215.2,100.0,0.0,0.0,4,6313,0.121,0.208,81.0,83.7,75.8,78.3,24.81,25.23,23.97,24.37
92.089,4186.0,215.4,100.0,0.0,0.0,4,6318,0.121,0.205,81.0,83.7,75.8,78.3,24.81,25.23,23.97,24.37
92.105,4186.9,215.5,100.0,0.0,-0.0,4,6320,0.121,0.225,81.0,83.7,75.8,78.3,24.81,25.23,23.97,24.37
92.12,4187.9,215.6,100.0,0.0,-0.0,4,6319,0.122,0.226,81.0,83.7,75.8,78.3,24.81,25.23,23.97,24.37
92.135,4188.8,215.7,100.0,0.0,-0.01,4,6325,0.141,0.233,81.0,83.7,75.8,78.3,24.81,25.23,23.97,24.38
92.151,4189.7,215.8,100.0,0.0,-0.01,4,6328,0.119,0.236,81.0,83.7,75.8,78.4,24.81,25.23,23.97,24.38
92.167,4190.7,215.9,100.0,0.0,-0.01,4,6333,0.134,0.21,81.0,83.7,75.8,78.4,24.81,25.24,23.98,24.38
92.182,4191.6,216.1,100.0,0.0,-0.02,4,6336,0.133,0.234,81.0,83.7,75.8,78.4,24.81,25.24,23.98,24.38
92.199,4192.6,216.2,100.0,0.0,-0.02,4,6342,0.152,0.232,81.0,83.7,75.8,78.4,24.81,25.24,23.98,24.38
92.214,4193.5,216.3,100.0,0.0,-0.02,4,6346,0.194,0.197,81.0,83.8,75.9,78.4,24.81,25.24,23.98,24.38
92.229,4194.4,216.4,100.0,0.0,-0.02,4,6354,0.22,0.196,81.0,83.8,75.9,78.4,24.81,25.24,23.98,24.38
92.245,4195.4,216.6,100.0,0.0,0.0,4,6351,0.134,0.239,81.0,83.8,75.9,78.4,24.81,25.24,23.98,24.38
92.261,4196.3,216.7,100.0,0.0,0.0,4,6351,0.127,0.215,81.0,83.8,75.9,78.4,24.81,25.25,23.98,24.38
92.276,4197.2,216.8,100.0,0.0,0.0,4,6353,0.13,0.202,81.0,83.8,75.9,78.4,24.81,25.25,23.98,24.39
92.291,4198.2,216.9,100.0,0.0,0.0,4,6363,0.156,0.216,81.0,83.8,75.9,78.4,24.81,25.25,23.98,24.39
92.307,4199.1,217.0,100.0,0.0,0.0,4,6364,0.146,0.232,81.0,83.8,75.9,78.4,24.81,25.25,23.98,24.39
92.322,4200.0,217.2,100.0,0.0,0.0,4,6362,0.151,0.245,81.0,83.8,75.9,78.4,24.81,25.25,23.98,24.39
92.338,4201.0,217.3,100.0,0.0,0.0,4,6368,0.147,0.214,81.0,83.8,75.9,78.4,24.81,25.25,23.98,24.39
92.354,4201.9,217.4,100.0,0.0,0.0,4,6377,0.113,0.208,81.0,83.8,75.9,78.4,24.81,25.25,23.98,24.39
92.369,4202.9,217.5,100.0,0.0,0.0,4,6378,0.106,0.208,81.0,83.9,75.9,78.5,24.81,25.26,23.98,24.39
92.385,4203.8,217.6,100.0,0.0,0.0,4,6381,0.111,0.225,81.0,83.9,75.9,78.5,24.81,25.26,23.98,24.39
92.4,4204.7,217.7,100.0,0.0,0.0,4,6388,0.083,0.201,81.0,83.9,75.9,78.5,24.81,25.26,23.98,24.39
92.415,4205.6,217.8,100.0,0.0,0.0,4,6395,0.066,0.193,81.0,83.9,75.9,78.5,24.81,25.26,23.98,24.4
92.431,4206.6,218.0,100.0,0.0,0.0,4,6396,0.054,0.217,81.0,83.9,75.9,78.5,24.81,25.26,23.98,24.4
92.446,4207.5,218.1,100.0,0.0,0.0,4,6398,0.047,0.206,81.0,83.9,75.9,78.5,24.81,25.26,23.98,24.4
92.461,4208.4,218.2,0.0,0.0,0.0,0,6371,0.03,0.196,81.0,83.9,75.9,78.5,24.81,25.26,23.98,24.4
92.477,4209.4,218.1,0.0,0.0,0.0,0,6298,0.043,-0.187,81.0,83.9,75.9,78.5,24.81,25.27,23.98,24.4
92.493,4210.3,218.0,0.0,0.0,0.0,0,6228,0.032,-0.171,81.0,83.9,75.9,78.5,24.81,25.27,23.98,24.4
92.508,4211.2,218.0,0.0,0.0,0.0,0,6158,0.021,-0.179,81.0,83.9,75.9,78.5,24.81,25.27,23.98,24.4
92.523,4212.2,217.9,0.0,0.0,0.0,0,6089,0.041,-0.171,81.0,83.9,75.9,78.5,24.81,25.27,23.98,24.4
92.539,4213.2,217.8,0.0,0.0,0.0,0,6008,0.033,-0.179,81.0,84.0,75.9,78.5,24.81,25.27,23.98,24.4
92.555,4214.1,217.7,0.0,0.0,0.0,0,5942,-0.0,-0.16,81.0,84.0,75.9,78.5,24.81,25.27,23.98,24.41
92.57,4215.0,217.7,0.0,0.0,0.0,5,5278,0.009,0.506,81.0,84.0,75.9,78.5,24.81,25.28,23.98,24.41
92.586,4216.0,217.7,0.0,0.0,0.0,5,5226,-0.0,-0.218,81.0,84.0,75.9,78.5,24.81,25.28,23.98,24.41
92.601,4216.9,217.6,0.0,0.0,0.0,5,5229,-0.006,-0.213,81.0,84.0,75.9,78.5,24.81,25.28,23.98,24.41
92.616,4217.8,217.5,0.0,0.0,0.0,5,5226,-0.005,-0.212,81.0,84.0,75.9,78.6,24.81,25.28,23.98,24.41
92.632,4218.7,217.4,0.0,0.0,0.0,5,5222,-0.007,-0.201,81.0,84.0,75.9,78.6,24.81,25.28,23.98,24.41
92.648,4219.7,217.3,0.0,0.0,0.0,5,5219,-0.021,-0.198,81.0,84.0,75.9,78.6,24.81,25.28,23.98,24.41
92.664,4220.7,217.1,0.0,0.0,0.0,5,5216,-0.01,-0.209,81.0,84.0,75.9,78.6,24.81,25.28,23.98,24.41
92.679,4221.6,217.0,0.0,0.0,0.0,5,5214,0.0,-0.206,81.0,84.0,75.9,78.6,24.81,25.28,23.98,24.41
92.695,4222.6,216.9,0.0,0.0,0.0,5,5212,-0.003,-0.199,81.0,84.0,75.9,78.6,24.81,25.29,23.98,24.41
92.711,4223.5,216.8,0.0,0.0,0.0,5,5209,0.01,-0.214,81.0,84.1,75.9,78.6,24.81,25.29,23.98,24.41
92.726,4224.4,216.7,0.0,0.0,0.0,5,5208,-0.013,-0.229,81.0,84.1,75.9,78.6,24.81,25.29,23.98,24.42
92.741,4225.3,216.6,100.0,0.0,0.0,5,5285,0.02,0.12,81.0,84.1,75.9,78.6,24.81,25.29,23.98,24.42
92.757,4226.3,216.8,100.0,0.0,0.0,5,5281,-0.008,0.224,81.0,84.1,75.9,78.6,24.81,25.29,23.98,24.42
92.772,4227.2,216.9,100.0,0.0,0.0,5,5284,0.009,0.226,81.0,84.1,75.9,78.6,24.81,25.29,23.99,24.42
92.789,4228.2,217.0,100.0,0.0,0.0,5,5286,0.006,0.206,81.0,84.1,75.9,78.6,24.81,25.3,23.99,24.42
92.805,4229.2,217.1,100.0,0.0,0.0,5,5285,0.003,0.211,81.0,84.1,75.9,78.6,24.81,25.3,23.99,24.42
92.82,4230.1,217.2,100.0,0.0,0.0,5,5289,-0.019,0.195,81.0,84.1,75.9,78.6,24.81,25.3,23.99,24.42
92.835,4231.0,217.3,100.0,0.0,0.0,5,5294,0.015,0.226,81.0,84.1,75.9,78.6,24.81,25.3,23.99,24.42
92.851,4232.0,217.5,100.0,0.0,0.0,5,5299,-0.004,0.2,81.0,84.1,75.9,78.6,24.81,25.3,23.99,24.42
92.867,4232.9,217.6,100.0,0.0,0.0,5,5298,-0.025,0.2,81.0,84.1,75.9,78.7,24.81,25.3,23.99,24.42
92.882,4233.9,217.7,100.0,0.0,0.0,5,5302,-0.01,0.206,81.0,84.1,75.9,78.7,24.81,25.3,23.99,24.43
92.898,4234.8,217.8,100.0,0.0,0.0,5,5307,0.008,0.23,81.0,84.2,75.9,78.7,24.8,25.3,23.99,24.43
92.913,4235.7,217.9,100.0,0.0,0.0,5,5312,-0.012,0.196,81.0,84.2,75.9,78.7,24.8,25.31,23.99,24.43
92.929,4236.7,218.0,100.0,0.0,0.0,5,5316,0.005,0.211,81.0,84.2,75.9,78.7,24.8,25.31,23.99,24.43
92.945,4237.6,218.1,100.0,0.0,0.0,5,5317,0.016,0.2,81.0,84.2,75.9,78.7,24.8,25.31,23.99,24.43
92.96,4238.5,218.3,100.0,0.0,0.0,5,5314,0.018,0.229,81.0,84.2,75.9,78.7,24.8,25.31,23.99,24.43
92.975,4239.5,218.4,100.0,0.0,0.0,5,5320,-0.005,0.195,81.0,84.2,75.9,78.7,24.8,25.31,23.99,24.43
92.991,4240.4,218.5,100.0,0.0,0.0,5,5321,0.004,0.207,81.0,84.2,75.9,78.7,24.8,25.31,23.99,24.43
93.006,4241.3,218.6,100.0,0.0,0.0,5,5323,-0.026,0.2,81.0,84.2,75.9,78.7,24.8,25.31,23.99,24.43
93.021,4242.3,218.7,100.0,0.0,0.0,5,5328,-0.027,0.192,81.0,84.2,75.9,78.7,24.8,25.31,23.99,24.43
93.037,4243.2,218.8,100.0,0.0,0.01,5,5329,-0.045,0.203,81.0,84.2,75.9,78.7,24.8,25.32,23.99,24.44
93.053,4244.2,218.9,100.0,0.0,0.01,5,5329,-0.077,0.191,81.0,84.2,75.9,78.7,24.8,25.32,23.99,24.44
93.068,4245.1,219.0,100.0,0.0,0.01,5,5330,-0.082,0.196,81.0,84.2,75.9,78.7,24.8,25.32,23.99,24.44
93.084,4246.1,219.1,100.0,0.0,0.01,5,5332,-0.1,0.193,81.0,84.3,75.9,78.7,24.8,25.32,23.99,24.44
93.099,4247.0,219.2,100.0,0.0,0.02,5,5336,-0.106,0.213,81.0,84.3,76.0,78.7,24.8,25.32,23.99,24.44
93.115,4248.0,219.4,100.0,0.0,0.02,5,5342,-0.141,0.165,81.0,84.3,76.0,78.8,24.8,25.32,23.99,24.44
93.13,4248.9,219.5,100.0,0.0,0.02,5,5346,-0.194,0.176,81.0,84.3,76.0,78.8,24.8,25.32,23.99,24.44
93.146,4249.8,219.6,100.0,0.0,0.03,5,5349,-0.238,0.205,81.0,84.3,76.0,78.8,24.8,25.33,23.99,24.44
93.161,4250.8,219.7,100.0,0.0,0.01,5,5357,-0.27,0.192,81.0,84.3,76.0,78.8,24.8,25.33,23.99,24.44
93.177,4251.8,219.8,100.0,0.0,0.0,5,5356,-0.162,0.21,81.0,84.3,76.0,78.8,24.8,25.33,23.99,24.44
93.192,4252.7,219.9,100.0,0.0,0.0,5,5355,-0.157,0.208,81.0,84.3,76.0,78.8,24.8,25.33,23.99,24.44
93.208,4253.7,220.0,100.0,0.0,0.0,5,5366,-0.181,0.188,81.0,84.3,76.0,78.8,24.8,25.33,23.99,24.45
93.224,4254.7,220.1,100.0,0.0,0.0,5,5367,-0.155,0.209,81.0,84.3,76.0,78.8,24.8,25.33,23.99,24.45
93.24,4255.6,220.2,100.0,0.0,0.0,5,5366,-0.17,0.215,81.0,84.3,76.0,78.8,24.8,25.33,24.0,24.45
93.256,4256.6,220.3,100.0,0.0,0.0,5,5371,-0.187,0.163,81.0,84.3,76.0,78.8,24.8,25.33,24.0,24.45
93.271,4257.5,220.4,100.0,0.0,0.0,5,5376,-0.151,0.21,81.0,84.3,76.0,78.8,24.8,25.33,24.0,24.45
93.287,4258.5,220.5,0.0,0.0,0.0,5,5293,-0.185,-0.14,81.0,84.3,76.0,78.8,24.8,25.34,24.0,24.45
93.302,4259.4,220.4,0.0,0.0,0.0,5,5293,-0.173,-0.221,81.0,84.4,76.0,78.8,24.8,25.34,24.0,24.45
93.318,4260.4,220.2,0.0,0.0,0.0,5,5289,-0.171,-0.207,81.0,84.4,76.0,78.8,24.8,25.34,24.0,24.45
93.334,4261.3,220.1,0.0,0.0,0.0,5,5286,-0.144,-0.247,81.0,84.4,76.0,78.8,24.8,25.34,24.0,24.45
93.349,4262.3,220.0,0.0,0.0,0.0,5,5283,-0.119,-0.223,81.0,84.4,76.0,78.8,24.8,25.34,24.0,24.45
93.365,4263.3,219.9,0.0,0.0,0.0,5,5281,-0.121,-0.235,81.0,84.4,76.0,78.8,24.8,25.34,24.0,24.45
93.38,4264.2,219.8,0.0,0.0,0.0,5,5279,-0.088,-0.221,81.0,84.4,76.0,78.8,24.8,25.34,24.0,24.46
93.397,4265.2,219.6,0.0,0.0,0.0,5,5276,-0.091,-0.223,81.0,84.4,76.0,78.8,24.8,25.34,24.0,24.46
93.413,4266.2,219.5,0.0,0.0,0.0,5,5273,-0.043,-0.212,81.0,84.4,76.0,78.9,24.8,25.34,24.0,24.46
93.429,4267.1,219.1,0.0,92.9,0.0,5,5174,-0.047,-1.503,81.0,84.4,76.0,78.9,24.8,25.35,24.0,24.46
93.445,4268.1,218.0,0.0,100.0,0.0,5,5137,-0.034,-1.808,81.0,84.4,76.0,78.9,24.8,25.35,24.0,24.46
93.46,4269.1,217.0,0.0,100.0,0.0,5,5106,-0.028,-1.906,81.0,84.4,76.0,78.9,24.8,25.35,24.0,24.46
93.476,4270.0,216.0,0.0,100.0,0.0,5,5075,-0.034,-1.884,81.0,84.4,76.0,78.9,24.8,25.35,24.0,24.46
93.492,4270.9,215.0,0.0,100.0,0.0,5,5046,-0.038,-1.84,81.0,84.4,76.0,78.9,24.8,25.35,24.0,24.46
93.507,4271.8,214.0,0.0,100.0,0.0,5,5019,-0.021,-1.832,81.0,84.5,76.0,78.9,24.8,25.35,24.0,24.46
93.523,4272.8,213.0,0.0,100.0,0.0,5,4995,-0.025,-1.876,81.0,84.5,76.0,78.9,24.8,25.35,24.0,24.46
93.539,4273.7,211.8,0.0,100.0,0.0,5,4963,-0.029,-1.836,81.0,84.5,76.0,78.9,24.8,25.36,24.0,24.46
93.554,4274.6,210.9,0.0,100.0,0.0,5,4937,-0.027,-1.812,81.0,84.5,76.0,78.9,24.8,25.36,24.0,24.46
93.57,4275.5,209.9,0.0,100.0,0.0,5,4916,-0.018,-1.788,81.0,84.5,76.0,78.9,24.8,25.36,24.0,24.46
93.586,4276.4,208.8,0.0,100.0,0.0,5,4886,-0.03,-1.834,81.0,84.5,76.0,78.9,24.8,25.36,24.0,24.46
93.601,4277.3,207.8,0.0,100.0,0.0,5,4861,-0.029,-1.847,81.0,84.5,76.0,78.9,24.8,25.36,24.0,24.46
93.617,4278.3,206.9,0.0,100.0,0.0,5,4826,-0.008,-1.81,81.0,84.5,76.0,78.9,24.8,25.36,24.0,24.46
93.633,4279.2,205.9,0.0,100.0,0.0,5,4802,-0.022,-1.844,81.0,84.5,76.0,78.9,24.8,25.36,24.0,24.46
93.649,4280.1,204.7,0.0,100.0,0.0,5,4782,-0.023,-1.862,81.0,84.5,76.0,78.9,24.8,25.37,24.0,24.46
93.665,4281.0,203.7,0.0,100.0,0.0,5,4764,-0.008,-1.879,81.0,84.5,76.0,78.9,24.8,25.37,24.0,24.47
93.68,4281.9,202.7,0.0,100.0,0.0,5,4748,-0.033,-1.837,81.0,84.6,76.0,78.9,24.8,25.37,23.99,24.47
93.696,4282.7,201.8,0.0,100.0,0.01,5,4725,-0.038,-1.836,81.0,84.6,76.0,78.9,24.8,25.37,23.99,24.47
93.711,4283.6,200.8,0.0,100.0,0.01,5,4709,-0.076,-1.857,81.0,84.6,76.0,78.9,24.8,25.37,23.99,24.47
93.727,4284.5,199.6,0.0,100.0,0.01,5,4684,-0.093,-1.836,81.0,84.6,76.0,78.9,24.8,25.37,23.99,24.47
93.743,4285.3,198.6,0.0,100.0,0.02,5,4660,-0.1,-1.837,81.0,84.6,76.0,78.9,24.8,25.37,23.99,24.47
93.758,4286.1,197.7,0.0,100.0,0.02,5,4635,-0.128,-1.818,81.0,84.6,76.0,78.9,24.8,25.38,23.99,24.47
93.773,4287.0,196.7,0.0,100.0,0.02,5,4608,-0.141,-1.788,81.0,84.6,76.0,78.9,24.8,25.38,23.99,24.47
93.789,4287.9,195.6,0.0,100.0,0.03,5,4583,-0.173,-1.861,81.0,84.6,76.0,78.9,24.8,25.38,23.99,24.47
93.805,4288.7,194.6,0.0,100.0,0.03,5,4560,-0.202,-1.853,81.0,84.6,76.0,78.9,24.8,25.38,23.99,24.47
93.821,4289.6,193.6,0.0,100.0,0.03,5,4532,-0.231,-1.783,81.0,84.6,76.0,78.9,24.8,25.38,23.99,24.47
93.837,4290.4,192.7,0.0,100.0,0.04,5,4506,-0.249,-1.804,81.0,84.6,76.0,78.9,24.8,25.38,23.99,24.47
93.854,4291.3,191.5,0.0,100.0,0.04,5,4491,-0.305,-1.846,81.0,84.6,76.0,78.9,24.8,25.38,23.99,24.47
93.869,4292.1,190.6,0.0,100.0,0.04,5,4461,-0.358,-1.818,81.0,84.7,76.0,78.9,24.8,25.38,23.99,24.47
93.884,4292.9,189.6,0.0,100.0,0.05,5,4431,-0.395,-1.793,81.0,84.7,76.0,78.9,24.8,25.39,23.99,24.47
93.9,4293.8,188.7,0.0,100.0,0.05,5,4409,-0.426,-1.779,81.0,84.7,75.9,78.9,24.8,25.39,23.99,24.47
93.915,4294.5,187.7,0.0,100.0,0.05,5,4391,-0.467,-1.75,81.0,84.7,75.9,78.9,24.8,25.39,23.99,24.47
93.931,4295.4,186.8,0.0,100.0,0.06,5,4377,-0.507,-1.786,81.0,84.7,75.9,78.9,24.8,25.39,23.99,24.47
93.946,4296.1,185.6,0.0,100.0,0.06,5,4344,-0.567,-1.77,81.0,84.7,75.9,79.0,24.8,25.39,23.99,24.47
93.961,4296.9,184.7,0.0,100.0,0.07,5,4311,-0.586,-1.729,81.0,84.7,75.9,79.0,24.8,25.39,23.99,24.47
93.976,4297.7,183.8,0.0,99.8,0.07,5,4269,-0.598,-1.678,81.0,84.7,75.9,79.0,24.8,25.39,23.99,24.47
93.992,4298.5,182.9,0.0,97.6,0.07,5,4254,-0.649,-1.706,81.0,84.7,75.9,79.0,24.8,25.39,23.99,24.47
94.007,4299.3,182.0,0.0,100.0,0.08,5,4227,-0.701,-1.718,81.0,84.7,75.9,79.0,24.8,25.39,23.99,24.47
94.024,4300.1,180.9,0.0,98.0,0.08,5,4190,-0.744,-1.67,81.0,84.7,75.9,79.0,24.8,25.4,23.99,24.47
94.039,4300.9,180.0,0.0,96.1,0.09,5,4156,-0.756,-1.642,81.0,84.7,75.9,79.0,24.8,25.4,23.99,24.47
94.055,4301.7,179.1,0.0,97.0,0.09,5,4135,-0.817,-1.678,81.0,84.7,75.9,79.0,24.8,25.4,23.99,24.47
94.071,4302.4,178.2,0.0,99.4,0.09,5,4115,-0.867,-1.696,81.0,84.7,75.9,79.0,24.8,25.4,23.99,24.47
94.086,4303.2,177.3,0.0,100.0,0.1,5,4076,-0.935,-1.763,81.0,84.7,75.9,79.0,24.8,25.4,23.99,24.47
94.102,4303.9,176.3,0.0,100.0,0.1,5,4034,-1.049,-1.803,81.0,84.7,75.9,79.0,24.8,25.4,23.99,24.47
94.117,4304.7,175.2,0.0,100.0,0.11,5,3988,-1.061,-1.743,81.0,84.8,75.9,79.0,24.81,25.4,23.99,24.47
94.132,4305.4,174.3,0.0,100.0,0.11,5,3971,-1.183,-1.724,81.0,84.8,75.9,79.0,24.81,25.4,23.99,24.47
94.147,4306.2,173.3,0.0,100.0,0.12,5,3974,-1.244,-1.739,81.0,84.8,75.9,79.0,24.81,25.4,23.99,24.47
94.163,4306.9,172.4,0.0,100.0,0.12,5,3967,-1.279,-1.666,81.0,84.8,75.9,79.0,24.81,25.4,23.99,24.47
94.179,4307.7,171.5,0.0,96.4,0.12,5,3946,-1.267,-1.549,81.0,84.8,75.9,79.0,24.81,25.4,23.99,24.47
94.194,4308.4,170.7,0.0,94.1,0.13,5,3914,-1.227,-1.507,81.0,84.8,75.9,79.0,24.81,25.41,23.99,24.47
94.21,4309.1,169.8,0.0,91.1,0.13,5,3884,-1.196,-1.49,81.0,84.8,75.9,79.0,24.81,25.41,23.99,24.47
94.226,4309.9,168.9,0.0,92.6,0.14,5,3858,-1.174,-1.506,81.0,84.8,75.9,79.0,24.81,25.41,23.99,24.47
94.242,4310.6,168.1,0.0,98.2,0.14,5,3816,-1.165,-1.521,81.0,84.8,75.9,79.0,24.81,25.41,23.99,24.47
94.257,4311.3,167.3,0.0,93.7,0.15,5,3780,-1.11,-1.457,81.0,84.8,75.9,79.0,24.81,25.41,23.99,24.47
94.274,4312.1,166.4,0.0,88.4,0.15,5,3738,-1.091,-1.419,81.0,84.8,75.9,79.0,24.81,25.41,23.99,24.47
94.289,4312.8,165.6,0.0,86.3,0.16,5,3716,-1.085,-1.403,81.0,84.8,75.9,79.0,24.81,25.41,23.99,24.47
94.305,4313.5,164.8,0.0,88.9,0.16,5,3692,-1.132,-1.374,81.0,84.8,75.9,79.0,24.81,25.41,23.99,24.47
94.321,4314.3,163.9,0.0,95.7,0.17,5,3637,-1.158,-1.403,81.0,84.8,75.9,79.0,24.81,25.41,23.99,24.47
94.336,4314.9,163.1,0.0,98.0,0.17,5,3613,-1.119,-1.433,81.0,84.8,75.9,79.0,24.81,25.41,23.99,24.47
94.351,4315.6,162.3,0.0,98.3,0.18,5,3590,-1.103,-1.404,81.0,84.8,75.9,79.0,24.81,25.41,23.99,24.47
94.366,4316.3,161.6,0.0,98.3,0.18,5,3562,-1.24,-1.43,81.0,84.8,75.9,79.0,24.81,25.41,23.99,24.47
94.382,4317.0,160.8,0.0,95.4,0.19,5,3593,-1.258,-1.46,81.0,84.8,75.9,79.0,24.81,25.42,23.99,24.47
94.397,4317.7,160.0,0.0,98.4,0.19,5,3564,-1.404,-1.454,81.0,84.8,75.9,79.0,24.81,25.42,23.99,24.47
94.413,4318.4,159.2,0.0,97.9,0.2,5,3523,-1.398,-1.425,81.0,84.9,75.9,79.0,24.81,25.42,23.99,24.47
94.428,4319.0,158.4,0.0,100.0,0.2,5,3518,-1.358,-1.514,81.0,84.9,75.9,79.0,24.81,25.42,23.99,24.47
94.444,4319.7,157.4,0.0,100.0,0.21,5,3493,-1.492,-1.339,81.1,84.9,75.9,79.0,24.81,25.42,23.99,24.47
94.459,4320.4,156.8,0.0,100.0,0.22,5,3479,-1.452,-1.438,81.1,84.9,75.9,79.0,24.81,25.42,23.99,24.47
94.474,4321.1,155.8,0.0,94.0,0.22,5,3454,-1.33,-1.409,81.1,84.9,75.9,79.0,24.81,25.42,23.99,24.47
94.49,4321.7,155.1,0.0,89.3,0.23,5,3468,-1.436,-1.264,81.1,84.9,75.9,79.0,24.81,25.42,23.99,24.47
94.505,4322.4,154.4,0.0,92.3,0.23,5,3445,-1.421,-1.334,81.1,84.9,75.9,79.0,24.81,25.42,23.99,24.47
94.521,4323.1,153.6,0.0,92.5,0.24,5,3417,-1.474,-1.223,81.1,84.9,75.9,79.0,24.81,25.42,23.99,24.47
94.536,4323.7,152.9,0.0,95.9,0.24,5,3372,-1.345,-1.332,81.1,84.9,75.9,79.0,24.81,25.42,23.99,24.47
94.551,4324.3,152.2,0.0,94.9,0.25,5,3357,-1.42,-1.163,81.1,84.9,75.9,79.0,24.81,25.42,23.99,24.47
94.567,4325.0,151.3,0.0,96.0,0.26,5,3374,-1.288,-1.394,81.1,84.9,75.9,79.0,24.81,25.42,23.99,24.47
94.582,4325.6,150.6,0.0,96.7,0.26,5,3328,-1.44,-1.234,81.1,84.9,75.9,79.0,24.81,25.43,23.99,24.47
94.598,4326.3,149.8,0.0,95.1,0.27,5,3337,-1.339,-1.364,81.1,84.9,75.9,79.0,24.81,25.43,23.99,24.47
94.613,4326.9,149.1,0.0,96.8,0.27,5,3299,-1.387,-1.35,81.1,84.9,75.9,79.0,24.81,25.43,23.99,24.47
94.629,4327.6,148.4,0.0,92.6,0.28,5,3297,-1.494,-1.091,81.1,84.9,75.9,79.0,24.81,25.43,23.99,24.47
94.645,4328.2,147.5,0.0,90.2,0.29,5,3267,-1.346,-1.328,81.1,84.9,75.9,79.0,24.81,25.43,23.99,24.47
94.661,4328.9,146.8,0.0,91.0,0.29,5,3251,-1.377,-1.278,81.1,84.9,75.9,79.0,24.81,25.43,23.99,24.47
94.676,4329.5,146.1,0.0,92.4,0.3,5,3237,-1.577,-1.146,81.1,84.9,75.9,79.0,24.81,25.43,23.99,24.47
94.692,4330.1,145.4,0.0,91.6,0.3,5,3214,-1.378,-1.267,81.1,84.9,75.9,79.0,24.81,25.43,23.99,24.47
94.708,4330.8,144.6,0.0,94.3,0.31,5,3179,-1.382,-1.216,81.1,85.0,75.9,79.0,24.81,25.43,23.99,24.47
94.724,4331.4,143.9,0.0,97.5,0.32,5,3172,-1.552,-1.116,81.1,85.0,75.9,79.0,24.81,25.43,23.98,24.47
94.739,4332.0,143.2,0.0,94.0,0.32,5,3152,-1.407,-1.224,81.1,85.0,75.9,79.0,24.81,25.43,23.98,24.47
94.754,4332.6,142.5,0.0,92.3,0.33,5,3130,-1.33,-1.26,81.1,85.0,75.9,79.0,24.81,25.43,23.98,24.47
94.77,4333.2,141.8,0.0,92.7,0.34,5,3130,-1.458,-1.162,81.1,85.0,75.9,79.0,24.81,25.44,23.98,24.47
94.786,4333.9,140.9,0.0,94.4,0.35,5,3135,-1.517,-1.208,81.1,85.0,75.9,79.0,24.81,25.44,23.98,24.47
94.802,4334.5,140.2,0.0,96.8,0.35,5,3086,-1.567,-1.087,81.1,85.0,75.9,79.0,24.81,25.44,23.98,24.47
94.817,4335.1,139.6,0.0,0.0,0.36,5,3139,-1.501,-1.137,81.1,85.0,75.9,79.0,24.81,25.44,23.98,24.47
94.832,4335.7,139.1,0.0,0.0,0.36,5,3217,-1.795,-0.613,81.1,85.0,75.9,79.0,24.82,25.44,23.98,24.47
94.848,4336.3,138.8,50.0,0.0,0.37,0,3349,-1.823,-0.36,81.1,85.0,75.9,79.0,24.82,25.44,23.98,24.47
94.863,4336.9,138.5,50.0,0.0,0.38,0,3603,-1.777,-0.248,81.1,85.0,75.9,79.0,24.82,25.44,23.98,24.47
94.879,4337.5,138.3,50.0,0.0,0.39,0,3908,-1.717,-0.215,81.1,85.0,75.9,79.0,24.82,25.44,23.98,24.48
94.894,4338.1,138.1,40.9,0.0,0.39,0,4140,-1.689,-0.185,81.1,85.0,75.9,79.0,24.82,25.44,23.98,24.48
94.91,4338.6,138.0,27.3,0.0,0.4,0,4293,-1.777,-0.177,81.1,85.0,75.9,79.0,24.82,25.44,23.99,24.48
94.925,4339.2,137.8,13.6,0.0,0.41,0,4367,-1.772,-0.19,81.1,85.0,75.9,79.0,24.82,25.44,23.99,24.48
94.941,4339.8,137.6,0.0,0.0,0.41,0,4360,-1.83,-0.226,81.1,85.0,75.9,79.0,24.82,25.44,23.99,24.48
94.956,4340.4,137.4,0.0,0.0,0.42,0,4322,-1.884,-0.244,81.1,85.0,75.9,79.0,24.82,25.44,23.99,24.48
94.972,4341.0,137.2,0.0,0.0,0.43,0,4277,-1.91,-0.251,81.1,85.0,75.9,79.0,24.82,25.45,23.99,24.48
94.987,4341.6,137.0,0.0,0.0,0.44,4,4240,-1.92,-0.233,81.1,85.0,75.9,79.0,24.82,25.45,23.99,24.48
95.002,4342.2,136.8,0.0,0.0,0.44,4,4196,-1.993,-0.231,81.1,85.0,75.9,79.0,24.82,25.45,23.99,24.48
95.018,4342.8,136.6,0.0,0.0,0.45,4,4031,-1.958,-0.148,81.1,85.0,75.9,79.0,24.82,25.45,23.99,24.48
95.033,4343.4,136.5,0.0,0.0,0.46,4,3916,-1.851,-0.114,81.1,85.0,75.9,79.0,24.82,25.45,23.99,24.48
95.05,4344.0,136.3,0.0,0.0,0.46,4,3987,-1.833,-0.296,81.1,85.1,75.9,79.0,24.82,25.45,23.99,24.48
95.066,4344.6,136.1,0.0,0.0,0.47,4,3977,-1.824,-0.287,81.1,85.1,75.9,79.0,24.82,25.45,23.99,24.48
95.081,4345.2,135.9,0.0,0.0,0.48,4,3862,-1.768,-0.166,81.1,85.1,75.9,79.0,24.82,25.45,23.99,24.48
95.097,4345.8,135.7,0.0,0.0,0.48,4,3909,-1.761,-0.293,81.1,85.1,75.9,79.0,24.82,25.45,23.99,24.48
95.113,4346.3,135.5,2.4,0.0,0.49,4,3911,-1.838,-0.283,81.1,85.1,75.9,79.0,24.82,25.45,23.99,24.48
95.128,4346.9,135.3,8.4,0.0,0.5,4,3916,-1.853,-0.273,81.2,85.1,75.9,79.0,24.82,25.45,23.99,24.48
95.144,4347.5,135.1,14.4,0.0,0.51,4,3923,-1.855,-0.253,81.2,85.1,75.9,79.0,24.83,25.45,23.99,24.48
95.159,4348.1,134.9,20.4,0.0,0.51,4,3932,-1.855,-0.22,81.2,85.1,75.9,79.0,24.83,25.45,23.99,24.48
95.175,4348.7,134.7,26.4,0.0,0.52,4,3942,-1.856,-0.207,81.2,85.1,75.9,79.0,24.83,25.45,23.99,24.48
95.19,4349.3,134.6,32.4,0.0,0.53,4,3948,-1.835,-0.141,81.2,85.1,75.9,79.0,24.83,25.46,23.99,24.48
95.205,4349.8,134.5,38.4,0.0,0.53,4,3952,-1.703,-0.089,81.2,85.1,75.9,79.0,24.83,25.46,23.99,24.48
95.221,4350.4,134.4,44.4,0.0,0.5,4,3955,-1.73,-0.055,81.2,85.1,75.9,79.0,24.83,25.46,23.99,24.48
95.237,4351.0,134.4,51.6,0.0,0.44,4,3953,-1.749,-0.021,81.2,85.1,75.9,79.0,24.83,25.46,23.99,24.48
95.253,4351.6,134.4,57.6,0.0,0.39,4,3957,-1.715,0.021,81.2,85.1,75.9,79.0,24.83,25.46,23.99,24.48
95.268,4352.2,134.4,63.6,0.0,0.35,4,3965,-1.669,0.05,81.2,85.1,75.9,79.0,24.83,25.46,23.99,24.48
95.284,4352.8,134.4,70.8,0.0,0.29,4,3976,-1.624,0.105,81.2,85.1,75.9,79.0,24.83,25.46,23.99,24.48
95.299,4353.3,134.4,76.8,0.0,0.24,4,3984,-1.638,0.144,81.2,85.1,75.9,79.0,24.83,25.46,23.99,24.48
95.314,4353.9,134.5,82.8,0.0,0.2,4,3994,-1.655,0.182,81.2,85.1,75.9,79.0,24.83,25.46,23.99,24.48
95.33,4354.5,134.5,88.8,0.0,0.15,4,4005,-1.635,0.22,81.2,85.1,75.9,79.0,24.83,25.46,23.99,24.48
95.345,4355.0,134.6,94.8,0.0,0.1,4,4022,-1.471,0.291,81.2,85.1,75.9,79.0,24.83,25.46,23.99,24.48
95.361,4355.6,134.8,100.0,0.0,0.05,4,4031,-1.383,0.336,81.2,85.1,75.9,79.0,24.83,25.46,23.99,24.48
95.376,4356.2,135.0,100.0,0.0,0.01,4,4029,-1.337,0.393,81.2,85.1,76.0,79.0,24.83,25.46,23.99,24.48
95.391,4356.8,135.1,100.0,0.0,0.0,4,4023,-1.238,0.4,81.2,85.2,76.0,79.0,24.83,25.46,23.99,24.48
95.407,4357.4,135.4,100.0,0.0,0.0,4,4024,-1.179,0.356,81.2,85.2,76.0,79.0,24.84,25.46,23.99,24.48
95.423,4357.9,135.5,100.0,0.0,0.0,4,4026,-1.11,0.381,81.2,85.2,76.0,79.0,24.84,25.47,23.99,24.48
95.438,4358.5,135.7,100.0,0.0,0.0,4,4034,-1.059,0.384,81.2,85.2,76.0,79.0,24.84,25.47,23.99,24.48
95.454,4359.1,135.9,100.0,0.0,0.0,4,4033,-1.023,0.393,81.2,85.2,76.0,79.0,24.84,25.47,23.99,24.48
95.469,4359.7,136.1,100.0,0.0,0.0,4,4033,-0.988,0.401,81.2,85.2,76.0,79.0,24.84,25.47,23.99,24.48
95.485,4360.3,136.3,100.0,0.0,0.01,4,4044,-0.899,0.376,81.2,85.2,76.0,79.0,24.84,25.47,23.99,24.48
95.501,4360.9,136.5,100.0,0.0,0.02,4,4051,-0.877,0.383,81.2,85.2,76.0,79.0,24.84,25.47,23.99,24.48
95.516,4361.5,136.7,0.0,0.0,0.02,4,4016,-0.824,0.382,81.2,85.2,76.0,79.0,24.84,25.47,23.99,24.48
95.532,4362.1,136.8,0.0,0.0,0.03,4,3948,-0.838,-0.078,81.2,85.2,76.0,79.0,24.84,25.47,23.99,24.48
95.547,4362.7,136.7,0.0,0.0,0.04,4,3960,-0.827,-0.146,81.2,85.2,76.0,79.0,24.84,25.47,23.99,24.48
95.563,4363.3,136.6,0.0,0.0,0.05,4,3957,-0.809,-0.124,81.2,85.2,76.0,79.0,24.84,25.47,23.99,24.48
95.579,4363.9,136.5,0.0,0.0,0.05,4,3955,-0.787,-0.102,81.3,85.2,76.0,79.0,24.84,25.47,23.99,24.48
95.595,4364.5,136.5,0.0,0.0,0.06,4,3953,-0.754,-0.124,81.3,85.2,76.0,79.0,24.84,25.47,23.99,24.48
95.611,4365.1,136.4,0.0,0.0,0.07,4,3950,-0.759,-0.111,81.3,85.2,76.0,79.0,24.84,25.47,23.99,24.48
95.627,4365.7,136.3,0.0,0.0,0.08,4,3948,-0.745,-0.114,81.3,85.2,76.0,79.0,24.84,25.48,23.99,24.48
95.642,4366.3,136.3,0.0,76.9,0.08,4,3912,-0.75,-0.123,81.3,85.2,76.0,79.0,24.84,25.48,23.99,24.48
95.658,4366.9,135.8,0.0,76.0,0.09,4,3859,-0.577,-1.305,81.3,85.2,76.0,79.0,24.84,25.48,23.99,24.48
95.674,4367.5,135.0,0.0,80.4,0.1,4,3834,-0.604,-1.294,81.3,85.2,76.0,79.0,24.84,25.48,23.99,24.48
95.69,4368.1,134.2,0.0,94.1,0.1,4,3788,-0.636,-1.488,81.3,85.2,76.0,79.0,24.84,25.48,23.99,24.48
95.705,4368.6,133.4,0.0,100.0,0.11,4,3734,-0.714,-1.683,81.3,85.2,76.0,79.0,24.84,25.48,23.99,24.48
95.721,4369.2,132.5,0.0,100.0,0.12,4,3698,-0.752,-1.749,81.3,85.3,76.0,79.0,24.84,25.48,23.99,24.48
95.736,4369.7,131.6,0.0,100.0,0.13,4,3642,-0.756,-1.682,81.3,85.3,76.0,79.0,24.85,25.48,23.99,24.48
95.751,4370.3,130.7,0.0,100.0,0.13,4,3591,-0.807,-1.685,81.3,85.3,76.0,79.0,24.85,25.48,23.99,24.48
95.766,4370.8,129.8,0.0,100.0,0.14,4,3552,-0.875,-1.724,81.3,85.3,76.0,79.0,24.85,25.48,23.99,24.48
95.782,4371.4,128.6,0.0,100.0,0.15,4,3510,-0.96,-1.75,81.3,85.3,76.0,79.0,24.85,25.48,23.99,24.48
95.797,4371.9,127.7,30.0,100.0,0.16,0,3529,-1.005,-1.662,81.3,85.3,76.0,79.0,24.85,25.49,23.99,24.48
95.812,4372.5,126.9,50.0,100.0,0.16,0,3778,-0.989,-1.603,81.3,85.3,76.0,79.0,24.85,25.49,23.99,24.48
95.828,4373.0,126.1,50.0,95.0,0.17,0,4032,-1.043,-1.492,81.3,85.3,76.0,79.0,24.85,25.49,23.99,24.48
95.844,4373.6,125.3,49.1,90.8,0.18,0,4285,-0.957,-1.456,81.3,85.3,76.0,79.0,24.85,25.49,23.99,24.48
95.859,4374.1,124.5,35.5,89.6,0.19,0,4485,-1.017,-1.444,81.3,85.3,76.0,79.0,24.85,25.49,23.99,24.48
95.875,4374.7,123.6,19.1,89.1,0.2,0,4618,-1.074,-1.422,81.3,85.3,76.0,79.0,24.85,25.49,23.99,24.48
95.891,4375.2,122.8,5.5,91.3,0.21,0,4640,-1.067,-1.427,81.3,85.3,76.0,79.0,24.85,25.49,23.99,24.48
95.907,4375.7,122.0,0.0,91.0,0.21,0,4600,-1.013,-1.432,81.3,85.3,76.0,79.0,24.85,25.49,23.99,24.48
95.922,4376.3,121.3,0.0,93.6,0.22,0,4558,-1.127,-1.364,81.3,85.3,76.0,79.0,24.85,25.49,23.99,24.48
95.938,4376.8,120.3,0.0,95.5,0.22,0,4508,-1.047,-1.466,81.3,85.3,76.0,79.0,24.85,25.49,23.99,24.48
95.954,4377.3,119.6,0.0,98.6,0.23,3,4467,-1.257,-1.332,81.3,85.3,76.0,79.0,24.85,25.49,23.99,24.48
95.969,4377.8,118.8,0.0,99.5,0.24,3,4356,-1.075,-1.521,81.3,85.3,76.0,79.0,24.85,25.49,23.99,24.48
95.984,4378.3,118.0,0.0,97.9,0.25,3,4163,-1.35,-1.269,81.3,85.3,76.0,79.0,24.85,25.49,23.99,24.48
96.0,4378.8,117.3,0.0,96.6,0.26,3,4017,-1.396,-1.276,81.3,85.3,76.0,79.0,24.86,25.5,23.99,24.48
96.016,4379.3,116.3,0.0,94.9,0.27,3,3968,-1.248,-1.402,81.3,85.4,76.0,79.0,24.86,25.5,23.99,24.48
96.031,4379.8,115.6,0.0,92.4,0.28,3,4053,-1.193,-1.483,81.4,85.4,76.0,79.0,24.86,25.5,23.99,24.48
96.046,4380.3,114.8,0.0,90.7,0.28,3,4026,-1.389,-1.232,81.4,85.4,76.0,79.0,24.86,25.5,23.99,24.48
96.062,4380.8,114.1,0.0,90.6,0.29,3,3968,-1.274,-1.284,81.4,85.4,76.0,79.0,24.86,25.5,23.99,24.48
96.077,4381.3,113.5,0.0,90.8,0.3,3,3907,-1.242,-1.261,81.4,85.4,76.0,79.0,24.86,25.5,23.99,24.48
96.092,4381.8,112.8,0.0,86.8,0.31,3,3865,-1.314,-1.206,81.4,85.4,76.0,79.0,24.86,25.5,23.99,24.48
96.108,4382.2,112.1,0.0,86.2,0.32,3,3821,-1.181,-1.247,81.4,85.4,76.0,79.0,24.86,25.5,23.99,24.48
96.124,4382.7,111.5,0.0,86.9,0.33,3,3765,-1.329,-1.073,81.4,85.4,76.0,79.0,24.86,25.5,23.99,24.48
96.138,4383.2,110.8,0.0,83.6,0.34,3,3758,-1.114,-1.221,81.4,85.4,76.0,79.0,24.86,25.5,23.99,24.48
96.153,4383.6,110.2,0.0,85.9,0.35,3,3728,-1.227,-1.17,81.4,85.4,76.0,79.0,24.86,25.5,23.99,24.48
96.169,4384.1,109.4,0.0,91.8,0.36,3,3668,-1.434,-1.009,81.4,85.4,76.0,79.0,24.86,25.5,23.99,24.48
96.185,4384.6,108.7,0.0,92.5,0.37,3,3661,-1.161,-1.336,81.4,85.4,76.0,79.0,24.86,25.5,23.99,24.48
96.201,4385.1,108.1,0.0,0.0,0.38,3,3714,-1.437,-0.948,81.4,85.4,76.0,79.0,24.86,25.5,23.99,24.48
96.217,4385.6,107.7,0.0,0.0,0.39,3,3797,-1.55,-0.411,81.4,85.4,76.0,79.0,24.86,25.51,23.99,24.48
96.232,4386.0,107.5,0.0,0.0,0.4,3,3855,-1.539,-0.351,81.4,85.4,75.9,79.0,24.86,25.51,23.99,24.48
96.248,4386.5,107.3,0.0,0.0,0.41,3,3886,-1.567,-0.268,81.4,85.4,76.0,79.0,24.86,25.51,23.99,24.48
96.263,4386.9,107.1,0.0,0.0,0.42,3,3892,-1.633,-0.211,81.4,85.4,76.0,79.0,24.86,25.51,23.99,24.48
96.279,4387.4,107.0,0.0,0.0,0.43,3,3887,-1.637,-0.197,81.4,85.4,76.0,79.0,24.87,25.51,23.99,24.48
96.295,4387.9,106.8,0.0,0.0,0.44,3,3881,-1.627,-0.192,81.4,85.4,76.0,79.0,24.87,25.51,23.99,24.48
96.311,4388.3,106.6,0.0,0.0,0.45,3,3876,-1.619,-0.22,81.4,85.4,76.0,79.0,24.87,25.51,23.99,24.48
96.327,4388.8,106.5,0.0,0.0,0.46,3,3870,-1.598,-0.22,81.4,85.4,76.0,79.0,24.87,25.51,23.99,24.48
96.342,4389.3,106.3,0.0,0.0,0.47,3,3864,-1.611,-0.218,81.4,85.4,76.0,79.0,24.87,25.51,23.99,24.48
96.358,4389.7,106.2,0.0,0.0,0.48,3,3859,-1.564,-0.201,81.4,85.4,76.0,79.0,24.87,25.51,23.99,24.48
96.374,4390.2,106.0,0.0,0.0,0.49,3,3851,-1.648,-0.233,81.4,85.4,76.0,79.0,24.87,25.51,23.99,24.48
96.389,4390.7,105.9,0.0,0.0,0.5,3,3846,-1.645,-0.226,81.4,85.5,76.0,79.0,24.87,25.51,23.99,24.48
96.404,4391.1,105.7,0.0,0.0,0.51,3,3841,-1.64,-0.234,81.4,85.5,76.0,79.0,24.87,25.51,23.99,24.48
96.42,4391.6,105.6,0.0,0.0,0.52,3,3835,-1.696,-0.223,81.4,85.5,76.0,79.0,24.87,25.51,23.99,24.48
96.435,4392.0,105.4,0.0,0.0,0.53,3,3830,-1.621,-0.251,81.4,85.5,76.0,79.0,24.87,25.51,23.99,24.48
96.451,4392.5,105.2,0.0,0.0,0.54,3,3826,-1.602,-0.265,81.5,85.5,76.0,79.0,24.87,25.52,23.99,24.48
96.466,4392.9,105.0,0.0,0.0,0.55,3,3821,-1.591,-0.245,81.5,85.5,76.0,79.0,24.87,25.52,23.99,24.48
96.482,4393.4,104.9,0.0,0.0,0.56,3,3814,-1.529,-0.219,81.5,85.5,76.0,79.0,24.87,25.52,23.99,24.48
96.497,4393.8,104.7,0.0,0.0,0.57,3,3809,-1.587,-0.231,81.5,85.5,76.0,79.0,24.87,25.52,23.99,24.48
96.514,4394.3,104.6,0.0,0.0,0.58,3,3801,-1.647,-0.25,81.5,85.5,76.0,79.0,24.88,25.52,23.99,24.48
96.529,4394.8,104.4,0.0,0.0,0.59,3,3796,-1.692,-0.259,81.5,85.5,76.0,79.0,24.88,25.52,23.99,24.48
96.545,4395.2,104.2,0.0,0.0,0.6,3,3790,-1.656,-0.234,81.5,85.5,76.0,79.0,24.88,25.52,23.99,24.48
96.56,4395.6,104.1,0.0,0.0,0.61,3,3784,-1.562,-0.227,81.5,85.5,76.0,79.0,24.88,25.52,23.99,24.48
96.576,4396.1,103.9,0.0,0.0,0.62,3,3778,-1.518,-0.24,81.5,85.5,76.0,79.0,24.88,25.52,23.99,24.48
96.591,4396.5,103.8,0.0,0.0,0.63,3,3773,-1.63,-0.252,81.5,85.5,76.0,79.0,24.88,25.52,23.99,24.48
96.607,4397.0,103.6,0.0,0.0,0.65,3,3765,-1.609,-0.238,81.5,85.5,76.0,79.0,24.88,25.52,23.99,24.48
96.623,4397.4,103.4,0.0,0.0,0.66,3,3759,-1.598,-0.241,81.5,85.5,76.0,79.0,24.88,25.52,23.99,24.48
96.639,4397.9,103.3,0.0,0.0,0.67,3,3752,-1.625,-0.27,81.5,85.5,76.0,79.0,24.88,25.52,23.99,24.48
96.654,4398.3,103.1,0.0,0.0,0.68,3,3747,-1.604,-0.269,81.5,85.5,76.0,79.0,24.88,25.52,23.99,24.48
96.67,4398.8,102.9,0.0,0.0,0.69,3,3740,-1.587,-0.267,81.5,85.5,76.0,79.0,24.88,25.52,23.99,24.48
96.685,4399.2,102.7,0.0,0.0,0.7,3,3734,-1.639,-0.272,81.5,85.5,76.0,79.0,24.88,25.52,23.99,24.48
96.701,4399.7,102.5,0.0,0.0,0.71,3,3728,-1.587,-0.276,81.5,85.5,76.0,79.0,24.88,25.53,23.99,24.48
96.716,4400.1,102.4,4.8,0.0,0.72,3,3728,-1.551,-0.279,81.5,85.5,76.0,79.0,24.88,25.53,23.99,24.48
96.732,4400.6,102.2,10.8,0.0,0.73,3,3733,-1.563,-0.231,81.5,85.5,76.0,79.0,24.89,25.53,23.99,24.48
96.748,4401.0,102.0,18.0,0.0,0.74,3,3743,-1.551,-0.183,81.5,85.5,76.0,79.0,24.89,25.53,23.99,24.48
96.763,4401.5,101.9,24.0,0.0,0.75,3,3752,-1.544,-0.152,81.5,85.5,76.0,79.0,24.89,25.53,23.99,24.48
96.779,4401.9,101.8,30.0,0.0,0.76,3,3761,-1.543,-0.104,81.5,85.6,76.0,79.0,24.89,25.53,23.99,24.48
96.795,4402.3,101.7,36.0,0.0,0.77,3,3770,-1.568,-0.092,81.6,85.6,76.0,79.0,24.89,25.53,23.99,24.48
96.811,4402.8,101.7,43.2,0.0,0.78,3,3783,-1.61,-0.076,81.6,85.6,76.0,79.0,24.89,25.53,23.99,24.48
96.827,4403.2,101.6,49.2,0.0,0.79,3,3799,-1.59,-0.029,81.6,85.6,76.0,79.0,24.89,25.53,23.99,24.48
96.842,4403.7,101.6,55.2,0.0,0.8,3,3814,-1.567,-0.019,81.6,85.6,76.0,79.0,24.89,25.53,23.99,24.48
96.858,4404.1,101.6,61.2,0.0,0.82,3,3828,-1.524,0.043,81.6,85.6,76.0,79.0,24.89,25.53,23.99,24.48
96.874,4404.6,101.6,68.4,0.0,0.83,3,3845,-1.47,0.103,81.6,85.6,76.0,79.0,24.89,25.53,23.99,24.48
96.89,4405.0,101.6,74.4,0.0,0.81,3,3851,-1.48,0.18,81.6,85.6,76.0,79.0,24.89,25.53,23.99,24.48
96.905,4405.4,101.7,80.4,0.0,0.77,3,3858,-1.484,0.193,81.6,85.6,76.0,79.0,24.89,25.53,23.99,24.48
96.921,4405.9,101.8,86.4,0.0,0.72,3,3866,-1.482,0.248,81.6,85.6,76.0,79.0,24.9,25.53,23.99,24.48
96.937,4406.3,101.9,93.6,0.0,0.66,3,3875,-1.505,0.295,81.6,85.6,76.0,79.0,24.9,25.53,23.99,24.48
96.952,4406.8,102.1,99.6,0.0,0.62,3,3891,-1.472,0.318,81.6,85.6,76.0,79.0,24.9,25.54,24.0,24.48
96.968,4407.2,102.2,100.0,0.0,0.57,3,3908,-1.426,0.333,81.6,85.6,76.0,79.0,24.9,25.54,24.0,24.48
96.984,4407.7,102.4,100.0,0.0,0.52,3,3923,-1.425,0.356,81.6,85.6,76.0,79.0,24.9,25.54,24.0,24.48
96.999,4408.1,102.5,100.0,0.0,0.47,3,3934,-1.445,0.337,81.6,85.6,76.0,79.0,24.9,25.54,24.0,24.48
97.015,4408.6,102.7,100.0,0.0,0.43,3,3943,-1.449,0.366,81.6,85.6,76.0,79.0,24.9,25.54,24.0,24.48
97.03,4409.0,103.0,100.0,0.0,0.37,3,3946,-1.449,0.43,81.6,85.6,76.0,79.0,24.9,25.54,24.0,24.48
97.046,4409.5,103.1,100.0,0.0,0.32,3,3957,-1.444,0.401,81.6,85.6,76.0,79.0,24.9,25.54,24.0,24.48
97.062,4409.9,103.3,100.0,0.0,0.28,3,3964,-1.512,0.445,81.6,85.6,76.0,79.0,24.9,25.54,24.0,24.48
97.078,4410.4,103.6,100.0,0.0,0.22,3,3970,-1.532,0.436,81.6,85.6,76.0,79.0,24.9,25.54,24.0,24.48
97.093,4410.8,103.8,100.0,0.0,0.17,3,3969,-1.501,0.477,81.7,85.6,76.0,79.0,24.9,25.54,24.0,24.48
97.11,4411.3,104.0,100.0,0.0,0.12,3,3975,-1.414,0.47,81.7,85.6,76.0,79.0,24.91,25.54,24.0,24.48
97.126,4411.8,104.3,100.0,0.0,0.08,3,3991,-1.357,0.479,81.7,85.6,76.0,79.0,24.91,25.54,24.0,24.48
97.141,4412.2,104.5,100.0,0.0,0.02,3,4004,-1.204,0.523,81.7,85.6,76.0,79.0,24.91,25.54,24.0,24.48
97.156,4412.7,104.8,100.0,0.0,0.02,3,4002,-1.141,0.541,81.7,85.6,76.0,79.0,24.91,25.54,24.0,24.48
97.172,4413.1,105.1,100.0,0.0,0.03,3,3998,-1.161,0.53,81.7,85.7,76.0,79.0,24.91,25.54,24.0,24.48
97.187,4413.6,105.3,100.0,0.0,0.04,3,4004,-1.154,0.511,81.7,85.7,76.0,79.0,24.91,25.54,24.0,24.48
97.203,4414.0,105.6,100.0,0.0,0.05,3,4008,-1.192,0.519,81.7,85.7,76.0,79.0,24.91,25.55,24.0,24.48
97.219,4414.5,105.9,100.0,0.0,0.06,3,4014,-1.153,0.515,81.7,85.7,76.0,79.0,24.91,25.55,24.0,24.48
97.234,4414.9,106.1,100.0,0.0,0.07,3,4028,-1.145,0.5,81.7,85.7,76.0,79.0,24.91,25.55,24.0,24.48
97.25,4415.4,106.3,100.0,0.0,0.08,3,4042,-1.161,0.486,81.7,85.7,76.0,79.0,24.91,25.55,24.0,24.48
97.266,4415.9,106.6,100.0,0.0,0.09,3,4057,-1.14,0.493,81.7,85.7,76.0,79.0,24.91,25.55,24.0,24.48
97.281,4416.3,106.8,100.0,0.0,0.1,3,4064,-1.182,0.492,81.7,85.7,76.0,79.0,24.91,25.55,24.0,24.48
97.297,4416.8,107.1,100.0,0.0,0.11,3,4069,-1.122,0.523,81.7,85.7,76.0,79.0,24.91,25.55,24.0,24.48
97.314,4417.3,107.4,100.0,0.0,0.12,3,4074,-1.073,0.515,81.7,85.7,76.0,79.0,24.92,25.55,24.0,24.48
97.329,4417.8,107.6,100.0,0.0,0.13,3,4073,-1.127,0.517,81.7,85.7,76.0,79.0,24.92,25.55,24.0,24.48
97.345,4418.2,108.0,100.0,0.0,0.14,3,4068,-1.214,0.499,81.7,85.7,76.0,79.0,24.92,25.55,24.0,24.48
97.36,4418.7,108.2,100.0,0.0,0.15,3,4072,-1.266,0.494,81.7,85.7,76.0,79.0,24.92,25.55,24.0,24.48
97.375,4419.1,108.5,100.0,0.0,0.16,3,4084,-1.222,0.464,81.7,85.7,76.0,79.0,24.92,25.55,24.0,24.48
97.391,4419.6,108.7,100.0,0.0,0.17,3,4109,-1.202,0.43,81.7,85.7,76.0,79.0,24.92,25.55,24.0,24.48
97.407,4420.1,108.9,100.0,0.0,0.18,3,4130,-1.157,0.471,81.8,85.7,76.0,79.0,24.92,25.55,24.0,24.48
97.422,4420.6,109.2,100.0,0.0,0.19,3,4132,-1.074,0.513,81.8,85.7,76.0,79.0,24.92,25.55,24.0,24.48
97.438,4421.1,109.5,100.0,0.0,0.2,3,4131,-1.1,0.505,81.8,85.7,76.0,79.0,24.92,25.55,24.0,24.48
97.454,4421.5,109.7,100.0,0.0,0.19,3,4132,-1.229,0.476,81.8,85.7,76.0,79.0,24.92,25.55,24.0,24.48
97.47,4422.0,110.0,100.0,0.0,0.14,3,4145,-1.226,0.459,81.8,85.7,76.0,79.0,24.92,25.55,24.0,24.48
97.485,4422.5,110.2,100.0,0.0,0.09,3,4155,-1.208,0.476,81.8,85.7,76.0,79.0,24.92,25.56,24.0,24.48
97.501,4423.0,110.5,100.0,0.0,0.04,3,4183,-0.986,0.471,81.8,85.7,76.0,79.0,24.93,25.56,24.0,24.48
97.517,4423.5,110.7,100.0,0.0,0.0,3,4213,-0.745,0.458,81.8,85.7,76.0,79.0,24.93,25.56,24.0,24.48
97.532,4423.9,111.0,100.0,0.0,0.0,3,4228,-0.659,0.51,81.8,85.7,76.0,79.0,24.93,25.56,24.0,24.48
97.547,4424.4,111.3,100.0,0.0,0.0,3,4211,-0.718,0.575,81.8,85.7,76.0,79.0,24.93,25.56,24.0,24.48
97.563,4424.9,111.6,100.0,0.0,0.0,3,4199,-0.757,0.554,81.8,85.7,76.0,79.0,24.93,25.56,24.0,24.48
97.579,4425.4,111.9,100.0,0.0,0.0,3,4200,-0.746,0.537,81.8,85.7,76.0,79.0,24.93,25.56,24.0,24.48
97.595,4425.9,112.2,100.0,0.0,0.0,3,4201,-0.707,0.531,81.8,85.7,76.0,79.0,24.93,25.56,24.0,24.48
97.611,4426.4,112.5,100.0,0.0,0.01,3,4203,-0.703,0.549,81.8,85.7,76.0,79.0,24.93,25.56,24.0,24.48
97.626,4426.8,112.7,100.0,0.0,0.02,3,4213,-0.71,0.492,81.8,85.8,76.0,79.0,24.93,25.56,24.0,24.48
97.642,4427.3,113.0,100.0,0.0,0.03,3,4222,-0.647,0.505,81.8,85.8,76.0,79.0,24.93,25.56,24.0,24.48
97.658,4427.8,113.3,100.0,0.0,0.04,3,4248,-0.589,0.498,81.8,85.8,76.0,79.0,24.93,25.56,24.0,24.48
97.674,4428.3,113.6,100.0,0.0,0.05,3,4265,-0.545,0.493,81.8,85.8,76.0,79.0,24.93,25.56,24.0,24.48
97.689,4428.8,113.8,100.0,0.0,0.06,3,4273,-0.556,0.511,81.8,85.8,76.0,79.0,24.93,25.56,24.0,24.48
97.705,4429.3,114.2,100.0,0.0,0.07,3,4271,-0.545,0.534,81.8,85.8,76.0,79.0,24.93,25.56,24.0,24.48
97.72,4429.8,114.5,100.0,0.0,0.08,3,4280,-0.605,0.523,81.8,85.8,76.0,79.0,24.94,25.56,24.0,24.48
97.736,4430.3,114.7,100.0,0.0,0.09,3,4293,-0.621,0.493,81.9,85.8,76.0,79.0,24.94,25.56,24.0,24.48
97.752,4430.8,115.0,100.0,0.0,0.1,3,4308,-0.658,0.494,81.9,85.8,76.0,79.0,24.94,25.56,24.0,24.48
97.768,4431.3,115.2,100.0,0.0,0.1,3,4324,-0.653,0.49,81.9,85.8,76.0,79.0,24.94,25.57,24.0,24.48
97.784,4431.9,115.5,100.0,0.0,0.11,3,4340,-0.622,0.498,81.9,85.8,76.0,79.0,24.94,25.57,24.0,24.48
97.799,4432.4,115.8,100.0,0.0,0.12,3,4348,-0.694,0.511,81.9,85.8,76.0,79.0,24.94,25.57,24.01,24.48
97.814,4432.8,116.1,100.0,0.0,0.13,3,4344,-0.695,0.539,81.9,85.8,76.0,79.0,24.94,25.57,24.01,24.48
97.83,4433.4,116.4,100.0,0.0,0.14,3,4345,-0.755,0.508,81.9,85.8,76.0,79.0,24.94,25.57,24.01,24.48
97.846,4433.9,116.7,100.0,0.0,0.15,3,4358,-0.864,0.46,81.9,85.8,76.0,79.0,24.94,25.57,24.01,24.48
97.862,4434.4,116.9,100.0,0.0,0.16,3,4389,-0.876,0.415,81.9,85.8,76.0,79.0,24.94,25.57,24.01,24.48
97.877,4434.9,117.1,100.0,0.0,0.17,3,4408,-0.879,0.483,81.9,85.8,76.0,79.0,24.94,25.57,24.01,24.48
97.893,4435.4,117.4,100.0,0.0,0.18,3,4416,-0.935,0.493,81.9,85.8,76.0,79.0,24.94,25.57,24.01,24.48
97.909,4435.9,117.7,100.0,0.0,0.19,3,4445,-0.951,0.43,81.9,85.8,76.0,79.0,24.94,25.57,24.01,24.48
97.924,4436.4,117.9,100.0,0.0,0.2,3,4453,-1.022,0.493,81.9,85.8,76.0,79.0,24.94,25.57,24.01,24.48
97.94,4436.9,118.2,100.0,0.0,0.2,3,4453,-1.014,0.505,81.9,85.8,76.0,79.0,24.95,25.57,24.01,24.48
97.955,4437.4,118.4,100.0,0.0,0.21,3,4465,-1.127,0.457,81.9,85.8,76.0,79.0,24.95,25.57,24.01,24.48
97.97,4437.9,118.7,100.0,0.0,0.22,3,4484,-1.118,0.454,81.9,85.8,76.1,79.0,24.95,25.57,24.01,24.48
97.986,4438.5,118.9,100.0,0.0,0.23,3,4495,-1.235,0.443,81.9,85.8,76.1,79.0,24.95,25.57,24.01,24.48
98.002,4439.0,119.2,100.0,0.0,0.24,3,4515,-1.328,0.424,81.9,85.8,76.1,79.0,24.95,25.57,24.01,24.48
98.017,4439.5,119.4,100.0,0.0,0.25,3,4546,-1.284,0.393,81.9,85.8,76.1,79.0,24.95,25.57,24.01,24.48
98.032,4440.0,119.6,100.0,0.0,0.26,3,4561,-1.33,0.445,81.9,85.8,76.1,79.0,24.95,25.57,24.01,24.48
98.048,4440.5,119.8,100.0,0.0,0.27,3,4568,-1.365,0.429,81.9,85.8,76.1,79.0,24.95,25.57,24.01,24.48
98.064,4441.0,120.0,100.0,0.0,0.27,3,4573,-1.361,0.456,82.0,85.8,76.1,79.0,24.95,25.57,24.01,24.48
98.08,4441.6,120.3,100.0,0.0,0.28,3,4575,-1.478,0.473,82.0,85.8,76.1,79.0,24.95,25.58,24.01,24.48
98.095,4442.1,120.5,100.0,0.0,0.29,3,4582,-1.524,0.431,82.0,85.8,76.1,79.0,24.95,25.58,24.01,24.48
98.111,4442.6,120.7,100.0,0.0,0.24,3,4598,-1.544,0.419,82.0,85.9,76.1,79.0,24.95,25.58,24.01,24.48
98.126,4443.1,120.9,100.0,0.0,0.2,3,4614,-1.513,0.418,82.0,85.9,76.1,79.0,24.96,25.58,24.01,24.48
98.141,4443.6,121.1,100.0,0.0,0.15,3,4635,-1.413,0.443,82.0,85.9,76.1,79.0,24.96,25.58,24.01,24.48
98.157,4444.2,121.3,100.0,0.0,0.09,3,4655,-1.306,0.491,82.0,85.9,76.1,79.0,24.96,25.58,24.01,24.48
98.173,4444.7,121.5,100.0,0.0,0.06,3,4661,-1.295,0.491,82.0,85.9,76.1,79.0,24.96,25.58,24.01,24.48
98.188,4445.2,121.8,100.0,0.0,0.0,3,4667,-1.336,0.481,82.0,85.9,76.1,79.0,24.96,25.58,24.01,24.48
98.204,4445.7,122.0,100.0,0.0,0.0,3,4679,-1.243,0.485,82.0,85.9,76.1,79.0,24.96,25.58,24.01,24.48
98.219,4446.3,122.3,100.0,0.0,0.0,3,4692,-1.227,0.495,82.0,85.9,76.1,79.0,24.96,25.58,24.01,24.48
98.234,4446.8,122.5,100.0,0.0,0.0,3,4714,-1.182,0.453,82.0,85.9,76.1,79.0,24.96,25.58,24.01,24.48
98.25,4447.3,122.7,100.0,0.0,0.0,3,4741,-1.12,0.473,82.0,85.9,76.1,79.0,24.96,25.58,24.01,24.48
98.265,4447.8,122.9,100.0,0.0,0.0,3,4719,-1.214,0.596,82.0,85.9,76.1,79.0,24.96,25.58,24.01,24.48
98.281,4448.4,123.3,100.0,0.0,0.0,3,4695,-1.251,0.551,82.0,85.9,76.1,79.0,24.96,25.58,24.02,24.48
98.296,4448.9,123.5,100.0,0.0,0.0,3,4690,-1.269,0.542,82.0,85.9,76.1,79.0,24.96,25.58,24.02,24.48
98.312,4449.4,123.8,100.0,0.0,0.0,3,4689,-1.314,0.52,82.0,85.9,76.1,79.0,24.97,25.58,24.02,24.48
98.327,4450.0,124.0,100.0,0.0,0.0,3,4704,-1.249,0.484,82.0,85.9,76.1,79.0,24.97,25.58,24.02,24.48
98.343,4450.5,124.2,100.0,0.0,0.0,3,4730,-1.161,0.462,82.0,85.9,76.1,79.0,24.97,25.58,24.02,24.48
98.358,4451.0,124.4,100.0,0.0,0.0,3,4757,-1.072,0.453,82.0,85.9,76.1,79.0,24.97,25.58,24.02,24.48
98.373,4451.6,124.7,100.0,0.0,0.0,3,4767,-1.063,0.508,82.1,85.9,76.1,79.0,24.97,25.58,24.02,24.48
98.389,4452.1,125.0,100.0,0.0,0.0,3,4756,-1.03,0.548,82.1,85.9,76.1,79.0,24.97,25.58,24.02,24.48
98.404,4452.6,125.2,100.0,0.0,0.0,3,4746,-1.035,0.543,82.1,85.9,76.1,79.0,24.97,25.58,24.02,24.48
98.419,4453.1,125.5,100.0,0.0,0.0,3,4740,-1.061,0.525,82.1,85.9,76.1,79.0,24.97,25.58,24.02,24.48
98.435,4453.7,125.8,100.0,0.0,0.0,3,4747,-0.993,0.502,82.1,85.9,76.1,79.0,24.97,25.58,24.02,24.48
98.451,4454.3,126.0,100.0,0.0,0.0,3,4753,-0.989,0.523,82.1,85.9,76.1,79.0,24.97,25.59,24.02,24.48
98.466,4454.8,126.3,100.0,0.0,0.0,3,4767,-0.876,0.461,82.1,85.9,76.1,79.0,24.97,25.59,24.02,24.48
98.482,4455.3,126.5,100.0,0.0,0.0,3,4773,-0.866,0.519,82.1,85.9,76.1,79.0,24.97,25.59,24.02,24.48
98.497,4455.9,126.8,100.0,0.0,0.0,3,4775,-0.811,0.524,82.1,85.9,76.1,79.0,24.97,25.59,24.02,24.48
98.513,4456.5,127.1,100.0,0.0,0.0,3,4774,-0.754,0.534,82.1,85.9,76.1,79.0,24.97,25.59,24.02,24.48
98.529,4457.0,127.4,100.0,0.0,0.0,3,4773,-0.726,0.547,82.1,85.9,76.1,79.0,24.98,25.59,24.02,24.48
98.545,4457.6,127.7,100.0,0.0,0.0,3,4777,-0.626,0.524,82.1,85.9,76.1,79.0,24.98,25.59,24.02,24.48
98.56,4458.1,127.9,0.0,0.0,0.0,3,4617,-0.625,0.088,82.1,85.9,76.1,79.0,24.98,25.59,24.02,24.48
98.576,4458.7,127.8,0.0,0.0,0.0,3,4643,-0.53,-0.191,82.1,85.9,76.1,79.0,24.98,25.59,24.02,24.48
98.591,4459.2,127.8,0.0,0.0,0.0,3,4642,-0.459,-0.109,82.1,85.9,76.1,79.0,24.98,25.59,24.02,24.48
98.607,4459.8,127.7,0.0,0.0,0.0,3,4637,-0.415,-0.108,82.1,85.9,76.1,79.0,24.98,25.59,24.02,24.48
98.623,4460.3,127.6,0.0,0.0,0.0,3,4637,-0.369,-0.108,82.1,85.9,76.1,79.0,24.98,25.59,24.02,24.48
98.638,4460.9,127.6,0.0,0.0,0.0,3,4635,-0.275,-0.114,82.1,85.9,76.1,79.0,24.98,25.59,24.02,24.48
98.653,4461.4,127.5,0.0,0.0,0.0,3,4634,-0.264,-0.125,82.1,85.9,76.1,79.0,24.98,25.59,24.02,24.48
98.669,4462.0,127.4,0.0,0.0,0.0,3,4633,-0.231,-0.114,82.1,85.9,76.1,79.0,24.98,25.59,24.02,24.48
98.684,4462.5,127.4,0.0,0.0,0.0,3,4632,-0.186,-0.123,82.1,86.0,76.1,79.0,24.98,25.59,24.02,24.48
98.7,4463.1,127.3,0.0,0.0,0.0,3,4630,-0.164,-0.108,82.1,86.0,76.1,79.0,24.98,25.59,24.02,24.48
98.715,4463.6,127.2,0.0,0.0,0.0,3,4629,-0.081,-0.122,82.1,86.0,76.1,79.0,24.98,25.59,24.02,24.48
98.731,4464.2,127.2,0.0,0.0,0.0,3,4628,-0.093,-0.103,82.2,86.0,76.1,79.0,24.98,25.59,24.02,24.48
98.746,4464.7,127.1,0.0,0.0,0.0,3,4625,-0.087,-0.088,82.2,86.0,76.1,79.0,24.98,25.59,24.02,24.48
98.761,4465.3,127.1,0.0,0.0,0.0,3,4622,-0.073,-0.109,82.2,86.0,76.1,79.0,24.99,25.59,24.02,24.48
98.777,4465.8,127.0,0.0,0.0,0.0,3,4619,-0.069,-0.101,82.2,86.0,76.1,79.0,24.99,25.6,24.02,24.48
98.792,4466.3,126.9,0.0,0.0,0.0,3,4617,-0.04,-0.115,82.2,86.0,76.1,79.0,24.99,25.6,24.02,24.48
98.808,4466.9,126.9,0.0,0.0,0.0,3,4615,-0.019,-0.108,82.2,86.0,76.1,79.0,24.99,25.6,24.02,24.48
98.824,4467.5,126.8,0.0,0.0,0.0,3,4613,-0.003,-0.113,82.2,86.0,76.1,79.0,24.99,25.6,24.02,24.48
98.84,4468.0,126.8,0.0,0.0,0.0,3,4613,-0.024,-0.116,82.2,86.0,76.1,79.0,24.99,25.6,24.02,24.48
98.856,4468.6,126.7,0.0,0.0,0.0,3,4611,-0.005,-0.108,82.2,86.0,76.2,79.0,24.99,25.6,24.02,24.48
98.871,4469.1,126.6,0.0,0.0,0.0,3,4607,-0.011,-0.107,82.2,86.0,76.2,79.0,24.99,25.6,24.02,24.48
98.886,4469.7,126.6,0.0,0.0,0.0,3,4606,0.019,-0.121,82.2,86.0,76.2,79.0,24.99,25.6,24.02,24.48
98.902,4470.2,126.4,0.0,69.4,0.0,3,4521,0.009,-0.903,82.2,86.0,76.2,79.0,24.99,25.6,24.02,24.48
98.917,4470.7,125.7,0.0,71.5,0.0,3,4503,0.009,-1.276,82.2,86.0,76.2,79.0,24.99,25.6,24.02,24.48
98.933,4471.3,125.0,0.0,79.6,0.0,3,4465,0.015,-1.328,82.2,86.0,76.2,79.0,24.99,25.6,24.02,24.48
98.949,4471.8,124.3,0.0,87.9,0.0,3,4417,0.005,-1.442,82.2,86.0,76.2,79.0,24.99,25.6,24.02,24.48
98.965,4472.4,123.5,0.0,94.6,0.0,3,4365,0.005,-1.543,82.2,86.0,76.2,79.0,24.99,25.6,24.02,24.48
98.98,4472.9,122.5,0.0,100.0,0.0,3,4289,0.011,-1.639,82.2,86.0,76.2,79.0,24.99,25.6,24.02,24.48
98.996,4473.4,121.6,0.0,92.0,0.0,3,4229,0.008,-1.641,82.2,86.0,76.2,79.0,24.99,25.6,24.02,24.48
99.011,4473.9,120.8,0.0,90.7,0.0,3,4189,0.016,-1.518,82.2,86.0,76.2,79.0,25.0,25.6,24.02,24.48
99.026,4474.4,120.0,0.0,89.0,0.0,3,4154,0.019,-1.52,82.2,86.0,76.2,79.0,25.0,25.6,24.02,24.48
99.041,4474.9,119.2,0.0,85.5,0.0,3,4123,0.043,-1.473,82.2,86.0,76.2,79.0,25.0,25.61,24.02,24.48
99.056,4475.4,118.4,0.0,89.6,-0.0,3,4096,0.027,-1.465,82.2,86.0,76.2,79.0,25.0,25.61,24.02,24.48
99.072,4475.9,117.6,0.0,89.9,-0.01,3,4079,0.041,-1.54,82.2,86.0,76.1,79.0,25.0,25.61,24.02,24.48
99.087,4476.4,116.8,0.0,88.2,-0.02,3,4070,0.076,-1.536,82.2,86.0,76.1,79.0,25.0,25.61,24.02,24.48
99.103,4476.9,116.0,0.0,85.8,-0.03,3,4065,0.114,-1.517,82.2,86.0,76.1,79.0,25.0,25.61,24.02,24.48
99.119,4477.4,115.0,0.0,85.7,-0.04,3,4055,0.149,-1.518,82.2,86.1,76.1,79.0,25.0,25.61,24.02,24.48
99.134,4477.9,114.2,0.0,86.7,-0.05,3,4038,0.172,-1.49,82.3,86.1,76.1,79.0,25.0,25.61,24.02,24.48
99.15,4478.4,113.4,0.0,91.3,-0.06,3,4007,0.237,-1.521,82.3,86.1,76.1,79.0,25.0,25.61,24.02,24.48
99.165,4478.9,112.6,0.0,97.3,-0.07,3,3967,0.276,-1.594,82.3,86.1,76.1,79.0,25.0,25.61,24.02,24.48
99.181,4479.4,111.5,0.0,100.0,-0.08,3,3915,0.335,-1.647,82.3,86.1,76.1,79.0,25.0,25.61,24.02,24.48
99.197,4479.9,110.8,0.0,0.0,-0.09,3,4014,0.504,-0.758,82.3,86.1,76.1,79.0,25.0,25.61,24.02,24.48
99.212,4480.4,110.8,0.0,0.0,-0.09,3,4039,0.508,-0.129,82.3,86.1,76.1,79.0,25.0,25.61,24.02,24.48
99.228,4480.8,110.7,0.0,0.0,-0.1,3,4035,0.531,-0.068,82.3,86.1,76.1,79.0,25.0,25.61,24.02,24.48
99.244,4481.3,110.6,0.0,0.0,-0.11,3,4034,0.566,-0.097,82.3,86.1,76.1,79.0,25.0,25.61,24.02,24.48
99.26,4481.8,110.6,0.0,0.0,-0.12,3,4031,0.632,-0.094,82.3,86.1,76.1,79.0,25.0,25.61,24.02,24.48
99.276,4482.3,110.5,0.0,0.0,-0.13,3,4028,0.696,-0.092,82.3,86.1,76.1,79.0,25.01,25.61,24.02,24.48
99.291,4482.8,110.5,0.0,0.0,-0.14,3,4025,0.749,-0.093,82.3,86.1,76.1,79.0,25.01,25.61,24.02,24.48
99.306,4483.3,110.4,0.0,0.0,-0.15,3,4021,0.791,-0.092,82.3,86.1,76.1,79.0,25.01,25.61,24.02,24.48
99.322,4483.7,110.4,0.0,0.0,-0.16,3,4017,0.884,-0.115,82.3,86.1,76.1,79.0,25.01,25.62,24.02,24.48
99.338,4484.2,110.3,0.0,0.0,-0.17,3,4014,0.93,-0.092,82.3,86.1,76.1,79.0,25.01,25.62,24.02,24.48
99.354,4484.7,110.3,0.0,0.0,-0.18,3,4010,0.98,-0.117,82.3,86.1,76.1,79.0,25.01,25.62,24.02,24.48
99.369,4485.2,110.2,0.0,0.0,-0.19,3,4007,1.06,-0.119,82.3,86.1,76.1,79.0,25.01,25.62,24.02,24.48
99.384,4485.6,110.1,0.0,0.0,-0.2,3,4005,1.081,-0.127,82.3,86.1,76.1,79.0,25.01,25.62,24.02,24.48
99.4,4486.1,110.0,7.2,0.0,-0.21,3,4011,1.172,-0.114,82.3,86.1,76.1,79.0,25.01,25.62,24.02,24.48
99.416,4486.6,110.0,13.2,0.0,-0.22,3,4017,1.183,-0.073,82.3,86.1,76.1,79.0,25.01,25.62,24.02,24.48
99.431,4487.1,110.0,19.2,0.0,-0.23,3,4027,1.152,-0.031,82.3,86.1,76.1,79.0,25.01,25.62,24.02,24.48
99.447,4487.6,109.9,25.2,0.0,-0.24,3,4036,1.221,-0.019,82.3,86.1,76.1,79.0,25.01,25.62,24.02,24.48
99.462,4488.0,109.9,31.2,0.0,-0.25,3,4046,1.27,0.009,82.3,86.1,76.1,79.0,25.01,25.62,24.02,24.48
99.477,4488.5,109.9,37.2,0.0,-0.26,3,4057,1.315,0.058,82.3,86.1,76.1,79.0,25.01,25.62,24.02,24.48
99.493,4489.0,110.0,43.2,0.0,-0.22,3,4071,1.338,0.074,82.3,86.1,76.1,79.0,25.01,25.62,24.02,24.48
99.508,4489.4,110.0,49.2,0.0,-0.18,3,4091,1.303,0.112,82.3,86.1,76.1,79.0,25.01,25.62,24.02,24.48
99.524,4489.9,110.1,56.4,0.0,-0.12,3,4114,1.253,0.181,82.3,86.1,76.1,79.0,25.01,25.62,24.02,24.48
99.539,4490.4,110.2,62.4,0.0,-0.07,3,4128,1.159,0.257,82.3,86.1,76.1,79.0,25.01,25.62,24.02,24.48
99.554,4490.8,110.3,68.4,0.0,-0.02,3,4137,1.086,0.293,82.3,86.2,76.1,79.0,25.01,25.62,24.02,24.48
99.57,4491.3,110.5,74.4,0.0,0.0,3,4148,0.898,0.347,82.3,86.2,76.1,79.0,25.01,25.63,24.02,24.48
99.586,4491.8,110.7,80.4,0.0,0.0,3,4158,0.887,0.381,82.3,86.2,76.1,79.0,25.01,25.63,24.02,24.48
99.601,4492.3,110.9,87.6,0.0,0.0,3,4172,0.912,0.431,82.3,86.2,76.1,79.0,25.01,25.63,24.02,24.48
99.616,4492.7,111.1,93.6,0.0,-0.01,3,4182,0.904,0.483,82.3,86.2,76.1,79.0,25.01,25.63,24.02,24.48
99.632,4493.2,111.4,99.6,0.0,-0.01,3,4198,0.908,0.502,82.3,86.2,76.1,79.0,25.01,25.63,24.02,24.48
99.647,4493.7,111.7,100.0,0.0,-0.02,3,4205,0.917,0.522,82.3,86.2,76.1,79.0,25.01,25.63,24.02,24.48
99.663,4494.2,111.9,100.0,0.0,-0.03,3,4224,0.839,0.482,82.3,86.2,76.1,79.0,25.01,25.63,24.02,24.48
99.679,4494.7,112.2,100.0,0.0,-0.04,3,4228,0.855,0.556,82.3,86.2,76.1,79.0,25.01,25.63,24.02,24.48
99.694,4495.2,112.5,100.0,0.0,-0.05,3,4230,0.85,0.527,82.3,86.2,76.1,79.0,25.01,25.63,24.02,24.48
99.71,4495.7,112.8,100.0,0.0,-0.06,3,4248,0.851,0.491,82.3,86.2,76.1,79.0,25.01,25.63,24.02,24.48
99.725,4496.1,113.1,100.0,0.0,-0.07,3,4248,0.867,0.561,82.3,86.2,76.1,79.0,25.02,25.63,24.02,24.48
99.741,4496.6,113.3,100.0,0.0,-0.08,3,4255,0.831,0.517,82.3,86.2,76.1,79.0,25.02,25.63,24.02,24.48
99.756,4497.1,113.6,100.0,0.0,-0.09,3,4264,0.811,0.534,82.3,86.2,76.1,79.0,25.02,25.63,24.02,24.48
99.771,4497.6,113.9,100.0,0.0,-0.1,3,4268,0.822,0.548,82.3,86.2,76.1,79.0,25.02,25.63,24.02,24.48
99.787,4498.1,114.2,100.0,0.0,-0.11,3,4276,0.843,0.504,82.4,86.2,76.1,79.0,25.02,25.63,24.02,24.48
99.803,4498.6,114.5,100.0,0.0,-0.12,3,4280,0.83,0.526,82.4,86.2,76.1,79.0,25.02,25.63,24.02,24.48
99.818,4499.1,114.7,100.0,0.0,-0.13,3,4300,0.8,0.478,82.4,86.2,76.1,79.0,25.02,25.63,24.02,24.48
99.834,4499.6,115.0,100.0,0.0,-0.14,3,4317,0.795,0.498,82.4,86.2,76.1,79.0,25.02,25.63,24.02,24.48
99.849,4500.1,115.2,100.0,0.0,-0.14,3,4334,0.825,0.476,82.4,86.2,76.1,79.0,25.02,25.63,24.02,24.48
99.865,4500.6,115.6,100.0,0.0,-0.16,3,4345,0.898,0.497,82.4,86.2,76.1,79.0,25.02,25.63,24.02,24.48
99.881,4501.1,115.8,100.0,0.0,-0.16,3,4354,0.952,0.501,82.4,86.2,76.1,79.0,25.02,25.64,24.02,24.48
99.897,4501.6,116.1,100.0,0.0,-0.17,3,4369,0.98,0.468,82.4,86.2,76.1,79.0,25.02,25.64,24.02,24.48
99.912,4502.1,116.3,100.0,0.0,-0.18,3,4383,1.009,0.476,82.4,86.2,76.1,79.0,25.02,25.64,24.02,24.48
99.927,4502.6,116.6,100.0,0.0,-0.19,3,4398,1.185,0.453,82.4,86.2,76.1,79.0,25.02,25.64,24.02,24.48
99.942,4503.1,116.8,100.0,0.0,-0.2,3,4405,1.135,0.483,82.4,86.2,76.1,79.0,25.02,25.64,24.02,24.48
99.958,4503.6,117.1,100.0,0.0,-0.21,3,4417,1.132,0.475,82.4,86.2,76.1,79.0,25.02,25.64,24.02,24.48
99.973,4504.1,117.4,100.0,0.0,-0.22,3,4431,1.236,0.47,82.4,86.2,76.1,79.0,25.02,25.64,24.02,24.48
99.989,4504.6,117.6,100.0,0.0,-0.23,3,4445,1.259,0.467,82.4,86.2,76.1,79.0,25.02,25.64,24.02,24.48
100.005,4505.1,117.8,100.0,0.0,-0.23,3,4462,1.307,0.45,82.4,86.2,76.1,79.0,25.02,25.64,24.02,24.48
100.021,4505.6,118.1,100.0,0.0,-0.25,3,4454,1.372,0.474,82.4,86.3,76.1,79.0,25.02,25.64,24.02,24.49
100.037,4506.2,118.4,100.0,0.0,-0.25,3,4481,1.294,0.49,82.4,86.3,76.1,79.0,25.02,25.64,24.02,24.49
100.052,4506.7,118.6,100.0,0.0,-0.26,3,4498,1.331,0.449,82.4,86.3,76.1,79.0,25.02,25.64,24.02,24.49
100.068,4507.2,118.8,100.0,0.0,-0.27,3,4519,1.342,0.445,82.4,86.3,76.1,79.0,25.02,25.64,24.02,24.49
100.084,4507.7,119.0,100.0,0.0,-0.28,3,4539,1.415,0.457,82.4,86.3,76.1,79.0,25.02,25.64,24.02,24.49
100.099,4508.2,119.2,100.0,0.0,-0.29,3,4554,1.442,0.443,82.4,86.3,76.1,79.0,25.02,25.64,24.02,24.49
100.115,4508.8,119.5,100.0,0.0,-0.3,3,4584,1.46,0.415,82.4,86.3,76.1,79.0,25.02,25.64,24.02,24.49
100.13,4509.3,119.7,100.0,0.0,-0.31,3,4601,1.452,0.439,82.4,86.3,76.1,79.0,25.02,25.64,24.02,24.49
100.146,4509.8,119.9,100.0,0.0,-0.31,3,4620,1.512,0.427,82.4,86.3,76.1,79.0,25.02,25.65,24.02,24.49
100.162,4510.3,120.0,0.0,0.0,-0.32,3,4439,1.634,0.006,82.4,86.3,76.1,79.1,25.02,25.65,24.02,24.49
100.179,4510.9,119.9,0.0,0.0,-0.33,3,4389,1.657,-0.064,82.4,86.3,76.1,79.1,25.02,25.65,24.02,24.49
100.194,4511.4,119.8,0.0,0.0,-0.34,3,4363,1.643,-0.156,82.4,86.3,76.1,79.1,25.02,25.65,24.02,24.49
100.209,4511.9,119.7,0.0,0.0,-0.35,3,4348,1.582,-0.166,82.4,86.3,76.1,79.1,25.02,25.65,24.02,24.49
100.224,4512.4,119.6,0.0,0.0,-0.36,3,4338,1.631,-0.173,82.4,86.3,76.1,79.1,25.02,25.65,24.02,24.49
100.24,4512.9,119.4,0.0,0.0,-0.33,3,4329,1.699,-0.192,82.4,86.3,76.1,79.1,25.02,25.65,24.02,24.49
100.256,4513.4,119.2,0.0,0.0,-0.29,3,4322,1.765,-0.193,82.4,86.3,76.1,79.1,25.02,25.65,24.02,24.49
100.272,4514.0,119.1,0.0,0.0,-0.24,3,4315,1.795,-0.213,82.4,86.3,76.1,79.1,25.02,25.65,24.02,24.49
100.287,4514.5,118.9,0.0,0.0,-0.19,3,4309,1.714,-0.183,82.4,86.3,76.1,79.1,25.03,25.65,24.02,24.49
100.303,4515.0,118.8,0.0,0.0,-0.14,3,4302,1.672,-0.156,82.4,86.3,76.1,79.1,25.03,25.65,24.02,24.49
100.319,4515.5,118.6,4.8,0.0,-0.09,3,4301,1.537,-0.134,82.4,86.3,76.1,79.1,25.03,25.65,24.02,24.49
100.335,4516.1,118.5,10.8,0.0,-0.04,3,4306,1.494,-0.092,82.4,86.3,76.1,79.1,25.03,25.65,24.02,24.49
100.351,4516.6,118.4,18.0,0.0,0.0,3,4324,1.515,-0.051,82.4,86.3,76.1,79.1,25.03,25.65,24.02,24.49
100.366,4517.1,118.3,24.0,0.0,0.0,3,4349,1.443,-0.033,82.4,86.3,76.1,79.1,25.03,25.65,24.02,24.49
100.382,4517.6,118.3,30.0,0.0,0.0,3,4380,1.439,-0.004,82.4,86.3,76.1,79.1,25.03,25.66,24.02,24.49
100.397,4518.1,118.2,36.0,0.0,0.0,3,4405,1.435,0.053,82.4,86.3,76.1,79.1,25.03,25.66,24.02,24.49
100.413,4518.6,118.2,42.0,0.0,0.0,3,4424,1.544,0.105,82.4,86.4,76.1,79.1,25.03,25.66,24.01,24.49
100.429,4519.1,118.2,49.2,0.0,0.0,3,4448,1.544,0.141,82.4,86.4,76.1,79.1,25.03,25.66,24.01,24.49
100.444,4519.6,118.2,55.2,0.0,0.0,3,4471,1.62,0.156,82.4,86.4,76.1,79.1,25.03,25.66,24.01,24.49
100.459,4520.1,118.3,61.2,0.0,0.0,3,4502,1.603,0.176,82.4,86.4,76.1,79.1,25.03,25.66,24.01,24.5
100.475,4520.7,118.3,67.2,0.0,0.0,3,4540,1.593,0.196,82.4,86.4,76.1,79.1,25.03,25.66,24.01,24.5
100.491,4521.2,118.4,73.2,0.0,0.0,3,4564,1.526,0.331,82.4,86.4,76.1,79.1,25.03,25.66,24.01,24.5
100.507,4521.7,118.5,79.2,0.0,0.0,3,4563,1.544,0.421,82.4,86.4,76.1,79.1,25.03,25.66,24.01,24.5
100.522,4522.2,118.7,86.4,0.0,0.0,3,4566,1.434,0.419,82.4,86.4,76.1,79.1,25.03,25.66,24.01,24.5
100.538,4522.7,118.9,92.4,0.0,0.0,3,4563,1.478,0.487,82.4,86.4,76.1,79.1,25.03,25.66,24.01,24.5
100.553,4523.2,119.1,98.4,0.0,0.0,3,4566,1.462,0.492,82.4,86.4,76.1,79.1,25.03,25.66,24.01,24.5
100.569,4523.8,119.3,100.0,0.0,0.0,3,4590,1.341,0.491,82.4,86.4,76.1,79.1,25.03,25.66,24.01,24.5
100.584,4524.3,119.5,100.0,0.0,0.0,3,4607,1.314,0.494,82.4,86.4,76.1,79.1,25.03,25.66,24.01,24.5
100.599,4524.7,119.7,100.0,0.0,0.0,3,4623,1.308,0.493,82.4,86.4,76.1,79.1,25.03,25.66,24.01,24.5
100.614,4525.3,119.9,100.0,0.0,0.0,3,4642,1.215,0.499,82.4,86.4,76.1,79.1,25.03,25.66,24.01,24.5
100.63,4525.8,120.2,100.0,0.0,0.0,3,4663,1.136,0.468,82.4,86.4,76.1,79.1,25.03,25.66,24.01,24.5
100.645,4526.3,120.4,100.0,0.0,0.0,3,4701,1.087,0.464,82.4,86.4,76.1,79.1,25.03,25.67,24.01,24.5
100.66,4526.8,120.6,100.0,0.0,0.0,3,4732,1.018,0.475,82.4,86.4,76.1,79.1,25.03,25.67,24.01,24.5
100.676,4527.3,120.8,100.0,0.0,0.0,3,4636,1.176,0.273,82.4,86.4,76.1,79.1,25.03,25.67,24.01,24.5
100.692,4527.9,121.0,100.0,0.0,0.0,3,4679,1.203,0.46,82.4,86.4,76.1,79.1,25.03,25.67,24.01,24.5
100.708,4528.4,121.2,100.0,0.0,0.0,3,4696,1.154,0.52,82.4,86.4,76.1,79.1,25.03,25.67,24.01,24.5
100.724,4528.9,121.5,100.0,0.0,0.0,3,4719,1.135,0.468,82.5,86.4,76.1,79.1,25.03,25.67,24.01,24.5
100.739,4529.5,121.7,100.0,0.0,0.0,3,4759,1.05,0.439,82.5,86.4,76.1,79.1,25.03,25.67,24.01,24.5
100.755,4530.0,121.9,100.0,0.0,0.0,3,4761,1.218,0.565,82.5,86.4,76.1,79.1,25.03,25.67,24.01,24.5
100.77,4530.5,122.2,100.0,0.0,0.0,3,4714,1.282,0.654,82.5,86.4,76.1,79.1,25.03,25.67,24.01,24.5
100.786,4531.0,122.5,100.0,0.0,0.0,3,4686,1.219,0.569,82.5,86.4,76.1,79.2,25.03,25.67,24.01,24.5
100.801,4531.6,122.8,100.0,0.0,0.0,3,4685,1.227,0.544,82.5,86.4,76.1,79.2,25.03,25.67,24.01,24.5
100.817,4532.1,123.0,100.0,0.0,0.0,3,4687,1.177,0.513,82.5,86.4,76.1,79.2,25.03,25.67,24.01,24.51
100.833,4532.7,123.3,100.0,0.0,0.0,3,4687,1.205,0.538,82.5,86.5,76.1,79.2,25.03,25.67,24.01,24.51
100.848,4533.2,123.5,100.0,0.0,0.0,3,4688,1.127,0.549,82.5,86.5,76.1,79.2,25.03,25.67,24.01,24.51
100.864,4533.7,123.8,100.0,0.0,0.0,3,4700,1.04,0.51,82.5,86.5,76.1,79.2,25.03,25.67,24.01,24.51
100.879,4534.2,124.0,100.0,0.0,-0.0,3,4708,1.024,0.529,82.5,86.5,76.1,79.2,25.03,25.67,24.01,24.51
100.895,4534.8,124.3,100.0,0.0,-0.01,3,4722,1.044,0.511,82.5,86.5,76.1,79.2,25.03,25.67,24.01,24.51
100.91,4535.3,124.6,100.0,0.0,-0.02,3,4732,1.092,0.521,82.5,86.5,76.1,79.2,25.03,25.68,24.01,24.51
100.926,4535.8,124.8,100.0,0.0,-0.03,3,4752,0.983,0.462,82.5,86.5,76.1,79.2,25.03,25.68,24.01,24.51
100.942,4536.4,125.0,100.0,0.0,-0.03,3,4785,0.961,0.448,82.5,86.5,76.1,79.2,25.03,25.68,24.01,24.51
100.957,4536.9,125.3,100.0,0.0,-0.04,3,4815,1.001,0.495,82.5,86.5,76.1,79.2,25.03,25.68,24.01,24.51
100.972,4537.5,125.6,100.0,0.0,-0.05,3,4797,1.042,0.582,82.5,86.5,76.1,79.2,25.04,25.68,24.01,24.51
100.987,4538.0,125.9,100.0,0.0,-0.06,3,4769,1.093,0.567,82.5,86.5,76.1,79.2,25.04,25.68,24.01,24.51
101.003,4538.6,126.1,100.0,0.0,-0.07,3,4768,1.001,0.523,82.5,86.5,76.1,79.2,25.04,25.68,24.01,24.51
101.019,4539.1,126.4,100.0,0.0,-0.08,3,4776,0.984,0.513,82.5,86.5,76.1,79.2,25.04,25.68,24.01,24.51
101.034,4539.6,126.7,100.0,0.0,-0.08,3,4780,1.052,0.547,82.5,86.5,76.1,79.2,25.04,25.68,24.01,24.51
101.05,4540.2,126.9,100.0,0.0,-0.09,3,4773,1.159,0.508,82.5,86.5,76.1,79.2,25.04,25.68,24.01,24.51
101.065,4540.7,127.2,100.0,0.0,-0.1,3,4783,1.121,0.496,82.5,86.5,76.1,79.2,25.04,25.68,24.01,24.51
101.081,4541.3,127.5,100.0,0.0,-0.11,3,4820,1.009,0.452,82.5,86.5,76.1,79.2,25.04,25.68,24.01,24.51
101.096,4541.8,127.7,100.0,0.0,-0.12,3,4858,0.931,0.471,82.5,86.5,76.1,79.2,25.04,25.68,24.01,24.51
101.112,4542.4,127.9,100.0,0.0,-0.12,3,4866,1.023,0.553,82.5,86.5,76.1,79.2,25.04,25.68,24.01,24.51
101.127,4542.9,128.2,100.0,0.0,-0.13,3,4832,1.13,0.578,82.5,86.5,76.1,79.2,25.04,25.68,24.01,24.51
101.142,4543.5,128.5,100.0,0.0,-0.14,3,4842,1.071,0.501,82.5,86.5,76.1,79.2,25.04,25.68,24.01,24.51
101.158,4544.0,128.7,100.0,0.0,-0.15,3,4902,1.104,0.378,82.5,86.5,76.1,79.2,25.04,25.68,24.01,24.52
101.174,4544.6,128.9,100.0,0.0,-0.15,3,4936,1.16,0.434,82.5,86.5,76.1,79.2,25.04,25.69,24.01,24.52
101.19,4545.2,129.2,100.0,0.0,-0.16,3,4920,1.242,0.558,82.5,86.5,76.1,79.2,25.04,25.69,24.01,24.52
101.205,4545.7,129.4,100.0,0.0,-0.17,3,4907,1.315,0.519,82.5,86.5,76.1,79.2,25.04,25.69,24.01,24.52
101.22,4546.3,129.7,0.0,0.0,-0.18,3,4853,1.394,0.498,82.5,86.5,76.1,79.2,25.04,25.69,24.01,24.52
101.236,4546.8,129.8,0.0,0.0,-0.19,3,4708,1.453,-0.056,82.5,86.6,76.1,79.2,25.04,25.69,24.01,24.52
101.251,4547.4,129.7,0.0,0.0,-0.19,3,4706,1.386,-0.154,82.5,86.6,76.1,79.2,25.04,25.69,24.01,24.52
101.267,4548.0,129.6,0.0,0.0,-0.2,3,4704,1.408,-0.128,82.5,86.6,76.1,79.2,25.04,25.69,24.01,24.52
101.283,4548.5,129.5,0.0,0.0,-0.21,3,4700,1.393,-0.153,82.5,86.6,76.1,79.2,25.04,25.69,24.01,24.52
101.299,4549.1,129.4,0.0,0.0,-0.22,3,4694,1.581,-0.161,82.5,86.6,76.0,79.2,25.04,25.69,24.01,24.52
101.315,4549.7,129.3,0.0,0.0,-0.22,3,4691,1.534,-0.193,82.5,86.6,76.0,79.2,25.04,25.69,24.01,24.52
101.331,4550.2,129.2,0.0,0.0,-0.23,3,4688,1.628,-0.19,82.5,86.6,76.0,79.2,25.04,25.69,24.01,24.52
101.347,4550.8,129.0,0.0,0.0,-0.24,3,4687,1.651,-0.212,82.5,86.6,76.0,79.3,25.04,25.69,24.01,24.52
101.362,4551.4,128.9,0.0,0.0,-0.25,3,4685,1.691,-0.188,82.5,86.6,76.0,79.3,25.04,25.7,24.01,24.52
101.378,4551.9,128.8,0.0,0.0,-0.26,3,4682,1.717,-0.2,82.5,86.6,76.0,79.3,25.04,25.7,24.01,24.52
101.393,4552.5,128.6,0.0,0.0,-0.26,3,4676,1.772,-0.186,82.5,86.6,76.0,79.3,25.04,25.7,24.01,24.52
101.409,4553.0,128.5,0.0,0.0,-0.27,3,4671,1.759,-0.169,82.5,86.6,76.0,79.3,25.04,25.7,24.01,24.52
101.424,4553.6,128.4,2.4,0.0,-0.28,3,4667,1.749,-0.177,82.5,86.6,76.0,79.3,25.04,25.7,24.01,24.52
101.44,4554.2,128.2,9.6,0.0,-0.29,3,4672,1.662,-0.173,82.5,86.6,76.0,79.3,25.04,25.7,24.01,24.52
101.455,4554.7,128.1,15.6,0.0,-0.3,3,4681,1.657,-0.132,82.5,86.6,76.0,79.3,25.04,25.7,24.01,24.52
101.471,4555.3,128.1,21.6,0.0,-0.3,3,4693,1.693,-0.093,82.5,86.6,76.0,79.3,25.04,25.7,24.01,24.52
101.486,4555.8,128.0,27.6,0.0,-0.31,3,4707,1.649,-0.078,82.5,86.6,76.0,79.3,25.04,25.7,24.01,24.53
101.502,4556.4,127.9,33.6,0.0,-0.32,3,4718,1.66,-0.004,82.5,86.6,76.0,79.3,25.04,25.7,24.01,24.53
101.517,4556.9,127.9,39.6,0.0,-0.33,3,4736,1.588,0.016,82.5,86.6,76.0,79.3,25.04,25.7,24.01,24.53
101.532,4557.4,127.9,45.6,0.0,-0.28,3,4755,1.711,0.029,82.5,86.7,76.0,79.3,25.04,25.7,24.01,24.53
101.548,4558.0,127.9,52.8,0.0,-0.22,3,4772,1.723,0.072,82.5,86.7,76.0,79.3,25.04,25.7,24.01,24.53
101.564,4558.6,127.9,58.8,0.0,-0.17,3,4792,1.673,0.138,82.5,86.7,76.0,79.3,25.04,25.71,24.0,24.53
101.58,4559.1,127.9,64.8,0.0,-0.13,3,4817,1.594,0.191,82.5,86.7,76.0,79.3,25.04,25.71,24.0,24.53
101.595,4559.7,128.0,70.8,0.0,-0.08,3,4841,1.553,0.243,82.5,86.7,76.0,79.3,25.04,25.71,24.0,24.53
101.61,4560.2,128.1,76.8,0.0,-0.03,3,4857,1.552,0.315,82.5,86.7,76.0,79.3,25.04,25.71,24.0,24.53
101.626,4560.8,128.3,84.0,0.0,0.0,3,4879,1.432,0.37,82.5,86.7,76.0,79.3,25.04,25.71,24.0,24.53
101.642,4561.3,128.5,90.0,0.0,0.0,3,4892,1.476,0.43,82.5,86.7,76.0,79.3,25.04,25.71,24.0,24.53
101.657,4561.9,128.6,96.0,0.0,0.0,3,4913,1.47,0.444,82.5,86.7,76.0,79.3,25.04,25.71,24.0,24.53
101.674,4562.5,128.9,100.0,0.0,-0.0,3,4939,1.448,0.473,82.5,86.7,76.0,79.3,25.04,25.71,24.0,24.53
101.689,4563.0,129.1,100.0,0.0,-0.01,3,4943,1.497,0.512,82.5,86.7,76.0,79.3,25.04,25.71,24.0,24.53
101.705,4563.6,129.4,100.0,0.0,-0.02,3,4945,1.467,0.55,82.5,86.7,76.0,79.3,25.04,25.71,24.0,24.53
101.72,4564.2,129.6,100.0,0.0,-0.03,3,4943,1.529,0.553,82.5,86.7,76.0,79.3,25.04,25.71,24.0,24.53
101.736,4564.7,129.8,100.0,0.0,-0.03,3,4946,1.496,0.506,82.5,86.7,76.0,79.3,25.04,25.71,24.0,24.53
101.752,4565.3,130.1,100.0,0.0,-0.04,3,4951,1.503,0.505,82.5,86.7,76.0,79.3,25.04,25.71,24.0,24.53
101.767,4565.8,130.3,100.0,0.0,-0.05,3,4955,1.528,0.523,82.5,86.7,76.0,79.3,25.04,25.72,24.0,24.54
101.783,4566.4,130.6,100.0,0.0,-0.06,3,4958,1.513,0.522,82.5,86.7,76.0,79.3,25.04,25.72,24.0,24.54
101.799,4567.0,130.8,100.0,0.0,-0.06,3,4968,1.446,0.499,82.5,86.7,76.0,79.4,25.04,25.72,24.0,24.54
101.814,4567.5,131.0,100.0,0.0,-0.07,3,4977,1.424,0.494,82.5,86.7,76.0,79.4,25.04,25.72,24.0,24.54
101.83,4568.1,131.2,100.0,0.0,-0.08,3,4983,1.461,0.498,82.5,86.7,76.0,79.4,25.04,25.72,24.0,24.54
101.846,4568.7,131.5,100.0,0.0,-0.09,3,4986,1.464,0.518,82.5,86.7,76.0,79.4,25.04,25.72,24.0,24.54
101.861,4569.3,131.8,100.0,0.0,-0.09,3,4990,1.42,0.508,82.5,86.7,76.0,79.4,25.04,25.72,24.0,24.54
101.877,4569.8,132.0,100.0,0.0,-0.08,3,5004,1.421,0.476,82.5,86.8,76.0,79.4,25.04,25.72,24.0,24.54
101.893,4570.4,132.2,100.0,0.0,-0.03,3,5006,1.344,0.499,82.5,86.8,76.0,79.4,25.04,25.72,24.0,24.54
101.909,4571.0,132.5,100.0,0.0,0.0,3,5008,1.205,0.544,82.5,86.8,76.0,79.4,25.04,25.72,24.0,24.54
101.925,4571.6,132.8,100.0,0.0,0.0,3,5011,1.133,0.508,82.5,86.8,76.0,79.4,25.04,25.72,24.0,24.54
101.939,4572.1,133.1,100.0,0.0,0.0,3,5020,1.093,0.519,82.5,86.8,76.0,79.4,25.04,25.72,24.0,24.54
101.954,4572.7,133.3,100.0,0.0,0.0,3,5020,1.071,0.536,82.5,86.8,76.0,79.4,25.04,25.72,24.0,24.54
101.969,4573.3,133.6,100.0,0.0,0.0,3,5021,1.074,0.54,82.5,86.8,76.0,79.4,25.04,25.72,24.0,24.54
101.985,4573.8,133.8,100.0,0.0,-0.0,3,5026,1.022,0.517,82.5,86.8,76.0,79.4,25.04,25.73,24.0,24.54
102.001,4574.4,134.1,100.0,0.0,-0.01,3,5036,0.943,0.494,82.5,86.8,76.0,79.4,25.04,25.73,24.0,24.54
102.016,4575.0,134.4,100.0,0.0,-0.02,3,5050,0.891,0.492,82.5,86.8,76.0,79.4,25.04,25.73,24.0,24.55
102.032,4575.6,134.7,100.0,0.0,-0.03,3,5060,0.896,0.509,82.5,86.8,76.0,79.4,25.04,25.73,24.0,24.55
102.047,4576.2,134.9,100.0,0.0,-0.03,3,5058,0.862,0.545,82.5,86.8,76.0,79.4,25.04,25.73,24.0,24.55
102.062,4576.7,135.2,100.0,0.0,-0.04,3,5063,0.85,0.513,82.5,86.8,76.0,79.4,25.04,25.73,24.0,24.55
102.078,4577.3,135.5,100.0,0.0,-0.05,3,5073,0.794,0.496,82.5,86.8,76.0,79.4,25.04,25.73,24.0,24.55
102.094,4577.9,135.8,100.0,0.0,-0.05,3,5084,0.802,0.512,82.5,86.8,76.0,79.4,25.04,25.73,24.0,24.55
102.109,4578.5,136.0,100.0,0.0,-0.06,3,5086,0.806,0.528,82.5,86.8,76.0,79.4,25.04,25.73,24.0,24.55
102.125,4579.1,136.3,100.0,0.0,-0.07,3,5093,0.776,0.471,82.5,86.8,76.0,79.4,25.04,25.73,24.0,24.55
102.141,4579.7,136.6,100.0,0.0,-0.08,3,5104,0.805,0.488,82.5,86.8,76.0,79.4,25.04,25.73,24.0,24.55
102.157,4580.3,136.8,100.0,0.0,-0.08,3,5115,0.775,0.49,82.5,86.8,76.0,79.4,25.04,25.73,24.0,24.55
102.172,4580.9,137.1,100.0,0.0,-0.09,3,5123,0.795,0.491,82.5,86.8,76.0,79.4,25.04,25.73,24.0,24.55
102.188,4581.5,137.4,100.0,0.0,-0.1,3,5137,0.823,0.487,82.5,86.8,76.0,79.4,25.04,25.73,24.0,24.55
102.204,4582.1,137.6,0.0,0.0,-0.1,3,5089,0.812,0.486,82.5,86.8,76.0,79.4,25.04,25.73,24.0,24.55
102.219,4582.7,137.8,0.0,0.0,-0.11,3,4983,0.887,-0.069,82.5,86.8,76.0,79.5,25.04,25.73,24.0,24.55
102.235,4583.3,137.6,0.0,0.0,-0.12,3,5005,0.952,-0.136,82.5,86.8,76.0,79.5,25.04,25.74,24.0,24.55
102.25,4583.9,137.6,0.0,0.0,-0.13,3,4999,0.991,-0.131,82.5,86.9,76.0,79.5,25.04,25.74,24.0,24.55
102.266,4584.5,137.5,0.0,0.0,-0.13,3,4997,1.042,-0.162,82.5,86.9,76.0,79.5,25.04,25.74,24.0,24.55
102.282,4585.1,137.4,0.0,0.0,-0.14,3,4995,1.064,-0.147,82.5,86.9,76.0,79.5,25.04,25.74,24.0,24.55
102.298,4585.7,137.3,0.0,0.0,-0.15,3,4991,1.132,-0.179,82.5,86.9,76.0,79.5,25.04,25.74,24.0,24.55
102.313,4586.3,137.2,0.0,0.0,-0.15,3,4989,1.195,-0.151,82.5,86.9,76.0,79.5,25.04,25.74,24.0,24.56
102.329,4586.9,137.1,0.0,0.0,-0.16,3,4985,1.238,-0.148,82.5,86.9,76.0,79.5,25.04,25.74,24.0,24.56
102.345,4587.5,137.0,0.0,0.0,-0.17,3,4982,1.274,-0.15,82.5,86.9,76.0,79.5,25.04,25.74,24.0,24.56
102.36,4588.0,136.9,0.0,0.0,-0.17,3,4978,1.288,-0.18,82.5,86.9,76.0,79.5,25.04,25.74,24.0,24.56
102.375,4588.6,136.8,0.0,0.0,-0.18,3,4972,1.336,-0.176,82.5,86.9,76.0,79.5,25.04,25.74,24.0,24.56
102.391,4589.2,136.7,0.0,0.0,-0.19,3,4968,1.378,-0.15,82.5,86.9,76.0,79.5,25.04,25.74,24.0,24.56
102.406,4589.8,136.6,0.0,0.0,-0.19,3,4964,1.398,-0.15,82.5,86.9,76.0,79.5,25.04,25.74,24.0,24.56
102.421,4590.4,136.5,0.0,0.0,-0.2,3,4959,1.506,-0.164,82.5,86.9,76.0,79.5,25.04,25.74,24.0,24.56
102.437,4591.0,136.4,0.0,0.0,-0.21,3,4954,1.553,-0.202,82.5,86.9,76.0,79.5,25.04,25.75,24.0,24.56
102.452,4591.6,136.2,0.0,0.0,-0.22,3,4951,1.595,-0.202,82.5,86.9,76.0,79.5,25.04,25.75,24.0,24.56
102.468,4592.1,136.1,0.0,0.0,-0.22,3,4947,1.634,-0.195,82.5,86.9,76.0,79.5,25.04,25.75,24.0,24.56
102.483,4592.7,136.0,0.0,0.0,-0.23,3,4942,1.667,-0.206,82.5,86.9,76.0,79.5,25.04,25.75,24.0,24.56
102.498,4593.3,135.9,0.0,0.0,-0.24,3,4937,1.676,-0.207,82.5,86.9,76.0,79.5,25.04,25.75,24.0,24.56
102.514,4593.9,135.7,0.0,0.0,-0.24,3,4930,1.679,-0.191,82.5,86.9,76.0,79.5,25.04,25.75,24.0,24.56
102.529,4594.4,135.6,0.0,0.0,-0.25,3,4923,1.726,-0.19,82.5,86.9,76.0,79.5,25.04,25.75,24.0,24.56
102.545,4595.0,135.5,0.0,0.0,-0.26,3,4916,1.64,-0.2,82.5,86.9,76.0,79.5,25.04,25.75,24.0,24.56
102.561,4595.6,135.3,0.0,0.0,-0.27,3,4909,1.675,-0.195,82.5,87.0,76.0,79.5,25.04,25.75,24.0,24.56
102.576,4596.2,135.2,0.0,0.0,-0.27,3,4902,1.703,-0.197,82.5,87.0,76.0,79.5,25.04,25.75,24.0,24.57
102.591,4596.8,135.0,0.0,0.0,-0.28,3,4897,1.802,-0.221,82.5,87.0,76.0,79.5,25.04,25.75,24.0,24.57
102.607,4597.4,134.8,0.0,0.0,-0.29,3,4890,1.799,-0.205,82.5,87.0,76.0,79.5,25.04,25.76,24.0,24.57
102.623,4598.0,134.7,0.0,0.0,-0.3,3,4885,1.78,-0.235,82.5,87.0,76.0,79.5,25.04,25.76,24.0,24.57
102.639,4598.6,134.5,0.0,0.0,-0.3,3,4879,1.829,-0.23,82.5,87.0,76.0,79.5,25.04,25.76,24.0,24.57
102.655,4599.2,134.3,0.0,0.0,-0.31,3,4873,1.87,-0.223,82.5,87.0,76.0,79.6,25.04,25.76,24.0,24.57
102.67,4599.7,134.1,0.0,0.0,-0.32,3,4864,1.718,-0.202,82.5,87.0,76.0,79.6,25.04,25.76,24.0,24.57
102.686,4600.3,134.0,0.0,0.0,-0.33,3,4856,1.579,-0.161,82.5,87.0,76.0,79.6,25.04,25.76,24.0,24.57
102.702,4600.9,133.9,0.0,0.0,-0.33,3,4847,1.569,-0.184,82.5,87.0,76.0,79.6,25.04,25.76,24.0,24.57
102.717,4601.5,133.7,0.0,0.0,-0.34,3,4840,1.376,-0.157,82.5,87.0,76.0,79.6,25.04,25.76,24.0,24.57
102.733,4602.1,133.6,0.0,0.0,-0.35,3,4828,1.38,-0.147,82.5,87.0,76.0,79.6,25.04,25.76,24.0,24.57
102.749,4602.7,133.4,0.0,0.0,-0.36,3,4818,1.422,-0.2,82.5,87.0,76.0,79.6,25.04,25.76,24.0,24.57
102.765,4603.2,133.3,3.6,0.0,-0.36,3,4813,1.111,-0.137,82.5,87.0,76.0,79.6,25.04,25.76,24.0,24.57
102.78,4603.8,133.1,9.6,0.0,-0.37,3,4820,0.927,-0.114,82.5,87.0,76.0,79.6,25.04,25.76,24.0,24.57
102.796,4604.4,133.1,15.6,0.0,-0.38,3,4835,1.308,-0.164,82.5,87.0,76.0,79.6,25.04,25.76,24.0,24.57
102.811,4605.0,132.9,22.8,0.0,-0.39,3,4862,1.088,-0.122,82.5,87.0,76.0,79.6,25.04,25.77,24.0,24.57
102.827,4605.5,132.8,28.8,0.0,-0.39,3,4890,1.204,-0.05,82.5,87.0,76.0,79.6,25.04,25.77,24.0,24.57
102.842,4606.1,132.7,34.8,0.0,-0.4,3,4920,1.107,-0.045,82.5,87.0,76.0,79.6,25.04,25.77,24.0,24.57
102.857,4606.7,132.7,40.8,0.0,-0.41,3,4954,0.787,-0.076,82.5,87.0,76.0,79.6,25.04,25.77,24.0,24.57
102.873,4607.2,132.7,46.8,0.0,-0.41,3,4987,1.132,0.029,82.5,87.0,76.0,79.6,25.04,25.77,24.0,24.58
102.888,4607.8,132.6,52.8,0.0,-0.42,3,5067,0.923,-0.088,82.5,87.0,76.0,79.6,25.04,25.77,24.0,24.58
102.903,4608.4,132.5,58.8,0.0,-0.43,3,5091,1.326,0.119,82.5,87.1,76.0,79.6,25.04,25.77,23.99,24.58
102.918,4608.9,132.6,64.8,0.0,-0.44,3,5081,1.35,0.238,82.5,87.1,76.0,79.6,25.04,25.77,23.99,24.58
102.934,4609.5,132.6,70.8,0.0,-0.44,3,5091,1.152,0.19,82.5,87.1,76.0,79.6,25.04,25.77,23.99,24.58
102.949,4610.0,132.7,78.0,0.0,-0.43,3,5122,1.177,0.24,82.5,87.1,76.0,79.6,25.04,25.77,23.99,24.58
102.964,4610.6,132.8,84.0,0.0,-0.38,3,5143,1.232,0.281,82.5,87.1,76.0,79.6,25.04,25.77,23.99,24.58
102.98,4611.2,132.9,90.0,0.0,-0.34,3,5165,1.259,0.295,82.5,87.1,76.0,79.6,25.04,25.77,23.99,24.58
102.995,4611.8,133.0,96.0,0.0,-0.29,3,5186,1.301,0.357,82.5,87.1,76.0,79.6,25.04,25.77,23.99,24.58
103.011,4612.3,133.1,100.0,0.0,-0.24,3,5205,1.312,0.38,82.5,87.1,76.0,79.6,25.04,25.77,23.99,24.58
103.027,4612.9,133.2,100.0,0.0,-0.18,3,5278,1.124,0.316,82.5,87.1,76.0,79.6,25.04,25.78,23.99,24.58
103.043,4613.5,133.3,100.0,0.0,-0.14,3,5201,1.105,0.226,82.5,87.1,76.0,79.6,25.04,25.78,23.99,24.58
103.059,4614.1,133.4,100.0,0.0,-0.09,3,5288,1.031,0.287,82.5,87.1,76.0,79.6,25.04,25.78,23.99,24.58
103.075,4614.7,133.5,100.0,0.0,-0.04,3,5186,0.963,0.259,82.5,87.1,76.0,79.6,25.04,25.78,23.99,24.58
103.09,4615.3,133.6,100.0,0.0,0.0,3,5132,1.176,0.381,82.5,87.1,76.0,79.6,25.04,25.78,23.99,24.58
103.106,4615.9,133.7,100.0,0.0,0.0,3,5228,1.106,0.285,82.5,87.1,76.0,79.7,25.04,25.78,23.99,24.58
103.122,4616.4,133.7,100.0,0.0,0.0,3,5268,1.103,0.348,82.5,87.1,76.0,79.7,25.04,25.78,23.99,24.59
103.137,4617.0,133.8,100.0,0.0,0.0,3,5268,0.753,0.023,82.5,87.1,76.0,79.7,25.04,25.78,23.99,24.59
103.153,4617.6,133.9,100.0,0.0,0.0,3,5172,1.016,0.362,82.5,87.1,76.0,79.7,25.04,25.78,23.99,24.59
103.169,4618.2,134.0,100.0,0.0,0.0,3,5279,1.366,0.343,82.5,87.1,76.0,79.7,25.04,25.78,23.99,24.59
103.184,4618.8,134.1,100.0,0.0,0.0,3,5379,0.957,0.191,82.5,87.1,76.0,79.7,25.04,25.78,23.99,24.59
103.2,4619.3,134.2,100.0,0.0,0.0,3,5269,1.341,0.393,82.5,87.1,76.0,79.7,25.04,25.78,23.99,24.59
103.215,4619.9,134.2,100.0,0.0,0.0,3,5387,1.124,0.317,82.5,87.2,76.0,79.7,25.04,25.78,23.99,24.59
103.23,4620.5,134.3,100.0,0.0,0.0,3,5271,1.068,0.176,82.5,87.2,76.0,79.7,25.04,25.79,23.99,24.59
103.246,4621.1,134.3,100.0,0.0,0.0,3,5119,1.102,0.085,82.5,87.2,76.0,79.7,25.04,25.79,23.99,24.59
103.261,4621.6,134.4,100.0,0.0,0.0,3,5194,1.395,0.411,82.5,87.2,76.0,79.7,25.04,25.79,23.99,24.59
103.276,4622.2,134.4,100.0,0.0,0.0,3,5273,1.386,0.393,82.5,87.2,76.0,79.7,25.05,25.79,23.99,24.59
103.292,4622.8,134.5,100.0,0.0,0.0,3,5358,0.965,0.149,82.5,87.2,76.0,79.7,25.05,25.79,23.99,24.59
103.308,4623.4,134.7,100.0,0.0,0.0,3,5234,1.136,0.469,82.5,87.2,76.0,79.7,25.05,25.79,23.99,24.59
103.324,4624.0,134.8,100.0,0.0,0.0,3,5319,1.16,0.465,82.5,87.2,76.0,79.7,25.05,25.79,23.99,24.59
103.339,4624.5,134.8,100.0,0.0,0.0,3,5411,0.864,0.252,82.5,87.2,76.0,79.7,25.05,25.79,23.99,24.59
103.355,4625.1,135.0,100.0,0.0,0.0,3,5327,0.718,0.124,82.5,87.2,76.0,79.7,25.05,25.79,23.99,24.6
103.371,4625.7,135.1,100.0,0.0,0.01,3,5355,1.359,0.465,82.5,87.2,76.0,79.7,25.05,25.79,23.99,24.6
103.386,4626.3,135.1,100.0,0.0,0.02,3,5335,1.141,0.152,82.5,87.2,76.0,79.7,25.05,25.79,23.99,24.6
103.401,4626.9,135.1,100.0,0.0,0.02,3,5430,0.992,0.119,82.5,87.2,76.0,79.7,25.05,25.79,23.99,24.6
103.417,4627.5,135.3,100.0,0.0,0.03,3,5300,1.4,0.556,82.5,87.2,76.0,79.7,25.05,25.79,23.99,24.6
103.432,4628.0,135.3,100.0,0.0,0.04,3,5377,1.107,0.489,82.5,87.2,76.0,79.7,25.05,25.8,23.99,24.6
103.448,4628.6,135.4,100.0,0.0,0.04,3,5180,1.386,0.373,82.5,87.2,76.0,79.8,25.05,25.8,23.99,24.6
103.464,4629.2,135.5,100.0,0.0,0.05,3,5250,0.97,0.107,82.5,87.2,76.0,79.8,25.05,25.8,23.99,24.6
103.48,4629.8,135.5,100.0,0.0,0.06,3,5318,1.145,0.429,82.5,87.2,76.0,79.8,25.05,25.8,23.99,24.6
103.495,4630.4,135.6,100.0,0.0,0.07,3,5273,1.193,0.477,82.5,87.2,76.0,79.8,25.05,25.8,23.99,24.6
103.51,4631.0,135.7,100.0,0.0,0.07,3,5337,1.083,0.299,82.5,87.2,76.0,79.8,25.05,25.8,23.99,24.6
103.525,4631.5,135.8,100.0,0.0,0.06,3,5418,0.838,0.13,82.5,87.3,76.0,79.8,25.05,25.8,23.99,24.6
103.541,4632.1,135.9,100.0,0.0,0.01,3,5288,1.293,0.42,82.5,87.3,76.0,79.8,25.05,25.8,23.99,24.6
103.556,4632.7,136.0,100.0,0.0,0.0,3,5442,0.924,0.145,82.5,87.3,76.0,79.8,25.05,25.8,23.99,24.61
103.572,4633.3,136.0,100.0,0.0,0.0,3,5377,0.88,0.134,82.5,87.3,76.0,79.8,25.05,25.8,23.99,24.61
103.587,4633.9,136.1,100.0,0.0,0.0,3,5295,1.215,0.458,82.5,87.3,76.0,79.8,25.05,25.8,23.99,24.61
103.603,4634.5,136.2,100.0,0.0,0.0,3,5393,1.048,0.399,82.5,87.3,76.0,79.8,25.05,25.8,23.99,24.61
103.619,4635.1,136.3,100.0,0.0,0.01,3,5292,1.309,0.415,82.5,87.3,76.0,79.8,25.05,25.8,23.99,24.61
103.635,4635.7,136.4,100.0,0.0,0.01,3,5370,0.915,0.198,82.5,87.3,76.0,79.8,25.05,25.81,23.99,24.61
103.65,4636.3,136.5,100.0,0.0,0.02,3,5423,1.089,0.383,82.5,87.3,76.0,79.8,25.05,25.81,24.0,24.61
103.665,4636.8,136.6,100.0,0.0,0.03,3,5330,1.223,0.303,82.5,87.3,76.0,79.8,25.05,25.81,24.0,24.61
103.681,4637.4,136.7,100.0,0.0,0.03,3,5405,1.403,0.358,82.5,87.3,76.0,79.8,25.05,25.81,24.0,24.61
103.697,4638.0,136.9,100.0,0.0,0.04,3,5398,1.337,0.354,82.5,87.3,76.0,79.8,25.05,25.81,24.0,24.61
103.712,4638.6,136.9,100.0,0.0,0.05,3,5358,1.373,0.321,82.5,87.3,76.0,79.8,25.05,25.81,24.0,24.61
103.728,4639.2,137.0,100.0,0.0,0.05,3,5427,1.327,0.352,82.5,87.3,76.0,79.8,25.05,25.81,24.0,24.61
103.744,4639.8,137.1,100.0,0.0,0.05,3,5337,1.23,0.239,82.5,87.3,76.0,79.8,25.05,25.81,24.0,24.62
103.759,4640.4,137.2,100.0,0.0,0.0,3,5411,1.533,0.26,82.5,87.3,76.0,79.9,25.05,25.81,24.0,24.62
103.775,4641.0,137.3,100.0,0.0,0.0,3,5465,1.346,0.323,82.5,87.3,76.0,79.9,25.05,25.81,24.0,24.62
103.79,4641.6,137.4,100.0,0.0,0.0,3,5358,1.054,0.319,82.5,87.3,76.0,79.9,25.05,25.82,24.0,24.62
103.806,4642.2,137.5,100.0,0.0,0.0,3,5409,1.347,0.361,82.5,87.4,76.0,79.9,25.05,25.82,24.0,24.62
103.821,4642.8,137.7,100.0,0.0,0.0,3,5423,1.3,0.54,82.5,87.4,76.0,79.9,25.05,25.82,24.0,24.62
103.837,4643.4,138.0,100.0,0.0,0.0,3,5405,1.202,0.54,82.5,87.4,76.0,79.9,25.05,25.82,24.0,24.62
103.854,4644.0,138.2,100.0,0.0,0.0,3,5390,1.27,0.533,82.5,87.4,76.0,79.9,25.05,25.82,24.0,24.62
103.869,4644.6,138.4,100.0,0.0,0.0,3,5337,1.484,0.54,82.5,87.4,76.0,79.9,25.05,25.82,24.0,24.62
103.885,4645.2,138.5,100.0,0.0,0.0,3,5438,1.015,0.135,82.5,87.4,76.0,79.9,25.05,25.82,24.0,24.62
103.9,4645.8,138.6,100.0,0.0,0.0,3,5489,0.965,0.2,82.5,87.4,76.0,79.9,25.05,25.82,24.0,24.62
103.916,4646.4,138.9,100.0,0.0,0.0,3,5453,1.665,0.698,82.5,87.4,76.0,79.9,25.04,25.82,24.0,24.62
103.932,4647.0,139.0,100.0,0.0,0.01,3,5454,1.367,0.554,82.5,87.4,76.0,79.9,25.04,25.82,24.0,24.63
103.948,4647.7,139.2,100.0,0.0,0.01,3,5419,1.566,0.553,82.5,87.4,76.0,79.9,25.04,25.82,24.0,24.63
103.963,4648.3,139.5,100.0,0.0,0.02,3,5416,1.418,0.44,82.5,87.4,76.0,79.9,25.04,25.82,24.0,24.63
103.979,4648.9,139.7,100.0,0.0,0.03,3,5426,1.449,0.476,82.5,87.4,76.0,79.9,25.04,25.83,24.0,24.63
103.994,4649.5,139.9,100.0,0.0,0.03,3,5440,1.419,0.462,82.5,87.4,76.0,79.9,25.04,25.83,24.0,24.63
104.01,4650.1,140.1,100.0,0.0,0.04,3,5443,1.432,0.504,82.5,87.4,76.0,79.9,25.04,25.83,24.0,24.63
104.025,4650.7,140.3,100.0,0.0,0.05,3,5444,1.37,0.494,82.5,87.4,76.0,79.9,25.04,25.83,24.0,24.63
104.041,4651.3,140.5,100.0,0.0,0.05,3,5429,1.344,0.551,82.5,87.4,76.0,79.9,25.04,25.83,24.0,24.63
104.057,4651.9,140.8,100.0,0.0,0.06,3,5412,1.326,0.552,82.5,87.4,76.0,80.0,25.04,25.83,24.0,24.63
104.072,4652.5,141.0,100.0,0.0,0.07,3,5389,1.332,0.56,82.5,87.4,76.0,80.0,25.04,25.83,24.0,24.63
104.088,4653.1,141.3,100.0,0.0,0.07,3,5367,1.308,0.557,82.5,87.4,76.0,80.0,25.04,25.83,24.0,24.63
104.104,4653.8,141.6,100.0,0.0,0.08,3,5357,1.266,0.528,82.5,87.5,76.0,80.0,25.04,25.83,24.0,24.64
104.12,4654.4,141.8,100.0,0.0,0.09,3,5355,1.195,0.519,82.5,87.5,76.0,80.0,25.04,25.83,24.0,24.64
104.136,4655.0,142.1,100.0,0.0,0.09,3,5357,1.116,0.522,82.5,87.5,76.0,80.0,25.04,25.83,24.0,24.64
104.152,4655.6,142.4,100.0,0.0,0.1,3,5364,1.012,0.505,82.5,87.5,76.0,80.0,25.04,25.84,24.0,24.64
104.167,4656.3,142.6,100.0,0.0,0.11,3,5371,0.864,0.486,82.5,87.5,76.0,80.0,25.04,25.84,24.0,24.64
104.183,4656.9,142.9,100.0,0.0,0.11,3,5375,0.711,0.525,82.5,87.5,76.0,80.0,25.04,25.84,24.0,24.64
104.199,4657.5,143.2,100.0,0.0,0.12,3,5379,0.54,0.512,82.5,87.5,76.0,80.0,25.04,25.84,24.0,24.64
104.214,4658.1,143.4,100.0,0.0,0.13,3,5369,0.419,0.561,82.5,87.5,76.0,80.0,25.04,25.84,24.0,24.64
104.23,4658.7,143.8,100.0,0.0,0.13,3,5369,0.185,0.503,82.5,87.5,76.0,80.0,25.04,25.84,24.0,24.64
104.246,4659.4,144.0,100.0,0.0,0.14,3,5381,0.009,0.513,82.5,87.5,76.0,80.0,25.04,25.84,24.0,24.64
104.261,4660.0,144.3,100.0,0.0,0.15,3,5396,-0.184,0.459,82.5,87.5,76.0,80.0,25.04,25.84,24.0,24.64
104.276,4660.6,144.5,100.0,0.0,0.15,3,5409,-0.368,0.47,82.5,87.5,76.0,80.0,25.04,25.84,24.0,24.65
104.292,4661.2,144.8,100.0,0.0,0.16,3,5423,-0.56,0.483,82.5,87.5,76.0,80.0,25.04,25.84,24.0,24.65
104.308,4661.9,145.0,100.0,0.0,0.17,3,5433,-0.711,0.47,82.5,87.5,76.0,80.0,25.04,25.84,24.0,24.65
104.324,4662.5,145.3,100.0,0.0,0.17,3,5447,-0.892,0.451,82.5,87.5,76.0,80.0,25.05,25.84,24.0,24.65
104.34,4663.2,145.6,100.0,0.0,0.18,3,5461,-1.001,0.447,82.5,87.5,76.0,80.0,25.05,25.84,24.0,24.65
104.355,4663.8,145.8,100.0,0.0,0.19,3,5469,-1.124,0.462,82.5,87.5,76.0,80.1,25.05,25.84,24.0,24.65
104.371,4664.4,146.1,100.0,0.0,0.19,3,5478,-1.198,0.453,82.5,87.5,76.0,80.1,25.05,25.84,24.0,24.65
104.386,4665.0,146.3,100.0,0.0,0.2,3,5487,-1.288,0.431,82.5,87.5,76.0,80.1,25.05,25.84,24.0,24.65
104.401,4665.7,146.5,0.0,0.0,0.21,3,5359,-1.344,0.359,82.5,87.5,76.0,80.1,25.05,25.84,24.0,24.65
104.418,4666.3,146.5,0.0,0.0,0.21,3,5313,-1.42,-0.156,82.5,87.5,76.0,80.1,25.05,25.84,24.01,24.65
104.433,4666.9,146.4,0.0,0.0,0.22,3,5311,-1.306,-0.144,82.6,87.5,76.0,80.1,25.05,25.85,24.01,24.65
104.448,4667.6,146.3,0.0,0.0,0.22,3,5305,-1.393,-0.152,82.6,87.5,76.0,80.1,25.05,25.85,24.01,24.65
104.464,4668.2,146.2,0.0,0.0,0.23,3,5300,-1.399,-0.185,82.6,87.5,76.0,80.1,25.05,25.85,24.01,24.65
104.479,4668.8,146.1,0.0,0.0,0.24,3,5294,-1.478,-0.188,82.6,87.5,76.0,80.1,25.05,25.85,24.01,24.65
104.495,4669.5,145.9,0.0,0.0,0.24,3,5287,-1.544,-0.194,82.6,87.5,76.0,80.1,25.05,25.85,24.01,24.65
104.51,4670.1,145.8,0.0,0.0,0.25,3,5284,-1.643,-0.226,82.6,87.5,76.1,80.1,25.05,25.85,24.01,24.65
104.525,4670.7,145.7,0.0,0.0,0.21,3,5280,-1.583,-0.189,82.6,87.5,76.1,80.1,25.05,25.85,24.01,24.65
104.541,4671.3,145.5,0.0,0.0,0.17,3,5274,-1.609,-0.211,82.6,87.6,76.1,80.1,25.05,25.85,24.01,24.65
104.556,4672.0,145.4,0.0,0.0,0.12,3,5270,-1.599,-0.163,82.6,87.6,76.1,80.1,25.05,25.85,24.01,24.65
104.572,4672.6,145.2,0.0,0.0,0.06,3,5262,-1.585,-0.15,82.6,87.6,76.1,80.1,25.05,25.85,24.01,24.66
104.587,4673.2,145.1,0.0,0.0,0.01,3,5256,-1.491,-0.138,82.6,87.6,76.1,80.1,25.05,25.85,24.01,24.66
104.603,4673.8,145.0,0.0,0.0,0.0,3,5249,-1.406,-0.126,82.6,87.6,76.1,80.1,25.05,25.85,24.01,24.66
104.619,4674.5,144.9,0.0,0.0,0.0,3,5242,-1.432,-0.125,82.6,87.6,76.1,80.1,25.05,25.85,24.01,24.66
104.633,4675.1,144.8,0.0,0.0,0.0,3,5237,-1.438,-0.089,82.6,87.6,76.1,80.1,25.05,25.85,24.01,24.66
104.649,4675.7,144.7,0.0,0.0,0.0,3,5231,-1.454,-0.108,82.6,87.6,76.1,80.1,25.06,25.85,24.01,24.66
104.665,4676.3,144.5,0.0,0.0,0.01,3,5225,-1.553,-0.152,82.6,87.6,76.1,80.1,25.06,25.85,24.01,24.66
104.681,4677.0,144.4,0.0,0.0,0.01,3,5222,-1.622,-0.155,82.6,87.6,76.1,80.1,25.06,25.85,24.01,24.66
104.696,4677.6,144.3,0.0,0.0,0.02,3,5220,-1.651,-0.135,82.6,87.6,76.1,80.1,25.06,25.85,24.01,24.66
104.712,4678.2,144.2,0.0,0.0,0.03,3,5217,-1.672,-0.154,82.6,87.6,76.1,80.1,25.06,25.85,24.01,24.66
104.728,4678.8,144.0,0.0,0.0,0.03,3,5215,-1.716,-0.161,82.6,87.6,76.1,80.1,25.06,25.85,24.01,24.66
104.744,4679.5,143.9,6.0,0.0,0.04,3,5219,-1.764,-0.146,82.6,87.6,76.1,80.1,25.06,25.85,24.02,24.66
104.759,4680.1,143.8,12.0,0.0,0.05,3,5226,-1.708,-0.093,82.6,87.6,76.1,80.1,25.06,25.85,24.02,24.66
104.775,4680.7,143.7,18.0,0.0,0.05,3,5237,-1.67,-0.071,82.6,87.6,76.1,80.1,25.06,25.85,24.02,24.66
104.791,4681.4,143.6,25.2,0.0,0.06,3,5252,-1.631,-0.025,82.6,87.6,76.1,80.1,25.06,25.85,24.02,24.66
104.807,4682.0,143.5,31.2,0.0,0.07,3,5266,-1.606,0.015,82.6,87.6,76.1,80.1,25.06,25.85,24.02,24.66
104.823,4682.6,143.5,37.2,0.0,0.02,3,5279,-1.532,0.04,82.6,87.6,76.1,80.1,25.06,25.86,24.02,24.66
104.838,4683.2,143.5,43.2,0.0,0.0,3,5293,-1.428,0.081,82.6,87.6,76.1,80.1,25.06,25.86,24.02,24.66
104.853,4683.8,143.5,49.2,0.0,0.0,3,5310,-1.34,0.124,82.6,87.6,76.1,80.1,25.06,25.86,24.02,24.66
104.869,4684.5,143.6,56.4,0.0,0.0,3,5327,-1.305,0.184,82.6,87.6,76.1,80.1,25.06,25.86,24.02,24.66
104.885,4685.1,143.7,62.4,0.0,0.0,3,5342,-1.264,0.234,82.6,87.6,76.1,80.1,25.06,25.86,24.02,24.66
104.9,4685.7,143.8,68.4,0.0,0.0,3,5354,-1.248,0.27,82.7,87.6,76.1,80.2,25.06,25.86,24.02,24.66
104.915,4686.3,143.9,74.4,0.0,0.0,3,5367,-1.187,0.308,82.7,87.6,76.1,80.2,25.06,25.86,24.02,24.66
104.931,4687.0,144.1,80.4,0.0,0.0,3,5379,-1.1,0.339,82.7,87.6,76.1,80.2,25.07,25.86,24.02,24.67
104.946,4687.6,144.3,86.4,0.0,0.0,3,5388,-1.049,0.402,82.7,87.6,76.1,80.2,25.07,25.86,24.02,24.67
104.962,4688.2,144.5,93.6,0.0,-0.01,3,5401,-1.022,0.442,82.7,87.6,76.1,80.2,25.07,25.86,24.02,24.67
104.978,4688.8,144.7,99.6,0.0,-0.01,3,5413,-0.95,0.48,82.7,87.6,76.1,80.2,25.07,25.86,24.02,24.67
104.994,4689.5,145.0,100.0,0.0,-0.02,3,5423,-0.837,0.501,82.7,87.6,76.2,80.2,25.07,25.86,24.02,24.67
105.008,4690.1,145.3,100.0,0.0,-0.02,3,5433,-0.722,0.51,82.7,87.6,76.2,80.2,25.07,25.86,24.02,24.67
105.024,4690.7,145.5,100.0,0.0,-0.03,3,5438,-0.643,0.489,82.7,87.6,76.2,80.2,25.07,25.86,24.03,24.67
105.04,4691.4,145.8,100.0,0.0,-0.04,3,5447,-0.508,0.507,82.7,87.6,76.2,80.2,25.07,25.86,24.03,24.67
105.056,4692.0,146.1,100.0,0.0,-0.0,3,5454,-0.424,0.495,82.7,87.6,76.2,80.2,25.07,25.86,24.03,24.67
105.071,4692.6,146.3,100.0,0.0,0.0,3,5466,-0.475,0.495,82.7,87.6,76.2,80.2,25.07,25.86,24.03,24.67
105.087,4693.3,146.6,100.0,0.0,0.0,3,5476,-0.402,0.503,82.7,87.6,76.2,80.2,25.07,25.86,24.03,24.67
105.102,4693.9,146.9,100.0,0.0,0.0,3,5486,-0.34,0.478,82.7,87.6,76.2,80.2,25.07,25.86,24.03,24.67
105.118,4694.5,147.2,100.0,0.0,0.0,3,5496,-0.261,0.496,82.7,87.6,76.2,80.2,25.07,25.86,24.03,24.67
105.133,4695.1,147.4,100.0,0.0,0.0,3,5500,-0.215,0.528,82.7,87.6,76.2,80.2,25.07,25.86,24.03,24.67
105.149,4695.8,147.7,100.0,0.0,0.0,3,5507,-0.186,0.502,82.7,87.6,76.2,80.2,25.07,25.86,24.03,24.67
105.164,4696.4,148.0,100.0,0.0,0.0,3,5513,-0.147,0.499,82.7,87.6,76.2,80.2,25.07,25.86,24.03,24.68
105.179,4697.0,148.2,100.0,0.0,0.0,3,5525,-0.126,0.482,82.7,87.6,76.2,80.2,25.07,25.86,24.03,24.68
105.195,4697.7,148.5,100.0,0.0,0.0,3,5538,-0.091,0.464,82.7,87.7,76.2,80.2,25.07,25.86,24.03,24.68
105.21,4698.3,148.7,100.0,0.0,0.0,3,5555,-0.071,0.489,82.7,87.7,76.2,80.2,25.07,25.86,24.03,24.68
105.225,4698.9,149.0,100.0,0.0,0.0,3,5565,-0.046,0.502,82.7,87.7,76.2,80.2,25.07,25.86,24.03,24.68
105.241,4699.6,149.3,100.0,0.0,0.0,3,5572,-0.039,0.491,82.7,87.7,76.2,80.2,25.07,25.87,24.03,24.68
105.256,4700.2,149.6,100.0,0.0,0.0,3,5578,-0.019,0.498,82.7,87.7,76.2,80.2,25.07,25.87,24.03,24.68
105.272,4700.9,149.8,100.0,0.0,0.0,3,5585,0.01,0.477,82.7,87.7,76.2,80.2,25.07,25.87,24.03,24.68
105.288,4701.6,150.1,100.0,0.0,0.0,3,5599,0.002,0.483,82.7,87.7,76.2,80.3,25.07,25.87,24.03,24.68
105.304,4702.2,150.4,100.0,0.0,0.0,3,5607,0.004,0.503,82.7,87.7,76.2,80.3,25.07,25.87,24.03,24.68
105.32,4702.9,150.6,100.0,0.0,0.0,3,5615,0.015,0.498,82.7,87.7,76.2,80.3,25.07,25.87,24.03,24.68
105.336,4703.5,150.9,100.0,0.0,0.0,3,5626,-0.0,0.452,82.7,87.7,76.2,80.3,25.07,25.87,24.03,24.68
105.351,4704.2,151.1,100.0,0.0,0.01,3,5638,-0.019,0.467,82.7,87.7,76.2,80.3,25.07,25.87,24.03,24.68
105.367,4704.9,151.4,100.0,0.0,0.01,3,5649,-0.055,0.475,82.7,87.7,76.2,80.3,25.07,25.87,24.03,24.68
105.383,4705.5,151.7,100.0,0.0,0.02,3,5654,-0.078,0.47,82.7,87.7,76.2,80.3,25.07,25.87,24.03,24.68
105.398,4706.2,152.0,100.0,0.0,0.03,3,5658,-0.114,0.475,82.7,87.7,76.2,80.3,25.07,25.87,24.04,24.69
105.413,4706.8,152.2,100.0,0.0,0.03,3,5663,-0.158,0.504,82.7,87.7,76.2,80.3,25.07,25.87,24.04,24.69
105.428,4707.4,152.5,100.0,0.0,0.04,3,5674,-0.201,0.463,82.7,87.7,76.2,80.3,25.07,25.87,24.04,24.69
105.443,4708.1,152.7,100.0,0.0,0.04,3,5680,-0.237,0.471,82.7,87.7,76.2,80.3,25.07,25.87,24.04,24.69
105.459,4708.7,153.0,100.0,0.0,0.0,3,5687,-0.196,0.48,82.7,87.7,76.2,80.3,25.07,25.87,24.04,24.69
105.475,4709.4,153.2,100.0,0.0,0.0,3,5696,-0.069,0.489,82.7,87.7,76.2,80.3,25.07,25.87,24.04,24.69
105.49,4710.1,153.5,100.0,0.0,0.0,3,5696,-0.069,0.524,82.7,87.7,76.2,80.3,25.07,25.87,24.04,24.69
105.506,4710.8,153.8,100.0,0.0,0.0,3,5710,-0.044,0.449,82.7,87.7,76.2,80.3,25.07,25.87,24.04,24.69
105.521,4711.4,154.0,100.0,0.0,0.0,3,5732,0.014,0.456,82.7,87.7,76.2,80.3,25.07,25.87,24.04,24.69
105.537,4712.1,154.3,100.0,0.0,0.0,3,5756,0.039,0.459,82.7,87.7,76.2,80.3,25.07,25.87,24.04,24.69
105.552,4712.7,154.4,100.0,0.0,0.0,3,5848,0.096,0.135,82.7,87.7,76.2,80.3,25.07,25.87,24.04,24.69
105.567,4713.4,154.5,100.0,0.0,0.0,3,5938,0.118,0.317,82.7,87.7,76.2,80.3,25.07,25.87,24.04,24.69
105.584,4714.1,154.8,100.0,0.0,0.0,3,5965,0.084,0.403,82.7,87.7,76.2,80.3,25.07,25.88,24.04,24.69
105.599,4714.8,155.0,100.0,0.0,0.0,3,5953,0.053,0.497,82.7,87.7,76.2,80.3,25.07,25.88,24.04,24.69
105.615,4715.4,155.3,100.0,0.0,0.0,3,5901,0.001,0.576,82.7,87.7,76.3,80.3,25.07,25.88,24.04,24.69
105.63,4716.1,155.6,100.0,0.0,0.0,3,5836,-0.013,0.615,82.7,87.7,76.3,80.3,25.07,25.88,24.04,24.7
105.645,4716.8,155.9,100.0,0.0,0.0,3,5804,-0.021,0.528,82.7,87.7,76.3,80.4,25.07,25.88,24.04,24.7
105.661,4717.4,156.3,100.0,0.0,0.0,3,5801,-0.018,0.479,82.7,87.7,76.3,80.4,25.07,25.88,24.04,24.7
105.677,4718.1,156.5,100.0,0.0,0.01,3,5809,0.012,0.464,82.7,87.7,76.3,80.4,25.07,25.88,24.04,24.7
105.692,4718.8,156.8,100.0,0.0,0.01,3,5810,0.054,0.507,82.7,87.7,76.3,80.4,25.07,25.88,24.04,24.7
105.707,4719.4,157.0,100.0,0.0,0.02,3,5825,0.107,0.454,82.7,87.7,76.3,80.4,25.07,25.88,24.04,24.7
105.723,4720.1,157.3,100.0,0.0,0.02,3,5851,0.109,0.391,82.7,87.7,76.3,80.4,25.07,25.88,24.04,24.7
105.738,4720.8,157.5,100.0,0.0,0.03,3,5886,0.119,0.386,82.7,87.8,76.3,80.4,25.07,25.88,24.04,24.7
105.753,4721.5,157.7,100.0,0.0,0.03,3,5922,0.14,0.402,82.7,87.8,76.3,80.4,25.07,25.88,24.04,24.7
105.769,4722.1,157.9,100.0,0.0,0.04,3,5959,0.101,0.354,82.7,87.8,76.3,80.4,25.07,25.88,24.04,24.7
105.784,4722.8,158.1,100.0,0.0,0.04,3,5996,0.012,0.373,82.7,87.8,76.3,80.4,25.07,25.88,24.04,24.7
105.799,4723.5,158.3,100.0,0.0,0.05,3,6013,-0.06,0.395,82.7,87.8,76.3,80.4,25.07,25.88,24.04,24.7
105.815,4724.2,158.5,100.0,0.0,0.06,3,6009,-0.152,0.425,82.7,87.8,76.3,80.4,25.08,25.88,24.05,24.7
105.831,4724.9,158.8,100.0,0.0,0.06,3,5975,-0.234,0.537,82.7,87.8,76.3,80.4,25.08,25.88,24.05,24.71
105.846,4725.5,159.1,100.0,0.0,0.01,3,5928,-0.263,0.561,82.7,87.8,76.3,80.4,25.08,25.88,24.05,24.71
105.862,4726.2,159.3,0.0,0.0,0.0,3,5763,-0.141,-0.066,82.7,87.8,76.3,80.4,25.08,25.88,24.05,24.71
105.877,4726.9,159.2,0.0,0.0,0.0,3,5788,-0.159,-0.183,82.7,87.8,76.3,80.4,25.08,25.88,24.05,24.71
105.893,4727.6,159.1,0.0,0.0,0.0,3,5780,-0.156,-0.119,82.7,87.8,76.3,80.4,25.08,25.88,24.05,24.71
105.909,4728.3,159.1,0.0,0.0,0.0,3,5775,-0.083,-0.131,82.7,87.8,76.3,80.4,25.08,25.88,24.05,24.71
105.925,4729.0,159.0,0.0,0.0,0.0,3,5768,0.015,-0.125,82.7,87.8,76.3,80.4,25.08,25.88,24.05,24.71
105.941,4729.7,158.9,0.0,0.0,0.0,3,5763,0.062,-0.113,82.7,87.8,76.3,80.4,25.08,25.89,24.05,24.71
105.956,4730.4,158.8,0.0,0.0,0.0,3,5761,0.091,-0.138,82.7,87.8,76.3,80.4,25.08,25.89,24.05,24.71
105.971,4731.1,158.8,0.0,0.0,0.0,3,5759,0.095,-0.126,82.7,87.8,76.3,80.5,25.08,25.89,24.05,24.71
105.986,4731.7,158.7,0.0,0.0,0.0,3,5755,0.049,-0.135,82.7,87.8,76.3,80.5,25.08,25.89,24.05,24.71
106.002,4732.4,158.6,0.0,89.0,0.0,3,5656,-0.012,-0.595,82.7,87.8,76.3,80.5,25.08,25.89,24.05,24.71
106.017,4733.1,158.0,0.0,99.1,0.0,3,5565,-0.067,-1.316,82.7,87.8,76.3,80.5,25.08,25.89,24.05,24.71
106.033,4733.8,157.2,0.0,100.0,0.0,3,5523,-0.107,-1.531,82.7,87.8,76.3,80.5,25.08,25.89,24.05,24.71
106.049,4734.5,156.2,0.0,100.0,0.0,3,5514,-0.164,-1.659,82.7,87.8,76.3,80.5,25.08,25.89,24.05,24.71
106.065,4735.2,155.3,0.0,100.0,0.0,3,5502,-0.147,-1.639,82.8,87.8,76.3,80.5,25.08,25.89,24.05,24.71
106.081,4735.8,154.3,0.0,100.0,0.0,3,5467,-0.165,-1.568,82.8,87.8,76.3,80.5,25.08,25.89,24.05,24.72
106.097,4736.5,153.5,0.0,93.2,0.0,3,5430,-0.122,-1.47,82.8,87.8,76.3,80.5,25.08,25.89,24.05,24.72
106.113,4737.2,152.7,0.0,90.3,0.01,3,5378,-0.092,-1.395,82.8,87.8,76.3,80.5,25.08,25.89,24.05,24.72
106.128,4737.9,152.1,0.0,83.7,0.01,3,5312,-0.069,-1.017,82.8,87.8,76.3,80.5,25.08,25.89,24.05,24.72
106.144,4738.5,151.5,0.0,72.6,0.02,3,5230,-0.028,-0.847,82.8,87.8,76.3,80.5,25.08,25.89,24.05,24.72
106.16,4739.2,151.1,0.0,71.4,0.02,3,5158,-0.04,-0.808,82.8,87.8,76.3,80.5,25.08,25.89,24.05,24.72
106.176,4739.9,150.6,0.0,77.2,0.03,3,5076,-0.077,-0.966,82.8,87.8,76.3,80.5,25.08,25.89,24.05,24.72
106.191,4740.5,150.1,0.0,70.4,0.04,3,5029,-0.104,-1.065,82.8,87.8,76.3,80.5,25.08,25.89,24.05,24.72
106.207,4741.1,149.4,0.0,71.4,0.04,3,4943,-0.205,-1.148,82.8,87.8,76.3,80.5,25.08,25.89,24.05,24.72
106.222,4741.8,148.7,0.0,93.8,0.05,3,4868,-0.286,-1.261,82.8,87.8,76.3,80.5,25.08,25.89,24.05,24.72
106.237,4742.4,148.0,0.0,100.0,0.05,3,4853,-0.315,-1.439,82.8,87.8,76.3,80.5,25.08,25.89,24.05,24.72
106.254,4743.1,147.2,0.0,100.0,0.06,3,4864,-0.375,-1.591,82.8,87.8,76.3,80.5,25.08,25.89,24.05,24.72
106.27,4743.7,146.1,0.0,100.0,0.07,3,4911,-0.909,-1.754,82.8,87.8,76.3,80.5,25.08,25.9,24.05,24.72
106.286,4744.4,145.1,0.0,100.0,0.07,3,4942,-0.935,-1.782,82.8,87.8,76.3,80.5,25.08,25.9,24.05,24.72
106.302,4745.0,144.1,0.0,100.0,0.08,3,4940,-1.012,-1.79,82.8,87.9,76.3,80.5,25.09,25.9,24.05,24.72
106.318,4745.6,143.0,0.0,100.0,0.02,3,4924,-0.902,-1.839,82.8,87.9,76.3,80.5,25.09,25.9,24.05,24.72
106.334,4746.3,142.0,0.0,100.0,0.0,3,4946,-0.774,-1.688,82.8,87.9,76.3,80.5,25.09,25.9,24.05,24.72
106.349,4746.9,141.1,0.0,94.7,0.0,3,4968,-0.705,-1.697,82.8,87.9,76.3,80.5,25.09,25.9,24.05,24.72
106.364,4747.5,140.2,0.0,79.5,0.0,3,4968,-0.653,-1.493,82.8,87.9,76.3,80.5,25.09,25.9,24.05,24.72
106.38,4748.1,139.5,0.0,68.4,0.0,3,4977,-0.619,-1.254,82.8,87.9,76.3,80.5,25.09,25.9,24.05,24.72
106.396,4748.7,138.7,0.0,66.4,0.0,3,4951,-0.502,-1.152,82.8,87.9,76.3,80.5,25.09,25.9,24.05,24.72
106.412,4749.3,138.2,0.0,59.0,0.0,3,4913,-0.386,-1.01,82.8,87.9,76.3,80.5,25.09,25.9,24.05,24.72
106.427,4749.9,137.7,0.0,64.5,0.0,3,4862,-0.311,-0.979,82.8,87.9,76.3,80.5,25.09,25.9,24.05,24.73
106.443,4750.5,137.1,0.0,66.9,0.0,3,4800,-0.236,-0.992,82.8,87.9,76.3,80.5,25.09,25.9,24.05,24.73
106.458,4751.0,136.6,0.0,26.6,0.0,3,4746,-0.206,-0.848,82.8,87.9,76.3,80.5,25.09,25.9,24.05,24.73
106.474,4751.7,136.3,0.0,22.1,0.0,3,4707,-0.26,-0.37,82.8,87.9,76.3,80.5,25.09,25.9,24.05,24.73
106.49,4752.3,136.1,0.0,23.0,0.0,3,4684,-0.259,-0.331,82.8,87.9,76.3,80.5,25.09,25.9,24.05,24.73
106.506,4752.9,135.8,0.0,58.7,0.0,3,4654,-0.267,-0.818,82.8,87.9,76.3,80.5,25.09,25.9,24.05,24.73
106.521,4753.5,135.0,0.0,84.0,0.0,3,4618,-0.304,-1.327,82.8,87.9,76.3,80.5,25.09,25.9,24.05,24.73
106.537,4754.0,134.3,0.0,80.2,0.01,3,4628,-0.309,-1.474,82.8,87.9,76.3,80.5,25.09,25.9,24.05,24.73
106.553,4754.6,133.5,0.0,84.9,0.01,3,4644,-0.358,-1.485,82.8,87.9,76.3,80.5,25.09,25.9,24.05,24.73
106.569,4755.2,132.7,0.0,94.1,0.02,3,4643,-0.408,-1.628,82.8,87.9,76.3,80.5,25.09,25.9,24.05,24.73
106.584,4755.8,131.8,0.0,100.0,0.03,3,4628,-0.465,-1.758,82.8,87.9,76.3,80.5,25.09,25.9,24.05,24.73
106.6,4756.3,130.7,0.0,100.0,0.04,3,4596,-0.493,-1.702,82.8,87.9,76.3,80.5,25.09,25.9,24.05,24.73
106.616,4756.9,129.8,0.0,100.0,0.04,3,4557,-0.517,-1.694,82.8,87.9,76.3,80.5,25.09,25.9,24.05,24.73
106.632,4757.5,128.9,0.0,95.9,0.05,3,4529,-0.522,-1.651,82.8,87.9,76.3,80.5,25.09,25.9,24.05,24.73
106.647,4758.0,128.0,0.0,93.8,0.06,3,4510,-0.517,-1.604,82.8,87.9,76.3,80.6,25.09,25.9,24.05,24.73
106.661,4758.5,127.2,0.0,90.6,0.07,3,4476,-0.516,-1.509,82.8,87.9,76.3,80.6,25.09,25.9,24.05,24.73
106.677,4759.1,126.4,0.0,90.2,0.08,3,4432,-0.523,-1.475,82.8,87.9,76.3,80.6,25.09,25.9,24.05,24.73
106.693,4759.6,125.7,0.0,91.7,0.08,3,4375,-0.573,-1.454,82.8,87.9,76.3,80.6,25.09,25.91,24.05,24.73
106.708,4760.1,124.7,0.0,97.0,0.09,3,4297,-0.524,-1.491,82.8,87.9,76.3,80.6,25.09,25.91,24.06,24.73
106.724,4760.7,123.9,0.0,97.4,0.1,3,4231,-0.509,-1.55,82.8,87.9,76.3,80.6,25.09,25.91,24.06,24.73
106.739,4761.2,123.1,0.0,81.9,0.11,3,4171,-0.51,-1.397,82.8,87.9,76.3,80.6,25.09,25.91,24.06,24.73
106.754,4761.7,122.4,0.0,88.1,0.12,3,4113,-0.648,-1.444,82.8,87.9,76.3,80.6,25.09,25.91,24.06,24.73
106.77,4762.3,121.6,0.0,94.6,0.12,3,4096,-0.681,-1.515,82.8,87.9,76.3,80.6,25.09,25.91,24.06,24.73
106.786,4762.8,120.8,0.0,99.4,0.13,3,4077,-0.682,-1.506,82.8,87.9,76.3,80.6,25.09,25.91,24.06,24.73
106.801,4763.3,119.8,0.0,94.9,0.14,3,4068,-0.707,-1.498,82.8,87.9,76.3,80.6,25.09,25.91,24.06,24.73
106.816,4763.8,119.0,0.0,94.1,0.15,3,4034,-0.861,-1.42,82.8,87.9,76.3,80.6,25.09,25.91,24.06,24.73
106.832,4764.3,118.2,0.0,93.5,0.14,3,4025,-0.868,-1.51,82.8,87.9,76.3,80.6,25.09,25.91,24.06,24.73
106.848,4764.9,117.5,0.0,94.9,0.09,3,4010,-0.956,-1.458,82.8,87.9,76.3,80.6,25.09,25.91,24.06,24.73
106.863,4765.4,116.5,0.0,90.5,0.03,3,4005,-0.762,-1.526,82.8,87.9,76.3,80.6,25.09,25.91,24.06,24.73
106.879,4765.9,115.7,0.0,86.9,0.0,3,3988,-0.694,-1.429,82.8,87.9,76.3,80.6,25.09,25.91,24.06,24.73
106.895,4766.4,114.9,0.0,87.2,0.0,3,3976,-0.638,-1.416,82.8,87.9,76.3,80.6,25.09,25.91,24.06,24.73
106.911,4766.9,114.2,0.0,89.9,0.0,3,3964,-0.681,-1.423,82.8,87.9,76.4,80.6,25.09,25.91,24.06,24.73
106.927,4767.4,113.2,0.0,93.3,0.0,3,3940,-0.685,-1.544,82.8,87.9,76.4,80.6,25.09,25.91,24.06,24.73
106.942,4767.8,112.4,0.0,92.7,0.0,3,3911,-0.612,-1.48,82.8,87.9,76.4,80.6,25.09,25.91,24.06,24.73
106.957,4768.3,111.6,0.0,91.8,0.0,3,3876,-0.615,-1.428,82.8,87.9,76.4,80.6,25.1,25.91,24.06,24.73
106.973,4768.8,110.9,0.0,94.4,0.0,3,3829,-0.548,-1.465,82.8,87.9,76.4,80.6,25.1,25.91,24.06,24.73
106.989,4769.3,110.0,0.0,99.7,0.0,3,3775,-0.593,-1.557,82.8,87.9,76.4,80.6,25.1,25.91,24.06,24.73
107.005,4769.8,109.0,0.0,97.5,0.0,3,3710,-0.562,-1.539,82.8,87.9,76.4,80.6,25.1,25.91,24.06,24.73
107.021,4770.2,108.2,0.0,96.9,0.0,3,3663,-0.538,-1.534,82.9,88.0,76.4,80.6,25.1,25.91,24.06,24.73
107.036,4770.7,107.4,0.0,97.0,0.0,3,3608,-0.56,-1.469,82.9,88.0,76.4,80.6,25.1,25.91,24.06,24.73
107.052,4771.2,106.7,0.0,91.6,0.0,3,3602,-0.51,-1.46,82.9,88.0,76.4,80.6,25.1,25.91,24.06,24.73
107.067,4771.6,105.9,0.0,90.6,0.0,3,3593,-0.505,-1.496,82.9,88.0,76.4,80.6,25.1,25.91,24.06,24.73
107.083,4772.1,105.1,0.0,88.5,0.0,3,3596,-0.544,-1.457,82.9,88.0,76.4,80.6,25.1,25.91,24.06,24.73
107.099,4772.5,104.1,0.0,87.7,0.0,3,3603,-0.504,-1.474,82.9,88.0,76.4,80.6,25.1,25.91,24.06,24.73
107.115,4773.0,103.3,0.0,90.8,0.0,3,3603,-0.53,-1.528,82.9,88.0,76.4,80.6,25.1,25.91,24.06,24.73
107.131,4773.5,102.5,0.0,91.5,0.0,3,3583,-0.51,-1.523,82.9,88.0,76.4,80.6,25.1,25.91,24.06,24.73
107.147,4773.9,101.6,0.0,91.1,0.0,3,3548,-0.452,-1.46,82.9,88.0,76.4,80.6,25.1,25.91,24.06,24.73
107.163,4774.4,100.8,0.0,90.5,0.01,3,3520,-0.469,-1.433,82.9,88.0,76.4,80.6,25.1,25.91,24.06,24.73
107.178,4774.8,100.1,0.0,0.0,0.02,3,3596,-0.521,-1.209,82.9,88.0,76.4,80.6,25.1,25.92,24.06,24.73
107.194,4775.2,100.0,0.0,0.0,0.04,3,3645,-0.597,0.089,82.9,88.0,76.4,80.6,25.1,25.92,24.06,24.73
107.21,4775.7,100.0,0.0,0.0,0.05,3,3645,-0.624,-0.028,82.9,88.0,76.4,80.6,25.1,25.92,24.06,24.73
107.225,4776.1,99.9,0.0,0.0,0.06,3,3645,-0.632,-0.073,82.9,88.0,76.4,80.6,25.1,25.92,24.06,24.73
107.241,4776.5,99.9,0.0,0.0,0.08,3,3645,-0.631,-0.017,82.9,88.0,76.4,80.6,25.1,25.92,24.06,24.73
107.256,4776.9,99.9,0.0,0.0,0.09,3,3645,-0.609,-0.046,82.9,88.0,76.4,80.6,25.1,25.92,24.06,24.73
107.272,4777.4,99.9,0.0,0.0,0.1,3,3643,-0.627,-0.033,82.9,88.0,76.4,80.6,25.1,25.92,24.06,24.73
107.288,4777.8,99.8,0.0,0.0,0.12,3,3640,-0.661,-0.053,82.9,88.0,76.4,80.6,25.1,25.92,24.06,24.73
107.304,4778.3,99.8,0.0,0.0,0.13,3,3640,-0.694,-0.046,82.9,88.0,76.4,80.6,25.1,25.92,24.06,24.74
107.32,4778.7,99.8,0.0,0.0,0.14,3,3635,-0.761,-0.054,82.9,88.0,76.4,80.6,25.1,25.92,24.06,24.74
107.336,4779.2,99.8,0.0,0.0,0.16,3,3631,-0.814,-0.063,82.9,88.0,76.4,80.6,25.1,25.92,24.06,24.74
107.352,4779.6,99.7,0.0,0.0,0.17,3,3629,-0.85,-0.052,82.9,88.0,76.4,80.6,25.1,25.92,24.06,24.74
107.367,4780.0,99.7,0.0,0.0,0.18,3,3628,-0.889,-0.073,82.9,88.0,76.4,80.6,25.1,25.92,24.06,24.74
107.383,4780.5,99.7,0.0,0.0,0.2,3,3628,-0.941,-0.065,82.9,88.0,76.4,80.6,25.1,25.92,24.06,24.74
107.399,4780.9,99.6,0.0,0.0,0.21,3,3626,-0.941,-0.097,82.9,88.0,76.4,80.6,25.1,25.92,24.06,24.74
107.414,4781.3,99.6,0.0,0.0,0.22,3,3626,-0.999,-0.087,82.9,88.0,76.4,80.6,25.1,25.92,24.06,24.74
107.43,4781.8,99.5,0.0,0.0,0.24,3,3624,-1.009,-0.076,82.9,88.0,76.4,80.6,25.1,25.92,24.06,24.74
107.445,4782.2,99.5,3.6,0.0,0.25,3,3625,-1.053,-0.068,82.9,88.0,76.4,80.6,25.1,25.92,24.06,24.74
107.461,4782.6,99.5,9.6,0.0,0.26,3,3629,-1.15,-0.041,82.9,88.0,76.4,80.6,25.1,25.92,24.06,24.74
107.476,4783.0,99.4,16.8,0.0,0.28,3,3639,-1.244,-0.036,82.9,88.0,76.4,80.6,25.1,25.92,24.06,24.74
107.492,4783.5,99.4,22.8,0.0,0.23,3,3649,-1.268,-0.019,82.9,88.0,76.4,80.6,25.1,25.92,24.06,24.74
107.507,4783.9,99.4,28.8,0.0,0.18,3,3663,-1.207,0.052,82.9,88.0,76.4,80.6,25.1,25.92,24.06,24.74
107.523,4784.3,99.5,34.8,0.0,0.14,3,3678,-1.084,0.096,82.9,88.0,76.4,80.6,25.1,25.92,24.06,24.74
107.538,4784.7,99.5,40.8,0.0,0.09,3,3693,-0.955,0.152,82.9,88.0,76.4,80.6,25.1,25.92,24.06,24.74
107.554,4785.2,99.6,46.8,0.0,0.04,3,3702,-0.855,0.22,82.9,88.0,76.4,80.6,25.1,25.92,24.06,24.74
107.568,4785.6,99.8,52.8,0.0,0.0,3,3706,-0.764,0.277,82.9,88.0,76.4,80.6,25.1,25.92,24.06,24.74
107.584,4786.0,99.9,60.0,0.0,0.0,3,3718,-0.696,0.298,82.9,88.0,76.4,80.6,25.1,25.92,24.06,24.74
107.6,4786.5,100.1,66.0,0.0,0.0,3,3730,-0.696,0.33,82.9,88.0,76.4,80.6,25.1,25.92,24.06,24.74
107.616,4786.9,100.3,72.0,0.0,0.0,3,3745,-0.714,0.361,82.9,88.0,76.4,80.6,25.1,25.92,24.06,24.74
107.631,4787.3,100.4,0.0,0.0,0.0,3,3634,-0.683,0.153,82.9,88.0,76.4,80.6,25.1,25.92,24.06,24.74
107.647,4787.8,100.4,0.0,0.0,0.0,3,3656,-0.673,-0.117,82.9,88.0,76.4,80.6,25.1,25.92,24.06,24.74
107.662,4788.2,100.4,0.0,0.0,0.01,3,3655,-0.609,-0.013,82.9,88.0,76.4,80.6,25.1,25.92,24.06,24.74
107.678,4788.6,100.3,0.0,0.0,0.02,3,3653,-0.615,-0.037,82.9,88.0,76.4,80.6,25.1,25.92,24.06,24.74
107.693,4789.1,100.3,0.0,0.0,0.03,3,3652,-0.61,-0.038,82.9,88.0,76.4,80.6,25.1,25.92,24.06,24.74
107.709,4789.5,100.3,0.0,0.0,0.04,3,3650,-0.565,-0.053,82.9,88.0,76.4,80.6,25.1,25.92,24.06,24.74
107.726,4790.0,100.3,0.0,0.0,0.05,3,3649,-0.551,-0.059,82.9,88.0,76.4,80.6,25.1,25.92,24.06,24.74
107.741,4790.4,100.3,0.0,0.0,0.06,3,3650,-0.527,-0.03,82.9,88.0,76.4,80.6,25.1,25.92,24.06,24.74
107.756,4790.8,100.2,0.0,0.0,0.08,3,3649,-0.507,-0.031,82.9,88.0,76.4,80.6,25.1,25.92,24.06,24.74
107.772,4791.3,100.2,0.0,0.0,0.09,3,3650,-0.518,-0.036,82.9,88.0,76.4,80.6,25.1,25.92,24.06,24.74
107.788,4791.7,100.2,0.0,0.0,0.1,3,3650,-0.511,-0.037,82.9,88.0,76.4,80.6,25.1,25.92,24.06,24.74
107.803,4792.1,100.2,0.0,0.0,0.11,3,3649,-0.575,-0.053,82.9,88.0,76.4,80.6,25.1,25.92,24.06,24.74
107.818,4792.6,100.1,0.0,0.0,0.12,3,3649,-0.595,-0.044,82.9,88.0,76.4,80.6,25.1,25.92,24.06,24.74
107.834,4793.0,100.1,0.0,0.0,0.13,3,3647,-0.636,-0.048,82.9,88.0,76.4,80.6,25.1,25.92,24.06,24.74
107.85,4793.4,100.1,0.0,0.0,0.14,3,3645,-0.681,-0.045,82.9,88.0,76.4,80.6,25.1,25.92,24.06,24.74
107.865,4793.8,100.1,0.0,0.0,0.15,3,3644,-0.696,-0.04,82.9,88.0,76.4,80.6,25.1,25.92,24.06,24.74
107.881,4794.3,100.0,0.0,0.0,0.16,3,3643,-0.765,-0.065,82.9,88.0,76.4,80.6,25.1,25.92,24.06,24.74
107.897,4794.7,100.0,0.0,0.0,0.17,3,3640,-0.848,-0.032,82.9,88.0,76.4,80.6,25.1,25.92,24.06,24.74
107.913,4795.2,100.0,0.0,0.0,0.19,3,3639,-0.938,-0.068,82.9,88.0,76.4,80.6,25.1,25.92,24.06,24.74
107.929,4795.6,99.9,0.0,0.0,0.2,3,3638,-0.999,-0.079,82.9,88.0,76.4,80.6,25.1,25.92,24.06,24.74
107.945,4796.1,99.9,0.0,0.0,0.21,3,3638,-1.044,-0.079,82.9,88.0,76.4,80.6,25.1,25.92,24.06,24.74
107.96,4796.5,99.8,0.0,0.0,0.23,3,3635,-1.108,-0.065,82.9,88.0,76.4,80.6,25.1,25.92,24.06,24.74
107.976,4796.9,99.8,0.0,0.0,0.24,3,3635,-1.13,-0.101,82.9,88.0,76.4,80.6,25.1,25.92,24.06,24.74
107.991,4797.4,99.7,0.0,0.0,0.25,3,3634,-1.177,-0.093,82.9,88.0,76.4,80.6,25.1,25.92,24.06,24.74
108.008,4797.8,99.7,0.0,0.0,0.27,3,3631,-1.256,-0.103,82.9,88.0,76.4,80.6,25.1,25.92,24.06,24.74
108.022,4798.2,99.6,0.0,0.0,0.28,3,3629,-1.277,-0.098,82.9,88.0,76.4,80.6,25.1,25.92,24.06,24.74
108.038,4798.6,99.6,0.0,0.0,0.29,3,3625,-1.313,-0.093,82.9,88.0,76.4,80.6,25.1,25.92,24.06,24.74
108.053,4799.1,99.5,0.0,0.0,0.31,3,3621,-1.361,-0.099,82.9,88.0,76.4,80.6,25.1,25.92,24.06,24.74
108.069,4799.5,99.5,0.0,0.0,0.32,3,3618,-1.373,-0.113,82.9,88.0,76.4,80.6,25.1,25.92,24.06,24.74
108.085,4799.9,99.4,0.0,0.0,0.33,3,3615,-1.411,-0.128,82.9,88.0,76.4,80.6,25.11,25.92,24.06,24.74
108.1,4800.4,99.3,0.0,0.0,0.35,3,3612,-1.437,-0.111,82.9,88.0,76.4,80.6,25.11,25.92,24.06,24.74
108.115,4800.8,99.2,0.0,0.0,0.36,3,3609,-1.498,-0.134,82.9,88.0,76.4,80.6,25.11,25.92,24.06,24.74
108.131,4801.2,99.2,0.0,0.0,0.36,3,3607,-1.534,-0.131,82.9,88.0,76.4,80.6,25.11,25.92,24.06,24.74
108.146,4801.6,99.1,0.0,0.0,0.38,3,3604,-1.582,-0.138,82.9,88.0,76.4,80.6,25.11,25.92,24.06,24.74
108.162,4802.1,99.0,1.2,0.0,0.39,3,3603,-1.613,-0.147,82.9,88.0,76.4,80.6,25.11,25.92,24.06,24.74
108.177,4802.5,98.9,7.2,0.0,0.4,3,3608,-1.619,-0.133,82.9,88.0,76.4,80.6,25.11,25.92,24.06,24.74
108.193,4802.9,98.8,14.4,0.0,0.41,3,3618,-1.592,-0.078,82.9,88.0,76.4,80.6,25.11,25.92,24.06,24.74
108.209,4803.3,98.7,20.4,0.0,0.36,3,3629,-1.59,-0.052,82.9,88.0,76.4,80.6,25.11,25.92,24.06,24.74
108.225,4803.8,98.7,26.4,0.0,0.31,3,3640,-1.672,-0.012,82.9,88.0,76.4,80.6,25.11,25.92,24.06,24.74
108.24,4804.2,98.7,32.4,0.0,0.26,3,3654,-1.674,0.029,82.9,88.0,76.4,80.6,25.11,25.92,24.06,24.74
108.257,4804.7,98.7,39.6,0.0,0.21,3,3667,-1.67,0.111,82.9,88.0,76.4,80.6,25.11,25.92,24.06,24.74
108.272,4805.1,98.7,45.6,0.0,0.16,3,3684,-1.582,0.155,82.9,88.0,76.4,80.6,25.11,25.92,24.06,24.74
108.288,4805.5,98.8,51.6,0.0,0.11,3,3703,-1.506,0.183,82.9,88.0,76.4,80.6,25.11,25.92,24.06,24.74
108.303,4805.9,98.9,57.6,0.0,0.07,3,3725,-1.396,0.23,82.9,88.0,76.4,80.6,25.11,25.92,24.06,24.74
108.318,4806.4,99.0,63.6,0.0,0.02,3,3740,-1.298,0.306,82.9,88.0,76.4,80.6,25.11,25.92,24.07,24.74
108.334,4806.8,99.2,70.8,0.0,0.0,3,3752,-1.186,0.367,82.9,88.0,76.4,80.6,25.11,25.92,24.07,24.74
108.35,4807.2,99.3,76.8,0.0,0.0,3,3763,-1.158,0.405,82.9,88.0,76.4,80.6,25.11,25.92,24.07,24.74
108.366,4807.7,99.5,82.8,0.0,0.0,3,3774,-1.169,0.452,82.9,88.0,76.4,80.6,25.11,25.92,24.07,24.74
108.381,4808.1,99.8,88.8,0.0,0.0,3,3783,-1.196,0.464,82.9,88.0,76.4,80.7,25.11,25.92,24.07,24.74
108.396,4808.5,100.0,94.8,0.0,0.0,3,3794,-1.169,0.522,82.9,88.0,76.4,80.7,25.11,25.92,24.07,24.74
108.412,4808.9,100.2,100.0,0.0,0.0,3,3812,-1.11,0.538,82.9,88.0,76.4,80.7,25.11,25.92,24.07,24.74
108.427,4809.4,100.6,100.0,0.0,0.0,3,3828,-1.075,0.561,82.9,88.0,76.4,80.7,25.11,25.92,24.07,24.74
108.442,4809.8,100.9,100.0,0.0,0.0,3,3834,-1.03,0.576,82.9,88.0,76.4,80.7,25.11,25.92,24.07,24.74
108.458,4810.2,101.1,100.0,0.0,0.0,3,3843,-0.992,0.553,82.9,88.0,76.4,80.7,25.11,25.92,24.07,24.74
108.474,4810.7,101.4,100.0,0.0,0.0,3,3844,-0.977,0.587,82.9,88.0,76.4,80.7,25.11,25.92,24.07,24.74
108.489,4811.1,101.7,100.0,0.0,0.0,3,3837,-0.94,0.605,82.9,88.0,76.4,80.7,25.11,25.92,24.07,24.75
108.504,4811.5,102.0,100.0,0.0,0.0,3,3843,-0.887,0.563,82.9,88.0,76.4,80.7,25.11,25.92,24.07,24.75
108.52,4812.0,102.4,100.0,0.0,0.0,3,3844,-0.808,0.572,82.9,88.0,76.4,80.7,25.11,25.92,24.07,24.75
108.535,4812.4,102.7,100.0,0.0,0.0,3,3847,-0.734,0.594,82.9,88.0,76.4,80.7,25.11,25.92,24.07,24.75
108.551,4812.9,103.0,100.0,0.0,0.0,3,3853,-0.639,0.565,82.9,88.0,76.4,80.7,25.11,25.92,24.07,24.75
108.566,4813.3,103.3,100.0,0.0,0.0,3,3861,-0.576,0.582,82.9,88.0,76.4,80.7,25.11,25.92,24.07,24.75
108.582,4813.8,103.6,100.0,0.0,0.0,3,3874,-0.524,0.572,82.9,88.0,76.4,80.7,25.11,25.92,24.07,24.75
108.597,4814.2,103.8,100.0,0.0,0.0,3,3886,-0.373,0.546,82.9,88.0,76.4,80.7,25.11,25.92,24.07,24.75
108.612,4814.6,104.1,100.0,0.0,0.0,3,3900,-0.308,0.559,82.9,88.0,76.4,80.7,25.11,25.92,24.07,24.75
108.627,4815.1,104.4,100.0,0.0,0.0,3,3912,-0.236,0.55,82.9,88.0,76.4,80.7,25.11,25.92,24.07,24.75
108.644,4815.5,104.8,100.0,0.0,0.0,3,3924,-0.272,0.536,82.9,88.0,76.4,80.7,25.11,25.92,24.07,24.75
108.659,4816.0,105.1,100.0,0.0,0.0,3,3920,-0.212,0.573,82.9,88.0,76.4,80.7,25.11,25.92,24.07,24.75
108.675,4816.5,105.4,100.0,0.0,0.0,3,3965,-0.178,0.456,82.9,88.0,76.4,80.7,25.11,25.92,24.07,24.75
108.69,4816.9,105.7,100.0,0.0,0.01,3,3950,-0.265,0.648,82.9,88.0,76.4,80.7,25.11,25.92,24.07,24.75
108.706,4817.4,106.1,100.0,0.0,0.03,3,3961,-0.285,0.547,82.9,88.0,76.4,80.7,25.11,25.92,24.07,24.75
108.722,4817.8,106.4,100.0,0.0,0.04,3,3977,-0.304,0.555,82.9,88.0,76.4,80.7,25.11,25.92,24.07,24.75
108.738,4818.3,106.6,0.0,0.0,0.05,3,3833,-0.463,0.124,82.9,88.0,76.4,80.7,25.11,25.92,24.07,24.75
108.753,4818.8,106.5,0.0,0.0,0.05,3,3886,-0.332,-0.162,82.9,88.0,76.4,80.7,25.11,25.92,24.07,24.75
108.768,4819.2,106.5,0.0,0.0,0.06,3,3878,-0.377,-0.02,82.9,88.0,76.4,80.7,25.11,25.92,24.07,24.75
108.784,4819.7,106.4,0.0,0.0,0.07,3,3875,-0.533,-0.029,82.9,88.0,76.4,80.7,25.11,25.92,24.07,24.75
108.799,4820.1,106.4,0.0,0.0,0.09,3,3876,-0.539,-0.075,82.9,88.0,76.4,80.7,25.11,25.92,24.07,24.75
108.816,4820.6,106.4,0.0,0.0,0.1,3,3876,-0.524,-0.064,82.9,88.0,76.4,80.7,25.11,25.92,24.07,24.75
108.831,4821.1,106.4,0.0,0.0,0.11,3,3875,-0.536,-0.056,82.9,88.0,76.4,80.7,25.11,25.92,24.07,24.75
108.847,4821.6,106.3,0.0,0.0,0.12,3,3874,-0.582,-0.072,82.9,88.0,76.4,80.7,25.11,25.92,24.07,24.75
108.863,4822.0,106.3,0.0,0.0,0.13,3,3874,-0.441,-0.061,82.9,88.0,76.4,80.7,25.11,25.92,24.07,24.75
108.878,4822.5,106.3,0.0,0.0,0.14,3,3871,-0.561,-0.07,82.9,88.0,76.4,80.7,25.11,25.92,24.07,24.75
108.895,4823.0,106.2,0.0,0.0,0.15,3,3869,-0.585,-0.057,82.9,88.0,76.4,80.7,25.11,25.92,24.07,24.75
108.91,4823.4,106.2,0.0,0.0,0.16,3,3868,-0.646,-0.069,82.9,88.0,76.4,80.7,25.11,25.92,24.07,24.75
108.926,4823.9,106.2,0.0,0.0,0.17,3,3865,-0.755,-0.067,82.9,88.0,76.4,80.7,25.11,25.92,24.07,24.75
108.941,4824.3,106.1,0.0,0.0,0.18,3,3866,-0.891,-0.085,83.0,88.0,76.4,80.7,25.11,25.92,24.07,24.75
108.957,4824.8,106.1,0.0,0.0,0.19,3,3865,-0.945,-0.087,83.0,88.0,76.4,80.7,25.11,25.92,24.07,24.75
108.972,4825.2,106.0,0.0,0.0,0.2,3,3864,-1.026,-0.075,83.0,88.0,76.4,80.7,25.11,25.92,24.07,24.75
108.987,4825.7,106.0,0.0,0.0,0.21,3,3860,-1.108,-0.093,83.0,88.0,76.4,80.7,25.11,25.92,24.07,24.75
109.002,4826.1,105.9,0.0,0.0,0.22,3,3860,-1.206,-0.099,83.0,88.0,76.4,80.7,25.11,25.92,24.07,24.75
109.017,4826.6,105.9,0.0,0.0,0.23,3,3857,-1.248,-0.107,83.0,88.0,76.5,80.7,25.11,25.92,24.07,24.75
109.033,4827.0,105.8,0.0,0.0,0.24,3,3854,-1.298,-0.106,83.0,88.0,76.5,80.7,25.11,25.92,24.07,24.75
109.049,4827.5,105.7,0.0,0.0,0.25,3,3852,-1.368,-0.109,83.0,88.0,76.5,80.7,25.11,25.92,24.07,24.75
109.064,4827.9,105.7,0.0,0.0,0.26,3,3849,-1.368,-0.121,83.0,88.0,76.5,80.7,25.11,25.92,24.07,24.75
109.079,4828.4,105.6,0.0,0.0,0.27,3,3845,-1.415,-0.108,83.0,88.0,76.5,80.7,25.11,25.92,24.07,24.75
109.095,4828.8,105.5,0.0,0.0,0.28,3,3843,-1.515,-0.116,83.0,88.0,76.5,80.7,25.11,25.92,24.07,24.75
109.11,4829.3,105.5,0.0,0.0,0.29,3,3839,-1.555,-0.14,83.0,88.0,76.5,80.7,25.11,25.92,24.07,24.75
109.126,4829.7,105.4,0.0,0.0,0.3,3,3836,-1.578,-0.12,83.0,88.0,76.5,80.7,25.11,25.92,24.07,24.75
109.141,4830.2,105.3,0.0,0.0,0.31,3,3832,-1.601,-0.126,83.0,88.0,76.5,80.7,25.11,25.92,24.07,24.75
109.156,4830.6,105.2,0.0,0.0,0.32,3,3829,-1.587,-0.152,83.0,88.0,76.5,80.7,25.12,25.92,24.07,24.75
109.172,4831.1,105.1,0.0,0.0,0.33,3,3826,-1.639,-0.146,83.0,88.0,76.5,80.7,25.12,25.92,24.07,24.75
109.188,4831.6,105.0,0.0,0.0,0.34,3,3821,-1.7,-0.156,83.0,88.0,76.5,80.7,25.12,25.92,24.07,24.75
109.204,4832.0,104.9,0.0,0.0,0.35,3,3817,-1.722,-0.127,83.0,88.0,76.5,80.7,25.12,25.92,24.07,24.75
109.219,4832.5,104.8,0.0,0.0,0.36,3,3813,-1.765,-0.133,83.0,88.0,76.5,80.7,25.12,25.92,24.07,24.75
109.235,4832.9,104.7,0.0,0.0,0.37,3,3809,-1.71,-0.154,83.0,88.0,76.5,80.7,25.12,25.92,24.08,24.75
109.25,4833.4,104.6,0.0,0.0,0.38,3,3804,-1.661,-0.146,83.0,88.0,76.5,80.7,25.12,25.92,24.08,24.75
109.265,4833.8,104.5,0.0,0.0,0.39,3,3799,-1.692,-0.128,83.0,88.0,76.5,80.7,25.12,25.92,24.08,24.75
109.281,4834.3,104.4,0.0,0.0,0.4,3,3793,-1.711,-0.155,83.0,88.0,76.5,80.7,25.12,25.92,24.08,24.75
109.297,4834.7,104.2,0.0,0.0,0.41,3,3789,-1.726,-0.16,83.0,88.0,76.5,80.7,25.12,25.92,24.08,24.75
109.312,4835.2,104.1,0.0,0.0,0.42,3,3782,-1.73,-0.164,83.0,88.0,76.5,80.7,25.12,25.92,24.08,24.75
109.327,4835.6,104.0,0.0,0.0,0.43,3,3777,-1.673,-0.16,83.0,88.0,76.5,80.7,25.12,25.92,24.08,24.75
109.343,4836.1,103.9,0.0,0.0,0.44,3,3771,-1.68,-0.197,83.0,88.0,76.5,80.7,25.12,25.92,24.08,24.75
109.359,4836.5,103.7,0.0,0.0,0.45,3,3767,-1.687,-0.172,83.0,88.0,76.5,80.7,25.12,25.92,24.08,24.75
109.375,4837.0,103.6,0.0,0.0,0.46,3,3762,-1.737,-0.203,83.0,88.0,76.5,80.7,25.12,25.92,24.08,24.75
109.39,4837.4,103.4,2.4,0.0,0.48,3,3757,-1.737,-0.188,83.0,88.0,76.5,80.7,25.12,25.92,24.08,24.75
109.406,4837.9,103.3,8.4,0.0,0.49,3,3763,-1.683,-0.179,83.0,88.0,76.5,80.7,25.12,25.92,24.08,24.75
109.421,4838.3,103.2,14.4,0.0,0.5,3,3775,-1.725,-0.152,83.0,88.0,76.5,80.7,25.12,25.92,24.08,24.75
109.437,4838.8,103.0,20.4,0.0,0.51,3,3788,-1.73,-0.133,83.0,88.0,76.5,80.7,25.12,25.92,24.08,24.75
109.452,4839.2,102.9,26.4,0.0,0.52,3,3800,-1.677,-0.065,83.0,88.0,76.5,80.7,25.12,25.92,24.08,24.75
109.468,4839.7,102.9,33.6,0.0,0.53,3,3815,-1.686,-0.029,83.0,88.0,76.5,80.7,25.12,25.92,24.08,24.75
109.484,4840.1,102.8,39.6,0.0,0.54,3,3829,-1.703,-0.005,83.0,88.0,76.5,80.7,25.12,25.92,24.08,24.75
109.5,4840.6,102.8,45.6,0.0,0.55,3,3845,-1.75,0.028,83.0,88.0,76.5,80.7,25.12,25.92,24.08,24.75
109.515,4841.0,102.8,51.6,0.0,0.56,3,3858,-1.736,0.085,83.0,88.0,76.5,80.7,25.12,25.92,24.08,24.75
109.53,4841.4,102.8,57.6,0.0,0.57,3,3871,-1.658,0.136,83.0,88.0,76.5,80.7,25.12,25.92,24.08,24.75
109.546,4841.9,102.8,64.8,0.0,0.58,3,3899,-1.614,0.136,83.0,88.0,76.5,80.7,25.12,25.92,24.08,24.75
109.561,4842.3,102.8,70.8,0.0,0.59,3,3920,-1.644,0.187,83.0,88.0,76.5,80.7,25.12,25.92,24.08,24.75
109.577,4842.8,102.9,76.8,0.0,0.6,3,3937,-1.628,0.207,83.0,88.0,76.5,80.7,25.12,25.92,24.08,24.75
109.592,4843.2,103.0,82.8,0.0,0.61,3,3950,-1.65,0.279,83.0,88.0,76.5,80.7,25.12,25.92,24.08,24.75
109.607,4843.6,103.1,88.8,0.0,0.62,3,3963,-1.657,0.291,83.0,88.0,76.5,80.7,25.12,25.92,24.08,24.75
109.622,4844.1,103.2,94.8,0.0,0.63,3,3992,-1.636,0.276,83.0,88.0,76.5,80.7,25.12,25.92,24.08,24.75
109.638,4844.5,103.3,100.0,0.0,0.64,3,4018,-1.565,0.332,83.0,88.0,76.5,80.7,25.12,25.92,24.08,24.75
109.654,4845.0,103.5,100.0,0.0,0.65,3,4036,-1.525,0.413,83.0,88.0,76.5,80.7,25.13,25.92,24.08,24.75
109.669,4845.4,103.6,100.0,0.0,0.66,3,4039,-1.521,0.43,83.0,88.0,76.5,80.7,25.13,25.92,24.08,24.75
109.685,4845.9,103.8,100.0,0.0,0.67,3,4035,-1.58,0.428,83.0,88.0,76.5,80.7,25.13,25.92,24.08,24.75
109.7,4846.3,104.0,100.0,0.0,0.68,3,4031,-1.575,0.424,83.0,88.0,76.5,80.7,25.13,25.92,24.08,24.75
109.715,4846.7,104.1,100.0,0.0,0.69,3,4026,-1.606,0.426,83.0,88.0,76.5,80.7,25.13,25.92,24.08,24.75
109.731,4847.2,104.3,100.0,0.0,0.7,3,4032,-1.588,0.38,83.0,88.0,76.5,80.7,25.13,25.92,24.08,24.75
109.746,4847.6,104.5,100.0,0.0,0.71,3,4043,-1.571,0.373,83.0,88.0,76.5,80.7,25.13,25.92,24.08,24.75
109.762,4848.1,104.6,100.0,0.0,0.73,3,4057,-1.579,0.361,83.1,88.0,76.5,80.7,25.13,25.92,24.08,24.75
109.778,4848.6,104.8,100.0,0.0,0.74,3,4066,-1.535,0.367,83.1,88.0,76.5,80.7,25.13,25.92,24.08,24.75
109.793,4849.0,104.9,100.0,0.0,0.75,3,4071,-1.518,0.387,83.1,88.0,76.5,80.7,25.13,25.92,24.09,24.75
109.809,4849.5,105.1,100.0,0.0,0.76,3,4074,-1.547,0.386,83.1,88.0,76.5,80.7,25.13,25.92,24.09,24.75
109.824,4849.9,105.3,100.0,0.0,0.77,3,4078,-1.532,0.361,83.1,88.0,76.5,80.7,25.13,25.92,24.09,24.75
109.84,4850.4,105.5,100.0,0.0,0.78,3,4074,-1.496,0.449,83.1,88.0,76.5,80.7,25.13,25.92,24.09,24.75
109.856,4850.8,105.6,100.0,0.0,0.79,3,4070,-1.471,0.429,83.1,88.0,76.5,80.7,25.13,25.92,24.09,24.75
109.87,4851.2,105.8,100.0,0.0,0.79,3,4077,-1.527,0.369,83.1,88.0,76.5,80.7,25.13,25.92,24.09,24.75
109.886,4851.7,105.9,100.0,0.0,0.81,3,4088,-1.556,0.34,83.1,88.0,76.5,80.7,25.13,25.92,24.09,24.75
109.901,4852.2,106.1,100.0,0.0,0.82,3,4096,-1.533,0.338,83.1,88.0,76.5,80.7,25.13,25.92,24.09,24.75
109.916,4852.6,106.2,100.0,0.0,0.83,3,4105,-1.504,0.338,83.1,88.0,76.5,80.7,25.13,25.92,24.09,24.75
109.932,4853.1,106.4,100.0,0.0,0.84,3,4123,-1.409,0.349,83.1,88.0,76.6,80.7,25.13,25.92,24.09,24.75
109.947,4853.5,106.5,100.0,0.0,0.85,3,4143,-1.403,0.359,83.1,88.0,76.6,80.7,25.13,25.92,24.09,24.75
109.963,4854.0,106.7,100.0,0.0,0.86,3,4133,-1.48,0.415,83.1,88.0,76.6,80.7,25.13,25.92,24.09,24.75
109.979,4854.5,106.9,100.0,0.0,0.87,3,4120,-1.551,0.4,83.1,88.0,76.6,80.7,25.13,25.92,24.09,24.75
109.995,4854.9,107.0,100.0,0.0,0.88,3,4114,-1.612,0.355,83.1,88.0,76.6,80.7,25.14,25.92,24.09,24.75
110.01,4855.4,107.2,100.0,0.0,0.89,3,4115,-1.57,0.34,83.1,88.0,76.6,80.7,25.14,25.91,24.09,24.75
110.027,4855.9,107.4,100.0,0.0,0.89,3,4131,-1.481,0.312,83.1,88.0,76.6,80.7,25.14,25.91,24.09,24.75
110.042,4856.4,107.5,100.0,0.0,0.84,3,4135,-1.533,0.311,83.1,88.0,76.6,80.7,25.14,25.91,24.09,24.75
110.058,4856.8,107.6,100.0,0.0,0.79,3,4137,-1.515,0.346,83.1,88.0,76.6,80.7,25.14,25.91,24.09,24.75
110.073,4857.3,107.8,100.0,0.0,0.74,3,4135,-1.54,0.406,83.1,88.0,76.6,80.7,25.14,25.91,24.09,24.75
110.089,4857.8,108.0,100.0,0.0,0.69,3,4125,-1.507,0.421,83.1,88.0,76.6,80.7,25.14,25.91,24.09,24.75
110.105,4858.2,108.2,100.0,0.0,0.64,3,4129,-1.456,0.376,83.1,88.0,76.6,80.7,25.14,25.91,24.09,24.75
110.121,4858.7,108.4,100.0,0.0,0.59,3,4137,-1.403,0.407,83.1,88.0,76.6,80.7,25.14,25.91,24.09,24.75
110.136,4859.2,108.6,100.0,0.0,0.55,3,4139,-1.462,0.419,83.1,88.0,76.6,80.7,25.14,25.91,24.09,24.75
110.151,4859.6,108.8,100.0,0.0,0.5,3,4147,-1.437,0.408,83.1,88.0,76.6,80.7,25.14,25.91,24.09,24.75
110.167,4860.1,109.0,100.0,0.0,0.44,3,4165,-1.397,0.402,83.1,88.0,76.6,80.7,25.14,25.91,24.09,24.75
110.183,4860.6,109.2,100.0,0.0,0.4,3,4177,-1.43,0.408,83.1,88.0,76.6,80.7,25.14,25.91,24.09,24.75
110.199,4861.1,109.4,100.0,0.0,0.35,3,4191,-1.46,0.432,83.1,88.0,76.6,80.7,25.14,25.91,24.1,24.75
110.214,4861.6,109.6,100.0,0.0,0.3,3,4210,-1.478,0.402,83.1,88.0,76.6,80.7,25.14,25.91,24.1,24.75
110.23,4862.0,109.8,100.0,0.0,0.24,3,4218,-1.506,0.467,83.2,88.0,76.6,80.7,25.14,25.91,24.1,24.75
110.245,4862.5,110.1,100.0,0.0,0.2,3,4224,-1.478,0.491,83.2,88.0,76.6,80.7,25.15,25.91,24.1,24.75
110.261,4863.0,110.3,100.0,0.0,0.21,3,4233,-1.418,0.517,83.2,88.0,76.6,80.7,25.15,25.91,24.1,24.75
110.277,4863.5,110.5,100.0,0.0,0.22,3,4236,-1.425,0.513,83.2,88.0,76.6,80.7,25.15,25.91,24.1,24.75
110.292,4863.9,110.8,100.0,0.0,0.22,3,4236,-1.443,0.514,83.2,88.0,76.6,80.7,25.15,25.91,24.1,24.75
110.308,4864.4,111.1,100.0,0.0,0.24,3,4240,-1.446,0.511,83.2,88.0,76.6,80.7,25.15,25.91,24.1,24.75
110.323,4864.9,111.3,100.0,0.0,0.24,3,4244,-1.508,0.511,83.2,88.0,76.6,80.7,25.15,25.91,24.1,24.75
110.339,4865.4,111.5,100.0,0.0,0.25,3,4253,-1.461,0.471,83.2,88.0,76.6,80.7,25.15,25.91,24.1,24.75
110.354,4865.9,111.8,100.0,0.0,0.26,3,4268,-1.496,0.447,83.2,88.0,76.6,80.7,25.15,25.91,24.1,24.75
110.37,4866.3,112.0,100.0,0.0,0.27,3,4290,-1.425,0.473,83.2,88.0,76.6,80.7,25.15,25.91,24.1,24.75
110.385,4866.8,112.2,100.0,0.0,0.28,3,4311,-1.406,0.455,83.2,88.0,76.6,80.7,25.15,25.91,24.1,24.75
110.401,4867.3,112.4,100.0,0.0,0.29,3,4334,-1.488,0.457,83.2,87.9,76.6,80.7,25.15,25.91,24.1,24.75
110.416,4867.8,112.7,100.0,0.0,0.3,3,4337,-1.502,0.484,83.2,87.9,76.6,80.7,25.15,25.91,24.1,24.75
110.432,4868.3,112.9,100.0,0.0,0.31,3,4348,-1.429,0.465,83.2,87.9,76.6,80.7,25.15,25.91,24.1,24.75
110.448,4868.8,113.1,100.0,0.0,0.32,3,4355,-1.454,0.469,83.2,87.9,76.6,80.7,25.15,25.91,24.1,24.75
110.462,4869.2,113.3,100.0,0.0,0.33,3,4372,-1.451,0.451,83.2,87.9,76.6,80.7,25.15,25.91,24.1,24.75
110.478,4869.7,113.5,100.0,0.0,0.34,3,4381,-1.472,0.477,83.2,87.9,76.6,80.7,25.15,25.91,24.1,24.75
110.493,4870.2,113.7,100.0,0.0,0.35,3,4386,-1.515,0.471,83.2,87.9,76.7,80.7,25.16,25.91,24.1,24.75
110.509,4870.7,114.0,100.0,0.0,0.36,3,4393,-1.542,0.458,83.2,87.9,76.7,80.7,25.16,25.91,24.11,24.75
110.524,4871.2,114.2,100.0,0.0,0.37,3,4413,-1.532,0.434,83.2,87.9,76.7,80.7,25.16,25.91,24.11,24.75
110.539,4871.7,114.4,100.0,0.0,0.38,3,4430,-1.579,0.427,83.2,87.9,76.7,80.7,25.16,25.91,24.11,24.75
110.555,4872.2,114.6,100.0,0.0,0.38,3,4442,-1.524,0.448,83.2,87.9,76.7,80.7,25.16,25.91,24.11,24.75
110.571,4872.7,114.8,100.0,0.0,0.39,3,4453,-1.463,0.49,83.2,87.9,76.7,80.7,25.16,25.91,24.11,24.75
110.586,4873.2,115.0,100.0,0.0,0.39,3,4463,-1.495,0.445,83.3,87.9,76.7,80.7,25.16,25.91,24.11,24.75
110.602,4873.7,115.2,100.0,0.0,0.34,3,4470,-1.566,0.485,83.3,87.9,76.7,80.7,25.16,25.91,24.11,24.75
110.617,4874.2,115.3,100.0,0.0,0.3,3,4472,-1.601,0.452,83.3,87.9,76.7,80.7,25.16,25.91,24.11,24.75
110.632,4874.6,115.6,100.0,0.0,0.24,3,4485,-1.581,0.432,83.3,87.9,76.7,80.7,25.16,25.91,24.11,24.75
110.648,4875.1,115.7,100.0,0.0,0.19,3,4508,-1.542,0.442,83.3,87.9,76.7,80.7,25.16,25.91,24.11,24.75
110.663,4875.6,115.9,100.0,0.0,0.15,3,4532,-1.499,0.451,83.3,87.9,76.7,80.7,25.16,25.91,24.11,24.75
110.678,4876.1,116.1,100.0,0.0,0.1,3,4550,-1.482,0.491,83.3,87.9,76.7,80.7,25.16,25.91,24.11,24.75
110.695,4876.7,116.3,100.0,0.0,0.05,3,4559,-1.478,0.519,83.3,87.9,76.7,80.7,25.17,25.91,24.11,24.75
110.71,4877.2,116.6,100.0,0.0,0.0,3,4567,-1.444,0.521,83.3,87.9,76.7,80.7,25.17,25.91,24.11,24.75
110.726,4877.7,116.8,100.0,0.0,0.0,3,4578,-1.386,0.546,83.3,87.9,76.7,80.7,25.17,25.91,24.11,24.75
110.742,4878.2,117.0,100.0,0.0,0.0,3,4591,-1.389,0.51,83.3,87.9,76.7,80.7,25.17,25.91,24.11,24.75
110.758,4878.7,117.3,100.0,0.0,0.0,3,4607,-1.407,0.543,83.3,87.9,76.7,80.7,25.17,25.91,24.11,24.75
110.773,4879.2,117.5,100.0,0.0,-0.0,3,4620,-1.406,0.521,83.3,87.9,76.7,80.7,25.17,25.91,24.11,24.75
110.789,4879.7,117.8,100.0,0.0,-0.01,3,4630,-1.437,0.538,83.3,87.9,76.7,80.7,25.17,25.91,24.12,24.75
110.805,4880.3,118.0,100.0,0.0,-0.02,3,4642,-1.436,0.521,83.3,87.9,76.7,80.7,25.17,25.91,24.12,24.75
110.821,4880.8,118.2,100.0,0.0,-0.03,3,4654,-1.447,0.529,83.3,87.9,76.7,80.7,25.17,25.91,24.12,24.75
110.836,4881.3,118.4,100.0,0.0,-0.04,3,4664,-1.445,0.52,83.3,87.9,76.7,80.7,25.17,25.91,24.12,24.75
110.851,4881.8,118.7,100.0,0.0,-0.05,3,4678,-1.431,0.553,83.3,87.9,76.7,80.7,25.17,25.91,24.12,24.75
110.867,4882.3,118.9,100.0,0.0,-0.05,3,4683,-1.454,0.536,83.3,87.9,76.7,80.7,25.17,25.91,24.12,24.75
110.882,4882.8,119.1,100.0,0.0,-0.06,3,4684,-1.41,0.574,83.3,87.9,76.7,80.7,25.17,25.91,24.12,24.75
110.897,4883.3,119.4,100.0,0.0,-0.07,3,4683,-1.429,0.59,83.3,87.9,76.7,80.7,25.18,25.91,24.12,24.75
110.913,4883.8,119.6,100.0,0.0,-0.08,3,4688,-1.437,0.532,83.3,87.9,76.8,80.7,25.18,25.91,24.12,24.75
110.928,4884.3,119.8,100.0,0.0,-0.09,3,4688,-1.44,0.574,83.4,87.9,76.8,80.7,25.18,25.91,24.12,24.75
110.944,4884.9,120.1,100.0,0.0,-0.04,3,4690,-1.426,0.575,83.4,87.9,76.8,80.7,25.18,25.91,24.12,24.75
110.96,4885.4,120.3,100.0,0.0,0.0,3,4693,-1.5,0.561,83.4,87.9,76.8,80.7,25.18,25.91,24.12,24.75
110.975,4885.9,120.6,100.0,0.0,0.0,3,4699,-1.503,0.575,83.4,87.9,76.8,80.7,25.18,25.91,24.12,24.75
110.99,4886.4,120.8,100.0,0.0,-0.0,3,4699,-1.523,0.555,83.4,87.9,76.8,80.7,25.18,25.91,24.12,24.75
111.007,4886.9,121.1,100.0,0.0,-0.01,3,4699,-1.524,0.543,83.4,87.9,76.8,80.7,25.18,25.91,24.13,24.75
111.022,4887.5,121.3,100.0,0.0,-0.02,3,4700,-1.565,0.538,83.4,87.9,76.8,80.7,25.18,25.91,24.13,24.75
111.037,4888.0,121.5,100.0,0.0,-0.03,3,4705,-1.556,0.539,83.4,87.9,76.8,80.7,25.18,25.91,24.13,24.75
111.053,4888.5,121.7,100.0,0.0,-0.04,3,4716,-1.49,0.547,83.4,87.9,76.8,80.7,25.18,25.91,24.13,24.75
111.069,4889.1,122.0,100.0,0.0,-0.04,3,4724,-1.461,0.524,83.4,87.9,76.8,80.7,25.18,25.9,24.13,24.75
111.085,4889.6,122.2,100.0,0.0,-0.05,3,4733,-1.42,0.542,83.4,87.9,76.8,80.7,25.18,25.9,24.13,24.75
111.1,4890.1,122.5,100.0,0.0,-0.06,3,4729,-1.409,0.609,83.4,87.9,76.8,80.7,25.19,25.9,24.13,24.75
111.116,4890.7,122.7,100.0,0.0,-0.07,3,4721,-1.378,0.563,83.4,87.9,76.8,80.7,25.19,25.9,24.13,24.75
111.132,4891.2,123.0,100.0,0.0,-0.08,3,4713,-1.38,0.591,83.4,87.9,76.8,80.7,25.19,25.9,24.13,24.75
111.148,4891.7,123.3,100.0,0.0,-0.09,3,4709,-1.308,0.571,83.4,87.9,76.8,80.7,25.19,25.9,24.13,24.75
111.164,4892.3,123.6,100.0,0.0,-0.1,3,4703,-1.256,0.583,83.4,87.9,76.8,80.7,25.19,25.9,24.13,24.75
111.179,4892.8,123.9,100.0,0.0,-0.1,3,4697,-1.177,0.599,83.4,87.9,76.8,80.7,25.19,25.9,24.13,24.75
111.194,4893.3,124.2,100.0,0.0,-0.11,3,4691,-1.119,0.581,83.4,87.9,76.8,80.7,25.19,25.9,24.13,24.75
111.21,4893.9,124.4,100.0,0.0,-0.12,3,4686,-1.041,0.576,83.4,87.9,76.8,80.7,25.19,25.9,24.14,24.75
111.225,4894.4,124.7,100.0,0.0,-0.13,3,4686,-0.905,0.566,83.4,87.9,76.8,80.7,25.19,25.9,24.14,24.75
111.241,4894.9,125.0,100.0,0.0,-0.14,3,4697,-0.702,0.538,83.4,87.9,76.9,80.7,25.19,25.9,24.14,24.75
111.256,4895.5,125.3,100.0,0.0,-0.15,3,4715,-0.461,0.531,83.5,87.9,76.9,80.7,25.19,25.9,24.14,24.75
111.271,4896.0,125.6,100.0,0.0,-0.15,3,4719,-0.254,0.548,83.5,87.9,76.9,80.7,25.19,25.9,24.14,24.75
111.287,4896.6,125.9,100.0,0.0,-0.16,3,4724,-0.08,0.551,83.5,87.9,76.9,80.7,25.19,25.9,24.14,24.75
111.303,4897.1,126.2,100.0,0.0,-0.17,3,4734,0.115,0.524,83.5,87.9,76.9,80.7,25.19,25.9,24.14,24.75
111.319,4897.7,126.5,100.0,0.0,-0.18,3,4748,0.329,0.547,83.5,87.9,76.9,80.7,25.19,25.9,24.14,24.75
111.335,4898.3,126.8,100.0,0.0,-0.19,3,4753,0.515,0.54,83.5,87.9,76.9,80.7,25.2,25.9,24.14,24.75
111.351,4898.8,127.1,100.0,0.0,-0.19,3,4762,0.67,0.53,83.5,87.9,76.9,80.7,25.2,25.9,24.14,24.76
111.366,4899.4,127.4,100.0,0.0,-0.2,3,4774,0.79,0.522,83.5,87.9,76.9,80.7,25.2,25.9,24.14,24.76
111.382,4899.9,127.6,100.0,0.0,-0.21,3,4788,0.903,0.488,83.5,87.9,76.9,80.7,25.2,25.9,24.14,24.76
111.397,4900.4,127.9,100.0,0.0,-0.22,3,4810,1.022,0.477,83.5,87.9,76.9,80.7,25.2,25.9,24.14,24.76
111.412,4901.0,128.2,100.0,0.0,-0.19,3,4818,1.133,0.514,83.5,87.9,76.9,80.7,25.2,25.9,24.14,24.76
111.428,4901.5,128.5,100.0,0.0,-0.14,3,4828,1.104,0.506,83.5,87.9,76.9,80.7,25.2,25.9,24.14,24.76
111.443,4902.1,128.7,100.0,0.0,-0.1,3,4849,1.029,0.486,83.5,87.9,76.9,80.7,25.2,25.9,24.14,24.76
111.459,4902.7,129.0,100.0,0.0,-0.05,3,4871,1.005,0.479,83.5,87.9,76.9,80.7,25.2,25.9,24.14,24.76
111.474,4903.2,129.2,100.0,0.0,-0.0,3,4889,0.861,0.507,83.5,87.9,76.9,80.7,25.2,25.9,24.14,24.76
111.49,4903.8,129.5,100.0,0.0,0.0,3,4907,0.754,0.531,83.5,87.9,76.9,80.7,25.2,25.9,24.14,24.76
111.506,4904.3,129.8,100.0,0.0,0.0,3,4919,0.809,0.538,83.5,87.9,76.9,80.7,25.2,25.9,24.14,24.76
111.522,4904.9,130.1,100.0,0.0,0.0,3,4925,0.834,0.553,83.5,87.9,76.9,80.8,25.2,25.9,24.15,24.76
111.537,4905.5,130.4,100.0,0.0,0.0,3,4915,0.895,0.604,83.5,87.9,76.9,80.8,25.2,25.9,24.15,24.76
111.553,4906.0,130.6,100.0,0.0,0.0,3,4923,0.901,0.524,83.5,87.9,76.9,80.8,25.2,25.9,24.15,24.76
111.568,4906.6,131.0,100.0,0.0,0.0,3,4931,0.893,0.529,83.5,87.9,76.9,80.8,25.2,25.9,24.15,24.76
111.583,4907.2,131.2,100.0,0.0,0.0,3,4932,0.957,0.531,83.5,87.9,76.9,80.8,25.2,25.9,24.15,24.76
111.599,4907.7,131.5,100.0,0.0,0.0,3,4947,0.858,0.543,83.5,87.9,76.9,80.8,25.2,25.9,24.15,24.76
111.615,4908.3,131.8,100.0,0.0,0.0,3,4957,0.822,0.539,83.5,87.9,76.9,80.8,25.2,25.9,24.15,24.76
111.631,4908.9,132.1,100.0,0.0,0.0,3,4956,0.769,0.555,83.5,87.9,76.9,80.8,25.2,25.9,24.15,24.76
111.647,4909.5,132.4,100.0,0.0,0.0,3,4957,0.746,0.558,83.5,87.9,76.9,80.8,25.2,25.9,24.15,24.76
111.662,4910.1,132.7,100.0,0.0,0.0,3,4961,0.695,0.568,83.5,87.9,76.9,80.8,25.2,25.9,24.15,24.76
111.677,4910.6,133.0,100.0,0.0,0.0,3,4973,0.631,0.525,83.5,87.9,76.9,80.8,25.2,25.9,24.15,24.76
111.693,4911.2,133.2,100.0,0.0,0.0,3,4990,0.542,0.53,83.5,87.9,76.9,80.8,25.2,25.9,24.15,24.77
111.709,4911.8,133.5,100.0,0.0,0.0,3,5006,0.495,0.538,83.5,87.9,76.9,80.8,25.2,25.9,24.15,24.77
111.724,4912.3,133.9,100.0,0.0,0.0,3,5008,0.489,0.568,83.5,87.9,76.9,80.8,25.2,25.9,24.15,24.77
111.74,4912.9,134.1,100.0,0.0,0.0,3,5020,0.401,0.5,83.5,87.9,76.9,80.8,25.2,25.9,24.15,24.77
111.755,4913.5,134.4,100.0,0.0,0.0,3,5031,0.362,0.528,83.5,87.9,77.0,80.8,25.2,25.9,24.15,24.77
111.77,4914.1,134.7,100.0,0.0,0.0,3,5043,0.325,0.544,83.5,87.9,77.0,80.8,25.21,25.9,24.15,24.77
111.785,4914.6,135.0,100.0,0.0,0.0,3,5047,0.298,0.553,83.5,87.9,77.0,80.8,25.21,25.9,24.15,24.77
111.801,4915.2,135.3,100.0,0.0,0.0,3,5049,0.295,0.547,83.5,87.9,77.0,80.8,25.21,25.9,24.15,24.77
111.816,4915.8,135.6,100.0,0.0,0.0,3,5065,0.22,0.525,83.5,87.9,77.0,80.8,25.21,25.9,24.15,24.77
111.832,4916.4,135.9,100.0,0.0,0.0,3,5077,0.172,0.52,83.5,87.9,77.0,80.8,25.21,25.9,24.15,24.77
111.848,4917.0,136.2,100.0,0.0,0.0,3,5085,0.174,0.547,83.5,87.9,77.0,80.8,25.21,25.9,24.16,24.77
111.864,4917.6,136.5,100.0,0.0,0.0,3,5092,0.149,0.521,83.5,87.9,77.0,80.8,25.21,25.9,24.16,24.77
111.88,4918.2,136.7,100.0,0.0,0.0,3,5104,0.108,0.526,83.6,87.9,77.0,80.8,25.21,25.9,24.16,24.77
111.895,4918.8,137.0,100.0,0.0,0.0,3,5115,0.116,0.522,83.6,87.9,77.0,80.8,25.21,25.9,24.16,24.77
111.91,4919.4,137.3,100.0,0.0,-0.01,3,5127,0.073,0.537,83.6,87.9,77.0,80.8,25.21,25.9,24.16,24.77
111.926,4920.0,137.6,100.0,0.0,-0.01,3,5136,0.15,0.521,83.6,87.9,77.0,80.8,25.21,25.9,24.16,24.77
111.942,4920.6,137.9,100.0,0.0,-0.02,3,5152,0.149,0.496,83.6,87.9,77.0,80.8,25.21,25.9,24.16,24.77
111.957,4921.2,138.2,100.0,0.0,-0.03,3,5164,0.154,0.524,83.6,87.9,77.0,80.8,25.21,25.9,24.16,24.77
111.973,4921.8,138.4,100.0,0.0,-0.04,3,5168,0.163,0.533,83.6,87.9,77.0,80.8,25.21,25.9,24.16,24.77
111.988,4922.4,138.8,100.0,0.0,-0.04,3,5173,0.233,0.573,83.6,87.9,77.0,80.8,25.21,25.9,24.16,24.77
112.005,4923.0,139.1,100.0,0.0,-0.05,3,5187,0.285,0.514,83.6,87.9,77.0,80.8,25.21,25.9,24.16,24.77
112.019,4923.5,139.3,100.0,0.0,-0.06,3,5200,0.297,0.503,83.6,87.9,77.0,80.8,25.21,25.9,24.16,24.77
112.034,4924.1,139.6,100.0,0.0,-0.06,3,5218,0.329,0.488,83.6,87.9,77.0,80.8,25.21,25.9,24.16,24.77
112.05,4924.7,139.9,100.0,0.0,-0.07,3,5220,0.418,0.543,83.6,87.9,77.0,80.8,25.21,25.9,24.16,24.77
112.065,4925.3,140.1,100.0,0.0,-0.08,3,5228,0.448,0.5,83.6,87.9,77.0,80.8,25.21,25.9,24.16,24.77
112.08,4925.9,140.4,100.0,0.0,-0.08,3,5242,0.491,0.505,83.6,87.9,77.0,80.8,25.21,25.9,24.16,24.77
112.096,4926.5,140.7,100.0,0.0,-0.05,3,5258,0.56,0.489,83.6,87.9,77.0,80.8,25.21,25.9,24.16,24.77
112.112,4927.2,141.0,100.0,0.0,-0.0,3,5267,0.413,0.5,83.6,87.9,77.0,80.8,25.21,25.9,24.16,24.78
112.127,4927.8,141.3,100.0,0.0,0.0,3,5271,0.307,0.503,83.6,87.9,77.0,80.8,25.21,25.9,24.17,24.78
112.143,4928.4,141.5,100.0,0.0,0.0,3,5284,0.321,0.503,83.6,87.9,77.0,80.9,25.21,25.9,24.17,24.78
112.158,4929.0,141.8,100.0,0.0,0.0,3,5295,0.336,0.54,83.6,87.9,77.0,80.9,25.22,25.9,24.17,24.78
112.174,4929.6,142.0,100.0,0.0,0.0,3,5310,0.326,0.483,83.6,87.9,77.0,80.9,25.22,25.9,24.17,24.78
112.189,4930.2,142.4,100.0,0.0,0.0,3,5315,0.328,0.524,83.6,87.9,77.0,80.9,25.22,25.9,24.17,24.78
112.205,4930.8,142.6,100.0,0.0,0.0,3,5319,0.341,0.486,83.6,87.9,77.0,80.9,25.22,25.9,24.17,24.78
112.22,4931.5,142.9,100.0,0.0,0.0,3,5328,0.312,0.511,83.6,87.9,77.1,80.9,25.22,25.9,24.17,24.78
112.236,4932.1,143.2,100.0,0.0,0.0,3,5340,0.305,0.493,83.6,87.9,77.1,80.9,25.22,25.9,24.17,24.78
112.251,4932.7,143.4,100.0,0.0,0.0,3,5352,0.273,0.492,83.6,87.9,77.1,80.9,25.22,25.9,24.17,24.78
112.267,4933.3,143.8,100.0,0.0,-0.0,3,5360,0.249,0.511,83.6,87.9,77.1,80.9,25.22,25.9,24.17,24.78
112.283,4934.0,144.0,100.0,0.0,-0.01,3,5366,0.226,0.535,83.6,87.9,77.1,80.9,25.22,25.9,24.17,24.78
112.299,4934.6,144.3,100.0,0.0,-0.01,3,5372,0.217,0.51,83.6,87.9,77.1,80.9,25.22,25.9,24.17,24.78
112.314,4935.2,144.6,100.0,0.0,-0.02,3,5388,0.235,0.48,83.6,87.9,77.1,80.9,25.22,25.9,24.17,24.78
112.33,4935.8,144.8,100.0,0.0,-0.03,3,5404,0.236,0.491,83.6,87.9,77.1,80.9,25.22,25.9,24.17,24.78
112.346,4936.5,145.1,100.0,0.0,-0.03,3,5417,0.264,0.51,83.6,87.9,77.1,80.9,25.22,25.9,24.17,24.78
112.361,4937.1,145.4,100.0,0.0,-0.04,3,5430,0.265,0.494,83.6,87.9,77.1,80.9,25.22,25.9,24.17,24.78
112.376,4937.7,145.6,100.0,0.0,-0.05,3,5437,0.293,0.508,83.6,87.9,77.1,80.9,25.22,25.9,24.17,24.78
112.392,4938.3,145.9,100.0,0.0,-0.03,3,5447,0.309,0.495,83.6,87.9,77.1,80.9,25.22,25.9,24.17,24.78
112.408,4939.0,146.2,100.0,0.0,0.0,3,5459,0.18,0.479,83.6,87.9,77.1,80.9,25.22,25.9,24.17,24.78
112.423,4939.6,146.5,100.0,0.0,0.0,3,5466,0.169,0.502,83.6,87.9,77.1,80.9,25.22,25.9,24.18,24.78
112.438,4940.2,146.7,100.0,0.0,0.0,3,5475,0.14,0.478,83.6,87.9,77.1,80.9,25.22,25.9,24.18,24.78
112.454,4940.9,147.0,100.0,0.0,0.0,3,5490,0.142,0.485,83.6,87.9,77.1,80.9,25.22,25.9,24.18,24.78
112.47,4941.5,147.3,100.0,0.0,0.0,3,5492,0.137,0.491,83.6,87.9,77.1,80.9,25.22,25.9,24.18,24.78
112.486,4942.2,147.5,100.0,0.0,0.0,3,5496,0.177,0.518,83.6,87.9,77.1,80.9,25.22,25.9,24.18,24.78
112.5,4942.8,147.8,100.0,0.0,0.0,3,5506,0.149,0.467,83.6,87.9,77.1,80.9,25.22,25.9,24.18,24.78
112.516,4943.4,148.1,100.0,0.0,0.0,3,5522,0.145,0.493,83.7,87.9,77.1,80.9,25.22,25.9,24.18,24.79
112.531,4944.0,148.3,100.0,0.0,0.0,3,5531,0.139,0.497,83.7,87.9,77.1,80.9,25.22,25.9,24.18,24.79
112.547,4944.7,148.6,100.0,0.0,0.0,3,5537,0.123,0.509,83.7,87.9,77.1,80.9,25.22,25.9,24.18,24.79
112.562,4945.3,148.9,100.0,0.0,0.0,3,5543,0.147,0.495,83.7,87.9,77.1,80.9,25.23,25.9,24.18,24.79
112.578,4946.0,149.1,100.0,0.0,0.0,3,5553,0.12,0.484,83.7,87.9,77.1,80.9,25.23,25.9,24.18,24.79
112.594,4946.6,149.4,100.0,0.0,0.0,3,5565,0.098,0.504,83.7,87.9,77.1,80.9,25.23,25.9,24.18,24.79
112.609,4947.3,149.7,100.0,0.0,0.0,3,5576,0.077,0.477,83.7,87.9,77.1,80.9,25.23,25.9,24.18,24.79
112.625,4947.9,149.9,100.0,0.0,0.0,3,5583,0.101,0.485,83.7,87.9,77.1,80.9,25.23,25.9,24.18,24.79
112.641,4948.6,150.2,100.0,0.0,0.0,3,5595,0.083,0.458,83.7,87.9,77.1,80.9,25.23,25.9,24.18,24.79
112.657,4949.2,150.5,100.0,0.0,0.0,3,5604,0.052,0.482,83.7,87.9,77.1,80.9,25.23,25.9,24.18,24.79
112.672,4949.9,150.7,100.0,0.0,0.0,3,5614,0.033,0.48,83.7,87.9,77.1,80.9,25.23,25.9,24.18,24.79
112.688,4950.6,151.0,100.0,0.0,0.0,3,5626,0.055,0.449,83.7,87.9,77.2,80.9,25.23,25.9,24.18,24.79
112.703,4951.2,151.2,100.0,0.0,0.0,3,5633,0.023,0.494,83.7,87.9,77.2,80.9,25.23,25.9,24.19,24.79
112.719,4951.9,151.5,100.0,0.0,0.0,3,5639,0.003,0.478,83.7,87.9,77.2,80.9,25.23,25.9,24.19,24.79
112.735,4952.5,151.7,100.0,0.0,0.0,3,5652,0.021,0.458,83.7,87.9,77.2,80.9,25.23,25.9,24.19,24.79
112.75,4953.2,152.0,100.0,0.0,0.0,3,5662,-0.002,0.489,83.7,87.9,77.2,80.9,25.23,25.9,24.19,24.79
112.766,4953.9,152.3,100.0,0.0,0.0,3,5668,-0.021,0.448,83.7,87.9,77.2,80.9,25.23,25.9,24.19,24.79
112.782,4954.5,152.5,100.0,0.0,0.0,3,5682,0.025,0.464,83.7,87.9,77.2,80.9,25.23,25.9,24.19,24.79
112.797,4955.2,152.8,100.0,0.0,0.0,3,5690,0.012,0.452,83.7,87.9,77.2,81.0,25.23,25.9,24.19,24.79
112.812,4955.8,153.0,100.0,0.0,0.0,3,5694,0.011,0.49,83.7,87.9,77.2,81.0,25.23,25.9,24.19,24.79
112.828,4956.5,153.3,100.0,0.0,0.0,3,5702,0.006,0.477,83.7,87.9,77.2,81.0,25.23,25.9,24.19,24.79
112.844,4957.2,153.6,100.0,0.0,0.0,3,5711,-0.016,0.456,83.7,87.9,77.2,81.0,25.23,25.9,24.19,24.79
112.86,4957.8,153.8,100.0,0.0,0.0,3,5724,-0.011,0.467,83.7,87.9,77.2,81.0,25.23,25.9,24.19,24.79
112.876,4958.5,154.1,100.0,0.0,0.0,3,5735,0.003,0.461,83.7,87.9,77.2,81.0,25.23,25.9,24.19,24.79
112.891,4959.2,154.3,100.0,0.0,0.0,3,5747,-0.01,0.437,83.7,87.9,77.2,81.0,25.23,25.9,24.19,24.79
112.906,4959.8,154.6,100.0,0.0,0.0,3,5756,-0.007,0.457,83.7,87.9,77.2,81.0,25.23,25.9,24.19,24.79
112.922,4960.5,154.8,100.0,0.0,0.0,3,5764,-0.028,0.452,83.7,87.9,77.2,81.0,25.23,25.9,24.19,24.79
112.938,4961.2,155.1,100.0,0.0,0.0,3,5775,-0.008,0.456,83.7,87.9,77.2,81.0,25.23,25.9,24.19,24.8
112.954,4961.9,155.4,100.0,0.0,0.0,3,5788,-0.021,0.436,83.7,87.9,77.2,81.0,25.23,25.9,24.19,24.8
112.968,4962.5,155.5,100.0,0.0,0.0,3,5798,0.01,0.429,83.7,87.9,77.2,81.0,25.24,25.9,24.19,24.8
112.984,4963.2,155.8,100.0,0.0,0.0,3,5809,0.008,0.476,83.7,87.8,77.2,81.0,25.24,25.9,24.2,24.8
112.999,4963.8,156.1,100.0,0.0,0.0,3,5811,-0.039,0.469,83.7,87.8,77.2,81.0,25.24,25.9,24.2,24.8
113.015,4964.5,156.3,100.0,0.0,0.0,3,5813,-0.018,0.456,83.7,87.8,77.2,81.0,25.24,25.9,24.2,24.8
113.03,4965.2,156.6,100.0,0.0,0.0,3,5823,-0.023,0.47,83.7,87.8,77.2,81.0,25.24,25.9,24.2,24.8
113.046,4965.9,156.8,100.0,0.0,0.0,3,5826,-0.025,0.444,83.7,87.8,77.2,81.0,25.24,25.9,24.2,24.8
113.062,4966.6,157.0,100.0,0.0,0.0,3,5834,-0.023,0.449,83.7,87.8,77.2,81.0,25.24,25.89,24.2,24.8
113.077,4967.3,157.3,100.0,0.0,0.0,3,5848,0.009,0.419,83.7,87.8,77.2,81.0,25.24,25.89,24.2,24.8
113.092,4967.9,157.6,100.0,0.0,0.0,3,5858,-0.018,0.451,83.7,87.8,77.2,81.0,25.24,25.89,24.2,24.8
113.108,4968.6,157.8,100.0,0.0,0.0,3,5871,-0.023,0.439,83.7,87.8,77.3,81.0,25.24,25.89,24.2,24.8
113.123,4969.3,158.0,100.0,0.0,0.0,3,5889,-0.019,0.43,83.7,87.8,77.3,81.0,25.24,25.89,24.2,24.8
113.139,4970.0,158.2,100.0,0.0,0.0,3,5893,0.006,0.432,83.7,87.8,77.3,81.0,25.24,25.89,24.2,24.8
113.154,4970.6,158.5,100.0,0.0,0.0,3,5898,-0.002,0.446,83.7,87.8,77.3,81.0,25.24,25.89,24.2,24.8
113.17,4971.3,158.7,100.0,0.0,0.0,3,5921,0.013,0.413,83.7,87.8,77.3,81.0,25.24,25.89,24.2,24.8
113.186,4972.0,159.0,100.0,0.0,0.0,3,5932,0.003,0.389,83.8,87.8,77.3,81.0,25.24,25.89,24.2,24.8
113.201,4972.7,159.2,100.0,0.0,0.0,3,5928,-0.023,0.47,83.8,87.8,77.3,81.0,25.24,25.89,24.2,24.8
113.217,4973.4,159.4,100.0,0.0,0.0,3,5926,0.015,0.482,83.8,87.8,77.3,81.0,25.24,25.89,24.2,24.8
113.232,4974.1,159.7,100.0,0.0,0.0,3,5922,-0.0,0.476,83.8,87.8,77.3,81.0,25.24,25.89,24.2,24.8
113.248,4974.8,159.9,100.0,0.0,0.0,3,5926,0.012,0.432,83.8,87.8,77.3,81.0,25.24,25.89,24.21,24.8
113.264,4975.5,160.2,100.0,0.0,0.0,3,5943,0.008,0.405,83.8,87.8,77.3,81.0,25.24,25.89,24.21,24.8
113.279,4976.1,160.4,100.0,0.0,0.0,3,5952,0.011,0.43,83.8,87.8,77.3,81.0,25.24,25.89,24.21,24.8
113.295,4976.9,160.7,100.0,0.0,0.0,3,5952,-0.002,0.435,83.8,87.8,77.3,81.0,25.24,25.89,24.21,24.8
113.31,4977.6,160.9,0.0,0.0,0.0,3,5913,-0.001,0.396,83.8,87.8,77.3,81.0,25.24,25.89,24.21,24.8
113.325,4978.2,161.0,0.0,0.0,0.0,3,5831,0.003,-0.111,83.8,87.8,77.3,81.0,25.24,25.89,24.21,24.8
113.341,4978.9,160.8,0.0,0.0,0.0,3,5846,0.014,-0.171,83.8,87.8,77.3,81.0,25.24,25.89,24.21,24.81
113.356,4979.6,160.8,0.0,0.0,0.0,3,5842,0.015,-0.152,83.8,87.8,77.3,81.0,25.24,25.89,24.21,24.81
113.371,4980.3,160.7,0.0,0.0,0.01,3,5839,-0.018,-0.188,83.8,87.8,77.3,81.0,25.24,25.89,24.21,24.81
113.387,4981.0,160.6,0.0,0.0,0.01,3,5837,-0.05,-0.168,83.8,87.8,77.3,81.0,25.25,25.89,24.21,24.81
113.402,4981.7,160.5,0.0,0.0,0.02,3,5833,-0.076,-0.156,83.8,87.8,77.3,81.0,25.25,25.89,24.21,24.81
113.418,4982.4,160.4,0.0,0.0,0.02,3,5829,-0.112,-0.145,83.8,87.8,77.3,81.0,25.25,25.89,24.21,24.81
113.433,4983.0,160.3,0.0,0.0,0.03,3,5827,-0.14,-0.182,83.8,87.8,77.3,81.0,25.25,25.89,24.21,24.81
113.448,4983.7,160.3,0.0,0.0,0.03,3,5824,-0.173,-0.124,83.8,87.8,77.3,81.0,25.25,25.89,24.21,24.81
113.464,4984.4,160.2,0.0,0.0,0.04,3,5820,-0.254,-0.161,83.8,87.8,77.3,81.0,25.25,25.89,24.21,24.81
113.479,4985.1,160.1,0.0,0.0,0.05,3,5818,-0.317,-0.16,83.8,87.8,77.3,81.0,25.25,25.89,24.21,24.81
113.495,4985.8,160.0,0.0,0.0,0.05,3,5816,-0.375,-0.181,83.8,87.8,77.3,81.0,25.25,25.89,24.21,24.81
113.51,4986.5,159.7,0.0,97.6,0.06,3,5699,-0.343,-1.276,83.8,87.8,77.3,81.0,25.25,25.89,24.22,24.81
113.525,4987.1,158.8,0.0,100.0,0.06,3,5663,-0.375,-1.766,83.8,87.8,77.3,81.1,25.25,25.89,24.22,24.81
113.54,4987.8,157.9,0.0,100.0,0.07,3,5630,-0.408,-1.781,83.8,87.8,77.4,81.1,25.25,25.89,24.22,24.81
113.556,4988.5,156.9,0.0,100.0,0.07,3,5587,-0.501,-1.778,83.8,87.8,77.4,81.1,25.25,25.89,24.22,24.81
113.572,4989.1,155.8,0.0,100.0,0.08,3,5530,-0.528,-1.775,83.8,87.8,77.4,81.1,25.25,25.89,24.22,24.81
113.587,4989.8,154.9,0.0,100.0,0.08,3,5481,-0.543,-1.741,83.8,87.8,77.4,81.1,25.25,25.89,24.22,24.81
113.604,4990.5,153.9,0.0,100.0,0.09,3,5428,-0.634,-1.757,83.8,87.8,77.4,81.1,25.25,25.89,24.22,24.81
113.619,4991.2,153.0,0.0,100.0,0.09,3,5373,-0.624,-1.694,83.8,87.8,77.4,81.1,25.25,25.89,24.22,24.81
113.635,4991.8,152.1,0.0,100.0,0.1,3,5310,-0.665,-1.659,83.8,87.8,77.4,81.1,25.25,25.89,24.22,24.81
113.65,4992.5,151.1,0.0,100.0,0.11,3,5239,-0.725,-1.703,83.8,87.8,77.4,81.1,25.25,25.89,24.22,24.81
113.666,4993.2,150.1,0.0,100.0,0.11,3,5196,-0.764,-1.724,83.8,87.8,77.4,81.0,25.26,25.89,24.22,24.81
113.683,4993.8,149.2,0.0,100.0,0.12,3,5136,-0.825,-1.699,83.9,87.8,77.4,81.0,25.26,25.89,24.22,24.81
113.699,4994.5,148.1,0.0,100.0,0.13,3,5069,-0.939,-1.74,83.9,87.8,77.4,81.0,25.26,25.89,24.22,24.81
113.715,4995.1,147.2,0.0,100.0,0.13,3,5034,-1.017,-1.734,83.9,87.8,77.4,81.0,25.26,25.89,24.22,24.81
113.73,4995.8,146.3,0.0,100.0,0.14,3,5003,-1.144,-1.773,83.9,87.8,77.4,81.0,25.26,25.89,24.22,24.81
113.745,4996.4,145.4,0.0,100.0,0.14,3,4977,-1.055,-1.686,83.9,87.8,77.4,81.0,25.26,25.89,24.22,24.81
113.761,4997.0,144.3,0.0,100.0,0.15,3,4949,-1.214,-1.671,83.9,87.8,77.4,81.0,25.26,25.89,24.22,24.81
113.776,4997.6,143.3,0.0,100.0,0.16,3,4915,-1.223,-1.722,83.9,87.8,77.4,81.0,25.26,25.89,24.22,24.81
113.792,4998.3,142.4,0.0,100.0,0.16,3,4886,-1.33,-1.657,83.9,87.8,77.4,81.0,25.26,25.89,24.22,24.81
113.807,4998.9,141.6,0.0,100.0,0.17,3,4841,-1.213,-1.553,83.9,87.8,77.4,81.0,25.26,25.89,24.22,24.81
113.824,4999.5,140.7,0.0,98.6,0.18,3,4789,-1.36,-1.429,83.9,87.8,77.4,81.0,25.26,25.89,24.22,24.81
113.839,5000.1,139.8,0.0,95.5,0.19,3,4740,-1.194,-1.486,83.9,87.8,77.4,81.0,25.26,25.89,24.22,24.81
113.854,5000.7,138.9,0.0,100.0,0.19,3,4710,-1.303,-1.535,83.9,87.8,77.4,81.0,25.26,25.89,24.22,24.81
113.87,5001.3,138.1,0.0,97.2,0.2,3,4665,-1.135,-1.532,83.9,87.8,77.4,81.0,25.27,25.89,24.23,24.81
113.885,5001.9,137.3,0.0,97.9,0.21,3,4603,-1.215,-1.41,83.9,87.8,77.4,81.0,25.27,25.89,24.23,24.81
113.901,5002.4,136.5,0.0,98.2,0.21,3,4585,-1.204,-1.456,83.9,87.8,77.4,81.0,25.27,25.89,24.23,24.81
113.916,5003.0,135.7,0.0,97.6,0.22,3,4552,-1.097,-1.475,83.9,87.8,77.4,81.0,25.27,25.89,24.23,24.81
113.932,5003.6,134.9,0.0,96.3,0.23,3,4547,-1.391,-1.265,83.9,87.8,77.4,81.0,25.27,25.89,24.23,24.81
113.947,5004.2,134.0,0.0,89.0,0.23,3,4524,-1.151,-1.392,83.9,87.8,77.4,81.0,25.27,25.89,24.23,24.81
113.963,5004.8,133.2,0.0,93.4,0.24,3,4487,-1.244,-1.352,83.9,87.8,77.4,81.0,25.27,25.89,24.23,24.81
113.98,5005.4,132.5,0.0,96.8,0.25,3,4436,-1.288,-1.373,83.9,87.8,77.4,81.0,25.27,25.88,24.23,24.81
113.996,5006.0,131.6,0.0,95.8,0.26,3,4417,-1.257,-1.395,83.9,87.8,77.4,81.0,25.27,25.88,24.23,24.81
114.011,5006.5,130.9,0.0,100.0,0.26,3,4372,-1.446,-1.203,83.9,87.8,77.4,81.0,25.27,25.88,24.23,24.8
114.026,5007.1,130.1,0.0,96.5,0.27,3,4329,-1.19,-1.413,83.9,87.8,77.4,81.0,25.27,25.88,24.23,24.8
114.042,5007.6,129.4,0.0,96.4,0.28,3,4318,-1.367,-1.319,84.0,87.8,77.4,81.0,25.27,25.88,24.23,24.8
114.057,5008.2,128.7,0.0,93.6,0.29,3,4315,-1.472,-1.16,84.0,87.8,77.4,81.0,25.27,25.88,24.23,24.8
114.074,5008.8,127.8,0.0,99.1,0.3,3,4284,-1.275,-1.446,84.0,87.8,77.4,81.0,25.27,25.88,24.23,24.8
114.089,5009.3,127.1,0.0,100.0,0.3,3,4255,-1.464,-1.374,84.0,87.8,77.4,81.0,25.27,25.88,24.23,24.8
114.104,5009.8,126.3,0.0,100.0,0.31,3,4211,-1.551,-1.23,84.0,87.8,77.4,81.0,25.28,25.88,24.23,24.8
114.12,5010.4,125.6,0.0,100.0,0.32,3,4179,-1.34,-1.421,84.0,87.8,77.4,81.0,25.28,25.88,24.23,24.8
114.135,5010.9,124.9,0.0,100.0,0.33,3,4183,-1.541,-1.206,84.0,87.8,77.5,81.0,25.28,25.88,24.23,24.8
114.151,5011.5,124.0,0.0,100.0,0.34,3,4154,-1.609,-1.136,84.0,87.8,77.5,81.0,25.28,25.88,24.23,24.8
114.167,5012.0,123.2,0.0,96.9,0.34,3,4131,-1.395,-1.369,84.0,87.8,77.5,81.0,25.28,25.88,24.23,24.8
114.183,5012.6,122.5,0.0,0.0,0.35,3,4188,-1.522,-1.278,84.0,87.8,77.5,81.0,25.28,25.88,24.23,24.8
114.199,5013.1,122.0,0.0,0.0,0.36,3,4292,-1.809,-0.625,84.0,87.8,77.5,81.0,25.28,25.88,24.23,24.8
114.214,5013.6,121.6,0.0,0.0,0.37,3,4359,-1.815,-0.358,84.0,87.8,77.5,81.0,25.28,25.88,24.23,24.8
114.23,5014.1,121.4,0.0,0.0,0.38,3,4378,-1.758,-0.277,84.0,87.8,77.5,81.0,25.28,25.88,24.24,24.8
114.245,5014.7,121.2,0.0,0.0,0.39,3,4383,-1.773,-0.255,84.0,87.7,77.5,81.0,25.28,25.88,24.24,24.8
114.261,5015.2,121.0,0.0,0.0,0.4,3,4380,-1.822,-0.228,84.0,87.7,77.5,81.0,25.28,25.88,24.24,24.8
114.277,5015.7,120.8,0.0,0.0,0.4,3,4375,-1.807,-0.213,84.0,87.7,77.5,81.0,25.28,25.88,24.24,24.8
114.293,5016.2,120.6,0.0,0.0,0.41,3,4368,-1.8,-0.219,84.0,87.7,77.5,81.0,25.29,25.88,24.24,24.8
114.308,5016.8,120.4,0.0,0.0,0.42,3,4361,-1.78,-0.241,84.0,87.7,77.5,81.0,25.29,25.88,24.24,24.8
114.324,5017.3,120.2,0.0,0.0,0.43,3,4354,-1.788,-0.234,84.0,87.7,77.5,81.0,25.29,25.88,24.24,24.8
114.34,5017.8,120.0,0.0,0.0,0.44,3,4347,-1.721,-0.24,84.0,87.7,77.5,81.0,25.29,25.88,24.24,24.8
114.355,5018.4,119.8,0.0,0.0,0.45,3,4340,-1.684,-0.232,84.1,87.7,77.5,81.0,25.29,25.88,24.24,24.8
114.371,5018.9,119.6,0.0,0.0,0.46,3,4334,-1.656,-0.216,84.1,87.7,77.5,81.0,25.29,25.88,24.24,24.8
114.387,5019.4,119.5,0.0,0.0,0.47,3,4328,-1.659,-0.243,84.1,87.7,77.5,81.0,25.29,25.88,24.24,24.8
114.402,5019.9,119.3,0.0,0.0,0.47,3,4322,-1.695,-0.234,84.1,87.7,77.5,81.0,25.29,25.88,24.24,24.8
114.418,5020.4,119.1,0.0,0.0,0.48,3,4315,-1.658,-0.223,84.1,87.7,77.5,81.0,25.29,25.88,24.24,24.8
114.433,5020.9,118.9,0.0,0.0,0.49,3,4310,-1.586,-0.247,84.1,87.7,77.5,81.0,25.29,25.87,24.24,24.8
114.449,5021.4,118.7,0.0,0.0,0.5,3,4305,-1.581,-0.242,84.1,87.7,77.5,81.0,25.29,25.87,24.24,24.8
114.464,5021.9,118.5,0.0,0.0,0.51,3,4301,-1.607,-0.249,84.1,87.7,77.5,81.0,25.29,25.87,24.24,24.8
114.479,5022.4,118.4,0.0,0.0,0.52,3,4296,-1.656,-0.258,84.1,87.7,77.5,81.0,25.29,25.87,24.24,24.8
114.495,5023.0,118.2,0.0,0.0,0.53,3,4291,-1.632,-0.27,84.1,87.7,77.5,81.0,25.3,25.87,24.25,24.8
114.511,5023.5,118.0,0.0,0.0,0.53,3,4285,-1.682,-0.244,84.1,87.7,77.5,81.0,25.3,25.87,24.25,24.8
114.526,5024.0,117.8,0.0,0.0,0.54,3,4279,-1.753,-0.27,84.1,87.7,77.5,81.0,25.3,25.87,24.25,24.8
114.542,5024.5,117.6,0.0,0.0,0.55,3,4274,-1.721,-0.261,84.1,87.7,77.5,81.0,25.3,25.87,24.25,24.8
114.557,5025.0,117.4,0.0,0.0,0.56,3,4268,-1.73,-0.289,84.1,87.7,77.5,81.0,25.3,25.87,24.25,24.8
114.572,5025.5,117.2,0.0,0.0,0.57,3,4263,-1.686,-0.259,84.1,87.7,77.6,81.0,25.3,25.87,24.25,24.8
114.588,5026.0,117.1,0.0,0.0,0.58,3,4257,-1.641,-0.255,84.1,87.7,77.6,81.0,25.3,25.87,24.25,24.8
114.603,5026.5,116.9,0.0,0.0,0.59,3,4250,-1.649,-0.252,84.1,87.7,77.6,81.0,25.3,25.87,24.25,24.8
114.619,5027.0,116.7,0.0,0.0,0.6,3,4242,-1.664,-0.264,84.1,87.7,77.6,81.0,25.3,25.87,24.25,24.8
114.634,5027.5,116.5,0.0,0.0,0.61,3,4235,-1.626,-0.233,84.1,87.7,77.6,81.0,25.3,25.87,24.25,24.8
114.65,5028.0,116.4,3.6,0.0,0.62,3,4233,-1.617,-0.283,84.2,87.7,77.6,81.0,25.3,25.87,24.25,24.8
114.665,5028.5,116.2,9.6,0.0,0.62,3,4236,-1.578,-0.226,84.2,87.7,77.6,81.0,25.31,25.87,24.25,24.8
114.681,5029.0,116.1,15.6,0.0,0.63,3,4245,-1.54,-0.206,84.2,87.7,77.6,81.0,25.31,25.87,24.25,24.8
114.696,5029.5,115.9,21.6,0.0,0.64,3,4254,-1.592,-0.192,84.2,87.7,77.6,81.0,25.31,25.87,24.25,24.8
114.712,5030.0,115.8,28.8,0.0,0.65,3,4266,-1.562,-0.137,84.2,87.7,77.6,81.0,25.31,25.87,24.25,24.8
114.727,5030.5,115.7,34.8,0.0,0.66,3,4275,-1.574,-0.092,84.2,87.7,77.6,81.0,25.31,25.87,24.25,24.8
114.743,5031.0,115.7,40.8,0.0,0.67,3,4283,-1.557,-0.054,84.2,87.7,77.6,81.0,25.31,25.87,24.25,24.8
114.759,5031.5,115.6,46.8,0.0,0.68,3,4295,-1.509,-0.035,84.2,87.7,77.6,81.0,25.31,25.87,24.26,24.8
114.774,5032.0,115.6,52.8,0.0,0.69,3,4303,-1.516,0.018,84.2,87.7,77.6,81.0,25.31,25.87,24.26,24.8
114.79,5032.5,115.6,58.8,0.0,0.7,3,4313,-1.512,0.065,84.2,87.7,77.6,81.0,25.31,25.87,24.26,24.8
114.806,5033.0,115.6,66.0,0.0,0.71,3,4326,-1.501,0.09,84.2,87.7,77.6,81.0,25.31,25.87,24.26,24.8
114.821,5033.5,115.7,72.0,0.0,0.72,3,4341,-1.493,0.129,84.2,87.7,77.6,81.0,25.31,25.87,24.26,24.8
114.837,5034.0,115.7,78.0,0.0,0.72,3,4362,-1.459,0.165,84.2,87.7,77.6,81.0,25.32,25.87,24.26,24.8
114.852,5034.5,115.8,84.0,0.0,0.73,3,4375,-1.487,0.211,84.2,87.7,77.6,81.0,25.32,25.87,24.26,24.8
114.868,5035.0,115.9,91.2,0.0,0.74,3,4394,-1.462,0.244,84.2,87.7,77.6,81.0,25.32,25.86,24.26,24.8
114.884,5035.5,116.0,97.2,0.0,0.75,3,4410,-1.509,0.269,84.2,87.7,77.6,81.0,25.32,25.86,24.26,24.8
114.9,5036.0,116.2,100.0,0.0,0.76,3,4427,-1.435,0.31,84.2,87.7,77.6,81.0,25.32,25.86,24.26,24.8
114.916,5036.6,116.4,100.0,0.0,0.77,3,4435,-1.428,0.354,84.3,87.6,77.6,81.0,25.32,25.86,24.26,24.8
114.931,5037.1,116.5,100.0,0.0,0.78,3,4432,-1.389,0.384,84.3,87.6,77.6,81.0,25.32,25.86,24.26,24.8
114.947,5037.6,116.7,100.0,0.0,0.79,3,4434,-1.425,0.364,84.3,87.6,77.6,81.0,25.32,25.86,24.26,24.8
114.962,5038.1,116.9,100.0,0.0,0.8,3,4436,-1.475,0.363,84.3,87.6,77.6,81.0,25.32,25.86,24.26,24.8
114.978,5038.6,117.0,100.0,0.0,0.77,3,4441,-1.516,0.335,84.3,87.6,77.7,81.0,25.32,25.86,24.26,24.8
114.993,5039.1,117.2,100.0,0.0,0.73,3,4458,-1.464,0.294,84.3,87.6,77.7,81.0,25.33,25.86,24.26,24.8
115.009,5039.6,117.3,100.0,0.0,0.68,3,4475,-1.447,0.31,84.3,87.6,77.7,81.0,25.33,25.86,24.27,24.8
115.025,5040.1,117.5,100.0,0.0,0.62,3,4502,-1.424,0.305,84.3,87.6,77.7,81.0,25.33,25.86,24.27,24.8
115.04,5040.6,117.6,100.0,0.0,0.57,3,4505,-1.451,0.371,84.3,87.6,77.7,81.0,25.33,25.86,24.27,24.8
115.056,5041.1,117.8,100.0,0.0,0.53,3,4507,-1.487,0.368,84.3,87.6,77.7,81.0,25.33,25.86,24.27,24.8
115.071,5041.6,118.0,100.0,0.0,0.48,3,4511,-1.52,0.361,84.3,87.6,77.7,81.0,25.33,25.86,24.27,24.8
115.087,5042.1,118.1,100.0,0.0,0.43,3,4509,-1.585,0.366,84.3,87.6,77.7,81.0,25.33,25.86,24.27,24.8
115.102,5042.6,118.3,100.0,0.0,0.38,3,4517,-1.641,0.402,84.3,87.6,77.7,81.0,25.33,25.86,24.27,24.8
115.118,5043.2,118.5,100.0,0.0,0.33,3,4526,-1.622,0.393,84.3,87.6,77.7,81.0,25.33,25.86,24.27,24.8
115.134,5043.7,118.7,100.0,0.0,0.28,3,4537,-1.613,0.415,84.3,87.6,77.7,81.0,25.34,25.86,24.27,24.8
115.149,5044.2,118.9,100.0,0.0,0.23,3,4546,-1.619,0.414,84.4,87.6,77.7,81.0,25.34,25.86,24.27,24.8
115.165,5044.7,119.1,100.0,0.0,0.18,3,4557,-1.583,0.46,84.4,87.6,77.7,81.0,25.34,25.86,24.27,24.8
115.18,5045.2,119.3,100.0,0.0,0.13,3,4563,-1.616,0.473,84.4,87.6,77.7,81.0,25.34,25.86,24.27,24.8
115.195,5045.7,119.5,100.0,0.0,0.08,3,4572,-1.501,0.476,84.4,87.6,77.7,81.0,25.34,25.86,24.27,24.8
115.211,5046.2,119.7,100.0,0.0,0.04,3,4575,-1.467,0.492,84.4,87.6,77.7,81.0,25.34,25.86,24.27,24.8
115.226,5046.8,120.0,100.0,0.0,0.0,3,4583,-1.38,0.492,84.4,87.6,77.7,81.0,25.34,25.86,24.28,24.8
115.242,5047.3,120.2,100.0,0.0,0.0,3,4590,-1.288,0.509,84.4,87.6,77.7,81.0,25.34,25.86,24.28,24.8
115.257,5047.8,120.4,100.0,0.0,0.0,3,4593,-1.32,0.517,84.4,87.6,77.7,81.0,25.34,25.86,24.28,24.8
115.273,5048.3,120.7,100.0,0.0,0.0,3,4604,-1.311,0.457,84.4,87.6,77.7,81.0,25.34,25.86,24.28,24.8
115.289,5048.8,120.9,100.0,0.0,0.0,3,4616,-1.242,0.49,84.4,87.6,77.7,81.0,25.35,25.86,24.28,24.8
115.305,5049.4,121.2,100.0,0.0,0.01,3,4619,-1.246,0.526,84.4,87.6,77.7,81.0,25.35,25.85,24.28,24.8
115.321,5049.9,121.4,100.0,0.0,0.01,3,4623,-1.292,0.469,84.4,87.6,77.7,81.0,25.35,25.85,24.28,24.8
115.336,5050.4,121.7,100.0,0.0,0.02,3,4626,-1.285,0.494,84.4,87.6,77.8,81.0,25.35,25.85,24.28,24.8
115.352,5051.0,122.0,100.0,0.0,0.03,3,4623,-1.311,0.534,84.4,87.6,77.8,81.0,25.35,25.85,24.28,24.8
115.367,5051.5,122.2,100.0,0.0,0.04,3,4624,-1.292,0.5,84.4,87.6,77.8,81.0,25.35,25.85,24.28,24.8
115.384,5052.0,122.4,100.0,0.0,0.05,3,4628,-1.282,0.488,84.5,87.6,77.8,81.0,25.35,25.85,24.28,24.8
115.399,5052.6,122.7,100.0,0.0,0.06,3,4627,-1.274,0.519,84.5,87.6,77.8,81.0,25.35,25.85,24.28,24.8
115.415,5053.1,123.0,100.0,0.0,0.07,3,4620,-1.281,0.505,84.5,87.6,77.8,81.0,25.35,25.85,24.28,24.8
115.43,5053.6,123.2,100.0,0.0,0.07,3,4629,-1.2,0.495,84.5,87.6,77.8,81.0,25.36,25.85,24.29,24.8
115.446,5054.2,123.5,100.0,0.0,0.08,3,4635,-1.207,0.495,84.5,87.6,77.8,81.0,25.36,25.85,24.29,24.8
115.462,5054.7,123.8,100.0,0.0,0.09,3,4637,-1.185,0.49,84.5,87.6,77.8,81.0,25.36,25.85,24.29,24.8
115.477,5055.3,124.0,100.0,0.0,0.1,3,4658,-1.112,0.466,84.5,87.6,77.8,81.0,25.36,25.85,24.29,24.8
115.494,5055.8,124.3,100.0,0.0,0.11,3,4673,-1.08,0.455,84.5,87.6,77.8,81.0,25.36,25.85,24.29,24.8
115.509,5056.4,124.5,100.0,0.0,0.12,3,4687,-1.047,0.469,84.5,87.6,77.8,81.0,25.36,25.85,24.29,24.8
115.524,5056.9,124.7,100.0,0.0,0.12,3,4693,-1.043,0.458,84.5,87.6,77.8,81.0,25.36,25.85,24.29,24.8
115.54,5057.4,125.1,100.0,0.0,0.13,3,4696,-1.073,0.496,84.5,87.6,77.8,81.0,25.36,25.85,24.29,24.8
115.556,5058.0,125.3,100.0,0.0,0.14,3,4703,-1.077,0.47,84.5,87.6,77.8,81.0,25.36,25.85,24.29,24.8
115.572,5058.5,125.5,100.0,0.0,0.15,3,4719,-1.081,0.467,84.5,87.5,77.8,81.0,25.36,25.85,24.29,24.8
115.587,5059.1,125.8,100.0,0.0,0.16,3,4736,-1.107,0.471,84.5,87.5,77.8,81.0,25.37,25.85,24.29,24.8
115.603,5059.6,126.0,100.0,0.0,0.16,3,4747,-1.136,0.456,84.5,87.5,77.8,81.0,25.37,25.85,24.29,24.8
115.619,5060.2,126.3,100.0,0.0,0.17,3,4755,-1.181,0.466,84.5,87.5,77.8,81.0,25.37,25.85,24.29,24.8
115.635,5060.7,126.5,100.0,0.0,0.18,3,4763,-1.27,0.481,84.6,87.5,77.8,81.0,25.37,25.85,24.29,24.8
115.65,5061.3,126.8,100.0,0.0,0.18,3,4771,-1.318,0.479,84.6,87.5,77.8,81.0,25.37,25.85,24.3,24.8
115.666,5061.9,127.0,100.0,0.0,0.12,3,4780,-1.302,0.465,84.6,87.5,77.9,81.0,25.37,25.85,24.3,24.8
115.682,5062.4,127.3,100.0,0.0,0.07,3,4793,-1.269,0.438,84.6,87.5,77.9,81.0,25.37,25.84,24.3,24.8
115.699,5063.0,127.5,100.0,0.0,0.03,3,4810,-1.093,0.462,84.6,87.5,77.9,81.0,25.37,25.84,24.3,24.8
115.714,5063.6,127.8,100.0,0.0,0.0,3,4812,-0.908,0.522,84.6,87.5,77.9,81.0,25.37,25.84,24.3,24.8
115.73,5064.1,128.1,100.0,0.0,0.0,3,4809,-0.929,0.518,84.6,87.5,77.9,81.0,25.38,25.84,24.3,24.8
115.746,5064.7,128.3,100.0,0.0,0.0,3,4813,-0.938,0.499,84.6,87.5,77.9,81.0,25.38,25.84,24.3,24.8
115.761,5065.2,128.6,100.0,0.0,0.0,3,4818,-0.93,0.485,84.6,87.5,77.9,81.0,25.38,25.84,24.3,24.8
115.777,5065.8,128.9,100.0,0.0,0.0,3,4821,-0.879,0.51,84.6,87.5,77.9,81.0,25.38,25.84,24.3,24.8
115.793,5066.4,129.1,100.0,0.0,0.0,3,4830,-0.773,0.487,84.6,87.5,77.9,81.0,25.38,25.84,24.3,24.8
115.809,5066.9,129.4,100.0,0.0,0.0,3,4835,-0.745,0.495,84.6,87.5,77.9,81.0,25.38,25.84,24.3,24.8
115.825,5067.5,129.7,100.0,0.0,0.0,3,4838,-0.714,0.491,84.6,87.5,77.9,81.0,25.38,25.84,24.3,24.8
115.84,5068.1,130.0,100.0,0.0,0.0,3,4851,-0.616,0.501,84.6,87.5,77.9,81.0,25.38,25.84,24.3,24.8
115.856,5068.7,130.2,100.0,0.0,0.0,3,4875,-0.519,0.449,84.6,87.5,77.9,81.0,25.38,25.84,24.31,24.8
115.872,5069.2,130.5,100.0,0.0,0.01,3,4886,-0.456,0.498,84.7,87.5,77.9,81.0,25.38,25.84,24.31,24.8
115.888,5069.8,130.8,100.0,0.0,0.01,3,4885,-0.421,0.535,84.7,87.5,77.9,81.0,25.38,25.84,24.31,24.8
115.903,5070.4,131.0,100.0,0.0,0.02,3,4889,-0.427,0.493,84.7,87.5,77.9,81.0,25.39,25.84,24.31,24.8
115.919,5070.9,131.3,100.0,0.0,0.03,3,4897,-0.416,0.479,84.7,87.5,77.9,81.0,25.39,25.84,24.31,24.8
115.935,5071.5,131.6,100.0,0.0,0.04,3,4910,-0.379,0.454,84.7,87.5,77.9,81.0,25.39,25.84,24.31,24.8
115.95,5072.1,131.9,100.0,0.0,0.05,3,4937,-0.369,0.478,84.7,87.5,77.9,81.0,25.39,25.84,24.31,24.8
115.966,5072.6,132.1,100.0,0.0,0.05,3,4950,-0.38,0.483,84.7,87.5,77.9,81.0,25.39,25.84,24.31,24.8
115.981,5073.2,132.4,100.0,0.0,0.06,3,4960,-0.398,0.454,84.7,87.5,77.9,81.0,25.39,25.84,24.31,24.8
115.997,5073.8,132.6,100.0,0.0,0.07,3,4964,-0.448,0.524,84.7,87.5,77.9,81.0,25.39,25.84,24.31,24.8
116.012,5074.3,132.9,100.0,0.0,0.07,3,4972,-0.514,0.491,84.7,87.5,77.9,81.0,25.39,25.84,24.31,24.8
116.027,5074.9,133.1,100.0,0.0,0.08,3,4981,-0.534,0.444,84.7,87.5,78.0,81.0,25.39,25.84,24.31,24.8
116.043,5075.5,133.4,100.0,0.0,0.09,3,4994,-0.614,0.475,84.7,87.5,78.0,81.0,25.39,25.84,24.31,24.8
116.059,5076.1,133.7,100.0,0.0,0.08,3,5004,-0.685,0.454,84.7,87.5,78.0,81.0,25.39,25.84,24.31,24.8
116.075,5076.7,133.9,100.0,0.0,0.03,3,5006,-0.606,0.507,84.7,87.5,78.0,81.0,25.4,25.84,24.31,24.8
116.09,5077.2,134.2,100.0,0.0,0.0,3,5011,-0.408,0.502,84.7,87.5,78.0,81.0,25.4,25.84,24.32,24.8
116.105,5077.8,134.4,100.0,0.0,0.0,3,5020,-0.378,0.451,84.7,87.5,78.0,81.0,25.4,25.84,24.32,24.8
116.121,5078.4,134.7,100.0,0.0,0.0,3,5022,-0.388,0.5,84.7,87.5,78.0,81.0,25.4,25.84,24.32,24.8
116.137,5079.0,135.0,100.0,0.0,0.01,3,5035,-0.426,0.461,84.7,87.5,78.0,81.0,25.4,25.83,24.32,24.8
116.152,5079.6,135.3,100.0,0.0,0.02,3,5044,-0.428,0.463,84.7,87.5,78.0,81.0,25.4,25.83,24.32,24.8
116.168,5080.2,135.5,100.0,0.0,0.02,3,5057,-0.426,0.462,84.8,87.5,78.0,81.0,25.4,25.83,24.32,24.8
116.184,5080.8,135.8,100.0,0.0,0.03,3,5071,-0.399,0.467,84.8,87.5,78.0,81.0,25.4,25.83,24.32,24.8
116.2,5081.4,136.1,100.0,0.0,0.04,3,5082,-0.419,0.484,84.8,87.5,78.0,81.0,25.4,25.83,24.32,24.8
116.215,5081.9,136.3,100.0,0.0,0.04,3,5087,-0.45,0.502,84.8,87.5,78.0,81.0,25.4,25.83,24.32,24.8
116.231,5082.5,136.6,100.0,0.0,0.05,3,5099,-0.458,0.491,84.8,87.5,78.0,81.0,25.4,25.83,24.32,24.8
116.246,5083.1,136.8,100.0,0.0,0.06,3,5109,-0.485,0.464,84.8,87.5,78.0,81.0,25.4,25.83,24.32,24.8
116.261,5083.7,137.1,100.0,0.0,0.06,3,5125,-0.501,0.452,84.8,87.4,78.0,81.0,25.41,25.83,24.32,24.8
116.277,5084.3,137.3,100.0,0.0,0.07,3,5136,-0.566,0.461,84.8,87.4,78.0,81.0,25.41,25.83,24.32,24.8
116.292,5084.9,137.5,100.0,0.0,0.08,3,5148,-0.615,0.441,84.8,87.4,78.0,81.0,25.41,25.83,24.32,24.8
116.308,5085.5,137.8,100.0,0.0,0.09,3,5160,-0.682,0.446,84.8,87.4,78.0,81.0,25.41,25.83,24.32,24.8
116.324,5086.1,138.1,100.0,0.0,0.09,3,5164,-0.727,0.449,84.8,87.4,78.0,81.0,25.41,25.83,24.33,24.8
116.339,5086.7,138.3,100.0,0.0,0.1,3,5168,-0.756,0.48,84.8,87.4,78.0,81.0,25.41,25.83,24.33,24.8
116.355,5087.3,138.6,100.0,0.0,0.11,3,5170,-0.753,0.471,84.8,87.4,78.0,81.0,25.41,25.83,24.33,24.8
116.371,5087.9,138.8,100.0,0.0,0.11,3,5179,-0.804,0.449,84.8,87.4,78.0,81.0,25.41,25.83,24.33,24.8
116.386,5088.5,139.1,100.0,0.0,0.12,3,5186,-0.91,0.445,84.8,87.4,78.1,81.0,25.41,25.83,24.33,24.8
116.401,5089.1,139.3,100.0,0.0,0.13,3,5197,-0.912,0.445,84.8,87.4,78.1,81.0,25.41,25.83,24.33,24.8
116.417,5089.7,139.5,100.0,0.0,0.13,3,5217,-0.903,0.411,84.8,87.4,78.1,81.0,25.41,25.83,24.33,24.8
116.432,5090.3,139.8,100.0,0.0,0.14,3,5236,-1.002,0.396,84.8,87.4,78.1,81.0,25.42,25.83,24.33,24.8
116.447,5090.9,140.0,100.0,0.0,0.15,3,5248,-1.089,0.393,84.9,87.4,78.1,81.0,25.42,25.83,24.33,24.8
116.463,5091.5,140.2,100.0,0.0,0.15,3,5260,-1.105,0.431,84.9,87.4,78.1,81.0,25.42,25.83,24.33,24.8
116.479,5092.1,140.4,100.0,0.0,0.16,3,5279,-1.156,0.365,84.9,87.4,78.1,81.0,25.42,25.83,24.33,24.8
116.495,5092.7,140.6,100.0,0.0,0.17,3,5288,-1.205,0.409,84.9,87.4,78.1,81.0,25.42,25.83,24.33,24.8
116.51,5093.3,140.9,100.0,0.0,0.18,3,5285,-1.275,0.423,84.9,87.4,78.1,81.0,25.42,25.83,24.33,24.8
116.526,5093.9,141.1,100.0,0.0,0.18,3,5294,-1.299,0.402,84.9,87.4,78.1,81.0,25.42,25.82,24.34,24.8
116.541,5094.5,141.3,100.0,0.0,0.19,3,5308,-1.401,0.379,84.9,87.4,78.1,81.0,25.42,25.82,24.34,24.8
116.556,5095.1,141.5,100.0,0.0,0.19,3,5317,-1.434,0.39,84.9,87.4,78.1,81.0,25.42,25.82,24.34,24.8
116.572,5095.8,141.7,100.0,0.0,0.2,3,5330,-1.366,0.421,84.9,87.4,78.1,81.0,25.42,25.82,24.34,24.8
116.588,5096.4,141.9,100.0,0.0,0.21,3,5351,-1.355,0.368,84.9,87.4,78.1,81.0,25.43,25.82,24.34,24.8
116.603,5097.0,142.1,100.0,0.0,0.22,3,5354,-1.446,0.424,84.9,87.4,78.1,81.0,25.43,25.82,24.34,24.8
116.619,5097.6,142.3,100.0,0.0,0.22,3,5353,-1.481,0.385,84.9,87.4,78.1,81.0,25.43,25.82,24.34,24.8
116.634,5098.2,142.5,100.0,0.0,0.23,3,5367,-1.535,0.388,84.9,87.4,78.1,81.0,25.43,25.82,24.34,24.8
116.65,5098.8,142.6,100.0,0.0,0.22,3,5398,-1.544,0.322,84.9,87.4,78.1,81.0,25.43,25.82,24.34,24.8
116.665,5099.4,142.8,100.0,0.0,0.17,3,5414,-1.463,0.401,84.9,87.4,78.1,81.0,25.43,25.82,24.34,24.8
116.681,5100.1,143.0,100.0,0.0,0.12,3,5421,-1.435,0.386,84.9,87.4,78.1,81.0,25.43,25.82,24.34,24.8
116.697,5100.7,143.2,100.0,0.0,0.07,3,5430,-1.495,0.411,85.0,87.4,78.2,81.0,25.43,25.82,24.34,24.8
116.712,5101.3,143.4,100.0,0.0,0.03,3,5435,-1.466,0.391,85.0,87.4,78.2,81.0,25.43,25.82,24.35,24.8
116.728,5101.9,143.6,100.0,0.0,0.0,3,5450,-1.335,0.41,85.0,87.4,78.2,81.0,25.44,25.82,24.35,24.8
116.744,5102.6,143.8,100.0,0.0,0.0,3,5462,-1.318,0.421,85.0,87.4,78.2,81.0,25.44,25.82,24.35,24.8
116.76,5103.2,144.0,100.0,0.0,0.0,3,5463,-1.346,0.464,85.0,87.4,78.2,81.0,25.44,25.82,24.35,24.8
116.775,5103.8,144.2,100.0,0.0,0.0,3,5455,-1.39,0.467,85.0,87.4,78.2,81.0,25.44,25.82,24.35,24.8
116.791,5104.5,144.5,100.0,0.0,0.0,3,5442,-1.503,0.478,85.0,87.4,78.2,81.0,25.44,25.82,24.35,24.8
116.807,5105.1,144.7,100.0,0.0,0.0,3,5438,-1.496,0.467,85.0,87.3,78.2,81.0,25.44,25.82,24.35,24.8
116.823,5105.7,144.9,100.0,0.0,0.0,3,5442,-1.456,0.447,85.0,87.3,78.2,81.0,25.44,25.82,24.35,24.8
116.838,5106.3,145.1,100.0,0.0,0.0,3,5458,-1.325,0.414,85.0,87.3,78.2,81.0,25.44,25.81,24.35,24.8
116.853,5107.0,145.3,100.0,0.0,0.0,3,5459,-1.334,0.458,85.0,87.3,78.2,81.0,25.44,25.81,24.35,24.8
116.869,5107.6,145.6,100.0,0.0,0.0,3,5456,-1.316,0.437,85.0,87.3,78.2,81.0,25.44,25.81,24.36,24.8
116.885,5108.2,145.8,100.0,0.0,0.0,3,5457,-1.259,0.428,85.0,87.3,78.2,81.0,25.45,25.81,24.36,24.8
116.9,5108.9,146.0,100.0,0.0,0.0,3,5467,-1.158,0.438,85.0,87.3,78.2,81.0,25.45,25.81,24.36,24.8
116.916,5109.5,146.2,100.0,0.0,0.0,3,5476,-1.082,0.422,85.1,87.3,78.2,81.0,25.45,25.81,24.36,24.8
116.932,5110.2,146.5,100.0,0.0,0.0,3,5471,-1.008,0.45,85.1,87.3,78.2,81.0,25.45,25.81,24.36,24.8
116.947,5110.8,146.7,100.0,0.0,0.0,3,5475,-0.922,0.442,85.1,87.3,78.2,81.0,25.45,25.81,24.36,24.8
116.963,5111.4,146.9,100.0,0.0,0.0,3,5486,-0.853,0.423,85.1,87.3,78.3,81.0,25.45,25.81,24.36,24.8
116.978,5112.0,147.1,100.0,0.0,0.0,3,5492,-0.774,0.446,85.1,87.3,78.3,81.0,25.45,25.81,24.36,24.8
116.993,5112.7,147.4,100.0,0.0,0.0,3,5497,-0.665,0.433,85.1,87.3,78.3,81.0,25.45,25.81,24.36,24.8
117.009,5113.3,147.6,100.0,0.0,0.0,3,5506,-0.595,0.432,85.1,87.3,78.3,81.0,25.45,25.81,24.36,24.8
117.025,5114.0,147.9,100.0,0.0,0.01,3,5510,-0.524,0.442,85.1,87.3,78.3,81.0,25.45,25.81,24.36,24.8
117.041,5114.6,148.1,100.0,0.0,0.02,3,5514,-0.487,0.435,85.1,87.3,78.3,81.0,25.46,25.81,24.36,24.8
117.056,5115.2,148.3,100.0,0.0,0.02,3,5529,-0.465,0.419,85.1,87.3,78.3,81.0,25.46,25.81,24.37,24.8
117.071,5115.9,148.5,100.0,0.0,0.03,3,5536,-0.431,0.436,85.1,87.3,78.3,81.0,25.46,25.81,24.37,24.8
117.087,5116.5,148.8,100.0,0.0,0.03,3,5545,-0.406,0.44,85.1,87.3,78.3,81.0,25.46,25.81,24.37,24.8
117.102,5117.2,149.0,100.0,0.0,0.04,3,5559,-0.406,0.436,85.1,87.3,78.3,81.0,25.46,25.81,24.37,24.8
117.118,5117.8,149.2,100.0,0.0,0.05,3,5572,-0.428,0.414,85.1,87.3,78.3,81.0,25.46,25.81,24.37,24.8
117.134,5118.5,149.5,100.0,0.0,0.05,3,5576,-0.432,0.408,85.1,87.3,78.3,81.0,25.46,25.81,24.37,24.8
117.15,5119.1,149.7,100.0,0.0,0.06,3,5583,-0.469,0.395,85.1,87.3,78.3,81.0,25.46,25.81,24.37,24.8
117.166,5119.8,150.0,100.0,0.0,0.07,3,5592,-0.532,0.423,85.1,87.3,78.3,81.0,25.46,25.81,24.37,24.8
117.181,5120.4,150.2,100.0,0.0,0.07,3,5598,-0.545,0.417,85.1,87.3,78.3,81.0,25.46,25.81,24.37,24.8
117.197,5121.1,150.4,100.0,0.0,0.08,3,5606,-0.562,0.414,85.1,87.3,78.3,81.0,25.46,25.8,24.37,24.8
117.213,5121.8,150.6,100.0,0.0,0.08,3,5612,-0.615,0.432,85.2,87.3,78.3,81.0,25.46,25.8,24.37,24.81
117.229,5122.4,150.9,100.0,0.0,0.09,3,5614,-0.703,0.424,85.2,87.3,78.3,81.0,25.47,25.8,24.37,24.81
117.244,5123.1,151.1,100.0,0.0,0.1,3,5630,-0.741,0.386,85.2,87.3,78.3,81.0,25.47,25.8,24.37,24.81
117.26,5123.7,151.3,100.0,0.0,0.1,3,5650,-0.746,0.371,85.2,87.3,78.3,81.0,25.47,25.8,24.37,24.81
117.275,5124.4,151.5,100.0,0.0,0.11,3,5655,-0.843,0.424,85.2,87.3,78.3,81.0,25.47,25.8,24.38,24.81
117.291,5125.1,151.7,100.0,0.0,0.11,3,5659,-0.881,0.417,85.2,87.3,78.4,81.0,25.47,25.8,24.38,24.81
117.306,5125.7,151.9,100.0,0.0,0.12,3,5672,-0.748,0.358,85.2,87.3,78.4,81.0,25.47,25.8,24.38,24.81
117.322,5126.3,152.2,100.0,0.0,0.13,3,5681,-0.946,0.393,85.2,87.3,78.4,81.0,25.47,25.8,24.38,24.81
117.338,5127.0,152.4,100.0,0.0,0.13,3,5688,-1.023,0.383,85.2,87.3,78.4,81.0,25.47,25.8,24.38,24.81
117.354,5127.7,152.5,100.0,0.0,0.14,3,5705,-0.957,0.347,85.2,87.2,78.4,81.0,25.47,25.8,24.38,24.81
117.369,5128.3,152.8,100.0,0.0,0.14,3,5703,-1.006,0.355,85.2,87.2,78.4,81.0,25.47,25.8,24.38,24.81
117.384,5129.0,152.9,100.0,0.0,0.15,3,5726,-1.033,0.357,85.2,87.2,78.4,81.0,25.47,25.8,24.38,24.81
117.399,5129.6,153.1,100.0,0.0,0.13,3,5737,-1.231,0.345,85.2,87.2,78.4,81.0,25.48,25.8,24.38,24.81
117.415,5130.3,153.3,100.0,0.0,0.08,3,5754,-1.058,0.365,85.2,87.2,78.4,81.0,25.48,25.8,24.38,24.81
117.431,5131.0,153.5,100.0,0.0,0.03,3,5774,-1.043,0.282,85.2,87.2,78.4,81.0,25.48,25.8,24.38,24.81
117.446,5131.6,153.7,100.0,0.0,0.0,3,5779,-0.897,0.332,85.2,87.2,78.4,81.0,25.48,25.8,24.38,24.81
117.462,5132.3,153.9,100.0,0.0,0.0,3,5766,-1.012,0.375,85.2,87.2,78.4,81.0,25.48,25.8,24.39,24.81
117.477,5132.9,154.1,100.0,0.0,0.0,3,5766,-1.005,0.429,85.2,87.2,78.4,81.0,25.48,25.8,24.39,24.81
117.492,5133.6,154.3,100.0,0.0,0.0,3,5762,-0.846,0.425,85.3,87.2,78.4,81.0,25.48,25.8,24.39,24.81
117.508,5134.3,154.5,100.0,0.0,0.0,3,5769,-1.084,0.458,85.3,87.2,78.4,81.0,25.48,25.79,24.39,24.81
117.523,5134.9,154.7,100.0,0.0,0.0,3,5789,-1.061,0.407,85.3,87.2,78.4,81.0,25.48,25.79,24.39,24.81
117.539,5135.6,154.9,100.0,0.0,0.0,3,5803,-0.762,0.37,85.3,87.2,78.4,81.0,25.48,25.79,24.39,24.81
117.554,5136.3,155.1,100.0,0.0,0.0,3,5840,-0.57,0.081,85.3,87.2,78.4,81.0,25.48,25.79,24.39,24.81
117.57,5136.9,155.3,100.0,0.0,0.0,3,5802,-0.901,0.762,85.3,87.2,78.4,81.0,25.49,25.79,24.39,24.81
117.585,5137.6,155.5,100.0,0.0,0.0,3,5794,-0.786,0.374,85.3,87.2,78.5,81.0,25.49,25.79,24.39,24.81
117.601,5138.3,155.8,100.0,0.0,0.0,3,5793,-0.717,0.383,85.3,87.2,78.5,81.0,25.49,25.79,24.39,24.81
117.616,5138.9,156.0,100.0,0.0,0.0,3,5786,-0.8,0.414,85.3,87.2,78.5,81.0,25.49,25.79,24.39,24.81
117.632,5139.6,156.2,100.0,0.0,0.0,3,5806,-0.591,0.374,85.3,87.2,78.5,81.0,25.49,25.79,24.4,24.81
117.647,5140.3,156.4,100.0,0.0,0.0,3,5818,-0.535,0.401,85.3,87.2,78.5,81.0,25.49,25.79,24.4,24.81
117.663,5141.0,156.6,100.0,0.0,0.0,3,5827,-0.462,0.34,85.3,87.2,78.5,81.0,25.49,25.79,24.4,24.81
117.678,5141.6,156.8,100.0,0.0,0.0,3,5849,-0.47,0.561,85.3,87.2,78.5,81.0,25.49,25.79,24.4,24.81
117.693,5142.3,157.0,100.0,0.0,0.0,3,5857,-0.353,0.302,85.3,87.2,78.5,81.0,25.49,25.79,24.4,24.81
117.709,5143.0,157.2,100.0,0.0,0.0,3,5873,-0.3,0.303,85.3,87.2,78.5,81.0,25.49,25.79,24.4,24.81
117.725,5143.7,157.5,100.0,0.0,0.0,3,5869,-0.328,0.213,85.3,87.2,78.5,81.0,25.49,25.79,24.4,24.81
117.741,5144.4,157.7,100.0,0.0,0.0,3,5865,-0.282,0.419,85.3,87.2,78.5,81.0,25.49,25.79,24.4,24.81
117.757,5145.1,157.9,100.0,0.0,0.0,3,5857,-0.099,0.446,85.3,87.2,78.5,81.1,25.5,25.79,24.4,24.81
117.772,5145.8,158.2,100.0,0.0,0.0,3,5866,-0.144,0.382,85.3,87.2,78.5,81.1,25.5,25.79,24.4,24.81
117.788,5146.5,158.3,100.0,0.0,0.0,3,5884,-0.178,0.354,85.4,87.2,78.5,81.1,25.5,25.79,24.4,24.81
117.804,5147.1,158.5,100.0,0.0,0.0,3,5895,-0.103,0.361,85.4,87.2,78.5,81.1,25.5,25.79,24.4,24.81
117.82,5147.8,158.7,100.0,0.0,0.0,3,5966,0.013,0.152,85.4,87.2,78.5,81.1,25.5,25.79,24.4,24.81
117.836,5148.5,159.0,100.0,0.0,0.01,3,5946,-0.059,0.278,85.4,87.2,78.5,81.1,25.5,25.79,24.4,24.81
117.851,5149.2,159.2,100.0,0.0,0.02,3,5933,-0.137,0.233,85.4,87.2,78.5,81.1,25.5,25.79,24.41,24.81
117.867,5149.9,159.4,100.0,0.0,0.02,3,5925,-0.134,0.513,85.4,87.2,78.5,81.1,25.5,25.78,24.41,24.81
117.884,5150.7,159.7,100.0,0.0,0.03,3,5927,-0.164,0.503,85.4,87.2,78.5,81.1,25.5,25.78,24.41,24.81
117.899,5151.4,159.9,100.0,0.0,0.03,3,5918,-0.1,0.528,85.4,87.1,78.6,81.1,25.5,25.78,24.41,24.81
117.914,5152.0,160.1,100.0,0.0,0.04,3,5924,-0.242,0.356,85.4,87.1,78.6,81.1,25.5,25.78,24.41,24.81
117.93,5152.7,160.3,100.0,0.0,0.04,3,5946,-0.303,0.33,85.4,87.1,78.6,81.1,25.5,25.78,24.41,24.81
117.945,5153.4,160.5,100.0,0.0,0.05,3,5962,-0.304,0.348,85.4,87.1,78.6,81.1,25.5,25.78,24.41,24.81
117.961,5154.1,160.7,100.0,0.0,0.05,3,6020,-0.281,0.178,85.4,87.1,78.6,81.1,25.5,25.78,24.41,24.81
117.977,5154.8,160.9,100.0,0.0,0.06,3,6000,-0.226,0.26,85.4,87.1,78.6,81.1,25.51,25.78,24.41,24.81
117.992,5155.5,161.1,100.0,0.0,0.06,3,5989,-0.452,0.454,85.4,87.1,78.6,81.1,25.51,25.78,24.41,24.81
118.008,5156.2,161.3,100.0,0.0,0.07,3,5991,-0.508,0.468,85.4,87.1,78.6,81.1,25.51,25.78,24.41,24.81
118.024,5156.9,161.5,100.0,0.0,0.07,3,6009,-0.53,0.497,85.4,87.1,78.6,81.1,25.51,25.78,24.41,24.81
118.039,5157.6,161.7,100.0,0.0,0.08,3,6018,-0.643,0.5,85.4,87.1,78.6,81.1,25.51,25.78,24.41,24.81
118.055,5158.3,161.9,100.0,0.0,0.08,3,6014,-0.735,0.36,85.4,87.1,78.6,81.1,25.51,25.78,24.42,24.81
118.07,5159.0,162.1,100.0,0.0,0.09,3,6033,-0.776,0.336,85.4,87.1,78.6,81.1,25.51,25.78,24.42,24.81
118.086,5159.7,162.3,100.0,0.0,0.09,3,6051,-0.655,0.314,85.4,87.1,78.6,81.1,25.51,25.78,24.42,24.81
118.102,5160.4,162.4,100.0,0.0,0.1,3,6079,-0.712,0.361,85.4,87.1,78.6,81.1,25.51,25.78,24.42,24.81
118.118,5161.2,162.6,100.0,0.0,0.11,3,6077,-0.844,0.494,85.5,87.1,78.6,81.1,25.51,25.78,24.42,24.81
118.133,5161.9,162.8,100.0,0.0,0.11,3,6062,-1.037,0.455,85.5,87.1,78.6,81.1,25.51,25.78,24.42,24.81
118.149,5162.6,163.0,100.0,0.0,0.07,3,6069,-1.018,0.435,85.5,87.1,78.6,81.1,25.51,25.78,24.42,24.81
118.165,5163.3,163.2,100.0,0.0,0.02,3,6073,-0.922,0.45,85.5,87.1,78.6,81.1,25.52,25.78,24.42,24.81
118.181,5164.0,163.4,100.0,0.0,0.0,3,6088,-0.749,0.433,85.5,87.1,78.6,81.1,25.52,25.77,24.42,24.81
118.198,5164.8,163.6,100.0,0.0,0.0,3,6068,-0.806,0.417,85.5,87.1,78.6,81.1,25.52,25.77,24.42,24.81
118.214,5165.5,163.8,100.0,0.0,0.0,3,6091,-0.79,0.334,85.5,87.1,78.7,81.1,25.52,25.77,24.42,24.81
118.229,5166.2,164.0,100.0,0.0,0.0,3,6103,-0.741,0.356,85.5,87.1,78.7,81.1,25.52,25.77,24.43,24.81
118.245,5167.0,164.2,100.0,0.0,0.0,3,6128,-0.631,0.26,85.5,87.1,78.7,81.1,25.52,25.77,24.43,24.81
118.261,5167.7,164.4,100.0,0.0,0.0,3,6136,-0.694,0.329,85.5,87.1,78.7,81.1,25.52,25.77,24.43,24.81
118.276,5168.4,164.6,100.0,0.0,0.0,3,6135,-0.665,0.442,85.5,87.1,78.7,81.1,25.52,25.77,24.43,24.81
118.292,5169.1,164.8,100.0,0.0,0.0,3,6143,-0.624,0.397,85.5,87.1,78.7,81.1,25.52,25.77,24.43,24.81
118.307,5169.8,165.0,100.0,0.0,0.0,3,6146,-0.608,0.344,85.5,87.1,78.7,81.1,25.52,25.77,24.43,24.81
118.323,5170.5,165.1,100.0,0.0,0.0,3,6156,-0.611,0.345,85.5,87.1,78.7,81.1,25.52,25.77,24.43,24.81
118.339,5171.2,165.3,100.0,0.0,0.0,3,6161,-0.535,0.351,85.5,87.1,78.7,81.1,25.52,25.77,24.43,24.81
118.355,5172.0,165.6,100.0,0.0,0.01,3,6165,-0.508,0.362,85.5,87.1,78.7,81.1,25.52,25.77,24.43,24.81
118.37,5172.7,165.8,100.0,0.0,0.01,3,6168,-0.459,0.34,85.5,87.1,78.7,81.1,25.52,25.77,24.43,24.81
118.386,5173.4,165.9,100.0,0.0,0.02,3,6166,-0.558,0.372,85.5,87.0,78.7,81.1,25.52,25.77,24.43,24.81
118.402,5174.1,166.2,100.0,0.0,0.02,3,6167,-0.202,0.426,85.5,87.0,78.7,81.1,25.53,25.77,24.43,24.81
118.417,5174.9,166.4,100.0,0.0,0.03,3,6187,-0.545,0.357,85.5,87.0,78.7,81.1,25.53,25.77,24.43,24.81
118.433,5175.6,166.5,100.0,0.0,0.03,3,6195,-0.496,0.341,85.5,87.0,78.7,81.1,25.53,25.77,24.44,24.81
118.448,5176.3,166.7,100.0,0.0,0.04,3,6189,-0.574,0.377,85.6,87.0,78.7,81.1,25.53,25.77,24.44,24.81
118.464,5177.0,166.9,100.0,0.0,0.04,3,6189,-0.58,0.34,85.6,87.0,78.7,81.1,25.53,25.77,24.44,24.81
118.479,5177.7,167.1,100.0,0.0,0.05,3,6191,-0.606,0.366,85.6,87.0,78.7,81.1,25.53,25.77,24.44,24.81
118.495,5178.5,167.3,100.0,0.0,0.05,3,6199,-0.646,0.343,85.6,87.0,78.7,81.1,25.53,25.76,24.44,24.81
118.511,5179.2,167.5,100.0,0.0,0.06,3,6203,-0.648,0.356,85.6,87.0,78.7,81.1,25.53,25.76,24.44,24.81
118.526,5179.9,167.7,100.0,0.0,0.06,3,6210,-0.706,0.325,85.6,87.0,78.8,81.1,25.53,25.76,24.44,24.81
118.542,5180.6,167.9,100.0,0.0,0.07,3,6220,-0.721,0.321,85.6,87.0,78.8,81.1,25.53,25.76,24.44,24.81
118.557,5181.3,168.0,100.0,0.0,0.07,3,6229,-0.732,0.354,85.6,87.0,78.8,81.1,25.53,25.76,24.44,24.81
118.572,5182.1,168.2,100.0,0.0,0.08,3,6239,-0.716,0.333,85.6,87.0,78.8,81.1,25.54,25.76,24.44,24.81
118.588,5182.8,168.4,100.0,0.0,0.08,3,6246,-0.742,0.318,85.6,87.0,78.8,81.1,25.54,25.76,24.44,24.81
118.603,5183.5,168.6,100.0,0.0,0.09,3,6256,-0.803,0.309,85.6,87.0,78.8,81.1,25.54,25.76,24.44,24.82
118.619,5184.3,168.8,100.0,0.0,0.09,3,6265,-0.838,0.325,85.6,87.0,78.8,81.1,25.54,25.76,24.45,24.82
118.635,5185.0,168.9,100.0,0.0,0.1,3,6280,-0.836,0.299,85.6,87.0,78.8,81.1,25.54,25.76,24.45,24.82
118.65,5185.7,169.1,100.0,0.0,0.1,3,6292,-0.838,0.295,85.6,87.0,78.8,81.1,25.54,25.76,24.45,24.82
118.666,5186.5,169.3,100.0,0.0,0.11,3,6297,-0.959,0.35,85.6,87.0,78.8,81.1,25.54,25.76,24.45,24.82
118.681,5187.2,169.4,100.0,0.0,0.11,3,6305,-1.004,0.3,85.6,87.0,78.8,81.1,25.54,25.76,24.45,24.82
118.697,5187.9,169.6,100.0,0.0,0.11,3,6316,-1.081,0.295,85.6,87.0,78.8,81.1,25.54,25.76,24.45,24.82
118.714,5188.7,169.8,100.0,0.0,0.12,3,6334,-1.13,0.283,85.6,87.0,78.8,81.1,25.54,25.76,24.45,24.82
118.729,5189.4,169.9,100.0,0.0,0.12,3,6334,-1.222,0.347,85.6,87.0,78.8,81.1,25.54,25.76,24.45,24.82
118.744,5190.1,170.1,100.0,0.0,0.13,3,6342,-1.308,0.302,85.7,87.0,78.8,81.1,25.54,25.76,24.45,24.82
118.759,5190.9,170.2,100.0,0.0,0.13,3,6347,-1.396,0.299,85.7,87.0,78.8,81.1,25.55,25.76,24.45,24.81
118.775,5191.6,170.3,100.0,0.0,0.09,3,6349,-1.435,0.297,85.7,87.0,78.8,81.1,25.55,25.75,24.45,24.81
118.791,5192.4,170.5,100.0,0.0,0.04,3,6353,-1.361,0.312,85.7,87.0,78.8,81.1,25.55,25.75,24.46,24.82
118.807,5193.1,170.7,100.0,0.0,0.0,3,6357,-1.177,0.349,85.7,87.0,78.9,81.1,25.55,25.75,24.46,24.82
118.824,5193.9,170.8,100.0,0.0,0.0,3,6356,-1.144,0.33,85.7,87.0,78.9,81.1,25.55,25.75,24.46,24.82
118.839,5194.6,171.0,100.0,0.0,0.0,3,6360,-1.157,0.341,85.7,87.0,78.9,81.1,25.55,25.75,24.46,24.82
118.854,5195.4,171.1,100.0,0.0,0.0,3,6363,-1.121,0.336,85.7,86.9,78.9,81.1,25.55,25.75,24.46,24.82
118.87,5196.1,171.3,100.0,0.0,0.0,3,6377,-1.044,0.318,85.7,86.9,78.9,81.1,25.55,25.75,24.46,24.82
118.885,5196.8,171.5,100.0,0.0,0.0,3,6380,-1.061,0.346,85.7,86.9,78.9,81.1,25.55,25.75,24.46,24.82
118.901,5197.6,171.6,100.0,0.0,0.0,3,6386,-1.031,0.304,85.7,86.9,78.9,81.1,25.55,25.75,24.46,24.82
118.916,5198.3,171.8,100.0,0.0,0.0,3,6392,-0.94,0.312,85.7,86.9,78.9,81.1,25.55,25.75,24.46,24.82
118.932,5199.1,171.9,100.0,0.0,0.0,3,6396,-0.898,0.328,85.7,86.9,78.9,81.1,25.56,25.75,24.46,24.82
118.947,5199.8,172.1,0.0,0.0,0.0,0,6386,-0.864,0.315,85.7,86.9,78.9,81.1,25.56,25.75,24.46,24.82
118.963,5200.5,172.1,0.0,0.0,0.0,0,6299,-0.812,-0.204,85.7,86.9,78.9,81.1,25.56,25.75,24.47,24.82
118.979,5201.3,172.0,0.0,0.0,0.0,0,6228,-0.749,-0.148,85.7,86.9,78.9,81.1,25.56,25.75,24.47,24.82
118.994,5202.0,171.9,0.0,0.0,0.0,0,6158,-0.688,-0.147,85.7,86.9,78.9,81.1,25.56,25.75,24.47,24.82
119.01,5202.8,171.8,0.0,0.0,0.01,0,6090,-0.623,-0.164,85.7,86.9,78.9,81.1,25.56,25.75,24.47,24.82
119.026,5203.6,171.7,0.0,0.0,0.01,0,6009,-0.574,-0.141,85.7,86.9,78.9,81.1,25.56,25.74,24.47,24.82
119.042,5204.3,171.6,0.0,0.0,0.02,0,5943,-0.525,-0.167,85.8,86.9,78.9,81.1,25.56,25.74,24.47,24.82
119.057,5205.0,171.7,0.0,0.0,0.02,4,5107,-0.455,0.701,85.8,86.9,78.9,81.1,25.56,25.74,24.47,24.82
119.072,5205.8,171.9,0.0,0.0,0.02,4,4957,-0.495,-0.058,85.8,86.9,78.9,81.1,25.56,25.74,24.47,24.82
119.088,5206.5,171.7,0.0,0.0,0.03,4,4968,-0.449,-0.195,85.8,86.9,78.9,81.1,25.56,25.74,24.47,24.82
119.104,5207.3,171.7,0.0,0.0,0.03,4,4966,-0.461,-0.194,85.8,86.9,78.9,81.1,25.56,25.74,24.47,24.82
119.118,5208.0,171.6,0.0,0.0,0.04,4,4963,-0.492,-0.182,85.8,86.9,79.0,81.1,25.56,25.74,24.47,24.82
119.133,5208.7,171.4,0.0,0.0,0.04,4,4961,-0.531,-0.173,85.8,86.9,79.0,81.1,25.56,25.74,24.47,24.82
119.149,5209.4,171.3,0.0,0.0,0.05,4,4960,-0.541,-0.216,85.8,86.9,79.0,81.1,25.57,25.74,24.47,24.82
119.165,5210.2,171.2,0.0,0.0,0.05,4,4957,-0.586,-0.224,85.8,86.9,79.0,81.1,25.57,25.74,24.47,24.82
119.18,5210.9,171.1,0.0,0.0,0.02,4,4953,-0.575,-0.212,85.8,86.9,79.0,81.1,25.57,25.74,24.48,24.82
119.196,5211.6,171.0,0.0,0.0,0.0,4,4949,-0.393,-0.186,85.8,86.9,79.0,81.1,25.57,25.74,24.48,24.82
119.211,5212.4,170.9,0.0,0.0,0.0,4,4945,-0.344,-0.172,85.8,86.9,79.0,81.1,25.57,25.74,24.48,24.82
119.227,5213.1,170.9,100.0,0.0,0.0,4,5054,-0.349,0.218,85.8,86.9,79.0,81.1,25.57,25.74,24.48,24.82
119.243,5213.9,171.0,100.0,0.0,0.0,4,5056,-0.307,0.32,85.8,86.9,79.0,81.1,25.57,25.74,24.48,24.82
119.259,5214.6,171.2,100.0,0.0,0.0,4,5052,-0.309,0.344,85.8,86.9,79.0,81.1,25.57,25.74,24.48,24.82
119.274,5215.4,171.4,100.0,0.0,0.0,4,5054,-0.304,0.308,85.8,86.9,79.0,81.1,25.57,25.74,24.48,24.82
119.289,5216.1,171.5,100.0,0.0,0.0,4,5055,-0.291,0.325,85.8,86.9,79.0,81.1,25.57,25.74,24.48,24.82
119.306,5216.9,171.8,100.0,0.0,0.0,4,5059,-0.253,0.32,85.8,86.9,79.0,81.1,25.57,25.74,24.48,24.82
119.321,5217.6,171.9,100.0,0.0,0.0,4,5069,-0.262,0.298,85.8,86.9,79.0,81.1,25.57,25.74,24.48,24.82
119.337,5218.4,172.1,100.0,0.0,0.0,4,5076,-0.25,0.317,85.8,86.8,79.0,81.1,25.57,25.74,24.48,24.82
119.353,5219.2,172.3,100.0,0.0,0.0,4,5085,-0.213,0.296,85.8,86.8,79.0,81.1,25.57,25.74,24.48,24.82
119.369,5219.9,172.4,100.0,0.0,0.0,4,5088,-0.208,0.3,85.8,86.8,79.0,81.1,25.57,25.73,24.48,24.82
119.385,5220.6,172.6,100.0,0.0,0.0,4,5090,-0.196,0.324,85.8,86.8,79.0,81.1,25.58,25.73,24.48,24.82
119.401,5221.4,172.8,100.0,0.0,0.0,4,5089,-0.201,0.314,85.9,86.8,79.0,81.1,25.58,25.73,24.49,24.82
119.416,5222.2,173.0,100.0,0.0,0.0,4,5094,-0.131,0.336,85.9,86.8,79.0,81.1,25.58,25.73,24.49,24.82
119.432,5222.9,173.1,100.0,0.0,0.0,4,5095,-0.159,0.323,85.9,86.8,79.0,81.1,25.58,25.73,24.49,24.82
119.447,5223.7,173.3,100.0,0.0,0.0,4,5102,-0.12,0.291,85.9,86.8,79.0,81.1,25.58,25.73,24.49,24.82
119.463,5224.4,173.5,100.0,0.0,0.01,4,5108,-0.125,0.314,85.9,86.8,79.1,81.1,25.58,25.73,24.49,24.82
119.479,5225.2,173.7,100.0,0.0,0.01,4,5117,-0.131,0.283,85.9,86.8,79.1,81.1,25.58,25.73,24.49,24.82
119.494,5225.9,173.8,100.0,0.0,0.02,4,5122,-0.139,0.304,85.9,86.8,79.1,81.1,25.58,25.73,24.49,24.82
119.51,5226.7,174.0,100.0,0.0,0.02,4,5130,-0.14,0.302,85.9,86.8,79.1,81.1,25.58,25.73,24.49,24.82
119.525,5227.4,174.1,100.0,0.0,0.03,4,5139,-0.156,0.296,85.9,86.8,79.1,81.1,25.58,25.73,24.49,24.82
119.541,5228.2,174.3,100.0,0.0,0.03,4,5146,-0.195,0.297,85.9,86.8,79.1,81.1,25.58,25.73,24.49,24.82
119.556,5228.9,174.5,100.0,0.0,0.03,4,5149,-0.234,0.31,85.9,86.8,79.1,81.1,25.58,25.73,24.49,24.82
119.571,5229.7,174.6,100.0,0.0,0.04,4,5153,-0.271,0.302,85.9,86.8,79.1,81.1,25.58,25.73,24.49,24.82
119.587,5230.4,174.8,100.0,0.0,0.04,4,5154,-0.301,0.312,85.9,86.8,79.1,81.1,25.58,25.73,24.49,24.82
119.602,5231.2,175.0,100.0,0.0,0.05,4,5159,-0.381,0.279,85.9,86.8,79.1,81.1,25.58,25.73,24.49,24.82
119.618,5231.9,175.1,100.0,0.0,0.01,4,5168,-0.393,0.288,85.9,86.8,79.1,81.1,25.58,25.73,24.5,24.82
119.633,5232.7,175.3,100.0,0.0,0.0,4,5169,-0.234,0.297,85.9,86.8,79.1,81.1,25.58,25.73,24.5,24.82
119.649,5233.4,175.5,100.0,0.0,0.0,4,5172,-0.227,0.295,85.9,86.8,79.1,81.1,25.59,25.73,24.5,24.82
119.664,5234.2,175.6,100.0,0.0,0.0,4,5174,-0.255,0.314,85.9,86.8,79.1,81.1,25.59,25.73,24.5,24.82
119.68,5234.9,175.8,100.0,0.0,0.0,4,5177,-0.29,0.3,85.9,86.8,79.1,81.1,25.59,25.72,24.5,24.82
119.695,5235.7,176.0,100.0,0.0,0.0,4,5183,-0.286,0.278,85.9,86.8,79.1,81.1,25.59,25.72,24.5,24.82
119.711,5236.5,176.1,100.0,0.0,0.0,4,5192,-0.244,0.291,85.9,86.8,79.1,81.1,25.59,25.72,24.5,24.82
119.727,5237.3,176.3,100.0,0.0,0.0,4,5201,-0.24,0.318,85.9,86.8,79.1,81.1,25.59,25.72,24.5,24.82
119.742,5238.0,176.5,100.0,0.0,0.0,4,5208,-0.245,0.309,85.9,86.8,79.1,81.1,25.59,25.72,24.5,24.82
119.758,5238.8,176.6,100.0,0.0,0.0,4,5212,-0.215,0.311,85.9,86.8,79.1,81.1,25.59,25.72,24.5,24.82
119.775,5239.6,176.8,100.0,0.0,0.0,4,5216,-0.194,0.328,85.9,86.8,79.1,81.1,25.59,25.72,24.5,24.82
119.791,5240.4,177.0,100.0,0.0,0.0,4,5217,-0.184,0.306,85.9,86.8,79.1,81.1,25.59,25.72,24.5,24.82
119.806,5241.1,177.2,100.0,0.0,0.0,4,5223,-0.173,0.296,85.9,86.8,79.1,81.1,25.59,25.72,24.5,24.82
119.821,5241.9,177.3,100.0,0.0,0.0,4,5227,-0.143,0.296,85.9,86.8,79.2,81.1,25.59,25.72,24.5,24.82
119.837,5242.6,177.5,100.0,0.0,0.0,4,5231,-0.142,0.317,85.9,86.7,79.2,81.1,25.59,25.72,24.5,24.82
119.852,5243.4,177.6,100.0,0.0,0.0,4,5230,-0.114,0.299,85.9,86.7,79.2,81.1,25.59,25.72,24.51,24.82
119.867,5244.2,177.8,100.0,0.0,0.01,4,5232,-0.139,0.292,85.9,86.7,79.2,81.1,25.59,25.72,24.51,24.82
119.884,5245.0,178.0,100.0,0.0,0.01,4,5238,-0.143,0.275,86.0,86.7,79.2,81.1,25.59,25.72,24.51,24.82
119.9,5245.8,178.2,100.0,0.0,0.02,4,5248,-0.184,0.287,86.0,86.7,79.2,81.1,25.59,25.72,24.51,24.82
119.915,5246.5,178.3,100.0,0.0,0.02,4,5259,-0.194,0.273,86.0,86.7,79.2,81.1,25.59,25.72,24.51,24.82
119.93,5247.3,178.5,100.0,0.0,0.02,4,5269,-0.19,0.309,86.0,86.7,79.2,81.1,25.59,25.72,24.51,24.82
119.946,5248.0,178.6,100.0,0.0,0.03,4,5268,-0.237,0.322,86.0,86.7,79.2,81.1,25.59,25.72,24.51,24.82
119.961,5248.8,178.8,100.0,0.0,0.03,4,5265,-0.223,0.317,86.0,86.7,79.2,81.1,25.59,25.72,24.51,24.82
119.976,5249.6,178.9,100.0,0.0,0.04,4,5269,-0.243,0.3,86.0,86.7,79.2,81.1,25.6,25.72,24.51,24.82
119.992,5250.4,179.1,100.0,0.0,0.04,4,5275,-0.245,0.277,86.0,86.7,79.2,81.2,25.6,25.71,24.51,24.82
120.007,5251.1,179.3,100.0,0.0,0.05,4,5282,-0.287,0.3,86.0,86.7,79.2,81.2,25.6,25.71,24.51,24.82
120.023,5251.9,179.4,100.0,0.0,0.05,4,5293,-0.348,0.275,86.0,86.7,79.2,81.2,25.6,25.71,24.51,24.82
120.039,5252.7,179.6,100.0,0.0,0.05,4,5303,-0.394,0.271,86.0,86.7,79.2,81.2,25.6,25.71,24.51,24.82
120.054,5253.4,179.7,100.0,0.0,0.06,4,5317,-0.457,0.279,86.0,86.7,79.2,81.2,25.6,25.71,24.51,24.82
120.07,5254.2,179.9,100.0,0.0,0.06,4,5322,-0.534,0.283,86.0,86.7,79.2,81.2,25.6,25.71,24.52,24.82
120.085,5255.0,180.1,100.0,0.0,0.07,4,5317,-0.64,0.293,86.0,86.7,79.2,81.2,25.6,25.71,24.52,24.82
120.101,5255.8,180.2,100.0,0.0,0.07,4,5319,-0.688,0.286,86.0,86.7,79.2,81.2,25.6,25.71,24.52,24.82
120.116,5256.5,180.4,100.0,0.0,0.07,4,5320,-0.802,0.251,86.0,86.7,79.2,81.2,25.6,25.71,24.52,24.82
120.132,5257.3,180.5,100.0,0.0,0.08,4,5321,-0.72,0.317,86.0,86.7,79.2,81.2,25.6,25.71,24.52,24.82
120.147,5258.1,180.7,100.0,0.0,0.08,4,5325,-0.72,0.291,86.0,86.7,79.2,81.2,25.6,25.71,24.52,24.82
120.162,5258.9,180.8,100.0,0.0,0.06,4,5325,-0.858,0.33,86.0,86.7,79.3,81.2,25.6,25.71,24.52,24.82
120.177,5259.6,181.0,100.0,0.0,0.01,4,5322,-0.8,0.311,86.0,86.7,79.3,81.2,25.6,25.71,24.52,24.82
120.194,5260.4,181.1,100.0,0.0,0.0,4,5365,-0.53,0.205,86.0,86.7,79.3,81.2,25.6,25.71,24.52,24.82
120.209,5261.2,181.2,100.0,0.0,0.0,4,5381,-0.574,0.255,86.0,86.7,79.3,81.2,25.6,25.71,24.52,24.82
120.225,5262.0,181.4,100.0,0.0,0.0,4,5358,-0.712,0.37,86.0,86.7,79.3,81.2,25.6,25.71,24.52,24.82
120.24,5262.8,181.6,100.0,0.0,0.0,4,5348,-0.739,0.313,86.0,86.7,79.3,81.2,25.6,25.7,24.52,24.82
120.256,5263.6,181.7,100.0,0.0,0.0,4,5353,-0.775,0.252,86.0,86.7,79.3,81.2,25.61,25.7,24.52,24.82
120.272,5264.4,181.9,100.0,0.0,0.0,4,5351,-0.757,0.294,86.0,86.6,79.3,81.2,25.61,25.7,24.53,24.83
120.288,5265.2,182.0,100.0,0.0,0.01,4,5357,-0.704,0.296,86.0,86.6,79.3,81.2,25.61,25.7,24.53,24.83
120.304,5266.0,182.2,100.0,0.0,0.01,4,5356,-0.664,0.319,86.0,86.6,79.3,81.2,25.61,25.7,24.53,24.83
120.319,5266.8,182.4,100.0,0.0,0.01,4,5352,-0.69,0.29,86.1,86.6,79.3,81.2,25.61,25.7,24.53,24.83
120.334,5267.5,182.5,100.0,0.0,0.02,4,5362,-0.595,0.268,86.1,86.6,79.3,81.2,25.61,25.7,24.53,24.83
120.35,5268.3,182.7,100.0,0.0,0.02,4,5367,-0.569,0.289,86.1,86.6,79.3,81.2,25.61,25.7,24.53,24.83
120.365,5269.1,182.8,100.0,0.0,0.03,4,5373,-0.483,0.308,86.1,86.6,79.3,81.2,25.61,25.7,24.53,24.83
120.381,5269.9,183.0,100.0,0.0,0.03,4,5377,-0.453,0.284,86.1,86.6,79.3,81.2,25.61,25.7,24.53,24.83
120.396,5270.7,183.1,100.0,0.0,0.03,4,5392,-0.413,0.254,86.1,86.6,79.3,81.2,25.61,25.7,24.53,24.83
120.411,5271.5,183.3,100.0,0.0,0.04,4,5403,-0.426,0.295,86.1,86.6,79.3,81.2,25.61,25.7,24.53,24.83
120.427,5272.3,183.4,100.0,0.0,0.04,4,5419,-0.389,0.258,86.1,86.6,79.3,81.2,25.61,25.7,24.53,24.83
120.443,5273.1,183.6,100.0,0.0,0.05,4,5434,-0.352,0.241,86.1,86.6,79.3,81.2,25.61,25.7,24.54,24.83
120.459,5273.9,183.7,100.0,0.0,0.05,4,5439,-0.378,0.284,86.1,86.6,79.3,81.2,25.61,25.7,24.54,24.83
120.475,5274.7,183.8,100.0,0.0,0.05,4,5448,-0.417,0.264,86.1,86.6,79.4,81.2,25.61,25.7,24.54,24.83
120.49,5275.5,184.0,100.0,0.0,0.06,4,5453,-0.47,0.272,86.1,86.6,79.4,81.2,25.61,25.69,24.54,24.83
120.506,5276.3,184.2,100.0,0.0,0.06,4,5459,-0.575,0.271,86.1,86.6,79.4,81.2,25.61,25.69,24.54,24.83
120.521,5277.1,184.3,100.0,0.0,0.07,4,5460,-0.656,0.266,86.1,86.6,79.4,81.2,25.61,25.69,24.54,24.83
120.536,5277.8,184.4,100.0,0.0,0.07,4,5451,-0.777,0.299,86.1,86.6,79.4,81.2,25.61,25.69,24.54,24.83
120.552,5278.6,184.6,100.0,0.0,0.07,4,5442,-0.873,0.314,86.1,86.6,79.4,81.2,25.62,25.69,24.54,24.83
120.567,5279.4,184.7,100.0,0.0,0.08,4,5440,-0.968,0.252,86.1,86.6,79.4,81.2,25.62,25.69,24.54,24.83
120.583,5280.3,184.9,100.0,0.0,0.08,4,5442,-1.016,0.285,86.1,86.6,79.4,81.2,25.62,25.69,24.54,24.83
120.599,5281.1,185.0,100.0,0.0,0.09,4,5442,-1.095,0.277,86.1,86.6,79.4,81.2,25.62,25.69,24.54,24.83
120.614,5281.8,185.2,100.0,0.0,0.09,4,5443,-1.115,0.265,86.1,86.6,79.4,81.2,25.62,25.69,24.54,24.83
120.63,5282.6,185.3,100.0,0.0,0.09,4,5448,-1.195,0.249,86.1,86.6,79.4,81.2,25.62,25.69,24.54,24.83
120.646,5283.5,185.5,100.0,0.0,0.1,4,5457,-1.18,0.253,86.1,86.5,79.4,81.2,25.62,25.69,24.55,24.83
120.662,5284.3,185.6,100.0,0.0,0.1,4,5462,-1.187,0.247,86.1,86.5,79.4,81.2,25.62,25.69,24.55,24.83
120.677,5285.1,185.7,100.0,0.0,0.09,4,5469,-1.201,0.26,86.1,86.5,79.4,81.2,25.62,25.69,24.55,24.83
120.692,5285.9,185.8,100.0,0.0,0.05,4,5479,-1.131,0.262,86.1,86.5,79.4,81.2,25.62,25.69,24.55,24.83
120.709,5286.7,185.9,100.0,0.0,0.0,4,5485,-0.975,0.239,86.1,86.5,79.4,81.2,25.62,25.68,24.55,24.83
120.725,5287.5,186.1,100.0,0.0,0.0,4,5493,-0.842,0.286,86.1,86.5,79.4,81.2,25.62,25.68,24.55,24.83
120.74,5288.3,186.2,100.0,0.0,0.0,4,5500,-0.816,0.284,86.2,86.5,79.4,81.2,25.62,25.68,24.55,24.83
120.756,5289.2,186.4,100.0,0.0,0.0,4,5504,-0.824,0.276,86.2,86.5,79.5,81.2,25.62,25.68,24.55,24.83
120.772,5290.0,186.5,100.0,0.0,0.0,4,5514,-0.791,0.26,86.2,86.5,79.5,81.2,25.63,25.68,24.55,24.83
120.788,5290.8,186.7,100.0,0.0,0.0,4,5521,-0.763,0.273,86.2,86.5,79.5,81.2,25.63,25.68,24.55,24.83
120.804,5291.6,186.8,100.0,0.0,0.0,4,5522,-0.758,0.276,86.2,86.5,79.5,81.2,25.63,25.68,24.55,24.83
120.819,5292.4,186.9,100.0,0.0,0.0,4,5520,-0.75,0.287,86.2,86.5,79.5,81.2,25.63,25.68,24.56,24.83
120.834,5293.2,187.1,100.0,0.0,0.0,4,5523,-0.71,0.253,86.2,86.5,79.5,81.2,25.63,25.68,24.56,24.83
120.85,5294.0,187.2,100.0,0.0,0.0,4,5526,-0.694,0.291,86.2,86.5,79.5,81.2,25.63,25.68,24.56,24.83
120.866,5294.9,187.4,100.0,0.0,0.0,4,5526,-0.695,0.265,86.2,86.5,79.5,81.2,25.63,25.68,24.56,24.83
120.882,5295.7,187.5,100.0,0.0,0.0,4,5530,-0.641,0.29,86.2,86.5,79.5,81.2,25.63,25.68,24.56,24.83
120.898,5296.5,187.7,100.0,0.0,0.0,4,5533,-0.594,0.285,86.2,86.5,79.5,81.2,25.63,25.68,24.56,24.83
120.913,5297.3,187.8,100.0,0.0,0.0,4,5532,-0.551,0.272,86.2,86.5,79.5,81.2,25.63,25.68,24.56,24.83
120.929,5298.1,188.0,100.0,0.0,0.0,4,5531,-0.538,0.278,86.2,86.5,79.5,81.2,25.63,25.67,24.56,24.83
120.944,5298.9,188.1,100.0,0.0,0.0,4,5535,-0.498,0.295,86.2,86.5,79.5,81.2,25.63,25.67,24.56,24.83
120.96,5299.8,188.3,100.0,0.0,0.0,4,5535,-0.437,0.276,86.2,86.5,79.5,81.2,25.63,25.67,24.56,24.83
120.975,5300.6,188.4,100.0,0.0,0.0,4,5538,-0.372,0.275,86.2,86.5,79.5,81.2,25.63,25.67,24.56,24.83
120.991,5301.4,188.6,100.0,0.0,0.0,4,5543,-0.309,0.241,86.2,86.4,79.5,81.2,25.63,25.67,24.56,24.83
121.006,5302.2,188.7,100.0,0.0,0.0,4,5558,-0.269,0.253,86.2,86.4,79.5,81.2,25.63,25.67,24.56,24.83
121.021,5303.0,188.8,100.0,0.0,0.0,4,5567,-0.217,0.264,86.2,86.4,79.5,81.2,25.63,25.67,24.57,24.83
121.037,5303.8,189.0,100.0,0.0,0.0,4,5569,-0.189,0.287,86.2,86.4,79.5,81.2,25.63,25.67,24.57,24.83
121.053,5304.7,189.1,100.0,0.0,0.0,4,5571,-0.172,0.287,86.2,86.4,79.5,81.2,25.63,25.67,24.57,24.83
121.069,5305.5,189.3,100.0,0.0,0.0,4,5574,-0.13,0.277,86.2,86.4,79.5,81.2,25.63,25.67,24.57,24.83
121.084,5306.3,189.4,100.0,0.0,0.01,4,5578,-0.122,0.232,86.2,86.4,79.6,81.2,25.63,25.67,24.57,24.83
121.1,5307.1,189.6,100.0,0.0,0.01,4,5584,-0.14,0.242,86.2,86.4,79.6,81.2,25.63,25.67,24.57,24.83
121.116,5308.0,189.7,100.0,0.0,0.01,4,5588,-0.167,0.265,86.2,86.4,79.6,81.2,25.64,25.67,24.57,24.83
121.132,5308.8,189.9,100.0,0.0,0.02,4,5589,-0.184,0.267,86.2,86.4,79.6,81.2,25.64,25.67,24.57,24.83
121.147,5309.6,190.0,100.0,0.0,0.02,4,5588,-0.195,0.246,86.2,86.4,79.6,81.2,25.64,25.67,24.57,24.83
121.163,5310.4,190.2,100.0,0.0,0.03,4,5594,-0.227,0.273,86.2,86.4,79.6,81.2,25.64,25.67,24.57,24.83
121.178,5311.2,190.3,100.0,0.0,0.03,4,5598,-0.253,0.227,86.2,86.4,79.6,81.2,25.64,25.67,24.57,24.83
121.193,5312.1,190.5,100.0,0.0,0.03,4,5598,-0.276,0.284,86.2,86.4,79.6,81.2,25.64,25.66,24.57,24.83
121.209,5312.9,190.6,100.0,0.0,0.04,4,5600,-0.3,0.275,86.2,86.4,79.6,81.2,25.64,25.66,24.57,24.83
121.225,5313.7,190.8,100.0,0.0,0.04,4,5606,-0.327,0.267,86.2,86.4,79.6,81.2,25.64,25.66,24.57,24.83
121.241,5314.6,190.9,100.0,0.0,0.04,4,5612,-0.361,0.252,86.2,86.4,79.6,81.2,25.64,25.66,24.58,24.83
121.257,5315.4,191.0,100.0,0.0,0.05,4,5617,-0.408,0.263,86.2,86.4,79.6,81.2,25.64,25.66,24.58,24.83
121.272,5316.2,191.2,100.0,0.0,0.05,4,5624,-0.458,0.236,86.2,86.4,79.6,81.2,25.64,25.66,24.58,24.83
121.288,5317.1,191.3,100.0,0.0,0.05,4,5632,-0.458,0.25,86.3,86.4,79.6,81.2,25.64,25.66,24.58,24.83
121.304,5317.9,191.5,100.0,0.0,0.06,4,5634,-0.525,0.26,86.3,86.4,79.6,81.2,25.64,25.66,24.58,24.83
121.319,5318.7,191.6,100.0,0.0,0.06,4,5638,-0.568,0.268,86.3,86.4,79.6,81.2,25.64,25.66,24.58,24.83
121.334,5319.5,191.7,100.0,0.0,0.06,4,5655,-0.636,0.199,86.3,86.4,79.6,81.2,25.64,25.66,24.58,24.83
121.349,5320.3,191.8,100.0,0.0,0.07,4,5666,-0.671,0.24,86.3,86.4,79.6,81.2,25.64,25.66,24.58,24.83
121.365,5321.2,192.0,100.0,0.0,0.07,4,5667,-0.725,0.252,86.3,86.4,79.6,81.2,25.64,25.66,24.58,24.83
121.381,5322.0,192.1,100.0,0.0,0.07,4,5662,-0.806,0.271,86.3,86.4,79.6,81.2,25.64,25.66,24.58,24.83
121.395,5322.8,192.2,100.0,0.0,0.08,4,5666,-0.896,0.235,86.3,86.3,79.6,81.2,25.64,25.66,24.58,24.83
121.411,5323.7,192.4,100.0,0.0,0.03,4,5668,-0.925,0.241,86.3,86.3,79.6,81.2,25.64,25.65,24.58,24.83
121.427,5324.5,192.5,100.0,0.0,0.0,4,5672,-0.777,0.256,86.3,86.3,79.7,81.2,25.64,25.65,24.58,24.83
121.444,5325.4,192.6,100.0,0.0,0.0,4,5675,-0.7,0.278,86.3,86.3,79.7,81.2,25.65,25.65,24.59,24.83
121.459,5326.2,192.8,100.0,0.0,0.0,4,5674,-0.72,0.273,86.3,86.3,79.7,81.2,25.65,25.65,24.59,24.83
121.474,5327.0,192.9,100.0,0.0,0.0,4,5678,-0.721,0.274,86.3,86.3,79.7,81.2,25.65,25.65,24.59,24.83
121.489,5327.8,193.0,100.0,0.0,0.0,4,5684,-0.703,0.258,86.3,86.3,79.7,81.2,25.65,25.65,24.59,24.83
121.506,5328.7,193.2,100.0,0.0,0.0,4,5693,-0.682,0.244,86.3,86.3,79.7,81.2,25.65,25.65,24.59,24.83
121.521,5329.5,193.3,100.0,0.0,0.0,4,5703,-0.694,0.239,86.3,86.3,79.7,81.2,25.65,25.65,24.59,24.83
121.536,5330.3,193.4,100.0,0.0,0.0,4,5701,-0.651,0.25,86.3,86.3,79.7,81.2,25.65,25.65,24.59,24.83
121.552,5331.2,193.5,100.0,0.0,0.0,4,5696,-0.667,0.273,86.3,86.3,79.7,81.2,25.65,25.65,24.59,24.83
121.567,5332.0,193.7,100.0,0.0,0.0,4,5694,-0.634,0.262,86.3,86.3,79.7,81.2,25.65,25.65,24.59,24.83
121.583,5332.8,193.8,100.0,0.0,0.0,4,5699,-0.57,0.234,86.3,86.3,79.7,81.2,25.65,25.65,24.59,24.83
121.598,5333.7,194.0,100.0,0.0,0.0,4,5703,-0.514,0.269,86.3,86.3,79.7,81.2,25.65,25.65,24.59,24.83
121.613,5334.5,194.1,100.0,0.0,0.0,4,5704,-0.46,0.256,86.3,86.3,79.7,81.2,25.65,25.65,24.59,24.83
121.629,5335.4,194.2,100.0,0.0,0.0,4,5710,-0.413,0.236,86.3,86.3,79.7,81.2,25.65,25.64,24.6,24.83
121.646,5336.2,194.4,100.0,0.0,0.0,4,5714,-0.375,0.247,86.3,86.3,79.7,81.2,25.65,25.64,24.6,24.83
121.661,5337.1,194.5,100.0,0.0,0.0,4,5720,-0.317,0.258,86.3,86.3,79.7,81.2,25.65,25.64,24.6,24.83
121.677,5337.9,194.6,100.0,0.0,0.0,4,5725,-0.29,0.263,86.3,86.3,79.7,81.2,25.65,25.64,24.6,24.83
121.692,5338.7,194.8,100.0,0.0,0.0,4,5729,-0.255,0.255,86.3,86.3,79.7,81.2,25.65,25.64,24.6,24.83
121.707,5339.6,194.9,100.0,0.0,0.0,4,5734,-0.219,0.252,86.3,86.3,79.7,81.2,25.65,25.64,24.6,24.84
121.723,5340.4,195.1,100.0,0.0,0.0,4,5740,-0.176,0.225,86.3,86.3,79.7,81.2,25.65,25.64,24.6,24.84
121.739,5341.3,195.2,100.0,0.0,0.0,4,5743,-0.13,0.243,86.3,86.3,79.7,81.2,25.65,25.64,24.6,24.84
121.754,5342.1,195.3,100.0,0.0,0.0,4,5746,-0.093,0.233,86.3,86.2,79.8,81.2,25.65,25.64,24.6,24.84
121.77,5343.0,195.5,100.0,0.0,0.0,4,5750,-0.094,0.259,86.3,86.2,79.8,81.2,25.65,25.64,24.6,24.84
121.785,5343.8,195.6,100.0,0.0,0.0,4,5751,-0.069,0.244,86.3,86.2,79.8,81.2,25.65,25.64,24.6,24.84
121.8,5344.6,195.7,100.0,0.0,0.0,4,5755,-0.062,0.229,86.3,86.2,79.8,81.2,25.65,25.64,24.6,24.84
121.816,5345.5,195.9,100.0,0.0,0.0,4,5757,-0.053,0.249,86.3,86.2,79.8,81.2,25.65,25.64,24.6,24.84
121.831,5346.3,196.0,100.0,0.0,0.0,4,5762,-0.068,0.235,86.3,86.2,79.8,81.2,25.65,25.64,24.6,24.84
121.847,5347.2,196.1,100.0,0.0,0.01,4,5768,-0.074,0.234,86.3,86.2,79.8,81.2,25.65,25.64,24.6,24.84
121.862,5348.0,196.3,100.0,0.0,0.01,4,5771,-0.084,0.253,86.3,86.2,79.8,81.2,25.66,25.64,24.61,24.84
121.878,5348.8,196.4,100.0,0.0,0.01,4,5775,-0.101,0.245,86.3,86.2,79.8,81.2,25.66,25.63,24.61,24.84
121.894,5349.7,196.5,100.0,0.0,0.02,4,5777,-0.114,0.263,86.3,86.2,79.8,81.2,25.66,25.63,24.61,24.84
121.909,5350.6,196.7,100.0,0.0,0.02,4,5785,-0.141,0.252,86.3,86.2,79.8,81.2,25.66,25.63,24.61,24.84
121.925,5351.4,196.8,100.0,0.0,0.02,4,5786,-0.172,0.251,86.4,86.2,79.8,81.2,25.66,25.63,24.61,24.84
121.94,5352.3,196.9,100.0,0.0,0.03,4,5793,-0.193,0.23,86.4,86.2,79.8,81.2,25.66,25.63,24.61,24.84
121.956,5353.1,197.1,100.0,0.0,0.03,4,5801,-0.224,0.238,86.4,86.2,79.8,81.2,25.66,25.63,24.61,24.84
121.971,5354.0,197.2,100.0,0.0,0.03,4,5801,-0.247,0.236,86.4,86.2,79.8,81.2,25.66,25.63,24.61,24.84
121.987,5354.8,197.3,100.0,0.0,0.04,4,5808,-0.328,0.229,86.4,86.2,79.8,81.2,25.66,25.63,24.61,24.84
122.004,5355.7,197.5,100.0,0.0,0.04,4,5809,-0.366,0.259,86.4,86.2,79.8,81.2,25.66,25.63,24.61,24.84
122.019,5356.6,197.6,100.0,0.0,0.04,4,5810,-0.463,0.233,86.4,86.2,79.8,81.2,25.66,25.63,24.61,24.84
122.034,5357.4,197.7,100.0,0.0,0.05,4,5812,-0.47,0.216,86.4,86.2,79.8,81.2,25.66,25.63,24.61,24.84
122.05,5358.3,197.9,100.0,0.0,0.05,4,5814,-0.509,0.26,86.4,86.2,79.8,81.2,25.66,25.63,24.61,24.84
122.065,5359.1,198.0,100.0,0.0,0.05,4,5815,-0.607,0.241,86.4,86.2,79.8,81.2,25.66,25.63,24.61,24.84
122.081,5360.0,198.1,100.0,0.0,0.02,4,5822,-0.586,0.216,86.4,86.2,79.8,81.2,25.66,25.63,24.61,24.84
122.096,5360.8,198.2,100.0,0.0,0.0,4,5832,-0.423,0.225,86.4,86.2,79.8,81.2,25.66,25.63,24.62,24.84
122.112,5361.7,198.4,100.0,0.0,0.0,4,5832,-0.416,0.255,86.4,86.2,79.9,81.2,25.66,25.63,24.62,24.84
122.127,5362.5,198.5,100.0,0.0,0.0,4,5834,-0.454,0.255,86.4,86.2,79.9,81.2,25.66,25.62,24.62,24.84
122.143,5363.4,198.6,100.0,0.0,0.0,4,5837,-0.45,0.23,86.4,86.1,79.9,81.2,25.66,25.62,24.62,24.84
122.159,5364.3,198.8,100.0,0.0,0.0,4,5838,-0.447,0.23,86.4,86.1,79.9,81.2,25.66,25.62,24.62,24.84
122.175,5365.1,198.9,100.0,0.0,0.0,4,5840,-0.422,0.217,86.4,86.1,79.9,81.2,25.66,25.62,24.62,24.84
122.19,5366.0,199.0,100.0,0.0,0.0,4,5849,-0.402,0.21,86.4,86.1,79.9,81.2,25.66,25.62,24.62,24.84
122.205,5366.9,199.1,100.0,0.0,0.0,4,5860,-0.372,0.236,86.4,86.1,79.9,81.2,25.66,25.62,24.62,24.84
122.221,5367.7,199.3,100.0,0.0,0.0,4,5863,-0.35,0.242,86.4,86.1,79.9,81.2,25.66,25.62,24.62,24.84
122.236,5368.6,199.4,100.0,0.0,0.0,4,5866,-0.336,0.227,86.4,86.1,79.9,81.2,25.66,25.62,24.62,24.84
122.252,5369.4,199.5,100.0,0.0,0.0,4,5867,-0.305,0.237,86.4,86.1,79.9,81.2,25.66,25.62,24.62,24.84
122.267,5370.3,199.6,100.0,0.0,0.0,4,5870,-0.284,0.222,86.4,86.1,79.9,81.2,25.66,25.62,24.62,24.84
122.283,5371.2,199.8,100.0,0.0,0.0,4,5874,-0.25,0.214,86.4,86.1,79.9,81.2,25.66,25.62,24.62,24.84
122.299,5372.0,199.9,100.0,0.0,0.0,4,5879,-0.209,0.249,86.4,86.1,79.9,81.2,25.66,25.62,24.62,24.84
122.314,5372.9,200.0,100.0,0.0,0.0,4,5882,-0.2,0.219,86.4,86.1,79.9,81.2,25.66,25.62,24.63,24.84
122.33,5373.7,200.2,100.0,0.0,0.01,4,5887,-0.198,0.228,86.4,86.1,79.9,81.2,25.66,25.62,24.63,24.84
122.345,5374.6,200.3,100.0,0.0,0.01,4,5893,-0.209,0.219,86.4,86.1,79.9,81.2,25.66,25.61,24.63,24.84
122.361,5375.5,200.4,100.0,0.0,0.01,4,5891,-0.216,0.237,86.4,86.1,79.9,81.2,25.67,25.61,24.63,24.84
122.376,5376.3,200.5,100.0,0.0,0.02,4,5889,-0.242,0.243,86.4,86.1,79.9,81.2,25.67,25.61,24.63,24.84
122.391,5377.2,200.6,100.0,0.0,0.02,4,5892,-0.21,0.223,86.4,86.1,79.9,81.3,25.67,25.61,24.63,24.84
122.407,5378.0,200.8,100.0,0.0,0.02,4,5895,-0.242,0.245,86.4,86.1,79.9,81.3,25.67,25.61,24.63,24.84
122.422,5378.9,200.9,100.0,0.0,0.03,4,5897,-0.23,0.253,86.4,86.1,79.9,81.3,25.67,25.61,24.63,24.84
122.438,5379.8,201.0,100.0,0.0,0.03,4,5902,-0.256,0.229,86.4,86.1,79.9,81.3,25.67,25.61,24.63,24.84
122.453,5380.7,201.2,100.0,0.0,0.03,4,5908,-0.307,0.215,86.4,86.1,79.9,81.3,25.67,25.61,24.63,24.84
122.47,5381.5,201.3,100.0,0.0,0.03,4,5917,-0.338,0.211,86.4,86.1,79.9,81.3,25.67,25.61,24.63,24.84
122.485,5382.4,201.4,100.0,0.0,0.04,4,5917,-0.359,0.239,86.4,86.1,80.0,81.3,25.67,25.61,24.63,24.84
122.501,5383.3,201.5,100.0,0.0,0.04,4,5919,-0.393,0.233,86.4,86.0,80.0,81.3,25.67,25.61,24.63,24.84
122.517,5384.2,201.7,100.0,0.0,0.04,4,5927,-0.426,0.216,86.4,86.0,80.0,81.3,25.67,25.61,24.63,24.84
122.532,5385.1,201.8,100.0,0.0,0.05,4,5935,-0.48,0.217,86.4,86.0,80.0,81.3,25.67,25.61,24.63,24.84
122.548,5385.9,201.9,100.0,0.0,0.05,4,5944,-0.529,0.197,86.4,86.0,80.0,81.3,25.67,25.61,24.64,24.84
122.564,5386.8,202.0,100.0,0.0,0.05,4,5947,-0.615,0.211,86.4,86.0,80.0,81.3,25.67,25.6,24.64,24.84
122.579,5387.7,202.1,100.0,0.0,0.06,4,5947,-0.696,0.209,86.4,86.0,80.0,81.3,25.67,25.6,24.64,24.84
122.596,5388.6,202.2,100.0,0.0,0.06,4,5949,-0.748,0.208,86.4,86.0,80.0,81.3,25.67,25.6,24.64,24.84
122.611,5389.5,202.4,100.0,0.0,0.06,4,5947,-0.862,0.204,86.4,86.0,80.0,81.3,25.67,25.6,24.64,24.84
122.627,5390.4,202.5,100.0,0.0,0.07,4,5948,-0.9,0.213,86.4,86.0,80.0,81.3,25.67,25.6,24.64,24.84
122.644,5391.3,202.6,100.0,0.0,0.07,4,5949,-0.902,0.225,86.4,86.0,80.0,81.3,25.67,25.6,24.64,24.84
122.659,5392.2,202.7,100.0,0.0,0.07,4,5953,-0.94,0.21,86.5,86.0,80.0,81.3,25.67,25.6,24.64,24.84
122.675,5393.1,202.8,100.0,0.0,0.08,4,5956,-0.934,0.2,86.5,86.0,80.0,81.3,25.67,25.6,24.64,24.84
122.69,5393.9,202.9,100.0,0.0,0.03,4,5968,-0.879,0.186,86.5,86.0,80.0,81.3,25.67,25.6,24.64,24.84
122.706,5394.8,203.0,100.0,0.0,0.0,4,5978,-0.724,0.208,86.5,86.0,80.0,81.3,25.67,25.6,24.64,24.84
122.722,5395.7,203.2,100.0,0.0,0.0,4,5991,-0.69,0.195,86.5,86.0,80.0,81.3,25.67,25.6,24.64,24.84
122.737,5396.6,203.2,100.0,0.0,0.0,4,5997,-0.694,0.197,86.5,86.0,80.0,81.3,25.67,25.6,24.64,24.84
122.752,5397.5,203.4,100.0,0.0,0.0,4,6001,-0.671,0.217,86.5,86.0,80.0,81.3,25.67,25.59,24.65,24.84
122.768,5398.3,203.5,100.0,0.0,0.0,4,5992,-0.703,0.257,86.5,86.0,80.0,81.3,25.67,25.59,24.65,24.84
122.783,5399.2,203.6,100.0,0.0,0.0,4,5985,-0.735,0.226,86.5,86.0,80.0,81.3,25.67,25.59,24.65,24.84
122.799,5400.1,203.7,100.0,0.0,0.0,4,5991,-0.707,0.197,86.5,86.0,80.0,81.3,25.67,25.59,24.65,24.84
122.815,5401.0,203.8,100.0,0.0,0.0,4,6002,-0.666,0.201,86.5,85.9,80.1,81.3,25.68,25.59,24.65,24.84
122.831,5401.9,203.9,100.0,0.0,0.0,4,6003,-0.617,0.234,86.5,85.9,80.1,81.3,25.68,25.59,24.65,24.84
122.847,5402.8,204.1,100.0,0.0,0.0,4,5998,-0.64,0.236,86.5,85.9,80.1,81.3,25.68,25.59,24.65,24.84
122.863,5403.7,204.2,100.0,0.0,0.0,4,5994,-0.626,0.213,86.5,85.9,80.1,81.3,25.68,25.59,24.65,24.84
122.879,5404.6,204.3,100.0,0.0,0.0,4,6001,-0.52,0.219,86.5,85.9,80.1,81.3,25.68,25.59,24.65,24.84
122.894,5405.5,204.4,100.0,0.0,0.0,4,5999,-0.483,0.257,86.5,85.9,80.1,81.3,25.68,25.59,24.65,24.84
122.909,5406.3,204.6,100.0,0.0,0.01,4,6002,-0.46,0.205,86.5,85.9,80.1,81.3,25.68,25.59,24.65,24.84
122.924,5407.2,204.7,100.0,0.0,0.01,4,6007,-0.415,0.222,86.5,85.9,80.1,81.3,25.68,25.59,24.65,24.84
122.94,5408.1,204.8,100.0,0.0,0.01,4,6013,-0.363,0.217,86.5,85.9,80.1,81.3,25.68,25.59,24.65,24.84
122.956,5409.0,204.9,100.0,0.0,0.02,4,6021,-0.369,0.207,86.5,85.9,80.1,81.3,25.68,25.58,24.66,24.84
122.971,5409.9,205.0,100.0,0.0,0.02,4,6025,-0.34,0.214,86.5,85.9,80.1,81.3,25.68,25.58,24.66,24.84
122.987,5410.8,205.1,100.0,0.0,0.02,4,6031,-0.348,0.215,86.5,85.9,80.1,81.3,25.68,25.58,24.66,24.84
123.003,5411.7,205.3,100.0,0.0,0.02,4,6037,-0.389,0.188,86.5,85.9,80.1,81.3,25.68,25.58,24.66,24.84
123.018,5412.5,205.4,100.0,0.0,0.03,4,6040,-0.339,0.211,86.5,85.9,80.1,81.3,25.68,25.58,24.66,24.84
123.033,5413.4,205.5,100.0,0.0,0.03,4,6041,-0.335,0.204,86.5,85.9,80.1,81.3,25.68,25.58,24.66,24.84
123.049,5414.3,205.6,100.0,0.0,0.03,4,6037,-0.391,0.225,86.5,85.9,80.1,81.3,25.68,25.58,24.66,24.84
123.064,5415.2,205.7,100.0,0.0,0.04,4,6045,-0.431,0.187,86.5,85.9,80.1,81.3,25.68,25.58,24.66,24.84
123.08,5416.1,205.8,100.0,0.0,0.04,4,6052,-0.439,0.217,86.5,85.9,80.1,81.3,25.68,25.58,24.66,24.84
123.096,5417.0,205.9,100.0,0.0,0.04,4,6055,-0.479,0.215,86.5,85.9,80.1,81.3,25.68,25.58,24.66,24.84
123.11,5417.8,206.1,100.0,0.0,0.04,4,6051,-0.556,0.22,86.5,85.9,80.1,81.3,25.68,25.58,24.66,24.84
123.126,5418.7,206.2,100.0,0.0,0.05,4,6052,-0.639,0.208,86.5,85.9,80.1,81.3,25.68,25.58,24.66,24.84
123.142,5419.6,206.3,100.0,0.0,0.05,4,6063,-0.654,0.178,86.5,85.8,80.1,81.3,25.68,25.58,24.66,24.84
123.157,5420.5,206.4,100.0,0.0,0.05,4,6065,-0.725,0.219,86.5,85.8,80.1,81.3,25.68,25.57,24.66,24.84
123.172,5421.4,206.5,100.0,0.0,0.06,4,6060,-0.785,0.198,86.5,85.8,80.2,81.3,25.68,25.57,24.66,24.84
123.188,5422.3,206.6,100.0,0.0,0.06,4,6064,-0.823,0.205,86.5,85.8,80.2,81.3,25.68,25.57,24.67,24.84
123.204,5423.2,206.7,100.0,0.0,0.06,4,6069,-0.872,0.209,86.5,85.8,80.2,81.3,25.68,25.57,24.67,24.84
123.22,5424.1,206.8,100.0,0.0,0.07,4,6072,-0.887,0.201,86.5,85.8,80.2,81.3,25.68,25.57,24.67,24.84
123.236,5425.0,206.9,100.0,0.0,0.07,4,6076,-0.956,0.187,86.5,85.8,80.2,81.3,25.68,25.57,24.67,24.84
123.251,5425.9,207.0,100.0,0.0,0.06,4,6080,-0.975,0.197,86.5,85.8,80.2,81.3,25.68,25.57,24.67,24.84
123.267,5426.8,207.1,100.0,0.0,0.01,4,6084,-0.916,0.187,86.5,85.8,80.2,81.3,25.68,25.57,24.67,24.84
123.282,5427.7,207.2,100.0,0.0,0.0,4,6088,-0.737,0.192,86.5,85.8,80.2,81.3,25.68,25.57,24.67,24.84
123.298,5428.6,207.4,100.0,0.0,0.0,4,6095,-0.728,0.193,86.5,85.8,80.2,81.3,25.69,25.57,24.67,24.84
123.313,5429.4,207.4,100.0,0.0,0.0,4,6097,-0.742,0.191,86.5,85.8,80.2,81.3,25.69,25.57,24.67,24.84
123.328,5430.3,207.6,100.0,0.0,0.0,4,6099,-0.748,0.184,86.5,85.8,80.2,81.3,25.69,25.57,24.67,24.84
123.343,5431.2,207.7,100.0,0.0,0.0,4,6101,-0.732,0.215,86.5,85.8,80.2,81.3,25.69,25.57,24.67,24.84
123.359,5432.1,207.8,100.0,0.0,0.0,4,6105,-0.701,0.218,86.5,85.8,80.2,81.3,25.69,25.56,24.67,24.84
123.374,5433.0,207.9,100.0,0.0,0.0,4,6106,-0.657,0.222,86.5,85.8,80.2,81.3,25.69,25.56,24.68,24.84
123.39,5433.9,208.0,100.0,0.0,0.0,4,6110,-0.631,0.19,86.5,85.8,80.2,81.3,25.69,25.56,24.68,24.84
123.406,5434.8,208.1,100.0,0.0,0.01,4,6111,-0.601,0.234,86.5,85.8,80.2,81.3,25.69,25.56,24.68,24.84
123.422,5435.7,208.2,100.0,0.0,0.01,4,6115,-0.572,0.196,86.5,85.8,80.2,81.3,25.69,25.56,24.68,24.84
123.437,5436.6,208.3,100.0,0.0,0.01,4,6121,-0.535,0.195,86.5,85.7,80.2,81.3,25.69,25.56,24.68,24.84
123.452,5437.5,208.4,100.0,0.0,0.02,4,6125,-0.518,0.21,86.5,85.7,80.2,81.3,25.69,25.56,24.68,24.84
123.469,5438.4,208.5,100.0,0.0,0.02,4,6129,-0.49,0.2,86.5,85.7,80.2,81.3,25.69,25.56,24.68,24.84
123.485,5439.4,208.6,100.0,0.0,0.02,4,6134,-0.472,0.206,86.5,85.7,80.3,81.3,25.69,25.56,24.68,24.84
123.501,5440.3,208.7,100.0,0.0,0.02,4,6138,-0.48,0.207,86.6,85.7,80.3,81.3,25.69,25.56,24.68,24.84
123.516,5441.2,208.9,100.0,0.0,0.03,4,6139,-0.451,0.202,86.6,85.7,80.3,81.3,25.69,25.56,24.68,24.84
123.531,5442.1,209.0,100.0,0.0,0.03,4,6141,-0.483,0.219,86.6,85.7,80.3,81.3,25.69,25.55,24.68,24.84
123.548,5443.0,209.1,100.0,0.0,0.03,4,6143,-0.517,0.203,86.6,85.7,80.3,81.3,25.69,25.55,24.68,24.84
123.564,5444.0,209.2,100.0,0.0,0.04,4,6146,-0.5,0.19,86.6,85.7,80.3,81.3,25.69,25.55,24.68,24.84
123.579,5444.9,209.3,100.0,0.0,0.04,4,6145,-0.566,0.2,86.6,85.7,80.3,81.3,25.69,25.55,24.68,24.84
123.595,5445.8,209.4,100.0,0.0,0.04,4,6149,-0.57,0.186,86.6,85.7,80.3,81.3,25.69,25.55,24.68,24.84
123.61,5446.7,209.5,100.0,0.0,0.04,4,6151,-0.603,0.19,86.6,85.7,80.3,81.3,25.69,25.55,24.69,24.84
123.626,5447.6,209.6,100.0,0.0,0.05,4,6153,-0.653,0.192,86.6,85.7,80.3,81.3,25.69,25.55,24.69,24.84
123.642,5448.5,209.7,100.0,0.0,0.05,4,6156,-0.681,0.204,86.6,85.7,80.3,81.3,25.69,25.55,24.69,24.84
123.658,5449.5,209.8,100.0,0.0,0.05,4,6161,-0.734,0.192,86.6,85.7,80.3,81.3,25.69,25.55,24.69,24.84
123.674,5450.4,209.9,100.0,0.0,0.06,4,6165,-0.772,0.18,86.6,85.7,80.3,81.3,25.69,25.55,24.69,24.84
123.689,5451.3,210.0,100.0,0.0,0.06,4,6170,-0.777,0.204,86.6,85.7,80.3,81.3,25.69,25.55,24.69,24.84
123.705,5452.2,210.1,100.0,0.0,0.06,4,6169,-0.833,0.216,86.6,85.7,80.3,81.3,25.69,25.55,24.69,24.84
123.721,5453.1,210.2,100.0,0.0,0.06,4,6175,-0.889,0.182,86.6,85.7,80.3,81.3,25.69,25.54,24.69,24.84
123.737,5454.1,210.3,100.0,0.0,0.07,4,6179,-0.931,0.179,86.6,85.6,80.3,81.3,25.69,25.54,24.69,24.84
123.753,5455.0,210.4,100.0,0.0,0.07,4,6184,-0.97,0.173,86.6,85.6,80.3,81.3,25.69,25.54,24.69,24.84
123.768,5455.9,210.5,100.0,0.0,0.07,4,6187,-1.05,0.175,86.6,85.6,80.3,81.3,25.69,25.54,24.69,24.84
123.783,5456.8,210.6,100.0,0.0,0.08,4,6190,-1.09,0.169,86.6,85.6,80.3,81.3,25.69,25.54,24.69,24.84
123.799,5457.7,210.7,100.0,0.0,0.08,4,6192,-1.168,0.17,86.6,85.6,80.3,81.3,25.69,25.54,24.7,24.84
123.814,5458.6,210.8,100.0,0.0,0.08,4,6195,-1.199,0.167,86.6,85.6,80.4,81.3,25.69,25.54,24.7,24.84
123.83,5459.5,210.9,100.0,0.0,0.08,4,6197,-1.208,0.172,86.6,85.6,80.4,81.3,25.7,25.54,24.7,24.84
123.846,5460.4,211.0,100.0,0.0,0.04,4,6198,-1.209,0.186,86.6,85.6,80.4,81.3,25.7,25.54,24.7,24.84
123.861,5461.3,211.0,100.0,0.0,0.0,4,6201,-1.056,0.17,86.6,85.6,80.4,81.3,25.7,25.54,24.7,24.84
123.876,5462.2,211.1,100.0,0.0,0.0,4,6209,-0.946,0.178,86.6,85.6,80.4,81.3,25.7,25.54,24.7,24.84
123.892,5463.2,211.2,100.0,0.0,0.0,4,6215,-0.939,0.182,86.6,85.6,80.4,81.3,25.7,25.53,24.7,24.84
123.908,5464.1,211.3,100.0,0.0,0.0,4,6217,-0.923,0.198,86.6,85.6,80.4,81.3,25.7,25.53,24.7,24.84
123.924,5465.0,211.4,100.0,0.0,0.0,4,6218,-0.923,0.194,86.6,85.6,80.4,81.3,25.7,25.53,24.7,24.84
123.938,5465.9,211.5,100.0,0.0,0.0,4,6221,-0.869,0.19,86.6,85.6,80.4,81.3,25.7,25.53,24.7,24.84
123.953,5466.8,211.6,100.0,0.0,0.0,4,6223,-0.833,0.19,86.6,85.6,80.4,81.3,25.7,25.53,24.7,24.84
123.969,5467.7,211.7,100.0,0.0,0.0,4,6228,-0.771,0.199,86.6,85.6,80.4,81.3,25.7,25.53,24.7,24.84
123.986,5468.6,211.8,100.0,0.0,0.0,4,6233,-0.716,0.179,86.6,85.6,80.4,81.3,25.7,25.53,24.71,24.84
124.001,5469.6,211.9,100.0,0.0,0.0,4,6236,-0.679,0.193,86.6,85.5,80.4,81.3,25.7,25.53,24.71,24.84
124.017,5470.5,212.0,100.0,0.0,0.0,4,6243,-0.661,0.181,86.6,85.5,80.4,81.3,25.7,25.53,24.71,24.84
124.032,5471.4,212.1,100.0,0.0,0.0,4,6247,-0.633,0.202,86.6,85.5,80.4,81.3,25.7,25.53,24.71,24.84
124.048,5472.3,212.2,100.0,0.0,0.0,4,6244,-0.605,0.217,86.6,85.5,80.4,81.3,25.7,25.52,24.71,24.84
124.063,5473.2,212.3,100.0,0.0,0.0,4,6241,-0.606,0.199,86.6,85.5,80.4,81.3,25.7,25.52,24.71,24.84
124.079,5474.1,212.4,100.0,0.0,0.0,4,6234,-0.584,0.214,86.6,85.5,80.4,81.3,25.7,25.52,24.71,24.84
124.094,5475.0,212.5,100.0,0.0,0.0,4,6232,-0.546,0.199,86.6,85.5,80.4,81.3,25.7,25.52,24.71,24.84
124.109,5475.9,212.6,100.0,0.0,0.01,4,6236,-0.5,0.19,86.6,85.5,80.4,81.3,25.7,25.52,24.71,24.84
124.124,5476.8,212.7,100.0,0.0,0.01,4,6238,-0.479,0.198,86.6,85.5,80.4,81.3,25.7,25.52,24.71,24.84
124.14,5477.8,212.8,100.0,0.0,0.01,4,6242,-0.442,0.174,86.6,85.5,80.5,81.3,25.7,25.52,24.71,24.84
124.156,5478.7,213.0,100.0,0.0,0.01,4,6242,-0.409,0.204,86.6,85.5,80.5,81.3,25.7,25.52,24.71,24.84
124.171,5479.6,213.1,100.0,0.0,0.02,4,6246,-0.368,0.189,86.6,85.5,80.5,81.3,25.7,25.52,24.71,24.84
124.186,5480.5,213.2,100.0,0.0,0.02,4,6250,-0.36,0.196,86.6,85.5,80.5,81.3,25.7,25.52,24.71,24.84
124.201,5481.4,213.3,100.0,0.0,0.02,4,6259,-0.365,0.186,86.6,85.5,80.5,81.3,25.7,25.52,24.71,24.84
124.216,5482.3,213.4,100.0,0.0,0.02,4,6268,-0.354,0.188,86.6,85.5,80.5,81.3,25.7,25.52,24.72,24.84
124.232,5483.2,213.5,100.0,0.0,0.03,4,6268,-0.344,0.193,86.6,85.5,80.5,81.3,25.7,25.51,24.72,24.84
124.248,5484.1,213.6,100.0,0.0,0.03,4,6277,-0.366,0.17,86.6,85.5,80.5,81.3,25.7,25.51,24.72,24.84
124.263,5485.1,213.7,100.0,0.0,0.03,4,6281,-0.374,0.193,86.6,85.5,80.5,81.3,25.7,25.51,24.72,24.84
124.279,5486.0,213.8,100.0,0.0,0.04,4,6282,-0.418,0.199,86.6,85.5,80.5,81.3,25.7,25.51,24.72,24.84
124.294,5486.9,213.9,100.0,0.0,0.04,4,6279,-0.479,0.184,86.6,85.4,80.5,81.3,25.7,25.51,24.72,24.84
124.31,5487.8,214.0,100.0,0.0,0.04,4,6279,-0.504,0.198,86.6,85.4,80.5,81.3,25.7,25.51,24.72,24.84
124.325,5488.7,214.1,100.0,0.0,0.04,4,6281,-0.549,0.184,86.6,85.4,80.5,81.3,25.7,25.51,24.72,24.84
124.34,5489.6,214.2,100.0,0.0,0.05,4,6286,-0.591,0.179,86.6,85.4,80.5,81.3,25.7,25.51,24.72,24.84
124.356,5490.5,214.3,100.0,0.0,0.05,4,6283,-0.648,0.2,86.6,85.4,80.5,81.3,25.7,25.51,24.72,24.84
124.371,5491.5,214.4,100.0,0.0,0.05,4,6286,-0.688,0.184,86.6,85.4,80.5,81.3,25.7,25.51,24.72,24.84
124.386,5492.4,214.5,100.0,0.0,0.05,4,6291,-0.74,0.175,86.6,85.4,80.5,81.3,25.7,25.51,24.72,24.84
124.402,5493.3,214.6,100.0,0.0,0.06,4,6294,-0.748,0.184,86.6,85.4,80.5,81.3,25.7,25.51,24.72,24.84
124.417,5494.2,214.7,100.0,0.0,0.0,4,6294,-0.74,0.196,86.6,85.4,80.5,81.3,25.7,25.51,24.72,24.84
124.433,5495.1,214.8,100.0,0.0,0.0,4,6301,-0.583,0.177,86.7,85.4,80.5,81.3,25.7,25.5,24.73,24.84
124.448,5496.0,214.9,100.0,0.0,0.0,4,6303,-0.591,0.19,86.7,85.4,80.5,81.3,25.7,25.5,24.73,24.84
124.463,5497.0,214.9,100.0,0.0,0.0,4,6304,-0.608,0.193,86.7,85.4,80.5,81.3,25.7,25.5,24.73,24.84
124.479,5497.9,215.0,100.0,0.0,0.0,4,6305,-0.62,0.186,86.7,85.4,80.6,81.3,25.71,25.5,24.73,24.84
124.495,5498.8,215.1,100.0,0.0,0.0,4,6304,-0.579,0.189,86.7,85.4,80.6,81.3,25.71,25.5,24.73,24.84
124.51,5499.8,215.3,100.0,0.0,0.0,4,6310,-0.538,0.174,86.7,85.4,80.6,81.3,25.71,25.5,24.73,24.84
124.526,5500.7,215.4,100.0,0.0,0.0,4,6314,-0.501,0.182,86.7,85.4,80.6,81.3,25.71,25.5,24.73,24.84
124.542,5501.7,215.4,100.0,0.0,0.0,4,6321,-0.44,0.185,86.7,85.4,80.6,81.3,25.71,25.5,24.73,24.84
124.558,5502.6,215.6,100.0,0.0,0.0,4,6327,-0.398,0.185,86.7,85.4,80.6,81.3,25.71,25.5,24.73,24.84
124.574,5503.6,215.7,100.0,0.0,0.0,4,6329,-0.396,0.18,86.7,85.4,80.6,81.3,25.71,25.5,24.73,24.84
124.589,5504.5,215.7,100.0,0.0,0.01,4,6330,-0.39,0.183,86.7,85.4,80.6,81.3,25.71,25.5,24.73,24.84
124.605,5505.4,215.8,100.0,0.0,0.01,4,6335,-0.394,0.183,86.7,85.4,80.6,81.3,25.71,25.5,24.73,24.84
124.62,5506.4,215.9,100.0,0.0,0.01,4,6337,-0.36,0.183,86.7,85.3,80.6,81.3,25.71,25.5,24.73,24.84
124.636,5507.3,216.1,100.0,0.0,0.01,4,6336,-0.36,0.191,86.7,85.3,80.6,81.3,25.71,25.49,24.74,24.84
124.651,5508.2,216.2,100.0,0.0,0.02,4,6337,-0.342,0.183,86.7,85.3,80.6,81.3,25.71,25.49,24.74,24.84
124.667,5509.2,216.3,100.0,0.0,0.02,4,6339,-0.333,0.183,86.7,85.3,80.6,81.3,25.71,25.49,24.74,24.85
124.683,5510.1,216.3,100.0,0.0,0.02,4,6343,-0.343,0.187,86.7,85.3,80.6,81.3,25.71,25.49,24.74,24.85
124.699,5511.1,216.5,100.0,0.0,0.03,4,6349,-0.343,0.168,86.7,85.3,80.6,81.3,25.71,25.49,24.74,24.85
124.715,5512.0,216.5,100.0,0.0,0.03,4,6357,-0.387,0.175,86.7,85.3,80.6,81.3,25.71,25.49,24.74,24.85
124.731,5513.0,216.6,100.0,0.0,0.03,4,6360,-0.391,0.159,86.7,85.3,80.6,81.3,25.71,25.49,24.74,24.85
124.746,5513.9,216.7,100.0,0.0,0.03,4,6363,-0.406,0.173,86.7,85.3,80.6,81.3,25.71,25.49,24.74,24.85
124.761,5514.9,216.8,100.0,0.0,0.03,4,6361,-0.442,0.204,86.7,85.3,80.6,81.3,25.71,25.49,24.74,24.85
124.777,5515.8,216.9,100.0,0.0,0.0,4,6366,-0.333,0.184,86.7,85.3,80.6,81.3,25.71,25.49,24.74,24.85
124.792,5516.7,217.0,100.0,0.0,0.0,4,6368,-0.3,0.186,86.7,85.3,80.6,81.3,25.71,25.49,24.74,24.85
124.807,5517.6,217.1,100.0,0.0,0.0,4,6373,-0.305,0.18,86.7,85.3,80.6,81.3,25.71,25.49,24.74,24.85
124.823,5518.5,217.2,100.0,0.0,0.0,4,6373,-0.33,0.182,86.7,85.3,80.6,81.3,25.71,25.48,24.74,24.85
124.838,5519.5,217.3,100.0,0.0,0.0,4,6375,-0.354,0.193,86.7,85.3,80.6,81.3,25.71,25.48,24.74,24.85
124.854,5520.4,217.4,100.0,0.0,0.0,4,6375,-0.303,0.191,86.7,85.3,80.7,81.3,25.71,25.48,24.74,24.85
124.869,5521.3,217.5,100.0,0.0,0.0,4,6376,-0.333,0.175,86.7,85.3,80.7,81.3,25.71,25.48,24.75,24.85
124.884,5522.3,217.6,100.0,0.0,0.0,4,6379,-0.281,0.189,86.7,85.3,80.7,81.3,25.71,25.48,24.75,24.85
124.9,5523.2,217.7,100.0,0.0,0.0,4,6382,-0.26,0.178,86.7,85.3,80.7,81.3,25.71,25.48,24.75,24.85
124.915,5524.1,217.8,100.0,0.0,0.0,4,6384,-0.248,0.17,86.7,85.3,80.7,81.3,25.71,25.48,24.75,24.85
124.93,5525.0,217.9,100.0,0.0,0.0,4,6386,-0.217,0.179,86.7,85.2,80.7,81.3,25.71,25.48,24.75,24.85
124.946,5526.0,218.0,100.0,0.0,0.0,4,6388,-0.211,0.176,86.7,85.2,80.7,81.3,25.71,25.48,24.75,24.85
124.962,5527.0,218.1,100.0,0.0,0.0,4,6392,-0.165,0.194,86.7,85.2,80.7,81.3,25.71,25.48,24.75,24.85
124.977,5527.9,218.2,100.0,0.0,0.0,4,6396,-0.168,0.165,86.7,85.2,80.7,81.3,25.71,25.48,24.75,24.85
124.994,5528.9,218.3,100.0,0.0,0.0,4,6399,-0.125,0.182,86.7,85.2,80.7,81.3,25.71,25.48,24.75,24.85
125.01,5529.9,218.3,0.0,0.0,0.0,0,6342,-0.11,-0.142,86.7,85.2,80.7,81.3,25.71,25.48,24.75,24.85
125.024,5530.8,218.2,0.0,0.0,0.0,0,6271,-0.094,-0.195,86.7,85.2,80.7,81.3,25.71,25.48,24.75,24.85
125.04,5531.7,218.1,0.0,0.0,0.0,0,6200,-0.096,-0.202,86.7,85.2,80.7,81.3,25.71,25.47,24.75,24.85
125.056,5532.7,218.0,0.0,0.0,0.01,0,6117,-0.104,-0.216,86.7,85.2,80.7,81.3,25.71,25.47,24.75,24.85
125.072,5533.6,217.9,0.0,0.0,0.01,0,6049,-0.099,-0.196,86.7,85.2,80.7,81.3,25.71,25.47,24.75,24.85
125.087,5534.5,217.8,0.0,0.0,0.01,0,5983,-0.146,-0.209,86.7,85.2,80.7,81.3,25.71,25.47,24.75,24.85
125.103,5535.5,217.6,0.0,0.0,0.02,5,5435,-0.107,-0.208,86.7,85.2,80.7,81.3,25.71,25.47,24.75,24.85
125.119,5536.5,217.8,0.0,0.0,0.02,5,5223,-0.152,-0.047,86.7,85.2,80.7,81.3,25.71,25.47,24.75,24.85
125.135,5537.4,217.6,0.0,0.0,0.02,5,5229,-0.19,-0.266,86.7,85.2,80.7,81.3,25.71,25.47,24.76,24.85
125.15,5538.4,217.5,0.0,0.0,0.02,5,5226,-0.198,-0.238,86.7,85.2,80.7,81.3,25.71,25.47,24.76,24.85
125.166,5539.3,217.4,0.0,0.0,0.03,5,5222,-0.227,-0.237,86.7,85.2,80.7,81.3,25.71,25.47,24.76,24.85
125.181,5540.2,217.2,0.0,0.0,0.03,5,5219,-0.263,-0.247,86.7,85.2,80.7,81.3,25.71,25.47,24.76,24.85
125.197,5541.2,217.1,0.0,0.0,0.03,5,5215,-0.323,-0.235,86.7,85.2,80.7,81.3,25.71,25.47,24.76,24.85
125.213,5542.2,217.0,0.0,0.0,0.03,5,5213,-0.37,-0.249,86.7,85.2,80.7,81.3,25.71,25.47,24.76,24.85
125.229,5543.1,216.8,0.0,0.0,0.04,5,5210,-0.423,-0.247,86.7,85.2,80.7,81.3,25.71,25.47,24.76,24.85
125.244,5544.0,216.7,0.0,0.0,0.04,5,5207,-0.483,-0.268,86.7,85.2,80.7,81.3,25.71,25.47,24.76,24.85
125.26,5545.0,216.5,0.0,0.0,0.0,5,5204,-0.47,-0.239,86.7,85.2,80.7,81.3,25.71,25.46,24.76,24.85
125.275,5545.9,216.4,100.0,0.0,0.0,5,5273,-0.371,-0.115,86.7,85.1,80.8,81.3,25.71,25.46,24.76,24.85
125.291,5546.8,216.5,100.0,0.0,0.0,5,5276,-0.366,0.193,86.7,85.1,80.8,81.3,25.71,25.46,24.76,24.85
125.306,5547.8,216.6,100.0,0.0,0.0,5,5276,-0.383,0.187,86.7,85.1,80.8,81.3,25.71,25.46,24.76,24.85
125.322,5548.7,216.7,100.0,0.0,0.0,5,5279,-0.372,0.174,86.7,85.1,80.8,81.3,25.71,25.46,24.76,24.85
125.338,5549.6,216.8,100.0,0.0,0.0,5,5284,-0.347,0.169,86.7,85.1,80.8,81.3,25.71,25.46,24.76,24.85
125.352,5550.5,216.9,100.0,0.0,0.0,5,5286,-0.345,0.172,86.7,85.1,80.8,81.3,25.71,25.46,24.76,24.85
125.368,5551.5,217.0,100.0,0.0,0.0,5,5289,-0.337,0.183,86.7,85.1,80.8,81.3,25.71,25.46,24.76,24.85
125.383,5552.4,217.1,100.0,0.0,0.0,5,5292,-0.307,0.176,86.7,85.1,80.8,81.3,25.71,25.46,24.76,24.85
125.4,5553.4,217.2,100.0,0.0,0.0,5,5291,-0.304,0.185,86.7,85.1,80.8,81.3,25.71,25.46,24.76,24.85
125.415,5554.3,217.3,100.0,0.0,0.0,5,5292,-0.292,0.174,86.7,85.1,80.8,81.3,25.71,25.46,24.77,24.85
125.43,5555.2,217.4,100.0,0.0,0.0,5,5294,-0.264,0.175,86.7,85.1,80.8,81.3,25.71,25.46,24.77,24.85
125.445,5556.1,217.4,100.0,0.0,0.0,5,5297,-0.267,0.162,86.7,85.1,80.8,81.3,25.71,25.45,24.77,24.85
125.461,5557.1,217.6,100.0,0.0,0.0,5,5296,-0.219,0.167,86.7,85.1,80.8,81.3,25.71,25.45,24.77,24.85
125.476,5558.0,217.7,100.0,0.0,0.0,5,5297,-0.18,0.173,86.7,85.1,80.8,81.3,25.71,25.45,24.77,24.85
125.492,5558.9,217.8,100.0,0.0,0.0,5,5299,-0.195,0.178,86.7,85.1,80.8,81.3,25.71,25.45,24.77,24.85
125.507,5559.9,217.8,100.0,0.0,0.0,5,5301,-0.139,0.172,86.7,85.1,80.8,81.3,25.71,25.45,24.77,24.85
125.523,5560.8,217.9,100.0,0.0,0.0,5,5306,-0.131,0.169,86.7,85.1,80.8,81.3,25.71,25.45,24.77,24.85
125.538,5561.7,218.0,100.0,0.0,0.0,5,5307,-0.117,0.174,86.7,85.1,80.8,81.3,25.71,25.45,24.77,24.85
125.553,5562.7,218.1,100.0,0.0,0.0,5,5310,-0.105,0.177,86.7,85.1,80.8,81.3,25.71,25.45,24.77,24.85
125.569,5563.6,218.2,100.0,0.0,0.0,5,5316,-0.089,0.169,86.7,85.1,80.8,81.3,25.71,25.45,24.77,24.85
125.584,5564.6,218.3,100.0,0.0,0.0,5,5320,-0.065,0.172,86.7,85.0,80.8,81.3,25.71,25.45,24.77,24.85
125.6,5565.5,218.4,100.0,0.0,0.0,5,5319,-0.068,0.179,86.7,85.0,80.8,81.3,25.71,25.45,24.77,24.85
125.615,5566.4,218.5,100.0,0.0,0.0,5,5325,-0.07,0.17,86.7,85.0,80.8,81.3,25.71,25.45,24.77,24.85
125.631,5567.4,218.6,100.0,0.0,0.0,5,5327,-0.032,0.17,86.7,85.0,80.8,81.3,25.71,25.45,24.77,24.85
125.646,5568.3,218.7,100.0,0.0,0.0,5,5329,-0.034,0.181,86.7,85.0,80.8,81.3,25.71,25.44,24.77,24.85
125.662,5569.3,218.8,100.0,0.0,0.0,5,5327,-0.025,0.172,86.7,85.0,80.8,81.3,25.71,25.44,24.77,24.85
125.677,5570.2,218.9,100.0,0.0,-0.0,5,5334,-0.022,0.157,86.7,85.0,80.8,81.3,25.71,25.44,24.77,24.85
125.692,5571.1,219.0,100.0,0.0,-0.0,5,5338,0.02,0.17,86.7,85.0,80.8,81.3,25.71,25.44,24.78,24.85
125.707,5572.0,219.1,100.0,0.0,-0.01,5,5335,0.012,0.186,86.7,85.0,80.8,81.3,25.71,25.44,24.78,24.85
125.724,5573.0,219.2,100.0,0.0,-0.01,5,5337,0.04,0.166,86.7,85.0,80.8,81.3,25.71,25.44,24.78,24.85
125.739,5574.0,219.2,100.0,0.0,-0.01,5,5342,0.073,0.174,86.7,85.0,80.9,81.3,25.71,25.44,24.78,24.85
125.754,5574.9,219.3,100.0,0.0,-0.01,5,5341,0.083,0.186,86.7,85.0,80.9,81.3,25.71,25.44,24.78,24.85
125.77,5575.9,219.5,100.0,0.0,-0.02,5,5346,0.133,0.164,86.7,85.0,80.9,81.3,25.71,25.44,24.78,24.85
125.785,5576.8,219.5,100.0,0.0,-0.02,5,5350,0.144,0.167,86.7,85.0,80.9,81.3,25.71,25.44,24.78,24.85
125.801,5577.7,219.6,100.0,0.0,-0.01,5,5353,0.191,0.16,86.7,85.0,80.9,81.3,25.71,25.44,24.78,24.85
125.817,5578.7,219.7,100.0,0.0,0.0,5,5351,0.099,0.185,86.7,85.0,80.9,81.3,25.71,25.44,24.78,24.85
125.833,5579.7,219.8,100.0,0.0,0.0,5,5352,0.095,0.185,86.7,85.0,80.9,81.3,25.71,25.44,24.78,24.85
125.849,5580.7,219.9,100.0,0.0,0.0,5,5356,0.123,0.166,86.7,85.0,80.9,81.3,25.71,25.43,24.78,24.85
125.864,5581.6,220.0,100.0,0.0,0.0,5,5360,0.135,0.161,86.7,85.0,80.9,81.3,25.71,25.43,24.78,24.85
125.88,5582.6,220.1,100.0,0.0,0.0,5,5363,0.131,0.166,86.7,85.0,80.9,81.3,25.71,25.43,24.78,24.85
125.895,5583.5,220.2,100.0,0.0,0.0,5,5364,0.133,0.173,86.7,85.0,80.9,81.3,25.71,25.43,24.78,24.85
125.911,5584.5,220.3,100.0,0.0,0.0,5,5364,0.103,0.175,86.7,84.9,80.9,81.3,25.71,25.43,24.78,24.85
125.927,5585.4,220.4,100.0,0.0,0.0,5,5369,0.117,0.146,86.7,84.9,80.9,81.3,25.71,25.43,24.78,24.85
125.942,5586.4,220.5,100.0,0.0,0.0,5,5373,0.094,0.173,86.7,84.9,80.9,81.3,25.71,25.43,24.78,24.85
125.957,5587.3,220.6,100.0,0.0,0.0,5,5371,0.104,0.178,86.7,84.9,80.9,81.3,25.71,25.43,24.78,24.85
125.973,5588.3,220.7,100.0,0.0,0.0,5,5370,0.101,0.184,86.7,84.9,80.9,81.3,25.71,25.43,24.78,24.85
125.988,5589.2,220.8,100.0,0.0,0.0,5,5372,0.084,0.155,86.7,84.9,80.9,81.3,25.71,25.43,24.78,24.85
126.005,5590.2,220.9,100.0,0.0,0.0,5,5373,0.068,0.169,86.7,84.9,80.9,81.3,25.71,25.43,24.78,24.85
126.02,5591.1,221.0,100.0,0.0,-0.0,5,5374,0.079,0.153,86.7,84.9,80.9,81.3,25.71,25.43,24.79,24.85
126.035,5592.1,221.0,100.0,0.0,-0.01,5,5375,0.089,0.166,86.7,84.9,80.9,81.3,25.71,25.43,24.79,24.85
126.051,5593.0,221.1,100.0,0.0,-0.01,5,5378,0.117,0.171,86.7,84.9,80.9,81.3,25.71,25.43,24.79,24.85
126.066,5594.0,221.2,100.0,0.0,-0.01,5,5382,0.094,0.153,86.7,84.9,80.9,81.3,25.7,25.43,24.79,24.85
126.081,5594.9,221.3,100.0,0.0,-0.01,5,5385,0.121,0.16,86.7,84.9,80.9,81.3,25.7,25.42,24.79,24.85
126.097,5595.9,221.4,100.0,0.0,-0.02,5,5387,0.137,0.169,86.7,84.9,80.9,81.3,25.7,25.42,24.79,24.85
126.113,5596.9,221.5,100.0,0.0,-0.02,5,5391,0.159,0.146,86.7,84.9,80.9,81.3,25.7,25.42,24.79,24.85
126.129,5597.9,221.6,100.0,0.0,-0.02,5,5394,0.178,0.159,86.7,84.9,80.9,81.3,25.7,25.42,24.79,24.85
126.146,5598.9,221.7,100.0,0.0,-0.02,5,5401,0.221,0.147,86.6,84.9,80.9,81.3,25.7,25.42,24.79,24.85
126.16,5599.8,221.8,100.0,0.0,-0.03,5,5401,0.27,0.177,86.6,84.9,80.9,81.3,25.7,25.42,24.79,24.85
126.177,5600.8,221.9,100.0,0.0,-0.03,5,5404,0.296,0.159,86.6,84.9,80.9,81.3,25.7,25.42,24.79,24.85
126.192,5601.7,221.9,0.0,0.0,-0.03,5,5332,0.349,0.046,86.6,84.9,80.9,81.3,25.7,25.42,24.79,24.85
126.208,5602.7,221.8,0.0,0.0,-0.04,5,5328,0.365,-0.272,86.6,84.9,80.9,81.3,25.7,25.42,24.79,24.85
126.223,5603.7,221.7,0.0,0.0,-0.04,5,5324,0.417,-0.261,86.6,84.9,80.9,81.3,25.7,25.42,24.79,24.85
126.238,5604.6,221.5,0.0,0.0,-0.03,5,5320,0.487,-0.252,86.6,84.9,80.9,81.3,25.7,25.42,24.79,24.85
126.254,5605.6,221.4,0.0,0.0,0.0,5,5318,0.342,-0.255,86.6,84.9,80.9,81.3,25.7,25.42,24.79,24.85
126.27,5606.5,221.3,0.0,0.0,0.0,5,5315,0.309,-0.245,86.6,84.8,80.9,81.3,25.7,25.42,24.79,24.85
126.286,5607.5,221.1,0.0,0.0,0.0,5,5310,0.355,-0.242,86.6,84.8,81.0,81.3,25.7,25.42,24.79,24.85
126.301,5608.4,221.0,0.0,0.0,0.0,5,5307,0.368,-0.265,86.6,84.8,81.0,81.3,25.7,25.41,24.79,24.85
126.317,5609.4,220.8,0.0,0.0,0.0,5,5304,0.373,-0.254,86.6,84.8,81.0,81.3,25.7,25.41,24.79,24.85
126.334,5610.4,220.7,0.0,0.0,0.0,5,5300,0.367,-0.246,86.6,84.8,81.0,81.3,25.7,25.41,24.79,24.85
126.349,5611.4,220.5,0.0,0.0,0.0,5,5297,0.374,-0.25,86.6,84.8,81.0,81.3,25.7,25.41,24.79,24.85
126.365,5612.3,220.4,0.0,0.0,0.0,5,5295,0.402,-0.246,86.6,84.8,81.0,81.3,25.7,25.41,24.79,24.85
126.38,5613.3,220.3,0.0,0.0,0.0,5,5292,0.356,-0.247,86.6,84.8,81.0,81.3,25.7,25.41,24.79,24.85
126.396,5614.2,220.1,0.0,0.0,0.0,5,5289,0.342,-0.239,86.6,84.8,81.0,81.3,25.7,25.41,24.79,24.85
126.412,5615.2,220.0,0.0,87.7,0.0,5,5249,0.342,-0.241,86.6,84.8,81.0,81.3,25.7,25.41,24.79,24.85
126.427,5616.2,219.2,0.0,96.1,0.0,5,5180,0.275,-1.711,86.6,84.8,81.0,81.3,25.7,25.41,24.79,24.85
126.443,5617.1,218.3,0.0,100.0,0.0,5,5143,0.219,-1.846,86.6,84.8,81.0,81.3,25.7,25.41,24.79,24.85
126.459,5618.1,217.3,0.0,100.0,0.0,5,5114,0.216,-1.93,86.6,84.8,81.0,81.3,25.7,25.41,24.79,24.85
126.475,5619.0,216.2,0.0,100.0,0.0,5,5083,0.194,-1.936,86.6,84.8,81.0,81.3,25.7,25.41,24.79,24.85
126.49,5619.9,215.0,0.0,100.0,0.0,5,5046,0.172,-1.907,86.6,84.8,81.0,81.3,25.7,25.41,24.79,24.85
126.505,5620.8,214.1,0.0,100.0,0.0,5,5016,0.149,-1.867,86.6,84.8,81.0,81.3,25.7,25.41,24.79,24.85
126.521,5621.8,213.1,0.0,100.0,0.0,5,4995,0.148,-1.868,86.6,84.8,81.0,81.3,25.7,25.41,24.79,24.85
126.536,5622.7,212.1,0.0,100.0,0.0,5,4974,0.129,-1.937,86.6,84.8,81.0,81.3,25.7,25.41,24.79,24.85
126.552,5623.6,211.1,0.0,0.0,0.0,5,5042,0.124,-1.272,86.6,84.8,81.0,81.3,25.7,25.41,24.79,24.85
126.567,5624.5,211.0,0.0,0.0,0.0,5,5070,0.147,-0.264,86.6,84.8,81.0,81.3,25.7,25.41,24.79,24.85
126.583,5625.4,210.8,0.0,0.0,0.0,5,5072,0.133,-0.222,86.6,84.8,81.0,81.3,25.7,25.41,24.79,24.85
126.598,5626.3,210.7,0.0,0.0,0.0,5,5069,0.132,-0.23,86.6,84.8,81.0,81.3,25.7,25.4,24.8,24.85
126.613,5627.2,210.6,0.0,0.0,0.0,5,5065,0.111,-0.209,86.6,84.8,81.0,81.3,25.7,25.4,24.8,24.85
126.629,5628.1,210.4,0.0,0.0,0.01,5,5061,0.095,-0.227,86.6,84.8,81.0,81.3,25.7,25.4,24.8,24.85
126.644,5629.0,210.3,0.0,0.0,0.01,5,5059,0.069,-0.216,86.6,84.8,81.0,81.3,25.7,25.4,24.8,24.84
126.66,5629.9,210.2,0.0,0.0,0.01,5,5054,0.034,-0.215,86.6,84.8,81.0,81.3,25.7,25.4,24.8,24.84
126.676,5630.8,210.1,3.6,0.0,0.02,5,5051,-0.012,-0.226,86.6,84.7,81.0,81.3,25.7,25.4,24.8,24.84
126.691,5631.7,209.9,9.6,0.0,0.02,5,5053,-0.049,-0.216,86.6,84.7,81.0,81.3,25.7,25.4,24.8,24.84
126.707,5632.7,209.8,15.6,0.0,0.02,5,5055,-0.066,-0.167,86.6,84.7,81.0,81.3,25.7,25.4,24.8,24.84
126.723,5633.6,209.8,21.6,0.0,0.0,5,5055,-0.073,-0.148,86.6,84.7,81.0,81.3,25.7,25.4,24.8,24.84
126.738,5634.5,209.7,27.6,0.0,0.0,5,5055,-0.028,-0.113,86.6,84.7,81.0,81.3,25.7,25.4,24.8,24.84
126.753,5635.4,209.6,33.6,0.0,0.0,5,5058,-0.028,-0.107,86.6,84.7,81.0,81.3,25.7,25.4,24.8,24.84
126.769,5636.2,209.6,39.6,0.0,0.0,5,5063,-0.048,-0.078,86.6,84.7,81.0,81.3,25.7,25.4,24.8,24.84
126.784,5637.2,209.5,46.8,0.0,0.0,5,5068,-0.07,-0.052,86.6,84.7,81.0,81.3,25.7,25.39,24.8,24.84
126.8,5638.1,209.5,52.8,0.0,-0.0,5,5072,-0.067,-0.029,86.6,84.7,81.0,81.3,25.7,25.39,24.8,24.84
126.816,5639.0,209.5,58.8,0.0,-0.0,5,5077,-0.055,0.002,86.6,84.7,81.0,81.3,25.7,25.39,24.8,24.84
126.831,5639.9,209.5,64.8,0.0,-0.01,5,5084,-0.051,0.011,86.6,84.7,81.0,81.3,25.7,25.39,24.8,24.84
126.848,5640.8,209.6,72.0,0.0,-0.01,5,5088,-0.03,0.068,86.6,84.7,81.0,81.3,25.7,25.39,24.8,24.84
126.864,5641.8,209.6,78.0,0.0,-0.01,5,5093,0.008,0.088,86.6,84.7,81.0,81.3,25.7,25.39,24.8,24.84
126.879,5642.7,209.7,84.0,0.0,-0.02,5,5096,0.032,0.12,86.6,84.7,81.0,81.3,25.69,25.39,24.8,24.84
126.895,5643.6,209.7,91.2,0.0,-0.02,5,5107,0.08,0.123,86.6,84.7,81.0,81.3,25.69,25.39,24.8,24.84
126.91,5644.5,209.8,97.2,0.0,-0.02,5,5114,0.126,0.17,86.6,84.7,81.0,81.3,25.69,25.39,24.8,24.84
126.926,5645.4,209.9,100.0,0.0,-0.02,5,5120,0.161,0.166,86.6,84.7,81.0,81.3,25.69,25.39,24.8,24.84
126.941,5646.3,210.0,100.0,0.0,-0.03,5,5121,0.203,0.198,86.6,84.7,81.0,81.3,25.69,25.39,24.8,24.84
126.957,5647.2,210.1,100.0,0.0,-0.03,5,5123,0.233,0.181,86.6,84.7,81.0,81.3,25.69,25.38,24.8,24.84
126.972,5648.1,210.2,100.0,0.0,-0.03,5,5126,0.293,0.197,86.6,84.7,81.0,81.3,25.69,25.38,24.8,24.84
126.988,5649.0,210.3,100.0,0.0,-0.01,5,5124,0.308,0.191,86.6,84.6,81.0,81.3,25.69,25.38,24.8,24.84
127.003,5649.9,210.5,100.0,0.0,0.0,5,5125,0.193,0.196,86.6,84.6,81.0,81.3,25.69,25.38,24.8,24.84
127.019,5650.8,210.6,100.0,0.0,0.0,5,5128,0.217,0.177,86.6,84.6,81.0,81.3,25.69,25.38,24.8,24.84
127.035,5651.8,210.7,100.0,0.0,0.0,5,5130,0.233,0.193,86.6,84.6,81.0,81.3,25.69,25.38,24.8,24.84
127.051,5652.7,210.8,100.0,0.0,0.0,5,5133,0.236,0.182,86.6,84.6,81.0,81.3,25.69,25.38,24.8,24.84
127.066,5653.6,210.9,100.0,0.0,0.0,5,5138,0.226,0.185,86.6,84.6,81.0,81.3,25.69,25.38,24.8,24.84
127.081,5654.5,211.0,100.0,0.0,0.0,5,5140,0.22,0.196,86.6,84.6,81.0,81.3,25.69,25.38,24.8,24.84
127.096,5655.4,211.1,100.0,0.0,0.0,5,5144,0.18,0.183,86.6,84.6,81.0,81.3,25.69,25.38,24.8,24.84
127.112,5656.3,211.2,100.0,0.0,0.0,5,5149,0.161,0.193,86.6,84.6,81.0,81.3,25.69,25.38,24.81,24.84
127.127,5657.2,211.3,100.0,0.0,-0.0,5,5149,0.169,0.205,86.6,84.6,81.0,81.3,25.69,25.38,24.81,24.84
127.144,5658.1,211.4,100.0,0.0,-0.0,5,5151,0.178,0.173,86.6,84.6,81.0,81.3,25.69,25.37,24.81,24.84
127.159,5659.1,211.5,100.0,0.0,-0.01,5,5162,0.183,0.168,86.6,84.6,81.0,81.3,25.69,25.37,24.81,24.84
127.174,5660.0,211.6,100.0,0.0,-0.01,5,5166,0.194,0.178,86.5,84.6,81.0,81.3,25.69,25.37,24.81,24.84
127.19,5660.8,211.7,100.0,0.0,-0.01,5,5162,0.194,0.2,86.5,84.6,81.0,81.3,25.69,25.37,24.81,24.84
127.205,5661.7,211.8,100.0,0.0,-0.01,5,5161,0.197,0.185,86.5,84.6,81.0,81.3,25.69,25.37,24.81,24.84
127.22,5662.7,211.9,100.0,0.0,-0.02,5,5169,0.212,0.158,86.5,84.6,81.0,81.3,25.69,25.37,24.81,24.84
127.236,5663.6,212.0,100.0,0.0,-0.02,5,5172,0.243,0.182,86.5,84.6,81.0,81.3,25.69,25.37,24.81,24.84
127.251,5664.5,212.1,100.0,0.0,-0.02,5,5170,0.254,0.196,86.5,84.6,81.0,81.3,25.69,25.37,24.81,24.84
127.266,5665.4,212.2,100.0,0.0,-0.02,5,5169,0.294,0.188,86.5,84.6,81.0,81.3,25.69,25.37,24.81,24.84
127.282,5666.3,212.3,100.0,0.0,-0.03,5,5172,0.304,0.174,86.5,84.5,81.0,81.3,25.68,25.37,24.81,24.84
127.298,5667.2,212.4,100.0,0.0,-0.03,5,5174,0.365,0.186,86.5,84.5,81.0,81.3,25.68,25.37,24.81,24.84
127.314,5668.2,212.5,100.0,0.0,-0.03,5,5175,0.398,0.188,86.5,84.5,81.1,81.3,25.68,25.37,24.81,24.84
127.329,5669.1,212.6,100.0,0.0,-0.04,5,5177,0.448,0.179,86.5,84.5,81.1,81.3,25.68,25.37,24.81,24.84
127.344,5670.0,212.7,100.0,0.0,-0.04,5,5180,0.464,0.195,86.5,84.5,81.1,81.3,25.68,25.36,24.81,24.84
127.36,5670.9,212.8,100.0,0.0,-0.04,5,5183,0.546,0.185,86.5,84.5,81.1,81.3,25.68,25.36,24.81,24.84
127.376,5671.8,212.9,100.0,0.0,-0.04,5,5185,0.564,0.188,86.5,84.5,81.1,81.3,25.68,25.36,24.81,24.84
127.391,5672.7,213.0,100.0,0.0,-0.05,5,5189,0.591,0.174,86.5,84.5,81.1,81.3,25.68,25.36,24.81,24.84
127.407,5673.7,213.1,100.0,0.0,-0.05,5,5193,0.632,0.196,86.5,84.5,81.1,81.3,25.68,25.36,24.81,24.84
127.423,5674.6,213.2,100.0,0.0,-0.05,5,5196,0.657,0.177,86.5,84.5,81.1,81.3,25.68,25.36,24.81,24.84
127.437,5675.5,213.3,100.0,0.0,-0.05,5,5200,0.672,0.181,86.5,84.5,81.1,81.3,25.68,25.36,24.81,24.84
127.453,5676.4,213.4,100.0,0.0,-0.06,5,5205,0.756,0.174,86.5,84.5,81.1,81.3,25.68,25.36,24.81,24.84
127.469,5677.4,213.5,100.0,0.0,-0.06,5,5210,0.826,0.16,86.5,84.5,81.1,81.3,25.68,25.36,24.81,24.84
127.486,5678.3,213.6,100.0,0.0,-0.06,5,5217,0.84,0.143,86.5,84.5,81.1,81.3,25.68,25.36,24.81,24.84
127.501,5679.3,213.7,100.0,0.0,-0.07,5,5211,0.876,0.183,86.5,84.5,81.1,81.3,25.68,25.36,24.81,24.84
127.516,5680.1,213.8,100.0,0.0,-0.07,5,5211,0.939,0.191,86.5,84.5,81.1,81.3,25.68,25.36,24.81,24.84
127.532,5681.1,213.9,100.0,0.0,-0.07,5,5217,0.987,0.156,86.5,84.5,81.1,81.3,25.68,25.36,24.81,24.84
127.548,5682.0,213.9,100.0,0.0,-0.07,5,5224,1.019,0.157,86.5,84.5,81.1,81.3,25.68,25.36,24.81,24.84
127.563,5682.9,214.0,100.0,0.0,-0.07,5,5228,1.036,0.162,86.5,84.5,81.1,81.3,25.68,25.35,24.81,24.84
127.578,5683.8,214.1,100.0,0.0,-0.02,5,5227,1.049,0.167,86.5,84.5,81.1,81.3,25.67,25.35,24.81,24.84
127.594,5684.8,214.2,100.0,0.0,0.0,5,5229,0.9,0.176,86.5,84.5,81.1,81.3,25.67,25.35,24.81,24.84
127.609,5685.7,214.3,100.0,0.0,0.0,5,5231,0.866,0.191,86.5,84.5,81.1,81.3,25.67,25.35,24.81,24.84
127.624,5686.6,214.4,100.0,0.0,0.0,5,5230,0.891,0.178,86.5,84.5,81.1,81.3,25.67,25.35,24.81,24.84
127.64,5687.5,214.5,100.0,0.0,0.0,5,5230,0.91,0.187,86.5,84.4,81.1,81.3,25.67,25.35,24.81,24.84
127.655,5688.4,214.5,100.0,0.0,0.0,5,5234,0.898,0.172,86.4,84.4,81.1,81.3,25.67,25.35,24.81,24.84
127.67,5689.3,214.6,100.0,0.0,0.0,5,5236,0.86,0.175,86.4,84.4,81.1,81.3,25.67,25.35,24.81,24.84
127.686,5690.2,214.7,100.0,0.0,0.0,5,5236,0.839,0.206,86.4,84.4,81.1,81.3,25.67,25.35,24.81,24.84
127.701,5691.1,214.8,100.0,0.0,0.0,5,5232,0.811,0.194,86.4,84.4,81.1,81.3,25.67,25.35,24.81,24.84
127.717,5692.1,214.9,100.0,0.0,-0.0,5,5235,0.734,0.179,86.4,84.4,81.1,81.3,25.67,25.35,24.81,24.85
127.732,5693.0,215.0,100.0,0.0,-0.0,5,5242,0.695,0.166,86.4,84.4,81.1,81.3,25.67,25.35,24.81,24.85
127.748,5694.0,215.1,100.0,0.0,-0.01,5,5244,0.672,0.18,86.4,84.4,81.1,81.3,25.67,25.35,24.81,24.85
127.763,5694.9,215.2,100.0,0.0,-0.01,5,5243,0.622,0.191,86.4,84.4,81.1,81.3,25.67,25.35,24.81,24.85
127.778,5695.8,215.3,100.0,0.0,-0.01,5,5245,0.562,0.183,86.4,84.4,81.1,81.3,25.67,25.35,24.81,24.85
127.794,5696.7,215.4,100.0,0.0,-0.01,5,5246,0.584,0.189,86.4,84.4,81.1,81.3,25.67,25.35,24.81,24.85
127.81,5697.7,215.5,100.0,0.0,-0.02,5,5251,0.515,0.172,86.4,84.4,81.1,81.3,25.67,25.34,24.81,24.85
127.825,5698.6,215.6,100.0,0.0,-0.02,5,5253,0.492,0.175,86.4,84.4,81.1,81.3,25.67,25.34,24.81,24.85
127.84,5699.5,215.7,100.0,0.0,-0.02,5,5254,0.5,0.179,86.4,84.4,81.1,81.3,25.67,25.34,24.81,24.85
127.856,5700.4,215.8,100.0,0.0,-0.02,5,5255,0.483,0.18,86.4,84.4,81.1,81.3,25.67,25.34,24.81,24.85
127.871,5701.4,215.9,100.0,0.0,-0.03,5,5255,0.499,0.182,86.4,84.4,81.1,81.3,25.66,25.34,24.81,24.85
127.887,5702.3,215.9,100.0,0.0,-0.03,5,5257,0.495,0.171,86.4,84.4,81.1,81.3,25.66,25.34,24.81,24.85
127.902,5703.2,216.0,100.0,0.0,-0.03,5,5260,0.474,0.177,86.4,84.4,81.1,81.3,25.66,25.34,24.81,24.85
127.918,5704.2,216.2,100.0,0.0,-0.04,5,5262,0.509,0.186,86.4,84.4,81.1,81.3,25.66,25.34,24.81,24.85
127.934,5705.1,216.2,100.0,0.0,-0.04,5,5268,0.52,0.171,86.4,84.4,81.1,81.3,25.66,25.34,24.81,24.85
127.949,5706.0,216.3,100.0,0.0,-0.04,5,5277,0.545,0.157,86.4,84.4,81.1,81.3,25.66,25.34,24.81,24.85
127.964,5706.9,216.4,100.0,0.0,-0.04,5,5280,0.591,0.17,86.4,84.4,81.1,81.3,25.66,25.34,24.81,24.85
127.979,5707.8,216.5,100.0,0.0,-0.05,5,5281,0.624,0.165,86.4,84.4,81.1,81.3,25.66,25.34,24.81,24.85
127.993,5708.7,216.6,100.0,0.0,-0.05,5,5280,0.66,0.175,86.4,84.4,81.1,81.3,25.66,25.34,24.81,24.85
128.009,5709.6,216.7,100.0,0.0,-0.05,5,5279,0.717,0.171,86.4,84.3,81.1,81.3,25.66,25.34,24.81,24.85
128.025,5710.6,216.8,100.0,0.0,-0.05,5,5280,0.748,0.163,86.4,84.3,81.1,81.3,25.66,25.33,24.81,24.85
128.04,5711.5,216.8,100.0,0.0,-0.06,5,5284,0.77,0.165,86.4,84.3,81.1,81.3,25.66,25.33,24.81,24.85
128.055,5712.4,216.9,100.0,0.0,-0.06,5,5286,0.823,0.165,86.4,84.3,81.1,81.3,25.66,25.33,24.81,24.85
128.071,5713.4,217.0,100.0,0.0,-0.06,5,5292,0.881,0.157,86.4,84.3,81.1,81.3,25.66,25.33,24.82,24.85
128.087,5714.3,217.1,100.0,0.0,-0.07,5,5296,0.937,0.151,86.4,84.3,81.1,81.3,25.66,25.33,24.82,24.85
128.102,5715.2,217.2,100.0,0.0,-0.07,5,5296,0.957,0.171,86.4,84.3,81.1,81.3,25.66,25.33,24.82,24.85
128.117,5716.1,217.3,100.0,0.0,-0.07,5,5297,1.001,0.163,86.4,84.3,81.1,81.3,25.66,25.33,24.82,24.85
128.133,5717.1,217.4,100.0,0.0,-0.07,5,5298,1.049,0.159,86.3,84.3,81.1,81.3,25.66,25.33,24.82,24.85
128.149,5718.0,217.4,100.0,0.0,-0.08,5,5308,1.051,0.134,86.3,84.3,81.1,81.3,25.65,25.33,24.82,24.85
128.164,5719.0,217.5,100.0,0.0,-0.08,5,5313,1.097,0.155,86.3,84.3,81.1,81.3,25.65,25.33,24.82,24.85
128.179,5719.9,217.6,100.0,0.0,-0.08,5,5312,1.15,0.159,86.3,84.3,81.1,81.3,25.65,25.33,24.82,24.85
128.195,5720.9,217.6,100.0,0.0,-0.08,5,5316,1.211,0.142,86.3,84.3,81.1,81.3,25.65,25.33,24.82,24.85
128.211,5721.8,217.7,100.0,0.0,-0.09,5,5319,1.296,0.134,86.3,84.3,81.1,81.3,25.65,25.33,24.82,24.85
128.226,5722.7,217.8,100.0,0.0,-0.09,5,5322,1.342,0.149,86.3,84.3,81.1,81.3,25.65,25.33,24.81,24.85
128.242,5723.7,217.8,100.0,0.0,-0.09,5,5320,1.395,0.154,86.3,84.3,81.1,81.3,25.65,25.33,24.81,24.85
128.257,5724.6,217.9,100.0,0.0,-0.1,5,5319,1.463,0.154,86.3,84.3,81.1,81.3,25.65,25.33,24.81,24.85
128.272,5725.5,218.0,100.0,0.0,-0.1,5,5322,1.422,0.137,86.3,84.3,81.1,81.3,25.65,25.33,24.81,24.85
128.288,5726.5,218.0,100.0,0.0,-0.1,5,5327,1.485,0.137,86.3,84.3,81.1,81.3,25.65,25.33,24.81,24.85
128.304,5727.4,218.1,100.0,0.0,-0.1,5,5328,1.483,0.15,86.3,84.3,81.1,81.3,25.65,25.33,24.81,24.85
128.32,5728.4,218.1,100.0,0.0,-0.11,5,5333,1.543,0.12,86.3,84.3,81.1,81.3,25.65,25.33,24.81,24.85
128.335,5729.3,218.2,100.0,0.0,-0.11,5,5335,1.561,0.121,86.3,84.3,81.1,81.3,25.65,25.32,24.81,24.85
128.351,5730.3,218.2,100.0,0.0,-0.11,5,5338,1.583,0.135,86.3,84.3,81.1,81.3,25.64,25.32,24.81,24.85
128.366,5731.2,218.3,100.0,0.0,-0.11,5,5336,1.67,0.125,86.3,84.3,81.1,81.3,25.64,25.32,24.81,24.85
128.382,5732.1,218.3,100.0,0.0,-0.12,5,5342,1.784,0.114,86.3,84.3,81.1,81.3,25.64,25.32,24.81,24.85
128.397,5733.1,218.3,100.0,0.0,-0.12,5,5349,1.795,0.108,86.3,84.3,81.1,81.3,25.64,25.32,24.81,24.85
128.412,5734.0,218.4,100.0,0.0,-0.12,5,5345,1.861,0.126,86.3,84.3,81.1,81.3,25.64,25.32,24.81,24.85
128.428,5735.0,218.4,100.0,0.0,-0.12,5,5338,1.876,0.14,86.3,84.3,81.1,81.3,25.64,25.32,24.81,24.85
128.444,5735.9,218.5,100.0,0.0,-0.13,5,5339,1.885,0.12,86.3,84.3,81.1,81.3,25.64,25.32,24.81,24.85
128.459,5736.9,218.5,100.0,0.0,-0.13,5,5342,1.839,0.115,86.2,84.3,81.1,81.3,25.64,25.32,24.81,24.86
128.475,5737.8,218.5,100.0,0.0,-0.13,5,5349,1.712,0.123,86.2,84.3,81.1,81.3,25.64,25.32,24.81,24.86
128.491,5738.8,218.6,100.0,0.0,-0.14,5,5348,1.717,0.133,86.2,84.3,81.1,81.4,25.64,25.32,24.81,24.86
128.506,5739.7,218.6,100.0,0.0,-0.14,5,5356,1.698,0.109,86.2,84.3,81.1,81.4,25.64,25.32,24.81,24.86
128.522,5740.7,218.6,100.0,0.0,-0.14,5,5367,1.665,0.102,86.2,84.3,81.1,81.4,25.64,25.32,24.81,24.86
128.537,5741.6,218.6,100.0,0.0,-0.14,5,5370,1.757,0.123,86.2,84.3,81.1,81.4,25.63,25.32,24.81,24.86
128.553,5742.5,218.6,100.0,0.0,-0.15,5,5368,1.791,0.109,86.2,84.3,81.1,81.4,25.63,25.32,24.81,24.86
128.568,5743.5,218.7,100.0,0.0,-0.15,5,5368,1.874,0.108,86.2,84.3,81.1,81.4,25.63,25.32,24.81,24.86
128.584,5744.4,218.7,100.0,0.0,-0.15,5,5367,1.93,0.095,86.2,84.3,81.1,81.4,25.63,25.32,24.81,24.86
128.599,5745.3,218.7,100.0,0.0,-0.15,5,5368,2.148,0.058,86.2,84.3,81.1,81.4,25.63,25.32,24.81,24.86
128.614,5746.3,218.7,100.0,0.0,-0.16,5,5365,2.034,0.108,86.2,84.3,81.1,81.4,25.63,25.32,24.81,24.86
128.63,5747.2,218.7,100.0,0.0,-0.16,5,5366,2.063,0.083,86.2,84.3,81.1,81.4,25.63,25.32,24.81,24.86
128.645,5748.1,218.7,100.0,0.0,-0.16,5,5364,2.037,0.116,86.2,84.3,81.1,81.4,25.63,25.32,24.81,24.86
128.661,5749.1,218.7,100.0,0.0,-0.17,5,5360,2.116,0.1,86.2,84.3,81.1,81.4,25.63,25.32,24.81,24.86
128.676,5750.0,218.7,100.0,0.0,-0.17,5,5356,2.077,0.11,86.2,84.3,81.1,81.4,25.63,25.32,24.81,24.86
128.692,5751.0,218.7,100.0,0.0,-0.17,5,5361,2.088,0.092,86.2,84.3,81.1,81.4,25.63,25.32,24.81,24.86
128.708,5751.9,218.7,100.0,0.0,-0.17,5,5360,2.043,0.101,86.2,84.3,81.1,81.4,25.63,25.32,24.81,24.86
128.724,5752.9,218.7,100.0,0.0,-0.18,5,5366,1.922,0.082,86.2,84.3,81.1,81.4,25.62,25.32,24.81,24.86
128.739,5753.9,218.7,100.0,0.0,-0.18,5,5364,1.955,0.113,86.1,84.3,81.1,81.4,25.62,25.32,24.81,24.86
128.754,5754.8,218.7,100.0,0.0,-0.18,5,5368,1.943,0.078,86.1,84.3,81.1,81.4,25.62,25.32,24.81,24.86
128.77,5755.7,218.7,100.0,0.0,-0.14,5,5375,1.825,0.079,86.1,84.3,81.1,81.4,25.62,25.32,24.81,24.87
128.785,5756.6,218.7,100.0,0.0,-0.1,5,5377,1.808,0.112,86.1,84.2,81.1,81.4,25.62,25.32,24.81,24.87
128.801,5757.6,218.7,100.0,0.0,-0.05,5,5374,1.812,0.129,86.1,84.2,81.1,81.4,25.62,25.32,24.81,24.87
128.817,5758.6,218.7,100.0,0.0,-0.0,5,5379,1.795,0.106,86.1,84.2,81.1,81.4,25.62,25.32,24.81,24.87
128.833,5759.6,218.7,100.0,0.0,0.0,5,5382,1.753,0.139,86.1,84.2,81.1,81.4,25.62,25.32,24.81,24.87
128.849,5760.6,218.8,100.0,0.0,0.0,5,5380,1.756,0.159,86.1,84.2,81.1,81.4,25.62,25.32,24.81,24.87
128.865,5761.5,218.8,100.0,0.0,0.0,5,5370,1.853,0.18,86.1,84.2,81.1,81.4,25.62,25.32,24.81,24.87
128.88,5762.4,218.8,100.0,0.0,0.0,5,5365,1.913,0.166,86.1,84.2,81.1,81.4,25.62,25.32,24.81,24.87
128.896,5763.4,218.9,100.0,0.0,0.0,5,5365,1.885,0.151,86.1,84.2,81.1,81.4,25.61,25.32,24.81,24.87
128.911,5764.3,218.9,100.0,0.0,0.0,5,5360,1.888,0.163,86.1,84.2,81.1,81.4,25.61,25.32,24.81,24.87
128.927,5765.3,218.9,100.0,0.0,0.0,5,5353,1.867,0.167,86.1,84.2,81.1,81.4,25.61,25.32,24.81,24.87
128.942,5766.2,219.0,100.0,0.0,0.0,5,5353,1.776,0.144,86.1,84.2,81.1,81.4,25.61,25.32,24.81,24.87
128.958,5767.1,219.0,100.0,0.0,0.0,5,5354,1.683,0.154,86.1,84.2,81.1,81.5,25.61,25.32,24.81,24.87
128.974,5768.1,219.1,100.0,0.0,0.0,5,5352,1.639,0.153,86.1,84.2,81.1,81.5,25.61,25.32,24.81,24.87
128.989,5769.1,219.1,100.0,0.0,0.0,5,5353,1.553,0.16,86.1,84.2,81.1,81.5,25.61,25.32,24.81,24.87
129.005,5770.0,219.2,100.0,0.0,0.0,5,5354,1.497,0.149,86.1,84.2,81.1,81.5,25.61,25.32,24.81,24.87
129.02,5771.0,219.3,100.0,0.0,0.0,5,5353,1.438,0.17,86.0,84.2,81.1,81.5,25.61,25.32,24.81,24.87
129.035,5771.9,219.3,100.0,0.0,0.0,5,5353,1.291,0.165,86.0,84.2,81.1,81.5,25.61,25.32,24.81,24.88
129.051,5772.8,219.4,100.0,0.0,0.0,5,5349,1.214,0.177,86.0,84.2,81.1,81.5,25.61,25.32,24.81,24.88
129.067,5773.8,219.5,100.0,0.0,0.0,5,5348,1.126,0.182,86.0,84.2,81.1,81.5,25.61,25.32,24.81,24.88
129.082,5774.7,219.6,100.0,0.0,0.0,5,5357,0.924,0.155,86.0,84.2,81.1,81.5,25.6,25.32,24.81,24.88
129.098,5775.7,219.6,100.0,0.0,0.0,5,5359,0.872,0.164,86.0,84.2,81.1,81.5,25.6,25.32,24.81,24.88
129.114,5776.6,219.7,100.0,0.0,0.0,5,5362,0.796,0.151,86.0,84.2,81.1,81.5,25.6,25.32,24.81,24.88
129.129,5777.6,219.8,100.0,0.0,0.0,5,5367,0.721,0.154,86.0,84.2,81.1,81.5,25.6,25.32,24.81,24.88
129.144,5778.5,219.9,100.0,0.0,0.0,5,5365,0.642,0.182,86.0,84.2,81.1,81.5,25.6,25.32,24.81,24.88
129.159,5779.4,220.0,100.0,0.0,0.0,5,5360,0.581,0.181,86.0,84.2,81.1,81.5,25.6,25.32,24.81,24.88
129.175,5780.4,220.1,100.0,0.0,-0.0,5,5358,0.529,0.162,86.0,84.2,81.1,81.5,25.6,25.32,24.81,24.88
129.191,5781.4,220.2,100.0,0.0,-0.01,5,5359,0.48,0.158,86.0,84.2,81.1,81.5,25.6,25.32,24.81,24.88
129.206,5782.3,220.2,100.0,0.0,-0.01,5,5359,0.423,0.173,86.0,84.2,81.1,81.5,25.6,25.32,24.81,24.88
129.222,5783.2,220.3,100.0,0.0,-0.01,5,5359,0.384,0.16,86.0,84.2,81.1,81.5,25.6,25.32,24.81,24.88
129.238,5784.2,220.4,100.0,0.0,-0.01,5,5363,0.349,0.164,86.0,84.2,81.1,81.5,25.6,25.31,24.81,24.88
129.253,5785.2,220.5,100.0,0.0,-0.02,5,5365,0.314,0.165,86.0,84.2,81.1,81.5,25.6,25.31,24.81,24.88
129.269,5786.2,220.6,100.0,0.0,-0.02,5,5368,0.3,0.169,86.0,84.2,81.1,81.5,25.6,25.31,24.81,24.88
129.285,5787.1,220.7,100.0,0.0,-0.02,5,5370,0.284,0.151,86.0,84.2,81.1,81.5,25.6,25.31,24.81,24.88
129.301,5788.1,220.8,100.0,0.0,-0.02,5,5374,0.317,0.154,86.0,84.2,81.1,81.5,25.6,25.31,24.81,24.88
129.316,5789.0,220.9,100.0,0.0,-0.03,5,5379,0.318,0.159,86.0,84.2,81.1,81.5,25.6,25.31,24.81,24.88
129.331,5790.0,221.0,100.0,0.0,-0.03,5,5379,0.329,0.176,86.0,84.2,81.1,81.5,25.6,25.31,24.81,24.88
129.347,5790.9,221.1,100.0,0.0,-0.03,5,5380,0.372,0.167,86.0,84.2,81.1,81.5,25.6,25.31,24.81,24.88
129.363,5791.9,221.2,100.0,0.0,-0.04,5,5387,0.406,0.147,86.0,84.2,81.1,81.5,25.6,25.31,24.81,24.88
129.379,5792.9,221.3,100.0,0.0,-0.04,5,5393,0.461,0.161,86.0,84.2,81.1,81.5,25.59,25.31,24.81,24.88
129.394,5793.8,221.3,100.0,0.0,-0.04,5,5394,0.486,0.171,86.0,84.2,81.1,81.5,25.59,25.31,24.81,24.88
129.41,5794.8,221.4,100.0,0.0,-0.04,5,5397,0.553,0.16,86.0,84.2,81.1,81.5,25.59,25.31,24.81,24.88
129.426,5795.8,221.5,100.0,0.0,-0.05,5,5400,0.609,0.164,86.0,84.2,81.1,81.5,25.59,25.31,24.81,24.88
129.442,5796.8,221.6,100.0,0.0,-0.05,5,5403,0.656,0.168,85.9,84.2,81.1,81.5,25.59,25.31,24.81,24.88
129.457,5797.7,221.7,100.0,0.0,-0.05,5,5401,0.728,0.174,85.9,84.2,81.1,81.5,25.59,25.31,24.81,24.88
129.473,5798.7,221.8,100.0,0.0,-0.06,5,5406,0.81,0.143,85.9,84.2,81.1,81.5,25.59,25.31,24.81,24.88
129.488,5799.6,221.8,100.0,0.0,-0.06,5,5407,0.855,0.158,85.9,84.2,81.1,81.5,25.59,25.31,24.81,24.88
129.504,5800.6,221.9,100.0,0.0,-0.06,5,5404,0.897,0.151,85.9,84.2,81.1,81.5,25.59,25.31,24.81,24.89
129.519,5801.5,222.0,100.0,0.0,-0.06,5,5404,0.977,0.149,85.9,84.2,81.1,81.5,25.59,25.31,24.82,24.89
129.535,5802.5,222.1,100.0,0.0,-0.07,5,5409,1.012,0.133,85.9,84.2,81.1,81.5,25.59,25.31,24.82,24.89
129.551,5803.5,222.1,100.0,0.0,-0.07,5,5413,1.047,0.147,85.9,84.2,81.1,81.5,25.59,25.31,24.82,24.89
129.566,5804.4,222.2,100.0,0.0,-0.07,5,5414,1.106,0.147,85.9,84.2,81.1,81.5,25.59,25.31,24.82,24.89
129.582,5805.4,222.3,100.0,0.0,-0.07,5,5415,1.174,0.138,85.9,84.2,81.1,81.6,25.59,25.31,24.82,24.89
129.597,5806.3,222.3,100.0,0.0,-0.08,5,5419,1.201,0.138,85.9,84.2,81.1,81.6,25.59,25.31,24.82,24.89
129.612,5807.3,222.4,100.0,0.0,-0.08,5,5422,1.243,0.125,85.9,84.2,81.1,81.6,25.59,25.31,24.82,24.89
129.628,5808.3,222.5,100.0,0.0,-0.08,5,5425,1.297,0.128,85.9,84.2,81.1,81.6,25.58,25.31,24.82,24.89
129.644,5809.2,222.5,100.0,0.0,-0.09,5,5427,1.353,0.122,85.9,84.2,81.1,81.6,25.58,25.31,24.82,24.89
129.66,5810.2,222.6,100.0,0.0,-0.09,5,5430,1.393,0.122,85.9,84.2,81.1,81.6,25.58,25.31,24.82,24.89
129.676,5811.2,222.6,100.0,0.0,-0.04,5,5432,1.403,0.129,85.9,84.2,81.1,81.6,25.58,25.31,24.82,24.89
129.692,5812.2,222.7,100.0,0.0,0.0,5,5434,1.235,0.143,85.9,84.2,81.1,81.6,25.58,25.31,24.82,24.89
129.707,5813.2,222.8,100.0,0.0,0.0,5,5432,1.177,0.162,85.9,84.2,81.1,81.6,25.58,25.31,24.82,24.89
129.724,5814.2,222.9,100.0,0.0,0.0,5,5434,1.165,0.16,85.9,84.2,81.1,81.6,25.58,25.31,24.82,24.89
129.74,5815.2,222.9,100.0,0.0,0.0,5,5438,1.124,0.143,85.9,84.2,81.1,81.6,25.58,25.31,24.82,24.89
129.755,5816.1,223.0,100.0,0.0,0.0,5,5440,1.107,0.164,85.9,84.2,81.1,81.6,25.58,25.31,24.82,24.89
129.77,5817.1,223.0,100.0,0.0,0.0,5,5442,1.086,0.141,85.9,84.2,81.1,81.6,25.58,25.31,24.82,24.9
129.786,5818.0,223.1,100.0,0.0,-0.0,5,5442,1.06,0.155,85.9,84.2,81.1,81.6,25.58,25.31,24.82,24.9
129.801,5819.0,223.2,100.0,0.0,-0.0,5,5445,1.032,0.158,85.9,84.2,81.1,81.6,25.58,25.3,24.82,24.9
129.817,5820.0,223.3,100.0,0.0,-0.01,5,5440,1.031,0.177,85.9,84.2,81.1,81.6,25.58,25.3,24.82,24.9
129.833,5820.9,223.3,100.0,0.0,-0.01,5,5441,0.979,0.143,85.8,84.2,81.1,81.6,25.58,25.3,24.82,24.9
129.848,5821.9,223.4,100.0,0.0,-0.01,5,5443,0.927,0.149,85.8,84.2,81.1,81.6,25.57,25.3,24.82,24.9
129.863,5822.8,223.5,100.0,0.0,-0.01,5,5443,0.865,0.161,85.8,84.1,81.1,81.6,25.57,25.3,24.82,24.9
129.879,5823.8,223.6,100.0,0.0,-0.02,5,5443,0.825,0.164,85.8,84.1,81.1,81.6,25.57,25.3,24.82,24.9
129.894,5824.7,223.6,100.0,0.0,-0.02,5,5447,0.778,0.139,85.8,84.1,81.1,81.6,25.57,25.3,24.82,24.9
129.91,5825.7,223.7,100.0,0.0,-0.02,5,5454,0.726,0.135,85.8,84.1,81.1,81.6,25.57,25.3,24.82,24.9
129.926,5826.7,223.8,100.0,0.0,-0.03,5,5455,0.719,0.146,85.8,84.1,81.1,81.6,25.57,25.3,24.82,24.9
129.941,5827.7,223.9,100.0,0.0,-0.03,5,5455,0.702,0.146,85.8,84.1,81.1,81.6,25.57,25.3,24.82,24.9
129.957,5828.6,223.9,100.0,0.0,-0.03,5,5454,0.696,0.165,85.8,84.1,81.1,81.6,25.57,25.3,24.82,24.9
129.972,5829.6,224.0,100.0,0.0,-0.03,5,5455,0.701,0.147,85.8,84.1,81.1,81.6,25.57,25.3,24.82,24.9
129.988,5830.6,224.1,100.0,0.0,-0.04,5,5455,0.692,0.148,85.8,84.1,81.1,81.6,25.57,25.3,24.82,24.9
130.004,5831.6,224.2,100.0,0.0,-0.04,5,5456,0.72,0.148,85.8,84.1,81.1,81.6,25.57,25.3,24.82,24.9
130.019,5832.5,224.3,100.0,0.0,-0.04,5,5457,0.696,0.149,85.8,84.1,81.1,81.6,25.57,25.3,24.82,24.9
130.034,5833.5,224.3,100.0,0.0,-0.04,5,5458,0.721,0.152,85.8,84.1,81.1,81.6,25.57,25.3,24.82,24.9
130.05,5834.4,224.4,100.0,0.0,-0.05,5,5462,0.73,0.147,85.8,84.1,81.1,81.6,25.57,25.3,24.82,24.9
130.065,5835.4,224.5,100.0,0.0,-0.05,5,5466,0.73,0.15,85.8,84.1,81.1,81.6,25.57,25.3,24.82,24.9
130.081,5836.3,224.6,100.0,0.0,-0.05,5,5473,0.775,0.122,85.8,84.1,81.1,81.7,25.57,25.3,24.82,24.9
130.096,5837.3,224.6,100.0,0.0,-0.06,5,5476,0.795,0.132,85.8,84.1,81.1,81.7,25.56,25.3,24.82,24.9
130.112,5838.3,224.7,100.0,0.0,-0.06,5,5477,0.857,0.148,85.8,84.1,81.1,81.7,25.56,25.3,24.82,24.9
130.128,5839.3,224.8,100.0,0.0,-0.06,5,5476,0.892,0.152,85.8,84.1,81.1,81.7,25.56,25.3,24.82,24.91
130.143,5840.3,224.8,100.0,0.0,-0.06,5,5480,0.943,0.117,85.8,84.1,81.1,81.7,25.56,25.3,24.82,24.91
130.159,5841.3,224.9,100.0,0.0,-0.07,5,5482,1.004,0.143,85.8,84.1,81.1,81.7,25.56,25.3,24.82,24.91
130.175,5842.2,225.0,100.0,0.0,-0.07,5,5484,1.049,0.135,85.8,84.1,81.1,81.7,25.56,25.3,24.82,24.91
130.19,5843.2,225.1,100.0,0.0,-0.07,5,5484,1.146,0.135,85.8,84.1,81.1,81.7,25.56,25.3,24.82,24.91
130.206,5844.2,225.1,100.0,0.0,-0.07,5,5488,1.156,0.129,85.7,84.1,81.1,81.7,25.56,25.3,24.82,24.91
130.221,5845.1,225.2,100.0,0.0,-0.08,5,5490,1.18,0.135,85.7,84.1,81.1,81.7,25.56,25.3,24.82,24.91
130.237,5846.1,225.2,100.0,0.0,-0.08,5,5491,1.246,0.121,85.7,84.1,81.1,81.7,25.56,25.3,24.82,24.91
130.253,5847.1,225.3,100.0,0.0,-0.08,5,5494,1.316,0.113,85.7,84.1,81.1,81.7,25.56,25.3,24.82,24.91
130.269,5848.1,225.3,100.0,0.0,-0.09,5,5498,1.366,0.105,85.7,84.1,81.1,81.7,25.56,25.3,24.82,24.91
130.285,5849.1,225.4,100.0,0.0,-0.09,5,5499,1.42,0.11,85.7,84.1,81.1,81.7,25.56,25.3,24.82,24.91
130.3,5850.1,225.4,100.0,0.0,-0.09,5,5497,1.467,0.127,85.7,84.1,81.1,81.7,25.56,25.3,24.82,24.91
130.315,5851.0,225.5,100.0,0.0,-0.09,5,5498,1.483,0.102,85.7,84.1,81.1,81.7,25.55,25.3,24.82,24.91
130.331,5852.0,225.5,100.0,0.0,-0.1,5,5503,1.497,0.11,85.7,84.1,81.1,81.7,25.55,25.3,24.82,24.91
130.347,5853.0,225.6,100.0,0.0,-0.1,5,5504,1.498,0.109,85.7,84.1,81.1,81.7,25.55,25.3,24.82,24.91
130.362,5854.0,225.6,100.0,0.0,-0.1,5,5508,1.536,0.11,85.7,84.1,81.1,81.7,25.55,25.3,24.82,24.91
130.378,5855.0,225.7,100.0,0.0,-0.05,5,5514,1.492,0.099,85.7,84.1,81.1,81.7,25.55,25.3,24.82,24.91
130.394,5855.9,225.7,100.0,0.0,0.0,5,5515,1.342,0.138,85.7,84.1,81.1,81.7,25.55,25.3,24.82,24.92
130.409,5856.9,225.8,100.0,0.0,0.0,5,5516,1.263,0.133,85.7,84.1,81.1,81.7,25.55,25.3,24.82,24.92
130.424,5857.9,225.8,100.0,0.0,0.0,5,5517,1.263,0.136,85.7,84.1,81.1,81.7,25.55,25.3,24.82,24.92
130.44,5858.8,225.9,100.0,0.0,0.0,5,5522,1.237,0.131,85.7,84.1,81.1,81.7,25.55,25.3,24.82,24.92
130.455,5859.8,225.9,100.0,0.0,0.0,5,5520,1.275,0.134,85.7,84.1,81.1,81.7,25.55,25.3,24.82,24.92
130.471,5860.8,226.0,100.0,0.0,0.0,5,5520,1.261,0.146,85.7,84.1,81.1,81.7,25.55,25.3,24.82,24.92
130.486,5861.7,226.0,100.0,0.0,0.0,5,5520,1.284,0.126,85.7,84.1,81.1,81.7,25.55,25.3,24.82,24.92
130.501,5862.7,226.1,100.0,0.0,0.0,5,5518,1.276,0.156,85.7,84.1,81.1,81.7,25.54,25.3,24.82,24.92
130.517,5863.7,226.1,100.0,0.0,0.0,5,5516,1.212,0.139,85.6,84.1,81.1,81.7,25.54,25.3,24.82,24.92
130.533,5864.7,226.2,100.0,0.0,0.0,5,5512,1.223,0.137,85.6,84.1,81.1,81.7,25.54,25.3,24.82,24.92
130.549,5865.7,226.3,100.0,0.0,0.0,5,5511,1.178,0.152,85.6,84.1,81.1,81.8,25.54,25.3,24.82,24.92
130.564,5866.6,226.3,100.0,0.0,0.0,5,5514,1.065,0.132,85.6,84.1,81.1,81.8,25.54,25.3,24.82,24.92
130.58,5867.6,226.4,100.0,0.0,0.0,5,5515,1.015,0.128,85.6,84.1,81.1,81.8,25.54,25.3,24.82,24.92
130.596,5868.6,226.5,100.0,0.0,0.0,5,5515,0.933,0.133,85.6,84.1,81.1,81.8,25.54,25.3,24.82,24.92
130.611,5869.6,226.5,100.0,0.0,0.0,5,5515,0.858,0.14,85.6,84.1,81.1,81.8,25.54,25.3,24.82,24.92
130.626,5870.5,226.6,100.0,0.0,0.0,5,5515,0.797,0.142,85.6,84.1,81.1,81.8,25.54,25.3,24.82,24.92
130.642,5871.5,226.7,100.0,0.0,0.0,5,5519,0.68,0.136,85.6,84.1,81.1,81.8,25.54,25.3,24.82,24.92
130.658,5872.5,226.8,100.0,0.0,0.0,5,5517,0.611,0.159,85.6,84.1,81.1,81.8,25.54,25.3,24.82,24.92
130.674,5873.5,226.8,100.0,0.0,0.0,5,5518,0.524,0.156,85.6,84.1,81.1,81.8,25.54,25.29,24.82,24.92
130.689,5874.5,226.9,100.0,0.0,0.0,5,5521,0.462,0.139,85.6,84.1,81.1,81.8,25.54,25.29,24.82,24.92
130.705,5875.5,227.0,100.0,0.0,0.0,5,5525,0.371,0.143,85.6,84.1,81.1,81.8,25.53,25.29,24.82,24.93
130.72,5876.5,227.1,100.0,0.0,0.01,5,5528,0.265,0.149,85.6,84.1,81.1,81.8,25.53,25.29,24.82,24.93
130.736,5877.5,227.2,100.0,0.0,0.01,5,5531,0.225,0.146,85.6,84.1,81.1,81.8,25.53,25.29,24.82,24.93
130.752,5878.5,227.2,100.0,0.0,0.01,5,5537,0.138,0.128,85.6,84.1,81.1,81.8,25.53,25.29,24.82,24.93
130.767,5879.4,227.3,100.0,0.0,0.01,5,5535,0.096,0.154,85.6,84.1,81.1,81.8,25.53,25.29,24.82,24.93
130.783,5880.4,227.4,100.0,0.0,0.02,5,5534,0.03,0.148,85.6,84.1,81.1,81.8,25.53,25.29,24.82,24.93
130.799,5881.4,227.5,100.0,0.0,0.02,5,5537,-0.006,0.143,85.6,84.1,81.1,81.8,25.53,25.29,24.82,24.93
130.815,5882.4,227.6,100.0,0.0,0.02,5,5538,-0.075,0.142,85.6,84.1,81.1,81.8,25.53,25.29,24.82,24.93
130.829,5883.4,227.6,100.0,0.0,0.02,5,5541,-0.114,0.14,85.6,84.1,81.1,81.8,25.53,25.29,24.82,24.93
130.845,5884.4,227.7,100.0,0.0,0.03,5,5540,-0.17,0.143,85.6,84.1,81.1,81.8,25.53,25.29,24.82,24.93
130.861,5885.4,227.8,100.0,0.0,0.0,5,5541,-0.112,0.147,85.6,84.1,81.1,81.8,25.53,25.29,24.82,24.93
130.876,5886.3,227.9,100.0,0.0,0.0,5,5543,-0.102,0.149,85.6,84.1,81.1,81.8,25.53,25.29,24.82,24.93
130.892,5887.3,227.9,100.0,0.0,0.0,5,5546,-0.13,0.137,85.6,84.1,81.1,81.8,25.53,25.29,24.82,24.93
130.908,5888.3,228.0,100.0,0.0,0.0,5,5551,-0.157,0.134,85.6,84.0,81.1,81.8,25.53,25.29,24.82,24.93
130.924,5889.3,228.1,100.0,0.0,0.0,5,5556,-0.156,0.14,85.5,84.0,81.2,81.8,25.53,25.29,24.82,24.93
130.94,5890.3,228.2,100.0,0.0,0.0,5,5556,-0.168,0.146,85.5,84.0,81.2,81.8,25.53,25.29,24.82,24.93
130.955,5891.3,228.3,100.0,0.0,0.0,5,5556,-0.186,0.141,85.5,84.0,81.2,81.8,25.53,25.29,24.82,24.93
130.97,5892.3,228.3,100.0,0.0,0.0,5,5558,-0.167,0.14,85.5,84.0,81.2,81.8,25.53,25.29,24.82,24.93
130.986,5893.3,228.4,100.0,0.0,0.0,5,5561,-0.18,0.134,85.5,84.0,81.2,81.8,25.53,25.28,24.83,24.93
131.002,5894.3,228.5,100.0,0.0,0.0,5,5560,-0.153,0.143,85.5,84.0,81.2,81.8,25.53,25.28,24.83,24.93
131.017,5895.3,228.6,100.0,0.0,0.0,5,5561,-0.138,0.136,85.5,84.0,81.2,81.8,25.52,25.28,24.83,24.93
131.033,5896.3,228.6,100.0,0.0,0.0,5,5563,-0.144,0.134,85.5,84.0,81.2,81.8,25.52,25.28,24.83,24.93
131.049,5897.3,228.7,100.0,0.0,0.0,5,5566,-0.119,0.136,85.5,84.0,81.2,81.8,25.52,25.28,24.83,24.93
131.065,5898.3,228.8,100.0,0.0,0.0,5,5568,-0.119,0.142,85.5,84.0,81.2,81.8,25.52,25.28,24.83,24.93
131.08,5899.3,228.9,100.0,0.0,0.0,5,5568,-0.117,0.133,85.5,84.0,81.2,81.8,25.52,25.28,24.83,24.93
131.096,5900.2,228.9,100.0,0.0,0.0,5,5572,-0.104,0.129,85.5,84.0,81.2,81.8,25.52,25.28,24.83,24.93
131.111,5901.2,229.0,100.0,0.0,0.0,5,5572,-0.105,0.149,85.5,84.0,81.2,81.8,25.52,25.28,24.83,24.93
131.126,5902.2,229.1,100.0,0.0,0.0,5,5573,-0.092,0.144,85.5,84.0,81.2,81.8,25.52,25.28,24.83,24.93
131.142,5903.2,229.2,100.0,0.0,0.0,5,5573,-0.081,0.136,85.5,84.0,81.2,81.8,25.52,25.28,24.83,24.93
131.157,5904.1,229.2,100.0,0.0,-0.0,5,5577,-0.066,0.126,85.5,84.0,81.2,81.8,25.52,25.28,24.83,24.93
131.173,5905.2,229.3,100.0,0.0,-0.0,5,5579,-0.036,0.141,85.5,84.0,81.2,81.8,25.52,25.28,24.83,24.93
131.188,5906.1,229.4,100.0,0.0,-0.01,5,5578,-0.032,0.141,85.5,84.0,81.2,81.8,25.52,25.28,24.83,24.93
131.203,5907.1,229.5,100.0,0.0,-0.01,5,5582,0.006,0.126,85.5,84.0,81.2,81.8,25.52,25.28,24.83,24.93
131.219,5908.1,229.5,100.0,0.0,-0.01,5,5586,0.024,0.127,85.5,84.0,81.2,81.8,25.52,25.28,24.83,24.93
131.235,5909.1,229.6,100.0,0.0,-0.01,5,5585,0.043,0.144,85.5,84.0,81.2,81.8,25.52,25.28,24.83,24.93
131.251,5910.1,229.7,100.0,0.0,-0.02,5,5585,0.08,0.143,85.5,84.0,81.2,81.8,25.52,25.28,24.83,24.93
131.266,5911.1,229.8,100.0,0.0,-0.02,5,5592,0.104,0.12,85.5,84.0,81.2,81.8,25.52,25.27,24.83,24.93
131.282,5912.1,229.8,100.0,0.0,-0.02,5,5594,0.155,0.131,85.5,84.0,81.2,81.8,25.52,25.27,24.83,24.93
131.297,5913.1,229.9,100.0,0.0,-0.03,5,5595,0.219,0.135,85.5,84.0,81.2,81.8,25.52,25.27,24.83,24.93
131.313,5914.1,230.0,100.0,0.0,-0.03,5,5600,0.26,0.12,85.5,84.0,81.2,81.8,25.52,25.27,24.83,24.93
131.329,5915.1,230.1,100.0,0.0,-0.03,5,5599,0.324,0.146,85.5,84.0,81.2,81.8,25.52,25.27,24.83,24.93
131.345,5916.1,230.1,100.0,0.0,-0.03,5,5596,0.375,0.143,85.5,84.0,81.2,81.8,25.51,25.27,24.83,24.94
131.36,5917.1,230.2,100.0,0.0,-0.03,5,5598,0.428,0.123,85.5,83.9,81.2,81.8,25.51,25.27,24.83,24.94
131.376,5918.1,230.3,100.0,0.0,0.0,5,5602,0.318,0.135,85.5,83.9,81.2,81.9,25.51,25.27,24.83,24.94
131.391,5919.1,230.3,100.0,0.0,0.0,5,5606,0.295,0.131,85.5,83.9,81.2,81.9,25.51,25.27,24.83,24.94
131.407,5920.1,230.4,100.0,0.0,0.0,5,5610,0.32,0.12,85.4,83.9,81.2,81.9,25.51,25.27,24.83,24.94
131.422,5921.1,230.5,100.0,0.0,0.0,5,5613,0.316,0.128,85.4,83.9,81.2,81.9,25.51,25.27,24.83,24.94
131.438,5922.1,230.6,100.0,0.0,0.0,5,5613,0.324,0.139,85.4,83.9,81.2,81.9,25.51,25.27,24.83,24.94
131.454,5923.1,230.6,100.0,0.0,0.0,5,5614,0.314,0.13,85.4,83.9,81.2,81.9,25.51,25.27,24.83,24.94
131.47,5924.1,230.7,100.0,0.0,0.0,5,5616,0.318,0.133,85.4,83.9,81.2,81.9,25.51,25.27,24.83,24.94
131.485,5925.1,230.8,100.0,0.0,0.0,5,5618,0.3,0.128,85.4,83.9,81.2,81.9,25.51,25.27,24.83,24.94
131.501,5926.1,230.8,100.0,0.0,-0.0,5,5618,0.282,0.137,85.4,83.9,81.2,81.9,25.51,25.27,24.83,24.94
131.516,5927.1,230.9,100.0,0.0,-0.0,5,5620,0.304,0.129,85.4,83.9,81.2,81.9,25.51,25.27,24.83,24.94
131.532,5928.1,231.0,100.0,0.0,-0.01,5,5622,0.296,0.134,85.4,83.9,81.2,81.9,25.51,25.27,24.83,24.94
131.547,5929.1,231.1,100.0,0.0,-0.01,5,5623,0.307,0.132,85.4,83.9,81.2,81.9,25.51,25.27,24.83,24.94
131.563,5930.1,231.1,0.0,0.0,-0.01,5,5591,0.294,0.123,85.4,83.9,81.2,81.9,25.51,25.27,24.83,24.94
131.578,5931.1,231.0,0.0,0.0,-0.01,5,5549,0.295,-0.299,85.4,83.9,81.2,81.9,25.5,25.26,24.83,24.94
131.594,5932.1,230.9,0.0,0.0,-0.02,5,5547,0.313,-0.278,85.4,83.9,81.2,81.9,25.5,25.26,24.83,24.94
131.61,5933.1,230.7,0.0,0.0,-0.02,5,5542,0.303,-0.274,85.4,83.9,81.2,81.9,25.5,25.26,24.83,24.94
131.625,5934.1,230.6,0.0,0.0,-0.02,5,5539,0.321,-0.285,85.4,83.9,81.2,81.9,25.5,25.26,24.84,24.94
131.641,5935.1,230.4,0.0,0.0,-0.03,5,5534,0.341,-0.275,85.4,83.9,81.2,81.9,25.5,25.26,24.84,24.94
131.656,5936.1,230.3,0.0,0.0,-0.03,5,5531,0.357,-0.274,85.4,83.9,81.2,81.9,25.5,25.26,24.84,24.94
131.672,5937.1,230.1,0.0,0.0,-0.03,5,5527,0.41,-0.281,85.4,83.9,81.2,81.9,25.5,25.26,24.84,24.94
131.687,5938.1,230.0,0.0,0.0,-0.03,5,5523,0.445,-0.284,85.4,83.9,81.2,81.9,25.5,25.26,24.84,24.94
131.703,5939.1,229.8,0.0,0.0,-0.04,5,5520,0.488,-0.278,85.4,83.9,81.2,81.9,25.5,25.26,24.84,24.94
131.719,5940.1,229.6,0.0,0.0,-0.04,5,5516,0.524,-0.275,85.4,83.9,81.2,81.9,25.5,25.26,24.84,24.94
131.735,5941.1,229.5,0.0,85.3,-0.04,5,5476,0.569,-0.274,85.4,83.9,81.2,81.9,25.5,25.26,24.84,24.94
131.749,5942.0,228.9,0.0,86.7,-0.04,5,5416,0.513,-1.502,85.4,83.9,81.2,81.9,25.5,25.26,24.84,24.94
131.765,5943.0,228.1,0.0,86.5,-0.05,5,5386,0.514,-1.57,85.4,83.9,81.2,81.9,25.5,25.26,24.83,24.94
131.78,5944.0,227.2,0.0,96.4,-0.05,5,5347,0.542,-1.712,85.3,83.9,81.2,81.9,25.5,25.26,24.83,24.94
131.796,5945.0,226.3,0.0,100.0,-0.05,5,5304,0.602,-1.95,85.3,83.9,81.2,81.9,25.5,25.26,24.83,24.94
131.811,5945.9,225.2,0.0,100.0,-0.06,5,5259,0.664,-1.997,85.3,83.9,81.2,81.9,25.49,25.26,24.83,24.94
131.827,5946.9,223.9,0.0,100.0,-0.06,5,5223,0.763,-1.977,85.3,83.9,81.2,81.9,25.49,25.26,24.83,24.94
131.842,5947.9,222.9,0.0,100.0,-0.06,5,5202,0.825,-1.903,85.3,83.9,81.2,81.9,25.49,25.26,24.83,24.94
131.858,5948.8,221.9,0.0,100.0,-0.06,5,5176,0.915,-1.93,85.3,83.9,81.2,81.9,25.49,25.26,24.83,24.94
131.874,5949.8,220.8,0.0,100.0,-0.07,5,5157,0.972,-1.908,85.3,83.9,81.2,81.9,25.49,25.26,24.83,24.94
131.89,5950.8,219.8,0.0,100.0,-0.07,5,5133,1.033,-1.825,85.3,83.9,81.2,81.9,25.49,25.26,24.83,24.94
131.905,5951.7,218.9,0.0,100.0,-0.07,5,5115,1.044,-1.801,85.3,83.9,81.2,81.9,25.49,25.26,24.83,24.94
131.921,5952.7,217.7,0.0,100.0,-0.02,5,5079,1.03,-1.784,85.3,83.9,81.2,81.9,25.49,25.26,24.83,24.94
131.936,5953.6,216.8,0.0,98.5,0.0,5,5046,0.879,-1.717,85.3,83.9,81.2,81.9,25.49,25.26,24.83,24.94
131.952,5954.5,215.8,0.0,98.5,0.0,5,5018,0.879,-1.726,85.3,83.9,81.2,81.9,25.49,25.26,24.83,24.94
131.968,5955.5,214.7,0.0,100.0,0.0,5,4996,0.934,-1.838,85.3,83.9,81.2,81.9,25.49,25.26,24.83,24.94
131.984,5956.4,213.7,0.0,100.0,0.0,5,4964,0.91,-1.856,85.3,83.9,81.2,81.9,25.49,25.26,24.83,24.94
132.0,5957.4,212.7,0.0,100.0,0.0,5,4929,0.896,-1.839,85.3,83.9,81.2,81.9,25.49,25.26,24.83,24.94
132.016,5958.3,211.5,0.0,100.0,0.0,5,4901,0.951,-1.848,85.3,83.9,81.2,81.9,25.49,25.26,24.83,24.94
132.031,5959.2,210.5,0.0,100.0,0.0,5,4875,0.98,-1.856,85.3,83.9,81.2,81.9,25.49,25.26,24.83,24.94
132.047,5960.1,209.5,0.0,100.0,0.0,5,4839,1.057,-1.89,85.3,83.9,81.2,81.9,25.49,25.26,24.83,24.94
132.063,5961.0,208.5,0.0,100.0,-0.0,5,4799,1.084,-1.875,85.3,83.9,81.2,81.9,25.49,25.26,24.83,24.94
132.078,5961.9,207.5,0.0,100.0,-0.0,5,4780,1.141,-1.928,85.3,83.9,81.2,81.9,25.49,25.26,24.82,24.94
132.093,5962.8,206.4,0.0,100.0,-0.01,5,4775,1.171,-1.918,85.3,83.9,81.2,81.9,25.48,25.26,24.82,24.94
132.109,5963.7,205.2,0.0,100.0,-0.01,5,4772,1.235,-1.911,85.3,83.9,81.1,81.9,25.48,25.26,24.82,24.94
132.125,5964.6,204.2,0.0,100.0,-0.01,5,4763,1.247,-1.898,85.3,83.9,81.1,81.9,25.48,25.26,24.82,24.94
132.141,5965.5,203.2,0.0,100.0,-0.02,5,4751,1.24,-1.801,85.3,83.9,81.1,81.9,25.48,25.26,24.82,24.94
132.157,5966.4,202.0,0.0,100.0,-0.02,5,4728,1.217,-1.736,85.3,83.9,81.1,81.9,25.48,25.26,24.82,24.94
132.172,5967.2,201.1,0.0,100.0,-0.02,5,4712,1.29,-1.757,85.3,83.9,81.1,81.9,25.48,25.26,24.82,24.94
132.188,5968.1,200.1,0.0,100.0,-0.03,5,4687,1.219,-1.741,85.3,83.9,81.1,81.9,25.48,25.26,24.82,24.94
132.202,5968.9,199.2,0.0,100.0,-0.03,5,4657,1.13,-1.721,85.2,83.9,81.1,81.9,25.48,25.26,24.82,24.94
132.217,5969.7,198.3,0.0,100.0,-0.03,5,4628,1.056,-1.699,85.2,83.9,81.1,81.9,25.48,25.26,24.82,24.94
132.234,5970.6,197.4,0.0,0.0,-0.03,5,4705,1.182,-1.434,85.2,83.9,81.1,81.9,25.48,25.26,24.82,24.94
132.249,5971.5,197.1,0.0,0.0,-0.04,5,4733,1.202,-0.242,85.2,83.9,81.1,81.9,25.48,25.26,24.82,24.94
132.264,5972.3,197.0,0.0,0.0,-0.04,5,4734,1.139,-0.238,85.2,83.9,81.1,81.9,25.48,25.26,24.82,24.94
132.28,5973.2,196.8,0.0,0.0,-0.04,5,4732,1.099,-0.225,85.2,83.9,81.1,81.9,25.48,25.26,24.82,24.94
132.295,5974.0,196.7,0.0,0.0,-0.05,5,4729,1.093,-0.222,85.2,83.9,81.1,81.9,25.47,25.26,24.82,24.94
132.311,5974.9,196.6,0.0,0.0,-0.05,5,4725,1.063,-0.213,85.2,83.9,81.1,81.9,25.47,25.26,24.82,24.94
132.327,5975.7,196.4,0.0,0.0,-0.05,5,4721,1.073,-0.214,85.2,83.9,81.1,81.9,25.47,25.26,24.82,24.94
132.342,5976.6,196.3,0.0,0.0,-0.03,5,4718,1.083,-0.219,85.2,83.9,81.1,81.9,25.47,25.26,24.82,24.94
132.359,5977.5,196.2,4.8,0.0,0.0,5,4716,0.892,-0.199,85.2,83.8,81.1,81.9,25.47,25.26,24.82,24.94
132.374,5978.3,196.1,10.8,0.0,0.0,5,4719,0.913,-0.183,85.2,83.8,81.1,81.9,25.47,25.26,24.82,24.94
132.39,5979.2,196.0,16.8,0.0,0.0,5,4721,0.935,-0.165,85.2,83.8,81.1,81.9,25.47,25.26,24.82,24.94
132.406,5980.0,195.9,22.8,0.0,0.0,5,4724,0.924,-0.132,85.2,83.8,81.1,81.9,25.47,25.25,24.82,24.94
132.421,5980.9,195.8,30.0,0.0,0.0,5,4726,0.881,-0.092,85.2,83.8,81.1,81.9,25.47,25.25,24.81,24.94
132.437,5981.7,195.7,36.0,0.0,0.0,5,4729,0.816,-0.075,85.2,83.8,81.1,81.9,25.47,25.25,24.81,24.94
132.453,5982.6,195.7,42.0,0.0,0.0,5,4732,0.771,-0.051,85.2,83.8,81.1,81.9,25.47,25.25,24.81,24.94
132.468,5983.4,195.7,48.0,0.0,0.0,5,4735,0.669,-0.02,85.2,83.8,81.1,81.9,25.47,25.25,24.81,24.94
132.483,5984.3,195.7,54.0,0.0,0.0,5,4740,0.593,0.013,85.2,83.8,81.1,81.9,25.46,25.25,24.81,24.94
132.499,5985.1,195.7,61.2,0.0,-0.0,5,4745,0.522,0.038,85.1,83.8,81.1,81.9,25.46,25.25,24.81,24.94
132.514,5985.9,195.7,67.2,0.0,-0.0,5,4751,0.468,0.058,85.1,83.8,81.1,81.9,25.46,25.25,24.81,24.94
132.53,5986.8,195.8,73.2,0.0,-0.01,5,4757,0.432,0.085,85.1,83.8,81.1,81.9,25.46,25.25,24.81,24.94
132.545,5987.6,195.8,79.2,0.0,-0.01,5,4763,0.388,0.112,85.1,83.8,81.1,81.9,25.46,25.25,24.81,24.94
132.561,5988.5,195.9,85.2,0.0,-0.01,5,4770,0.362,0.138,85.1,83.8,81.1,81.9,25.46,25.25,24.81,24.94
132.577,5989.3,196.0,92.4,0.0,-0.02,5,4775,0.336,0.177,85.1,83.8,81.1,81.9,25.46,25.25,24.81,24.94
132.592,5990.2,196.1,98.4,0.0,-0.02,5,4784,0.324,0.193,85.1,83.8,81.1,81.9,25.46,25.25,24.81,24.94
132.607,5991.0,196.2,100.0,0.0,-0.02,5,4791,0.323,0.211,85.1,83.8,81.1,81.9,25.46,25.25,24.81,24.94
132.623,5991.8,196.3,100.0,0.0,-0.03,5,4794,0.344,0.218,85.1,83.8,81.1,81.9,25.46,25.25,24.81,24.94
132.639,5992.7,196.4,100.0,0.0,-0.03,5,4796,0.339,0.218,85.1,83.8,81.1,81.9,25.46,25.25,24.81,24.94
132.654,5993.5,196.5,100.0,0.0,-0.03,5,4797,0.365,0.223,85.1,83.8,81.1,81.9,25.46,25.25,24.81,24.94
132.67,5994.4,196.6,100.0,0.0,-0.04,5,4800,0.398,0.215,85.1,83.8,81.1,81.9,25.45,25.25,24.81,24.94
132.686,5995.3,196.8,100.0,0.0,-0.04,5,4804,0.425,0.201,85.1,83.8,81.1,81.9,25.45,25.24,24.81,24.94
132.702,5996.2,196.9,100.0,0.0,-0.04,5,4806,0.459,0.227,85.1,83.8,81.1,81.9,25.45,25.24,24.81,24.94
132.718,5997.0,197.0,100.0,0.0,-0.05,5,4805,0.534,0.217,85.1,83.8,81.1,81.9,25.45,25.24,24.81,24.94
132.733,5997.9,197.1,100.0,0.0,-0.0,5,4810,0.515,0.209,85.1,83.8,81.1,81.9,25.45,25.24,24.81,24.94
132.748,5998.7,197.3,100.0,0.0,0.0,5,4813,0.345,0.223,85.1,83.8,81.1,81.9,25.45,25.24,24.81,24.94
132.764,5999.6,197.4,100.0,0.0,0.0,5,4814,0.373,0.235,85.1,83.8,81.1,81.9,25.45,25.24,24.81,24.94
132.78,6000.4,197.5,100.0,0.0,0.0,5,4816,0.369,0.229,85.1,83.8,81.1,81.9,25.45,25.24,24.81,24.94
132.796,6001.3,197.6,100.0,0.0,-0.0,5,4822,0.347,0.204,85.0,83.8,81.1,81.9,25.45,25.24,24.81,24.94
132.812,6002.2,197.7,100.0,0.0,-0.0,5,4826,0.345,0.219,85.0,83.8,81.1,81.9,25.45,25.24,24.81,24.94
132.827,6003.0,197.8,100.0,0.0,-0.01,5,4832,0.338,0.207,85.0,83.7,81.1,81.9,25.45,25.24,24.81,24.94
132.842,6003.9,198.0,100.0,0.0,-0.01,5,4829,0.333,0.229,85.0,83.7,81.1,81.9,25.45,25.24,24.81,24.94
132.858,6004.7,198.1,100.0,0.0,-0.01,5,4829,0.374,0.22,85.0,83.7,81.1,81.9,25.45,25.24,24.81,24.94
132.874,6005.6,198.2,100.0,0.0,-0.02,5,4833,0.381,0.207,85.0,83.7,81.1,81.9,25.44,25.24,24.81,24.94
132.889,6006.4,198.3,100.0,0.0,-0.02,5,4835,0.392,0.22,85.0,83.7,81.1,81.9,25.44,25.24,24.81,24.94
132.904,6007.3,198.4,100.0,0.0,-0.02,5,4833,0.412,0.227,85.0,83.7,81.1,81.9,25.44,25.24,24.81,24.94
132.92,6008.1,198.6,100.0,0.0,-0.03,5,4835,0.42,0.215,85.0,83.7,81.1,81.9,25.44,25.24,24.81,24.94
132.935,6009.0,198.7,100.0,0.0,-0.03,5,4839,0.438,0.213,85.0,83.7,81.1,81.9,25.44,25.24,24.81,24.94
132.951,6009.8,198.8,100.0,0.0,-0.03,5,4844,0.433,0.213,85.0,83.7,81.1,81.9,25.44,25.24,24.81,24.94
132.967,6010.7,198.9,100.0,0.0,-0.04,5,4847,0.447,0.216,85.0,83.7,81.1,81.9,25.44,25.23,24.81,24.94
132.983,6011.6,199.0,100.0,0.0,-0.04,5,4849,0.474,0.215,85.0,83.7,81.1,81.9,25.44,25.23,24.81,24.94
132.998,6012.5,199.1,100.0,0.0,-0.04,5,4858,0.507,0.192,85.0,83.7,81.1,81.9,25.44,25.23,24.81,24.94
133.014,6013.4,199.2,100.0,0.0,-0.05,5,4863,0.525,0.208,85.0,83.7,81.1,81.9,25.44,25.23,24.81,24.94
133.03,6014.2,199.3,100.0,0.0,-0.05,5,4863,0.591,0.21,85.0,83.7,81.1,81.9,25.44,25.23,24.81,24.94
133.045,6015.1,199.5,100.0,0.0,-0.05,5,4867,0.653,0.197,85.0,83.7,81.1,81.9,25.44,25.23,24.81,24.94
133.061,6015.9,199.6,100.0,0.0,-0.06,5,4872,0.685,0.194,85.0,83.7,81.0,81.9,25.44,25.23,24.81,24.94
133.076,6016.8,199.7,100.0,0.0,-0.06,5,4873,0.765,0.206,85.0,83.7,81.0,81.9,25.43,25.23,24.81,24.94
133.092,6017.6,199.8,100.0,0.0,-0.06,5,4875,0.801,0.196,85.0,83.7,81.0,81.9,25.43,25.23,24.81,24.94
133.107,6018.5,199.9,100.0,0.0,-0.06,5,4875,0.83,0.204,85.0,83.7,81.0,81.9,25.43,25.23,24.81,24.94
133.122,6019.3,200.0,100.0,0.0,-0.07,5,4877,0.907,0.198,85.0,83.7,81.0,81.9,25.43,25.23,24.81,24.94
133.138,6020.2,200.1,100.0,0.0,-0.07,5,4882,0.959,0.188,84.9,83.7,81.0,81.9,25.43,25.23,24.81,24.94
133.153,6021.1,200.2,100.0,0.0,-0.07,5,4887,0.955,0.189,84.9,83.7,81.0,81.9,25.43,25.23,24.81,24.94
133.169,6021.9,200.3,100.0,0.0,-0.08,5,4889,0.972,0.207,84.9,83.7,81.0,81.9,25.43,25.23,24.81,24.94
133.184,6022.8,200.4,100.0,0.0,-0.08,5,4888,1.026,0.2,84.9,83.7,81.0,81.9,25.43,25.23,24.81,24.94
133.2,6023.6,200.5,100.0,0.0,-0.08,5,4898,1.073,0.175,84.9,83.7,81.0,81.9,25.43,25.23,24.81,24.94
133.215,6024.5,200.6,100.0,0.0,-0.09,5,4905,1.108,0.174,84.9,83.7,81.0,81.9,25.43,25.23,24.81,24.94
133.231,6025.4,200.7,100.0,0.0,-0.09,5,4911,1.131,0.177,84.9,83.7,81.0,81.9,25.43,25.23,24.81,24.94
133.246,6026.2,200.8,100.0,0.0,-0.09,5,4908,1.278,0.195,84.9,83.7,81.0,81.9,25.42,25.23,24.81,24.94
133.262,6027.1,200.9,100.0,0.0,-0.1,5,4912,1.369,0.164,84.9,83.7,81.0,81.9,25.42,25.23,24.8,24.94
133.277,6027.9,200.9,100.0,0.0,-0.1,5,4915,1.398,0.17,84.9,83.7,81.0,81.9,25.42,25.23,24.8,24.94
133.292,6028.8,201.0,100.0,0.0,-0.1,5,4915,1.454,0.181,84.9,83.7,81.0,81.9,25.42,25.23,24.8,24.94
133.308,6029.7,201.1,100.0,0.0,-0.11,5,4916,1.547,0.168,84.9,83.7,81.0,81.9,25.42,25.23,24.8,24.94
133.323,6030.6,201.2,100.0,0.0,-0.11,5,4913,1.611,0.175,84.9,83.7,81.0,81.9,25.42,25.23,24.8,24.95
133.339,6031.4,201.3,100.0,0.0,-0.11,5,4921,1.568,0.16,84.9,83.7,81.0,81.9,25.42,25.23,24.8,24.95
133.355,6032.3,201.3,100.0,0.0,-0.12,5,4922,1.594,0.177,84.9,83.7,81.0,81.9,25.42,25.23,24.8,24.95
133.371,6033.2,201.4,100.0,0.0,-0.12,5,4921,1.629,0.18,84.9,83.7,81.0,81.9,25.42,25.23,24.8,24.95
133.387,6034.1,201.5,100.0,0.0,-0.12,5,4927,1.656,0.152,84.9,83.7,81.0,81.9,25.42,25.23,24.8,24.95
133.402,6035.0,201.5,100.0,0.0,-0.13,5,4935,1.646,0.153,84.8,83.7,81.0,81.9,25.42,25.23,24.8,24.95
133.418,6035.8,201.6,100.0,0.0,-0.13,5,4940,1.599,0.161,84.8,83.7,81.0,81.9,25.41,25.23,24.8,24.95
133.433,6036.7,201.7,100.0,0.0,-0.13,5,4938,1.666,0.174,84.8,83.7,81.0,81.9,25.41,25.23,24.8,24.95
133.45,6037.6,201.7,100.0,0.0,-0.13,5,4942,1.796,0.138,84.8,83.7,81.0,81.9,25.41,25.23,24.8,24.95
133.465,6038.5,201.8,100.0,0.0,-0.14,5,4952,1.739,0.137,84.8,83.7,81.0,81.9,25.41,25.23,24.8,24.95
133.48,6039.3,201.8,100.0,0.0,-0.14,5,4954,1.747,0.161,84.8,83.7,81.0,81.9,25.41,25.23,24.8,24.95
133.496,6040.2,201.9,100.0,0.0,-0.14,5,4950,1.892,0.16,84.8,83.7,81.0,81.9,25.41,25.23,24.8,24.95
133.511,6041.1,201.9,100.0,0.0,-0.15,5,4952,1.943,0.14,84.8,83.7,81.0,81.9,25.41,25.23,24.8,24.95
133.527,6042.0,202.0,100.0,0.0,-0.15,5,4958,1.902,0.135,84.8,83.7,81.0,81.9,25.41,25.23,24.8,24.95
133.543,6042.9,202.0,100.0,0.0,-0.15,5,4956,1.989,0.147,84.8,83.7,81.0,81.9,25.41,25.23,24.8,24.95
133.559,6043.8,202.1,100.0,0.0,-0.16,5,4955,2.059,0.145,84.8,83.7,81.0,82.0,25.4,25.23,24.8,24.95
133.575,6044.6,202.1,100.0,0.0,-0.16,5,4959,2.093,0.12,84.8,83.7,81.0,82.0,25.4,25.23,24.8,24.95
133.59,6045.5,202.1,100.0,0.0,-0.16,5,4963,2.108,0.12,84.8,83.7,81.0,82.0,25.4,25.23,24.8,24.95
133.606,6046.4,202.1,100.0,0.0,-0.17,5,4963,2.133,0.132,84.8,83.7,81.0,82.0,25.4,25.23,24.8,24.95
133.622,6047.3,202.2,100.0,0.0,-0.17,5,4961,2.114,0.14,84.8,83.7,81.0,82.0,25.4,25.23,24.8,24.95
133.637,6048.1,202.2,100.0,0.0,-0.17,5,4960,2.094,0.138,84.7,83.7,81.0,82.0,25.4,25.23,24.8,24.96
133.653,6049.0,202.2,100.0,0.0,-0.17,5,4960,2.014,0.144,84.7,83.7,81.0,82.0,25.4,25.23,24.8,24.96
133.669,6049.9,202.2,100.0,0.0,-0.18,5,4968,1.975,0.12,84.7,83.7,81.0,82.0,25.4,25.23,24.8,24.96
133.684,6050.8,202.2,100.0,0.0,-0.18,5,4973,1.975,0.123,84.7,83.7,81.0,82.0,25.4,25.23,24.79,24.96
133.7,6051.7,202.3,100.0,0.0,-0.18,5,4981,1.969,0.104,84.7,83.7,81.0,82.0,25.4,25.23,24.79,24.96
133.715,6052.5,202.3,100.0,0.0,-0.19,5,4984,1.988,0.132,84.7,83.7,81.0,82.0,25.39,25.23,24.79,24.96
133.731,6053.4,202.3,100.0,0.0,-0.19,5,4983,1.909,0.141,84.7,83.7,81.0,82.0,25.39,25.23,24.79,24.96
133.747,6054.3,202.3,100.0,0.0,-0.19,5,4979,1.943,0.147,84.7,83.7,81.0,82.0,25.39,25.23,24.79,24.96
133.761,6055.1,202.3,100.0,0.0,-0.2,5,4979,1.986,0.125,84.7,83.7,81.0,82.0,25.39,25.23,24.79,24.96
133.776,6056.0,202.3,100.0,0.0,-0.2,5,4985,1.865,0.122,84.7,83.7,81.0,82.0,25.39,25.23,24.79,24.96
133.792,6056.8,202.4,100.0,0.0,-0.2,5,4989,1.858,0.134,84.7,83.7,80.9,82.0,25.39,25.23,24.79,24.96
133.807,6057.7,202.4,100.0,0.0,-0.21,5,4987,1.92,0.131,84.7,83.7,80.9,82.0,25.39,25.23,24.79,24.96
133.823,6058.6,202.4,100.0,0.0,-0.21,5,4992,1.886,0.114,84.7,83.7,80.9,82.0,25.39,25.23,24.79,24.96
133.839,6059.5,202.4,100.0,0.0,-0.21,5,4997,1.889,0.125,84.7,83.7,80.9,82.0,25.38,25.23,24.79,24.96
133.855,6060.4,202.4,100.0,0.0,-0.22,5,4994,1.959,0.126,84.6,83.7,80.9,82.0,25.38,25.23,24.79,24.96
133.87,6061.3,202.4,100.0,0.0,-0.22,5,4994,1.936,0.124,84.6,83.7,80.9,82.0,25.38,25.23,24.79,24.96
133.886,6062.2,202.4,100.0,0.0,-0.22,5,4993,1.986,0.115,84.6,83.7,80.9,82.0,25.38,25.23,24.79,24.96
133.902,6063.1,202.4,100.0,0.0,-0.22,5,4991,2.05,0.117,84.6,83.7,80.9,82.0,25.38,25.23,24.79,24.96
133.919,6064.0,202.4,100.0,0.0,-0.23,5,4991,2.089,0.108,84.6,83.7,80.9,82.0,25.38,25.23,24.79,24.96
133.934,6064.8,202.4,100.0,0.0,-0.23,5,4991,2.081,0.108,84.6,83.7,80.9,82.0,25.38,25.23,24.79,24.97
133.95,6065.7,202.4,100.0,0.0,-0.23,5,4986,2.085,0.134,84.6,83.7,80.9,82.0,25.38,25.23,24.79,24.97
133.966,6066.6,202.4,100.0,0.0,-0.24,5,4981,2.069,0.13,84.6,83.7,80.9,82.0,25.38,25.23,24.79,24.97
133.981,6067.5,202.4,100.0,0.0,-0.24,5,4980,2.067,0.117,84.6,83.7,80.9,82.0,25.37,25.23,24.79,24.97
133.997,6068.4,202.4,100.0,0.0,-0.24,5,4983,2.034,0.098,84.6,83.7,80.9,82.1,25.37,25.23,24.79,24.97
134.014,6069.3,202.4,100.0,0.0,-0.25,5,4987,2.038,0.1,84.6,83.7,80.9,82.1,25.37,25.23,24.79,24.97
134.029,6070.2,202.4,100.0,0.0,-0.25,5,4987,2.044,0.11,84.6,83.7,80.9,82.1,25.37,25.23,24.78,24.97
134.045,6071.1,202.4,100.0,0.0,-0.25,5,4986,2.114,0.095,84.6,83.7,80.9,82.1,25.37,25.23,24.78,24.97
134.061,6072.0,202.4,100.0,0.0,-0.26,5,4987,2.199,0.088,84.6,83.7,80.9,82.1,25.37,25.23,24.78,24.97
134.077,6072.9,202.3,100.0,0.0,-0.26,5,4986,2.206,0.081,84.6,83.7,80.9,82.1,25.37,25.23,24.78,24.97
134.092,6073.7,202.3,100.0,0.0,-0.26,5,4980,2.22,0.1,84.5,83.7,80.9,82.1,25.37,25.23,24.78,24.97
134.108,6074.6,202.3,100.0,0.0,-0.27,5,4973,2.311,0.1,84.5,83.7,80.9,82.1,25.37,25.23,24.78,24.97
134.124,6075.5,202.3,100.0,0.0,-0.27,5,4970,2.265,0.088,84.5,83.7,80.9,82.1,25.37,25.23,24.78,24.97
134.139,6076.3,202.3,100.0,0.0,-0.27,5,4971,2.198,0.086,84.5,83.7,80.9,82.1,25.36,25.23,24.78,24.97
134.155,6077.2,202.3,100.0,0.0,-0.28,5,4968,2.213,0.099,84.5,83.7,80.9,82.1,25.36,25.23,24.78,24.98
134.17,6078.1,202.2,100.0,0.0,-0.28,5,4970,2.21,0.081,84.5,83.7,80.9,82.1,25.36,25.23,24.78,24.98
134.185,6079.0,202.2,100.0,0.0,-0.28,5,4972,2.094,0.098,84.5,83.7,80.9,82.1,25.36,25.23,24.78,24.98
134.201,6079.9,202.2,100.0,0.0,-0.28,5,4971,2.047,0.107,84.5,83.7,80.9,82.1,25.36,25.23,24.78,24.98
134.217,6080.7,202.2,100.0,0.0,-0.29,5,4967,2.132,0.1,84.5,83.7,80.9,82.1,25.36,25.24,24.78,24.98
134.232,6081.6,202.2,100.0,0.0,-0.29,5,4970,2.125,0.07,84.5,83.7,80.9,82.1,25.36,25.24,24.78,24.98
134.247,6082.4,202.2,100.0,0.0,-0.29,5,4975,1.939,0.093,84.5,83.7,80.9,82.1,25.36,25.24,24.78,24.98
134.263,6083.3,202.2,100.0,0.0,-0.3,5,4971,1.887,0.127,84.5,83.7,80.9,82.1,25.36,25.24,24.78,24.98
134.278,6084.2,202.2,100.0,0.0,-0.3,5,4961,1.912,0.132,84.5,83.7,80.9,82.1,25.35,25.24,24.78,24.98
134.294,6085.0,202.2,100.0,0.0,-0.3,5,4968,1.813,0.086,84.5,83.7,80.9,82.1,25.35,25.24,24.78,24.98
134.309,6085.9,202.2,100.0,0.0,-0.31,5,4980,1.684,0.098,84.4,83.7,80.9,82.1,25.35,25.24,24.78,24.98
134.324,6086.8,202.3,100.0,0.0,-0.31,5,4984,1.694,0.112,84.4,83.7,80.9,82.1,25.35,25.24,24.78,24.98
134.34,6087.7,202.3,100.0,0.0,-0.31,5,4981,1.774,0.113,84.4,83.7,80.9,82.2,25.35,25.24,24.78,24.98
134.355,6088.5,202.3,100.0,0.0,-0.31,5,4986,1.699,0.092,84.4,83.7,80.9,82.2,25.35,25.24,24.78,24.98
134.371,6089.4,202.3,100.0,0.0,-0.32,5,4988,1.639,0.12,84.4,83.7,80.9,82.2,25.35,25.24,24.78,24.99
134.387,6090.3,202.3,100.0,0.0,-0.32,5,4982,1.839,0.108,84.4,83.7,80.8,82.2,25.35,25.24,24.78,24.99
134.402,6091.1,202.3,100.0,0.0,-0.32,5,4980,2.001,0.069,84.4,83.7,80.8,82.2,25.35,25.24,24.78,24.99
134.418,6092.0,202.3,100.0,0.0,-0.33,5,4987,2.001,0.043,84.4,83.8,80.8,82.2,25.34,25.24,24.77,24.99
134.433,6092.9,202.3,100.0,0.0,-0.33,5,4979,2.059,0.095,84.4,83.8,80.8,82.2,25.34,25.24,24.77,24.99
134.449,6093.8,202.3,100.0,0.0,-0.33,5,4965,2.112,0.11,84.4,83.8,80.8,82.2,25.34,25.24,24.77,24.99
134.464,6094.6,202.3,100.0,0.0,-0.34,5,4962,2.064,0.09,84.4,83.8,80.8,82.2,25.34,25.24,24.77,24.99
134.48,6095.5,202.3,100.0,0.0,-0.34,5,4963,2.08,0.091,84.4,83.8,80.8,82.2,25.34,25.24,24.77,24.99
134.496,6096.4,202.3,100.0,0.0,-0.34,5,4965,2.028,0.082,84.4,83.8,80.8,82.2,25.34,25.24,24.77,24.99
134.511,6097.3,202.3,100.0,0.0,-0.35,5,4966,2.035,0.075,84.4,83.8,80.8,82.2,25.34,25.24,24.77,24.99
134.527,6098.2,202.3,100.0,0.0,-0.35,5,4963,1.994,0.097,84.4,83.8,80.8,82.2,25.34,25.24,24.77,24.99
134.543,6099.1,202.3,100.0,0.0,-0.35,5,4963,2.056,0.077,84.4,83.8,80.8,82.2,25.34,25.25,24.77,24.99
134.559,6099.9,202.3,100.0,0.0,-0.35,5,4965,1.972,0.08,84.3,83.8,80.8,82.2,25.34,25.25,24.77,24.99
134.574,6100.8,202.3,100.0,0.0,-0.36,5,4972,1.837,0.082,84.3,83.8,80.8,82.2,25.33,25.25,24.77,25.0
134.59,6101.7,202.3,100.0,0.0,-0.36,5,4966,1.78,0.131,84.3,83.8,80.8,82.2,25.33,25.25,24.77,25.0
134.605,6102.5,202.3,100.0,0.0,-0.36,5,4970,1.729,0.086,84.3,83.8,80.8,82.2,25.33,25.25,24.77,25.0
134.621,6103.4,202.4,100.0,0.0,-0.37,5,4978,1.664,0.093,84.3,83.8,80.8,82.2,25.33,25.25,24.77,25.0
134.636,6104.3,202.4,100.0,0.0,-0.37,5,4990,1.626,0.087,84.3,83.8,80.8,82.2,25.33,25.25,24.77,25.0
134.651,6105.1,202.4,100.0,0.0,-0.37,5,4991,1.66,0.106,84.3,83.8,80.8,82.2,25.33,25.25,24.77,25.0
134.667,6106.0,202.4,100.0,0.0,-0.38,5,4993,1.79,0.076,84.3,83.8,80.8,82.2,25.33,25.25,24.77,25.0
134.682,6106.9,202.4,100.0,0.0,-0.38,5,4993,1.964,0.054,84.3,83.8,80.8,82.2,25.33,25.25,24.77,25.0
134.698,6107.7,202.3,100.0,0.0,-0.32,5,4993,1.98,0.051,84.3,83.8,80.8,82.3,25.33,25.25,24.77,25.0
134.713,6108.6,202.3,100.0,0.0,-0.28,5,4984,2.098,0.089,84.3,83.8,80.8,82.3,25.33,25.25,24.77,25.0
134.728,6109.4,202.3,100.0,0.0,-0.23,5,4969,2.199,0.114,84.3,83.8,80.8,82.3,25.32,25.25,24.77,25.0
134.744,6110.3,202.3,100.0,0.0,-0.18,5,4969,2.206,0.077,84.3,83.8,80.8,82.3,25.32,25.25,24.77,25.0
134.76,6111.2,202.3,100.0,0.0,-0.13,5,4970,2.199,0.11,84.3,83.8,80.8,82.3,25.32,25.25,24.77,25.0
134.776,6112.1,202.3,100.0,0.0,-0.08,5,4969,2.104,0.143,84.3,83.8,80.8,82.3,25.32,25.26,24.77,25.01
134.791,6113.0,202.4,100.0,0.0,-0.03,5,4964,2.064,0.178,84.3,83.9,80.8,82.3,25.32,25.26,24.77,25.01
134.807,6113.9,202.4,100.0,0.0,0.0,5,4962,1.928,0.185,84.2,83.9,80.8,82.3,25.32,25.26,24.76,25.01
134.822,6114.8,202.5,100.0,0.0,0.0,5,4965,1.839,0.188,84.2,83.9,80.8,82.3,25.32,25.26,24.76,25.01
134.837,6115.6,202.5,100.0,0.0,0.0,5,4969,1.752,0.182,84.2,83.9,80.8,82.3,25.32,25.26,24.76,25.01
134.854,6116.5,202.6,100.0,0.0,0.0,5,4975,1.609,0.19,84.2,83.9,80.8,82.3,25.32,25.26,24.76,25.01
134.869,6117.4,202.7,100.0,0.0,0.0,5,4976,1.63,0.195,84.2,83.9,80.8,82.3,25.32,25.26,24.76,25.01
134.885,6118.3,202.7,100.0,0.0,0.0,5,4977,1.607,0.191,84.2,83.9,80.8,82.3,25.31,25.26,24.76,25.01
134.9,6119.1,202.8,100.0,0.0,0.0,5,4987,1.551,0.166,84.2,83.9,80.8,82.3,25.31,25.26,24.76,25.01
134.916,6120.0,202.9,100.0,0.0,0.0,5,4986,1.546,0.204,84.2,83.9,80.8,82.3,25.31,25.26,24.76,25.01
134.931,6120.9,202.9,100.0,0.0,0.0,5,4981,1.501,0.192,84.2,83.9,80.8,82.3,25.31,25.26,24.76,25.01
134.947,6121.7,203.0,100.0,0.0,0.0,5,4975,1.497,0.221,84.2,83.9,80.8,82.3,25.31,25.26,24.76,25.01
134.962,6122.6,203.1,100.0,0.0,0.0,5,4972,1.379,0.219,84.2,83.9,80.8,82.3,25.31,25.26,24.76,25.02
134.978,6123.5,203.2,100.0,0.0,0.0,5,4969,1.308,0.222,84.2,83.9,80.8,82.3,25.31,25.26,24.76,25.02
134.994,6124.4,203.3,100.0,0.0,0.0,5,4968,1.264,0.208,84.2,83.9,80.8,82.4,25.31,25.26,24.76,25.02
135.01,6125.3,203.4,100.0,0.0,0.0,5,4979,1.121,0.184,84.2,83.9,80.8,82.4,25.31,25.26,24.76,25.02
135.025,6126.2,203.5,100.0,0.0,0.0,5,4985,1.054,0.197,84.2,83.9,80.8,82.4,25.31,25.26,24.76,25.02
135.041,6127.1,203.6,100.0,0.0,0.0,5,4985,1.004,0.221,84.2,83.9,80.7,82.4,25.31,25.27,24.76,25.02
135.056,6127.9,203.7,100.0,0.0,0.0,5,4986,0.94,0.214,84.2,83.9,80.7,82.4,25.3,25.27,24.76,25.02
135.072,6128.8,203.8,100.0,0.0,0.0,5,4980,0.877,0.234,84.1,83.9,80.7,82.4,25.3,25.27,24.76,25.02
135.088,6129.7,203.9,100.0,0.0,0.0,5,4981,0.792,0.209,84.1,83.9,80.7,82.4,25.3,25.27,24.76,25.02
135.103,6130.6,204.0,100.0,0.0,0.0,5,4980,0.738,0.224,84.1,83.9,80.7,82.4,25.3,25.27,24.76,25.02
135.119,6131.5,204.1,100.0,0.0,0.0,5,4985,0.648,0.198,84.1,83.9,80.7,82.4,25.3,25.27,24.76,25.02
135.134,6132.4,204.2,100.0,0.0,0.0,5,4987,0.598,0.209,84.1,83.9,80.7,82.4,25.3,25.27,24.76,25.02
135.15,6133.2,204.4,100.0,0.0,0.0,5,4988,0.516,0.215,84.1,83.9,80.7,82.4,25.3,25.27,24.76,25.02
135.166,6134.1,204.5,100.0,0.0,0.0,5,4987,0.47,0.221,84.1,83.9,80.7,82.4,25.3,25.27,24.76,25.02
135.181,6135.0,204.6,100.0,0.0,0.0,5,4988,0.399,0.22,84.1,83.9,80.7,82.4,25.3,25.27,24.76,25.02
135.197,6135.9,204.7,100.0,0.0,0.0,5,4990,0.335,0.212,84.1,83.9,80.7,82.4,25.3,25.27,24.76,25.02
135.213,6136.9,204.8,100.0,0.0,0.0,5,4992,0.287,0.218,84.1,83.9,80.7,82.4,25.3,25.27,24.76,25.02
135.229,6137.7,205.0,100.0,0.0,0.01,5,4998,0.201,0.204,84.1,83.9,80.7,82.4,25.3,25.27,24.76,25.02
135.245,6138.6,205.1,100.0,0.0,0.01,5,5001,0.171,0.215,84.1,83.9,80.7,82.4,25.3,25.27,24.76,25.03
135.26,6139.5,205.2,100.0,0.0,0.01,5,5005,0.106,0.216,84.1,83.9,80.7,82.4,25.29,25.27,24.76,25.03
135.275,6140.4,205.3,100.0,0.0,0.02,5,5006,0.052,0.214,84.1,83.9,80.7,82.4,25.29,25.27,24.76,25.03
135.291,6141.3,205.4,100.0,0.0,0.02,5,5010,-0.002,0.21,84.1,83.9,80.7,82.4,25.29,25.27,24.76,25.03
135.307,6142.2,205.6,100.0,0.0,0.02,5,5013,-0.057,0.21,84.1,83.9,80.7,82.4,25.29,25.27,24.76,25.03
135.322,6143.1,205.7,100.0,0.0,0.02,5,5015,-0.111,0.213,84.1,83.9,80.7,82.4,25.29,25.27,24.76,25.03
135.338,6143.9,205.8,100.0,0.0,0.0,5,5017,-0.063,0.215,84.1,83.9,80.7,82.4,25.29,25.27,24.76,25.03
135.353,6144.8,205.9,100.0,0.0,0.0,5,5021,-0.049,0.21,84.1,83.9,80.7,82.4,25.29,25.27,24.76,25.03
135.369,6145.7,206.0,100.0,0.0,0.0,5,5026,-0.061,0.205,84.1,83.9,80.7,82.4,25.29,25.27,24.76,25.03
135.384,6146.6,206.1,100.0,0.0,0.0,5,5029,-0.073,0.22,84.1,83.9,80.7,82.4,25.29,25.27,24.76,25.03
135.399,6147.5,206.2,100.0,0.0,0.0,5,5029,-0.091,0.225,84.1,83.9,80.7,82.4,25.29,25.27,24.76,25.03
135.415,6148.4,206.4,100.0,0.0,-0.0,5,5033,-0.119,0.208,84.1,83.9,80.7,82.4,25.29,25.27,24.76,25.03
135.431,6149.3,206.5,100.0,0.0,-0.01,5,5038,-0.068,0.211,84.0,83.9,80.7,82.4,25.29,25.27,24.76,25.03
135.447,6150.2,206.6,100.0,0.0,-0.01,5,5049,-0.066,0.197,84.0,83.9,80.7,82.4,25.29,25.27,24.76,25.03
135.463,6151.1,206.7,100.0,0.0,-0.01,5,5051,-0.072,0.219,84.0,83.9,80.7,82.4,25.29,25.27,24.76,25.03
135.478,6152.0,206.8,100.0,0.0,-0.01,5,5054,-0.033,0.226,84.0,83.9,80.7,82.4,25.29,25.27,24.76,25.03
135.493,6152.9,206.9,100.0,0.0,-0.02,5,5049,-0.007,0.219,84.0,83.9,80.7,82.4,25.29,25.27,24.76,25.03
135.509,6153.8,207.1,100.0,0.0,-0.02,5,5048,0.006,0.219,84.0,83.9,80.7,82.4,25.29,25.27,24.76,25.03
135.525,6154.7,207.2,100.0,0.0,-0.02,5,5048,0.057,0.22,84.0,83.9,80.7,82.4,25.28,25.27,24.76,25.03
135.541,6155.6,207.3,100.0,0.0,-0.02,5,5050,0.073,0.217,84.0,83.9,80.7,82.5,25.28,25.27,24.76,25.03
135.556,6156.5,207.4,100.0,0.0,0.0,5,5053,0.014,0.215,84.0,83.9,80.7,82.5,25.28,25.27,24.76,25.03
135.572,6157.4,207.5,100.0,0.0,0.0,5,5057,0.03,0.209,84.0,83.9,80.7,82.5,25.28,25.27,24.76,25.03
135.587,6158.3,207.6,100.0,0.0,0.0,5,5061,0.052,0.21,84.0,83.9,80.7,82.5,25.28,25.27,24.76,25.03
135.602,6159.2,207.8,100.0,0.0,0.0,5,5066,0.074,0.21,84.0,83.9,80.7,82.5,25.28,25.27,24.76,25.03
135.618,6160.0,207.9,100.0,0.0,0.0,5,5071,0.064,0.202,84.0,83.9,80.7,82.5,25.28,25.27,24.76,25.03
135.633,6160.9,208.0,100.0,0.0,0.0,5,5071,0.087,0.223,84.0,83.9,80.7,82.5,25.28,25.27,24.76,25.03
135.649,6161.8,208.1,100.0,0.0,0.0,5,5072,0.102,0.213,84.0,83.9,80.7,82.5,25.28,25.27,24.76,25.03
135.664,6162.7,208.2,100.0,0.0,0.0,5,5077,0.071,0.199,84.0,83.9,80.7,82.5,25.28,25.27,24.76,25.04
135.68,6163.6,208.3,100.0,0.0,0.0,5,5080,0.095,0.205,84.0,83.9,80.7,82.5,25.28,25.27,24.76,25.04
135.696,6164.5,208.4,100.0,0.0,0.0,5,5085,0.075,0.209,84.0,83.9,80.7,82.5,25.28,25.27,24.76,25.04
135.711,6165.5,208.5,100.0,0.0,0.0,5,5085,0.102,0.215,84.0,83.9,80.7,82.5,25.28,25.27,24.76,25.04
135.726,6166.3,208.7,100.0,0.0,0.0,5,5085,0.085,0.211,84.0,83.9,80.7,82.5,25.28,25.27,24.76,25.04
135.742,6167.2,208.8,100.0,0.0,0.0,5,5088,0.099,0.207,84.0,83.9,80.7,82.5,25.28,25.27,24.76,25.04
135.757,6168.1,208.9,100.0,0.0,0.0,5,5089,0.093,0.208,84.0,83.9,80.7,82.5,25.27,25.27,24.76,25.04
135.773,6169.0,209.0,100.0,0.0,0.0,5,5092,0.07,0.2,84.0,84.0,80.7,82.5,25.27,25.27,24.76,25.04
135.789,6169.9,209.1,100.0,0.0,0.0,5,5096,0.05,0.215,84.0,84.0,80.7,82.5,25.27,25.27,24.76,25.04
135.804,6170.8,209.2,100.0,0.0,0.0,5,5099,0.051,0.207,84.0,84.0,80.7,82.5,25.27,25.27,24.76,25.04
135.82,6171.8,209.4,100.0,0.0,0.0,5,5101,0.057,0.208,84.0,84.0,80.7,82.5,25.27,25.27,24.76,25.04
135.835,6172.7,209.5,100.0,0.0,0.0,5,5105,0.039,0.198,83.9,84.0,80.7,82.5,25.27,25.27,24.76,25.04
135.851,6173.6,209.6,100.0,0.0,0.0,5,5109,0.029,0.204,83.9,84.0,80.7,82.5,25.27,25.27,24.76,25.04
135.866,6174.5,209.7,100.0,0.0,0.0,5,5114,0.045,0.199,83.9,84.0,80.7,82.5,25.27,25.27,24.76,25.04
135.882,6175.4,209.8,100.0,0.0,0.0,5,5115,0.016,0.21,83.9,84.0,80.7,82.5,25.27,25.27,24.76,25.04
135.897,6176.3,209.9,100.0,0.0,0.0,5,5114,0.026,0.217,83.9,84.0,80.7,82.5,25.27,25.27,24.76,25.04
135.912,6177.1,210.0,100.0,0.0,0.0,5,5119,0.014,0.198,83.9,84.0,80.7,82.5,25.27,25.27,24.76,25.04
135.927,6178.0,210.1,100.0,0.0,0.0,5,5121,-0.006,0.214,83.9,84.0,80.7,82.5,25.27,25.27,24.76,25.04
135.943,6178.9,210.3,100.0,0.0,0.0,5,5130,-0.001,0.195,83.9,84.0,80.7,82.5,25.27,25.27,24.76,25.04
135.959,6179.9,210.4,100.0,0.0,0.0,5,5131,0.005,0.214,83.9,84.0,80.7,82.5,25.27,25.27,24.76,25.04
135.975,6180.8,210.5,100.0,0.0,0.0,5,5133,-0.008,0.209,83.9,84.0,80.7,82.5,25.27,25.27,24.76,25.04
135.99,6181.7,210.6,100.0,0.0,0.0,5,5137,-0.016,0.203,83.9,84.0,80.7,82.5,25.27,25.27,24.76,25.04
136.006,6182.6,210.7,100.0,0.0,0.0,5,5141,0.003,0.203,83.9,84.0,80.7,82.5,25.26,25.27,24.76,25.04
136.021,6183.5,210.8,100.0,0.0,0.0,5,5144,-0.012,0.202,83.9,84.0,80.7,82.5,25.26,25.27,24.76,25.04
136.037,6184.5,210.9,100.0,0.0,0.0,5,5144,-0.002,0.214,83.9,84.0,80.7,82.5,25.26,25.27,24.76,25.04
136.054,6185.4,211.1,100.0,0.0,0.0,5,5144,-0.01,0.213,83.9,84.0,80.7,82.5,25.26,25.27,24.76,25.05
136.069,6186.3,211.2,100.0,0.0,0.0,5,5148,-0.0,0.195,83.9,84.0,80.7,82.5,25.26,25.27,24.76,25.05
136.085,6187.2,211.3,100.0,0.0,0.0,5,5152,0.006,0.196,83.9,84.0,80.7,82.5,25.26,25.27,24.76,25.05
136.101,6188.2,211.4,100.0,0.0,0.0,5,5150,-0.005,0.21,83.9,84.0,80.7,82.5,25.26,25.27,24.76,25.05
136.117,6189.1,211.5,100.0,0.0,0.0,5,5149,0.002,0.22,83.9,84.0,80.7,82.5,25.26,25.27,24.76,25.05
136.132,6190.0,211.6,100.0,0.0,0.0,5,5150,-0.01,0.211,83.9,84.0,80.7,82.5,25.26,25.27,24.76,25.05
136.148,6191.0,211.7,100.0,0.0,-0.0,5,5157,-0.005,0.2,83.9,84.0,80.7,82.5,25.26,25.27,24.76,25.05
136.164,6191.9,211.8,100.0,0.0,-0.0,5,5166,0.007,0.188,83.9,84.0,80.7,82.6,25.26,25.27,24.76,25.05
136.179,6192.8,211.9,100.0,0.0,-0.01,5,5170,0.022,0.201,83.9,84.0,80.7,82.6,25.26,25.27,24.76,25.05
136.195,6193.7,212.1,100.0,0.0,-0.01,5,5171,0.046,0.208,83.9,84.0,80.7,82.6,25.26,25.27,24.76,25.05
136.211,6194.7,212.2,100.0,0.0,-0.01,5,5175,0.065,0.193,83.8,84.0,80.7,82.6,25.26,25.27,24.76,25.05
136.226,6195.5,212.3,100.0,0.0,-0.01,5,5177,0.082,0.205,83.8,84.0,80.7,82.6,25.25,25.27,24.76,25.05
136.241,6196.5,212.4,100.0,0.0,-0.02,5,5179,0.115,0.197,83.8,84.0,80.7,82.6,25.25,25.27,24.76,25.05
136.257,6197.4,212.5,100.0,0.0,-0.02,5,5181,0.112,0.202,83.8,84.0,80.7,82.6,25.25,25.27,24.76,25.05
136.272,6198.3,212.6,100.0,0.0,-0.02,5,5182,0.169,0.206,83.8,84.0,80.7,82.6,25.25,25.27,24.76,25.05
136.288,6199.2,212.7,100.0,0.0,0.0,5,5184,0.1,0.207,83.8,84.0,80.7,82.6,25.25,25.27,24.76,25.05
136.303,6200.1,212.9,100.0,0.0,0.0,5,5186,0.076,0.206,83.8,84.0,80.7,82.6,25.25,25.27,24.76,25.05
136.319,6201.0,213.0,100.0,0.0,0.0,5,5187,0.095,0.206,83.8,84.0,80.7,82.6,25.25,25.27,24.76,25.05
136.335,6202.0,213.1,100.0,0.0,0.0,5,5191,0.102,0.202,83.8,84.0,80.7,82.6,25.25,25.27,24.76,25.05
136.35,6202.9,213.2,100.0,0.0,0.0,5,5196,0.122,0.195,83.8,84.0,80.7,82.6,25.25,25.27,24.76,25.05
136.366,6203.8,213.3,100.0,0.0,0.0,5,5199,0.118,0.204,83.8,84.0,80.7,82.6,25.25,25.27,24.76,25.05
136.382,6204.8,213.4,100.0,0.0,0.0,5,5199,0.117,0.207,83.8,84.0,80.7,82.6,25.25,25.27,24.76,25.05
136.397,6205.7,213.5,100.0,0.0,0.0,5,5202,0.094,0.196,83.8,84.0,80.7,82.6,25.25,25.27,24.76,25.05
136.412,6206.6,213.6,100.0,0.0,0.0,5,5208,0.085,0.193,83.8,84.0,80.7,82.6,25.25,25.27,24.76,25.05
136.428,6207.5,213.7,100.0,0.0,0.0,5,5211,0.097,0.198,83.8,84.0,80.7,82.6,25.25,25.27,24.76,25.05
136.443,6208.4,213.8,100.0,0.0,-0.0,5,5215,0.073,0.202,83.8,84.0,80.7,82.6,25.24,25.27,24.76,25.05
136.459,6209.3,214.0,100.0,0.0,-0.0,5,5215,0.068,0.205,83.8,84.0,80.7,82.6,25.24,25.27,24.76,25.06
136.474,6210.2,214.1,100.0,0.0,-0.01,5,5216,0.09,0.196,83.8,84.0,80.7,82.6,25.24,25.27,24.75,25.06
136.49,6211.2,214.2,100.0,0.0,-0.01,5,5220,0.102,0.192,83.8,84.0,80.7,82.6,25.24,25.27,24.75,25.06
136.505,6212.1,214.3,100.0,0.0,-0.01,5,5222,0.088,0.202,83.8,84.0,80.7,82.6,25.24,25.27,24.75,25.06
136.521,6213.0,214.4,100.0,0.0,-0.02,5,5221,0.129,0.204,83.8,84.0,80.7,82.6,25.24,25.27,24.75,25.06
136.536,6213.9,214.5,100.0,0.0,-0.02,5,5222,0.157,0.201,83.8,84.0,80.7,82.6,25.24,25.27,24.75,25.06
136.552,6214.9,214.6,100.0,0.0,-0.02,5,5225,0.166,0.2,83.8,84.0,80.7,82.6,25.24,25.27,24.75,25.06
136.567,6215.8,214.7,100.0,0.0,-0.02,5,5226,0.215,0.207,83.7,84.0,80.7,82.6,25.24,25.27,24.75,25.06
136.583,6216.7,214.8,100.0,0.0,-0.01,5,5229,0.275,0.189,83.7,84.0,80.7,82.6,25.24,25.27,24.75,25.06
136.598,6217.6,214.9,100.0,0.0,0.0,5,5233,0.157,0.192,83.7,84.0,80.7,82.6,25.24,25.27,24.75,25.06
136.613,6218.5,215.0,100.0,0.0,0.0,5,5239,0.142,0.19,83.7,84.0,80.7,82.6,25.24,25.27,24.75,25.06
136.628,6219.4,215.1,100.0,0.0,0.0,5,5243,0.156,0.193,83.7,84.0,80.7,82.6,25.24,25.27,24.75,25.06
136.643,6220.4,215.2,100.0,0.0,0.0,5,5244,0.165,0.199,83.7,84.0,80.7,82.6,25.24,25.27,24.75,25.06
136.659,6221.3,215.3,100.0,0.0,0.0,5,5247,0.163,0.189,83.7,84.0,80.7,82.6,25.24,25.27,24.75,25.06
136.674,6222.2,215.4,100.0,0.0,0.0,5,5251,0.147,0.194,83.7,84.0,80.7,82.6,25.23,25.27,24.75,25.06
136.69,6223.1,215.6,100.0,0.0,0.0,5,5253,0.132,0.193,83.7,84.0,80.7,82.6,25.23,25.27,24.75,25.06
136.706,6224.1,215.7,100.0,0.0,0.0,5,5254,0.15,0.197,83.7,84.0,80.7,82.6,25.23,25.27,24.75,25.06
136.721,6225.0,215.8,100.0,0.0,0.0,5,5256,0.147,0.197,83.7,84.0,80.7,82.6,25.23,25.27,24.75,25.06
136.737,6226.0,215.9,100.0,0.0,0.0,5,5259,0.114,0.195,83.7,84.0,80.7,82.6,25.23,25.27,24.75,25.06
136.754,6226.9,216.0,100.0,0.0,0.0,5,5263,0.137,0.192,83.7,84.0,80.7,82.6,25.23,25.27,24.75,25.06
136.769,6227.9,216.1,100.0,0.0,0.0,5,5264,0.132,0.199,83.7,84.0,80.7,82.7,25.23,25.27,24.75,25.06
136.784,6228.8,216.2,100.0,0.0,0.0,5,5264,0.113,0.194,83.7,84.0,80.7,82.7,25.23,25.27,24.75,25.06
136.8,6229.7,216.3,100.0,0.0,-0.0,5,5264,0.097,0.197,83.7,84.0,80.7,82.7,25.23,25.27,24.75,25.07
136.815,6230.6,216.4,100.0,0.0,-0.0,5,5268,0.103,0.187,83.7,84.0,80.7,82.7,25.23,25.27,24.75,25.07
136.831,6231.6,216.5,100.0,0.0,-0.01,5,5275,0.085,0.186,83.7,84.0,80.7,82.7,25.23,25.27,24.75,25.07
136.846,6232.5,216.6,100.0,0.0,-0.01,5,5276,0.082,0.204,83.7,84.0,80.7,82.7,25.23,25.27,24.75,25.07
136.862,6233.4,216.7,100.0,0.0,-0.01,5,5279,0.106,0.194,83.7,84.0,80.7,82.7,25.23,25.27,24.75,25.07
136.878,6234.4,216.8,100.0,0.0,-0.01,5,5284,0.099,0.18,83.7,84.0,80.7,82.7,25.23,25.27,24.75,25.07
136.894,6235.4,216.9,100.0,0.0,-0.02,5,5286,0.151,0.191,83.7,84.0,80.7,82.7,25.22,25.27,24.75,25.07
136.909,6236.3,217.0,100.0,0.0,-0.02,5,5285,0.16,0.204,83.7,84.0,80.7,82.7,25.22,25.27,24.75,25.07
136.924,6237.2,217.1,100.0,0.0,0.0,5,5285,0.2,0.197,83.6,84.0,80.7,82.7,25.22,25.27,24.75,25.07
136.94,6238.1,217.2,100.0,0.0,0.0,5,5288,0.121,0.182,83.6,84.0,80.7,82.7,25.22,25.27,24.75,25.07
136.956,6239.1,217.3,100.0,0.0,0.0,5,5292,0.123,0.182,83.6,84.0,80.7,82.7,25.22,25.27,24.75,25.07
136.971,6240.0,217.4,100.0,0.0,0.0,5,5294,0.119,0.187,83.6,84.0,80.7,82.7,25.22,25.27,24.75,25.07
136.986,6240.9,217.5,100.0,0.0,0.0,5,5294,0.115,0.195,83.6,84.0,80.7,82.7,25.22,25.27,24.75,25.07
137.002,6241.9,217.7,100.0,0.0,0.0,5,5298,0.13,0.179,83.6,84.0,80.7,82.7,25.22,25.27,24.75,25.07
137.018,6242.9,217.8,100.0,0.0,0.0,5,5305,0.106,0.181,83.6,84.0,80.7,82.7,25.22,25.27,24.75,25.07
137.033,6243.8,217.9,100.0,0.0,0.0,5,5305,0.105,0.193,83.6,84.0,80.7,82.7,25.22,25.27,24.75,25.07
137.049,6244.7,218.0,100.0,0.0,0.0,5,5306,0.104,0.186,83.6,84.0,80.7,82.7,25.22,25.27,24.75,25.07
137.064,6245.7,218.1,100.0,0.0,0.0,5,5311,0.082,0.177,83.6,84.0,80.7,82.7,25.22,25.27,24.75,25.07
137.08,6246.6,218.2,100.0,0.0,0.0,5,5316,0.081,0.183,83.6,84.0,80.7,82.7,25.22,25.27,24.75,25.07
137.095,6247.5,218.3,100.0,0.0,0.0,5,5316,0.09,0.192,83.6,84.0,80.7,82.7,25.22,25.27,24.75,25.07
137.11,6248.5,218.4,100.0,0.0,0.0,5,5316,0.073,0.183,83.6,84.0,80.7,82.7,25.21,25.27,24.75,25.07
137.126,6249.4,218.5,100.0,0.0,0.0,5,5321,0.062,0.173,83.6,84.0,80.7,82.7,25.21,25.27,24.75,25.07
137.143,6250.4,218.6,100.0,0.0,0.0,5,5324,0.056,0.193,83.6,84.0,80.7,82.7,25.21,25.27,24.75,25.07
137.157,6251.3,218.7,100.0,0.0,0.0,5,5326,0.04,0.179,83.6,84.0,80.7,82.7,25.21,25.27,24.75,25.07
137.172,6252.2,218.8,100.0,0.0,0.0,5,5326,0.033,0.183,83.6,84.0,80.7,82.7,25.21,25.27,24.75,25.08
137.187,6253.1,218.9,100.0,0.0,0.0,5,5330,0.046,0.171,83.6,84.0,80.7,82.7,25.21,25.27,24.75,25.08
137.204,6254.2,219.0,100.0,0.0,0.0,5,5332,0.051,0.185,83.6,84.0,80.7,82.7,25.21,25.27,24.75,25.08
137.22,6255.1,219.1,100.0,0.0,0.0,5,5333,0.035,0.187,83.6,84.0,80.7,82.7,25.21,25.27,24.75,25.08
137.235,6256.1,219.2,100.0,0.0,0.0,5,5333,0.047,0.182,83.6,84.0,80.7,82.7,25.21,25.27,24.75,25.08
137.251,6257.0,219.3,100.0,0.0,0.0,5,5338,0.042,0.173,83.6,84.0,80.7,82.7,25.21,25.27,24.75,25.08
137.266,6257.9,219.4,100.0,0.0,0.0,5,5342,0.032,0.181,83.6,84.0,80.7,82.7,25.21,25.27,24.75,25.08
137.282,6258.9,219.5,100.0,0.0,0.0,5,5343,0.001,0.185,83.5,84.0,80.7,82.7,25.21,25.27,24.75,25.08
137.297,6259.8,219.6,100.0,0.0,0.0,5,5345,0.006,0.184,83.5,84.0,80.7,82.7,25.21,25.27,24.75,25.08
137.314,6260.8,219.7,100.0,0.0,0.0,5,5349,0.011,0.168,83.5,84.0,80.7,82.7,25.21,25.27,24.75,25.08
137.329,6261.8,219.8,100.0,0.0,0.0,5,5354,-0.009,0.17,83.5,84.0,80.7,82.7,25.21,25.27,24.75,25.08
137.345,6262.7,219.9,100.0,0.0,0.0,5,5356,-0.015,0.178,83.5,84.0,80.7,82.7,25.2,25.27,24.75,25.08
137.36,6263.7,220.0,100.0,0.0,0.0,5,5356,-0.009,0.178,83.5,84.0,80.7,82.7,25.2,25.27,24.75,25.08
137.375,6264.6,220.1,100.0,0.0,0.01,5,5358,-0.042,0.176,83.5,84.0,80.7,82.8,25.2,25.27,24.75,25.08
137.391,6265.6,220.2,100.0,0.0,0.01,5,5361,-0.061,0.177,83.5,84.0,80.7,82.8,25.2,25.27,24.75,25.08
137.406,6266.5,220.3,100.0,0.0,0.01,5,5362,-0.075,0.189,83.5,84.0,80.7,82.8,25.2,25.27,24.75,25.08
137.421,6267.4,220.4,100.0,0.0,0.01,5,5361,-0.088,0.179,83.5,84.0,80.7,82.8,25.2,25.27,24.75,25.08
137.437,6268.4,220.4,100.0,0.0,0.02,5,5371,-0.115,0.154,83.5,84.0,80.7,82.8,25.2,25.27,24.75,25.08
137.452,6269.3,220.5,100.0,0.0,0.02,5,5379,-0.143,0.179,83.5,84.0,80.7,82.8,25.2,25.27,24.75,25.08
137.468,6270.3,220.6,100.0,0.0,0.02,5,5380,-0.178,0.176,83.5,84.0,80.7,82.8,25.2,25.27,24.75,25.08
137.484,6271.2,220.7,100.0,0.0,0.03,5,5379,-0.226,0.176,83.5,84.0,80.7,82.8,25.2,25.27,24.75,25.08
137.5,6272.2,220.8,100.0,0.0,0.03,5,5378,-0.273,0.18,83.5,84.0,80.7,82.8,25.2,25.27,24.75,25.08
137.515,6273.2,220.9,100.0,0.0,0.03,5,5375,-0.291,0.182,83.5,84.0,80.7,82.8,25.2,25.27,24.75,25.08
137.531,6274.1,221.0,100.0,0.0,0.03,5,5379,-0.361,0.163,83.5,84.0,80.7,82.8,25.2,25.27,24.75,25.08
137.547,6275.1,221.1,100.0,0.0,0.04,5,5378,-0.406,0.181,83.5,84.0,80.7,82.8,25.2,25.27,24.75,25.08
137.562,6276.1,221.2,100.0,0.0,0.04,5,5383,-0.463,0.165,83.5,83.9,80.7,82.8,25.2,25.27,24.75,25.08
137.577,6277.0,221.3,100.0,0.0,0.04,5,5387,-0.487,0.171,83.5,83.9,80.7,82.8,25.2,25.27,24.75,25.08
137.593,6278.0,221.4,100.0,0.0,0.04,5,5391,-0.557,0.17,83.5,83.9,80.7,82.8,25.19,25.27,24.75,25.08
137.609,6278.9,221.5,100.0,0.0,0.05,5,5389,-0.618,0.179,83.5,83.9,80.7,82.8,25.19,25.27,24.75,25.08
137.624,6279.9,221.6,100.0,0.0,0.05,5,5396,-0.64,0.151,83.5,83.9,80.7,82.8,25.19,25.27,24.75,25.09
137.64,6280.8,221.7,100.0,0.0,0.05,5,5402,-0.646,0.163,83.5,83.9,80.7,82.8,25.19,25.27,24.75,25.09
137.655,6281.8,221.7,100.0,0.0,0.06,5,5404,-0.705,0.175,83.5,83.9,80.7,82.8,25.19,25.27,24.76,25.09
137.671,6282.8,221.9,100.0,0.0,0.0,5,5407,-0.663,0.158,83.5,83.9,80.7,82.8,25.19,25.27,24.76,25.09
137.687,6283.7,221.9,100.0,0.0,0.0,5,5416,-0.517,0.147,83.4,83.9,80.7,82.8,25.19,25.27,24.76,25.09
137.703,6284.8,222.0,100.0,0.0,0.0,5,5420,-0.582,0.17,83.4,83.9,80.7,82.8,25.19,25.27,24.76,25.09
137.719,6285.7,222.1,100.0,0.0,0.0,5,5420,-0.59,0.18,83.4,83.9,80.7,82.8,25.19,25.27,24.76,25.09
137.735,6286.7,222.2,100.0,0.0,0.0,5,5414,-0.626,0.199,83.4,83.9,80.7,82.8,25.19,25.27,24.76,25.09
137.75,6287.7,222.3,100.0,0.0,0.0,5,5406,-0.658,0.202,83.4,83.9,80.7,82.8,25.19,25.27,24.76,25.09
137.766,6288.6,222.4,100.0,0.0,0.0,5,5415,-0.572,0.147,83.4,83.9,80.7,82.8,25.19,25.27,24.76,25.09
137.781,6289.6,222.5,100.0,0.0,0.0,5,5415,-0.577,0.184,83.4,83.9,80.7,82.8,25.19,25.27,24.76,25.09
137.797,6290.6,222.6,100.0,0.0,0.0,5,5419,-0.534,0.154,83.4,83.9,80.7,82.8,25.19,25.27,24.76,25.09
137.814,6291.6,222.7,100.0,0.0,0.0,5,5423,-0.518,0.165,83.4,83.9,80.7,82.8,25.19,25.27,24.76,25.09
137.829,6292.5,222.8,100.0,0.0,0.01,5,5420,-0.483,0.19,83.4,83.9,80.7,82.8,25.19,25.27,24.76,25.09
137.844,6293.5,222.9,100.0,0.0,0.01,5,5419,-0.455,0.175,83.4,83.9,80.7,82.8,25.19,25.27,24.76,25.09
137.86,6294.4,222.9,100.0,0.0,0.01,5,5428,-0.459,0.154,83.4,83.9,80.7,82.8,25.19,25.27,24.76,25.09
137.875,6295.4,223.0,100.0,0.0,0.02,5,5430,-0.445,0.165,83.4,83.9,80.7,82.8,25.19,25.27,24.76,25.09
137.891,6296.4,223.1,100.0,0.0,0.02,5,5432,-0.433,0.168,83.4,83.9,80.7,82.8,25.19,25.27,24.76,25.09
137.906,6297.3,223.2,100.0,0.0,0.02,5,5427,-0.452,0.186,83.4,83.9,80.7,82.8,25.18,25.27,24.76,25.09
137.922,6298.3,223.3,100.0,0.0,0.02,5,5434,-0.459,0.145,83.4,83.9,80.7,82.8,25.18,25.27,24.76,25.09
137.937,6299.2,223.4,100.0,0.0,0.03,5,5437,-0.431,0.164,83.4,83.9,80.7,82.8,25.18,25.27,24.76,25.09
137.953,6300.2,223.5,100.0,0.0,0.01,5,5441,-0.447,0.163,83.4,83.9,80.7,82.8,25.18,25.27,24.76,25.09
137.969,6301.2,223.6,100.0,0.0,0.0,5,5440,-0.287,0.186,83.4,83.9,80.7,82.8,25.18,25.27,24.76,25.09
137.985,6302.2,223.7,100.0,0.0,0.0,5,5447,-0.264,0.154,83.4,83.9,80.7,82.8,25.18,25.26,24.76,25.09
138.0,6303.1,223.8,100.0,0.0,0.0,5,5449,-0.269,0.177,83.4,83.9,80.7,82.8,25.18,25.26,24.76,25.09
138.016,6304.1,223.8,100.0,0.0,0.0,5,5463,-0.253,0.136,83.4,83.9,80.7,82.8,25.18,25.26,24.76,25.09
138.032,6305.1,223.9,100.0,0.0,0.0,5,5465,-0.25,0.165,83.4,83.9,80.7,82.8,25.18,25.26,24.76,25.09
138.047,6306.1,224.0,100.0,0.0,0.0,5,5462,-0.269,0.168,83.4,83.9,80.7,82.8,25.18,25.26,24.76,25.09
138.063,6307.1,224.1,100.0,0.0,0.0,5,5457,-0.258,0.168,83.4,83.9,80.7,82.8,25.18,25.26,24.76,25.09
138.079,6308.0,224.2,100.0,0.0,0.0,5,5455,-0.258,0.174,83.4,83.9,80.7,82.8,25.18,25.26,24.76,25.09
138.095,6309.0,224.3,100.0,0.0,0.0,5,5454,-0.268,0.168,83.4,83.9,80.7,82.8,25.18,25.26,24.76,25.09
138.11,6310.0,224.4,100.0,0.0,0.01,5,5456,-0.235,0.171,83.4,83.9,80.7,82.8,25.18,25.26,24.76,25.09
138.126,6311.0,224.5,100.0,0.0,0.01,5,5458,-0.247,0.17,83.4,83.9,80.7,82.8,25.18,25.26,24.76,25.09
138.142,6312.0,224.6,100.0,0.0,0.01,5,5459,-0.227,0.174,83.3,83.9,80.7,82.8,25.18,25.26,24.76,25.09
138.158,6313.0,224.7,100.0,0.0,0.02,5,5462,-0.234,0.158,83.3,83.9,80.7,82.8,25.18,25.26,24.76,25.09
138.173,6313.9,224.8,100.0,0.0,0.02,5,5467,-0.233,0.162,83.3,83.9,80.7,82.8,25.17,25.26,24.76,25.09
138.188,6314.9,224.8,100.0,0.0,0.02,5,5474,-0.252,0.148,83.3,83.9,80.7,82.8,25.17,25.26,24.76,25.09
138.204,6315.9,224.9,100.0,0.0,0.02,5,5474,-0.25,0.16,83.3,83.9,80.7,82.8,25.17,25.26,24.76,25.09
138.221,6316.9,225.0,100.0,0.0,0.03,5,5476,-0.302,0.167,83.3,83.9,80.7,82.8,25.17,25.26,24.76,25.09
138.237,6317.9,225.1,100.0,0.0,0.03,5,5480,-0.337,0.157,83.3,83.9,80.7,82.8,25.17,25.26,24.76,25.09
138.252,6318.9,225.2,100.0,0.0,0.03,5,5486,-0.343,0.154,83.3,83.9,80.7,82.8,25.17,25.26,24.76,25.09
138.267,6319.8,225.3,100.0,0.0,0.03,5,5485,-0.391,0.165,83.3,83.9,80.7,82.8,25.17,25.26,24.76,25.09
138.283,6320.8,225.4,100.0,0.0,0.04,5,5488,-0.432,0.152,83.3,83.9,80.7,82.8,25.17,25.26,24.76,25.1
138.299,6321.8,225.5,100.0,0.0,0.04,5,5491,-0.483,0.152,83.3,83.9,80.7,82.8,25.17,25.26,24.76,25.1
138.315,6322.8,225.5,100.0,0.0,0.04,5,5496,-0.503,0.149,83.3,83.9,80.8,82.8,25.17,25.26,24.76,25.1
138.33,6323.7,225.6,100.0,0.0,0.05,5,5496,-0.561,0.16,83.3,83.9,80.8,82.8,25.17,25.26,24.76,25.1
138.346,6324.7,225.7,100.0,0.0,0.05,5,5498,-0.631,0.155,83.3,83.9,80.8,82.8,25.17,25.26,24.76,25.1
138.362,6325.7,225.8,100.0,0.0,0.05,5,5504,-0.683,0.13,83.3,83.9,80.8,82.8,25.17,25.26,24.76,25.1
138.377,6326.7,225.9,100.0,0.0,0.05,5,5509,-0.712,0.141,83.3,83.9,80.8,82.8,25.17,25.26,24.76,25.1
138.393,6327.7,225.9,100.0,0.0,0.06,5,5507,-0.765,0.164,83.3,83.9,80.8,82.8,25.17,25.26,24.76,25.1
138.408,6328.6,226.0,100.0,0.0,0.06,5,5504,-0.851,0.15,83.3,83.9,80.8,82.8,25.17,25.26,24.76,25.1
138.423,6329.6,226.1,100.0,0.0,0.06,5,5507,-0.941,0.138,83.3,83.9,80.8,82.9,25.16,25.26,24.76,25.1
138.439,6330.6,226.2,100.0,0.0,0.06,5,5513,-0.996,0.143,83.3,83.9,80.8,82.9,25.16,25.26,24.76,25.1
138.455,6331.6,226.2,100.0,0.0,0.07,5,5510,-1.122,0.142,83.3,83.9,80.8,82.9,25.16,25.26,24.76,25.1
138.47,6332.5,226.3,100.0,0.0,0.07,5,5516,-1.204,0.1,83.3,83.9,80.8,82.9,25.16,25.26,24.76,25.1
138.486,6333.5,226.4,100.0,0.0,0.07,5,5517,-1.221,0.136,83.3,83.9,80.8,82.9,25.16,25.26,24.76,25.1
138.501,6334.5,226.4,100.0,0.0,0.08,5,5511,-1.369,0.148,83.3,83.9,80.8,82.9,25.16,25.26,24.76,25.1
138.517,6335.5,226.5,100.0,0.0,0.04,5,5507,-1.411,0.131,83.3,83.9,80.8,82.9,25.16,25.26,24.76,25.1
138.532,6336.4,226.5,100.0,0.0,0.0,5,5515,-1.224,0.122,83.3,83.8,80.8,82.9,25.16,25.26,24.76,25.1
138.548,6337.4,226.6,100.0,0.0,0.0,5,5516,-1.121,0.148,83.3,83.8,80.8,82.9,25.16,25.25,24.76,25.1
138.563,6338.4,226.7,100.0,0.0,0.0,5,5517,-1.156,0.164,83.3,83.8,80.8,82.9,25.16,25.25,24.77,25.1
138.579,6339.4,226.8,100.0,0.0,0.0,5,5520,-1.107,0.13,83.3,83.8,80.8,82.9,25.16,25.25,24.77,25.1
138.594,6340.3,226.8,100.0,0.0,0.0,5,5525,-1.054,0.144,83.3,83.8,80.8,82.9,25.16,25.25,24.77,25.1
138.61,6341.3,226.9,100.0,0.0,0.0,5,5527,-1.004,0.146,83.3,83.8,80.8,82.9,25.16,25.25,24.77,25.1
138.625,6342.3,227.0,100.0,0.0,0.0,5,5524,-0.968,0.164,83.3,83.8,80.8,82.9,25.16,25.25,24.77,25.1
138.641,6343.3,227.0,100.0,0.0,0.0,5,5528,-0.87,0.135,83.3,83.8,80.8,82.9,25.16,25.25,24.77,25.1
138.656,6344.2,227.1,100.0,0.0,0.0,5,5530,-0.797,0.148,83.3,83.8,80.8,82.9,25.16,25.25,24.77,25.1
138.672,6345.2,227.2,100.0,0.0,0.0,5,5531,-0.712,0.146,83.3,83.8,80.8,82.9,25.16,25.25,24.77,25.1
138.688,6346.2,227.3,100.0,0.0,0.0,5,5531,-0.653,0.156,83.3,83.8,80.8,82.9,25.16,25.25,24.77,25.1
138.704,6347.2,227.3,100.0,0.0,0.0,5,5536,-0.605,0.14,83.3,83.8,80.8,82.9,25.16,25.25,24.77,25.1
138.719,6348.2,227.4,100.0,0.0,0.0,5,5543,-0.534,0.131,83.2,83.8,80.8,82.9,25.16,25.25,24.77,25.1
138.734,6349.2,227.5,100.0,0.0,0.0,5,5543,-0.489,0.154,83.2,83.8,80.8,82.9,25.16,25.25,24.77,25.1
138.75,6350.2,227.6,100.0,0.0,0.0,5,5538,-0.455,0.168,83.2,83.8,80.8,82.9,25.16,25.25,24.77,25.1
138.766,6351.2,227.7,100.0,0.0,0.0,5,5541,-0.425,0.129,83.2,83.8,80.8,82.9,25.16,25.25,24.77,25.1
138.781,6352.1,227.7,100.0,0.0,0.01,5,5546,-0.398,0.138,83.2,83.8,80.8,82.9,25.16,25.25,24.77,25.1
138.796,6353.1,227.8,100.0,0.0,0.01,5,5546,-0.346,0.147,83.2,83.8,80.8,82.9,25.16,25.25,24.77,25.1
138.812,6354.1,227.9,100.0,0.0,0.01,5,5542,-0.317,0.164,83.2,83.8,80.8,82.9,25.16,25.25,24.77,25.1
138.829,6355.1,228.0,100.0,0.0,0.01,5,5544,-0.322,0.143,83.2,83.8,80.8,82.9,25.16,25.25,24.77,25.1
138.845,6356.2,228.1,100.0,0.0,0.02,5,5549,-0.259,0.148,83.2,83.8,80.8,82.9,25.15,25.25,24.77,25.1
138.86,6357.1,228.1,100.0,0.0,0.02,5,5552,-0.276,0.147,83.2,83.8,80.8,82.9,25.15,25.25,24.77,25.1
138.876,6358.2,228.2,100.0,0.0,0.02,5,5552,-0.303,0.151,83.2,83.8,80.8,82.9,25.15,25.25,24.77,25.1
138.892,6359.2,228.3,100.0,0.0,0.03,5,5559,-0.339,0.135,83.2,83.8,80.8,82.9,25.15,25.25,24.77,25.1
138.907,6360.1,228.4,100.0,0.0,0.03,5,5563,-0.378,0.133,83.2,83.8,80.8,82.9,25.15,25.25,24.77,25.1
138.924,6361.2,228.5,100.0,0.0,0.03,5,5561,-0.416,0.147,83.2,83.8,80.8,82.9,25.15,25.25,24.77,25.1
138.939,6362.2,228.5,100.0,0.0,0.03,5,5559,-0.447,0.133,83.2,83.8,80.8,82.9,25.15,25.25,24.77,25.1
138.954,6363.1,228.6,100.0,0.0,0.04,5,5562,-0.519,0.142,83.2,83.8,80.8,82.9,25.15,25.25,24.77,25.1
138.97,6364.1,228.7,100.0,0.0,0.04,5,5561,-0.564,0.138,83.2,83.8,80.8,82.9,25.15,25.25,24.77,25.1
138.985,6365.1,228.8,100.0,0.0,0.04,5,5563,-0.571,0.14,83.2,83.8,80.8,82.9,25.15,25.25,24.77,25.1
139.0,6366.0,228.8,100.0,0.0,0.05,5,5567,-0.624,0.119,83.2,83.8,80.8,82.9,25.15,25.25,24.77,25.1
139.016,6367.0,228.9,100.0,0.0,0.05,5,5569,-0.654,0.138,83.2,83.8,80.8,82.9,25.15,25.25,24.77,25.1
139.032,6368.0,229.0,100.0,0.0,0.05,5,5574,-0.74,0.131,83.2,83.8,80.8,82.9,25.15,25.25,24.77,25.1
139.047,6369.0,229.0,100.0,0.0,0.01,5,5576,-0.717,0.145,83.2,83.8,80.8,82.9,25.15,25.25,24.77,25.1
139.062,6370.0,229.1,100.0,0.0,0.0,5,5578,-0.558,0.136,83.2,83.8,80.8,82.9,25.15,25.25,24.77,25.1
139.077,6370.9,229.2,100.0,0.0,0.0,5,5578,-0.555,0.136,83.2,83.8,80.8,82.9,25.15,25.25,24.77,25.1
139.093,6372.0,229.3,100.0,0.0,0.0,5,5583,-0.574,0.126,83.2,83.8,80.8,82.9,25.15,25.24,24.77,25.1
139.109,6372.9,229.3,100.0,0.0,0.0,5,5586,-0.608,0.141,83.2,83.8,80.8,82.9,25.15,25.24,24.77,25.1
139.124,6373.9,229.4,100.0,0.0,0.0,5,5582,-0.599,0.148,83.2,83.8,80.8,82.9,25.15,25.24,24.77,25.1
139.14,6375.0,229.5,100.0,0.0,0.0,5,5584,-0.611,0.132,83.2,83.8,80.8,82.9,25.15,25.24,24.77,25.1
139.156,6375.9,229.6,100.0,0.0,0.01,5,5585,-0.594,0.137,83.2,83.8,80.8,82.9,25.15,25.24,24.77,25.11
139.171,6376.9,229.6,100.0,0.0,0.01,5,5584,-0.58,0.148,83.2,83.8,80.8,82.9,25.14,25.24,24.77,25.11
139.187,6377.9,229.7,100.0,0.0,0.01,5,5586,-0.555,0.132,83.1,83.8,80.8,82.9,25.14,25.24,24.77,25.11
139.202,6378.9,229.8,100.0,0.0,0.02,5,5590,-0.55,0.132,83.1,83.8,80.8,82.9,25.14,25.24,24.77,25.11
139.218,6379.9,229.8,100.0,0.0,0.02,5,5592,-0.527,0.133,83.1,83.8,80.8,82.9,25.14,25.24,24.77,25.11
139.233,6380.9,229.9,100.0,0.0,0.02,5,5593,-0.512,0.142,83.1,83.8,80.8,82.9,25.14,25.24,24.77,25.11
139.248,6381.8,230.0,100.0,0.0,0.02,5,5593,-0.539,0.13,83.1,83.8,80.8,82.9,25.14,25.24,24.77,25.11
139.264,6382.9,230.1,100.0,0.0,0.03,5,5594,-0.528,0.135,83.1,83.8,80.8,82.9,25.14,25.24,24.78,25.11
139.28,6383.9,230.1,100.0,0.0,0.03,5,5597,-0.535,0.135,83.1,83.8,80.8,82.9,25.14,25.24,24.78,25.11
139.295,6384.9,230.2,100.0,0.0,0.03,5,5599,-0.537,0.125,83.1,83.8,80.8,82.9,25.14,25.24,24.78,25.11
139.311,6385.9,230.3,100.0,0.0,0.0,5,5602,-0.577,0.13,83.1,83.8,80.8,82.9,25.14,25.24,24.78,25.11
139.327,6386.9,230.4,100.0,0.0,0.0,5,5605,-0.394,0.14,83.1,83.8,80.9,82.9,25.14,25.24,24.78,25.11
139.342,6387.9,230.4,100.0,0.0,0.0,5,5606,-0.388,0.142,83.1,83.7,80.9,82.9,25.14,25.24,24.78,25.11
139.358,6388.8,230.5,100.0,0.0,0.0,5,5608,-0.392,0.125,83.1,83.7,80.9,82.9,25.14,25.24,24.78,25.11
139.373,6389.9,230.6,100.0,0.0,0.0,5,5611,-0.386,0.133,83.1,83.7,80.9,82.9,25.14,25.24,24.78,25.11
139.389,6390.9,230.6,100.0,0.0,0.0,5,5613,-0.36,0.125,83.1,83.7,80.9,82.9,25.14,25.24,24.78,25.11
139.404,6391.8,230.7,100.0,0.0,0.0,5,5614,-0.357,0.142,83.1,83.7,80.9,82.9,25.14,25.24,24.78,25.11
139.421,6392.9,230.8,100.0,0.0,0.0,5,5614,-0.332,0.134,83.1,83.7,80.9,82.9,25.14,25.24,24.78,25.11
139.436,6393.9,230.8,100.0,0.0,0.0,5,5615,-0.287,0.124,83.1,83.7,80.9,82.9,25.14,25.24,24.78,25.11
139.451,6394.9,230.9,100.0,0.0,0.0,5,5618,-0.259,0.126,83.1,83.7,80.9,82.9,25.13,25.24,24.78,25.11
139.467,6395.9,231.0,100.0,0.0,0.0,5,5619,-0.233,0.14,83.1,83.7,80.9,82.9,25.13,25.24,24.78,25.11
139.483,6396.9,231.1,100.0,0.0,0.0,5,5620,-0.214,0.131,83.1,83.7,80.9,82.9,25.13,25.24,24.78,25.11
139.498,6397.9,231.1,100.0,0.0,0.0,5,5624,-0.202,0.125,83.1,83.7,80.9,82.9,25.13,25.24,24.78,25.11
139.513,6398.8,231.2,100.0,0.0,0.0,5,5627,-0.184,0.117,83.1,83.7,80.9,82.9,25.13,25.24,24.78,25.11
139.529,6399.9,231.3,100.0,0.0,0.0,5,5630,-0.18,0.117,83.1,83.7,80.9,82.9,25.13,25.24,24.78,25.11
139.545,6400.9,231.3,100.0,0.0,0.01,5,5630,-0.17,0.131,83.1,83.7,80.9,82.9,25.13,25.24,24.78,25.11
139.561,6401.9,231.4,100.0,0.0,0.01,5,5629,-0.17,0.138,83.1,83.7,80.9,82.9,25.13,25.24,24.78,25.11
139.577,6402.9,231.5,100.0,0.0,0.01,5,5628,-0.175,0.134,83.1,83.7,80.9,82.9,25.13,25.24,24.78,25.11
139.593,6403.9,231.6,100.0,0.0,0.01,5,5628,-0.185,0.121,83.1,83.7,80.9,82.9,25.13,25.24,24.78,25.11
139.608,6404.9,231.6,100.0,0.0,0.02,5,5632,-0.196,0.131,83.1,83.7,80.9,82.9,25.13,25.24,24.78,25.11
139.624,6405.9,231.7,100.0,0.0,0.02,5,5634,-0.206,0.126,83.0,83.7,80.9,83.0,25.13,25.24,24.78,25.11
139.639,6406.9,231.8,100.0,0.0,0.02,5,5634,-0.248,0.124,83.0,83.7,80.9,83.0,25.13,25.23,24.78,25.11
139.654,6407.9,231.8,100.0,0.0,0.02,5,5638,-0.268,0.122,83.0,83.7,80.9,83.0,25.13,25.23,24.78,25.11
139.67,6408.9,231.9,100.0,0.0,0.03,5,5643,-0.301,0.119,83.0,83.7,80.9,83.0,25.13,25.23,24.78,25.11
139.685,6409.9,232.0,100.0,0.0,0.03,5,5645,-0.339,0.112,83.0,83.7,80.9,83.0,25.13,25.23,24.78,25.11
139.701,6410.9,232.0,100.0,0.0,0.03,5,5646,-0.39,0.121,83.0,83.7,80.9,83.0,25.12,25.23,24.78,25.11
139.717,6411.9,232.1,100.0,0.0,0.04,5,5648,-0.433,0.119,83.0,83.7,80.9,83.0,25.12,25.23,24.78,25.11
139.732,6412.9,232.2,100.0,0.0,0.04,5,5647,-0.497,0.124,83.0,83.7,80.9,83.0,25.12,25.23,24.78,25.11
139.748,6413.9,232.2,100.0,0.0,0.04,5,5649,-0.542,0.116,83.0,83.7,80.9,83.0,25.12,25.23,24.78,25.11
139.763,6414.9,232.3,100.0,0.0,0.04,5,5651,-0.612,0.114,83.0,83.7,80.9,83.0,25.12,25.23,24.78,25.11
139.779,6415.9,232.4,100.0,0.0,0.05,5,5652,-0.652,0.118,83.0,83.7,80.9,83.0,25.12,25.23,24.78,25.11
139.794,6416.9,232.4,100.0,0.0,0.05,5,5654,-0.692,0.119,83.0,83.7,80.9,83.0,25.12,25.23,24.78,25.11
139.809,6417.9,232.5,100.0,0.0,0.05,5,5656,-0.721,0.112,83.0,83.7,80.9,83.0,25.12,25.23,24.78,25.11
139.824,6418.9,232.5,100.0,0.0,0.05,5,5661,-0.73,0.112,83.0,83.7,80.9,83.0,25.12,25.23,24.78,25.11
139.84,6419.9,232.6,100.0,0.0,0.06,5,5664,-0.771,0.125,83.0,83.7,80.9,83.0,25.12,25.23,24.78,25.11
139.855,6420.9,232.7,100.0,0.0,0.06,5,5668,-0.797,0.113,83.0,83.7,80.9,83.0,25.12,25.23,24.78,25.11
139.872,6421.9,232.7,100.0,0.0,0.06,5,5673,-0.837,0.112,83.0,83.7,80.9,83.0,25.12,25.23,24.78,25.11
139.887,6422.9,232.8,100.0,0.0,0.02,5,5675,-0.869,0.106,83.0,83.7,80.9,83.0,25.12,25.23,24.78,25.11
139.902,6423.9,232.8,100.0,0.0,0.0,5,5681,-0.728,0.104,83.0,83.7,80.9,83.0,25.12,25.23,24.78,25.11
139.918,6424.9,232.9,100.0,0.0,0.0,5,5682,-0.76,0.109,83.0,83.7,80.9,83.0,25.12,25.23,24.78,25.11
139.934,6425.9,232.9,100.0,0.0,0.0,5,5674,-0.852,0.143,83.0,83.7,80.9,83.0,25.12,25.23,24.78,25.11
139.949,6426.9,233.0,100.0,0.0,0.0,5,5671,-0.885,0.126,83.0,83.7,80.9,83.0,25.12,25.23,24.78,25.11
139.965,6428.0,233.1,100.0,0.0,0.0,5,5670,-0.893,0.116,83.0,83.7,80.9,83.0,25.12,25.22,24.78,25.11
139.981,6429.0,233.1,100.0,0.0,0.0,5,5672,-0.845,0.11,83.0,83.7,80.9,83.0,25.12,25.22,24.78,25.11
139.997,6430.0,233.2,100.0,0.0,0.0,5,5671,-0.799,0.128,83.0,83.6,80.9,83.0,25.12,25.22,24.78,25.11
140.013,6431.1,233.3,100.0,0.0,0.0,5,5671,-0.754,0.127,83.0,83.6,80.9,83.0,25.11,25.22,24.78,25.11
140.028,6432.0,233.3,100.0,0.0,0.0,5,5670,-0.712,0.123,83.0,83.6,80.9,83.0,25.11,25.22,24.78,25.11
140.043,6433.0,233.4,100.0,0.0,0.0,5,5673,-0.64,0.112,83.0,83.6,80.9,83.0,25.11,25.22,24.78,25.11
140.059,6434.0,233.4,100.0,0.0,0.0,5,5678,-0.553,0.124,83.0,83.6,80.9,83.0,25.11,25.22,24.78,25.11
140.075,6435.1,233.5,100.0,0.0,0.0,5,5679,-0.506,0.113,83.0,83.6,80.9,83.0,25.11,25.22,24.78,25.11
140.09,6436.1,233.6,100.0,0.0,0.0,5,5683,-0.461,0.113,83.0,83.6,80.9,83.0,25.11,25.22,24.78,25.12
140.107,6437.2,233.6,100.0,0.0,0.01,5,5686,-0.417,0.118,82.9,83.6,80.9,83.0,25.11,25.22,24.78,25.12
140.122,6438.2,233.7,100.0,0.0,0.01,5,5686,-0.403,0.11,82.9,83.6,80.9,83.0,25.11,25.22,24.78,25.12
140.138,6439.2,233.8,100.0,0.0,0.01,5,5683,-0.381,0.136,82.9,83.6,80.9,83.0,25.11,25.22,24.78,25.12
140.153,6440.2,233.8,100.0,0.0,0.01,5,5685,-0.346,0.118,82.9,83.6,80.9,83.0,25.11,25.22,24.78,25.12
140.169,6441.2,233.9,100.0,0.0,0.02,5,5686,-0.34,0.114,82.9,83.6,80.9,83.0,25.11,25.22,24.79,25.12
140.184,6442.2,234.0,100.0,0.0,0.02,5,5687,-0.325,0.134,82.9,83.6,80.9,83.0,25.11,25.22,24.79,25.12
140.2,6443.2,234.0,100.0,0.0,0.02,5,5691,-0.325,0.112,82.9,83.6,80.9,83.0,25.11,25.22,24.79,25.12
140.215,6444.2,234.1,100.0,0.0,0.02,5,5695,-0.339,0.107,82.9,83.6,80.9,83.0,25.11,25.22,24.79,25.12
140.231,6445.2,234.1,100.0,0.0,0.03,5,5700,-0.353,0.107,82.9,83.6,80.9,83.0,25.11,25.22,24.79,25.12
140.247,6446.2,234.2,100.0,0.0,0.03,5,5701,-0.381,0.12,82.9,83.6,80.9,83.0,25.11,25.22,24.79,25.12
140.262,6447.3,234.3,100.0,0.0,0.03,5,5701,-0.408,0.123,82.9,83.6,80.9,83.0,25.11,25.22,24.79,25.12
140.278,6448.3,234.3,100.0,0.0,0.04,5,5701,-0.46,0.116,82.9,83.6,80.9,83.0,25.1,25.22,24.79,25.12
140.293,6449.3,234.4,100.0,0.0,0.04,5,5705,-0.502,0.11,82.9,83.6,80.9,83.0,25.1,25.22,24.79,25.12
140.309,6450.3,234.5,100.0,0.0,0.04,5,5705,-0.576,0.109,82.9,83.6,80.9,83.0,25.1,25.22,24.79,25.12
140.325,6451.4,234.5,100.0,0.0,0.04,5,5705,-0.62,0.102,82.9,83.6,80.9,83.0,25.1,25.22,24.79,25.12
140.341,6452.4,234.6,100.0,0.0,0.05,5,5705,-0.659,0.112,82.9,83.6,80.9,83.0,25.1,25.21,24.79,25.12
140.356,6453.4,234.6,100.0,0.0,0.05,5,5704,-0.67,0.111,82.9,83.6,80.9,83.0,25.1,25.21,24.79,25.12
140.372,6454.4,234.7,100.0,0.0,0.05,5,5704,-0.629,0.138,82.9,83.6,80.9,83.0,25.1,25.21,24.79,25.12
140.387,6455.4,234.8,100.0,0.0,0.05,5,5708,-0.626,0.122,82.9,83.6,80.9,83.0,25.1,25.21,24.79,25.12
140.402,6456.4,234.8,100.0,0.0,0.06,5,5720,-0.722,0.081,82.9,83.6,80.9,83.0,25.1,25.21,24.79,25.12
140.418,6457.4,234.8,100.0,0.0,0.06,5,5744,-0.727,0.04,82.9,83.6,80.9,83.0,25.1,25.21,24.79,25.12
140.433,6458.4,234.9,100.0,0.0,0.06,5,5760,-0.813,0.084,82.9,83.6,80.9,83.0,25.1,25.21,24.79,25.12
140.449,6459.5,234.9,100.0,0.0,0.02,5,5737,-0.892,0.143,82.9,83.6,80.9,83.0,25.1,25.21,24.79,25.12
140.465,6460.4,235.0,100.0,0.0,0.0,5,5730,-0.831,0.121,82.9,83.6,80.9,83.0,25.1,25.21,24.79,25.12
140.48,6461.5,235.1,100.0,0.0,0.0,5,5725,-0.849,0.121,82.9,83.6,80.9,83.0,25.1,25.21,24.79,25.12
140.496,6462.5,235.1,100.0,0.0,0.0,5,5726,-0.905,0.108,82.9,83.6,80.9,83.0,25.1,25.21,24.79,25.12
140.512,6463.5,235.2,100.0,0.0,0.0,5,5716,-0.943,0.14,82.9,83.6,80.9,83.0,25.1,25.21,24.79,25.12
140.527,6464.5,235.2,100.0,0.0,0.0,5,5712,-0.954,0.101,82.9,83.6,80.9,83.0,25.1,25.21,24.79,25.12
140.542,6465.5,235.3,100.0,0.0,0.0,5,5713,-0.891,0.1,82.9,83.5,80.9,83.0,25.1,25.21,24.79,25.12
140.558,6466.5,235.3,100.0,0.0,0.0,5,5714,-0.83,0.122,82.9,83.5,80.9,83.0,25.1,25.21,24.79,25.12
140.573,6467.6,235.4,100.0,0.0,0.0,5,5714,-0.756,0.122,82.8,83.5,80.9,83.0,25.1,25.21,24.79,25.12
140.588,6468.5,235.5,0.0,0.0,0.0,5,5683,-0.681,0.12,82.8,83.5,80.9,83.0,25.1,25.21,24.79,25.12
140.604,6469.5,235.4,0.0,0.0,0.0,5,5649,-0.588,-0.312,82.8,83.5,80.9,83.0,25.09,25.21,24.79,25.12
140.619,6470.5,235.2,0.0,0.0,0.0,5,5649,-0.498,-0.284,82.8,83.5,80.9,83.0,25.09,25.2,24.79,25.12
140.634,6471.5,235.1,0.0,0.0,0.0,5,5643,-0.422,-0.287,82.8,83.5,80.9,83.0,25.09,25.2,24.79,25.12
140.65,6472.5,234.9,0.0,0.0,0.0,5,5638,-0.346,-0.284,82.8,83.5,80.9,83.0,25.09,25.2,24.79,25.12
140.665,6473.5,234.8,0.0,0.0,0.0,5,5635,-0.301,-0.274,82.8,83.5,80.9,83.0,25.09,25.2,24.79,25.12
140.681,6474.6,234.6,0.0,97.4,0.0,5,5591,-0.247,-0.284,82.8,83.5,80.9,83.0,25.09,25.2,24.79,25.12
140.697,6475.6,234.0,0.0,99.3,0.0,5,5515,-0.192,-1.741,82.8,83.5,80.9,83.0,25.09,25.2,24.79,25.12
140.712,6476.6,233.0,0.0,97.5,0.0,5,5484,-0.156,-1.836,82.8,83.5,80.9,83.0,25.09,25.2,24.79,25.12
140.727,6477.6,232.0,0.0,100.0,0.0,5,5452,-0.148,-1.958,82.8,83.5,80.9,83.0,25.09,25.2,24.79,25.12
140.744,6478.6,230.7,0.0,100.0,0.0,5,5408,-0.138,-1.971,82.8,83.5,80.9,83.0,25.09,25.2,24.79,25.12
140.759,6479.6,229.7,0.0,100.0,0.0,5,5369,-0.129,-1.883,82.8,83.5,80.9,83.0,25.09,25.2,24.79,25.12
140.775,6480.6,228.7,0.0,100.0,0.0,5,5351,-0.118,-1.974,82.8,83.5,80.9,83.0,25.09,25.2,24.79,25.12
140.79,6481.6,227.6,0.0,100.0,0.0,5,5334,-0.09,-1.931,82.8,83.5,80.9,83.0,25.09,25.2,24.79,25.12
140.805,6482.5,226.6,0.0,100.0,0.0,5,5313,-0.077,-1.935,82.8,83.5,80.9,83.0,25.09,25.2,24.79,25.11
140.821,6483.5,225.4,0.0,100.0,0.0,5,5296,-0.052,-1.922,82.8,83.5,80.9,83.0,25.09,25.2,24.79,25.11
140.838,6484.6,224.4,0.0,100.0,0.0,5,5273,-0.05,-1.873,82.8,83.5,80.9,83.0,25.09,25.2,24.79,25.11
140.853,6485.5,223.4,0.0,100.0,0.0,5,5261,-0.036,-1.92,82.8,83.5,80.9,83.0,25.09,25.2,24.79,25.11
140.868,6486.5,222.4,0.0,100.0,0.0,5,5239,-0.053,-1.919,82.8,83.5,80.9,83.0,25.09,25.2,24.79,25.11
140.885,6487.4,221.2,0.0,100.0,0.0,5,5201,-0.056,-1.89,82.8,83.5,80.9,83.0,25.09,25.2,24.79,25.11
140.9,6488.4,220.2,0.0,100.0,0.0,5,5175,-0.066,-1.894,82.8,83.5,80.9,83.0,25.09,25.2,24.78,25.11
140.915,6489.3,219.1,0.0,100.0,0.0,5,5154,-0.079,-1.922,82.8,83.5,80.9,83.0,25.08,25.2,24.78,25.11
140.931,6490.3,218.1,0.0,100.0,0.0,5,5126,-0.06,-1.895,82.8,83.5,80.9,83.0,25.08,25.2,24.78,25.11
140.946,6491.2,217.1,0.0,100.0,0.0,5,5100,-0.045,-1.869,82.8,83.5,80.9,83.0,25.08,25.2,24.78,25.11
140.962,6492.1,216.1,0.0,100.0,0.0,5,5079,-0.034,-1.932,82.8,83.5,80.9,82.9,25.08,25.2,24.78,25.11
140.977,6493.0,214.9,0.0,100.0,0.0,5,5050,-0.003,-1.908,82.8,83.5,80.9,82.9,25.08,25.2,24.78,25.11
140.993,6494.0,213.9,0.0,100.0,0.0,5,5021,-0.011,-1.881,82.8,83.5,80.9,82.9,25.08,25.2,24.78,25.11
141.008,6494.9,212.9,0.0,100.0,0.0,5,5000,-0.013,-1.896,82.8,83.5,80.9,82.9,25.08,25.2,24.78,25.11
141.023,6495.8,211.9,0.0,100.0,0.0,5,4978,-0.017,-1.876,82.8,83.5,80.9,82.9,25.08,25.2,24.78,25.11
141.039,6496.7,210.9,0.0,100.0,0.0,5,4957,-0.028,-1.877,82.8,83.5,80.9,82.9,25.08,25.2,24.78,25.11
141.055,6497.6,209.7,0.0,100.0,0.0,5,4928,-0.041,-1.877,82.8,83.5,80.9,82.9,25.08,25.2,24.78,25.11
141.071,6498.5,208.7,0.0,100.0,0.0,5,4902,-0.05,-1.883,82.7,83.5,80.9,82.9,25.08,25.2,24.78,25.11
141.086,6499.4,207.7,0.0,100.0,0.0,5,4873,-0.032,-1.865,82.7,83.5,80.9,82.9,25.08,25.2,24.78,25.11
141.101,6500.3,206.7,0.0,100.0,0.0,5,4843,-0.043,-1.867,82.7,83.5,80.9,82.9,25.08,25.2,24.78,25.11
141.117,6501.2,205.8,0.0,100.0,0.0,5,4824,-0.027,-1.883,82.7,83.5,80.9,82.9,25.08,25.2,24.78,25.11
141.133,6502.1,204.8,0.0,100.0,0.0,5,4806,-0.029,-1.858,82.7,83.5,80.9,82.9,25.08,25.2,24.78,25.11
141.148,6502.9,203.6,0.0,100.0,0.0,5,4776,-0.015,-1.83,82.7,83.5,80.9,82.9,25.08,25.2,24.78,25.11
141.164,6503.8,202.6,0.0,100.0,0.0,5,4749,-0.023,-1.844,82.7,83.5,80.9,82.9,25.08,25.2,24.78,25.11
141.179,6504.7,201.6,0.0,100.0,0.01,5,4720,-0.03,-1.89,82.7,83.5,80.8,82.9,25.08,25.2,24.78,25.11
141.194,6505.6,200.6,0.0,100.0,0.01,5,4689,-0.061,-1.933,82.7,83.5,80.8,82.9,25.08,25.2,24.77,25.11
141.21,6506.4,199.6,0.0,100.0,0.01,5,4661,-0.103,-1.875,82.7,83.5,80.8,82.9,25.08,25.2,24.77,25.11
141.226,6507.3,198.6,0.0,100.0,0.02,5,4647,-0.123,-1.881,82.7,83.5,80.8,82.9,25.07,25.2,24.77,25.1
141.241,6508.1,197.4,0.0,100.0,0.02,5,4642,-0.171,-1.91,82.7,83.5,80.8,82.9,25.07,25.2,24.77,25.1
141.256,6509.0,196.4,0.0,100.0,0.02,5,4626,-0.193,-1.845,82.7,83.5,80.8,82.9,25.07,25.2,24.77,25.1
141.272,6509.8,195.4,0.0,100.0,0.03,5,4601,-0.22,-1.839,82.7,83.5,80.8,82.9,25.07,25.2,24.77,25.1
141.288,6510.7,194.5,0.0,100.0,0.02,5,4577,-0.238,-1.833,82.7,83.5,80.8,82.9,25.07,25.2,24.77,25.1
141.304,6511.5,193.5,0.0,100.0,0.0,5,4552,-0.148,-1.813,82.7,83.5,80.8,82.9,25.07,25.2,24.77,25.1
141.319,6512.3,192.3,0.0,100.0,0.0,5,4513,-0.132,-1.845,82.7,83.5,80.8,82.9,25.07,25.2,24.77,25.1
141.334,6513.2,191.4,0.0,100.0,0.0,5,4484,-0.129,-1.838,82.7,83.5,80.8,82.9,25.07,25.2,24.77,25.1
141.35,6514.0,190.4,0.0,100.0,0.0,5,4449,-0.126,-1.853,82.7,83.5,80.8,82.9,25.07,25.2,24.77,25.1
141.366,6514.8,189.4,0.0,100.0,0.0,5,4422,-0.16,-1.838,82.7,83.5,80.8,82.9,25.07,25.2,24.77,25.1
141.382,6515.6,188.2,0.0,100.0,0.0,5,4394,-0.168,-1.88,82.7,83.5,80.8,82.9,25.07,25.2,24.77,25.1
141.397,6516.4,187.2,0.0,100.0,0.0,5,4375,-0.187,-1.877,82.7,83.5,80.8,82.9,25.07,25.2,24.77,25.1
141.413,6517.3,186.3,0.0,100.0,0.0,5,4346,-0.178,-1.812,82.7,83.5,80.8,82.9,25.07,25.2,24.77,25.1
141.429,6518.1,185.3,0.0,100.0,0.0,5,4330,-0.221,-1.841,82.7,83.5,80.8,82.9,25.07,25.19,24.77,25.1
141.444,6518.9,184.3,0.0,100.0,0.0,5,4320,-0.202,-1.896,82.7,83.5,80.8,82.9,25.07,25.19,24.77,25.1
141.46,6519.7,183.1,0.0,100.0,0.0,5,4296,-0.202,-1.871,82.7,83.5,80.8,82.9,25.07,25.19,24.76,25.1
141.476,6520.5,182.1,0.0,100.0,0.0,5,4270,-0.206,-1.823,82.7,83.5,80.8,82.9,25.07,25.19,24.76,25.1
141.491,6521.3,181.2,0.0,100.0,0.0,5,4248,-0.178,-1.819,82.7,83.5,80.8,82.9,25.07,25.19,24.76,25.1
141.507,6522.1,180.2,0.0,100.0,0.0,5,4230,-0.169,-1.826,82.7,83.5,80.8,82.8,25.06,25.19,24.76,25.1
141.523,6522.9,179.1,0.0,99.3,0.0,5,4207,-0.175,-1.781,82.6,83.5,80.8,82.8,25.06,25.19,24.76,25.09
141.539,6523.6,178.1,0.0,100.0,0.0,5,4178,-0.156,-1.818,82.6,83.5,80.8,82.8,25.06,25.19,24.76,25.09
141.555,6524.4,177.1,0.0,100.0,0.0,5,4148,-0.158,-1.786,82.6,83.5,80.8,82.8,25.06,25.19,24.76,25.09
141.57,6525.2,176.2,0.0,100.0,0.0,5,4119,-0.15,-1.813,82.6,83.4,80.8,82.8,25.06,25.19,24.76,25.09
141.586,6525.9,175.2,0.0,100.0,0.0,5,4084,-0.137,-1.835,82.6,83.4,80.7,82.8,25.06,25.19,24.76,25.09
141.601,6526.7,174.1,0.0,100.0,0.0,5,4060,-0.124,-1.793,82.6,83.4,80.7,82.8,25.06,25.19,24.76,25.09
141.617,6527.4,173.1,0.0,100.0,0.0,5,4030,-0.116,-1.8,82.6,83.4,80.7,82.8,25.06,25.19,24.76,25.09
141.632,6528.2,172.2,0.0,100.0,0.0,5,4012,-0.111,-1.876,82.6,83.4,80.7,82.8,25.06,25.19,24.76,25.09
141.648,6528.9,171.2,0.0,100.0,0.0,5,3993,-0.114,-1.826,82.6,83.4,80.7,82.8,25.06,25.19,24.76,25.09
141.663,6529.6,170.2,0.0,100.0,0.0,5,3959,-0.083,-1.796,82.6,83.4,80.7,82.8,25.06,25.19,24.76,25.09
141.679,6530.3,169.1,0.0,100.0,0.0,5,3943,-0.089,-1.837,82.6,83.4,80.7,82.8,25.06,25.19,24.75,25.09
141.694,6531.1,168.1,0.0,100.0,0.0,5,3932,-0.123,-1.862,82.6,83.4,80.7,82.8,25.06,25.19,24.75,25.09
141.71,6531.8,167.1,0.0,100.0,0.0,5,3919,-0.073,-1.816,82.6,83.4,80.7,82.8,25.06,25.19,24.75,25.09
141.726,6532.5,166.1,0.0,100.0,0.0,5,3901,-0.088,-1.797,82.6,83.4,80.7,82.8,25.06,25.19,24.75,25.09
141.742,6533.3,165.0,0.0,100.0,0.0,5,3875,-0.08,-1.813,82.6,83.4,80.7,82.8,25.05,25.19,24.75,25.09
141.757,6534.0,164.0,0.0,100.0,0.0,5,3858,-0.071,-1.817,82.6,83.4,80.7,82.8,25.05,25.19,24.75,25.09
141.773,6534.7,163.1,0.0,100.0,0.0,5,3824,-0.065,-1.777,82.6,83.4,80.7,82.8,25.05,25.19,24.75,25.09
141.789,6535.4,162.1,0.0,100.0,0.0,5,3793,-0.061,-1.787,82.6,83.4,80.7,82.8,25.05,25.19,24.75,25.08
141.804,6536.1,161.2,0.0,100.0,0.0,5,3768,-0.056,-1.76,82.6,83.4,80.7,82.8,25.05,25.19,24.75,25.08
141.82,6536.8,160.1,0.0,99.1,0.0,5,3741,-0.049,-1.777,82.6,83.4,80.7,82.8,25.05,25.19,24.75,25.08
141.835,6537.5,159.1,0.0,97.5,0.0,5,3726,-0.06,-1.787,82.6,83.4,80.7,82.8,25.05,25.19,24.75,25.08
141.851,6538.1,158.2,0.0,100.0,0.0,5,3704,-0.059,-1.79,82.6,83.4,80.7,82.8,25.05,25.19,24.75,25.08
141.866,6538.8,157.3,0.0,100.0,0.0,5,3668,-0.038,-1.791,82.6,83.4,80.7,82.8,25.05,25.19,24.75,25.08
141.881,6539.5,156.7,0.0,0.0,0.0,5,3768,-0.037,-0.178,82.5,83.4,80.7,82.8,25.05,25.18,24.75,25.08
141.896,6540.1,156.6,0.0,0.0,0.0,5,3772,-0.028,-0.218,82.5,83.4,80.7,82.8,25.05,25.18,24.74,25.08
141.912,6540.8,156.5,0.0,0.0,0.0,5,3771,-0.035,-0.132,82.5,83.4,80.6,82.7,25.05,25.18,24.74,25.08
141.928,6541.5,156.4,0.0,0.0,0.0,5,3768,-0.015,-0.152,82.5,83.4,80.6,82.7,25.04,25.18,24.74,25.08
141.944,6542.2,156.3,0.0,0.0,0.0,5,3765,-0.027,-0.16,82.5,83.4,80.6,82.7,25.04,25.18,24.74,25.08
141.959,6542.9,156.3,0.0,0.0,0.0,5,3765,-0.011,-0.152,82.5,83.4,80.6,82.7,25.04,25.18,24.74,25.08
141.974,6543.5,156.2,0.0,0.0,0.0,5,3761,-0.013,-0.137,82.5,83.4,80.6,82.7,25.04,25.18,24.74,25.08
141.99,6544.2,156.1,0.0,0.0,0.0,5,3758,-0.012,-0.14,82.5,83.4,80.6,82.7,25.04,25.18,24.74,25.08
142.005,6544.9,156.0,0.0,0.0,0.0,5,3754,-0.002,-0.145,82.5,83.4,80.6,82.7,25.04,25.18,24.74,25.08
142.021,6545.5,155.9,0.0,0.0,0.0,5,3751,-0.008,-0.154,82.5,83.4,80.6,82.7,25.04,25.18,24.74,25.08
142.036,6546.2,155.8,3.6,0.0,0.0,5,3751,0.003,-0.153,82.5,83.4,80.6,82.7,25.04,25.18,24.74,25.08
142.052,6546.9,155.8,9.6,0.0,0.0,5,3753,-0.012,-0.12,82.5,83.4,80.6,82.7,25.04,25.18,24.74,25.08
142.068,6547.6,155.7,15.6,0.0,0.0,5,3755,-0.008,-0.108,82.5,83.4,80.6,82.7,25.04,25.18,24.74,25.08
142.084,6548.2,155.7,21.6,0.0,0.0,5,3755,-0.005,-0.078,82.5,83.4,80.6,82.7,25.04,25.18,24.74,25.07
142.099,6548.9,155.6,28.8,0.0,0.0,5,3758,0.001,-0.037,82.5,83.4,80.6,82.7,25.03,25.18,24.74,25.07
142.114,6549.6,155.6,34.8,0.0,0.0,5,3763,0.003,-0.036,82.5,83.4,80.6,82.7,25.03,25.18,24.74,25.07
142.13,6550.2,155.6,40.8,0.0,0.0,5,3769,-0.003,-0.009,82.5,83.3,80.6,82.7,25.03,25.18,24.74,25.07
142.145,6550.9,155.6,46.8,0.0,0.0,5,3773,-0.002,0.019,82.4,83.3,80.6,82.7,25.03,25.18,24.73,25.07
142.161,6551.6,155.6,52.8,0.0,0.0,5,3777,-0.003,0.058,82.4,83.3,80.6,82.7,25.03,25.17,24.73,25.07
142.176,6552.2,155.7,58.8,0.0,0.0,5,3778,-0.004,0.064,82.4,83.3,80.6,82.7,25.03,25.17,24.73,25.07
142.192,6552.9,155.7,66.0,0.0,0.0,5,3788,0.005,0.077,82.4,83.3,80.6,82.7,25.03,25.17,24.73,25.07
142.208,6553.6,155.8,72.0,0.0,0.0,5,3793,0.014,0.124,82.4,83.3,80.6,82.7,25.03,25.17,24.73,25.07
142.224,6554.3,155.8,78.0,0.0,0.0,5,3798,0.009,0.15,82.4,83.3,80.6,82.7,25.03,25.17,24.73,25.07
142.24,6555.0,155.9,84.0,0.0,0.0,5,3795,-0.01,0.201,82.4,83.3,80.6,82.7,25.03,25.17,24.73,25.07
142.256,6555.7,156.0,0.0,0.0,0.0,5,3739,0.012,-0.037,82.4,83.3,80.6,82.7,25.02,25.17,24.73,25.07
142.271,6556.4,155.9,0.0,0.0,0.0,5,3756,0.01,-0.183,82.4,83.3,80.6,82.7,25.02,25.17,24.73,25.07
142.287,6557.1,155.8,0.0,0.0,0.01,5,3750,-0.013,-0.14,82.4,83.3,80.6,82.7,25.02,25.17,24.73,25.07
142.304,6557.8,155.7,0.0,0.0,0.01,5,3745,-0.045,-0.143,82.4,83.3,80.6,82.7,25.02,25.17,24.73,25.07
142.32,6558.5,155.7,0.0,0.0,0.02,5,3742,-0.077,-0.145,82.4,83.3,80.6,82.7,25.02,25.17,24.73,25.07
142.336,6559.2,155.6,0.0,0.0,0.02,5,3738,-0.124,-0.146,82.4,83.3,80.6,82.7,25.02,25.17,24.73,25.07
142.352,6559.8,155.5,0.0,0.0,0.03,5,3737,-0.162,-0.149,82.4,83.3,80.5,82.7,25.02,25.17,24.73,25.07
142.367,6560.5,155.4,0.0,0.0,0.04,5,3737,-0.198,-0.151,82.4,83.3,80.5,82.7,25.02,25.17,24.73,25.07
142.382,6561.2,155.3,0.0,0.0,0.04,5,3735,-0.222,-0.146,82.4,83.3,80.5,82.7,25.02,25.17,24.73,25.07
142.398,6561.8,155.2,0.0,0.0,0.05,5,3735,-0.282,-0.163,82.3,83.3,80.5,82.7,25.02,25.17,24.73,25.07
142.413,6562.5,155.2,0.0,0.0,0.05,5,3732,-0.334,-0.151,82.3,83.3,80.5,82.7,25.01,25.16,24.72,25.06
142.429,6563.2,154.7,0.0,82.2,0.06,5,3647,-0.31,-1.44,82.3,83.3,80.5,82.6,25.01,25.16,24.72,25.06
142.445,6563.8,153.9,0.0,83.9,0.06,5,3627,-0.329,-1.481,82.3,83.3,80.5,82.6,25.01,25.16,24.72,25.06
142.46,6564.5,153.1,0.0,85.8,0.07,5,3595,-0.38,-1.48,82.3,83.3,80.5,82.6,25.01,25.16,24.72,25.06
142.475,6565.1,152.3,0.0,92.4,0.08,5,3566,-0.443,-1.598,82.3,83.3,80.5,82.6,25.01,25.16,24.72,25.06
142.491,6565.8,151.4,0.0,100.0,0.08,5,3538,-0.492,-1.748,82.3,83.3,80.5,82.6,25.01,25.16,24.72,25.06
142.506,6566.4,150.4,0.0,100.0,0.09,5,3500,-0.575,-1.822,82.3,83.3,80.5,82.6,25.01,25.16,24.72,25.06
142.522,6567.1,149.3,50.0,100.0,0.09,0,3623,-0.599,-1.722,82.3,83.3,80.5,82.6,25.01,25.16,24.72,25.06
142.538,6567.7,148.4,50.0,100.0,0.1,0,3878,-0.657,-1.746,82.3,83.2,80.5,82.6,25.01,25.16,24.72,25.06
142.553,6568.4,147.4,50.0,100.0,0.11,0,4132,-0.704,-1.721,82.3,83.2,80.5,82.6,25.01,25.16,24.72,25.06
142.569,6569.0,146.5,43.6,100.0,0.11,0,4373,-0.773,-1.706,82.3,83.2,80.5,82.6,25.01,25.16,24.72,25.06
142.585,6569.7,145.4,27.3,100.0,0.12,0,4565,-0.845,-1.758,82.3,83.2,80.5,82.6,25.01,25.16,24.72,25.06
142.601,6570.3,144.5,13.6,100.0,0.13,0,4635,-0.906,-1.661,82.3,83.2,80.5,82.6,25.01,25.16,24.72,25.06
142.617,6570.9,143.7,0.0,95.4,0.13,0,4624,-0.842,-1.574,82.3,83.2,80.5,82.6,25.0,25.16,24.71,25.05
142.632,6571.6,142.8,0.0,95.6,0.14,0,4581,-0.945,-1.553,82.3,83.2,80.5,82.6,25.0,25.16,24.71,25.05
142.648,6572.2,142.0,0.0,95.6,0.14,0,4539,-0.962,-1.569,82.3,83.2,80.5,82.6,25.0,25.16,24.71,25.05
142.663,6572.8,140.9,0.0,99.5,0.15,4,4490,-1.054,-1.637,82.3,83.2,80.5,82.6,25.0,25.15,24.71,25.05
142.679,6573.4,140.0,0.0,100.0,0.16,4,4441,-1.108,-1.661,82.3,83.2,80.5,82.6,25.0,25.15,24.71,25.05
142.694,6574.0,139.1,0.0,100.0,0.17,4,4246,-1.091,-1.672,82.3,83.2,80.4,82.6,25.0,25.15,24.71,25.05
142.71,6574.6,138.3,0.0,100.0,0.17,4,3928,-1.266,-1.519,82.3,83.2,80.4,82.6,25.0,25.15,24.71,25.05
142.726,6575.2,137.3,0.0,100.0,0.18,4,3872,-1.253,-1.705,82.3,83.2,80.4,82.6,25.0,25.15,24.71,25.05
142.741,6575.8,136.4,0.0,100.0,0.19,4,3735,-1.269,-1.618,82.3,83.2,80.4,82.5,25.0,25.15,24.71,25.05
142.756,6576.3,135.5,0.0,97.6,0.19,4,3817,-1.245,-1.618,82.2,83.2,80.4,82.5,25.0,25.15,24.71,25.05
142.772,6576.9,134.7,0.0,94.5,0.2,4,3755,-1.307,-1.426,82.2,83.2,80.4,82.5,25.0,25.15,24.71,25.05
142.788,6577.5,133.9,0.0,85.9,0.21,4,3718,-1.215,-1.383,82.2,83.2,80.4,82.5,25.0,25.15,24.71,25.04
142.804,6578.1,133.2,0.0,79.8,0.21,4,3701,-1.213,-1.292,82.2,83.2,80.4,82.5,25.0,25.15,24.71,25.04
142.819,6578.7,132.4,0.0,76.1,0.22,4,3676,-1.152,-1.182,82.2,83.2,80.4,82.5,25.0,25.15,24.71,25.04
142.835,6579.2,131.7,0.0,80.7,0.23,4,3641,-1.17,-1.229,82.2,83.2,80.4,82.5,25.0,25.15,24.71,25.04
142.85,6579.8,131.0,0.0,74.6,0.24,4,3621,-1.068,-1.204,82.2,83.2,80.4,82.5,25.0,25.15,24.7,25.04
142.865,6580.3,130.4,0.0,78.4,0.25,4,3581,-1.064,-1.14,82.2,83.2,80.4,82.5,24.99,25.14,24.7,25.04
142.881,6580.9,129.7,0.0,82.1,0.25,4,3532,-1.004,-1.202,82.2,83.2,80.4,82.5,24.99,25.14,24.7,25.04
142.896,6581.5,129.0,0.0,85.4,0.26,4,3483,-0.975,-1.272,82.2,83.1,80.4,82.5,24.99,25.14,24.7,25.04
142.912,6582.0,128.2,0.0,86.9,0.27,4,3443,-1.132,-1.219,82.2,83.1,80.4,82.5,24.99,25.14,24.7,25.04
142.927,6582.5,127.5,0.0,88.3,0.28,4,3398,-1.083,-1.248,82.2,83.1,80.4,82.5,24.99,25.14,24.7,25.04
142.943,6583.1,126.8,0.0,89.9,0.28,4,3402,-1.048,-1.397,82.2,83.1,80.4,82.5,24.99,25.14,24.7,25.04
142.958,6583.6,126.1,0.0,94.3,0.29,4,3370,-1.201,-1.328,82.2,83.1,80.4,82.5,24.99,25.14,24.7,25.04
142.973,6584.2,125.3,0.0,99.1,0.3,4,3372,-1.266,-1.418,82.2,83.1,80.4,82.5,24.99,25.14,24.7,25.03
142.989,6584.7,124.6,0.0,99.5,0.31,4,3331,-1.273,-1.406,82.2,83.1,80.4,82.5,24.99,25.14,24.7,25.03
143.005,6585.3,123.6,0.0,100.0,0.32,4,3312,-1.259,-1.508,82.2,83.1,80.4,82.5,24.99,25.14,24.7,25.03
143.021,6585.8,122.9,0.0,98.6,0.33,4,3282,-1.393,-1.319,82.2,83.1,80.4,82.5,24.99,25.14,24.7,25.03
143.037,6586.4,122.1,15.0,93.2,0.33,0,3329,-1.218,-1.454,82.2,83.1,80.3,82.4,24.99,25.14,24.7,25.03
143.054,6586.9,121.3,50.0,89.4,0.34,0,3606,-1.303,-1.334,82.2,83.1,80.3,82.4,24.99,25.14,24.7,25.03
143.069,6587.4,120.6,50.0,87.8,0.35,0,3861,-1.393,-1.235,82.2,83.1,80.3,82.4,24.99,25.14,24.69,25.03
143.084,6587.9,119.9,49.1,86.3,0.36,0,4114,-1.281,-1.332,82.2,83.1,80.3,82.4,24.99,25.13,24.69,25.03
143.1,6588.5,119.2,35.5,84.0,0.37,0,4315,-1.402,-1.169,82.2,83.1,80.3,82.4,24.99,25.13,24.69,25.03
143.115,6589.0,118.5,21.8,81.5,0.38,0,4436,-1.22,-1.214,82.2,83.1,80.3,82.4,24.99,25.13,24.69,25.03
143.131,6589.5,117.8,5.5,82.3,0.39,0,4474,-1.159,-1.207,82.2,83.1,80.3,82.4,24.98,25.13,24.69,25.03
143.146,6590.0,117.1,0.0,81.2,0.4,0,4437,-1.246,-1.08,82.1,83.1,80.3,82.4,24.98,25.13,24.69,25.03
143.162,6590.5,116.5,0.0,84.8,0.4,0,4397,-1.203,-1.208,82.1,83.1,80.3,82.4,24.98,25.13,24.69,25.02
143.177,6591.0,115.8,0.0,90.3,0.41,0,4359,-1.211,-1.239,82.1,83.1,80.3,82.4,24.98,25.13,24.69,25.02
143.193,6591.5,115.2,0.0,96.2,0.42,3,4320,-1.4,-1.054,82.1,83.1,80.3,82.4,24.98,25.13,24.69,25.02
143.208,6591.9,114.5,0.0,97.4,0.43,3,4242,-1.265,-1.245,82.1,83.1,80.3,82.4,24.98,25.13,24.69,25.02
143.223,6592.4,113.8,0.0,98.3,0.44,3,3975,-1.225,-1.268,82.1,83.0,80.3,82.4,24.98,25.13,24.69,25.02
143.239,6592.9,113.0,0.0,100.0,0.45,3,3919,-1.299,-1.332,82.1,83.0,80.3,82.4,24.98,25.13,24.69,25.02
143.255,6593.4,112.2,0.0,97.9,0.46,3,3761,-1.266,-1.392,82.1,83.0,80.3,82.4,24.98,25.13,24.69,25.02
143.271,6593.9,111.5,0.0,92.1,0.47,3,3851,-1.262,-1.398,82.1,83.0,80.3,82.4,24.98,25.13,24.69,25.02
143.286,6594.4,110.8,0.0,96.4,0.48,3,3737,-1.5,-1.229,82.1,83.0,80.3,82.4,24.98,25.13,24.68,25.02
143.302,6594.9,109.9,0.0,100.0,0.49,3,3694,-1.521,-1.286,82.1,83.0,80.3,82.4,24.98,25.12,24.68,25.02
143.318,6595.3,109.1,0.0,100.0,0.5,3,3692,-1.681,-1.228,82.1,83.0,80.3,82.3,24.98,25.12,24.68,25.02
143.333,6595.8,108.3,0.0,97.7,0.51,3,3658,-1.505,-1.335,82.1,83.0,80.3,82.3,24.98,25.12,24.68,25.01
143.349,6596.3,107.6,0.0,87.0,0.52,3,3616,-1.362,-1.2,82.1,83.0,80.3,82.3,24.98,25.12,24.68,25.01
143.364,6596.7,107.0,0.0,78.8,0.53,3,3633,-1.317,-1.152,82.1,83.0,80.3,82.3,24.98,25.12,24.68,25.01
143.38,6597.2,106.4,0.0,77.2,0.54,3,3618,-1.41,-1.084,82.1,83.0,80.3,82.3,24.98,25.12,24.68,25.01
143.395,6597.6,105.7,0.0,76.5,0.55,3,3621,-1.478,-1.125,82.1,83.0,80.3,82.3,24.98,25.12,24.68,25.01
143.411,6598.1,105.1,0.0,77.5,0.56,3,3627,-1.493,-1.069,82.1,83.0,80.3,82.3,24.98,25.12,24.68,25.01
143.426,6598.6,104.5,0.0,79.0,0.57,3,3605,-1.426,-0.954,82.1,83.0,80.2,82.3,24.98,25.12,24.68,25.01
143.442,6599.0,103.9,0.0,77.9,0.58,3,3559,-1.268,-0.967,82.1,83.0,80.2,82.3,24.97,25.12,24.68,25.01
143.458,6599.5,103.3,0.0,76.8,0.59,3,3507,-1.154,-0.991,82.1,83.0,80.2,82.3,24.97,25.12,24.68,25.01
143.474,6599.9,102.7,0.0,80.2,0.6,3,3444,-1.232,-0.947,82.1,83.0,80.2,82.3,24.97,25.12,24.68,25.01
143.489,6600.4,102.2,0.0,79.9,0.61,3,3432,-1.255,-0.906,82.1,83.0,80.2,82.3,24.97,25.12,24.68,25.01
143.504,6600.8,101.6,0.0,83.7,0.62,3,3383,-1.175,-1.068,82.1,83.0,80.2,82.3,24.97,25.11,24.68,25.01
143.52,6601.2,101.1,0.0,88.5,0.63,3,3405,-1.303,-1.033,82.1,83.0,80.2,82.3,24.97,25.11,24.68,25.0
143.535,6601.6,100.5,0.0,91.8,0.64,3,3335,-1.305,-1.045,82.1,83.0,80.2,82.3,24.97,25.11,24.67,25.0
143.551,6602.1,99.7,0.0,98.8,0.66,3,3352,-1.293,-1.163,82.1,83.0,80.2,82.3,24.97,25.11,24.67,25.0
143.566,6602.5,99.1,0.0,100.0,0.67,3,3271,-1.53,-1.028,82.1,83.0,80.2,82.3,24.97,25.11,24.67,25.0
143.581,6602.9,98.5,0.0,100.0,0.68,3,3270,-1.378,-1.17,82.1,82.9,80.2,82.3,24.97,25.11,24.67,25.0
143.597,6603.3,97.8,0.0,100.0,0.69,3,3283,-1.471,-1.163,82.1,82.9,80.2,82.3,24.97,25.11,24.67,25.0
143.613,6603.8,97.2,0.0,100.0,0.71,3,3258,-1.585,-1.073,82.1,82.9,80.2,82.2,24.97,25.11,24.67,25.0
143.629,6604.2,96.3,0.0,100.0,0.72,3,3215,-1.691,-1.121,82.1,82.9,80.2,82.2,24.97,25.11,24.67,25.0
143.645,6604.6,95.6,0.0,100.0,0.74,3,3246,-1.502,-1.395,82.1,82.9,80.2,82.2,24.97,25.11,24.67,25.0
143.66,6605.0,95.0,0.0,100.0,0.75,3,3185,-1.797,-1.006,82.1,82.9,80.2,82.2,24.97,25.11,24.67,25.0
143.676,6605.4,94.2,0.0,100.0,0.76,3,3183,-1.547,-1.421,82.1,82.9,80.2,82.2,24.97,25.11,24.67,25.0
143.692,6605.8,93.3,0.0,100.0,0.78,3,3173,-1.674,-1.397,82.1,82.9,80.2,82.2,24.97,25.11,24.67,25.0
143.708,6606.3,92.6,0.0,100.0,0.79,3,3131,-1.866,-1.214,82.1,82.9,80.2,82.2,24.97,25.11,24.67,24.99
143.724,6606.7,91.8,0.0,100.0,0.8,3,3107,-1.764,-1.371,82.1,82.9,80.2,82.2,24.97,25.11,24.67,24.99
143.74,6607.1,90.9,0.0,100.0,0.82,3,3088,-1.697,-1.427,82.1,82.9,80.2,82.2,24.97,25.11,24.67,24.99
143.756,6607.5,90.2,0.0,100.0,0.83,3,3030,-1.862,-1.184,82.1,82.9,80.2,82.2,24.97,25.11,24.67,24.99
143.771,6607.9,89.4,0.0,100.0,0.85,3,3030,-1.705,-1.415,82.1,82.9,80.2,82.2,24.97,25.1,24.67,24.99
143.787,6608.2,88.6,0.0,100.0,0.86,3,2987,-1.694,-1.41,82.1,82.9,80.2,82.2,24.97,25.1,24.67,24.99
143.803,6608.6,87.7,0.0,100.0,0.88,3,2991,-1.79,-1.248,82.0,82.9,80.2,82.2,24.97,25.1,24.67,24.99
143.819,6609.0,87.0,0.0,100.0,0.89,3,2935,-1.598,-1.352,82.0,82.9,80.2,82.2,24.97,25.1,24.66,24.99
143.835,6609.4,86.3,0.0,100.0,0.9,3,2969,-1.612,-1.303,82.0,82.9,80.2,82.2,24.97,25.1,24.66,24.99
143.851,6609.8,85.4,0.0,100.0,0.9,3,2883,-1.717,-1.11,82.0,82.9,80.1,82.2,24.97,25.1,24.66,24.99
143.866,6610.1,84.7,0.0,98.8,0.9,3,2880,-1.46,-1.352,82.0,82.9,80.1,82.2,24.97,25.1,24.66,24.99
143.882,6610.5,84.0,0.0,97.2,0.9,3,2849,-1.694,-1.059,82.0,82.9,80.1,82.2,24.97,25.1,24.66,24.99
143.897,6610.9,83.4,0.0,94.9,0.9,3,2837,-1.434,-1.253,82.0,82.9,80.1,82.2,24.97,25.1,24.66,24.98
143.914,6611.2,82.6,0.0,89.2,0.9,3,2791,-1.57,-0.933,82.0,82.9,80.1,82.1,24.97,25.1,24.66,24.98
143.93,6611.6,82.0,0.0,84.6,0.9,3,2774,-1.325,-1.105,82.0,82.9,80.1,82.1,24.97,25.1,24.66,24.98
143.945,6612.0,81.5,0.0,80.8,0.9,3,2734,-1.464,-0.823,82.0,82.9,80.1,82.1,24.97,25.1,24.66,24.98
143.961,6612.3,81.0,0.0,77.7,0.9,3,2770,-1.277,-1.05,82.0,82.9,80.1,82.1,24.97,25.1,24.66,24.98
143.976,6612.7,80.5,0.0,75.3,0.9,3,2718,-1.381,-0.847,82.0,82.9,80.1,82.1,24.97,25.1,24.66,24.98
143.992,6613.0,79.8,0.0,74.7,0.9,3,2731,-1.231,-1.019,82.0,82.9,80.1,82.1,24.96,25.1,24.66,24.98
144.007,6613.3,79.3,0.0,71.6,0.9,3,2691,-1.269,-0.844,82.0,82.9,80.1,82.1,24.96,25.1,24.66,24.98
144.024,6613.7,78.8,0.0,70.5,0.9,3,2682,-1.183,-0.878,82.0,82.9,80.1,82.1,24.96,25.1,24.66,24.98
144.039,6614.0,78.4,0.0,69.0,0.9,3,2639,-1.194,-0.766,82.0,82.9,80.1,82.1,24.96,25.1,24.66,24.98
144.055,6614.4,77.9,0.0,67.9,0.9,3,2647,-1.138,-0.791,82.0,82.8,80.1,82.1,24.96,25.1,24.66,24.98
144.071,6614.7,77.4,0.0,67.1,0.9,3,2598,-1.059,-0.795,82.0,82.8,80.1,82.1,24.96,25.09,24.66,24.97
144.085,6615.0,77.0,0.0,67.5,0.9,3,2628,-1.048,-0.875,82.0,82.8,80.1,82.1,24.96,25.09,24.66,24.97
144.101,6615.4,76.5,0.0,68.6,0.9,3,2596,-1.056,-0.807,82.0,82.8,80.1,82.1,24.96,25.09,24.65,24.97
144.116,6615.7,76.0,0.0,70.8,0.9,3,2557,-0.925,-0.972,82.0,82.8,80.1,82.1,24.96,25.09,24.65,24.97
144.132,6616.0,75.5,0.0,76.7,0.9,3,2557,-1.099,-0.889,82.0,82.8,80.1,82.1,24.96,25.09,24.65,24.97
144.147,6616.3,75.0,0.0,79.7,0.9,3,2497,-0.912,-1.034,82.0,82.8,80.1,82.1,24.96,25.09,24.65,24.97
144.164,6616.7,74.4,0.0,81.8,0.9,3,2516,-1.069,-0.922,82.0,82.8,80.1,82.1,24.96,25.09,24.65,24.97
144.179,6617.0,73.8,0.0,80.5,0.9,0,2443,-1.024,-0.862,82.0,82.8,80.1,82.1,24.96,25.09,24.65,24.97
144.195,6617.3,73.4,50.0,76.0,0.9,0,2618,-0.973,-0.905,82.0,82.8,80.1,82.1,24.96,25.09,24.65,24.97
144.209,6617.6,72.9,50.0,72.6,0.9,0,2856,-1.018,-0.767,82.0,82.8,80.1,82.0,24.96,25.09,24.65,24.97
144.225,6617.9,72.5,50.0,71.2,0.9,0,3101,-0.964,-0.833,82.0,82.8,80.1,82.0,24.96,25.09,24.65,24.97
144.241,6618.2,72.0,38.2,68.5,0.9,0,3366,-0.89,-0.892,82.0,82.8,80.0,82.0,24.96,25.09,24.65,24.97
144.257,6618.5,71.5,24.5,69.9,0.9,0,3509,-0.971,-0.894,82.0,82.8,80.0,82.0,24.96,25.09,24.65,24.96
144.272,6618.9,71.0,10.9,72.6,0.9,0,3576,-1.026,-0.919,82.0,82.8,80.0,82.0,24.96,25.09,24.65,24.96
144.288,6619.2,70.4,0.0,76.5,0.9,0,3569,-1.001,-1.054,82.0,82.8,80.0,82.0,24.96,25.09,24.65,24.96
144.304,6619.5,69.8,0.0,78.7,0.9,0,3540,-1.142,-0.932,82.0,82.8,80.0,82.0,24.96,25.09,24.64,24.96
144.32,6619.8,69.2,0.0,81.8,0.9,0,3515,-1.029,-1.08,82.0,82.8,80.0,82.0,24.96,25.09,24.64,24.96
144.335,6620.1,68.7,0.0,79.9,0.9,2,3491,-1.064,-1.009,82.0,82.8,80.0,82.0,24.96,25.09,24.64,24.96
144.35,6620.4,68.1,0.0,78.2,0.9,2,3447,-1.077,-0.905,82.0,82.8,80.0,82.0,24.96,25.09,24.64,24.96
144.366,6620.6,67.6,0.0,75.7,0.9,2,3229,-1.005,-0.935,82.0,82.8,80.0,82.0,24.96,25.09,24.64,24.96
144.381,6620.9,67.2,0.0,75.0,0.9,2,3044,-1.099,-0.711,82.0,82.8,80.0,82.0,24.96,25.09,24.64,24.96
144.397,6621.2,66.6,0.0,75.5,0.9,2,2972,-1.077,-0.836,82.0,82.8,80.0,82.0,24.96,25.08,24.64,24.96
144.412,6621.5,66.1,0.0,76.5,0.9,2,3057,-0.992,-1.052,82.0,82.8,80.0,82.0,24.96,25.08,24.64,24.96
144.427,6621.8,65.6,0.0,75.3,0.9,2,2909,-0.993,-0.995,82.0,82.8,80.0,82.0,24.96,25.08,24.64,24.96
144.443,6622.1,65.1,0.0,74.1,0.9,2,2964,-1.118,-0.666,82.0,82.8,80.0,82.0,24.96,25.08,24.64,24.95
144.459,6622.3,64.7,0.0,72.1,0.9,2,2882,-0.944,-0.941,82.0,82.8,80.0,82.0,24.96,25.08,24.64,24.95
144.474,6622.6,64.2,0.0,75.0,0.9,2,2836,-1.132,-0.815,82.0,82.8,80.0,82.0,24.96,25.08,24.64,24.95
144.489,6622.9,63.7,0.0,75.9,0.9,2,2778,-0.95,-0.959,82.0,82.8,80.0,81.9,24.96,25.08,24.64,24.95
144.505,6623.2,63.1,0.0,79.3,0.9,2,2712,-0.976,-0.966,82.0,82.8,80.0,81.9,24.96,25.08,24.64,24.95
144.52,6623.4,62.6,0.0,80.4,0.9,2,2737,-0.99,-1.017,82.0,82.8,80.0,81.9,24.96,25.08,24.63,24.95
144.536,6623.7,62.0,0.0,81.0,0.89,2,2691,-1.043,-0.931,82.0,82.8,80.0,81.9,24.96,25.08,24.63,24.95
144.551,6624.0,61.5,0.0,77.3,0.87,2,2684,-0.896,-1.04,82.0,82.8,80.0,81.9,24.96,25.08,24.63,24.95
144.567,6624.2,61.0,0.0,75.7,0.86,2,2688,-1.1,-0.881,82.0,82.8,80.0,81.9,24.96,25.08,24.63,24.95
144.582,6624.5,60.5,0.0,75.7,0.85,2,2639,-0.888,-1.015,82.0,82.7,79.9,81.9,24.96,25.08,24.63,24.95
144.598,6624.7,59.9,0.0,78.4,0.83,2,2578,-1.04,-0.895,82.0,82.7,79.9,81.9,24.96,25.08,24.63,24.95
144.614,6625.0,59.4,0.0,80.3,0.82,2,2571,-1.064,-0.894,82.0,82.7,79.9,81.9,24.96,25.08,24.63,24.94
144.629,6625.3,58.9,0.0,83.1,0.81,2,2550,-1.081,-0.96,82.0,82.7,79.9,81.9,24.96,25.08,24.63,24.94
144.644,6625.5,58.4,0.0,83.7,0.8,2,2521,-1.078,-1.079,82.0,82.7,79.9,81.9,24.96,25.08,24.63,24.94
144.66,6625.8,57.9,0.0,85.3,0.79,2,2497,-1.261,-0.825,82.0,82.7,79.9,81.9,24.96,25.08,24.63,24.94
144.675,6626.0,57.3,0.0,83.6,0.78,2,2529,-0.924,-1.289,82.0,82.7,79.9,81.9,24.96,25.08,24.63,24.94
144.69,6626.2,56.8,0.0,83.4,0.77,2,2473,-1.29,-0.798,82.0,82.7,79.9,81.9,24.96,25.08,24.63,24.94
144.706,6626.5,56.1,0.0,81.1,0.75,2,2426,-1.106,-0.952,82.0,82.7,79.9,81.9,24.96,25.08,24.63,24.94
144.723,6626.7,55.6,0.0,78.1,0.74,2,2452,-0.923,-1.122,82.0,82.7,79.9,81.9,24.96,25.08,24.62,24.94
144.738,6627.0,55.0,0.0,78.3,0.73,2,2401,-1.073,-0.877,82.0,82.7,79.9,81.9,24.96,25.08,24.62,24.94
144.754,6627.2,54.6,0.0,75.4,0.72,2,2377,-0.95,-1.006,82.0,82.7,79.9,81.9,24.96,25.08,24.62,24.94
144.769,6627.4,54.0,0.0,76.8,0.7,2,2359,-1.111,-0.949,82.0,82.7,79.9,81.9,24.96,25.07,24.62,24.94
144.785,6627.7,53.4,0.0,77.2,0.71,2,2316,-0.939,-1.124,82.0,82.7,79.9,81.8,24.96,25.07,24.62,24.94
144.801,6627.9,52.9,0.0,75.0,0.73,2,2295,-1.254,-0.715,82.0,82.7,79.9,81.8,24.96,25.07,24.62,24.93
144.817,6628.1,52.4,0.0,73.3,0.75,2,2292,-1.001,-1.109,82.0,82.7,79.9,81.8,24.96,25.07,24.62,24.93
144.832,6628.4,51.8,0.0,76.0,0.77,2,2288,-1.313,-0.736,82.0,82.7,79.9,81.8,24.96,25.07,24.62,24.93
144.848,6628.6,51.3,0.0,76.7,0.78,2,2285,-0.902,-1.149,82.0,82.7,79.9,81.8,24.96,25.07,24.62,24.93
144.864,6628.8,50.8,0.0,77.7,0.8,2,2281,-1.298,-0.738,82.0,82.7,79.9,81.8,24.96,25.07,24.62,24.93
144.879,6629.0,50.3,0.0,77.5,0.81,2,2278,-0.854,-1.161,82.0,82.7,79.9,81.8,24.96,25.07,24.62,24.93
144.895,6629.3,49.7,0.0,80.0,0.83,2,2275,-1.242,-0.809,82.0,82.7,79.9,81.8,24.96,25.07,24.62,24.93
144.911,6629.5,49.1,0.0,82.5,0.85,2,2272,-0.853,-1.178,82.0,82.7,79.8,81.8,24.96,25.07,24.62,24.93
144.927,6629.7,48.6,0.0,87.0,0.87,2,2269,-1.297,-0.87,82.0,82.7,79.8,81.8,24.96,25.07,24.61,24.93
144.942,6629.9,48.0,0.0,0.0,0.88,2,2266,-0.866,-1.28,82.0,82.7,79.8,81.8,24.96,25.07,24.61,24.93
144.958,6630.1,47.6,0.0,0.0,0.9,2,2263,-1.53,-0.219,82.0,82.7,79.8,81.8,24.96,25.07,24.61,24.93
144.973,6630.3,47.4,0.0,0.0,0.9,2,2260,-1.498,-0.462,82.0,82.7,79.8,81.8,24.96,25.07,24.61,24.92
144.989,6630.5,47.2,0.0,0.0,0.9,2,2257,-1.384,-0.245,82.0,82.7,79.8,81.8,24.96,25.07,24.61,24.92
145.004,6630.7,47.1,0.0,0.0,0.9,2,2254,-1.319,-0.254,82.0,82.7,79.8,81.8,24.96,25.07,24.61,24.92
145.02,6630.9,47.0,0.0,0.0,0.9,2,2252,-1.295,-0.223,82.0,82.7,79.8,81.8,24.96,25.07,24.61,24.92
145.036,6631.1,46.9,0.0,0.0,0.9,2,2249,-1.257,-0.213,82.0,82.7,79.8,81.8,24.96,25.07,24.61,24.92
145.05,6631.3,46.8,0.0,0.0,0.9,2,2247,-1.258,-0.218,82.0,82.7,79.8,81.8,24.96,25.07,24.61,24.92
145.066,6631.5,46.7,0.0,0.0,0.9,2,2244,-1.269,-0.243,82.0,82.7,79.8,81.7,24.96,25.07,24.61,24.92
145.081,6631.7,46.6,0.0,0.0,0.9,2,2241,-1.283,-0.247,82.0,82.7,79.8,81.7,24.96,25.07,24.61,24.92
145.097,6631.9,46.5,0.0,0.0,0.9,2,2239,-1.335,-0.286,82.0,82.7,79.8,81.7,24.96,25.07,24.61,24.92
145.113,6632.1,46.4,0.0,0.0,0.9,2,2237,-1.368,-0.285,82.0,82.7,79.8,81.7,24.96,25.07,24.61,24.92
145.128,6632.3,46.3,0.0,0.0,0.9,2,2234,-1.522,-0.343,82.0,82.7,79.8,81.7,24.96,25.06,24.6,24.92
145.144,6632.5,46.1,0.0,0.0,0.9,2,2232,-1.56,-0.329,82.0,82.7,79.8,81.7,24.96,25.06,24.6,24.91
145.16,6632.7,46.0,0.0,0.0,0.9,2,2229,-1.58,-0.333,82.0,82.7,79.8,81.7,24.96,25.06,24.6,24.91
145.175,6632.9,45.8,0.0,0.0,0.9,2,2227,-1.506,-0.306,82.0,82.6,79.8,81.7,24.96,25.06,24.6,24.91
145.191,6633.1,45.7,0.0,0.0,0.9,2,2225,-1.383,-0.28,82.0,82.6,79.8,81.7,24.96,25.06,24.6,24.91
145.206,6633.3,45.6,0.0,0.0,0.9,2,2223,-1.271,-0.253,82.0,82.6,79.8,81.7,24.96,25.06,24.6,24.91
145.221,6633.5,45.5,0.0,0.0,0.9,2,2221,-1.177,-0.243,82.0,82.6,79.8,81.7,24.96,25.06,24.6,24.91
145.236,6633.7,45.5,0.0,0.0,0.9,2,2219,-1.169,-0.235,82.0,82.6,79.7,81.7,24.96,25.06,24.6,24.91
145.252,6633.9,45.4,0.0,0.0,0.9,2,2216,-1.186,-0.238,82.0,82.6,79.7,81.7,24.96,25.06,24.6,24.91
145.268,6634.1,45.3,0.0,0.0,0.9,2,2214,-1.278,-0.263,82.0,82.6,79.7,81.7,24.96,25.06,24.6,24.91
145.283,6634.3,45.2,2.4,0.0,0.9,2,2216,-1.371,-0.268,82.0,82.6,79.7,81.7,24.96,25.06,24.6,24.91
145.299,6634.5,45.1,8.4,0.0,0.9,2,2242,-1.402,-0.288,82.0,82.6,79.7,81.7,24.96,25.06,24.6,24.91
145.315,6634.7,45.0,14.4,0.0,0.9,2,2295,-1.436,-0.296,82.0,82.6,79.7,81.7,24.96,25.06,24.6,24.91
145.33,6634.9,44.8,21.6,0.0,0.9,2,2395,-1.452,-0.293,82.0,82.6,79.7,81.7,24.96,25.06,24.59,24.9
145.346,6635.1,44.7,27.6,0.0,0.9,2,2507,-1.425,-0.273,82.0,82.6,79.7,81.6,24.96,25.06,24.59,24.9
145.362,6635.2,44.6,33.6,0.0,0.9,2,2644,-1.394,-0.266,82.0,82.6,79.7,81.6,24.96,25.06,24.59,24.9
145.377,6635.4,44.6,39.6,0.0,0.88,2,2809,-1.403,-0.241,82.0,82.6,79.7,81.6,24.96,25.06,24.59,24.9
145.393,6635.6,44.5,45.6,0.0,0.83,2,3004,-1.391,-0.244,82.0,82.6,79.7,81.6,24.96,25.06,24.59,24.9
145.408,6635.8,44.4,52.8,0.0,0.78,2,3278,-1.383,-0.218,82.0,82.6,79.7,81.6,24.96,25.06,24.59,24.9
145.423,6636.0,44.4,58.8,0.0,0.73,2,3541,-1.294,-0.182,82.0,82.6,79.7,81.6,24.96,25.06,24.59,24.9
145.439,6636.2,44.3,64.8,0.0,0.68,2,3835,-1.151,-0.135,82.0,82.6,79.7,81.6,24.96,25.06,24.59,24.9
145.455,6636.4,44.3,70.8,0.0,0.64,2,4157,-1.033,-0.079,82.0,82.6,79.7,81.6,24.96,25.06,24.59,24.9
145.471,6636.6,44.3,76.8,0.0,0.59,2,4510,-0.915,-0.052,82.0,82.6,79.7,81.6,24.96,25.06,24.59,24.9
145.486,6636.8,44.3,84.0,0.0,0.53,2,4971,-0.807,-0.013,82.0,82.6,79.7,81.6,24.96,25.05,24.59,24.9
145.502,6637.0,44.3,90.0,0.0,0.48,2,5379,-0.745,0.015,82.0,82.6,79.7,81.6,24.96,25.05,24.59,24.89
145.517,6637.2,44.4,96.0,0.0,0.44,2,5793,-0.662,0.046,82.0,82.6,79.7,81.6,24.96,25.05,24.59,24.89
145.533,6637.4,44.4,100.0,0.0,0.39,2,6198,-0.607,0.055,82.0,82.6,79.7,81.6,24.96,25.05,24.58,24.89
145.548,6637.5,44.5,100.0,0.0,0.34,2,6565,-0.498,0.072,82.0,82.6,79.6,81.6,24.96,25.05,24.58,24.89
145.564,6637.7,44.5,100.0,0.0,0.29,2,6365,-0.363,0.092,82.0,82.6,79.6,81.6,24.96,25.05,24.58,24.89
145.579,6637.9,44.6,100.0,0.0,0.24,2,6402,-0.253,0.111,82.0,82.6,79.6,81.6,24.96,25.05,24.58,24.89
145.595,6638.1,44.7,100.0,0.0,0.19,2,6423,-0.145,0.116,82.0,82.6,79.6,81.6,24.96,25.05,24.58,24.89
145.61,6638.3,44.7,100.0,0.0,0.14,2,6231,-0.066,0.145,82.0,82.6,79.6,81.6,24.96,25.05,24.58,24.89
145.626,6638.5,44.8,100.0,0.0,0.1,2,6551,-0.014,0.159,82.0,82.6,79.6,81.5,24.96,25.05,24.58,24.89
145.641,6638.7,44.9,100.0,0.0,0.05,2,6337,0.058,0.15,82.0,82.6,79.6,81.5,24.96,25.05,24.58,24.89
145.657,6638.9,45.0,100.0,0.0,0.0,2,6286,0.164,0.168,82.0,82.6,79.6,81.5,24.96,25.05,24.58,24.89
145.673,6639.1,45.1,100.0,0.0,0.0,2,6468,0.234,0.172,82.0,82.6,79.6,81.5,24.96,25.05,24.58,24.88
145.688,6639.3,45.2,100.0,0.0,0.0,2,6223,0.205,0.183,82.0,82.6,79.6,81.5,24.96,25.05,24.58,24.88
145.703,6639.5,45.3,100.0,0.0,0.0,2,6292,0.168,0.199,82.0,82.5,79.6,81.5,24.96,25.05,24.58,24.88
145.719,6639.7,45.4,100.0,0.0,0.0,2,6545,0.124,0.232,82.0,82.5,79.6,81.5,24.96,25.05,24.58,24.88
145.734,6639.9,45.5,100.0,0.0,0.0,2,6266,0.108,0.233,82.0,82.5,79.6,81.5,24.96,25.05,24.57,24.88
145.75,6640.1,45.6,100.0,0.0,0.0,2,6197,0.065,0.259,82.0,82.5,79.6,81.5,24.96,25.05,24.57,24.88
145.765,6640.3,45.8,100.0,0.0,0.0,2,6467,0.035,0.291,82.0,82.5,79.6,81.5,24.96,25.05,24.57,24.88
145.781,6640.5,46.0,100.0,0.0,0.0,2,6255,0.023,0.294,82.0,82.5,79.6,81.5,24.96,25.05,24.57,24.88
145.796,6640.7,46.1,100.0,0.0,0.0,2,6042,-0.023,0.306,82.0,82.5,79.6,81.5,24.96,25.04,24.57,24.88
145.811,6640.9,46.3,100.0,0.0,0.0,2,6247,-0.027,0.329,82.0,82.5,79.6,81.5,24.96,25.04,24.57,24.88
145.827,6641.1,46.5,100.0,0.0,0.0,2,6422,-0.034,0.334,82.0,82.5,79.6,81.5,24.96,25.04,24.57,24.88
145.843,6641.3,46.7,100.0,0.0,0.0,2,6293,-0.053,0.366,82.0,82.5,79.6,81.5,24.96,25.04,24.57,24.87
145.859,6641.5,46.9,100.0,0.0,0.0,2,5919,-0.056,0.383,82.0,82.5,79.6,81.5,24.96,25.04,24.57,24.87
145.874,6641.7,47.1,100.0,0.0,0.0,2,6083,-0.047,0.387,82.0,82.5,79.5,81.5,24.96,25.04,24.57,24.87
145.89,6641.9,47.3,100.0,0.0,0.0,2,6220,-0.039,0.435,82.0,82.5,79.5,81.4,24.96,25.04,24.57,24.87
145.905,6642.1,47.5,100.0,0.0,0.0,2,6333,-0.007,0.414,82.0,82.5,79.5,81.4,24.96,25.04,24.57,24.87
145.921,6642.3,47.8,100.0,0.0,0.0,2,6439,0.025,0.445,82.0,82.5,79.5,81.4,24.96,25.04,24.57,24.87
145.937,6642.5,48.1,100.0,0.0,0.0,2,6504,0.029,0.476,82.0,82.5,79.5,81.4,24.96,25.04,24.56,24.87
145.952,6642.7,48.3,100.0,0.0,0.0,2,6045,0.034,0.479,82.0,82.5,79.5,81.4,24.96,25.04,24.56,24.87
145.968,6642.9,48.6,100.0,0.0,0.0,2,5804,0.022,0.501,82.0,82.5,79.5,81.4,24.96,25.04,24.56,24.87
145.983,6643.1,48.9,100.0,0.0,0.0,2,5883,0.005,0.535,82.0,82.5,79.5,81.4,24.96,25.04,24.56,24.87
145.999,6643.3,49.1,100.0,0.0,0.0,2,5942,-0.002,0.547,82.0,82.5,79.5,81.4,24.96,25.04,24.56,24.87
146.015,6643.6,49.5,100.0,0.0,0.0,2,5988,-0.018,0.568,82.0,82.5,79.5,81.4,24.96,25.04,24.56,24.86
146.03,6643.8,49.8,100.0,0.0,-0.01,2,6008,-0.007,0.59,82.0,82.5,79.5,81.4,24.96,25.04,24.56,24.86
146.046,6644.0,50.1,100.0,0.0,-0.03,2,6011,0.031,0.611,82.0,82.5,79.5,81.4,24.95,25.04,24.56,24.86
146.062,6644.2,50.5,100.0,0.0,-0.05,2,6000,0.078,0.621,82.0,82.5,79.5,81.4,24.95,25.04,24.56,24.86
146.077,6644.4,50.9,100.0,0.0,-0.06,2,5969,0.13,0.664,82.0,82.5,79.5,81.4,24.95,25.04,24.56,24.86
146.093,6644.7,51.2,100.0,0.0,-0.08,2,5929,0.189,0.665,82.0,82.5,79.5,81.4,24.95,25.04,24.56,24.86
146.108,6644.9,51.6,100.0,0.0,-0.1,2,5878,0.222,0.686,82.0,82.5,79.5,81.4,24.95,25.04,24.56,24.86
146.124,6645.1,52.0,0.0,0.0,-0.11,2,5593,0.269,0.7,82.0,82.5,79.5,81.4,24.95,25.03,24.55,24.86
146.138,6645.3,52.3,0.0,0.0,-0.13,2,4969,0.299,0.724,82.0,82.5,79.5,81.4,24.95,25.03,24.55,24.86
146.154,6645.5,52.7,0.0,0.0,-0.15,2,4342,0.334,0.74,82.0,82.5,79.5,81.4,24.95,25.03,24.55,24.86
146.17,6645.8,53.2,0.0,0.0,-0.16,2,3589,0.335,0.733,82.0,82.5,79.5,81.3,24.95,25.03,24.55,24.86
146.185,6646.0,53.6,0.0,0.0,-0.18,2,2974,0.363,0.735,82.0,82.5,79.4,81.3,24.95,25.03,24.55,24.85
146.201,6646.2,54.0,0.0,0.0,-0.2,2,2526,0.401,0.694,82.0,82.5,79.4,81.3,24.95,25.03,24.55,24.85
146.217,6646.5,54.1,0.0,0.0,-0.21,2,2486,0.498,-0.251,82.0,82.4,79.4,81.3,24.95,25.03,24.55,24.85
146.232,6646.7,54.0,0.0,0.0,-0.23,2,2450,0.537,-0.098,82.0,82.4,79.4,81.3,24.95,25.03,24.55,24.85
146.248,6647.0,53.9,0.0,0.0,-0.25,2,2459,0.559,-0.02,82.0,82.4,79.4,81.3,24.95,25.03,24.55,24.85
146.264,6647.2,53.9,0.0,0.0,-0.26,2,2570,0.603,-0.177,82.0,82.4,79.4,81.3,24.95,25.03,24.55,24.85
146.279,6647.4,53.8,0.0,0.0,-0.28,2,2455,0.656,-0.045,82.0,82.4,79.4,81.3,24.95,25.03,24.55,24.85
146.294,6647.6,53.8,0.0,0.0,-0.3,2,2575,0.67,-0.182,82.0,82.4,79.4,81.3,24.95,25.03,24.55,24.85
146.309,6647.9,53.7,0.0,0.0,-0.31,2,2449,0.706,-0.028,82.0,82.4,79.4,81.3,24.95,25.03,24.55,24.85
146.325,6648.1,53.7,0.0,0.0,-0.33,2,2569,0.719,0.082,82.0,82.4,79.4,81.3,24.95,25.03,24.54,24.85
146.34,6648.3,53.8,0.0,0.0,-0.34,2,2471,0.744,0.077,82.0,82.4,79.4,81.3,24.95,25.03,24.54,24.85
146.356,6648.6,53.7,0.0,0.0,-0.36,2,2517,0.773,-0.23,82.0,82.4,79.4,81.3,24.95,25.03,24.54,24.84
146.372,6648.8,53.6,0.0,0.0,-0.38,2,2516,0.789,-0.087,82.0,82.4,79.4,81.3,24.95,25.03,24.54,24.84
146.387,6649.0,53.6,0.0,0.0,-0.39,2,2499,0.854,-0.077,82.0,82.4,79.4,81.3,24.95,25.03,24.54,24.84
146.402,6649.2,53.6,0.0,0.0,-0.41,2,2499,0.859,-0.119,82.0,82.4,79.4,81.3,24.95,25.03,24.54,24.84
146.417,6649.5,53.5,0.0,0.0,-0.43,2,2499,0.907,-0.13,82.0,82.4,79.4,81.3,24.95,25.03,24.54,24.84
146.433,6649.7,53.5,0.0,0.0,-0.44,2,2496,0.916,-0.118,81.9,82.4,79.4,81.2,24.95,25.03,24.54,24.84
146.449,6649.9,53.4,0.0,0.0,-0.46,2,2492,1.01,-0.15,81.9,82.4,79.4,81.2,24.95,25.02,24.54,24.84
146.464,6650.2,53.3,0.0,0.0,-0.47,2,2490,1.107,-0.16,81.9,82.4,79.4,81.2,24.95,25.02,24.54,24.84
146.479,6650.4,53.3,0.0,0.0,-0.49,2,2487,1.073,-0.144,81.9,82.4,79.4,81.2,24.95,25.02,24.54,24.84
146.495,6650.6,53.2,0.0,0.0,-0.51,2,2485,1.058,-0.142,81.9,82.4,79.3,81.2,24.95,25.02,24.54,24.84
146.511,6650.9,53.2,0.0,0.0,-0.53,2,2482,1.041,-0.143,81.9,82.4,79.3,81.2,24.95,25.02,24.53,24.84
146.527,6651.1,53.1,0.0,0.0,-0.54,2,2479,1.05,-0.161,81.9,82.4,79.3,81.2,24.95,25.02,24.53,24.83
146.542,6651.3,53.0,0.0,0.0,-0.56,2,2475,1.089,-0.158,81.9,82.4,79.3,81.2,24.95,25.02,24.53,24.83
146.557,6651.5,52.9,0.0,0.0,-0.58,2,2472,1.136,-0.163,81.9,82.4,79.3,81.2,24.95,25.02,24.53,24.83
146.573,6651.8,52.9,0.0,0.0,-0.59,2,2468,1.167,-0.162,81.9,82.4,79.3,81.2,24.95,25.02,24.53,24.83
146.589,6652.0,52.8,0.0,0.0,-0.61,2,2465,1.218,-0.177,81.9,82.4,79.3,81.2,24.95,25.02,24.53,24.83
146.604,6652.2,52.7,0.0,0.0,-0.63,2,2462,1.332,-0.22,81.9,82.4,79.3,81.2,24.95,25.02,24.53,24.83
146.619,6652.5,52.6,0.0,0.0,-0.64,2,2459,1.493,-0.247,81.9,82.4,79.3,81.2,24.95,25.02,24.53,24.83
146.635,6652.7,52.5,0.0,0.0,-0.66,2,2457,1.386,-0.326,81.9,82.4,79.3,81.2,24.95,25.02,24.53,24.83
146.651,6652.9,52.0,0.0,0.0,-0.68,2,2465,1.291,-0.406,81.9,82.4,79.3,81.2,24.95,25.02,24.53,24.83
146.666,6653.1,51.8,0.0,0.0,-0.69,2,2489,1.005,-0.437,81.9,82.4,79.3,81.2,24.95,25.02,24.53,24.83
146.681,6653.4,51.7,0.0,0.0,-0.71,2,2499,0.838,-0.08,81.9,82.4,79.3,81.2,24.95,25.02,24.53,24.83
146.698,6653.6,51.7,0.0,0.0,-0.72,2,2483,0.762,-0.012,81.9,82.4,79.3,81.2,24.95,25.02,24.53,24.83
146.714,6653.8,51.7,0.0,0.0,-0.74,2,2471,0.668,-0.055,81.9,82.4,79.3,81.2,24.95,25.02,24.52,24.82
146.73,6654.0,51.7,0.0,0.0,-0.76,2,2465,0.66,-0.052,81.9,82.4,79.3,81.1,24.95,25.02,24.52,24.82
146.746,6654.3,51.6,0.0,0.0,-0.78,2,2455,0.549,-0.086,81.9,82.3,79.3,81.1,24.95,25.02,24.52,24.82
146.761,6654.5,51.6,0.0,0.0,-0.8,2,2447,0.605,-0.133,81.9,82.3,79.3,81.1,24.95,25.02,24.52,24.82
146.776,6654.7,51.5,0.0,0.0,-0.81,2,2442,0.407,-0.105,81.9,82.3,79.3,81.1,24.95,25.01,24.52,24.82
146.792,6654.9,51.5,0.0,0.0,-0.83,2,2431,0.419,-0.091,81.9,82.3,79.3,81.1,24.95,25.01,24.52,24.82
146.807,6655.1,51.4,0.0,0.0,-0.84,2,2417,0.546,-0.108,81.9,82.3,79.2,81.1,24.95,25.01,24.52,24.82
146.822,6655.4,51.4,0.0,0.0,-0.86,2,2415,0.274,-0.1,81.9,82.3,79.2,81.1,24.95,25.01,24.52,24.82
146.837,6655.6,51.4,0.0,0.0,-0.88,2,2411,0.26,-0.075,81.9,82.3,79.2,81.1,24.95,25.01,24.52,24.82
146.853,6655.8,51.3,0.0,0.0,-0.89,2,2388,0.224,-0.026,81.9,82.3,79.2,81.1,24.95,25.01,24.52,24.82
146.869,6656.0,51.3,0.0,0.0,-0.9,2,2363,0.297,-0.152,81.9,82.3,79.2,81.1,24.95,25.01,24.52,24.82
146.884,6656.2,51.2,0.0,0.0,-0.9,2,2325,0.427,-0.149,81.9,82.3,79.2,81.1,24.95,25.01,24.52,24.81
146.9,6656.5,51.1,0.0,0.0,-0.9,2,2301,0.439,-0.148,81.9,82.3,79.2,81.1,24.95,25.01,24.51,24.81
146.915,6656.7,51.0,0.0,0.0,-0.9,2,2311,0.347,-0.164,81.9,82.3,79.2,81.1,24.95,25.01,24.51,24.81
146.93,6656.9,51.0,0.0,0.0,-0.9,2,2305,0.935,-0.112,81.9,82.3,79.2,81.1,24.95,25.01,24.51,24.81
146.946,6657.1,50.9,0.0,0.0,-0.9,2,2309,0.737,-0.324,81.9,82.3,79.2,81.1,24.95,25.01,24.51,24.81
146.962,6657.4,50.6,0.0,0.0,-0.9,2,2316,0.729,-0.342,81.9,82.3,79.2,81.1,24.95,25.01,24.51,24.81
146.977,6657.6,50.5,0.0,0.0,-0.9,2,2311,0.608,-0.41,81.9,82.3,79.2,81.1,24.95,25.01,24.51,24.81
146.992,6657.8,50.2,0.0,0.0,-0.9,2,2312,0.869,-0.663,81.9,82.3,79.2,81.1,24.95,25.01,24.51,24.81
147.008,6658.0,50.0,0.0,0.0,-0.9,2,2310,0.734,-0.359,81.9,82.3,79.2,81.0,24.95,25.01,24.51,24.81
147.025,6658.2,49.9,0.0,0.0,-0.9,2,2308,0.475,-0.252,81.9,82.3,79.2,81.0,24.95,25.01,24.51,24.81
147.04,6658.4,49.7,0.0,0.0,-0.9,2,2306,0.393,-0.228,81.9,82.3,79.2,81.0,24.95,25.01,24.51,24.81
147.055,6658.6,49.6,0.0,0.0,-0.9,2,2304,0.549,-0.329,81.9,82.3,79.2,81.0,24.95,25.01,24.51,24.8
147.07,6658.9,49.4,0.0,0.0,-0.9,2,2302,0.235,-0.152,81.9,82.3,79.2,81.0,24.95,25.01,24.51,24.8
147.085,6659.1,49.3,0.0,0.0,-0.9,2,2361,0.196,-0.326,81.9,82.3,79.2,81.0,24.95,25.01,24.51,24.8
147.101,6659.3,49.1,0.0,0.0,-0.9,2,2377,0.226,-0.073,81.9,82.3,79.2,81.0,24.95,25.01,24.5,24.8
147.117,6659.5,49.1,0.0,0.0,-0.9,2,2346,0.44,-0.063,81.9,82.3,79.1,81.0,24.95,25.0,24.5,24.8
147.132,6659.7,49.0,0.0,0.0,-0.9,2,2343,0.843,-0.217,81.9,82.3,79.1,81.0,24.95,25.0,24.5,24.8
147.147,6659.9,48.9,0.0,0.0,-0.9,2,2366,0.93,-0.236,81.9,82.3,79.1,81.0,24.95,25.0,24.5,24.8
147.164,6660.1,48.8,0.0,0.0,-0.9,2,2329,1.021,-0.034,81.9,82.3,79.1,81.0,24.95,25.0,24.5,24.8
147.18,6660.3,48.7,0.0,0.0,-0.9,2,2298,1.115,-0.089,81.9,82.3,79.1,81.0,24.95,25.0,24.5,24.8
147.195,6660.5,48.7,0.0,0.0,-0.9,2,2294,0.934,-0.138,81.9,82.3,79.1,81.0,24.94,25.0,24.5,24.8
147.211,6660.8,48.6,0.0,0.0,-0.9,2,2291,0.885,-0.089,81.9,82.3,79.1,81.0,24.94,25.0,24.5,24.8
147.227,6661.0,48.5,0.0,0.0,-0.9,2,2287,0.766,-0.083,81.9,82.3,79.1,81.0,24.94,25.0,24.5,24.8
147.242,6661.2,48.4,0.0,0.0,-0.9,2,2284,0.531,-0.096,81.9,82.3,79.1,81.0,24.94,25.0,24.5,24.8
147.257,6661.4,48.4,0.0,0.0,-0.9,2,2281,0.269,-0.1,81.9,82.3,79.1,81.0,24.94,25.0,24.5,24.79
147.274,6661.6,48.3,0.0,0.0,-0.9,2,2277,0.084,-0.107,81.9,82.2,79.1,81.0,24.94,25.0,24.5,24.79
147.289,6661.8,48.3,0.0,0.0,-0.9,2,2274,0.06,-0.091,81.9,82.2,79.1,81.0,24.94,25.0,24.5,24.79
147.305,6662.0,48.2,0.0,0.0,-0.9,2,2271,0.061,-0.099,81.9,82.2,79.1,81.0,24.94,25.0,24.49,24.79
147.321,6662.2,48.2,0.0,0.0,-0.9,2,2268,0.101,-0.067,81.9,82.2,79.1,80.9,24.94,25.0,24.49,24.79
147.337,6662.5,48.1,0.0,0.0,-0.9,2,2265,0.163,-0.113,81.9,82.2,79.1,80.9,24.94,25.0,24.49,24.79
147.354,6662.7,48.1,0.0,0.0,-0.9,2,2262,0.111,-0.073,81.9,82.2,79.1,80.9,24.94,25.0,24.49,24.79
147.369,6662.9,48.0,0.0,0.0,-0.9,2,2259,0.634,-0.191,81.9,82.2,79.1,80.9,24.94,25.0,24.49,24.79
147.385,6663.1,47.8,0.0,0.0,-0.9,2,2257,0.435,-0.74,81.9,82.2,79.1,80.9,24.94,25.0,24.49,24.79
147.401,6663.3,47.4,0.0,0.0,-0.9,2,2254,0.431,-0.439,81.9,82.2,79.1,80.9,24.94,25.0,24.49,24.79
147.416,6663.5,47.3,0.0,0.0,-0.9,2,2251,0.177,-0.35,81.9,82.2,79.1,80.9,24.94,25.0,24.49,24.79
147.432,6663.7,47.1,0.0,0.0,-0.9,2,2248,0.06,-0.207,81.9,82.2,79.0,80.9,24.94,24.99,24.49,24.78
147.448,6663.9,47.1,0.0,0.0,-0.9,2,2246,0.073,0.03,81.9,82.2,79.0,80.9,24.94,24.99,24.49,24.78
147.463,6664.1,47.1,0.0,0.0,-0.9,2,2243,-0.02,-0.062,81.9,82.2,79.0,80.9,24.94,24.99,24.49,24.78
147.478,6664.3,47.0,0.0,0.0,-0.9,2,2241,-0.041,-0.07,81.9,82.2,79.0,80.9,24.94,24.99,24.49,24.78
147.493,6664.5,46.9,0.0,0.0,-0.9,2,2238,0.156,-0.168,81.9,82.2,79.0,80.9,24.94,24.99,24.48,24.78
147.509,6664.7,46.9,0.0,0.0,-0.9,2,2236,-0.232,-0.082,81.9,82.2,79.0,80.9,24.94,24.99,24.48,24.78
147.525,6664.9,46.8,0.0,0.0,-0.9,2,2233,-0.013,-0.292,81.9,82.2,79.0,80.9,24.94,24.99,24.48,24.78
147.541,6665.1,46.6,0.0,0.0,-0.9,2,2231,0.35,-0.18,81.9,82.2,79.0,80.9,24.94,24.99,24.48,24.78
147.556,6665.3,46.5,0.0,0.0,-0.9,2,2229,0.297,-0.088,81.9,82.2,79.0,80.9,24.94,24.99,24.48,24.78
147.572,6665.5,46.5,0.0,0.0,-0.9,2,2226,0.595,-0.149,81.9,82.2,79.0,80.9,24.94,24.99,24.48,24.78
147.587,6665.7,46.4,0.0,0.0,-0.9,2,2224,0.603,-0.176,81.9,82.2,79.0,80.9,24.94,24.99,24.48,24.78
147.604,6665.9,46.3,0.0,0.0,-0.9,2,2222,0.529,-0.218,81.9,82.2,79.0,80.8,24.94,24.99,24.48,24.78
147.619,6666.1,46.1,0.0,0.0,-0.9,2,2220,0.572,-0.232,81.9,82.2,79.0,80.8,24.94,24.99,24.48,24.77
147.634,6666.3,46.0,0.0,0.0,-0.9,2,2218,0.665,-0.251,81.9,82.2,79.0,80.8,24.94,24.99,24.48,24.77
147.65,6666.5,45.9,0.0,0.0,-0.9,2,2216,0.65,-0.259,81.9,82.2,79.0,80.8,24.94,24.99,24.48,24.77
147.665,6666.7,45.8,0.0,0.0,-0.9,2,2214,0.66,-0.277,81.9,82.2,79.0,80.8,24.94,24.99,24.48,24.77
147.68,6666.9,45.6,0.0,0.0,-0.9,2,2212,1.167,-0.29,81.9,82.2,79.0,80.8,24.94,24.99,24.47,24.77
147.695,6667.1,45.4,0.0,0.0,-0.9,2,2210,1.223,-1.14,81.9,82.2,79.0,80.8,24.94,24.99,24.47,24.77
147.711,6667.3,44.9,0.0,0.0,-0.9,2,2208,1.988,-0.209,81.9,82.2,79.0,80.8,24.94,24.99,24.47,24.77
147.726,6667.5,44.7,0.0,0.0,-0.9,2,2206,2.157,-0.516,81.9,82.2,79.0,80.8,24.94,24.99,24.47,24.77
147.741,6667.7,44.5,0.0,0.0,-0.9,2,2204,1.738,-0.68,81.9,82.2,79.0,80.8,24.94,24.99,24.47,24.77
147.757,6667.9,44.1,0.0,0.0,-0.9,2,2202,1.859,-0.628,81.9,82.2,78.9,80.8,24.94,24.99,24.47,24.77
147.773,6668.1,43.9,0.0,0.0,-0.9,2,2200,1.55,-0.405,81.9,82.2,78.9,80.8,24.94,24.99,24.47,24.77
147.789,6668.3,43.8,0.0,0.0,-0.89,2,2199,1.152,-0.275,81.9,82.2,78.9,80.8,24.94,24.98,24.47,24.76
147.805,6668.5,43.6,0.0,0.0,-0.87,2,2197,0.718,-0.178,81.9,82.2,78.9,80.8,24.94,24.98,24.47,24.76
147.821,6668.6,43.6,0.0,0.0,-0.86,2,2195,0.432,-0.115,81.9,82.1,78.9,80.8,24.94,24.98,24.47,24.76
147.837,6668.8,43.5,0.0,0.0,-0.84,2,2194,0.322,-0.059,81.8,82.1,78.9,80.8,24.94,24.98,24.47,24.76
147.852,6669.0,43.5,0.0,0.0,-0.83,2,2192,0.34,-0.074,81.8,82.1,78.9,80.8,24.94,24.98,24.47,24.76
147.868,6669.2,43.4,0.0,0.0,-0.81,2,2190,0.738,-0.027,81.8,82.1,78.9,80.7,24.94,24.98,24.47,24.76
147.883,6669.4,43.4,0.0,0.0,-0.79,2,2189,0.841,-0.101,81.8,82.1,78.9,80.7,24.94,24.98,24.46,24.76
147.899,6669.6,43.4,0.0,0.0,-0.78,2,2187,0.964,-0.087,81.8,82.1,78.9,80.7,24.93,24.98,24.46,24.76
147.915,6669.8,43.3,0.0,0.0,-0.77,2,2186,1.024,-0.083,81.8,82.1,78.9,80.7,24.93,24.98,24.46,24.76
147.931,6670.0,43.3,0.0,0.0,-0.75,2,2184,1.081,-0.078,81.8,82.1,78.9,80.7,24.93,24.98,24.46,24.76
147.947,6670.2,43.2,0.0,0.0,-0.74,2,2182,0.918,-0.086,81.8,82.1,78.9,80.7,24.93,24.98,24.46,24.75
147.962,6670.3,43.2,0.0,0.0,-0.72,2,2181,0.679,-0.064,81.8,82.1,78.9,80.7,24.93,24.98,24.46,24.75
147.978,6670.5,43.2,0.0,0.0,-0.71,2,2180,0.874,-0.029,81.8,82.1,78.9,80.7,24.93,24.98,24.46,24.75
147.994,6670.7,43.0,0.0,0.0,-0.69,2,2178,0.946,-0.281,81.8,82.1,78.9,80.7,24.93,24.98,24.46,24.75
148.01,6670.9,42.9,0.0,0.0,-0.68,2,2177,1.267,-0.347,81.8,82.1,78.9,80.7,24.93,24.98,24.46,24.75
148.025,6671.1,42.7,0.0,0.0,-0.67,2,2175,1.365,-0.369,81.8,82.1,78.9,80.7,24.93,24.98,24.46,24.75
148.041,6671.3,42.6,0.0,0.0,-0.65,2,2174,1.517,-0.399,81.8,82.1,78.9,80.7,24.93,24.98,24.46,24.75
148.057,6671.5,42.4,0.0,0.0,-0.64,2,2173,1.527,-0.375,81.8,82.1,78.8,80.7,24.93,24.98,24.46,24.75
148.072,6671.6,42.3,0.0,0.0,-0.62,2,2171,1.377,-0.34,81.8,82.1,78.8,80.7,24.93,24.98,24.45,24.75
148.088,6671.8,42.2,0.0,0.0,-0.61,2,2170,1.111,-0.255,81.8,82.1,78.8,80.7,24.93,24.98,24.45,24.75
148.103,6672.0,42.1,0.0,0.0,-0.6,2,2169,0.838,-0.198,81.8,82.1,78.8,80.7,24.93,24.98,24.45,24.75
148.119,6672.2,42.0,0.0,0.0,-0.58,2,2168,0.748,-0.141,81.8,82.1,78.8,80.7,24.93,24.98,24.45,24.74
148.135,6672.4,42.0,0.0,0.0,-0.57,2,2166,0.719,-0.113,81.8,82.1,78.8,80.6,24.93,24.98,24.45,24.74
148.151,6672.6,42.0,0.0,0.0,-0.56,2,2165,0.673,-0.11,81.8,82.1,78.8,80.6,24.93,24.97,24.45,24.74
148.167,6672.8,41.9,0.0,0.0,-0.54,2,2164,0.644,-0.101,81.8,82.1,78.8,80.6,24.93,24.97,24.45,24.74
148.182,6672.9,41.9,0.0,0.0,-0.53,2,2163,0.606,-0.094,81.8,82.1,78.8,80.6,24.93,24.97,24.45,24.74
148.197,6673.1,41.9,0.0,0.0,-0.52,2,2162,0.568,-0.091,81.8,82.1,78.8,80.6,24.93,24.97,24.45,24.74
148.214,6673.3,41.8,0.0,0.0,-0.5,2,2161,0.541,-0.091,81.8,82.1,78.8,80.6,24.93,24.97,24.45,24.74
148.23,6673.5,41.8,0.0,0.0,-0.49,2,2160,0.536,-0.077,81.8,82.1,78.8,80.6,24.93,24.97,24.45,24.74
148.245,6673.7,41.7,0.0,0.0,-0.47,2,2159,0.553,-0.089,81.8,82.1,78.8,80.6,24.93,24.97,24.45,24.74
148.261,6673.9,41.7,0.0,0.0,-0.46,2,2157,0.599,-0.1,81.8,82.1,78.8,80.6,24.93,24.97,24.44,24.74
148.277,6674.0,41.7,0.0,0.0,-0.46,2,2156,0.661,-0.109,81.8,82.1,78.8,80.6,24.93,24.97,24.44,24.74
148.292,6674.2,41.6,0.0,0.0,-0.46,2,2156,0.724,-0.124,81.8,82.1,78.8,80.6,24.93,24.97,24.44,24.73
148.308,6674.4,41.6,0.0,0.0,-0.46,2,2155,0.749,-0.143,81.8,82.1,78.8,80.6,24.93,24.97,24.44,24.73
148.324,6674.6,41.5,0.0,0.0,-0.46,2,2154,0.739,-0.135,81.8,82.1,78.8,80.6,24.93,24.97,24.44,24.73
148.339,6674.8,41.5,0.0,0.0,-0.46,2,2153,0.722,-0.119,81.8,82.1,78.8,80.6,24.93,24.97,24.44,24.73
148.354,6674.9,41.4,0.0,0.0,-0.47,2,2152,0.72,-0.133,81.8,82.1,78.7,80.6,24.93,24.97,24.44,24.73
148.37,6675.1,41.4,0.0,0.0,-0.47,2,2151,0.707,-0.119,81.8,82.0,78.7,80.6,24.93,24.97,24.44,24.73
148.386,6675.3,41.3,0.0,0.0,-0.47,2,2150,0.693,-0.138,81.8,82.0,78.7,80.6,24.93,24.97,24.44,24.73
148.402,6675.5,41.2,0.0,0.0,-0.47,2,2149,0.674,-0.129,81.8,82.0,78.7,80.5,24.93,24.97,24.44,24.73
148.417,6675.6,41.2,0.0,0.0,-0.47,2,2148,0.677,-0.121,81.8,82.0,78.7,80.5,24.93,24.97,24.44,24.73
148.432,6675.8,41.1,0.0,0.0,-0.47,2,2147,0.635,-0.123,81.8,82.0,78.7,80.5,24.93,24.97,24.44,24.73
148.447,6676.0,41.1,0.0,0.0,-0.47,2,2146,0.629,-0.124,81.8,82.0,78.7,80.5,24.93,24.97,24.43,24.72
148.462,6676.2,41.1,0.0,0.0,-0.47,2,2146,0.624,-0.108,81.8,82.0,78.7,80.5,24.92,24.96,24.43,24.72
148.478,6676.3,41.0,0.0,0.0,-0.47,2,2145,0.63,-0.112,81.8,82.0,78.7,80.5,24.92,24.96,24.43,24.72
148.493,6676.5,41.0,0.0,0.0,-0.47,2,2144,0.639,-0.115,81.8,82.0,78.7,80.5,24.92,24.96,24.43,24.72
148.508,6676.7,40.9,1.2,0.0,-0.47,2,2144,0.648,-0.125,81.8,82.0,78.7,80.5,24.92,24.96,24.43,24.72
148.524,6676.9,40.9,7.2,0.0,-0.47,2,2166,0.666,-0.115,81.8,82.0,78.7,80.5,24.92,24.96,24.43,24.72
148.539,6677.0,40.8,13.2,0.0,-0.47,2,2215,0.682,-0.132,81.8,82.0,78.7,80.5,24.92,24.96,24.43,24.72
148.554,6677.2,40.8,19.2,0.0,-0.47,2,2291,0.71,-0.12,81.8,82.0,78.7,80.5,24.92,24.96,24.43,24.72
148.57,6677.4,40.7,26.4,0.0,-0.47,2,2418,0.713,-0.129,81.8,82.0,78.7,80.5,24.92,24.96,24.43,24.72
148.586,6677.6,40.7,32.4,0.0,-0.47,2,2552,0.666,-0.11,81.8,82.0,78.7,80.5,24.92,24.96,24.43,24.72
148.602,6677.7,40.6,38.4,0.0,-0.47,2,2713,0.676,-0.108,81.8,82.0,78.7,80.5,24.92,24.96,24.43,24.72
148.617,6677.9,40.6,44.4,0.0,-0.47,2,2904,0.645,-0.11,81.8,82.0,78.7,80.5,24.92,24.96,24.43,24.71
148.633,6678.1,40.6,51.6,0.0,-0.47,2,3174,0.638,-0.106,81.8,82.0,78.7,80.5,24.92,24.96,24.42,24.71
148.648,6678.3,40.5,57.6,0.0,-0.47,2,3433,0.639,-0.098,81.8,82.0,78.7,80.5,24.92,24.96,24.42,24.71
148.663,6678.4,40.5,63.6,0.0,-0.47,2,3725,0.629,-0.074,81.8,82.0,78.6,80.4,24.92,24.96,24.42,24.71
148.678,6678.6,40.5,69.6,0.0,-0.47,2,4047,0.624,-0.067,81.8,82.0,78.6,80.4,24.92,24.96,24.42,24.71
148.693,6678.8,40.5,75.6,0.0,-0.47,2,4398,0.626,-0.065,81.8,82.0,78.6,80.4,24.92,24.96,24.42,24.71
148.709,6679.0,40.4,81.6,0.0,-0.47,2,4779,0.629,-0.068,81.7,82.0,78.6,80.4,24.92,24.96,24.42,24.71
148.725,6679.1,40.4,87.6,0.0,-0.47,2,5187,0.624,-0.061,81.7,82.0,78.6,80.4,24.92,24.96,24.42,24.71
148.741,6679.3,40.4,93.6,0.0,-0.48,2,5608,0.626,-0.041,81.7,82.0,78.6,80.4,24.92,24.96,24.42,24.71
148.756,6679.5,40.4,100.0,0.0,-0.48,2,6108,0.639,-0.024,81.7,82.0,78.6,80.4,24.92,24.96,24.42,24.71
148.771,6679.7,40.4,100.0,0.0,-0.47,2,6491,0.636,-0.025,81.7,82.0,78.6,80.4,24.92,24.95,24.42,24.71
148.787,6679.8,40.4,100.0,0.0,-0.47,2,6436,0.654,-0.005,81.7,82.0,78.6,80.4,24.92,24.95,24.42,24.7
148.802,6680.0,40.5,100.0,0.0,-0.47,2,6272,0.665,0.002,81.7,82.0,78.6,80.4,24.92,24.95,24.42,24.7
148.818,6680.2,40.5,100.0,0.0,-0.47,2,6518,0.67,0.021,81.7,82.0,78.6,80.4,24.92,24.95,24.42,24.7
148.833,6680.4,40.5,100.0,0.0,-0.47,2,6335,0.657,0.022,81.7,82.0,78.6,80.4,24.92,24.95,24.41,24.7
148.849,6680.5,40.6,100.0,0.0,-0.47,2,6423,0.649,0.051,81.7,82.0,78.6,80.4,24.92,24.95,24.41,24.7
148.864,6680.7,40.6,100.0,0.0,-0.47,2,6424,0.646,0.071,81.7,81.9,78.6,80.4,24.92,24.95,24.41,24.7
148.88,6680.9,40.6,100.0,0.0,-0.47,2,6213,0.639,0.076,81.7,81.9,78.6,80.4,24.92,24.95,24.41,24.7
148.895,6681.0,40.7,100.0,0.0,-0.47,2,6416,0.627,0.088,81.7,81.9,78.6,80.4,24.92,24.95,24.41,24.7
148.911,6681.2,40.8,100.0,0.0,-0.47,2,6388,0.631,0.095,81.7,81.9,78.6,80.4,24.92,24.95,24.41,24.7
148.927,6681.4,40.9,100.0,0.0,-0.47,2,6206,0.64,0.106,81.7,81.9,78.6,80.3,24.92,24.95,24.41,24.7
148.942,6681.6,40.9,100.0,0.0,-0.47,2,6476,0.651,0.132,81.7,81.9,78.6,80.3,24.91,24.95,24.41,24.69
148.958,6681.8,41.0,100.0,0.0,-0.47,2,6311,0.66,0.14,81.7,81.9,78.5,80.3,24.91,24.95,24.41,24.69
148.973,6681.9,41.1,100.0,0.0,-0.47,2,6145,0.662,0.145,81.7,81.9,78.5,80.3,24.91,24.95,24.41,24.69
148.989,6682.1,41.2,100.0,0.0,-0.47,2,6389,0.651,0.176,81.7,81.9,78.5,80.3,24.91,24.95,24.41,24.69
149.005,6682.3,41.4,100.0,0.0,-0.47,2,6397,0.63,0.199,81.7,81.9,78.5,80.3,24.91,24.95,24.4,24.69
149.021,6682.5,41.5,100.0,0.0,-0.46,2,6024,0.631,0.209,81.7,81.9,78.5,80.3,24.91,24.95,24.4,24.69
149.037,6682.7,41.6,100.0,0.0,-0.46,2,6242,0.634,0.226,81.7,81.9,78.5,80.3,24.91,24.95,24.4,24.69
149.052,6682.8,41.8,100.0,0.0,-0.46,2,6429,0.629,0.246,81.7,81.9,78.5,80.3,24.91,24.95,24.4,24.69
149.068,6683.0,42.0,100.0,0.0,-0.46,2,6314,0.639,0.265,81.7,81.9,78.5,80.3,24.91,24.95,24.4,24.69
149.084,6683.2,42.1,100.0,0.0,-0.46,2,5952,0.636,0.274,81.7,81.9,78.5,80.3,24.91,24.94,24.4,24.69
149.099,6683.4,42.3,100.0,0.0,-0.46,2,6125,0.632,0.302,81.7,81.9,78.5,80.3,24.91,24.94,24.4,24.68
149.116,6683.6,42.5,100.0,0.0,-0.45,2,6298,0.636,0.322,81.7,81.9,78.5,80.3,24.91,24.94,24.4,24.68
149.131,6683.8,42.7,100.0,0.0,-0.45,2,6414,0.649,0.313,81.7,81.9,78.5,80.3,24.91,24.94,24.4,24.68
149.147,6684.0,42.9,100.0,0.0,-0.45,2,6508,0.656,0.349,81.7,81.9,78.5,80.3,24.91,24.94,24.4,24.68
149.163,6684.2,43.1,0.0,0.0,-0.45,2,5988,0.643,0.371,81.7,81.9,78.5,80.3,24.91,24.94,24.4,24.68
149.179,6684.3,43.4,0.0,0.0,-0.45,2,5548,0.649,0.399,81.7,81.9,78.5,80.2,24.91,24.94,24.39,24.68
149.195,6684.5,43.6,0.0,0.0,-0.45,2,5103,0.639,0.39,81.7,81.9,78.5,80.2,24.91,24.94,24.39,24.68
149.21,6684.7,43.8,0.0,0.0,-0.44,2,4652,0.632,0.432,81.7,81.9,78.5,80.2,24.91,24.94,24.39,24.68
149.226,6684.9,44.1,0.0,0.0,-0.44,2,4196,0.644,0.438,81.7,81.9,78.5,80.2,24.91,24.94,24.39,24.68
149.241,6685.1,44.3,0.0,0.0,-0.44,2,3735,0.638,0.463,81.7,81.9,78.4,80.2,24.91,24.94,24.39,24.68
149.257,6685.3,44.6,0.0,0.0,-0.44,2,3179,0.639,0.462,81.7,81.9,78.4,80.2,24.91,24.94,24.39,24.67
149.273,6685.5,44.9,0.0,0.0,-0.43,2,2717,0.64,0.513,81.7,81.9,78.4,80.2,24.91,24.94,24.39,24.67
149.289,6685.7,45.2,0.0,0.0,-0.43,2,2285,0.664,0.502,81.7,81.9,78.4,80.2,24.91,24.94,24.39,24.67
149.305,6685.9,45.3,0.0,0.0,-0.43,2,2281,0.725,-0.447,81.7,81.9,78.4,80.2,24.91,24.94,24.39,24.67
149.321,6686.1,45.2,0.0,0.0,-0.43,2,2278,0.728,0.016,81.7,81.9,78.4,80.2,24.91,24.94,24.39,24.67
149.337,6686.3,45.2,0.0,0.0,-0.43,2,2275,0.757,-0.122,81.7,81.8,78.4,80.2,24.91,24.94,24.39,24.67
149.352,6686.5,45.1,0.0,0.0,-0.43,2,2272,0.765,-0.127,81.7,81.8,78.4,80.2,24.91,24.94,24.39,24.67
149.368,6686.7,45.1,0.0,0.0,-0.43,2,2270,0.774,-0.107,81.7,81.8,78.4,80.2,24.91,24.93,24.38,24.67
149.384,6686.9,45.0,0.0,0.0,-0.43,2,2266,0.768,-0.117,81.7,81.8,78.4,80.2,24.9,24.93,24.38,24.67
149.399,6687.1,45.0,0.0,0.0,-0.43,2,2263,0.734,-0.108,81.7,81.8,78.4,80.2,24.9,24.93,24.38,24.67
149.415,6687.3,44.9,0.0,0.0,-0.43,2,2260,0.724,-0.119,81.6,81.8,78.4,80.2,24.9,24.93,24.38,24.67
149.43,6687.5,44.9,0.0,0.0,-0.43,2,2258,0.719,-0.099,81.6,81.8,78.4,80.2,24.9,24.93,24.38,24.66
149.446,6687.7,44.8,0.0,0.0,-0.43,2,2255,0.773,-0.113,81.6,81.8,78.4,80.1,24.9,24.93,24.38,24.66
149.462,6687.9,44.8,0.0,0.0,-0.44,2,2252,0.778,-0.117,81.6,81.8,78.4,80.1,24.9,24.93,24.38,24.66
149.478,6688.1,44.7,0.0,0.0,-0.44,2,2249,0.76,-0.121,81.6,81.8,78.4,80.1,24.9,24.93,24.38,24.66
149.494,6688.3,44.7,0.0,0.0,-0.44,2,2246,0.767,-0.116,81.6,81.8,78.4,80.1,24.9,24.93,24.38,24.66
149.509,6688.5,44.6,0.0,0.0,-0.44,2,2244,0.748,-0.127,81.6,81.8,78.4,80.1,24.9,24.93,24.38,24.66
149.525,6688.6,44.6,1.2,0.0,-0.44,2,2243,0.732,-0.108,81.6,81.8,78.3,80.1,24.9,24.93,24.38,24.66
149.54,6688.8,44.5,7.2,0.0,-0.44,2,2263,0.715,-0.112,81.6,81.8,78.3,80.1,24.9,24.93,24.37,24.66
149.555,6689.0,44.5,13.2,0.0,-0.44,2,2310,0.731,-0.116,81.6,81.8,78.3,80.1,24.9,24.93,24.37,24.66
149.571,6689.2,44.5,19.2,0.0,-0.44,2,2385,0.731,-0.12,81.6,81.8,78.3,80.1,24.9,24.93,24.37,24.66
149.588,6689.4,44.4,26.4,0.0,-0.44,2,2508,0.747,-0.106,81.6,81.8,78.3,80.1,24.9,24.93,24.37,24.65
149.604,6689.6,44.4,32.4,0.0,-0.44,2,2639,0.721,-0.103,81.6,81.8,78.3,80.1,24.9,24.93,24.37,24.65
149.62,6689.8,44.3,38.4,0.0,-0.44,2,2797,0.663,-0.122,81.6,81.8,78.3,80.1,24.9,24.93,24.37,24.65
149.636,6690.0,44.3,45.6,0.0,-0.44,2,3025,0.67,-0.08,81.6,81.8,78.3,80.1,24.9,24.93,24.37,24.65
149.651,6690.2,44.3,51.6,0.0,-0.44,2,3249,0.685,-0.072,81.6,81.8,78.3,80.1,24.9,24.92,24.37,24.65
149.667,6690.4,44.3,57.6,0.0,-0.44,2,3504,0.686,-0.051,81.6,81.8,78.3,80.1,24.9,24.92,24.37,24.65
149.683,6690.6,44.2,64.8,0.0,-0.44,2,3850,0.665,-0.059,81.6,81.8,78.3,80.1,24.9,24.92,24.37,24.65
149.699,6690.8,44.2,70.8,0.0,-0.44,2,4170,0.673,-0.056,81.6,81.8,78.3,80.0,24.9,24.92,24.37,24.65
149.714,6691.0,44.2,76.8,0.0,-0.44,2,4520,0.743,-0.051,81.6,81.8,78.3,80.0,24.9,24.92,24.36,24.65
149.73,6691.2,44.2,82.8,0.0,-0.44,2,4899,0.724,-0.061,81.6,81.8,78.3,80.0,24.9,24.92,24.36,24.65
149.746,6691.4,44.2,90.0,0.0,-0.44,2,5383,0.691,-0.017,81.6,81.8,78.3,80.0,24.9,24.92,24.36,24.64
149.762,6691.6,44.2,96.0,0.0,-0.44,2,5794,0.615,-0.026,81.6,81.8,78.3,80.0,24.9,24.92,24.36,24.64
149.777,6691.8,44.2,100.0,0.0,-0.44,2,6195,0.766,-0.018,81.6,81.8,78.3,80.0,24.89,24.92,24.36,24.64
149.793,6691.9,44.2,100.0,0.0,-0.44,2,6560,0.749,-0.006,81.6,81.7,78.3,80.0,24.89,24.92,24.36,24.64
149.808,6692.1,44.3,100.0,0.0,-0.44,2,6390,0.704,0.026,81.6,81.7,78.2,80.0,24.89,24.92,24.36,24.64
149.824,6692.3,44.3,100.0,0.0,-0.44,2,6321,0.423,0.092,81.6,81.7,78.2,80.0,24.89,24.92,24.36,24.64
149.839,6692.5,44.3,100.0,0.0,-0.44,2,6408,0.734,0.012,81.6,81.7,78.2,80.0,24.89,24.92,24.36,24.64
149.854,6692.7,44.4,100.0,0.0,-0.4,2,6212,0.809,0.057,81.6,81.7,78.2,80.0,24.89,24.92,24.36,24.64
149.87,6692.9,44.4,100.0,0.0,-0.35,2,6529,0.631,0.087,81.6,81.7,78.2,80.0,24.89,24.92,24.36,24.64
149.886,6693.1,44.5,100.0,0.0,-0.31,2,6312,0.274,0.164,81.6,81.7,78.2,80.0,24.89,24.92,24.36,24.64
149.901,6693.3,44.6,100.0,0.0,-0.26,2,6302,0.319,0.152,81.6,81.7,78.2,80.0,24.89,24.92,24.35,24.63
149.916,6693.5,44.7,100.0,0.0,-0.21,2,6480,0.268,0.155,81.6,81.7,78.2,80.0,24.89,24.92,24.35,24.63
149.932,6693.7,44.8,100.0,0.0,-0.16,2,6183,0.11,0.197,81.6,81.7,78.2,80.0,24.89,24.91,24.35,24.63
149.948,6693.9,44.9,100.0,0.0,-0.11,2,6352,0.055,0.215,81.6,81.7,78.2,79.9,24.89,24.91,24.35,24.63
149.963,6694.1,45.0,100.0,0.0,-0.06,2,6392,0.005,0.26,81.6,81.7,78.2,79.9,24.89,24.91,24.35,24.63
149.979,6694.2,45.1,100.0,0.0,-0.01,2,6112,-0.088,0.215,81.6,81.7,78.2,79.9,24.89,24.91,24.35,24.63
149.994,6694.4,45.3,100.0,0.0,0.0,2,6253,-0.215,0.215,81.6,81.7,78.2,79.9,24.89,24.91,24.35,24.63
150.01,6694.6,45.4,100.0,0.0,0.0,2,6512,-0.172,0.29,81.6,81.7,78.2,79.9,24.89,24.91,24.35,24.63
150.026,6694.8,45.6,100.0,0.0,0.0,2,6193,-0.192,0.282,81.5,81.7,78.2,79.9,24.89,24.91,24.35,24.63
150.042,6695.0,45.7,100.0,0.0,0.0,2,6086,-0.13,0.41,81.5,81.7,78.2,79.9,24.89,24.91,24.35,24.63
150.058,6695.2,45.9,100.0,0.0,0.0,2,6282,-0.058,0.242,81.5,81.7,78.2,79.9,24.89,24.91,24.35,24.63
150.074,6695.5,46.1,100.0,0.0,0.0,2,6479,-0.132,0.374,81.5,81.7,78.2,79.9,24.89,24.91,24.34,24.62
150.09,6695.7,46.3,100.0,0.0,0.0,2,6211,-0.113,0.383,81.5,81.7,78.1,79.9,24.89,24.91,24.34,24.62
150.105,6695.9,46.4,100.0,0.0,0.0,2,5944,-0.029,0.482,81.5,81.7,78.1,79.9,24.89,24.91,24.34,24.62
150.12,6696.1,46.7,100.0,0.0,0.0,2,6101,-0.065,0.461,81.5,81.7,78.1,79.9,24.89,24.91,24.34,24.62
150.135,6696.3,46.9,100.0,0.0,0.0,2,6232,-0.128,0.308,81.5,81.7,78.1,79.9,24.88,24.91,24.34,24.62
150.151,6696.5,47.2,100.0,0.0,0.0,2,6357,-0.083,0.501,81.5,81.7,78.1,79.9,24.88,24.91,24.34,24.62
150.167,6696.7,47.3,100.0,0.0,0.0,2,6438,-0.062,0.535,81.5,81.7,78.1,79.9,24.88,24.9,24.34,24.62
150.182,6696.9,47.7,100.0,0.0,0.0,2,6498,0.013,0.623,81.5,81.7,78.1,79.9,24.88,24.9,24.34,24.62
150.198,6697.1,47.9,100.0,0.0,0.0,2,6134,0.057,0.302,81.5,81.6,78.1,79.9,24.88,24.9,24.34,24.62
150.213,6697.3,48.1,100.0,0.0,0.0,2,5774,0.043,0.547,81.5,81.6,78.1,79.8,24.88,24.9,24.34,24.62
150.228,6697.5,48.3,100.0,0.0,0.0,2,5850,-0.014,0.538,81.5,81.6,78.1,79.8,24.88,24.9,24.34,24.61
150.244,6697.7,48.8,100.0,0.0,0.0,2,5915,0.02,0.762,81.5,81.6,78.1,79.8,24.88,24.9,24.33,24.61
150.26,6697.9,49.0,100.0,0.0,-0.0,2,5949,0.054,0.298,81.5,81.6,78.1,79.8,24.88,24.9,24.33,24.61
150.275,6698.1,49.3,100.0,0.0,-0.02,2,5966,0.001,0.539,81.5,81.6,78.1,79.8,24.88,24.9,24.33,24.61
150.29,6698.3,49.5,100.0,0.0,-0.03,2,5968,-0.001,0.636,81.5,81.6,78.1,79.8,24.88,24.9,24.33,24.61
150.306,6698.5,50.0,100.0,0.0,-0.04,2,5955,0.092,1.087,81.5,81.6,78.1,79.8,24.88,24.9,24.33,24.61
150.321,6698.8,50.3,100.0,0.0,-0.05,2,5928,0.046,0.332,81.5,81.6,78.1,79.8,24.88,24.9,24.33,24.61
150.337,6699.0,50.6,100.0,0.0,-0.07,2,5880,0.006,0.655,81.5,81.6,78.1,79.8,24.88,24.9,24.33,24.61
150.353,6699.2,51.0,100.0,0.0,-0.08,2,5274,0.06,0.825,81.5,81.6,78.1,79.8,24.88,24.9,24.33,24.61
150.368,6699.4,51.5,100.0,0.0,-0.09,2,5137,0.095,0.822,81.5,81.6,78.0,79.8,24.88,24.9,24.33,24.61
150.383,6699.6,51.9,100.0,0.0,-0.1,2,5103,0.137,0.653,81.5,81.6,78.0,79.8,24.88,24.9,24.33,24.61
150.399,6699.9,52.3,100.0,0.0,-0.12,2,5056,0.23,0.746,81.5,81.6,78.0,79.8,24.88,24.9,24.33,24.6
150.414,6700.1,52.7,100.0,0.0,-0.13,2,4997,0.224,0.802,81.5,81.6,78.0,79.8,24.88,24.89,24.32,24.6
150.43,6700.3,53.1,100.0,0.0,-0.14,2,4923,0.258,0.699,81.5,81.6,78.0,79.8,24.88,24.89,24.32,24.6
150.446,6700.6,53.6,100.0,0.0,-0.16,2,4813,0.319,0.794,81.5,81.6,78.0,79.8,24.88,24.89,24.32,24.6
150.461,6700.8,54.0,100.0,0.0,-0.17,2,4705,0.323,0.775,81.5,81.6,78.0,79.8,24.87,24.89,24.32,24.6
150.476,6701.0,54.4,97.6,0.0,-0.18,2,4112,0.313,0.773,81.5,81.6,78.0,79.7,24.87,24.89,24.32,24.6
150.492,6701.3,54.8,91.6,0.0,-0.19,2,3410,0.372,0.802,81.5,81.6,78.0,79.7,24.87,24.89,24.32,24.6
150.507,6701.5,55.2,85.6,0.0,-0.21,2,2905,0.403,0.713,81.5,81.6,78.0,79.7,24.87,24.89,24.32,24.6
150.523,6701.7,55.6,85.6,0.0,-0.22,2,2623,0.363,0.527,81.5,81.6,78.0,79.7,24.87,24.89,24.32,24.6
150.539,6702.0,55.8,91.6,0.0,-0.23,2,2718,0.497,0.219,81.5,81.6,78.0,79.7,24.87,24.89,24.32,24.6
150.554,6702.2,55.9,97.6,0.0,-0.24,2,2844,0.53,0.407,81.5,81.6,78.0,79.7,24.87,24.89,24.32,24.6
150.57,6702.5,56.2,100.0,0.0,-0.26,2,2821,0.524,0.526,81.4,81.5,78.0,79.7,24.87,24.89,24.32,24.59
150.585,6702.7,56.5,100.0,0.0,-0.27,2,2839,0.434,0.561,81.4,81.5,78.0,79.7,24.87,24.89,24.32,24.59
150.601,6703.0,56.8,100.0,0.0,-0.28,2,2861,0.677,0.564,81.4,81.5,78.0,79.7,24.87,24.89,24.31,24.59
150.616,6703.2,57.1,100.0,0.0,-0.3,2,2862,0.591,0.595,81.4,81.5,78.0,79.7,24.87,24.89,24.31,24.59
150.632,6703.4,57.4,100.0,0.0,-0.31,2,2863,0.474,0.613,81.4,81.5,78.0,79.7,24.87,24.89,24.31,24.59
150.647,6703.7,57.7,100.0,0.0,-0.32,2,2905,0.602,0.426,81.4,81.5,77.9,79.7,24.87,24.88,24.31,24.59
150.663,6704.0,58.0,100.0,0.0,-0.33,2,2889,0.725,0.64,81.4,81.5,77.9,79.7,24.87,24.88,24.31,24.59
150.679,6704.2,58.4,100.0,0.0,-0.35,2,2879,0.56,0.621,81.4,81.5,77.9,79.7,24.87,24.88,24.31,24.59
150.695,6704.5,58.7,100.0,0.0,-0.34,2,2951,0.556,0.168,81.4,81.5,77.9,79.7,24.87,24.88,24.31,24.59
150.71,6704.7,58.9,100.0,0.0,-0.29,2,2971,0.853,0.59,81.4,81.5,77.9,79.7,24.87,24.88,24.31,24.59
150.726,6705.0,59.3,100.0,0.0,-0.24,2,2945,0.542,0.625,81.4,81.5,77.9,79.7,24.87,24.88,24.31,24.58
150.742,6705.2,59.7,100.0,0.0,-0.19,2,3011,0.519,0.381,81.4,81.5,77.9,79.6,24.87,24.88,24.31,24.58
150.757,6705.5,59.9,100.0,0.0,-0.14,2,3074,0.525,0.569,81.4,81.5,77.9,79.6,24.87,24.88,24.31,24.58
150.773,6705.8,60.2,100.0,0.0,-0.09,2,2865,0.423,0.707,81.4,81.5,77.9,79.6,24.87,24.88,24.3,24.58
150.789,6706.0,60.5,100.0,0.0,-0.04,2,2947,0.442,0.418,81.4,81.5,77.9,79.6,24.86,24.88,24.3,24.58
150.804,6706.3,60.6,100.0,0.0,0.0,2,3121,0.092,0.288,81.4,81.5,77.9,79.6,24.86,24.88,24.3,24.58
150.82,6706.5,60.9,100.0,0.0,0.0,2,3094,0.023,0.768,81.4,81.5,77.9,79.6,24.86,24.88,24.3,24.58
150.835,6706.8,61.4,95.2,0.0,0.0,2,3047,0.232,0.693,81.4,81.5,77.9,79.6,24.86,24.88,24.3,24.58
150.851,6707.1,61.6,100.0,0.0,0.0,2,3174,0.17,0.398,81.4,81.5,77.9,79.6,24.86,24.88,24.3,24.58
150.866,6707.3,62.0,98.8,0.0,0.0,2,3118,0.18,0.843,81.4,81.5,77.9,79.6,24.86,24.88,24.3,24.58
150.882,6707.6,62.4,92.8,0.0,0.0,2,2931,0.256,0.536,81.4,81.5,77.9,79.6,24.86,24.87,24.3,24.58
150.897,6707.9,62.5,98.8,0.0,0.0,2,3096,0.217,0.155,81.4,81.5,77.9,79.6,24.86,24.87,24.3,24.57
150.912,6708.1,62.8,100.0,0.0,0.0,2,3105,0.234,0.751,81.4,81.5,77.9,79.6,24.86,24.87,24.3,24.57
150.927,6708.4,63.2,100.0,0.0,0.0,2,3057,0.211,0.777,81.4,81.5,77.9,79.6,24.86,24.87,24.3,24.57
150.943,6708.7,63.4,100.0,0.0,0.0,2,3199,0.175,0.312,81.4,81.4,77.8,79.6,24.86,24.87,24.3,24.57
150.959,6709.0,63.8,100.0,0.0,0.0,2,3157,0.141,0.828,81.4,81.4,77.8,79.6,24.86,24.87,24.3,24.57
150.975,6709.3,64.2,100.0,0.0,0.0,2,3096,0.127,0.776,81.4,81.4,77.8,79.6,24.86,24.87,24.29,24.57
150.991,6709.5,64.5,100.0,0.0,0.0,2,3264,0.14,0.386,81.4,81.4,77.8,79.6,24.86,24.87,24.29,24.57
151.007,6709.8,64.8,100.0,0.0,0.0,2,3216,0.066,0.826,81.4,81.4,77.8,79.6,24.86,24.87,24.29,24.57
151.022,6710.1,65.3,100.0,0.0,0.0,2,3212,0.035,0.719,81.4,81.4,77.8,79.5,24.86,24.87,24.29,24.57
151.038,6710.4,65.4,100.0,0.0,0.0,2,3344,0.091,0.415,81.4,81.4,77.8,79.5,24.86,24.87,24.29,24.57
151.053,6710.7,65.8,97.6,0.0,0.0,2,3283,-0.005,0.807,81.4,81.4,77.8,79.5,24.86,24.87,24.29,24.57
151.069,6711.0,66.2,100.0,0.0,0.0,2,3277,0.024,0.652,81.3,81.4,77.8,79.5,24.86,24.87,24.29,24.56
151.085,6711.3,66.4,100.0,0.0,0.0,2,3386,0.302,0.613,81.3,81.4,77.8,79.5,24.86,24.87,24.29,24.56
151.101,6711.5,66.9,95.2,0.0,0.0,2,3300,-0.043,0.894,81.3,81.4,77.8,79.5,24.85,24.86,24.29,24.56
151.116,6711.8,67.2,100.0,0.0,0.0,2,3371,0.034,0.281,81.3,81.4,77.8,79.5,24.85,24.86,24.29,24.56
151.131,6712.1,67.4,100.0,0.0,0.0,2,3425,0.132,0.667,81.3,81.4,77.8,79.5,24.85,24.86,24.29,24.56
151.147,6712.4,68.0,97.6,0.0,0.0,2,3317,-0.033,0.903,81.3,81.4,77.8,79.5,24.85,24.86,24.29,24.56
151.163,6712.7,68.2,100.0,0.0,0.0,2,3467,0.117,0.245,81.3,81.4,77.8,79.5,24.85,24.86,24.29,24.56
151.178,6713.0,68.5,98.8,0.0,-0.01,2,3448,0.096,0.812,81.3,81.4,77.8,79.5,24.85,24.86,24.28,24.56
151.196,6713.4,69.1,96.4,0.0,-0.02,2,3424,0.093,0.513,81.3,81.4,77.8,79.5,24.85,24.86,24.28,24.56
151.21,6713.6,69.2,100.0,0.0,-0.04,2,3534,0.085,0.564,81.3,81.4,77.8,79.5,24.85,24.86,24.28,24.56
151.225,6713.9,69.6,96.4,0.0,-0.05,2,3344,0.114,0.861,81.3,81.4,77.8,79.5,24.85,24.86,24.28,24.56
151.241,6714.2,69.8,95.2,0.0,-0.06,2,3260,0.126,0.215,81.3,81.4,77.8,79.5,24.85,24.86,24.28,24.55
151.256,6714.5,69.9,100.0,0.0,-0.07,2,3450,0.224,0.252,81.3,81.4,77.8,79.5,24.85,24.86,24.28,24.55
151.271,6714.8,70.3,100.0,0.0,-0.09,2,3464,0.316,0.685,81.3,81.4,77.8,79.5,24.85,24.86,24.28,24.55
151.287,6715.1,70.5,100.0,0.0,-0.1,2,3580,0.232,0.204,81.3,81.4,77.7,79.5,24.85,24.86,24.28,24.55
151.303,6715.4,70.9,100.0,0.0,-0.11,2,3570,0.309,0.774,81.3,81.3,77.7,79.4,24.85,24.86,24.28,24.55
151.319,6715.7,71.3,100.0,0.0,-0.12,2,3557,0.297,0.688,81.3,81.3,77.7,79.4,24.85,24.86,24.28,24.55
151.334,6716.1,71.6,100.0,0.0,-0.14,2,3592,0.335,0.721,81.3,81.3,77.7,79.4,24.85,24.85,24.28,24.55
151.35,6716.4,72.0,100.0,0.0,-0.15,2,3590,0.337,0.671,81.3,81.3,77.7,79.4,24.85,24.85,24.28,24.55
151.365,6716.7,72.3,100.0,0.0,-0.16,2,3616,0.293,0.45,81.3,81.3,77.7,79.4,24.85,24.85,24.28,24.55
151.38,6717.0,72.6,100.0,0.0,-0.17,2,3664,0.337,0.486,81.3,81.3,77.7,79.4,24.85,24.85,24.27,24.55
151.397,6717.3,73.0,100.0,0.0,-0.19,2,3678,0.39,0.685,81.3,81.3,77.7,79.4,24.84,24.85,24.27,24.55
151.412,6717.6,73.4,100.0,0.0,-0.2,2,3657,0.43,0.731,81.3,81.3,77.7,79.4,24.84,24.85,24.27,24.55
151.427,6717.9,73.8,100.0,0.0,-0.21,2,3630,0.494,0.72,81.3,81.3,77.7,79.4,24.84,24.85,24.27,24.54
151.442,6718.2,74.1,100.0,0.0,-0.22,2,3619,0.519,0.68,81.3,81.3,77.7,79.4,24.84,24.85,24.27,24.54
151.458,6718.6,74.5,100.0,0.0,-0.23,2,3632,0.559,0.614,81.3,81.3,77.7,79.4,24.84,24.85,24.27,24.54
151.474,6718.9,74.8,100.0,0.0,-0.25,2,3661,0.594,0.582,81.3,81.3,77.7,79.4,24.84,24.85,24.27,24.54
151.489,6719.2,75.2,100.0,0.0,-0.2,2,3702,0.628,0.566,81.3,81.3,77.7,79.4,24.84,24.85,24.27,24.54
151.504,6719.5,75.5,100.0,0.0,-0.15,2,3736,0.573,0.588,81.3,81.3,77.7,79.4,24.84,24.85,24.27,24.54
151.519,6719.9,75.8,100.0,0.0,-0.11,2,3769,0.509,0.597,81.3,81.3,77.7,79.4,24.84,24.85,24.27,24.54
151.535,6720.2,76.1,100.0,0.0,-0.06,2,3802,0.366,0.611,81.2,81.3,77.7,79.4,24.84,24.85,24.27,24.54
151.55,6720.5,76.4,100.0,0.0,-0.01,2,3832,0.252,0.601,81.2,81.3,77.7,79.4,24.84,24.85,24.27,24.54
151.566,6720.8,76.7,100.0,0.0,0.0,2,3858,0.237,0.63,81.2,81.3,77.7,79.4,24.84,24.84,24.27,24.54
151.581,6721.2,77.1,100.0,0.0,0.0,2,3879,0.227,0.639,81.2,81.3,77.7,79.4,24.84,24.84,24.26,24.54
151.597,6721.5,77.4,100.0,0.0,0.0,2,3899,0.319,0.642,81.2,81.3,77.7,79.3,24.84,24.84,24.26,24.54
151.612,6721.8,77.8,100.0,0.0,0.0,2,3919,0.291,0.663,81.2,81.3,77.6,79.3,24.84,24.84,24.26,24.53
151.628,6722.2,78.2,100.0,0.0,0.0,2,3934,0.222,0.669,81.2,81.3,77.6,79.3,24.84,24.84,24.26,24.53
151.643,6722.5,78.5,100.0,0.0,0.0,2,3948,0.443,0.633,81.2,81.3,77.6,79.3,24.84,24.84,24.26,24.53
151.659,6722.9,78.9,100.0,0.0,0.0,2,3962,0.176,0.651,81.2,81.3,77.6,79.3,24.84,24.84,24.26,24.53
151.675,6723.2,79.2,100.0,0.0,0.0,2,3978,0.25,0.687,81.2,81.2,77.6,79.3,24.84,24.84,24.26,24.53
151.69,6723.5,79.6,100.0,0.0,0.0,2,3999,0.237,0.581,81.2,81.2,77.6,79.3,24.83,24.84,24.26,24.53
151.706,6723.9,80.0,100.0,0.0,0.0,2,4001,0.348,0.851,81.2,81.2,77.6,79.3,24.83,24.84,24.26,24.53
151.722,6724.3,80.3,100.0,0.0,0.0,2,3981,0.338,0.629,81.2,81.2,77.6,79.3,24.83,24.84,24.26,24.53
151.738,6724.6,80.7,100.0,0.0,0.0,2,4003,0.263,0.66,81.2,81.2,77.6,79.3,24.83,24.84,24.26,24.53
151.754,6725.0,81.0,100.0,0.0,0.0,2,4077,0.193,0.575,81.2,81.2,77.6,79.3,24.83,24.84,24.26,24.53
151.77,6725.3,81.4,100.0,0.0,0.0,2,4042,0.224,0.757,81.2,81.2,77.6,79.3,24.83,24.84,24.26,24.53
151.785,6725.7,81.7,100.0,0.0,0.0,2,4143,0.143,0.327,81.2,81.2,77.6,79.3,24.83,24.83,24.25,24.53
151.801,6726.0,81.9,98.8,0.0,0.0,2,4169,0.093,0.712,81.2,81.2,77.6,79.3,24.83,24.83,24.25,24.53
151.816,6726.4,82.4,100.0,0.0,-0.0,2,4211,0.117,0.29,81.2,81.2,77.6,79.3,24.83,24.83,24.25,24.52
151.831,6726.7,82.6,98.8,0.0,-0.02,2,4286,0.075,0.587,81.2,81.2,77.6,79.3,24.83,24.83,24.25,24.52
151.847,6727.1,83.0,92.8,0.0,-0.03,2,3943,0.104,0.776,81.2,81.2,77.6,79.3,24.83,24.83,24.25,24.52
151.862,6727.4,83.1,96.4,0.0,-0.04,2,4034,0.211,0.209,81.2,81.2,77.6,79.3,24.83,24.83,24.25,24.52
151.877,6727.8,83.4,100.0,0.0,-0.05,2,4062,0.148,0.673,81.2,81.2,77.6,79.3,24.83,24.83,24.25,24.52
151.893,6728.1,83.6,100.0,0.0,-0.06,2,4208,0.223,0.217,81.2,81.2,77.6,79.3,24.83,24.83,24.25,24.52
151.908,6728.5,84.0,100.0,0.0,-0.07,2,4192,0.106,0.836,81.2,81.2,77.6,79.3,24.83,24.83,24.25,24.52
151.923,6728.9,84.3,100.0,0.0,-0.08,2,4259,0.275,0.296,81.2,81.2,77.6,79.2,24.83,24.83,24.25,24.52
151.939,6729.2,84.7,100.0,0.0,-0.09,2,4232,0.271,0.906,81.2,81.2,77.5,79.2,24.83,24.83,24.25,24.52
151.954,6729.6,85.1,100.0,0.0,-0.1,2,4240,0.258,0.337,81.2,81.2,77.5,79.2,24.83,24.83,24.25,24.52
151.97,6730.0,85.4,100.0,0.0,-0.11,2,4288,0.351,0.719,81.2,81.2,77.5,79.2,24.83,24.83,24.25,24.52
151.986,6730.3,85.8,100.0,0.0,-0.12,2,4251,0.246,0.876,81.2,81.2,77.5,79.2,24.82,24.83,24.25,24.52
152.001,6730.7,86.0,100.0,0.0,-0.13,2,4318,0.42,0.639,81.2,81.2,77.5,79.2,24.82,24.83,24.25,24.52
152.017,6731.1,86.6,100.0,0.0,-0.15,2,4280,0.312,0.807,81.1,81.2,77.5,79.2,24.82,24.82,24.24,24.51
152.032,6731.5,86.7,100.0,0.0,-0.16,2,4386,0.493,0.538,81.1,81.1,77.5,79.2,24.82,24.82,24.24,24.51
152.049,6731.9,87.2,100.0,0.0,-0.13,2,4321,0.332,0.842,81.1,81.1,77.5,79.2,24.82,24.82,24.24,24.51
152.064,6732.2,87.4,100.0,0.0,-0.08,2,4429,0.434,0.331,81.1,81.1,77.5,79.2,24.82,24.82,24.24,24.51
152.08,6732.6,87.9,100.0,0.0,-0.03,2,4394,0.275,0.793,81.1,81.1,77.5,79.2,24.82,24.82,24.24,24.51
152.095,6733.0,88.1,100.0,0.0,0.0,2,4496,0.082,0.384,81.1,81.1,77.5,79.2,24.82,24.82,24.24,24.51
152.111,6733.4,88.5,97.6,0.0,0.0,2,4464,0.184,0.797,81.1,81.1,77.5,79.2,24.82,24.82,24.24,24.51
152.127,6733.8,88.8,100.0,0.0,0.0,2,4551,0.103,0.22,81.1,81.1,77.5,79.2,24.82,24.82,24.24,24.51
152.142,6734.2,89.2,98.8,0.0,0.0,2,4530,0.189,0.809,81.1,81.1,77.5,79.2,24.82,24.82,24.24,24.51
152.157,6734.5,89.5,100.0,0.0,0.0,2,4578,0.139,0.227,81.1,81.1,77.5,79.2,24.82,24.82,24.24,24.51
152.173,6734.9,89.8,96.4,0.0,0.0,2,4561,0.247,0.826,81.1,81.1,77.5,79.2,24.82,24.82,24.24,24.51
152.188,6735.3,90.3,96.4,0.0,0.0,2,4565,0.178,0.346,81.1,81.1,77.5,79.2,24.82,24.82,24.24,24.51
152.204,6735.7,90.6,100.0,0.0,0.0,2,4542,0.249,0.776,81.1,81.1,77.5,79.2,24.82,24.82,24.24,24.51
152.219,6736.1,91.0,100.0,0.0,0.0,2,4582,0.19,0.288,81.1,81.1,77.5,79.2,24.82,24.82,24.24,24.51
152.235,6736.5,91.3,100.0,0.0,0.0,2,4561,0.238,0.798,81.1,81.1,77.5,79.2,24.82,24.81,24.24,24.5
152.25,6736.9,91.7,100.0,0.0,0.0,2,4567,0.262,0.711,81.1,81.1,77.5,79.1,24.82,24.81,24.23,24.5
152.267,6737.3,92.1,100.0,0.0,0.0,2,4569,0.258,0.693,81.1,81.1,77.5,79.1,24.81,24.81,24.23,24.5
152.281,6737.7,92.5,100.0,0.0,0.0,2,4593,0.229,0.641,81.1,81.1,77.5,79.1,24.81,24.81,24.23,24.5
152.297,6738.1,92.8,100.0,0.0,0.0,2,4611,0.205,0.664,81.1,81.1,77.5,79.1,24.81,24.81,24.23,24.5
152.313,6738.5,93.2,100.0,0.0,0.0,2,4642,0.175,0.65,81.1,81.1,77.4,79.1,24.81,24.81,24.23,24.5
152.329,6738.9,93.6,100.0,0.0,0.0,2,4661,0.159,0.68,81.1,81.1,77.4,79.1,24.81,24.81,24.23,24.5
152.345,6739.3,93.9,100.0,0.0,0.0,2,4669,0.146,0.678,81.1,81.1,77.4,79.1,24.81,24.81,24.23,24.5
152.361,6739.7,94.3,100.0,0.0,0.0,2,4676,0.139,0.673,81.1,81.1,77.4,79.1,24.81,24.81,24.23,24.5
152.376,6740.1,94.6,100.0,0.0,0.0,2,4675,0.116,0.685,81.1,81.1,77.4,79.1,24.81,24.81,24.23,24.5
152.391,6740.5,95.0,100.0,0.0,0.0,2,4688,0.08,0.678,81.1,81.1,77.4,79.1,24.81,24.81,24.23,24.5
152.406,6740.9,95.3,100.0,0.0,0.0,2,4716,0.116,0.521,81.1,81.0,77.4,79.1,24.81,24.81,24.23,24.5
152.421,6741.3,95.6,100.0,0.0,0.0,2,4763,0.13,0.581,81.1,81.0,77.4,79.1,24.81,24.81,24.23,24.5
152.437,6741.7,96.0,100.0,0.0,0.0,2,4783,0.098,0.648,81.1,81.0,77.4,79.1,24.81,24.81,24.23,24.49
152.452,6742.2,96.4,100.0,0.0,0.0,2,4791,0.08,0.675,81.0,81.0,77.4,79.1,24.81,24.81,24.23,24.49
152.468,6742.6,96.8,100.0,0.0,0.0,2,4789,0.037,0.712,81.0,81.0,77.4,79.1,24.81,24.81,24.23,24.49
152.484,6743.0,97.2,100.0,0.0,0.0,2,4780,0.031,0.718,81.0,81.0,77.4,79.1,24.81,24.8,24.23,24.49
152.5,6743.4,97.6,100.0,0.0,0.0,2,4759,0.14,0.751,81.0,81.0,77.4,79.1,24.81,24.8,24.22,24.49
152.516,6743.9,98.0,100.0,0.0,0.0,2,4750,0.033,0.745,81.0,81.0,77.4,79.1,24.81,24.8,24.22,24.49
152.532,6744.3,98.4,100.0,0.0,0.0,2,4750,0.15,0.646,81.0,81.0,77.4,79.1,24.8,24.8,24.22,24.49
152.548,6744.8,98.8,100.0,0.0,0.0,2,4779,0.012,0.669,81.0,81.0,77.4,79.1,24.8,24.8,24.22,24.49
152.563,6745.2,99.1,100.0,0.0,0.0,2,4801,0.115,0.581,81.0,81.0,77.4,79.1,24.8,24.8,24.22,24.49
152.578,6745.6,99.5,100.0,0.0,0.0,2,4820,-0.001,0.658,81.0,81.0,77.4,79.0,24.8,24.8,24.22,24.49
152.594,6746.0,99.8,100.0,0.0,0.0,2,4811,0.163,0.71,81.0,81.0,77.4,79.0,24.8,24.8,24.22,24.49
152.61,6746.5,100.2,100.0,0.0,0.0,2,4879,-0.034,0.319,81.0,81.0,77.4,79.0,24.8,24.8,24.22,24.49
152.625,6746.9,100.5,100.0,0.0,0.0,2,4889,0.052,0.746,81.0,81.0,77.4,79.0,24.8,24.8,24.22,24.49
152.641,6747.3,100.8,100.0,0.0,0.0,2,4990,-0.02,0.264,81.0,81.0,77.4,79.0,24.8,24.8,24.22,24.48
152.657,6747.8,101.2,100.0,0.0,0.0,2,4953,0.001,0.887,81.0,81.0,77.4,79.0,24.8,24.8,24.22,24.48
152.673,6748.2,101.5,100.0,0.0,0.0,2,5062,0.001,0.27,81.0,81.0,77.4,79.0,24.8,24.8,24.22,24.48
152.688,6748.7,101.8,100.0,0.0,0.0,2,5023,-0.072,0.907,81.0,81.0,77.4,79.0,24.8,24.8,24.22,24.48
152.704,6749.1,102.1,100.0,0.0,0.0,2,5112,-0.047,0.35,81.0,81.0,77.4,79.0,24.8,24.8,24.22,24.48
152.719,6749.6,102.6,100.0,0.0,0.0,2,5095,-0.033,0.825,81.0,81.0,77.4,79.0,24.8,24.8,24.22,24.48
152.735,6750.0,102.8,100.0,0.0,0.0,2,5133,-0.023,0.748,81.0,81.0,77.4,79.0,24.8,24.79,24.22,24.48
152.75,6750.4,103.3,100.0,0.0,0.0,2,5102,-0.011,0.827,81.0,81.0,77.3,79.0,24.8,24.79,24.22,24.48
152.766,6750.9,103.6,100.0,0.0,0.0,2,5091,-0.024,0.881,81.0,81.0,77.3,79.0,24.8,24.79,24.22,24.48
152.781,6751.3,104.0,100.0,0.0,0.0,2,5099,-0.068,0.364,81.0,81.0,77.3,79.0,24.8,24.79,24.21,24.48
152.798,6751.8,104.5,100.0,0.0,0.0,2,5061,-0.07,0.822,81.0,80.9,77.3,79.0,24.79,24.79,24.21,24.48
152.813,6752.3,104.8,100.0,0.0,0.0,2,5112,-0.059,0.592,81.0,80.9,77.3,79.0,24.79,24.79,24.21,24.48
152.828,6752.7,105.2,100.0,0.0,0.0,2,5085,-0.064,0.723,81.0,80.9,77.3,79.0,24.79,24.79,24.21,24.48
152.844,6753.2,105.5,100.0,0.0,0.0,2,5106,-0.023,0.69,81.0,80.9,77.3,79.0,24.79,24.79,24.21,24.48
152.859,6753.6,105.9,100.0,0.0,0.0,2,5119,-0.081,0.644,81.0,80.9,77.3,79.0,24.79,24.79,24.21,24.47
152.875,6754.1,106.3,100.0,0.0,0.0,2,5150,-0.266,0.651,80.9,80.9,77.3,79.0,24.79,24.79,24.21,24.47
152.891,6754.5,106.6,100.0,0.0,0.0,2,5177,-0.028,0.541,80.9,80.9,77.3,79.0,24.79,24.79,24.21,24.47
152.907,6755.0,106.9,100.0,0.0,0.0,2,5193,-0.082,0.642,80.9,80.9,77.3,79.0,24.79,24.79,24.21,24.47
152.922,6755.5,107.3,100.0,0.0,0.0,2,5213,-0.095,0.637,80.9,80.9,77.3,78.9,24.79,24.79,24.21,24.47
152.937,6755.9,107.6,100.0,0.0,0.0,2,5231,-0.072,0.644,80.9,80.9,77.3,78.9,24.79,24.79,24.21,24.47
152.954,6756.4,108.0,100.0,0.0,0.0,2,5244,-0.084,0.663,80.9,80.9,77.3,78.9,24.79,24.78,24.21,24.47
152.97,6756.9,108.4,100.0,0.0,0.0,2,5253,-0.079,0.642,80.9,80.9,77.3,78.9,24.79,24.78,24.21,24.47
152.985,6757.4,108.7,100.0,0.0,0.0,2,5270,-0.048,0.636,80.9,80.9,77.3,78.9,24.79,24.78,24.21,24.47
153.0,6757.8,109.0,100.0,0.0,0.0,2,5306,-0.096,0.588,80.9,80.9,77.3,78.9,24.79,24.78,24.21,24.47
153.016,6758.3,109.4,100.0,0.0,0.0,2,5318,-0.096,0.657,80.9,80.9,77.3,78.9,24.79,24.78,24.21,24.47
153.032,6758.8,109.8,100.0,0.0,0.0,2,5320,-0.072,0.672,80.9,80.9,77.3,78.9,24.79,24.78,24.21,24.47
153.047,6759.3,110.1,100.0,0.0,0.0,2,5328,-0.074,0.631,80.9,80.9,77.3,78.9,24.79,24.78,24.21,24.47
153.063,6759.8,110.5,100.0,0.0,0.0,2,5345,-0.068,0.64,80.9,80.9,77.3,78.9,24.79,24.78,24.2,24.47
153.079,6760.3,110.9,100.0,0.0,0.0,2,5359,-0.073,0.661,80.9,80.9,77.3,78.9,24.78,24.78,24.2,24.46
153.094,6760.7,111.2,100.0,0.0,0.0,2,5372,-0.069,0.651,80.9,80.9,77.3,78.9,24.78,24.78,24.2,24.46
153.109,6761.2,111.6,100.0,0.0,0.0,2,5378,-0.056,0.675,80.9,80.9,77.3,78.9,24.78,24.78,24.2,24.46
153.124,6761.6,111.9,100.0,0.0,0.0,2,5388,-0.04,0.667,80.9,80.9,77.3,78.9,24.78,24.78,24.2,24.46
153.14,6762.1,112.3,100.0,0.0,0.0,2,5402,-0.04,0.642,80.9,80.9,77.3,78.9,24.78,24.78,24.2,24.46
153.155,6762.6,112.6,100.0,0.0,0.0,2,5422,-0.03,0.626,80.9,80.8,77.3,78.9,24.78,24.78,24.2,24.46
153.171,6763.1,112.9,100.0,0.0,0.0,2,5453,-0.009,0.578,80.9,80.8,77.3,78.9,24.78,24.77,24.2,24.46
153.186,6763.6,113.2,100.0,0.0,0.0,2,5488,-0.034,0.577,80.9,80.8,77.3,78.9,24.78,24.77,24.2,24.46
153.202,6764.1,113.6,100.0,0.0,0.0,2,5530,-0.032,0.569,80.9,80.8,77.2,78.9,24.78,24.77,24.2,24.46
153.218,6764.6,113.9,100.0,0.0,0.0,2,5552,-0.011,0.577,80.9,80.8,77.2,78.9,24.78,24.77,24.2,24.46
153.233,6765.1,114.2,100.0,0.0,0.0,2,5562,-0.022,0.636,80.9,80.8,77.2,78.9,24.78,24.77,24.2,24.46
153.249,6765.6,114.5,100.0,0.0,0.0,2,5569,0.001,0.632,80.9,80.8,77.2,78.9,24.78,24.77,24.2,24.46
153.266,6766.1,114.9,100.0,0.0,0.01,2,5579,-0.011,0.627,80.9,80.8,77.2,78.9,24.78,24.77,24.2,24.46
153.28,6766.6,115.3,100.0,0.0,0.02,2,5588,-0.047,0.626,80.9,80.8,77.2,78.9,24.78,24.77,24.2,24.46
153.295,6767.0,115.6,100.0,0.0,0.03,2,5596,-0.084,0.624,80.9,80.8,77.2,78.8,24.78,24.77,24.2,24.46
153.311,6767.6,115.9,100.0,0.0,0.04,2,5597,-0.126,0.635,80.8,80.8,77.2,78.8,24.78,24.77,24.2,24.45
153.326,6768.1,116.3,100.0,0.0,0.05,2,5592,-0.185,0.681,80.8,80.8,77.2,78.8,24.78,24.77,24.2,24.45
153.342,6768.6,116.6,100.0,0.0,0.06,2,5609,-0.2,0.576,80.8,80.8,77.2,78.8,24.77,24.77,24.2,24.45
153.357,6769.1,116.9,100.0,0.0,0.06,2,5638,-0.273,0.563,80.8,80.8,77.2,78.8,24.77,24.77,24.19,24.45
153.373,6769.6,117.3,100.0,0.0,0.08,2,5665,-0.276,0.587,80.8,80.8,77.2,78.8,24.77,24.77,24.19,24.45
153.389,6770.1,117.6,100.0,0.0,0.08,2,5681,-0.327,0.59,80.8,80.8,77.2,78.8,24.77,24.76,24.19,24.45
153.404,6770.6,117.9,100.0,0.0,0.05,2,5694,-0.364,0.594,80.8,80.8,77.2,78.8,24.77,24.76,24.19,24.45
153.42,6771.1,118.2,100.0,0.0,0.0,2,5708,-0.271,0.598,80.8,80.8,77.2,78.8,24.77,24.76,24.19,24.45
153.436,6771.6,118.6,100.0,0.0,0.0,2,5724,-0.159,0.612,80.8,80.8,77.2,78.8,24.77,24.76,24.19,24.45
153.452,6772.2,118.9,100.0,0.0,0.0,2,5747,-0.15,0.582,80.8,80.8,77.2,78.8,24.77,24.76,24.19,24.45
153.468,6772.7,119.2,100.0,0.0,0.0,2,5772,-0.187,0.576,80.8,80.8,77.2,78.8,24.77,24.76,24.19,24.45
153.484,6773.2,119.6,100.0,0.0,0.0,2,5794,-0.195,0.588,80.8,80.7,77.2,78.8,24.77,24.76,24.19,24.45
153.5,6773.7,119.9,100.0,0.0,0.0,2,5801,-0.173,0.605,80.8,80.7,77.2,78.8,24.77,24.76,24.19,24.45
153.515,6774.3,120.2,100.0,0.0,0.0,2,5805,-0.182,0.596,80.8,80.7,77.2,78.8,24.77,24.76,24.19,24.45
153.531,6774.8,120.5,100.0,0.0,0.0,2,5811,-0.184,0.612,80.8,80.7,77.2,78.8,24.77,24.76,24.19,24.45
153.547,6775.3,120.9,100.0,0.0,0.0,2,5822,-0.193,0.611,80.8,80.7,77.2,78.8,24.77,24.76,24.19,24.45
153.563,6775.9,121.2,100.0,0.0,0.0,2,5833,-0.185,0.597,80.8,80.7,77.2,78.8,24.77,24.76,24.19,24.44
153.578,6776.4,121.5,100.0,0.0,0.0,2,5850,-0.157,0.589,80.8,80.7,77.2,78.8,24.77,24.75,24.19,24.44
153.594,6776.9,121.8,100.0,0.0,0.0,2,5867,-0.139,0.586,80.8,80.7,77.2,78.8,24.77,24.75,24.19,24.44
153.609,6777.4,122.2,100.0,0.0,0.0,2,5883,-0.124,0.576,80.8,80.7,77.2,78.8,24.77,24.75,24.19,24.44
153.624,6777.9,122.5,100.0,0.0,0.0,2,5901,-0.12,0.583,80.8,80.7,77.2,78.8,24.76,24.75,24.19,24.44
153.64,6778.5,122.7,100.0,0.0,0.0,2,5927,-0.085,0.534,80.8,80.7,77.2,78.8,24.76,24.75,24.19,24.44
153.655,6779.0,123.1,100.0,0.0,0.0,2,5964,-0.064,0.522,80.8,80.7,77.2,78.8,24.76,24.75,24.19,24.44
153.67,6779.5,123.4,100.0,0.0,0.01,2,5982,-0.064,0.549,80.8,80.7,77.2,78.8,24.76,24.75,24.18,24.44
153.686,6780.1,123.7,100.0,0.0,0.02,2,5986,-0.068,0.591,80.8,80.7,77.1,78.7,24.76,24.75,24.18,24.44
153.702,6780.6,124.0,100.0,0.0,0.02,2,5985,-0.142,0.6,80.8,80.7,77.1,78.7,24.76,24.75,24.18,24.44
153.717,6781.1,124.3,100.0,0.0,0.03,2,5980,-0.131,0.595,80.8,80.7,77.1,78.7,24.76,24.75,24.18,24.44
153.733,6781.7,124.7,100.0,0.0,0.04,2,5982,-0.184,0.587,80.8,80.7,77.1,78.7,24.76,24.75,24.18,24.44
153.748,6782.2,125.0,100.0,0.0,0.05,2,5994,-0.22,0.562,80.8,80.7,77.1,78.7,24.76,24.75,24.18,24.44
153.763,6782.7,125.3,100.0,0.0,0.06,2,6012,-0.243,0.55,80.7,80.7,77.1,78.7,24.76,24.75,24.18,24.44
153.779,6783.3,125.6,100.0,0.0,0.06,2,6027,-0.278,0.542,80.7,80.7,77.1,78.7,24.76,24.74,24.18,24.44
153.795,6783.8,125.9,100.0,0.0,0.07,2,6045,-0.312,0.529,80.7,80.7,77.1,78.7,24.76,24.74,24.18,24.44
153.81,6784.4,126.1,100.0,0.0,0.08,2,6060,-0.38,0.538,80.7,80.6,77.1,78.7,24.76,24.74,24.18,24.44
153.826,6784.9,126.5,100.0,0.0,0.09,2,6079,-0.486,0.532,80.7,80.6,77.1,78.7,24.76,24.74,24.18,24.43
153.841,6785.5,126.8,100.0,0.0,0.04,2,6099,-0.477,0.5,80.7,80.6,77.1,78.7,24.76,24.74,24.18,24.43
153.858,6786.1,127.0,100.0,0.0,0.0,2,6122,-0.302,0.514,80.7,80.6,77.1,78.7,24.76,24.74,24.18,24.43
153.874,6786.6,127.4,100.0,0.0,0.0,2,6143,-0.18,0.546,80.7,80.6,77.1,78.7,24.76,24.74,24.18,24.43
153.889,6787.2,127.6,100.0,0.0,0.0,2,6151,-0.218,0.559,80.7,80.6,77.1,78.7,24.76,24.74,24.18,24.43
153.905,6787.7,127.9,100.0,0.0,0.0,2,6153,-0.266,0.582,80.7,80.6,77.1,78.7,24.76,24.74,24.18,24.43
153.921,6788.3,128.2,100.0,0.0,0.0,2,6156,-0.285,0.548,80.7,80.6,77.1,78.7,24.75,24.74,24.18,24.43
153.936,6788.8,128.5,100.0,0.0,0.0,2,6180,-0.253,0.509,80.7,80.6,77.1,78.7,24.75,24.74,24.18,24.43
153.952,6789.4,128.8,100.0,0.0,0.0,2,6201,-0.229,0.517,80.7,80.6,77.1,78.7,24.75,24.74,24.18,24.43
153.968,6790.0,129.1,100.0,0.0,0.0,2,6210,-0.224,0.546,80.7,80.6,77.1,78.7,24.75,24.74,24.18,24.43
153.983,6790.5,129.4,100.0,0.0,0.0,2,6217,-0.222,0.546,80.7,80.6,77.1,78.7,24.75,24.73,24.18,24.43
153.999,6791.1,129.7,100.0,0.0,0.0,2,6235,-0.216,0.514,80.7,80.6,77.1,78.7,24.75,24.73,24.18,24.43
154.014,6791.7,130.0,100.0,0.0,0.0,2,6248,-0.194,0.555,80.7,80.6,77.1,78.7,24.75,24.73,24.18,24.43
154.03,6792.2,130.2,100.0,0.0,0.0,2,6261,-0.176,0.516,80.7,80.6,77.1,78.7,24.75,24.73,24.17,24.43
154.046,6792.8,130.6,100.0,0.0,0.0,2,6272,-0.154,0.512,80.7,80.6,77.1,78.7,24.75,24.73,24.17,24.43
154.061,6793.4,130.9,100.0,0.0,0.0,2,6284,-0.125,0.528,80.7,80.6,77.1,78.7,24.75,24.73,24.17,24.43
154.076,6793.9,131.1,100.0,0.0,0.0,2,6300,-0.112,0.505,80.7,80.6,77.1,78.7,24.75,24.73,24.17,24.43
154.092,6794.5,131.4,100.0,0.0,0.0,2,6321,-0.083,0.497,80.7,80.6,77.1,78.7,24.75,24.73,24.17,24.42
154.108,6795.1,131.7,100.0,0.0,0.0,2,6331,-0.077,0.545,80.7,80.6,77.1,78.7,24.75,24.73,24.17,24.42
154.123,6795.6,132.0,100.0,0.0,0.0,2,6343,-0.07,0.497,80.7,80.5,77.1,78.6,24.75,24.73,24.17,24.42
154.139,6796.2,132.3,100.0,0.0,0.0,2,6359,-0.044,0.501,80.7,80.5,77.1,78.6,24.75,24.73,24.17,24.42
154.154,6796.7,132.5,100.0,0.0,0.0,2,6375,-0.076,0.51,80.7,80.5,77.1,78.6,24.75,24.73,24.17,24.42
154.17,6797.3,132.8,100.0,0.0,0.0,2,6380,-0.041,0.545,80.7,80.5,77.1,78.6,24.75,24.73,24.17,24.42
154.185,6797.9,133.1,100.0,0.0,0.0,2,6380,-0.042,0.529,80.7,80.5,77.1,78.6,24.75,24.72,24.17,24.42
154.201,6798.5,133.4,100.0,0.0,0.0,2,6384,-0.046,0.541,80.7,80.5,77.1,78.6,24.74,24.72,24.17,24.42
154.217,6799.1,133.7,100.0,0.0,0.0,2,6395,-0.039,0.518,80.6,80.5,77.1,78.6,24.74,24.72,24.17,24.42
154.233,6799.7,133.9,0.0,0.0,0.0,0,6356,-0.03,0.298,80.6,80.5,77.1,78.6,24.74,24.72,24.17,24.42
154.248,6800.2,133.8,0.0,0.0,0.0,0,6284,-0.019,-0.128,80.6,80.5,77.1,78.6,24.74,24.72,24.17,24.42
154.264,6800.8,133.8,0.0,0.0,0.0,0,6199,-0.045,-0.095,80.6,80.5,77.0,78.6,24.74,24.72,24.17,24.42
154.28,6801.4,133.8,0.0,0.0,0.0,0,6130,-0.017,-0.094,80.6,80.5,77.0,78.6,24.74,24.72,24.17,24.42
154.296,6802.0,133.7,0.0,0.0,0.0,0,6062,0.008,-0.106,80.6,80.5,77.0,78.6,24.74,24.72,24.17,24.42
154.311,6802.6,133.7,0.0,0.0,0.0,0,5995,-0.017,-0.087,80.6,80.5,77.0,78.6,24.74,24.72,24.17,24.42
154.327,6803.2,133.6,0.0,0.0,0.0,0,5929,-0.015,-0.082,80.6,80.5,77.0,78.6,24.74,24.72,24.17,24.42
154.342,6803.7,133.9,0.0,0.0,0.0,3,5002,0.009,0.699,80.6,80.5,77.0,78.6,24.74,24.72,24.17,24.42
154.358,6804.3,134.1,0.0,0.0,0.0,3,4848,0.008,0.027,80.6,80.5,77.0,78.6,24.74,24.72,24.16,24.42
154.374,6804.9,134.0,0.0,0.0,0.0,3,4875,0.019,-0.219,80.6,80.5,77.0,78.6,24.74,24.72,24.16,24.41
154.39,6805.5,133.9,0.0,0.0,0.0,3,4872,0.001,-0.129,80.6,80.5,77.0,78.6,24.74,24.72,24.16,24.41
154.405,6806.1,133.8,0.0,0.0,0.0,3,4867,0.012,-0.136,80.6,80.5,77.0,78.6,24.74,24.72,24.16,24.41
154.42,6806.6,133.7,0.0,0.0,0.0,3,4863,0.004,-0.137,80.6,80.5,77.0,78.6,24.74,24.71,24.16,24.41
154.436,6807.2,133.7,0.0,0.0,0.0,3,4859,0.014,-0.128,80.6,80.5,77.0,78.6,24.74,24.71,24.16,24.41
154.451,6807.8,133.6,0.0,0.0,0.0,3,4855,0.006,-0.138,80.6,80.5,77.0,78.6,24.74,24.71,24.16,24.41
154.466,6808.3,133.5,0.0,0.0,0.0,3,4852,-0.02,-0.122,80.6,80.5,77.0,78.6,24.73,24.71,24.16,24.41
154.481,6808.9,133.4,0.0,0.0,0.0,3,4850,0.0,-0.16,80.6,80.4,77.0,78.6,24.73,24.71,24.16,24.41
154.497,6809.5,133.4,100.0,0.0,0.0,3,4905,-0.023,-0.15,80.6,80.4,77.0,78.6,24.73,24.71,24.16,24.41
154.512,6810.1,133.4,100.0,0.0,0.0,3,5021,0.001,0.353,80.6,80.4,77.0,78.6,24.73,24.71,24.16,24.41
154.528,6810.6,133.7,100.0,0.0,0.0,3,5017,-0.0,0.512,80.6,80.4,77.0,78.6,24.73,24.71,24.16,24.41
154.543,6811.2,134.0,100.0,0.0,0.0,3,5013,-0.021,0.537,80.6,80.4,77.0,78.5,24.73,24.71,24.16,24.41
154.559,6811.8,134.3,100.0,0.0,0.0,3,5013,-0.026,0.513,80.6,80.4,77.0,78.5,24.73,24.71,24.16,24.41
154.575,6812.4,134.5,100.0,0.0,0.0,3,5021,-0.001,0.477,80.6,80.4,77.0,78.5,24.73,24.71,24.16,24.41
154.59,6813.0,134.8,100.0,0.0,0.0,3,5029,-0.011,0.507,80.6,80.4,77.0,78.5,24.73,24.71,24.16,24.41
154.605,6813.5,135.1,100.0,0.0,0.0,3,5037,-0.01,0.492,80.6,80.4,77.0,78.5,24.73,24.71,24.16,24.41
154.621,6814.1,135.4,100.0,0.0,0.0,3,5053,-0.004,0.474,80.6,80.4,77.0,78.5,24.73,24.71,24.16,24.41
154.636,6814.7,135.6,100.0,0.0,0.0,3,5072,-0.003,0.46,80.6,80.4,77.0,78.5,24.73,24.7,24.16,24.4
154.652,6815.3,135.9,100.0,0.0,0.0,3,5084,-0.005,0.463,80.6,80.4,77.0,78.5,24.73,24.7,24.16,24.4
154.667,6815.8,136.1,100.0,0.0,0.0,3,5094,-0.022,0.482,80.5,80.4,77.0,78.5,24.73,24.7,24.16,24.4
154.682,6816.4,136.4,100.0,0.0,0.0,3,5105,-0.005,0.482,80.5,80.4,77.0,78.5,24.73,24.7,24.15,24.4
154.698,6817.0,136.6,100.0,0.0,0.0,3,5111,-0.018,0.488,80.5,80.4,77.0,78.5,24.73,24.7,24.15,24.4
154.714,6817.6,136.9,100.0,0.0,0.0,3,5118,-0.018,0.479,80.5,80.4,77.0,78.5,24.73,24.7,24.15,24.4
154.729,6818.2,137.2,100.0,0.0,0.0,3,5124,-0.015,0.502,80.5,80.4,77.0,78.5,24.73,24.7,24.15,24.4
154.745,6818.8,137.5,100.0,0.0,0.0,3,5125,-0.019,0.496,80.5,80.4,77.0,78.5,24.72,24.7,24.15,24.4
154.76,6819.4,137.7,100.0,0.0,0.0,3,5132,-0.002,0.47,80.5,80.4,77.0,78.5,24.72,24.7,24.15,24.4
154.776,6820.0,138.0,100.0,0.0,0.0,3,5145,-0.004,0.476,80.5,80.4,77.0,78.5,24.72,24.7,24.15,24.4
154.791,6820.6,138.2,100.0,0.0,0.0,3,5161,-0.004,0.467,80.5,80.4,76.9,78.5,24.72,24.7,24.15,24.4
154.806,6821.2,138.5,100.0,0.0,0.0,3,5178,0.016,0.453,80.5,80.4,76.9,78.5,24.72,24.7,24.15,24.4
154.822,6821.8,138.8,100.0,0.0,0.0,3,5186,0.018,0.487,80.5,80.3,76.9,78.5,24.72,24.7,24.15,24.4
154.837,6822.4,139.0,100.0,0.0,0.0,3,5192,0.01,0.478,80.5,80.3,76.9,78.5,24.72,24.69,24.15,24.4
154.853,6823.0,139.3,100.0,0.0,0.0,3,5206,0.021,0.463,80.5,80.3,76.9,78.5,24.72,24.69,24.15,24.4
154.868,6823.6,139.5,100.0,0.0,0.0,3,5217,0.011,0.471,80.5,80.3,76.9,78.5,24.72,24.69,24.15,24.4
154.884,6824.2,139.8,100.0,0.0,0.0,3,5226,0.013,0.464,80.5,80.3,76.9,78.5,24.72,24.69,24.15,24.4
154.899,6824.7,140.0,100.0,0.0,0.0,3,5235,0.013,0.477,80.5,80.3,76.9,78.5,24.72,24.69,24.15,24.4
154.914,6825.3,140.3,100.0,0.0,0.0,3,5242,0.004,0.468,80.5,80.3,76.9,78.5,24.72,24.69,24.15,24.4
154.929,6825.9,140.5,100.0,0.0,0.0,3,5254,-0.003,0.464,80.5,80.3,76.9,78.5,24.72,24.69,24.15,24.4
154.945,6826.5,140.8,100.0,0.0,0.0,3,5257,-0.011,0.504,80.5,80.3,76.9,78.5,24.72,24.69,24.15,24.39
154.96,6827.2,141.1,100.0,0.0,0.0,3,5258,-0.021,0.484,80.5,80.3,76.9,78.5,24.72,24.69,24.15,24.39
154.975,6827.7,141.3,100.0,0.0,0.0,3,5267,-0.016,0.461,80.5,80.3,76.9,78.5,24.72,24.69,24.15,24.39
154.991,6828.4,141.6,100.0,0.0,0.0,3,5271,-0.003,0.462,80.5,80.3,76.9,78.5,24.71,24.69,24.15,24.39
155.007,6829.0,141.8,100.0,0.0,0.0,3,5278,-0.008,0.47,80.5,80.3,76.9,78.5,24.71,24.69,24.15,24.39
155.023,6829.6,142.1,100.0,0.0,0.0,3,5293,-0.003,0.465,80.5,80.3,76.9,78.5,24.71,24.69,24.15,24.39
155.039,6830.2,142.3,100.0,0.0,0.0,3,5310,0.014,0.436,80.5,80.3,76.9,78.4,24.71,24.69,24.15,24.39
155.055,6830.9,142.6,100.0,0.0,0.0,3,5323,-0.002,0.459,80.5,80.3,76.9,78.4,24.71,24.68,24.14,24.39
155.07,6831.5,142.8,100.0,0.0,0.0,3,5334,-0.006,0.453,80.4,80.3,76.9,78.4,24.71,24.68,24.14,24.39
155.086,6832.1,143.1,100.0,0.0,0.0,3,5346,-0.01,0.464,80.4,80.3,76.9,78.4,24.71,24.68,24.14,24.39
155.101,6832.7,143.4,100.0,0.0,0.0,3,5355,-0.001,0.454,80.4,80.3,76.9,78.4,24.71,24.68,24.14,24.39
155.117,6833.4,143.6,100.0,0.0,0.0,3,5374,-0.006,0.427,80.4,80.3,76.9,78.4,24.71,24.68,24.14,24.39
155.133,6834.0,143.8,100.0,0.0,0.0,3,5382,0.007,0.457,80.4,80.3,76.9,78.4,24.71,24.68,24.14,24.39
155.149,6834.6,144.1,100.0,0.0,0.0,3,5393,-0.014,0.456,80.4,80.2,76.9,78.4,24.71,24.68,24.14,24.39
155.164,6835.2,144.4,100.0,0.0,0.0,3,5400,-0.001,0.461,80.4,80.2,76.9,78.4,24.71,24.68,24.14,24.39
155.18,6835.9,144.6,100.0,0.0,0.0,3,5404,-0.006,0.466,80.4,80.2,76.9,78.4,24.71,24.68,24.14,24.39
155.196,6836.5,144.9,100.0,0.0,0.0,3,5413,-0.006,0.458,80.4,80.2,76.9,78.4,24.71,24.68,24.14,24.39
155.211,6837.1,145.1,100.0,0.0,0.0,3,5417,0.011,0.472,80.4,80.2,76.9,78.4,24.71,24.68,24.14,24.39
155.227,6837.8,145.4,100.0,0.0,0.0,3,5431,0.015,0.46,80.4,80.2,76.9,78.4,24.71,24.68,24.14,24.39
155.242,6838.4,145.6,100.0,0.0,0.0,3,5434,-0.005,0.47,80.4,80.2,76.9,78.4,24.7,24.68,24.14,24.39
155.258,6839.0,145.9,100.0,0.0,0.0,3,5437,0.002,0.461,80.4,80.2,76.9,78.4,24.7,24.67,24.14,24.38
155.274,6839.7,146.1,100.0,0.0,0.0,3,5443,-0.015,0.472,80.4,80.2,76.9,78.4,24.7,24.67,24.14,24.38
155.289,6840.3,146.4,100.0,0.0,0.0,3,5450,-0.003,0.457,80.4,80.2,76.9,78.4,24.7,24.67,24.14,24.38
155.305,6840.9,146.7,100.0,0.0,0.0,3,5462,-0.002,0.455,80.4,80.2,76.9,78.4,24.7,24.67,24.14,24.38
155.32,6841.6,146.9,100.0,0.0,0.0,3,5477,0.002,0.434,80.4,80.2,76.9,78.4,24.7,24.67,24.14,24.38
155.335,6842.2,147.1,100.0,0.0,0.0,3,5491,0.001,0.442,80.4,80.2,76.9,78.4,24.7,24.67,24.14,24.38
155.351,6842.8,147.4,100.0,0.0,0.0,3,5498,-0.008,0.463,80.4,80.2,76.9,78.4,24.7,24.67,24.14,24.38
155.366,6843.4,147.6,100.0,0.0,0.0,3,5502,-0.005,0.46,80.4,80.2,76.9,78.4,24.7,24.67,24.14,24.38
155.382,6844.1,147.9,100.0,0.0,0.0,3,5508,0.006,0.45,80.4,80.2,76.9,78.4,24.7,24.67,24.14,24.38
155.397,6844.7,148.1,100.0,0.0,0.0,3,5517,0.021,0.431,80.4,80.2,76.8,78.4,24.7,24.67,24.14,24.38
155.413,6845.4,148.4,100.0,0.0,0.0,3,5536,0.014,0.432,80.4,80.2,76.8,78.4,24.7,24.67,24.14,24.38
155.428,6846.0,148.6,100.0,0.0,0.0,3,5541,0.004,0.468,80.4,80.2,76.8,78.4,24.7,24.67,24.13,24.38
155.444,6846.6,148.9,100.0,0.0,0.0,3,5549,0.006,0.44,80.4,80.2,76.8,78.4,24.7,24.67,24.13,24.38
155.46,6847.3,149.1,100.0,0.0,0.0,3,5558,0.014,0.423,80.4,80.2,76.8,78.4,24.7,24.67,24.13,24.38
155.475,6847.9,149.3,100.0,0.0,0.0,3,5564,-0.009,0.452,80.3,80.2,76.8,78.4,24.7,24.66,24.13,24.38
155.49,6848.6,149.6,100.0,0.0,0.0,3,5570,0.003,0.452,80.3,80.1,76.8,78.4,24.7,24.66,24.13,24.38
155.505,6849.2,149.8,100.0,0.0,0.0,3,5582,0.003,0.438,80.3,80.1,76.8,78.4,24.69,24.66,24.13,24.38
155.521,6849.9,150.1,100.0,0.0,0.0,3,5589,0.008,0.44,80.3,80.1,76.8,78.4,24.69,24.66,24.13,24.38
155.537,6850.5,150.3,100.0,0.0,0.0,3,5594,0.001,0.455,80.3,80.1,76.8,78.4,24.69,24.66,24.13,24.38
155.553,6851.2,150.6,100.0,0.0,0.01,3,5605,-0.013,0.422,80.3,80.1,76.8,78.4,24.69,24.66,24.13,24.38
155.569,6851.9,150.8,100.0,0.0,0.01,3,5625,-0.042,0.426,80.3,80.1,76.8,78.3,24.69,24.66,24.13,24.38
155.584,6852.5,151.0,100.0,0.0,0.02,3,5636,-0.057,0.43,80.3,80.1,76.8,78.3,24.69,24.66,24.13,24.38
155.6,6853.2,151.3,100.0,0.0,0.02,3,5652,-0.109,0.391,80.3,80.1,76.8,78.3,24.69,24.66,24.13,24.37
155.615,6853.8,151.5,100.0,0.0,0.03,3,5658,-0.13,0.431,80.3,80.1,76.8,78.3,24.69,24.66,24.13,24.37
155.631,6854.5,151.7,100.0,0.0,0.04,3,5659,-0.168,0.436,80.3,80.1,76.8,78.3,24.69,24.66,24.13,24.37
155.647,6855.1,152.0,100.0,0.0,0.04,3,5662,-0.217,0.441,80.3,80.1,76.8,78.3,24.69,24.66,24.13,24.37
155.662,6855.8,152.2,100.0,0.0,0.05,3,5662,-0.277,0.433,80.3,80.1,76.8,78.3,24.69,24.66,24.13,24.37
155.678,6856.4,152.5,100.0,0.0,0.05,3,5672,-0.335,0.408,80.3,80.1,76.8,78.3,24.69,24.66,24.13,24.37
155.694,6857.1,152.7,100.0,0.0,0.02,3,5685,-0.328,0.419,80.3,80.1,76.8,78.3,24.69,24.65,24.13,24.37
155.709,6857.8,152.9,100.0,0.0,0.0,3,5688,-0.164,0.44,80.3,80.1,76.8,78.3,24.69,24.65,24.13,24.37
155.725,6858.5,153.2,100.0,0.0,0.0,3,5694,-0.16,0.425,80.3,80.1,76.8,78.3,24.69,24.65,24.13,24.37
155.741,6859.1,153.4,100.0,0.0,0.0,3,5692,-0.209,0.455,80.3,80.1,76.8,78.3,24.69,24.65,24.13,24.37
155.756,6859.8,153.7,100.0,0.0,0.0,3,5715,-0.195,0.404,80.3,80.1,76.8,78.3,24.69,24.65,24.13,24.37
155.772,6860.4,153.9,100.0,0.0,0.0,3,5736,-0.183,0.387,80.3,80.1,76.8,78.3,24.69,24.65,24.13,24.37
155.788,6861.1,154.1,100.0,0.0,0.0,3,5752,-0.155,0.399,80.3,80.1,76.8,78.3,24.68,24.65,24.13,24.37
155.804,6861.8,154.3,100.0,0.0,0.0,3,5759,-0.159,0.425,80.3,80.1,76.8,78.3,24.68,24.65,24.13,24.37
155.818,6862.4,154.6,100.0,0.0,0.0,3,5761,-0.154,0.431,80.3,80.0,76.8,78.3,24.68,24.65,24.13,24.37
155.834,6863.1,154.8,100.0,0.0,0.0,3,5763,-0.161,0.431,80.3,80.0,76.8,78.3,24.68,24.65,24.13,24.37
155.849,6863.7,155.0,100.0,0.0,0.0,3,5769,-0.157,0.42,80.3,80.0,76.8,78.3,24.68,24.65,24.13,24.37
155.864,6864.4,155.2,100.0,0.0,0.0,3,5777,-0.134,0.423,80.3,80.0,76.8,78.3,24.68,24.65,24.13,24.37
155.88,6865.1,155.5,100.0,0.0,0.0,3,5792,-0.125,0.41,80.3,80.0,76.8,78.3,24.68,24.64,24.13,24.37
155.895,6865.8,155.7,100.0,0.0,0.0,3,5804,-0.128,0.411,80.3,80.0,76.8,78.3,24.68,24.64,24.13,24.37
155.911,6866.4,155.9,100.0,0.0,0.0,3,5811,-0.1,0.42,80.2,80.0,76.8,78.3,24.68,24.64,24.12,24.37
155.927,6867.1,156.2,100.0,0.0,0.0,3,5818,-0.085,0.404,80.2,80.0,76.8,78.3,24.68,24.64,24.12,24.37
155.943,6867.8,156.4,100.0,0.0,0.0,3,5828,-0.089,0.425,80.2,80.0,76.8,78.3,24.68,24.64,24.12,24.36
155.957,6868.5,156.6,100.0,0.0,0.0,3,5839,-0.092,0.391,80.2,80.0,76.8,78.3,24.68,24.64,24.12,24.36
155.974,6869.2,156.8,100.0,0.0,0.0,3,5854,-0.073,0.402,80.2,80.0,76.8,78.3,24.68,24.64,24.12,24.36
155.989,6869.8,157.1,100.0,0.0,0.0,3,5854,-0.07,0.431,80.2,80.0,76.8,78.3,24.68,24.64,24.12,24.36
156.004,6870.5,157.3,100.0,0.0,0.0,3,5849,-0.053,0.432,80.2,80.0,76.8,78.3,24.68,24.64,24.12,24.36
156.02,6871.2,157.5,100.0,0.0,0.0,3,5851,-0.06,0.418,80.2,80.0,76.8,78.3,24.68,24.64,24.12,24.36
156.035,6871.8,157.7,100.0,0.0,0.0,3,5859,-0.042,0.419,80.2,80.0,76.8,78.3,24.68,24.64,24.12,24.36
156.05,6872.5,158.0,100.0,0.0,0.0,3,5866,-0.032,0.41,80.2,80.0,76.8,78.3,24.67,24.64,24.12,24.36
156.066,6873.2,158.2,100.0,0.0,0.0,3,5881,-0.02,0.391,80.2,80.0,76.8,78.3,24.67,24.64,24.12,24.36
156.082,6873.9,158.4,100.0,0.0,0.0,3,5894,-0.009,0.385,80.2,80.0,76.8,78.3,24.67,24.63,24.12,24.36
156.097,6874.6,158.6,100.0,0.0,0.0,3,5899,-0.022,0.415,80.2,80.0,76.8,78.3,24.67,24.63,24.12,24.36
156.113,6875.3,158.9,100.0,0.0,0.0,3,5904,-0.008,0.402,80.2,80.0,76.8,78.3,24.67,24.63,24.12,24.36
156.128,6875.9,159.1,100.0,0.0,0.0,3,5912,-0.033,0.397,80.2,80.0,76.8,78.3,24.67,24.63,24.12,24.36
156.143,6876.6,159.3,100.0,0.0,0.0,3,5927,0.008,0.364,80.2,80.0,76.7,78.2,24.67,24.63,24.12,24.36
156.159,6877.3,159.5,100.0,0.0,0.0,3,5937,-0.025,0.39,80.2,79.9,76.7,78.2,24.67,24.63,24.12,24.36
156.175,6878.0,159.7,100.0,0.0,0.0,3,5938,-0.031,0.42,80.2,79.9,76.7,78.2,24.67,24.63,24.12,24.36
156.191,6878.7,160.0,100.0,0.0,0.0,3,5940,-0.016,0.422,80.2,79.9,76.7,78.2,24.67,24.63,24.12,24.36
156.206,6879.4,160.2,100.0,0.0,0.0,3,5947,-0.02,0.409,80.2,79.9,76.7,78.2,24.67,24.63,24.12,24.36
156.222,6880.1,160.4,100.0,0.0,0.0,3,5955,-0.014,0.402,80.2,79.9,76.7,78.2,24.67,24.63,24.12,24.36
156.237,6880.8,160.6,100.0,0.0,0.0,3,5965,-0.002,0.389,80.2,79.9,76.7,78.2,24.67,24.63,24.12,24.36
156.252,6881.5,160.8,100.0,0.0,0.0,3,5979,-0.015,0.381,80.2,79.9,76.7,78.2,24.67,24.63,24.12,24.36
156.269,6882.2,161.0,100.0,0.0,0.0,3,5987,0.001,0.392,80.2,79.9,76.7,78.2,24.67,24.63,24.12,24.36
156.284,6882.9,161.3,100.0,0.0,0.0,3,5995,-0.017,0.423,80.2,79.9,76.7,78.2,24.67,24.63,24.12,24.36
156.299,6883.6,161.5,100.0,0.0,0.0,3,6009,0.009,0.364,80.2,79.9,76.7,78.2,24.67,24.62,24.12,24.36
156.314,6884.2,161.7,100.0,0.0,0.0,3,6017,0.001,0.386,80.2,79.9,76.7,78.2,24.66,24.62,24.12,24.36
156.33,6885.0,161.9,100.0,0.0,0.0,3,6026,0.014,0.392,80.1,79.9,76.7,78.2,24.66,24.62,24.12,24.36
156.347,6885.7,162.1,100.0,0.0,0.0,3,6033,0.012,0.391,80.1,79.9,76.7,78.2,24.66,24.62,24.12,24.35
156.362,6886.4,162.3,100.0,0.0,0.0,3,6033,-0.002,0.389,80.1,79.9,76.7,78.2,24.66,24.62,24.12,24.35
156.377,6887.1,162.5,100.0,0.0,0.0,3,6034,0.008,0.395,80.1,79.9,76.7,78.2,24.66,24.62,24.12,24.35
156.393,6887.8,162.7,100.0,0.0,0.0,3,6042,0.015,0.385,80.1,79.9,76.7,78.2,24.66,24.62,24.12,24.35
156.409,6888.5,162.9,100.0,0.0,0.0,3,6059,-0.003,0.376,80.1,79.9,76.7,78.2,24.66,24.62,24.11,24.35
156.424,6889.2,163.2,100.0,0.0,0.01,3,6072,-0.021,0.379,80.1,79.9,76.7,78.2,24.66,24.62,24.11,24.35
156.439,6889.9,163.4,100.0,0.0,0.01,3,6075,-0.034,0.405,80.1,79.9,76.7,78.2,24.66,24.62,24.11,24.35
156.456,6890.6,163.6,100.0,0.0,0.02,3,6077,-0.059,0.399,80.1,79.9,76.7,78.2,24.66,24.62,24.11,24.35
156.471,6891.3,163.8,100.0,0.0,0.02,3,6082,-0.103,0.386,80.1,79.9,76.7,78.2,24.66,24.62,24.11,24.35
156.487,6892.0,164.0,100.0,0.0,0.03,3,6090,-0.154,0.376,80.1,79.8,76.7,78.2,24.66,24.62,24.11,24.35
156.503,6892.8,164.2,100.0,0.0,0.03,3,6102,-0.178,0.362,80.1,79.8,76.7,78.2,24.66,24.61,24.11,24.35
156.518,6893.5,164.4,100.0,0.0,0.04,3,6112,-0.254,0.374,80.1,79.8,76.7,78.2,24.66,24.61,24.11,24.35
156.534,6894.2,164.6,100.0,0.0,0.02,3,6119,-0.302,0.401,80.1,79.8,76.7,78.2,24.66,24.61,24.11,24.35
156.549,6894.9,164.8,100.0,0.0,0.0,3,6124,-0.159,0.353,80.1,79.8,76.7,78.2,24.66,24.61,24.11,24.35
156.565,6895.6,165.1,100.0,0.0,0.0,3,6126,-0.135,0.39,80.1,79.8,76.7,78.2,24.66,24.61,24.11,24.35
156.581,6896.4,165.3,100.0,0.0,0.0,3,6125,-0.161,0.378,80.1,79.8,76.7,78.2,24.65,24.61,24.11,24.35
156.597,6897.1,165.5,100.0,0.0,0.0,3,6136,-0.157,0.363,80.1,79.8,76.7,78.2,24.65,24.61,24.11,24.35
156.612,6897.8,165.7,100.0,0.0,0.0,3,6141,-0.134,0.379,80.1,79.8,76.7,78.2,24.65,24.61,24.11,24.35
156.628,6898.5,165.9,100.0,0.0,0.0,3,6154,-0.134,0.37,80.1,79.8,76.7,78.2,24.65,24.61,24.11,24.35
156.643,6899.2,166.1,100.0,0.0,0.0,3,6166,-0.137,0.356,80.1,79.8,76.7,78.2,24.65,24.61,24.11,24.35
156.659,6899.9,166.3,100.0,0.0,0.0,3,6175,-0.105,0.362,80.1,79.8,76.7,78.2,24.65,24.61,24.11,24.35
156.674,6900.6,166.5,100.0,0.0,0.0,3,6190,-0.12,0.339,80.1,79.8,76.7,78.2,24.65,24.61,24.11,24.35
156.689,6901.4,166.7,100.0,0.0,0.0,3,6195,-0.111,0.349,80.1,79.8,76.7,78.2,24.65,24.61,24.11,24.35
156.705,6902.1,166.9,100.0,0.0,0.0,3,6196,-0.14,0.395,80.1,79.8,76.7,78.2,24.65,24.6,24.11,24.35
156.72,6902.8,167.1,100.0,0.0,0.0,3,6202,-0.091,0.358,80.1,79.8,76.7,78.2,24.65,24.6,24.11,24.35
156.736,6903.5,167.3,100.0,0.0,0.0,3,6207,-0.078,0.382,80.1,79.8,76.7,78.2,24.65,24.6,24.11,24.35
156.752,6904.3,167.5,100.0,0.0,0.0,3,6221,-0.066,0.336,80.0,79.8,76.7,78.2,24.65,24.6,24.11,24.35
156.767,6905.0,167.7,100.0,0.0,0.0,3,6222,-0.05,0.392,80.0,79.8,76.7,78.2,24.65,24.6,24.11,24.34
156.783,6905.7,167.9,100.0,0.0,0.0,3,6228,-0.058,0.381,80.0,79.8,76.7,78.2,24.65,24.6,24.11,24.34
156.799,6906.5,168.1,100.0,0.0,0.0,3,6241,-0.048,0.362,80.0,79.7,76.7,78.2,24.65,24.6,24.11,24.34
156.814,6907.2,168.3,100.0,0.0,0.0,3,6248,-0.028,0.352,80.0,79.7,76.7,78.1,24.64,24.6,24.11,24.34
156.829,6907.9,168.5,100.0,0.0,0.0,3,6256,-0.027,0.37,80.0,79.7,76.7,78.1,24.64,24.6,24.11,24.34
156.845,6908.6,168.7,100.0,0.0,0.0,3,6270,-0.022,0.316,80.0,79.7,76.7,78.1,24.64,24.6,24.11,24.34
156.86,6909.3,168.8,100.0,0.0,0.0,3,6285,-0.01,0.344,80.0,79.7,76.7,78.1,24.64,24.6,24.11,24.34
156.875,6910.0,169.0,100.0,0.0,0.0,3,6286,-0.014,0.338,80.0,79.7,76.7,78.1,24.64,24.6,24.11,24.34
156.891,6910.8,169.2,100.0,0.0,0.0,3,6282,-0.008,0.385,80.0,79.7,76.7,78.1,24.64,24.6,24.11,24.34
156.907,6911.5,169.5,100.0,0.0,0.01,3,6276,-0.031,0.363,80.0,79.7,76.7,78.1,24.64,24.59,24.11,24.34
156.923,6912.3,169.7,100.0,0.0,0.01,3,6291,-0.058,0.342,80.0,79.7,76.7,78.1,24.64,24.59,24.11,24.34
156.938,6913.0,169.8,100.0,0.0,0.01,3,6299,-0.084,0.35,80.0,79.7,76.7,78.1,24.64,24.59,24.11,24.34
156.954,6913.7,170.0,100.0,0.0,0.02,3,6310,-0.083,0.356,80.0,79.7,76.7,78.1,24.64,24.59,24.11,24.34
156.969,6914.5,170.2,100.0,0.0,0.02,3,6312,-0.129,0.376,80.0,79.7,76.7,78.1,24.64,24.59,24.11,24.34
156.985,6915.2,170.4,100.0,0.0,0.03,3,6317,-0.151,0.35,80.0,79.7,76.7,78.1,24.64,24.59,24.11,24.34
157.0,6915.9,170.6,100.0,0.0,0.03,3,6325,-0.169,0.324,80.0,79.7,76.7,78.1,24.64,24.59,24.11,24.34
157.016,6916.7,170.8,100.0,0.0,0.04,3,6343,-0.217,0.328,80.0,79.7,76.7,78.1,24.64,24.59,24.11,24.34
157.032,6917.4,171.0,100.0,0.0,0.04,3,6356,-0.244,0.349,80.0,79.7,76.7,78.1,24.64,24.59,24.1,24.34
157.047,6918.2,171.1,100.0,0.0,0.0,3,6371,-0.213,0.323,80.0,79.7,76.7,78.1,24.64,24.59,24.1,24.34
157.063,6918.9,171.4,100.0,0.0,0.0,3,6376,-0.107,0.359,80.0,79.7,76.7,78.1,24.63,24.59,24.1,24.34
157.078,6919.6,171.6,100.0,0.0,0.0,3,6374,-0.153,0.364,80.0,79.7,76.6,78.1,24.63,24.59,24.1,24.34
157.093,6920.4,171.7,100.0,0.0,0.0,3,6387,-0.16,0.331,80.0,79.7,76.6,78.1,24.63,24.58,24.1,24.34
157.109,6921.1,171.9,100.0,0.0,0.0,3,6386,-0.198,0.371,80.0,79.6,76.6,78.1,24.63,24.58,24.1,24.34
157.124,6921.8,172.1,100.0,0.0,0.0,3,6381,-0.189,0.398,80.0,79.6,76.6,78.1,24.63,24.58,24.1,24.34
157.139,6922.5,172.3,100.0,0.0,0.0,3,6386,-0.197,0.35,79.9,79.6,76.6,78.1,24.63,24.58,24.1,24.34
157.154,6923.3,172.5,100.0,0.0,0.0,3,6390,-0.195,0.338,79.9,79.6,76.6,78.1,24.63,24.58,24.1,24.34
157.17,6924.0,172.7,100.0,0.0,0.0,3,6395,-0.16,0.346,79.9,79.6,76.6,78.1,24.63,24.58,24.1,24.34
157.185,6924.7,172.8,0.0,0.0,0.0,0,6371,-0.161,0.343,79.9,79.6,76.6,78.1,24.63,24.58,24.1,24.33
157.2,6925.5,172.8,0.0,0.0,0.0,0,6299,-0.165,-0.217,79.9,79.6,76.6,78.1,24.63,24.58,24.1,24.33
157.216,6926.2,172.7,0.0,0.0,0.0,0,6214,-0.135,-0.136,79.9,79.6,76.6,78.1,24.63,24.58,24.1,24.33
157.232,6927.0,172.6,0.0,0.0,0.0,0,6145,-0.119,-0.143,79.9,79.6,76.6,78.1,24.63,24.58,24.1,24.33
157.247,6927.7,172.6,0.0,0.0,0.0,0,6076,-0.128,-0.127,79.9,79.6,76.6,78.1,24.63,24.58,24.1,24.33
157.262,6928.5,172.5,0.0,0.0,0.0,0,6009,-0.097,-0.159,79.9,79.6,76.6,78.1,24.63,24.58,24.1,24.33
157.278,6929.2,172.4,0.0,0.0,0.0,0,5943,-0.092,-0.114,79.9,79.6,76.6,78.1,24.63,24.58,24.1,24.33
157.294,6930.0,172.5,0.0,0.0,0.0,4,5121,-0.027,0.718,79.9,79.6,76.6,78.1,24.63,24.57,24.1,24.33
157.309,6930.7,172.7,0.0,0.0,0.0,4,4982,-0.033,-0.166,79.9,79.6,76.6,78.1,24.63,24.57,24.1,24.33
157.324,6931.4,172.5,0.0,0.0,0.0,4,4994,-0.038,-0.186,79.9,79.6,76.6,78.1,24.63,24.57,24.1,24.33
157.339,6932.2,172.5,0.0,0.0,0.0,4,4988,-0.058,-0.169,79.9,79.6,76.6,78.1,24.62,24.57,24.1,24.33
157.356,6932.9,172.4,0.0,0.0,0.0,4,4986,-0.055,-0.17,79.9,79.6,76.6,78.1,24.62,24.57,24.1,24.33
157.371,6933.7,172.3,0.0,0.0,0.0,4,4985,-0.023,-0.166,79.9,79.6,76.6,78.1,24.62,24.57,24.1,24.33
157.387,6934.4,172.2,0.0,0.0,0.0,4,4981,-0.054,-0.175,79.9,79.6,76.6,78.1,24.62,24.57,24.1,24.33
157.403,6935.2,172.1,0.0,0.0,0.0,4,4978,-0.013,-0.173,79.9,79.6,76.6,78.1,24.62,24.57,24.1,24.33
157.419,6935.9,172.0,0.0,0.0,0.0,4,4976,-0.033,-0.176,79.9,79.6,76.6,78.1,24.62,24.57,24.1,24.33
157.434,6936.7,171.9,0.0,0.0,0.0,4,4974,-0.018,-0.181,79.9,79.6,76.6,78.1,24.62,24.57,24.1,24.33
157.449,6937.4,171.8,0.0,0.0,0.0,4,4971,-0.003,-0.182,79.9,79.6,76.6,78.0,24.62,24.57,24.1,24.33
157.464,6938.1,171.8,100.0,0.0,0.0,4,5080,0.008,0.232,79.9,79.5,76.6,78.0,24.62,24.57,24.1,24.33
157.48,6938.9,172.0,100.0,0.0,0.0,4,5074,0.001,0.346,79.9,79.5,76.6,78.0,24.62,24.57,24.1,24.33
157.496,6939.6,172.2,100.0,0.0,0.0,4,5078,-0.008,0.325,79.9,79.5,76.6,78.0,24.62,24.57,24.1,24.33
157.511,6940.4,172.3,100.0,0.0,0.0,4,5081,0.016,0.332,79.9,79.5,76.6,78.0,24.62,24.57,24.1,24.33
157.527,6941.1,172.5,100.0,0.0,0.0,4,5091,0.005,0.312,79.9,79.5,76.6,78.0,24.62,24.56,24.1,24.33
157.543,6941.9,172.7,100.0,0.0,0.0,4,5098,0.001,0.331,79.9,79.5,76.6,78.0,24.62,24.56,24.1,24.33
157.559,6942.7,172.9,100.0,0.0,0.0,4,5104,-0.01,0.306,79.8,79.5,76.6,78.0,24.62,24.56,24.1,24.33
157.575,6943.4,173.1,100.0,0.0,0.0,4,5103,-0.029,0.34,79.8,79.5,76.6,78.0,24.62,24.56,24.1,24.32
157.591,6944.2,173.3,100.0,0.0,0.0,4,5110,-0.012,0.335,79.8,79.5,76.6,78.0,24.61,24.56,24.1,24.32
157.607,6945.0,173.5,100.0,0.0,0.0,4,5122,0.024,0.295,79.8,79.5,76.6,78.0,24.61,24.56,24.09,24.32
157.622,6945.7,173.6,100.0,0.0,0.0,4,5125,0.009,0.336,79.8,79.5,76.6,78.0,24.61,24.56,24.09,24.32
157.638,6946.5,173.8,100.0,0.0,0.0,4,5127,-0.017,0.332,79.8,79.5,76.6,78.0,24.61,24.56,24.09,24.32
157.653,6947.2,174.0,100.0,0.0,0.0,4,5128,-0.015,0.341,79.8,79.5,76.6,78.0,24.61,24.56,24.09,24.32
157.669,6948.0,174.2,100.0,0.0,0.0,4,5135,-0.037,0.32,79.8,79.5,76.6,78.0,24.61,24.56,24.09,24.32
157.685,6948.7,174.4,100.0,0.0,0.0,4,5145,0.005,0.321,79.8,79.5,76.6,78.0,24.61,24.56,24.09,24.32
157.701,6949.5,174.5,100.0,0.0,0.0,4,5148,-0.02,0.336,79.8,79.5,76.6,78.0,24.61,24.56,24.09,24.32
157.717,6950.3,174.7,100.0,0.0,0.0,4,5151,-0.03,0.34,79.8,79.5,76.6,78.0,24.61,24.55,24.09,24.32
157.733,6951.1,174.9,100.0,0.0,0.0,4,5155,-0.01,0.32,79.8,79.5,76.6,78.0,24.61,24.55,24.09,24.32
157.749,6951.8,175.1,100.0,0.0,0.0,4,5162,-0.016,0.336,79.8,79.5,76.6,78.0,24.61,24.55,24.09,24.32
157.765,6952.6,175.3,100.0,0.0,0.0,4,5167,-0.028,0.345,79.8,79.5,76.6,78.0,24.61,24.55,24.09,24.32
157.78,6953.4,175.5,100.0,0.0,0.0,4,5175,-0.022,0.31,79.8,79.4,76.6,78.0,24.61,24.55,24.09,24.32
157.795,6954.1,175.6,100.0,0.0,0.0,4,5177,-0.017,0.356,79.8,79.4,76.6,78.0,24.61,24.55,24.09,24.32
157.811,6954.9,175.8,100.0,0.0,0.0,4,5175,-0.024,0.349,79.8,79.4,76.6,78.0,24.6,24.55,24.09,24.32
157.826,6955.6,176.0,100.0,0.0,0.0,4,5184,-0.027,0.32,79.8,79.4,76.6,78.0,24.6,24.55,24.09,24.32
157.841,6956.3,176.1,100.0,0.0,0.0,4,5186,0.006,0.316,79.8,79.4,76.6,78.0,24.6,24.55,24.09,24.32
157.856,6957.1,176.3,100.0,0.0,0.0,4,5198,-0.01,0.28,79.8,79.4,76.6,78.0,24.6,24.55,24.09,24.32
157.872,6957.8,176.5,100.0,0.0,0.0,4,5210,-0.011,0.314,79.8,79.4,76.6,78.0,24.6,24.55,24.09,24.32
157.887,6958.6,176.6,100.0,0.0,0.0,4,5215,-0.039,0.318,79.8,79.4,76.6,78.0,24.6,24.55,24.09,24.32
157.902,6959.4,176.8,100.0,0.0,0.0,4,5215,-0.031,0.348,79.8,79.4,76.6,78.0,24.6,24.55,24.09,24.32
157.919,6960.1,177.0,100.0,0.0,0.0,4,5218,-0.041,0.331,79.8,79.4,76.6,78.0,24.6,24.54,24.09,24.32
157.935,6960.9,177.2,100.0,0.0,0.0,4,5229,-0.029,0.299,79.7,79.4,76.6,78.0,24.6,24.54,24.09,24.32
157.95,6961.7,177.3,100.0,0.0,0.0,4,5234,-0.027,0.303,79.7,79.4,76.6,78.0,24.6,24.54,24.09,24.32
157.966,6962.5,177.5,100.0,0.0,0.0,4,5240,-0.007,0.302,79.7,79.4,76.6,78.0,24.6,24.54,24.09,24.32
157.981,6963.2,177.7,100.0,0.0,0.0,4,5241,-0.016,0.315,79.7,79.4,76.6,78.0,24.6,24.54,24.09,24.32
157.996,6964.0,177.9,100.0,0.0,0.0,4,5234,-0.009,0.341,79.7,79.4,76.6,78.0,24.6,24.54,24.09,24.32
158.012,6964.8,178.1,100.0,0.0,0.0,4,5239,0.013,0.316,79.7,79.4,76.6,78.0,24.6,24.54,24.09,24.32
158.028,6965.5,178.2,100.0,0.0,0.0,4,5243,-0.007,0.332,79.7,79.4,76.6,78.0,24.6,24.54,24.09,24.32
158.044,6966.3,178.4,100.0,0.0,0.0,4,5248,0.004,0.324,79.7,79.4,76.6,78.0,24.6,24.54,24.09,24.31
158.059,6967.1,178.6,100.0,0.0,0.0,4,5252,0.001,0.344,79.7,79.4,76.6,78.0,24.59,24.54,24.09,24.31
158.075,6967.9,178.8,100.0,0.0,0.0,4,5260,-0.05,0.33,79.7,79.4,76.6,78.0,24.59,24.54,24.09,24.31
158.09,6968.6,178.9,100.0,0.0,0.0,4,5274,-0.009,0.295,79.7,79.4,76.5,78.0,24.59,24.54,24.09,24.31
158.106,6969.4,179.1,100.0,0.0,0.0,4,5289,-0.025,0.304,79.7,79.3,76.5,78.0,24.59,24.54,24.09,24.31
158.121,6970.2,179.2,100.0,0.0,0.0,4,5293,-0.001,0.317,79.7,79.3,76.5,78.0,24.59,24.53,24.09,24.31
158.137,6970.9,179.4,100.0,0.0,0.0,4,5294,-0.039,0.33,79.7,79.3,76.5,78.0,24.59,24.53,24.09,24.31
158.152,6971.7,179.6,100.0,0.0,0.0,4,5299,-0.001,0.293,79.7,79.3,76.5,78.0,24.59,24.53,24.09,24.31
158.167,6972.5,179.8,100.0,0.0,0.0,4,5311,0.003,0.275,79.7,79.3,76.5,78.0,24.59,24.53,24.09,24.31
158.183,6973.3,179.9,100.0,0.0,0.0,4,5324,0.027,0.304,79.7,79.3,76.5,77.9,24.59,24.53,24.09,24.31
158.199,6974.1,180.1,100.0,0.0,0.0,4,5330,0.023,0.283,79.7,79.3,76.5,77.9,24.59,24.53,24.09,24.31
158.215,6974.9,180.3,100.0,0.0,0.0,4,5324,0.031,0.358,79.7,79.3,76.5,77.9,24.59,24.53,24.09,24.31
158.231,6975.6,180.5,100.0,0.0,0.0,4,5319,0.008,0.32,79.7,79.3,76.5,77.9,24.59,24.53,24.09,24.31
158.247,6976.4,180.6,100.0,0.0,0.0,4,5323,0.013,0.295,79.7,79.3,76.5,77.9,24.59,24.53,24.08,24.31
158.262,6977.2,180.8,100.0,0.0,0.0,4,5327,0.006,0.31,79.7,79.3,76.5,77.9,24.59,24.53,24.08,24.31
158.277,6978.0,181.0,100.0,0.0,0.0,4,5330,-0.003,0.304,79.7,79.3,76.5,77.9,24.58,24.53,24.08,24.31
158.292,6978.7,181.1,100.0,0.0,0.0,4,5328,-0.028,0.333,79.7,79.3,76.5,77.9,24.58,24.53,24.08,24.31
158.308,6979.5,181.3,100.0,0.0,0.0,4,5331,-0.017,0.295,79.6,79.3,76.5,77.9,24.58,24.53,24.08,24.31
158.324,6980.3,181.5,100.0,0.0,0.0,4,5341,-0.007,0.307,79.6,79.3,76.5,77.9,24.58,24.52,24.08,24.31
158.34,6981.1,181.7,100.0,0.0,0.0,4,5349,0.012,0.314,79.6,79.3,76.5,77.9,24.58,24.52,24.08,24.31
158.354,6981.9,181.8,100.0,0.0,0.0,4,5347,0.015,0.326,79.6,79.3,76.5,77.9,24.58,24.52,24.08,24.31
158.37,6982.7,182.0,100.0,0.0,0.0,4,5352,0.006,0.296,79.6,79.3,76.5,77.9,24.58,24.52,24.08,24.31
158.386,6983.5,182.2,100.0,0.0,0.0,4,5386,0.03,0.259,79.6,79.3,76.5,77.9,24.58,24.52,24.08,24.31
158.401,6984.2,182.3,100.0,0.0,0.0,4,5400,0.032,0.296,79.6,79.3,76.5,77.9,24.58,24.52,24.08,24.31
158.417,6985.0,182.5,100.0,0.0,0.0,4,5405,0.024,0.295,79.6,79.2,76.5,77.9,24.58,24.52,24.08,24.31
158.432,6985.8,182.6,100.0,0.0,0.0,4,5406,0.046,0.282,79.6,79.2,76.5,77.9,24.58,24.52,24.08,24.31
158.448,6986.6,182.8,100.0,0.0,0.0,4,5402,0.0,0.333,79.6,79.2,76.5,77.9,24.58,24.52,24.08,24.31
158.463,6987.4,183.0,100.0,0.0,0.0,4,5392,-0.015,0.3,79.6,79.2,76.5,77.9,24.58,24.52,24.08,24.31
158.479,6988.2,183.1,100.0,0.0,0.0,4,5383,-0.018,0.33,79.6,79.2,76.5,77.9,24.58,24.52,24.08,24.31
158.494,6988.9,183.3,100.0,0.0,0.0,4,5392,-0.022,0.281,79.6,79.2,76.5,77.9,24.58,24.52,24.08,24.3
158.509,6989.7,183.5,100.0,0.0,0.0,4,5397,-0.026,0.316,79.6,79.2,76.5,77.9,24.57,24.52,24.08,24.3
158.525,6990.5,183.7,100.0,0.0,0.0,4,5398,-0.02,0.309,79.6,79.2,76.5,77.9,24.57,24.51,24.08,24.3
158.54,6991.3,183.8,100.0,0.0,0.0,4,5403,0.009,0.288,79.6,79.2,76.5,77.9,24.57,24.51,24.08,24.3
158.555,6992.1,184.0,100.0,0.0,0.0,4,5411,0.015,0.292,79.6,79.2,76.5,77.9,24.57,24.51,24.08,24.3
158.571,6992.9,184.1,100.0,0.0,0.0,4,5427,0.025,0.272,79.6,79.2,76.5,77.9,24.57,24.51,24.08,24.3
158.586,6993.7,184.3,100.0,0.0,0.0,4,5436,0.022,0.287,79.6,79.2,76.5,77.9,24.57,24.51,24.08,24.3
158.602,6994.5,184.5,100.0,0.0,0.0,4,5441,0.021,0.291,79.6,79.2,76.5,77.9,24.57,24.51,24.08,24.3
158.617,6995.3,184.6,100.0,0.0,0.0,4,5442,0.012,0.302,79.6,79.2,76.5,77.9,24.57,24.51,24.08,24.3
158.633,6996.1,184.8,100.0,0.0,0.0,4,5439,0.0,0.334,79.6,79.2,76.5,77.9,24.57,24.51,24.08,24.3
158.648,6996.8,185.0,100.0,0.0,0.0,4,5439,0.01,0.304,79.6,79.2,76.5,77.9,24.57,24.51,24.08,24.3
158.663,6997.6,185.1,100.0,0.0,0.0,4,5441,-0.003,0.291,79.6,79.2,76.5,77.9,24.57,24.51,24.08,24.3
158.68,6998.5,185.3,100.0,0.0,0.0,4,5446,-0.008,0.29,79.5,79.2,76.5,77.9,24.57,24.51,24.08,24.3
158.695,6999.2,185.4,100.0,0.0,0.0,4,5454,0.003,0.293,79.5,79.2,76.5,77.9,24.57,24.51,24.08,24.3
158.71,7000.0,185.6,100.0,0.0,0.0,4,5458,-0.017,0.307,79.5,79.2,76.5,77.9,24.57,24.51,24.08,24.3
158.726,7000.9,185.8,100.0,0.0,0.0,4,5468,-0.007,0.253,79.5,79.2,76.5,77.9,24.57,24.5,24.08,24.3
158.741,7001.6,185.9,100.0,0.0,0.0,4,5479,-0.051,0.276,79.5,79.1,76.5,77.9,24.57,24.5,24.08,24.3
158.757,7002.5,186.1,100.0,0.0,0.0,4,5487,-0.038,0.29,79.5,79.1,76.5,77.9,24.56,24.5,24.08,24.3
158.773,7003.3,186.3,100.0,0.0,0.0,4,5490,-0.027,0.314,79.5,79.1,76.5,77.9,24.56,24.5,24.08,24.3
